SYMBOL,SERIES,OPEN,HIGH,LOW,CLOSE,LAST,PREVCLOSE,TOTTRDQTY,TOTTRDVAL,TIMESTAMP,TOTALTRADES,ISIN,UNNAMED: 13
20MICRONS,EQ,32.45,33.5,31.75,32.95,33.0,32.1,103833,3380233.0,01-DEC-2020,577,INE144J01027,
21STCENMGM,EQ,9.85,9.85,9.55,9.7,9.85,9.7,2954,28520.8,01-DEC-2020,41,INE253B01015,
3IINFOTECH,EQ,3.4,3.55,3.4,3.55,3.55,3.4,4156135,14570850.0,01-DEC-2020,1638,INE748C01020,
3MINDIA,EQ,21877.8,22755.0,21427.85,21945.45,21945.45,21866.9,10241,226081278.5,01-DEC-2020,3893,INE470A01017,
3PLAND,EQ,8.55,8.55,8.55,8.55,8.55,8.15,14085,120426.75,01-DEC-2020,47,INE105C01023,
5PAISA,EQ,332.3,333.9,326.4,330.6,331.2,325.8,4868,1602273.6,01-DEC-2020,277,INE618L01018,
63MOONS,EQ,96.95,96.95,88.0,89.05,89.2,94.95,474925,43146607.4,01-DEC-2020,5138,INE111B01023,
8KMILES,BE,87.0,87.0,84.0,84.35,85.0,86.4,28770,2449249.0,01-DEC-2020,401,INE650K01021,
A2ZINFRA,EQ,4.1,4.25,3.95,4.25,4.25,4.05,579701,2402867.4,01-DEC-2020,443,INE619I01012,
AAKASH,EQ,54.0,54.0,52.55,53.45,53.45,53.3,135729,7260687.65,01-DEC-2020,908,INE087Z01016,
AARON,EQ,58.5,58.5,58.5,58.5,58.5,61.55,7297,426874.5,01-DEC-2020,123,INE721Z01010,
AARTIDRUGS,EQ,715.0,715.0,685.1,705.05,704.95,715.05,396001,279507237.15,01-DEC-2020,17840,INE767A01016,
AARTIIND,EQ,1161.1,1170.0,1144.0,1156.95,1150.0,1155.3,270398,314190275.0,01-DEC-2020,21358,INE769A01020,
AARTISURF,EQ,1099.9,1099.9,1068.5,1099.9,1099.9,1047.55,33915,37245424.3,01-DEC-2020,831,INE09EO01013,
AARVEEDEN,EQ,11.55,11.65,11.1,11.2,11.35,11.55,18543,209178.05,01-DEC-2020,92,INE273D01019,
AARVI,EQ,39.0,40.0,37.3,40.0,40.0,38.9,1663,65729.45,01-DEC-2020,27,INE754X01016,
AAVAS,EQ,1615.0,1648.2,1602.0,1638.4,1638.0,1607.7,242059,396773108.8,01-DEC-2020,14733,INE216P01012,
ABAN,EQ,30.35,30.8,29.15,29.45,29.45,30.25,183727,5439342.2,01-DEC-2020,1291,INE421A01028,
ABB,EQ,1081.15,1145.0,1073.85,1138.05,1125.4,1073.75,280795,313931680.65,01-DEC-2020,21801,INE117A01022,
ABBOTINDIA,EQ,15425.0,15504.95,15350.0,15398.6,15399.95,15399.05,11889,183298917.45,01-DEC-2020,4233,INE358A01014,
ABCAPITAL,EQ,89.6,94.5,88.9,93.6,93.9,88.45,7432377,682772922.5,01-DEC-2020,43640,INE674K01013,
ABFRL,EQ,164.4,165.95,160.55,161.35,162.0,162.65,2984535,488730530.9,01-DEC-2020,34961,INE647O01011,
ABMINTLTD,BE,24.7,24.7,23.5,24.7,24.7,24.7,1089,26694.2,01-DEC-2020,20,INE251C01017,
ABSLBANETF,EQ,288.2,297.0,285.6,296.2,296.2,293.09,897,265124.05,01-DEC-2020,20,INF209KB1O58,
ABSLNN50ET,EQ,298.0,298.0,283.2,296.09,296.1,294.99,324,95765.45,01-DEC-2020,20,INF209KB1B87,
ACC,EQ,1738.0,1785.0,1705.9,1747.9,1750.0,1705.05,3242401,5684827994.1,01-DEC-2020,139972,INE012A01025,
ACCELYA,EQ,871.0,875.0,859.0,871.6,873.5,865.85,3284,2854029.5,01-DEC-2020,620,INE793A01012,
ACE,EQ,115.0,128.45,115.0,126.95,127.5,113.3,2949736,366461056.55,01-DEC-2020,28387,INE731H01025,
ADANIENT,EQ,398.0,423.95,395.1,421.9,422.0,398.4,7846125,3253356352.4,01-DEC-2020,63473,INE423A01024,
ADANIGAS,EQ,358.9,371.8,350.0,360.95,359.8,347.9,8799937,3188076108.65,01-DEC-2020,89863,INE399L01023,
ADANIGREEN,EQ,1133.9,1156.0,1082.35,1134.7,1133.0,1136.4,2599117,2939907570.35,01-DEC-2020,63366,INE364U01010,
ADANIPORTS,EQ,415.0,426.0,412.0,423.8,423.9,411.55,9170159,3854508532.6,01-DEC-2020,100625,INE742F01042,
ADANIPOWER,EQ,38.75,41.8,38.65,41.05,41.1,38.5,27763237,1138992804.65,01-DEC-2020,49682,INE814H01011,
ADANITRANS,EQ,379.85,383.0,372.05,378.95,378.0,376.3,533772,201916220.35,01-DEC-2020,11993,INE931S01010,
ADFFOODS,EQ,461.15,478.5,461.0,476.15,477.0,459.8,118199,55995653.25,01-DEC-2020,2289,INE982B01019,
ADHUNIKIND,EQ,17.2,17.5,17.0,17.25,17.25,17.1,48882,843589.5,01-DEC-2020,312,INE452L01012,
ADL,BE,21.5,21.5,19.6,21.4,21.5,20.5,3906,83264.05,01-DEC-2020,22,INE0CHO01012,
ADORWELD,EQ,264.65,269.0,263.0,266.1,266.0,262.65,29382,7819466.95,01-DEC-2020,1044,INE045A01017,
ADROITINFO,BE,6.05,6.25,6.0,6.2,6.2,6.05,5625,34646.25,01-DEC-2020,27,INE737B01033,
ADSL,EQ,25.8,27.6,25.75,27.6,27.6,25.1,294061,7993558.75,01-DEC-2020,1008,INE102I01027,
ADVANIHOTR,EQ,59.4,59.65,55.1,56.2,56.35,59.9,52352,2959588.35,01-DEC-2020,849,INE199C01026,
ADVENZYMES,EQ,361.5,368.0,352.9,360.35,361.0,352.9,425057,153098610.4,01-DEC-2020,18197,INE837H01020,
AEGISCHEM,EQ,262.0,269.15,245.6,261.55,260.1,255.85,1140682,292289184.8,01-DEC-2020,15704,INE208C01025,
AFFLE,EQ,3570.0,3589.4,3521.05,3589.4,3589.4,3418.5,91844,328829144.9,01-DEC-2020,5255,INE00WC01019,
AGARIND,EQ,87.6,88.5,83.15,86.3,84.3,85.85,18461,1605514.35,01-DEC-2020,276,INE204E01012,
AGCNET,BE,604.0,620.0,604.0,606.6,605.0,603.6,7820,4785011.95,01-DEC-2020,133,INE676A01019,
AGRITECH,EQ,31.55,31.9,30.35,31.35,31.5,30.9,6307,196029.75,01-DEC-2020,127,INE449G01018,
AGROPHOS,EQ,11.9,11.9,10.8,11.9,11.9,11.35,332842,3818520.0,01-DEC-2020,765,INE740V01019,
AHLEAST,EQ,138.0,139.75,134.1,137.7,137.6,136.9,5255,723099.6,01-DEC-2020,138,INE926K01017,
AHLUCONT,EQ,250.0,260.5,245.5,257.5,259.8,246.15,42314,10781248.2,01-DEC-2020,1866,INE758C01029,
AHLWEST,EQ,242.2,249.8,242.15,248.2,249.8,243.8,1296,319422.3,01-DEC-2020,157,INE915K01010,
AIAENG,EQ,1869.0,1913.9,1822.0,1883.8,1888.0,1856.35,23324,43710761.5,01-DEC-2020,4031,INE212H01026,
AIRAN,EQ,16.9,17.1,16.45,16.9,17.1,16.35,117825,1971291.7,01-DEC-2020,641,INE645W01026,
AJANTPHARM,EQ,1545.6,1559.5,1530.0,1534.75,1537.0,1536.1,156043,241120822.6,01-DEC-2020,9547,INE031B01049,
AJMERA,EQ,102.0,108.55,100.7,107.45,107.55,100.65,696436,73689863.1,01-DEC-2020,8947,INE298G01027,
AKASH,EQ,211.25,217.55,211.2,215.25,217.35,209.25,9990,2148700.7,01-DEC-2020,114,INE737W01013,
AKSHARCHEM,EQ,213.15,225.0,210.95,219.3,220.5,211.8,90192,19570580.1,01-DEC-2020,3152,INE542B01011,
AKSHOPTFBR,EQ,6.65,6.95,6.5,6.85,6.8,6.65,317451,2148296.05,01-DEC-2020,576,INE523B01011,
AKZOINDIA,EQ,2190.0,2192.35,2121.0,2130.9,2137.0,2153.0,11607,25082721.7,01-DEC-2020,2539,INE133A01011,
ALANKIT,EQ,15.9,16.05,15.5,15.75,15.8,15.85,631185,10053361.85,01-DEC-2020,466,INE914E01040,
ALBERTDAVD,EQ,465.0,475.0,462.55,466.75,468.0,461.2,31781,14881494.85,01-DEC-2020,1561,INE155C01010,
ALCHEM,EQ,4.9,5.15,4.9,5.05,5.0,5.15,51198,257894.05,01-DEC-2020,253,INE964B01033,
ALEMBICLTD,EQ,106.0,107.7,104.4,105.3,105.0,106.15,599721,63416381.8,01-DEC-2020,6584,INE426A01027,
ALICON,EQ,322.25,347.05,322.0,337.45,335.85,321.35,7513,2501393.5,01-DEC-2020,534,INE062D01024,
ALKALI,EQ,48.15,49.8,47.75,48.4,48.0,48.0,25311,1234193.0,01-DEC-2020,610,INE773I01017,
ALKEM,EQ,2845.0,2867.0,2777.45,2789.05,2790.0,2841.65,98367,277631391.9,01-DEC-2020,12229,INE540L01014,
ALKYLAMINE,EQ,4017.0,4050.0,3910.05,3967.1,3990.0,4015.0,50004,198361184.55,01-DEC-2020,11588,INE150B01021,
ALLCARGO,EQ,127.55,127.9,124.5,125.65,125.65,126.35,316899,39876909.15,01-DEC-2020,2788,INE418H01029,
ALLSEC,EQ,247.6,258.05,246.05,251.05,250.5,245.5,8447,2133563.85,01-DEC-2020,226,INE835G01018,
ALMONDZ,EQ,16.0,16.65,15.65,16.25,16.3,16.0,7675,124147.25,01-DEC-2020,77,INE326B01027,
ALOKINDS,EQ,21.95,22.2,21.5,21.65,21.65,21.95,9667767,210408371.5,01-DEC-2020,12843,INE270A01029,
ALPA,BE,36.8,36.8,34.4,35.3,35.4,35.55,57645,2032687.1,01-DEC-2020,316,INE385I01010,
ALPHAGEO,EQ,218.6,223.0,212.0,219.25,218.2,219.4,89249,19387888.35,01-DEC-2020,2821,INE137C01018,
ALPSINDUS,EQ,0.95,0.95,0.95,0.95,0.95,0.95,20855,19812.25,01-DEC-2020,15,INE093B01015,
AMARAJABAT,EQ,946.8,946.8,915.0,922.15,921.2,946.8,989384,914966145.15,01-DEC-2020,29396,INE885A01032,
AMBER,EQ,2411.6,2524.95,2402.0,2439.1,2427.0,2399.6,253296,621330221.55,01-DEC-2020,28332,INE371P01015,
AMBIKCO,EQ,721.5,728.5,718.0,721.75,718.0,721.5,28896,20948835.6,01-DEC-2020,861,INE540G01014,
AMBUJACEM,EQ,262.2,269.55,260.9,262.0,261.5,261.05,6262243,1652429545.7,01-DEC-2020,48226,INE079A01024,
AMDIND,EQ,15.8,15.8,15.2,15.35,15.35,15.4,15193,234320.95,01-DEC-2020,73,INE005I01014,
AMJLAND,EQ,21.4,22.25,21.2,22.05,22.0,21.65,12141,265493.5,01-DEC-2020,169,INE606A01024,
AMRUTANJAN,EQ,507.8,509.0,496.0,497.85,497.9,504.7,68877,34498938.2,01-DEC-2020,2867,INE098F01031,
ANANTRAJ,EQ,27.1,27.1,25.9,26.4,26.45,26.4,438701,11581426.95,01-DEC-2020,1967,INE242C01024,
ANDHRACEMT,EQ,4.85,5.1,4.85,5.05,5.05,4.85,697619,3495257.6,01-DEC-2020,903,INE666E01012,
ANDHRAPAP,EQ,198.0,205.95,198.0,203.0,203.0,197.5,57048,11595536.05,01-DEC-2020,1275,INE435A01028,
ANDHRSUGAR,EQ,295.0,298.95,291.55,296.3,296.0,294.3,32821,9706540.85,01-DEC-2020,1443,INE715B01013,
ANGELBRKG,EQ,353.1,356.9,350.25,350.55,350.95,357.8,153972,54201211.55,01-DEC-2020,3224,INE732I01013,
ANIKINDS,EQ,11.7,12.75,11.1,12.55,12.75,11.7,44001,527972.25,01-DEC-2020,319,INE087B01017,
ANKITMETAL,EQ,1.05,1.05,0.95,0.95,1.0,1.0,61679,61492.25,01-DEC-2020,56,INE106I01010,
ANSALAPI,EQ,4.5,4.65,4.4,4.65,4.65,4.45,277921,1276466.7,01-DEC-2020,354,INE436A01026,
ANSALHSG,EQ,4.3,4.3,4.2,4.3,4.3,4.1,21112,90776.5,01-DEC-2020,45,INE880B01015,
ANUP,EQ,629.0,650.0,596.0,621.55,624.9,622.9,45782,28534436.35,01-DEC-2020,2943,INE294Z01018,
APARINDS,EQ,352.0,356.25,350.6,354.9,355.55,349.0,34986,12402198.05,01-DEC-2020,2699,INE372A01015,
APCL,EQ,214.0,222.0,214.0,219.3,220.0,214.05,54706,12031058.65,01-DEC-2020,2174,INE071F01012,
APCOTEXIND,EQ,174.3,175.6,170.0,171.2,171.55,172.35,62057,10726316.2,01-DEC-2020,1559,INE116A01032,
APEX,EQ,291.0,303.0,291.0,296.4,295.65,290.15,215657,64188103.15,01-DEC-2020,4941,INE346W01013,
APLAPOLLO,EQ,3469.0,3498.0,3386.0,3446.85,3465.9,3378.9,58713,202697511.15,01-DEC-2020,7875,INE702C01019,
APLLTD,EQ,998.0,998.0,971.1,983.75,984.6,998.1,232479,227941100.0,01-DEC-2020,12372,INE901L01018,
APOLLO,EQ,118.0,118.9,115.95,117.05,116.6,117.7,65753,7718795.15,01-DEC-2020,1533,INE713T01010,
APOLLOHOSP,EQ,2384.0,2508.85,2349.05,2463.0,2508.2,2347.9,2001392,4813594291.0,01-DEC-2020,94736,INE437A01024,
APOLLOPIPE,EQ,664.8,701.0,655.0,692.7,690.0,656.55,68928,47555602.95,01-DEC-2020,3108,INE126J01016,
APOLLOTYRE,EQ,184.5,188.0,182.8,187.0,186.5,184.45,6264103,1160764159.85,01-DEC-2020,39915,INE438A01022,
APOLSINHOT,EQ,600.0,614.0,590.15,604.3,606.75,602.6,2243,1355848.7,01-DEC-2020,159,INE451F01024,
APTECHT,EQ,122.05,125.35,121.65,123.1,123.25,121.45,165561,20408752.25,01-DEC-2020,2417,INE266F01018,
ARCHIDPLY,EQ,28.6,28.6,27.1,27.3,27.15,27.6,42613,1177585.25,01-DEC-2020,416,INE877I01016,
ARCHIES,EQ,14.6,15.0,14.1,14.9,15.0,14.3,178224,2650461.55,01-DEC-2020,496,INE731A01020,
ARCOTECH,EQ,1.9,2.0,1.9,1.95,1.95,1.95,82872,163009.2,01-DEC-2020,230,INE574I01035,
ARENTERP,EQ,10.75,11.5,9.8,10.75,11.45,10.5,9526,102588.8,01-DEC-2020,39,INE610C01014,
ARIES,EQ,87.0,92.85,86.65,92.15,92.25,86.2,421271,38046796.5,01-DEC-2020,3407,INE298I01015,
ARIHANT,EQ,16.75,16.75,16.0,16.6,16.65,16.0,4881,80366.65,01-DEC-2020,40,INE413D01011,
ARIHANTSUP,EQ,25.85,25.9,25.55,25.7,25.9,24.7,21020,541447.65,01-DEC-2020,1650,INE643K01018,
ARMANFIN,EQ,654.95,654.95,628.0,649.1,653.85,632.1,7336,4724628.65,01-DEC-2020,534,INE109C01017,
AROGRANITE,EQ,37.95,39.7,37.1,37.4,37.15,37.95,20827,788840.4,01-DEC-2020,279,INE210C01013,
ARROWGREEN,EQ,47.7,48.8,45.75,48.55,48.8,46.5,30866,1489645.35,01-DEC-2020,349,INE570D01018,
ARSHIYA,EQ,16.0,16.0,14.7,15.65,15.7,15.25,91559,1451319.15,01-DEC-2020,972,INE968D01022,
ARSSINFRA,EQ,17.85,17.85,17.85,17.85,17.85,17.0,8109,144745.65,01-DEC-2020,26,INE267I01010,
ARTEMISMED,EQ,166.55,193.9,165.1,175.85,176.0,163.25,11234,1968322.9,01-DEC-2020,215,INE025R01013,
ARVIND,EQ,40.95,40.95,39.9,40.2,40.1,40.55,1001404,40424691.5,01-DEC-2020,3703,INE034A01011,
ARVINDFASN,EQ,133.2,135.2,131.55,134.05,134.35,131.35,603426,80669453.15,01-DEC-2020,5730,INE955V01021,
ARVSMART,EQ,92.9,95.9,90.3,93.95,93.35,92.2,383115,36223990.4,01-DEC-2020,4021,INE034S01021,
ASAHIINDIA,EQ,256.8,266.3,245.65,256.7,257.45,254.8,65200,16849089.5,01-DEC-2020,2976,INE439A01020,
ASAHISONG,EQ,217.3,219.5,213.15,217.5,217.4,217.3,23803,5181638.6,01-DEC-2020,497,INE228I01012,
ASAL,EQ,24.6,26.2,24.6,26.2,26.2,25.45,12497,326470.85,01-DEC-2020,81,INE900C01027,
ASALCBR,EQ,281.3,285.3,279.45,280.8,281.0,282.2,32355,9121391.8,01-DEC-2020,1587,INE073G01016,
ASHAPURMIN,EQ,80.7,81.85,78.15,81.3,80.75,78.5,222178,17835571.65,01-DEC-2020,1544,INE348A01023,
ASHIANA,EQ,94.0,95.65,91.0,91.55,92.6,92.15,74092,6877667.05,01-DEC-2020,1098,INE365D01021,
ASHIMASYN,EQ,11.5,11.6,11.45,11.6,11.6,11.05,140564,1629744.85,01-DEC-2020,180,INE440A01010,
ASHOKA,EQ,78.4,80.0,77.8,79.35,79.5,77.6,3749190,295021616.7,01-DEC-2020,19032,INE442H01029,
ASHOKLEY,EQ,93.15,93.85,91.35,92.65,92.45,92.15,27452587,2542356130.0,01-DEC-2020,86240,INE208A01029,
ASIANHOTNR,EQ,56.0,58.4,54.25,56.65,56.15,54.0,13175,743731.15,01-DEC-2020,333,INE363A01022,
ASIANPAINT,EQ,2275.0,2275.0,2206.2,2230.05,2226.0,2215.3,2235498,4987977027.9,01-DEC-2020,76577,INE021A01026,
ASIANTILES,EQ,305.9,305.9,292.0,294.7,293.8,302.95,76624,22892541.5,01-DEC-2020,3665,INE022I01019,
ASPINWALL,EQ,123.8,129.0,120.1,125.15,126.9,123.75,550,68684.6,01-DEC-2020,53,INE991I01015,
ASTEC,EQ,947.0,989.8,943.1,981.85,984.5,949.1,175841,170850790.35,01-DEC-2020,8008,INE563J01010,
ASTERDM,EQ,170.0,174.0,168.8,172.25,173.0,167.45,320378,55077073.25,01-DEC-2020,7859,INE914M01019,
ASTRAL,EQ,1469.45,1476.75,1416.0,1427.95,1423.4,1469.45,167859,242465548.5,01-DEC-2020,16769,INE006I01046,
ASTRAMICRO,EQ,114.0,115.9,112.0,113.9,113.7,112.2,556846,63506178.0,01-DEC-2020,5341,INE386C01029,
ASTRAZEN,EQ,4550.0,4578.0,4505.2,4528.45,4523.0,4538.9,37577,170645742.55,01-DEC-2020,6344,INE203A01020,
ASTRON,EQ,43.8,45.4,43.8,45.05,45.3,44.85,9325,419727.75,01-DEC-2020,151,INE646X01014,
ATFL,EQ,725.9,794.0,725.5,771.6,778.15,722.25,46181,35122079.7,01-DEC-2020,2387,INE209A01019,
ATLANTA,EQ,8.05,8.05,7.7,8.05,8.05,7.35,61707,496094.9,01-DEC-2020,117,INE285H01022,
ATNINTER,BE,0.2,0.2,0.2,0.2,0.2,0.2,4000,800.0,01-DEC-2020,4,INE803A01027,
ATUL,EQ,6345.0,6345.0,6175.0,6202.55,6207.85,6310.35,20540,128214207.05,01-DEC-2020,5989,INE100A01010,
ATULAUTO,EQ,170.6,177.9,170.6,173.4,173.3,170.5,297215,51726822.0,01-DEC-2020,5983,INE951D01028,
AUBANK,EQ,849.5,875.0,840.0,872.9,874.85,839.05,610117,528613101.15,01-DEC-2020,27763,INE949L01017,
AURIONPRO,EQ,75.0,75.75,71.9,72.45,72.05,73.85,28977,2104276.0,01-DEC-2020,428,INE132H01018,
AUROPHARMA,EQ,876.25,899.1,869.2,897.15,896.75,868.55,3353447,2982166962.45,01-DEC-2020,84502,INE406A01037,
AUSOMENT,EQ,56.95,56.95,52.55,52.95,52.75,55.3,18779,1004345.75,01-DEC-2020,300,INE218C01016,
AUTOAXLES,EQ,954.0,962.7,930.2,932.6,934.05,953.85,10999,10329622.35,01-DEC-2020,1466,INE449A01011,
AUTOIND,EQ,30.25,30.3,29.0,29.8,30.0,29.65,23814,704422.6,01-DEC-2020,317,INE718H01014,
AUTOLITIND,EQ,21.0,21.0,19.2,20.25,20.0,21.0,22171,441682.0,01-DEC-2020,198,INE448A01013,
AVADHSUGAR,EQ,199.6,208.0,195.0,205.55,205.35,199.6,152713,31054831.4,01-DEC-2020,3933,INE349W01017,
AVANTIFEED,EQ,528.0,539.8,525.0,536.3,536.5,521.6,737787,394407921.65,01-DEC-2020,22632,INE871C01038,
AVTNPL,EQ,46.6,47.4,45.75,46.15,46.0,46.5,156915,7293292.0,01-DEC-2020,735,INE488D01021,
AXISBANK,EQ,611.0,615.0,596.2,603.65,603.85,601.6,21285697,12822756534.9,01-DEC-2020,207151,INE238A01034,
AXISBNKETF,EQ,287.6,298.29,287.6,298.29,298.29,294.69,1673,494784.78,01-DEC-2020,50,INF846K01X63,
AXISCADES,EQ,51.0,51.9,48.55,49.5,49.9,50.25,90706,4534030.95,01-DEC-2020,844,INE555B01013,
AXISGOLD,EQ,42.49,42.67,41.51,42.19,42.3,42.56,104339,4404836.56,01-DEC-2020,2124,INF846K01W80,
AXISNIFTY,EQ,134.25,135.0,132.79,134.65,135.0,134.24,4189,562161.68,01-DEC-2020,167,INF846K01W98,
AYMSYNTEX,EQ,45.1,48.0,43.05,44.45,43.6,44.4,86250,3954922.65,01-DEC-2020,644,INE193B01039,
BAFNAPH,BE,127.25,127.25,127.25,127.25,127.25,133.9,4796,610291.0,01-DEC-2020,99,INE878I01022,
BAGFILMS,EQ,2.4,2.6,2.4,2.55,2.6,2.5,52212,131760.9,01-DEC-2020,77,INE116D01028,
BAJAJ-AUTO,EQ,3175.1,3248.95,3161.0,3243.65,3242.0,3173.55,1400851,4501554577.3,01-DEC-2020,73123,INE917I01010,
BAJAJCON,EQ,205.7,209.7,202.65,207.3,206.0,204.2,1492240,308976353.95,01-DEC-2020,32255,INE933K01021,
BAJAJELEC,EQ,575.0,595.0,572.8,590.7,591.1,572.55,300345,177052296.8,01-DEC-2020,12481,INE193E01025,
BAJAJFINSV,EQ,8800.0,8828.85,8712.65,8746.55,8728.0,8758.8,694283,6085873372.05,01-DEC-2020,56244,INE918I01018,
BAJAJHIND,EQ,5.7,5.75,5.5,5.65,5.65,5.6,2761116,15502375.1,01-DEC-2020,2095,INE306A01021,
BAJAJHLDNG,EQ,3115.5,3115.5,3060.0,3094.3,3085.1,3063.75,79083,243949128.6,01-DEC-2020,9710,INE118A01012,
BAJFINANCE,EQ,4951.2,4952.4,4825.25,4861.1,4854.0,4908.8,4017427,19618340024.45,01-DEC-2020,196912,INE296A01024,
BALAJITELE,EQ,60.85,64.8,60.05,62.8,62.65,59.75,485685,30290301.65,01-DEC-2020,2848,INE794B01026,
BALAMINES,EQ,1009.4,1032.0,1001.0,1005.85,1004.9,1001.95,126165,128372214.4,01-DEC-2020,7691,INE050E01027,
BALAXI,EQ,638.25,642.45,620.05,630.65,629.95,638.25,2090,1314329.75,01-DEC-2020,284,INE618N01014,
BALKRISHNA,EQ,17.35,18.2,17.0,18.2,18.2,17.35,34933,630594.45,01-DEC-2020,204,INE875R01011,
BALKRISIND,EQ,1720.0,1720.0,1637.0,1654.75,1650.0,1659.4,1472529,2455926675.75,01-DEC-2020,77272,INE787D01026,
BALMLAWRIE,EQ,108.7,109.4,106.0,108.3,108.1,109.05,399082,43062747.4,01-DEC-2020,5291,INE164A01016,
BALPHARMA,BE,54.35,56.85,54.35,55.8,56.0,55.75,29083,1624573.1,01-DEC-2020,225,INE083D01012,
BALRAMCHIN,EQ,167.4,174.65,165.75,174.15,174.5,164.6,3382134,578992661.45,01-DEC-2020,33471,INE119A01028,
BANARBEADS,EQ,53.0,53.85,52.0,52.55,52.5,52.95,12786,673737.1,01-DEC-2020,161,INE655B01011,
BANARISUG,EQ,1350.0,1395.0,1331.0,1380.2,1395.0,1346.05,936,1279646.65,01-DEC-2020,207,INE459A01010,
BANCOINDIA,EQ,129.95,132.25,127.5,130.2,130.4,128.7,265770,34613925.4,01-DEC-2020,4955,INE213C01025,
BANDHANBNK,EQ,371.0,381.75,367.0,377.2,377.35,367.0,9755182,3672748014.7,01-DEC-2020,105601,INE545U01014,
BANG,EQ,20.4,20.7,19.3,20.3,20.4,20.0,2550,51440.65,01-DEC-2020,80,INE863I01016,
BANKA,EQ,42.1,42.25,41.0,41.9,41.65,41.0,8937,376427.15,01-DEC-2020,71,INE862Y01015,
BANKBARODA,EQ,51.55,54.2,51.15,53.75,53.7,51.35,58316841,3098924342.25,01-DEC-2020,90707,INE028A01039,
BANKBEES,EQ,299.7,300.38,293.0,299.43,299.0,297.06,888026,265161257.6,01-DEC-2020,6595,INF204KB15I9,
BANKINDIA,EQ,45.45,47.2,45.1,46.6,46.6,45.05,5725794,264307403.5,01-DEC-2020,14719,INE084A01016,
BANSWRAS,EQ,82.95,85.75,78.1,84.75,84.0,81.7,62344,5082970.65,01-DEC-2020,539,INE629D01012,
BASF,EQ,1656.15,1695.0,1626.0,1668.5,1658.0,1656.15,40539,67392134.2,01-DEC-2020,4684,INE373A01013,
BASML,EQ,92.0,95.0,87.5,92.6,92.9,88.8,113784,10627582.85,01-DEC-2020,1693,INE186H01014,
BATAINDIA,EQ,1578.95,1578.95,1532.05,1544.2,1545.0,1572.9,899562,1389644005.1,01-DEC-2020,31265,INE176A01028,
BAYERCROP,EQ,5084.0,5094.0,5010.1,5029.45,5039.9,5046.8,47185,238254549.25,01-DEC-2020,10478,INE462A01022,
BBL,EQ,871.0,909.0,871.0,890.25,890.2,870.4,49309,44188048.35,01-DEC-2020,3409,INE464A01028,
BBTC,EQ,1328.6,1328.6,1298.0,1302.55,1300.0,1319.75,45376,59318665.2,01-DEC-2020,4385,INE050A01025,
BCG,EQ,5.0,5.1,4.85,4.9,4.95,4.9,4682060,23264726.9,01-DEC-2020,6405,INE425B01027,
BCP,EQ,4.9,4.9,4.6,4.8,4.8,4.85,52626,254618.15,01-DEC-2020,198,INE905P01028,
BDL,EQ,329.2,329.45,323.0,325.4,324.45,327.7,209495,68300611.5,01-DEC-2020,6521,INE171Z01018,
BEARDSELL,EQ,8.05,8.5,8.0,8.2,8.2,8.25,2866,23957.9,01-DEC-2020,31,INE520H01022,
BEDMUTHA,EQ,20.35,21.35,20.35,21.35,21.35,20.35,16883,356202.5,01-DEC-2020,78,INE844K01012,
BEL,EQ,111.1,112.8,110.3,111.8,111.3,111.1,10783871,1204396832.4,01-DEC-2020,37560,INE263A01024,
BEML,EQ,724.1,744.0,721.5,727.55,725.5,724.1,910065,667909333.1,01-DEC-2020,27889,INE258A01016,
BEPL,EQ,121.0,125.0,120.2,122.3,122.6,120.0,538358,66103370.6,01-DEC-2020,4891,INE922A01025,
BERGEPAINT,EQ,648.7,657.85,647.1,655.5,655.65,647.75,1111928,726781452.1,01-DEC-2020,23127,INE463A01038,
BFINVEST,EQ,276.0,301.0,275.05,288.2,290.5,274.75,222241,65183011.05,01-DEC-2020,6263,INE878K01010,
BFUTILITIE,EQ,258.7,280.45,256.15,269.9,270.3,256.9,1507190,409529975.1,01-DEC-2020,22942,INE243D01012,
BGRENERGY,EQ,37.8,41.25,37.55,41.25,41.25,37.5,693840,28228228.7,01-DEC-2020,2485,INE661I01014,
BHAGERIA,EQ,139.5,145.0,136.2,138.85,139.1,136.7,44895,6265879.1,01-DEC-2020,1202,INE354C01027,
BHAGYANGR,EQ,18.1,19.65,18.1,19.5,19.45,19.0,10098,190391.5,01-DEC-2020,69,INE458B01036,
BHAGYAPROP,EQ,20.5,22.95,20.5,22.6,22.85,22.95,4509,96572.4,01-DEC-2020,31,INE363W01018,
BHANDARI,EQ,1.25,1.25,1.2,1.25,1.2,1.2,145562,179876.45,01-DEC-2020,346,INE474E01029,
BHARATFORG,EQ,513.5,513.8,499.3,509.0,508.75,508.35,1690088,855771744.65,01-DEC-2020,33917,INE465A01025,
BHARATGEAR,EQ,52.0,55.9,51.1,54.4,54.6,51.9,78178,4237093.45,01-DEC-2020,710,INE561C01019,
BHARATRAS,EQ,9500.05,9589.35,9327.4,9408.5,9450.2,9548.0,3885,36501765.55,01-DEC-2020,1377,INE838B01013,
BHARATWIRE,EQ,27.2,28.3,26.25,27.7,27.55,27.1,21878,604204.7,01-DEC-2020,241,INE316L01019,
BHARTIARTL,EQ,467.75,482.5,460.5,479.45,479.2,463.25,18193356,8627059181.6,01-DEC-2020,199549,INE397D01024,
BHEL,EQ,33.3,34.4,32.85,34.05,34.4,32.85,49680395,1665111448.45,01-DEC-2020,61588,INE257A01026,
BIGBLOC,BE,90.0,94.35,88.0,94.3,94.0,89.9,14746,1322086.6,01-DEC-2020,68,INE412U01017,
BIL,EQ,140.95,144.0,140.95,143.35,143.5,142.2,1763,251131.05,01-DEC-2020,86,INE828A01016,
BINDALAGRO,EQ,13.1,13.8,12.75,13.4,13.3,13.1,56661,759052.9,01-DEC-2020,330,INE143A01010,
BIOCON,EQ,436.95,438.35,429.55,433.3,434.0,429.35,3028740,1315206041.15,01-DEC-2020,55615,INE376G01013,
BIOFILCHEM,BE,229.65,229.65,207.85,229.65,229.65,218.75,265807,59992084.8,01-DEC-2020,4541,INE829A01014,
BIRLACABLE,EQ,54.4,58.0,52.5,56.85,55.85,53.4,191151,10729294.25,01-DEC-2020,1637,INE800A01015,
BIRLACORPN,EQ,714.7,738.9,711.05,734.5,736.5,708.85,318598,231966308.85,01-DEC-2020,11227,INE340A01012,
BIRLAMONEY,EQ,43.9,45.0,43.5,43.85,44.0,43.7,222985,9823533.9,01-DEC-2020,1807,INE865C01022,
BIRLATYRE,EQ,21.8,22.0,21.3,21.5,21.4,21.3,268506,5786295.25,01-DEC-2020,1688,INE0AEJ01013,
BKMINDST,EQ,0.95,0.95,0.95,0.95,0.95,1.0,10612,10081.4,01-DEC-2020,17,INE831Q01016,
BLBLIMITED,EQ,4.8,4.9,4.75,4.85,4.9,4.7,1519,7352.35,01-DEC-2020,14,INE791A01024,
BLISSGVS,EQ,174.0,178.75,169.0,169.8,170.0,170.7,1153947,200674152.25,01-DEC-2020,7484,INE416D01022,
BLKASHYAP,EQ,7.85,8.05,7.75,8.05,8.05,7.7,129245,1034923.3,01-DEC-2020,218,INE350H01032,
BLS,EQ,81.75,84.3,81.5,84.3,84.3,80.3,130542,10968973.75,01-DEC-2020,1231,INE153T01027,
BLUECOAST,BE,5.5,5.5,5.45,5.45,5.45,5.5,62,337.95,01-DEC-2020,4,INE472B01011,
BLUEDART,EQ,3913.4,3979.95,3900.0,3930.35,3930.0,3995.35,39589,156084518.55,01-DEC-2020,5589,INE233B01017,
BLUESTARCO,EQ,812.25,815.95,779.0,783.15,784.0,811.85,152491,120042000.05,01-DEC-2020,6857,INE472A01039,
BODALCHEM,EQ,71.75,74.75,70.65,72.25,72.75,71.65,1830400,133538046.95,01-DEC-2020,9042,INE338D01028,
BOMDYEING,EQ,71.1,72.25,70.55,71.2,71.05,71.0,1678788,119814369.45,01-DEC-2020,8206,INE032A01023,
BOROLTD,EQ,159.3,166.3,158.0,166.3,166.3,158.4,89998,14792590.2,01-DEC-2020,1070,INE02PY01013,
BORORENEW,EQ,127.0,136.4,127.0,133.85,134.6,125.7,933738,123819502.35,01-DEC-2020,12282,INE666D01022,
BOSCHLTD,EQ,12849.5,13321.95,12650.0,13255.95,13220.05,12816.1,186863,2433950415.15,01-DEC-2020,35910,INE323A01026,
BPCL,EQ,374.9,381.45,371.0,379.3,379.5,373.0,4903586,1851812586.2,01-DEC-2020,61608,INE029A01011,
BPL,EQ,23.7,25.7,22.9,25.7,25.7,23.4,929343,23158947.2,01-DEC-2020,2856,INE110A01019,
BRFL,EQ,10.3,10.3,10.3,10.3,10.3,10.8,58859,606247.7,01-DEC-2020,148,INE589G01011,
BRIGADE,EQ,217.5,221.95,217.4,220.1,220.0,218.7,118260,26052122.9,01-DEC-2020,4430,INE791I01019,
BRITANNIA,EQ,3702.5,3702.5,3595.55,3629.35,3629.9,3637.95,1042234,3790086599.5,01-DEC-2020,68592,INE216A01030,
BRNL,EQ,30.0,30.6,29.85,30.2,30.25,30.15,54935,1661074.1,01-DEC-2020,577,INE727S01012,
BROOKS,EQ,68.0,68.35,66.1,68.35,68.35,65.1,63341,4291042.6,01-DEC-2020,660,INE650L01011,
BSE,EQ,554.0,562.0,544.55,548.45,549.0,553.4,254148,140014192.05,01-DEC-2020,9580,INE118H01025,
BSELINFRA,EQ,1.0,1.05,0.95,1.0,1.0,1.0,369359,365192.45,01-DEC-2020,148,INE395A01016,
BSHSL,EQ,91.85,91.85,83.25,90.25,90.0,91.85,831,71570.4,01-DEC-2020,32,INE032Z01012,
BSL,BE,30.5,31.65,29.1,30.8,30.25,30.2,16854,520292.55,01-DEC-2020,132,INE594B01012,
BSLGOLDETF,EQ,4489.0,4489.0,4415.0,4440.0,4440.0,4499.9,362,1607140.25,01-DEC-2020,129,INF209K01HT2,
BSLNIFTY,EQ,143.21,144.48,143.21,144.4,144.4,143.21,199,28669.13,01-DEC-2020,10,INF209K01IR4,
BSOFT,EQ,198.5,199.95,193.0,193.25,193.9,197.6,711634,138737386.85,01-DEC-2020,16023,INE836A01035,
BURNPUR,EQ,1.65,1.65,1.6,1.65,1.65,1.6,73214,120760.1,01-DEC-2020,101,INE817H01014,
BUTTERFLY,EQ,420.0,420.0,402.0,407.85,411.0,415.95,24440,9977498.5,01-DEC-2020,761,INE295F01017,
BVCL,BE,13.8,15.15,13.8,15.15,15.15,14.5,4443,65081.55,01-DEC-2020,45,INE139I01011,
BYKE,EQ,14.15,14.8,13.5,14.4,14.3,14.15,110787,1586601.35,01-DEC-2020,288,INE319B01014,
CADILAHC,EQ,459.1,459.4,442.3,453.65,454.0,450.1,6867503,3096323370.2,01-DEC-2020,74093,INE010B01027,
CALSOFT,EQ,9.45,9.6,9.2,9.4,9.35,9.15,65171,618786.2,01-DEC-2020,117,INE526B01014,
CAMLINFINE,EQ,113.0,120.3,112.5,113.85,113.6,115.4,808372,94225312.5,01-DEC-2020,10695,INE052I01032,
CAMS,EQ,1444.0,1471.0,1436.7,1450.35,1454.95,1445.15,110134,160130436.15,01-DEC-2020,13387,INE596I01012,
CANBK,EQ,104.95,110.55,103.85,109.9,109.8,103.8,26157407,2833675567.45,01-DEC-2020,81604,INE476A01014,
CANFINHOME,EQ,485.0,495.0,478.45,489.15,490.0,481.95,604921,296211131.1,01-DEC-2020,29406,INE477A01020,
CANTABIL,EQ,340.75,395.0,340.75,362.8,365.8,340.75,161670,61063324.05,01-DEC-2020,4623,INE068L01016,
CAPACITE,EQ,186.9,204.45,186.5,193.35,193.0,183.2,971695,191099497.1,01-DEC-2020,18460,INE264T01014,
CAPLIPOINT,EQ,493.0,494.7,483.9,484.7,486.35,489.65,106707,51933464.95,01-DEC-2020,4590,INE475E01026,
CAPTRUST,EQ,67.15,70.5,67.05,69.35,69.6,67.9,6368,437076.9,01-DEC-2020,237,INE707C01018,
CARBORUNIV,EQ,347.2,390.0,332.8,385.8,383.0,346.95,1731906,647568919.3,01-DEC-2020,46742,INE120A01034,
CAREERP,EQ,163.0,172.35,162.45,171.15,170.0,164.5,148804,25188964.9,01-DEC-2020,1974,INE521J01018,
CARERATING,EQ,506.8,579.7,505.95,560.3,559.5,501.8,1506033,834168153.45,01-DEC-2020,40840,INE752H01013,
CASTEXTECH,BE,0.45,0.45,0.4,0.45,0.45,0.45,22199,9556.05,01-DEC-2020,26,INE068D01021,
CASTROLIND,EQ,127.95,130.0,126.55,128.55,128.75,125.4,1261386,162458399.8,01-DEC-2020,14461,INE172A01027,
CCCL,BE,0.25,0.35,0.25,0.35,0.35,0.3,27091,8662.75,01-DEC-2020,14,INE429I01024,
CCHHL,EQ,3.55,3.6,3.35,3.55,3.4,3.45,178146,627698.25,01-DEC-2020,160,INE652F01027,
CCL,EQ,267.0,268.0,262.0,266.15,266.0,266.25,107672,28587150.25,01-DEC-2020,4966,INE421D01022,
CDSL,EQ,493.5,499.95,487.2,494.3,493.9,489.7,878829,434418490.35,01-DEC-2020,21078,INE736A01011,
CEATLTD,EQ,1160.0,1208.0,1155.1,1170.3,1170.0,1148.35,501097,593329761.25,01-DEC-2020,22468,INE482A01020,
CEBBCO,EQ,14.7,15.45,14.4,15.15,15.4,14.7,55775,831903.7,01-DEC-2020,272,INE209L01016,
CELEBRITY,EQ,4.8,4.85,4.65,4.75,4.7,4.75,45310,213649.85,01-DEC-2020,111,INE185H01016,
CENTENKA,EQ,197.0,202.6,197.0,200.55,200.9,197.15,84573,16958745.05,01-DEC-2020,1707,INE485A01015,
CENTEXT,EQ,3.95,3.95,3.7,3.85,3.85,3.8,74880,286924.7,01-DEC-2020,236,INE281A01026,
CENTRALBK,EQ,12.8,13.15,12.65,13.0,13.05,12.7,8503372,109762850.85,01-DEC-2020,6629,INE483A01010,
CENTRUM,EQ,18.5,18.6,17.3,18.0,17.95,18.15,1493845,26890958.95,01-DEC-2020,3490,INE660C01027,
CENTUM,EQ,314.05,329.25,311.0,322.65,322.0,312.3,12968,4141151.55,01-DEC-2020,1020,INE320B01020,
CENTURYPLY,EQ,200.25,212.2,200.0,208.95,209.8,200.25,486933,100826235.25,01-DEC-2020,6272,INE348B01021,
CENTURYTEX,EQ,353.5,357.5,348.25,354.8,354.5,351.85,595719,211145686.7,01-DEC-2020,8634,INE055A01016,
CERA,EQ,3124.5,3324.0,3050.0,3304.5,3309.0,3124.5,21470,69899746.45,01-DEC-2020,4856,INE739E01017,
CEREBRAINT,EQ,27.7,28.65,27.5,28.0,28.1,27.65,151912,4262277.0,01-DEC-2020,475,INE345B01019,
CESC,EQ,586.5,594.4,578.1,592.1,594.0,581.4,457758,269566810.05,01-DEC-2020,9410,INE486A01013,
CESCVENT,EQ,257.0,270.0,255.2,262.6,262.65,254.6,116552,30652643.2,01-DEC-2020,3734,INE425Y01011,
CGCL,EQ,293.0,300.0,286.3,296.65,299.15,291.5,89288,26264116.9,01-DEC-2020,5945,INE180C01026,
CGPOWER,EQ,43.25,43.25,43.25,43.25,43.25,41.2,2173102,93986661.5,01-DEC-2020,1102,INE067A01029,
CHALET,EQ,150.9,154.5,149.75,152.05,151.95,150.85,469504,71417948.75,01-DEC-2020,11072,INE427F01016,
CHAMBLFERT,EQ,206.65,207.75,198.1,199.8,201.8,203.85,883837,180408237.1,01-DEC-2020,11859,INE085A01013,
CHEMBOND,EQ,161.9,168.0,157.25,164.05,165.0,159.35,34282,5647459.9,01-DEC-2020,896,INE995D01025,
CHEMCON,EQ,421.75,421.75,417.2,418.35,418.0,418.3,129453,54264742.95,01-DEC-2020,6151,INE03YM01018,
CHEMFAB,EQ,141.0,141.0,132.2,135.7,136.5,133.45,8319,1131500.25,01-DEC-2020,289,INE783X01023,
CHENNPETRO,EQ,86.05,88.5,85.0,87.75,87.6,85.5,1014921,88529493.25,01-DEC-2020,6309,INE178A01016,
CHOLAFIN,EQ,389.65,389.65,371.35,374.8,374.65,388.7,7531640,2834356936.6,01-DEC-2020,120429,INE121A01024,
CHOLAHLDNG,EQ,559.5,559.5,509.0,526.6,526.0,541.2,200615,105416488.5,01-DEC-2020,11515,INE149A01033,
CHROMATIC,EQ,0.65,0.7,0.65,0.65,0.65,0.65,206211,142404.1,01-DEC-2020,90,INE662C01015,
CIGNITITEC,EQ,417.0,424.85,410.1,412.95,411.0,421.2,20786,8668428.05,01-DEC-2020,951,INE675C01017,
CINELINE,EQ,33.45,34.65,33.0,33.5,33.8,33.65,135442,4574071.2,01-DEC-2020,874,INE704H01022,
CINEVISTA,EQ,7.5,7.5,7.05,7.25,7.4,7.15,5308,38448.15,01-DEC-2020,52,INE039B01026,
CIPLA,EQ,753.0,760.0,746.15,755.6,756.5,745.6,6241872,4706032015.3,01-DEC-2020,146074,INE059A01026,
CLEDUCATE,EQ,61.75,63.0,61.75,62.5,62.65,61.7,9773,609446.75,01-DEC-2020,182,INE201M01011,
CLNINDIA,EQ,371.8,390.55,368.45,378.3,377.95,368.2,237456,90673075.3,01-DEC-2020,10117,INE492A01029,
CMICABLES,EQ,32.35,32.9,31.6,32.25,32.4,32.35,28390,917114.9,01-DEC-2020,241,INE981B01011,
CNOVAPETRO,EQ,6.3,6.3,6.0,6.25,6.25,6.3,6262,38240.6,01-DEC-2020,20,INE672K01025,
COALINDIA,EQ,126.0,127.0,124.7,126.4,126.3,125.55,8927107,1127247507.05,01-DEC-2020,39160,INE522F01014,
COCHINSHIP,EQ,371.0,374.65,366.3,369.5,370.0,369.25,440416,163136048.55,01-DEC-2020,9992,INE704P01017,
COFORGE,EQ,2404.0,2476.2,2385.0,2455.4,2451.2,2400.65,315214,768891451.6,01-DEC-2020,23398,INE591G01017,
COLPAL,EQ,1540.25,1540.25,1493.0,1504.0,1504.1,1513.7,996320,1500116997.0,01-DEC-2020,43920,INE259A01022,
COMPINFO,EQ,12.9,14.9,12.8,13.7,13.8,12.7,883038,12105440.7,01-DEC-2020,2158,INE070C01037,
COMPUSOFT,EQ,7.0,7.35,7.0,7.25,7.15,7.05,89769,649680.35,01-DEC-2020,330,INE453B01029,
CONCOR,EQ,409.5,413.0,397.4,409.65,410.2,406.05,3164488,1283904361.15,01-DEC-2020,54181,INE111A01025,
CONFIPET,EQ,28.0,32.0,27.45,31.15,31.45,27.7,2333214,70601067.8,01-DEC-2020,7429,INE552D01024,
CONSOFINVT,EQ,37.05,39.9,37.05,39.25,39.5,37.4,5665,220618.45,01-DEC-2020,60,INE025A01027,
CONTROLPR,EQ,218.95,225.0,214.95,223.5,223.0,215.7,101507,21945624.8,01-DEC-2020,861,INE663B01015,
CORALFINAC,EQ,20.35,20.55,18.85,19.75,19.55,19.8,20147,402434.45,01-DEC-2020,214,INE558D01021,
CORDSCABLE,EQ,41.35,43.85,41.35,43.25,43.4,42.35,19750,839071.75,01-DEC-2020,247,INE792I01017,
COROMANDEL,EQ,830.0,835.95,810.2,823.05,820.75,828.35,430006,353360095.95,01-DEC-2020,26594,INE169A01031,
COSMOFILMS,EQ,446.9,452.0,441.9,443.7,442.5,442.25,77024,34443893.9,01-DEC-2020,3033,INE757A01017,
COUNCODOS,BE,2.55,2.55,2.55,2.55,2.55,2.45,26056,66442.8,01-DEC-2020,87,INE695B01025,
CPSEETF,EQ,18.65,19.06,17.7,19.03,19.05,18.79,10890938,207099040.09,01-DEC-2020,2433,INF457M01133,
CREATIVE,EQ,117.0,119.0,113.05,115.0,115.0,116.25,13265,1529200.65,01-DEC-2020,93,INE985W01018,
CREATIVEYE,EQ,2.85,2.85,2.65,2.65,2.65,2.75,7873,22160.55,01-DEC-2020,21,INE230B01021,
CREDITACC,EQ,798.95,839.95,795.25,809.25,812.0,791.1,268853,219876299.65,01-DEC-2020,19662,INE741K01010,
CREST,EQ,96.5,96.5,90.3,94.2,93.55,96.5,47021,4417339.3,01-DEC-2020,620,INE559D01011,
CRISIL,EQ,1993.7,2010.0,1961.15,2000.35,1990.15,1975.2,33907,67142279.8,01-DEC-2020,5381,INE007A01025,
CROMPTON,EQ,306.25,326.35,302.25,321.25,320.9,305.3,2778543,882145420.9,01-DEC-2020,72823,INE299U01018,
CSBBANK,EQ,242.45,249.9,238.05,247.5,247.65,250.5,189184,46527490.4,01-DEC-2020,4778,INE679A01013,
CTE,EQ,33.75,34.25,32.8,34.25,34.25,32.65,10423,353629.85,01-DEC-2020,82,INE627H01017,
CUB,EQ,187.0,187.5,180.5,182.1,182.4,186.05,1593673,292909141.9,01-DEC-2020,20895,INE491A01021,
CUBEXTUB,EQ,20.5,21.0,18.15,19.5,19.65,20.15,132910,2572307.25,01-DEC-2020,664,INE144D01012,
CUMMINSIND,EQ,585.95,586.05,569.0,578.45,572.6,586.0,1003872,577695070.35,01-DEC-2020,18322,INE298A01020,
CUPID,EQ,229.7,236.4,227.05,233.6,233.6,227.7,157197,36495431.25,01-DEC-2020,3709,INE509F01011,
CYBERTECH,EQ,79.65,86.35,78.45,84.45,84.2,78.5,643653,53747326.6,01-DEC-2020,5445,INE214A01019,
CYIENT,EQ,497.0,497.0,475.75,480.2,480.5,489.15,517615,251088265.5,01-DEC-2020,27267,INE136B01020,
DAAWAT,EQ,52.0,54.3,52.0,53.8,53.75,52.4,2694267,144355612.45,01-DEC-2020,14721,INE818H01020,
DABUR,EQ,503.05,507.0,500.6,506.0,506.35,499.8,2177754,1099240258.35,01-DEC-2020,51677,INE016A01026,
DALBHARAT,EQ,1105.7,1198.0,1096.25,1151.6,1140.0,1101.7,309388,357102816.45,01-DEC-2020,24421,INE00R701025,
DALMIASUG,EQ,137.6,141.8,134.55,140.7,141.0,137.5,233412,32545838.35,01-DEC-2020,3214,INE495A01022,
DAMODARIND,EQ,25.1,27.5,24.2,25.4,26.7,25.1,23224,602480.55,01-DEC-2020,114,INE497D01022,
DANGEE,EQ,120.5,124.95,120.5,123.7,124.0,119.0,5766,709879.5,01-DEC-2020,200,INE688Y01014,
DATAMATICS,EQ,77.0,79.75,77.0,78.0,77.55,77.5,86787,6828168.65,01-DEC-2020,908,INE365B01017,
DBCORP,EQ,81.0,83.25,80.1,82.5,82.5,80.85,282376,23253117.6,01-DEC-2020,3553,INE950I01011,
DBL,EQ,358.0,365.4,357.05,362.45,361.75,355.75,134623,48767912.25,01-DEC-2020,2819,INE917M01012,
DBREALTY,EQ,15.45,15.45,15.45,15.45,15.45,14.05,276380,4270071.0,01-DEC-2020,302,INE879I01012,
DBSTOCKBRO,EQ,10.5,11.55,10.5,11.55,11.55,10.5,30790,351342.75,01-DEC-2020,121,INE921B01025,
DCAL,EQ,145.8,146.8,138.5,139.9,140.0,144.75,440723,62197199.45,01-DEC-2020,5849,INE385W01011,
DCBBANK,EQ,109.7,115.85,108.85,112.25,112.8,107.65,5069259,574462173.35,01-DEC-2020,36909,INE503A01015,
DCM,EQ,19.45,19.45,18.65,18.8,18.65,18.9,10195,193872.85,01-DEC-2020,122,INE498A01018,
DCMFINSERV,EQ,1.0,1.05,0.95,1.0,1.0,1.0,18301,18396.0,01-DEC-2020,15,INE891B01012,
DCMNVL,EQ,30.35,30.5,28.0,29.35,28.6,28.25,30491,897612.0,01-DEC-2020,267,INE08KP01019,
DCMSHRIRAM,EQ,375.0,382.45,371.0,378.9,379.0,370.75,86944,32700899.65,01-DEC-2020,4142,INE499A01024,
DCW,EQ,16.9,17.3,16.8,17.0,16.9,16.9,428716,7327290.35,01-DEC-2020,933,INE500A01029,
DECCANCE,EQ,346.9,361.05,344.95,356.1,358.0,344.65,88378,31328139.75,01-DEC-2020,2943,INE583C01021,
DEEPAKFERT,EQ,145.6,147.5,144.15,146.9,147.4,144.65,587609,85817865.6,01-DEC-2020,6757,INE501A01019,
DEEPAKNTR,EQ,872.7,895.0,854.45,864.25,860.0,865.1,1353163,1188906188.7,01-DEC-2020,55337,INE288B01029,
DEEPENR,EQ,44.1,45.4,43.45,44.0,44.0,44.2,79110,3534813.3,01-DEC-2020,603,INE677H01012,
DELTACORP,EQ,129.8,134.4,129.25,131.75,131.75,129.6,2236317,297094822.7,01-DEC-2020,17725,INE124G01033,
DELTAMAGNT,EQ,26.65,26.65,26.65,26.65,26.65,25.4,5331,142071.15,01-DEC-2020,41,INE393A01011,
DEN,EQ,70.8,71.6,69.5,69.8,69.65,69.95,242846,17047500.1,01-DEC-2020,4711,INE947J01015,
DENORA,EQ,207.0,212.5,205.0,208.4,208.6,208.0,2276,474183.4,01-DEC-2020,142,INE244A01016,
DFMFOODS,EQ,364.0,376.0,360.0,369.05,367.75,362.4,47827,17718473.9,01-DEC-2020,2268,INE456C01020,
DGCONTENT,EQ,11.7,11.7,10.75,11.1,11.05,11.15,42848,471953.25,01-DEC-2020,2051,INE03JI01017,
DHAMPURSUG,EQ,159.7,164.8,156.85,163.8,163.05,158.5,853616,138695380.05,01-DEC-2020,9521,INE041A01016,
DHANBANK,EQ,12.55,12.6,12.35,12.45,12.45,12.35,573445,7154166.15,01-DEC-2020,1027,INE680A01011,
DHANI,EQ,285.0,299.0,280.0,287.35,286.5,281.75,1493908,433098986.8,01-DEC-2020,17446,INE274G01010,
DHANUKA,EQ,765.0,780.0,756.95,778.2,780.0,751.05,123106,95475264.7,01-DEC-2020,7446,INE435G01025,
DHARSUGAR,EQ,4.75,4.75,4.35,4.5,4.5,4.55,16931,75332.45,01-DEC-2020,46,INE988C01014,
DHFL,EQ,28.4,28.4,28.4,28.4,28.4,27.05,370655,10526602.0,01-DEC-2020,925,INE202B01012,
DHUNINV,EQ,254.85,254.85,236.65,245.85,244.9,246.55,1732,425954.95,01-DEC-2020,251,INE320L01011,
DIAMONDYD,EQ,669.0,675.0,661.0,665.0,668.1,648.85,6613,4409682.8,01-DEC-2020,665,INE393P01035,
DICIND,EQ,371.95,389.0,367.0,380.95,382.95,371.95,14793,5618852.75,01-DEC-2020,833,INE303A01010,
DIGISPICE,EQ,10.75,10.75,10.75,10.75,10.75,10.25,52763,567202.25,01-DEC-2020,48,INE927C01020,
DISHTV,EQ,10.3,10.35,10.05,10.1,10.1,10.2,17025577,173755924.35,01-DEC-2020,6430,INE836F01026,
DIVISLAB,EQ,3770.0,3770.0,3596.6,3620.75,3616.0,3605.1,2077864,7576121171.05,01-DEC-2020,109912,INE361B01024,
DIXON,EQ,11990.0,11990.0,11400.0,11534.45,11521.0,11879.85,47854,553210413.15,01-DEC-2020,19108,INE935N01012,
DLF,EQ,192.0,197.5,189.6,195.1,195.1,187.2,19225092,3742755158.7,01-DEC-2020,111410,INE271C01023,
DLINKINDIA,EQ,107.7,109.2,106.75,107.15,107.7,107.7,159337,17138814.4,01-DEC-2020,2165,INE250K01012,
DMART,EQ,2330.0,2450.0,2315.0,2426.7,2430.0,2289.2,912165,2183485310.6,01-DEC-2020,53795,INE192R01011,
DNAMEDIA,EQ,0.4,0.4,0.4,0.4,0.4,0.4,5272,2108.8,01-DEC-2020,13,INE016M01021,
DOLAT,EQ,47.25,47.25,46.2,46.65,47.0,46.65,68169,3190973.35,01-DEC-2020,623,INE966A01022,
DOLLAR,EQ,194.0,195.9,188.45,192.55,192.0,193.65,143751,27748352.95,01-DEC-2020,3422,INE325C01035,
DONEAR,EQ,29.6,30.45,29.05,29.45,29.45,29.6,55250,1633311.35,01-DEC-2020,459,INE668D01028,
DPABHUSHAN,EQ,88.95,89.95,82.4,84.5,85.0,88.4,8042,699582.2,01-DEC-2020,221,INE266Y01019,
DPSCLTD,EQ,12.0,12.0,11.0,11.5,11.5,11.5,33190,389582.85,01-DEC-2020,146,INE360C01024,
DPWIRES,EQ,72.55,75.05,70.95,73.1,72.4,71.25,3605,267453.7,01-DEC-2020,81,INE864X01013,
DQE,EQ,1.15,1.15,1.1,1.15,1.15,1.15,90281,99914.6,01-DEC-2020,57,INE656K01010,
DREDGECORP,EQ,286.7,290.95,279.1,282.8,281.35,288.9,161620,45969212.5,01-DEC-2020,5777,INE506A01018,
DRREDDY,EQ,4870.0,4870.0,4806.0,4830.4,4835.1,4828.95,1117190,5402426138.2,01-DEC-2020,80383,INE089A01023,
DSSL,EQ,44.5,44.5,42.65,43.05,42.9,44.4,19596,847564.25,01-DEC-2020,306,INE417B01040,
DTIL,EQ,268.7,268.7,261.0,265.75,265.0,262.1,5181,1367718.3,01-DEC-2020,271,INE341R01014,
DUCON,EQ,4.4,4.45,4.1,4.45,4.45,4.25,100173,439604.0,01-DEC-2020,251,INE741L01018,
DVL,EQ,64.55,66.8,62.8,64.1,64.2,64.2,11426,739073.9,01-DEC-2020,177,INE477B01010,
DWARKESH,EQ,29.45,30.6,28.95,30.4,30.35,29.45,1396102,42064214.2,01-DEC-2020,3810,INE366A01041,
DYNAMATECH,EQ,698.0,701.0,693.95,698.85,701.0,694.4,6428,4487451.55,01-DEC-2020,404,INE221B01012,
DYNPRO,EQ,236.1,239.95,225.95,231.15,231.0,237.1,182754,42237796.25,01-DEC-2020,4405,INE256H01015,
EASTSILK,EQ,0.95,1.0,0.95,1.0,1.0,0.95,1375,1325.0,01-DEC-2020,3,INE962C01027,
EBBETF0423,EQ,1105.0,1110.49,1105.0,1109.12,1109.02,1109.09,4187,4643438.73,01-DEC-2020,77,INF754K01KN4,
EBBETF0425,EQ,1020.0,1023.0,1015.1,1022.49,1022.9,1023.91,23335,23847454.09,01-DEC-2020,158,INF754K01LD3,
EBBETF0430,EQ,1131.0,1133.38,1129.5,1131.69,1131.55,1131.86,26251,29675999.42,01-DEC-2020,115,INF754K01KO2,
EBBETF0431,EQ,1014.15,1017.0,1014.1,1016.91,1017.0,1017.76,8567,8705448.14,01-DEC-2020,83,INF754K01LE1,
EBIXFOREX,EQ,502.5,544.5,495.0,526.7,528.75,502.0,11440,6001756.75,01-DEC-2020,582,INE726L01019,
ECLERX,EQ,725.1,734.8,722.0,728.9,730.0,724.65,54020,39462821.8,01-DEC-2020,4082,INE738I01010,
EDELWEISS,EQ,70.9,73.5,70.3,73.5,73.5,70.0,2326132,169056096.5,01-DEC-2020,9885,INE532F01054,
EICHERMOT,EQ,2559.95,2584.9,2525.0,2532.7,2532.5,2534.65,1227343,3126422096.6,01-DEC-2020,61935,INE066A01021,
EIDPARRY,EQ,346.95,350.0,342.5,343.95,343.0,346.8,241156,83564535.45,01-DEC-2020,4619,INE126A01031,
EIHAHOTELS,EQ,262.8,262.8,256.0,258.5,256.05,257.75,7205,1870444.2,01-DEC-2020,355,INE276C01014,
EIHOTEL,EQ,90.1,94.9,88.6,91.7,91.95,89.85,2228975,205627561.25,01-DEC-2020,13826,INE230A01023,
EIMCOELECO,EQ,332.0,344.95,330.0,338.15,344.95,331.65,3699,1240909.15,01-DEC-2020,530,INE158B01016,
EKC,EQ,51.15,51.15,51.15,51.15,51.15,48.75,127944,6544335.6,01-DEC-2020,347,INE184H01027,
ELECON,EQ,36.0,43.0,36.0,41.1,41.7,35.85,3523039,144154521.2,01-DEC-2020,14451,INE205B01023,
ELECTCAST,EQ,23.2,24.8,23.05,23.6,23.4,22.8,3450372,82702293.0,01-DEC-2020,4445,INE086A01029,
ELECTHERM,EQ,102.75,105.0,100.05,102.2,102.8,102.6,21618,2223327.9,01-DEC-2020,432,INE822G01016,
ELGIEQUIP,EQ,134.6,135.5,134.05,135.1,134.9,133.9,62419,8421628.45,01-DEC-2020,1296,INE285A01027,
ELGIRUBCO,EQ,19.0,19.4,18.3,18.6,18.6,18.85,20091,374579.45,01-DEC-2020,77,INE819L01012,
EMAMILTD,EQ,455.25,461.4,439.0,442.8,443.95,440.35,952633,428866653.9,01-DEC-2020,32609,INE548C01032,
EMAMIPAP,EQ,77.8,79.65,75.3,76.35,76.3,77.15,9952,766790.75,01-DEC-2020,251,INE830C01026,
EMAMIREAL,EQ,46.0,47.95,44.7,46.25,46.1,45.8,44450,2057686.55,01-DEC-2020,459,INE778K01012,
EMKAY,EQ,72.9,74.0,66.1,71.65,72.95,70.15,86526,6198617.1,01-DEC-2020,748,INE296H01011,
EMMBI,EQ,75.7,78.0,73.4,74.15,73.75,73.95,95568,7210572.75,01-DEC-2020,1124,INE753K01015,
ENDURANCE,EQ,1158.9,1164.95,1107.35,1141.0,1138.55,1157.0,158278,179340306.15,01-DEC-2020,12868,INE913H01037,
ENERGYDEV,EQ,7.0,7.05,6.45,6.55,6.55,6.75,65820,440698.6,01-DEC-2020,183,INE306C01019,
ENGINERSIN,EQ,74.7,75.5,74.55,74.8,74.6,74.2,2562108,192531942.8,01-DEC-2020,18234,INE510A01028,
ENIL,EQ,158.9,163.45,156.5,157.1,157.0,155.5,8639,1370782.2,01-DEC-2020,317,INE265F01028,
EPL,EQ,262.0,263.0,255.0,256.95,257.05,260.8,133576,34372895.85,01-DEC-2020,14130,INE255A01020,
EQ30,EQ,377.19,386.0,353.0,386.0,386.0,377.19,319,121919.19,01-DEC-2020,51,INF754K01EM9,
EQUITAS,EQ,70.75,70.75,69.8,70.2,70.0,70.3,2910446,204522151.55,01-DEC-2020,18222,INE988K01017,
EQUITASBNK,EQ,34.5,35.65,34.05,34.8,34.85,34.35,1553456,54115983.05,01-DEC-2020,4936,INE063P01018,
ERIS,EQ,520.3,526.0,516.8,520.05,519.5,521.35,222604,115868497.0,01-DEC-2020,7089,INE406M01024,
EROSMEDIA,EQ,22.65,22.65,21.3,21.9,21.9,21.6,849149,18980246.0,01-DEC-2020,1572,INE416L01017,
ESABINDIA,EQ,1472.0,1500.0,1430.4,1469.0,1465.0,1448.45,13956,20512658.65,01-DEC-2020,1907,INE284A01012,
ESCORTS,EQ,1412.0,1412.0,1363.1,1373.7,1373.0,1403.85,1961246,2702396161.6,01-DEC-2020,57069,INE042A01014,
ESSARSHPNG,EQ,8.05,8.3,8.0,8.25,8.25,7.95,53343,440720.1,01-DEC-2020,204,INE122M01019,
ESTER,EQ,128.4,130.8,125.55,126.45,126.0,127.2,556244,71340934.7,01-DEC-2020,8290,INE778B01029,
EUROMULTI,EQ,1.7,1.7,1.6,1.6,1.6,1.65,3989,6608.6,01-DEC-2020,29,INE063J01011,
EUROTEXIND,EQ,8.1,8.1,8.1,8.1,8.1,8.5,158,1279.8,01-DEC-2020,1,INE022C01012,
EVEREADY,EQ,175.55,179.0,174.7,176.5,175.5,175.05,811639,144076017.75,01-DEC-2020,3981,INE128A01029,
EVERESTIND,EQ,261.0,276.8,261.0,275.05,274.7,263.6,122768,33304879.4,01-DEC-2020,3193,INE295A01018,
EXCEL,EQ,1.45,1.45,1.4,1.45,1.45,1.4,16312,23320.4,01-DEC-2020,43,INE688J01015,
EXCELINDUS,EQ,844.0,850.0,831.5,834.75,836.0,839.85,15852,13300077.75,01-DEC-2020,990,INE369A01029,
EXIDEIND,EQ,186.5,186.6,181.0,183.85,184.0,184.85,4505182,825888619.85,01-DEC-2020,36237,INE302A01020,
EXPLEOSOL,EQ,485.0,489.0,475.25,478.35,479.0,483.55,18080,8693473.55,01-DEC-2020,806,INE201K01015,
FACT,EQ,54.9,56.0,53.8,54.55,54.25,51.25,2073808,114063133.3,01-DEC-2020,10914,INE188A01015,
FCL,EQ,43.2,44.9,43.2,43.95,43.95,43.2,518144,22933681.45,01-DEC-2020,2601,INE045J01026,
FCONSUMER,EQ,7.9,8.6,7.8,8.45,8.45,8.2,16409081,134405573.2,01-DEC-2020,12479,INE220J01025,
FCSSOFT,EQ,0.4,0.45,0.4,0.4,0.45,0.4,1363380,576911.2,01-DEC-2020,414,INE512B01022,
FDC,EQ,345.75,352.8,342.4,344.0,344.5,343.45,227932,79099298.25,01-DEC-2020,10208,INE258B01022,
FEDERALBNK,EQ,63.2,65.85,62.3,65.6,65.5,62.8,54097063,3503071092.25,01-DEC-2020,106627,INE171A01029,
FEL,EQ,9.85,10.85,9.85,10.75,10.75,10.35,5305737,54864554.0,01-DEC-2020,6941,INE623B01027,
FELDVR,EQ,14.0,14.35,13.05,14.35,14.35,13.7,115772,1578392.2,01-DEC-2020,382,IN9623B01058,
FIEMIND,EQ,555.0,560.0,544.65,547.4,546.25,549.4,30396,16788334.9,01-DEC-2020,1863,INE737H01014,
FILATEX,EQ,32.7,35.2,32.65,33.9,33.6,32.65,734641,24877879.2,01-DEC-2020,3169,INE816B01027,
FINCABLES,EQ,310.5,336.3,309.05,330.55,333.0,308.8,1342983,436226767.05,01-DEC-2020,36216,INE235A01022,
FINEORG,EQ,2610.0,2667.0,2599.6,2638.9,2625.0,2574.9,40260,106096337.05,01-DEC-2020,10400,INE686Y01026,
FINPIPE,EQ,632.1,635.0,618.5,622.35,620.55,630.85,110920,69455291.05,01-DEC-2020,4144,INE183A01016,
FLEXITUFF,EQ,14.6,14.6,13.3,14.5,14.55,13.95,43487,627352.35,01-DEC-2020,103,INE060J01017,
FLFL,EQ,89.55,91.8,89.55,89.55,89.55,94.25,1264357,113399163.9,01-DEC-2020,4405,INE452O01016,
FLUOROCHEM,EQ,598.0,623.3,582.15,590.55,588.75,574.4,439748,265775712.8,01-DEC-2020,15867,INE09N301011,
FMGOETZE,EQ,340.95,342.05,322.0,338.75,335.0,330.65,109928,36675769.9,01-DEC-2020,5293,INE529A01010,
FMNL,EQ,16.3,17.65,16.15,17.0,16.65,16.95,158933,2673645.95,01-DEC-2020,851,INE360L01017,
FORCEMOT,EQ,1164.0,1178.0,1150.0,1152.1,1152.2,1161.8,20155,23382625.1,01-DEC-2020,2143,INE451A01017,
FORTIS,EQ,152.15,155.9,148.05,152.95,153.4,150.9,7981013,1227416879.65,01-DEC-2020,24151,INE061F01013,
FOSECOIND,EQ,1189.4,1189.4,1152.15,1176.25,1180.0,1167.5,3360,3934069.6,01-DEC-2020,313,INE519A01011,
FRETAIL,EQ,78.55,78.55,78.55,78.55,78.55,82.65,1929640,151573222.0,01-DEC-2020,11534,INE752P01024,
FSC,EQ,104.0,107.0,97.65,103.75,103.75,102.25,366945,37414939.25,01-DEC-2020,4243,INE935Q01015,
FSL,EQ,79.7,80.7,77.5,78.0,77.9,79.1,2276718,179635502.65,01-DEC-2020,34329,INE684F01012,
GABRIEL,EQ,107.0,108.75,106.45,107.15,107.3,106.75,120842,12966314.5,01-DEC-2020,2141,INE524A01029,
GAEL,EQ,120.0,122.9,118.95,119.7,119.75,120.95,124911,15011580.45,01-DEC-2020,1884,INE036B01030,
GAIL,EQ,103.65,112.0,103.1,110.7,110.8,102.65,85684453,9370657238.7,01-DEC-2020,255689,INE129A01019,
GAL,EQ,3.3,3.3,3.15,3.15,3.15,3.3,33913,106884.7,01-DEC-2020,33,INE482J01021,
GALAXYSURF,EQ,1976.95,1976.95,1902.95,1914.0,1919.9,1939.8,35225,67701350.95,01-DEC-2020,4373,INE600K01018,
GALLANTT,EQ,34.65,37.5,34.15,36.95,36.85,34.65,118486,4336030.9,01-DEC-2020,713,INE297H01019,
GALLISPAT,EQ,31.95,31.95,30.0,31.45,31.8,30.85,38262,1201619.45,01-DEC-2020,450,INE528K01029,
GAMMNINFRA,EQ,0.6,0.6,0.55,0.55,0.6,0.6,3654932,2104187.1,01-DEC-2020,431,INE181G01025,
GANDHITUBE,EQ,232.7,240.0,229.85,234.45,237.0,232.7,5946,1396018.95,01-DEC-2020,373,INE524B01027,
GANECOS,EQ,343.0,343.0,327.15,337.25,336.1,327.0,103053,34321676.4,01-DEC-2020,1280,INE845D01014,
GANESHHOUC,EQ,31.7,32.2,30.0,32.2,32.2,30.7,32179,1009207.1,01-DEC-2020,283,INE460C01014,
GANGESSECU,EQ,46.4,49.8,45.85,46.1,46.0,46.4,3205,149344.95,01-DEC-2020,117,INE335W01016,
GARDENSILK,EQ,10.25,10.25,10.25,10.25,10.25,9.8,13998,143479.5,01-DEC-2020,42,INE526A01016,
GARFIBRES,EQ,2240.0,2241.0,2157.6,2202.85,2182.2,2227.05,30657,68150382.3,01-DEC-2020,4381,INE276A01018,
GATI,EQ,91.4,91.4,89.0,89.7,90.05,89.05,539626,48697139.9,01-DEC-2020,5241,INE152B01027,
GAYAHWS,EQ,0.4,0.4,0.35,0.4,0.4,0.4,632899,243067.7,01-DEC-2020,258,INE287Z01012,
GAYAPROJ,EQ,33.35,33.35,33.35,33.35,33.35,31.8,176142,5874335.7,01-DEC-2020,507,INE336H01023,
GBGLOBAL,EQ,5.15,5.4,5.15,5.3,5.3,5.15,2470,13141.3,01-DEC-2020,23,INE087J01028,
GDL,EQ,105.9,105.9,102.3,103.9,103.75,103.7,92236,9582941.9,01-DEC-2020,2614,INE852F01015,
GEECEE,EQ,74.05,78.1,74.05,76.1,75.75,75.0,11331,864444.6,01-DEC-2020,588,INE916G01016,
GEEKAYWIRE,BE,63.9,63.9,63.5,63.7,63.7,64.5,7458,475027.25,01-DEC-2020,18,INE669X01016,
GENESYS,EQ,55.35,55.35,50.2,55.3,55.35,52.75,192924,10660782.15,01-DEC-2020,240,INE727B01026,
GENUSPAPER,EQ,5.75,5.85,5.55,5.6,5.65,5.6,236265,1342017.9,01-DEC-2020,346,INE949P01018,
GENUSPOWER,EQ,29.65,30.85,29.1,29.5,29.2,29.25,298659,9003477.35,01-DEC-2020,1089,INE955D01029,
GEOJITFSL,EQ,39.5,40.2,39.3,40.1,40.05,39.3,355934,14223404.1,01-DEC-2020,1640,INE007B01023,
GEPIL,EQ,265.1,280.0,265.0,273.5,272.55,274.1,363931,99548886.55,01-DEC-2020,8838,INE878A01011,
GESHIP,EQ,263.9,266.0,256.65,261.4,259.0,252.5,468917,122675232.05,01-DEC-2020,12040,INE017A01032,
GET&D,EQ,100.0,103.0,98.85,101.85,102.8,99.25,91784,9309745.0,01-DEC-2020,1380,INE200A01026,
GFLLIMITED,EQ,84.7,84.95,82.0,83.3,83.4,83.25,118618,9867750.7,01-DEC-2020,2771,INE538A01037,
GFSTEELS,EQ,2.2,2.25,2.2,2.25,2.25,2.25,1960,4367.0,01-DEC-2020,6,INE534A01028,
GHCL,EQ,170.0,181.0,169.95,178.35,178.55,169.95,727098,129344295.3,01-DEC-2020,16573,INE539A01019,
GICHSGFIN,EQ,112.8,113.9,111.4,112.55,112.3,111.9,715335,80681483.3,01-DEC-2020,7114,INE289B01019,
GICRE,EQ,141.4,142.0,139.5,140.0,140.25,140.95,422401,59293444.3,01-DEC-2020,6658,INE481Y01014,
GILLANDERS,EQ,34.4,34.8,32.85,33.3,32.85,33.25,16021,537187.05,01-DEC-2020,58,INE047B01011,
GILLETTE,EQ,5835.05,5900.0,5770.0,5794.25,5780.0,5812.8,9262,53885991.5,01-DEC-2020,2865,INE322A01010,
GINNIFILA,EQ,18.5,18.5,17.0,17.2,17.0,17.65,101982,1782036.3,01-DEC-2020,380,INE424C01010,
GIPCL,EQ,76.3,79.0,75.3,78.45,78.8,75.0,923309,71492730.75,01-DEC-2020,4444,INE162A01010,
GKWLIMITED,EQ,463.0,464.85,451.05,460.0,460.0,450.5,167,76579.75,01-DEC-2020,27,INE528A01020,
GLAND,EQ,2120.0,2220.0,2110.0,2191.05,2201.75,2113.0,990336,2159775018.05,01-DEC-2020,85724,INE068V01023,
GLAXO,EQ,1555.0,1573.5,1542.55,1550.95,1550.0,1553.45,22096,34310908.45,01-DEC-2020,2587,INE159A01016,
GLENMARK,EQ,474.6,480.9,473.1,477.1,477.05,471.4,2185660,1042508564.6,01-DEC-2020,35068,INE935A01035,
GLFL,EQ,2.45,2.45,2.45,2.45,2.45,2.35,6361,15584.45,01-DEC-2020,20,INE540A01017,
GLOBALVECT,EQ,51.25,54.95,50.5,53.75,53.5,51.9,66967,3533403.2,01-DEC-2020,699,INE792H01019,
GLOBE,EQ,58.0,58.95,57.8,58.0,58.0,57.25,21161,1228120.95,01-DEC-2020,76,INE581X01013,
GLOBOFFS,EQ,8.35,8.45,7.75,8.35,8.45,8.15,23256,183708.5,01-DEC-2020,78,INE446C01013,
GLOBUSSPR,EQ,313.5,313.5,303.3,306.75,306.2,310.95,107023,32950429.8,01-DEC-2020,2916,INE615I01010,
GMBREW,EQ,429.0,429.0,421.0,423.25,422.0,427.8,26055,11037316.15,01-DEC-2020,1060,INE075D01018,
GMDCLTD,EQ,46.95,48.25,46.75,47.25,47.4,46.95,728056,34451530.05,01-DEC-2020,3221,INE131A01031,
GMMPFAUDLR,EQ,3855.0,3899.0,3781.0,3803.85,3805.0,3814.55,42750,164224616.55,01-DEC-2020,9567,INE541A01023,
GMRINFRA,EQ,27.0,27.0,26.0,26.2,26.2,26.8,10267533,271211862.6,01-DEC-2020,12589,INE776C01039,
GNA,EQ,256.3,257.25,250.85,255.95,256.0,254.7,30533,7777401.0,01-DEC-2020,1356,INE934S01014,
GNFC,EQ,211.5,215.25,208.15,211.45,211.5,210.15,761126,161183013.8,01-DEC-2020,9302,INE113A01013,
GOACARBON,EQ,281.65,285.0,277.0,279.9,279.0,280.25,51640,14511530.25,01-DEC-2020,1777,INE426D01013,
GOCLCORP,EQ,208.7,210.65,200.45,202.0,200.9,208.75,17519,3577016.3,01-DEC-2020,727,INE077F01035,
GODFRYPHLP,EQ,917.0,917.0,897.55,900.25,900.0,907.25,104463,94215696.3,01-DEC-2020,4229,INE260B01028,
GODREJAGRO,EQ,511.65,512.0,502.2,509.2,509.9,509.9,101769,51697131.6,01-DEC-2020,5827,INE850D01014,
GODREJCP,EQ,712.0,715.55,702.55,705.6,706.5,699.75,1328512,941080548.1,01-DEC-2020,62243,INE102D01028,
GODREJIND,EQ,407.45,410.95,406.05,408.15,408.0,405.7,73683,30082217.15,01-DEC-2020,5299,INE233A01035,
GODREJPROP,EQ,1183.95,1210.0,1164.1,1187.1,1188.45,1165.45,1616577,1927950781.55,01-DEC-2020,51524,INE484J01027,
GOKEX,EQ,78.0,79.0,74.15,77.5,78.15,77.55,263740,20400052.95,01-DEC-2020,2393,INE887G01027,
GOKUL,EQ,13.8,13.95,13.4,13.55,13.45,13.8,18856,258124.45,01-DEC-2020,114,INE020J01029,
GOKULAGRO,EQ,13.8,13.9,13.4,13.65,13.65,13.55,64530,882795.05,01-DEC-2020,170,INE314T01025,
GOLDBEES,EQ,44.27,44.27,41.95,42.29,42.27,42.84,5968664,252502381.7,01-DEC-2020,22540,INF204KB17I5,
GOLDENTOBC,EQ,27.1,27.75,26.65,27.55,26.95,27.1,9582,262515.1,01-DEC-2020,119,INE973A01010,
GOLDIAM,EQ,159.0,159.0,155.0,156.05,156.0,156.05,15150,2371888.7,01-DEC-2020,495,INE025B01017,
GOLDSHARE,EQ,4400.0,4421.0,4370.0,4377.6,4381.0,4420.95,3469,15213481.9,01-DEC-2020,886,INF789F01059,
GOLDTECH,EQ,9.0,9.0,8.9,9.0,9.0,8.6,50001,449798.15,01-DEC-2020,142,INE805A01014,
GOODLUCK,EQ,45.9,46.45,44.1,45.45,45.35,45.8,112306,5084206.1,01-DEC-2020,795,INE127I01024,
GOODYEAR,EQ,829.9,850.0,822.1,839.15,833.0,821.2,17110,14400555.1,01-DEC-2020,1427,INE533A01012,
GPIL,EQ,423.0,434.0,420.7,425.0,426.0,418.2,121748,51867804.3,01-DEC-2020,2765,INE177H01013,
GPPL,EQ,97.5,97.6,94.05,94.85,94.45,96.7,291158,27812987.7,01-DEC-2020,4728,INE517F01014,
GPTINFRA,EQ,31.4,33.9,31.4,33.6,33.8,32.9,50558,1684093.3,01-DEC-2020,304,INE390G01014,
GRANULES,EQ,426.0,437.95,425.0,428.0,427.0,412.55,2860548,1230046840.2,01-DEC-2020,52396,INE101D01020,
GRAPHITE,EQ,245.65,245.7,238.0,241.7,240.75,244.45,1065760,256735786.3,01-DEC-2020,27799,INE371A01025,
GRASIM,EQ,867.0,910.7,862.15,907.8,906.75,875.75,4110405,3704798885.95,01-DEC-2020,71148,INE047A01021,
GRAVITA,EQ,51.65,52.1,49.3,49.75,49.6,51.2,289148,14545639.35,01-DEC-2020,1950,INE024L01027,
GREAVESCOT,EQ,85.5,88.45,84.0,87.7,87.6,83.9,4776749,413837266.45,01-DEC-2020,29799,INE224A01026,
GREENLAM,EQ,792.65,820.0,785.45,810.95,810.9,792.65,5316,4277452.1,01-DEC-2020,350,INE544R01013,
GREENPANEL,EQ,85.25,89.6,83.05,89.55,89.6,85.35,467377,41772478.4,01-DEC-2020,2533,INE08ZM01014,
GREENPLY,EQ,105.65,114.9,104.95,114.0,114.35,104.95,1163091,128936802.9,01-DEC-2020,10149,INE461C01038,
GREENPOWER,EQ,2.15,2.2,2.1,2.2,2.2,2.15,878122,1881874.8,01-DEC-2020,568,INE999K01014,
GRINDWELL,EQ,600.0,609.65,593.0,602.75,602.3,598.05,38021,22873016.2,01-DEC-2020,4192,INE536A01023,
GROBTEA,EQ,582.0,619.0,570.0,614.95,615.0,596.0,842,512481.65,01-DEC-2020,126,INE646C01018,
GRPLTD,EQ,817.05,825.0,800.0,819.55,825.0,809.1,685,555356.0,01-DEC-2020,158,INE137I01015,
GRSE,EQ,194.45,195.8,193.3,194.25,195.0,193.3,39558,7693802.45,01-DEC-2020,1386,INE382Z01011,
GSCLCEMENT,EQ,32.65,33.1,31.6,31.95,31.8,32.4,171012,5540410.3,01-DEC-2020,992,INE542A01039,
GSFC,EQ,70.75,71.8,70.45,70.7,70.75,70.4,1099407,78073368.4,01-DEC-2020,4796,INE026A01025,
GSPL,EQ,223.4,232.5,220.0,227.85,227.55,219.55,1666443,378704385.6,01-DEC-2020,47138,INE246F01010,
GSS,EQ,45.5,47.65,43.2,47.2,47.0,43.25,498938,22635413.45,01-DEC-2020,2216,INE871H01011,
GTL,EQ,3.15,3.15,3.0,3.05,3.05,3.05,177015,548616.05,01-DEC-2020,288,INE043A01012,
GTLINFRA,EQ,0.5,0.55,0.5,0.55,0.5,0.5,5674662,3036891.25,01-DEC-2020,1275,INE221H01019,
GTNIND,EQ,8.2,9.0,8.2,8.55,8.4,8.2,15826,135976.35,01-DEC-2020,73,INE537A01013,
GTNTEX,EQ,5.35,5.6,5.35,5.55,5.55,5.55,2314,12707.0,01-DEC-2020,8,INE302H01017,
GTPL,EQ,120.45,122.7,119.65,120.15,120.7,120.35,77543,9385343.6,01-DEC-2020,1020,INE869I01013,
GUFICBIO,EQ,117.9,122.0,115.85,117.65,118.0,116.9,215226,25622567.65,01-DEC-2020,3171,INE742B01025,
GUJALKALI,EQ,323.0,334.5,323.0,330.35,330.5,322.55,234154,77381284.8,01-DEC-2020,4615,INE186A01019,
GUJAPOLLO,EQ,193.05,200.8,191.15,195.15,194.55,196.8,6345,1237460.8,01-DEC-2020,274,INE826C01016,
GUJGASLTD,EQ,352.45,354.05,340.0,340.8,340.95,348.85,1743119,600277812.95,01-DEC-2020,53231,INE844O01030,
GUJRAFFIA,BE,14.25,14.25,14.25,14.25,14.25,14.3,5,71.25,01-DEC-2020,1,INE610B01024,
GULFOILLUB,EQ,782.1,800.0,782.1,790.55,791.0,791.5,13831,10973744.25,01-DEC-2020,1405,INE635Q01029,
GULFPETRO,EQ,44.0,44.0,42.55,43.1,42.95,43.15,36780,1593649.2,01-DEC-2020,389,INE586G01017,
GULPOLY,EQ,80.45,81.4,77.25,77.8,77.8,80.4,85819,6734949.9,01-DEC-2020,830,INE255D01024,
HAL,EQ,825.8,834.8,818.0,829.8,829.75,818.5,416015,344152917.15,01-DEC-2020,28482,INE066F01012,
HAPPSTMNDS,EQ,315.7,317.95,314.0,315.9,316.0,313.95,522272,165128551.6,01-DEC-2020,12174,INE419U01012,
HARITASEAT,EQ,476.95,477.0,462.0,473.9,472.0,477.2,3221,1516403.75,01-DEC-2020,324,INE939D01015,
HARRMALAYA,EQ,104.5,111.8,104.5,109.2,108.0,104.65,439165,47926167.3,01-DEC-2020,7105,INE544A01019,
HATHWAY,EQ,30.95,31.8,30.7,31.45,31.55,30.7,546525,17132875.55,01-DEC-2020,2304,INE982F01036,
HATSUN,EQ,965.0,995.0,963.0,989.8,993.0,947.45,93825,92352323.05,01-DEC-2020,5940,INE473B01035,
HAVELLS,EQ,798.1,839.95,798.1,823.4,821.95,801.4,3766220,3117098005.25,01-DEC-2020,77001,INE176B01034,
HAVISHA,BE,0.6,0.6,0.55,0.6,0.6,0.6,63108,36221.9,01-DEC-2020,48,INE293B01029,
HBANKETF,EQ,299.8,299.8,294.22,297.02,297.45,295.28,9514,2820979.87,01-DEC-2020,174,INF179KC1AN8,
HBLPOWER,EQ,23.45,23.45,22.75,23.2,23.4,22.65,416283,9619303.4,01-DEC-2020,1807,INE292B01021,
HBSL,EQ,5.5,5.5,5.5,5.5,5.5,5.4,898,4939.0,01-DEC-2020,10,INE550B01022,
HCC,EQ,6.0,6.25,5.95,6.0,6.05,5.75,13026373,78996925.75,01-DEC-2020,6053,INE549A01026,
HCG,EQ,150.0,152.0,144.4,149.0,149.0,147.95,130895,19463865.85,01-DEC-2020,4137,INE075I01017,
HCL-INSYS,EQ,8.3,9.0,8.2,9.0,9.0,8.2,1468754,12875760.35,01-DEC-2020,2920,INE236A01020,
HCLTECH,EQ,824.0,835.7,815.1,834.1,835.0,822.1,8078785,6672227499.75,01-DEC-2020,170411,INE860A01027,
HDFC,EQ,2237.0,2324.0,2217.65,2306.95,2296.2,2256.25,7031670,16053479118.9,01-DEC-2020,236556,INE001A01036,
HDFCAMC,EQ,2549.0,2549.35,2500.0,2511.45,2508.0,2538.8,373724,939399070.7,01-DEC-2020,43382,INE127D01025,
HDFCBANK,EQ,1440.85,1449.0,1425.5,1433.3,1429.05,1440.85,8573787,12339584610.7,01-DEC-2020,197206,INE040A01034,
HDFCLIFE,EQ,653.25,656.0,639.5,641.9,643.6,646.8,4569057,2943217121.1,01-DEC-2020,97745,INE795G01014,
HDFCMFGETF,EQ,4369.95,4379.95,4303.0,4310.9,4305.0,4370.0,22109,95459137.1,01-DEC-2020,2707,INF179K01CN1,
HDFCNIFETF,EQ,1367.99,1381.63,1357.01,1379.27,1376.46,1365.38,741,1019836.71,01-DEC-2020,163,INF179KB1KP3,
HDFCSENETF,EQ,4700.0,4725.0,4625.0,4725.0,4725.0,4687.74,208,978743.58,01-DEC-2020,78,INF179KB1KQ1,
HEG,EQ,808.3,811.2,798.1,803.1,802.5,804.7,314207,252513275.4,01-DEC-2020,14774,INE545A01016,
HEIDELBERG,EQ,209.25,215.45,208.45,209.85,210.2,208.25,911305,193730422.1,01-DEC-2020,9757,INE578A01017,
HEMIPROP,EQ,63.8,67.15,63.4,64.2,63.7,63.05,5490225,356100377.55,01-DEC-2020,17745,INE0AJG01018,
HERCULES,EQ,100.7,101.9,99.0,101.1,101.85,99.9,77468,7804972.6,01-DEC-2020,1189,INE688E01024,
HERITGFOOD,EQ,293.65,295.7,290.0,291.3,292.9,290.8,45502,13314165.5,01-DEC-2020,1347,INE978A01027,
HEROMOTOCO,EQ,3120.0,3129.9,3075.05,3110.25,3108.2,3108.85,1503427,4672042294.75,01-DEC-2020,79228,INE158A01026,
HESTERBIO,EQ,1801.75,1801.75,1775.0,1780.85,1775.0,1792.75,4022,7175049.5,01-DEC-2020,527,INE782E01017,
HEXATRADEX,EQ,29.6,32.65,29.6,32.5,32.65,31.1,28553,921657.25,01-DEC-2020,86,INE750M01017,
HFCL,EQ,18.5,20.1,18.4,19.5,19.45,18.45,15489307,301390112.45,01-DEC-2020,16604,INE548A01028,
HGINFRA,EQ,211.65,214.5,211.65,212.6,212.5,211.7,36157,7706695.15,01-DEC-2020,1337,INE926X01010,
HGS,EQ,907.9,920.0,905.35,913.4,913.9,903.35,7182,6556352.0,01-DEC-2020,953,INE170I01016,
HIKAL,EQ,172.8,173.3,170.5,171.35,171.15,171.9,361227,62182549.5,01-DEC-2020,3855,INE475B01022,
HIL,EQ,2070.0,2076.0,2003.2,2016.2,2018.0,2037.2,16448,33478353.65,01-DEC-2020,2411,INE557A01011,
HILTON,EQ,9.6,9.8,9.4,9.6,9.4,9.6,19041,183859.7,01-DEC-2020,110,INE788H01017,
HIMATSEIDE,EQ,120.95,125.0,119.6,121.25,121.25,119.8,474118,58164749.05,01-DEC-2020,5913,INE049A01027,
HINDALCO,EQ,230.8,231.5,222.5,229.3,229.0,226.35,16869243,3833998263.85,01-DEC-2020,88844,INE038A01020,
HINDCOMPOS,EQ,214.0,214.0,206.5,210.4,210.5,207.1,4811,1015016.65,01-DEC-2020,259,INE310C01029,
HINDCOPPER,EQ,41.75,42.2,40.65,41.0,40.85,41.45,1701567,70509946.7,01-DEC-2020,5152,INE531E01026,
HINDMOTORS,EQ,5.5,5.7,5.45,5.6,5.6,5.5,191226,1058948.8,01-DEC-2020,329,INE253A01025,
HINDNATGLS,EQ,29.45,29.45,28.15,28.5,29.0,28.5,6305,182581.5,01-DEC-2020,91,INE952A01022,
HINDOILEXP,EQ,78.0,78.4,76.65,77.75,77.85,76.65,366293,28478319.7,01-DEC-2020,2696,INE345A01011,
HINDPETRO,EQ,210.0,212.5,208.8,211.6,211.35,209.35,4018504,849243803.95,01-DEC-2020,44632,INE094A01015,
HINDUNILVR,EQ,2159.0,2159.0,2129.6,2133.05,2134.9,2138.2,2226742,4765666621.75,01-DEC-2020,112019,INE030A01027,
HINDZINC,EQ,232.0,235.0,227.0,227.6,228.2,229.7,1010004,232259614.7,01-DEC-2020,14190,INE267A01025,
HIRECT,EQ,146.05,149.65,141.6,143.95,144.0,144.65,36466,5260150.55,01-DEC-2020,881,INE835D01023,
HISARMETAL,EQ,75.05,78.7,75.05,77.3,76.4,76.8,5254,405407.75,01-DEC-2020,287,INE598C01011,
HITECH,EQ,161.05,161.05,155.55,157.4,155.7,160.75,14077,2238015.3,01-DEC-2020,148,INE106T01017,
HITECHCORP,EQ,115.95,117.9,113.2,116.1,116.05,113.2,4228,490864.9,01-DEC-2020,92,INE120D01012,
HITECHGEAR,BE,143.0,150.15,139.1,147.35,147.0,143.0,10078,1477410.2,01-DEC-2020,131,INE127B01011,
HLVLTD,EQ,4.9,5.35,4.85,5.1,5.1,4.9,943453,4816627.8,01-DEC-2020,885,INE102A01024,
HMVL,EQ,58.0,58.0,54.3,56.1,56.05,57.0,13220,742010.75,01-DEC-2020,212,INE871K01015,
HNDFDS,EQ,898.0,908.4,870.0,903.9,905.35,882.0,8937,8009646.0,01-DEC-2020,1013,INE254N01018,
HNGSNGBEES,EQ,350.0,360.0,346.5,346.5,346.5,346.3,989,347909.64,01-DEC-2020,57,INF204KB19I1,
HONAUT,EQ,32000.0,32054.55,31598.8,31749.55,31701.05,31957.0,2742,87384273.3,01-DEC-2020,1823,INE671A01010,
HONDAPOWER,EQ,963.45,990.0,958.95,973.75,976.0,958.65,9241,8972358.6,01-DEC-2020,1149,INE634A01018,
HOTELRUGBY,EQ,1.2,1.2,1.2,1.2,1.2,1.2,100,120.0,01-DEC-2020,1,INE275F01019,
HOVS,EQ,31.3,32.2,30.35,32.2,32.2,30.7,19176,610401.4,01-DEC-2020,214,INE596H01014,
HPL,EQ,35.3,36.6,35.3,35.75,35.9,35.3,255931,9217467.8,01-DEC-2020,2476,INE495S01016,
HSCL,EQ,41.3,43.05,41.15,42.45,42.55,41.0,5625461,237486034.1,01-DEC-2020,21414,INE019C01026,
HSIL,EQ,103.0,105.0,101.85,103.25,103.8,103.0,275085,28451436.1,01-DEC-2020,2852,INE415A01038,
HTMEDIA,EQ,14.15,14.8,13.75,14.35,14.45,14.15,237019,3364769.55,01-DEC-2020,2277,INE501G01024,
HUBTOWN,EQ,12.9,13.3,12.25,13.3,13.3,12.1,91369,1203507.85,01-DEC-2020,252,INE703H01016,
HUDCO,EQ,35.55,37.7,35.2,37.25,37.2,35.3,4789882,177356779.9,01-DEC-2020,12905,INE031A01017,
HUHTAMAKI,EQ,306.0,315.0,302.0,305.95,305.5,309.15,136407,41895106.65,01-DEC-2020,2531,INE275B01026,
IBMFNIFTY,EQ,129.0,130.95,127.51,128.63,129.9,126.88,439,56902.02,01-DEC-2020,47,INF666M01FS5,
IBREALEST,EQ,65.1,70.95,65.05,69.7,70.0,64.75,12434966,859689589.95,01-DEC-2020,48239,INE069I01010,
IBULHSGFIN,EQ,189.0,194.1,185.4,188.85,188.9,187.05,14075121,2674473117.65,01-DEC-2020,98262,INE148I01020,
IBULISL,EQ,56.45,56.45,55.0,56.45,56.45,53.8,183541,10324227.15,01-DEC-2020,458,INE126M01010,
ICEMAKE,EQ,89.95,89.95,87.55,88.8,89.0,86.45,40749,3621547.55,01-DEC-2020,489,INE520Y01019,
ICICI500,EQ,174.65,176.99,171.6,176.87,176.97,174.65,1397,246339.86,01-DEC-2020,176,INF109KC1CZ3,
ICICIALPLV,EQ,129.7,130.0,128.6,130.0,130.0,129.48,2339,302384.69,01-DEC-2020,52,INF109KC1N59,
ICICIB22,EQ,29.2,29.65,29.07,29.53,29.51,29.19,445997,13138089.81,01-DEC-2020,5354,INF109KB15Y7,
ICICIBANK,EQ,479.7,488.5,474.3,485.1,484.2,473.35,20120049,9705403161.65,01-DEC-2020,186612,INE090A01021,
ICICIBANKN,EQ,307.7,307.7,293.24,296.19,296.8,294.22,7034,2083099.83,01-DEC-2020,325,INF109KC1E27,
ICICIBANKP,EQ,163.95,164.0,162.17,163.22,163.0,161.97,7308,1193718.77,01-DEC-2020,145,INF109KC1E35,
ICICIGI,EQ,1470.0,1499.9,1459.05,1471.15,1473.15,1451.4,1102450,1635726040.1,01-DEC-2020,63049,INE765G01017,
ICICIGOLD,EQ,50.4,50.4,42.8,43.18,43.2,43.83,167993,7267901.15,01-DEC-2020,2113,INF109KC1NT3,
ICICILIQ,EQ,1000.0,1000.0,998.65,999.99,999.99,999.99,9061,9060853.11,01-DEC-2020,32,INF109KC1KT9,
ICICILOVOL,EQ,109.7,109.7,104.0,106.29,106.8,105.44,161933,17208279.14,01-DEC-2020,391,INF109KB10T8,
ICICIM150,EQ,75.0,77.25,73.73,75.95,75.95,74.7,14026,1058460.88,01-DEC-2020,91,INF109KC1G82,
ICICIMCAP,EQ,74.9,75.0,72.56,74.46,74.6,73.67,12894,959779.37,01-DEC-2020,192,INF109KB1XT3,
ICICINF100,EQ,141.0,142.89,140.6,142.06,142.0,140.84,2500,353779.96,01-DEC-2020,238,INF109KA1962,
ICICINIFTY,EQ,155.5,155.5,129.4,139.25,139.4,137.63,153170,21277602.03,01-DEC-2020,8687,INF109K012R6,
ICICINV20,EQ,65.65,68.25,63.5,65.43,65.38,64.72,5057,330199.17,01-DEC-2020,455,INF109KB1WY5,
ICICINXT50,EQ,31.77,31.8,30.22,31.1,31.08,30.8,17499,544596.5,01-DEC-2020,267,INF109KC1NS5,
ICICIPRULI,EQ,449.0,459.0,442.75,457.35,458.0,441.7,2368793,1068373927.95,01-DEC-2020,55522,INE726G01019,
ICICISENSX,EQ,479.97,481.48,470.01,479.6,481.0,473.91,490,234873.28,01-DEC-2020,92,INF346A01034,
ICICITECH,EQ,219.5,222.99,219.5,222.91,222.63,219.43,5720,1262612.95,01-DEC-2020,148,INF109KC1N67,
ICIL,EQ,154.2,162.0,154.2,159.4,159.6,155.5,164567,26176823.9,01-DEC-2020,1905,INE483B01026,
ICRA,EQ,2623.85,2810.0,2612.0,2751.65,2772.0,2610.9,13023,35605030.75,01-DEC-2020,1991,INE725G01011,
IDBI,EQ,38.25,39.25,38.0,38.45,38.55,38.1,2115891,81477392.7,01-DEC-2020,7054,INE008A01015,
IDBIGOLD,EQ,4722.7,4722.7,4400.0,4462.75,4480.0,4522.7,404,1802020.55,01-DEC-2020,133,INF397L01554,
IDEA,EQ,9.8,10.35,9.6,10.0,10.1,9.8,354320484,3538909385.9,01-DEC-2020,137631,INE669E01016,
IDFC,EQ,42.15,42.4,39.5,40.65,40.45,41.8,5380814,223619675.1,01-DEC-2020,14647,INE043D01016,
IDFCFIRSTB,EQ,37.1,37.3,36.55,37.1,37.1,36.75,23224844,860579240.0,01-DEC-2020,51302,INE092T01019,
IDFNIFTYET,EQ,149.27,154.0,146.5,147.5,147.5,146.27,615,91002.51,01-DEC-2020,91,INF194KA1U07,
IEX,EQ,219.5,223.5,214.15,218.0,219.1,217.7,1787783,388917331.3,01-DEC-2020,72411,INE022Q01020,
IFBAGRO,EQ,500.0,508.95,486.15,498.8,496.7,497.95,31587,15764284.55,01-DEC-2020,1773,INE076C01018,
IFBIND,EQ,777.85,789.9,760.0,784.15,786.95,776.1,21615,16885238.65,01-DEC-2020,1465,INE559A01017,
IFCI,EQ,6.45,6.7,6.35,6.65,6.65,6.4,3626938,23818103.45,01-DEC-2020,63327,INE039A01010,
IFGLEXPOR,EQ,172.4,183.95,172.35,180.15,180.0,175.05,7471,1346312.35,01-DEC-2020,469,INE133Y01011,
IGARASHI,EQ,329.1,341.95,322.15,330.85,330.6,329.1,92176,30848400.15,01-DEC-2020,3892,INE188B01013,
IGL,EQ,500.95,503.85,481.0,482.4,483.85,496.4,5063995,2467708449.15,01-DEC-2020,73622,INE203G01027,
IGPL,EQ,450.0,457.0,437.1,454.1,455.05,444.85,38540,17466921.65,01-DEC-2020,1028,INE204A01010,
IIFL,EQ,102.7,117.2,101.0,112.8,114.8,100.2,4580199,500140788.3,01-DEC-2020,39081,INE530B01024,
IIFLSEC,EQ,43.05,44.4,42.0,42.85,42.9,43.1,1019225,43906077.8,01-DEC-2020,2638,INE489L01022,
IIFLWAM,EQ,1020.65,1040.0,989.05,997.7,992.05,1015.65,24309,24399009.6,01-DEC-2020,4626,INE466L01020,
IITL,EQ,57.5,58.4,56.0,57.0,57.0,57.4,996,56429.2,01-DEC-2020,42,INE886A01014,
IMAGICAA,EQ,4.9,4.95,4.4,4.75,4.8,4.8,210238,985307.65,01-DEC-2020,291,INE172N01012,
IMFA,EQ,294.0,294.0,287.0,289.1,289.75,287.9,20644,5989538.85,01-DEC-2020,987,INE919H01018,
IMPAL,EQ,539.0,539.0,515.25,528.05,526.0,534.5,3019,1593133.5,01-DEC-2020,219,INE547E01014,
IMPEXFERRO,EQ,0.65,0.75,0.65,0.75,0.7,0.7,107654,74518.3,01-DEC-2020,85,INE691G01015,
INDBANK,EQ,9.6,9.6,9.3,9.35,9.3,9.15,165897,1581233.6,01-DEC-2020,619,INE841B01017,
INDHOTEL,EQ,120.0,121.95,118.6,120.1,120.0,118.2,2550130,306808814.9,01-DEC-2020,33912,INE053A01029,
INDIACEM,EQ,159.0,162.3,155.75,156.05,156.1,158.6,1609100,254519514.6,01-DEC-2020,14350,INE383A01012,
INDIAGLYCO,EQ,294.5,298.5,291.05,294.35,293.5,294.9,128475,37892023.0,01-DEC-2020,4895,INE560A01015,
INDIAMART,EQ,5135.1,5200.3,5050.0,5145.25,5110.0,5092.4,164082,843323854.45,01-DEC-2020,39356,INE933S01016,
INDIANB,EQ,68.55,69.8,67.5,69.15,68.85,67.45,3530904,243030347.25,01-DEC-2020,15933,INE562A01011,
INDIANCARD,EQ,98.1,103.7,98.1,101.1,101.5,97.9,5413,546792.75,01-DEC-2020,221,INE061A01014,
INDIANHUME,EQ,177.55,180.4,176.85,177.65,177.25,177.25,34391,6145991.55,01-DEC-2020,868,INE323C01030,
INDIGO,EQ,1530.0,1571.45,1515.5,1559.75,1560.0,1514.15,1581554,2455298285.85,01-DEC-2020,38428,INE646L01027,
INDLMETER,EQ,14.5,14.95,13.85,14.25,14.25,14.4,8388,120899.5,01-DEC-2020,61,INE065B01013,
INDNIPPON,EQ,338.0,346.0,338.0,342.2,341.5,343.35,37840,12928490.75,01-DEC-2020,1538,INE092B01025,
INDOCO,EQ,263.45,269.0,263.4,268.15,269.0,261.35,68951,18428274.3,01-DEC-2020,1891,INE873D01024,
INDORAMA,EQ,24.4,24.5,24.05,24.15,24.25,24.25,26787,650957.9,01-DEC-2020,175,INE156A01020,
INDOSTAR,EQ,295.2,298.75,294.9,295.2,295.0,296.2,14749,4365079.3,01-DEC-2020,711,INE896L01010,
INDOTECH,EQ,103.8,110.0,97.0,101.65,100.5,96.05,162717,16778032.25,01-DEC-2020,2961,INE332H01014,
INDOTHAI,EQ,21.15,21.15,19.55,20.6,20.3,20.25,5520,113758.9,01-DEC-2020,89,INE337M01013,
INDOWIND,EQ,3.25,3.45,3.2,3.35,3.4,3.2,221581,736178.85,01-DEC-2020,266,INE227G01018,
INDRAMEDCO,EQ,51.75,52.8,51.5,52.05,52.1,51.65,168109,8756492.9,01-DEC-2020,1302,INE681B01017,
INDSWFTLAB,EQ,61.5,63.8,60.2,63.8,63.8,60.8,80136,5077175.9,01-DEC-2020,596,INE915B01019,
INDSWFTLTD,BE,3.45,3.45,3.45,3.45,3.45,3.3,950,3277.5,01-DEC-2020,4,INE788B01028,
INDTERRAIN,EQ,34.05,35.5,33.4,33.9,33.9,34.05,154393,5281852.9,01-DEC-2020,1011,INE611L01021,
INDUSINDBK,EQ,863.0,900.0,858.1,895.5,900.0,857.65,14690547,12949391326.95,01-DEC-2020,219225,INE095A01012,
INEOSSTYRO,EQ,703.0,742.1,700.05,732.6,730.5,695.5,138469,101142641.9,01-DEC-2020,3006,INE189B01011,
INFIBEAM,EQ,86.0,86.6,82.1,85.25,85.0,78.75,4814948,403807060.2,01-DEC-2020,9298,INE483S01020,
INFOBEAN,EQ,135.0,140.0,131.0,132.0,132.05,134.05,25560,3468287.9,01-DEC-2020,518,INE344S01016,
INFRABEES,EQ,367.6,367.6,356.27,360.17,361.0,353.46,219,78797.76,01-DEC-2020,34,INF732E01268,
INFRATEL,EQ,223.0,225.2,215.0,216.0,216.2,218.6,17577449,3860209968.05,01-DEC-2020,93768,INE121J01017,
INFY,EQ,1105.05,1140.25,1105.05,1137.85,1137.05,1100.0,8933802,10087463062.05,01-DEC-2020,227850,INE009A01021,
INGERRAND,EQ,657.0,657.0,631.0,638.05,636.9,648.1,31408,20260292.65,01-DEC-2020,1848,INE177A01018,
INOXLEISUR,EQ,274.95,275.0,271.0,274.05,274.0,270.55,557926,152547011.3,01-DEC-2020,12825,INE312H01016,
INOXWIND,EQ,51.4,55.6,50.55,55.0,54.95,50.55,630897,34759032.85,01-DEC-2020,3664,INE066P01011,
INSECTICID,EQ,440.0,459.0,440.0,448.25,448.3,441.15,47578,21439639.9,01-DEC-2020,2478,INE070I01018,
INSPIRISYS,EQ,29.4,29.75,28.35,29.25,29.5,29.4,3888,113474.95,01-DEC-2020,59,INE020G01017,
INTEGRA,EQ,0.9,0.95,0.9,0.95,0.95,0.9,3737,3475.15,01-DEC-2020,13,INE418N01027,
INTELLECT,EQ,272.75,282.0,272.75,280.75,279.25,272.75,239871,67033430.65,01-DEC-2020,5300,INE306R01017,
INTENTECH,EQ,33.95,34.5,32.8,33.2,32.95,33.05,66510,2217390.15,01-DEC-2020,374,INE781A01025,
INVENTURE,EQ,22.95,22.95,21.8,22.55,22.7,21.85,35771,802521.0,01-DEC-2020,194,INE878H01016,
IOB,EQ,11.05,11.05,10.85,10.85,10.9,10.95,2804883,30558918.55,01-DEC-2020,3733,INE565A01014,
IOC,EQ,85.0,86.0,84.1,85.85,85.9,84.6,14386967,1227002707.95,01-DEC-2020,40823,INE242A01010,
IOLCP,EQ,785.0,807.0,780.1,785.15,786.0,781.55,467765,371012971.9,01-DEC-2020,18622,INE485C01011,
IPCALAB,EQ,2220.5,2299.0,2210.2,2273.8,2270.0,2166.75,942717,2128029301.3,01-DEC-2020,84296,INE571A01020,
IRB,EQ,119.0,120.95,118.55,119.15,119.3,118.6,379879,45495939.85,01-DEC-2020,4052,INE821I01014,
IRCON,EQ,85.0,86.95,84.65,85.9,85.8,85.6,790420,68015951.35,01-DEC-2020,5312,INE962Y01021,
IRCTC,EQ,1358.0,1368.0,1353.5,1358.1,1359.9,1353.45,189344,257924017.8,01-DEC-2020,11233,INE335Y01012,
ISEC,EQ,448.55,450.0,435.0,445.0,444.6,448.55,763066,338776289.0,01-DEC-2020,18325,INE763G01038,
ISFT,EQ,62.7,63.65,61.45,62.6,62.75,61.45,10631,667582.9,01-DEC-2020,176,INE566K01011,
ISMTLTD,EQ,10.7,10.7,10.7,10.7,10.7,10.2,48383,517698.1,01-DEC-2020,38,INE732F01019,
ITC,EQ,195.0,196.35,192.4,194.4,194.6,193.65,15893346,3093531102.45,01-DEC-2020,94417,INE154A01025,
ITDC,EQ,263.5,272.9,260.3,267.4,267.0,266.2,122652,32810800.9,01-DEC-2020,5502,INE353K01014,
ITDCEM,EQ,56.5,57.1,55.8,56.15,56.0,56.15,386407,21817195.75,01-DEC-2020,2807,INE686A01026,
ITI,EQ,124.15,126.1,123.65,124.2,124.3,124.2,439558,54839549.7,01-DEC-2020,4679,INE248A01017,
IVC,BE,4.05,4.05,3.95,4.05,4.05,3.9,249573,1008790.55,01-DEC-2020,203,INE050B01023,
IVP,EQ,68.75,70.35,65.1,70.05,70.35,67.0,8559,598058.5,01-DEC-2020,168,INE043C01018,
IVZINGOLD,EQ,4400.0,4464.0,4357.0,4390.0,4390.0,4464.0,48,211184.5,01-DEC-2020,29,INF205K01361,
IVZINNIFTY,EQ,1589.0,1670.0,1349.0,1417.5,1417.5,1400.0,343,486355.1,01-DEC-2020,33,INF205K01DA9,
IZMO,EQ,49.0,50.65,49.0,50.65,50.65,48.25,19929,1003413.8,01-DEC-2020,131,INE848A01014,
J&KBANK,EQ,24.0,24.6,23.95,24.05,24.05,23.9,4632790,112029254.25,01-DEC-2020,11943,INE168A01041,
JAGRAN,EQ,39.75,41.2,39.75,40.6,40.5,39.75,410067,16652026.9,01-DEC-2020,2586,INE199G01027,
JAGSNPHARM,EQ,64.1,64.1,60.3,61.7,61.65,62.55,96160,5991265.85,01-DEC-2020,1225,INE048B01027,
JAIBALAJI,EQ,19.8,21.3,19.8,21.3,21.3,19.4,64261,1340541.9,01-DEC-2020,369,INE091G01018,
JAICORPLTD,EQ,91.4,95.6,91.2,93.15,92.8,91.5,2049034,192303279.45,01-DEC-2020,12764,INE070D01027,
JAMNAAUTO,EQ,56.65,56.9,55.85,56.75,56.85,56.3,800141,45190961.2,01-DEC-2020,4337,INE039C01032,
JASH,EQ,208.25,224.0,205.0,214.25,214.9,214.35,5263,1130864.25,01-DEC-2020,172,INE039O01011,
JAYAGROGN,EQ,98.65,108.5,98.65,107.3,108.5,98.65,48022,5031442.15,01-DEC-2020,651,INE785A01026,
JAYBARMARU,EQ,240.25,266.5,236.3,255.85,258.25,239.3,400152,102776855.45,01-DEC-2020,9755,INE571B01028,
JAYNECOIND,EQ,3.9,3.95,3.7,3.95,3.95,3.8,73014,282080.4,01-DEC-2020,89,INE854B01010,
JAYSREETEA,EQ,70.3,70.75,68.5,69.65,69.35,70.15,233104,16215881.15,01-DEC-2020,2495,INE364A01020,
JBCHEPHARM,EQ,1010.0,1011.25,997.3,1005.55,1003.05,994.7,243979,245191879.45,01-DEC-2020,9999,INE572A01028,
JBFIND,EQ,7.25,7.25,6.85,7.15,7.15,7.1,236869,1674972.2,01-DEC-2020,1410,INE187A01017,
JBMA,EQ,274.5,289.0,272.8,285.5,284.25,270.75,125250,35574377.45,01-DEC-2020,4080,INE927D01028,
JCHAC,EQ,2323.8,2323.8,2230.0,2242.85,2230.0,2286.4,20578,46512156.4,01-DEC-2020,2126,INE782A01015,
JHS,EQ,20.9,21.95,20.45,20.65,20.6,21.0,123952,2593993.0,01-DEC-2020,357,INE544H01014,
JIKIND,BE,0.5,0.5,0.45,0.45,0.45,0.5,21048,10038.5,01-DEC-2020,24,INE026B01049,
JINDALPHOT,EQ,14.0,14.5,13.7,14.35,14.4,14.0,8167,115082.85,01-DEC-2020,62,INE796G01012,
JINDALPOLY,EQ,470.0,482.2,468.5,473.55,473.05,468.4,21339,10193581.75,01-DEC-2020,1138,INE197D01010,
JINDALSAW,EQ,70.15,73.1,69.15,72.0,71.85,69.75,2377632,171329604.2,01-DEC-2020,13356,INE324A01024,
JINDALSTEL,EQ,246.0,257.45,243.6,253.15,252.2,244.0,9734697,2438178569.4,01-DEC-2020,54972,INE749A01030,
JINDRILL,EQ,92.5,96.7,85.05,95.95,96.5,88.2,139357,13033133.2,01-DEC-2020,1426,INE742C01031,
JINDWORLD,EQ,51.0,51.75,46.15,47.75,47.9,51.0,234692,11322027.35,01-DEC-2020,1560,INE247D01039,
JISLDVREQS,EQ,12.9,13.0,12.25,12.35,12.3,12.9,94618,1183960.75,01-DEC-2020,385,IN9175A01010,
JISLJALEQS,EQ,19.6,20.0,18.45,18.75,18.85,19.4,5372148,102660795.65,01-DEC-2020,9427,INE175A01038,
JITFINFRA,BE,8.0,8.1,7.6,8.05,8.1,8.0,16582,131120.65,01-DEC-2020,62,INE863T01013,
JIYAECO,BE,7.05,7.05,6.75,6.9,6.9,6.95,75167,517340.95,01-DEC-2020,216,INE023S01016,
JKCEMENT,EQ,2051.8,2085.0,2024.45,2064.1,2051.1,2029.95,153893,316891653.65,01-DEC-2020,14525,INE823G01014,
JKIL,EQ,119.1,121.45,118.0,119.1,118.6,118.7,134166,16101139.2,01-DEC-2020,2214,INE576I01022,
JKLAKSHMI,EQ,333.65,355.95,331.45,354.55,352.1,331.0,1012071,352831083.7,01-DEC-2020,19944,INE786A01032,
JKPAPER,EQ,97.1,98.65,96.25,97.5,97.5,96.45,821232,80141189.9,01-DEC-2020,8138,INE789E01012,
JKTYRE,EQ,83.5,83.5,81.7,82.3,82.25,80.5,1991899,164373101.25,01-DEC-2020,14967,INE573A01042,
JMA,EQ,33.35,33.85,32.0,32.65,32.6,32.0,27973,917758.7,01-DEC-2020,201,INE412C01023,
JMCPROJECT,EQ,53.1,59.8,53.1,58.3,58.5,53.1,1039150,59766877.6,01-DEC-2020,6122,INE890A01024,
JMFINANCIL,EQ,82.4,83.3,80.6,82.55,82.75,82.4,1889383,154792694.25,01-DEC-2020,17015,INE780C01023,
JMTAUTOLTD,EQ,2.7,2.75,2.55,2.65,2.7,2.65,649479,1733780.75,01-DEC-2020,676,INE988E01036,
JOCIL,EQ,158.35,164.0,157.5,161.7,164.0,161.45,7985,1283197.85,01-DEC-2020,308,INE839G01010,
JPASSOCIAT,EQ,3.75,3.85,3.7,3.85,3.85,3.7,8457381,32389578.9,01-DEC-2020,3202,INE455F01025,
JPINFRATEC,EQ,1.3,1.3,1.25,1.3,1.3,1.3,1854633,2345084.9,01-DEC-2020,577,INE099J01015,
JPOLYINVST,EQ,13.0,14.3,13.0,13.5,13.5,13.65,1387,18730.05,01-DEC-2020,15,INE147P01019,
JPPOWER,EQ,2.35,2.4,2.25,2.35,2.35,2.35,8948448,20665568.55,01-DEC-2020,1612,INE351F01018,
JSL,EQ,63.75,65.5,62.55,64.35,64.45,63.75,406021,26162884.55,01-DEC-2020,4370,INE220G01021,
JSLHISAR,EQ,119.5,121.0,117.7,120.05,120.2,118.85,441403,52679523.4,01-DEC-2020,6255,INE455T01018,
JSWENERGY,EQ,62.25,64.55,62.25,63.1,63.0,61.9,2191376,139168019.85,01-DEC-2020,7310,INE121E01018,
JSWHL,EQ,3370.0,3554.95,3275.0,3306.45,3291.1,3453.8,2269,7607859.2,01-DEC-2020,696,INE824G01012,
JSWISPL,EQ,18.8,20.05,18.3,20.05,20.05,18.25,3292752,65727871.2,01-DEC-2020,1942,INE743C01021,
JSWSTEEL,EQ,354.5,359.0,351.85,358.15,357.6,350.2,6475456,2302073085.9,01-DEC-2020,50624,INE019A01038,
JTEKTINDIA,EQ,79.2,83.4,79.2,80.75,80.9,80.2,322970,26251045.0,01-DEC-2020,2419,INE643A01035,
JUBILANT,EQ,729.0,734.8,712.75,727.1,730.05,723.0,221630,160011955.8,01-DEC-2020,8440,INE700A01033,
JUBLFOOD,EQ,2550.0,2550.0,2466.1,2511.95,2540.0,2500.8,669366,1671441192.85,01-DEC-2020,33136,INE797F01012,
JUBLINDS,EQ,217.0,237.25,209.7,237.25,237.25,215.7,110264,25000047.6,01-DEC-2020,2296,INE645L01011,
JUMPNET,EQ,19.5,19.5,19.5,19.5,19.5,20.05,91174,1777893.0,01-DEC-2020,304,INE974C01022,
JUNIORBEES,EQ,327.0,327.0,309.0,321.77,322.0,317.23,67116,21520859.99,01-DEC-2020,3886,INF732E01045,
JUSTDIAL,EQ,608.9,612.5,594.25,599.5,599.5,606.85,638561,382698787.7,01-DEC-2020,21601,INE599M01018,
JYOTHYLAB,EQ,141.7,144.9,140.6,143.4,143.7,140.9,712127,101873941.35,01-DEC-2020,13013,INE668F01031,
KABRAEXTRU,EQ,79.95,80.0,76.1,77.55,77.7,78.75,8645,676342.45,01-DEC-2020,186,INE900B01029,
KAJARIACER,EQ,650.0,681.15,648.2,674.35,672.0,647.9,855149,570670859.0,01-DEC-2020,22508,INE217B01036,
KAKATCEM,EQ,170.55,184.0,169.8,176.55,176.35,170.15,115695,20610343.5,01-DEC-2020,2901,INE437B01014,
KALPATPOWR,EQ,320.75,330.0,320.75,323.9,324.0,320.6,331122,107843011.45,01-DEC-2020,8378,INE220B01022,
KALYANIFRG,BE,131.75,137.5,128.6,135.95,135.95,131.45,2059,275096.15,01-DEC-2020,45,INE314G01014,
KAMATHOTEL,EQ,34.65,35.0,33.7,34.05,33.9,34.15,161331,5537099.85,01-DEC-2020,887,INE967C01018,
KAMDHENU,EQ,75.65,79.3,75.65,78.7,79.0,75.7,37431,2924296.3,01-DEC-2020,388,INE390H01012,
KANANIIND,EQ,3.25,3.25,3.05,3.25,3.25,3.1,34450,111921.7,01-DEC-2020,39,INE879E01037,
KANORICHEM,EQ,41.75,43.75,41.3,41.9,41.6,42.2,65703,2779689.95,01-DEC-2020,683,INE138C01024,
KANSAINER,EQ,539.7,552.95,535.25,547.65,547.1,541.95,282084,154039500.9,01-DEC-2020,11312,INE531A01024,
KAPSTON,BE,97.25,101.0,97.25,101.0,101.0,101.95,528,52757.0,01-DEC-2020,11,INE542Z01010,
KARDA,EQ,117.95,121.05,115.3,116.85,117.7,115.3,363133,43081569.85,01-DEC-2020,920,INE278R01026,
KARMAENG,EQ,9.4,9.4,8.85,9.4,9.4,9.4,2253,20391.75,01-DEC-2020,38,INE725L01011,
KARURVYSYA,EQ,37.35,37.9,37.25,37.35,37.35,37.5,1148915,43111266.65,01-DEC-2020,6161,INE036D01028,
KAUSHALYA,EQ,1.45,1.45,1.35,1.35,1.35,1.4,60632,85025.55,01-DEC-2020,47,INE234I01010,
KAYA,EQ,257.0,262.8,255.0,261.5,260.6,256.4,31000,8069233.45,01-DEC-2020,1054,INE587G01015,
KCP,EQ,70.15,77.3,70.15,74.1,73.85,70.6,2174822,162220258.0,01-DEC-2020,11202,INE805C01028,
KCPSUGIND,EQ,15.95,16.0,15.15,15.9,15.9,15.8,335767,5306242.9,01-DEC-2020,848,INE790B01024,
KDDL,EQ,178.4,190.0,175.9,185.15,182.15,173.8,8820,1605071.05,01-DEC-2020,299,INE291D01011,
KEC,EQ,365.0,377.7,357.8,375.5,377.0,359.5,1159538,430724613.0,01-DEC-2020,32427,INE389H01022,
KECL,EQ,11.7,12.95,11.7,12.9,12.85,11.8,171166,2181202.25,01-DEC-2020,617,INE134B01017,
KEERTI,EQ,24.6,25.2,23.55,25.2,25.2,24.0,7958,198472.9,01-DEC-2020,61,INE586X01012,
KEI,EQ,448.0,448.0,414.1,417.95,421.95,424.9,344188,145874636.25,01-DEC-2020,16423,INE878B01027,
KELLTONTEC,EQ,54.0,54.45,52.5,54.2,54.0,53.5,604266,32364200.85,01-DEC-2020,1303,INE164B01022,
KENNAMET,EQ,825.25,848.0,825.25,844.45,847.9,833.45,10219,8625110.3,01-DEC-2020,613,INE717A01029,
KERNEX,BE,24.05,24.05,21.95,23.0,23.0,23.1,6101,136277.1,01-DEC-2020,38,INE202H01019,
KESORAMIND,EQ,55.7,55.85,50.55,50.8,50.7,52.9,2164324,112136558.3,01-DEC-2020,9287,INE087A01019,
KEYFINSERV,EQ,100.0,100.1,100.0,100.0,100.0,105.25,34800,3480000.2,01-DEC-2020,336,INE681C01015,
KHADIM,EQ,113.6,117.55,113.5,116.5,116.25,115.55,102165,11749632.55,01-DEC-2020,2143,INE834I01025,
KHAICHEM,EQ,21.25,21.25,20.2,20.45,20.45,20.65,332832,6839151.45,01-DEC-2020,2070,INE745B01028,
KHANDSE,EQ,8.95,8.95,8.9,8.9,8.9,8.95,224,1993.85,01-DEC-2020,4,INE060B01014,
KICL,EQ,1340.5,1439.9,1260.9,1317.55,1429.8,1334.95,11833,15812070.85,01-DEC-2020,1483,INE029L01018,
KILITCH,BE,93.2,95.45,90.75,93.6,93.6,93.2,3759,350454.7,01-DEC-2020,42,INE729D01010,
KINGFA,EQ,538.05,552.5,531.0,537.75,538.0,537.5,6178,3335291.05,01-DEC-2020,440,INE473D01015,
KIOCL,EQ,115.65,117.0,112.0,112.65,112.0,115.7,86091,9791287.8,01-DEC-2020,891,INE880L01014,
KIRIINDUS,EQ,515.0,534.95,509.95,518.7,518.2,515.0,169187,88481561.8,01-DEC-2020,6733,INE415I01015,
KIRLFER,EQ,116.9,130.0,116.0,126.25,125.9,114.85,1076671,134938053.45,01-DEC-2020,12098,INE884B01025,
KIRLOSBROS,EQ,137.6,143.9,137.6,140.3,139.95,138.65,194768,27268524.15,01-DEC-2020,3236,INE732A01036,
KIRLOSENG,EQ,117.3,127.9,114.45,125.6,124.0,114.5,1776385,220758522.25,01-DEC-2020,14010,INE146L01010,
KIRLOSIND,EQ,725.0,814.85,699.95,792.3,793.0,715.0,26848,21002751.0,01-DEC-2020,2166,INE250A01039,
KITEX,EQ,104.45,106.0,103.75,104.9,104.95,103.6,192109,20176789.0,01-DEC-2020,2439,INE602G01020,
KKCL,EQ,785.0,788.9,766.05,779.25,777.05,765.45,1144,891138.55,01-DEC-2020,157,INE401H01017,
KMSUGAR,EQ,11.95,12.2,11.3,12.0,12.05,11.75,736343,8783338.2,01-DEC-2020,1653,INE157H01023,
KNRCON,EQ,288.05,290.0,285.0,286.25,286.55,285.1,88227,25364270.8,01-DEC-2020,4435,INE634I01029,
KOKUYOCMLN,EQ,63.0,63.75,61.6,62.5,62.35,62.85,135948,8550144.85,01-DEC-2020,1671,INE760A01029,
KOLTEPATIL,EQ,214.85,218.0,213.0,214.35,214.4,211.75,128911,27700294.4,01-DEC-2020,3496,INE094I01018,
KOPRAN,EQ,128.75,128.75,125.0,128.75,128.75,122.65,581226,74661586.0,01-DEC-2020,1763,INE082A01010,
KOTAKBANK,EQ,1930.0,1930.0,1864.55,1875.85,1876.1,1907.1,7955798,15012468288.05,01-DEC-2020,180739,INE237A01028,
KOTAKBKETF,EQ,298.64,302.5,297.6,300.95,300.85,298.64,101198,30477337.61,01-DEC-2020,2058,INF174K01F59,
KOTAKGOLD,EQ,426.95,426.95,422.0,422.15,422.5,427.15,56643,23956249.75,01-DEC-2020,2088,INF373I01049,
KOTAKNIFTY,EQ,135.2,137.0,135.03,136.47,136.33,135.2,48344,6581105.68,01-DEC-2020,556,INF174K014P6,
KOTAKNV20,EQ,66.8,67.0,65.5,66.84,66.9,65.9,4348,289299.14,01-DEC-2020,99,INF174K01Z71,
KOTAKPSUBK,EQ,153.0,157.9,153.0,156.9,156.6,152.57,41068,6419910.73,01-DEC-2020,301,INF373I01023,
KOTARISUG,EQ,15.05,16.4,15.05,15.7,15.7,15.55,67013,1058897.8,01-DEC-2020,215,INE419A01022,
KOTHARIPET,EQ,15.9,16.45,15.85,16.25,16.3,15.65,50784,824418.4,01-DEC-2020,288,INE720A01015,
KOTHARIPRO,EQ,63.0,64.4,60.7,63.5,64.0,63.45,7189,452187.3,01-DEC-2020,249,INE823A01017,
KPITTECH,EQ,107.7,111.0,106.35,108.9,109.4,106.9,590141,64363164.15,01-DEC-2020,6480,INE04I401011,
KPRMILL,EQ,787.05,799.9,751.25,773.5,775.0,805.5,81607,63066508.05,01-DEC-2020,5945,INE930H01023,
KRBL,EQ,258.0,274.0,257.2,271.7,271.55,257.8,1003562,268580971.0,01-DEC-2020,12320,INE001B01026,
KREBSBIO,EQ,95.95,97.0,95.3,96.5,96.9,94.4,33228,3204778.65,01-DEC-2020,326,INE268B01013,
KRIDHANINF,EQ,2.55,2.75,2.55,2.65,2.75,2.65,168421,451423.85,01-DEC-2020,181,INE524L01026,
KRISHANA,BE,72.0,75.4,70.0,70.35,70.05,72.0,2357,169372.1,01-DEC-2020,33,INE506W01012,
KSB,EQ,572.1,573.0,563.35,567.75,567.4,569.25,73090,41510443.25,01-DEC-2020,1406,INE999A01015,
KSCL,EQ,495.0,495.1,480.4,485.65,485.1,490.8,311469,151006910.8,01-DEC-2020,11762,INE455I01029,
KSL,EQ,238.1,241.1,236.5,239.45,239.0,237.75,53974,12899543.95,01-DEC-2020,1740,INE907A01026,
KTKBANK,EQ,47.55,48.8,47.3,48.05,48.05,47.3,3192471,153896543.15,01-DEC-2020,7643,INE614B01018,
KUANTUM,EQ,42.65,43.45,42.6,43.1,43.2,42.6,6374,273694.4,01-DEC-2020,75,INE529I01021,
KWALITY,EQ,2.9,2.9,2.9,2.9,2.9,2.8,121216,351526.4,01-DEC-2020,167,INE775B01025,
L&TFH,EQ,86.25,89.0,84.0,87.75,87.4,86.85,31020865,2711507165.35,01-DEC-2020,97439,INE498L01015,
LALPATHLAB,EQ,2290.5,2302.25,2261.2,2278.6,2267.0,2290.5,104402,238036755.6,01-DEC-2020,12798,INE600L01024,
LAMBODHARA,EQ,30.2,30.2,28.85,29.5,29.4,29.2,8083,238951.9,01-DEC-2020,98,INE112F01022,
LAOPALA,EQ,235.0,235.9,229.0,229.7,230.0,232.5,148716,34325611.35,01-DEC-2020,6371,INE059D01020,
LASA,EQ,86.25,86.4,82.7,83.15,83.3,85.3,216298,18172214.35,01-DEC-2020,1729,INE670X01014,
LAURUSLABS,EQ,320.05,326.6,311.0,322.9,322.45,316.85,4957145,1597962843.0,01-DEC-2020,62454,INE947Q01028,
LAXMIMACH,EQ,4287.0,4327.7,4100.0,4195.95,4180.0,4286.95,13027,54720469.75,01-DEC-2020,2774,INE269B01029,
LEMONTREE,EQ,34.0,36.65,33.55,36.3,36.35,33.35,9019357,325451304.7,01-DEC-2020,23479,INE970X01018,
LFIC,EQ,63.9,63.9,58.95,59.85,59.8,60.9,236,14093.5,01-DEC-2020,11,INE850E01012,
LGBBROSLTD,EQ,262.3,264.05,250.0,255.45,256.1,260.1,106876,27381567.4,01-DEC-2020,3009,INE337A01034,
LGBFORGE,EQ,2.95,3.0,2.65,2.85,2.75,2.85,265805,757710.85,01-DEC-2020,397,INE201J01017,
LIBAS,EQ,29.15,29.15,27.25,28.05,28.15,28.75,113918,3178175.85,01-DEC-2020,772,INE908V01012,
LIBERTSHOE,EQ,152.0,153.9,150.0,151.5,151.45,153.0,177682,26994752.8,01-DEC-2020,3183,INE557B01019,
LICHSGFIN,EQ,325.75,342.5,325.7,339.3,338.4,329.0,10531600,3554654627.4,01-DEC-2020,103288,INE115A01026,
LICNETFGSC,EQ,21.98,21.98,21.67,21.92,21.93,21.9,12633,276158.81,01-DEC-2020,68,INF767K01MV5,
LICNETFN50,EQ,139.0,139.0,126.8,130.46,130.1,130.69,1555,203319.31,01-DEC-2020,86,INF767K01OS7,
LICNETFSEN,EQ,458.0,464.0,454.0,460.94,464.0,458.05,38,17509.95,01-DEC-2020,15,INF767K01OT5,
LICNFNHGP,EQ,139.5,139.5,127.0,131.45,131.49,131.74,92,12036.47,01-DEC-2020,23,INF767K01PC8,
LIKHITHA,EQ,155.0,156.65,153.2,154.0,154.0,154.05,92515,14305220.0,01-DEC-2020,1075,INE060901019,
LINCOLN,EQ,241.0,242.9,237.05,238.65,238.0,242.4,42022,10094253.8,01-DEC-2020,1372,INE405C01035,
LINCPEN,EQ,195.5,195.95,178.2,188.35,192.25,192.15,13835,2593295.55,01-DEC-2020,778,INE802B01019,
LINDEINDIA,EQ,934.7,934.7,899.95,907.55,912.0,911.4,65553,60053542.25,01-DEC-2020,6383,INE473A01011,
LIQUIDBEES,EQ,1007.98,1007.98,999.9,999.99,999.99,1000.0,1091705,1091699618.51,01-DEC-2020,4176,INF732E01037,
LIQUIDETF,EQ,999.99,1000.04,999.99,999.99,1000.0,999.99,3969,3968992.53,01-DEC-2020,45,INF740KA1EU7,
LOKESHMACH,EQ,25.75,25.75,23.8,24.05,24.2,24.85,23473,574985.85,01-DEC-2020,207,INE397H01017,
LOTUSEYE,EQ,33.5,33.5,32.2,32.6,32.95,32.8,11161,363065.6,01-DEC-2020,64,INE947I01017,
LOVABLE,EQ,72.0,85.95,68.75,83.75,83.0,72.65,1120627,90442762.15,01-DEC-2020,10274,INE597L01014,
LPDC,EQ,1.4,1.4,1.4,1.4,1.4,1.35,4022,5630.8,01-DEC-2020,9,INE197J01017,
LSIL,EQ,0.7,0.75,0.65,0.75,0.75,0.7,2226899,1574437.15,01-DEC-2020,492,INE093R01011,
LT,EQ,1140.0,1140.0,1111.2,1115.95,1116.0,1122.4,3551604,3979654185.8,01-DEC-2020,81789,INE018A01030,
LTI,EQ,3271.25,3471.35,3202.05,3353.45,3353.0,3200.45,865205,2902206418.9,01-DEC-2020,75634,INE214T01019,
LTTS,EQ,1726.0,1774.0,1718.35,1770.3,1766.0,1723.2,212886,375011669.3,01-DEC-2020,21168,INE010V01017,
LUMAXIND,EQ,1325.0,1335.5,1315.1,1330.7,1333.05,1321.2,3761,4989237.1,01-DEC-2020,491,INE162B01018,
LUMAXTECH,EQ,104.0,104.0,99.95,101.65,101.5,101.95,37350,3802510.15,01-DEC-2020,741,INE872H01027,
LUPIN,EQ,894.0,914.35,892.15,909.8,912.0,891.8,2915660,2644456939.6,01-DEC-2020,47873,INE326A01037,
LUXIND,EQ,1608.0,1614.55,1581.2,1599.35,1601.1,1606.5,38673,61688062.75,01-DEC-2020,2400,INE150G01020,
LYKALABS,EQ,20.95,21.75,20.4,20.55,20.65,20.75,68373,1437345.5,01-DEC-2020,485,INE933A01014,
LYPSAGEMS,EQ,3.1,3.1,2.95,3.05,3.0,3.0,56044,168682.55,01-DEC-2020,97,INE142K01011,
M&M,EQ,736.4,736.5,708.05,734.55,732.6,722.0,5710611,4135939764.9,01-DEC-2020,82903,INE101A01026,
M&MFIN,EQ,172.3,172.4,165.25,167.7,167.7,171.0,8952373,1505672407.05,01-DEC-2020,44449,INE774D01024,
M100,EQ,20.75,22.0,20.3,20.89,20.95,20.39,160373,3346877.77,01-DEC-2020,564,INF247L01023,
M50,EQ,129.0,129.0,127.51,129.0,129.0,128.13,1255,160948.78,01-DEC-2020,30,INF247L01536,
MAANALU,EQ,86.9,90.75,85.25,88.6,88.0,86.2,89757,7994311.9,01-DEC-2020,1491,INE215I01019,
MACPOWER,EQ,60.8,63.85,60.8,62.0,62.0,61.35,4163,260301.25,01-DEC-2020,29,INE155Z01011,
MADHAV,EQ,29.0,29.85,27.7,28.35,29.0,28.2,6692,189573.3,01-DEC-2020,88,INE925C01016,
MADHUCON,EQ,3.35,3.4,3.2,3.4,3.4,3.25,81511,275264.2,01-DEC-2020,125,INE378D01032,
MADRASFERT,EQ,18.3,18.5,17.6,17.95,17.95,17.2,298144,5378818.0,01-DEC-2020,1355,INE414A01015,
MAESGETF,EQ,22.3,22.63,22.3,22.6,22.61,22.36,11109,250448.77,01-DEC-2020,32,INF769K01GS9,
MAGADSUGAR,EQ,110.45,124.0,108.1,114.85,114.8,110.3,41863,4787773.85,01-DEC-2020,541,INE347W01011,
MAGMA,EQ,46.15,47.45,46.15,46.85,47.0,46.8,274563,12883787.65,01-DEC-2020,1053,INE511C01022,
MAGNUM,EQ,4.9,4.9,4.6,4.85,4.85,4.7,9041,43086.2,01-DEC-2020,19,INE387I01016,
MAHABANK,EQ,12.45,12.75,12.2,12.4,12.35,12.2,4073853,50826025.65,01-DEC-2020,4762,INE457A01014,
MAHAPEXLTD,BE,88.3,88.3,84.1,88.3,88.3,84.1,23948,2112179.05,01-DEC-2020,99,INE843B01013,
MAHASTEEL,EQ,96.5,100.0,92.15,94.15,94.5,98.3,39500,3747805.25,01-DEC-2020,524,INE451L01014,
MAHEPC,EQ,147.75,149.55,145.4,145.85,145.9,148.2,90927,13348463.9,01-DEC-2020,1624,INE215D01010,
MAHESHWARI,BE,83.4,84.1,82.0,82.95,83.15,83.4,24441,2026939.55,01-DEC-2020,240,INE263W01010,
MAHINDCIE,EQ,160.65,162.0,155.6,159.35,159.85,160.15,153798,24399737.95,01-DEC-2020,3269,INE536H01010,
MAHLIFE,EQ,290.8,335.7,289.55,321.25,320.8,289.35,381186,121465347.7,01-DEC-2020,16757,INE813A01018,
MAHLOG,EQ,399.9,408.55,395.3,397.45,396.5,394.95,42834,17163813.75,01-DEC-2020,2516,INE766P01016,
MAHSCOOTER,EQ,3834.55,3839.1,3670.0,3683.4,3680.05,3834.55,22632,84039096.0,01-DEC-2020,3004,INE288A01013,
MAHSEAMLES,EQ,261.0,279.5,259.65,274.6,275.45,259.3,335717,91299166.1,01-DEC-2020,6885,INE271B01025,
MAITHANALL,EQ,551.9,574.9,544.85,564.15,559.0,546.2,52315,29362229.3,01-DEC-2020,2319,INE683C01011,
MAJESCO,EQ,952.0,972.0,952.0,970.35,969.5,952.5,275995,265950367.65,01-DEC-2020,3558,INE898S01029,
MALUPAPER,EQ,24.85,25.8,24.15,25.25,25.15,24.85,15520,393247.6,01-DEC-2020,131,INE383H01017,
MAN50ETF,EQ,132.55,134.0,132.55,133.37,133.37,132.49,30302,4043740.27,01-DEC-2020,293,INF769K01EG9,
MANAKALUCO,EQ,7.0,7.35,6.9,7.05,7.0,7.2,4168,29384.1,01-DEC-2020,49,INE859Q01017,
MANAKCOAT,EQ,5.25,5.45,5.25,5.25,5.25,5.5,13981,73865.3,01-DEC-2020,24,INE830Q01018,
MANAKSIA,EQ,43.75,46.25,43.05,44.9,44.9,43.75,123552,5556332.45,01-DEC-2020,931,INE015D01022,
MANAKSTEEL,EQ,13.8,13.8,12.8,13.4,13.45,13.45,65674,857882.75,01-DEC-2020,260,INE824Q01011,
MANALIPETC,EQ,35.25,36.95,35.05,36.65,36.45,35.0,2231318,81318437.05,01-DEC-2020,6058,INE201A01024,
MANAPPURAM,EQ,179.5,179.5,172.7,173.55,173.65,179.85,8340791,1457750904.9,01-DEC-2020,42925,INE522D01027,
MANGALAM,EQ,151.85,151.85,146.0,147.35,147.0,149.1,68505,10172627.9,01-DEC-2020,1047,INE584F01014,
MANGCHEFER,EQ,36.95,42.1,36.5,41.4,41.35,36.65,3669749,145602192.15,01-DEC-2020,16950,INE558B01017,
MANGLMCEM,EQ,218.0,221.65,217.4,218.8,219.0,217.4,67483,14843935.4,01-DEC-2020,1138,INE347A01017,
MANGTIMBER,EQ,9.45,9.45,9.0,9.2,9.2,9.0,2473,22524.6,01-DEC-2020,23,INE805B01012,
MANINDS,EQ,72.8,77.4,72.45,74.75,74.7,71.55,937745,70285936.0,01-DEC-2020,8069,INE993A01026,
MANINFRA,EQ,33.0,34.95,33.0,34.7,34.35,29.15,12542019,428766616.6,01-DEC-2020,29322,INE949H01023,
MANUGRAPH,EQ,10.0,10.4,9.6,10.0,10.15,10.0,6887,68835.45,01-DEC-2020,70,INE867A01022,
MANXT50,EQ,300.29,305.5,300.29,305.05,305.0,300.29,1860,563529.23,01-DEC-2020,33,INF769K01FN2,
MARALOVER,EQ,16.9,18.4,16.8,18.05,17.75,17.15,30169,538487.0,01-DEC-2020,178,INE882A01013,
MARATHON,EQ,77.85,78.65,74.1,77.3,77.0,75.4,18152,1402243.2,01-DEC-2020,413,INE182D01020,
MARICO,EQ,370.95,375.3,362.5,373.8,373.5,367.7,3530432,1309308321.0,01-DEC-2020,53790,INE196A01026,
MARKSANS,EQ,59.4,61.8,58.6,61.2,61.15,58.95,2531026,152743381.05,01-DEC-2020,11125,INE750C01026,
MARUTI,EQ,7141.8,7141.8,6975.2,7101.7,7100.0,7035.8,1076695,7610088466.3,01-DEC-2020,89996,INE585B01010,
MASFIN,EQ,1059.0,1089.9,1024.85,1036.6,1040.0,1046.95,53296,55859759.25,01-DEC-2020,4626,INE348L01012,
MASKINVEST,BE,36.5,36.5,34.7,34.7,34.7,36.5,68,2366.8,01-DEC-2020,5,INE885F01015,
MASTEK,EQ,964.0,971.95,944.75,950.5,950.0,964.15,94801,90033927.2,01-DEC-2020,7537,INE759A01021,
MATRIMONY,EQ,720.4,733.0,705.1,712.4,714.7,731.2,6752,4870998.15,01-DEC-2020,727,INE866R01028,
MAWANASUG,EQ,28.5,28.5,27.2,27.95,27.95,27.9,122125,3389308.6,01-DEC-2020,835,INE636A01039,
MAXHEALTH,EQ,128.0,130.6,126.5,127.4,127.6,127.05,467660,60139263.85,01-DEC-2020,5013,INE027H01010,
MAXIND,EQ,61.05,61.2,60.0,60.3,60.05,61.2,109219,6593080.25,01-DEC-2020,2115,INE0CG601016,
MAXVIL,EQ,44.55,45.55,42.25,43.75,43.5,44.5,62150,2722735.45,01-DEC-2020,682,INE154U01015,
MAYURUNIQ,EQ,275.0,275.95,270.0,272.4,272.0,273.65,56075,15371496.05,01-DEC-2020,2261,INE040D01038,
MAZDA,EQ,563.95,565.55,530.0,537.55,538.35,560.55,18550,10026003.75,01-DEC-2020,1328,INE885E01034,
MAZDOCK,EQ,180.45,183.5,180.35,182.0,182.25,179.0,1309783,238044461.25,01-DEC-2020,10070,INE249Z01012,
MBAPL,BE,69.0,69.0,68.0,68.0,68.0,68.0,3225,220300.0,01-DEC-2020,15,INE900L01010,
MBECL,BE,5.1,5.45,5.1,5.45,5.45,5.2,30838,166816.0,01-DEC-2020,54,INE748A01016,
MBLINFRA,EQ,9.1,9.2,8.8,9.1,9.2,8.8,107974,988516.35,01-DEC-2020,200,INE912H01013,
MCDHOLDING,EQ,24.5,25.0,24.15,24.95,25.0,24.0,23591,582907.85,01-DEC-2020,195,INE836H01014,
MCDOWELL-N,EQ,554.0,569.15,547.0,566.95,566.0,548.4,2308974,1291828343.35,01-DEC-2020,42841,INE854D01024,
MCL,EQ,62.7,62.7,60.0,61.0,61.0,61.55,2927,181331.8,01-DEC-2020,27,INE813V01022,
MCLEODRUSS,EQ,24.0,24.95,23.5,24.75,24.8,23.8,822052,20281693.15,01-DEC-2020,1404,INE942G01012,
MCX,EQ,1622.0,1623.95,1588.0,1592.25,1593.25,1614.95,245398,391722910.95,01-DEC-2020,31041,INE745G01035,
MEGASOFT,EQ,8.15,8.4,8.0,8.4,8.4,8.0,16195,134952.5,01-DEC-2020,61,INE933B01012,
MEGH,EQ,81.75,81.75,79.25,80.65,81.1,81.1,1134603,91332907.4,01-DEC-2020,6018,INE974H01013,
MENONBE,BE,48.0,48.75,47.55,48.2,48.05,48.65,15858,761649.25,01-DEC-2020,146,INE071D01033,
MEP,EQ,13.85,14.15,13.7,13.75,13.75,14.0,210020,2908404.8,01-DEC-2020,422,INE776I01010,
MERCATOR,EQ,0.85,0.85,0.8,0.8,0.8,0.85,632771,519824.0,01-DEC-2020,261,INE934B01028,
METALFORGE,EQ,4.4,4.4,4.2,4.4,4.35,4.25,11983,51919.85,01-DEC-2020,109,INE425A01011,
METROPOLIS,EQ,2235.5,2264.95,2152.4,2162.8,2159.0,2234.4,85845,188680290.5,01-DEC-2020,14428,INE112L01020,
MFSL,EQ,653.4,653.4,632.8,640.1,640.75,648.65,1804684,1153635475.4,01-DEC-2020,37691,INE180A01020,
MGL,EQ,1063.9,1084.5,1047.6,1059.35,1058.7,1063.9,2269915,2417443842.15,01-DEC-2020,65587,INE002S01010,
MHRIL,EQ,194.5,199.35,191.6,195.2,195.15,191.2,272617,53189443.8,01-DEC-2020,5308,INE998I01010,
MIC,BE,0.8,0.85,0.75,0.8,0.8,0.8,28462,21495.25,01-DEC-2020,32,INE287C01029,
MIDHANI,EQ,192.7,192.75,190.45,191.85,192.05,191.9,216860,41622309.9,01-DEC-2020,3249,INE099Z01011,
MINDACORP,EQ,81.4,85.0,81.3,84.3,84.65,81.45,1887779,158010589.3,01-DEC-2020,8554,INE842C01021,
MINDAIND,EQ,386.6,392.3,377.7,388.1,390.0,386.6,151456,58398369.55,01-DEC-2020,4755,INE405E01023,
MINDTECK,EQ,37.5,37.5,36.0,36.6,36.75,36.6,24236,889488.4,01-DEC-2020,161,INE110B01017,
MINDTREE,EQ,1417.3,1423.95,1391.0,1411.6,1410.8,1417.3,712194,999692979.3,01-DEC-2020,34475,INE018I01017,
MIRCELECTR,EQ,8.4,8.55,8.15,8.4,8.4,8.2,222496,1860649.4,01-DEC-2020,524,INE831A01028,
MIRZAINT,EQ,57.4,58.25,56.0,56.6,56.8,59.1,677238,38569934.95,01-DEC-2020,5305,INE771A01026,
MITTAL,EQ,15.3,15.35,13.95,14.0,13.95,14.65,110939,1594472.5,01-DEC-2020,435,INE997Y01019,
MMFL,EQ,375.0,384.9,355.05,376.6,379.0,375.95,16567,6135294.75,01-DEC-2020,914,INE227C01017,
MMP,EQ,85.0,85.0,82.5,83.55,83.0,81.7,7726,646399.85,01-DEC-2020,162,INE511Y01018,
MMTC,EQ,18.8,19.3,18.6,19.0,19.05,18.7,2260785,42857097.6,01-DEC-2020,3478,INE123F01029,
MODIRUBBER,BE,33.35,33.35,30.65,31.5,31.5,31.8,664,21331.1,01-DEC-2020,24,INE832A01018,
MOHITIND,EQ,4.5,4.7,4.5,4.7,4.7,4.5,40299,189398.7,01-DEC-2020,23,INE954E01012,
MOHOTAIND,EQ,8.0,8.1,7.95,8.0,8.0,8.1,3368,27095.6,01-DEC-2020,27,INE313D01013,
MOIL,EQ,122.5,127.55,122.5,126.65,126.6,123.65,770764,97093022.75,01-DEC-2020,9077,INE490G01020,
MOLDTECH,BE,47.75,49.75,47.15,47.6,48.95,47.7,25180,1221250.45,01-DEC-2020,201,INE835B01035,
MOLDTKPAC,EQ,287.0,293.0,287.0,288.15,290.0,286.3,28571,8255367.0,01-DEC-2020,1734,INE893J01029,
MONTECARLO,EQ,245.5,248.0,238.7,241.95,242.0,243.4,70004,17026785.75,01-DEC-2020,2952,INE950M01013,
MORARJEE,EQ,10.9,10.9,10.05,10.25,10.25,10.3,6519,67326.45,01-DEC-2020,30,INE161G01027,
MOREPENLAB,EQ,29.65,29.75,28.9,29.0,29.0,29.35,1995752,58524422.8,01-DEC-2020,3921,INE083A01026,
MOTHERSUMI,EQ,149.85,158.65,146.3,157.2,156.8,148.05,28021540,4281035073.15,01-DEC-2020,114330,INE775A01035,
MOTILALOFS,EQ,617.0,617.0,602.0,604.05,603.3,609.3,72054,43789718.2,01-DEC-2020,3399,INE338I01027,
MOTOGENFIN,EQ,19.9,21.0,19.85,21.0,21.0,19.1,76499,1587146.15,01-DEC-2020,406,INE861B01023,
MPHASIS,EQ,1322.3,1330.0,1300.05,1310.65,1313.0,1315.7,320457,419569531.55,01-DEC-2020,14673,INE356A01018,
MPSLTD,EQ,368.0,372.55,362.05,365.6,366.0,365.2,7075,2592206.3,01-DEC-2020,700,INE943D01017,
MRF,EQ,79400.0,80102.35,77777.5,79564.3,79800.0,77738.65,57627,4561875026.5,01-DEC-2020,26924,INE883A01011,
MRO-TEK,EQ,25.1,26.9,24.55,26.9,26.9,25.7,8812,230991.7,01-DEC-2020,29,INE398B01018,
MRPL,EQ,29.75,32.6,29.25,31.95,32.55,29.5,7712697,242341272.6,01-DEC-2020,15300,INE103A01014,
MSPL,EQ,7.45,7.55,7.15,7.45,7.45,7.3,4328,31845.15,01-DEC-2020,35,INE752G01015,
MSTCLTD,EQ,158.65,161.55,157.0,159.4,159.3,157.8,336539,53634462.0,01-DEC-2020,4280,INE255X01014,
MTEDUCARE,EQ,9.6,9.75,9.35,9.65,9.65,9.6,37063,354494.8,01-DEC-2020,212,INE472M01018,
MTNL,EQ,9.6,9.9,9.55,9.7,9.75,9.55,1215607,11794869.85,01-DEC-2020,1530,INE153A01019,
MUKANDENGG,EQ,11.2,11.6,11.2,11.6,11.6,11.75,1035,11738.05,01-DEC-2020,11,INE022B01014,
MUKANDLTD,EQ,48.8,50.4,47.5,50.0,50.25,49.95,114941,5542412.9,01-DEC-2020,458,INE304A01026,
MUKTAARTS,EQ,28.0,30.45,27.25,30.05,30.45,27.7,90326,2652769.95,01-DEC-2020,580,INE374B01019,
MUNJALAU,EQ,61.0,63.15,59.3,61.5,61.25,61.0,1336453,82521123.55,01-DEC-2020,7908,INE672B01032,
MUNJALSHOW,EQ,144.5,145.5,142.0,143.7,143.05,144.5,69251,9985997.1,01-DEC-2020,1346,INE577A01027,
MURUDCERA,EQ,17.9,18.95,16.45,18.5,18.75,17.7,328521,5960212.5,01-DEC-2020,1212,INE692B01014,
MUTHOOTCAP,EQ,455.15,466.7,450.5,452.65,456.5,450.7,24930,11449617.15,01-DEC-2020,1258,INE296G01013,
MUTHOOTFIN,EQ,1171.95,1171.95,1140.0,1153.65,1154.0,1152.0,2493653,2869775115.65,01-DEC-2020,86363,INE414G01012,
N100,EQ,943.3,943.3,889.94,895.77,895.99,889.94,42836,38461540.12,01-DEC-2020,2125,INF247L01031,
NACLIND,EQ,39.2,39.9,39.0,39.1,39.05,39.4,77121,3032421.85,01-DEC-2020,369,INE295D01020,
NAGAFERT,BE,5.45,5.65,5.45,5.45,5.45,5.7,251663,1376763.1,01-DEC-2020,412,INE454M01024,
NAGREEKCAP,EQ,5.65,5.65,5.65,5.65,5.65,5.4,100,565.0,01-DEC-2020,1,INE245I01016,
NAGREEKEXP,EQ,14.95,15.7,14.6,15.2,15.2,14.95,15237,232786.0,01-DEC-2020,64,INE123B01028,
NAHARCAP,EQ,69.1,71.75,69.1,70.55,69.4,71.25,8055,570982.35,01-DEC-2020,121,INE049I01012,
NAHARINDUS,EQ,28.95,29.0,27.95,28.25,28.0,27.7,20988,595002.5,01-DEC-2020,182,INE289A01011,
NAHARPOLY,EQ,85.3,86.5,84.0,85.0,85.4,85.7,52054,4440602.35,01-DEC-2020,538,INE308A01027,
NAHARSPING,EQ,46.45,49.7,44.5,47.45,47.5,46.1,38605,1825720.5,01-DEC-2020,508,INE290A01027,
NAM-INDIA,EQ,290.5,294.4,288.6,290.4,290.75,290.4,453106,132137725.5,01-DEC-2020,10010,INE298J01013,
NATCOPHARM,EQ,927.0,938.95,907.6,914.0,913.0,922.05,316391,291883123.55,01-DEC-2020,17505,INE987B01026,
NATHBIOGEN,EQ,285.0,304.55,277.5,288.75,288.8,281.35,118395,34683494.1,01-DEC-2020,2812,INE448G01010,
NATIONALUM,EQ,39.25,40.0,38.65,39.75,40.0,39.2,20280722,798703240.25,01-DEC-2020,32084,INE139A01034,
NATNLSTEEL,EQ,3.9,4.3,3.9,4.3,4.3,4.1,79319,327367.3,01-DEC-2020,163,INE088B01015,
NAUKRI,EQ,4380.5,4426.5,4180.0,4206.8,4210.0,4306.35,468632,1994308624.15,01-DEC-2020,51526,INE663F01024,
NAVINFLUOR,EQ,2700.0,2750.0,2660.0,2682.55,2677.25,2687.1,142106,384583464.45,01-DEC-2020,23738,INE048G01026,
NAVKARCORP,EQ,31.6,35.15,30.6,33.95,34.0,31.6,5334864,180168898.25,01-DEC-2020,14463,INE278M01019,
NAVNETEDUL,EQ,80.85,81.95,79.55,79.95,79.95,80.65,101014,8092421.1,01-DEC-2020,2364,INE060A01024,
NBCC,EQ,26.2,28.35,25.9,28.05,28.25,26.0,42709718,1175602327.7,01-DEC-2020,57567,INE095N01031,
NBIFIN,EQ,1880.0,1880.0,1701.0,1770.35,1770.0,1787.1,729,1292909.8,01-DEC-2020,115,INE365I01020,
NBVENTURES,EQ,53.7,55.35,53.15,54.15,54.05,53.9,818080,44258680.8,01-DEC-2020,3912,INE725A01022,
NCC,EQ,44.4,45.2,43.9,44.75,44.9,43.6,8333477,372186820.2,01-DEC-2020,28877,INE868B01028,
NCLIND,EQ,145.0,147.7,142.15,145.35,145.3,141.8,398936,58081753.2,01-DEC-2020,5841,INE732C01016,
NCPSESDL24,EQ,102.86,102.86,102.86,102.86,102.86,102.86,486,49989.96,01-DEC-2020,1,INF204KB18W4,
NDGL,EQ,710.0,749.0,671.1,683.5,685.0,660.0,1963,1354630.55,01-DEC-2020,757,INE756C01015,
NDL,EQ,20.9,21.0,20.35,20.65,20.8,20.6,49740,1030569.1,01-DEC-2020,203,INE875G01030,
NDRAUTO,EQ,170.3,170.3,166.0,170.3,170.3,162.2,17952,3049240.55,01-DEC-2020,330,INE07OG01012,
NDTV,EQ,40.5,41.8,40.5,40.5,40.5,42.6,54923,2225498.55,01-DEC-2020,220,INE155G01029,
NECCLTD,EQ,9.25,9.35,9.05,9.3,9.25,9.05,21561,199327.15,01-DEC-2020,89,INE553C01016,
NECLIFE,EQ,18.3,18.6,18.3,18.4,18.4,18.3,155628,2873370.3,01-DEC-2020,516,INE023H01027,
NELCAST,EQ,61.7,62.7,60.8,62.55,62.7,61.7,287754,17879333.15,01-DEC-2020,2104,INE189I01024,
NELCO,EQ,190.6,191.2,188.1,188.65,188.8,189.4,42510,8055235.15,01-DEC-2020,1408,INE045B01015,
NEOGEN,EQ,637.0,643.5,616.6,623.55,625.0,630.75,39187,24687774.7,01-DEC-2020,2337,INE136S01016,
NESCO,EQ,546.0,556.7,532.0,535.1,536.05,543.6,67495,36572682.05,01-DEC-2020,3368,INE317F01035,
NESTLEIND,EQ,18067.8,18067.9,17331.55,17418.15,17430.0,17888.95,235086,4106971584.95,01-DEC-2020,66204,INE239A01016,
NETF,EQ,139.0,144.0,132.57,140.74,138.63,138.97,959,135836.34,01-DEC-2020,50,INF277K015R5,
NETFCONSUM,EQ,68.0,68.0,57.52,58.24,57.81,57.55,8692,505506.15,01-DEC-2020,77,INF204KA1LD7,
NETFDIVOPP,EQ,30.75,31.6,30.25,31.0,31.0,31.0,4151,128585.98,01-DEC-2020,32,INF204KA1MS3,
NETFIT,EQ,21.89,22.45,21.25,22.22,22.27,22.0,2524866,56021987.37,01-DEC-2020,1659,INF204KB15V2,
NETFLTGILT,EQ,19.25,25.0,19.25,22.32,22.32,22.35,65014,1452591.22,01-DEC-2020,201,INF204KB1882,
NETFMID150,EQ,74.98,77.0,74.0,76.03,76.05,74.31,138872,10546530.32,01-DEC-2020,1319,INF204KB1V68,
NETFNIF100,EQ,130.1,132.99,128.1,132.26,132.5,132.11,350,46179.01,01-DEC-2020,39,INF204K014N5,
NETFNV20,EQ,79.2,79.2,66.1,67.54,67.53,67.24,7413,500291.7,01-DEC-2020,44,INF204KB18I3,
NETWORK18,EQ,34.0,36.4,33.85,35.8,35.65,34.1,3250267,114739018.95,01-DEC-2020,6197,INE870H01013,
NEULANDLAB,EQ,1040.95,1064.0,1034.75,1053.5,1050.0,1031.3,150268,158120722.5,01-DEC-2020,8877,INE794A01010,
NEWGEN,EQ,269.15,273.65,266.65,267.4,267.45,271.15,68292,18418394.0,01-DEC-2020,2666,INE619B01017,
NEXTMEDIA,EQ,4.45,4.65,4.3,4.6,4.6,4.45,6666,30698.9,01-DEC-2020,18,INE747B01016,
NFL,EQ,34.6,37.6,34.6,36.35,36.3,34.1,3443285,125697517.65,01-DEC-2020,12400,INE870D01012,
NH,EQ,392.5,392.5,367.7,383.7,381.0,386.45,370169,140292740.95,01-DEC-2020,11055,INE410P01011,
NHPC,EQ,21.6,21.9,21.5,21.75,21.65,21.45,6146228,133650542.85,01-DEC-2020,8736,INE848E01016,
NIACL,EQ,116.5,118.3,116.5,117.25,117.1,117.55,216407,25440759.45,01-DEC-2020,3847,INE470Y01017,
NIBL,EQ,8.9,8.9,8.5,8.9,8.9,8.5,8176,72686.4,01-DEC-2020,25,INE047O01014,
NIFTYBEES,EQ,149.7,149.7,133.1,139.79,139.8,138.38,1452032,202192175.49,01-DEC-2020,11358,INF204KB14I2,
NIFTYEES,EQ,16400.02,16900.0,16400.02,16450.0,16450.0,16730.0,14,232089.97,01-DEC-2020,14,INF754K01EK3,
NIITLTD,EQ,177.9,178.2,170.5,171.4,170.75,176.6,565208,97808310.9,01-DEC-2020,13710,INE161A01038,
NILAINFRA,EQ,5.35,5.35,4.9,5.0,5.0,4.95,747024,3818426.85,01-DEC-2020,697,INE937C01029,
NILASPACES,EQ,1.25,1.3,1.15,1.25,1.25,1.2,576919,702464.0,01-DEC-2020,245,INE00S901012,
NILKAMAL,EQ,1389.85,1410.8,1389.85,1408.75,1408.5,1372.45,25753,36213793.2,01-DEC-2020,2245,INE310A01015,
NIPPOBATRY,EQ,680.0,690.0,654.95,667.25,670.0,673.55,5959,3997007.05,01-DEC-2020,757,INE567A01010,
NIRAJ,BE,49.85,50.5,48.0,48.25,48.25,49.55,4339,216160.5,01-DEC-2020,25,INE368I01016,
NITCO,EQ,20.0,21.85,19.65,21.7,21.85,19.9,287991,6078869.25,01-DEC-2020,1040,INE858F01012,
NITINSPIN,BE,59.0,62.0,59.0,59.85,60.2,59.45,65622,3954893.2,01-DEC-2020,263,INE229H01012,
NKIND,EQ,17.55,18.2,17.55,17.55,17.55,17.5,1723,30310.15,01-DEC-2020,16,INE542C01019,
NLCINDIA,EQ,51.55,52.05,51.2,51.75,51.7,51.2,869212,44939785.25,01-DEC-2020,4628,INE589A01014,
NMDC,EQ,97.0,99.95,95.9,99.25,99.3,96.4,10326940,1017478835.15,01-DEC-2020,43277,INE584A01023,
NOCIL,EQ,141.8,141.9,138.3,139.85,139.85,140.9,658213,92097431.4,01-DEC-2020,5775,INE163A01018,
NOIDATOLL,BE,6.15,6.2,6.0,6.2,6.2,5.95,102067,625736.05,01-DEC-2020,145,INE781B01015,
NORBTEAEXP,EQ,9.2,9.45,8.65,9.35,9.4,9.0,4625,41813.45,01-DEC-2020,73,INE369C01017,
NOVARTIND,EQ,652.3,659.9,626.95,640.6,640.0,652.0,19631,12642889.2,01-DEC-2020,806,INE234A01025,
NPBET,EQ,157.6,159.75,154.18,158.84,158.84,157.85,433,68306.11,01-DEC-2020,24,INF277K010X4,
NRAIL,EQ,189.0,195.0,186.0,192.2,193.25,189.25,47527,9140451.9,01-DEC-2020,547,INE740D01017,
NRBBEARING,EQ,83.75,87.15,83.0,84.75,84.45,83.7,477068,40766939.0,01-DEC-2020,5010,INE349A01021,
NSIL,EQ,934.7,974.0,903.0,951.15,939.0,897.7,2149,2000257.2,01-DEC-2020,352,INE023A01030,
NTL,EQ,1.0,1.0,0.9,0.9,0.9,0.95,17252,15993.65,01-DEC-2020,25,INE333I01036,
NTPC,EQ,94.7,96.2,93.45,93.75,94.0,94.7,35330973,3340095188.0,01-DEC-2020,83317,INE733E01010,
NUCLEUS,EQ,558.0,564.45,550.05,552.85,552.0,555.55,35486,19785355.0,01-DEC-2020,1846,INE096B01018,
NXTDIGITAL,EQ,597.2,605.0,582.25,599.5,603.0,597.2,16150,9611757.25,01-DEC-2020,739,INE353A01023,
OAL,EQ,519.45,615.6,519.45,599.35,600.05,516.85,148174,85923666.8,01-DEC-2020,6869,INE959C01023,
OBEROIRLTY,EQ,465.0,484.95,463.6,480.7,480.0,463.4,497434,235945515.6,01-DEC-2020,17504,INE093I01010,
OCCL,EQ,855.0,864.0,846.0,854.2,860.0,856.45,3456,2954189.25,01-DEC-2020,390,INE321D01016,
OFSS,EQ,3065.0,3065.0,3011.05,3018.0,3018.0,3040.15,52116,157514151.85,01-DEC-2020,10613,INE881D01027,
OIL,EQ,97.0,101.9,94.75,99.95,99.85,96.15,3162500,315846892.85,01-DEC-2020,16887,INE274J01014,
OILCOUNTUB,BE,4.85,5.1,4.7,5.1,5.1,4.9,14913,75028.25,01-DEC-2020,31,INE591A01010,
OLECTRA,EQ,69.8,73.0,55.0,70.65,71.65,67.95,406842,28307629.6,01-DEC-2020,3270,INE260D01016,
OMAXAUTO,EQ,42.7,43.95,41.1,42.25,42.5,42.85,30870,1311039.65,01-DEC-2020,683,INE090B01011,
OMAXE,EQ,69.8,71.0,69.4,70.5,70.5,69.25,88457,6213894.95,01-DEC-2020,584,INE800H01010,
OMKARCHEM,EQ,7.7,7.7,7.5,7.7,7.7,7.35,22684,174230.85,01-DEC-2020,67,INE474L01016,
OMMETALS,EQ,19.05,19.95,18.6,19.95,19.95,18.15,245104,4834759.75,01-DEC-2020,819,INE239D01028,
ONELIFECAP,EQ,6.05,6.35,6.0,6.1,6.1,6.05,2281,14403.55,01-DEC-2020,15,INE912L01015,
ONEPOINT,BE,15.15,15.15,14.3,15.1,15.1,14.85,14276,211020.8,01-DEC-2020,22,INE840Y01011,
ONGC,EQ,78.5,82.0,77.05,81.55,81.4,78.5,42923229,3444235088.65,01-DEC-2020,123154,INE213A01029,
ONMOBILE,EQ,60.9,62.25,58.55,61.75,61.4,59.3,1779384,109663634.85,01-DEC-2020,6439,INE809I01019,
ONWARDTEC,EQ,65.0,68.0,65.0,66.45,66.35,64.85,46839,3117779.2,01-DEC-2020,499,INE229A01017,
OPTIEMUS,BE,86.75,86.75,86.75,86.75,86.75,91.3,7950,689662.5,01-DEC-2020,91,INE350C01017,
OPTOCIRCUI,BE,4.95,5.45,4.95,5.45,5.45,5.2,1405914,7356029.3,01-DEC-2020,905,INE808B01016,
ORBTEXP,EQ,65.0,66.6,63.55,66.05,66.6,64.9,26858,1755630.4,01-DEC-2020,302,INE231G01010,
ORICONENT,EQ,20.65,21.95,20.55,21.65,21.5,20.65,415390,8859876.95,01-DEC-2020,1474,INE730A01022,
ORIENTABRA,EQ,20.25,23.8,19.65,23.35,23.05,19.85,1030688,23248594.65,01-DEC-2020,3074,INE569C01020,
ORIENTALTL,EQ,8.35,8.35,8.0,8.0,8.0,8.05,28113,225171.15,01-DEC-2020,65,INE998H01012,
ORIENTBELL,EQ,137.5,140.4,137.0,139.0,140.4,138.65,10258,1417631.7,01-DEC-2020,243,INE607D01018,
ORIENTCEM,EQ,72.0,78.4,71.7,76.3,76.7,71.65,2127028,161367287.35,01-DEC-2020,11680,INE876N01018,
ORIENTELEC,EQ,238.0,244.45,236.0,237.7,237.7,237.7,278581,66545313.4,01-DEC-2020,10611,INE142Z01019,
ORIENTHOT,EQ,22.6,22.95,22.0,22.75,22.9,22.15,59572,1346690.0,01-DEC-2020,350,INE750A01020,
ORIENTLTD,EQ,78.0,78.7,73.95,78.6,78.7,77.35,758,57655.3,01-DEC-2020,31,INE609C01024,
ORIENTPPR,EQ,18.3,19.05,18.25,18.8,18.8,18.3,344053,6456979.7,01-DEC-2020,1001,INE592A01026,
ORIENTREF,EQ,217.5,218.2,210.45,211.65,212.0,217.1,35209,7487009.25,01-DEC-2020,943,INE743M01012,
ORISSAMINE,EQ,2625.0,2724.4,2600.0,2614.95,2613.0,2606.95,35574,94331373.85,01-DEC-2020,5586,INE725E01024,
ORTINLABSS,EQ,23.2,23.25,21.95,23.25,23.25,22.15,55198,1262188.85,01-DEC-2020,408,INE749B01012,
OSWALAGRO,EQ,9.35,9.45,9.2,9.3,9.35,9.35,23282,216208.65,01-DEC-2020,182,INE142A01012,
PAEL,EQ,2.05,2.05,2.05,2.05,2.05,2.05,86,176.3,01-DEC-2020,2,INE766A01018,
PAGEIND,EQ,23130.0,23460.0,22830.0,22928.05,22970.0,22754.95,35123,811228910.7,01-DEC-2020,10492,INE761H01022,
PAISALO,EQ,389.8,389.8,384.75,385.4,385.35,381.5,2237,863366.35,01-DEC-2020,108,INE420C01042,
PALASHSECU,EQ,36.9,37.8,35.2,36.1,36.25,36.0,3674,136012.0,01-DEC-2020,29,INE471W01019,
PALREDTEC,EQ,35.5,37.0,35.15,35.15,35.15,36.95,11140,393832.05,01-DEC-2020,126,INE218G01033,
PANACEABIO,EQ,204.6,212.0,202.0,206.0,206.15,200.45,199512,41422277.5,01-DEC-2020,4149,INE922B01023,
PANACHE,EQ,42.35,44.45,41.75,41.85,42.0,42.35,49027,2110984.95,01-DEC-2020,181,INE895W01019,
PANAMAPET,EQ,80.1,80.9,73.2,78.25,77.9,79.6,207273,16156648.05,01-DEC-2020,1529,INE305C01029,
PARACABLES,EQ,6.7,6.9,6.65,6.75,6.8,6.65,153419,1036071.45,01-DEC-2020,224,INE074B01023,
PARAGMILK,EQ,108.9,113.0,108.9,112.1,111.45,109.55,521176,58062355.8,01-DEC-2020,6790,INE883N01014,
PARSVNATH,EQ,3.8,3.8,3.7,3.8,3.8,3.65,126744,481599.3,01-DEC-2020,176,INE561H01026,
PATELENG,EQ,11.9,13.4,11.65,13.05,13.35,11.7,1911192,24365898.9,01-DEC-2020,2832,INE244B01030,
PATINTLOG,EQ,25.6,26.5,25.3,26.5,26.5,25.25,40481,1063138.25,01-DEC-2020,121,INE529D01014,
PATSPINLTD,EQ,4.55,4.55,4.4,4.4,4.5,4.55,6741,29840.1,01-DEC-2020,25,INE790C01014,
PCJEWELLER,EQ,15.85,16.05,15.5,15.55,15.55,15.35,2101245,32915726.9,01-DEC-2020,10938,INE785M01013,
PDMJEPAPER,EQ,21.0,21.2,20.15,20.5,20.6,21.0,93758,1932603.25,01-DEC-2020,445,INE865T01018,
PDSMFL,EQ,423.0,423.0,414.95,422.6,421.3,419.65,4883,2043804.8,01-DEC-2020,158,INE111Q01013,
PEARLPOLY,EQ,16.65,16.65,15.85,15.95,15.85,16.65,788,12691.5,01-DEC-2020,8,INE844A01013,
PEL,EQ,1405.85,1435.0,1390.25,1414.45,1414.1,1388.1,1029260,1461725110.15,01-DEC-2020,36094,INE140A01024,
PENIND,EQ,17.9,18.75,17.55,18.35,18.35,17.8,382690,6936013.65,01-DEC-2020,1044,INE932A01024,
PENINLAND,EQ,5.1,5.1,5.1,5.1,5.1,4.9,66791,340634.1,01-DEC-2020,67,INE138A01028,
PERSISTENT,EQ,1198.0,1220.0,1164.75,1207.65,1210.5,1193.35,287308,343301092.1,01-DEC-2020,10741,INE262H01013,
PETRONET,EQ,255.0,255.85,251.0,254.25,254.15,251.25,3628018,920624592.45,01-DEC-2020,42644,INE347G01014,
PFC,EQ,108.8,109.35,106.95,108.85,108.65,108.2,4439030,480617316.0,01-DEC-2020,19484,INE134E01011,
PFIZER,EQ,5145.0,5154.05,5085.0,5107.65,5104.0,5104.5,40414,206931480.0,01-DEC-2020,6032,INE182A01018,
PFOCUS,EQ,38.4,38.4,37.0,38.15,38.15,37.7,33374,1267447.75,01-DEC-2020,192,INE367G01038,
PFS,EQ,18.15,19.15,18.0,18.4,18.45,18.05,1045048,19451244.15,01-DEC-2020,2043,INE560K01014,
PGEL,EQ,146.2,149.5,144.05,146.35,146.05,144.55,22716,3335613.75,01-DEC-2020,339,INE457L01011,
PGHH,EQ,10619.2,10719.5,10548.3,10659.95,10622.0,10519.9,8053,85854522.5,01-DEC-2020,2890,INE179A01014,
PGHL,EQ,6900.75,7049.0,6406.35,6669.4,6622.0,6868.1,40353,276099511.3,01-DEC-2020,9843,INE199A01012,
PGIL,EQ,166.05,178.95,165.0,171.45,171.0,166.5,8665,1484101.35,01-DEC-2020,403,INE940H01014,
PHILIPCARB,EQ,166.9,172.7,166.6,170.1,170.7,166.85,1134423,193055670.5,01-DEC-2020,14440,INE602A01023,
PHOENIXLTD,EQ,677.2,698.9,670.7,689.25,690.1,682.55,232606,160203384.35,01-DEC-2020,23774,INE211B01039,
PIDILITIND,EQ,1557.9,1562.55,1534.3,1551.05,1555.0,1542.55,642065,995740152.45,01-DEC-2020,41152,INE318A01026,
PIIND,EQ,2282.9,2348.0,2252.6,2332.8,2314.0,2208.4,852245,1964362372.6,01-DEC-2020,91772,INE603J01030,
PILANIINVS,EQ,2178.0,2190.0,2127.0,2153.05,2185.0,2145.7,2684,5765653.2,01-DEC-2020,552,INE417C01014,
PILITA,EQ,8.0,8.25,7.85,8.15,8.25,8.0,88101,708700.3,01-DEC-2020,163,INE600A01035,
PIONDIST,EQ,107.05,111.75,106.1,110.5,110.3,107.5,9923,1083106.55,01-DEC-2020,265,INE889E01010,
PIONEEREMB,EQ,26.8,27.6,26.55,27.15,27.1,26.8,72251,1963273.55,01-DEC-2020,229,INE156C01018,
PITTIENG,EQ,47.0,48.0,45.55,45.85,45.8,46.95,211799,9864986.55,01-DEC-2020,1163,INE450D01021,
PKTEA,BE,219.5,220.3,205.0,219.8,220.0,209.85,4340,947548.3,01-DEC-2020,61,INE431F01018,
PLASTIBLEN,EQ,257.35,263.9,257.0,259.7,259.1,262.1,18667,4834598.55,01-DEC-2020,477,INE083C01022,
PNB,EQ,33.9,34.65,33.3,34.45,34.45,33.45,58487858,1995852740.8,01-DEC-2020,60021,INE160A01022,
PNBGILTS,EQ,42.25,42.25,41.15,41.8,41.85,42.15,266379,11152798.85,01-DEC-2020,1455,INE859A01011,
PNBHOUSING,EQ,380.0,381.85,375.9,376.65,376.5,378.45,149889,56746251.1,01-DEC-2020,5148,INE572E01012,
PNC,EQ,14.7,16.5,14.7,15.1,15.05,14.65,11695,178084.65,01-DEC-2020,62,INE392B01011,
PNCINFRA,EQ,171.05,176.8,171.05,175.6,176.0,170.7,938941,163842083.55,01-DEC-2020,12207,INE195J01029,
PODDARHOUS,EQ,172.55,178.75,170.0,171.05,170.5,177.35,7399,1281228.5,01-DEC-2020,236,INE888B01018,
PODDARMENT,EQ,187.05,190.0,182.0,186.05,189.75,188.1,7416,1375752.65,01-DEC-2020,394,INE371C01013,
POKARNA,EQ,142.0,142.0,137.8,138.85,139.4,141.4,77298,10833376.0,01-DEC-2020,728,INE637C01025,
POLYCAB,EQ,963.5,966.5,950.65,960.45,961.0,958.4,926604,890988072.75,01-DEC-2020,19409,INE455K01017,
POLYMED,EQ,491.95,496.0,486.2,489.75,488.55,489.6,38629,19001696.35,01-DEC-2020,1802,INE205C01021,
POLYPLEX,EQ,745.0,754.95,727.35,733.15,734.85,735.4,91164,66837008.25,01-DEC-2020,4142,INE633B01018,
PONNIERODE,EQ,157.8,165.0,157.8,163.25,163.2,159.1,8804,1422962.1,01-DEC-2020,429,INE838E01017,
POWERGRID,EQ,194.85,196.45,191.65,192.35,192.9,192.4,10234084,1982964952.0,01-DEC-2020,69839,INE752E01010,
POWERINDIA,EQ,1150.0,1295.0,1145.5,1253.9,1254.5,1139.75,178964,220787867.1,01-DEC-2020,11825,INE07Y701011,
POWERMECH,EQ,429.5,433.85,426.25,428.3,428.7,425.4,96585,41458163.85,01-DEC-2020,2088,INE211R01019,
PPAP,EQ,270.0,284.85,270.0,279.15,279.0,272.45,27582,7697690.55,01-DEC-2020,1139,INE095I01015,
PPL,EQ,76.0,81.25,76.0,79.7,79.85,76.55,153250,12199316.95,01-DEC-2020,1267,INE050001010,
PRABHAT,EQ,68.4,72.0,67.85,69.3,69.0,68.4,118459,8338733.8,01-DEC-2020,1335,INE302M01033,
PRADIP,EQ,0.45,0.55,0.45,0.55,0.55,0.5,3972,2171.0,01-DEC-2020,3,INE495J01015,
PRAENG,EQ,6.6,7.0,6.35,7.0,7.0,6.4,91637,620362.15,01-DEC-2020,185,INE505C01016,
PRAJIND,EQ,87.4,93.25,87.1,92.9,93.1,86.8,4726495,429432864.6,01-DEC-2020,23947,INE074A01025,
PRAKASH,EQ,46.4,48.4,46.05,47.8,47.75,46.05,979967,46569318.15,01-DEC-2020,3993,INE603A01013,
PRAKASHSTL,EQ,0.7,0.7,0.65,0.7,0.7,0.7,121275,80169.8,01-DEC-2020,54,INE696K01024,
PRAXIS,EQ,37.0,37.0,33.85,36.2,36.0,35.55,20683,726687.0,01-DEC-2020,226,INE546Y01022,
PRECAM,EQ,49.4,49.9,47.55,48.55,48.7,46.15,885187,43227275.7,01-DEC-2020,6716,INE484I01029,
PRECOT,BE,62.0,62.0,56.25,61.5,62.0,59.05,6406,389157.55,01-DEC-2020,64,INE283A01014,
PRECWIRE,EQ,153.0,166.2,153.0,164.35,165.0,153.0,102523,16627492.95,01-DEC-2020,1840,INE372C01029,
PREMEXPLN,EQ,142.85,142.85,140.0,142.85,142.85,136.05,26738,3815234.45,01-DEC-2020,384,INE863B01011,
PREMIER,EQ,2.75,2.95,2.75,2.95,2.95,2.85,2907,8378.25,01-DEC-2020,38,INE342A01018,
PREMIERPOL,EQ,33.1,34.0,33.0,33.0,33.0,33.1,15983,536155.45,01-DEC-2020,194,INE309M01012,
PRESSMN,EQ,20.0,20.85,19.7,20.25,20.0,19.6,27415,551029.35,01-DEC-2020,225,INE980A01023,
PRESTIGE,EQ,270.1,291.0,266.5,289.45,288.0,267.3,1493498,423185860.15,01-DEC-2020,24652,INE811K01011,
PRICOLLTD,EQ,50.45,50.45,48.0,48.3,48.35,49.95,223414,10936174.1,01-DEC-2020,1366,INE726V01018,
PRIMESECU,EQ,51.65,51.65,48.0,48.8,48.45,50.6,49613,2445634.55,01-DEC-2020,766,INE032B01021,
PRINCEPIPE,EQ,261.35,267.0,259.4,264.8,266.0,259.35,115141,30411909.5,01-DEC-2020,2912,INE689W01016,
PRIVISCL,EQ,540.0,556.0,539.4,553.85,552.4,539.95,21122,11558173.25,01-DEC-2020,1057,INE959A01019,
PROSEED,EQ,0.3,0.4,0.3,0.4,0.4,0.35,215940,71457.8,01-DEC-2020,74,INE217G01027,
PROZONINTU,EQ,18.5,18.9,18.05,18.4,18.45,18.2,256737,4720875.8,01-DEC-2020,935,INE195N01013,
PRSMJOHNSN,EQ,82.0,84.9,81.55,82.15,82.7,81.95,290459,24140894.3,01-DEC-2020,5821,INE010A01011,
PSB,EQ,13.95,14.25,13.8,13.9,13.85,13.9,871316,12145100.25,01-DEC-2020,1690,INE608A01012,
PSPPROJECT,EQ,410.05,415.8,402.9,407.85,408.0,408.85,56206,23083167.7,01-DEC-2020,2053,INE488V01015,
PSUBNKBEES,EQ,17.2,17.68,17.15,17.64,17.56,17.08,913123,16054370.26,01-DEC-2020,878,INF204KB16I7,
PTC,EQ,54.65,57.95,54.65,57.2,57.3,54.65,2606981,148799179.8,01-DEC-2020,14026,INE877F01012,
PTL,EQ,41.0,41.9,40.45,41.65,41.7,40.75,67295,2789926.45,01-DEC-2020,552,INE034D01031,
PUNJABCHEM,EQ,670.0,695.0,669.95,691.8,691.75,660.05,23417,16006326.55,01-DEC-2020,1201,INE277B01014,
PURVA,EQ,73.0,79.75,71.1,74.7,74.2,74.1,947602,71472471.35,01-DEC-2020,6143,INE323I01011,
PVR,EQ,1314.0,1331.4,1294.6,1322.15,1320.0,1306.1,1207021,1589011864.2,01-DEC-2020,40373,INE191H01014,
QGOLDHALF,EQ,2114.8,2119.0,2097.55,2101.05,2101.0,2124.65,1512,3178335.55,01-DEC-2020,241,INF082J01010,
QNIFTY,EQ,1356.0,1375.0,1346.0,1352.0,1352.0,1343.0,20,27174.2,01-DEC-2020,11,INF082J01028,
QUESS,EQ,500.0,525.55,492.6,518.8,519.0,500.8,175735,90647057.65,01-DEC-2020,10811,INE615P01015,
QUICKHEAL,EQ,155.95,163.9,155.0,158.8,158.1,155.5,538940,85698876.9,01-DEC-2020,6914,INE306L01010,
RADAAN,EQ,0.9,0.95,0.85,0.9,0.85,0.9,28237,25597.25,01-DEC-2020,33,INE874F01027,
RADICO,EQ,459.0,465.0,450.65,453.15,454.7,454.5,260624,119356268.45,01-DEC-2020,5726,INE944F01028,
RADIOCITY,BE,23.3,23.3,22.6,22.85,22.9,22.8,118573,2715439.75,01-DEC-2020,410,INE919I01024,
RAIN,EQ,116.35,118.6,114.5,116.1,115.8,115.45,1207561,140774129.95,01-DEC-2020,8671,INE855B01025,
RAJESHEXPO,EQ,453.05,456.0,450.6,453.45,455.8,450.4,130251,59030658.75,01-DEC-2020,5946,INE343B01030,
RAJRATAN,EQ,415.0,415.0,393.05,401.9,397.2,406.65,15745,6300688.4,01-DEC-2020,668,INE451D01011,
RAJSREESUG,EQ,13.5,13.7,13.1,13.45,13.65,13.3,14063,189441.35,01-DEC-2020,108,INE562B01019,
RAJTV,EQ,35.75,35.8,34.0,35.1,35.0,34.9,4708,165125.4,01-DEC-2020,70,INE952H01027,
RALLIS,EQ,283.35,287.25,280.15,286.15,285.35,281.95,437805,124463987.4,01-DEC-2020,13485,INE613A01020,
RAMANEWS,EQ,13.15,15.2,13.15,14.25,14.3,13.35,182281,2612299.45,01-DEC-2020,668,INE278B01020,
RAMASTEEL,EQ,49.85,51.15,48.15,50.0,50.65,48.75,22242,1108562.3,01-DEC-2020,170,INE230R01027,
RAMCOCEM,EQ,899.8,900.0,878.8,889.55,887.0,892.15,996428,887239282.6,01-DEC-2020,24009,INE331A01037,
RAMCOIND,EQ,210.1,218.5,205.7,213.9,213.55,209.1,67497,14363033.0,01-DEC-2020,2495,INE614A01028,
RAMCOSYS,EQ,445.0,467.95,442.0,467.95,467.95,445.7,368945,170731444.7,01-DEC-2020,3971,INE246B01019,
RAMKY,EQ,33.8,35.5,33.25,34.85,34.9,33.8,154676,5392792.35,01-DEC-2020,566,INE874I01013,
RANASUG,EQ,6.1,6.1,5.9,6.0,6.0,6.05,212807,1278484.1,01-DEC-2020,240,INE625B01014,
RANEENGINE,EQ,210.35,218.0,210.35,212.8,212.6,213.45,3366,720988.9,01-DEC-2020,176,INE222J01013,
RANEHOLDIN,EQ,489.95,499.0,477.3,492.7,490.95,482.05,31329,15322341.4,01-DEC-2020,1527,INE384A01010,
RATNAMANI,EQ,1738.9,1750.0,1651.25,1688.15,1653.0,1689.5,34828,59220409.2,01-DEC-2020,3509,INE703B01027,
RAYMOND,EQ,322.05,326.9,318.65,322.95,323.0,322.05,1001510,323297213.7,01-DEC-2020,16990,INE301A01014,
RBL,EQ,695.0,695.0,681.35,688.8,687.1,690.9,6742,4633072.8,01-DEC-2020,602,INE244J01017,
RBLBANK,EQ,225.45,227.8,220.1,225.7,225.0,223.8,12095583,2723249044.85,01-DEC-2020,66737,INE976G01028,
RCF,EQ,47.55,48.5,47.25,47.85,47.8,47.1,1294724,62139776.3,01-DEC-2020,5540,INE027A01015,
RCOM,EQ,1.65,1.65,1.55,1.55,1.6,1.6,9680348,15563220.5,01-DEC-2020,8618,INE330H01018,
RECLTD,EQ,121.5,121.95,119.0,120.8,120.55,121.45,7918092,951752203.3,01-DEC-2020,40352,INE020B01018,
REDINGTON,EQ,133.45,134.6,131.6,133.95,133.5,131.4,688835,91820644.75,01-DEC-2020,12777,INE891D01026,
REFEX,EQ,94.7,97.25,91.6,97.25,97.25,88.45,1238863,119072491.7,01-DEC-2020,8455,INE056I01017,
RELAXO,EQ,737.25,741.1,724.0,728.95,727.7,737.6,164457,120972467.8,01-DEC-2020,15965,INE131B01039,
RELCAPITAL,EQ,9.35,9.65,9.3,9.3,9.3,9.75,3213026,30195273.8,01-DEC-2020,4496,INE013A01015,
RELIANCE,EQ,1940.35,1966.25,1930.05,1954.9,1954.1,1929.8,9114939,17774977230.85,01-DEC-2020,272346,INE002A01018,
RELIGARE,EQ,62.3,69.45,60.2,66.0,66.0,62.7,1300214,86511741.15,01-DEC-2020,6514,INE621H01010,
RELINFRA,EQ,22.0,22.1,20.4,20.8,20.8,21.35,4368278,92820908.9,01-DEC-2020,8981,INE036A01016,
REMSONSIND,EQ,95.3,95.3,90.0,93.05,93.0,92.6,1901,176736.0,01-DEC-2020,36,INE474C01015,
RENUKA,EQ,10.0,10.05,9.8,9.9,9.9,9.95,1427391,14184525.4,01-DEC-2020,1069,INE087H01022,
REPCOHOME,EQ,242.8,265.95,240.7,257.3,260.0,238.4,930588,237618714.7,01-DEC-2020,22877,INE612J01015,
REPRO,EQ,355.0,355.0,347.15,351.05,348.0,350.7,18990,6650798.0,01-DEC-2020,642,INE461B01014,
RESPONIND,EQ,168.0,182.0,168.0,176.7,176.45,166.8,311142,54220547.1,01-DEC-2020,4294,INE688D01026,
REVATHI,EQ,427.0,433.0,412.5,427.9,427.9,424.75,2880,1215623.0,01-DEC-2020,187,INE617A01013,
RGL,EQ,265.4,268.75,256.0,264.45,265.8,256.35,6863,1791823.9,01-DEC-2020,405,INE722H01016,
RHFL,EQ,2.05,2.05,1.95,2.0,2.0,2.05,1123402,2263273.3,01-DEC-2020,929,INE217K01011,
RICOAUTO,EQ,32.8,33.2,32.25,32.75,32.7,32.75,428256,13997226.75,01-DEC-2020,1827,INE209B01025,
RIIL,EQ,387.65,407.9,385.8,395.0,394.0,385.45,525951,209174365.15,01-DEC-2020,13461,INE046A01015,
RITES,EQ,246.65,250.45,245.6,248.85,249.5,245.65,272575,67800925.3,01-DEC-2020,5051,INE320J01015,
RKDL,EQ,6.4,6.4,6.05,6.3,6.25,6.35,7879,48897.55,01-DEC-2020,52,INE722J01012,
RKFORGE,EQ,452.7,475.0,452.7,457.35,457.0,452.65,116187,53366267.7,01-DEC-2020,2059,INE399G01015,
RMCL,EQ,2.85,2.9,2.8,2.85,2.9,2.85,70932,204688.25,01-DEC-2020,68,INE172H01014,
RML,EQ,233.05,236.0,231.0,233.7,234.0,233.65,8552,1994811.3,01-DEC-2020,282,INE050H01012,
RNAVAL,EQ,2.9,3.2,2.9,3.15,3.2,3.05,14362609,44354616.65,01-DEC-2020,3466,INE542F01012,
ROHITFERRO,BE,0.9,0.95,0.9,0.9,0.9,0.95,3508,3207.4,01-DEC-2020,12,INE248H01012,
ROHLTD,EQ,68.0,70.0,66.05,69.25,68.8,68.3,44337,3056617.95,01-DEC-2020,554,INE283H01019,
ROLLT,EQ,2.1,2.3,2.1,2.15,2.15,2.2,134870,289087.45,01-DEC-2020,90,INE927A01040,
ROLTA,EQ,4.75,4.95,4.75,4.95,4.95,4.75,397349,1953184.2,01-DEC-2020,10934,INE293A01013,
ROML,EQ,17.65,17.65,17.65,17.65,17.65,16.85,3084,54432.6,01-DEC-2020,5,INE294G01026,
ROSSARI,EQ,795.0,849.5,795.0,828.45,826.5,801.8,546781,455504201.2,01-DEC-2020,20634,INE02A801020,
ROSSELLIND,EQ,129.05,129.85,122.2,124.45,124.0,128.1,27121,3383617.95,01-DEC-2020,585,INE847C01020,
ROUTE,EQ,1078.0,1106.95,1071.95,1106.95,1106.95,1054.25,417669,459318746.0,01-DEC-2020,14053,INE450U01017,
RPGLIFE,EQ,366.0,372.9,365.95,369.95,370.35,363.25,58470,21648256.95,01-DEC-2020,1730,INE105J01010,
RPOWER,BE,3.1,3.2,3.05,3.1,3.15,3.1,6759153,21086109.3,01-DEC-2020,4354,INE614G01033,
RPPINFRA,EQ,46.25,46.95,45.4,45.5,45.55,45.6,32205,1475432.75,01-DEC-2020,252,INE324L01013,
RSSOFTWARE,EQ,19.4,19.75,18.25,19.45,19.3,19.0,61541,1178099.25,01-DEC-2020,281,INE165B01029,
RSWM,EQ,93.0,97.65,91.95,96.7,96.1,93.0,31458,3027988.9,01-DEC-2020,328,INE611A01016,
RSYSTEMS,EQ,119.0,123.0,118.7,119.3,119.0,117.75,93430,11315051.25,01-DEC-2020,1824,INE411H01032,
RTNINFRA,EQ,5.55,5.8,5.55,5.75,5.75,5.55,405865,2311851.85,01-DEC-2020,437,INE834M01019,
RTNPOWER,EQ,2.0,2.0,1.95,2.0,1.95,1.95,6813868,13608692.75,01-DEC-2020,1018,INE399K01017,
RUBYMILLS,EQ,186.95,204.7,180.45,193.85,195.0,186.95,39616,7763309.95,01-DEC-2020,1792,INE301D01026,
RUCHI,BE,729.0,745.0,725.6,740.85,744.0,711.35,37721,27874782.3,01-DEC-2020,2378,INE619A01035,
RUCHINFRA,BE,7.3,8.0,7.3,7.95,8.0,7.65,608643,4696171.75,01-DEC-2020,1203,INE413B01023,
RUCHIRA,EQ,51.75,55.25,51.75,55.25,55.25,50.25,131949,7202497.5,01-DEC-2020,756,INE803H01014,
RUPA,EQ,225.6,233.05,218.5,227.0,226.0,225.6,105421,24139071.8,01-DEC-2020,3000,INE895B01021,
RUSHIL,EQ,155.0,158.0,145.1,150.55,147.9,158.9,198325,29989276.7,01-DEC-2020,4097,INE573K01017,
RVNL,EQ,22.45,23.1,22.0,22.95,23.0,21.85,12326236,281625901.35,01-DEC-2020,23280,INE415G01027,
S&SPOWER,EQ,11.55,11.55,11.55,11.55,11.55,11.0,615,7103.25,01-DEC-2020,5,INE902B01017,
SABTN,EQ,1.45,1.55,1.45,1.55,1.55,1.5,27472,42437.1,01-DEC-2020,39,INE416A01036,
SADBHAV,EQ,53.25,53.4,52.0,52.6,52.2,51.85,757531,39961119.2,01-DEC-2020,3283,INE226H01026,
SADBHIN,EQ,17.9,17.9,17.0,17.65,17.75,16.95,461984,8124096.45,01-DEC-2020,1266,INE764L01010,
SAFARI,EQ,550.0,555.1,528.0,530.4,532.8,541.15,9052,4894551.25,01-DEC-2020,813,INE429E01023,
SAGARDEEP,BE,42.0,42.7,40.6,41.65,42.25,40.95,23967,995292.6,01-DEC-2020,341,INE976T01013,
SAGCEM,EQ,725.0,742.85,715.1,721.5,719.75,714.3,21169,15407375.85,01-DEC-2020,1707,INE229C01013,
SAIL,EQ,48.6,50.7,47.9,49.95,50.0,48.45,46440917,2283709267.5,01-DEC-2020,57629,INE114A01011,
SAKAR,EQ,82.0,83.55,81.5,83.05,83.5,81.0,24234,2003091.95,01-DEC-2020,199,INE732S01012,
SAKHTISUG,EQ,9.25,9.5,9.25,9.3,9.25,9.25,45459,424431.5,01-DEC-2020,233,INE623A01011,
SAKSOFT,EQ,316.25,320.0,315.0,316.25,317.85,317.25,16025,5080344.75,01-DEC-2020,661,INE667G01015,
SAKUMA,EQ,5.3,5.3,5.1,5.25,5.2,5.2,447066,2324082.45,01-DEC-2020,481,INE190H01024,
SALASAR,EQ,208.0,213.95,203.8,211.65,210.9,203.8,99893,20946197.9,01-DEC-2020,2098,INE170V01019,
SALONA,EQ,65.7,67.5,61.45,66.8,67.0,64.55,5972,387619.0,01-DEC-2020,223,INE498E01010,
SALSTEEL,EQ,3.05,3.05,2.85,2.95,2.95,2.95,32791,96649.0,01-DEC-2020,62,INE658G01014,
SALZERELEC,EQ,128.0,134.75,126.15,132.0,133.0,125.15,419529,55265386.85,01-DEC-2020,7185,INE457F01013,
SAMBHAAV,EQ,2.0,2.0,1.9,1.95,1.95,1.95,55194,106157.65,01-DEC-2020,60,INE699B01027,
SANCO,EQ,13.9,14.0,13.55,13.85,13.8,13.7,21931,303579.35,01-DEC-2020,46,INE782L01012,
SANDESH,EQ,578.25,619.0,558.0,569.95,572.45,563.35,3303,1920175.05,01-DEC-2020,483,INE583B01015,
SANDHAR,EQ,276.25,276.25,258.75,260.55,261.0,268.65,16817,4442048.35,01-DEC-2020,947,INE278H01035,
SANGAMIND,EQ,57.5,57.85,53.45,56.45,56.4,56.5,10646,596837.0,01-DEC-2020,130,INE495C01010,
SANGHIIND,EQ,35.25,35.75,34.65,34.8,34.75,35.0,1368635,48116348.65,01-DEC-2020,3225,INE999B01013,
SANGHVIFOR,EQ,22.6,22.6,21.6,22.6,22.6,21.55,3686,82308.7,01-DEC-2020,96,INE263L01013,
SANGHVIMOV,EQ,98.0,103.65,95.0,101.8,101.7,96.65,46688,4711611.95,01-DEC-2020,847,INE989A01024,
SANGINITA,EQ,27.15,27.15,27.15,27.15,27.15,28.55,64614,1754270.1,01-DEC-2020,352,INE753W01010,
SANOFI,EQ,8266.5,8266.5,7963.0,7990.3,7986.0,8267.35,44928,360856870.8,01-DEC-2020,13611,INE058A01010,
SARDAEN,EQ,315.05,317.2,302.55,308.55,306.3,313.45,64753,20103012.8,01-DEC-2020,1804,INE385C01013,
SAREGAMA,EQ,787.0,787.0,764.95,768.1,768.0,782.0,13683,10538885.2,01-DEC-2020,826,INE979A01017,
SARLAPOLY,EQ,19.8,19.85,18.9,19.05,19.2,19.25,169532,3292478.85,01-DEC-2020,959,INE453D01025,
SASKEN,EQ,658.65,678.3,658.65,668.6,670.8,655.35,19237,12831195.5,01-DEC-2020,1251,INE231F01020,
SASTASUNDR,EQ,133.8,138.15,132.6,134.1,134.95,133.8,58257,7942345.55,01-DEC-2020,695,INE019J01013,
SATHAISPAT,BE,2.8,2.8,2.8,2.8,2.8,2.8,6976,19532.8,01-DEC-2020,8,INE176C01016,
SATIA,EQ,93.1,94.75,93.05,93.2,93.1,93.45,29279,2747045.45,01-DEC-2020,447,INE170E01023,
SATIN,EQ,72.9,73.25,70.55,72.35,72.2,71.0,203395,14650139.75,01-DEC-2020,2804,INE836B01017,
SBICARD,EQ,800.05,807.0,796.95,799.95,799.8,799.3,951069,761908760.1,01-DEC-2020,40949,INE018E01016,
SBIETFIT,EQ,220.96,222.7,217.01,220.51,219.42,220.96,1452,318283.98,01-DEC-2020,54,INF200KA1S14,
SBIETFPB,EQ,166.9,167.97,162.05,166.01,163.12,164.09,847,139081.25,01-DEC-2020,30,INF200KA1S22,
SBIETFQLTY,EQ,114.65,115.47,114.01,114.6,114.6,113.73,1724,197746.5,01-DEC-2020,74,INF200KA1WX6,
SBILIFE,EQ,849.9,855.0,840.2,851.35,849.35,846.05,1027637,873173387.65,01-DEC-2020,60515,INE123W01016,
SBIN,EQ,245.0,248.95,244.25,248.05,247.65,244.25,37003272,9124277406.45,01-DEC-2020,186048,INE062A01020,
SCAPDVR,EQ,1.35,1.4,1.3,1.3,1.35,1.35,53037,69757.95,01-DEC-2020,75,INE224E01036,
SCHAEFFLER,EQ,3999.9,4040.0,3870.0,3949.85,3876.0,3984.15,26754,106249115.15,01-DEC-2020,3603,INE513A01014,
SCHAND,EQ,72.2,72.2,68.0,69.0,68.95,68.8,34454,2440143.7,01-DEC-2020,441,INE807K01035,
SCHNEIDER,EQ,93.0,96.0,91.25,94.0,93.75,90.75,802088,75153807.7,01-DEC-2020,8019,INE839M01018,
SCI,EQ,58.4,60.0,58.0,59.55,59.8,56.0,5157694,304309890.35,01-DEC-2020,17067,INE109A01011,
SDBL,EQ,26.0,26.3,25.8,25.95,26.15,25.95,116706,3036785.75,01-DEC-2020,440,INE480C01020,
SEAMECLTD,EQ,399.0,415.0,399.0,404.85,404.0,398.95,19767,8014209.55,01-DEC-2020,1129,INE497B01018,
SELAN,EQ,122.1,125.35,122.1,123.7,123.5,123.5,84843,10499570.6,01-DEC-2020,1173,INE818A01017,
SEPOWER,EQ,2.45,2.45,2.3,2.45,2.45,2.35,13536,32389.55,01-DEC-2020,87,INE735M01018,
SEQUENT,EQ,155.65,161.6,153.5,158.75,158.45,155.65,962249,152038600.65,01-DEC-2020,10284,INE807F01027,
SESHAPAPER,EQ,144.0,154.4,142.0,145.45,144.35,141.95,446133,65817959.4,01-DEC-2020,4885,INE630A01024,
SETCO,EQ,12.4,12.65,12.05,12.2,12.25,12.4,92480,1136569.25,01-DEC-2020,301,INE878E01021,
SETF10GILT,EQ,230.0,230.0,200.1,201.21,201.11,203.48,1401,283539.68,01-DEC-2020,18,INF200KA1JT1,
SETFGOLD,EQ,4376.0,4376.0,4300.0,4327.9,4334.65,4377.35,11697,50789061.3,01-DEC-2020,1967,INF200K01099,
SETFNIF50,EQ,138.8,140.0,134.0,135.67,135.59,134.73,136566,18467850.38,01-DEC-2020,1391,INF200KA1FS1,
SETFNIFBK,EQ,294.0,298.0,294.0,297.49,297.6,294.86,49922,14805993.9,01-DEC-2020,856,INF200KA1580,
SETFNN50,EQ,317.98,343.1,314.0,318.56,317.0,314.73,15283,4833735.27,01-DEC-2020,506,INF200KA1598,
SETUINFRA,EQ,0.7,0.7,0.65,0.65,0.7,0.7,120642,80567.2,01-DEC-2020,83,INE023M01027,
SEYAIND,EQ,60.0,61.9,58.7,60.2,59.65,60.4,13432,809601.45,01-DEC-2020,168,INE573R01012,
SFL,EQ,1544.15,1609.0,1526.15,1595.9,1574.0,1531.85,67209,106340938.15,01-DEC-2020,8068,INE916U01025,
SGL,EQ,6.65,6.65,6.25,6.45,6.5,6.55,9529,61559.35,01-DEC-2020,104,INE353H01010,
SHAHALLOYS,EQ,8.2,8.5,8.05,8.5,8.5,7.75,12026,100320.45,01-DEC-2020,64,INE640C01011,
SHAKTIPUMP,BE,248.0,249.95,231.0,245.5,245.0,238.05,52912,12986225.2,01-DEC-2020,856,INE908D01010,
SHALBY,EQ,105.5,114.75,101.35,110.0,109.6,105.25,1817579,199306299.4,01-DEC-2020,15993,INE597J01018,
SHALPAINTS,EQ,71.75,74.4,71.2,73.4,73.0,70.7,411304,30033360.0,01-DEC-2020,3285,INE849C01026,
SHANKARA,EQ,330.0,354.4,325.0,346.9,345.3,329.45,231119,79840443.05,01-DEC-2020,7014,INE274V01019,
SHANTIGEAR,EQ,110.15,112.75,107.3,108.4,109.25,110.15,75418,8311110.75,01-DEC-2020,1245,INE631A01022,
SHARDACROP,EQ,284.0,287.0,280.5,284.4,286.05,277.55,56304,15941542.9,01-DEC-2020,2684,INE221J01015,
SHARDAMOTR,EQ,1598.8,1649.0,1553.0,1623.4,1639.9,1576.35,14671,23863174.75,01-DEC-2020,1280,INE597I01010,
SHAREINDIA,EQ,106.5,111.0,104.5,108.95,108.0,105.7,16720,1793652.85,01-DEC-2020,150,INE932X01018,
SHARIABEES,EQ,322.0,325.0,317.95,321.93,317.95,318.05,188,60309.87,01-DEC-2020,38,INF732E01128,
SHEMAROO,EQ,58.15,62.9,57.2,62.9,62.9,57.2,193201,11888500.5,01-DEC-2020,1127,INE363M01019,
SHIL,EQ,117.4,125.7,112.0,122.65,122.1,116.65,450358,54247880.5,01-DEC-2020,5903,INE05AN01011,
SHILPAMED,EQ,476.8,483.7,471.0,475.15,474.0,471.35,354332,168876208.1,01-DEC-2020,10556,INE790G01031,
SHIRPUR-G,BE,7.75,7.8,7.25,7.65,7.75,7.6,21205,161611.65,01-DEC-2020,77,INE196B01016,
SHIVAMAUTO,EQ,22.15,23.3,21.35,21.35,21.35,22.45,445420,9771444.25,01-DEC-2020,1015,INE637H01024,
SHIVAMILLS,EQ,25.75,27.05,25.7,26.7,26.85,25.8,5551,145625.45,01-DEC-2020,69,INE644Y01017,
SHIVATEX,EQ,82.0,82.25,81.1,81.95,82.0,80.8,609,49617.75,01-DEC-2020,22,INE705C01020,
SHK,EQ,130.25,141.6,130.25,138.8,138.05,130.35,1444256,198283007.35,01-DEC-2020,19508,INE500L01026,
SHOPER-RE,BE,40.0,40.0,29.0,38.2,38.2,41.25,38018,1384091.35,01-DEC-2020,942,INE498B20016,
SHOPERSTOP,EQ,186.2,187.8,183.2,184.55,184.4,186.2,91097,16801585.0,01-DEC-2020,1706,INE498B01024,
SHRADHA,EQ,61.5,61.5,59.75,59.75,59.75,61.0,2405,143857.5,01-DEC-2020,13,INE715Y01015,
SHREDIGCEM,EQ,60.45,62.5,60.4,61.3,61.5,59.9,935114,57540612.95,01-DEC-2020,5966,INE232A01011,
SHREECEM,EQ,25555.0,25655.5,24549.4,24908.4,24849.75,24306.35,95268,2371843714.55,01-DEC-2020,23180,INE070A01015,
SHREEPUSHK,EQ,102.45,104.0,101.5,102.05,102.0,101.95,308199,31460946.15,01-DEC-2020,3898,INE712K01011,
SHREERAMA,EQ,7.4,7.4,6.85,6.85,6.9,7.15,36891,261114.5,01-DEC-2020,117,INE879A01019,
SHRENIK,EQ,5.7,5.7,5.55,5.6,5.6,5.55,181716,1022726.9,01-DEC-2020,586,INE632X01030,
SHREYANIND,EQ,78.55,87.9,78.55,82.8,83.1,78.3,240863,20185728.9,01-DEC-2020,3378,INE231C01019,
SHREYAS,EQ,58.1,59.95,57.7,59.15,59.5,59.2,41357,2428147.2,01-DEC-2020,601,INE757B01015,
SHRIPISTON,BE,597.8,617.0,581.0,604.7,616.95,592.9,584,351259.05,01-DEC-2020,35,INE526E01018,
SHRIRAMCIT,EQ,1085.0,1116.0,1075.75,1090.2,1091.5,1080.1,98493,106973378.75,01-DEC-2020,3656,INE722A01011,
SHRIRAMEPC,EQ,3.5,3.6,3.4,3.5,3.5,3.45,321080,1134159.9,01-DEC-2020,251,INE964H01014,
SHYAMCENT,EQ,3.75,4.0,3.75,4.0,4.0,3.9,92059,362570.7,01-DEC-2020,99,INE979R01011,
SICAGEN,EQ,12.85,13.2,12.1,13.15,13.1,12.6,35759,458087.6,01-DEC-2020,180,INE176J01011,
SICAL,EQ,9.25,9.75,9.25,9.65,9.6,9.6,165309,1589191.8,01-DEC-2020,348,INE075B01012,
SIEMENS,EQ,1500.9,1545.0,1490.15,1517.55,1518.5,1513.45,1001758,1518886253.75,01-DEC-2020,42905,INE003A01024,
SIGIND,EQ,22.4,23.05,21.3,22.5,22.5,22.4,27715,622408.4,01-DEC-2020,208,INE529F01035,
SIL,BE,8.6,8.8,8.5,8.75,8.75,8.65,22508,194658.7,01-DEC-2020,48,INE173A01025,
SILINV,EQ,159.75,173.7,156.2,161.8,161.85,160.25,9756,1603819.6,01-DEC-2020,277,INE923A01015,
SILLYMONKS,BE,21.0,22.0,21.0,21.4,21.0,21.25,3585,77294.9,01-DEC-2020,8,INE203Y01012,
SIMBHALS,EQ,5.9,6.3,5.85,6.05,6.05,6.1,37752,227459.2,01-DEC-2020,143,INE748T01016,
SIMPLEXINF,EQ,32.5,35.1,31.6,35.1,35.1,31.95,351960,12108594.25,01-DEC-2020,1022,INE059B01024,
SINTERCOM,EQ,70.0,74.4,70.0,73.0,73.0,70.95,5038,371474.8,01-DEC-2020,17,INE129Z01016,
SINTEX,BE,3.3,3.35,3.2,3.35,3.35,3.2,1973735,6578865.0,01-DEC-2020,1118,INE429C01035,
SIRCA,EQ,251.1,251.1,244.0,245.6,246.3,245.95,36456,8992925.35,01-DEC-2020,559,INE792Z01011,
SIS,EQ,446.65,472.95,433.0,465.75,465.5,446.65,331930,152219599.8,01-DEC-2020,12859,INE285J01028,
SITINET,EQ,0.75,0.85,0.75,0.8,0.85,0.8,69131557,56095197.4,01-DEC-2020,3657,INE965H01011,
SIYSIL,EQ,162.0,173.9,161.95,170.2,171.5,161.3,449296,76111755.95,01-DEC-2020,7877,INE076B01028,
SJVN,EQ,24.4,24.4,24.05,24.15,24.1,24.2,1404074,33956898.1,01-DEC-2020,7414,INE002L01015,
SKFINDIA,EQ,1571.0,1588.6,1565.7,1570.3,1569.85,1570.05,67362,106117079.05,01-DEC-2020,2102,INE640A01023,
SKIL,EQ,2.7,2.7,2.7,2.7,2.7,2.8,40017,108045.9,01-DEC-2020,43,INE429F01012,
SKIPPER,EQ,56.3,57.7,53.9,56.45,56.65,55.35,169893,9602088.85,01-DEC-2020,1085,INE439E01022,
SKMEGGPROD,EQ,49.7,51.05,49.0,49.5,49.8,49.7,43305,2162320.85,01-DEC-2020,541,INE411D01015,
SMARTLINK,EQ,72.0,74.4,72.0,73.15,73.0,72.55,9619,707473.7,01-DEC-2020,242,INE178C01020,
SMLISUZU,EQ,434.9,440.0,428.0,432.7,431.95,427.2,40674,17615455.5,01-DEC-2020,2265,INE294B01019,
SMSLIFE,EQ,598.6,598.6,576.05,580.75,579.0,585.25,2472,1438548.75,01-DEC-2020,192,INE320X01016,
SMSPHARMA,EQ,90.45,93.9,89.9,92.45,92.55,88.35,364098,33657294.4,01-DEC-2020,4612,INE812G01025,
SNOWMAN,EQ,58.3,61.35,55.55,55.95,55.9,58.0,3697129,212681314.5,01-DEC-2020,19064,INE734N01019,
SOBHA,EQ,311.0,319.4,308.6,316.85,317.3,310.95,391698,123897866.1,01-DEC-2020,7970,INE671H01015,
SOLARA,EQ,1179.0,1186.0,1158.65,1174.6,1163.0,1169.5,86051,100976449.8,01-DEC-2020,9953,INE624Z01016,
SOLARINDS,EQ,1058.7,1058.7,1032.2,1039.5,1037.1,1043.15,12781,13342518.7,01-DEC-2020,1181,INE343H01029,
SOMANYCERA,EQ,281.9,303.9,278.05,300.2,301.8,280.1,253579,74108256.15,01-DEC-2020,5305,INE355A01028,
SOMATEX,BE,2.6,2.6,2.6,2.6,2.6,2.7,3100,8060.0,01-DEC-2020,6,INE314C01013,
SOMICONVEY,EQ,20.4,23.3,20.35,21.7,21.3,21.4,25381,559918.4,01-DEC-2020,205,INE323J01019,
SONATSOFTW,EQ,341.5,346.75,341.5,345.05,344.9,341.45,164823,56864636.7,01-DEC-2020,7826,INE269A01021,
SORILINFRA,EQ,73.9,76.35,71.65,73.4,73.55,72.55,83459,6213216.05,01-DEC-2020,1147,INE034H01016,
SOTL,EQ,691.0,709.5,691.0,704.95,705.0,690.0,13598,9579418.05,01-DEC-2020,745,INE035D01012,
SOUTHBANK,EQ,7.65,8.0,7.6,7.9,7.9,7.55,25973940,203843859.5,01-DEC-2020,73828,INE683A01023,
SOUTHWEST,EQ,33.35,34.75,33.35,33.95,33.95,33.1,33903,1156146.65,01-DEC-2020,123,INE980Y01015,
SPAL,EQ,141.25,142.4,139.05,140.4,141.0,142.75,17073,2397543.4,01-DEC-2020,330,INE212I01016,
SPANDANA,EQ,764.95,782.0,742.4,752.0,758.0,749.95,63422,48061104.65,01-DEC-2020,4685,INE572J01011,
SPARC,EQ,182.6,190.5,180.55,185.2,184.8,181.7,2217940,413719062.25,01-DEC-2020,22896,INE232I01014,
SPCENET,BE,1.5,1.5,1.5,1.5,1.5,1.45,7354,11031.0,01-DEC-2020,9,INE970N01027,
SPECIALITY,EQ,41.0,44.9,39.5,43.6,43.7,39.75,624873,26857251.45,01-DEC-2020,3935,INE247M01014,
SPENCERS,EQ,81.8,82.7,80.4,80.95,80.9,81.55,596587,48570935.9,01-DEC-2020,5018,INE020801028,
SPIC,EQ,19.75,20.25,19.7,19.85,19.85,19.75,133263,2653968.4,01-DEC-2020,439,INE147A01011,
SPICEJET,EQ,71.65,74.95,70.15,74.05,74.15,71.5,8439746,619292947.5,01-DEC-2020,36617,INE285B01017,
SPLIL,EQ,29.8,29.8,28.7,29.5,29.3,28.8,17734,521147.6,01-DEC-2020,161,INE978G01016,
SPMLINFRA,EQ,8.25,8.25,8.05,8.25,8.25,8.15,35105,289197.45,01-DEC-2020,156,INE937A01023,
SPTL,EQ,2.5,2.5,2.45,2.5,2.5,2.4,1355153,3383569.4,01-DEC-2020,486,INE501W01021,
SPYL,BE,0.6,0.65,0.55,0.65,0.65,0.6,605685,388419.85,01-DEC-2020,141,INE268L01020,
SREEL,EQ,144.9,156.85,141.3,155.0,154.95,144.9,50282,7692371.1,01-DEC-2020,812,INE099F01013,
SREINFRA,EQ,5.95,6.0,5.85,5.95,5.95,6.0,1265574,7504672.95,01-DEC-2020,1281,INE872A01014,
SRF,EQ,5179.5,5179.5,5066.35,5098.0,5098.95,5133.65,116811,597626505.9,01-DEC-2020,12706,INE647A01010,
SRHHYPOLTD,EQ,258.9,260.0,208.8,249.65,248.0,257.75,24566,6063111.6,01-DEC-2020,860,INE917H01012,
SRIPIPES,EQ,132.8,145.2,132.1,142.95,143.7,132.0,871032,123360827.4,01-DEC-2020,10130,INE943C01027,
SRPL,EQ,31.05,32.35,30.8,30.9,30.85,31.5,3269,101615.0,01-DEC-2020,24,INE008Z01012,
SRTRANSFIN,EQ,1079.9,1080.0,1018.7,1023.55,1026.1,1070.2,3971538,4142292360.15,01-DEC-2020,77931,INE721A01013,
SSWL,EQ,500.5,506.0,497.3,503.7,502.1,495.7,39901,19991594.05,01-DEC-2020,2103,INE802C01017,
STAMPEDE,BE,0.5,0.55,0.5,0.5,0.5,0.55,24661,12525.5,01-DEC-2020,32,INE224E01028,
STAR,EQ,761.8,802.35,755.0,796.85,794.5,764.1,1029397,811473240.75,01-DEC-2020,32445,INE939A01011,
STARCEMENT,EQ,90.0,91.75,89.35,90.4,90.3,89.8,211652,19236492.5,01-DEC-2020,2576,INE460H01021,
STARPAPER,EQ,94.0,97.3,94.0,96.35,96.05,93.8,126757,12202438.2,01-DEC-2020,1738,INE733A01018,
STCINDIA,EQ,69.5,76.0,67.05,75.8,76.0,69.1,338543,24931876.5,01-DEC-2020,3772,INE655A01013,
STEELCITY,EQ,37.6,37.6,34.15,35.9,35.9,35.8,17489,626708.35,01-DEC-2020,170,INE395H01011,
STEELXIND,EQ,32.0,32.6,32.0,32.15,32.1,32.3,203156,6531723.5,01-DEC-2020,162,INE503B01013,
STEL,EQ,62.45,62.8,60.95,62.4,62.65,61.05,18792,1165046.3,01-DEC-2020,226,INE577L01016,
STERTOOLS,EQ,187.85,196.45,186.5,192.65,194.1,187.85,47742,9215449.15,01-DEC-2020,2202,INE334A01023,
STLTECH,EQ,163.05,164.7,159.2,160.55,160.2,162.75,652581,105139549.7,01-DEC-2020,8137,INE089C01029,
SUBCAPCITY,BE,21.95,21.95,21.95,21.95,21.95,21.95,2,43.9,01-DEC-2020,1,INE845C01016,
SUBEXLTD,EQ,23.5,27.3,23.5,27.3,27.3,22.75,29013954,758559178.75,01-DEC-2020,35320,INE754A01055,
SUBROS,EQ,295.35,297.5,290.2,291.45,291.5,293.1,49120,14399519.15,01-DEC-2020,1546,INE287B01021,
SUDARSCHEM,EQ,472.7,481.9,468.2,474.35,474.0,470.6,99460,47236833.0,01-DEC-2020,3569,INE659A01023,
SUJANAUNI,BE,0.4,0.4,0.35,0.4,0.35,0.4,347775,130340.25,01-DEC-2020,187,INE216G01011,
SUMEETINDS,EQ,1.95,2.0,1.9,1.95,1.9,1.95,57559,111614.7,01-DEC-2020,76,INE235C01010,
SUMICHEM,EQ,285.0,289.0,283.25,288.4,288.0,282.85,501695,143978088.75,01-DEC-2020,10916,INE258G01013,
SUMIT,EQ,8.2,8.2,7.9,8.2,8.1,8.1,8356,67497.95,01-DEC-2020,81,INE748Z01013,
SUMMITSEC,EQ,490.0,498.7,480.3,482.15,481.1,487.2,3063,1490529.65,01-DEC-2020,266,INE519C01017,
SUNCLAYLTD,EQ,1840.0,1900.0,1811.9,1895.6,1898.8,1814.9,8283,15517164.15,01-DEC-2020,1056,INE105A01035,
SUNDARAM,EQ,1.25,1.35,1.25,1.35,1.35,1.25,681346,888893.05,01-DEC-2020,312,INE108E01023,
SUNDARMFIN,EQ,1779.8,1805.0,1741.35,1773.0,1775.0,1746.8,145571,257619394.7,01-DEC-2020,11806,INE660A01013,
SUNDARMHLD,EQ,58.4,58.4,55.2,55.85,55.55,56.0,139835,7814339.95,01-DEC-2020,1048,INE202Z01029,
SUNDRMBRAK,EQ,311.65,316.0,291.2,301.75,305.0,302.35,8911,2660650.65,01-DEC-2020,421,INE073D01013,
SUNDRMFAST,EQ,522.0,553.55,521.8,544.55,541.95,521.55,792566,431136637.1,01-DEC-2020,16250,INE387A01021,
SUNFLAG,EQ,56.4,56.9,55.1,55.7,55.8,56.0,334889,18800242.2,01-DEC-2020,2235,INE947A01014,
SUNPHARMA,EQ,518.0,542.75,512.65,539.35,541.0,511.65,25388623,13560327148.6,01-DEC-2020,264848,INE044A01036,
SUNTECK,EQ,315.15,329.5,309.0,326.85,328.1,314.95,1196891,385478738.2,01-DEC-2020,32168,INE805D01034,
SUNTV,EQ,442.1,451.3,438.85,445.05,444.5,439.95,2509110,1117887775.45,01-DEC-2020,35081,INE424H01027,
SUPERHOUSE,EQ,109.95,110.75,105.4,108.35,108.35,108.65,16220,1762875.15,01-DEC-2020,532,INE712B01010,
SUPERSPIN,EQ,4.75,4.75,4.45,4.75,4.75,4.55,29552,139303.45,01-DEC-2020,91,INE662A01027,
SUPPETRO,EQ,327.0,327.3,315.0,320.7,320.1,326.75,90999,29287734.6,01-DEC-2020,1970,INE663A01017,
SUPRAJIT,EQ,196.8,198.0,193.8,194.65,196.0,195.85,109387,21329297.3,01-DEC-2020,4420,INE399C01030,
SUPREMEIND,EQ,1655.45,1726.0,1647.8,1724.75,1725.0,1630.95,208187,354256996.55,01-DEC-2020,19254,INE195A01028,
SURANASOL,EQ,8.05,8.5,7.55,7.95,7.9,8.15,51361,410861.15,01-DEC-2020,190,INE272L01022,
SURANAT&P,EQ,3.7,3.95,3.65,3.8,3.9,3.8,36173,136075.3,01-DEC-2020,46,INE130B01031,
SURYALAXMI,EQ,18.8,18.85,18.05,18.5,18.5,18.35,2395,44531.8,01-DEC-2020,55,INE713B01026,
SURYAROSNI,EQ,263.5,264.2,259.0,260.2,259.4,261.05,56773,14834979.75,01-DEC-2020,2276,INE335A01012,
SUTLEJTEX,EQ,28.65,29.45,28.65,29.2,29.25,28.65,16920,493858.1,01-DEC-2020,131,INE645H01027,
SUULD,EQ,102.95,107.0,102.0,102.05,102.0,103.5,19003,1949329.05,01-DEC-2020,138,INE591Q01016,
SUVEN,EQ,46.45,48.4,46.45,47.8,47.8,46.45,629573,29996713.9,01-DEC-2020,3025,INE495B01038,
SUVENPHAR,EQ,392.0,403.15,384.0,384.75,384.5,396.95,477052,186062720.4,01-DEC-2020,10637,INE03QK01018,
SUZLON,BE,3.5,3.55,3.4,3.5,3.55,3.45,19249876,67589826.05,01-DEC-2020,6308,INE040H01021,
SWANENERGY,EQ,139.7,142.9,138.4,140.25,139.1,139.25,155468,21866780.4,01-DEC-2020,3649,INE665A01038,
SWARAJENG,EQ,1414.8,1432.05,1400.0,1415.35,1412.0,1401.75,21678,30771890.55,01-DEC-2020,2074,INE277A01016,
SWELECTES,EQ,152.5,157.2,150.95,157.2,157.2,149.75,36772,5680303.9,01-DEC-2020,526,INE409B01013,
SWSOLAR,EQ,219.0,232.0,219.0,227.25,226.75,222.45,447047,101890877.95,01-DEC-2020,5370,INE00M201021,
SYMPHONY,EQ,849.95,850.4,838.4,840.2,840.0,844.2,90302,76121260.15,01-DEC-2020,9790,INE225D01027,
SYNGENE,EQ,580.85,582.0,560.05,568.7,568.9,577.95,527981,299911406.35,01-DEC-2020,40685,INE398R01022,
TAINWALCHM,EQ,72.7,75.0,71.15,72.75,72.1,72.75,9789,709761.7,01-DEC-2020,211,INE123C01018,
TAJGVK,EQ,139.05,144.4,138.9,140.2,140.2,140.7,226077,31922135.75,01-DEC-2020,3760,INE586B01026,
TAKE,EQ,41.0,46.35,40.8,44.55,44.8,40.5,9734639,428796700.85,01-DEC-2020,32024,INE142I01023,
TALBROAUTO,EQ,156.85,160.0,155.4,155.95,156.5,154.05,12624,1983018.35,01-DEC-2020,378,INE187D01011,
TANLA,EQ,637.95,643.25,632.6,643.25,643.25,612.65,192729,123447765.6,01-DEC-2020,1384,INE483C01032,
TARMAT,EQ,39.8,39.9,38.1,38.65,38.1,38.55,9442,367919.05,01-DEC-2020,153,INE924H01018,
TASTYBITE,EQ,11498.95,11600.0,11200.0,11288.95,11293.0,11415.95,1273,14479300.95,01-DEC-2020,735,INE488B01017,
TATACHEM,EQ,392.4,408.45,386.95,404.95,407.0,392.1,5161307,2056562072.7,01-DEC-2020,51757,INE092A01019,
TATACOFFEE,EQ,103.8,107.85,103.2,105.25,105.5,103.25,4831538,510066227.35,01-DEC-2020,21336,INE493A01027,
TATACOMM,EQ,1062.0,1073.9,1025.1,1038.95,1047.0,1061.55,102229,106818694.45,01-DEC-2020,7240,INE151A01013,
TATACONSUM,EQ,554.0,554.0,525.3,529.3,529.9,538.0,5105352,2737677757.05,01-DEC-2020,69180,INE192A01025,
TATAELXSI,EQ,1612.0,1638.45,1606.65,1628.6,1628.0,1588.25,471067,765083295.35,01-DEC-2020,23877,INE670A01012,
TATAINVEST,EQ,943.0,954.0,936.0,945.75,948.35,941.15,28617,27049706.4,01-DEC-2020,2187,INE672A01018,
TATAMETALI,EQ,544.5,643.8,540.0,620.85,620.55,538.95,744716,446911544.5,01-DEC-2020,23002,INE056C01010,
TATAMOTORS,EQ,182.35,182.4,178.1,179.75,179.85,180.35,48881250,8795551167.4,01-DEC-2020,199976,INE155A01022,
TATAMTRDVR,EQ,78.85,79.6,77.3,78.1,77.95,78.15,7625111,596425941.2,01-DEC-2020,16708,IN9155A01020,
TATAPOWER,EQ,65.6,69.45,65.0,68.85,69.05,64.9,70704403,4783756928.25,01-DEC-2020,120710,INE245A01021,
TATASTEEL,EQ,592.0,592.0,576.95,585.8,584.85,577.35,14739109,8605778187.8,01-DEC-2020,147447,INE081A01012,
TATASTLBSL,EQ,36.0,36.25,35.5,36.0,36.05,35.3,4308424,154653020.0,01-DEC-2020,6939,INE824B01021,
TATASTLLP,EQ,491.25,526.05,491.25,526.05,526.05,478.25,223686,115599332.7,01-DEC-2020,3811,INE674A01014,
TBZ,EQ,42.5,46.0,41.8,44.85,44.55,42.2,1393768,62342801.45,01-DEC-2020,6785,INE760L01018,
TCI,EQ,256.95,261.85,250.05,252.85,252.0,251.7,65814,16790726.0,01-DEC-2020,1834,INE688A01022,
TCIDEVELOP,EQ,325.2,325.2,298.05,306.4,306.4,304.9,442,136195.0,01-DEC-2020,81,INE662L01016,
TCIEXP,EQ,809.5,890.0,801.1,873.55,863.95,806.45,66472,56466252.15,01-DEC-2020,6814,INE586V01016,
TCIFINANCE,EQ,4.0,4.05,4.0,4.05,4.05,4.0,1048,4200.55,01-DEC-2020,5,INE911B01018,
TCNSBRANDS,EQ,404.8,410.0,397.0,404.6,407.9,397.8,18603,7499204.35,01-DEC-2020,848,INE778U01029,
TCPLPACK,EQ,379.95,379.95,367.0,372.9,374.85,371.5,3506,1305204.75,01-DEC-2020,269,INE822C01015,
TCS,EQ,2679.0,2735.9,2624.45,2726.8,2729.0,2679.65,3605017,9717083002.65,01-DEC-2020,153842,INE467B01029,
TDPOWERSYS,EQ,129.25,129.25,124.0,127.25,127.0,125.9,45316,5751840.7,01-DEC-2020,624,INE419M01019,
TEAMLEASE,EQ,2499.0,2710.0,2421.0,2671.95,2661.0,2499.9,64868,171480221.75,01-DEC-2020,11771,INE985S01024,
TECHIN,EQ,2.6,2.7,2.6,2.7,2.7,2.6,5152,13400.4,01-DEC-2020,6,INE778A01021,
TECHM,EQ,900.0,914.15,871.65,907.3,910.05,876.85,5821698,5198458977.75,01-DEC-2020,99153,INE669C01036,
TECHNOE,EQ,218.9,218.9,214.7,218.0,218.5,215.75,21882,4737747.65,01-DEC-2020,1034,INE285K01026,
TEJASNET,EQ,103.0,107.95,101.5,107.95,107.95,102.85,591343,63403730.3,01-DEC-2020,3619,INE010J01012,
TERASOFT,EQ,30.6,31.65,28.7,30.65,30.7,31.0,57257,1752805.25,01-DEC-2020,587,INE482B01010,
TEXINFRA,EQ,37.7,38.75,37.7,38.65,38.65,37.5,102662,3934050.0,01-DEC-2020,697,INE435C01024,
TEXMOPIPES,EQ,22.75,22.75,21.4,21.6,21.55,21.4,117424,2559554.6,01-DEC-2020,611,INE141K01013,
TEXRAIL,EQ,25.7,27.2,25.4,26.95,26.85,25.6,1065487,28242431.8,01-DEC-2020,3708,INE621L01012,
TFCILTD,EQ,42.15,44.4,41.6,42.65,42.35,42.1,1218452,52552450.0,01-DEC-2020,5109,INE305A01015,
TGBHOTELS,EQ,4.8,5.1,4.8,5.1,5.1,4.9,37811,190181.6,01-DEC-2020,135,INE797H01018,
THANGAMAYL,EQ,449.3,470.95,443.65,450.05,451.95,444.8,103631,47087968.95,01-DEC-2020,5469,INE085J01014,
THEINVEST,EQ,133.0,137.5,116.2,129.55,127.5,131.1,26400,3481484.85,01-DEC-2020,393,INE924D01017,
THEMISMED,EQ,345.05,356.55,344.9,353.8,353.0,348.4,6907,2417899.55,01-DEC-2020,357,INE083B01016,
THERMAX,EQ,909.0,909.3,892.0,896.35,892.0,893.4,33389,29977664.35,01-DEC-2020,3244,INE152A01029,
THOMASCOOK,EQ,49.5,49.6,48.3,49.6,49.6,47.25,763397,37718308.35,01-DEC-2020,2287,INE332A01027,
THOMASCOTT,BE,5.55,5.55,5.55,5.55,5.55,5.3,200,1110.0,01-DEC-2020,1,INE480M01011,
THYROCARE,EQ,1098.75,1103.7,1070.0,1071.8,1072.0,1098.25,70349,75717948.5,01-DEC-2020,4864,INE594H01019,
TI,EQ,17.4,17.9,17.05,17.8,17.7,17.4,86791,1524883.35,01-DEC-2020,288,INE133E01013,
TIDEWATER,EQ,4418.9,4464.5,4400.0,4419.1,4425.0,4397.15,1614,7144133.0,01-DEC-2020,439,INE484C01022,
TIIL,EQ,299.3,313.3,299.0,311.8,313.0,301.6,32049,9744218.75,01-DEC-2020,559,INE545H01011,
TIINDIA,EQ,828.0,837.0,795.1,809.8,813.0,823.6,156914,127389433.15,01-DEC-2020,9385,INE974X01010,
TIJARIA,EQ,7.1,7.4,7.1,7.3,7.4,7.45,32086,232641.9,01-DEC-2020,62,INE440L01017,
TIL,EQ,149.45,164.25,141.05,161.2,163.5,143.6,61147,9594608.65,01-DEC-2020,1754,INE806C01018,
TIMESGTY,EQ,30.15,30.2,27.85,28.6,28.6,28.85,4924,143879.55,01-DEC-2020,70,INE289C01025,
TIMETECHNO,EQ,45.65,46.5,45.5,46.35,46.4,45.3,683461,31543081.15,01-DEC-2020,2819,INE508G01029,
TIMKEN,EQ,1210.0,1214.0,1183.3,1188.6,1185.25,1201.45,18536,22168002.55,01-DEC-2020,1894,INE325A01013,
TINPLATE,EQ,146.35,151.6,145.5,149.7,149.6,145.85,1002172,149087133.7,01-DEC-2020,13159,INE422C01014,
TIPSINDLTD,EQ,258.4,266.0,258.4,263.95,262.05,258.4,11696,3083756.0,01-DEC-2020,429,INE716B01011,
TIRUMALCHM,EQ,99.7,104.0,90.3,99.3,99.75,99.25,1452264,146419128.75,01-DEC-2020,10689,INE338A01024,
TIRUPATIFL,BE,25.9,25.95,25.9,25.9,25.95,25.95,406,10517.35,01-DEC-2020,2,INE319Y01016,
TITAN,EQ,1383.0,1386.4,1335.0,1341.1,1343.0,1361.2,2881906,3897470430.95,01-DEC-2020,86071,INE280A01028,
TMRVL,EQ,10.7,11.6,10.6,11.6,11.6,10.55,123900,1404663.35,01-DEC-2020,513,INE759V01019,
TNPETRO,EQ,40.0,40.75,39.95,40.45,40.6,39.9,283466,11467950.75,01-DEC-2020,1287,INE148A01019,
TNPL,EQ,110.0,112.5,110.0,112.15,112.2,110.9,128197,14367370.7,01-DEC-2020,2289,INE107A01015,
TNTELE,BE,1.55,1.6,1.5,1.5,1.5,1.55,1151,1796.55,01-DEC-2020,8,INE141D01018,
TOKYOPLAST,EQ,69.7,73.5,62.9,70.85,70.95,68.25,37890,2637430.4,01-DEC-2020,752,INE932C01012,
TORNTPHARM,EQ,2630.0,2670.5,2609.7,2653.6,2651.7,2615.1,279813,740244138.15,01-DEC-2020,19922,INE685A01028,
TORNTPOWER,EQ,316.0,321.5,315.5,317.2,316.75,316.0,1703292,542242271.5,01-DEC-2020,23213,INE813H01021,
TOTAL,EQ,66.15,66.15,63.0,66.15,66.15,63.0,115131,7602995.95,01-DEC-2020,484,INE336X01012,
TOUCHWOOD,EQ,48.9,52.3,47.9,50.05,50.05,47.6,9049,456976.5,01-DEC-2020,169,INE486Y01013,
TPLPLASTEH,EQ,142.85,157.75,140.35,155.15,153.5,142.85,194570,29581960.4,01-DEC-2020,1666,INE413G01014,
TREEHOUSE,EQ,6.35,6.4,6.05,6.05,6.05,6.35,327211,1989853.95,01-DEC-2020,364,INE040M01013,
TREJHARA,EQ,35.0,35.0,35.0,35.0,35.0,33.35,6930,242550.0,01-DEC-2020,23,INE00CA01015,
TRENT,EQ,732.9,745.1,705.35,715.5,712.75,720.3,1754561,1266821613.9,01-DEC-2020,86212,INE849A01020,
TRF,EQ,84.2,88.35,82.3,87.9,88.35,84.15,43779,3784781.9,01-DEC-2020,737,INE391D01019,
TRIDENT,EQ,7.95,8.15,7.9,7.95,8.0,7.9,7870921,62959008.9,01-DEC-2020,14721,INE064C01022,
TRIGYN,EQ,69.5,69.5,67.0,68.65,68.6,66.2,196122,13510347.2,01-DEC-2020,1239,INE948A01012,
TRIL,EQ,12.85,13.2,12.6,13.2,13.2,11.0,1512440,19710424.85,01-DEC-2020,2791,INE763I01026,
TRITURBINE,EQ,74.7,77.9,74.55,76.85,76.7,74.55,124073,9520279.1,01-DEC-2020,1445,INE152M01016,
TRIVENI,EQ,72.05,73.2,70.9,71.35,71.3,71.7,445847,32037810.05,01-DEC-2020,5792,INE256C01024,
TTKHLTCARE,EQ,483.6,494.6,471.6,487.8,493.0,477.0,7210,3474529.35,01-DEC-2020,322,INE910C01018,
TTKPRESTIG,EQ,5798.8,5849.75,5729.0,5823.65,5807.0,5745.8,5727,33120085.65,01-DEC-2020,1743,INE690A01010,
TTL,EQ,42.1,45.75,42.1,44.15,44.1,42.55,87588,3910825.0,01-DEC-2020,910,INE592B01016,
TTML,BE,7.3,7.4,6.95,7.0,7.0,7.3,2853339,20007645.8,01-DEC-2020,6794,INE517B01013,
TV18BRDCST,EQ,29.55,32.1,29.2,31.45,31.65,29.7,18375515,567939170.55,01-DEC-2020,17025,INE886H01027,
TVSELECT,EQ,102.0,107.0,101.1,103.15,102.85,101.8,191788,20053145.75,01-DEC-2020,2409,INE236G01019,
TVSMOTOR,EQ,502.0,506.8,492.55,500.35,499.0,499.65,3381249,1687788403.25,01-DEC-2020,44596,INE494B01023,
TVSSRICHAK,EQ,1599.0,1599.0,1562.5,1576.3,1575.0,1558.2,12811,20253486.95,01-DEC-2020,2059,INE421C01016,
TVTODAY,EQ,206.0,214.25,205.0,207.15,207.3,203.1,201900,42182201.0,01-DEC-2020,5892,INE038F01029,
TVVISION,EQ,1.25,1.25,1.25,1.25,1.25,1.2,400,500.0,01-DEC-2020,3,INE871L01013,
TWL,EQ,46.5,47.95,45.7,47.15,47.05,46.3,528982,24857590.2,01-DEC-2020,3333,INE615H01020,
UBL,EQ,1040.0,1091.0,1035.1,1088.4,1087.0,1038.95,727712,775913612.5,01-DEC-2020,19250,INE686F01025,
UCALFUEL,EQ,123.0,128.5,123.0,126.85,126.3,126.35,40026,5062119.15,01-DEC-2020,498,INE139B01016,
UCOBANK,EQ,12.45,12.6,12.3,12.4,12.4,12.35,2511599,31263725.95,01-DEC-2020,3040,INE691A01018,
UFLEX,EQ,351.2,364.2,349.0,361.45,362.3,349.5,263109,94724569.35,01-DEC-2020,6117,INE516A01017,
UFO,EQ,77.5,81.7,77.5,79.75,79.7,77.65,213864,16966985.5,01-DEC-2020,2433,INE527H01019,
UGARSUGAR,EQ,14.55,15.2,14.35,14.8,14.9,14.55,279783,4115793.5,01-DEC-2020,678,INE071E01023,
UJAAS,EQ,3.0,3.0,2.9,3.0,2.95,2.95,1194598,3517413.7,01-DEC-2020,813,INE899L01022,
UJJIVAN,EQ,285.0,287.9,281.1,283.45,283.5,282.95,586003,166985885.25,01-DEC-2020,16974,INE334L01012,
UJJIVANSFB,EQ,37.8,38.45,37.55,38.05,38.1,37.8,1066379,40494963.1,01-DEC-2020,4114,INE551W01018,
ULTRACEMCO,EQ,4815.0,4937.2,4805.0,4910.5,4904.6,4802.0,752883,3686451172.55,01-DEC-2020,62331,INE481G01011,
UMANGDAIRY,EQ,47.8,50.9,46.45,50.9,50.9,46.3,237458,11898728.9,01-DEC-2020,1411,INE864B01027,
UMESLTD,EQ,1.3,1.3,1.2,1.3,1.3,1.25,3800,4807.5,01-DEC-2020,24,INE240C01028,
UNICHEMLAB,EQ,266.8,267.5,258.0,259.85,262.0,255.35,202952,53321662.95,01-DEC-2020,4803,INE351A01035,
UNIDT,EQ,265.0,265.0,253.0,260.0,258.0,264.5,13176,3440286.1,01-DEC-2020,290,INE961D01019,
UNIENTER,EQ,61.0,61.95,58.4,61.1,61.0,60.0,5123,311505.6,01-DEC-2020,141,INE037A01022,
UNIONBANK,EQ,28.3,29.25,28.25,28.9,29.0,28.0,10355127,298586618.25,01-DEC-2020,16143,INE692A01016,
UNITEDTEA,EQ,332.2,338.0,320.0,322.4,321.25,326.8,5707,1874291.8,01-DEC-2020,149,INE458F01011,
UNIVASTU,EQ,31.15,32.0,31.15,31.85,31.9,31.9,792,25126.25,01-DEC-2020,15,INE562X01013,
UNIVCABLES,EQ,143.8,145.65,140.1,144.05,145.0,141.2,41418,5939725.15,01-DEC-2020,671,INE279A01012,
UNIVPHOTO,EQ,193.8,198.95,184.25,186.35,184.25,193.8,3670,696715.75,01-DEC-2020,162,INE03V001013,
UPL,EQ,420.0,434.2,418.0,433.05,434.0,417.7,14928450,6402695864.45,01-DEC-2020,138558,INE628A01036,
URJA,EQ,3.65,3.65,3.65,3.65,3.65,3.5,599851,2189456.15,01-DEC-2020,426,INE550C01020,
USHAMART,EQ,25.5,25.8,24.65,25.3,25.3,25.1,820596,20539019.05,01-DEC-2020,1387,INE228A01035,
UTIAMC,EQ,549.95,555.0,541.3,551.15,552.0,548.55,374930,206107501.75,01-DEC-2020,17654,INE094J01016,
UTIBANKETF,EQ,295.36,299.22,295.36,299.0,299.0,296.9,659,196003.62,01-DEC-2020,17,INF789F1AUN8,
UTINEXT50,EQ,303.6,318.0,303.6,316.0,316.0,314.95,1276,402528.29,01-DEC-2020,53,INF789FC1N82,
UTINIFTETF,EQ,1388.1,1400.0,1387.0,1400.0,1400.0,1389.0,2806,3925380.22,01-DEC-2020,45,INF789FB1X41,
UTISENSETF,EQ,463.01,485.0,463.01,475.48,477.2,469.4,2339,1114326.66,01-DEC-2020,149,INF789FB1X58,
UTISXN50,EQ,329.0,337.0,328.99,336.9,336.9,320.0,348,115607.92,01-DEC-2020,20,INF789F1AHR6,
UTTAMSTL,EQ,7.05,7.05,6.6,6.65,6.65,6.9,235691,1590614.75,01-DEC-2020,384,INE699A01011,
UTTAMSUGAR,EQ,95.45,97.95,88.75,96.15,95.55,95.2,162938,15550533.55,01-DEC-2020,2670,INE786F01031,
V2RETAIL,EQ,87.9,88.85,86.0,88.85,88.85,84.65,287215,25191944.7,01-DEC-2020,1785,INE945H01013,
VADILALIND,EQ,810.0,830.05,795.0,807.95,805.0,808.95,9524,7726275.5,01-DEC-2020,591,INE694D01016,
VAIBHAVGBL,EQ,2148.9,2180.0,2110.05,2148.65,2149.0,2129.45,50927,109471584.1,01-DEC-2020,10487,INE884A01019,
VAISHALI,EQ,33.95,33.95,32.5,33.5,33.75,33.15,13209,438826.95,01-DEC-2020,120,INE972X01014,
VAKRANGEE,EQ,40.0,44.8,40.0,42.7,43.45,38.4,13355050,561648594.8,01-DEC-2020,27619,INE051B01021,
VALIANTORG,EQ,3150.0,3165.0,3048.0,3085.6,3092.0,3134.0,22203,68198521.65,01-DEC-2020,2578,INE565V01010,
VARDHACRLC,EQ,31.0,31.2,30.3,30.7,30.7,30.5,66084,2027485.3,01-DEC-2020,151,INE116G01013,
VARDMNPOLY,EQ,7.45,8.6,7.45,7.95,8.0,7.85,28378,231980.05,01-DEC-2020,232,INE835A01011,
VARROC,EQ,386.7,414.5,386.7,408.05,408.2,385.6,657888,267710306.5,01-DEC-2020,17158,INE665L01035,
VASCONEQ,EQ,15.2,15.45,13.75,14.4,14.05,14.6,1183152,16988609.5,01-DEC-2020,1768,INE893I01013,
VASWANI,EQ,4.15,4.5,4.15,4.45,4.5,4.3,5005,21976.45,01-DEC-2020,19,INE590L01019,
VBL,EQ,900.0,900.0,821.85,835.6,835.0,871.4,679159,575096184.4,01-DEC-2020,33366,INE200M01013,
VEDL,EQ,122.3,122.3,120.0,121.55,121.7,120.75,17531535,2128352465.95,01-DEC-2020,62428,INE205A01025,
VENKEYS,EQ,1676.0,1710.9,1676.0,1682.05,1680.0,1665.6,81513,137671929.55,01-DEC-2020,6199,INE398A01010,
VENUSREM,EQ,142.95,143.0,135.0,136.3,136.0,140.75,40289,5594686.65,01-DEC-2020,613,INE411B01019,
VERTOZ,EQ,181.7,185.9,180.0,180.4,180.0,182.2,54505,9986137.2,01-DEC-2020,870,INE188Y01015,
VESUVIUS,EQ,971.5,999.0,965.0,979.7,983.0,971.6,4340,4246687.0,01-DEC-2020,495,INE386A01015,
VETO,EQ,67.85,69.75,67.0,67.85,67.45,67.85,45233,3070575.3,01-DEC-2020,505,INE918N01018,
VGUARD,EQ,186.0,190.6,185.0,189.4,189.1,184.95,1148672,216713738.2,01-DEC-2020,20901,INE951I01027,
VHL,EQ,1292.05,1366.0,1292.0,1339.4,1330.0,1306.35,155,206118.15,01-DEC-2020,46,INE701A01023,
VICEROY,BE,2.55,2.55,2.45,2.5,2.55,2.55,35774,88969.1,01-DEC-2020,54,INE048C01017,
VIDHIING,EQ,122.25,124.3,120.9,121.85,122.85,121.3,49455,6027567.2,01-DEC-2020,950,INE632C01026,
VIJIFIN,EQ,0.55,0.55,0.45,0.5,0.5,0.5,268225,128624.7,01-DEC-2020,191,INE159N01027,
VIKASECO,EQ,5.2,5.4,4.95,4.95,4.95,5.2,948899,4715157.75,01-DEC-2020,611,INE806A01020,
VIKASMCORP,EQ,7.7,7.95,7.7,7.7,7.7,8.1,2437965,18776883.0,01-DEC-2020,3786,INE161L01027,
VIKASPROP,EQ,2.55,2.6,2.5,2.6,2.6,2.5,1871920,4822632.65,01-DEC-2020,1023,INE767B01022,
VIKASWSP,EQ,4.5,4.6,4.2,4.4,4.4,4.35,363649,1611154.3,01-DEC-2020,366,INE706A01022,
VIMTALABS,EQ,137.6,141.85,136.3,141.85,141.85,135.1,52880,7407834.85,01-DEC-2020,448,INE579C01029,
VINATIORGA,EQ,1178.0,1190.0,1168.05,1175.0,1177.8,1177.85,50408,59418548.65,01-DEC-2020,4611,INE410B01037,
VINDHYATEL,EQ,730.1,800.0,730.1,795.5,799.95,740.15,32322,25130273.75,01-DEC-2020,2329,INE707A01012,
VINYLINDIA,EQ,104.85,106.5,102.75,104.2,104.3,102.7,93187,9753608.85,01-DEC-2020,1685,INE250B01029,
VIPCLOTHNG,EQ,10.75,10.85,10.2,10.35,10.45,10.55,87939,920062.6,01-DEC-2020,225,INE450G01024,
VIPIND,EQ,366.0,372.6,358.2,362.6,360.5,361.45,649967,237377060.9,01-DEC-2020,16915,INE054A01027,
VIPULLTD,EQ,15.3,16.4,15.1,15.85,16.3,15.3,29659,462439.4,01-DEC-2020,215,INE946H01037,
VISAKAIND,EQ,372.5,372.5,366.35,371.35,371.95,369.5,40751,15081780.5,01-DEC-2020,1312,INE392A01013,
VISASTEEL,EQ,5.9,5.95,5.55,5.85,5.95,5.75,14512,84218.7,01-DEC-2020,82,INE286H01012,
VISHAL,EQ,110.2,110.2,110.2,110.2,110.2,112.4,9204,1014280.8,01-DEC-2020,165,INE755Q01025,
VISHNU,EQ,166.45,175.65,166.45,175.3,175.65,167.3,22105,3807899.9,01-DEC-2020,438,INE270I01014,
VISHWARAJ,EQ,125.0,128.0,123.0,124.7,124.8,125.0,5566,696340.95,01-DEC-2020,148,INE430N01014,
VIVIDHA,EQ,0.4,0.45,0.35,0.45,0.45,0.4,1183152,473319.25,01-DEC-2020,339,INE370E01029,
VIVIMEDLAB,EQ,16.95,17.15,16.45,16.7,16.85,17.0,243840,4081249.05,01-DEC-2020,875,INE526G01021,
VLSFINANCE,EQ,70.0,72.0,70.0,71.15,71.2,70.05,139918,9964042.15,01-DEC-2020,1210,INE709A01018,
VMART,EQ,2260.0,2295.0,2181.0,2205.85,2200.5,2252.3,33887,75423141.6,01-DEC-2020,5545,INE665J01013,
VOLTAMP,EQ,1186.15,1240.0,1131.35,1170.75,1166.05,1180.2,26175,31384477.05,01-DEC-2020,3115,INE540H01012,
VOLTAS,EQ,812.15,812.15,790.45,794.5,793.1,806.6,1395992,1116338398.45,01-DEC-2020,43037,INE226A01021,
VRLLOG,EQ,180.55,183.25,178.25,179.4,179.45,179.35,209203,37853103.45,01-DEC-2020,5293,INE366I01010,
VSSL,EQ,104.25,107.95,101.25,103.9,105.5,104.85,37416,3906747.8,01-DEC-2020,677,INE050M01012,
VSTIND,EQ,3600.0,3624.0,3540.1,3592.4,3600.05,3593.45,7213,26033570.15,01-DEC-2020,1499,INE710A01016,
VSTTILLERS,EQ,1949.0,1975.0,1885.0,1934.85,1925.0,1922.3,76574,148806486.7,01-DEC-2020,7663,INE764D01017,
VTL,EQ,839.8,868.05,828.1,858.0,859.0,815.15,216674,184829147.85,01-DEC-2020,6813,INE825A01012,
WABAG,EQ,200.05,203.4,195.0,196.3,196.95,198.9,375294,74605743.95,01-DEC-2020,6627,INE956G01038,
WABCOINDIA,EQ,5544.3,5960.05,5544.3,5818.9,5833.0,5517.05,16388,94986794.8,01-DEC-2020,4598,INE342J01019,
WALCHANNAG,EQ,59.0,59.7,57.5,58.05,58.0,58.65,171979,10086094.45,01-DEC-2020,1842,INE711A01022,
WANBURY,BE,37.95,37.95,36.1,36.55,36.55,37.0,6530,241388.45,01-DEC-2020,60,INE107F01022,
WATERBASE,EQ,108.0,110.0,107.1,107.65,107.7,107.75,160425,17363337.65,01-DEC-2020,2774,INE054C01015,
WEBELSOLAR,EQ,22.95,23.65,22.5,23.65,23.65,22.55,122806,2879716.35,01-DEC-2020,447,INE855C01015,
WEIZMANIND,EQ,32.6,33.8,32.1,33.25,33.4,32.0,14514,480188.15,01-DEC-2020,223,INE080A01014,
WELCORP,EQ,118.2,127.35,116.55,125.65,125.95,118.1,3557627,438807639.85,01-DEC-2020,26950,INE191B01025,
WELENT,EQ,81.7,83.4,80.8,82.7,83.25,81.5,113771,9344990.85,01-DEC-2020,1024,INE625G01013,
WELINV,EQ,300.0,300.0,285.4,296.1,298.0,297.5,685,201268.05,01-DEC-2020,16,INE389K01018,
WELSPUNIND,EQ,69.7,69.7,66.55,67.2,66.8,68.65,875162,59449824.8,01-DEC-2020,9812,INE192B01031,
WENDT,EQ,3289.95,3289.95,3135.25,3252.95,3265.0,3177.6,393,1271890.55,01-DEC-2020,121,INE274C01019,
WESTLIFE,EQ,437.0,448.95,430.35,437.9,437.7,435.55,256168,112723888.1,01-DEC-2020,15122,INE274F01020,
WHEELS,EQ,435.0,438.0,425.0,432.2,429.0,432.65,9066,3919284.9,01-DEC-2020,679,INE715A01015,
WHIRLPOOL,EQ,2200.0,2226.0,2162.0,2180.6,2180.05,2183.3,33345,73289471.9,01-DEC-2020,4796,INE716A01013,
WILLAMAGOR,EQ,17.95,18.4,17.0,18.4,18.4,17.55,6818,124201.8,01-DEC-2020,61,INE210A01017,
WINDMACHIN,EQ,15.15,15.45,14.75,15.3,15.4,14.75,38349,585362.15,01-DEC-2020,171,INE052A01021,
WIPL,BE,49.5,49.5,49.5,49.5,49.5,50.0,26,1287.0,01-DEC-2020,2,INE215F01023,
WIPRO,EQ,352.7,353.9,346.25,352.85,353.7,350.5,10693567,3753382611.75,01-DEC-2020,100652,INE075A01022,
WOCKPHARMA,EQ,460.0,473.0,450.35,462.75,460.25,452.85,1222622,566948371.35,01-DEC-2020,24838,INE049B01025,
WONDERLA,EQ,181.1,199.0,179.25,194.65,198.9,181.1,170115,32291592.0,01-DEC-2020,3796,INE066O01014,
WORTH,EQ,47.0,48.0,45.3,46.85,46.3,47.5,24291,1144453.8,01-DEC-2020,193,INE196Y01018,
WSI,EQ,3.05,3.05,3.05,3.05,3.05,2.95,817,2491.85,01-DEC-2020,3,INE100D01014,
WSTCSTPAPR,EQ,161.5,166.1,161.15,164.25,165.0,160.5,150977,24724862.8,01-DEC-2020,2732,INE976A01021,
XCHANGING,EQ,84.75,85.8,82.8,83.0,83.0,84.75,437550,36624436.75,01-DEC-2020,1915,INE692G01013,
XELPMOC,EQ,248.0,249.35,240.15,243.2,243.45,251.15,43403,10547981.9,01-DEC-2020,1702,INE01P501012,
XPROINDIA,BE,36.25,39.0,36.25,38.0,38.1,37.5,17613,669198.0,01-DEC-2020,114,INE445C01015,
YESBANK,EQ,15.4,15.4,15.05,15.4,15.4,14.7,384256021,5908085250.85,01-DEC-2020,90998,INE528G01035,
ZEEL,EQ,195.0,198.25,190.0,195.65,195.9,192.75,22924405,4468457812.2,01-DEC-2020,101232,INE256A01028,
ZEELEARN,EQ,12.4,12.8,12.4,12.5,12.6,12.35,1525997,19264660.3,01-DEC-2020,2315,INE565L01011,
ZEEMEDIA,EQ,4.95,4.95,4.85,4.9,4.9,4.9,825971,4034856.05,01-DEC-2020,1306,INE966H01019,
ZENITHEXPO,EQ,47.5,48.65,45.5,46.9,45.75,45.4,7392,346189.3,01-DEC-2020,204,INE058B01018,
ZENITHSTL,BE,0.85,0.9,0.8,0.85,0.9,0.85,13686,11490.8,01-DEC-2020,26,INE318D01020,
ZENSARTECH,EQ,232.1,234.75,225.55,227.6,227.25,227.7,189833,43732908.0,01-DEC-2020,12508,INE520A01027,
ZENTEC,EQ,80.3,80.3,79.0,79.3,79.25,79.35,136636,10865342.65,01-DEC-2020,1466,INE251B01027,
ZODIACLOTH,EQ,99.95,101.0,99.4,99.9,99.85,99.7,25482,2547008.45,01-DEC-2020,296,INE206B01013,
ZODJRDMKJ,EQ,24.45,24.9,23.7,24.6,24.7,23.95,4381,107231.45,01-DEC-2020,80,INE077B01018,
ZOTA,EQ,147.15,148.0,142.0,144.4,143.1,146.75,18633,2710718.9,01-DEC-2020,281,INE358U01012,
ZUARI,EQ,88.0,89.0,86.3,88.45,89.0,86.8,41511,3654302.05,01-DEC-2020,476,INE840M01016,
ZUARIGLOB,EQ,56.15,58.65,56.15,57.4,57.6,57.05,39197,2257739.55,01-DEC-2020,655,INE217A01012,
ZYDUSWELL,EQ,1900.0,1900.0,1864.15,1870.5,1866.0,1864.15,34366,64775419.3,01-DEC-2020,3955,INE768C01010,
