SYMBOL,SERIES,OPEN,HIGH,LOW,CLOSE,LAST,PREVCLOSE,TOTTRDQTY,TOTTRDVAL,TIMESTAMP,TOTALTRADES,ISIN,UNNAMED: 13
20MICRONS,EQ,96.8,98.0,96.25,96.9,97.0,96.25,102715,9987147.35,13-JUN-2023,3569,INE144J01027,
21STCENMGM,EQ,19.2,19.35,19.2,19.35,19.35,19.0,761,14723.85,13-JUN-2023,7,INE253B01015,
360ONE,EQ,421.75,435.0,421.7,433.7,433.5,421.3,1505776,648591348.2,13-JUN-2023,13474,INE466L01038,
3IINFOLTD,EQ,32.5,35.1,32.35,33.75,33.85,32.3,2000947,68166636.8,13-JUN-2023,9445,INE748C01038,
3MINDIA,EQ,26547.95,27089.9,26547.95,26947.0,27001.0,26517.55,1649,44123960.8,13-JUN-2023,972,INE470A01017,
3PLAND,BE,20.8,21.8,20.2,21.6,21.65,20.8,22782,484171.95,13-JUN-2023,103,INE105C01023,
4THDIM,BE,17.75,18.05,17.75,18.05,18.05,17.7,37607,678739.45,13-JUN-2023,137,INE382T01030,
5PAISA,EQ,374.95,376.0,364.0,366.2,367.8,372.95,31067,11452863.75,13-JUN-2023,2367,INE618L01018,
63MOONS,EQ,170.1,172.35,169.0,170.65,171.25,170.1,114013,19481517.3,13-JUN-2023,2336,INE111B01023,
A2ZINFRA,EQ,8.25,8.25,8.1,8.15,8.15,8.25,206888,1694448.0,13-JUN-2023,421,INE619I01012,
AAATECH,EQ,56.05,56.05,54.3,54.55,54.3,54.95,16130,889391.45,13-JUN-2023,521,INE0D0U01013,
AAKASH,BE,6.3,6.4,6.15,6.15,6.35,6.2,277469,1735051.1,13-JUN-2023,445,INE087Z01024,
AAREYDRUGS,EQ,31.2,31.5,30.85,31.15,31.05,30.85,27414,855942.35,13-JUN-2023,344,INE198H01019,
AARON,EQ,223.9,224.4,221.05,222.85,223.5,221.85,6452,1437785.45,13-JUN-2023,389,INE721Z01010,
AARTIDRUGS,EQ,468.75,471.05,457.35,461.25,459.25,461.25,383382,178670832.05,13-JUN-2023,8598,INE767A01016,
AARTIIND,EQ,508.25,514.5,506.1,512.6,513.0,504.95,1001565,511605323.5,13-JUN-2023,25156,INE769A01020,
AARTIPHARM,EQ,387.0,395.0,385.05,387.9,387.5,386.9,115606,44995398.25,13-JUN-2023,6648,INE0LRU01027,
AARTISURF,EQ,632.0,633.15,621.1,625.85,628.85,623.45,7876,4941901.85,13-JUN-2023,1321,INE09EO01013,
AARVEEDEN,EQ,20.75,21.05,20.7,21.0,21.0,20.75,10454,218778.9,13-JUN-2023,105,INE273D01019,
AARVI,EQ,139.3,144.3,139.3,141.15,139.8,139.3,58403,8306758.9,13-JUN-2023,714,INE754X01016,
AAVAS,EQ,1344.0,1353.0,1338.7,1349.9,1350.0,1336.95,127769,172433120.3,13-JUN-2023,10571,INE216P01012,
ABAN,EQ,41.6,41.8,41.0,41.25,41.3,41.45,56735,2347647.35,13-JUN-2023,903,INE421A01028,
ABB,EQ,4155.65,4329.85,4140.8,4319.8,4327.0,4151.45,484212,2066906686.05,13-JUN-2023,51511,INE117A01022,
ABBOTINDIA,EQ,22000.0,22247.95,21940.05,22155.7,22178.2,21960.4,10928,242058345.7,13-JUN-2023,5720,INE358A01014,
ABCAPITAL,EQ,177.95,182.0,176.35,177.65,177.35,177.35,7703658,1381130577.6,13-JUN-2023,65597,INE674K01013,
ABFRL,EQ,200.5,212.0,200.3,210.35,212.0,200.3,6192911,1284400195.15,13-JUN-2023,39825,INE647O01011,
ABMINTLLTD,BE,56.0,56.0,51.35,52.75,52.75,54.0,838,44226.15,13-JUN-2023,25,INE251C01025,
ABSLAMC,EQ,378.1,378.4,372.65,376.5,377.15,374.35,48705,18286158.95,13-JUN-2023,2256,INE404A01024,
ABSLBANETF,EQ,44.74,44.74,44.01,44.32,44.38,44.27,7427,329045.88,13-JUN-2023,291,INF209KB17D5,
ABSLLIQUID,EQ,999.99,999.99,999.99,999.99,999.99,1000.0,438,437995.62,13-JUN-2023,4,INF209KB18T9,
ABSLNN50ET,EQ,44.15,44.49,43.73,43.87,44.44,44.06,4658,205806.14,13-JUN-2023,113,INF209KB16D7,
ACC,EQ,1845.0,1859.5,1835.8,1846.95,1843.9,1838.55,375850,695393953.7,13-JUN-2023,20617,INE012A01025,
ACCELYA,EQ,1320.4,1351.0,1320.4,1341.15,1342.0,1320.4,15794,21179098.5,13-JUN-2023,2293,INE793A01012,
ACCURACY,EQ,12.8,13.05,11.95,12.0,12.1,12.65,2176705,26783062.5,13-JUN-2023,2727,INE648Z01023,
ACE,EQ,492.15,494.95,489.0,490.55,490.0,492.15,201612,99151973.6,13-JUN-2023,7235,INE731H01025,
ACEINTEG,BE,37.05,39.6,35.9,39.45,39.5,37.75,3841,141744.0,13-JUN-2023,18,INE543V01017,
ACI,EQ,580.15,580.95,566.55,569.5,569.8,580.15,217310,124682623.8,13-JUN-2023,11592,INE128X01021,
ACL,EQ,112.2,121.85,112.2,115.9,115.85,118.1,373618,43066925.05,13-JUN-2023,5821,INE666E01020,
ADANIENT,EQ,2499.0,2505.0,2442.2,2462.55,2464.05,2484.8,2210990,5478147126.6,13-JUN-2023,84140,INE423A01024,
ADANIGREEN,EQ,961.0,963.9,946.05,955.3,954.0,961.1,476248,454279178.0,13-JUN-2023,30057,INE364U01010,
ADANIPORTS,EQ,741.0,742.4,735.05,737.85,736.3,742.1,3636359,2686977618.65,13-JUN-2023,62181,INE742F01042,
ADANIPOWER,EQ,272.6,274.5,266.9,267.8,267.9,271.55,2998067,811298824.05,13-JUN-2023,39271,INE814H01011,
ADANITRANS,EQ,835.0,835.05,820.2,823.0,823.85,830.4,511120,421957240.65,13-JUN-2023,26202,INE931S01010,
ADFFOODS,EQ,956.0,956.0,933.0,937.4,942.5,948.1,13889,13107213.6,13-JUN-2023,1799,INE982B01019,
ADL,BE,79.2,82.4,76.05,77.9,76.5,78.8,545,41703.8,13-JUN-2023,11,INE0CHO01012,
ADORWELD,EQ,1180.8,1207.85,1175.05,1184.0,1190.0,1186.35,32253,38568835.45,13-JUN-2023,4128,INE045A01017,
ADROITINFO,BE,21.0,21.6,20.3,20.7,21.25,21.2,14756,308294.5,13-JUN-2023,109,INE737B01033,
ADSL,EQ,86.9,89.8,86.85,87.95,87.8,86.5,202765,17964917.85,13-JUN-2023,2625,INE102I01027,
ADVANIHOTR,EQ,90.8,91.0,89.4,89.9,89.95,90.45,65913,5948228.45,13-JUN-2023,959,INE199C01026,
ADVENZYMES,EQ,273.55,277.45,273.55,274.85,274.0,273.55,191086,52515164.05,13-JUN-2023,2985,INE837H01020,
AEGISCHEM,EQ,350.0,352.45,345.6,347.1,347.1,348.2,393406,136653860.4,13-JUN-2023,15420,INE208C01025,
AETHER,EQ,995.7,1035.0,995.0,1014.7,1016.3,997.8,121136,123163861.75,13-JUN-2023,7446,INE0BWX01014,
AFFLE,EQ,1017.0,1021.65,985.0,988.8,988.9,1016.55,337869,337578125.5,13-JUN-2023,21636,INE00WC01027,
AGARIND,EQ,620.0,630.0,616.1,623.9,624.0,608.9,77375,48218366.8,13-JUN-2023,4606,INE204E01012,
AGI,EQ,576.3,592.0,572.5,575.95,578.0,574.55,101544,59019631.35,13-JUN-2023,7876,INE415A01038,
AGRITECH,EQ,102.5,106.45,101.8,104.3,104.1,102.5,21595,2253517.85,13-JUN-2023,548,INE449G01018,
AGROPHOS,EQ,36.0,37.0,35.5,36.1,36.4,35.7,62307,2271327.95,13-JUN-2023,668,INE740V01019,
AGSTRA,EQ,60.55,61.6,59.8,60.4,60.95,60.2,301933,18263444.3,13-JUN-2023,2508,INE583L01014,
AHL,EQ,282.6,288.0,282.15,282.2,282.35,281.45,696910,197405678.55,13-JUN-2023,6172,INE00ZE01026,
AHLADA,EQ,117.7,118.5,114.1,116.6,116.8,116.35,41082,4748437.3,13-JUN-2023,254,INE00PV01013,
AHLEAST,EQ,123.8,125.5,122.55,122.85,123.0,122.25,7679,951856.75,13-JUN-2023,102,INE926K01017,
AHLUCONT,EQ,595.05,644.15,593.35,628.85,630.15,587.0,659598,414672121.5,13-JUN-2023,32767,INE758C01029,
AIAENG,EQ,3270.35,3302.85,3242.25,3258.3,3251.0,3267.45,45491,148906622.7,13-JUN-2023,13453,INE212H01026,
AIRAN,EQ,16.9,17.0,16.55,16.8,16.75,16.45,119843,2018613.55,13-JUN-2023,614,INE645W01026,
AIROLAM,EQ,84.9,84.9,82.2,82.95,82.2,83.9,8026,672709.95,13-JUN-2023,166,INE801L01010,
AJANTPHARM,EQ,1445.0,1490.0,1441.15,1468.6,1470.0,1438.65,113082,166431188.1,13-JUN-2023,17095,INE031B01049,
AJMERA,EQ,332.4,340.0,330.8,335.9,335.85,329.45,59502,20047308.15,13-JUN-2023,2823,INE298G01027,
AJOONI,BE,4.8,4.9,4.7,4.75,4.8,4.8,666366,3190486.1,13-JUN-2023,474,INE820Y01021,
AKASH,EQ,32.45,33.35,30.3,32.15,32.35,32.05,161629,5172265.55,13-JUN-2023,832,INE737W01013,
AKG,BE,28.0,29.3,28.0,29.0,29.0,28.85,11079,320077.1,13-JUN-2023,82,INE00Y801016,
AKI,BE,113.7,113.7,109.1,112.7,112.7,111.65,9242,1031215.35,13-JUN-2023,89,INE642Z01018,
AKSHAR,BE,66.5,67.95,66.5,67.95,67.95,66.5,381,25487.4,13-JUN-2023,13,INE256Z01017,
AKSHARCHEM,EQ,245.15,245.15,237.85,238.75,238.0,241.55,7447,1787474.75,13-JUN-2023,416,INE542B01011,
AKSHOPTFBR,EQ,8.95,8.95,8.55,8.7,8.7,8.85,480029,4202569.55,13-JUN-2023,724,INE523B01011,
AKZOINDIA,EQ,2382.75,2418.4,2379.2,2400.65,2404.9,2359.2,15332,36861481.55,13-JUN-2023,2998,INE133A01011,
ALANKIT,EQ,9.9,9.9,9.65,9.7,9.75,9.7,155979,1518606.75,13-JUN-2023,613,INE914E01040,
ALBERTDAVD,EQ,619.45,622.0,607.95,610.9,610.0,613.3,10994,6776785.45,13-JUN-2023,1437,INE155C01010,
ALEMBICLTD,EQ,70.0,70.6,68.8,69.2,69.35,69.4,90606,6299515.8,13-JUN-2023,1121,INE426A01027,
ALICON,EQ,751.1,757.55,741.75,744.0,742.55,746.4,11505,8607422.5,13-JUN-2023,1071,INE062D01024,
ALKALI,EQ,128.0,131.7,125.1,127.15,127.45,128.25,64299,8228988.5,13-JUN-2023,1557,INE773I01017,
ALKEM,EQ,3367.6,3450.95,3350.0,3389.45,3399.95,3347.5,231707,790903089.65,13-JUN-2023,14453,INE540L01014,
ALKYLAMINE,EQ,2578.25,2684.0,2575.4,2664.5,2664.95,2565.95,134772,357757586.15,13-JUN-2023,16674,INE150B01039,
ALLCARGO,EQ,288.1,293.5,285.45,290.45,291.0,286.9,236047,68367686.8,13-JUN-2023,9222,INE418H01029,
ALLSEC,EQ,475.3,475.3,470.1,471.85,472.0,471.75,3345,1582511.15,13-JUN-2023,287,INE835G01018,
ALMONDZ,EQ,68.0,69.5,67.05,67.2,67.05,68.45,16919,1145916.15,13-JUN-2023,294,INE326B01027,
ALOKINDS,EQ,14.25,14.35,13.95,14.05,14.05,14.15,7526795,106160782.6,13-JUN-2023,8042,INE270A01029,
ALPA,EQ,65.5,66.0,63.65,63.9,63.9,65.05,55181,3556440.45,13-JUN-2023,1026,INE385I01010,
ALPHAGEO,EQ,248.6,248.6,240.4,241.85,241.0,246.95,7484,1825129.3,13-JUN-2023,508,INE137C01018,
ALPSINDUS,BE,2.05,2.1,2.05,2.1,2.1,2.05,9593,20114.45,13-JUN-2023,12,INE093B01015,
AMARAJABAT,EQ,625.0,627.1,621.0,624.4,621.3,625.0,218055,136210454.3,13-JUN-2023,9375,INE885A01032,
AMBER,EQ,2109.5,2122.0,2088.05,2102.2,2090.0,2101.05,99299,208810029.55,13-JUN-2023,17719,INE371P01015,
AMBICAAGAR,EQ,28.95,29.15,27.85,28.65,28.75,28.15,96293,2756261.5,13-JUN-2023,615,INE792B01012,
AMBIKCO,EQ,1563.1,1567.1,1525.05,1532.9,1534.95,1550.85,8052,12423566.0,13-JUN-2023,1922,INE540G01014,
AMBUJACEM,EQ,457.5,463.8,455.55,458.95,459.0,456.3,2313541,1063378479.3,13-JUN-2023,32601,INE079A01024,
AMDIND,EQ,72.5,72.5,70.1,71.25,70.1,71.05,23943,1704444.9,13-JUN-2023,357,INE005I01014,
AMIORG,EQ,1286.0,1292.0,1263.0,1276.7,1273.0,1277.9,77265,99045711.75,13-JUN-2023,4948,INE00FF01017,
AMJLAND,EQ,25.0,25.3,24.95,25.05,25.0,24.95,14440,362404.75,13-JUN-2023,103,INE606A01024,
AMRUTANJAN,EQ,591.55,594.95,579.1,587.5,588.95,588.6,26594,15653387.9,13-JUN-2023,3350,INE098F01031,
ANANDRATHI,EQ,879.0,888.5,868.5,881.3,888.45,875.6,33027,29092383.95,13-JUN-2023,2617,INE463V01026,
ANANTRAJ,EQ,169.0,170.7,167.85,168.55,168.75,168.1,1010957,170923753.4,13-JUN-2023,8311,INE242C01024,
ANDHRAPAP,EQ,434.8,435.75,430.55,433.15,432.25,429.1,46747,20227060.9,13-JUN-2023,3253,INE435A01028,
ANDHRSUGAR,EQ,111.45,112.45,111.0,111.55,111.5,111.4,113249,12650469.15,13-JUN-2023,1666,INE715B01021,
ANDREWYU,EQ,23.75,24.8,23.55,23.7,23.7,23.75,444166,10716725.9,13-JUN-2023,1629,INE449C01025,
ANGELONE,EQ,1493.1,1531.1,1484.0,1528.35,1523.25,1493.05,460225,697718924.7,13-JUN-2023,20834,INE732I01013,
ANIKINDS,EQ,32.95,32.95,31.8,32.0,32.1,32.35,39364,1265582.6,13-JUN-2023,362,INE087B01017,
ANMOL,EQ,237.0,238.45,235.45,238.1,237.95,235.7,85985,20420486.8,13-JUN-2023,1404,INE02AR01019,
ANSALAPI,BE,9.7,9.8,9.15,9.3,9.5,9.45,47769,453731.3,13-JUN-2023,119,INE436A01026,
ANTGRAPHIC,EQ,0.65,0.7,0.65,0.7,0.7,0.7,520775,345878.15,13-JUN-2023,214,INE414B01021,
ANUP,EQ,1650.0,1663.95,1601.0,1606.05,1604.0,1647.05,47730,77322620.7,13-JUN-2023,4083,INE294Z01018,
ANURAS,EQ,1079.0,1099.0,1072.0,1085.5,1094.0,1079.65,91093,98470238.1,13-JUN-2023,4537,INE930P01018,
APARINDS,EQ,3051.1,3085.0,2954.15,2993.45,2999.0,3043.3,95916,288582286.8,13-JUN-2023,14784,INE372A01015,
APCL,EQ,185.5,194.9,184.75,189.65,194.35,185.5,9758,1829964.4,13-JUN-2023,541,INE071F01012,
APCOTEXIND,EQ,535.9,565.0,529.25,558.2,564.85,531.55,160163,87939523.1,13-JUN-2023,7466,INE116A01032,
APEX,EQ,215.2,217.0,208.05,210.15,210.3,213.65,100869,21386152.5,13-JUN-2023,3564,INE346W01013,
APLAPOLLO,EQ,1272.0,1298.0,1267.95,1293.75,1292.0,1265.55,890814,1145812035.1,13-JUN-2023,35217,INE702C01027,
APLLTD,EQ,581.0,588.8,577.25,586.95,587.8,581.75,86351,50392864.25,13-JUN-2023,6284,INE901L01018,
APOLLO,EQ,35.05,36.55,34.95,36.55,36.55,34.85,1734077,63086485.15,13-JUN-2023,2037,INE713T01028,
APOLLOHOSP,EQ,4925.0,4990.0,4916.75,4951.05,4953.55,4924.75,308751,1529884816.15,13-JUN-2023,34274,INE437A01024,
APOLLOPIPE,EQ,695.6,710.0,691.0,708.65,701.1,694.0,77188,54128924.85,13-JUN-2023,6483,INE126J01016,
APOLLOTYRE,EQ,409.5,410.6,404.25,408.55,408.0,406.8,1713166,697914637.05,13-JUN-2023,28207,INE438A01022,
APOLSINHOT,EQ,1430.0,1430.0,1332.05,1366.4,1365.0,1376.15,3068,4239555.1,13-JUN-2023,544,INE451F01024,
APTECHT,EQ,503.0,514.0,487.85,497.85,501.5,500.85,1028354,511473700.45,13-JUN-2023,29514,INE266F01018,
APTUS,EQ,276.35,277.2,273.2,274.25,274.0,274.7,146097,40119093.1,13-JUN-2023,7182,INE852O01025,
ARCHIDPLY,EQ,76.0,80.8,76.0,77.85,77.95,75.95,227012,17940722.1,13-JUN-2023,3317,INE877I01016,
ARCHIES,EQ,27.25,27.9,25.9,27.55,27.4,26.85,786118,21218815.6,13-JUN-2023,2276,INE731A01020,
ARENTERP,BE,40.0,40.0,37.3,37.3,37.3,39.25,5480,210267.55,13-JUN-2023,72,INE610C01014,
ARIES,EQ,166.6,167.0,162.8,164.2,165.4,164.25,32988,5433938.35,13-JUN-2023,1189,INE298I01015,
ARIHANTCAP,EQ,40.05,40.05,38.2,38.65,38.9,39.3,33299,1291770.5,13-JUN-2023,452,INE420B01036,
ARIHANTSUP,EQ,175.45,177.75,167.6,168.65,168.5,173.7,193239,32892545.05,13-JUN-2023,6596,INE643K01018,
ARMANFIN,EQ,1978.0,1996.7,1923.6,1955.8,1968.0,1970.05,5743,11305280.75,13-JUN-2023,1191,INE109C01017,
AROGRANITE,EQ,39.85,40.1,39.2,39.35,39.45,39.85,32116,1269977.1,13-JUN-2023,435,INE210C01013,
ARROWGREEN,EQ,356.75,356.75,345.0,346.2,345.0,348.15,12417,4325474.2,13-JUN-2023,800,INE570D01018,
ARSHIYA,BE,5.45,5.45,5.2,5.25,5.3,5.4,374460,1983660.4,13-JUN-2023,347,INE968D01022,
ARSSINFRA,BE,20.4,21.0,19.3,20.45,20.0,20.0,22379,459206.25,13-JUN-2023,72,INE267I01010,
ARTEMISMED,EQ,96.0,98.95,94.8,98.15,97.75,94.65,340506,33248866.9,13-JUN-2023,3747,INE025R01021,
ARTNIRMAN,EQ,47.5,50.35,47.45,49.1,49.75,46.4,27844,1356926.45,13-JUN-2023,311,INE738V01013,
ARVEE,EQ,105.0,105.75,104.0,105.65,105.7,103.55,607,63858.2,13-JUN-2023,39,INE006Z01016,
ARVIND,EQ,126.5,134.0,126.35,133.6,133.7,125.85,3835864,506814057.65,13-JUN-2023,24149,INE034A01011,
ARVINDFASN,EQ,321.5,327.45,314.5,323.55,325.0,319.95,328774,105704868.7,13-JUN-2023,6483,INE955V01021,
ARVSMART,EQ,348.5,362.4,346.6,353.95,354.25,347.7,57912,20514765.4,13-JUN-2023,5761,INE034S01021,
ASAHIINDIA,EQ,471.0,473.35,464.8,467.45,468.0,469.7,37075,17397191.7,13-JUN-2023,2426,INE439A01020,
ASAHISONG,EQ,228.8,234.3,224.0,229.15,225.0,229.45,9099,2069779.4,13-JUN-2023,884,INE228I01012,
ASAL,EQ,338.2,339.0,325.9,330.45,328.0,334.85,33210,11073853.55,13-JUN-2023,2012,INE900C01027,
ASALCBR,EQ,416.0,421.0,414.55,416.5,416.9,416.5,24018,10032991.7,13-JUN-2023,1972,INE073G01016,
ASHAPURMIN,EQ,127.75,129.4,124.8,128.2,129.0,127.15,519489,66154803.75,13-JUN-2023,5947,INE348A01023,
ASHIANA,EQ,188.4,191.7,187.2,188.05,187.5,188.7,57933,10981783.1,13-JUN-2023,2402,INE365D01021,
ASHIMASYN,EQ,14.25,15.05,14.25,14.6,14.55,14.35,70609,1038176.1,13-JUN-2023,259,INE440A01010,
ASHOKA,EQ,80.15,81.35,79.8,80.0,79.95,79.85,993931,79833447.05,13-JUN-2023,4322,INE442H01029,
ASHOKLEY,EQ,153.25,154.75,153.0,154.05,154.1,152.85,6347143,977216677.1,13-JUN-2023,40502,INE208A01029,
ASIANENE,BE,110.1,117.85,110.1,117.4,117.85,112.25,67094,7742836.15,13-JUN-2023,472,INE276G01015,
ASIANHOTNR,BE,191.45,196.2,186.9,194.95,195.0,186.9,8148,1587450.25,13-JUN-2023,86,INE363A01022,
ASIANPAINT,EQ,3210.0,3272.0,3205.15,3262.85,3256.1,3194.75,1598821,5206621879.85,13-JUN-2023,107400,INE021A01026,
ASIANTILES,EQ,46.4,48.15,45.9,46.55,46.65,46.15,1467372,68986587.35,13-JUN-2023,5662,INE022I01019,
ASPINWALL,EQ,260.0,282.95,252.2,282.95,282.95,235.8,373571,101979770.4,13-JUN-2023,6020,INE991I01015,
ASTEC,EQ,1379.0,1395.85,1369.3,1384.3,1384.9,1368.3,13121,18143093.7,13-JUN-2023,2156,INE563J01010,
ASTERDM,EQ,279.0,281.45,275.0,277.85,277.0,279.0,140379,39187531.05,13-JUN-2023,4146,INE914M01019,
ASTRAL,EQ,1969.95,2011.0,1955.7,2006.95,2007.0,1967.35,743387,1484440823.05,13-JUN-2023,47110,INE006I01046,
ASTRAMICRO,EQ,361.3,364.45,359.0,359.55,359.9,361.3,340186,123100880.0,13-JUN-2023,5819,INE386C01029,
ASTRAZEN,EQ,3579.0,3579.0,3531.0,3552.05,3550.15,3550.85,7537,26750147.45,13-JUN-2023,1366,INE203A01020,
ASTRON,EQ,25.65,25.75,24.55,24.75,25.0,25.35,39342,992164.0,13-JUN-2023,434,INE646X01014,
ATALREAL,EQ,114.05,115.0,113.0,114.8,113.5,113.55,51558,5902615.2,13-JUN-2023,329,INE0ALR01011,
ATAM,BE,220.0,222.7,215.2,216.8,218.0,218.6,5374,1180142.95,13-JUN-2023,269,INE09KD01013,
ATFL,EQ,781.0,793.6,765.0,772.7,770.4,781.35,12235,9485292.65,13-JUN-2023,1112,INE209A01019,
ATGL,EQ,672.85,673.0,662.0,663.15,663.0,670.2,944852,628030855.85,13-JUN-2023,36599,INE399L01023,
ATLANTA,EQ,13.15,13.15,12.7,12.8,12.7,12.9,22073,285152.0,13-JUN-2023,398,INE285H01022,
ATUL,EQ,6695.0,6939.95,6695.0,6914.35,6930.0,6679.05,96789,666349745.95,13-JUN-2023,16178,INE100A01010,
ATULAUTO,EQ,355.0,358.95,351.0,352.0,353.25,352.65,108537,38443855.85,13-JUN-2023,4404,INE951D01028,
AUBANK,EQ,761.0,765.65,758.15,763.8,763.0,761.45,1270095,967818424.45,13-JUN-2023,36316,INE949L01017,
AURIONPRO,BE,860.2,915.4,860.2,908.15,915.05,871.85,107552,96717434.8,13-JUN-2023,2564,INE132H01018,
AUROPHARMA,EQ,664.1,683.5,661.1,681.6,682.0,663.7,1194564,807642483.6,13-JUN-2023,28957,INE406A01037,
AURUM,EQ,123.1,133.0,123.1,129.25,128.85,124.35,400252,51836408.35,13-JUN-2023,5226,INE898S01029,
AUSOMENT,EQ,64.5,64.95,63.25,64.85,64.85,64.1,2403,154710.75,13-JUN-2023,154,INE218C01016,
AUTOAXLES,EQ,2179.7,2190.0,2145.0,2160.6,2165.0,2168.85,23875,51759975.95,13-JUN-2023,3728,INE449A01011,
AUTOBEES,EQ,149.48,149.48,147.73,147.99,148.0,148.36,78528,11642459.07,13-JUN-2023,1245,INF204KC1337,
AUTOIND,EQ,69.0,70.35,68.4,68.8,68.8,68.8,84638,5866400.15,13-JUN-2023,780,INE718H01014,
AVADHSUGAR,EQ,515.8,519.0,506.05,508.45,509.5,512.95,45131,23108109.15,13-JUN-2023,2221,INE349W01017,
AVALON,EQ,503.3,538.9,500.6,522.7,521.0,499.05,799500,417714515.45,13-JUN-2023,28481,INE0LCL01028,
AVANTIFEED,EQ,384.3,393.7,384.3,387.2,386.5,384.25,135757,52735358.8,13-JUN-2023,5335,INE871C01038,
AVG,EQ,254.95,271.85,249.05,271.2,271.0,247.15,156405,41829850.85,13-JUN-2023,2371,INE680Z01018,
AVONMORE,EQ,68.85,68.85,66.5,67.5,68.45,67.45,48715,3288316.4,13-JUN-2023,728,INE323B01016,
AVROIND,EQ,135.7,137.05,130.6,131.85,134.0,133.8,16098,2165605.95,13-JUN-2023,642,INE652Z01017,
AVTNPL,EQ,92.0,92.85,91.4,91.65,91.55,92.15,55280,5077430.05,13-JUN-2023,906,INE488D01021,
AWHCL,EQ,255.85,255.85,250.1,252.4,252.35,252.1,61749,15549397.2,13-JUN-2023,2418,INE01BK01022,
AWL,EQ,423.25,425.4,418.05,419.1,418.9,422.25,927783,390123704.3,13-JUN-2023,25190,INE699H01024,
AXISBANK,EQ,974.3,989.7,974.3,985.85,986.95,974.2,15233785,15015135976.55,13-JUN-2023,171656,INE238A01034,
AXISBNKETF,EQ,449.98,449.98,445.01,446.66,446.99,445.38,1452,647711.42,13-JUN-2023,46,INF846K01X63,
AXISBPSETF,EQ,11.35,11.35,10.7,11.02,11.01,11.03,14748,162774.81,13-JUN-2023,287,INF846K01Z04,
AXISCADES,EQ,393.65,397.0,379.0,380.05,380.5,388.45,72306,28016982.75,13-JUN-2023,1967,INE555B01013,
AXISCETF,EQ,82.0,82.6,80.1,81.51,80.1,81.76,206,16902.07,13-JUN-2023,29,INF846K016C7,
AXISGOLD,EQ,51.21,51.38,49.65,51.22,51.23,51.21,77399,3957192.67,13-JUN-2023,963,INF846K01W80,
AXISHCETF,EQ,84.56,85.47,84.56,85.42,85.45,84.12,10194,866599.8,13-JUN-2023,70,INF846K01Z12,
AXISILVER,EQ,75.48,75.48,73.72,74.4,74.3,74.66,10923,811213.34,13-JUN-2023,112,INF846K011K1,
AXISNIFTY,EQ,192.65,200.03,192.65,199.32,199.32,198.59,8551,1705190.08,13-JUN-2023,135,INF846K01W98,
AXISTECETF,EQ,299.76,305.0,299.76,302.06,302.67,299.68,6136,1849005.51,13-JUN-2023,90,INF846K01Y96,
AXITA,EQ,27.85,27.85,27.1,27.25,27.25,27.4,881229,24110976.65,13-JUN-2023,3890,INE02EZ01022,
AXSENSEX,EQ,63.0,63.3,62.97,63.12,63.12,62.45,15291,964248.61,13-JUN-2023,49,INF846K010Q0,
AYMSYNTEX,EQ,74.4,74.85,70.8,72.15,72.5,73.7,53000,3807030.5,13-JUN-2023,740,INE193B01039,
BAGFILMS,EQ,4.45,4.55,4.4,4.45,4.5,4.4,186816,836334.4,13-JUN-2023,227,INE116D01028,
BAIDFIN,EQ,36.9,37.25,35.7,36.7,37.0,36.5,96813,3573137.95,13-JUN-2023,351,INE020D01022,
BAJAJ-AUTO,EQ,4770.0,4795.0,4746.45,4755.95,4750.55,4769.65,247078,1176968451.7,13-JUN-2023,38389,INE917I01010,
BAJAJCON,EQ,186.1,188.25,184.5,185.7,186.0,186.4,247888,46266444.3,13-JUN-2023,5175,INE933K01021,
BAJAJELEC,EQ,1190.0,1221.9,1172.2,1186.4,1188.0,1186.0,311264,369083418.95,13-JUN-2023,15877,INE193E01025,
BAJAJFINSV,EQ,1470.0,1492.0,1470.0,1486.2,1485.35,1466.0,1205104,1788695130.75,13-JUN-2023,53557,INE918I01026,
BAJAJHCARE,EQ,286.6,290.85,285.65,287.3,287.7,285.5,25511,7348964.55,13-JUN-2023,1708,INE411U01027,
BAJAJHIND,EQ,16.1,16.15,15.7,15.9,15.9,15.95,12966347,206085695.75,13-JUN-2023,10551,INE306A01021,
BAJAJHLDNG,EQ,6807.0,6969.9,6771.55,6934.85,6950.7,6771.55,22553,155332562.85,13-JUN-2023,7082,INE118A01012,
BAJFINANCE,EQ,7100.0,7200.0,7100.0,7166.75,7164.0,7097.7,800134,5730616878.6,13-JUN-2023,84640,INE296A01024,
BALAJITELE,EQ,43.85,44.2,43.45,43.65,43.5,43.85,87277,3821384.9,13-JUN-2023,685,INE794B01026,
BALAMINES,EQ,2169.9,2222.9,2163.75,2196.85,2195.0,2166.55,76087,167580187.4,13-JUN-2023,8624,INE050E01027,
BALAXI,EQ,528.0,542.65,528.0,535.85,533.5,535.2,3614,1936592.9,13-JUN-2023,398,INE618N01014,
BALKRISHNA,EQ,29.45,29.9,28.35,29.9,29.9,28.5,67560,2002509.85,13-JUN-2023,315,INE875R01011,
BALKRISIND,EQ,2305.0,2328.0,2288.1,2322.6,2316.35,2299.65,263139,610095644.05,13-JUN-2023,20785,INE787D01026,
BALMLAWRIE,EQ,134.95,139.45,134.6,136.65,136.95,134.6,991759,136166283.75,13-JUN-2023,9999,INE164A01016,
BALPHARMA,EQ,87.4,89.0,87.4,88.0,88.2,87.4,8693,766484.8,13-JUN-2023,212,INE083D01012,
BALRAMCHIN,EQ,407.6,409.8,400.05,401.35,401.2,403.55,1610544,649752213.35,13-JUN-2023,25590,INE119A01028,
BANARBEADS,EQ,83.25,84.45,81.55,82.0,82.55,83.35,5599,464651.15,13-JUN-2023,275,INE655B01011,
BANARISUG,EQ,2872.0,2872.0,2832.1,2844.1,2850.0,2831.2,260,739878.1,13-JUN-2023,104,INE459A01010,
BANCOINDIA,EQ,306.1,308.95,300.0,302.0,302.5,305.45,121259,36745815.65,13-JUN-2023,4073,INE213C01025,
BANDHANBNK,EQ,257.85,266.8,257.0,261.65,261.05,257.1,6647196,1748352921.6,13-JUN-2023,43105,INE545U01014,
BANG,EQ,39.25,39.75,39.0,39.3,39.2,39.1,14513,571398.9,13-JUN-2023,159,INE863I01016,
BANKA,EQ,71.0,71.5,70.1,70.75,70.5,70.55,8489,601250.2,13-JUN-2023,140,INE862Y01015,
BANKBARODA,EQ,187.6,188.7,186.8,187.25,187.4,187.0,7274187,1362634317.5,13-JUN-2023,36806,INE028A01039,
BANKBEES,EQ,447.79,449.01,447.22,448.61,448.98,447.53,191433,85849971.56,13-JUN-2023,3459,INF204KB15I9,
BANKINDIA,EQ,73.6,74.0,73.3,73.7,73.6,73.05,3543341,260914958.3,13-JUN-2023,11118,INE084A01016,
BANSWRAS,EQ,182.45,182.45,175.65,176.45,175.7,181.0,127654,22695451.85,13-JUN-2023,3701,INE629D01020,
BARBEQUE,EQ,660.0,670.75,654.0,663.6,664.95,654.85,170075,112556991.4,13-JUN-2023,10143,INE382M01027,
BASF,EQ,2601.0,2618.0,2570.05,2584.05,2577.65,2582.85,9447,24477350.3,13-JUN-2023,2230,INE373A01013,
BASML,EQ,48.15,50.45,47.85,48.8,48.95,47.65,116309,5705612.5,13-JUN-2023,1522,INE186H01022,
BATAINDIA,EQ,1578.0,1605.0,1578.0,1599.4,1604.95,1573.4,263679,420094204.0,13-JUN-2023,17208,INE176A01028,
BAYERCROP,EQ,4259.9,4282.95,4183.85,4236.65,4245.0,4240.6,131107,552637788.5,13-JUN-2023,7609,INE462A01022,
BBETF0432,EQ,1080.0,1081.98,1078.12,1079.2,1079.5,1079.47,6198,6697751.67,13-JUN-2023,56,INF754K01OB1,
BBL,EQ,3110.0,3127.1,3045.0,3056.45,3045.25,3101.9,22869,70478881.15,13-JUN-2023,7049,INE464A01028,
BBOX,EQ,136.3,136.75,133.9,134.15,134.05,136.3,53731,7260801.4,13-JUN-2023,1073,INE676A01027,
BBTC,EQ,953.65,1080.0,950.0,1055.1,1054.8,950.5,2251188,2362782703.8,13-JUN-2023,78196,INE050A01025,
BBTCL,EQ,226.9,239.9,223.1,239.0,239.9,227.75,7000,1625888.1,13-JUN-2023,295,INE01EE01011,
BCG,EQ,26.0,26.0,26.0,26.0,26.0,24.8,1429659,37171134.0,13-JUN-2023,2325,INE425B01027,
BCLIND,EQ,494.0,502.9,486.65,490.9,492.9,490.3,89336,44226332.3,13-JUN-2023,4868,INE412G01016,
BCONCEPTS,BE,323.95,325.0,308.1,320.9,322.8,324.3,32586,10236585.15,13-JUN-2023,336,INE977Y01011,
BDL,EQ,1143.5,1148.65,1114.0,1117.8,1118.0,1139.95,423719,478407401.35,13-JUN-2023,23180,INE171Z01018,
BEARDSELL,BE,29.95,31.4,28.45,31.4,31.4,29.95,249291,7506011.05,13-JUN-2023,667,INE520H01022,
BECTORFOOD,EQ,774.9,823.35,774.0,809.4,810.95,773.85,299454,240861390.2,13-JUN-2023,25740,INE495P01012,
BEDMUTHA,EQ,62.0,62.0,58.0,58.7,58.2,59.75,13151,781765.65,13-JUN-2023,380,INE844K01012,
BEL,EQ,119.9,122.45,118.9,122.1,122.3,119.1,16552079,2004784113.4,13-JUN-2023,57139,INE263A01024,
BEML,EQ,1522.0,1527.3,1491.1,1499.05,1497.7,1515.7,83780,126257942.05,13-JUN-2023,6468,INE258A01016,
BEPL,EQ,129.35,135.85,129.0,133.2,133.3,129.35,1463818,195230040.35,13-JUN-2023,11859,INE922A01025,
BERGEPAINT,EQ,652.95,673.0,651.55,669.15,669.75,648.3,2083611,1390222312.5,13-JUN-2023,45295,INE463A01038,
BESTAGRO,EQ,1066.9,1069.8,1043.0,1047.65,1047.5,1057.45,38218,40375742.7,13-JUN-2023,3976,INE052T01013,
BFINVEST,EQ,377.9,383.65,377.85,380.55,381.0,377.05,12717,4833466.05,13-JUN-2023,873,INE878K01010,
BFUTILITIE,EQ,365.1,374.65,365.0,367.95,367.55,363.85,147284,54481307.9,13-JUN-2023,4760,INE243D01012,
BGRENERGY,EQ,55.85,56.45,54.5,54.75,55.0,55.45,110357,6095564.4,13-JUN-2023,1183,INE661I01014,
BHAGCHEM,EQ,1619.6,1622.75,1569.55,1576.45,1578.0,1609.25,13081,20663296.2,13-JUN-2023,892,INE414D01019,
BHAGERIA,EQ,137.9,140.8,137.3,138.05,137.5,135.95,23569,3268972.05,13-JUN-2023,756,INE354C01027,
BHAGYANGR,EQ,49.65,55.95,49.25,55.1,55.8,49.7,380567,20642784.55,13-JUN-2023,3050,INE458B01036,
BHANDARI,EQ,5.1,5.15,5.0,5.05,5.1,5.0,205199,1037966.1,13-JUN-2023,455,INE474E01029,
BHARATFORG,EQ,827.4,831.85,822.6,829.6,828.7,824.95,725398,600636547.0,13-JUN-2023,22064,INE465A01025,
BHARATGEAR,EQ,125.65,125.65,123.0,124.2,124.6,124.45,57566,7131293.15,13-JUN-2023,830,INE561C01019,
BHARATRAS,EQ,9889.95,9964.85,9849.0,9875.15,9851.0,9847.05,1244,12318491.4,13-JUN-2023,665,INE838B01013,
BHARATWIRE,EQ,184.9,187.9,180.45,186.6,186.0,183.45,611810,113207474.75,13-JUN-2023,12001,INE316L01019,
BHARTIARTL,EQ,838.1,844.0,832.75,834.35,834.1,836.35,3224345,2699514267.65,13-JUN-2023,78369,INE397D01024,
BHEL,EQ,86.3,86.75,84.8,85.1,84.85,85.8,15766317,1352372506.95,13-JUN-2023,47810,INE257A01026,
BIGBLOC,EQ,169.45,171.75,161.5,163.6,163.9,168.5,157180,25874666.35,13-JUN-2023,5764,INE412U01025,
BIKAJI,EQ,418.4,419.0,408.1,416.05,416.45,414.15,867606,360262068.45,13-JUN-2023,23531,INE00E101023,
BIL,EQ,209.4,211.45,203.0,204.95,204.0,204.65,8878,1826905.0,13-JUN-2023,1908,INE828A01016,
BINANIIND,BE,20.2,20.75,19.2,20.1,20.1,20.2,44852,888047.75,13-JUN-2023,136,INE071A01013,
BIOCON,EQ,238.9,240.45,237.65,239.15,239.0,239.1,3405151,813624808.85,13-JUN-2023,36845,INE376G01013,
BIOFILCHEM,EQ,45.05,45.2,44.35,44.5,44.9,44.7,12436,554761.1,13-JUN-2023,264,INE829A01014,
BIRLACABLE,EQ,182.45,183.2,178.8,180.0,179.7,181.55,135432,24490385.6,13-JUN-2023,3352,INE800A01015,
BIRLACORPN,EQ,1188.9,1215.0,1166.6,1197.4,1180.4,1184.45,232822,279665469.75,13-JUN-2023,11816,INE340A01012,
BIRLAMONEY,EQ,57.3,58.2,56.4,57.5,56.85,56.8,146021,8375776.65,13-JUN-2023,1380,INE865C01022,
BIRLATYRE,BE,4.4,4.55,4.35,4.55,4.5,4.4,166796,746391.9,13-JUN-2023,382,INE0AEJ01013,
BLAL,EQ,147.0,148.05,144.0,147.0,146.05,146.85,156589,22899190.95,13-JUN-2023,5116,INE0N7W01012,
BLBLIMITED,EQ,19.35,19.6,18.9,19.0,18.95,19.15,353139,6785991.1,13-JUN-2023,1091,INE791A01024,
BLISSGVS,EQ,77.2,77.9,76.6,77.2,77.45,76.3,159088,12289518.85,13-JUN-2023,1601,INE416D01022,
BLKASHYAP,EQ,40.35,40.35,39.0,39.55,39.7,40.0,405106,16093397.5,13-JUN-2023,1693,INE350H01032,
BLS,EQ,181.5,191.0,180.5,186.05,186.0,180.8,4860025,905892192.0,13-JUN-2023,137847,INE153T01027,
BLUECOAST,EQ,5.7,6.0,5.7,5.9,5.7,6.0,6008,34334.3,13-JUN-2023,20,INE472B01011,
BLUEDART,EQ,6673.75,6673.8,6601.05,6655.1,6640.0,6640.85,11142,74032229.0,13-JUN-2023,3451,INE233B01017,
BLUESTARCO,EQ,1492.85,1520.55,1486.0,1518.4,1518.9,1488.85,209669,316515817.25,13-JUN-2023,16214,INE472A01039,
BODALCHEM,EQ,67.7,78.7,67.4,77.85,77.55,67.05,5312168,402296103.8,13-JUN-2023,29231,INE338D01028,
BOHRAIND,EQ,90.0,90.0,87.0,87.05,88.0,91.1,208,18352.25,13-JUN-2023,28,INE802W01023,
BOMDYEING,EQ,90.6,93.2,90.35,91.55,91.7,90.1,3469373,319289234.3,13-JUN-2023,16111,INE032A01023,
BOROLTD,EQ,428.5,434.35,422.7,425.2,424.7,426.25,76000,32624714.3,13-JUN-2023,6107,INE02PY01013,
BORORENEW,EQ,537.05,541.95,528.1,530.35,530.95,535.95,142613,76141814.4,13-JUN-2023,7016,INE666D01022,
BOSCHLTD,EQ,18990.0,19284.8,18970.0,19060.1,19060.0,18994.8,27247,521128742.4,13-JUN-2023,7159,INE323A01026,
BPCL,EQ,374.5,376.9,372.4,373.6,373.3,371.65,3987317,1493537300.1,13-JUN-2023,51491,INE029A01011,
BPL,EQ,61.95,62.5,60.85,61.25,61.25,61.45,85158,5252361.05,13-JUN-2023,946,INE110A01019,
BRIGADE,EQ,568.0,586.7,565.2,579.05,575.9,565.1,577579,332706173.4,13-JUN-2023,20740,INE791I01019,
BRITANNIA,EQ,4904.95,4951.65,4892.3,4940.1,4931.0,4900.25,326814,1612995370.35,13-JUN-2023,25219,INE216A01030,
BRNL,EQ,32.3,32.65,31.65,31.85,31.8,32.05,68884,2202032.2,13-JUN-2023,700,INE727S01012,
BROOKS,EQ,63.1,63.75,61.8,62.4,62.5,62.8,26843,1678309.55,13-JUN-2023,309,INE650L01011,
BSE,EQ,573.3,574.95,559.0,562.95,563.5,570.4,869908,492162719.0,13-JUN-2023,18919,INE118H01025,
BSHSL,BE,315.0,315.0,301.0,302.05,304.95,310.25,16979,5176491.8,13-JUN-2023,537,INE032Z01020,
BSL,EQ,194.4,201.8,194.0,195.65,195.5,195.65,7897,1552946.7,13-JUN-2023,269,INE594B01012,
BSLGOLDETF,EQ,54.02,54.02,53.5,53.87,53.91,54.03,3727590,200840401.14,13-JUN-2023,468,INF209KB18D3,
BSLNIFTY,EQ,21.01,21.2,21.01,21.11,21.11,21.01,38255,807794.88,13-JUN-2023,825,INF209KB19D1,
BSLSENETFG,EQ,61.02,61.46,61.02,61.36,61.39,60.96,1886,115466.45,13-JUN-2023,71,INF209KB10E8,
BSOFT,EQ,339.45,342.5,335.0,335.9,336.5,337.7,1540537,520317824.0,13-JUN-2023,19856,INE836A01035,
BTML,BE,151.5,154.45,146.8,147.4,153.0,154.5,33758,5179607.75,13-JUN-2023,140,INE0EEJ01015,
BURNPUR,EQ,4.5,4.6,4.45,4.5,4.55,4.5,125293,567813.6,13-JUN-2023,324,INE817H01014,
BUTTERFLY,EQ,1132.0,1165.0,1132.0,1157.9,1158.0,1140.1,5580,6449492.5,13-JUN-2023,798,INE295F01017,
BVCL,BE,36.95,37.0,35.5,36.5,36.4,36.75,34699,1246567.1,13-JUN-2023,190,INE139I01011,
BYKE,EQ,39.9,39.9,39.05,39.15,39.2,39.8,79065,3104176.05,13-JUN-2023,1049,INE319B01014,
CALSOFT,BE,16.55,16.55,15.55,16.05,16.15,16.05,10475,167600.8,13-JUN-2023,92,INE526B01014,
CAMLINFINE,EQ,170.9,170.9,167.5,169.55,168.5,169.9,295759,49929774.45,13-JUN-2023,5150,INE052I01032,
CAMPUS,EQ,318.85,325.5,318.05,323.75,323.3,317.55,681698,219992604.8,13-JUN-2023,15943,INE278Y01022,
CAMS,EQ,2179.25,2183.15,2158.0,2163.9,2165.0,2162.9,38685,83840967.95,13-JUN-2023,5238,INE596I01012,
CANBK,EQ,316.0,316.4,313.25,314.9,315.0,314.9,3615916,1138072888.8,13-JUN-2023,24496,INE476A01014,
CANFINHOME,EQ,750.95,754.45,740.8,746.3,743.0,744.3,529028,395476613.3,13-JUN-2023,15219,INE477A01020,
CANTABIL,EQ,1026.0,1033.15,1005.0,1010.95,1025.0,1020.05,12250,12491909.75,13-JUN-2023,1125,INE068L01016,
CAPACITE,EQ,196.9,207.4,188.45,205.4,205.5,195.25,5159580,1027010181.4,13-JUN-2023,38615,INE264T01014,
CAPLIPOINT,EQ,815.0,827.0,811.0,817.35,813.8,811.25,116106,95100221.4,13-JUN-2023,6617,INE475E01026,
CAPTRUST,EQ,72.85,74.9,72.0,73.05,72.9,71.7,13827,1011367.1,13-JUN-2023,350,INE707C01018,
CARBORUNIV,EQ,1196.7,1206.0,1180.0,1194.95,1189.7,1191.05,78028,93525604.0,13-JUN-2023,8226,INE120A01034,
CAREERP,EQ,221.7,221.85,212.4,213.9,214.0,220.55,157521,33957283.35,13-JUN-2023,7119,INE521J01018,
CARERATING,EQ,666.05,673.15,665.0,672.25,673.0,670.5,35331,23667793.45,13-JUN-2023,2379,INE752H01013,
CARTRADE,EQ,514.0,530.7,510.35,519.1,516.5,512.05,121533,63253799.45,13-JUN-2023,5805,INE290S01011,
CARYSIL,EQ,647.0,680.9,646.0,677.05,679.0,637.05,491949,328009907.6,13-JUN-2023,20525,INE482D01024,
CASTROLIND,EQ,117.0,119.75,117.0,118.45,118.4,116.1,3666240,435912471.95,13-JUN-2023,22651,INE172A01027,
CCHHL,EQ,7.6,7.65,7.4,7.45,7.5,7.5,40715,304116.5,13-JUN-2023,159,INE652F01027,
CCL,EQ,643.5,645.0,634.05,640.35,641.5,642.45,70908,45325548.75,13-JUN-2023,6635,INE421D01022,
CDSL,EQ,1047.0,1051.25,1036.0,1047.8,1049.5,1044.35,246438,257761252.65,13-JUN-2023,13974,INE736A01011,
CEATLTD,EQ,2007.8,2075.0,1991.15,2067.5,2056.55,1997.9,510494,1041875703.15,13-JUN-2023,30908,INE482A01020,
CELEBRITY,EQ,14.1,14.1,13.6,13.75,13.75,13.85,69001,955828.95,13-JUN-2023,363,INE185H01016,
CENTENKA,EQ,426.0,430.0,420.0,420.6,420.0,423.45,60595,25732208.25,13-JUN-2023,3433,INE485A01015,
CENTEXT,EQ,10.35,10.5,10.15,10.2,10.2,10.3,152292,1564245.5,13-JUN-2023,538,INE281A01026,
CENTRALBK,EQ,27.1,27.2,26.95,27.05,27.05,27.0,2762604,74715613.2,13-JUN-2023,4726,INE483A01010,
CENTRUM,EQ,18.4,18.8,18.3,18.5,18.5,18.4,121299,2247886.8,13-JUN-2023,640,INE660C01027,
CENTUM,EQ,1238.9,1312.1,1224.05,1232.9,1237.25,1224.1,94105,119074877.75,13-JUN-2023,10611,INE320B01020,
CENTURYPLY,EQ,611.0,618.95,608.95,611.35,610.25,608.0,186144,114106819.1,13-JUN-2023,8920,INE348B01021,
CENTURYTEX,EQ,810.0,815.05,800.1,802.85,804.0,805.6,134421,108337735.3,13-JUN-2023,5392,INE055A01016,
CERA,EQ,7938.95,7938.95,7796.85,7834.35,7820.5,7841.45,11108,87252507.1,13-JUN-2023,3827,INE739E01017,
CEREBRAINT,BE,6.65,6.8,6.45,6.7,6.75,6.6,279388,1858554.15,13-JUN-2023,374,INE345B01019,
CESC,EQ,71.5,72.25,71.2,72.05,71.95,71.25,2616437,188173353.6,13-JUN-2023,10832,INE486A01021,
CGCL,EQ,764.0,774.15,754.3,757.65,759.0,763.05,195710,149491780.2,13-JUN-2023,2744,INE180C01026,
CGPOWER,EQ,377.85,383.9,375.85,382.4,381.5,377.85,1074668,407578181.65,13-JUN-2023,17796,INE067A01029,
CHALET,EQ,427.5,433.0,424.8,430.95,431.2,427.55,41992,18062510.65,13-JUN-2023,3857,INE427F01016,
CHAMBLFERT,EQ,279.05,281.15,276.55,279.95,279.8,278.45,751553,210005437.1,13-JUN-2023,14609,INE085A01013,
CHEMBOND,EQ,388.0,392.0,380.3,380.85,381.9,386.25,33474,12856372.65,13-JUN-2023,2515,INE995D01025,
CHEMCON,EQ,272.95,273.8,270.3,272.45,272.5,270.4,48652,13249268.6,13-JUN-2023,2642,INE03YM01018,
CHEMFAB,EQ,329.4,334.0,323.2,331.45,333.0,327.45,32729,10760625.2,13-JUN-2023,2098,INE783X01023,
CHEMPLASTS,EQ,476.95,476.95,465.0,469.8,469.85,474.7,371057,174809505.8,13-JUN-2023,8377,INE488A01050,
CHENNPETRO,EQ,372.2,377.0,368.4,372.0,371.5,370.8,748742,278821869.25,13-JUN-2023,12077,INE178A01016,
CHEVIOT,EQ,1149.1,1155.0,1139.0,1142.1,1140.5,1145.6,1079,1238470.45,13-JUN-2023,259,INE974B01016,
CHOICEIN,EQ,386.85,394.9,379.15,380.2,380.0,383.85,1047790,405756918.95,13-JUN-2023,7896,INE102B01014,
CHOLAFIN,EQ,1080.25,1104.4,1075.6,1101.8,1102.0,1073.1,1729173,1890346777.05,13-JUN-2023,59828,INE121A01024,
CHOLAHLDNG,EQ,864.0,882.95,856.65,871.6,866.3,861.6,166698,145026358.8,13-JUN-2023,6257,INE149A01033,
CIGNITITEC,EQ,884.95,893.0,880.0,883.15,880.1,884.4,51755,45886100.95,13-JUN-2023,3140,INE675C01017,
CINELINE,EQ,80.8,80.9,77.6,78.2,78.1,79.1,31206,2459271.95,13-JUN-2023,490,INE704H01022,
CINEVISTA,EQ,12.7,12.75,12.4,12.5,12.4,12.6,16161,202509.85,13-JUN-2023,138,INE039B01026,
CIPLA,EQ,963.0,983.85,957.0,981.5,982.15,959.95,2158120,2092014010.6,13-JUN-2023,49498,INE059A01026,
CLEAN,EQ,1353.0,1369.3,1329.6,1340.35,1342.95,1348.2,235220,317968773.2,13-JUN-2023,19531,INE227W01023,
CLEDUCATE,EQ,66.0,67.4,65.8,66.5,66.55,66.0,43040,2869206.75,13-JUN-2023,610,INE201M01029,
CLSEL,EQ,171.4,174.95,170.45,173.7,173.95,170.15,127654,22107940.45,13-JUN-2023,2866,INE419D01026,
CMSINFO,EQ,326.2,333.55,318.5,321.05,322.0,324.55,1824697,591957644.7,13-JUN-2023,29412,INE925R01014,
COALINDIA,EQ,230.0,230.3,228.0,228.95,229.05,229.0,5574798,1274831584.35,13-JUN-2023,51072,INE522F01014,
COASTCORP,EQ,200.3,204.25,199.0,200.3,200.5,202.9,16612,3346986.9,13-JUN-2023,1119,INE377E01016,
COCHINSHIP,EQ,555.25,563.9,547.7,551.5,551.0,558.0,1302958,722496678.45,13-JUN-2023,28857,INE704P01017,
COFFEEDAY,EQ,36.4,36.95,36.2,36.4,36.4,36.25,1128557,41201692.75,13-JUN-2023,4667,INE335K01011,
COFORGE,EQ,4536.95,4578.0,4500.0,4567.9,4567.95,4506.3,262813,1197057137.65,13-JUN-2023,26990,INE591G01017,
COLPAL,EQ,1627.0,1668.0,1625.0,1647.85,1650.0,1626.3,601080,993775755.95,13-JUN-2023,32017,INE259A01022,
COMPINFO,EQ,13.1,14.8,13.0,14.4,14.4,13.05,3122972,44486841.2,13-JUN-2023,4620,INE070C01037,
COMPUSOFT,EQ,20.05,20.75,18.7,19.9,20.1,19.7,257590,5130926.85,13-JUN-2023,1209,INE453B01029,
CONCOR,EQ,662.0,666.15,646.05,651.05,653.5,663.4,3992107,2604613205.25,13-JUN-2023,32466,INE111A01025,
CONFIPET,EQ,71.5,73.4,71.4,72.2,72.1,70.85,1920920,139133818.8,13-JUN-2023,9558,INE552D01024,
CONSOFINVT,EQ,140.4,153.8,139.7,144.65,144.0,139.7,145360,21453071.4,13-JUN-2023,2679,INE025A01027,
CONSUMBEES,EQ,88.33,89.26,88.32,89.14,89.1,88.33,27225,2424721.01,13-JUN-2023,395,INF204KA1LD7,
CONTROLPR,EQ,647.95,654.5,644.25,647.65,647.5,645.2,17219,11191511.35,13-JUN-2023,2126,INE663B01015,
CORALFINAC,EQ,33.85,33.85,32.8,33.05,33.3,33.3,17232,572576.9,13-JUN-2023,210,INE558D01021,
CORDSCABLE,EQ,93.55,98.65,93.55,96.2,96.1,94.2,182415,17590471.05,13-JUN-2023,4279,INE792I01017,
COROMANDEL,EQ,936.0,951.5,931.35,936.3,935.95,933.8,426509,400306913.5,13-JUN-2023,24894,INE169A01031,
COSMOFIRST,EQ,592.0,606.55,592.0,601.0,599.0,597.25,39341,23600418.2,13-JUN-2023,2948,INE757A01017,
COUNCODOS,EQ,4.5,4.55,4.3,4.35,4.35,4.5,136910,602646.25,13-JUN-2023,155,INE695B01025,
CPSEETF,EQ,43.34,43.34,42.7,43.14,43.15,42.95,763393,32903668.97,13-JUN-2023,1955,INF457M01133,
CRAFTSMAN,EQ,3966.95,3966.95,3864.2,3886.8,3880.0,3948.85,17799,69491998.1,13-JUN-2023,5891,INE00LO01017,
CREATIVE,EQ,428.7,454.0,428.7,444.2,448.0,429.95,50497,22338644.95,13-JUN-2023,3725,INE985W01018,
CREATIVEYE,EQ,4.05,4.05,4.05,4.05,4.05,4.05,500,2025.0,13-JUN-2023,4,INE230B01021,
CREDITACC,EQ,1249.4,1258.8,1235.0,1237.8,1240.0,1249.35,60629,75666604.4,13-JUN-2023,3424,INE741K01010,
CREST,EQ,188.8,188.8,185.05,185.8,185.1,185.2,4278,796421.3,13-JUN-2023,157,INE559D01011,
CRISIL,EQ,4009.8,4009.8,3921.05,3933.65,3936.0,4009.8,25661,101523919.65,13-JUN-2023,5644,INE007A01025,
CROMPTON,EQ,277.35,288.25,277.0,286.9,287.6,277.35,4044521,1149977050.8,13-JUN-2023,54391,INE299U01018,
CROWN,EQ,46.65,47.0,45.5,46.3,46.5,44.8,65932,3078261.35,13-JUN-2023,194,INE491V01019,
CSBBANK,EQ,273.95,275.7,272.25,273.05,272.75,273.95,125049,34250179.2,13-JUN-2023,4550,INE679A01013,
CSLFINANCE,EQ,280.6,280.6,267.3,270.6,271.9,276.45,66922,18304484.8,13-JUN-2023,2706,INE718F01018,
CTE,EQ,62.5,75.45,62.25,71.6,71.0,62.9,875277,63566794.8,13-JUN-2023,8106,INE627H01017,
CUB,EQ,125.25,125.25,124.2,124.4,124.25,124.45,1825350,227465156.0,13-JUN-2023,10377,INE491A01021,
CUBEXTUB,BE,35.7,35.95,34.65,34.75,34.7,35.25,20483,716867.4,13-JUN-2023,94,INE144D01012,
CUMMINSIND,EQ,1795.9,1848.0,1786.0,1843.2,1847.0,1789.7,1192944,2176804619.55,13-JUN-2023,66894,INE298A01020,
CUPID,EQ,265.9,265.9,262.0,263.0,263.25,264.7,31248,8235436.9,13-JUN-2023,2028,INE509F01011,
CYBERMEDIA,EQ,17.0,17.8,17.0,17.3,17.75,17.0,41466,714503.2,13-JUN-2023,253,INE278G01037,
CYBERTECH,EQ,135.25,136.75,133.1,134.3,134.5,135.05,44681,6020912.65,13-JUN-2023,1207,INE214A01019,
CYIENT,EQ,1434.9,1504.9,1431.5,1468.5,1464.0,1438.35,1232801,1817833102.1,13-JUN-2023,69266,INE136B01020,
DAAWAT,EQ,120.6,125.6,119.75,125.1,125.5,119.9,3272894,401807503.45,13-JUN-2023,14829,INE818H01020,
DABUR,EQ,553.6,562.9,551.3,560.45,561.0,553.6,2644392,1477608230.35,13-JUN-2023,50904,INE016A01026,
DALBHARAT,EQ,2114.1,2168.9,2109.0,2157.3,2163.9,2102.15,389129,834371084.95,13-JUN-2023,25622,INE00R701025,
DALMIASUG,EQ,368.5,370.9,366.0,367.3,368.5,368.5,30021,11030479.4,13-JUN-2023,1601,INE495A01022,
DAMODARIND,EQ,44.4,44.85,43.2,43.55,43.8,43.4,13417,589651.65,13-JUN-2023,197,INE497D01022,
DANGEE,EQ,13.95,14.15,13.75,13.95,13.9,13.85,110609,1546191.9,13-JUN-2023,267,INE688Y01022,
DATAMATICS,EQ,584.35,595.6,571.6,588.65,587.0,582.15,1073075,627447460.0,13-JUN-2023,28194,INE365B01017,
DATAPATTNS,EQ,1742.0,1750.9,1682.0,1691.05,1690.0,1739.2,185361,317446875.15,13-JUN-2023,17176,INE0IX101010,
DBCORP,EQ,133.0,136.7,132.9,134.7,134.2,132.6,269498,36318337.7,13-JUN-2023,3348,INE950I01011,
DBL,EQ,226.5,229.9,224.5,227.15,228.0,226.05,762781,173268383.4,13-JUN-2023,11603,INE917M01012,
DBOL,EQ,175.0,177.55,170.45,171.4,171.9,173.95,140132,24397711.85,13-JUN-2023,2694,INE0I3401014,
DBREALTY,EQ,78.0,81.05,77.5,78.9,79.1,77.65,436946,34569921.35,13-JUN-2023,3245,INE879I01012,
DBSTOCKBRO,EQ,23.9,26.45,23.85,25.15,25.95,24.05,120228,2980270.95,13-JUN-2023,625,INE921B01025,
DCAL,EQ,131.0,132.9,128.1,129.65,130.05,130.5,420890,54875320.4,13-JUN-2023,4807,INE385W01011,
DCBBANK,EQ,119.0,120.45,118.4,119.9,120.0,118.7,798563,95454481.0,13-JUN-2023,7036,INE503A01015,
DCI,BE,172.0,175.0,162.0,172.75,172.0,170.15,2706,452199.75,13-JUN-2023,117,INE0A1101019,
DCM,EQ,71.3,73.45,70.35,72.9,72.6,71.05,37199,2693415.5,13-JUN-2023,460,INE498A01018,
DCMFINSERV,BE,4.95,5.05,4.9,5.05,5.05,4.85,64339,322392.3,13-JUN-2023,89,INE891B01012,
DCMNVL,EQ,170.25,174.05,167.3,168.5,169.5,167.85,70678,12082671.6,13-JUN-2023,1948,INE08KP01019,
DCMSHRIRAM,EQ,862.9,871.7,861.5,866.4,863.55,861.45,34314,29725743.1,13-JUN-2023,2013,INE499A01024,
DCMSRIND,EQ,75.75,75.75,73.95,74.85,74.7,75.0,130729,9781116.75,13-JUN-2023,1573,INE843D01027,
DCW,EQ,46.1,46.8,45.45,45.65,45.7,45.95,1854684,85656469.85,13-JUN-2023,5718,INE500A01029,
DCXINDIA,EQ,243.0,243.0,231.3,233.5,233.0,238.15,929610,219496426.1,13-JUN-2023,14673,INE0KL801015,
DECCANCE,EQ,472.5,476.95,467.05,471.25,473.5,472.5,8275,3901249.75,13-JUN-2023,689,INE583C01021,
DEEPAKFERT,EQ,558.95,568.8,555.0,561.4,561.5,557.65,703598,396351174.55,13-JUN-2023,16162,INE501A01019,
DEEPAKNTR,EQ,2045.1,2073.35,2029.3,2069.25,2067.0,2027.95,503123,1034707671.4,13-JUN-2023,24740,INE288B01029,
DEEPENR,EQ,148.5,149.5,135.35,139.15,136.55,142.4,180794,26389849.4,13-JUN-2023,1813,INE677H01012,
DEEPINDS,EQ,179.55,185.0,178.0,181.4,181.3,179.55,167985,30589771.85,13-JUN-2023,4608,INE0FHS01024,
DELHIVERY,EQ,381.9,387.65,378.6,383.2,383.5,382.7,2770685,1060192035.75,13-JUN-2023,80408,INE148O01028,
DELPHIFX,EQ,336.85,359.0,335.7,346.15,346.0,335.15,5043,1751500.8,13-JUN-2023,482,INE726L01019,
DELTACORP,EQ,250.5,250.95,246.0,247.6,247.5,250.1,2318792,575476680.3,13-JUN-2023,14404,INE124G01033,
DELTAMAGNT,EQ,75.85,76.6,75.2,75.45,75.2,75.7,2384,180486.25,13-JUN-2023,75,INE393A01011,
DEN,EQ,34.55,35.1,34.05,34.15,34.2,34.55,1056697,36462436.85,13-JUN-2023,3698,INE947J01015,
DENORA,EQ,1574.8,1595.95,1486.75,1508.6,1521.0,1563.2,27817,42467852.75,13-JUN-2023,2989,INE244A01016,
DEVIT,EQ,128.25,134.35,125.0,128.9,132.0,130.1,94395,12240063.25,13-JUN-2023,1638,INE060X01026,
DEVYANI,EQ,179.0,199.3,179.0,192.85,192.8,178.3,7003355,1346103446.15,13-JUN-2023,54352,INE872J01023,
DGCONTENT,EQ,15.05,16.0,14.9,15.1,15.05,14.9,223158,3411372.65,13-JUN-2023,141,INE03JI01017,
DHAMPURSUG,EQ,274.0,275.05,267.0,268.45,268.7,272.55,336684,90763126.5,13-JUN-2023,7859,INE041A01016,
DHANBANK,EQ,17.05,17.2,17.0,17.15,17.1,17.05,434039,7429493.35,13-JUN-2023,1111,INE680A01011,
DHANI,EQ,34.05,35.25,33.6,33.95,33.9,33.8,3461926,118796587.05,13-JUN-2023,8839,INE274G01010,
DHANUKA,EQ,793.0,797.2,788.4,792.2,790.95,791.05,41528,32876547.7,13-JUN-2023,5747,INE435G01025,
DHARMAJ,EQ,179.95,182.9,178.1,180.4,180.95,178.4,99360,17954984.25,13-JUN-2023,2165,INE00OQ01016,
DHRUV,EQ,50.6,50.8,49.5,49.65,50.0,49.95,18777,938259.9,13-JUN-2023,224,INE506Z01015,
DHUNINV,EQ,707.9,707.9,683.0,685.4,683.0,692.7,1063,733461.45,13-JUN-2023,171,INE320L01011,
DIAMONDYD,EQ,877.0,877.0,819.5,829.65,832.0,813.9,52833,44584107.3,13-JUN-2023,6064,INE393P01035,
DICIND,EQ,419.0,438.95,419.0,430.95,432.0,422.65,12043,5200658.45,13-JUN-2023,1159,INE303A01010,
DIGISPICE,EQ,21.2,21.25,20.75,20.95,21.0,21.25,51693,1089174.25,13-JUN-2023,330,INE927C01020,
DIGJAMLMTD,BE,91.95,92.8,90.0,91.9,92.0,91.45,1632,149172.55,13-JUN-2023,43,INE731U01028,
DIL,EQ,15.75,15.95,15.7,15.8,15.85,15.75,887143,14020640.4,13-JUN-2023,526,INE411Y01011,
DIL-RE,BE,0.45,0.75,0.45,0.6,0.55,0.75,656481,327182.25,13-JUN-2023,884,INE411Y20011,
DISHTV,EQ,13.8,15.1,13.8,14.55,14.55,13.75,62242616,914828314.3,13-JUN-2023,23830,INE836F01026,
DIVGIITTS,EQ,832.9,862.85,828.45,851.35,840.0,825.65,140476,119236973.2,13-JUN-2023,5997,INE753U01022,
DIVISLAB,EQ,3438.45,3493.95,3435.0,3487.7,3487.05,3438.45,367056,1276151462.1,13-JUN-2023,27941,INE361B01024,
DIVOPPBEES,EQ,53.8,53.8,51.49,52.56,52.58,52.22,7296,383364.35,13-JUN-2023,475,INF204KA1MS3,
DIXON,EQ,4207.85,4385.0,4189.0,4315.9,4325.25,4185.05,1654501,7139306578.05,13-JUN-2023,115650,INE935N01020,
DJML,EQ,166.6,169.9,166.1,168.35,166.1,168.05,1155,194337.75,13-JUN-2023,93,INE0B1K01014,
DLF,EQ,492.35,504.75,488.65,503.6,504.3,490.6,5849124,2914573285.3,13-JUN-2023,61637,INE271C01023,
DLINKINDIA,EQ,229.95,236.5,228.25,233.85,234.0,227.5,376253,87556650.25,13-JUN-2023,7625,INE250K01012,
DMART,EQ,3644.0,3703.45,3630.0,3677.9,3670.0,3629.4,353631,1300193195.2,13-JUN-2023,33962,INE192R01011,
DMCC,EQ,272.0,278.4,259.55,261.2,261.0,270.9,38654,10329963.8,13-JUN-2023,2685,INE505A01010,
DNAMEDIA,EQ,3.3,3.45,3.2,3.45,3.45,3.15,290078,987072.6,13-JUN-2023,219,INE016M01021,
DODLA,EQ,521.0,541.5,521.0,539.6,539.0,524.75,18959,10172548.35,13-JUN-2023,3414,INE021O01019,
DOLATALGO,EQ,46.95,48.25,45.7,47.3,47.7,46.55,289117,13527697.15,13-JUN-2023,1795,INE966A01022,
DOLLAR,EQ,371.9,376.9,368.45,370.95,371.45,371.9,84398,31463887.3,13-JUN-2023,4064,INE325C01035,
DONEAR,EQ,92.5,93.35,89.55,91.0,91.05,92.2,124003,11316964.3,13-JUN-2023,1546,INE668D01028,
DPABHUSHAN,EQ,274.9,275.0,272.0,272.5,274.0,272.5,5937,1626359.5,13-JUN-2023,171,INE266Y01019,
DPSCLTD,EQ,11.75,12.0,11.6,11.7,11.7,11.55,124679,1468885.9,13-JUN-2023,487,INE360C01024,
DPWIRES,EQ,491.8,497.0,475.0,481.65,477.3,484.8,90120,44110664.6,13-JUN-2023,7101,INE864X01013,
DRCSYSTEMS,EQ,40.35,40.35,38.65,39.5,39.05,39.1,37187,1462491.4,13-JUN-2023,272,INE03RS01027,
DREAMFOLKS,EQ,592.1,597.3,577.0,580.4,582.0,589.7,256611,149987706.65,13-JUN-2023,7538,INE0JS101016,
DREDGECORP,EQ,324.0,335.95,324.0,332.45,333.0,323.4,118143,39214324.95,13-JUN-2023,5521,INE506A01018,
DRREDDY,EQ,4700.0,4728.8,4658.05,4702.0,4707.85,4675.65,258981,1217660695.4,13-JUN-2023,28313,INE089A01023,
DSPBANKETF,EQ,45.0,45.0,44.2,44.42,44.21,44.23,5376,237967.66,13-JUN-2023,69,INF740KA1RX3,
DSPGOLDETF,EQ,60.0,60.0,59.1,59.75,59.8,59.65,1784,106218.35,13-JUN-2023,62,INF740KA1SW3,
DSPN50ETF,EQ,189.0,190.48,189.0,190.0,190.0,189.63,2662,506367.3,13-JUN-2023,52,INF740KA1CL0,
DSPNEWETF,EQ,221.37,228.0,218.0,223.16,222.0,217.8,21332,4763418.65,13-JUN-2023,119,INF740KA1QK2,
DSPQ50ETF,EQ,170.67,172.17,170.67,171.72,171.95,169.92,1551,266527.09,13-JUN-2023,70,INF740KA1QL0,
DSPSILVETF,EQ,72.6,72.6,72.26,72.53,72.55,72.67,1184,85748.21,13-JUN-2023,34,INF740KA1RE3,
DSSL,EQ,475.0,490.05,468.05,477.35,478.05,466.75,62964,30482299.35,13-JUN-2023,2461,INE417B01040,
DTIL,EQ,212.45,212.45,205.2,208.8,208.8,209.4,5022,1042077.65,13-JUN-2023,290,INE341R01014,
DUCON,BE,6.95,6.95,6.75,6.8,6.9,6.8,117778,803952.15,13-JUN-2023,405,INE741L01018,
DVL,EQ,240.5,243.35,239.05,240.65,240.5,238.6,16911,4081154.2,13-JUN-2023,551,INE477B01010,
DWARKESH,EQ,92.95,93.1,91.5,91.9,91.8,92.4,692228,63767594.7,13-JUN-2023,5351,INE366A01041,
DYCL,EQ,265.0,279.3,261.05,266.2,267.1,260.6,411473,111526328.4,13-JUN-2023,19069,INE600Y01019,
DYNAMATECH,EQ,3470.0,3500.0,3431.25,3458.25,3450.0,3426.3,8404,29182919.2,13-JUN-2023,2186,INE221B01012,
DYNPRO,EQ,345.8,361.45,340.6,349.25,349.9,342.8,90488,31938358.6,13-JUN-2023,6251,INE256H01015,
E2E,EQ,167.3,168.95,164.3,167.0,167.0,164.15,64935,10838858.3,13-JUN-2023,1924,INE255Z01019,
EASEMYTRIP,EQ,44.35,45.0,43.8,44.0,44.15,44.15,18270926,808566197.25,13-JUN-2023,22604,INE07O001026,
EBBETF0425,EQ,1134.5,1134.5,1133.06,1133.89,1134.22,1133.31,5813,6587397.38,13-JUN-2023,72,INF754K01LD3,
EBBETF0430,EQ,1293.89,1293.89,1285.05,1286.98,1287.0,1285.0,10735,13819329.21,13-JUN-2023,229,INF754K01KO2,
EBBETF0431,EQ,1150.9,1152.95,1149.11,1149.58,1149.12,1150.92,6348,7298202.15,13-JUN-2023,119,INF754K01LE1,
EBBETF0433,EQ,1050.0,1051.99,1048.11,1048.25,1048.12,1048.67,6354,6664626.46,13-JUN-2023,69,INF754K01QX0,
ECLERX,EQ,1717.5,1735.0,1651.0,1668.6,1670.0,1714.2,84463,143378852.85,13-JUN-2023,5269,INE738I01010,
EDELWEISS,BE,51.5,51.5,50.0,51.5,51.5,49.05,769268,39514059.85,13-JUN-2023,1917,INE532F01054,
EICHERMOT,EQ,3599.95,3640.75,3583.0,3592.65,3595.0,3590.6,612123,2209697187.6,13-JUN-2023,38856,INE066A01021,
EIDPARRY,EQ,476.35,477.15,466.2,469.55,471.0,472.5,283215,133244280.8,13-JUN-2023,13542,INE126A01031,
EIFFL,EQ,143.75,152.1,143.75,146.65,147.75,146.65,14253,2107456.45,13-JUN-2023,159,INE546V01010,
EIHAHOTELS,EQ,504.7,525.95,502.85,524.5,523.0,502.75,60996,31726392.35,13-JUN-2023,5171,INE276C01014,
EIHOTEL,EQ,210.95,214.8,210.4,213.85,213.5,210.15,492165,104778767.35,13-JUN-2023,8705,INE230A01023,
EIMCOELECO,BE,661.25,679.2,630.0,644.25,648.9,649.55,8227,5419613.9,13-JUN-2023,299,INE158B01016,
EKC,EQ,107.0,117.95,106.15,113.45,114.2,105.35,5592501,638402020.65,13-JUN-2023,40707,INE184H01027,
ELDEHSG,EQ,612.1,614.95,588.0,593.05,594.7,608.0,2951,1770222.7,13-JUN-2023,320,INE668G01021,
ELECON,EQ,567.95,581.3,567.95,575.25,574.5,567.95,219857,126780610.2,13-JUN-2023,11685,INE205B01023,
ELECTCAST,EQ,54.95,54.95,53.35,53.6,53.7,54.65,1820810,98380614.55,13-JUN-2023,5000,INE086A01029,
ELECTHERM,BE,84.95,85.65,82.6,84.85,84.1,84.6,19238,1631304.65,13-JUN-2023,171,INE822G01016,
ELGIEQUIP,EQ,530.05,550.0,530.05,548.45,548.0,529.05,523867,285224332.0,13-JUN-2023,16679,INE285A01027,
ELGIRUBCO,EQ,40.8,41.8,39.35,40.3,40.15,40.85,113622,4625501.0,13-JUN-2023,485,INE819L01012,
ELIN,EQ,164.0,166.5,158.0,161.05,161.6,162.1,907754,147519124.85,13-JUN-2023,21822,INE050401020,
EMAMILTD,EQ,376.6,385.0,371.0,379.95,381.95,375.25,1209187,452967107.5,13-JUN-2023,25129,INE548C01032,
EMAMIPAP,EQ,118.8,119.65,118.1,118.35,118.5,118.75,6672,792165.7,13-JUN-2023,230,INE830C01026,
EMAMIREAL,EQ,69.2,70.75,69.0,69.45,69.85,70.2,47197,3285788.55,13-JUN-2023,433,INE778K01012,
EMIL,EQ,78.45,79.25,77.4,77.7,77.75,77.7,202910,15862642.65,13-JUN-2023,2022,INE02YR01019,
EMKAY,EQ,73.5,76.35,73.5,75.55,75.6,74.4,24064,1814871.0,13-JUN-2023,365,INE296H01011,
EMMBI,EQ,89.95,89.95,87.0,87.6,87.8,88.1,18163,1595830.95,13-JUN-2023,340,INE753K01015,
EMUDHRA,EQ,420.1,424.8,403.35,408.45,408.0,417.75,149648,61316827.35,13-JUN-2023,11695,INE01QM01018,
ENDURANCE,EQ,1529.0,1539.95,1507.0,1527.85,1527.0,1524.7,26531,40486820.9,13-JUN-2023,5037,INE913H01037,
ENERGYDEV,EQ,17.25,17.3,16.85,16.9,16.85,17.15,41810,711016.65,13-JUN-2023,340,INE306C01019,
ENGINERSIN,EQ,112.8,113.7,110.7,112.1,111.75,110.0,6692822,750741892.95,13-JUN-2023,25727,INE510A01028,
ENIL,EQ,130.95,132.55,126.0,127.6,127.0,128.8,49666,6393161.5,13-JUN-2023,999,INE265F01028,
EPL,EQ,205.0,207.8,203.35,204.85,204.2,204.75,802874,164880679.35,13-JUN-2023,12571,INE255A01020,
EQUIPPP,BE,25.9,27.4,25.5,27.1,27.1,26.1,4277,113891.75,13-JUN-2023,63,INE217G01035,
EQUITASBNK,EQ,85.55,87.95,85.55,87.05,87.1,85.55,5134045,447391105.75,13-JUN-2023,17149,INE063P01018,
ERIS,EQ,659.9,667.95,656.0,665.05,665.2,659.9,29902,19831859.3,13-JUN-2023,4830,INE406M01024,
EROSMEDIA,EQ,25.4,25.8,25.1,25.4,25.3,25.4,160536,4097257.45,13-JUN-2023,648,INE416L01017,
ESABINDIA,EQ,3933.65,3972.95,3910.0,3942.8,3952.4,3927.55,3989,15736591.65,13-JUN-2023,1606,INE284A01012,
ESCORTS,EQ,2170.05,2191.2,2157.0,2186.85,2181.0,2158.35,190904,415051928.35,13-JUN-2023,18587,INE042A01014,
ESSARSHPNG,EQ,13.0,13.25,11.8,11.9,12.0,12.75,1592316,19527333.75,13-JUN-2023,3466,INE122M01019,
ESSENTIA,BE,6.7,6.8,6.5,6.6,6.65,6.65,1002374,6662103.05,13-JUN-2023,274,INE418N01035,
ESTER,EQ,121.4,123.0,119.0,119.55,121.0,122.15,86463,10419132.5,13-JUN-2023,1799,INE778B01029,
ETHOSLTD,EQ,1300.15,1317.65,1229.35,1254.4,1265.0,1300.15,42923,54730897.95,13-JUN-2023,4759,INE04TZ01018,
EUROTEXIND,BE,12.65,13.95,12.65,13.65,13.65,13.3,2119,26811.55,13-JUN-2023,10,INE022C01012,
EVEREADY,EQ,343.15,345.7,337.1,340.05,341.4,341.55,94123,32115775.35,13-JUN-2023,4212,INE128A01029,
EVERESTIND,EQ,896.4,965.55,872.05,947.05,952.0,896.4,172057,161992089.55,13-JUN-2023,11573,INE295A01018,
EXCEL,EQ,0.4,0.45,0.35,0.4,0.45,0.4,5462025,2223547.85,13-JUN-2023,1720,INE688J01023,
EXCELINDUS,EQ,870.65,900.0,862.75,889.5,888.0,870.6,24204,21502620.55,13-JUN-2023,2517,INE369A01029,
EXIDEIND,EQ,206.4,207.8,204.95,206.4,206.0,205.55,1736495,357942206.9,13-JUN-2023,18398,INE302A01020,
EXPLEOSOL,EQ,1616.7,1628.0,1601.65,1615.15,1614.4,1600.7,44211,71405710.45,13-JUN-2023,5435,INE201K01015,
EXXARO,EQ,116.9,116.95,114.6,115.0,115.65,115.45,86822,10007210.5,13-JUN-2023,1224,INE0GFE01018,
FACT,EQ,320.75,333.85,320.75,328.7,328.0,320.7,1024068,337390745.05,13-JUN-2023,19417,INE188A01015,
FAIRCHEMOR,EQ,1318.85,1325.0,1300.55,1309.9,1304.9,1310.1,15191,19954833.1,13-JUN-2023,2882,INE0DNW01011,
FAZE3Q,EQ,380.0,392.55,376.1,387.25,392.0,380.8,46977,18079907.65,13-JUN-2023,3927,INE963C01033,
FCL,EQ,313.9,316.25,310.1,311.95,312.4,312.45,209362,65549252.9,13-JUN-2023,5859,INE045J01026,
FCONSUMER,BE,1.0,1.05,0.95,0.95,1.0,1.0,3342937,3256298.15,13-JUN-2023,2904,INE220J01025,
FCSSOFT,EQ,2.25,2.3,2.2,2.25,2.3,2.25,3466726,7845600.55,13-JUN-2023,3653,INE512B01022,
FDC,EQ,302.0,306.85,301.65,304.15,304.6,300.95,648873,197347701.65,13-JUN-2023,12836,INE258B01022,
FEDERALBNK,EQ,125.5,126.0,124.4,124.55,124.75,125.2,14180212,1771130527.65,13-JUN-2023,48421,INE171A01029,
FELDVR,BE,4.0,4.3,4.0,4.1,4.2,4.1,54757,226389.55,13-JUN-2023,78,IN9623B01058,
FIBERWEB,EQ,30.35,30.65,30.35,30.55,30.55,30.35,24561,749829.9,13-JUN-2023,182,INE296C01020,
FIEMIND,EQ,1840.0,1872.0,1801.3,1826.2,1809.95,1830.35,62012,114281428.8,13-JUN-2023,6226,INE737H01014,
FILATEX,EQ,39.35,41.9,39.35,40.7,40.95,39.1,1298452,53101461.8,13-JUN-2023,6341,INE816B01035,
FINCABLES,EQ,805.95,806.5,796.0,804.15,806.0,799.65,153000,122821502.0,13-JUN-2023,7151,INE235A01022,
FINEORG,EQ,4949.95,4960.0,4857.0,4878.85,4897.0,4922.75,49883,244721954.7,13-JUN-2023,11703,INE686Y01026,
FINOPB,EQ,221.3,235.55,219.6,231.85,231.0,217.55,1091697,252518301.35,13-JUN-2023,20314,INE02NC01014,
FINPIPE,EQ,166.2,172.5,163.7,171.15,172.2,165.3,4329243,729405374.85,13-JUN-2023,39738,INE183A01024,
FIVESTAR,EQ,600.0,616.6,596.9,604.1,600.5,595.65,236178,143364498.8,13-JUN-2023,11640,INE128S01021,
FLEXITUFF,EQ,31.15,31.15,28.3,28.75,28.3,29.7,11046,320905.3,13-JUN-2023,151,INE060J01017,
FLUOROCHEM,EQ,3159.0,3170.0,3118.85,3143.0,3142.3,3140.3,89707,281706333.1,13-JUN-2023,7413,INE09N301011,
FMGOETZE,EQ,387.95,389.55,380.0,384.45,385.0,384.65,402447,154963088.15,13-JUN-2023,9923,INE529A01010,
FMNL,EQ,4.8,4.95,4.8,4.9,4.9,4.75,54133,264643.3,13-JUN-2023,136,INE360L01017,
FOCUS,EQ,589.9,594.8,582.0,584.5,584.3,585.9,13496,7933928.4,13-JUN-2023,893,INE593W01010,
FOODSIN,EQ,171.5,189.8,169.2,182.8,184.0,169.1,2979830,547560357.6,13-JUN-2023,35477,INE976E01023,
FORCEMOT,EQ,2152.0,2250.1,2152.0,2226.8,2225.0,2140.75,201062,447596377.3,13-JUN-2023,13467,INE451A01017,
FORTIS,EQ,285.0,291.2,280.6,287.7,287.0,283.95,2135476,612907266.95,13-JUN-2023,30966,INE061F01013,
FOSECOIND,EQ,2702.2,2736.7,2677.0,2711.85,2727.95,2701.75,6696,18093438.0,13-JUN-2023,1498,INE519A01011,
FSL,EQ,133.55,134.9,131.85,132.55,132.25,132.9,1258622,167748440.25,13-JUN-2023,10320,INE684F01012,
FUSION,EQ,534.75,547.0,531.2,534.95,531.2,533.65,185153,100122456.2,13-JUN-2023,8068,INE139R01012,
GABRIEL,EQ,190.0,190.5,183.95,186.35,186.95,187.55,610922,113916315.45,13-JUN-2023,9578,INE524A01029,
GAEL,EQ,243.7,250.75,242.35,247.9,248.1,242.75,370724,91936576.95,13-JUN-2023,8410,INE036B01030,
GAIL,EQ,105.95,107.15,105.3,107.05,107.15,105.2,11662296,1242515043.4,13-JUN-2023,38267,INE129A01019,
GAL,EQ,2.75,2.85,2.7,2.75,2.8,2.7,1534479,4260169.7,13-JUN-2023,425,INE482J01021,
GALAXYSURF,EQ,2677.9,2745.75,2667.3,2696.25,2701.0,2664.7,21942,59495339.1,13-JUN-2023,4960,INE600K01018,
GALLANTT,EQ,56.75,57.95,56.75,57.05,57.1,56.75,33770,1937079.75,13-JUN-2023,446,INE297H01019,
GANDHITUBE,EQ,590.0,635.0,585.05,612.05,610.0,584.55,98930,60764520.85,13-JUN-2023,4585,INE524B01027,
GANECOS,EQ,1064.6,1074.95,1050.1,1061.45,1050.1,1056.25,27644,29435546.55,13-JUN-2023,6031,INE845D01014,
GANESHBE,EQ,150.1,153.6,150.1,152.75,152.25,150.05,103825,15827816.45,13-JUN-2023,1454,INE388A01029,
GANESHHOUC,EQ,360.6,360.6,355.0,356.4,356.2,356.55,6240,2224732.95,13-JUN-2023,440,INE460C01014,
GANGAFORGE,BE,6.15,6.15,6.15,6.15,6.15,6.45,158322,973680.3,13-JUN-2023,358,INE691Z01023,
GANGESSECU,EQ,107.95,111.75,105.5,107.15,106.9,106.7,3465,375619.85,13-JUN-2023,175,INE335W01016,
GARFIBRES,EQ,3103.5,3129.0,3100.25,3120.15,3125.0,3106.4,17747,55304854.85,13-JUN-2023,5669,INE276A01018,
GATEWAY,EQ,76.2,76.2,74.25,74.85,74.9,75.0,840231,63119194.4,13-JUN-2023,5145,INE079J01017,
GATI,EQ,122.2,122.8,120.15,120.8,120.9,121.7,280121,33983940.35,13-JUN-2023,4167,INE152B01027,
GAYAHWS,EQ,0.75,0.75,0.75,0.75,0.75,0.7,21632,16224.0,13-JUN-2023,28,INE287Z01012,
GAYAPROJ,BE,6.0,6.15,5.85,5.9,5.85,5.9,370541,2225103.0,13-JUN-2023,428,INE336H01023,
GEECEE,EQ,170.0,172.9,166.55,168.7,168.25,169.05,52936,8999747.75,13-JUN-2023,1624,INE916G01016,
GEEKAYWIRE,BE,247.0,249.5,235.0,238.7,236.1,244.55,51729,12481903.8,13-JUN-2023,935,INE669X01016,
GENCON,EQ,56.9,58.9,56.55,58.0,57.65,56.45,188161,10768621.35,13-JUN-2023,746,INE854S01022,
GENESYS,EQ,322.0,323.85,315.5,318.35,319.0,319.3,34818,11114403.55,13-JUN-2023,2066,INE727B01026,
GENUSPAPER,EQ,14.8,14.9,14.15,14.35,14.4,14.8,235375,3413246.0,13-JUN-2023,834,INE949P01018,
GENUSPOWER,EQ,104.45,105.15,102.85,103.75,103.55,104.05,787873,81916295.1,13-JUN-2023,4648,INE955D01029,
GEOJITFSL,EQ,44.5,45.8,44.5,45.3,45.4,44.5,372961,16886923.8,13-JUN-2023,2077,INE007B01023,
GEPIL,EQ,160.75,162.7,159.0,159.8,159.95,159.15,344241,55273666.7,13-JUN-2023,4530,INE878A01011,
GESHIP,EQ,724.55,732.85,718.05,722.45,721.0,724.55,351555,254431863.6,13-JUN-2023,10576,INE017A01032,
GET&D,BE,210.15,214.9,201.0,203.5,204.9,210.05,29961,6159486.2,13-JUN-2023,771,INE200A01026,
GFLLIMITED,EQ,58.85,59.65,57.0,57.35,57.75,58.5,127224,7432297.5,13-JUN-2023,1361,INE538A01037,
GHCL,EQ,491.35,493.3,487.7,492.25,493.2,488.1,157741,77250581.3,13-JUN-2023,5072,INE539A01019,
GHCLTEXTIL,BE,65.0,65.0,65.0,65.0,65.0,68.4,46402,3016130.0,13-JUN-2023,556,INE0PA801013,
GICHSGFIN,EQ,174.0,179.25,173.5,176.2,175.7,173.15,602420,106896826.15,13-JUN-2023,6977,INE289B01019,
GICRE,EQ,182.0,182.9,179.95,181.1,180.0,181.15,353938,64188560.1,13-JUN-2023,3562,INE481Y01014,
GILLANDERS,EQ,68.05,68.05,64.9,66.0,66.4,67.5,14741,976998.75,13-JUN-2023,290,INE047B01011,
GILLETTE,EQ,4596.0,4618.05,4500.0,4579.1,4574.0,4568.25,15543,71282756.4,13-JUN-2023,4029,INE322A01010,
GILT5YBEES,EQ,52.49,52.54,52.45,52.53,52.53,52.49,678973,35655789.94,13-JUN-2023,824,INF204KC1030,
GINNIFILA,EQ,27.2,27.5,25.35,26.65,26.4,26.75,205485,5431453.1,13-JUN-2023,1071,INE424C01010,
GIPCL,EQ,97.0,97.35,96.3,96.65,96.8,96.75,426167,41282036.6,13-JUN-2023,3755,INE162A01010,
GISOLUTION,BE,13.4,13.4,13.4,13.4,13.4,14.1,90774,1216371.6,13-JUN-2023,196,INE065J01016,
GKWLIMITED,EQ,575.0,650.0,575.0,639.05,643.0,575.9,11714,7369105.3,13-JUN-2023,561,INE528A01020,
GLAND,EQ,966.0,1010.1,965.05,993.7,994.5,955.45,2461357,2445835174.2,13-JUN-2023,85580,INE068V01023,
GLAXO,EQ,1389.55,1408.0,1386.5,1396.0,1395.95,1387.45,43535,60765120.65,13-JUN-2023,5678,INE159A01016,
GLENMARK,EQ,638.55,652.85,634.95,649.0,649.5,638.55,690845,445721810.05,13-JUN-2023,18706,INE935A01035,
GLOBAL,BE,213.65,218.0,211.3,215.2,215.7,213.65,46488,10004656.35,13-JUN-2023,554,INE291W01029,
GLOBALVECT,EQ,60.95,62.35,60.5,61.75,61.7,60.5,15300,938741.1,13-JUN-2023,318,INE792H01019,
GLOBE,BE,2.95,2.95,2.85,2.9,2.9,2.9,320835,933632.9,13-JUN-2023,407,INE581X01021,
GLOBUSSPR,EQ,1267.0,1278.0,1225.05,1232.8,1235.0,1265.65,176962,220874861.8,13-JUN-2023,11012,INE615I01010,
GLS,EQ,615.0,617.55,602.75,607.35,610.0,611.2,177495,107750972.9,13-JUN-2023,4025,INE03Q201024,
GMBREW,EQ,576.2,577.45,572.6,574.1,573.5,572.2,25554,14690329.3,13-JUN-2023,1095,INE075D01018,
GMDCLTD,EQ,163.65,164.8,158.6,159.65,159.8,163.1,1452622,234239309.15,13-JUN-2023,12255,INE131A01031,
GMMPFAUDLR,EQ,1462.2,1468.9,1452.0,1456.95,1456.55,1454.9,51323,74864176.2,13-JUN-2023,5443,INE541A01023,
GMRINFRA,EQ,42.5,42.55,41.95,42.05,42.1,42.35,4959560,209087372.2,13-JUN-2023,7607,INE776C01039,
GMRP&UI,EQ,17.7,17.75,17.35,17.45,17.5,17.5,329284,5762638.9,13-JUN-2023,3732,INE0CU601026,
GNA,EQ,809.95,821.0,804.65,811.45,811.0,804.0,123131,100169077.25,13-JUN-2023,6702,INE934S01014,
GNFC,EQ,580.7,582.5,574.55,579.75,579.45,579.0,622805,360041479.35,13-JUN-2023,13673,INE113A01013,
GOACARBON,EQ,511.15,529.0,510.6,513.0,514.5,507.95,132281,68750124.7,13-JUN-2023,7606,INE426D01013,
GOCLCORP,EQ,318.6,323.0,316.2,318.25,318.25,318.6,8567,2728954.6,13-JUN-2023,781,INE077F01035,
GOCOLORS,EQ,1144.7,1149.0,1135.5,1139.4,1141.65,1136.7,187872,214501651.3,13-JUN-2023,10230,INE0BJS01011,
GODFRYPHLP,EQ,1702.15,1719.0,1698.0,1703.45,1705.0,1702.15,36335,62038837.95,13-JUN-2023,4167,INE260B01028,
GODHA,BE,1.25,1.3,1.25,1.25,1.25,1.3,1589851,1987413.95,13-JUN-2023,827,INE925Y01036,
GODREJAGRO,EQ,441.5,451.75,437.95,444.8,445.0,438.6,172850,77035469.55,13-JUN-2023,6714,INE850D01014,
GODREJCP,EQ,1045.0,1067.0,1044.1,1055.45,1055.0,1044.1,952216,1008300691.0,13-JUN-2023,47366,INE102D01028,
GODREJIND,EQ,474.8,482.05,474.25,481.2,481.0,472.3,257175,123019026.4,13-JUN-2023,7569,INE233A01035,
GODREJPROP,EQ,1446.45,1487.0,1445.05,1474.45,1471.95,1434.9,1364626,2006514634.8,13-JUN-2023,65822,INE484J01027,
GOKEX,EQ,489.7,494.7,474.35,476.5,478.45,485.0,311026,151105875.2,13-JUN-2023,11037,INE887G01027,
GOKUL,EQ,32.1,32.1,31.3,31.5,31.45,31.65,69453,2199670.5,13-JUN-2023,707,INE020J01029,
GOKULAGRO,EQ,107.5,110.1,107.1,108.05,108.0,107.3,172364,18735578.05,13-JUN-2023,2822,INE314T01025,
GOLDBEES,EQ,50.98,50.98,50.83,50.89,50.9,50.93,1534463,78080051.86,13-JUN-2023,16758,INF204KB17I5,
GOLDIAM,EQ,131.85,132.75,129.7,130.85,131.45,131.5,323120,42327834.55,13-JUN-2023,4235,INE025B01025,
GOLDSHARE,EQ,51.3,51.3,50.9,51.2,51.2,51.1,52465,2682467.05,13-JUN-2023,432,INF789F1AUX7,
GOLDTECH,EQ,70.5,70.85,67.55,68.65,68.9,69.55,54772,3786454.55,13-JUN-2023,709,INE805A01014,
GOODLUCK,EQ,423.5,433.85,416.75,427.95,429.5,419.85,175689,74850251.75,13-JUN-2023,6262,INE127I01024,
GOODYEAR,EQ,1198.0,1218.0,1193.05,1200.45,1199.9,1189.0,30080,36276571.5,13-JUN-2023,3831,INE533A01012,
GOYALALUM,BE,13.55,13.55,13.55,13.55,13.55,12.95,261257,3540032.35,13-JUN-2023,185,INE705X01026,
GPIL,EQ,410.0,438.0,409.6,427.25,428.0,406.8,3133839,1341693859.05,13-JUN-2023,50375,INE177H01021,
GPPL,EQ,114.7,115.4,113.0,114.5,114.95,114.1,1207263,138395397.8,13-JUN-2023,7543,INE517F01014,
GPTINFRA,EQ,57.2,57.8,56.1,56.65,56.5,57.15,44893,2551400.55,13-JUN-2023,505,INE390G01014,
GRANULES,EQ,280.85,286.45,279.95,285.35,286.0,279.45,1509258,429062755.55,13-JUN-2023,19306,INE101D01020,
GRAPHITE,EQ,385.6,394.9,382.95,387.35,386.5,382.7,1750902,682117116.65,13-JUN-2023,24491,INE371A01025,
GRASIM,EQ,1735.0,1747.0,1728.85,1737.95,1740.0,1731.4,354691,616455159.1,13-JUN-2023,18009,INE047A01021,
GRAUWEIL,EQ,110.9,113.4,110.75,112.1,112.0,109.8,306827,34356495.05,13-JUN-2023,3528,INE266D01021,
GRAVITA,EQ,587.15,602.75,586.25,593.45,594.8,587.15,168858,100547829.05,13-JUN-2023,6503,INE024L01027,
GREAVESCOT,EQ,136.05,138.2,136.05,137.05,137.0,134.65,1573828,215693652.75,13-JUN-2023,11591,INE224A01026,
GREENLAM,EQ,455.55,461.5,431.65,435.4,435.0,454.1,188566,83500157.8,13-JUN-2023,6386,INE544R01021,
GREENPANEL,EQ,335.0,347.45,335.0,340.5,340.9,333.3,1211747,415927675.85,13-JUN-2023,31608,INE08ZM01014,
GREENPLY,EQ,171.3,173.0,170.0,171.6,171.8,169.5,455293,78171769.9,13-JUN-2023,7419,INE461C01038,
GREENPOWER,EQ,11.1,11.3,10.5,10.55,10.65,10.95,14772494,159929937.15,13-JUN-2023,9949,INE999K01014,
GRINDWELL,EQ,2094.0,2132.85,2094.0,2108.55,2102.1,2094.0,64460,135576475.35,13-JUN-2023,4884,INE536A01023,
GRINFRA,EQ,1262.75,1274.0,1252.1,1260.6,1270.0,1257.75,11460,14462770.5,13-JUN-2023,2146,INE201P01022,
GRMOVER,EQ,198.95,200.0,188.0,189.95,191.85,193.2,110378,21402285.0,13-JUN-2023,2566,INE192H01020,
GROBTEA,EQ,779.2,850.0,770.0,787.85,780.1,779.5,637,512785.7,13-JUN-2023,146,INE646C01018,
GRPLTD,BE,3843.95,3843.95,3699.85,3795.6,3800.0,3803.75,138,522612.65,13-JUN-2023,22,INE137I01015,
GRSE,EQ,556.75,573.4,555.0,563.2,561.9,564.7,2450979,1383859645.25,13-JUN-2023,46569,INE382Z01011,
GRWRHITECH,EQ,814.9,818.9,785.0,792.7,798.95,815.2,27288,21823035.55,13-JUN-2023,3947,INE291A01017,
GSFC,EQ,159.45,159.5,156.7,157.5,157.45,158.8,1705423,268883489.9,13-JUN-2023,10296,INE026A01025,
GSLSU,EQ,209.95,211.4,205.45,206.5,206.4,209.45,112223,23356809.9,13-JUN-2023,7487,INE0JSX01015,
GSPL,EQ,299.6,300.0,293.0,295.1,295.1,298.55,555147,163894555.9,13-JUN-2023,17756,INE246F01010,
GSS,EQ,188.05,188.05,182.8,185.1,184.9,185.25,18683,3452833.05,13-JUN-2023,653,INE871H01011,
GTL,EQ,6.7,6.7,6.4,6.5,6.5,6.45,432853,2837315.7,13-JUN-2023,781,INE043A01012,
GTLINFRA,EQ,0.85,0.9,0.8,0.8,0.85,0.85,43364604,36884331.35,13-JUN-2023,10837,INE221H01019,
GTPL,EQ,112.1,113.0,111.0,112.4,112.0,111.5,30983,3474586.15,13-JUN-2023,629,INE869I01013,
GUFICBIO,EQ,207.0,209.45,202.3,202.9,203.3,205.65,110207,22650518.55,13-JUN-2023,3461,INE742B01025,
GUJALKALI,EQ,670.0,678.95,667.0,672.55,670.4,668.35,56050,37786152.15,13-JUN-2023,3791,INE186A01019,
GUJAPOLLO,EQ,198.9,202.2,195.0,196.95,196.55,197.4,17931,3579377.6,13-JUN-2023,777,INE826C01016,
GUJGASLTD,EQ,485.0,488.9,482.7,485.95,485.8,484.3,827670,401798056.15,13-JUN-2023,11660,INE844O01030,
GUJRAFFIA,BE,30.9,30.9,29.0,30.0,30.0,29.8,502,14952.95,13-JUN-2023,21,INE610B01024,
GULFOILLUB,EQ,460.2,473.25,460.2,467.2,467.8,455.15,117519,55083427.35,13-JUN-2023,5726,INE635Q01029,
GULFPETRO,EQ,39.7,39.7,39.0,39.1,39.05,39.25,36692,1439785.0,13-JUN-2023,449,INE586G01017,
GULPOLY,EQ,284.65,286.8,282.95,285.65,286.25,282.95,70063,19973713.55,13-JUN-2023,2792,INE255D01024,
GVKPIL,EQ,2.95,3.05,2.8,2.8,2.85,2.95,5458788,15923190.3,13-JUN-2023,2918,INE251H01024,
HAL,EQ,3699.0,3699.0,3628.05,3639.2,3649.8,3686.05,1617927,5913630602.25,13-JUN-2023,93196,INE066F01012,
HAPPSTMNDS,EQ,923.5,928.7,910.65,914.05,917.0,917.9,193344,177876093.7,13-JUN-2023,12750,INE419U01012,
HARDWYN,EQ,51.0,52.7,50.1,51.9,51.8,50.25,884630,45690942.25,13-JUN-2023,4208,INE626Z01029,
HARIOMPIPE,EQ,687.8,689.85,670.65,672.6,676.3,683.25,54105,36644471.15,13-JUN-2023,6072,INE00EV01017,
HARRMALAYA,EQ,124.0,126.8,123.5,124.45,124.5,124.15,21902,2746710.7,13-JUN-2023,624,INE544A01019,
HARSHA,EQ,439.05,452.0,438.65,450.15,451.0,439.05,228070,102387128.45,13-JUN-2023,8040,INE0JUS01029,
HATHWAY,EQ,14.8,15.0,14.65,14.75,14.75,14.65,3756131,55621076.05,13-JUN-2023,3746,INE982F01036,
HATSUN,EQ,919.55,933.15,916.0,926.45,920.0,914.95,25239,23355273.7,13-JUN-2023,2017,INE473B01035,
HAVELLS,EQ,1342.1,1360.0,1329.0,1350.3,1354.0,1346.55,1257080,1690494139.3,13-JUN-2023,38413,INE176B01034,
HAVISHA,BE,1.8,1.8,1.7,1.75,1.75,1.75,12470,22237.5,13-JUN-2023,41,INE293B01029,
HBANKETF,EQ,446.74,446.74,444.61,446.3,446.39,445.76,10034,4471004.86,13-JUN-2023,99,INF179KC1AN8,
HBLPOWER,EQ,144.05,154.2,142.15,152.75,151.65,143.3,16111898,2407312490.6,13-JUN-2023,76129,INE292B01021,
HBSL,EQ,50.5,50.5,48.45,48.7,49.45,49.2,50938,2517274.35,13-JUN-2023,1704,INE550B01022,
HCC,EQ,19.9,19.9,18.65,18.85,18.85,19.8,36668415,703669004.2,13-JUN-2023,18027,INE549A01026,
HCG,EQ,314.95,320.85,307.95,311.05,310.0,314.95,90609,28496768.15,13-JUN-2023,3465,INE075I01017,
HCL-INSYS,EQ,14.3,14.5,14.1,14.15,14.2,14.25,672171,9597724.9,13-JUN-2023,1897,INE236A01020,
HCLTECH,EQ,1144.95,1144.95,1129.3,1131.3,1131.2,1139.65,2014656,2285767398.2,13-JUN-2023,86868,INE860A01027,
HDFC,EQ,2636.75,2654.8,2634.9,2645.9,2653.0,2640.8,5516136,14589584622.5,13-JUN-2023,204702,INE001A01036,
HDFCAMC,EQ,1961.0,1977.8,1954.25,1976.2,1975.45,1944.9,264995,522337489.55,13-JUN-2023,24449,INE127D01025,
HDFCBANK,EQ,1590.1,1609.0,1590.1,1603.5,1607.95,1600.8,13963054,22376805987.05,13-JUN-2023,184386,INE040A01034,
HDFCBSE500,EQ,29.94,30.3,29.39,30.3,30.3,30.14,999,30253.99,13-JUN-2023,37,INF179KC1EZ4,
HDFCGROWTH,EQ,93.8,94.5,93.74,93.79,94.43,93.03,1412,132655.91,13-JUN-2023,55,INF179KC1DJ0,
HDFCLIFE,EQ,582.25,587.0,581.0,584.8,584.4,584.4,3288950,1923042625.6,13-JUN-2023,45277,INE795G01014,
HDFCLOWVOL,EQ,141.4,141.4,141.36,141.37,141.37,141.21,51,7209.89,13-JUN-2023,3,INF179KC1DN2,
HDFCMFGETF,EQ,52.6,52.6,52.24,52.5,52.51,52.55,643520,33759629.84,13-JUN-2023,2690,INF179KC1981,
HDFCMID150,EQ,129.02,130.95,129.02,130.37,130.95,129.28,1436,186718.07,13-JUN-2023,59,INF179KC1FA4,
HDFCMOMENT,EQ,210.15,210.96,210.15,210.22,210.15,210.96,21,4414.02,13-JUN-2023,4,INF179KC1DM4,
HDFCNEXT50,EQ,430.5,435.0,430.5,434.98,435.0,426.09,692,300405.08,13-JUN-2023,51,INF179KC1DA9,
HDFCNIF100,EQ,187.2,190.0,187.1,188.22,190.0,187.12,409,76826.5,13-JUN-2023,17,INF179KC1DB7,
HDFCNIFETF,EQ,203.14,203.6,202.57,203.02,202.96,202.5,33885,6888827.71,13-JUN-2023,324,INF179KC1965,
HDFCNIFIT,EQ,298.9,298.9,289.93,291.87,292.49,290.21,3095,902156.82,13-JUN-2023,53,INF179KC1DX1,
HDFCPVTBAN,EQ,225.6,227.5,225.47,227.44,227.5,223.83,1078,244269.95,13-JUN-2023,48,INF179KC1DW3,
HDFCQUAL,EQ,42.3,42.58,42.22,42.37,42.4,42.27,6854,290749.42,13-JUN-2023,63,INF179KC1DL6,
HDFCSENETF,EQ,688.01,691.68,688.01,690.32,690.19,686.93,13867,9551995.6,13-JUN-2023,135,INF179KC1973,
HDFCSILVER,EQ,72.48,72.48,71.82,72.05,72.05,72.33,114053,8210774.37,13-JUN-2023,315,INF179KC1DI2,
HDFCSML250,EQ,103.45,103.45,102.75,103.27,103.2,102.4,125410,12939165.32,13-JUN-2023,765,INF179KC1FB2,
HDFCVALUE,EQ,97.17,98.0,96.25,97.11,96.25,96.86,2071,201750.45,13-JUN-2023,58,INF179KC1DK8,
HEADSUP,EQ,13.2,13.2,12.85,12.95,12.95,13.25,37742,489660.25,13-JUN-2023,384,INE759V01019,
HEALTHY,EQ,8.43,8.59,8.43,8.51,8.5,8.43,59439,505595.52,13-JUN-2023,291,INF209KB10C2,
HECPROJECT,EQ,36.6,37.7,36.05,36.3,37.7,36.25,3738,137444.35,13-JUN-2023,47,INE558R01013,
HEG,EQ,1393.0,1424.0,1386.0,1403.6,1407.4,1386.3,422040,593863317.35,13-JUN-2023,21766,INE545A01016,
HEIDELBERG,EQ,178.0,178.9,176.25,176.8,176.65,176.8,142515,25246235.35,13-JUN-2023,2817,INE578A01017,
HEMIPROP,EQ,97.95,100.2,97.4,98.55,98.65,97.5,553002,54715591.7,13-JUN-2023,4123,INE0AJG01018,
HERANBA,EQ,359.55,367.0,352.35,355.5,354.0,356.8,81589,29183688.15,13-JUN-2023,5903,INE694N01015,
HERCULES,EQ,273.1,283.4,270.45,271.95,271.5,269.05,141633,39182807.3,13-JUN-2023,7449,INE688E01024,
HERITGFOOD,EQ,213.0,220.9,212.1,218.3,218.95,211.7,313388,68097707.2,13-JUN-2023,5270,INE978A01027,
HEROMOTOCO,EQ,2917.0,2955.9,2904.05,2952.45,2951.0,2930.4,973087,2857203989.7,13-JUN-2023,54656,INE158A01026,
HESTERBIO,EQ,1630.0,1635.65,1610.0,1617.25,1615.0,1634.2,2490,4039840.4,13-JUN-2023,530,INE782E01017,
HEUBACHIND,EQ,382.05,384.75,367.0,370.0,368.55,377.0,52687,19726232.3,13-JUN-2023,2979,INE492A01029,
HEXATRADEX,EQ,148.2,156.0,143.25,145.7,149.7,145.75,2044,297287.1,13-JUN-2023,135,INE750M01017,
HFCL,EQ,71.0,72.3,69.7,70.0,69.85,70.4,13323141,945845898.75,13-JUN-2023,31819,INE548A01028,
HGINFRA,EQ,885.0,887.55,845.0,853.05,856.45,878.75,301074,259945265.1,13-JUN-2023,17522,INE926X01010,
HGS,EQ,1075.35,1089.0,1075.35,1081.9,1083.5,1077.95,68587,74185782.3,13-JUN-2023,4215,INE170I01016,
HIKAL,EQ,316.95,324.55,314.3,315.55,315.2,315.2,407758,129977056.3,13-JUN-2023,8781,INE475B01022,
HIL,EQ,3010.0,3085.0,3010.0,3075.4,3080.0,3002.35,15655,47942039.55,13-JUN-2023,4171,INE557A01011,
HILTON,BE,165.5,167.0,161.1,163.75,163.75,163.15,10571,1729382.05,13-JUN-2023,207,INE788H01017,
HIMATSEIDE,EQ,111.5,114.4,110.0,112.8,113.2,111.3,1748817,196469358.55,13-JUN-2023,12457,INE049A01027,
HINDALCO,EQ,419.0,424.0,416.9,421.4,421.45,416.8,4247391,1787984412.05,13-JUN-2023,49464,INE038A01020,
HINDCOMPOS,EQ,323.0,350.0,314.0,345.7,345.3,321.7,95914,32894975.2,13-JUN-2023,3053,INE310C01029,
HINDCON,EQ,97.0,97.4,94.8,97.15,97.3,95.8,61362,5937679.6,13-JUN-2023,745,INE642Y01011,
HINDCOPPER,EQ,113.95,114.65,112.9,113.35,113.75,113.4,3153024,358168978.3,13-JUN-2023,10945,INE531E01026,
HINDMOTORS,EQ,16.3,16.3,15.85,15.9,16.0,16.1,476715,7643837.1,13-JUN-2023,1612,INE253A01025,
HINDNATGLS,BE,11.6,12.1,11.6,11.6,11.6,12.2,25830,300358.3,13-JUN-2023,95,INE952A01022,
HINDOILEXP,EQ,207.6,207.65,202.35,203.8,203.0,204.85,1388635,283920154.6,13-JUN-2023,15314,INE345A01011,
HINDPETRO,EQ,275.5,277.2,272.9,274.35,274.05,273.45,2430467,667199255.7,13-JUN-2023,26654,INE094A01015,
HINDUNILVR,EQ,2629.6,2697.0,2627.5,2675.9,2669.0,2643.45,1787924,4790643710.7,13-JUN-2023,100297,INE030A01027,
HINDWAREAP,EQ,518.75,525.0,508.4,515.7,517.1,510.05,150529,78010947.45,13-JUN-2023,2737,INE05AN01011,
HINDZINC,EQ,299.75,304.6,299.55,303.85,304.2,298.95,984236,297394020.5,13-JUN-2023,28325,INE267A01025,
HIRECT,BE,298.0,298.0,284.0,290.55,290.0,293.7,4973,1433778.4,13-JUN-2023,113,INE835D01023,
HISARMETAL,EQ,144.95,148.8,144.05,144.9,144.75,143.35,42057,6153363.45,13-JUN-2023,576,INE598C01011,
HITECH,EQ,77.5,80.0,77.5,77.95,78.0,77.45,457364,36054942.3,13-JUN-2023,3042,INE106T01025,
HITECHCORP,EQ,211.05,227.9,210.3,216.55,217.0,209.85,171234,37853367.1,13-JUN-2023,3407,INE120D01012,
HITECHGEAR,EQ,389.8,397.9,375.05,382.0,379.8,384.45,76743,29589983.1,13-JUN-2023,3252,INE127B01011,
HLEGLAS,EQ,685.0,686.0,675.0,678.15,678.0,680.6,49483,33665533.45,13-JUN-2023,5541,INE461D01028,
HLVLTD,EQ,12.85,12.95,12.65,12.85,12.9,12.65,850338,10915354.65,13-JUN-2023,1251,INE102A01024,
HMVL,EQ,62.0,62.5,61.0,61.45,61.05,62.0,59003,3644805.3,13-JUN-2023,918,INE871K01015,
HNDFDS,EQ,556.9,557.8,544.0,545.8,549.0,550.3,73781,40582715.25,13-JUN-2023,7720,INE254N01026,
HNGSNGBEES,EQ,275.4,276.74,274.5,274.73,274.54,274.71,22705,6254094.95,13-JUN-2023,551,INF204KB19I1,
HOMEFIRST,EQ,801.0,815.0,800.7,811.35,810.0,801.95,163524,132573819.4,13-JUN-2023,11106,INE481N01025,
HONAUT,EQ,41019.95,41468.45,41019.95,41233.95,41399.0,41019.95,5255,216696200.75,13-JUN-2023,2220,INE671A01010,
HONDAPOWER,EQ,2200.0,2200.0,2179.65,2184.55,2190.0,2179.3,3462,7574501.75,13-JUN-2023,921,INE634A01018,
HOVS,EQ,48.5,49.95,47.65,48.05,48.4,48.25,53489,2607550.95,13-JUN-2023,931,INE596H01014,
HPAL,EQ,420.3,437.85,420.0,429.8,430.0,420.3,69647,30079666.75,13-JUN-2023,3219,INE0GSL01016,
HPIL,EQ,103.25,107.45,99.5,102.6,103.15,99.95,11138,1145581.7,13-JUN-2023,396,INE05X901010,
HPL,EQ,100.85,102.8,100.25,100.95,101.6,100.25,276396,28084084.6,13-JUN-2023,3483,INE495S01016,
HSCL,EQ,129.5,131.8,128.75,129.5,129.5,129.3,1800492,233940876.3,13-JUN-2023,12456,INE019C01026,
HTMEDIA,EQ,19.15,19.4,19.05,19.1,19.1,19.15,139924,2678480.8,13-JUN-2023,510,INE501G01024,
HUBTOWN,BE,44.5,44.5,43.05,43.7,43.9,43.15,24621,1075430.95,13-JUN-2023,119,INE703H01016,
HUDCO,EQ,59.45,61.4,59.35,60.7,60.7,59.2,10221299,620838051.1,13-JUN-2023,27826,INE031A01017,
HUHTAMAKI,EQ,269.0,269.0,260.2,261.85,262.45,266.7,70773,18705699.4,13-JUN-2023,4634,INE275B01026,
HYBRIDFIN,BE,8.4,8.5,8.3,8.3,8.3,8.35,2336,19548.65,13-JUN-2023,19,INE965B01022,
IBMFNIFTY,EQ,192.6,193.14,190.0,191.58,192.55,192.26,1498,286885.26,13-JUN-2023,52,INF666M01FS5,
IBREALEST,EQ,64.75,67.7,64.4,64.85,64.8,64.4,13446192,891518689.65,13-JUN-2023,32260,INE069I01010,
IBULHSGFIN,EQ,109.95,115.0,109.6,114.4,114.45,109.35,14710369,1666052904.1,13-JUN-2023,43193,INE148I01020,
ICDSLTD,BE,26.05,27.0,24.75,26.25,26.5,26.05,1892,47633.8,13-JUN-2023,21,INE613B01010,
ICEMAKE,EQ,390.4,398.35,388.0,392.25,391.0,390.4,22612,8921645.2,13-JUN-2023,739,INE520Y01019,
ICICI10GS,EQ,216.6,217.2,216.6,216.7,216.7,216.3,32,6936.4,13-JUN-2023,9,INF109KC18O0,
ICICI500,EQ,26.8,26.9,26.62,26.83,26.82,26.73,43925,1179499.85,13-JUN-2023,396,INF109KC1V59,
ICICI5GSEC,EQ,52.91,53.24,52.91,53.05,53.22,53.22,745,39517.5,13-JUN-2023,17,INF109KC14A8,
ICICIALPLV,EQ,189.5,190.74,189.5,190.18,189.91,188.54,33420,6367924.76,13-JUN-2023,333,INF109KC1N59,
ICICIAUTO,EQ,148.1,148.94,147.81,148.15,148.1,148.33,4487,665604.06,13-JUN-2023,179,INF109KC1Y49,
ICICIB22,EQ,65.17,65.66,65.0,65.52,65.5,65.17,409318,26842443.41,13-JUN-2023,2264,INF109KB15Y7,
ICICIBANK,EQ,935.9,946.25,934.1,943.55,943.75,935.95,13528776,12719334878.3,13-JUN-2023,184244,INE090A01021,
ICICIBANKN,EQ,45.65,45.65,44.3,44.46,44.52,44.34,31287,1390516.49,13-JUN-2023,312,INF109KC15I8,
ICICIBANKP,EQ,223.52,224.49,223.52,224.25,224.3,223.17,1925,431631.04,13-JUN-2023,78,INF109KC1E35,
ICICICOMMO,EQ,60.08,60.5,59.61,59.99,60.05,59.54,17420,1044353.41,13-JUN-2023,183,INF109KC19O8,
ICICICONSU,EQ,84.48,84.48,81.96,82.34,82.67,81.65,4087,338626.15,13-JUN-2023,47,INF109KC1V42,
ICICIFIN,EQ,18.25,18.58,18.01,18.1,18.17,17.96,24344,441070.78,13-JUN-2023,133,INF109KC17L8,
ICICIFMCG,EQ,525.5,531.15,525.5,528.81,528.2,523.08,8393,4439037.08,13-JUN-2023,349,INF109KC1R48,
ICICIGI,EQ,1222.0,1228.1,1211.0,1219.8,1215.0,1212.55,486419,592120322.3,13-JUN-2023,48724,INE765G01017,
ICICIGOLD,EQ,52.68,52.68,52.22,52.46,52.39,52.46,181138,9492306.85,13-JUN-2023,4645,INF109KC1NT3,
ICICIINFRA,EQ,56.87,57.19,56.87,57.09,57.19,56.72,1424,81267.8,13-JUN-2023,41,INF109KC16E5,
ICICILIQ,EQ,1000.93,1000.93,999.57,999.99,1000.0,999.99,163121,163120893.12,13-JUN-2023,255,INF109KC1KT9,
ICICILOVOL,EQ,156.9,156.9,150.36,152.88,153.44,152.34,58768,8982312.73,13-JUN-2023,794,INF109KB10T8,
ICICIM150,EQ,131.13,132.77,131.13,132.52,132.58,131.12,20599,2723916.12,13-JUN-2023,487,INF109KC1G82,
ICICIMCAP,EQ,108.1,108.95,107.01,107.92,107.91,107.11,38366,4145303.95,13-JUN-2023,259,INF109KB1XT3,
ICICIMOM30,EQ,21.32,21.35,21.22,21.34,21.35,21.19,39760,848095.04,13-JUN-2023,73,INF109KC17C7,
ICICINF100,EQ,206.38,206.38,203.41,203.98,204.3,203.4,3902,796546.79,13-JUN-2023,342,INF109KA1962,
ICICINIFTY,EQ,209.45,209.45,203.35,204.34,204.27,203.36,913816,186857330.2,13-JUN-2023,5413,INF109K012R6,
ICICINV20,EQ,108.55,108.55,105.02,105.85,106.01,105.41,3005229,317770987.47,13-JUN-2023,1110,INF109KB1WY5,
ICICINXT50,EQ,45.55,45.55,44.24,44.63,44.67,44.23,37773,1683957.77,13-JUN-2023,800,INF109KC1NS5,
ICICIPHARM,EQ,84.51,85.49,84.51,85.24,85.26,84.28,21329,1811920.85,13-JUN-2023,117,INF109KC1Q72,
ICICIPRULI,EQ,506.25,511.2,504.5,507.65,508.65,503.4,1265647,643727108.3,13-JUN-2023,42031,INE726G01019,
ICICISENSX,EQ,700.5,700.5,697.0,698.06,698.04,696.23,842,587798.54,13-JUN-2023,99,INF346A01034,
ICICISILVE,EQ,74.64,74.79,74.36,74.72,74.75,74.78,119410,8901780.13,13-JUN-2023,666,INF109KC1Y56,
ICICITECH,EQ,30.39,30.39,30.14,30.24,30.29,30.07,143360,4329591.62,13-JUN-2023,727,INF109KC16I6,
ICIL,EQ,212.5,213.7,206.0,207.6,207.25,211.05,359413,75135052.2,13-JUN-2023,5506,INE483B01026,
ICRA,EQ,4898.8,5014.35,4881.0,4904.05,4910.95,4898.8,9948,49358314.3,13-JUN-2023,1213,INE725G01011,
IDBI,EQ,54.1,54.55,53.55,54.2,54.2,54.05,3062272,165870473.9,13-JUN-2023,7069,INE008A01015,
IDBIGOLD,EQ,5451.35,5519.95,5451.35,5469.35,5465.0,5485.95,224,1225808.55,13-JUN-2023,69,INF397L01554,
IDEA,EQ,7.55,7.9,7.5,7.7,7.7,7.5,168436075,1294567503.5,13-JUN-2023,52741,INE669E01016,
IDFC,EQ,103.0,104.95,102.7,104.8,104.55,102.55,6150160,641173448.25,13-JUN-2023,16259,INE043D01016,
IDFCFIRSTB,EQ,73.2,75.0,73.0,74.8,74.85,72.8,44054805,3273643076.05,13-JUN-2023,55854,INE092T01019,
IDFNIFTYET,EQ,198.22,200.27,198.22,199.3,200.27,198.22,828,164261.2,13-JUN-2023,7,INF194KA1U07,
IEL,BE,8.15,8.35,8.15,8.25,8.3,8.15,137817,1137286.8,13-JUN-2023,224,INE059901020,
IEX,EQ,123.8,125.45,123.8,125.15,125.15,123.6,13246858,1651924931.4,13-JUN-2023,85223,INE022Q01020,
IFBAGRO,EQ,557.8,557.8,541.5,551.0,551.4,549.65,25213,13880214.65,13-JUN-2023,2162,INE076C01018,
IFBIND,EQ,823.15,824.45,812.05,814.3,813.8,815.9,16200,13213510.3,13-JUN-2023,2160,INE559A01017,
IFCI,EQ,12.35,12.55,12.0,12.05,12.0,12.4,6882482,84332340.8,13-JUN-2023,4228,INE039A01010,
IFGLEXPOR,EQ,305.0,323.4,305.0,312.7,311.45,305.9,86601,27425660.0,13-JUN-2023,4016,INE133Y01011,
IGARASHI,EQ,482.2,494.05,482.2,488.8,488.55,482.2,64382,31408037.95,13-JUN-2023,4632,INE188B01013,
IGL,EQ,463.1,466.85,461.0,464.2,465.0,462.9,832460,385728160.2,13-JUN-2023,18040,INE203G01027,
IGPL,EQ,494.9,498.85,487.5,490.1,487.5,493.9,41175,20333729.15,13-JUN-2023,3257,INE204A01010,
IIFL,EQ,486.5,508.7,480.7,501.65,508.0,486.1,2871414,1424652718.6,13-JUN-2023,32970,INE530B01024,
IIFLSEC,EQ,67.9,69.0,67.45,67.8,67.8,68.05,603792,41287552.2,13-JUN-2023,4311,INE489L01022,
IITL,EQ,115.0,119.8,112.25,115.65,116.0,114.55,69062,8012809.5,13-JUN-2023,1323,INE886A01014,
IMAGICAA,EQ,43.0,43.75,42.15,42.8,42.9,43.15,368549,15849357.4,13-JUN-2023,1602,INE172N01012,
IMFA,EQ,288.0,291.85,281.6,284.6,284.6,287.0,72077,20609940.7,13-JUN-2023,3320,INE919H01018,
IMPAL,EQ,751.0,751.0,737.0,738.55,740.0,745.25,2255,1668051.05,13-JUN-2023,197,INE547E01014,
IMPEXFERRO,BE,3.15,3.3,3.05,3.1,3.2,3.15,46015,142759.0,13-JUN-2023,106,INE691G01015,
INCREDIBLE,EQ,23.6,25.95,23.6,25.95,25.95,23.6,131142,3344389.1,13-JUN-2023,714,INE452L01012,
INDBANK,EQ,25.6,25.85,25.45,25.55,25.7,25.6,54722,1400248.5,13-JUN-2023,341,INE841B01017,
INDHOTEL,EQ,389.25,394.6,388.4,393.35,393.25,387.7,3811857,1495436115.2,13-JUN-2023,32945,INE053A01029,
INDIACEM,EQ,230.95,230.95,227.55,228.15,228.05,230.1,1513328,346111157.8,13-JUN-2023,11075,INE383A01012,
INDIAGLYCO,EQ,627.0,628.55,620.7,622.25,624.95,623.5,21336,13328961.85,13-JUN-2023,1227,INE560A01015,
INDIAMART,EQ,5700.0,5793.75,5699.95,5746.2,5749.0,5677.1,86235,495709760.95,13-JUN-2023,14549,INE933S01016,
INDIANB,EQ,275.35,282.8,275.35,281.8,281.8,277.9,1139909,318924549.75,13-JUN-2023,20448,INE562A01011,
INDIANCARD,EQ,231.85,232.0,226.1,229.75,229.5,227.95,5089,1169541.35,13-JUN-2023,151,INE061A01014,
INDIANHUME,EQ,199.55,199.55,187.95,190.3,191.0,198.1,286301,54747255.7,13-JUN-2023,6418,INE323C01030,
INDIGO,EQ,2411.0,2416.95,2331.1,2340.0,2338.85,2410.95,2035531,4795609286.6,13-JUN-2023,63317,INE646L01027,
INDIGOPNTS,EQ,1427.45,1445.45,1420.0,1425.1,1428.0,1420.85,79140,113584252.5,13-JUN-2023,8058,INE09VQ01012,
INDNIPPON,EQ,386.5,398.0,385.8,393.2,396.0,385.45,16334,6429550.95,13-JUN-2023,1243,INE092B01025,
INDOAMIN,EQ,120.0,127.4,118.3,122.35,122.65,118.9,469224,58092084.2,13-JUN-2023,10269,INE760F01028,
INDOBORAX,EQ,124.2,128.75,124.2,126.65,126.95,124.05,122081,15485855.15,13-JUN-2023,2140,INE803D01021,
INDOCO,EQ,332.5,333.0,320.2,321.8,322.5,330.95,255251,82919937.7,13-JUN-2023,8599,INE873D01024,
INDORAMA,EQ,48.25,48.7,47.65,48.2,48.15,47.6,83853,4041634.8,13-JUN-2023,804,INE156A01020,
INDOSTAR,BE,155.5,155.5,151.4,153.5,152.5,153.55,88134,13465194.0,13-JUN-2023,2635,INE896L01010,
INDOTECH,BE,379.0,386.7,376.5,386.7,386.7,368.3,40635,15543774.0,13-JUN-2023,397,INE332H01014,
INDOTHAI,EQ,253.1,274.45,248.05,274.45,274.45,249.5,32802,8842989.5,13-JUN-2023,516,INE337M01013,
INDOWIND,EQ,11.05,11.1,10.8,10.85,10.9,10.9,329797,3617442.45,13-JUN-2023,764,INE227G01018,
INDRAMEDCO,BE,88.0,89.9,88.0,88.8,88.75,88.1,97009,8632049.4,13-JUN-2023,423,INE681B01017,
INDSWFTLAB,EQ,69.75,71.0,68.8,69.2,69.0,69.75,84042,5861120.65,13-JUN-2023,848,INE915B01019,
INDSWFTLTD,EQ,9.1,9.4,9.1,9.3,9.35,9.25,21173,196990.25,13-JUN-2023,96,INE788B01028,
INDTERRAIN,EQ,53.5,55.3,52.85,54.75,55.0,53.35,119167,6504758.95,13-JUN-2023,1349,INE611L01021,
INDUSINDBK,EQ,1336.0,1342.9,1332.35,1336.25,1333.0,1332.45,3756073,5027392373.35,13-JUN-2023,75840,INE095A01012,
INDUSTOWER,EQ,164.65,167.1,162.55,166.3,166.1,163.35,10249011,1694272536.75,13-JUN-2023,50346,INE121J01017,
INFIBEAM,EQ,15.3,15.95,15.1,15.55,15.55,15.15,14410339,225606716.8,13-JUN-2023,10067,INE483S01020,
INFOBEAN,EQ,465.0,468.25,458.0,461.5,464.0,460.2,18755,8678217.6,13-JUN-2023,1481,INE344S01016,
INFOMEDIA,EQ,4.85,5.25,4.85,5.1,5.25,5.0,16792,87650.6,13-JUN-2023,47,INE669A01022,
INFRABEES,EQ,582.08,582.5,579.01,581.88,582.44,579.28,4713,2737669.42,13-JUN-2023,230,INF732E01268,
INFY,EQ,1299.9,1306.5,1297.05,1304.85,1304.9,1291.95,4846587,6315361306.7,13-JUN-2023,238816,INE009A01021,
INGERRAND,EQ,2765.95,2787.6,2745.1,2769.05,2761.1,2748.85,13077,36092273.15,13-JUN-2023,2865,INE177A01018,
INOXGREEN,EQ,52.5,56.25,52.0,55.85,55.95,51.95,7373707,402354996.3,13-JUN-2023,22379,INE510W01014,
INOXWIND,EQ,145.0,145.0,137.5,140.55,140.45,145.9,3282265,462561272.9,13-JUN-2023,15163,INE066P01011,
INSECTICID,EQ,451.15,456.1,450.0,450.95,450.1,452.85,17019,7701510.5,13-JUN-2023,3000,INE070I01018,
INSPIRISYS,BE,78.95,79.25,75.55,79.25,79.25,75.5,29320,2314174.25,13-JUN-2023,146,INE020G01017,
INTELLECT,EQ,602.8,607.95,593.35,605.25,606.0,597.7,732052,440915270.0,13-JUN-2023,20131,INE306R01017,
INTENTECH,EQ,65.5,65.95,64.95,65.35,65.5,64.9,29212,1910721.1,13-JUN-2023,377,INE781A01025,
INTLCONV,EQ,60.4,60.6,58.5,58.9,58.6,59.95,84618,5042368.05,13-JUN-2023,1512,INE575C01027,
INVENTURE,EQ,1.95,2.1,1.95,1.95,2.0,1.95,9049504,18163204.35,13-JUN-2023,2333,INE878H01024,
IOB,EQ,24.6,24.75,24.6,24.65,24.65,24.6,2770135,68370669.7,13-JUN-2023,3918,INE565A01014,
IOC,EQ,92.85,93.1,91.7,91.9,92.2,91.85,19796495,1829078422.7,13-JUN-2023,58611,INE242A01010,
IOLCP,EQ,463.0,467.6,454.55,459.45,461.0,462.45,209125,96354654.3,13-JUN-2023,7219,INE485C01011,
IONEXCHANG,EQ,412.7,416.6,401.5,405.05,406.7,412.75,356653,145662526.65,13-JUN-2023,15181,INE570A01022,
IPCALAB,EQ,731.55,748.2,729.25,734.85,734.05,730.55,1310904,969524627.75,13-JUN-2023,49124,INE571A01038,
IPL,EQ,229.45,231.9,226.0,227.1,226.9,226.1,102609,23466160.2,13-JUN-2023,4003,INE0D6701023,
IRB,EQ,27.85,27.95,27.4,27.45,27.5,27.75,6278200,173065014.85,13-JUN-2023,14330,INE821I01022,
IRCON,EQ,84.2,84.4,81.35,81.8,81.9,83.8,10410833,860464886.55,13-JUN-2023,24118,INE962Y01021,
IRCTC,EQ,641.35,650.5,641.35,647.6,646.0,645.9,956702,618130358.95,13-JUN-2023,25409,INE335Y01020,
IRFC,EQ,33.05,33.25,32.8,33.0,32.9,33.05,16812036,554350575.45,13-JUN-2023,30507,INE053F01010,
IRIS,EQ,80.8,80.95,77.4,78.25,78.5,79.55,18885,1495212.95,13-JUN-2023,447,INE864K01010,
IRISDOREME,EQ,417.25,422.45,413.4,415.25,416.9,416.5,23678,9879565.4,13-JUN-2023,1133,INE01GN01017,
ISEC,EQ,520.0,524.95,516.55,517.55,519.45,517.45,138460,71971996.55,13-JUN-2023,6694,INE763G01038,
ISFT,EQ,138.6,159.45,137.1,153.75,154.55,139.55,175750,27126492.65,13-JUN-2023,4686,INE566K01011,
ISGEC,EQ,613.95,616.75,600.05,603.65,603.0,611.55,117199,71109879.75,13-JUN-2023,7208,INE858B01029,
ISMTLTD,EQ,76.15,81.35,76.0,79.6,79.1,75.65,1740296,138262790.85,13-JUN-2023,10873,INE732F01019,
ITBEES,EQ,30.24,30.44,30.16,30.21,30.25,30.11,4511847,136489476.61,13-JUN-2023,8639,INF204KB15V2,
ITC,EQ,441.0,446.4,438.3,445.4,445.9,436.95,16111860,7159622903.4,13-JUN-2023,154723,INE154A01025,
ITDC,EQ,329.85,333.5,327.0,328.6,328.5,327.5,19453,6419806.8,13-JUN-2023,1398,INE353K01014,
ITDCEM,EQ,168.6,170.0,165.5,166.2,166.0,167.95,627718,105137680.55,13-JUN-2023,7848,INE686A01026,
ITI,EQ,108.95,110.45,108.0,108.5,108.45,108.35,296054,32269440.0,13-JUN-2023,3217,INE248A01017,
IVC,EQ,7.55,8.0,7.55,7.95,7.95,7.55,1060446,8254268.9,13-JUN-2023,1349,INE050B01023,
IVP,BE,176.9,176.9,170.4,172.8,174.0,172.8,672,116291.8,13-JUN-2023,23,INE043C01018,
IVZINGOLD,EQ,5304.95,5329.95,5304.95,5313.1,5313.1,5335.0,6,31871.05,13-JUN-2023,4,INF205K01361,
IWEL,EQ,2074.0,2148.0,2013.35,2065.95,2055.0,1818.0,181007,374963411.15,13-JUN-2023,13310,INE0FLR01028,
IZMO,BE,242.0,257.0,233.45,244.75,245.0,245.7,180319,44346326.3,13-JUN-2023,1606,INE848A01014,
J&KBANK,EQ,56.6,57.0,56.05,56.3,56.25,56.4,1456308,82347909.35,13-JUN-2023,3700,INE168A01041,
JAGRAN,EQ,73.0,74.65,72.7,74.4,74.45,73.0,113703,8387377.15,13-JUN-2023,1170,INE199G01027,
JAGSNPHARM,EQ,370.05,381.05,369.0,370.4,370.4,369.0,20608,7717804.35,13-JUN-2023,2163,INE048B01027,
JAIBALAJI,BE,76.4,79.0,75.5,76.0,76.7,75.8,127920,9835651.15,13-JUN-2023,454,INE091G01018,
JAICORPLTD,EQ,169.55,172.3,169.05,169.7,169.4,168.7,1195461,203508589.1,13-JUN-2023,9548,INE070D01027,
JAIPURKURT,EQ,91.5,91.5,87.1,88.05,88.0,88.65,39769,3555462.75,13-JUN-2023,643,INE696V01013,
JAMNAAUTO,EQ,98.5,99.35,97.85,97.95,98.05,98.35,821762,80732741.7,13-JUN-2023,7649,INE039C01032,
JASH,EQ,1124.0,1150.0,1103.6,1130.25,1130.0,1115.65,6240,7074169.9,13-JUN-2023,718,INE039O01011,
JAYAGROGN,EQ,197.55,204.3,195.0,203.2,202.9,198.5,57548,11497646.5,13-JUN-2023,1461,INE785A01026,
JAYBARMARU,EQ,230.0,232.25,214.4,216.15,216.2,228.2,978251,218481194.95,13-JUN-2023,21890,INE571B01028,
JAYNECOIND,EQ,22.9,23.0,22.5,22.65,22.55,22.7,75933,1726444.1,13-JUN-2023,362,INE854B01010,
JAYSREETEA,EQ,90.9,91.55,89.1,89.55,90.3,90.85,38629,3479544.85,13-JUN-2023,457,INE364A01020,
JBCHEPHARM,EQ,2150.8,2160.05,2135.0,2154.9,2160.0,2140.05,34037,73287294.25,13-JUN-2023,10930,INE572A01028,
JBMA,EQ,927.0,992.0,923.25,983.2,982.3,921.9,2079737,2031542538.2,13-JUN-2023,64046,INE927D01044,
JCHAC,EQ,1050.0,1059.0,1040.0,1041.9,1040.4,1048.8,54029,56415222.95,13-JUN-2023,5438,INE782A01015,
JETFREIGHT,EQ,11.6,11.8,11.6,11.7,11.7,11.55,83099,972891.8,13-JUN-2023,426,INE982V01025,
JHS,EQ,17.85,19.2,17.6,18.45,18.45,17.6,967369,18020067.15,13-JUN-2023,2041,INE544H01014,
JINDALPHOT,EQ,378.8,383.0,371.0,374.55,374.0,375.25,18363,6930743.15,13-JUN-2023,1722,INE796G01012,
JINDALPOLY,EQ,690.0,693.8,681.2,685.9,686.0,686.25,76039,52327832.4,13-JUN-2023,6096,INE197D01010,
JINDALSAW,EQ,237.0,246.0,235.05,244.2,245.2,237.5,1390291,335376577.7,13-JUN-2023,14356,INE324A01024,
JINDALSTEL,EQ,528.0,536.95,526.0,533.1,532.65,525.8,2492673,1326160240.55,13-JUN-2023,35904,INE749A01030,
JINDRILL,EQ,367.95,372.75,354.05,366.6,364.1,367.85,385801,140564913.45,13-JUN-2023,12030,INE742C01031,
JINDWORLD,EQ,336.0,347.95,335.6,338.4,337.5,340.0,45402,15464654.75,13-JUN-2023,2246,INE247D01039,
JISLDVREQS,EQ,21.0,21.3,20.65,21.0,20.85,20.7,25409,534360.3,13-JUN-2023,315,IN9175A01010,
JISLJALEQS,EQ,39.3,40.2,39.05,39.3,39.4,39.3,4094151,162194262.2,13-JUN-2023,6207,INE175A01038,
JITFINFRA,BE,316.45,316.45,316.45,316.45,316.45,301.4,10733,3396457.85,13-JUN-2023,97,INE863T01013,
JKCEMENT,EQ,3290.0,3300.0,3267.25,3293.25,3286.0,3261.95,112186,368779369.45,13-JUN-2023,11109,INE823G01014,
JKIL,EQ,295.8,297.0,292.35,295.8,296.0,294.7,148106,43625222.05,13-JUN-2023,4297,INE576I01022,
JKLAKSHMI,EQ,730.05,738.8,724.0,736.4,736.05,729.25,196703,143858720.3,13-JUN-2023,5527,INE786A01032,
JKPAPER,EQ,323.6,329.3,322.05,326.9,327.7,321.7,510327,166624004.25,13-JUN-2023,12278,INE789E01012,
JKTYRE,EQ,190.95,192.6,188.6,190.85,190.55,189.7,1988996,379362463.55,13-JUN-2023,17276,INE573A01042,
JMA,EQ,68.8,70.0,67.5,68.05,68.05,68.55,23258,1595301.7,13-JUN-2023,251,INE412C01023,
JMFINANCIL,EQ,72.9,73.9,72.6,72.9,72.6,72.85,1165016,85120572.75,13-JUN-2023,4492,INE780C01023,
JOCIL,EQ,197.0,201.15,192.25,197.3,197.0,195.5,35588,7042195.4,13-JUN-2023,1179,INE839G01010,
JPASSOCIAT,EQ,8.65,8.85,8.5,8.55,8.55,8.65,12657824,109455200.2,13-JUN-2023,6084,INE455F01025,
JPOLYINVST,EQ,668.9,668.9,635.3,639.4,645.85,655.85,22752,14732551.6,13-JUN-2023,2837,INE147P01019,
JPPOWER,EQ,6.45,6.8,6.35,6.6,6.6,6.4,123313637,815656400.05,13-JUN-2023,22537,INE351F01018,
JSL,EQ,319.3,332.0,312.5,326.9,325.0,318.35,952669,308050391.35,13-JUN-2023,22572,INE220G01021,
JSWENERGY,EQ,258.0,265.1,257.65,261.05,261.4,257.2,1902429,498505996.8,13-JUN-2023,24309,INE121E01018,
JSWHL,EQ,4398.95,4460.0,4312.05,4365.95,4393.0,4358.05,1957,8603321.0,13-JUN-2023,535,INE824G01012,
JSWISPL,EQ,33.3,34.15,33.3,33.85,33.9,33.5,1271239,43089152.4,13-JUN-2023,2574,INE743C01021,
JSWSTEEL,EQ,755.0,762.6,751.15,756.65,756.65,747.3,3419413,2589881575.4,13-JUN-2023,50159,INE019A01038,
JTEKTINDIA,EQ,139.0,139.65,136.4,137.85,139.0,138.0,420746,58003128.7,13-JUN-2023,3430,INE643A01035,
JTLIND,EQ,338.45,341.9,330.2,333.6,332.5,337.95,221071,74346744.6,13-JUN-2023,5735,INE391J01024,
JUBLFOOD,EQ,483.15,487.75,482.1,485.0,485.25,483.15,2153441,1043851745.55,13-JUN-2023,31780,INE797F01020,
JUBLINDS,EQ,480.0,484.3,476.05,480.65,481.75,475.3,12421,5972121.25,13-JUN-2023,964,INE645L01011,
JUBLINGREA,EQ,426.5,431.0,423.4,429.2,429.55,426.05,268495,114601624.55,13-JUN-2023,5961,INE0BY001018,
JUBLPHARMA,EQ,362.9,370.0,361.0,367.9,368.1,361.65,170361,62349249.35,13-JUN-2023,6271,INE700A01033,
JUNIORBEES,EQ,467.25,467.25,453.62,457.59,457.77,453.62,84387,38543007.51,13-JUN-2023,4436,INF732E01045,
JUSTDIAL,EQ,771.7,774.15,760.5,767.75,766.0,768.55,269471,206648681.2,13-JUN-2023,9094,INE599M01018,
JWL,EQ,135.2,136.55,134.0,135.15,135.0,134.5,621814,84155103.65,13-JUN-2023,6224,INE209L01016,
JYOTHYLAB,EQ,208.5,212.4,207.5,208.15,207.8,208.5,1295683,270347854.4,13-JUN-2023,22041,INE668F01031,
JYOTISTRUC,BE,8.35,8.65,8.35,8.35,8.35,8.75,4282379,35868054.05,13-JUN-2023,731,INE197A01024,
KABRAEXTRU,EQ,459.7,459.9,450.0,451.95,452.8,452.4,50497,22896202.0,13-JUN-2023,3562,INE900B01029,
KAJARIACER,EQ,1260.0,1266.9,1254.0,1256.65,1258.95,1261.4,150215,188923490.05,13-JUN-2023,16960,INE217B01036,
KAKATCEM,EQ,209.1,211.0,208.1,209.0,208.85,209.35,5415,1133247.2,13-JUN-2023,275,INE437B01014,
KALYANIFRG,BE,242.7,249.25,235.0,241.8,243.95,242.65,585,142054.55,13-JUN-2023,30,INE314G01014,
KALYANKJIL,EQ,109.9,115.45,109.45,114.8,114.6,109.35,4961518,560870629.4,13-JUN-2023,24943,INE303R01014,
KAMATHOTEL,BE,216.0,224.75,214.0,221.75,219.9,216.0,50246,11192080.75,13-JUN-2023,1546,INE967C01018,
KAMDHENU,EQ,321.25,323.55,314.55,318.8,316.9,319.5,365996,117121148.45,13-JUN-2023,11326,INE390H01012,
KAMOPAINTS,EQ,217.7,220.35,214.35,215.2,215.1,217.0,151084,32781971.5,13-JUN-2023,7420,INE0BTI01029,
KANANIIND,BE,8.1,8.2,7.9,8.05,8.1,8.1,41665,335165.55,13-JUN-2023,210,INE879E01037,
KANORICHEM,EQ,116.35,120.0,112.1,116.05,120.0,116.25,24697,2836276.35,13-JUN-2023,485,INE138C01024,
KANPRPLA,EQ,96.0,96.35,95.3,95.6,95.9,95.95,5532,529518.5,13-JUN-2023,136,INE694E01014,
KANSAINER,EQ,434.8,442.7,434.1,441.55,441.9,431.2,283254,124644823.15,13-JUN-2023,14644,INE531A01024,
KAPSTON,EQ,151.95,152.8,146.5,148.35,149.1,149.6,6786,1014501.7,13-JUN-2023,293,INE542Z01010,
KARMAENG,EQ,42.2,44.4,42.0,44.4,44.4,40.4,68461,2992390.9,13-JUN-2023,456,INE725L01011,
KARURVYSYA,EQ,112.9,114.55,111.9,113.85,113.85,112.5,4744793,540248513.1,13-JUN-2023,19030,INE036D01028,
KAUSHALYA,BE,5.4,5.55,5.4,5.4,5.4,5.65,44954,243351.7,13-JUN-2023,139,INE234I01010,
KAVVERITEL,EQ,8.05,8.05,7.35,7.6,7.7,7.7,272966,2137957.1,13-JUN-2023,586,INE641C01019,
KAYA,EQ,340.25,348.9,337.5,339.8,338.5,340.25,14491,4962643.25,13-JUN-2023,1159,INE587G01015,
KAYNES,EQ,1535.0,1619.0,1445.05,1600.5,1615.0,1529.55,276382,433267275.8,13-JUN-2023,15877,INE918Z01012,
KBCGLOBAL,EQ,3.55,3.6,3.45,3.5,3.5,3.6,9914208,34860763.1,13-JUN-2023,1723,INE278R01034,
KCP,EQ,107.45,108.0,105.4,106.1,106.05,106.45,263093,28086039.55,13-JUN-2023,3772,INE805C01028,
KCPSUGIND,EQ,25.45,25.55,25.0,25.15,25.2,25.35,349297,8820812.85,13-JUN-2023,1224,INE790B01024,
KDDL,EQ,1365.8,1485.0,1358.75,1440.65,1442.0,1363.3,112495,161676436.8,13-JUN-2023,14140,INE291D01011,
KEC,EQ,569.0,572.5,548.1,552.1,552.4,563.3,833873,466235813.75,13-JUN-2023,30514,INE389H01022,
KECL,BE,110.75,114.5,110.0,113.05,113.0,109.5,273530,30902276.85,13-JUN-2023,2457,INE134B01017,
KEEPLEARN,BE,3.35,3.6,3.35,3.4,3.4,3.5,21107,71183.1,13-JUN-2023,51,INE055C01020,
KEI,EQ,2085.0,2114.0,2048.3,2104.55,2107.0,2069.95,137294,285786092.75,13-JUN-2023,11123,INE878B01027,
KELLTONTEC,EQ,61.0,63.3,60.95,62.05,62.3,61.1,674097,41931283.95,13-JUN-2023,5131,INE164B01022,
KENNAMET,EQ,2545.15,2550.0,2522.55,2528.6,2536.75,2507.55,4308,10909977.25,13-JUN-2023,955,INE717A01029,
KERNEX,BE,346.0,346.9,324.1,328.7,326.05,341.15,78646,25966544.8,13-JUN-2023,820,INE202H01019,
KESORAMIND,EQ,61.8,62.25,61.2,61.35,61.35,61.5,494498,30497859.85,13-JUN-2023,2188,INE087A01019,
KEYFINSERV,EQ,95.45,95.7,93.2,93.65,93.5,93.75,2177,204510.55,13-JUN-2023,104,INE681C01015,
KFINTECH,EQ,343.5,361.8,342.0,355.85,356.5,342.45,687460,243947929.4,13-JUN-2023,22141,INE138Y01010,
KHADIM,EQ,227.95,245.9,225.55,240.15,239.9,224.55,458294,109683636.8,13-JUN-2023,11910,INE834I01025,
KHAICHEM,EQ,68.4,69.95,68.4,69.5,69.7,68.4,111770,7748494.75,13-JUN-2023,1439,INE745B01028,
KHAITANLTD,EQ,52.0,52.0,50.55,51.0,51.0,50.45,2187,112006.7,13-JUN-2023,75,INE731C01018,
KHANDSE,BE,33.3,33.5,31.0,33.35,33.45,31.95,92622,3072332.4,13-JUN-2023,101,INE060B01014,
KICL,EQ,1857.55,1920.0,1849.1,1879.9,1893.1,1835.85,3498,6601193.15,13-JUN-2023,483,INE029L01018,
KILITCH,BE,203.05,207.8,201.45,206.0,202.5,201.05,4579,936597.6,13-JUN-2023,91,INE729D01010,
KIMS,EQ,1611.9,1625.0,1595.75,1613.05,1610.0,1610.1,28401,45737226.3,13-JUN-2023,3660,INE967H01017,
KINGFA,EQ,1902.9,1977.95,1902.9,1964.75,1970.0,1884.05,17625,34352784.75,13-JUN-2023,4648,INE473D01015,
KIOCL,EQ,191.95,193.45,189.95,192.0,191.75,191.15,26198,5026917.1,13-JUN-2023,969,INE880L01014,
KIRIINDUS,EQ,292.0,296.25,290.1,291.4,291.4,291.75,89193,26083510.5,13-JUN-2023,2667,INE415I01015,
KIRLFER,EQ,449.3,491.65,448.1,488.45,491.5,447.25,1080259,517258860.55,13-JUN-2023,33924,INE884B01025,
KIRLOSBROS,EQ,589.1,598.95,580.6,582.85,584.7,589.1,104415,61428908.6,13-JUN-2023,7149,INE732A01036,
KIRLOSENG,EQ,421.7,426.95,416.05,421.25,422.0,419.6,85489,36037982.85,13-JUN-2023,7575,INE146L01010,
KIRLOSIND,EQ,2660.0,2688.65,2645.0,2654.1,2678.0,2653.0,8537,22740323.8,13-JUN-2023,1149,INE250A01039,
KIRLPNU,EQ,647.9,660.9,641.1,657.45,658.0,644.8,147586,96795234.4,13-JUN-2023,6928,INE811A01020,
KITEX,EQ,166.0,169.8,166.0,168.1,169.0,165.95,91249,15360676.85,13-JUN-2023,2219,INE602G01020,
KKCL,EQ,503.45,507.9,497.0,504.15,506.1,498.45,58297,29339244.85,13-JUN-2023,4759,INE401H01017,
KMSUGAR,EQ,27.0,27.3,26.6,26.85,26.9,26.95,169271,4544461.7,13-JUN-2023,838,INE157H01023,
KNRCON,EQ,239.1,242.0,237.1,241.5,241.75,238.45,307747,73841185.9,13-JUN-2023,7833,INE634I01029,
KOHINOOR,BE,39.5,39.5,38.0,38.7,38.8,39.1,63650,2454118.75,13-JUN-2023,472,INE080B01012,
KOKUYOCMLN,EQ,120.0,120.8,113.25,116.1,116.05,119.5,308105,36175137.3,13-JUN-2023,4621,INE760A01029,
KOLTEPATIL,EQ,335.6,341.25,331.2,335.45,336.55,335.25,329224,110900248.45,13-JUN-2023,8656,INE094I01018,
KOPRAN,EQ,178.8,182.7,177.95,181.4,181.0,177.5,174612,31545794.35,13-JUN-2023,3546,INE082A01010,
KOTAKALPHA,EQ,29.2,29.48,29.2,29.32,29.37,29.11,110378,3235908.81,13-JUN-2023,454,INF174KA1IA5,
KOTAKBANK,EQ,1875.35,1883.0,1852.0,1855.95,1856.35,1879.45,9561827,17796098934.9,13-JUN-2023,278102,INE237A01028,
KOTAKBKETF,EQ,447.55,451.99,440.24,448.54,448.42,447.55,47868,21461994.02,13-JUN-2023,218,INF174K01F59,
KOTAKCONS,EQ,81.08,81.8,81.08,81.79,81.79,81.14,534,43673.87,13-JUN-2023,13,INF174KA1JE5,
KOTAKGOLD,EQ,50.73,51.28,50.73,51.18,51.22,51.28,198414,10137605.23,13-JUN-2023,1409,INF174KA1HJ8,
KOTAKIT,EQ,30.04,30.14,29.99,30.04,30.05,29.95,63176,1901399.69,13-JUN-2023,278,INF174KA1GC5,
KOTAKLIQ,EQ,999.5,999.5,999.5,999.5,999.5,999.99,1,999.5,13-JUN-2023,1,INF174KA1LV5,
KOTAKLOVOL,EQ,14.64,14.93,14.05,14.48,14.48,14.64,58623,849131.25,13-JUN-2023,109,INF174KA1IY5,
KOTAKMID50,EQ,97.34,98.9,96.19,98.69,98.9,97.34,11190,1102353.93,13-JUN-2023,90,INF174KA1IB3,
KOTAKMNC,EQ,21.49,21.59,21.32,21.56,21.56,21.49,9626,207291.71,13-JUN-2023,48,INF174KA1JF2,
KOTAKNIFTY,EQ,199.32,200.1,199.32,200.02,199.9,198.81,33539,6703770.05,13-JUN-2023,294,INF174K014P6,
KOTAKNV20,EQ,107.01,108.79,107.01,108.09,108.31,107.88,5720,618211.98,13-JUN-2023,228,INF174K01Z71,
KOTAKPSUBK,EQ,402.81,406.38,402.1,404.54,405.47,402.81,12316,4974262.45,13-JUN-2023,201,INF373I01023,
KOTAKSILVE,EQ,72.94,72.95,72.6,72.91,72.93,72.96,16697,1217402.54,13-JUN-2023,34,INF174KA1KU9,
KOTARISUG,EQ,40.7,41.05,38.9,39.55,39.65,40.6,188052,7510713.1,13-JUN-2023,1351,INE419A01022,
KOTHARIPET,EQ,66.1,68.85,66.0,67.75,68.0,66.1,122230,8270092.6,13-JUN-2023,1039,INE720A01015,
KOTHARIPRO,EQ,104.0,107.55,103.55,103.95,104.0,104.8,12763,1334340.55,13-JUN-2023,398,INE823A01017,
KOVAI,EQ,2233.0,2233.0,2174.05,2188.45,2193.0,2233.9,3266,7180466.2,13-JUN-2023,853,INE177F01017,
KPIGREEN,EQ,680.0,683.65,641.0,646.45,645.0,671.6,1440553,953526915.55,13-JUN-2023,60790,INE542W01017,
KPIL,EQ,534.75,538.5,530.2,534.55,534.7,534.75,186118,99413240.25,13-JUN-2023,8596,INE220B01022,
KPITTECH,EQ,1146.9,1146.9,1050.1,1092.75,1099.0,1142.25,1666475,1844566810.75,13-JUN-2023,86273,INE04I401011,
KPRMILL,EQ,644.0,646.9,633.05,638.2,638.0,637.35,405613,259351694.45,13-JUN-2023,11528,INE930H01031,
KRBL,EQ,347.0,351.85,345.0,348.05,348.8,344.15,434068,151112367.45,13-JUN-2023,13293,INE001B01026,
KREBSBIO,EQ,79.95,80.05,72.0,72.6,72.5,76.15,66281,5065961.25,13-JUN-2023,1076,INE268B01013,
KRIDHANINF,BE,2.4,2.5,2.35,2.45,2.45,2.45,68203,163319.8,13-JUN-2023,84,INE524L01026,
KRISHANA,EQ,452.9,455.4,447.5,448.1,447.95,451.3,45742,20536307.9,13-JUN-2023,1252,INE506W01012,
KRITI,EQ,101.85,103.35,97.65,99.6,100.55,101.6,109963,11052980.95,13-JUN-2023,1815,INE479D01038,
KRITIKA,BE,18.2,18.85,18.05,18.35,18.5,18.85,221931,4054836.25,13-JUN-2023,867,INE00Z501029,
KRITINUT,EQ,46.5,48.4,46.5,48.0,48.15,47.05,80773,3879534.2,13-JUN-2023,706,INE798K01010,
KRSNAA,EQ,593.6,597.95,573.3,588.45,589.3,587.7,107543,62911257.3,13-JUN-2023,9264,INE08LI01020,
KSB,EQ,2107.8,2136.5,2104.2,2125.6,2135.0,2104.8,12478,26418377.55,13-JUN-2023,4909,INE999A01015,
KSCL,EQ,516.35,519.4,505.0,516.4,518.95,513.75,62854,32207921.9,13-JUN-2023,8887,INE455I01029,
KSHITIJPOL,BE,10.05,10.3,9.55,9.55,9.55,10.05,789762,7653541.2,13-JUN-2023,1845,INE013801027,
KSL,EQ,353.0,358.95,349.6,351.9,352.1,351.0,76175,27027986.4,13-JUN-2023,3147,INE907A01026,
KSOLVES,EQ,904.85,985.0,891.0,949.5,950.0,898.05,137219,128377664.0,13-JUN-2023,13689,INE0D6I01015,
KTKBANK,EQ,146.5,149.65,146.4,147.3,147.4,146.3,1020207,151059922.1,13-JUN-2023,7844,INE614B01018,
KUANTUM,EQ,166.8,170.65,163.35,164.55,165.0,165.6,103409,17242462.7,13-JUN-2023,2370,INE529I01021,
L&TFH,EQ,107.95,110.4,107.6,109.9,110.0,107.45,12266306,1342583157.25,13-JUN-2023,49413,INE498L01015,
LAGNAM,EQ,48.0,50.0,47.15,49.8,50.0,47.25,136890,6718168.1,13-JUN-2023,715,INE548Z01017,
LAL,BE,198.8,204.75,192.95,204.75,204.75,195.0,3679,734782.0,13-JUN-2023,57,INE740X01015,
LALPATHLAB,EQ,1962.0,2009.85,1962.0,1987.65,1990.0,1959.6,161521,321842427.5,13-JUN-2023,18465,INE600L01024,
LAMBODHARA,BE,160.3,160.3,152.2,155.3,156.0,160.2,54199,8349273.9,13-JUN-2023,1244,INE112F01022,
LANDMARK,EQ,676.2,718.9,671.25,701.6,705.0,670.45,169806,118994291.6,13-JUN-2023,11574,INE559R01029,
LAOPALA,EQ,416.35,417.95,411.9,414.9,415.4,414.45,90657,37625585.2,13-JUN-2023,4328,INE059D01020,
LASA,EQ,23.55,23.7,22.0,22.35,22.55,23.0,140344,3169412.85,13-JUN-2023,729,INE670X01014,
LATENTVIEW,EQ,335.95,337.0,333.25,334.3,334.4,335.15,295101,98934074.5,13-JUN-2023,16614,INE0I7C01011,
LATTEYS,BE,40.6,41.8,38.6,41.4,41.2,40.6,41416,1636214.85,13-JUN-2023,127,INE262Z01023,
LAURUSLABS,EQ,344.0,361.4,343.15,360.1,361.0,343.4,4742560,1689662596.5,13-JUN-2023,52161,INE947Q01028,
LAXMICOT,EQ,21.3,22.8,20.75,21.55,21.65,20.8,78787,1735054.25,13-JUN-2023,444,INE801V01019,
LAXMIMACH,EQ,12323.0,12483.8,12208.15,12267.65,12250.0,12313.1,7455,92250588.55,13-JUN-2023,2293,INE269B01029,
LCCINFOTEC,EQ,2.45,2.45,2.45,2.45,2.45,2.35,133755,327699.75,13-JUN-2023,59,INE938A01021,
LEMONTREE,EQ,92.95,93.65,92.55,93.05,93.2,92.7,2512860,233929265.95,13-JUN-2023,16819,INE970X01018,
LEXUS,EQ,60.05,60.05,56.35,57.55,57.9,60.35,47845,2769748.5,13-JUN-2023,533,INE500X01013,
LFIC,EQ,145.3,145.3,138.0,141.65,142.35,147.6,5614,798465.65,13-JUN-2023,207,INE850E01012,
LGBBROSLTD,EQ,811.3,814.9,799.6,811.05,811.0,807.3,32214,26037427.4,13-JUN-2023,2231,INE337A01034,
LGBFORGE,EQ,9.1,10.1,9.1,10.1,10.1,9.2,635654,6208505.5,13-JUN-2023,475,INE201J01017,
LIBAS,EQ,12.65,13.2,12.6,13.0,13.0,12.65,176112,2294525.2,13-JUN-2023,372,INE908V01012,
LIBERTSHOE,EQ,221.1,254.0,221.1,246.85,246.2,220.9,1575315,385191684.55,13-JUN-2023,31452,INE557B01019,
LICHSGFIN,EQ,372.0,376.75,370.95,373.45,373.1,370.3,1841448,687158669.35,13-JUN-2023,40999,INE115A01026,
LICI,EQ,597.7,600.75,597.7,598.9,598.65,597.05,400863,240350918.6,13-JUN-2023,14344,INE0J1Y01017,
LICNETFGSC,EQ,23.79,23.8,23.61,23.75,23.8,23.79,8520,202472.55,13-JUN-2023,64,INF767K01MV5,
LICNETFN50,EQ,202.19,202.96,201.66,201.81,202.93,202.17,113,22877.66,13-JUN-2023,27,INF767K01OS7,
LICNETFSEN,EQ,684.0,688.0,684.0,686.53,686.53,683.59,57,39132.34,13-JUN-2023,11,INF767K01OT5,
LICNFNHGP,EQ,202.54,202.54,198.54,198.9,198.9,197.6,192,38336.2,13-JUN-2023,26,INF767K01PC8,
LIKHITHA,EQ,269.35,270.9,265.1,267.85,268.05,268.15,148535,39851310.2,13-JUN-2023,4746,INE060901027,
LINC,EQ,785.0,785.0,755.05,773.6,775.0,777.2,14888,11438954.95,13-JUN-2023,1675,INE802B01019,
LINCOLN,EQ,387.1,388.95,384.05,385.5,385.1,387.1,81505,31527281.45,13-JUN-2023,2068,INE405C01035,
LINDEINDIA,EQ,4230.95,4439.0,4210.05,4398.35,4424.95,4196.25,240322,1045560057.0,13-JUN-2023,27625,INE473A01011,
LIQUIDBEES,EQ,1000.01,1002.0,999.99,1000.0,1000.01,1000.0,1317394,1317391729.04,13-JUN-2023,6887,INF732E01037,
LIQUIDETF,EQ,1000.0,1000.01,999.99,1000.0,1000.0,999.99,242293,242292910.43,13-JUN-2023,127,INF740KA1EU7,
LODHA,EQ,614.0,692.9,605.65,679.6,678.05,613.75,3350853,2195076814.55,13-JUN-2023,98240,INE670K01029,
LOKESHMACH,EQ,150.2,156.9,150.15,154.1,154.0,149.05,174729,26932970.5,13-JUN-2023,3091,INE397H01017,
LOTUSEYE,EQ,85.05,85.45,81.55,82.7,82.5,83.35,35538,2963978.6,13-JUN-2023,608,INE947I01017,
LOVABLE,EQ,109.05,115.0,109.05,111.7,111.85,109.1,53964,6045057.1,13-JUN-2023,1587,INE597L01014,
LOYALTEX,EQ,680.25,706.0,675.1,684.25,691.35,681.55,344,237451.95,13-JUN-2023,121,INE970D01010,
LPDC,EQ,5.85,6.0,5.75,5.85,5.75,5.8,49645,290224.8,13-JUN-2023,244,INE197J01017,
LSIL,EQ,26.9,26.95,25.55,25.7,25.7,26.75,6380266,165910498.8,13-JUN-2023,9520,INE093R01011,
LT,EQ,2345.85,2357.9,2327.1,2354.4,2352.0,2339.95,1688768,3965656922.25,13-JUN-2023,111296,INE018A01030,
LTGILTBEES,EQ,24.21,24.27,24.19,24.25,24.27,24.21,171632,4158311.7,13-JUN-2023,159,INF204KB1882,
LTIM,EQ,4930.1,4966.85,4902.0,4944.95,4945.0,4899.35,263147,1301405681.0,13-JUN-2023,27336,INE214T01019,
LTTS,EQ,3918.0,3959.0,3903.0,3953.8,3958.0,3890.3,217285,855687475.35,13-JUN-2023,16036,INE010V01017,
LUMAXIND,EQ,2142.35,2163.55,2098.0,2103.7,2100.0,2110.7,10657,22650791.1,13-JUN-2023,2527,INE162B01018,
LUMAXTECH,EQ,363.05,367.9,356.6,359.55,359.0,363.25,206440,74544799.15,13-JUN-2023,7076,INE872H01027,
LUPIN,EQ,819.5,821.9,815.5,817.45,817.7,818.9,594446,486620740.7,13-JUN-2023,13643,INE326A01037,
LUXIND,EQ,1493.2,1499.9,1476.75,1482.55,1486.0,1480.45,26448,39277407.5,13-JUN-2023,3300,INE150G01020,
LXCHEM,EQ,267.9,269.7,265.7,266.3,266.1,266.55,437034,116770822.25,13-JUN-2023,10505,INE576O01020,
LYKALABS,EQ,104.45,106.15,101.3,102.0,102.4,104.1,159939,16461643.65,13-JUN-2023,2784,INE933A01014,
LYPSAGEMS,EQ,4.4,4.4,4.25,4.3,4.4,4.25,11056,47638.6,13-JUN-2023,73,INE142K01011,
M&M,EQ,1383.15,1388.5,1368.2,1373.15,1374.2,1381.4,2516583,3458194422.9,13-JUN-2023,88930,INE101A01026,
M&MFIN,EQ,293.0,298.0,292.2,297.2,297.5,290.1,3575730,1058974816.85,13-JUN-2023,36267,INE774D01024,
MAANALU,BE,354.1,354.1,353.95,354.05,354.1,337.25,159455,56461870.15,13-JUN-2023,2184,INE215I01019,
MACPOWER,EQ,323.55,331.4,322.0,324.1,325.0,320.35,68991,22560229.35,13-JUN-2023,3065,INE155Z01011,
MADHAV,EQ,43.75,43.75,42.35,43.2,43.3,42.95,6890,297954.1,13-JUN-2023,160,INE925C01016,
MADHUCON,EQ,5.9,5.9,5.9,5.9,5.9,5.4,43925,259157.5,13-JUN-2023,63,INE378D01032,
MADRASFERT,EQ,71.75,75.6,71.75,74.4,74.3,71.75,1479642,110129023.25,13-JUN-2023,8476,INE414A01015,
MAESGETF,EQ,30.26,30.45,30.26,30.34,30.36,30.15,108446,3290262.26,13-JUN-2023,88,INF769K01GS9,
MAFANG,EQ,61.77,62.78,61.77,62.33,62.5,61.38,639665,39906892.12,13-JUN-2023,3440,INF769K01HF4,
MAFSETF,EQ,20.25,20.25,19.65,19.72,19.74,19.66,69811,1375750.29,13-JUN-2023,735,INF769K01HI8,
MAGADSUGAR,EQ,391.0,396.75,380.85,385.1,390.0,389.15,43787,17153815.85,13-JUN-2023,2119,INE347W01011,
MAGNUM,BE,38.7,38.8,37.4,38.25,38.6,38.95,62954,2394040.8,13-JUN-2023,285,INE387I01016,
MAGOLDETF,EQ,59.8,62.2,59.55,60.25,62.2,59.55,362,21673.85,13-JUN-2023,50,INF769K01JP9,
MAGS813ETF,EQ,24.65,24.65,24.3,24.47,24.65,24.65,531,12974.7,13-JUN-2023,6,INF769K01KF8,
MAHABANK,EQ,28.65,28.75,28.4,28.5,28.55,28.55,9984986,285296157.15,13-JUN-2023,17556,INE457A01014,
MAHAPEXLTD,EQ,110.0,118.8,107.15,115.1,118.8,106.75,53497,6109484.65,13-JUN-2023,753,INE843B01013,
MAHASTEEL,EQ,72.85,73.0,71.0,72.1,72.0,72.1,38760,2800676.05,13-JUN-2023,602,INE451L01014,
MAHEPC,EQ,104.6,106.35,102.25,103.45,103.15,103.05,32453,3394815.55,13-JUN-2023,989,INE215D01010,
MAHESHWARI,EQ,80.45,80.45,79.0,79.2,79.2,79.3,95815,7626563.35,13-JUN-2023,304,INE263W01010,
MAHINDCIE,EQ,503.8,507.0,498.0,499.4,498.15,501.2,648031,324440086.7,13-JUN-2023,17104,INE536H01010,
MAHKTECH,EQ,13.91,14.06,13.84,14.04,14.04,13.83,614804,8615286.18,13-JUN-2023,983,INF769K01HS7,
MAHLIFE,EQ,471.0,476.2,466.8,468.6,469.85,469.2,173184,81838489.35,13-JUN-2023,8700,INE813A01018,
MAHLOG,EQ,360.95,364.8,359.6,360.7,362.8,360.05,133078,47979358.5,13-JUN-2023,4967,INE766P01016,
MAHSCOOTER,EQ,5384.15,5448.95,5330.0,5365.75,5367.0,5384.15,2978,16068054.25,13-JUN-2023,875,INE288A01013,
MAHSEAMLES,EQ,484.85,485.9,471.4,475.35,474.25,480.75,347334,166754659.65,13-JUN-2023,15932,INE271B01025,
MAITHANALL,EQ,990.0,990.0,975.0,976.8,975.0,981.0,38054,37332776.75,13-JUN-2023,3217,INE683C01011,
MALLCOM,EQ,946.3,962.0,936.1,940.3,940.0,943.85,2340,2212464.75,13-JUN-2023,492,INE389C01015,
MALUPAPER,EQ,33.8,34.2,33.3,33.55,33.6,33.8,29146,986687.9,13-JUN-2023,225,INE383H01017,
MAM150ETF,EQ,13.09,13.12,12.97,13.1,13.12,12.95,735208,9631633.13,13-JUN-2023,543,INF769K01IC9,
MAMFGETF,EQ,90.05,90.71,90.05,90.44,90.53,89.89,41482,3752423.57,13-JUN-2023,132,INF769K01IB1,
MAN50ETF,EQ,195.95,196.57,195.44,196.2,196.15,195.42,7462,1463293.48,13-JUN-2023,147,INF769K01EG9,
MANAKALUCO,EQ,22.95,23.9,22.9,23.6,23.5,22.8,196369,4617256.85,13-JUN-2023,1783,INE859Q01017,
MANAKCOAT,EQ,18.4,18.95,18.25,18.45,18.35,18.5,268045,4963940.35,13-JUN-2023,519,INE830Q01018,
MANAKSIA,EQ,181.55,184.65,178.5,179.7,179.0,180.8,310493,56127890.55,13-JUN-2023,5715,INE015D01022,
MANAKSTEEL,EQ,39.5,40.4,39.25,39.8,39.5,39.25,211975,8461717.45,13-JUN-2023,1001,INE824Q01011,
MANALIPETC,EQ,66.05,66.95,65.75,66.2,66.25,65.9,213743,14181254.9,13-JUN-2023,2913,INE201A01024,
MANAPPURAM,EQ,119.5,121.8,119.1,121.5,121.65,118.75,16326358,1968989467.95,13-JUN-2023,42503,INE522D01027,
MANGALAM,EQ,106.0,106.35,104.25,104.8,104.8,104.5,72504,7618981.35,13-JUN-2023,523,INE584F01014,
MANGCHEFER,EQ,94.45,95.55,93.0,94.0,94.1,94.75,133377,12546144.15,13-JUN-2023,1555,INE558B01017,
MANGLMCEM,EQ,320.3,325.15,318.05,319.45,320.95,320.3,64454,20747027.4,13-JUN-2023,2337,INE347A01017,
MANINDS,EQ,150.0,150.75,144.65,146.0,147.0,148.4,458631,67603310.65,13-JUN-2023,5485,INE993A01026,
MANINFRA,EQ,108.15,111.9,107.8,109.55,109.8,106.6,3536326,388811421.0,13-JUN-2023,16880,INE949H01023,
MANKIND,EQ,1535.0,1544.5,1502.15,1521.2,1527.0,1474.7,580211,879540854.95,13-JUN-2023,38925,INE634S01028,
MANOMAY,BE,133.95,133.95,130.05,130.05,130.05,133.1,138,18148.55,13-JUN-2023,3,INE784W01015,
MANORAMA,BE,1498.0,1548.85,1470.0,1537.35,1547.0,1489.8,7384,11159085.9,13-JUN-2023,284,INE00VM01010,
MANORG,EQ,417.2,422.95,417.2,419.35,421.4,413.0,4905,2059268.15,13-JUN-2023,442,INE370D01013,
MANUGRAPH,EQ,17.45,17.75,17.15,17.3,17.25,17.25,24631,428754.95,13-JUN-2023,301,INE867A01022,
MANV30F,EQ,141.82,141.82,141.79,141.79,141.79,140.13,234,33180.58,13-JUN-2023,5,INF769K01JU9,
MANXT50,EQ,433.67,437.94,433.67,437.5,437.94,433.55,2303,1005482.69,13-JUN-2023,52,INF769K01FN2,
MANYAVAR,EQ,1293.1,1306.0,1281.1,1302.1,1306.0,1293.1,60708,78767074.05,13-JUN-2023,6914,INE825V01034,
MAPMYINDIA,EQ,1184.0,1208.25,1180.05,1191.55,1193.0,1176.35,219273,261532426.0,13-JUN-2023,10311,INE0BV301023,
MARALOVER,EQ,61.4,61.4,57.2,58.0,58.1,59.95,31209,1845196.95,13-JUN-2023,1275,INE882A01013,
MARATHON,EQ,322.5,327.0,320.2,321.3,321.0,322.5,18144,5854981.85,13-JUN-2023,2120,INE182D01020,
MARICO,EQ,538.9,544.55,534.85,537.3,539.0,538.0,1231955,664627584.25,13-JUN-2023,47234,INE196A01026,
MARINE,EQ,51.0,52.45,50.8,50.95,51.25,50.8,347274,17909280.6,13-JUN-2023,2291,INE01JE01028,
MARKSANS,EQ,89.0,90.2,86.3,86.65,86.7,89.0,2164675,190691696.4,13-JUN-2023,10983,INE750C01026,
MARSHALL,BE,64.0,65.75,63.0,64.85,64.95,63.4,37696,2438481.3,13-JUN-2023,207,INE00SZ01018,
MARUTI,EQ,9588.0,9618.05,9505.65,9517.5,9515.7,9550.45,561014,5359061697.3,13-JUN-2023,41757,INE585B01010,
MASFIN,EQ,763.0,779.75,760.1,770.65,771.85,761.05,15468,11884446.05,13-JUN-2023,2339,INE348L01012,
MASKINVEST,BE,64.45,64.45,64.45,64.45,64.45,61.4,253,16305.85,13-JUN-2023,10,INE885F01015,
MASPTOP50,EQ,31.22,31.49,31.18,31.4,31.47,31.19,90419,2836998.31,13-JUN-2023,635,INF769K01HP3,
MASTEK,EQ,1989.7,2022.25,1985.0,2010.4,2007.0,1973.0,114227,229856097.8,13-JUN-2023,11965,INE759A01021,
MATRIMONY,EQ,656.0,656.0,637.45,649.5,650.95,649.6,16576,10758860.3,13-JUN-2023,1928,INE866R01028,
MAWANASUG,EQ,99.15,100.2,97.4,98.15,98.3,98.3,165692,16329951.8,13-JUN-2023,1974,INE636A01039,
MAXHEALTH,EQ,569.05,579.7,567.05,576.55,575.2,566.85,4835369,2780588384.15,13-JUN-2023,47098,INE027H01010,
MAXIND,EQ,119.0,119.0,115.3,116.75,116.5,119.0,378488,44197134.75,13-JUN-2023,5894,INE0CG601016,
MAXVIL,EQ,205.6,219.4,205.6,211.3,211.0,205.6,577456,123795806.7,13-JUN-2023,11635,INE154U01015,
MAYURUNIQ,EQ,480.0,508.8,480.0,503.65,505.1,478.8,320473,159517813.7,13-JUN-2023,13425,INE040D01038,
MAZDA,BE,899.9,899.9,865.5,874.95,884.0,868.35,10441,9172168.2,13-JUN-2023,560,INE885E01034,
MAZDOCK,EQ,1050.0,1062.05,1032.0,1037.95,1040.0,1045.5,2482322,2597458883.1,13-JUN-2023,63030,INE249Z01012,
MBAPL,EQ,619.9,634.85,610.0,629.85,633.95,617.45,17668,10945097.6,13-JUN-2023,835,INE900L01010,
MBLINFRA,BE,21.6,21.6,20.6,21.1,20.8,20.8,21148,442660.5,13-JUN-2023,120,INE912H01013,
MCDOWELL-N,EQ,880.95,896.1,880.9,893.5,892.35,880.75,568855,507123217.5,13-JUN-2023,27944,INE854D01024,
MCL,EQ,32.2,32.4,30.25,30.9,30.6,31.05,32993,1025715.9,13-JUN-2023,259,INE813V01022,
MCLEODRUSS,EQ,18.7,19.0,18.55,18.7,18.8,18.7,217335,4085838.6,13-JUN-2023,708,INE942G01012,
MCX,EQ,1568.2,1586.35,1558.55,1582.45,1577.5,1568.2,243590,383379109.55,13-JUN-2023,18672,INE745G01035,
MEDANTA,EQ,625.0,639.0,619.1,627.1,627.5,619.95,1377493,865118488.65,13-JUN-2023,40398,INE474Q01031,
MEDICAMEQ,EQ,667.6,676.45,662.7,668.1,668.9,662.55,3203,2145804.8,13-JUN-2023,658,INE646B01010,
MEDICO,EQ,83.8,84.0,81.55,82.9,83.0,83.6,42222,3494162.65,13-JUN-2023,608,INE630Y01024,
MEDPLUS,EQ,783.05,788.9,770.15,776.9,777.95,781.05,64455,50363202.65,13-JUN-2023,6201,INE804L01022,
MEGASOFT,EQ,30.55,30.9,29.85,30.25,30.2,30.3,133117,4039764.6,13-JUN-2023,698,INE933B01012,
MEGASTAR,EQ,321.85,327.0,311.3,317.9,320.95,313.3,28064,9021984.2,13-JUN-2023,2921,INE00EM01016,
MENONBE,EQ,139.65,145.8,137.0,141.75,141.95,137.75,447882,63712906.8,13-JUN-2023,9858,INE071D01033,
MEP,EQ,14.9,14.95,14.55,14.65,14.65,14.7,277960,4095234.6,13-JUN-2023,697,INE776I01010,
METROBRAND,EQ,961.45,974.95,953.6,966.25,965.0,958.8,81789,78971551.2,13-JUN-2023,8778,INE317I01021,
METROPOLIS,EQ,1282.0,1302.75,1278.75,1297.55,1298.95,1276.75,158905,205318743.65,13-JUN-2023,16337,INE112L01020,
MFL,EQ,1040.0,1057.85,1033.1,1037.0,1037.9,1029.2,38377,39981315.45,13-JUN-2023,3164,INE071N01016,
MFSL,EQ,685.1,690.45,677.3,679.2,679.9,684.0,468045,319166340.95,13-JUN-2023,15505,INE180A01020,
MGEL,BE,20.65,20.65,20.05,20.1,20.05,21.1,60384,1216092.1,13-JUN-2023,247,INE0APB01024,
MGL,EQ,1026.65,1034.3,1021.0,1027.8,1028.0,1020.8,222508,228524678.85,13-JUN-2023,11378,INE002S01010,
MHLXMIRU,EQ,240.4,242.0,238.0,239.7,240.0,238.05,12462,2996313.65,13-JUN-2023,914,INE112D01035,
MHRIL,EQ,296.4,298.45,289.3,291.8,291.7,295.0,147912,43464323.85,13-JUN-2023,5293,INE998I01010,
MICEL,BE,20.55,20.55,20.55,20.55,20.55,19.6,164730,3385201.5,13-JUN-2023,246,INE287C01037,
MID150BEES,EQ,135.65,135.65,131.71,133.3,133.4,131.71,315786,41965855.57,13-JUN-2023,2137,INF204KB1V68,
MIDHANI,EQ,248.5,255.65,246.1,249.05,250.25,247.35,1719276,431826538.2,13-JUN-2023,22446,INE099Z01011,
MINDACORP,EQ,277.8,286.0,274.4,284.85,285.25,276.2,2676468,747024399.6,13-JUN-2023,23578,INE842C01021,
MINDTECK,EQ,137.2,142.0,135.65,136.6,136.0,136.2,149682,20755057.3,13-JUN-2023,5042,INE110B01017,
MIRCELECTR,EQ,15.85,16.3,14.5,14.8,14.85,15.4,6541862,100358904.05,13-JUN-2023,8634,INE831A01028,
MIRZAINT,BE,52.5,53.0,51.5,52.85,52.9,51.8,244676,12786327.9,13-JUN-2023,1771,INE771A01026,
MITCON,EQ,71.55,71.55,68.25,68.75,69.0,69.25,22170,1530945.9,13-JUN-2023,202,INE828O01033,
MITTAL,BE,13.2,13.7,12.85,13.6,13.7,13.25,73726,986304.4,13-JUN-2023,82,INE997Y01019,
MKPL,EQ,689.95,689.95,627.0,631.7,627.0,660.0,563,366969.55,13-JUN-2023,66,INE964W01013,
MMFL,EQ,868.45,872.0,852.75,855.05,857.95,864.05,15715,13532124.8,13-JUN-2023,1932,INE227C01017,
MMP,BE,177.3,179.95,176.5,177.5,178.5,177.3,6735,1202332.35,13-JUN-2023,92,INE511Y01018,
MMTC,EQ,31.9,31.95,31.6,31.75,31.75,31.9,843827,26798228.8,13-JUN-2023,3614,INE123F01029,
MODIRUBBER,BE,63.5,64.9,62.0,62.9,64.0,63.1,705,44281.55,13-JUN-2023,17,INE832A01018,
MODISONLTD,EQ,73.45,74.4,72.55,72.8,72.8,73.45,32492,2377302.95,13-JUN-2023,397,INE737D01021,
MOGSEC,EQ,52.25,52.34,52.25,52.34,52.34,52.28,30606,1601251.38,13-JUN-2023,27,INF247L01AK4,
MOHEALTH,EQ,24.67,24.69,23.93,24.5,24.5,24.19,2895,71116.09,13-JUN-2023,46,INF247L01BB1,
MOHITIND,EQ,15.65,15.65,15.1,15.15,15.15,15.35,16252,246339.7,13-JUN-2023,82,INE954E01012,
MOIL,EQ,159.25,165.25,158.7,164.2,164.0,159.25,552045,90161808.55,13-JUN-2023,9765,INE490G01020,
MOKSH,EQ,11.1,11.4,10.65,10.95,10.9,11.2,209360,2317354.7,13-JUN-2023,640,INE514Y01020,
MOL,EQ,88.35,88.8,85.9,86.7,86.9,87.95,806572,70136692.9,13-JUN-2023,5813,INE0CT101020,
MOLDTECH,EQ,332.9,335.1,322.2,324.9,327.0,329.8,71210,23328641.8,13-JUN-2023,4845,INE835B01035,
MOLDTKPAC,EQ,990.05,998.8,983.65,992.15,987.0,981.15,55508,55061137.9,13-JUN-2023,5754,INE893J01029,
MOLOWVOL,EQ,26.45,26.55,26.39,26.5,26.5,26.31,4924,130563.74,13-JUN-2023,50,INF247L01BL0,
MOM100,EQ,36.57,36.9,36.35,36.78,36.77,36.47,109053,4004045.35,13-JUN-2023,848,INF247L01023,
MOM50,EQ,188.99,189.48,184.77,188.73,184.77,186.84,2347,443460.88,13-JUN-2023,81,INF247L01536,
MOMENTUM,EQ,20.76,21.17,20.55,21.05,20.61,20.92,2501,52756.26,13-JUN-2023,80,INF209KB14K7,
MOMOMENTUM,EQ,41.54,43.65,41.54,42.9,43.65,42.14,27611,1172904.87,13-JUN-2023,95,INF247L01BK2,
MON100,EQ,117.77,118.9,117.76,118.73,118.72,116.86,814858,96699201.24,13-JUN-2023,5130,INF247L01AP3,
MONARCH,EQ,229.9,245.65,229.9,242.65,243.95,228.1,131439,31244330.15,13-JUN-2023,4996,INE903D01011,
MONQ50,EQ,53.06,53.8,53.06,53.51,53.5,53.19,45136,2419879.46,13-JUN-2023,385,INF247L01AU3,
MONTECARLO,EQ,815.2,846.8,806.45,833.45,835.0,807.2,139865,116497075.3,13-JUN-2023,9812,INE950M01013,
MOQUALITY,EQ,129.0,132.5,128.91,128.91,128.91,128.21,234,30388.11,13-JUN-2023,28,INF247L01BH8,
MORARJEE,EQ,18.45,18.85,18.25,18.75,18.75,18.2,11799,219900.65,13-JUN-2023,116,INE161G01027,
MOREPENLAB,EQ,27.1,28.4,27.1,27.65,27.75,27.05,7384989,205629904.25,13-JUN-2023,12491,INE083A01026,
MOTHERSON,EQ,84.35,84.9,83.3,84.6,84.4,83.75,10078023,849466943.4,13-JUN-2023,31247,INE775A01035,
MOTILALOFS,EQ,663.35,683.8,663.35,666.45,665.0,662.6,115880,77867830.15,13-JUN-2023,7660,INE338I01027,
MOTOGENFIN,EQ,36.1,36.1,33.5,33.7,34.0,32.85,25635,885938.25,13-JUN-2023,285,INE861B01023,
MOVALUE,EQ,52.5,52.73,52.5,52.67,52.67,52.5,545,28683.51,13-JUN-2023,15,INF247L01BE5,
MPHASIS,EQ,1899.9,1914.0,1891.0,1898.25,1898.0,1889.95,215275,409911345.0,13-JUN-2023,16051,INE356A01018,
MPSLTD,EQ,1191.5,1238.8,1182.7,1190.35,1185.6,1182.15,20816,24976546.8,13-JUN-2023,2978,INE943D01017,
MRF,EQ,99150.2,100439.95,99150.2,99992.85,99900.0,98968.55,16655,1663544302.55,13-JUN-2023,10092,INE883A01011,
MRO-TEK,EQ,52.75,54.0,52.75,53.05,53.05,52.75,5188,278751.8,13-JUN-2023,80,INE398B01018,
MRPL,EQ,65.0,65.9,65.0,65.6,65.8,64.85,2860921,187288264.95,13-JUN-2023,6804,INE103A01014,
MSPL,EQ,9.1,9.2,8.7,8.85,8.95,9.05,560270,5028006.9,13-JUN-2023,1310,INE752G01015,
MSTCLTD,EQ,314.8,317.65,313.0,314.85,314.0,313.65,165920,52311857.55,13-JUN-2023,3850,INE255X01014,
MSUMI,EQ,57.75,59.4,57.6,58.5,58.5,57.75,5287510,310321242.75,13-JUN-2023,23850,INE0FS801015,
MTARTECH,EQ,1948.0,1949.25,1916.0,1921.35,1920.0,1932.15,78885,152198799.85,13-JUN-2023,7772,INE864I01014,
MTEDUCARE,BE,4.4,4.4,4.3,4.35,4.3,4.4,12474,54034.4,13-JUN-2023,39,INE472M01018,
MTNL,EQ,20.6,21.85,20.35,21.15,21.1,20.4,8346288,177197672.7,13-JUN-2023,11003,INE153A01019,
MUKANDLTD,EQ,129.4,131.85,127.6,130.85,130.75,128.35,153819,19964364.15,13-JUN-2023,2626,INE304A01026,
MUKTAARTS,EQ,50.9,50.9,49.8,49.9,50.15,50.2,4396,220099.2,13-JUN-2023,86,INE374B01019,
MUNJALAU,EQ,56.0,56.5,55.0,55.25,55.3,54.75,456668,25449443.7,13-JUN-2023,3573,INE672B01032,
MUNJALSHOW,EQ,139.2,140.95,133.1,136.15,136.2,138.5,306829,41890069.35,13-JUN-2023,3918,INE577A01027,
MURUDCERA,EQ,44.5,52.75,44.3,49.05,49.05,45.0,2094508,104189221.0,13-JUN-2023,9526,INE692B01014,
MUTHOOTCAP,EQ,379.05,384.85,377.0,381.4,377.2,375.3,92374,35196643.2,13-JUN-2023,6162,INE296G01013,
MUTHOOTFIN,EQ,1137.0,1159.95,1135.6,1156.4,1152.2,1133.1,806743,929297516.2,13-JUN-2023,36032,INE414G01012,
NACLIND,EQ,98.55,100.1,96.15,97.25,97.0,97.8,146723,14465907.2,13-JUN-2023,2341,INE295D01020,
NAGAFERT,EQ,9.95,10.0,9.85,9.9,9.95,9.95,319809,3172188.8,13-JUN-2023,671,INE454M01024,
NAGREEKCAP,EQ,23.5,23.5,21.0,21.35,21.2,21.9,52415,1135900.3,13-JUN-2023,675,INE245I01016,
NAGREEKEXP,EQ,55.05,63.9,55.05,63.7,63.9,53.25,1524759,92480606.65,13-JUN-2023,11607,INE123B01028,
NAHARCAP,EQ,278.0,297.0,273.8,281.0,282.45,273.5,35411,10089786.95,13-JUN-2023,1354,INE049I01012,
NAHARINDUS,EQ,108.45,118.0,107.15,116.95,116.65,107.5,334650,38283686.2,13-JUN-2023,4439,INE289A01011,
NAHARPOLY,EQ,242.85,268.8,241.55,258.25,256.55,240.95,104909,27273239.45,13-JUN-2023,3725,INE308A01027,
NAHARSPING,EQ,272.65,284.95,272.65,277.2,277.0,275.4,79499,22199148.05,13-JUN-2023,4867,INE290A01027,
NAM-INDIA,EQ,246.15,246.15,244.5,244.9,244.75,244.95,246386,60377900.6,13-JUN-2023,6954,INE298J01013,
NARMADA,EQ,21.35,21.35,20.2,20.35,20.25,20.3,17702,362420.85,13-JUN-2023,246,INE117Z01011,
NATCOPHARM,EQ,625.3,625.3,618.2,620.55,621.0,622.05,160407,99610770.05,13-JUN-2023,6884,INE987B01026,
NATHBIOGEN,EQ,189.0,191.8,185.0,186.55,185.1,188.05,27436,5166074.25,13-JUN-2023,1303,INE448G01010,
NATIONALUM,EQ,85.65,85.65,84.45,85.05,85.1,85.05,7695088,654462222.65,13-JUN-2023,21747,INE139A01034,
NAUKRI,EQ,4275.5,4354.95,4264.85,4334.9,4328.5,4268.6,400440,1731028676.5,13-JUN-2023,43001,INE663F01024,
NAVA,EQ,291.95,315.7,291.55,312.65,312.0,290.65,2337039,711343184.25,13-JUN-2023,32495,INE725A01022,
NAVINFLUOR,EQ,4445.0,4575.0,4422.05,4570.35,4571.0,4409.15,174163,788054255.9,13-JUN-2023,19154,INE048G01026,
NAVKARCORP,EQ,56.5,56.95,55.95,56.25,56.2,56.2,308884,17411326.2,13-JUN-2023,1516,INE278M01019,
NAVNETEDUL,EQ,129.0,129.25,127.0,128.4,127.9,127.85,232836,29889598.1,13-JUN-2023,2847,INE060A01024,
NAZARA,EQ,663.0,701.1,663.0,697.2,697.9,661.05,2340381,1610161664.15,13-JUN-2023,45100,INE418L01021,
NBCC,EQ,42.1,42.45,41.6,41.8,41.75,41.85,5247745,220614163.65,13-JUN-2023,10444,INE095N01031,
NBIFIN,EQ,1526.25,1566.0,1451.55,1485.9,1485.0,1496.35,471,716153.7,13-JUN-2023,148,INE365I01020,
NCC,EQ,123.45,124.5,121.0,121.8,121.9,122.9,2728372,333666464.0,13-JUN-2023,14181,INE868B01028,
NCLIND,EQ,204.0,206.05,201.0,201.35,202.0,202.9,215481,43642203.8,13-JUN-2023,4457,INE732C01016,
NDGL,BE,1839.0,1839.0,1750.0,1805.0,1805.0,1820.75,221,394441.75,13-JUN-2023,29,INE756C01015,
NDL,EQ,19.7,20.15,19.4,19.55,19.4,19.5,250195,4962047.05,13-JUN-2023,982,INE875G01030,
NDLVENTURE,BE,122.0,124.5,120.1,120.6,120.6,122.75,9112,1110420.05,13-JUN-2023,57,INE353A01023,
NDRAUTO,EQ,846.05,846.05,810.0,814.25,813.0,822.9,9247,7587549.8,13-JUN-2023,782,INE07OG01012,
NDTV,EQ,229.1,239.95,223.1,239.95,239.95,228.55,587727,135837966.95,13-JUN-2023,9517,INE155G01029,
NECCLTD,EQ,19.2,19.95,19.2,19.65,19.7,19.45,55197,1089971.95,13-JUN-2023,294,INE553C01016,
NECLIFE,EQ,17.85,18.0,17.65,17.8,17.85,17.6,221541,3950378.15,13-JUN-2023,657,INE023H01027,
NELCAST,EQ,94.8,95.5,93.0,93.8,94.1,94.65,106365,10001258.85,13-JUN-2023,1483,INE189I01024,
NELCO,EQ,701.75,723.7,700.75,712.05,715.0,696.0,287536,205092737.7,13-JUN-2023,13669,INE045B01015,
NEOGEN,EQ,1620.85,1638.0,1601.0,1616.5,1614.0,1620.85,21461,34853725.8,13-JUN-2023,2695,INE136S01016,
NESCO,EQ,650.0,657.7,640.0,641.2,640.0,646.8,142055,92184424.2,13-JUN-2023,6407,INE317F01035,
NESTLEIND,EQ,22349.0,22678.0,22292.35,22492.6,22498.85,22289.35,83347,1877479976.7,13-JUN-2023,20258,INE239A01016,
NETF,EQ,191.53,197.49,191.53,196.02,193.02,191.53,3190,625934.22,13-JUN-2023,127,INF277K015R5,
NETWORK18,EQ,63.8,65.75,63.7,64.65,64.65,63.55,1889838,122444489.15,13-JUN-2023,6094,INE870H01013,
NEULANDLAB,EQ,2972.2,3131.85,2921.0,3080.85,3080.0,2966.95,100776,308993819.85,13-JUN-2023,14482,INE794A01010,
NEWGEN,EQ,660.0,664.95,650.0,654.8,657.0,654.5,134513,88531570.5,13-JUN-2023,9031,INE619B01017,
NEXTMEDIA,EQ,5.75,6.0,5.65,5.95,5.8,5.75,7742,45648.35,13-JUN-2023,44,INE747B01016,
NFL,EQ,70.0,71.85,69.85,70.75,70.65,69.85,3189340,226431777.7,13-JUN-2023,9052,INE870D01012,
NGIL,BE,59.05,60.85,59.0,59.8,59.6,59.05,66771,4002428.0,13-JUN-2023,106,INE236Y01012,
NGLFINE,EQ,1725.0,1879.35,1692.55,1750.65,1742.0,1725.45,15053,27038375.6,13-JUN-2023,3186,INE887E01022,
NH,EQ,930.0,959.9,930.0,955.6,955.0,934.7,583348,554748376.35,13-JUN-2023,32001,INE410P01011,
NHPC,EQ,45.0,45.8,44.7,45.55,45.5,45.0,18781531,852777882.1,13-JUN-2023,32564,INE848E01016,
NIACL,EQ,118.8,119.25,117.95,118.65,118.85,118.3,243834,28937358.65,13-JUN-2023,2697,INE470Y01017,
NIBL,EQ,19.45,19.45,18.1,18.6,18.55,18.75,19762,367187.65,13-JUN-2023,116,INE047O01014,
NIF100BEES,EQ,194.97,194.97,192.5,194.11,193.93,192.95,4921,954639.81,13-JUN-2023,195,INF204K014N5,
NIFTYBEES,EQ,205.48,205.52,204.3,205.45,205.52,204.46,1563108,320899241.52,13-JUN-2023,19172,INF204KB14I2,
NIFTYQLITY,EQ,15.31,15.5,15.31,15.48,15.5,15.29,30374,469306.65,13-JUN-2023,300,INF209KB15K4,
NIITLTD,BE,92.0,92.0,88.4,88.4,88.4,93.05,800496,70838229.4,13-JUN-2023,3778,INE161A01038,
NILAINFRA,EQ,5.4,5.4,5.25,5.35,5.4,5.35,141602,755633.5,13-JUN-2023,369,INE937C01029,
NILASPACES,EQ,2.8,2.85,2.65,2.7,2.7,2.8,338496,928675.45,13-JUN-2023,385,INE00S901012,
NILKAMAL,EQ,2269.75,2322.15,2250.0,2279.7,2275.0,2258.45,5621,12842558.4,13-JUN-2023,1445,INE310A01015,
NINSYS,BE,558.75,558.75,558.75,558.75,558.75,532.15,1187,663236.25,13-JUN-2023,53,INE395U01014,
NIPPOBATRY,EQ,398.45,428.0,398.05,403.8,405.7,397.6,57121,23692110.7,13-JUN-2023,4068,INE567A01028,
NIRAJ,EQ,32.35,32.35,31.0,31.2,31.25,31.65,17739,556180.45,13-JUN-2023,280,INE368I01016,
NITCO,EQ,19.3,19.45,18.5,18.6,18.5,19.15,373646,7127008.9,13-JUN-2023,1091,INE858F01012,
NITINSPIN,EQ,270.55,272.95,266.95,268.3,269.0,268.35,100205,26999268.8,13-JUN-2023,5034,INE229H01012,
NITIRAJ,EQ,79.4,80.0,78.3,79.75,79.9,79.45,3607,286694.7,13-JUN-2023,51,INE439T01012,
NKIND,EQ,41.55,42.7,37.6,39.55,41.45,40.45,2206,87039.45,13-JUN-2023,77,INE542C01019,
NLCINDIA,EQ,101.5,102.05,98.5,99.1,99.3,101.05,1794824,179328635.5,13-JUN-2023,10786,INE589A01014,
NMDC,EQ,108.35,109.65,108.25,108.75,108.7,108.0,8074157,880205773.7,13-JUN-2023,30279,INE584A01023,
NOCIL,EQ,220.4,223.25,219.05,220.8,220.6,218.75,300630,66418400.2,13-JUN-2023,5550,INE163A01018,
NOIDATOLL,EQ,7.15,7.15,7.0,7.1,7.1,7.1,55646,394152.55,13-JUN-2023,127,INE781B01015,
NORBTEAEXP,BE,8.1,8.1,7.8,7.8,7.8,7.8,1400,11070.0,13-JUN-2023,6,INE369C01017,
NOVARTIND,EQ,771.0,774.5,762.0,766.55,766.75,768.0,19569,15024707.95,13-JUN-2023,1738,INE234A01025,
NPBET,EQ,229.32,230.5,229.24,229.4,229.4,229.2,291,66856.29,13-JUN-2023,21,INF277K010X4,
NRAIL,EQ,306.3,306.3,283.35,289.95,289.95,303.95,31340,9159477.35,13-JUN-2023,3805,INE740D01017,
NRBBEARING,EQ,188.0,189.5,183.0,184.35,184.5,188.05,289464,53543019.35,13-JUN-2023,4279,INE349A01021,
NRL,EQ,113.95,114.6,112.85,114.05,114.0,112.45,20407,2323731.5,13-JUN-2023,245,INE0JM501013,
NSIL,EQ,2210.0,2230.0,2202.0,2209.55,2230.0,2202.25,806,1784415.2,13-JUN-2023,199,INE023A01030,
NSLNISP,EQ,44.6,45.0,44.25,44.85,44.95,44.4,3026813,135209071.35,13-JUN-2023,9274,INE0NNS01018,
NTPC,EQ,186.0,186.65,185.0,185.35,185.7,185.7,8332566,1547365275.85,13-JUN-2023,70149,INE733E01010,
NUCLEUS,EQ,1186.9,1193.9,1076.0,1113.95,1118.5,1176.2,243591,273641268.35,13-JUN-2023,14829,INE096B01018,
NURECA,BE,379.8,385.0,376.0,378.6,378.0,376.5,14307,5424809.25,13-JUN-2023,564,INE0DSF01015,
NUVOCO,EQ,357.5,358.7,351.7,354.65,354.7,355.0,117049,41562552.45,13-JUN-2023,3737,INE118D01016,
NV20BEES,EQ,109.47,109.47,108.2,109.02,109.02,107.98,12574,1367563.52,13-JUN-2023,161,INF204KB18I3,
NYKAA,EQ,140.35,142.8,137.4,142.05,141.4,140.0,12280353,1727323505.2,13-JUN-2023,71452,INE388Y01029,
OAL,EQ,327.85,355.9,327.8,341.55,340.25,326.15,53253,18132712.9,13-JUN-2023,4017,INE959C01023,
OBCL,EQ,55.7,57.7,55.0,55.25,55.05,56.2,58712,3293157.45,13-JUN-2023,859,INE426Z01016,
OBEROIRLTY,EQ,966.0,985.95,958.25,984.1,985.15,963.55,481815,469489802.8,13-JUN-2023,24520,INE093I01010,
OCCL,EQ,798.25,807.35,792.1,796.6,796.0,790.35,4017,3212576.05,13-JUN-2023,333,INE321D01016,
OFSS,EQ,3626.2,3840.0,3613.3,3797.5,3786.05,3595.8,411994,1550309506.4,13-JUN-2023,35138,INE881D01027,
OIL,EQ,255.6,257.4,253.25,255.2,256.05,255.6,1313146,335563090.0,13-JUN-2023,20157,INE274J01014,
OILCOUNTUB,EQ,20.0,22.0,20.0,20.15,20.45,20.15,186260,3913676.7,13-JUN-2023,1210,INE591A01010,
OLECTRA,EQ,850.0,941.8,848.0,908.8,910.0,845.6,9869593,8959421474.95,13-JUN-2023,199296,INE260D01016,
OMAXAUTO,BE,53.7,54.5,53.0,53.8,54.4,53.0,23323,1258878.6,13-JUN-2023,178,INE090B01011,
OMAXE,EQ,51.5,53.0,51.5,51.65,51.65,51.65,241785,12621123.45,13-JUN-2023,1137,INE800H01010,
OMINFRAL,EQ,45.1,49.6,44.8,48.45,48.6,44.35,949215,45621920.35,13-JUN-2023,4719,INE239D01028,
ONELIFECAP,EQ,12.95,12.95,12.4,12.45,12.4,12.6,23747,299285.75,13-JUN-2023,326,INE912L01015,
ONEPOINT,EQ,22.7,23.15,22.35,22.6,22.65,22.6,758882,17271984.3,13-JUN-2023,1504,INE840Y01029,
ONGC,EQ,155.2,156.2,154.25,155.65,155.85,155.05,10073644,1567881195.6,13-JUN-2023,51279,INE213A01029,
ONMOBILE,EQ,74.05,74.55,73.0,73.25,73.8,73.35,255344,18812242.5,13-JUN-2023,2223,INE809I01019,
ONWARDTEC,EQ,512.7,524.85,505.5,517.75,519.75,505.25,112261,57847578.25,13-JUN-2023,8469,INE229A01017,
OPTIEMUS,EQ,242.9,246.15,238.05,240.45,240.0,240.4,120820,29156347.7,13-JUN-2023,3943,INE350C01017,
ORBTEXP,EQ,165.0,167.45,163.0,164.65,164.5,163.2,20684,3401270.35,13-JUN-2023,522,INE231G01010,
ORCHPHARMA,BE,411.5,421.5,411.5,421.25,419.0,415.15,2152,895550.0,13-JUN-2023,53,INE191A01027,
ORICONENT,EQ,24.65,25.0,24.0,24.35,24.3,24.45,143445,3491728.3,13-JUN-2023,744,INE730A01022,
ORIENTABRA,EQ,29.4,29.5,29.0,29.15,29.05,29.15,36935,1079471.35,13-JUN-2023,240,INE569C01020,
ORIENTALTL,EQ,6.4,6.5,6.15,6.35,6.4,6.4,86190,547478.25,13-JUN-2023,266,INE998H01012,
ORIENTBELL,EQ,537.8,560.0,527.6,535.5,531.7,532.05,51808,28124673.45,13-JUN-2023,2616,INE607D01018,
ORIENTCEM,EQ,137.35,139.9,137.35,138.35,138.5,136.7,324724,45027650.9,13-JUN-2023,4511,INE876N01018,
ORIENTELEC,EQ,241.3,244.9,241.05,242.9,242.8,242.05,117088,28431352.35,13-JUN-2023,3326,INE142Z01019,
ORIENTHOT,EQ,87.2,93.15,86.45,92.35,93.1,86.35,1378763,125183634.75,13-JUN-2023,6261,INE750A01020,
ORIENTLTD,EQ,65.2,66.8,62.55,64.05,64.65,66.5,16236,1058921.95,13-JUN-2023,476,INE609C01024,
ORIENTPPR,EQ,40.8,42.0,40.8,41.65,41.75,40.9,1035621,43054054.4,13-JUN-2023,3338,INE592A01026,
ORISSAMINE,EQ,2721.45,2899.95,2721.45,2798.15,2805.05,2721.45,23048,65328805.95,13-JUN-2023,3983,INE725E01024,
ORTINLAB,EQ,27.35,27.35,24.9,24.95,24.9,27.65,197730,5087672.85,13-JUN-2023,1890,INE749B01020,
OSIAHYPER,BE,32.45,32.45,30.5,31.45,31.7,31.5,22062,690826.25,13-JUN-2023,141,INE06IR01021,
OSWALAGRO,EQ,32.05,32.5,31.5,31.75,31.85,32.05,110260,3511115.35,13-JUN-2023,633,INE142A01012,
OSWALGREEN,EQ,22.1,22.4,21.95,22.0,21.95,22.1,84624,1875163.6,13-JUN-2023,480,INE143A01010,
OSWALSEEDS,EQ,380.0,382.75,368.0,369.95,370.0,373.0,11574,4322567.8,13-JUN-2023,669,INE00IK01011,
PAGEIND,EQ,38390.95,38470.0,38114.6,38386.65,38450.0,38147.55,22666,868429389.35,13-JUN-2023,9448,INE761H01022,
PAISALO,EQ,53.7,53.85,51.9,52.1,52.15,52.9,314317,16463411.8,13-JUN-2023,1284,INE420C01059,
PALASHSECU,EQ,116.0,116.0,110.5,111.4,111.2,113.55,9048,1015367.45,13-JUN-2023,352,INE471W01019,
PALREDTEC,EQ,140.85,140.95,139.0,139.85,139.35,140.0,19028,2665382.2,13-JUN-2023,220,INE218G01033,
PANACEABIO,EQ,135.9,141.65,135.0,137.65,137.75,131.15,713599,98741184.65,13-JUN-2023,10851,INE922B01023,
PANACHE,EQ,62.9,63.85,61.55,62.9,61.6,61.65,8487,533700.6,13-JUN-2023,119,INE895W01019,
PANAMAPET,EQ,289.8,291.75,280.0,283.55,284.8,288.45,87636,25036686.0,13-JUN-2023,3192,INE305C01029,
PANSARI,EQ,87.05,88.7,86.45,86.6,86.45,87.0,717,62189.0,13-JUN-2023,30,INE697V01011,
PAR,EQ,213.95,214.0,208.0,208.55,208.0,211.95,16844,3543610.65,13-JUN-2023,972,INE04LG01015,
PARACABLES,EQ,35.7,36.75,34.6,34.9,35.25,35.7,492692,17389291.4,13-JUN-2023,2130,INE074B01023,
PARADEEP,EQ,56.6,59.8,56.4,58.8,58.8,56.35,4619871,271329680.5,13-JUN-2023,17133,INE088F01024,
PARAGMILK,EQ,106.45,107.35,103.55,103.95,104.6,105.85,759184,79846206.55,13-JUN-2023,5179,INE883N01014,
PARAS,EQ,567.65,568.05,550.0,554.5,556.0,564.5,216851,121145724.55,13-JUN-2023,9080,INE045601015,
PARASPETRO,BE,0.85,0.9,0.85,0.9,0.9,0.85,428149,376654.6,13-JUN-2023,213,INE162C01024,
PARSVNATH,EQ,8.9,9.05,8.65,8.75,8.85,8.7,376358,3320613.1,13-JUN-2023,694,INE561H01026,
PASUPTAC,EQ,33.25,33.4,32.5,32.6,32.7,32.95,56065,1843637.75,13-JUN-2023,320,INE818B01023,
PATANJALI,BE,1027.0,1048.85,1005.25,1044.65,1041.8,1021.3,187431,193344126.2,13-JUN-2023,5085,INE619A01035,
PATELENG,BE,29.55,29.85,28.65,29.15,28.95,29.25,2294754,66988581.35,13-JUN-2023,4539,INE244B01030,
PATINTLOG,EQ,13.45,13.75,13.2,13.5,13.5,13.2,460150,6210761.85,13-JUN-2023,1091,INE529D01014,
PAVNAIND,EQ,343.65,352.85,327.0,330.1,330.1,336.05,307,106204.1,13-JUN-2023,53,INE07S101020,
PAYTM,EQ,814.0,839.65,808.1,833.25,833.15,812.15,7362528,6077053601.45,13-JUN-2023,154236,INE982J01020,
PCBL,EQ,144.5,147.5,144.2,146.1,146.0,144.2,1646552,240023760.75,13-JUN-2023,13370,INE602A01031,
PCJEWELLER,EQ,27.7,27.8,26.3,26.95,27.0,27.25,2899105,78642689.1,13-JUN-2023,7301,INE785M01013,
PDMJEPAPER,EQ,41.85,42.5,41.85,42.2,42.05,41.85,143352,6050888.65,13-JUN-2023,875,INE865T01018,
PDSL,EQ,338.8,343.0,337.9,340.25,340.35,342.05,21781,7413566.3,13-JUN-2023,1834,INE111Q01021,
PEARLPOLY,EQ,22.8,23.3,22.5,22.65,22.95,22.8,23037,526635.15,13-JUN-2023,271,INE844A01013,
PEL,EQ,803.8,810.0,801.0,807.25,807.95,800.15,1545581,1246552164.35,13-JUN-2023,39460,INE140A01024,
PENIND,EQ,77.0,78.6,76.5,77.1,76.85,76.8,574826,44553792.2,13-JUN-2023,4103,INE932A01024,
PENINLAND,EQ,25.1,25.1,25.1,25.1,25.1,23.95,203799,5115354.9,13-JUN-2023,196,INE138A01028,
PERSISTENT,EQ,5011.95,5085.0,4985.0,5040.2,5035.25,4983.7,360095,1817302344.85,13-JUN-2023,30125,INE262H01013,
PETRONET,EQ,224.25,224.85,222.95,223.25,223.25,224.1,1657978,370510237.45,13-JUN-2023,19700,INE347G01014,
PFC,EQ,202.55,204.15,198.0,203.05,203.15,202.15,11349466,2288725968.4,13-JUN-2023,71870,INE134E01011,
PFIZER,EQ,3915.2,3938.95,3851.45,3854.7,3855.3,3894.7,9768,37854154.75,13-JUN-2023,3254,INE182A01018,
PFOCUS,EQ,111.0,114.9,110.6,111.35,110.7,111.3,757887,85757608.1,13-JUN-2023,5942,INE367G01038,
PFS,EQ,19.0,19.25,18.65,18.7,18.75,18.9,1320499,24846878.5,13-JUN-2023,2385,INE560K01014,
PGEL,EQ,1668.0,1685.0,1662.05,1677.95,1679.0,1660.3,41106,68871412.15,13-JUN-2023,3859,INE457L01011,
PGHH,EQ,13925.3,14040.0,13792.55,13977.65,13980.0,13925.3,4103,57315900.55,13-JUN-2023,1636,INE179A01014,
PGHL,EQ,4995.0,5100.0,4995.0,5048.75,5079.9,4992.0,4400,22230615.6,13-JUN-2023,2297,INE199A01012,
PGIL,EQ,560.0,580.0,557.0,565.85,566.9,553.6,56468,32037743.85,13-JUN-2023,3879,INE940H01014,
PHARMABEES,EQ,13.08,13.18,13.01,13.14,13.15,12.99,2100124,27546523.75,13-JUN-2023,2907,INF204KC1089,
PHOENIXLTD,EQ,1590.65,1598.0,1563.0,1570.4,1580.0,1590.65,252989,399579037.65,13-JUN-2023,27246,INE211B01039,
PIDILITIND,EQ,2666.0,2735.0,2656.55,2686.65,2680.0,2640.75,874863,2371360873.5,13-JUN-2023,68037,INE318A01026,
PIGL,EQ,60.0,60.7,53.75,54.85,54.65,58.55,151083,8569620.9,13-JUN-2023,2270,INE557Z01018,
PIIND,EQ,3761.9,3774.15,3735.05,3761.45,3760.0,3736.8,217820,817793332.35,13-JUN-2023,20614,INE603J01030,
PILANIINVS,EQ,1844.75,1859.8,1827.05,1836.15,1834.5,1829.15,3515,6454359.35,13-JUN-2023,360,INE417C01014,
PILITA,EQ,9.2,9.4,8.95,9.15,9.2,9.05,455904,4187549.45,13-JUN-2023,532,INE600A01035,
PIONEEREMB,EQ,39.3,39.65,38.6,39.05,39.2,38.85,19528,761830.75,13-JUN-2023,322,INE156C01018,
PITTIENG,EQ,380.4,384.9,378.85,380.85,381.8,378.85,108900,41590869.75,13-JUN-2023,3602,INE450D01021,
PIXTRANS,EQ,935.55,949.2,929.05,933.4,933.25,935.55,29082,27307812.4,13-JUN-2023,4237,INE751B01018,
PKTEA,BE,250.3,267.8,250.3,257.85,257.85,260.0,85,22365.05,13-JUN-2023,7,INE431F01018,
PLASTIBLEN,EQ,185.0,189.4,185.0,186.7,187.1,185.4,13155,2463004.5,13-JUN-2023,320,INE083C01022,
PNB,EQ,51.9,52.2,51.55,52.0,52.0,51.55,17963382,931899912.65,13-JUN-2023,27043,INE160A01022,
PNBGILTS,EQ,62.45,62.5,61.9,61.95,61.9,62.05,79338,4929174.1,13-JUN-2023,980,INE859A01011,
PNBHOUSING,EQ,568.0,583.05,561.35,575.6,575.0,559.15,1430380,819961979.95,13-JUN-2023,32052,INE572E01012,
PNC,EQ,36.05,37.0,35.4,35.75,35.95,36.8,19094,692916.35,13-JUN-2023,334,INE392B01011,
PNCINFRA,EQ,316.2,319.6,315.45,316.6,316.5,317.05,123577,39241632.75,13-JUN-2023,3467,INE195J01029,
POCL,EQ,424.45,435.0,419.15,425.5,429.0,418.2,26978,11512700.75,13-JUN-2023,2920,INE063E01046,
PODDARHOUS,BE,104.0,107.9,103.0,103.85,103.0,104.0,3202,340255.75,13-JUN-2023,39,INE888B01018,
PODDARMENT,EQ,316.4,319.5,309.6,311.2,310.2,316.4,11325,3562662.6,13-JUN-2023,834,INE371C01013,
POKARNA,EQ,368.0,368.0,354.1,356.75,358.7,364.8,41754,15104389.75,13-JUN-2023,1720,INE637C01025,
POLICYBZR,EQ,614.9,646.0,613.65,636.75,635.0,610.45,6255095,3976371001.5,13-JUN-2023,95476,INE417T01026,
POLYCAB,EQ,3534.0,3590.0,3519.45,3583.9,3583.85,3534.1,249758,891854133.75,13-JUN-2023,23928,INE455K01017,
POLYMED,EQ,990.0,994.8,979.0,984.7,983.3,983.2,33305,32764740.85,13-JUN-2023,4909,INE205C01021,
POLYPLEX,EQ,1290.0,1299.25,1275.1,1282.2,1285.0,1286.1,77427,99549715.2,13-JUN-2023,8770,INE633B01018,
PONNIERODE,EQ,396.0,397.35,388.4,389.15,389.2,393.2,49855,19508790.4,13-JUN-2023,2507,INE838E01017,
POONAWALLA,EQ,343.25,349.8,343.25,347.7,347.75,342.65,1305163,453272522.05,13-JUN-2023,16329,INE511C01022,
POWERGRID,EQ,242.0,243.45,241.45,242.25,242.6,241.65,4832414,1171166743.15,13-JUN-2023,41135,INE752E01010,
POWERINDIA,EQ,3901.7,4149.0,3901.7,4110.9,4135.2,3928.7,55527,225220679.4,13-JUN-2023,9714,INE07Y701011,
POWERMECH,EQ,3227.2,3227.2,3181.55,3200.55,3207.95,3193.4,12711,40697350.35,13-JUN-2023,2525,INE211R01019,
PPAP,EQ,198.0,201.35,194.9,195.65,195.0,195.95,23681,4684354.15,13-JUN-2023,711,INE095I01015,
PPL,EQ,168.15,168.15,163.2,164.2,164.85,166.5,61172,10119515.9,13-JUN-2023,1509,INE050001010,
PPLPHARMA,EQ,89.1,93.4,88.65,91.75,91.5,88.55,16648977,1519511231.55,13-JUN-2023,53000,INE0DK501011,
PRAENG,EQ,12.35,12.8,11.8,12.15,12.25,13.0,351986,4297225.65,13-JUN-2023,1157,INE505C01016,
PRAJIND,EQ,389.35,394.8,388.0,390.0,389.3,387.75,445859,174087128.1,13-JUN-2023,11687,INE074A01025,
PRAKASH,EQ,65.5,65.9,63.6,63.85,63.85,65.0,566732,36588211.25,13-JUN-2023,3395,INE603A01013,
PRAKASHSTL,EQ,4.6,4.65,4.55,4.55,4.6,4.6,550614,2522486.75,13-JUN-2023,953,INE696K01024,
PRAXIS,BE,12.05,12.1,11.5,12.05,12.1,11.55,445414,5362282.3,13-JUN-2023,316,INE546Y01022,
PRECAM,EQ,172.15,173.35,167.65,168.9,169.2,171.65,213742,36300403.35,13-JUN-2023,3981,INE484I01029,
PRECOT,EQ,190.9,198.0,188.1,193.1,193.9,191.0,6168,1191204.65,13-JUN-2023,160,INE283A01014,
PRECWIRE,EQ,85.45,85.5,84.05,84.4,84.1,84.7,189862,16100481.4,13-JUN-2023,2579,INE372C01037,
PREMEXPLN,EQ,440.85,450.05,437.0,448.1,448.0,436.5,40128,17934504.7,13-JUN-2023,1644,INE863B01011,
PREMIER,BE,2.4,2.4,2.25,2.35,2.35,2.3,8228,19565.9,13-JUN-2023,25,INE342A01018,
PREMIERPOL,EQ,94.35,94.85,93.0,93.3,93.1,93.45,8847,830994.0,13-JUN-2023,180,INE309M01012,
PRESSMN,BE,147.0,147.0,134.05,143.25,142.0,141.1,291321,40380539.15,13-JUN-2023,840,INE980A01023,
PRESTIGE,EQ,565.0,578.5,558.45,574.15,574.3,562.15,1476807,843206569.55,13-JUN-2023,39296,INE811K01011,
PRICOLLTD,EQ,239.75,240.85,233.2,233.85,234.0,238.75,722158,171026432.65,13-JUN-2023,9190,INE726V01018,
PRIMESECU,EQ,128.55,129.55,125.1,129.15,129.5,127.05,103697,13275880.3,13-JUN-2023,1016,INE032B01021,
PRINCEPIPE,EQ,657.5,662.9,643.0,647.15,646.2,654.5,176885,115513309.55,13-JUN-2023,9425,INE689W01016,
PRITI,EQ,164.95,170.0,163.35,167.1,168.0,162.0,60288,10125169.3,13-JUN-2023,2340,INE974Z01015,
PRITIKAUTO,EQ,17.8,17.8,17.5,17.65,17.7,17.5,204513,3609437.3,13-JUN-2023,815,INE583R01029,
PRIVISCL,EQ,1126.0,1128.45,1101.25,1110.75,1119.0,1125.55,21602,24045404.5,13-JUN-2023,3416,INE959A01019,
PROZONINTU,EQ,23.95,23.95,23.55,23.7,23.65,23.7,116465,2762926.9,13-JUN-2023,700,INE195N01013,
PRSMJOHNSN,EQ,126.8,131.0,126.6,129.85,129.5,126.3,804265,104357971.6,13-JUN-2023,6903,INE010A01011,
PRUDENT,EQ,933.95,940.95,911.7,915.1,915.5,920.15,12315,11400154.0,13-JUN-2023,2060,INE00F201020,
PSB,EQ,32.5,32.8,31.1,31.8,31.8,32.0,1988079,63913104.45,13-JUN-2023,4438,INE608A01012,
PSPPROJECT,EQ,742.45,750.0,740.0,741.75,744.95,742.45,45182,33678073.4,13-JUN-2023,2924,INE488V01015,
PSUBANKICI,EQ,40.8,40.91,40.72,40.83,40.91,40.76,2483,101303.9,13-JUN-2023,47,INF109KC10S8,
PSUBNKBEES,EQ,45.24,45.34,45.06,45.2,45.25,45.06,710430,32107601.36,13-JUN-2023,2410,INF204KB16I7,
PTC,EQ,106.2,106.65,104.5,105.65,105.75,106.0,1257239,132382833.85,13-JUN-2023,7198,INE877F01012,
PTCIL,EQ,3768.0,3975.0,3550.0,3655.65,3739.95,3684.15,44403,166797305.15,13-JUN-2023,6085,INE596F01018,
PTL,EQ,33.0,33.0,32.7,32.8,32.75,32.65,54095,1776388.25,13-JUN-2023,550,INE034D01049,
PUNJABCHEM,EQ,827.05,937.0,827.0,925.8,922.0,823.55,381806,346527239.35,13-JUN-2023,18969,INE277B01014,
PURVA,EQ,87.5,89.1,86.95,88.3,88.6,87.35,163499,14406043.55,13-JUN-2023,2077,INE323I01011,
PVP,BE,12.05,12.45,11.95,12.0,11.95,12.3,269949,3263791.3,13-JUN-2023,275,INE362A01016,
PVRINOX,EQ,1455.95,1465.0,1441.0,1446.95,1448.0,1441.25,328543,476876617.9,13-JUN-2023,14713,INE191H01014,
QGOLDHALF,EQ,50.98,50.98,50.65,50.69,50.69,50.71,10802,547811.5,13-JUN-2023,200,INF082J01408,
QNIFTY,EQ,1984.01,1991.99,1984.01,1989.99,1990.0,1978.0,114,226644.04,13-JUN-2023,39,INF082J01028,
QUESS,EQ,434.0,434.95,424.0,432.0,433.0,432.05,326690,140634314.25,13-JUN-2023,8821,INE615P01015,
QUICKHEAL,EQ,169.0,170.45,164.6,164.9,164.9,168.65,52976,8840350.7,13-JUN-2023,1954,INE306L01010,
RACE,EQ,286.95,291.0,282.1,290.15,290.0,284.85,14588,4200890.35,13-JUN-2023,665,INE084Q01012,
RADAAN,EQ,1.65,1.65,1.65,1.65,1.65,1.6,1529,2522.85,13-JUN-2023,7,INE874F01027,
RADHIKAJWE,EQ,37.5,37.9,36.5,36.95,37.0,37.3,593335,22022140.5,13-JUN-2023,1825,INE583V01021,
RADIANTCMS,EQ,94.3,95.95,93.15,93.75,93.35,94.3,117660,11145102.2,13-JUN-2023,2674,INE855R01021,
RADICO,EQ,1198.8,1210.0,1194.1,1203.45,1203.9,1191.4,293140,352814432.9,13-JUN-2023,27407,INE944F01028,
RADIOCITY,BE,11.15,11.2,10.95,11.1,11.1,11.15,249761,2760224.6,13-JUN-2023,253,INE919I01024,
RAILTEL,EQ,131.25,132.0,128.25,128.75,128.9,131.15,1596374,207324534.45,13-JUN-2023,10303,INE0DD101019,
RAIN,EQ,158.95,159.95,157.8,158.5,158.0,158.2,1031317,163704670.6,13-JUN-2023,9757,INE855B01025,
RAINBOW,EQ,933.9,957.0,927.05,947.6,945.0,932.85,219591,207122515.8,13-JUN-2023,16590,INE961O01016,
RAJESHEXPO,EQ,600.0,614.9,576.0,577.35,577.0,598.25,2316027,1361083177.15,13-JUN-2023,31467,INE343B01030,
RAJMET,BE,9.55,9.55,9.3,9.35,9.45,9.45,659697,6223166.35,13-JUN-2023,798,INE00KV01022,
RAJRATAN,EQ,816.0,844.35,816.0,828.65,830.0,814.15,51499,42908630.7,13-JUN-2023,5393,INE451D01029,
RAJRILTD,BE,62.1,62.7,62.1,62.7,62.7,61.5,3143,196841.15,13-JUN-2023,74,INE533D01032,
RAJSREESUG,EQ,39.1,39.65,38.4,38.75,38.7,39.05,38252,1486362.25,13-JUN-2023,390,INE562B01019,
RAJTV,EQ,51.8,51.8,50.05,50.35,50.3,51.85,31862,1618966.95,13-JUN-2023,328,INE952H01027,
RALLIS,EQ,193.0,193.95,192.55,193.1,192.9,192.95,281813,54420324.7,13-JUN-2023,3752,INE613A01020,
RAMANEWS,EQ,13.1,13.5,13.1,13.25,13.25,13.15,69487,929425.6,13-JUN-2023,227,INE278B01020,
RAMAPHO,EQ,187.4,195.45,186.3,192.25,193.55,185.3,28072,5402840.35,13-JUN-2023,1551,INE809A01024,
RAMASTEEL,EQ,37.9,39.6,37.5,38.85,38.6,38.05,6576229,253262299.4,13-JUN-2023,14534,INE230R01035,
RAMCOCEM,EQ,938.95,946.0,931.25,933.85,934.0,937.75,393076,368106098.1,13-JUN-2023,13879,INE331A01037,
RAMCOIND,EQ,170.0,171.45,168.05,168.6,168.2,168.6,137167,23230225.1,13-JUN-2023,3010,INE614A01028,
RAMCOSYS,EQ,265.0,272.4,260.0,261.4,260.9,261.75,741149,196735235.6,13-JUN-2023,19323,INE246B01019,
RAMKY,EQ,366.0,371.05,358.0,361.1,361.65,366.5,101626,36964006.8,13-JUN-2023,4139,INE874I01013,
RAMRAT,EQ,278.05,292.7,273.3,287.7,288.1,278.95,409756,116827534.4,13-JUN-2023,11435,INE207E01023,
RANASUG,EQ,24.8,24.85,24.0,24.25,24.2,24.65,767095,18666618.45,13-JUN-2023,2284,INE625B01014,
RANEENGINE,BE,271.25,279.0,267.4,277.6,273.6,270.0,2465,674014.85,13-JUN-2023,116,INE222J01013,
RANEHOLDIN,EQ,998.0,1020.95,973.75,990.95,982.85,1002.95,14485,14414053.5,13-JUN-2023,2632,INE384A01010,
RATEGAIN,EQ,404.95,413.5,397.0,398.0,398.0,403.1,412989,166390054.0,13-JUN-2023,10756,INE0CLI01024,
RATNAMANI,EQ,2301.85,2322.05,2262.0,2307.0,2305.0,2301.85,31970,73344419.35,13-JUN-2023,10369,INE703B01027,
RAYMOND,EQ,1675.0,1681.0,1650.3,1657.7,1655.9,1663.7,172781,287873236.45,13-JUN-2023,11081,INE301A01014,
RBA,EQ,108.0,108.9,106.55,108.0,107.8,107.6,1043825,112421403.8,13-JUN-2023,6484,INE07T201019,
RBL,EQ,757.45,774.75,754.15,771.75,772.0,753.75,14149,10841375.6,13-JUN-2023,1803,INE244J01017,
RBLBANK,EQ,178.65,179.5,175.75,178.65,178.2,177.95,5881090,1047869400.65,13-JUN-2023,29378,INE976G01028,
RCF,EQ,107.85,109.8,107.25,108.3,108.15,107.55,2602151,282871005.7,13-JUN-2023,12383,INE027A01015,
RCOM,BE,1.2,1.2,1.15,1.15,1.15,1.2,11113381,12841506.65,13-JUN-2023,4888,INE330H01018,
RECLTD,EQ,155.15,156.2,151.8,154.9,154.85,154.6,12418368,1918385620.9,13-JUN-2023,60883,INE020B01018,
REDINGTON,EQ,189.0,189.5,186.2,186.95,187.2,188.0,936295,175942497.15,13-JUN-2023,11148,INE891D01026,
REFEX,EQ,532.0,532.85,519.0,520.45,521.0,524.6,112528,59233444.05,13-JUN-2023,4799,INE056I01017,
REGENCERAM,BE,27.75,28.25,27.05,28.25,28.25,26.95,10168,284695.0,13-JUN-2023,88,INE277C01012,
RELAXO,EQ,902.2,909.45,898.3,902.15,904.0,902.2,76323,68891660.4,13-JUN-2023,7166,INE131B01039,
RELCAPITAL,BE,9.3,9.4,8.9,9.0,9.0,9.35,962209,8792794.25,13-JUN-2023,2718,INE013A01015,
RELCHEMQ,EQ,198.0,202.0,189.45,193.3,192.95,199.55,44550,8676199.75,13-JUN-2023,1858,INE750D01016,
RELIANCE,EQ,2495.0,2523.45,2486.25,2520.85,2517.9,2484.15,5190958,13024409119.2,13-JUN-2023,179929,INE002A01018,
RELIGARE,EQ,163.0,166.65,162.9,165.65,165.95,162.65,596542,98095348.25,13-JUN-2023,6802,INE621H01010,
RELINFRA,EQ,140.65,146.3,140.25,143.85,143.7,139.4,4669256,670453313.55,13-JUN-2023,25830,INE036A01016,
REMSONSIND,EQ,246.7,250.8,244.1,246.3,245.0,246.7,3284,813777.25,13-JUN-2023,239,INE474C01015,
RENUKA,EQ,44.2,44.45,43.3,43.7,43.75,43.8,8186245,359464205.8,13-JUN-2023,15301,INE087H01022,
REPCOHOME,EQ,306.0,310.0,303.15,305.9,305.0,305.2,551548,168936455.7,13-JUN-2023,17120,INE612J01015,
REPL,EQ,171.0,174.35,170.1,171.15,170.3,171.2,9375,1611479.9,13-JUN-2023,302,INE364Z01019,
REPRO,EQ,578.7,592.6,570.0,589.05,583.15,575.05,32586,19061919.25,13-JUN-2023,1646,INE461B01014,
RESPONIND,EQ,178.0,180.9,174.7,177.1,175.0,176.5,326449,58340846.45,13-JUN-2023,4625,INE688D01026,
REVATHI,EQ,1834.95,1860.9,1780.0,1785.8,1781.55,1817.15,13369,24292163.0,13-JUN-2023,2199,INE617A01013,
RGL,EQ,92.0,93.2,89.5,90.6,90.9,91.4,87267,7995229.85,13-JUN-2023,1048,INE722H01024,
RHFL,EQ,3.5,3.5,3.4,3.5,3.5,3.35,3717411,12951026.85,13-JUN-2023,3305,INE217K01011,
RHIM,EQ,664.0,689.85,664.0,682.3,678.0,663.85,285979,195245730.15,13-JUN-2023,21223,INE743M01012,
RHL,EQ,98.9,103.4,97.15,98.25,97.9,99.35,61797,6270449.25,13-JUN-2023,596,INE508K01013,
RICOAUTO,EQ,89.0,91.45,88.8,90.1,90.2,88.55,2051371,185083867.45,13-JUN-2023,9708,INE209B01025,
RIIL,EQ,958.3,977.0,955.0,960.0,959.0,953.5,396243,382314290.55,13-JUN-2023,15206,INE046A01015,
RITCO,EQ,174.8,175.05,171.9,172.95,172.0,172.6,17591,3043109.15,13-JUN-2023,244,INE01EG01016,
RITES,EQ,376.0,385.7,375.85,381.15,381.0,374.9,594702,226363308.8,13-JUN-2023,13627,INE320J01015,
RKEC,EQ,56.0,56.7,54.9,55.15,55.7,56.05,47399,2627673.35,13-JUN-2023,372,INE786W01010,
RKFORGE,EQ,389.0,416.0,388.35,411.9,413.35,385.7,1235019,498291448.15,13-JUN-2023,27538,INE399G01023,
RML,EQ,600.2,611.0,600.0,604.7,603.0,594.4,26590,16114142.9,13-JUN-2023,2179,INE050H01012,
ROHLTD,EQ,340.8,345.25,338.95,343.8,343.3,339.85,67150,23048017.4,13-JUN-2023,2812,INE283H01019,
ROLEXRINGS,EQ,1949.55,1994.9,1947.35,1954.35,1958.0,1949.5,36102,71210529.25,13-JUN-2023,3707,INE645S01016,
ROLLT,EQ,1.15,1.15,1.1,1.1,1.1,1.1,225158,255071.05,13-JUN-2023,159,INE927A01040,
ROML,EQ,44.7,45.8,43.2,43.4,43.25,44.7,5289,231530.0,13-JUN-2023,121,INE294G01026,
ROSSARI,EQ,842.95,851.55,830.45,843.0,845.0,842.95,106411,89543990.4,13-JUN-2023,7739,INE02A801020,
ROSSELLIND,EQ,332.45,351.35,332.45,342.1,341.5,332.85,299480,103125362.15,13-JUN-2023,9658,INE847C01020,
ROTO,EQ,689.3,695.0,683.95,686.6,689.25,685.3,39189,27005586.35,13-JUN-2023,3081,INE535D01029,
ROUTE,EQ,1500.65,1524.75,1500.0,1503.95,1503.1,1498.05,163687,247413265.85,13-JUN-2023,7441,INE450U01017,
RPGLIFE,EQ,925.95,934.0,903.45,918.55,918.0,925.95,45474,41789653.3,13-JUN-2023,4565,INE105J01010,
RPOWER,EQ,16.3,16.9,15.65,16.05,16.0,15.85,269392680,4362745055.05,13-JUN-2023,182020,INE614G01033,
RPPINFRA,EQ,53.85,54.8,53.1,53.6,53.95,53.5,146920,7919704.0,13-JUN-2023,1561,INE324L01013,
RPPL,EQ,160.0,164.1,160.0,162.8,163.0,161.55,20206,3265954.8,13-JUN-2023,312,INE760W01015,
RPSGVENT,EQ,451.35,470.0,451.35,454.5,455.85,451.35,46926,21634170.15,13-JUN-2023,3955,INE425Y01011,
RSSOFTWARE,BE,34.45,35.7,34.3,35.7,35.7,34.0,84846,3010329.65,13-JUN-2023,274,INE165B01029,
RSWM,EQ,214.0,215.65,210.55,212.9,214.0,214.15,114603,24389831.5,13-JUN-2023,3827,INE611A01016,
RSYSTEMS,EQ,388.95,389.9,381.95,386.05,386.0,385.55,177062,68452513.65,13-JUN-2023,2718,INE411H01032,
RTNINDIA,EQ,38.8,39.45,38.5,38.9,38.9,38.65,801079,31190699.95,13-JUN-2023,3875,INE834M01019,
RTNPOWER,EQ,4.15,4.35,4.15,4.25,4.3,4.1,26951226,115437333.45,13-JUN-2023,10906,INE399K01017,
RUBYMILLS,EQ,233.05,237.0,212.1,214.0,215.2,227.45,466376,104130797.75,13-JUN-2023,14362,INE301D01026,
RUCHINFRA,BE,8.5,8.55,8.4,8.45,8.45,8.4,59767,505454.7,13-JUN-2023,238,INE413B01023,
RUCHIRA,EQ,113.95,118.7,113.95,116.3,116.4,113.2,200783,23381838.8,13-JUN-2023,3312,INE803H01014,
RUPA,EQ,262.2,276.7,262.15,275.45,274.7,261.15,557669,150874903.4,13-JUN-2023,15118,INE895B01021,
RUSHIL,EQ,309.1,316.25,300.35,302.9,301.5,309.05,91674,28096728.8,13-JUN-2023,2230,INE573K01017,
RUSTOMJEE,EQ,560.05,567.0,558.15,564.55,564.0,560.05,31126,17563018.6,13-JUN-2023,1418,INE263M01029,
RVHL,EQ,26.15,27.7,26.05,26.75,26.8,26.5,170202,4613527.4,13-JUN-2023,610,INE09E501017,
RVNL,EQ,124.35,124.45,121.65,121.95,122.05,123.8,9442611,1158791224.65,13-JUN-2023,51379,INE415G01027,
S&SPOWER,BE,38.95,39.55,38.95,39.55,39.55,37.7,2520,99612.6,13-JUN-2023,14,INE902B01017,
SABEVENTS,BE,3.9,3.9,3.9,3.9,3.9,3.9,100,390.0,13-JUN-2023,1,INE860T01019,
SABTN,BE,1.6,1.6,1.55,1.55,1.55,1.6,1200,1915.0,13-JUN-2023,5,INE416A01036,
SADBHAV,BE,11.7,12.25,11.7,12.1,12.1,11.7,166543,1995481.3,13-JUN-2023,351,INE226H01026,
SADBHIN,BE,4.1,4.45,4.1,4.35,4.3,4.3,114594,495813.95,13-JUN-2023,262,INE764L01010,
SADHNANIQ,EQ,135.5,137.85,132.8,133.35,133.55,134.1,57187,7727285.6,13-JUN-2023,1277,INE888C01040,
SAFARI,EQ,2909.95,2909.95,2850.0,2876.45,2878.9,2884.9,10246,29402512.85,13-JUN-2023,2509,INE429E01023,
SAGARDEEP,EQ,21.1,21.7,21.05,21.25,21.2,21.1,13317,284865.4,13-JUN-2023,157,INE976T01013,
SAGCEM,EQ,221.0,227.0,217.0,223.0,223.0,218.85,413488,91783700.8,13-JUN-2023,14770,INE229C01021,
SAH,EQ,87.0,88.55,84.2,87.05,87.0,86.85,230236,20017363.35,13-JUN-2023,1856,INE035801013,
SAHYADRI,EQ,416.4,418.45,402.5,414.25,405.0,413.85,35456,14576578.45,13-JUN-2023,1974,INE280H01015,
SAIL,EQ,83.75,84.95,83.75,84.1,84.35,83.55,14147667,1192456137.55,13-JUN-2023,30106,INE114A01011,
SAKAR,EQ,263.0,263.0,255.35,257.8,257.3,259.55,19090,4952685.7,13-JUN-2023,829,INE732S01012,
SAKHTISUG,EQ,26.9,26.9,26.0,26.15,26.15,26.5,459790,12125218.4,13-JUN-2023,1508,INE623A01011,
SAKSOFT,EQ,291.7,301.7,289.15,301.7,301.7,287.35,788524,236704611.75,13-JUN-2023,6052,INE667G01023,
SAKUMA,EQ,15.45,15.5,14.4,14.7,14.75,15.2,725348,10854414.65,13-JUN-2023,1824,INE190H01024,
SALASAR,EQ,46.0,47.6,46.0,47.1,47.1,46.0,611972,28800341.25,13-JUN-2023,2514,INE170V01027,
SALONA,EQ,294.55,296.85,285.1,289.95,290.1,294.15,13104,3800455.85,13-JUN-2023,886,INE498E01010,
SALSTEEL,EQ,17.3,17.3,16.65,17.0,17.05,16.7,167494,2832350.6,13-JUN-2023,750,INE658G01014,
SALZERELEC,EQ,354.45,362.4,347.3,360.55,360.85,353.5,202769,72011353.7,13-JUN-2023,9652,INE457F01013,
SAMBHAAV,EQ,3.2,3.3,3.05,3.1,3.2,3.1,92226,290620.25,13-JUN-2023,128,INE699B01027,
SANDESH,EQ,933.4,933.4,922.6,927.95,929.0,921.4,428,397318.45,13-JUN-2023,63,INE583B01015,
SANDHAR,EQ,291.25,300.95,291.05,300.05,300.2,291.05,501833,150059702.3,13-JUN-2023,11099,INE278H01035,
SANGAMIND,EQ,274.9,288.0,274.9,284.05,283.2,272.75,83289,23579474.55,13-JUN-2023,3800,INE495C01010,
SANGHIIND,EQ,70.0,70.5,68.3,68.6,68.55,69.8,301019,20840789.2,13-JUN-2023,1109,INE999B01013,
SANGHVIMOV,EQ,477.25,481.0,471.65,477.3,478.1,470.2,116426,55409671.65,13-JUN-2023,4726,INE989A01024,
SANGINITA,EQ,18.3,18.6,18.2,18.45,18.35,18.1,23467,432384.25,13-JUN-2023,96,INE753W01010,
SANOFI,EQ,6860.0,6924.95,6800.0,6849.0,6860.05,6837.95,24247,166470592.8,13-JUN-2023,5755,INE058A01010,
SANSERA,EQ,850.1,858.0,850.05,853.6,851.0,850.9,91357,77965243.1,13-JUN-2023,7419,INE953O01021,
SAPPHIRE,EQ,1341.0,1413.75,1336.0,1403.9,1404.0,1345.1,74087,102311774.15,13-JUN-2023,14954,INE806T01012,
SARDAEN,EQ,1393.7,1400.0,1355.0,1361.35,1361.0,1375.85,89984,124102340.45,13-JUN-2023,6154,INE385C01013,
SAREGAMA,EQ,312.75,317.5,310.5,312.3,313.15,312.75,243711,76539790.1,13-JUN-2023,5901,INE979A01025,
SARLAPOLY,EQ,40.0,40.8,38.75,40.0,39.85,39.9,134702,5347677.5,13-JUN-2023,995,INE453D01025,
SARVESHWAR,EQ,76.5,76.5,74.0,74.4,74.0,76.45,5427,408150.7,13-JUN-2023,183,INE324X01018,
SASKEN,EQ,870.0,870.0,853.0,856.3,853.0,856.35,7360,6330910.4,13-JUN-2023,663,INE231F01020,
SASTASUNDR,EQ,302.5,314.05,296.4,311.15,312.0,300.55,117546,36297833.1,13-JUN-2023,6340,INE019J01013,
SATIA,EQ,110.7,111.25,109.9,111.05,110.95,109.95,110011,12186378.65,13-JUN-2023,1685,INE170E01023,
SATIN,EQ,175.7,176.55,170.0,173.25,172.0,174.5,491053,84866180.35,13-JUN-2023,8238,INE836B01017,
SATINDLTD,EQ,73.35,73.8,71.6,72.55,72.55,72.35,117420,8493097.15,13-JUN-2023,1377,INE065D01027,
SBC,BE,21.1,21.2,20.7,20.85,20.85,21.1,369812,7732358.8,13-JUN-2023,1041,INE04AK01028,
SBCL,EQ,667.0,673.7,650.05,653.65,653.0,667.6,167808,110941054.2,13-JUN-2023,9199,INE386D01027,
SBGLP,EQ,220.95,225.2,218.3,219.9,220.0,220.5,23130,5126733.75,13-JUN-2023,587,INE05ST01010,
SBICARD,EQ,926.0,932.7,921.1,926.25,924.5,924.5,1763766,1636101396.4,13-JUN-2023,45498,INE018E01016,
SBIETFCON,EQ,80.22,82.54,80.22,82.39,82.54,81.4,2025,166488.69,13-JUN-2023,86,INF200KA1X17,
SBIETFIT,EQ,303.97,303.97,301.25,302.43,302.94,301.11,14984,4525988.98,13-JUN-2023,163,INF200KA1S14,
SBIETFPB,EQ,226.7,227.5,225.52,225.65,225.52,225.52,1065,241226.44,13-JUN-2023,37,INF200KA1S22,
SBIETFQLTY,EQ,161.0,161.99,161.0,161.28,161.31,160.43,1752,282687.79,13-JUN-2023,40,INF200KA1WX6,
SBILIFE,EQ,1238.0,1248.8,1238.0,1243.3,1241.0,1238.9,1253147,1557508723.15,13-JUN-2023,47701,INE123W01016,
SBIN,EQ,579.45,581.4,574.25,576.4,576.35,578.65,12612098,7270079551.55,13-JUN-2023,198530,INE062A01020,
SCAPDVR,BE,17.95,17.95,17.15,17.6,17.7,17.7,231005,4045212.9,13-JUN-2023,172,INE224E01036,
SCHAEFFLER,EQ,3142.0,3164.8,3090.0,3100.35,3100.0,3165.8,99797,309814369.45,13-JUN-2023,14602,INE513A01022,
SCHAND,EQ,192.9,196.0,192.15,194.5,194.4,190.05,104732,20335408.05,13-JUN-2023,3174,INE807K01035,
SCHNEIDER,EQ,250.0,251.25,244.7,247.3,248.4,250.15,401990,99372409.0,13-JUN-2023,8213,INE839M01018,
SCI,EQ,104.8,105.8,103.65,105.25,105.05,104.8,1140901,119779457.45,13-JUN-2023,6323,INE109A01011,
SCPL,EQ,446.0,446.7,435.0,436.7,435.0,442.3,13351,5891033.8,13-JUN-2023,1937,INE501Y01019,
SDBL,EQ,250.1,252.35,243.95,246.6,246.7,249.6,317783,78612975.6,13-JUN-2023,8964,INE480C01020,
SDL24BEES,EQ,113.99,114.0,113.85,114.0,114.0,113.99,622,70899.83,13-JUN-2023,21,INF204KB18W4,
SDL26BEES,EQ,113.55,113.75,113.55,113.65,113.65,113.75,169,19218.57,13-JUN-2023,18,INF204KC1022,
SEAMECLTD,EQ,656.2,659.4,638.05,641.8,641.05,652.9,22912,14803598.2,13-JUN-2023,4169,INE497B01018,
SECURCRED,EQ,24.15,25.2,24.1,24.7,24.6,24.15,363974,9018740.0,13-JUN-2023,977,INE195Y01010,
SECURKLOUD,EQ,35.7,35.7,34.5,35.4,35.65,34.3,52014,1838125.45,13-JUN-2023,593,INE650K01021,
SEJALLTD,BE,237.0,242.95,230.0,237.0,237.0,237.85,1575,370494.0,13-JUN-2023,32,INE955I01044,
SELAN,EQ,307.5,307.5,300.55,301.75,301.8,305.8,64988,19658703.85,13-JUN-2023,2595,INE818A01017,
SELMC,BE,154.65,154.7,151.7,154.7,154.7,151.7,22396,3463759.4,13-JUN-2023,433,INE105I01020,
SEPC,EQ,8.45,8.45,8.45,8.45,8.45,8.05,349142,2950249.9,13-JUN-2023,175,INE964H01014,
SEPOWER,EQ,20.3,20.35,19.15,19.6,19.8,20.15,250821,4975454.65,13-JUN-2023,1350,INE735M01018,
SEQUENT,EQ,77.9,78.4,75.0,75.5,75.65,77.5,939357,71805565.75,13-JUN-2023,8665,INE807F01027,
SERVOTECH,BE,150.6,150.6,144.5,150.6,150.6,143.45,629811,94385397.45,13-JUN-2023,3445,INE782X01025,
SESHAPAPER,EQ,268.4,273.2,267.1,272.35,273.0,268.45,52304,14151732.7,13-JUN-2023,2974,INE630A01024,
SETCO,BE,6.9,6.95,6.8,6.85,6.85,6.8,25025,171737.45,13-JUN-2023,117,INE878E01021,
SETF10GILT,EQ,217.01,217.5,217.01,217.06,217.03,216.61,3646,792102.91,13-JUN-2023,27,INF200KA1JT1,
SETFGOLD,EQ,52.45,52.63,52.21,52.45,52.4,52.45,368845,19331916.96,13-JUN-2023,1725,INF200KA16D8,
SETFNIF50,EQ,193.45,194.4,193.45,194.27,194.3,193.34,116460,22614954.04,13-JUN-2023,1780,INF200KA1FS1,
SETFNIFBK,EQ,443.76,445.59,443.38,445.32,445.43,443.77,10892,4845348.91,13-JUN-2023,487,INF200KA1580,
SETFNN50,EQ,449.71,453.77,449.71,453.29,451.25,449.71,18661,8453399.34,13-JUN-2023,302,INF200KA1598,
SEYAIND,BE,25.8,25.8,23.8,24.75,24.65,24.8,6893,170035.45,13-JUN-2023,51,INE573R01012,
SFL,EQ,1180.0,1230.0,1180.0,1210.45,1201.0,1154.5,902566,1092652265.6,13-JUN-2023,43215,INE916U01025,
SGIL,EQ,165.15,193.2,165.15,181.95,182.0,165.0,517454,93616254.3,13-JUN-2023,10414,INE00QT01015,
SGL,EQ,15.1,15.15,14.6,14.75,14.85,14.85,6676,98957.8,13-JUN-2023,145,INE353H01010,
SHAHALLOYS,EQ,41.9,42.95,39.1,42.95,42.95,40.95,55940,2335044.9,13-JUN-2023,746,INE640C01011,
SHAILY,EQ,1336.95,1364.05,1309.95,1350.75,1350.0,1308.8,3457,4621889.25,13-JUN-2023,633,INE151G01010,
SHAKTIPUMP,EQ,589.9,599.95,582.65,595.95,598.0,587.95,91881,54478964.4,13-JUN-2023,5760,INE908D01010,
SHALBY,EQ,143.9,145.9,142.9,144.1,144.25,143.2,92306,13344748.0,13-JUN-2023,2172,INE597J01018,
SHALPAINTS,EQ,150.5,150.95,148.3,148.9,148.55,149.2,30711,4591900.25,13-JUN-2023,670,INE849C01026,
SHANKARA,EQ,760.0,760.9,754.0,757.65,756.2,756.45,28797,21834440.1,13-JUN-2023,3581,INE274V01019,
SHANTI,EQ,17.1,17.4,16.85,16.9,16.9,17.1,4512,76548.6,13-JUN-2023,58,INE933X01016,
SHANTIGEAR,EQ,432.7,452.0,432.05,439.5,440.0,430.55,170055,75660491.9,13-JUN-2023,8275,INE631A01022,
SHARDACROP,EQ,565.7,567.95,557.0,559.0,557.0,560.65,123279,69112311.55,13-JUN-2023,7234,INE221J01015,
SHARDAMOTR,EQ,822.2,834.75,810.45,816.15,813.9,810.05,23193,19103526.7,13-JUN-2023,3780,INE597I01028,
SHAREINDIA,EQ,1302.0,1329.9,1282.0,1286.05,1282.5,1304.6,67976,88621083.15,13-JUN-2023,4162,INE932X01018,
SHARIABEES,EQ,401.11,411.84,401.11,409.58,409.51,407.11,728,298257.94,13-JUN-2023,58,INF732E01128,
SHEMAROO,EQ,153.6,154.55,147.6,149.9,151.0,152.1,61235,9240321.25,13-JUN-2023,2570,INE363M01019,
SHILPAMED,EQ,238.35,240.95,236.65,239.1,239.3,236.6,323068,77161684.35,13-JUN-2023,6532,INE790G01031,
SHIVALIK,EQ,743.05,750.0,734.95,747.0,737.0,738.15,10626,7906770.45,13-JUN-2023,1148,INE788J01021,
SHIVAMAUTO,EQ,26.35,27.55,25.3,25.55,25.5,25.2,434959,11325800.1,13-JUN-2023,1805,INE637H01024,
SHIVAMILLS,BE,74.3,78.2,74.3,76.35,77.0,76.3,5980,451712.9,13-JUN-2023,188,INE644Y01017,
SHIVATEX,EQ,118.4,120.0,118.4,119.0,119.0,119.15,3857,460842.4,13-JUN-2023,160,INE705C01020,
SHK,EQ,117.35,120.45,116.0,117.4,116.5,115.6,231133,27424071.15,13-JUN-2023,3652,INE500L01026,
SHOPERSTOP,EQ,779.95,793.35,765.6,770.8,768.0,777.65,91248,71258588.05,13-JUN-2023,5953,INE498B01024,
SHRADHA,EQ,57.5,59.8,52.4,53.0,53.55,56.8,92991,5118804.05,13-JUN-2023,1250,INE715Y01023,
SHREDIGCEM,EQ,82.0,86.8,82.0,84.85,85.2,81.75,2666652,226490834.55,13-JUN-2023,12272,INE232A01011,
SHREECEM,EQ,25900.0,26220.0,25750.35,26164.0,26099.95,25715.4,34032,886656582.7,13-JUN-2023,12519,INE070A01015,
SHREEPUSHK,EQ,190.6,191.8,182.3,183.95,184.45,189.5,137757,25622780.4,13-JUN-2023,5679,INE712K01011,
SHREERAMA,EQ,10.85,10.85,10.0,10.15,10.15,10.6,319398,3282798.2,13-JUN-2023,769,INE879A01019,
SHRENIK,EQ,1.05,1.1,1.05,1.05,1.1,1.05,828802,884664.55,13-JUN-2023,715,INE632X01030,
SHRERA-RE,BE,1.15,1.15,0.7,0.7,0.75,1.15,893777,647888.25,13-JUN-2023,361,INE879A20019,
SHREYANIND,EQ,220.55,259.5,215.9,249.0,252.5,219.0,831697,206358622.15,13-JUN-2023,25850,INE231C01019,
SHREYAS,EQ,323.85,329.65,321.55,324.4,323.55,322.35,34222,11116612.0,13-JUN-2023,2083,INE757B01015,
SHRIPISTON,EQ,1615.0,1625.0,1580.0,1588.9,1590.0,1549.85,13792,22086713.2,13-JUN-2023,901,INE526E01018,
SHRIRAMFIN,EQ,1458.1,1461.0,1435.0,1443.4,1443.0,1452.35,660172,955003543.7,13-JUN-2023,43147,INE721A01013,
SHRIRAMPPS,EQ,67.0,67.3,65.4,66.85,66.95,66.65,399658,26637363.65,13-JUN-2023,2787,INE217L01019,
SHYAMCENT,EQ,18.35,18.4,18.15,18.25,18.3,18.45,247015,4527966.7,13-JUN-2023,821,INE979R01011,
SHYAMMETL,EQ,324.4,324.4,316.55,317.4,317.9,321.4,131431,41898998.5,13-JUN-2023,4766,INE810G01011,
SHYAMTEL,EQ,7.6,7.6,7.6,7.6,7.6,8.45,1950,14820.0,13-JUN-2023,8,INE635A01023,
SIEMENS,EQ,3655.0,3742.2,3645.05,3734.4,3731.0,3658.4,301398,1116268514.4,13-JUN-2023,34918,INE003A01024,
SIGACHI,EQ,252.8,252.8,248.6,249.2,249.4,251.6,40858,10233434.55,13-JUN-2023,2098,INE0D0K01014,
SIGIND,EQ,43.6,52.2,43.4,52.2,52.2,43.5,1537402,78640549.15,13-JUN-2023,6734,INE529F01035,
SIGMA,EQ,331.0,331.0,307.15,308.3,308.9,317.4,32935,10624406.15,13-JUN-2023,1474,INE0A0S01010,
SIKKO,BE,62.8,62.8,59.85,61.85,61.8,61.25,55726,3370863.15,13-JUN-2023,840,INE112X01017,
SIL,BE,25.45,26.5,25.1,25.3,25.45,25.45,130098,3313666.65,13-JUN-2023,757,INE173A01025,
SILGO,EQ,24.15,24.55,22.55,23.1,23.85,23.85,73625,1709918.9,13-JUN-2023,597,INE01II01013,
SILINV,EQ,307.95,345.8,300.75,314.25,316.85,301.45,8027,2606650.4,13-JUN-2023,521,INE923A01015,
SILLYMONKS,EQ,16.0,16.45,15.8,16.05,16.25,16.0,14460,233633.55,13-JUN-2023,64,INE203Y01012,
SILVER,EQ,74.74,75.18,74.42,74.71,74.72,74.93,27236,2036609.7,13-JUN-2023,308,INF209KB19F6,
SILVERBEES,EQ,72.27,72.35,72.0,72.27,72.23,72.35,529771,38247800.52,13-JUN-2023,2532,INF204KC1402,
SILVERETF,EQ,73.99,73.99,73.06,73.21,73.25,73.48,2597,190268.83,13-JUN-2023,66,INF789F1AYK6,
SILVERTUC,EQ,375.35,375.9,367.4,373.45,372.0,372.1,20583,7687650.65,13-JUN-2023,498,INE625X01018,
SIMBHALS,EQ,27.3,27.75,26.25,26.9,26.9,27.55,66849,1817219.35,13-JUN-2023,526,INE748T01016,
SIMPLEXINF,EQ,34.6,35.7,34.35,35.15,35.0,34.2,43667,1531971.1,13-JUN-2023,344,INE059B01024,
SINTERCOM,EQ,119.3,119.3,112.1,116.75,117.0,119.0,10827,1252749.8,13-JUN-2023,263,INE129Z01016,
SIRCA,EQ,343.0,346.3,341.1,343.9,344.15,339.55,129483,44513057.0,13-JUN-2023,4847,INE792Z01011,
SIS,EQ,400.2,405.0,400.2,404.85,404.7,400.2,60718,24568938.75,13-JUN-2023,4785,INE285J01028,
SITINET,BE,0.75,0.85,0.75,0.8,0.8,0.8,1523170,1170891.7,13-JUN-2023,528,INE965H01011,
SIYSIL,EQ,560.9,567.7,556.0,559.5,559.0,556.3,102417,57480632.05,13-JUN-2023,5267,INE076B01028,
SJS,EQ,537.0,543.2,531.6,534.2,534.0,532.4,58448,31399963.85,13-JUN-2023,3898,INE284S01014,
SJVN,EQ,39.0,39.6,38.2,38.35,38.4,38.05,17566106,680649129.35,13-JUN-2023,30603,INE002L01015,
SKFINDIA,EQ,4768.2,4823.7,4705.55,4801.3,4800.0,4746.05,20340,97126072.15,13-JUN-2023,5934,INE640A01023,
SKIPPER,EQ,139.0,144.0,137.0,141.35,141.0,137.9,624662,88235657.9,13-JUN-2023,6523,INE439E01022,
SKMEGGPROD,EQ,228.7,231.9,221.1,224.05,224.0,229.35,121638,27572669.45,13-JUN-2023,3188,INE411D01015,
SKYGOLD,BE,297.0,310.0,284.0,306.7,307.95,296.4,26048,7865952.95,13-JUN-2023,748,INE01IU01018,
SMARTLINK,EQ,165.8,168.6,162.6,164.65,164.5,162.6,13968,2308643.65,13-JUN-2023,955,INE178C01020,
SMCGLOBAL,EQ,74.9,77.7,74.15,76.65,77.05,74.3,73501,5544260.45,13-JUN-2023,614,INE103C01036,
SMLISUZU,EQ,1112.25,1163.75,1103.35,1122.8,1122.0,1103.65,106254,120016648.35,13-JUN-2023,9324,INE294B01019,
SMLT,EQ,209.0,242.0,208.95,222.95,221.0,202.15,1153763,258935238.7,13-JUN-2023,27532,INE017W01010,
SMSLIFE,EQ,530.0,530.5,525.05,529.75,529.9,527.25,2499,1323431.25,13-JUN-2023,136,INE320X01016,
SMSPHARMA,EQ,92.7,92.95,91.0,91.65,92.0,92.2,64583,5915231.2,13-JUN-2023,976,INE812G01025,
SNOWMAN,EQ,43.6,43.6,42.55,43.1,43.4,43.6,1042981,44800610.05,13-JUN-2023,3788,INE734N01019,
SOBHA,EQ,539.9,564.0,538.15,561.45,561.0,538.55,1282833,709588804.75,13-JUN-2023,27760,INE671H01015,
SOFTTECH,EQ,138.85,139.95,134.6,134.9,134.75,138.8,11567,1582408.15,13-JUN-2023,514,INE728Z01015,
SOLARA,EQ,354.0,356.75,352.2,354.1,354.5,353.0,69892,24793318.1,13-JUN-2023,5403,INE624Z01016,
SOLARINDS,EQ,3899.75,3951.95,3861.0,3871.7,3861.0,3881.75,86848,338570967.0,13-JUN-2023,15086,INE343H01029,
SOMANYCERA,EQ,670.2,677.0,657.55,662.1,663.2,668.0,69065,45772684.0,13-JUN-2023,13600,INE355A01028,
SOMATEX,BE,27.15,27.15,25.8,25.8,25.8,27.15,135546,3505400.65,13-JUN-2023,481,INE314C01013,
SOMICONVEY,BE,54.0,56.55,54.0,55.25,55.4,54.25,22912,1276526.95,13-JUN-2023,189,INE323J01019,
SONACOMS,EQ,532.0,534.2,528.1,529.65,529.25,528.85,1020347,541049315.55,13-JUN-2023,22854,INE073K01018,
SONAMCLOCK,EQ,56.35,57.1,53.9,54.35,55.5,55.8,27855,1535428.9,13-JUN-2023,297,INE00LM01011,
SONATSOFTW,EQ,1024.0,1045.0,1017.1,1037.65,1045.0,1016.35,329927,340678097.3,13-JUN-2023,18308,INE269A01021,
SOTL,EQ,283.55,283.9,280.0,280.35,280.2,281.45,34247,9619821.7,13-JUN-2023,1368,INE035D01020,
SOUTHBANK,EQ,18.85,18.95,18.1,18.15,18.2,18.65,22834869,421443733.25,13-JUN-2023,11956,INE683A01023,
SOUTHWEST,EQ,156.3,157.8,148.5,151.3,151.7,156.3,45334,6895429.8,13-JUN-2023,890,INE980Y01015,
SPAL,EQ,428.7,430.1,418.05,420.5,420.0,428.7,24174,10232044.85,13-JUN-2023,1767,INE212I01016,
SPANDANA,EQ,703.05,727.8,695.55,715.2,717.45,696.1,288477,206684804.45,13-JUN-2023,10594,INE572J01011,
SPARC,EQ,192.0,192.4,190.25,191.05,191.0,191.4,99474,19006481.1,13-JUN-2023,2041,INE232I01014,
SPCENET,EQ,18.15,18.15,17.6,17.8,17.75,17.95,923939,16496020.0,13-JUN-2023,494,INE970N01027,
SPECIALITY,EQ,233.5,237.6,230.7,232.35,232.0,231.8,184184,42997735.15,13-JUN-2023,4964,INE247M01014,
SPENCERS,EQ,63.9,64.9,63.0,63.15,63.25,63.1,118629,7554819.95,13-JUN-2023,1816,INE020801028,
SPIC,EQ,66.75,67.7,66.3,66.6,66.75,66.3,567944,37995177.35,13-JUN-2023,2991,INE147A01011,
SPLIL,EQ,66.8,67.9,65.5,65.9,66.5,66.35,42545,2827882.75,13-JUN-2023,766,INE978G01016,
SPLPETRO,EQ,380.0,382.4,376.0,380.5,380.0,375.5,119895,45576277.9,13-JUN-2023,4234,INE663A01033,
SPMLINFRA,BE,36.0,37.4,35.1,37.4,37.4,35.65,142088,5246712.05,13-JUN-2023,236,INE937A01023,
SPORTKING,EQ,782.0,799.8,764.5,771.65,770.0,782.0,12892,10041152.05,13-JUN-2023,1740,INE885H01011,
SPTL,BE,1.35,1.35,1.35,1.35,1.35,1.4,710767,959535.45,13-JUN-2023,937,INE501W01021,
SPYL,BE,0.55,0.55,0.55,0.55,0.55,0.55,20020,11011.0,13-JUN-2023,7,INE268L01020,
SREEL,EQ,195.75,202.4,194.85,199.85,201.9,195.1,42284,8427575.9,13-JUN-2023,1562,INE099F01013,
SREINFRA,BE,2.2,2.2,2.1,2.15,2.15,2.2,251172,531915.9,13-JUN-2023,246,INE872A01014,
SRF,EQ,2357.65,2379.5,2331.05,2344.85,2346.5,2337.85,963612,2261473696.55,13-JUN-2023,67150,INE647A01010,
SRHHYPOLTD,EQ,644.65,648.8,630.6,635.5,638.2,639.35,27724,17777055.15,13-JUN-2023,1508,INE917H01012,
SRPL,EQ,4.05,4.2,3.9,4.05,4.1,4.0,2484528,10067068.25,13-JUN-2023,538,INE008Z01020,
SSWL,EQ,160.1,161.8,159.5,160.3,160.05,161.2,121311,19435835.8,13-JUN-2023,2045,INE802C01033,
STAR,EQ,407.0,413.75,402.0,407.1,405.05,408.8,694856,283963663.4,13-JUN-2023,14644,INE939A01011,
STARCEMENT,EQ,145.7,145.7,142.2,143.5,143.0,144.55,265440,38108768.45,13-JUN-2023,3242,INE460H01021,
STARHEALTH,EQ,509.95,521.0,509.5,519.5,517.1,509.1,510215,263771183.15,13-JUN-2023,14469,INE575P01011,
STARPAPER,EQ,179.2,180.0,175.95,178.05,177.55,176.45,36066,6422706.35,13-JUN-2023,1035,INE733A01018,
STARTECK,EQ,122.35,147.6,122.35,138.15,138.4,123.0,224049,31812933.4,13-JUN-2023,3334,INE992I01013,
STCINDIA,EQ,79.85,79.85,78.25,78.7,78.8,78.7,23942,1883770.65,13-JUN-2023,428,INE655A01013,
STEELCAS,EQ,508.0,508.0,498.8,501.85,504.0,500.5,18680,9409388.3,13-JUN-2023,1611,INE124E01020,
STEELCITY,EQ,63.5,65.5,63.5,65.1,64.5,63.45,39164,2545074.2,13-JUN-2023,313,INE395H01011,
STEELXIND,EQ,15.85,16.2,15.65,15.75,15.85,15.6,6220920,99054936.05,13-JUN-2023,6006,INE503B01021,
STEL,EQ,142.0,142.0,140.6,141.6,141.65,141.85,7187,1014072.3,13-JUN-2023,124,INE577L01016,
STERTOOLS,EQ,357.95,370.0,351.5,358.7,358.45,352.95,119615,43077667.6,13-JUN-2023,6417,INE334A01023,
STLTECH,EQ,152.85,152.85,150.35,150.8,151.0,151.8,434798,65959854.65,13-JUN-2023,5832,INE089C01029,
STOVEKRAFT,EQ,430.0,434.9,430.0,432.85,433.1,429.9,166642,71936342.45,13-JUN-2023,4387,INE00IN01015,
STYLAMIND,EQ,1745.0,1767.9,1652.7,1679.7,1671.95,1757.55,67193,115530073.05,13-JUN-2023,11349,INE239C01020,
STYRENIX,EQ,1042.5,1047.5,1035.35,1040.2,1036.1,1034.35,30169,31387777.3,13-JUN-2023,3777,INE189B01011,
SUBEXLTD,EQ,28.15,28.6,28.05,28.25,28.3,28.3,1102627,31189862.05,13-JUN-2023,2685,INE754A01055,
SUBROS,EQ,346.95,373.95,345.95,357.0,357.15,345.25,97358,35067430.5,13-JUN-2023,6636,INE287B01021,
SUDARSCHEM,EQ,491.15,495.05,485.5,490.7,490.0,491.15,101419,49668982.65,13-JUN-2023,4330,INE659A01023,
SUKHJITS,EQ,451.45,451.7,441.05,445.7,447.7,446.7,9014,4023049.75,13-JUN-2023,487,INE450E01011,
SULA,EQ,450.2,453.9,444.0,449.25,449.75,450.75,723601,325265064.85,13-JUN-2023,17229,INE142Q01026,
SUMICHEM,EQ,403.4,417.75,403.0,411.05,413.0,401.25,562963,232295149.25,13-JUN-2023,20000,INE258G01013,
SUMIT,BE,35.4,35.85,34.4,34.9,34.9,35.4,18265,639698.9,13-JUN-2023,46,INE748Z01013,
SUMMITSEC,EQ,701.0,706.05,692.65,695.7,692.65,695.65,2913,2038010.65,13-JUN-2023,322,INE519C01017,
SUNCLAYLTD,EQ,4579.55,4786.0,4570.0,4736.5,4726.0,4556.75,23825,112710921.75,13-JUN-2023,4877,INE105A01035,
SUNDARAM,EQ,2.35,2.45,2.35,2.35,2.4,2.35,719051,1730814.25,13-JUN-2023,401,INE108E01023,
SUNDARMFIN,EQ,2582.0,2599.9,2537.25,2560.1,2563.0,2598.75,191892,492529035.1,13-JUN-2023,7076,INE660A01013,
SUNDARMHLD,EQ,91.7,92.8,91.35,92.25,92.2,91.3,109513,10088302.4,13-JUN-2023,1207,INE202Z01029,
SUNDRMBRAK,EQ,360.45,374.75,343.3,351.85,349.2,363.7,15801,5699639.55,13-JUN-2023,848,INE073D01013,
SUNDRMFAST,EQ,1162.95,1171.5,1145.0,1157.75,1155.35,1155.35,73928,85884566.65,13-JUN-2023,9104,INE387A01021,
SUNFLAG,EQ,148.0,159.0,146.0,156.7,156.9,147.55,1238818,189693283.35,13-JUN-2023,14344,INE947A01014,
SUNPHARMA,EQ,990.0,996.0,985.55,988.1,988.0,985.45,2413311,2391116073.3,13-JUN-2023,56561,INE044A01036,
SUNTECK,EQ,284.6,284.6,281.0,281.45,281.3,281.6,234461,66030326.2,13-JUN-2023,5624,INE805D01034,
SUNTV,EQ,445.0,451.15,444.2,447.85,448.4,444.65,636590,285144750.65,13-JUN-2023,14391,INE424H01027,
SUPERHOUSE,EQ,210.0,221.0,210.0,216.45,216.35,210.85,104762,22703560.5,13-JUN-2023,4217,INE712B01010,
SUPERSPIN,EQ,7.0,7.0,6.55,6.65,6.65,6.65,22496,151114.5,13-JUN-2023,206,INE662A01027,
SUPRAJIT,EQ,385.7,394.3,385.7,391.1,391.5,383.2,155703,60876817.95,13-JUN-2023,7385,INE399C01030,
SUPREMEIND,EQ,2900.0,3055.0,2900.0,3004.3,3029.95,2899.5,302069,896999290.5,13-JUN-2023,47347,INE195A01028,
SUPREMEINF,BE,22.75,23.0,22.0,22.05,22.75,22.55,6009,134192.2,13-JUN-2023,29,INE550H01011,
SUPRIYA,EQ,241.7,248.0,241.1,245.05,245.4,239.35,196428,47986351.95,13-JUN-2023,4983,INE07RO01027,
SURANASOL,EQ,21.55,22.9,21.1,21.9,21.95,21.05,371534,8228024.15,13-JUN-2023,2008,INE272L01022,
SURANAT&P,EQ,9.75,9.85,9.6,9.65,9.7,9.6,77679,754384.2,13-JUN-2023,363,INE130B01031,
SURYALAXMI,EQ,65.0,65.0,61.3,61.7,61.75,62.65,12983,803982.15,13-JUN-2023,198,INE713B01026,
SURYAROSNI,EQ,804.7,812.0,797.3,800.15,799.0,802.25,152208,122646475.7,13-JUN-2023,7874,INE335A01012,
SURYODAY,EQ,156.9,159.5,154.95,157.75,158.0,156.05,824206,129347102.55,13-JUN-2023,10033,INE428Q01011,
SUTLEJTEX,EQ,49.6,49.85,48.25,48.6,48.25,49.3,119363,5842106.65,13-JUN-2023,1860,INE645H01027,
SUULD,BE,10.85,11.0,10.3,10.3,10.3,10.85,777976,8027738.4,13-JUN-2023,1513,INE591Q01016,
SUVEN,EQ,59.7,59.9,58.65,58.8,59.0,59.55,75550,4480760.1,13-JUN-2023,1003,INE495B01038,
SUVENPHAR,EQ,477.95,477.95,474.25,475.6,475.25,475.05,63496,30211415.95,13-JUN-2023,3001,INE03QK01018,
SUVIDHAA,EQ,3.95,4.15,3.95,3.95,4.0,4.05,194216,777892.65,13-JUN-2023,287,INE018401013,
SUZLON,EQ,15.4,15.75,14.75,15.1,15.1,15.3,390548184,5947982707.7,13-JUN-2023,195421,INE040H01021,
SVLL,EQ,173.35,174.3,168.2,174.0,174.2,173.45,1233,212870.85,13-JUN-2023,93,INE00CE01017,
SVPGLOB,BE,11.15,11.25,10.65,10.85,11.05,10.95,86701,948985.35,13-JUN-2023,284,INE308E01029,
SWANENERGY,EQ,237.1,242.85,233.15,236.75,236.75,235.55,309786,73767279.85,13-JUN-2023,4260,INE665A01038,
SWARAJENG,EQ,2189.9,2202.55,2080.25,2100.95,2104.0,2171.5,39975,85761408.8,13-JUN-2023,7178,INE277A01016,
SWELECTES,EQ,338.95,344.4,333.1,335.8,335.05,332.2,19494,6601568.6,13-JUN-2023,1008,INE409B01013,
SWSOLAR,EQ,312.05,323.1,311.45,315.8,316.5,311.3,534053,169722922.5,13-JUN-2023,10633,INE00M201021,
SYMPHONY,EQ,899.0,938.95,891.55,909.55,910.0,894.2,235144,216207205.35,13-JUN-2023,21028,INE225D01027,
SYNCOMF,EQ,7.85,8.3,7.75,7.95,8.05,7.7,4935497,40062307.15,13-JUN-2023,4730,INE312C01025,
SYNGENE,EQ,738.9,741.2,733.95,738.8,739.15,735.8,357423,263486636.75,13-JUN-2023,25196,INE398R01022,
SYRMA,EQ,403.0,414.5,400.0,410.85,412.2,402.7,918635,375679694.75,13-JUN-2023,20295,INE0DYJ01015,
TAINWALCHM,EQ,130.6,133.85,127.7,128.0,128.25,129.2,12096,1566232.75,13-JUN-2023,379,INE123C01018,
TAJGVK,EQ,231.85,235.65,231.75,234.6,234.9,230.85,85849,20082324.05,13-JUN-2023,2878,INE586B01026,
TAKE,EQ,18.1,18.5,17.95,18.0,18.0,18.1,126799,2300204.5,13-JUN-2023,706,INE142I01023,
TALBROAUTO,EQ,651.75,655.55,635.95,643.95,643.5,647.5,70221,45446103.95,13-JUN-2023,4125,INE187D01011,
TANLA,EQ,830.2,985.0,830.2,963.45,967.0,826.85,7390417,6774786303.2,13-JUN-2023,172237,INE483C01032,
TARAPUR,BE,5.55,5.55,5.35,5.4,5.4,5.55,12788,68969.65,13-JUN-2023,25,INE747K01017,
TARC,EQ,62.75,63.75,59.45,60.55,60.8,61.95,1837779,113773417.8,13-JUN-2023,7274,INE0EK901012,
TARMAT,EQ,74.0,76.2,72.2,74.0,74.45,74.9,41369,3090218.15,13-JUN-2023,1307,INE924H01018,
TARSONS,EQ,561.0,566.35,555.6,557.85,560.0,557.0,75691,42348860.7,13-JUN-2023,6691,INE144Z01023,
TASTYBITE,EQ,11915.6,11994.0,11692.9,11810.65,11800.0,11826.7,1627,19259500.9,13-JUN-2023,805,INE488B01017,
TATACHEM,EQ,990.0,1006.0,989.05,1000.05,999.5,987.75,1236924,1237977453.25,13-JUN-2023,42495,INE092A01019,
TATACOFFEE,EQ,234.25,237.85,234.0,237.05,236.6,233.45,405155,95713119.4,13-JUN-2023,5911,INE493A01027,
TATACOMM,EQ,1478.55,1615.1,1476.05,1598.4,1594.0,1478.55,4728989,7455383403.0,13-JUN-2023,149661,INE151A01013,
TATACONSUM,EQ,802.35,821.1,802.35,819.9,819.5,800.75,2697513,2196994741.75,13-JUN-2023,43397,INE192A01025,
TATAELXSI,EQ,7888.0,7939.95,7825.5,7852.0,7850.1,7858.5,150301,1184962269.1,13-JUN-2023,21632,INE670A01012,
TATAINVEST,EQ,2365.0,2374.9,2338.55,2352.9,2350.0,2358.25,65773,155259291.6,13-JUN-2023,7646,INE672A01018,
TATAMETALI,EQ,789.0,803.3,785.85,796.6,798.0,788.5,80353,63638147.25,13-JUN-2023,4245,INE056C01010,
TATAMOTORS,EQ,567.7,571.05,560.75,562.2,562.45,564.15,12845897,7255715972.55,13-JUN-2023,233002,INE155A01022,
TATAMTRDVR,EQ,301.8,310.2,300.8,309.2,310.0,299.6,4924613,1510895680.4,13-JUN-2023,54631,IN9155A01020,
TATAPOWER,EQ,221.5,222.8,220.85,221.8,221.65,220.95,6249947,1386926165.3,13-JUN-2023,49998,INE245A01021,
TATASTEEL,EQ,110.0,111.85,109.65,111.15,111.05,109.5,30018212,3327632939.35,13-JUN-2023,129410,INE081A01020,
TATASTLLP,EQ,665.9,679.2,663.55,671.2,669.0,663.55,19916,13363237.0,13-JUN-2023,1511,INE674A01014,
TATVA,EQ,1808.95,1808.95,1757.05,1783.7,1782.05,1774.9,10816,19245590.9,13-JUN-2023,2263,INE0GK401011,
TBZ,EQ,85.7,87.2,85.2,85.65,85.8,85.05,242743,20899880.4,13-JUN-2023,2319,INE760L01018,
TCI,EQ,712.15,720.3,707.2,716.5,712.5,709.85,31182,22293831.35,13-JUN-2023,3526,INE688A01022,
TCIEXP,EQ,1690.0,1700.85,1671.95,1675.7,1682.0,1680.15,12400,20844095.25,13-JUN-2023,2100,INE586V01016,
TCNSBRANDS,EQ,420.25,421.05,415.05,419.45,421.0,416.8,140340,58749778.9,13-JUN-2023,3167,INE778U01029,
TCPLPACK,EQ,1492.95,1511.95,1475.0,1487.35,1485.0,1471.0,10368,15515359.75,13-JUN-2023,2477,INE822C01015,
TCS,EQ,3260.0,3265.0,3239.0,3243.7,3244.9,3246.9,1371928,4458273417.9,13-JUN-2023,90189,INE467B01029,
TDPOWERSYS,EQ,218.8,223.0,215.2,217.5,218.15,217.4,418278,91208466.7,13-JUN-2023,9035,INE419M01027,
TEAMLEASE,EQ,2376.55,2376.55,2319.35,2349.85,2350.0,2354.6,31029,72762425.3,13-JUN-2023,7411,INE985S01024,
TECH,EQ,29.98,29.98,29.11,29.24,29.11,29.54,15994,471738.06,13-JUN-2023,153,INF209KB11D8,
TECHIN,EQ,9.7,9.7,9.05,9.4,9.45,9.0,6653,62383.7,13-JUN-2023,121,INE778A01021,
TECHM,EQ,1079.55,1087.9,1075.4,1079.4,1079.95,1074.75,1846534,1998659995.5,13-JUN-2023,58787,INE669C01036,
TECHNOE,EQ,369.7,373.8,365.75,370.05,370.6,366.95,57004,21040661.95,13-JUN-2023,5045,INE285K01026,
TECILCHEM,BE,23.45,24.45,22.5,24.45,24.45,23.5,195,4637.55,13-JUN-2023,11,INE014B01011,
TEGA,EQ,948.0,985.0,941.8,965.7,959.95,948.1,126889,122733249.75,13-JUN-2023,12164,INE011K01018,
TEJASNET,EQ,720.0,727.0,710.05,714.5,714.5,710.8,711780,511260629.1,13-JUN-2023,19781,INE010J01012,
TEMBO,BE,244.75,244.75,232.0,238.1,239.0,241.95,21776,5160363.05,13-JUN-2023,225,INE869Y01010,
TERASOFT,EQ,45.6,46.8,45.0,46.55,46.8,44.65,56524,2616963.5,13-JUN-2023,625,INE482B01010,
TEXINFRA,EQ,55.85,58.8,55.85,57.25,58.0,56.95,94645,5439980.8,13-JUN-2023,1022,INE435C01024,
TEXMOPIPES,EQ,58.6,59.3,58.3,58.6,58.7,58.55,81361,4782950.7,13-JUN-2023,868,INE141K01013,
TEXRAIL,EQ,67.05,69.85,66.6,69.15,69.0,66.7,7316086,501927362.85,13-JUN-2023,21670,INE621L01012,
TFCILTD,EQ,75.0,75.35,73.65,73.75,73.8,74.8,606365,45223697.35,13-JUN-2023,1488,INE305A01015,
TFL,EQ,9.0,9.15,8.85,9.15,9.15,9.0,5584,50580.2,13-JUN-2023,40,INE804H01012,
TGBHOTELS,BE,11.8,11.8,10.95,11.05,11.35,11.45,28580,316326.55,13-JUN-2023,69,INE797H01018,
THANGAMAYL,EQ,1470.0,1488.8,1454.55,1466.05,1467.0,1441.55,14278,21011287.65,13-JUN-2023,2960,INE085J01014,
THEINVEST,BE,82.1,83.5,81.3,82.1,82.1,83.65,4124,339587.95,13-JUN-2023,46,INE924D01017,
THEMISMED,EQ,1440.75,1459.25,1405.3,1414.55,1411.7,1440.75,5621,8024978.3,13-JUN-2023,1191,INE083B01016,
THERMAX,EQ,2326.0,2348.35,2321.15,2339.7,2342.0,2324.6,17612,41093815.25,13-JUN-2023,3741,INE152A01029,
THOMASCOOK,EQ,68.0,74.45,68.0,72.55,72.75,67.45,3417005,248961217.4,13-JUN-2023,14484,INE332A01027,
THYROCARE,EQ,466.0,471.55,464.0,466.15,467.0,466.0,35906,16799695.8,13-JUN-2023,2820,INE594H01019,
TI,EQ,148.4,151.2,146.0,148.15,149.0,147.5,211548,31444389.3,13-JUN-2023,3080,INE133E01013,
TIDEWATER,EQ,891.25,912.0,884.45,887.6,887.65,891.25,71081,63745491.15,13-JUN-2023,4962,INE484C01030,
TIIL,EQ,1586.55,1669.0,1586.55,1654.0,1659.9,1586.55,48638,79478614.45,13-JUN-2023,6063,INE545H01011,
TIINDIA,EQ,2849.0,2849.05,2783.25,2797.2,2800.15,2840.0,186827,522798960.5,13-JUN-2023,12585,INE974X01010,
TIJARIA,EQ,5.05,5.3,5.0,5.15,5.25,5.0,24310,124265.7,13-JUN-2023,89,INE440L01017,
TIMESGTY,EQ,54.1,56.6,54.1,54.9,54.75,55.6,2936,163345.65,13-JUN-2023,116,INE289C01025,
TIMETECHNO,EQ,110.6,116.0,109.2,115.1,115.0,109.7,9443328,1071351699.05,13-JUN-2023,34197,INE508G01029,
TIMKEN,EQ,3500.0,3500.15,3390.0,3465.25,3459.95,3473.75,27912,96653679.2,13-JUN-2023,6799,INE325A01013,
TINPLATE,EQ,328.45,336.35,328.45,332.1,332.4,328.45,119840,39839379.1,13-JUN-2023,3846,INE422C01014,
TIPSFILMS,EQ,527.0,537.8,505.75,523.1,516.65,524.95,23849,12427397.65,13-JUN-2023,1321,INE0LQS01015,
TIPSINDLTD,EQ,209.6,215.0,207.55,212.75,212.3,207.95,111279,23447904.7,13-JUN-2023,4496,INE716B01029,
TIRUMALCHM,EQ,192.25,195.95,190.6,191.15,191.0,192.25,248303,47895925.85,13-JUN-2023,3922,INE338A01024,
TIRUPATIFL,BE,8.5,8.6,8.1,8.35,8.35,8.45,621047,5125582.8,13-JUN-2023,1159,INE319Y01024,
TITAN,EQ,2859.9,2918.0,2855.1,2912.5,2908.5,2852.6,776313,2255291379.65,13-JUN-2023,62355,INE280A01028,
TMB,EQ,411.95,411.95,407.8,410.45,410.9,409.85,69830,28594955.65,13-JUN-2023,4317,INE668A01016,
TNIDETF,EQ,59.44,59.56,58.92,59.32,59.46,58.76,24152,1431438.03,13-JUN-2023,186,INF277KA1364,
TNPETRO,EQ,77.2,79.8,77.2,79.25,79.3,77.15,237670,18735142.35,13-JUN-2023,2307,INE148A01019,
TNPL,EQ,215.6,217.9,214.75,215.35,215.25,214.1,207820,44935163.6,13-JUN-2023,3346,INE107A01015,
TNTELE,BE,6.45,6.45,6.2,6.35,6.4,6.2,8289,51638.35,13-JUN-2023,45,INE141D01018,
TOKYOPLAST,EQ,100.0,103.45,97.0,99.65,98.0,100.6,42828,4271107.45,13-JUN-2023,1290,INE932C01012,
TORNTPHARM,EQ,1815.95,1820.0,1806.85,1816.15,1816.0,1806.35,662502,1201013354.9,13-JUN-2023,28444,INE685A01028,
TORNTPOWER,EQ,685.0,685.6,665.0,670.25,668.4,683.15,580498,391807405.85,13-JUN-2023,15593,INE813H01021,
TOTAL,EQ,177.8,179.4,172.0,174.25,173.0,178.45,158817,27810618.75,13-JUN-2023,2961,INE336X01012,
TOUCHWOOD,EQ,163.75,168.85,157.0,161.3,160.5,161.0,6125,999604.7,13-JUN-2023,149,INE486Y01013,
TPLPLASTEH,EQ,41.9,41.9,40.2,40.65,40.95,40.95,166306,6830142.0,13-JUN-2023,830,INE413G01022,
TRACXN,EQ,80.0,84.55,78.1,82.5,82.7,79.6,3399965,276870687.2,13-JUN-2023,15038,INE0HMF01019,
TREEHOUSE,EQ,18.0,18.0,17.55,17.75,17.8,17.7,11939,212186.6,13-JUN-2023,92,INE040M01013,
TREJHARA,BE,68.8,69.8,65.1,67.35,67.15,67.0,46303,3131438.5,13-JUN-2023,293,INE00CA01015,
TRENT,EQ,1602.4,1694.75,1598.3,1685.65,1687.05,1595.35,1634306,2716136979.95,13-JUN-2023,71751,INE849A01020,
TRF,EQ,169.15,171.55,167.75,170.95,171.5,168.2,63432,10782044.9,13-JUN-2023,994,INE391D01019,
TRIDENT,EQ,33.6,33.8,33.35,33.5,33.5,33.45,4487388,150338677.2,13-JUN-2023,19512,INE064C01022,
TRIGYN,EQ,108.25,109.9,106.6,107.8,108.0,107.5,109156,11826005.65,13-JUN-2023,1975,INE948A01012,
TRIL,EQ,83.05,83.75,81.95,82.35,82.35,82.7,807534,66903177.5,13-JUN-2023,5181,INE763I01026,
TRITURBINE,EQ,402.8,416.0,399.55,414.7,413.05,401.3,823417,337243443.2,13-JUN-2023,50897,INE152M01016,
TRIVENI,EQ,293.85,294.3,283.05,284.05,285.0,293.7,1443151,413292506.85,13-JUN-2023,23052,INE256C01024,
TTKHLTCARE,EQ,1252.05,1267.0,1252.05,1256.9,1254.0,1255.3,10514,13231552.75,13-JUN-2023,1279,INE910C01018,
TTKPRESTIG,EQ,724.95,729.55,715.0,720.25,719.9,724.65,74851,54083702.95,13-JUN-2023,4212,INE690A01028,
TTL,EQ,77.85,78.9,75.85,77.05,77.2,76.25,13773,1061497.15,13-JUN-2023,336,INE592B01016,
TTML,EQ,82.0,82.6,79.45,80.2,80.1,81.3,6872388,555397886.95,13-JUN-2023,29690,INE517B01013,
TV18BRDCST,EQ,37.4,39.45,37.25,39.0,38.9,37.25,20653904,801442660.5,13-JUN-2023,27044,INE886H01027,
TVSELECT,EQ,374.4,407.85,373.2,397.5,396.8,372.5,1494000,590188734.6,13-JUN-2023,42188,INE236G01019,
TVSMOTOR,EQ,1345.6,1353.0,1340.35,1346.1,1343.0,1339.6,651920,878576938.4,13-JUN-2023,22354,INE494B01023,
TVSSRICHAK,EQ,2900.95,2924.9,2875.0,2888.25,2890.0,2890.35,6223,18038042.25,13-JUN-2023,1942,INE421C01016,
TVTODAY,EQ,194.45,194.9,192.2,194.6,194.85,193.2,41768,8116363.5,13-JUN-2023,1855,INE038F01029,
TVVISION,EQ,2.15,2.2,2.15,2.2,2.2,2.2,2289,4990.8,13-JUN-2023,6,INE871L01013,
TWL,EQ,418.65,430.0,414.05,414.95,415.0,415.75,850341,357314987.65,13-JUN-2023,29761,INE615H01020,
UBL,EQ,1490.0,1495.0,1463.55,1465.85,1468.0,1482.4,226190,333579446.9,13-JUN-2023,14934,INE686F01025,
UCALFUEL,EQ,121.95,122.75,121.15,121.8,121.75,121.25,9113,1110198.9,13-JUN-2023,343,INE139B01016,
UCOBANK,EQ,26.9,27.0,26.75,26.8,26.85,26.9,3064615,82326546.65,13-JUN-2023,26035,INE691A01018,
UDAICEMENT,EQ,34.4,35.75,33.8,35.55,35.35,34.1,3582100,125425254.4,13-JUN-2023,8193,INE225C01029,
UFLEX,EQ,410.05,416.0,410.05,412.55,413.0,410.35,69471,28697196.95,13-JUN-2023,2901,INE516A01017,
UFO,EQ,79.5,80.1,78.3,78.85,78.85,78.45,43493,3444697.0,13-JUN-2023,696,INE527H01019,
UGARSUGAR,EQ,115.7,116.5,113.9,114.9,115.0,114.85,418732,48166440.3,13-JUN-2023,4830,INE071E01023,
UGROCAP,EQ,224.85,231.85,223.45,229.75,229.95,224.0,279724,63854785.75,13-JUN-2023,5828,INE583D01011,
UJAAS,BE,2.4,2.4,2.2,2.35,2.4,2.3,987407,2325233.9,13-JUN-2023,707,INE899L01022,
UJJIVAN,EQ,378.95,400.65,378.05,397.85,395.95,375.95,1327211,521020116.85,13-JUN-2023,23816,INE334L01012,
UJJIVANSFB,EQ,37.6,39.85,37.55,38.95,38.95,37.4,31785552,1244686783.7,13-JUN-2023,47002,INE551W01018,
ULTRACEMCO,EQ,8212.5,8318.3,8211.75,8276.3,8280.0,8198.6,249199,2061129674.4,13-JUN-2023,33629,INE481G01011,
UMAEXPORTS,EQ,53.65,56.0,51.05,56.0,56.0,46.7,2451682,135825075.1,13-JUN-2023,11221,INE0GIU01018,
UMANGDAIRY,EQ,60.2,61.25,59.5,59.75,59.85,60.2,7136,429129.4,13-JUN-2023,154,INE864B01027,
UMESLTD,EQ,4.1,4.1,3.55,3.6,3.7,3.85,210772,778646.2,13-JUN-2023,325,INE240C01028,
UNICHEMLAB,EQ,371.4,373.9,370.3,371.4,372.5,370.8,59134,21947574.0,13-JUN-2023,1049,INE351A01035,
UNIDT,EQ,193.0,208.0,190.25,201.25,201.1,191.25,260819,52749525.1,13-JUN-2023,9143,INE961D01019,
UNIENTER,EQ,149.0,163.0,149.0,160.05,155.0,149.05,22843,3609055.0,13-JUN-2023,533,INE037A01022,
UNIINFO,EQ,23.55,24.7,23.55,23.75,23.8,24.25,15060,359510.1,13-JUN-2023,60,INE481Z01011,
UNIONBANK,EQ,71.9,72.4,71.6,72.25,72.25,71.7,4163026,299981455.15,13-JUN-2023,12046,INE692A01016,
UNIPARTS,EQ,571.0,574.95,562.55,567.5,566.0,567.75,49357,28086866.55,13-JUN-2023,3420,INE244O01017,
UNITEDPOLY,BE,103.9,103.9,98.0,101.75,99.15,101.15,5603,559642.8,13-JUN-2023,81,INE368U01011,
UNITEDTEA,EQ,264.0,264.85,256.1,262.25,262.0,261.5,13062,3389732.6,13-JUN-2023,398,INE458F01011,
UNIVASTU,EQ,94.85,94.95,93.0,93.3,93.05,94.0,12787,1195104.1,13-JUN-2023,256,INE562X01013,
UNIVCABLES,EQ,372.05,376.0,364.05,366.7,366.15,372.05,18511,6842089.1,13-JUN-2023,1211,INE279A01012,
UNIVPHOTO,EQ,391.0,391.95,387.35,389.6,388.5,388.95,355,138354.2,13-JUN-2023,77,INE03V001013,
UNOMINDA,EQ,564.0,580.0,561.45,570.9,570.5,559.8,424148,242455935.55,13-JUN-2023,20359,INE405E01023,
UPL,EQ,676.1,684.0,676.1,682.25,683.0,678.95,2175343,1482540074.4,13-JUN-2023,39504,INE628A01036,
URJA,EQ,12.6,12.6,11.45,11.45,11.45,12.7,53157093,638281477.65,13-JUN-2023,74842,INE550C01020,
USHAMART,EQ,279.7,296.45,277.1,285.95,288.0,271.25,1991058,567408687.65,13-JUN-2023,28148,INE228A01035,
USK,EQ,33.2,33.95,32.65,33.35,33.2,32.8,906146,30274550.0,13-JUN-2023,3985,INE0N0Y01013,
UTIAMC,EQ,720.0,720.0,704.0,706.8,704.05,715.0,77591,55126026.65,13-JUN-2023,5105,INE094J01016,
UTIBANKETF,EQ,44.92,44.92,44.56,44.69,44.7,44.61,8650,386664.64,13-JUN-2023,259,INF789F1AUV1,
UTINEXT50,EQ,45.17,45.7,44.76,45.54,45.47,45.17,14837,674383.85,13-JUN-2023,173,INF789F1AUW9,
UTINIFTETF,EQ,1996.0,2002.0,1996.0,2000.79,2000.95,1994.41,523,1046074.12,13-JUN-2023,58,INF789FB1X41,
UTISENSETF,EQ,672.33,674.59,670.03,672.02,670.03,670.03,453,304676.17,13-JUN-2023,54,INF789FB1X58,
UTISXN50,EQ,55.08,59.89,54.4,56.4,59.89,56.34,5667,314156.08,13-JUN-2023,111,INF789F1AUU3,
UTTAMSUGAR,EQ,300.0,302.4,294.0,296.45,295.0,299.5,110993,33083233.25,13-JUN-2023,3869,INE786F01031,
V2RETAIL,EQ,101.1,115.0,101.1,110.1,110.45,102.65,263068,28765806.0,13-JUN-2023,3165,INE945H01013,
VADILALIND,EQ,2525.0,2540.8,2482.5,2490.05,2485.0,2514.95,10792,26982423.3,13-JUN-2023,1241,INE694D01016,
VAIBHAVGBL,EQ,312.7,314.7,311.0,313.2,312.5,310.3,100462,31448543.6,13-JUN-2023,4033,INE884A01027,
VAISHALI,EQ,129.05,131.0,128.7,130.55,130.05,129.4,35234,4574099.3,13-JUN-2023,488,INE972X01014,
VAKRANGEE,EQ,18.5,18.75,18.1,18.15,18.15,18.5,4270897,78460634.85,13-JUN-2023,6035,INE051B01021,
VALIANTORG,EQ,570.7,572.95,560.05,561.65,562.75,571.6,67113,38029980.9,13-JUN-2023,4107,INE565V01010,
VARDHACRLC,EQ,54.3,56.0,54.0,54.85,54.5,54.3,88222,4861536.65,13-JUN-2023,797,INE116G01013,
VARDMNPOLY,BE,52.7,53.85,52.1,53.45,53.75,51.3,56463,3000748.3,13-JUN-2023,239,INE835A01011,
VARROC,EQ,320.55,325.45,314.1,323.05,322.0,320.55,249643,80006900.35,13-JUN-2023,7810,INE665L01035,
VASCONEQ,EQ,40.9,41.3,40.2,40.55,40.6,40.95,1554416,63218653.9,13-JUN-2023,4246,INE893I01013,
VASWANI,EQ,21.95,22.3,21.3,21.45,21.6,21.8,46160,1007419.25,13-JUN-2023,496,INE590L01019,
VBL,EQ,1604.8,1636.05,1598.0,1615.0,1615.0,1596.05,1563048,2528164687.6,13-JUN-2023,62960,INE200M01013,
VCL,BE,2.3,2.4,2.3,2.35,2.35,2.35,174133,409239.55,13-JUN-2023,313,INE098201036,
VEDL,EQ,279.3,279.3,277.15,278.0,278.1,277.85,4423326,1229018372.8,13-JUN-2023,51931,INE205A01025,
VENKEYS,EQ,1698.0,1723.55,1697.95,1706.45,1700.0,1690.55,32851,56163418.2,13-JUN-2023,3340,INE398A01010,
VENUSPIPES,EQ,1104.8,1110.7,1100.0,1103.15,1102.45,1095.85,38247,42228224.1,13-JUN-2023,2022,INE0JA001018,
VENUSREM,EQ,236.0,237.75,230.1,232.3,232.5,233.2,44671,10433169.6,13-JUN-2023,1981,INE411B01019,
VERANDA,EQ,164.2,165.65,160.0,164.05,164.4,164.2,210890,34527337.75,13-JUN-2023,3559,INE0IQ001011,
VERTOZ,BE,225.55,229.95,221.0,227.9,228.9,226.75,27491,6259331.8,13-JUN-2023,303,INE188Y01015,
VESUVIUS,EQ,2309.0,2368.0,2274.35,2290.4,2292.0,2298.85,19214,44338455.0,13-JUN-2023,4794,INE386A01015,
VETO,EQ,103.15,104.4,99.6,100.4,100.5,102.6,279949,28337840.35,13-JUN-2023,2123,INE918N01018,
VGUARD,EQ,253.6,257.65,252.5,255.3,254.4,254.75,231846,59154992.2,13-JUN-2023,14776,INE951I01027,
VHL,EQ,2728.05,2787.85,2728.05,2751.4,2759.0,2764.25,138,379953.7,13-JUN-2023,46,INE701A01023,
VIDHIING,EQ,366.4,368.0,364.95,366.25,366.0,366.4,11006,4030892.9,13-JUN-2023,747,INE632C01026,
VIJAYA,EQ,389.0,394.15,387.55,390.6,390.35,390.55,141276,55134416.75,13-JUN-2023,7184,INE043W01024,
VIJIFIN,EQ,1.9,1.95,1.85,1.9,1.95,1.9,160054,304980.85,13-JUN-2023,387,INE159N01027,
VIKASECO,EQ,2.95,3.0,2.9,2.95,3.0,2.95,5606012,16576653.35,13-JUN-2023,1990,INE806A01020,
VIKASLIFE,EQ,2.9,3.05,2.85,3.0,3.05,2.9,13641464,40529735.45,13-JUN-2023,6048,INE161L01027,
VIMTALABS,EQ,416.3,423.85,415.25,417.2,415.4,419.7,15678,6575578.1,13-JUN-2023,1271,INE579C01029,
VINATIORGA,EQ,1822.95,1839.8,1819.25,1831.15,1830.0,1811.2,28166,51568134.5,13-JUN-2023,3768,INE410B01037,
VINDHYATEL,EQ,1902.9,1964.0,1902.9,1931.3,1937.3,1888.0,36747,71343946.15,13-JUN-2023,6339,INE707A01012,
VINEETLAB,EQ,52.1,52.55,51.1,51.5,51.25,51.75,6148,319233.15,13-JUN-2023,102,INE505Y01010,
VINNY,BE,5.95,6.05,5.55,5.6,5.6,5.85,628376,3545307.2,13-JUN-2023,862,INE01KI01027,
VINYLINDIA,EQ,467.15,533.4,466.2,521.0,523.95,464.3,916994,467783109.0,13-JUN-2023,39437,INE250B01029,
VIPCLOTHNG,EQ,47.55,50.55,47.4,50.2,50.0,47.55,1684171,83544580.8,13-JUN-2023,6124,INE450G01024,
VIPIND,EQ,623.85,628.0,617.4,621.85,623.2,620.7,196140,121974548.75,13-JUN-2023,6543,INE054A01027,
VIPULLTD,EQ,15.45,15.9,15.35,15.5,15.6,15.45,4119,64367.65,13-JUN-2023,63,INE946H01037,
VIRINCHI,EQ,39.9,43.7,39.5,42.6,42.3,39.35,5015856,210454691.9,13-JUN-2023,15600,INE539B01017,
VISAKAIND,EQ,84.9,89.15,83.65,85.95,85.25,83.6,334910,29030327.15,13-JUN-2023,3522,INE392A01021,
VISASTEEL,BE,10.9,11.4,10.65,11.4,11.4,10.9,30417,340736.85,13-JUN-2023,82,INE286H01012,
VISESHINFO,EQ,0.45,0.45,0.4,0.45,0.45,0.4,4879727,2094187.2,13-JUN-2023,2599,INE861A01058,
VISHAL,EQ,17.95,18.05,17.6,17.75,17.85,17.65,447216,7974030.4,13-JUN-2023,1050,INE755Q01025,
VISHNU,EQ,370.6,377.75,365.0,366.4,366.9,369.7,118765,44111144.0,13-JUN-2023,4268,INE270I01022,
VISHWARAJ,EQ,18.75,20.3,18.7,19.1,19.15,18.65,8717949,169077047.0,13-JUN-2023,8580,INE430N01022,
VIVIDHA,EQ,0.9,0.9,0.85,0.85,0.9,0.85,313713,273888.75,13-JUN-2023,383,INE370E01029,
VLSFINANCE,EQ,155.1,158.3,155.1,156.75,156.95,157.1,71280,11170559.15,13-JUN-2023,1177,INE709A01018,
VMART,EQ,1977.0,1990.0,1954.05,1979.55,1985.0,1974.25,68147,134071613.35,13-JUN-2023,6790,INE665J01013,
VOLTAMP,EQ,4136.0,4213.9,4116.05,4186.8,4190.75,4143.5,12061,50296252.2,13-JUN-2023,4404,INE540H01012,
VOLTAS,EQ,790.7,808.0,790.0,806.4,805.35,790.65,1116993,896380610.8,13-JUN-2023,25218,INE226A01021,
VRLLOG,EQ,719.0,721.15,706.5,709.9,709.0,717.55,37526,26808278.15,13-JUN-2023,3067,INE366I01010,
VSSL,EQ,200.5,203.0,196.45,201.7,201.3,200.8,84403,16860089.95,13-JUN-2023,4781,INE050M01012,
VSTIND,EQ,3375.05,3404.0,3375.05,3397.85,3404.0,3375.8,2204,7486774.95,13-JUN-2023,453,INE710A01016,
VSTTILLERS,EQ,2760.55,2817.95,2760.55,2784.35,2775.0,2784.25,7957,22131640.3,13-JUN-2023,1788,INE764D01017,
VTL,EQ,357.6,361.95,354.5,359.2,359.5,357.6,168606,60493496.85,13-JUN-2023,5237,INE825A01020,
WABAG,EQ,497.5,500.0,488.6,491.1,491.35,496.9,273298,135134488.5,13-JUN-2023,7501,INE956G01038,
WALCHANNAG,BE,84.5,87.0,84.5,85.2,85.5,84.85,181381,15476405.65,13-JUN-2023,670,INE711A01022,
WANBURY,BE,55.75,56.9,54.9,55.2,55.0,55.75,14278,796726.8,13-JUN-2023,71,INE107F01022,
WATERBASE,EQ,78.0,81.2,78.0,78.55,78.5,77.6,116157,9263974.15,13-JUN-2023,1860,INE054C01015,
WEALTH,EQ,301.0,305.0,299.9,305.0,305.0,305.95,132,39961.45,13-JUN-2023,29,INE658T01017,
WEBELSOLAR,EQ,94.0,94.0,90.2,90.65,90.35,93.3,134289,12303652.1,13-JUN-2023,1673,INE855C01015,
WEIZMANIND,EQ,116.95,120.7,109.8,112.95,109.8,116.8,103230,12025156.75,13-JUN-2023,2282,INE080A01014,
WEL,EQ,240.0,246.1,233.05,235.15,236.3,236.35,1786,423810.8,13-JUN-2023,393,INE02WG01016,
WELCORP,EQ,273.05,275.6,268.2,268.75,269.0,273.7,702226,190209937.7,13-JUN-2023,8262,INE191B01025,
WELENT,EQ,174.0,176.55,171.55,173.4,173.75,172.6,992722,173208468.2,13-JUN-2023,10249,INE625G01013,
WELINV,BE,377.7,377.7,362.0,363.1,363.1,377.7,535,195925.05,13-JUN-2023,52,INE389K01018,
WELSPUNIND,EQ,96.15,97.1,95.0,95.45,95.8,95.65,918978,88127413.65,13-JUN-2023,6052,INE192B01031,
WENDT,EQ,9348.45,9529.9,9348.45,9480.95,9525.0,9373.5,271,2568922.75,13-JUN-2023,165,INE274C01019,
WESTLIFE,EQ,824.35,835.0,816.1,834.0,834.95,815.35,128844,107061984.15,13-JUN-2023,7852,INE274F01020,
WEWIN,EQ,40.85,40.85,38.85,40.1,39.6,40.35,5024,199195.55,13-JUN-2023,170,INE082W01014,
WHEELS,EQ,647.9,656.0,635.05,636.6,638.3,644.65,17378,11169673.2,13-JUN-2023,1424,INE715A01015,
WHIRLPOOL,EQ,1453.35,1479.0,1447.05,1461.4,1464.0,1449.25,86496,126829939.05,13-JUN-2023,8195,INE716A01013,
WILLAMAGOR,EQ,26.6,26.6,23.3,23.9,23.5,25.05,88409,2124287.7,13-JUN-2023,534,INE210A01017,
WINDLAS,EQ,278.65,280.2,275.5,276.75,276.0,276.6,31823,8869323.85,13-JUN-2023,1614,INE0H5O01029,
WINDMACHIN,EQ,47.05,53.9,47.05,53.3,53.5,47.05,948023,49336161.7,13-JUN-2023,5887,INE052A01021,
WIPL,BE,103.0,103.0,101.05,102.25,102.0,103.25,3596,369384.6,13-JUN-2023,22,INE215F01023,
WIPRO,EQ,397.95,398.5,394.5,395.55,395.25,395.6,6508093,2575439247.45,13-JUN-2023,91010,INE075A01022,
WOCKPHARMA,EQ,179.55,186.4,179.55,182.7,182.8,178.4,3021197,554433723.15,13-JUN-2023,29867,INE049B01025,
WONDERLA,EQ,540.0,558.0,538.0,554.7,553.1,538.15,176576,96867685.5,13-JUN-2023,8696,INE066O01014,
WORTH,EQ,100.0,100.6,99.05,99.45,99.6,99.15,14940,1491227.15,13-JUN-2023,170,INE196Y01018,
WSI,BE,88.65,89.1,84.75,85.4,85.95,85.45,12414,1065309.45,13-JUN-2023,71,INE100D01014,
WSTCSTPAPR,EQ,498.9,517.05,498.9,514.1,514.55,496.85,188810,96685630.7,13-JUN-2023,7160,INE976A01021,
XCHANGING,EQ,66.75,67.85,65.6,66.05,66.1,66.25,143987,9604207.95,13-JUN-2023,1771,INE692G01013,
XELPMOC,EQ,90.4,90.4,85.55,86.55,86.5,88.0,46726,4086951.75,13-JUN-2023,939,INE01P501012,
XPROINDIA,EQ,873.95,885.0,833.05,846.45,850.0,864.15,130307,113202894.65,13-JUN-2023,10054,INE445C01015,
YAARI,BE,13.05,13.65,13.0,13.65,13.65,13.0,231751,3124726.3,13-JUN-2023,391,INE126M01010,
YESBANK,EQ,16.45,16.7,16.35,16.4,16.45,16.4,61321328,1011356915.1,13-JUN-2023,35180,INE528G01035,
YUKEN,EQ,610.5,615.0,607.0,608.65,607.9,601.8,3838,2338186.85,13-JUN-2023,215,INE384C01016,
ZEEL,EQ,185.0,194.7,182.0,193.95,193.35,194.85,47047273,8933665894.0,13-JUN-2023,167111,INE256A01028,
ZEELEARN,BE,3.0,3.05,2.9,3.0,3.05,3.0,434311,1293982.25,13-JUN-2023,625,INE565L01011,
ZEEMEDIA,EQ,8.2,8.25,7.95,8.0,8.0,8.2,3785103,30505752.5,13-JUN-2023,3156,INE966H01019,
ZENITHEXPO,EQ,130.95,130.95,118.65,118.9,118.85,124.9,11169,1331389.25,13-JUN-2023,239,INE058B01018,
ZENITHSTL,BE,4.3,4.35,4.1,4.2,4.25,4.2,147228,625233.6,13-JUN-2023,274,INE318D01020,
ZENSARTECH,EQ,396.0,404.85,393.2,395.75,394.95,394.4,1334110,530971087.1,13-JUN-2023,33795,INE520A01027,
ZENTEC,EQ,427.75,427.75,408.4,414.2,414.9,427.05,1265811,526251352.65,13-JUN-2023,26829,INE251B01027,
ZFCVINDIA,EQ,11392.8,12000.0,11342.7,11945.75,11901.0,11329.9,10196,119923351.7,13-JUN-2023,4133,INE342J01019,
ZIMLAB,EQ,118.45,120.4,112.0,115.2,115.3,117.15,1255776,145113661.15,13-JUN-2023,9494,INE518E01015,
ZODIAC,EQ,131.5,135.85,125.95,127.7,126.55,133.8,84448,10913329.4,13-JUN-2023,2556,INE761Y01019,
ZODIACLOTH,EQ,104.0,110.0,104.0,106.95,107.6,103.35,236411,25437835.25,13-JUN-2023,3990,INE206B01013,
ZOMATO,EQ,77.9,78.8,76.7,78.3,78.6,77.95,81857154,6390976697.45,13-JUN-2023,157920,INE758T01015,
ZOTA,EQ,327.0,347.0,326.85,334.45,336.3,318.05,188464,64036855.9,13-JUN-2023,7354,INE358U01012,
ZUARI,EQ,147.25,150.0,146.0,147.3,147.05,146.3,72259,10681310.6,13-JUN-2023,1882,INE840M01016,
ZUARIIND,EQ,143.45,144.65,142.75,143.6,144.3,142.9,15840,2273828.75,13-JUN-2023,425,INE217A01012,
ZYDUSLIFE,EQ,510.9,519.1,508.5,517.65,518.0,510.0,1471514,759125207.05,13-JUN-2023,40654,INE010B01027,
ZYDUSWELL,EQ,1498.4,1518.85,1495.0,1497.7,1499.8,1499.4,23919,35936360.2,13-JUN-2023,3215,INE768C01010,
