SYMBOL,SERIES,OPEN,HIGH,LOW,CLOSE,LAST,PREVCLOSE,TOTTRDQTY,TOTTRDVAL,TIMESTAMP,TOTALTRADES,ISIN,UNNAMED: 13
20MICRONS,EQ,111.15,119.45,108.8,110.25,110.4,111.3,240989,27327133.75,22-OCT-2012,3785,INE144J01019,
3IINFOTECH,BE,7.7,7.95,7.7,7.75,7.8,7.85,340837,2652653.75,22-OCT-2012,557,INE748C01020,
3MINDIA,EQ,3880.0,3949.95,3875.0,3899.75,3876.0,3903.2,860,3353735.45,22-OCT-2012,33,INE470A01017,
A2ZMES,EQ,63.8,64.8,63.0,63.6,63.75,63.7,335149,21374445.5,22-OCT-2012,4640,INE619I01012,
AANJANEYA,EQ,637.0,647.45,632.1,634.7,634.95,643.65,74822,47943312.95,22-OCT-2012,453,INE928K01013,
AARTIDRUGS,EQ,167.8,178.5,162.75,176.15,175.0,167.85,63316,11037126.8,22-OCT-2012,1634,INE767A01016,
AARTIIND,EQ,88.5,94.15,86.55,92.85,93.3,87.5,243289,22358382.85,22-OCT-2012,3213,INE769A01020,
AARVEEDEN,EQ,55.7,57.9,52.6,54.45,55.0,55.85,14083,785313.0,22-OCT-2012,1024,INE273D01019,
ABAN,EQ,467.0,467.0,460.0,462.4,462.0,467.7,210982,97580963.5,22-OCT-2012,5857,INE421A01028,
ABB,EQ,772.0,777.0,767.95,772.1,773.95,779.6,10770,8327316.3,22-OCT-2012,600,INE117A01022,
ABBOTINDIA,EQ,1500.0,1500.0,1470.25,1482.9,1480.0,1486.4,1102,1631155.8,22-OCT-2012,155,INE358A01014,
ABCIL,EQ,94.0,99.0,92.0,95.8,95.55,89.3,40354,3855230.5,22-OCT-2012,1253,INE605B01016,
ABGSHIP,EQ,378.0,378.0,367.65,371.15,368.1,375.85,45566,16963651.75,22-OCT-2012,1194,INE067H01016,
ABHISHEK,EQ,7.0,7.4,6.9,7.35,7.3,7.15,100,707.65,22-OCT-2012,11,INE004I01017,
ABIRLANUVO,EQ,932.65,936.85,912.0,931.75,926.1,928.2,54482,50690673.55,22-OCT-2012,3042,INE069A01017,
ACC,EQ,1407.85,1424.0,1398.05,1418.65,1415.0,1407.85,206594,292210572.25,22-OCT-2012,10567,INE012A01025,
ACCELYA,BE,244.0,259.2,241.0,252.25,251.0,246.9,32665,8295494.45,22-OCT-2012,312,INE793A01012,
ACE,EQ,25.05,27.25,24.3,27.25,27.25,24.8,127100,3339525.85,22-OCT-2012,719,INE731H01025,
ACROPETAL,EQ,15.55,15.55,15.2,15.25,15.2,15.45,32577,499036.05,22-OCT-2012,146,INE055L01013,
ADANIENT,EQ,215.0,224.2,212.1,223.35,223.55,216.15,2147329,470964018.25,22-OCT-2012,23824,INE423A01024,
ADANIPORTS,EQ,124.05,130.6,123.05,129.75,129.85,124.35,2914830,374860153.05,22-OCT-2012,33852,INE742F01042,
ADANIPOWER,EQ,47.55,48.6,47.0,48.2,48.1,48.95,1587474,76258748.05,22-OCT-2012,6487,INE814H01011,
ADFFOODS,EQ,54.5,54.7,53.25,53.85,54.7,54.6,6207,334684.9,22-OCT-2012,106,INE982B01019,
ADHUNIK,EQ,32.5,33.05,31.9,32.25,32.45,32.9,48860,1584202.7,22-OCT-2012,436,INE400H01019,
ADORWELD,EQ,137.0,140.6,137.0,139.1,139.0,137.95,2302,319151.1,22-OCT-2012,84,INE045A01017,
ADSL,EQ,23.3,23.65,23.0,23.2,23.1,23.35,43237,1007743.85,22-OCT-2012,334,INE102I01027,
ADVANIHOTR,EQ,31.8,31.8,30.0,30.0,30.0,30.3,1500,46615.0,22-OCT-2012,4,INE199C01026,
ADVANTA,EQ,799.95,828.7,799.95,817.85,819.1,803.05,41265,33748086.25,22-OCT-2012,2445,INE517H01010,
AEGISCHEM,EQ,177.8,182.9,176.0,178.55,178.0,177.8,60451,10817680.9,22-OCT-2012,1253,INE208C01017,
AFL,EQ,35.15,37.25,35.15,35.5,35.25,35.1,3556,127930.6,22-OCT-2012,69,INE020G01017,
AFTEK,EQ,8.3,8.65,8.3,8.4,8.4,8.4,123432,1045953.0,22-OCT-2012,333,INE796A01023,
AGCNET,EQ,390.05,416.9,390.05,415.5,416.9,406.25,8076,3329233.4,22-OCT-2012,267,INE676A01019,
AGRODUTCH,EQ,3.8,3.8,3.7,3.75,3.8,3.8,6360,23859.5,22-OCT-2012,31,INE135B01014,
AHLEAST,EQ,224.0,226.0,222.0,226.0,226.0,220.75,428,95487.25,22-OCT-2012,18,INE926K01017,
AHLUCONT,EQ,41.6,41.6,41.0,41.1,41.1,42.15,1818,74763.75,22-OCT-2012,367,INE758C01029,
AHLWEST,EQ,134.0,134.85,133.0,133.0,133.0,133.1,1416,188669.7,22-OCT-2012,34,INE915K01010,
AHMEDFORGE,EQ,139.5,143.8,139.5,141.45,140.85,139.1,7698,1086838.35,22-OCT-2012,396,INE425A01011,
AIAENG,EQ,365.1,365.1,361.0,361.35,361.0,364.4,841,305408.2,22-OCT-2012,78,INE212H01026,
AICHAMP,BE,19.25,19.25,17.5,18.4,18.4,18.4,324,5674.8,22-OCT-2012,8,INE768E01024,
AIL,EQ,420.9,426.25,420.0,424.8,426.25,421.3,66673,28106819.1,22-OCT-2012,1613,INE878A01011,
AJANTPHARM,EQ,377.0,387.3,373.1,384.75,387.0,374.9,16884,6469950.2,22-OCT-2012,740,INE031B01031,
AJMERA,BE,112.7,120.0,112.7,117.65,117.0,116.35,3271,386076.9,22-OCT-2012,57,INE298G01027,
AKSHOPTFBR,EQ,14.4,14.4,13.85,13.9,13.9,14.0,36807,512782.1,22-OCT-2012,145,INE523B01011,
AKZOINDIA,EQ,925.0,935.0,920.4,931.6,931.1,930.1,1172,1088491.8,22-OCT-2012,219,INE133A01011,
ALBK,EQ,142.7,144.15,141.0,143.0,142.65,142.7,934618,133533491.45,22-OCT-2012,8666,INE428A01015,
ALCHEM,EQ,52.9,54.0,52.3,53.05,52.95,51.9,8806,470341.8,22-OCT-2012,326,INE964B01033,
ALEMBICLTD,EQ,15.7,16.15,15.6,15.75,15.7,15.75,81263,1291038.65,22-OCT-2012,275,INE426A01027,
ALICON,EQ,70.0,71.35,70.0,70.7,70.95,70.45,89318,6287079.8,22-OCT-2012,2260,INE062D01024,
ALKALI,EQ,27.0,27.4,26.6,26.75,26.6,27.1,3694,99556.55,22-OCT-2012,172,INE773I01017,
ALKYLAMINE,EQ,153.9,164.9,146.15,159.0,160.0,147.0,2646,415986.25,22-OCT-2012,120,INE150B01013,
ALLCARGO,EQ,130.8,132.7,130.1,130.1,130.1,130.65,4377,570107.75,22-OCT-2012,87,INE418H01029,
ALLSEC,EQ,30.05,36.3,30.05,35.1,35.4,33.0,10616,365081.15,22-OCT-2012,152,INE835G01018,
ALMONDZ,EQ,8.35,8.8,8.35,8.65,8.5,8.35,618,5161.0,22-OCT-2012,6,INE326B01027,
ALOKTEXT,EQ,11.95,12.0,11.55,11.7,11.8,11.9,5979977,70093771.75,22-OCT-2012,8212,INE270A01011,
ALPA,EQ,10.4,10.4,10.0,10.0,10.0,10.35,2,20.4,22-OCT-2012,2,INE385I01010,
ALPHAGEO,BE,53.1,54.0,53.1,54.0,54.0,53.6,130,6993.0,22-OCT-2012,3,INE137C01018,
ALPINEHOU,EQ,25.0,25.1,23.0,23.25,23.25,23.95,45,1078.0,22-OCT-2012,5,INE840D01015,
ALPSINDUS,EQ,1.9,1.9,1.8,1.9,1.9,1.85,32683,61290.2,22-OCT-2012,19,INE093B01015,
ALSTOMT&D,EQ,201.6,204.0,201.05,203.2,201.05,204.9,6164,1251212.0,22-OCT-2012,355,INE200A01026,
AMAR,EQ,42.35,43.3,41.8,42.25,42.0,42.9,62466,2658526.65,22-OCT-2012,1014,INE787G01011,
AMARAJABAT,EQ,239.0,239.0,224.0,225.1,225.05,239.05,457291,104158742.3,22-OCT-2012,14732,INE885A01032,
AMARJOTHI,EQ,42.0,42.0,42.0,42.0,42.0,43.0,74,3108.0,22-OCT-2012,2,INE484D01012,
AMBIKCO,EQ,193.0,193.0,188.8,190.15,189.0,191.6,1163,222043.1,22-OCT-2012,32,INE540G01014,
AMBUJACEM,EQ,206.0,206.55,201.8,203.2,203.75,206.7,2641350,536971191.35,22-OCT-2012,29510,INE079A01024,
AMDIND,EQ,15.7,16.15,15.2,15.75,15.7,16.0,8323,132404.9,22-OCT-2012,36,INE005I01014,
AMLSTEEL,EQ,7.65,8.2,7.6,8.2,8.2,8.0,760,5782.5,22-OCT-2012,6,INE577F01018,
AMRUTANJAN,EQ,873.0,875.4,849.0,866.75,867.0,872.15,92666,80139453.6,22-OCT-2012,5334,INE098F01015,
AMTEKAUTO,EQ,77.05,77.05,73.65,74.05,73.9,76.75,411655,30830629.2,22-OCT-2012,6011,INE130C01021,
AMTEKINDIA,EQ,98.05,99.95,97.7,98.9,97.7,99.1,174208,17301807.65,22-OCT-2012,1401,INE068D01021,
AMTL,EQ,19.5,20.5,19.5,20.2,19.9,20.75,6025,121449.65,22-OCT-2012,16,INE436N01029,
ANANTRAJ,EQ,76.65,81.7,76.0,80.45,81.0,76.4,926118,73372538.05,22-OCT-2012,7684,INE242C01024,
ANDHRABANK,EQ,114.0,116.4,112.95,114.65,114.35,114.4,1150302,132518138.15,22-OCT-2012,10752,INE434A01013,
ANDHRACEMT,BE,9.4,9.5,9.4,9.45,9.45,9.45,6087,57799.6,22-OCT-2012,21,INE666E01012,
ANDHRSUGAR,EQ,146.4,148.0,145.35,147.6,147.15,146.55,7955,1166990.05,22-OCT-2012,153,INE715B01013,
ANGIND,EQ,15.9,15.9,14.25,14.85,14.85,14.2,2002,28530.75,22-OCT-2012,6,INE017D01010,
ANIKINDS,EQ,32.15,33.65,31.5,33.25,33.5,32.45,17448,571067.0,22-OCT-2012,81,INE087B01017,
ANKURDRUGS,BE,14.9,15.25,14.4,14.95,14.95,15.1,11231,164782.1,22-OCT-2012,54,INE238D01012,
ANSALAPI,EQ,29.6,31.2,29.2,30.7,30.3,29.75,194990,5911166.8,22-OCT-2012,1360,INE436A01026,
ANSALHSG,EQ,49.0,49.9,48.65,49.55,49.05,49.6,4217,208156.55,22-OCT-2012,116,INE880B01015,
ANTGRAPHIC,EQ,0.25,0.3,0.25,0.3,0.3,0.25,320610,96082.95,22-OCT-2012,21,INE414B01021,
APARINDS,EQ,184.5,184.9,178.0,180.65,180.0,181.05,6300,1135435.1,22-OCT-2012,196,INE372A01015,
APCOTEXIND,EQ,194.0,195.0,190.1,193.65,192.65,195.7,821,158074.55,22-OCT-2012,45,INE116A01016,
APLAB,EQ,24.0,24.0,24.0,24.0,24.0,24.15,100,2400.0,22-OCT-2012,1,INE273A01015,
APLAPOLLO,EQ,162.0,163.4,157.0,159.1,157.0,159.4,747,121152.65,22-OCT-2012,18,INE702C01019,
APLLTD,EQ,70.1,73.0,70.0,71.85,71.75,69.9,346813,24907238.05,22-OCT-2012,3002,INE901L01018,
APOLLOHOSP,EQ,742.3,766.45,742.3,758.75,762.85,754.05,243370,184965650.95,22-OCT-2012,9665,INE437A01024,
APOLLOTYRE,EQ,84.5,86.6,83.75,86.0,86.0,84.5,3234230,278185301.15,22-OCT-2012,16620,INE438A01022,
APPAPER,EQ,315.05,330.0,311.25,326.4,326.5,314.2,297166,96392569.4,22-OCT-2012,9373,INE435A01028,
APTECHT,EQ,69.85,71.2,69.2,70.3,70.45,70.15,201201,14179008.3,22-OCT-2012,2866,INE266F01018,
AQUA,EQ,9.7,10.9,9.7,10.15,10.0,9.7,346914,3557664.25,22-OCT-2012,821,INE544K01026,
ARCHIDPLY,EQ,9.5,9.75,9.15,9.3,9.4,9.5,6858,64556.6,22-OCT-2012,48,INE877I01016,
ARCHIES,EQ,27.95,28.4,27.3,27.7,27.85,27.25,172649,4810965.9,22-OCT-2012,1133,INE731A01020,
ARIES,EQ,62.7,69.4,62.5,67.0,66.95,61.9,256638,17221550.85,22-OCT-2012,3784,INE298I01015,
AROGRANITE,EQ,35.65,37.8,35.65,36.8,36.8,38.5,9465,355463.95,22-OCT-2012,143,INE210C01013,
ARROWTEX,EQ,6.55,6.55,6.55,6.55,6.55,6.65,450,2947.5,22-OCT-2012,2,INE933J01015,
ARSHIYA,EQ,138.7,141.25,136.4,137.5,137.85,138.8,67095,9339150.9,22-OCT-2012,1661,INE968D01022,
ARSSINFRA,BE,49.7,49.8,48.0,48.3,48.1,50.05,59905,2918207.55,22-OCT-2012,569,INE267I01010,
ARVIND,EQ,79.05,79.25,77.3,78.5,78.5,79.1,775212,60592888.7,22-OCT-2012,5824,INE034A01011,
ARVINDREM,EQ,33.3,33.6,32.4,33.3,33.1,31.5,134216,4462606.7,22-OCT-2012,928,INE211C01037,
ASAHIINDIA,EQ,68.2,68.4,65.65,67.8,67.4,66.15,43806,2955264.1,22-OCT-2012,650,INE439A01020,
ASAHISONG,EQ,90.65,100.9,90.65,99.5,99.0,93.25,50461,4988918.15,22-OCT-2012,415,INE228I01012,
ASAL,EQ,45.7,46.25,44.7,45.2,45.1,46.1,19706,890885.35,22-OCT-2012,640,INE900C01027,
ASHAPURMIN,BE,35.5,37.5,35.35,37.5,37.5,35.75,146084,5423151.95,22-OCT-2012,448,INE348A01023,
ASHCONIUL,BE,1.25,1.25,1.25,1.25,1.25,1.3,100,125.0,22-OCT-2012,2,INE714F01033,
ASHIANA,EQ,175.0,176.0,172.55,174.85,175.0,175.25,2741,479437.2,22-OCT-2012,40,INE365D01013,
ASHIMASYN,BE,5.95,5.95,5.85,5.85,5.85,5.95,8,47.1,22-OCT-2012,2,INE440A01010,
ASHOKA,EQ,220.05,222.0,218.05,220.05,221.95,219.85,29596,6511692.0,22-OCT-2012,107,INE442H01011,
ASHOKLEY,EQ,23.5,23.7,23.2,23.5,23.45,23.4,1555886,36417358.25,22-OCT-2012,6807,INE208A01029,
ASIANHOTNR,EQ,199.5,204.9,196.7,201.2,200.0,194.95,5518,1126748.45,22-OCT-2012,112,INE363A01022,
ASIANPAINT,EQ,3884.7,3939.95,3843.0,3929.15,3930.0,3881.7,39213,153442424.8,22-OCT-2012,4864,INE021A01018,
ASIANTILES,EQ,43.0,43.8,41.8,42.05,42.05,43.0,169,7091.9,22-OCT-2012,15,INE022I01019,
ASIL,EQ,1.3,1.3,1.3,1.3,1.3,1.35,100,130.0,22-OCT-2012,1,INE988A01026,
ASSAMCO,EQ,6.35,6.55,6.3,6.3,6.3,6.45,195988,1241369.15,22-OCT-2012,187,INE442A01024,
ASTEC,BE,34.95,35.0,32.4,33.25,33.15,33.85,1433,48476.65,22-OCT-2012,18,INE563J01010,
ASTRAL,EQ,305.3,340.0,297.3,338.25,338.0,310.3,41363,13445900.7,22-OCT-2012,2215,INE006I01020,
ASTRAMICRO,EQ,43.8,44.1,42.3,42.65,42.7,43.35,70970,3033679.15,22-OCT-2012,564,INE386C01029,
ASTRAZEN,EQ,1623.0,1664.95,1623.0,1630.2,1633.0,1625.5,11479,18835533.05,22-OCT-2012,1329,INE203A01020,
ATFL,EQ,435.15,438.25,426.35,428.95,428.0,430.35,8797,3797918.4,22-OCT-2012,612,INE209A01019,
ATLANTA,EQ,38.1,39.5,37.9,38.8,38.75,38.35,84869,3281923.0,22-OCT-2012,618,INE285H01022,
ATLASCYCLE,EQ,418.0,421.2,414.75,416.95,416.15,417.8,10180,4248631.25,22-OCT-2012,589,INE446A01017,
ATNINTER,EQ,0.6,0.65,0.55,0.6,0.65,0.65,4108,2465.6,22-OCT-2012,8,INE803A01027,
ATUL,EQ,411.4,447.8,406.2,439.8,439.85,410.1,434372,185757697.15,22-OCT-2012,11135,INE100A01010,
AURIONPRO,EQ,116.25,118.25,114.75,115.05,115.05,117.6,8927,1036037.25,22-OCT-2012,34,INE132H01018,
AUROPHARMA,EQ,156.9,162.9,156.0,161.0,161.55,156.9,1822157,292792834.75,22-OCT-2012,17009,INE406A01037,
AUSOMENT,EQ,18.0,19.3,18.0,18.25,18.25,18.6,341,6268.2,22-OCT-2012,4,INE218C01016,
AUSTRAL,BE,1.25,1.25,1.25,1.25,1.25,1.3,14000,17500.0,22-OCT-2012,18,INE455J01027,
AUTOAXLES,EQ,398.0,407.0,394.95,398.45,396.05,395.85,1773,706596.4,22-OCT-2012,137,INE449A01011,
AUTOIND,EQ,185.3,188.3,183.3,184.4,184.0,187.95,97533,18021438.1,22-OCT-2012,2277,INE718H01014,
AVANTI,EQ,161.1,169.05,160.7,162.3,162.05,162.5,5460,889131.65,22-OCT-2012,93,INE871C01012,
AVTNPL,EQ,38.5,40.0,37.7,37.95,37.85,40.05,128668,4943361.2,22-OCT-2012,1099,INE488D01021,
AXIS-IT&T,EQ,79.1,83.7,79.1,82.9,83.0,82.75,2788,231231.55,22-OCT-2012,177,INE555B01013,
AXISBANK,EQ,1194.0,1228.0,1189.55,1223.75,1220.0,1202.25,2275045,2761261160.65,22-OCT-2012,62471,INE238A01026,
AXISGOLD,EQ,3040.0,3040.0,3012.0,3017.9,3015.0,3044.95,496,1501369.65,22-OCT-2012,111,INF846K01347,
BAGFILMS,EQ,4.25,4.3,4.15,4.2,4.25,4.3,36518,154532.6,22-OCT-2012,65,INE116D01028,
BAJAJ-AUTO,EQ,1780.0,1800.0,1753.15,1786.4,1783.0,1772.1,339916,606794227.85,22-OCT-2012,15439,INE917I01010,
BAJAJCORP,EQ,193.05,194.0,191.25,192.85,192.05,194.05,40706,7839847.5,22-OCT-2012,1049,INE933K01021,
BAJAJELEC,EQ,227.85,233.2,222.0,225.85,225.95,227.85,43794,9962414.9,22-OCT-2012,1519,INE193E01025,
BAJAJFINSV,EQ,850.0,893.7,850.0,881.25,881.0,870.5,228026,199818375.3,22-OCT-2012,9615,INE918I01018,
BAJAJHIND,EQ,31.05,31.3,30.8,30.9,30.85,31.25,528409,16356319.65,22-OCT-2012,1881,INE306A01021,
BAJAJHLDNG,EQ,850.0,870.0,836.85,843.95,841.0,856.4,26679,22500562.15,22-OCT-2012,960,INE118A01012,
BAJFINANCE,EQ,1273.0,1304.0,1260.0,1299.45,1300.0,1270.9,81888,105956754.0,22-OCT-2012,1113,INE296A01016,
BALAJITELE,EQ,53.2,56.0,52.05,53.3,52.7,53.2,451964,24603643.55,22-OCT-2012,3628,INE794B01026,
BALAMINES,EQ,59.9,60.0,58.25,59.35,59.9,58.85,13203,782945.0,22-OCT-2012,577,INE050E01027,
BALKRISIND,EQ,273.5,276.55,271.0,272.55,272.0,272.95,20327,5575175.5,22-OCT-2012,521,INE787D01026,
BALLARPUR,EQ,22.55,23.0,22.4,22.9,22.9,22.55,255130,5817664.05,22-OCT-2012,892,INE294A01037,
BALMLAWRIE,EQ,640.95,663.0,632.7,659.7,660.0,644.35,13997,9115302.05,22-OCT-2012,681,INE164A01016,
BALPHARMA,EQ,21.5,21.7,21.2,21.25,21.2,21.5,1293,27553.0,22-OCT-2012,17,INE083D01012,
BALRAMCHIN,EQ,69.9,69.95,68.5,69.05,68.7,69.55,719461,49829875.3,22-OCT-2012,2808,INE119A01028,
BANARBEADS,BE,32.9,32.9,32.9,32.9,32.9,31.25,320,10528.0,22-OCT-2012,1,INE655B01011,
BANARISUG,EQ,909.0,931.0,900.05,913.2,911.0,903.8,897,819816.95,22-OCT-2012,267,INE459A01010,
BANCOINDIA,EQ,65.0,65.95,64.15,65.0,65.0,65.0,4826,313976.15,22-OCT-2012,58,INE213C01025,
BANG,EQ,18.3,19.6,18.3,18.95,18.75,18.25,5069,96983.4,22-OCT-2012,53,INE863I01016,
BANKBARODA,EQ,792.05,797.25,776.65,784.45,780.45,796.85,1423250,1119660496.55,22-OCT-2012,40660,INE028A01013,
BANKBEES,EQ,1162.99,1175.0,1155.05,1173.14,1170.0,1168.29,297,346803.37,22-OCT-2012,59,INF732E01078,
BANKINDIA,EQ,302.5,303.7,296.8,301.2,301.0,301.7,431235,129673870.35,22-OCT-2012,8421,INE084A01016,
BANSWRAS,EQ,66.95,66.95,65.5,65.5,65.5,64.65,112,7356.3,22-OCT-2012,4,INE629D01012,
BARTRONICS,EQ,23.8,24.1,23.6,23.65,23.7,23.9,34284,816395.7,22-OCT-2012,348,INE855F01034,
BASF,EQ,702.25,732.4,679.0,680.85,681.0,701.9,218864,154506372.55,22-OCT-2012,10474,INE373A01013,
BASML,BE,85.7,86.25,85.7,86.25,86.25,90.2,51,4398.2,22-OCT-2012,2,INE186H01014,
BATAINDIA,EQ,931.15,932.85,916.0,922.4,919.0,930.75,142561,131572657.5,22-OCT-2012,5662,INE176A01010,
BAYERCROP,EQ,1079.9,1079.9,1060.0,1074.9,1070.0,1078.7,40429,43261413.25,22-OCT-2012,161,INE462A01022,
BBL,EQ,592.35,622.75,576.8,619.1,617.5,592.85,7896,4800927.8,22-OCT-2012,1334,INE464A01028,
BBTC,EQ,566.1,577.0,560.15,572.25,571.1,569.95,855,488041.85,22-OCT-2012,136,INE050A01017,
BEARDSELL,EQ,57.2,57.2,57.2,57.2,57.2,57.2,1,57.2,22-OCT-2012,1,INE520H01014,
BECREL,BE,6.1,6.1,6.1,6.1,6.1,6.1,21,128.1,22-OCT-2012,1,INE287A01015,
BEDMUTHA,EQ,12.45,12.7,11.9,12.15,12.05,12.45,25220,306471.0,22-OCT-2012,244,INE844K01012,
BEL,EQ,1291.2,1304.0,1260.0,1299.7,1293.1,1297.95,21045,27274158.4,22-OCT-2012,2195,INE263A01016,
BEML,EQ,309.25,309.25,303.0,303.7,303.3,309.1,59737,18233562.75,22-OCT-2012,1659,INE258A01016,
BEPL,EQ,17.0,17.0,16.35,16.5,16.5,16.85,614,10280.75,22-OCT-2012,7,INE922A01025,
BERGEPAINT,EQ,141.95,142.75,140.2,140.55,140.25,142.0,51429,7256468.2,22-OCT-2012,1060,INE463A01020,
BFINVEST,EQ,43.25,43.75,43.1,43.25,43.15,43.65,13556,588933.15,22-OCT-2012,43,INE878K01010,
BFUTILITIE,EQ,388.7,395.9,386.65,391.85,390.7,391.55,154897,60591417.35,22-OCT-2012,4601,INE243D01012,
BGLOBAL,EQ,7.6,7.6,6.9,7.45,7.5,7.15,12027,86519.85,22-OCT-2012,30,INE224M01013,
BGRENERGY,EQ,272.0,273.7,268.0,270.05,269.5,274.0,179575,48554918.0,22-OCT-2012,3559,INE661I01014,
BHAGWATIHO,EQ,74.5,75.95,73.1,74.6,75.5,72.15,2790,207977.25,22-OCT-2012,192,INE797H01018,
BHAGYNAGAR,EQ,14.5,14.95,14.35,14.7,14.7,14.75,7930,115520.3,22-OCT-2012,34,INE458B01028,
BHARATFORG,EQ,303.4,304.85,298.05,301.8,301.0,305.0,366928,110478221.25,22-OCT-2012,7592,INE465A01025,
BHARATGEAR,EQ,64.75,70.55,63.5,68.95,69.3,64.65,32783,2227511.7,22-OCT-2012,907,INE561C01019,
BHARATRAS,EQ,144.5,151.9,144.5,151.8,150.05,142.1,1588,236273.75,22-OCT-2012,127,INE838B01013,
BHARTIARTL,EQ,266.0,272.45,264.8,271.9,272.25,267.1,3136286,846051438.5,22-OCT-2012,71483,INE397D01024,
BHARTISHIP,EQ,74.95,74.95,73.55,73.9,74.0,74.8,57332,4250683.65,22-OCT-2012,760,INE673G01013,
BHEL,EQ,240.0,244.4,238.25,241.85,242.0,242.3,2802322,677137747.3,22-OCT-2012,34753,INE257A01026,
BHUSANSTL,EQ,495.1,505.0,495.1,499.3,499.0,498.25,81949,40909242.35,22-OCT-2012,1155,INE824B01021,
BIL,EQ,85.05,94.4,85.05,92.95,94.0,87.15,162253,14869724.05,22-OCT-2012,2190,INE828A01016,
BILENERGY,EQ,57.3,57.35,57.0,57.35,57.35,54.65,4201,240604.55,22-OCT-2012,42,INE607L01011,
BILPOWER,EQ,23.4,23.65,22.65,22.9,22.65,23.8,180933,4146860.1,22-OCT-2012,664,INE952D01018,
BIMETAL,EQ,262.0,265.0,262.0,263.4,263.4,261.9,79,20835.8,22-OCT-2012,10,INE469A01019,
BINANIIND,EQ,126.2,130.15,125.4,128.55,129.8,129.6,7527,970098.85,22-OCT-2012,153,INE071A01013,
BINDALAGRO,EQ,31.55,32.2,31.55,31.75,31.65,31.7,51165,1632686.4,22-OCT-2012,504,INE143A01010,
BIOCON,EQ,268.0,268.0,262.45,263.85,264.15,267.6,248055,65681526.45,22-OCT-2012,5409,INE376G01013,
BIRLACORPN,EQ,266.9,274.5,266.0,269.15,269.2,270.0,10599,2859298.9,22-OCT-2012,1223,INE340A01012,
BIRLACOT,BE,0.2,0.25,0.2,0.25,0.25,0.25,187865,43187.9,22-OCT-2012,49,INE655I01024,
BIRLAERIC,EQ,9.7,10.0,9.5,9.5,9.5,9.6,2059,19864.2,22-OCT-2012,16,INE800A01015,
BIRLAMONEY,BE,19.8,19.8,19.0,19.0,19.0,20.0,4432,85975.85,22-OCT-2012,25,INE865C01022,
BIRLAPOWER,BE,0.4,0.45,0.35,0.4,0.4,0.4,514047,210148.1,22-OCT-2012,164,INE224B01024,
BLBLIMITED,EQ,3.35,3.4,3.35,3.4,3.4,3.35,3126,10628.35,22-OCT-2012,5,INE791A01024,
BLISSGVS,EQ,40.5,42.0,40.0,41.2,41.2,40.6,39059,1592347.1,22-OCT-2012,214,INE416D01022,
BLKASHYAP,EQ,9.1,11.15,9.1,10.75,10.65,11.05,114027,1223403.75,22-OCT-2012,337,INE350H01032,
BLUECHIP,EQ,0.7,0.8,0.65,0.7,0.7,0.7,63875,45154.9,22-OCT-2012,25,INE657B01025,
BLUECOAST,EQ,119.55,119.55,119.55,119.55,119.55,125.75,35,4184.25,22-OCT-2012,1,INE472B01011,
BLUEDART,EQ,1748.0,1780.0,1748.0,1774.35,1770.05,1758.45,936,1660913.95,22-OCT-2012,85,INE233B01017,
BLUESTARCO,EQ,213.0,213.0,199.0,201.65,201.6,213.4,96720,19949018.55,22-OCT-2012,2644,INE472A01039,
BLUESTINFO,EQ,65.65,65.65,62.5,63.3,62.65,63.8,2529,163681.7,22-OCT-2012,26,INE504B01011,
BOC,EQ,428.6,438.0,421.0,435.85,435.5,426.15,14373,6212884.05,22-OCT-2012,773,INE473A01011,
BODHTREE,BE,21.0,21.0,21.0,21.0,21.0,20.0,9,189.0,22-OCT-2012,1,INE104F01011,
BOMDYEING,EQ,540.0,542.8,527.95,539.95,540.0,537.7,224658,120560798.3,22-OCT-2012,8141,INE032A01015,
BOSCHLTD,EQ,8840.05,8920.0,8840.05,8904.65,8900.0,8886.3,3368,29967514.0,22-OCT-2012,183,INE323A01026,
BPCL,EQ,337.2,343.0,335.65,342.4,342.1,339.65,753408,256323336.8,22-OCT-2012,14656,INE029A01011,
BPL,EQ,19.95,20.2,19.5,19.65,19.75,19.9,20723,408818.15,22-OCT-2012,206,INE110A01019,
BRANDHOUSE,EQ,14.3,14.7,14.1,14.55,14.7,14.5,11769,169850.3,22-OCT-2012,88,INE317J01011,
BRFL,EQ,265.05,268.7,255.65,265.6,264.0,265.05,2694,706501.65,22-OCT-2012,250,INE589G01011,
BRIGADE,EQ,68.15,68.9,65.75,66.0,66.0,68.15,44483,2965633.0,22-OCT-2012,1173,INE791I01019,
BRITANNIA,EQ,485.5,490.9,482.0,488.85,487.7,485.5,29507,14405942.2,22-OCT-2012,1679,INE216A01022,
BROADCAST,EQ,7.55,8.0,7.55,8.0,8.0,7.6,500,3820.0,22-OCT-2012,4,INE698H01018,
BROOKS,EQ,18.1,18.25,17.4,18.2,18.25,17.85,38323,694262.25,22-OCT-2012,191,INE650L01011,
BSELINFRA,EQ,3.3,3.5,3.3,3.4,3.5,3.4,20387,69163.0,22-OCT-2012,75,INE395A01016,
BSL,EQ,14.15,15.0,14.15,14.7,14.6,14.6,1868,27826.55,22-OCT-2012,26,INE594B01012,
BSLGOLDETF,EQ,3063.15,3099.4,3063.15,3092.3,3092.85,3097.9,80,247204.5,22-OCT-2012,12,INF209K01HT2,
BSLNIFTY,EQ,52.0,52.0,52.0,52.0,52.0,53.0,500,26000.0,22-OCT-2012,1,INF209K01IR4,
BSTRANSCOM,EQ,212.0,212.0,205.0,208.85,205.0,212.45,125130,26366650.8,22-OCT-2012,2107,INE043K01011,
BURNPUR,EQ,11.4,11.75,11.0,11.15,11.2,11.4,95496,1079479.1,22-OCT-2012,275,INE817H01014,
BVCL,BE,10.6,10.6,9.7,10.55,10.55,10.2,5494,54808.6,22-OCT-2012,36,INE139I01011,
CADILAHC,EQ,850.15,862.65,850.15,860.35,860.05,850.9,36213,31115195.2,22-OCT-2012,1048,INE010B01019,
CAIRN,EQ,334.05,338.7,333.45,337.9,338.15,333.8,1764537,594487390.8,22-OCT-2012,29589,INE910H01017,
CALSOFT,EQ,13.0,13.75,13.0,13.0,13.0,13.4,157,2086.75,22-OCT-2012,7,INE526B01014,
CANBK,EQ,448.0,453.9,445.0,449.8,449.45,447.05,937589,422403650.5,22-OCT-2012,28891,INE476A01014,
CANDC,EQ,68.8,68.8,61.2,64.75,65.3,63.35,11886,764566.1,22-OCT-2012,317,INE874H01015,
CANFINHOME,EQ,126.7,130.9,125.75,126.9,126.4,127.65,66403,8501172.85,22-OCT-2012,1717,INE477A01012,
CANTABIL,EQ,18.65,18.95,18.3,18.4,18.95,18.65,5025,92865.6,22-OCT-2012,28,INE068L01016,
CARBORUNIV,EQ,153.05,161.0,153.05,156.0,155.7,157.1,3784,587609.55,22-OCT-2012,603,INE120A01034,
CAREERP,EQ,154.15,159.0,153.8,154.6,154.0,159.0,3453,534055.9,22-OCT-2012,201,INE521J01018,
CASTROL,EQ,328.1,333.2,322.35,325.35,328.5,329.3,222894,73327978.85,22-OCT-2012,6953,INE172A01019,
CCCL,EQ,13.9,14.0,13.7,13.95,14.0,13.95,6980,97145.15,22-OCT-2012,44,INE429I01024,
CCL,EQ,291.6,296.05,290.0,291.6,293.0,291.05,5025,1474450.95,22-OCT-2012,131,INE421D01014,
CEATLTD,EQ,115.5,122.5,115.5,121.2,122.0,117.25,316650,37985264.3,22-OCT-2012,4244,INE482A01020,
CEBBCO,EQ,102.75,102.8,100.25,101.15,101.0,101.65,73112,7418088.3,22-OCT-2012,702,INE209L01016,
CELEBRITY,EQ,4.85,4.85,4.35,4.5,4.8,4.55,782,3574.1,22-OCT-2012,23,INE185H01016,
CELESTIAL,EQ,15.4,15.75,14.95,15.1,15.0,15.3,24434,377298.25,22-OCT-2012,121,INE221I01017,
CENTENKA,EQ,130.9,133.5,128.05,131.75,131.7,130.6,17518,2312686.5,22-OCT-2012,657,INE485A01015,
CENTEXT,EQ,2.0,2.1,2.0,2.05,2.05,2.05,2676,5498.2,22-OCT-2012,12,INE281A01026,
CENTRALBK,EQ,75.2,75.7,73.95,74.25,74.25,75.5,676107,50606314.5,22-OCT-2012,5168,INE483A01010,
CENTUM,EQ,72.4,72.4,68.55,69.85,69.85,68.45,446,31353.55,22-OCT-2012,14,INE320B01020,
CENTURYPLY,EQ,58.4,61.35,51.25,60.0,60.0,60.8,3458,206720.6,22-OCT-2012,96,INE348B01021,
CENTURYTEX,EQ,396.0,401.85,393.7,399.4,398.05,398.2,456912,181766363.95,22-OCT-2012,8139,INE055A01016,
CERA,EQ,373.05,375.85,363.2,373.75,374.9,376.45,2040,761036.35,22-OCT-2012,125,INE739E01017,
CESC,EQ,335.0,342.9,335.0,339.55,338.5,339.0,367725,125176132.65,22-OCT-2012,13026,INE486A01013,
CHAMBLFERT,EQ,68.05,68.4,67.05,67.95,67.75,68.45,682777,46227768.2,22-OCT-2012,5365,INE085A01013,
CHEMFALKAL,EQ,66.0,68.0,65.4,66.5,66.5,66.75,2541,169126.95,22-OCT-2012,69,INE479E01028,
CHENNPETRO,EQ,132.5,133.45,131.1,131.9,132.0,132.85,19582,2583709.0,22-OCT-2012,1266,INE178A01016,
CHESLINTEX,EQ,8.45,8.45,7.9,8.3,8.0,8.05,1454,11890.35,22-OCT-2012,24,INE217C01018,
CHETTINAD,EQ,810.25,815.0,810.25,810.25,810.25,810.15,2701,2191823.5,22-OCT-2012,8,INE132B01011,
CHOLAFIN,EQ,228.9,235.0,227.0,231.55,230.15,228.9,25929,6037833.65,22-OCT-2012,681,INE121A01016,
CHROMATIC,EQ,93.9,93.95,90.0,90.4,90.05,90.3,100085,9082009.05,22-OCT-2012,872,INE662C01015,
CILNOVA,EQ,18.0,18.0,18.0,18.0,18.0,17.95,300,5400.0,22-OCT-2012,4,INE672K01017,
CIMMCO,EQ,51.3,51.3,51.1,51.1,51.1,51.9,32,1636.65,22-OCT-2012,8,INE184C01028,
CINEMAXIN,BE,64.05,64.05,64.05,64.05,64.05,61.0,28349,1815753.45,22-OCT-2012,99,INE460N01011,
CINEPRO,EQ,13.5,13.5,12.65,12.8,12.65,13.45,51437,670809.4,22-OCT-2012,189,INE704H01022,
CINEVISTA,EQ,4.45,4.45,4.45,4.45,4.45,4.25,7035,31305.75,22-OCT-2012,20,INE039B01026,
CIPLA,EQ,358.0,365.25,358.0,364.5,364.5,359.1,1104824,402000187.1,22-OCT-2012,33932,INE059A01026,
CLASSIC,BE,4.4,4.5,4.4,4.5,4.5,4.55,1150,5142.5,22-OCT-2012,7,INE987C01024,
CLNINDIA,EQ,665.0,671.5,663.0,669.0,665.0,670.65,5716,3822615.0,22-OCT-2012,525,INE492A01029,
CLUTCHAUTO,EQ,22.8,23.7,22.6,23.4,23.25,23.2,10377,241968.05,22-OCT-2012,95,INE779B01019,
CMAHENDRA,EQ,109.15,111.45,106.15,108.55,108.3,109.95,95788,10425355.7,22-OCT-2012,1913,INE378J01013,
CMC,EQ,1086.0,1086.0,1051.0,1080.35,1084.0,1067.25,7167,7673209.85,22-OCT-2012,793,INE314A01017,
COALINDIA,EQ,350.2,358.7,350.2,357.85,357.55,353.95,1077651,383343916.0,22-OCT-2012,34270,INE522F01014,
COLPAL,EQ,1249.0,1260.1,1237.95,1259.25,1255.0,1249.1,33842,42381999.5,22-OCT-2012,3775,INE259A01022,
COMPUSOFT,EQ,11.4,11.95,11.4,11.8,11.8,11.55,16676,195700.05,22-OCT-2012,51,INE453B01029,
CONCOR,EQ,1021.05,1103.7,1012.0,1079.6,1103.7,1030.2,21251,22280286.5,22-OCT-2012,2966,INE111A01017,
CONSOFINVT,EQ,45.7,47.65,45.2,46.0,46.0,46.0,911,41979.35,22-OCT-2012,13,INE025A01027,
CORDSCABLE,EQ,24.55,24.65,23.9,24.3,24.4,24.55,4055,98271.0,22-OCT-2012,75,INE792I01017,
COREEDUTEC,EQ,314.9,314.9,308.35,311.1,309.0,310.75,167547,52093591.65,22-OCT-2012,1424,INE247G01024,
COROENGG,EQ,149.6,149.6,142.2,149.6,149.6,142.5,500,74060.0,22-OCT-2012,4,INE312J01012,
COROMANDEL,EQ,288.5,296.0,278.15,282.4,279.0,286.85,242501,70079262.9,22-OCT-2012,6186,INE169A01031,
CORPBANK,EQ,405.0,413.0,404.95,410.1,409.5,409.9,25955,10651284.65,22-OCT-2012,775,INE112A01015,
COSMOFILMS,EQ,89.25,90.45,87.25,88.35,88.05,89.4,32728,2905118.3,22-OCT-2012,642,INE757A01017,
COUNCODOS,EQ,1.35,1.35,1.35,1.35,1.35,1.3,43,58.05,22-OCT-2012,1,INE695B01025,
COX&KINGS,EQ,140.5,145.8,139.4,142.35,142.4,140.45,453645,65066135.0,22-OCT-2012,6793,INE008I01026,
CREATIVEYE,BE,5.55,5.55,5.55,5.55,5.55,5.55,147,815.85,22-OCT-2012,1,INE230B01021,
CRESTANI,EQ,25.6,26.6,25.6,25.85,25.95,26.55,90040,2361778.75,22-OCT-2012,529,INE774A01012,
CREWBOS,EQ,23.65,24.95,23.65,24.05,24.25,24.5,41038,994970.25,22-OCT-2012,375,INE514G01019,
CRISIL,EQ,968.8,980.0,952.0,965.25,956.5,970.95,27657,26771734.8,22-OCT-2012,1197,INE007A01025,
CRMFGETF,EQ,3115.0,3115.0,3100.0,3100.0,3100.0,3132.0,7,21715.0,22-OCT-2012,4,INF760K01BR1,
CROMPGREAV,EQ,132.0,132.0,127.2,130.8,130.35,129.9,1193790,154399177.85,22-OCT-2012,11490,INE067A01029,
CTE,EQ,6.95,7.4,6.95,7.35,7.4,7.0,1126,8133.5,22-OCT-2012,59,INE627H01017,
CUB,EQ,58.6,58.6,57.75,58.0,58.0,58.6,620161,35988933.65,22-OCT-2012,3642,INE491A01021,
CUBEXTUB,EQ,6.8,7.8,6.8,7.0,7.0,7.5,2871,20071.9,22-OCT-2012,17,INE144D01012,
CUMMINSIND,EQ,500.25,504.45,485.1,488.8,488.25,502.8,323435,160915753.1,22-OCT-2012,3222,INE298A01020,
CYBERMEDIA,EQ,10.8,11.3,10.8,11.3,11.3,11.15,134,1456.7,22-OCT-2012,2,INE278G01037,
CYBERTECH,EQ,13.25,14.45,13.25,14.0,14.15,14.2,4708,65996.35,22-OCT-2012,59,INE214A01019,
DAAWAT,EQ,63.0,65.4,62.75,63.85,63.5,63.0,26768,1709979.3,22-OCT-2012,614,INE818H01012,
DABUR,EQ,130.0,131.7,129.8,130.45,130.85,130.2,1309233,170845066.5,22-OCT-2012,7830,INE016A01026,
DALMIABEL,EQ,165.0,165.0,158.55,160.8,161.0,159.55,8025,1289250.5,22-OCT-2012,79,INE439L01019,
DALMIASUG,BE,19.5,19.9,19.5,19.7,19.9,19.75,5062,100057.05,22-OCT-2012,26,INE495A01022,
DATAMATICS,EQ,32.85,32.85,31.3,31.6,31.6,32.05,1056,33306.45,22-OCT-2012,80,INE365B01017,
DBCORP,EQ,219.85,222.9,218.05,219.0,219.0,223.45,4301,947181.4,22-OCT-2012,364,INE950I01011,
DBREALTY,EQ,120.7,121.7,112.1,116.2,115.3,116.8,1126032,131434095.0,22-OCT-2012,10810,INE879I01012,
DBSTOCKBRO,EQ,95.8,95.8,95.2,95.7,95.7,95.8,103304,9867226.4,22-OCT-2012,949,INE921B01025,
DCB,EQ,45.65,45.65,44.2,45.1,45.1,45.35,1126163,50772503.3,22-OCT-2012,5719,INE503A01015,
DCHL,EQ,8.3,8.35,7.95,7.95,7.95,8.35,1455220,11590926.55,22-OCT-2012,1837,INE137G01027,
DCM,EQ,135.4,135.4,126.5,128.15,126.55,133.15,50587,6625634.85,22-OCT-2012,734,INE498A01018,
DCMSRMCONS,EQ,64.5,72.9,63.35,68.75,69.1,65.0,414174,29031233.1,22-OCT-2012,4662,INE499A01024,
DCW,EQ,24.45,24.85,24.1,24.6,24.55,24.5,566020,13881510.85,22-OCT-2012,3385,INE500A01029,
DECCANCE,EQ,248.75,248.75,238.05,238.05,238.05,241.95,61,14656.25,22-OCT-2012,4,INE583C01013,
DECOLIGHT,BE,7.9,7.9,7.55,7.55,7.55,7.9,42,321.1,22-OCT-2012,8,INE172I01012,
DEEPAKFERT,EQ,135.95,136.7,133.45,135.2,135.6,135.65,14016,1887139.35,22-OCT-2012,785,INE501A01019,
DEEPAKNTR,EQ,190.0,193.0,187.4,193.0,193.0,190.0,2347,452184.9,22-OCT-2012,40,INE288B01011,
DEEPIND,EQ,44.9,45.0,43.1,43.75,43.75,43.95,10409,455612.7,22-OCT-2012,79,INE677H01012,
DELTACORP,EQ,71.5,73.05,69.8,72.6,72.5,71.2,1820075,130382704.85,22-OCT-2012,11634,INE124G01033,
DEN,EQ,173.0,177.8,170.35,173.9,174.55,174.45,198312,34590681.45,22-OCT-2012,4106,INE947J01015,
DENABANK,EQ,109.8,111.35,108.0,110.2,110.3,110.55,1571525,172953244.25,22-OCT-2012,11122,INE077A01010,
DENORA,EQ,156.55,175.75,155.5,169.95,168.95,156.45,40517,6868002.2,22-OCT-2012,1061,INE244A01016,
DENSO,EQ,47.0,49.85,46.25,48.85,49.4,47.6,612,29647.7,22-OCT-2012,15,INE502A01017,
DHAMPURSUG,EQ,68.5,71.2,68.3,69.8,69.8,69.05,34062,2388986.45,22-OCT-2012,534,INE041A01016,
DHANBANK,EQ,58.2,60.2,58.2,59.75,59.7,59.35,409400,24416386.4,22-OCT-2012,3144,INE680A01011,
DHANUKA,EQ,130.45,132.4,127.0,128.1,128.2,129.6,39853,5128428.75,22-OCT-2012,505,INE435G01025,
DHANUS,EQ,1.4,1.4,1.3,1.35,1.35,1.35,112736,152340.75,22-OCT-2012,60,INE406H01016,
DHARSUGAR,EQ,46.0,47.4,44.5,45.9,46.0,45.6,6893,313100.0,22-OCT-2012,99,INE988C01014,
DHFL,EQ,195.8,203.0,194.4,197.65,197.0,195.55,133559,26599797.45,22-OCT-2012,3190,INE202B01012,
DHUNINV,EQ,57.1,57.55,57.1,57.5,57.5,59.6,100,5731.5,22-OCT-2012,3,INE320L01011,
DIAPOWER,EQ,105.35,109.7,104.95,108.15,109.0,105.2,17146,1839943.4,22-OCT-2012,388,INE989C01012,
DICIND,EQ,247.0,252.0,242.3,251.2,251.2,247.95,431,107958.0,22-OCT-2012,54,INE303A01010,
DIGJAM,EQ,8.0,8.8,8.0,8.6,8.7,7.95,300587,2552224.0,22-OCT-2012,1026,INE471A01023,
DISHMAN,EQ,98.0,98.15,96.25,96.5,96.5,97.45,275297,26655952.3,22-OCT-2012,3909,INE353G01020,
DISHTV,EQ,75.6,75.65,72.7,73.85,73.7,75.7,7210117,532774355.8,22-OCT-2012,37428,INE836F01026,
DIVISLAB,EQ,1126.65,1167.75,1121.0,1161.95,1163.75,1127.4,281633,324688927.25,22-OCT-2012,16751,INE361B01024,
DLF,EQ,204.0,207.75,203.55,207.1,207.1,206.1,4421923,909690383.5,22-OCT-2012,37544,INE271C01023,
DLINKINDIA,EQ,33.0,35.25,32.45,33.9,33.6,32.9,181792,6228430.4,22-OCT-2012,1370,INE250K01012,
DOLPHINOFF,EQ,114.0,122.0,112.65,118.3,118.55,113.7,133714,15936170.45,22-OCT-2012,2155,INE920A01011,
DONEAR,EQ,16.2,16.2,15.25,15.3,15.45,15.3,336,5139.2,22-OCT-2012,14,INE668D01028,
DPSCLTD,EQ,13.6,13.6,12.0,12.55,12.8,13.05,14655,185795.5,22-OCT-2012,100,INE360C01024,
DPTL,EQ,112.0,113.8,109.4,110.2,110.8,112.95,14385,1592150.65,22-OCT-2012,360,INE477B01010,
DQE,EQ,20.1,22.15,20.1,21.6,21.4,21.6,28328,613235.75,22-OCT-2012,156,INE656K01010,
DREDGECORP,EQ,248.3,248.3,245.1,246.5,245.5,246.9,3547,874380.3,22-OCT-2012,211,INE506A01018,
DRREDDY,EQ,1704.7,1731.95,1704.7,1728.75,1726.95,1704.45,243677,420788574.1,22-OCT-2012,19138,INE089A01023,
DSKULKARNI,EQ,68.5,76.95,68.2,75.9,75.7,69.05,506116,37721171.85,22-OCT-2012,4844,INE891A01014,
DSSL,EQ,5.5,5.5,5.5,5.5,5.5,5.75,2764,15202.0,22-OCT-2012,12,INE417B01040,
DUNCANSIND,EQ,9.8,9.8,9.25,9.3,9.25,9.65,25567,242161.65,22-OCT-2012,87,INE508A01014,
DWARKESH,EQ,46.1,47.85,46.1,47.2,47.2,47.4,1233,58129.15,22-OCT-2012,21,INE366A01033,
DYNAMATECH,EQ,725.25,746.95,725.0,746.95,746.95,744.35,44,32114.25,22-OCT-2012,22,INE221B01012,
DYNATECH,BE,2.9,2.9,2.9,2.9,2.9,3.05,1260,3654.0,22-OCT-2012,10,INE741L01018,
EASTSILK,EQ,3.3,3.55,3.3,3.45,3.45,3.35,25229,86452.65,22-OCT-2012,54,INE962C01027,
EASUNREYRL,EQ,70.5,73.0,70.5,71.8,71.2,71.2,4161,297669.4,22-OCT-2012,390,INE268C01029,
ECEIND,EQ,108.1,111.5,106.3,106.95,107.0,107.15,1050,113739.2,22-OCT-2012,38,INE588B01014,
ECLERX,EQ,731.35,739.0,720.15,729.55,729.7,741.05,61385,44928094.5,22-OCT-2012,5149,INE738I01010,
EDELWEISS,EQ,35.8,36.95,35.55,35.75,35.7,36.45,85965,3095193.4,22-OCT-2012,1303,INE532F01054,
EDL,EQ,85.0,90.9,84.5,87.1,86.55,85.35,48025,4233152.2,22-OCT-2012,736,INE180G01019,
EDSERV,EQ,17.2,17.5,16.5,17.1,17.15,16.8,113257,1927383.75,22-OCT-2012,651,INE889J01019,
EDUCOMP,EQ,161.05,161.05,158.0,159.6,159.8,161.05,374735,59673974.4,22-OCT-2012,5311,INE216H01027,
EICHERMOT,EQ,2290.0,2307.95,2275.0,2288.95,2276.0,2302.45,3479,7972371.2,22-OCT-2012,501,INE066A01013,
EIDPARRY,EQ,235.0,235.0,231.0,232.45,232.5,233.1,22290,5202770.5,22-OCT-2012,635,INE126A01031,
EIHAHOTELS,EQ,136.0,136.0,130.8,131.45,131.85,131.65,1341,176288.9,22-OCT-2012,71,INE276C01014,
EIHOTEL,EQ,77.7,78.1,77.0,77.35,77.4,77.7,42254,3272081.85,22-OCT-2012,523,INE230A01023,
EIMCOELECO,EQ,176.1,176.95,174.5,175.45,175.45,175.85,172,30216.15,22-OCT-2012,51,INE158B01016,
EKC,BE,29.0,30.6,28.85,29.65,29.55,30.35,39411,1177229.25,22-OCT-2012,231,INE184H01027,
ELDERPHARM,EQ,299.85,299.85,288.1,290.1,289.0,295.15,5134,1498111.75,22-OCT-2012,243,INE975A01015,
ELECON,EQ,50.0,50.25,48.5,49.25,49.1,50.15,44141,2174723.6,22-OCT-2012,537,INE205B01023,
ELECTCAST,EQ,23.7,24.15,22.95,23.05,23.05,23.7,314255,7409017.6,22-OCT-2012,1833,INE086A01029,
ELECTHERM,EQ,49.6,50.0,49.1,49.3,49.1,49.6,1625,81048.55,22-OCT-2012,30,INE822G01016,
ELFORGE,EQ,7.3,7.3,6.75,7.05,7.05,7.5,3676,25500.9,22-OCT-2012,44,INE158F01017,
ELGIEQUIP,EQ,82.0,84.7,82.0,83.25,83.1,83.85,6592,550505.7,22-OCT-2012,216,INE285A01027,
ELGIRUBCO,EQ,22.25,23.5,22.15,22.65,22.75,22.7,15789,359739.3,22-OCT-2012,63,INE819L01012,
ELNET,EQ,35.05,36.0,35.0,35.3,35.15,35.55,1850,65179.0,22-OCT-2012,16,INE033C01019,
EMAMIINFRA,EQ,21.75,23.15,21.0,23.1,23.15,21.05,39283,894817.8,22-OCT-2012,384,INE778K01012,
EMAMILTD,EQ,532.85,569.8,532.0,562.75,558.0,530.1,437880,241456861.8,22-OCT-2012,7792,INE548C01032,
EMCO,EQ,28.2,29.4,28.2,29.2,29.3,28.45,116749,3384228.5,22-OCT-2012,458,INE078A01026,
EMKAY,EQ,22.95,22.95,21.25,22.5,22.6,22.15,19080,428417.85,22-OCT-2012,104,INE296H01011,
EMMBI,EQ,13.3,13.3,12.7,13.0,13.0,13.0,721,9370.95,22-OCT-2012,315,INE753K01015,
EMPEESUG,EQ,10.0,10.2,9.8,10.1,10.2,10.0,5335,53090.4,22-OCT-2012,29,INE928B01012,
ENERGYDEV,EQ,26.9,26.9,24.45,25.45,25.15,25.55,146344,3693851.85,22-OCT-2012,940,INE306C01019,
ENGINERSIN,EQ,241.05,244.0,239.3,239.65,240.0,240.1,37695,9094730.05,22-OCT-2012,1287,INE510A01028,
ENIL,EQ,223.65,237.5,223.65,232.3,234.9,234.8,2456,570834.15,22-OCT-2012,327,INE265F01028,
ENTEGRA,EQ,8.65,8.85,8.3,8.55,8.85,8.65,1096,9397.5,22-OCT-2012,26,INE826A01028,
EON,BE,34.5,37.95,34.5,37.55,37.95,36.15,13697,509073.6,22-OCT-2012,42,INE076H01025,
ERAINFRA,EQ,139.6,139.9,138.35,139.25,139.9,139.65,143735,19978164.2,22-OCT-2012,1577,INE039E01020,
EROSMEDIA,EQ,162.95,165.85,160.4,163.8,164.0,163.5,261129,42717505.45,22-OCT-2012,5283,INE416L01017,
ESABINDIA,EQ,453.1,462.0,453.0,459.55,462.0,452.95,653,299099.6,22-OCT-2012,41,INE284A01012,
ESCORTS,EQ,67.3,68.15,67.2,67.45,67.35,67.9,288980,19555031.75,22-OCT-2012,2223,INE042A01014,
ESL,EQ,8.1,8.2,8.0,8.05,8.05,8.1,1591712,12923872.7,22-OCT-2012,647,INE481K01013,
ESSAROIL,EQ,63.1,65.5,56.65,64.5,64.4,64.35,1758800,113489908.5,22-OCT-2012,9081,INE011A01019,
ESSARPORTS,EQ,104.0,107.0,102.6,104.7,105.0,105.05,79422,8320242.0,22-OCT-2012,1023,INE282A01024,
ESSARSHPNG,EQ,30.4,30.9,29.75,29.9,29.75,30.35,52542,1593016.95,22-OCT-2012,291,INE122M01019,
ESSDEE,EQ,305.0,305.0,286.3,286.7,286.3,301.35,61896,18008785.7,22-OCT-2012,1641,INE825H01017,
ESSELPACK,EQ,37.7,41.7,37.2,38.4,38.6,37.95,833808,33424556.0,22-OCT-2012,4589,INE255A01020,
ESTER,EQ,18.1,18.15,17.5,17.85,17.9,18.35,14617,262190.4,22-OCT-2012,76,INE778B01029,
EUROCERA,EQ,8.3,8.7,8.3,8.65,8.5,8.7,685,5891.55,22-OCT-2012,16,INE649H01011,
EUROMULTI,EQ,4.25,4.5,4.2,4.25,4.25,4.25,4930,21320.15,22-OCT-2012,20,INE063J01011,
EUROTEXIND,EQ,17.3,17.3,16.45,16.45,16.45,16.7,1648,27803.75,22-OCT-2012,12,INE022C01012,
EVEREADY,EQ,26.15,26.15,25.25,25.5,25.5,25.85,1266436,32629709.75,22-OCT-2012,8143,INE128A01029,
EVERESTIND,EQ,227.0,232.3,217.25,228.0,227.0,219.95,84351,19239117.4,22-OCT-2012,2305,INE295A01018,
EVERONN,EQ,159.85,160.7,155.6,155.95,155.75,160.6,220603,34539199.75,22-OCT-2012,3549,INE678H01010,
EXCELCROP,EQ,181.65,190.0,178.95,182.2,181.75,182.15,86851,16087332.6,22-OCT-2012,2315,INE223G01017,
EXCELINDUS,EQ,83.65,89.0,83.65,86.25,85.85,87.4,3987,350210.9,22-OCT-2012,322,INE369A01029,
EXCELINFO,BE,27.15,28.4,27.15,27.6,28.3,28.15,3377,93074.45,22-OCT-2012,26,INE688J01015,
EXIDEIND,EQ,148.0,148.0,141.3,142.25,142.05,148.2,5875815,842973291.7,22-OCT-2012,44944,INE302A01020,
FACT,EQ,28.45,28.6,28.05,28.2,28.15,28.45,10642,300942.55,22-OCT-2012,132,INE188A01015,
FAGBEARING,EQ,1800.0,1849.95,1800.0,1817.2,1816.5,1821.95,1687,3064084.9,22-OCT-2012,166,INE513A01014,
FAME,BE,43.35,45.95,43.35,44.7,44.7,44.25,1277,57704.95,22-OCT-2012,13,INE886G01011,
FARMAXIND,EQ,0.85,0.85,0.75,0.8,0.8,0.8,178496,146660.9,22-OCT-2012,144,INE890I01035,
FCH,EQ,154.8,154.85,150.05,152.2,152.6,152.45,9751,1486698.75,22-OCT-2012,468,INE688I01017,
FCSSOFT,EQ,0.35,0.4,0.35,0.35,0.35,0.35,431442,165405.35,22-OCT-2012,88,INE512B01022,
FDC,EQ,86.7,88.0,86.35,87.9,87.7,86.7,52166,4569488.05,22-OCT-2012,852,INE258B01022,
FEDDERLOYD,EQ,55.05,56.65,55.05,55.3,55.3,56.1,19531,1088168.35,22-OCT-2012,303,INE249C01011,
FEDERALBNK,EQ,480.15,491.8,474.2,487.6,487.25,482.85,211697,102885098.95,22-OCT-2012,5954,INE171A01011,
FIEMIND,EQ,175.0,181.3,175.0,179.45,178.0,175.0,8819,1566306.0,22-OCT-2012,505,INE737H01014,
FILATEX,EQ,34.55,35.0,34.5,35.0,35.0,34.75,800,27745.0,22-OCT-2012,5,INE816B01019,
FINANTECH,EQ,1007.45,1024.0,1005.85,1016.05,1015.5,1007.6,145336,147818637.6,22-OCT-2012,6356,INE111B01023,
FINCABLES,EQ,48.25,48.9,45.5,46.3,46.45,47.5,1697759,81327747.5,22-OCT-2012,12518,INE235A01022,
FINPIPE,EQ,63.0,65.75,62.8,64.6,64.45,64.95,26799,1744379.35,22-OCT-2012,324,INE183A01016,
FIRSTLEASE,EQ,56.6,57.0,55.2,55.5,55.9,56.25,11273,630405.5,22-OCT-2012,335,INE492B01019,
FIRSTWIN,EQ,9.0,9.35,8.65,8.95,8.9,9.65,404,3583.15,22-OCT-2012,24,INE315J01015,
FKONCO,EQ,80.25,80.7,78.5,79.3,79.4,80.05,68548,5469686.7,22-OCT-2012,1220,INE575G01010,
FLEXITUFF,EQ,193.85,194.0,190.5,193.35,194.0,190.25,17859,3427944.35,22-OCT-2012,195,INE060J01017,
FMGOETZE,EQ,210.0,210.0,197.0,198.3,198.5,201.45,4922,980581.25,22-OCT-2012,169,INE529A01010,
FMNL,EQ,32.4,33.2,30.0,33.2,33.2,27.7,96783,3139424.7,22-OCT-2012,713,INE360L01017,
FORTIS,EQ,104.05,105.35,103.2,103.7,104.5,104.05,91546,9539173.3,22-OCT-2012,1019,INE061F01013,
FOSECOIND,EQ,625.0,638.0,625.0,636.9,637.0,624.8,741,469804.65,22-OCT-2012,82,INE519A01011,
FOURSOFT,BE,8.65,9.0,8.5,8.55,8.55,8.65,5459,46939.45,22-OCT-2012,18,INE218G01017,
FSL,EQ,12.65,13.4,12.6,13.15,12.95,12.7,5577980,73465093.1,22-OCT-2012,8677,INE684F01012,
FUTUREVENT,EQ,9.25,9.25,9.2,9.2,9.2,9.2,116865,1076160.8,22-OCT-2012,119,INE220J01017,
GABRIEL,EQ,26.6,26.7,26.25,26.45,26.3,26.6,40758,1080941.0,22-OCT-2012,181,INE524A01029,
GAEL,EQ,23.7,23.7,23.2,23.35,23.3,23.85,23709,554771.95,22-OCT-2012,110,INE036B01022,
GAIL,EQ,358.0,363.7,358.0,358.8,358.25,360.55,876921,316008883.85,22-OCT-2012,37977,INE129A01019,
GAL,EQ,12.2,13.3,12.15,13.3,13.3,12.7,18737,246875.15,22-OCT-2012,49,INE482J01013,
GALLANTT,EQ,28.5,28.75,28.5,28.55,28.55,28.05,66181,1893113.55,22-OCT-2012,321,INE297H01019,
GALLISPAT,EQ,57.0,59.0,55.35,57.1,57.0,58.0,6785,385268.7,22-OCT-2012,129,INE528K01011,
GAMMNINFRA,EQ,14.6,14.6,14.35,14.4,14.4,14.45,29846,430256.25,22-OCT-2012,137,INE181G01025,
GAMMONIND,EQ,44.2,44.25,43.05,43.3,43.2,44.2,94871,4146431.35,22-OCT-2012,592,INE259B01020,
GANDHITUBE,EQ,138.9,140.0,138.5,138.9,138.5,138.6,464,64446.5,22-OCT-2012,14,INE524B01027,
GANESHHOUC,EQ,76.5,79.95,75.0,77.95,77.65,77.15,11805,919062.7,22-OCT-2012,122,INE460C01014,
GANGOTRI,EQ,2.9,2.95,2.9,2.95,2.95,3.0,540,1566.15,22-OCT-2012,3,INE670B01028,
GARDENSILK,EQ,58.5,65.0,57.0,59.95,59.2,59.25,195773,12138714.65,22-OCT-2012,3264,INE526A01016,
GARWALLROP,EQ,51.75,53.35,51.75,52.8,52.3,52.3,4703,246455.95,22-OCT-2012,54,INE276A01018,
GATI,EQ,39.45,39.85,36.7,36.95,36.95,39.25,589989,22061488.3,22-OCT-2012,3260,INE152B01027,
GAYAPROJ,EQ,111.0,116.15,111.0,113.65,113.0,111.8,5469,623222.75,22-OCT-2012,132,INE336H01015,
GDL,EQ,138.25,140.95,136.6,136.95,136.9,138.3,136220,18849449.2,22-OCT-2012,3655,INE852F01015,
GEECEE,EQ,43.8,45.45,43.15,43.75,43.75,44.15,21046,921058.55,22-OCT-2012,54,INE916G01016,
GEINDSYS,EQ,73.3,76.7,70.15,74.6,72.55,70.45,4065,299727.35,22-OCT-2012,52,INE599B01011,
GEMINI,EQ,7.9,8.15,7.8,8.05,8.05,8.0,11001,87994.15,22-OCT-2012,27,INE878C01033,
GENESYS,EQ,180.2,186.15,180.2,181.9,181.05,182.45,38080,6951447.6,22-OCT-2012,1205,INE727B01026,
GENUSPOWER,EQ,9.2,9.45,8.8,9.0,9.0,9.35,72497,661760.85,22-OCT-2012,183,INE955D01029,
GEODESIC,EQ,41.5,41.9,40.75,41.15,41.1,41.2,97724,4026420.55,22-OCT-2012,759,INE371D01029,
GEOJITBNPP,EQ,23.45,23.55,22.75,23.15,23.25,23.25,161933,3759626.35,22-OCT-2012,464,INE007B01023,
GEOMETRIC,EQ,117.2,118.5,113.7,117.7,117.8,116.35,342369,39867277.1,22-OCT-2012,3707,INE797A01021,
GESHIP,EQ,255.45,261.8,252.1,253.65,254.0,254.95,56930,14668523.6,22-OCT-2012,1488,INE017A01032,
GHCL,EQ,41.2,42.0,40.75,41.45,41.4,41.6,117329,4851051.85,22-OCT-2012,673,INE539A01019,
GICHSGFIN,EQ,113.0,113.05,109.55,110.65,111.25,113.25,368667,41033636.4,22-OCT-2012,3533,INE289B01019,
GILLANDERS,EQ,66.35,66.35,63.9,64.1,63.9,64.8,1390,89898.25,22-OCT-2012,38,INE047B01011,
GILLETTE,EQ,2250.5,2250.5,2217.0,2226.5,2217.0,2239.35,3121,7009946.95,22-OCT-2012,100,INE322A01010,
GINNIFILA,EQ,6.15,6.45,6.15,6.25,6.45,6.25,2100,13116.6,22-OCT-2012,4,INE424C01010,
GIPCL,EQ,69.15,69.15,68.3,68.45,68.3,68.9,9449,648096.75,22-OCT-2012,124,INE162A01010,
GISOLUTION,EQ,7.6,8.1,7.6,7.9,7.9,7.8,2278,18276.8,22-OCT-2012,27,INE065J01016,
GITANJALI,EQ,394.75,399.6,391.0,392.75,391.15,393.9,688611,272049025.15,22-OCT-2012,9189,INE346H01014,
GKB,EQ,38.75,38.75,36.0,36.1,36.1,36.05,226,8694.3,22-OCT-2012,10,INE265D01015,
GKWLIMITED,EQ,402.0,411.0,402.0,410.45,411.0,400.0,1180,481793.85,22-OCT-2012,20,INE528A01020,
GLAXO,EQ,1952.1,2004.0,1952.1,2000.0,2000.0,1996.45,35381,70730192.65,22-OCT-2012,1497,INE159A01016,
GLENMARK,EQ,411.0,411.0,400.25,402.0,402.05,400.8,416318,167443164.75,22-OCT-2012,28223,INE935A01035,
GLFL,EQ,2.55,2.7,2.45,2.5,2.5,2.55,2325,5918.75,22-OCT-2012,10,INE540A01017,
GLOBALVECT,EQ,9.9,9.9,9.15,9.2,9.2,9.0,1800,16985.0,22-OCT-2012,7,INE792H01019,
GLOBOFFS,EQ,75.2,76.35,72.5,72.65,72.5,75.5,21446,1571163.85,22-OCT-2012,437,INE446C01013,
GLOBUSSPR,EQ,122.35,125.15,121.05,123.1,123.4,123.65,74807,9256781.15,22-OCT-2012,1603,INE615I01010,
GLODYNE,EQ,63.9,64.0,60.3,60.4,60.45,63.45,125627,7736802.85,22-OCT-2012,1358,INE932G01021,
GLORY,EQ,2.75,2.8,2.65,2.7,2.75,2.7,13524,36889.05,22-OCT-2012,30,INE408H01012,
GMBREW,EQ,77.6,77.9,76.65,77.15,76.65,77.55,2070,160295.95,22-OCT-2012,83,INE075D01018,
GMDCLTD,EQ,213.4,216.95,212.0,212.4,212.55,213.75,111254,23827471.75,22-OCT-2012,2518,INE131A01031,
GMRINFRA,EQ,22.3,22.45,21.8,21.95,21.95,22.55,5283100,116573207.2,22-OCT-2012,12197,INE776C01039,
GNFC,EQ,82.0,84.2,81.2,82.3,81.75,82.2,34107,2796774.0,22-OCT-2012,526,INE113A01013,
GOACARBON,EQ,87.8,94.0,86.0,88.5,88.5,87.8,151203,13711209.5,22-OCT-2012,3475,INE426D01013,
GODFRYPHLP,EQ,3470.0,3792.95,3410.0,3491.9,3459.5,3417.4,729,2573869.7,22-OCT-2012,291,INE260B01010,
GODREJCP,EQ,675.0,699.65,660.0,697.6,695.0,688.75,98420,68030086.55,22-OCT-2012,6553,INE102D01028,
GODREJIND,EQ,305.85,311.6,303.1,308.15,306.4,306.5,427937,131977743.5,22-OCT-2012,7205,INE233A01035,
GODREJPROP,EQ,604.15,604.7,585.0,587.4,587.4,605.4,26480,15678952.95,22-OCT-2012,1251,INE484J01019,
GOENKA,EQ,237.7,283.4,236.85,280.95,280.5,236.2,674220,184311015.1,22-OCT-2012,12209,INE516K01016,
GOKEX,EQ,60.8,64.2,60.8,61.15,61.15,62.25,81,4981.45,22-OCT-2012,15,INE887G01027,
GOKUL,EQ,46.5,47.25,42.5,46.45,46.5,45.75,4837,217556.95,22-OCT-2012,224,INE020J01029,
GOLDBEES,EQ,2975.1,2977.0,2943.0,2946.85,2946.5,2977.7,54247,160267662.6,22-OCT-2012,5271,INF732E01102,
GOLDENTOBC,EQ,33.9,35.0,33.55,34.0,34.5,34.0,1433,49242.05,22-OCT-2012,85,INE973A01010,
GOLDIAM,EQ,30.65,31.0,29.5,29.7,29.75,30.65,4849,145208.6,22-OCT-2012,90,INE025B01017,
GOLDINFRA,EQ,15.45,16.1,15.45,15.95,15.8,15.1,70931,1133021.15,22-OCT-2012,88,INE260D01016,
GOLDSHARE,EQ,2989.8,2989.8,2960.0,2964.05,2965.0,2990.5,5767,17146542.5,22-OCT-2012,1037,INF789F01059,
GOLDTECH,EQ,6.25,6.25,5.8,5.85,5.85,5.85,2015,11724.45,22-OCT-2012,11,INE805A01014,
GPIL,EQ,119.0,120.5,119.0,119.9,120.15,119.05,6624,793290.7,22-OCT-2012,255,INE177H01013,
GPPL,EQ,50.1,50.9,50.1,50.3,50.35,50.6,190393,9611193.7,22-OCT-2012,330,INE517F01014,
GRANULES,EQ,185.0,195.9,183.95,194.7,194.85,188.4,180959,35104963.85,22-OCT-2012,2793,INE101D01012,
GRAPHITE,EQ,84.35,84.5,83.45,84.0,83.95,83.55,20727,1741302.95,22-OCT-2012,497,INE371A01025,
GRASIM,EQ,3413.25,3440.0,3394.05,3418.0,3418.0,3412.25,56744,193828819.65,22-OCT-2012,4116,INE047A01013,
GRAVITA,EQ,168.2,173.15,166.95,171.4,172.0,168.2,98096,16800040.15,22-OCT-2012,1891,INE024L01027,
GREAVESCOT,EQ,75.5,81.6,75.5,80.6,80.65,79.75,203307,16274356.7,22-OCT-2012,1104,INE224A01026,
GREENFIRE,BE,2.85,3.05,2.85,3.05,3.05,2.95,448604,1358219.0,22-OCT-2012,160,INE217G01027,
GREENPLY,EQ,251.0,266.5,245.0,263.8,265.1,253.85,7551,1970507.45,22-OCT-2012,627,INE461C01020,
GREENPOWER,EQ,11.0,11.1,10.85,10.95,10.85,11.05,467151,5142303.65,22-OCT-2012,735,INE999K01014,
GRINDWELL,EQ,258.5,267.95,258.0,265.0,265.0,260.85,3326,867730.0,22-OCT-2012,66,INE536A01023,
GRUH,EQ,188.05,189.8,185.05,187.1,186.5,187.25,91362,17120943.75,22-OCT-2012,2361,INE580B01029,
GSFC,EQ,74.0,74.0,68.5,72.25,73.0,73.9,863679,62437084.05,22-OCT-2012,3153,INE026A01025,
GSKCONS,EQ,2900.5,3070.45,2900.5,3040.2,3049.75,3070.45,8165,24693358.45,22-OCT-2012,3265,INE264A01014,
GSLNOVA,EQ,1.75,1.8,1.7,1.7,1.7,1.9,1101,1921.8,22-OCT-2012,6,INE787A01022,
GSPL,EQ,78.4,79.8,77.95,78.05,78.0,79.0,517725,40702565.8,22-OCT-2012,3138,INE246F01010,
GSS,EQ,40.0,40.0,37.75,38.6,38.55,38.25,1631,62714.3,22-OCT-2012,435,INE871H01011,
GTL,EQ,31.0,31.4,30.5,30.7,30.75,31.2,311406,9606420.6,22-OCT-2012,2110,INE043A01012,
GTLINFRA,EQ,8.5,8.55,8.35,8.45,8.5,8.55,286671,2426394.35,22-OCT-2012,597,INE221H01019,
GTNIND,EQ,9.3,10.15,9.3,10.15,10.15,9.3,4103,41153.35,22-OCT-2012,16,INE537A01013,
GTNTEX,EQ,7.45,7.45,7.25,7.4,7.4,7.4,4134,30583.9,22-OCT-2012,12,INE302H01017,
GTOFFSHORE,EQ,112.3,113.9,107.7,112.75,113.0,111.8,169401,18952013.65,22-OCT-2012,2593,INE892H01017,
GUFICBIO,EQ,6.6,6.6,6.6,6.6,6.6,6.55,431,2844.6,22-OCT-2012,3,INE742B01025,
GUJALKALI,EQ,132.0,132.0,130.45,130.7,130.5,131.25,6187,810727.0,22-OCT-2012,111,INE186A01019,
GUJAPOLLO,EQ,133.0,133.05,130.25,130.6,131.0,132.6,5851,766293.1,22-OCT-2012,141,INE826C01016,
GUJFLUORO,EQ,363.95,364.0,351.0,355.95,353.5,359.25,35354,12550428.25,22-OCT-2012,1260,INE538A01037,
GUJNRECOKE,EQ,20.5,20.5,19.4,19.55,19.45,19.95,1686373,33447112.35,22-OCT-2012,6016,INE110D01013,
GUJNREDVR,EQ,12.5,12.5,12.0,12.05,12.0,12.25,15149,183149.8,22-OCT-2012,110,IN9110D01011,
GUJRATGAS,EQ,297.4,302.5,297.1,301.95,302.05,297.5,183185,55121882.35,22-OCT-2012,1919,INE374A01029,
GUJSIDHCEM,EQ,11.75,12.2,11.7,12.05,12.15,11.8,352874,4244727.6,22-OCT-2012,756,INE542A01013,
GULFOILCOR,EQ,97.55,98.95,95.7,96.0,95.95,98.1,74736,7245124.0,22-OCT-2012,982,INE077F01027,
GVKPIL,EQ,13.4,13.9,13.35,13.5,13.45,13.5,7889191,106473994.75,22-OCT-2012,5627,INE251H01024,
HALONIX,EQ,49.7,50.85,49.45,50.0,50.05,49.75,5953,297623.45,22-OCT-2012,86,INE455B01016,
HANUNG,EQ,119.95,123.4,119.1,121.7,121.95,120.3,74276,8995306.6,22-OCT-2012,2144,INE648H01013,
HARITASEAT,EQ,101.1,107.0,101.1,107.0,107.0,104.75,161,16595.0,22-OCT-2012,4,INE939D01015,
HARRMALAYA,EQ,62.25,63.2,61.85,61.95,62.0,62.25,12281,764428.85,22-OCT-2012,199,INE544A01019,
HATHWAY,EQ,233.0,242.8,230.3,232.55,232.5,233.8,235561,55875156.0,22-OCT-2012,5801,INE982F01028,
HAVELLS,EQ,650.1,652.9,645.15,647.25,647.5,650.4,49138,31870450.05,22-OCT-2012,2135,INE176B01026,
HBLPOWER,EQ,16.45,16.7,16.0,16.45,16.5,16.45,39559,648191.75,22-OCT-2012,223,INE292B01021,
HBSTOCK,EQ,10.7,12.0,10.7,12.0,12.0,12.0,857,10257.1,22-OCT-2012,9,INE550B01014,
HCC,EQ,17.5,17.5,16.95,17.05,17.0,17.35,1760279,30102751.4,22-OCT-2012,8129,INE549A01026,
HCIL,EQ,31.45,31.45,29.5,30.25,30.5,30.1,8169,244033.55,22-OCT-2012,115,INE019C01026,
HCL-INSYS,EQ,45.1,45.25,44.15,44.45,44.3,45.1,104590,4676001.25,22-OCT-2012,854,INE236A01020,
HCLTECH,EQ,605.0,613.45,599.95,611.15,612.0,605.35,1079460,656887839.05,22-OCT-2012,29160,INE860A01027,
HDFC,EQ,752.0,757.0,742.55,750.75,749.3,753.3,2227969,1669787131.85,22-OCT-2012,52395,INE001A01036,
HDFCBANK,EQ,625.2,640.0,625.2,639.0,639.9,628.5,2060351,1309573486.85,22-OCT-2012,30238,INE040A01026,
HDFCMFGETF,EQ,3090.0,3117.0,3054.0,3058.85,3057.0,3093.65,6142,18830787.9,22-OCT-2012,870,INF179K01CN1,
HDIL,EQ,102.25,104.6,100.35,104.0,103.7,102.75,13098093,1343554714.45,22-OCT-2012,57077,INE191I01012,
HEG,EQ,220.3,224.45,218.0,223.25,223.0,222.05,5091,1129978.25,22-OCT-2012,217,INE545A01016,
HEIDELBERG,BE,52.0,52.7,50.2,50.6,50.85,52.45,262662,13512674.3,22-OCT-2012,1189,INE578A01017,
HELIOSMATH,EQ,45.25,47.5,44.65,47.25,47.45,45.05,272284,12682492.95,22-OCT-2012,1175,INE674B01012,
HERCULES,EQ,133.1,135.8,131.75,133.0,133.0,133.75,60248,8041278.25,22-OCT-2012,1310,INE688E01024,
HERITGFOOD,EQ,357.4,367.8,343.1,357.6,356.05,360.4,33022,11918209.2,22-OCT-2012,1197,INE978A01019,
HEROMOTOCO,EQ,1844.45,1847.55,1819.0,1827.65,1819.1,1849.95,143675,263770512.15,22-OCT-2012,12185,INE158A01026,
HEXATRADEX,EQ,39.25,40.4,38.2,39.35,39.6,39.65,39601,1561689.45,22-OCT-2012,282,INE750M01017,
HEXAWARE,EQ,110.05,110.95,108.4,108.85,108.9,109.95,1823242,199298009.15,22-OCT-2012,11916,INE093A01033,
HFCL,EQ,11.25,11.4,11.15,11.2,11.15,11.25,436280,4898918.25,22-OCT-2012,1033,INE548A01028,
HGS,EQ,320.0,327.65,316.5,324.85,325.25,322.6,2529,819830.55,22-OCT-2012,85,INE170I01016,
HIKAL,EQ,431.6,453.1,422.95,434.85,436.35,450.15,21157,9241422.75,22-OCT-2012,671,INE475B01014,
HILTON,EQ,11.5,11.95,11.5,11.7,11.95,11.8,1628,18926.85,22-OCT-2012,16,INE788H01017,
HIMATSEIDE,EQ,33.8,34.95,33.8,34.7,34.65,34.55,8540,293734.95,22-OCT-2012,98,INE049A01027,
HINDALCO,EQ,114.2,115.85,113.2,115.15,115.05,114.9,4040447,463422422.3,22-OCT-2012,26788,INE038A01020,
HINDCOMPOS,EQ,386.65,410.0,384.0,384.0,384.0,370.0,38,15014.85,22-OCT-2012,25,INE310C01011,
HINDCOPPER,EQ,257.0,258.7,254.7,255.85,255.8,259.3,45354,11620415.45,22-OCT-2012,1484,INE531E01026,
HINDDORROL,EQ,26.6,27.0,26.0,26.6,26.55,26.7,26688,709891.85,22-OCT-2012,220,INE551A01022,
HINDMOTORS,EQ,10.15,11.0,9.95,10.6,10.55,10.15,428079,4565803.9,22-OCT-2012,1178,INE253A01025,
HINDNATGLS,EQ,200.0,200.5,197.9,200.0,200.0,199.75,259,51680.45,22-OCT-2012,16,INE952A01022,
HINDOILEXP,EQ,106.0,106.9,104.2,105.3,105.15,106.6,378164,39811385.75,22-OCT-2012,4268,INE345A01011,
HINDPETRO,EQ,301.0,302.4,298.55,299.75,299.2,300.15,444799,133506386.65,22-OCT-2012,5208,INE094A01015,
HINDUJAFO,EQ,52.65,53.4,52.2,52.2,52.2,53.65,7033,367383.7,22-OCT-2012,70,INE291F01016,
HINDUJAVEN,EQ,470.0,505.6,465.5,492.75,498.0,471.65,29563,14640885.3,22-OCT-2012,1236,INE353A01023,
HINDUNILVR,EQ,566.65,572.0,565.25,569.45,567.7,566.55,1019679,580009190.7,22-OCT-2012,16028,INE030A01027,
HINDZINC,EQ,134.35,134.35,132.6,133.35,133.4,134.25,296813,39605092.7,22-OCT-2012,3118,INE267A01025,
HIRAFERRO,EQ,21.0,21.0,21.0,21.0,21.0,21.5,1250,26250.0,22-OCT-2012,4,INE573I01011,
HIRECT,EQ,48.0,49.0,45.7,46.8,46.5,48.05,4116,191995.35,22-OCT-2012,62,INE835D01023,
HITACHIHOM,EQ,140.0,143.9,138.7,139.45,138.7,139.25,87341,12344371.0,22-OCT-2012,2480,INE782A01015,
HITECHGEAR,EQ,99.8,99.8,97.15,97.85,97.5,97.95,535,52422.1,22-OCT-2012,409,INE127B01011,
HITECHPLAS,EQ,55.45,56.85,55.0,55.0,55.05,56.0,1155,63915.85,22-OCT-2012,157,INE120D01012,
HMT,EQ,45.1,45.7,43.8,44.15,44.2,45.65,227781,10196372.25,22-OCT-2012,1381,INE262A01018,
HMVL,EQ,120.0,126.2,117.1,124.45,125.0,122.55,3611,435687.75,22-OCT-2012,386,INE871K01015,
HNGSNGBEES,EQ,1519.99,1555.0,1519.99,1527.0,1527.0,1491.0,787,1212696.8,22-OCT-2012,28,INF732E01227,
HOCL,EQ,19.5,20.2,19.45,19.8,19.65,19.65,18934,375856.45,22-OCT-2012,123,INE048A01011,
HONAUT,EQ,2670.0,2745.95,2670.0,2713.45,2715.0,2665.15,734,1991172.65,22-OCT-2012,170,INE671A01010,
HONDAPOWER,EQ,526.15,568.0,526.1,562.05,560.0,545.9,4949,2737495.7,22-OCT-2012,274,INE634A01018,
HORIZONINF,EQ,232.6,238.85,230.2,233.15,235.0,237.8,14611,3434139.2,22-OCT-2012,219,INE429F01012,
HOTELEELA,EQ,30.25,30.55,30.1,30.15,30.3,30.4,83694,2533422.55,22-OCT-2012,581,INE102A01024,
HOTELRUGBY,EQ,36.45,36.55,35.0,36.55,36.55,34.85,27283,993791.65,22-OCT-2012,162,INE275F01019,
HOVS,EQ,35.3,36.5,34.85,36.05,36.5,35.45,8985,321048.0,22-OCT-2012,88,INE596H01014,
HSIL,EQ,128.8,133.75,127.35,130.6,130.15,128.7,64715,8466424.2,22-OCT-2012,1004,INE415A01038,
HTMEDIA,EQ,100.85,104.4,98.35,103.55,104.0,101.15,51105,5257865.25,22-OCT-2012,2136,INE501G01024,
HUBTOWN,EQ,178.95,178.95,167.0,168.1,171.1,168.45,35224,5917729.8,22-OCT-2012,336,INE703H01016,
HYDRBADIND,EQ,532.0,542.0,523.1,525.95,524.0,522.85,47699,25469884.6,22-OCT-2012,2267,INE557A01011,
HYDROS&S,EQ,14.45,14.75,14.05,14.75,14.75,14.7,107,1543.0,22-OCT-2012,38,INE473D01015,
IBIPL,EQ,6.45,6.45,5.95,6.0,6.0,6.2,352218,2148164.2,22-OCT-2012,616,INE834M01019,
IBPOW,EQ,12.4,12.85,12.35,12.55,12.55,12.5,1080263,13591774.05,22-OCT-2012,2215,INE399K01017,
IBREALEST,EQ,62.0,63.9,61.1,63.25,63.05,62.35,7610746,476307591.85,22-OCT-2012,30311,INE069I01010,
IBSEC,EQ,10.75,10.9,10.4,10.6,10.6,10.3,2140016,22860714.9,22-OCT-2012,6733,INE274G01010,
IBWSL,EQ,7.85,8.45,7.85,8.45,8.45,8.05,56074,470908.05,22-OCT-2012,67,INE126M01010,
ICICIBANK,EQ,1052.8,1080.95,1050.0,1075.6,1076.6,1057.3,4610036,4947459460.0,22-OCT-2012,88061,INE090A01013,
ICIL,EQ,10.4,11.7,10.0,11.45,11.5,10.7,5190,57304.2,22-OCT-2012,349,INE483B01018,
ICRA,EQ,1398.95,1398.95,1370.0,1391.35,1395.0,1387.9,6355,8779176.8,22-OCT-2012,411,INE725G01011,
ICSA,EQ,18.75,18.75,18.0,18.2,18.25,18.75,209710,3847604.55,22-OCT-2012,1079,INE306B01029,
IDBI,EQ,99.0,99.45,97.6,98.35,98.15,99.4,972428,95692121.4,22-OCT-2012,8445,INE008A01015,
IDBIGOLD,EQ,3098.0,3098.0,3075.0,3083.8,3097.9,3095.9,224,691589.2,22-OCT-2012,51,INF397L01554,
IDEA,EQ,81.2,81.8,80.45,81.35,81.05,81.9,905799,73478703.7,22-OCT-2012,7453,INE669E01016,
IDFC,EQ,151.7,153.0,150.0,152.65,152.9,152.1,3960657,601754564.6,22-OCT-2012,29931,INE043D01016,
IFBAGRO,EQ,160.0,181.0,160.0,166.55,165.2,158.5,177777,30827129.4,22-OCT-2012,5928,INE076C01018,
IFBIND,EQ,108.0,124.65,107.6,124.65,124.65,103.9,2406122,285246214.15,22-OCT-2012,34359,INE559A01017,
IFCI,EQ,29.6,29.9,29.2,29.7,29.5,29.95,4498214,133241284.3,22-OCT-2012,12659,INE039A01010,
IFGLREFRAC,EQ,50.8,53.0,48.3,49.0,49.0,49.35,9169,454288.7,22-OCT-2012,411,INE023B01012,
IGARASHI,EQ,83.45,83.45,79.1,79.45,80.0,81.45,3615,292111.25,22-OCT-2012,135,INE188B01013,
IGL,EQ,254.35,257.65,252.65,255.0,255.0,254.05,353425,90264672.25,22-OCT-2012,3698,INE203G01019,
IGPL,EQ,41.0,41.75,40.25,41.1,40.95,41.9,1746,71723.15,22-OCT-2012,85,INE204A01010,
IIFLNIFTY,EQ,572.05,578.6,572.05,577.89,578.05,575.41,3786,2177532.59,22-OCT-2012,284,INF579M01019,
IL&FSENGG,EQ,64.0,67.65,62.55,63.55,63.5,63.75,91386,5914307.85,22-OCT-2012,1000,INE369I01014,
IL&FSTRANS,EQ,183.35,186.4,182.0,185.6,185.05,184.3,22928,4244699.0,22-OCT-2012,638,INE975G01012,
IMFA,EQ,304.95,304.95,291.5,292.9,291.7,297.35,802,239587.75,22-OCT-2012,63,INE919H01018,
IMPAL,EQ,405.0,409.8,401.2,405.2,403.3,411.1,908,368842.95,22-OCT-2012,88,INE547E01014,
IMPEXFERRO,EQ,6.15,6.15,5.75,6.05,6.15,5.65,4,24.05,22-OCT-2012,4,INE691G01015,
INDBANK,BE,7.0,7.05,6.75,6.75,6.75,7.1,6086,42155.45,22-OCT-2012,34,INE841B01017,
INDHOTEL,EQ,66.8,68.3,65.75,67.15,67.35,66.45,1369385,92149020.65,22-OCT-2012,8452,INE053A01029,
INDIABULLS,EQ,228.9,241.25,225.0,238.45,237.8,229.35,2132470,502813792.6,22-OCT-2012,34309,INE894F01025,
INDIACEM,EQ,99.0,99.0,96.5,97.3,97.1,98.45,1101259,107150420.3,22-OCT-2012,12485,INE383A01012,
INDIAGLYCO,EQ,207.15,218.5,193.65,214.75,215.0,210.2,238117,50979205.7,22-OCT-2012,4319,INE560A01015,
INDIAINFO,EQ,67.5,69.3,66.5,68.65,68.4,67.05,317908,21661135.75,22-OCT-2012,2206,INE530B01024,
INDIANB,EQ,183.0,189.0,178.0,183.9,183.6,184.6,212414,39001173.55,22-OCT-2012,2089,INE562A01011,
INDIANCARD,EQ,110.0,115.0,108.5,113.5,113.0,111.75,16,1797.5,22-OCT-2012,8,INE061A01014,
INDIANHUME,EQ,119.0,119.0,112.0,112.3,112.3,112.0,2451,275148.5,22-OCT-2012,211,INE323C01030,
INDLMETER,EQ,49.5,51.05,48.5,50.45,51.05,49.0,2254,112443.9,22-OCT-2012,66,INE065B01013,
INDNIPPON,EQ,189.9,190.0,187.55,188.25,188.0,191.0,834,157094.1,22-OCT-2012,21,INE092B01017,
INDOCO,EQ,65.6,65.6,60.65,62.95,62.55,64.9,33640,2132275.65,22-OCT-2012,572,INE873D01024,
INDORAMA,EQ,26.0,26.8,25.2,26.25,26.3,25.7,228318,6020169.3,22-OCT-2012,1407,INE156A01020,
INDOSOLAR,EQ,4.1,4.25,4.1,4.1,4.1,4.2,44084,182065.1,22-OCT-2012,99,INE866K01015,
INDOTECH,BE,142.55,142.55,136.0,142.55,142.55,135.8,44223,6300361.05,22-OCT-2012,212,INE332H01014,
INDOTHAI,EQ,11.05,11.6,11.0,11.4,11.4,11.15,7110,81068.4,22-OCT-2012,67,INE337M01013,
INDOWIND,EQ,3.95,4.1,3.95,4.0,4.0,4.0,121408,487124.45,22-OCT-2012,184,INE227G01018,
INDRAMEDCO,EQ,35.65,35.65,35.1,35.15,35.1,35.45,11323,399436.6,22-OCT-2012,305,INE681B01017,
INDSWFTLAB,EQ,57.7,57.7,56.05,56.95,56.8,57.0,52131,2953866.3,22-OCT-2012,952,INE915B01019,
INDSWFTLTD,EQ,17.55,17.95,17.55,17.9,17.95,17.75,6507,116090.35,22-OCT-2012,51,INE788B01028,
INDTERRAIN,EQ,55.0,63.0,55.0,61.1,62.45,53.8,4933,282283.85,22-OCT-2012,88,INE611L01013,
INDUSFILA,EQ,12.0,12.2,11.5,12.2,12.2,12.15,993,11942.0,22-OCT-2012,18,INE025I01012,
INDUSINDBK,EQ,356.8,363.45,352.5,361.85,363.0,362.55,262330,94629659.7,22-OCT-2012,4101,INE095A01012,
INFINITE,EQ,152.9,157.95,150.0,154.95,154.2,150.4,59501,9209419.9,22-OCT-2012,1324,INE486J01014,
INFODRIVE,EQ,9.25,9.4,8.75,8.75,8.75,9.2,297228,2709313.9,22-OCT-2012,1126,INE804D01011,
INFOMEDIA,BE,5.9,6.1,5.9,6.1,6.1,5.85,11869,72041.65,22-OCT-2012,41,INE669A01022,
INFOTECENT,EQ,194.5,194.5,189.0,190.8,190.5,194.4,17875,3421375.7,22-OCT-2012,693,INE136B01020,
INFRABEES,EQ,252.0,254.0,245.01,246.21,246.21,254.47,424,104638.46,22-OCT-2012,17,INF732E01268,
INFY,EQ,2368.25,2398.0,2368.25,2385.55,2385.95,2383.35,570858,1363892447.25,22-OCT-2012,29880,INE009A01021,
INGERRAND,EQ,494.85,494.85,481.5,493.0,494.5,488.85,3462,1703568.05,22-OCT-2012,170,INE177A01018,
INGVYSYABK,EQ,457.0,475.5,450.95,463.95,465.25,447.6,780978,364601238.1,22-OCT-2012,17924,INE166A01011,
INNOIND,EQ,129.95,133.6,127.5,132.85,133.25,128.6,22275,2936328.75,22-OCT-2012,295,INE549I01011,
INOXLEISUR,BE,71.5,75.75,71.25,74.35,74.5,73.55,17110,1276313.2,22-OCT-2012,145,INE312H01016,
INSECTICID,EQ,419.3,421.3,411.4,413.4,411.4,420.5,2278,952613.5,22-OCT-2012,166,INE070I01018,
INVENTURE,EQ,14.85,14.85,14.35,14.45,14.4,14.65,24467,355913.25,22-OCT-2012,219,INE878H01016,
IOB,EQ,80.8,81.45,79.7,80.45,80.5,81.25,736645,59402801.2,22-OCT-2012,5501,INE565A01014,
IOC,EQ,259.95,260.4,257.1,259.75,260.05,259.4,211488,54784971.0,22-OCT-2012,2461,INE242A01010,
IOLCP,EQ,26.75,27.4,25.6,26.05,26.0,25.8,1538,40534.75,22-OCT-2012,166,INE485C01011,
IOLN,EQ,4.95,5.2,4.9,4.95,4.95,5.05,242,1206.2,22-OCT-2012,7,INE517C01011,
IPCALAB,EQ,460.4,463.8,458.05,460.35,460.0,459.05,27525,12677233.45,22-OCT-2012,1093,INE571A01020,
IPGETF,EQ,3066.0,3066.0,3037.3,3040.65,3042.0,3072.95,275,839247.45,22-OCT-2012,62,INF109K01FV4,
IRB,EQ,144.95,146.5,142.75,145.5,144.8,146.05,1395329,201477249.05,22-OCT-2012,10150,INE821I01014,
ISFT,EQ,52.5,52.6,49.5,50.45,50.0,52.9,1918,97178.55,22-OCT-2012,143,INE566K01011,
ISMTLTD,EQ,26.55,26.9,25.35,25.8,25.65,26.8,163620,4238420.45,22-OCT-2012,755,INE732F01019,
ITC,EQ,298.0,298.3,291.15,294.0,292.7,297.5,7326831,2149941681.5,22-OCT-2012,97573,INE154A01025,
ITDCEM,EQ,244.95,245.0,240.0,240.1,240.0,240.0,132,31818.15,22-OCT-2012,19,INE686A01018,
ITI,EQ,24.25,24.4,23.8,23.85,23.85,24.25,75802,1817501.4,22-OCT-2012,425,INE248A01017,
IVC,EQ,26.05,26.2,25.65,25.75,25.95,26.0,18501,477877.35,22-OCT-2012,124,INE050B01023,
IVP,EQ,41.1,42.85,41.1,42.85,42.85,41.9,102,4194.7,22-OCT-2012,4,INE043C01018,
IVRCLINFRA,EQ,44.6,45.35,44.25,44.6,44.45,44.9,4321118,193668530.15,22-OCT-2012,16605,INE875A01025,
J&KBANK,EQ,1158.9,1158.9,1130.0,1132.8,1130.3,1158.2,26872,30736190.5,22-OCT-2012,1207,INE168A01017,
JAGRAN,EQ,105.05,105.6,102.2,104.8,105.0,105.05,28235,2945915.6,22-OCT-2012,1400,INE199G01027,
JAGSNPHARM,EQ,14.0,14.9,13.8,14.2,14.5,13.95,13842,200634.5,22-OCT-2012,95,INE048B01027,
JAIBALAJI,BE,38.6,38.6,36.3,37.8,37.55,37.4,1329,50277.5,22-OCT-2012,26,INE091G01018,
JAICORPLTD,EQ,60.0,61.4,59.9,60.7,60.65,60.5,569000,34479721.9,22-OCT-2012,4970,INE070D01027,
JAIHINDPRO,EQ,99.2,99.2,85.0,87.35,86.95,100.25,29814,2670802.15,22-OCT-2012,346,INE343D01010,
JAINSTUDIO,BE,6.2,6.8,6.2,6.8,6.8,6.5,937,6031.6,22-OCT-2012,5,INE486B01011,
JAMNAAUTO,EQ,111.0,114.7,110.8,113.5,113.2,112.0,1177,132066.8,22-OCT-2012,50,INE039C01016,
JAYAGROGN,EQ,150.0,150.0,140.1,147.05,149.0,147.9,17283,2506187.75,22-OCT-2012,810,INE785A01026,
JAYBARMARU,EQ,60.0,63.0,59.0,62.3,62.7,61.15,4472,274265.6,22-OCT-2012,81,INE571B01028,
JAYNECOIND,EQ,13.0,13.4,12.8,12.9,12.85,13.15,134142,1750744.05,22-OCT-2012,438,INE854B01010,
JAYSREETEA,EQ,92.0,93.5,91.05,91.4,91.3,92.0,28856,2658589.35,22-OCT-2012,400,INE364A01020,
JBCHEPHARM,EQ,68.95,71.0,67.5,69.65,69.45,68.75,42774,2965639.1,22-OCT-2012,731,INE572A01028,
JBFIND,EQ,137.25,139.45,137.2,138.7,139.0,138.15,11669,1615693.3,22-OCT-2012,487,INE187A01017,
JBMA,EQ,64.25,64.25,59.6,61.4,59.7,60.15,1083,65783.15,22-OCT-2012,34,INE927D01010,
JCTEL,EQ,0.65,0.7,0.6,0.65,0.65,0.65,12579,8176.35,22-OCT-2012,20,INE264B01020,
JDORGOCHEM,EQ,2.8,2.8,2.8,2.8,2.8,2.8,1000,2800.0,22-OCT-2012,1,INE263B01022,
JENSONICOL,EQ,4.0,4.0,3.9,3.95,3.95,4.0,1596,6314.55,22-OCT-2012,10,INE819B01021,
JETAIRWAYS,EQ,357.5,364.4,354.95,361.6,359.5,355.45,587482,211562475.3,22-OCT-2012,10734,INE802G01018,
JEYPORE,BE,98.7,98.7,98.7,98.7,98.7,78.6,1,98.7,22-OCT-2012,1,INE180E01014,
JHS,EQ,34.45,35.8,34.15,34.9,35.0,33.65,44251,1552793.8,22-OCT-2012,419,INE544H01014,
JIKIND,EQ,4.2,4.55,4.2,4.5,4.4,4.4,39897,180001.6,22-OCT-2012,227,INE026B01049,
JINDALPHOT,EQ,139.9,146.7,139.9,142.65,142.7,141.45,26667,3834475.9,22-OCT-2012,900,INE796G01012,
JINDALPOLY,EQ,207.7,217.5,207.5,214.1,214.7,209.35,297609,63867948.2,22-OCT-2012,6121,INE197D01010,
JINDALSAW,EQ,111.1,113.4,110.05,111.55,112.1,111.05,73641,8188173.1,22-OCT-2012,1470,INE324A01024,
JINDALSTEL,EQ,406.75,406.75,398.35,400.45,399.4,407.5,1935785,777000117.2,22-OCT-2012,37093,INE749A01030,
JINDALSWHL,EQ,580.35,592.0,575.65,584.9,585.45,583.9,40023,23442061.15,22-OCT-2012,1876,INE824G01012,
JINDCOT,EQ,68.1,73.4,68.1,70.6,70.6,68.1,129123,9193738.45,22-OCT-2012,2160,INE904J01016,
JINDRILL,EQ,275.25,280.7,270.5,275.0,275.2,276.7,3258,898407.4,22-OCT-2012,579,INE742C01031,
JINDWORLD,EQ,108.7,108.95,102.0,105.1,107.5,106.1,895,94309.55,22-OCT-2012,42,INE247D01013,
JISLDVREQS,EQ,36.8,38.1,36.8,37.95,38.1,37.5,19988,753029.15,22-OCT-2012,208,IN9175A01010,
JISLJALEQS,EQ,70.5,71.4,69.3,70.9,71.0,70.65,1191066,84061492.2,22-OCT-2012,12303,INE175A01038,
JKCEMENT,EQ,255.0,284.0,241.9,277.85,280.8,255.1,210588,56852919.3,22-OCT-2012,5037,INE823G01014,
JKIL,EQ,230.0,232.5,226.4,227.85,229.8,229.95,1072,245936.5,22-OCT-2012,155,INE576I01014,
JKLAKSHMI,EQ,118.0,125.95,117.4,124.85,125.05,116.2,998978,122236605.2,22-OCT-2012,12480,INE786A01032,
JKPAPER,EQ,36.8,41.7,36.25,40.65,41.6,37.05,599701,24081421.3,22-OCT-2012,2678,INE789E01012,
JKTYRE,EQ,107.5,122.7,107.5,119.8,122.3,108.3,985564,115046499.15,22-OCT-2012,11190,INE573A01034,
JMCPROJECT,EQ,111.0,113.0,108.65,111.5,111.3,112.5,5786,645925.45,22-OCT-2012,93,INE890A01016,
JMFINANCIL,EQ,17.4,17.4,16.8,17.0,17.05,17.2,738694,12634752.3,22-OCT-2012,1100,INE780C01023,
JMTAUTOLTD,EQ,52.95,56.0,52.95,54.05,54.05,52.95,1111,61759.8,22-OCT-2012,9,INE988E01010,
JOCIL,EQ,124.75,124.9,122.6,123.9,122.6,126.35,486,59987.1,22-OCT-2012,11,INE839G01010,
JPASSOCIAT,EQ,92.6,96.35,92.5,96.0,95.95,93.5,15134529,1435401759.6,22-OCT-2012,62507,INE455F01025,
JPINFRATEC,EQ,50.05,50.75,48.95,49.95,49.9,50.35,565529,28225779.55,22-OCT-2012,3377,INE099J01015,
JPPOWER,EQ,38.0,40.4,37.7,40.25,40.25,38.2,3942261,155890600.1,22-OCT-2012,12767,INE351F01018,
JSL,EQ,68.15,70.4,68.15,69.35,68.55,68.35,536976,37403553.2,22-OCT-2012,1688,INE220G01021,
JSWENERGY,EQ,61.05,62.25,61.0,62.05,62.0,61.8,661789,40877833.65,22-OCT-2012,3937,INE121E01018,
JSWISPAT,EQ,9.9,10.2,9.85,10.15,10.1,10.0,1169001,11755973.65,22-OCT-2012,1090,INE136A01022,
JSWSTEEL,EQ,733.0,753.55,726.0,750.9,749.1,735.5,1057086,785699872.95,22-OCT-2012,23908,INE019A01020,
JUBILANT,EQ,226.05,235.6,225.0,234.5,234.75,228.65,183617,42846284.05,22-OCT-2012,3343,INE700A01033,
JUBLFOOD,EQ,1301.0,1305.0,1280.0,1288.8,1285.2,1307.15,158148,203887693.05,22-OCT-2012,10286,INE797F01012,
JUBLINDS,EQ,167.0,172.0,163.7,169.35,169.2,170.0,48696,8277748.15,22-OCT-2012,224,INE645L01011,
JUMBO,EQ,9.35,9.55,9.35,9.4,9.55,9.5,125,1173.75,22-OCT-2012,6,INE699D01015,
JUNIORBEES,EQ,111.98,111.98,110.5,111.29,111.25,110.49,2075,231421.98,22-OCT-2012,86,INF732E01045,
JUPITER,BE,5.85,5.85,5.55,5.65,5.75,5.8,113318,635724.8,22-OCT-2012,171,INE918B01013,
JVLAGRO,EQ,16.45,16.5,15.8,16.1,16.1,16.2,12192,198193.4,22-OCT-2012,94,INE430G01026,
JYOTHYLAB,EQ,172.4,176.5,170.0,173.05,172.2,172.45,162508,28149101.1,22-OCT-2012,4053,INE668F01031,
JYOTISTRUC,EQ,47.55,48.65,46.5,47.4,47.35,47.75,159236,7590344.15,22-OCT-2012,1334,INE197A01024,
KABRAEXTRU,EQ,33.4,34.9,33.15,34.05,34.1,33.25,2427,82606.7,22-OCT-2012,78,INE900B01029,
KAJARIACER,EQ,213.0,220.0,213.0,216.15,216.0,217.3,33478,7260189.3,22-OCT-2012,713,INE217B01028,
KAKATCEM,EQ,91.0,91.8,89.95,90.0,90.0,91.15,1808,163475.55,22-OCT-2012,47,INE437B01014,
KALINDEE,EQ,81.0,81.0,78.0,79.15,79.15,80.95,105133,8360853.95,22-OCT-2012,1760,INE178D01010,
KALPATPOWR,EQ,92.0,94.1,92.0,92.85,93.1,93.15,81207,7560514.2,22-OCT-2012,1272,INE220B01022,
KALYANIFRG,BE,183.95,184.0,181.0,181.0,181.0,180.0,210,38603.0,22-OCT-2012,10,INE314G01014,
KAMATHOTEL,EQ,128.0,129.45,128.0,128.55,128.0,128.0,681,87354.2,22-OCT-2012,18,INE967C01018,
KANANIIND,BE,188.0,189.55,181.0,189.55,189.55,180.55,11260,2076170.45,22-OCT-2012,104,INE879E01029,
KANORICHEM,EQ,36.8,36.8,36.1,36.1,36.1,36.85,2836,102832.2,22-OCT-2012,28,INE138C01024,
KANSAINER,EQ,954.0,964.5,947.0,960.1,963.95,959.6,1376,1321098.45,22-OCT-2012,105,INE531A01016,
KARMAENG,EQ,11.5,12.1,11.3,12.1,12.1,11.55,334,3919.4,22-OCT-2012,5,INE725L01011,
KARURKCP,EQ,27.5,27.5,27.5,27.5,27.5,27.5,4,110.0,22-OCT-2012,4,INE727F01019,
KARURVYSYA,EQ,447.1,449.7,442.75,445.05,444.15,445.45,48974,21840990.85,22-OCT-2012,1727,INE036D01010,
KAUSHALYA,EQ,8.2,8.25,7.9,7.95,7.95,8.2,3104,24775.8,22-OCT-2012,29,INE234I01010,
KAVVERITEL,EQ,129.05,129.95,124.45,125.5,124.45,129.45,16362,2086325.85,22-OCT-2012,205,INE641C01019,
KBIL,EQ,930.0,962.7,930.0,960.1,951.0,924.15,1710,1613022.9,22-OCT-2012,106,INE920K01010,
KCP,EQ,46.5,46.85,45.4,45.95,45.45,46.35,204598,9462190.4,22-OCT-2012,1181,INE805C01028,
KCPSUGIND,EQ,19.0,20.5,19.0,19.85,19.85,19.95,36138,719242.6,22-OCT-2012,154,INE790B01024,
KEC,EQ,70.25,71.0,66.95,70.35,70.25,70.25,79413,5527067.55,22-OCT-2012,1690,INE389H01022,
KECL,EQ,28.7,29.25,28.45,28.7,28.9,29.0,672,19358.0,22-OCT-2012,71,INE134B01017,
KEI,EQ,17.9,19.85,17.7,18.8,18.9,17.9,258730,4906444.05,22-OCT-2012,1014,INE878B01027,
KEMROCK,EQ,92.0,92.05,87.75,87.95,88.0,92.35,55683,4923024.45,22-OCT-2012,673,INE990B01012,
KERNEX,EQ,60.95,62.6,60.95,62.1,62.4,62.25,57046,3537076.0,22-OCT-2012,688,INE202H01019,
KESARENT,EQ,43.25,43.25,43.2,43.2,43.2,43.2,2,86.45,22-OCT-2012,2,INE133B01019,
KESORAMIND,EQ,147.45,150.0,145.5,146.75,146.5,146.15,25129,3705185.85,22-OCT-2012,474,INE087A01019,
KFA,EQ,10.85,10.85,10.85,10.85,10.85,11.4,807328,8759508.8,22-OCT-2012,1355,INE438H01019,
KGL,EQ,4.9,4.9,4.55,4.65,4.6,4.9,784759,3655673.5,22-OCT-2012,549,INE299C01024,
KHAITANELE,EQ,59.8,60.0,59.8,59.9,60.0,59.5,501,30021.55,22-OCT-2012,14,INE761A01019,
KHAITANLTD,EQ,24.15,24.15,24.15,24.15,24.15,25.25,100,2415.0,22-OCT-2012,1,INE731C01018,
KICL,EQ,342.5,351.85,342.5,347.3,346.3,345.1,328,113938.3,22-OCT-2012,28,INE029L01018,
KIL,EQ,17.0,17.1,17.0,17.1,17.1,17.0,252,4299.2,22-OCT-2012,6,INE390H01012,
KILITCH,EQ,40.0,40.55,39.1,39.45,39.7,39.8,18408,729338.5,22-OCT-2012,657,INE729D01010,
KINETICMOT,EQ,10.25,10.35,10.0,10.2,10.3,10.35,17794,181674.95,22-OCT-2012,148,INE267B01015,
KIRIINDUS,EQ,23.9,25.2,23.5,23.55,23.5,24.05,11868,283655.9,22-OCT-2012,122,INE415I01015,
KIRLOSBROS,EQ,168.0,169.0,155.25,158.0,158.45,167.25,39453,6354502.35,22-OCT-2012,1127,INE732A01036,
KIRLOSENG,EQ,178.3,181.85,173.35,178.3,178.5,180.2,10884,1941717.85,22-OCT-2012,468,INE146L01010,
KIRLOSIND,EQ,310.0,315.0,304.0,312.0,304.0,308.05,654,200973.0,22-OCT-2012,176,INE250A01039,
KITEX,EQ,60.65,63.75,60.15,62.75,62.5,63.0,10575,661660.45,22-OCT-2012,50,INE602G01020,
KITPLYIND,EQ,2.8,2.8,2.75,2.75,2.75,2.8,3570,9868.5,22-OCT-2012,8,INE147B01019,
KKCL,EQ,695.05,704.0,694.95,699.75,696.5,700.6,740,517658.95,22-OCT-2012,157,INE401H01017,
KLGSYSTEL,BE,18.2,19.0,17.85,18.6,18.6,18.6,1906,35447.15,22-OCT-2012,24,INE799A01019,
KLRF,BE,28.95,28.95,28.95,28.95,28.95,28.4,10,289.5,22-OCT-2012,1,INE014E01015,
KMSUGAR,EQ,2.3,2.45,2.3,2.45,2.45,2.35,880,2048.5,22-OCT-2012,5,INE157H01023,
KNRCON,EQ,110.75,112.85,110.0,110.75,110.0,110.0,1837,203356.7,22-OCT-2012,26,INE634I01011,
KOHINOOR,EQ,31.0,31.55,30.35,30.75,30.7,31.2,43090,1331856.5,22-OCT-2012,368,INE080B01012,
KOKUYOCMLN,EQ,39.25,41.6,38.3,40.0,39.9,39.35,28964,1168934.6,22-OCT-2012,587,INE760A01029,
KOLTEPATIL,EQ,60.0,64.8,59.3,63.7,63.6,61.25,330618,20944667.9,22-OCT-2012,2972,INE094I01018,
KOPDRUGS,BE,3.75,3.75,3.75,3.75,3.75,3.8,2707,10151.25,22-OCT-2012,3,INE746A01010,
KOPRAN,EQ,22.9,22.9,22.05,22.1,22.15,22.2,37886,840626.55,22-OCT-2012,154,INE082A01010,
KOTAKBANK,EQ,624.5,634.7,621.55,633.5,633.35,628.45,392721,246730143.0,22-OCT-2012,12084,INE237A01028,
KOTAKGOLD,EQ,2992.5,2992.5,2960.0,2960.8,2964.0,2986.9,4780,14194292.45,22-OCT-2012,871,INF373I01015,
KOTAKNIFTY,EQ,580.0,582.0,580.0,580.5,580.5,581.42,100,58047.0,22-OCT-2012,9,INF174K01518,
KOTAKPSUBK,EQ,358.0,358.0,354.0,354.75,354.0,358.09,71,25337.0,22-OCT-2012,13,INF373I01023,
KOTARISUG,EQ,9.75,10.6,9.75,10.6,10.6,9.65,1902586,20146939.25,22-OCT-2012,509,INE419A01022,
KOTHARIPET,EQ,8.05,8.4,8.05,8.25,8.2,8.0,8755,72482.75,22-OCT-2012,15,INE720A01015,
KOTHARIPRO,EQ,399.0,404.0,395.0,397.65,402.95,398.0,834,331938.75,22-OCT-2012,47,INE823A01017,
KOUTONS,BE,7.85,8.15,7.5,7.55,7.55,7.85,53546,411106.35,22-OCT-2012,143,INE406I01014,
KOVAI,BE,107.0,107.0,106.8,106.8,106.8,107.0,201,21476.95,22-OCT-2012,5,INE177F01017,
KPIT,EQ,116.05,121.5,115.15,120.45,121.5,115.9,493633,58604931.9,22-OCT-2012,14390,INE836A01035,
KPRMILL,EQ,127.0,129.95,127.0,128.55,129.95,128.0,373,47957.6,22-OCT-2012,20,INE930H01015,
KRBL,EQ,26.0,26.3,25.8,25.85,25.9,25.85,108549,2819108.75,22-OCT-2012,501,INE001B01026,
KSBPUMPS,EQ,231.9,235.0,228.4,232.65,231.0,229.95,14571,3403269.1,22-OCT-2012,463,INE999A01015,
KSCL,EQ,1075.0,1130.0,1056.6,1121.65,1122.0,1073.35,37056,41300989.8,22-OCT-2012,2552,INE455I01011,
KSE,EQ,239.0,239.55,231.0,238.5,239.0,232.0,155,36619.5,22-OCT-2012,13,INE953E01014,
KSERASERA,BE,3.3,3.3,3.3,3.3,3.3,3.15,8306,27409.8,22-OCT-2012,21,INE216D01018,
KSK,EQ,66.3,68.9,64.55,65.75,65.4,66.65,36339,2419782.3,22-OCT-2012,459,INE143H01015,
KSL,EQ,55.2,57.7,55.2,55.6,55.55,55.8,47367,2676542.05,22-OCT-2012,739,INE907A01026,
KSOILS,EQ,4.6,4.8,4.6,4.7,4.65,4.65,975271,4552412.2,22-OCT-2012,714,INE727D01022,
KTKBANK,EQ,130.4,130.8,128.35,129.45,128.9,131.45,3273694,424544207.3,22-OCT-2012,21342,INE614B01018,
KWALITY,EQ,29.15,29.8,29.15,29.45,29.5,29.35,110345,3266212.05,22-OCT-2012,328,INE775B01025,
L&TFH,EQ,54.15,54.6,53.4,54.05,54.1,54.15,1973908,106624377.5,22-OCT-2012,8908,INE498L01015,
LAKPRE,EQ,37.0,37.95,37.0,37.65,37.65,37.6,416,15569.5,22-OCT-2012,9,INE651C01018,
LAKSHMIEFL,EQ,19.0,19.2,18.85,18.95,18.9,19.15,14762,280866.45,22-OCT-2012,182,INE992B01026,
LAKSHMIFIN,BE,22.05,22.05,22.05,22.05,22.05,23.2,140,3087.0,22-OCT-2012,4,INE850E01012,
LAKSHMIMIL,EQ,1580.0,1600.0,1580.0,1600.0,1600.0,1599.95,49,77680.0,22-OCT-2012,9,INE938C01019,
LAKSHVILAS,EQ,82.45,82.7,81.65,82.1,82.0,82.7,30530,2506925.65,22-OCT-2012,515,INE694C01018,
LANCOIN,EQ,28.65,28.65,28.0,28.05,28.05,28.6,5777,162880.0,22-OCT-2012,81,INE943C01027,
LAOPALA,EQ,143.0,146.5,143.0,146.0,146.0,142.85,1871,272956.75,22-OCT-2012,153,INE059D01012,
LAXMIMACH,EQ,2045.05,2110.0,2037.05,2078.9,2091.0,2039.25,5703,11800607.4,22-OCT-2012,678,INE269B01029,
LCCINFOTEC,EQ,0.35,0.4,0.35,0.35,0.35,0.4,5841,2056.85,22-OCT-2012,6,INE938A01021,
LGBBROSLTD,EQ,256.0,256.0,252.0,252.0,252.0,253.6,2456,622471.9,22-OCT-2012,103,INE337A01034,
LGBFORGE,EQ,2.45,2.65,2.4,2.45,2.4,2.45,5304,13329.0,22-OCT-2012,15,INE201J01017,
LIBERTSHOE,EQ,113.0,114.8,111.1,113.05,112.6,112.5,30767,3484335.05,22-OCT-2012,662,INE557B01019,
LICHSGFIN,EQ,247.65,249.0,243.7,247.0,248.0,247.65,5319546,1310510026.95,22-OCT-2012,39297,INE115A01026,
LIQUIDBEES,EQ,999.99,1000.01,999.99,999.99,999.99,1000.0,90680,90679495.52,22-OCT-2012,678,INF732E01037,
LITL,EQ,13.6,13.95,13.6,13.75,13.8,13.7,7057094,97168528.3,22-OCT-2012,21428,INE785C01048,
LLOYDELENG,EQ,60.0,61.4,59.15,60.5,60.35,60.35,16267,987434.5,22-OCT-2012,203,INE245C01019,
LLOYDFIN,EQ,0.75,0.75,0.65,0.7,0.7,0.7,4659,3336.15,22-OCT-2012,18,INE174A01015,
LLOYDSTEEL,EQ,11.6,11.6,11.5,11.5,11.55,11.5,35555,409231.25,22-OCT-2012,56,INE292A01015,
LML,EQ,6.85,7.0,6.85,6.9,6.9,7.0,48862,338086.65,22-OCT-2012,102,INE862A01015,
LOGIXMICRO,EQ,19.2,19.2,18.35,18.95,18.95,19.35,2073,39378.15,22-OCT-2012,33,INE848A01014,
LOKESHMACH,EQ,31.75,31.85,31.45,31.45,31.45,31.55,3213,101428.35,22-OCT-2012,20,INE397H01017,
LOTUSEYE,EQ,8.1,8.4,8.0,8.15,8.3,8.4,18417,149854.95,22-OCT-2012,67,INE947I01017,
LOVABLE,EQ,376.9,378.0,370.0,375.55,378.0,377.4,129943,48553321.6,22-OCT-2012,4326,INE597L01014,
LPDC,BE,2.75,2.75,2.75,2.75,2.75,2.85,9149,25159.75,22-OCT-2012,8,INE197J01017,
LT,EQ,1626.0,1674.9,1616.0,1671.0,1670.1,1633.05,3337737,5522100975.8,22-OCT-2012,110990,INE018A01030,
LUMAXAUTO,EQ,24.25,27.0,24.25,26.65,26.7,26.25,357,9517.9,22-OCT-2012,23,INE547G01019,
LUMAXIND,EQ,380.3,382.95,380.3,382.0,382.0,384.0,55,21003.95,22-OCT-2012,9,INE162B01018,
LUMAXTECH,EQ,165.0,169.95,162.3,165.9,168.0,163.7,11698,1934399.95,22-OCT-2012,456,INE872H01019,
LUPIN,EQ,571.9,575.85,567.1,569.8,570.0,573.4,438337,250247346.15,22-OCT-2012,19129,INE326A01037,
LYKALABS,EQ,10.4,10.75,10.4,10.5,10.75,10.45,2450,25637.8,22-OCT-2012,16,INE933A01014,
M&M,EQ,821.75,839.55,819.1,834.6,833.85,823.75,1123892,936653268.8,22-OCT-2012,23088,INE101A01026,
M&MFIN,EQ,890.1,902.0,887.15,891.8,890.0,884.05,112567,101141873.85,22-OCT-2012,4300,INE774D01016,
M100,EQ,8.0,8.0,7.89,7.91,7.91,7.96,243202,1926494.68,22-OCT-2012,59,INF247L01023,
M50,EQ,77.29,78.0,76.28,77.86,78.0,76.86,12502,968620.07,22-OCT-2012,423,INF247L01015,
MADHAV,EQ,19.0,19.8,19.0,19.65,19.7,19.4,1631,32153.6,22-OCT-2012,4,INE925C01016,
MADHUCON,EQ,34.35,34.5,33.35,33.55,33.5,33.7,49470,1669968.75,22-OCT-2012,394,INE378D01032,
MADRASCEM,EQ,187.2,188.0,184.4,185.4,184.4,188.05,44902,8353556.7,22-OCT-2012,936,INE331A01037,
MADRASFERT,EQ,18.0,18.0,17.5,17.55,17.75,17.95,15690,276617.65,22-OCT-2012,67,INE414A01015,
MAGMA,EQ,65.5,66.0,64.1,64.95,64.8,65.6,67688,4407015.0,22-OCT-2012,776,INE511C01022,
MAGNUM,EQ,3.85,4.15,3.8,4.1,4.1,4.15,4483,17799.45,22-OCT-2012,24,INE387I01016,
MAHABANK,EQ,49.3,50.3,49.2,49.65,49.75,49.75,91458,4546031.65,22-OCT-2012,930,INE457A01014,
MAHINDFORG,EQ,58.95,60.8,58.15,59.0,59.5,59.0,35363,2106888.4,22-OCT-2012,390,INE536H01010,
MAHINDUGIN,EQ,57.35,58.9,56.55,56.8,57.2,57.35,4887,280477.65,22-OCT-2012,301,INE850A01010,
MAHLIFE,EQ,410.55,410.55,392.35,400.9,405.45,404.0,5004,2008796.15,22-OCT-2012,427,INE813A01018,
MAHSCOOTER,EQ,370.95,371.0,368.0,368.5,368.5,370.0,2277,841973.15,22-OCT-2012,36,INE288A01013,
MAHSEAMLES,EQ,331.0,335.0,327.35,330.4,331.0,331.35,8328,2746089.7,22-OCT-2012,243,INE271B01025,
MAITHANALL,EQ,102.0,108.4,100.0,100.5,101.75,102.25,2921,297891.7,22-OCT-2012,84,INE683C01011,
MALUPAPER,EQ,9.65,9.65,9.25,9.4,9.25,9.4,1876,17746.8,22-OCT-2012,22,INE383H01017,
MALWACOTT,EQ,21.4,21.55,21.35,21.35,21.35,21.55,982,20998.25,22-OCT-2012,31,INE272B01015,
MANAKSIA,EQ,45.35,46.05,45.1,45.4,45.7,45.7,3726,169521.0,22-OCT-2012,127,INE015D01022,
MANALIPETC,EQ,10.9,11.0,10.7,10.75,10.75,10.85,62609,677238.5,22-OCT-2012,214,INE201A01024,
MANAPPURAM,EQ,39.75,40.35,38.6,39.65,39.9,39.75,879825,34959425.9,22-OCT-2012,4581,INE522D01027,
MANDHANA,EQ,234.95,235.0,229.0,233.5,229.05,233.05,34102,7958600.75,22-OCT-2012,414,INE087J01010,
MANGALAM,EQ,7.7,8.25,7.5,8.2,7.75,7.85,212,1666.7,22-OCT-2012,7,INE584F01014,
MANGCHEFER,EQ,45.1,45.35,44.5,45.1,45.05,45.35,181233,8139798.95,22-OCT-2012,989,INE558B01017,
MANGLMCEM,EQ,162.1,169.6,161.0,168.45,169.0,162.95,45678,7610849.15,22-OCT-2012,745,INE347A01017,
MANGTIMBER,BE,22.3,23.3,21.8,23.3,23.3,22.85,500,11295.0,22-OCT-2012,7,INE805B01012,
MANINDS,EQ,177.5,190.6,172.5,182.8,190.6,181.55,61165,10991800.0,22-OCT-2012,1103,INE993A01026,
MANINFRA,EQ,176.85,177.7,173.7,176.15,176.0,173.85,6224,1098654.45,22-OCT-2012,127,INE949H01015,
MANJEERA,EQ,93.95,93.95,93.95,93.95,93.95,87.0,1,93.95,22-OCT-2012,1,INE320D01018,
MANJUSHREE,EQ,95.45,98.0,93.3,95.5,95.0,95.45,20080,1908985.5,22-OCT-2012,316,INE435H01015,
MANUGRAPH,EQ,47.5,47.5,47.45,47.5,47.5,47.4,91,4318.75,22-OCT-2012,3,INE867A01022,
MARALOVER,EQ,10.75,11.8,10.75,11.8,11.2,10.75,1650,18910.25,22-OCT-2012,638,INE882A01013,
MARG,EQ,78.5,78.5,76.5,76.75,76.6,77.75,13036,1007372.6,22-OCT-2012,162,INE941E01019,
MARICO,EQ,202.1,207.2,202.05,206.1,205.5,204.7,140762,28957009.05,22-OCT-2012,2200,INE196A01026,
MARKSANS,BE,1.65,1.65,1.6,1.6,1.6,1.65,19705,31878.0,22-OCT-2012,19,INE750C01026,
MARUTI,EQ,1362.0,1377.9,1353.55,1369.85,1369.0,1369.25,278367,380970057.3,22-OCT-2012,11318,INE585B01010,
MASTEK,BE,131.1,132.0,125.95,128.05,128.45,132.55,15537,1965832.35,22-OCT-2012,218,INE759A01021,
MAWANASUG,EQ,15.1,15.85,15.1,15.2,15.2,15.4,850,13043.75,22-OCT-2012,10,INE636A01039,
MAX,EQ,237.0,244.45,237.0,243.7,243.5,237.6,433850,104748239.6,22-OCT-2012,7119,INE180A01020,
MAXWELL,EQ,21.0,21.2,20.7,21.05,20.9,21.35,15062,317463.6,22-OCT-2012,83,INE450G01024,
MAYURUNIQ,EQ,382.0,409.9,382.0,402.55,409.9,384.5,2091,823401.85,22-OCT-2012,72,INE040D01012,
MBECL,EQ,112.0,113.1,109.75,111.75,111.9,113.0,12886,1441652.0,22-OCT-2012,429,INE748A01016,
MBLINFRA,EQ,158.05,161.9,156.05,158.1,158.05,159.8,5039,805932.2,22-OCT-2012,105,INE912H01013,
MBSWITCH,BE,168.0,170.5,161.5,170.1,170.0,164.75,6309,1066846.05,22-OCT-2012,118,INE899L01014,
MCDHOLDING,EQ,81.9,83.0,78.65,81.15,80.65,82.75,288973,23184018.0,22-OCT-2012,1636,INE836H01014,
MCDOWELL-N,EQ,1255.0,1301.3,1236.0,1291.75,1300.0,1273.85,3279179,4166500080.4,22-OCT-2012,88324,INE854D01016,
MCLEODRUSS,EQ,310.75,310.75,306.55,307.7,308.0,309.05,288346,88739272.65,22-OCT-2012,5140,INE942G01012,
MCX,EQ,1403.95,1420.0,1382.25,1398.1,1395.0,1399.75,101600,142664701.0,22-OCT-2012,7560,INE745G01035,
MEGASOFT,EQ,11.0,11.25,10.75,10.9,10.9,10.8,6045,66951.2,22-OCT-2012,27,INE933B01012,
MEGH,EQ,8.65,8.7,8.45,8.6,8.55,8.7,17809,153314.2,22-OCT-2012,76,INE974H01013,
MELSTAR,EQ,6.1,6.1,6.1,6.1,6.1,6.4,2350,14335.0,22-OCT-2012,4,INE817A01019,
MERCATOR,EQ,20.85,21.3,20.5,20.6,20.7,20.9,408535,8508351.2,22-OCT-2012,1342,INE934B01028,
MERCK,EQ,633.0,644.4,633.0,640.7,640.05,632.55,4605,2951930.35,22-OCT-2012,484,INE199A01012,
METKORE,EQ,13.55,13.95,13.55,13.8,13.9,13.7,43216,597351.35,22-OCT-2012,286,INE592I01029,
MGOLD,EQ,3100.0,3139.65,3095.0,3099.35,3099.0,3124.95,630,1958405.2,22-OCT-2012,211,INF247L01072,
MHRIL,EQ,290.1,291.0,286.15,287.0,288.0,288.85,10986,3179879.5,22-OCT-2012,282,INE998I01010,
MIC,EQ,5.0,5.1,4.9,4.9,4.95,4.9,86329,429379.1,22-OCT-2012,161,INE287C01029,
MICROSEC,EQ,40.15,42.5,39.6,40.1,39.6,40.45,12131,497315.65,22-OCT-2012,171,INE019J01013,
MICROTECH,EQ,39.7,41.75,39.2,39.55,39.75,39.85,134397,5407526.05,22-OCT-2012,823,INE358B01012,
MINDAIND,EQ,217.0,220.0,206.35,219.8,220.0,223.2,941,205121.05,22-OCT-2012,90,INE405E01015,
MINDTREE,EQ,650.0,679.0,649.95,672.1,675.0,653.6,89826,59738913.85,22-OCT-2012,2336,INE018I01017,
MIRCELECTR,EQ,11.2,12.3,11.2,11.95,11.9,11.65,156824,1879796.6,22-OCT-2012,626,INE831A01028,
MIRZAINT,EQ,17.8,18.4,17.8,18.15,18.1,18.0,97521,1765927.9,22-OCT-2012,360,INE771A01026,
MMFL,EQ,100.4,105.0,100.4,104.0,104.4,103.0,3088,316773.15,22-OCT-2012,81,INE227C01017,
MMFSL,EQ,91.8,93.7,91.5,93.65,93.7,92.5,522,48423.45,22-OCT-2012,17,INE180C01018,
MMTC,EQ,729.9,729.9,718.1,721.6,721.0,726.75,31241,22569767.05,22-OCT-2012,1919,INE123F01029,
MOIL,EQ,247.95,249.4,246.85,247.6,247.7,247.95,29484,7311693.3,22-OCT-2012,1108,INE490G01020,
MONNETISPA,EQ,291.25,296.2,291.2,294.65,292.35,292.2,8709,2563380.0,22-OCT-2012,491,INE743C01013,
MONSANTO,EQ,670.0,670.0,652.0,656.2,656.0,654.65,1613,1058432.4,22-OCT-2012,164,INE274B01011,
MORARJEE,EQ,9.3,10.7,8.6,10.2,10.2,10.45,159676,1510870.6,22-OCT-2012,23,INE161G01027,
MOREPENLAB,EQ,3.85,3.85,3.7,3.7,3.7,3.75,60399,225105.8,22-OCT-2012,68,INE083A01026,
MOSERBAER,EQ,6.15,6.55,6.1,6.15,6.15,6.15,2332690,14688194.8,22-OCT-2012,2111,INE739A01015,
MOTHERSUMI,EQ,150.0,158.95,150.0,153.95,152.6,150.0,328116,51064598.8,22-OCT-2012,7562,INE775A01035,
MOTILALOFS,EQ,116.9,116.9,112.1,112.9,113.0,114.9,21041,2378529.0,22-OCT-2012,370,INE338I01027,
MOTOGENFIN,EQ,45.5,45.5,44.0,44.0,44.0,44.2,2276,100336.0,22-OCT-2012,20,INE861B01015,
MPHASIS,EQ,403.0,405.0,397.15,403.7,404.5,400.35,56549,22763898.65,22-OCT-2012,1941,INE356A01018,
MPSLTD,EQ,56.4,60.9,56.4,59.0,59.0,58.9,2646,156992.7,22-OCT-2012,52,INE943D01017,
MRF,EQ,9710.0,10265.0,9710.0,10206.45,10165.0,10161.1,4059,41393084.9,22-OCT-2012,1279,INE883A01011,
MRO-TEK,EQ,8.0,8.25,7.95,8.2,8.25,8.1,6746,54538.65,22-OCT-2012,63,INE398B01018,
MRPL,EQ,65.25,66.15,65.1,65.7,65.6,65.7,142418,9348550.65,22-OCT-2012,1095,INE103A01014,
MSPL,EQ,30.0,30.4,29.0,29.55,30.4,29.95,19516,578069.5,22-OCT-2012,287,INE752G01015,
MTEDUCARE,EQ,100.55,104.7,100.55,102.25,102.3,101.75,126411,13023534.75,22-OCT-2012,2439,INE472M01018,
MTNL,EQ,29.85,29.85,28.6,28.7,28.7,28.55,2121959,61470993.75,22-OCT-2012,12024,INE153A01019,
MUDRA,EQ,16.9,16.9,16.05,16.05,16.05,16.3,1359,21910.55,22-OCT-2012,11,INE311H01018,
MUKANDENGG,EQ,30.95,31.95,30.55,30.85,30.55,31.15,16692,518483.45,22-OCT-2012,229,INE022B01014,
MUKANDLTD,EQ,29.0,29.25,28.3,28.5,28.5,29.0,5383,153749.7,22-OCT-2012,53,INE304A01026,
MUKTAARTS,EQ,35.9,35.9,32.1,33.5,33.85,34.0,2771,92821.2,22-OCT-2012,103,INE374B01019,
MUNJALAU,EQ,43.1,45.6,43.1,44.25,44.1,43.7,5036,222017.15,22-OCT-2012,80,INE672B01032,
MUNJALSHOW,EQ,69.0,70.0,66.1,67.35,67.3,68.25,9094,618010.9,22-OCT-2012,170,INE577A01027,
MURLIIND,EQ,14.85,15.15,14.8,14.8,14.8,14.8,412,6188.4,22-OCT-2012,38,INE806B01028,
MURUDCERA,EQ,17.05,18.95,17.0,18.1,18.35,17.05,11610,207451.6,22-OCT-2012,93,INE692B01014,
MUTHOOTFIN,EQ,181.25,188.0,181.25,183.3,181.5,182.05,121805,22550449.1,22-OCT-2012,2310,INE414G01012,
MVL,BE,2.9,2.9,2.75,2.8,2.75,2.85,57899,161773.9,22-OCT-2012,45,INE744I01034,
MVLIND,EQ,5.9,5.9,5.75,5.75,5.75,5.85,1050,6187.5,22-OCT-2012,13,INE141B01020,
MYSOREBANK,EQ,503.5,508.9,502.0,503.7,503.0,503.45,797,401384.75,22-OCT-2012,86,INE651A01020,
N100,EQ,146.35,146.9,145.0,146.15,146.0,143.81,1630,238040.64,22-OCT-2012,69,INF247L01031,
NAGAROIL,EQ,6.0,6.5,5.9,6.15,6.15,5.9,1129746,7036781.2,22-OCT-2012,1513,INE453M01018,
NAGREEKCAP,EQ,14.3,14.8,14.3,14.55,14.8,14.25,10,145.5,22-OCT-2012,2,INE245I01016,
NAGREEKEXP,EQ,16.0,16.0,15.75,15.9,16.0,16.75,1946,31069.55,22-OCT-2012,38,INE123B01028,
NAHARCAP,EQ,46.55,47.35,46.5,47.1,47.35,46.45,1670,78141.5,22-OCT-2012,10,INE049I01012,
NAHARINDUS,EQ,34.5,35.0,34.5,34.5,34.5,34.65,1020,35200.0,22-OCT-2012,9,INE289A01011,
NAHARPOLY,EQ,21.95,22.0,21.95,22.0,22.0,22.15,570,12536.5,22-OCT-2012,4,INE308A01027,
NAHARSPING,EQ,67.5,69.3,66.55,68.7,68.65,66.35,19548,1329834.4,22-OCT-2012,348,INE290A01027,
NANDANEXIM,EQ,29.25,30.0,29.0,29.1,29.5,29.1,26818,785160.0,22-OCT-2012,90,INE875G01030,
NATCOPHARM,EQ,377.0,382.3,377.0,380.2,380.0,380.6,4812,1830062.75,22-OCT-2012,278,INE987B01018,
NATHSEED,BE,7.55,7.6,7.55,7.55,7.55,7.9,374,2833.7,22-OCT-2012,3,INE778A01021,
NATIONALUM,EQ,49.5,50.1,49.2,49.5,49.45,49.5,115922,5761458.9,22-OCT-2012,802,INE139A01034,
NATNLSTEEL,EQ,14.3,14.75,14.2,14.3,14.3,14.4,1374,19740.55,22-OCT-2012,16,INE088B01015,
NAUKRI,EQ,362.2,368.0,355.0,358.05,358.0,365.0,6363,2290657.75,22-OCT-2012,689,INE663F01024,
NAVINFLUOR,EQ,311.45,316.0,311.45,314.15,314.0,309.55,9393,2943219.95,22-OCT-2012,410,INE048G01018,
NAVNETPUBL,EQ,59.65,61.25,59.1,60.8,60.7,59.75,132994,8056646.05,22-OCT-2012,2076,INE060A01024,
NBCC,EQ,135.7,140.4,134.15,137.7,137.65,134.95,200884,27663475.4,22-OCT-2012,2701,INE095N01015,
NBVENTURES,EQ,168.7,176.0,168.1,172.55,175.95,169.35,17441,2995216.6,22-OCT-2012,502,INE725A01022,
NCC,EQ,47.6,48.65,46.5,47.45,47.3,47.7,1739095,82569280.2,22-OCT-2012,7151,INE868B01028,
NCLIND,EQ,42.55,42.55,40.8,41.2,40.8,41.3,12991,536408.1,22-OCT-2012,177,INE732C01016,
NCOPPER,BE,4.75,4.75,4.7,4.7,4.7,4.9,26876,126927.55,22-OCT-2012,31,INE846H01039,
NDTV,BE,69.3,70.7,66.65,67.5,66.65,69.2,13886,953691.9,22-OCT-2012,155,INE155G01029,
NECLIFE,EQ,19.5,20.4,19.5,20.1,19.9,19.75,58818,1181560.05,22-OCT-2012,461,INE023H01027,
NEHAINT,EQ,18.35,18.45,18.0,18.45,18.45,17.6,4741,86988.35,22-OCT-2012,28,INE874D01022,
NELCAST,EQ,22.3,22.5,22.05,22.2,22.3,22.65,8760,194587.35,22-OCT-2012,87,INE189I01024,
NELCO,EQ,51.1,54.7,50.75,53.8,54.7,51.3,256414,13701403.3,22-OCT-2012,2067,INE045B01015,
NEOCORP,BE,34.25,34.3,33.75,33.85,33.75,34.1,1285,43791.25,22-OCT-2012,6,INE851C01014,
NEPCMICON,BE,2.75,2.8,2.65,2.7,2.7,2.75,25052,66562.95,22-OCT-2012,47,INE588A01016,
NESCO,EQ,689.6,707.0,684.0,701.75,701.0,687.7,13806,9642656.95,22-OCT-2012,818,INE317F01027,
NESTLEIND,EQ,4768.8,4794.0,4663.3,4766.3,4758.0,4768.8,5131,24457947.45,22-OCT-2012,1213,INE239A01016,
NET4,EQ,84.5,84.7,81.5,82.4,82.4,82.8,4215,351425.7,22-OCT-2012,86,INE553E01012,
NETWORK18,EQ,37.3,39.9,37.0,37.6,37.4,37.3,2582996,99337415.5,22-OCT-2012,11646,INE870H01013,
NEULANDLAB,EQ,144.5,158.65,144.5,158.65,158.65,144.25,44803,6923288.3,22-OCT-2012,1534,INE794A01010,
NEXTMEDIA,EQ,3.5,3.5,3.15,3.25,3.35,3.25,1244,4063.1,22-OCT-2012,9,INE747B01016,
NEYVELILIG,EQ,84.4,85.0,83.5,84.5,84.8,84.4,72301,6101744.8,22-OCT-2012,968,INE589A01014,
NFL,EQ,78.75,79.5,78.0,78.5,78.7,78.7,33212,2608534.8,22-OCT-2012,541,INE870D01012,
NHPC,EQ,22.05,22.15,21.7,21.85,21.85,22.1,7333755,160609169.0,22-OCT-2012,6951,INE848E01016,
NICCO,EQ,1.05,1.1,1.05,1.1,1.1,1.1,4290,4694.8,22-OCT-2012,10,INE241C01026,
NIFTYBEES,EQ,570.69,575.97,569.16,575.03,575.4,571.07,44524,25511650.44,22-OCT-2012,1036,INF732E01011,
NIITLTD,EQ,34.5,34.5,33.25,33.4,33.55,34.8,327014,11035429.45,22-OCT-2012,1830,INE161A01038,
NIITTECH,EQ,275.45,282.0,273.55,275.5,273.55,275.45,32620,9058029.6,22-OCT-2012,1360,INE591G01017,
NILKAMAL,EQ,256.5,261.9,252.0,253.85,254.0,255.8,28933,7440246.35,22-OCT-2012,1416,INE310A01015,
NIPPOBATRY,EQ,310.0,321.0,301.15,318.15,317.3,316.0,1357,428535.3,22-OCT-2012,79,INE567A01010,
NITCO,EQ,23.6,27.7,23.05,27.1,26.95,23.5,431349,11301681.35,22-OCT-2012,3650,INE858F01012,
NITESHEST,EQ,13.75,14.25,13.75,14.15,14.2,13.75,71558,1002347.55,22-OCT-2012,202,INE639K01016,
NITINFIRE,EQ,57.0,68.55,56.5,68.55,68.0,57.15,1670678,108798704.65,22-OCT-2012,9222,INE489H01020,
NITINSPIN,EQ,8.0,8.2,7.8,8.0,8.0,8.15,17011,137365.6,22-OCT-2012,67,INE229H01012,
NMDC,EQ,185.95,187.3,185.3,186.1,186.5,186.0,82957,15451428.1,22-OCT-2012,2001,INE584A01023,
NOCIL,EQ,16.75,17.25,16.75,16.9,16.9,16.95,176061,3002044.15,22-OCT-2012,390,INE163A01018,
NOIDATOLL,EQ,25.85,25.85,25.55,25.7,25.7,25.85,95443,2451148.45,22-OCT-2012,330,INE781B01015,
NORBTEAEXP,EQ,5.45,5.6,5.25,5.25,5.25,5.2,275,1509.75,22-OCT-2012,9,INE369C01017,
NOVOPANIND,BE,28.0,28.0,28.0,28.0,28.0,27.7,100,2800.0,22-OCT-2012,1,INE460B01016,
NRBBEARING,EQ,44.9,45.95,43.6,45.35,45.35,43.4,53079,2388801.1,22-OCT-2012,423,INE349A01021,
NRC,EQ,3.45,3.7,3.45,3.65,3.65,3.5,1894,6732.6,22-OCT-2012,20,INE953C01018,
NSIL,EQ,715.0,722.95,712.5,715.0,715.0,716.1,51,36473.45,22-OCT-2012,15,INE023A01030,
NTPC,EQ,166.5,169.8,165.25,169.15,169.8,166.3,6390853,1078653585.55,22-OCT-2012,13561,INE733E01010,
NUCLEUS,EQ,88.0,94.25,85.4,85.75,85.4,87.75,62654,5456109.85,22-OCT-2012,1097,INE096B01018,
NUTEK,EQ,0.9,0.9,0.85,0.9,0.9,0.9,62460,54953.95,22-OCT-2012,58,INE318J01027,
OBEROIRLTY,EQ,273.5,284.75,264.4,275.9,273.55,268.8,145553,40421177.5,22-OCT-2012,5409,INE093I01010,
OCL,EQ,154.0,158.0,151.65,156.7,158.0,154.75,9774,1514572.0,22-OCT-2012,275,INE290B01025,
OFSS,EQ,2944.2,2975.0,2942.4,2967.15,2958.0,2940.35,7259,21502357.1,22-OCT-2012,1107,INE881D01027,
OIL,EQ,488.6,490.9,483.5,489.1,490.0,488.8,26027,12686548.35,22-OCT-2012,1735,INE274J01014,
OILCOUNTUB,EQ,59.1,60.5,58.5,59.0,58.5,57.9,24614,1460596.8,22-OCT-2012,356,INE591A01010,
OISL,EQ,31.95,31.95,29.85,30.35,30.9,30.4,11094,338608.2,22-OCT-2012,91,INE196J01019,
OMAXAUTO,EQ,49.0,49.0,48.15,48.4,48.15,48.25,9253,449591.0,22-OCT-2012,117,INE090B01011,
OMAXE,EQ,160.5,163.4,155.9,157.6,156.25,159.25,238908,37888087.9,22-OCT-2012,9958,INE800H01010,
OMKARCHEM,EQ,105.45,107.2,102.05,104.9,106.3,104.5,99450,10450502.8,22-OCT-2012,1473,INE474L01016,
OMMETALS,EQ,24.0,24.2,23.0,23.7,23.7,23.05,939,22141.65,22-OCT-2012,16,INE239D01028,
OMNITECH,EQ,155.0,157.0,153.0,154.6,155.7,153.2,31805,4917687.65,22-OCT-2012,212,INE810H01019,
ONELIFECAP,EQ,786.5,814.5,781.45,809.6,808.95,780.2,54250,43647207.8,22-OCT-2012,2276,INE912L01015,
ONGC,EQ,277.1,280.05,277.1,278.4,278.5,279.5,1199702,334422199.55,22-OCT-2012,22370,INE213A01029,
ONMOBILE,EQ,44.5,44.6,43.2,43.45,43.4,44.3,796743,34824010.7,22-OCT-2012,3543,INE809I01019,
ONWARDTEC,EQ,42.5,43.4,42.5,42.7,42.6,43.05,331,14125.65,22-OCT-2012,116,INE229A01017,
OPTOCIRCUI,EQ,127.0,129.5,124.95,127.3,127.3,126.85,972700,123639698.15,22-OCT-2012,12289,INE808B01016,
ORBITCORP,EQ,55.75,57.75,54.7,55.1,55.05,56.1,1018378,56826876.35,22-OCT-2012,14867,INE628H01015,
ORCHIDCHEM,EQ,108.9,108.9,106.4,107.3,107.1,108.95,555465,59654098.4,22-OCT-2012,6100,INE191A01019,
ORIENTABRA,EQ,8.75,8.75,8.35,8.5,8.65,8.6,48379,410791.6,22-OCT-2012,105,INE569C01020,
ORIENTALTL,EQ,5.0,5.0,4.7,4.7,4.7,4.75,3351,16168.25,22-OCT-2012,40,INE998H01012,
ORIENTBANK,EQ,294.65,294.65,285.85,288.8,289.0,294.6,852307,246174709.9,22-OCT-2012,8550,INE141A01014,
ORIENTBELL,EQ,69.6,73.8,69.6,72.65,73.0,71.0,1111,80560.3,22-OCT-2012,23,INE607D01018,
ORIENTHOT,EQ,23.8,24.1,23.4,23.5,23.7,23.6,24557,582375.4,22-OCT-2012,200,INE750A01020,
ORIENTLTD,EQ,117.0,117.0,115.05,117.0,117.0,115.9,150,17454.55,22-OCT-2012,5,INE609C01024,
ORIENTPPR,EQ,82.3,85.5,82.3,82.75,82.5,84.35,181224,15144319.65,22-OCT-2012,1570,INE592A01026,
ORIENTREF,EQ,35.0,37.6,34.8,37.45,37.4,35.65,171892,6240802.85,22-OCT-2012,358,INE743M01012,
ORISSAMINE,EQ,47899.65,48442.9,47650.0,47968.15,48099.0,47513.2,922,44322866.75,22-OCT-2012,801,INE725E01016,
OSWALMIN,EQ,25.1,25.1,25.1,25.1,25.1,26.4,50,1255.0,22-OCT-2012,1,INE469B01017,
OUDHSUG,EQ,27.6,28.7,27.35,28.15,28.15,27.6,2599,73183.5,22-OCT-2012,146,INE594A01014,
PAEL,EQ,13.2,13.6,12.9,13.15,13.15,13.4,1176,15415.45,22-OCT-2012,18,INE766A01018,
PAGEIND,EQ,3359.95,3364.95,3301.0,3322.6,3360.0,3361.4,1887,6306322.1,22-OCT-2012,541,INE761H01022,
PANACEABIO,EQ,115.75,115.75,105.15,112.95,113.35,110.25,64680,7295882.0,22-OCT-2012,1227,INE922B01023,
PANAMAPET,EQ,153.45,153.45,150.65,150.7,150.65,152.15,129,19456.65,22-OCT-2012,4,INE305C01011,
PANASONIC,EQ,82.0,82.25,80.0,80.7,80.15,80.75,894,72094.05,22-OCT-2012,92,INE841C01015,
PANCARBON,EQ,145.0,158.0,145.0,154.5,157.0,145.5,2783,425172.0,22-OCT-2012,85,INE013E01017,
PANORAMUNI,EQ,9.0,9.05,8.5,8.85,9.05,8.85,13393,117086.0,22-OCT-2012,87,INE194B01029,
PANTALOONR,EQ,195.55,195.7,191.55,193.35,193.2,196.35,2048074,396056238.9,22-OCT-2012,17801,INE623B01027,
PAPERPROD,EQ,74.2,76.0,74.1,74.5,74.6,74.4,71297,5354286.85,22-OCT-2012,550,INE275B01026,
PARABDRUGS,EQ,26.5,26.95,26.3,26.65,26.5,26.65,38166,1013382.0,22-OCT-2012,286,INE618H01016,
PARACABLES,EQ,1.85,1.95,1.8,1.8,1.85,1.9,11548,21218.2,22-OCT-2012,22,INE074B01023,
PARAL,EQ,332.05,335.5,331.0,331.6,331.0,334.6,951,315467.25,22-OCT-2012,55,INE620C01013,
PARAPRINT,EQ,4.4,4.4,4.1,4.15,4.25,4.2,4858,20247.0,22-OCT-2012,16,INE702L01010,
PARASPETRO,BE,0.4,0.4,0.35,0.35,0.35,0.4,10971,3968.3,22-OCT-2012,13,INE162C01024,
PARRYSUGAR,EQ,62.0,65.85,62.0,63.5,63.5,65.0,122,7727.5,22-OCT-2012,6,INE353B01021,
PARSVNATH,EQ,40.0,40.0,38.15,38.5,38.25,40.15,674462,25999946.45,22-OCT-2012,2676,INE561H01026,
PATELENG,EQ,80.2,80.2,77.65,78.7,78.75,80.15,205060,16075814.7,22-OCT-2012,1942,INE244B01030,
PATINTLOG,EQ,21.05,22.75,20.6,21.95,22.75,21.25,4190,89094.65,22-OCT-2012,269,INE529D01014,
PATSPINLTD,EQ,8.6,8.6,8.15,8.15,8.15,8.3,156,1284.0,22-OCT-2012,3,INE790C01014,
PBAINFRA,BE,28.1,28.1,27.1,27.2,27.15,28.5,3408,94337.3,22-OCT-2012,44,INE160H01019,
PDPL,BE,96.5,96.5,87.8,88.65,88.0,92.3,2686,240742.5,22-OCT-2012,31,INE904D01019,
PDUMJEPULP,EQ,13.9,13.95,13.5,13.5,13.5,13.45,362,4891.2,22-OCT-2012,8,INE606A01024,
PEACOCKIND,EQ,3.9,4.05,3.75,4.05,4.05,3.85,1192,4609.6,22-OCT-2012,9,INE600A01019,
PEARLPOLY,EQ,13.2,13.2,12.55,12.55,12.55,13.15,1049,13624.25,22-OCT-2012,13,INE844A01013,
PEL,EQ,477.0,492.75,475.0,488.9,490.45,475.6,109934,53272939.95,22-OCT-2012,4217,INE140A01024,
PENIND,EQ,27.85,27.85,26.55,27.0,27.0,26.85,178949,4831768.55,22-OCT-2012,149,INE932A01024,
PENINLAND,EQ,51.7,58.9,51.55,58.4,58.6,49.7,1284863,71762902.8,22-OCT-2012,9615,INE138A01028,
PERSISTENT,EQ,468.0,475.0,455.0,470.55,470.0,469.65,79806,37204096.8,22-OCT-2012,3578,INE262H01013,
PETRONENGG,EQ,167.0,167.0,155.6,156.9,156.3,161.3,9056,1461663.85,22-OCT-2012,376,INE742A01019,
PETRONET,EQ,169.0,171.0,164.0,165.5,165.2,169.35,1025574,172052683.15,22-OCT-2012,11264,INE347G01014,
PFC,EQ,197.25,197.95,193.8,195.95,195.55,199.15,1477376,289727012.35,22-OCT-2012,17402,INE134E01011,
PFIZER,EQ,1200.0,1200.0,1181.1,1183.8,1182.4,1200.55,5693,6765363.45,22-OCT-2012,446,INE182A01018,
PFOCUS,EQ,49.45,49.65,48.25,48.85,49.0,49.35,219084,10694361.3,22-OCT-2012,1190,INE367G01038,
PFS,EQ,15.8,16.0,15.65,15.75,15.75,15.7,112070,1772151.7,22-OCT-2012,413,INE560K01014,
PGEL,EQ,252.7,262.0,245.0,255.2,255.55,251.45,121377,31113886.95,22-OCT-2012,3184,INE457L01011,
PGHH,EQ,2508.9,2518.0,2491.6,2502.5,2496.5,2506.55,198,496514.3,22-OCT-2012,76,INE179A01014,
PGIL,BE,110.0,113.65,110.0,110.4,110.25,111.8,1394,154908.75,22-OCT-2012,22,INE940H01014,
PHILIPCARB,EQ,111.6,114.05,109.0,110.85,111.0,111.6,62876,7023431.5,22-OCT-2012,1431,INE602A01015,
PHOENIXLTD,EQ,187.95,190.0,185.05,186.0,186.0,188.3,84604,15837156.3,22-OCT-2012,1931,INE211B01039,
PIDILITIND,EQ,199.8,202.75,198.1,198.9,198.5,200.2,46306,9251473.45,22-OCT-2012,2921,INE318A01026,
PIIND,EQ,543.9,545.0,533.0,539.65,540.0,540.25,13980,7541655.9,22-OCT-2012,407,INE603J01022,
PILANIINV,BE,1565.0,1565.0,1550.0,1563.0,1563.0,1590.0,144,224487.0,22-OCT-2012,8,INE417C01014,
PIONDIST,BE,48.1,50.9,46.2,46.2,46.2,48.6,8966,424603.8,22-OCT-2012,43,INE889E01010,
PIONEEREMB,BE,9.75,9.75,9.75,9.75,9.75,9.3,901,8784.75,22-OCT-2012,5,INE156C01018,
PIPAVAVDOC,EQ,78.55,79.0,78.3,78.85,78.85,78.8,374672,29501452.1,22-OCT-2012,745,INE542F01012,
PIRGLASS,EQ,93.95,97.0,93.95,95.25,94.8,95.2,57221,5454595.95,22-OCT-2012,264,INE748E01018,
PIRLIFE,BE,20.45,20.45,19.1,19.1,19.1,19.9,12760,249531.65,22-OCT-2012,141,INE122J01015,
PITTILAM,EQ,61.05,63.35,61.05,62.25,62.0,61.45,6827,422698.6,22-OCT-2012,112,INE450D01013,
PLASTIBLEN,EQ,81.7,82.3,80.8,80.9,80.9,80.5,390,31683.3,22-OCT-2012,19,INE083C01022,
PLETHICO,EQ,205.5,223.85,205.5,223.85,223.85,213.2,27012,6026896.65,22-OCT-2012,489,INE491H01018,
PNB,EQ,813.2,824.75,812.4,820.3,820.0,822.8,304345,249285461.2,22-OCT-2012,9316,INE160A01014,
PNBGILTS,EQ,27.0,27.25,26.5,26.6,26.7,26.5,92835,2488896.8,22-OCT-2012,430,INE859A01011,
PNC,EQ,12.55,12.65,12.3,12.3,12.65,12.35,2529,31122.75,22-OCT-2012,33,INE392B01011,
POCHIRAJU,EQ,14.25,14.65,14.2,14.25,14.2,14.4,1880,27076.8,22-OCT-2012,22,INE332G01032,
POLARIND,EQ,2.85,2.9,2.85,2.9,2.9,2.9,2700,7771.25,22-OCT-2012,7,INE057B01010,
POLARIS,EQ,126.1,130.5,124.25,128.0,130.0,126.15,891274,113877811.0,22-OCT-2012,9789,INE763A01023,
POLYMED,EQ,328.0,328.0,317.35,320.9,320.5,330.0,1355,434790.05,22-OCT-2012,60,INE205C01013,
POLYPLEX,EQ,210.1,215.2,210.05,214.2,215.0,211.9,49873,10637809.5,22-OCT-2012,857,INE633B01018,
PONDYOXIDE,EQ,23.0,23.3,22.75,23.0,23.0,23.3,2069,47543.65,22-OCT-2012,107,INE063E01038,
PONNIERODE,EQ,197.4,201.4,197.0,200.0,201.4,200.95,1388,277848.7,22-OCT-2012,26,INE838E01017,
POWERGRID,EQ,118.45,119.2,117.95,118.6,118.3,119.4,2619643,311341930.0,22-OCT-2012,10819,INE752E01010,
PPAP,EQ,62.45,62.45,59.8,60.05,60.05,60.6,1804,108593.25,22-OCT-2012,24,INE095I01015,
PRADIP,EQ,50.0,55.45,48.1,53.15,53.0,51.35,2623020,134216187.6,22-OCT-2012,14853,INE495J01015,
PRAENG,EQ,8.35,9.0,8.3,8.85,8.8,8.7,18241,160886.8,22-OCT-2012,70,INE505C01016,
PRAJIND,EQ,48.05,48.05,46.5,46.65,46.6,48.1,399796,18839761.5,22-OCT-2012,3988,INE074A01025,
PRAKASH,EQ,53.0,53.75,52.6,52.75,52.6,53.0,43516,2308560.25,22-OCT-2012,564,INE603A01013,
PRAKASHCON,BE,137.85,137.85,131.0,131.0,131.0,133.75,259,34728.95,22-OCT-2012,11,INE023M01019,
PRAKASHSTL,EQ,160.3,164.8,160.2,160.2,160.2,160.7,10642,1721215.15,22-OCT-2012,118,INE696K01016,
PRATIBHA,EQ,55.5,57.55,55.4,55.75,55.55,54.75,240610,13629547.75,22-OCT-2012,1627,INE308H01022,
PRECWIRE,EQ,84.4,90.0,84.4,87.2,87.2,88.95,357,31319.6,22-OCT-2012,33,INE372C01011,
PREMIER,EQ,72.8,72.8,71.05,71.7,71.05,72.45,1115,80564.3,22-OCT-2012,27,INE342A01018,
PRESTIGE,EQ,147.95,153.75,146.05,148.5,146.65,148.3,230317,34261400.5,22-OCT-2012,3677,INE811K01011,
PRETAILDVR,EQ,133.0,133.75,131.6,132.0,132.0,134.15,2031,269509.3,22-OCT-2012,56,IN9623B01058,
PRICOL,EQ,19.8,20.3,19.8,19.95,19.8,19.9,75409,1506100.5,22-OCT-2012,214,INE605A01026,
PRIMESECU,EQ,11.4,12.45,11.1,11.65,11.5,11.65,39163,453361.8,22-OCT-2012,84,INE032B01021,
PRISMCEM,EQ,55.9,56.25,53.4,54.05,54.1,55.15,254827,14022813.65,22-OCT-2012,2584,INE010A01011,
PRITHVI,EQ,18.9,19.0,18.05,18.15,18.3,18.95,7371,135555.25,22-OCT-2012,160,INE700C01013,
PROVOGE,EQ,13.9,14.5,13.7,13.95,13.85,13.95,269494,3777108.15,22-OCT-2012,828,INE968G01033,
PROZONECSC,EQ,28.7,32.45,28.0,30.9,31.0,28.65,423296,13017328.5,22-OCT-2012,1836,INE195N01013,
PSB,EQ,68.5,68.9,68.05,68.45,68.5,69.0,111798,7648875.15,22-OCT-2012,848,INE608A01012,
PSL,EQ,57.05,57.95,57.05,57.4,57.6,57.35,25891,1486196.65,22-OCT-2012,288,INE474B01017,
PSUBNKBEES,EQ,349.97,349.97,345.02,348.89,349.5,347.7,248,86365.21,22-OCT-2012,33,INF732E01110,
PTC,EQ,67.0,68.6,66.3,67.5,67.45,67.7,740507,50239347.15,22-OCT-2012,4529,INE877F01012,
PTL,EQ,28.95,30.35,28.95,30.35,30.35,29.0,2,59.3,22-OCT-2012,2,INE034D01031,
PUNJABCHEM,EQ,69.0,71.7,69.0,69.95,69.8,69.95,3681,259829.25,22-OCT-2012,41,INE277B01014,
PUNJLLOYD,EQ,51.4,52.25,51.05,51.75,51.5,51.7,1347974,69712012.25,22-OCT-2012,5676,INE701B01021,
PURVA,EQ,73.5,74.9,72.7,73.5,73.25,72.55,18421,1356495.6,22-OCT-2012,373,INE323I01011,
PVP,EQ,6.6,6.8,6.5,6.65,6.6,6.6,35912,236697.5,22-OCT-2012,95,INE362A01016,
PVR,EQ,216.0,232.0,208.5,219.0,219.0,215.8,146945,33173496.55,22-OCT-2012,5119,INE191H01014,
QGOLDHALF,EQ,1487.75,1487.75,1472.0,1474.6,1476.0,1492.25,969,1432765.25,22-OCT-2012,259,INF082J01010,
QNIFTY,EQ,595.0,595.0,583.6,583.6,583.6,583.7,4,2357.2,22-OCT-2012,2,INF082J01028,
QUINTEGRA,EQ,1.85,2.0,1.85,2.0,2.0,1.9,3451,6866.85,22-OCT-2012,16,INE033B01011,
RADAAN,EQ,1.65,1.7,1.65,1.65,1.65,1.7,1172,1933.85,22-OCT-2012,7,INE874F01027,
RADICO,EQ,117.0,117.7,116.35,116.9,117.3,117.05,32377,3780136.55,22-OCT-2012,181,INE944F01028,
RAINBOWPAP,EQ,80.5,82.75,80.5,80.9,81.05,81.35,56638,4590853.75,22-OCT-2012,535,INE028D01025,
RAINCOM,EQ,43.5,44.0,40.5,41.15,40.55,43.35,519984,21744296.85,22-OCT-2012,4015,INE855B01025,
RAJESHEXPO,EQ,133.65,134.15,129.6,131.6,130.9,134.45,215040,28411731.1,22-OCT-2012,3121,INE343B01030,
RAJOIL,EQ,5.2,5.55,4.9,5.35,5.5,5.2,3411566,17595012.7,22-OCT-2012,3862,INE294G01018,
RAJPALAYAM,EQ,218.0,227.0,210.35,216.6,216.0,221.0,277,59889.2,22-OCT-2012,87,INE296E01026,
RAJRAYON,EQ,8.6,9.1,8.6,8.95,8.95,8.55,1479,13068.3,22-OCT-2012,46,INE533D01016,
RAJSREESUG,EQ,56.5,57.6,56.5,57.45,57.45,57.05,3551,202779.35,22-OCT-2012,24,INE562B01019,
RAJTV,EQ,237.05,244.5,235.1,241.05,240.7,239.65,41740,10092196.0,22-OCT-2012,1074,INE952H01019,
RAJVIR,EQ,80.55,80.55,80.55,80.55,80.55,79.95,1,80.55,22-OCT-2012,1,INE011H01014,
RALLIS,EQ,135.7,139.1,135.25,136.5,136.15,136.7,281978,38688481.6,22-OCT-2012,4001,INE613A01020,
RAMANEWS,EQ,13.2,14.15,13.15,13.9,14.0,13.3,63950,876608.25,22-OCT-2012,433,INE278B01020,
RAMCOIND,EQ,64.3,65.35,62.95,63.6,63.65,64.3,34325,2176357.15,22-OCT-2012,511,INE614A01028,
RAMCOSYS,EQ,139.0,139.95,137.0,139.0,139.25,138.25,754,104320.85,22-OCT-2012,42,INE246B01019,
RAMKY,EQ,105.1,109.85,101.1,105.25,104.6,107.0,40852,4319700.05,22-OCT-2012,1261,INE874I01013,
RAMSARUP,EQ,5.9,5.9,5.45,5.7,5.6,5.7,10494,59950.9,22-OCT-2012,83,INE005D01015,
RANASUG,EQ,3.95,4.0,3.8,3.95,3.95,3.9,202732,798013.05,22-OCT-2012,131,INE625B01014,
RANBAXY,EQ,538.0,544.9,536.9,542.6,543.8,540.1,284352,154093683.1,22-OCT-2012,9323,INE015A01028,
RANEENGINE,EQ,200.0,200.0,195.2,195.5,195.5,196.1,374,74577.85,22-OCT-2012,26,INE222J01013,
RANEHOLDIN,EQ,220.15,220.9,217.0,217.0,217.0,222.25,360,78935.9,22-OCT-2012,148,INE384A01010,
RANKLIN,EQ,5.55,5.65,5.55,5.55,5.55,5.8,17197,95738.35,22-OCT-2012,26,INE619C01015,
RASOYPR,EQ,80.35,80.35,77.0,80.35,80.35,76.55,367495,29377685.0,22-OCT-2012,687,INE904G01020,
RATNAMANI,EQ,109.0,111.45,107.5,110.2,109.1,109.25,3636,394944.2,22-OCT-2012,94,INE703B01027,
RAYMOND,EQ,373.9,377.95,369.8,372.15,373.15,378.75,507697,189357249.0,22-OCT-2012,8478,INE301A01014,
RBL,EQ,124.0,126.15,122.8,125.0,125.0,126.15,623,78206.35,22-OCT-2012,20,INE244J01017,
RBN,BE,45.1,46.25,44.3,45.85,45.3,45.1,8486,384209.0,22-OCT-2012,134,INE445K01018,
RCF,EQ,54.9,55.25,54.3,54.55,54.45,55.05,188734,10312610.35,22-OCT-2012,1903,INE027A01015,
RCOM,EQ,59.4,60.35,59.0,59.9,59.9,60.0,5844033,349694433.85,22-OCT-2012,26580,INE330H01018,
RECLTD,EQ,216.7,218.25,213.25,217.4,217.0,217.1,1315563,284436236.95,22-OCT-2012,18452,INE020B01018,
REDINGTON,EQ,77.9,79.7,77.6,78.3,78.5,77.85,213389,16805456.6,22-OCT-2012,4183,INE891D01026,
REFEX,BE,2.8,3.0,2.8,3.0,3.0,2.9,1804,5151.6,22-OCT-2012,6,INE056I01017,
REGENCERAM,EQ,3.65,3.65,3.35,3.65,3.65,3.5,770,2699.5,22-OCT-2012,8,INE277C01012,
REIAGROLTD,EQ,10.0,10.1,9.9,10.0,10.0,10.0,577006,5772242.6,22-OCT-2012,1394,INE385B01031,
REISIXTEN,BE,4.0,4.15,3.9,4.0,4.05,4.0,22613,90351.8,22-OCT-2012,55,INE849J01021,
RELAXO,EQ,713.0,739.95,713.0,723.0,722.0,720.6,885,639930.65,22-OCT-2012,114,INE131B01021,
RELCAPITAL,EQ,438.5,446.5,437.0,444.55,443.7,440.9,2422935,1074392680.7,22-OCT-2012,43223,INE013A01015,
RELGOLD,EQ,2891.1,2905.0,2876.95,2884.75,2886.0,2908.5,4906,14177311.05,22-OCT-2012,904,INF733I01010,
RELGRNIFTY,EQ,560.0,560.0,560.0,560.0,560.0,560.0,36,20160.0,22-OCT-2012,2,INF205K01DA9,
RELIANCE,EQ,795.2,816.95,791.7,815.6,816.5,802.8,3237961,2624052246.95,22-OCT-2012,56686,INE002A01018,
RELIGARE,EQ,303.25,306.95,303.25,304.05,304.0,304.1,2579,785228.25,22-OCT-2012,134,INE621H01010,
RELIGAREGO,EQ,3064.0,3064.0,3023.25,3040.15,3050.0,3063.0,184,559495.35,22-OCT-2012,51,INF205K01361,
RELINFRA,EQ,503.0,514.7,500.6,512.2,511.3,508.05,1109683,565422490.3,22-OCT-2012,24449,INE036A01016,
RELMEDIA,EQ,76.35,78.2,76.0,76.4,76.8,76.7,189356,14555135.85,22-OCT-2012,2232,INE540B01015,
REMSONSIND,EQ,20.0,20.0,19.7,19.95,19.95,19.05,7,139.45,22-OCT-2012,4,INE474C01015,
RENUKA,EQ,34.2,34.45,33.7,34.05,34.05,34.45,6746570,229473642.2,22-OCT-2012,18085,INE087H01022,
REPRO,EQ,236.0,242.0,236.0,239.75,240.0,239.25,7403,1772744.65,22-OCT-2012,559,INE461B01014,
RESPONIND,EQ,90.85,91.0,86.2,90.0,89.9,90.0,409356,36842380.7,22-OCT-2012,326,INE688D01026,
REVATHI,EQ,247.0,247.0,247.0,247.0,247.0,250.15,10,2470.0,22-OCT-2012,1,INE617A01013,
RICOAUTO,EQ,11.25,11.55,11.0,11.45,11.45,11.05,143934,1628895.3,22-OCT-2012,420,INE209B01025,
RIIL,EQ,423.0,427.5,419.35,423.85,422.9,425.35,162744,68884122.35,22-OCT-2012,4931,INE046A01015,
RJL,EQ,61.0,64.0,59.5,62.35,62.6,60.45,72959,4577414.55,22-OCT-2012,1633,INE722H01016,
RKDL,BE,11.6,11.6,11.2,11.45,11.2,11.4,31103,357483.7,22-OCT-2012,13,INE722J01012,
RKFORGE,EQ,122.65,122.85,110.5,116.25,114.0,117.0,2533,289059.7,22-OCT-2012,73,INE399G01015,
RMCL,EQ,3.0,3.1,2.9,2.95,2.95,3.1,27565,82036.95,22-OCT-2012,55,INE172H01014,
RML,EQ,143.85,148.0,141.05,144.5,145.7,139.65,14587,2132679.0,22-OCT-2012,343,INE050H01012,
RMMIL,EQ,1.5,1.55,1.45,1.45,1.45,1.5,41974,61781.2,22-OCT-2012,50,INE774I01031,
ROHITFERRO,EQ,29.1,29.15,28.55,28.7,28.6,28.9,18213,525164.0,22-OCT-2012,81,INE248H01012,
ROHLTD,EQ,47.5,49.0,47.15,47.35,47.4,48.3,7485,356946.7,22-OCT-2012,123,INE283H01019,
ROLTA,EQ,66.5,67.25,63.75,64.05,64.1,66.45,1066613,69129587.4,22-OCT-2012,8206,INE293A01013,
ROSSELLIND,EQ,39.75,44.2,36.9,44.2,44.2,36.85,56725,2393167.7,22-OCT-2012,536,INE847C01020,
RPGLIFE,EQ,79.8,79.8,74.55,74.75,74.75,75.15,599,45259.45,22-OCT-2012,32,INE105J01010,
RPOWER,EQ,100.95,101.7,99.8,101.1,101.0,101.15,2089115,210872726.2,22-OCT-2012,15660,INE614G01033,
RPPINFRA,EQ,47.5,48.95,46.2,47.25,47.1,48.05,313,14808.15,22-OCT-2012,33,INE324L01013,
RSSOFTWARE,EQ,180.2,184.9,176.55,179.0,179.45,180.2,176447,31835936.6,22-OCT-2012,3199,INE165B01011,
RSWM,EQ,89.0,90.0,87.7,89.05,89.05,88.6,2280,202443.75,22-OCT-2012,51,INE611A01016,
RSYSTEMS,EQ,172.0,172.05,172.0,172.05,172.05,173.0,200,34407.5,22-OCT-2012,3,INE411H01024,
RUBYMILLS,EQ,712.75,712.75,694.0,701.65,700.05,694.75,338,236578.6,22-OCT-2012,128,INE301D01018,
RUCHINFRA,EQ,23.0,24.45,23.0,23.75,23.85,24.1,4386,103482.0,22-OCT-2012,70,INE413B01023,
RUCHIRA,EQ,11.65,12.95,11.65,12.8,12.8,13.05,2902,36806.4,22-OCT-2012,19,INE803H01014,
RUCHISOYA,EQ,69.4,70.0,67.35,67.65,67.45,68.85,208516,14286248.05,22-OCT-2012,2079,INE619A01027,
RUSHIL,EQ,260.0,269.8,260.0,264.6,265.05,258.65,84608,22419178.4,22-OCT-2012,1562,INE573K01017,
SABERORGAN,EQ,140.0,141.0,138.0,139.05,138.0,139.6,5193,723790.6,22-OCT-2012,210,INE243A01018,
SABTN,EQ,98.3,100.7,98.3,100.45,100.0,98.35,21628,2161983.25,22-OCT-2012,152,INE416A01036,
SADBHAV,EQ,138.1,146.75,136.0,143.75,142.0,140.05,456631,65535727.1,22-OCT-2012,1539,INE226H01026,
SAGCEM,EQ,199.0,205.0,197.0,203.95,204.2,198.7,1284,258791.55,22-OCT-2012,24,INE229C01013,
SAHPETRO,EQ,27.4,32.4,26.05,31.5,31.0,27.2,133555,4096102.65,22-OCT-2012,1694,INE586G01017,
SAIL,EQ,81.45,81.95,81.0,81.2,81.35,82.2,1595725,130039016.25,22-OCT-2012,11349,INE114A01011,
SAKHTISUG,EQ,33.9,33.9,31.2,31.9,31.7,32.1,18875,603617.75,22-OCT-2012,165,INE623A01011,
SAKSOFT,EQ,55.3,55.3,51.3,54.0,54.0,53.9,2520,134121.15,22-OCT-2012,40,INE667G01015,
SAKTHIFIN,BE,11.5,11.5,11.5,11.5,11.5,11.2,500,5750.0,22-OCT-2012,1,INE302E01014,
SAKUMA,EQ,14.1,14.1,14.1,14.1,14.1,14.65,100,1410.0,22-OCT-2012,1,INE190H01016,
SALSTEEL,EQ,3.95,3.95,3.8,3.8,3.85,3.95,4361,16656.8,22-OCT-2012,18,INE658G01014,
SAMBANDAM,EQ,72.95,72.95,72.95,72.95,72.95,70.35,1,72.95,22-OCT-2012,1,INE304D01012,
SAMBHAAV,EQ,2.2,2.3,2.15,2.15,2.15,2.2,7042,15622.4,22-OCT-2012,31,INE699B01027,
SAMTEL,BE,2.8,2.9,2.7,2.7,2.7,2.8,7666,21663.3,22-OCT-2012,26,INE381A01016,
SANDESH,EQ,275.0,275.0,264.05,267.0,264.05,275.0,257,70309.05,22-OCT-2012,7,INE583B01015,
SANGAMIND,EQ,53.3,55.9,53.0,54.7,54.8,55.0,10137,555034.7,22-OCT-2012,66,INE495C01010,
SANGHIIND,EQ,22.7,23.5,22.05,22.3,22.15,22.9,8049,182696.85,22-OCT-2012,241,INE999B01013,
SANGHVIFOR,EQ,38.6,39.6,37.5,38.45,39.0,38.55,15416,587559.0,22-OCT-2012,243,INE263L01013,
SANGHVIMOV,EQ,93.5,94.9,92.0,93.0,92.0,93.55,8390,786643.25,22-OCT-2012,189,INE989A01024,
SANOFI,EQ,2239.95,2290.9,2239.95,2268.45,2268.0,2240.15,51173,115661481.5,22-OCT-2012,74,INE058A01010,
SANWARIA,EQ,44.0,45.35,44.0,44.85,44.85,45.2,37123,1670168.2,22-OCT-2012,97,INE890C01046,
SARDAEN,EQ,126.3,127.0,125.75,126.05,125.8,127.65,6527,827239.45,22-OCT-2012,169,INE385C01013,
SAREGAMA,EQ,91.9,92.3,89.6,89.9,90.0,91.55,25129,2282062.8,22-OCT-2012,609,INE979A01017,
SARLAPOLY,EQ,125.0,127.95,116.5,117.35,116.5,120.0,16,1908.3,22-OCT-2012,16,INE453D01017,
SASKEN,EQ,129.0,130.45,126.4,128.4,129.1,129.1,16180,2068025.9,22-OCT-2012,304,INE231F01020,
SATHAISPAT,EQ,39.5,39.5,38.25,38.85,38.25,39.35,968,38039.75,22-OCT-2012,16,INE176C01016,
SATYAMCOMP,EQ,106.3,108.1,106.1,107.5,107.75,106.55,2114383,226455032.9,22-OCT-2012,21722,INE275A01028,
SAVERA,EQ,39.05,43.0,38.95,40.85,41.5,39.95,2091,82782.3,22-OCT-2012,118,INE104E01014,
SBBJ,EQ,378.0,382.0,378.0,380.0,380.0,381.4,7140,2710772.3,22-OCT-2012,244,INE648A01026,
SBIGETS,EQ,3068.5,3068.5,3017.0,3020.9,3020.0,3063.6,11159,33828653.45,22-OCT-2012,1755,INF200K01099,
SBIN,EQ,2227.0,2259.9,2225.25,2240.95,2241.0,2257.75,1378566,3090812628.85,22-OCT-2012,77915,INE062A01012,
SBT,EQ,517.0,522.9,515.2,519.55,521.0,517.5,5787,3001425.25,22-OCT-2012,314,INE654A01024,
SCHNEIDER,EQ,94.95,95.65,92.7,93.65,93.8,94.5,36381,3413351.6,22-OCT-2012,618,INE839M01018,
SCI,EQ,55.55,56.1,55.0,55.15,55.05,55.65,734384,40607295.85,22-OCT-2012,2927,INE109A01011,
SEAMECLTD,EQ,89.0,91.0,89.0,90.6,91.0,90.0,1941,174713.1,22-OCT-2012,42,INE497B01018,
SEINV,EQ,348.6,350.0,343.0,346.1,350.0,343.15,86485,29881758.35,22-OCT-2012,3454,INE420C01042,
SELAN,EQ,327.8,327.9,322.05,324.5,325.0,328.15,9507,3086263.95,22-OCT-2012,591,INE818A01017,
SELMCL,EQ,5.0,5.1,5.0,5.05,5.1,5.0,669146,3378949.6,22-OCT-2012,537,INE105I01012,
SEPOWER,EQ,12.45,12.9,12.0,12.75,12.75,12.45,4059,51016.6,22-OCT-2012,24,INE735M01018,
SERVALL,EQ,4.8,4.8,4.5,4.65,4.65,4.7,9839,46025.2,22-OCT-2012,25,INE431L01016,
SESAGOA,EQ,167.55,168.65,166.0,167.55,167.6,169.05,1086972,181970976.75,22-OCT-2012,16632,INE205A01025,
SESHAPAPER,EQ,229.45,240.0,216.6,226.95,228.75,216.65,1722,395801.0,22-OCT-2012,183,INE630A01016,
SEZAL,EQ,7.15,7.75,7.15,7.35,7.35,7.5,564,4171.0,22-OCT-2012,9,INE955I01036,
SGFL,EQ,2.5,2.5,2.45,2.45,2.45,2.55,252,629.9,22-OCT-2012,3,INE883G01018,
SGJHL,EQ,119.7,125.8,118.2,123.4,122.9,119.25,835291,102720265.3,22-OCT-2012,13482,INE553K01019,
SGL,EQ,3.0,3.0,3.0,3.0,3.0,3.15,100,300.0,22-OCT-2012,1,INE353H01010,
SHAHALLOYS,EQ,8.0,8.0,8.0,8.0,8.0,7.8,260,2080.0,22-OCT-2012,1,INE640C01011,
SHAKTIPUMP,EQ,58.0,60.75,57.2,57.65,58.2,58.7,10916,634862.85,22-OCT-2012,189,INE908D01010,
SHALPAINTS,EQ,633.0,659.9,633.0,654.6,655.45,637.75,4795,3118006.45,22-OCT-2012,344,INE849C01018,
SHANTIGEAR,EQ,73.8,73.95,72.45,72.65,72.45,73.8,102850,7515088.1,22-OCT-2012,336,INE631A01022,
SHARIABEES,EQ,119.1,119.1,119.0,119.0,119.0,119.01,101,12029.0,22-OCT-2012,2,INF732E01128,
SHARONBIO,EQ,367.0,368.0,364.0,366.55,367.0,366.0,34924,12749967.1,22-OCT-2012,130,INE028B01011,
SHARRESLTD,EQ,57.0,63.8,54.25,55.4,55.5,61.0,31,1743.2,22-OCT-2012,30,INE559D01011,
SHASUNPHAR,EQ,159.0,163.2,159.0,161.45,161.15,159.9,89486,14445128.25,22-OCT-2012,1245,INE317A01028,
SHILPAMED,EQ,289.0,289.0,285.0,287.65,288.0,285.4,2017,578521.65,22-OCT-2012,39,INE790G01023,
SHILPI,EQ,20.55,21.0,20.5,20.8,21.0,21.2,21885,453717.15,22-OCT-2012,102,INE510K01019,
SHIV-VANI,EQ,141.0,141.9,138.0,138.45,138.0,140.8,28673,3985816.5,22-OCT-2012,622,INE756B01017,
SHIVAMAUTO,EQ,118.0,119.95,116.05,116.55,116.5,114.0,5000,588351.45,22-OCT-2012,184,INE637H01016,
SHIVTEX,BE,29.95,30.75,29.4,30.5,30.7,29.95,2765,83172.0,22-OCT-2012,16,INE705C01012,
SHLAKSHMI,EQ,91.25,92.0,88.05,88.9,88.05,88.85,17130,1530416.65,22-OCT-2012,317,INE851B01016,
SHOPERSTOP,EQ,404.0,406.0,400.0,401.7,404.75,404.9,11173,4494409.65,22-OCT-2012,557,INE498B01024,
SHREEASHTA,BE,2.3,2.4,2.3,2.35,2.4,2.35,984432,2309531.4,22-OCT-2012,344,INE538H01024,
SHREECEM,EQ,4231.05,4231.05,4172.0,4192.15,4193.75,4197.35,11789,49647826.5,22-OCT-2012,1639,INE070A01015,
SHREERAMA,EQ,3.9,4.0,3.85,3.85,3.85,3.85,9159,35613.9,22-OCT-2012,25,INE879A01019,
SHRENUJ,EQ,67.0,67.9,64.15,64.4,64.2,66.15,30135,1974162.65,22-OCT-2012,363,INE633A01028,
SHREYAS,EQ,34.1,35.0,33.3,33.6,33.45,34.05,2568,86933.4,22-OCT-2012,52,INE757B01015,
SHRINATRAJ,EQ,70.9,70.9,67.55,67.55,67.55,67.55,48,3265.85,22-OCT-2012,2,INE200F01017,
SHRIRAMCIT,EQ,795.0,805.0,795.0,802.7,803.95,800.15,14376,11534161.25,22-OCT-2012,130,INE722A01011,
SHRIRAMEPC,EQ,75.3,76.5,73.8,74.5,74.95,77.1,11520,863102.55,22-OCT-2012,322,INE964H01014,
SHYAMTEL,EQ,25.45,25.45,24.4,24.45,24.65,24.85,2827,70271.35,22-OCT-2012,24,INE635A01023,
SICAGEN,EQ,15.0,15.0,14.7,14.95,15.0,15.0,33732,504060.3,22-OCT-2012,108,INE176J01011,
SICAL,EQ,65.0,65.8,65.0,65.75,65.05,65.35,59664,3922097.3,22-OCT-2012,48,INE075B01012,
SIEMENS,EQ,681.3,691.45,681.3,687.05,689.0,687.95,153989,105735256.65,22-OCT-2012,5121,INE003A01024,
SIGNETIND,BE,170.25,172.9,168.2,172.8,172.8,173.0,4737,809329.75,22-OCT-2012,235,INE529F01019,
SIL,BE,15.9,15.95,15.9,15.9,15.9,16.7,3800,60457.5,22-OCT-2012,6,INE173A01025,
SILINV,EQ,71.9,71.9,71.5,71.5,71.5,70.05,2,143.4,22-OCT-2012,2,INE923A01015,
SIMBHSUGAR,EQ,27.55,28.2,26.75,27.1,26.85,28.0,21737,590867.9,22-OCT-2012,97,INE270C01017,
SIMPLEX,EQ,54.45,54.45,49.5,50.1,49.5,51.85,1694,85645.0,22-OCT-2012,145,INE898F01018,
SIMPLEXCAS,EQ,74.0,74.0,65.05,68.45,68.4,67.55,6378,440854.7,22-OCT-2012,116,INE658D01011,
SIMPLEXINF,EQ,215.9,221.45,212.0,212.55,212.0,215.9,1562,333944.75,22-OCT-2012,142,INE059B01024,
SINTEX,EQ,70.5,71.9,69.5,71.55,71.4,70.6,2206031,156548060.3,22-OCT-2012,11359,INE429C01035,
SIRPAPER,BE,41.0,43.95,41.0,43.0,43.0,43.0,407,17105.7,22-OCT-2012,11,INE202C01010,
SITASHREE,EQ,5.45,5.65,5.3,5.4,5.4,5.5,9728,53510.05,22-OCT-2012,21,INE686I01011,
SITICABLE,BE,21.7,21.7,20.8,21.4,21.5,21.85,230581,4889449.75,22-OCT-2012,550,INE965H01011,
SIYSIL,EQ,295.0,301.95,295.0,299.05,300.4,295.0,347,103384.85,22-OCT-2012,83,INE076B01010,
SJVN,EQ,19.6,19.8,19.55,19.7,19.7,19.7,297862,5856062.3,22-OCT-2012,461,INE002L01015,
SKFINDIA,EQ,683.95,684.0,670.6,674.55,674.0,675.7,1885,1277700.2,22-OCT-2012,170,INE640A01023,
SKMEGGPROD,EQ,6.7,6.75,6.45,6.6,6.7,6.7,2816,18685.05,22-OCT-2012,10,INE411D01015,
SKSMICRO,BE,117.6,118.75,113.5,115.7,118.0,117.6,59346,6875225.6,22-OCT-2012,1487,INE180K01011,
SKUMARSYNF,EQ,18.45,18.45,18.1,18.15,18.2,18.4,938522,17084011.05,22-OCT-2012,1757,INE772A01016,
SMARTLINK,EQ,54.0,55.0,52.65,54.4,54.5,54.05,17010,924651.8,22-OCT-2012,833,INE178C01020,
SMLISUZU,EQ,420.0,479.0,420.0,466.15,465.0,425.0,45164,20831798.7,22-OCT-2012,1837,INE294B01019,
SMOBILITY,EQ,39.5,41.4,39.5,40.0,40.0,40.05,1747,69986.8,22-OCT-2012,19,INE927C01020,
SMPL,EQ,3.6,3.7,3.5,3.55,3.55,3.5,216046,776261.1,22-OCT-2012,183,INE215G01021,
SMSPHARMA,BE,201.0,207.0,196.05,203.25,196.3,201.0,1347,274762.5,22-OCT-2012,20,INE812G01017,
SOBHA,EQ,353.25,363.0,351.0,359.2,357.4,353.7,39644,14074024.6,22-OCT-2012,1476,INE671H01015,
SOFTTECHGR,EQ,3.45,3.5,3.35,3.45,3.5,3.35,100,345.35,22-OCT-2012,6,INE863A01013,
SOLARINDS,EQ,999.9,1007.0,975.2,1001.25,1006.0,993.2,6755,6711233.1,22-OCT-2012,512,INE343H01011,
SOMANYCERA,EQ,71.0,84.9,70.85,84.9,84.9,70.75,458369,36794180.9,22-OCT-2012,5961,INE355A01028,
SOMATEX,EQ,5.5,5.75,5.5,5.75,5.75,5.25,38129,218417.9,22-OCT-2012,75,INE314C01013,
SONASTEER,EQ,12.9,13.2,12.75,12.95,12.95,12.95,64624,830740.9,22-OCT-2012,284,INE643A01035,
SONATSOFTW,BE,24.5,25.1,24.4,25.05,24.95,24.95,123668,3089818.55,22-OCT-2012,265,INE269A01021,
SOTL,EQ,511.9,516.95,505.0,509.9,512.0,511.95,826,422156.25,22-OCT-2012,37,INE035D01012,
SOUISPAT,EQ,2.7,2.85,2.6,2.8,2.8,2.7,9012,24346.45,22-OCT-2012,19,INE943B01011,
SOUTHBANK,EQ,23.3,23.4,22.05,22.25,22.2,23.4,7208190,160928732.35,22-OCT-2012,12562,INE683A01023,
SPANCO,EQ,38.0,38.2,36.3,36.9,37.0,38.15,28090,1054690.8,22-OCT-2012,270,INE360B01026,
SPARC,EQ,101.7,107.0,100.5,104.9,104.8,101.6,515472,53905898.1,22-OCT-2012,6721,INE232I01014,
SPECIALITY,EQ,182.6,184.0,180.7,181.45,181.35,182.85,42444,7730307.85,22-OCT-2012,834,INE247M01014,
SPECTACLE,EQ,2.85,2.85,2.85,2.85,2.85,2.85,100,285.0,22-OCT-2012,1,INE409H01028,
SPENTEX,BE,6.95,6.95,6.95,6.95,6.95,7.3,50,347.5,22-OCT-2012,1,INE376C01020,
SPIC,EQ,15.95,16.0,15.75,15.8,15.8,15.95,84900,1344017.7,22-OCT-2012,229,INE147A01011,
SPLIL,EQ,2.95,2.95,2.95,2.95,2.95,3.05,27,79.65,22-OCT-2012,1,INE978G01016,
SPMLINFRA,EQ,73.0,73.0,69.1,71.25,71.35,68.55,1056,74293.05,22-OCT-2012,71,INE937A01023,
SPYL,EQ,41.25,41.3,38.6,39.15,39.25,41.0,14877,595573.65,22-OCT-2012,137,INE268L01012,
SREINFRA,EQ,26.5,26.95,26.0,26.6,26.65,26.6,178725,4740011.45,22-OCT-2012,1205,INE872A01014,
SRF,EQ,221.0,221.7,218.1,219.3,218.5,220.9,28579,6293162.9,22-OCT-2012,789,INE647A01010,
SRGINFOTEC,EQ,0.4,0.4,0.35,0.35,0.35,0.4,15013,5504.55,22-OCT-2012,4,INE376A01032,
SRHHLINDST,EQ,4.75,4.9,4.7,4.9,4.9,5.0,952,4502.3,22-OCT-2012,6,INE724B01023,
SRHHYPOLTD,EQ,44.5,47.5,44.5,46.1,47.5,44.75,63,2904.15,22-OCT-2012,37,INE917H01012,
SRSLTD,EQ,40.5,40.5,38.65,39.15,39.15,39.55,152150,5994790.6,22-OCT-2012,566,INE219H01039,
SRTRANSFIN,EQ,633.55,639.9,630.3,631.8,630.3,635.1,77412,49004996.4,22-OCT-2012,2570,INE721A01013,
SSWL,EQ,212.3,221.55,212.3,217.8,218.0,220.65,2831,619583.05,22-OCT-2012,141,INE802C01017,
STAR,EQ,900.0,915.0,889.0,894.2,893.45,907.85,139313,124926635.85,22-OCT-2012,7737,INE939A01011,
STARPAPER,EQ,15.25,15.25,14.4,14.4,15.2,14.9,102,1470.45,22-OCT-2012,5,INE733A01018,
STCINDIA,EQ,241.95,241.95,238.15,239.4,239.6,242.0,84924,20356514.5,22-OCT-2012,2397,INE655A01013,
STEL,EQ,13.1,13.15,12.9,13.05,13.05,13.3,2293,29964.0,22-OCT-2012,10,INE577L01016,
STER,EQ,99.5,99.85,98.5,99.25,99.25,100.5,5863280,581692741.85,22-OCT-2012,23115,INE268A01049,
STERLINBIO,EQ,5.95,6.05,5.9,5.95,5.9,5.95,106745,639072.75,22-OCT-2012,204,INE324C01038,
STERTOOLS,EQ,97.9,99.35,97.9,98.45,98.45,95.4,231,22857.2,22-OCT-2012,6,INE334A01015,
STOREONE,EQ,29.15,33.9,28.1,33.05,33.0,28.85,73175,2378301.6,22-OCT-2012,532,INE034H01016,
STRTECH,EQ,31.7,32.0,31.3,31.75,31.7,31.75,257801,8173955.8,22-OCT-2012,1221,INE089C01029,
STYABS,EQ,625.05,638.7,621.2,628.85,625.1,627.5,585,366498.9,22-OCT-2012,49,INE189B01011,
SUBEX,EQ,17.05,18.45,16.95,18.05,18.25,16.95,7897679,142410722.7,22-OCT-2012,23652,INE754A01014,
SUBROS,EQ,30.0,30.4,28.25,28.85,28.85,29.3,10923,317690.95,22-OCT-2012,100,INE287B01021,
SUDAR,EQ,107.7,118.0,107.7,116.5,117.0,107.1,469527,53871450.25,22-OCT-2012,4805,INE384L01017,
SUDARSCHEM,EQ,454.5,456.0,446.1,451.65,456.0,449.75,247,111110.45,22-OCT-2012,12,INE659A01015,
SUJANATOW,EQ,6.1,6.1,5.85,6.1,6.1,5.85,864661,5221034.5,22-OCT-2012,746,INE333I01028,
SUJANAUNI,EQ,2.75,2.95,2.75,2.85,2.9,2.75,57848,166106.05,22-OCT-2012,99,INE216G01011,
SUMEETINDS,EQ,19.5,19.8,19.1,19.35,19.35,19.35,19852,383328.4,22-OCT-2012,70,INE235C01010,
SUMMITSEC,EQ,80.1,85.95,80.1,85.25,85.0,85.1,1130,96310.25,22-OCT-2012,34,INE519C01017,
SUNDARAM,EQ,15.35,15.5,14.9,15.05,15.05,15.05,138438,2082942.7,22-OCT-2012,106,INE108E01023,
SUNDARMFIN,EQ,821.1,835.0,820.0,825.75,825.0,819.0,3698,3053557.1,22-OCT-2012,371,INE660A01013,
SUNDRMBRAK,EQ,148.9,148.95,143.0,143.65,143.0,143.85,451,65363.85,22-OCT-2012,18,INE073D01013,
SUNDRMFAST,EQ,47.7,48.95,47.1,47.85,47.6,48.15,52570,2535491.3,22-OCT-2012,485,INE387A01021,
SUNFLAG,EQ,24.1,25.0,23.6,24.05,23.9,25.35,158551,3826249.75,22-OCT-2012,1187,INE947A01014,
SUNILHITEC,EQ,66.45,66.8,65.0,65.45,65.1,66.4,6399,420693.8,22-OCT-2012,208,INE305H01010,
SUNPHARMA,EQ,694.9,700.0,680.5,699.1,699.4,694.8,584159,404733693.75,22-OCT-2012,20063,INE044A01036,
SUNTECK,EQ,315.0,318.9,314.55,317.5,314.8,314.7,2201,699224.9,22-OCT-2012,57,INE805D01026,
SUNTV,EQ,357.7,362.15,355.6,359.3,359.2,362.6,240477,86405755.0,22-OCT-2012,4769,INE424H01027,
SUPER,EQ,201.0,201.0,201.0,201.0,201.0,197.1,10,2010.0,22-OCT-2012,1,INE091C01017,
SUPERSPIN,BE,6.5,6.95,6.5,6.55,6.5,6.8,4700,30602.5,22-OCT-2012,15,INE662A01027,
SUPPETRO,EQ,55.75,57.75,54.5,56.95,57.0,54.3,40389,2279664.05,22-OCT-2012,319,INE663A01017,
SUPRAJIT,EQ,26.25,27.9,26.25,27.35,27.0,26.25,47035,1288362.75,22-OCT-2012,135,INE399C01030,
SUPREMEIND,EQ,295.05,299.4,288.15,289.95,288.6,295.05,49079,14299360.6,22-OCT-2012,549,INE195A01028,
SUPREMEINF,EQ,296.15,298.15,294.6,297.6,297.9,300.65,1043,309670.65,22-OCT-2012,61,INE550H01011,
SUPREMETEX,BE,5.25,5.25,5.25,5.25,5.25,5.45,8732,45843.0,22-OCT-2012,14,INE651G01027,
SURANACORP,EQ,92.0,93.5,92.0,93.5,93.5,92.0,570,53190.0,22-OCT-2012,3,INE357D01010,
SURANAIND,EQ,166.95,166.95,166.0,166.45,166.0,160.1,2,332.95,22-OCT-2012,2,INE659D01019,
SURANAT&P,EQ,17.2,18.0,17.0,18.0,18.0,18.0,6197,110626.65,22-OCT-2012,1479,INE130B01023,
SURANAVEL,EQ,19.0,19.75,19.0,19.5,19.5,19.5,13641,267816.5,22-OCT-2012,67,INE272L01014,
SURYAJYOTI,EQ,14.9,15.2,13.85,14.7,14.75,14.45,5692,83258.9,22-OCT-2012,148,INE411C01017,
SURYALAXMI,EQ,80.0,80.1,74.7,77.95,77.1,77.15,4224,331165.0,22-OCT-2012,235,INE713B01026,
SURYAPHARM,BE,2.2,2.35,2.2,2.25,2.2,2.3,398651,887633.75,22-OCT-2012,195,INE249G01020,
SURYAROSNI,EQ,68.2,70.0,68.2,69.0,69.5,68.2,49320,3414904.6,22-OCT-2012,611,INE335A01012,
SUTLEJTEX,EQ,171.7,191.75,171.7,188.0,187.0,176.95,4832,898137.8,22-OCT-2012,100,INE645H01019,
SUVEN,EQ,26.9,29.2,26.2,28.75,28.8,26.55,1265630,35519848.7,22-OCT-2012,5073,INE495B01038,
SUZLON,EQ,15.55,16.35,15.55,16.0,16.0,15.65,15504082,247096786.25,22-OCT-2012,25680,INE040H01021,
SWANENERGY,EQ,138.45,138.5,135.0,135.8,135.0,137.15,109786,14992682.95,22-OCT-2012,1446,INE665A01020,
SWARAJENG,EQ,430.0,438.0,428.0,432.2,430.1,428.1,1881,817886.75,22-OCT-2012,138,INE277A01016,
SWELECTES,EQ,135.9,145.6,135.9,141.35,141.1,141.1,3429,487676.85,22-OCT-2012,124,INE409B01013,
SYMPHONY,EQ,351.0,367.7,335.5,350.7,345.55,356.55,54978,19439534.25,22-OCT-2012,2339,INE225D01027,
SYNCOM,EQ,11.9,12.5,11.65,12.25,12.15,12.05,74226,899784.0,22-OCT-2012,1086,INE602K01014,
SYNDIBANK,EQ,123.85,125.9,120.25,121.8,120.7,123.55,3378398,415365241.1,22-OCT-2012,22082,INE667A01018,
TAINWALCHM,EQ,20.1,20.75,20.1,20.75,20.75,19.8,201,4040.75,22-OCT-2012,2,INE123C01018,
TAJGVK,EQ,75.95,75.95,74.75,74.8,75.45,75.05,22526,1685095.4,22-OCT-2012,179,INE586B01026,
TAKE,EQ,39.0,39.0,37.1,37.4,37.55,38.55,9281,351089.7,22-OCT-2012,101,INE142I01023,
TAKSHEEL,EQ,11.85,12.0,11.55,11.7,11.65,12.0,8853,103984.75,22-OCT-2012,55,INE889I01011,
TALBROAUTO,EQ,40.75,40.8,40.5,40.5,40.5,40.5,327,13306.6,22-OCT-2012,23,INE187D01011,
TALWALKARS,EQ,195.95,197.4,190.35,191.05,191.0,195.45,65644,12719745.35,22-OCT-2012,1894,INE502K01016,
TANLA,EQ,6.85,6.9,6.45,6.6,6.5,6.8,139294,922711.3,22-OCT-2012,443,INE483C01032,
TANTIACONS,EQ,53.5,54.65,52.75,54.3,54.3,54.05,3319,177924.25,22-OCT-2012,69,INE388G01018,
TARAPUR,EQ,12.45,12.95,12.35,12.85,12.95,12.55,746,9423.1,22-OCT-2012,12,INE747K01017,
TARMAT,BE,18.65,19.5,18.65,18.9,18.9,18.6,95,1815.5,22-OCT-2012,3,INE924H01018,
TATACHEM,EQ,326.85,330.7,316.65,326.8,327.0,326.9,388549,127448831.9,22-OCT-2012,4908,INE092A01019,
TATACOFFEE,EQ,1108.35,1108.35,1001.15,1012.6,1011.0,1005.75,30131,30467850.4,22-OCT-2012,1885,INE493A01019,
TATACOMM,EQ,248.15,253.6,248.15,251.3,251.0,249.7,171914,43345877.65,22-OCT-2012,5846,INE151A01013,
TATAELXSI,EQ,225.0,228.4,220.4,221.95,221.05,224.7,28369,6313161.5,22-OCT-2012,833,INE670A01012,
TATAGLOBAL,EQ,156.0,161.85,156.0,159.6,159.4,157.95,2532870,404941468.8,22-OCT-2012,19037,INE192A01025,
TATAINVEST,EQ,458.0,458.85,454.0,457.15,458.0,454.85,5445,2488807.7,22-OCT-2012,304,INE672A01018,
TATAMETALI,EQ,64.45,65.6,63.0,63.25,63.6,64.55,19398,1242624.35,22-OCT-2012,427,INE056C01010,
TATAMOTORS,EQ,267.5,268.7,264.6,267.05,267.9,269.0,4470904,1191828851.1,22-OCT-2012,38779,INE155A01022,
TATAMTRDVR,EQ,165.55,167.1,163.5,165.4,165.5,166.05,846669,140076423.3,22-OCT-2012,13968,IN9155A01020,
TATAPOWER,EQ,104.0,106.9,104.0,106.3,106.05,105.0,1398968,148117074.85,22-OCT-2012,9211,INE245A01021,
TATASPONGE,EQ,322.05,345.0,321.1,329.0,328.1,322.15,59542,19985976.9,22-OCT-2012,2325,INE674A01014,
TATASTEEL,EQ,405.2,410.4,403.1,407.85,408.35,407.45,2244380,914270276.0,22-OCT-2012,39547,INE081A01012,
TBZ,EQ,200.0,210.8,189.35,195.8,194.6,199.85,3521673,707342264.3,22-OCT-2012,54351,INE760L01018,
TCI,EQ,63.25,65.9,63.25,64.3,64.5,63.25,3977,256354.35,22-OCT-2012,147,INE688A01022,
TCIDEVELOP,EQ,148.05,152.0,148.05,148.75,148.75,149.0,51,7658.6,22-OCT-2012,6,INE662L01016,
TCIFINANCE,EQ,37.0,38.9,36.2,36.75,36.25,37.0,2275,83330.9,22-OCT-2012,20,INE911B01018,
TCS,EQ,1325.1,1334.9,1303.0,1318.9,1318.9,1289.7,2698671,3565718336.4,22-OCT-2012,77386,INE467B01029,
TDPOWERSYS,EQ,257.0,257.0,254.0,254.0,254.0,260.0,27,6894.0,22-OCT-2012,7,INE419M01019,
TECHM,EQ,926.0,943.9,922.5,937.65,940.0,927.95,147585,137871223.1,22-OCT-2012,5741,INE669C01028,
TECHNO,EQ,213.5,215.45,210.0,212.75,212.95,209.8,43143,9197340.35,22-OCT-2012,856,INE286K01024,
TECHNOFAB,EQ,130.05,132.25,130.0,131.0,131.0,130.85,961,126071.3,22-OCT-2012,44,INE509K01011,
TECPRO,EQ,163.0,164.5,162.4,162.95,162.5,160.6,17239,2818202.8,22-OCT-2012,602,INE904H01010,
TEXINFRA,EQ,35.65,36.6,35.0,35.15,35.2,35.8,35322,1254993.25,22-OCT-2012,875,INE435C01024,
TEXMOPIPES,EQ,10.0,10.0,9.7,10.0,10.0,9.55,48430,484105.0,22-OCT-2012,116,INE141K01013,
TEXRAIL,EQ,61.05,62.4,60.55,61.95,62.2,61.1,21965,1346111.8,22-OCT-2012,627,INE621L01012,
TFCILTD,EQ,24.9,25.05,24.5,24.65,24.5,24.6,39873,983459.9,22-OCT-2012,247,INE305A01015,
TFL,EQ,10.3,10.6,9.95,10.05,10.0,10.5,7444,75045.25,22-OCT-2012,27,INE804H01012,
THANGAMAYL,EQ,235.5,270.7,234.0,256.4,257.15,233.45,470251,119652569.15,22-OCT-2012,11517,INE085J01014,
THEBYKE,EQ,172.35,172.5,171.85,171.9,171.95,172.35,140248,24162036.85,22-OCT-2012,1047,INE319B01014,
THEMISMED,EQ,103.9,104.5,101.0,104.0,104.5,103.0,608,62536.45,22-OCT-2012,137,INE083B01016,
THERMAX,EQ,572.0,587.4,568.0,570.45,568.0,577.25,65327,37434039.5,22-OCT-2012,1873,INE152A01029,
THINKSOFT,EQ,117.45,118.85,114.8,115.6,115.4,116.8,93059,10863456.9,22-OCT-2012,1744,INE201K01015,
THIRUSUGAR,EQ,84.05,85.0,80.0,80.35,80.05,83.05,27974,2285222.05,22-OCT-2012,33,INE409A01015,
THOMASCOOK,EQ,59.55,61.45,59.55,60.35,60.25,60.4,20465,1242254.4,22-OCT-2012,242,INE332A01027,
THOMASCOTT,BE,10.2,10.85,10.2,10.85,10.85,10.35,2134,22931.35,22-OCT-2012,11,INE480M01011,
TI,EQ,65.0,67.0,62.5,65.05,64.4,65.1,949861,61625434.45,22-OCT-2012,8324,INE133E01013,
TIDEWATER,EQ,7905.0,7950.0,7849.0,7905.75,7892.95,7880.4,391,3088461.55,22-OCT-2012,169,INE484C01014,
TIIL,BE,87.0,89.0,83.1,85.25,85.05,87.3,6338,538395.15,22-OCT-2012,45,INE545H01011,
TIJARIA,BE,7.15,7.65,7.15,7.4,7.4,7.5,9137,68453.75,22-OCT-2012,59,INE440L01017,
TIL,EQ,208.75,208.8,205.5,206.45,206.5,206.2,1780,367399.35,22-OCT-2012,122,INE806C01018,
TIMBOR,EQ,33.5,33.5,32.05,32.2,32.4,32.95,1456,46989.35,22-OCT-2012,22,INE346L01016,
TIMESGTY,EQ,18.55,20.95,18.15,19.6,20.25,19.8,501,9705.95,22-OCT-2012,5,INE289C01025,
TIMETECHNO,EQ,46.6,47.0,46.0,46.15,46.1,46.4,14778,687201.3,22-OCT-2012,91,INE508G01029,
TIMKEN,EQ,201.8,202.0,199.0,199.45,199.65,202.55,26143,5231833.0,22-OCT-2012,1361,INE325A01013,
TINPLATE,EQ,52.7,53.25,52.1,52.2,52.15,52.75,31215,1637628.9,22-OCT-2012,378,INE422C01014,
TIPSINDLTD,EQ,66.95,67.0,62.0,63.0,63.0,63.5,3789,238292.9,22-OCT-2012,53,INE716B01011,
TIRUMALCHM,EQ,132.4,138.4,132.4,135.3,134.5,134.1,41609,5639069.1,22-OCT-2012,630,INE338A01016,
TITAN,EQ,279.0,280.15,276.0,278.45,278.6,278.8,479715,133488158.05,22-OCT-2012,9024,INE280A01028,
TNPETRO,EQ,13.5,13.5,13.2,13.4,13.5,13.4,14855,198255.6,22-OCT-2012,91,INE148A01019,
TNPL,EQ,115.5,116.3,113.0,114.75,115.0,115.05,34007,3886428.95,22-OCT-2012,397,INE107A01015,
TNTELE,BE,3.95,4.0,3.95,4.0,4.0,3.85,955,3797.25,22-OCT-2012,2,INE141D01018,
TODAYS,EQ,3.2,3.3,3.2,3.2,3.2,3.2,2667,8545.9,22-OCT-2012,8,INE944B01019,
TORNTPHARM,EQ,675.2,680.3,670.0,677.95,678.0,676.65,52465,35343018.5,22-OCT-2012,976,INE685A01028,
TORNTPOWER,EQ,160.65,161.9,159.5,161.2,161.75,161.05,80028,12874510.7,22-OCT-2012,1881,INE813H01021,
TREEHOUSE,EQ,213.9,217.25,210.0,214.95,215.0,212.05,24823,5355604.2,22-OCT-2012,263,INE040M01013,
TRENT,EQ,1147.05,1150.0,1121.05,1145.15,1130.0,1130.75,4906,5606654.5,22-OCT-2012,735,INE849A01012,
TRF,EQ,248.0,252.85,245.0,246.3,247.9,250.2,7498,1865632.75,22-OCT-2012,344,INE391D01019,
TRICOM,EQ,4.7,4.9,4.55,4.6,4.6,4.6,10310,47595.85,22-OCT-2012,37,INE771B01032,
TRIDENT,EQ,8.9,8.9,8.75,8.8,8.8,8.95,24180,213305.7,22-OCT-2012,73,INE064C01014,
TRIGYN,BE,13.15,13.15,12.95,12.95,13.0,12.55,1547,20061.15,22-OCT-2012,8,INE948A01012,
TRIL,EQ,146.9,147.0,143.55,145.15,145.0,144.8,5470,795503.0,22-OCT-2012,233,INE763I01018,
TRITURBINE,EQ,47.5,48.0,47.4,47.4,47.4,48.1,7603,361547.05,22-OCT-2012,262,INE152M01016,
TRIVENI,EQ,22.8,23.25,22.4,22.6,22.4,22.75,274205,6264441.7,22-OCT-2012,936,INE256C01024,
TTKHEALTH,EQ,404.15,426.9,404.15,423.0,426.9,425.85,53490,22483104.5,22-OCT-2012,2354,INE910C01018,
TTKPRESTIG,EQ,3232.35,3265.55,3132.0,3145.65,3149.9,3233.8,88732,282974816.55,22-OCT-2012,10383,INE690A01010,
TTL,EQ,19.1,19.25,18.0,19.15,19.15,19.3,5224,99210.1,22-OCT-2012,32,INE592B01016,
TTML,EQ,11.6,11.7,11.3,11.35,11.3,11.5,558705,6362025.1,22-OCT-2012,1005,INE517B01013,
TUBEINVEST,EQ,172.9,176.25,168.1,174.6,174.4,171.6,35354,6100918.6,22-OCT-2012,759,INE149A01025,
TULIP,EQ,46.5,46.5,42.3,42.45,42.35,44.5,1344616,58686616.75,22-OCT-2012,8394,INE122H01027,
TULSI,EQ,8.05,8.05,7.65,7.9,7.9,7.95,9900,77190.5,22-OCT-2012,82,INE474I01012,
TULSYAN,EQ,39.15,39.15,37.35,37.35,37.35,37.8,21,820.35,22-OCT-2012,21,INE463D01016,
TV18BRDCST,EQ,32.2,33.0,29.85,30.35,30.45,32.4,9464548,298994798.05,22-OCT-2012,41734,INE886H01027,
TVSELECT,EQ,16.6,16.85,16.2,16.35,16.35,16.6,2830,46817.7,22-OCT-2012,66,INE236G01019,
TVSMOTOR,EQ,42.65,42.7,41.25,41.7,41.35,42.7,766154,32118998.95,22-OCT-2012,4190,INE494B01023,
TVSSRICHAK,EQ,306.0,311.7,304.55,308.5,310.0,310.0,1237,380867.1,22-OCT-2012,179,INE421C01016,
TVTODAY,EQ,79.5,79.5,77.0,77.8,77.75,78.7,288996,22642996.45,22-OCT-2012,3609,INE038F01029,
TWILITAKA,BE,13.5,13.5,13.0,13.45,13.4,13.1,7123,95138.45,22-OCT-2012,26,INE783B01029,
TWL,EQ,330.05,332.9,325.6,328.7,329.95,329.85,7485,2461910.7,22-OCT-2012,507,INE615H01012,
UBENGG,EQ,39.05,39.5,38.55,38.95,39.05,39.1,46992,1827126.85,22-OCT-2012,349,INE328C01013,
UBHOLDINGS,EQ,139.65,143.4,136.1,141.85,141.7,141.8,3802245,531626714.65,22-OCT-2012,26954,INE696A01025,
UBL,EQ,653.65,683.0,649.95,675.45,674.5,667.95,465195,312497137.9,22-OCT-2012,16097,INE686F01025,
UCALFUEL,EQ,69.9,71.0,69.9,70.35,70.6,70.35,508,35845.55,22-OCT-2012,61,INE139B01016,
UCOBANK,EQ,79.2,79.2,77.2,77.95,77.85,78.55,1020849,79612619.0,22-OCT-2012,7913,INE691A01018,
UFLEX,EQ,104.6,107.7,104.3,106.75,106.8,105.45,269047,28667547.4,22-OCT-2012,3287,INE516A01017,
UGARSUGAR,EQ,14.25,14.4,14.0,14.1,14.25,14.2,4356,61612.5,22-OCT-2012,39,INE071E01023,
ULTRACEMCO,EQ,2033.0,2039.0,1990.05,2022.45,2025.0,2010.6,317793,641281715.3,22-OCT-2012,15638,INE481G01011,
UMESLTD,EQ,8.5,8.95,8.5,8.85,8.9,8.95,2064,18288.4,22-OCT-2012,11,INE240C01028,
UNICHEMLAB,EQ,192.35,198.5,191.3,197.3,197.45,188.4,344722,67202181.1,22-OCT-2012,7188,INE351A01035,
UNIENTER,EQ,22.85,24.75,22.85,23.15,23.15,23.25,500,11679.25,22-OCT-2012,20,INE037A01022,
UNIONBANK,EQ,207.95,211.7,205.4,208.8,208.7,209.45,534937,111604276.5,22-OCT-2012,6344,INE692A01016,
UNIPHOS,EQ,118.35,119.35,116.15,116.65,116.6,118.65,1291609,150890184.0,22-OCT-2012,14187,INE628A01036,
UNIPLY,EQ,9.1,9.35,8.5,8.95,9.25,8.8,353,3187.75,22-OCT-2012,9,INE950G01015,
UNITECH,EQ,26.3,26.4,25.35,26.0,25.9,26.45,18309486,474861403.35,22-OCT-2012,47723,INE694A01020,
UNITEDBNK,EQ,67.85,68.85,67.5,67.9,67.8,68.0,298731,20339635.4,22-OCT-2012,2650,INE695A01019,
UNITEDTEA,EQ,154.1,160.0,153.5,160.0,160.0,159.9,377,58459.3,22-OCT-2012,10,INE458F01011,
UNITY,EQ,47.1,48.8,46.25,47.6,47.75,47.5,86944,4106726.65,22-OCT-2012,843,INE466H01028,
UNIVCABLES,EQ,38.65,40.05,38.65,40.0,40.0,40.45,4446,177904.05,22-OCT-2012,14,INE279A01012,
UPERGANGES,EQ,51.55,53.0,51.55,51.55,51.55,50.65,460,23714.45,22-OCT-2012,24,INE018B01012,
USHAMART,EQ,30.5,30.7,29.65,30.0,30.0,30.45,230546,6928368.7,22-OCT-2012,1264,INE228A01035,
USHERAGRO,EQ,63.95,63.95,60.2,60.55,60.2,60.4,38425,2339034.2,22-OCT-2012,174,INE235G01011,
UTTAMSTL,EQ,62.8,63.85,62.2,63.05,63.25,63.25,18817,1189854.35,22-OCT-2012,364,INE699A01011,
UTTAMSUGAR,EQ,25.0,25.0,24.55,24.8,24.75,25.05,2478,61517.0,22-OCT-2012,36,INE786F01031,
V2RETAIL,EQ,11.5,11.7,11.3,11.5,11.45,11.75,7274,84054.15,22-OCT-2012,49,INE945H01013,
VADILALIND,EQ,260.65,263.8,253.35,255.4,255.0,259.2,54840,14168922.65,22-OCT-2012,1211,INE694D01016,
VAIBHAVGEM,EQ,78.3,82.15,76.7,77.95,77.7,78.15,144349,11533800.85,22-OCT-2012,3863,INE884A01019,
VAKRANSOFT,EQ,52.0,53.0,51.9,52.05,52.0,52.15,576994,30068792.0,22-OCT-2012,778,INE051B01021,
VALECHAENG,EQ,59.9,63.1,58.5,60.95,60.75,57.3,329987,20317757.9,22-OCT-2012,4155,INE624C01015,
VALUEIND,EQ,11.45,11.45,11.15,11.15,11.25,11.3,3031,33890.2,22-OCT-2012,30,INE352A01017,
VARDHACRLC,EQ,11.4,11.5,11.35,11.5,11.5,11.45,60511,693633.25,22-OCT-2012,45,INE116G01013,
VARDMNPOLY,BE,89.25,92.85,89.25,91.05,91.85,91.75,23082,2108734.4,22-OCT-2012,63,INE835A01011,
VARUN,EQ,19.35,19.35,18.95,19.15,19.15,19.0,22703,433151.3,22-OCT-2012,117,INE032G01012,
VARUNSHIP,EQ,17.45,17.45,16.9,16.9,16.9,17.05,55871,949012.45,22-OCT-2012,221,INE702A01013,
VASCONEQ,BE,45.25,47.2,45.25,46.45,46.9,45.0,1723,80603.05,22-OCT-2012,25,INE893I01013,
VASWANI,EQ,4.15,4.25,4.0,4.15,4.15,4.15,4012,16566.7,22-OCT-2012,19,INE590L01019,
VENKEYS,EQ,580.2,601.0,576.0,581.75,580.9,582.85,94290,55652491.5,22-OCT-2012,3857,INE398A01010,
VENUSREM,EQ,273.7,276.2,273.15,275.0,275.8,275.35,6600,1815325.1,22-OCT-2012,355,INE411B01019,
VESUVIUS,EQ,351.6,364.0,351.6,357.45,354.05,355.4,828,296461.3,22-OCT-2012,158,INE386A01015,
VGUARD,EQ,419.0,424.7,417.4,420.75,421.5,418.4,139594,58868860.55,22-OCT-2012,4080,INE951I01019,
VHL,EQ,525.55,525.55,522.3,522.35,522.3,542.1,89,46550.45,22-OCT-2012,12,INE701A01023,
VICEROY,EQ,23.95,24.6,23.55,23.75,23.6,23.95,24685,592978.95,22-OCT-2012,229,INE048C01017,
VIDEOIND,EQ,172.5,173.95,171.0,171.9,172.75,171.95,38578,6656808.8,22-OCT-2012,1330,INE703A01011,
VIJAYABANK,EQ,56.85,57.3,55.8,57.15,57.15,56.95,1554013,88332238.4,22-OCT-2012,5772,INE705A01016,
VIJSHAN,EQ,16.25,16.85,16.05,16.2,16.25,16.55,20417,338619.95,22-OCT-2012,159,INE806F01011,
VIKASGLOB,EQ,82.05,84.95,82.0,82.0,82.0,84.95,5352,439779.45,22-OCT-2012,22,INE806A01012,
VIMTALABS,EQ,18.75,19.25,18.75,19.0,19.0,18.85,2215,41793.8,22-OCT-2012,16,INE579C01029,
VINATIORGA,EQ,122.0,122.0,118.0,118.75,118.0,118.7,9966,1194316.25,22-OCT-2012,495,INE410B01029,
VINYLINDIA,EQ,10.2,10.4,10.0,10.0,10.05,10.2,10726,107980.1,22-OCT-2012,37,INE250B01029,
VIPIND,EQ,90.55,90.55,88.5,89.6,89.4,90.25,412340,36918633.0,22-OCT-2012,4256,INE054A01027,
VIPUL,EQ,9.9,10.3,9.6,10.0,10.0,10.05,1071,10711.7,22-OCT-2012,21,INE946H01037,
VISAKAIND,BE,135.0,136.0,133.6,135.95,136.0,135.9,4410,595906.5,22-OCT-2012,40,INE392A01013,
VISASTEEL,EQ,48.0,48.0,47.25,47.7,47.7,47.7,10611,504059.6,22-OCT-2012,90,INE286H01012,
VISESHINFO,BE,11.2,11.75,11.2,11.75,11.75,11.2,74317,847663.05,22-OCT-2012,118,INE861A01017,
VISUINTL,EQ,1.7,1.75,1.65,1.7,1.7,1.65,8143,13809.25,22-OCT-2012,17,INE965A01016,
VIVIMEDLAB,EQ,344.1,348.0,340.0,344.8,348.0,342.9,18222,6268156.25,22-OCT-2012,642,INE526G01013,
VKSPL,EQ,102.75,102.75,97.0,97.15,97.0,99.0,9184,908905.4,22-OCT-2012,46,INE213M01016,
VLSFINANCE,EQ,13.05,13.15,12.85,13.05,13.1,13.2,6558,85146.2,22-OCT-2012,50,INE709A01018,
VOLTAMP,EQ,485.0,495.0,481.0,490.8,490.0,487.45,948,464438.05,22-OCT-2012,138,INE540H01012,
VOLTAS,EQ,117.8,118.55,114.75,115.3,115.45,118.25,1282564,148946624.55,22-OCT-2012,17016,INE226A01021,
VSSL,EQ,35.0,39.95,33.4,34.75,34.7,35.4,10882,374165.6,22-OCT-2012,69,INE050M01012,
VSTIND,EQ,1810.0,1819.95,1784.0,1797.95,1800.0,1802.25,1963,3539051.8,22-OCT-2012,172,INE710A01016,
VSTTILLERS,EQ,463.0,470.05,458.0,467.35,462.25,461.55,7918,3658710.0,22-OCT-2012,227,INE764D01017,
VTL,EQ,228.5,232.15,228.0,230.05,230.0,229.05,8067,1854414.95,22-OCT-2012,173,INE825A01012,
VTMLTD,EQ,15.0,15.0,13.5,14.0,14.0,14.5,1391,19787.0,22-OCT-2012,11,INE222F01029,
VTXIND,EQ,10.05,10.05,10.0,10.0,10.0,10.35,2000,20010.0,22-OCT-2012,3,INE119G01025,
WABAG,EQ,483.0,517.0,481.5,498.2,500.0,482.7,30696,15484752.45,22-OCT-2012,1577,INE956G01038,
WABCOINDIA,EQ,1621.3,1674.8,1621.3,1655.35,1659.9,1635.65,1092,1798756.25,22-OCT-2012,107,INE342J01019,
WALCHANNAG,EQ,80.2,80.9,78.85,79.35,79.4,79.75,36871,2931846.85,22-OCT-2012,711,INE711A01022,
WANBURY,EQ,28.5,29.8,28.4,29.15,29.25,28.5,44835,1310827.95,22-OCT-2012,333,INE107F01022,
WEBELSOLAR,BE,12.8,12.9,12.45,12.5,12.9,12.35,708,9060.05,22-OCT-2012,5,INE855C01015,
WEIZFOREX,EQ,106.0,109.85,106.0,106.35,106.1,104.65,2991,321989.65,22-OCT-2012,65,INE726L01019,
WEIZMANIND,EQ,9.0,9.0,8.25,8.45,8.75,8.65,679,5850.35,22-OCT-2012,41,INE080A01014,
WELCORP,EQ,98.0,98.25,96.7,98.0,98.0,98.05,243938,23817415.55,22-OCT-2012,2884,INE191B01025,
WELGLOB,EQ,41.25,43.95,41.25,43.45,43.0,41.3,5234,226405.75,22-OCT-2012,29,INE390K01016,
WELINV,EQ,19.4,22.6,19.35,20.55,20.8,20.0,1840,36243.35,22-OCT-2012,40,INE389K01018,
WELPROJ,EQ,25.0,25.8,24.45,25.05,25.0,25.6,2042,51093.25,22-OCT-2012,19,INE625G01013,
WELSPUNIND,EQ,53.0,54.2,52.8,54.0,54.05,53.15,17701,944835.65,22-OCT-2012,180,INE192B01023,
WENDT,EQ,1680.0,1688.0,1665.0,1671.7,1665.0,1675.8,43,72270.8,22-OCT-2012,25,INE274C01019,
WHEELS,EQ,724.5,728.0,709.0,711.3,709.1,717.3,606,432510.9,22-OCT-2012,155,INE715A01015,
WHIRLPOOL,EQ,247.75,254.8,244.7,250.05,250.0,247.8,35178,8818074.05,22-OCT-2012,1331,INE716A01013,
WILLAMAGOR,EQ,53.0,53.0,50.0,50.15,50.1,50.35,272,13643.45,22-OCT-2012,20,INE210A01017,
WINDMACHIN,EQ,15.9,16.0,15.5,15.55,15.55,15.75,2224,35360.95,22-OCT-2012,34,INE052A01021,
WINSOME,EQ,18.75,18.75,17.1,17.5,17.5,17.35,696,12249.0,22-OCT-2012,11,INE784B01035,
WINSOMEDJ,EQ,35.75,37.45,35.1,36.6,36.6,34.25,182342,6653478.85,22-OCT-2012,1578,INE664A01015,
WIPRO,EQ,347.0,347.45,341.8,343.6,343.7,344.55,1046385,360188997.15,22-OCT-2012,20081,INE075A01022,
WOCKPHARMA,BE,1450.0,1502.85,1435.05,1502.85,1502.85,1431.3,102522,153145850.6,22-OCT-2012,2965,INE049B01025,
WSI,EQ,23.3,23.95,22.8,22.9,22.8,24.5,402,9215.7,22-OCT-2012,41,INE100D01014,
WSTCSTPAPR,EQ,102.95,102.95,100.35,100.35,100.35,105.6,51957,5221237.35,22-OCT-2012,183,INE976A01021,
WYETH,EQ,930.0,930.0,910.6,914.3,912.5,914.25,320,293954.45,22-OCT-2012,52,INE378A01012,
XCHANGING,EQ,20.4,21.75,19.5,21.5,21.25,20.9,3122,64734.25,22-OCT-2012,191,INE692G01013,
XLENERGY,EQ,3.25,3.8,3.25,3.45,3.4,3.5,25333,85977.45,22-OCT-2012,57,INE183H01011,
XPROINDIA,EQ,47.0,47.0,45.8,46.0,45.95,46.1,5024,231094.95,22-OCT-2012,110,INE445C01015,
YESBANK,EQ,382.2,387.75,379.05,387.05,386.85,383.45,1307364,503519510.25,22-OCT-2012,19301,INE528G01019,
ZANDUREALT,EQ,1537.0,1537.0,1521.0,1527.0,1528.0,1523.95,1512,2307642.05,22-OCT-2012,290,INE719A01017,
ZEEL,EQ,192.4,192.45,188.0,189.05,188.45,192.1,1543149,292761993.5,22-OCT-2012,15023,INE256A01028,
ZEELEARN,EQ,27.8,28.1,27.2,27.9,27.95,27.8,333271,9222938.3,22-OCT-2012,1029,INE565L01011,
ZEENEWS,BE,15.4,15.4,14.85,15.0,14.9,15.15,138792,2083850.15,22-OCT-2012,367,INE966H01019,
ZENITHBIR,EQ,2.9,2.95,2.7,2.75,2.7,2.8,296792,833330.95,22-OCT-2012,231,INE318D01020,
ZENITHCOMP,EQ,10.7,10.8,10.4,10.6,10.65,10.7,1534,16022.55,22-OCT-2012,13,INE598B01013,
ZENITHINFO,EQ,35.0,35.0,34.5,34.5,34.5,36.05,545,18808.75,22-OCT-2012,7,INE899A01017,
ZENSARTECH,EQ,253.0,255.75,247.1,249.3,247.15,253.15,24379,6102087.8,22-OCT-2012,1813,INE520A01019,
ZICOM,EQ,72.9,72.9,70.0,71.2,71.0,71.2,7432,526722.3,22-OCT-2012,177,INE871B01014,
ZODIACLOTH,EQ,183.9,183.95,176.0,178.65,180.95,177.05,3903,695236.8,22-OCT-2012,190,INE206B01013,
ZODJRDMKJ,EQ,23.55,23.8,23.25,23.75,23.75,22.5,759,17888.35,22-OCT-2012,117,INE077B01018,
ZUARIGLOB,EQ,136.05,138.0,134.1,134.7,134.2,136.95,13224,1793687.35,22-OCT-2012,495,INE217A01012,
ZYDUSWELL,EQ,452.25,465.95,450.3,463.2,464.0,456.2,16957,7785162.7,22-OCT-2012,1210,INE768C01010,
ZYLOG,EQ,220.25,234.9,220.2,227.55,228.0,220.35,609787,139899589.4,22-OCT-2012,12357,INE225I01026,
