SYMBOL,SERIES,OPEN,HIGH,LOW,CLOSE,LAST,PREVCLOSE,TOTTRDQTY,TOTTRDVAL,TIMESTAMP,TOTALTRADES,ISIN,UNNAMED: 13
20MICRONS,EQ,27.8,27.8,26.1,26.65,26.55,26.9,50312,1345021.35,22-FEB-2016,115,INE144J01027,
3IINFOTECH,EQ,4.1,4.2,4.05,4.05,4.05,4.1,650841,2672913.6,22-FEB-2016,363,INE748C01020,
3MINDIA,EQ,10850.05,11034.95,10850.0,10863.9,10860.0,10850.25,233,2538460.8,22-FEB-2016,123,INE470A01017,
8KMILES,EQ,1617.05,1671.9,1617.0,1629.0,1627.6,1627.75,21787,35781730.8,22-FEB-2016,2411,INE650K01013,
A2ZINFRA,EQ,19.45,20.2,19.45,19.7,19.65,19.4,55527,1100934.45,22-FEB-2016,280,INE619I01012,
AARTIDRUGS,EQ,475.0,495.0,461.0,492.05,495.0,465.65,15107,7318835.95,22-FEB-2016,653,INE767A01016,
AARTIIND,EQ,439.0,441.9,427.5,429.0,433.0,435.55,15110,6493303.45,22-FEB-2016,1831,INE769A01020,
AARVEEDEN,EQ,51.8,55.4,51.8,54.1,53.75,50.0,6691,357355.05,22-FEB-2016,99,INE273D01019,
ABAN,EQ,166.3,174.4,164.9,170.2,170.2,167.3,1750781,298722796.8,22-FEB-2016,21809,INE421A01028,
ABB,EQ,1110.85,1116.4,1092.0,1106.2,1105.55,1102.85,38046,42000293.5,22-FEB-2016,3858,INE117A01022,
ABBOTINDIA,EQ,4941.95,4942.0,4860.0,4894.5,4860.0,4883.65,501,2456470.6,22-FEB-2016,191,INE358A01014,
ABFRL,EQ,150.75,154.0,146.0,150.8,151.0,149.5,381470,57021946.55,22-FEB-2016,26324,INE647O01011,
ABGSHIP,EQ,56.9,57.8,53.5,55.9,55.65,55.9,1000890,55875183.7,22-FEB-2016,7606,INE067H01016,
ABIRLANUVO,EQ,754.5,760.95,744.8,748.6,746.6,741.8,215736,162387482.9,22-FEB-2016,10350,INE069A01017,
ACC,EQ,1274.5,1287.3,1267.65,1281.5,1281.55,1278.0,122556,156559500.15,22-FEB-2016,6441,INE012A01025,
ACCELYA,EQ,848.0,878.15,848.0,865.4,868.0,865.3,904,779180.65,22-FEB-2016,120,INE793A01012,
ACE,EQ,36.75,40.55,35.95,40.0,39.8,36.3,340968,13429145.95,22-FEB-2016,1783,INE731H01025,
ACROPETAL,EQ,2.85,2.95,2.75,2.9,2.9,2.85,11429,32638.9,22-FEB-2016,23,INE055L01013,
ADANIENT,EQ,63.8,64.0,61.75,62.3,62.5,62.95,2364637,147974484.75,22-FEB-2016,9339,INE423A01024,
ADANIPORTS,EQ,209.05,211.7,204.25,205.9,206.05,209.4,2342159,483578886.3,22-FEB-2016,18899,INE742F01042,
ADANIPOWER,EQ,27.75,28.35,27.5,28.0,27.85,27.75,3665325,102542307.7,22-FEB-2016,7222,INE814H01011,
ADANITRANS,EQ,31.0,31.25,30.4,30.55,30.6,30.75,328968,10098158.05,22-FEB-2016,2074,INE931S01010,
ADFFOODS,EQ,69.0,70.0,68.0,68.9,69.2,69.45,17428,1203907.1,22-FEB-2016,158,INE982B01019,
ADHUNIK,EQ,10.5,10.9,10.5,10.85,10.85,10.7,12799,137839.05,22-FEB-2016,118,INE400H01019,
ADI,EQ,200.5,208.7,200.0,200.85,200.5,200.05,1095,220700.7,22-FEB-2016,27,INE959A01019,
ADLABS,EQ,74.8,75.5,73.2,73.95,74.3,73.5,34883,2594102.6,22-FEB-2016,1155,INE172N01012,
ADORWELD,EQ,259.95,259.95,248.45,253.95,249.0,249.2,4540,1156815.55,22-FEB-2016,368,INE045A01017,
ADSL,EQ,36.65,37.35,36.0,36.6,36.7,36.15,91105,3353330.4,22-FEB-2016,641,INE102I01027,
ADVANIHOTR,EQ,49.25,49.25,49.25,49.25,49.25,46.85,1,49.25,22-FEB-2016,1,INE199C01026,
ADVANTA,EQ,407.0,409.0,398.2,402.1,404.0,403.55,13992,5622902.55,22-FEB-2016,706,INE517H01028,
AEGISCHEM,EQ,87.95,88.0,86.0,86.5,86.85,85.65,37814,3291492.8,22-FEB-2016,471,INE208C01025,
AFL,EQ,39.5,41.8,39.45,41.0,41.1,39.85,8472,347353.7,22-FEB-2016,213,INE020G01017,
AGARIND,EQ,154.0,154.1,148.8,149.8,148.8,149.95,6554,986739.55,22-FEB-2016,83,INE204E01012,
AGCNET,EQ,60.1,61.5,57.85,59.05,59.1,59.0,3150,185596.95,22-FEB-2016,96,INE676A01019,
AGRITECH,BE,8.25,9.05,8.25,9.05,9.05,8.65,2569,21378.7,22-FEB-2016,11,INE449G01018,
AGRODUTCH,EQ,3.0,3.05,2.8,2.85,2.85,3.0,17367,50033.9,22-FEB-2016,36,INE135B01014,
AHLEAST,EQ,133.5,138.0,133.5,134.0,134.0,136.25,129,17411.7,22-FEB-2016,5,INE926K01017,
AHLUCONT,EQ,222.0,231.8,222.0,229.75,230.5,223.95,16017,3615761.05,22-FEB-2016,358,INE758C01029,
AHLWEST,EQ,118.05,120.0,118.05,119.4,119.05,118.1,182,21652.75,22-FEB-2016,6,INE915K01010,
AIAENG,EQ,745.0,750.15,731.5,746.1,747.0,745.0,9214,6816916.9,22-FEB-2016,1079,INE212H01026,
AIFL,EQ,249.5,254.9,245.0,249.55,249.95,249.15,10935,2729054.8,22-FEB-2016,193,INE428O01016,
AIL,EQ,610.05,615.0,591.0,594.8,591.25,592.15,10752,6442619.75,22-FEB-2016,976,INE878A01011,
AJANTPHARM,EQ,1285.55,1300.0,1277.0,1295.3,1300.0,1293.6,80429,104001636.15,22-FEB-2016,5380,INE031B01049,
AJMERA,EQ,114.0,118.0,112.05,116.65,116.85,114.2,26006,3015152.2,22-FEB-2016,683,INE298G01027,
AKSHOPTFBR,EQ,13.7,13.7,13.35,13.4,13.4,13.55,338241,4560089.3,22-FEB-2016,668,INE523B01011,
AKZOINDIA,EQ,1270.0,1335.0,1267.95,1317.7,1320.95,1288.4,10433,13680159.75,22-FEB-2016,1064,INE133A01011,
ALANKIT,EQ,92.8,93.5,92.0,92.45,92.3,92.1,556058,51498312.65,22-FEB-2016,1827,INE914E01032,
ALBK,EQ,44.2,44.9,43.6,44.2,44.6,44.15,2107571,93111386.15,22-FEB-2016,8831,INE428A01015,
ALCHEM,EQ,21.3,21.5,20.5,20.85,20.9,21.25,2727,56626.35,22-FEB-2016,29,INE964B01033,
ALEMBICLTD,EQ,34.35,34.8,34.0,34.55,34.55,34.05,104281,3589027.4,22-FEB-2016,730,INE426A01027,
ALICON,EQ,262.0,264.9,257.5,263.0,263.0,267.8,953,249643.2,22-FEB-2016,47,INE062D01024,
ALKALI,EQ,39.75,40.4,38.25,39.1,39.0,40.0,2308,90652.0,22-FEB-2016,36,INE773I01017,
ALKEM,EQ,1310.0,1316.95,1270.0,1281.6,1277.15,1310.35,71363,91872597.4,22-FEB-2016,7918,INE540L01014,
ALKYLAMINE,EQ,297.05,316.95,297.0,299.4,297.0,299.9,6952,2090765.35,22-FEB-2016,177,INE150B01021,
ALLCARGO,EQ,158.1,160.85,152.1,152.9,153.0,157.05,70920,11020417.2,22-FEB-2016,5491,INE418H01029,
ALLSEC,EQ,94.0,102.1,93.0,101.35,101.8,97.25,21903,2169253.15,22-FEB-2016,578,INE835G01018,
ALMONDZ,EQ,9.45,9.85,9.25,9.85,9.85,9.4,2160,20589.2,22-FEB-2016,14,INE326B01027,
ALOKTEXT,EQ,3.85,3.95,3.85,3.9,3.9,3.85,1749342,6817212.45,22-FEB-2016,798,INE270A01011,
ALPA,BE,40.85,40.85,37.05,37.05,37.05,38.95,62157,2426645.75,22-FEB-2016,270,INE385I01010,
ALPHAGEO,EQ,542.0,565.0,542.0,561.35,563.9,543.0,33375,18583745.3,22-FEB-2016,657,INE137C01018,
ALPSINDUS,EQ,4.0,4.1,4.0,4.1,4.1,3.95,2907,11839.0,22-FEB-2016,13,INE093B01015,
ALSTOMT&D,EQ,395.45,395.6,388.15,390.15,393.4,392.95,42497,16583670.05,22-FEB-2016,666,INE200A01026,
AMARAJABAT,EQ,892.95,903.6,871.5,890.45,891.0,885.1,303759,270685798.6,22-FEB-2016,21103,INE885A01032,
AMBIKCO,EQ,768.0,805.0,768.0,778.15,777.0,771.45,1124,877382.5,22-FEB-2016,233,INE540G01014,
AMBUJACEM,EQ,195.75,197.0,195.0,196.0,196.2,194.95,1609745,315661081.05,22-FEB-2016,24053,INE079A01024,
AMDIND,EQ,26.5,28.25,26.05,26.4,26.15,25.25,11827,315832.85,22-FEB-2016,83,INE005I01014,
AMRUTANJAN,EQ,402.0,412.95,402.0,405.05,408.0,406.7,6343,2578028.05,22-FEB-2016,459,INE098F01023,
AMTEKAUTO,EQ,29.9,30.1,29.35,29.65,29.8,29.6,659869,19604422.25,22-FEB-2016,4192,INE130C01021,
AMTL,EQ,23.0,23.0,22.85,23.0,23.0,23.1,250,5742.5,22-FEB-2016,3,INE436N01029,
ANANDAMRUB,EQ,18.35,18.35,16.65,17.6,18.35,17.5,1843,32100.25,22-FEB-2016,21,INE618N01014,
ANANTRAJ,EQ,30.5,30.9,30.35,30.45,30.65,30.25,315213,9653177.05,22-FEB-2016,1866,INE242C01024,
ANDHRABANK,EQ,47.25,47.8,46.8,47.45,47.4,47.2,1263924,59776478.7,22-FEB-2016,5002,INE434A01013,
ANDHRACEMT,EQ,6.3,6.7,6.1,6.7,6.7,6.25,84596,556330.45,22-FEB-2016,212,INE666E01012,
ANDHRSUGAR,EQ,111.75,111.75,109.5,110.3,110.45,111.7,4287,473486.85,22-FEB-2016,117,INE715B01013,
ANGIND,EQ,39.6,39.85,38.1,38.85,38.9,39.15,15530,602804.7,22-FEB-2016,122,INE017D01010,
ANIKINDS,BE,23.5,23.5,23.5,23.5,23.5,23.5,50,1175.0,22-FEB-2016,2,INE087B01017,
ANKITMETAL,EQ,1.7,1.8,1.7,1.75,1.75,1.8,121449,213815.8,22-FEB-2016,43,INE106I01010,
ANSALAPI,EQ,15.55,16.45,15.55,15.85,15.95,15.95,56521,902538.9,22-FEB-2016,293,INE436A01026,
ANSALHSG,EQ,19.5,19.8,19.25,19.6,19.5,19.25,17929,352140.0,22-FEB-2016,71,INE880B01015,
ANTGRAPHIC,BE,1.6,1.65,1.55,1.65,1.65,1.6,645534,1047900.5,22-FEB-2016,142,INE414B01021,
APARINDS,EQ,440.7,448.0,436.0,437.45,436.0,438.45,10841,4792494.0,22-FEB-2016,600,INE372A01015,
APCOTEXIND,EQ,194.05,201.0,190.2,196.55,197.0,195.85,2357,460702.4,22-FEB-2016,179,INE116A01024,
APLAPOLLO,EQ,665.0,665.0,640.05,641.85,640.15,651.45,28703,18520680.8,22-FEB-2016,353,INE702C01019,
APLLTD,EQ,627.6,628.45,611.95,616.4,621.1,618.05,45059,27993789.4,22-FEB-2016,2390,INE901L01018,
APOLLOHOSP,EQ,1426.0,1449.9,1407.0,1428.1,1427.0,1428.7,91313,130542432.2,22-FEB-2016,8820,INE437A01024,
APOLLOTYRE,EQ,159.4,163.0,157.8,162.45,162.85,160.65,2573800,414059713.9,22-FEB-2016,22041,INE438A01022,
APOLSINHOT,EQ,220.0,220.0,206.0,206.0,206.0,210.0,159,32820.05,22-FEB-2016,7,INE451F01016,
APTECHT,EQ,57.8,57.8,56.2,56.75,56.6,56.85,161950,9206384.65,22-FEB-2016,1880,INE266F01018,
ARCHIDPLY,EQ,42.55,43.5,41.95,42.05,41.95,41.7,12578,532356.7,22-FEB-2016,155,INE877I01016,
ARCHIES,EQ,20.35,20.5,19.8,20.2,20.15,19.95,33198,673150.8,22-FEB-2016,260,INE731A01020,
ARCOTECH,EQ,348.0,354.95,345.35,352.25,351.8,350.6,315118,110735715.3,22-FEB-2016,4425,INE574I01027,
ARIES,EQ,75.0,79.85,75.0,78.65,78.05,76.1,10543,828134.35,22-FEB-2016,180,INE298I01015,
ARIHANT,EQ,42.85,42.85,40.2,40.2,40.2,42.5,14,565.45,22-FEB-2016,2,INE413D01011,
AROGRANITE,EQ,37.6,41.8,37.6,40.9,41.45,39.6,1752,70697.8,22-FEB-2016,37,INE210C01013,
ARROWCOAT,EQ,485.0,496.0,485.0,487.05,491.95,488.05,1859,909867.05,22-FEB-2016,210,INE570D01018,
ARROWTEX,EQ,31.25,32.5,30.1,31.65,31.7,32.0,25742,817006.55,22-FEB-2016,282,INE933J01015,
ARSHIYA,EQ,28.55,29.7,28.0,28.55,28.5,28.4,78105,2242338.2,22-FEB-2016,273,INE968D01022,
ARSSINFRA,EQ,34.5,34.8,33.65,34.25,34.3,34.1,51632,1770411.3,22-FEB-2016,537,INE267I01010,
ARVIND,EQ,279.05,284.2,277.05,279.45,278.85,279.95,1220311,342450668.55,22-FEB-2016,12623,INE034A01011,
ARVINFRA,EQ,77.3,78.0,74.5,78.0,78.0,74.3,129434,10075509.1,22-FEB-2016,525,INE034S01021,
ASAHIINDIA,EQ,149.25,152.7,149.25,150.45,150.0,150.15,5978,899080.7,22-FEB-2016,340,INE439A01020,
ASAHISONG,EQ,127.7,127.7,118.55,119.35,119.0,121.1,3671,442388.6,22-FEB-2016,40,INE228I01012,
ASAL,EQ,34.0,35.85,34.0,35.85,35.85,35.35,4,139.4,22-FEB-2016,4,INE900C01027,
ASHAPURMIN,EQ,72.3,81.0,71.0,80.1,80.45,72.25,645832,50783298.15,22-FEB-2016,6664,INE348A01023,
ASHIANA,EQ,130.7,130.7,121.3,121.9,122.35,123.7,24488,3023674.75,22-FEB-2016,1519,INE365D01021,
ASHIMASYN,EQ,10.2,10.95,10.15,10.65,10.6,10.55,18493,196638.1,22-FEB-2016,126,INE440A01010,
ASHOKA,EQ,182.6,186.85,181.55,183.6,183.35,181.1,26278,4836956.1,22-FEB-2016,972,INE442H01029,
ASHOKLEY,EQ,91.9,92.7,91.3,92.2,92.2,91.2,8514736,784576604.85,22-FEB-2016,31245,INE208A01029,
ASIANHOTNR,EQ,103.1,107.9,103.1,106.0,106.0,104.3,6117,649472.3,22-FEB-2016,10,INE363A01022,
ASIANPAINT,EQ,856.0,873.2,854.0,870.85,872.15,854.7,609601,527860760.9,22-FEB-2016,41336,INE021A01026,
ASIANTILES,EQ,123.0,128.5,120.1,126.25,126.4,124.15,22403,2811784.0,22-FEB-2016,360,INE022I01019,
ASSAMCO,EQ,4.85,4.9,4.65,4.65,4.7,4.9,640451,3033328.7,22-FEB-2016,495,INE442A01024,
ASTEC,EQ,186.55,189.0,183.5,185.1,186.0,186.55,19908,3686936.65,22-FEB-2016,729,INE563J01010,
ASTRAL,EQ,364.75,364.75,350.0,353.95,350.0,357.7,27338,9689611.9,22-FEB-2016,756,INE006I01046,
ASTRAMICRO,EQ,115.65,119.15,115.6,117.75,118.4,115.5,185996,21858503.0,22-FEB-2016,2537,INE386C01029,
ASTRAZEN,EQ,1177.95,1178.0,1142.0,1161.85,1160.1,1168.0,2713,3149740.75,22-FEB-2016,330,INE203A01020,
ATFL,EQ,464.5,475.0,464.5,465.25,465.0,471.4,721,338582.75,22-FEB-2016,49,INE209A01019,
ATLANTA,EQ,28.9,29.7,28.9,29.3,29.4,28.9,7737,227019.5,22-FEB-2016,72,INE285H01022,
ATLASCYCLE,EQ,166.65,173.5,164.45,169.5,168.65,166.65,5115,868898.9,22-FEB-2016,237,INE446A01017,
ATUL,EQ,1395.0,1429.0,1372.0,1397.6,1396.1,1395.05,9087,12797621.9,22-FEB-2016,934,INE100A01010,
ATULAUTO,EQ,489.45,489.45,470.0,475.6,477.4,477.35,7868,3755842.85,22-FEB-2016,625,INE951D01028,
AURIONPRO,EQ,128.1,135.0,128.1,131.25,132.9,129.05,5146,678911.2,22-FEB-2016,285,INE132H01018,
AUROPHARMA,EQ,659.95,663.8,634.8,654.4,663.0,655.55,2247171,1456712124.15,22-FEB-2016,76408,INE406A01037,
AUSOMENT,EQ,20.2,21.05,19.55,21.05,21.05,21.5,441,9124.2,22-FEB-2016,7,INE218C01016,
AUSTRAL,EQ,0.45,0.45,0.4,0.4,0.45,0.45,99368,42187.4,22-FEB-2016,42,INE455J01027,
AUTOAXLES,EQ,591.0,597.0,575.5,587.25,589.9,590.15,9048,5322160.3,22-FEB-2016,413,INE449A01011,
AUTOIND,EQ,37.1,39.0,37.1,37.75,38.1,38.3,6854,261299.2,22-FEB-2016,113,INE718H01014,
AUTOLITIND,EQ,43.1,45.05,43.05,44.4,43.7,43.5,4051,180818.4,22-FEB-2016,39,INE448A01013,
AVANTIFEED,EQ,397.8,397.8,382.0,385.7,390.0,386.4,10058,3870803.25,22-FEB-2016,687,INE871C01020,
AVTNPL,EQ,29.5,29.5,28.5,28.8,28.95,29.05,14634,423330.3,22-FEB-2016,188,INE488D01021,
AXISBANK,EQ,395.0,398.75,391.05,397.15,396.35,392.5,10284642,4070030565.75,22-FEB-2016,95798,INE238A01034,
AXISCADES,EQ,224.5,225.9,222.05,223.65,224.4,221.5,51397,11514875.0,22-FEB-2016,2440,INE555B01013,
AXISGOLD,EQ,2647.0,2647.0,2581.15,2608.4,2601.0,2649.05,138,359271.9,22-FEB-2016,60,INF846K01347,
AYMSYNTEX,EQ,95.05,100.0,91.55,97.25,98.6,98.05,9971,969693.25,22-FEB-2016,184,INE193B01039,
BAFNAPHARM,EQ,29.95,30.4,28.1,29.55,29.4,29.1,40348,1198587.05,22-FEB-2016,385,INE878I01014,
BAGFILMS,EQ,3.55,3.65,3.45,3.55,3.55,3.55,28810,101528.6,22-FEB-2016,41,INE116D01028,
BAJAJ-AUTO,EQ,2459.0,2485.0,2451.25,2476.75,2477.05,2455.8,199748,493934435.9,22-FEB-2016,18634,INE917I01010,
BAJAJCORP,EQ,388.3,388.3,376.55,381.1,382.0,381.9,85862,32933311.75,22-FEB-2016,1673,INE933K01021,
BAJAJELEC,EQ,167.5,170.45,165.1,167.15,167.0,167.35,52475,8797041.8,22-FEB-2016,1493,INE193E01025,
BAJAJFINSV,EQ,1694.0,1705.0,1622.85,1630.3,1630.0,1673.1,52233,85854932.45,22-FEB-2016,6937,INE918I01018,
BAJAJHIND,EQ,14.8,14.9,14.5,14.65,14.65,14.65,558327,8193625.85,22-FEB-2016,1612,INE306A01021,
BAJAJHLDNG,EQ,1396.0,1405.05,1386.65,1394.75,1390.2,1383.7,1051,1466504.1,22-FEB-2016,345,INE118A01012,
BAJFINANCE,EQ,6138.95,6138.95,5851.2,6002.45,6010.0,6048.1,52748,315258710.0,22-FEB-2016,11570,INE296A01016,
BALAJITELE,EQ,93.3,97.8,93.05,96.7,97.0,92.2,129197,12375825.3,22-FEB-2016,1660,INE794B01026,
BALAMINES,EQ,131.0,134.6,130.45,132.6,132.35,132.7,11421,1511790.55,22-FEB-2016,221,INE050E01027,
BALKRISIND,EQ,579.95,579.95,554.8,560.15,564.8,573.0,18261,10320583.95,22-FEB-2016,1611,INE787D01026,
BALLARPUR,EQ,13.3,13.45,13.0,13.1,13.15,13.15,236637,3121097.5,22-FEB-2016,1569,INE294A01037,
BALMLAWRIE,EQ,530.3,533.5,524.0,526.05,525.1,529.25,3519,1855547.0,22-FEB-2016,214,INE164A01016,
BALPHARMA,EQ,89.8,91.5,85.5,87.15,87.55,88.25,136610,12147727.95,22-FEB-2016,1608,INE083D01012,
BALRAMCHIN,EQ,80.75,81.4,78.0,80.1,80.25,80.05,702419,56330327.8,22-FEB-2016,8245,INE119A01028,
BANARBEADS,EQ,36.3,39.85,36.3,39.65,39.65,38.0,832,32484.5,22-FEB-2016,11,INE655B01011,
BANARISUG,EQ,1042.0,1070.0,1038.0,1049.8,1070.0,1045.9,35,36641.6,22-FEB-2016,13,INE459A01010,
BANCOINDIA,EQ,96.4,98.45,94.5,95.9,95.7,96.2,24431,2353874.55,22-FEB-2016,573,INE213C01025,
BANG,EQ,13.15,13.15,12.55,13.1,13.15,12.55,700,9085.0,22-FEB-2016,5,INE863I01016,
BANKBARODA,EQ,140.0,141.5,136.65,139.25,139.85,139.65,8496547,1181284766.5,22-FEB-2016,44162,INE028A01039,
BANKBEES,EQ,1450.0,1453.85,1442.4,1445.97,1445.98,1443.85,1900,2751277.44,22-FEB-2016,131,INF732E01078,
BANKINDIA,EQ,87.55,88.3,85.6,86.85,87.6,87.4,1901740,165055855.4,22-FEB-2016,11219,INE084A01016,
BANSWRAS,EQ,98.0,98.0,91.0,92.05,92.0,91.65,7099,654767.75,22-FEB-2016,66,INE629D01012,
BARTRONICS,EQ,9.5,9.6,9.1,9.4,9.4,9.35,33095,311483.95,22-FEB-2016,131,INE855F01034,
BASF,EQ,791.95,795.0,770.05,774.05,770.5,791.95,7707,6029386.95,22-FEB-2016,804,INE373A01013,
BASML,EQ,193.0,193.0,188.0,189.9,189.9,189.35,621,117996.4,22-FEB-2016,10,INE186H01014,
BATAINDIA,EQ,488.0,500.0,486.25,489.4,488.2,485.7,410230,202522425.3,22-FEB-2016,10441,INE176A01028,
BAYERCROP,EQ,3376.0,3450.0,3376.0,3428.9,3408.0,3399.25,2729,9339500.8,22-FEB-2016,787,INE462A01022,
BBL,EQ,730.05,784.0,727.0,749.75,757.9,738.1,44241,33742975.25,22-FEB-2016,3175,INE464A01028,
BBTC,EQ,351.0,367.85,345.7,361.5,360.0,352.7,35196,12623008.05,22-FEB-2016,886,INE050A01025,
BEARDSELL,EQ,93.8,102.55,93.8,102.55,102.55,97.7,12,1138.25,22-FEB-2016,3,INE520H01014,
BEDMUTHA,EQ,11.2,11.85,11.0,11.3,11.1,11.55,7219,81281.8,22-FEB-2016,47,INE844K01012,
BEL,EQ,1138.9,1174.0,1128.05,1157.5,1160.0,1129.75,245693,284790255.0,22-FEB-2016,11370,INE263A01016,
BEML,EQ,983.4,1049.0,975.0,1040.55,1043.0,971.55,594428,605907362.0,22-FEB-2016,32603,INE258A01016,
BEPL,EQ,17.4,17.7,17.0,17.1,17.1,17.25,25568,441341.95,22-FEB-2016,103,INE922A01025,
BERGEPAINT,EQ,239.0,241.7,234.55,235.95,235.3,238.95,62614,14877900.2,22-FEB-2016,1897,INE463A01038,
BFINVEST,EQ,89.85,110.75,89.85,110.75,110.75,92.3,259180,27287354.6,22-FEB-2016,3953,INE878K01010,
BFUTILITIE,EQ,434.0,513.5,425.0,507.8,509.0,429.85,3406590,1644278512.8,22-FEB-2016,73620,INE243D01012,
BGLOBAL,BE,5.6,5.8,5.6,5.8,5.8,5.55,4533,26191.2,22-FEB-2016,10,INE224M01013,
BGRENERGY,EQ,97.1,100.95,97.1,98.0,98.35,97.1,146480,14515511.15,22-FEB-2016,2259,INE661I01014,
BHAGYNAGAR,EQ,18.8,19.0,16.1,16.7,16.7,16.25,802,13580.05,22-FEB-2016,12,INE458B01028,
BHARATFORG,EQ,770.9,792.0,768.5,786.5,786.0,771.7,582097,455923080.75,22-FEB-2016,16141,INE465A01025,
BHARATGEAR,EQ,58.0,58.0,56.0,56.45,56.8,57.8,4232,240037.05,22-FEB-2016,59,INE561C01019,
BHARATRAS,EQ,848.0,899.0,780.0,861.55,870.0,869.7,143,120524.3,22-FEB-2016,39,INE838B01013,
BHARTIARTL,EQ,324.5,334.9,322.0,329.1,328.3,326.05,3113993,1028071382.25,22-FEB-2016,37254,INE397D01024,
BHARTISHIP,BE,19.9,19.95,19.05,19.95,19.95,19.0,3213,63435.05,22-FEB-2016,26,INE673G01013,
BHEL,EQ,103.0,103.2,100.4,101.0,101.05,101.75,8219843,834230225.2,22-FEB-2016,87249,INE257A01026,
BHUSANSTL,EQ,35.25,35.3,34.65,34.75,34.75,34.9,91226,3180525.8,22-FEB-2016,756,INE824B01021,
BIL,EQ,488.0,508.9,482.0,500.2,492.0,487.9,12301,6060689.9,22-FEB-2016,431,INE828A01016,
BILENERGY,EQ,1.3,1.3,1.15,1.3,1.3,1.2,12074,14583.25,22-FEB-2016,16,INE607L01029,
BINANIIND,EQ,54.0,55.55,54.0,54.4,54.0,54.0,11575,632668.55,22-FEB-2016,127,INE071A01013,
BINDALAGRO,EQ,31.35,35.85,30.65,33.7,33.5,30.6,201168,6941733.4,22-FEB-2016,1636,INE143A01010,
BIOCON,EQ,464.85,473.25,461.85,471.95,472.7,462.55,302855,141567775.4,22-FEB-2016,8220,INE376G01013,
BIRLACORPN,EQ,374.4,374.4,353.05,357.65,355.1,356.6,2227,800454.55,22-FEB-2016,304,INE340A01012,
BIRLACOT,EQ,0.05,0.05,0.05,0.05,0.05,0.05,324805,16240.25,22-FEB-2016,35,INE655I01024,
BIRLAERIC,BE,36.5,36.5,35.05,35.6,36.0,35.2,21982,789664.1,22-FEB-2016,49,INE800A01015,
BIRLAMONEY,EQ,21.35,23.0,21.3,21.45,21.35,21.05,36828,806494.15,22-FEB-2016,311,INE865C01022,
BLBLIMITED,EQ,3.8,4.55,3.8,4.55,4.55,4.15,10255,46509.05,22-FEB-2016,15,INE791A01024,
BLISSGVS,EQ,144.0,148.25,139.0,144.65,146.15,144.4,587325,85461067.7,22-FEB-2016,4789,INE416D01022,
BLKASHYAP,EQ,12.5,13.1,12.5,13.0,13.1,12.5,123642,1608186.9,22-FEB-2016,252,INE350H01032,
BLUEBLENDS,BE,90.9,91.45,82.75,90.75,90.75,87.1,515,45351.4,22-FEB-2016,24,INE113O01014,
BLUECHIP,BE,0.5,0.5,0.5,0.5,0.5,0.45,1717,858.5,22-FEB-2016,4,INE657B01025,
BLUECOAST,EQ,84.4,84.4,84.4,84.4,84.4,84.4,15,1266.0,22-FEB-2016,1,INE472B01011,
BLUEDART,EQ,5698.0,5885.0,5625.05,5807.45,5825.5,5622.05,2933,16869602.15,22-FEB-2016,662,INE233B01017,
BLUESTARCO,EQ,325.05,330.0,323.1,325.05,323.2,326.05,4737,1548936.65,22-FEB-2016,277,INE472A01039,
BLUESTINFO,EQ,223.9,223.95,211.0,213.95,211.15,212.1,1678,359730.85,22-FEB-2016,113,INE504B01011,
BODALCHEM,EQ,54.25,55.05,53.05,54.1,53.85,53.75,110706,5988420.65,22-FEB-2016,717,INE338D01028,
BOMDYEING,EQ,41.4,43.2,41.4,42.6,42.6,41.4,536598,22799721.4,22-FEB-2016,3021,INE032A01023,
BOSCHLTD,EQ,16900.0,17486.95,16890.0,17314.7,17325.0,16804.0,31902,553612368.75,22-FEB-2016,10837,INE323A01026,
BPCL,EQ,765.0,769.95,749.45,759.4,759.5,765.85,1395702,1063780242.65,22-FEB-2016,51443,INE029A01011,
BPL,EQ,29.3,30.8,28.85,29.1,29.2,27.85,396579,11584967.6,22-FEB-2016,2055,INE110A01019,
BRFL,EQ,150.05,154.9,147.55,148.05,148.1,152.6,5694,848734.1,22-FEB-2016,125,INE589G01011,
BRIGADE,EQ,135.6,139.5,134.0,135.8,135.25,136.55,6586,896062.0,22-FEB-2016,327,INE791I01019,
BRITANNIA,EQ,2709.0,2801.0,2709.0,2799.35,2795.0,2724.5,352002,977407578.5,22-FEB-2016,13959,INE216A01022,
BROADCAST,BE,3.8,3.8,3.8,3.8,3.8,3.95,100,380.0,22-FEB-2016,1,INE698H01018,
BROOKS,EQ,82.05,83.85,80.6,80.9,80.6,81.7,48043,3943101.6,22-FEB-2016,533,INE650L01011,
BSELINFRA,EQ,2.85,2.85,2.65,2.7,2.7,2.65,32285,88383.1,22-FEB-2016,40,INE395A01016,
BSL,EQ,48.2,49.9,47.0,48.8,49.7,49.0,6696,325370.9,22-FEB-2016,115,INE594B01012,
BSLGOLDETF,EQ,2700.0,2721.0,2670.05,2670.05,2670.05,2735.0,188,506052.2,22-FEB-2016,20,INF209K01HT2,
BSLIMITED,EQ,17.65,17.65,16.55,16.55,16.55,17.4,1115785,18768997.1,22-FEB-2016,548,INE043K01029,
BSLNIFTY,EQ,89.0,89.0,85.0,87.85,85.0,89.1,152,13420.06,22-FEB-2016,6,INF209K01IR4,
BURNPUR,EQ,9.9,10.1,9.65,9.75,9.7,10.0,52098,508310.75,22-FEB-2016,151,INE817H01014,
BUTTERFLY,EQ,184.0,188.45,177.1,179.2,178.5,183.1,11703,2139261.2,22-FEB-2016,507,INE295F01017,
BVCL,EQ,15.5,15.9,15.0,15.8,15.8,14.8,7251,111271.3,22-FEB-2016,58,INE139I01011,
BYKE,EQ,154.5,155.65,153.85,154.6,154.55,154.15,112677,17431785.05,22-FEB-2016,2853,INE319B01014,
CADILAHC,EQ,330.0,332.95,327.0,329.2,329.4,327.35,810910,267086408.1,22-FEB-2016,18701,INE010B01027,
CAIRN,EQ,130.65,132.75,130.1,131.8,131.75,131.65,2180554,287616399.3,22-FEB-2016,17166,INE910H01017,
CALSOFT,EQ,8.45,8.45,7.75,7.75,7.75,8.15,830,6610.5,22-FEB-2016,6,INE526B01014,
CAMLINFINE,EQ,84.0,84.0,80.9,81.8,81.3,82.85,70146,5755483.85,22-FEB-2016,1158,INE052I01032,
CANBK,EQ,172.05,173.05,167.05,167.8,167.8,171.15,2899053,490236204.0,22-FEB-2016,35358,INE476A01014,
CANDC,EQ,11.15,11.15,10.4,10.75,10.75,10.65,11259,123254.05,22-FEB-2016,40,INE874H01015,
CANFINHOME,EQ,955.0,973.0,950.0,964.2,958.0,948.15,25868,24962451.1,22-FEB-2016,2294,INE477A01012,
CANTABIL,EQ,70.35,73.9,70.3,72.6,72.1,73.85,5179,375851.9,22-FEB-2016,55,INE068L01016,
CAPF,EQ,396.0,398.0,390.0,393.15,391.05,394.8,30299,11914094.6,22-FEB-2016,1255,INE688I01017,
CAPLIPOINT,EQ,965.0,999.0,962.0,972.4,969.9,959.35,6332,6159664.9,22-FEB-2016,682,INE475E01018,
CARBORUNIV,EQ,165.0,168.0,165.0,165.45,165.25,167.5,1980,328066.6,22-FEB-2016,90,INE120A01034,
CAREERP,EQ,107.55,117.5,103.65,112.1,112.8,104.05,351196,39846754.6,22-FEB-2016,7184,INE521J01018,
CARERATING,EQ,903.0,933.8,903.0,912.1,912.8,909.6,18441,16846963.75,22-FEB-2016,2563,INE752H01013,
CASTEXTECH,EQ,6.45,6.75,6.45,6.65,6.6,6.5,1400614,9249271.25,22-FEB-2016,1874,INE068D01021,
CASTROLIND,EQ,392.0,409.0,389.1,406.9,408.85,389.55,230660,92546516.85,22-FEB-2016,7710,INE172A01027,
CCCL,EQ,4.7,4.85,4.65,4.85,4.85,4.65,11990,57449.8,22-FEB-2016,28,INE429I01024,
CCHHL,EQ,10.9,10.9,10.5,10.65,10.55,10.65,12193,130557.9,22-FEB-2016,88,INE652F01027,
CCL,EQ,169.85,170.0,162.0,165.7,166.5,166.85,75571,12637518.1,22-FEB-2016,1705,INE421D01022,
CEATLTD,EQ,955.0,973.95,953.4,968.65,969.6,950.95,321009,310755311.05,22-FEB-2016,10449,INE482A01020,
CEBBCO,EQ,20.25,20.25,19.8,20.1,20.25,19.65,28191,562658.3,22-FEB-2016,194,INE209L01016,
CELEBRITY,EQ,9.0,9.65,8.65,9.0,8.95,9.6,8749,78864.55,22-FEB-2016,53,INE185H01016,
CELESTIAL,EQ,23.0,23.0,21.75,22.35,22.5,22.15,24905,553101.6,22-FEB-2016,115,INE221I01017,
CENTENKA,EQ,153.4,156.65,152.6,153.55,153.3,154.6,20433,3156099.4,22-FEB-2016,485,INE485A01015,
CENTEXT,EQ,2.0,2.0,1.9,1.95,1.95,1.95,16216,31636.9,22-FEB-2016,20,INE281A01026,
CENTRALBK,EQ,49.5,52.8,49.5,52.35,52.1,49.4,486300,25117638.3,22-FEB-2016,3431,INE483A01010,
CENTUM,EQ,509.45,533.0,506.0,511.5,512.0,519.7,2087,1069985.3,22-FEB-2016,183,INE320B01020,
CENTURYPLY,EQ,148.85,150.0,145.5,147.65,147.5,147.65,59622,8820068.15,22-FEB-2016,1297,INE348B01021,
CENTURYTEX,EQ,457.5,470.25,455.25,467.45,465.2,454.7,1091055,504919219.45,22-FEB-2016,28330,INE055A01016,
CERA,EQ,1615.5,1710.0,1615.5,1664.1,1689.9,1640.35,3159,5183816.65,22-FEB-2016,748,INE739E01017,
CEREBRAINT,EQ,15.85,16.2,14.8,15.4,15.0,15.9,451302,7058351.9,22-FEB-2016,750,INE345B01019,
CESC,EQ,439.0,450.4,432.05,447.45,447.7,433.4,323535,142750264.4,22-FEB-2016,22200,INE486A01013,
CGCL,EQ,126.2,132.7,126.2,129.2,128.0,129.0,472,61260.5,22-FEB-2016,19,INE180C01018,
CHAMBLFERT,EQ,56.0,58.5,56.0,58.3,58.4,55.7,203287,11748618.65,22-FEB-2016,2064,INE085A01013,
CHEMFALKAL,EQ,72.5,72.9,68.5,69.0,72.9,72.15,1858,130986.5,22-FEB-2016,80,INE479E01028,
CHENNPETRO,EQ,174.25,183.0,172.15,179.4,179.8,174.3,647228,116483264.45,22-FEB-2016,12719,INE178A01016,
CHOLAFIN,EQ,654.5,667.95,650.0,663.7,662.0,660.05,54879,36149386.4,22-FEB-2016,313,INE121A01016,
CHROMATIC,EQ,2.95,3.1,2.95,3.1,3.1,2.85,107420,327787.7,22-FEB-2016,79,INE662C01015,
CIGNITITEC,EQ,388.15,394.5,384.25,386.15,387.0,384.65,10075,3915212.55,22-FEB-2016,452,INE675C01017,
CIMMCO,EQ,84.4,86.05,83.2,83.7,84.0,83.6,55745,4718949.95,22-FEB-2016,984,INE184C01028,
CINELINE,EQ,21.4,21.45,20.6,21.4,21.4,21.35,1400,29944.65,22-FEB-2016,20,INE704H01022,
CINEVISTA,EQ,4.35,4.45,4.35,4.4,4.4,4.7,134,594.1,22-FEB-2016,3,INE039B01026,
CIPLA,EQ,529.35,531.85,525.0,530.5,530.1,524.65,1236400,655094192.3,22-FEB-2016,20764,INE059A01026,
CLNINDIA,EQ,654.0,656.95,642.0,642.9,642.95,650.8,3007,1940231.85,22-FEB-2016,267,INE492A01029,
CNOVAPETRO,EQ,31.0,31.0,31.0,31.0,31.0,31.0,19,589.0,22-FEB-2016,1,INE672K01025,
COALINDIA,EQ,312.6,316.0,310.2,313.9,313.5,312.25,2820180,886245139.8,22-FEB-2016,40109,INE522F01014,
COFFEEDAY,EQ,229.9,229.9,225.0,225.15,225.0,225.85,89707,20257900.0,22-FEB-2016,1650,INE335K01011,
COLPAL,EQ,836.7,836.7,827.0,830.3,829.0,832.35,283904,235623407.5,22-FEB-2016,9970,INE259A01022,
COMPUSOFT,EQ,8.9,9.9,8.25,8.9,9.0,8.65,114729,1008022.3,22-FEB-2016,347,INE453B01029,
CONCOR,EQ,1125.0,1181.25,1115.0,1159.4,1159.0,1119.7,159937,185690890.3,22-FEB-2016,16701,INE111A01017,
CONSOFINVT,EQ,59.85,59.85,54.2,59.05,59.7,57.4,8699,491938.45,22-FEB-2016,188,INE025A01027,
CORDSCABLE,EQ,40.05,42.1,40.05,42.1,42.1,40.1,5788,242273.0,22-FEB-2016,78,INE792I01017,
COROMANDEL,EQ,168.95,170.0,165.05,165.6,165.3,167.1,182855,30781985.4,22-FEB-2016,709,INE169A01031,
CORPBANK,EQ,33.4,33.7,32.75,32.9,32.85,33.4,331101,10944080.95,22-FEB-2016,1899,INE112A01023,
COSMOFILMS,EQ,234.4,239.25,232.0,234.3,234.5,233.7,72023,16985576.15,22-FEB-2016,2299,INE757A01017,
COUNCODOS,EQ,4.4,4.4,4.15,4.4,4.4,4.25,2660,11312.0,22-FEB-2016,10,INE695B01025,
COX&KINGS,EQ,159.0,168.0,158.0,164.25,167.0,158.5,488610,78877415.15,22-FEB-2016,6412,INE008I01026,
CPSEETF,EQ,18.85,18.99,18.8,18.89,18.94,18.8,1911735,36119537.36,22-FEB-2016,20459,INF457M01133,
CREATIVEYE,EQ,3.35,3.35,3.35,3.35,3.35,3.45,1046,3504.1,22-FEB-2016,3,INE230B01021,
CREST,EQ,40.0,40.0,39.25,39.3,39.3,42.95,62,2451.2,22-FEB-2016,6,INE559D01011,
CRISIL,EQ,1816.0,1824.9,1800.0,1810.35,1800.0,1816.05,8276,15038551.15,22-FEB-2016,578,INE007A01025,
CRMFGETF,EQ,2710.0,2710.0,2710.0,2710.0,2710.0,2690.0,1,2710.0,22-FEB-2016,1,INF760K01BR1,
CROMPGREAV,EQ,130.9,139.05,130.3,138.25,137.55,129.65,13176645,1781162082.6,22-FEB-2016,71921,INE067A01029,
CTE,EQ,110.45,110.45,110.45,110.45,110.45,112.7,1367,150985.15,22-FEB-2016,4,INE627H01017,
CUB,EQ,83.55,84.5,83.2,84.35,84.4,83.5,258408,21744052.2,22-FEB-2016,1424,INE491A01021,
CUBEXTUB,BE,8.75,8.75,8.75,8.75,8.75,9.2,5000,43750.0,22-FEB-2016,1,INE144D01012,
CUMMINSIND,EQ,875.0,888.4,870.05,879.5,879.0,868.25,53568,47063040.3,22-FEB-2016,7906,INE298A01020,
CYBERMEDIA,EQ,6.1,6.4,5.8,6.2,6.4,6.1,366,2253.85,22-FEB-2016,7,INE278G01037,
CYBERTECH,EQ,36.1,37.9,35.3,35.5,35.55,36.7,7708,276890.4,22-FEB-2016,94,INE214A01019,
CYIENT,EQ,421.45,424.0,405.0,408.8,406.5,421.85,9406,3875880.2,22-FEB-2016,788,INE136B01020,
DAAWAT,EQ,205.05,208.0,197.0,199.1,197.65,206.4,2242,454459.15,22-FEB-2016,263,INE818H01012,
DABUR,EQ,244.4,249.7,243.05,248.6,249.5,244.4,704507,173780848.35,22-FEB-2016,16373,INE016A01026,
DALMIABHA,EQ,678.0,678.0,645.1,659.6,658.0,670.25,27006,17816303.75,22-FEB-2016,1472,INE439L01019,
DALMIASUG,EQ,64.5,65.1,62.25,63.6,63.25,64.05,15001,958364.1,22-FEB-2016,194,INE495A01022,
DATAMATICS,EQ,46.7,47.15,45.55,46.55,46.6,45.75,18825,876980.95,22-FEB-2016,95,INE365B01017,
DBCORP,EQ,305.15,309.8,301.55,308.85,309.0,307.45,401,123227.3,22-FEB-2016,36,INE950I01011,
DBREALTY,EQ,39.5,41.4,39.2,40.85,40.95,39.65,188259,7666773.5,22-FEB-2016,2152,INE879I01012,
DBSTOCKBRO,EQ,21.15,21.15,21.1,21.15,21.15,21.35,6048,127801.8,22-FEB-2016,80,INE921B01025,
DCBBANK,EQ,74.8,74.8,73.0,73.8,73.75,73.35,235711,17398191.55,22-FEB-2016,2022,INE503A01015,
DCM,EQ,68.55,70.0,68.1,69.7,69.2,68.75,11820,817317.55,22-FEB-2016,145,INE498A01018,
DCMSHRIRAM,EQ,118.0,124.7,117.05,120.0,119.5,116.85,66046,7955758.2,22-FEB-2016,1292,INE499A01024,
DCW,EQ,20.6,21.45,20.55,20.85,20.95,20.2,599733,12579220.9,22-FEB-2016,3283,INE500A01029,
DECCANCE,EQ,525.0,544.0,520.3,528.65,530.0,530.6,2006,1073751.25,22-FEB-2016,136,INE583C01013,
DEEPAKFERT,EQ,139.35,148.45,139.35,145.55,145.0,138.7,108772,15816218.75,22-FEB-2016,4250,INE501A01019,
DEEPAKNTR,EQ,64.9,64.9,61.65,63.5,64.0,63.55,45198,2861017.45,22-FEB-2016,492,INE288B01029,
DEEPIND,EQ,140.0,141.5,136.15,137.5,137.35,139.1,80436,11192507.65,22-FEB-2016,1754,INE677H01012,
DELTACORP,EQ,56.6,57.65,56.1,56.35,56.5,56.55,351908,20012964.75,22-FEB-2016,2559,INE124G01033,
DEN,EQ,76.5,76.5,70.85,73.15,72.0,73.05,42771,3134470.75,22-FEB-2016,1140,INE947J01015,
DENABANK,EQ,28.5,28.7,27.8,27.95,27.95,28.35,367611,10335918.3,22-FEB-2016,1980,INE077A01010,
DENORA,EQ,265.8,283.65,265.8,278.75,278.5,273.6,3364,928977.85,22-FEB-2016,149,INE244A01016,
DHAMPURSUG,EQ,55.7,55.75,53.8,54.45,54.7,55.2,124614,6840764.05,22-FEB-2016,683,INE041A01016,
DHANBANK,EQ,18.5,18.5,18.1,18.3,18.4,18.25,114846,2091471.1,22-FEB-2016,456,INE680A01011,
DHANUKA,EQ,537.95,547.0,520.0,526.9,529.95,530.75,3207,1687278.3,22-FEB-2016,140,INE435G01025,
DHARSUGAR,EQ,15.95,15.95,14.9,14.95,15.55,15.5,5409,83477.4,22-FEB-2016,24,INE988C01014,
DHFL,EQ,152.9,153.3,149.6,150.3,150.0,151.7,847409,128260154.85,22-FEB-2016,11903,INE202B01012,
DHUNINV,EQ,123.85,133.0,123.8,128.2,133.0,126.4,121,15246.3,22-FEB-2016,16,INE320L01011,
DIAPOWER,EQ,26.45,26.9,25.6,26.3,26.15,25.65,39377,1038398.7,22-FEB-2016,293,INE989C01012,
DICIND,EQ,558.95,558.95,530.65,541.75,533.2,540.85,4502,2439609.95,22-FEB-2016,263,INE303A01010,
DIGJAM,EQ,10.05,10.55,9.9,10.2,10.2,10.05,179865,1840633.75,22-FEB-2016,624,INE471A01023,
DISHMAN,EQ,309.8,310.6,296.4,300.3,299.1,307.25,503964,152075116.35,22-FEB-2016,15474,INE353G01020,
DISHTV,EQ,72.25,73.05,71.3,72.45,72.65,72.5,2785050,201368602.95,22-FEB-2016,24626,INE836F01026,
DIVISLAB,EQ,1015.0,1025.0,986.6,991.4,990.0,995.65,359241,360758176.6,22-FEB-2016,20317,INE361B01024,
DLF,EQ,88.85,89.6,87.55,89.0,89.15,88.05,6052510,536546754.3,22-FEB-2016,30354,INE271C01023,
DLINKINDIA,EQ,141.6,141.6,133.6,135.1,134.0,140.45,76005,10361347.7,22-FEB-2016,1681,INE250K01012,
DOLPHINOFF,EQ,79.6,81.0,76.6,78.3,78.45,79.0,92343,7332978.3,22-FEB-2016,1567,INE920A01011,
DONEAR,EQ,27.8,27.8,25.8,26.15,25.85,25.8,65514,1757036.35,22-FEB-2016,454,INE668D01028,
DPL,EQ,74.0,75.3,71.55,73.95,73.3,73.5,10303,766488.3,22-FEB-2016,185,INE477B01010,
DPSCLTD,EQ,16.0,16.7,16.0,16.5,16.25,16.25,16292,267818.7,22-FEB-2016,42,INE360C01024,
DQE,EQ,21.5,22.1,20.8,21.05,20.85,21.1,52309,1128806.15,22-FEB-2016,291,INE656K01010,
DREDGECORP,EQ,314.0,314.0,307.8,308.8,308.9,309.5,5941,1841101.4,22-FEB-2016,454,INE506A01018,
DRREDDY,EQ,3070.0,3117.8,3067.4,3108.0,3110.3,3058.8,287606,891862960.1,22-FEB-2016,33884,INE089A01023,
DSKULKARNI,EQ,75.0,76.9,74.55,76.85,75.5,75.85,25748,1976261.15,22-FEB-2016,147,INE891A01014,
DSSL,EQ,13.8,14.2,13.8,14.0,14.0,14.4,912,12908.0,22-FEB-2016,7,INE417B01040,
DTIL,EQ,231.9,232.0,227.35,229.2,229.0,229.7,669,154262.0,22-FEB-2016,49,INE341R01014,
DUNCANSLTD,BE,11.2,12.25,11.2,12.25,12.25,11.75,3069,34477.7,22-FEB-2016,15,INE508A01022,
DWARKESH,EQ,105.1,107.4,103.5,105.55,105.0,107.1,32366,3419116.05,22-FEB-2016,373,INE366A01033,
DYNAMATECH,EQ,1695.05,1695.05,1636.45,1674.4,1678.0,1653.3,1837,3051947.15,22-FEB-2016,176,INE221B01012,
DYNATECH,EQ,15.0,15.65,14.05,14.85,15.15,15.05,31989,476486.4,22-FEB-2016,173,INE741L01018,
EASTSILK,EQ,2.45,2.45,2.1,2.2,2.3,2.3,12000,26436.3,22-FEB-2016,19,INE962C01027,
EASUNREYRL,EQ,32.6,33.8,32.55,33.65,33.7,32.55,13931,461332.35,22-FEB-2016,97,INE268C01029,
EBANK,EQ,1420.0,1420.0,1420.0,1420.0,1420.0,1440.0,11,15620.0,22-FEB-2016,1,INF754K01EL1,
ECEIND,EQ,135.0,140.2,133.9,140.2,140.2,142.05,12,1653.9,22-FEB-2016,12,INE588B01014,
ECLERX,EQ,1329.25,1361.0,1329.0,1347.95,1349.25,1329.0,6029,8117508.15,22-FEB-2016,2392,INE738I01010,
EDELWEISS,EQ,48.9,49.2,48.65,48.95,48.95,48.25,137869,6757956.35,22-FEB-2016,1838,INE532F01054,
EDL,EQ,55.95,55.95,53.75,54.6,54.1,54.4,28045,1537739.3,22-FEB-2016,658,INE180G01019,
EDUCOMP,EQ,13.45,13.45,12.65,12.9,12.7,12.85,820599,10699436.75,22-FEB-2016,1967,INE216H01027,
EICHERMOT,EQ,18798.0,19000.0,18675.05,18918.65,18880.0,18626.45,25491,481379368.6,22-FEB-2016,8068,INE066A01013,
EIDPARRY,EQ,159.35,164.8,158.4,163.05,162.6,159.85,89896,14601336.15,22-FEB-2016,2031,INE126A01031,
EIHAHOTELS,EQ,261.3,281.95,261.25,278.95,281.95,264.25,2782,772835.15,22-FEB-2016,110,INE276C01014,
EIHOTEL,EQ,100.1,104.95,100.1,103.75,104.95,102.2,31001,3181121.35,22-FEB-2016,341,INE230A01023,
EIMCOELECO,BE,329.0,329.0,326.0,329.0,329.0,329.0,265,86891.0,22-FEB-2016,14,INE158B01016,
EKC,EQ,17.85,17.85,16.25,16.8,16.55,16.45,374098,6267436.9,22-FEB-2016,1543,INE184H01027,
ELAND,EQ,26.5,28.4,26.5,27.5,27.3,27.4,25268,691573.0,22-FEB-2016,187,INE311H01018,
ELECON,EQ,50.3,51.8,50.1,51.6,51.65,50.8,104730,5372844.25,22-FEB-2016,944,INE205B01023,
ELECTCAST,EQ,17.7,18.25,17.6,17.9,17.8,17.7,128785,2311859.15,22-FEB-2016,441,INE086A01029,
ELECTHERM,EQ,45.25,46.0,45.2,45.7,45.5,47.5,690,31389.25,22-FEB-2016,13,INE822G01016,
ELGIEQUIP,EQ,121.0,123.35,120.15,121.95,122.95,120.15,14590,1773838.3,22-FEB-2016,225,INE285A01027,
ELGIRUBCO,EQ,26.0,27.15,25.15,25.5,25.45,26.5,6464,165596.1,22-FEB-2016,52,INE819L01012,
EMAMIINFRA,EQ,33.25,33.95,33.25,33.95,33.95,33.6,571,19353.25,22-FEB-2016,7,INE778K01012,
EMAMILTD,EQ,991.0,1005.0,982.0,988.6,988.4,991.15,153008,151606983.9,22-FEB-2016,3751,INE548C01032,
EMCO,EQ,24.45,25.25,24.4,24.65,24.5,24.2,47609,1180718.8,22-FEB-2016,270,INE078A01026,
EMKAY,EQ,49.5,53.8,47.6,52.5,53.8,50.65,17917,915007.25,22-FEB-2016,128,INE296H01011,
EMMBI,EQ,52.8,53.7,51.15,52.35,52.1,51.9,26618,1397749.9,22-FEB-2016,390,INE753K01015,
ENERGYDEV,EQ,42.65,43.95,41.2,43.45,43.4,42.65,55665,2375632.9,22-FEB-2016,298,INE306C01019,
ENGINERSIN,EQ,154.7,154.7,149.0,149.95,149.55,152.3,375725,56811232.55,22-FEB-2016,5628,INE510A01028,
ENIL,EQ,640.0,654.0,640.0,648.4,648.0,648.6,198,127906.55,22-FEB-2016,73,INE265F01028,
EON,EQ,53.0,53.0,50.35,50.7,51.45,52.95,19525,993961.1,22-FEB-2016,238,INE076H01025,
EROSMEDIA,EQ,149.0,162.55,149.0,154.6,154.75,149.65,1218768,190223005.8,22-FEB-2016,31149,INE416L01017,
ESABINDIA,EQ,450.4,467.4,450.4,464.25,460.1,453.35,326,151140.6,22-FEB-2016,13,INE284A01012,
ESCORTS,EQ,120.3,122.45,119.5,121.6,122.0,119.7,157987,19107273.0,22-FEB-2016,2103,INE042A01014,
ESL,EQ,3.45,3.9,3.45,3.75,3.7,3.4,1940150,7315439.6,22-FEB-2016,808,INE481K01013,
ESSARSHPNG,EQ,25.35,25.35,23.05,23.95,24.0,24.2,349996,8297479.05,22-FEB-2016,196,INE122M01019,
ESSDEE,EQ,145.8,146.5,137.6,138.35,139.0,144.45,157462,22175314.85,22-FEB-2016,4523,INE825H01017,
ESSELPACK,EQ,143.0,144.9,140.95,143.0,142.4,141.55,31818,4558383.45,22-FEB-2016,584,INE255A01020,
ESTER,EQ,44.95,45.55,43.75,44.1,44.25,44.55,51718,2292277.3,22-FEB-2016,430,INE778B01029,
EUROCERA,EQ,2.7,2.85,2.7,2.85,2.85,2.8,9767,27827.95,22-FEB-2016,14,INE649H01011,
EUROMULTI,BE,3.35,3.35,3.25,3.25,3.25,3.25,80,265.0,22-FEB-2016,2,INE063J01011,
EUROTEXIND,EQ,27.75,27.75,21.55,25.15,26.0,23.6,309,7816.2,22-FEB-2016,27,INE022C01012,
EVEREADY,EQ,217.45,224.9,216.0,221.7,222.0,217.25,90559,20088918.65,22-FEB-2016,2714,INE128A01029,
EVERESTIND,EQ,210.0,216.85,208.5,214.15,214.7,207.1,7261,1554050.6,22-FEB-2016,290,INE295A01018,
EVERONN,EQ,23.1,24.9,22.4,23.95,23.5,23.15,189304,4437151.2,22-FEB-2016,1656,INE678H01010,
EXCEL,EQ,27.6,29.4,27.55,28.45,27.75,28.7,3579,103163.9,22-FEB-2016,33,INE688J01015,
EXCELCROP,EQ,951.05,969.0,933.0,936.1,936.0,966.0,826,778695.25,22-FEB-2016,106,INE223G01017,
EXCELINDUS,EQ,151.8,154.05,148.25,149.6,149.1,149.35,6220,935164.6,22-FEB-2016,429,INE369A01029,
EXIDEIND,EQ,126.7,129.4,126.7,129.0,129.0,126.95,926925,119409818.95,22-FEB-2016,8469,INE302A01020,
FACT,EQ,21.0,24.45,20.85,24.05,24.35,20.45,357921,8320770.25,22-FEB-2016,1921,INE188A01015,
FAGBEARING,EQ,3941.2,4000.0,3921.0,3997.55,3999.0,3899.75,692,2743188.5,22-FEB-2016,126,INE513A01014,
FARMAXIND,BE,0.2,0.2,0.15,0.2,0.2,0.2,769974,153918.65,22-FEB-2016,21,INE890I01035,
FCEL,EQ,20.75,21.25,20.7,20.8,20.8,20.75,912897,19160783.75,22-FEB-2016,1711,INE220J01025,
FCL,EQ,23.0,24.5,23.0,24.25,24.5,23.1,35777,859450.7,22-FEB-2016,203,INE045J01026,
FCSSOFT,EQ,0.4,0.4,0.35,0.4,0.4,0.4,152754,59726.75,22-FEB-2016,53,INE512B01022,
FDC,EQ,181.5,185.0,179.2,180.05,181.05,181.95,14488,2631289.75,22-FEB-2016,461,INE258B01022,
FEDDERLOYD,EQ,65.35,69.9,64.9,68.65,68.5,64.05,458842,31142686.05,22-FEB-2016,5177,INE249C01011,
FEDERALBNK,EQ,48.4,49.7,48.25,49.35,49.5,48.3,1898264,93365848.6,22-FEB-2016,7924,INE171A01029,
FIEMIND,EQ,711.0,732.0,711.0,716.3,713.55,709.05,12597,9058650.95,22-FEB-2016,568,INE737H01014,
FILATEX,EQ,33.5,35.35,33.5,34.05,34.05,34.3,5200,178945.0,22-FEB-2016,4,INE816B01019,
FINANTECH,EQ,83.05,85.45,82.0,82.7,82.65,83.0,299787,24902469.75,22-FEB-2016,5037,INE111B01023,
FINCABLES,EQ,236.5,239.0,235.2,236.55,235.25,237.35,13559,3214876.8,22-FEB-2016,541,INE235A01022,
FINPIPE,EQ,308.95,310.45,300.4,306.75,306.0,303.55,17171,5269029.85,22-FEB-2016,523,INE183A01016,
FLEXITUFF,EQ,196.5,209.7,192.95,200.6,199.9,196.25,27130,5314012.95,22-FEB-2016,286,INE060J01017,
FLFL,EQ,74.4,75.0,72.85,73.25,73.95,73.8,5722,420653.45,22-FEB-2016,100,INE452O01016,
FMGOETZE,EQ,306.0,314.95,302.0,302.6,302.1,306.15,237,72492.7,22-FEB-2016,35,INE529A01010,
FMNL,EQ,24.55,26.3,24.55,25.85,25.2,25.6,14173,363932.9,22-FEB-2016,83,INE360L01017,
FORTIS,EQ,173.2,173.8,167.0,169.9,170.85,175.7,897618,152712783.05,22-FEB-2016,12982,INE061F01013,
FOSECOIND,EQ,1139.0,1139.0,1100.0,1129.6,1125.0,1111.0,169,189227.6,22-FEB-2016,43,INE519A01011,
FRL,EQ,128.0,128.9,124.35,125.7,125.85,126.0,141582,17867877.5,22-FEB-2016,3219,INE623B01027,
FRLDVR,EQ,100.95,100.95,97.2,100.45,100.2,96.15,495,49550.35,22-FEB-2016,13,IN9623B01058,
FSL,EQ,30.75,31.1,30.15,30.4,30.2,30.6,780541,23973965.4,22-FEB-2016,3014,INE684F01012,
GABRIEL,EQ,79.6,80.7,78.5,79.1,79.15,79.55,69749,5545461.85,22-FEB-2016,995,INE524A01029,
GAEL,EQ,38.95,39.4,38.2,38.5,38.25,38.75,13103,507939.15,22-FEB-2016,165,INE036B01022,
GAIL,EQ,325.0,329.95,318.15,321.4,320.4,325.85,679302,219289656.2,22-FEB-2016,24453,INE129A01019,
GAL,EQ,35.4,39.35,35.05,36.9,36.5,35.05,99290,3689202.1,22-FEB-2016,426,INE482J01013,
GALLANTT,EQ,25.7,26.7,25.1,26.5,26.65,26.05,4716,123545.55,22-FEB-2016,54,INE297H01019,
GALLISPAT,EQ,408.0,408.5,407.35,408.15,408.5,407.5,27912,11388744.5,22-FEB-2016,452,INE528K01011,
GAMMNINFRA,EQ,4.8,5.1,4.75,5.0,5.0,4.7,866172,4301897.25,22-FEB-2016,1006,INE181G01025,
GAMMONIND,EQ,13.8,14.3,13.8,13.95,14.0,13.95,146364,2063964.65,22-FEB-2016,431,INE259B01020,
GANDHITUBE,EQ,209.15,214.45,204.1,206.6,214.45,209.2,343,71047.25,22-FEB-2016,18,INE524B01027,
GANECOS,EQ,126.05,126.85,121.0,124.4,123.5,125.8,4279,532434.45,22-FEB-2016,114,INE845D01014,
GANESHHOUC,EQ,105.0,106.9,104.0,105.5,105.95,104.5,2558,269657.8,22-FEB-2016,54,INE460C01014,
GANGOTRI,BE,1.9,1.9,1.9,1.9,1.9,1.95,500,950.0,22-FEB-2016,3,INE670B01028,
GARDENSILK,EQ,22.35,22.9,21.6,22.6,22.45,22.35,7136,162252.6,22-FEB-2016,115,INE526A01016,
GARWALLROP,EQ,328.9,328.9,307.1,308.7,307.1,310.35,29719,9385905.2,22-FEB-2016,1211,INE276A01018,
GATI,EQ,108.75,111.0,107.3,108.35,108.5,107.8,756606,82467541.25,22-FEB-2016,7446,INE152B01027,
GAYAPROJ,EQ,582.7,614.5,566.1,609.65,608.0,575.8,73117,43787748.15,22-FEB-2016,2839,INE336H01015,
GDL,EQ,211.0,217.5,207.25,208.8,208.8,210.7,60507,12792588.7,22-FEB-2016,1878,INE852F01015,
GEECEE,EQ,89.25,94.5,89.25,92.7,92.5,90.85,5240,481033.1,22-FEB-2016,89,INE916G01016,
GEINDSYS,BE,9.05,9.05,8.75,8.75,8.75,8.95,501,4533.75,22-FEB-2016,6,INE599B01011,
GEMINI,EQ,2.65,2.65,2.55,2.55,2.55,2.65,24206,62259.25,22-FEB-2016,50,INE878C01033,
GENESYS,EQ,50.6,51.65,45.2,50.3,51.0,47.75,5201,257983.45,22-FEB-2016,31,INE727B01026,
GENUSPAPER,EQ,4.35,4.45,4.2,4.25,4.3,4.35,136372,586519.15,22-FEB-2016,65,INE949P01018,
GENUSPOWER,EQ,52.65,53.95,51.25,52.35,52.45,52.25,1516378,79544490.75,22-FEB-2016,2462,INE955D01029,
GEOJITBNPP,EQ,31.55,31.6,30.55,30.75,30.7,30.6,19450,599647.4,22-FEB-2016,224,INE007B01023,
GEOMETRIC,EQ,153.0,156.9,153.0,153.95,153.5,153.25,171244,26465033.15,22-FEB-2016,3294,INE797A01021,
GESHIP,EQ,294.7,298.0,294.0,295.75,295.2,294.85,15167,4491631.0,22-FEB-2016,700,INE017A01032,
GHCL,EQ,110.0,112.75,108.55,109.5,108.75,109.15,58590,6470215.5,22-FEB-2016,735,INE539A01019,
GICHSGFIN,EQ,193.0,196.0,187.55,190.15,188.1,190.2,56893,10920638.2,22-FEB-2016,1365,INE289B01019,
GILLANDERS,EQ,55.8,55.8,52.25,54.8,54.95,53.0,481,26027.85,22-FEB-2016,8,INE047B01011,
GILLETTE,EQ,4356.05,4518.85,4356.05,4480.45,4494.9,4436.45,3468,15457513.7,22-FEB-2016,1374,INE322A01010,
GINNIFILA,EQ,14.95,15.6,14.9,15.25,15.05,14.8,72135,1101610.65,22-FEB-2016,198,INE424C01010,
GIPCL,EQ,78.0,78.0,75.4,76.05,75.4,76.95,16913,1292369.4,22-FEB-2016,186,INE162A01010,
GITANJALI,EQ,33.7,34.4,32.8,33.2,33.25,33.4,145388,4887574.85,22-FEB-2016,1319,INE346H01014,
GKWLIMITED,EQ,590.0,625.0,545.15,604.95,604.0,580.5,1407,849029.75,22-FEB-2016,188,INE528A01020,
GLAXO,EQ,3222.95,3235.0,3178.05,3228.3,3229.8,3223.05,3155,10151799.4,22-FEB-2016,1553,INE159A01016,
GLENMARK,EQ,753.9,753.9,733.55,747.5,750.5,748.15,256617,190871664.2,22-FEB-2016,8113,INE935A01035,
GLOBALVECT,EQ,78.4,81.5,77.0,78.35,77.0,79.35,7282,573685.5,22-FEB-2016,88,INE792H01019,
GLOBOFFS,EQ,304.0,304.7,292.65,299.6,298.1,299.5,22162,6646457.6,22-FEB-2016,990,INE446C01013,
GLOBUSSPR,EQ,58.3,58.3,56.05,56.35,56.4,56.95,36447,2068185.7,22-FEB-2016,380,INE615I01010,
GMBREW,EQ,779.95,822.7,765.0,792.35,791.0,775.0,58590,46904002.75,22-FEB-2016,4268,INE075D01018,
GMDCLTD,EQ,57.3,57.3,56.3,56.6,56.85,56.2,108147,6133146.45,22-FEB-2016,669,INE131A01031,
GMRINFRA,EQ,11.3,11.35,11.05,11.1,11.1,11.2,7009652,78306221.45,22-FEB-2016,8834,INE776C01039,
GNFC,EQ,72.8,74.15,71.8,72.3,72.05,71.15,48621,3545645.45,22-FEB-2016,890,INE113A01013,
GOACARBON,EQ,67.75,67.75,65.0,66.45,66.8,65.45,3809,252942.15,22-FEB-2016,154,INE426D01013,
GOCLCORP,EQ,127.0,130.0,127.0,129.0,129.0,128.55,982,126816.15,22-FEB-2016,32,INE077F01035,
GODFRYPHLP,EQ,1069.0,1145.0,1066.0,1124.5,1129.0,1059.95,360447,401473570.4,22-FEB-2016,15289,INE260B01028,
GODREJCP,EQ,1198.1,1219.4,1198.1,1212.9,1211.05,1199.85,119420,144616325.15,22-FEB-2016,12690,INE102D01028,
GODREJIND,EQ,310.1,316.35,308.55,314.15,315.0,308.8,404319,126147277.3,22-FEB-2016,12189,INE233A01035,
GODREJPROP,EQ,278.85,283.9,278.7,279.65,280.0,274.75,101577,28512344.15,22-FEB-2016,2366,INE484J01027,
GOKEX,EQ,62.45,63.8,60.75,61.5,61.45,63.9,262777,16274173.7,22-FEB-2016,2775,INE887G01027,
GOKUL,EQ,14.65,14.65,13.75,14.0,14.0,13.65,12796,179217.8,22-FEB-2016,19,INE020J01029,
GOLDBEES,EQ,2612.0,2615.0,2585.0,2588.2,2588.1,2612.5,21078,54771725.6,22-FEB-2016,1441,INF732E01102,
GOLDENTOBC,EQ,38.2,38.5,37.5,38.4,37.5,37.8,2765,105109.55,22-FEB-2016,14,INE973A01010,
GOLDIAM,EQ,48.6,49.75,47.9,49.3,49.3,48.2,8704,427112.4,22-FEB-2016,119,INE025B01017,
GOLDINFRA,EQ,17.6,17.6,16.7,17.0,17.0,17.2,8201,138587.45,22-FEB-2016,60,INE260D01016,
GOLDSHARE,EQ,2580.9,2588.4,2553.1,2562.65,2566.4,2580.8,2171,5592742.45,22-FEB-2016,270,INF789F01059,
GOODLUCK,EQ,82.1,84.0,80.05,81.45,82.7,81.8,32694,2681235.5,22-FEB-2016,689,INE127I01024,
GPIL,EQ,50.05,51.5,50.0,50.35,51.35,50.65,4968,251452.75,22-FEB-2016,69,INE177H01013,
GPPL,EQ,148.5,153.0,148.0,151.9,152.75,147.95,189479,28525554.35,22-FEB-2016,10694,INE517F01014,
GRANULES,EQ,108.6,110.75,108.6,109.55,109.8,108.35,457351,50141794.2,22-FEB-2016,3739,INE101D01020,
GRAPHITE,EQ,67.0,68.0,66.6,67.0,66.6,65.1,80877,5434189.65,22-FEB-2016,1958,INE371A01025,
GRASIM,EQ,3430.0,3493.8,3430.0,3482.9,3488.2,3427.6,33675,116878664.1,22-FEB-2016,4095,INE047A01013,
GRAVITA,EQ,21.9,22.6,21.45,22.0,22.25,22.05,6733,149837.5,22-FEB-2016,96,INE024L01027,
GREAVESCOT,EQ,123.3,125.9,123.3,125.05,125.0,124.65,28921,3614149.6,22-FEB-2016,533,INE224A01026,
GREENFIRE,EQ,1.6,1.8,1.6,1.7,1.7,1.6,18323,30254.3,22-FEB-2016,13,INE217G01027,
GREENLAM,EQ,478.85,509.85,478.85,502.7,505.0,463.75,722,355295.0,22-FEB-2016,44,INE544R01013,
GREENPLY,EQ,168.05,175.9,167.0,174.65,174.0,169.7,14796,2569553.15,22-FEB-2016,640,INE461C01038,
GREENPOWER,EQ,11.6,12.25,11.45,12.15,12.1,11.5,193882,2294510.3,22-FEB-2016,456,INE999K01014,
GRINDWELL,EQ,605.55,630.0,599.45,621.05,620.05,619.15,3324,2039419.05,22-FEB-2016,392,INE536A01023,
GRPLTD,EQ,907.0,907.0,900.0,900.0,900.0,893.0,3,2707.0,22-FEB-2016,2,INE137I01015,
GRUH,EQ,243.1,246.5,241.0,242.4,241.55,245.2,76799,18749043.85,22-FEB-2016,994,INE580B01029,
GSCLCEMENT,EQ,23.6,24.1,23.0,23.8,23.95,23.6,25118,594083.6,22-FEB-2016,138,INE542A01039,
GSFC,EQ,61.5,64.5,61.5,63.0,62.9,61.85,459227,29168045.55,22-FEB-2016,3588,INE026A01025,
GSKCONS,EQ,5565.0,5670.0,5565.0,5616.2,5620.0,5565.05,50892,285885442.2,22-FEB-2016,2929,INE264A01014,
GSPL,EQ,130.85,130.9,128.4,129.05,129.15,129.9,58067,7522592.95,22-FEB-2016,1853,INE246F01010,
GSS,EQ,24.15,26.35,24.15,26.35,26.35,25.25,199,5047.35,22-FEB-2016,5,INE871H01011,
GTL,EQ,11.8,11.9,11.6,11.7,11.6,11.55,47138,553125.15,22-FEB-2016,176,INE043A01012,
GTLINFRA,EQ,2.25,2.35,2.2,2.25,2.3,2.25,1413640,3195088.65,22-FEB-2016,349,INE221H01019,
GTNIND,EQ,10.45,11.6,10.45,10.8,10.5,11.0,1614,17289.6,22-FEB-2016,17,INE537A01013,
GTNTEX,EQ,9.55,9.95,9.5,9.9,9.5,10.0,1384,13329.4,22-FEB-2016,10,INE302H01017,
GTOFFSHORE,EQ,37.05,39.6,37.05,38.1,37.95,38.75,26629,1027878.8,22-FEB-2016,571,INE892H01017,
GUFICBIO,EQ,38.55,41.9,38.5,40.15,40.0,39.35,16706,677208.3,22-FEB-2016,315,INE742B01025,
GUJALKALI,EQ,153.1,166.3,153.1,153.6,154.0,152.6,11417,1784000.95,22-FEB-2016,537,INE186A01019,
GUJAPOLLO,EQ,128.0,128.0,118.2,118.65,118.3,122.0,2313,278907.9,22-FEB-2016,101,INE826C01016,
GUJFLUORO,EQ,459.8,465.0,444.55,447.6,446.5,452.1,54967,24503006.2,22-FEB-2016,428,INE538A01037,
GUJGASLTD,EQ,532.0,539.9,525.0,528.1,525.75,532.8,14015,7429333.45,22-FEB-2016,848,INE844O01022,
GUJNRECOKE,EQ,3.0,3.05,2.95,2.95,2.95,2.95,585945,1744072.65,22-FEB-2016,310,INE110D01013,
GUJNREDVR,EQ,2.0,2.35,1.8,2.2,2.25,2.05,27199,56013.2,22-FEB-2016,84,IN9110D01011,
GULFOILLUB,EQ,492.1,510.95,485.0,502.9,510.0,500.85,3687,1839229.7,22-FEB-2016,195,INE635Q01029,
GULFPETRO,EQ,52.05,54.0,50.3,50.85,50.95,52.5,10390,537221.95,22-FEB-2016,149,INE586G01017,
GULPOLY,EQ,313.8,313.8,302.05,303.9,302.05,309.7,2200,675864.35,22-FEB-2016,172,INE255D01016,
GVKPIL,EQ,6.9,7.1,6.9,6.95,6.95,6.9,1914610,13423248.15,22-FEB-2016,1327,INE251H01024,
HANUNG,EQ,8.2,8.65,8.1,8.3,8.4,8.3,10486,86786.3,22-FEB-2016,67,INE648H01013,
HARITASEAT,EQ,424.0,424.0,390.0,399.2,401.0,392.9,3437,1364022.7,22-FEB-2016,164,INE939D01015,
HARRMALAYA,EQ,44.5,46.0,44.25,44.95,45.15,44.9,5001,225578.05,22-FEB-2016,112,INE544A01019,
HATHWAY,EQ,35.3,35.3,34.55,34.9,35.0,34.6,27558,960795.25,22-FEB-2016,190,INE982F01036,
HATSUN,EQ,391.5,398.8,391.5,398.1,395.0,392.45,1342,528523.65,22-FEB-2016,42,INE473B01035,
HAVELLS,EQ,283.2,285.1,280.0,281.3,281.0,281.15,927653,261454340.25,22-FEB-2016,19279,INE176B01034,
HBLPOWER,EQ,33.05,33.8,32.85,33.1,33.15,32.85,172184,5733034.5,22-FEB-2016,627,INE292B01021,
HBSTOCK,EQ,7.8,7.9,7.25,7.25,7.25,7.8,3688,27528.65,22-FEB-2016,38,INE550B01014,
HCC,EQ,17.7,17.9,17.45,17.65,17.75,17.4,2805261,49449788.75,22-FEB-2016,5269,INE549A01026,
HCIL,EQ,16.3,16.75,16.2,16.55,16.7,16.2,1007794,16624609.7,22-FEB-2016,943,INE019C01026,
HCL-INSYS,EQ,36.95,37.75,36.35,37.5,37.5,36.05,1510797,56005416.45,22-FEB-2016,7003,INE236A01020,
HCLTECH,EQ,849.8,849.8,840.1,845.95,845.5,851.55,923775,780294798.2,22-FEB-2016,38305,INE860A01027,
HDFC,EQ,1051.0,1063.75,1047.85,1058.4,1058.8,1060.85,3374621,3574720263.65,22-FEB-2016,94904,INE001A01036,
HDFCBANK,EQ,983.0,996.0,983.0,988.75,986.5,989.3,1000599,990953930.45,22-FEB-2016,14654,INE040A01026,
HDFCMFGETF,EQ,2671.5,2694.75,2652.0,2658.45,2652.0,2679.6,4141,11068190.95,22-FEB-2016,373,INF179K01CN1,
HDFCNIFETF,EQ,720.02,724.8,720.02,722.9,722.9,721.0,18,13008.22,22-FEB-2016,4,INF179KB1KP3,
HDFCSENETF,EQ,2833.7,2833.7,2385.5,2385.5,2385.5,2366.0,2,5219.2,22-FEB-2016,2,INF179KB1KQ1,
HDIL,EQ,62.3,63.0,61.05,62.1,62.1,61.75,8089403,502755556.25,22-FEB-2016,34659,INE191I01012,
HEG,EQ,122.05,126.0,122.05,125.2,125.5,122.5,2711,338454.55,22-FEB-2016,137,INE545A01016,
HEIDELBERG,EQ,64.85,65.5,64.4,64.95,64.65,64.4,41749,2707644.1,22-FEB-2016,576,INE578A01017,
HERCULES,EQ,139.0,140.0,137.15,138.5,137.55,139.85,6652,929222.2,22-FEB-2016,161,INE688E01024,
HERITGFOOD,EQ,514.0,514.0,500.0,507.0,507.0,500.2,53455,26824541.95,22-FEB-2016,655,INE978A01019,
HEROMOTOCO,EQ,2699.0,2728.8,2674.4,2702.55,2701.25,2706.2,273758,740677558.95,22-FEB-2016,27953,INE158A01026,
HESTERBIO,EQ,415.0,418.2,404.05,406.5,406.5,416.0,16436,6845718.1,22-FEB-2016,169,INE782E01017,
HEXATRADEX,EQ,14.4,14.85,14.0,14.45,14.85,14.65,723,10376.6,22-FEB-2016,21,INE750M01017,
HEXAWARE,EQ,233.0,240.5,230.75,238.4,240.5,230.05,852560,200548397.3,22-FEB-2016,9277,INE093A01033,
HFCL,EQ,17.9,18.2,17.6,18.0,17.95,17.85,2050844,36815311.4,22-FEB-2016,3501,INE548A01028,
HGS,EQ,416.0,416.0,386.0,392.6,390.15,394.3,1134,444726.7,22-FEB-2016,199,INE170I01016,
HIKAL,EQ,129.95,131.95,127.75,129.3,128.5,129.15,11520,1494504.95,22-FEB-2016,392,INE475B01022,
HIL,EQ,443.0,457.9,443.0,451.2,449.5,453.8,1916,864162.75,22-FEB-2016,195,INE557A01011,
HILTON,EQ,16.0,16.0,15.4,16.0,16.0,15.65,1576,24615.4,22-FEB-2016,6,INE788H01017,
HIMATSEIDE,EQ,170.05,171.15,165.1,166.25,165.2,170.7,111797,18712409.3,22-FEB-2016,4784,INE049A01027,
HINDALCO,EQ,69.15,70.6,68.8,69.5,69.7,69.05,5132711,357229969.65,22-FEB-2016,16962,INE038A01020,
HINDCOMPOS,EQ,1101.0,1135.0,1057.5,1096.9,1100.0,1101.55,707,785479.35,22-FEB-2016,85,INE310C01011,
HINDCOPPER,EQ,44.75,45.4,44.0,44.65,44.6,44.7,47766,2135711.4,22-FEB-2016,546,INE531E01026,
HINDDORROL,EQ,11.0,11.4,10.6,10.7,10.7,10.6,101199,1102241.35,22-FEB-2016,267,INE551A01022,
HINDMOTORS,EQ,5.0,5.15,5.0,5.1,5.1,5.0,314524,1593546.85,22-FEB-2016,674,INE253A01025,
HINDNATGLS,EQ,65.0,65.0,63.0,65.0,65.0,65.0,1250,80450.0,22-FEB-2016,8,INE952A01022,
HINDOILEXP,EQ,29.2,29.7,28.6,28.9,28.85,28.9,213490,6195858.5,22-FEB-2016,1145,INE345A01011,
HINDPETRO,EQ,668.35,680.0,655.1,676.6,678.1,665.05,1205349,813028086.25,22-FEB-2016,41266,INE094A01015,
HINDUJAFO,EQ,29.6,31.0,28.4,30.9,30.85,31.55,3959,121475.3,22-FEB-2016,33,INE291F01016,
HINDUJAVEN,EQ,391.0,392.0,385.55,390.75,389.05,385.95,1901,742504.0,22-FEB-2016,77,INE353A01023,
HINDUNILVR,EQ,827.0,866.0,826.35,861.65,858.0,827.6,1883688,1607986156.95,22-FEB-2016,67140,INE030A01027,
HINDZINC,EQ,163.85,165.0,162.9,163.8,164.0,164.2,451514,73882572.0,22-FEB-2016,7591,INE267A01025,
HIRECT,EQ,72.0,74.4,65.65,68.45,68.45,70.8,19637,1370974.55,22-FEB-2016,426,INE835D01023,
HITACHIHOM,EQ,1060.0,1104.7,1051.25,1097.5,1099.0,1065.45,5472,5929020.3,22-FEB-2016,1410,INE782A01015,
HITECHGEAR,EQ,238.0,250.0,238.0,249.25,250.0,240.2,5133,1256076.6,22-FEB-2016,188,INE127B01011,
HITECHPLAS,EQ,154.0,161.85,152.1,156.95,157.0,152.8,47221,7464385.7,22-FEB-2016,980,INE120D01012,
HMT,EQ,40.75,41.15,39.95,40.3,40.2,40.25,93817,3812155.9,22-FEB-2016,751,INE262A01018,
HMVL,EQ,274.0,274.0,264.0,265.05,265.0,269.9,38223,10166367.05,22-FEB-2016,934,INE871K01015,
HNGSNGBEES,EQ,1925.0,1925.0,1913.16,1913.16,1913.16,1900.0,5,9603.16,22-FEB-2016,4,INF732E01227,
HOCL,EQ,13.4,13.4,12.9,13.05,13.05,13.25,19830,260857.95,22-FEB-2016,143,INE048A01011,
HONAUT,EQ,8190.0,8348.0,8101.0,8303.35,8347.0,8178.1,204,1684584.8,22-FEB-2016,146,INE671A01010,
HONDAPOWER,EQ,1141.0,1167.9,1141.0,1150.05,1146.1,1159.0,881,1014903.65,22-FEB-2016,103,INE634A01018,
HOTELEELA,EQ,17.75,17.75,17.15,17.45,17.4,17.35,61677,1076768.75,22-FEB-2016,293,INE102A01024,
HOTELRUGBY,BE,5.75,5.75,5.25,5.75,5.75,5.5,401,2205.75,22-FEB-2016,4,INE275F01019,
HOVS,EQ,79.1,84.15,79.1,82.55,81.6,79.75,5635,466095.3,22-FEB-2016,112,INE596H01014,
HSIL,EQ,229.65,240.0,228.95,236.45,237.65,228.0,136668,32160908.1,22-FEB-2016,3453,INE415A01038,
HTMEDIA,EQ,79.95,80.5,78.2,80.0,80.0,79.95,67240,5376009.0,22-FEB-2016,1034,INE501G01024,
HUBTOWN,EQ,107.0,107.05,104.0,106.1,106.0,108.2,4569,482578.25,22-FEB-2016,181,INE703H01016,
IBREALEST,EQ,49.2,50.45,48.6,49.9,49.75,48.8,3289200,162940966.15,22-FEB-2016,9826,INE069I01010,
IBULHSGFIN,EQ,597.45,597.45,578.55,583.25,582.6,597.5,1317533,769543593.05,22-FEB-2016,38022,INE148I01020,
IBVENTURES,EQ,19.55,19.55,18.8,19.0,19.1,18.75,146426,2793104.95,22-FEB-2016,485,INE274G01010,
IBWSL,EQ,12.25,13.05,12.25,13.05,13.05,12.45,72684,938003.2,22-FEB-2016,293,INE126M01010,
ICICIBANK,EQ,197.5,201.3,196.45,198.45,198.65,198.8,15970717,3173623290.1,22-FEB-2016,118346,INE090A01021,
ICIL,EQ,904.0,909.35,882.9,895.25,887.0,886.85,14471,12985945.95,22-FEB-2016,883,INE483B01018,
ICNX100,EQ,90.0,90.0,84.11,84.11,84.11,90.0,11,931.1,22-FEB-2016,2,INF109KA1962,
ICRA,EQ,3731.05,3770.0,3656.0,3700.2,3739.0,3769.55,1080,4014856.45,22-FEB-2016,271,INE725G01011,
ICSA,EQ,2.7,2.75,2.65,2.7,2.75,2.7,26283,70940.7,22-FEB-2016,18,INE306B01029,
IDBI,EQ,55.5,57.25,55.2,56.9,56.8,54.9,5469272,307571550.9,22-FEB-2016,18359,INE008A01015,
IDBIGOLD,EQ,2776.95,2776.95,2700.0,2700.0,2700.0,2700.0,138,372740.0,22-FEB-2016,15,INF397L01554,
IDEA,EQ,108.5,110.95,108.15,109.5,109.2,108.4,1909091,209603620.2,22-FEB-2016,23728,INE669E01016,
IDFC,EQ,41.4,41.45,40.3,40.65,40.7,41.0,1249342,50946807.25,22-FEB-2016,4520,INE043D01016,
IDFCBANK,EQ,51.0,51.7,49.2,49.55,49.5,50.8,2208257,111255368.0,22-FEB-2016,17279,INE092T01019,
IFBAGRO,EQ,383.0,394.9,373.6,390.1,390.1,382.65,11005,4286516.6,22-FEB-2016,284,INE076C01018,
IFBIND,EQ,304.1,315.0,304.1,312.55,311.05,307.1,1362,425329.35,22-FEB-2016,181,INE559A01017,
IFCI,EQ,20.6,21.0,20.5,20.75,20.85,20.6,6301498,130661990.0,22-FEB-2016,5617,INE039A01010,
IFGLREFRAC,EQ,88.0,88.0,80.0,80.85,80.1,79.25,63579,5278652.55,22-FEB-2016,472,INE023B01012,
IGARASHI,EQ,453.0,453.0,426.15,429.7,429.0,437.35,31276,13787885.2,22-FEB-2016,962,INE188B01013,
IGL,EQ,526.9,533.8,522.7,530.3,528.85,525.4,333392,176320665.3,22-FEB-2016,14485,INE203G01019,
IGOLD,EQ,2665.0,2695.95,2661.0,2680.1,2663.0,2655.65,256,686336.15,22-FEB-2016,69,INF109K01FV4,
IGPL,EQ,92.0,93.8,92.0,93.15,93.0,91.95,7627,708838.4,22-FEB-2016,113,INE204A01010,
IIFL,EQ,178.55,181.2,173.55,175.35,175.0,179.35,34366,6032502.5,22-FEB-2016,2859,INE530B01024,
IITL,EQ,64.0,64.0,64.0,64.0,64.0,62.5,1,64.0,22-FEB-2016,1,INE886A01014,
IL&FSENGG,EQ,42.0,43.85,41.3,42.8,43.5,41.6,33137,1399113.8,22-FEB-2016,363,INE369I01014,
IL&FSTRANS,EQ,68.75,69.5,67.6,67.95,67.9,67.6,103433,7121696.05,22-FEB-2016,1258,INE975G01012,
IMFA,EQ,109.05,114.8,106.65,108.4,108.4,109.05,89,9694.75,22-FEB-2016,21,INE919H01018,
IMPAL,EQ,690.6,690.6,680.0,680.1,680.0,682.8,114,78074.85,22-FEB-2016,17,INE547E01014,
IMPEXFERRO,EQ,1.55,1.6,1.5,1.6,1.6,1.55,20595,31491.0,22-FEB-2016,21,INE691G01015,
INDBANK,EQ,7.1,7.8,7.1,7.2,7.2,7.35,9019,64544.5,22-FEB-2016,47,INE841B01017,
INDHOTEL,EQ,100.5,102.5,99.6,100.0,99.7,101.45,115332,11608933.2,22-FEB-2016,1440,INE053A01029,
INDIACEM,EQ,72.9,73.5,71.1,72.85,72.9,72.25,1760720,127591324.95,22-FEB-2016,7992,INE383A01012,
INDIAGLYCO,EQ,71.0,71.85,69.5,69.75,69.55,70.1,10665,748944.7,22-FEB-2016,221,INE560A01015,
INDIANB,EQ,86.05,87.0,84.1,84.65,84.35,86.05,105670,9020015.35,22-FEB-2016,1314,INE562A01011,
INDIANCARD,EQ,182.0,204.0,180.0,200.2,202.5,180.95,6545,1268315.85,22-FEB-2016,373,INE061A01014,
INDIANHUME,EQ,303.0,310.95,297.0,303.4,303.0,299.35,3248,998608.5,22-FEB-2016,268,INE323C01030,
INDIGO,EQ,838.0,844.0,815.3,819.9,815.5,841.25,549452,453620116.6,22-FEB-2016,35917,INE646L01027,
INDLMETER,EQ,78.45,80.2,75.1,77.25,75.1,76.95,135,10432.25,22-FEB-2016,11,INE065B01013,
INDNIPPON,EQ,342.0,367.0,342.0,352.55,350.0,347.05,789,281955.85,22-FEB-2016,45,INE092B01017,
INDOCO,EQ,261.0,268.8,253.65,254.95,253.7,261.8,14052,3622315.4,22-FEB-2016,1312,INE873D01024,
INDORAMA,EQ,27.45,27.45,26.15,26.5,26.75,25.95,15028,398184.5,22-FEB-2016,80,INE156A01020,
INDOSOLAR,EQ,7.75,8.0,7.7,7.95,8.0,7.8,483023,3812781.4,22-FEB-2016,580,INE866K01015,
INDOTECH,EQ,158.55,162.8,157.0,158.6,158.6,161.9,4936,786804.85,22-FEB-2016,189,INE332H01014,
INDOTHAI,EQ,22.0,24.85,20.8,23.0,23.0,23.35,5882,133851.6,22-FEB-2016,42,INE337M01013,
INDOWIND,BE,3.95,3.95,3.8,3.95,3.95,3.8,5572,21944.4,22-FEB-2016,13,INE227G01018,
INDRAMEDCO,EQ,50.95,51.7,49.8,50.1,49.8,50.4,107681,5459906.65,22-FEB-2016,744,INE681B01017,
INDSWFTLAB,EQ,38.8,38.8,36.1,36.7,36.8,37.35,32123,1198593.7,22-FEB-2016,293,INE915B01019,
INDSWFTLTD,BE,5.8,5.8,5.7,5.7,5.7,5.8,1502,8561.6,22-FEB-2016,2,INE788B01028,
INDTERRAIN,EQ,114.5,114.5,109.1,110.1,110.05,112.45,22334,2468488.3,22-FEB-2016,266,INE611L01021,
INDUSINDBK,EQ,845.0,855.45,840.2,844.6,846.0,841.5,613082,519896912.5,22-FEB-2016,38588,INE095A01012,
INFINITE,EQ,197.05,203.4,195.5,201.05,200.35,196.95,9955,1993813.55,22-FEB-2016,351,INE486J01014,
INFOMEDIA,EQ,4.25,4.25,3.9,4.2,4.2,3.9,14785,60719.4,22-FEB-2016,28,INE669A01022,
INFRABEES,EQ,243.58,243.59,240.05,240.15,240.05,242.1,331,80247.68,22-FEB-2016,14,INF732E01268,
INFRATEL,EQ,376.0,377.1,368.0,375.35,375.0,371.7,1561365,585769667.15,22-FEB-2016,35545,INE121J01017,
INFY,EQ,1131.0,1133.95,1114.05,1126.65,1126.0,1127.25,1928505,2173092989.75,22-FEB-2016,71684,INE009A01021,
INGERRAND,EQ,620.75,624.55,602.25,619.35,615.0,612.3,2749,1694606.55,22-FEB-2016,249,INE177A01018,
INIFTY,EQ,74.87,74.87,74.76,74.8,74.8,74.2,549,41052.5,22-FEB-2016,8,INF109K012R6,
INOXLEISUR,EQ,201.0,209.9,198.0,205.5,204.4,200.1,53216,10918582.3,22-FEB-2016,2084,INE312H01016,
INOXWIND,EQ,237.95,243.8,232.05,236.95,236.1,232.5,244351,58322780.25,22-FEB-2016,4612,INE066P01011,
INSECTICID,EQ,324.0,336.0,316.0,334.0,336.0,319.3,12861,4233600.45,22-FEB-2016,480,INE070I01018,
INTELLECT,EQ,192.85,195.25,189.65,191.2,190.6,192.5,263286,50629972.1,22-FEB-2016,4540,INE306R01017,
INVENTURE,EQ,13.25,13.25,12.5,12.5,12.5,12.95,380,4931.05,22-FEB-2016,15,INE878H01016,
IOB,EQ,24.0,24.1,23.7,23.9,23.75,24.05,505836,12082717.3,22-FEB-2016,1452,INE565A01014,
IOC,EQ,376.0,380.0,372.0,378.4,377.95,373.25,827319,312565346.1,22-FEB-2016,31214,INE242A01010,
IOLCP,EQ,69.5,69.6,66.85,68.45,68.0,68.6,34074,2339180.2,22-FEB-2016,234,INE485C01011,
IPAPPM,EQ,257.0,259.0,251.3,254.4,258.95,252.5,77509,19677565.6,22-FEB-2016,373,INE435A01028,
IPCALAB,EQ,636.5,642.0,628.05,634.7,631.0,644.35,58416,37008541.0,22-FEB-2016,2577,INE571A01020,
IRB,EQ,219.0,221.55,218.15,219.8,220.2,216.75,1075381,236077631.75,22-FEB-2016,17284,INE821I01014,
ISFT,EQ,304.8,304.8,283.0,298.5,298.0,290.85,8038,2386832.4,22-FEB-2016,478,INE566K01011,
ISMTLTD,EQ,6.9,7.25,6.75,6.85,6.85,6.8,7545,52077.15,22-FEB-2016,42,INE732F01019,
ITC,EQ,302.65,302.65,293.4,299.85,299.0,304.55,9802856,2917733524.8,22-FEB-2016,99944,INE154A01025,
ITDCEM,EQ,93.65,96.0,91.7,93.1,93.4,92.0,54076,5053456.3,22-FEB-2016,706,INE686A01026,
ITI,EQ,26.3,26.3,25.2,25.35,25.3,26.0,119221,3057978.65,22-FEB-2016,696,INE248A01017,
IVC,EQ,16.7,16.7,15.95,16.05,16.1,16.05,43445,699971.2,22-FEB-2016,166,INE050B01023,
IVP,EQ,77.0,83.5,76.5,82.0,82.0,78.7,2591,211089.05,22-FEB-2016,31,INE043C01018,
IVRCLINFRA,EQ,7.1,7.85,6.95,7.25,7.2,6.9,2138548,15752372.2,22-FEB-2016,2183,INE875A01025,
IZMO,EQ,43.35,47.3,42.3,46.3,45.45,43.1,87767,3929468.6,22-FEB-2016,897,INE848A01014,
J&KBANK,EQ,67.0,67.5,66.15,66.6,66.3,66.15,141200,9437269.15,22-FEB-2016,5991,INE168A01041,
JAGRAN,EQ,152.95,152.95,147.6,150.05,150.85,150.95,42606,6379172.25,22-FEB-2016,1956,INE199G01027,
JAGSNPHARM,EQ,33.95,35.9,33.95,35.0,35.0,34.35,20628,726601.9,22-FEB-2016,292,INE048B01027,
JAIBALAJI,EQ,6.2,6.2,5.85,5.9,5.9,6.05,6832,41288.8,22-FEB-2016,19,INE091G01018,
JAICORPLTD,EQ,59.95,61.85,59.95,61.5,61.25,59.95,682318,41673266.15,22-FEB-2016,4528,INE070D01027,
JAIHINDPRO,EQ,9.05,10.2,9.05,10.2,10.2,9.55,252,2501.3,22-FEB-2016,6,INE343D01010,
JAMNAAUTO,EQ,130.05,135.0,129.75,133.65,132.5,129.4,274683,36348621.55,22-FEB-2016,3398,INE039C01024,
JAYAGROGN,EQ,112.0,112.0,107.05,111.4,111.9,110.1,286,31193.3,22-FEB-2016,52,INE785A01026,
JAYBARMARU,EQ,122.0,127.0,121.0,122.2,122.1,126.4,2210,273121.2,22-FEB-2016,97,INE571B01028,
JAYNECOIND,EQ,7.25,7.25,7.0,7.0,7.0,6.95,6300,44736.35,22-FEB-2016,64,INE854B01010,
JAYSREETEA,EQ,68.3,69.9,68.3,69.4,69.4,68.5,12031,831118.25,22-FEB-2016,176,INE364A01020,
JBCHEPHARM,EQ,249.15,252.75,248.05,251.4,251.05,249.15,24990,6269803.15,22-FEB-2016,1138,INE572A01028,
JBFIND,EQ,173.0,175.5,171.0,171.3,171.0,172.15,45688,7876418.8,22-FEB-2016,1034,INE187A01017,
JBMA,EQ,126.5,130.9,124.0,127.55,125.0,126.2,7572,972191.7,22-FEB-2016,270,INE927D01028,
JCTEL,EQ,0.3,0.35,0.3,0.35,0.35,0.3,28580,9876.3,22-FEB-2016,24,INE264B01020,
JENSONICOL,EQ,7.25,7.45,7.1,7.15,7.1,7.35,88581,646840.25,22-FEB-2016,51,INE819B01021,
JETAIRWAYS,EQ,558.7,558.95,543.85,551.3,551.7,557.45,2486783,1368432313.5,22-FEB-2016,47949,INE802G01018,
JHS,BE,19.0,20.55,19.0,20.4,20.55,19.6,3764,75547.0,22-FEB-2016,18,INE544H01014,
JINDALPHOT,EQ,137.0,142.0,135.1,135.5,135.6,138.4,2494,341779.45,22-FEB-2016,83,INE796G01012,
JINDALPOLY,EQ,427.5,432.4,415.05,424.2,422.5,422.95,48579,20614535.95,22-FEB-2016,2766,INE197D01010,
JINDALSAW,EQ,41.1,41.7,40.35,40.85,40.8,41.4,174121,7134029.4,22-FEB-2016,1877,INE324A01024,
JINDALSTEL,EQ,57.6,58.25,55.6,56.75,57.05,57.3,6208463,352980727.25,22-FEB-2016,17145,INE749A01030,
JINDCOT,EQ,8.75,9.35,8.75,9.2,9.15,9.15,22356,201149.7,22-FEB-2016,79,INE904J01016,
JINDRILL,EQ,118.05,120.8,112.0,117.7,116.3,116.75,7119,842291.55,22-FEB-2016,286,INE742C01031,
JINDWORLD,EQ,148.0,155.0,138.5,153.9,154.0,145.0,305,45494.0,22-FEB-2016,25,INE247D01013,
JISLDVREQS,EQ,37.0,37.8,36.55,37.6,37.6,36.75,42176,1578775.9,22-FEB-2016,340,IN9175A01010,
JISLJALEQS,EQ,54.0,55.4,53.7,54.95,54.8,53.5,3368947,184143508.8,22-FEB-2016,12662,INE175A01038,
JKCEMENT,EQ,455.05,457.0,448.95,454.55,450.0,453.8,2481,1125321.95,22-FEB-2016,354,INE823G01014,
JKIL,EQ,309.8,309.8,295.0,297.4,298.0,302.7,7244,2181614.8,22-FEB-2016,652,INE576I01022,
JKLAKSHMI,EQ,269.4,273.95,262.0,270.65,270.0,267.75,11198,2999254.25,22-FEB-2016,615,INE786A01032,
JKPAPER,EQ,43.75,43.95,42.05,42.8,42.65,42.65,66082,2844194.3,22-FEB-2016,415,INE789E01012,
JKTYRE,EQ,81.8,82.4,81.1,81.5,81.75,80.55,445286,36369888.4,22-FEB-2016,3905,INE573A01042,
JMA,EQ,173.4,179.7,173.4,179.55,179.7,173.4,800,140855.5,22-FEB-2016,9,INE412C01015,
JMCPROJECT,EQ,197.0,199.0,193.0,195.05,195.0,199.25,7262,1417476.1,22-FEB-2016,102,INE890A01016,
JMFINANCIL,EQ,36.1,37.2,35.15,35.6,35.9,36.35,109742,3964969.0,22-FEB-2016,1146,INE780C01023,
JMTAUTOLTD,EQ,69.0,69.0,64.4,65.05,65.0,69.0,12833,842081.25,22-FEB-2016,166,INE988E01028,
JOCIL,EQ,152.4,153.4,144.0,145.85,146.5,152.3,10334,1533204.7,22-FEB-2016,162,INE839G01010,
JPASSOCIAT,EQ,7.0,7.15,6.85,6.95,7.05,6.95,17779054,124027511.25,22-FEB-2016,8432,INE455F01025,
JPINFRATEC,EQ,9.05,9.8,9.05,9.6,9.7,9.25,515279,4923341.8,22-FEB-2016,713,INE099J01015,
JPOLYINVST,EQ,70.0,75.0,70.0,72.2,72.0,69.4,2780,203046.9,22-FEB-2016,46,INE147P01019,
JPPOWER,EQ,4.95,4.95,4.8,4.85,4.9,4.85,1427563,6969734.8,22-FEB-2016,1595,INE351F01018,
JSL,EQ,20.1,20.2,19.65,19.75,19.75,19.9,88295,1758888.75,22-FEB-2016,495,INE220G01021,
JSLHISAR,EQ,28.9,34.85,28.9,32.1,32.0,29.2,770936,25292634.4,22-FEB-2016,2331,INE455T01018,
JSWENERGY,EQ,66.0,66.6,64.7,65.85,65.4,66.05,1202673,79085627.1,22-FEB-2016,6444,INE121E01018,
JSWHL,EQ,980.0,1004.95,980.0,997.25,998.0,989.25,315,314039.65,22-FEB-2016,52,INE824G01012,
JSWSTEEL,EQ,1089.05,1106.0,1075.2,1102.7,1103.0,1083.5,732973,801483854.7,22-FEB-2016,22237,INE019A01020,
JUBILANT,EQ,312.05,313.6,298.7,302.3,300.85,311.7,363123,110825211.15,22-FEB-2016,10365,INE700A01033,
JUBLFOOD,EQ,1030.6,1030.6,1001.5,1007.7,1010.0,1023.8,215593,218833576.9,22-FEB-2016,13734,INE797F01012,
JUBLINDS,EQ,159.0,159.0,143.55,149.6,149.0,147.8,6275,946393.45,22-FEB-2016,217,INE645L01011,
JUNIORBEES,EQ,175.0,176.4,175.0,175.72,176.0,174.6,3094,544021.26,22-FEB-2016,123,INF732E01045,
JUSTDIAL,EQ,537.9,561.7,530.1,556.55,558.7,531.5,3443052,1895602959.05,22-FEB-2016,70104,INE599M01018,
JVLAGRO,EQ,17.5,17.8,16.9,17.45,17.35,17.15,46650,812666.7,22-FEB-2016,206,INE430G01026,
JYOTHYLAB,EQ,275.0,289.0,267.95,269.5,269.1,273.35,104155,28253249.5,22-FEB-2016,10550,INE668F01031,
JYOTISTRUC,EQ,13.85,13.85,13.25,13.35,13.3,13.35,133492,1783961.2,22-FEB-2016,529,INE197A01024,
KABRAEXTRU,EQ,77.2,78.0,77.0,77.5,77.5,77.6,386,29915.25,22-FEB-2016,8,INE900B01029,
KAJARIACER,EQ,870.0,889.6,870.0,885.0,884.9,867.6,34696,30686596.65,22-FEB-2016,2510,INE217B01028,
KAKATCEM,EQ,122.6,124.6,120.3,121.05,121.0,119.2,8028,983039.9,22-FEB-2016,159,INE437B01014,
KALINDEE,EQ,149.75,151.75,146.35,147.35,147.0,148.4,657622,98452836.4,22-FEB-2016,8039,INE178D01010,
KALPATPOWR,EQ,168.05,174.0,168.05,171.0,170.65,171.45,17825,3049689.75,22-FEB-2016,1029,INE220B01022,
KALYANIFRG,BE,245.0,245.0,240.0,243.6,244.9,236.0,68,16607.2,22-FEB-2016,9,INE314G01014,
KAMATHOTEL,EQ,34.4,34.7,32.85,33.1,33.1,33.05,2331,77501.2,22-FEB-2016,21,INE967C01018,
KANANIIND,EQ,15.0,15.2,13.85,13.85,13.85,14.55,36203,518740.7,22-FEB-2016,145,INE879E01037,
KANORICHEM,EQ,54.4,54.5,51.0,52.7,52.9,53.65,44480,2365405.2,22-FEB-2016,661,INE138C01024,
KANSAINER,EQ,268.0,270.0,264.9,267.65,269.0,267.5,42968,11490956.65,22-FEB-2016,1738,INE531A01024,
KARURVYSYA,EQ,419.5,420.0,414.0,415.45,417.0,414.5,130959,54445625.0,22-FEB-2016,2212,INE036D01010,
KAUSHALYA,EQ,4.4,4.4,4.25,4.3,4.25,4.15,901,3904.25,22-FEB-2016,7,INE234I01010,
KAVVERITEL,EQ,17.0,18.65,16.0,17.0,17.0,17.0,715,12056.3,22-FEB-2016,14,INE641C01019,
KAYA,EQ,820.0,840.0,810.0,816.4,815.0,820.35,6902,5677685.9,22-FEB-2016,544,INE587G01015,
KCP,EQ,61.05,62.75,61.05,61.65,61.7,61.65,33081,2046789.8,22-FEB-2016,263,INE805C01028,
KCPSUGIND,EQ,20.35,20.5,19.95,20.15,20.3,20.05,69084,1395785.35,22-FEB-2016,213,INE790B01024,
KEC,EQ,109.0,109.8,102.1,102.9,102.95,108.1,695372,72636861.45,22-FEB-2016,10122,INE389H01022,
KECL,EQ,23.0,23.75,22.9,23.1,23.0,23.05,65225,1517530.35,22-FEB-2016,947,INE134B01017,
KEI,EQ,94.0,94.0,91.0,92.5,93.4,93.95,160983,14940157.65,22-FEB-2016,1866,INE878B01027,
KEMROCK,EQ,14.6,15.55,13.7,14.85,14.95,14.9,8144,118846.15,22-FEB-2016,83,INE990B01012,
KERNEX,BE,40.95,41.95,40.75,40.95,40.9,40.4,23331,962538.4,22-FEB-2016,137,INE202H01019,
KESARENT,EQ,19.3,22.85,19.3,21.8,20.55,22.15,4199,86520.1,22-FEB-2016,39,INE133B01019,
KESORAMIND,EQ,85.0,86.95,84.95,86.95,86.95,82.85,109305,9453773.8,22-FEB-2016,444,INE087A01019,
KGL,EQ,1.75,1.8,1.7,1.7,1.75,1.75,1043346,1812699.85,22-FEB-2016,178,INE299C01024,
KHAITANELE,EQ,37.0,37.9,36.0,36.85,37.75,36.45,40,1486.5,22-FEB-2016,4,INE761A01019,
KICL,EQ,1430.0,1503.3,1430.0,1498.7,1496.4,1455.1,1267,1892801.75,22-FEB-2016,164,INE029L01018,
KIL,EQ,50.0,51.45,48.1,49.2,48.1,50.2,24893,1238203.5,22-FEB-2016,241,INE390H01012,
KILITCH,EQ,35.9,36.7,35.0,36.25,36.45,35.9,1678,60450.25,22-FEB-2016,39,INE729D01010,
KIRIINDUS,EQ,76.15,81.0,75.0,79.5,81.0,76.15,29186,2310202.9,22-FEB-2016,302,INE415I01015,
KIRLOSBROS,EQ,123.0,123.3,118.05,121.95,123.3,118.35,2717,330023.2,22-FEB-2016,136,INE732A01036,
KIRLOSENG,EQ,207.0,211.85,207.0,208.95,207.5,208.1,748,156847.2,22-FEB-2016,78,INE146L01010,
KIRLOSIND,EQ,551.0,587.0,551.0,575.6,573.5,562.1,267,153172.4,22-FEB-2016,41,INE250A01039,
KITEX,EQ,395.45,395.45,385.0,386.15,388.0,388.45,36096,14022178.85,22-FEB-2016,1758,INE602G01020,
KKCL,EQ,1768.05,1800.0,1755.1,1755.25,1755.1,1735.9,300,536796.35,22-FEB-2016,46,INE401H01017,
KMSUGAR,EQ,4.8,4.8,4.4,4.4,4.45,4.6,236000,1057821.55,22-FEB-2016,101,INE157H01023,
KNRCON,EQ,460.95,461.0,447.05,451.15,452.5,458.15,5777,2629077.7,22-FEB-2016,478,INE634I01011,
KOHINOOR,EQ,39.0,40.05,38.6,39.0,38.8,39.2,27224,1069825.65,22-FEB-2016,186,INE080B01012,
KOKUYOCMLN,EQ,70.0,70.5,69.0,69.2,69.05,69.65,30426,2113866.25,22-FEB-2016,199,INE760A01029,
KOLTEPATIL,EQ,102.0,108.7,102.0,104.45,104.1,102.15,64747,6851896.6,22-FEB-2016,1667,INE094I01018,
KOPRAN,EQ,45.8,46.35,44.8,45.6,45.45,44.9,207973,9478501.35,22-FEB-2016,1978,INE082A01010,
KOTAKBANK,EQ,634.0,642.2,632.15,640.2,639.5,631.2,444582,283738748.1,22-FEB-2016,8718,INE237A01028,
KOTAKBKETF,EQ,145.37,145.59,144.5,145.0,145.0,144.38,88,12787.24,22-FEB-2016,9,INF174K01F59,
KOTAKGOLD,EQ,254.3,256.0,253.1,253.35,253.45,255.4,16739,4257489.9,22-FEB-2016,322,INF373I01049,
KOTAKNIFTY,EQ,744.6,759.2,731.07,733.5,733.5,730.0,697,510867.31,22-FEB-2016,48,INF174K01518,
KOTAKNV20,EQ,34.0,34.0,33.0,33.0,33.0,32.5,40,1340.0,22-FEB-2016,2,INF174K01Z71,
KOTAKPSUBK,EQ,220.0,225.0,214.0,214.5,214.5,217.9,3573,771907.44,22-FEB-2016,74,INF373I01023,
KOTARISUG,EQ,9.0,9.0,8.65,8.85,8.9,8.65,3211,28388.35,22-FEB-2016,21,INE419A01022,
KOTHARIPET,EQ,18.0,18.4,17.0,17.95,17.9,18.0,17634,314293.75,22-FEB-2016,157,INE720A01015,
KOTHARIPRO,EQ,160.15,185.0,158.1,172.95,173.5,161.35,35118,6112317.9,22-FEB-2016,1998,INE823A01017,
KPIT,EQ,124.15,127.6,124.15,126.0,126.4,124.55,235112,29679558.45,22-FEB-2016,4049,INE836A01035,
KPRMILL,EQ,662.0,669.55,646.0,653.35,652.75,662.5,13918,9068328.0,22-FEB-2016,1380,INE930H01015,
KRBL,EQ,187.5,192.0,187.5,188.65,188.0,187.95,77486,14664132.7,22-FEB-2016,2614,INE001B01026,
KRIDHANINF,EQ,91.0,93.0,90.7,92.0,91.6,90.55,4134,379857.4,22-FEB-2016,73,INE524L01026,
KSBPUMPS,EQ,565.0,567.35,542.6,549.5,553.0,561.2,6414,3576352.5,22-FEB-2016,514,INE999A01015,
KSCL,EQ,356.45,375.0,356.1,372.3,372.5,354.7,847288,313242655.7,22-FEB-2016,16991,INE455I01029,
KSERASERA,EQ,0.2,0.25,0.2,0.2,0.25,0.25,255150,62648.8,22-FEB-2016,16,INE216D01026,
KSK,EQ,40.7,41.45,39.8,40.0,39.95,40.65,71155,2880587.3,22-FEB-2016,978,INE143H01015,
KSL,EQ,143.4,147.8,141.0,146.85,146.75,140.75,102809,14869855.8,22-FEB-2016,2058,INE907A01026,
KTIL,EQ,397.85,397.85,382.45,384.8,384.0,386.55,492,190030.6,22-FEB-2016,54,INE096L01017,
KTKBANK,EQ,94.8,95.4,92.5,92.9,92.85,94.45,927662,86784363.6,22-FEB-2016,12571,INE614B01018,
KWALITY,EQ,84.9,87.8,84.9,87.25,87.0,84.6,589274,51016835.9,22-FEB-2016,4571,INE775B01025,
L&TFH,EQ,51.5,52.55,51.25,51.85,51.9,51.35,1247044,64847410.8,22-FEB-2016,4692,INE498L01015,
LAKPRE,EQ,35.7,35.7,32.3,32.3,32.3,34.0,5870,191403.45,22-FEB-2016,46,INE651C01018,
LAKSHMIEFL,EQ,14.0,14.05,12.8,13.45,13.3,13.45,124255,1652782.5,22-FEB-2016,479,INE992B01026,
LAKSHVILAS,EQ,91.85,92.8,90.4,91.1,90.5,91.85,207158,18920553.4,22-FEB-2016,1042,INE694C01018,
LALPATHLAB,EQ,870.0,879.0,835.25,847.1,848.0,866.3,93270,80569435.5,22-FEB-2016,5322,INE600L01024,
LAMBODHARA,EQ,113.05,116.75,109.75,111.2,110.75,114.2,23857,2673952.15,22-FEB-2016,485,INE112F01022,
LAOPALA,EQ,595.0,595.0,582.05,584.4,584.1,585.4,8455,4976366.5,22-FEB-2016,677,INE059D01020,
LAXMIMACH,EQ,3140.6,3249.05,3140.6,3194.4,3200.0,3157.9,600,1922851.05,22-FEB-2016,189,INE269B01029,
LGBBROSLTD,EQ,416.0,437.95,415.85,417.45,420.05,416.15,1024,429665.15,22-FEB-2016,56,INE337A01034,
LGBFORGE,EQ,5.25,5.5,5.25,5.5,5.5,5.3,25372,138397.05,22-FEB-2016,85,INE201J01017,
LIBERTSHOE,EQ,142.0,152.0,140.5,146.6,147.1,141.8,105336,15545719.85,22-FEB-2016,2690,INE557B01019,
LICHSGFIN,EQ,421.95,425.6,416.6,424.0,424.5,419.55,2833261,1193646034.6,22-FEB-2016,67199,INE115A01026,
LICNETFGSC,EQ,14.46,14.53,14.46,14.53,14.53,14.45,150,2179.08,22-FEB-2016,6,INF767K01MV5,
LICNETFN50,EQ,73.5,73.5,73.5,73.5,73.5,71.0,678,49833.0,22-FEB-2016,1,INF767K01OS7,
LINCOLN,EQ,161.8,167.45,159.5,162.25,162.0,160.8,134467,22043966.75,22-FEB-2016,2128,INE405C01035,
LINCPEN,EQ,183.6,183.6,171.55,175.15,173.8,175.05,4933,858915.6,22-FEB-2016,93,INE802B01019,
LINDEINDIA,EQ,258.1,266.0,250.0,260.45,265.5,257.25,1050,269230.4,22-FEB-2016,89,INE473A01011,
LIQUIDBEES,EQ,999.99,1000.01,999.99,1000.0,1000.01,999.99,526953,526955856.05,22-FEB-2016,1185,INF732E01037,
LITL,EQ,5.3,5.4,5.25,5.3,5.35,5.25,1841019,9807177.9,22-FEB-2016,1172,INE785C01048,
LLOYDELENG,EQ,187.95,190.45,184.0,186.1,186.3,185.95,173450,32492452.15,22-FEB-2016,3457,INE245C01019,
LML,EQ,7.1,7.15,6.95,7.0,7.0,7.05,109928,774260.8,22-FEB-2016,248,INE862A01015,
LOKESHMACH,EQ,62.55,62.55,62.0,62.0,62.0,62.9,2133,132515.25,22-FEB-2016,41,INE397H01017,
LOTUSEYE,EQ,17.55,17.6,17.0,17.6,17.6,16.8,24804,434894.5,22-FEB-2016,86,INE947I01017,
LOVABLE,EQ,226.0,231.15,223.65,224.35,223.75,224.5,16244,3683128.8,22-FEB-2016,711,INE597L01014,
LPDC,EQ,3.6,3.85,3.4,3.45,3.5,3.55,9523,33735.35,22-FEB-2016,48,INE197J01017,
LT,EQ,1150.0,1168.25,1140.2,1149.75,1150.9,1150.5,1369654,1581695169.3,22-FEB-2016,60294,INE018A01030,
LUMAXAUTO,EQ,34.4,36.0,34.05,34.55,34.65,34.2,2688,93573.1,22-FEB-2016,82,INE547G01019,
LUMAXIND,EQ,394.0,394.0,380.0,380.9,380.1,385.75,7055,2730441.55,22-FEB-2016,163,INE162B01018,
LUMAXTECH,EQ,299.7,308.0,297.0,303.7,303.9,300.6,7529,2271474.65,22-FEB-2016,387,INE872H01019,
LUPIN,EQ,1785.0,1817.55,1781.0,1810.55,1814.0,1788.95,699778,1264489268.65,22-FEB-2016,33738,INE326A01037,
LUXIND,EQ,2825.0,2870.0,2770.0,2843.1,2870.0,2799.95,1197,3345092.8,22-FEB-2016,136,INE150G01012,
LYCOS,EQ,24.0,25.6,23.55,24.75,24.9,23.95,372067,9258399.5,22-FEB-2016,1837,INE425B01027,
LYKALABS,EQ,67.2,73.0,66.2,70.6,70.55,67.0,141688,9875104.85,22-FEB-2016,2316,INE933A01014,
LYPSAGEMS,EQ,100.6,101.2,96.8,99.25,97.1,99.15,17830,1776949.9,22-FEB-2016,251,INE142K01011,
M&M,EQ,1232.0,1249.0,1231.8,1237.05,1237.5,1230.25,550750,683000862.8,22-FEB-2016,27009,INE101A01026,
M&MFIN,EQ,214.0,219.5,214.0,217.6,216.85,216.15,396339,86235256.95,22-FEB-2016,11770,INE774D01024,
M100,EQ,12.5,13.0,12.45,12.87,12.88,12.41,16016,204482.99,22-FEB-2016,65,INF247L01023,
M50,EQ,69.0,70.0,67.7,69.29,69.1,68.98,2644,184321.14,22-FEB-2016,87,INF247L01536,
MAANALU,EQ,28.85,28.85,28.85,28.85,28.85,28.0,58,1673.3,22-FEB-2016,1,INE215I01019,
MADHAV,EQ,40.9,40.9,38.0,40.05,39.6,39.15,8014,319804.05,22-FEB-2016,102,INE925C01016,
MADHUCON,EQ,46.6,47.45,44.25,45.5,46.0,46.85,72190,3319404.0,22-FEB-2016,209,INE378D01032,
MADRASFERT,EQ,12.75,14.65,12.75,14.05,14.65,12.5,101070,1377703.3,22-FEB-2016,341,INE414A01015,
MAGMA,EQ,88.0,90.0,86.5,89.4,87.8,89.0,142106,12652378.35,22-FEB-2016,869,INE511C01022,
MAHABANK,EQ,28.75,29.4,28.55,29.2,29.1,28.75,87543,2536586.95,22-FEB-2016,620,INE457A01014,
MAHINDCIE,EQ,193.65,195.8,190.6,192.55,193.0,192.05,239142,46114205.6,22-FEB-2016,2231,INE536H01010,
MAHLIFE,EQ,468.0,468.0,451.1,456.6,453.0,465.1,1476,675297.95,22-FEB-2016,160,INE813A01018,
MAHSCOOTER,EQ,1178.9,1213.0,1178.9,1184.9,1182.65,1178.9,1201,1436716.35,22-FEB-2016,161,INE288A01013,
MAHSEAMLES,EQ,138.0,139.85,134.1,138.1,136.5,136.35,3842,526925.45,22-FEB-2016,170,INE271B01025,
MAITHANALL,EQ,92.0,100.85,92.0,99.15,99.0,86.75,10670,1039911.45,22-FEB-2016,223,INE683C01011,
MAJESCO,EQ,482.7,495.0,476.0,479.05,481.0,477.3,75466,36587976.5,22-FEB-2016,3672,INE898S01029,
MALUPAPER,EQ,11.5,11.75,11.35,11.75,11.75,11.9,126,1448.0,22-FEB-2016,6,INE383H01017,
MANAKALUCO,EQ,3.2,3.6,3.2,3.2,3.2,3.35,556,1814.8,22-FEB-2016,10,INE859Q01017,
MANAKCOAT,EQ,5.25,5.3,4.8,4.8,4.8,5.05,2956,15019.7,22-FEB-2016,16,INE830Q01018,
MANAKINDST,EQ,4.7,4.7,4.35,4.55,4.6,4.4,5951,27121.95,22-FEB-2016,22,INE831Q01016,
MANAKSIA,EQ,39.0,39.9,37.1,37.3,37.2,39.45,880,33210.25,22-FEB-2016,68,INE015D01022,
MANAKSTEEL,EQ,7.0,7.0,6.6,6.65,6.6,6.75,703,4744.8,22-FEB-2016,9,INE824Q01011,
MANALIPETC,EQ,24.45,24.45,24.0,24.2,24.1,23.95,100384,2429535.1,22-FEB-2016,349,INE201A01024,
MANAPPURAM,EQ,31.65,31.85,30.8,31.2,31.3,31.35,1088036,33946831.6,22-FEB-2016,6166,INE522D01027,
MANDHANA,EQ,290.0,290.05,288.0,288.6,289.8,293.85,18012,5219550.55,22-FEB-2016,657,INE087J01010,
MANGALAM,EQ,142.05,148.9,135.4,148.9,148.9,141.85,140560,20209629.9,22-FEB-2016,2217,INE584F01014,
MANGCHEFER,EQ,40.5,40.75,39.6,40.7,40.75,39.85,4480,181446.5,22-FEB-2016,68,INE558B01017,
MANGLMCEM,EQ,179.4,180.85,170.25,171.0,173.0,177.8,19468,3396724.2,22-FEB-2016,703,INE347A01017,
MANGTIMBER,EQ,20.2,20.6,18.9,18.95,19.0,19.85,11200,214808.35,22-FEB-2016,60,INE805B01012,
MANINDS,EQ,55.0,55.3,54.0,54.6,54.55,54.9,200787,10964395.2,22-FEB-2016,1587,INE993A01026,
MANINFRA,EQ,30.75,31.4,30.5,31.0,30.95,30.4,101139,3141549.55,22-FEB-2016,437,INE949H01023,
MANPASAND,EQ,461.35,479.0,461.0,468.4,461.0,470.55,6129,2893392.5,22-FEB-2016,173,INE122R01018,
MANUGRAPH,EQ,39.5,44.85,39.5,43.95,44.2,40.9,13335,579037.45,22-FEB-2016,129,INE867A01022,
MARALOVER,EQ,24.9,25.15,24.0,24.4,24.7,23.8,13388,328419.9,22-FEB-2016,202,INE882A01013,
MARICO,EQ,235.0,242.4,234.0,241.15,242.0,233.05,2502756,600928636.55,22-FEB-2016,39948,INE196A01026,
MARKSANS,EQ,40.35,41.5,39.6,40.8,40.85,39.85,1965689,80214770.05,22-FEB-2016,10713,INE750C01026,
MARUTI,EQ,3539.0,3545.0,3491.55,3520.8,3524.3,3579.15,1291463,4546871760.15,22-FEB-2016,101853,INE585B01010,
MASTEK,EQ,109.55,114.8,108.5,114.05,114.65,108.6,119465,13436616.35,22-FEB-2016,2762,INE759A01021,
MAWANASUG,EQ,16.9,17.5,16.6,16.7,16.95,17.45,6384,107130.3,22-FEB-2016,69,INE636A01039,
MAX,EQ,352.0,355.0,343.15,346.7,344.0,346.25,86825,30277828.2,22-FEB-2016,2926,INE180A01020,
MAXWELL,EQ,36.5,37.25,36.15,36.7,36.7,36.3,78724,2895366.65,22-FEB-2016,465,INE450G01024,
MAYURUNIQ,EQ,410.0,410.4,395.1,400.25,400.0,403.8,8225,3302258.95,22-FEB-2016,609,INE040D01038,
MBECL,EQ,72.2,72.2,69.2,69.35,69.35,69.3,8248,576704.05,22-FEB-2016,178,INE748A01016,
MBLINFRA,EQ,139.0,140.0,133.2,135.05,135.9,137.45,39138,5348907.5,22-FEB-2016,2530,INE912H01013,
MCDHOLDING,EQ,22.5,23.9,22.5,23.25,23.45,22.7,11671,273080.4,22-FEB-2016,109,INE836H01014,
MCDOWELL-N,EQ,2430.0,2523.7,2406.0,2480.55,2486.0,2395.35,418159,1037690543.5,22-FEB-2016,29048,INE854D01016,
MCLEODRUSS,EQ,146.95,149.45,144.2,149.05,148.8,145.6,364416,53806506.5,22-FEB-2016,9880,INE942G01012,
MCX,EQ,753.75,813.0,745.0,793.8,813.0,747.25,219592,170145692.25,22-FEB-2016,7977,INE745G01035,
MEGASOFT,EQ,6.4,6.85,6.3,6.6,6.5,6.25,171339,1138996.75,22-FEB-2016,245,INE933B01012,
MEGH,EQ,19.3,20.7,19.3,20.5,20.55,19.5,465424,9407453.0,22-FEB-2016,3870,INE974H01013,
MELSTAR,BE,7.7,7.7,7.7,7.7,7.7,7.75,100,770.0,22-FEB-2016,1,INE817A01019,
MENONBE,EQ,49.5,53.65,49.5,49.85,49.5,50.2,8211,413383.65,22-FEB-2016,78,INE071D01033,
MEP,EQ,40.45,41.45,39.75,40.3,40.0,40.2,180110,7339855.65,22-FEB-2016,1479,INE776I01010,
MERCATOR,EQ,20.45,20.45,19.3,19.9,20.15,20.2,435274,8663178.7,22-FEB-2016,1650,INE934B01028,
MERCK,EQ,646.2,657.8,642.1,648.15,648.95,650.6,5844,3798333.5,22-FEB-2016,655,INE199A01012,
METALFORGE,EQ,56.0,59.0,54.15,54.65,54.25,55.75,33902,1881479.5,22-FEB-2016,379,INE425A01011,
METKORE,EQ,2.95,3.0,2.9,2.9,3.0,2.95,30471,89801.0,22-FEB-2016,17,INE592I01029,
MHRIL,EQ,356.0,366.0,351.1,360.1,361.5,355.95,6380,2297868.0,22-FEB-2016,547,INE998I01010,
MIC,EQ,19.8,20.4,19.55,20.2,20.2,19.55,234359,4721056.3,22-FEB-2016,680,INE287C01029,
MICROSEC,EQ,62.0,64.7,60.05,61.2,61.8,63.2,15614,963569.5,22-FEB-2016,133,INE019J01013,
MINDACORP,EQ,92.6,93.35,92.0,92.65,92.8,93.35,10362,959811.3,22-FEB-2016,145,INE842C01021,
MINDAIND,EQ,776.0,800.0,765.0,782.5,785.0,785.55,4411,3426515.0,22-FEB-2016,413,INE405E01015,
MINDTREE,EQ,1421.0,1429.0,1402.5,1420.65,1418.0,1420.95,181794,258496851.4,22-FEB-2016,6044,INE018I01017,
MIRCELECTR,EQ,9.0,9.7,9.0,9.7,9.7,9.25,193776,1855574.8,22-FEB-2016,470,INE831A01028,
MIRZAINT,EQ,97.2,97.85,95.05,95.4,95.5,96.95,222442,21379125.95,22-FEB-2016,4069,INE771A01026,
MMFL,EQ,429.75,436.0,411.0,417.2,419.0,427.35,3443,1459676.3,22-FEB-2016,456,INE227C01017,
MMTC,EQ,34.95,35.85,33.85,34.2,34.15,34.95,537825,18620009.4,22-FEB-2016,3160,INE123F01029,
MOHITIND,EQ,60.2,60.5,59.0,59.5,59.5,59.55,22942,1378134.9,22-FEB-2016,233,INE954E01012,
MOIL,EQ,186.0,187.0,184.25,184.9,184.5,184.9,14918,2766426.25,22-FEB-2016,1063,INE490G01020,
MOLDTKPAC,EQ,122.95,123.0,115.1,118.1,116.2,120.15,14668,1756619.75,22-FEB-2016,319,INE893J01029,
MONNETISPA,EQ,22.55,23.0,22.2,22.45,22.6,22.2,18650,419884.05,22-FEB-2016,155,INE743C01013,
MONSANTO,EQ,1900.0,1930.0,1850.0,1859.55,1854.0,1889.75,4523,8446283.9,22-FEB-2016,1147,INE274B01011,
MONTECARLO,EQ,392.1,402.95,392.1,397.0,395.1,398.55,3352,1335945.7,22-FEB-2016,361,INE950M01013,
MORARJEE,EQ,34.75,34.75,33.8,33.8,33.8,34.0,383,13045.4,22-FEB-2016,12,INE161G01027,
MOREPENLAB,EQ,26.45,26.95,26.4,26.95,26.95,25.7,540388,14485852.9,22-FEB-2016,875,INE083A01026,
MOSERBAER,EQ,9.1,9.25,9.0,9.1,9.0,9.05,296115,2702298.05,22-FEB-2016,526,INE739A01015,
MOTHERSUMI,EQ,225.25,226.4,218.6,220.0,219.5,224.6,2689644,594370830.15,22-FEB-2016,42134,INE775A01035,
MOTILALOFS,EQ,272.2,277.95,262.55,267.0,266.1,273.85,3491,939180.1,22-FEB-2016,310,INE338I01027,
MOTOGENFIN,BE,36.8,39.4,36.8,39.0,39.0,37.65,1408,51819.2,22-FEB-2016,4,INE861B01015,
MPHASIS,EQ,422.05,428.75,420.0,422.5,422.8,421.55,79708,33723184.2,22-FEB-2016,5357,INE356A01018,
MPSLTD,EQ,650.0,660.0,626.0,630.2,634.55,644.05,5710,3640296.4,22-FEB-2016,221,INE943D01017,
MRF,EQ,33600.0,34087.45,33425.4,33729.9,33630.05,33602.0,2621,88608377.45,22-FEB-2016,1693,INE883A01011,
MRO-TEK,EQ,42.7,45.3,40.15,44.1,43.45,41.3,59244,2580222.15,22-FEB-2016,527,INE398B01018,
MRPL,EQ,59.85,60.0,59.0,59.55,59.45,59.1,118555,7049304.6,22-FEB-2016,963,INE103A01014,
MSPL,EQ,10.0,10.0,9.9,10.0,10.0,10.2,706,7059.6,22-FEB-2016,15,INE752G01015,
MTEDUCARE,EQ,145.0,149.9,144.5,148.4,148.5,144.05,110780,16356970.55,22-FEB-2016,3324,INE472M01018,
MTNL,EQ,17.25,17.6,17.15,17.25,17.35,17.15,1075594,18628837.15,22-FEB-2016,2972,INE153A01019,
MUKANDENGG,EQ,24.95,25.0,24.05,25.0,25.0,24.4,2966,74016.0,22-FEB-2016,22,INE022B01014,
MUKANDLTD,EQ,31.5,31.5,28.05,30.7,30.55,29.0,19319,582123.75,22-FEB-2016,226,INE304A01026,
MUKTAARTS,EQ,46.5,48.0,44.3,46.85,46.9,46.3,15934,736429.7,22-FEB-2016,215,INE374B01019,
MUNJALAU,EQ,69.0,71.9,68.2,70.1,70.15,69.65,32798,2288239.15,22-FEB-2016,526,INE672B01032,
MUNJALSHOW,EQ,159.05,163.0,157.5,158.7,158.0,162.55,7022,1120817.8,22-FEB-2016,207,INE577A01027,
MURLIIND,BE,2.45,2.45,2.35,2.35,2.35,2.45,127,298.55,22-FEB-2016,2,INE806B01028,
MURUDCERA,EQ,19.05,19.65,18.85,19.45,19.35,19.35,13741,265571.7,22-FEB-2016,51,INE692B01014,
MUTHOOTCAP,EQ,138.7,149.0,138.7,146.35,146.45,134.5,617,86299.45,22-FEB-2016,16,INE296G01013,
MUTHOOTFIN,EQ,187.0,187.85,185.15,186.4,185.65,187.55,21579,4020239.55,22-FEB-2016,1109,INE414G01012,
MVL,EQ,0.4,0.4,0.35,0.4,0.4,0.4,283344,109816.05,22-FEB-2016,14,INE744I01034,
MYSOREBANK,EQ,370.05,383.0,370.05,379.15,381.0,375.35,431,161423.05,22-FEB-2016,41,INE651A01020,
N100,EQ,300.99,301.0,299.06,299.5,299.5,300.09,766,229991.44,22-FEB-2016,65,INF247L01031,
NAGAROIL,EQ,4.0,4.1,3.95,4.0,4.0,4.1,69060,276208.55,22-FEB-2016,159,INE453M01018,
NAGREEKEXP,EQ,25.0,25.0,25.0,25.0,25.0,25.0,3,75.0,22-FEB-2016,1,INE123B01028,
NAHARCAP,EQ,56.85,56.85,51.55,53.85,53.85,52.3,173,9250.65,22-FEB-2016,9,INE049I01012,
NAHARINDUS,EQ,49.0,52.0,48.15,49.5,49.25,49.35,740,36850.0,22-FEB-2016,24,INE289A01011,
NAHARPOLY,EQ,30.4,30.95,29.05,30.5,30.2,29.8,15751,476599.1,22-FEB-2016,69,INE308A01027,
NAHARSPING,EQ,87.25,87.4,85.6,86.25,86.5,85.9,9160,794054.8,22-FEB-2016,164,INE290A01027,
NAKODA,BE,0.3,0.35,0.3,0.35,0.35,0.3,194723,67315.45,22-FEB-2016,13,INE559B01023,
NATCOPHARM,EQ,465.3,486.0,463.95,477.55,478.0,465.3,528174,249845047.8,22-FEB-2016,6013,INE987B01026,
NATHBIOGEN,EQ,63.05,64.9,62.05,62.35,62.15,63.35,2141,134714.25,22-FEB-2016,64,INE448G01010,
NATIONALUM,EQ,34.2,34.2,33.8,34.1,34.2,33.45,1935413,65815044.6,22-FEB-2016,1720,INE139A01034,
NATNLSTEEL,BE,12.0,12.35,11.8,11.95,12.35,11.8,3273,39137.75,22-FEB-2016,16,INE088B01015,
NAUKRI,EQ,722.0,741.15,722.0,738.55,735.5,730.55,6592,4848525.6,22-FEB-2016,1151,INE663F01024,
NAVINFLUOR,EQ,1511.0,1540.0,1490.0,1498.4,1495.0,1521.75,1523,2306910.7,22-FEB-2016,348,INE048G01018,
NAVKARCORP,EQ,164.9,164.9,159.15,160.0,160.0,160.0,24841,3980637.5,22-FEB-2016,3562,INE278M01019,
NAVNETEDUL,EQ,83.75,84.6,83.15,83.45,84.0,84.05,15829,1324862.15,22-FEB-2016,1065,INE060A01024,
NBCC,EQ,866.4,906.9,862.0,898.0,899.0,860.8,311382,278558152.55,22-FEB-2016,12290,INE095N01015,
NBVENTURES,EQ,151.55,151.55,144.0,145.4,147.5,148.35,4085,602404.45,22-FEB-2016,259,INE725A01022,
NCC,EQ,64.55,67.0,64.55,66.45,66.9,65.0,2882479,189926277.55,22-FEB-2016,13636,INE868B01028,
NCLIND,EQ,96.15,102.5,95.9,99.35,99.3,96.4,119238,11903150.45,22-FEB-2016,1844,INE732C01016,
NDL,EQ,121.8,126.0,120.1,124.35,123.5,119.65,176999,21655417.95,22-FEB-2016,1823,INE875G01030,
NDTV,EQ,112.8,112.85,108.0,111.9,111.8,111.25,87006,9710567.05,22-FEB-2016,1295,INE155G01029,
NECLIFE,EQ,37.0,37.0,35.9,36.5,36.55,36.25,239280,8713775.05,22-FEB-2016,1525,INE023H01027,
NELCAST,EQ,59.5,59.6,58.05,58.25,58.05,58.05,11027,647840.75,22-FEB-2016,131,INE189I01024,
NELCO,EQ,80.2,84.6,80.2,82.55,83.0,81.2,180647,15017424.3,22-FEB-2016,2606,INE045B01015,
NEPCMICON,BE,1.6,1.65,1.55,1.6,1.65,1.6,18040,28845.45,22-FEB-2016,27,INE588A01016,
NESCO,EQ,1511.05,1525.0,1511.0,1516.85,1520.0,1511.1,199,302115.25,22-FEB-2016,28,INE317F01027,
NESTLEIND,EQ,5208.0,5298.0,5162.15,5279.35,5280.0,5209.7,85293,450025502.95,22-FEB-2016,6124,INE239A01016,
NETWORK18,EQ,40.1,41.95,40.1,40.8,40.75,40.15,152267,6269705.95,22-FEB-2016,851,INE870H01013,
NEULANDLAB,EQ,564.6,570.0,549.6,564.05,552.0,564.6,6287,3527041.35,22-FEB-2016,521,INE794A01010,
NEXTMEDIA,EQ,16.0,17.3,15.6,16.9,16.9,15.95,94325,1565430.15,22-FEB-2016,275,INE747B01016,
NEYVELILIG,EQ,66.6,67.0,65.6,65.8,65.8,66.05,30937,2044811.65,22-FEB-2016,430,INE589A01014,
NFL,EQ,28.4,30.1,28.4,29.85,29.85,28.35,537792,15926778.8,22-FEB-2016,2555,INE870D01012,
NGCT,EQ,1.6,1.6,1.6,1.6,1.6,1.6,6500,10400.0,22-FEB-2016,3,INE970N01019,
NH,EQ,294.0,294.0,287.0,289.75,290.0,290.2,334572,96926463.95,22-FEB-2016,1973,INE410P01011,
NHPC,EQ,20.1,20.6,20.1,20.45,20.45,20.05,3271954,66538536.3,22-FEB-2016,7134,INE848E01016,
NIBL,EQ,47.55,48.95,43.05,45.15,43.1,47.55,1365,61741.05,22-FEB-2016,26,INE047O01014,
NICCO,BE,0.7,0.8,0.7,0.7,0.7,0.75,56791,39778.7,22-FEB-2016,13,INE241C01026,
NIFTYBEES,EQ,730.0,732.85,728.0,730.98,731.25,728.18,30397,22222221.81,22-FEB-2016,1172,INF732E01011,
NIFTYEES,EQ,7280.0,7300.0,7280.0,7300.0,7300.0,7410.0,6,43700.0,22-FEB-2016,2,INF754K01EK3,
NIITLTD,EQ,73.0,73.9,71.8,72.9,72.85,72.55,442328,32354191.0,22-FEB-2016,3006,INE161A01038,
NIITTECH,EQ,472.65,478.05,465.0,466.9,465.1,468.05,85574,40216618.05,22-FEB-2016,4387,INE591G01017,
NILAINFRA,EQ,12.2,13.15,12.2,12.9,12.9,12.65,116576,1493664.0,22-FEB-2016,315,INE937C01029,
NILKAMAL,EQ,1033.95,1051.95,1011.15,1019.45,1016.1,1024.6,91572,94606874.45,22-FEB-2016,4809,INE310A01015,
NIPPOBATRY,EQ,910.0,919.0,892.0,899.65,904.0,911.35,616,558921.15,22-FEB-2016,39,INE567A01010,
NIRVIKARA,EQ,46.0,49.8,45.2,46.3,46.0,43.5,24425,1154573.35,22-FEB-2016,380,INE875R01011,
NITCO,EQ,30.6,32.0,30.6,31.6,31.65,30.85,42807,1355589.35,22-FEB-2016,497,INE858F01012,
NITESHEST,EQ,12.45,12.5,12.0,12.3,12.2,12.1,64522,792342.2,22-FEB-2016,217,INE639K01016,
NITINFIRE,EQ,33.95,34.4,33.35,33.85,33.95,33.05,215617,7297661.0,22-FEB-2016,1298,INE489H01020,
NITINSPIN,EQ,57.8,57.8,56.0,56.6,56.65,56.9,28788,1636544.7,22-FEB-2016,601,INE229H01012,
NMDC,EQ,92.95,94.05,92.25,92.75,92.7,91.95,7061178,657807743.9,22-FEB-2016,24370,INE584A01023,
NOCIL,EQ,40.6,42.6,40.6,42.2,42.3,40.25,900244,37625073.8,22-FEB-2016,4814,INE163A01018,
NOIDATOLL,EQ,22.8,22.9,22.2,22.75,22.9,22.05,68432,1544153.15,22-FEB-2016,355,INE781B01015,
NRBBEARING,EQ,112.95,114.0,110.5,112.65,114.0,110.05,2100,236288.6,22-FEB-2016,62,INE349A01021,
NSIL,EQ,588.0,590.0,566.0,566.05,566.0,566.05,177,101412.4,22-FEB-2016,14,INE023A01030,
NTPC,EQ,132.85,132.85,126.05,127.0,127.0,129.8,2252826,289127959.75,22-FEB-2016,22762,INE733E01010,
NUCLEUS,EQ,171.95,173.0,170.7,171.35,172.0,170.7,19277,3312211.55,22-FEB-2016,457,INE096B01018,
NUTEK,EQ,0.6,0.6,0.55,0.55,0.55,0.6,16699,9360.7,22-FEB-2016,11,INE318J01027,
OBEROIRLTY,EQ,228.0,231.0,222.0,224.8,225.0,225.85,13371,3036460.8,22-FEB-2016,644,INE093I01010,
OCCL,EQ,421.0,430.0,415.0,426.25,415.0,426.9,294,125090.0,22-FEB-2016,15,INE321D01016,
OCL,EQ,432.5,451.5,431.5,431.5,431.5,435.15,29,12929.5,22-FEB-2016,23,INE290B01025,
OFSS,EQ,3283.0,3283.0,3245.1,3254.2,3266.0,3249.45,9956,32463345.55,22-FEB-2016,2377,INE881D01027,
OIL,EQ,320.05,323.95,319.25,320.4,321.5,321.6,263605,84599906.5,22-FEB-2016,16011,INE274J01014,
OILCOUNTUB,EQ,25.2,26.3,25.2,26.0,26.0,25.0,6494,167760.35,22-FEB-2016,101,INE591A01010,
OISL,EQ,8.65,9.1,8.5,8.85,8.9,8.8,10292,90775.55,22-FEB-2016,24,INE196J01019,
OMAXAUTO,EQ,60.4,60.4,57.6,57.85,58.0,58.2,5594,326848.2,22-FEB-2016,127,INE090B01011,
OMAXE,EQ,135.7,135.8,135.2,135.5,135.55,135.5,279100,37833635.85,22-FEB-2016,2926,INE800H01010,
OMKARCHEM,EQ,151.0,153.5,149.3,151.1,151.0,149.8,49781,7543434.7,22-FEB-2016,1276,INE474L01016,
OMMETALS,EQ,39.5,40.85,39.5,39.65,39.6,39.4,30591,1219561.3,22-FEB-2016,218,INE239D01028,
OMNITECH,EQ,3.8,3.85,3.8,3.85,3.85,3.95,510,1963.0,22-FEB-2016,2,INE810H01019,
ONELIFECAP,EQ,32.1,32.15,30.5,30.85,30.85,30.7,20035,623193.65,22-FEB-2016,255,INE912L01015,
ONGC,EQ,212.0,215.1,210.7,214.4,215.0,211.15,2401228,512516306.1,22-FEB-2016,34550,INE213A01029,
ONMOBILE,EQ,104.05,108.8,103.1,107.2,106.75,103.1,884710,94161224.5,22-FEB-2016,6975,INE809I01019,
ONWARDTEC,EQ,66.8,69.65,65.45,65.85,65.5,66.7,6620,440231.5,22-FEB-2016,98,INE229A01017,
OPTOCIRCUI,EQ,9.9,10.1,9.8,9.85,9.9,9.95,592060,5878571.05,22-FEB-2016,2595,INE808B01016,
ORBITCORP,EQ,5.75,6.0,5.75,5.9,5.95,5.75,91711,541305.3,22-FEB-2016,254,INE628H01015,
ORBTEXP,EQ,284.0,286.45,275.1,279.75,275.1,285.45,1529,429889.0,22-FEB-2016,102,INE231G01010,
ORCHIDPHAR,EQ,39.25,39.45,37.95,38.95,39.0,38.75,197803,7708724.9,22-FEB-2016,1990,INE191A01019,
ORICONENT,EQ,51.5,53.2,51.2,51.95,52.15,51.8,118153,6199448.35,22-FEB-2016,632,INE730A01022,
ORIENTABRA,EQ,41.0,46.9,40.5,45.6,45.35,41.65,112784,5094396.25,22-FEB-2016,1295,INE569C01020,
ORIENTALTL,BE,5.85,5.85,5.85,5.85,5.85,6.15,100,585.0,22-FEB-2016,1,INE998H01012,
ORIENTBANK,EQ,84.0,84.7,81.35,81.95,82.3,83.6,1917916,158127043.1,22-FEB-2016,10939,INE141A01014,
ORIENTBELL,EQ,123.9,124.0,120.1,120.6,120.9,123.6,9583,1166391.6,22-FEB-2016,171,INE607D01018,
ORIENTCEM,EQ,132.2,134.95,130.35,133.45,133.5,133.75,6108,816062.1,22-FEB-2016,125,INE876N01018,
ORIENTHOT,EQ,20.2,20.75,20.0,20.15,20.4,20.45,17003,343890.75,22-FEB-2016,68,INE750A01020,
ORIENTPPR,EQ,33.2,34.2,32.9,33.3,33.3,33.4,18287,612900.0,22-FEB-2016,114,INE592A01026,
ORIENTREF,EQ,76.0,76.6,73.4,74.7,74.85,76.85,3132,236813.75,22-FEB-2016,91,INE743M01012,
ORISSAMINE,EQ,1419.0,1420.05,1391.1,1409.2,1403.1,1392.25,1277,1794663.85,22-FEB-2016,214,INE725E01024,
ORTEL,EQ,175.0,180.0,173.0,173.05,173.05,171.85,670,118574.05,22-FEB-2016,36,INE849L01019,
ORTINLABSS,EQ,17.7,17.75,17.05,17.75,17.75,16.95,23138,407433.35,22-FEB-2016,231,INE749B01012,
OUDHSUG,EQ,38.7,39.8,38.0,38.2,38.25,38.9,6956,266456.7,22-FEB-2016,64,INE594A01014,
PAEL,EQ,12.3,13.9,12.3,13.9,13.9,12.8,804,10752.85,22-FEB-2016,5,INE766A01018,
PAGEIND,EQ,10399.0,10618.0,10208.75,10556.75,10618.0,10260.7,8428,88280221.75,22-FEB-2016,3212,INE761H01022,
PALREDTECH,EQ,57.1,59.6,56.25,57.15,58.0,57.5,6421,367666.9,22-FEB-2016,95,INE218G01025,
PANACEABIO,EQ,88.45,100.4,88.4,91.75,91.5,87.3,22411,2114072.15,22-FEB-2016,654,INE922B01023,
PANAMAPET,EQ,60.7,62.45,59.7,61.0,60.85,58.95,7040,431978.3,22-FEB-2016,114,INE305C01029,
PANORAMUNI,EQ,11.2,11.8,11.05,11.4,11.35,11.4,16857,194449.95,22-FEB-2016,24,INE194B01029,
PAPERPROD,EQ,205.0,208.85,200.95,202.3,202.0,204.75,8546,1740731.6,22-FEB-2016,216,INE275B01026,
PARABDRUGS,EQ,7.0,7.05,6.15,6.7,6.65,6.95,85917,569733.15,22-FEB-2016,234,INE618H01016,
PARACABLES,EQ,2.75,2.95,2.75,2.95,2.9,2.85,38345,110115.95,22-FEB-2016,32,INE074B01023,
PARASPETRO,BE,0.2,0.2,0.15,0.2,0.2,0.2,32367,5895.75,22-FEB-2016,15,INE162C01024,
PARRYSUGAR,EQ,25.0,25.0,22.4,24.8,25.0,23.45,1182,29174.2,22-FEB-2016,36,INE353B01021,
PARSVNATH,EQ,16.75,16.95,16.3,16.75,16.85,16.45,29511,490951.95,22-FEB-2016,307,INE561H01026,
PATELENG,EQ,51.15,52.5,50.05,50.5,50.4,50.9,72210,3696299.75,22-FEB-2016,819,INE244B01030,
PATINTLOG,EQ,82.6,84.35,80.0,80.75,81.0,81.95,68279,5605051.55,22-FEB-2016,890,INE529D01014,
PBAINFRA,EQ,14.5,14.5,13.1,13.5,13.5,13.3,2519,33533.25,22-FEB-2016,40,INE160H01019,
PCJEWELLER,EQ,406.95,412.0,397.95,399.25,398.5,404.6,93357,37600420.0,22-FEB-2016,4748,INE785M01013,
PDPL,EQ,35.8,37.6,35.4,36.35,37.2,37.25,26517,952605.6,22-FEB-2016,225,INE904D01019,
PDSMFL,EQ,201.05,202.0,201.0,202.0,202.0,200.1,261,52565.05,22-FEB-2016,8,INE111Q01013,
PDUMJEIND,BE,11.4,12.6,11.4,11.4,11.4,12.0,219,2616.6,22-FEB-2016,4,INE105C01023,
PDUMJEPULP,BE,20.7,20.7,20.7,20.7,20.7,21.75,126,2608.2,22-FEB-2016,5,INE606A01024,
PEARLPOLY,EQ,13.5,14.7,13.5,13.95,13.95,14.15,66,906.15,22-FEB-2016,5,INE844A01013,
PEL,EQ,924.0,939.95,923.15,926.25,935.0,922.1,29466,27401989.1,22-FEB-2016,6159,INE140A01024,
PENIND,EQ,43.45,44.0,42.15,43.2,43.95,41.9,342964,14681604.05,22-FEB-2016,2425,INE932A01024,
PENINLAND,EQ,16.55,16.9,16.4,16.55,16.55,16.65,33836,563813.2,22-FEB-2016,142,INE138A01028,
PENPEBS,EQ,142.0,144.0,138.5,139.15,139.1,144.85,583,81783.6,22-FEB-2016,51,INE455O01019,
PERSISTENT,EQ,651.0,661.8,643.4,656.75,659.0,651.25,42957,28177718.85,22-FEB-2016,1737,INE262H01013,
PETRONENGG,EQ,172.6,180.8,172.55,179.25,179.75,174.55,328,58733.7,22-FEB-2016,33,INE742A01019,
PETRONET,EQ,244.0,246.8,241.0,243.85,243.0,244.05,1324568,322432454.6,22-FEB-2016,23619,INE347G01014,
PFC,EQ,153.05,154.3,148.5,150.55,150.6,153.05,1485622,224513694.0,22-FEB-2016,16071,INE134E01011,
PFIZER,EQ,1976.0,1985.05,1950.0,1965.65,1959.75,1975.85,6220,12241713.25,22-FEB-2016,1481,INE182A01018,
PFOCUS,EQ,51.9,55.0,51.9,54.45,54.0,51.8,119341,6456269.0,22-FEB-2016,417,INE367G01038,
PFS,EQ,32.4,32.4,31.8,31.95,31.9,31.85,246247,7889793.9,22-FEB-2016,1182,INE560K01014,
PGEL,EQ,91.85,92.3,88.1,91.0,92.0,88.6,21426,1944971.3,22-FEB-2016,187,INE457L01011,
PGHH,EQ,5930.0,5930.0,5875.15,5901.5,5923.0,5912.6,1697,10025482.75,22-FEB-2016,238,INE179A01014,
PGIL,EQ,223.2,229.95,223.2,229.05,228.1,230.2,2989,684262.3,22-FEB-2016,64,INE940H01014,
PHILIPCARB,EQ,86.75,92.0,86.55,89.1,88.0,86.75,40580,3581119.4,22-FEB-2016,592,INE602A01015,
PHOENIXLL,EQ,93.95,94.6,92.5,93.0,93.0,93.95,66627,6198185.55,22-FEB-2016,176,INE455B01016,
PHOENIXLTD,EQ,287.0,289.0,285.1,286.25,285.3,295.0,966,277277.55,22-FEB-2016,122,INE211B01039,
PIDILITIND,EQ,626.0,648.0,626.0,635.85,636.25,626.25,870344,557471896.1,22-FEB-2016,35602,INE318A01026,
PIIND,EQ,557.0,565.0,547.0,554.1,553.5,556.95,74216,41206284.0,22-FEB-2016,3049,INE603J01030,
PILANIINVS,BE,1140.0,1196.9,1100.0,1167.4,1150.0,1146.9,40,46032.9,22-FEB-2016,13,INE417C01014,
PILITA,EQ,13.3,13.9,12.95,13.3,13.1,13.15,6879,90689.25,22-FEB-2016,29,INE600A01027,
PIONDIST,EQ,165.05,176.0,162.0,168.9,168.9,169.3,23975,4069457.3,22-FEB-2016,865,INE889E01010,
PIONEEREMB,EQ,53.5,54.0,50.1,50.55,50.4,51.7,17235,885640.0,22-FEB-2016,326,INE156C01018,
PIPAVAVDOC,EQ,64.7,66.25,64.2,64.75,64.85,64.45,1055386,68769327.15,22-FEB-2016,5972,INE542F01012,
PIRPHYTO,EQ,54.0,54.0,52.1,53.1,53.0,52.3,16205,859274.6,22-FEB-2016,113,INE122J01015,
PITTILAM,EQ,32.1,33.0,31.05,32.4,32.05,31.25,8973,290787.5,22-FEB-2016,68,INE450D01021,
PKTEA,EQ,132.0,164.8,129.5,135.05,134.0,142.25,133,17804.85,22-FEB-2016,28,INE431F01018,
PLASTIBLEN,EQ,355.3,376.0,347.1,358.25,358.0,360.7,13803,4867926.25,22-FEB-2016,760,INE083C01022,
PNB,EQ,76.5,77.8,75.05,75.55,75.85,76.15,7213267,548938877.0,22-FEB-2016,32545,INE160A01022,
PNBGILTS,EQ,23.2,23.3,22.9,22.95,23.1,22.95,43274,997202.45,22-FEB-2016,164,INE859A01011,
PNC,EQ,13.95,14.35,13.6,14.15,14.15,13.55,3123,44264.75,22-FEB-2016,36,INE392B01011,
PNCINFRA,EQ,508.8,524.0,497.1,512.65,519.95,502.55,1716,876338.95,22-FEB-2016,120,INE195J01011,
PNEUMATIC,EQ,699.85,725.0,663.6,694.0,725.0,690.0,308,213764.45,22-FEB-2016,19,INE096T01010,
POCHIRAJU,EQ,9.0,10.0,9.0,9.2,9.2,9.4,16816,155359.3,22-FEB-2016,67,INE332G01032,
POLARIS,EQ,208.0,209.0,207.0,208.75,209.0,207.95,95113,19801951.55,22-FEB-2016,1557,INE763A01023,
POLYMED,EQ,261.15,270.0,261.05,266.85,268.0,264.25,2272,606524.05,22-FEB-2016,91,INE205C01021,
POLYPLEX,EQ,223.0,243.0,223.0,234.6,235.0,225.65,1053333,252682019.2,22-FEB-2016,825,INE633B01018,
PONNIERODE,EQ,146.1,165.45,145.1,150.0,150.0,154.45,19830,3021670.1,22-FEB-2016,28,INE838E01017,
POWERGRID,EQ,141.0,141.5,138.35,139.65,139.5,141.0,1290367,180252580.65,22-FEB-2016,26645,INE752E01010,
POWERMECH,EQ,559.35,573.1,559.35,571.85,573.0,574.85,920,523664.0,22-FEB-2016,176,INE211R01019,
PPAP,EQ,112.0,118.7,110.1,118.25,117.85,115.1,643,74178.35,22-FEB-2016,45,INE095I01015,
PRABHAT,EQ,97.75,98.8,93.0,93.85,94.0,95.7,28388,2715613.45,22-FEB-2016,558,INE302M01033,
PRAENG,EQ,6.55,6.9,6.4,6.55,6.65,6.55,12636,84568.65,22-FEB-2016,57,INE505C01016,
PRAJIND,EQ,80.0,81.65,79.45,79.75,79.5,79.7,567807,45522477.35,22-FEB-2016,4432,INE074A01025,
PRAKASH,EQ,26.6,26.85,26.2,26.55,26.5,26.65,23900,634085.25,22-FEB-2016,190,INE603A01013,
PRAKASHCON,EQ,3.6,3.6,3.35,3.55,3.55,3.45,178029,623592.35,22-FEB-2016,78,INE023M01027,
PRAKASHSTL,EQ,101.85,101.85,96.0,99.85,99.9,98.45,12324,1216978.2,22-FEB-2016,48,INE696K01016,
PRATIBHA,EQ,32.6,33.8,31.95,32.1,32.15,32.55,177053,5771261.5,22-FEB-2016,1010,INE308H01022,
PRECAM,EQ,152.0,152.0,149.1,151.05,151.5,151.6,72829,11002100.15,22-FEB-2016,3500,INE484I01029,
PRECOT,EQ,36.3,38.0,36.3,38.0,38.0,36.75,2578,96992.4,22-FEB-2016,17,INE283A01014,
PRECWIRE,EQ,140.0,142.75,136.55,141.25,142.7,140.0,2052,288111.9,22-FEB-2016,66,INE372C01011,
PREMIER,EQ,32.0,32.9,31.7,31.95,31.8,32.05,3167,101981.7,22-FEB-2016,35,INE342A01018,
PREMIERPOL,EQ,28.9,28.9,28.9,28.9,28.9,30.4,26776,773826.4,22-FEB-2016,4,INE309M01012,
PRESSMN,EQ,41.5,43.0,41.5,41.55,41.5,40.95,4842,203918.4,22-FEB-2016,40,INE980A01023,
PRESTIGE,EQ,159.8,161.0,155.1,155.9,155.95,157.35,1073885,169668188.15,22-FEB-2016,5051,INE811K01011,
PRICOL,EQ,52.45,54.45,50.15,54.0,53.9,51.1,1240784,65974429.9,22-FEB-2016,4841,INE605A01026,
PRIMESECU,EQ,4.05,4.25,3.85,4.0,4.0,4.05,13591,56334.25,22-FEB-2016,34,INE032B01021,
PRISMCEM,EQ,65.0,66.95,64.15,64.5,64.5,64.35,34408,2228911.65,22-FEB-2016,706,INE010A01011,
PROVOGE,EQ,4.45,4.5,4.3,4.5,4.5,4.3,116172,517993.45,22-FEB-2016,173,INE968G01033,
PROZONINTU,EQ,25.3,26.15,25.15,25.45,25.45,25.45,34641,880708.1,22-FEB-2016,236,INE195N01013,
PSB,EQ,33.25,33.8,32.5,32.9,32.9,33.25,97056,3194715.75,22-FEB-2016,700,INE608A01012,
PSL,EQ,9.3,9.55,8.6,8.7,8.85,8.95,22361,201426.1,22-FEB-2016,114,INE474B01017,
PSUBNKBEES,EQ,230.0,239.0,230.0,235.01,235.06,236.83,1065,251596.12,22-FEB-2016,59,INF732E01110,
PTC,EQ,61.9,61.9,60.6,60.8,60.95,61.2,652453,39864071.7,22-FEB-2016,3574,INE877F01012,
PTL,EQ,92.05,97.95,91.0,95.8,96.1,91.85,21880,2056879.15,22-FEB-2016,492,INE034D01031,
PUNJABCHEM,EQ,120.1,120.85,118.1,118.15,118.2,120.3,4001,478964.7,22-FEB-2016,43,INE277B01014,
PUNJLLOYD,EQ,22.55,22.95,22.25,22.45,22.6,22.4,442513,10007192.3,22-FEB-2016,1770,INE701B01021,
PURVA,EQ,44.55,47.0,44.55,46.55,46.8,45.15,12173,563018.05,22-FEB-2016,175,INE323I01011,
PVP,EQ,4.9,4.95,4.75,4.8,4.8,4.9,43593,210053.45,22-FEB-2016,39,INE362A01016,
PVR,EQ,737.9,738.0,717.1,720.0,718.0,736.05,27604,19976038.0,22-FEB-2016,3319,INE191H01014,
QGOLDHALF,EQ,1300.0,1304.9,1290.0,1293.65,1298.0,1299.1,314,407399.3,22-FEB-2016,146,INF082J01010,
QNIFTY,EQ,765.2,766.3,765.2,766.3,766.3,755.2,13,9950.9,22-FEB-2016,4,INF082J01028,
QUICKHEAL,EQ,259.75,264.3,249.0,251.6,252.0,259.2,1696047,433565152.3,22-FEB-2016,31567,INE306L01010,
RADAAN,BE,2.15,2.35,2.15,2.35,2.35,2.25,5149,12091.35,22-FEB-2016,8,INE874F01027,
RADICO,EQ,99.5,103.15,99.05,101.85,102.0,99.75,180310,18293390.65,22-FEB-2016,4396,INE944F01028,
RAIN,EQ,32.05,32.5,29.65,29.95,30.1,31.75,201905,6128088.35,22-FEB-2016,860,INE855B01025,
RAINBOWPAP,EQ,29.0,31.5,28.8,29.85,30.5,29.55,29,864.5,22-FEB-2016,6,INE028D01025,
RAIREKMOH,EQ,135.0,143.6,133.0,143.15,143.0,136.8,1715,243806.9,22-FEB-2016,61,INE313D01013,
RAJESHEXPO,EQ,728.0,734.9,712.9,716.65,713.0,723.85,258468,187301388.35,22-FEB-2016,10610,INE343B01030,
RAJOIL,EQ,1.25,1.25,1.25,1.25,1.25,1.3,8801,11001.25,22-FEB-2016,10,INE294G01018,
RAJSREESUG,EQ,23.0,23.25,22.0,22.95,22.55,23.4,3176,71803.95,22-FEB-2016,50,INE562B01019,
RAJTV,EQ,51.1,54.0,51.1,53.35,53.0,51.8,91893,4780100.25,22-FEB-2016,377,INE952H01027,
RALLIS,EQ,150.5,155.0,148.55,152.1,152.2,150.6,131144,19945659.35,22-FEB-2016,2458,INE613A01020,
RAMANEWS,EQ,22.6,22.6,21.1,21.85,21.7,21.85,9920,215898.85,22-FEB-2016,83,INE278B01020,
RAMASTEEL,EQ,908.0,908.0,890.0,890.9,891.0,908.25,2309,2070264.8,22-FEB-2016,80,INE230R01019,
RAMCOCEM,EQ,373.95,374.5,368.0,369.45,370.0,369.55,9801,3626732.3,22-FEB-2016,715,INE331A01037,
RAMCOIND,EQ,89.65,91.4,88.7,90.3,89.6,89.2,11599,1044813.6,22-FEB-2016,213,INE614A01028,
RAMCOSYS,EQ,690.0,708.0,686.3,693.1,693.0,687.55,10765,7496998.05,22-FEB-2016,711,INE246B01019,
RAMKY,EQ,45.1,47.7,45.0,47.7,47.7,43.4,803320,37706468.0,22-FEB-2016,2734,INE874I01013,
RAMSARUP,BE,2.55,2.55,2.55,2.55,2.55,2.65,50,127.5,22-FEB-2016,1,INE005D01015,
RANASUG,EQ,3.85,3.95,3.8,3.8,3.8,3.8,38985,150697.3,22-FEB-2016,53,INE625B01014,
RANEENGINE,EQ,461.0,461.0,460.0,460.0,460.0,472.75,25,11515.0,22-FEB-2016,2,INE222J01013,
RANEHOLDIN,EQ,545.95,549.95,540.0,547.35,549.5,543.15,109,59736.85,22-FEB-2016,18,INE384A01010,
RASOYPR,BE,0.2,0.25,0.2,0.25,0.25,0.2,838170,200134.0,22-FEB-2016,52,INE904G01038,
RATNAMANI,EQ,409.0,422.0,396.4,421.1,421.7,408.55,4711,1947694.6,22-FEB-2016,334,INE703B01027,
RAYMOND,EQ,409.2,410.9,400.25,404.45,403.4,407.05,7269,2949973.35,22-FEB-2016,638,INE301A01014,
RBL,EQ,335.5,399.0,335.5,374.2,371.0,347.0,6452,2469069.8,22-FEB-2016,317,INE244J01017,
RCF,EQ,41.4,43.75,41.2,43.45,43.5,40.2,2820279,120936620.4,22-FEB-2016,14939,INE027A01015,
RCOM,EQ,50.8,51.7,50.5,50.8,50.8,50.4,7826586,399031361.65,22-FEB-2016,25206,INE330H01018,
RECLTD,EQ,160.05,161.5,157.55,158.9,159.2,159.55,1102348,175625965.45,22-FEB-2016,18099,INE020B01018,
REDINGTON,EQ,100.85,101.55,100.0,100.7,100.7,100.85,27654,2784472.55,22-FEB-2016,1184,INE891D01026,
REFEX,EQ,7.8,8.5,7.35,7.7,8.0,8.15,17295,136410.65,22-FEB-2016,37,INE056I01017,
REIAGROLTD,EQ,0.55,0.55,0.5,0.55,0.5,0.55,575214,312982.4,22-FEB-2016,69,INE385B01031,
RELAXO,EQ,406.6,406.6,393.15,395.0,394.0,398.1,3574,1417233.9,22-FEB-2016,355,INE131B01039,
RELBANK,EQ,1569.92,1571.85,1560.0,1568.0,1568.0,1541.6,44,68907.33,22-FEB-2016,11,INF733I01028,
RELCAPITAL,EQ,339.9,343.5,336.25,339.15,339.3,336.5,2104930,715113018.15,22-FEB-2016,31885,INE013A01015,
RELCNX100,EQ,78.9,78.9,74.91,74.91,74.91,74.41,28,2153.34,22-FEB-2016,4,INF204K014N5,
RELCONS,EQ,34.99,34.99,34.95,34.95,34.95,32.0,4,139.88,22-FEB-2016,2,INF204KA1LD7,
RELDIVOPP,EQ,16.5,16.5,16.5,16.5,16.5,16.5,200,3300.0,22-FEB-2016,1,INF204KA1MS3,
RELGOLD,EQ,2525.05,2531.0,2492.0,2492.9,2493.0,2535.7,1841,4628399.95,22-FEB-2016,243,INF733I01010,
RELIANCE,EQ,944.1,968.3,944.1,962.3,963.0,944.35,2919198,2805180452.4,22-FEB-2016,65484,INE002A01018,
RELIGARE,EQ,293.0,295.9,283.35,285.55,283.35,296.7,2677,771734.75,22-FEB-2016,336,INE621H01010,
RELIGAREGO,EQ,2600.0,2600.0,2520.2,2600.0,2600.0,2594.1,109,282054.35,22-FEB-2016,29,INF205K01361,
RELINFRA,EQ,419.8,426.0,418.35,422.25,421.95,418.2,2406802,1018073825.7,22-FEB-2016,41623,INE036A01016,
RELNV20,EQ,374.0,374.0,332.35,332.35,332.35,329.45,2,706.35,22-FEB-2016,2,INF204KA17D8,
REMSONSIND,EQ,48.1,54.0,48.1,53.5,53.5,48.0,138,6660.4,22-FEB-2016,3,INE474C01015,
RENUKA,EQ,11.25,11.4,11.1,11.15,11.15,11.2,1177976,13208494.5,22-FEB-2016,1827,INE087H01022,
REPCOHOME,EQ,595.0,600.1,575.1,595.95,593.9,582.4,21281,12576742.15,22-FEB-2016,1170,INE612J01015,
REPRO,EQ,398.55,414.45,398.55,406.3,405.0,398.5,3102,1263462.75,22-FEB-2016,168,INE461B01014,
RESPONIND,EQ,95.5,95.5,93.1,93.5,93.1,93.7,48,4536.5,22-FEB-2016,11,INE688D01026,
REVATHI,EQ,560.0,564.95,550.0,550.3,559.0,556.8,1577,868373.3,22-FEB-2016,538,INE617A01013,
RICOAUTO,EQ,31.15,31.85,30.8,31.0,30.85,31.2,187130,5845994.45,22-FEB-2016,1353,INE209B01025,
RIIL,EQ,390.0,401.0,387.0,395.25,394.4,386.2,593262,233971818.85,22-FEB-2016,13802,INE046A01015,
RJL,EQ,130.0,141.75,128.05,133.7,134.0,123.95,45304,6141257.1,22-FEB-2016,1594,INE722H01016,
RKDL,EQ,8.75,8.75,8.2,8.3,8.45,8.5,11700,98183.35,22-FEB-2016,51,INE722J01012,
RKFORGE,EQ,329.0,339.0,329.0,332.15,329.75,335.05,10779,3574045.35,22-FEB-2016,367,INE399G01015,
RMCL,EQ,16.0,16.3,15.45,15.8,15.75,15.65,40331,641105.65,22-FEB-2016,275,INE172H01014,
RML,EQ,292.95,308.5,289.6,295.7,293.0,293.75,2296,683599.55,22-FEB-2016,73,INE050H01012,
RMMIL,EQ,0.8,0.85,0.8,0.85,0.85,0.8,134554,112148.0,22-FEB-2016,48,INE774I01031,
ROHITFERRO,EQ,3.85,4.2,3.6,4.05,4.05,3.9,131493,521160.15,22-FEB-2016,175,INE248H01012,
ROHLTD,EQ,66.0,66.0,63.0,63.6,64.4,64.8,15138,970131.8,22-FEB-2016,191,INE283H01019,
ROLTA,EQ,69.5,70.7,68.8,69.7,69.85,68.85,284169,19848022.0,22-FEB-2016,2772,INE293A01013,
ROSSELLIND,EQ,88.55,93.4,88.55,90.4,91.0,89.5,2496,226123.25,22-FEB-2016,44,INE847C01020,
RPGLIFE,EQ,225.1,238.0,225.1,231.15,228.15,229.1,25188,5884240.75,22-FEB-2016,937,INE105J01010,
RPOWER,EQ,45.2,45.25,44.25,44.75,44.5,44.85,2544332,113932513.75,22-FEB-2016,8005,INE614G01033,
RPPINFRA,EQ,114.75,117.5,112.15,115.95,116.0,114.8,110938,12745956.3,22-FEB-2016,953,INE324L01013,
RSSOFTWARE,EQ,61.75,61.75,60.35,60.95,60.7,61.6,88175,5361595.85,22-FEB-2016,2342,INE165B01029,
RSWM,EQ,286.15,296.05,280.1,287.1,284.8,289.05,8480,2458486.35,22-FEB-2016,667,INE611A01016,
RSYSTEMS,EQ,59.5,61.4,59.15,60.2,60.0,59.95,3506,210700.05,22-FEB-2016,109,INE411H01032,
RTNINFRA,EQ,3.2,3.3,3.2,3.25,3.25,3.2,15675087,50935336.85,22-FEB-2016,267,INE834M01019,
RTNPOWER,EQ,9.6,9.9,9.25,9.8,9.9,9.35,1046785,10033614.85,22-FEB-2016,2016,INE399K01017,
RUBYMILLS,EQ,309.9,309.9,302.25,307.7,307.1,305.95,6538,2002429.9,22-FEB-2016,452,INE301D01026,
RUCHINFRA,BE,6.8,7.35,6.8,7.35,7.35,7.0,640,4627.0,22-FEB-2016,2,INE413B01023,
RUCHIRA,EQ,56.1,57.3,56.0,56.6,57.1,56.4,14433,817648.3,22-FEB-2016,163,INE803H01014,
RUCHISOYA,EQ,24.0,24.6,23.7,23.95,24.0,24.0,288270,6921587.8,22-FEB-2016,718,INE619A01027,
RUPA,EQ,254.0,254.0,247.7,253.45,250.0,253.85,5210,1314602.55,22-FEB-2016,178,INE895B01021,
RUSHIL,EQ,262.1,291.75,262.1,290.5,290.6,263.3,832676,236734277.05,22-FEB-2016,17438,INE573K01017,
SABTN,EQ,340.0,347.0,340.0,345.1,344.0,342.6,22166,7614978.55,22-FEB-2016,426,INE416A01036,
SADBHAV,EQ,233.7,237.0,228.05,230.3,229.0,231.45,75456,17500629.5,22-FEB-2016,3237,INE226H01026,
SADBHIN,EQ,77.15,84.4,77.15,80.45,80.25,81.05,2810,227493.4,22-FEB-2016,39,INE764L01010,
SAGCEM,EQ,361.35,397.7,360.0,382.0,375.1,364.85,4992,1935079.1,22-FEB-2016,390,INE229C01013,
SAIL,EQ,36.2,36.7,35.9,36.25,36.4,36.15,1647780,59746563.6,22-FEB-2016,4521,INE114A01011,
SAKHTISUG,EQ,23.75,24.55,22.7,23.7,23.85,23.0,99107,2323632.85,22-FEB-2016,474,INE623A01011,
SAKSOFT,EQ,228.0,228.0,208.6,208.6,208.6,219.55,12522,2644037.75,22-FEB-2016,383,INE667G01015,
SAKUMA,EQ,61.15,62.9,59.8,60.45,60.1,60.9,29922,1834092.4,22-FEB-2016,464,INE190H01016,
SALORAINTL,EQ,40.2,46.45,40.2,44.45,42.55,40.0,2276,99677.25,22-FEB-2016,18,INE924A01013,
SALSTEEL,EQ,2.9,3.15,2.9,3.0,3.05,3.05,21951,66494.15,22-FEB-2016,37,INE658G01014,
SALZERELEC,EQ,178.0,182.35,176.0,179.65,180.4,177.7,10660,1914172.3,22-FEB-2016,317,INE457F01013,
SAMBHAAV,EQ,5.8,5.8,5.4,5.6,5.6,5.65,6013,32773.5,22-FEB-2016,14,INE699B01027,
SAMTEL,BE,0.55,0.55,0.55,0.55,0.55,0.6,40,22.0,22-FEB-2016,2,INE381A01016,
SANDESH,EQ,706.3,715.85,681.55,701.75,700.2,718.9,3002,2102384.05,22-FEB-2016,421,INE583B01015,
SANGAMIND,EQ,269.0,273.0,262.05,268.15,265.0,269.9,36368,9732542.9,22-FEB-2016,689,INE495C01010,
SANGHIIND,EQ,49.5,51.1,49.35,50.3,50.9,49.5,58261,2916530.15,22-FEB-2016,332,INE999B01013,
SANGHVIFOR,EQ,45.55,45.65,42.35,44.5,44.55,44.9,12657,557180.6,22-FEB-2016,161,INE263L01013,
SANGHVIMOV,EQ,280.1,290.0,275.0,278.5,280.0,281.35,67520,18793822.0,22-FEB-2016,359,INE989A01024,
SANOFI,EQ,4310.0,4367.45,4210.0,4250.6,4269.0,4349.8,7453,31653273.0,22-FEB-2016,1709,INE058A01010,
SANWARIA,EQ,4.75,4.75,4.4,4.5,4.6,4.45,132603,598558.7,22-FEB-2016,190,INE890C01046,
SARDAEN,EQ,82.95,83.85,82.1,82.9,83.0,83.4,2371,196967.8,22-FEB-2016,38,INE385C01013,
SAREGAMA,EQ,257.6,257.75,252.15,255.9,256.3,251.55,10275,2622035.3,22-FEB-2016,344,INE979A01017,
SARLAPOLY,EQ,56.85,58.0,55.55,56.7,57.0,55.45,20657,1177937.05,22-FEB-2016,315,INE453D01025,
SASKEN,EQ,256.0,260.95,252.15,253.75,253.3,256.35,6002,1530537.5,22-FEB-2016,610,INE231F01020,
SATHAISPAT,EQ,34.0,34.9,33.1,34.15,34.1,33.1,19678,678243.9,22-FEB-2016,48,INE176C01016,
SATIN,EQ,340.0,340.0,326.2,332.35,331.95,330.4,2838,943369.35,22-FEB-2016,177,INE836B01017,
SBBJ,EQ,470.8,475.9,462.05,465.2,466.9,471.55,3347,1565447.35,22-FEB-2016,285,INE648A01026,
SBIN,EQ,165.95,166.8,163.7,164.95,165.0,164.7,15815058,2610753531.8,22-FEB-2016,135649,INE062A01020,
SBT,EQ,381.0,387.3,380.0,380.6,380.5,383.8,5632,2151180.3,22-FEB-2016,270,INE654A01024,
SCHNEIDER,EQ,146.55,147.7,143.2,145.5,145.7,146.5,29338,4262838.0,22-FEB-2016,583,INE839M01018,
SCI,EQ,58.1,59.7,57.8,58.75,58.75,58.1,347944,20439865.95,22-FEB-2016,2957,INE109A01011,
SDBL,EQ,187.0,187.45,181.0,182.75,182.5,187.45,21044,3919821.4,22-FEB-2016,202,INE480C01012,
SEAMECLTD,EQ,79.3,81.85,77.4,79.1,80.45,80.2,2742,216718.95,22-FEB-2016,40,INE497B01018,
SEINV,EQ,181.0,181.0,170.05,177.9,177.9,175.15,88,15670.05,22-FEB-2016,11,INE420C01042,
SELAN,EQ,170.5,173.75,164.1,166.0,166.0,170.1,38743,6541155.85,22-FEB-2016,1324,INE818A01017,
SELMCL,EQ,3.8,3.8,3.7,3.75,3.75,3.7,49979,186663.15,22-FEB-2016,71,INE105I01012,
SEPOWER,EQ,7.85,7.85,7.0,7.05,7.05,7.65,835,5932.8,22-FEB-2016,14,INE735M01018,
SERVALL,EQ,3.4,3.4,3.4,3.4,3.4,3.45,4985,16949.0,22-FEB-2016,1,INE431L01016,
SESHAPAPER,EQ,220.0,227.5,213.0,219.55,220.0,222.05,43883,9521725.4,22-FEB-2016,40,INE630A01016,
SETFGOLD,EQ,2658.0,2660.0,2632.6,2638.2,2643.0,2660.3,2006,5317630.8,22-FEB-2016,360,INF200K01099,
SETFNIF50,EQ,72.7,73.0,72.7,72.87,72.8,72.7,9166,666793.75,22-FEB-2016,32,INF200KA1FS1,
SETFNIFBK,EQ,145.95,146.3,143.4,145.95,145.95,144.3,459,66584.75,22-FEB-2016,18,INF200KA1580,
SEZAL,EQ,5.25,5.25,5.0,5.0,5.0,5.1,2424,12219.85,22-FEB-2016,8,INE955I01036,
SFCL,EQ,104.2,107.7,104.2,105.25,105.95,105.85,16245,1713747.5,22-FEB-2016,87,INE935O01010,
SGFL,BE,2.35,2.35,2.25,2.35,2.25,2.35,255,598.75,22-FEB-2016,3,INE883G01018,
SGJHL,EQ,6.9,7.0,6.75,6.8,6.8,6.8,7733,52884.55,22-FEB-2016,31,INE553K01019,
SGL,EQ,6.9,6.9,6.65,6.65,6.65,6.75,2,13.55,22-FEB-2016,2,INE353H01010,
SHAHALLOYS,EQ,8.15,8.5,8.15,8.5,8.5,8.15,1332,11138.6,22-FEB-2016,10,INE640C01011,
SHAKTIPUMP,EQ,102.95,106.0,102.0,105.2,105.0,100.25,11895,1244678.35,22-FEB-2016,269,INE908D01010,
SHALPAINTS,EQ,122.0,122.0,116.6,118.2,119.0,121.3,11534,1367209.8,22-FEB-2016,319,INE849C01026,
SHANTIGEAR,EQ,85.95,85.95,81.1,81.35,81.8,82.15,35224,2893842.45,22-FEB-2016,181,INE631A01022,
SHARDACROP,EQ,225.0,225.0,221.0,221.4,221.0,222.8,3783,842551.75,22-FEB-2016,123,INE221J01015,
SHARDAMOTR,EQ,800.0,800.0,760.0,766.75,780.0,799.85,2097,1656331.75,22-FEB-2016,71,INE597I01010,
SHARIABEES,EQ,174.5,182.9,173.52,176.0,176.0,183.4,1060,188217.98,22-FEB-2016,15,INF732E01128,
SHARONBIO,EQ,17.5,17.8,16.2,17.25,17.15,17.2,162384,2822357.0,22-FEB-2016,724,INE028B01029,
SHEMAROO,EQ,265.05,269.8,256.85,258.7,258.55,267.6,17458,4562572.65,22-FEB-2016,611,INE363M01019,
SHILPAMED,EQ,419.9,421.9,412.0,413.3,412.5,415.6,40431,16831184.4,22-FEB-2016,1774,INE790G01031,
SHILPI,EQ,47.6,48.95,44.1,47.1,47.4,47.25,101328,4779628.05,22-FEB-2016,837,INE510K01019,
SHIRPUR-G,EQ,65.0,65.0,61.25,63.2,63.95,61.6,12291,771825.65,22-FEB-2016,51,INE196B01016,
SHIVAMAUTO,EQ,46.0,48.6,45.5,48.05,48.15,44.75,95429,4515498.3,22-FEB-2016,1204,INE637H01024,
SHIVTEX,EQ,86.1,90.2,86.0,88.55,88.2,87.65,17126,1518081.8,22-FEB-2016,368,INE705C01012,
SHK,EQ,240.6,242.95,237.1,238.25,237.1,239.25,24413,5855080.0,22-FEB-2016,1388,INE500L01026,
SHOPERSTOP,EQ,345.15,347.95,341.15,344.85,343.1,345.35,37489,12888494.85,22-FEB-2016,481,INE498B01024,
SHREECEM,EQ,10656.0,10899.2,10653.0,10801.05,10810.0,10653.9,9947,107430084.65,22-FEB-2016,2557,INE070A01015,
SHREEPUSHK,EQ,108.4,110.9,107.4,108.7,108.15,109.3,51185,5584402.6,22-FEB-2016,1158,INE712K01011,
SHREERAMA,BE,6.25,6.45,6.25,6.35,6.25,6.55,59252,377200.0,22-FEB-2016,16,INE879A01019,
SHRENUJ,EQ,12.6,13.2,12.2,12.65,12.65,12.65,16056,204638.6,22-FEB-2016,83,INE633A01028,
SHREYAS,EQ,204.8,207.7,204.1,207.7,207.7,197.85,8087,1675116.6,22-FEB-2016,93,INE757B01015,
SHRIRAMCIT,EQ,1441.05,1470.0,1440.0,1460.7,1470.0,1441.25,393,571635.65,22-FEB-2016,92,INE722A01011,
SHRIRAMEPC,EQ,28.0,28.45,27.0,27.25,27.3,28.7,72560,2005257.0,22-FEB-2016,700,INE964H01014,
SHYAMCENT,EQ,5.75,5.75,5.05,5.05,5.05,5.45,2811,15162.2,22-FEB-2016,9,INE979R01011,
SHYAMTEL,EQ,29.75,33.8,28.8,31.7,31.95,29.0,68857,2181427.45,22-FEB-2016,740,INE635A01023,
SICAGEN,EQ,16.5,16.5,16.1,16.4,16.4,16.2,4363,70803.15,22-FEB-2016,27,INE176J01011,
SICAL,EQ,127.95,131.8,125.1,125.95,125.1,126.3,4294,544125.45,22-FEB-2016,82,INE075B01012,
SIEMENS,EQ,1042.1,1058.25,1032.05,1036.4,1034.5,1041.2,227743,237996596.9,22-FEB-2016,9682,INE003A01024,
SIGNET,EQ,39.5,40.9,39.0,39.0,39.0,43.3,863266,33796679.9,22-FEB-2016,655,INE529F01027,
SIL,BE,24.45,24.45,23.0,23.05,23.55,23.6,13090,303307.55,22-FEB-2016,23,INE173A01025,
SILINV,EQ,70.0,82.2,65.0,74.65,82.2,70.15,732,53499.35,22-FEB-2016,22,INE923A01015,
SIMPLEX,EQ,23.0,24.45,22.6,22.65,23.0,23.0,3873,90526.5,22-FEB-2016,34,INE898F01018,
SIMPLEXINF,EQ,228.9,244.9,221.3,230.2,231.0,220.45,30833,7177503.0,22-FEB-2016,1232,INE059B01024,
SINTEX,EQ,75.9,76.0,74.0,74.85,74.65,75.4,1385191,103650168.85,22-FEB-2016,8445,INE429C01035,
SITASHREE,BE,9.95,10.5,9.95,9.95,9.95,10.45,6969,69567.65,22-FEB-2016,26,INE686I01011,
SITICABLE,EQ,36.95,36.95,34.65,35.4,35.15,34.35,697297,24661844.2,22-FEB-2016,5173,INE965H01011,
SIYSIL,EQ,970.0,1020.5,957.1,1004.55,999.2,976.65,2340,2343790.25,22-FEB-2016,143,INE076B01010,
SJVN,EQ,28.75,28.75,28.4,28.5,28.75,28.6,783037,22324247.55,22-FEB-2016,2831,INE002L01015,
SKFINDIA,EQ,1189.0,1189.0,1138.15,1159.4,1162.8,1162.5,1493,1722341.5,22-FEB-2016,286,INE640A01023,
SKIL,EQ,27.9,28.95,27.0,27.3,27.5,27.75,4164,115234.9,22-FEB-2016,58,INE429F01012,
SKIPPER,EQ,146.0,146.0,138.2,139.25,139.0,139.95,20823,2924400.45,22-FEB-2016,467,INE439E01022,
SKMEGGPROD,EQ,93.95,94.0,90.4,92.65,92.8,90.4,47598,4383632.45,22-FEB-2016,861,INE411D01015,
SKSMICRO,EQ,500.0,508.3,492.3,498.3,497.5,496.85,1251328,625137398.1,22-FEB-2016,36955,INE180K01011,
SMARTLINK,EQ,81.0,91.0,80.0,87.2,85.55,81.7,178396,15662200.5,22-FEB-2016,2302,INE178C01020,
SMLISUZU,EQ,735.0,747.75,725.0,734.7,736.8,731.7,42080,31001523.5,22-FEB-2016,3190,INE294B01019,
SMPL,EQ,2.3,2.65,2.3,2.45,2.5,2.5,60653,149526.6,22-FEB-2016,55,INE215G01021,
SMSPHARMA,EQ,80.0,81.9,79.1,79.8,79.7,79.4,70614,5656297.0,22-FEB-2016,695,INE812G01025,
SNOWMAN,EQ,51.0,52.0,50.15,51.55,51.5,50.45,229377,11801506.2,22-FEB-2016,3394,INE734N01019,
SOBHA,EQ,246.0,247.0,241.0,241.9,241.0,242.7,19171,4656082.3,22-FEB-2016,655,INE671H01015,
SOLARINDS,EQ,3243.0,3343.0,3230.0,3274.85,3275.0,3244.1,544,1786353.9,22-FEB-2016,122,INE343H01011,
SOMANYCERA,EQ,347.05,351.8,344.5,345.1,346.85,347.75,2310,802016.7,22-FEB-2016,109,INE355A01028,
SOMATEX,EQ,5.0,5.4,5.0,5.4,5.4,5.15,650,3490.0,22-FEB-2016,7,INE314C01013,
SONASTEER,EQ,43.15,43.9,42.05,43.55,43.85,43.3,48035,2082482.45,22-FEB-2016,336,INE643A01035,
SONATSOFTW,EQ,139.65,141.7,136.35,141.0,141.5,136.5,112753,15701189.0,22-FEB-2016,1428,INE269A01021,
SOTL,EQ,464.4,469.0,455.3,467.15,467.95,469.4,730,339797.9,22-FEB-2016,67,INE035D01012,
SOUTHBANK,EQ,16.95,17.1,16.85,16.95,16.95,16.85,1761322,29901556.9,22-FEB-2016,5098,INE683A01023,
SPARC,EQ,266.5,270.3,262.2,264.3,263.35,265.1,125598,33422983.55,22-FEB-2016,3123,INE232I01014,
SPECIALITY,EQ,85.45,86.0,82.55,83.4,84.35,83.55,25634,2129889.2,22-FEB-2016,542,INE247M01014,
SPENTEX,EQ,2.65,2.65,2.5,2.65,2.65,2.55,22898,59645.75,22-FEB-2016,27,INE376C01020,
SPHEREGSL,EQ,57.8,59.35,57.5,57.8,58.1,57.55,16224,948958.6,22-FEB-2016,57,INE737B01033,
SPIC,EQ,20.35,20.95,20.35,20.5,20.6,20.0,214702,4431956.1,22-FEB-2016,936,INE147A01011,
SPICEMOBI,EQ,18.35,18.35,16.25,17.35,17.4,16.75,8206,138865.1,22-FEB-2016,51,INE927C01020,
SPLIL,EQ,28.0,28.65,26.9,27.0,27.0,28.2,3921,107495.5,22-FEB-2016,50,INE978G01016,
SPMLINFRA,EQ,57.55,61.0,57.5,58.2,57.7,58.8,1999,117044.35,22-FEB-2016,73,INE937A01023,
SPYL,EQ,1.25,1.3,1.25,1.3,1.3,1.25,87011,112124.7,22-FEB-2016,13,INE268L01020,
SQSBFSI,EQ,846.0,869.0,837.0,841.9,843.0,845.65,13189,11170658.0,22-FEB-2016,577,INE201K01015,
SREINFRA,EQ,52.45,53.2,51.7,52.1,51.8,51.75,473651,24765184.9,22-FEB-2016,2990,INE872A01014,
SRF,EQ,1111.0,1120.2,1085.6,1091.9,1094.0,1107.95,68278,74839192.0,22-FEB-2016,4720,INE647A01010,
SRGINFOTEC,BE,0.35,0.4,0.3,0.3,0.3,0.35,1502,510.6,22-FEB-2016,5,INE376A01032,
SRHHYPOLTD,EQ,58.95,59.0,54.0,58.75,58.75,58.0,3575,209825.15,22-FEB-2016,39,INE917H01012,
SRIPIPES,EQ,197.5,203.4,197.5,201.2,201.6,196.75,76453,15370549.2,22-FEB-2016,1617,INE943C01027,
SRSLTD,EQ,14.2,14.35,13.9,14.15,14.15,13.95,236912,3363432.7,22-FEB-2016,753,INE219H01039,
SRTRANSFIN,EQ,837.2,849.0,817.25,841.5,847.85,826.2,268169,222443591.85,22-FEB-2016,17061,INE721A01013,
SSWL,EQ,301.55,312.0,301.5,309.35,310.85,298.2,6108,1876477.3,22-FEB-2016,500,INE802C01017,
STAR,EQ,945.0,962.9,940.3,948.2,948.85,935.65,303069,287674394.15,22-FEB-2016,13025,INE939A01011,
STARPAPER,EQ,33.5,34.5,32.25,32.3,32.25,33.45,13002,427415.75,22-FEB-2016,92,INE733A01018,
STCINDIA,EQ,99.0,99.8,94.2,94.9,95.2,98.4,92579,8970282.25,22-FEB-2016,1583,INE655A01013,
STEL,EQ,26.9,26.9,23.6,24.8,24.9,23.65,1819,44335.85,22-FEB-2016,17,INE577L01016,
STERLINBIO,EQ,5.0,5.1,4.85,5.0,4.95,4.85,81825,407389.25,22-FEB-2016,168,INE324C01038,
STERTOOLS,EQ,435.0,435.0,415.5,425.0,425.0,429.95,98,41868.95,22-FEB-2016,19,INE334A01015,
STOREONE,EQ,41.6,43.8,41.6,43.8,43.8,41.75,8272,358825.9,22-FEB-2016,94,INE034H01016,
STRTECH,EQ,77.0,78.3,74.45,77.65,77.1,76.6,332672,25617002.0,22-FEB-2016,3328,INE089C01029,
STYABS,EQ,509.5,520.9,498.0,499.8,499.85,509.5,13145,6634948.2,22-FEB-2016,326,INE189B01011,
SUBEX,EQ,9.3,9.35,9.1,9.15,9.1,9.15,2119771,19548709.55,22-FEB-2016,2229,INE754A01014,
SUBROS,EQ,81.05,82.5,80.4,82.0,81.85,81.4,21700,1771566.5,22-FEB-2016,339,INE287B01021,
SUDAR,EQ,3.1,3.35,3.0,3.2,3.2,3.05,62897,195507.75,22-FEB-2016,69,INE384L01017,
SUDARSCHEM,EQ,81.5,84.9,81.5,83.2,83.0,80.55,23278,1935817.65,22-FEB-2016,400,INE659A01023,
SUJANATWR,EQ,10.25,10.8,10.25,10.5,10.55,10.65,83755,873172.05,22-FEB-2016,183,INE333I01036,
SUJANAUNI,EQ,1.4,1.4,1.35,1.4,1.4,1.4,88268,119737.8,22-FEB-2016,27,INE216G01011,
SUMEETINDS,EQ,11.2,11.75,10.95,11.1,11.15,11.5,1096810,12357405.65,22-FEB-2016,1494,INE235C01010,
SUMMITSEC,EQ,248.5,258.4,242.5,250.8,258.0,249.05,959,239971.6,22-FEB-2016,73,INE519C01017,
SUNCLAYLTD,EQ,1988.0,1998.5,1880.0,1944.4,1929.8,1988.45,1585,3071031.05,22-FEB-2016,304,INE105A01035,
SUNDARAM,EQ,2.6,2.65,2.4,2.5,2.45,2.55,89492,228294.4,22-FEB-2016,63,INE108E01023,
SUNDARMFIN,EQ,1152.0,1159.0,1125.0,1142.0,1144.95,1148.05,19868,22554122.8,22-FEB-2016,1410,INE660A01013,
SUNDRMBRAK,EQ,250.0,250.0,243.0,245.95,245.0,245.0,1356,332506.9,22-FEB-2016,10,INE073D01013,
SUNDRMFAST,EQ,142.5,142.65,141.0,142.0,142.0,142.95,30109,4273340.65,22-FEB-2016,488,INE387A01021,
SUNFLAG,EQ,20.55,21.3,20.55,21.0,21.0,20.75,3222,67628.15,22-FEB-2016,20,INE947A01014,
SUNILHITEC,EQ,220.25,228.0,220.25,222.25,222.5,218.9,24518,5488308.75,22-FEB-2016,650,INE305H01010,
SUNPHARMA,EQ,871.95,885.8,868.0,882.45,883.35,864.2,2302969,2025832763.6,22-FEB-2016,73195,INE044A01036,
SUNTECK,EQ,199.0,204.85,196.1,200.7,199.0,203.0,24519,4924249.2,22-FEB-2016,231,INE805D01026,
SUNTV,EQ,329.7,333.8,325.2,329.05,328.5,328.2,430856,141543322.7,22-FEB-2016,10652,INE424H01027,
SUPERHOUSE,EQ,145.0,146.0,138.7,141.4,141.0,143.35,2521,360173.85,22-FEB-2016,88,INE712B01010,
SUPERSPIN,EQ,7.55,7.6,7.1,7.2,7.2,7.4,17008,125820.5,22-FEB-2016,44,INE662A01027,
SUPPETRO,EQ,103.45,104.1,102.5,103.55,104.0,102.0,10510,1086704.05,22-FEB-2016,186,INE663A01017,
SUPRAJIT,EQ,143.7,143.85,134.7,136.75,136.0,139.45,66149,9115159.85,22-FEB-2016,1847,INE399C01030,
SUPREMEIND,EQ,692.9,692.9,670.05,673.75,672.55,688.35,28340,19279329.55,22-FEB-2016,1898,INE195A01028,
SUPREMEINF,EQ,71.25,75.95,71.25,72.8,72.35,71.25,31074,2307451.75,22-FEB-2016,573,INE550H01011,
SUPREMETEX,EQ,4.35,4.35,4.35,4.35,4.35,4.55,8148,35443.8,22-FEB-2016,17,INE651G01027,
SURANAIND,EQ,7.75,7.75,6.8,6.9,7.1,7.35,33526,234636.85,22-FEB-2016,36,INE659D01019,
SURANASOL,EQ,25.5,25.6,24.45,24.8,24.8,25.05,22687,570854.55,22-FEB-2016,130,INE272L01022,
SURANAT&P,EQ,5.25,5.4,5.25,5.4,5.4,5.55,1770,9509.25,22-FEB-2016,15,INE130B01031,
SURYAJYOTI,EQ,8.2,9.15,7.75,8.65,9.15,8.2,12990,106905.05,22-FEB-2016,49,INE411C01017,
SURYALAXMI,EQ,91.6,95.0,90.8,94.8,94.9,91.65,4909,459337.65,22-FEB-2016,43,INE713B01026,
SURYAROSNI,EQ,135.1,136.9,132.9,135.1,134.6,135.4,111359,15087342.9,22-FEB-2016,1593,INE335A01012,
SUTLEJTEX,EQ,441.0,442.5,432.0,440.4,442.0,441.95,1591,698436.2,22-FEB-2016,61,INE645H01019,
SUVEN,EQ,146.0,153.8,146.0,150.55,150.6,146.4,723449,108967366.7,22-FEB-2016,12244,INE495B01038,
SUZLON,EQ,13.3,13.65,13.1,13.35,13.4,13.15,18480250,247869740.8,22-FEB-2016,15529,INE040H01021,
SVOGL,BE,6.3,6.45,5.95,6.15,6.25,6.25,6295,38700.95,22-FEB-2016,31,INE756B01017,
SWANENERGY,EQ,63.95,63.95,62.95,63.0,63.0,63.05,237184,14968625.0,22-FEB-2016,586,INE665A01038,
SWARAJENG,EQ,788.0,814.8,788.0,808.85,814.0,797.1,1195,962215.8,22-FEB-2016,202,INE277A01016,
SWELECTES,EQ,392.35,414.0,388.5,400.15,396.0,386.65,5810,2333304.85,22-FEB-2016,409,INE409B01013,
SYMPHONY,EQ,2019.0,2054.95,2012.0,2044.6,2050.0,2012.3,5448,11103372.2,22-FEB-2016,871,INE225D01027,
SYNCOM,EQ,6.65,6.75,6.45,6.45,6.45,6.75,458354,2987416.25,22-FEB-2016,479,INE602K01014,
SYNDIBANK,EQ,52.8,53.0,51.75,52.1,52.0,52.6,1655769,86680396.6,22-FEB-2016,9416,INE667A01018,
SYNGENE,EQ,383.0,399.95,382.0,396.7,394.0,382.8,53519,21095282.35,22-FEB-2016,3805,INE398R01022,
TAINWALCHM,EQ,36.0,37.6,34.1,36.25,36.25,35.75,242,8975.2,22-FEB-2016,16,INE123C01018,
TAJGVK,EQ,70.9,71.0,67.25,69.9,70.1,66.9,63523,4364423.2,22-FEB-2016,1485,INE586B01026,
TAKE,EQ,136.95,139.4,136.1,137.4,137.9,136.5,103033,14176364.05,22-FEB-2016,2776,INE142I01023,
TALBROAUTO,EQ,89.0,92.0,89.0,91.0,90.8,89.35,6296,572005.45,22-FEB-2016,97,INE187D01011,
TALWALKARS,EQ,206.0,211.9,204.1,205.4,205.0,205.0,25436,5272093.25,22-FEB-2016,780,INE502K01016,
TANLA,EQ,30.35,32.1,30.35,31.95,32.1,30.6,261057,8288183.65,22-FEB-2016,980,INE483C01032,
TANTIACONS,EQ,18.55,20.9,17.55,18.1,17.9,19.1,12053,218200.2,22-FEB-2016,112,INE388G01018,
TARAJEWELS,EQ,42.4,44.95,41.5,43.35,43.5,41.8,76031,3311561.45,22-FEB-2016,808,INE799L01016,
TARAPUR,EQ,6.35,6.35,5.5,5.65,5.9,5.6,3792,22040.9,22-FEB-2016,14,INE747K01017,
TARMAT,EQ,27.7,27.7,23.7,26.0,26.0,25.8,352,8885.7,22-FEB-2016,9,INE924H01018,
TATACHEM,EQ,331.5,336.75,329.95,334.15,333.0,329.95,339505,113298462.35,22-FEB-2016,11466,INE092A01019,
TATACOFFEE,EQ,87.85,88.2,86.65,87.0,87.0,87.55,113909,9952150.15,22-FEB-2016,1457,INE493A01027,
TATACOMM,EQ,345.0,352.75,344.45,349.95,349.0,345.25,131824,46000276.25,22-FEB-2016,3394,INE151A01013,
TATAELXSI,EQ,1915.7,1940.0,1896.1,1913.25,1914.0,1895.15,382344,734754566.8,22-FEB-2016,17976,INE670A01012,
TATAGLOBAL,EQ,107.3,109.85,107.0,109.1,109.0,107.3,1151733,125333755.55,22-FEB-2016,9016,INE192A01025,
TATAINVEST,EQ,476.95,478.4,472.1,473.55,473.2,473.5,2600,1233807.8,22-FEB-2016,217,INE672A01018,
TATAMETALI,EQ,88.0,94.0,87.05,92.35,92.3,86.85,137810,12695022.25,22-FEB-2016,2540,INE056C01010,
TATAMOTORS,EQ,320.0,324.2,313.6,318.85,319.8,318.2,8699779,2766945427.1,22-FEB-2016,110227,INE155A01022,
TATAMTRDVR,EQ,246.7,247.7,238.1,242.1,243.15,244.75,819900,198215366.25,22-FEB-2016,16340,IN9155A01020,
TATAPOWER,EQ,59.45,59.45,58.4,58.6,58.6,58.8,1875698,110220797.8,22-FEB-2016,9852,INE245A01021,
TATASPONGE,EQ,378.9,387.5,375.0,382.45,384.5,375.65,105006,40064753.0,22-FEB-2016,3992,INE674A01014,
TATASTEEL,EQ,253.6,257.5,251.7,255.25,255.55,253.25,4810335,1225534852.8,22-FEB-2016,48123,INE081A01012,
TBZ,EQ,51.55,53.3,51.55,52.45,53.3,52.05,48558,2548876.35,22-FEB-2016,946,INE760L01018,
TCI,EQ,220.0,238.4,220.0,230.3,233.0,218.75,59053,13624090.5,22-FEB-2016,1505,INE688A01022,
TCIDEVELOP,EQ,298.2,299.05,286.0,298.95,299.0,299.5,1906,564193.6,22-FEB-2016,39,INE662L01016,
TCIFINANCE,EQ,23.0,23.0,19.35,20.05,20.0,21.85,29328,594316.9,22-FEB-2016,193,INE911B01018,
TCS,EQ,2320.25,2343.0,2305.0,2315.9,2325.0,2319.65,662442,1543532713.85,22-FEB-2016,49580,INE467B01029,
TDPOWERSYS,EQ,235.0,237.95,228.6,229.3,229.05,233.0,6754,1570428.65,22-FEB-2016,179,INE419M01019,
TEAMLEASE,EQ,1157.0,1175.0,1086.65,1124.6,1117.0,1150.8,743284,844010664.35,22-FEB-2016,41171,INE985S01024,
TECHM,EQ,440.55,441.9,426.55,431.7,431.0,440.5,1155619,498124444.2,22-FEB-2016,45892,INE669C01036,
TECHNO,EQ,465.0,473.9,460.0,464.5,465.0,464.1,939,437542.7,22-FEB-2016,100,INE286K01024,
TECHNOFAB,EQ,153.0,153.0,148.2,148.5,148.5,150.45,3310,496393.8,22-FEB-2016,43,INE509K01011,
TEXINFRA,EQ,35.5,36.6,35.0,35.9,36.0,34.95,539328,19290434.45,22-FEB-2016,1453,INE435C01024,
TEXMOPIPES,EQ,21.9,22.9,21.05,22.3,22.25,20.85,211395,4762230.3,22-FEB-2016,972,INE141K01013,
TEXRAIL,EQ,146.0,148.5,140.0,141.2,141.7,143.55,1227487,177159959.85,22-FEB-2016,14782,INE621L01012,
TFCILTD,EQ,41.45,43.1,40.5,42.65,43.0,40.0,379737,15898868.15,22-FEB-2016,2786,INE305A01015,
TGBHOTELS,EQ,75.95,77.5,74.1,74.6,74.7,75.15,27393,2064764.5,22-FEB-2016,395,INE797H01018,
THANGAMAYL,EQ,190.1,191.0,188.2,191.0,191.0,193.0,2006,382139.3,22-FEB-2016,9,INE085J01014,
THEMISMED,EQ,288.0,288.0,272.2,279.95,282.0,282.85,362,101252.55,22-FEB-2016,29,INE083B01016,
THERMAX,EQ,777.75,797.05,753.05,758.25,754.0,777.75,43388,33351108.05,22-FEB-2016,1967,INE152A01029,
THIRUSUGAR,EQ,32.8,32.8,32.8,32.8,32.8,34.6,100,3280.0,22-FEB-2016,1,INE409A01015,
THOMASCOOK,EQ,197.0,198.4,193.0,197.15,194.35,195.15,39950,7830579.9,22-FEB-2016,2604,INE332A01027,
THOMASCOTT,BE,10.05,10.05,10.05,10.05,10.05,10.55,1025,10301.25,22-FEB-2016,2,INE480M01011,
TI,EQ,17.0,17.0,16.4,16.45,16.5,16.7,165801,2768732.8,22-FEB-2016,545,INE133E01013,
TIDEWATER,EQ,23601.0,25879.95,23600.05,24440.3,24460.0,23510.7,9109,225417613.8,22-FEB-2016,5976,INE484C01014,
TIIL,EQ,196.0,198.5,190.25,196.0,196.0,193.1,5023,976240.5,22-FEB-2016,188,INE545H01011,
TIJARIA,BE,5.75,6.35,5.75,6.1,6.3,6.05,32226,186701.95,22-FEB-2016,63,INE440L01017,
TIL,EQ,340.0,359.0,340.0,351.5,354.25,339.6,9380,3300089.25,22-FEB-2016,530,INE806C01018,
TIMESGTY,EQ,19.55,19.55,18.0,18.2,18.2,19.55,500,9453.1,22-FEB-2016,5,INE289C01025,
TIMETECHNO,EQ,50.0,50.9,49.0,49.15,49.0,49.45,40532,2010584.2,22-FEB-2016,228,INE508G01029,
TIMKEN,EQ,445.0,445.0,432.15,435.9,435.9,432.95,5313,2334186.0,22-FEB-2016,240,INE325A01013,
TINPLATE,EQ,61.55,62.4,61.0,61.75,61.95,61.45,39726,2451955.25,22-FEB-2016,375,INE422C01014,
TIPSINDLTD,EQ,60.1,61.35,59.3,59.9,59.3,60.2,1006,60660.7,22-FEB-2016,17,INE716B01011,
TIRUMALCHM,EQ,151.0,151.5,147.6,148.0,147.8,148.2,9560,1425858.85,22-FEB-2016,169,INE338A01016,
TITAN,EQ,337.7,339.4,326.3,337.9,339.1,334.7,873701,292260204.95,22-FEB-2016,18654,INE280A01028,
TNPETRO,EQ,23.5,23.7,23.15,23.3,23.2,23.05,70172,1643844.45,22-FEB-2016,261,INE148A01019,
TNPL,EQ,212.2,214.3,206.35,208.25,208.4,213.8,77193,16140478.5,22-FEB-2016,4130,INE107A01015,
TNTELE,BE,3.0,3.0,3.0,3.0,3.0,3.15,221,663.0,22-FEB-2016,7,INE141D01018,
TOKYOPLAST,EQ,59.4,59.65,58.9,59.65,59.65,56.85,4786,284183.6,22-FEB-2016,53,INE932C01012,
TORNTPHARM,EQ,1335.0,1354.6,1304.6,1350.2,1351.7,1334.8,136956,183998167.8,22-FEB-2016,19008,INE685A01028,
TORNTPOWER,EQ,225.65,229.75,222.2,223.05,223.0,225.35,514897,116193892.15,22-FEB-2016,13219,INE813H01021,
TPLPLASTEH,EQ,166.05,170.0,166.0,170.0,170.0,174.0,349,58930.05,22-FEB-2016,7,INE413G01014,
TREEHOUSE,EQ,84.9,89.0,80.0,86.3,86.2,81.05,3997589,328143706.45,22-FEB-2016,19050,INE040M01013,
TRENT,EQ,1446.0,1455.0,1421.0,1426.85,1427.0,1445.3,649,932535.4,22-FEB-2016,200,INE849A01012,
TRF,EQ,244.5,250.0,237.15,238.65,239.0,242.35,26898,6530558.0,22-FEB-2016,1418,INE391D01019,
TRICOM,EQ,2.8,2.8,2.75,2.8,2.8,2.55,11400,31837.5,22-FEB-2016,9,INE771B01032,
TRIDENT,EQ,45.0,47.25,44.2,45.8,45.9,44.8,751380,34673794.4,22-FEB-2016,5438,INE064C01014,
TRIGYN,EQ,57.25,60.0,57.25,58.15,57.7,58.9,42649,2495973.7,22-FEB-2016,494,INE948A01012,
TRIL,EQ,224.95,232.8,218.4,220.8,220.0,224.1,1646,364992.2,22-FEB-2016,147,INE763I01018,
TRITURBINE,EQ,94.0,94.25,91.5,91.65,92.1,92.2,27682,2558311.9,22-FEB-2016,541,INE152M01016,
TRIVENI,EQ,38.9,39.9,38.4,38.5,38.5,39.0,247550,9652121.55,22-FEB-2016,969,INE256C01024,
TTKHLTCARE,EQ,930.0,930.0,880.0,891.9,895.0,893.25,268,238122.7,22-FEB-2016,28,INE910C01018,
TTKPRESTIG,EQ,4200.0,4246.6,4166.0,4221.25,4210.5,4200.25,783,3292214.6,22-FEB-2016,298,INE690A01010,
TTL,EQ,43.0,44.85,42.2,43.0,43.0,43.5,6700,288908.5,22-FEB-2016,202,INE592B01016,
TTML,EQ,5.95,6.65,5.9,6.25,6.3,5.9,1414046,8880762.05,22-FEB-2016,1620,INE517B01013,
TUBEINVEST,EQ,361.3,372.0,360.0,364.8,364.95,364.5,43313,15979409.35,22-FEB-2016,656,INE149A01025,
TULSI,EQ,3.05,3.2,3.05,3.05,3.05,3.2,6020,18364.0,22-FEB-2016,8,INE474I01012,
TV18BRDCST,EQ,36.9,37.15,36.5,36.95,37.1,36.65,1883959,69443225.7,22-FEB-2016,7093,INE886H01027,
TVSELECT,EQ,84.55,87.15,82.2,85.8,85.65,82.9,84288,7153985.65,22-FEB-2016,1914,INE236G01019,
TVSMOTOR,EQ,288.0,291.75,285.3,286.95,287.5,287.75,1015086,292193663.85,22-FEB-2016,13554,INE494B01023,
TVSSRICHAK,EQ,2240.0,2298.0,2240.0,2273.45,2273.05,2211.8,4071,9269617.9,22-FEB-2016,809,INE421C01016,
TVTODAY,EQ,324.0,327.0,312.15,314.05,313.95,324.05,123402,39255078.8,22-FEB-2016,3625,INE038F01029,
TWL,EQ,139.75,142.4,136.2,137.15,137.05,137.45,4093304,570824249.15,22-FEB-2016,36807,INE615H01020,
UBHOLDINGS,EQ,19.4,19.5,18.55,19.4,19.5,18.85,69333,1332328.35,22-FEB-2016,437,INE696A01025,
UBL,EQ,809.0,820.0,805.2,812.9,809.4,814.9,69551,56637396.7,22-FEB-2016,5670,INE686F01025,
UCALFUEL,EQ,95.5,95.5,92.65,93.3,93.4,93.55,5975,560943.8,22-FEB-2016,105,INE139B01016,
UCOBANK,EQ,32.35,32.7,31.8,32.25,32.45,32.3,1873074,60356059.95,22-FEB-2016,5315,INE691A01018,
UFLEX,EQ,140.9,144.45,140.55,141.05,141.45,141.05,108131,15330657.55,22-FEB-2016,3561,INE516A01017,
UFO,EQ,464.0,464.0,438.05,439.85,440.0,448.7,3294,1456159.15,22-FEB-2016,265,INE527H01019,
UGARSUGAR,EQ,12.9,12.95,12.25,12.25,12.25,12.5,4139,51631.65,22-FEB-2016,17,INE071E01023,
UJAAS,EQ,24.0,24.9,24.0,24.9,24.9,23.75,403921,10024056.75,22-FEB-2016,1421,INE899L01022,
ULTRACEMCO,EQ,2849.0,2930.0,2847.0,2923.1,2917.0,2844.7,291684,848565825.75,22-FEB-2016,25973,INE481G01011,
UMANGDAIRY,EQ,58.5,59.35,58.2,58.3,58.3,57.65,2388,140219.2,22-FEB-2016,82,INE864B01027,
UMESLTD,EQ,2.75,2.75,2.75,2.75,2.75,2.85,30,82.5,22-FEB-2016,1,INE240C01028,
UNICHEMLAB,EQ,206.0,206.0,199.0,201.85,203.0,201.25,89248,18025653.9,22-FEB-2016,1434,INE351A01035,
UNIENTER,EQ,33.9,34.85,31.3,33.3,34.0,31.6,1953,64178.1,22-FEB-2016,39,INE037A01022,
UNIONBANK,EQ,119.0,119.5,114.7,115.7,115.9,118.0,3327515,387958868.1,22-FEB-2016,23024,INE692A01016,
UNIPLY,EQ,123.8,123.8,120.05,121.8,121.6,118.8,8980,1095491.65,22-FEB-2016,99,INE950G01015,
UNITECH,EQ,3.85,3.95,3.8,3.9,3.9,3.85,31740218,123054368.65,22-FEB-2016,17185,INE694A01020,
UNITEDBNK,EQ,17.65,17.95,17.55,17.85,17.95,17.7,144317,2565355.2,22-FEB-2016,661,INE695A01019,
UNITEDTEA,EQ,444.0,445.0,444.0,444.5,445.0,425.95,60,26669.0,22-FEB-2016,3,INE458F01011,
UNITY,EQ,11.8,12.15,11.7,11.75,11.85,11.65,22601,268820.15,22-FEB-2016,117,INE466H01028,
UNIVCABLES,EQ,66.6,73.5,66.6,71.0,71.0,70.0,546,39037.15,22-FEB-2016,16,INE279A01012,
UPERGANGES,EQ,53.0,55.95,53.0,55.45,55.95,54.55,5682,307629.45,22-FEB-2016,46,INE018B01012,
UPL,EQ,399.0,402.95,392.0,394.7,394.9,398.05,626194,247969275.3,22-FEB-2016,15952,INE628A01036,
USHAMART,EQ,8.2,8.35,7.95,7.95,7.95,8.2,384110,3110089.85,22-FEB-2016,1624,INE228A01035,
USHERAGRO,EQ,29.0,29.85,28.35,29.35,29.0,28.7,23587,693499.35,22-FEB-2016,229,INE235G01011,
UTINIFTETF,EQ,729.0,731.05,723.0,723.0,723.0,722.0,234,170213.75,22-FEB-2016,4,INF789FB1X41,
UTTAMSTL,EQ,25.85,25.95,24.8,25.0,24.85,25.0,35083,883644.4,22-FEB-2016,353,INE699A01011,
UTTAMSUGAR,EQ,19.25,19.25,18.2,19.0,19.0,19.35,7668,144528.65,22-FEB-2016,103,INE786F01031,
UTTAMVALUE,EQ,3.2,3.7,3.2,3.5,3.5,3.3,139356,492374.05,22-FEB-2016,117,INE292A01015,
V2RETAIL,EQ,47.25,47.8,46.0,46.65,47.0,46.6,59132,2762915.45,22-FEB-2016,677,INE945H01013,
VADILALIND,EQ,470.0,470.0,456.6,460.7,465.0,462.95,7358,3398013.95,22-FEB-2016,234,INE694D01016,
VAIBHAVGBL,EQ,351.95,374.7,350.0,364.65,365.9,348.6,4774,1718775.4,22-FEB-2016,334,INE884A01019,
VAKRANGEE,EQ,205.5,207.95,202.25,204.9,204.75,204.05,1178995,242447803.95,22-FEB-2016,4570,INE051B01021,
VALECHAENG,EQ,32.6,33.5,32.0,32.15,32.0,32.85,35137,1135299.85,22-FEB-2016,395,INE624C01015,
VALUEIND,EQ,12.6,13.9,12.55,12.8,13.0,12.35,9479,125610.2,22-FEB-2016,96,INE352A01017,
VARDHACRLC,EQ,30.0,31.0,30.0,30.7,31.0,30.25,6714,204613.75,22-FEB-2016,22,INE116G01013,
VARDMNPOLY,EQ,35.5,37.9,35.5,36.5,36.5,36.25,227,8400.0,22-FEB-2016,7,INE835A01011,
VASCONEQ,EQ,24.25,24.9,23.8,24.15,24.2,24.25,122630,2978690.9,22-FEB-2016,576,INE893I01013,
VASWANI,EQ,7.0,7.0,7.0,7.0,7.0,6.8,20,140.0,22-FEB-2016,1,INE590L01019,
VEDL,EQ,74.6,75.35,72.65,74.1,74.5,74.65,12623508,933839639.15,22-FEB-2016,46256,INE205A01025,
VENKEYS,EQ,244.85,249.0,237.0,245.8,248.0,239.55,4251,1035567.25,22-FEB-2016,210,INE398A01010,
VENUSREM,EQ,90.5,92.0,89.0,90.25,90.2,91.45,42634,3857891.35,22-FEB-2016,811,INE411B01019,
VESUVIUS,EQ,696.9,718.0,696.9,716.2,708.0,696.9,709,504561.05,22-FEB-2016,71,INE386A01015,
VETO,EQ,100.9,103.85,100.5,101.4,100.5,100.35,11244,1148497.1,22-FEB-2016,264,INE918N01018,
VGUARD,EQ,844.0,850.0,832.0,841.3,840.0,844.35,3841,3229576.2,22-FEB-2016,434,INE951I01019,
VHL,EQ,846.0,846.0,830.05,830.05,830.05,845.6,10,8380.25,22-FEB-2016,2,INE701A01023,
VICEROY,EQ,15.0,15.75,15.0,15.2,15.2,15.45,22413,343795.65,22-FEB-2016,96,INE048C01017,
VIDEOIND,EQ,109.6,109.9,108.5,108.95,108.5,109.35,41199,4488121.3,22-FEB-2016,570,INE703A01011,
VIJAYABANK,EQ,31.5,31.65,30.95,31.2,31.3,31.5,191218,5981801.8,22-FEB-2016,2740,INE705A01016,
VIJSHAN,EQ,8.95,9.3,8.35,9.0,9.0,8.95,5166,45686.05,22-FEB-2016,57,INE806F01011,
VIKASECO,EQ,13.1,14.4,11.6,12.95,13.0,13.0,3676992,48223622.7,22-FEB-2016,5404,INE806A01020,
VIMALOIL,EQ,47.0,48.0,46.2,46.5,46.5,46.6,2727,128980.0,22-FEB-2016,23,INE067D01015,
VIMTALABS,EQ,63.0,64.5,61.7,64.25,64.35,63.7,8128,519629.0,22-FEB-2016,177,INE579C01029,
VINATIORGA,EQ,379.45,380.0,363.0,369.35,368.0,373.4,124736,46138431.45,22-FEB-2016,1055,INE410B01029,
VINDHYATEL,EQ,582.5,631.0,582.5,622.35,615.0,583.15,8806,5399385.65,22-FEB-2016,297,INE707A01012,
VINYLINDIA,EQ,47.9,48.5,46.15,47.2,47.25,47.75,12144,583430.2,22-FEB-2016,234,INE250B01029,
VIPIND,EQ,97.0,97.0,93.0,94.25,94.6,95.3,97990,9226329.05,22-FEB-2016,1711,INE054A01027,
VIPULLTD,EQ,46.95,47.05,45.75,47.05,47.05,46.65,1212,56998.85,22-FEB-2016,4,INE946H01037,
VISAKAIND,EQ,95.85,98.9,93.0,97.75,97.4,95.8,19470,1893307.45,22-FEB-2016,428,INE392A01013,
VISASTEEL,EQ,13.9,14.2,13.6,14.0,14.15,13.9,6230,87543.75,22-FEB-2016,27,INE286H01012,
VISESHINFO,BE,0.1,0.1,0.05,0.05,0.1,0.1,745586,59354.25,22-FEB-2016,44,INE861A01058,
VISHNU,EQ,203.55,206.0,195.0,196.2,195.0,202.95,5808,1157273.5,22-FEB-2016,327,INE270I01014,
VISUINTL,EQ,1.55,1.55,1.55,1.55,1.55,1.6,250,387.5,22-FEB-2016,2,INE965A01016,
VIVIDHA,EQ,36.5,37.0,36.3,36.3,36.3,38.2,62575,2280633.5,22-FEB-2016,292,INE370E01029,
VIVIMEDLAB,EQ,404.85,419.5,399.0,417.05,418.0,402.2,20644,8531441.6,22-FEB-2016,668,INE526G01013,
VKSPL,EQ,0.1,0.1,0.1,0.1,0.1,0.1,1000,100.0,22-FEB-2016,1,INE213M01024,
VLSFINANCE,EQ,32.0,33.5,32.0,33.0,32.75,32.75,5502,180360.2,22-FEB-2016,55,INE709A01018,
VMART,EQ,465.1,472.0,445.2,456.3,456.1,463.6,776,356059.0,22-FEB-2016,65,INE665J01013,
VOLTAMP,EQ,710.0,729.9,710.0,724.1,725.0,717.65,1574,1135018.05,22-FEB-2016,178,INE540H01012,
VOLTAS,EQ,239.3,241.0,234.15,238.45,240.0,237.15,758935,180382960.2,22-FEB-2016,10900,INE226A01021,
VRLLOG,EQ,312.55,318.05,309.3,314.85,315.0,309.5,50969,15959250.75,22-FEB-2016,2006,INE366I01010,
VSSL,EQ,48.85,48.85,46.2,47.5,47.5,46.75,841,40184.7,22-FEB-2016,12,INE050M01012,
VSTIND,EQ,1623.0,1646.6,1592.1,1632.35,1636.0,1617.65,1199,1932609.2,22-FEB-2016,255,INE710A01016,
VSTTILLERS,EQ,1385.0,1439.0,1385.0,1411.85,1405.0,1378.1,1253,1766074.35,22-FEB-2016,305,INE764D01017,
VTL,EQ,759.45,771.0,752.0,757.8,757.0,757.8,11305,8611484.55,22-FEB-2016,1152,INE825A01012,
WABAG,EQ,528.0,528.0,510.0,511.25,510.0,519.05,51264,26506920.4,22-FEB-2016,2036,INE956G01038,
WABCOINDIA,EQ,5614.95,5614.95,5473.05,5543.5,5537.0,5548.65,1171,6483518.6,22-FEB-2016,343,INE342J01019,
WALCHANNAG,EQ,137.85,142.95,137.3,138.55,138.5,137.25,167693,23435123.4,22-FEB-2016,2931,INE711A01022,
WANBURY,BE,38.0,41.5,38.0,41.45,41.2,39.55,5765,232491.6,22-FEB-2016,74,INE107F01022,
WEBELSOLAR,EQ,31.6,34.35,31.6,33.6,33.75,32.05,8981,296623.95,22-FEB-2016,148,INE855C01015,
WEIZFOREX,EQ,164.55,164.55,157.6,161.25,161.0,163.05,5368,866590.05,22-FEB-2016,63,INE726L01019,
WEIZMANIND,EQ,20.0,20.0,18.55,18.7,18.7,20.0,454,8588.95,22-FEB-2016,7,INE080A01014,
WELCORP,EQ,84.0,86.0,84.0,85.4,85.8,84.35,132204,11249788.85,22-FEB-2016,1846,INE191B01025,
WELENT,EQ,44.4,47.5,44.3,46.9,46.9,45.2,92195,4280301.45,22-FEB-2016,281,INE625G01013,
WELINV,EQ,51.95,52.0,49.5,52.0,52.0,50.3,111,5623.2,22-FEB-2016,8,INE389K01018,
WELSPUNIND,EQ,867.5,878.0,861.0,871.15,871.7,867.35,129829,112619720.3,22-FEB-2016,3614,INE192B01023,
WENDT,EQ,1789.95,1789.95,1750.0,1751.25,1751.0,1730.0,8,14114.85,22-FEB-2016,6,INE274C01019,
WHEELS,EQ,880.0,890.0,851.0,855.55,851.05,862.6,1235,1067354.55,22-FEB-2016,249,INE715A01015,
WHIRLPOOL,EQ,608.0,629.9,596.0,613.5,611.0,601.75,26868,16606306.85,22-FEB-2016,2527,INE716A01013,
WILLAMAGOR,EQ,55.95,58.0,54.0,55.4,55.0,55.0,5791,323152.05,22-FEB-2016,49,INE210A01017,
WINDMACHIN,EQ,34.75,34.75,30.05,33.35,33.65,33.0,27123,901459.5,22-FEB-2016,157,INE052A01021,
WINSOME,BE,1.1,1.1,1.05,1.1,1.1,1.05,3359,3693.4,22-FEB-2016,7,INE784B01035,
WIPRO,EQ,547.2,548.1,536.5,542.75,540.05,547.35,847687,458931760.75,22-FEB-2016,29509,INE075A01022,
WOCKPHARMA,EQ,817.8,820.05,788.4,810.7,809.9,805.4,1502735,1215568850.9,22-FEB-2016,40583,INE049B01025,
WONDERLA,EQ,370.0,372.7,348.3,359.75,362.0,366.65,44149,15912919.55,22-FEB-2016,3149,INE066O01014,
WSTCSTPAPR,EQ,59.55,61.0,58.3,60.3,60.9,59.75,16187,973834.7,22-FEB-2016,144,INE976A01021,
XCHANGING,EQ,39.0,39.0,36.75,37.95,37.8,37.65,5686,215626.45,22-FEB-2016,52,INE692G01013,
XLENERGY,EQ,3.5,3.5,3.5,3.5,3.5,3.4,500,1750.0,22-FEB-2016,3,INE183H01011,
XPROINDIA,EQ,41.8,44.0,39.9,40.0,39.95,41.05,13378,542470.75,22-FEB-2016,116,INE445C01015,
YESBANK,EQ,716.0,720.5,709.2,712.75,712.1,712.55,1729795,1236119397.45,22-FEB-2016,42241,INE528G01019,
ZANDUREALT,EQ,1299.95,1326.05,1281.5,1297.4,1299.0,1288.1,1624,2114688.8,22-FEB-2016,378,INE719A01017,
ZEEL,EQ,383.85,395.0,383.0,392.9,391.5,383.85,1437597,563326974.3,22-FEB-2016,25979,INE256A01028,
ZEELEARN,EQ,31.45,31.45,30.5,30.85,31.0,30.7,31715,981531.95,22-FEB-2016,290,INE565L01011,
ZEEMEDIA,EQ,18.15,18.25,17.7,17.8,17.8,18.0,187203,3365322.8,22-FEB-2016,535,INE966H01019,
ZENITHBIR,EQ,0.75,0.8,0.75,0.75,0.75,0.8,3178,2388.55,22-FEB-2016,10,INE318D01020,
ZENSARTECH,EQ,855.0,866.9,844.7,855.1,861.0,848.15,16422,14072944.4,22-FEB-2016,1823,INE520A01019,
ZENTEC,EQ,72.1,74.35,71.7,71.95,72.6,73.75,88671,6459163.9,22-FEB-2016,830,INE251B01027,
ZICOM,EQ,76.95,78.3,71.1,71.9,71.9,75.8,72279,5366715.5,22-FEB-2016,1012,INE871B01014,
ZODIACLOTH,EQ,246.3,246.4,230.0,233.0,233.0,231.65,153,35690.25,22-FEB-2016,16,INE206B01013,
ZUARI,EQ,126.0,133.9,126.0,132.4,133.9,127.75,2317,302196.15,22-FEB-2016,134,INE840M01016,
ZUARIGLOB,EQ,93.1,95.25,92.9,94.7,95.25,91.2,1641,154331.2,22-FEB-2016,67,INE217A01012,
ZYDUSWELL,EQ,651.0,671.95,651.0,666.85,666.0,659.7,3029,2019234.0,22-FEB-2016,351,INE768C01010,
ZYLOG,BE,4.65,4.65,4.3,4.3,4.3,4.5,44619,193306.15,22-FEB-2016,97,INE225I01026,
