SYMBOL,SERIES,OPEN,HIGH,LOW,CLOSE,LAST,PREVCLOSE,TOTTRDQTY,TOTTRDVAL,TIMESTAMP,TOTALTRADES,ISIN,UNNAMED: 13
20MICRONS,EQ,173.5,173.5,165.25,167.15,166.5,170.55,74224,12460623.9,23-JAN-2024,5070,INE144J01027,
21STCENMGM,BE,39.05,39.05,39.05,39.05,39.05,38.3,2473,96570.65,23-JAN-2024,14,INE253B01015,
360ONE,EQ,644.0,644.9,610.0,619.0,624.95,637.65,448657,281248384.6,23-JAN-2024,26842,INE466L01038,
3IINFOLTD,EQ,56.55,60.8,55.55,56.15,56.4,55.6,11388995,666395746.85,23-JAN-2024,37736,INE748C01038,
3MINDIA,EQ,34850.0,34850.0,33305.0,33527.7,33350.0,33829.5,4424,150217940.75,23-JAN-2024,2998,INE470A01017,
3PLAND,EQ,39.25,39.25,35.55,35.55,36.4,37.4,63628,2367881.95,23-JAN-2024,1076,INE105C01023,
5PAISA,EQ,630.0,638.45,600.05,607.35,609.0,626.8,85461,52445493.15,23-JAN-2024,4560,INE618L01018,
63MOONS,BE,433.0,439.0,412.65,412.65,412.65,434.35,83455,35088365.15,23-JAN-2024,3694,INE111B01023,
A2ZINFRA,BE,14.0,14.0,13.5,13.5,13.5,13.75,155233,2152453.6,23-JAN-2024,112,INE619I01012,
AAATECH,BE,101.0,102.0,93.6,95.0,95.75,98.5,29039,2793220.15,23-JAN-2024,311,INE0D0U01013,
AAKASH,BE,9.35,9.35,9.35,9.35,9.35,9.5,87065,814057.75,23-JAN-2024,342,INE087Z01024,
AAREYDRUGS,BE,55.0,56.0,51.4,52.15,52.0,54.1,74083,3875568.25,23-JAN-2024,442,INE198H01019,
AARON,EQ,284.1,288.0,272.0,275.7,275.0,284.1,10815,3032000.5,23-JAN-2024,907,INE721Z01010,
AARTECH,EQ,145.7,145.95,140.0,141.0,144.0,144.8,9419,1346581.9,23-JAN-2024,846,INE01C001018,
AARTIDRUGS,EQ,540.0,541.85,533.6,535.45,535.15,536.9,294572,158023368.35,23-JAN-2024,12386,INE767A01016,
AARTIIND,EQ,676.0,677.3,636.8,642.4,645.75,670.15,2413185,1584551586.35,23-JAN-2024,70425,INE769A01020,
AARTIPHARM,EQ,545.0,555.0,532.85,538.8,540.0,524.4,468778,254118018.4,23-JAN-2024,32690,INE0LRU01027,
AARTISURF,EQ,781.0,781.0,723.0,729.25,734.95,754.95,176719,133358937.1,23-JAN-2024,17494,INE09EO01013,
AARVEEDEN,EQ,29.85,29.85,27.9,28.0,27.95,29.2,43982,1267766.85,23-JAN-2024,358,INE273D01019,
AARVI,EQ,150.5,151.45,147.2,148.3,149.0,151.6,20833,3110200.05,23-JAN-2024,755,INE754X01016,
AAVAS,EQ,1540.0,1540.0,1481.5,1502.15,1492.9,1525.65,451298,683069959.6,23-JAN-2024,14569,INE216P01012,
ABAN,BE,61.65,61.65,57.5,57.75,58.0,60.5,154438,9088792.25,23-JAN-2024,772,INE421A01028,
ABB,EQ,4750.95,4897.0,4735.9,4770.55,4769.9,4750.95,348426,1683134549.6,23-JAN-2024,43736,INE117A01022,
ABBOTINDIA,EQ,25205.05,25780.0,25205.05,25481.4,25530.0,25204.55,15952,408113544.35,23-JAN-2024,7295,INE358A01014,
ABCAPITAL,EQ,174.7,175.3,162.7,163.5,163.8,174.1,11742151,1968515295.05,23-JAN-2024,47838,INE674K01013,
ABFRL,EQ,226.9,228.5,221.45,222.7,223.5,225.75,3756257,845507287.25,23-JAN-2024,28066,INE647O01011,
ABMINTLLTD,BE,57.0,58.65,54.1,55.7,55.7,56.0,269,15062.1,23-JAN-2024,17,INE251C01025,
ABSLAMC,EQ,490.95,492.05,470.0,472.2,472.8,489.1,94824,45453545.8,23-JAN-2024,4470,INE404A01024,
ABSLBANETF,EQ,46.95,47.18,45.33,45.37,45.4,46.49,223539,10233019.55,23-JAN-2024,1442,INF209KB17D5,
ABSLLIQUID,EQ,999.99,1000.01,999.99,1000.01,1000.01,1000.0,5455,5455017.99,23-JAN-2024,28,INF209KB18T9,
ABSLNN50ET,EQ,56.96,56.96,54.7,55.06,55.8,56.53,10726,597675.29,23-JAN-2024,253,INF209KB16D7,
ACC,EQ,2309.0,2311.4,2199.5,2207.95,2220.95,2290.1,277970,624891226.3,23-JAN-2024,30801,INE012A01025,
ACCELYA,EQ,1799.95,1847.85,1754.0,1775.05,1761.0,1767.25,41052,73934241.4,23-JAN-2024,4645,INE793A01012,
ACCURACY,BE,15.55,15.55,14.1,14.15,14.1,14.85,2782643,41423430.6,23-JAN-2024,5475,INE648Z01023,
ACE,EQ,908.05,929.85,855.0,873.5,869.9,906.05,285661,255726279.65,23-JAN-2024,23188,INE731H01025,
ACEINTEG,EQ,40.9,40.9,39.0,39.35,39.15,40.45,12673,505886.6,23-JAN-2024,135,INE543V01017,
ACI,EQ,622.7,626.4,600.2,607.65,608.0,622.7,255805,157255525.85,23-JAN-2024,23645,INE128X01021,
ACL,EQ,124.55,130.95,120.9,123.5,124.8,121.65,105511,13404949.3,23-JAN-2024,1960,INE666E01020,
ACLGATI,EQ,127.45,127.7,122.85,123.6,123.8,126.35,338830,42455285.3,23-JAN-2024,5075,INE152B01027,
ADANIENSOL,EQ,1138.0,1145.65,1050.0,1056.15,1057.5,1129.05,2133688,2319477891.9,23-JAN-2024,91505,INE931S01010,
ADANIENT,EQ,3014.95,3014.95,2885.5,2896.55,2900.35,2987.9,1827002,5382124760.65,23-JAN-2024,101673,INE423A01024,
ADANIGREEN,EQ,1740.0,1745.0,1632.0,1680.9,1677.0,1678.3,1594674,2679630157.8,23-JAN-2024,75441,INE364U01010,
ADANIPORTS,EQ,1199.15,1207.2,1130.25,1137.1,1142.0,1193.0,7201014,8438380301.65,23-JAN-2024,157053,INE742F01042,
ADANIPOWER,BE,543.95,555.0,515.0,517.55,519.0,536.55,1439117,756976043.9,23-JAN-2024,34045,INE814H01011,
ADFFOODS,EQ,201.95,202.45,192.5,193.45,193.1,201.6,147405,28964815.75,23-JAN-2024,7793,INE982B01027,
ADL,BE,91.7,91.95,89.0,89.1,89.1,91.75,836,75517.3,23-JAN-2024,23,INE0CHO01012,
ADORWELD,EQ,1555.25,1578.6,1531.6,1540.05,1538.0,1555.25,13028,20253141.75,23-JAN-2024,4235,INE045A01017,
ADROITINFO,BE,19.85,19.85,19.85,19.85,19.85,20.25,34159,678056.15,23-JAN-2024,97,INE737B01033,
ADSL,EQ,195.0,201.25,183.0,186.45,187.7,187.35,4639073,902296253.45,23-JAN-2024,71633,INE102I01027,
ADVANIHOTR,EQ,127.0,135.45,125.0,130.85,132.7,118.3,2197586,285760019.75,23-JAN-2024,31690,INE199C01026,
ADVENZYMES,EQ,378.65,380.9,365.6,370.8,370.8,378.5,330589,122769476.3,23-JAN-2024,14025,INE837H01020,
AEGISCHEM,EQ,372.0,394.0,372.0,384.1,385.05,370.75,2281154,883494194.25,23-JAN-2024,59889,INE208C01025,
AEROFLEX,EQ,166.0,166.35,155.8,156.5,156.9,164.5,904126,144551481.15,23-JAN-2024,17465,INE024001021,
AETHER,EQ,878.0,878.0,847.4,851.4,852.2,870.1,87872,75329019.2,23-JAN-2024,6531,INE0BWX01014,
AFFLE,EQ,1237.05,1249.45,1175.65,1187.2,1189.0,1234.3,250096,301851154.0,23-JAN-2024,32650,INE00WC01027,
AGARIND,EQ,1071.55,1075.65,1010.0,1022.45,1020.05,1055.2,135484,140988038.5,23-JAN-2024,17456,INE204E01012,
AGI,EQ,774.95,800.0,766.0,777.05,779.55,771.95,311842,245071329.25,23-JAN-2024,22904,INE415A01038,
AGRITECH,EQ,218.95,220.95,202.35,205.75,203.2,217.35,16831,3525980.95,23-JAN-2024,837,INE449G01018,
AGROPHOS,EQ,47.95,48.75,43.85,44.4,44.5,47.7,233095,10733303.15,23-JAN-2024,1589,INE740V01019,
AGSTRA,EQ,119.45,121.4,112.25,113.4,113.0,118.15,1016872,117419947.65,23-JAN-2024,4445,INE583L01014,
AHL,EQ,343.0,345.65,330.0,333.15,332.0,342.8,74939,25153302.9,23-JAN-2024,2299,INE00ZE01026,
AHLADA,EQ,140.05,141.3,131.65,132.85,132.5,140.55,83052,11274674.85,23-JAN-2024,1596,INE00PV01013,
AHLEAST,EQ,167.3,167.3,155.15,157.25,156.0,164.0,53183,8482981.0,23-JAN-2024,1588,INE926K01017,
AHLUCONT,EQ,815.2,833.1,795.15,802.9,808.9,815.2,34518,28071346.8,23-JAN-2024,4655,INE758C01029,
AIAENG,EQ,3708.95,3710.0,3620.0,3635.9,3639.0,3673.75,32508,118810010.7,23-JAN-2024,13003,INE212H01026,
AIRAN,BE,30.85,31.4,28.8,29.55,29.9,30.25,198627,5899876.65,23-JAN-2024,1431,INE645W01026,
AIROLAM,EQ,138.5,141.0,137.0,137.9,139.0,138.85,16649,2301617.6,23-JAN-2024,1398,INE801L01010,
AJANTPHARM,EQ,2215.7,2215.7,2161.5,2196.9,2211.75,2204.1,42312,92600175.2,23-JAN-2024,9838,INE031B01049,
AJMERA,EQ,585.7,589.55,536.0,541.05,550.0,583.85,221583,124450190.05,23-JAN-2024,19978,INE298G01027,
AJOONI,BE,6.75,6.85,6.45,6.45,6.5,6.75,810541,5320166.45,23-JAN-2024,1627,INE820Y01021,
AKASH,BE,41.85,42.55,39.65,39.85,39.75,41.7,20185,820887.2,23-JAN-2024,252,INE737W01013,
AKG,EQ,23.55,23.7,22.55,22.7,22.75,23.5,78352,1819200.45,23-JAN-2024,465,INE00Y801016,
AKI,BE,30.15,30.15,30.15,30.15,30.15,29.6,36106,1088595.9,23-JAN-2024,29,INE642Z01026,
AKSHAR,BE,4.65,4.85,4.65,4.65,4.7,4.65,2494348,11879652.95,23-JAN-2024,2809,INE256Z01025,
AKSHARCHEM,EQ,287.55,287.55,267.55,270.75,269.15,281.9,18988,5244339.95,23-JAN-2024,1044,INE542B01011,
AKSHOPTFBR,BE,12.8,12.95,12.0,12.0,12.0,12.6,494330,6063842.2,23-JAN-2024,849,INE523B01011,
AKZOINDIA,EQ,2694.05,2694.05,2618.05,2625.2,2625.0,2680.6,19470,51367350.5,23-JAN-2024,2195,INE133A01011,
ALANKIT,BE,20.6,20.6,20.6,20.6,20.6,21.0,112942,2326605.2,23-JAN-2024,478,INE914E01040,
ALBERTDAVD,EQ,1299.95,1355.0,1272.0,1291.3,1296.0,1271.45,93301,123004873.2,23-JAN-2024,10037,INE155C01010,
ALEMBICLTD,EQ,94.15,94.8,90.0,90.4,90.7,93.9,1516139,139256148.15,23-JAN-2024,9820,INE426A01027,
ALICON,EQ,993.2,1023.9,953.55,964.15,960.05,980.65,36771,36262151.6,23-JAN-2024,6147,INE062D01024,
ALKALI,EQ,140.0,141.0,134.75,135.3,135.8,138.15,14615,1998131.9,23-JAN-2024,342,INE773I01017,
ALKEM,EQ,4878.7,4956.0,4763.25,4815.7,4835.0,4878.7,206809,999630560.6,23-JAN-2024,35345,INE540L01014,
ALKYLAMINE,EQ,2357.45,2369.75,2259.05,2290.3,2291.1,2357.45,50789,117264316.2,23-JAN-2024,11800,INE150B01039,
ALLCARGO,EQ,78.3,79.6,76.7,77.2,77.2,78.3,1762185,137735230.85,23-JAN-2024,11491,INE418H01029,
ALLSEC,EQ,695.0,731.95,692.55,702.15,700.8,668.6,504129,356211390.15,23-JAN-2024,25625,INE835G01018,
ALMONDZ,BE,124.95,129.1,123.2,125.15,125.85,123.85,94266,11896556.05,23-JAN-2024,258,INE326B01027,
ALOKINDS,EQ,31.9,32.15,30.0,30.1,30.2,31.65,17720522,540556950.95,23-JAN-2024,64733,INE270A01029,
ALPA,EQ,104.0,106.2,99.1,99.9,100.05,104.05,149002,15115357.4,23-JAN-2024,1217,INE385I01010,
ALPHAETF,EQ,21.85,21.85,20.85,20.91,21.0,21.61,140363,2959084.16,23-JAN-2024,606,INF769K01KU7,
ALPHAGEO,EQ,287.05,289.95,279.2,280.3,279.2,287.05,14445,4096198.4,23-JAN-2024,941,INE137C01018,
ALPL30IETF,EQ,246.0,247.15,242.0,242.32,243.17,245.81,82911,20271062.22,23-JAN-2024,850,INF109KC1N59,
ALPSINDUS,EQ,2.35,2.35,2.25,2.25,2.25,2.35,20737,48389.25,23-JAN-2024,26,INE093B01015,
AMBER,EQ,3719.95,3875.0,3562.9,3663.3,3629.95,3711.2,194328,725246285.4,23-JAN-2024,28655,INE371P01015,
AMBICAAGAR,EQ,30.9,30.9,29.55,29.65,29.8,30.35,19803,597060.4,23-JAN-2024,317,INE792B01012,
AMBIKCO,EQ,1742.45,1768.95,1713.05,1725.75,1722.0,1742.45,8304,14353311.65,23-JAN-2024,1890,INE540G01014,
AMBUJACEM,EQ,543.8,543.8,517.05,525.05,524.7,540.75,2682760,1420568288.45,23-JAN-2024,80294,INE079A01024,
AMDIND,BE,75.35,77.25,71.6,71.8,71.6,75.35,24521,1782082.55,23-JAN-2024,224,INE005I01014,
AMIORG,EQ,1120.8,1127.95,1095.55,1114.15,1100.25,1122.8,149136,165837464.5,23-JAN-2024,18696,INE00FF01017,
AMJLAND,EQ,44.9,44.9,40.1,40.65,40.8,43.95,187262,7906376.4,23-JAN-2024,2300,INE606A01024,
AMNPLST,EQ,218.5,218.5,198.0,199.7,198.0,205.9,18073,3742404.75,23-JAN-2024,1609,INE275D01022,
AMRUTANJAN,EQ,593.05,598.8,590.0,593.35,595.0,594.75,33359,19852874.95,23-JAN-2024,1970,INE098F01031,
ANANDRATHI,EQ,2730.0,2845.0,2702.85,2802.35,2815.0,2702.8,94353,265436471.35,23-JAN-2024,16770,INE463V01026,
ANANTRAJ,EQ,319.25,320.9,307.5,311.65,311.05,318.85,971526,304465768.6,23-JAN-2024,16572,INE242C01024,
ANDHRAPAP,EQ,627.0,627.7,577.05,580.3,582.7,624.85,377304,225158284.6,23-JAN-2024,22321,INE435A01028,
ANDHRSUGAR,EQ,113.55,113.7,107.7,108.1,108.2,112.75,373226,40870022.55,23-JAN-2024,5731,INE715B01021,
ANGELONE,EQ,3275.0,3296.45,2930.0,2972.45,2975.0,3246.2,618379,1907600979.4,23-JAN-2024,79239,INE732I01013,
ANIKINDS,BE,48.05,50.5,47.5,47.85,48.9,49.1,14571,702617.8,23-JAN-2024,90,INE087B01017,
ANKITMETAL,BE,4.75,4.75,4.65,4.65,4.65,4.75,24542,114788.0,23-JAN-2024,79,INE106I01010,
ANMOL,EQ,59.25,59.85,57.5,57.6,57.9,59.25,736598,43352627.35,23-JAN-2024,2863,INE02AR01019,
ANTGRAPHIC,BE,1.35,1.35,1.3,1.3,1.3,1.35,687944,919409.75,23-JAN-2024,1045,INE414B01021,
ANUP,EQ,3025.15,3130.65,2914.4,2983.5,2980.0,2998.45,22614,67847429.75,23-JAN-2024,4977,INE294Z01018,
ANURAS,EQ,941.9,954.0,927.7,948.7,951.9,932.8,91904,86800650.35,23-JAN-2024,7790,INE930P01018,
APARINDS,EQ,5440.0,5475.0,5151.0,5351.7,5310.0,5438.9,97585,519581531.85,23-JAN-2024,21392,INE372A01015,
APCL,EQ,214.0,214.75,208.0,208.7,208.0,214.0,18455,3883869.3,23-JAN-2024,1004,INE071F01012,
APCOTEXIND,EQ,530.7,536.9,490.0,494.7,492.5,530.35,162640,81828653.75,23-JAN-2024,13848,INE116A01032,
APEX,EQ,266.0,268.5,249.65,251.6,256.0,267.4,352283,90625178.3,23-JAN-2024,14913,INE346W01013,
APLAPOLLO,EQ,1539.0,1542.85,1478.0,1500.95,1504.9,1540.0,849028,1275723226.6,23-JAN-2024,80736,INE702C01027,
APLLTD,EQ,949.55,974.0,931.8,943.0,954.0,944.85,319271,305197022.8,23-JAN-2024,23460,INE901L01018,
APOLLO,BE,120.6,123.0,117.4,118.3,119.0,120.6,530863,63597267.9,23-JAN-2024,6702,INE713T01028,
APOLLOHOSP,EQ,6428.0,6428.7,6133.65,6153.75,6133.65,6122.55,982889,6110701734.45,23-JAN-2024,80005,INE437A01024,
APOLLOPIPE,EQ,745.0,745.0,704.0,709.0,708.95,740.6,124133,89173754.65,23-JAN-2024,12179,INE126J01016,
APOLLOTYRE,EQ,525.95,532.0,508.4,510.4,512.4,524.95,2409894,1251195158.55,23-JAN-2024,41697,INE438A01022,
APOLSINHOT,EQ,2320.0,2345.0,2185.1,2198.55,2200.1,2288.7,12838,28683455.6,23-JAN-2024,2270,INE451F01024,
APTECHT,EQ,283.0,288.5,271.1,274.6,274.5,281.15,466284,130167501.1,23-JAN-2024,17576,INE266F01018,
APTUS,EQ,356.5,367.95,355.75,361.95,363.0,355.7,693952,251581900.9,23-JAN-2024,25539,INE852O01025,
ARCHIDPLY,BE,97.9,97.9,93.0,93.4,93.3,97.75,25583,2431795.95,23-JAN-2024,404,INE877I01016,
ARCHIES,EQ,34.0,34.5,29.8,30.75,31.25,33.1,348001,11085902.0,23-JAN-2024,1421,INE731A01020,
ARE&M,EQ,818.45,818.45,787.5,790.05,791.95,808.15,460112,367572674.15,23-JAN-2024,25536,INE885A01032,
ARENTERP,EQ,51.75,51.85,48.15,51.25,51.85,47.15,130066,6582142.05,23-JAN-2024,1185,INE610C01014,
ARIES,EQ,235.05,237.4,216.35,218.9,221.25,233.6,289024,65361856.4,23-JAN-2024,14956,INE298I01015,
ARIHANTCAP,EQ,70.25,73.0,68.75,69.25,69.5,69.9,365572,25743028.25,23-JAN-2024,2138,INE420B01036,
ARIHANTSUP,EQ,393.95,394.6,362.15,367.05,369.2,388.25,278474,105718855.75,23-JAN-2024,16768,INE643K01018,
ARMANFIN,EQ,2525.0,2525.0,2372.8,2394.8,2404.0,2493.65,46622,112582402.75,23-JAN-2024,6142,INE109C01017,
AROGRANITE,EQ,61.95,62.0,55.2,56.75,57.45,61.0,54335,3211668.7,23-JAN-2024,882,INE210C01013,
ARROWGREEN,EQ,437.0,442.15,416.0,418.5,425.0,436.7,40846,17267262.4,23-JAN-2024,4579,INE570D01018,
ARSHIYA,BE,6.55,6.55,6.55,6.55,6.55,6.65,68250,447037.5,23-JAN-2024,131,INE968D01022,
ARSSINFRA,BE,23.45,23.45,23.45,23.45,23.45,24.65,18224,427352.8,23-JAN-2024,41,INE267I01010,
ARTEMISMED,EQ,188.65,189.2,180.65,184.05,183.5,185.9,139444,25787214.6,23-JAN-2024,7325,INE025R01021,
ARTNIRMAN,BE,78.65,78.65,71.2,73.05,71.5,74.95,8147,614572.85,23-JAN-2024,79,INE738V01013,
ARVEE,BE,170.5,171.2,170.0,171.15,171.2,163.05,3038,519855.6,23-JAN-2024,77,INE006Z01016,
ARVIND,EQ,294.95,300.0,284.75,289.05,289.8,292.95,817545,240353170.9,23-JAN-2024,40837,INE034A01011,
ARVINDFASN,EQ,489.15,491.1,461.65,468.75,465.9,489.15,263383,125800367.15,23-JAN-2024,19665,INE955V01021,
ARVSMART,EQ,491.9,497.65,460.25,468.55,465.55,491.9,36704,17430719.85,23-JAN-2024,5561,INE034S01021,
ASAHIINDIA,EQ,556.0,637.45,542.0,557.8,557.3,543.35,3091887,1828854401.15,23-JAN-2024,117505,INE439A01020,
ASAHISONG,EQ,313.85,321.9,309.1,309.7,309.1,309.0,21901,6937168.45,23-JAN-2024,941,INE228I01012,
ASAL,EQ,455.85,475.0,436.8,457.0,458.0,448.85,110382,50392140.85,23-JAN-2024,9243,INE900C01027,
ASALCBR,EQ,513.2,517.75,492.85,495.75,496.55,512.15,78863,39495030.85,23-JAN-2024,7725,INE073G01016,
ASHAPURMIN,EQ,440.55,447.9,414.75,419.75,421.0,436.55,268587,116337100.8,23-JAN-2024,4913,INE348A01023,
ASHIANA,EQ,303.85,307.95,282.3,285.55,289.25,302.3,150701,44138229.55,23-JAN-2024,11175,INE365D01021,
ASHIMASYN,EQ,18.9,19.0,18.25,18.45,18.55,18.7,693834,12914190.15,23-JAN-2024,1778,INE440A01010,
ASHOKA,EQ,163.6,165.5,158.35,160.95,160.0,161.85,5740789,934581235.2,23-JAN-2024,54835,INE442H01029,
ASHOKAMET,BE,27.75,27.75,26.25,26.25,26.25,27.6,42267,1118408.55,23-JAN-2024,271,INE760Y01011,
ASHOKLEY,EQ,174.95,175.75,168.8,170.25,170.5,174.45,13224397,2277569740.65,23-JAN-2024,99679,INE208A01029,
ASIANENE,EQ,282.7,284.0,274.15,275.7,280.0,276.15,67474,18785249.1,23-JAN-2024,1706,INE276G01015,
ASIANHOTNR,BE,202.85,202.9,199.0,200.0,200.0,202.85,250,49921.4,23-JAN-2024,14,INE363A01022,
ASIANPAINT,EQ,3087.55,3109.0,3021.55,3054.7,3073.95,3138.8,2365225,7240683404.7,23-JAN-2024,177182,INE021A01026,
ASIANTILES,EQ,75.6,77.15,72.9,73.2,73.5,74.9,1602805,120195019.35,23-JAN-2024,8316,INE022I01019,
ASKAUTOLTD,EQ,303.0,303.0,286.1,290.15,289.65,300.45,333652,97779581.55,23-JAN-2024,7709,INE491J01022,
ASMS,BE,23.3,23.3,23.3,23.3,23.3,22.85,122844,2862265.2,23-JAN-2024,319,INE855F01042,
ASPINWALL,EQ,300.0,304.95,295.0,296.4,295.05,302.6,18796,5606950.15,23-JAN-2024,366,INE991I01015,
ASTEC,EQ,1025.0,1026.85,995.35,1006.6,1004.45,1021.7,27510,27733157.65,23-JAN-2024,4257,INE563J01010,
ASTERDM,EQ,437.0,441.0,420.0,426.5,429.0,434.2,398494,170840673.8,23-JAN-2024,15777,INE914M01019,
ASTRAL,EQ,1834.95,1838.8,1765.0,1774.4,1771.8,1822.65,1306351,2366371573.65,23-JAN-2024,46982,INE006I01046,
ASTRAMICRO,EQ,555.35,565.85,541.3,546.35,545.0,552.85,253905,140769009.9,23-JAN-2024,17997,INE386C01029,
ASTRAZEN,EQ,6567.65,6600.0,6178.95,6324.2,6381.0,6514.8,10560,67024838.35,23-JAN-2024,3202,INE203A01020,
ASTRON,EQ,37.65,38.6,37.15,38.0,38.0,37.3,262317,9968165.4,23-JAN-2024,1431,INE646X01014,
ATALREAL,BE,13.6,13.8,13.15,13.65,13.7,13.75,679902,9212635.05,23-JAN-2024,697,INE0ALR01029,
ATAM,EQ,223.85,223.85,208.35,208.7,208.8,219.3,57447,12150356.4,23-JAN-2024,1417,INE09KD01013,
ATFL,EQ,840.5,858.0,820.15,852.05,855.4,836.35,10128,8524705.15,23-JAN-2024,733,INE209A01019,
ATGL,EQ,1060.0,1068.0,990.1,996.35,996.0,1048.1,1670762,1700127816.3,23-JAN-2024,61958,INE399L01023,
ATL,EQ,72.6,73.4,67.15,68.1,68.5,72.45,1207062,84111303.65,23-JAN-2024,6011,INE0NN701020,
ATLANTAA,BE,24.35,24.35,22.55,23.0,23.4,23.2,128231,3063947.2,23-JAN-2024,411,INE285H01022,
ATUL,EQ,6488.1,6498.5,6161.6,6174.15,6201.0,6488.15,108356,676299679.15,23-JAN-2024,15126,INE100A01010,
ATULAUTO,EQ,566.25,572.0,545.55,552.9,556.7,565.55,101212,56512480.65,23-JAN-2024,5084,INE951D01028,
AUBANK,EQ,755.0,758.0,709.05,716.5,714.8,747.5,3081087,2225177147.4,23-JAN-2024,92450,INE949L01017,
AURIONPRO,BE,2280.0,2280.0,2106.55,2155.35,2170.0,2211.6,10497,22920310.85,23-JAN-2024,850,INE132H01018,
AUROPHARMA,EQ,1159.9,1166.3,1126.05,1133.6,1135.3,1144.05,2687597,3081243346.8,23-JAN-2024,99809,INE406A01037,
AURUM,EQ,180.0,181.0,156.05,158.8,159.0,177.45,508595,83766516.85,23-JAN-2024,18319,INE898S01029,
AUSOMENT,EQ,94.8,95.85,76.2,79.5,79.8,93.5,70635,6008100.05,23-JAN-2024,1370,INE218C01016,
AUTOAXLES,EQ,2188.0,2198.3,2115.05,2128.3,2118.0,2166.6,18389,39451750.25,23-JAN-2024,5230,INE449A01011,
AUTOBEES,EQ,189.99,190.14,186.12,186.66,187.8,188.96,64780,12192452.33,23-JAN-2024,2238,INF204KC1337,
AUTOIETF,EQ,188.76,190.4,181.0,185.96,184.15,189.14,37940,7093736.22,23-JAN-2024,336,INF109KC1Y49,
AUTOIND,EQ,129.9,131.9,117.3,123.6,123.65,128.0,200133,24866787.0,23-JAN-2024,2631,INE718H01014,
AVADHSUGAR,EQ,635.0,643.55,602.3,607.8,608.05,630.35,72592,44872506.1,23-JAN-2024,5923,INE349W01017,
AVALON,EQ,530.15,536.5,512.25,520.4,524.75,530.15,168014,87820538.55,23-JAN-2024,12857,INE0LCL01028,
AVANTIFEED,EQ,543.15,548.4,501.0,512.05,511.05,544.6,868455,454170970.8,23-JAN-2024,32771,INE871C01038,
AVG,EQ,430.9,437.0,414.7,433.65,435.0,426.95,75738,32458114.55,23-JAN-2024,2344,INE680Z01018,
AVONMORE,EQ,112.25,113.2,100.05,101.1,102.0,107.95,284412,30075951.25,23-JAN-2024,3641,INE323B01016,
AVROIND,EQ,140.85,145.0,134.45,135.15,134.6,138.15,131094,18329773.2,23-JAN-2024,2925,INE652Z01017,
AVTNPL,EQ,92.5,93.25,87.7,88.05,87.8,92.2,320817,28821031.65,23-JAN-2024,4326,INE488D01021,
AWHCL,EQ,533.0,533.0,497.3,514.2,514.0,527.65,272828,140556348.45,23-JAN-2024,20168,INE01BK01022,
AWL,EQ,366.8,368.0,351.0,351.7,352.0,364.65,1641849,586183021.5,23-JAN-2024,37135,INE699H01024,
AXISBANK,EQ,1125.9,1141.6,1078.8,1089.25,1082.0,1121.0,18924087,20844533168.65,23-JAN-2024,298496,INE238A01034,
AXISBNKETF,EQ,472.47,472.47,455.12,455.71,457.64,468.11,38663,17641921.01,23-JAN-2024,479,INF846K01X63,
AXISBPSETF,EQ,11.4,11.8,11.1,11.45,11.46,11.44,68254,781996.49,23-JAN-2024,648,INF846K01Z04,
AXISCADES,EQ,801.9,818.0,792.2,804.7,800.5,801.9,127233,101851703.35,23-JAN-2024,4189,INE555B01013,
AXISCETF,EQ,97.75,99.05,95.63,96.06,99.05,97.19,6662,643257.27,23-JAN-2024,56,INF846K016C7,
AXISGOLD,EQ,53.17,53.23,52.76,53.07,53.14,53.03,52869,2805403.19,23-JAN-2024,1699,INF846K01W80,
AXISHCETF,EQ,111.95,113.96,111.91,112.52,112.9,110.86,5950,672087.29,23-JAN-2024,154,INF846K01Z12,
AXISILVER,EQ,71.0,72.5,71.0,71.83,71.8,72.52,14134,1016524.26,23-JAN-2024,223,INF846K011K1,
AXISNIFTY,EQ,231.54,233.97,227.81,228.63,228.72,231.54,28076,6426252.41,23-JAN-2024,383,INF846K01W98,
AXISTECETF,EQ,390.11,391.73,383.01,383.37,385.0,385.1,4427,1715214.05,23-JAN-2024,92,INF846K01Y96,
AXITA,EQ,27.55,27.75,25.9,26.05,26.15,27.35,4906806,129966083.1,23-JAN-2024,15578,INE02EZ01022,
AXSENSEX,EQ,72.75,72.78,70.74,71.02,71.13,71.94,2405,170807.14,23-JAN-2024,87,INF846K010Q0,
AYMSYNTEX,EQ,85.95,85.95,79.3,81.1,81.55,84.8,61504,5055881.5,23-JAN-2024,996,INE193B01039,
AZAD,EQ,680.0,687.75,665.0,670.55,671.95,678.1,327607,221589665.2,23-JAN-2024,19803,INE02IJ01035,
BAFNAPH,BE,105.0,105.0,98.0,99.0,99.0,101.8,3557,356191.1,23-JAN-2024,78,INE878I01022,
BAGFILMS,BE,13.1,13.1,12.45,12.45,12.45,13.1,295067,3737303.3,23-JAN-2024,1062,INE116D01028,
BAIDFIN,EQ,28.6,29.6,27.1,27.35,27.4,29.05,160368,4512585.15,23-JAN-2024,913,INE020D01022,
BAJAJ-AUTO,EQ,7075.0,7210.0,6936.55,7095.9,7105.15,7095.15,953921,6769287081.9,23-JAN-2024,92688,INE917I01010,
BAJAJCON,EQ,222.9,222.9,212.75,213.75,214.5,219.85,309423,66975268.7,23-JAN-2024,21104,INE933K01021,
BAJAJELEC,EQ,1036.05,1036.05,1006.05,1019.85,1024.0,1036.05,45395,46165365.05,23-JAN-2024,5294,INE193E01025,
BAJAJFINSV,EQ,1597.45,1615.25,1575.0,1582.5,1581.1,1581.0,3028946,4820183887.05,23-JAN-2024,152143,INE918I01026,
BAJAJHCARE,EQ,338.95,343.45,332.15,334.2,332.7,336.85,79088,26697537.65,23-JAN-2024,7668,INE411U01027,
BAJAJHIND,EQ,26.6,26.8,24.85,25.05,25.35,26.35,9189789,235415351.3,23-JAN-2024,21108,INE306A01021,
BAJAJHLDNG,EQ,8400.0,8400.0,8007.55,8122.2,8051.0,8261.55,38548,317511255.1,23-JAN-2024,11697,INE118A01012,
BAJEL,EQ,189.0,194.7,175.0,177.15,177.5,187.15,1656166,301112824.9,23-JAN-2024,19542,INE0KQN01018,
BAJFINANCE,EQ,7352.9,7355.0,7042.6,7070.7,7083.0,7301.3,2533297,18189871066.15,23-JAN-2024,204647,INE296A01024,
BALAJITELE,EQ,88.65,90.2,81.2,82.3,83.5,88.35,929219,79676971.1,23-JAN-2024,6559,INE794B01026,
BALAMINES,EQ,2467.05,2474.7,2355.0,2360.4,2380.0,2452.55,80226,191757911.35,23-JAN-2024,14967,INE050E01027,
BALAXI,EQ,438.15,438.3,429.75,436.35,436.0,430.95,2950,1281514.45,23-JAN-2024,194,INE618N01014,
BALKRISHNA,EQ,45.9,46.5,41.0,41.85,42.5,45.45,160973,6987000.15,23-JAN-2024,1414,INE875R01011,
BALKRISIND,EQ,2779.8,2782.65,2606.85,2621.95,2629.0,2766.4,333172,895614986.35,23-JAN-2024,40647,INE787D01026,
BALMLAWRIE,EQ,278.55,279.45,252.65,258.5,259.0,277.35,2743837,728588336.65,23-JAN-2024,46541,INE164A01016,
BALPHARMA,EQ,119.1,120.2,112.0,113.15,113.0,119.1,77181,8856028.4,23-JAN-2024,1114,INE083D01012,
BALRAMCHIN,EQ,384.4,385.95,373.75,378.6,378.15,382.95,1515251,574467652.85,23-JAN-2024,26775,INE119A01028,
BANARBEADS,EQ,103.8,104.65,97.05,97.4,97.35,102.95,27108,2713760.85,23-JAN-2024,630,INE655B01011,
BANARISUG,EQ,2412.0,2490.0,2412.0,2447.7,2469.9,2410.5,2427,5964596.5,23-JAN-2024,804,INE459A01010,
BANCOINDIA,EQ,698.9,709.9,670.0,672.8,677.05,690.35,139340,96019890.6,23-JAN-2024,15333,INE213C01025,
BANDHANBNK,EQ,231.5,232.2,222.2,223.7,223.8,229.65,12418558,2804614840.6,23-JAN-2024,91148,INE545U01014,
BANG,BE,60.0,60.0,59.1,59.1,59.1,60.3,2909,172371.9,23-JAN-2024,24,INE863I01016,
BANKA,BE,150.0,150.7,136.45,137.8,140.0,143.6,116023,16113195.4,23-JAN-2024,691,INE862Y01015,
BANKBARODA,EQ,234.0,235.75,221.45,222.4,223.3,232.5,36926359,8321084182.3,23-JAN-2024,161383,INE028A01039,
BANKBEES,EQ,471.02,474.99,458.5,459.55,462.0,469.75,2000433,925554631.4,23-JAN-2024,35822,INF204KB15I9,
BANKETF,EQ,467.98,467.98,449.35,451.01,458.0,460.83,11669,5291646.33,23-JAN-2024,683,INF769K01KR3,
BANKIETF,EQ,47.5,47.5,45.33,45.39,46.5,46.54,1098921,50148908.86,23-JAN-2024,3187,INF109KC15I8,
BANKINDIA,EQ,138.9,139.7,128.8,131.8,131.7,137.45,24563193,3300582566.85,23-JAN-2024,115217,INE084A01016,
BANSWRAS,EQ,159.4,159.95,153.5,153.85,154.0,159.4,59792,9338049.8,23-JAN-2024,3277,INE629D01020,
BARBEQUE,EQ,624.0,626.9,604.0,607.1,607.0,622.1,64539,39412159.5,23-JAN-2024,7653,INE382M01027,
BASF,EQ,3006.05,3014.15,2898.0,2961.6,2960.05,2999.15,17582,51903729.8,23-JAN-2024,3985,INE373A01013,
BASML,EQ,52.6,52.95,50.1,50.6,50.1,52.35,294267,15032253.95,23-JAN-2024,1579,INE186H01022,
BATAINDIA,EQ,1517.9,1517.9,1461.0,1464.95,1463.2,1507.15,237089,352055627.25,23-JAN-2024,15955,INE176A01028,
BAYERCROP,EQ,5776.65,5849.6,5732.4,5810.1,5820.0,5776.65,10473,60787448.3,23-JAN-2024,3827,INE462A01022,
BBETF0432,EQ,1107.11,1109.0,1107.01,1107.23,1107.01,1107.11,1151,1274203.4,23-JAN-2024,34,INF754K01OB1,
BBL,EQ,4630.0,4632.9,4377.15,4404.55,4408.0,4591.65,29953,133759792.45,23-JAN-2024,8606,INE464A01028,
BBNPPGOLD,EQ,62.1,62.2,61.4,62.1,62.1,62.1,1277,79283.55,23-JAN-2024,36,INF251K01SU9,
BBOX,BE,288.95,293.4,273.75,274.65,277.0,288.15,93903,26086263.6,23-JAN-2024,813,INE676A01027,
BBTC,EQ,1630.0,1635.1,1528.4,1537.4,1540.0,1616.9,138363,217894576.65,23-JAN-2024,14939,INE050A01025,
BBTCL,EQ,269.2,273.3,257.8,263.8,263.0,271.95,11385,3014058.65,23-JAN-2024,525,INE01EE01011,
BCG,EQ,18.35,18.75,17.5,17.7,17.7,19.0,36410550,652131272.05,23-JAN-2024,44817,INE425B01027,
BCLIND,EQ,72.85,73.5,69.5,70.25,70.45,72.25,1114161,79137921.2,23-JAN-2024,7827,INE412G01024,
BCONCEPTS,BE,840.0,870.45,840.0,845.6,850.0,870.45,12796,10879435.55,23-JAN-2024,292,INE977Y01011,
BDL,EQ,1741.0,1741.0,1651.1,1669.65,1670.0,1732.35,654849,1110359744.75,23-JAN-2024,48146,INE171Z01018,
BEARDSELL,BE,45.9,45.9,44.0,44.05,44.0,45.05,43878,1964321.6,23-JAN-2024,360,INE520H01022,
BECTORFOOD,EQ,1184.85,1184.85,1151.0,1162.8,1164.85,1170.8,79651,92636427.6,23-JAN-2024,9448,INE495P01012,
BEDMUTHA,EQ,260.7,260.7,260.7,260.7,260.7,248.3,56297,14676627.9,23-JAN-2024,288,INE844K01012,
BEL,EQ,195.25,195.5,184.4,187.1,187.2,193.4,26628471,5031910850.7,23-JAN-2024,157317,INE263A01024,
BEML,EQ,3186.0,3258.0,2982.05,3026.8,3038.0,3183.45,494715,1545486018.6,23-JAN-2024,50469,INE258A01016,
BEPL,EQ,111.75,113.05,106.8,107.6,107.5,110.65,1258919,138423250.6,23-JAN-2024,12613,INE922A01025,
BERGEPAINT,EQ,575.0,575.0,542.55,547.0,548.0,575.4,1857284,1027920829.25,23-JAN-2024,48345,INE463A01038,
BFINVEST,EQ,536.0,542.0,500.1,505.1,506.0,533.0,63823,33108809.45,23-JAN-2024,5734,INE878K01010,
BFSI,EQ,21.06,21.09,20.43,20.48,20.49,20.89,1010016,20867726.19,23-JAN-2024,3857,INF769K01HI8,
BFUTILITIE,EQ,593.7,597.05,557.3,559.65,557.3,586.6,115248,65659745.4,23-JAN-2024,5422,INE243D01012,
BGRENERGY,EQ,99.0,100.15,92.05,92.55,92.95,98.4,746591,71261797.8,23-JAN-2024,9681,INE661I01014,
BHAGCHEM,EQ,1473.3,1473.3,1385.05,1415.45,1410.0,1449.7,6643,9500198.7,23-JAN-2024,677,INE414D01019,
BHAGERIA,EQ,158.15,160.25,155.45,155.55,155.55,158.05,19427,3042782.75,23-JAN-2024,516,INE354C01027,
BHAGYANGR,EQ,99.8,101.0,92.2,94.3,95.15,97.6,110109,10591880.95,23-JAN-2024,2422,INE458B01036,
BHANDARI,EQ,8.55,8.65,8.05,8.25,8.25,8.45,1234678,10265788.05,23-JAN-2024,2150,INE474E01029,
BHARATFORG,EQ,1223.95,1232.0,1189.05,1193.45,1190.1,1223.95,522523,632148128.6,23-JAN-2024,36435,INE465A01025,
BHARATGEAR,EQ,121.8,122.55,117.25,117.9,117.95,120.0,30624,3655185.0,23-JAN-2024,743,INE561C01019,
BHARATRAS,EQ,9614.2,9614.2,9111.1,9142.7,9170.0,9506.85,1445,13377025.05,23-JAN-2024,705,INE838B01013,
BHARATWIRE,BE,384.0,388.0,360.4,361.35,364.95,379.35,161145,59083665.35,23-JAN-2024,1791,INE316L01019,
BHARTIARTL,EQ,1145.0,1172.55,1135.0,1158.0,1157.1,1123.75,18194595,21033408926.9,23-JAN-2024,349268,INE397D01024,
BHEL,EQ,221.5,221.9,201.55,202.95,204.0,219.75,45960109,9665088308.5,23-JAN-2024,247568,INE257A01026,
BIGBLOC,EQ,188.0,188.0,169.1,171.05,170.8,185.05,331299,58216263.2,23-JAN-2024,18759,INE412U01025,
BIKAJI,EQ,580.65,593.0,561.0,570.65,565.0,577.1,234324,135467462.8,23-JAN-2024,8748,INE00E101023,
BIL,BE,368.9,370.0,368.9,368.9,368.9,376.4,37456,13822259.4,23-JAN-2024,72,INE828A01016,
BINANIIND,BE,18.6,18.6,18.6,18.6,18.6,18.95,1115,20739.0,23-JAN-2024,9,INE071A01013,
BIOCON,EQ,274.6,276.45,261.45,262.5,262.0,273.95,5447314,1462024670.5,23-JAN-2024,47429,INE376G01013,
BIOFILCHEM,EQ,56.5,57.6,54.15,54.95,54.75,56.5,38507,2161252.6,23-JAN-2024,693,INE829A01014,
BIRLACABLE,EQ,285.6,285.6,269.0,270.6,271.5,281.25,81082,22309348.0,23-JAN-2024,2547,INE800A01015,
BIRLACORPN,EQ,1467.6,1473.9,1381.55,1390.45,1395.0,1458.5,103347,146059281.05,23-JAN-2024,15930,INE340A01012,
BIRLAMONEY,EQ,133.4,134.45,122.7,125.25,127.9,131.55,502607,63730754.0,23-JAN-2024,8493,INE865C01022,
BLAL,EQ,210.7,211.45,198.15,201.2,203.0,209.65,375857,76337136.1,23-JAN-2024,16558,INE0N7W01012,
BLBLIMITED,EQ,34.75,34.8,29.7,30.25,30.8,32.15,4155536,131855342.35,23-JAN-2024,11720,INE791A01024,
BLISSGVS,EQ,126.95,129.9,121.1,122.7,123.3,126.2,655934,82243890.5,23-JAN-2024,5594,INE416D01022,
BLKASHYAP,EQ,68.3,69.35,64.9,65.6,66.0,67.8,977073,65867613.25,23-JAN-2024,5122,INE350H01032,
BLS,EQ,394.0,394.75,375.0,377.45,375.95,390.7,1454238,558310578.25,23-JAN-2024,35212,INE153T01027,
BLUECHIP,BE,2.3,2.3,2.3,2.3,2.3,2.35,134683,309770.9,23-JAN-2024,249,INE657B01025,
BLUECOAST,BE,5.55,5.55,5.35,5.35,5.35,5.3,111,595.85,23-JAN-2024,3,INE472B01011,
BLUEDART,EQ,7050.0,7177.85,6890.0,6927.95,6890.0,6987.6,8994,63470076.05,23-JAN-2024,2993,INE233B01017,
BLUEJET,EQ,374.0,374.0,351.0,353.25,355.25,372.6,183085,65833713.5,23-JAN-2024,4639,INE0KBH01020,
BLUESTARCO,EQ,1097.95,1097.95,1056.5,1068.1,1060.0,1089.95,137025,146564201.3,23-JAN-2024,15320,INE472A01039,
BODALCHEM,EQ,82.75,83.8,78.2,78.85,79.3,82.35,648180,52362189.65,23-JAN-2024,6343,INE338D01028,
BOHRAIND,BE,25.25,25.25,25.25,25.25,25.25,25.75,20640,521160.0,23-JAN-2024,62,INE802W01023,
BOMDYEING,EQ,157.0,157.4,141.15,144.15,144.4,155.9,1895955,284839725.35,23-JAN-2024,19021,INE032A01023,
BOROLTD,EQ,356.0,378.25,350.0,352.2,353.0,348.3,592496,216067095.2,23-JAN-2024,33562,INE02PY01013,
BORORENEW,EQ,561.95,602.0,548.0,566.55,564.7,507.7,11386126,6571536726.3,23-JAN-2024,199109,INE666D01022,
BOSCHLTD,EQ,23022.4,23121.0,22381.0,22774.8,22750.0,23022.35,56122,1277292658.35,23-JAN-2024,19675,INE323A01026,
BPCL,EQ,488.5,488.5,460.1,463.05,464.15,483.1,9209775,4334718640.7,23-JAN-2024,127143,INE029A01011,
BPL,BE,88.65,91.0,85.1,85.6,86.85,89.1,72132,6321551.2,23-JAN-2024,460,INE110A01019,
BRIGADE,EQ,980.2,981.6,912.0,923.95,930.0,977.3,304042,286340279.95,23-JAN-2024,27687,INE791I01019,
BRITANNIA,EQ,5166.4,5189.85,4925.9,5048.1,5030.7,5166.4,491135,2472985851.55,23-JAN-2024,55801,INE216A01030,
BRNL,EQ,79.3,92.0,79.3,85.15,87.95,77.7,4824644,422807614.8,23-JAN-2024,39265,INE727S01012,
BROOKS,EQ,159.3,159.3,146.05,146.75,149.0,155.55,76076,11396475.25,23-JAN-2024,1777,INE650L01011,
BSE,EQ,2244.0,2254.0,2100.0,2111.25,2113.35,2241.25,930501,2003911931.3,23-JAN-2024,75204,INE118H01025,
BSE500IETF,EQ,33.01,33.37,32.17,32.22,32.26,32.98,274515,8936675.21,23-JAN-2024,1410,INF109KC1V59,
BSHSL,EQ,280.1,283.85,268.2,269.55,270.0,279.25,40466,11129218.45,23-JAN-2024,890,INE032Z01020,
BSL,EQ,210.9,211.0,203.35,204.2,204.75,207.4,2933,603499.55,23-JAN-2024,178,INE594B01012,
BSLGOLDETF,EQ,56.08,56.11,55.63,56.08,56.1,56.08,389013,21825953.36,23-JAN-2024,308,INF209KB18D3,
BSLNIFTY,EQ,25.05,25.05,24.1,24.17,24.3,24.53,427239,10384416.97,23-JAN-2024,5588,INF209KB19D1,
BSLSENETFG,EQ,71.7,71.7,68.68,69.51,70.55,69.92,2586,179983.74,23-JAN-2024,122,INF209KB10E8,
BSOFT,EQ,809.75,817.9,793.45,800.75,804.0,804.0,1862109,1505131550.95,23-JAN-2024,48933,INE836A01035,
BTML,EQ,211.4,215.8,206.0,208.9,209.0,213.35,152697,32188028.95,23-JAN-2024,1994,INE0EEJ01015,
BURNPUR,BE,7.75,7.85,7.2,7.2,7.2,7.55,365118,2700898.7,23-JAN-2024,697,INE817H01014,
BUTTERFLY,EQ,1036.0,1045.45,1020.0,1022.1,1022.9,1044.7,2934,3016341.7,23-JAN-2024,548,INE295F01017,
BVCL,BE,56.25,56.25,54.0,54.0,54.0,54.6,22935,1257743.8,23-JAN-2024,146,INE139I01011,
BYKE,BE,67.6,67.6,66.3,66.3,66.3,67.65,38896,2601069.9,23-JAN-2024,86,INE319B01014,
CALSOFT,BE,19.2,19.9,18.75,18.95,19.0,19.15,41926,809163.45,23-JAN-2024,139,INE526B01014,
CAMLINFINE,EQ,132.95,132.95,126.6,127.35,127.1,132.25,450609,58264322.25,23-JAN-2024,6848,INE052I01032,
CAMPUS,EQ,277.2,277.75,267.4,268.85,269.75,277.2,484022,131386436.5,23-JAN-2024,18637,INE278Y01022,
CAMS,EQ,2781.0,2784.8,2703.1,2739.95,2749.0,2765.7,208855,574500328.9,23-JAN-2024,28715,INE596I01012,
CANBK,EQ,482.4,484.9,450.25,455.9,456.0,477.0,13555912,6259667076.8,23-JAN-2024,98588,INE476A01014,
CANFINHOME,EQ,775.0,779.2,721.5,725.4,726.0,768.35,2758262,2054735515.15,23-JAN-2024,64387,INE477A01020,
CANTABIL,EQ,267.1,267.8,251.1,252.2,252.05,266.55,249299,64229226.15,23-JAN-2024,17809,INE068L01024,
CAPACITE,EQ,272.5,274.0,254.65,256.8,257.05,272.2,1798730,472217560.7,23-JAN-2024,32159,INE264T01014,
CAPLIPOINT,EQ,1452.0,1519.95,1433.05,1504.1,1498.0,1447.65,131227,193916093.55,23-JAN-2024,15068,INE475E01026,
CAPTRUST,EQ,113.0,113.0,106.2,107.15,109.85,111.1,23221,2536160.65,23-JAN-2024,338,INE707C01018,
CARBORUNIV,EQ,1134.5,1134.5,1115.4,1125.5,1122.0,1129.9,31757,35648617.0,23-JAN-2024,5986,INE120A01034,
CAREERP,EQ,282.7,282.7,254.0,263.1,262.8,278.6,186203,49647306.8,23-JAN-2024,2975,INE521J01018,
CARERATING,EQ,988.7,1021.0,938.6,952.9,960.95,988.7,146912,143728692.2,23-JAN-2024,16774,INE752H01013,
CARTRADE,EQ,720.0,732.0,698.3,702.35,702.1,715.35,121129,86547060.85,23-JAN-2024,18817,INE290S01011,
CARYSIL,EQ,861.0,870.0,837.05,841.6,837.5,851.25,132235,112522894.05,23-JAN-2024,17929,INE482D01024,
CASTROLIND,EQ,179.05,179.8,169.8,171.85,173.0,178.75,3935730,685029979.25,23-JAN-2024,34821,INE172A01027,
CCHHL,EQ,17.9,18.85,17.15,17.85,17.85,17.15,2018154,36567743.8,23-JAN-2024,4845,INE652F01027,
CCL,EQ,631.15,639.4,627.0,633.45,632.9,628.05,132957,84164308.9,23-JAN-2024,12525,INE421D01022,
CDSL,EQ,1810.0,1815.7,1725.0,1733.35,1744.5,1804.6,704774,1245365276.1,23-JAN-2024,60667,INE736A01011,
CEATLTD,EQ,2914.05,2949.0,2745.0,2754.15,2749.0,2914.0,603616,1686361336.9,23-JAN-2024,51956,INE482A01020,
CELEBRITY,BE,18.0,18.3,17.35,17.6,17.65,17.8,108049,1941067.15,23-JAN-2024,237,INE185H01016,
CELLO,EQ,885.0,885.0,845.1,856.3,855.2,876.25,193053,166809817.95,23-JAN-2024,8290,INE0LMW01024,
CENTENKA,EQ,476.9,480.0,425.9,437.55,440.0,473.45,162829,72910536.95,23-JAN-2024,13418,INE485A01015,
CENTEXT,EQ,30.75,30.75,29.45,29.45,29.45,31.0,1383657,41348950.8,23-JAN-2024,3308,INE281A01026,
CENTRALBK,EQ,57.25,57.5,52.6,52.95,53.1,56.25,45383881,2491127720.85,23-JAN-2024,70085,INE483A01010,
CENTRUM,EQ,33.0,33.25,31.6,32.0,31.8,33.5,1146160,37227969.2,23-JAN-2024,4170,INE660C01027,
CENTUM,EQ,1489.95,1512.9,1390.0,1409.6,1409.85,1450.0,14870,21115569.6,23-JAN-2024,3078,INE320B01020,
CENTURYPLY,EQ,806.0,813.4,768.2,780.5,783.9,804.35,222541,174934497.0,23-JAN-2024,17906,INE348B01021,
CENTURYTEX,EQ,1405.0,1405.0,1359.1,1373.3,1375.0,1386.1,150594,208554565.8,23-JAN-2024,16955,INE055A01016,
CERA,EQ,8155.0,8225.0,8086.55,8157.6,8170.0,8139.65,22641,184885871.3,23-JAN-2024,6682,INE739E01017,
CEREBRAINT,BE,9.5,9.5,8.6,8.7,8.8,9.05,1305700,11851247.95,23-JAN-2024,1311,INE345B01019,
CESC,EQ,141.0,141.3,129.0,130.6,131.25,138.0,10496555,1406789333.3,23-JAN-2024,77868,INE486A01021,
CGCL,EQ,989.7,989.7,945.0,955.65,950.0,976.8,198104,191921170.75,23-JAN-2024,12623,INE180C01026,
CGPOWER,EQ,457.4,468.75,437.1,447.4,447.3,451.95,5945583,2708130672.15,23-JAN-2024,114295,INE067A01029,
CHALET,EQ,734.0,775.0,728.05,752.05,750.0,730.7,698762,531129196.0,23-JAN-2024,72062,INE427F01016,
CHAMBLFERT,EQ,375.5,375.7,349.0,352.0,354.0,373.1,2329005,842255707.05,23-JAN-2024,34512,INE085A01013,
CHEMBOND,EQ,560.4,573.5,542.85,547.55,552.0,557.65,29200,16288487.95,23-JAN-2024,2345,INE995D01025,
CHEMCON,EQ,280.0,284.8,273.15,275.2,276.75,279.65,62510,17390119.1,23-JAN-2024,5449,INE03YM01018,
CHEMFAB,EQ,398.1,404.95,384.8,388.9,391.8,402.1,15933,6299675.0,23-JAN-2024,1492,INE783X01023,
CHEMPLASTS,EQ,490.9,496.1,460.0,465.15,470.0,486.1,75500,35745195.55,23-JAN-2024,8989,INE488A01050,
CHENNPETRO,EQ,820.0,820.0,761.0,767.9,768.8,848.7,2889060,2257719140.95,23-JAN-2024,102267,INE178A01016,
CHEVIOT,EQ,1518.0,1518.0,1419.1,1425.05,1431.0,1490.5,4656,6773487.3,23-JAN-2024,1308,INE974B01016,
CHOICEIN,EQ,539.45,540.45,523.1,526.9,527.0,538.25,191257,101388658.4,23-JAN-2024,11021,INE102B01014,
CHOLAFIN,EQ,1267.0,1296.35,1209.95,1220.25,1214.05,1261.05,2858244,3573735370.35,23-JAN-2024,128662,INE121A01024,
CHOLAHLDNG,EQ,1033.95,1050.0,1016.0,1039.1,1045.25,1023.0,171536,176368944.15,23-JAN-2024,12915,INE149A01033,
CIEINDIA,EQ,490.3,492.1,475.5,480.0,480.0,490.0,435146,209638800.75,23-JAN-2024,24872,INE536H01010,
CIGNITITEC,EQ,1060.0,1060.05,942.1,955.25,958.0,1066.4,369872,369194518.45,23-JAN-2024,24436,INE675C01017,
CINELINE,BE,158.25,160.9,145.75,151.5,151.5,153.3,60692,9233989.15,23-JAN-2024,208,INE704H01022,
CINEVISTA,BE,18.35,18.5,17.75,18.1,18.0,17.65,61475,1125002.9,23-JAN-2024,138,INE039B01026,
CIPLA,EQ,1385.0,1425.0,1368.7,1409.0,1407.95,1316.25,7556815,10613076841.15,23-JAN-2024,360841,INE059A01026,
CLEAN,EQ,1484.95,1489.5,1441.0,1444.9,1450.0,1481.2,96982,141788161.75,23-JAN-2024,13800,INE227W01023,
CLEDUCATE,EQ,102.9,103.95,101.0,103.25,103.5,102.7,107241,10959434.1,23-JAN-2024,2171,INE201M01029,
CLSEL,EQ,252.05,259.4,243.1,246.7,248.45,245.0,260870,65924762.95,23-JAN-2024,14367,INE419D01026,
CMSINFO,EQ,377.0,380.75,365.7,370.2,370.2,376.75,383307,142764291.75,23-JAN-2024,30319,INE925R01014,
COALINDIA,EQ,403.5,404.8,373.65,375.3,376.55,398.8,16406737,6331167272.9,23-JAN-2024,229682,INE522F01014,
COASTCORP,EQ,303.55,315.7,292.75,303.3,305.0,313.2,62548,18813023.55,23-JAN-2024,2710,INE377E01016,
COCHINSHIP,EQ,880.0,898.5,832.05,848.6,854.0,874.3,3459766,2993663110.45,23-JAN-2024,109989,INE704P01025,
COFFEEDAY,EQ,63.0,63.65,59.0,59.85,60.1,62.75,6281276,383086199.6,23-JAN-2024,15425,INE335K01011,
COFORGE,EQ,6398.0,6417.4,6167.2,6201.6,6223.0,6283.4,689002,4323131275.65,23-JAN-2024,91422,INE591G01017,
COLPAL,EQ,2534.75,2552.8,2412.1,2438.4,2434.95,2536.2,722322,1792748927.0,23-JAN-2024,51919,INE259A01022,
COMMOIETF,EQ,78.26,78.26,75.2,75.4,75.85,77.89,193988,14744363.95,23-JAN-2024,1097,INF109KC19O8,
COMPUSOFT,BE,30.5,31.45,29.5,29.65,29.65,30.7,118124,3558434.65,23-JAN-2024,714,INE453B01029,
COMSYN,EQ,95.0,99.0,79.75,84.7,86.7,90.1,43034,3797410.85,23-JAN-2024,653,INE073V01015,
CONCOR,EQ,877.95,883.75,817.15,825.3,823.05,873.35,1482258,1243794805.4,23-JAN-2024,64368,INE111A01025,
CONCORDBIO,EQ,1403.65,1431.0,1370.8,1396.55,1404.0,1395.0,77346,108519171.05,23-JAN-2024,13459,INE338H01029,
CONFIPET,EQ,87.55,88.25,83.0,84.0,85.5,86.9,1613934,137657639.0,23-JAN-2024,9536,INE552D01024,
CONSOFINVT,EQ,291.5,298.0,275.0,280.4,281.5,291.5,49152,13898498.6,23-JAN-2024,3201,INE025A01027,
CONSUMBEES,EQ,105.16,105.89,103.58,104.15,104.6,105.16,67320,7024344.73,23-JAN-2024,845,INF204KA1LD7,
CONSUMIETF,EQ,97.48,98.54,95.91,96.38,96.95,97.47,108334,10477042.44,23-JAN-2024,209,INF109KC1V42,
CONTROLPR,EQ,1020.0,1020.0,930.75,966.2,972.0,1063.6,201492,194652487.0,23-JAN-2024,31863,INE663B01015,
CORALFINAC,BE,66.9,68.0,63.45,64.4,64.55,66.75,87570,5661748.9,23-JAN-2024,602,INE558D01021,
CORDSCABLE,EQ,125.0,127.3,116.0,116.7,117.8,122.65,296266,36440975.4,23-JAN-2024,3225,INE792I01017,
COROMANDEL,EQ,1177.35,1177.35,1119.85,1127.85,1129.3,1177.35,292065,333586347.35,23-JAN-2024,22112,INE169A01031,
COSMOFIRST,EQ,632.55,639.95,628.0,630.15,630.0,632.55,64481,40649929.0,23-JAN-2024,3596,INE757A01017,
COUNCODOS,BE,5.15,5.15,5.1,5.1,5.1,5.2,63456,323908.35,23-JAN-2024,84,INE695B01025,
CPSEETF,EQ,71.36,72.94,68.66,68.79,68.95,71.36,8026383,561379952.85,23-JAN-2024,22538,INF457M01133,
CRAFTSMAN,EQ,4813.45,4836.0,4652.25,4684.75,4700.0,4801.65,38419,182217782.45,23-JAN-2024,10457,INE00LO01017,
CREATIVE,EQ,874.2,892.0,850.05,869.2,878.0,863.05,41893,36550780.25,23-JAN-2024,4591,INE985W01018,
CREATIVEYE,EQ,5.8,6.0,5.8,5.9,5.9,5.75,69558,410865.3,23-JAN-2024,96,INE230B01021,
CREDITACC,EQ,1669.75,1698.9,1585.25,1624.5,1596.0,1667.25,261074,432564267.9,23-JAN-2024,37768,INE741K01010,
CREST,EQ,355.0,355.45,301.25,316.7,319.0,353.4,170599,55649304.6,23-JAN-2024,14444,INE559D01011,
CRISIL,EQ,4039.7,4049.95,3900.0,3938.05,3905.0,4039.7,34085,134741304.85,23-JAN-2024,7432,INE007A01025,
CROMPTON,EQ,311.45,315.7,299.15,300.25,300.95,310.25,3535641,1083510460.1,23-JAN-2024,59974,INE299U01018,
CROWN,BE,117.2,119.6,117.2,117.2,117.2,119.6,14720,1727108.1,23-JAN-2024,28,INE491V01019,
CSBBANK,EQ,397.35,397.95,375.0,379.9,379.8,393.25,189388,72967638.05,23-JAN-2024,14622,INE679A01013,
CSLFINANCE,EQ,440.05,448.0,415.2,418.05,420.05,439.5,54574,23185321.05,23-JAN-2024,4313,INE718F01018,
CTE,EQ,80.05,81.8,74.7,76.0,76.3,79.8,71553,5540763.85,23-JAN-2024,1051,INE627H01017,
CUB,EQ,145.15,145.55,138.7,139.25,139.5,144.15,2938201,415577347.55,23-JAN-2024,22807,INE491A01021,
CUBEXTUB,BE,70.6,71.05,69.6,70.0,70.0,70.6,17453,1231839.9,23-JAN-2024,52,INE144D01012,
CUMMINSIND,EQ,2089.8,2114.0,2085.1,2097.75,2093.0,2083.25,482656,1013892019.7,23-JAN-2024,46834,INE298A01020,
CUPID,BE,1863.0,1938.0,1791.0,1812.9,1830.0,1862.15,109327,201599451.15,23-JAN-2024,2208,INE509F01011,
CYBERMEDIA,EQ,34.3,35.0,31.5,31.75,32.1,34.6,227507,7605636.65,23-JAN-2024,1167,INE278G01037,
CYBERTECH,EQ,201.0,203.85,196.3,198.1,197.9,198.45,163790,32641400.05,23-JAN-2024,10194,INE214A01019,
CYIENT,EQ,2283.95,2289.5,2101.0,2120.0,2141.8,2242.95,368986,797589969.25,23-JAN-2024,52935,INE136B01020,
CYIENTDLM,EQ,666.65,672.75,637.45,648.45,652.0,660.05,152114,99657566.0,23-JAN-2024,12514,INE055S01018,
DABUR,EQ,544.4,544.4,522.6,524.8,526.7,538.4,2256565,1192886433.25,23-JAN-2024,54796,INE016A01026,
DALBHARAT,EQ,2210.0,2219.95,2101.7,2108.9,2119.4,2207.7,288555,616504450.35,23-JAN-2024,33835,INE00R701025,
DALMIASUG,EQ,395.05,395.6,385.05,389.7,386.5,392.15,72602,28234088.4,23-JAN-2024,5058,INE495A01022,
DAMODARIND,EQ,60.65,60.65,54.1,55.0,55.4,59.1,62850,3563303.05,23-JAN-2024,803,INE497D01022,
DANGEE,BE,11.45,11.8,11.0,11.05,11.1,11.4,405102,4514119.8,23-JAN-2024,566,INE688Y01022,
DATAMATICS,EQ,717.9,723.95,688.75,696.8,697.4,712.35,135151,95489835.65,23-JAN-2024,13227,INE365B01017,
DATAPATTNS,EQ,1889.95,1909.0,1832.9,1860.15,1859.35,1882.5,95697,179028487.8,23-JAN-2024,14527,INE0IX101010,
DBCORP,EQ,338.9,343.85,313.15,321.6,332.0,331.55,357751,116718661.85,23-JAN-2024,7454,INE950I01011,
DBL,EQ,391.95,392.0,365.1,368.4,369.8,385.9,494453,186867606.2,23-JAN-2024,19205,INE917M01012,
DBOL,EQ,145.5,145.5,137.0,137.25,137.5,143.2,322853,45172840.25,23-JAN-2024,6548,INE0I3401014,
DBREALTY,EQ,254.0,258.0,231.7,239.1,240.95,251.4,3879850,947617372.4,23-JAN-2024,24593,INE879I01012,
DBSTOCKBRO,BE,42.55,44.4,40.5,42.15,40.95,42.55,29370,1254260.65,23-JAN-2024,180,INE921B01025,
DCAL,EQ,197.0,201.85,188.0,190.4,190.0,194.85,1310455,256121785.35,23-JAN-2024,29925,INE385W01011,
DCBBANK,EQ,148.7,149.75,141.3,142.0,141.95,148.2,3430166,496649092.65,23-JAN-2024,35980,INE503A01015,
DCI,EQ,232.4,238.9,220.8,220.8,220.8,232.4,28103,6370713.45,23-JAN-2024,564,INE0A1101019,
DCM,EQ,86.05,87.4,80.5,81.85,81.1,85.65,79766,6604940.2,23-JAN-2024,1020,INE498A01018,
DCMFINSERV,BE,5.25,5.25,5.2,5.2,5.2,5.15,6936,36228.0,23-JAN-2024,37,INE891B01012,
DCMNVL,EQ,176.8,180.0,168.0,170.25,171.1,176.8,57180,10008725.85,23-JAN-2024,1328,INE08KP01019,
DCMSHRIRAM,EQ,1026.15,1026.2,969.1,992.05,995.8,1019.8,71039,71138892.15,23-JAN-2024,8883,INE499A01024,
DCMSRIND,EQ,194.45,196.8,178.1,180.7,178.1,190.55,484857,89950450.5,23-JAN-2024,6869,INE843D01027,
DCW,EQ,63.25,63.5,59.0,59.5,59.5,62.85,4639109,281625238.3,23-JAN-2024,14846,INE500A01029,
DCXINDIA,EQ,380.1,381.0,344.35,351.8,353.9,370.15,1148233,415458903.65,23-JAN-2024,30362,INE0KL801015,
DECCANCE,EQ,602.25,610.95,585.0,587.2,585.0,602.2,12531,7447485.1,23-JAN-2024,1782,INE583C01021,
DEEPAKFERT,EQ,658.0,658.0,625.0,628.9,627.1,648.4,485414,309055852.0,23-JAN-2024,23010,INE501A01019,
DEEPAKNTR,EQ,2318.95,2340.15,2239.05,2246.55,2253.0,2318.3,235127,535722083.8,23-JAN-2024,24405,INE288B01029,
DEEPENR,EQ,199.9,202.0,189.0,189.95,193.85,196.7,28736,5572778.4,23-JAN-2024,1323,INE677H01012,
DEEPINDS,EQ,257.0,257.9,246.05,247.3,247.75,255.3,137288,34479735.85,23-JAN-2024,6912,INE0FHS01024,
DELHIVERY,EQ,401.2,403.55,388.8,390.25,389.4,399.7,506819,200747960.15,23-JAN-2024,22197,INE148O01028,
DELPHIFX,EQ,297.95,300.0,290.0,290.75,292.95,298.05,13310,3901679.2,23-JAN-2024,435,INE726L01019,
DELTACORP,EQ,146.0,146.35,139.05,140.1,140.3,145.1,2849510,404638687.05,23-JAN-2024,19638,INE124G01033,
DELTAMAGNT,EQ,102.9,102.9,91.0,95.9,97.0,100.1,8859,863459.25,23-JAN-2024,314,INE393A01011,
DEN,EQ,60.55,61.5,58.2,58.7,58.55,60.55,4780724,284634691.6,23-JAN-2024,13042,INE947J01015,
DENORA,EQ,1514.45,1514.5,1411.9,1440.3,1423.75,1497.35,20791,30546320.35,23-JAN-2024,3616,INE244A01016,
DEVIT,BE,145.7,147.0,140.95,143.05,143.7,142.8,17780,2577825.45,23-JAN-2024,266,INE060X01026,
DEVYANI,EQ,182.5,183.4,174.45,176.0,176.9,181.8,1163114,207785828.9,23-JAN-2024,23848,INE872J01023,
DGCONTENT,EQ,19.95,19.95,18.8,19.15,18.8,19.5,25747,494576.85,23-JAN-2024,125,INE03JI01017,
DHAMPURSUG,EQ,260.0,260.0,245.55,247.55,247.0,256.25,294721,73954862.9,23-JAN-2024,10842,INE041A01016,
DHANBANK,EQ,49.0,50.35,44.4,45.7,44.5,46.25,21418895,1029306485.85,23-JAN-2024,67807,INE680A01011,
DHANI,EQ,39.5,39.8,36.8,37.4,37.5,39.3,2716763,103306119.35,23-JAN-2024,10707,INE274G01010,
DHANUKA,EQ,1184.4,1214.35,1150.35,1175.05,1180.0,1194.55,55020,65038632.0,23-JAN-2024,9790,INE435G01025,
DHARMAJ,EQ,261.45,267.3,252.0,254.25,252.0,257.7,169733,43913389.45,23-JAN-2024,10986,INE00OQ01016,
DHRUV,EQ,65.45,67.2,60.6,62.0,62.6,64.5,56614,3639147.2,23-JAN-2024,1256,INE506Z01015,
DHUNINV,EQ,1230.0,1230.0,1133.0,1166.75,1140.0,1215.4,1680,1998426.9,23-JAN-2024,460,INE320L01011,
DIACABS,BE,223.75,223.75,223.75,223.75,223.75,219.4,2743,613746.25,23-JAN-2024,14,INE989C01020,
DIAMINESQ,EQ,525.0,525.0,505.0,509.85,512.0,520.25,5195,2668915.3,23-JAN-2024,935,INE591D01014,
DIAMONDYD,EQ,1335.0,1416.15,1277.75,1350.9,1350.0,1336.85,185970,255154700.9,23-JAN-2024,19033,INE393P01035,
DICIND,EQ,514.4,530.0,481.65,485.85,482.5,519.55,7802,3963472.05,23-JAN-2024,746,INE303A01010,
DIGIDRIVE,BE,68.5,71.7,68.5,68.5,68.5,72.1,658978,45292777.15,23-JAN-2024,2696,INE0PSC01024,
DIGISPICE,EQ,31.2,31.45,28.5,29.35,29.25,30.75,222990,6680921.0,23-JAN-2024,981,INE927C01020,
DIGJAMLMTD,BE,83.0,85.45,83.0,83.55,83.55,83.45,1777,148512.2,23-JAN-2024,34,INE731U01028,
DIL,EQ,9.9,9.9,9.3,9.4,9.4,9.65,1893178,18309843.45,23-JAN-2024,3498,INE411Y01011,
DISHTV,EQ,18.5,19.8,18.35,18.8,18.95,20.5,84896927,1609636555.8,23-JAN-2024,52410,INE836F01026,
DIVGIITTS,EQ,975.0,998.5,931.8,937.35,938.4,974.85,38127,36683876.8,23-JAN-2024,6167,INE753U01022,
DIVISLAB,EQ,3700.0,3700.0,3585.85,3615.35,3621.95,3649.55,387616,1407007450.25,23-JAN-2024,48478,INE361B01024,
DIVOPPBEES,EQ,72.75,72.75,68.61,69.02,69.15,70.61,73633,5165927.7,23-JAN-2024,1474,INF204KA1MS3,
DIXON,EQ,6025.05,6102.15,5819.3,5853.85,5850.0,6019.2,350766,2088318689.65,23-JAN-2024,58684,INE935N01020,
DJML,EQ,152.85,153.9,146.7,149.4,149.9,153.35,23330,3504513.85,23-JAN-2024,427,INE0B1K01014,
DLF,EQ,790.0,791.9,733.95,739.3,743.0,777.05,19908675,14966675549.95,23-JAN-2024,272597,INE271C01023,
DLINKINDIA,EQ,326.55,328.85,311.9,313.95,315.0,325.4,135409,43218499.75,23-JAN-2024,6944,INE250K01012,
DMART,EQ,3675.0,3714.0,3651.05,3675.9,3672.0,3676.5,299750,1100479058.05,23-JAN-2024,38566,INE192R01011,
DMCC,EQ,332.75,334.0,313.0,315.85,319.7,331.9,32170,10411706.95,23-JAN-2024,4373,INE505A01010,
DNAMEDIA,BE,4.8,4.85,4.8,4.8,4.8,4.8,20024,96591.0,23-JAN-2024,73,INE016M01021,
DODLA,EQ,862.75,869.7,835.3,848.55,853.95,851.45,84185,72103164.45,23-JAN-2024,9205,INE021O01019,
DOLATALGO,EQ,67.35,67.35,62.5,63.15,63.9,66.15,337595,21730471.05,23-JAN-2024,2871,INE966A01022,
DOLLAR,EQ,475.05,479.7,454.55,457.1,457.3,475.05,253300,117666495.3,23-JAN-2024,10687,INE325C01035,
DOLPHIN,BE,1794.75,1794.75,1794.75,1794.75,1794.75,1759.6,34,61021.5,23-JAN-2024,7,INE920A01029,
DOMS,EQ,1433.0,1476.7,1399.9,1413.15,1427.2,1424.95,175524,251250146.15,23-JAN-2024,16241,INE321T01012,
DONEAR,EQ,104.0,104.7,97.95,99.65,99.4,103.35,172822,17457095.9,23-JAN-2024,2895,INE668D01028,
DPABHUSHAN,EQ,692.65,703.0,663.0,669.0,673.0,691.6,17426,11858619.8,23-JAN-2024,739,INE266Y01019,
DPSCLTD,EQ,21.1,21.1,21.1,21.1,21.1,19.2,2977186,62818624.6,23-JAN-2024,5904,INE360C01024,
DPWIRES,EQ,569.95,569.95,552.15,560.05,564.8,561.85,26372,14712963.9,23-JAN-2024,3311,INE864X01013,
DRCSYSTEMS,BE,54.45,54.45,54.45,54.45,54.45,53.4,45784,2492938.8,23-JAN-2024,91,INE03RS01027,
DREAMFOLKS,EQ,533.05,540.3,514.1,516.3,515.25,530.3,204758,107707016.45,23-JAN-2024,16876,INE0JS101016,
DREDGECORP,EQ,889.95,889.95,798.7,802.1,798.7,887.4,320897,267063824.55,23-JAN-2024,11300,INE506A01018,
DRREDDY,EQ,5651.9,5754.0,5640.95,5674.4,5682.0,5635.4,465989,2652121949.45,23-JAN-2024,67646,INE089A01023,
DSPBANKETF,EQ,46.92,47.01,45.08,45.28,45.4,46.49,99169,4506979.37,23-JAN-2024,985,INF740KA1RX3,
DSPGOLDETF,EQ,62.03,62.15,61.8,62.01,62.14,62.03,301071,18708235.7,23-JAN-2024,108,INF740KA1SW3,
DSPITETF,EQ,37.4,37.61,36.67,36.76,36.91,37.41,4221,157092.99,23-JAN-2024,181,INF740KA1SX1,
DSPN50ETF,EQ,221.65,222.35,216.15,216.26,216.15,221.22,1630,354242.54,23-JAN-2024,63,INF740KA1CL0,
DSPNEWETF,EQ,276.2,276.2,268.47,269.62,268.47,274.73,9296,2523559.36,23-JAN-2024,275,INF740KA1QK2,
DSPPSBKETF,EQ,61.18,62.3,57.5,58.04,57.81,60.29,40008,2355913.19,23-JAN-2024,286,INF740KA1SY9,
DSPPVBKETF,EQ,24.38,24.98,23.2,23.54,23.95,23.89,223191,5247844.47,23-JAN-2024,1364,INF740KA1TA7,
DSPQ50ETF,EQ,216.75,216.75,206.87,207.74,207.0,210.45,1919,402126.78,23-JAN-2024,136,INF740KA1QL0,
DSPSENXETF,EQ,71.92,72.16,70.5,70.8,70.83,71.89,3759,268953.81,23-JAN-2024,50,INF740KA1SZ6,
DSPSILVETF,EQ,70.18,70.18,69.45,69.48,69.45,70.32,68791,4793933.11,23-JAN-2024,123,INF740KA1RE3,
DSSL,EQ,684.85,686.0,623.9,633.95,643.0,667.25,35040,22896829.7,23-JAN-2024,3873,INE417B01040,
DTIL,EQ,239.95,247.7,227.0,228.35,227.0,236.95,35257,8423402.25,23-JAN-2024,1347,INE341R01014,
DUCON,BE,11.3,11.75,10.75,10.75,10.75,11.3,996602,10815975.7,23-JAN-2024,953,INE741L01018,
DVL,EQ,333.05,342.0,327.0,333.65,335.95,342.75,70462,23504106.3,23-JAN-2024,4737,INE477B01010,
DWARKESH,EQ,83.8,83.95,80.5,80.9,81.1,83.3,1016347,83024475.15,23-JAN-2024,9708,INE366A01041,
DYCL,EQ,435.0,439.8,415.1,419.45,419.95,433.5,63959,27111982.75,23-JAN-2024,3332,INE600Y01019,
DYNAMATECH,EQ,6399.0,6781.9,6205.0,6369.2,6465.0,6309.65,64195,414943602.7,23-JAN-2024,15216,INE221B01012,
DYNPRO,EQ,274.4,274.4,265.35,266.7,267.0,270.7,26234,7083447.85,23-JAN-2024,1825,INE256H01015,
E2E,BE,839.0,839.0,823.2,823.2,823.2,840.0,4334,3578039.2,23-JAN-2024,123,INE255Z01019,
EASEMYTRIP,EQ,46.95,47.95,44.55,44.8,44.75,46.35,23686954,1089673119.85,23-JAN-2024,70200,INE07O001026,
EASTSILK,BE,3.15,3.15,3.15,3.15,3.15,3.3,5673,17869.95,23-JAN-2024,11,INE962C01027,
EBBETF0425,EQ,1213.6,1213.6,1178.06,1178.75,1178.25,1178.26,14698,17334477.98,23-JAN-2024,1824,INF754K01LD3,
EBBETF0430,EQ,1367.9,1367.9,1323.15,1325.13,1326.99,1328.08,8908,11818072.93,23-JAN-2024,256,INF754K01KO2,
EBBETF0431,EQ,1183.3,1185.0,1181.06,1182.27,1182.0,1183.29,3606,4265478.31,23-JAN-2024,221,INF754K01LE1,
EBBETF0433,EQ,1078.43,1081.01,1077.07,1077.74,1077.07,1078.43,1184,1278418.9,23-JAN-2024,62,INF754K01QX0,
ECLERX,EQ,2687.0,2687.0,2582.15,2613.75,2620.0,2660.1,37779,99337068.75,23-JAN-2024,9933,INE738I01010,
EDELWEISS,EQ,74.65,74.85,70.0,71.05,71.45,74.05,7193860,526846511.25,23-JAN-2024,35395,INE532F01054,
EGOLD,EQ,64.2,64.25,63.8,63.8,63.8,64.15,138,8823.3,23-JAN-2024,14,INF754K01SE6,
EICHERMOT,EQ,3702.05,3744.0,3606.05,3616.7,3618.4,3697.6,823427,3024370610.5,23-JAN-2024,71531,INE066A01021,
EIDPARRY,EQ,565.0,585.5,560.4,579.85,578.0,561.9,779416,449318191.4,23-JAN-2024,32685,INE126A01031,
EIFFL,EQ,145.1,150.1,141.75,145.8,146.0,144.3,35197,5132063.8,23-JAN-2024,426,INE546V01010,
EIHAHOTELS,EQ,654.0,657.1,615.35,625.55,624.9,649.05,137497,87103366.65,23-JAN-2024,13248,INE276C01014,
EIHOTEL,EQ,304.0,316.75,293.45,295.45,296.6,293.45,3744314,1136483665.4,23-JAN-2024,72882,INE230A01023,
EIMCOELECO,BE,1596.8,1618.0,1530.8,1541.4,1565.0,1596.8,3072,4808527.95,23-JAN-2024,154,INE158B01016,
EKC,EQ,136.4,137.5,128.35,129.4,129.75,135.1,683802,90687404.1,23-JAN-2024,10599,INE184H01027,
ELDEHSG,EQ,802.15,820.5,775.0,775.85,777.2,814.75,15401,12119360.8,23-JAN-2024,735,INE668G01021,
ELECON,EQ,1096.35,1100.0,1005.0,1010.55,1010.1,1075.8,485148,506623639.9,23-JAN-2024,42091,INE205B01023,
ELECTCAST,EQ,149.0,151.8,142.0,143.55,144.8,145.85,4470161,663564002.15,23-JAN-2024,34819,INE086A01029,
ELECTHERM,BE,335.6,335.6,334.5,334.5,334.5,329.05,37280,12507496.2,23-JAN-2024,167,INE822G01016,
ELGIEQUIP,EQ,545.3,570.0,532.2,554.1,557.0,540.4,1574443,877322372.8,23-JAN-2024,76573,INE285A01027,
ELGIRUBCO,BE,60.85,60.85,56.3,57.05,56.9,58.2,42752,2490307.5,23-JAN-2024,211,INE819L01012,
ELIN,EQ,173.5,175.1,161.8,162.75,163.45,172.15,514043,85771320.45,23-JAN-2024,16341,INE050401020,
EMAMILTD,EQ,513.0,513.0,492.25,498.9,497.9,509.45,518113,259021195.6,23-JAN-2024,26545,INE548C01032,
EMAMIPAP,EQ,131.8,133.2,122.95,123.75,124.95,130.5,128753,16484076.05,23-JAN-2024,3165,INE830C01026,
EMAMIREAL,BE,122.1,127.5,120.8,120.8,120.8,127.15,40471,4919106.4,23-JAN-2024,297,INE778K01012,
EMIL,EQ,221.95,222.7,212.4,213.15,212.8,219.45,232631,50228630.3,23-JAN-2024,5578,INE02YR01019,
EMKAY,BE,148.0,151.5,140.55,143.75,144.0,146.75,87199,12867298.15,23-JAN-2024,448,INE296H01011,
EMMBI,EQ,114.7,115.75,107.15,107.55,107.45,113.0,87133,9705623.8,23-JAN-2024,1175,INE753K01015,
EMSLIMITED,EQ,479.9,480.0,446.0,450.25,452.0,465.85,386191,176691398.8,23-JAN-2024,6192,INE0OV601013,
EMUDHRA,EQ,459.65,462.95,436.3,440.2,442.65,458.55,304121,134964193.05,23-JAN-2024,17284,INE01QM01018,
ENDURANCE,EQ,2075.0,2096.55,2016.55,2054.55,2039.0,2065.4,51821,106631073.2,23-JAN-2024,12874,INE913H01037,
ENERGYDEV,BE,26.4,26.75,25.2,25.35,25.4,25.9,112856,2932716.75,23-JAN-2024,644,INE306C01019,
ENGINERSIN,EQ,244.5,244.8,218.0,222.15,223.45,242.15,14000409,3204305900.45,23-JAN-2024,121311,INE510A01028,
ENIL,EQ,242.05,245.25,223.4,226.65,225.35,240.75,202241,46771213.95,23-JAN-2024,12355,INE265F01028,
EPIGRAL,EQ,1029.0,1029.0,964.0,973.9,965.0,1014.5,45184,44849999.75,23-JAN-2024,7710,INE071N01016,
EPL,EQ,200.5,205.95,195.7,196.4,198.0,199.75,1570124,314460461.4,23-JAN-2024,24693,INE255A01020,
EQUIPPP,BE,31.9,32.85,29.75,31.25,32.5,31.3,115258,3617135.2,23-JAN-2024,300,INE217G01035,
EQUITASBNK,EQ,113.1,114.45,107.0,108.1,107.1,112.85,3112085,341549319.1,23-JAN-2024,28718,INE063P01018,
ERIS,EQ,893.95,898.15,872.6,880.0,875.0,892.45,45481,40174500.35,23-JAN-2024,7939,INE406M01024,
EROSMEDIA,EQ,24.7,24.85,23.5,23.7,23.5,24.5,590732,14235632.7,23-JAN-2024,1889,INE416L01017,
ESABINDIA,EQ,5592.1,5855.05,5550.05,5661.15,5719.0,5586.5,7509,42552771.85,23-JAN-2024,1671,INE284A01012,
ESAFSFB,EQ,70.05,71.35,69.15,69.25,69.25,70.75,1201491,84182371.25,23-JAN-2024,5881,INE818W01011,
ESCORTS,EQ,2939.95,2959.0,2823.3,2836.8,2834.85,2936.8,369423,1058690838.95,23-JAN-2024,41280,INE042A01014,
ESG,EQ,36.05,36.07,35.12,35.26,35.25,35.74,85817,3031873.98,23-JAN-2024,242,INF769K01GS9,
ESILVER,EQ,73.33,74.51,72.21,72.63,72.55,73.33,7647,556869.11,23-JAN-2024,114,INF754K01SF3,
ESSARSHPNG,EQ,32.4,32.7,30.25,30.3,30.3,31.85,541680,16873270.65,23-JAN-2024,2429,INE122M01019,
ESSENTIA,BE,7.1,7.1,7.1,7.1,7.1,7.25,1285500,9127050.0,23-JAN-2024,2571,INE418N01035,
ESTER,EQ,100.5,101.4,96.1,96.6,96.3,100.15,212847,20843638.95,23-JAN-2024,4433,INE778B01029,
ETHOSLTD,EQ,2374.7,2374.7,2284.6,2310.4,2330.0,2360.85,46288,107011355.65,23-JAN-2024,10338,INE04TZ01018,
EUROTEXIND,EQ,14.55,14.55,13.2,13.25,13.2,13.9,2916,39660.3,23-JAN-2024,92,INE022C01012,
EVEREADY,EQ,354.5,354.9,338.5,344.15,346.4,351.5,337982,116912264.05,23-JAN-2024,11452,INE128A01029,
EVERESTIND,EQ,1301.65,1332.45,1251.0,1273.6,1273.0,1301.05,12666,16323718.05,23-JAN-2024,2843,INE295A01018,
EXCEL,BE,0.55,0.55,0.5,0.5,0.5,0.55,6798440,3530103.6,23-JAN-2024,2423,INE688J01023,
EXCELINDUS,EQ,919.0,927.45,880.0,884.0,886.75,905.3,27565,25003266.85,23-JAN-2024,3293,INE369A01029,
EXIDEIND,EQ,325.9,327.6,313.35,314.7,315.45,321.5,3270317,1041503917.2,23-JAN-2024,43517,INE302A01020,
EXPLEOSOL,EQ,1409.75,1420.1,1351.0,1355.7,1360.0,1380.95,25316,34949790.15,23-JAN-2024,4305,INE201K01015,
EXXARO,EQ,117.45,118.4,113.0,113.9,115.0,116.75,102139,11795949.35,23-JAN-2024,2139,INE0GFE01018,
FACT,EQ,840.5,855.0,805.2,812.1,811.8,831.8,1176421,978061135.9,23-JAN-2024,41038,INE188A01015,
FAIRCHEMOR,EQ,1267.0,1274.8,1225.6,1242.75,1241.0,1259.75,15229,19022226.5,23-JAN-2024,4878,INE0DNW01011,
FAZE3Q,EQ,427.05,439.0,412.1,418.0,419.0,420.75,20572,8717498.8,23-JAN-2024,2695,INE963C01033,
FCL,EQ,338.85,338.85,321.1,323.35,324.0,334.3,364529,119060331.15,23-JAN-2024,13874,INE045J01026,
FCONSUMER,BE,1.0,1.0,1.0,1.0,1.0,0.95,10658246,10658246.0,23-JAN-2024,2251,INE220J01025,
FCSSOFT,EQ,5.1,5.15,4.8,4.85,4.9,5.0,26739091,131294699.05,23-JAN-2024,14421,INE512B01022,
FDC,EQ,439.65,448.0,402.0,418.1,416.0,437.65,668141,290320420.85,23-JAN-2024,33488,INE258B01022,
FEDERALBNK,EQ,148.35,148.35,139.4,140.25,140.2,145.55,15830801,2257574251.2,23-JAN-2024,88653,INE171A01029,
FEDFINA,EQ,135.65,136.0,132.0,132.95,133.6,135.1,494128,65915423.45,23-JAN-2024,9780,INE007N01010,
FELDVR,BE,6.65,6.65,6.15,6.35,6.35,6.4,42604,273578.65,23-JAN-2024,144,IN9623B01058,
FIBERWEB,EQ,38.0,38.5,36.75,37.3,37.6,37.45,127405,4764516.45,23-JAN-2024,901,INE296C01020,
FIEMIND,EQ,2420.0,2425.85,2300.0,2329.4,2324.5,2392.1,61821,145574396.4,23-JAN-2024,8992,INE737H01014,
FILATEX,EQ,61.6,61.6,57.2,58.05,58.9,60.95,9247087,544017710.75,23-JAN-2024,14820,INE816B01035,
FINCABLES,EQ,1100.0,1104.3,1068.8,1080.05,1081.0,1091.65,234135,253449496.25,23-JAN-2024,24666,INE235A01022,
FINEORG,EQ,4551.5,4575.5,4440.0,4457.3,4440.0,4540.45,22077,99201025.95,23-JAN-2024,7229,INE686Y01026,
FINIETF,EQ,22.75,22.85,22.0,22.08,22.4,22.75,513429,11428357.76,23-JAN-2024,974,INF109KC17L8,
FINOPB,EQ,317.2,321.85,297.3,299.3,303.8,319.15,276552,85798381.35,23-JAN-2024,11870,INE02NC01014,
FINPIPE,EQ,235.15,235.65,221.35,223.85,224.9,234.05,427620,97089932.8,23-JAN-2024,14525,INE183A01024,
FIVESTAR,EQ,753.4,765.0,742.3,756.15,754.0,751.35,618686,466832116.3,23-JAN-2024,29118,INE128S01021,
FLAIR,EQ,341.95,341.95,325.85,328.35,329.0,339.25,249951,82941890.85,23-JAN-2024,9075,INE00Y201027,
FLEXITUFF,EQ,54.95,54.95,48.1,50.15,49.0,52.0,16449,833439.3,23-JAN-2024,225,INE060J01017,
FLUOROCHEM,EQ,3799.0,3799.0,3591.1,3639.2,3620.0,3729.6,82670,302413382.2,23-JAN-2024,14362,INE09N301011,
FMCGIETF,EQ,579.51,584.99,567.0,569.06,571.46,579.45,38192,21867520.1,23-JAN-2024,903,INF109KC1R48,
FMGOETZE,EQ,379.0,382.0,363.0,365.45,367.9,376.95,144935,53750608.25,23-JAN-2024,9336,INE529A01010,
FMNL,BE,9.75,9.75,9.75,9.75,9.75,10.25,33686,328438.5,23-JAN-2024,118,INE360L01017,
FOCUS,EQ,201.0,203.4,192.15,194.15,198.5,199.5,221935,43640037.15,23-JAN-2024,8220,INE593W01028,
FOODSIN,EQ,162.75,163.2,149.9,151.45,151.1,161.45,506611,79170016.05,23-JAN-2024,13016,INE976E01023,
FORTIS,EQ,417.7,430.85,415.15,420.05,419.6,419.0,1237958,526394961.0,23-JAN-2024,51341,INE061F01013,
FOSECOIND,EQ,3669.9,3669.9,3590.05,3600.45,3609.9,3650.35,1371,4949482.85,23-JAN-2024,424,INE519A01011,
FSL,EQ,202.6,204.2,189.4,190.55,191.35,201.5,2677773,523565134.55,23-JAN-2024,35938,INE684F01012,
FUSION,EQ,630.35,641.0,610.35,614.35,611.9,630.35,314113,196208890.85,23-JAN-2024,20754,INE139R01012,
GABRIEL,EQ,394.95,394.95,371.35,375.65,378.0,388.4,178488,68158748.8,23-JAN-2024,11418,INE524A01029,
GAEL,EQ,334.7,340.15,320.35,325.65,327.55,332.05,453252,150919547.35,23-JAN-2024,20506,INE036B01030,
GAIL,EQ,168.0,168.3,155.75,157.2,157.95,166.45,30341132,4913561303.1,23-JAN-2024,115774,INE129A01019,
GALAXYSURF,EQ,2694.0,2709.5,2628.1,2649.3,2660.1,2694.0,14806,39625927.5,23-JAN-2024,5248,INE600K01018,
GALLANTT,EQ,187.1,190.0,175.0,176.55,177.8,186.55,337819,60926029.5,23-JAN-2024,3643,INE297H01019,
GANDHAR,EQ,264.85,264.85,250.05,252.65,252.95,261.7,1043232,267230633.35,23-JAN-2024,29882,INE717W01049,
GANDHITUBE,EQ,738.95,842.4,719.2,764.15,788.0,726.1,432400,348824494.1,23-JAN-2024,27024,INE524B01027,
GANECOS,EQ,977.7,999.4,966.0,980.6,968.25,968.1,119743,116854146.45,23-JAN-2024,8704,INE845D01014,
GANESHBE,EQ,164.45,164.45,158.3,159.9,159.75,162.45,341232,54841124.2,23-JAN-2024,11445,INE388A01029,
GANESHHOUC,EQ,663.4,688.3,612.55,638.5,642.0,669.15,563916,363103137.45,23-JAN-2024,15025,INE460C01014,
GANGAFORGE,BE,12.35,12.35,12.35,12.35,12.35,11.8,1121255,13847499.25,23-JAN-2024,1305,INE691Z01023,
GANGESSECU,EQ,134.0,134.0,122.2,124.25,122.7,132.0,26407,3405051.25,23-JAN-2024,695,INE335W01016,
GARFIBRES,EQ,3490.0,3645.3,3483.05,3550.2,3565.0,3409.3,52610,188270949.55,23-JAN-2024,10584,INE276A01018,
GATECH,BE,2.5,2.5,2.4,2.4,2.4,2.45,986523,2411488.0,23-JAN-2024,450,INE224E01028,
GATECHDVR,EQ,6.9,6.95,6.55,6.55,6.55,6.9,373375,2488375.25,23-JAN-2024,1298,INE224E01036,
GATEWAY,EQ,115.0,116.7,108.9,110.5,110.3,114.2,841823,94530003.75,23-JAN-2024,10379,INE079J01017,
GAYAHWS,BE,1.35,1.35,1.25,1.35,1.35,1.3,1397525,1855575.85,23-JAN-2024,602,INE287Z01012,
GEECEE,EQ,263.0,266.0,251.0,251.85,253.45,259.5,18566,4737658.65,23-JAN-2024,1528,INE916G01016,
GEEKAYWIRE,BE,94.85,94.85,94.75,94.85,94.85,93.0,85008,8060138.4,23-JAN-2024,337,INE669X01024,
GENCON,BE,51.0,51.0,47.8,49.35,49.3,48.6,254284,12795323.75,23-JAN-2024,613,INE854S01022,
GENESYS,EQ,492.1,506.9,452.85,465.05,466.9,488.15,324314,154134667.4,23-JAN-2024,19809,INE727B01026,
GENSOL,BE,892.1,892.1,865.0,891.35,892.1,849.65,266411,237453377.55,23-JAN-2024,3958,INE06H201014,
GENUSPAPER,EQ,20.85,21.2,19.65,19.85,19.9,20.65,1987511,40386816.75,23-JAN-2024,5594,INE949P01018,
GENUSPOWER,EQ,254.95,262.0,237.65,241.55,242.25,250.15,904634,227048277.7,23-JAN-2024,13745,INE955D01029,
GEOJITFSL,EQ,82.0,86.2,80.8,81.65,81.8,81.55,3323702,278193180.7,23-JAN-2024,17629,INE007B01023,
GEPIL,EQ,255.6,256.95,235.35,239.95,237.15,253.2,583772,142585751.05,23-JAN-2024,23668,INE878A01011,
GESHIP,EQ,970.0,989.7,951.0,958.25,958.9,968.95,410384,399058487.1,23-JAN-2024,27481,INE017A01032,
GET&D,BE,665.0,665.0,625.0,627.7,636.0,646.6,64334,41745530.5,23-JAN-2024,2763,INE200A01026,
GFLLIMITED,EQ,97.9,97.9,91.75,92.2,92.1,96.15,134269,12622992.1,23-JAN-2024,2169,INE538A01037,
GFSTEELS,BE,7.9,7.9,7.9,7.9,7.9,7.9,1940,15326.0,23-JAN-2024,3,INE534A01028,
GHCL,EQ,590.05,592.0,566.8,571.8,572.8,581.3,185013,107127471.6,23-JAN-2024,15764,INE539A01019,
GHCLTEXTIL,EQ,79.0,79.75,77.4,77.7,77.95,78.9,351018,27339179.55,23-JAN-2024,2423,INE0PA801013,
GICHSGFIN,EQ,263.8,265.35,239.55,243.65,243.85,261.25,922715,231524753.95,23-JAN-2024,25655,INE289B01019,
GICRE,EQ,367.0,367.0,331.0,334.15,335.5,369.35,3278620,1134658615.15,23-JAN-2024,59214,INE481Y01014,
GILLANDERS,EQ,159.8,159.8,145.7,149.95,150.0,153.35,179624,27256907.9,23-JAN-2024,1859,INE047B01011,
GILLETTE,EQ,6632.85,6657.75,6487.65,6522.85,6539.8,6624.3,15508,101368985.25,23-JAN-2024,4533,INE322A01010,
GILT5YBEES,EQ,55.36,55.36,54.52,54.54,54.56,54.52,353644,19287944.96,23-JAN-2024,575,INF204KC1030,
GINNIFILA,EQ,39.25,41.0,37.8,38.85,39.4,39.25,574488,22886196.85,23-JAN-2024,1927,INE424C01010,
GIPCL,EQ,198.0,203.0,185.95,187.15,188.4,194.5,2413251,470302910.9,23-JAN-2024,40793,INE162A01010,
GKWLIMITED,BE,1533.3,1571.9,1487.15,1506.5,1496.0,1533.3,235,356749.4,23-JAN-2024,41,INE528A01020,
GLAND,EQ,1940.1,1960.8,1865.3,1885.25,1893.9,1939.5,126569,241276566.75,23-JAN-2024,17778,INE068V01023,
GLAXO,EQ,2275.0,2304.0,2209.0,2225.95,2236.0,2269.8,183333,413189569.6,23-JAN-2024,16126,INE159A01016,
GLENMARK,EQ,875.25,892.9,853.05,858.15,857.3,875.25,885743,775203129.65,23-JAN-2024,28774,INE935A01035,
GLFL,BE,8.75,8.75,8.75,8.75,8.75,8.9,100478,879182.5,23-JAN-2024,129,INE540A01017,
GLOBAL,EQ,357.0,382.7,282.0,303.8,306.0,345.8,1133609,371343883.45,23-JAN-2024,58545,INE291W01029,
GLOBALVECT,BE,133.0,133.0,123.0,123.0,123.0,129.45,11965,1515532.25,23-JAN-2024,219,INE792H01019,
GLOBE,BE,4.15,4.15,4.15,4.15,4.15,4.2,412799,1713115.85,23-JAN-2024,332,INE581X01021,
GLOBUSSPR,EQ,825.9,828.95,794.55,805.85,811.9,825.9,150480,121947956.05,23-JAN-2024,12307,INE615I01010,
GLS,EQ,797.55,798.0,772.65,790.2,790.05,798.5,167733,132579003.9,23-JAN-2024,24667,INE03Q201024,
GMBREW,EQ,667.8,669.65,650.0,651.05,651.9,667.8,29752,19558556.1,23-JAN-2024,3237,INE075D01018,
GMDCLTD,EQ,480.0,481.7,420.0,440.15,441.9,475.3,3762330,1714536147.7,23-JAN-2024,65473,INE131A01031,
GMMPFAUDLR,EQ,1537.5,1545.0,1514.85,1526.05,1520.9,1537.45,118157,180681464.85,23-JAN-2024,11453,INE541A01023,
GMRINFRA,EQ,82.5,83.0,74.25,75.5,75.75,81.9,43604317,3427201327.6,23-JAN-2024,78649,INE776C01039,
GMRP&UI,EQ,52.0,52.4,48.25,48.25,48.25,50.75,2111610,103996351.75,23-JAN-2024,7351,INE0CU601026,
GNA,EQ,489.85,492.95,470.55,471.5,471.1,487.4,109663,52286954.9,23-JAN-2024,10174,INE934S01014,
GNFC,EQ,747.0,747.85,702.7,708.15,711.95,743.05,1240929,893454918.7,23-JAN-2024,35007,INE113A01013,
GOACARBON,EQ,731.4,731.4,691.15,702.6,709.8,720.6,184256,130115076.85,23-JAN-2024,14768,INE426D01013,
GOCLCORP,EQ,510.0,522.8,488.0,492.55,489.4,507.6,95361,47909093.45,23-JAN-2024,8558,INE077F01035,
GOCOLORS,EQ,1147.0,1165.45,1059.4,1130.65,1126.0,1157.9,86752,98750464.85,23-JAN-2024,13397,INE0BJS01011,
GODFRYPHLP,EQ,2195.0,2229.95,2165.0,2190.05,2200.0,2194.05,56044,122939569.6,23-JAN-2024,8969,INE260B01028,
GODHA,BE,0.65,0.65,0.65,0.65,0.65,0.65,5492152,3569898.8,23-JAN-2024,2426,INE925Y01036,
GODREJAGRO,EQ,545.0,545.0,525.55,530.05,529.1,542.45,102154,54649812.0,23-JAN-2024,8976,INE850D01014,
GODREJCP,EQ,1144.0,1157.35,1124.85,1130.4,1128.45,1126.55,1998376,2276080303.3,23-JAN-2024,92754,INE102D01028,
GODREJIND,EQ,841.35,857.4,812.1,825.65,820.0,835.75,415648,347419573.35,23-JAN-2024,32569,INE233A01035,
GODREJPROP,EQ,2324.95,2334.75,2254.0,2268.95,2263.0,2309.05,2334333,5307369650.1,23-JAN-2024,120715,INE484J01027,
GOKEX,EQ,907.0,919.8,876.05,892.3,888.05,907.0,272568,245580740.7,23-JAN-2024,26186,INE887G01027,
GOKUL,EQ,62.85,64.9,59.1,59.65,60.0,59.85,966083,59388197.2,23-JAN-2024,5105,INE020J01029,
GOKULAGRO,EQ,123.6,127.7,121.6,122.45,122.5,124.0,384438,47977897.75,23-JAN-2024,4590,INE314T01025,
GOLDBEES,EQ,53.18,53.18,52.28,52.86,52.88,52.86,4651343,246011510.05,23-JAN-2024,32122,INF204KB17I5,
GOLDETF,EQ,62.51,62.77,62.2,62.53,62.46,62.35,43238,2702534.52,23-JAN-2024,697,INF769K01JP9,
GOLDIAM,EQ,179.2,179.2,164.0,166.15,166.6,177.5,722636,122750303.8,23-JAN-2024,9184,INE025B01025,
GOLDIETF,EQ,52.85,56.0,52.85,54.54,54.59,54.51,1189144,64875746.78,23-JAN-2024,8731,INF109KC1NT3,
GOLDSHARE,EQ,53.1,53.3,52.9,53.25,53.25,53.1,71792,3817940.15,23-JAN-2024,545,INF789F1AUX7,
GOLDTECH,BE,159.2,159.2,159.2,159.2,159.2,156.1,6647,1058202.4,23-JAN-2024,43,INE805A01014,
GOODLUCK,EQ,1105.4,1109.65,1050.0,1051.9,1050.0,1090.6,142939,152993013.15,23-JAN-2024,13284,INE127I01024,
GOYALALUM,BE,10.45,10.45,10.45,10.45,10.45,10.65,28875,301743.75,23-JAN-2024,185,INE705X01026,
GPIL,EQ,742.0,747.2,710.0,715.5,714.9,739.15,302007,219577524.75,23-JAN-2024,16809,INE177H01021,
GPPL,EQ,164.0,169.9,156.95,159.3,159.2,163.2,6100159,1003553593.2,23-JAN-2024,53215,INE517F01014,
GPTINFRA,BE,182.0,182.0,181.9,181.9,181.9,179.25,34077,6201168.5,23-JAN-2024,139,INE390G01014,
GRANULES,EQ,422.0,429.75,408.55,411.9,414.35,416.45,3419052,1434015518.9,23-JAN-2024,48305,INE101D01020,
GRAPHITE,EQ,549.9,551.6,520.1,522.9,524.9,545.05,684391,366102735.1,23-JAN-2024,26494,INE371A01025,
GRASIM,EQ,2078.1,2086.4,2032.5,2049.6,2052.75,2081.2,938057,1929602310.8,23-JAN-2024,101790,INE047A01021,
GRASIM-RE,BE,299.75,338.9,299.75,316.8,335.0,333.05,1708428,539361737.05,23-JAN-2024,20199,INE047A20013,
GRAVITA,EQ,1020.3,1030.0,960.0,967.4,972.0,1020.3,255523,251409007.15,23-JAN-2024,30271,INE024L01027,
GREAVESCOT,EQ,166.25,175.7,163.05,165.0,165.65,164.8,8529695,1450644103.75,23-JAN-2024,74737,INE224A01026,
GREENLAM,EQ,529.5,529.5,511.0,515.85,521.95,523.45,15763,8181236.4,23-JAN-2024,2614,INE544R01021,
GREENPANEL,EQ,403.0,418.35,389.35,391.55,392.8,392.85,834272,335626032.35,23-JAN-2024,37147,INE08ZM01014,
GREENPLY,EQ,241.4,244.2,228.25,231.45,229.0,241.35,236177,55562316.55,23-JAN-2024,13850,INE461C01038,
GREENPOWER,EQ,23.15,23.3,21.9,22.0,22.1,22.8,7936457,179196590.1,23-JAN-2024,21966,INE999K01014,
GRINDWELL,EQ,2281.75,2282.95,2209.55,2252.6,2249.0,2270.35,22231,50118534.1,23-JAN-2024,6635,INE536A01023,
GRINFRA,EQ,1163.0,1181.95,1120.0,1129.2,1131.0,1161.1,48950,56676220.9,23-JAN-2024,5614,INE201P01022,
GRMOVER,EQ,189.2,191.0,185.05,186.55,186.0,189.2,59133,11061230.85,23-JAN-2024,3491,INE192H01020,
GROBTEA,EQ,985.55,986.1,963.0,966.45,963.0,983.15,150,146142.5,23-JAN-2024,53,INE646C01018,
GRPLTD,EQ,5149.5,5190.0,5002.0,5033.6,5050.0,5148.2,503,2542638.4,23-JAN-2024,84,INE137I01015,
GRSE,EQ,928.0,946.4,885.05,896.4,895.0,919.15,1538702,1414429620.95,23-JAN-2024,51515,INE382Z01011,
GRWRHITECH,EQ,1750.0,1758.35,1649.0,1688.9,1680.0,1728.75,25559,43144425.0,23-JAN-2024,4451,INE291A01017,
GSEC10IETF,EQ,223.3,223.5,222.8,222.94,222.8,223.0,3605,803716.02,23-JAN-2024,12,INF109KC18O0,
GSEC10YEAR,EQ,25.3,25.3,24.63,24.67,24.67,25.23,1472,37068.33,23-JAN-2024,29,INF769K01KF8,
GSEC5IETF,EQ,54.99,54.99,54.63,54.99,54.99,54.63,155,8476.11,23-JAN-2024,16,INF109KC14A8,
GSFC,EQ,320.4,322.25,288.35,290.95,292.35,318.1,11454779,3459994332.9,23-JAN-2024,104162,INE026A01025,
GSLSU,EQ,308.9,310.0,286.3,296.55,296.05,305.85,944543,279918375.65,23-JAN-2024,8541,INE0JSX01015,
GSPL,EQ,355.0,375.0,343.05,347.65,346.5,344.8,7376499,2628030134.95,23-JAN-2024,175073,INE246F01010,
GSS,EQ,171.0,172.6,165.0,167.1,166.1,170.85,39190,6605855.4,23-JAN-2024,872,INE871H01011,
GTECJAINX,BE,90.0,90.0,85.5,85.5,85.5,90.0,1790,153270.0,23-JAN-2024,18,INE586X01012,
GTL,BE,15.25,15.25,14.1,14.1,14.1,14.8,773771,11056455.55,23-JAN-2024,2438,INE043A01012,
GTLINFRA,EQ,1.8,1.8,1.7,1.7,1.7,1.75,185906504,327495356.6,23-JAN-2024,46211,INE221H01019,
GTPL,EQ,193.1,198.95,182.2,184.75,187.0,196.25,323458,61296403.55,23-JAN-2024,10927,INE869I01013,
GUFICBIO,EQ,340.1,342.3,332.1,338.5,342.0,338.45,123986,41785768.7,23-JAN-2024,8697,INE742B01025,
GUJALKALI,EQ,785.0,785.0,753.0,758.65,765.7,779.75,92023,70561538.85,23-JAN-2024,9537,INE186A01019,
GUJAPOLLO,EQ,318.0,322.5,305.0,306.9,305.0,316.6,49308,15528360.1,23-JAN-2024,2343,INE826C01016,
GUJGASLTD,EQ,563.95,564.75,549.5,553.45,553.0,554.6,1749559,975287755.75,23-JAN-2024,28044,INE844O01030,
GUJRAFFIA,BE,47.8,47.8,46.85,46.85,46.85,47.8,437,20747.85,23-JAN-2024,19,INE610B01024,
GULFOILLUB,EQ,749.05,760.9,741.4,756.1,758.85,749.05,161349,121353763.55,23-JAN-2024,13494,INE635Q01029,
GULFPETRO,BE,61.85,62.3,58.0,59.1,59.35,59.65,184443,11126187.4,23-JAN-2024,724,INE586G01017,
GULPOLY,EQ,211.85,214.8,202.85,204.15,205.5,211.85,99157,20560493.85,23-JAN-2024,5458,INE255D01024,
GVKPIL,BE,13.65,14.25,13.0,13.0,13.0,13.65,5722997,77465954.5,23-JAN-2024,10803,INE251H01024,
GVPTECH,BE,13.1,13.1,13.1,13.1,13.1,13.35,120065,1572851.5,23-JAN-2024,175,INE382T01030,
HAL,EQ,3007.0,3022.0,2847.25,2890.5,2895.75,3005.35,1628038,4772822706.25,23-JAN-2024,96233,INE066F01020,
HAPPSTMNDS,EQ,885.0,890.8,851.5,856.3,858.0,884.4,606846,526662816.65,23-JAN-2024,41184,INE419U01012,
HAPPYFORGE,EQ,945.05,953.65,928.4,934.55,937.2,941.1,173390,162343633.45,23-JAN-2024,17777,INE330T01021,
HARDWYN,EQ,47.3,48.0,43.1,43.95,43.75,46.4,715733,32525885.6,23-JAN-2024,5407,INE626Z01029,
HARIOMPIPE,EQ,615.6,623.0,593.55,598.4,599.4,612.5,82106,49623590.5,23-JAN-2024,7656,INE00EV01017,
HARRMALAYA,BE,172.0,174.5,167.2,167.85,168.0,173.35,23394,4012179.7,23-JAN-2024,256,INE544A01019,
HARSHA,EQ,403.95,407.0,397.0,403.65,402.3,403.95,87512,35172772.45,23-JAN-2024,5547,INE0JUS01029,
HATHWAY,EQ,24.05,24.25,22.05,22.2,22.1,23.9,20855598,477453933.25,23-JAN-2024,29822,INE982F01036,
HATSUN,EQ,1097.45,1121.0,1090.1,1105.0,1105.0,1097.45,39700,43990957.45,23-JAN-2024,8454,INE473B01035,
HAVELLS,EQ,1370.05,1374.9,1300.55,1313.15,1317.95,1375.6,1286175,1708423618.95,23-JAN-2024,73791,INE176B01034,
HAVISHA,BE,3.35,3.35,3.1,3.35,3.35,3.2,280364,924892.5,23-JAN-2024,359,INE293B01029,
HBLPOWER,EQ,486.8,498.0,444.0,454.7,458.75,483.0,2109080,1000469953.75,23-JAN-2024,71339,INE292B01021,
HBSL,BE,80.5,80.5,74.5,78.45,78.8,78.4,12372,964694.2,23-JAN-2024,115,INE550B01022,
HCC,EQ,34.35,35.6,31.6,32.05,32.35,34.1,64588866,2177261748.9,23-JAN-2024,46165,INE549A01026,
HCG,EQ,354.5,358.65,350.0,353.8,355.0,355.0,112673,39884292.1,23-JAN-2024,6839,INE075I01017,
HCL-INSYS,EQ,24.0,24.0,22.65,22.65,22.65,23.85,1784705,41108543.75,23-JAN-2024,4497,INE236A01020,
HCLTECH,EQ,1558.9,1567.9,1517.05,1523.65,1522.0,1544.0,3196630,4931305852.55,23-JAN-2024,185210,INE860A01027,
HDFCAMC,EQ,3397.05,3463.55,3333.0,3367.1,3333.0,3405.85,916650,3127820006.8,23-JAN-2024,107245,INE127D01025,
HDFCBANK,EQ,1465.0,1474.7,1425.0,1427.35,1430.95,1478.85,57734701,83291508720.05,23-JAN-2024,1415782,INE040A01034,
HDFCBSE500,EQ,31.75,31.75,30.08,30.58,30.21,31.3,24806,767780.42,23-JAN-2024,431,INF179KC1EZ4,
HDFCGOLD,EQ,54.67,54.67,54.21,54.39,54.49,54.49,276560,15055341.36,23-JAN-2024,1921,INF179KC1981,
HDFCGROWTH,EQ,110.6,112.71,109.51,109.79,109.87,110.6,4311,477752.56,23-JAN-2024,116,INF179KC1DJ0,
HDFCLIFE,EQ,600.25,613.75,582.8,586.15,585.6,608.0,5994679,3581797732.9,23-JAN-2024,254445,INE795G01014,
HDFCLIQUID,EQ,1000.01,1000.01,999.99,1000.01,1000.01,1000.01,1290,1290012.82,23-JAN-2024,4,INF179KC1HE2,
HDFCLOWVOL,EQ,17.4,17.86,17.0,17.07,17.14,17.36,14297,246672.54,23-JAN-2024,231,INF179KC1HU8,
HDFCMID150,EQ,17.8,18.0,17.18,17.29,17.69,17.81,379767,6637970.19,23-JAN-2024,3509,INF179KC1HT0,
HDFCMOMENT,EQ,28.32,28.9,27.3,27.65,27.3,28.32,62442,1741423.16,23-JAN-2024,791,INF179KC1HV6,
HDFCNEXT50,EQ,55.31,55.31,53.35,53.56,53.65,55.3,23373,1267407.99,23-JAN-2024,303,INF179KC1HS2,
HDFCNIF100,EQ,22.2,22.49,21.69,21.77,22.36,22.2,31736,695960.27,23-JAN-2024,386,INF179KC1HR4,
HDFCNIFBAN,EQ,467.11,471.39,452.34,454.66,456.0,466.86,75607,34863918.8,23-JAN-2024,466,INF179KC1AN8,
HDFCNIFIT,EQ,379.45,380.9,370.01,372.83,376.0,373.81,2125,802739.53,23-JAN-2024,84,INF179KC1DX1,
HDFCNIFTY,EQ,238.5,238.5,231.51,232.84,236.0,236.18,95614,22400634.9,23-JAN-2024,1129,INF179KC1965,
HDFCPVTBAN,EQ,240.89,240.89,233.05,233.55,233.5,238.9,12851,3017453.04,23-JAN-2024,332,INF179KC1DW3,
HDFCQUAL,EQ,49.38,50.7,49.21,49.25,49.69,50.64,19911,985657.27,23-JAN-2024,160,INF179KC1DL6,
HDFCSENSEX,EQ,794.97,794.98,775.0,776.17,777.39,787.7,4355,3405052.94,23-JAN-2024,319,INF179KC1973,
HDFCSILVER,EQ,69.42,69.87,69.35,69.39,69.4,70.16,302173,20987743.11,23-JAN-2024,1117,INF179KC1DI2,
HDFCSML250,EQ,150.0,150.0,142.19,143.37,144.75,146.79,364582,52640762.22,23-JAN-2024,7831,INF179KC1FB2,
HDFCVALUE,EQ,122.0,122.11,119.3,119.61,119.73,121.7,4500,544483.42,23-JAN-2024,103,INF179KC1DK8,
HEADSUP,EQ,16.75,16.95,15.0,15.8,16.1,16.7,75115,1213002.8,23-JAN-2024,562,INE759V01019,
HEALTHIETF,EQ,114.45,114.45,112.0,112.93,113.14,111.12,110226,12481040.39,23-JAN-2024,358,INF109KC1Q72,
HEALTHY,EQ,11.14,11.4,11.07,11.28,11.31,11.1,465335,5259915.31,23-JAN-2024,1906,INF209KB10C2,
HECPROJECT,BE,84.4,84.4,84.4,84.4,84.4,86.1,1601,135124.4,23-JAN-2024,24,INE558R01013,
HEG,EQ,1825.0,1834.5,1732.65,1744.15,1745.05,1824.7,148727,265039568.35,23-JAN-2024,18116,INE545A01016,
HEIDELBERG,EQ,229.0,229.0,209.15,217.85,222.0,225.25,454109,99778715.9,23-JAN-2024,19649,INE578A01017,
HEMIPROP,EQ,189.0,189.0,170.05,172.15,173.4,185.7,2478517,445358210.35,23-JAN-2024,35769,INE0AJG01018,
HERANBA,EQ,385.25,387.8,372.0,375.15,374.0,383.4,70702,26676420.0,23-JAN-2024,5778,INE694N01015,
HERCULES,EQ,434.95,439.6,407.3,414.35,417.0,431.45,89408,37746783.25,23-JAN-2024,9928,INE688E01024,
HERITGFOOD,EQ,327.45,327.45,310.1,312.2,312.0,325.9,629122,199435059.2,23-JAN-2024,18792,INE978A01027,
HEROMOTOCO,EQ,4401.65,4560.0,4401.65,4444.2,4432.85,4401.65,1399043,6290624983.75,23-JAN-2024,122553,INE158A01026,
HESTERBIO,EQ,1507.35,1569.0,1463.0,1480.85,1490.0,1499.85,5562,8414270.15,23-JAN-2024,1279,INE782E01017,
HEUBACHIND,EQ,588.0,598.0,570.1,578.75,579.0,591.95,30273,17726836.7,23-JAN-2024,3965,INE492A01029,
HEXATRADEX,EQ,154.5,158.4,142.0,153.65,156.4,153.1,71055,10910833.8,23-JAN-2024,1319,INE750M01017,
HFCL,EQ,101.25,103.8,92.65,93.65,94.3,99.7,70934276,7012640083.25,23-JAN-2024,188377,INE548A01028,
HGINFRA,EQ,927.1,958.0,921.6,932.15,930.25,922.45,201096,187534985.45,23-JAN-2024,19894,INE926X01010,
HGS,EQ,960.15,986.35,930.0,933.35,936.0,958.55,65705,61900083.7,23-JAN-2024,7992,INE170I01016,
HIKAL,EQ,298.0,298.0,283.95,286.1,286.1,295.8,165425,47958735.75,23-JAN-2024,8164,INE475B01022,
HIL,EQ,2935.0,2939.8,2780.5,2801.85,2817.5,2919.0,12638,36059592.3,23-JAN-2024,2516,INE557A01011,
HILTON,EQ,134.0,138.0,128.6,133.45,131.0,135.2,150643,19904075.8,23-JAN-2024,1619,INE788H01017,
HIMATSEIDE,EQ,158.5,159.8,150.2,151.35,150.45,157.25,342374,53037828.5,23-JAN-2024,12103,INE049A01027,
HINDALCO,EQ,558.0,561.8,537.6,541.4,541.3,561.05,7867972,4323245387.0,23-JAN-2024,114459,INE038A01020,
HINDCOMPOS,EQ,461.6,461.75,431.5,437.5,439.9,456.75,10460,4662529.7,23-JAN-2024,1309,INE310C01029,
HINDCON,BE,56.05,57.0,53.55,54.05,54.0,56.05,97932,5371205.7,23-JAN-2024,1088,INE642Y01029,
HINDCOPPER,EQ,273.0,273.0,255.6,258.7,259.4,270.25,14571045,3859838511.95,23-JAN-2024,82220,INE531E01026,
HINDMOTORS,EQ,19.0,19.05,17.8,17.8,17.8,18.7,1080898,19761093.7,23-JAN-2024,3911,INE253A01025,
HINDNATGLS,BE,18.65,20.55,18.65,18.65,18.65,19.6,244223,4587417.9,23-JAN-2024,264,INE952A01022,
HINDOILEXP,EQ,188.8,194.15,175.9,177.15,176.85,186.85,4611690,862257826.3,23-JAN-2024,57140,INE345A01011,
HINDPETRO,EQ,476.8,477.0,437.0,440.45,442.0,468.65,8678819,3916193299.55,23-JAN-2024,94283,INE094A01015,
HINDUNILVR,EQ,2451.0,2480.5,2365.45,2375.55,2373.5,2468.9,4369332,10499955166.25,23-JAN-2024,305488,INE030A01027,
HINDWAREAP,EQ,489.0,489.0,471.95,474.2,476.0,482.15,68461,32649554.9,23-JAN-2024,6423,INE05AN01011,
HINDZINC,EQ,316.45,317.0,307.7,310.7,311.6,315.15,613374,190945573.75,23-JAN-2024,28943,INE267A01025,
HIRECT,EQ,619.0,619.0,550.0,562.85,570.0,605.65,28103,16296587.4,23-JAN-2024,1463,INE835D01023,
HISARMETAL,EQ,205.0,205.0,191.3,191.6,192.0,198.6,8562,1656936.95,23-JAN-2024,368,INE598C01011,
HITECH,EQ,154.0,155.5,143.2,145.15,145.3,151.6,1706875,258809018.65,23-JAN-2024,8501,INE106T01025,
HITECHCORP,EQ,254.85,258.0,250.2,251.15,250.25,254.8,10037,2530332.2,23-JAN-2024,488,INE120D01012,
HITECHGEAR,EQ,473.3,483.1,458.4,462.5,465.0,467.65,19642,9129140.95,23-JAN-2024,2192,INE127B01011,
HLEGLAS,EQ,561.9,561.9,536.3,541.95,543.0,561.9,83428,45469639.45,23-JAN-2024,9675,INE461D01028,
HLVLTD,EQ,31.6,35.4,31.1,33.45,34.0,29.5,12864173,439210674.25,23-JAN-2024,34863,INE102A01024,
HMAAGRO,EQ,69.95,70.0,65.25,66.25,66.45,69.35,324374,21924189.75,23-JAN-2024,4257,INE0ECP01024,
HMVL,EQ,100.5,102.7,95.25,96.6,96.7,102.75,229826,22823540.1,23-JAN-2024,3248,INE871K01015,
HNDFDS,EQ,563.7,563.7,545.0,549.15,548.1,551.7,81996,45153956.05,23-JAN-2024,7782,INE254N01026,
HNGSNGBEES,EQ,228.99,229.5,226.0,227.15,227.0,228.78,289975,66229018.92,23-JAN-2024,2925,INF204KB19I1,
HOMEFIRST,EQ,985.0,1002.75,969.0,990.35,984.0,985.05,193562,192083211.7,23-JAN-2024,20380,INE481N01025,
HONASA,EQ,478.95,511.0,472.75,486.0,485.35,476.75,1674697,821994843.8,23-JAN-2024,40100,INE0J5401028,
HONAUT,EQ,37510.0,37987.0,37510.0,37847.3,37680.0,37506.6,14501,547107250.6,23-JAN-2024,4520,INE671A01010,
HONDAPOWER,EQ,2447.8,2459.0,2401.35,2414.9,2402.0,2435.6,13667,33308193.8,23-JAN-2024,3425,INE634A01018,
HOVS,BE,76.6,76.6,73.0,73.35,74.05,76.6,16614,1229724.8,23-JAN-2024,135,INE596H01014,
HPAL,EQ,116.05,117.95,108.0,108.85,109.5,117.75,1436641,160024848.8,23-JAN-2024,18609,INE0GSL01024,
HPIL,BE,136.0,138.0,135.0,135.25,135.25,134.9,3369,458744.75,23-JAN-2024,60,INE05X901010,
HPL,EQ,284.95,295.85,267.75,274.0,276.25,281.8,554275,158128464.7,23-JAN-2024,9705,INE495S01016,
HSCL,BE,374.0,376.6,357.0,364.7,363.5,373.05,870677,316123356.65,23-JAN-2024,17111,INE019C01026,
HTMEDIA,EQ,30.4,30.55,27.75,28.0,28.3,29.8,1030382,29749528.5,23-JAN-2024,4688,INE501G01024,
HUBTOWN,EQ,114.9,114.9,114.9,114.9,114.9,109.45,132323,15203912.7,23-JAN-2024,331,INE703H01016,
HUDCO,EQ,169.45,169.7,148.0,149.9,149.9,167.8,44763598,6951081735.65,23-JAN-2024,229351,INE031A01017,
HUHTAMAKI,EQ,340.0,342.6,325.05,326.95,326.0,337.9,163715,54271209.85,23-JAN-2024,9558,INE275B01026,
HYBRIDFIN,BE,10.0,10.0,9.8,9.8,9.8,10.0,1243,12292.8,23-JAN-2024,13,INE965B01022,
IBREALEST,EQ,102.0,103.7,93.4,94.5,94.55,101.35,21276625,2106763544.7,23-JAN-2024,52590,INE069I01010,
IBULHSGFIN,EQ,204.95,205.4,182.85,186.1,187.5,203.75,19363430,3739415005.8,23-JAN-2024,113026,INE148I01020,
ICDSLTD,BE,42.05,42.05,41.2,41.2,41.2,42.0,3611,149055.4,23-JAN-2024,18,INE613B01010,
ICEMAKE,EQ,614.0,624.75,579.6,593.1,596.45,613.55,44405,26576815.8,23-JAN-2024,5393,INE520Y01019,
ICICIB22,EQ,95.5,96.25,91.55,91.81,92.15,94.76,1998306,187653423.6,23-JAN-2024,9291,INF109KB15Y7,
ICICIBANK,EQ,1059.1,1059.4,1021.2,1029.05,1027.9,1008.7,50797448,52616782751.05,23-JAN-2024,669065,INE090A01021,
ICICIGI,EQ,1490.0,1499.75,1450.6,1479.2,1474.3,1473.15,1546007,2284560245.5,23-JAN-2024,103230,INE765G01017,
ICICIPRULI,EQ,496.0,497.15,475.2,479.45,480.0,491.3,3281838,1585314499.3,23-JAN-2024,101786,INE726G01019,
ICIL,EQ,281.9,285.0,262.7,268.3,268.0,278.0,465437,125114254.2,23-JAN-2024,25702,INE483B01026,
ICRA,EQ,5700.0,5750.0,5549.95,5603.2,5600.0,5634.45,2304,12960754.3,23-JAN-2024,735,INE725G01011,
IDBI,EQ,79.9,83.7,75.6,76.4,76.35,79.1,75684160,6032129420.15,23-JAN-2024,151432,INE008A01015,
IDEA,EQ,15.1,15.25,14.3,14.4,14.35,15.0,289983221,4269151813.4,23-JAN-2024,122979,INE669E01016,
IDEAFORGE,EQ,775.0,779.55,749.1,757.8,758.0,773.9,138242,105134804.4,23-JAN-2024,16306,INE349Y01013,
IDFC,EQ,120.65,121.5,115.2,115.75,115.9,124.55,19506655,2301248059.2,23-JAN-2024,103716,INE043D01016,
IDFCFIRSTB,EQ,85.2,85.2,81.15,81.8,81.95,87.7,95355822,7901767591.45,23-JAN-2024,350443,INE092T01019,
IDFNIFTYET,EQ,230.9,238.0,228.0,228.0,228.0,230.83,572,133246.4,23-JAN-2024,26,INF194KA1U07,
IEL,BE,12.0,12.0,11.6,11.6,11.6,11.8,105264,1250974.0,23-JAN-2024,264,INE059901020,
IEX,EQ,143.3,143.8,135.7,136.45,137.55,142.25,15901514,2205114127.45,23-JAN-2024,117618,INE022Q01020,
IFBAGRO,EQ,482.3,492.0,474.5,475.2,474.5,485.55,9308,4488837.1,23-JAN-2024,1096,INE076C01018,
IFBIND,EQ,1001.0,1063.4,1001.0,1008.45,1011.0,1000.65,250250,261234477.5,23-JAN-2024,16402,INE559A01017,
IFCI,EQ,41.4,44.2,39.15,40.0,40.4,38.5,178957658,7494212118.3,23-JAN-2024,218427,INE039A01010,
IFGLEXPOR,EQ,750.0,769.95,716.05,727.2,731.0,755.65,23618,17496506.7,23-JAN-2024,2290,INE133Y01011,
IGARASHI,EQ,543.25,544.9,515.0,519.95,521.6,536.65,62608,33209035.7,23-JAN-2024,7757,INE188B01013,
IGL,EQ,444.2,447.8,434.0,435.85,434.1,443.7,2978033,1315035456.5,23-JAN-2024,64998,INE203G01027,
IGPL,EQ,504.25,509.95,485.0,488.95,494.9,504.25,49333,24586822.9,23-JAN-2024,5415,INE204A01010,
IIFL,EQ,648.9,658.7,612.55,624.85,626.9,641.55,1107839,703617121.75,23-JAN-2024,43619,INE530B01024,
IIFLSEC,EQ,176.1,177.45,164.35,167.75,166.0,164.1,4092916,697664187.55,23-JAN-2024,50914,INE489L01022,
IITL,BE,244.0,248.85,244.0,248.0,248.0,244.0,29328,7280692.0,23-JAN-2024,40,INE886A01014,
IKIO,EQ,341.0,343.2,326.45,327.9,327.5,336.25,427968,142910316.3,23-JAN-2024,16282,INE0LOJ01019,
IMAGICAA,EQ,72.1,72.4,66.8,67.15,67.15,71.5,5305498,365657264.15,23-JAN-2024,15886,INE172N01012,
IMFA,EQ,502.2,504.8,491.0,495.7,496.0,499.05,124019,61673715.45,23-JAN-2024,10254,INE919H01018,
IMPAL,EQ,1170.0,1181.55,1077.95,1085.05,1094.95,1170.2,8887,9832854.7,23-JAN-2024,1646,INE547E01014,
IMPEXFERRO,BE,5.45,5.45,5.45,5.45,5.45,5.7,99969,544831.05,23-JAN-2024,205,INE691G01015,
INCREDIBLE,BE,49.55,49.55,49.55,49.55,49.55,50.55,13134,650789.7,23-JAN-2024,48,INE452L01012,
INDBANK,EQ,44.65,45.75,41.7,41.95,42.3,43.75,609201,26480708.7,23-JAN-2024,2810,INE841B01017,
INDHOTEL,EQ,485.0,486.0,466.85,471.3,471.0,479.1,4050796,1925456539.15,23-JAN-2024,64373,INE053A01029,
INDIACEM,EQ,252.0,253.3,233.2,235.35,234.7,251.65,3295569,798194139.4,23-JAN-2024,25286,INE383A01012,
INDIAGLYCO,EQ,904.95,907.6,861.1,865.5,868.0,903.05,155297,136703251.1,23-JAN-2024,11237,INE560A01015,
INDIAMART,EQ,2579.0,2600.0,2421.0,2439.05,2447.0,2573.3,315494,782132483.7,23-JAN-2024,29122,INE933S01016,
INDIANB,EQ,460.0,472.3,440.0,445.1,445.9,459.95,2654966,1202493861.65,23-JAN-2024,55649,INE562A01011,
INDIANCARD,EQ,353.0,353.0,314.2,318.6,327.0,339.1,80969,27033425.95,23-JAN-2024,3332,INE061A01014,
INDIANHUME,EQ,258.0,259.85,244.1,248.0,245.0,256.9,63699,15972611.65,23-JAN-2024,3409,INE323C01030,
INDIASHLTR,EQ,566.95,575.0,560.15,570.6,573.0,565.4,333302,188803633.5,23-JAN-2024,27735,INE922K01024,
INDIGO,EQ,3068.0,3068.0,2900.0,2911.8,2921.9,3044.65,1061598,3137266124.0,23-JAN-2024,102133,INE646L01027,
INDIGOPNTS,EQ,1460.0,1460.0,1412.0,1416.0,1423.0,1460.5,88754,126634433.3,23-JAN-2024,13562,INE09VQ01012,
INDNIPPON,EQ,655.0,669.8,620.0,624.75,629.45,647.7,117306,76220121.1,23-JAN-2024,14528,INE092B01025,
INDOAMIN,EQ,159.8,164.4,152.95,154.55,155.95,159.6,749189,119065672.05,23-JAN-2024,14932,INE760F01028,
INDOBORAX,EQ,214.95,217.0,200.15,201.9,201.7,210.6,157859,32540686.85,23-JAN-2024,9475,INE803D01021,
INDOCO,EQ,409.0,414.0,366.9,368.75,368.35,406.55,634357,245010355.75,23-JAN-2024,29906,INE873D01024,
INDORAMA,EQ,53.6,54.9,52.4,52.75,52.9,53.65,366243,19655120.85,23-JAN-2024,2492,INE156A01020,
INDOSTAR,BE,222.0,229.0,208.1,208.1,208.1,219.05,177983,39030571.25,23-JAN-2024,1513,INE896L01010,
INDOTECH,EQ,873.95,914.65,830.45,836.6,839.05,874.15,21012,18121017.7,23-JAN-2024,1159,INE332H01014,
INDOTHAI,EQ,293.5,303.9,285.75,287.95,288.0,288.6,28747,8504516.4,23-JAN-2024,1205,INE337M01013,
INDOWIND,BE,25.0,26.1,24.55,26.1,26.1,24.9,1009440,25959912.55,23-JAN-2024,3767,INE227G01018,
INDRAMEDCO,BE,177.0,177.5,167.0,168.7,167.65,174.35,74997,12859141.5,23-JAN-2024,1190,INE681B01017,
INDSWFTLAB,EQ,106.6,108.45,102.1,102.65,102.6,107.05,144569,15221107.45,23-JAN-2024,2028,INE915B01019,
INDSWFTLTD,EQ,18.55,19.0,17.4,17.9,17.75,18.3,76312,1397194.5,23-JAN-2024,439,INE788B01028,
INDTERRAIN,EQ,75.65,75.65,68.3,69.9,69.65,74.55,203371,14612494.5,23-JAN-2024,2317,INE611L01021,
INDUSINDBK,EQ,1535.0,1547.9,1428.05,1441.7,1440.45,1535.35,10097057,14918918024.5,23-JAN-2024,335045,INE095A01012,
INDUSTOWER,EQ,216.2,225.4,215.8,217.1,217.7,215.6,15110861,3328838236.0,23-JAN-2024,88361,INE121J01017,
INFIBEAM,EQ,26.3,26.95,25.2,25.6,25.7,26.1,84043460,2185361370.35,23-JAN-2024,72112,INE483S01020,
INFOBEAN,EQ,447.0,450.7,439.0,443.0,441.0,444.45,21648,9638115.35,23-JAN-2024,3617,INE344S01016,
INFOMEDIA,BE,6.5,7.05,6.45,6.45,6.45,6.75,7270,47297.5,23-JAN-2024,13,INE669A01022,
INFRABEES,EQ,799.99,802.98,775.65,780.86,780.89,795.99,13578,10693408.21,23-JAN-2024,1158,INF732E01268,
INFRAIETF,EQ,78.36,81.89,76.56,76.59,77.34,78.35,179861,13978442.97,23-JAN-2024,823,INF109KC16E5,
INFY,EQ,1650.1,1674.7,1637.7,1642.15,1642.0,1648.85,9401255,15588046050.3,23-JAN-2024,241104,INE009A01021,
INGERRAND,EQ,3099.95,3099.95,2996.4,3030.9,3036.95,3076.75,25748,78326846.0,23-JAN-2024,4267,INE177A01018,
INNOVACAP,EQ,526.95,530.45,510.2,517.4,512.1,526.5,262425,136257641.9,23-JAN-2024,16080,INE0DUT01020,
INOXGREEN,EQ,137.7,137.95,128.7,131.4,132.0,136.8,2079690,275895427.9,23-JAN-2024,14696,INE510W01014,
INOXINDIA,EQ,860.1,860.45,812.55,817.65,817.9,850.9,438682,365054338.95,23-JAN-2024,31896,INE616N01034,
INOXWIND,EQ,430.0,446.5,425.0,430.65,435.0,435.85,598618,262288639.7,23-JAN-2024,18826,INE066P01011,
INSECTICID,EQ,637.25,642.0,627.0,638.8,639.95,641.05,21445,13619369.5,23-JAN-2024,3003,INE070I01018,
INSPIRISYS,BE,102.0,105.05,100.3,103.7,103.7,105.05,35279,3656206.7,23-JAN-2024,46,INE020G01017,
INTELLECT,EQ,946.45,948.15,885.5,892.85,898.0,941.05,534832,486899591.75,23-JAN-2024,30482,INE306R01017,
INTENTECH,EQ,115.95,119.75,112.2,113.1,112.9,114.2,332289,38574111.55,23-JAN-2024,3617,INE781A01025,
INTLCONV,EQ,94.3,95.35,90.6,91.35,91.9,94.15,454772,42023596.25,23-JAN-2024,6193,INE575C01027,
INVENTURE,BE,2.95,3.05,2.85,2.85,2.9,2.95,2720168,7991196.15,23-JAN-2024,2232,INE878H01024,
IOB,EQ,46.0,47.1,43.4,43.7,43.85,45.3,46170655,2103043501.25,23-JAN-2024,59804,INE565A01014,
IOC,EQ,151.5,151.8,137.85,138.95,139.6,148.05,38167576,5444304475.65,23-JAN-2024,154148,INE242A01010,
IOLCP,EQ,452.55,455.65,435.0,437.0,441.0,451.25,227257,100589536.35,23-JAN-2024,14937,INE485C01011,
IONEXCHANG,EQ,562.0,565.9,532.0,537.8,541.5,558.25,142491,78200155.35,23-JAN-2024,17551,INE570A01022,
IPCALAB,EQ,1075.0,1093.25,1061.05,1082.0,1077.05,1077.7,525982,567864546.9,23-JAN-2024,22512,INE571A01038,
IPL,EQ,386.8,394.8,370.2,376.0,373.55,393.7,2872354,1095106143.4,23-JAN-2024,37788,INE0D6701023,
IRB,EQ,50.0,51.45,47.4,47.9,48.05,49.25,64100446,3181924855.35,23-JAN-2024,123659,INE821I01022,
IRCON,EQ,275.05,280.85,225.0,229.65,230.5,267.1,116933725,28677677634.0,23-JAN-2024,839730,INE962Y01021,
IRCTC,EQ,1045.05,1046.9,926.65,935.35,941.5,1027.0,15704924,15284301799.6,23-JAN-2024,439019,INE335Y01020,
IREDA,EQ,156.25,156.25,144.1,154.05,156.25,148.85,120793026,18341797072.85,23-JAN-2024,583532,INE202E01016,
IRFC,EQ,185.8,192.8,158.75,161.3,162.45,176.25,269108130,46229035973.3,23-JAN-2024,1404989,INE053F01010,
IRIS,EQ,142.4,142.4,134.5,137.1,137.8,138.0,42221,5819532.65,23-JAN-2024,555,INE864K01010,
IRISDOREME,EQ,87.7,87.7,83.3,84.6,84.7,86.65,120623,10398242.35,23-JAN-2024,987,INE01GN01025,
IRMENERGY,EQ,528.0,535.0,500.5,503.75,507.4,524.25,162316,83497689.35,23-JAN-2024,12791,INE07U701015,
ISEC,EQ,758.7,769.0,748.05,758.15,758.0,757.6,573483,436258606.55,23-JAN-2024,15777,INE763G01038,
ISFT,EQ,179.1,179.1,153.0,157.65,154.7,176.65,235597,38678230.05,23-JAN-2024,4422,INE566K01011,
ISGEC,EQ,1006.95,1019.0,959.95,965.3,970.0,1006.95,84329,83145947.95,23-JAN-2024,10536,INE858B01029,
ISMTLTD,EQ,93.0,93.75,89.3,91.05,90.65,92.4,440809,40314404.95,23-JAN-2024,4589,INE732F01019,
ITBEES,EQ,39.0,39.59,38.53,38.65,38.7,38.89,4578421,178775933.84,23-JAN-2024,18372,INF204KB15V2,
ITC,EQ,473.75,473.75,456.4,459.3,459.85,468.4,8404513,3910881933.9,23-JAN-2024,174187,INE154A01025,
ITDC,EQ,645.7,648.85,583.6,595.2,599.9,636.7,704121,437579445.9,23-JAN-2024,46690,INE353K01014,
ITDCEM,EQ,322.9,323.35,294.2,300.95,304.25,321.05,958361,297713557.85,23-JAN-2024,21744,INE686A01026,
ITETF,EQ,37.64,38.0,36.65,36.93,36.98,37.06,20215,753079.84,23-JAN-2024,189,INF769K01KV5,
ITI,EQ,357.0,358.3,327.1,330.9,330.55,353.4,3572618,1208936920.15,23-JAN-2024,52682,INE248A01017,
ITIETF,EQ,39.5,39.5,38.51,38.54,38.72,38.75,536725,20915283.66,23-JAN-2024,1374,INF109KC16I6,
IVC,BE,11.95,11.95,11.25,11.3,11.3,11.8,631061,7215918.25,23-JAN-2024,1627,INE050B01023,
IVP,BE,242.0,242.0,232.0,235.4,238.0,241.4,8764,2065431.0,23-JAN-2024,211,INE043C01018,
IVZINGOLD,EQ,5557.7,5559.95,5501.05,5525.05,5520.05,5516.2,84,464315.75,23-JAN-2024,45,INF205K01361,
IVZINNIFTY,EQ,2389.34,2389.34,2358.5,2359.25,2358.5,2398.0,4,9494.09,23-JAN-2024,4,INF205K01DA9,
IWEL,BE,5175.0,5298.85,4987.9,4999.75,4987.9,5250.4,7331,37091699.3,23-JAN-2024,736,INE0FLR01028,
IZMO,BE,297.0,299.0,293.8,293.8,293.8,295.0,15565,4620743.5,23-JAN-2024,111,INE848A01014,
J&KBANK,EQ,136.9,142.7,126.0,127.8,129.2,132.25,16313723,2206420937.85,23-JAN-2024,87843,INE168A01041,
JAGRAN,EQ,104.5,104.5,95.1,96.15,96.7,102.9,585345,57554804.8,23-JAN-2024,7937,INE199G01027,
JAGSNPHARM,EQ,383.95,385.0,361.2,366.55,381.0,383.15,46964,17529456.8,23-JAN-2024,3425,INE048B01027,
JAIBALAJI,BE,993.0,1001.75,950.05,971.0,980.0,992.0,95937,94591487.1,23-JAN-2024,3112,INE091G01018,
JAICORPLTD,EQ,387.0,388.4,363.3,363.4,363.3,382.4,480781,178932212.5,23-JAN-2024,7961,INE070D01027,
JAIPURKURT,EQ,73.4,73.4,71.05,71.95,71.4,72.1,17357,1249743.95,23-JAN-2024,587,INE696V01013,
JAMNAAUTO,EQ,113.0,113.65,108.9,109.25,109.85,112.0,1780173,197413380.65,23-JAN-2024,15267,INE039C01032,
JASH,EQ,1848.0,1848.0,1725.0,1743.7,1750.0,1804.3,41084,73114350.4,23-JAN-2024,5669,INE039O01011,
JAYAGROGN,EQ,264.7,270.0,250.1,251.8,253.9,261.75,40695,10446756.75,23-JAN-2024,3418,INE785A01026,
JAYBARMARU,EQ,136.85,141.95,136.05,138.65,139.8,135.2,1291604,181222517.6,23-JAN-2024,8631,INE571B01036,
JAYNECOIND,EQ,48.5,48.6,45.4,46.75,47.0,47.75,362261,16811834.5,23-JAN-2024,1436,INE854B01010,
JAYSREETEA,EQ,114.75,115.35,109.0,109.55,110.0,113.3,92120,10286415.0,23-JAN-2024,1449,INE364A01020,
JBCHEPHARM,EQ,1617.2,1669.0,1616.2,1658.2,1645.55,1616.15,133259,220163336.15,23-JAN-2024,23680,INE572A01036,
JBMA,EQ,1873.0,1882.95,1790.0,1801.65,1801.2,1872.7,99578,182032113.05,23-JAN-2024,16279,INE927D01044,
JCHAC,EQ,1177.65,1187.95,1125.0,1130.15,1132.95,1168.5,26399,30402195.45,23-JAN-2024,5454,INE782A01015,
JETFREIGHT,EQ,13.95,14.1,13.4,13.5,13.55,13.9,152002,2068850.5,23-JAN-2024,675,INE982V01025,
JHS,EQ,32.95,35.05,29.6,29.7,29.7,32.85,1300333,41129457.4,23-JAN-2024,4079,INE544H01014,
JINDALPHOT,EQ,615.0,615.0,560.0,577.15,584.5,606.5,14023,8253527.25,23-JAN-2024,1354,INE796G01012,
JINDALPOLY,EQ,646.0,655.0,621.55,624.3,626.5,645.05,32140,20344167.3,23-JAN-2024,3590,INE197D01010,
JINDALSAW,EQ,495.7,504.0,473.9,475.55,475.9,491.35,1557545,757193670.4,23-JAN-2024,40020,INE324A01024,
JINDALSTEL,EQ,736.0,738.0,692.0,694.65,695.5,729.75,1346480,955834358.3,23-JAN-2024,46747,INE749A01030,
JINDRILL,EQ,761.7,780.0,741.05,753.1,751.3,761.7,82625,62944871.85,23-JAN-2024,8844,INE742C01031,
JINDWORLD,EQ,288.1,293.45,277.15,284.25,285.0,285.25,224856,63242045.25,23-JAN-2024,8426,INE247D01039,
JIOFIN,EQ,247.85,248.05,240.0,240.4,240.5,246.45,13184700,3200552531.05,23-JAN-2024,141001,INE758E01017,
JISLDVREQS,EQ,39.4,39.45,34.5,35.1,35.1,37.8,185126,6834382.25,23-JAN-2024,1359,IN9175A01010,
JISLJALEQS,EQ,64.05,65.1,60.4,60.95,61.15,63.85,6620976,416156631.3,23-JAN-2024,15954,INE175A01038,
JITFINFRA,BE,526.0,532.0,510.0,512.8,514.0,532.9,23039,12020821.15,23-JAN-2024,210,INE863T01013,
JKCEMENT,EQ,4020.0,4111.5,3933.25,3948.15,3966.0,3992.05,486197,1945124685.7,23-JAN-2024,57723,INE823G01014,
JKIL,EQ,580.05,591.0,564.8,579.35,574.0,578.9,264211,153322112.8,23-JAN-2024,19389,INE576I01022,
JKLAKSHMI,EQ,898.2,901.7,862.5,865.8,869.1,892.55,398094,345226098.35,23-JAN-2024,10615,INE786A01032,
JKPAPER,EQ,438.75,441.4,403.55,406.45,407.3,430.75,1701541,709800505.15,23-JAN-2024,37271,INE789E01012,
JKTYRE,EQ,470.0,488.25,453.4,472.4,473.95,470.55,3048362,1433036129.3,23-JAN-2024,85757,INE573A01042,
JLHL,EQ,1080.0,1090.05,1060.5,1074.0,1060.8,1083.45,40930,44061847.35,23-JAN-2024,9901,INE682M01012,
JMA,EQ,103.9,104.9,95.1,96.65,95.15,102.35,67273,6653623.15,23-JAN-2024,1005,INE412C01023,
JMFINANCIL,EQ,111.0,112.0,104.25,106.2,106.1,110.45,10338292,1099032505.9,23-JAN-2024,37583,INE780C01023,
JOCIL,EQ,239.35,240.75,231.0,235.05,238.6,236.7,28720,6749497.8,23-JAN-2024,625,INE839G01010,
JPASSOCIAT,EQ,20.9,21.0,19.05,19.15,19.2,20.6,19286273,383676129.3,23-JAN-2024,17418,INE455F01025,
JPOLYINVST,EQ,649.0,649.0,606.05,617.35,620.0,635.85,9930,6174926.55,23-JAN-2024,1507,INE147P01019,
JPPOWER,EQ,16.9,17.2,15.9,15.9,15.9,16.7,69884760,1133466473.25,23-JAN-2024,58075,INE351F01018,
JSL,EQ,575.0,576.15,514.6,529.95,522.05,575.15,10460489,5677100106.3,23-JAN-2024,167942,INE220G01021,
JSWENERGY,EQ,513.0,516.2,474.0,484.9,485.0,510.65,4062512,1988949560.65,23-JAN-2024,92197,INE121E01018,
JSWHL,EQ,5499.9,5520.0,5341.2,5354.55,5345.0,5426.85,2336,12702479.1,23-JAN-2024,810,INE824G01012,
JSWINFRA,EQ,215.2,215.6,204.2,206.05,206.9,214.1,3079613,645232198.05,23-JAN-2024,34813,INE880J01026,
JSWSTEEL,EQ,808.25,816.0,788.45,790.4,788.45,808.2,1533222,1223520813.0,23-JAN-2024,79792,INE019A01038,
JTEKTINDIA,EQ,171.0,173.5,156.3,158.55,160.0,169.55,614441,100156704.95,23-JAN-2024,19776,INE643A01035,
JTLIND,EQ,256.9,258.4,246.5,248.25,249.8,252.6,2707100,684410099.15,23-JAN-2024,35266,INE391J01024,
JUBLFOOD,EQ,527.9,528.3,513.65,520.6,520.4,523.2,2795481,1449462915.4,23-JAN-2024,96172,INE797F01020,
JUBLINDS,EQ,578.0,584.15,568.2,574.7,574.0,579.05,8574,4941066.5,23-JAN-2024,904,INE645L01011,
JUBLINGREA,EQ,477.4,477.4,460.7,469.75,464.9,477.75,177018,82946547.05,23-JAN-2024,11907,INE0BY001018,
JUBLPHARMA,EQ,574.5,579.65,532.15,535.25,542.95,571.45,390638,214521001.85,23-JAN-2024,24325,INE700A01033,
JUNIORBEES,EQ,586.5,586.62,563.51,566.94,566.97,581.61,155473,88973538.66,23-JAN-2024,10288,INF732E01045,
JUSTDIAL,EQ,850.0,850.15,812.85,823.35,816.15,841.55,253055,209340250.35,23-JAN-2024,12719,INE599M01018,
JWL,EQ,433.0,434.0,398.1,398.1,398.1,419.05,2207494,902185318.95,23-JAN-2024,32905,INE209L01016,
JYOTHYLAB,EQ,523.0,534.95,517.55,530.7,528.65,518.15,931754,491997610.6,23-JAN-2024,54799,INE668F01031,
JYOTICNC,EQ,431.75,434.15,408.4,420.75,419.45,431.25,1750547,735772792.3,23-JAN-2024,48909,INE980O01024,
JYOTISTRUC,EQ,27.55,27.55,25.75,27.1,27.5,26.25,10620791,288333487.65,23-JAN-2024,10406,INE197A01024,
KABRAEXTRU,EQ,423.35,423.35,407.6,411.55,412.5,417.1,36957,15284252.95,23-JAN-2024,3367,INE900B01029,
KAJARIACER,EQ,1378.0,1403.9,1326.5,1336.15,1335.0,1379.9,182042,246672409.75,23-JAN-2024,30587,INE217B01036,
KAKATCEM,EQ,247.3,249.65,226.0,231.25,232.0,247.3,27671,6548051.8,23-JAN-2024,932,INE437B01014,
KALAMANDIR,EQ,244.8,248.8,233.0,233.75,233.9,240.35,494451,118049006.85,23-JAN-2024,18582,INE438K01021,
KALYANIFRG,BE,446.75,451.05,434.25,435.4,434.25,432.8,2176,956282.65,23-JAN-2024,74,INE314G01014,
KALYANKJIL,EQ,363.35,363.35,343.0,352.15,351.0,361.4,2550212,898382049.2,23-JAN-2024,68613,INE303R01014,
KAMATHOTEL,EQ,371.95,372.0,339.35,339.35,339.35,357.2,282747,99523562.6,23-JAN-2024,8589,INE967C01018,
KAMDHENU,EQ,620.05,620.05,561.05,563.45,561.05,590.55,491329,283892815.4,23-JAN-2024,7555,INE390H01012,
KAMOPAINTS,EQ,228.95,233.9,218.6,225.55,225.85,226.9,1641221,370300497.9,23-JAN-2024,19148,INE0BTI01029,
KANANIIND,EQ,9.15,9.15,9.1,9.15,9.15,8.75,1687452,15437184.3,23-JAN-2024,3370,INE879E01037,
KANORICHEM,EQ,138.2,138.4,130.0,131.25,131.95,137.15,102884,13759365.2,23-JAN-2024,2727,INE138C01024,
KANPRPLA,EQ,124.0,125.5,120.5,121.25,121.9,123.65,21990,2709541.35,23-JAN-2024,437,INE694E01014,
KANSAINER,EQ,341.0,341.25,332.95,337.0,337.7,341.55,194470,65480594.3,23-JAN-2024,7298,INE531A01024,
KAPSTON,BE,297.15,298.0,275.4,277.9,286.0,289.9,4788,1380292.3,23-JAN-2024,128,INE542Z01010,
KARMAENG,BE,88.9,88.9,83.0,83.45,84.5,85.2,9761,836793.3,23-JAN-2024,158,INE725L01011,
KARURVYSYA,EQ,176.4,188.6,175.05,182.65,179.8,169.85,23909478,4398406360.7,23-JAN-2024,155745,INE036D01028,
KAVVERITEL,BE,14.9,14.9,13.85,14.1,14.2,14.45,34823,493877.35,23-JAN-2024,214,INE641C01019,
KAYA,EQ,331.95,331.95,321.0,322.5,321.5,329.45,14045,4552723.0,23-JAN-2024,423,INE587G01015,
KAYNES,EQ,2685.0,2829.1,2685.0,2708.8,2718.0,2687.35,117994,322903292.0,23-JAN-2024,20772,INE918Z01012,
KBCGLOBAL,EQ,2.15,2.2,2.1,2.1,2.15,2.2,10333025,22132656.35,23-JAN-2024,5284,INE278R01034,
KCP,EQ,186.25,187.5,173.55,174.6,175.95,184.0,947202,170243349.55,23-JAN-2024,27430,INE805C01028,
KCPSUGIND,BE,35.55,36.5,33.55,34.1,34.3,35.25,174651,6135705.05,23-JAN-2024,750,INE790B01024,
KDDL,EQ,2900.0,2924.85,2840.0,2847.2,2855.0,2845.45,15886,45709633.45,23-JAN-2024,2785,INE291D01011,
KEC,EQ,620.2,633.0,611.0,618.1,618.0,616.95,402037,250688623.5,23-JAN-2024,28768,INE389H01022,
KECL,EQ,122.5,125.25,114.2,117.15,117.15,121.4,562946,68171263.05,23-JAN-2024,6783,INE134B01017,
KEEPLEARN,BE,6.9,6.9,6.6,6.9,6.9,6.6,76489,526217.4,23-JAN-2024,157,INE055C01020,
KEI,EQ,3029.0,3142.05,2977.05,3014.25,2985.0,3026.4,355554,1090384018.95,23-JAN-2024,32646,INE878B01027,
KELLTONTEC,EQ,105.8,106.65,101.1,101.55,102.1,104.75,1354226,139927681.45,23-JAN-2024,13159,INE164B01022,
KERNEX,BE,720.0,721.0,656.4,656.4,656.4,690.95,26990,18123958.4,23-JAN-2024,417,INE202H01019,
KESORAMIND,EQ,168.35,169.5,165.0,165.2,165.25,168.35,1487340,248662165.4,23-JAN-2024,5485,INE087A01019,
KEYFINSERV,EQ,161.9,166.4,137.1,144.95,142.0,151.3,192355,30399026.4,23-JAN-2024,3233,INE681C01015,
KFINTECH,EQ,553.95,555.25,542.2,548.25,548.55,552.9,471473,258697862.55,23-JAN-2024,26252,INE138Y01010,
KHADIM,BE,358.9,370.15,351.15,370.15,370.15,352.55,111913,40935750.05,23-JAN-2024,862,INE834I01025,
KHAICHEM,EQ,95.1,96.25,85.2,86.95,86.9,92.7,2700818,241399997.15,23-JAN-2024,20227,INE745B01028,
KHAITANLTD,EQ,67.9,72.2,62.65,64.55,64.05,67.9,65454,4316993.2,23-JAN-2024,1120,INE731C01018,
KHANDSE,EQ,29.1,30.0,28.75,29.3,29.3,29.55,29294,857570.9,23-JAN-2024,193,INE060B01014,
KICL,EQ,3801.5,3801.6,3456.05,3479.8,3507.9,3785.6,10562,37948017.9,23-JAN-2024,3220,INE029L01018,
KILITCH,EQ,398.0,398.0,377.05,380.9,384.0,390.4,5941,2287639.3,23-JAN-2024,409,INE729D01010,
KIMS,EQ,2058.9,2068.0,2004.85,2017.2,2025.0,2058.9,69046,139528859.1,23-JAN-2024,8011,INE967H01017,
KINGFA,EQ,2190.65,2193.5,2090.0,2115.35,2119.0,2193.75,9604,20566934.4,23-JAN-2024,1798,INE473D01015,
KIOCL,EQ,390.0,395.0,367.2,372.45,375.35,386.7,302913,114599908.5,23-JAN-2024,10016,INE880L01014,
KIRIINDUS,EQ,410.0,414.25,383.05,392.15,391.05,403.1,364082,144951507.15,23-JAN-2024,5992,INE415I01015,
KIRLOSBROS,EQ,897.1,907.25,855.05,861.6,860.2,894.0,31677,27741847.55,23-JAN-2024,4689,INE732A01036,
KIRLOSENG,EQ,693.7,696.6,669.5,680.5,685.1,691.6,112207,76341213.75,23-JAN-2024,13988,INE146L01010,
KIRLOSIND,EQ,4007.0,4035.6,3945.0,3973.2,3962.2,4035.6,4329,17192955.45,23-JAN-2024,1028,INE250A01039,
KIRLPNU,EQ,628.0,629.4,610.8,620.15,618.95,624.85,42405,26302972.35,23-JAN-2024,4842,INE811A01020,
KITEX,EQ,226.45,228.95,217.05,218.35,218.05,224.2,181924,40497048.05,23-JAN-2024,9593,INE602G01020,
KKCL,EQ,765.1,768.0,724.0,738.6,742.0,769.85,108249,80402679.55,23-JAN-2024,13516,INE401H01017,
KMSUGAR,EQ,31.5,31.85,30.15,30.35,30.4,31.95,433651,13442032.8,23-JAN-2024,2548,INE157H01023,
KNRCON,EQ,274.0,275.25,258.1,262.0,263.3,271.3,1669875,445193400.95,23-JAN-2024,27098,INE634I01029,
KOHINOOR,BE,46.65,46.65,45.1,45.8,45.25,46.85,53117,2436715.0,23-JAN-2024,524,INE080B01012,
KOKUYOCMLN,EQ,143.4,143.4,138.0,138.4,138.0,141.05,69157,9634924.0,23-JAN-2024,1060,INE760A01029,
KOLTEPATIL,EQ,535.0,549.8,495.1,500.8,500.0,534.35,446675,235650399.25,23-JAN-2024,27123,INE094I01018,
KOPRAN,EQ,261.0,263.25,248.0,249.35,249.0,260.5,325900,82996366.75,23-JAN-2024,14348,INE082A01010,
KOTAKALPHA,EQ,45.0,45.0,42.9,43.41,43.28,44.12,521963,22713927.87,23-JAN-2024,3763,INF174KA1IA5,
KOTAKBANK,EQ,1801.0,1824.9,1763.9,1784.5,1783.85,1806.8,6780824,12163392178.8,23-JAN-2024,249294,INE237A01028,
KOTAKBKETF,EQ,477.49,477.49,461.07,463.89,464.95,470.86,3038301,1407636040.49,23-JAN-2024,1712,INF174K01F59,
KOTAKCONS,EQ,96.83,96.89,95.34,95.99,96.0,96.83,704,67688.7,23-JAN-2024,37,INF174KA1JE5,
KOTAKGOLD,EQ,53.0,53.25,52.86,53.08,53.05,53.0,417969,22177465.52,23-JAN-2024,2804,INF174KA1HJ8,
KOTAKIT,EQ,38.82,39.3,38.37,38.41,38.6,38.69,41586,1611446.39,23-JAN-2024,444,INF174KA1GC5,
KOTAKLIQ,EQ,999.99,1002.0,999.99,999.99,999.99,999.99,289,289001.18,23-JAN-2024,13,INF174KA1LV5,
KOTAKLOVOL,EQ,17.7,18.2,17.45,17.68,17.6,17.68,20694,364246.04,23-JAN-2024,219,INF174KA1IY5,
KOTAKMID50,EQ,136.48,137.05,132.0,132.58,134.49,136.48,44603,5999969.94,23-JAN-2024,886,INF174KA1IB3,
KOTAKMNC,EQ,24.3,24.3,23.67,23.95,24.23,24.31,16685,401601.74,23-JAN-2024,179,INF174KA1JF2,
KOTAKNIFTY,EQ,232.58,235.0,227.74,228.96,227.83,232.58,74218,17091241.61,23-JAN-2024,1071,INF174K014P6,
KOTAKNV20,EQ,134.09,139.2,131.75,132.86,133.0,134.13,48040,6519494.68,23-JAN-2024,586,INF174K01Z71,
KOTAKPSUBK,EQ,595.61,609.63,576.05,585.17,600.0,600.79,24199,14304751.82,23-JAN-2024,877,INF373I01023,
KOTAKSILVE,EQ,70.78,70.78,70.07,70.15,70.1,70.85,32478,2278275.41,23-JAN-2024,194,INF174KA1KU9,
KOTARISUG,EQ,52.3,53.1,50.6,50.95,51.0,52.3,247665,12823972.7,23-JAN-2024,2743,INE419A01022,
KOTHARIPET,EQ,159.85,162.0,151.0,152.85,152.0,159.85,103921,16248346.25,23-JAN-2024,5410,INE720A01015,
KOTHARIPRO,EQ,156.2,156.45,149.1,149.75,149.15,154.15,22294,3390638.05,23-JAN-2024,1294,INE823A01017,
KPIGREEN,EQ,1525.0,1535.0,1443.45,1472.85,1473.55,1435.25,444165,666071931.75,23-JAN-2024,31021,INE542W01017,
KPIL,EQ,727.0,734.65,715.0,722.1,722.45,723.1,103448,74818823.2,23-JAN-2024,10013,INE220B01022,
KPITTECH,EQ,1530.0,1560.2,1478.35,1501.5,1500.5,1524.45,1188474,1809668480.45,23-JAN-2024,86471,INE04I401011,
KPRMILL,EQ,768.5,771.95,737.7,741.0,739.0,765.5,151283,113645080.5,23-JAN-2024,17279,INE930H01031,
KRBL,EQ,375.95,375.95,358.35,364.1,364.1,374.1,249659,91371067.05,23-JAN-2024,13885,INE001B01026,
KREBSBIO,EQ,73.9,74.85,71.3,72.65,71.3,73.9,12063,885783.95,23-JAN-2024,320,INE268B01013,
KRIDHANINF,BE,4.15,4.55,4.15,4.55,4.55,4.35,438088,1918705.85,23-JAN-2024,425,INE524L01026,
KRISHANA,EQ,239.55,240.95,230.0,231.15,232.0,236.0,44453,10372016.1,23-JAN-2024,1366,INE506W01012,
KRITI,EQ,127.0,137.4,122.6,126.05,125.7,125.35,495937,64426673.35,23-JAN-2024,10996,INE479D01038,
KRITIKA,BE,10.75,10.75,10.75,10.75,10.75,10.95,182970,1966927.5,23-JAN-2024,823,INE00Z501029,
KRITINUT,EQ,115.0,125.0,113.0,115.6,116.0,113.35,281037,33678595.85,23-JAN-2024,4181,INE798K01010,
KRSNAA,EQ,675.0,681.0,664.55,669.95,671.0,682.3,57049,38444089.65,23-JAN-2024,5269,INE08LI01020,
KSB,EQ,3292.95,3319.6,3172.0,3215.85,3232.0,3264.15,32106,103489758.7,23-JAN-2024,9719,INE999A01015,
KSCL,EQ,674.3,675.95,656.0,660.1,656.0,674.3,110160,73130160.4,23-JAN-2024,8507,INE455I01029,
KSHITIJPOL,BE,6.75,6.95,6.55,6.65,6.65,6.75,218831,1461342.65,23-JAN-2024,625,INE013801027,
KSL,EQ,596.75,604.45,570.0,577.65,575.4,593.8,91379,53652740.55,23-JAN-2024,10509,INE907A01026,
KSOLVES,EQ,1320.0,1354.8,1276.0,1285.95,1289.9,1318.05,50452,66332145.45,23-JAN-2024,8039,INE0D6I01015,
KTKBANK,EQ,285.0,285.0,265.3,266.7,268.55,281.95,2315298,635513359.25,23-JAN-2024,34825,INE614B01018,
KUANTUM,EQ,182.35,184.7,172.5,173.05,173.65,180.9,200099,35229930.5,23-JAN-2024,11309,INE529I01021,
L&TFH,EQ,167.9,168.65,157.85,159.55,161.0,166.9,9237297,1489601646.5,23-JAN-2024,58515,INE498L01015,
LAGNAM,EQ,93.65,93.65,83.6,85.7,86.0,93.25,44589,3907355.2,23-JAN-2024,390,INE548Z01017,
LAL,EQ,309.95,309.95,306.0,309.95,309.95,295.2,15238,4718951.55,23-JAN-2024,237,INE740X01015,
LALPATHLAB,EQ,2408.2,2418.0,2352.8,2371.0,2373.0,2424.75,111064,265112934.1,23-JAN-2024,16674,INE600L01024,
LAMBODHARA,EQ,163.35,170.0,158.0,158.95,158.0,162.45,42009,6870568.6,23-JAN-2024,1437,INE112F01022,
LANDMARK,EQ,840.0,844.4,805.6,812.7,808.05,830.85,40401,33281064.35,23-JAN-2024,6142,INE559R01029,
LAOPALA,EQ,374.0,375.5,358.1,362.4,361.0,372.45,217702,79695617.8,23-JAN-2024,14111,INE059D01020,
LASA,EQ,33.3,33.9,31.65,31.75,31.85,33.25,84414,2734503.5,23-JAN-2024,663,INE670X01014,
LATENTVIEW,EQ,468.0,470.0,446.1,450.8,449.9,465.35,712698,325879424.7,23-JAN-2024,25357,INE0I7C01011,
LATTEYS,EQ,25.45,25.45,23.7,23.75,23.85,24.95,506089,12090599.0,23-JAN-2024,1313,INE262Z01023,
LAURUSLABS,EQ,402.95,408.6,394.4,398.95,400.0,401.85,1410373,566355493.5,23-JAN-2024,27233,INE947Q01028,
LAXMICOT,EQ,32.0,34.4,30.0,30.3,30.75,31.9,138761,4407112.2,23-JAN-2024,707,INE801V01019,
LAXMIMACH,EQ,13984.9,13984.9,13270.0,13357.2,13271.0,13609.3,3340,44990642.85,23-JAN-2024,1455,INE269B01029,
LCCINFOTEC,BE,3.0,3.15,2.95,2.95,2.95,3.1,197577,586663.6,23-JAN-2024,272,INE938A01021,
LEMONTREE,EQ,135.0,144.65,134.45,138.4,138.9,134.15,25901478,3655037318.4,23-JAN-2024,195400,INE970X01018,
LEXUS,BE,38.05,38.9,37.55,37.8,37.6,38.05,13109,499032.25,23-JAN-2024,163,INE500X01013,
LFIC,EQ,178.05,179.45,175.0,176.05,177.75,179.8,5111,905015.35,23-JAN-2024,139,INE850E01012,
LGBBROSLTD,EQ,1290.1,1332.95,1271.45,1287.2,1281.0,1294.6,44404,57535927.7,23-JAN-2024,6698,INE337A01034,
LGBFORGE,EQ,12.75,12.75,12.1,12.15,12.3,12.6,214029,2649544.55,23-JAN-2024,929,INE201J01017,
LGHL,BE,196.9,202.55,189.9,190.4,190.4,193.0,396,76968.05,23-JAN-2024,22,INE258Y01016,
LIBAS,EQ,18.7,19.05,18.0,18.1,18.0,18.7,168000,3082273.25,23-JAN-2024,730,INE908V01012,
LIBERTSHOE,EQ,367.9,368.7,333.0,335.5,337.95,369.6,367633,126853400.25,23-JAN-2024,7199,INE557B01019,
LICHSGFIN,EQ,581.8,584.3,554.45,560.75,560.05,577.75,3715271,2098415564.8,23-JAN-2024,162300,INE115A01026,
LICI,EQ,943.95,950.05,869.2,875.25,874.0,936.85,5296256,4796987845.85,23-JAN-2024,128620,INE0J1Y01017,
LICMFGOLD,EQ,5714.95,5727.95,5658.05,5690.6,5684.0,5700.0,336,1915678.25,23-JAN-2024,208,INF397L01554,
LICNETFGSC,EQ,24.88,24.88,24.4,24.42,24.42,24.59,8367,205991.5,23-JAN-2024,228,INF767K01MV5,
LICNETFN50,EQ,236.0,236.5,230.38,231.47,231.64,235.11,236,55063.08,23-JAN-2024,65,INF767K01OS7,
LICNETFSEN,EQ,787.36,792.27,736.16,757.1,736.16,789.8,762,592417.08,23-JAN-2024,84,INF767K01OT5,
LICNFNHGP,EQ,235.49,237.78,230.0,230.66,230.0,234.34,3877,914183.05,23-JAN-2024,114,INF767K01PC8,
LIKHITHA,EQ,274.0,276.0,260.0,261.0,262.0,270.95,209436,55542863.65,23-JAN-2024,13491,INE060901027,
LINC,EQ,647.55,667.95,610.0,619.6,618.0,647.45,30221,19050634.1,23-JAN-2024,4020,INE802B01019,
LINCOLN,EQ,670.6,714.95,658.0,662.0,664.05,663.5,145304,98711184.65,23-JAN-2024,12786,INE405C01035,
LINDEINDIA,EQ,5840.0,5859.95,5620.0,5639.05,5630.0,5788.35,43799,250048172.65,23-JAN-2024,11376,INE473A01011,
LIQUID,EQ,1000.0,1000.0,999.99,999.99,999.99,999.99,25993,25992854.17,23-JAN-2024,122,INF769K01KS1,
LIQUIDBEES,EQ,1000.0,1000.01,999.99,999.99,1000.0,1000.0,2598714,2598702444.3,23-JAN-2024,10491,INF732E01037,
LIQUIDETF,EQ,1000.0,1000.01,999.99,999.99,999.99,999.99,715339,715338913.38,23-JAN-2024,436,INF740KA1EU7,
LIQUIDIETF,EQ,1000.0,1000.01,999.99,999.99,999.99,1000.0,931243,931242658.77,23-JAN-2024,783,INF109KC1KT9,
LIQUIDSBI,EQ,999.99,1000.01,999.99,1000.0,1000.01,1000.01,6932,6932000.63,23-JAN-2024,30,INF200KA13Z8,
LLOYDSENGG,EQ,46.5,47.15,43.2,46.5,46.85,44.95,6364775,293279857.5,23-JAN-2024,14721,INE093R01011,
LLOYDSME,EQ,637.95,637.95,585.05,589.3,591.0,592.3,828085,499961418.55,23-JAN-2024,37337,INE281B01032,
LODHA,EQ,1143.15,1143.15,1029.0,1073.05,1065.75,1128.2,729495,789847670.2,23-JAN-2024,46285,INE670K01029,
LOKESHMACH,EQ,362.7,367.0,340.0,341.5,340.1,362.7,84315,29312257.4,23-JAN-2024,4938,INE397H01017,
LORDSCHLO,EQ,152.3,153.5,147.05,148.1,148.8,152.3,37188,5585960.65,23-JAN-2024,1532,INE846D01012,
LOTUSEYE,EQ,84.0,85.75,82.1,82.95,83.85,83.65,22384,1870385.2,23-JAN-2024,324,INE947I01017,
LOVABLE,EQ,152.6,160.0,147.9,148.75,148.1,151.7,96909,14940820.2,23-JAN-2024,1783,INE597L01014,
LOWVOL,EQ,174.12,174.12,170.0,170.7,170.91,174.12,424,72776.47,23-JAN-2024,37,INF769K01JU9,
LOWVOLIETF,EQ,192.5,192.5,182.1,184.01,184.2,186.88,88254,16455942.43,23-JAN-2024,1298,INF109KB10T8,
LOYALTEX,EQ,664.6,673.6,621.15,637.5,636.2,661.3,1130,728026.8,23-JAN-2024,192,INE970D01010,
LPDC,EQ,10.5,10.6,9.25,9.75,9.45,9.65,1234378,12326515.7,23-JAN-2024,2578,INE197J01017,
LT,EQ,3637.6,3661.35,3536.2,3551.0,3547.0,3634.5,1742142,6275472696.8,23-JAN-2024,166563,INE018A01030,
LTFOODS,EQ,198.05,202.4,190.0,191.7,192.75,199.4,933303,183183572.2,23-JAN-2024,27108,INE818H01020,
LTGILTBEES,EQ,25.15,25.15,24.94,24.96,24.98,24.99,569447,14218130.21,23-JAN-2024,533,INF204KB1882,
LTIM,EQ,5630.0,5724.0,5580.0,5638.5,5659.0,5656.75,754748,4256554382.35,23-JAN-2024,75696,INE214T01019,
LTTS,EQ,5435.0,5471.95,5311.15,5361.25,5348.6,5416.15,114334,615490431.3,23-JAN-2024,15529,INE010V01017,
LUMAXIND,EQ,2496.45,2524.0,2390.05,2437.9,2442.0,2477.25,6196,15122590.45,23-JAN-2024,1477,INE162B01018,
LUMAXTECH,EQ,373.0,379.6,371.35,376.3,376.5,372.85,111285,41808583.4,23-JAN-2024,7818,INE872H01027,
LUPIN,EQ,1420.0,1455.0,1414.0,1439.25,1436.05,1410.95,1235492,1779983484.95,23-JAN-2024,80914,INE326A01037,
LUXIND,EQ,1293.95,1294.4,1253.95,1260.35,1261.0,1284.95,90983,116224823.9,23-JAN-2024,8998,INE150G01020,
LXCHEM,EQ,274.55,277.25,267.55,268.85,269.7,274.5,574670,156040431.65,23-JAN-2024,20958,INE576O01020,
LYKALABS,BE,124.0,124.0,116.3,117.5,118.5,121.25,40309,4745016.75,23-JAN-2024,406,INE933A01014,
LYPSAGEMS,BE,6.95,7.0,6.7,6.8,6.75,6.8,178227,1218837.65,23-JAN-2024,173,INE142K01011,
M&M,EQ,1619.0,1647.6,1588.25,1595.2,1595.1,1622.3,2772880,4493517297.7,23-JAN-2024,157662,INE101A01026,
M&MFIN,EQ,283.0,283.3,268.95,270.55,271.0,281.6,6246737,1718229040.85,23-JAN-2024,49789,INE774D01024,
MAANALU,EQ,142.15,143.7,135.05,135.15,136.4,142.15,70604,9820528.25,23-JAN-2024,1438,INE215I01027,
MACPOWER,BE,760.0,790.0,750.0,759.1,769.0,759.05,29097,22618417.0,23-JAN-2024,420,INE155Z01011,
MADHAV,BE,68.75,68.75,65.4,65.45,65.4,68.85,18743,1248232.65,23-JAN-2024,228,INE925C01016,
MADHUCON,BE,9.1,9.5,8.95,9.45,9.5,9.05,157615,1475717.15,23-JAN-2024,308,INE378D01032,
MADRASFERT,EQ,120.4,123.3,113.0,114.45,114.0,118.0,2911203,345255356.5,23-JAN-2024,21993,INE414A01015,
MAFANG,EQ,74.44,74.45,73.6,73.9,73.86,74.01,550594,40696744.1,23-JAN-2024,6622,INF769K01HF4,
MAGADSUGAR,EQ,631.65,638.65,612.0,614.1,613.15,631.65,10889,6780603.35,23-JAN-2024,1396,INE347W01011,
MAGNUM,EQ,81.6,81.6,74.75,75.5,77.45,77.75,543703,42661796.3,23-JAN-2024,3221,INE387I01016,
MAHABANK,EQ,53.9,54.9,50.6,51.1,51.3,53.15,76748898,4056944255.55,23-JAN-2024,96295,INE457A01014,
MAHAPEXLTD,EQ,153.0,153.0,140.05,142.7,143.0,150.95,25056,3594706.4,23-JAN-2024,648,INE843B01013,
MAHASTEEL,EQ,109.85,110.9,98.75,101.9,104.0,107.95,83949,8868930.2,23-JAN-2024,966,INE451L01014,
MAHEPC,EQ,140.35,141.5,132.4,134.6,135.0,138.8,111151,15262170.05,23-JAN-2024,2887,INE215D01010,
MAHESHWARI,EQ,80.0,80.0,74.5,76.0,76.6,79.0,33047,2548612.35,23-JAN-2024,433,INE263W01010,
MAHKTECH,EQ,12.78,13.0,12.6,12.73,12.72,12.77,1958018,25183842.44,23-JAN-2024,3036,INF769K01HS7,
MAHLIFE,EQ,561.8,572.5,555.25,560.3,558.55,559.0,216995,121871112.7,23-JAN-2024,13858,INE813A01018,
MAHLOG,EQ,429.15,441.8,410.2,416.7,418.5,435.7,306310,131386807.5,23-JAN-2024,21909,INE766P01016,
MAHSCOOTER,EQ,7695.9,7695.9,7350.0,7436.2,7435.65,7594.2,5714,42950957.4,23-JAN-2024,1675,INE288A01013,
MAHSEAMLES,EQ,978.1,998.0,951.95,964.85,958.8,981.45,149576,146516573.4,23-JAN-2024,15786,INE271B01025,
MAITHANALL,EQ,1130.0,1130.0,1062.1,1068.85,1075.0,1120.0,89377,97480866.7,23-JAN-2024,10868,INE683C01011,
MAKEINDIA,EQ,112.27,112.44,109.5,109.95,109.97,111.74,18291,2032541.63,23-JAN-2024,494,INF769K01IB1,
MALLCOM,EQ,1109.0,1109.0,1065.0,1082.6,1092.95,1092.55,5774,6270539.8,23-JAN-2024,1069,INE389C01015,
MALUPAPER,EQ,50.05,50.9,46.9,47.3,47.25,50.65,176057,8506761.05,23-JAN-2024,1393,INE383H01017,
MANAKALUCO,EQ,32.85,33.4,29.4,30.4,30.8,32.55,425367,13238365.15,23-JAN-2024,2956,INE859Q01017,
MANAKCOAT,BE,34.65,34.85,31.6,31.85,32.5,33.2,117235,4008011.8,23-JAN-2024,463,INE830Q01018,
MANAKSIA,EQ,138.95,138.95,130.4,131.5,131.7,136.5,293868,39409932.8,23-JAN-2024,5627,INE015D01022,
MANAKSTEEL,EQ,87.0,88.0,75.0,76.7,76.5,81.95,2142488,172012624.9,23-JAN-2024,16439,INE824Q01011,
MANALIPETC,EQ,82.3,82.8,77.1,77.5,77.95,81.6,1142097,90107881.65,23-JAN-2024,8361,INE201A01024,
MANAPPURAM,EQ,176.05,178.25,167.1,168.3,169.8,176.0,8452481,1453970970.4,23-JAN-2024,45928,INE522D01027,
MANGALAM,EQ,103.25,104.0,99.5,100.7,99.5,101.7,54356,5549456.8,23-JAN-2024,694,INE584F01014,
MANGCHEFER,EQ,142.0,149.9,137.5,138.25,139.2,137.55,4357970,624960802.85,23-JAN-2024,37105,INE558B01017,
MANGLMCEM,EQ,684.0,691.85,631.95,668.65,655.1,676.85,204233,136038280.0,23-JAN-2024,8573,INE347A01017,
MANINDS,EQ,386.15,404.8,356.0,367.0,364.0,384.8,824696,318812515.9,23-JAN-2024,30533,INE993A01026,
MANINFRA,EQ,222.55,225.5,215.25,217.75,220.5,221.05,726810,160508442.35,23-JAN-2024,17098,INE949H01023,
MANKIND,EQ,2195.0,2205.5,2135.0,2142.85,2146.0,2168.9,141234,306549583.55,23-JAN-2024,26749,INE634S01028,
MANOMAY,BE,202.6,202.6,184.15,184.35,189.9,193.85,10519,1961222.85,23-JAN-2024,151,INE784W01015,
MANORAMA,EQ,1998.95,1998.95,1945.0,1950.8,1949.0,1973.95,6676,13168715.65,23-JAN-2024,1115,INE00VM01010,
MANORG,EQ,400.5,404.4,382.0,385.1,388.45,399.05,5902,2318175.45,23-JAN-2024,609,INE370D01013,
MANUGRAPH,BE,24.6,25.45,24.25,24.35,24.5,24.6,71438,1746115.0,23-JAN-2024,87,INE867A01022,
MANYAVAR,EQ,1097.2,1107.0,1050.0,1060.9,1070.0,1091.8,184571,198139539.3,23-JAN-2024,22257,INE825V01034,
MAPMYINDIA,EQ,2058.0,2067.95,2028.05,2046.35,2050.0,2044.0,179144,366515684.35,23-JAN-2024,25383,INE0BV301023,
MARALOVER,EQ,76.9,77.9,72.55,72.95,73.0,75.75,35766,2687846.8,23-JAN-2024,861,INE882A01013,
MARATHON,EQ,418.2,418.2,397.0,401.4,405.0,415.9,61834,24992384.8,23-JAN-2024,5059,INE182D01020,
MARICO,EQ,524.95,529.9,517.0,520.95,520.4,523.8,1757069,915470049.2,23-JAN-2024,46426,INE196A01026,
MARINE,BE,97.9,99.4,92.6,93.6,94.0,95.9,289305,27908556.65,23-JAN-2024,1472,INE01JE01028,
MARKSANS,EQ,157.55,158.0,147.2,150.15,150.5,156.5,1463148,222591341.3,23-JAN-2024,27781,INE750C01026,
MARSHALL,EQ,46.9,46.9,44.1,45.15,44.55,45.5,799850,36451254.95,23-JAN-2024,730,INE00SZ01018,
MARUTI,EQ,9862.0,9973.0,9832.1,9860.45,9860.0,9972.55,956269,9469750914.85,23-JAN-2024,129308,INE585B01010,
MASFIN,EQ,1050.0,1060.0,1005.2,1016.95,1024.2,1044.1,165779,169588233.6,23-JAN-2024,20901,INE348L01012,
MASKINVEST,BE,78.95,81.0,76.0,78.0,78.0,78.95,375,30049.85,23-JAN-2024,15,INE885F01015,
MASPTOP50,EQ,36.46,36.7,35.88,36.05,36.0,36.2,299738,10816650.16,23-JAN-2024,1195,INF769K01HP3,
MASTEK,EQ,2829.0,2829.0,2665.0,2682.4,2695.0,2801.45,106658,289806971.3,23-JAN-2024,15607,INE759A01021,
MATRIMONY,EQ,559.0,561.15,530.1,539.15,533.05,558.35,17132,9358048.65,23-JAN-2024,1486,INE866R01028,
MAWANASUG,EQ,96.3,96.85,93.25,93.45,93.65,96.3,87526,8278291.8,23-JAN-2024,1475,INE636A01039,
MAXESTATES,EQ,294.1,299.0,284.55,285.95,287.9,296.1,47027,13624110.9,23-JAN-2024,3189,INE03EI01018,
MAXHEALTH,EQ,757.0,804.65,750.45,776.05,768.0,748.9,4986823,3898882735.15,23-JAN-2024,129594,INE027H01010,
MAXIND,EQ,215.85,219.65,203.0,211.5,212.0,212.65,131994,28149295.15,23-JAN-2024,3291,INE0CG601016,
MAYURUNIQ,EQ,560.0,572.0,541.2,559.75,562.5,555.05,64676,36017468.0,23-JAN-2024,8129,INE040D01038,
MAZDA,EQ,1540.0,1544.95,1445.6,1459.9,1456.0,1528.75,24360,35994639.55,23-JAN-2024,3656,INE885E01034,
MAZDOCK,EQ,2377.8,2387.75,2260.0,2277.15,2284.85,2365.0,1033149,2383837470.5,23-JAN-2024,67026,INE249Z01012,
MBAPL,EQ,277.8,294.0,272.5,278.25,278.2,273.7,45641,12902195.05,23-JAN-2024,1813,INE900L01010,
MBECL,BE,5.85,5.85,5.85,5.85,5.85,5.95,2758,16134.3,23-JAN-2024,24,INE748A01016,
MBLINFRA,BE,48.45,48.45,45.6,45.6,45.6,48.0,126659,5872312.25,23-JAN-2024,526,INE912H01013,
MCDOWELL-N,EQ,1113.0,1129.0,1095.1,1108.05,1096.6,1108.75,1288819,1434324973.35,23-JAN-2024,66628,INE854D01024,
MCL,BE,41.8,42.5,40.3,40.95,41.6,41.25,63032,2565683.8,23-JAN-2024,279,INE813V01022,
MCLEODRUSS,BE,25.2,25.8,24.0,24.15,24.4,25.2,286469,7025012.1,23-JAN-2024,675,INE942G01012,
MCX,EQ,3230.0,3232.4,2992.05,3032.25,3021.9,3207.4,889244,2722346205.2,23-JAN-2024,65596,INE745G01035,
MEDANTA,EQ,1100.0,1144.8,1100.0,1130.5,1133.5,1088.55,520242,584834565.65,23-JAN-2024,50405,INE474Q01031,
MEDIASSIST,EQ,460.0,518.0,445.0,464.1,461.95,418.0,16154100,7614519173.95,23-JAN-2024,420513,INE456Z01021,
MEDICAMEQ,EQ,570.3,570.3,537.95,550.15,550.0,558.95,41118,22580826.9,23-JAN-2024,2267,INE646B01010,
MEDICO,EQ,88.15,91.6,83.8,90.65,91.0,88.25,692209,61641501.35,23-JAN-2024,2438,INE630Y01024,
MEDPLUS,EQ,726.05,736.95,726.05,730.4,730.8,725.8,66042,48328485.95,23-JAN-2024,9954,INE804L01022,
MEGASOFT,BE,57.65,57.65,57.65,57.65,57.65,58.8,144908,8353946.2,23-JAN-2024,116,INE933B01012,
MEGASTAR,EQ,368.9,378.8,354.95,356.45,355.0,368.9,25578,9316782.4,23-JAN-2024,2529,INE00EM01016,
MENONBE,EQ,139.4,139.4,133.05,134.4,134.65,138.05,96726,13143870.5,23-JAN-2024,2463,INE071D01033,
MEP,BE,15.4,15.4,14.25,14.3,14.45,15.0,703276,10418263.55,23-JAN-2024,751,INE776I01010,
METROBRAND,EQ,1130.65,1148.65,1072.1,1079.4,1080.55,1139.65,504479,549392041.95,23-JAN-2024,49930,INE317I01021,
METROPOLIS,EQ,1584.0,1603.5,1560.05,1582.1,1585.0,1582.6,373400,591278867.45,23-JAN-2024,25703,INE112L01020,
MFSL,EQ,890.0,893.4,862.25,865.0,865.05,889.15,972024,851505194.15,23-JAN-2024,48100,INE180A01020,
MGEL,EQ,20.2,20.5,19.75,19.85,19.8,20.2,198289,3948724.1,23-JAN-2024,724,INE0APB01024,
MGL,EQ,1335.95,1354.45,1307.0,1312.35,1314.0,1314.9,863272,1148704025.95,23-JAN-2024,40732,INE002S01010,
MHLXMIRU,BE,296.0,296.0,282.1,288.65,288.65,296.7,5373,1536975.15,23-JAN-2024,54,INE112D01035,
MHRIL,EQ,398.0,401.0,381.1,383.35,387.0,399.05,124043,48335478.15,23-JAN-2024,10257,INE998I01010,
MICEL,BE,35.35,36.1,33.5,33.85,34.0,34.7,250465,8710315.55,23-JAN-2024,1300,INE287C01037,
MID150BEES,EQ,186.36,186.36,175.5,176.5,176.51,181.39,332435,59318224.74,23-JAN-2024,8176,INF204KB1V68,
MIDCAPETF,EQ,18.0,18.03,17.26,17.35,17.38,17.86,1509499,26450660.35,23-JAN-2024,7198,INF769K01IC9,
MIDCAPIETF,EQ,183.47,183.47,174.63,175.99,176.2,181.41,135629,24159139.69,23-JAN-2024,1718,INF109KC1G82,
MIDHANI,EQ,475.0,475.0,437.55,440.7,440.6,471.35,2102045,947071903.45,23-JAN-2024,50493,INE099Z01011,
MIDSELIETF,EQ,142.51,143.49,138.3,138.74,139.32,143.0,97272,13671936.93,23-JAN-2024,515,INF109KB1XT3,
MINDACORP,EQ,406.3,407.45,394.5,400.6,397.0,405.45,531575,212868433.65,23-JAN-2024,16923,INE842C01021,
MINDTECK,EQ,243.0,247.0,223.6,227.4,235.5,241.05,102974,23941371.0,23-JAN-2024,8157,INE110B01017,
MIRCELECTR,BE,16.75,17.0,15.85,15.9,16.1,16.6,504435,8286596.1,23-JAN-2024,433,INE831A01028,
MIRZAINT,EQ,61.75,62.0,56.6,57.1,57.5,61.35,4028677,239279493.1,23-JAN-2024,16529,INE771A01026,
MITCON,EQ,160.4,160.7,144.35,144.35,144.35,160.35,87491,13152859.6,23-JAN-2024,974,INE828O01033,
MITTAL,EQ,2.25,2.3,2.1,2.15,2.15,2.25,10707428,23780223.1,23-JAN-2024,3225,INE997Y01027,
MKPL,BE,48.65,48.7,45.25,45.25,45.25,47.6,619081,29369271.4,23-JAN-2024,1981,INE964W01021,
MMFL,EQ,973.65,973.65,912.55,924.0,935.0,968.8,46938,43931477.45,23-JAN-2024,4281,INE227C01017,
MMP,EQ,210.1,211.95,195.85,200.0,205.0,210.1,72147,14673449.2,23-JAN-2024,2148,INE511Y01018,
MMTC,EQ,77.15,79.0,67.45,68.95,69.4,74.9,13241956,963952908.5,23-JAN-2024,54106,INE123F01029,
MODIRUBBER,BE,92.4,92.4,85.5,87.95,88.5,88.0,4112,365466.35,23-JAN-2024,92,INE832A01018,
MODISONLTD,EQ,128.6,130.65,123.0,124.1,125.0,126.7,78444,9912480.5,23-JAN-2024,2551,INE737D01021,
MOGSEC,EQ,54.23,54.28,54.21,54.22,54.21,54.22,7286,395065.71,23-JAN-2024,62,INF247L01AK4,
MOHEALTH,EQ,32.96,34.1,32.96,33.34,33.44,32.95,29987,1004027.41,23-JAN-2024,349,INF247L01BB1,
MOHITIND,EQ,22.05,22.15,20.65,21.25,21.6,21.4,85152,1825275.1,23-JAN-2024,358,INE954E01012,
MOIL,EQ,338.85,339.8,312.4,314.55,315.8,337.1,2816097,909964700.85,23-JAN-2024,44366,INE490G01020,
MOKSH,BE,15.2,15.55,15.0,15.2,15.35,15.15,360892,5533807.8,23-JAN-2024,863,INE514Y01020,
MOL,EQ,86.85,87.9,82.0,83.95,83.95,85.65,1604520,136712166.95,23-JAN-2024,10513,INE0CT101020,
MOLDTECH,EQ,269.9,271.9,262.95,264.8,265.5,267.7,100004,26789892.55,23-JAN-2024,6726,INE835B01035,
MOLDTKPAC,EQ,862.75,866.95,845.0,847.15,847.9,862.75,49410,42119566.8,23-JAN-2024,7032,INE893J01029,
MOLOWVOL,EQ,33.75,33.75,32.81,32.92,33.41,33.46,13309,441829.76,23-JAN-2024,101,INF247L01BL0,
MOM100,EQ,52.09,52.09,49.29,49.96,49.5,51.19,541470,27249859.55,23-JAN-2024,4982,INF247L01023,
MOM30IETF,EQ,28.77,28.95,27.65,27.79,27.88,28.61,676775,19004452.31,23-JAN-2024,1735,INF109KC17C7,
MOM50,EQ,223.97,241.99,215.18,216.16,224.0,220.0,8004,1749245.68,23-JAN-2024,173,INF247L01536,
MOMENTUM,EQ,28.52,28.73,27.47,27.69,28.0,28.52,68666,1919607.3,23-JAN-2024,488,INF209KB14K7,
MOMOMENTUM,EQ,58.3,58.65,55.15,55.44,56.63,56.92,67825,3784573.1,23-JAN-2024,502,INF247L01BK2,
MON100,EQ,140.0,140.09,134.25,139.9,139.95,138.42,643285,89906345.02,23-JAN-2024,9272,INF247L01AP3,
MONARCH,EQ,545.0,549.4,524.65,530.6,530.0,527.1,530796,284866929.05,23-JAN-2024,23113,INE903D01011,
MONIFTY500,EQ,19.65,19.91,19.29,19.65,19.65,19.65,274159,5357612.84,23-JAN-2024,1619,INF247L01BU1,
MONQ50,EQ,58.4,58.4,56.63,57.15,56.72,56.7,19334,1103912.81,23-JAN-2024,727,INF247L01AU3,
MONTECARLO,EQ,698.5,698.5,671.2,678.1,680.0,696.6,35033,23936032.25,23-JAN-2024,3417,INE950M01013,
MOQUALITY,EQ,166.57,166.57,162.1,162.79,162.1,166.57,315,51934.05,23-JAN-2024,42,INF247L01BH8,
MORARJEE,EQ,27.95,27.95,25.55,25.8,26.2,28.65,396723,10514696.1,23-JAN-2024,2106,INE161G01027,
MOREPENLAB,EQ,46.3,46.75,43.6,44.05,44.1,46.05,5099331,229866653.75,23-JAN-2024,13967,INE083A01026,
MOTHERSON,EQ,108.75,109.3,105.35,106.35,105.95,107.4,29696347,3194767631.8,23-JAN-2024,76844,INE775A01035,
MOTILALOFS,EQ,1602.55,1622.9,1523.65,1550.5,1550.0,1572.5,293175,459037164.95,23-JAN-2024,30465,INE338I01027,
MOTISONS,EQ,194.05,202.65,177.0,179.85,179.45,195.95,2973675,550547777.7,23-JAN-2024,41117,INE0FRK01012,
MOTOGENFIN,BE,42.8,42.8,39.9,39.9,39.9,42.0,8738,356600.5,23-JAN-2024,101,INE861B01023,
MOVALUE,EQ,86.05,86.05,79.7,80.44,82.15,83.96,185871,15167736.03,23-JAN-2024,2774,INF247L01BE5,
MPHASIS,EQ,2600.0,2600.0,2511.4,2533.2,2530.05,2586.55,293638,746605076.55,23-JAN-2024,29603,INE356A01018,
MPSLTD,EQ,1709.1,1760.0,1460.05,1492.05,1515.0,1708.85,113528,179965265.6,23-JAN-2024,15400,INE943D01017,
MRF,EQ,145786.0,147849.8,139821.25,140997.25,141251.0,145363.35,22069,3169539170.95,23-JAN-2024,16933,INE883A01011,
MRO-TEK,EQ,66.2,67.7,62.05,62.65,62.2,66.2,15494,1003670.45,23-JAN-2024,295,INE398B01018,
MRPL,EQ,169.8,178.9,160.55,170.9,170.55,174.9,12034231,2042016462.5,23-JAN-2024,86207,INE103A01014,
MSPL,BE,27.85,27.85,26.8,27.55,27.85,26.55,1396211,38741995.75,23-JAN-2024,976,INE752G01015,
MSTCLTD,EQ,1045.0,1045.0,932.25,933.6,932.3,1035.8,1107434,1080044719.3,23-JAN-2024,33433,INE255X01014,
MSUMI,EQ,62.8,63.0,61.3,61.45,61.5,62.6,5397988,333972867.7,23-JAN-2024,37145,INE0FS801015,
MTARTECH,EQ,2160.55,2174.0,2111.05,2119.65,2120.0,2160.85,121309,258862528.75,23-JAN-2024,17839,INE864I01014,
MTEDUCARE,BE,4.6,4.6,4.25,4.25,4.25,4.45,58201,253867.9,23-JAN-2024,108,INE472M01018,
MTNL,EQ,38.25,38.9,33.15,34.8,34.8,37.7,19995212,739138925.4,23-JAN-2024,22929,INE153A01019,
MUFIN,EQ,195.7,195.7,195.7,195.7,195.7,186.4,103106,20177844.2,23-JAN-2024,530,INE08KJ01020,
MUFTI,EQ,267.05,267.7,251.85,252.85,253.85,266.2,444380,115430720.7,23-JAN-2024,18272,INE220Q01020,
MUKANDLTD,EQ,188.0,188.5,176.6,178.75,178.2,187.8,433939,78303411.65,23-JAN-2024,15231,INE304A01026,
MUKTAARTS,BE,87.75,87.75,87.75,87.75,87.75,89.55,204,17901.0,23-JAN-2024,6,INE374B01019,
MUNJALAU,EQ,109.6,112.2,102.6,103.9,103.05,107.95,425851,45813766.35,23-JAN-2024,3594,INE672B01032,
MUNJALSHOW,EQ,201.0,203.9,184.7,187.45,188.3,195.6,804608,156646234.2,23-JAN-2024,22244,INE577A01027,
MURUDCERA,BE,53.95,53.95,52.05,52.05,52.05,53.1,33086,1732726.5,23-JAN-2024,128,INE692B01014,
MUTHOOTCAP,EQ,395.75,399.75,373.85,377.6,380.0,395.75,64133,24643950.7,23-JAN-2024,5378,INE296G01013,
MUTHOOTFIN,EQ,1415.0,1426.0,1350.35,1363.95,1360.4,1411.35,708076,975700802.6,23-JAN-2024,66936,INE414G01012,
MUTHOOTMF,EQ,239.0,239.0,231.0,231.15,231.0,237.4,472821,110527294.45,23-JAN-2024,11272,INE046W01019,
MVGJL,EQ,325.0,326.1,305.95,311.35,309.2,324.55,134061,42219729.2,23-JAN-2024,10530,INE0KNT01012,
NACLIND,EQ,80.15,80.8,74.1,76.75,77.7,80.15,415877,32211427.3,23-JAN-2024,4770,INE295D01020,
NAGAFERT,EQ,15.1,15.1,14.05,14.05,14.05,14.75,3764767,54594987.85,23-JAN-2024,5120,INE454M01024,
NAGREEKCAP,BE,18.5,19.2,17.6,17.75,17.6,18.5,6201,114582.85,23-JAN-2024,44,INE245I01016,
NAGREEKEXP,BE,80.0,80.0,76.95,76.95,76.95,78.5,45318,3587187.8,23-JAN-2024,252,INE123B01028,
NAHARCAP,EQ,313.05,319.15,300.35,300.95,300.5,317.55,12618,3893063.25,23-JAN-2024,623,INE049I01012,
NAHARINDUS,EQ,131.25,132.25,124.25,124.85,124.75,131.05,66902,8526437.75,23-JAN-2024,2103,INE289A01011,
NAHARPOLY,EQ,251.95,251.95,230.1,231.3,232.25,241.2,52194,12430530.05,23-JAN-2024,4845,INE308A01027,
NAHARSPING,EQ,302.2,304.8,286.0,287.45,289.75,302.2,80772,23605552.35,23-JAN-2024,8051,INE290A01027,
NAM-INDIA,EQ,510.6,510.7,484.0,486.35,485.0,510.6,711112,350188363.75,23-JAN-2024,29618,INE298J01013,
NARMADA,EQ,23.0,24.95,22.4,23.9,24.15,22.6,529363,12842291.95,23-JAN-2024,2616,INE117Z01011,
NATCOPHARM,EQ,833.0,847.9,833.0,840.2,838.4,828.85,627481,527419206.0,23-JAN-2024,27302,INE987B01026,
NATHBIOGEN,EQ,230.0,234.35,213.4,215.4,218.75,229.7,205711,45626148.75,23-JAN-2024,6720,INE448G01010,
NATIONALUM,EQ,136.5,137.7,121.85,126.75,125.0,135.35,26838107,3544161653.8,23-JAN-2024,89907,INE139A01034,
NAUKRI,EQ,5099.95,5099.95,4912.05,4946.1,4933.35,5026.05,259129,1286783970.0,23-JAN-2024,34823,INE663F01024,
NAVA,EQ,477.55,477.65,445.0,453.5,452.0,472.9,419424,192081225.7,23-JAN-2024,22903,INE725A01022,
NAVINFLUOR,EQ,3442.4,3452.6,3338.5,3362.35,3362.0,3442.4,154574,522797110.6,23-JAN-2024,29745,INE048G01026,
NAVINIFTY,EQ,218.39,218.39,212.42,213.64,214.0,217.34,2332,502633.92,23-JAN-2024,62,INF959L01HI3,
NAVKARCORP,EQ,116.0,117.25,107.55,111.55,111.8,115.0,4083866,457018180.15,23-JAN-2024,16249,INE278M01019,
NAVNETEDUL,EQ,145.05,157.7,144.0,146.05,147.5,144.75,729245,109037358.7,23-JAN-2024,17090,INE060A01024,
NAZARA,EQ,928.0,935.2,875.65,887.85,888.0,922.85,450691,406828146.85,23-JAN-2024,33811,INE418L01021,
NBCC,EQ,104.0,109.5,97.0,98.6,98.85,101.75,124517276,12902474119.2,23-JAN-2024,459469,INE095N01031,
NBIFIN,EQ,2030.0,2030.0,1822.05,1883.3,1900.0,1876.95,243,461460.3,23-JAN-2024,72,INE365I01020,
NCC,EQ,206.0,206.45,191.1,192.75,192.95,204.6,4753488,935598591.95,23-JAN-2024,51376,INE868B01028,
NCLIND,EQ,232.0,232.1,219.5,220.7,219.75,229.85,319284,71829383.6,23-JAN-2024,10708,INE732C01016,
NDGL,BE,2499.9,2520.0,2378.5,2379.6,2378.5,2440.0,276,671427.3,23-JAN-2024,40,INE756C01015,
NDL,BE,27.45,28.0,26.65,26.8,26.85,27.4,58426,1581391.8,23-JAN-2024,284,INE875G01030,
NDLVENTURE,EQ,121.8,121.8,108.35,109.6,110.0,120.35,72371,8211441.45,23-JAN-2024,1517,INE353A01023,
NDRAUTO,BE,766.2,766.2,766.2,766.2,766.2,781.8,2401,1839646.2,23-JAN-2024,131,INE07OG01012,
NDTV,EQ,279.0,279.0,260.8,262.9,264.75,275.75,650446,174287879.05,23-JAN-2024,18638,INE155G01029,
NECCLTD,BE,30.3,31.3,28.45,28.55,28.7,29.85,255307,7646493.45,23-JAN-2024,1115,INE553C01016,
NECLIFE,EQ,34.1,35.5,33.3,33.8,34.15,33.75,1709920,58422813.85,23-JAN-2024,6184,INE023H01027,
NELCAST,EQ,161.45,166.35,157.5,158.45,158.7,160.2,219434,35616076.2,23-JAN-2024,8544,INE189I01024,
NELCO,EQ,793.15,797.4,750.0,755.4,759.0,792.3,164125,126394930.3,23-JAN-2024,15152,INE045B01015,
NEOGEN,EQ,1454.0,1459.55,1433.0,1451.4,1450.0,1454.0,36632,53078041.85,23-JAN-2024,6395,INE136S01016,
NESCO,EQ,860.7,862.4,825.1,833.15,832.0,852.45,80953,68051248.7,23-JAN-2024,11332,INE317F01035,
NESTLEIND,EQ,2480.0,2498.2,2446.0,2462.9,2458.55,2479.95,690538,1704424077.6,23-JAN-2024,84912,INE239A01024,
NETF,EQ,233.2,236.7,225.0,225.58,225.0,232.87,16735,3820191.84,23-JAN-2024,472,INF277K015R5,
NETWEB,EQ,1415.05,1455.0,1342.85,1360.9,1359.95,1413.5,103612,145255164.15,23-JAN-2024,10662,INE0NT901020,
NETWORK18,EQ,129.2,133.0,114.9,114.9,114.9,127.65,4205694,504960372.65,23-JAN-2024,16036,INE870H01013,
NEULANDLAB,EQ,5817.15,5918.0,5562.05,5644.9,5641.0,5881.35,30293,172083471.9,23-JAN-2024,8995,INE794A01010,
NEWGEN,BE,825.0,830.0,794.0,814.75,821.0,824.45,295022,237700331.5,23-JAN-2024,25069,INE619B01017,
NEXT50,EQ,556.32,557.72,537.85,540.45,540.24,554.25,1397,760059.93,23-JAN-2024,127,INF769K01FN2,
NEXT50IETF,EQ,54.95,57.97,54.91,55.17,55.85,56.65,401158,22398632.59,23-JAN-2024,1878,INF109KC1NS5,
NEXTMEDIA,BE,7.25,7.25,7.1,7.1,7.1,7.25,2422,17529.5,23-JAN-2024,20,INE747B01016,
NFL,EQ,123.95,127.2,108.0,112.05,112.2,122.3,19891720,2349646015.05,23-JAN-2024,87236,INE870D01012,
NGIL,EQ,55.5,58.05,50.2,52.6,51.95,55.5,80233,4420438.45,23-JAN-2024,796,INE236Y01012,
NGLFINE,EQ,1969.6,2006.65,1862.05,1901.8,1892.65,1964.15,3440,6617773.3,23-JAN-2024,769,INE887E01022,
NH,EQ,1248.0,1270.0,1220.5,1231.1,1225.4,1238.95,313867,389102301.9,23-JAN-2024,24194,INE410P01011,
NHPC,EQ,83.3,84.15,75.2,75.95,75.9,80.5,181342574,14353563337.1,23-JAN-2024,386628,INE848E01016,
NIACL,EQ,240.0,243.8,224.2,227.0,224.8,240.05,2683583,626960096.1,23-JAN-2024,28580,INE470Y01017,
NIBL,BE,39.35,39.65,38.35,38.8,38.65,39.65,10228,398397.9,23-JAN-2024,103,INE047O01014,
NIF100BEES,EQ,228.9,230.98,224.11,224.92,224.12,228.89,17274,3912051.94,23-JAN-2024,609,INF204K014N5,
NIF100IETF,EQ,236.6,242.88,236.0,236.62,236.65,240.52,31777,7582503.46,23-JAN-2024,1007,INF109KA1962,
NIFMID150,EQ,177.49,178.0,171.31,173.72,178.0,177.49,1384,241517.11,23-JAN-2024,78,INF789F1AYX9,
NIFTYBEES,EQ,241.9,241.9,234.5,234.87,235.39,238.73,5382816,1274968134.96,23-JAN-2024,72230,INF204KB14I2,
NIFTYETF,EQ,228.1,229.84,224.0,224.49,224.5,227.68,84094,18959810.39,23-JAN-2024,1883,INF769K01EG9,
NIFTYIETF,EQ,244.5,244.5,230.25,233.61,232.77,237.38,264333,62357982.64,23-JAN-2024,11173,INF109K012R6,
NIFTYQLITY,EQ,19.25,19.25,18.34,18.45,18.75,18.82,76093,1409876.54,23-JAN-2024,696,INF209KB15K4,
NIITLTD,EQ,131.15,131.35,117.05,118.0,118.95,129.4,3267236,400148216.1,23-JAN-2024,50160,INE161A01038,
NIITMTS,EQ,431.25,436.1,420.5,422.05,422.0,434.45,163759,69637443.7,23-JAN-2024,9408,INE342G01023,
NILAINFRA,EQ,10.85,11.25,10.25,10.4,10.25,10.75,5602520,61604536.3,23-JAN-2024,4741,INE937C01029,
NILASPACES,BE,4.85,4.95,4.65,4.75,4.8,4.75,1344512,6606627.1,23-JAN-2024,881,INE00S901012,
NILKAMAL,EQ,2191.2,2235.95,2191.0,2194.55,2196.95,2202.65,2899,6410109.5,23-JAN-2024,576,INE310A01015,
NINSYS,EQ,536.0,544.8,510.0,516.95,515.0,535.1,5814,3063360.2,23-JAN-2024,794,INE395U01014,
NIPPOBATRY,EQ,676.75,710.65,662.35,671.9,678.8,676.7,12368,8526646.55,23-JAN-2024,1350,INE567A01028,
NIRAJ,EQ,49.75,50.0,46.5,47.0,46.5,49.4,152357,7383404.3,23-JAN-2024,1319,INE368I01016,
NITCO,BE,41.4,41.4,41.4,41.4,41.4,40.6,77557,3210859.8,23-JAN-2024,111,INE858F01012,
NITINSPIN,EQ,335.0,336.75,318.35,320.85,322.0,333.95,150061,49089250.65,23-JAN-2024,7872,INE229H01012,
NITIRAJ,BE,126.0,126.0,123.1,125.55,126.0,129.5,1829,228982.45,23-JAN-2024,21,INE439T01012,
NKIND,BE,63.95,64.15,63.0,64.15,64.15,61.1,3847,246354.6,23-JAN-2024,36,INE542C01019,
NLCINDIA,EQ,245.75,249.0,212.0,224.85,223.5,242.1,7051826,1666711047.05,23-JAN-2024,74374,INE589A01014,
NMDC,EQ,214.75,215.9,201.5,202.45,203.25,212.85,19849632,4130524968.35,23-JAN-2024,120417,INE584A01023,
NOCIL,EQ,268.0,269.7,254.75,256.6,258.5,268.1,960514,250725482.1,23-JAN-2024,24172,INE163A01018,
NOIDATOLL,BE,12.3,12.3,12.05,12.05,12.05,12.3,29289,358550.3,23-JAN-2024,53,INE781B01015,
NORBTEAEXP,BE,12.5,12.5,12.5,12.5,12.5,12.75,1258,15725.0,23-JAN-2024,9,INE369C01017,
NPBET,EQ,247.58,248.3,236.81,238.16,239.0,242.47,2008,484637.66,23-JAN-2024,93,INF277K010X4,
NRAIL,EQ,518.0,527.25,480.0,484.15,480.0,508.05,40869,20690311.75,23-JAN-2024,4361,INE740D01017,
NRBBEARING,EQ,359.0,359.0,348.85,349.75,350.0,356.45,100692,35556612.4,23-JAN-2024,5890,INE349A01021,
NRL,EQ,123.9,123.9,114.1,114.8,114.6,121.55,155193,18215109.0,23-JAN-2024,2689,INE0JM501013,
NSIL,EQ,3221.0,3249.0,3055.0,3068.2,3075.0,3182.4,2575,8059239.45,23-JAN-2024,883,INE023A01030,
NSLNISP,EQ,53.95,55.0,51.05,51.35,51.5,52.15,26017020,1386219509.15,23-JAN-2024,47558,INE0NNS01018,
NTPC,EQ,313.45,315.3,300.3,302.6,302.0,308.2,21652362,6684463212.35,23-JAN-2024,203929,INE733E01010,
NUCLEUS,BE,1690.0,1787.5,1645.0,1658.3,1679.85,1731.1,33276,56888815.0,23-JAN-2024,1702,INE096B01018,
NURECA,EQ,395.2,395.5,360.0,361.8,360.2,396.3,118944,44081222.2,23-JAN-2024,8483,INE0DSF01015,
NUVAMA,EQ,3423.95,3442.3,3300.0,3303.75,3300.0,3423.95,45817,153441015.6,23-JAN-2024,9412,INE531F01015,
NUVOCO,EQ,345.1,349.95,330.8,331.75,332.0,343.4,544141,184028216.95,23-JAN-2024,16019,INE118D01016,
NV20BEES,EQ,134.76,136.78,132.69,133.3,133.46,134.77,17590,2366792.17,23-JAN-2024,381,INF204KB18I3,
NV20IETF,EQ,127.3,133.0,127.3,129.46,131.2,131.25,97721,12749127.28,23-JAN-2024,1680,INF109KB1WY5,
NYKAA,EQ,172.6,172.6,162.3,163.55,163.95,170.8,7450810,1237272476.25,23-JAN-2024,90064,INE388Y01029,
OAL,EQ,393.9,403.0,371.25,377.4,374.0,393.1,17081,6595218.25,23-JAN-2024,1550,INE959C01023,
OBCL,EQ,65.55,68.45,61.0,61.8,61.9,65.45,79917,5054832.0,23-JAN-2024,2112,INE426Z01016,
OBEROIRLTY,EQ,1445.0,1450.0,1353.8,1369.75,1367.0,1504.2,2775697,3850432754.6,23-JAN-2024,125787,INE093I01010,
OCCL,EQ,918.95,921.0,861.25,873.75,874.95,905.05,19534,17433489.55,23-JAN-2024,1793,INE321D01016,
OFSS,EQ,6690.0,6690.0,6411.0,6489.5,6486.0,6700.5,493230,3203393585.9,23-JAN-2024,60071,INE881D01027,
OIL,EQ,422.05,422.2,392.0,396.25,398.4,420.2,4390390,1774889698.4,23-JAN-2024,72734,INE274J01014,
OILCOUNTUB,BE,57.65,57.65,57.4,57.4,57.4,58.55,15540,894169.0,23-JAN-2024,89,INE591A01010,
OLECTRA,EQ,1663.95,1685.8,1588.2,1608.85,1615.0,1655.65,629984,1029112944.65,23-JAN-2024,52079,INE260D01016,
OMAXAUTO,EQ,81.8,83.7,77.15,78.15,77.8,79.75,302786,24656517.2,23-JAN-2024,1696,INE090B01011,
OMAXE,EQ,98.05,101.7,92.05,92.05,92.05,96.9,546645,51924741.25,23-JAN-2024,3312,INE800H01010,
OMINFRAL,BE,136.5,136.5,135.0,135.0,135.0,136.5,69528,9467418.5,23-JAN-2024,281,INE239D01028,
ONELIFECAP,BE,16.95,17.25,16.3,16.35,16.9,16.8,25839,426179.05,23-JAN-2024,71,INE912L01015,
ONEPOINT,EQ,68.0,68.4,61.0,62.8,62.85,66.4,896659,57604086.05,23-JAN-2024,5254,INE840Y01029,
ONGC,EQ,245.0,245.65,228.0,229.9,231.0,242.05,20282617,4764686638.1,23-JAN-2024,169363,INE213A01029,
ONMOBILE,EQ,119.75,119.8,111.05,111.85,112.9,118.3,1402967,161056847.75,23-JAN-2024,13099,INE809I01019,
ONWARDTEC,EQ,614.3,620.1,600.5,610.1,611.4,599.6,199452,121764112.25,23-JAN-2024,11007,INE229A01017,
OPTIEMUS,EQ,315.0,316.25,300.0,301.8,301.0,314.25,356815,109615590.8,23-JAN-2024,18933,INE350C01017,
ORBTEXP,EQ,182.5,183.2,171.5,173.35,175.8,181.45,31708,5632991.75,23-JAN-2024,701,INE231G01010,
ORCHPHARMA,EQ,746.0,756.1,710.0,721.0,720.0,742.2,124774,90956209.45,23-JAN-2024,16583,INE191A01027,
ORICONENT,EQ,36.85,37.8,34.8,34.95,35.0,36.6,239764,8617222.85,23-JAN-2024,1565,INE730A01022,
ORIENTALTL,EQ,10.0,10.0,9.3,9.5,9.6,9.85,59949,578351.9,23-JAN-2024,594,INE998H01012,
ORIENTBELL,EQ,404.35,406.0,384.6,398.9,398.05,399.9,98982,39302282.9,23-JAN-2024,3886,INE607D01018,
ORIENTCEM,EQ,268.65,270.0,247.05,254.9,254.0,266.9,821238,214038977.6,23-JAN-2024,33766,INE876N01018,
ORIENTCER,EQ,54.9,55.8,51.5,51.85,51.95,54.15,86886,4613217.95,23-JAN-2024,1227,INE569C01020,
ORIENTELEC,EQ,210.05,221.0,210.05,215.85,215.5,223.4,1392925,303242287.6,23-JAN-2024,54615,INE142Z01019,
ORIENTHOT,EQ,126.25,127.9,117.95,119.85,120.9,125.9,762827,94116199.45,23-JAN-2024,10724,INE750A01020,
ORIENTLTD,EQ,91.8,92.9,85.55,86.7,86.85,93.1,62171,5502880.95,23-JAN-2024,1080,INE609C01024,
ORIENTPPR,EQ,55.25,55.4,50.0,50.85,50.95,54.9,5904283,309474580.5,23-JAN-2024,15432,INE592A01026,
ORISSAMINE,EQ,7050.0,7055.0,6560.1,6617.65,6620.0,6977.35,16622,113118196.85,23-JAN-2024,6094,INE725E01024,
ORTINLAB,EQ,21.2,21.5,20.2,20.45,20.2,21.15,18811,393137.5,23-JAN-2024,214,INE749B01020,
OSIAHYPER,EQ,63.0,65.2,62.95,64.8,64.9,62.55,14637156,938316511.8,23-JAN-2024,12124,INE06IR01021,
OSWALAGRO,EQ,38.1,38.6,35.65,35.8,35.8,37.8,145093,5332126.05,23-JAN-2024,1099,INE142A01012,
OSWALGREEN,EQ,31.8,32.05,30.15,30.4,30.2,31.85,585917,18165234.65,23-JAN-2024,3385,INE143A01010,
OSWALSEEDS,EQ,52.9,52.95,50.1,50.6,50.75,51.05,137654,7044021.65,23-JAN-2024,1110,INE00IK01029,
PAGEIND,EQ,37683.0,37746.6,36501.2,36638.15,36575.0,37473.9,20653,765502251.4,23-JAN-2024,9189,INE761H01022,
PAISALO,EQ,104.65,105.0,98.75,100.4,99.6,102.65,1688230,169762898.0,23-JAN-2024,10479,INE420C01059,
PAKKA,EQ,389.5,399.0,347.05,347.05,347.05,385.6,829369,297277691.2,23-JAN-2024,12107,INE551D01018,
PALASHSECU,BE,113.2,119.9,113.2,119.65,119.75,117.15,2238,264655.95,23-JAN-2024,48,INE471W01019,
PALREDTEC,EQ,214.95,217.5,196.0,200.95,200.8,209.7,66781,13814464.3,23-JAN-2024,2098,INE218G01033,
PANACEABIO,EQ,167.95,173.25,160.1,161.7,162.0,165.55,367519,61197340.65,23-JAN-2024,14586,INE922B01023,
PANACHE,EQ,81.9,81.9,75.05,75.8,75.15,78.0,14805,1154994.2,23-JAN-2024,152,INE895W01019,
PANAMAPET,EQ,335.0,335.05,311.05,314.7,316.75,331.35,195728,63352356.45,23-JAN-2024,10279,INE305C01029,
PANSARI,EQ,106.2,108.3,96.05,99.65,101.7,106.15,12280,1247740.7,23-JAN-2024,187,INE697V01011,
PAR,EQ,210.0,210.0,193.9,196.6,201.9,205.9,57349,11396911.55,23-JAN-2024,1891,INE04LG01015,
PARACABLES,EQ,116.85,116.85,106.1,106.1,106.1,111.65,2214311,245101589.45,23-JAN-2024,21719,INE074B01023,
PARADEEP,EQ,82.55,83.5,77.1,77.45,77.6,81.6,14210157,1142926496.1,23-JAN-2024,43822,INE088F01024,
PARAGMILK,EQ,205.8,208.7,189.2,193.4,197.9,204.45,891971,177927151.05,23-JAN-2024,26838,INE883N01014,
PARAS,EQ,765.5,775.0,724.05,732.0,731.65,761.65,320965,240881725.05,23-JAN-2024,24830,INE045601015,
PARASPETRO,BE,2.75,2.75,2.7,2.7,2.7,2.75,209333,570552.05,23-JAN-2024,383,INE162C01024,
PARSVNATH,BE,13.7,13.7,12.6,12.9,13.1,13.05,964613,13009730.45,23-JAN-2024,1189,INE561H01026,
PASUPTAC,EQ,43.95,44.55,40.3,40.65,41.35,43.7,329538,13822377.95,23-JAN-2024,2866,INE818B01023,
PATANJALI,EQ,1559.95,1579.5,1522.0,1545.25,1554.5,1556.4,348152,538814662.15,23-JAN-2024,13427,INE619A01035,
PATELENG,EQ,62.95,63.9,58.9,59.6,59.6,62.65,7474304,455371803.4,23-JAN-2024,21942,INE244B01030,
PATINTLOG,EQ,20.75,20.95,19.65,19.8,20.25,20.6,414570,8346961.0,23-JAN-2024,1807,INE529D01014,
PAVNAIND,EQ,579.6,599.5,548.1,557.6,560.0,576.75,2060,1168873.25,23-JAN-2024,457,INE07S101020,
PAYTM,EQ,793.0,793.0,736.6,755.9,751.55,785.3,8164301,6236105548.6,23-JAN-2024,263750,INE982J01020,
PCBL,EQ,328.45,329.65,302.0,304.55,307.45,325.2,5594427,1734869379.55,23-JAN-2024,80012,INE602A01031,
PCJEWELLER,EQ,57.45,57.6,53.65,53.9,53.9,56.45,2502417,137003405.65,23-JAN-2024,9682,INE785M01013,
PDMJEPAPER,EQ,60.9,61.4,53.9,56.15,58.4,60.8,1639761,94198219.5,23-JAN-2024,8018,INE865T01018,
PDSL,EQ,598.7,598.7,553.05,556.8,563.0,592.85,122203,69325157.4,23-JAN-2024,8956,INE111Q01021,
PEARLPOLY,EQ,31.75,32.95,30.65,31.1,31.0,31.75,151129,4777310.45,23-JAN-2024,793,INE844A01013,
PEL,EQ,900.0,908.9,852.0,854.4,857.9,895.8,1369666,1194554171.05,23-JAN-2024,56532,INE140A01024,
PENIND,EQ,141.35,149.8,139.85,141.05,142.0,139.7,3112289,452117656.7,23-JAN-2024,28914,INE932A01024,
PENINLAND,EQ,59.35,60.05,55.75,55.75,55.75,58.65,1128724,64345998.55,23-JAN-2024,3841,INE138A01028,
PERSISTENT,EQ,8239.0,8713.7,8120.05,8254.4,8280.05,7921.55,1413439,11853775952.85,23-JAN-2024,157507,INE262H01013,
PETRONET,EQ,260.0,266.3,253.75,259.9,259.8,246.8,31980576,8299327120.5,23-JAN-2024,185801,INE347G01014,
PFC,EQ,430.0,430.3,382.5,395.55,398.25,418.9,28172910,11482226271.85,23-JAN-2024,232009,INE134E01011,
PFIZER,EQ,4227.45,4255.9,4145.1,4188.7,4193.0,4227.45,12155,50921050.1,23-JAN-2024,3394,INE182A01018,
PFOCUS,EQ,114.1,120.0,106.25,106.95,108.0,114.5,291153,32348342.0,23-JAN-2024,5037,INE367G01038,
PFS,EQ,55.0,55.7,46.8,48.75,49.15,52.75,12140456,622639331.45,23-JAN-2024,27012,INE560K01014,
PGEL,EQ,2070.55,2114.75,2042.7,2065.3,2057.0,2089.05,27667,57576322.95,23-JAN-2024,6199,INE457L01011,
PGHH,EQ,17350.0,17361.1,17003.1,17048.15,17003.1,17274.7,2706,46232315.7,23-JAN-2024,1528,INE179A01014,
PGHL,EQ,5229.7,5265.0,5225.0,5233.4,5227.0,5223.3,12913,67727527.6,23-JAN-2024,3116,INE199A01012,
PGIL,EQ,609.95,626.0,574.9,578.2,575.0,605.15,16561,9776862.25,23-JAN-2024,964,INE940H01022,
PHARMABEES,EQ,17.98,17.98,17.5,17.77,17.8,17.51,5616174,100054571.17,23-JAN-2024,10664,INF204KC1089,
PHOENIXLTD,EQ,2520.3,2546.65,2341.0,2396.25,2362.0,2493.3,731083,1800622121.8,23-JAN-2024,57642,INE211B01039,
PIDILITIND,EQ,2674.9,2690.95,2488.1,2522.6,2534.05,2677.5,1269276,3272094112.35,23-JAN-2024,81265,INE318A01026,
PIGL,EQ,72.8,74.05,67.05,67.15,67.05,70.55,102466,7254136.9,23-JAN-2024,899,INE557Z01018,
PIIND,EQ,3382.4,3395.7,3251.8,3278.9,3280.0,3382.4,469762,1550006624.9,23-JAN-2024,37125,INE603J01030,
PILANIINVS,EQ,3050.0,3080.55,2900.0,2908.0,2900.0,2997.05,5238,15547817.5,23-JAN-2024,1415,INE417C01014,
PILITA,EQ,14.5,14.8,13.9,14.05,14.05,13.95,2304641,33244930.25,23-JAN-2024,3171,INE600A01035,
PIONEEREMB,EQ,63.85,63.85,56.25,56.75,56.3,62.5,97411,5721211.15,23-JAN-2024,749,INE156C01018,
PITTIENG,EQ,679.85,684.3,641.0,643.6,647.7,674.85,114618,75264996.5,23-JAN-2024,11898,INE450D01021,
PIXTRANS,EQ,1299.0,1299.0,1244.1,1251.55,1249.55,1275.85,18235,22869557.0,23-JAN-2024,1665,INE751B01018,
PKTEA,BE,330.0,330.0,313.0,313.75,318.6,321.15,625,202582.35,23-JAN-2024,26,INE431F01018,
PLASTIBLEN,EQ,295.75,319.8,293.3,314.5,316.0,295.75,401776,125530800.3,23-JAN-2024,19240,INE083C01022,
PLAZACABLE,BE,107.2,107.2,101.8,102.25,103.35,106.7,335249,34613898.9,23-JAN-2024,4656,INE0INJ01017,
PNB,EQ,106.65,106.7,98.15,98.75,98.6,105.0,83723415,8509727683.0,23-JAN-2024,247537,INE160A01022,
PNBGILTS,EQ,114.7,114.9,108.8,110.55,111.0,113.55,1424411,158548892.65,23-JAN-2024,11477,INE859A01011,
PNBHOUSING,EQ,894.05,906.45,851.0,863.6,862.65,872.25,838140,733447411.8,23-JAN-2024,47594,INE572E01012,
PNC,EQ,52.45,53.5,49.5,50.45,49.5,53.0,42505,2190528.0,23-JAN-2024,811,INE392B01011,
PNCINFRA,EQ,403.9,406.0,381.15,385.7,386.7,402.35,515421,202895642.55,23-JAN-2024,23792,INE195J01029,
POCL,EQ,805.0,805.0,731.1,750.4,751.95,790.55,42109,32310568.25,23-JAN-2024,2499,INE063E01046,
PODDARMENT,EQ,386.0,386.0,360.4,364.3,362.05,378.25,7598,2795077.55,23-JAN-2024,322,INE371C01013,
POKARNA,EQ,478.95,478.95,452.3,456.75,458.6,473.25,43260,20037066.4,23-JAN-2024,5072,INE637C01025,
POLICYBZR,EQ,869.7,933.5,845.0,860.2,853.0,868.0,1963968,1771163552.35,23-JAN-2024,79715,INE417T01026,
POLYCAB,EQ,4350.0,4399.0,4050.0,4169.95,4155.7,4335.35,1286472,5508355753.2,23-JAN-2024,98916,INE455K01017,
POLYMED,EQ,1448.65,1457.55,1403.0,1421.4,1420.0,1445.7,30337,43316022.0,23-JAN-2024,6699,INE205C01021,
POLYPLEX,EQ,1040.55,1048.3,1014.0,1022.3,1028.0,1043.05,104996,107758084.5,23-JAN-2024,12713,INE633B01018,
PONNIERODE,EQ,427.4,434.95,412.0,415.05,415.0,426.0,81280,34689922.05,23-JAN-2024,4178,INE838E01017,
POONAWALLA,EQ,493.5,496.8,476.2,482.75,483.0,490.35,3389030,1649857326.15,23-JAN-2024,53193,INE511C01022,
POWERGRID,EQ,241.0,246.8,236.25,237.95,236.75,237.2,27492163,6668861781.65,23-JAN-2024,193031,INE752E01010,
POWERINDIA,EQ,6094.15,6138.35,5780.0,5802.55,5866.0,6050.75,32347,189401309.05,23-JAN-2024,9721,INE07Y701011,
POWERMECH,EQ,4815.0,5040.0,4750.0,4779.9,4776.0,4795.8,119052,586051585.7,23-JAN-2024,20648,INE211R01019,
PPAP,EQ,241.95,244.65,223.35,228.8,228.0,239.95,54084,12591170.25,23-JAN-2024,2555,INE095I01015,
PPL,EQ,465.95,483.4,440.0,448.05,458.7,464.8,166196,76979539.95,23-JAN-2024,8291,INE050001010,
PPLPHARMA,EQ,144.5,148.7,142.0,143.2,143.15,143.6,9384401,1362092078.25,23-JAN-2024,49890,INE0DK501011,
PRAENG,BE,22.35,22.35,22.35,22.35,22.35,22.8,83734,1871454.9,23-JAN-2024,30,INE505C01016,
PRAJIND,EQ,520.0,522.95,504.3,511.05,511.05,516.4,935210,478406818.0,23-JAN-2024,45255,INE074A01025,
PRAKASH,EQ,195.95,196.45,182.0,182.8,182.95,187.5,969708,185172186.65,23-JAN-2024,6757,INE603A01013,
PRAKASHSTL,BE,12.75,12.75,12.75,12.75,12.75,13.0,88701,1130937.75,23-JAN-2024,559,INE696K01024,
PRAXIS,EQ,38.0,38.0,35.4,35.4,35.4,37.25,269844,9744955.6,23-JAN-2024,804,INE546Y01022,
PRECAM,EQ,244.8,246.05,237.0,237.6,238.0,243.75,114384,27476182.55,23-JAN-2024,7627,INE484I01029,
PRECOT,EQ,310.5,319.6,291.35,305.2,305.0,318.45,9764,3028093.9,23-JAN-2024,362,INE283A01014,
PRECWIRE,EQ,134.7,137.0,125.0,128.5,128.0,131.3,1389847,184160288.6,23-JAN-2024,17355,INE372C01037,
PREMEXPLN,EQ,1590.4,1590.4,1526.05,1536.8,1528.0,1571.55,25284,39105115.7,23-JAN-2024,2932,INE863B01011,
PREMIER,BE,3.9,3.9,3.9,3.9,3.9,4.1,2150,8385.0,23-JAN-2024,5,INE342A01018,
PREMIERPOL,BE,152.0,154.8,152.0,152.95,152.95,152.0,2107,324234.7,23-JAN-2024,33,INE309M01012,
PRESTIGE,EQ,1295.6,1299.9,1077.45,1136.45,1150.0,1286.7,1523802,1797214886.0,23-JAN-2024,105219,INE811K01011,
PRICOLLTD,EQ,372.95,377.65,367.0,370.45,371.9,372.95,315994,117264482.1,23-JAN-2024,15919,INE726V01018,
PRIMESECU,EQ,192.0,192.0,175.5,176.75,178.4,188.55,46527,8370583.75,23-JAN-2024,3136,INE032B01021,
PRINCEPIPE,EQ,698.0,703.0,675.0,677.3,678.0,697.1,130998,89626175.2,23-JAN-2024,14778,INE689W01016,
PRITI,BE,229.85,229.85,217.75,221.3,227.0,229.2,40050,8876635.1,23-JAN-2024,1366,INE974Z01015,
PRITIKAUTO,EQ,43.55,43.55,42.0,43.55,43.55,41.5,4277369,185462235.15,23-JAN-2024,13499,INE583R01029,
PRIVISCL,EQ,1169.5,1255.0,1149.1,1175.2,1180.0,1155.2,164065,196437708.35,23-JAN-2024,18561,INE959A01019,
PROZONER,EQ,38.65,38.85,35.6,35.8,36.2,38.35,1689506,62585684.5,23-JAN-2024,6014,INE195N01013,
PRSMJOHNSN,EQ,179.3,180.05,166.0,167.25,167.0,178.8,523561,90130298.35,23-JAN-2024,20725,INE010A01011,
PRUDENT,EQ,1233.0,1236.5,1200.0,1216.85,1210.0,1217.2,22990,27968027.1,23-JAN-2024,4582,INE00F201020,
PRUDMOULI,BE,36.45,38.25,36.1,36.5,36.5,36.45,24779,927943.95,23-JAN-2024,63,INE024D01016,
PSB,EQ,48.95,50.6,44.4,44.75,44.9,47.8,12409690,592252446.45,23-JAN-2024,24350,INE608A01012,
PSPPROJECT,EQ,764.0,789.3,745.2,755.8,749.8,761.25,362647,280726347.75,23-JAN-2024,26911,INE488V01015,
PSUBNKBEES,EQ,67.74,68.0,63.93,64.48,64.75,67.09,5976244,391289547.49,23-JAN-2024,39860,INF204KB16I7,
PSUBNKIETF,EQ,60.97,61.99,57.78,58.31,58.6,60.96,978253,57780302.57,23-JAN-2024,3648,INF109KC10S8,
PTC,EQ,217.9,219.45,205.15,207.75,207.65,215.6,4862909,1027103428.8,23-JAN-2024,58764,INE877F01012,
PTCIL,EQ,7011.5,7109.95,6835.25,6916.6,6950.0,7092.9,5155,35816586.5,23-JAN-2024,1826,INE596F01018,
PTL,EQ,49.65,51.75,46.0,46.45,46.85,49.35,1298866,64079672.65,23-JAN-2024,9181,INE034D01049,
PUNJABCHEM,EQ,1182.0,1194.1,1150.0,1155.25,1180.0,1182.15,8258,9704596.8,23-JAN-2024,1272,INE277B01014,
PURVA,EQ,236.7,240.95,214.45,220.65,227.0,234.8,917286,209253671.4,23-JAN-2024,33141,INE323I01011,
PVP,BE,17.3,17.3,17.3,17.3,17.3,16.5,131016,2266576.8,23-JAN-2024,176,INE362A01016,
PVRINOX,EQ,1530.0,1533.0,1468.65,1472.85,1473.1,1522.35,557895,832441321.3,23-JAN-2024,31222,INE191H01014,
PVTBANIETF,EQ,243.85,243.85,230.85,231.27,232.9,236.77,121830,28457887.23,23-JAN-2024,3433,INF109KC1E35,
PYRAMID,EQ,184.5,185.65,178.95,179.3,179.25,183.85,121990,22076286.05,23-JAN-2024,8732,INE0MIS01010,
QGOLDHALF,EQ,52.89,52.89,52.49,52.69,52.71,52.63,37368,1967850.42,23-JAN-2024,340,INF082J01408,
QNIFTY,EQ,2320.01,2320.01,2262.0,2266.28,2276.0,2307.89,2497,5694980.81,23-JAN-2024,141,INF082J01028,
QUAL30IETF,EQ,190.57,190.57,182.24,182.39,182.57,186.83,34356,6342252.01,23-JAN-2024,64,INF109KC15T5,
QUESS,EQ,493.0,507.9,490.9,494.25,492.0,494.85,337693,168569916.2,23-JAN-2024,21090,INE615P01015,
QUICKHEAL,EQ,484.0,484.0,451.0,457.4,453.15,480.4,436537,202874735.9,23-JAN-2024,53818,INE306L01010,
QUINTEGRA,BE,1.8,1.8,1.7,1.8,1.8,1.75,41722,74775.25,23-JAN-2024,97,INE033B01011,
RACE,EQ,369.0,370.1,357.15,359.85,359.95,368.45,8191,2964566.3,23-JAN-2024,821,INE084Q01012,
RADAAN,BE,1.7,1.75,1.65,1.65,1.65,1.7,23546,39080.6,23-JAN-2024,32,INE874F01027,
RADHIKAJWE,EQ,48.3,49.65,46.85,47.4,47.0,47.65,992368,47313267.6,23-JAN-2024,4813,INE583V01021,
RADIANTCMS,EQ,91.0,91.8,88.2,88.6,89.0,90.35,337789,30412485.1,23-JAN-2024,3685,INE855R01021,
RADICO,EQ,1620.0,1627.15,1576.1,1612.7,1603.1,1604.95,118657,190422640.2,23-JAN-2024,19365,INE944F01028,
RADIOCITY,EQ,20.55,20.85,17.7,18.45,18.45,20.4,2660560,51639634.6,23-JAN-2024,5847,INE919I01024,
RAILTEL,EQ,446.0,449.3,382.95,387.25,388.0,444.0,27738038,11112819264.95,23-JAN-2024,396358,INE0DD101019,
RAIN,EQ,169.9,173.4,160.0,163.4,162.75,164.2,18843160,3149860248.0,23-JAN-2024,121597,INE855B01025,
RAINBOW,EQ,1261.0,1262.5,1208.2,1235.4,1250.0,1258.6,122857,150329723.75,23-JAN-2024,22167,INE961O01016,
RAJESHEXPO,EQ,364.15,368.5,353.15,355.8,356.0,366.05,572390,205406708.2,23-JAN-2024,20797,INE343B01030,
RAJMET,BE,15.85,16.35,15.05,15.05,15.05,15.85,2318360,35218105.95,23-JAN-2024,10151,INE00KV01022,
RAJRATAN,EQ,725.1,739.55,707.55,709.0,709.0,731.55,159651,114074633.05,23-JAN-2024,16106,INE451D01029,
RAJRILTD,BE,16.8,16.8,16.8,16.8,16.8,16.5,10180,171024.0,23-JAN-2024,46,INE533D01032,
RAJSREESUG,EQ,67.7,73.95,66.0,67.2,67.0,67.7,503035,34848848.65,23-JAN-2024,2059,INE562B01019,
RAJTV,EQ,70.8,75.25,65.6,72.45,72.5,69.6,148365,10468213.7,23-JAN-2024,1272,INE952H01027,
RALLIS,EQ,263.4,267.0,250.05,253.25,254.55,261.85,862202,224328337.7,23-JAN-2024,23836,INE613A01020,
RAMANEWS,EQ,19.5,19.75,17.9,18.25,18.2,19.5,307197,5726044.3,23-JAN-2024,1440,INE278B01020,
RAMAPHO,EQ,230.0,234.0,220.6,222.4,223.4,228.9,15963,3580835.25,23-JAN-2024,896,INE809A01024,
RAMASTEEL,EQ,50.45,50.5,44.4,45.6,45.25,47.65,38130742,1818036853.2,23-JAN-2024,65842,INE230R01035,
RAMCOCEM,EQ,956.85,966.9,937.6,940.65,942.25,956.85,334434,317945487.5,23-JAN-2024,13459,INE331A01037,
RAMCOIND,EQ,245.0,245.05,227.05,230.15,234.45,244.35,274130,64808248.6,23-JAN-2024,13633,INE614A01028,
RAMCOSYS,EQ,319.05,323.3,303.0,304.9,306.5,318.1,130874,40850028.15,23-JAN-2024,22856,INE246B01019,
RAMKY,EQ,814.0,843.95,801.05,806.1,813.6,804.65,482753,399538235.3,23-JAN-2024,24884,INE874I01013,
RAMRAT,EQ,317.9,317.9,308.05,308.9,308.6,314.9,40235,12497251.45,23-JAN-2024,2489,INE207E01023,
RANASUG,EQ,23.15,23.3,22.0,22.1,22.2,23.0,1677941,37598246.5,23-JAN-2024,5791,INE625B01014,
RANEENGINE,EQ,445.85,456.0,423.55,423.55,423.55,445.85,15766,6862745.25,23-JAN-2024,673,INE222J01013,
RANEHOLDIN,EQ,1292.0,1320.0,1250.0,1270.05,1259.5,1273.95,22179,28772878.25,23-JAN-2024,2980,INE384A01010,
RATEGAIN,EQ,761.6,775.7,732.25,746.95,744.95,755.85,399828,302082001.5,23-JAN-2024,29015,INE0CLI01024,
RATNAMANI,EQ,3305.9,3354.0,3290.2,3337.7,3312.5,3302.6,26813,89192796.3,23-JAN-2024,7363,INE703B01027,
RATNAVEER,EQ,127.4,129.1,119.4,120.05,120.35,125.65,1382746,171375526.05,23-JAN-2024,16082,INE05CZ01011,
RAYMOND,EQ,1790.0,1834.35,1746.05,1770.7,1784.95,1789.75,327914,588302813.5,23-JAN-2024,28281,INE301A01014,
RBA,EQ,133.0,133.3,122.2,123.25,122.7,131.35,4054999,511469027.25,23-JAN-2024,26790,INE07T201019,
RBL,EQ,868.5,884.55,830.2,838.25,839.2,868.5,24577,20940212.75,23-JAN-2024,5483,INE244J01017,
RBLBANK,EQ,272.0,272.0,249.0,253.35,251.0,268.7,11527198,3006863614.15,23-JAN-2024,63964,INE976G01028,
RBZJEWEL,EQ,205.85,206.15,180.7,180.75,180.7,200.75,1320284,246262259.25,23-JAN-2024,17185,INE0PEQ01016,
RCF,EQ,186.95,188.0,165.0,170.1,170.05,185.4,13036237,2314108331.45,23-JAN-2024,88134,INE027A01015,
RCOM,BE,1.8,1.8,1.8,1.8,1.8,1.9,2706967,4872540.6,23-JAN-2024,1705,INE330H01018,
RECLTD,EQ,482.0,482.0,416.2,434.75,441.65,460.15,39365502,17602719080.1,23-JAN-2024,339457,INE020B01018,
REDINGTON,EQ,181.0,182.75,173.65,174.95,175.2,180.1,1204879,213382852.15,23-JAN-2024,22847,INE891D01026,
REDTAPE,EQ,572.1,598.35,571.55,586.8,585.8,564.35,525993,309250018.15,23-JAN-2024,27903,INE0LXT01019,
REFEX,EQ,706.95,717.45,678.0,685.45,684.0,692.35,114510,79693725.55,23-JAN-2024,5598,INE056I01017,
REGENCERAM,BE,50.85,50.85,46.2,49.75,49.95,48.45,20725,1042361.4,23-JAN-2024,167,INE277C01012,
RELAXO,EQ,868.8,871.95,851.9,854.8,858.0,868.8,98557,84745221.6,23-JAN-2024,14010,INE131B01039,
RELCAPITAL,BE,13.8,15.15,13.75,13.75,13.75,14.45,932295,13225619.8,23-JAN-2024,1104,INE013A01015,
RELCHEMQ,BE,279.0,283.0,270.0,277.0,277.0,279.0,1005,279876.0,23-JAN-2024,52,INE750D01016,
RELIANCE,EQ,2743.5,2743.5,2645.1,2657.15,2656.75,2713.3,10027710,26823081585.3,23-JAN-2024,337484,INE002A01018,
RELIGARE,EQ,225.5,225.5,216.1,217.05,216.5,223.75,1211773,265590258.1,23-JAN-2024,15148,INE621H01010,
RELINFRA,EQ,222.65,223.85,206.85,208.35,208.95,222.35,2266229,485692877.55,23-JAN-2024,17399,INE036A01016,
REMSONSIND,BE,818.0,818.0,806.0,806.0,806.0,818.5,1152,932720.0,23-JAN-2024,22,INE474C01015,
RENUKA,EQ,44.85,45.15,43.8,44.05,43.9,44.8,5490626,243662571.65,23-JAN-2024,21603,INE087H01022,
REPCOHOME,EQ,414.7,414.7,393.15,400.6,399.3,404.7,214773,86259182.7,23-JAN-2024,13248,INE612J01015,
REPL,EQ,199.25,201.95,192.0,193.45,193.25,199.25,25362,4967150.3,23-JAN-2024,1300,INE364Z01019,
REPRO,EQ,845.25,867.35,820.0,821.7,821.05,858.5,7021,5847368.4,23-JAN-2024,892,INE461B01014,
RESPONIND,EQ,325.9,337.0,300.2,302.8,302.0,320.85,511423,162035632.65,23-JAN-2024,23129,INE688D01026,
RGL,EQ,118.0,118.85,110.1,111.65,110.2,117.45,209356,23768095.25,23-JAN-2024,4500,INE722H01024,
RHFL,BE,4.8,4.8,4.8,4.8,4.8,4.9,785097,3768465.6,23-JAN-2024,1472,INE217K01011,
RHIM,EQ,750.6,753.25,721.55,728.6,729.9,748.9,209908,154697763.8,23-JAN-2024,16992,INE743M01012,
RHL,EQ,162.3,162.3,147.05,150.5,151.05,161.1,20685,3173183.45,23-JAN-2024,640,INE508K01013,
RICOAUTO,EQ,95.9,97.2,88.8,90.25,90.35,94.95,1269325,118921071.85,23-JAN-2024,9857,INE209B01025,
RIIL,EQ,1424.0,1428.0,1329.8,1337.25,1338.3,1416.35,408327,558796142.95,23-JAN-2024,26265,INE046A01015,
RISHABH,EQ,577.55,589.85,563.65,573.75,584.45,573.65,217735,124888786.35,23-JAN-2024,11249,INE0N2P01017,
RITCO,EQ,266.05,273.0,257.6,260.75,261.0,270.45,74045,19565433.5,23-JAN-2024,3714,INE01EG01016,
RITES,EQ,640.0,642.3,556.0,564.25,565.0,629.0,7499528,4416754415.7,23-JAN-2024,183133,INE320J01015,
RKDL,BE,25.95,25.95,25.6,25.6,25.6,26.1,8652,222507.8,23-JAN-2024,37,INE722J01012,
RKEC,EQ,87.95,88.6,80.2,81.8,80.8,87.5,245603,20479518.55,23-JAN-2024,2457,INE786W01010,
RKFORGE,EQ,765.95,778.0,722.0,736.95,735.1,763.8,632550,471806314.45,23-JAN-2024,34394,INE399G01023,
RML,EQ,828.0,830.6,805.45,809.6,817.0,825.95,6134,5001748.6,23-JAN-2024,1180,INE050H01012,
ROHLTD,EQ,337.6,366.4,328.25,330.45,330.0,333.85,384964,134295936.85,23-JAN-2024,23135,INE283H01019,
ROLEXRINGS,EQ,2351.0,2412.95,2335.0,2362.0,2337.0,2338.2,31647,75495070.1,23-JAN-2024,9367,INE645S01016,
ROLLT,BE,1.5,1.5,1.5,1.5,1.5,1.55,102696,154044.0,23-JAN-2024,165,INE927A01040,
ROML,EQ,52.0,53.2,50.1,50.4,50.7,50.7,18858,966901.55,23-JAN-2024,336,INE294G01026,
ROSSARI,EQ,833.0,835.0,782.0,790.7,791.0,819.35,289971,233226273.55,23-JAN-2024,27385,INE02A801020,
ROSSELLIND,EQ,447.7,449.9,423.25,430.0,429.4,445.05,42238,18449277.4,23-JAN-2024,5687,INE847C01020,
ROTO,EQ,411.2,414.3,397.4,402.2,400.0,410.6,112396,45499039.15,23-JAN-2024,8938,INE535D01029,
ROUTE,EQ,1654.95,1654.95,1595.0,1623.65,1605.1,1642.35,120466,194507882.3,23-JAN-2024,15854,INE450U01017,
RPGLIFE,EQ,1559.05,1651.0,1531.2,1559.15,1560.0,1551.25,69469,110196439.3,23-JAN-2024,10841,INE105J01010,
RPOWER,EQ,30.4,30.6,28.3,28.55,28.7,30.15,61846576,1808982783.9,23-JAN-2024,106456,INE614G01033,
RPPINFRA,BE,150.15,150.15,149.35,149.35,149.35,147.25,122883,18440726.45,23-JAN-2024,326,INE324L01013,
RPPL,EQ,265.0,265.25,251.95,255.95,256.05,255.15,161147,41399233.4,23-JAN-2024,3210,INE760W01015,
RPSGVENT,EQ,812.0,812.0,736.7,752.35,750.0,801.35,164688,127232112.45,23-JAN-2024,16096,INE425Y01011,
RRKABEL,EQ,1469.8,1469.8,1411.05,1428.3,1432.35,1454.8,167050,238342818.1,23-JAN-2024,15944,INE777K01022,
RSSOFTWARE,EQ,65.85,65.85,61.25,61.55,62.5,63.9,42645,2683390.65,23-JAN-2024,573,INE165B01029,
RSWM,EQ,230.0,230.0,201.4,202.9,204.0,217.3,330481,70021854.0,23-JAN-2024,12167,INE611A01016,
RSYSTEMS,EQ,570.0,570.0,507.25,512.3,520.0,543.85,438734,226778070.5,23-JAN-2024,19996,INE411H01032,
RTNINDIA,EQ,82.45,82.85,78.5,79.4,78.9,81.75,5616015,453015059.65,23-JAN-2024,26234,INE834M01019,
RTNPOWER,EQ,10.35,10.45,9.95,9.95,9.95,10.45,53632915,540934075.0,23-JAN-2024,57019,INE399K01017,
RUBYMILLS,EQ,239.0,243.0,226.8,228.6,228.0,238.3,42460,9937076.15,23-JAN-2024,2521,INE301D01026,
RUCHINFRA,BE,12.85,12.85,12.15,12.15,12.15,12.75,341057,4198645.45,23-JAN-2024,697,INE413B01023,
RUCHIRA,EQ,146.7,150.5,138.0,139.45,138.0,145.65,275926,39945285.3,23-JAN-2024,6425,INE803H01014,
RUPA,EQ,272.8,274.95,264.0,265.35,265.8,271.8,142922,38462935.6,23-JAN-2024,6763,INE895B01021,
RUSHIL,EQ,374.0,377.4,356.25,364.15,362.4,368.3,190454,69299571.4,23-JAN-2024,10360,INE573K01017,
RUSTOMJEE,EQ,712.0,730.0,676.0,683.2,683.0,701.2,43898,30683816.6,23-JAN-2024,2958,INE263M01029,
RVHL,BE,63.2,63.2,57.2,57.2,57.2,60.2,52983,3203402.05,23-JAN-2024,231,INE09E501017,
RVNL,EQ,332.0,345.5,288.35,288.75,288.5,320.35,80917623,24615402304.35,23-JAN-2024,731103,INE415G01027,
S&SPOWER,BE,174.3,174.4,174.3,174.4,174.4,171.0,3596,627012.1,23-JAN-2024,21,INE902B01017,
SABEVENTS,BE,6.95,6.95,6.95,6.95,6.95,6.65,13432,93352.4,23-JAN-2024,17,INE860T01019,
SABTN,BE,3.75,3.75,3.75,3.75,3.75,3.7,8902,33382.5,23-JAN-2024,29,INE416A01036,
SADBHAV,BE,22.9,22.9,20.75,21.15,21.3,21.85,1047355,22985039.65,23-JAN-2024,935,INE226H01026,
SADBHIN,BE,5.9,5.9,5.75,5.75,5.75,5.85,78806,458440.35,23-JAN-2024,142,INE764L01010,
SADHNANIQ,EQ,90.45,90.5,86.15,86.5,87.0,89.65,405728,35513064.5,23-JAN-2024,4868,INE888C01040,
SAFARI,EQ,1931.0,1932.0,1895.35,1909.75,1918.0,1929.25,61542,117400948.75,23-JAN-2024,7650,INE429E01023,
SAGARDEEP,BE,29.5,31.0,29.5,30.2,30.6,31.0,31855,965104.05,23-JAN-2024,138,INE976T01013,
SAGCEM,EQ,275.0,280.75,267.4,271.35,270.05,273.65,236917,64999706.5,23-JAN-2024,18160,INE229C01021,
SAH,EQ,124.75,125.95,104.85,106.2,106.8,118.8,87101,10032373.65,23-JAN-2024,1042,INE035801013,
SAHYADRI,EQ,401.4,401.4,388.0,390.8,390.0,399.45,6342,2503221.25,23-JAN-2024,442,INE280H01015,
SAIL,EQ,114.9,114.9,108.0,108.8,108.75,114.9,29014770,3235598066.2,23-JAN-2024,111490,INE114A01011,
SAKAR,EQ,430.05,436.95,415.0,417.05,419.35,435.25,30294,12827005.2,23-JAN-2024,2560,INE732S01012,
SAKHTISUG,EQ,28.25,28.25,27.0,27.2,27.25,27.85,386071,10568258.4,23-JAN-2024,2329,INE623A01011,
SAKSOFT,BE,324.0,327.95,313.0,315.1,314.0,324.85,69047,21996581.5,23-JAN-2024,2472,INE667G01023,
SAKUMA,EQ,23.5,24.0,21.35,21.5,21.4,23.25,3641028,82991563.1,23-JAN-2024,8278,INE190H01024,
SALASAR,EQ,107.0,112.4,100.0,107.8,109.9,94.7,16471829,1776103967.15,23-JAN-2024,112017,INE170V01027,
SALONA,EQ,288.3,291.7,277.65,280.55,290.0,288.05,1467,419375.25,23-JAN-2024,211,INE498E01010,
SALSTEEL,BE,25.3,25.4,23.8,24.35,24.75,24.7,208095,5082784.85,23-JAN-2024,1465,INE658G01014,
SALZERELEC,EQ,444.55,448.95,420.5,423.15,423.0,442.15,111946,48216203.45,23-JAN-2024,10971,INE457F01013,
SAMBHAAV,BE,4.65,4.7,4.4,4.45,4.45,4.6,159677,717791.95,23-JAN-2024,190,INE699B01027,
SAMHI,EQ,186.75,187.25,173.55,175.85,175.95,184.45,726785,130074578.3,23-JAN-2024,21647,INE08U801020,
SAMPANN,BE,24.85,25.9,24.85,25.9,25.9,24.7,91884,2373533.45,23-JAN-2024,195,INE735M01018,
SANDESH,EQ,1290.0,1306.6,1180.1,1202.7,1229.0,1288.2,6665,8209639.7,23-JAN-2024,1165,INE583B01015,
SANDHAR,EQ,482.95,482.95,461.1,463.15,463.7,474.8,74880,35087303.9,23-JAN-2024,6446,INE278H01035,
SANDUMA,EQ,3258.0,3258.0,3010.05,3083.9,3099.95,2963.9,186623,585419011.3,23-JAN-2024,17294,INE149K01016,
SANGAMIND,EQ,460.0,488.75,450.0,452.15,453.0,451.55,290793,135909433.8,23-JAN-2024,15649,INE495C01010,
SANGHIIND,EQ,120.55,121.0,120.2,120.3,120.3,120.35,2259496,271854100.25,23-JAN-2024,3872,INE999B01013,
SANGHVIMOV,EQ,788.05,798.7,750.0,757.8,770.0,784.6,88465,68434550.0,23-JAN-2024,11388,INE989A01024,
SANGINITA,BE,30.8,31.6,29.3,29.4,30.3,30.8,96748,2938632.75,23-JAN-2024,457,INE753W01010,
SANOFI,EQ,8333.0,8375.85,8142.1,8325.35,8325.0,8383.4,22809,188657787.5,23-JAN-2024,5591,INE058A01010,
SANSERA,EQ,1036.85,1036.85,1003.1,1014.7,1010.0,1036.1,84026,85530555.35,23-JAN-2024,13525,INE953O01021,
SAPPHIRE,EQ,1471.95,1509.95,1410.8,1426.55,1415.0,1471.9,92507,136187182.55,23-JAN-2024,13685,INE806T01012,
SARDAEN,EQ,252.25,255.0,235.55,238.65,237.0,252.05,495920,120592985.25,23-JAN-2024,16795,INE385C01021,
SAREGAMA,EQ,352.65,353.9,333.15,335.85,336.8,352.85,363713,124487367.15,23-JAN-2024,23366,INE979A01025,
SARLAPOLY,EQ,64.5,66.45,59.5,60.7,60.9,63.55,1215148,77819635.0,23-JAN-2024,6819,INE453D01025,
SARVESHWAR,EQ,6.8,7.15,6.6,7.0,7.0,6.65,18985865,132520078.85,23-JAN-2024,9627,INE324X01026,
SASKEN,EQ,1537.0,1543.7,1443.0,1459.1,1456.55,1530.6,32276,47607700.0,23-JAN-2024,7598,INE231F01020,
SASTASUNDR,EQ,426.9,429.45,413.35,416.35,415.0,426.9,17837,7527737.1,23-JAN-2024,2222,INE019J01013,
SATIA,EQ,140.3,140.3,133.5,134.55,134.5,139.4,578460,78827225.55,23-JAN-2024,8853,INE170E01023,
SATIN,EQ,266.7,266.7,252.5,255.3,255.4,264.1,618094,159405946.05,23-JAN-2024,18327,INE836B01017,
SATINDLTD,EQ,125.45,126.9,119.4,121.45,122.5,124.6,896452,109758451.5,23-JAN-2024,10511,INE065D01027,
SBC,EQ,33.0,33.5,29.35,29.35,29.35,32.6,3677303,109927634.95,23-JAN-2024,15188,INE04AK01028,
SBCL,EQ,572.6,583.8,548.0,557.3,558.0,567.75,131424,74009789.8,23-JAN-2024,13978,INE386D01027,
SBFC,EQ,86.95,87.7,84.75,85.05,85.0,86.1,1563709,135150263.45,23-JAN-2024,15840,INE423Y01016,
SBGLP,EQ,689.8,689.8,657.7,661.05,665.0,678.25,26369,17771257.35,23-JAN-2024,2483,INE05ST01010,
SBICARD,EQ,746.0,749.7,723.5,729.9,730.75,744.75,2495585,1832222949.9,23-JAN-2024,140556,INE018E01016,
SBIETFCON,EQ,97.17,98.68,95.75,96.21,96.4,97.17,8624,832601.31,23-JAN-2024,179,INF200KA1X17,
SBIETFIT,EQ,389.01,394.17,385.0,385.77,386.64,388.47,9505,3704480.92,23-JAN-2024,266,INF200KA1S14,
SBIETFPB,EQ,241.52,244.33,232.0,234.0,232.0,239.53,18194,4301629.29,23-JAN-2024,272,INF200KA1S22,
SBIETFQLTY,EQ,197.08,203.0,191.87,193.09,193.5,197.08,3544,689525.65,23-JAN-2024,172,INF200KA1WX6,
SBILIFE,EQ,1444.0,1448.65,1367.35,1375.5,1375.0,1442.2,2880301,4009705996.7,23-JAN-2024,169402,INE123W01016,
SBIN,EQ,627.0,634.9,600.65,605.1,606.0,631.4,30954343,19002405937.25,23-JAN-2024,409569,INE062A01020,
SCHAEFFLER,EQ,3299.55,3299.6,3085.05,3112.05,3126.0,3270.95,58093,183615455.65,23-JAN-2024,18098,INE513A01022,
SCHAND,EQ,284.6,286.5,267.45,270.6,272.9,283.6,104094,28546089.35,23-JAN-2024,11805,INE807K01035,
SCHNEIDER,EQ,439.9,457.0,410.9,424.6,423.95,430.5,1091071,481111121.4,23-JAN-2024,40268,INE839M01018,
SCI,EQ,187.6,202.35,181.6,185.6,189.25,183.6,30842873,5962417811.2,23-JAN-2024,190785,INE109A01011,
SCPL,EQ,344.8,344.8,329.0,330.75,332.0,338.3,13881,4627524.95,23-JAN-2024,1839,INE501Y01019,
SDBL,EQ,302.25,302.7,283.05,285.7,285.0,298.55,443909,128951467.1,23-JAN-2024,18145,INE480C01020,
SDL24BEES,EQ,118.55,118.67,118.45,118.58,118.67,118.55,3008,356802.52,23-JAN-2024,31,INF204KB18W4,
SDL26BEES,EQ,118.01,118.15,117.95,117.95,117.95,118.03,120372,14199297.45,23-JAN-2024,28,INF204KC1022,
SEAMECLTD,EQ,1183.55,1205.85,1147.0,1163.95,1151.0,1176.5,60250,70879261.15,23-JAN-2024,6300,INE497B01018,
SECMARK,BE,105.55,107.95,102.55,103.5,103.5,103.45,966,100143.95,23-JAN-2024,24,INE0BTM01013,
SECURCRED,EQ,22.0,22.9,20.7,21.0,21.15,22.15,719891,15435721.75,23-JAN-2024,1182,INE195Y01010,
SECURKLOUD,EQ,63.6,64.1,60.45,60.45,60.45,63.6,59257,3623378.3,23-JAN-2024,597,INE650K01021,
SEJALLTD,BE,290.0,317.4,288.5,298.35,295.9,303.65,49206,14383887.2,23-JAN-2024,201,INE955I01044,
SELAN,EQ,535.25,535.25,500.0,503.75,508.7,535.2,88640,46008484.75,23-JAN-2024,7517,INE818A01017,
SELMC,BE,92.45,92.45,90.6,90.6,90.6,92.45,10541,956353.4,23-JAN-2024,287,INE105I01020,
SEMAC,EQ,2529.3,2580.2,2394.45,2541.75,2540.0,2554.6,714,1786986.2,23-JAN-2024,190,INE617A01013,
SENCO,EQ,777.0,792.0,760.25,769.45,770.5,771.5,259234,201751000.8,23-JAN-2024,19555,INE602W01019,
SENSEXETF,EQ,72.39,72.39,70.41,70.67,70.88,71.9,11892,846419.9,23-JAN-2024,300,INF769K01KT9,
SENSEXIETF,EQ,799.51,804.97,785.63,787.35,797.0,798.47,13620,10797249.63,23-JAN-2024,340,INF346A01034,
SEPC,EQ,22.8,23.1,21.2,21.5,21.65,22.3,9226696,204763342.95,23-JAN-2024,10422,INE964H01014,
SEQUENT,EQ,137.4,141.3,132.4,135.95,136.5,138.4,2558035,351945243.45,23-JAN-2024,28818,INE807F01027,
SERVOTECH,BE,83.25,83.25,79.5,80.1,80.5,79.3,527782,43171710.85,23-JAN-2024,4078,INE782X01033,
SESHAPAPER,EQ,350.95,352.2,326.25,329.85,329.5,353.15,239212,80425133.25,23-JAN-2024,13960,INE630A01024,
SETCO,BE,9.65,9.65,9.2,9.5,9.5,9.2,426611,4107046.65,23-JAN-2024,538,INE878E01021,
SETF10GILT,EQ,223.01,223.53,223.0,223.51,223.51,223.46,2438,543763.08,23-JAN-2024,64,INF200KA1JT1,
SETFGOLD,EQ,54.7,54.7,54.1,54.56,54.59,54.48,430952,23484090.06,23-JAN-2024,2030,INF200KA16D8,
SETFNIF50,EQ,227.9,228.0,221.43,221.65,223.8,225.71,1929631,429587945.35,23-JAN-2024,6875,INF200KA1FS1,
SETFNIFBK,EQ,467.11,472.29,454.0,455.19,462.0,465.72,213011,97382880.67,23-JAN-2024,3234,INF200KA1580,
SETFNN50,EQ,577.06,579.99,557.66,562.0,561.0,575.06,31280,17695792.2,23-JAN-2024,1146,INF200KA1598,
SEYAIND,BE,28.3,29.65,28.25,29.2,29.65,28.25,61016,1784034.15,23-JAN-2024,235,INE573R01012,
SFL,EQ,1157.05,1178.0,1112.65,1119.15,1118.0,1165.2,36085,41222862.75,23-JAN-2024,5194,INE916U01025,
SGIL,EQ,392.95,392.95,365.0,367.35,369.8,372.5,46338,17461179.55,23-JAN-2024,3583,INE00QT01015,
SGL,EQ,16.6,17.1,16.5,16.55,16.6,17.1,33646,562342.1,23-JAN-2024,325,INE353H01010,
SHAH,BE,4.35,4.35,4.35,4.35,4.35,4.4,143629,624786.15,23-JAN-2024,222,INE482J01021,
SHAHALLOYS,EQ,85.9,85.9,78.7,78.7,78.7,82.8,35942,2882155.05,23-JAN-2024,393,INE640C01011,
SHAILY,EQ,323.0,325.3,318.05,319.85,318.05,318.9,89484,28603509.0,23-JAN-2024,2568,INE151G01028,
SHAKTIPUMP,EQ,1115.0,1150.05,1056.0,1066.65,1079.0,1120.2,120152,131382015.3,23-JAN-2024,13653,INE908D01010,
SHALBY,EQ,318.4,319.7,298.65,300.45,304.1,316.0,213983,65582254.55,23-JAN-2024,12064,INE597J01018,
SHALPAINTS,EQ,218.0,221.6,199.3,201.5,203.95,216.3,858897,178871190.7,23-JAN-2024,18419,INE849C01026,
SHANKARA,EQ,751.0,775.2,741.55,749.45,752.0,744.4,254723,193655828.2,23-JAN-2024,23331,INE274V01019,
SHANTI,EQ,20.45,20.5,19.1,19.6,19.7,19.75,97830,1964215.6,23-JAN-2024,595,INE933X01016,
SHANTIGEAR,EQ,570.5,573.7,546.6,561.9,558.0,570.45,33753,19033643.15,23-JAN-2024,4782,INE631A01022,
SHARDACROP,EQ,435.05,443.3,420.5,425.55,424.8,434.15,69968,30085851.85,23-JAN-2024,7223,INE221J01015,
SHARDAMOTR,EQ,1375.0,1382.8,1298.8,1315.75,1323.0,1378.05,40916,54655509.65,23-JAN-2024,8117,INE597I01028,
SHAREINDIA,EQ,1889.8,1915.2,1811.85,1835.75,1838.35,1875.85,149328,280307928.2,23-JAN-2024,17241,INE932X01018,
SHARIABEES,EQ,504.97,504.97,490.0,490.86,491.82,497.57,1290,639014.6,23-JAN-2024,144,INF732E01128,
SHEMAROO,EQ,192.3,193.7,176.4,178.45,180.2,190.35,351591,64903146.3,23-JAN-2024,16840,INE363M01019,
SHILPAMED,EQ,331.5,333.5,320.6,322.85,324.95,331.5,163554,53315511.45,23-JAN-2024,9010,INE790G01031,
SHIVALIK,EQ,701.0,705.4,645.05,664.35,668.9,700.6,28385,19017774.8,23-JAN-2024,3582,INE788J01021,
SHIVAMAUTO,BE,38.0,38.65,36.8,36.8,36.8,38.7,177454,6568421.85,23-JAN-2024,513,INE637H01024,
SHIVAMILLS,EQ,95.95,97.9,94.55,95.2,96.0,95.25,6266,599427.15,23-JAN-2024,233,INE644Y01017,
SHIVATEX,EQ,145.95,149.0,138.0,138.5,138.0,143.0,32070,4571961.25,23-JAN-2024,768,INE705C01020,
SHK,EQ,175.7,175.8,163.35,165.65,165.5,175.05,607669,103005263.8,23-JAN-2024,15514,INE500L01026,
SHOPERSTOP,EQ,716.0,716.0,696.05,708.05,710.5,711.5,79009,55907905.45,23-JAN-2024,9205,INE498B01024,
SHRADHA,BE,69.0,70.9,68.0,68.05,68.7,69.4,32053,2201772.65,23-JAN-2024,208,INE715Y01023,
SHREDIGCEM,EQ,118.7,119.9,115.0,115.9,116.4,117.65,3670201,429445980.45,23-JAN-2024,21554,INE232A01011,
SHREECEM,EQ,27600.0,28165.0,27414.8,27493.75,27454.05,27593.8,38128,1058415446.1,23-JAN-2024,15164,INE070A01015,
SHREEPUSHK,EQ,219.0,219.0,205.05,206.1,206.0,217.55,73625,15529307.1,23-JAN-2024,3775,INE712K01011,
SHREERAMA,BE,30.4,30.65,28.85,28.95,29.35,30.35,314122,9192872.95,23-JAN-2024,450,INE879A01019,
SHRENIK,BE,1.2,1.2,1.15,1.15,1.15,1.2,1118821,1294377.1,23-JAN-2024,610,INE632X01030,
SHREYANIND,BE,280.0,284.0,268.6,271.45,273.9,273.2,32323,8918918.95,23-JAN-2024,343,INE231C01019,
SHREYAS,EQ,283.0,284.4,275.0,277.3,275.9,280.65,53726,14996266.85,23-JAN-2024,2271,INE757B01015,
SHRIPISTON,EQ,1595.0,1615.75,1506.0,1534.9,1547.0,1572.75,150554,234264313.25,23-JAN-2024,5278,INE526E01018,
SHRIRAMFIN,EQ,2287.05,2313.95,2247.6,2279.5,2288.75,2299.0,2199854,5013542097.75,23-JAN-2024,145940,INE721A01013,
SHRIRAMPPS,EQ,129.85,130.45,119.5,120.95,121.95,128.95,3517485,436690756.95,23-JAN-2024,21577,INE217L01019,
SHYAMCENT,EQ,25.85,26.7,24.15,24.6,24.8,25.8,1113867,27681457.35,23-JAN-2024,5396,INE979R01011,
SHYAMMETL,EQ,700.0,708.8,660.1,671.8,664.0,696.75,1529512,1045056333.1,23-JAN-2024,22545,INE810G01011,
SHYAMTEL,EQ,10.0,10.0,9.55,9.55,9.55,10.05,989,9748.4,23-JAN-2024,8,INE635A01023,
SICALLOG,BE,278.0,283.9,275.1,283.9,283.9,280.7,5569,1549811.5,23-JAN-2024,70,INE075B01020,
SIEMENS,EQ,4090.0,4133.6,4020.0,4083.9,4095.0,4074.3,479654,1954080724.0,23-JAN-2024,43233,INE003A01024,
SIGACHI,EQ,82.95,83.7,75.8,77.3,77.6,81.45,4231572,333604995.6,23-JAN-2024,23996,INE0D0K01022,
SIGIND,BE,73.5,74.9,70.0,71.6,72.3,73.5,72809,5299421.95,23-JAN-2024,349,INE529F01035,
SIGMA,EQ,477.0,496.85,473.05,482.2,484.0,479.05,11779,5693727.85,23-JAN-2024,1359,INE0A0S01010,
SIGNATURE,EQ,1127.2,1133.0,1086.5,1110.4,1109.65,1127.2,179979,201260892.1,23-JAN-2024,6082,INE903U01023,
SIKKO,BE,91.8,91.8,84.95,85.15,85.0,89.35,30635,2645931.0,23-JAN-2024,676,INE112X01017,
SIL,BE,26.4,27.0,25.1,25.2,25.1,26.4,121605,3181617.75,23-JAN-2024,463,INE173A01025,
SILGO,BE,33.35,33.35,31.5,31.8,32.45,31.9,60830,1965353.9,23-JAN-2024,283,INE01II01013,
SILINV,EQ,464.9,464.9,417.0,418.65,417.0,432.05,3882,1660014.85,23-JAN-2024,318,INE923A01015,
SILLYMONKS,BE,18.95,19.85,18.15,18.6,18.6,18.95,19150,369828.45,23-JAN-2024,52,INE203Y01012,
SILVER,EQ,72.67,72.67,71.85,71.92,71.95,72.67,81172,5847889.96,23-JAN-2024,813,INF209KB19F6,
SILVERBEES,EQ,70.1,70.1,69.3,69.43,69.43,70.12,3831096,266252455.74,23-JAN-2024,14977,INF204KC1402,
SILVERETF,EQ,71.16,71.16,70.02,70.44,70.4,71.21,94000,6631335.58,23-JAN-2024,610,INF789F1AYK6,
SILVERIETF,EQ,72.68,72.68,71.81,71.92,71.9,72.67,242358,17448982.06,23-JAN-2024,1723,INF109KC1Y56,
SILVERTUC,EQ,685.2,690.85,670.0,679.45,679.95,685.05,1996,1362253.55,23-JAN-2024,259,INE625X01018,
SILVRETF,EQ,71.4,71.4,70.0,70.57,70.6,71.21,5023,354605.42,23-JAN-2024,77,INF769K01KG6,
SIMBHALS,EQ,28.3,28.3,27.1,27.15,27.4,27.85,80305,2208430.7,23-JAN-2024,578,INE748T01016,
SIMPLEXINF,BE,78.3,78.3,76.85,76.85,76.85,78.4,17479,1354634.05,23-JAN-2024,54,INE059B01024,
SINDHUTRAD,EQ,25.35,26.4,24.6,24.85,25.0,25.35,3006276,75624158.5,23-JAN-2024,2748,INE325D01025,
SINTERCOM,EQ,129.95,129.95,127.0,127.75,129.0,130.0,31389,4035270.5,23-JAN-2024,219,INE129Z01016,
SIRCA,EQ,393.0,403.7,374.0,385.7,385.0,406.45,405139,157428987.15,23-JAN-2024,30731,INE792Z01011,
SIS,EQ,541.75,541.75,489.9,496.8,496.35,516.0,484417,252435688.85,23-JAN-2024,31668,INE285J01028,
SITINET,BE,1.1,1.1,1.1,1.1,1.1,0.9,1764061,1940467.1,23-JAN-2024,993,INE965H01011,
SIYSIL,EQ,538.0,538.0,521.05,524.25,522.75,533.8,58338,30834471.0,23-JAN-2024,5718,INE076B01028,
SJS,EQ,569.0,573.0,555.0,559.25,559.0,567.3,127588,71720785.5,23-JAN-2024,9883,INE284S01014,
SJVN,EQ,112.0,116.5,102.5,103.9,104.4,110.75,59032672,6401209726.35,23-JAN-2024,208838,INE002L01015,
SKFINDIA,EQ,4699.0,4699.0,4564.0,4580.8,4575.0,4626.15,12373,56882063.3,23-JAN-2024,3672,INE640A01023,
SKIL,BE,8.3,8.3,8.3,8.3,8.3,7.95,126248,1047858.4,23-JAN-2024,40,INE429F01012,
SKIPPER,EQ,243.15,249.0,228.1,234.8,245.0,241.55,455479,107348597.4,23-JAN-2024,19886,INE439E01022,
SKMEGGPROD,EQ,389.8,391.3,372.1,373.6,373.0,384.35,75745,28860136.95,23-JAN-2024,2605,INE411D01015,
SKYGOLD,BE,1259.9,1264.85,1160.0,1188.85,1197.0,1204.65,50064,62142572.8,23-JAN-2024,1510,INE01IU01018,
SMARTLINK,EQ,186.0,186.0,176.2,177.05,177.7,183.35,25159,4520201.35,23-JAN-2024,623,INE178C01020,
SMCGLOBAL,EQ,107.35,110.0,103.0,103.8,103.5,105.75,725369,77743077.55,23-JAN-2024,6370,INE103C01036,
SMLISUZU,EQ,1275.0,1290.95,1233.85,1242.6,1280.0,1278.95,14783,18678422.75,23-JAN-2024,3591,INE294B01019,
SMLT,EQ,293.5,293.9,267.55,274.05,272.2,281.55,133810,37809342.15,23-JAN-2024,9292,INE017W01010,
SMSLIFE,EQ,584.0,589.0,563.0,570.4,567.0,583.8,1053,609083.05,23-JAN-2024,163,INE320X01016,
SMSPHARMA,EQ,129.4,129.4,123.45,123.65,124.0,126.75,119772,14988285.45,23-JAN-2024,2275,INE812G01025,
SNOWMAN,EQ,74.7,75.15,69.05,69.85,69.85,74.0,2638970,188552580.05,23-JAN-2024,12701,INE734N01019,
SOBHA,EQ,1488.05,1489.2,1314.95,1361.65,1362.1,1475.1,822001,1133989661.05,23-JAN-2024,82245,INE671H01015,
SOFTTECH,BE,281.0,285.0,272.0,272.2,272.0,281.1,10393,2859511.35,23-JAN-2024,55,INE728Z01015,
SOLARA,EQ,412.45,412.45,371.95,384.95,379.0,409.95,234309,92997422.45,23-JAN-2024,18462,INE624Z01016,
SOLARINDS,EQ,7000.0,7050.0,6790.8,6843.55,6860.0,6930.8,111155,765814040.55,23-JAN-2024,27214,INE343H01029,
SOMANYCERA,EQ,694.1,701.0,673.0,691.3,692.5,693.95,31329,21559117.95,23-JAN-2024,3181,INE355A01028,
SOMATEX,BE,20.5,20.5,20.1,20.1,20.1,20.5,1736,35411.6,23-JAN-2024,16,INE314C01013,
SOMICONVEY,BE,99.0,99.0,95.0,96.0,95.9,97.2,11546,1110467.7,23-JAN-2024,78,INE323J01019,
SONACOMS,EQ,590.1,591.5,571.25,579.95,574.5,587.05,1948854,1125923921.65,23-JAN-2024,62300,INE073K01018,
SONAMLTD,BE,69.8,72.4,69.8,70.0,70.0,70.0,18007,1275384.2,23-JAN-2024,50,INE00LM01011,
SONATSOFTW,EQ,762.0,766.45,734.15,739.55,742.6,760.95,449923,335766412.15,23-JAN-2024,43368,INE269A01021,
SOTL,EQ,360.0,362.5,342.35,345.75,345.0,357.85,77442,27066075.05,23-JAN-2024,6597,INE035D01020,
SOUTHBANK,EQ,31.25,32.25,30.4,30.75,30.85,30.75,94313456,2963126513.2,23-JAN-2024,86676,INE683A01023,
SOUTHWEST,BE,166.45,166.45,158.0,159.85,160.0,162.8,28727,4626217.9,23-JAN-2024,194,INE980Y01015,
SPAL,EQ,589.0,602.75,580.0,590.3,583.25,589.55,36272,21377462.95,23-JAN-2024,3814,INE212I01016,
SPANDANA,EQ,1173.0,1173.0,1042.35,1069.75,1082.0,1156.3,557427,602213389.1,23-JAN-2024,47339,INE572J01011,
SPARC,EQ,383.0,385.95,357.0,362.35,362.0,383.85,477982,178014098.3,23-JAN-2024,9216,INE232I01014,
SPCENET,EQ,35.2,35.2,30.6,31.0,31.1,34.7,1860761,60295360.6,23-JAN-2024,3152,INE970N01027,
SPECIALITY,EQ,211.6,246.2,210.75,232.0,233.0,210.75,2109955,493681019.45,23-JAN-2024,63499,INE247M01014,
SPENCERS,EQ,116.0,121.4,110.3,116.6,117.9,113.6,2854059,333844633.2,23-JAN-2024,14264,INE020801028,
SPIC,EQ,87.0,89.15,81.1,82.0,82.35,85.7,4287499,365060656.9,23-JAN-2024,18128,INE147A01011,
SPLIL,EQ,73.25,76.85,71.1,72.25,72.5,73.05,139993,10475096.85,23-JAN-2024,1285,INE978G01016,
SPLPETRO,EQ,547.95,549.4,533.25,540.85,545.0,541.7,107590,58136907.35,23-JAN-2024,13849,INE663A01033,
SPMLINFRA,BE,97.0,97.0,96.15,96.5,96.5,97.0,63021,6081526.75,23-JAN-2024,69,INE937A01023,
SPORTKING,EQ,809.0,809.0,774.0,781.0,780.0,799.3,31777,24818753.0,23-JAN-2024,2784,INE885H01011,
SPTL,BE,1.35,1.35,1.35,1.35,1.35,1.4,1302517,1758397.95,23-JAN-2024,212,INE501W01021,
SPYL,BE,2.35,2.35,2.35,2.35,2.35,2.3,1799975,4229941.25,23-JAN-2024,286,INE268L01020,
SREEL,EQ,378.55,378.55,353.5,356.3,355.65,374.85,25731,9376168.85,23-JAN-2024,3546,INE099F01013,
SRF,EQ,2294.95,2295.95,2235.5,2254.05,2257.5,2289.55,463257,1046505301.65,23-JAN-2024,34988,INE647A01010,
SRGHFL,EQ,302.2,314.85,292.15,296.85,297.0,300.7,8804,2646068.15,23-JAN-2024,289,INE559N01010,
SRHHYPOLTD,EQ,588.2,595.7,575.65,583.45,586.5,588.2,29170,17002068.0,23-JAN-2024,4228,INE917H01012,
SRPL,BE,1.65,1.65,1.65,1.65,1.65,1.6,1429547,2358752.55,23-JAN-2024,208,INE008Z01020,
SSWL,EQ,284.0,289.5,279.0,283.2,284.05,272.3,1624225,461436811.0,23-JAN-2024,44513,INE802C01033,
STAR,EQ,685.0,685.0,650.0,652.95,652.5,679.25,440328,290353538.8,23-JAN-2024,15967,INE939A01011,
STARCEMENT,EQ,176.0,178.5,172.9,175.5,175.5,176.05,392110,68839060.55,23-JAN-2024,15017,INE460H01021,
STARHEALTH,EQ,572.5,572.5,555.2,564.2,561.75,574.2,1173122,659148446.35,23-JAN-2024,47903,INE575P01011,
STARPAPER,EQ,259.65,259.65,240.85,241.85,241.0,254.05,112164,27908987.5,23-JAN-2024,6039,INE733A01018,
STARTECK,BE,330.75,330.8,320.0,327.25,328.7,332.9,3833,1255545.8,23-JAN-2024,78,INE992I01013,
STCINDIA,EQ,178.9,182.0,157.0,160.3,160.95,178.95,685624,116605827.8,23-JAN-2024,23810,INE655A01013,
STEELCAS,EQ,705.85,713.4,677.55,689.2,688.0,702.85,19435,13456992.15,23-JAN-2024,4672,INE124E01020,
STEELCITY,EQ,77.95,78.4,73.7,74.45,73.8,77.05,38331,2891542.55,23-JAN-2024,537,INE395H01011,
STEELXIND,EQ,12.6,13.4,10.9,11.7,11.6,12.25,33463263,412323430.55,23-JAN-2024,40791,INE503B01021,
STEL,EQ,302.65,306.85,283.1,285.15,291.0,297.35,7377,2140828.55,23-JAN-2024,507,INE577L01016,
STERTOOLS,EQ,389.95,393.85,370.0,371.95,373.9,388.7,103698,39371890.7,23-JAN-2024,8470,INE334A01023,
STLTECH,EQ,145.9,146.65,139.25,140.65,140.25,145.3,1392395,199215943.7,23-JAN-2024,14167,INE089C01029,
STOVEKRAFT,EQ,456.0,456.95,437.5,440.95,439.9,456.55,114333,51130679.65,23-JAN-2024,8532,INE00IN01015,
STYLAMIND,EQ,1697.4,1697.4,1650.0,1666.3,1656.0,1690.05,25047,41742585.65,23-JAN-2024,5887,INE239C01020,
STYRENIX,EQ,1568.0,1581.55,1466.0,1478.55,1480.0,1566.45,23936,36244021.45,23-JAN-2024,3355,INE189B01011,
SUBEXLTD,EQ,38.3,38.5,34.8,35.0,35.25,37.95,16452551,594973386.1,23-JAN-2024,20765,INE754A01055,
SUBROS,EQ,639.0,653.0,603.1,611.6,617.5,637.0,174547,109828811.45,23-JAN-2024,17632,INE287B01021,
SUDARSCHEM,EQ,516.0,520.2,503.35,506.55,506.0,516.0,52682,26963801.15,23-JAN-2024,6275,INE659A01023,
SUKHJITS,EQ,508.1,519.8,489.2,497.45,494.05,511.95,21220,10579543.1,23-JAN-2024,3404,INE450E01011,
SULA,EQ,626.8,657.85,626.75,635.5,636.0,623.05,1157792,744960476.55,23-JAN-2024,48889,INE142Q01026,
SUMEETINDS,BE,4.0,4.0,4.0,4.0,4.0,4.2,20202,80808.0,23-JAN-2024,30,INE235C01010,
SUMICHEM,EQ,405.0,406.25,392.85,396.25,396.0,403.35,216370,86443997.35,23-JAN-2024,11367,INE258G01013,
SUMIT,BE,55.2,55.2,54.95,54.95,54.95,56.05,72501,3988482.8,23-JAN-2024,82,INE748Z01013,
SUMMITSEC,EQ,1405.0,1420.0,1270.0,1277.6,1279.65,1358.4,17102,23016408.05,23-JAN-2024,3752,INE519C01017,
SUNCLAY,EQ,1584.9,1598.0,1560.05,1577.9,1577.95,1572.45,11862,18651111.05,23-JAN-2024,1189,INE0Q3R01026,
SUNDARAM,BE,2.95,2.95,2.85,2.85,2.85,2.9,293079,840569.6,23-JAN-2024,167,INE108E01023,
SUNDARMFIN,EQ,3566.0,3665.5,3558.15,3598.35,3650.2,3565.85,43502,156272876.9,23-JAN-2024,11232,INE660A01013,
SUNDARMHLD,EQ,178.35,178.8,165.3,166.6,166.55,176.7,217114,37102462.2,23-JAN-2024,12380,INE202Z01029,
SUNDRMBRAK,EQ,626.15,652.8,604.95,636.65,628.3,623.95,2122,1334923.45,23-JAN-2024,237,INE073D01013,
SUNDRMFAST,EQ,1277.0,1289.15,1253.8,1264.55,1262.5,1276.25,33045,41927358.55,23-JAN-2024,6309,INE387A01021,
SUNFLAG,EQ,231.9,242.0,221.6,225.6,225.25,230.75,971590,223775381.85,23-JAN-2024,24602,INE947A01014,
SUNPHARMA,EQ,1316.0,1394.6,1316.0,1378.3,1379.75,1326.15,4129729,5670980431.15,23-JAN-2024,228743,INE044A01036,
SUNTECK,EQ,464.9,469.85,438.75,441.15,441.7,452.45,1401096,635117543.4,23-JAN-2024,44421,INE805D01034,
SUNTV,EQ,665.0,665.1,617.25,619.75,622.55,665.0,1238596,790608705.6,23-JAN-2024,45501,INE424H01027,
SUPERHOUSE,EQ,265.0,266.9,242.1,243.25,243.0,262.25,44666,11115043.9,23-JAN-2024,1432,INE712B01010,
SUPERSPIN,BE,8.2,8.2,8.05,8.1,8.1,8.2,16103,131077.9,23-JAN-2024,41,INE662A01027,
SUPRAJIT,EQ,395.0,396.8,384.15,387.05,387.7,391.45,495139,191911942.05,23-JAN-2024,13182,INE399C01030,
SUPREMEENG,BE,1.05,1.1,1.0,1.0,1.0,1.05,199592,206106.55,23-JAN-2024,280,INE319Z01021,
SUPREMEIND,EQ,4130.0,4234.0,4075.05,4162.65,4130.0,4070.0,437848,1817686963.05,23-JAN-2024,44008,INE195A01028,
SUPRIYA,EQ,302.2,308.15,295.1,297.95,299.0,306.45,301736,91044361.45,23-JAN-2024,13821,INE07RO01027,
SURAJEST,EQ,343.6,344.25,330.05,332.05,330.25,341.35,256572,86651257.95,23-JAN-2024,7415,INE843S01025,
SURANASOL,BE,41.9,41.9,41.9,41.9,41.9,39.95,1139928,47762983.2,23-JAN-2024,4318,INE272L01022,
SURANAT&P,BE,16.45,16.5,16.0,16.2,16.25,15.95,265875,4313932.5,23-JAN-2024,1244,INE130B01031,
SURYALAXMI,EQ,76.4,78.0,74.1,74.35,74.2,75.6,47146,3596044.3,23-JAN-2024,482,INE713B01026,
SURYAROSNI,EQ,793.55,802.95,750.0,759.35,767.0,791.05,372018,289347188.4,23-JAN-2024,20483,INE335A01020,
SURYODAY,EQ,171.15,173.0,162.15,162.9,163.1,169.65,658880,109164917.95,23-JAN-2024,14850,INE428Q01011,
SUTLEJTEX,EQ,64.6,64.9,60.05,60.7,60.8,63.4,217291,13414737.55,23-JAN-2024,2314,INE645H01027,
SUULD,BE,9.25,9.25,8.55,8.9,9.05,8.85,401152,3613946.95,23-JAN-2024,845,INE591Q01016,
SUVEN,EQ,116.95,118.5,107.5,108.9,108.0,115.9,518050,58627363.75,23-JAN-2024,4224,INE495B01038,
SUVENPHAR,EQ,707.25,720.0,675.25,686.8,675.5,708.3,113067,78274897.2,23-JAN-2024,15773,INE03QK01018,
SUVIDHAA,BE,7.7,7.7,7.7,7.7,7.7,7.85,50614,389727.8,23-JAN-2024,274,INE018401013,
SUZLON,EQ,42.5,43.0,40.2,41.15,41.3,41.8,61821069,2553904612.25,23-JAN-2024,167425,INE040H01021,
SVLL,BE,241.2,253.2,235.2,244.9,238.0,241.2,1805,451577.75,23-JAN-2024,29,INE00CE01017,
SVPGLOB,BE,8.8,8.8,8.8,8.8,8.8,8.95,31741,279320.8,23-JAN-2024,125,INE308E01029,
SWANENERGY,EQ,606.0,612.1,571.1,583.75,578.85,603.9,5673233,3336884323.95,23-JAN-2024,59099,INE665A01038,
SWARAJENG,EQ,2386.75,2430.0,2354.7,2379.7,2354.7,2383.35,9035,21665049.2,23-JAN-2024,1754,INE277A01016,
SWELECTES,EQ,646.0,733.3,637.55,733.3,733.3,611.1,798030,561712710.05,23-JAN-2024,34739,INE409B01013,
SWSOLAR,EQ,529.35,529.35,505.0,523.95,529.35,504.15,6510251,3430756494.4,23-JAN-2024,43023,INE00M201021,
SYMPHONY,EQ,950.0,950.35,913.85,917.4,919.0,940.35,107704,100348626.4,23-JAN-2024,10523,INE225D01027,
SYNCOMF,EQ,16.05,16.2,15.0,15.1,15.15,15.85,5259229,80670364.8,23-JAN-2024,11601,INE312C01025,
SYNGENE,EQ,685.0,690.75,680.0,681.1,683.1,682.85,957686,655778382.3,23-JAN-2024,30068,INE398R01022,
SYRMA,EQ,608.25,614.5,588.5,594.15,595.9,606.9,259450,155951877.6,23-JAN-2024,20692,INE0DYJ01015,
TAINWALCHM,EQ,143.35,149.0,142.25,144.0,145.0,145.3,6999,1019068.55,23-JAN-2024,426,INE123C01018,
TAJGVK,EQ,252.3,253.0,240.9,242.3,244.9,249.85,243273,60238550.8,23-JAN-2024,14611,INE586B01026,
TAKE,EQ,28.3,28.75,25.95,26.25,26.25,28.4,1337778,36175879.6,23-JAN-2024,4035,INE142I01023,
TALBROAUTO,BE,273.0,278.5,264.6,265.95,266.5,278.5,144011,38567673.25,23-JAN-2024,3748,INE187D01029,
TANLA,EQ,1189.9,1193.8,1114.95,1133.25,1131.0,1178.3,823022,943600166.15,23-JAN-2024,46690,INE483C01032,
TARAPUR,BE,7.55,7.55,7.1,7.25,7.1,7.45,200851,1467895.25,23-JAN-2024,488,INE747K01017,
TARC,BE,158.0,162.0,150.65,151.25,150.65,158.55,540184,83909818.4,23-JAN-2024,2440,INE0EK901012,
TARMAT,EQ,108.0,108.0,97.05,99.3,99.3,107.8,341789,34714281.4,23-JAN-2024,3874,INE924H01018,
TARSONS,EQ,506.0,508.1,484.0,494.7,493.8,503.6,113972,56328247.8,23-JAN-2024,11543,INE144Z01023,
TASTYBITE,EQ,13600.0,13736.3,13491.0,13529.95,13568.0,13596.6,1216,16486871.1,23-JAN-2024,542,INE488B01017,
TATACHEM,EQ,1060.05,1068.0,1000.05,1003.95,1005.0,1051.95,1148896,1175227847.25,23-JAN-2024,55318,INE092A01019,
TATACOMM,EQ,1740.0,1757.8,1692.2,1704.1,1702.2,1740.1,868651,1491444370.65,23-JAN-2024,45876,INE151A01013,
TATACONSUM,EQ,1158.95,1166.0,1138.25,1145.65,1145.1,1150.1,933643,1075090625.1,23-JAN-2024,57704,INE192A01025,
TATAELXSI,EQ,8300.0,8358.0,8075.45,8195.7,8192.0,8290.25,117490,962108462.3,23-JAN-2024,25070,INE670A01012,
TATAGOLD,EQ,6.3,6.55,6.15,6.2,6.2,6.25,1076212,6698832.8,23-JAN-2024,2816,INF277KA1976,
TATAINVEST,EQ,4510.0,4617.35,4347.85,4392.55,4397.3,4504.85,151969,681157158.0,23-JAN-2024,31139,INE672A01018,
TATAMETALI,EQ,1053.7,1058.95,1014.0,1020.5,1020.5,1053.75,66480,68988245.75,23-JAN-2024,4278,INE056C01010,
TATAMOTORS,EQ,824.9,827.6,796.3,800.45,802.55,818.9,9436209,7647662373.75,23-JAN-2024,224944,INE155A01022,
TATAMTRDVR,EQ,543.45,546.95,525.85,527.65,530.7,541.55,1690644,902371522.85,23-JAN-2024,44511,IN9155A01020,
TATAPOWER,EQ,365.5,365.75,341.2,346.2,348.15,345.85,25989141,9162852696.95,23-JAN-2024,213938,INE245A01021,
TATASTEEL,EQ,134.8,135.2,129.3,130.1,130.05,133.95,35373970,4680431862.5,23-JAN-2024,217517,INE081A01020,
TATATECH,EQ,1162.2,1163.5,1140.0,1142.4,1144.0,1153.4,571921,657939106.4,23-JAN-2024,38138,INE142M01025,
TATSILV,EQ,7.1,7.19,6.98,7.02,7.03,7.1,601696,4229100.28,23-JAN-2024,1242,INF277KA1984,
TATVA,EQ,1401.0,1419.8,1357.75,1370.6,1371.0,1436.25,108109,149151371.1,23-JAN-2024,17599,INE0GK401011,
TBZ,EQ,135.85,135.85,125.25,126.65,127.5,134.6,512017,66744181.95,23-JAN-2024,8455,INE760L01018,
TCI,EQ,870.0,870.0,832.5,841.45,835.0,856.45,29649,25180298.8,23-JAN-2024,5148,INE688A01022,
TCIEXP,EQ,1360.0,1365.35,1324.65,1335.15,1335.0,1356.95,46119,61804002.6,23-JAN-2024,5946,INE586V01016,
TCIFINANCE,BE,4.7,4.7,4.7,4.7,4.7,4.5,17855,83918.5,23-JAN-2024,73,INE911B01018,
TCLCONS,BE,31.6,31.6,31.6,31.6,31.6,31.0,64788,2047300.8,23-JAN-2024,88,INE388G01026,
TCNSBRANDS,EQ,380.0,382.95,370.6,372.4,372.15,377.65,71211,26702340.5,23-JAN-2024,4116,INE778U01029,
TCPLPACK,EQ,2125.05,2150.1,2116.65,2130.6,2147.0,2132.25,5868,12481897.85,23-JAN-2024,831,INE822C01015,
TCS,EQ,3900.0,3933.9,3842.75,3858.25,3860.05,3860.65,2618854,10165879227.3,23-JAN-2024,214176,INE467B01029,
TDPOWERSYS,EQ,274.45,280.95,268.25,272.45,273.5,273.9,330184,90696626.55,23-JAN-2024,24622,INE419M01027,
TEAMLEASE,EQ,3144.0,3151.1,2952.35,3036.2,3017.95,3112.6,17955,54947045.65,23-JAN-2024,6185,INE985S01024,
TECH,EQ,38.1,39.1,37.23,37.76,37.99,38.1,26158,994837.55,23-JAN-2024,285,INF209KB11D8,
TECHIN,BE,34.0,34.0,34.0,34.0,34.0,32.4,27674,940916.0,23-JAN-2024,50,INE778A01021,
TECHM,EQ,1396.5,1416.3,1356.75,1366.65,1365.2,1385.6,2683661,3726147936.4,23-JAN-2024,132755,INE669C01036,
TECHNOE,EQ,813.4,816.75,782.55,796.0,809.8,806.8,155820,125061869.35,23-JAN-2024,17953,INE285K01026,
TECILCHEM,BE,19.9,19.9,19.9,19.9,19.9,19.9,2,39.8,23-JAN-2024,2,INE014B01011,
TEGA,EQ,1149.0,1155.95,1059.85,1079.45,1085.0,1140.65,70094,77337059.4,23-JAN-2024,11156,INE011K01018,
TEJASNET,EQ,811.0,820.0,738.0,743.5,747.0,812.8,1102690,848179810.4,23-JAN-2024,61958,INE010J01012,
TEMBO,EQ,294.7,299.0,284.6,288.85,286.8,290.55,89460,26224858.9,23-JAN-2024,3346,INE869Y01010,
TERASOFT,BE,68.0,69.6,65.0,65.0,65.0,68.4,73751,4860776.1,23-JAN-2024,566,INE482B01010,
TEXINFRA,EQ,123.0,126.3,112.05,113.5,113.6,116.05,4939449,584548907.9,23-JAN-2024,40343,INE435C01024,
TEXMOPIPES,EQ,84.1,84.2,77.65,78.85,79.3,83.3,332714,26882109.75,23-JAN-2024,2398,INE141K01013,
TEXRAIL,EQ,220.25,224.9,193.55,197.45,195.5,217.4,13659616,2784434594.2,23-JAN-2024,149462,INE621L01012,
TFCILTD,EQ,207.0,207.0,185.5,189.9,190.0,189.85,11582141,2296169714.5,23-JAN-2024,35176,INE305A01015,
TFL,BE,11.9,11.9,11.15,11.25,11.35,11.65,16055,184098.9,23-JAN-2024,59,INE804H01012,
TGBHOTELS,BE,16.95,16.95,15.4,15.55,15.8,16.15,119503,1955819.2,23-JAN-2024,283,INE797H01018,
THANGAMAYL,EQ,1335.0,1360.05,1321.65,1341.8,1341.0,1341.9,14634,19567695.95,23-JAN-2024,1535,INE085J01014,
THEINVEST,EQ,168.8,169.35,158.05,161.0,159.0,161.55,225864,37929970.75,23-JAN-2024,1378,INE924D01017,
THEJO,EQ,1861.7,1869.5,1783.35,1810.6,1824.4,1852.65,5660,10329104.1,23-JAN-2024,877,INE121N01019,
THEMISMED,EQ,218.05,222.45,210.0,211.65,212.7,216.05,115033,24959660.6,23-JAN-2024,7445,INE083B01024,
THERMAX,EQ,3073.0,3094.5,2987.0,2993.4,2987.0,3058.95,22828,69243679.35,23-JAN-2024,8251,INE152A01029,
THOMASCOOK,EQ,166.8,166.8,153.9,156.05,155.85,163.6,933890,148976956.5,23-JAN-2024,11347,INE332A01027,
THOMASCOTT,BE,271.15,271.15,271.15,271.15,271.15,265.85,7911,2145067.65,23-JAN-2024,26,INE480M01011,
THYROCARE,EQ,625.65,634.85,620.0,624.7,625.2,627.3,54007,33716416.4,23-JAN-2024,11046,INE594H01019,
TI,EQ,245.2,245.5,239.7,240.9,240.45,242.25,476008,114830980.1,23-JAN-2024,14322,INE133E01013,
TIDEWATER,EQ,1420.0,1424.9,1364.0,1369.55,1364.0,1416.5,67267,93501775.4,23-JAN-2024,8695,INE484C01030,
TIIL,EQ,2203.85,2247.9,2146.65,2161.55,2150.0,2233.85,7718,16870050.4,23-JAN-2024,1801,INE545H01011,
TIINDIA,EQ,4045.0,4090.0,3900.0,3932.3,3900.05,4044.8,304728,1219013354.75,23-JAN-2024,30699,INE974X01010,
TIJARIA,EQ,6.2,6.35,5.9,6.05,6.15,6.05,93287,571490.7,23-JAN-2024,381,INE440L01017,
TIMESGTY,BE,119.85,120.0,115.25,118.5,118.6,116.75,12146,1444914.4,23-JAN-2024,103,INE289C01025,
TIMETECHNO,EQ,176.4,176.45,162.35,163.95,165.0,175.05,2264448,382154744.75,23-JAN-2024,29569,INE508G01029,
TIMKEN,EQ,3439.95,3439.95,3291.5,3312.6,3300.0,3428.6,26628,89448408.15,23-JAN-2024,7729,INE325A01013,
TIPSFILMS,BE,785.0,787.85,741.0,747.85,759.95,778.95,1831,1388668.2,23-JAN-2024,106,INE0LQS01015,
TIPSINDLTD,EQ,383.25,388.0,370.1,382.5,384.0,383.25,735333,279038650.0,23-JAN-2024,34681,INE716B01029,
TIRUMALCHM,EQ,245.0,246.9,228.8,230.8,232.0,243.05,582894,138873761.5,23-JAN-2024,18206,INE338A01024,
TIRUPATIFL,BE,17.0,17.0,16.4,16.4,16.4,16.7,169183,2848135.3,23-JAN-2024,614,INE319Y01024,
TITAGARH,EQ,1198.7,1209.9,1068.0,1080.5,1090.15,1178.5,3220127,3614949707.3,23-JAN-2024,136201,INE615H01020,
TITAN,EQ,3786.0,3858.0,3705.75,3739.65,3737.9,3784.7,1053510,3978665288.8,23-JAN-2024,92852,INE280A01028,
TMB,EQ,508.0,512.0,492.0,493.7,494.9,506.95,159514,79501966.65,23-JAN-2024,13676,INE668A01016,
TNIDETF,EQ,78.41,79.1,76.71,77.07,77.47,78.37,51190,3990653.86,23-JAN-2024,1022,INF277KA1364,
TNPETRO,EQ,104.3,104.6,98.0,98.75,99.7,103.15,641002,64470967.85,23-JAN-2024,6947,INE148A01019,
TNPL,EQ,314.25,315.3,292.0,294.2,296.5,313.3,551064,165943386.65,23-JAN-2024,18350,INE107A01015,
TNTELE,EQ,11.65,11.65,10.65,11.1,10.7,11.1,198738,2284261.0,23-JAN-2024,984,INE141D01018,
TOKYOPLAST,EQ,112.0,113.0,108.4,109.05,109.0,112.75,15440,1707453.65,23-JAN-2024,341,INE932C01012,
TORNTPHARM,EQ,2540.0,2551.8,2467.35,2493.35,2496.4,2531.85,306184,767253603.5,23-JAN-2024,30740,INE685A01028,
TORNTPOWER,EQ,986.5,1004.95,975.55,984.1,982.0,982.85,359714,355857002.9,23-JAN-2024,23455,INE813H01021,
TOTAL,EQ,133.0,135.75,124.25,126.85,127.3,131.9,25683,3319821.3,23-JAN-2024,628,INE336X01012,
TOUCHWOOD,BE,160.0,161.0,147.8,147.9,149.85,154.9,4838,744729.8,23-JAN-2024,77,INE486Y01013,
TPHQ,BE,1.2,1.2,1.2,1.2,1.2,1.2,1301112,1561334.4,23-JAN-2024,642,INE065J01024,
TPLPLASTEH,EQ,61.95,62.7,58.85,59.15,59.15,61.5,332529,20077297.25,23-JAN-2024,2251,INE413G01022,
TRACXN,EQ,119.35,119.4,110.1,111.1,111.7,117.55,2493888,283321493.35,23-JAN-2024,18150,INE0HMF01019,
TREEHOUSE,EQ,23.2,23.9,22.0,22.35,22.05,23.1,64174,1482000.7,23-JAN-2024,501,INE040M01013,
TREJHARA,BE,195.5,196.0,191.0,191.1,191.0,199.2,31112,6020842.7,23-JAN-2024,175,INE00CA01015,
TREL,EQ,55.75,55.95,51.9,52.3,52.25,55.25,1142276,61318478.6,23-JAN-2024,5685,INE0O3901029,
TRENT,EQ,3207.0,3225.75,3150.0,3164.15,3160.0,3192.6,344687,1097379741.15,23-JAN-2024,36988,INE849A01020,
TRF,EQ,253.75,253.75,237.15,239.15,238.85,250.3,83805,20468606.75,23-JAN-2024,2360,INE391D01019,
TRIDENT,EQ,45.15,45.5,42.65,42.95,43.2,44.95,21171097,923598671.65,23-JAN-2024,78908,INE064C01022,
TRIGYN,EQ,153.8,168.0,151.5,155.6,156.1,152.0,1489312,238675067.1,23-JAN-2024,30622,INE948A01012,
TRIL,EQ,275.0,283.0,248.2,275.95,278.0,270.8,2235216,606706943.3,23-JAN-2024,49765,INE763I01026,
TRITURBINE,EQ,406.0,410.75,393.0,396.3,398.2,405.7,315686,126401525.25,23-JAN-2024,22580,INE152M01016,
TRIVENI,EQ,336.0,337.6,323.05,325.0,324.6,334.75,638127,211161400.05,23-JAN-2024,15424,INE256C01024,
TRU,EQ,79.4,79.4,74.0,75.25,75.0,77.75,1390733,105985148.2,23-JAN-2024,7324,INE615R01029,
TTKHLTCARE,EQ,1411.4,1484.0,1390.1,1441.8,1450.0,1404.35,38018,54711571.35,23-JAN-2024,4774,INE910C01018,
TTKPRESTIG,EQ,767.45,771.25,748.1,765.95,766.0,767.45,70578,53491767.8,23-JAN-2024,7483,INE690A01028,
TTL,EQ,107.55,109.5,106.05,106.55,107.0,110.05,36578,3931608.45,23-JAN-2024,667,INE592B01016,
TTML,EQ,89.65,93.1,86.05,87.25,86.5,89.4,8996562,814276897.55,23-JAN-2024,33229,INE517B01013,
TV18BRDCST,EQ,66.5,67.4,60.25,60.75,60.75,65.65,28073589,1763861662.8,23-JAN-2024,59004,INE886H01027,
TVSELECT,EQ,360.8,360.8,343.0,346.55,346.75,358.6,67759,23777433.35,23-JAN-2024,5950,INE236G01019,
TVSHLTD,EQ,8005.1,8127.6,7900.3,7951.15,7929.95,8042.75,3878,30924385.35,23-JAN-2024,1708,INE105A01035,
TVSMOTOR,EQ,2015.45,2045.95,1978.6,1987.35,1994.0,2011.85,910575,1825787931.95,23-JAN-2024,52515,INE494B01023,
TVSSCS,EQ,195.0,195.1,185.85,187.25,188.5,194.6,772350,147255862.7,23-JAN-2024,20976,INE395N01027,
TVSSRICHAK,EQ,4574.15,4574.15,4360.0,4408.8,4405.0,4524.15,6707,29826759.15,23-JAN-2024,1849,INE421C01016,
TVTODAY,EQ,249.45,249.45,229.0,231.85,233.0,245.75,322525,76844797.95,23-JAN-2024,15655,INE038F01029,
TVVISION,BE,4.75,4.75,4.35,4.35,4.35,4.55,64110,292036.05,23-JAN-2024,200,INE871L01013,
UBL,EQ,1840.0,1859.9,1823.65,1841.5,1840.0,1841.1,406350,749197717.4,23-JAN-2024,25714,INE686F01025,
UCAL,EQ,162.7,164.85,152.15,154.05,154.1,160.3,73519,11754797.6,23-JAN-2024,1323,INE139B01016,
UCOBANK,EQ,43.8,44.25,41.35,41.75,41.75,42.75,42159975,1814994612.4,23-JAN-2024,57962,INE691A01018,
UDS,EQ,354.0,354.0,327.0,330.5,330.0,348.75,243129,82748466.8,23-JAN-2024,13920,INE851I01011,
UFLEX,EQ,476.0,479.45,464.0,466.5,464.0,473.25,80605,37809078.0,23-JAN-2024,4672,INE516A01017,
UFO,EQ,140.35,140.4,128.35,130.15,131.5,138.95,592693,78788930.05,23-JAN-2024,12159,INE527H01019,
UGARSUGAR,EQ,78.4,78.95,76.0,76.3,76.7,78.45,346839,26625119.85,23-JAN-2024,4565,INE071E01023,
UGROCAP,EQ,281.9,283.0,268.05,270.45,270.65,277.95,208393,57559684.8,23-JAN-2024,10913,INE583D01011,
UJJIVAN,EQ,603.35,603.35,587.5,592.7,595.0,592.0,717135,426832714.95,23-JAN-2024,17714,INE334L01012,
UJJIVANSFB,EQ,59.3,60.15,57.5,57.7,58.0,58.95,9850084,577496371.85,23-JAN-2024,35195,INE551W01018,
ULTRACEMCO,EQ,10000.0,10085.0,9815.0,9831.0,9842.0,9997.4,580285,5792101088.85,23-JAN-2024,89883,INE481G01011,
UMAEXPORTS,EQ,54.65,56.0,52.35,53.1,53.0,54.65,140298,7651812.9,23-JAN-2024,1112,INE0GIU01018,
UMANGDAIRY,EQ,86.0,86.05,76.8,77.55,77.85,85.2,138381,11195050.7,23-JAN-2024,1728,INE864B01027,
UMESLTD,BE,6.2,6.2,6.0,6.0,6.05,6.2,35027,212046.45,23-JAN-2024,155,INE240C01028,
UNICHEMLAB,EQ,456.7,457.6,440.25,443.15,448.5,455.7,47338,21214016.55,23-JAN-2024,2393,INE351A01035,
UNIDT,EQ,294.9,294.9,275.15,278.15,277.6,289.45,37138,10486126.3,23-JAN-2024,2457,INE961D01019,
UNIENTER,EQ,160.4,160.4,151.25,154.3,156.85,158.55,8863,1388968.65,23-JAN-2024,355,INE037A01022,
UNIINFO,EQ,32.5,33.05,29.85,30.8,30.9,33.05,74278,2304619.5,23-JAN-2024,343,INE481Z01011,
UNIONBANK,EQ,145.0,145.25,135.45,139.95,138.5,141.8,42032631,5912976748.95,23-JAN-2024,214614,INE692A01016,
UNIPARTS,EQ,580.0,586.1,571.55,573.55,572.95,578.9,128696,74576283.5,23-JAN-2024,10438,INE244O01017,
UNITEDPOLY,EQ,95.2,99.1,95.2,97.25,97.5,97.3,4986,487676.2,23-JAN-2024,105,INE368U01011,
UNITEDTEA,EQ,334.85,339.7,322.0,324.1,322.05,332.05,3970,1305374.25,23-JAN-2024,197,INE458F01011,
UNIVAFOODS,BE,6.75,6.75,6.75,6.75,6.75,6.45,16121,108816.75,23-JAN-2024,15,INE275F01019,
UNIVASTU,BE,121.25,121.25,113.6,114.0,114.9,119.55,25359,2949136.05,23-JAN-2024,255,INE562X01013,
UNIVCABLES,EQ,519.0,519.0,492.85,496.15,495.0,513.15,28956,14454399.9,23-JAN-2024,3511,INE279A01012,
UNIVPHOTO,EQ,409.2,411.8,404.2,404.5,405.3,412.45,1344,546360.5,23-JAN-2024,148,INE03V001013,
UNOMINDA,EQ,689.35,690.6,671.0,674.8,674.55,689.35,296873,201970374.4,23-JAN-2024,23881,INE405E01023,
UPL,EQ,558.45,558.45,533.55,535.1,535.0,552.45,2849229,1548668097.35,23-JAN-2024,67776,INE628A01036,
URAVI,EQ,298.2,298.2,283.3,289.95,290.15,295.35,2960,858655.05,23-JAN-2024,184,INE568Z01015,
URJA,EQ,18.6,19.5,17.6,18.2,18.45,17.85,48808588,911877675.15,23-JAN-2024,61090,INE550C01020,
USHAMART,EQ,351.95,369.9,335.9,342.5,342.85,350.4,3621676,1284175833.2,23-JAN-2024,79138,INE228A01035,
USK,EQ,48.1,48.4,45.35,45.65,45.7,47.8,606726,28242973.45,23-JAN-2024,4012,INE0N0Y01013,
UTIAMC,EQ,856.0,859.9,825.1,831.2,832.0,855.95,130061,109767053.5,23-JAN-2024,12829,INE094J01016,
UTIBANKETF,EQ,47.29,47.37,45.67,45.7,45.75,46.89,618740,28324728.99,23-JAN-2024,2381,INF789F1AUV1,
UTINEXT50,EQ,58.49,58.49,56.11,56.47,57.0,57.9,21957,1250681.84,23-JAN-2024,425,INF789F1AUW9,
UTINIFTETF,EQ,234.22,234.22,227.84,228.51,228.72,232.11,38969,8956097.0,23-JAN-2024,629,INF789F1AZC0,
UTISENSETF,EQ,773.98,784.37,756.0,757.06,758.3,766.38,1269,969609.19,23-JAN-2024,172,INF789FB1X58,
UTISXN50,EQ,70.0,70.52,67.95,68.44,68.59,70.0,3085,213876.77,23-JAN-2024,150,INF789F1AUU3,
UTKARSHBNK,EQ,61.45,62.1,58.2,58.8,59.35,60.75,6467658,387854401.75,23-JAN-2024,19185,INE735W01017,
UTTAMSUGAR,EQ,369.15,374.8,347.6,352.35,352.0,369.15,252393,90348977.05,23-JAN-2024,11644,INE786F01031,
V2RETAIL,EQ,337.0,337.0,315.05,320.75,320.5,326.9,25610,8315119.25,23-JAN-2024,1540,INE945H01013,
VADILALIND,EQ,2730.0,2922.95,2721.35,2823.25,2825.0,2704.15,83055,237387173.0,23-JAN-2024,16785,INE694D01016,
VAIBHAVGBL,EQ,514.95,518.45,468.7,475.95,474.4,506.5,1697996,828451171.6,23-JAN-2024,57167,INE884A01027,
VAISHALI,EQ,187.6,192.0,179.1,180.65,180.05,187.65,175377,32534030.05,23-JAN-2024,984,INE972X01014,
VAKRANGEE,EQ,21.1,21.3,19.9,20.4,20.4,20.9,13975710,286760708.5,23-JAN-2024,16753,INE051B01021,
VALIANTLAB,EQ,205.75,205.75,188.2,190.45,192.45,205.9,380469,74839335.4,23-JAN-2024,16104,INE0JWS01017,
VALIANTORG,EQ,500.0,504.7,481.0,483.8,486.0,499.95,85369,41866446.35,23-JAN-2024,8400,INE565V01010,
VARDHACRLC,EQ,63.2,64.5,61.1,61.6,61.95,63.8,201845,12608048.5,23-JAN-2024,2178,INE116G01013,
VARDMNPOLY,BE,65.5,66.0,61.45,61.6,61.45,64.65,55673,3474181.7,23-JAN-2024,115,INE835A01011,
VARROC,EQ,543.2,547.05,516.15,520.1,518.15,543.2,227264,119603740.75,23-JAN-2024,13375,INE665L01035,
VASCONEQ,EQ,88.8,91.6,83.6,84.85,85.3,88.1,11659717,1030951912.8,23-JAN-2024,45824,INE893I01013,
VASWANI,EQ,32.1,32.1,29.0,29.4,29.15,31.2,138166,4177380.9,23-JAN-2024,725,INE590L01019,
VBL,EQ,1261.0,1279.75,1243.2,1271.75,1267.8,1260.4,1907173,2405157241.1,23-JAN-2024,66880,INE200M01021,
VCL,BE,1.45,1.45,1.4,1.4,1.4,1.45,729038,1044491.8,23-JAN-2024,449,INE098201036,
VEDL,EQ,266.85,267.0,250.65,252.15,252.95,264.85,8740319,2246317442.3,23-JAN-2024,99874,INE205A01025,
VENKEYS,EQ,2004.9,2004.9,1941.05,1954.95,1950.0,1992.3,33796,66477307.3,23-JAN-2024,5296,INE398A01010,
VENUSPIPES,EQ,1405.0,1419.0,1365.65,1384.9,1365.65,1382.3,179344,251582871.0,23-JAN-2024,18635,INE0JA001018,
VENUSREM,EQ,385.0,393.7,375.0,376.7,375.0,389.4,79936,30617763.05,23-JAN-2024,5277,INE411B01019,
VERANDA,EQ,304.0,304.0,273.3,277.8,282.8,299.0,288102,81841519.65,23-JAN-2024,14408,INE0IQ001011,
VERTOZ,EQ,801.0,825.0,753.85,755.9,753.9,793.5,169534,130977184.15,23-JAN-2024,3605,INE188Y01015,
VESUVIUS,EQ,3522.0,3564.0,3476.0,3508.5,3509.25,3520.5,6494,22850365.45,23-JAN-2024,2179,INE386A01015,
VETO,EQ,131.65,132.65,121.55,123.05,123.7,129.75,171404,21649884.7,23-JAN-2024,2131,INE918N01018,
VGUARD,EQ,293.6,295.8,285.8,288.85,292.4,293.45,171916,49770492.7,23-JAN-2024,8513,INE951I01027,
VHL,EQ,3355.25,3360.0,3167.05,3213.7,3167.05,3284.0,690,2252161.5,23-JAN-2024,267,INE701A01023,
VIDHIING,EQ,415.0,415.9,408.6,410.0,410.0,413.8,19630,8063771.35,23-JAN-2024,1334,INE632C01026,
VIJAYA,EQ,650.0,661.75,631.2,636.35,635.5,644.4,153562,99565229.15,23-JAN-2024,14453,INE043W01024,
VIJIFIN,EQ,2.55,2.6,2.45,2.45,2.45,2.55,548550,1367419.9,23-JAN-2024,646,INE159N01027,
VIKASECO,EQ,4.15,4.25,4.1,4.15,4.15,4.05,34329365,143457594.4,23-JAN-2024,11898,INE806A01020,
VIKASLIFE,EQ,7.9,8.0,7.05,7.3,7.4,6.7,167606743,1246205130.85,23-JAN-2024,65352,INE161L01027,
VIMTALABS,EQ,452.0,475.0,425.2,434.9,440.95,447.05,52725,23700834.5,23-JAN-2024,5907,INE579C01029,
VINATIORGA,EQ,1700.0,1714.2,1683.0,1685.75,1685.0,1707.35,60895,103117470.25,23-JAN-2024,9547,INE410B01037,
VINDHYATEL,EQ,2370.5,2420.2,2345.9,2362.4,2360.0,2367.8,16187,38456624.6,23-JAN-2024,2174,INE707A01012,
VINEETLAB,BE,72.15,74.95,72.0,72.25,72.5,74.1,21611,1589244.65,23-JAN-2024,184,INE505Y01010,
VINNY,BE,3.95,3.95,3.95,3.95,3.95,4.0,117569,464397.55,23-JAN-2024,191,INE01KI01027,
VINYLINDIA,EQ,448.0,454.0,430.0,431.5,434.3,442.15,60748,26728127.9,23-JAN-2024,6185,INE250B01029,
VIPCLOTHNG,EQ,47.25,48.4,44.5,45.25,45.25,47.25,227931,10458419.7,23-JAN-2024,1896,INE450G01024,
VIPIND,EQ,555.05,564.3,535.5,538.3,540.9,561.1,551760,302488800.45,23-JAN-2024,23551,INE054A01027,
VIPULLTD,EQ,17.15,17.9,16.5,16.9,17.0,17.15,104903,1806921.25,23-JAN-2024,891,INE946H01037,
VIRINCHI,EQ,35.65,37.55,34.4,34.75,35.0,35.35,1378226,49613157.75,23-JAN-2024,3507,INE539B01017,
VISAKAIND,EQ,111.0,119.9,110.0,116.45,118.75,101.7,8555870,992063699.25,23-JAN-2024,63489,INE392A01021,
VISASTEEL,BE,16.35,16.35,16.35,16.35,16.35,17.2,30393,496925.55,23-JAN-2024,22,INE286H01012,
VISESHINFO,BE,0.8,0.8,0.7,0.7,0.75,0.75,30174531,22653920.9,23-JAN-2024,11789,INE861A01058,
VISHNU,EQ,332.5,335.65,323.3,325.1,324.6,331.85,96254,31815777.05,23-JAN-2024,5761,INE270I01022,
VISHWARAJ,EQ,16.5,16.55,16.1,16.2,16.15,16.4,1136271,18515770.65,23-JAN-2024,2606,INE430N01022,
VIVIDHA,BE,1.6,1.6,1.5,1.55,1.6,1.55,3547125,5603547.5,23-JAN-2024,3589,INE370E01029,
VLEGOV,EQ,69.5,70.8,66.1,67.5,66.95,69.5,808136,54981907.45,23-JAN-2024,3469,INE03HW01020,
VLSFINANCE,EQ,219.0,222.0,213.0,214.0,213.75,215.2,97834,21081707.7,23-JAN-2024,3616,INE709A01018,
VMART,EQ,2025.85,2062.75,2025.85,2050.55,2050.0,2040.1,13765,28225592.6,23-JAN-2024,2956,INE665J01013,
VOLTAMP,EQ,7596.65,7596.65,6980.05,7015.95,7038.0,7528.3,39870,285497118.6,23-JAN-2024,14982,INE540H01012,
VOLTAS,EQ,1034.9,1036.2,992.5,1007.25,1005.0,1024.55,1513441,1528440933.05,23-JAN-2024,64754,INE226A01021,
VPRPL,EQ,220.0,220.85,210.4,212.95,212.6,218.55,920694,198189856.0,23-JAN-2024,17258,INE0AE001013,
VRLLOG,EQ,717.85,733.95,712.1,717.3,722.0,716.45,81764,58751688.25,23-JAN-2024,10383,INE366I01010,
VSSL,EQ,216.8,216.8,208.0,212.7,212.05,216.15,108716,22989246.1,23-JAN-2024,9057,INE050M01012,
VSTIND,EQ,3560.0,3594.95,3475.0,3488.7,3499.85,3636.0,31852,112118151.6,23-JAN-2024,7363,INE710A01016,
VSTTILLERS,EQ,3441.45,3441.5,3130.0,3282.85,3315.0,3408.0,17738,58554063.25,23-JAN-2024,6894,INE764D01017,
VTL,EQ,401.5,401.9,387.4,392.1,390.65,401.35,202693,79704651.05,23-JAN-2024,10013,INE825A01020,
WABAG,EQ,630.45,631.9,612.5,620.85,620.0,627.3,380852,236528789.05,23-JAN-2024,21047,INE956G01038,
WALCHANNAG,EQ,188.75,189.55,176.95,177.0,176.95,186.25,134752,24264341.95,23-JAN-2024,2232,INE711A01022,
WANBURY,BE,146.05,146.05,146.05,146.05,146.05,149.0,71380,10425049.0,23-JAN-2024,77,INE107F01022,
WEALTH,BE,451.35,459.0,440.0,443.45,440.1,451.05,974,435268.2,23-JAN-2024,57,INE658T01017,
WEBELSOLAR,EQ,300.7,300.7,291.3,299.8,300.7,273.4,1494028,447873481.45,23-JAN-2024,9687,INE855C01015,
WEIZMANIND,BE,106.55,107.0,103.1,103.65,103.5,106.85,9400,979910.4,23-JAN-2024,130,INE080A01014,
WEL,EQ,357.5,377.95,347.4,357.15,354.2,343.6,21506,7754275.1,23-JAN-2024,1444,INE02WG01016,
WELCORP,EQ,593.0,613.0,585.6,588.95,588.0,587.45,935491,561866995.5,23-JAN-2024,44678,INE191B01025,
WELENT,EQ,330.6,344.45,321.0,323.85,324.5,329.15,594742,198194693.75,23-JAN-2024,25519,INE625G01013,
WELINV,BE,697.9,697.9,671.0,671.05,671.0,673.45,288,196428.95,23-JAN-2024,17,INE389K01018,
WELSPUNLIV,EQ,150.0,150.7,140.4,142.35,142.95,150.25,1886704,272733210.95,23-JAN-2024,22919,INE192B01031,
WENDT,EQ,13750.0,13918.85,12800.0,12868.6,12990.0,13716.7,1547,20376923.2,23-JAN-2024,776,INE274C01019,
WESTLIFE,EQ,842.8,852.3,813.0,827.7,825.0,836.5,76523,63436399.9,23-JAN-2024,8511,INE274F01020,
WEWIN,BE,68.0,68.0,67.35,67.35,67.35,68.7,2209,149655.6,23-JAN-2024,31,INE082W01014,
WHEELS,EQ,690.0,713.0,685.6,689.65,691.9,681.45,217239,152040370.65,23-JAN-2024,15493,INE715A01015,
WHIRLPOOL,EQ,1356.0,1359.5,1301.0,1308.45,1305.0,1354.7,74075,98367945.75,23-JAN-2024,10220,INE716A01013,
WILLAMAGOR,BE,35.95,35.95,34.05,34.2,34.1,34.5,17207,608135.8,23-JAN-2024,53,INE210A01017,
WINDLAS,EQ,476.75,480.8,452.55,464.75,464.85,476.75,148941,68768546.25,23-JAN-2024,11481,INE0H5O01029,
WINDMACHIN,EQ,77.8,79.75,74.1,74.9,74.15,77.75,69916,5383240.15,23-JAN-2024,1272,INE052A01021,
WINSOME,BE,3.95,3.95,3.85,3.9,3.85,3.9,174695,684393.7,23-JAN-2024,156,INE784B01035,
WIPL,BE,188.0,194.9,183.7,183.7,183.7,187.85,727,137799.25,23-JAN-2024,37,INE215F01023,
WIPRO,EQ,478.05,486.0,467.05,469.9,471.5,477.95,9986168,4764074713.6,23-JAN-2024,142848,INE075A01022,
WOCKPHARMA,EQ,448.1,451.95,415.3,422.85,427.0,448.8,928710,403350318.1,23-JAN-2024,45451,INE049B01025,
WONDERLA,EQ,869.15,899.95,821.5,828.45,825.0,869.15,113185,97303213.75,23-JAN-2024,12183,INE066O01014,
WORTH,EQ,122.5,122.5,116.0,116.75,117.0,120.35,45096,5314233.85,23-JAN-2024,643,INE196Y01018,
WSI,EQ,121.8,121.8,113.35,116.25,117.0,119.3,153331,17658186.75,23-JAN-2024,913,INE100D01014,
WSTCSTPAPR,EQ,734.6,735.0,697.45,704.2,705.5,729.65,236215,168860492.55,23-JAN-2024,19839,INE976A01021,
XCHANGING,EQ,111.9,113.2,106.35,107.75,108.0,111.25,568320,62233470.45,23-JAN-2024,7997,INE692G01013,
XELPMOC,BE,134.0,134.0,124.0,124.85,124.5,127.9,32300,4080242.15,23-JAN-2024,302,INE01P501012,
XPROINDIA,EQ,1211.95,1219.95,1142.3,1186.2,1180.0,1206.25,44897,52532272.8,23-JAN-2024,7076,INE445C01015,
YAARI,BE,13.5,13.5,12.7,12.7,12.7,13.35,119309,1543628.8,23-JAN-2024,168,INE126M01010,
YASHO,EQ,1627.5,1646.55,1600.5,1630.45,1635.0,1631.65,18402,30053418.45,23-JAN-2024,2349,INE616Z01012,
YATHARTH,EQ,386.9,394.7,377.0,379.2,377.9,386.9,436927,169398117.5,23-JAN-2024,13052,INE0JO301016,
YATRA,EQ,175.5,181.85,167.05,171.15,172.5,173.2,497270,87432667.6,23-JAN-2024,22715,INE0JR601024,
YESBANK,EQ,25.45,25.6,23.9,24.05,24.1,25.25,292673233,7224757350.8,23-JAN-2024,183598,INE528G01035,
YUKEN,EQ,725.1,739.45,685.5,695.4,697.8,721.6,12674,8983398.25,23-JAN-2024,789,INE384C01016,
ZAGGLE,EQ,223.3,223.3,212.1,216.0,216.8,221.05,712774,154460146.05,23-JAN-2024,19722,INE07K301024,
ZEEL,EQ,208.3,208.3,152.5,155.95,160.9,231.4,228434365,37750821332.5,23-JAN-2024,618314,INE256A01028,
ZEELEARN,BE,7.5,7.5,7.5,7.5,7.5,7.65,40211,301582.5,23-JAN-2024,114,INE565L01011,
ZEEMEDIA,EQ,13.3,14.85,13.3,13.85,14.0,16.1,48879083,680616599.55,23-JAN-2024,30582,INE966H01019,
ZENITHEXPO,EQ,153.5,157.4,148.2,150.0,151.4,155.45,4206,646861.25,23-JAN-2024,976,INE058B01018,
ZENITHSTL,BE,6.8,6.85,6.65,6.65,6.65,6.75,101276,681241.9,23-JAN-2024,143,INE318D01020,
ZENSARTECH,EQ,562.0,573.0,541.0,544.2,545.0,561.65,2033183,1127000368.6,23-JAN-2024,63560,INE520A01027,
ZENTEC,EQ,750.0,750.0,711.85,711.85,711.85,749.3,373792,268666228.05,23-JAN-2024,14125,INE251B01027,
ZFCVINDIA,EQ,17135.0,17700.0,17020.0,17262.35,17631.9,17389.6,6437,110905519.6,23-JAN-2024,2430,INE342J01019,
ZIMLAB,EQ,110.9,111.45,107.7,108.6,108.1,110.15,116834,12734435.9,23-JAN-2024,2326,INE518E01015,
ZODIAC,BE,300.55,300.55,300.55,300.55,300.55,306.65,6114,1837562.7,23-JAN-2024,227,INE761Y01019,
ZODIACLOTH,EQ,132.25,132.85,128.0,129.85,129.5,132.05,40489,5280953.65,23-JAN-2024,1147,INE206B01013,
ZOMATO,EQ,136.3,137.3,127.0,130.1,130.0,133.1,72520625,9744887513.4,23-JAN-2024,196545,INE758T01015,
ZOTA,EQ,485.0,489.85,475.0,477.1,479.0,480.4,12674,6105788.0,23-JAN-2024,1475,INE358U01012,
ZUARI,EQ,258.0,258.0,237.5,239.1,239.5,251.15,1207137,300142715.85,23-JAN-2024,33554,INE840M01016,
ZUARIIND,EQ,276.95,278.7,255.0,263.8,263.0,271.4,518797,137787198.05,23-JAN-2024,21331,INE217A01012,
ZYDUSLIFE,EQ,706.6,732.5,706.6,729.15,729.0,703.75,2533646,1838479345.1,23-JAN-2024,79143,INE010B01027,
ZYDUSWELL,EQ,1619.7,1624.55,1580.0,1582.2,1581.0,1619.65,62604,99648548.6,23-JAN-2024,4446,INE768C01010,
