SYMBOL,SERIES,OPEN,HIGH,LOW,CLOSE,LAST,PREVCLOSE,TOTTRDQTY,TOTTRDVAL,TIMESTAMP,UNNAMED: 11
20MICRONS,EQ,41.0,41.8,40.6,41.4,41.0,40.65,7690,317467.45,28-JUN-2010,
3IINFOTECH,EQ,62.45,63.4,62.35,62.45,62.4,62.5,851645,53380390.55,28-JUN-2010,
3MINDIA,EQ,2675.0,2718.0,2661.05,2699.15,2682.0,2679.05,306,824191.85,28-JUN-2010,
AARTIDRUGS,EQ,137.95,137.95,125.25,135.65,137.0,134.0,25205,3377513.35,28-JUN-2010,
AARTIIND,EQ,48.65,49.55,48.5,49.1,48.65,48.65,37328,1835205.75,28-JUN-2010,
AARVEEDEN,EQ,51.2,57.75,51.2,56.0,56.0,56.05,1719,96130.2,28-JUN-2010,
ABAN,EQ,759.7,799.95,756.0,790.7,798.0,753.7,2695779,2104867917.6,28-JUN-2010,
ABB,EQ,900.0,900.0,858.0,863.65,862.0,873.35,237247,204819721.85,28-JUN-2010,
ABBOTINDIA,EQ,1090.0,1181.0,1090.0,1107.65,1106.0,1092.75,3474,3859439.25,28-JUN-2010,
ABCIL,EQ,103.0,104.4,101.65,102.1,102.5,101.0,72110,7418006.65,28-JUN-2010,
ABGSHIP,EQ,269.3,270.0,262.0,265.95,265.6,268.3,257987,68468425.95,28-JUN-2010,
ABHISHEK,EQ,18.8,18.85,18.05,18.2,18.4,18.1,9449,174184.85,28-JUN-2010,
ABIRLANUVO,EQ,799.65,805.0,775.0,798.0,800.0,779.3,52018,41029275.5,28-JUN-2010,
ABSHEKINDS,EQ,17.15,17.5,16.65,16.75,16.7,17.0,185821,3158059.4,28-JUN-2010,
ACC,EQ,859.0,874.55,851.65,871.1,873.5,861.7,256343,220984937.25,28-JUN-2010,
ACE,EQ,50.65,50.65,48.55,48.85,48.7,49.05,91175,4472285.45,28-JUN-2010,
ACKRUTI,EQ,476.45,482.0,470.1,478.1,476.0,469.85,18583,8864625.15,28-JUN-2010,
ADANIENT,EQ,533.9,538.0,531.2,535.7,534.1,533.85,164603,88165262.2,28-JUN-2010,
ADANIPOWER,EQ,121.0,125.0,119.0,124.4,124.0,120.25,673034,82783160.55,28-JUN-2010,
ADHUNIK,EQ,108.05,110.0,108.0,108.3,108.35,108.4,140668,15293197.1,28-JUN-2010,
ADORWELD,EQ,216.0,221.45,214.35,218.0,218.0,215.35,86686,18959640.45,28-JUN-2010,
ADSL,EQ,227.75,232.2,225.65,227.15,227.25,225.55,60578,13882467.5,28-JUN-2010,
ADVANIHOTR,EQ,40.0,41.6,38.35,41.25,40.05,38.35,8280,333413.15,28-JUN-2010,
ADVANTA,EQ,414.25,433.0,414.15,419.75,419.9,413.4,155498,65344239.15,28-JUN-2010,
AEGISCHEM,EQ,411.0,424.8,406.6,414.05,411.55,410.7,334537,139731985.8,28-JUN-2010,
AFL,BE,49.05,52.0,49.05,51.2,52.0,49.9,6158,310868.55,28-JUN-2010,
AFTEK,EQ,14.65,14.95,14.6,14.75,14.75,14.7,96003,1417734.75,28-JUN-2010,
AGCNET,EQ,257.0,259.9,257.0,258.0,257.0,258.35,13667,3528412.5,28-JUN-2010,
AGRODUTCH,EQ,26.3,26.3,25.25,26.3,26.3,25.05,59406,1547219.6,28-JUN-2010,
AHLUCONT,EQ,202.5,210.0,200.05,207.5,207.35,200.0,117461,24114167.4,28-JUN-2010,
AHMEDFORGE,EQ,110.15,111.5,106.0,108.65,108.0,110.45,23009,2494966.65,28-JUN-2010,
AIAENG,EQ,390.0,393.5,385.75,387.7,386.0,385.85,11464,4451413.25,28-JUN-2010,
AICHAMP,EQ,34.55,34.55,33.0,34.5,34.5,32.9,40,1371.75,28-JUN-2010,
AJANTPHARM,EQ,211.7,216.8,211.0,215.7,216.5,209.0,111331,23957327.1,28-JUN-2010,
AJMERA,EQ,161.0,161.9,158.8,159.7,159.5,159.95,66995,10747196.55,28-JUN-2010,
AKSHOPTFBR,EQ,22.0,22.15,21.8,21.9,22.1,21.8,11932,262211.2,28-JUN-2010,
AKZOINDIA,EQ,741.0,761.0,740.2,747.8,743.15,752.05,5627,4224841.85,28-JUN-2010,
ALBK,EQ,157.0,162.4,156.0,160.15,160.85,157.85,476215,75553725.35,28-JUN-2010,
ALCHEM,EQ,181.9,181.9,178.5,178.95,178.6,179.35,103283,18558710.85,28-JUN-2010,
ALEMBICLTD,EQ,48.1,49.85,47.8,49.5,49.75,46.9,477132,23382913.9,28-JUN-2010,
ALFALAVAL,EQ,1410.0,1430.0,1391.35,1403.3,1400.0,1402.2,480,673597.55,28-JUN-2010,
ALKALI,EQ,112.5,115.45,111.6,113.05,113.0,112.2,61211,6952973.7,28-JUN-2010,
ALKYLAMINE,EQ,115.5,120.8,112.15,116.25,113.9,113.95,232263,27413951.3,28-JUN-2010,
ALLCARGO,EQ,160.0,173.3,159.0,164.05,173.0,170.95,53218,8775559.4,28-JUN-2010,
ALLSEC,EQ,49.0,50.3,48.85,50.3,50.3,47.9,5442,273141.85,28-JUN-2010,
ALMONDZ,EQ,61.2,66.4,61.2,64.8,65.0,64.75,9281,604605.9,28-JUN-2010,
ALOKTEXT,EQ,19.9,20.95,19.9,20.85,20.95,19.8,5199584,107392017.85,28-JUN-2010,
ALPA,EQ,15.85,15.85,15.6,15.65,15.6,15.45,11723,183944.75,28-JUN-2010,
ALPHAGEO,EQ,198.25,204.3,198.25,199.8,199.1,199.1,7822,1577634.85,28-JUN-2010,
ALPSINDUS,EQ,10.2,10.6,10.0,10.15,10.2,9.85,113163,1169334.8,28-JUN-2010,
AMAR,EQ,70.7,75.3,70.7,74.75,74.75,71.55,248480,18382851.0,28-JUN-2010,
AMARAJABAT,EQ,174.25,177.1,174.25,175.0,175.0,175.05,136675,23936443.55,28-JUN-2010,
AMARJOTHI,EQ,49.95,49.95,49.0,49.5,49.25,49.45,7900,390619.5,28-JUN-2010,
AMBICAAGAR,EQ,12.0,12.5,12.0,12.35,12.5,12.25,5171,62897.75,28-JUN-2010,
AMBIKCO,EQ,175.1,175.1,172.3,172.8,172.75,174.95,3553,617659.45,28-JUN-2010,
AMBUJACEM,EQ,116.7,119.5,115.8,118.45,119.45,117.15,804591,94444738.15,28-JUN-2010,
AMDIND,EQ,23.0,23.45,22.95,23.25,23.05,23.15,23897,553652.75,28-JUN-2010,
AMLSTEEL,EQ,60.5,60.9,58.0,59.85,59.85,60.95,2409,144554.8,28-JUN-2010,
AMRUTANJAN,EQ,768.0,776.85,762.3,764.65,764.55,766.7,7111,5466788.75,28-JUN-2010,
AMTEKAUTO,EQ,178.0,182.8,174.9,179.2,180.25,177.5,825563,148262309.65,28-JUN-2010,
AMTEKINDIA,EQ,65.0,65.65,64.25,65.0,65.25,64.2,181065,11781313.9,28-JUN-2010,
ANANTRAJ,EQ,118.5,121.8,117.7,121.2,120.85,118.4,607386,72911170.15,28-JUN-2010,
ANDHRABANK,EQ,134.3,134.9,132.55,133.85,133.85,133.85,303850,40538980.7,28-JUN-2010,
ANDHRSUGAR,EQ,125.2,132.0,125.2,129.65,129.35,125.55,49246,6371474.0,28-JUN-2010,
ANGIND,EQ,51.5,57.5,51.3,55.35,55.05,51.75,191443,10633886.65,28-JUN-2010,
ANIKINDS,EQ,58.45,59.5,58.0,59.15,58.55,58.05,5933,348261.6,28-JUN-2010,
ANKURDRUGS,EQ,176.15,179.0,175.0,177.45,178.0,176.4,21567,3817489.55,28-JUN-2010,
ANSALAPI,EQ,78.25,79.45,77.1,78.0,77.2,78.75,160353,12566472.15,28-JUN-2010,
ANSALHSG,EQ,60.1,60.85,59.25,60.4,60.2,60.0,20748,1252637.85,28-JUN-2010,
ANTGRAPHIC,EQ,0.4,0.45,0.4,0.4,0.4,0.4,208286,83671.95,28-JUN-2010,
APARINDS,EQ,228.0,229.95,227.0,228.85,228.5,229.35,1507,344735.25,28-JUN-2010,
APCOTEXIND,EQ,147.0,147.0,142.0,145.05,145.65,140.2,23266,3366720.1,28-JUN-2010,
APIL,EQ,669.0,669.4,655.1,659.5,658.35,662.75,110102,72886900.35,28-JUN-2010,
APOLLOHOSP,EQ,796.7,796.7,776.15,785.0,789.0,789.2,19053,14923548.0,28-JUN-2010,
APOLLOTYRE,EQ,67.5,67.65,65.75,66.55,66.55,67.2,3331870,221135609.9,28-JUN-2010,
APPAPER,EQ,99.1,99.95,98.65,99.1,99.6,98.85,7252,719733.35,28-JUN-2010,
APTECHT,EQ,140.0,143.65,140.0,141.2,140.7,140.85,510910,72232961.0,28-JUN-2010,
AQUA,EQ,548.0,557.8,536.3,545.9,537.25,545.55,338969,186337618.3,28-JUN-2010,
ARCHIDPLY,EQ,31.5,31.75,31.0,31.5,31.5,31.05,4069,128242.15,28-JUN-2010,
ARCHIES,EQ,110.05,113.9,110.05,113.35,112.65,109.75,37626,4235640.9,28-JUN-2010,
AREVAT&D,EQ,290.5,292.9,289.5,290.25,289.55,290.15,81492,23715246.5,28-JUN-2010,
ARIES,EQ,121.95,122.0,118.2,120.8,120.1,119.2,24946,3003535.35,28-JUN-2010,
ARIHANT,EQ,125.05,131.0,125.05,127.45,125.5,127.75,6296,813604.5,28-JUN-2010,
ARL,EQ,1.8,1.85,1.75,1.8,1.8,1.8,269779,483570.7,28-JUN-2010,
AROGRANITE,EQ,48.0,48.0,46.05,46.3,46.3,47.3,1550,72600.0,28-JUN-2010,
ARROWTEX,EQ,11.3,11.3,10.25,10.7,10.8,10.8,42207,449164.75,28-JUN-2010,
ARSHIYA,EQ,240.7,247.0,237.1,237.75,237.6,240.7,4473,1081999.5,28-JUN-2010,
ARSSINFRA,EQ,1186.0,1195.4,1164.0,1170.7,1168.8,1179.05,195946,231475401.75,28-JUN-2010,
ARVIND,EQ,34.1,36.4,33.9,35.5,35.7,33.55,3320730,118472600.95,28-JUN-2010,
ASAHIINDIA,EQ,67.35,69.8,67.35,69.1,69.0,67.5,54496,3754706.05,28-JUN-2010,
ASAL,EQ,73.55,78.0,73.55,76.55,76.95,75.3,7597,583343.65,28-JUN-2010,
ASHAPURMIN,EQ,61.8,69.5,61.55,68.2,68.2,60.8,722300,48122084.35,28-JUN-2010,
ASHCO,BE,1.0,1.0,0.9,0.9,0.9,0.95,2444520,2204373.5,28-JUN-2010,
ASHIMASYN,EQ,5.6,5.7,5.5,5.7,5.7,5.8,12854,72495.0,28-JUN-2010,
ASHOKLEY,EQ,62.0,64.2,61.5,64.0,63.9,62.5,2373260,150756146.7,28-JUN-2010,
ASIANELEC,EQ,26.65,27.35,26.65,27.1,27.25,26.75,156140,4229579.9,28-JUN-2010,
ASIANHOTNR,EQ,406.55,413.25,396.0,407.4,409.75,396.55,1945,785741.85,28-JUN-2010,
ASIANPAINT,EQ,2402.0,2402.0,2357.0,2366.05,2365.0,2399.45,45873,108747038.65,28-JUN-2010,
ASIANTILES,EQ,55.3,59.4,55.25,56.7,56.2,56.35,3085,175688.3,28-JUN-2010,
ASIL,BE,2.3,2.5,2.3,2.5,2.5,2.4,200,480.0,28-JUN-2010,
ASSAMCO,EQ,20.35,20.5,19.7,19.85,19.75,20.35,786459,15751480.6,28-JUN-2010,
ASTEC,EQ,72.0,73.3,70.2,71.7,71.6,71.2,197625,14160825.85,28-JUN-2010,
ASTRAL,EQ,260.0,262.8,245.25,253.05,251.2,259.25,14060,3561755.85,28-JUN-2010,
ASTRAMICRO,EQ,62.2,63.9,61.75,62.1,61.9,61.5,154096,9649425.95,28-JUN-2010,
ASTRAZEN,EQ,962.5,1014.0,962.0,999.75,996.0,960.35,6402,6372160.85,28-JUN-2010,
ATFL,EQ,260.0,266.0,259.6,265.55,265.95,260.95,8234,2151602.1,28-JUN-2010,
ATLANTA,EQ,314.6,322.0,314.0,316.9,317.0,311.95,266171,84635834.7,28-JUN-2010,
ATLASCYCLE,EQ,212.1,216.7,209.2,210.6,210.75,210.2,33288,7103338.3,28-JUN-2010,
ATNINTER,BE,2.15,2.4,2.15,2.2,2.15,2.25,11733,26468.7,28-JUN-2010,
ATUL,EQ,101.05,103.0,101.0,102.25,102.65,101.05,86535,8855448.2,28-JUN-2010,
AURIONPRO,EQ,275.0,283.9,269.0,269.0,269.0,262.05,617,171496.2,28-JUN-2010,
AUROPHARMA,EQ,860.0,896.0,854.05,888.25,889.0,856.05,418715,371490569.8,28-JUN-2010,
AUSOMENT,EQ,31.0,32.7,31.0,31.3,31.3,31.5,605,19606.5,28-JUN-2010,
AUSTRAL,EQ,7.0,7.05,6.8,6.85,6.85,6.9,1324260,9155540.75,28-JUN-2010,
AUTOAXLES,EQ,411.45,433.7,411.45,427.7,425.05,422.0,1571,670030.65,28-JUN-2010,
AUTOIND,EQ,129.0,133.0,129.0,129.35,129.7,128.85,20333,2655458.9,28-JUN-2010,
AUTOLITIND,EQ,32.1,33.85,32.1,33.0,33.0,32.3,7210,236971.9,28-JUN-2010,
AVANTI,EQ,21.75,21.75,21.75,21.75,21.75,22.7,100,2175.0,28-JUN-2010,
AVENTIS,EQ,1857.4,1898.0,1842.05,1850.8,1845.0,1870.0,1894,3550761.9,28-JUN-2010,
AVTNPL,EQ,93.0,95.9,93.0,94.0,93.65,94.05,1287,121133.25,28-JUN-2010,
AXIS-IT&T,EQ,63.05,67.9,63.05,66.6,66.6,65.3,3180,209650.65,28-JUN-2010,
AXISBANK,EQ,1251.0,1266.3,1242.0,1261.95,1260.0,1249.1,796613,999203925.4,28-JUN-2010,
BAGFILMS,EQ,16.8,17.75,16.8,17.7,17.75,16.9,1835473,31903837.55,28-JUN-2010,
BAJAJ-AUTO,EQ,2405.0,2478.0,2396.1,2458.5,2466.0,2413.6,162521,395286401.15,28-JUN-2010,
BAJAJELEC,EQ,222.0,226.1,220.3,223.5,223.3,219.5,43001,9620162.45,28-JUN-2010,
BAJAJFINSV,EQ,424.7,428.0,416.0,425.75,426.45,422.1,147829,62823976.45,28-JUN-2010,
BAJAJHIND,EQ,114.2,120.6,113.75,119.85,120.0,113.05,3802610,447507667.0,28-JUN-2010,
BAJAJHLDNG,EQ,709.0,709.0,698.85,703.5,705.0,700.2,69583,48801724.25,28-JUN-2010,
BAJAUTOFIN,EQ,473.0,475.0,467.05,470.75,473.9,474.75,32727,15508528.15,28-JUN-2010,
BALAJITELE,EQ,56.85,57.0,55.9,56.2,56.6,56.25,147258,8311216.45,28-JUN-2010,
BALAMINES,EQ,158.6,162.4,158.5,162.15,162.0,160.75,2307,371496.35,28-JUN-2010,
BALKRISIND,EQ,595.0,595.0,580.0,581.9,581.1,580.0,1374,802753.25,28-JUN-2010,
BALLARPUR,EQ,31.5,32.3,31.1,31.4,31.35,31.05,719939,22692048.9,28-JUN-2010,
BALMLAWRIE,EQ,645.0,651.05,627.55,631.45,630.5,641.35,48581,31055702.9,28-JUN-2010,
BALPHARMA,EQ,28.05,29.2,28.05,28.95,29.2,28.25,3160,90441.8,28-JUN-2010,
BALRAMCHIN,EQ,79.7,87.25,79.5,86.05,86.5,78.85,8208391,691375989.0,28-JUN-2010,
BANARISUG,EQ,880.0,930.0,870.0,901.15,904.95,879.45,11044,10018543.35,28-JUN-2010,
BANCOINDIA,EQ,110.15,115.0,110.0,113.25,112.8,111.8,41528,4666441.85,28-JUN-2010,
BANG,EQ,49.0,49.5,48.4,48.65,48.8,48.55,21135,1029072.1,28-JUN-2010,
BANKBARODA,EQ,694.9,715.9,694.9,713.75,713.65,693.35,549617,390490501.8,28-JUN-2010,
BANKBEES,EQ,970.0,970.0,943.5,960.29,961.0,947.4,5362,5074770.67,28-JUN-2010,
BANKINDIA,EQ,344.5,348.45,340.4,346.45,346.5,344.35,454783,157322652.35,28-JUN-2010,
BANKRAJAS,EQ,169.0,175.1,169.0,174.6,174.95,170.45,680193,117409947.3,28-JUN-2010,
BANSWRAS,EQ,124.7,124.7,117.5,118.2,118.0,117.1,3960,471823.4,28-JUN-2010,
BARTRONICS,EQ,142.25,143.55,140.6,142.2,142.35,141.8,121418,17278971.7,28-JUN-2010,
BASF,EQ,425.7,425.7,420.05,421.15,420.5,422.5,10985,4637387.5,28-JUN-2010,
BASML,EQ,118.05,121.0,115.2,116.25,116.5,118.9,3985,468587.1,28-JUN-2010,
BATAINDIA,EQ,277.0,280.4,273.0,273.8,274.5,275.6,94144,26012682.75,28-JUN-2010,
BATLIBOI,EQ,31.85,32.0,31.3,31.4,31.5,31.25,4606,145824.5,28-JUN-2010,
BAYERCROP,EQ,825.0,829.9,810.1,814.65,816.0,819.9,2959,2425467.1,28-JUN-2010,
BBL,EQ,1051.15,1139.0,1051.15,1129.75,1135.0,1079.8,20745,23140779.95,28-JUN-2010,
BBTC,EQ,332.05,375.5,332.05,368.6,365.5,344.35,7145,2566338.35,28-JUN-2010,
BEARDSELL,EQ,54.0,58.3,53.8,57.65,58.3,55.8,77,4161.55,28-JUN-2010,
BEL,EQ,1695.55,1750.6,1695.55,1743.2,1740.0,1710.35,102602,176980874.95,28-JUN-2010,
BELCERAMIC,EQ,7.25,8.4,7.0,8.4,8.4,7.0,206048,1678501.55,28-JUN-2010,
BEML,EQ,1010.0,1018.0,1002.7,1010.2,1009.0,1008.95,9068,9169202.45,28-JUN-2010,
BEPL,BE,30.9,31.4,30.25,30.6,30.25,30.3,5050,154492.5,28-JUN-2010,
BERGEPAINT,EQ,75.0,76.55,73.9,75.45,75.75,74.6,229344,17295756.35,28-JUN-2010,
BFUTILITIE,EQ,704.85,707.25,695.0,700.4,700.1,692.0,34105,23924719.7,28-JUN-2010,
BGRENERGY,EQ,701.0,719.75,681.5,708.5,710.0,700.45,355529,251663440.6,28-JUN-2010,
BHAGWATIHO,EQ,83.5,83.5,81.1,82.1,82.85,82.0,9489,780491.4,28-JUN-2010,
BHAGYNAGAR,EQ,24.55,24.95,24.1,24.35,24.25,24.05,19140,466062.9,28-JUN-2010,
BHARATFORG,EQ,288.05,294.55,286.6,293.05,291.9,290.15,233819,67987036.0,28-JUN-2010,
BHARATGEAR,EQ,52.0,57.45,51.25,56.3,55.0,50.8,39670,2185519.5,28-JUN-2010,
BHARATRAS,BE,105.0,107.95,100.25,107.5,107.5,103.0,131,13309.2,28-JUN-2010,
BHARTIARTL,EQ,264.0,266.75,263.85,265.4,265.05,263.05,4953501,1314408401.3,28-JUN-2010,
BHARTISHIP,EQ,251.6,252.0,247.35,249.5,250.0,249.9,137064,34196424.05,28-JUN-2010,
BHEL,EQ,2454.0,2487.0,2452.0,2478.15,2478.9,2451.9,382182,946902251.0,28-JUN-2010,
BHUSANSTL,EQ,1418.0,1449.0,1414.1,1444.4,1447.0,1412.4,122851,176108332.55,28-JUN-2010,
BIL,EQ,69.1,74.3,69.0,70.85,70.2,71.05,67092,4837530.65,28-JUN-2010,
BILPOWER,EQ,187.6,192.8,184.1,188.9,187.6,185.55,3606,680135.4,28-JUN-2010,
BIMETAL,EQ,295.0,295.0,266.15,266.15,266.15,272.75,270,72853.15,28-JUN-2010,
BINANICEM,EQ,78.0,80.9,78.0,79.7,79.8,80.3,54459,4357299.25,28-JUN-2010,
BINANIIND,EQ,118.5,119.6,115.05,116.1,116.0,117.95,13596,1587907.85,28-JUN-2010,
BINDALAGRO,EQ,17.0,17.35,16.85,17.1,17.0,16.95,209487,3573654.05,28-JUN-2010,
BIOCON,EQ,323.2,325.95,321.4,324.2,324.0,321.05,421341,136394164.7,28-JUN-2010,
BIRLACORPN,EQ,355.65,375.0,355.65,369.4,366.15,361.05,36764,13505187.0,28-JUN-2010,
BIRLACOT,EQ,0.9,0.9,0.8,0.85,0.85,0.85,5310914,4518520.6,28-JUN-2010,
BIRLAERIC,EQ,17.15,19.0,17.15,18.65,18.65,18.25,30195,557073.9,28-JUN-2010,
BIRLAMONEY,EQ,40.65,43.8,40.65,43.5,43.8,43.1,4669,202237.2,28-JUN-2010,
BIRLAPOWER,EQ,2.45,2.45,2.4,2.4,2.45,2.45,1347117,3266405.3,28-JUN-2010,
BLBLIMITED,EQ,11.9,11.9,11.5,11.7,11.7,11.65,3180,37105.5,28-JUN-2010,
BLKASHYAP,EQ,338.0,353.0,338.0,346.15,345.05,339.15,14357,4976771.85,28-JUN-2010,
BLUEBIRD,EQ,14.0,14.4,14.0,14.3,14.4,13.95,54309,773805.7,28-JUN-2010,
BLUECHIP,EQ,1.2,1.2,1.15,1.15,1.2,1.2,44055,51676.55,28-JUN-2010,
BLUEDART,EQ,967.85,975.0,940.0,959.3,963.35,972.05,1274,1226669.95,28-JUN-2010,
BLUESTARCO,EQ,415.0,425.0,414.5,423.5,425.0,413.35,14802,6221415.55,28-JUN-2010,
BLUESTINFO,EQ,106.45,111.0,106.4,108.55,108.8,107.5,3312,360161.7,28-JUN-2010,
BOC,EQ,285.0,289.85,285.0,286.25,286.25,288.1,30248,8681715.3,28-JUN-2010,
BOMDYEING,EQ,506.8,506.8,497.0,498.3,497.95,496.45,140714,70354526.5,28-JUN-2010,
BOSCHLTD,EQ,5447.0,5479.8,5342.0,5384.5,5356.0,5365.9,8844,47817984.95,28-JUN-2010,
BPCL,EQ,624.0,654.2,605.2,642.5,639.6,620.7,10220253,6531965461.6,28-JUN-2010,
BPL,EQ,39.6,41.5,38.6,40.15,40.2,39.15,174884,7038762.2,28-JUN-2010,
BRANDHOUSE,EQ,41.5,41.5,39.75,40.3,40.15,40.75,101570,4127459.6,28-JUN-2010,
BRFL,EQ,252.5,255.8,248.2,253.55,254.3,253.05,306494,77361229.25,28-JUN-2010,
BRIGADE,EQ,136.0,137.4,135.25,136.25,136.1,135.6,18605,2538922.1,28-JUN-2010,
BRITANNIA,EQ,1855.05,1869.0,1845.35,1850.45,1846.1,1859.45,2339,4337402.65,28-JUN-2010,
BROADCAST,EQ,18.5,18.6,17.85,18.1,18.15,17.7,3400,61700.0,28-JUN-2010,
BSELINFRA,EQ,11.8,12.25,11.75,11.8,11.75,11.75,629652,7523325.8,28-JUN-2010,
BSL,EQ,37.7,37.7,33.6,34.0,34.05,36.5,94556,3313396.35,28-JUN-2010,
BURNPUR,EQ,11.45,11.75,11.45,11.55,11.55,11.45,37236,431093.0,28-JUN-2010,
BVCL,EQ,31.25,32.0,31.25,31.45,31.3,32.1,11010,346424.9,28-JUN-2010,
CADILAHC,EQ,640.0,649.0,635.0,638.0,637.5,639.55,43218,27711711.5,28-JUN-2010,
CAIRN,EQ,310.2,316.4,310.0,311.9,311.0,310.95,1910799,597901567.2,28-JUN-2010,
CALSOFT,BE,55.0,56.1,54.2,55.25,55.25,53.4,5755,320539.25,28-JUN-2010,
CAMBRIDGE,EQ,60.7,62.5,60.65,61.5,61.3,61.2,11209,688749.0,28-JUN-2010,
CAMLIN,EQ,33.55,35.7,33.5,35.45,35.65,33.25,1313359,46204667.4,28-JUN-2010,
CANBK,EQ,435.0,446.0,433.5,444.35,445.3,432.9,543804,239826086.3,28-JUN-2010,
CANDC,EQ,240.75,241.0,238.2,238.65,238.85,239.1,5888,1409849.9,28-JUN-2010,
CANFINHOME,EQ,96.0,109.2,96.0,104.2,104.0,95.2,282857,29257046.45,28-JUN-2010,
CARBORUNIV,EQ,215.0,226.9,215.0,220.55,218.0,217.0,125153,27644557.2,28-JUN-2010,
CAROLINFO,EQ,63.05,64.1,63.0,64.0,64.1,63.65,1312,83396.55,28-JUN-2010,
CASTROL,EQ,432.0,447.3,423.8,439.8,438.0,429.5,244153,106590587.05,28-JUN-2010,
CCCL,EQ,88.0,89.8,87.05,87.9,87.9,87.0,7063,619947.25,28-JUN-2010,
CCL,EQ,217.0,220.0,211.1,217.15,217.0,212.65,18414,3982491.95,28-JUN-2010,
CEATLTD,EQ,138.15,138.5,136.05,136.3,136.15,137.4,33046,4528430.0,28-JUN-2010,
CELEBRITY,EQ,22.35,22.7,21.4,21.8,21.4,21.8,3600,79202.9,28-JUN-2010,
CELESTIAL,EQ,40.4,40.4,33.05,33.85,33.7,33.7,28960,992543.4,28-JUN-2010,
CENTENKA,EQ,242.95,242.95,237.25,238.35,238.95,240.7,12397,2960977.4,28-JUN-2010,
CENTEXT,EQ,6.25,6.5,6.2,6.4,6.35,6.25,30698,196051.7,28-JUN-2010,
CENTRALBK,EQ,142.4,144.0,142.4,143.0,143.0,142.55,122587,17539775.85,28-JUN-2010,
CENTUM,EQ,120.0,121.85,118.5,119.4,119.0,120.0,3961,475417.55,28-JUN-2010,
CENTURYPLY,EQ,59.0,59.75,58.0,59.1,59.5,58.95,376528,22209524.65,28-JUN-2010,
CENTURYTEX,EQ,463.9,467.8,458.5,465.2,466.8,464.35,354957,164366093.4,28-JUN-2010,
CERA,EQ,245.3,250.05,244.5,248.15,250.0,249.55,1489,370381.25,28-JUN-2010,
CESC,EQ,375.0,378.45,370.05,374.0,374.0,374.0,148960,55748324.55,28-JUN-2010,
CHAMBLFERT,EQ,64.0,65.25,64.0,64.8,64.9,63.85,1387064,89717261.55,28-JUN-2010,
CHEMFALKAL,EQ,56.0,57.0,54.9,57.0,57.0,54.75,1580,87915.85,28-JUN-2010,
CHEMPLAST,EQ,9.0,9.45,8.8,9.2,9.3,8.95,140522,1277591.0,28-JUN-2010,
CHENNPETRO,EQ,253.6,262.4,252.4,258.8,258.05,250.45,1426681,368789283.4,28-JUN-2010,
CHESLINTEX,EQ,12.1,12.35,11.95,12.2,12.35,11.85,2913,35261.8,28-JUN-2010,
CHETTINAD,EQ,559.0,559.0,559.0,559.0,559.0,540.7,10,5590.0,28-JUN-2010,
CHOLAFIN,EQ,134.1,139.0,131.05,135.75,135.3,133.95,214257,29145831.2,28-JUN-2010,
CINEMAX,EQ,51.0,54.6,51.0,53.45,53.3,50.95,94287,5005875.8,28-JUN-2010,
CINEVISTA,BE,5.65,5.9,5.55,5.85,5.85,5.7,4710,26628.65,28-JUN-2010,
CIPLA,EQ,348.0,352.0,344.3,348.4,347.05,347.1,779746,271250824.0,28-JUN-2010,
CLASSIC,EQ,20.2,21.3,20.2,20.8,20.9,20.6,22120,462959.7,28-JUN-2010,
CLNINDIA,EQ,625.0,648.0,622.3,630.1,629.5,639.0,2864,1810602.1,28-JUN-2010,
CLUTCHAUTO,EQ,64.1,64.1,62.35,63.55,64.0,64.3,69495,4402093.65,28-JUN-2010,
CMC,EQ,1449.45,1478.5,1430.05,1446.15,1446.5,1456.6,3340,4894580.05,28-JUN-2010,
COLPAL,EQ,842.0,854.8,840.0,848.25,847.85,847.85,52077,44025617.95,28-JUN-2010,
COMSYS,EQ,35.2,35.5,34.3,34.3,34.3,35.05,16215,566501.4,28-JUN-2010,
CONCOR,EQ,1324.7,1327.8,1295.0,1320.95,1322.0,1298.3,37083,48586209.65,28-JUN-2010,
CONSOFINVT,EQ,57.0,58.95,57.0,58.7,58.85,57.8,1508,88113.8,28-JUN-2010,
CORDSCABLE,EQ,44.7,45.85,43.5,43.95,43.5,44.95,17587,779903.95,28-JUN-2010,
COREPROTEC,EQ,232.1,241.4,225.7,239.25,240.9,231.05,4582217,1072590883.9,28-JUN-2010,
COROMANDEL,EQ,472.0,479.0,471.0,474.85,473.4,470.4,33753,16039183.75,28-JUN-2010,
CORPBANK,EQ,510.0,526.0,508.15,523.2,520.9,512.9,75450,39206835.7,28-JUN-2010,
COSMOFILMS,EQ,120.0,121.9,119.7,119.75,119.7,120.25,6788,814892.75,28-JUN-2010,
COX&KINGS,EQ,473.0,481.95,470.0,472.75,473.1,472.5,20598,9794592.85,28-JUN-2010,
CRANESSOFT,EQ,14.0,14.35,13.9,13.95,13.95,14.15,371976,5230220.0,28-JUN-2010,
CREATIVEYE,EQ,7.3,7.55,7.3,7.35,7.35,7.35,2440,17849.7,28-JUN-2010,
CRESTANI,EQ,89.0,90.85,85.15,89.5,89.9,88.05,9734,870816.35,28-JUN-2010,
CREWBOS,EQ,87.55,88.5,87.0,87.5,87.2,87.0,31707,2781876.1,28-JUN-2010,
CRISIL,EQ,5689.0,5743.0,5689.0,5723.4,5735.0,5710.85,162,927496.45,28-JUN-2010,
CROMPGREAV,EQ,254.0,266.8,253.9,265.05,266.35,255.05,1474693,387127592.3,28-JUN-2010,
CRONIMET,EQ,47.1,52.5,47.1,50.45,50.0,49.4,35047,1770431.3,28-JUN-2010,
CTE,EQ,19.9,20.35,19.9,20.3,20.35,19.85,1512,30442.15,28-JUN-2010,
CUB,EQ,35.2,36.0,34.65,35.85,36.0,34.75,1793979,63875123.8,28-JUN-2010,
CUBEXTUB,EQ,18.85,20.0,18.8,19.0,18.8,18.2,6237,122390.65,28-JUN-2010,
CUMMINSIND,EQ,576.4,590.0,573.0,587.3,587.35,570.65,170440,99237929.35,28-JUN-2010,
CYBERMEDIA,EQ,29.15,29.15,29.15,29.15,29.15,29.0,50,1457.5,28-JUN-2010,
CYBERTECH,EQ,19.0,19.8,19.0,19.05,19.0,19.0,1967,37559.5,28-JUN-2010,
DAAWAT,EQ,59.5,61.1,59.5,60.45,60.35,58.75,56438,3412664.8,28-JUN-2010,
DABUR,EQ,201.0,202.75,199.55,201.6,202.0,200.9,532809,107302807.1,28-JUN-2010,
DALMIACEM,EQ,208.55,210.5,205.1,205.95,206.0,208.6,21183,4387134.65,28-JUN-2010,
DATAMATICS,EQ,33.4,33.7,33.2,33.5,33.5,33.4,6438,215670.9,28-JUN-2010,
DBCORP,EQ,240.2,248.0,240.2,243.75,243.0,241.15,9364,2284753.8,28-JUN-2010,
DBREALTY,EQ,379.9,379.9,368.0,369.7,370.0,372.55,43288,16138683.55,28-JUN-2010,
DCB,EQ,46.0,46.05,45.2,45.75,45.75,45.85,1575061,71901622.35,28-JUN-2010,
DCHL,EQ,122.0,124.4,120.4,123.45,123.7,121.85,363295,44590703.1,28-JUN-2010,
DCM,EQ,61.5,61.5,58.05,58.15,58.4,59.85,46103,2708669.25,28-JUN-2010,
DCMFINSERV,BE,4.45,4.45,4.2,4.3,4.3,4.35,17133,74431.0,28-JUN-2010,
DCMSRMCONS,EQ,50.25,50.9,48.05,50.4,50.35,49.4,58336,2913666.5,28-JUN-2010,
DCW,EQ,17.9,18.0,17.5,17.65,17.65,17.6,194107,3445069.45,28-JUN-2010,
DECCANCE,EQ,167.0,169.0,167.0,168.9,168.9,169.0,245,41191.6,28-JUN-2010,
DECOLIGHT,EQ,9.95,10.0,9.55,9.75,9.85,9.65,32841,321172.6,28-JUN-2010,
DEEPAKFERT,EQ,139.5,141.45,136.5,140.6,140.5,137.25,280566,39131570.5,28-JUN-2010,
DEEPIND,EQ,105.4,106.0,103.9,104.95,104.05,104.1,50068,5256854.75,28-JUN-2010,
DELTACORP,EQ,34.9,36.45,34.9,35.4,35.45,35.25,188622,6740023.65,28-JUN-2010,
DELTAMAGNT,EQ,16.95,16.95,16.95,16.95,16.95,16.1,100,1695.0,28-JUN-2010,
DEN,EQ,200.0,200.85,196.3,200.7,199.5,196.3,49581,9929892.0,28-JUN-2010,
DENABANK,EQ,94.0,94.5,91.25,93.2,93.05,93.35,752660,69997964.95,28-JUN-2010,
DENORA,EQ,69.85,69.85,66.85,67.3,67.3,66.7,1142,77835.2,28-JUN-2010,
DEWANHOUS,EQ,227.15,236.65,226.1,230.1,230.15,224.75,155620,35975893.5,28-JUN-2010,
DHAMPURSUG,EQ,61.2,65.65,61.2,65.4,65.05,60.9,917815,58898132.35,28-JUN-2010,
DHANBANK,EQ,177.0,189.45,177.0,187.3,189.0,176.2,1370146,251980351.45,28-JUN-2010,
DHANUS,EQ,17.1,17.35,16.75,17.25,17.3,17.0,28259,483335.2,28-JUN-2010,
DHARSUGAR,EQ,38.5,45.45,38.5,44.2,44.5,42.45,20545,897867.4,28-JUN-2010,
DICIND,EQ,300.0,300.0,292.15,294.5,296.0,293.05,4283,1263349.9,28-JUN-2010,
DIGJAM,EQ,13.15,13.25,12.1,12.5,12.45,13.0,1518765,19000338.95,28-JUN-2010,
DISHMAN,EQ,217.5,221.95,217.5,221.05,220.65,216.4,70770,15574622.95,28-JUN-2010,
DISHTV,EQ,45.8,45.9,44.85,45.45,45.35,45.2,1768284,80240101.5,28-JUN-2010,
DIVISLAB,EQ,770.0,778.0,764.0,775.8,778.0,767.75,55515,42913991.55,28-JUN-2010,
DLF,EQ,288.55,292.95,284.2,291.75,292.0,286.15,3338611,963666961.55,28-JUN-2010,
DLINKINDIA,EQ,34.9,34.9,33.4,33.55,33.75,33.8,27813,945873.35,28-JUN-2010,
DOLPHINOFF,EQ,310.0,319.0,310.0,313.65,312.0,313.4,3408,1074555.1,28-JUN-2010,
DONEAR,EQ,28.0,28.55,27.25,27.8,27.95,28.2,19967,558740.35,28-JUN-2010,
DPSCLTD,EQ,788.95,788.95,713.05,726.45,728.0,715.1,705,510235.35,28-JUN-2010,
DREDGECORP,EQ,573.8,584.4,571.0,574.65,575.0,576.4,27389,15846967.85,28-JUN-2010,
DRREDDY,EQ,1488.0,1506.0,1470.0,1480.1,1480.0,1483.8,210223,311660054.7,28-JUN-2010,
DSKULKARNI,EQ,68.0,68.7,67.15,68.2,68.3,67.45,21272,1445737.6,28-JUN-2010,
DTIL,EQ,158.0,158.0,153.1,157.95,157.9,153.6,704,110451.5,28-JUN-2010,
DUNCANSIND,EQ,18.85,18.9,18.2,18.4,18.5,18.6,151269,2809809.6,28-JUN-2010,
DWARKESH,EQ,64.25,74.85,64.25,72.7,73.1,64.65,246571,17426452.5,28-JUN-2010,
DYNACONS,EQ,0.9,0.9,0.85,0.85,0.85,0.9,152215,130588.8,28-JUN-2010,
DYNAMATECH,EQ,970.0,987.0,970.0,980.0,980.0,970.0,627,613250.0,28-JUN-2010,
EASTSILK,EQ,13.5,14.1,13.5,13.85,13.85,13.65,80119,1106768.15,28-JUN-2010,
EASUNREYRL,EQ,103.0,108.35,98.9,106.15,106.15,101.6,190280,19814095.8,28-JUN-2010,
ECEIND,EQ,131.65,133.75,128.0,130.85,130.05,130.3,939,123521.75,28-JUN-2010,
ECLERX,EQ,606.05,625.8,600.0,612.1,610.0,605.6,6285,3872119.1,28-JUN-2010,
EDELWEISS,EQ,519.0,527.0,503.0,505.45,504.95,519.0,123169,62545598.35,28-JUN-2010,
EDL,EQ,124.0,125.25,123.3,123.85,123.9,123.75,10428,1294303.75,28-JUN-2010,
EDSERV,EQ,200.0,206.45,197.45,201.2,203.0,199.65,209088,42172411.8,28-JUN-2010,
EDUCOMP,EQ,544.4,545.75,532.55,541.35,541.9,542.5,817991,440278607.1,28-JUN-2010,
EICHERMOT,EQ,900.0,905.0,889.0,900.45,902.65,896.75,11569,10421369.0,28-JUN-2010,
EIDPARRY,EQ,395.05,447.0,395.05,425.25,422.8,392.95,297291,126819398.3,28-JUN-2010,
EIHAHOTELS,EQ,152.0,152.0,145.2,148.35,147.1,148.55,9443,1407639.6,28-JUN-2010,
EIHOTEL,EQ,123.0,124.95,122.6,123.2,123.15,122.6,47400,5858261.3,28-JUN-2010,
EIMCOELECO,EQ,235.05,247.5,235.05,239.55,241.0,237.5,1299,311457.65,28-JUN-2010,
EKC,EQ,134.4,139.45,134.05,138.8,138.65,133.4,2101532,289151707.5,28-JUN-2010,
ELDERPHARM,EQ,351.6,357.7,351.6,354.55,353.5,351.0,2065,731489.5,28-JUN-2010,
ELECON,EQ,87.5,88.7,86.0,87.2,87.4,87.1,208769,18281804.75,28-JUN-2010,
ELECTCAST,EQ,49.1,49.5,48.75,49.1,49.3,48.9,218178,10714105.1,28-JUN-2010,
ELECTHERM,EQ,296.95,333.0,293.4,303.9,304.0,292.35,6139,1858286.8,28-JUN-2010,
ELFORGE,EQ,26.7,27.5,26.6,27.35,27.35,27.0,6121,166405.35,28-JUN-2010,
ELGIEQUIP,EQ,116.0,120.0,116.0,117.05,117.5,118.9,12068,1418075.25,28-JUN-2010,
ELGIRUBBER,EQ,8.25,8.6,8.05,8.45,8.45,8.4,27929,236209.9,28-JUN-2010,
ELNET,EQ,71.45,76.4,68.15,74.55,74.5,69.25,173747,12963146.0,28-JUN-2010,
EMAMILTD,EQ,784.9,790.0,775.15,778.4,777.95,781.35,12428,9708122.15,28-JUN-2010,
EMCO,EQ,82.6,87.0,81.75,84.1,83.95,81.95,379473,32368192.8,28-JUN-2010,
EMKAY,EQ,85.0,87.0,84.5,86.95,86.95,85.1,2628,223275.6,28-JUN-2010,
EMMBI,EQ,18.7,19.45,18.7,18.8,18.75,18.7,256662,4896232.4,28-JUN-2010,
ENERGYDEV,EQ,44.95,46.5,43.6,45.15,45.25,43.8,71863,3263358.15,28-JUN-2010,
ENGINERSIN,EQ,317.0,319.65,315.8,316.85,316.2,315.6,173617,55121192.25,28-JUN-2010,
ENIL,EQ,235.0,240.95,235.0,239.05,239.0,234.7,38741,9247302.3,28-JUN-2010,
ENKEI,EQ,86.0,90.0,84.0,89.25,89.25,86.4,884,76268.5,28-JUN-2010,
ENTEGRA,EQ,28.1,29.65,28.1,29.15,29.1,29.85,20897,607693.9,28-JUN-2010,
ERAINFRA,EQ,207.5,210.5,206.9,207.25,207.3,207.2,232992,48473003.45,28-JUN-2010,
ESABINDIA,EQ,590.0,633.0,590.0,607.7,608.9,591.0,20131,12372048.0,28-JUN-2010,
ESCORTS,EQ,194.5,195.25,192.3,194.65,194.6,193.25,147254,28621850.2,28-JUN-2010,
ESSAROIL,EQ,143.0,144.3,139.0,140.9,141.0,137.65,9421404,1338780464.0,28-JUN-2010,
ESSARSHIP,EQ,87.1,91.35,87.1,90.4,90.25,87.95,315799,28514896.25,28-JUN-2010,
ESSDEE,EQ,514.0,519.0,510.0,514.4,512.25,519.25,50852,26232607.8,28-JUN-2010,
ESSELPACK,EQ,46.75,48.25,46.35,47.3,47.05,46.4,62771,2973970.55,28-JUN-2010,
ETC,EQ,255.95,259.95,255.0,257.5,257.5,254.15,625,160680.85,28-JUN-2010,
EUROCERA,EQ,50.0,51.5,50.0,50.15,50.15,50.75,1309,65849.0,28-JUN-2010,
EUROMULTI,EQ,28.5,29.0,28.4,28.5,28.45,28.55,14489,414818.75,28-JUN-2010,
EUROTEXIND,EQ,27.2,29.0,27.2,28.0,28.0,27.45,2250,63637.5,28-JUN-2010,
EVEREADY,EQ,66.0,66.65,64.2,64.9,65.3,65.35,294429,19229795.45,28-JUN-2010,
EVERESTIND,EQ,257.0,270.0,253.25,260.2,260.0,254.25,39836,10479465.45,28-JUN-2010,
EVERONN,EQ,421.6,464.0,421.6,456.35,458.35,424.8,505350,226677169.25,28-JUN-2010,
EVINIX,EQ,3.45,3.7,3.45,3.5,3.5,3.45,451805,1602793.85,28-JUN-2010,
EXCELCROP,EQ,231.05,234.0,213.4,227.3,228.3,232.05,18589,4217679.4,28-JUN-2010,
EXCELINDUS,EQ,90.0,91.45,87.9,88.55,88.65,90.15,5670,506286.5,28-JUN-2010,
EXCELINFO,EQ,43.5,44.7,43.25,43.55,43.5,44.2,33685,1478909.05,28-JUN-2010,
EXIDEIND,EQ,130.1,135.85,129.2,134.7,135.4,129.9,1098688,146734921.45,28-JUN-2010,
FACT,EQ,51.6,52.85,51.0,52.25,52.0,51.0,164223,8530001.65,28-JUN-2010,
FAGBEARING,EQ,576.75,648.8,565.0,573.25,570.2,553.1,2858,1660994.05,28-JUN-2010,
FAME,EQ,83.0,83.35,81.6,83.15,83.35,82.15,10458,868240.35,28-JUN-2010,
FCH,EQ,201.3,204.75,201.0,203.45,204.25,199.65,123882,25161463.4,28-JUN-2010,
FCSSOFT,EQ,3.85,4.05,3.7,3.85,3.8,3.85,8729550,33746558.95,28-JUN-2010,
FDC,EQ,92.0,96.5,92.0,93.8,93.6,92.85,184530,17497518.8,28-JUN-2010,
FEDDERLOYD,EQ,94.0,95.9,93.5,93.8,93.5,93.85,40665,3832708.0,28-JUN-2010,
FEDERALBNK,EQ,313.0,316.6,302.0,314.8,314.5,318.1,991532,309386376.25,28-JUN-2010,
FIEMIND,EQ,152.0,157.5,151.6,152.15,152.0,151.45,65253,10049424.2,28-JUN-2010,
FINANTECH,EQ,1357.0,1373.0,1352.35,1365.85,1362.0,1353.8,33598,45843447.35,28-JUN-2010,
FINCABLES,EQ,50.5,52.6,50.5,51.75,51.75,49.95,332751,17272576.0,28-JUN-2010,
FINPIPE,EQ,83.1,86.4,83.1,83.95,84.1,82.65,893524,75728655.15,28-JUN-2010,
FIRSTLEASE,EQ,53.4,53.4,52.0,52.45,52.9,52.65,13088,687326.35,28-JUN-2010,
FIRSTWIN,EQ,21.5,22.05,20.55,22.05,22.05,21.0,4712,102158.6,28-JUN-2010,
FKONCO,EQ,164.1,175.7,164.0,172.7,172.95,165.55,234028,40269030.5,28-JUN-2010,
FMGOETZE,EQ,133.6,138.0,132.0,135.25,135.95,133.65,20417,2762739.5,28-JUN-2010,
FORTIS,EQ,154.0,156.7,152.65,154.6,154.7,153.6,942935,145787081.6,28-JUN-2010,
FOSECOIND,EQ,452.0,460.0,452.0,453.05,453.0,459.95,577,261730.7,28-JUN-2010,
FOURSOFT,BE,23.1,23.5,22.2,22.85,22.95,23.0,21612,490058.65,28-JUN-2010,
FSL,EQ,27.9,28.75,27.55,28.4,28.65,27.5,1954907,54930601.7,28-JUN-2010,
FTCSF5YDIV,EQ,11.25,11.3,11.25,11.3,11.3,11.2,6500,73375.0,28-JUN-2010,
GABRIEL,EQ,63.25,64.9,62.5,64.4,64.7,63.0,161239,10310247.95,28-JUN-2010,
GAEL,EQ,23.85,24.35,23.5,23.95,23.9,23.85,57311,1369725.0,28-JUN-2010,
GAIL,EQ,488.2,492.65,469.5,473.8,471.95,484.15,4630833,2213426751.15,28-JUN-2010,
GALLANTT,EQ,31.5,32.4,31.5,31.95,31.8,31.95,82410,2634122.6,28-JUN-2010,
GAMMNINFRA,EQ,26.9,27.25,26.8,27.0,26.9,26.9,246635,6659310.1,28-JUN-2010,
GAMMONIND,EQ,205.9,209.95,202.25,208.95,209.1,204.25,47076,9749766.85,28-JUN-2010,
GANDHITUBE,EQ,98.0,98.0,96.1,97.25,97.25,97.05,205,19874.75,28-JUN-2010,
GANESHHOUC,EQ,172.5,180.0,172.5,179.65,180.0,177.0,10801,1935538.1,28-JUN-2010,
GANGOTRI,EQ,8.9,9.0,8.75,8.95,8.9,9.15,13662,121230.3,28-JUN-2010,
GARDENSILK,EQ,82.1,84.95,79.1,79.85,79.75,79.2,57721,4692073.35,28-JUN-2010,
GARWALLROP,EQ,76.2,81.0,76.2,78.6,78.6,77.45,14680,1166023.0,28-JUN-2010,
GARWOFFS,EQ,136.0,141.0,135.1,139.95,140.0,138.4,4377,611675.2,28-JUN-2010,
GATI,EQ,64.35,64.35,62.8,63.8,64.3,63.25,108731,6911967.1,28-JUN-2010,
GDL,EQ,117.0,120.2,116.5,117.1,117.55,116.4,62686,7386069.25,28-JUN-2010,
GEECEE,EQ,63.5,63.7,62.8,63.15,62.8,62.9,11044,697768.3,28-JUN-2010,
GEMINI,EQ,30.75,31.35,30.05,30.9,30.95,30.75,23642,731534.8,28-JUN-2010,
GENESYS,EQ,203.5,204.0,197.0,200.15,198.05,203.5,13430,2696473.0,28-JUN-2010,
GENUSPOWER,EQ,207.0,210.5,207.0,208.75,208.05,209.25,20889,4370104.75,28-JUN-2010,
GEODESIC,EQ,91.8,92.1,90.15,90.3,90.4,90.45,278479,25387770.05,28-JUN-2010,
GEOJITBNPP,EQ,33.8,34.4,33.6,34.0,34.0,33.8,261543,8885158.85,28-JUN-2010,
GEOMETRIC,EQ,66.7,68.05,66.25,67.45,67.3,65.95,94493,6373306.4,28-JUN-2010,
GESHIP,EQ,294.25,300.0,294.0,297.8,298.0,295.75,222819,66250389.8,28-JUN-2010,
GHCL,EQ,48.5,49.4,48.3,48.8,48.95,47.95,211415,10309908.0,28-JUN-2010,
GICHSGFIN,EQ,98.55,103.8,98.5,103.1,103.4,98.5,1228221,125658165.5,28-JUN-2010,
GILLANDERS,EQ,148.0,153.95,147.9,152.2,153.95,147.35,9114,1380956.05,28-JUN-2010,
GILLETTE,EQ,1700.0,1710.0,1686.0,1697.8,1697.0,1701.35,1251,2128677.6,28-JUN-2010,
GINNIFILA,EQ,11.0,11.45,11.0,11.15,11.1,11.1,4427,49756.0,28-JUN-2010,
GIPCL,EQ,119.9,119.9,115.25,116.5,116.5,116.1,13336,1552655.15,28-JUN-2010,
GISOLUTION,EQ,19.8,20.1,18.65,19.4,19.25,19.65,13377,262393.75,28-JUN-2010,
GITANJALI,EQ,122.4,125.2,122.4,124.55,125.0,122.05,170671,21203155.65,28-JUN-2010,
GKB,EQ,49.75,50.7,49.4,50.7,50.7,52.0,320,15959.0,28-JUN-2010,
GKWLIMITED,EQ,610.0,627.0,600.5,605.0,605.0,612.0,444,269011.25,28-JUN-2010,
GLAXO,EQ,2175.0,2205.0,2175.0,2193.2,2188.0,2174.55,14803,32518676.8,28-JUN-2010,
GLENMARK,EQ,273.5,278.45,273.0,276.95,277.9,273.1,143185,39543233.6,28-JUN-2010,
GLFL,BE,4.6,4.85,4.6,4.7,4.7,4.6,6043,28700.1,28-JUN-2010,
GLOBALVECT,EQ,47.2,49.0,46.5,47.85,48.0,47.85,1943,92536.3,28-JUN-2010,
GLOBUSSPR,EQ,169.0,171.65,166.3,168.8,169.65,168.3,266114,44995839.1,28-JUN-2010,
GLODYNE,EQ,761.0,792.0,761.0,775.35,775.0,779.55,83939,65467409.0,28-JUN-2010,
GLORY,EQ,16.2,16.35,15.95,16.1,16.0,16.1,67262,1085459.95,28-JUN-2010,
GMBREW,EQ,77.5,79.75,76.25,76.9,76.25,77.45,1736,134504.45,28-JUN-2010,
GMDCLTD,EQ,127.0,129.7,126.55,128.8,129.1,125.8,650331,83639195.9,28-JUN-2010,
GMRINDS,EQ,127.1,132.0,126.0,128.75,128.2,129.45,23373,3025652.9,28-JUN-2010,
GMRINFRA,EQ,58.25,58.4,57.0,58.15,58.2,57.15,4738432,274538690.5,28-JUN-2010,
GNFC,EQ,106.2,111.4,106.2,110.6,110.5,107.5,139204,15270889.5,28-JUN-2010,
GOACARBON,EQ,103.75,104.55,102.2,103.1,103.6,103.4,21547,2225419.15,28-JUN-2010,
GODFRYPHLP,EQ,1825.05,1838.0,1806.0,1825.95,1810.0,1841.9,350,636182.85,28-JUN-2010,
GODREJCP,EQ,342.1,350.0,342.1,348.65,350.0,341.75,110175,38211316.25,28-JUN-2010,
GODREJIND,EQ,168.0,168.9,162.45,167.05,167.8,166.65,614280,102059143.7,28-JUN-2010,
GODREJPROP,EQ,600.1,627.9,600.1,613.1,612.15,614.5,50090,31031273.9,28-JUN-2010,
GOENKA,EQ,79.0,79.0,67.95,75.75,75.95,75.45,20086,1525309.8,28-JUN-2010,
GOKEX,EQ,151.7,161.0,151.7,157.15,156.95,161.85,4757,750788.6,28-JUN-2010,
GOKUL,EQ,73.1,75.3,73.1,73.65,73.8,74.05,36835,2731729.3,28-JUN-2010,
GOLDBEES,EQ,1853.5,1856.85,1851.05,1854.25,1855.0,1850.2,21280,39450648.95,28-JUN-2010,
GOLDENTOBC,EQ,102.25,104.0,101.2,101.6,101.25,102.6,12964,1323688.05,28-JUN-2010,
GOLDIAM,EQ,44.75,44.85,44.05,44.15,44.05,44.25,2521,111848.5,28-JUN-2010,
GOLDINFRA,EQ,26.3,26.85,26.05,26.15,26.15,26.6,28975,759918.8,28-JUN-2010,
GOLDSHARE,EQ,1820.0,1830.0,1820.0,1829.2,1828.0,1820.7,2645,4827081.15,28-JUN-2010,
GOLDTECH,EQ,25.5,26.2,23.2,23.6,23.6,25.6,348163,8446109.65,28-JUN-2010,
GPIL,EQ,224.0,237.9,221.0,233.5,234.0,219.75,371434,86596249.15,28-JUN-2010,
GRABALALK,EQ,44.8,44.85,42.5,42.65,42.65,43.35,3265,140685.1,28-JUN-2010,
GRANULES,EQ,98.05,99.7,97.2,98.4,98.0,97.95,37206,3667896.1,28-JUN-2010,
GRAPHITE,EQ,99.8,101.0,98.6,100.1,100.15,98.8,81585,8160409.4,28-JUN-2010,
GRASIM,EQ,1800.0,1824.0,1800.0,1815.05,1813.5,1798.65,76064,137926941.4,28-JUN-2010,
GREAVESCOT,EQ,340.0,347.9,337.0,341.35,340.2,341.5,11700,4018644.15,28-JUN-2010,
GREENPLY,EQ,184.0,194.0,183.6,188.3,187.0,184.4,111531,21256640.05,28-JUN-2010,
GRINDWELL,EQ,207.0,208.45,204.0,204.55,205.0,203.15,10948,2257443.95,28-JUN-2010,
GRUH,EQ,297.0,329.5,297.0,320.75,321.85,297.45,267948,85776958.25,28-JUN-2010,
GSFC,EQ,237.1,254.8,237.1,248.1,248.05,240.7,166849,41496085.95,28-JUN-2010,
GSKCONS,EQ,1847.95,1847.95,1780.0,1794.3,1790.0,1817.55,1225,2213409.35,28-JUN-2010,
GSLNOVA,EQ,7.1,7.35,7.1,7.2,7.15,7.1,7861,56871.05,28-JUN-2010,
GSPL,EQ,100.4,101.9,99.3,100.4,100.3,99.7,2077540,208686446.45,28-JUN-2010,
GSSAMERICA,EQ,316.2,334.9,316.2,329.4,328.0,319.8,157922,51948435.75,28-JUN-2010,
GTL,EQ,430.95,431.95,417.05,418.65,418.5,419.95,36665,15558412.25,28-JUN-2010,
GTLINFRA,EQ,47.0,49.4,46.75,47.1,47.0,45.35,33705177,1615798327.3,28-JUN-2010,
GTNIND,EQ,20.7,22.0,19.85,21.35,20.75,19.8,17059,359208.05,28-JUN-2010,
GTNTEX,EQ,15.3,15.6,14.8,14.95,14.9,14.95,10564,159839.8,28-JUN-2010,
GTOFFSHORE,EQ,442.0,449.8,442.0,445.5,445.1,446.5,15543,6920305.0,28-JUN-2010,
GUFICBIO,EQ,6.2,6.95,6.2,6.65,6.6,6.75,13472,90449.15,28-JUN-2010,
GUJALKALI,EQ,121.1,123.25,121.1,122.65,122.5,120.85,107891,13204671.4,28-JUN-2010,
GUJAPOLLO,EQ,211.5,224.5,211.5,221.95,221.9,214.05,45700,10027145.75,28-JUN-2010,
GUJFLUORO,EQ,158.0,161.9,155.65,161.1,160.65,157.35,199547,31976199.25,28-JUN-2010,
GUJNRECOKE,EQ,64.25,65.45,62.9,64.9,65.3,64.05,2405940,155046292.45,28-JUN-2010,
GUJNREDVR,EQ,39.3,40.6,39.15,40.25,40.6,39.3,190176,7558516.3,28-JUN-2010,
GUJRATGAS,EQ,313.0,313.0,304.5,310.0,310.0,305.75,51444,15918651.4,28-JUN-2010,
GUJSIDHCEM,EQ,14.15,14.5,13.9,14.15,14.25,13.95,163326,2316346.8,28-JUN-2010,
GULFOILCOR,EQ,107.4,110.9,106.0,108.8,108.85,106.4,259933,28255023.1,28-JUN-2010,
GVKPIL,EQ,44.6,44.6,43.85,44.25,44.4,44.15,4745564,209803303.05,28-JUN-2010,
HALONIX,EQ,78.4,83.7,78.4,79.25,79.0,78.95,5564,445934.65,28-JUN-2010,
HANUNG,EQ,238.0,241.0,233.0,239.25,240.5,237.2,274138,65406886.7,28-JUN-2010,
HARRMALAYA,EQ,130.0,132.8,128.5,130.95,130.6,128.45,187557,24631299.25,28-JUN-2010,
HATHWAY,EQ,185.75,192.0,181.25,190.25,191.45,183.65,716048,131476601.65,28-JUN-2010,
HAVELLS,EQ,617.4,634.95,617.4,632.2,633.0,624.7,143875,90683274.95,28-JUN-2010,
HBLPOWER,EQ,31.6,33.45,31.0,32.85,33.0,31.2,329250,10652314.4,28-JUN-2010,
HBSTOCK,EQ,24.5,26.5,24.5,26.25,26.45,25.1,15103,391551.75,28-JUN-2010,
HCC,EQ,116.9,118.45,116.05,117.1,117.1,116.0,1167942,136985009.45,28-JUN-2010,
HCIL,EQ,502.0,511.0,499.0,505.05,505.0,497.05,7817,3948688.1,28-JUN-2010,
HCL-INSYS,EQ,117.5,118.0,117.0,117.4,117.25,117.35,28710,3369909.45,28-JUN-2010,
HCLTECH,EQ,360.0,362.65,357.2,362.05,362.15,358.5,860420,310191628.0,28-JUN-2010,
HDFC,EQ,2928.0,2970.0,2915.1,2958.75,2962.0,2935.4,339963,1001349195.45,28-JUN-2010,
HDFCBANK,EQ,1952.1,1964.0,1923.25,1950.7,1951.0,1947.65,532908,1034557715.35,28-JUN-2010,
HDIL,EQ,244.8,254.0,242.6,252.75,253.6,244.45,4679842,1162203868.65,28-JUN-2010,
HEG,EQ,323.8,323.8,318.85,321.1,321.1,319.1,20098,6456705.3,28-JUN-2010,
HEIDELBERG,EQ,50.55,51.9,50.2,51.35,51.6,51.1,101575,5169691.55,28-JUN-2010,
HELIOSMATH,EQ,42.0,42.0,40.4,41.0,40.8,40.75,13145,539203.15,28-JUN-2010,
HERCULES,EQ,216.1,222.9,216.1,219.6,219.15,216.85,6535,1440760.2,28-JUN-2010,
HERITGFOOD,EQ,164.65,164.7,158.4,161.5,163.5,162.85,17481,2833506.55,28-JUN-2010,
HEROHONDA,EQ,2045.5,2059.0,2028.2,2053.45,2042.5,2056.1,132807,271556547.35,28-JUN-2010,
HEXAWARE,EQ,76.4,76.9,75.35,75.95,75.8,76.15,192966,14684972.25,28-JUN-2010,
HGSL,EQ,449.8,452.8,440.5,442.6,441.2,439.5,6689,2974073.25,28-JUN-2010,
HIKAL,EQ,368.75,368.8,366.1,368.8,368.8,365.1,1259,463837.55,28-JUN-2010,
HILTON,EQ,22.2,22.4,21.4,22.0,22.2,22.1,7489,165884.05,28-JUN-2010,
HIMACHLFUT,EQ,11.2,11.55,11.2,11.25,11.25,11.2,929078,10563971.2,28-JUN-2010,
HIMATSEIDE,EQ,38.25,39.5,38.05,39.1,39.2,38.6,56786,2228234.0,28-JUN-2010,
HINDALCO,EQ,149.9,151.5,149.2,150.65,150.85,148.5,6726186,1011992835.5,28-JUN-2010,
HINDCOMPOS,EQ,428.1,449.85,428.1,445.0,445.0,440.5,180,79708.75,28-JUN-2010,
HINDCOPPER,EQ,492.4,498.0,486.0,488.75,489.0,488.4,261515,128443633.6,28-JUN-2010,
HINDDORROL,EQ,120.1,123.8,120.1,122.05,121.85,122.1,45815,5585215.65,28-JUN-2010,
HINDMOTOR,EQ,24.0,24.4,23.3,23.55,23.6,23.95,868501,20547019.75,28-JUN-2010,
HINDNATGLS,EQ,222.0,222.9,219.0,220.45,222.0,221.4,5782,1279095.45,28-JUN-2010,
HINDOILEXP,EQ,225.85,226.7,217.4,219.05,219.7,224.75,888664,197102531.7,28-JUN-2010,
HINDPETRO,EQ,410.2,438.75,396.3,433.0,433.15,402.2,16562699,7078662993.35,28-JUN-2010,
HINDSYNTEX,EQ,3.65,3.75,3.65,3.65,3.65,3.8,1697,6208.75,28-JUN-2010,
HINDUJAFO,EQ,122.0,126.85,120.05,124.65,124.0,118.1,23793,2954426.3,28-JUN-2010,
HINDUJAVEN,EQ,317.0,322.0,314.95,316.85,314.95,320.35,2631,836815.5,28-JUN-2010,
HINDUNILVR,EQ,266.25,269.7,265.35,266.75,266.0,266.25,1198030,319915477.5,28-JUN-2010,
HINDZINC,EQ,970.0,987.2,970.0,982.85,981.2,962.9,122601,120299463.25,28-JUN-2010,
HINVDIR,EQ,424.0,424.0,390.25,392.3,392.25,392.7,4549,1789051.55,28-JUN-2010,
HIRECT,EQ,60.9,61.0,60.25,60.85,60.7,60.5,2023,122592.9,28-JUN-2010,
HITACHIHOM,EQ,308.0,325.0,308.0,316.25,316.3,306.05,177349,56509371.55,28-JUN-2010,
HITECHGEAR,EQ,182.0,185.0,180.05,181.8,180.05,183.55,2848,522908.7,28-JUN-2010,
HITECHPLAS,EQ,92.4,94.5,90.3,92.25,92.25,91.2,1081,100271.05,28-JUN-2010,
HMT,EQ,70.5,71.8,70.5,70.9,70.9,70.5,103708,7371799.0,28-JUN-2010,
HNGSNGBEES,EQ,1237.24,1250.0,1236.8,1236.8,1236.8,1250.0,117,145642.42,28-JUN-2010,
HOCL,EQ,37.3,37.8,36.1,37.8,37.8,36.0,78478,2956203.55,28-JUN-2010,
HONAUT,EQ,2800.0,2999.0,2720.0,2902.9,2950.0,2736.25,5472,15708810.55,28-JUN-2010,
HONDAPOWER,EQ,436.0,439.75,430.2,433.3,435.0,433.85,765,331469.2,28-JUN-2010,
HOPFL,EQ,74.75,77.25,74.75,76.05,76.45,75.7,23721,1813092.25,28-JUN-2010,
HORIZONINF,EQ,267.0,270.0,259.0,262.0,263.2,269.9,1646,436816.15,28-JUN-2010,
HOTELEELA,EQ,47.85,49.75,47.55,49.1,49.35,47.75,1215963,59605133.25,28-JUN-2010,
HOTELRUGBY,BE,8.45,9.1,8.45,9.1,9.1,8.65,6725,60175.0,28-JUN-2010,
HOVS,EQ,83.25,86.85,83.25,86.15,85.45,85.7,10503,897535.55,28-JUN-2010,
HSIL,EQ,92.1,101.9,92.1,95.8,96.05,95.05,363351,35147672.45,28-JUN-2010,
HTMEDIA,EQ,151.1,152.65,149.15,149.85,149.75,150.75,10749,1617190.45,28-JUN-2010,
HYDRBADIND,EQ,725.0,746.8,707.0,728.1,730.0,705.35,85878,62962122.9,28-JUN-2010,
HYDROS&S,EQ,41.0,42.8,41.0,41.8,41.55,42.0,6420,267471.95,28-JUN-2010,
IBN18,EQ,86.95,90.5,86.25,89.95,90.0,86.15,140109,12555102.6,28-JUN-2010,
IBPOW,EQ,29.0,31.25,28.8,30.85,30.85,28.75,2881166,87087976.7,28-JUN-2010,
IBREALEST,EQ,151.0,158.3,151.0,157.45,158.15,153.25,3850389,600461551.5,28-JUN-2010,
IBSEC,EQ,27.05,27.8,26.9,27.65,27.6,27.0,1629269,44590930.15,28-JUN-2010,
ICICIBANK,EQ,852.0,871.95,852.0,870.15,871.0,856.55,2536694,2189870624.2,28-JUN-2010,
ICIL,BE,10.75,10.75,10.75,10.75,10.75,11.3,450,4837.5,28-JUN-2010,
ICRA,EQ,1169.75,1249.8,1169.75,1213.75,1215.0,1169.75,50135,61307361.5,28-JUN-2010,
ICSA,EQ,144.25,144.8,142.25,144.1,143.75,142.75,220390,31740798.7,28-JUN-2010,
IDBI,EQ,118.0,120.7,117.5,119.65,119.7,117.75,1851821,221249974.5,28-JUN-2010,
IDEA,EQ,57.1,59.25,56.95,58.7,58.5,56.55,9670327,563578781.65,28-JUN-2010,
IDFC,EQ,169.0,171.4,166.8,170.25,170.0,168.5,3289353,556642794.05,28-JUN-2010,
IFBAGRO,EQ,96.55,96.55,93.5,94.4,95.0,96.6,5012,476604.8,28-JUN-2010,
IFBIND,EQ,138.1,141.8,136.4,136.95,136.4,138.15,53478,7394322.25,28-JUN-2010,
IFCI,EQ,53.5,54.15,53.05,53.85,53.8,53.15,9693666,520165563.45,28-JUN-2010,
IFGLREFRAC,EQ,55.95,57.0,52.9,53.1,53.4,54.45,26559,1420754.45,28-JUN-2010,
IFL,EQ,5.15,5.25,5.0,5.15,5.2,5.1,36618,189083.3,28-JUN-2010,
IGARASHI,BE,76.5,78.85,74.0,74.2,74.0,75.5,12680,960763.15,28-JUN-2010,
IGL,EQ,259.4,264.5,257.0,260.95,262.0,256.95,219434,57284404.45,28-JUN-2010,
IGPL,EQ,45.7,45.85,38.8,43.45,42.8,42.2,70618,3109545.2,28-JUN-2010,
IL&FSTRANS,EQ,285.0,285.6,281.6,284.0,284.0,283.95,51793,14701318.65,28-JUN-2010,
IMPAL,EQ,525.0,554.9,525.0,549.95,550.0,539.4,608,332458.75,28-JUN-2010,
IMPEXFERRO,EQ,12.8,12.8,12.25,12.5,12.5,12.2,16143,201362.75,28-JUN-2010,
INDBANK,EQ,15.1,16.1,15.0,16.0,15.9,15.85,25494,404992.65,28-JUN-2010,
INDHOTEL,EQ,104.75,106.75,103.2,106.55,106.55,104.45,741124,78597461.0,28-JUN-2010,
INDIABULLS,EQ,140.0,147.5,138.05,146.2,146.65,137.75,1816762,261558564.65,28-JUN-2010,
INDIACEM,EQ,109.0,109.2,107.8,108.5,108.65,108.35,595114,64516194.45,28-JUN-2010,
INDIAGLYCO,EQ,133.9,135.65,133.1,133.75,133.75,133.6,13845,1861833.95,28-JUN-2010,
INDIAINFO,EQ,96.5,99.55,96.35,99.2,99.2,96.0,821395,80875991.75,28-JUN-2010,
INDIANB,EQ,217.2,219.95,215.3,216.9,216.75,219.1,301222,65241445.45,28-JUN-2010,
INDIANCARD,EQ,141.05,148.0,140.0,145.05,145.05,141.0,1379,196034.8,28-JUN-2010,
INDIANHUME,EQ,715.0,723.0,700.0,710.95,711.0,711.0,1571,1110597.55,28-JUN-2010,
INDLMETER,EQ,115.0,130.0,115.0,122.9,121.7,114.05,98992,12528828.0,28-JUN-2010,
INDNIPPON,EQ,233.3,235.0,232.6,233.35,233.0,233.45,1971,460611.55,28-JUN-2010,
INDOASIFU,EQ,74.5,77.85,74.15,74.8,74.5,74.1,172790,13174574.05,28-JUN-2010,
INDOCO,EQ,498.5,504.9,485.0,487.4,487.1,498.5,3414,1689314.75,28-JUN-2010,
INDORAMA,EQ,36.6,39.35,36.6,37.2,37.0,37.05,21226,809251.45,28-JUN-2010,
INDOTECH,EQ,263.95,289.5,260.5,280.05,280.0,262.95,246312,69470460.8,28-JUN-2010,
INDOWIND,EQ,49.85,50.35,48.9,49.55,49.7,49.55,178095,8802596.8,28-JUN-2010,
INDRAMEDCO,EQ,48.2,48.85,47.85,48.1,48.25,48.5,39158,1884778.65,28-JUN-2010,
INDSWFTLAB,EQ,74.4,76.9,74.05,74.75,74.75,73.7,269397,20286596.0,28-JUN-2010,
INDSWFTLTD,EQ,32.0,33.25,31.65,32.6,32.35,31.6,70159,2295804.1,28-JUN-2010,
INDUSFILA,EQ,26.3,26.3,25.4,25.9,25.9,26.35,1804,46968.55,28-JUN-2010,
INDUSINDBK,EQ,195.2,203.35,195.2,200.5,200.5,196.5,562615,112381261.2,28-JUN-2010,
INEABS,EQ,347.0,359.5,343.6,356.1,358.0,345.75,29698,10523764.45,28-JUN-2010,
INFINITE,EQ,173.0,176.0,171.0,172.9,171.75,172.75,43298,7522452.45,28-JUN-2010,
INFODRIVE,EQ,24.1,25.3,22.15,23.3,23.15,23.3,31601,749630.85,28-JUN-2010,
INFOMEDIA,EQ,30.8,31.9,30.35,31.4,31.6,30.45,60187,1874553.7,28-JUN-2010,
INFOSYSTCH,EQ,2770.0,2817.0,2770.0,2809.0,2810.0,2777.7,479271,1340950358.6,28-JUN-2010,
INFOTECENT,EQ,190.0,194.9,188.8,189.7,190.4,190.65,11055,2115916.35,28-JUN-2010,
INGERRAND,EQ,368.0,374.75,368.0,372.65,373.7,365.95,21449,7992068.3,28-JUN-2010,
INGVYSYABK,EQ,324.0,324.95,318.05,320.9,320.0,324.15,99895,32079586.8,28-JUN-2010,
INOXLEISUR,EQ,57.3,63.8,50.9,63.15,63.7,60.15,222083,13837724.55,28-JUN-2010,
INSECTICID,EQ,222.0,248.9,217.5,242.3,245.8,219.5,704128,165338390.9,28-JUN-2010,
IOB,EQ,104.8,105.0,102.25,102.85,103.3,104.6,979790,101042681.3,28-JUN-2010,
IOC,EQ,380.0,417.5,370.0,397.6,396.1,377.95,15826857,6343153524.5,28-JUN-2010,
IOLN,EQ,16.05,16.8,16.05,16.45,16.35,16.05,43219,712299.9,28-JUN-2010,
IPCALAB,EQ,293.05,295.95,291.15,292.4,292.0,290.95,10199,2999283.8,28-JUN-2010,
IPRINGLTD,EQ,119.75,119.75,112.45,113.85,113.2,114.05,450,52264.75,28-JUN-2010,
IRB,EQ,268.9,275.45,267.5,274.15,275.45,266.9,323720,88011532.4,28-JUN-2010,
ISFT,EQ,121.9,124.75,120.0,122.1,122.0,121.2,47889,5877195.1,28-JUN-2010,
ISMTLTD,EQ,47.0,47.75,46.65,47.25,47.4,47.05,45786,2162558.75,28-JUN-2010,
ISPATIND,EQ,17.8,18.3,17.75,18.25,18.2,17.8,6096353,110518091.1,28-JUN-2010,
ITC,EQ,301.0,303.5,297.0,297.65,297.35,301.45,2150891,643277769.65,28-JUN-2010,
ITDCEM,EQ,259.0,269.2,246.65,264.75,256.25,257.35,6056,1583384.8,28-JUN-2010,
ITI,EQ,41.05,41.6,41.0,41.25,41.2,40.95,107526,4435823.7,28-JUN-2010,
IVC,EQ,44.4,44.9,43.45,44.05,44.2,43.45,255578,11302475.65,28-JUN-2010,
IVP,EQ,46.25,48.1,45.55,47.35,47.8,46.6,8368,392930.65,28-JUN-2010,
IVRCLAH,EQ,132.0,132.5,128.05,130.35,130.0,129.85,27188,3527851.85,28-JUN-2010,
IVRCLINFRA,EQ,183.5,186.95,183.1,186.5,186.85,183.6,496711,92088034.1,28-JUN-2010,
J&KBANK,EQ,800.0,808.65,800.0,802.6,801.0,802.6,3058,2451588.55,28-JUN-2010,
JAGRAN,EQ,126.0,126.0,121.05,122.3,122.55,121.35,25279,3084042.35,28-JUN-2010,
JAGSNPHARM,EQ,21.3,21.75,20.9,21.2,21.5,21.15,17059,362981.3,28-JUN-2010,
JAIBALAJI,EQ,186.2,190.8,185.7,187.1,186.9,189.65,12542,2351515.85,28-JUN-2010,
JAICORPLTD,EQ,255.0,259.45,254.6,256.55,255.25,254.95,297547,76518672.45,28-JUN-2010,
JAINSTUDIO,EQ,10.6,12.4,10.6,11.45,11.5,11.05,6802,80520.85,28-JUN-2010,
JAYAGROGN,EQ,108.4,120.5,108.4,119.55,118.55,110.5,215619,25307505.7,28-JUN-2010,
JAYBARMARU,EQ,72.85,74.5,72.85,74.3,74.25,75.0,1410,104502.1,28-JUN-2010,
JAYNECOIND,EQ,39.5,41.1,39.0,40.75,41.0,39.5,659718,26790335.15,28-JUN-2010,
JAYSREETEA,EQ,281.0,302.0,281.0,296.7,297.0,284.5,392459,116673685.4,28-JUN-2010,
JBCHEPHARM,EQ,92.25,94.8,91.8,92.75,92.75,91.3,255710,23826486.95,28-JUN-2010,
JBFIND,EQ,141.9,146.4,141.4,144.4,145.0,141.7,101173,14617817.55,28-JUN-2010,
JBMA,EQ,65.0,65.3,64.15,65.0,65.0,65.0,996,64656.75,28-JUN-2010,
JCTEL,EQ,2.2,2.2,2.05,2.1,2.05,2.1,72371,153751.75,28-JUN-2010,
JENSONICOL,EQ,5.8,5.9,5.75,5.75,5.75,5.9,1520,8831.95,28-JUN-2010,
JETAIRWAYS,EQ,535.0,544.7,523.2,526.15,525.0,534.15,189001,100010580.25,28-JUN-2010,
JHS,EQ,55.55,63.0,55.55,60.9,61.0,58.9,129492,8038493.95,28-JUN-2010,
JIKIND,EQ,14.95,15.45,14.2,14.4,14.25,14.8,27349,397542.05,28-JUN-2010,
JINDALPHOT,EQ,194.7,227.35,191.5,220.25,218.0,193.45,314159,68064303.8,28-JUN-2010,
JINDALPOLY,EQ,408.0,423.45,401.0,413.85,412.0,405.45,120441,50052964.05,28-JUN-2010,
JINDALSAW,EQ,205.9,207.2,204.0,204.9,204.8,204.15,468468,96295044.5,28-JUN-2010,
JINDALSTEL,EQ,641.6,647.75,631.55,637.85,638.5,641.6,1749111,1115042672.85,28-JUN-2010,
JINDALSWHL,EQ,1665.0,1706.1,1665.0,1686.65,1683.1,1672.65,15275,25826024.75,28-JUN-2010,
JINDCOT,EQ,95.8,113.5,94.0,113.5,113.5,94.55,2441949,264932032.65,28-JUN-2010,
JINDRILL,EQ,477.8,497.0,473.15,483.5,483.0,471.8,43205,21062034.95,28-JUN-2010,
JISLJALEQS,EQ,1111.2,1120.0,1090.2,1105.6,1102.5,1113.55,160500,178028968.75,28-JUN-2010,
JKCEMENT,EQ,187.45,187.45,185.15,186.2,186.8,186.95,13641,2538194.2,28-JUN-2010,
JKIL,EQ,203.5,206.9,203.1,204.15,204.95,203.0,42582,8756734.15,28-JUN-2010,
JKLAKSHMI,EQ,62.0,62.45,61.5,62.25,62.3,61.6,66532,4134465.35,28-JUN-2010,
JKPAPER,EQ,54.5,55.2,54.2,54.75,54.95,54.6,72089,3951246.35,28-JUN-2010,
JKTYRE,EQ,168.5,168.7,165.1,165.5,165.7,165.4,49322,8191567.85,28-JUN-2010,
JMCPROJECT,EQ,220.45,222.5,216.3,217.65,218.6,218.45,68662,15034023.05,28-JUN-2010,
JMFINANCIL,EQ,34.75,35.35,34.5,34.7,34.65,34.65,414440,14445849.45,28-JUN-2010,
JMTAUTOLTD,EQ,60.0,64.0,59.55,63.8,61.4,60.0,6495,402741.5,28-JUN-2010,
JOCIL,EQ,290.0,290.0,277.6,279.25,277.6,273.55,5235,1481024.5,28-JUN-2010,
JPASSOCIAT,EQ,130.0,132.0,128.7,131.7,131.6,129.2,5505425,718719361.1,28-JUN-2010,
JPINFRATEC,EQ,84.25,86.35,84.25,86.2,86.3,84.7,240061,20577151.25,28-JUN-2010,
JPPOWER,EQ,70.2,70.85,68.85,70.5,70.55,69.85,1100081,76908088.95,28-JUN-2010,
JSL,EQ,100.7,105.1,100.1,103.9,103.4,100.65,157676,16267525.9,28-JUN-2010,
JSWENERGY,EQ,127.9,128.9,126.15,127.95,127.8,127.05,1177276,150142920.1,28-JUN-2010,
JSWSTEEL,EQ,1046.1,1068.1,1042.0,1063.2,1064.0,1043.2,886187,936865381.35,28-JUN-2010,
JUBILANT,EQ,335.0,352.8,335.0,350.1,349.0,339.25,108564,37903681.95,28-JUN-2010,
JUBLFOOD,EQ,305.8,310.0,305.8,307.3,307.1,305.05,233438,71862758.0,28-JUN-2010,
JUMBO,EQ,40.15,40.55,40.15,40.55,40.55,38.6,3607,145863.85,28-JUN-2010,
JUNIORBEES,EQ,112.25,112.98,111.6,112.25,112.1,111.88,10543,1183636.39,28-JUN-2010,
JUPITER,EQ,89.1,92.7,89.1,91.95,92.2,89.6,109729,10081539.8,28-JUN-2010,
JYOTHYLAB,EQ,268.4,268.4,251.2,260.1,258.55,262.0,88465,23088872.15,28-JUN-2010,
JYOTISTRUC,EQ,152.9,153.5,146.85,148.6,148.15,151.75,513686,76539347.1,28-JUN-2010,
KABRAEXTRU,EQ,145.0,147.6,143.0,143.2,144.0,143.5,4154,602899.2,28-JUN-2010,
KAJARIACER,EQ,62.65,64.5,62.65,63.1,63.0,63.65,41452,2646938.2,28-JUN-2010,
KAKATCEM,EQ,81.0,83.5,77.5,79.1,78.05,78.1,30184,2449476.05,28-JUN-2010,
KALECONSUL,EQ,129.5,131.5,128.1,128.3,128.1,128.6,72680,9379828.1,28-JUN-2010,
KALINDEE,EQ,137.1,138.6,136.0,136.8,136.05,137.0,37265,5109451.35,28-JUN-2010,
KALPATPOWR,EQ,1025.0,1035.0,1015.0,1021.65,1020.0,1025.45,7600,7813041.1,28-JUN-2010,
KALYANIFRG,EQ,173.0,188.9,172.65,175.75,174.25,179.95,1016,180473.75,28-JUN-2010,
KAMATHOTEL,EQ,118.1,125.0,118.1,119.6,119.0,121.9,3166,380459.0,28-JUN-2010,
KANORICHEM,EQ,32.1,33.3,32.1,33.1,32.9,32.7,2832,93151.25,28-JUN-2010,
KANSAINER,EQ,837.0,845.0,801.15,809.8,809.95,837.8,1970,1602011.7,28-JUN-2010,
KARURKCP,EQ,52.5,53.45,52.5,52.9,52.75,53.35,3066,162481.9,28-JUN-2010,
KARURVYSYA,EQ,516.85,522.0,516.85,519.8,520.0,516.3,18563,9639972.0,28-JUN-2010,
KAUSHALYA,EQ,20.8,21.25,20.65,20.75,20.9,20.8,16550,345554.3,28-JUN-2010,
KAVVERITEL,EQ,110.0,110.95,107.0,107.95,108.2,110.25,55806,6088491.8,28-JUN-2010,
KCP,EQ,303.0,306.0,300.15,301.6,301.05,303.5,3119,946297.6,28-JUN-2010,
KCPSUGIND,EQ,18.4,19.55,18.35,19.45,19.45,18.4,115381,2209861.5,28-JUN-2010,
KEC,EQ,456.2,477.7,456.2,475.15,475.0,462.85,8422,3978709.5,28-JUN-2010,
KECL,EQ,79.0,83.45,77.4,80.05,79.35,78.05,61491,4984109.2,28-JUN-2010,
KEI,EQ,31.1,31.1,30.5,30.75,30.8,30.7,48316,1483810.15,28-JUN-2010,
KEMROCK,EQ,559.8,606.4,556.2,603.5,606.4,551.25,222591,132674334.75,28-JUN-2010,
KERNEX,EQ,96.75,98.7,95.3,95.7,95.7,97.45,28314,2733637.1,28-JUN-2010,
KESARENT,EQ,45.0,53.0,45.0,51.35,50.85,46.75,14964,754162.05,28-JUN-2010,
KESORAMIND,EQ,319.0,319.0,311.0,311.45,311.5,318.7,54728,17194202.0,28-JUN-2010,
KFA,EQ,48.0,48.55,47.45,48.2,48.2,47.7,1066502,51297831.55,28-JUN-2010,
KGL,EQ,18.9,18.95,18.35,18.5,18.35,18.85,3558825,66273019.2,28-JUN-2010,
KHAITANELE,EQ,96.85,96.95,93.5,95.95,95.95,94.65,742,70934.65,28-JUN-2010,
KHAITANLTD,EQ,33.8,34.0,32.0,34.0,34.0,30.9,12699,422757.95,28-JUN-2010,
KHANDSE,EQ,23.8,24.25,23.75,23.75,23.75,24.25,4029,95910.15,28-JUN-2010,
KIL,EQ,18.95,19.4,18.8,19.0,19.2,19.25,3547,67385.4,28-JUN-2010,
KINETICMOT,EQ,19.9,19.9,19.5,19.65,19.7,19.6,59262,1165985.9,28-JUN-2010,
KIRIDYES,EQ,543.75,554.9,534.15,541.35,535.55,536.8,4998,2726895.15,28-JUN-2010,
KIRLOSBROS,EQ,264.9,264.9,259.0,262.0,260.0,259.95,137987,36150192.35,28-JUN-2010,
KIRLOSIND,EQ,442.9,461.9,420.6,424.9,424.8,443.3,103692,45421155.25,28-JUN-2010,
KITPLYIND,EQ,9.45,9.6,8.95,9.6,9.6,9.1,43455,409847.6,28-JUN-2010,
KKCL,EQ,306.25,316.0,306.05,315.0,315.0,307.55,25104,7901893.5,28-JUN-2010,
KLGSYSTEL,EQ,117.0,118.3,115.05,116.3,116.85,115.45,57953,6768198.4,28-JUN-2010,
KLRF,EQ,26.0,26.95,25.7,25.95,26.0,26.35,2122,55820.95,28-JUN-2010,
KNRCON,EQ,186.0,188.4,184.7,186.45,187.0,184.5,3888,724351.5,28-JUN-2010,
KOHINOOR,EQ,54.8,55.8,54.6,54.8,54.65,54.25,120634,6640030.75,28-JUN-2010,
KOLTEPATIL,EQ,57.3,58.35,57.3,58.15,58.25,57.3,74904,4347336.6,28-JUN-2010,
KOPDRUGS,EQ,12.55,13.1,12.55,12.75,12.75,12.55,1362,17461.0,28-JUN-2010,
KOPRAN,EQ,37.85,41.35,37.4,40.7,40.8,37.75,576133,22938198.5,28-JUN-2010,
KOTAKBANK,EQ,750.0,767.0,750.0,762.95,763.75,750.7,847734,645912144.7,28-JUN-2010,
KOTAKGOLD,EQ,1858.0,1858.0,1840.5,1842.2,1841.05,1848.4,6567,12115565.5,28-JUN-2010,
KOTAKNIFTY,EQ,525.0,529.96,525.0,528.36,529.0,521.67,318,167608.23,28-JUN-2010,
KOTAKPSUBK,EQ,376.0,376.0,370.0,370.01,370.01,376.0,476,176917.39,28-JUN-2010,
KOTARISUG,EQ,7.0,7.5,6.85,7.15,7.1,6.95,115700,819310.8,28-JUN-2010,
KOTHARIPET,EQ,9.0,9.45,8.8,8.9,8.8,8.9,43611,398153.2,28-JUN-2010,
KOTHARIPRO,EQ,490.0,509.0,490.0,501.1,500.7,485.9,3132,1569015.45,28-JUN-2010,
KOUTONS,EQ,320.0,320.25,316.05,317.2,316.95,317.95,36305,11527212.45,28-JUN-2010,
KOVAI,EQ,145.1,149.95,141.05,143.45,143.0,145.6,5096,743467.8,28-JUN-2010,
KPIT,EQ,135.85,139.25,131.5,132.25,131.9,134.95,582003,78168667.75,28-JUN-2010,
KPRMILL,EQ,146.5,149.6,144.05,146.75,145.5,144.05,19380,2834054.4,28-JUN-2010,
KRBL,EQ,23.7,23.8,23.25,23.55,23.55,23.2,534773,12600979.95,28-JUN-2010,
KRISHNAENG,EQ,2.75,2.75,2.55,2.6,2.6,2.65,6019,15836.45,28-JUN-2010,
KSBPUMPS,EQ,495.0,508.8,495.0,500.0,498.5,494.8,6177,3100861.0,28-JUN-2010,
KSCL,EQ,261.0,279.0,261.0,276.05,279.0,264.75,34124,9323448.5,28-JUN-2010,
KSE,EQ,229.0,232.0,225.0,226.3,225.0,225.3,751,171846.0,28-JUN-2010,
KSERAPRO,EQ,11.4,11.4,11.2,11.2,11.2,11.25,113367,1276496.8,28-JUN-2010,
KSK,EQ,173.4,176.5,172.0,172.65,172.5,169.05,112411,19534596.5,28-JUN-2010,
KSL,EQ,92.0,92.75,91.1,91.55,91.75,91.7,46505,4267075.25,28-JUN-2010,
KSOILS,EQ,59.75,60.5,59.0,59.95,59.6,59.25,614656,36769984.2,28-JUN-2010,
KTKBANK,EQ,179.95,181.4,176.1,178.9,179.0,178.25,939691,168282206.45,28-JUN-2010,
KWALITY,EQ,98.0,98.0,93.0,93.5,93.3,94.6,305599,28828201.2,28-JUN-2010,
LAKPRE,EQ,48.25,53.0,48.25,51.65,51.45,50.45,1062,54972.9,28-JUN-2010,
LAKSHMIEFL,EQ,101.0,103.5,101.0,101.35,101.1,101.3,43820,4486264.1,28-JUN-2010,
LAKSHMIMIL,EQ,2480.1,2725.0,2480.1,2589.35,2600.0,2519.5,439,1144590.9,28-JUN-2010,
LAKSHVILAS,EQ,92.3,92.75,89.7,90.4,90.25,92.15,540647,49186387.6,28-JUN-2010,
LANCOIN,EQ,61.25,62.45,60.4,61.95,62.0,59.95,57426,3544269.35,28-JUN-2010,
LAOPALA,EQ,46.8,46.8,43.55,44.05,44.2,43.95,6293,276742.65,28-JUN-2010,
LAXMIMACH,EQ,2030.0,2100.0,2014.05,2073.15,2071.1,2040.3,12704,26448178.7,28-JUN-2010,
LCCINFOTEC,EQ,0.75,0.75,0.65,0.75,0.75,0.7,108141,79712.1,28-JUN-2010,
LGBBROSLTD,EQ,226.0,229.85,224.35,227.65,228.0,226.55,3363,762260.5,28-JUN-2010,
LGBFORGE,EQ,2.9,2.9,2.65,2.75,2.75,2.75,5291,14728.0,28-JUN-2010,
LIBERTSHOE,EQ,96.1,97.25,95.2,96.3,96.2,95.6,48630,4691170.2,28-JUN-2010,
LICHSGFIN,EQ,1017.0,1032.0,1014.9,1026.4,1031.6,1016.0,221667,227057013.2,28-JUN-2010,
LIQUIDBEES,EQ,1000.0,1000.01,999.99,999.99,1000.01,1000.0,72440,72440101.74,28-JUN-2010,
LITL,EQ,67.5,69.05,66.75,68.65,68.8,66.95,1926195,131207228.5,28-JUN-2010,
LLOYDELENG,EQ,79.3,80.25,78.3,79.6,79.55,78.4,47007,3728268.05,28-JUN-2010,
LLOYDFIN,EQ,1.95,2.0,1.95,1.95,1.95,2.0,4842,9623.5,28-JUN-2010,
LLOYDSTEEL,EQ,14.9,15.1,14.65,14.7,14.65,14.8,105579,1566189.5,28-JUN-2010,
LML,EQ,10.6,10.6,10.0,10.1,10.05,10.2,517764,5304950.0,28-JUN-2010,
LOGIXMICRO,EQ,47.0,48.15,47.0,47.8,47.5,46.8,7564,361419.3,28-JUN-2010,
LOKESHMACH,EQ,49.9,49.9,47.5,47.6,47.55,48.3,8638,414388.6,28-JUN-2010,
LOTUSEYE,EQ,21.5,21.5,19.65,20.05,20.2,20.8,992542,20392484.85,28-JUN-2010,
LPDC,EQ,4.0,4.2,4.0,4.05,4.05,4.0,9347,37861.7,28-JUN-2010,
LT,EQ,1759.0,1796.55,1757.6,1792.9,1789.95,1759.1,745042,1329690303.6,28-JUN-2010,
LUMAXAUTO,EQ,44.8,46.2,44.15,44.7,44.6,43.8,19814,896857.9,28-JUN-2010,
LUMAXIND,EQ,299.9,299.9,283.0,293.1,292.65,286.55,76283,22291688.35,28-JUN-2010,
LUMAXTECH,EQ,126.7,126.7,122.4,126.7,126.7,120.65,45010,5702430.35,28-JUN-2010,
LUPIN,EQ,1917.0,1938.0,1910.1,1931.4,1930.0,1913.65,80324,154560703.95,28-JUN-2010,
LYKALABS,EQ,31.75,32.25,31.3,31.7,31.9,30.7,80405,2548288.55,28-JUN-2010,
M&M,EQ,610.0,627.0,608.0,622.85,623.25,613.35,1221085,758445844.3,28-JUN-2010,
M&MFIN,EQ,453.0,462.0,453.0,461.0,458.25,457.65,24092,11054042.65,28-JUN-2010,
MADHAV,EQ,30.15,31.65,30.1,30.7,31.0,30.85,6288,193659.1,28-JUN-2010,
MADHUCON,EQ,147.1,151.85,147.1,150.1,149.0,148.1,25046,3751098.6,28-JUN-2010,
MADRASCEM,EQ,99.5,100.3,98.0,99.85,100.25,99.35,219929,21864383.8,28-JUN-2010,
MADRASFERT,BE,19.8,20.7,18.95,19.65,19.6,19.8,153838,3022210.7,28-JUN-2010,
MAGMA,EQ,288.5,289.9,284.0,285.15,284.0,287.65,6280,1796821.25,28-JUN-2010,
MAGNUM,EQ,9.55,9.85,9.5,9.5,9.5,9.6,7455,71318.5,28-JUN-2010,
MAHABANK,EQ,61.4,62.7,60.75,61.1,61.4,61.7,467767,28649574.4,28-JUN-2010,
MAHINDFORG,EQ,100.25,104.2,100.05,101.7,101.8,101.05,60285,6175257.6,28-JUN-2010,
MAHINDUGIN,EQ,64.5,65.95,64.1,65.6,65.3,63.9,67716,4410661.25,28-JUN-2010,
MAHLIFE,EQ,458.0,464.85,454.1,458.9,458.65,458.4,8287,3801698.45,28-JUN-2010,
MAHSCOOTER,EQ,330.5,350.0,330.5,338.35,338.0,344.6,623,214546.4,28-JUN-2010,
MAHSEAMLES,EQ,394.0,399.85,386.2,390.1,389.65,391.05,157830,61586159.25,28-JUN-2010,
MALUPAPER,EQ,16.0,17.0,16.0,16.6,16.6,16.55,1567,25377.0,28-JUN-2010,
MALWACOTT,EQ,41.5,41.5,40.05,40.55,40.5,40.4,3246,132329.35,28-JUN-2010,
MANAKSIA,EQ,114.1,115.95,110.55,112.65,112.55,115.5,68705,7794129.3,28-JUN-2010,
MANALIPETC,EQ,10.6,11.4,10.35,10.95,10.95,10.65,807832,8939258.3,28-JUN-2010,
MANALU,EQ,55.2,56.55,55.2,56.5,56.55,57.0,1244,69756.2,28-JUN-2010,
MANDHANA,EQ,151.0,151.0,148.65,149.3,149.0,149.5,50091,7495958.65,28-JUN-2010,
MANGALAM,EQ,13.95,14.05,13.55,13.65,13.95,13.85,5016,69154.5,28-JUN-2010,
MANGCHEFER,EQ,31.75,32.0,30.95,31.65,31.7,31.35,340471,10769065.25,28-JUN-2010,
MANGLMCEM,EQ,164.7,165.95,160.4,163.5,163.0,163.4,36958,6035792.45,28-JUN-2010,
MANGTIMBER,EQ,24.65,25.85,24.1,24.8,24.6,24.85,10415,255957.4,28-JUN-2010,
MANINDS,EQ,85.0,86.75,85.0,85.75,85.45,85.55,22237,1910361.05,28-JUN-2010,
MANINFRA,EQ,311.8,314.8,310.6,311.65,312.6,308.35,28210,8808210.6,28-JUN-2010,
MANUGRAPH,EQ,50.65,50.65,49.05,49.45,49.8,50.25,6997,348769.1,28-JUN-2010,
MARALOVER,EQ,14.25,14.9,14.0,14.6,14.55,14.25,6974,102469.65,28-JUN-2010,
MARG,EQ,160.25,167.3,158.3,161.55,162.8,160.6,193320,31009090.55,28-JUN-2010,
MARICO,EQ,125.75,127.0,124.0,126.6,127.0,125.75,146577,18472614.95,28-JUN-2010,
MARKSANS,EQ,4.3,4.7,4.2,4.55,4.6,4.2,1186260,5346881.15,28-JUN-2010,
MARUTI,EQ,1398.0,1403.8,1380.35,1394.75,1401.0,1396.8,292395,406122889.05,28-JUN-2010,
MASTEK,EQ,255.0,265.0,254.0,259.5,258.45,256.1,70880,18554708.4,28-JUN-2010,
MAWANASUG,EQ,24.1,25.4,23.85,24.6,24.5,23.75,70733,1749155.6,28-JUN-2010,
MAX,EQ,162.45,165.85,160.1,165.15,165.5,161.15,597575,98006164.75,28-JUN-2010,
MAXWELL,EQ,20.45,21.75,20.45,21.3,21.2,20.5,110141,2343866.65,28-JUN-2010,
MAYTASINFR,EQ,210.0,218.2,208.3,217.0,218.0,208.9,1388363,297095075.4,28-JUN-2010,
MBECL,EQ,282.1,289.9,281.3,288.15,286.35,281.3,45396,12994009.15,28-JUN-2010,
MBLINFRA,EQ,237.8,237.8,231.8,232.95,232.85,233.6,12610,2951207.15,28-JUN-2010,
MCDHOLDING,EQ,98.5,99.8,97.1,97.75,97.4,97.4,6774,666393.7,28-JUN-2010,
MCDOWELL-N,EQ,1300.0,1325.0,1298.2,1311.25,1310.0,1297.95,234408,308431087.35,28-JUN-2010,
MCLEODRUSS,EQ,198.0,206.45,197.0,203.9,203.55,197.25,1453950,296812267.2,28-JUN-2010,
MEGASOFT,EQ,27.0,28.5,26.9,27.45,27.45,26.8,19648,545703.95,28-JUN-2010,
MEGH,EQ,17.1,17.2,16.8,17.0,17.1,16.8,113774,1936650.55,28-JUN-2010,
MELSTAR,EQ,11.6,11.95,11.6,11.6,11.6,11.9,870,10154.55,28-JUN-2010,
MERCK,EQ,721.0,735.0,721.0,722.25,724.0,722.45,1882,1361817.55,28-JUN-2010,
MHRIL,EQ,520.0,531.0,515.0,525.85,526.9,518.5,14441,7571682.6,28-JUN-2010,
MIC,EQ,40.95,41.45,40.15,40.45,40.5,40.55,348678,14224088.45,28-JUN-2010,
MICROTECH,EQ,191.0,195.0,191.0,193.4,192.3,192.1,11970,2317480.7,28-JUN-2010,
MID-DAY,EQ,32.0,32.3,31.3,32.05,32.0,31.95,23820,760102.35,28-JUN-2010,
MINDAIND,EQ,267.2,273.0,263.1,272.75,273.0,266.2,1128,303920.85,28-JUN-2010,
MINDTREE,EQ,559.9,559.9,555.15,557.05,557.05,554.65,42380,23601003.0,28-JUN-2010,
MIRCELECTR,EQ,18.25,19.45,18.2,18.35,18.25,18.55,117180,2194304.8,28-JUN-2010,
MIRZAINT,EQ,15.85,15.85,14.35,14.9,14.9,14.4,239283,3562904.05,28-JUN-2010,
MLL,EQ,46.6,47.8,46.4,47.6,47.65,46.45,1298172,61282814.85,28-JUN-2010,
MMFL,EQ,82.4,82.4,81.2,81.8,81.8,81.0,5275,430505.9,28-JUN-2010,
MMTC,EQ,32100.0,33534.0,32100.0,32545.35,32560.0,32320.2,3989,131424328.55,28-JUN-2010,
MONNETISPA,EQ,389.85,396.0,384.0,386.45,389.5,375.45,60492,23546178.35,28-JUN-2010,
MONSANTO,EQ,1662.5,1710.9,1662.5,1692.15,1693.9,1676.7,1637,2780556.7,28-JUN-2010,
MORARJETEX,EQ,19.95,20.75,19.75,20.0,20.0,20.0,3378,67440.25,28-JUN-2010,
MOREPENLAB,EQ,7.75,7.75,7.6,7.6,7.6,7.6,251278,1921901.45,28-JUN-2010,
MOSERBAER,EQ,66.1,67.5,65.65,67.05,67.0,65.55,568116,37952754.0,28-JUN-2010,
MOTHERSUMI,EQ,144.5,145.0,142.1,143.9,144.1,144.7,35499,5083391.15,28-JUN-2010,
MOTILALOFS,EQ,174.0,174.9,169.2,172.05,172.5,171.4,6738,1157390.75,28-JUN-2010,
MOTOGENFIN,EQ,38.7,41.3,38.7,40.45,40.1,41.4,5483,223720.6,28-JUN-2010,
MPHASIS,EQ,576.5,576.9,560.6,563.0,563.0,570.45,313492,177417466.25,28-JUN-2010,
MPSLTD,EQ,60.1,62.5,60.0,61.65,61.15,59.75,18239,1120795.5,28-JUN-2010,
MRF,EQ,7720.0,7839.5,7666.0,7733.35,7780.0,7710.25,7204,55910107.9,28-JUN-2010,
MRO-TEK,EQ,29.1,31.0,29.1,30.5,30.35,30.55,10473,319501.15,28-JUN-2010,
MRPL,EQ,74.0,77.45,73.75,75.65,75.35,73.3,5184275,394211739.95,28-JUN-2010,
MSKPROJ,EQ,183.8,185.9,181.2,183.75,183.5,182.5,145939,26787005.95,28-JUN-2010,
MSPL,EQ,44.7,44.7,42.85,43.45,43.7,42.0,54808,2385114.7,28-JUN-2010,
MTNL,EQ,64.5,65.75,64.5,65.1,65.0,64.45,832607,54280270.25,28-JUN-2010,
MUDRA,EQ,43.95,45.0,43.1,43.85,44.25,43.1,198948,8761839.8,28-JUN-2010,
MUKANDENGG,EQ,53.4,55.0,53.4,54.45,54.55,53.85,13722,745551.6,28-JUN-2010,
MUKANDLTD,EQ,63.75,64.7,63.65,63.95,63.8,63.55,25635,1640039.0,28-JUN-2010,
MUKTAARTS,EQ,48.75,49.85,48.75,49.0,49.0,48.7,2019,98943.0,28-JUN-2010,
MUNDRAPORT,EQ,697.3,719.7,697.3,715.5,712.55,699.15,106457,76049393.2,28-JUN-2010,
MUNJALAU,EQ,111.0,118.7,110.6,117.85,118.45,112.0,29468,3428488.95,28-JUN-2010,
MUNJALSHOW,EQ,58.0,62.95,58.0,61.7,61.5,57.45,370314,22778501.9,28-JUN-2010,
MURLIIND,EQ,93.95,94.5,91.0,94.05,94.0,93.2,42356,3958838.35,28-JUN-2010,
MURUDCERA,EQ,32.75,33.2,32.5,32.9,32.75,32.75,9694,317619.85,28-JUN-2010,
MVL,EQ,64.5,68.8,63.55,67.4,67.95,64.4,86283,5800988.65,28-JUN-2010,
MVLIND,EQ,22.35,22.4,21.5,21.75,22.0,21.85,2488,54440.2,28-JUN-2010,
MYSOREBANK,EQ,630.0,644.0,627.0,631.35,627.0,639.8,1172,741659.45,28-JUN-2010,
NAGARCONST,EQ,187.1,193.95,187.1,192.9,192.7,188.55,630806,121252193.55,28-JUN-2010,
NAGARFERT,EQ,31.3,31.95,31.3,31.75,31.8,31.3,2588914,81946230.15,28-JUN-2010,
NAGREEKCAP,EQ,33.55,33.55,33.55,33.55,33.55,34.0,100,3355.0,28-JUN-2010,
NAGREEKEXP,EQ,21.2,22.6,21.2,22.3,22.5,21.1,13681,299860.95,28-JUN-2010,
NAHARCAP,EQ,76.55,79.0,75.65,76.05,77.8,76.6,2546,198190.75,28-JUN-2010,
NAHARINDUS,EQ,64.2,65.85,64.15,65.45,65.3,64.4,3091,200902.5,28-JUN-2010,
NAHARINVST,EQ,23.55,24.9,23.55,23.9,23.9,24.25,1020,24252.65,28-JUN-2010,
NAHARSPING,EQ,85.5,91.0,85.5,90.15,90.05,87.15,33385,3003659.55,28-JUN-2010,
NANDAN,EQ,1.95,2.05,1.95,2.05,2.0,2.0,139249,281183.65,28-JUN-2010,
NATCOPHARM,EQ,192.1,198.0,189.0,196.35,197.4,190.4,333136,64928620.45,28-JUN-2010,
NATIONALUM,EQ,424.9,444.0,424.9,440.2,442.0,426.0,55310,24029024.5,28-JUN-2010,
NATNLSTEEL,EQ,28.1,29.3,28.1,28.75,28.7,28.5,43651,1261658.7,28-JUN-2010,
NAUKRI,EQ,915.0,940.0,905.0,921.8,922.0,915.6,20499,18901121.95,28-JUN-2010,
NAVINFLUOR,EQ,295.0,295.0,291.0,291.95,291.25,290.55,3402,995244.0,28-JUN-2010,
NAVNETPUBL,EQ,50.2,50.6,49.6,50.05,50.0,50.2,90048,4506870.9,28-JUN-2010,
NBVENTURES,EQ,428.0,429.1,422.1,424.75,426.0,422.05,17334,7386920.65,28-JUN-2010,
NCLIND,EQ,34.6,34.6,33.7,33.95,33.85,33.85,15952,543037.85,28-JUN-2010,
NDTV,EQ,104.05,107.5,104.0,106.6,106.65,104.05,164152,17486307.45,28-JUN-2010,
NECLIFE,EQ,37.2,37.4,37.0,37.1,37.2,37.0,100122,3720974.1,28-JUN-2010,
NELCAST,EQ,70.5,72.45,69.95,71.0,71.35,71.1,13225,937249.35,28-JUN-2010,
NELCO,EQ,119.0,119.9,116.8,117.7,118.25,118.45,66005,7817722.35,28-JUN-2010,
NEOCURE,EQ,3.8,3.8,3.65,3.8,3.8,3.85,3025,11366.25,28-JUN-2010,
NEPCMICON,EQ,7.5,7.9,7.5,7.65,7.7,7.5,144756,1117010.85,28-JUN-2010,
NESCO,EQ,1299.0,1299.0,1227.1,1255.55,1254.0,1238.85,4580,5795404.65,28-JUN-2010,
NESTLEIND,EQ,2949.0,2949.0,2885.0,2907.4,2915.0,2907.55,5672,16469033.4,28-JUN-2010,
NETWORK18,EQ,165.85,167.75,162.05,163.0,163.0,165.95,326774,53731123.45,28-JUN-2010,
NEULANDLAB,EQ,94.15,97.0,94.15,95.25,95.0,96.05,2906,277806.9,28-JUN-2010,
NEYVELILIG,EQ,153.85,157.25,152.4,156.5,157.0,153.9,213624,33221622.2,28-JUN-2010,
NFL,EQ,113.0,117.0,112.8,115.2,115.15,112.25,459302,52947750.25,28-JUN-2010,
NHPC,EQ,28.55,31.25,28.55,31.0,31.1,28.5,20906269,633091248.9,28-JUN-2010,
NICCO,EQ,6.0,6.25,6.0,6.2,6.2,6.15,35218,218971.2,28-JUN-2010,
NIFTYBEES,EQ,534.0,534.75,530.1,533.03,533.85,532.51,76541,40783912.71,28-JUN-2010,
NIITLTD,EQ,67.0,67.7,66.55,67.1,67.4,66.95,233020,15621452.25,28-JUN-2010,
NIITTECH,EQ,178.85,182.9,178.85,181.35,181.1,178.8,234861,42485338.5,28-JUN-2010,
NILKAMAL,EQ,280.9,286.9,275.2,283.9,285.0,276.05,100759,28510192.1,28-JUN-2010,
NIPPOBATRY,EQ,474.0,480.0,467.5,468.35,467.6,466.8,983,467228.1,28-JUN-2010,
NIRMA,EQ,187.9,189.3,186.05,186.75,186.6,186.05,12009,2248060.05,28-JUN-2010,
NISSAN,EQ,51.7,54.6,49.2,52.2,52.0,50.95,267100,14115136.9,28-JUN-2010,
NITCO,EQ,45.0,47.5,45.0,46.6,46.6,45.7,24491,1140665.05,28-JUN-2010,
NITESHEST,EQ,37.45,37.9,36.0,36.9,36.7,36.8,72562,2687211.6,28-JUN-2010,
NITINFIRE,EQ,382.7,383.7,373.4,375.0,373.45,378.15,144053,54470170.2,28-JUN-2010,
NITINSPIN,EQ,8.9,9.4,8.5,8.9,8.95,9.05,35952,318876.05,28-JUN-2010,
NMDC,EQ,266.0,272.85,263.25,268.85,269.0,265.95,313582,84189522.25,28-JUN-2010,
NOCIL,EQ,22.2,22.35,21.9,22.1,22.1,21.85,212718,4700672.95,28-JUN-2010,
NOIDATOLL,EQ,30.95,32.0,30.95,31.3,31.4,31.0,1161148,36551674.5,28-JUN-2010,
NORBTEAEXP,EQ,12.5,12.7,11.9,12.2,12.35,12.25,9033,110561.45,28-JUN-2010,
NORTHGATE,EQ,18.0,18.35,17.5,17.8,17.7,17.45,325810,5846332.85,28-JUN-2010,
NOVOPANIND,EQ,35.0,37.0,34.65,34.7,34.65,35.15,5169,181261.3,28-JUN-2010,
NRBBEARING,EQ,89.0,90.5,89.0,89.95,89.8,88.15,9673,870065.5,28-JUN-2010,
NRC,EQ,12.4,13.15,11.45,11.6,11.65,12.25,160601,1949310.6,28-JUN-2010,
NSIL,EQ,986.0,1000.0,986.0,1000.0,1000.0,1002.0,29,28868.55,28-JUN-2010,
NTPC,EQ,195.5,199.25,195.5,198.95,198.7,196.0,2121561,419420398.05,28-JUN-2010,
NUCENT,EQ,1.9,1.9,1.9,1.9,1.9,1.9,4,7.6,28-JUN-2010,
NUCHEM,EQ,8.05,8.3,8.05,8.15,8.2,8.1,11543,94378.55,28-JUN-2010,
NUCLEUS,EQ,133.5,135.4,132.35,133.05,133.65,132.5,22153,2957954.45,28-JUN-2010,
NUMERICPW,EQ,324.5,329.95,320.35,324.3,326.45,324.2,1941,628776.3,28-JUN-2010,
NUTEK,EQ,34.8,35.85,33.5,33.85,33.85,32.85,86989,3034200.0,28-JUN-2010,
OCL,EQ,126.0,127.9,125.2,127.1,127.05,126.1,4258,540115.15,28-JUN-2010,
OFSS,EQ,2221.0,2221.0,2186.1,2202.4,2200.1,2199.9,19337,42552835.45,28-JUN-2010,
OIL,EQ,1370.0,1560.0,1340.1,1380.85,1380.25,1359.65,2215874,3220185395.3,28-JUN-2010,
OILCOUNTUB,EQ,105.55,109.0,105.0,107.4,107.25,105.55,65582,7057981.4,28-JUN-2010,
OISL,EQ,49.8,50.75,49.0,49.85,49.75,50.0,48249,2399593.75,28-JUN-2010,
OMAXAUTO,EQ,55.25,55.9,54.45,54.8,54.7,53.45,33518,1845467.85,28-JUN-2010,
OMAXE,EQ,94.5,95.0,93.5,94.65,94.45,94.45,250245,23622854.25,28-JUN-2010,
OMNITECH,EQ,173.0,177.0,172.5,173.25,173.25,173.95,11557,2014019.3,28-JUN-2010,
ONGC,EQ,1262.0,1331.4,1262.0,1304.85,1303.95,1263.4,3957250,5171460580.5,28-JUN-2010,
ONMOBILE,EQ,290.0,295.6,290.0,293.2,293.15,290.7,137043,40232371.65,28-JUN-2010,
ONWARDTEC,EQ,27.95,27.95,25.0,27.95,27.95,25.4,437682,11891997.65,28-JUN-2010,
OPTOCIRCUI,EQ,240.55,244.25,240.0,242.45,244.25,239.9,144497,34920833.8,28-JUN-2010,
ORBITCORP,EQ,270.25,281.2,267.1,278.9,279.0,268.1,1159888,318983489.1,28-JUN-2010,
ORCHIDCHEM,EQ,165.5,167.6,164.05,166.9,166.7,165.4,367992,61250781.25,28-JUN-2010,
ORIENTABRA,EQ,30.95,31.85,30.55,30.95,30.9,30.7,56360,1758165.85,28-JUN-2010,
ORIENTALTL,EQ,12.45,12.45,11.8,11.9,11.9,11.95,1360,16243.0,28-JUN-2010,
ORIENTBANK,EQ,327.8,329.0,322.0,327.8,328.8,322.5,265416,86181750.0,28-JUN-2010,
ORIENTCERA,EQ,70.55,72.0,70.5,70.85,72.0,72.85,1725,122385.95,28-JUN-2010,
ORIENTHOT,EQ,285.95,285.95,277.25,285.0,285.0,284.3,667,187586.6,28-JUN-2010,
ORIENTLTD,EQ,127.4,131.4,109.2,109.4,109.2,110.95,2047,240755.8,28-JUN-2010,
ORIENTPPR,EQ,58.25,58.9,57.5,57.85,58.0,58.2,57441,3339335.75,28-JUN-2010,
OUDHSUG,EQ,37.0,39.85,36.75,39.15,39.25,36.8,102720,3986253.4,28-JUN-2010,
PAEL,EQ,44.05,46.2,44.05,45.6,45.5,44.9,15870,723825.6,28-JUN-2010,
PAGEIND,EQ,925.05,949.9,925.05,944.25,940.0,939.55,426,402382.45,28-JUN-2010,
PANACEABIO,EQ,177.5,182.3,173.65,174.75,174.65,176.3,198233,35124968.8,28-JUN-2010,
PANASONIC,EQ,171.0,175.0,166.0,171.8,170.0,166.85,16959,2905331.6,28-JUN-2010,
PANCARBON,EQ,175.25,177.0,173.65,173.75,174.0,174.7,575,100531.0,28-JUN-2010,
PANORAMUNI,EQ,28.1,29.25,28.1,28.1,28.1,29.55,16564,465488.6,28-JUN-2010,
PANTALOONR,EQ,424.9,436.95,421.5,422.8,424.4,419.65,660098,282349998.65,28-JUN-2010,
PAPERPROD,EQ,63.55,63.9,62.3,62.5,62.55,62.95,29106,1832161.7,28-JUN-2010,
PARACABLES,EQ,11.4,11.65,11.2,11.3,11.3,11.4,65530,742224.45,28-JUN-2010,
PARAL,EQ,268.0,277.8,267.0,276.35,277.0,264.55,33247,9133571.15,28-JUN-2010,
PAREKHPLAT,EQ,6.9,6.95,6.9,6.9,6.9,6.6,12029,83568.8,28-JUN-2010,
PARSVNATH,EQ,122.0,125.0,122.0,124.15,123.25,123.8,153284,19014476.0,28-JUN-2010,
PATELENG,EQ,424.2,430.85,424.2,428.7,427.0,422.9,58316,24988814.8,28-JUN-2010,
PATINTLOG,EQ,30.3,31.75,30.3,30.5,30.5,30.55,7483,230129.15,28-JUN-2010,
PATNI,EQ,513.0,516.65,486.35,507.95,508.3,511.2,334312,169860509.3,28-JUN-2010,
PATSPINLTD,EQ,11.3,12.5,11.25,11.95,12.45,11.85,25660,304204.8,28-JUN-2010,
PBAINFRA,EQ,79.5,83.9,79.5,82.15,82.8,79.9,118899,9822640.0,28-JUN-2010,
PDUMJEIND,EQ,27.8,27.8,26.85,27.4,27.5,27.8,7930,216974.4,28-JUN-2010,
PDUMJEPULP,BE,28.9,28.9,27.3,27.5,27.5,28.15,7781,217534.1,28-JUN-2010,
PEACOCKIND,EQ,2.8,3.0,2.8,2.95,2.85,2.8,448,1285.9,28-JUN-2010,
PEARLPOLY,EQ,16.15,17.55,16.15,17.4,17.15,15.95,20131,345430.6,28-JUN-2010,
PENINLAND,EQ,71.5,77.0,71.5,73.9,73.9,71.55,192059,14394515.75,28-JUN-2010,
PEPL,EQ,4.9,5.2,4.55,4.9,4.9,4.4,133430,662021.6,28-JUN-2010,
PERSISTENT,EQ,403.6,417.0,403.0,409.05,412.5,403.05,97547,40222263.25,28-JUN-2010,
PETRONENGG,EQ,407.1,413.25,407.1,409.75,410.95,407.95,3001,1232645.65,28-JUN-2010,
PETRONET,EQ,78.25,79.1,77.3,77.55,77.4,78.25,2294711,178988142.35,28-JUN-2010,
PFC,EQ,281.8,291.0,280.0,288.7,289.8,280.55,529975,152434129.3,28-JUN-2010,
PFIZER,EQ,1115.0,1119.9,1080.0,1092.7,1093.0,1110.7,3744,4121546.3,28-JUN-2010,
PFOCUS,EQ,278.0,286.65,278.0,285.05,285.0,279.95,9923,2808774.5,28-JUN-2010,
PGHH,EQ,1975.5,2000.0,1975.5,1998.0,1996.0,1982.15,838,1668163.55,28-JUN-2010,
PHILIPCARB,EQ,181.05,189.9,181.05,187.5,187.6,187.6,22128,4159021.9,28-JUN-2010,
PHOENIXLTD,EQ,213.8,218.5,209.5,214.65,216.0,210.15,41474,8936239.05,28-JUN-2010,
PIDILITIND,EQ,125.0,129.3,124.5,128.2,128.5,123.15,362514,45949779.25,28-JUN-2010,
PIONDIST,EQ,40.0,43.0,39.7,42.65,42.6,41.6,12362,523630.05,28-JUN-2010,
PIONEEREMB,EQ,20.8,22.0,20.8,21.9,21.95,21.7,7102,153607.6,28-JUN-2010,
PIPAVAVYD,EQ,95.0,98.45,93.5,97.8,98.35,94.95,2807941,270519404.8,28-JUN-2010,
PIRGLASS,EQ,95.0,96.4,94.55,96.05,95.75,94.45,20983,2008731.55,28-JUN-2010,
PIRHEALTH,EQ,497.8,501.2,491.55,494.6,494.5,493.55,704487,348738959.8,28-JUN-2010,
PIRLIFE,BE,149.9,150.75,144.05,149.85,150.75,145.15,28212,4206420.25,28-JUN-2010,
PITTILAM,EQ,43.45,43.55,43.1,43.5,43.5,41.7,2338,101523.9,28-JUN-2010,
PLASTIBLEN,EQ,142.1,143.1,142.1,143.1,143.1,142.65,80,11408.0,28-JUN-2010,
PLETHICO,EQ,408.0,408.0,390.0,402.2,403.0,401.9,21611,8648975.85,28-JUN-2010,
PNB,EQ,1045.0,1064.5,1044.9,1050.3,1049.35,1049.1,214665,226223192.45,28-JUN-2010,
PNBGILTS,EQ,26.2,26.7,26.0,26.1,26.25,26.25,36073,945437.9,28-JUN-2010,
PNC,EQ,27.45,27.95,27.2,27.7,27.95,27.4,13777,381934.8,28-JUN-2010,
POCHIRAJU,EQ,25.0,25.0,20.95,21.15,20.95,21.1,18043,384691.95,28-JUN-2010,
POLARIND,EQ,6.1,6.3,6.0,6.05,6.0,6.1,10497,64926.7,28-JUN-2010,
POLARIS,EQ,180.75,182.95,180.3,182.4,181.85,181.15,271881,49461760.6,28-JUN-2010,
POLYPLEX,EQ,253.55,258.0,253.0,256.3,256.8,250.4,15942,4079565.1,28-JUN-2010,
PONNIERODE,EQ,100.0,108.0,100.0,104.5,105.0,100.4,27595,2904477.7,28-JUN-2010,
POWERGRID,EQ,101.4,103.75,101.4,103.25,103.5,101.35,1350735,138828646.9,28-JUN-2010,
PPAP,EQ,92.4,103.0,92.4,101.5,102.0,94.25,33026,3307924.6,28-JUN-2010,
PRADIP,EQ,71.1,73.4,71.0,72.45,72.75,71.3,142095,10300688.2,28-JUN-2010,
PRAENG,EQ,29.55,29.55,28.55,28.9,28.9,28.65,41588,1199345.0,28-JUN-2010,
PRAJIND,EQ,82.1,84.75,81.7,83.9,84.1,81.9,1621230,135638593.7,28-JUN-2010,
PRAKASH,EQ,167.25,170.5,166.0,167.8,167.2,165.95,276453,46487640.7,28-JUN-2010,
PRATIBHA,EQ,392.0,392.0,380.0,388.9,388.95,386.85,8146,3154450.7,28-JUN-2010,
PRECOT,EQ,213.0,224.95,213.0,215.5,214.15,218.55,13372,2918530.65,28-JUN-2010,
PRECWIRE,EQ,141.0,147.4,140.9,143.05,141.1,139.45,109102,15742319.25,28-JUN-2010,
PREMIER,EQ,106.0,113.85,102.3,111.65,111.65,112.0,6860,755819.8,28-JUN-2010,
PRETAILDVR,EQ,281.0,304.0,277.0,295.95,292.0,273.05,14058,4049567.25,28-JUN-2010,
PRICOL,EQ,30.0,30.5,29.65,30.25,30.05,29.85,75939,2289899.45,28-JUN-2010,
PRIMESECU,EQ,36.5,36.65,35.5,36.05,36.4,36.05,9397,339402.55,28-JUN-2010,
PRISMCEM,EQ,56.4,58.35,55.6,57.2,56.9,56.4,466567,26497051.25,28-JUN-2010,
PRITHVI,EQ,47.3,49.8,46.8,48.55,48.75,46.6,71461,3467596.55,28-JUN-2010,
PROVOGUE,EQ,55.5,57.25,55.0,56.85,56.8,54.95,1502619,84221684.9,28-JUN-2010,
PSL,EQ,132.25,134.45,131.25,131.75,131.6,130.65,72921,9636698.15,28-JUN-2010,
PSUBNKBEES,EQ,364.95,365.0,364.95,365.0,365.0,366.5,128,46714.85,28-JUN-2010,
PTC,EQ,101.45,103.65,101.3,103.25,103.5,100.5,431003,44172497.85,28-JUN-2010,
PTL,EQ,27.0,27.5,26.75,27.5,27.5,26.15,48676,1330245.6,28-JUN-2010,
PUNJABCHEM,EQ,138.0,138.0,133.0,133.9,133.0,133.7,3815,512752.75,28-JUN-2010,
PUNJLLOYD,EQ,129.5,135.4,128.95,134.55,135.1,128.85,5056288,671563084.35,28-JUN-2010,
PURVA,EQ,105.0,105.9,104.2,104.7,104.75,104.95,23082,2421144.65,28-JUN-2010,
PVP,EQ,14.8,14.9,14.1,14.2,14.25,14.45,173798,2489170.65,28-JUN-2010,
PVR,EQ,154.3,157.9,152.45,155.8,155.25,153.1,51915,8042035.05,28-JUN-2010,
QGOLDHALF,EQ,917.0,917.0,901.0,915.45,916.95,917.0,773,706094.55,28-JUN-2010,
QNIFTY,EQ,540.0,540.0,529.05,529.05,529.05,528.52,5,2656.2,28-JUN-2010,
QUINTEGRA,BE,13.0,13.35,12.75,13.0,13.0,12.9,9623,124362.0,28-JUN-2010,
RADAAN,EQ,3.2,3.25,3.0,3.15,3.2,3.2,105722,324928.65,28-JUN-2010,
RADICO,EQ,119.1,119.1,116.0,116.4,116.0,116.95,388591,45376633.55,28-JUN-2010,
RAINBOWPAP,EQ,220.95,220.95,217.3,219.9,220.0,216.5,1310,288112.5,28-JUN-2010,
RAINCOM,EQ,142.9,144.5,139.2,140.2,141.0,141.5,62711,8879805.15,28-JUN-2010,
RAJESHEXPO,EQ,87.35,88.3,86.15,87.3,86.8,86.85,383705,33599851.25,28-JUN-2010,
RAJOIL,EQ,50.0,50.75,49.5,49.7,49.65,49.8,219488,10963329.55,28-JUN-2010,
RAJPALAYAM,EQ,519.0,525.0,503.0,505.35,503.0,519.05,479,243946.55,28-JUN-2010,
RAJRAYON,EQ,12.0,12.3,11.65,11.8,11.75,11.75,3942,47186.15,28-JUN-2010,
RAJSREESUG,EQ,60.0,64.65,60.0,63.5,63.35,60.4,123213,7807391.6,28-JUN-2010,
RAJTV,EQ,56.35,57.0,55.6,56.0,56.0,55.45,11415,643559.35,28-JUN-2010,
RAJVIR,EQ,97.95,97.95,97.95,97.95,97.95,95.9,5,489.75,28-JUN-2010,
RALLIS,EQ,1039.9,1049.0,1022.0,1034.85,1030.0,1026.2,15764,16270210.0,28-JUN-2010,
RAMANEWS,EQ,18.3,18.3,17.85,17.9,17.85,17.9,41721,749704.2,28-JUN-2010,
RAMCOIND,EQ,60.9,64.3,60.9,62.45,62.05,60.6,30640,1924115.2,28-JUN-2010,
RAMCOSYS,EQ,102.3,103.5,102.0,103.25,103.5,103.1,6920,712930.25,28-JUN-2010,
RAMSARUP,EQ,80.0,83.0,78.25,82.05,81.0,79.15,74730,6057676.65,28-JUN-2010,
RANASUG,EQ,11.65,12.3,11.55,12.0,12.05,11.65,1462517,17562786.6,28-JUN-2010,
RANBAXY,EQ,453.95,459.15,452.5,455.85,456.9,451.3,595912,271731892.8,28-JUN-2010,
RANEENGINE,EQ,298.2,319.5,298.2,314.8,314.8,311.55,246,74845.9,28-JUN-2010,
RANEHOLDIN,EQ,224.0,227.0,216.3,219.95,223.0,216.5,7275,1616834.0,28-JUN-2010,
RATNAMANI,EQ,121.5,126.1,121.5,124.85,125.7,121.0,58455,7263599.05,28-JUN-2010,
RAYMOND,EQ,218.1,229.1,218.1,227.0,229.0,217.9,592664,134133546.45,28-JUN-2010,
RBL,EQ,116.0,120.0,116.0,117.0,117.0,116.1,4133,489635.5,28-JUN-2010,
RCF,EQ,82.0,83.8,81.75,82.7,82.7,81.7,898308,74357934.6,28-JUN-2010,
RCOM,EQ,201.0,207.8,197.2,201.65,201.25,192.3,20898817,4191065505.4,28-JUN-2010,
RECLTD,EQ,298.8,302.25,296.05,297.55,297.0,298.95,1657492,495359804.95,28-JUN-2010,
REDINGTON,EQ,383.25,388.9,382.6,385.1,388.85,385.35,8688,3342975.5,28-JUN-2010,
REFEX,EQ,25.75,25.75,24.65,25.05,25.0,25.2,1541,38607.95,28-JUN-2010,
REGENCERAM,EQ,7.85,9.25,7.85,8.95,9.25,7.7,23303,197690.05,28-JUN-2010,
REIAGROLTD,EQ,33.4,34.2,32.55,32.85,32.8,32.85,483603,16022291.75,28-JUN-2010,
REISIXTEN,EQ,61.05,62.5,59.0,59.5,60.2,61.15,5334,324302.05,28-JUN-2010,
RELBANK,EQ,907.0,919.98,886.5,902.3,902.3,912.15,296,266947.14,28-JUN-2010,
RELCAPITAL,EQ,774.0,787.7,767.15,784.25,786.0,769.05,1952344,1519657579.75,28-JUN-2010,
RELGOLD,EQ,1790.0,1793.0,1780.5,1784.7,1786.0,1785.05,16092,28723734.85,28-JUN-2010,
RELIANCE,EQ,1074.0,1092.0,1065.15,1090.15,1089.0,1062.95,7194118,7790379661.1,28-JUN-2010,
RELIGARE,EQ,395.5,406.9,391.2,404.95,404.9,400.3,49103,19862753.45,28-JUN-2010,
RELIGAREGO,EQ,1880.75,1924.9,1871.0,1903.4,1882.1,1887.1,4813,9142637.5,28-JUN-2010,
RELINFRA,EQ,1174.0,1221.8,1171.6,1214.65,1219.4,1167.2,2297290,2757265856.15,28-JUN-2010,
RELMEDIA,EQ,216.0,234.35,216.0,232.05,234.0,215.2,1491311,339157718.2,28-JUN-2010,
REMSONSIND,EQ,23.1,23.1,23.1,23.1,23.1,24.15,50,1155.0,28-JUN-2010,
RENUKA,EQ,66.8,70.3,66.75,70.1,70.05,66.3,11062352,763373523.9,28-JUN-2010,
REPRO,EQ,107.5,110.35,106.95,109.4,110.0,107.35,11347,1238599.75,28-JUN-2010,
RESURGERE,EQ,101.5,107.65,101.5,104.6,105.0,100.9,1229436,128923089.6,28-JUN-2010,
REVATHI,EQ,589.0,630.0,589.0,615.95,619.95,620.3,90,55324.2,28-JUN-2010,
RICOAUTO,EQ,26.25,27.7,25.75,26.9,26.85,26.05,314372,8523679.45,28-JUN-2010,
RIIL,EQ,992.0,1002.0,990.2,993.15,991.0,985.95,465620,463758960.5,28-JUN-2010,
RJL,EQ,78.15,79.35,77.1,77.55,77.3,78.5,7239,565379.45,28-JUN-2010,
RKFORGE,EQ,115.2,121.0,115.05,121.0,121.0,119.85,2350,276527.5,28-JUN-2010,
RMCL,EQ,14.5,15.1,14.3,14.7,14.8,14.7,29072,424420.15,28-JUN-2010,
RMEDIA,BE,82.0,82.0,78.1,79.9,80.0,80.4,77894,6232462.8,28-JUN-2010,
RML,EQ,112.0,116.5,111.1,115.75,116.45,109.5,114578,13149310.25,28-JUN-2010,
RNRL,EQ,66.05,68.0,66.05,66.85,66.8,65.95,21683982,1447928056.9,28-JUN-2010,
ROHITFERRO,EQ,49.5,50.9,49.5,50.1,50.4,49.35,292754,14743680.1,28-JUN-2010,
ROHLTD,EQ,76.2,79.45,76.2,78.6,78.9,76.15,54368,4253496.15,28-JUN-2010,
ROLTA,EQ,169.2,171.3,167.1,169.05,168.75,168.5,962343,163036899.7,28-JUN-2010,
ROMAN,EQ,55.5,56.75,54.0,55.95,56.15,55.4,15546,859042.25,28-JUN-2010,
RPGLIFE,EQ,76.55,85.4,76.55,83.85,84.0,80.3,116536,9796729.8,28-JUN-2010,
RPOWER,EQ,168.0,173.95,167.45,173.15,173.7,167.95,5024005,857760235.7,28-JUN-2010,
RSSOFTWARE,EQ,44.05,45.3,43.1,43.65,43.2,44.6,64497,2862065.25,28-JUN-2010,
RSWM,EQ,108.0,115.0,108.0,114.9,115.0,113.4,10180,1169406.8,28-JUN-2010,
RSYSTEMS,EQ,102.0,102.8,101.5,101.5,101.5,102.25,2063,209880.25,28-JUN-2010,
RUBYMILLS,EQ,964.55,1126.15,964.55,1126.15,1126.15,938.45,8397,8926575.45,28-JUN-2010,
RUCHINFRA,EQ,44.5,44.95,43.8,44.2,44.4,43.4,70766,3132682.25,28-JUN-2010,
RUCHIRA,EQ,8.9,9.05,8.7,8.7,8.7,8.8,903,7921.1,28-JUN-2010,
RUCHISOYA,EQ,106.0,107.45,102.15,106.7,106.5,105.8,483881,51097371.25,28-JUN-2010,
SABERORGAN,EQ,77.15,78.2,76.2,76.6,76.6,76.75,58988,4546964.4,28-JUN-2010,
SABTN,BE,30.2,31.8,30.2,31.2,31.2,31.0,1724,54286.2,28-JUN-2010,
SADBHAV,EQ,1225.0,1269.0,1225.0,1241.15,1240.0,1229.55,17979,22449131.95,28-JUN-2010,
SAGCEM,EQ,151.0,152.0,147.5,148.0,147.5,151.95,831,123784.75,28-JUN-2010,
SAHPETRO,EQ,21.4,24.0,21.4,22.8,22.7,22.05,50283,1168500.65,28-JUN-2010,
SAIL,EQ,196.05,199.4,195.0,198.9,199.15,195.25,2138663,422058720.5,28-JUN-2010,
SAKHTISUG,EQ,54.0,57.35,50.15,56.4,56.35,52.6,777120,43272073.35,28-JUN-2010,
SAKSOFT,BE,58.0,60.9,57.5,57.5,57.5,58.0,1600,95165.75,28-JUN-2010,
SAKUMA,EQ,15.8,16.55,15.7,15.95,15.95,16.15,11996,190494.55,28-JUN-2010,
SALORAINTL,EQ,46.0,46.0,43.1,44.15,44.75,43.2,4931,217594.65,28-JUN-2010,
SALSTEEL,EQ,10.9,11.05,10.8,10.95,11.05,10.9,44592,487572.3,28-JUN-2010,
SAMBHAAV,EQ,3.1,3.15,3.1,3.15,3.15,3.05,1008,3174.8,28-JUN-2010,
SAMTEL,EQ,17.0,17.0,16.5,16.55,16.6,16.6,60105,1001032.4,28-JUN-2010,
SANDESH,EQ,220.0,222.0,219.0,219.05,219.0,222.0,53,11613.8,28-JUN-2010,
SANGAMIND,EQ,37.0,39.85,37.0,38.75,39.0,38.65,17363,677491.95,28-JUN-2010,
SANGHIIND,EQ,23.35,23.45,22.75,23.35,23.1,23.0,7534,174721.7,28-JUN-2010,
SANGHIPOLY,EQ,2.7,2.7,2.6,2.65,2.65,2.65,24415,64149.6,28-JUN-2010,
SANGHVIMOV,EQ,203.5,205.0,195.1,196.35,195.5,203.25,21263,4248000.9,28-JUN-2010,
SANWARIA,EQ,46.9,49.0,46.9,47.8,47.0,46.35,396570,19072772.4,28-JUN-2010,
SAPL,EQ,14.25,14.25,13.6,13.8,13.6,13.45,97715,1348618.85,28-JUN-2010,
SARDAEN,EQ,266.0,283.9,266.0,276.55,276.85,266.35,117092,32435266.05,28-JUN-2010,
SAREGAMA,EQ,72.5,74.5,72.1,72.85,73.5,71.45,5837,426348.7,28-JUN-2010,
SARLAPOLY,EQ,88.1,92.0,88.1,91.75,91.75,91.0,2341,215130.6,28-JUN-2010,
SASKEN,EQ,198.4,201.9,197.0,198.2,198.85,195.4,551073,109893842.0,28-JUN-2010,
SATHAISPAT,EQ,42.75,45.5,42.75,43.7,44.0,41.85,21712,943333.6,28-JUN-2010,
SATYAMCOMP,EQ,91.8,92.55,91.15,91.35,91.35,91.0,3056748,280453853.05,28-JUN-2010,
SB&TINTL,EQ,9.6,10.15,9.6,9.8,9.8,9.85,4595,45296.7,28-JUN-2010,
SBBJ,EQ,459.0,459.0,450.0,451.65,455.0,456.7,6136,2774908.35,28-JUN-2010,
SBIGETS,EQ,1873.95,1873.95,1860.0,1864.4,1864.0,1866.4,6892,12850530.8,28-JUN-2010,
SBIN,EQ,2288.0,2314.5,2275.0,2303.65,2308.2,2300.8,1071817,2464140477.3,28-JUN-2010,
SBT,EQ,610.0,619.6,605.0,607.95,607.25,611.0,8633,5263992.2,28-JUN-2010,
SCI,EQ,162.5,164.15,160.55,163.5,163.05,161.1,103754,16859387.5,28-JUN-2010,
SEAMECLTD,EQ,170.05,172.0,167.0,168.8,168.5,169.5,53722,9177895.7,28-JUN-2010,
SEINVEST,EQ,49.9,50.5,48.25,49.0,48.3,50.5,289022,14233134.25,28-JUN-2010,
SEJALGLASS,EQ,81.8,84.9,80.5,84.45,84.75,81.15,40073,3363410.7,28-JUN-2010,
SELAN,EQ,389.9,404.75,387.25,390.25,389.1,388.55,226354,90130191.1,28-JUN-2010,
SELMCL,EQ,71.6,71.95,70.05,70.6,70.7,70.95,576460,40923607.8,28-JUN-2010,
SESAGOA,EQ,370.0,372.7,367.7,370.15,370.4,367.4,3388327,1255509438.3,28-JUN-2010,
SESHAPAPER,EQ,202.15,203.9,200.25,202.95,203.0,202.1,633,128314.1,28-JUN-2010,
SGFL,EQ,8.85,9.0,8.85,9.0,9.0,9.3,5833,51800.0,28-JUN-2010,
SGJHL,EQ,115.9,116.9,115.0,115.25,115.25,115.1,172531,19936887.0,28-JUN-2010,
SGL,EQ,6.9,8.45,6.9,8.05,8.05,7.65,6886,55167.7,28-JUN-2010,
SHAHALLOYS,EQ,21.65,22.45,21.65,21.7,21.65,21.55,383,8434.25,28-JUN-2010,
SHALPAINTS,EQ,370.9,399.8,370.9,383.25,383.95,380.35,164,62451.7,28-JUN-2010,
SHANTIGEAR,EQ,42.15,45.65,42.15,44.75,44.5,42.05,452642,20156534.6,28-JUN-2010,
SHARRESLTD,EQ,80.1,80.1,80.1,80.1,80.1,81.15,2,160.2,28-JUN-2010,
SHASUNCHEM,EQ,80.9,80.9,75.0,75.85,77.0,78.15,171833,13249894.35,28-JUN-2010,
SHILPAMED,EQ,296.6,318.8,296.6,314.0,315.0,292.55,90068,28056752.45,28-JUN-2010,
SHIV-VANI,EQ,434.5,443.4,434.5,438.75,440.0,437.05,48194,21205388.05,28-JUN-2010,
SHIVAMAUTO,EQ,112.0,116.6,112.0,114.65,114.9,111.0,33210,3783087.7,28-JUN-2010,
SHIVTEX,EQ,34.0,34.55,32.6,33.85,33.8,34.3,26882,909726.7,28-JUN-2010,
SHLAKSHMI,EQ,148.0,148.0,144.0,146.7,147.25,143.45,15991,2335992.45,28-JUN-2010,
SHOPERSTOP,EQ,535.4,537.85,523.5,529.2,535.0,529.1,21155,11217669.3,28-JUN-2010,
SHPRE,EQ,13.5,14.15,13.3,13.8,13.8,13.75,10601,145816.9,28-JUN-2010,
SHREEASHTA,EQ,11.95,12.1,11.95,11.95,11.95,11.95,1380367,16540220.2,28-JUN-2010,
SHREECEM,EQ,2022.1,2105.0,2022.1,2067.85,2069.9,2025.0,11866,24563406.8,28-JUN-2010,
SHREERAMA,EQ,5.1,5.1,4.95,4.95,4.95,5.05,20621,102131.6,28-JUN-2010,
SHRENUJ,EQ,55.7,57.0,53.2,55.6,56.75,55.1,65773,3656749.35,28-JUN-2010,
SHREYANIND,EQ,31.85,31.85,28.4,29.4,29.4,29.9,1265,36489.55,28-JUN-2010,
SHREYAS,EQ,33.2,34.25,32.8,33.15,33.15,33.2,12408,422667.55,28-JUN-2010,
SHRIRAMCIT,EQ,473.9,473.95,466.15,467.05,467.05,471.35,255,119679.2,28-JUN-2010,
SHRIRAMEPC,EQ,264.7,266.0,260.5,263.7,264.25,262.0,2426,639328.35,28-JUN-2010,
SHYAMTEL,EQ,63.1,66.4,63.1,64.3,64.5,63.25,103851,6748975.65,28-JUN-2010,
SICAGEN,EQ,16.4,17.4,16.4,17.0,16.8,16.6,53073,900786.25,28-JUN-2010,
SICAL,EQ,71.0,72.25,70.5,71.0,71.0,70.7,47387,3375979.4,28-JUN-2010,
SIEMENS,EQ,729.7,739.8,727.1,739.4,739.5,729.7,159870,117620478.2,28-JUN-2010,
SIL,EQ,46.0,46.0,43.2,43.8,44.5,44.55,12292,541632.85,28-JUN-2010,
SILINV,EQ,108.5,109.9,106.55,107.1,109.9,106.8,1314,142234.3,28-JUN-2010,
SIMBHSUGAR,EQ,39.9,44.4,39.25,42.5,42.65,39.35,196858,8329360.3,28-JUN-2010,
SIMPLEX,EQ,240.2,258.8,240.2,258.5,258.0,251.2,1978,502161.9,28-JUN-2010,
SIMPLEXINF,EQ,478.5,487.95,473.0,476.05,473.0,482.8,3369,1607047.45,28-JUN-2010,
SINTEX,EQ,315.0,322.95,313.0,321.8,322.0,314.1,872399,279305569.05,28-JUN-2010,
SIRPAPER,EQ,55.8,55.8,54.2,54.2,54.2,54.55,6490,353539.25,28-JUN-2010,
SITASHREE,EQ,8.3,8.7,8.25,8.65,8.7,8.25,12854,109977.95,28-JUN-2010,
SIYSIL,EQ,201.1,205.9,197.0,202.05,200.0,202.6,10759,2181869.7,28-JUN-2010,
SJVN,EQ,23.45,24.15,23.2,23.9,24.1,23.2,2407936,57277572.35,28-JUN-2010,
SKFINDIA,EQ,461.8,468.0,452.1,462.2,462.0,455.9,26035,12037115.15,28-JUN-2010,
SKMEGGPROD,EQ,19.2,19.4,18.95,19.05,18.95,19.25,33565,640394.85,28-JUN-2010,
SKUMARSYNF,EQ,73.95,74.35,72.75,73.3,73.45,73.65,530490,38969265.15,28-JUN-2010,
SMARTLINK,EQ,54.8,54.8,53.0,53.45,53.55,53.6,26498,1424537.35,28-JUN-2010,
SMPL,EQ,22.4,22.4,21.1,21.95,22.0,22.0,47709,1041670.65,28-JUN-2010,
SMSPHARMA,EQ,166.5,174.8,166.5,169.4,169.45,169.15,9132,1565484.1,28-JUN-2010,
SOBHA,EQ,285.0,287.8,281.9,286.35,287.8,282.1,47703,13552322.25,28-JUN-2010,
SOFTPRO,EQ,225.3,244.45,225.3,225.7,225.7,234.0,194,44720.4,28-JUN-2010,
SOLARINDS,EQ,411.3,411.3,410.0,410.0,410.0,410.2,1255,514790.2,28-JUN-2010,
SOMANYCERA,EQ,224.05,230.0,224.05,229.1,230.0,226.25,901,206545.8,28-JUN-2010,
SOMATEX,EQ,9.75,10.2,9.75,10.05,10.2,9.85,42071,422712.75,28-JUN-2010,
SONASTEER,EQ,19.05,19.6,19.0,19.1,19.05,19.3,144938,2784792.2,28-JUN-2010,
SONATSOFTW,EQ,51.8,53.0,51.5,51.85,51.75,51.7,172761,9022009.0,28-JUN-2010,
SOTL,EQ,533.1,548.85,533.1,542.6,542.5,539.95,109,58964.8,28-JUN-2010,
SOUTHBANK,EQ,165.05,166.8,165.05,166.15,166.0,165.3,197169,32741560.05,28-JUN-2010,
SPARC,EQ,87.5,93.5,87.35,92.9,93.4,86.75,1522475,138617105.45,28-JUN-2010,
SPECTACLE,EQ,133.7,133.7,131.95,132.0,132.0,131.95,764588,101100116.5,28-JUN-2010,
SPENTEX,EQ,12.7,13.0,12.4,12.55,12.5,12.85,10054,126337.5,28-JUN-2010,
SPIC,EQ,22.2,22.25,22.2,22.25,22.25,21.15,20892,464796.9,28-JUN-2010,
SPICEMOBIL,EQ,72.75,72.8,71.1,71.95,72.2,72.7,58279,4183717.0,28-JUN-2010,
SPLIL,EQ,9.4,9.55,9.2,9.2,9.2,9.1,3598,33462.05,28-JUN-2010,
SPMLINFRA,EQ,182.0,197.0,182.0,194.25,195.9,183.75,64639,12368153.05,28-JUN-2010,
SREINTFIN,EQ,82.5,82.7,80.85,81.35,81.25,81.85,660234,53854873.8,28-JUN-2010,
SRF,EQ,228.1,246.7,228.1,243.3,243.6,238.85,129854,31543084.15,28-JUN-2010,
SRGINFOTEC,EQ,0.75,0.75,0.7,0.75,0.75,0.7,51671,38210.95,28-JUN-2010,
SRHHLINDST,EQ,4.25,4.45,4.25,4.45,4.45,4.45,1152,5063.2,28-JUN-2010,
SRHHYPOLTD,EQ,31.6,31.65,30.7,31.3,31.3,31.55,998,31216.15,28-JUN-2010,
SRTRANSFIN,EQ,571.0,586.3,561.6,575.75,575.0,579.1,145993,83252616.55,28-JUN-2010,
SSWL,EQ,154.0,160.0,152.3,157.65,157.85,153.35,13214,2071819.55,28-JUN-2010,
STAR,EQ,429.0,436.9,425.55,429.05,429.0,427.85,212916,91729199.2,28-JUN-2010,
STARPAPER,EQ,48.65,48.65,44.25,44.65,44.3,47.1,154746,6971720.55,28-JUN-2010,
STCINDIA,EQ,422.6,429.0,420.5,423.3,423.0,419.85,163034,69185137.2,28-JUN-2010,
STEELTUBES,EQ,1.85,2.0,1.85,2.0,1.95,2.0,7681,15152.35,28-JUN-2010,
STER,EQ,169.0,170.4,167.9,169.85,170.15,167.85,3923111,664712225.7,28-JUN-2010,
STERLINBIO,EQ,114.45,114.8,113.05,114.2,114.7,113.3,259962,29604080.4,28-JUN-2010,
STERTOOLS,EQ,117.0,123.9,116.25,120.15,121.5,114.35,18028,2166128.5,28-JUN-2010,
STINDIA,BE,9.85,9.85,9.85,9.85,9.85,10.1,698,6875.3,28-JUN-2010,
STOREONE,EQ,27.05,28.15,27.05,27.55,27.75,28.15,40816,1127940.55,28-JUN-2010,
STRTECH,EQ,118.0,120.25,117.05,117.9,117.65,117.7,531974,63138615.15,28-JUN-2010,
SUBEX,EQ,52.2,53.8,52.05,53.4,53.6,52.0,197486,10464188.4,28-JUN-2010,
SUBROS,EQ,46.0,46.3,45.2,45.85,45.9,45.65,56376,2581995.75,28-JUN-2010,
SUDARSCHEM,EQ,550.0,560.0,550.0,556.95,556.25,545.3,421,235243.55,28-JUN-2010,
SUJANATOW,EQ,53.8,54.55,53.65,54.1,53.9,53.1,225704,12205204.05,28-JUN-2010,
SUJANAUNI,EQ,11.25,11.3,10.95,11.0,11.0,11.0,36804,411007.85,28-JUN-2010,
SUNCLAYTON,EQ,158.0,159.0,156.2,156.2,156.2,157.45,828,131089.4,28-JUN-2010,
SUNDARAM,EQ,49.95,50.0,48.5,49.3,49.05,49.0,20851,1024608.95,28-JUN-2010,
SUNDARMFIN,EQ,445.0,459.0,442.0,450.35,451.2,445.4,8012,3632865.85,28-JUN-2010,
SUNDRMBRAK,EQ,230.0,235.1,230.0,233.5,233.0,228.75,2131,493332.45,28-JUN-2010,
SUNDRMFAST,EQ,47.15,48.0,45.5,46.3,46.3,47.65,177962,8220172.35,28-JUN-2010,
SUNFLAG,EQ,28.7,29.8,28.7,29.45,29.5,29.15,62940,1856152.9,28-JUN-2010,
SUNILHITEC,EQ,208.0,211.0,207.0,209.1,209.05,206.75,50824,10618439.3,28-JUN-2010,
SUNPHARMA,EQ,1775.55,1812.5,1775.0,1790.75,1783.1,1790.65,85565,153664855.15,28-JUN-2010,
SUNTECK,EQ,625.75,627.0,617.5,620.5,620.05,617.2,44607,27692254.55,28-JUN-2010,
SUNTV,EQ,411.0,423.25,409.2,420.8,420.7,411.55,184307,77233260.4,28-JUN-2010,
SUPER,EQ,324.0,329.0,323.0,327.05,327.0,324.0,923,300125.55,28-JUN-2010,
SUPERSPIN,EQ,14.9,14.9,14.45,14.7,14.45,14.95,16925,248634.4,28-JUN-2010,
SUPPETRO,EQ,45.3,46.5,43.2,44.2,44.4,45.65,89624,3986135.2,28-JUN-2010,
SUPRAJIT,EQ,17.65,17.65,17.0,17.25,17.25,17.45,12005,207812.0,28-JUN-2010,
SUPREMEIND,EQ,554.9,562.95,550.0,557.35,556.0,552.75,2822,1574877.1,28-JUN-2010,
SUPREMEINF,EQ,255.3,262.7,253.0,258.15,260.0,254.35,127749,32863390.6,28-JUN-2010,
SUPREMETEX,EQ,14.6,15.3,14.6,15.3,15.3,15.35,101,1475.3,28-JUN-2010,
SURAJDIAMN,EQ,50.6,52.3,50.6,51.4,51.3,51.4,40628,2086553.65,28-JUN-2010,
SURANACORP,EQ,84.0,89.0,83.1,86.05,86.1,85.65,1996,170916.35,28-JUN-2010,
SURANAIND,EQ,299.5,299.5,296.5,297.0,297.0,297.65,230,68386.0,28-JUN-2010,
SURANAT&P,EQ,46.8,47.25,46.0,47.1,47.05,46.75,15072,703203.65,28-JUN-2010,
SURYAJYOTI,EQ,24.9,24.95,23.75,23.95,23.75,24.0,9299,223202.25,28-JUN-2010,
SURYALAXMI,EQ,82.8,83.45,80.1,83.0,82.2,79.5,17636,1445156.15,28-JUN-2010,
SURYAPHARM,EQ,187.45,188.4,185.25,186.75,186.3,183.85,31780,5942675.75,28-JUN-2010,
SURYAROSNI,EQ,87.4,93.7,87.4,90.55,90.85,88.0,945676,84856077.45,28-JUN-2010,
SUTLEJTEX,EQ,163.55,166.9,158.15,160.85,162.0,166.3,4556,740173.4,28-JUN-2010,
SUVEN,EQ,29.6,30.75,29.5,30.1,30.2,29.3,212676,6410696.3,28-JUN-2010,
SUZLON,EQ,58.15,58.5,56.95,58.05,58.05,57.8,14034157,809321707.0,28-JUN-2010,
SWARAJENG,EQ,384.9,384.9,365.2,373.5,374.9,368.4,7093,2654061.65,28-JUN-2010,
SWARAJMAZD,EQ,326.1,328.9,321.25,321.25,321.25,325.0,997,323553.75,28-JUN-2010,
SYNCOM,EQ,48.0,48.0,45.8,46.0,46.1,46.25,99486,4592987.05,28-JUN-2010,
SYNDIBANK,EQ,91.0,91.95,90.3,91.7,91.9,91.05,282047,25772770.85,28-JUN-2010,
TAINWALCHM,EQ,16.15,16.9,16.15,16.3,16.3,16.7,2199,36293.7,28-JUN-2010,
TAJGVK,EQ,158.95,188.0,158.95,171.65,172.75,157.65,906433,155382483.55,28-JUN-2010,
TAKE,EQ,30.05,30.6,29.1,29.45,29.4,30.05,158553,4696953.3,28-JUN-2010,
TALBROAUTO,EQ,73.7,74.5,71.25,73.2,72.55,73.35,42171,3023936.8,28-JUN-2010,
TALWALKARS,EQ,181.6,184.45,180.5,181.55,181.95,180.8,86641,15812904.8,28-JUN-2010,
TANFACIND,EQ,27.45,30.5,27.45,29.95,30.5,27.0,1506,44640.3,28-JUN-2010,
TANLA,EQ,37.0,37.9,37.0,37.35,37.35,36.95,324652,12129040.0,28-JUN-2010,
TANTIACONS,EQ,90.4,92.1,89.4,91.85,92.0,89.9,22330,2039370.35,28-JUN-2010,
TARAPUR,EQ,39.0,39.75,38.5,38.85,38.9,38.75,361314,14106711.0,28-JUN-2010,
TATACHEM,EQ,329.0,329.0,325.7,327.0,326.55,326.25,194733,63718201.45,28-JUN-2010,
TATACOFFEE,EQ,420.0,447.0,420.0,443.3,443.0,417.2,205385,89768320.6,28-JUN-2010,
TATACOMM,EQ,258.1,262.5,257.0,261.3,260.05,257.0,163975,42642206.05,28-JUN-2010,
TATAELXSI,EQ,289.0,292.4,286.65,288.0,287.6,287.4,53174,15369044.65,28-JUN-2010,
TATAINVEST,EQ,475.0,476.75,470.35,475.9,476.7,475.4,5452,2588142.45,28-JUN-2010,
TATAMETALI,EQ,142.9,144.0,141.0,142.1,141.5,142.1,68942,9814917.3,28-JUN-2010,
TATAMOTORS,EQ,770.0,793.85,770.0,789.25,792.1,768.9,2484706,1943613479.35,28-JUN-2010,
TATAMTRDVR,EQ,505.95,526.75,505.95,523.6,526.0,505.95,38263,19883216.25,28-JUN-2010,
TATAPOWER,EQ,1309.9,1360.0,1283.6,1333.65,1359.0,1309.9,451434,598112185.6,28-JUN-2010,
TATASPONGE,EQ,347.0,347.0,343.0,344.9,346.0,342.2,17647,6080461.5,28-JUN-2010,
TATASTEEL,EQ,490.3,501.65,490.3,500.1,499.65,490.05,4142000,2057380996.7,28-JUN-2010,
TATATEA,EQ,1180.0,1212.0,1180.0,1199.65,1200.0,1178.65,195446,234910216.5,28-JUN-2010,
TCI,EQ,117.4,128.4,117.4,123.8,123.5,117.35,263129,32662576.95,28-JUN-2010,
TCIFINANCE,EQ,22.0,22.3,21.4,21.6,21.6,21.1,1310,28818.0,28-JUN-2010,
TCS,EQ,758.45,767.15,757.6,764.75,764.1,758.5,576562,440038455.65,28-JUN-2010,
TECHM,EQ,750.0,750.0,741.0,744.0,744.9,738.65,115055,85631656.95,28-JUN-2010,
TECHNOELEC,EQ,273.0,292.0,272.0,290.8,288.05,274.95,25923,7394956.2,28-JUN-2010,
TELEDATAIT,EQ,2.2,2.2,2.1,2.15,2.2,2.15,734232,1571609.6,28-JUN-2010,
TEXMACOLTD,EQ,138.75,138.75,133.7,135.05,135.5,135.6,228289,30960177.35,28-JUN-2010,
TEXMOPIPES,EQ,44.0,45.3,44.0,44.55,44.7,44.45,30533,1365400.6,28-JUN-2010,
TFCILTD,EQ,29.05,29.7,29.05,29.35,29.4,29.15,57010,1672157.05,28-JUN-2010,
TFL,EQ,21.75,21.95,21.2,21.5,21.2,22.3,1952,41777.2,28-JUN-2010,
THANGAMAYL,EQ,135.8,137.0,127.0,130.2,127.7,133.15,45897,6095264.3,28-JUN-2010,
THEMISMED,EQ,259.9,264.65,252.45,261.15,264.65,258.0,2710,704420.8,28-JUN-2010,
THERMAX,EQ,707.0,724.95,696.65,723.15,721.1,706.4,28187,20091727.45,28-JUN-2010,
THINKSOFT,EQ,154.6,156.4,150.0,153.05,152.5,153.25,17436,2678218.7,28-JUN-2010,
THIRUSUGAR,EQ,158.0,169.95,152.0,158.9,158.0,153.3,7398,1207142.35,28-JUN-2010,
THOMASCOOK,EQ,62.0,62.4,61.4,61.75,61.55,61.55,59599,3690578.25,28-JUN-2010,
TIDEWATER,EQ,5630.1,5690.0,5630.1,5657.65,5655.0,5635.75,525,2974860.1,28-JUN-2010,
TIIL,EQ,60.0,60.0,56.3,58.2,58.0,55.55,15554,894845.5,28-JUN-2010,
TIL,EQ,490.05,509.95,487.0,505.05,509.95,494.25,22371,11193854.15,28-JUN-2010,
TIMESGTY,EQ,123.95,123.95,115.8,115.85,116.0,120.55,3227,381130.95,28-JUN-2010,
TIMETECHNO,EQ,50.4,51.9,50.3,51.35,51.1,50.5,497254,25559248.4,28-JUN-2010,
TIMKEN,EQ,137.0,144.4,137.0,140.3,140.0,138.25,122320,17275536.35,28-JUN-2010,
TINPLATE,EQ,77.8,79.45,77.55,78.35,78.2,77.8,170609,13384088.55,28-JUN-2010,
TIPSINDLTD,EQ,46.5,48.95,46.25,47.65,48.0,47.0,17510,831891.3,28-JUN-2010,
TIRUMALCHM,EQ,136.55,144.9,136.05,139.75,139.0,135.5,61146,8629714.5,28-JUN-2010,
TITAN,EQ,2270.0,2350.0,2255.0,2335.2,2344.0,2264.0,63036,145201443.1,28-JUN-2010,
TNPETRO,EQ,22.3,23.25,22.3,22.5,22.6,22.35,126835,2892744.3,28-JUN-2010,
TNPL,EQ,115.5,116.9,114.1,114.9,115.0,114.65,123339,14240118.5,28-JUN-2010,
TNTELE,EQ,8.85,10.2,8.85,10.2,10.2,8.5,57874,580727.6,28-JUN-2010,
TODAYS,EQ,16.0,16.1,15.3,15.95,15.9,15.7,9367,148741.25,28-JUN-2010,
TOKYOPLAST,EQ,12.85,13.95,12.85,13.25,13.25,13.45,1448,19283.4,28-JUN-2010,
TORNTPHARM,EQ,572.0,581.7,556.0,570.35,563.0,561.75,124462,70967055.7,28-JUN-2010,
TORNTPOWER,EQ,331.0,335.9,330.85,333.25,334.6,330.85,55888,18623542.95,28-JUN-2010,
TREADS,EQ,8.7,8.9,8.7,8.8,8.8,8.75,18049,158998.6,28-JUN-2010,
TRENT,EQ,895.9,896.7,880.1,886.3,886.0,885.3,2222,1975538.35,28-JUN-2010,
TRF,EQ,813.6,822.5,813.55,820.3,822.5,813.9,1847,1511249.15,28-JUN-2010,
TRICOM,EQ,20.2,21.0,20.2,20.45,20.4,20.1,92634,1900208.45,28-JUN-2010,
TRIGYN,EQ,18.55,20.0,18.55,19.55,19.5,19.1,19007,372570.6,28-JUN-2010,
TRIL,EQ,422.05,452.85,422.05,438.6,439.0,420.05,50859,22450240.05,28-JUN-2010,
TRIVENI,EQ,97.15,102.35,95.95,101.85,102.0,95.95,1272455,127984999.6,28-JUN-2010,
TTKHEALTH,EQ,359.0,380.0,351.6,361.65,367.0,365.2,452,165310.15,28-JUN-2010,
TTKPRESTIG,EQ,912.0,938.0,905.25,913.7,907.0,916.7,27124,24953242.85,28-JUN-2010,
TTL,EQ,22.5,23.65,22.0,23.1,23.3,22.7,29233,674918.7,28-JUN-2010,
TTML,EQ,22.5,23.0,22.4,22.7,22.8,22.35,1932487,43917965.1,28-JUN-2010,
TUBEINVEST,EQ,116.0,126.5,116.0,124.65,125.1,116.45,826631,102379511.7,28-JUN-2010,
TULIP,EQ,857.5,865.0,857.0,859.6,859.95,853.8,21620,18589880.3,28-JUN-2010,
TULSI,EQ,30.45,30.45,29.75,30.05,30.2,29.8,18532,557614.15,28-JUN-2010,
TULSYAN,EQ,78.95,78.95,76.45,76.85,76.45,77.25,1077,83097.15,28-JUN-2010,
TV-18,EQ,91.9,94.65,91.9,94.15,94.25,91.9,1064677,99934772.7,28-JUN-2010,
TVSELECT,EQ,24.4,25.15,24.3,24.95,25.15,24.55,5018,123536.1,28-JUN-2010,
TVSMOTOR,EQ,102.9,107.4,102.9,106.8,107.0,104.55,1238101,130878299.2,28-JUN-2010,
TVSSRICHAK,EQ,275.3,285.0,275.0,280.05,283.0,279.25,1399,389123.5,28-JUN-2010,
TVTODAY,EQ,94.05,95.25,93.45,94.2,94.65,93.85,14039,1325780.25,28-JUN-2010,
TWILITAKA,EQ,114.45,121.4,112.15,118.95,119.0,112.9,30426,3620450.95,28-JUN-2010,
TWL,EQ,374.0,378.25,371.65,372.65,373.0,372.2,50004,18697397.55,28-JUN-2010,
UBENGG,EQ,185.5,190.0,185.1,187.8,186.0,187.05,8958,1677176.95,28-JUN-2010,
UBHOLDINGS,EQ,215.0,215.95,208.8,211.15,210.75,212.8,21173,4488353.65,28-JUN-2010,
UBL,EQ,230.25,233.65,225.25,226.65,228.0,231.0,6748,1546478.6,28-JUN-2010,
UCALFUEL,EQ,88.5,89.8,87.0,87.45,87.35,88.15,36439,3212448.35,28-JUN-2010,
UCOBANK,EQ,78.8,79.0,77.2,77.4,77.5,78.4,1645845,127692889.95,28-JUN-2010,
UFLEX,EQ,109.3,110.0,108.3,108.9,108.95,109.15,618282,67449927.75,28-JUN-2010,
ULTRACEMCO,EQ,926.0,931.0,848.5,923.8,923.85,931.65,60013,55340910.9,28-JUN-2010,
UNICHEMLAB,EQ,490.0,490.0,481.0,484.1,484.0,481.45,8373,4053128.3,28-JUN-2010,
UNIENTER,EQ,33.5,34.2,33.05,33.95,34.0,34.0,4591,155397.65,28-JUN-2010,
UNIONBANK,EQ,301.2,313.9,301.2,312.15,311.5,303.75,521319,160666353.5,28-JUN-2010,
UNIPHOS,EQ,192.0,195.35,192.0,193.85,193.85,191.65,1273358,246745188.75,28-JUN-2010,
UNIPLY,EQ,12.05,13.1,12.05,13.1,13.1,12.45,9815,127567.95,28-JUN-2010,
UNITECH,EQ,73.95,75.2,73.1,74.8,74.75,73.45,11962035,888419249.3,28-JUN-2010,
UNITEDBNK,EQ,83.7,85.0,81.25,82.85,83.5,83.7,347171,28597012.9,28-JUN-2010,
UNITEDTEA,EQ,149.0,149.0,140.5,142.05,142.05,145.25,130,18919.95,28-JUN-2010,
UNITY,EQ,112.0,112.9,109.0,109.7,110.0,111.55,94187,10400185.85,28-JUN-2010,
UNIVCABLES,EQ,82.65,84.5,82.0,84.35,84.5,83.5,6896,580592.1,28-JUN-2010,
UPERGANGES,EQ,53.55,57.6,53.55,56.8,57.0,53.0,11408,636792.2,28-JUN-2010,
USHAMART,EQ,85.8,86.5,85.25,85.7,85.7,84.75,242677,20855991.3,28-JUN-2010,
UTISUNDER,EQ,1067.99,1067.99,1000.0,1025.77,1000.0,1033.76,229,235063.59,28-JUN-2010,
UTTAMSTL,EQ,106.8,107.75,106.5,106.7,106.6,106.5,96668,10347616.75,28-JUN-2010,
UTTAMSUGAR,EQ,48.15,49.8,47.6,49.8,49.8,47.4,46724,2283753.3,28-JUN-2010,
UTVSOF,EQ,407.7,411.0,402.3,405.25,405.0,405.7,49769,20273511.25,28-JUN-2010,
VAIBHAVGEM,EQ,27.75,28.5,27.75,27.9,27.9,28.0,1256,35221.15,28-JUN-2010,
VAKRANSOFT,EQ,210.5,219.8,210.5,216.05,215.5,212.15,101635,22095053.0,28-JUN-2010,
VALECHAENG,EQ,202.1,206.25,197.0,200.25,198.5,203.05,352185,71416241.35,28-JUN-2010,
VALUEIND,EQ,24.2,25.0,23.75,24.15,24.0,24.25,17218,419241.25,28-JUN-2010,
VARDHACRLC,EQ,13.15,13.6,13.15,13.25,13.25,13.35,227219,3037819.1,28-JUN-2010,
VARDMNPOLY,EQ,50.0,50.5,47.9,50.45,50.5,49.9,2566,127488.5,28-JUN-2010,
VARUN,EQ,132.25,135.5,127.2,134.45,135.0,133.95,13878,1864599.35,28-JUN-2010,
VARUNSHIP,EQ,42.5,42.8,42.2,42.6,42.5,42.35,113433,4830226.55,28-JUN-2010,
VASCONEQ,EQ,142.5,144.2,139.15,143.0,142.25,142.5,8485,1204943.7,28-JUN-2010,
VENKEYS,EQ,494.0,494.0,465.1,479.5,481.0,475.45,8579,4115714.05,28-JUN-2010,
VENUSREM,EQ,268.0,271.6,265.0,268.0,268.0,264.75,16944,4558263.45,28-JUN-2010,
VESUVIUS,EQ,244.0,261.05,244.0,252.2,250.25,245.55,17347,4434015.0,28-JUN-2010,
VGUARD,EQ,98.55,102.5,98.0,101.5,101.9,101.1,65683,6677030.7,28-JUN-2010,
VHL,EQ,324.0,324.0,324.0,324.0,324.0,330.0,100,32400.0,28-JUN-2010,
VICEROY,EQ,50.2,50.25,48.2,50.25,50.25,47.85,380770,18965866.3,28-JUN-2010,
VIDEOIND,EQ,202.5,213.9,201.65,213.0,213.75,202.5,1151510,241916520.2,28-JUN-2010,
VIJAYABANK,EQ,63.5,64.8,63.05,64.5,64.35,64.25,2237567,143530779.2,28-JUN-2010,
VIJSHAN,EQ,32.9,32.9,30.1,30.8,31.3,32.0,11441,356290.45,28-JUN-2010,
VIKASHMET,EQ,19.15,21.95,19.15,20.8,20.8,19.15,234069,4929665.25,28-JUN-2010,
VIMTALABS,EQ,34.5,35.95,34.25,34.95,34.8,34.25,59828,2098039.3,28-JUN-2010,
VINATIORGA,EQ,73.15,74.3,71.5,71.75,71.5,72.85,15714,1142702.3,28-JUN-2010,
VINDHYATEL,EQ,236.0,237.0,236.0,236.05,236.05,230.4,46,10881.9,28-JUN-2010,
VINYLINDIA,EQ,18.15,18.25,17.5,17.6,17.75,18.2,24776,441987.05,28-JUN-2010,
VIPIND,EQ,310.2,326.5,310.2,318.95,319.0,318.7,591055,190171835.8,28-JUN-2010,
VIPUL,EQ,21.45,21.75,20.75,21.0,21.0,21.3,6289,133108.6,28-JUN-2010,
VISAKAIND,EQ,167.1,186.1,167.1,181.25,180.5,174.7,210569,38451183.7,28-JUN-2010,
VISASTEEL,EQ,37.3,38.7,37.3,38.1,38.05,37.6,80761,3079340.05,28-JUN-2010,
VISESHINFO,EQ,6.05,6.35,6.05,6.3,6.35,5.95,64961,403444.7,28-JUN-2010,
VISHALRET,EQ,65.0,67.0,62.1,62.5,62.75,64.85,66002,4161175.35,28-JUN-2010,
VISUINTL,EQ,5.0,5.1,4.95,5.05,5.05,5.0,12503,62899.15,28-JUN-2010,
VITLINFO,EQ,9.0,9.1,8.9,8.95,9.0,8.95,82474,741916.55,28-JUN-2010,
VIVIMEDLAB,EQ,171.0,174.9,170.1,173.95,173.6,169.25,21606,3739333.1,28-JUN-2010,
VLSFINANCE,EQ,12.4,14.2,12.4,13.7,13.65,12.95,113767,1564453.2,28-JUN-2010,
VOLTAMP,EQ,949.9,1079.4,946.1,979.0,980.0,942.0,721399,738438792.85,28-JUN-2010,
VOLTAS,EQ,195.5,200.5,194.45,197.2,198.15,196.15,1562618,307497379.55,28-JUN-2010,
VSTIND,EQ,556.0,598.75,475.0,593.9,593.0,585.5,3318,1928492.2,28-JUN-2010,
VTL,EQ,255.0,274.0,255.0,269.3,269.45,269.35,11811,3203860.75,28-JUN-2010,
WABCO-TVS,EQ,775.0,784.95,765.15,774.8,770.0,767.6,1891,1467435.5,28-JUN-2010,
WALCHANNAG,EQ,210.1,213.8,209.0,212.55,212.55,210.0,49206,10456756.1,28-JUN-2010,
WANBURY,EQ,83.5,84.85,82.05,82.3,82.15,80.2,92645,7724358.45,28-JUN-2010,
WEBELSOLAR,EQ,148.0,151.0,142.4,150.0,150.0,146.15,10412,1554472.15,28-JUN-2010,
WEIZMANIND,EQ,54.8,54.95,51.4,53.95,54.9,53.15,1565,84208.05,28-JUN-2010,
WELCORP,EQ,237.65,242.0,237.35,241.0,241.0,236.75,516683,124254023.0,28-JUN-2010,
WELSPUNIND,EQ,74.55,81.0,74.0,79.0,79.2,74.6,359583,28549466.2,28-JUN-2010,
WENDT,EQ,902.95,904.8,881.25,881.25,881.25,861.7,163,146364.8,28-JUN-2010,
WHEELS,EQ,303.0,304.0,298.0,299.15,300.0,293.4,563,169338.55,28-JUN-2010,
WHIRLPOOL,BE,262.95,269.8,257.35,264.45,265.0,264.0,217305,57597678.65,28-JUN-2010,
WILLAMAGOR,EQ,60.5,61.5,60.4,60.6,60.4,60.75,4866,296837.9,28-JUN-2010,
WINDSOR,EQ,70.5,70.8,68.5,69.25,69.5,68.6,14943,1031846.15,28-JUN-2010,
WINSOMYARN,EQ,1.85,1.95,1.85,1.9,1.85,1.9,21800,41160.0,28-JUN-2010,
WIPRO,EQ,390.0,397.0,390.0,394.7,394.45,389.3,915436,360966288.3,28-JUN-2010,
WOCKPHARMA,EQ,138.7,140.7,137.05,137.9,138.5,138.35,40126,5553241.15,28-JUN-2010,
WSI,EQ,47.25,47.25,45.7,46.25,46.0,46.25,8332,388898.7,28-JUN-2010,
WSTCSTPAPR,EQ,90.1,90.1,88.15,88.75,89.0,89.15,100662,8986225.75,28-JUN-2010,
WWIL,EQ,14.8,15.0,14.8,14.9,15.0,14.75,677392,10107303.0,28-JUN-2010,
WYETH,EQ,799.95,800.0,796.1,798.0,798.0,794.9,229,183074.45,28-JUN-2010,
XLTELENE,EQ,36.45,36.45,35.4,35.5,35.5,35.75,64028,2289857.5,28-JUN-2010,
XPROINDIA,EQ,48.4,48.4,45.8,46.35,46.7,47.75,121664,5651933.75,28-JUN-2010,
YESBANK,EQ,270.2,273.5,268.6,272.05,272.0,272.25,1585782,430340205.7,28-JUN-2010,
ZANDUREALT,EQ,3158.0,3165.0,3132.0,3137.35,3140.0,3133.35,5858,18420280.6,28-JUN-2010,
ZEEL,EQ,291.3,295.0,289.2,292.8,292.45,290.55,844532,246483158.05,28-JUN-2010,
ZEENEWS,EQ,13.65,13.95,13.65,13.7,13.7,13.75,784841,10781526.9,28-JUN-2010,
ZENITHBIR,EQ,29.9,33.4,28.0,30.5,31.0,29.0,2326125,72824976.75,28-JUN-2010,
ZENITHCOMP,EQ,28.8,28.9,27.0,27.35,27.35,28.5,80006,2247423.65,28-JUN-2010,
ZENITHINFO,EQ,283.6,299.9,270.7,285.25,289.5,291.95,863,243159.15,28-JUN-2010,
ZENSARTECH,EQ,332.95,332.95,327.0,328.35,329.0,327.35,7417,2439191.3,28-JUN-2010,
ZICOM,EQ,85.25,88.8,84.5,87.1,87.0,85.2,100078,8759061.6,28-JUN-2010,
ZODIACLOTH,EQ,533.0,548.9,530.6,533.05,531.5,529.7,16591,8870564.6,28-JUN-2010,
ZODJRDMKJ,EQ,27.0,27.0,26.6,26.65,26.65,27.25,140,3764.5,28-JUN-2010,
ZUARIAGRO,EQ,680.0,689.9,672.3,686.0,685.05,676.35,17971,12283199.9,28-JUN-2010,
ZYDUSWELL,EQ,499.0,499.0,487.05,491.6,492.1,490.5,11658,5736283.35,28-JUN-2010,
ZYLOG,EQ,465.6,479.8,459.0,462.9,464.75,466.35,70690,33197021.05,28-JUN-2010,
