SYMBOL,SERIES,OPEN,HIGH,LOW,CLOSE,LAST,PREVCLOSE,TOTTRDQTY,TOTTRDVAL,TIMESTAMP,TOTALTRADES,ISIN,UNNAMED: 13
20MICRONS,EQ,53.2,54.4,50.35,51.4,51.35,52.7,228471,11851587.35,31-OCT-2017,1937,INE144J01027,
3IINFOTECH,EQ,3.8,3.8,3.75,3.8,3.8,3.8,939695,3540761.6,31-OCT-2017,330,INE748C01020,
3MINDIA,EQ,14435.0,14499.0,14165.05,14190.3,14175.0,14395.25,1354,19407212.45,31-OCT-2017,260,INE470A01017,
63MOONS,EQ,140.85,147.6,135.3,145.55,145.4,140.6,1521336,221155578.65,31-OCT-2017,11795,INE111B01023,
8KMILES,EQ,574.9,680.0,556.25,667.2,669.8,572.45,1460394,938431681.5,31-OCT-2017,40918,INE650K01021,
A2ZINFRA,EQ,36.8,37.25,36.7,36.85,36.95,36.7,635712,23478183.6,31-OCT-2017,2084,INE619I01012,
AARTIDRUGS,EQ,548.0,548.0,530.55,537.8,538.5,540.75,3398,1826074.75,31-OCT-2017,379,INE767A01016,
AARTIIND,EQ,935.0,959.95,927.3,953.3,943.25,930.65,53840,50947962.05,31-OCT-2017,1930,INE769A01020,
AARVEEDEN,BE,44.15,45.55,43.5,44.45,44.3,44.45,19154,857740.85,31-OCT-2017,85,INE273D01019,
ABAN,EQ,204.0,206.5,198.8,200.75,201.3,203.0,1640318,332509780.75,31-OCT-2017,16240,INE421A01028,
ABB,EQ,1400.0,1409.15,1351.75,1385.85,1386.0,1399.15,120291,166989360.2,31-OCT-2017,3891,INE117A01022,
ABBOTINDIA,EQ,4211.0,4250.0,4210.0,4231.2,4242.6,4248.55,428,1810769.9,31-OCT-2017,164,INE358A01014,
ABCAPITAL,EQ,179.75,179.75,177.55,177.9,177.85,178.8,1587498,282950877.95,31-OCT-2017,19350,INE674K01013,
ABFRL,EQ,154.0,158.0,151.1,156.9,156.3,152.75,602557,93180978.4,31-OCT-2017,6126,INE647O01011,
ABMINTLTD,BE,42.7,44.8,42.7,44.8,44.8,42.7,285,12173.7,31-OCT-2017,7,INE251C01017,
ACC,EQ,1821.0,1837.0,1805.0,1809.5,1808.5,1819.55,230679,419681694.3,31-OCT-2017,11932,INE012A01025,
ACCELYA,EQ,1399.3,1420.0,1390.05,1398.2,1399.0,1399.3,3033,4243459.3,31-OCT-2017,316,INE793A01012,
ACE,EQ,88.9,89.1,86.2,87.2,88.2,88.45,442214,38672333.7,31-OCT-2017,2935,INE731H01025,
ADANIENT,EQ,134.7,134.7,130.05,132.3,132.5,134.2,2930305,387495999.55,31-OCT-2017,13482,INE423A01024,
ADANIPORTS,EQ,430.25,432.95,425.6,430.35,430.75,429.8,3418248,1465378575.6,31-OCT-2017,31803,INE742F01042,
ADANIPOWER,EQ,33.6,33.6,31.95,32.75,32.85,33.45,12858464,420158228.4,31-OCT-2017,16309,INE814H01011,
ADANITRANS,EQ,208.0,211.95,208.0,208.0,208.0,218.9,602860,125413103.4,31-OCT-2017,2360,INE931S01010,
ADFFOODS,EQ,240.2,244.9,238.5,239.25,239.25,236.9,536006,129527547.3,31-OCT-2017,8376,INE982B01019,
ADHUNIK,EQ,4.5,4.65,4.4,4.55,4.55,4.5,101798,460176.4,31-OCT-2017,712,INE400H01019,
ADHUNIKIND,BE,49.1,50.85,49.1,49.95,50.15,51.15,2601,129060.25,31-OCT-2017,34,INE452L01012,
ADLABS,EQ,75.25,77.3,73.45,76.6,76.65,74.15,791514,60035297.55,31-OCT-2017,4795,INE172N01012,
ADORWELD,EQ,552.0,569.5,547.2,550.95,550.0,547.9,86395,48288329.6,31-OCT-2017,3742,INE045A01017,
ADSL,EQ,20.3,20.75,19.8,20.2,20.35,20.3,54926,1115826.15,31-OCT-2017,198,INE102I01027,
ADVANIHOTR,EQ,62.05,64.6,60.6,64.15,64.6,63.25,23985,1528995.35,31-OCT-2017,392,INE199C01026,
ADVENZYMES,EQ,267.5,277.75,265.0,271.8,271.65,266.8,400452,109357814.4,31-OCT-2017,7419,INE837H01020,
AEGISCHEM,EQ,239.8,242.2,230.25,232.5,231.65,235.8,332130,78215242.35,31-OCT-2017,5890,INE208C01025,
AGARIND,BE,520.0,549.45,514.65,540.35,540.0,540.0,2541,1367038.75,31-OCT-2017,29,INE204E01012,
AGCNET,EQ,113.0,116.65,113.0,116.25,115.55,114.5,10970,1262254.9,31-OCT-2017,59,INE676A01019,
AGLSL,EQ,118.0,119.5,115.0,118.0,118.0,115.15,11555,1349402.0,31-OCT-2017,232,INE517U01013,
AGRITECH,EQ,140.5,140.5,130.25,140.5,140.5,133.85,141498,19600779.05,31-OCT-2017,1173,INE449G01018,
AHLEAST,EQ,260.1,264.9,258.6,259.45,258.6,260.05,1174,305249.3,31-OCT-2017,12,INE926K01017,
AHLUCONT,EQ,312.05,323.0,310.85,317.8,318.0,310.25,56295,17874814.7,31-OCT-2017,2496,INE758C01029,
AHLWEST,EQ,192.05,219.0,192.05,206.25,207.05,200.45,1726,357419.0,31-OCT-2017,120,INE915K01010,
AIAENG,EQ,1380.7,1397.0,1372.0,1376.6,1373.55,1381.75,24477,33902222.55,31-OCT-2017,3780,INE212H01026,
AICHAMP,BE,29.0,30.0,29.0,30.0,30.0,29.0,2,59.0,31-OCT-2017,2,INE768E01024,
AIFL,EQ,470.05,492.95,470.05,479.0,475.1,473.1,60294,28927578.8,31-OCT-2017,2168,INE428O01016,
AJANTPHARM,EQ,1247.8,1283.0,1208.8,1220.05,1218.5,1235.4,907627,1129815467.3,31-OCT-2017,30308,INE031B01049,
AJMERA,EQ,287.85,292.0,282.0,286.15,285.0,285.7,131583,37739388.35,31-OCT-2017,2978,INE298G01027,
AKSHARCHEM,EQ,757.05,760.05,731.0,759.3,756.0,754.4,15089,11393290.4,31-OCT-2017,987,INE542B01011,
AKSHOPTFBR,EQ,27.4,28.25,27.0,27.8,27.7,27.3,4384159,121214958.05,31-OCT-2017,8455,INE523B01011,
AKZOINDIA,EQ,1912.9,1939.0,1900.0,1913.3,1908.0,1893.95,8060,15469680.1,31-OCT-2017,835,INE133A01011,
ALANKIT,EQ,36.35,36.35,35.5,35.7,35.65,35.85,1530038,54692271.0,31-OCT-2017,844,INE914E01040,
ALBERTDAVD,EQ,287.95,289.4,284.45,287.25,286.05,285.9,4029,1155789.75,31-OCT-2017,121,INE155C01010,
ALBK,EQ,80.7,80.85,77.75,78.4,78.45,80.6,2873568,227054060.7,31-OCT-2017,13830,INE428A01015,
ALCHEM,EQ,11.4,12.2,11.35,12.05,12.0,11.35,78120,937476.4,31-OCT-2017,264,INE964B01033,
ALEMBICLTD,EQ,40.05,40.7,39.1,39.3,39.25,40.25,449324,17866720.3,31-OCT-2017,1549,INE426A01027,
ALICON,EQ,626.0,634.8,595.85,604.4,601.0,613.7,19393,11975406.5,31-OCT-2017,1165,INE062D01024,
ALKALI,BE,73.0,77.7,71.7,74.45,76.75,74.6,13092,980905.1,31-OCT-2017,73,INE773I01017,
ALKEM,EQ,1852.55,1877.0,1822.05,1873.8,1864.15,1858.8,27963,52007787.6,31-OCT-2017,3225,INE540L01014,
ALKYLAMINE,EQ,600.0,624.7,597.05,617.8,623.0,594.45,65481,40088222.35,31-OCT-2017,1940,INE150B01021,
ALLCARGO,EQ,178.2,179.0,173.0,173.6,174.0,168.55,544736,95117932.9,31-OCT-2017,9315,INE418H01029,
ALLSEC,EQ,482.35,494.0,475.0,488.2,485.5,490.25,14243,6926391.0,31-OCT-2017,526,INE835G01018,
ALMONDZ,EQ,25.9,26.5,24.4,24.8,24.5,25.15,28812,720370.7,31-OCT-2017,224,INE326B01027,
ALOKTEXT,EQ,3.2,3.45,3.2,3.45,3.45,3.15,10917987,37216802.45,31-OCT-2017,3374,INE270A01011,
ALPA,EQ,30.45,30.85,29.2,30.1,30.15,30.45,24530,736967.4,31-OCT-2017,110,INE385I01010,
ALPHAGEO,EQ,780.95,780.95,752.45,757.0,759.0,773.8,22128,16882081.25,31-OCT-2017,1394,INE137C01018,
ALPSINDUS,EQ,4.8,5.0,4.75,4.95,4.95,4.9,37568,184314.7,31-OCT-2017,48,INE093B01015,
AMARAJABAT,EQ,682.0,709.85,680.0,699.6,700.0,681.15,1073743,748253356.0,31-OCT-2017,24144,INE885A01032,
AMBIKCO,EQ,1310.0,1326.0,1291.0,1296.2,1292.25,1300.75,2721,3548365.55,31-OCT-2017,246,INE540G01014,
AMBUJACEM,EQ,282.95,288.8,280.75,281.5,281.25,283.55,3084319,880598731.7,31-OCT-2017,33216,INE079A01024,
AMDIND,EQ,36.55,37.55,36.0,37.1,37.4,36.65,37855,1399041.75,31-OCT-2017,318,INE005I01014,
AMRUTANJAN,EQ,594.9,598.0,580.0,583.2,581.0,590.0,2453,1440584.5,31-OCT-2017,203,INE098F01023,
AMTEKAUTO,EQ,25.5,25.5,24.4,24.7,24.8,24.65,1545442,38118250.6,31-OCT-2017,3818,INE130C01021,
ANANTRAJ,EQ,61.4,61.7,59.6,60.25,60.1,61.5,1333037,80550754.2,31-OCT-2017,5748,INE242C01024,
ANDHRABANK,EQ,66.85,68.3,65.7,66.05,66.3,68.0,3539056,235899447.7,31-OCT-2017,10480,INE434A01013,
ANDHRACEMT,BE,12.75,12.9,12.3,12.45,12.45,12.75,135539,1705130.05,31-OCT-2017,250,INE666E01012,
ANDHRSUGAR,EQ,612.4,625.0,516.5,591.9,591.0,607.7,506937,306973413.85,31-OCT-2017,11339,INE715B01013,
ANGIND,BE,5.95,6.1,5.85,5.9,5.9,6.15,7847,46411.6,31-OCT-2017,40,INE017D01010,
ANIKINDS,EQ,62.05,63.7,60.5,61.0,61.1,63.05,36450,2251961.15,31-OCT-2017,353,INE087B01017,
ANSALAPI,EQ,22.45,23.1,22.45,22.7,22.9,22.45,128187,2927455.0,31-OCT-2017,515,INE436A01026,
ANSALHSG,EQ,22.9,22.9,21.2,22.35,22.25,22.75,22650,503798.85,31-OCT-2017,185,INE880B01015,
ANTGRAPHIC,BE,0.85,0.9,0.85,0.9,0.85,0.9,9369,8023.65,31-OCT-2017,14,INE414B01021,
APARINDS,EQ,772.0,773.85,764.0,767.05,765.2,768.85,18239,13970151.6,31-OCT-2017,1667,INE372A01015,
APCL,EQ,275.05,282.0,267.75,274.15,273.5,276.0,4514,1239931.95,31-OCT-2017,422,INE071F01012,
APCOTEXIND,EQ,445.05,455.0,441.55,449.2,452.85,445.05,4480,2012485.5,31-OCT-2017,362,INE116A01024,
APEX,EQ,421.0,425.0,412.1,416.35,417.85,419.75,108783,45317733.65,31-OCT-2017,2676,INE346W01013,
APLAPOLLO,EQ,1874.5,1874.8,1827.95,1864.25,1851.05,1858.3,7613,14112135.45,31-OCT-2017,625,INE702C01019,
APLLTD,EQ,518.0,518.0,502.0,504.75,504.75,513.9,10138,5157322.85,31-OCT-2017,847,INE901L01018,
APOLLOHOSP,EQ,1035.0,1045.0,1033.35,1038.55,1036.0,1031.55,169921,176629672.5,31-OCT-2017,10562,INE437A01024,
APOLLOTYRE,EQ,246.7,247.3,243.8,246.0,246.3,246.9,1474552,362231130.55,31-OCT-2017,16566,INE438A01022,
APOLSINHOT,EQ,744.7,777.0,720.0,729.9,720.0,770.0,1747,1280004.4,31-OCT-2017,84,INE451F01016,
APTECHT,EQ,314.0,317.3,308.3,312.75,313.0,312.0,472360,148037267.05,31-OCT-2017,5533,INE266F01018,
ARCHIDPLY,EQ,101.7,102.4,99.1,100.8,100.3,101.5,48958,4936548.7,31-OCT-2017,627,INE877I01016,
ARCHIES,EQ,30.05,31.5,29.7,30.5,30.35,30.05,187373,5754192.7,31-OCT-2017,848,INE731A01020,
ARCOTECH,EQ,52.9,52.9,47.9,48.0,48.05,50.4,3400596,169182661.65,31-OCT-2017,8637,INE574I01035,
ARIES,EQ,240.0,263.6,236.7,260.2,261.0,239.65,844616,218931669.8,31-OCT-2017,10716,INE298I01015,
ARIHANT,BE,41.65,44.0,41.65,42.85,43.0,43.65,7461,312557.0,31-OCT-2017,36,INE413D01011,
ARIHANTSUP,EQ,177.0,179.0,172.5,176.8,175.3,176.65,181253,31876742.55,31-OCT-2017,2042,INE643K01018,
ARMANFIN,EQ,221.95,225.5,220.0,224.15,224.0,219.45,16156,3609592.0,31-OCT-2017,221,INE109C01017,
AROGRANITE,EQ,62.35,62.7,61.1,62.0,61.95,61.85,37038,2297231.25,31-OCT-2017,393,INE210C01013,
ARROWGREEN,EQ,556.45,566.4,541.0,552.0,552.0,556.45,7858,4353140.35,31-OCT-2017,665,INE570D01018,
ARROWTEX,EQ,49.7,50.5,48.0,48.3,48.0,49.2,28226,1369660.25,31-OCT-2017,254,INE933J01015,
ARSHIYA,EQ,84.25,85.05,82.7,83.45,83.4,84.5,76397,6409702.55,31-OCT-2017,460,INE968D01022,
ARSSINFRA,EQ,49.05,51.4,49.0,50.2,50.1,49.0,72824,3675663.2,31-OCT-2017,660,INE267I01010,
ARVIND,EQ,403.5,405.75,398.5,401.05,401.35,403.5,575387,231515525.05,31-OCT-2017,7413,INE034A01011,
ARVSMART,EQ,165.9,166.0,161.0,161.65,161.5,165.05,57155,9321895.4,31-OCT-2017,1125,INE034S01021,
ASAHIINDIA,EQ,395.0,404.65,388.95,391.55,396.9,393.15,65664,25976086.0,31-OCT-2017,1699,INE439A01020,
ASAHISONG,EQ,343.5,348.0,334.0,343.15,342.05,337.3,7570,2589944.7,31-OCT-2017,380,INE228I01012,
ASAL,EQ,86.8,90.05,86.5,87.7,88.35,87.0,24881,2187730.05,31-OCT-2017,381,INE900C01027,
ASHAPURMIN,EQ,56.7,60.75,54.75,58.85,58.95,56.25,867726,50764221.45,31-OCT-2017,5857,INE348A01023,
ASHIANA,EQ,171.4,172.3,168.05,169.1,168.6,170.7,58727,9964702.3,31-OCT-2017,982,INE365D01021,
ASHIMASYN,EQ,30.8,31.65,30.75,31.35,31.45,30.8,299714,9376749.7,31-OCT-2017,934,INE440A01010,
ASHOKA,EQ,214.5,215.0,202.2,212.95,213.05,215.2,1288913,269362634.3,31-OCT-2017,16967,INE442H01029,
ASHOKLEY,EQ,129.25,131.5,128.5,131.2,131.2,128.7,7814216,1017762541.45,31-OCT-2017,40266,INE208A01029,
ASIANHOTNR,EQ,124.85,124.85,120.15,121.85,122.0,122.8,8500,1036347.0,31-OCT-2017,68,INE363A01022,
ASIANPAINT,EQ,1182.0,1188.85,1176.15,1180.85,1182.0,1182.55,279632,330414471.55,31-OCT-2017,17963,INE021A01026,
ASIANTILES,EQ,500.0,504.05,490.1,496.65,496.7,494.5,62312,31048933.5,31-OCT-2017,1726,INE022I01019,
ASPINWALL,EQ,359.0,369.85,345.25,350.8,348.1,358.2,21894,7785965.95,31-OCT-2017,818,INE991I01015,
ASSAMCO,EQ,5.2,5.35,5.0,5.2,5.2,5.15,510291,2654082.85,31-OCT-2017,547,INE442A01024,
ASTEC,EQ,490.65,527.95,477.05,506.9,506.0,492.75,215654,107284467.05,31-OCT-2017,5753,INE563J01010,
ASTRAL,EQ,756.05,765.0,747.0,761.7,764.0,750.25,34776,26379410.15,31-OCT-2017,1784,INE006I01046,
ASTRAMICRO,EQ,120.2,123.0,118.4,119.2,119.1,124.85,628931,75600631.2,31-OCT-2017,6814,INE386C01029,
ASTRAZEN,EQ,1052.0,1085.0,1035.65,1051.25,1047.0,1045.15,14828,15724274.45,31-OCT-2017,1078,INE203A01020,
ATFL,EQ,553.4,553.4,540.05,543.65,542.0,548.0,5190,2824356.2,31-OCT-2017,236,INE209A01019,
ATLANTA,EQ,103.4,108.0,102.6,105.3,104.55,103.25,563739,59750847.1,31-OCT-2017,4862,INE285H01022,
ATLASCYCLE,BE,221.9,228.2,218.0,228.2,228.2,217.35,28983,6520969.8,31-OCT-2017,453,INE446A01025,
ATUL,EQ,2421.9,2438.9,2394.0,2397.75,2394.0,2434.8,25830,62090188.5,31-OCT-2017,654,INE100A01010,
ATULAUTO,EQ,458.15,463.9,452.2,454.5,454.0,460.45,24995,11439071.15,31-OCT-2017,1180,INE951D01028,
AUBANK,EQ,588.0,595.35,580.1,581.75,581.7,587.95,226989,132817302.15,31-OCT-2017,6299,INE949L01017,
AURIONPRO,EQ,173.0,174.5,168.1,168.9,168.25,172.65,104991,17958725.85,31-OCT-2017,1731,INE132H01018,
AUROPHARMA,EQ,765.0,772.0,755.0,760.0,761.5,767.15,2010759,1531934915.35,31-OCT-2017,26092,INE406A01037,
AUSOMENT,EQ,46.5,46.5,44.1,45.5,45.35,46.35,7811,356548.05,31-OCT-2017,77,INE218C01016,
AUTOAXLES,EQ,907.7,927.7,902.0,918.95,927.7,914.25,8773,8011555.15,31-OCT-2017,707,INE449A01011,
AUTOIND,BE,77.35,79.0,75.15,76.0,76.95,77.35,32939,2543237.4,31-OCT-2017,208,INE718H01014,
AUTOLITIND,BE,69.0,73.35,68.0,73.35,73.35,69.9,23214,1670718.45,31-OCT-2017,184,INE448A01013,
AVADHSUGAR,BE,1257.95,1304.45,1225.0,1232.8,1225.0,1257.95,18092,22833263.75,31-OCT-2017,327,INE349W01017,
AVANTIFEED,EQ,2875.0,2880.0,2800.0,2821.45,2819.4,2875.85,73881,209715517.85,31-OCT-2017,7926,INE871C01020,
AVTNPL,EQ,42.75,43.45,42.2,42.35,42.35,42.75,100329,4280573.15,31-OCT-2017,605,INE488D01021,
AXISBANK,EQ,495.0,529.0,493.3,523.15,525.25,484.0,39655956,20452710548.8,31-OCT-2017,324716,INE238A01034,
AXISCADES,EQ,127.0,128.15,122.7,123.7,123.9,127.0,188031,23436888.25,31-OCT-2017,2865,INE555B01013,
AXISGOLD,EQ,2543.5,2586.5,2533.1,2580.55,2564.1,2557.05,654,1678242.2,31-OCT-2017,84,INF846K01347,
AXISNIFTY,EQ,1036.06,1042.99,1036.05,1040.99,1040.99,1036.49,108,111912.25,31-OCT-2017,4,INF846K01ZL0,
AYMSYNTEX,EQ,63.05,65.0,63.0,64.35,64.5,64.7,11528,740847.7,31-OCT-2017,205,INE193B01039,
BAFNAPHARM,BE,24.3,25.0,24.0,25.0,25.0,24.5,10661,262671.95,31-OCT-2017,57,INE878I01014,
BAGFILMS,EQ,4.65,5.6,4.65,5.6,5.6,4.7,1825337,9909375.65,31-OCT-2017,1784,INE116D01028,
BAJAJ-AUTO,EQ,3270.05,3296.0,3250.45,3257.1,3260.0,3282.2,195420,639086973.35,31-OCT-2017,14840,INE917I01010,
BAJAJCORP,EQ,473.8,473.8,463.5,465.55,464.3,470.2,29340,13745591.8,31-OCT-2017,2563,INE933K01021,
BAJAJELEC,EQ,387.5,393.75,386.05,388.0,390.0,385.3,170847,66454520.75,31-OCT-2017,3817,INE193E01025,
BAJAJFINSV,EQ,5015.0,5158.75,4881.0,5010.35,5049.8,4994.85,318607,1597411431.3,31-OCT-2017,33563,INE918I01018,
BAJAJHIND,EQ,14.95,15.1,14.75,14.9,14.95,14.95,3294361,49223412.0,31-OCT-2017,2811,INE306A01021,
BAJAJHLDNG,EQ,2934.0,2985.0,2900.55,2968.95,2980.0,2946.95,19411,57172540.65,31-OCT-2017,1723,INE118A01012,
BAJFINANCE,EQ,1787.0,1824.05,1774.55,1800.6,1800.2,1804.3,764883,1376943973.75,31-OCT-2017,26964,INE296A01024,
BALAJITELE,EQ,147.7,152.4,145.05,148.2,147.9,147.7,299715,44246207.45,31-OCT-2017,2634,INE794B01026,
BALAMINES,EQ,478.0,530.25,465.3,518.85,519.0,441.9,1629312,832868359.65,31-OCT-2017,36720,INE050E01027,
BALAXI,BE,13.55,13.55,12.9,12.9,12.9,12.95,537,7252.3,31-OCT-2017,2,INE618N01014,
BALKRISHNA,EQ,70.5,70.9,68.9,69.2,69.0,69.9,25699,1788742.55,31-OCT-2017,347,INE875R01011,
BALKRISIND,EQ,1682.1,1715.0,1668.0,1704.95,1711.85,1676.85,318659,540238592.25,31-OCT-2017,11432,INE787D01026,
BALLARPUR,EQ,14.85,14.9,13.85,14.1,14.0,14.8,1570089,22257385.0,31-OCT-2017,2316,INE294A01037,
BALMLAWRIE,EQ,237.1,238.0,233.0,236.0,236.5,236.3,62582,14713214.1,31-OCT-2017,1568,INE164A01016,
BALPHARMA,EQ,96.0,97.9,94.9,96.85,96.85,96.05,67561,6519507.85,31-OCT-2017,425,INE083D01012,
BALRAMCHIN,EQ,168.35,172.0,166.35,171.45,171.5,167.55,2511028,426267264.15,31-OCT-2017,26775,INE119A01028,
BANARBEADS,EQ,67.0,67.0,62.05,62.85,62.65,62.45,6850,430269.55,31-OCT-2017,103,INE655B01011,
BANARISUG,EQ,2305.0,2350.0,2299.95,2347.75,2300.0,2300.05,2041,4769365.35,31-OCT-2017,71,INE459A01010,
BANCOINDIA,EQ,216.0,224.75,215.2,221.05,221.4,216.2,171255,37980031.45,31-OCT-2017,3574,INE213C01025,
BANG,EQ,42.5,42.75,40.15,42.75,42.75,38.9,55080,2333161.2,31-OCT-2017,403,INE863I01016,
BANKBARODA,EQ,175.35,177.7,167.85,169.9,170.3,174.65,13702475,2360247324.45,31-OCT-2017,91712,INE028A01039,
BANKBEES,EQ,2543.5,2549.76,2538.27,2545.39,2549.76,2542.87,3377,8593374.01,31-OCT-2017,1111,INF732E01078,
BANKINDIA,EQ,185.4,194.4,183.5,191.1,192.0,185.35,8658672,1651361927.5,31-OCT-2017,56546,INE084A01016,
BANSWRAS,EQ,132.1,133.0,126.65,131.65,132.5,132.95,17781,2315559.65,31-OCT-2017,338,INE629D01012,
BARTRONICS,EQ,14.15,16.6,13.9,15.7,15.7,14.1,1897219,30058505.9,31-OCT-2017,4366,INE855F01034,
BASF,EQ,1720.0,1749.0,1684.4,1739.3,1737.0,1710.0,36592,63128594.0,31-OCT-2017,2137,INE373A01013,
BASML,EQ,325.0,334.7,320.0,329.7,329.75,319.25,6410,2094518.05,31-OCT-2017,109,INE186H01014,
BATAINDIA,EQ,819.0,825.4,808.8,811.1,813.0,821.0,581681,474330653.8,31-OCT-2017,12974,INE176A01028,
BAYERCROP,EQ,3824.45,3900.0,3789.05,3854.6,3840.05,3835.75,18426,70397002.7,31-OCT-2017,2399,INE462A01022,
BBL,EQ,1038.0,1038.0,1000.25,1003.7,1001.0,1028.25,21221,21505960.0,31-OCT-2017,1165,INE464A01028,
BBTC,EQ,1690.0,1709.95,1670.1,1677.85,1678.1,1679.3,166120,280494271.6,31-OCT-2017,8348,INE050A01025,
BEARDSELL,EQ,69.1,69.65,68.2,68.4,68.2,69.25,5057,349234.85,31-OCT-2017,46,INE520H01022,
BEDMUTHA,EQ,23.7,25.2,23.4,25.2,25.2,24.0,29780,735665.1,31-OCT-2017,78,INE844K01012,
BEL,EQ,186.0,192.4,181.25,184.6,184.0,175.5,25048166,4661421085.6,31-OCT-2017,137188,INE263A01024,
BEML,EQ,1710.0,1754.4,1705.6,1713.6,1714.0,1702.5,784258,1356001662.5,31-OCT-2017,21614,INE258A01016,
BEPL,EQ,142.0,145.9,135.25,139.45,140.0,132.65,7588648,1070456751.05,31-OCT-2017,39898,INE922A01025,
BERGEPAINT,EQ,268.0,268.05,262.7,266.05,267.85,267.5,315655,83815765.55,31-OCT-2017,4106,INE463A01038,
BFINVEST,EQ,244.85,278.5,244.0,263.0,261.85,243.65,1345623,358717716.1,31-OCT-2017,17187,INE878K01010,
BFUTILITIE,EQ,430.1,467.3,430.0,453.05,451.1,426.8,3191840,1442828019.75,31-OCT-2017,45205,INE243D01012,
BGLOBAL,BE,6.0,6.05,5.7,5.8,5.8,6.0,56392,329877.85,31-OCT-2017,89,INE224M01013,
BGRENERGY,EQ,146.5,147.0,143.1,143.95,143.85,146.0,165219,23915814.75,31-OCT-2017,2054,INE661I01014,
BHAGERIA,EQ,301.0,304.0,295.15,298.65,297.75,300.95,85948,25815530.3,31-OCT-2017,1521,INE354C01027,
BHAGYANGR,EQ,36.0,36.9,32.5,33.7,33.7,35.35,153525,5299352.45,31-OCT-2017,1105,INE458B01036,
BHAGYAPROP,EQ,19.0,21.05,19.0,20.05,20.0,19.15,48451,978595.35,31-OCT-2017,67,INE363W01018,
BHANDARI,EQ,3.7,3.9,3.7,3.8,3.8,3.65,1004997,3793871.1,31-OCT-2017,538,INE474E01029,
BHARATFIN,EQ,974.9,980.75,966.3,975.05,975.0,964.3,710618,692941126.05,31-OCT-2017,8974,INE180K01011,
BHARATFORG,EQ,699.45,710.1,685.0,698.2,706.1,694.55,1206918,836212134.9,31-OCT-2017,17059,INE465A01025,
BHARATGEAR,EQ,145.9,164.8,143.7,155.95,156.25,143.15,312900,49243299.85,31-OCT-2017,5533,INE561C01019,
BHARATRAS,EQ,2915.5,2917.5,2864.95,2894.95,2891.8,2881.65,358,1033089.55,31-OCT-2017,99,INE838B01013,
BHARATWIRE,EQ,94.9,96.0,94.0,94.25,94.5,94.85,47045,4454814.5,31-OCT-2017,574,INE316L01019,
BHARTIARTL,EQ,490.0,503.4,486.7,497.2,498.0,492.9,11437618,5659016100.85,31-OCT-2017,100331,INE397D01024,
BHEL,EQ,96.35,99.0,95.5,98.0,98.0,95.85,14261097,1393011518.55,31-OCT-2017,47317,INE257A01026,
BHUSANSTL,EQ,73.2,74.0,62.05,65.6,63.45,73.15,5025713,342627468.05,31-OCT-2017,24639,INE824B01021,
BIGBLOC,EQ,107.0,112.9,104.1,106.85,106.0,104.75,272845,29752732.7,31-OCT-2017,2711,INE412U01017,
BIL,EQ,628.0,636.5,608.3,614.1,610.0,624.0,22351,13927550.2,31-OCT-2017,1133,INE828A01016,
BILENERGY,EQ,0.75,0.8,0.7,0.8,0.8,0.75,100603,70470.2,31-OCT-2017,15,INE607L01029,
BILPOWER,EQ,0.8,0.85,0.8,0.85,0.85,0.8,1316,1093.6,31-OCT-2017,4,INE952D01018,
BINANIIND,EQ,83.5,84.5,80.2,80.8,80.3,82.85,122709,10137790.95,31-OCT-2017,1212,INE071A01013,
BINDALAGRO,EQ,33.15,34.45,31.05,32.05,31.9,32.9,965047,31655371.65,31-OCT-2017,3984,INE143A01010,
BIOCON,EQ,367.0,367.0,358.45,359.2,359.5,366.45,1470331,531879188.0,31-OCT-2017,20120,INE376G01013,
BIOFILCHEM,BE,23.0,23.0,21.6,21.95,22.9,22.65,4332,95420.7,31-OCT-2017,29,INE829A01014,
BIRLACABLE,BE,52.7,56.25,52.1,55.9,55.0,54.55,38391,2118438.75,31-OCT-2017,224,INE800A01015,
BIRLACORPN,EQ,1065.0,1176.5,1050.0,1138.4,1143.0,1058.15,330672,373331430.75,31-OCT-2017,13104,INE340A01012,
BIRLAMONEY,EQ,82.25,84.5,81.05,81.75,82.0,82.1,109304,9006272.4,31-OCT-2017,1386,INE865C01022,
BLBLIMITED,BE,6.55,6.55,6.55,6.55,6.55,6.55,215,1408.25,31-OCT-2017,3,INE791A01024,
BLISSGVS,EQ,174.0,182.0,170.1,173.65,174.5,173.3,366228,65202244.5,31-OCT-2017,4177,INE416D01022,
BLKASHYAP,EQ,55.0,58.4,51.35,56.45,56.15,51.3,3992013,220380667.75,31-OCT-2017,15598,INE350H01032,
BLS,EQ,253.15,258.4,251.25,255.5,255.0,254.95,125810,32128788.05,31-OCT-2017,1999,INE153T01027,
BLUEBLENDS,EQ,28.25,28.25,27.15,27.85,27.65,27.6,20246,562166.3,31-OCT-2017,101,INE113O01014,
BLUECOAST,EQ,120.75,120.75,115.0,115.0,115.0,115.0,16,1903.2,31-OCT-2017,3,INE472B01011,
BLUEDART,EQ,4152.05,4200.0,4130.0,4193.15,4198.0,4150.55,6079,25392078.95,31-OCT-2017,779,INE233B01017,
BLUESTARCO,EQ,815.0,825.9,792.15,811.45,799.0,808.3,40026,32225616.65,31-OCT-2017,2874,INE472A01039,
BODALCHEM,EQ,175.75,181.5,174.85,179.6,179.95,174.6,1372615,245942648.15,31-OCT-2017,14973,INE338D01028,
BOMDYEING,EQ,198.0,204.8,193.2,194.25,194.0,198.0,6709057,1324213885.8,31-OCT-2017,19955,INE032A01023,
BOSCHLTD,EQ,21318.0,21318.0,21000.0,21012.2,21000.05,21259.05,8680,182791710.85,31-OCT-2017,3030,INE323A01026,
BPCL,EQ,535.55,544.35,527.0,541.6,540.5,536.25,3195489,1718745108.0,31-OCT-2017,53354,INE029A01011,
BPL,EQ,66.9,68.0,65.4,66.05,66.0,66.65,267041,17819958.05,31-OCT-2017,1159,INE110A01019,
BRFL,EQ,131.0,134.0,129.3,132.7,133.0,131.85,291912,38605956.6,31-OCT-2017,1306,INE589G01011,
BRIGADE,EQ,267.5,268.9,263.35,264.5,263.35,266.35,22940,6092460.25,31-OCT-2017,671,INE791I01019,
BRITANNIA,EQ,4750.0,4770.0,4630.7,4639.5,4630.95,4745.9,119015,556503331.25,31-OCT-2017,12581,INE216A01022,
BRNL,EQ,175.0,180.5,173.45,178.65,178.5,172.25,841371,149517876.9,31-OCT-2017,3952,INE727S01012,
BROOKS,EQ,105.15,106.9,104.85,106.1,105.65,105.1,35816,3791573.95,31-OCT-2017,686,INE650L01011,
BSE,EQ,987.0,999.0,982.65,990.45,990.0,985.35,49294,48853524.9,31-OCT-2017,2778,INE118H01025,
BSELINFRA,EQ,5.8,5.8,5.1,5.2,5.25,5.6,380104,2019491.2,31-OCT-2017,696,INE395A01016,
BSL,EQ,70.4,70.45,66.25,68.45,69.5,70.15,33673,2304876.95,31-OCT-2017,287,INE594B01012,
BSLGOLDETF,EQ,2692.05,2743.0,2692.05,2742.9,2742.9,2703.05,220,598911.7,31-OCT-2017,27,INF209K01HT2,
BSLIMITED,BE,1.55,1.55,1.45,1.55,1.55,1.5,551513,840363.95,31-OCT-2017,143,INE043K01029,
BSLNIFTY,EQ,104.01,107.99,101.58,105.79,104.51,107.0,78,8195.74,31-OCT-2017,21,INF209K01IR4,
BURNPUR,EQ,8.8,8.8,8.5,8.6,8.55,8.65,368913,3189117.1,31-OCT-2017,615,INE817H01014,
BUTTERFLY,EQ,297.35,321.0,297.35,315.6,319.0,298.85,294077,91363324.85,31-OCT-2017,6007,INE295F01017,
BVCL,BE,29.45,29.6,28.0,29.15,29.55,28.35,12854,373129.6,31-OCT-2017,43,INE139I01011,
BYKE,EQ,161.25,161.25,156.65,157.25,158.0,159.4,49357,7818811.25,31-OCT-2017,898,INE319B01014,
CADILAHC,EQ,500.0,511.9,495.55,503.45,502.4,498.25,1089148,550970347.45,31-OCT-2017,21933,INE010B01027,
CALSOFT,EQ,31.35,31.35,31.35,31.35,31.35,29.9,7189,225375.15,31-OCT-2017,28,INE526B01014,
CAMLINFINE,EQ,89.55,90.4,88.0,88.6,88.4,89.45,348685,31103098.85,31-OCT-2017,1663,INE052I01032,
CANBK,EQ,413.7,418.75,403.65,405.6,407.25,413.4,4926951,2014206402.6,31-OCT-2017,41766,INE476A01014,
CANDC,EQ,69.4,71.4,69.4,71.4,71.4,68.0,72027,5125237.9,31-OCT-2017,172,INE874H01015,
CANFINHOME,EQ,493.9,495.15,478.0,480.15,479.6,488.75,917182,443512717.85,31-OCT-2017,16497,INE477A01020,
CANTABIL,EQ,70.15,73.0,70.15,71.8,72.0,71.5,20947,1510652.45,31-OCT-2017,174,INE068L01016,
CAPACITE,EQ,338.7,341.5,335.0,336.15,337.5,337.3,350283,118013566.4,31-OCT-2017,7994,INE264T01014,
CAPF,EQ,723.0,762.0,702.0,754.6,751.95,717.25,3574909,2633099377.4,31-OCT-2017,75398,INE688I01017,
CAPLIPOINT,EQ,680.0,686.0,669.0,671.05,670.0,678.05,24378,16408039.4,31-OCT-2017,1378,INE475E01026,
CAPTRUST,EQ,558.95,565.05,534.1,538.25,540.0,558.95,3983,2173134.7,31-OCT-2017,265,INE707C01018,
CARBORUNIV,EQ,347.95,369.0,346.2,361.3,361.0,345.85,646812,233069821.7,31-OCT-2017,10515,INE120A01034,
CAREERP,EQ,145.5,148.5,144.1,144.75,144.65,146.0,66335,9701669.45,31-OCT-2017,789,INE521J01018,
CARERATING,EQ,1499.0,1510.05,1495.0,1503.75,1503.5,1503.0,22687,34034344.8,31-OCT-2017,802,INE752H01013,
CASTEXTECH,EQ,5.25,5.3,5.15,5.2,5.25,5.2,861203,4495989.3,31-OCT-2017,446,INE068D01021,
CASTROLIND,EQ,402.8,404.4,398.5,399.9,400.0,401.65,769196,308094740.6,31-OCT-2017,14167,INE172A01027,
CCCL,EQ,8.45,8.45,8.15,8.45,8.45,7.7,690442,5831033.35,31-OCT-2017,594,INE429I01024,
CCHHL,EQ,13.95,14.75,13.95,14.15,14.3,13.9,285798,4100939.15,31-OCT-2017,892,INE652F01027,
CCL,EQ,321.85,324.85,293.15,320.85,320.0,321.65,92448,29320723.95,31-OCT-2017,6083,INE421D01022,
CDSL,EQ,374.0,375.8,371.0,371.95,371.4,373.9,544303,202943318.15,31-OCT-2017,8811,INE736A01011,
CEATLTD,EQ,1680.0,1700.0,1666.85,1671.9,1670.75,1691.35,217647,365519461.45,31-OCT-2017,8527,INE482A01020,
CEBBCO,EQ,11.35,11.4,11.1,11.25,11.35,11.25,41550,467831.45,31-OCT-2017,142,INE209L01016,
CELEBRITY,BE,14.85,14.85,14.45,14.8,14.8,14.7,11144,162519.75,31-OCT-2017,34,INE185H01016,
CELESTIAL,EQ,21.0,21.5,20.6,20.75,20.65,20.65,241648,5024845.0,31-OCT-2017,736,INE221I01017,
CENTENKA,EQ,377.8,398.5,375.5,394.1,396.5,380.5,192433,75295824.85,31-OCT-2017,4236,INE485A01015,
CENTEXT,BE,4.8,5.0,4.8,4.9,4.8,4.8,91980,454200.2,31-OCT-2017,87,INE281A01026,
CENTRALBK,EQ,81.0,82.95,79.0,81.75,82.0,82.8,5644057,460668384.85,31-OCT-2017,7125,INE483A01010,
CENTUM,EQ,634.8,641.95,633.95,639.0,640.0,634.1,3763,2404027.5,31-OCT-2017,261,INE320B01020,
CENTURYPLY,EQ,276.0,283.95,273.0,282.35,282.0,277.95,197801,55247639.1,31-OCT-2017,5223,INE348B01021,
CENTURYTEX,EQ,1351.0,1371.45,1345.05,1359.6,1357.7,1351.5,464224,631040427.2,31-OCT-2017,10879,INE055A01016,
CERA,EQ,3169.0,3280.0,3147.55,3253.6,3264.5,3168.65,7015,22446927.8,31-OCT-2017,931,INE739E01017,
CEREBRAINT,EQ,40.75,41.9,40.5,40.85,41.0,41.0,167147,6874355.85,31-OCT-2017,539,INE345B01019,
CESC,EQ,1011.8,1034.35,1000.65,1018.7,1017.95,1001.85,550042,562061309.0,31-OCT-2017,13532,INE486A01013,
CGCL,EQ,113.05,113.75,109.65,111.85,112.15,112.45,75464,8417950.0,31-OCT-2017,791,INE180C01026,
CGPOWER,EQ,82.1,85.0,82.05,82.9,82.95,82.3,3814111,319692178.1,31-OCT-2017,11973,INE067A01029,
CHAMBLFERT,EQ,149.5,151.8,147.3,150.65,151.3,149.4,420050,62919288.75,31-OCT-2017,5438,INE085A01013,
CHENNPETRO,EQ,461.0,478.0,457.35,468.8,469.1,462.2,1360983,638375924.65,31-OCT-2017,21728,INE178A01016,
CHOLAFIN,EQ,1149.0,1161.0,1144.65,1151.2,1150.0,1141.2,138164,159373441.7,31-OCT-2017,11811,INE121A01016,
CHROMATIC,EQ,2.1,2.1,2.0,2.05,2.1,2.05,169355,342428.6,31-OCT-2017,109,INE662C01015,
CIGNITITEC,EQ,267.9,269.7,260.05,267.5,264.0,263.1,18217,4823351.85,31-OCT-2017,360,INE675C01017,
CIMMCO,EQ,103.1,104.9,98.2,100.0,100.8,102.75,126049,12633343.8,31-OCT-2017,952,INE184C01028,
CINELINE,EQ,93.2,95.15,93.2,94.55,94.5,92.85,121111,11401258.1,31-OCT-2017,761,INE704H01022,
CINEVISTA,BE,18.85,18.85,17.95,17.95,17.95,18.85,29380,528176.15,31-OCT-2017,116,INE039B01026,
CIPLA,EQ,629.0,634.9,621.6,627.6,626.25,626.05,1522851,957265682.0,31-OCT-2017,38312,INE059A01026,
CLEDUCATE,EQ,332.0,333.0,330.0,330.15,330.1,331.75,2077,688926.95,31-OCT-2017,148,INE201M01011,
CLNINDIA,EQ,635.2,635.2,622.1,623.55,623.0,629.55,23948,15069293.05,31-OCT-2017,772,INE492A01029,
CMICABLES,EQ,211.85,216.3,211.0,214.45,213.95,210.7,35356,7566481.7,31-OCT-2017,739,INE981B01011,
CNOVAPETRO,EQ,39.4,40.9,39.4,40.1,40.4,40.35,7660,306682.8,31-OCT-2017,46,INE672K01025,
COALINDIA,EQ,287.0,288.3,283.35,286.45,287.0,288.9,2596941,740556813.95,31-OCT-2017,29463,INE522F01014,
COCHINSHIP,EQ,578.0,597.8,573.05,579.7,579.75,575.3,1198217,702057984.8,31-OCT-2017,22013,INE704P01017,
COFFEEDAY,EQ,224.6,226.4,220.3,222.45,222.0,224.75,31147,6972179.2,31-OCT-2017,1751,INE335K01011,
COLPAL,EQ,1069.0,1070.0,1058.05,1064.65,1063.0,1065.1,276233,293820535.75,31-OCT-2017,7745,INE259A01022,
COMPINFO,EQ,27.0,27.0,26.35,26.55,26.45,26.9,12139,323825.4,31-OCT-2017,72,INE070C01037,
COMPUSOFT,EQ,13.25,13.85,13.15,13.55,13.5,13.25,65888,888018.75,31-OCT-2017,174,INE453B01029,
CONCOR,EQ,1366.25,1399.0,1362.1,1382.35,1380.15,1370.9,730883,1008454236.3,31-OCT-2017,28870,INE111A01017,
CONSOFINVT,EQ,64.7,64.7,60.75,64.2,64.0,62.7,8785,557640.6,31-OCT-2017,97,INE025A01027,
CONTROLPR,EQ,399.75,400.7,393.65,398.95,400.65,399.2,13687,5447646.65,31-OCT-2017,300,INE663B01015,
CORALFINAC,EQ,84.0,86.0,81.0,82.1,82.85,82.6,63781,5239145.75,31-OCT-2017,966,INE558D01021,
CORDSCABLE,EQ,137.0,137.0,129.8,132.7,131.75,137.15,184259,24508288.95,31-OCT-2017,2530,INE792I01017,
COROMANDEL,EQ,522.0,538.6,512.25,515.25,514.9,518.8,513386,271342983.45,31-OCT-2017,17608,INE169A01031,
CORPBANK,EQ,46.7,46.7,45.05,45.3,45.2,46.35,360315,16431695.5,31-OCT-2017,1976,INE112A01023,
COSMOFILMS,EQ,395.8,401.4,388.8,390.4,389.0,397.3,37991,14979313.25,31-OCT-2017,960,INE757A01017,
COUNCODOS,EQ,3.1,3.35,3.1,3.3,3.3,3.25,4707,14930.6,31-OCT-2017,32,INE695B01025,
COX&KINGS,EQ,262.4,264.6,260.2,261.25,261.0,263.95,66749,17488034.65,31-OCT-2017,2743,INE008I01026,
CPSEETF,EQ,30.5,30.78,30.4,30.67,30.63,30.57,2716187,83258022.61,31-OCT-2017,2834,INF457M01133,
CREATIVEYE,EQ,4.1,4.1,4.1,4.1,4.1,4.1,250,1025.0,31-OCT-2017,4,INE230B01021,
CREST,EQ,182.4,188.6,181.05,185.45,188.45,186.4,12354,2275226.65,31-OCT-2017,127,INE559D01011,
CRISIL,EQ,1825.0,1829.95,1792.5,1799.45,1800.0,1825.55,25657,46184301.9,31-OCT-2017,4635,INE007A01025,
CROMPTON,EQ,225.9,228.7,220.1,221.15,220.65,224.45,2028914,456324434.8,31-OCT-2017,23875,INE299U01018,
CTE,EQ,70.2,70.2,67.8,68.5,67.8,69.05,7489,513553.95,31-OCT-2017,59,INE627H01017,
CUB,EQ,160.55,162.0,159.25,161.55,161.7,159.65,205469,32991661.05,31-OCT-2017,3548,INE491A01021,
CUBEXTUB,BE,32.15,33.1,32.15,33.1,33.1,31.55,29004,955834.2,31-OCT-2017,135,INE144D01012,
CUMMINSIND,EQ,912.0,915.0,900.05,905.15,904.55,911.8,435092,394675920.7,31-OCT-2017,16665,INE298A01020,
CUPID,EQ,270.0,279.95,267.0,269.2,269.0,270.0,51582,13908164.35,31-OCT-2017,878,INE509F01011,
CURATECH,BE,6.45,6.45,6.45,6.45,6.45,6.5,50,322.5,31-OCT-2017,1,INE117B01012,
CYBERMEDIA,BE,13.3,13.3,13.3,13.3,13.3,12.7,450,5985.0,31-OCT-2017,3,INE278G01037,
CYBERTECH,EQ,69.9,71.0,67.85,68.9,69.0,69.55,20790,1435378.85,31-OCT-2017,217,INE214A01019,
CYIENT,EQ,562.0,563.6,525.0,540.55,540.3,557.7,12542371,6608125019.4,31-OCT-2017,16397,INE136B01020,
DAAWAT,EQ,67.0,69.0,66.25,68.3,68.2,66.95,1042467,70903903.7,31-OCT-2017,8475,INE818H01020,
DABUR,EQ,325.9,334.6,322.8,332.85,333.3,322.25,3629462,1191162793.85,31-OCT-2017,46447,INE016A01026,
DALMIABHA,EQ,2965.5,3050.05,2965.5,2992.15,2999.0,2959.2,217016,650918756.6,31-OCT-2017,13093,INE439L01019,
DALMIASUG,EQ,189.5,189.9,181.2,183.55,183.75,188.0,372781,68655197.3,31-OCT-2017,3383,INE495A01022,
DAMODARIND,EQ,127.8,127.8,121.5,125.5,126.0,123.3,4435,553441.65,31-OCT-2017,96,INE497D01014,
DATAMATICS,EQ,104.5,105.5,102.5,102.9,102.6,103.75,100981,10469032.35,31-OCT-2017,1243,INE365B01017,
DBCORP,EQ,369.0,374.0,359.0,362.0,360.0,368.0,166777,60754759.65,31-OCT-2017,5477,INE950I01011,
DBL,EQ,868.1,868.1,848.0,853.1,850.0,869.3,318276,271959293.25,31-OCT-2017,14042,INE917M01012,
DBREALTY,EQ,37.7,38.7,36.8,38.0,37.75,37.45,631893,23921372.65,31-OCT-2017,2262,INE879I01012,
DCAL,EQ,295.85,298.35,293.1,297.15,296.25,295.3,94174,27818048.3,31-OCT-2017,2492,INE385W01011,
DCBBANK,EQ,179.0,179.4,177.15,177.95,177.55,178.95,700534,124817838.5,31-OCT-2017,5880,INE503A01015,
DCM,EQ,116.5,119.5,116.25,118.25,118.05,116.8,36810,4357939.5,31-OCT-2017,596,INE498A01018,
DCMSHRIRAM,EQ,538.9,543.8,520.05,523.8,525.0,536.1,151469,80122638.8,31-OCT-2017,8963,INE499A01024,
DCW,EQ,52.45,52.9,50.25,50.45,50.5,52.2,3841056,197219781.65,31-OCT-2017,10231,INE500A01029,
DECCANCE,EQ,571.35,584.35,571.35,580.85,582.0,578.1,2158,1251809.2,31-OCT-2017,158,INE583C01021,
DEEPAKFERT,EQ,472.5,478.2,467.1,474.15,473.85,469.5,103913,49080307.55,31-OCT-2017,4041,INE501A01019,
DEEPAKNTR,EQ,215.2,219.8,213.95,217.15,217.6,213.9,232247,50395726.95,31-OCT-2017,3007,INE288B01029,
DEEPIND,EQ,214.85,216.5,213.15,213.95,214.0,213.7,99411,21333978.15,31-OCT-2017,1186,INE677H01012,
DELTACORP,EQ,259.9,268.4,259.5,265.45,265.2,258.35,5331308,1408136396.05,31-OCT-2017,39242,INE124G01033,
DELTAMAGNT,EQ,42.0,45.0,42.0,45.0,45.0,42.9,2927,129829.0,31-OCT-2017,9,INE393A01011,
DEN,EQ,86.45,87.9,84.85,85.65,85.75,86.25,81125,7001404.5,31-OCT-2017,771,INE947J01015,
DENABANK,EQ,27.85,28.1,27.55,27.7,27.75,27.8,2592299,72127240.0,31-OCT-2017,4718,INE077A01010,
DENORA,EQ,243.0,261.75,243.0,259.0,260.0,245.0,30307,7742011.65,31-OCT-2017,825,INE244A01016,
DFMFOODS,EQ,1722.55,1995.0,1722.55,1925.3,1921.0,1749.0,38621,71579892.9,31-OCT-2017,2236,INE456C01012,
DHAMPURSUG,EQ,318.4,320.8,315.45,317.35,316.4,315.9,347645,110741467.35,31-OCT-2017,4604,INE041A01016,
DHANBANK,EQ,36.75,37.05,36.2,36.35,36.4,36.7,341910,12455325.45,31-OCT-2017,1036,INE680A01011,
DHANUKA,EQ,646.0,657.1,643.05,646.95,645.0,648.2,47790,31044879.95,31-OCT-2017,5203,INE435G01025,
DHARSUGAR,EQ,35.35,35.5,34.0,34.4,34.5,35.5,151554,5237501.8,31-OCT-2017,736,INE988C01014,
DHFL,EQ,651.65,653.3,637.25,642.75,641.5,647.9,5702864,3675738264.25,31-OCT-2017,51164,INE202B01012,
DHUNINV,EQ,350.0,352.0,345.0,349.15,350.0,348.2,2746,961028.75,31-OCT-2017,86,INE320L01011,
DIAMONDYD,EQ,1180.0,1184.9,1158.1,1172.3,1170.0,1178.3,88484,103912494.1,31-OCT-2017,6904,INE393P01035,
DIAPOWER,EQ,18.9,18.95,18.0,18.6,18.5,18.75,157734,2953840.15,31-OCT-2017,654,INE989C01012,
DICIND,EQ,496.0,502.0,493.2,493.55,493.3,495.7,2897,1443027.4,31-OCT-2017,83,INE303A01010,
DIGJAMLTD,EQ,11.3,11.4,11.15,11.15,11.2,11.35,187120,2100209.0,31-OCT-2017,384,INE731U01010,
DISHTV,EQ,77.75,78.6,76.65,77.65,77.6,77.65,3482862,270707665.45,31-OCT-2017,14473,INE836F01026,
DIVISLAB,EQ,873.95,892.4,870.1,882.5,881.8,872.9,1410837,1247579248.8,31-OCT-2017,28430,INE361B01024,
DIXON,EQ,2730.0,2759.0,2675.0,2724.3,2726.0,2736.7,49346,134045032.95,31-OCT-2017,7500,INE935N01012,
DLF,EQ,187.5,202.7,186.4,201.35,201.7,187.9,24256440,4753416981.85,31-OCT-2017,111611,INE271C01023,
DLINKINDIA,EQ,124.5,125.1,121.05,122.2,121.5,124.1,158734,19609880.65,31-OCT-2017,1660,INE250K01012,
DMART,EQ,1155.0,1155.0,1135.0,1140.6,1139.95,1147.9,280071,320415582.5,31-OCT-2017,10796,INE192R01011,
DOLLAR,EQ,432.95,433.05,427.35,431.35,432.65,426.85,5029,2166502.65,31-OCT-2017,172,INE325C01035,
DOLPHINOFF,EQ,103.0,105.6,101.8,102.55,103.4,102.75,230813,23873435.9,31-OCT-2017,2850,INE920A01011,
DONEAR,EQ,61.05,62.9,60.65,62.15,61.9,61.7,56322,3491953.9,31-OCT-2017,492,INE668D01028,
DPL,BE,134.9,138.75,134.9,138.6,138.75,132.15,52928,7322967.95,31-OCT-2017,288,INE477B01010,
DPSCLTD,EQ,34.1,34.1,32.25,33.0,33.1,34.15,14727,482057.65,31-OCT-2017,295,INE360C01024,
DQE,EQ,21.6,22.0,20.55,20.95,20.7,21.45,98879,2083590.4,31-OCT-2017,517,INE656K01010,
DREDGECORP,EQ,558.0,572.0,555.3,558.85,559.4,558.75,115479,64974985.0,31-OCT-2017,3692,INE506A01018,
DRREDDY,EQ,2420.0,2504.0,2390.0,2428.15,2428.2,2438.5,1957333,4810590010.85,31-OCT-2017,81908,INE089A01023,
DSKULKARNI,BE,24.7,25.75,24.7,25.05,24.9,25.2,28880,731892.15,31-OCT-2017,140,INE891A01014,
DSSL,EQ,37.0,37.0,34.4,35.45,35.95,35.1,12781,451201.95,31-OCT-2017,103,INE417B01040,
DTIL,EQ,272.4,275.7,268.2,268.85,268.65,271.0,3365,908027.3,31-OCT-2017,105,INE341R01014,
DUCON,EQ,34.7,35.0,34.2,34.75,35.0,34.25,88874,3076270.95,31-OCT-2017,326,INE741L01018,
DWARKESH,EQ,78.0,78.45,76.0,76.6,76.6,77.4,3076854,237570016.05,31-OCT-2017,14905,INE366A01041,
DYNAMATECH,EQ,2186.0,2198.7,2160.0,2179.05,2172.15,2176.4,1118,2440254.35,31-OCT-2017,120,INE221B01012,
DYNPRO,EQ,163.95,175.9,162.85,174.8,175.25,163.95,265193,45367626.7,31-OCT-2017,3407,INE256H01015,
EASTSILK,BE,6.05,6.3,5.7,6.3,6.3,6.0,166928,1015917.65,31-OCT-2017,154,INE962C01027,
EASUNREYRL,EQ,18.85,18.85,16.8,17.2,17.4,17.9,51560,912532.05,31-OCT-2017,221,INE268C01029,
ECEIND,EQ,238.0,251.0,223.05,232.55,234.0,219.05,1779,413673.45,31-OCT-2017,93,INE588B01014,
ECLERX,EQ,1265.25,1296.95,1251.05,1280.05,1290.0,1265.25,37037,47206713.7,31-OCT-2017,1692,INE738I01010,
EDELWEISS,EQ,272.0,283.7,269.35,281.45,281.2,271.55,4290878,1195136816.55,31-OCT-2017,61255,INE532F01054,
EDL,EQ,45.0,45.7,44.25,44.9,44.8,44.65,32151,1449019.65,31-OCT-2017,284,INE180G01019,
EICHERMOT,EQ,32489.0,32766.6,32200.0,32233.4,32208.55,32371.05,29742,965388006.05,31-OCT-2017,9906,INE066A01013,
EIDPARRY,EQ,373.0,378.25,370.0,371.85,372.6,372.25,181044,67805280.95,31-OCT-2017,4029,INE126A01031,
EIHAHOTELS,EQ,395.35,396.0,357.1,368.7,366.55,392.45,9179,3433284.75,31-OCT-2017,359,INE276C01014,
EIHOTEL,EQ,155.5,156.4,146.0,154.0,153.5,155.2,493038,75580986.55,31-OCT-2017,4212,INE230A01023,
EIMCOELECO,EQ,639.9,639.9,603.0,608.6,610.0,622.0,3884,2394968.25,31-OCT-2017,288,INE158B01016,
EKC,EQ,47.0,49.1,46.15,46.9,46.8,46.75,1609610,76659632.3,31-OCT-2017,5553,INE184H01027,
ELAND,EQ,16.5,16.75,16.2,16.35,16.4,16.5,14732,241540.1,31-OCT-2017,99,INE311H01018,
ELECON,EQ,73.3,75.9,70.7,74.7,74.25,72.65,1208966,89662263.65,31-OCT-2017,4543,INE205B01023,
ELECTCAST,EQ,32.2,32.75,31.8,31.9,31.95,32.2,305654,9812945.6,31-OCT-2017,951,INE086A01029,
ELECTHERM,EQ,224.2,224.2,215.0,215.1,215.0,217.9,8806,1906226.95,31-OCT-2017,80,INE822G01016,
ELGIEQUIP,EQ,235.85,244.0,234.85,241.15,241.0,235.85,37313,8973807.85,31-OCT-2017,759,INE285A01027,
ELGIRUBCO,EQ,44.85,44.85,43.05,43.6,43.7,44.25,23713,1050376.25,31-OCT-2017,157,INE819L01012,
EMAMIINFRA,EQ,179.45,181.75,178.0,179.0,179.75,180.3,32339,5808937.85,31-OCT-2017,383,INE778K01012,
EMAMILTD,EQ,1271.0,1285.25,1243.0,1258.25,1261.0,1260.8,142235,179215242.1,31-OCT-2017,10025,INE548C01032,
EMCO,BE,17.95,18.0,17.6,17.95,17.95,17.6,21123,376614.65,31-OCT-2017,75,INE078A01026,
EMKAY,EQ,269.7,269.7,257.15,260.1,260.35,264.25,47634,12387588.0,31-OCT-2017,939,INE296H01011,
EMMBI,EQ,222.5,226.9,221.15,223.9,224.5,222.65,10197,2275341.55,31-OCT-2017,645,INE753K01015,
ENDURANCE,EQ,1125.35,1169.75,1118.2,1158.6,1158.0,1124.35,72659,83209361.5,31-OCT-2017,7844,INE913H01037,
ENERGYDEV,EQ,21.35,22.5,20.55,21.45,21.5,21.1,200007,4250393.7,31-OCT-2017,525,INE306C01019,
ENGINERSIN,EQ,187.95,187.95,180.65,185.55,185.95,188.0,3807150,701576293.3,31-OCT-2017,22150,INE510A01028,
ENIL,EQ,799.0,801.0,783.0,800.05,800.0,791.0,2682,2131579.2,31-OCT-2017,168,INE265F01028,
EON,BE,115.0,118.0,110.75,113.35,114.0,116.55,61447,6904999.75,31-OCT-2017,540,INE076H01025,
EQ30,EQ,263.83,263.83,241.0,242.09,243.0,250.0,373,96804.71,31-OCT-2017,15,INF754K01EM9,
EQUITAS,EQ,145.55,148.55,145.1,147.35,147.1,145.1,1552319,228057268.3,31-OCT-2017,14433,INE988K01017,
ERIS,EQ,586.9,588.0,575.05,583.8,580.2,584.1,25154,14678368.25,31-OCT-2017,2692,INE406M01024,
EROSMEDIA,EQ,213.3,215.25,208.3,208.95,209.2,212.2,661974,139626603.7,31-OCT-2017,10164,INE416L01017,
ESABINDIA,EQ,908.95,920.0,884.25,889.0,884.25,898.2,15291,13847063.55,31-OCT-2017,1069,INE284A01012,
ESCORTS,EQ,781.5,787.75,750.55,760.15,759.7,772.5,3481849,2682396320.4,31-OCT-2017,73901,INE042A01014,
ESL,EQ,6.05,6.05,5.8,5.85,5.85,5.95,2449293,14491236.3,31-OCT-2017,964,INE481K01013,
ESSARSHPNG,EQ,27.35,27.95,27.1,27.7,27.95,27.4,22564,620389.2,31-OCT-2017,217,INE122M01019,
ESSDEE,BE,38.45,38.45,37.0,37.05,37.0,37.5,11794,439280.25,31-OCT-2017,95,INE825H01017,
ESSELPACK,EQ,280.1,287.0,277.6,285.25,285.05,280.15,433723,123218260.15,31-OCT-2017,2802,INE255A01020,
ESTER,EQ,41.75,45.0,40.5,43.45,43.4,41.95,212524,9157467.6,31-OCT-2017,1332,INE778B01029,
EUROCERA,EQ,7.0,7.7,7.0,7.0,7.1,7.35,126611,895928.55,31-OCT-2017,172,INE649H01011,
EUROMULTI,BE,2.15,2.15,1.95,1.95,1.95,2.05,9144,18181.1,31-OCT-2017,24,INE063J01011,
EUROTEXIND,EQ,37.3,40.0,37.3,38.9,38.35,38.0,4767,187847.1,31-OCT-2017,48,INE022C01012,
EVEREADY,EQ,334.9,340.15,334.65,337.3,337.4,334.65,91218,30851664.35,31-OCT-2017,1564,INE128A01029,
EVERESTIND,EQ,482.2,486.95,465.0,466.15,468.0,478.05,101613,48144927.3,31-OCT-2017,3397,INE295A01018,
EXCEL,EQ,82.45,85.3,80.7,83.15,83.25,82.35,507937,41992811.1,31-OCT-2017,2146,INE688J01015,
EXCELCROP,EQ,1706.6,1750.0,1706.6,1731.9,1740.0,1720.25,565,978798.25,31-OCT-2017,79,INE223G01017,
EXCELINDUS,EQ,494.8,533.0,489.0,515.25,520.0,489.4,92671,48205940.35,31-OCT-2017,3312,INE369A01029,
EXIDEIND,EQ,205.4,209.65,205.2,208.75,209.4,204.55,1918185,397884504.55,31-OCT-2017,17027,INE302A01020,
FACT,EQ,41.35,41.75,40.5,41.15,41.25,41.55,57275,2352789.65,31-OCT-2017,394,INE188A01015,
FAIRCHEM,EQ,422.0,430.0,417.5,420.05,424.75,421.1,3357,1422852.35,31-OCT-2017,144,INE959A01019,
FCL,EQ,38.9,40.0,38.6,39.5,39.75,38.35,1374044,54181583.85,31-OCT-2017,5129,INE045J01026,
FCONSUMER,EQ,62.0,62.3,60.9,61.15,61.05,61.9,4829098,296693764.05,31-OCT-2017,9503,INE220J01025,
FDC,EQ,186.5,192.55,183.1,191.05,191.05,183.8,125652,23810595.55,31-OCT-2017,2104,INE258B01022,
FEDDERELEC,EQ,91.6,93.25,90.0,90.45,90.1,90.65,408648,37351569.25,31-OCT-2017,2669,INE249C01011,
FEDERALBNK,EQ,122.85,122.85,121.05,121.75,121.85,122.15,5798525,707441777.65,31-OCT-2017,38002,INE171A01029,
FEL,EQ,52.15,52.15,50.8,51.6,51.55,51.7,844489,43473790.5,31-OCT-2017,2659,INE623B01027,
FELDVR,EQ,49.0,50.0,47.5,48.3,48.35,49.1,24714,1200514.55,31-OCT-2017,184,IN9623B01058,
FIEMIND,EQ,936.0,940.0,927.0,933.9,927.9,935.7,7527,7023508.1,31-OCT-2017,414,INE737H01014,
FILATEX,EQ,200.0,202.85,186.4,194.05,194.5,200.0,530172,103486541.6,31-OCT-2017,5688,INE816B01019,
FINCABLES,EQ,627.85,627.85,613.85,615.2,614.2,628.2,25449,15741792.75,31-OCT-2017,1170,INE235A01022,
FINPIPE,EQ,715.8,722.0,708.0,716.25,715.4,721.5,18675,13330707.05,31-OCT-2017,972,INE183A01016,
FLEXITUFF,EQ,84.25,85.45,80.7,81.85,82.3,85.7,29156,2400055.7,31-OCT-2017,1121,INE060J01017,
FLFL,EQ,356.0,362.9,347.2,352.2,353.75,360.0,81178,28860273.1,31-OCT-2017,1538,INE452O01016,
FMGOETZE,EQ,496.0,504.8,496.0,501.45,500.6,495.95,4082,2044297.95,31-OCT-2017,193,INE529A01010,
FMNL,EQ,136.55,149.95,135.0,143.55,142.0,136.35,99966,14611222.15,31-OCT-2017,1380,INE360L01017,
FORTIS,EQ,144.85,145.25,143.2,143.9,144.2,144.0,1570426,226470179.35,31-OCT-2017,13687,INE061F01013,
FORTUNEFIN,EQ,267.95,275.0,266.9,271.0,271.0,264.0,13609,3666746.65,31-OCT-2017,73,INE924D01017,
FOSECOIND,EQ,1380.0,1394.25,1376.0,1379.25,1379.0,1386.0,571,789726.85,31-OCT-2017,42,INE519A01011,
FRETAIL,EQ,520.0,521.85,513.05,520.55,519.0,520.05,132059,68444492.55,31-OCT-2017,3252,INE752P01024,
FSL,EQ,42.1,44.2,41.75,43.85,44.0,42.05,5885378,256432347.6,31-OCT-2017,12952,INE684F01012,
GABRIEL,EQ,198.8,201.15,196.1,197.6,196.95,198.75,140191,27847982.15,31-OCT-2017,3291,INE524A01029,
GAEL,EQ,172.2,177.85,170.0,172.35,175.0,172.1,68683,11948341.4,31-OCT-2017,1094,INE036B01022,
GAIL,EQ,472.4,477.1,463.75,465.2,465.05,475.7,2770041,1300698147.05,31-OCT-2017,74882,INE129A01019,
GAL,BE,8.25,8.3,8.0,8.0,8.0,8.4,244896,1977045.95,31-OCT-2017,730,INE482J01021,
GAMMNINFRA,EQ,3.35,3.35,3.2,3.35,3.35,3.3,6429331,21355166.9,31-OCT-2017,1770,INE181G01025,
GANDHITUBE,EQ,330.35,335.0,329.95,334.05,334.0,332.5,11907,3952181.25,31-OCT-2017,177,INE524B01027,
GANECOS,EQ,377.0,404.4,364.1,377.35,376.5,372.0,28680,10793597.1,31-OCT-2017,503,INE845D01014,
GANESHHOUC,EQ,118.5,119.05,116.25,116.8,116.5,117.85,219841,25798499.9,31-OCT-2017,1247,INE460C01014,
GANGESSECU,BE,116.5,119.5,115.0,115.55,115.6,117.3,6381,736847.25,31-OCT-2017,33,INE335W01016,
GARDENSILK,EQ,34.45,34.5,33.75,34.1,34.0,34.05,32906,1125487.0,31-OCT-2017,147,INE526A01016,
GARWALLROP,EQ,968.8,968.8,931.6,938.0,945.0,952.75,5935,5608601.0,31-OCT-2017,671,INE276A01018,
GATI,EQ,120.5,120.8,118.6,119.25,119.5,119.6,524848,62776760.25,31-OCT-2017,4449,INE152B01027,
GAYAPROJ,EQ,197.5,198.5,193.3,194.6,194.0,195.9,161165,31744835.65,31-OCT-2017,1724,INE336H01023,
GDL,EQ,264.0,271.0,261.5,264.65,262.8,264.15,186125,49716355.45,31-OCT-2017,6629,INE852F01015,
GEECEE,EQ,161.9,162.7,158.75,160.1,161.0,160.05,56259,9065119.0,31-OCT-2017,866,INE916G01016,
GEMINI,BE,1.0,1.0,1.0,1.0,1.0,1.0,1001,1001.0,31-OCT-2017,4,INE878C01033,
GENESYS,EQ,376.0,378.0,366.0,368.4,368.05,373.25,102598,38187993.3,31-OCT-2017,1982,INE727B01026,
GENUSPAPER,EQ,11.7,11.7,11.7,11.7,11.7,11.15,220942,2585021.4,31-OCT-2017,189,INE949P01018,
GENUSPOWER,EQ,62.5,63.0,61.5,61.8,61.65,62.3,515546,32088051.05,31-OCT-2017,1763,INE955D01029,
GEOJITFSL,EQ,130.4,130.4,127.0,128.65,128.0,129.3,256801,32951679.6,31-OCT-2017,3013,INE007B01023,
GEPIL,EQ,692.0,703.95,678.0,680.0,680.0,693.4,15563,10662335.85,31-OCT-2017,2003,INE878A01011,
GESHIP,EQ,387.0,394.35,382.5,390.6,390.05,387.35,52137,20242416.55,31-OCT-2017,2015,INE017A01032,
GET&D,EQ,397.45,399.0,390.0,391.0,392.2,393.6,43649,17155848.95,31-OCT-2017,998,INE200A01026,
GHCL,EQ,226.0,233.4,224.05,227.4,227.05,225.65,877779,200823969.05,31-OCT-2017,11302,INE539A01019,
GICHSGFIN,EQ,493.4,493.7,481.5,482.5,484.0,490.75,99199,48148453.95,31-OCT-2017,3002,INE289B01019,
GICRE,EQ,850.0,875.0,844.05,861.95,866.0,855.45,1380572,1193773331.0,31-OCT-2017,45868,INE481Y01014,
GILLANDERS,EQ,62.85,63.25,62.25,62.5,62.55,62.7,4978,311650.4,31-OCT-2017,65,INE047B01011,
GILLETTE,EQ,5990.0,6027.0,5930.35,5975.05,5975.0,5990.15,2291,13690026.5,31-OCT-2017,349,INE322A01010,
GINNIFILA,EQ,46.25,50.9,46.05,48.6,48.4,45.9,1314137,64543356.45,31-OCT-2017,7698,INE424C01010,
GIPCL,EQ,138.3,145.9,138.2,142.8,142.5,138.2,392144,55858144.8,31-OCT-2017,6483,INE162A01010,
GISOLUTION,EQ,4.2,4.2,4.2,4.2,4.2,4.35,1000,4200.0,31-OCT-2017,2,INE065J01016,
GITANJALI,EQ,65.6,66.7,65.4,65.6,65.5,65.7,255393,16834919.95,31-OCT-2017,1778,INE346H01014,
GKWLIMITED,EQ,595.0,599.75,585.0,586.9,586.0,599.6,480,282126.2,31-OCT-2017,34,INE528A01020,
GLAXO,EQ,2560.0,2598.0,2549.35,2586.15,2572.0,2555.85,16361,42095061.4,31-OCT-2017,2846,INE159A01016,
GLENMARK,EQ,619.0,624.8,615.55,617.7,619.0,614.95,976923,605900406.9,31-OCT-2017,25415,INE935A01035,
GLOBALVECT,EQ,164.9,181.5,163.25,175.1,174.35,161.15,705499,122821961.2,31-OCT-2017,7553,INE792H01019,
GLOBOFFS,BE,38.0,39.0,37.35,37.5,37.5,38.35,18036,682229.4,31-OCT-2017,123,INE446C01013,
GLOBUSSPR,EQ,104.1,105.85,101.8,103.1,103.0,103.5,472664,48870333.4,31-OCT-2017,4185,INE615I01010,
GMBREW,EQ,739.0,781.0,736.0,757.3,757.0,741.75,212852,162084044.05,31-OCT-2017,9338,INE075D01018,
GMDCLTD,EQ,174.35,177.7,170.45,175.05,175.3,173.6,651893,113906376.7,31-OCT-2017,7278,INE131A01031,
GMRINFRA,EQ,18.3,19.7,18.3,19.2,19.25,18.2,86369612,1661670094.1,31-OCT-2017,36922,INE776C01039,
GNA,EQ,366.95,381.6,366.9,379.55,380.0,365.55,262346,98928187.7,31-OCT-2017,5478,INE934S01014,
GNFC,EQ,518.1,528.0,514.8,523.4,520.9,514.05,2033555,1061928374.4,31-OCT-2017,32466,INE113A01013,
GOACARBON,EQ,763.15,763.15,731.9,756.2,749.7,726.85,370288,278940643.65,31-OCT-2017,7995,INE426D01013,
GOCLCORP,EQ,522.0,531.0,516.0,527.45,531.0,518.45,15950,8342407.55,31-OCT-2017,590,INE077F01035,
GODFRYPHLP,EQ,1014.85,1014.85,1003.3,1007.6,1005.5,1010.3,30398,30626937.65,31-OCT-2017,1467,INE260B01028,
GODREJAGRO,EQ,572.9,582.0,571.0,575.2,575.0,571.3,249070,143582288.95,31-OCT-2017,7611,INE850D01014,
GODREJCP,EQ,937.0,939.2,926.55,933.9,933.4,926.3,1041099,970762885.9,31-OCT-2017,21878,INE102D01028,
GODREJIND,EQ,599.9,599.9,587.1,593.05,592.0,594.95,188390,111665809.6,31-OCT-2017,5605,INE233A01035,
GODREJPROP,EQ,673.1,687.0,665.2,679.3,681.0,673.1,133923,90194751.3,31-OCT-2017,6753,INE484J01027,
GOKEX,EQ,124.0,124.05,119.3,120.5,119.7,124.6,370646,44865590.8,31-OCT-2017,3194,INE887G01027,
GOKUL,BE,22.05,22.9,22.05,22.5,22.45,22.75,9304,207327.45,31-OCT-2017,26,INE020J01029,
GOKULAGRO,EQ,25.4,26.5,24.8,25.55,25.5,24.75,91329,2342475.45,31-OCT-2017,409,INE314T01025,
GOLDBEES,EQ,2630.5,2644.35,2629.0,2637.15,2638.25,2627.9,11592,30588658.45,31-OCT-2017,1095,INF732E01102,
GOLDENTOBC,BE,51.5,51.5,51.5,51.5,51.5,52.5,350,18025.0,31-OCT-2017,3,INE973A01010,
GOLDIAM,EQ,78.3,78.6,77.1,77.9,77.8,78.4,21259,1655219.65,31-OCT-2017,232,INE025B01017,
GOLDINFRA,BE,179.0,189.0,176.2,178.25,180.0,183.0,33513,6085608.9,31-OCT-2017,317,INE260D01016,
GOLDIWIN,EQ,269.9,269.9,265.3,268.1,268.05,268.1,2746,736313.15,31-OCT-2017,106,INF109KB1WF4,
GOLDSHARE,EQ,2625.5,2658.0,2617.2,2625.3,2658.0,2627.3,2302,6042597.6,31-OCT-2017,173,INF789F01059,
GOLDTECH,BE,10.4,10.4,9.6,10.25,10.35,9.95,15135,151830.4,31-OCT-2017,45,INE805A01014,
GOODLUCK,EQ,78.65,78.65,76.25,76.45,76.5,77.4,117844,9064754.75,31-OCT-2017,901,INE127I01024,
GPIL,BE,144.4,147.0,140.0,146.35,145.5,140.95,73322,10585355.4,31-OCT-2017,446,INE177H01013,
GPPL,EQ,141.05,142.5,139.5,141.75,141.3,141.05,233025,33015379.15,31-OCT-2017,4373,INE517F01014,
GPTINFRA,EQ,160.95,163.0,158.6,162.25,162.9,160.6,32783,5289949.25,31-OCT-2017,622,INE390G01014,
GRANULES,EQ,140.5,141.45,137.1,139.5,139.6,139.5,2072409,289190072.8,31-OCT-2017,10480,INE101D01020,
GRAPHITE,EQ,486.0,496.9,482.25,496.9,496.9,473.25,3805584,1882636955.8,31-OCT-2017,29248,INE371A01025,
GRASIM,EQ,1197.0,1236.2,1197.0,1227.1,1229.5,1198.4,1066831,1307019555.0,31-OCT-2017,37351,INE047A01021,
GRAVITA,EQ,159.0,160.4,156.2,156.85,157.4,158.45,266948,42175964.5,31-OCT-2017,3485,INE024L01027,
GREAVESCOT,EQ,130.0,130.15,128.05,128.5,128.45,129.75,345821,44583383.7,31-OCT-2017,6052,INE224A01026,
GREENLAM,EQ,905.0,947.8,905.0,942.8,944.0,911.3,1415,1319990.1,31-OCT-2017,89,INE544R01013,
GREENPLY,EQ,278.75,282.9,277.25,278.55,279.0,278.0,19054,5346714.1,31-OCT-2017,1338,INE461C01038,
GREENPOWER,EQ,9.4,9.7,9.4,9.55,9.65,9.5,119266,1139460.25,31-OCT-2017,246,INE999K01014,
GRINDWELL,EQ,474.05,477.0,469.95,475.25,475.8,473.3,10772,5097964.95,31-OCT-2017,626,INE536A01023,
GROBTEA,BE,550.0,550.0,550.0,550.0,550.0,550.0,112,61600.0,31-OCT-2017,4,INE646C01018,
GRPLTD,EQ,1280.15,1350.0,1280.15,1315.0,1315.0,1280.1,1096,1424698.45,31-OCT-2017,60,INE137I01015,
GRUH,EQ,502.95,503.0,490.0,498.05,499.75,501.45,260968,129300042.95,31-OCT-2017,8590,INE580B01029,
GSCLCEMENT,BE,39.2,39.85,36.5,36.8,37.5,38.4,101549,3795680.45,31-OCT-2017,333,INE542A01039,
GSFC,EQ,154.5,161.35,153.5,160.55,160.9,154.25,4898341,776135027.1,31-OCT-2017,25449,INE026A01025,
GSKCONS,EQ,4975.0,5097.75,4949.9,5070.4,5074.0,4963.45,6679,33506863.1,31-OCT-2017,1405,INE264A01014,
GSPL,EQ,209.7,209.75,197.0,204.5,204.15,209.9,2134026,428387088.2,31-OCT-2017,21141,INE246F01010,
GSS,EQ,25.4,25.6,25.1,25.4,25.6,25.55,6300,159259.2,31-OCT-2017,44,INE871H01011,
GTL,EQ,16.3,16.5,15.75,15.8,15.85,16.0,329386,5295298.1,31-OCT-2017,867,INE043A01012,
GTLINFRA,EQ,7.4,7.4,6.9,6.95,6.95,7.05,15065374,108337808.2,31-OCT-2017,6346,INE221H01019,
GTNIND,EQ,18.95,19.35,18.55,19.35,19.35,18.45,9459,180900.35,31-OCT-2017,77,INE537A01013,
GTNTEX,EQ,28.4,28.4,25.4,27.05,26.6,27.35,54343,1469581.25,31-OCT-2017,309,INE302H01017,
GTPL,EQ,145.0,148.5,145.0,146.2,146.0,146.0,19927,2920534.0,31-OCT-2017,401,INE869I01013,
GUFICBIO,EQ,92.0,94.9,90.1,90.9,91.0,91.3,258741,23862549.6,31-OCT-2017,1943,INE742B01025,
GUJALKALI,EQ,718.0,795.9,711.0,782.2,794.45,719.95,997836,753126122.75,31-OCT-2017,23994,INE186A01019,
GUJAPOLLO,EQ,254.5,257.45,250.0,250.95,250.05,252.9,11596,2928934.05,31-OCT-2017,1063,INE826C01016,
GUJFLUORO,EQ,899.0,939.9,872.1,929.8,930.4,888.45,459281,423965765.6,31-OCT-2017,14369,INE538A01037,
GUJGASLTD,EQ,900.15,920.0,900.15,912.45,902.05,910.25,40981,37223873.55,31-OCT-2017,2417,INE844O01022,
GUJNRECOKE,BE,1.75,1.75,1.65,1.7,1.75,1.7,294781,497140.1,31-OCT-2017,195,INE110D01013,
GUJNREDVR,BE,1.4,1.4,1.35,1.35,1.35,1.35,26224,35869.4,31-OCT-2017,41,IN9110D01011,
GULFOILLUB,EQ,777.0,793.0,762.3,774.0,786.9,779.85,30133,23298177.1,31-OCT-2017,1258,INE635Q01029,
GULFPETRO,EQ,81.6,81.75,80.85,81.3,81.0,81.15,18623,1513815.85,31-OCT-2017,196,INE586G01017,
GULPOLY,EQ,80.7,81.2,78.8,79.0,79.0,79.7,229506,18241256.85,31-OCT-2017,1408,INE255D01024,
GVKPIL,BE,18.7,18.7,18.7,18.7,18.7,17.85,950616,17776519.2,31-OCT-2017,927,INE251H01024,
HANUNG,BE,3.8,3.95,3.75,3.9,3.85,3.8,19073,73791.8,31-OCT-2017,36,INE648H01013,
HARITASEAT,EQ,842.25,854.0,825.05,833.1,833.0,834.95,5390,4517022.35,31-OCT-2017,386,INE939D01015,
HARRMALAYA,EQ,80.5,81.7,78.2,79.15,79.0,80.4,143168,11430303.8,31-OCT-2017,1436,INE544A01019,
HATHWAY,EQ,30.35,30.95,30.0,30.35,30.5,30.65,156625,4756472.65,31-OCT-2017,442,INE982F01036,
HATSUN,EQ,713.85,721.95,708.65,712.85,714.0,709.0,6579,4707309.55,31-OCT-2017,366,INE473B01035,
HAVELLS,EQ,492.9,492.9,483.1,484.75,485.0,489.6,1314775,639709728.3,31-OCT-2017,32009,INE176B01034,
HBLPOWER,EQ,66.9,68.15,63.85,64.2,64.1,66.55,4965689,326989573.4,31-OCT-2017,30640,INE292B01021,
HBSTOCK,EQ,33.05,34.0,32.8,32.8,32.8,34.5,130983,4313141.85,31-OCT-2017,401,INE550B01014,
HCC,EQ,39.8,40.85,39.35,39.85,39.95,39.75,7125747,285692334.4,31-OCT-2017,12754,INE549A01026,
HCG,EQ,265.3,321.5,265.3,282.2,282.5,267.95,981864,285272684.2,31-OCT-2017,13848,INE075I01017,
HCL-INSYS,EQ,47.85,48.6,46.9,47.8,47.8,48.1,2161737,103163539.7,31-OCT-2017,8225,INE236A01020,
HCLTECH,EQ,840.0,860.65,837.0,855.8,855.3,836.35,1479364,1260505811.9,31-OCT-2017,65548,INE860A01027,
HDFC,EQ,1711.0,1727.8,1697.95,1707.4,1700.95,1705.8,2287919,3926145824.6,31-OCT-2017,87264,INE001A01036,
HDFCBANK,EQ,1811.5,1811.5,1799.25,1808.5,1809.45,1815.0,1170615,2113192779.85,31-OCT-2017,55768,INE040A01026,
HDFCMFGETF,EQ,2692.75,2709.4,2690.05,2696.95,2697.0,2691.85,572,1544552.35,31-OCT-2017,85,INF179K01CN1,
HDFCNIFETF,EQ,1055.1,1055.2,1053.74,1053.74,1053.74,1057.15,13,13712.22,31-OCT-2017,5,INF179KB1KP3,
HDIL,EQ,59.25,59.95,57.7,59.1,58.7,59.3,17930999,1057307803.2,31-OCT-2017,41659,INE191I01012,
HEG,EQ,1607.0,1743.9,1602.0,1710.95,1714.9,1590.45,1665380,2813585343.95,31-OCT-2017,56109,INE545A01016,
HEIDELBERG,EQ,149.0,153.7,146.1,148.6,148.5,150.15,528289,78874712.7,31-OCT-2017,7500,INE578A01017,
HERCULES,EQ,141.4,143.5,139.1,140.15,140.0,140.2,38768,5480903.0,31-OCT-2017,559,INE688E01024,
HERITGFOOD,EQ,768.4,784.95,768.4,782.25,781.0,768.4,43405,33874570.3,31-OCT-2017,2073,INE978A01027,
HEROMOTOCO,EQ,3857.0,3870.05,3821.7,3849.9,3853.75,3833.0,307237,1183266037.0,31-OCT-2017,32236,INE158A01026,
HESTERBIO,EQ,1059.95,1108.0,1052.0,1092.65,1100.05,1049.0,3784,4080952.45,31-OCT-2017,217,INE782E01017,
HEXATRADEX,BE,28.45,29.55,28.45,29.55,29.55,28.15,31354,918320.4,31-OCT-2017,81,INE750M01017,
HEXAWARE,EQ,293.0,293.1,283.9,284.8,284.5,292.25,400850,115320303.65,31-OCT-2017,5955,INE093A01033,
HFCL,EQ,29.8,30.1,29.35,29.5,29.5,29.65,4140885,123067944.75,31-OCT-2017,5555,INE548A01028,
HGS,EQ,583.4,585.0,577.0,577.3,577.5,581.6,22291,12940273.75,31-OCT-2017,438,INE170I01016,
HIGHGROUND,EQ,9.4,9.9,8.95,9.1,9.05,9.35,397433,3679684.65,31-OCT-2017,496,INE361M01021,
HIKAL,EQ,251.05,258.3,250.1,252.95,253.75,247.3,493997,124998423.55,31-OCT-2017,7495,INE475B01022,
HIL,EQ,1365.0,1365.0,1305.0,1310.0,1315.0,1360.0,24416,32311738.4,31-OCT-2017,1845,INE557A01011,
HILTON,EQ,36.75,39.9,36.5,39.1,39.2,36.45,321933,12578927.5,31-OCT-2017,2045,INE788H01017,
HIMATSEIDE,EQ,374.0,376.35,365.05,367.55,367.9,373.85,79115,29267137.5,31-OCT-2017,1872,INE049A01027,
HINDALCO,EQ,272.2,273.8,264.75,267.4,267.7,273.2,4764121,1275752652.1,31-OCT-2017,51409,INE038A01020,
HINDCOMPOS,EQ,475.05,482.6,473.15,479.3,479.8,476.45,4547,2177196.7,31-OCT-2017,248,INE310C01029,
HINDCOPPER,EQ,70.2,70.9,69.1,69.45,69.55,69.9,1752826,122399238.4,31-OCT-2017,7450,INE531E01026,
HINDDORROL,BE,5.25,5.25,5.25,5.25,5.25,5.0,28570,149992.5,31-OCT-2017,34,INE551A01022,
HINDMOTORS,EQ,7.45,7.75,7.25,7.45,7.45,7.3,621919,4667501.0,31-OCT-2017,660,INE253A01025,
HINDNATGLS,EQ,121.8,124.0,116.1,122.65,122.0,116.9,1776,212343.0,31-OCT-2017,39,INE952A01022,
HINDOILEXP,EQ,94.0,94.8,92.1,92.65,92.55,93.65,645171,60285577.85,31-OCT-2017,3671,INE345A01011,
HINDPETRO,EQ,456.0,459.45,443.2,447.15,446.7,454.8,6038780,2713826871.7,31-OCT-2017,71703,INE094A01015,
HINDUJAVEN,EQ,491.3,495.0,490.0,492.55,492.95,491.3,1093,538089.25,31-OCT-2017,40,INE353A01023,
HINDUNILVR,EQ,1241.0,1249.9,1230.45,1237.45,1239.0,1234.2,722440,895143322.55,31-OCT-2017,26200,INE030A01027,
HINDZINC,EQ,318.5,322.05,312.6,315.25,315.5,317.85,1360354,429834169.7,31-OCT-2017,21342,INE267A01025,
HIRECT,BE,108.1,112.25,108.1,110.55,110.55,112.3,3583,398316.3,31-OCT-2017,30,INE835D01023,
HISARMETAL,EQ,127.75,129.65,123.2,128.75,127.65,117.9,533608,68162421.05,31-OCT-2017,3953,INE598C01011,
HITECHCORP,EQ,173.5,174.8,168.05,173.1,174.5,170.2,7983,1364221.8,31-OCT-2017,125,INE120D01012,
HITECHGEAR,EQ,378.95,378.95,365.25,373.0,373.1,370.1,44866,16774747.7,31-OCT-2017,1112,INE127B01011,
HMVL,EQ,236.0,238.0,235.8,236.55,236.95,237.3,25104,5945019.8,31-OCT-2017,556,INE871K01015,
HNGSNGBEES,EQ,2713.0,2713.0,2713.0,2713.0,2713.0,2713.0,1,2713.0,31-OCT-2017,1,INF732E01227,
HONAUT,EQ,15847.95,15900.0,15677.05,15829.75,15830.0,15718.65,221,3501849.9,31-OCT-2017,98,INE671A01010,
HONDAPOWER,EQ,1390.0,1390.0,1361.0,1365.95,1375.0,1377.7,5486,7536556.2,31-OCT-2017,567,INE634A01018,
HOTELEELA,EQ,20.1,20.2,19.9,20.0,20.0,20.1,184939,3706770.65,31-OCT-2017,462,INE102A01024,
HOTELRUGBY,BE,2.85,2.85,2.85,2.85,2.85,2.85,310,883.5,31-OCT-2017,4,INE275F01019,
HOVS,EQ,267.25,270.0,259.0,262.15,261.15,258.7,13265,3509318.25,31-OCT-2017,272,INE596H01014,
HPL,EQ,143.85,145.05,141.65,142.45,141.9,143.35,51403,7373514.1,31-OCT-2017,750,INE495S01016,
HSCL,EQ,175.7,177.9,167.0,173.45,173.0,175.8,2524084,436857046.4,31-OCT-2017,15922,INE019C01026,
HSIL,EQ,410.9,430.0,407.6,424.65,422.25,412.0,142212,60410995.1,31-OCT-2017,4262,INE415A01038,
HTMEDIA,EQ,103.0,103.8,100.75,102.45,102.5,103.0,307009,31396296.3,31-OCT-2017,4754,INE501G01024,
HUBTOWN,EQ,113.5,121.6,112.5,120.15,121.0,112.6,415104,49155561.5,31-OCT-2017,3401,INE703H01016,
HUDCO,EQ,88.25,88.3,85.75,85.95,85.95,88.05,3864949,334406694.35,31-OCT-2017,19785,INE031A01017,
IBREALEST,EQ,221.4,226.6,218.5,224.7,226.0,220.35,9692330,2165858218.2,31-OCT-2017,51870,INE069I01010,
IBULHSGFIN,EQ,1257.1,1268.9,1240.0,1244.05,1243.25,1261.1,1395740,1748881818.4,31-OCT-2017,39372,INE148I01020,
IBVENTURES,EQ,279.4,288.45,278.0,285.9,285.5,279.0,1715179,487707667.35,31-OCT-2017,15930,INE274G01010,
ICICIBANK,EQ,300.25,303.25,298.3,300.1,300.0,300.55,19050731,5730431732.0,31-OCT-2017,102848,INE090A01021,
ICICIGI,EQ,675.15,689.0,674.5,677.0,681.0,680.2,949376,642009971.4,31-OCT-2017,12267,INE765G01017,
ICICIPRULI,EQ,404.7,409.8,402.8,405.6,404.9,404.7,1212872,492221641.25,31-OCT-2017,16081,INE726G01019,
ICIL,EQ,119.35,120.4,116.9,118.8,118.9,119.9,655209,77664346.75,31-OCT-2017,5584,INE483B01026,
ICRA,EQ,3917.95,3950.0,3909.0,3937.65,3915.0,3922.15,508,1998253.15,31-OCT-2017,160,INE725G01011,
ICSA,EQ,2.55,2.7,2.55,2.65,2.7,2.7,83542,216508.95,31-OCT-2017,112,INE306B01029,
IDBI,EQ,65.35,65.65,61.4,62.65,63.0,65.3,12212419,771558672.05,31-OCT-2017,32217,INE008A01015,
IDBIGOLD,EQ,2700.0,2733.0,2700.0,2701.0,2701.0,2691.3,155,418886.5,31-OCT-2017,12,INF397L01554,
IDEA,EQ,95.3,95.5,92.3,92.85,92.75,94.75,8622061,807053369.35,31-OCT-2017,28259,INE669E01016,
IDFC,EQ,60.25,64.1,59.75,62.95,63.0,61.8,18608862,1164676237.7,31-OCT-2017,38166,INE043D01016,
IDFCBANK,EQ,55.1,57.5,54.5,56.65,56.6,55.85,14876702,838206484.1,31-OCT-2017,36752,INE092T01019,
IDFNIFTYET,EQ,103.75,103.75,103.75,103.75,103.75,103.83,1000,103750.0,31-OCT-2017,1,INF194KA1U07,
IEX,EQ,1561.0,1572.85,1541.0,1554.25,1550.55,1567.15,23592,36775499.3,31-OCT-2017,4302,INE022Q01012,
IFBAGRO,EQ,729.0,745.5,705.0,713.25,720.2,729.6,38167,27653547.7,31-OCT-2017,1912,INE076C01018,
IFBIND,EQ,955.0,974.7,953.8,961.55,961.0,950.8,38141,36751444.6,31-OCT-2017,2258,INE559A01017,
IFCI,EQ,25.15,25.2,24.15,24.25,24.35,25.1,7117617,173876440.45,31-OCT-2017,8162,INE039A01010,
IGARASHI,EQ,890.1,920.0,888.0,910.45,908.0,891.1,16734,15152136.5,31-OCT-2017,1179,INE188B01013,
IGL,EQ,1615.1,1615.15,1577.0,1585.15,1586.05,1613.9,407616,648064051.8,31-OCT-2017,28457,INE203G01019,
IGPL,EQ,744.6,750.8,724.45,727.95,727.0,735.0,111491,81935133.95,31-OCT-2017,3079,INE204A01010,
IIFL,BE,600.0,614.6,571.0,612.2,614.6,585.35,78491,46870082.45,31-OCT-2017,1792,INE530B01024,
IITL,EQ,156.0,158.75,143.65,143.65,143.65,151.2,14728,2208125.85,31-OCT-2017,214,INE886A01014,
IL&FSENGG,EQ,38.35,44.25,38.05,42.65,42.65,38.1,759720,32169901.3,31-OCT-2017,3597,INE369I01014,
IL&FSTRANS,EQ,87.15,90.95,86.0,89.5,89.55,86.6,724889,64491998.65,31-OCT-2017,5107,INE975G01012,
IMFA,EQ,678.4,689.0,672.5,679.95,679.4,673.95,117007,79550143.2,31-OCT-2017,3257,INE919H01018,
IMPAL,EQ,846.15,880.0,846.15,877.45,880.0,872.2,1443,1261806.35,31-OCT-2017,115,INE547E01014,
INDBANK,EQ,22.9,23.25,22.6,22.7,22.8,22.6,73965,1687622.35,31-OCT-2017,357,INE841B01017,
INDHOTEL,EQ,114.6,115.5,112.65,113.25,113.55,114.45,301988,34244350.55,31-OCT-2017,2721,INE053A01029,
INDIACEM,EQ,194.0,195.9,191.45,194.2,194.6,193.25,2240090,434483821.6,31-OCT-2017,13833,INE383A01012,
INDIAGLYCO,EQ,330.6,389.95,330.6,374.05,374.9,325.55,4705913,1716744994.1,31-OCT-2017,63571,INE560A01015,
INDIANB,EQ,326.25,326.3,312.15,314.8,313.15,324.35,1071896,339821854.2,31-OCT-2017,17744,INE562A01011,
INDIANCARD,EQ,180.0,190.0,178.0,181.75,183.0,178.9,7979,1453851.6,31-OCT-2017,110,INE061A01014,
INDIANHUME,EQ,515.0,515.0,506.0,507.6,506.1,505.45,10085,5123068.3,31-OCT-2017,343,INE323C01030,
INDIGO,EQ,1237.7,1252.0,1211.0,1247.85,1248.0,1225.15,1489847,1842493906.05,31-OCT-2017,43902,INE646L01027,
INDLMETER,EQ,80.0,80.9,77.9,78.05,78.05,78.6,1109,86562.9,31-OCT-2017,15,INE065B01013,
INDNIPPON,EQ,1361.0,1390.0,1321.6,1346.4,1360.0,1385.05,39807,53952005.45,31-OCT-2017,3870,INE092B01017,
INDOCO,EQ,262.75,267.0,262.0,263.25,263.0,262.75,4124,1088910.15,31-OCT-2017,231,INE873D01024,
INDORAMA,EQ,33.15,34.3,33.15,33.35,33.3,33.25,58485,1962664.3,31-OCT-2017,272,INE156A01020,
INDOSOLAR,EQ,7.25,7.35,7.05,7.2,7.25,7.25,601599,4327961.25,31-OCT-2017,917,INE866K01015,
INDOTECH,EQ,216.95,216.95,210.25,210.85,210.65,211.55,3601,762273.55,31-OCT-2017,134,INE332H01014,
INDOTHAI,EQ,54.1,62.95,53.1,58.4,58.2,54.0,276924,16626694.05,31-OCT-2017,2831,INE337M01013,
INDOWIND,EQ,7.35,7.55,7.15,7.55,7.55,6.9,278862,2079983.95,31-OCT-2017,275,INE227G01018,
INDRAMEDCO,EQ,52.2,52.5,51.7,51.95,52.05,52.0,54715,2848581.4,31-OCT-2017,310,INE681B01017,
INDSWFTLAB,EQ,34.3,35.75,33.6,34.9,35.0,33.95,55700,1938073.9,31-OCT-2017,325,INE915B01019,
INDSWFTLTD,BE,10.35,10.85,10.2,10.5,10.5,10.7,27062,280584.45,31-OCT-2017,46,INE788B01028,
INDTERRAIN,EQ,214.0,214.9,207.7,210.25,211.0,214.6,13486,2845488.4,31-OCT-2017,284,INE611L01021,
INDUSINDBK,EQ,1624.0,1642.0,1618.8,1627.15,1630.0,1620.75,1539175,2508930719.0,31-OCT-2017,72411,INE095A01012,
INEOSSTYRO,EQ,995.0,995.5,976.0,986.35,985.0,976.3,15673,15443571.45,31-OCT-2017,710,INE189B01011,
INFIBEAM,EQ,128.4,128.45,126.5,127.1,127.0,127.0,3114332,395437372.9,31-OCT-2017,6666,INE483S01020,
INFINITE,EQ,230.0,232.2,228.05,230.7,231.0,228.65,26265,6066553.4,31-OCT-2017,580,INE486J01014,
INFRABEES,EQ,363.0,365.0,363.0,363.0,363.0,362.54,446,162414.02,31-OCT-2017,13,INF732E01268,
INFRATEL,EQ,428.5,448.35,419.2,442.15,441.95,429.7,5952903,2584890781.1,31-OCT-2017,68131,INE121J01017,
INFY,EQ,925.0,930.0,920.0,921.85,922.0,944.1,4977494,4602897345.35,31-OCT-2017,68301,INE009A01021,
INGERRAND,EQ,798.1,810.0,795.15,796.15,797.0,806.65,4294,3438136.8,31-OCT-2017,315,INE177A01018,
INOXLEISUR,EQ,233.0,249.0,230.2,243.8,245.0,230.9,569214,136856293.45,31-OCT-2017,8610,INE312H01016,
INOXWIND,EQ,133.4,149.3,132.05,147.65,147.5,132.65,2892961,410942856.65,31-OCT-2017,23680,INE066P01011,
INSECTICID,EQ,895.45,919.3,883.2,889.8,884.0,896.0,38439,34563893.15,31-OCT-2017,1880,INE070I01018,
INTEGRA,BE,2.1,2.1,2.1,2.1,2.1,2.0,101,212.1,31-OCT-2017,2,INE418N01027,
INTELLECT,EQ,134.6,142.45,132.5,140.55,140.55,134.65,1579225,220860110.25,31-OCT-2017,14069,INE306R01017,
INTENTECH,EQ,81.65,82.75,80.9,81.1,81.0,81.4,30484,2484034.65,31-OCT-2017,268,INE781A01025,
INVENTURE,EQ,12.25,12.9,12.05,12.1,12.7,12.3,3802,46095.35,31-OCT-2017,42,INE878H01016,
IOB,EQ,26.4,26.7,25.1,25.25,25.25,26.25,933822,24028772.2,31-OCT-2017,3023,INE565A01014,
IOC,EQ,416.05,422.85,413.15,415.5,415.5,416.25,4611961,1925503563.1,31-OCT-2017,46149,INE242A01010,
IOLCP,BE,70.2,70.25,68.25,69.95,69.8,66.95,570491,39890545.0,31-OCT-2017,1628,INE485C01011,
IPAPPM,EQ,288.0,290.0,286.0,287.65,288.2,287.8,22114,6365112.5,31-OCT-2017,528,INE435A01028,
IPCALAB,EQ,536.0,536.95,525.05,533.3,534.0,533.25,108542,57705175.6,31-OCT-2017,3048,INE571A01020,
IRB,EQ,237.75,250.5,237.3,242.55,243.0,237.55,3638700,890995302.85,31-OCT-2017,30043,INE821I01014,
ISFT,EQ,480.05,503.0,474.5,484.3,480.0,475.3,58624,28187172.4,31-OCT-2017,967,INE566K01011,
ISMTLTD,EQ,11.25,12.0,11.25,11.45,11.4,11.15,304383,3560846.1,31-OCT-2017,690,INE732F01019,
ITC,EQ,266.05,266.95,263.9,265.7,265.85,265.15,8139444,2158011950.45,31-OCT-2017,68011,INE154A01025,
ITDC,EQ,523.45,528.95,520.15,520.85,522.0,520.35,14156,7404876.55,31-OCT-2017,625,INE353K01014,
ITDCEM,EQ,173.0,182.75,172.0,181.35,181.0,173.0,956926,169112094.8,31-OCT-2017,4696,INE686A01026,
ITI,EQ,154.45,156.75,151.75,152.4,152.4,154.65,960482,147809058.65,31-OCT-2017,8917,INE248A01017,
IVC,EQ,15.95,16.25,15.85,15.95,15.9,15.85,503882,8079748.85,31-OCT-2017,780,INE050B01023,
IVP,EQ,178.5,189.0,178.4,186.8,188.0,179.55,20743,3852063.05,31-OCT-2017,397,INE043C01018,
IVRCLINFRA,EQ,4.55,4.6,4.5,4.5,4.55,4.55,710939,3224133.75,31-OCT-2017,538,INE875A01025,
IVZINGOLD,EQ,2697.05,2697.05,2693.3,2693.3,2693.3,2692.35,2,5390.35,31-OCT-2017,2,INF205K01361,
IVZINNIFTY,EQ,1065.0,1065.0,1065.0,1065.0,1065.0,1065.0,14,14910.0,31-OCT-2017,1,INF205K01DA9,
IZMO,BE,55.25,57.5,55.25,57.1,57.5,56.3,4409,249042.1,31-OCT-2017,48,INE848A01014,
J&KBANK,EQ,84.35,85.0,82.2,82.8,82.5,83.8,501577,41753174.6,31-OCT-2017,3368,INE168A01041,
JAGRAN,EQ,178.85,179.6,177.1,177.65,177.5,178.9,38630,6874780.45,31-OCT-2017,519,INE199G01027,
JAGSNPHARM,EQ,34.3,41.1,34.2,40.25,39.15,34.25,411646,16186408.25,31-OCT-2017,1590,INE048B01027,
JAIBALAJI,EQ,16.0,16.0,15.35,15.35,15.35,16.15,33370,512912.0,31-OCT-2017,60,INE091G01018,
JAICORPLTD,EQ,129.8,131.0,126.5,127.9,127.6,129.5,1795001,230940119.25,31-OCT-2017,11745,INE070D01027,
JAIHINDPRO,EQ,5.7,5.7,5.45,5.45,5.45,5.45,3105,17447.25,31-OCT-2017,7,INE343D01010,
JAINSTUDIO,BE,4.95,4.95,4.95,4.95,4.95,4.85,1105,5469.75,31-OCT-2017,5,INE486B01011,
JAMNAAUTO,EQ,66.0,66.25,64.5,65.9,65.95,65.95,1446827,94602720.4,31-OCT-2017,6787,INE039C01032,
JAYAGROGN,EQ,442.35,452.0,428.25,431.5,433.5,441.55,50519,21904840.35,31-OCT-2017,1872,INE785A01026,
JAYBARMARU,EQ,582.55,592.0,580.0,585.9,590.0,581.95,38242,22422153.15,31-OCT-2017,1697,INE571B01028,
JAYNECOIND,EQ,8.7,9.95,8.7,9.2,9.25,8.9,1303664,12205142.45,31-OCT-2017,1585,INE854B01010,
JAYSREETEA,EQ,97.65,101.0,97.0,99.1,99.0,97.8,209706,20881111.9,31-OCT-2017,2016,INE364A01020,
JBCHEPHARM,EQ,286.0,292.0,283.0,286.1,287.0,285.2,81878,23460867.65,31-OCT-2017,1790,INE572A01028,
JBFIND,EQ,224.0,227.65,219.6,221.5,221.9,222.7,211632,47253894.1,31-OCT-2017,3409,INE187A01017,
JBMA,EQ,539.0,547.7,534.55,538.7,539.0,535.95,100915,54510998.2,31-OCT-2017,4910,INE927D01028,
JCHAC,EQ,2449.0,2454.0,2335.0,2354.4,2351.9,2434.6,10459,25024359.25,31-OCT-2017,1619,INE782A01015,
JENSONICOL,EQ,7.85,8.05,7.8,7.9,7.85,7.9,35368,280775.1,31-OCT-2017,65,INE819B01021,
JETAIRWAYS,EQ,574.0,589.5,563.35,583.65,584.7,569.15,3710671,2148502704.3,31-OCT-2017,47818,INE802G01018,
JHS,EQ,77.1,77.75,76.1,76.65,76.55,77.05,120005,9228293.3,31-OCT-2017,895,INE544H01014,
JINDALPHOT,BE,81.0,83.0,80.05,82.2,82.55,82.05,8425,685628.5,31-OCT-2017,104,INE796G01012,
JINDALPOLY,EQ,399.05,411.55,399.05,402.05,401.6,399.65,94983,38463827.2,31-OCT-2017,4404,INE197D01010,
JINDALSAW,EQ,121.7,127.25,118.1,124.8,124.7,120.95,2827867,350164765.0,31-OCT-2017,14597,INE324A01024,
JINDALSTEL,EQ,166.3,166.85,160.35,163.1,163.45,165.55,6138854,1005734247.9,31-OCT-2017,31692,INE749A01030,
JINDCOT,EQ,11.15,11.5,11.0,11.1,11.1,11.45,22156,248086.8,31-OCT-2017,71,INE904J01016,
JINDRILL,EQ,158.2,159.9,156.25,157.5,157.25,158.0,48211,7613542.9,31-OCT-2017,641,INE742C01031,
JINDWORLD,EQ,1292.0,1292.0,1247.95,1252.45,1250.0,1266.85,52934,66624155.85,31-OCT-2017,1513,INE247D01013,
JISLDVREQS,EQ,67.4,69.25,66.4,68.8,68.75,67.4,100362,6869237.1,31-OCT-2017,873,IN9175A01010,
JISLJALEQS,EQ,100.35,103.15,99.8,102.45,102.65,100.4,4443419,453010091.05,31-OCT-2017,19873,INE175A01038,
JITFINFRA,BE,38.0,39.0,37.7,37.95,37.8,37.95,32752,1245829.2,31-OCT-2017,132,INE863T01013,
JKCEMENT,EQ,1008.0,1008.0,990.0,1002.4,994.0,1006.35,126811,127078675.1,31-OCT-2017,1975,INE823G01014,
JKIL,EQ,272.6,275.55,263.1,264.85,264.6,272.6,80326,21511614.85,31-OCT-2017,2404,INE576I01022,
JKLAKSHMI,EQ,443.5,443.5,430.6,433.2,431.0,441.0,41657,18145991.55,31-OCT-2017,1576,INE786A01032,
JKPAPER,EQ,113.3,115.1,112.25,113.35,113.1,114.25,495874,56198202.3,31-OCT-2017,8186,INE789E01012,
JKTYRE,EQ,147.2,147.8,145.3,145.65,145.6,147.15,469238,68558786.45,31-OCT-2017,5749,INE573A01042,
JMA,EQ,215.0,215.0,210.15,211.05,210.15,213.0,1586,336508.35,31-OCT-2017,49,INE412C01015,
JMCPROJECT,EQ,454.5,457.85,436.25,441.1,442.05,452.25,19257,8546559.2,31-OCT-2017,826,INE890A01016,
JMFINANCIL,EQ,166.2,167.0,163.0,164.55,164.35,166.75,615662,101629622.65,31-OCT-2017,5346,INE780C01023,
JMTAUTOLTD,EQ,5.0,5.1,4.9,5.05,5.1,5.0,1458355,7366133.65,31-OCT-2017,1020,INE988E01036,
JOCIL,EQ,199.5,201.0,194.05,199.7,198.85,198.6,8971,1774295.15,31-OCT-2017,166,INE839G01010,
JPASSOCIAT,EQ,18.5,18.8,18.1,18.5,18.5,18.5,46565497,856983789.35,31-OCT-2017,22490,INE455F01025,
JPINFRATEC,EQ,13.65,13.7,13.0,13.35,13.45,13.6,860075,11525007.5,31-OCT-2017,1379,INE099J01015,
JPOLYINVST,EQ,69.95,69.95,67.55,67.6,67.6,67.4,1509,103267.75,31-OCT-2017,37,INE147P01019,
JPPOWER,EQ,8.2,8.45,7.9,7.95,7.9,8.05,7702314,62877510.05,31-OCT-2017,4281,INE351F01018,
JSL,EQ,120.05,120.4,118.0,119.05,119.0,119.5,186737,22272248.75,31-OCT-2017,1945,INE220G01021,
JSLHISAR,EQ,229.9,232.65,227.3,230.45,231.2,229.65,277190,63900170.2,31-OCT-2017,5131,INE455T01018,
JSWENERGY,EQ,87.6,87.65,85.05,85.4,85.1,87.0,6413748,550071061.9,31-OCT-2017,16571,INE121E01018,
JSWHL,EQ,1925.0,1925.0,1881.1,1892.75,1885.0,1904.9,6413,12263140.65,31-OCT-2017,448,INE824G01012,
JSWSTEEL,EQ,261.9,262.5,254.75,258.45,259.4,263.85,6701163,1735427410.8,31-OCT-2017,38555,INE019A01038,
JUBILANT,EQ,643.8,645.0,638.1,640.35,640.35,639.25,117830,75552271.6,31-OCT-2017,2791,INE700A01033,
JUBLFOOD,EQ,1621.0,1650.8,1615.9,1632.65,1632.2,1620.15,690324,1128002064.65,31-OCT-2017,20871,INE797F01012,
JUBLINDS,EQ,226.0,226.0,218.5,220.7,219.85,224.35,25007,5565240.55,31-OCT-2017,731,INE645L01011,
JUNIORBEES,EQ,301.5,302.0,299.3,300.7,300.7,301.45,25070,7549262.71,31-OCT-2017,138,INF732E01045,
JUSTDIAL,EQ,442.8,469.0,436.9,465.8,462.2,439.7,4920096,2230543548.85,31-OCT-2017,61216,INE599M01018,
JVLAGRO,EQ,22.15,22.25,21.45,21.65,21.55,22.3,198294,4322465.1,31-OCT-2017,728,INE430G01026,
JYOTHYLAB,EQ,397.3,404.0,382.0,393.4,397.5,397.3,109331,42796966.95,31-OCT-2017,2722,INE668F01031,
JYOTISTRUC,BE,10.55,11.15,10.5,10.85,10.85,10.65,373154,4060939.7,31-OCT-2017,876,INE197A01024,
KABRAEXTRU,EQ,134.9,137.0,134.05,134.8,134.25,133.7,21622,2925812.05,31-OCT-2017,310,INE900B01029,
KAJARIACER,EQ,684.8,690.95,672.9,680.2,679.5,684.35,215083,146487564.45,31-OCT-2017,12654,INE217B01036,
KAKATCEM,EQ,399.9,404.0,382.0,394.8,395.0,396.45,92841,36775885.55,31-OCT-2017,2377,INE437B01014,
KALPATPOWR,EQ,375.0,376.0,371.6,374.25,374.0,374.55,46748,17474763.3,31-OCT-2017,904,INE220B01022,
KALYANIFRG,BE,320.0,325.0,315.0,320.0,320.0,319.75,387,123992.5,31-OCT-2017,12,INE314G01014,
KAMATHOTEL,EQ,118.0,128.75,116.3,128.35,128.75,117.05,613267,77418533.85,31-OCT-2017,4109,INE967C01018,
KAMDHENU,EQ,165.15,173.9,163.25,172.85,173.3,163.55,123080,20932927.45,31-OCT-2017,1681,INE390H01012,
KANANIIND,EQ,9.0,9.3,8.85,9.15,9.15,9.05,27644,252938.9,31-OCT-2017,107,INE879E01037,
KANORICHEM,EQ,85.55,89.7,85.55,87.4,87.8,85.05,209912,18420785.65,31-OCT-2017,1780,INE138C01024,
KANSAINER,EQ,512.0,521.85,502.0,513.15,517.0,509.75,276536,141648920.95,31-OCT-2017,13323,INE531A01024,
KARMAENG,BE,43.35,43.35,39.4,41.3,41.0,41.45,11828,477175.65,31-OCT-2017,90,INE725L01011,
KARURVYSYA,EQ,126.95,127.6,125.5,126.9,126.75,126.9,805668,102130381.75,31-OCT-2017,7665,INE036D01028,
KAVVERITEL,EQ,9.8,12.1,9.3,12.1,12.1,10.1,74600,855096.6,31-OCT-2017,428,INE641C01019,
KAYA,EQ,933.95,969.95,917.1,937.55,940.0,928.8,73609,70033085.7,31-OCT-2017,2266,INE587G01015,
KCP,EQ,124.15,126.8,122.25,122.7,122.55,123.55,281665,34917300.75,31-OCT-2017,2363,INE805C01028,
KCPSUGIND,EQ,30.25,30.65,30.1,30.4,30.35,30.15,171105,5195101.95,31-OCT-2017,677,INE790B01024,
KDDL,EQ,239.95,240.0,238.05,239.95,240.0,236.55,6305,1512609.15,31-OCT-2017,98,INE291D01011,
KEC,EQ,296.45,297.05,292.0,292.8,292.2,296.95,186268,54707941.3,31-OCT-2017,6645,INE389H01022,
KECL,EQ,48.45,49.4,46.5,46.75,46.75,48.1,386452,18445894.6,31-OCT-2017,1958,INE134B01017,
KEI,EQ,336.8,339.0,333.0,334.7,334.9,333.0,184586,61973484.45,31-OCT-2017,4079,INE878B01027,
KELLTONTEC,EQ,98.25,99.5,96.2,98.0,97.95,98.15,47011,4592539.3,31-OCT-2017,934,INE164B01022,
KESARENT,EQ,72.0,73.95,68.3,69.05,69.0,68.1,9227,650199.6,31-OCT-2017,137,INE133B01019,
KESORAMIND,EQ,136.6,143.85,135.4,140.55,140.8,136.05,1037474,146012781.7,31-OCT-2017,8480,INE087A01019,
KEYCORPSER,EQ,67.95,72.35,67.95,72.35,72.35,68.95,332,22881.1,31-OCT-2017,7,INE681C01015,
KGL,BE,1.15,1.15,1.1,1.15,1.15,1.15,1863293,2064807.4,31-OCT-2017,369,INE299C01024,
KHAITANELE,BE,13.6,13.65,13.0,13.65,13.65,13.0,5119,69712.4,31-OCT-2017,15,INE761A01019,
KHANDSE,EQ,15.95,15.95,14.45,14.95,15.4,15.2,1496,21990.0,31-OCT-2017,28,INE060B01014,
KICL,EQ,1960.1,2140.0,1960.1,2089.55,2080.0,1950.8,7181,14934376.2,31-OCT-2017,861,INE029L01018,
KILITCH,BE,81.0,81.0,81.0,81.0,81.0,77.15,7054,571374.0,31-OCT-2017,31,INE729D01010,
KINGFA,EQ,760.0,775.0,760.0,761.05,761.0,767.55,1787,1373564.25,31-OCT-2017,159,INE473D01015,
KIOCL,EQ,308.9,308.9,300.0,308.9,308.9,294.2,63765,19604514.0,31-OCT-2017,790,INE880L01014,
KIRIINDUS,EQ,540.0,606.9,534.3,597.5,601.0,527.4,2618083,1513962055.1,31-OCT-2017,43377,INE415I01015,
KIRLOSBROS,EQ,255.4,255.7,250.0,252.3,251.9,251.65,12092,3056441.8,31-OCT-2017,522,INE732A01036,
KIRLOSENG,EQ,359.0,359.0,354.15,356.0,355.3,356.3,598262,212978547.8,31-OCT-2017,228,INE146L01010,
KIRLOSIND,EQ,1509.95,1510.0,1482.95,1499.85,1500.0,1509.3,311,466476.85,31-OCT-2017,40,INE250A01039,
KITEX,EQ,232.6,237.4,231.8,232.6,232.2,232.65,76461,17869162.75,31-OCT-2017,3311,INE602G01020,
KKCL,EQ,1891.25,1899.3,1828.3,1846.95,1828.3,1914.55,601,1114164.7,31-OCT-2017,76,INE401H01017,
KMSUGAR,EQ,24.0,24.4,23.6,23.9,23.95,24.1,145726,3503334.3,31-OCT-2017,395,INE157H01023,
KNRCON,EQ,251.3,252.95,246.0,249.8,249.5,249.0,129981,32441752.0,31-OCT-2017,3670,INE634I01029,
KOHINOOR,EQ,71.15,72.4,70.55,71.15,71.15,71.2,114943,8214020.6,31-OCT-2017,923,INE080B01012,
KOKUYOCMLN,EQ,107.1,108.8,103.25,105.0,104.55,105.0,95950,10123534.95,31-OCT-2017,1005,INE760A01029,
KOLTEPATIL,EQ,245.4,259.4,244.2,253.05,252.5,244.45,812895,205948512.25,31-OCT-2017,11004,INE094I01018,
KOPRAN,EQ,69.9,69.9,68.15,68.45,68.25,69.65,179603,12379814.3,31-OCT-2017,1710,INE082A01010,
KOTAKBANK,EQ,1031.0,1035.0,1022.05,1025.05,1026.75,1028.9,973983,999858777.15,31-OCT-2017,50246,INE237A01028,
KOTAKBKETF,EQ,255.0,256.4,255.0,256.0,256.0,256.5,15074,3857422.61,31-OCT-2017,332,INF174K01F59,
KOTAKGOLD,EQ,258.4,261.75,258.4,259.65,261.0,258.25,11352,2943156.6,31-OCT-2017,165,INF373I01049,
KOTAKNIFTY,EQ,104.58,104.73,104.15,104.28,104.24,104.69,13872,1447553.09,31-OCT-2017,85,INF174K014P6,
KOTAKNV20,EQ,47.0,47.0,46.5,46.9,46.9,46.9,189,8861.6,31-OCT-2017,7,INF174K01Z71,
KOTAKPSUBK,EQ,382.0,389.99,378.0,382.07,381.98,387.66,7065,2694633.72,31-OCT-2017,141,INF373I01023,
KOTARISUG,EQ,14.45,14.45,13.95,14.0,14.2,14.1,25274,354695.75,31-OCT-2017,78,INE419A01022,
KOTHARIPET,EQ,25.45,25.45,24.85,25.0,25.25,25.25,31093,779404.8,31-OCT-2017,128,INE720A01015,
KOTHARIPRO,EQ,198.25,203.0,196.25,197.05,197.7,200.0,7190,1425528.8,31-OCT-2017,317,INE823A01017,
KPIT,EQ,140.0,149.6,137.4,148.25,146.7,139.75,5081328,733770893.05,31-OCT-2017,30714,INE836A01035,
KPRMILL,EQ,768.0,812.0,740.05,786.35,810.0,763.85,80899,62184644.35,31-OCT-2017,2394,INE930H01023,
KRBL,EQ,637.0,647.5,630.65,645.15,647.25,636.5,76326,48896689.15,31-OCT-2017,2498,INE001B01026,
KREBSBIO,BE,111.0,114.0,110.0,110.05,113.0,115.0,1624,181260.95,31-OCT-2017,16,INE268B01013,
KRIDHANINF,EQ,106.0,109.8,103.0,104.65,105.25,105.95,520565,55512443.4,31-OCT-2017,3987,INE524L01026,
KSBPUMPS,EQ,836.9,848.85,824.0,840.0,844.0,840.45,7938,6631436.15,31-OCT-2017,740,INE999A01015,
KSCL,EQ,567.35,577.85,560.4,574.7,572.5,570.5,483399,275969182.2,31-OCT-2017,8835,INE455I01029,
KSERASERA,EQ,0.15,0.2,0.1,0.15,0.15,0.15,26458678,3945623.9,31-OCT-2017,710,INE216D01026,
KSK,BE,10.75,10.9,10.6,10.9,10.9,10.4,880181,9554131.05,31-OCT-2017,760,INE143H01015,
KSL,EQ,418.4,423.3,412.0,420.45,419.15,414.45,89347,37392533.0,31-OCT-2017,2520,INE907A01026,
KTIL,EQ,196.35,197.8,194.1,195.05,194.1,195.75,13111,2562247.3,31-OCT-2017,182,INE096L01025,
KTKBANK,EQ,159.5,163.3,158.8,162.5,162.8,158.85,3174368,512133127.0,31-OCT-2017,17147,INE614B01018,
KWALITY,EQ,98.4,102.5,98.0,100.65,100.6,97.85,2115813,212788288.45,31-OCT-2017,17344,INE775B01025,
L&TFH,EQ,201.4,202.3,198.6,201.15,201.5,201.05,3380259,678335415.55,31-OCT-2017,23029,INE498L01015,
LAKPRE,EQ,37.65,38.9,37.6,38.7,38.7,37.65,1650,63685.1,31-OCT-2017,46,INE651C01018,
LAKSHMIEFL,EQ,35.3,37.85,35.1,35.8,35.95,34.95,935241,33669925.75,31-OCT-2017,3360,INE992B01026,
LAKSHVILAS,EQ,151.4,152.75,149.85,150.6,150.5,150.8,418914,63048157.7,31-OCT-2017,5730,INE694C01018,
LALPATHLAB,EQ,750.0,788.0,750.0,772.55,782.0,749.0,193060,147778835.75,31-OCT-2017,4706,INE600L01024,
LAMBODHARA,EQ,73.3,78.0,72.05,75.1,74.55,73.3,120818,9110041.55,31-OCT-2017,1147,INE112F01022,
LAOPALA,EQ,524.45,535.0,516.25,530.45,531.1,522.1,12547,6647382.0,31-OCT-2017,2412,INE059D01020,
LASA,BE,140.0,140.0,137.0,139.25,139.0,140.0,48250,6703950.25,31-OCT-2017,235,INE670X01014,
LAURUSLABS,EQ,540.9,540.9,536.0,538.4,536.0,538.15,20634,11113292.15,31-OCT-2017,726,INE947Q01010,
LAXMIMACH,EQ,5975.0,5995.0,5846.0,5855.3,5863.0,5939.05,6967,41092690.75,31-OCT-2017,809,INE269B01029,
LCCINFOTEC,BE,0.3,0.3,0.25,0.3,0.3,0.25,19243,5697.75,31-OCT-2017,33,INE938A01021,
LEEL,EQ,301.3,301.3,293.1,299.25,299.0,299.4,179183,53353570.8,31-OCT-2017,3045,INE245C01019,
LFIC,BE,88.0,94.0,86.05,86.95,86.95,90.0,2357,207291.05,31-OCT-2017,20,INE850E01012,
LGBBROSLTD,EQ,1015.5,1020.05,930.95,947.4,940.0,1006.25,89508,85341780.85,31-OCT-2017,4390,INE337A01034,
LGBFORGE,BE,3.05,3.1,3.05,3.05,3.05,3.05,1066,3301.3,31-OCT-2017,4,INE201J01017,
LIBERTSHOE,BE,254.9,256.0,248.0,252.35,252.5,252.7,11189,2813652.55,31-OCT-2017,203,INE557B01019,
LICHSGFIN,EQ,605.3,621.8,597.1,598.7,599.0,618.2,5944887,3602308763.45,31-OCT-2017,85279,INE115A01026,
LICNETFN50,EQ,106.0,106.4,104.35,104.35,104.35,113.0,672,70900.45,31-OCT-2017,13,INF767K01OS7,
LICNFNHGP,EQ,103.6,105.5,103.6,105.5,105.5,104.32,243,25184.7,31-OCT-2017,5,INF767K01PC8,
LINCOLN,EQ,193.35,199.5,193.0,194.65,195.1,193.9,47816,9348450.15,31-OCT-2017,983,INE405C01035,
LINCPEN,EQ,245.2,254.65,245.0,246.8,249.0,247.7,7945,1978796.35,31-OCT-2017,94,INE802B01019,
LINDEINDIA,EQ,431.9,438.0,424.15,431.45,434.9,424.1,95105,40827655.5,31-OCT-2017,2832,INE473A01011,
LIQUIDBEES,EQ,999.99,1000.01,999.99,1000.0,1000.01,1000.0,760196,760196985.83,31-OCT-2017,3819,INF732E01037,
LITL,BE,1.05,1.05,1.0,1.05,1.05,1.0,15156108,15883605.9,31-OCT-2017,1864,INE785C01048,
LML,EQ,9.1,9.85,9.0,9.35,9.4,8.95,509381,4795455.35,31-OCT-2017,795,INE862A01015,
LOKESHMACH,EQ,76.3,78.4,76.3,76.65,76.85,76.5,22083,1696189.05,31-OCT-2017,221,INE397H01017,
LOTUSEYE,BE,36.1,36.1,33.5,36.05,36.1,34.4,42796,1525612.5,31-OCT-2017,199,INE947I01017,
LOVABLE,EQ,233.0,233.8,231.1,231.75,231.15,231.8,29858,6936567.05,31-OCT-2017,702,INE597L01014,
LOWVOLIWIN,EQ,79.73,79.73,79.48,79.48,79.48,80.0,5,398.15,31-OCT-2017,4,INF109KB10T8,
LPDC,EQ,3.45,3.9,3.45,3.55,3.6,3.5,44378,161499.1,31-OCT-2017,92,INE197J01017,
LSIL,EQ,1.5,1.6,1.5,1.5,1.5,1.55,241447,367261.45,31-OCT-2017,63,INE093R01011,
LT,EQ,1237.0,1238.2,1210.8,1222.3,1223.4,1236.95,1815888,2222670694.2,31-OCT-2017,71693,INE018A01030,
LTI,EQ,819.0,839.0,808.35,830.25,835.5,819.55,32952,27259854.65,31-OCT-2017,2096,INE214T01019,
LTTS,EQ,811.2,847.0,811.15,833.0,829.0,818.55,32308,26813399.35,31-OCT-2017,2957,INE010V01017,
LUMAXIND,EQ,1679.15,1690.0,1660.05,1679.75,1680.0,1686.5,2478,4148502.8,31-OCT-2017,310,INE162B01018,
LUMAXTECH,EQ,578.2,582.0,576.05,579.4,581.2,579.7,15246,8837558.45,31-OCT-2017,477,INE872H01019,
LUPIN,EQ,1025.0,1037.9,1010.0,1028.05,1025.95,1025.95,2036136,2091054018.4,31-OCT-2017,55996,INE326A01037,
LUXIND,EQ,1212.0,1215.0,1175.0,1183.9,1175.0,1209.05,2643,3158263.25,31-OCT-2017,364,INE150G01020,
LYCOS,EQ,6.0,6.0,5.8,5.9,5.95,5.95,802874,4766122.2,31-OCT-2017,544,INE425B01027,
LYKALABS,EQ,54.0,54.0,52.9,53.1,53.0,53.8,45614,2429226.7,31-OCT-2017,184,INE933A01014,
LYPSAGEMS,EQ,37.0,37.0,36.0,36.2,36.05,36.8,223016,8133588.5,31-OCT-2017,967,INE142K01011,
M&M,EQ,1378.0,1378.0,1342.1,1344.8,1346.0,1374.75,799728,1081488266.75,31-OCT-2017,37278,INE101A01026,
M&MFIN,EQ,426.9,434.4,421.25,431.65,433.05,425.1,2138616,916361617.65,31-OCT-2017,26953,INE774D01024,
M100,EQ,20.25,20.35,19.9,20.03,19.9,20.13,14058,282983.37,31-OCT-2017,70,INF247L01023,
M50,EQ,99.8,99.8,99.0,99.0,99.0,99.01,232,23069.6,31-OCT-2017,7,INF247L01536,
MAANALU,EQ,144.55,151.55,144.55,148.2,148.9,144.35,58502,8782318.35,31-OCT-2017,762,INE215I01019,
MADHAV,EQ,71.5,72.7,69.1,70.75,70.0,72.25,21150,1490554.3,31-OCT-2017,299,INE925C01016,
MADHUCON,EQ,33.55,35.75,33.35,34.35,34.9,33.6,498031,17293865.05,31-OCT-2017,2123,INE378D01032,
MADRASFERT,EQ,27.75,28.95,27.6,28.3,28.35,27.9,255336,7199088.75,31-OCT-2017,1211,INE414A01015,
MAGADSUGAR,BE,212.0,225.0,212.0,223.45,222.0,214.4,15450,3385089.6,31-OCT-2017,163,INE347W01011,
MAGMA,EQ,177.2,177.95,174.9,175.7,176.5,176.4,53050,9320474.1,31-OCT-2017,630,INE511C01022,
MAGNUM,EQ,15.25,15.25,15.25,15.25,15.25,13.9,75434,1150368.5,31-OCT-2017,104,INE387I01016,
MAHABANK,EQ,28.0,28.25,27.4,27.8,27.75,27.75,203094,5647944.5,31-OCT-2017,848,INE457A01014,
MAHASTEEL,EQ,65.15,65.75,64.9,65.15,65.1,65.1,15790,1028022.65,31-OCT-2017,171,INE451L01014,
MAHINDCIE,EQ,250.6,252.0,243.15,250.25,250.7,248.65,115272,28593618.9,31-OCT-2017,3474,INE536H01010,
MAHLIFE,EQ,447.8,455.9,433.05,442.45,443.0,448.1,77538,34683918.8,31-OCT-2017,5927,INE813A01018,
MAHSCOOTER,EQ,2679.0,2709.0,2664.0,2680.95,2685.0,2678.5,2470,6633190.15,31-OCT-2017,361,INE288A01013,
MAHSEAMLES,EQ,499.4,505.95,493.1,502.7,503.15,497.05,92406,46430112.55,31-OCT-2017,2604,INE271B01025,
MAITHANALL,EQ,653.8,670.0,650.0,667.95,670.0,649.65,160843,106520741.75,31-OCT-2017,5040,INE683C01011,
MAJESCO,EQ,547.0,549.65,526.55,544.2,538.9,549.7,328882,176908777.65,31-OCT-2017,8207,INE898S01029,
MALUPAPER,EQ,30.0,30.0,28.55,29.45,29.4,30.15,57460,1678915.05,31-OCT-2017,361,INE383H01017,
MANAKALUCO,EQ,9.55,9.55,9.2,9.55,9.55,8.7,73478,701233.25,31-OCT-2017,74,INE859Q01017,
MANAKCOAT,EQ,15.25,15.25,14.7,14.85,14.8,14.65,92491,1385336.3,31-OCT-2017,371,INE830Q01018,
MANAKINDST,EQ,46.75,47.7,42.25,46.5,46.4,44.65,276132,12838529.65,31-OCT-2017,627,INE831Q01016,
MANAKSIA,EQ,72.8,76.9,72.8,73.9,74.55,73.55,40940,3053502.5,31-OCT-2017,546,INE015D01022,
MANAKSTEEL,EQ,49.9,49.9,41.1,49.9,49.9,45.4,870918,42985561.5,31-OCT-2017,2274,INE824Q01011,
MANALIPETC,EQ,37.7,38.0,37.1,37.2,37.15,37.7,407860,15285184.0,31-OCT-2017,1455,INE201A01024,
MANAPPURAM,EQ,98.25,101.5,97.25,100.8,101.0,97.95,8986001,897863806.6,31-OCT-2017,28780,INE522D01027,
MANDHANA,BE,7.65,7.8,7.55,7.75,7.8,7.7,61376,473328.15,31-OCT-2017,133,INE087J01010,
MANGALAM,EQ,152.0,152.7,148.95,150.6,151.0,150.9,37315,5618030.65,31-OCT-2017,854,INE584F01014,
MANGCHEFER,EQ,78.35,78.85,76.1,76.55,76.45,77.45,150587,11644719.05,31-OCT-2017,1037,INE558B01017,
MANGLMCEM,EQ,377.0,381.0,377.0,378.75,377.5,378.0,28722,10901810.35,31-OCT-2017,852,INE347A01017,
MANGTIMBER,EQ,30.5,31.4,30.5,31.1,31.4,30.4,23815,738070.1,31-OCT-2017,194,INE805B01012,
MANINDS,EQ,109.5,111.0,108.0,109.15,109.0,108.75,260728,28468576.4,31-OCT-2017,1776,INE993A01026,
MANINFRA,EQ,63.5,63.75,62.5,63.25,63.7,63.4,416034,26246687.35,31-OCT-2017,2403,INE949H01023,
MANPASAND,EQ,437.5,448.0,432.0,438.4,437.95,436.7,120258,53140853.3,31-OCT-2017,2456,INE122R01018,
MANUGRAPH,EQ,51.0,52.4,48.1,51.75,51.0,49.4,80937,4083479.8,31-OCT-2017,474,INE867A01022,
MARALOVER,EQ,47.55,47.55,45.6,45.8,45.65,46.75,19217,887087.45,31-OCT-2017,180,INE882A01013,
MARATHON,EQ,466.05,509.4,464.55,485.85,487.0,476.3,49369,24441837.4,31-OCT-2017,1224,INE182D01012,
MARICO,EQ,314.25,316.4,309.6,315.25,315.35,312.85,1128607,353218390.5,31-OCT-2017,19969,INE196A01026,
MARKSANS,EQ,44.3,45.7,43.8,44.75,44.75,44.35,2661458,118998763.15,31-OCT-2017,7776,INE750C01026,
MARUTI,EQ,8195.0,8226.5,8167.2,8211.25,8220.0,8195.25,318652,2614085103.9,31-OCT-2017,42480,INE585B01010,
MASFIN,EQ,655.0,663.0,632.0,636.9,634.9,659.25,222813,144751302.85,31-OCT-2017,3885,INE348L01012,
MASTEK,EQ,368.95,371.6,354.8,363.45,364.0,368.55,621191,224825002.5,31-OCT-2017,11522,INE759A01021,
MATRIMONY,EQ,860.0,885.0,860.0,882.65,884.0,865.05,17835,15653151.4,31-OCT-2017,1609,INE866R01028,
MAWANASUG,EQ,120.7,124.6,120.2,123.65,123.95,120.2,726010,89027760.1,31-OCT-2017,3318,INE636A01039,
MAXINDIA,EQ,137.95,137.95,135.0,135.75,135.45,136.95,42914,5839858.15,31-OCT-2017,911,INE153U01017,
MAXVIL,EQ,85.1,86.3,83.75,84.3,84.0,84.95,215791,18305674.5,31-OCT-2017,1349,INE154U01015,
MAYURUNIQ,EQ,430.0,454.6,426.3,450.35,452.0,430.95,182979,81280642.2,31-OCT-2017,3332,INE040D01038,
MAZDA,EQ,411.0,429.9,398.5,418.2,416.0,397.9,51612,21538272.4,31-OCT-2017,1266,INE885E01034,
MBECL,BE,57.05,61.0,57.05,60.6,60.55,58.1,71574,4319289.3,31-OCT-2017,247,INE748A01016,
MBLINFRA,BE,27.25,27.25,26.0,26.8,26.5,26.3,110099,2951945.15,31-OCT-2017,296,INE912H01013,
MCDHOLDING,EQ,40.0,40.7,39.55,39.95,40.15,40.25,63467,2544184.45,31-OCT-2017,442,INE836H01014,
MCDOWELL-N,EQ,3079.0,3094.3,3027.3,3051.35,3050.0,3075.7,865974,2646677529.55,31-OCT-2017,37808,INE854D01016,
MCLEODRUSS,EQ,164.45,169.85,162.9,165.95,165.15,163.7,288047,48035177.65,31-OCT-2017,3458,INE942G01012,
MCX,EQ,1057.0,1066.85,1045.05,1053.8,1051.0,1056.5,205124,216727713.75,31-OCT-2017,9646,INE745G01035,
MEGASOFT,EQ,12.35,12.75,12.3,12.65,12.75,12.4,60741,761534.1,31-OCT-2017,175,INE933B01012,
MEGH,EQ,118.9,119.45,115.0,118.3,117.7,116.95,7295595,860396041.35,31-OCT-2017,37912,INE974H01013,
MENONBE,EQ,91.85,92.25,86.0,88.7,89.55,91.25,77401,6903195.85,31-OCT-2017,859,INE071D01033,
MEP,EQ,99.75,100.5,98.8,99.15,99.0,99.35,597900,59581714.3,31-OCT-2017,3354,INE776I01010,
MERCATOR,EQ,46.0,47.9,45.3,45.7,45.45,45.75,8205494,382263431.35,31-OCT-2017,17037,INE934B01028,
MERCK,EQ,1122.35,1139.95,1105.0,1112.1,1112.5,1122.35,7955,8882927.2,31-OCT-2017,813,INE199A01012,
METALFORGE,EQ,31.35,31.95,31.05,31.25,31.25,31.7,31041,978135.5,31-OCT-2017,246,INE425A01011,
METKORE,BE,3.6,3.7,3.45,3.45,3.45,3.6,71466,256852.7,31-OCT-2017,74,INE592I01029,
MFSL,EQ,583.5,593.5,575.0,587.0,584.4,581.5,470384,275055074.7,31-OCT-2017,10878,INE180A01020,
MGL,EQ,1218.0,1222.0,1198.0,1202.2,1206.0,1218.15,136044,163986584.5,31-OCT-2017,7212,INE002S01010,
MHRIL,EQ,379.0,381.9,374.0,377.85,376.1,376.6,54533,20615620.2,31-OCT-2017,1907,INE998I01010,
MIC,EQ,7.95,8.7,7.85,8.45,8.45,7.95,1176612,9821235.1,31-OCT-2017,1386,INE287C01029,
MIDCAPIWIN,EQ,74.0,74.0,72.45,72.48,72.57,72.35,1789,130012.63,31-OCT-2017,25,INF109KB1XT3,
MINDACORP,EQ,144.0,144.5,141.5,142.35,142.65,143.5,148001,21139369.35,31-OCT-2017,1601,INE842C01021,
MINDAIND,EQ,820.0,827.05,812.1,820.15,816.0,819.95,42087,34652257.45,31-OCT-2017,2495,INE405E01023,
MINDTECK,EQ,77.4,77.4,73.6,74.55,74.5,74.3,15662,1163433.5,31-OCT-2017,174,INE110B01017,
MINDTREE,EQ,479.55,483.3,473.45,479.65,480.05,479.55,368425,175747285.9,31-OCT-2017,7137,INE018I01017,
MIRCELECTR,EQ,32.6,33.4,32.0,32.6,32.5,32.55,1110070,36345695.8,31-OCT-2017,2636,INE831A01028,
MIRZAINT,EQ,163.5,164.0,158.95,159.85,159.9,163.25,146007,23563082.65,31-OCT-2017,2402,INE771A01026,
MMFL,EQ,870.0,870.2,845.1,850.15,854.6,839.9,26160,22516266.2,31-OCT-2017,1062,INE227C01017,
MMTC,EQ,64.5,64.5,63.25,63.4,63.3,64.5,657202,41929933.5,31-OCT-2017,3518,INE123F01029,
MOHITIND,EQ,43.0,44.5,42.5,42.85,42.9,42.95,54321,2330995.3,31-OCT-2017,218,INE954E01012,
MOHOTAMILL,EQ,316.0,319.0,309.0,312.95,311.1,316.1,17154,5376247.65,31-OCT-2017,311,INE313D01013,
MOIL,EQ,271.9,272.4,263.1,264.4,263.95,271.15,701374,187386958.7,31-OCT-2017,9638,INE490G01020,
MOLDTECH,EQ,53.8,53.8,52.1,52.3,52.7,53.0,19996,1055264.15,31-OCT-2017,137,INE835B01035,
MOLDTKPAC,EQ,328.45,334.0,320.55,329.5,330.4,325.0,42606,13953815.6,31-OCT-2017,1081,INE893J01029,
MONNETISPA,EQ,33.0,34.2,33.0,34.15,34.15,32.95,526460,17864052.35,31-OCT-2017,1222,INE743C01013,
MONSANTO,EQ,2463.05,2480.0,2454.0,2473.45,2480.0,2468.1,4185,10326067.1,31-OCT-2017,333,INE274B01011,
MONTECARLO,EQ,488.0,558.0,488.0,529.6,528.0,488.3,272479,146282050.25,31-OCT-2017,9613,INE950M01013,
MORARJEE,EQ,53.2,53.55,52.3,52.9,53.0,52.55,14467,765823.25,31-OCT-2017,133,INE161G01027,
MOREPENLAB,EQ,16.95,17.0,16.45,16.55,16.55,16.8,545852,9111784.85,31-OCT-2017,1078,INE083A01026,
MOSERBAER,EQ,4.0,4.45,4.0,4.35,4.35,4.0,777904,3299500.0,31-OCT-2017,938,INE739A01015,
MOTHERSUMI,EQ,364.0,366.5,359.5,365.2,364.1,364.9,2998454,1086085500.5,31-OCT-2017,38853,INE775A01035,
MOTILALOFS,EQ,1394.25,1398.3,1371.0,1374.15,1372.0,1394.25,47530,65441028.25,31-OCT-2017,2486,INE338I01027,
MOTOGENFIN,EQ,31.0,32.5,31.0,31.5,31.5,31.55,4781,150047.25,31-OCT-2017,35,INE861B01015,
MPHASIS,EQ,704.9,712.05,685.0,693.5,690.0,704.9,92519,64198854.1,31-OCT-2017,5713,INE356A01018,
MPSLTD,EQ,594.0,597.0,586.0,589.05,586.2,592.5,4030,2375882.9,31-OCT-2017,212,INE943D01017,
MRF,EQ,66775.0,67221.95,65715.05,66422.45,66500.0,66779.15,7407,492145245.15,31-OCT-2017,3996,INE883A01011,
MRPL,EQ,135.5,146.7,132.8,142.35,143.45,135.45,9570445,1352374656.35,31-OCT-2017,62119,INE103A01014,
MSPL,EQ,17.5,18.2,17.0,17.5,17.4,17.4,63530,1123787.5,31-OCT-2017,249,INE752G01015,
MTEDUCARE,EQ,62.95,62.95,61.55,61.9,61.9,62.7,66251,4116336.65,31-OCT-2017,426,INE472M01018,
MTNL,EQ,21.5,21.6,21.1,21.15,21.1,21.35,920679,19609961.1,31-OCT-2017,1763,INE153A01019,
MUKANDENGG,EQ,50.8,52.4,50.45,51.5,51.5,51.3,15307,789090.2,31-OCT-2017,105,INE022B01014,
MUKANDLTD,EQ,102.3,102.3,98.5,99.0,99.7,102.0,191950,19162024.05,31-OCT-2017,1394,INE304A01026,
MUKTAARTS,EQ,91.0,96.8,91.0,93.25,93.45,91.2,453213,42864266.45,31-OCT-2017,4080,INE374B01019,
MUNJALAU,EQ,89.75,91.4,89.7,90.1,90.6,89.75,148980,13469566.2,31-OCT-2017,1350,INE672B01032,
MUNJALSHOW,EQ,273.15,276.3,271.2,272.5,272.9,271.7,28031,7685154.85,31-OCT-2017,608,INE577A01027,
MURUDCERA,BE,50.25,50.25,46.9,46.9,46.9,49.35,52839,2559153.2,31-OCT-2017,311,INE692B01014,
MUTHOOTCAP,EQ,610.0,645.0,610.0,630.05,626.1,609.15,16974,10709202.35,31-OCT-2017,1513,INE296G01013,
MUTHOOTFIN,EQ,498.0,499.9,488.0,493.3,493.35,496.75,465670,230064945.0,31-OCT-2017,12454,INE414G01012,
N100,EQ,385.0,389.1,379.46,384.62,385.1,385.86,6924,2660200.55,31-OCT-2017,167,INF247L01031,
NACLIND,EQ,50.8,51.4,49.55,50.05,50.5,49.3,154780,7829001.45,31-OCT-2017,813,INE295D01020,
NAGAFERT,EQ,17.8,18.4,17.8,18.05,18.1,17.8,531149,9589936.3,31-OCT-2017,956,INE454M01024,
NAGAROIL,EQ,4.1,4.2,3.6,3.85,3.9,3.85,1204447,4847487.1,31-OCT-2017,1239,INE453M01018,
NAGREEKCAP,EQ,20.0,20.0,19.65,19.65,19.65,19.65,60,1198.6,31-OCT-2017,2,INE245I01016,
NAGREEKEXP,EQ,34.4,36.0,33.5,35.0,34.95,33.9,9382,331762.25,31-OCT-2017,87,INE123B01028,
NAHARCAP,EQ,137.45,137.5,132.65,133.6,133.3,135.0,5046,681188.0,31-OCT-2017,85,INE049I01012,
NAHARINDUS,EQ,108.0,112.5,108.0,110.9,110.7,108.65,88866,9849419.9,31-OCT-2017,657,INE289A01011,
NAHARPOLY,EQ,56.1,56.95,55.0,55.5,55.5,56.85,10787,601106.85,31-OCT-2017,178,INE308A01027,
NAHARSPING,EQ,123.0,123.0,118.0,119.9,119.35,123.0,65756,7913994.6,31-OCT-2017,1095,INE290A01027,
NAKODA,BE,0.3,0.35,0.3,0.3,0.3,0.3,195107,63702.6,31-OCT-2017,16,INE559B01023,
NATCOPHARM,EQ,969.0,986.0,965.0,968.15,973.0,966.15,168291,164274411.0,31-OCT-2017,4517,INE987B01026,
NATHBIOGEN,EQ,435.1,439.95,420.05,422.4,422.0,434.4,110103,47128224.05,31-OCT-2017,3361,INE448G01010,
NATIONALUM,EQ,92.15,96.7,91.55,95.7,95.5,91.65,14872962,1406992280.3,31-OCT-2017,27413,INE139A01034,
NATNLSTEEL,EQ,39.45,39.45,38.2,38.9,38.95,39.15,30151,1171374.2,31-OCT-2017,181,INE088B01015,
NAUKRI,EQ,1144.9,1188.95,1114.1,1136.75,1116.0,1136.35,167444,193446413.3,31-OCT-2017,14100,INE663F01024,
NAVINFLUOR,EQ,749.0,749.55,737.9,742.25,744.0,742.2,74096,55041401.45,31-OCT-2017,2701,INE048G01026,
NAVKARCORP,EQ,195.0,195.0,192.0,192.05,192.4,194.85,16901,3262796.75,31-OCT-2017,535,INE278M01019,
NAVNETEDUL,EQ,164.0,167.0,164.0,166.45,166.6,166.0,20540,3403730.3,31-OCT-2017,1577,INE060A01024,
NBCC,EQ,267.8,269.85,259.0,260.1,261.6,265.75,2197177,578361626.7,31-OCT-2017,23449,INE095N01023,
NBIFIN,EQ,3250.0,3250.0,3115.15,3149.6,3225.0,3237.75,74,235900.15,31-OCT-2017,10,INE365I01012,
NBVENTURES,EQ,144.0,145.0,140.0,141.1,140.75,140.3,876926,124818270.8,31-OCT-2017,5485,INE725A01022,
NCC,EQ,108.15,111.65,107.3,108.85,109.2,107.7,5076499,553750242.7,31-OCT-2017,21885,INE868B01028,
NCLIND,EQ,261.0,262.0,250.6,252.8,252.85,260.7,153272,38982569.9,31-OCT-2017,2769,INE732C01016,
NDGL,EQ,780.0,780.0,747.0,759.25,769.5,747.6,1115,847555.0,31-OCT-2017,23,INE756C01015,
NDL,EQ,167.0,173.0,167.0,168.55,170.0,166.9,174399,29757092.15,31-OCT-2017,2599,INE875G01030,
NDTV,BE,59.1,61.5,59.0,61.0,60.55,59.8,52706,3206646.6,31-OCT-2017,122,INE155G01029,
NECCLTD,EQ,36.25,36.35,34.8,35.0,35.1,35.85,531647,18783241.95,31-OCT-2017,1808,INE553C01016,
NECLIFE,EQ,27.9,28.3,27.45,28.0,27.85,27.7,178633,4970043.9,31-OCT-2017,662,INE023H01027,
NELCAST,EQ,86.0,90.1,83.7,88.7,89.55,83.6,581582,50893470.05,31-OCT-2017,3866,INE189I01024,
NELCO,BE,110.55,111.5,106.0,108.25,108.0,110.55,38025,4117454.25,31-OCT-2017,370,INE045B01015,
NESCO,EQ,514.95,516.0,510.0,513.3,511.7,510.3,19619,10064976.75,31-OCT-2017,1013,INE317F01035,
NESTLEIND,EQ,7239.0,7300.0,7191.1,7239.0,7206.2,7219.65,28985,209977577.8,31-OCT-2017,3538,INE239A01016,
NETWORK18,EQ,49.65,53.3,49.05,51.3,51.4,49.05,13076249,666523206.8,31-OCT-2017,24248,INE870H01013,
NEULANDLAB,EQ,1140.0,1140.0,1093.05,1102.6,1105.0,1125.9,11438,12667417.2,31-OCT-2017,954,INE794A01010,
NEXTMEDIA,BE,22.2,22.75,21.85,22.25,22.15,22.2,44163,984912.05,31-OCT-2017,76,INE747B01016,
NFL,EQ,63.1,63.55,62.25,62.4,62.5,62.95,262444,16451206.2,31-OCT-2017,1533,INE870D01012,
NH,EQ,304.0,308.5,303.0,307.0,307.2,302.95,71262,21741272.6,31-OCT-2017,937,INE410P01011,
NHPC,EQ,28.85,29.2,28.4,28.55,28.65,28.75,6571527,189350600.35,31-OCT-2017,7586,INE848E01016,
NIBL,EQ,29.15,35.55,29.1,31.35,31.2,29.65,160207,5298912.75,31-OCT-2017,652,INE047O01014,
NIF100IWIN,EQ,113.1,113.1,112.44,112.73,112.73,113.12,598,67449.06,31-OCT-2017,39,INF109KA1962,
NIFTYBEES,EQ,1075.0,1075.0,1063.21,1065.17,1066.5,1069.49,25845,27528842.57,31-OCT-2017,494,INF732E01011,
NIFTYIWIN,EQ,104.4,106.5,102.25,106.4,106.4,106.5,343600,36532356.84,31-OCT-2017,3236,INF109K012R6,
NIITLTD,EQ,102.55,106.5,101.65,104.95,104.7,102.35,1732187,181603843.25,31-OCT-2017,9947,INE161A01038,
NIITTECH,EQ,640.0,696.9,640.0,676.95,675.75,642.3,1869013,1268289594.9,31-OCT-2017,37522,INE591G01017,
NILAINFRA,EQ,18.8,19.7,18.8,19.25,19.3,18.9,1371427,26547589.1,31-OCT-2017,2194,INE937C01029,
NILKAMAL,EQ,1600.0,1636.85,1597.95,1608.5,1608.0,1599.8,49672,80130204.5,31-OCT-2017,2686,INE310A01015,
NIPPOBATRY,EQ,858.7,858.7,840.0,845.05,845.0,840.4,972,820460.25,31-OCT-2017,86,INE567A01010,
NITCO,EQ,92.2,93.4,89.65,90.25,90.5,92.15,124610,11389281.45,31-OCT-2017,1075,INE858F01012,
NITESHEST,EQ,10.4,11.6,10.3,11.45,11.6,10.45,1019145,11400242.95,31-OCT-2017,1375,INE639K01016,
NITINFIRE,BE,7.3,7.8,7.3,7.45,7.5,7.65,200003,1497933.55,31-OCT-2017,300,INE489H01020,
NITINSPIN,EQ,117.05,117.05,113.45,114.05,113.55,115.85,85710,9814155.35,31-OCT-2017,1086,INE229H01012,
NKIND,EQ,44.95,44.95,40.3,41.8,41.75,43.2,346,14574.6,31-OCT-2017,17,INE542C01019,
NLCINDIA,EQ,97.05,99.4,96.0,99.05,98.8,96.75,3401316,333366252.65,31-OCT-2017,13972,INE589A01014,
NMDC,EQ,129.95,130.55,127.3,128.15,128.05,130.0,2284259,293446251.55,31-OCT-2017,10442,INE584A01023,
NOCIL,EQ,183.5,186.0,182.5,183.4,183.5,181.2,1446655,266043839.45,31-OCT-2017,13018,INE163A01018,
NOIDATOLL,BE,13.85,13.85,13.05,13.15,13.1,13.5,77366,1021346.95,31-OCT-2017,196,INE781B01015,
NORBTEAEXP,EQ,6.2,6.2,6.2,6.2,6.2,5.95,400,2480.0,31-OCT-2017,2,INE369C01017,
NRAIL,EQ,278.7,279.0,268.0,277.65,279.0,268.9,8876,2442623.1,31-OCT-2017,551,INE740D01017,
NRBBEARING,EQ,131.35,141.65,131.0,138.9,139.3,131.35,387063,53313982.2,31-OCT-2017,6221,INE349A01021,
NSIL,EQ,1361.15,1391.0,1310.0,1344.5,1326.0,1392.4,4257,5714098.6,31-OCT-2017,233,INE023A01030,
NTL,EQ,3.85,4.6,3.3,4.6,4.6,3.85,327655,1433040.2,31-OCT-2017,524,INE333I01036,
NTPC,EQ,183.0,183.2,180.1,181.25,180.45,182.6,8326834,1518503617.05,31-OCT-2017,16481,INE733E01010,
NUCLEUS,EQ,345.0,353.9,339.7,346.4,348.0,339.3,82171,28489799.7,31-OCT-2017,3979,INE096B01018,
NUTEK,EQ,0.75,0.85,0.75,0.85,0.85,0.8,357277,285019.1,31-OCT-2017,4044,INE318J01027,
NV20IWIN,EQ,46.34,46.37,46.34,46.37,46.37,46.46,29,1344.1,31-OCT-2017,2,INF109KB1WY5,
OBEROIRLTY,EQ,458.3,481.55,455.2,474.75,474.8,458.3,852513,403721978.1,31-OCT-2017,21400,INE093I01010,
OCCL,EQ,1334.95,1335.0,1306.5,1310.05,1319.9,1329.75,3466,4563564.85,31-OCT-2017,300,INE321D01016,
OCL,EQ,1449.5,1466.0,1420.05,1441.75,1438.0,1436.0,8646,12494885.2,31-OCT-2017,614,INE290B01025,
OFSS,EQ,3508.65,3539.8,3487.55,3499.25,3490.05,3521.1,22921,80415850.55,31-OCT-2017,2016,INE881D01027,
OIL,EQ,377.0,379.3,366.6,369.05,369.0,375.1,650403,241249028.4,31-OCT-2017,9424,INE274J01014,
OILCOUNTUB,EQ,57.15,57.15,53.8,54.2,54.1,56.3,55093,3042047.25,31-OCT-2017,529,INE591A01010,
OISL,EQ,3.95,4.7,3.95,4.5,4.5,4.5,25436,111374.35,31-OCT-2017,107,INE196J01019,
OMAXAUTO,EQ,68.1,70.0,68.0,69.3,68.2,68.3,27255,1873393.65,31-OCT-2017,656,INE090B01011,
OMAXE,EQ,204.3,206.5,202.7,204.95,204.75,204.05,656758,134061546.75,31-OCT-2017,8477,INE800H01010,
OMKARCHEM,EQ,79.95,80.5,78.5,78.85,78.65,79.55,142199,11307300.45,31-OCT-2017,954,INE474L01016,
OMMETALS,EQ,77.2,77.5,74.55,75.35,75.45,76.65,278799,21105960.4,31-OCT-2017,1630,INE239D01028,
ONELIFECAP,BE,30.0,30.0,28.1,28.15,28.45,29.55,12473,354837.7,31-OCT-2017,72,INE912L01015,
ONGC,EQ,186.4,192.0,184.6,191.1,191.1,186.6,10698129,2028338218.4,31-OCT-2017,105109,INE213A01029,
ONMOBILE,EQ,61.3,62.5,58.8,59.5,59.5,63.7,770807,46307156.45,31-OCT-2017,4667,INE809I01019,
ONWARDTEC,EQ,132.55,134.9,129.05,130.0,129.05,132.5,223133,29107140.85,31-OCT-2017,1621,INE229A01017,
OPTIEMUS,EQ,65.55,65.75,61.3,64.75,65.5,65.05,20215,1309714.0,31-OCT-2017,331,INE350C01017,
OPTOCIRCUI,EQ,7.1,8.5,7.1,7.95,7.95,7.1,4351188,35010088.4,31-OCT-2017,5290,INE808B01016,
ORBTEXP,EQ,159.1,159.1,155.0,155.4,155.2,158.2,4795,747249.25,31-OCT-2017,102,INE231G01010,
ORCHIDPHAR,BE,18.9,18.95,18.1,18.25,18.25,18.75,106139,1946763.0,31-OCT-2017,396,INE191A01019,
ORICONENT,EQ,69.0,69.25,63.75,64.2,64.15,68.1,1573912,103739460.3,31-OCT-2017,6162,INE730A01022,
ORIENTABRA,EQ,36.5,42.0,36.5,40.45,40.6,36.8,659705,26574913.7,31-OCT-2017,2785,INE569C01020,
ORIENTALTL,BE,18.5,19.0,17.95,18.25,18.7,18.5,17147,315971.85,31-OCT-2017,79,INE998H01012,
ORIENTBANK,EQ,143.0,145.8,138.8,140.8,140.8,143.45,3268773,463784632.3,31-OCT-2017,15319,INE141A01014,
ORIENTBELL,EQ,311.05,312.95,308.0,309.7,309.0,307.7,9387,2905297.9,31-OCT-2017,253,INE607D01018,
ORIENTCEM,EQ,173.55,174.0,166.25,168.35,168.0,173.0,172785,29338468.35,31-OCT-2017,1976,INE876N01018,
ORIENTHOT,EQ,38.7,39.2,38.2,38.75,38.9,38.65,70247,2707334.45,31-OCT-2017,285,INE750A01020,
ORIENTLTD,BE,119.6,123.95,114.6,116.2,116.55,119.6,847,101307.85,31-OCT-2017,17,INE609C01024,
ORIENTPPR,EQ,109.0,114.0,108.3,112.65,112.65,108.9,691942,76875661.5,31-OCT-2017,4665,INE592A01026,
ORIENTREF,EQ,159.3,160.5,156.35,159.8,159.2,157.6,60501,9614539.65,31-OCT-2017,750,INE743M01012,
ORISSAMINE,EQ,1850.05,1894.35,1825.75,1858.2,1865.05,1850.2,7272,13544918.25,31-OCT-2017,899,INE725E01024,
ORTEL,EQ,36.95,36.95,33.3,33.45,33.35,35.45,26552,899595.2,31-OCT-2017,1442,INE849L01019,
ORTINLABSS,EQ,17.45,18.4,17.45,17.7,17.75,17.45,35123,629866.35,31-OCT-2017,222,INE749B01012,
PAEL,BE,10.05,10.95,10.0,10.05,10.05,10.5,4004,40137.3,31-OCT-2017,18,INE766A01018,
PAGEIND,EQ,20020.0,20202.0,19751.65,19956.25,19811.0,20027.75,5697,114029229.85,31-OCT-2017,2460,INE761H01022,
PALASHSECU,BE,91.4,93.5,89.15,93.5,93.5,89.05,13478,1251465.05,31-OCT-2017,101,INE471W01019,
PALREDTEC,EQ,96.7,99.85,96.6,96.7,96.7,97.1,1965,190753.3,31-OCT-2017,43,INE218G01033,
PANACEABIO,EQ,241.15,244.0,234.95,237.3,236.6,241.35,57610,13763647.1,31-OCT-2017,1463,INE922B01023,
PANAMAPET,EQ,170.1,172.1,168.5,169.3,168.5,170.15,39599,6721143.75,31-OCT-2017,943,INE305C01029,
PANORAMUNI,EQ,8.8,9.4,8.5,8.85,8.9,8.8,76142,689497.6,31-OCT-2017,332,INE194B01029,
PAPERPROD,EQ,256.0,259.5,254.0,258.0,259.0,256.8,36680,9411206.7,31-OCT-2017,735,INE275B01026,
PARABDRUGS,BE,8.75,9.0,8.7,9.0,8.9,9.05,15578,138676.85,31-OCT-2017,66,INE618H01016,
PARACABLES,BE,6.05,6.6,6.05,6.2,6.2,6.3,123859,762008.25,31-OCT-2017,107,INE074B01023,
PARAGMILK,EQ,270.0,274.0,269.25,270.85,270.85,270.25,159692,43380618.55,31-OCT-2017,2097,INE883N01014,
PARSVNATH,BE,22.05,23.4,22.05,22.7,22.9,22.3,99895,2289036.7,31-OCT-2017,480,INE561H01026,
PATELENG,EQ,81.75,83.15,80.6,81.45,81.55,81.25,388482,31795389.8,31-OCT-2017,3667,INE244B01030,
PATINTLOG,EQ,80.9,81.9,79.5,80.2,80.2,80.45,50991,4106657.75,31-OCT-2017,783,INE529D01014,
PATSPINLTD,EQ,30.0,30.3,28.15,28.65,28.55,28.95,137256,3988777.15,31-OCT-2017,637,INE790C01014,
PBAINFRA,EQ,16.45,19.5,16.3,19.15,18.85,16.45,105123,1900497.2,31-OCT-2017,507,INE160H01019,
PCJEWELLER,EQ,351.0,355.45,348.5,350.8,349.85,350.85,1429632,503000601.75,31-OCT-2017,26728,INE785M01013,
PDMJEPAPER,EQ,30.7,30.7,29.25,29.75,29.85,29.65,72363,2152838.4,31-OCT-2017,272,INE865T01018,
PDPL,EQ,18.0,18.3,17.75,18.2,18.2,17.35,15504,280128.15,31-OCT-2017,65,INE904D01019,
PDSMFL,EQ,215.0,224.95,211.0,211.95,212.0,208.55,4627,985008.8,31-OCT-2017,80,INE111Q01013,
PDUMJEIND,EQ,14.7,14.7,13.15,14.0,14.0,14.1,19547,266912.75,31-OCT-2017,68,INE105C01023,
PDUMJEPULP,EQ,24.25,24.35,23.7,24.1,24.0,23.9,26988,648532.6,31-OCT-2017,125,INE606A01024,
PEARLPOLY,EQ,39.0,39.8,37.5,39.6,39.8,39.3,2666,103367.55,31-OCT-2017,31,INE844A01013,
PEL,EQ,2764.5,2775.0,2730.4,2748.45,2739.0,2762.55,83004,228183945.05,31-OCT-2017,8004,INE140A01024,
PENIND,EQ,72.4,72.9,68.6,70.05,70.1,72.4,907070,63577610.75,31-OCT-2017,10271,INE932A01024,
PENINLAND,EQ,32.15,34.7,31.4,34.3,34.3,32.2,1772146,59528796.65,31-OCT-2017,3987,INE138A01028,
PENPEBS,EQ,109.1,110.0,107.2,108.25,108.5,109.4,28301,3069194.5,31-OCT-2017,331,INE455O01019,
PERSISTENT,EQ,651.0,654.8,644.45,651.8,654.8,645.4,59697,38904963.95,31-OCT-2017,4716,INE262H01013,
PETRONENGG,EQ,167.9,172.5,167.45,171.0,169.0,169.6,4909,833465.25,31-OCT-2017,148,INE742A01019,
PETRONET,EQ,262.6,262.6,257.75,259.85,259.9,261.75,1590705,413022314.7,31-OCT-2017,20516,INE347G01014,
PFC,EQ,144.6,144.65,138.25,139.25,139.5,144.5,7123462,1000436661.65,31-OCT-2017,32734,INE134E01011,
PFIZER,EQ,1759.0,1759.0,1721.3,1735.05,1725.0,1749.45,10995,19106743.6,31-OCT-2017,936,INE182A01018,
PFOCUS,EQ,105.15,107.5,101.95,102.5,103.0,104.1,324237,33896142.25,31-OCT-2017,3453,INE367G01038,
PFS,EQ,40.7,41.0,40.25,40.4,40.7,40.65,1424591,57720198.05,31-OCT-2017,3381,INE560K01014,
PGEL,EQ,396.25,440.75,395.25,437.0,431.0,397.05,310855,132858505.05,31-OCT-2017,5753,INE457L01011,
PGHH,EQ,8620.05,8698.0,8620.05,8675.25,8670.0,8641.5,6705,58141562.9,31-OCT-2017,310,INE179A01014,
PGIL,EQ,141.0,143.4,135.15,138.45,139.75,141.7,27172,3814800.9,31-OCT-2017,557,INE940H01014,
PHILIPCARB,EQ,917.0,944.0,912.25,924.25,922.9,917.65,595205,552325878.35,31-OCT-2017,14391,INE602A01015,
PHOENIXLTD,EQ,505.0,530.0,501.05,525.6,527.9,507.25,55819,29128076.15,31-OCT-2017,4192,INE211B01039,
PIDILITIND,EQ,787.95,787.95,780.0,781.8,781.05,786.8,331465,259499915.0,31-OCT-2017,15152,INE318A01026,
PIIND,EQ,822.0,824.0,792.0,820.8,820.05,824.15,382814,310651039.95,31-OCT-2017,14756,INE603J01030,
PILANIINVS,BE,2972.0,2980.0,2951.0,2967.1,2951.0,2969.35,1198,3547689.1,31-OCT-2017,61,INE417C01014,
PILITA,EQ,14.9,15.4,13.5,14.1,14.4,14.9,93507,1312702.85,31-OCT-2017,383,INE600A01035,
PINCON,EQ,73.0,73.05,70.15,71.7,71.9,70.85,584838,41894775.95,31-OCT-2017,3027,INE675G01018,
PIONDIST,EQ,239.9,243.0,228.1,238.7,239.0,221.45,83445,19893595.25,31-OCT-2017,1601,INE889E01010,
PIONEEREMB,EQ,36.85,37.55,36.65,37.0,37.15,36.85,33019,1224435.65,31-OCT-2017,127,INE156C01018,
PITTILAM,EQ,68.6,69.7,66.5,67.85,67.75,68.6,85302,5779908.65,31-OCT-2017,1133,INE450D01021,
PKTEA,EQ,165.5,174.5,165.5,167.95,167.95,165.8,1374,236405.0,31-OCT-2017,68,INE431F01018,
PLASTIBLEN,EQ,225.0,253.35,225.0,243.7,244.45,224.55,88262,21469553.75,31-OCT-2017,2111,INE083C01022,
PNB,EQ,203.95,206.9,196.6,197.15,197.5,203.95,27023668,5406962052.1,31-OCT-2017,131164,INE160A01022,
PNBGILTS,EQ,53.85,53.85,51.55,51.8,51.85,53.05,501334,26186847.5,31-OCT-2017,4478,INE859A01011,
PNBHOUSING,EQ,1420.0,1437.0,1412.0,1423.1,1424.0,1411.75,73444,104680622.2,31-OCT-2017,2940,INE572E01012,
PNC,EQ,18.85,19.5,18.85,18.95,18.95,19.15,1856,35174.8,31-OCT-2017,20,INE392B01011,
PNCINFRA,EQ,182.0,208.4,181.95,202.4,201.4,181.95,1464623,291125315.4,31-OCT-2017,16543,INE195J01029,
POCHIRAJU,BE,4.65,4.9,4.65,4.85,4.75,4.8,6056,29115.45,31-OCT-2017,13,INE332G01032,
PODDARHOUS,EQ,1249.95,1280.05,1245.0,1277.95,1245.5,1248.5,893,1139317.4,31-OCT-2017,82,INE888B01018,
PODDARMENT,EQ,316.25,321.45,312.1,315.65,316.0,317.6,10337,3267627.95,31-OCT-2017,395,INE371C01013,
POKARNA,EQ,215.8,219.6,213.5,219.2,219.6,213.95,43182,9393029.5,31-OCT-2017,798,INE637C01025,
POLARIS,EQ,283.0,288.0,277.4,281.8,282.9,282.7,410781,116256419.35,31-OCT-2017,6315,INE763A01023,
POLYMED,EQ,264.0,269.8,264.0,266.0,268.0,267.1,3721,992012.1,31-OCT-2017,247,INE205C01021,
POLYPLEX,EQ,571.9,571.9,561.15,563.5,564.0,566.9,44126,25092078.6,31-OCT-2017,2288,INE633B01018,
PONNIERODE,EQ,186.65,186.65,180.5,184.6,184.85,183.65,2615,479323.05,31-OCT-2017,110,INE838E01017,
POWERGRID,EQ,212.7,218.9,210.7,211.85,211.85,212.4,9248774,1972616238.25,31-OCT-2017,47863,INE752E01010,
POWERMECH,EQ,558.0,574.0,555.05,564.3,565.0,559.5,7766,4361826.45,31-OCT-2017,236,INE211R01019,
PPAP,EQ,413.9,425.0,411.0,413.8,414.8,409.85,65453,27301246.6,31-OCT-2017,2269,INE095I01015,
PRABHAT,EQ,144.05,144.45,140.0,140.8,141.85,144.0,309397,43651435.9,31-OCT-2017,1833,INE302M01033,
PRADIP,EQ,1.7,1.7,1.7,1.7,1.7,1.85,1371,2330.7,31-OCT-2017,6,INE495J01015,
PRAENG,EQ,8.8,9.1,8.65,8.9,8.8,8.75,22393,200486.3,31-OCT-2017,98,INE505C01016,
PRAJIND,EQ,72.3,80.5,71.95,79.15,78.9,72.05,5319953,412021140.0,31-OCT-2017,26074,INE074A01025,
PRAKASH,EQ,147.6,151.3,143.6,148.25,148.1,145.95,5029772,743185085.6,31-OCT-2017,28893,INE603A01013,
PRAKASHCON,EQ,4.95,4.95,4.4,4.55,4.55,4.8,1083423,5018271.7,31-OCT-2017,701,INE023M01027,
PRATIBHA,EQ,6.0,6.7,6.0,6.3,6.3,6.1,601197,3808570.35,31-OCT-2017,676,INE308H01022,
PRECAM,EQ,112.1,119.8,111.55,117.7,118.7,112.1,129094,14971869.2,31-OCT-2017,1551,INE484I01029,
PRECOT,EQ,83.0,83.9,80.5,83.7,83.7,82.85,2058,170608.8,31-OCT-2017,24,INE283A01014,
PRECWIRE,EQ,208.9,226.5,203.95,220.75,221.45,204.75,273527,60558122.55,31-OCT-2017,5105,INE372C01029,
PREMEXPLN,EQ,426.0,430.0,425.25,429.4,428.1,424.55,4625,1980302.6,31-OCT-2017,159,INE863B01011,
PREMIER,EQ,30.0,30.5,29.2,29.9,29.7,29.95,5662,169471.25,31-OCT-2017,81,INE342A01018,
PREMIERPOL,EQ,37.0,38.55,36.6,38.4,38.55,36.75,6385,239993.05,31-OCT-2017,52,INE309M01012,
PRESSMN,EQ,65.1,65.1,61.9,62.9,63.05,64.95,144003,9139505.65,31-OCT-2017,499,INE980A01023,
PRESTIGE,EQ,296.0,306.9,294.2,304.05,306.8,296.1,99768,30155293.75,31-OCT-2017,2241,INE811K01011,
PRICOLLTD,EQ,89.65,105.8,88.3,102.5,102.85,89.5,4495372,448231438.35,31-OCT-2017,29957,INE726V01018,
PRIMESECU,EQ,45.5,45.5,44.65,44.9,44.8,45.1,47569,2135682.55,31-OCT-2017,270,INE032B01021,
PRISMCEM,EQ,119.65,120.9,117.35,118.7,118.75,118.95,118918,14190340.0,31-OCT-2017,1229,INE010A01011,
PROVOGE,EQ,4.55,4.55,4.35,4.4,4.4,4.45,437921,1926558.45,31-OCT-2017,300,INE968G01033,
PROZONINTU,EQ,64.05,65.3,62.8,63.3,63.0,63.8,369860,23602351.35,31-OCT-2017,2206,INE195N01013,
PSB,EQ,51.45,52.2,50.15,50.45,50.3,51.45,177185,9007816.75,31-OCT-2017,887,INE608A01012,
PSL,BE,3.75,4.0,3.75,3.9,3.95,3.85,74642,293526.2,31-OCT-2017,89,INE474B01017,
PSPPROJECT,EQ,421.75,440.0,420.1,428.95,429.0,421.7,58521,25280307.3,31-OCT-2017,1070,INE488V01015,
PSUBNKBEES,EQ,432.98,432.98,418.55,420.02,420.0,432.92,2708,1146445.18,31-OCT-2017,110,INF732E01110,
PTC,EQ,125.45,125.9,122.65,123.1,122.95,125.2,1437640,178193242.85,31-OCT-2017,6915,INE877F01012,
PTL,EQ,41.7,47.75,41.05,46.7,46.7,40.7,290205,13204656.75,31-OCT-2017,1835,INE034D01031,
PUNJABCHEM,EQ,393.95,402.4,386.25,391.65,391.65,393.9,8998,3542863.75,31-OCT-2017,415,INE277B01014,
PUNJLLOYD,EQ,23.65,23.65,22.5,22.7,22.65,23.25,1878336,42978638.75,31-OCT-2017,3494,INE701B01021,
PURVA,EQ,97.45,101.15,96.25,96.7,96.7,97.7,593519,58303983.0,31-OCT-2017,6289,INE323I01011,
PVP,EQ,4.9,5.15,4.9,4.95,5.0,5.05,169986,850835.55,31-OCT-2017,198,INE362A01016,
PVR,EQ,1393.0,1404.95,1380.25,1387.15,1390.0,1397.45,115197,160658949.1,31-OCT-2017,7258,INE191H01014,
QGOLDHALF,EQ,1305.0,1329.95,1305.0,1309.7,1310.0,1307.9,289,378232.65,31-OCT-2017,51,INF082J01010,
QUESS,EQ,861.0,861.0,845.0,848.5,847.0,859.1,52222,44427847.8,31-OCT-2017,2583,INE615P01015,
QUICKHEAL,EQ,194.6,197.95,193.0,195.4,195.75,194.2,133114,26026142.6,31-OCT-2017,1894,INE306L01010,
RADAAN,EQ,1.3,1.3,1.3,1.3,1.3,1.3,7250,9425.0,31-OCT-2017,10,INE874F01027,
RADICO,EQ,216.0,220.2,212.3,219.25,219.0,215.05,1382124,299230129.1,31-OCT-2017,25416,INE944F01028,
RADIOCITY,EQ,385.0,390.0,380.9,384.6,385.5,385.0,7721,2969073.05,31-OCT-2017,435,INE919I01016,
RAIN,EQ,263.2,277.95,261.85,270.85,270.0,261.8,6177145,1675206244.75,31-OCT-2017,55441,INE855B01025,
RAINBOWPAP,EQ,3.7,3.7,3.6,3.7,3.7,3.55,88617,327187.9,31-OCT-2017,82,INE028D01025,
RAJESHEXPO,EQ,790.5,792.9,781.2,782.25,781.5,789.75,114462,89799064.0,31-OCT-2017,4566,INE343B01030,
RAJOIL,EQ,1.2,1.3,1.2,1.25,1.25,1.25,3671,4617.3,31-OCT-2017,12,INE294G01018,
RAJRAYON,BE,0.2,0.2,0.2,0.2,0.2,0.25,5000,1000.0,31-OCT-2017,8,INE533D01024,
RAJSREESUG,EQ,65.15,66.55,64.55,64.9,64.9,64.95,94816,6172117.4,31-OCT-2017,644,INE562B01019,
RAJTV,EQ,58.75,61.0,57.8,59.3,59.15,58.4,16681,997496.95,31-OCT-2017,170,INE952H01027,
RAJVIR,EQ,44.3,44.3,41.35,41.95,41.9,42.2,5598,235180.65,31-OCT-2017,20,INE011H01014,
RALLIS,EQ,246.45,251.45,243.65,244.95,244.95,246.45,615666,151496584.65,31-OCT-2017,4712,INE613A01020,
RAMANEWS,EQ,25.0,25.65,24.7,25.2,25.2,25.4,9738,245866.6,31-OCT-2017,89,INE278B01020,
RAMASTEEL,EQ,186.0,188.0,183.0,184.3,184.4,185.55,43017,7929080.9,31-OCT-2017,427,INE230R01027,
RAMCOCEM,EQ,738.0,740.75,717.5,720.85,718.35,729.15,111729,81017080.6,31-OCT-2017,5680,INE331A01037,
RAMCOIND,EQ,304.5,306.0,298.35,298.9,299.5,303.5,98371,29669441.0,31-OCT-2017,3183,INE614A01028,
RAMCOSYS,EQ,403.55,425.9,403.5,419.75,421.0,410.2,86050,36137495.05,31-OCT-2017,2287,INE246B01019,
RAMKY,EQ,178.6,184.0,171.2,181.7,181.7,177.4,876457,157706010.4,31-OCT-2017,10426,INE874I01013,
RAMSARUP,BE,2.9,2.9,2.7,2.9,2.9,2.8,85271,245910.15,31-OCT-2017,64,INE005D01015,
RANASUG,EQ,7.25,7.3,7.15,7.2,7.2,7.25,388306,2809545.1,31-OCT-2017,365,INE625B01014,
RANEENGINE,EQ,629.95,660.0,629.95,641.0,639.55,630.15,16009,10333683.25,31-OCT-2017,892,INE222J01013,
RANEHOLDIN,EQ,1787.5,1897.95,1779.05,1865.0,1850.0,1782.05,10578,19382118.9,31-OCT-2017,1872,INE384A01010,
RATNAMANI,EQ,866.05,889.0,863.0,885.15,886.0,871.55,4054,3562626.55,31-OCT-2017,406,INE703B01027,
RAYMOND,EQ,904.0,904.0,888.0,892.3,892.15,899.25,262263,234502755.45,31-OCT-2017,6266,INE301A01014,
RBL,EQ,1200.0,1265.95,1200.0,1212.45,1219.0,1195.6,41115,50645566.05,31-OCT-2017,3146,INE244J01017,
RBLBANK,EQ,525.95,528.55,522.8,525.4,525.1,525.05,669354,351518592.3,31-OCT-2017,11557,INE976G01028,
RCF,EQ,90.75,90.95,89.25,90.3,90.2,90.2,2347014,211702974.85,31-OCT-2017,14696,INE027A01015,
RCOM,EQ,16.55,18.3,16.55,17.1,17.15,15.75,111014103,1915966186.75,31-OCT-2017,76161,INE330H01018,
RECLTD,EQ,170.55,173.8,168.9,173.2,173.5,170.55,5646271,972487070.7,31-OCT-2017,31545,INE020B01018,
REDINGTON,EQ,160.95,164.8,156.15,157.7,157.25,159.5,1113320,178622396.5,31-OCT-2017,18315,INE891D01026,
REFEX,EQ,24.7,24.7,23.6,24.35,24.5,24.2,31371,758415.95,31-OCT-2017,126,INE056I01017,
REGENCERAM,BE,4.35,4.4,4.35,4.4,4.4,4.55,108,472.7,31-OCT-2017,2,INE277C01012,
RELAXO,EQ,551.75,562.0,548.0,550.0,550.0,551.6,23103,12733725.65,31-OCT-2017,751,INE131B01039,
RELCAPITAL,EQ,586.0,590.7,571.5,577.15,575.2,585.6,2324344,1350078204.85,31-OCT-2017,34727,INE013A01015,
RELCNX100,EQ,109.56,109.56,109.56,109.56,109.56,109.73,50,5478.0,31-OCT-2017,1,INF204K014N5,
RELCONS,EQ,49.25,49.43,48.66,48.66,48.66,48.87,2282,112014.5,31-OCT-2017,20,INF204KA1LD7,
RELDIVOPP,EQ,28.75,28.75,28.17,28.17,28.17,28.32,126,3550.58,31-OCT-2017,3,INF204KA1MS3,
RELIANCE,EQ,944.95,945.75,932.2,940.85,944.05,942.5,4345360,4077373480.3,31-OCT-2017,113055,INE002A01018,
RELIGARE,EQ,37.75,41.4,37.0,41.4,41.4,37.65,6137651,245352163.75,31-OCT-2017,17916,INE621H01010,
RELINFRA,EQ,503.0,510.0,501.0,502.75,502.0,502.85,1181779,597138032.6,31-OCT-2017,17042,INE036A01016,
RELNV20,EQ,509.99,539.99,465.7,474.89,474.89,463.98,81,41029.15,31-OCT-2017,13,INF204KA17D8,
REMSONSIND,EQ,78.9,81.0,78.0,80.1,80.8,77.45,1971,156369.95,31-OCT-2017,51,INE474C01015,
RENUKA,EQ,14.4,14.6,14.3,14.4,14.4,14.4,1808494,26086950.3,31-OCT-2017,1691,INE087H01022,
REPCOHOME,EQ,613.0,622.3,605.2,619.05,620.1,613.0,537033,330563947.8,31-OCT-2017,11778,INE612J01015,
REPRO,EQ,822.45,827.0,809.5,820.15,820.0,816.75,19039,15613866.75,31-OCT-2017,367,INE461B01014,
RESPONIND,EQ,39.15,39.15,35.25,37.15,37.0,39.15,1903534,68923908.1,31-OCT-2017,1229,INE688D01026,
REVATHI,EQ,698.0,701.0,653.1,665.35,669.0,703.45,3908,2651302.1,31-OCT-2017,487,INE617A01013,
RHFL,EQ,88.0,89.5,86.0,86.75,86.25,86.85,1947046,171555691.05,31-OCT-2017,36198,INE217K01011,
RICOAUTO,EQ,100.5,101.75,98.35,99.2,99.1,100.4,1066223,106639854.7,31-OCT-2017,7298,INE209B01025,
RIIL,EQ,526.35,531.9,522.15,524.2,523.5,524.95,352432,185520209.35,31-OCT-2017,10218,INE046A01015,
RJL,EQ,179.8,182.3,173.3,174.65,175.9,180.55,11110,1966898.6,31-OCT-2017,310,INE722H01016,
RKDL,BE,11.0,11.3,10.6,11.0,11.0,11.1,10472,114498.35,31-OCT-2017,40,INE722J01012,
RKFORGE,EQ,751.0,790.0,750.9,760.65,765.0,752.05,122553,94381500.45,31-OCT-2017,6139,INE399G01015,
RMCL,BE,25.7,26.9,24.5,26.9,26.9,25.65,181589,4691561.15,31-OCT-2017,502,INE172H01014,
RML,EQ,548.0,592.4,544.6,574.25,573.85,540.2,214466,123641594.15,31-OCT-2017,7262,INE050H01012,
RNAVAL,EQ,52.5,55.2,52.1,54.2,54.1,52.65,2747097,148322333.75,31-OCT-2017,13885,INE542F01012,
ROHLTD,EQ,138.65,143.0,135.0,137.55,138.3,138.65,42380,5938213.5,31-OCT-2017,564,INE283H01019,
ROLLT,EQ,6.95,6.95,6.75,6.95,6.95,6.65,239850,1664856.45,31-OCT-2017,240,INE927A01040,
ROLTA,EQ,56.0,56.9,55.6,56.25,56.4,55.65,766804,43143796.15,31-OCT-2017,6495,INE293A01013,
ROSSELLIND,EQ,130.8,130.8,124.1,126.9,125.65,132.95,47265,5989505.9,31-OCT-2017,706,INE847C01020,
RPGLIFE,EQ,399.7,403.7,395.6,396.45,396.05,396.3,17334,6911389.95,31-OCT-2017,518,INE105J01010,
RPOWER,EQ,41.0,41.45,40.7,40.8,40.75,40.9,2809796,115218773.1,31-OCT-2017,6448,INE614G01033,
RPPINFRA,EQ,286.0,289.8,275.5,278.65,277.0,285.2,184712,52581988.35,31-OCT-2017,3389,INE324L01013,
RSSOFTWARE,EQ,63.05,63.5,62.05,62.6,62.65,62.75,75530,4741995.1,31-OCT-2017,975,INE165B01029,
RSWM,EQ,374.0,400.0,371.8,384.55,382.55,366.45,306207,117762933.5,31-OCT-2017,6875,INE611A01016,
RSYSTEMS,EQ,40.9,42.0,39.75,40.3,39.9,40.4,21167,858082.0,31-OCT-2017,288,INE411H01032,
RTNINFRA,EQ,8.2,9.0,7.6,8.7,8.75,8.2,3350208,28919233.5,31-OCT-2017,2861,INE834M01019,
RTNPOWER,EQ,6.0,6.0,5.6,5.7,5.65,5.9,10396948,59951588.1,31-OCT-2017,3996,INE399K01017,
RUBYMILLS,EQ,337.0,343.75,332.0,335.75,340.4,340.65,2369,800099.5,31-OCT-2017,124,INE301D01026,
RUCHINFRA,BE,2.85,3.0,2.85,3.0,3.0,2.9,3412,10011.0,31-OCT-2017,10,INE413B01023,
RUCHIRA,EQ,171.4,173.0,168.25,170.05,169.95,169.95,34683,5931854.15,31-OCT-2017,809,INE803H01014,
RUCHISOYA,EQ,23.95,24.8,23.5,24.2,24.1,23.75,1690844,40465271.05,31-OCT-2017,3196,INE619A01027,
RUPA,EQ,426.5,432.9,422.0,424.8,424.0,426.35,23252,9936437.85,31-OCT-2017,802,INE895B01021,
RUSHIL,EQ,1074.0,1124.9,1068.0,1110.6,1111.0,1069.4,85670,94588294.8,31-OCT-2017,4858,INE573K01017,
SABEVENTS,EQ,13.4,13.4,13.2,13.3,13.2,12.8,78574,1051106.2,31-OCT-2017,173,INE860T01019,
SABTN,EQ,30.0,30.8,29.3,29.3,29.3,30.8,197182,5865146.85,31-OCT-2017,733,INE416A01036,
SADBHAV,EQ,316.3,320.0,315.0,316.25,316.5,315.9,230384,72980005.65,31-OCT-2017,2341,INE226H01026,
SADBHIN,EQ,113.1,119.9,113.1,117.0,116.0,114.75,192465,22684137.4,31-OCT-2017,2184,INE764L01010,
SAGCEM,EQ,859.0,868.0,850.0,859.0,859.0,859.0,92862,79760616.25,31-OCT-2017,6664,INE229C01013,
SAIL,EQ,79.85,80.95,76.0,78.0,77.7,79.85,17455197,1365780648.65,31-OCT-2017,49626,INE114A01011,
SAKHTISUG,EQ,26.4,26.7,26.2,26.35,26.3,26.25,81521,2156797.2,31-OCT-2017,323,INE623A01011,
SAKSOFT,EQ,215.75,215.75,206.8,209.9,210.0,211.65,3218,671905.05,31-OCT-2017,133,INE667G01015,
SAKUMA,EQ,209.9,216.5,206.1,208.5,209.5,206.4,729070,153700876.9,31-OCT-2017,5066,INE190H01016,
SALASAR,EQ,278.95,301.0,276.95,295.05,294.0,277.7,330913,97481306.35,31-OCT-2017,3612,INE170V01019,
SALONA,EQ,111.0,119.75,111.0,115.85,115.5,117.05,4025,470992.7,31-OCT-2017,116,INE498E01010,
SALORAINTL,BE,43.7,46.95,43.7,44.9,44.9,45.6,1680,75533.5,31-OCT-2017,9,INE924A01013,
SALSTEEL,BE,6.95,7.05,6.7,7.0,7.0,6.75,65092,451351.3,31-OCT-2017,129,INE658G01014,
SALZERELEC,EQ,208.0,212.3,202.25,207.25,207.0,208.55,136012,28165300.9,31-OCT-2017,2727,INE457F01013,
SAMBHAAV,BE,11.4,11.8,11.3,11.6,11.5,11.65,7456,86145.3,31-OCT-2017,26,INE699B01027,
SAMTEL,BE,0.5,0.5,0.45,0.45,0.45,0.45,1080,498.5,31-OCT-2017,4,INE381A01016,
SANCO,EQ,79.95,80.4,77.5,77.9,78.95,79.2,40074,3153702.3,31-OCT-2017,327,INE782L01012,
SANDESH,EQ,929.85,929.85,902.25,911.75,910.5,920.25,1729,1576135.1,31-OCT-2017,143,INE583B01015,
SANGAMIND,EQ,204.0,204.0,193.0,194.0,194.0,196.75,290811,56237320.25,31-OCT-2017,362,INE495C01010,
SANGHIIND,EQ,125.3,135.45,125.3,133.5,134.0,123.85,3400127,448221944.3,31-OCT-2017,20622,INE999B01013,
SANGHVIFOR,EQ,39.0,43.8,38.6,42.05,41.6,39.1,40274,1687420.85,31-OCT-2017,361,INE263L01013,
SANGHVIMOV,EQ,169.55,173.05,168.5,169.95,169.9,169.9,210472,35822535.1,31-OCT-2017,4535,INE989A01024,
SANOFI,EQ,4222.0,4222.0,4165.0,4179.55,4166.0,4206.25,983,4125128.4,31-OCT-2017,218,INE058A01010,
SANWARIA,EQ,22.65,22.65,22.65,22.65,22.65,21.6,261579,5924764.35,31-OCT-2017,347,INE890C01046,
SARDAEN,EQ,474.0,518.4,469.05,502.8,504.9,471.6,662875,333332883.7,31-OCT-2017,17478,INE385C01013,
SAREGAMA,EQ,682.9,694.7,662.5,676.35,674.1,679.4,228690,154691044.85,31-OCT-2017,6861,INE979A01017,
SARLAPOLY,EQ,60.0,60.35,58.2,58.65,58.35,59.25,297691,17633688.9,31-OCT-2017,3504,INE453D01025,
SASKEN,EQ,536.4,536.4,521.1,525.85,527.0,532.15,23937,12605797.8,31-OCT-2017,694,INE231F01020,
SASTASUNDR,EQ,113.0,115.0,111.25,113.6,114.6,111.5,25994,2946207.45,31-OCT-2017,173,INE019J01013,
SATHAISPAT,EQ,40.95,41.0,39.95,40.05,40.5,40.85,18669,754935.25,31-OCT-2017,117,INE176C01016,
SATIN,EQ,307.0,308.0,301.0,301.95,301.0,307.2,57991,17576933.75,31-OCT-2017,3478,INE836B01017,
SBILIFE,EQ,655.8,669.0,655.8,662.1,656.85,655.0,1402840,932236614.3,31-OCT-2017,47194,INE123W01016,
SBIN,EQ,313.0,313.85,304.3,305.8,306.55,312.0,16455750,5063097521.55,31-OCT-2017,139865,INE062A01020,
SCAPDVR,EQ,3.65,3.85,3.65,3.65,3.65,3.8,285735,1094174.2,31-OCT-2017,47,INE224E01036,
SCHAEFFLER,EQ,4940.0,5225.0,4916.05,5157.85,5102.05,4932.35,3519,18053633.65,31-OCT-2017,1114,INE513A01014,
SCHAND,EQ,482.0,485.85,478.05,479.85,480.0,486.6,20862,10043568.5,31-OCT-2017,1018,INE807K01035,
SCHNEIDER,EQ,126.85,127.15,123.35,124.15,124.75,126.75,103401,12869277.0,31-OCT-2017,1091,INE839M01018,
SCI,EQ,94.2,94.4,92.0,92.3,92.2,93.95,577431,53600657.95,31-OCT-2017,3783,INE109A01011,
SDBL,EQ,177.5,185.5,170.1,174.85,175.4,176.85,1486802,264025966.95,31-OCT-2017,12507,INE480C01012,
SEAMECLTD,BE,180.45,180.45,163.4,165.0,165.0,171.9,14952,2620253.25,31-OCT-2017,109,INE497B01018,
SEINV,EQ,224.85,224.85,206.0,217.15,218.5,211.3,24011,5183888.55,31-OCT-2017,738,INE420C01042,
SELAN,EQ,234.1,240.75,230.5,232.85,232.6,233.95,481577,113384137.6,31-OCT-2017,8455,INE818A01017,
SELMCL,EQ,2.3,2.7,2.25,2.7,2.7,2.25,1753558,4590960.65,31-OCT-2017,1010,INE105I01012,
SENSEXIWIN,EQ,346.98,346.98,345.04,345.04,345.04,347.6,31,10725.34,31-OCT-2017,3,INF346A01034,
SEPOWER,BE,9.7,9.7,8.9,9.5,9.5,9.3,1055,9527.0,31-OCT-2017,8,INE735M01018,
SEQUENT,EQ,111.35,112.5,109.5,110.1,110.0,110.65,105179,11635802.1,31-OCT-2017,1457,INE807F01027,
SESHAPAPER,EQ,804.95,804.95,777.0,780.1,777.0,788.95,4992,3921941.1,31-OCT-2017,272,INE630A01016,
SETCO,EQ,41.0,41.25,40.0,40.2,40.1,40.95,316263,12778523.5,31-OCT-2017,1228,INE878E01021,
SETFGOLD,EQ,2670.1,2685.0,2664.0,2679.25,2684.7,2667.75,18859,50526960.5,31-OCT-2017,347,INF200K01099,
SETFNIF50,EQ,105.0,105.43,105.0,105.3,105.3,105.43,197663,20800140.41,31-OCT-2017,2988,INF200KA1FS1,
SETFNIFBK,EQ,254.0,255.0,254.0,254.0,254.0,254.56,1633,415009.1,31-OCT-2017,32,INF200KA1580,
SETFNN50,EQ,307.5,307.5,304.85,306.0,306.45,306.9,356,108906.05,31-OCT-2017,28,INF200KA1598,
SEZAL,BE,4.5,4.75,4.5,4.75,4.75,4.65,2820,12832.5,31-OCT-2017,10,INE955I01036,
SFL,EQ,1380.0,1409.95,1350.0,1389.3,1380.0,1355.55,7048,9809249.55,31-OCT-2017,330,INE916U01025,
SGFL,BE,1.5,1.5,1.5,1.5,1.5,1.5,10,15.0,31-OCT-2017,1,INE883G01018,
SGL,EQ,15.1,15.8,15.1,15.75,15.55,15.3,25511,400802.3,31-OCT-2017,59,INE353H01010,
SHAHALLOYS,EQ,19.4,20.0,19.0,19.45,19.5,19.5,12864,250593.35,31-OCT-2017,81,INE640C01011,
SHAKTIPUMP,EQ,469.0,474.4,465.0,466.55,466.4,468.0,56292,26365386.4,31-OCT-2017,1944,INE908D01010,
SHALPAINTS,EQ,207.0,211.5,203.25,205.35,206.0,207.4,30364,6265384.2,31-OCT-2017,681,INE849C01026,
SHANKARA,EQ,1493.85,1495.45,1475.05,1489.5,1489.0,1485.0,17255,25621065.3,31-OCT-2017,1440,INE274V01019,
SHANTIGEAR,EQ,137.0,143.65,135.15,141.7,142.15,135.0,205535,29014935.4,31-OCT-2017,2425,INE631A01022,
SHARDACROP,EQ,431.0,443.05,424.2,440.05,440.0,430.45,33193,14379861.95,31-OCT-2017,5399,INE221J01015,
SHARDAMOTR,EQ,2550.0,2550.05,2496.0,2500.65,2500.05,2517.4,3964,10017939.75,31-OCT-2017,484,INE597I01010,
SHARIABEES,EQ,253.0,255.9,252.5,253.22,254.5,258.0,319,80621.6,31-OCT-2017,6,INF732E01128,
SHEMAROO,EQ,401.95,409.55,397.25,404.55,403.0,401.35,7714,3108228.1,31-OCT-2017,241,INE363M01019,
SHILPAMED,EQ,670.85,681.4,666.3,677.1,676.0,673.6,15783,10658164.9,31-OCT-2017,997,INE790G01031,
SHIRPUR-G,EQ,145.5,147.9,145.5,147.25,146.65,147.4,7864,1155429.45,31-OCT-2017,92,INE196B01016,
SHIVAMAUTO,EQ,98.55,105.1,98.25,101.85,101.8,99.2,1322319,135069265.5,31-OCT-2017,8685,INE637H01024,
SHIVTEX,EQ,367.0,374.9,361.3,369.25,372.5,366.75,11207,4101849.0,31-OCT-2017,307,INE705C01012,
SHK,EQ,274.0,277.0,270.05,271.15,270.2,273.75,38579,10541072.95,31-OCT-2017,1597,INE500L01026,
SHOPERSTOP,EQ,540.0,540.0,523.1,527.5,529.9,540.9,85477,45223745.3,31-OCT-2017,2432,INE498B01024,
SHREECEM,EQ,19039.9,19199.0,18820.0,18930.4,18832.0,19038.35,12565,238880320.55,31-OCT-2017,3966,INE070A01015,
SHREEPUSHK,EQ,270.9,274.55,266.0,267.45,266.2,271.3,90323,24373609.75,31-OCT-2017,1808,INE712K01011,
SHREERAMA,EQ,14.45,14.65,13.55,14.1,14.1,14.05,60913,864555.4,31-OCT-2017,202,INE879A01019,
SHREYANIND,EQ,166.5,176.4,166.5,168.95,168.6,166.2,21092,3601949.75,31-OCT-2017,522,INE231C01019,
SHREYAS,EQ,460.0,464.5,456.5,461.1,462.95,462.75,5128,2362076.15,31-OCT-2017,231,INE757B01015,
SHRIPISTON,BE,1999.0,2025.0,1998.9,2025.0,2025.0,1930.0,621,1254746.3,31-OCT-2017,52,INE526E01018,
SHRIRAMCIT,EQ,2250.0,2323.0,2250.0,2306.25,2304.0,2196.0,64152,146742668.55,31-OCT-2017,6257,INE722A01011,
SHRIRAMEPC,EQ,20.1,20.5,19.75,19.9,19.85,19.95,316927,6377972.55,31-OCT-2017,1105,INE964H01014,
SHYAMCENT,EQ,14.5,14.9,14.0,14.9,14.9,13.55,297671,4359749.8,31-OCT-2017,490,INE979R01011,
SICAGEN,EQ,38.7,39.15,37.4,38.3,38.0,38.7,29148,1109792.95,31-OCT-2017,233,INE176J01011,
SICAL,EQ,234.0,234.8,228.0,229.6,228.65,232.8,30929,7158399.0,31-OCT-2017,521,INE075B01012,
SIEMENS,EQ,1272.0,1295.2,1265.65,1272.25,1270.0,1269.05,187831,240474414.95,31-OCT-2017,6691,INE003A01024,
SIGNET,EQ,14.5,14.9,12.4,12.9,12.7,13.75,7626223,102455617.0,31-OCT-2017,10067,INE529F01027,
SIL,BE,29.25,29.3,27.0,28.05,28.2,27.95,52093,1478459.25,31-OCT-2017,133,INE173A01025,
SILINV,EQ,339.0,355.5,337.95,355.5,355.5,323.2,49053,17213425.55,31-OCT-2017,1108,INE923A01015,
SIMBHALS,EQ,29.3,29.8,29.0,29.5,29.25,29.3,51752,1526218.2,31-OCT-2017,338,INE748T01016,
SIMPLEX,EQ,63.6,63.6,63.6,63.6,63.6,60.6,17880,1137168.0,31-OCT-2017,75,INE898F01018,
SIMPLEXINF,EQ,522.6,545.0,521.5,541.55,531.3,525.5,34944,18465385.9,31-OCT-2017,1330,INE059B01024,
SINTEX,EQ,27.1,27.25,26.55,26.65,26.65,27.15,5998372,161104175.7,31-OCT-2017,11785,INE429C01035,
SIS,EQ,778.0,788.85,777.15,783.55,778.0,782.65,7025,5506922.05,31-OCT-2017,390,INE285J01010,
SITASHREE,EQ,3.6,3.7,3.5,3.7,3.7,3.6,52066,188370.3,31-OCT-2017,63,INE686I01011,
SITINET,EQ,25.15,25.25,24.65,25.15,25.2,25.15,79912,2009365.45,31-OCT-2017,352,INE965H01011,
SIYSIL,EQ,600.95,601.0,590.0,592.6,594.95,596.25,6121,3632805.15,31-OCT-2017,304,INE076B01028,
SJVN,EQ,36.0,36.35,35.4,35.45,35.6,35.95,767198,27448064.5,31-OCT-2017,7546,INE002L01015,
SKFINDIA,EQ,1634.95,1680.0,1620.0,1643.95,1640.1,1633.8,30210,49831416.3,31-OCT-2017,745,INE640A01023,
SKIL,EQ,40.8,41.4,38.0,38.95,38.7,39.6,176566,6948381.35,31-OCT-2017,960,INE429F01012,
SKIPPER,EQ,232.15,249.9,228.1,244.9,249.5,230.5,5767795,1342047272.7,31-OCT-2017,10935,INE439E01022,
SKMEGGPROD,EQ,97.4,97.4,89.1,89.95,90.05,92.45,370258,34422108.6,31-OCT-2017,2785,INE411D01015,
SMARTLINK,EQ,105.0,105.6,102.15,102.95,102.7,104.7,18749,1939363.6,31-OCT-2017,290,INE178C01020,
SMLISUZU,EQ,1045.0,1079.0,1016.0,1071.15,1063.55,1035.4,90997,95735218.95,31-OCT-2017,4054,INE294B01019,
SMPL,EQ,1.35,1.6,1.35,1.55,1.55,1.35,661587,954330.05,31-OCT-2017,218,INE215G01021,
SMSLIFE,BE,420.5,436.95,413.0,416.9,424.95,434.6,2277,963956.4,31-OCT-2017,80,INE320X01016,
SMSPHARMA,EQ,101.25,101.25,97.55,98.2,98.4,98.15,85367,8455495.0,31-OCT-2017,811,INE812G01025,
SNOWMAN,EQ,55.0,55.35,54.15,54.4,54.3,54.7,576528,31533617.0,31-OCT-2017,3278,INE734N01019,
SOBHA,EQ,520.0,527.0,506.0,508.95,510.0,519.4,254237,130791658.0,31-OCT-2017,13337,INE671H01015,
SOLARINDS,EQ,1030.0,1044.95,1014.85,1027.3,1025.0,1030.3,32357,33247281.15,31-OCT-2017,2486,INE343H01029,
SOMANYCERA,EQ,838.05,853.5,833.0,849.1,852.0,849.55,2508,2121630.6,31-OCT-2017,218,INE355A01028,
SOMATEX,EQ,15.7,15.7,14.75,15.35,15.4,15.15,210630,3219603.7,31-OCT-2017,582,INE314C01013,
SOMICONVEY,EQ,64.8,64.8,62.05,64.05,64.0,62.55,23287,1477503.3,31-OCT-2017,343,INE323J01019,
SONASTEER,EQ,111.2,113.9,109.1,112.7,113.35,110.5,197248,22060910.75,31-OCT-2017,2106,INE643A01035,
SONATSOFTW,EQ,183.4,183.4,179.35,180.45,179.5,181.9,233528,42235380.0,31-OCT-2017,2747,INE269A01021,
SORILHOLD,BE,94.9,94.9,85.9,94.9,94.9,90.4,858608,78779336.75,31-OCT-2017,2371,INE126M01010,
SORILINFRA,EQ,172.9,173.65,166.5,167.25,167.5,172.4,229714,38759592.55,31-OCT-2017,2290,INE034H01016,
SOTL,EQ,1261.0,1474.0,1245.5,1436.3,1440.0,1252.65,20326,27521512.8,31-OCT-2017,1956,INE035D01012,
SOUTHBANK,EQ,30.9,31.35,30.4,30.55,30.65,30.85,12673948,390655428.25,31-OCT-2017,10048,INE683A01023,
SPAL,EQ,395.85,405.0,392.0,401.9,404.0,393.5,14297,5698259.9,31-OCT-2017,733,INE212I01016,
SPARC,EQ,430.0,432.5,415.2,419.85,418.0,438.05,1334410,563887475.75,31-OCT-2017,24620,INE232I01014,
SPECIALITY,EQ,125.5,128.95,123.1,124.4,123.5,124.6,317504,39951304.0,31-OCT-2017,1805,INE247M01014,
SPENTEX,EQ,4.0,4.2,3.85,4.05,4.05,3.95,70443,286715.5,31-OCT-2017,113,INE376C01020,
SPHEREGSL,EQ,41.65,43.4,40.5,41.45,41.0,42.25,57817,2413173.45,31-OCT-2017,148,INE737B01033,
SPIC,EQ,45.85,45.9,44.45,44.75,44.8,45.35,873286,39302891.7,31-OCT-2017,3021,INE147A01011,
SPICEMOBI,EQ,20.65,21.5,20.65,20.9,20.9,21.6,14870,312430.35,31-OCT-2017,57,INE927C01020,
SPLIL,EQ,20.95,22.0,20.25,20.8,20.55,20.9,5988,128989.85,31-OCT-2017,63,INE978G01016,
SPMLINFRA,EQ,137.9,138.0,134.2,134.5,134.3,137.1,50864,6908500.05,31-OCT-2017,672,INE937A01023,
SPTL,EQ,93.45,94.8,92.6,92.95,93.0,92.95,2393364,223868876.2,31-OCT-2017,16393,INE501W01021,
SPYL,BE,0.5,0.55,0.5,0.5,0.5,0.55,872964,446968.7,31-OCT-2017,138,INE268L01020,
SQSBFSI,EQ,474.95,474.95,462.0,466.2,466.8,468.25,13137,6117647.4,31-OCT-2017,351,INE201K01015,
SREEL,EQ,185.0,190.0,181.5,184.35,184.9,185.75,30351,5677416.9,31-OCT-2017,422,INE099F01013,
SREINFRA,EQ,114.5,117.1,114.05,114.7,115.15,114.25,1252085,144263830.3,31-OCT-2017,11136,INE872A01014,
SRF,EQ,1705.0,1727.55,1680.5,1689.05,1688.0,1707.3,114515,194921016.35,31-OCT-2017,4923,INE647A01010,
SRHHYPOLTD,EQ,221.4,235.5,221.4,226.8,227.0,225.05,21816,4983925.2,31-OCT-2017,507,INE917H01012,
SRIPIPES,EQ,352.0,365.0,343.0,362.35,362.0,349.6,285715,101721786.6,31-OCT-2017,4195,INE943C01027,
SRSLTD,EQ,2.65,2.65,2.55,2.65,2.65,2.65,665632,1739850.85,31-OCT-2017,207,INE219H01039,
SRTRANSFIN,EQ,1200.0,1203.3,1160.0,1168.0,1170.7,1181.05,1089223,1285210363.45,31-OCT-2017,46900,INE721A01013,
SSWL,EQ,862.0,875.0,842.0,847.25,847.3,866.25,35906,30971388.4,31-OCT-2017,1609,INE802C01017,
STAMPEDE,BE,7.25,7.25,6.8,6.9,6.95,7.0,185051,1288168.05,31-OCT-2017,135,INE224E01028,
STAR,EQ,845.0,854.2,802.0,828.8,825.1,840.7,1814760,1500740503.9,31-OCT-2017,42203,INE939A01011,
STARCEMENT,EQ,120.0,120.7,116.5,117.2,117.3,118.9,240103,28311980.8,31-OCT-2017,2104,INE460H01021,
STARPAPER,EQ,192.05,204.0,190.1,202.35,203.0,191.95,318532,63558123.7,31-OCT-2017,3808,INE733A01018,
STCINDIA,EQ,183.95,184.9,180.0,182.15,183.0,183.15,231696,42283200.65,31-OCT-2017,3791,INE655A01013,
STEELXIND,EQ,102.25,103.5,102.0,103.1,103.25,102.0,803564,82569877.05,31-OCT-2017,1582,INE503B01013,
STEL,BE,93.0,94.0,92.5,92.5,92.5,93.1,6952,646795.5,31-OCT-2017,35,INE577L01016,
STERLINBIO,EQ,3.85,3.9,3.75,3.85,3.85,3.85,137833,528437.0,31-OCT-2017,164,INE324C01038,
STERTOOLS,EQ,265.05,274.8,264.8,270.1,271.0,265.05,38054,10262314.9,31-OCT-2017,1113,INE334A01023,
STINDIA,EQ,13.2,14.5,13.2,14.5,14.5,13.85,429,6204.25,31-OCT-2017,14,INE090C01019,
STRTECH,EQ,273.6,287.7,273.2,284.9,286.5,273.6,2962939,833559431.8,31-OCT-2017,33326,INE089C01029,
SUBEX,EQ,8.55,9.05,8.5,8.8,8.85,8.55,2647482,23323092.5,31-OCT-2017,2047,INE754A01014,
SUBROS,EQ,274.65,280.0,269.0,274.1,274.0,272.4,133880,36955487.55,31-OCT-2017,3258,INE287B01021,
SUDARSCHEM,EQ,390.0,409.5,384.0,399.45,398.5,379.15,491228,196513938.8,31-OCT-2017,8862,INE659A01023,
SUJANAUNI,EQ,0.9,0.95,0.9,0.95,0.95,0.9,120935,112152.35,31-OCT-2017,66,INE216G01011,
SUMEETINDS,EQ,31.6,32.4,31.35,31.6,31.4,31.5,417858,13325336.9,31-OCT-2017,1425,INE235C01010,
SUMMITSEC,EQ,749.9,749.9,704.9,741.25,749.0,749.9,3397,2495955.75,31-OCT-2017,226,INE519C01017,
SUNCLAYLTD,EQ,5950.0,5960.0,5840.0,5895.75,5939.0,5930.5,6304,37157596.0,31-OCT-2017,731,INE105A01035,
SUNDARAM,EQ,3.35,3.4,3.3,3.3,3.35,3.3,296532,989161.6,31-OCT-2017,249,INE108E01023,
SUNDARMFIN,EQ,1775.0,1775.0,1712.3,1755.1,1740.0,1757.5,44365,77575832.6,31-OCT-2017,2647,INE660A01013,
SUNDRMBRAK,BE,678.6,680.0,665.95,674.0,672.55,665.95,2897,1955492.9,31-OCT-2017,106,INE073D01013,
SUNDRMFAST,EQ,517.95,523.95,510.1,516.8,515.9,514.35,238984,124167879.35,31-OCT-2017,6135,INE387A01021,
SUNFLAG,EQ,79.25,82.3,79.25,80.45,80.7,79.45,837227,67680304.9,31-OCT-2017,4678,INE947A01014,
SUNILHITEC,EQ,15.45,15.6,14.9,15.05,15.1,15.35,4383389,66709068.85,31-OCT-2017,5282,INE305H01028,
SUNPHARMA,EQ,553.0,558.7,545.9,552.9,552.4,553.1,2907328,1607906918.85,31-OCT-2017,43674,INE044A01036,
SUNTECK,EQ,360.0,360.2,350.05,352.1,351.35,356.65,117588,41540703.75,31-OCT-2017,4696,INE805D01034,
SUNTV,EQ,838.0,872.8,834.2,856.5,856.95,834.15,1707119,1470293293.55,31-OCT-2017,33527,INE424H01027,
SUPERHOUSE,EQ,210.0,221.0,207.6,210.25,210.0,208.15,109094,23244536.55,31-OCT-2017,2154,INE712B01010,
SUPERSPIN,EQ,15.2,15.4,14.95,15.05,15.0,15.25,33843,510907.45,31-OCT-2017,107,INE662A01027,
SUPPETRO,EQ,369.85,369.85,361.3,366.6,363.95,365.5,24136,8858636.75,31-OCT-2017,756,INE663A01017,
SUPRAJIT,EQ,284.95,284.95,272.5,273.7,272.5,281.2,73914,20438942.45,31-OCT-2017,1412,INE399C01030,
SUPREMEIND,EQ,1137.0,1142.0,1110.0,1131.0,1122.0,1130.2,17307,19499069.3,31-OCT-2017,2011,INE195A01028,
SUPREMEINF,BE,109.7,110.05,105.1,106.85,106.4,106.55,79177,8561386.6,31-OCT-2017,313,INE550H01011,
SUPREMETEX,EQ,3.15,3.15,2.85,2.9,2.95,3.05,1057904,3093717.5,31-OCT-2017,500,INE651G01027,
SURANAIND,EQ,3.25,3.25,2.9,3.1,3.1,3.15,28232,85672.2,31-OCT-2017,38,INE659D01019,
SURANASOL,EQ,17.0,17.0,15.8,16.2,16.1,16.1,117790,1913062.85,31-OCT-2017,362,INE272L01022,
SURANAT&P,EQ,7.25,7.8,6.9,7.8,7.75,7.1,4346835,33433861.0,31-OCT-2017,2881,INE130B01031,
SURYALAXMI,EQ,93.5,93.5,90.25,90.95,90.6,92.95,8946,821647.5,31-OCT-2017,139,INE713B01026,
SURYAROSNI,EQ,378.7,380.95,367.75,369.95,370.9,377.5,240584,89918026.65,31-OCT-2017,4545,INE335A01012,
SUTLEJTEX,EQ,95.0,96.5,93.7,96.05,96.3,94.75,111507,10678792.5,31-OCT-2017,787,INE645H01027,
SUVEN,EQ,211.3,218.0,210.35,214.85,215.2,210.35,747182,160588949.4,31-OCT-2017,8356,INE495B01038,
SUZLON,EQ,16.65,17.1,16.55,16.95,16.95,16.55,82685408,1395798261.1,31-OCT-2017,28748,INE040H01021,
SWANENERGY,EQ,161.4,164.0,154.1,155.85,155.65,161.0,381879,59897939.7,31-OCT-2017,3571,INE665A01038,
SWARAJENG,EQ,2050.0,2100.0,2005.0,2091.45,2080.0,2020.25,6989,14463154.7,31-OCT-2017,899,INE277A01016,
SWELECTES,EQ,517.0,518.9,505.3,509.35,508.0,512.7,9461,4839475.0,31-OCT-2017,409,INE409B01013,
SYMPHONY,EQ,1400.0,1548.0,1395.0,1460.4,1450.0,1414.65,317759,471686733.6,31-OCT-2017,20738,INE225D01027,
SYNCOM,EQ,4.95,5.0,4.85,4.95,4.95,4.9,42376,209134.65,31-OCT-2017,129,INE602K01014,
SYNDIBANK,EQ,83.0,84.05,81.3,82.5,82.1,83.75,7188230,594348830.75,31-OCT-2017,26803,INE667A01018,
SYNGENE,EQ,501.1,509.9,501.1,505.3,505.0,507.4,30188,15280276.55,31-OCT-2017,2460,INE398R01022,
TAINWALCHM,EQ,114.5,119.15,111.0,117.05,116.0,113.5,33218,3908260.9,31-OCT-2017,238,INE123C01018,
TAJGVK,EQ,174.4,175.85,173.0,174.95,174.65,171.9,46171,8056949.3,31-OCT-2017,759,INE586B01026,
TAKE,EQ,175.0,176.3,171.9,173.15,173.0,175.05,347015,60292657.85,31-OCT-2017,4357,INE142I01023,
TALBROAUTO,EQ,204.0,212.05,201.5,207.3,207.85,200.8,89297,18552747.0,31-OCT-2017,1571,INE187D01011,
TALWALKARS,EQ,276.6,284.95,275.0,281.8,279.8,277.5,55796,15638435.6,31-OCT-2017,1329,INE502K01016,
TANLA,EQ,36.25,36.65,32.7,33.0,33.0,35.9,1509029,52168997.15,31-OCT-2017,4059,INE483C01032,
TANTIACONS,BE,16.6,17.55,16.2,17.35,17.4,17.0,19096,325590.95,31-OCT-2017,73,INE388G01018,
TARAJEWELS,EQ,22.85,22.85,22.1,22.2,22.3,22.55,76417,1706387.4,31-OCT-2017,393,INE799L01016,
TARAPUR,BE,6.45,6.8,6.4,6.75,6.75,6.6,7673,49712.5,31-OCT-2017,22,INE747K01017,
TARMAT,EQ,50.0,53.65,49.8,53.25,53.05,49.8,54142,2862668.35,31-OCT-2017,469,INE924H01018,
TASTYBITE,EQ,5315.0,5368.0,5275.3,5334.35,5330.0,5312.35,1400,7462179.1,31-OCT-2017,144,INE488B01017,
TATACHEM,EQ,740.5,747.8,730.75,732.9,732.5,740.6,582996,428876054.45,31-OCT-2017,19091,INE092A01019,
TATACOFFEE,EQ,161.0,165.7,157.45,162.4,162.0,160.2,1392302,227750175.25,31-OCT-2017,11269,INE493A01027,
TATACOMM,EQ,659.9,696.7,657.2,684.45,686.4,659.4,1490976,1015747205.2,31-OCT-2017,26113,INE151A01013,
TATAELXSI,EQ,840.25,845.7,829.2,839.65,839.7,836.15,276605,231838667.1,31-OCT-2017,8405,INE670A01012,
TATAGLOBAL,EQ,226.95,228.25,223.15,226.95,227.5,226.8,5175219,1169696206.4,31-OCT-2017,30639,INE192A01025,
TATAINVEST,EQ,876.0,879.9,862.05,869.05,867.15,871.85,16566,14398366.1,31-OCT-2017,1162,INE672A01018,
TATAMETALI,EQ,759.0,819.0,746.3,808.95,808.15,757.85,1134221,896472052.8,31-OCT-2017,28402,INE056C01010,
TATAMOTORS,EQ,438.85,438.85,427.3,428.4,428.4,436.55,6214996,2674747453.75,31-OCT-2017,61396,INE155A01022,
TATAMTRDVR,EQ,244.7,245.45,239.85,240.85,241.25,243.95,1000309,241183662.35,31-OCT-2017,12239,IN9155A01020,
TATAPOWER,EQ,86.35,86.35,84.6,84.9,85.15,85.95,3517881,299843324.9,31-OCT-2017,18834,INE245A01021,
TATASPONGE,EQ,942.7,952.0,930.05,941.9,940.0,937.25,302860,285521197.5,31-OCT-2017,8316,INE674A01014,
TATASTEEL,EQ,724.0,729.8,697.2,703.8,703.55,718.25,13545468,9641190641.2,31-OCT-2017,181879,INE081A01012,
TBZ,EQ,124.0,124.1,121.5,122.2,122.8,124.0,228003,27941818.1,31-OCT-2017,2756,INE760L01018,
TCI,EQ,279.0,283.0,275.0,279.4,280.25,278.6,41072,11454528.0,31-OCT-2017,850,INE688A01022,
TCIDEVELOP,EQ,450.15,458.4,450.1,455.55,455.55,451.55,136,61799.55,31-OCT-2017,19,INE662L01016,
TCIEXP,EQ,562.0,582.0,555.2,564.05,566.0,561.45,20832,11858481.5,31-OCT-2017,943,INE586V01016,
TCIFINANCE,EQ,23.2,23.2,22.0,22.6,22.55,22.5,17275,387677.25,31-OCT-2017,115,INE911B01018,
TCPLPACK,EQ,642.0,670.0,640.0,655.4,653.15,651.05,1547,1016477.2,31-OCT-2017,50,INE822C01015,
TCS,EQ,2601.3,2640.0,2601.3,2624.0,2618.75,2616.2,796317,2092579456.5,31-OCT-2017,45128,INE467B01029,
TDPOWERSYS,EQ,209.25,217.95,207.0,210.8,212.45,209.25,50167,10580585.1,31-OCT-2017,1090,INE419M01019,
TEAMLEASE,EQ,1626.2,1635.0,1600.85,1624.8,1635.0,1614.45,1463,2362108.25,31-OCT-2017,244,INE985S01024,
TECHIN,BE,10.4,10.4,9.7,9.8,10.2,10.2,10824,105554.8,31-OCT-2017,29,INE778A01021,
TECHM,EQ,486.0,486.6,476.2,482.05,483.0,485.55,1509095,726265717.8,31-OCT-2017,31427,INE669C01036,
TECHNO,EQ,357.75,365.05,348.0,361.85,360.0,352.75,217848,78388853.3,31-OCT-2017,1806,INE286K01024,
TECHNOFAB,EQ,238.0,238.8,236.25,238.15,238.0,238.75,3523,839761.05,31-OCT-2017,44,INE509K01011,
TEJASNET,EQ,322.15,329.5,320.1,326.15,326.25,322.5,100771,32837429.35,31-OCT-2017,3779,INE010J01012,
TERASOFT,EQ,55.0,56.4,54.25,54.65,54.5,55.15,16072,877663.45,31-OCT-2017,141,INE482B01010,
TEXINFRA,EQ,50.8,50.8,49.9,50.55,50.45,50.0,114686,5771911.1,31-OCT-2017,572,INE435C01024,
TEXMOPIPES,EQ,25.0,25.1,23.65,24.45,23.8,24.7,110481,2666483.65,31-OCT-2017,556,INE141K01013,
TEXRAIL,EQ,116.65,116.95,111.8,115.9,115.75,115.55,1563342,179909024.45,31-OCT-2017,11451,INE621L01012,
TFCILTD,EQ,145.75,145.75,141.3,142.85,143.6,144.95,828618,118588317.6,31-OCT-2017,3649,INE305A01015,
TFL,EQ,11.95,12.8,11.15,11.4,11.7,11.75,11449,132163.7,31-OCT-2017,34,INE804H01012,
TGBHOTELS,EQ,55.55,58.0,55.55,57.1,57.4,56.1,57925,3301873.8,31-OCT-2017,540,INE797H01018,
THANGAMAYL,BE,408.0,417.0,401.5,405.3,402.1,409.55,1713,695032.75,31-OCT-2017,66,INE085J01014,
THEMISMED,EQ,499.45,510.05,485.0,499.3,500.0,485.0,2180,1087263.6,31-OCT-2017,99,INE083B01016,
THERMAX,EQ,994.95,996.0,979.05,990.15,990.0,995.25,25868,25683135.5,31-OCT-2017,1024,INE152A01029,
THIRUSUGAR,EQ,65.95,66.6,64.65,65.2,65.05,65.2,10273,671280.5,31-OCT-2017,110,INE409A01015,
THOMASCOOK,EQ,241.5,241.5,237.3,239.9,238.7,238.95,195512,46776926.05,31-OCT-2017,2955,INE332A01027,
THOMASCOTT,BE,19.35,19.35,19.3,19.3,19.3,18.45,367,7096.25,31-OCT-2017,8,INE480M01011,
THYROCARE,EQ,690.0,699.7,688.05,692.0,690.0,695.85,26456,18428380.0,31-OCT-2017,7326,INE594H01019,
TI,EQ,14.95,15.2,14.5,14.65,14.6,14.75,133029,1967957.05,31-OCT-2017,580,INE133E01013,
TIDEWATER,EQ,6499.75,6550.0,6414.3,6423.3,6420.0,6473.4,1150,7430571.25,31-OCT-2017,407,INE484C01022,
TIFIN,EQ,578.0,591.95,577.0,588.2,588.0,586.3,370461,217449469.3,31-OCT-2017,558,INE149A01033,
TIIL,EQ,447.0,475.0,447.0,462.9,463.15,448.6,28967,13292575.8,31-OCT-2017,593,INE545H01011,
TIJARIA,EQ,7.55,7.8,7.1,7.3,7.35,7.1,45106,340317.45,31-OCT-2017,184,INE440L01017,
TIL,EQ,552.8,579.0,545.0,556.2,559.8,551.1,65081,36818418.2,31-OCT-2017,2586,INE806C01018,
TIMESGTY,EQ,73.0,73.0,68.2,69.45,70.0,71.3,6758,473282.95,31-OCT-2017,113,INE289C01025,
TIMETECHNO,EQ,190.0,190.0,186.15,186.5,186.8,189.25,114910,21586886.85,31-OCT-2017,2343,INE508G01029,
TIMKEN,EQ,779.2,779.25,768.0,774.8,773.0,771.5,30580,23651155.7,31-OCT-2017,375,INE325A01013,
TINPLATE,EQ,273.0,274.0,267.7,268.55,267.8,273.4,1222919,331037156.85,31-OCT-2017,16062,INE422C01014,
TIPSINDLTD,EQ,76.35,78.0,75.0,75.1,75.0,75.95,5166,392490.65,31-OCT-2017,100,INE716B01011,
TIRUMALCHM,EQ,1867.7,1944.0,1855.3,1877.3,1875.2,1851.95,190770,361926338.35,31-OCT-2017,8939,INE338A01016,
TITAN,EQ,624.0,639.5,621.3,635.25,639.5,618.3,1884635,1189714875.35,31-OCT-2017,30647,INE280A01028,
TMRVL,EQ,145.0,150.75,145.0,148.55,145.8,148.85,33639,4975281.05,31-OCT-2017,479,INE759V01019,
TNPETRO,EQ,73.8,73.95,71.65,72.45,72.5,73.4,234183,17002054.05,31-OCT-2017,1639,INE148A01019,
TNPL,EQ,353.1,364.8,349.0,363.35,364.2,353.1,170742,61297950.85,31-OCT-2017,2328,INE107A01015,
TNTELE,BE,2.2,2.2,2.2,2.2,2.2,2.3,300,660.0,31-OCT-2017,1,INE141D01018,
TODAYS,EQ,2.2,2.2,2.2,2.2,2.2,2.1,200,440.0,31-OCT-2017,2,INE944B01019,
TOKYOPLAST,EQ,120.65,124.5,120.65,122.4,122.0,123.5,13312,1626442.25,31-OCT-2017,225,INE932C01012,
TORNTPHARM,EQ,1274.0,1285.95,1265.0,1269.85,1268.0,1269.05,66711,84924658.35,31-OCT-2017,5489,INE685A01028,
TORNTPOWER,EQ,275.0,277.15,268.3,271.3,271.35,276.55,1223021,332233653.35,31-OCT-2017,12492,INE813H01021,
TPLPLASTEH,EQ,571.05,584.8,553.5,561.1,555.0,588.65,2388,1342613.4,31-OCT-2017,174,INE413G01014,
TREEHOUSE,EQ,13.75,13.85,13.4,13.7,13.85,13.55,55319,751631.15,31-OCT-2017,181,INE040M01013,
TRENT,EQ,305.0,305.9,294.2,295.65,295.35,300.15,104984,31329617.55,31-OCT-2017,2956,INE849A01020,
TRF,EQ,242.0,250.6,241.3,245.6,245.05,241.3,72554,17867498.45,31-OCT-2017,1838,INE391D01019,
TRIDENT,EQ,103.6,105.2,102.1,102.8,102.85,102.9,1291569,134405439.3,31-OCT-2017,9451,INE064C01014,
TRIGYN,EQ,98.7,109.05,98.0,108.0,107.95,99.15,381168,40832841.65,31-OCT-2017,2788,INE948A01012,
TRIL,EQ,30.6,30.7,30.0,30.4,30.35,30.35,79979,2420861.35,31-OCT-2017,308,INE763I01026,
TRITURBINE,EQ,130.95,131.25,128.6,130.55,130.3,129.35,77129,10030955.8,31-OCT-2017,350,INE152M01016,
TRIVENI,EQ,95.7,95.85,94.3,94.5,94.7,95.25,437085,41482393.45,31-OCT-2017,2467,INE256C01024,
TTKHLTCARE,EQ,815.7,822.9,805.05,815.5,813.0,812.1,920,750687.05,31-OCT-2017,143,INE910C01018,
TTKPRESTIG,EQ,6430.0,6600.0,6430.0,6543.2,6535.0,6438.4,13507,88378375.55,31-OCT-2017,1480,INE690A01010,
TTL,EQ,68.8,69.9,68.7,69.05,69.0,69.1,15219,1054196.7,31-OCT-2017,66,INE592B01016,
TTML,EQ,8.25,8.25,8.25,8.25,8.25,7.9,476002,3927016.5,31-OCT-2017,559,INE517B01013,
TULSI,EQ,3.3,3.3,3.25,3.3,3.3,3.2,18717,61691.1,31-OCT-2017,21,INE474I01012,
TV18BRDCST,EQ,43.4,44.25,43.0,43.6,43.55,43.45,4804559,209811556.2,31-OCT-2017,7484,INE886H01027,
TVSELECT,EQ,412.0,423.9,412.0,416.6,415.05,412.7,305718,127597634.3,31-OCT-2017,7925,INE236G01019,
TVSMOTOR,EQ,724.0,732.4,720.1,723.3,724.8,722.6,604965,438134515.9,31-OCT-2017,12294,INE494B01023,
TVSSRICHAK,EQ,3220.0,3240.0,3161.1,3201.0,3205.0,3201.05,6200,19872203.9,31-OCT-2017,894,INE421C01016,
TVTODAY,EQ,358.0,365.25,355.0,357.4,356.15,357.85,99854,35989219.2,31-OCT-2017,3953,INE038F01029,
TVVISION,EQ,41.2,41.2,41.2,41.2,41.2,43.35,9208,379369.6,31-OCT-2017,91,INE871L01013,
TWL,EQ,140.95,144.9,137.35,143.6,143.8,139.85,2199683,312509233.6,31-OCT-2017,15482,INE615H01020,
UBL,EQ,1045.0,1048.0,1023.2,1027.35,1026.0,1041.85,257111,265387906.65,31-OCT-2017,7500,INE686F01025,
UCALFUEL,EQ,201.8,202.35,197.5,198.05,197.6,200.45,22460,4486683.85,31-OCT-2017,566,INE139B01016,
UCOBANK,EQ,33.25,33.7,32.05,32.4,32.3,33.45,985321,32407605.15,31-OCT-2017,3482,INE691A01018,
UFLEX,EQ,464.75,465.7,454.0,455.5,456.45,462.65,138432,63496379.9,31-OCT-2017,3410,INE516A01017,
UFO,EQ,424.4,439.0,412.0,433.45,431.15,420.1,161928,69477712.25,31-OCT-2017,5716,INE527H01019,
UGARSUGAR,EQ,23.0,23.15,22.85,23.0,22.95,23.0,131210,3016037.75,31-OCT-2017,334,INE071E01023,
UJAAS,EQ,23.35,23.5,22.75,22.9,22.9,23.25,338057,7819457.35,31-OCT-2017,1082,INE899L01022,
UJJIVAN,EQ,331.2,339.75,328.0,338.7,338.95,329.2,1105102,370402515.25,31-OCT-2017,11890,INE334L01012,
ULTRACEMCO,EQ,4472.25,4475.0,4392.05,4401.05,4400.0,4472.25,175650,776834152.95,31-OCT-2017,21067,INE481G01011,
UMANGDAIRY,EQ,71.05,72.5,69.65,70.5,70.95,71.25,8549,607262.2,31-OCT-2017,153,INE864B01027,
UNICHEMLAB,EQ,313.95,313.95,294.6,305.2,307.5,311.8,303117,92194782.25,31-OCT-2017,4355,INE351A01035,
UNIENTER,EQ,105.0,108.8,101.25,101.25,101.25,104.1,20145,2061941.95,31-OCT-2017,266,INE037A01022,
UNIONBANK,EQ,184.25,185.35,174.2,176.45,176.85,184.25,5650716,1007849445.4,31-OCT-2017,33855,INE692A01016,
UNIPLY,EQ,286.15,293.0,279.0,286.35,285.5,288.35,65042,18559484.65,31-OCT-2017,799,INE950G01015,
UNITECH,EQ,6.8,7.0,6.45,6.7,6.7,6.75,29322430,196275769.25,31-OCT-2017,9876,INE694A01020,
UNITEDBNK,EQ,19.9,19.9,19.2,19.35,19.4,19.55,623204,12145574.25,31-OCT-2017,1299,INE695A01019,
UNITEDTEA,EQ,569.8,575.95,538.0,558.9,559.0,523.6,63613,35960654.4,31-OCT-2017,2317,INE458F01011,
UNITY,EQ,6.55,7.1,6.55,6.85,6.85,6.55,138930,945269.4,31-OCT-2017,167,INE466H01028,
UNIVCABLES,EQ,174.1,175.7,167.0,172.6,172.0,174.2,292585,50321057.25,31-OCT-2017,4080,INE279A01012,
UPL,EQ,827.9,835.6,794.4,799.3,799.0,824.4,2559806,2072188914.2,31-OCT-2017,68057,INE628A01036,
URJA,BE,1.5,1.5,1.5,1.5,1.5,1.45,177743,266614.5,31-OCT-2017,54,INE550C01020,
USHAMART,EQ,26.0,26.4,25.75,25.9,25.9,26.0,1012789,26338520.9,31-OCT-2017,1663,INE228A01035,
USHERAGRO,EQ,8.0,8.6,8.0,8.6,8.6,8.2,111221,937215.2,31-OCT-2017,181,INE235G01011,
UTINEXT50,EQ,297.5,299.65,294.0,294.73,295.0,294.99,1436,425570.45,31-OCT-2017,72,INF789FC1N82,
UTINIFTETF,EQ,1073.6,1073.6,1065.0,1066.19,1066.0,1075.62,478,511075.45,31-OCT-2017,26,INF789FB1X41,
UTISENSETF,EQ,345.65,345.65,340.0,340.0,340.0,338.9,1250,427378.45,31-OCT-2017,51,INF789FB1X58,
UTTAMSTL,EQ,29.4,29.85,28.8,29.45,29.45,29.4,112773,3315476.85,31-OCT-2017,535,INE699A01011,
UTTAMSUGAR,BE,190.75,194.0,190.75,192.25,193.0,191.5,5674,1087706.15,31-OCT-2017,50,INE786F01031,
UVSL,BE,0.5,0.5,0.45,0.5,0.5,0.45,655845,303051.85,31-OCT-2017,58,INE292A01023,
V2RETAIL,EQ,506.75,529.8,501.55,513.8,515.0,503.8,385329,199582868.85,31-OCT-2017,11338,INE945H01013,
VADILALIND,EQ,926.8,938.45,916.3,921.1,922.5,917.65,11004,10184817.05,31-OCT-2017,762,INE694D01016,
VAIBHAVGBL,EQ,640.0,660.0,630.0,655.8,648.2,633.55,85593,55464877.7,31-OCT-2017,1952,INE884A01019,
VAKRANGEE,EQ,538.3,564.9,535.15,562.3,561.8,538.3,1831243,1018414047.5,31-OCT-2017,26127,INE051B01021,
VALUEIND,EQ,6.85,7.0,6.65,7.0,7.0,6.9,5379,37057.7,31-OCT-2017,45,INE352A01017,
VARDHACRLC,EQ,44.2,45.0,43.8,44.55,45.0,44.4,24309,1077314.45,31-OCT-2017,125,INE116G01013,
VARDMNPOLY,EQ,34.5,35.0,34.35,34.7,34.95,34.7,42342,1467477.5,31-OCT-2017,288,INE835A01011,
VASCONEQ,EQ,36.1,36.65,35.5,35.8,35.8,36.1,217985,7827841.75,31-OCT-2017,837,INE893I01013,
VASWANI,EQ,15.0,15.65,14.65,15.5,15.2,14.95,64327,977788.5,31-OCT-2017,153,INE590L01019,
VBL,EQ,497.0,506.0,497.0,503.2,505.0,500.9,6411,3221407.05,31-OCT-2017,449,INE200M01013,
VEDL,EQ,340.35,343.45,330.2,331.85,332.0,340.95,6908967,2314312186.15,31-OCT-2017,81213,INE205A01025,
VENKEYS,EQ,2371.0,2428.9,2342.0,2364.8,2363.45,2359.65,109255,260460570.0,31-OCT-2017,8285,INE398A01010,
VENUSREM,EQ,103.55,107.85,102.8,105.6,105.6,103.6,115958,12240161.5,31-OCT-2017,2052,INE411B01019,
VESUVIUS,EQ,1372.7,1376.2,1334.1,1345.55,1335.1,1372.7,3680,4947395.35,31-OCT-2017,546,INE386A01015,
VETO,EQ,204.1,211.25,202.45,206.55,206.25,202.85,251402,52090614.75,31-OCT-2017,2087,INE918N01018,
VGUARD,EQ,215.3,218.45,212.55,214.75,214.25,214.8,795212,171496863.95,31-OCT-2017,8985,INE951I01027,
VHL,EQ,3310.95,3340.0,3279.0,3290.45,3281.0,3310.95,274,903485.8,31-OCT-2017,82,INE701A01023,
VICEROY,EQ,17.1,17.1,16.7,16.95,17.0,16.95,131703,2232337.35,31-OCT-2017,409,INE048C01017,
VIDEOIND,EQ,15.9,16.15,15.75,15.95,16.0,15.9,461899,7344910.85,31-OCT-2017,972,INE703A01011,
VIDHIING,EQ,76.0,76.5,72.8,74.0,74.3,75.7,98720,7415846.75,31-OCT-2017,571,INE632C01026,
VIJAYABANK,EQ,63.5,66.15,63.5,65.95,66.1,64.1,6758229,440007876.9,31-OCT-2017,18484,INE705A01016,
VIJIFIN,EQ,5.7,5.7,5.55,5.7,5.7,5.45,213541,1210892.0,31-OCT-2017,269,INE159N01027,
VIJSHAN,EQ,22.1,22.7,22.1,22.25,22.2,22.45,26381,589412.55,31-OCT-2017,166,INE806F01011,
VIKASECO,EQ,20.3,20.5,19.8,19.95,19.95,19.95,1956520,39195785.8,31-OCT-2017,3428,INE806A01020,
VIMTALABS,EQ,133.0,133.7,130.1,130.6,130.1,132.55,20251,2662059.55,31-OCT-2017,304,INE579C01029,
VINATIORGA,EQ,995.0,1025.0,995.0,1019.9,1020.0,991.3,34608,35258633.65,31-OCT-2017,3511,INE410B01029,
VINDHYATEL,EQ,1306.5,1409.0,1306.5,1370.45,1375.0,1327.65,60900,84226426.9,31-OCT-2017,1826,INE707A01012,
VINYLINDIA,EQ,80.7,83.85,80.35,82.4,82.15,80.65,106075,8741710.4,31-OCT-2017,1053,INE250B01029,
VIPCLOTHNG,EQ,61.65,63.8,60.7,61.1,61.0,61.35,344138,21452851.05,31-OCT-2017,1844,INE450G01024,
VIPIND,EQ,294.9,301.0,287.2,289.2,288.2,292.7,546069,160588521.7,31-OCT-2017,6987,INE054A01027,
VIPULLTD,EQ,84.7,90.0,84.4,88.75,87.2,83.55,805685,70680064.25,31-OCT-2017,2157,INE946H01037,
VISAKAIND,EQ,675.0,678.8,655.0,656.9,655.2,670.15,66706,44263685.2,31-OCT-2017,2593,INE392A01013,
VISASTEEL,BE,23.2,23.2,21.05,21.1,21.1,22.15,92350,1979110.9,31-OCT-2017,244,INE286H01012,
VISHNU,EQ,364.9,416.6,360.1,405.6,407.3,363.55,979637,390224690.3,31-OCT-2017,20473,INE270I01014,
VIVIDHA,EQ,0.95,0.95,0.9,0.9,0.95,0.95,666763,622408.85,31-OCT-2017,164,INE370E01029,
VIVIMEDLAB,EQ,121.0,126.8,120.1,124.85,124.6,121.05,614399,76431687.45,31-OCT-2017,6473,INE526G01021,
VLSFINANCE,EQ,84.7,88.4,84.5,85.95,86.0,84.85,201821,17471129.3,31-OCT-2017,1802,INE709A01018,
VMART,EQ,1439.8,1441.0,1417.0,1438.0,1439.0,1424.0,19213,27534179.05,31-OCT-2017,669,INE665J01013,
VOLTAMP,EQ,1171.9,1180.0,1158.85,1168.1,1167.0,1164.05,5102,5948735.3,31-OCT-2017,437,INE540H01012,
VOLTAS,EQ,558.0,572.2,552.05,567.6,567.65,559.8,1460525,823844472.45,31-OCT-2017,31805,INE226A01021,
VRLLOG,EQ,352.5,359.9,349.1,357.75,359.0,354.7,153311,54308271.8,31-OCT-2017,2789,INE366I01010,
VSSL,EQ,187.75,194.95,183.5,184.9,183.5,185.95,163619,30874983.95,31-OCT-2017,2388,INE050M01012,
VSTIND,EQ,3100.0,3200.0,3100.0,3149.3,3160.0,3120.0,1118,3528832.7,31-OCT-2017,255,INE710A01016,
VSTTILLERS,EQ,2214.05,2233.85,2208.05,2220.75,2208.05,2216.6,2249,4991382.45,31-OCT-2017,377,INE764D01017,
VTL,EQ,1294.0,1329.0,1285.1,1289.7,1287.65,1303.6,15293,19997906.6,31-OCT-2017,1666,INE825A01012,
WABAG,EQ,590.0,599.0,585.2,586.8,586.3,589.6,73605,43285821.6,31-OCT-2017,1710,INE956G01038,
WABCOINDIA,EQ,6260.0,6765.0,6244.0,6362.15,6288.0,6220.4,54309,356042892.8,31-OCT-2017,10220,INE342J01019,
WALCHANNAG,EQ,238.0,246.7,232.2,241.0,240.5,237.65,1088049,262276319.0,31-OCT-2017,12615,INE711A01022,
WANBURY,BE,38.4,38.4,36.5,37.6,37.95,37.1,8366,316282.3,31-OCT-2017,38,INE107F01022,
WEBELSOLAR,EQ,113.6,115.65,112.5,112.95,112.85,113.6,88716,10104156.65,31-OCT-2017,907,INE855C01015,
WEIZFOREX,EQ,831.0,840.0,797.45,814.1,805.0,811.8,6345,5227027.55,31-OCT-2017,710,INE726L01019,
WEIZMANIND,EQ,47.6,51.0,47.5,50.0,49.25,49.3,8986,446353.05,31-OCT-2017,48,INE080A01014,
WELCORP,EQ,145.0,148.0,140.25,146.5,146.95,145.1,392141,57170289.25,31-OCT-2017,4088,INE191B01025,
WELENT,EQ,166.0,168.9,160.2,163.5,162.75,165.6,1336666,218973292.95,31-OCT-2017,8703,INE625G01013,
WELINV,BE,100.1,107.6,100.1,100.75,100.75,102.5,182,18969.5,31-OCT-2017,4,INE389K01018,
WELSPUNIND,EQ,67.25,68.65,66.75,67.0,67.0,66.85,1370738,92428468.65,31-OCT-2017,7685,INE192B01031,
WENDT,EQ,2365.05,2380.0,2365.0,2376.5,2380.0,2380.0,139,329416.3,31-OCT-2017,33,INE274C01019,
WHEELS,EQ,1650.0,1668.6,1601.25,1650.15,1650.0,1650.75,1336,2189028.15,31-OCT-2017,248,INE715A01015,
WHIRLPOOL,EQ,1411.0,1411.0,1360.3,1377.7,1370.0,1398.9,66160,91615101.5,31-OCT-2017,1602,INE716A01013,
WILLAMAGOR,EQ,88.0,88.0,81.15,82.6,82.4,84.05,11814,974792.65,31-OCT-2017,52,INE210A01017,
WINDMACHIN,EQ,66.45,66.5,62.6,63.65,62.7,65.0,49387,3201212.0,31-OCT-2017,498,INE052A01021,
WINSOME,EQ,2.0,2.0,1.95,2.0,1.95,1.95,14334,28087.5,31-OCT-2017,14,INE784B01035,
WIPL,BE,63.9,63.9,59.0,59.05,59.05,62.05,1152,68042.5,31-OCT-2017,9,INE215F01023,
WIPRO,EQ,293.25,296.45,292.7,294.05,294.75,293.25,1082300,318390564.35,31-OCT-2017,14386,INE075A01022,
WOCKPHARMA,EQ,650.95,656.85,641.8,647.0,647.05,646.9,1331497,865384095.8,31-OCT-2017,21014,INE049B01025,
WONDERLA,EQ,365.6,368.8,364.75,367.7,367.5,367.85,10108,3712465.0,31-OCT-2017,621,INE066O01014,
WSI,EQ,8.05,8.15,7.6,8.0,8.15,8.1,34660,275943.9,31-OCT-2017,228,INE100D01014,
WSTCSTPAPR,EQ,188.35,191.0,185.0,186.45,186.75,181.05,220926,41416693.7,31-OCT-2017,2057,INE976A01021,
XCHANGING,EQ,64.85,65.4,62.5,63.15,63.7,64.4,21452,1359464.0,31-OCT-2017,341,INE692G01013,
XLENERGY,BE,2.95,2.95,2.95,2.95,2.95,3.1,1850,5457.5,31-OCT-2017,7,INE183H01011,
XPROINDIA,EQ,48.7,49.9,48.25,49.15,49.15,49.05,5406,266301.05,31-OCT-2017,59,INE445C01015,
YESBANK,EQ,317.5,319.25,311.3,314.25,314.6,314.85,11811133,3732480163.9,31-OCT-2017,130930,INE528G01027,
ZANDUREALT,EQ,1314.3,1360.0,1301.25,1324.45,1322.0,1314.3,2761,3672240.15,31-OCT-2017,433,INE719A01017,
ZEEL,EQ,548.1,548.1,538.65,541.9,543.25,549.0,1913570,1035139131.35,31-OCT-2017,37338,INE256A01028,
ZEELEARN,EQ,45.5,45.85,45.0,45.15,45.1,45.4,270958,12304750.55,31-OCT-2017,1412,INE565L01011,
ZEEMEDIA,EQ,42.45,43.5,42.25,42.65,42.7,42.35,2171396,93207732.6,31-OCT-2017,5275,INE966H01019,
ZENITHEXPO,EQ,52.1,52.1,52.1,52.1,52.1,53.1,1,52.1,31-OCT-2017,1,INE058B01018,
ZENSARTECH,EQ,798.0,810.0,784.0,791.55,787.0,800.85,15522,12424535.0,31-OCT-2017,798,INE520A01019,
ZENTEC,EQ,92.45,92.75,85.4,87.1,86.6,82.5,2500346,220822774.85,31-OCT-2017,16235,INE251B01027,
ZICOM,EQ,21.65,21.65,21.1,21.15,21.1,21.25,69231,1475860.6,31-OCT-2017,324,INE871B01014,
ZODIACLOTH,EQ,232.0,234.0,228.2,230.6,232.5,233.45,10563,2440620.65,31-OCT-2017,156,INE206B01013,
ZODJRDMKJ,BE,41.1,43.25,41.1,42.95,43.25,41.2,446,18696.85,31-OCT-2017,10,INE077B01018,
ZUARI,EQ,646.0,662.45,630.0,638.95,637.55,646.7,340055,219990912.1,31-OCT-2017,10016,INE840M01016,
ZUARIGLOB,EQ,196.0,205.5,192.0,201.65,202.0,196.0,376071,75682055.5,31-OCT-2017,6238,INE217A01012,
ZYDUSWELL,EQ,919.1,925.0,891.5,911.45,909.85,919.1,9367,8449335.2,31-OCT-2017,873,INE768C01010,
ZYLOG,EQ,4.0,4.0,3.9,3.95,3.9,3.85,91253,357323.15,31-OCT-2017,124,INE225I01026,
