SYMBOL,SERIES,OPEN,HIGH,LOW,CLOSE,LAST,PREVCLOSE,TOTTRDQTY,TOTTRDVAL,TIMESTAMP,TOTALTRADES,ISIN,UNNAMED: 13
20MICRONS,EQ,36.9,36.9,35.9,36.6,36.5,36.05,28489,1038133.5,16-FEB-2017,204,INE144J01027,
3IINFOTECH,EQ,5.25,5.35,5.2,5.2,5.2,5.25,2134783,11252761.15,16-FEB-2017,543,INE748C01020,
3MINDIA,EQ,11155.2,11265.45,11140.95,11190.85,11200.0,11130.3,393,4403085.75,16-FEB-2017,183,INE470A01017,
63MOONS,EQ,80.0,80.0,78.0,79.15,78.95,79.2,66003,5223309.25,16-FEB-2017,1960,INE111B01023,
8KMILES,EQ,585.85,598.05,585.85,593.05,596.0,585.85,35832,21245084.05,16-FEB-2017,1501,INE650K01021,
A2ZINFRA,EQ,40.1,40.35,39.2,39.75,39.6,39.7,473994,18831505.15,16-FEB-2017,3726,INE619I01012,
AARTIDRUGS,EQ,608.75,613.0,605.9,611.85,611.5,606.05,7933,4843118.5,16-FEB-2017,316,INE767A01016,
AARTIIND,EQ,771.05,796.35,770.95,792.8,790.0,775.55,15707,12344093.35,16-FEB-2017,1255,INE769A01020,
AARVEEDEN,EQ,73.3,75.8,72.1,74.0,73.65,73.25,18186,1350417.6,16-FEB-2017,210,INE273D01019,
ABAN,EQ,234.15,236.9,230.1,232.9,232.0,232.5,661066,154487972.65,16-FEB-2017,14622,INE421A01028,
ABB,EQ,1176.0,1236.0,1171.0,1227.3,1230.5,1170.4,181387,220695147.8,16-FEB-2017,9979,INE117A01022,
ABBOTINDIA,EQ,4470.0,4470.0,4425.95,4451.45,4455.15,4424.4,726,3226196.25,16-FEB-2017,163,INE358A01014,
ABFRL,EQ,150.5,151.45,149.25,150.0,150.0,149.95,155449,23308697.15,16-FEB-2017,4785,INE647O01011,
ABIRLANUVO,EQ,1456.0,1500.0,1453.45,1493.95,1495.0,1453.25,335804,495233213.2,16-FEB-2017,12523,INE069A01017,
ABMINTLTD,BE,133.25,133.45,133.25,133.45,133.45,127.1,125,16667.0,16-FEB-2017,5,INE251C01017,
ACC,EQ,1447.7,1459.6,1435.35,1455.85,1458.0,1442.9,166282,241373981.9,16-FEB-2017,16444,INE012A01025,
ACCELYA,EQ,1581.0,1609.0,1571.0,1583.0,1586.1,1586.4,974,1548072.5,16-FEB-2017,264,INE793A01012,
ACE,EQ,54.4,56.4,54.15,55.6,55.15,54.25,217846,12065163.3,16-FEB-2017,1001,INE731H01025,
ADANIENT,EQ,92.7,94.5,91.0,94.3,94.25,92.25,3447121,321991303.6,16-FEB-2017,17481,INE423A01024,
ADANIPORTS,EQ,300.0,303.0,294.0,298.6,299.55,299.95,2837571,846743961.35,16-FEB-2017,37356,INE742F01042,
ADANIPOWER,EQ,34.9,35.35,34.35,35.1,35.1,34.65,4118381,144284691.15,16-FEB-2017,6520,INE814H01011,
ADANITRANS,EQ,63.5,64.65,63.25,63.5,63.4,63.45,490998,31397979.6,16-FEB-2017,7859,INE931S01010,
ADFFOODS,EQ,147.7,151.65,147.7,149.8,149.75,147.5,36569,5481110.95,16-FEB-2017,941,INE982B01019,
ADHUNIK,EQ,7.4,7.6,7.1,7.2,7.25,7.35,92824,675537.9,16-FEB-2017,548,INE400H01019,
ADHUNIKIND,EQ,100.3,104.35,99.1,101.95,103.2,101.15,56805,5801386.65,16-FEB-2017,272,INE452L01012,
ADLABS,EQ,74.4,74.8,73.25,74.1,74.2,73.7,237880,17582882.1,16-FEB-2017,3373,INE172N01012,
ADORWELD,EQ,286.0,295.35,286.0,287.05,288.3,287.15,2254,651568.05,16-FEB-2017,162,INE045A01017,
ADSL,BE,31.0,31.4,29.9,30.15,30.25,30.8,29768,900344.85,16-FEB-2017,172,INE102I01027,
ADVANIHOTR,EQ,53.0,53.8,51.0,53.3,53.8,52.25,3469,181521.05,16-FEB-2017,49,INE199C01026,
ADVENZYMES,EQ,1603.95,1638.05,1581.0,1598.95,1599.0,1593.85,180291,288776680.7,16-FEB-2017,8741,INE837H01012,
AEGISCHEM,EQ,192.75,202.25,192.75,198.0,197.0,192.35,485379,96472406.3,16-FEB-2017,6254,INE208C01025,
AFL,EQ,66.5,67.5,65.0,65.55,65.95,65.3,16488,1086851.3,16-FEB-2017,206,INE020G01017,
AGARIND,EQ,395.1,407.0,395.1,404.5,403.0,396.4,11331,4562971.1,16-FEB-2017,319,INE204E01012,
AGCNET,EQ,87.0,87.95,85.3,86.95,86.55,86.9,1617,140547.55,16-FEB-2017,52,INE676A01019,
AGRITECH,EQ,30.05,30.95,28.6,30.85,30.85,30.05,3968,120756.2,16-FEB-2017,37,INE449G01018,
AHLEAST,EQ,220.0,225.0,216.0,218.55,219.9,219.95,2736,601273.0,16-FEB-2017,41,INE926K01017,
AHLUCONT,EQ,296.5,298.0,290.2,297.05,297.0,296.15,4652,1379649.15,16-FEB-2017,230,INE758C01029,
AHLWEST,EQ,210.0,212.95,210.0,211.95,212.95,208.85,5,1057.85,16-FEB-2017,5,INE915K01010,
AIAENG,EQ,1460.0,1581.9,1438.85,1549.9,1545.0,1450.55,302358,458188738.8,16-FEB-2017,14760,INE212H01026,
AIFL,EQ,399.95,412.0,398.0,409.1,407.8,397.95,66265,26961134.7,16-FEB-2017,1271,INE428O01016,
AJANTPHARM,EQ,1750.0,1774.9,1723.9,1764.15,1760.0,1754.5,160983,282147781.65,16-FEB-2017,12378,INE031B01049,
AJMERA,EQ,174.35,186.5,173.0,181.9,181.8,174.15,574871,104747388.55,16-FEB-2017,9927,INE298G01027,
AKSHOPTFBR,EQ,22.4,23.1,22.25,22.9,22.85,22.6,1424194,32410072.05,16-FEB-2017,2995,INE523B01011,
AKZOINDIA,EQ,1484.8,1491.0,1469.95,1478.05,1472.4,1495.25,3125,4619785.3,16-FEB-2017,489,INE133A01011,
ALANKIT,EQ,29.35,30.3,29.0,29.05,29.05,29.15,1122175,32678660.9,16-FEB-2017,1854,INE914E01040,
ALBERTDAVD,EQ,336.55,349.0,336.55,341.4,342.75,339.5,2330,800444.95,16-FEB-2017,112,INE155C01010,
ALBK,EQ,70.25,71.65,69.65,70.7,70.75,70.3,3422361,241865673.4,16-FEB-2017,11924,INE428A01015,
ALCHEM,EQ,22.35,22.35,21.4,22.05,22.0,21.8,13383,291369.35,16-FEB-2017,66,INE964B01033,
ALEMBICLTD,EQ,37.7,38.5,36.7,37.65,37.7,37.25,168745,6356930.2,16-FEB-2017,897,INE426A01027,
ALICON,EQ,370.45,376.0,363.25,370.75,369.0,369.8,2577,957925.9,16-FEB-2017,142,INE062D01024,
ALKALI,EQ,77.0,78.5,75.7,77.45,77.3,76.4,14057,1079489.6,16-FEB-2017,129,INE773I01017,
ALKEM,EQ,1979.0,2024.0,1933.85,2010.2,2004.0,1977.0,72835,145044488.95,16-FEB-2017,6007,INE540L01014,
ALKYLAMINE,EQ,346.0,357.8,340.05,355.55,357.4,340.7,6224,2184547.15,16-FEB-2017,237,INE150B01021,
ALLCARGO,EQ,161.0,163.95,159.75,161.5,161.0,161.05,71401,11571770.55,16-FEB-2017,1195,INE418H01029,
ALLSEC,EQ,422.75,431.9,422.75,426.05,426.0,422.8,10577,4513249.6,16-FEB-2017,212,INE835G01018,
ALMONDZ,EQ,15.9,16.0,14.7,15.5,15.5,15.75,2190,34107.9,16-FEB-2017,23,INE326B01027,
ALOKTEXT,EQ,3.35,3.35,3.3,3.35,3.35,3.3,1174837,3913806.0,16-FEB-2017,378,INE270A01011,
ALPA,BE,41.5,42.0,38.25,42.0,42.0,40.0,39821,1666000.2,16-FEB-2017,159,INE385I01010,
ALPHAGEO,EQ,925.25,950.0,925.25,941.3,943.25,935.9,18167,17072906.55,16-FEB-2017,939,INE137C01018,
ALPSINDUS,EQ,7.0,7.5,7.0,7.45,7.4,7.05,59904,445033.0,16-FEB-2017,127,INE093B01015,
AMARAJABAT,EQ,854.9,854.9,831.5,849.5,850.5,848.5,721324,609447600.35,16-FEB-2017,32292,INE885A01032,
AMBIKCO,EQ,1124.0,1149.5,1104.1,1142.75,1149.5,1126.05,4311,4873630.9,16-FEB-2017,441,INE540G01014,
AMBUJACEM,EQ,232.85,236.85,232.85,235.65,235.95,235.05,1253416,294842528.55,16-FEB-2017,15593,INE079A01024,
AMDIND,EQ,28.0,28.0,27.0,28.0,27.55,26.95,4473,123753.1,16-FEB-2017,57,INE005I01014,
AMRUTANJAN,EQ,565.0,575.0,564.0,573.2,574.9,565.0,7241,4129566.9,16-FEB-2017,621,INE098F01023,
AMTEKAUTO,EQ,34.9,34.9,33.8,34.05,34.15,34.5,1243525,42364766.25,16-FEB-2017,5634,INE130C01021,
AMTL,EQ,24.4,24.9,23.6,24.2,24.0,23.9,16483,398553.9,16-FEB-2017,37,INE436N01029,
ANANTRAJ,EQ,43.55,44.95,43.0,44.8,44.85,43.75,458979,20350678.95,16-FEB-2017,2872,INE242C01024,
ANDHRABANK,EQ,53.4,54.0,52.7,53.85,53.8,53.55,1934642,103669946.75,16-FEB-2017,6168,INE434A01013,
ANDHRACEMT,BE,10.7,11.25,10.25,11.2,11.25,10.75,240805,2594238.4,16-FEB-2017,449,INE666E01012,
ANDHRSUGAR,EQ,269.5,271.9,264.2,266.85,268.5,268.3,74966,20041455.9,16-FEB-2017,1693,INE715B01013,
ANGIND,EQ,10.65,10.9,10.65,10.9,10.9,10.65,7895,85125.55,16-FEB-2017,47,INE017D01010,
ANIKINDS,BE,26.0,26.0,25.1,26.0,26.0,26.25,417,10489.2,16-FEB-2017,3,INE087B01017,
ANKITMETAL,EQ,1.9,2.0,1.85,2.0,2.0,1.95,147929,284568.65,16-FEB-2017,117,INE106I01010,
ANSALAPI,EQ,14.9,15.0,14.7,14.9,15.0,14.85,166014,2464889.6,16-FEB-2017,316,INE436A01026,
ANSALHSG,EQ,23.05,23.9,22.95,23.15,23.2,23.3,36623,849242.05,16-FEB-2017,274,INE880B01015,
ANTGRAPHIC,BE,1.55,1.55,1.5,1.5,1.5,1.55,8565,13147.5,16-FEB-2017,10,INE414B01021,
APARINDS,EQ,729.75,734.4,712.1,725.8,722.45,723.95,15240,11083089.7,16-FEB-2017,3544,INE372A01015,
APCOTEXIND,EQ,319.35,329.4,315.95,319.65,321.0,319.35,3974,1273577.85,16-FEB-2017,244,INE116A01024,
APLAPOLLO,EQ,1112.65,1112.65,1070.1,1098.9,1095.05,1101.05,17921,19616152.65,16-FEB-2017,1118,INE702C01019,
APLLTD,EQ,546.0,551.95,539.4,549.7,551.75,545.4,30285,16499299.85,16-FEB-2017,2327,INE901L01018,
APOLLOHOSP,EQ,1230.0,1258.9,1220.3,1255.45,1253.1,1231.6,148914,185525014.6,16-FEB-2017,10428,INE437A01024,
APOLLOTYRE,EQ,174.3,179.7,171.6,178.9,179.05,174.2,4054456,711614181.75,16-FEB-2017,29189,INE438A01022,
APOLSINHOT,BE,601.55,601.55,601.55,601.55,601.55,572.95,1106,665314.3,16-FEB-2017,20,INE451F01016,
APTECHT,EQ,226.0,235.95,226.0,233.5,233.5,226.05,871211,201624976.65,16-FEB-2017,11851,INE266F01018,
ARCHIDPLY,EQ,61.25,62.9,60.55,61.3,61.65,62.15,66583,4117833.4,16-FEB-2017,504,INE877I01016,
ARCHIES,EQ,23.35,23.35,22.75,23.0,23.15,22.85,43418,997526.75,16-FEB-2017,228,INE731A01020,
ARCOTECH,EQ,637.0,649.7,620.0,634.95,631.0,631.5,301900,191267677.95,16-FEB-2017,3006,INE574I01027,
ARIES,EQ,159.4,164.8,156.65,162.35,163.0,156.55,98548,15844249.1,16-FEB-2017,2101,INE298I01015,
ARMANFIN,EQ,220.8,224.0,217.55,221.6,224.0,218.55,11910,2640723.05,16-FEB-2017,267,INE109C01017,
AROGRANITE,EQ,71.0,76.0,69.4,73.6,73.3,71.1,124308,9190448.6,16-FEB-2017,1471,INE210C01013,
ARROWGREEN,EQ,478.0,498.9,443.0,485.4,481.2,462.2,35984,17188003.25,16-FEB-2017,1486,INE570D01018,
ARROWTEX,EQ,44.0,45.8,44.0,45.6,45.5,44.4,31719,1440127.7,16-FEB-2017,242,INE933J01015,
ARSHIYA,EQ,47.35,50.0,47.35,49.15,49.2,47.7,50248,2449737.1,16-FEB-2017,483,INE968D01022,
ARSSINFRA,EQ,62.55,64.0,62.3,63.05,63.0,62.85,88101,5562198.75,16-FEB-2017,1612,INE267I01010,
ARVIND,EQ,368.0,377.3,367.6,376.45,376.25,368.3,1105362,413165516.65,16-FEB-2017,20167,INE034A01011,
ARVSMART,EQ,69.0,71.8,68.05,70.4,70.15,69.8,10776,757258.0,16-FEB-2017,166,INE034S01021,
ASAHIINDIA,EQ,202.0,203.9,197.1,202.9,201.75,203.05,20627,4148292.2,16-FEB-2017,486,INE439A01020,
ASAHISONG,EQ,240.9,243.0,235.0,241.6,241.0,239.5,16143,3860862.4,16-FEB-2017,367,INE228I01012,
ASAL,EQ,68.5,70.0,66.6,67.8,67.45,69.2,17017,1152905.1,16-FEB-2017,167,INE900C01027,
ASHAPURMIN,EQ,61.95,65.3,61.1,64.85,64.6,61.3,138806,8882259.5,16-FEB-2017,1265,INE348A01023,
ASHIANA,EQ,190.0,190.0,181.15,183.45,183.0,186.55,58757,10823779.95,16-FEB-2017,1820,INE365D01021,
ASHIMASYN,EQ,15.25,15.65,14.8,15.1,15.1,15.2,100887,1542897.5,16-FEB-2017,248,INE440A01010,
ASHOKA,EQ,186.0,191.0,185.0,189.55,190.7,186.95,51746,9732276.35,16-FEB-2017,1045,INE442H01029,
ASHOKLEY,EQ,93.5,94.4,92.7,94.25,94.0,93.2,6246431,586094088.25,16-FEB-2017,32234,INE208A01029,
ASIANHOTNR,EQ,104.0,105.9,103.2,103.3,103.3,104.0,367,38341.85,16-FEB-2017,10,INE363A01022,
ASIANPAINT,EQ,985.0,989.55,967.75,969.9,970.45,981.7,932357,908407255.2,16-FEB-2017,33662,INE021A01026,
ASIANTILES,EQ,269.6,274.9,265.1,270.55,270.0,267.4,63738,17197759.05,16-FEB-2017,1739,INE022I01019,
ASPINWALL,BE,211.3,216.5,207.0,213.4,213.0,211.3,10097,2153929.4,16-FEB-2017,53,INE991I01015,
ASSAMCO,BE,6.35,6.55,6.15,6.3,6.35,6.35,86033,545116.15,16-FEB-2017,152,INE442A01024,
ASTEC,EQ,586.0,595.5,585.75,587.5,587.0,587.7,29259,17265892.45,16-FEB-2017,1139,INE563J01010,
ASTRAL,EQ,450.0,450.3,445.1,449.3,449.3,449.25,31353,14068625.3,16-FEB-2017,2028,INE006I01046,
ASTRAMICRO,EQ,110.45,113.5,110.45,113.0,113.0,110.4,212517,23801974.6,16-FEB-2017,2491,INE386C01029,
ASTRAZEN,EQ,932.0,932.0,911.25,915.35,914.1,916.35,3210,2943101.9,16-FEB-2017,423,INE203A01020,
ATFL,EQ,521.5,537.0,516.0,524.85,524.9,522.8,5866,3076892.6,16-FEB-2017,476,INE209A01019,
ATLANTA,EQ,81.7,82.5,79.3,81.0,81.0,81.35,382348,31061650.45,16-FEB-2017,5211,INE285H01022,
ATLASCYCLE,BE,399.0,412.7,380.0,412.7,412.7,393.05,8238,3308889.4,16-FEB-2017,336,INE446A01017,
ATUL,EQ,2220.0,2263.9,2155.15,2227.35,2228.0,2219.9,14452,32158389.15,16-FEB-2017,1669,INE100A01010,
ATULAUTO,EQ,420.0,421.0,414.0,416.55,417.05,419.8,20520,8578367.05,16-FEB-2017,681,INE951D01028,
AURIONPRO,EQ,123.8,126.0,123.05,124.4,124.2,123.8,22487,2806370.2,16-FEB-2017,382,INE132H01018,
AUROPHARMA,EQ,638.0,663.45,628.25,657.15,662.05,636.0,4131933,2671101230.05,16-FEB-2017,122318,INE406A01037,
AUSOMENT,EQ,25.0,26.8,24.6,26.75,26.8,25.7,3116,81026.3,16-FEB-2017,18,INE218C01016,
AUSTRAL,EQ,0.3,0.3,0.3,0.3,0.3,0.3,9486,2845.8,16-FEB-2017,8,INE455J01027,
AUTOAXLES,EQ,659.0,659.0,636.0,643.0,640.75,656.4,5608,3604572.2,16-FEB-2017,477,INE449A01011,
AUTOIND,EQ,52.0,52.2,51.0,51.3,51.45,51.55,12153,626087.45,16-FEB-2017,154,INE718H01014,
AUTOLITIND,EQ,51.1,52.8,50.5,51.15,51.0,51.7,6493,333985.9,16-FEB-2017,62,INE448A01013,
AVANTIFEED,EQ,587.7,600.0,585.7,599.05,595.05,582.25,40439,24103907.2,16-FEB-2017,4081,INE871C01020,
AVTNPL,EQ,36.55,37.4,36.4,36.95,36.95,36.9,53996,1990783.65,16-FEB-2017,396,INE488D01021,
AXISBANK,EQ,487.7,494.35,486.55,493.15,493.2,488.2,5218900,2561780032.7,16-FEB-2017,71174,INE238A01034,
AXISCADES,EQ,160.7,165.15,160.1,163.35,163.4,159.6,66129,10779244.6,16-FEB-2017,1800,INE555B01013,
AXISGOLD,EQ,2611.0,2629.0,2606.0,2615.3,2618.0,2610.0,47,122762.2,16-FEB-2017,18,INF846K01347,
AYMSYNTEX,EQ,76.7,82.0,76.7,81.15,81.55,76.9,53061,4269032.0,16-FEB-2017,641,INE193B01039,
BAFNAPHARM,EQ,30.1,31.0,29.8,30.35,30.6,30.15,14593,444004.35,16-FEB-2017,105,INE878I01014,
BAGFILMS,EQ,4.4,4.45,4.1,4.4,4.4,4.35,217584,937778.4,16-FEB-2017,234,INE116D01028,
BAJAJ-AUTO,EQ,2799.0,2799.0,2765.0,2783.65,2783.0,2789.6,235740,655010142.8,16-FEB-2017,19624,INE917I01010,
BAJAJCORP,EQ,368.0,373.45,365.0,371.65,372.0,369.0,97069,35779214.9,16-FEB-2017,1397,INE933K01021,
BAJAJELEC,EQ,251.0,257.65,251.0,255.3,255.1,251.1,40910,10408713.5,16-FEB-2017,1226,INE193E01025,
BAJAJFINSV,EQ,3628.35,3679.0,3628.35,3671.2,3667.0,3628.35,50784,185685121.5,16-FEB-2017,7699,INE918I01018,
BAJAJHIND,EQ,14.45,14.8,14.35,14.55,14.7,14.4,3814236,55635623.7,16-FEB-2017,4191,INE306A01021,
BAJAJHLDNG,EQ,2053.7,2077.4,2030.0,2056.1,2065.75,2037.55,128601,266213224.9,16-FEB-2017,3083,INE118A01012,
BAJFINANCE,EQ,1040.9,1106.0,1035.0,1094.35,1100.0,1040.4,1035007,1110773804.45,16-FEB-2017,29510,INE296A01024,
BALAJITELE,EQ,90.0,92.0,89.55,90.55,90.0,89.8,144635,13160748.45,16-FEB-2017,705,INE794B01026,
BALAMINES,EQ,339.95,340.0,331.6,336.8,339.0,331.6,8672,2910404.0,16-FEB-2017,492,INE050E01027,
BALKRISHNA,EQ,69.9,70.1,68.0,69.05,69.3,68.85,29976,2071440.75,16-FEB-2017,327,INE875R01011,
BALKRISIND,EQ,1160.0,1179.0,1146.05,1168.55,1169.9,1160.6,51809,60315564.65,16-FEB-2017,7664,INE787D01026,
BALLARPUR,EQ,16.0,16.45,16.0,16.4,16.35,16.0,520403,8492741.15,16-FEB-2017,704,INE294A01037,
BALMLAWRIE,EQ,211.0,212.0,207.0,208.0,207.35,211.1,61865,12940350.6,16-FEB-2017,1544,INE164A01016,
BALPHARMA,EQ,90.5,92.2,90.15,90.9,90.5,91.2,35679,3260523.9,16-FEB-2017,198,INE083D01012,
BALRAMCHIN,EQ,152.0,157.5,150.5,156.7,156.0,152.3,648399,100383809.4,16-FEB-2017,5478,INE119A01028,
BANARBEADS,EQ,61.6,75.4,61.55,75.4,75.4,62.85,62437,4614464.85,16-FEB-2017,491,INE655B01011,
BANARISUG,EQ,2150.0,2180.0,2110.05,2138.8,2131.0,2121.95,349,746264.05,16-FEB-2017,97,INE459A01010,
BANCOINDIA,EQ,192.8,195.6,189.05,193.35,193.9,193.05,79700,15253407.35,16-FEB-2017,1952,INE213C01025,
BANG,EQ,49.4,50.9,46.7,49.65,50.0,49.3,298629,14634569.5,16-FEB-2017,1924,INE863I01016,
BANKBARODA,EQ,165.4,167.75,163.65,166.05,166.25,163.2,9141324,1514340801.95,16-FEB-2017,50723,INE028A01039,
BANKBEES,EQ,2035.0,2048.66,2029.0,2043.46,2043.4,2034.36,3180,6494403.35,16-FEB-2017,110,INF732E01078,
BANKINDIA,EQ,124.55,127.25,123.2,125.45,125.3,123.75,4237844,531891557.3,16-FEB-2017,17111,INE084A01016,
BANSWRAS,EQ,142.05,142.85,137.0,139.1,138.7,142.65,15616,2179144.15,16-FEB-2017,250,INE629D01012,
BARTRONICS,BE,16.7,17.0,16.5,16.9,16.75,17.0,45263,764302.65,16-FEB-2017,216,INE855F01034,
BASF,EQ,1195.0,1209.8,1170.15,1203.9,1199.0,1188.5,10294,12321862.9,16-FEB-2017,1195,INE373A01013,
BASML,EQ,287.0,289.8,283.05,285.25,283.05,281.6,190,54486.0,16-FEB-2017,10,INE186H01014,
BATAINDIA,EQ,487.0,499.7,482.85,496.2,493.0,488.05,309800,152749976.5,16-FEB-2017,9569,INE176A01028,
BAYERCROP,EQ,4021.05,4118.0,4014.05,4078.65,4071.15,4030.6,4095,16624788.95,16-FEB-2017,957,INE462A01022,
BBL,EQ,826.1,831.95,813.5,817.65,817.95,820.1,5023,4118337.9,16-FEB-2017,491,INE464A01028,
BBTC,EQ,607.0,615.0,603.05,605.3,606.5,603.0,43828,26622369.35,16-FEB-2017,6651,INE050A01025,
BEARDSELL,EQ,368.3,368.3,342.05,342.05,342.05,360.05,1863,638261.15,16-FEB-2017,61,INE520H01014,
BEDMUTHA,EQ,26.35,29.8,26.35,29.35,29.0,26.35,68834,1971079.5,16-FEB-2017,638,INE844K01012,
BEL,EQ,1528.8,1533.0,1518.0,1526.4,1533.0,1524.55,372177,568061004.15,16-FEB-2017,12277,INE263A01016,
BEML,EQ,1262.0,1291.2,1255.0,1285.0,1290.9,1256.25,296374,376971364.15,16-FEB-2017,11310,INE258A01016,
BEPL,EQ,22.35,22.8,22.35,22.65,22.65,22.5,98916,2242609.25,16-FEB-2017,271,INE922A01025,
BERGEPAINT,EQ,224.9,227.0,223.05,224.1,224.0,222.35,228731,51366374.65,16-FEB-2017,4874,INE463A01038,
BFINVEST,EQ,156.5,160.25,154.0,159.3,158.4,155.2,31937,5046562.3,16-FEB-2017,958,INE878K01010,
BFUTILITIE,EQ,380.9,392.0,374.85,389.6,389.5,380.2,435075,167265669.2,16-FEB-2017,9922,INE243D01012,
BGLOBAL,BE,13.0,13.4,12.75,12.75,12.75,13.4,12557,162987.8,16-FEB-2017,55,INE224M01013,
BGRENERGY,EQ,137.75,142.4,137.0,140.5,140.95,137.35,279364,39216737.85,16-FEB-2017,4206,INE661I01014,
BHAGERIA,EQ,322.7,342.8,317.95,332.9,333.9,322.8,51882,17274427.2,16-FEB-2017,2130,INE354C01027,
BHAGYNAGAR,EQ,21.95,22.35,21.5,21.95,22.0,21.9,17813,386101.3,16-FEB-2017,62,INE458B01028,
BHANDARI,EQ,2.9,3.1,2.9,3.05,3.1,3.05,88402,265873.3,16-FEB-2017,121,INE474E01029,
BHARATFIN,EQ,822.5,839.9,813.0,836.75,837.75,819.85,1855262,1531492734.3,16-FEB-2017,33656,INE180K01011,
BHARATFORG,EQ,1028.0,1091.5,1021.65,1081.1,1081.15,1019.75,1954771,2069414740.85,16-FEB-2017,39738,INE465A01025,
BHARATGEAR,EQ,110.25,114.95,110.25,113.85,113.25,111.2,11395,1290090.7,16-FEB-2017,189,INE561C01019,
BHARATIDIL,BE,15.15,15.45,15.0,15.2,15.3,15.1,7430,112250.05,16-FEB-2017,35,INE673G01013,
BHARATRAS,EQ,2364.8,2364.8,2315.55,2332.75,2330.0,2357.95,492,1150584.2,16-FEB-2017,166,INE838B01013,
BHARATWIRE,BE,101.4,101.9,98.5,99.2,99.55,100.2,108813,10919039.75,16-FEB-2017,293,INE316L01019,
BHARTIARTL,EQ,361.3,368.9,360.3,365.7,365.85,365.3,3650069,1336585769.8,16-FEB-2017,44864,INE397D01024,
BHEL,EQ,152.0,154.05,148.65,153.35,153.1,152.1,5689865,864970077.75,16-FEB-2017,32901,INE257A01026,
BHUSANSTL,EQ,52.85,55.0,52.65,54.7,54.6,52.45,465976,25246586.0,16-FEB-2017,3148,INE824B01021,
BIGBLOC,EQ,64.0,65.0,63.4,64.45,64.5,63.45,29822,1911734.5,16-FEB-2017,344,INE412U01017,
BIL,EQ,472.55,489.0,471.05,471.3,471.05,475.85,14497,6907837.55,16-FEB-2017,545,INE828A01016,
BILPOWER,EQ,1.15,1.2,1.15,1.2,1.2,1.15,5100,5990.0,16-FEB-2017,7,INE952D01018,
BINANIIND,EQ,76.2,76.5,74.75,75.85,75.9,75.45,10355,783432.35,16-FEB-2017,338,INE071A01013,
BINDALAGRO,EQ,25.0,25.95,25.0,25.85,25.8,25.35,34461,883109.2,16-FEB-2017,207,INE143A01010,
BIOCON,EQ,1053.05,1099.45,1052.2,1095.3,1094.0,1058.7,522318,561586001.95,16-FEB-2017,14780,INE376G01013,
BIRLACABLE,EQ,39.8,40.8,39.0,40.25,40.6,38.7,18782,750437.6,16-FEB-2017,118,INE800A01015,
BIRLACORPN,EQ,697.05,710.0,696.1,706.55,707.0,710.0,45878,32295937.65,16-FEB-2017,1525,INE340A01012,
BIRLACOT,BE,0.05,0.1,0.05,0.1,0.1,0.1,1543765,129223.5,16-FEB-2017,95,INE655I01024,
BIRLAMONEY,EQ,29.6,29.9,28.6,29.75,29.8,29.6,34738,1011571.55,16-FEB-2017,149,INE865C01022,
BLBLIMITED,EQ,5.7,6.25,5.55,6.05,6.05,5.75,2040,12073.85,16-FEB-2017,17,INE791A01024,
BLISSGVS,EQ,147.0,151.5,144.4,150.5,151.0,144.15,196777,29189962.25,16-FEB-2017,3078,INE416D01022,
BLKASHYAP,EQ,21.35,21.55,19.85,20.4,20.35,20.65,444674,9067129.25,16-FEB-2017,1213,INE350H01032,
BLS,EQ,1818.05,1839.95,1810.0,1824.4,1827.0,1833.9,24707,44954930.6,16-FEB-2017,667,INE153T01019,
BLUEBLENDS,EQ,52.45,53.8,52.4,53.25,53.25,52.7,32043,1714958.2,16-FEB-2017,23,INE113O01014,
BLUECHIP,BE,0.35,0.35,0.35,0.35,0.35,0.4,150,52.5,16-FEB-2017,2,INE657B01025,
BLUECOAST,EQ,123.5,123.5,123.5,123.5,123.5,117.65,40,4940.0,16-FEB-2017,1,INE472B01011,
BLUEDART,EQ,4183.8,4195.75,4160.65,4176.9,4174.0,4177.85,2407,10057135.0,16-FEB-2017,920,INE233B01017,
BLUESTARCO,EQ,555.9,584.4,551.05,570.2,567.0,560.1,87407,49840025.45,16-FEB-2017,3899,INE472A01039,
BODALCHEM,EQ,131.7,133.9,131.0,132.75,132.5,130.9,285830,37801857.45,16-FEB-2017,2572,INE338D01028,
BOMDYEING,EQ,55.8,57.75,54.9,57.15,57.2,55.7,740745,42010590.35,16-FEB-2017,4371,INE032A01023,
BOSCHLTD,EQ,22267.8,22267.8,21750.4,21825.7,21879.95,22096.2,15828,347501536.65,16-FEB-2017,6884,INE323A01026,
BPCL,EQ,670.55,677.15,662.0,669.4,669.25,674.7,3426844,2288607922.85,16-FEB-2017,75698,INE029A01011,
BPL,EQ,59.4,61.8,59.4,61.15,61.55,59.25,249652,15232134.45,16-FEB-2017,2102,INE110A01019,
BRFL,EQ,155.6,157.0,152.9,154.85,154.45,155.0,120432,18550048.15,16-FEB-2017,847,INE589G01011,
BRIGADE,EQ,159.05,164.85,158.1,161.25,161.95,161.4,12902,2077938.5,16-FEB-2017,819,INE791I01019,
BRITANNIA,EQ,3190.0,3238.4,3182.75,3230.75,3229.0,3194.35,79944,257370605.5,16-FEB-2017,6406,INE216A01022,
BROOKS,EQ,138.9,142.8,137.0,140.5,140.0,137.45,48308,6769573.9,16-FEB-2017,1086,INE650L01011,
BSE,EQ,983.0,987.2,961.0,963.9,962.55,981.7,390176,377724205.45,16-FEB-2017,20836,INE118H01025,
BSELINFRA,EQ,4.0,4.2,4.0,4.1,4.1,4.15,62368,255659.8,16-FEB-2017,72,INE395A01016,
BSL,EQ,77.95,77.95,74.05,76.5,75.6,75.2,2583,197020.3,16-FEB-2017,71,INE594B01012,
BSLGOLDETF,EQ,2744.0,2855.0,2744.0,2800.0,2800.0,2790.0,141,393615.4,16-FEB-2017,22,INF209K01HT2,
BSLIMITED,EQ,2.25,2.25,2.05,2.15,2.15,2.2,3169282,6795929.4,16-FEB-2017,867,INE043K01029,
BSLNIFTY,EQ,94.0,94.0,91.26,91.26,91.26,91.25,21,1971.26,16-FEB-2017,2,INF209K01IR4,
BURNPUR,EQ,14.15,14.15,13.35,13.45,13.4,14.05,1103497,15019543.75,16-FEB-2017,1069,INE817H01014,
BUTTERFLY,EQ,169.0,172.95,168.0,169.9,168.0,167.8,22476,3824147.9,16-FEB-2017,888,INE295F01017,
BVCL,EQ,29.75,30.65,29.0,29.6,29.5,29.1,11856,354378.65,16-FEB-2017,131,INE139I01011,
BYKE,EQ,174.0,199.8,174.0,185.15,185.25,173.5,778112,148659289.55,16-FEB-2017,15057,INE319B01014,
CADILAHC,EQ,359.95,441.0,356.1,429.5,439.8,358.4,8717348,3618319589.0,16-FEB-2017,134762,INE010B01027,
CAIRN,EQ,275.0,288.8,270.1,287.5,287.7,274.8,1873608,526937416.95,16-FEB-2017,20148,INE910H01017,
CALSOFT,EQ,7.4,7.5,7.4,7.5,7.5,7.75,68,505.0,16-FEB-2017,4,INE526B01014,
CAMLINFINE,EQ,98.05,99.65,96.25,97.95,97.8,97.75,190937,18681906.95,16-FEB-2017,3467,INE052I01032,
CANBK,EQ,296.0,298.45,291.45,296.05,297.8,293.35,2620647,773432136.0,16-FEB-2017,23201,INE476A01014,
CANDC,EQ,22.4,22.4,21.0,21.9,21.9,21.35,324784,7105156.4,16-FEB-2017,890,INE874H01015,
CANFINHOME,EQ,2003.9,2025.0,1999.0,2013.1,2008.9,1992.7,82616,166606698.3,16-FEB-2017,5566,INE477A01012,
CANTABIL,EQ,64.0,67.0,63.2,65.3,65.0,64.15,21241,1388089.5,16-FEB-2017,267,INE068L01016,
CAPF,EQ,648.0,681.25,648.0,676.95,680.2,646.05,127957,85427425.15,16-FEB-2017,5080,INE688I01017,
CAPLIPOINT,EQ,389.0,399.0,377.0,393.5,395.05,378.8,29076,11404306.0,16-FEB-2017,1416,INE475E01026,
CAPTRUST,EQ,470.95,483.5,461.05,480.5,483.5,456.1,2251,1066681.0,16-FEB-2017,112,INE707C01018,
CARBORUNIV,EQ,256.0,263.95,255.05,262.05,262.25,257.05,64150,16620113.15,16-FEB-2017,1115,INE120A01034,
CAREERP,EQ,113.15,115.9,106.2,115.05,115.0,114.1,14972,1701928.4,16-FEB-2017,277,INE521J01018,
CARERATING,EQ,1376.0,1380.0,1360.0,1369.75,1364.0,1371.4,15316,21018300.25,16-FEB-2017,679,INE752H01013,
CASTEXTECH,EQ,8.0,8.1,7.9,8.0,8.0,8.0,798371,6388839.75,16-FEB-2017,665,INE068D01021,
CASTROLIND,EQ,412.4,417.9,407.4,416.35,417.75,413.4,544035,224792009.2,16-FEB-2017,12309,INE172A01027,
CCCL,EQ,3.75,3.8,3.65,3.75,3.75,3.75,34205,125950.6,16-FEB-2017,32,INE429I01024,
CCHHL,EQ,12.95,13.3,12.4,12.9,12.7,12.7,62965,796091.95,16-FEB-2017,228,INE652F01027,
CCL,EQ,313.05,318.5,313.05,315.7,316.0,314.85,44062,13930176.4,16-FEB-2017,1165,INE421D01022,
CEATLTD,EQ,1085.65,1135.0,1071.05,1127.35,1127.9,1085.85,1152582,1276928005.75,16-FEB-2017,29935,INE482A01020,
CEBBCO,EQ,13.5,13.85,13.5,13.7,13.65,13.45,30649,420412.75,16-FEB-2017,135,INE209L01016,
CELEBRITY,EQ,11.9,11.9,11.5,11.75,11.6,11.6,134899,1575451.25,16-FEB-2017,120,INE185H01016,
CELESTIAL,EQ,22.0,22.0,21.4,21.55,21.5,21.75,17363,375907.5,16-FEB-2017,56,INE221I01017,
CENTENKA,EQ,302.0,312.0,300.5,308.5,308.7,302.65,23585,7250893.6,16-FEB-2017,686,INE485A01015,
CENTEXT,EQ,5.8,6.1,5.55,6.05,6.1,5.9,53124,313387.25,16-FEB-2017,166,INE281A01026,
CENTRALBK,EQ,86.0,86.3,85.05,85.95,85.5,85.7,145882,12523372.25,16-FEB-2017,1054,INE483A01010,
CENTUM,EQ,604.95,613.95,580.0,603.3,601.05,598.4,9025,5347088.9,16-FEB-2017,693,INE320B01020,
CENTURYPLY,EQ,228.6,230.0,226.6,228.95,230.0,228.6,93076,21236988.35,16-FEB-2017,2286,INE348B01021,
CENTURYTEX,EQ,890.6,925.0,883.3,922.65,923.5,891.15,1125641,1019442773.1,16-FEB-2017,18045,INE055A01016,
CERA,EQ,2523.05,2545.0,2455.0,2464.95,2460.0,2502.0,11909,29680119.25,16-FEB-2017,1181,INE739E01017,
CEREBRAINT,BE,36.0,38.4,36.0,37.95,38.4,36.6,405575,15177969.8,16-FEB-2017,688,INE345B01019,
CESC,EQ,843.0,858.5,842.0,853.6,858.4,847.3,415285,353081890.95,16-FEB-2017,15032,INE486A01013,
CGCL,EQ,41.75,42.7,38.2,39.3,39.6,42.5,168182,6729751.25,16-FEB-2017,983,INE180C01026,
CHAMBLFERT,EQ,80.5,80.7,79.4,80.1,80.05,80.25,672821,53784574.95,16-FEB-2017,3279,INE085A01013,
CHEMFALKAL,EQ,282.05,283.95,276.4,280.8,281.0,282.0,16983,4757642.0,16-FEB-2017,799,INE479E01028,
CHENNPETRO,EQ,359.3,362.8,355.0,360.3,358.9,359.45,437194,156826518.75,16-FEB-2017,8413,INE178A01016,
CHOLAFIN,EQ,992.0,1030.0,992.0,1020.5,1018.0,995.0,41011,41742786.35,16-FEB-2017,3494,INE121A01016,
CHROMATIC,EQ,2.9,2.95,2.85,2.9,2.95,2.85,182940,531379.3,16-FEB-2017,115,INE662C01015,
CIGNITITEC,EQ,390.0,395.0,381.95,385.05,383.5,384.7,39540,15308763.75,16-FEB-2017,1070,INE675C01017,
CIMMCO,EQ,66.2,67.0,65.0,65.5,65.5,65.85,30503,2001426.6,16-FEB-2017,307,INE184C01028,
CINELINE,EQ,79.65,79.65,77.2,78.45,78.45,77.45,29078,2270531.35,16-FEB-2017,229,INE704H01022,
CINEVISTA,BE,7.3,7.65,7.2,7.4,7.45,7.5,18750,137925.0,16-FEB-2017,13,INE039B01026,
CIPLA,EQ,575.0,585.4,574.5,584.6,584.05,574.25,1156826,671245179.15,16-FEB-2017,25246,INE059A01026,
CLNINDIA,EQ,714.0,714.0,699.0,706.5,706.75,713.65,9763,6877910.9,16-FEB-2017,640,INE492A01029,
CMICABLES,EQ,166.85,173.75,161.55,168.7,169.0,164.55,45733,7693223.05,16-FEB-2017,3040,INE981B01011,
CNOVAPETRO,EQ,22.8,22.8,20.7,22.0,22.0,21.55,2239,48702.0,16-FEB-2017,14,INE672K01025,
COALINDIA,EQ,317.5,319.0,315.8,318.3,317.5,319.95,2703863,859667161.3,16-FEB-2017,34642,INE522F01014,
COFFEEDAY,EQ,235.0,241.9,232.5,238.75,239.0,235.5,262400,62455438.8,16-FEB-2017,4599,INE335K01011,
COLPAL,EQ,885.0,912.25,879.95,907.35,906.5,883.15,5167839,4631495715.2,16-FEB-2017,13781,INE259A01022,
COMPINFO,EQ,59.45,61.05,58.05,59.7,59.3,295.9,322666,19279375.15,16-FEB-2017,862,INE070C01029,
COMPUSOFT,EQ,13.2,13.45,12.55,13.0,13.0,12.95,74370,973906.75,16-FEB-2017,178,INE453B01029,
CONCOR,EQ,1228.0,1248.85,1226.05,1233.85,1236.0,1229.65,218970,271205483.75,16-FEB-2017,22530,INE111A01017,
CONSOFINVT,EQ,54.45,54.8,52.2,52.95,52.2,53.75,125915,6725919.55,16-FEB-2017,1095,INE025A01027,
CONTROLPR,EQ,253.0,265.0,252.0,261.2,261.0,254.25,13308,3418802.2,16-FEB-2017,608,INE663B01015,
CORDSCABLE,EQ,78.0,78.0,75.7,76.25,76.2,75.15,15859,1212241.0,16-FEB-2017,153,INE792I01017,
COROMANDEL,EQ,345.0,347.5,340.6,344.45,344.5,343.25,88046,30296057.5,16-FEB-2017,2727,INE169A01031,
CORPBANK,EQ,46.75,47.6,46.3,46.7,47.15,46.65,1195265,56267614.9,16-FEB-2017,3490,INE112A01023,
COSMOFILMS,EQ,358.1,361.0,355.0,358.0,360.0,358.7,35419,12659292.05,16-FEB-2017,2168,INE757A01017,
COUNCODOS,EQ,3.9,4.0,3.8,3.8,3.8,3.85,8204,31581.25,16-FEB-2017,14,INE695B01025,
COX&KINGS,EQ,193.15,194.75,187.5,191.75,192.0,193.5,384549,73339871.05,16-FEB-2017,2847,INE008I01026,
CPSEETF,EQ,28.0,28.25,27.33,27.67,27.67,27.48,2726240,75256097.37,16-FEB-2017,2009,INF457M01133,
CREST,EQ,114.5,119.55,113.95,118.5,117.3,119.9,6120,709858.9,16-FEB-2017,128,INE559D01011,
CRISIL,EQ,2067.9,2073.95,2040.1,2060.4,2065.0,2051.35,4678,9631356.15,16-FEB-2017,1406,INE007A01025,
CRMFGETF,EQ,2755.0,2775.0,2755.0,2775.0,2775.0,2752.0,100,276725.0,16-FEB-2017,7,INF760K01BR1,
CROMPGREAV,EQ,64.8,66.5,64.1,66.25,66.5,64.9,2209460,144280839.75,16-FEB-2017,9784,INE067A01029,
CROMPTON,EQ,191.4,191.4,187.9,189.95,190.0,189.8,999690,189688687.8,16-FEB-2017,17154,INE299U01018,
CTE,EQ,101.0,101.0,98.5,98.5,98.5,100.5,7470,736164.0,16-FEB-2017,40,INE627H01017,
CUB,EQ,154.95,155.5,151.95,152.6,152.75,155.25,232763,35740130.35,16-FEB-2017,5529,INE491A01021,
CUBEXTUB,BE,12.35,12.35,12.35,12.35,12.35,13.0,1050,12967.5,16-FEB-2017,4,INE144D01012,
CUMMINSIND,EQ,882.9,894.0,880.3,891.2,886.0,884.05,97673,86895945.3,16-FEB-2017,7921,INE298A01020,
CUPID,EQ,300.05,308.0,298.0,306.4,306.0,301.45,18321,5573023.0,16-FEB-2017,813,INE509F01011,
CURATECH,BE,7.2,7.2,7.2,7.2,7.2,6.9,10,72.0,16-FEB-2017,1,INE117B01012,
CYBERTECH,EQ,79.9,80.4,78.6,78.9,78.7,78.85,20827,1651902.7,16-FEB-2017,243,INE214A01019,
CYIENT,EQ,474.0,477.2,465.0,470.1,467.3,465.25,31326,14770756.9,16-FEB-2017,2371,INE136B01020,
DAAWAT,EQ,52.5,55.9,49.2,54.3,54.4,52.2,1593854,84206039.3,16-FEB-2017,12781,INE818H01020,
DABUR,EQ,265.1,266.45,264.1,266.0,265.25,265.1,613746,162709780.75,16-FEB-2017,29281,INE016A01026,
DALMIABHA,EQ,1914.45,1941.05,1900.0,1902.1,1900.0,1913.9,19686,37682927.75,16-FEB-2017,1513,INE439L01019,
DALMIASUG,EQ,161.5,171.95,154.75,169.75,170.9,161.4,582424,96771373.9,16-FEB-2017,7398,INE495A01022,
DAMODARIND,EQ,75.0,77.85,72.15,73.85,73.0,76.85,4741,350867.15,16-FEB-2017,29,INE497D01014,
DATAMATICS,EQ,133.5,142.4,133.0,141.5,142.0,132.8,1145850,159202500.65,16-FEB-2017,16287,INE365B01017,
DBCORP,EQ,377.05,385.0,374.25,377.65,377.0,378.5,10382,3906364.55,16-FEB-2017,314,INE950I01011,
DBL,EQ,259.0,266.75,255.0,262.1,266.0,261.3,82639,21395421.8,16-FEB-2017,2696,INE917M01012,
DBREALTY,EQ,40.0,41.0,40.0,40.55,40.6,40.1,75140,3051199.9,16-FEB-2017,585,INE879I01012,
DBSTOCKBRO,EQ,12.15,12.15,12.15,12.15,12.15,12.35,767,9319.05,16-FEB-2017,13,INE921B01025,
DCBBANK,EQ,132.4,138.7,132.4,138.2,138.4,134.2,1434977,196096825.9,16-FEB-2017,9388,INE503A01015,
DCM,EQ,111.95,112.95,110.25,110.7,111.0,111.3,31099,3463906.25,16-FEB-2017,538,INE498A01018,
DCMSHRIRAM,EQ,275.0,281.0,272.15,274.5,275.05,275.3,62488,17231969.85,16-FEB-2017,3695,INE499A01024,
DCW,EQ,31.45,31.85,30.8,31.5,31.4,31.1,379200,11942726.6,16-FEB-2017,1393,INE500A01029,
DECCANCE,EQ,1026.25,1048.5,1018.0,1035.75,1045.0,1029.75,4305,4447527.8,16-FEB-2017,616,INE583C01013,
DEEPAKFERT,EQ,252.05,252.4,248.5,250.45,251.4,251.5,246524,61783614.6,16-FEB-2017,1476,INE501A01019,
DEEPAKNTR,EQ,99.1,102.5,98.55,102.2,102.15,99.4,59730,6049169.25,16-FEB-2017,991,INE288B01029,
DEEPIND,EQ,304.75,313.9,304.75,311.2,311.7,304.6,91394,28284738.95,16-FEB-2017,2233,INE677H01012,
DELTACORP,EQ,116.0,116.0,112.3,114.6,114.2,116.7,1792285,204568083.5,16-FEB-2017,12484,INE124G01033,
DELTAMAGNT,EQ,37.5,38.0,37.5,37.7,37.7,38.65,678,25572.4,16-FEB-2017,10,INE393A01011,
DEN,EQ,82.25,83.7,81.05,81.7,82.0,82.75,76056,6246101.0,16-FEB-2017,2045,INE947J01015,
DENABANK,EQ,37.5,37.65,36.8,37.15,37.3,37.25,691043,25674605.2,16-FEB-2017,2421,INE077A01010,
DENORA,EQ,219.0,223.75,218.3,219.8,218.5,219.4,3797,837774.9,16-FEB-2017,171,INE244A01016,
DFMFOODS,EQ,1855.15,1912.0,1855.15,1902.75,1905.0,1892.9,218,413437.9,16-FEB-2017,34,INE456C01012,
DHAMPURSUG,EQ,196.45,197.6,188.55,195.2,195.2,196.25,768382,148624618.75,16-FEB-2017,6672,INE041A01016,
DHANBANK,EQ,23.8,24.2,23.8,24.0,24.05,23.7,315551,7572480.75,16-FEB-2017,782,INE680A01011,
DHANUKA,EQ,753.05,770.1,751.0,764.8,767.7,755.95,18495,14151207.95,16-FEB-2017,1367,INE435G01025,
DHARSUGAR,EQ,31.0,32.3,30.65,31.15,31.0,31.35,196553,6141417.15,16-FEB-2017,1086,INE988C01014,
DHFL,EQ,293.95,306.15,286.6,304.6,305.25,294.4,3252642,965183422.75,16-FEB-2017,42819,INE202B01012,
DHUNINV,EQ,169.0,170.05,167.5,169.15,169.05,169.95,129,21855.65,16-FEB-2017,11,INE320L01011,
DIAPOWER,BE,39.0,41.45,37.8,40.2,40.1,39.7,95159,3823815.8,16-FEB-2017,261,INE989C01012,
DICIND,EQ,467.0,469.9,462.0,465.9,467.0,459.05,1036,483950.2,16-FEB-2017,130,INE303A01010,
DIGJAMLTD,EQ,11.95,12.2,11.55,11.75,11.7,11.9,296514,3513951.4,16-FEB-2017,571,INE731U01010,
DISHMAN,EQ,207.1,211.0,203.3,208.55,207.9,208.2,1355509,281747994.4,16-FEB-2017,20781,INE353G01020,
DISHTV,EQ,86.35,88.4,85.3,88.0,88.0,86.25,2448245,213901585.65,16-FEB-2017,12611,INE836F01026,
DIVISLAB,EQ,710.8,734.9,701.0,733.2,734.0,709.5,981043,707926383.25,16-FEB-2017,25474,INE361B01024,
DLF,EQ,137.2,141.7,134.3,140.95,141.3,137.15,11808631,1641982306.75,16-FEB-2017,49409,INE271C01023,
DLINKINDIA,EQ,125.45,130.4,123.0,129.2,128.3,124.75,463884,59535074.2,16-FEB-2017,4735,INE250K01012,
DOLPHINOFF,EQ,125.5,126.9,124.3,125.95,125.95,123.35,90552,11381079.5,16-FEB-2017,1865,INE920A01011,
DONEAR,EQ,67.5,70.4,66.05,69.45,68.6,66.85,715392,49601476.05,16-FEB-2017,1428,INE668D01028,
DPL,EQ,75.0,76.25,74.5,74.8,74.6,74.85,10183,764382.4,16-FEB-2017,160,INE477B01010,
DPSCLTD,EQ,40.5,43.8,40.25,42.0,41.85,40.5,50179,2109752.5,16-FEB-2017,131,INE360C01024,
DQE,EQ,21.75,21.75,20.75,20.85,20.85,21.35,14398,301956.55,16-FEB-2017,83,INE656K01010,
DREDGECORP,EQ,445.0,455.0,440.15,452.15,452.9,443.4,33864,15238045.25,16-FEB-2017,1424,INE506A01018,
DRREDDY,EQ,2914.1,2942.5,2798.95,2923.2,2925.0,2911.35,1367869,3945244678.2,16-FEB-2017,80515,INE089A01023,
DSKULKARNI,EQ,62.5,64.95,62.45,63.35,63.05,62.7,1959,123284.2,16-FEB-2017,42,INE891A01014,
DSSL,EQ,18.3,18.3,17.2,17.2,17.2,17.9,150,2642.2,16-FEB-2017,7,INE417B01040,
DTIL,EQ,283.4,295.0,283.4,291.2,290.0,286.3,4986,1451702.45,16-FEB-2017,107,INE341R01014,
DUCON,EQ,62.45,64.0,59.85,59.9,59.85,62.95,216493,13159562.25,16-FEB-2017,1395,INE741L01018,
DWARKESH,EQ,403.0,415.4,392.25,408.05,407.55,401.4,404312,164059065.35,16-FEB-2017,8415,INE366A01033,
DYNAMATECH,EQ,2939.9,2974.5,2915.15,2958.05,2960.0,2914.05,1178,3481268.2,16-FEB-2017,228,INE221B01012,
EASTSILK,EQ,2.7,2.7,2.7,2.7,2.7,2.8,1600,4320.0,16-FEB-2017,4,INE962C01027,
EASUNREYRL,EQ,26.2,26.2,24.7,25.0,24.85,25.7,39768,1000683.25,16-FEB-2017,173,INE268C01029,
ECEIND,EQ,237.0,240.05,237.0,239.75,237.35,237.7,162,38727.15,16-FEB-2017,11,INE588B01014,
ECLERX,EQ,1399.4,1402.35,1360.5,1364.6,1361.0,1399.4,17878,24623676.7,16-FEB-2017,6130,INE738I01010,
EDELWEISS,EQ,111.95,118.9,111.95,117.5,118.0,111.65,2436956,284830254.5,16-FEB-2017,19685,INE532F01054,
EDL,EQ,55.0,56.15,53.5,54.55,54.5,54.95,114766,6312613.3,16-FEB-2017,741,INE180G01019,
EDUCOMP,EQ,11.2,11.25,11.05,11.1,11.1,11.05,200488,2226998.9,16-FEB-2017,690,INE216H01027,
EICHERMOT,EQ,24675.0,25480.0,24666.6,25331.3,25390.0,24750.45,46688,1174329255.75,16-FEB-2017,19201,INE066A01013,
EIDPARRY,EQ,282.55,284.85,280.0,282.25,282.85,282.7,376165,106088487.5,16-FEB-2017,4817,INE126A01031,
EIHAHOTELS,EQ,304.85,304.85,301.0,302.0,302.0,304.65,644,195903.1,16-FEB-2017,9,INE276C01014,
EIHOTEL,EQ,102.85,103.25,101.35,102.25,102.45,102.9,111773,11422155.7,16-FEB-2017,695,INE230A01023,
EIMCOELECO,BE,450.8,482.2,450.8,482.2,482.2,459.25,6576,3144129.3,16-FEB-2017,80,INE158B01016,
EKC,EQ,33.5,34.5,33.0,34.1,34.1,32.9,243585,8220812.65,16-FEB-2017,1232,INE184H01027,
ELAND,EQ,25.65,25.65,24.15,25.25,25.35,25.05,40734,1020262.35,16-FEB-2017,218,INE311H01018,
ELECON,EQ,53.4,53.45,52.1,52.55,52.65,53.0,138368,7279293.45,16-FEB-2017,1505,INE205B01023,
ELECTCAST,EQ,27.4,28.4,27.4,28.05,28.1,27.7,253840,7082684.2,16-FEB-2017,739,INE086A01029,
ELECTHERM,EQ,185.5,188.0,168.2,186.8,187.0,186.3,15802,2895106.25,16-FEB-2017,248,INE822G01016,
ELGIEQUIP,EQ,204.55,209.5,204.5,208.4,209.5,205.45,57382,11814023.8,16-FEB-2017,1234,INE285A01027,
ELGIRUBCO,EQ,55.2,56.45,52.2,54.25,54.1,53.55,78291,4274365.65,16-FEB-2017,595,INE819L01012,
EMAMIINFRA,EQ,60.8,63.0,60.8,62.25,62.25,61.0,11276,700673.25,16-FEB-2017,90,INE778K01012,
EMAMILTD,EQ,1099.15,1108.5,1074.6,1081.25,1088.0,1095.35,46777,50755404.25,16-FEB-2017,7175,INE548C01032,
EMCO,EQ,28.95,29.4,28.25,29.0,29.0,28.8,140524,4050991.35,16-FEB-2017,579,INE078A01026,
EMKAY,EQ,60.05,64.0,59.7,60.85,61.2,60.3,66425,4107140.85,16-FEB-2017,592,INE296H01011,
EMMBI,EQ,128.0,136.0,128.0,134.5,134.4,128.35,20658,2738579.6,16-FEB-2017,1180,INE753K01015,
ENDURANCE,EQ,667.4,671.4,655.7,661.5,662.0,664.35,23617,15679382.6,16-FEB-2017,1324,INE913H01037,
ENERGYDEV,BE,43.5,47.95,43.45,47.95,47.65,45.7,80355,3773529.1,16-FEB-2017,283,INE306C01019,
ENGINERSIN,EQ,146.15,149.25,145.5,148.35,148.35,145.75,3787636,558063520.7,16-FEB-2017,15276,INE510A01028,
ENIL,EQ,824.0,840.0,803.95,810.35,812.95,812.55,1261,1026857.4,16-FEB-2017,136,INE265F01028,
EON,EQ,60.3,66.5,60.3,64.0,63.85,61.3,83557,5392060.1,16-FEB-2017,646,INE076H01025,
EQ30,EQ,221.1,221.1,221.1,221.1,221.1,221.26,11,2432.1,16-FEB-2017,2,INF754K01EM9,
EQUITAS,EQ,172.9,178.6,169.55,177.25,178.0,172.9,833243,144718827.95,16-FEB-2017,8417,INE988K01017,
EROSMEDIA,EQ,198.25,200.05,189.25,191.8,191.65,199.15,254578,49133000.4,16-FEB-2017,9051,INE416L01017,
ESABINDIA,EQ,587.95,606.4,571.55,590.0,590.0,578.85,1148,680430.15,16-FEB-2017,96,INE284A01012,
ESCORTS,EQ,403.85,411.7,402.4,409.85,409.65,407.6,2401487,980050211.25,16-FEB-2017,43525,INE042A01014,
ESL,EQ,4.65,4.7,4.5,4.6,4.6,4.6,866486,4002943.4,16-FEB-2017,419,INE481K01013,
ESSARSHPNG,EQ,27.2,27.35,26.7,27.0,27.0,26.7,18637,502875.2,16-FEB-2017,74,INE122M01019,
ESSELPACK,EQ,240.1,243.9,237.9,239.35,239.3,240.9,28531,6847949.35,16-FEB-2017,2758,INE255A01020,
ESTER,BE,41.25,41.25,39.0,39.95,40.0,39.35,25825,1026822.95,16-FEB-2017,144,INE778B01029,
EUROCERA,EQ,6.15,6.15,5.95,5.95,5.95,5.9,1060,6336.5,16-FEB-2017,7,INE649H01011,
EUROMULTI,EQ,1.85,1.85,1.85,1.85,1.85,1.8,1202,2223.7,16-FEB-2017,3,INE063J01011,
EUROTEXIND,EQ,30.0,30.85,28.75,30.0,30.0,30.85,1195,36258.8,16-FEB-2017,26,INE022C01012,
EVEREADY,EQ,247.05,251.9,247.05,251.25,251.25,248.5,10311,2575551.4,16-FEB-2017,406,INE128A01029,
EVERESTIND,EQ,188.9,188.9,185.6,187.9,186.7,186.35,3677,689618.2,16-FEB-2017,201,INE295A01018,
EXCEL,EQ,37.0,38.8,37.0,38.15,38.05,37.15,11857,448688.75,16-FEB-2017,146,INE688J01015,
EXCELCROP,EQ,1755.05,1778.95,1730.0,1744.2,1735.1,1769.35,754,1317082.2,16-FEB-2017,110,INE223G01017,
EXCELINDUS,EQ,359.0,370.0,354.1,366.5,366.0,359.95,7222,2617584.15,16-FEB-2017,338,INE369A01029,
EXIDEIND,EQ,208.25,211.1,206.85,210.45,210.3,208.6,1861810,389208702.35,16-FEB-2017,21891,INE302A01020,
FACT,EQ,37.45,38.1,36.8,37.6,37.15,37.0,351419,13174311.0,16-FEB-2017,1269,INE188A01015,
FAGBEARING,EQ,4019.85,4049.9,3972.5,4030.8,4026.0,4002.3,3044,12259445.0,16-FEB-2017,292,INE513A01014,
FAIRCHEM,EQ,478.2,489.0,462.0,477.85,479.0,478.2,12803,6059226.4,16-FEB-2017,320,INE959A01019,
FARMAXIND,EQ,0.15,0.15,0.15,0.15,0.15,0.15,16000,2400.0,16-FEB-2017,6,INE890I01035,
FCL,EQ,30.9,33.7,30.5,33.2,33.2,30.5,404661,13244167.8,16-FEB-2017,1230,INE045J01026,
FCONSUMER,EQ,25.5,26.4,25.4,26.15,26.15,25.35,3109954,80845467.5,16-FEB-2017,5812,INE220J01025,
FCSSOFT,BE,0.35,0.35,0.3,0.3,0.3,0.35,242648,73397.0,16-FEB-2017,37,INE512B01022,
FDC,EQ,210.0,210.9,207.7,209.95,210.0,210.15,29486,6186761.5,16-FEB-2017,1219,INE258B01022,
FEDDERLOYD,EQ,72.95,73.5,72.0,72.55,72.7,72.1,81169,5913969.75,16-FEB-2017,927,INE249C01011,
FEDERALBNK,EQ,80.95,83.4,80.4,82.6,82.65,81.05,5367104,441686110.35,16-FEB-2017,15618,INE171A01029,
FEL,EQ,27.7,28.25,27.3,27.95,28.0,27.35,2102544,58450804.8,16-FEB-2017,4520,INE623B01027,
FELDVR,EQ,26.15,26.5,25.05,26.15,26.3,25.75,52304,1362827.9,16-FEB-2017,313,IN9623B01058,
FIEMIND,EQ,964.0,974.0,940.1,964.9,967.0,956.25,8717,8392268.35,16-FEB-2017,1184,INE737H01014,
FILATEX,EQ,66.65,69.95,66.65,68.65,68.8,68.3,23690,1612478.9,16-FEB-2017,305,INE816B01019,
FINCABLES,EQ,439.0,448.65,435.05,437.45,438.0,438.55,130595,57587468.85,16-FEB-2017,5179,INE235A01022,
FINPIPE,EQ,501.95,510.0,499.7,507.95,509.8,501.95,28734,14534842.65,16-FEB-2017,1209,INE183A01016,
FIRSTWIN,BE,2.95,3.0,2.95,3.0,3.0,3.0,16,47.5,16-FEB-2017,5,INE315J01015,
FLEXITUFF,EQ,211.5,214.5,209.05,210.55,209.4,209.65,10507,2214879.85,16-FEB-2017,137,INE060J01017,
FLFL,EQ,189.0,189.5,180.0,184.05,183.0,185.25,232012,42751163.65,16-FEB-2017,1681,INE452O01016,
FMGOETZE,EQ,475.1,488.7,470.0,483.35,485.0,472.7,3437,1648404.1,16-FEB-2017,676,INE529A01010,
FMNL,EQ,46.0,48.5,44.9,46.8,46.6,45.2,35825,1693714.6,16-FEB-2017,467,INE360L01017,
FORTIS,EQ,193.0,199.8,192.9,198.95,198.8,192.2,1940753,382232172.05,16-FEB-2017,15093,INE061F01013,
FOSECOIND,EQ,1338.35,1361.0,1311.0,1336.55,1330.0,1359.1,685,914711.4,16-FEB-2017,181,INE519A01011,
FRETAIL,EQ,213.0,222.0,206.1,219.5,219.85,211.3,710368,154074094.45,16-FEB-2017,6697,INE752P01024,
FSL,EQ,45.0,45.25,42.65,43.5,43.75,44.1,4865408,213021274.65,16-FEB-2017,9926,INE684F01012,
GABRIEL,EQ,114.8,116.65,113.75,115.15,115.0,113.65,206699,23785643.25,16-FEB-2017,3007,INE524A01029,
GAEL,EQ,115.45,115.9,110.8,114.3,113.65,114.25,72145,8233179.6,16-FEB-2017,1022,INE036B01022,
GAIL,EQ,495.05,505.0,494.5,502.95,503.6,493.85,2609464,1309710976.5,16-FEB-2017,36187,INE129A01019,
GAL,EQ,12.7,12.9,12.4,12.75,12.65,12.7,2013249,25370321.6,16-FEB-2017,2696,INE482J01021,
GALLANTT,EQ,41.9,43.45,41.3,42.9,42.95,41.45,8087,343324.35,16-FEB-2017,199,INE297H01019,
GALLISPAT,EQ,485.1,500.0,484.5,485.0,484.5,485.2,12517,6078627.4,16-FEB-2017,379,INE528K01011,
GAMMNINFRA,EQ,3.7,3.8,3.65,3.7,3.7,3.65,1330124,4939974.2,16-FEB-2017,758,INE181G01025,
GAMMONIND,EQ,12.65,12.8,12.4,12.6,12.65,12.15,809769,10198473.55,16-FEB-2017,2158,INE259B01020,
GANDHITUBE,EQ,320.0,337.0,318.9,334.4,335.85,323.3,12529,4119902.85,16-FEB-2017,405,INE524B01027,
GANECOS,EQ,202.0,208.5,201.25,207.5,208.0,204.0,26745,5537852.55,16-FEB-2017,377,INE845D01014,
GANESHHOUC,EQ,77.95,78.0,75.9,77.4,77.8,77.1,70858,5441266.5,16-FEB-2017,925,INE460C01014,
GANGOTRI,BE,0.75,0.75,0.75,0.75,0.75,0.8,600,450.0,16-FEB-2017,1,INE670B01028,
GARDENSILK,EQ,30.25,30.35,29.5,30.1,30.1,29.65,24909,748607.15,16-FEB-2017,166,INE526A01016,
GARWALLROP,EQ,603.95,624.9,592.0,618.15,624.9,607.75,9855,6033904.25,16-FEB-2017,587,INE276A01018,
GATI,EQ,119.75,121.6,118.9,120.85,120.55,119.7,328503,39510789.05,16-FEB-2017,5579,INE152B01027,
GAYAPROJ,EQ,142.9,144.9,140.1,141.8,142.0,140.9,769487,108751155.7,16-FEB-2017,1321,INE336H01023,
GDL,EQ,256.2,260.0,254.0,258.5,258.0,257.5,98773,25235749.95,16-FEB-2017,1022,INE852F01015,
GEECEE,EQ,125.0,129.5,123.0,127.4,127.0,124.75,24909,3163255.15,16-FEB-2017,526,INE916G01016,
GEMINI,EQ,1.9,1.95,1.85,1.85,1.85,1.9,35445,66650.65,16-FEB-2017,27,INE878C01033,
GENESYS,EQ,150.95,156.0,150.15,154.0,153.5,147.35,33811,5218354.25,16-FEB-2017,672,INE727B01026,
GENUSPAPER,EQ,5.2,5.3,5.1,5.15,5.2,5.3,136409,707873.25,16-FEB-2017,140,INE949P01018,
GENUSPOWER,EQ,41.9,42.5,40.45,42.05,42.0,41.1,59781,2491493.4,16-FEB-2017,1078,INE955D01029,
GEOJITBNPP,EQ,40.0,41.4,39.15,40.8,40.7,39.6,175880,7154374.9,16-FEB-2017,1010,INE007B01023,
GEOMETRIC,EQ,256.0,260.85,256.0,260.25,260.85,256.25,57441,14884669.65,16-FEB-2017,860,INE797A01021,
GEPIL,EQ,629.0,629.0,609.95,614.15,613.1,612.9,6177,3796702.35,16-FEB-2017,414,INE878A01011,
GESHIP,EQ,359.7,361.8,352.05,353.75,353.0,358.55,69239,24535311.55,16-FEB-2017,5053,INE017A01032,
GET&D,EQ,296.8,300.75,292.95,295.15,296.0,295.55,39049,11602131.85,16-FEB-2017,1522,INE200A01026,
GHCL,EQ,266.5,271.25,266.1,268.1,268.0,266.7,189834,51034192.45,16-FEB-2017,4053,INE539A01019,
GICHSGFIN,EQ,301.2,309.7,301.2,308.1,309.45,303.1,62814,19237326.3,16-FEB-2017,1657,INE289B01019,
GILLANDERS,EQ,64.85,64.85,62.7,62.7,62.7,62.7,1139,71746.6,16-FEB-2017,25,INE047B01011,
GILLETTE,EQ,4110.0,4139.0,4110.0,4121.8,4120.0,4118.8,7808,32180676.7,16-FEB-2017,870,INE322A01010,
GINNIFILA,EQ,25.6,26.2,25.1,25.85,25.6,25.4,141335,3627946.35,16-FEB-2017,624,INE424C01010,
GIPCL,EQ,106.95,110.5,106.1,107.25,107.1,106.0,130876,14161013.8,16-FEB-2017,1620,INE162A01010,
GITANJALI,EQ,66.35,68.0,65.35,67.4,67.4,66.3,551864,36923204.95,16-FEB-2017,5748,INE346H01014,
GKWLIMITED,EQ,445.0,445.0,421.05,430.15,423.0,429.8,177,74958.55,16-FEB-2017,24,INE528A01020,
GLAXO,EQ,2685.3,2689.8,2657.0,2669.8,2662.0,2689.4,7858,20986409.55,16-FEB-2017,1492,INE159A01016,
GLENMARK,EQ,933.7,938.0,913.0,931.75,930.0,927.5,597300,553482519.7,16-FEB-2017,21140,INE935A01035,
GLFL,BE,2.85,2.85,2.85,2.85,2.85,2.75,2600,7410.0,16-FEB-2017,2,INE540A01017,
GLOBALVECT,EQ,104.7,108.7,104.7,107.3,106.95,105.9,8536,913878.85,16-FEB-2017,160,INE792H01019,
GLOBOFFS,EQ,57.65,58.2,56.5,57.3,57.4,56.65,74433,4257412.4,16-FEB-2017,641,INE446C01013,
GLOBUSSPR,EQ,78.8,84.7,77.8,79.4,79.5,77.15,308930,24565102.8,16-FEB-2017,2908,INE615I01010,
GMBREW,EQ,494.0,511.0,483.25,493.6,492.6,483.9,56270,28022886.4,16-FEB-2017,3167,INE075D01018,
GMDCLTD,EQ,110.75,114.9,110.25,114.25,114.9,110.3,379340,43130781.6,16-FEB-2017,6472,INE131A01031,
GMRINFRA,EQ,13.7,14.15,13.55,14.0,14.15,13.75,7915269,110209655.1,16-FEB-2017,4357,INE776C01039,
GNA,EQ,199.1,204.25,198.95,203.55,204.0,200.0,17233,3489453.6,16-FEB-2017,527,INE934S01014,
GNFC,EQ,251.5,263.8,251.5,260.75,261.0,249.95,508449,132184609.9,16-FEB-2017,7065,INE113A01013,
GOACARBON,EQ,101.55,111.1,100.35,108.15,108.25,100.95,321994,34586580.5,16-FEB-2017,4712,INE426D01013,
GOCLCORP,EQ,338.0,338.0,324.0,330.2,331.0,332.7,19298,6385452.1,16-FEB-2017,409,INE077F01035,
GODFRYPHLP,EQ,1024.05,1038.0,1015.0,1022.95,1024.0,1022.65,34308,35232652.75,16-FEB-2017,2027,INE260B01028,
GODREJCP,EQ,1629.9,1631.45,1581.55,1611.5,1627.5,1616.55,236391,380091482.6,16-FEB-2017,23297,INE102D01028,
GODREJIND,EQ,520.95,522.55,496.75,505.1,506.0,519.7,724031,366307685.95,16-FEB-2017,19173,INE233A01035,
GODREJPROP,EQ,357.05,362.5,355.2,359.75,358.85,355.05,237425,85473916.65,16-FEB-2017,2935,INE484J01027,
GOKEX,EQ,58.0,58.0,56.25,57.25,57.15,57.15,93618,5340437.05,16-FEB-2017,998,INE887G01027,
GOKUL,BE,20.95,21.5,20.5,21.0,20.6,21.4,6483,135654.3,16-FEB-2017,29,INE020J01029,
GOKULAGRO,EQ,21.0,21.0,19.65,19.85,20.1,20.35,31208,626015.8,16-FEB-2017,165,INE314T01025,
GOLDBEES,EQ,2655.15,2677.4,2652.5,2668.35,2670.0,2648.4,13509,35995090.7,16-FEB-2017,1479,INF732E01102,
GOLDENTOBC,EQ,68.1,69.95,68.05,69.0,69.0,68.6,11375,784192.55,16-FEB-2017,117,INE973A01010,
GOLDIAM,EQ,77.0,79.0,75.25,76.75,76.7,76.7,25467,1959983.05,16-FEB-2017,526,INE025B01017,
GOLDINFRA,EQ,40.6,43.9,39.0,43.2,43.0,40.45,375357,15779138.9,16-FEB-2017,949,INE260D01016,
GOLDIWIN,EQ,274.1,277.9,274.1,276.15,276.0,273.0,706,194778.5,16-FEB-2017,48,INF109KB1WF4,
GOLDSHARE,EQ,2640.0,2660.0,2632.15,2651.65,2660.0,2628.9,2202,5822334.3,16-FEB-2017,201,INF789F01059,
GOLDTECH,EQ,7.65,8.15,7.65,8.1,8.1,7.9,1257,9947.4,16-FEB-2017,9,INE805A01014,
GOODLUCK,EQ,82.0,84.0,81.9,82.6,82.55,80.6,50200,4156536.25,16-FEB-2017,1052,INE127I01024,
GPIL,EQ,89.0,93.8,88.0,88.85,88.0,89.35,104763,9451571.5,16-FEB-2017,1134,INE177H01013,
GPPL,EQ,164.2,170.3,163.55,168.6,168.85,165.15,422503,70086855.2,16-FEB-2017,4650,INE517F01014,
GPTINFRA,EQ,245.0,253.75,242.05,249.6,253.75,247.75,5926,1464690.3,16-FEB-2017,68,INE390G01014,
GRANULES,EQ,122.3,128.6,121.0,127.6,127.6,122.3,2479795,310850014.75,16-FEB-2017,16216,INE101D01020,
GRAPHITE,EQ,99.8,100.25,98.25,98.6,98.85,98.8,21163,2089812.95,16-FEB-2017,349,INE371A01025,
GRASIM,EQ,1011.0,1031.9,1005.5,1027.05,1026.95,1006.6,1360420,1388263480.05,16-FEB-2017,50902,INE047A01021,
GRAVITA,EQ,46.05,46.5,45.5,46.0,46.3,45.9,91168,4192440.35,16-FEB-2017,550,INE024L01027,
GREAVESCOT,EQ,139.45,143.55,139.45,143.2,143.5,138.75,446251,63318277.4,16-FEB-2017,4199,INE224A01026,
GREENFIRE,EQ,1.4,1.45,1.35,1.4,1.45,1.45,77874,108299.5,16-FEB-2017,41,INE217G01027,
GREENLAM,EQ,672.1,674.0,659.95,672.05,667.0,652.55,714,479014.1,16-FEB-2017,62,INE544R01013,
GREENPLY,EQ,277.5,291.9,275.0,290.3,290.8,278.65,51643,14769252.5,16-FEB-2017,1054,INE461C01038,
GREENPOWER,EQ,10.5,10.55,10.2,10.35,10.3,10.35,177889,1840111.3,16-FEB-2017,292,INE999K01014,
GRINDWELL,EQ,320.0,326.6,316.3,322.7,322.9,319.0,4094,1315558.75,16-FEB-2017,216,INE536A01023,
GROBTEA,EQ,298.0,309.35,280.25,295.25,295.25,294.65,233,69670.15,16-FEB-2017,19,INE646C01018,
GRPLTD,EQ,1530.0,1581.15,1500.65,1507.7,1500.65,1507.95,122,187072.55,16-FEB-2017,33,INE137I01015,
GRUH,EQ,384.1,389.9,371.15,383.8,383.0,384.1,256376,98334430.0,16-FEB-2017,7527,INE580B01029,
GSCLCEMENT,EQ,26.9,26.9,26.0,26.5,26.55,26.55,16216,428933.35,16-FEB-2017,94,INE542A01039,
GSFC,EQ,108.5,111.65,107.65,110.65,110.5,108.35,652600,71667515.1,16-FEB-2017,4919,INE026A01025,
GSKCONS,EQ,5120.0,5124.9,5026.3,5096.6,5100.0,5104.8,39795,202424008.1,16-FEB-2017,3169,INE264A01014,
GSPL,EQ,163.2,166.3,163.2,165.2,166.0,162.9,145535,23993618.75,16-FEB-2017,1741,INE246F01010,
GSS,EQ,26.2,26.2,24.8,25.05,24.9,25.35,31689,797396.95,16-FEB-2017,175,INE871H01011,
GTL,EQ,16.25,16.8,16.1,16.55,16.55,16.25,59939,990493.75,16-FEB-2017,260,INE043A01012,
GTLINFRA,EQ,4.1,4.2,4.05,4.15,4.15,4.1,469234,1935291.65,16-FEB-2017,318,INE221H01019,
GTNIND,EQ,16.4,16.9,15.85,16.45,16.5,16.7,1889,30923.05,16-FEB-2017,29,INE537A01013,
GTNTEX,EQ,14.0,15.2,14.0,14.95,15.0,14.5,12858,188943.9,16-FEB-2017,81,INE302H01017,
GTOFFSHORE,EQ,22.25,23.0,20.75,21.15,21.05,21.2,821943,18058268.5,16-FEB-2017,4443,INE892H01017,
GUFICBIO,EQ,57.9,59.85,57.45,58.6,59.0,57.9,143447,8427703.25,16-FEB-2017,1675,INE742B01025,
GUJALKALI,EQ,380.1,388.0,378.0,384.2,384.0,379.25,75646,28977285.8,16-FEB-2017,2061,INE186A01019,
GUJAPOLLO,EQ,150.0,154.45,147.0,150.45,150.3,147.65,28051,4238872.75,16-FEB-2017,597,INE826C01016,
GUJFLUORO,EQ,484.1,489.95,484.1,484.8,484.1,485.6,9610,4672693.6,16-FEB-2017,737,INE538A01037,
GUJGASLTD,EQ,615.0,621.0,610.25,617.15,617.9,617.0,17318,10681461.25,16-FEB-2017,801,INE844O01022,
GUJNRECOKE,EQ,2.8,2.85,2.75,2.8,2.8,2.8,2217423,6208592.05,16-FEB-2017,704,INE110D01013,
GUJNREDVR,EQ,2.4,2.4,2.2,2.25,2.25,2.3,53278,119987.0,16-FEB-2017,63,IN9110D01011,
GULFOILLUB,EQ,700.0,706.9,690.0,699.0,695.0,701.4,129622,90035443.0,16-FEB-2017,1740,INE635Q01029,
GULFPETRO,EQ,87.0,88.75,85.1,88.15,88.1,85.8,34466,3011430.4,16-FEB-2017,379,INE586G01017,
GULPOLY,EQ,74.05,74.9,73.2,73.75,74.4,74.15,28951,2142528.3,16-FEB-2017,252,INE255D01024,
GVKPIL,EQ,6.85,6.95,6.7,6.8,6.8,6.8,4935341,33646076.0,16-FEB-2017,2177,INE251H01024,
HANUNG,EQ,5.05,5.05,4.8,4.9,4.95,4.9,42461,206495.5,16-FEB-2017,104,INE648H01013,
HARITASEAT,EQ,709.0,719.85,704.0,713.4,713.95,708.8,954,678277.2,16-FEB-2017,93,INE939D01015,
HARRMALAYA,EQ,83.65,89.35,83.65,86.6,86.35,83.7,415723,36386623.4,16-FEB-2017,4182,INE544A01019,
HATHWAY,EQ,35.0,36.35,33.85,35.85,36.35,35.45,1541590,53372900.3,16-FEB-2017,1921,INE982F01036,
HATSUN,EQ,448.6,452.0,445.0,445.55,446.0,448.1,8269,3702557.35,16-FEB-2017,450,INE473B01035,
HAVELLS,EQ,419.0,434.5,419.0,431.3,434.5,418.9,1276286,546757666.75,16-FEB-2017,19715,INE176B01034,
HBLPOWER,EQ,39.45,39.95,38.5,39.35,39.25,39.2,127386,5011720.45,16-FEB-2017,805,INE292B01021,
HBSTOCK,EQ,17.3,18.65,17.3,18.55,18.2,18.2,1638,30166.3,16-FEB-2017,13,INE550B01014,
HCC,EQ,38.6,39.05,37.85,38.6,38.7,38.6,2827128,108748517.5,16-FEB-2017,8286,INE549A01026,
HCG,EQ,238.7,243.75,238.0,240.8,241.8,236.1,29963,7207387.05,16-FEB-2017,765,INE075I01017,
HCL-INSYS,EQ,53.6,55.15,53.6,54.75,54.7,53.45,1184403,64351488.7,16-FEB-2017,6060,INE236A01020,
HCLTECH,EQ,827.25,846.9,827.25,845.0,844.75,830.3,1720661,1447552616.9,16-FEB-2017,48848,INE860A01027,
HDFC,EQ,1394.15,1403.0,1386.25,1393.55,1393.9,1399.15,2017252,2812574134.95,16-FEB-2017,109427,INE001A01036,
HDFCBANK,EQ,1323.0,1333.0,1320.25,1327.9,1328.25,1322.2,1260925,1674116408.45,16-FEB-2017,32225,INE040A01026,
HDFCMFGETF,EQ,2736.9,2739.0,2716.0,2731.7,2730.0,2702.15,1070,2915207.9,16-FEB-2017,158,INF179K01CN1,
HDFCNIFETF,EQ,885.3,890.56,885.3,889.28,889.28,886.22,443,394106.86,16-FEB-2017,7,INF179KB1KP3,
HDFCSENETF,EQ,2847.1,2847.1,2847.1,2847.1,2847.1,2890.47,250,711775.0,16-FEB-2017,2,INF179KB1KQ1,
HDIL,EQ,63.6,65.5,62.85,64.95,65.0,63.85,12323273,794601443.35,16-FEB-2017,37608,INE191I01012,
HEG,EQ,184.0,191.7,181.05,187.9,188.9,184.95,31555,5933512.85,16-FEB-2017,1387,INE545A01016,
HEIDELBERG,EQ,110.5,113.15,110.05,110.65,110.95,109.85,271960,30179695.1,16-FEB-2017,2630,INE578A01017,
HERCULES,EQ,152.55,156.0,151.4,153.95,154.05,151.5,30863,4742856.05,16-FEB-2017,765,INE688E01024,
HERITGFOOD,EQ,1113.9,1149.3,1106.1,1141.1,1139.95,1109.7,23669,26818896.65,16-FEB-2017,3091,INE978A01019,
HEROMOTOCO,EQ,3110.0,3157.4,3049.2,3124.45,3124.0,3097.85,403866,1250864421.8,16-FEB-2017,37825,INE158A01026,
HESTERBIO,EQ,761.65,766.3,761.0,765.85,766.0,757.9,827,631598.8,16-FEB-2017,75,INE782E01017,
HEXATRADEX,EQ,17.7,18.45,17.6,18.05,17.95,17.95,28236,504975.0,16-FEB-2017,95,INE750M01017,
HEXAWARE,EQ,211.95,217.8,211.25,217.05,217.45,210.2,2027589,434834940.05,16-FEB-2017,21240,INE093A01033,
HFCL,EQ,13.3,13.35,13.15,13.3,13.35,13.25,698468,9280025.35,16-FEB-2017,686,INE548A01028,
HGS,EQ,585.0,604.75,578.0,581.75,582.0,586.15,29558,17363673.85,16-FEB-2017,3568,INE170I01016,
HIGHGROUND,EQ,31.2,34.9,28.45,34.05,33.55,31.2,842323,26514062.7,16-FEB-2017,2328,INE361M01021,
HIKAL,EQ,216.0,224.9,212.95,215.9,217.0,216.7,27857,6048415.8,16-FEB-2017,1210,INE475B01022,
HIL,EQ,639.5,639.5,625.3,634.95,635.0,634.0,4157,2632147.9,16-FEB-2017,238,INE557A01011,
HILTON,EQ,18.45,18.45,17.5,18.1,18.05,17.95,899,16318.25,16-FEB-2017,17,INE788H01017,
HIMATSEIDE,EQ,368.0,372.95,363.0,364.85,363.65,362.0,70934,26111739.85,16-FEB-2017,1453,INE049A01027,
HINDALCO,EQ,184.0,188.8,182.25,187.75,187.5,184.45,10429023,1932296919.9,16-FEB-2017,50674,INE038A01020,
HINDCOMPOS,EQ,1620.0,1620.0,1587.1,1588.3,1588.3,1597.2,419,669295.15,16-FEB-2017,47,INE310C01011,
HINDCOPPER,EQ,67.4,69.15,66.55,68.85,68.75,67.1,903500,61488858.35,16-FEB-2017,5771,INE531E01026,
HINDDORROL,EQ,11.25,11.45,11.0,11.3,11.3,11.3,65210,734527.0,16-FEB-2017,141,INE551A01022,
HINDMOTORS,EQ,10.2,10.75,10.0,10.6,10.5,10.2,1396435,14546312.6,16-FEB-2017,1797,INE253A01025,
HINDNATGLS,EQ,125.0,134.9,121.5,122.6,124.7,120.0,1101,137771.2,16-FEB-2017,39,INE952A01022,
HINDOILEXP,EQ,75.0,78.9,74.65,75.95,75.65,74.65,4522188,345802961.5,16-FEB-2017,23484,INE345A01011,
HINDPETRO,EQ,528.0,536.45,521.0,530.2,531.0,525.15,3388813,1791159402.75,16-FEB-2017,66155,INE094A01015,
HINDSYNTEX,EQ,10.8,12.4,10.8,11.5,11.5,11.9,4230,50095.9,16-FEB-2017,47,INE155B01012,
HINDUJAFO,EQ,37.0,37.0,35.1,36.2,36.0,36.05,10008,362235.05,16-FEB-2017,87,INE291F01016,
HINDUJAVEN,EQ,495.0,519.65,491.1,514.9,519.65,495.9,5976,3046719.9,16-FEB-2017,201,INE353A01023,
HINDUNILVR,EQ,852.0,852.5,844.05,846.1,846.5,850.05,529692,448604286.5,16-FEB-2017,29449,INE030A01027,
HINDZINC,EQ,294.4,303.8,290.95,302.4,301.8,293.15,3166724,941515766.35,16-FEB-2017,38827,INE267A01025,
HIRECT,EQ,80.0,80.0,77.2,79.8,79.8,78.35,4354,344066.3,16-FEB-2017,56,INE835D01023,
HISARMETAL,EQ,39.3,40.0,38.2,39.05,38.2,37.7,3814,151021.5,16-FEB-2017,28,INE598C01011,
HITECHGEAR,EQ,293.1,305.95,293.1,300.3,298.05,293.5,8424,2535852.6,16-FEB-2017,425,INE127B01011,
HITECHPLAS,EQ,151.5,156.5,151.25,155.6,156.0,150.75,25352,3894016.85,16-FEB-2017,528,INE120D01012,
HMT,BE,39.5,40.7,39.0,40.2,40.65,39.8,5306,211818.25,16-FEB-2017,47,INE262A01018,
HMVL,EQ,269.9,271.2,252.55,263.7,263.95,267.2,72421,19000496.25,16-FEB-2017,1933,INE871K01015,
HNGSNGBEES,EQ,2300.0,2330.0,2300.0,2300.0,2300.0,2230.0,50,115183.11,16-FEB-2017,17,INF732E01227,
HOCL,BE,23.3,24.45,23.3,24.45,24.45,23.3,53891,1304615.8,16-FEB-2017,147,INE048A01011,
HONAUT,EQ,9825.05,10000.0,9825.05,9981.9,10000.0,9890.85,337,3354294.65,16-FEB-2017,139,INE671A01010,
HONDAPOWER,EQ,1402.7,1425.0,1392.85,1401.45,1403.0,1399.95,1076,1512273.75,16-FEB-2017,223,INE634A01018,
HOTELEELA,EQ,16.45,16.65,16.3,16.4,16.35,16.5,67824,1116647.8,16-FEB-2017,262,INE102A01024,
HOVS,EQ,143.1,156.0,142.1,152.7,152.55,140.65,508608,77997334.45,16-FEB-2017,7772,INE596H01014,
HPL,EQ,107.0,114.7,107.0,113.4,113.7,113.0,75017,8468517.0,16-FEB-2017,1238,INE495S01016,
HSCL,EQ,44.25,46.0,43.3,45.75,45.6,43.65,784124,35164318.4,16-FEB-2017,2298,INE019C01026,
HSIL,EQ,281.05,291.5,278.4,289.25,290.6,285.35,50076,14243112.3,16-FEB-2017,1905,INE415A01038,
HTMEDIA,EQ,82.65,83.4,80.75,81.95,81.9,82.85,126380,10359515.45,16-FEB-2017,1316,INE501G01024,
HUBTOWN,EQ,93.9,93.9,91.65,92.25,92.1,91.65,1569,144703.35,16-FEB-2017,39,INE703H01016,
IBREALEST,EQ,75.6,77.3,75.3,76.95,77.25,75.4,4733271,361969808.45,16-FEB-2017,15443,INE069I01010,
IBULHSGFIN,EQ,817.0,833.4,814.1,831.8,831.75,816.15,953417,788993653.95,16-FEB-2017,34156,INE148I01020,
IBVENTURES,EQ,31.8,35.0,31.8,34.75,34.6,31.8,11627614,395339312.05,16-FEB-2017,14961,INE274G01010,
IBWSL,EQ,25.05,25.65,24.7,25.5,25.5,25.0,196478,4961293.2,16-FEB-2017,704,INE126M01010,
ICICIBANK,EQ,281.3,281.45,272.85,278.8,279.0,280.75,18416223,5114967476.1,16-FEB-2017,166904,INE090A01021,
ICICIPRULI,EQ,348.55,360.0,348.55,358.8,359.65,349.15,500182,178183234.65,16-FEB-2017,19578,INE726G01019,
ICIL,EQ,165.8,167.25,160.8,164.15,164.5,165.35,544033,89389233.2,16-FEB-2017,6936,INE483B01026,
ICRA,EQ,4030.2,4050.0,4020.1,4036.9,4050.0,4056.05,2792,11271432.8,16-FEB-2017,673,INE725G01011,
ICSA,EQ,3.25,3.35,2.95,3.15,3.1,3.25,193241,591264.3,16-FEB-2017,180,INE306B01029,
IDBI,EQ,81.0,81.9,80.0,80.9,80.8,81.0,3879959,314192515.6,16-FEB-2017,11909,INE008A01015,
IDBIGOLD,EQ,2681.0,2700.0,2680.0,2680.0,2680.0,2675.6,34,91415.25,16-FEB-2017,11,INF397L01554,
IDEA,EQ,107.25,109.3,106.15,107.85,107.5,107.3,7395028,797826956.45,16-FEB-2017,29229,INE669E01016,
IDFC,EQ,52.35,52.9,52.1,52.55,52.7,52.3,6202157,325667081.4,16-FEB-2017,9813,INE043D01016,
IDFCBANK,EQ,61.9,62.1,61.3,61.85,61.9,61.75,2922953,180493753.1,16-FEB-2017,17760,INE092T01019,
IDFNIFTYET,EQ,87.7,88.0,87.25,88.0,88.0,87.78,69,6042.75,16-FEB-2017,4,INF194KA1U07,
IFBAGRO,EQ,435.95,435.95,423.0,429.6,428.5,433.15,1422,609309.5,16-FEB-2017,78,INE076C01018,
IFBIND,EQ,546.0,555.0,540.0,554.7,553.9,551.4,9955,5490483.75,16-FEB-2017,517,INE559A01017,
IFCI,EQ,28.15,28.6,27.85,28.3,28.25,28.15,5140588,145281748.85,16-FEB-2017,8000,INE039A01010,
IFGLREFRAC,EQ,201.55,207.75,200.05,205.8,206.45,199.65,18261,3727162.7,16-FEB-2017,883,INE023B01012,
IGARASHI,EQ,752.25,765.0,750.0,755.75,753.4,753.9,6621,5013048.55,16-FEB-2017,408,INE188B01013,
IGL,EQ,1050.0,1063.3,1045.55,1053.1,1049.35,1050.6,1163774,1228285740.7,16-FEB-2017,30564,INE203G01019,
IGPL,EQ,300.0,306.9,291.6,300.4,300.0,296.8,67443,20295437.95,16-FEB-2017,2187,INE204A01010,
IIFL,EQ,338.0,391.7,338.0,363.7,362.4,339.15,2444877,912391485.35,16-FEB-2017,45927,INE530B01024,
IITL,EQ,74.2,77.25,74.2,77.25,77.25,74.15,210,16161.5,16-FEB-2017,5,INE886A01014,
IL&FSENGG,EQ,52.5,56.65,51.2,55.0,55.4,51.8,657369,36160732.65,16-FEB-2017,4065,INE369I01014,
IL&FSTRANS,EQ,102.3,103.2,100.0,100.85,101.7,102.4,494576,50073944.0,16-FEB-2017,5792,INE975G01012,
IMFA,EQ,717.0,717.0,686.05,694.2,692.0,699.8,14244,10004658.05,16-FEB-2017,851,INE919H01018,
IMPAL,EQ,765.0,769.0,763.0,764.4,763.0,762.95,256,195460.65,16-FEB-2017,18,INE547E01014,
IMPEXFERRO,EQ,2.4,2.4,2.35,2.35,2.35,2.4,3179,7485.05,16-FEB-2017,10,INE691G01015,
INDBANK,EQ,12.9,13.15,12.75,12.95,12.9,12.9,33661,432491.8,16-FEB-2017,85,INE841B01017,
INDHOTEL,EQ,119.4,120.9,117.5,120.3,120.8,119.15,1302939,155184309.25,16-FEB-2017,5990,INE053A01029,
INDIACEM,EQ,152.9,165.2,152.75,164.4,164.5,153.2,6446446,1034895522.0,16-FEB-2017,31442,INE383A01012,
INDIAGLYCO,EQ,162.95,165.0,159.25,162.9,162.45,161.5,117991,19106326.85,16-FEB-2017,2125,INE560A01015,
INDIANB,EQ,278.1,290.8,278.1,289.45,290.0,278.25,358628,102497732.4,16-FEB-2017,9575,INE562A01011,
INDIANCARD,EQ,200.0,200.0,196.0,197.15,196.3,198.4,2118,417973.25,16-FEB-2017,118,INE061A01014,
INDIANHUME,EQ,419.95,428.95,416.35,427.45,427.8,415.45,18198,7731979.9,16-FEB-2017,1955,INE323C01030,
INDIGO,EQ,820.0,825.0,819.5,823.6,822.05,819.75,183828,151379478.9,16-FEB-2017,7609,INE646L01027,
INDLMETER,EQ,89.0,89.8,86.3,87.4,86.3,88.8,191,16964.55,16-FEB-2017,8,INE065B01013,
INDNIPPON,EQ,547.0,549.95,535.0,547.15,544.7,540.05,2125,1160180.1,16-FEB-2017,245,INE092B01017,
INDOCO,EQ,262.0,268.9,258.4,261.65,261.2,262.35,11195,2955817.1,16-FEB-2017,862,INE873D01024,
INDORAMA,EQ,30.85,31.7,30.75,31.35,31.5,31.0,32384,1015007.0,16-FEB-2017,179,INE156A01020,
INDOSOLAR,EQ,7.15,7.15,6.9,6.95,7.0,7.0,278787,1942004.2,16-FEB-2017,400,INE866K01015,
INDOTECH,EQ,208.0,213.5,206.85,212.65,210.9,207.65,10878,2280678.7,16-FEB-2017,110,INE332H01014,
INDOTHAI,EQ,21.5,21.9,21.1,21.15,21.1,21.6,3879,83091.4,16-FEB-2017,22,INE337M01013,
INDOWIND,BE,4.35,4.35,4.15,4.15,4.15,4.35,91379,382930.9,16-FEB-2017,100,INE227G01018,
INDRAMEDCO,EQ,56.1,56.5,55.05,55.3,55.35,55.9,51388,2849560.65,16-FEB-2017,971,INE681B01017,
INDSWFTLAB,EQ,36.0,36.9,35.25,35.8,35.9,36.0,13346,479510.4,16-FEB-2017,181,INE915B01019,
INDSWFTLTD,EQ,5.9,5.9,5.5,5.75,5.7,5.75,24306,135147.3,16-FEB-2017,31,INE788B01028,
INDTERRAIN,EQ,153.0,160.7,149.95,158.25,159.0,151.6,26298,4123492.5,16-FEB-2017,276,INE611L01021,
INDUSINDBK,EQ,1316.45,1330.2,1309.0,1319.5,1322.2,1316.45,754405,993806143.9,16-FEB-2017,16156,INE095A01012,
INEOSSTYRO,EQ,596.4,607.0,591.6,605.2,605.0,598.45,2632,1581228.45,16-FEB-2017,142,INE189B01011,
INFIBEAM,EQ,1355.0,1384.95,1341.35,1368.25,1361.95,1361.4,471432,645137469.0,16-FEB-2017,10900,INE483S01012,
INFINITE,EQ,241.9,253.3,238.75,251.3,251.5,242.4,92653,23082941.95,16-FEB-2017,2128,INE486J01014,
INFOMEDIA,EQ,4.9,5.65,4.9,5.25,5.2,5.35,53428,283225.8,16-FEB-2017,110,INE669A01022,
INFRABEES,EQ,304.57,305.9,303.0,305.75,305.75,306.3,415,126812.8,16-FEB-2017,9,INF732E01268,
INFRATEL,EQ,323.2,323.75,316.7,319.25,318.15,323.75,3318662,1060293060.65,16-FEB-2017,39667,INE121J01017,
INFY,EQ,991.0,1013.9,990.05,1012.1,1012.0,981.8,6407929,6437217884.55,16-FEB-2017,114268,INE009A01021,
INGERRAND,EQ,668.05,684.95,666.0,679.3,680.0,670.7,3618,2448798.2,16-FEB-2017,277,INE177A01018,
INOXLEISUR,EQ,237.95,241.4,235.55,240.05,240.0,237.7,58350,13983748.65,16-FEB-2017,1026,INE312H01016,
INOXWIND,EQ,172.5,176.0,172.0,173.0,174.4,172.05,260389,45218328.4,16-FEB-2017,8000,INE066P01011,
INSECTICID,EQ,556.0,575.0,555.0,558.55,556.3,561.35,38313,21614110.5,16-FEB-2017,1833,INE070I01018,
INTELLECT,EQ,112.05,115.25,112.05,113.9,115.05,111.6,1066309,121188154.3,16-FEB-2017,9312,INE306R01017,
INVENTURE,EQ,17.5,17.7,16.75,17.0,16.75,17.2,41261,715407.35,16-FEB-2017,113,INE878H01016,
IOB,EQ,25.8,27.3,25.5,26.95,27.2,25.6,1658689,43976792.7,16-FEB-2017,2963,INE565A01014,
IOC,EQ,371.05,377.0,366.05,375.95,375.8,369.2,2406188,897547829.6,16-FEB-2017,38435,INE242A01010,
IOLCP,EQ,90.1,94.0,90.05,93.6,92.95,90.75,48835,4538175.95,16-FEB-2017,388,INE485C01011,
IPAPPM,EQ,326.4,329.9,323.0,329.05,329.9,326.5,34694,11345832.2,16-FEB-2017,396,INE435A01028,
IPCALAB,EQ,516.2,524.9,514.05,523.25,524.85,520.4,41729,21721087.5,16-FEB-2017,2641,INE571A01020,
IRB,EQ,225.55,229.45,222.65,228.4,228.45,225.3,964558,218960035.6,16-FEB-2017,9504,INE821I01014,
ISFT,EQ,346.05,359.4,346.0,349.9,347.0,348.85,14472,5099587.9,16-FEB-2017,581,INE566K01011,
ISMTLTD,EQ,11.7,11.7,11.1,11.35,11.3,11.4,96689,1089589.4,16-FEB-2017,261,INE732F01019,
ITC,EQ,270.05,271.5,265.7,266.65,266.3,273.4,10575410,2842198744.2,16-FEB-2017,94805,INE154A01025,
ITDC,EQ,385.05,415.0,383.0,409.15,411.0,386.7,172365,69752904.75,16-FEB-2017,5918,INE353K01014,
ITDCEM,EQ,159.5,162.0,157.5,159.0,159.0,159.4,277305,44154259.1,16-FEB-2017,2070,INE686A01026,
ITI,EQ,43.7,44.05,43.1,43.6,43.65,43.4,224362,9776049.1,16-FEB-2017,3182,INE248A01017,
IVC,EQ,14.1,14.2,13.9,14.05,14.1,13.95,449241,6300431.3,16-FEB-2017,527,INE050B01023,
IVP,EQ,121.75,128.8,121.0,127.25,126.5,122.65,9019,1129201.8,16-FEB-2017,123,INE043C01018,
IVRCLINFRA,EQ,5.3,5.45,5.25,5.35,5.35,5.35,1194488,6368995.5,16-FEB-2017,620,INE875A01025,
IVZINGOLD,EQ,2754.0,2754.0,2754.0,2754.0,2754.0,2700.0,7,19278.0,16-FEB-2017,3,INF205K01361,
IZMO,EQ,49.0,49.1,47.85,48.45,48.5,48.15,37501,1817293.45,16-FEB-2017,451,INE848A01014,
J&KBANK,EQ,68.65,68.95,68.05,68.6,68.6,68.5,369976,25353379.25,16-FEB-2017,6728,INE168A01041,
JAGRAN,EQ,187.5,188.4,186.1,188.0,188.05,187.45,158104,29639947.15,16-FEB-2017,1852,INE199G01027,
JAGSNPHARM,EQ,40.7,41.7,40.0,40.3,40.5,41.0,45619,1856846.4,16-FEB-2017,372,INE048B01027,
JAIBALAJI,EQ,13.1,13.65,12.75,13.1,13.0,13.1,17122,223969.45,16-FEB-2017,44,INE091G01018,
JAICORPLTD,EQ,70.9,71.7,69.6,71.0,71.25,70.7,405443,28703460.45,16-FEB-2017,3907,INE070D01027,
JAMNAAUTO,EQ,197.0,199.05,195.1,197.75,198.0,196.0,85289,16798551.4,16-FEB-2017,3586,INE039C01024,
JAYAGROGN,EQ,590.1,603.0,585.0,599.15,600.0,592.4,29336,17507123.85,16-FEB-2017,1536,INE785A01026,
JAYBARMARU,EQ,345.95,358.9,345.95,354.15,353.45,345.95,31029,10970072.1,16-FEB-2017,1161,INE571B01028,
JAYNECOIND,EQ,8.6,8.75,8.25,8.3,8.25,8.35,9231,77512.5,16-FEB-2017,51,INE854B01010,
JAYSREETEA,EQ,104.4,105.55,103.5,104.6,104.55,103.3,69527,7271302.35,16-FEB-2017,930,INE364A01020,
JBCHEPHARM,EQ,325.0,333.0,325.0,331.8,331.55,324.7,23619,7768108.6,16-FEB-2017,521,INE572A01028,
JBFIND,EQ,241.0,246.25,240.0,243.05,243.1,239.25,87563,21314344.6,16-FEB-2017,2222,INE187A01017,
JBMA,EQ,270.1,281.35,270.0,276.45,275.8,270.75,95059,26338249.7,16-FEB-2017,2360,INE927D01028,
JCHAC,EQ,1329.0,1342.95,1320.15,1335.45,1342.0,1335.1,2717,3620900.3,16-FEB-2017,534,INE782A01015,
JENSONICOL,EQ,7.95,8.45,7.8,8.25,8.25,8.2,23197,188504.15,16-FEB-2017,81,INE819B01021,
JETAIRWAYS,EQ,357.4,365.9,355.6,362.6,365.9,356.9,1140300,409505797.45,16-FEB-2017,13273,INE802G01018,
JHS,EQ,37.25,38.45,36.8,37.3,37.35,37.1,61168,2295183.35,16-FEB-2017,458,INE544H01014,
JINDALPHOT,EQ,80.0,82.0,79.2,79.75,79.4,79.5,7420,601916.5,16-FEB-2017,98,INE796G01012,
JINDALPOLY,EQ,327.2,330.45,324.35,325.75,325.6,328.3,16385,5363658.5,16-FEB-2017,716,INE197D01010,
JINDALSAW,EQ,65.35,68.2,65.35,67.8,67.5,65.5,746682,50064513.8,16-FEB-2017,6350,INE324A01024,
JINDALSTEL,EQ,90.45,94.7,90.45,92.55,92.75,89.75,21297456,1972898173.7,16-FEB-2017,55295,INE749A01030,
JINDCOT,EQ,16.05,16.6,15.8,16.0,15.95,16.1,10084,161467.45,16-FEB-2017,42,INE904J01016,
JINDRILL,EQ,172.5,173.0,168.1,169.8,169.9,166.3,66871,11378825.15,16-FEB-2017,1631,INE742C01031,
JINDWORLD,EQ,173.0,183.9,173.0,181.15,181.0,173.1,813,146801.8,16-FEB-2017,49,INE247D01013,
JISLDVREQS,EQ,60.95,60.95,57.6,58.9,59.0,59.5,99801,5862342.6,16-FEB-2017,588,IN9175A01010,
JISLJALEQS,EQ,94.5,94.9,92.7,93.0,93.15,94.65,5297608,494511771.2,16-FEB-2017,18654,INE175A01038,
JKCEMENT,EQ,824.05,852.0,821.3,846.9,845.1,824.05,30150,25270944.75,16-FEB-2017,990,INE823G01014,
JKIL,EQ,229.0,229.0,222.05,223.05,223.0,226.8,320280,71785773.25,16-FEB-2017,3201,INE576I01022,
JKLAKSHMI,EQ,384.4,391.4,380.0,389.0,388.5,382.0,35628,13741588.0,16-FEB-2017,1368,INE786A01032,
JKPAPER,EQ,92.2,93.7,91.8,92.25,92.3,92.25,240756,22301651.0,16-FEB-2017,1933,INE789E01012,
JKTYRE,EQ,116.5,120.7,113.65,119.5,120.3,116.1,2196513,258296733.9,16-FEB-2017,15266,INE573A01042,
JMA,EQ,202.0,208.0,194.0,201.4,202.0,199.65,1085,218941.3,16-FEB-2017,45,INE412C01015,
JMCPROJECT,EQ,234.9,236.5,230.25,231.95,231.3,233.15,52165,12161558.25,16-FEB-2017,324,INE890A01016,
JMFINANCIL,EQ,77.0,82.25,76.35,81.5,81.4,77.0,3411792,272711635.2,16-FEB-2017,16093,INE780C01023,
JMTAUTOLTD,EQ,16.4,16.45,15.5,15.55,15.5,16.4,958816,15051509.9,16-FEB-2017,1811,INE988E01036,
JOCIL,EQ,165.4,167.8,165.4,166.9,166.9,166.65,2478,413605.95,16-FEB-2017,17,INE839G01010,
JPASSOCIAT,EQ,12.3,13.85,12.25,13.6,13.75,12.05,116009097,1520233402.1,16-FEB-2017,43847,INE455F01025,
JPINFRATEC,EQ,8.85,9.8,8.8,9.65,9.7,8.8,2967544,28103735.05,16-FEB-2017,2734,INE099J01015,
JPOLYINVST,EQ,86.2,86.25,86.2,86.25,86.25,86.15,293,25270.0,16-FEB-2017,7,INE147P01019,
JPPOWER,EQ,5.05,5.4,4.9,5.4,5.4,4.95,7026501,36907512.4,16-FEB-2017,2929,INE351F01018,
JSL,EQ,49.5,51.75,48.95,50.1,50.35,49.0,400691,20115601.95,16-FEB-2017,1610,INE220G01021,
JSLHISAR,EQ,106.0,108.0,104.5,105.25,105.0,105.4,306024,32499921.25,16-FEB-2017,2710,INE455T01018,
JSWENERGY,EQ,60.05,61.5,59.3,61.25,60.85,59.95,2523544,152701171.15,16-FEB-2017,7404,INE121E01018,
JSWHL,EQ,1493.05,1519.9,1485.0,1511.2,1519.8,1494.95,1493,2243689.65,16-FEB-2017,234,INE824G01012,
JSWSTEEL,EQ,184.05,188.0,182.25,187.45,187.8,183.3,2742051,508059527.9,16-FEB-2017,23522,INE019A01038,
JUBILANT,EQ,664.75,699.0,658.2,694.8,698.0,660.2,843128,575031614.75,16-FEB-2017,24369,INE700A01033,
JUBLFOOD,EQ,974.0,983.35,961.0,977.05,975.6,971.75,343726,334599936.55,16-FEB-2017,11701,INE797F01012,
JUBLINDS,EQ,334.55,341.5,332.0,336.45,338.0,330.1,95819,32250522.5,16-FEB-2017,3349,INE645L01011,
JUNIORBEES,EQ,241.0,243.0,237.35,242.11,243.0,239.72,4955,1191446.85,16-FEB-2017,155,INF732E01045,
JUSTDIAL,EQ,430.0,441.0,430.0,438.1,440.5,426.55,1853320,808382000.15,16-FEB-2017,28547,INE599M01018,
JVLAGRO,EQ,20.85,21.1,20.05,20.95,20.95,20.85,30207,627188.55,16-FEB-2017,331,INE430G01026,
JYOTHYLAB,EQ,356.95,365.0,351.05,362.7,361.8,356.25,1125520,401707207.4,16-FEB-2017,3558,INE668F01031,
JYOTISTRUC,EQ,9.25,9.25,9.0,9.05,9.0,9.1,339506,3084980.15,16-FEB-2017,616,INE197A01024,
KABRAEXTRU,EQ,115.0,117.0,112.3,116.2,116.2,114.95,5365,622397.25,16-FEB-2017,24,INE900B01029,
KAJARIACER,EQ,569.95,570.0,553.1,564.65,563.1,570.15,165223,93108220.15,16-FEB-2017,12722,INE217B01036,
KAKATCEM,EQ,310.0,321.9,304.3,317.8,317.0,308.45,43533,13767068.35,16-FEB-2017,3189,INE437B01014,
KALPATPOWR,EQ,281.25,285.65,280.0,282.2,282.35,281.25,100614,28487885.6,16-FEB-2017,1825,INE220B01022,
KALYANIFRG,BE,311.0,311.0,305.0,305.0,305.0,311.65,2180,667859.8,16-FEB-2017,30,INE314G01014,
KAMATHOTEL,EQ,35.0,35.4,33.7,34.6,34.9,34.0,10517,361270.7,16-FEB-2017,477,INE967C01018,
KAMDHENU,EQ,89.95,89.95,87.0,88.3,88.35,87.55,31336,2762166.2,16-FEB-2017,306,INE390H01012,
KANANIIND,EQ,14.0,14.5,13.95,14.05,14.2,13.8,13521,190531.85,16-FEB-2017,43,INE879E01037,
KANORICHEM,EQ,70.0,71.25,69.0,70.45,70.7,69.45,21952,1545421.95,16-FEB-2017,235,INE138C01024,
KANSAINER,EQ,345.4,346.1,342.8,344.2,344.5,345.4,36779,12682694.2,16-FEB-2017,1608,INE531A01024,
KARMAENG,EQ,46.75,46.75,45.25,45.25,45.25,47.6,11921,544081.05,16-FEB-2017,107,INE725L01011,
KARURVYSYA,EQ,91.45,92.0,90.5,91.35,92.0,91.4,466850,42531598.1,16-FEB-2017,4215,INE036D01028,
KAUSHALYA,EQ,4.95,5.1,4.75,5.05,4.95,4.7,23888,119619.7,16-FEB-2017,71,INE234I01010,
KAVVERITEL,EQ,12.8,13.4,12.15,12.55,12.7,12.5,1690,21604.6,16-FEB-2017,20,INE641C01019,
KAYA,EQ,790.0,790.0,775.1,789.0,790.0,779.3,2874,2254421.55,16-FEB-2017,210,INE587G01015,
KCP,EQ,100.25,107.5,98.05,106.7,106.35,101.35,551628,57561414.8,16-FEB-2017,3656,INE805C01028,
KCPSUGIND,EQ,39.45,42.7,39.25,41.35,41.55,39.05,1475995,60882798.7,16-FEB-2017,4843,INE790B01024,
KDDL,EQ,174.0,186.95,171.55,184.35,181.2,172.65,8473,1523554.25,16-FEB-2017,362,INE291D01011,
KEC,EQ,160.95,164.9,156.85,163.65,164.2,159.7,255820,41336368.45,16-FEB-2017,4437,INE389H01022,
KECL,EQ,38.7,39.9,38.2,39.2,39.1,38.8,73722,2894293.15,16-FEB-2017,513,INE134B01017,
KEI,EQ,175.0,179.95,174.25,178.4,177.75,173.7,470728,83860396.35,16-FEB-2017,6865,INE878B01027,
KELLTONTEC,EQ,124.0,126.9,121.25,126.0,126.5,120.8,133569,16725887.4,16-FEB-2017,2419,INE164B01022,
KERNEX,BE,35.4,38.4,35.4,37.5,37.5,36.75,8638,320542.8,16-FEB-2017,56,INE202H01019,
KESARENT,EQ,49.0,57.75,49.0,57.75,57.75,48.15,27552,1535087.25,16-FEB-2017,330,INE133B01019,
KESORAMIND,EQ,136.5,138.45,135.35,136.85,137.5,135.45,454458,62240460.95,16-FEB-2017,3512,INE087A01019,
KGL,EQ,1.5,1.5,1.4,1.45,1.45,1.45,1048778,1527629.35,16-FEB-2017,209,INE299C01024,
KHAITANELE,EQ,35.5,36.0,34.75,35.2,35.2,35.0,3457,122853.7,16-FEB-2017,27,INE761A01019,
KHAITANLTD,EQ,10.5,10.5,10.5,10.5,10.5,10.0,400,4200.0,16-FEB-2017,4,INE731C01018,
KHANDSE,EQ,17.5,17.5,16.15,17.35,17.3,16.9,2253,39089.2,16-FEB-2017,6,INE060B01014,
KICL,EQ,1450.5,1530.0,1440.05,1520.25,1515.0,1459.85,1844,2759575.55,16-FEB-2017,212,INE029L01018,
KILITCH,BE,43.5,47.35,43.05,46.85,47.3,45.1,3175,147408.3,16-FEB-2017,38,INE729D01010,
KINGFA,EQ,786.0,800.05,762.0,797.45,800.0,786.8,9386,7326927.2,16-FEB-2017,552,INE473D01015,
KIRIINDUS,EQ,280.6,290.0,280.05,288.8,289.0,281.35,154986,44253882.75,16-FEB-2017,3897,INE415I01015,
KIRLOSBROS,EQ,213.0,232.5,213.0,225.55,225.85,212.75,244237,55620065.65,16-FEB-2017,5272,INE732A01036,
KIRLOSENG,EQ,344.65,352.0,344.6,350.5,350.7,346.0,9504,3305037.8,16-FEB-2017,193,INE146L01010,
KIRLOSIND,EQ,907.0,907.45,900.0,900.2,900.0,891.2,106,95507.45,16-FEB-2017,9,INE250A01039,
KITEX,EQ,421.0,427.7,415.5,420.3,418.5,421.9,8596,3621420.9,16-FEB-2017,529,INE602G01020,
KKCL,EQ,1763.0,1780.0,1745.95,1746.0,1746.0,1759.8,1607,2844084.95,16-FEB-2017,14,INE401H01017,
KMSUGAR,EQ,28.5,30.45,27.5,30.25,30.45,28.65,753700,22517453.1,16-FEB-2017,1696,INE157H01023,
KNRCON,EQ,175.25,182.0,174.6,180.6,178.5,177.0,63092,11305027.4,16-FEB-2017,1251,INE634I01029,
KOHINOOR,EQ,82.5,83.45,80.7,82.2,82.0,82.5,532783,43791655.85,16-FEB-2017,4018,INE080B01012,
KOKUYOCMLN,EQ,82.2,82.2,80.1,81.1,81.0,81.55,30121,2434099.6,16-FEB-2017,280,INE760A01029,
KOLTEPATIL,EQ,101.3,104.85,100.1,103.7,103.95,101.25,156076,16062816.95,16-FEB-2017,3336,INE094I01018,
KOPRAN,EQ,63.9,66.95,63.65,66.6,66.7,63.55,401913,26468371.9,16-FEB-2017,3256,INE082A01010,
KOTAKBANK,EQ,785.0,798.5,780.25,792.5,793.5,784.3,2256205,1788243307.4,16-FEB-2017,35720,INE237A01028,
KOTAKBKETF,EQ,204.6,205.74,204.23,205.2,205.0,204.59,51606,10589201.45,16-FEB-2017,14,INF174K01F59,
KOTAKGOLD,EQ,263.3,264.4,259.2,260.9,261.0,259.25,6302,1641533.3,16-FEB-2017,199,INF373I01049,
KOTAKNIFTY,EQ,883.8,886.31,880.0,885.58,885.05,881.59,8163,7201755.63,16-FEB-2017,104,INF174K01518,
KOTAKPSUBK,EQ,343.0,343.0,333.99,334.99,334.2,334.11,2009,673260.7,16-FEB-2017,59,INF373I01023,
KOTARISUG,EQ,14.95,15.15,14.25,14.5,14.45,14.65,148839,2166908.3,16-FEB-2017,455,INE419A01022,
KOTHARIPET,EQ,22.5,23.0,22.25,22.9,22.95,22.4,11545,262293.65,16-FEB-2017,73,INE720A01015,
KOTHARIPRO,EQ,173.3,177.45,170.35,175.15,174.1,173.3,3418,596928.25,16-FEB-2017,312,INE823A01017,
KPIT,EQ,130.3,132.4,129.15,131.75,131.85,130.3,272797,35854984.8,16-FEB-2017,4177,INE836A01035,
KPRMILL,EQ,572.0,576.0,564.0,573.0,575.0,573.95,11603,6624324.85,16-FEB-2017,555,INE930H01023,
KRBL,EQ,377.95,377.95,370.0,375.35,376.45,373.35,64290,24056188.85,16-FEB-2017,1159,INE001B01026,
KREBSBIO,BE,82.65,82.65,82.65,82.65,82.65,87.0,11,909.15,16-FEB-2017,2,INE268B01013,
KRIDHANINF,EQ,57.0,57.0,55.35,55.9,55.6,56.35,99359,5535712.7,16-FEB-2017,4051,INE524L01026,
KSBPUMPS,EQ,607.0,619.0,607.0,608.2,607.5,609.15,6344,3869304.85,16-FEB-2017,125,INE999A01015,
KSCL,EQ,453.0,465.5,452.1,460.45,461.35,452.8,512246,234931097.55,16-FEB-2017,8749,INE455I01029,
KSERASERA,BE,0.1,0.15,0.1,0.15,0.15,0.1,471390,66750.25,16-FEB-2017,63,INE216D01026,
KSK,EQ,15.7,16.2,15.6,15.65,15.6,15.7,180565,2867656.55,16-FEB-2017,299,INE143H01015,
KSL,EQ,341.6,356.8,341.6,351.85,351.9,345.8,142747,50039223.6,16-FEB-2017,3843,INE907A01026,
KTIL,EQ,203.2,208.0,203.15,205.15,205.0,205.1,1798,368959.8,16-FEB-2017,124,INE096L01025,
KTKBANK,EQ,114.0,115.95,113.25,115.05,115.25,114.45,2433666,279951956.9,16-FEB-2017,39089,INE614B01018,
KWALITY,EQ,143.15,146.0,142.0,143.35,144.0,142.3,463200,66672435.75,16-FEB-2017,4841,INE775B01025,
L&TFH,EQ,110.3,115.0,108.7,114.4,114.2,110.05,7203683,811501459.85,16-FEB-2017,35630,INE498L01015,
LAKPRE,EQ,37.5,39.55,37.0,39.55,39.55,38.95,160,6242.9,16-FEB-2017,10,INE651C01018,
LAKSHMIEFL,EQ,72.5,73.95,70.6,71.05,70.65,71.85,302360,21743021.9,16-FEB-2017,1536,INE992B01026,
LAKSHVILAS,EQ,146.5,151.8,145.0,150.0,149.0,147.05,437658,65436629.75,16-FEB-2017,4047,INE694C01018,
LALPATHLAB,EQ,1004.0,1034.7,985.0,999.25,997.6,999.85,185653,186210060.25,16-FEB-2017,25024,INE600L01024,
LAMBODHARA,EQ,79.1,79.1,77.45,78.75,78.15,78.75,7990,626875.1,16-FEB-2017,178,INE112F01022,
LAOPALA,EQ,476.95,482.0,475.0,477.6,478.0,476.65,8748,4192712.0,16-FEB-2017,1368,INE059D01020,
LAURUSLABS,EQ,509.8,510.1,500.75,503.75,502.65,508.55,229236,116026858.95,16-FEB-2017,4361,INE947Q01010,
LAXMIMACH,EQ,3699.8,3749.0,3685.0,3735.6,3726.0,3699.2,1305,4862505.0,16-FEB-2017,336,INE269B01029,
LCCINFOTEC,EQ,0.2,0.3,0.2,0.3,0.3,0.25,250,60.0,16-FEB-2017,2,INE938A01021,
LFIC,BE,61.0,61.0,61.0,61.0,61.0,58.15,1,61.0,16-FEB-2017,1,INE850E01012,
LGBBROSLTD,EQ,550.0,562.0,541.35,558.95,560.0,549.5,6562,3625559.4,16-FEB-2017,540,INE337A01034,
LGBFORGE,EQ,6.7,6.8,6.55,6.65,6.6,6.65,25513,170154.35,16-FEB-2017,83,INE201J01017,
LIBERTSHOE,EQ,163.9,164.0,160.6,162.4,161.8,162.05,26264,4256900.2,16-FEB-2017,700,INE557B01019,
LICHSGFIN,EQ,550.3,553.65,544.5,549.15,548.0,548.45,2131395,1168098702.3,16-FEB-2017,29977,INE115A01026,
LICNETFGSC,EQ,16.87,16.87,16.21,16.21,16.21,16.87,4619,76285.09,16-FEB-2017,6,INF767K01MV5,
LICNETFN50,EQ,88.8,88.8,88.8,88.8,88.8,88.85,1,88.8,16-FEB-2017,1,INF767K01OS7,
LINCOLN,EQ,189.7,196.75,185.0,194.1,194.5,187.85,70909,13604260.0,16-FEB-2017,1278,INE405C01035,
LINCPEN,EQ,252.4,265.7,251.0,264.05,265.0,256.6,4030,1039954.25,16-FEB-2017,100,INE802B01019,
LINDEINDIA,EQ,365.4,375.0,365.25,373.45,374.1,368.1,2563,953695.1,16-FEB-2017,327,INE473A01011,
LIQUIDBEES,EQ,1000.0,1000.01,999.99,999.99,1000.0,1000.0,424213,424212620.47,16-FEB-2017,1933,INF732E01037,
LITL,EQ,3.75,3.8,3.7,3.75,3.8,3.75,889759,3342375.7,16-FEB-2017,451,INE785C01048,
LLOYDELENG,EQ,315.1,326.3,313.1,324.5,324.7,315.1,269624,86911520.15,16-FEB-2017,3873,INE245C01019,
LML,EQ,12.9,12.9,12.5,12.85,12.8,12.6,131230,1683908.25,16-FEB-2017,329,INE862A01015,
LOKESHMACH,EQ,81.5,83.0,78.65,80.35,80.05,78.35,5889,474509.9,16-FEB-2017,101,INE397H01017,
LOTUSEYE,EQ,27.5,28.15,26.6,27.5,27.4,26.75,23928,654478.75,16-FEB-2017,140,INE947I01017,
LOVABLE,EQ,233.85,235.0,229.25,230.3,230.9,233.85,45280,10509863.2,16-FEB-2017,917,INE597L01014,
LPDC,EQ,3.5,3.5,3.4,3.5,3.5,3.35,5147,17615.25,16-FEB-2017,11,INE197J01017,
LSIL,EQ,1.9,2.0,1.9,1.9,1.9,2.0,266629,519781.2,16-FEB-2017,84,INE093R01011,
LT,EQ,1483.9,1485.0,1461.05,1470.25,1465.0,1480.0,1381298,2030425619.6,16-FEB-2017,61860,INE018A01030,
LTI,EQ,692.95,692.95,688.85,691.1,691.0,690.0,21362,14749395.95,16-FEB-2017,2293,INE214T01019,
LTTS,EQ,781.5,800.0,781.5,789.7,788.55,785.2,20258,16023381.15,16-FEB-2017,2752,INE010V01017,
LUMAXIND,EQ,1095.0,1137.95,1065.65,1125.6,1132.1,1077.7,10114,11247399.25,16-FEB-2017,1102,INE162B01018,
LUMAXTECH,EQ,425.15,445.4,425.15,443.35,442.65,430.75,6106,2665256.4,16-FEB-2017,611,INE872H01019,
LUPIN,EQ,1433.0,1449.0,1424.7,1440.95,1445.0,1432.9,1169195,1678992990.15,16-FEB-2017,31919,INE326A01037,
LUXIND,EQ,692.1,695.9,677.25,684.95,695.9,695.85,36539,24946655.7,16-FEB-2017,678,INE150G01020,
LYCOS,EQ,7.6,7.85,7.3,7.7,7.75,7.6,489428,3767619.1,16-FEB-2017,789,INE425B01027,
LYKALABS,EQ,57.5,59.1,57.15,58.05,58.0,56.55,20515,1198422.55,16-FEB-2017,243,INE933A01014,
LYPSAGEMS,EQ,68.2,69.0,66.8,68.0,67.9,67.95,68741,4682664.45,16-FEB-2017,605,INE142K01011,
M&M,EQ,1301.0,1321.6,1300.5,1319.85,1319.9,1300.85,966131,1266680298.0,16-FEB-2017,28217,INE101A01026,
M&MFIN,EQ,286.7,292.0,282.0,289.7,290.0,286.95,2692432,775522706.6,16-FEB-2017,25949,INE774D01024,
M100,EQ,16.3,16.78,16.3,16.76,16.78,16.52,6631,109731.69,16-FEB-2017,51,INF247L01023,
M50,EQ,83.6,83.99,83.6,83.6,83.6,84.25,100,8375.6,16-FEB-2017,4,INF247L01536,
MAANALU,EQ,98.0,98.0,95.35,95.65,95.9,99.65,9529,921024.8,16-FEB-2017,131,INE215I01019,
MADHAV,EQ,59.0,61.05,58.6,60.15,60.1,59.35,5832,350346.35,16-FEB-2017,133,INE925C01016,
MADHUCON,EQ,45.5,45.9,44.3,44.55,44.4,45.15,127276,5717489.6,16-FEB-2017,1403,INE378D01032,
MADRASFERT,EQ,14.8,14.9,14.4,14.8,14.85,14.95,104001,1527719.3,16-FEB-2017,295,INE414A01015,
MAGMA,EQ,98.0,99.0,97.0,98.1,98.1,98.0,47940,4694068.9,16-FEB-2017,1078,INE511C01022,
MAGNUM,EQ,4.1,4.25,4.05,4.05,4.05,4.15,1560,6545.5,16-FEB-2017,6,INE387I01016,
MAHABANK,EQ,33.55,33.75,32.5,32.9,32.7,32.6,198703,6585061.35,16-FEB-2017,1275,INE457A01014,
MAHASTEEL,EQ,155.0,155.0,144.85,150.05,144.85,160.9,54754,8242592.7,16-FEB-2017,743,INE451L01014,
MAHINDCIE,EQ,196.15,202.0,194.5,199.65,198.65,194.85,133143,26399463.3,16-FEB-2017,2292,INE536H01010,
MAHLIFE,EQ,347.95,348.0,341.15,342.2,343.9,344.65,33446,11496819.45,16-FEB-2017,659,INE813A01018,
MAHSCOOTER,EQ,1690.0,1720.0,1682.1,1704.7,1720.0,1685.05,1321,2243276.8,16-FEB-2017,141,INE288A01013,
MAHSEAMLES,EQ,287.55,298.0,276.5,292.6,292.15,287.8,74474,21321187.2,16-FEB-2017,2202,INE271B01025,
MAITHANALL,EQ,432.3,434.0,413.85,420.65,419.0,428.1,38177,16137125.8,16-FEB-2017,1419,INE683C01011,
MAJESCO,EQ,335.0,345.8,334.95,340.5,341.0,332.35,41876,14208340.5,16-FEB-2017,1455,INE898S01029,
MALUPAPER,EQ,26.4,26.8,25.25,26.55,26.8,26.2,5764,151660.65,16-FEB-2017,66,INE383H01017,
MALWACOTT,BE,8.75,8.75,8.3,8.7,8.7,8.7,834,7166.2,16-FEB-2017,7,INE272B01015,
MANAKALUCO,BE,7.05,7.35,7.05,7.3,7.3,7.4,18987,134191.95,16-FEB-2017,26,INE859Q01017,
MANAKCOAT,EQ,8.85,8.95,8.4,8.5,8.8,8.85,9964,84905.6,16-FEB-2017,32,INE830Q01018,
MANAKINDST,BE,29.8,30.2,29.75,29.75,29.95,31.3,25565,761278.85,16-FEB-2017,51,INE831Q01016,
MANAKSIA,EQ,65.15,67.7,63.45,66.7,67.0,65.0,31817,2086064.4,16-FEB-2017,315,INE015D01022,
MANAKSTEEL,EQ,13.6,13.6,13.0,13.1,13.0,13.6,31015,415083.4,16-FEB-2017,108,INE824Q01011,
MANALIPETC,EQ,34.35,35.15,34.35,34.8,34.8,34.4,116064,4036226.25,16-FEB-2017,670,INE201A01024,
MANAPPURAM,EQ,99.0,101.9,98.7,100.85,101.1,98.85,5472792,550056503.6,16-FEB-2017,23514,INE522D01027,
MANGALAM,EQ,149.55,151.9,148.5,150.35,150.5,148.8,20952,3146188.5,16-FEB-2017,478,INE584F01014,
MANGCHEFER,EQ,51.5,53.35,49.9,51.75,51.95,49.35,171533,8869374.6,16-FEB-2017,1547,INE558B01017,
MANGLMCEM,EQ,286.3,292.9,284.25,288.45,285.1,288.7,66340,19099320.4,16-FEB-2017,1056,INE347A01017,
MANGTIMBER,EQ,28.7,29.0,28.15,28.5,28.5,28.55,8695,248484.85,16-FEB-2017,103,INE805B01012,
MANINDS,EQ,46.0,46.6,45.1,45.45,45.5,45.8,272758,12525761.3,16-FEB-2017,1052,INE993A01026,
MANINFRA,EQ,39.45,39.7,38.75,39.35,39.6,39.1,137347,5394353.45,16-FEB-2017,1414,INE949H01023,
MANPASAND,EQ,686.0,695.0,677.9,690.9,695.0,683.7,13855,9527846.05,16-FEB-2017,805,INE122R01018,
MANUGRAPH,EQ,43.65,45.4,43.5,44.65,45.0,43.9,4056,180701.9,16-FEB-2017,112,INE867A01022,
MARALOVER,EQ,39.0,40.75,37.8,40.2,40.4,38.45,61262,2432744.1,16-FEB-2017,580,INE882A01013,
MARATHON,EQ,214.95,214.95,205.0,207.1,207.1,210.2,462,95927.0,16-FEB-2017,30,INE182D01012,
MARICO,EQ,265.9,269.2,263.6,268.2,267.5,265.55,1475653,392313216.45,16-FEB-2017,13475,INE196A01026,
MARKSANS,EQ,37.9,40.15,37.4,39.7,39.5,37.7,2354064,91604753.6,16-FEB-2017,6980,INE750C01026,
MARUTI,EQ,5860.0,6037.95,5860.0,6024.55,6030.75,5862.7,576390,3444145136.1,16-FEB-2017,43660,INE585B01010,
MASTEK,EQ,178.1,187.6,178.1,184.3,184.0,179.15,191177,35312445.05,16-FEB-2017,4054,INE759A01021,
MAWANASUG,EQ,75.4,79.7,72.5,78.4,78.0,75.4,1759988,135619398.4,16-FEB-2017,13285,INE636A01039,
MAXINDIA,EQ,157.0,158.0,154.5,156.75,157.05,157.45,656756,101811299.45,16-FEB-2017,2167,INE153U01017,
MAXVIL,EQ,82.85,86.5,81.5,86.0,85.9,82.4,627667,53246619.0,16-FEB-2017,5172,INE154U01015,
MAYURUNIQ,EQ,355.75,361.5,353.0,360.05,360.25,350.75,14112,5046772.75,16-FEB-2017,527,INE040D01038,
MAZDA,EQ,321.0,323.95,316.0,318.1,318.95,320.15,2747,875400.55,16-FEB-2017,84,INE885E01034,
MBECL,EQ,62.75,64.0,61.6,62.1,62.0,63.0,76746,4824110.2,16-FEB-2017,598,INE748A01016,
MBLINFRA,EQ,50.0,51.45,48.9,50.6,50.6,49.9,316148,15881056.15,16-FEB-2017,2160,INE912H01013,
MCDHOLDING,EQ,41.85,45.25,40.75,44.05,44.05,41.75,126129,5462327.85,16-FEB-2017,1218,INE836H01014,
MCDOWELL-N,EQ,2323.9,2344.6,2305.05,2316.6,2312.0,2315.1,277407,644960067.55,16-FEB-2017,9741,INE854D01016,
MCLEODRUSS,EQ,169.3,171.65,166.65,168.4,168.6,167.9,324163,54803178.25,16-FEB-2017,3976,INE942G01012,
MCX,EQ,1103.8,1127.0,1100.05,1114.15,1112.3,1099.05,325541,362761316.95,16-FEB-2017,17087,INE745G01035,
MEGASOFT,EQ,20.45,21.45,20.45,21.0,21.3,20.4,136208,2854939.75,16-FEB-2017,582,INE933B01012,
MEGH,EQ,37.75,40.4,37.45,40.2,40.3,37.5,1370039,53401517.2,16-FEB-2017,5788,INE974H01013,
MENONBE,EQ,73.05,73.5,71.25,72.8,72.9,73.4,15775,1146344.6,16-FEB-2017,207,INE071D01033,
MEP,EQ,38.5,39.05,38.35,38.65,38.6,38.6,38985,1509461.5,16-FEB-2017,198,INE776I01010,
MERCATOR,EQ,45.2,47.0,44.45,46.75,46.8,45.05,1580783,72573310.5,16-FEB-2017,4790,INE934B01028,
MERCK,EQ,978.3,988.3,978.3,986.0,986.0,983.9,6896,6780304.1,16-FEB-2017,690,INE199A01012,
METALFORGE,EQ,60.0,61.4,59.0,59.45,59.8,59.15,67703,4051050.95,16-FEB-2017,838,INE425A01011,
METKORE,BE,4.3,4.3,3.9,3.95,3.9,4.1,20074,79846.6,16-FEB-2017,23,INE592I01029,
MFSL,EQ,602.05,609.0,591.0,599.6,599.0,603.6,235988,142275698.25,16-FEB-2017,5129,INE180A01020,
MGL,EQ,917.05,925.0,895.85,900.9,905.0,914.3,347764,315991262.25,16-FEB-2017,39560,INE002S01010,
MHRIL,EQ,437.0,446.0,437.0,444.1,443.0,438.6,36656,16230213.5,16-FEB-2017,1969,INE998I01010,
MIC,EQ,14.05,14.5,14.05,14.4,14.4,14.05,575992,8239310.8,16-FEB-2017,928,INE287C01029,
MIDCAPIWIN,EQ,56.31,56.71,56.31,56.63,56.63,56.84,1076,61007.56,16-FEB-2017,4,INF109KB1XT3,
MINDACORP,EQ,91.05,94.35,91.05,93.45,93.6,91.45,142032,13259050.65,16-FEB-2017,1259,INE842C01021,
MINDAIND,EQ,372.1,380.9,371.15,377.35,376.5,373.6,52995,19954200.4,16-FEB-2017,3733,INE405E01023,
MINDTECK,EQ,83.0,84.3,82.3,83.7,83.0,82.5,11513,958183.9,16-FEB-2017,152,INE110B01017,
MINDTREE,EQ,459.05,470.0,459.0,468.0,469.2,457.65,458206,212742802.95,16-FEB-2017,10338,INE018I01017,
MIRCELECTR,EQ,13.25,13.3,12.9,12.95,13.0,13.0,134260,1753188.85,16-FEB-2017,440,INE831A01028,
MIRZAINT,EQ,89.1,90.5,88.7,89.75,89.7,88.65,180482,16181820.4,16-FEB-2017,1678,INE771A01026,
MMFL,EQ,450.65,470.0,450.1,466.75,465.15,453.75,6226,2885054.15,16-FEB-2017,353,INE227C01017,
MMTC,EQ,64.5,64.9,63.2,64.3,64.3,64.15,1012053,64921080.75,16-FEB-2017,5145,INE123F01029,
MOHITIND,EQ,43.5,43.5,42.55,42.85,42.9,43.0,26934,1154251.1,16-FEB-2017,232,INE954E01012,
MOIL,EQ,356.6,364.0,356.6,359.75,364.0,356.35,358785,129080754.35,16-FEB-2017,5679,INE490G01020,
MOLDTECH,EQ,47.0,48.0,46.55,46.95,46.85,46.75,16490,774667.8,16-FEB-2017,81,INE835B01035,
MOLDTKPAC,EQ,208.85,215.6,208.85,214.4,213.5,208.4,39515,8447439.2,16-FEB-2017,1116,INE893J01029,
MONNETISPA,EQ,36.05,36.7,35.4,36.2,36.2,35.8,421266,15205445.35,16-FEB-2017,1233,INE743C01013,
MONSANTO,EQ,2280.0,2315.0,2280.0,2301.65,2305.0,2290.05,2473,5683849.35,16-FEB-2017,246,INE274B01011,
MONTECARLO,EQ,390.0,394.95,382.15,389.05,389.6,391.2,4447,1730230.75,16-FEB-2017,355,INE950M01013,
MORARJEE,EQ,54.55,55.95,53.4,54.55,54.3,53.7,12770,695770.7,16-FEB-2017,175,INE161G01027,
MOREPENLAB,EQ,20.5,20.75,20.35,20.6,20.6,20.25,640779,13152339.4,16-FEB-2017,1952,INE083A01026,
MOSERBAER,EQ,6.9,7.15,6.9,7.05,7.0,6.95,236221,1653856.15,16-FEB-2017,544,INE739A01015,
MOTHERSUMI,EQ,341.05,348.1,338.9,347.05,346.6,343.4,2257467,777623267.5,16-FEB-2017,41326,INE775A01035,
MOTILALOFS,EQ,619.1,647.9,616.25,629.65,632.2,619.2,164929,104264669.85,16-FEB-2017,13376,INE338I01027,
MOTOGENFIN,BE,35.0,35.0,31.8,34.95,35.0,33.4,27,931.15,16-FEB-2017,5,INE861B01015,
MPHASIS,EQ,573.1,580.0,569.35,573.95,573.0,574.65,294952,170115738.25,16-FEB-2017,12949,INE356A01018,
MPSLTD,EQ,677.0,686.6,670.1,680.0,680.0,678.7,8901,6052298.35,16-FEB-2017,205,INE943D01017,
MRF,EQ,50180.0,50858.0,49600.0,50538.05,50500.0,49997.15,16212,814171587.5,16-FEB-2017,8259,INE883A01011,
MRO-TEK,EQ,64.6,68.0,64.05,67.3,66.95,65.35,94953,6324878.25,16-FEB-2017,581,INE398B01018,
MRPL,EQ,102.45,107.0,101.25,106.5,107.0,102.15,1142043,119551291.85,16-FEB-2017,13558,INE103A01014,
MSPL,BE,14.0,14.1,13.8,14.05,14.05,13.8,4199,58770.95,16-FEB-2017,13,INE752G01015,
MTEDUCARE,EQ,102.95,106.7,96.6,98.3,97.0,103.2,499837,50426080.9,16-FEB-2017,8078,INE472M01018,
MTNL,EQ,22.05,22.25,21.25,21.55,21.55,21.85,2162886,46967355.15,16-FEB-2017,4612,INE153A01019,
MUKANDENGG,EQ,41.0,41.9,38.8,39.4,39.55,39.05,29832,1176985.4,16-FEB-2017,212,INE022B01014,
MUKANDLTD,EQ,65.55,66.0,63.6,65.25,65.35,64.8,39840,2577784.05,16-FEB-2017,331,INE304A01026,
MUKTAARTS,EQ,86.95,88.25,85.5,86.7,87.5,86.9,25903,2246324.95,16-FEB-2017,379,INE374B01019,
MUNJALAU,EQ,91.3,96.7,91.3,94.85,94.75,91.4,97619,9298042.3,16-FEB-2017,1382,INE672B01032,
MUNJALSHOW,EQ,201.7,207.2,200.55,205.7,205.8,201.2,126343,25793102.2,16-FEB-2017,1611,INE577A01027,
MURUDCERA,EQ,31.0,31.0,29.9,30.15,30.0,30.1,51498,1546611.25,16-FEB-2017,170,INE692B01014,
MUTHOOTCAP,EQ,267.7,267.7,257.45,264.85,264.0,261.1,4988,1318462.15,16-FEB-2017,173,INE296G01013,
MUTHOOTFIN,EQ,333.1,350.8,332.0,348.1,349.0,331.8,747624,256116407.85,16-FEB-2017,14838,INE414G01012,
MVL,EQ,0.5,0.55,0.45,0.5,0.5,0.5,158853,82662.75,16-FEB-2017,29,INE744I01034,
MYSOREBANK,EQ,603.9,619.0,581.5,586.8,584.0,561.95,306290,180768093.6,16-FEB-2017,9051,INE651A01020,
N100,EQ,405.94,412.9,405.01,412.65,412.8,405.8,696,285075.91,16-FEB-2017,67,INF247L01031,
NAGAFERT,BE,12.2,12.2,11.45,11.8,11.75,11.85,90143,1049103.5,16-FEB-2017,232,INE454M01024,
NAGAROIL,EQ,4.75,4.95,4.65,4.75,4.75,4.6,178237,849930.8,16-FEB-2017,231,INE453M01018,
NAGREEKCAP,EQ,10.65,11.35,10.65,11.35,11.35,11.0,100,1100.0,16-FEB-2017,2,INE245I01016,
NAGREEKEXP,EQ,33.6,33.6,32.45,33.0,33.0,32.45,40685,1342472.9,16-FEB-2017,51,INE123B01028,
NAHARCAP,EQ,98.0,101.0,98.0,101.0,101.0,98.55,5468,545069.35,16-FEB-2017,53,INE049I01012,
NAHARINDUS,EQ,113.0,119.05,113.0,118.05,117.6,113.7,53054,6215563.1,16-FEB-2017,752,INE289A01011,
NAHARPOLY,EQ,57.0,58.0,55.5,57.4,57.25,57.45,5370,306433.85,16-FEB-2017,78,INE308A01027,
NAHARSPING,EQ,130.0,132.9,126.2,132.15,132.5,127.15,68816,8941145.15,16-FEB-2017,958,INE290A01027,
NAKODA,EQ,0.4,0.45,0.35,0.45,0.45,0.4,263497,105391.75,16-FEB-2017,40,INE559B01023,
NATCOPHARM,EQ,758.25,774.85,754.4,767.05,768.05,758.2,437421,335854726.75,16-FEB-2017,8510,INE987B01026,
NATHBIOGEN,EQ,150.0,152.6,146.25,147.85,147.95,148.85,9973,1488509.65,16-FEB-2017,295,INE448G01010,
NATIONALUM,EQ,65.05,65.5,63.5,64.95,65.0,64.95,1098003,71240041.9,16-FEB-2017,7573,INE139A01034,
NATNLSTEEL,BE,23.85,23.9,23.15,23.2,23.25,23.85,4395,102707.0,16-FEB-2017,24,INE088B01015,
NAUKRI,EQ,834.5,846.9,833.8,838.7,836.2,833.75,3354,2817201.35,16-FEB-2017,340,INE663F01024,
NAVINFLUOR,EQ,2520.0,2591.05,2520.0,2585.8,2590.05,2515.7,4118,10578926.2,16-FEB-2017,1043,INE048G01018,
NAVKARCORP,EQ,159.15,162.0,155.5,156.3,156.0,159.15,331581,52256926.3,16-FEB-2017,6119,INE278M01019,
NAVNETEDUL,EQ,142.6,144.5,140.4,143.9,144.0,143.0,69321,9950440.7,16-FEB-2017,1611,INE060A01024,
NBCC,EQ,286.9,297.0,286.5,289.25,288.5,286.2,3224885,940072028.1,16-FEB-2017,35868,INE095N01023,
NBIFIN,BE,1721.45,1721.45,1721.45,1721.45,1721.45,1639.5,2,3442.9,16-FEB-2017,2,INE365I01012,
NBVENTURES,EQ,112.0,114.0,111.0,112.3,112.5,112.05,92643,10435861.75,16-FEB-2017,1158,INE725A01022,
NCC,EQ,81.0,82.45,79.2,82.1,82.1,80.6,4262457,346401757.2,16-FEB-2017,22744,INE868B01028,
NCLIND,EQ,145.5,154.2,145.5,152.75,153.1,146.25,339073,51579727.1,16-FEB-2017,4210,INE732C01016,
NDGL,EQ,394.95,394.95,390.0,390.0,390.0,392.0,20,7849.5,16-FEB-2017,11,INE756C01015,
NDL,EQ,114.0,118.5,114.0,116.7,117.35,114.6,54058,6263134.85,16-FEB-2017,369,INE875G01030,
NDTV,EQ,74.0,75.2,73.1,74.5,74.4,73.8,32202,2401860.25,16-FEB-2017,291,INE155G01029,
NECCLTD,BE,70.95,70.95,70.95,70.95,70.95,74.65,3014,213843.3,16-FEB-2017,38,INE553C01016,
NECLIFE,EQ,37.0,37.6,36.3,36.75,36.8,35.7,579141,21350209.65,16-FEB-2017,3246,INE023H01027,
NELCAST,EQ,53.05,55.2,52.05,54.9,55.2,53.1,34589,1876569.7,16-FEB-2017,316,INE189I01024,
NELCO,EQ,77.85,78.3,77.0,77.8,77.7,77.45,25882,2016107.0,16-FEB-2017,500,INE045B01015,
NEPCMICON,BE,2.4,2.4,2.2,2.25,2.3,2.3,78843,180550.6,16-FEB-2017,79,INE588A01016,
NESCO,EQ,2208.0,2262.0,2162.2,2253.15,2228.6,2165.15,14317,31751825.85,16-FEB-2017,720,INE317F01027,
NESTLEIND,EQ,6098.0,6250.0,5962.35,6207.8,6210.0,6169.35,66496,406631882.85,16-FEB-2017,6423,INE239A01016,
NET4,EQ,1.5,1.5,1.5,1.5,1.5,1.55,175,262.5,16-FEB-2017,1,INE553E01012,
NETWORK18,EQ,36.15,36.75,35.5,36.25,36.3,36.1,145240,5232582.2,16-FEB-2017,2043,INE870H01013,
NEULANDLAB,EQ,896.0,918.8,882.7,915.7,917.0,900.75,5975,5445976.7,16-FEB-2017,369,INE794A01010,
NEXTMEDIA,EQ,27.3,27.5,23.4,24.45,24.3,27.3,641218,15792736.15,16-FEB-2017,2474,INE747B01016,
NFL,EQ,67.0,68.75,66.0,66.7,67.25,67.5,1769912,119026238.0,16-FEB-2017,8737,INE870D01012,
NH,EQ,323.05,327.9,322.0,323.6,324.0,321.95,7958,2583912.9,16-FEB-2017,755,INE410P01011,
NHPC,EQ,30.7,31.1,30.6,30.95,31.0,30.65,15122633,467498510.65,16-FEB-2017,11983,INE848E01016,
NIBL,EQ,35.25,35.9,34.05,35.4,35.9,35.55,2974,104411.45,16-FEB-2017,39,INE047O01014,
NICCO,BE,0.3,0.3,0.3,0.3,0.3,0.35,3500,1050.0,16-FEB-2017,1,INE241C01026,
NIF100IWIN,EQ,93.89,94.08,93.68,94.08,94.08,94.07,138,12961.88,16-FEB-2017,12,INF109KA1962,
NIFTYBEES,EQ,893.0,895.99,888.98,895.12,894.7,890.41,8765,7826103.09,16-FEB-2017,481,INF732E01011,
NIFTYEES,EQ,9008.0,9051.0,9008.0,9051.0,9051.0,9006.5,50,451475.0,16-FEB-2017,18,INF754K01EK3,
NIFTYIWIN,EQ,90.0,90.0,88.65,89.29,89.4,88.77,15542,1384560.7,16-FEB-2017,1176,INF109K012R6,
NIITLTD,EQ,73.35,73.9,72.7,73.3,73.2,73.95,1591184,116472707.85,16-FEB-2017,3205,INE161A01038,
NIITTECH,EQ,418.0,426.8,416.05,423.7,425.0,418.15,264910,112002896.25,16-FEB-2017,11962,INE591G01017,
NILAINFRA,EQ,16.2,16.5,16.0,16.35,16.4,16.4,153379,2506455.2,16-FEB-2017,356,INE937C01029,
NILKAMAL,EQ,1679.0,1706.0,1675.1,1691.1,1694.95,1675.2,81676,138218789.9,16-FEB-2017,5210,INE310A01015,
NIPPOBATRY,EQ,901.1,918.1,884.95,905.6,899.95,903.6,1042,934644.9,16-FEB-2017,164,INE567A01010,
NITCO,EQ,59.4,62.0,59.15,60.8,60.7,59.4,39640,2414894.95,16-FEB-2017,674,INE858F01012,
NITESHEST,EQ,7.55,7.7,7.3,7.4,7.4,7.6,1204673,9029526.5,16-FEB-2017,1895,INE639K01016,
NITINFIRE,EQ,28.0,28.5,27.5,28.0,27.85,27.9,189545,5307416.95,16-FEB-2017,911,INE489H01020,
NITINSPIN,EQ,92.5,99.95,92.5,96.95,97.15,92.65,1085269,105309037.15,16-FEB-2017,10171,INE229H01012,
NLCINDIA,EQ,94.2,94.9,94.2,94.55,94.45,94.25,51417,4852559.9,16-FEB-2017,431,INE589A01014,
NMDC,EQ,135.0,137.25,132.25,136.75,136.5,135.85,5709103,771566529.15,16-FEB-2017,44969,INE584A01023,
NOCIL,EQ,80.05,82.4,79.0,81.9,82.15,80.3,2048230,165035989.35,16-FEB-2017,7641,INE163A01018,
NOESISIND,BE,0.45,0.45,0.45,0.45,0.45,0.5,50,22.5,16-FEB-2017,2,INE141B01020,
NOIDATOLL,EQ,12.25,12.4,12.2,12.25,12.3,12.3,106873,1313241.0,16-FEB-2017,289,INE781B01015,
NRBBEARING,EQ,110.8,111.95,109.5,110.45,110.5,109.6,24112,2672813.45,16-FEB-2017,432,INE349A01021,
NSIL,EQ,780.0,780.05,770.0,772.3,770.0,775.7,321,249069.0,16-FEB-2017,30,INE023A01030,
NTPC,EQ,169.5,170.85,169.1,170.3,170.45,169.05,3374642,573780197.4,16-FEB-2017,52238,INE733E01010,
NUCLEUS,EQ,257.5,263.3,257.05,261.6,263.0,257.2,44910,11707017.55,16-FEB-2017,1716,INE096B01018,
NUTEK,EQ,0.7,0.7,0.65,0.7,0.7,0.65,86342,60283.85,16-FEB-2017,50,INE318J01027,
OBEROIRLTY,EQ,327.5,353.0,327.25,334.15,332.8,331.85,489517,166937837.0,16-FEB-2017,17013,INE093I01010,
OCCL,EQ,850.0,880.0,841.0,860.9,860.0,856.75,1739,1475792.35,16-FEB-2017,146,INE321D01016,
OCL,EQ,910.0,918.8,906.0,916.05,915.0,908.8,2735,2504338.2,16-FEB-2017,257,INE290B01025,
OFSS,EQ,3605.0,3635.6,3582.15,3625.7,3621.25,3600.55,22459,81067771.05,16-FEB-2017,3228,INE881D01027,
OIL,EQ,336.4,338.95,333.35,334.65,335.0,336.35,484466,162391983.35,16-FEB-2017,21869,INE274J01014,
OILCOUNTUB,BE,42.3,42.35,42.3,42.35,42.35,40.35,4124,174646.65,16-FEB-2017,30,INE591A01010,
OISL,BE,5.8,6.0,5.8,5.8,5.8,5.8,41633,243184.15,16-FEB-2017,28,INE196J01019,
OMAXAUTO,EQ,70.55,75.85,70.15,73.8,74.0,70.15,20938,1543630.85,16-FEB-2017,188,INE090B01011,
OMAXE,EQ,167.55,168.65,166.9,167.5,167.5,167.7,505391,84661165.55,16-FEB-2017,6033,INE800H01010,
OMKARCHEM,EQ,162.15,163.75,159.4,161.4,161.7,162.2,118143,19098778.95,16-FEB-2017,2752,INE474L01016,
OMMETALS,EQ,43.6,44.25,42.85,43.35,43.4,43.75,32560,1414370.45,16-FEB-2017,292,INE239D01028,
ONELIFECAP,EQ,22.95,22.95,22.5,22.7,22.55,22.7,1853,42144.65,16-FEB-2017,17,INE912L01015,
ONGC,EQ,196.05,196.3,193.75,194.1,194.0,194.95,3343438,650434483.3,16-FEB-2017,40013,INE213A01029,
ONMOBILE,EQ,79.2,81.9,78.5,80.65,80.7,79.05,224014,18049160.6,16-FEB-2017,2219,INE809I01019,
ONWARDTEC,EQ,65.0,67.9,64.55,66.8,66.7,65.05,17993,1190297.1,16-FEB-2017,173,INE229A01017,
OPTOCIRCUI,EQ,9.9,10.15,9.9,10.05,10.05,9.9,460512,4610392.75,16-FEB-2017,737,INE808B01016,
ORBITCORP,BE,4.8,5.25,4.75,4.9,5.1,5.0,207086,1016617.95,16-FEB-2017,230,INE628H01015,
ORBTEXP,EQ,161.25,164.7,156.0,157.25,156.05,162.1,6951,1109397.7,16-FEB-2017,436,INE231G01010,
ORCHIDPHAR,EQ,27.1,27.85,27.1,27.55,27.6,27.05,198740,5453714.75,16-FEB-2017,1643,INE191A01019,
ORICONENT,EQ,52.5,54.0,52.5,53.25,53.3,52.8,81526,4345391.95,16-FEB-2017,610,INE730A01022,
ORIENTABRA,EQ,33.75,34.3,32.15,34.15,34.0,33.3,21933,738467.8,16-FEB-2017,166,INE569C01020,
ORIENTALTL,EQ,8.3,8.3,8.3,8.3,8.3,7.55,6045,50173.5,16-FEB-2017,11,INE998H01012,
ORIENTBANK,EQ,121.25,122.4,118.45,120.35,120.45,119.9,3431747,413497272.3,16-FEB-2017,16325,INE141A01014,
ORIENTBELL,EQ,161.95,166.8,160.3,163.55,162.8,158.9,7004,1145929.6,16-FEB-2017,140,INE607D01018,
ORIENTCEM,EQ,131.9,135.0,130.8,133.2,133.0,131.7,235919,31597757.9,16-FEB-2017,917,INE876N01018,
ORIENTHOT,EQ,26.35,26.75,26.3,26.45,26.5,26.45,21142,559129.8,16-FEB-2017,48,INE750A01020,
ORIENTLTD,EQ,66.25,68.2,62.0,62.35,63.95,65.1,2130,134106.95,16-FEB-2017,23,INE609C01024,
ORIENTPPR,EQ,78.0,78.95,77.2,78.1,78.0,77.75,94794,7418095.55,16-FEB-2017,736,INE592A01026,
ORIENTREF,EQ,135.05,137.9,133.7,134.6,134.95,136.55,72040,9820190.75,16-FEB-2017,1476,INE743M01012,
ORISSAMINE,EQ,2158.9,2212.0,2150.0,2176.3,2187.0,2146.55,4142,9033955.45,16-FEB-2017,958,INE725E01024,
ORTEL,EQ,118.8,118.8,112.1,114.85,114.8,116.6,1046,118957.5,16-FEB-2017,52,INE849L01019,
ORTINLABSS,EQ,21.0,21.0,20.2,20.6,20.6,20.45,18251,375114.4,16-FEB-2017,104,INE749B01012,
OUDHSUG,EQ,141.5,148.4,136.0,145.9,146.4,142.15,566787,81450272.9,16-FEB-2017,6325,INE594A01014,
PAEL,EQ,12.1,13.0,11.5,12.35,12.6,11.35,11355,141693.75,16-FEB-2017,136,INE766A01018,
PAGEIND,EQ,14260.0,14450.0,14130.05,14345.7,14400.0,14264.45,5766,82696053.5,16-FEB-2017,2702,INE761H01022,
PALREDTEC,EQ,115.0,116.0,111.05,112.5,112.7,113.45,6040,680517.25,16-FEB-2017,180,INE218G01033,
PANACEABIO,EQ,130.05,136.6,130.05,135.1,136.0,129.7,98200,13164938.75,16-FEB-2017,2320,INE922B01023,
PANAMAPET,EQ,120.0,120.0,114.6,116.8,117.6,117.2,24898,2898468.25,16-FEB-2017,197,INE305C01029,
PANORAMUNI,EQ,9.35,9.5,9.25,9.45,9.5,9.5,8661,81354.1,16-FEB-2017,38,INE194B01029,
PAPERPROD,EQ,241.45,248.8,235.35,245.7,244.0,237.9,15100,3658532.2,16-FEB-2017,597,INE275B01026,
PARABDRUGS,EQ,8.95,9.2,8.75,9.05,9.2,8.9,52257,465707.15,16-FEB-2017,73,INE618H01016,
PARACABLES,BE,4.0,4.0,3.95,3.95,3.95,4.15,16550,65422.5,16-FEB-2017,20,INE074B01023,
PARAGMILK,EQ,213.45,229.9,202.0,212.5,214.35,213.75,2795675,607569601.5,16-FEB-2017,51083,INE883N01014,
PARRYSUGAR,EQ,59.7,67.5,58.25,63.5,63.5,57.6,162045,10419366.85,16-FEB-2017,1742,INE353B01021,
PARSVNATH,EQ,13.0,13.15,12.8,12.95,12.85,12.9,59424,771425.2,16-FEB-2017,274,INE561H01026,
PATELENG,EQ,78.6,79.45,77.3,78.75,78.65,78.45,203923,16013134.1,16-FEB-2017,2556,INE244B01030,
PATINTLOG,EQ,76.25,78.45,75.0,76.45,76.7,75.0,50910,3913565.15,16-FEB-2017,719,INE529D01014,
PATSPINLTD,EQ,13.65,13.8,13.3,13.65,13.8,13.2,9534,128849.5,16-FEB-2017,46,INE790C01014,
PBAINFRA,EQ,24.0,25.25,23.25,25.25,25.25,24.05,58098,1420567.45,16-FEB-2017,349,INE160H01019,
PCJEWELLER,EQ,372.0,377.0,369.05,374.3,375.0,370.65,404758,151089291.4,16-FEB-2017,9147,INE785M01013,
PDMJEPAPER,EQ,20.4,20.7,19.4,19.6,19.55,19.8,37224,739025.7,16-FEB-2017,133,INE865T01018,
PDPL,EQ,22.4,22.7,22.0,22.05,22.05,22.55,11812,262262.9,16-FEB-2017,54,INE904D01019,
PDSMFL,EQ,149.95,153.0,147.0,148.0,148.0,148.0,961,142985.75,16-FEB-2017,15,INE111Q01013,
PDUMJEIND,EQ,11.6,11.6,10.9,11.1,11.1,11.1,2862,31801.9,16-FEB-2017,14,INE105C01023,
PDUMJEPULP,EQ,20.25,20.25,20.0,20.1,20.1,20.2,10108,204247.2,16-FEB-2017,45,INE606A01024,
PEARLPOLY,EQ,26.5,27.75,26.5,26.95,26.55,26.05,30906,835151.1,16-FEB-2017,151,INE844A01013,
PEL,EQ,1868.7,1874.75,1824.45,1845.4,1841.05,1857.4,107383,198884387.25,16-FEB-2017,12905,INE140A01024,
PENIND,EQ,40.55,41.05,39.95,40.45,40.45,40.4,275242,11076485.6,16-FEB-2017,955,INE932A01024,
PENINLAND,EQ,15.5,16.2,15.25,15.75,15.65,15.6,81983,1295644.9,16-FEB-2017,355,INE138A01028,
PENPEBS,EQ,130.2,133.25,126.95,127.05,127.0,129.1,15527,1998853.4,16-FEB-2017,164,INE455O01019,
PERSISTENT,EQ,615.5,633.0,615.5,629.8,628.7,622.0,42631,26752100.4,16-FEB-2017,3948,INE262H01013,
PETRONENGG,EQ,136.45,137.45,132.95,135.05,134.0,134.75,4356,589371.55,16-FEB-2017,200,INE742A01019,
PETRONET,EQ,384.85,388.3,380.05,386.1,388.0,382.25,1861746,714749527.0,16-FEB-2017,49911,INE347G01014,
PFC,EQ,127.25,131.9,126.45,131.45,131.85,127.55,3925665,508342461.5,16-FEB-2017,19845,INE134E01011,
PFIZER,EQ,1716.1,1735.0,1711.0,1729.65,1729.0,1716.05,5581,9622730.95,16-FEB-2017,855,INE182A01018,
PFOCUS,EQ,86.9,90.9,83.55,86.7,86.5,85.95,15013,1301815.3,16-FEB-2017,279,INE367G01038,
PFS,EQ,40.0,40.55,39.3,39.9,39.7,39.75,1229390,49211083.8,16-FEB-2017,8142,INE560K01014,
PGEL,EQ,192.75,197.9,180.15,194.4,193.0,192.15,18333,3519941.95,16-FEB-2017,478,INE457L01011,
PGHH,EQ,7045.0,7045.0,6940.05,7013.85,7012.0,7016.85,8170,57263631.95,16-FEB-2017,393,INE179A01014,
PGIL,EQ,148.0,149.95,145.1,148.85,149.0,147.0,3620,529106.5,16-FEB-2017,53,INE940H01014,
PHILIPCARB,EQ,275.2,306.45,274.75,300.3,300.0,275.35,1297629,384446245.05,16-FEB-2017,24068,INE602A01015,
PHOENIXLL,EQ,153.35,160.0,152.5,158.9,160.0,153.3,24026,3764147.05,16-FEB-2017,416,INE455B01016,
PHOENIXLTD,EQ,349.8,367.2,345.2,354.7,351.15,345.15,88273,31205456.6,16-FEB-2017,5820,INE211B01039,
PIDILITIND,EQ,671.25,674.45,665.55,671.2,671.5,670.55,218396,146299876.65,16-FEB-2017,12840,INE318A01026,
PIIND,EQ,889.1,889.1,853.2,862.7,870.0,878.2,89159,77075347.05,16-FEB-2017,2552,INE603J01030,
PILANIINVS,BE,1694.0,1699.0,1650.0,1680.0,1680.0,1669.0,267,447273.35,16-FEB-2017,24,INE417C01014,
PILITA,EQ,15.4,15.45,14.75,15.1,15.3,15.0,41574,629253.05,16-FEB-2017,164,INE600A01035,
PINCON,EQ,65.95,66.3,64.5,65.7,65.7,65.85,240583,15801665.75,16-FEB-2017,2187,INE675G01018,
PIONDIST,EQ,176.55,185.4,171.0,172.9,173.0,175.95,14058,2464578.3,16-FEB-2017,363,INE889E01010,
PIONEEREMB,EQ,47.0,49.6,45.05,48.15,48.2,47.15,100189,4796537.6,16-FEB-2017,1930,INE156C01018,
PIRPHYTO,EQ,89.0,90.75,86.3,89.65,90.7,87.5,10533,936188.4,16-FEB-2017,215,INE122J01015,
PITTILAM,EQ,62.7,63.75,61.0,62.8,62.75,61.45,123963,7794581.5,16-FEB-2017,1064,INE450D01021,
PKTEA,EQ,174.2,180.0,174.2,180.0,180.0,180.25,350,62873.5,16-FEB-2017,5,INE431F01018,
PLASTIBLEN,EQ,460.15,475.0,460.15,471.95,473.0,464.15,3789,1773964.3,16-FEB-2017,321,INE083C01022,
PNB,EQ,140.7,142.35,138.05,140.95,141.05,139.8,8738826,1229095447.95,16-FEB-2017,38573,INE160A01022,
PNBGILTS,EQ,51.1,58.75,51.1,57.65,57.35,50.9,5573574,317355413.05,16-FEB-2017,25130,INE859A01011,
PNBHOUSING,EQ,1090.1,1129.9,1090.1,1122.3,1125.0,1100.15,140682,157111670.2,16-FEB-2017,10105,INE572E01012,
PNC,BE,21.65,23.4,21.5,22.0,22.0,22.35,2900,63706.3,16-FEB-2017,17,INE392B01011,
PNCINFRA,EQ,103.05,103.4,100.2,101.2,101.6,102.75,103465,10555606.75,16-FEB-2017,1265,INE195J01029,
PNEUMATIC,EQ,924.0,1017.95,924.0,1001.5,1000.0,980.0,29,28933.0,16-FEB-2017,11,INE096T01010,
POCHIRAJU,EQ,7.9,8.0,7.85,7.95,7.95,7.85,13435,106450.25,16-FEB-2017,31,INE332G01032,
PODDARMENT,EQ,259.0,259.0,248.0,248.9,248.4,252.45,5916,1480174.6,16-FEB-2017,213,INE371C01013,
POKARNA,EQ,1144.5,1144.5,1106.5,1131.35,1130.0,1114.1,4793,5399002.75,16-FEB-2017,357,INE637C01017,
POLARIS,EQ,176.9,183.9,175.0,179.35,181.0,176.3,429409,77001027.4,16-FEB-2017,8766,INE763A01023,
POLYMED,EQ,510.0,518.95,503.85,505.1,507.3,508.4,8195,4165553.35,16-FEB-2017,377,INE205C01021,
POLYPLEX,EQ,362.6,365.7,362.6,364.1,364.5,361.25,5975,2177052.6,16-FEB-2017,287,INE633B01018,
PONNIERODE,EQ,212.0,214.0,202.0,209.4,207.55,208.85,13808,2881175.85,16-FEB-2017,720,INE838E01017,
POWERGRID,EQ,200.0,202.45,199.1,201.15,202.0,201.45,3528300,708249393.7,16-FEB-2017,42766,INE752E01010,
POWERMECH,EQ,453.0,453.0,445.5,449.75,447.55,444.9,4302,1932112.15,16-FEB-2017,236,INE211R01019,
PPAP,EQ,202.0,203.9,199.0,199.85,199.2,201.85,11056,2215957.15,16-FEB-2017,236,INE095I01015,
PRABHAT,EQ,128.0,131.8,123.45,125.3,126.0,127.3,224024,28469234.3,16-FEB-2017,3333,INE302M01033,
PRADIP,BE,2.7,2.8,2.7,2.8,2.8,2.7,17041,46714.8,16-FEB-2017,17,INE495J01015,
PRAENG,BE,12.05,12.15,11.7,12.0,12.0,12.0,14504,174357.2,16-FEB-2017,40,INE505C01016,
PRAJIND,EQ,77.7,79.35,76.55,77.7,77.55,77.25,326233,25339014.9,16-FEB-2017,3335,INE074A01025,
PRAKASH,EQ,75.1,81.75,74.8,80.95,81.0,74.8,1803801,142527935.35,16-FEB-2017,8135,INE603A01013,
PRAKASHCON,EQ,4.3,4.55,4.05,4.45,4.5,4.35,693354,2972435.15,16-FEB-2017,452,INE023M01027,
PRAKASHSTL,EQ,1.5,1.5,1.4,1.4,1.45,1.45,343035,490872.65,16-FEB-2017,121,INE696K01024,
PRATIBHA,EQ,12.4,12.75,12.3,12.65,12.75,12.4,205879,2579778.65,16-FEB-2017,457,INE308H01022,
PRECAM,EQ,156.6,159.0,152.5,155.0,154.0,155.05,7890,1222949.2,16-FEB-2017,269,INE484I01029,
PRECOT,EQ,68.7,69.65,67.0,67.2,67.0,67.85,4198,284544.65,16-FEB-2017,32,INE283A01014,
PRECWIRE,EQ,120.65,121.9,116.4,121.15,120.95,120.6,8957,1074454.65,16-FEB-2017,253,INE372C01029,
PREMEXPLN,EQ,362.75,362.8,350.05,353.25,353.1,356.95,5220,1845292.55,16-FEB-2017,281,INE863B01011,
PREMIER,EQ,32.05,35.0,32.0,33.8,33.7,32.25,22010,746767.0,16-FEB-2017,265,INE342A01018,
PRESSMN,EQ,62.2,62.65,59.1,62.1,61.9,60.4,66952,4106583.7,16-FEB-2017,1095,INE980A01023,
PRESTIGE,EQ,169.85,177.5,169.0,176.0,176.0,168.85,280161,49093078.15,16-FEB-2017,5306,INE811K01011,
PRICOLLTD,BE,88.15,95.3,88.15,93.5,95.0,92.75,420449,38614901.25,16-FEB-2017,1744,INE726V01018,
PRIMESECU,EQ,27.4,29.25,27.4,29.1,29.0,26.6,135101,3877195.85,16-FEB-2017,684,INE032B01021,
PRISMCEM,EQ,89.2,92.3,89.2,91.75,91.6,89.95,446875,40657477.4,16-FEB-2017,5775,INE010A01011,
PROVOGE,EQ,4.4,4.4,4.3,4.35,4.35,4.3,49301,216068.95,16-FEB-2017,50,INE968G01033,
PROZONINTU,EQ,34.1,36.5,34.1,36.05,35.75,34.35,115795,4116300.95,16-FEB-2017,725,INE195N01013,
PSB,EQ,52.5,53.35,51.85,52.75,52.6,51.35,324299,17115688.95,16-FEB-2017,1915,INE608A01012,
PSL,EQ,5.5,5.7,5.5,5.65,5.55,5.65,8597,48345.85,16-FEB-2017,42,INE474B01017,
PSUBNKBEES,EQ,366.98,368.0,362.14,366.31,366.41,360.19,120,44024.53,16-FEB-2017,27,INF732E01110,
PTC,EQ,84.2,86.2,83.8,85.4,85.4,84.1,1805071,154131372.15,16-FEB-2017,7167,INE877F01012,
PTL,EQ,140.0,141.25,135.05,138.9,139.5,139.35,23379,3251950.95,16-FEB-2017,174,INE034D01031,
PUNJABCHEM,EQ,273.45,277.9,271.35,276.95,276.15,272.45,19098,5258840.85,16-FEB-2017,477,INE277B01014,
PUNJLLOYD,EQ,20.2,20.35,20.0,20.2,20.2,20.05,382493,7718954.55,16-FEB-2017,1043,INE701B01021,
PURVA,EQ,48.9,48.9,47.6,48.35,48.5,47.75,51340,2478080.25,16-FEB-2017,522,INE323I01011,
PVP,EQ,4.8,5.0,4.8,4.9,5.0,4.8,19230,94453.55,16-FEB-2017,54,INE362A01016,
PVR,EQ,1272.05,1285.0,1260.0,1275.25,1272.0,1270.9,67388,85659635.9,16-FEB-2017,5646,INE191H01014,
QGOLDHALF,EQ,1330.15,1339.95,1330.15,1338.65,1339.95,1327.0,128,170740.25,16-FEB-2017,49,INF082J01010,
QNIFTY,EQ,936.7,937.8,936.7,937.8,937.8,941.7,28,26247.4,16-FEB-2017,3,INF082J01028,
QUESS,EQ,652.9,659.9,646.0,648.05,646.5,652.35,28362,18571063.45,16-FEB-2017,1356,INE615P01015,
QUICKHEAL,EQ,251.1,253.65,248.6,251.15,251.2,250.1,94999,23835715.55,16-FEB-2017,1997,INE306L01010,
RADICO,EQ,121.0,134.4,120.45,130.7,130.45,120.2,2627526,341769933.75,16-FEB-2017,20638,INE944F01028,
RAIN,EQ,76.65,79.35,76.2,78.9,78.55,76.6,1302594,101959793.6,16-FEB-2017,6632,INE855B01025,
RAINBOWPAP,BE,4.7,5.1,4.7,4.95,5.05,4.9,113512,559596.25,16-FEB-2017,98,INE028D01025,
RAIREKMOH,EQ,74.9,83.75,72.6,80.15,80.0,74.9,247345,19769872.9,16-FEB-2017,1648,INE313D01013,
RAJESHEXPO,EQ,497.15,502.5,496.5,497.45,499.95,495.65,231637,115740696.75,16-FEB-2017,5931,INE343B01030,
RAJOIL,EQ,2.1,2.15,1.95,2.0,2.0,2.05,80637,162402.1,16-FEB-2017,139,INE294G01018,
RAJRAYON,EQ,0.3,0.3,0.3,0.3,0.3,0.3,63615,19084.5,16-FEB-2017,17,INE533D01024,
RAJSREESUG,EQ,61.85,62.5,59.25,61.8,62.0,60.05,31744,1943806.35,16-FEB-2017,478,INE562B01019,
RAJTV,EQ,68.2,68.7,65.15,65.45,65.55,67.8,76773,5108957.15,16-FEB-2017,1251,INE952H01027,
RALLIS,EQ,237.5,248.45,237.5,246.25,244.0,239.85,330483,80380285.95,16-FEB-2017,5856,INE613A01020,
RAMANEWS,EQ,34.5,34.5,33.4,33.8,33.75,33.85,31395,1056763.5,16-FEB-2017,162,INE278B01020,
RAMASTEEL,EQ,126.35,130.75,126.15,128.4,128.25,126.05,38340,4947709.25,16-FEB-2017,502,INE230R01027,
RAMCOCEM,EQ,658.0,681.8,652.15,678.3,681.0,656.9,297700,198563286.15,16-FEB-2017,3142,INE331A01037,
RAMCOIND,EQ,197.5,205.1,196.55,203.55,203.7,198.75,117220,23471673.5,16-FEB-2017,2601,INE614A01028,
RAMCOSYS,EQ,341.95,348.0,335.2,343.05,343.0,336.85,29743,10206673.7,16-FEB-2017,1386,INE246B01019,
RAMKY,EQ,79.6,82.4,78.4,80.1,79.0,80.3,118308,9525782.8,16-FEB-2017,1608,INE874I01013,
RAMSARUP,BE,2.25,2.3,2.2,2.3,2.3,2.3,3100,6965.1,16-FEB-2017,7,INE005D01015,
RANASUG,EQ,9.8,10.65,9.25,10.5,10.5,9.8,6258196,63694861.7,16-FEB-2017,6657,INE625B01014,
RANEENGINE,EQ,599.0,609.95,596.1,606.55,609.5,602.7,1193,721277.0,16-FEB-2017,96,INE222J01013,
RANEHOLDIN,EQ,891.85,904.0,880.0,885.3,885.0,886.5,2742,2437079.35,16-FEB-2017,240,INE384A01010,
RASOYPR,BE,0.15,0.2,0.15,0.2,0.2,0.2,337578,62198.0,16-FEB-2017,32,INE904G01038,
RATNAMANI,EQ,688.0,688.0,659.15,665.6,670.0,676.95,15741,10566349.65,16-FEB-2017,1715,INE703B01027,
RAYMOND,EQ,503.5,506.35,498.0,500.45,500.0,502.85,47234,23688686.65,16-FEB-2017,1387,INE301A01014,
RBL,EQ,959.0,975.95,953.0,968.6,969.95,955.95,15472,14964242.7,16-FEB-2017,1322,INE244J01017,
RBLBANK,EQ,397.05,416.4,392.8,413.1,414.0,395.55,3128098,1280430722.65,16-FEB-2017,40726,INE976G01028,
RCF,EQ,57.25,57.6,56.25,57.4,57.3,57.0,879799,50171647.15,16-FEB-2017,3830,INE027A01015,
RCOM,EQ,32.45,33.4,32.35,33.25,33.4,32.7,11576518,381207203.95,16-FEB-2017,21527,INE330H01018,
RDEL,EQ,59.25,60.8,58.8,59.95,59.8,58.25,2191876,130951553.85,16-FEB-2017,11204,INE542F01012,
RECLTD,EQ,140.7,143.7,139.85,143.25,143.3,140.15,4728765,673178435.9,16-FEB-2017,29339,INE020B01018,
REDINGTON,EQ,108.5,109.0,107.2,108.0,108.1,108.05,1661436,179429749.2,16-FEB-2017,11112,INE891D01026,
REFEX,EQ,15.35,15.35,14.75,15.05,15.0,15.0,10061,151401.7,16-FEB-2017,28,INE056I01017,
REGENCERAM,BE,6.2,6.2,6.2,6.2,6.2,6.2,10,62.0,16-FEB-2017,1,INE277C01012,
REIAGROLTD,EQ,0.45,0.5,0.45,0.45,0.5,0.45,264035,126264.8,16-FEB-2017,63,INE385B01031,
REISIXTEN,BE,0.6,0.65,0.6,0.65,0.65,0.6,1100,665.0,16-FEB-2017,3,INE849J01021,
RELAXO,EQ,421.25,431.5,416.25,427.6,430.0,420.4,4091,1745455.45,16-FEB-2017,336,INE131B01039,
RELCAPITAL,EQ,472.8,493.05,471.5,490.6,489.4,473.1,2439676,1179910996.9,16-FEB-2017,39472,INE013A01015,
RELCNX100,EQ,91.87,91.87,91.55,91.55,91.55,92.64,843,77187.53,16-FEB-2017,3,INF204K014N5,
RELCONS,EQ,40.14,40.14,40.14,40.14,40.14,40.41,1,40.14,16-FEB-2017,1,INF204KA1LD7,
RELDIVOPP,EQ,24.22,24.3,24.22,24.3,24.3,24.4,221,5357.62,16-FEB-2017,3,INF204KA1MS3,
RELIANCE,EQ,1052.55,1069.45,1052.55,1067.5,1065.95,1051.3,4492847,4773923841.15,16-FEB-2017,54707,INE002A01018,
RELIGARE,EQ,233.5,239.0,232.0,237.1,236.5,234.0,4484,1059482.6,16-FEB-2017,364,INE621H01010,
RELINFRA,EQ,541.0,552.7,540.0,550.95,550.5,541.55,1583827,868415031.5,16-FEB-2017,24713,INE036A01016,
REMSONSIND,BE,59.5,59.5,59.5,59.5,59.5,57.1,516,30702.0,16-FEB-2017,2,INE474C01015,
RENUKA,EQ,15.0,15.5,14.8,15.25,15.3,15.0,2533459,38513015.3,16-FEB-2017,2958,INE087H01022,
REPCOHOME,EQ,641.0,647.0,627.1,633.35,632.0,641.55,115487,73558480.7,16-FEB-2017,4260,INE612J01015,
REPRO,EQ,392.1,403.95,386.35,391.7,390.0,397.0,8685,3448909.9,16-FEB-2017,326,INE461B01014,
RESPONIND,EQ,82.8,85.0,80.5,84.25,84.0,81.5,29213,2428174.95,16-FEB-2017,570,INE688D01026,
REVATHI,EQ,806.95,818.0,773.35,810.7,815.0,784.45,2940,2359857.95,16-FEB-2017,287,INE617A01013,
RICOAUTO,EQ,55.1,56.4,54.8,56.05,56.15,55.1,158795,8842830.45,16-FEB-2017,1156,INE209B01025,
RIIL,EQ,398.75,401.6,394.2,398.7,399.15,396.95,99656,39691456.75,16-FEB-2017,3122,INE046A01015,
RJL,EQ,149.1,155.0,149.1,152.7,153.0,148.45,17115,2613054.95,16-FEB-2017,583,INE722H01016,
RKDL,EQ,11.3,11.3,10.55,10.65,10.8,11.0,11345,123202.75,16-FEB-2017,39,INE722J01012,
RKFORGE,EQ,413.0,413.0,394.1,396.25,403.4,410.25,32011,12762967.7,16-FEB-2017,1099,INE399G01015,
RMCL,EQ,35.4,35.9,35.15,35.55,35.6,35.1,334185,11877925.3,16-FEB-2017,899,INE172H01014,
RML,EQ,408.05,429.0,405.5,423.15,425.95,411.15,2897,1211134.3,16-FEB-2017,277,INE050H01012,
ROHITFERRO,BE,6.65,6.65,6.65,6.65,6.65,7.0,28080,186732.0,16-FEB-2017,27,INE248H01012,
ROHLTD,EQ,80.4,84.8,80.4,81.5,81.5,79.7,119173,9820100.25,16-FEB-2017,434,INE283H01019,
ROLLT,BE,16.9,16.9,16.6,16.85,16.85,16.9,99,1655.55,16-FEB-2017,11,INE927A01040,
ROLTA,EQ,63.25,63.75,62.6,63.45,63.4,62.95,309006,19561298.0,16-FEB-2017,2057,INE293A01013,
ROSSELLIND,BE,110.0,110.0,107.0,108.8,108.3,110.0,2757,297815.3,16-FEB-2017,29,INE847C01020,
RPGLIFE,EQ,443.9,452.05,439.65,443.45,442.95,441.4,28939,12881377.25,16-FEB-2017,1464,INE105J01010,
RPOWER,EQ,43.0,43.55,42.65,43.4,43.4,43.0,1534952,66271089.15,16-FEB-2017,4297,INE614G01033,
RPPINFRA,EQ,337.3,348.9,331.15,333.5,334.55,337.05,261869,89406141.45,16-FEB-2017,2673,INE324L01013,
RSSOFTWARE,EQ,93.0,94.45,92.15,93.45,93.15,92.9,219682,20507862.15,16-FEB-2017,3040,INE165B01029,
RSWM,EQ,429.0,429.0,401.9,408.25,408.1,426.2,62841,25704229.75,16-FEB-2017,2493,INE611A01016,
RSYSTEMS,EQ,57.55,57.55,56.5,56.75,56.7,56.95,16276,924127.25,16-FEB-2017,223,INE411H01032,
RTNINFRA,EQ,3.3,3.3,3.2,3.2,3.25,3.3,233952,761455.15,16-FEB-2017,89,INE834M01019,
RTNPOWER,EQ,7.0,7.1,6.95,7.1,7.1,7.0,917409,6449665.65,16-FEB-2017,752,INE399K01017,
RUBYMILLS,EQ,361.95,365.0,352.0,354.3,353.9,350.05,2259,804828.8,16-FEB-2017,170,INE301D01026,
RUCHINFRA,BE,3.7,3.85,3.7,3.8,3.8,3.7,715,2702.0,16-FEB-2017,7,INE413B01023,
RUCHIRA,EQ,126.9,130.0,123.55,129.15,129.3,125.0,57339,7333806.9,16-FEB-2017,1027,INE803H01014,
RUCHISOYA,EQ,26.1,27.4,26.0,26.55,26.5,26.4,1765667,46896146.15,16-FEB-2017,4885,INE619A01027,
RUPA,EQ,248.05,252.2,245.0,247.6,246.0,250.05,4689,1170119.7,16-FEB-2017,140,INE895B01021,
RUSHIL,EQ,670.5,673.0,665.0,669.3,669.25,667.9,36857,24658148.15,16-FEB-2017,1122,INE573K01017,
SABEVENTS,EQ,52.5,53.0,51.1,52.35,53.0,52.05,5147,269632.1,16-FEB-2017,41,INE860T01019,
SABTN,EQ,292.5,292.5,287.45,289.85,290.4,292.65,25286,7342433.2,16-FEB-2017,328,INE416A01036,
SADBHAV,EQ,275.2,280.0,274.95,277.75,277.05,275.55,513657,143795348.2,16-FEB-2017,755,INE226H01026,
SADBHIN,EQ,96.9,97.05,91.85,94.65,94.8,96.5,16975,1614001.05,16-FEB-2017,166,INE764L01010,
SAGCEM,EQ,749.0,776.0,749.0,763.15,763.75,751.05,8570,6530183.15,16-FEB-2017,528,INE229C01013,
SAIL,EQ,59.15,60.75,58.15,60.4,60.4,59.0,12774408,762328827.9,16-FEB-2017,28109,INE114A01011,
SAKHTISUG,EQ,35.4,36.9,34.55,36.3,36.3,35.2,304571,10960393.0,16-FEB-2017,1989,INE623A01011,
SAKSOFT,EQ,271.05,279.05,266.25,272.85,270.5,272.0,4001,1091897.85,16-FEB-2017,259,INE667G01015,
SAKUMA,EQ,61.0,61.9,60.05,61.3,61.1,60.55,22980,1404189.95,16-FEB-2017,220,INE190H01016,
SALONA,EQ,50.0,51.25,44.15,50.5,50.25,46.1,6680,334209.95,16-FEB-2017,64,INE498E01010,
SALORAINTL,EQ,58.0,58.0,56.1,57.1,57.0,56.35,1541,88022.55,16-FEB-2017,13,INE924A01013,
SALSTEEL,EQ,5.55,5.75,5.25,5.75,5.75,5.5,728524,4149376.1,16-FEB-2017,307,INE658G01014,
SALZERELEC,EQ,187.6,189.7,184.0,186.55,186.3,184.8,11678,2190675.7,16-FEB-2017,585,INE457F01013,
SAMBHAAV,EQ,5.85,5.85,5.75,5.75,5.75,5.8,540,3114.65,16-FEB-2017,8,INE699B01027,
SAMTEL,EQ,0.55,0.55,0.55,0.55,0.55,0.55,20000,11000.0,16-FEB-2017,6,INE381A01016,
SANCO,EQ,130.0,134.0,128.5,130.0,130.5,131.0,22130,2877260.8,16-FEB-2017,223,INE782L01012,
SANDESH,EQ,866.6,888.0,865.0,866.85,865.05,866.25,769,670327.3,16-FEB-2017,179,INE583B01015,
SANGAMIND,EQ,275.0,275.0,263.0,265.95,267.65,265.35,6372,1705829.65,16-FEB-2017,279,INE495C01010,
SANGHIIND,EQ,61.5,63.2,61.5,62.75,62.55,62.35,65507,4098951.5,16-FEB-2017,559,INE999B01013,
SANGHVIFOR,EQ,46.7,46.7,42.5,43.15,43.25,42.9,5831,250174.0,16-FEB-2017,96,INE263L01013,
SANGHVIMOV,EQ,233.0,235.0,228.0,231.9,232.75,233.15,14110,3267878.5,16-FEB-2017,551,INE989A01024,
SANOFI,EQ,4078.85,4114.0,4077.1,4099.55,4091.25,4099.4,7954,32585224.7,16-FEB-2017,890,INE058A01010,
SANWARIA,EQ,9.35,9.7,9.0,9.05,9.1,9.1,415528,3822915.7,16-FEB-2017,931,INE890C01046,
SARDAEN,EQ,239.0,247.0,239.0,246.05,246.9,241.8,36112,8816574.6,16-FEB-2017,1240,INE385C01013,
SAREGAMA,EQ,216.55,217.3,210.1,211.25,211.3,213.75,12806,2723513.25,16-FEB-2017,733,INE979A01017,
SARLAPOLY,EQ,60.0,60.0,56.9,57.25,57.0,58.85,58475,3361779.85,16-FEB-2017,439,INE453D01025,
SASKEN,EQ,398.5,402.0,396.95,400.25,402.0,398.4,13852,5533707.9,16-FEB-2017,343,INE231F01020,
SASTASUNDR,EQ,73.0,73.8,72.3,73.55,73.8,73.25,25308,1853054.6,16-FEB-2017,79,INE019J01013,
SATHAISPAT,EQ,63.55,66.4,63.25,65.4,65.0,64.6,10418,684294.95,16-FEB-2017,86,INE176C01016,
SATIN,EQ,405.25,428.2,405.25,418.55,421.5,411.05,145942,61306958.35,16-FEB-2017,3985,INE836B01017,
SBBJ,EQ,769.0,798.0,740.0,742.75,740.0,717.5,386023,289918935.7,16-FEB-2017,12171,INE648A01026,
SBIN,EQ,277.0,277.0,269.65,270.5,270.4,268.95,21794688,5925860317.8,16-FEB-2017,128472,INE062A01020,
SBT,EQ,602.0,609.0,575.0,582.7,581.5,562.2,582920,342703956.0,16-FEB-2017,10603,INE654A01024,
SCHNEIDER,EQ,136.3,138.5,136.15,136.8,136.8,136.7,48555,6673908.3,16-FEB-2017,493,INE839M01018,
SCI,EQ,63.2,63.65,62.5,63.05,63.0,62.8,256076,16129649.95,16-FEB-2017,2055,INE109A01011,
SDBL,EQ,128.5,129.45,124.2,127.3,127.0,124.0,22700,2899238.55,16-FEB-2017,312,INE480C01012,
SEAMECLTD,EQ,84.0,87.0,84.0,86.1,86.95,83.85,96575,8277669.15,16-FEB-2017,914,INE497B01018,
SEINV,EQ,176.3,182.0,176.3,178.15,177.0,177.55,522,93684.05,16-FEB-2017,72,INE420C01042,
SELAN,EQ,184.2,185.35,182.5,183.0,183.05,185.95,63588,11685489.5,16-FEB-2017,1131,INE818A01017,
SELMCL,EQ,2.95,3.1,2.95,3.0,3.0,2.95,225594,684614.6,16-FEB-2017,162,INE105I01012,
SEPOWER,BE,14.0,14.5,14.0,14.0,14.0,14.7,2134,29919.0,16-FEB-2017,12,INE735M01018,
SEQUENT,EQ,127.0,134.0,127.0,130.2,130.5,128.9,41097,5393859.0,16-FEB-2017,1070,INE807F01027,
SERVALL,EQ,3.25,3.25,3.25,3.25,3.25,3.4,394,1280.5,16-FEB-2017,3,INE431L01016,
SESHAPAPER,EQ,758.9,775.9,746.0,767.95,767.9,745.85,8969,6832357.25,16-FEB-2017,994,INE630A01016,
SETCO,EQ,34.7,35.4,34.6,34.95,35.0,34.85,26162,914865.3,16-FEB-2017,347,INE878E01021,
SETFGOLD,EQ,2686.1,2700.0,2686.05,2690.65,2690.0,2680.1,651,1752260.1,16-FEB-2017,169,INF200K01099,
SETFNIF50,EQ,88.97,89.4,88.63,89.4,89.4,88.9,3192,284440.3,16-FEB-2017,40,INF200KA1FS1,
SETFNIFBK,EQ,205.41,205.76,204.75,205.53,205.5,204.64,14473,2974582.91,16-FEB-2017,17,INF200KA1580,
SETFNN50,EQ,251.87,251.95,241.55,244.0,244.0,241.55,365,89553.65,16-FEB-2017,9,INF200KA1598,
SEZAL,BE,6.8,7.4,6.8,6.8,6.8,7.15,3729,26017.25,16-FEB-2017,7,INE955I01036,
SFCL,EQ,102.0,103.5,101.05,102.65,103.2,102.0,9922,1014628.4,16-FEB-2017,150,INE935O01010,
SFL,EQ,1053.2,1068.8,1043.0,1059.35,1055.0,1049.95,11028,11681787.4,16-FEB-2017,2178,INE916U01025,
SGFL,BE,1.9,1.9,1.9,1.9,1.9,1.9,100,190.0,16-FEB-2017,1,INE883G01018,
SGL,EQ,13.9,16.3,13.3,15.35,15.9,14.15,59062,898017.95,16-FEB-2017,127,INE353H01010,
SHAHALLOYS,BE,15.5,15.5,14.8,15.5,15.5,15.4,2643,40950.4,16-FEB-2017,13,INE640C01011,
SHAKTIPUMP,EQ,160.55,166.35,160.55,163.65,164.1,160.8,47377,7782053.25,16-FEB-2017,1086,INE908D01010,
SHALPAINTS,EQ,145.65,147.5,143.05,144.75,144.35,145.65,54863,7922911.5,16-FEB-2017,1995,INE849C01026,
SHANTIGEAR,EQ,114.65,117.5,114.6,115.9,115.5,114.95,10830,1255543.5,16-FEB-2017,220,INE631A01022,
SHARDACROP,EQ,465.05,470.7,459.0,461.55,463.6,464.55,19869,9236110.95,16-FEB-2017,1418,INE221J01015,
SHARDAMOTR,EQ,1241.95,1243.05,1219.05,1229.75,1230.0,1224.35,782,964623.05,16-FEB-2017,88,INE597I01010,
SHARONBIO,EQ,8.55,8.7,8.3,8.4,8.4,8.55,135889,1151411.35,16-FEB-2017,327,INE028B01029,
SHEMAROO,EQ,402.05,410.0,399.0,407.55,407.5,399.15,3640,1483047.6,16-FEB-2017,341,INE363M01019,
SHILPAMED,EQ,647.0,655.0,625.4,634.75,634.9,651.25,90764,57777417.55,16-FEB-2017,4110,INE790G01031,
SHILPI,EQ,216.6,218.0,213.0,215.1,215.35,214.75,284822,61438673.4,16-FEB-2017,1478,INE510K01019,
SHIRPUR-G,EQ,97.6,100.8,95.0,96.95,95.0,97.35,3331,324222.35,16-FEB-2017,86,INE196B01016,
SHIVAMAUTO,EQ,44.45,45.0,43.8,44.0,44.0,43.95,106565,4734918.7,16-FEB-2017,655,INE637H01024,
SHIVTEX,EQ,297.55,299.0,277.75,279.9,280.0,286.15,12016,3413328.8,16-FEB-2017,499,INE705C01012,
SHK,EQ,308.0,316.0,308.0,309.2,309.0,308.9,12272,3806968.95,16-FEB-2017,892,INE500L01026,
SHOPERSTOP,EQ,320.7,320.7,311.35,316.65,319.0,317.4,21491,6789334.35,16-FEB-2017,974,INE498B01024,
SHREECEM,EQ,15326.0,15550.0,15211.05,15402.65,15393.75,15418.5,7674,117756286.95,16-FEB-2017,3450,INE070A01015,
SHREEPUSHK,EQ,175.0,178.85,174.95,177.5,178.0,174.3,107612,19090141.9,16-FEB-2017,2329,INE712K01011,
SHREERAMA,EQ,12.8,13.9,12.8,13.7,13.7,12.95,28295,384032.5,16-FEB-2017,75,INE879A01019,
SHREYANIND,EQ,123.0,131.8,123.0,130.95,130.3,121.9,59085,7579401.15,16-FEB-2017,1156,INE231C01019,
SHREYAS,EQ,277.2,291.75,272.95,278.15,277.0,279.35,88982,25148778.65,16-FEB-2017,3849,INE757B01015,
SHRIPISTON,BE,1191.05,1200.0,1191.05,1200.0,1200.0,1181.0,23,27438.9,16-FEB-2017,3,INE526E01018,
SHRIRAMCIT,EQ,1894.95,1929.95,1894.95,1908.9,1909.0,1900.1,27605,52719256.95,16-FEB-2017,1638,INE722A01011,
SHRIRAMEPC,EQ,28.45,28.45,27.7,28.25,28.25,27.9,56698,1593708.9,16-FEB-2017,333,INE964H01014,
SHYAMCENT,EQ,7.5,7.55,7.5,7.55,7.55,7.65,2132,16040.1,16-FEB-2017,6,INE979R01011,
SHYAMTEL,EQ,31.0,31.0,30.0,30.4,30.4,30.75,1598,48480.45,16-FEB-2017,22,INE635A01023,
SICAGEN,EQ,25.3,26.35,25.3,25.75,25.55,25.35,25282,650164.0,16-FEB-2017,160,INE176J01011,
SICAL,EQ,251.0,256.3,246.15,250.6,249.9,247.3,65899,16584956.1,16-FEB-2017,1828,INE075B01012,
SIEMENS,EQ,1202.4,1213.6,1192.3,1206.75,1202.0,1201.55,188075,226645219.65,16-FEB-2017,6009,INE003A01024,
SIGNET,EQ,21.0,21.25,20.7,20.85,20.75,20.95,104769,2192178.35,16-FEB-2017,323,INE529F01027,
SIL,BE,23.9,23.95,22.95,23.15,23.15,23.4,13776,325588.35,16-FEB-2017,34,INE173A01025,
SILINV,EQ,122.2,122.35,122.2,122.2,122.2,121.15,731,89358.2,16-FEB-2017,7,INE923A01015,
SIMBHALS,BE,32.05,34.35,32.05,33.35,34.35,33.7,83484,2748132.05,16-FEB-2017,237,INE748T01016,
SIMPLEX,EQ,29.85,35.45,29.5,33.95,33.85,29.75,1296445,42859720.25,16-FEB-2017,7411,INE898F01018,
SIMPLEXINF,EQ,310.0,316.0,306.0,315.15,315.6,310.65,9330,2904113.8,16-FEB-2017,802,INE059B01024,
SINTEX,EQ,89.85,92.45,88.3,92.2,92.25,89.75,7614565,687440823.05,16-FEB-2017,20858,INE429C01035,
SITASHREE,EQ,7.25,7.5,7.15,7.4,7.45,7.05,73394,539248.9,16-FEB-2017,165,INE686I01011,
SITINET,EQ,38.45,38.95,38.0,38.15,38.6,38.4,49916,1912429.75,16-FEB-2017,412,INE965H01011,
SIYSIL,EQ,1666.65,1686.9,1651.25,1674.3,1680.0,1670.35,2497,4171370.9,16-FEB-2017,249,INE076B01010,
SJVN,EQ,35.8,35.95,35.4,35.75,35.75,35.7,1575925,56253638.25,16-FEB-2017,3963,INE002L01015,
SKFINDIA,EQ,1435.0,1439.15,1412.0,1435.05,1432.25,1422.0,8673,12406909.35,16-FEB-2017,906,INE640A01023,
SKIL,EQ,22.7,23.0,21.6,22.8,23.0,22.35,62034,1389921.15,16-FEB-2017,208,INE429F01012,
SKIPPER,EQ,146.35,152.0,145.0,151.1,151.0,146.4,38939,5786313.2,16-FEB-2017,648,INE439E01022,
SKMEGGPROD,EQ,81.7,82.0,79.3,80.7,80.35,79.15,112683,9108763.95,16-FEB-2017,1152,INE411D01015,
SMARTLINK,EQ,96.4,96.7,94.1,95.55,96.2,94.55,40744,3891231.05,16-FEB-2017,568,INE178C01020,
SMLISUZU,EQ,1186.15,1217.95,1181.15,1196.35,1197.9,1186.15,23091,27655854.7,16-FEB-2017,1150,INE294B01019,
SMPL,EQ,2.55,2.65,2.55,2.6,2.6,2.55,70650,182490.4,16-FEB-2017,47,INE215G01021,
SMSPHARMA,EQ,91.5,91.5,89.5,89.85,89.7,90.25,39487,3556557.95,16-FEB-2017,393,INE812G01025,
SNOWMAN,EQ,57.5,57.7,55.85,55.95,55.95,57.35,602468,34013750.65,16-FEB-2017,3785,INE734N01019,
SOBHA,EQ,285.4,290.4,281.3,286.6,285.45,285.3,63637,18298169.35,16-FEB-2017,7689,INE671H01015,
SOLARINDS,EQ,727.95,729.55,720.1,726.4,729.0,723.1,2834,2054457.75,16-FEB-2017,478,INE343H01029,
SOMANYCERA,EQ,616.75,623.9,609.85,614.25,615.0,618.4,7704,4732160.25,16-FEB-2017,349,INE355A01028,
SOMATEX,EQ,11.2,12.1,10.8,11.95,11.9,11.0,355184,4190640.0,16-FEB-2017,673,INE314C01013,
SOMICONVEY,EQ,51.0,55.1,50.0,53.55,52.85,52.45,21431,1137173.95,16-FEB-2017,288,INE323J01019,
SONASTEER,EQ,81.9,82.0,81.2,81.5,81.6,81.2,377189,30772517.85,16-FEB-2017,2351,INE643A01035,
SONATSOFTW,EQ,185.55,191.0,185.55,189.25,189.9,185.7,167401,31690690.6,16-FEB-2017,3480,INE269A01021,
SORILINFRA,EQ,93.0,94.0,91.0,92.05,91.5,92.95,16408,1513329.65,16-FEB-2017,332,INE034H01016,
SOTL,EQ,888.05,910.0,882.0,901.35,910.0,899.7,3133,2819142.6,16-FEB-2017,228,INE035D01012,
SOUTHBANK,EQ,19.75,20.15,19.7,19.9,19.9,22.55,20176751,401552113.95,16-FEB-2017,23615,INE683A01023,
SPAL,EQ,395.05,414.0,380.0,409.1,411.0,395.3,113080,45375079.7,16-FEB-2017,3422,INE212I01016,
SPARC,EQ,299.0,306.5,298.3,304.7,306.0,299.2,216006,65540316.55,16-FEB-2017,4136,INE232I01014,
SPCENET,EQ,1.9,1.9,1.8,1.8,1.8,1.85,175949,325205.85,16-FEB-2017,96,INE970N01027,
SPECIALITY,EQ,73.7,75.5,73.55,75.0,75.0,74.55,26190,1954067.75,16-FEB-2017,261,INE247M01014,
SPENTEX,BE,3.6,3.75,3.6,3.6,3.6,3.75,157490,569667.55,16-FEB-2017,67,INE376C01020,
SPHEREGSL,EQ,63.1,66.0,62.2,64.4,63.7,62.95,75462,4826379.35,16-FEB-2017,695,INE737B01033,
SPIC,EQ,21.2,21.7,21.1,21.4,21.35,21.15,63721,1366402.3,16-FEB-2017,259,INE147A01011,
SPICEMOBI,EQ,16.25,16.9,16.05,16.8,16.9,16.35,10493,173927.8,16-FEB-2017,31,INE927C01020,
SPLIL,EQ,27.0,27.0,24.1,26.15,26.3,25.2,29038,732263.35,16-FEB-2017,311,INE978G01016,
SPMLINFRA,EQ,59.8,63.75,59.8,62.85,62.5,59.7,157811,9815663.75,16-FEB-2017,1102,INE937A01023,
SPYL,EQ,0.6,0.7,0.6,0.7,0.7,0.65,538591,365123.5,16-FEB-2017,65,INE268L01020,
SQSBFSI,EQ,575.05,600.0,568.0,599.65,600.0,567.45,22937,13615650.15,16-FEB-2017,1576,INE201K01015,
SREEL,EQ,144.0,155.0,140.0,147.95,149.05,144.55,83,12206.45,16-FEB-2017,15,INE099F01013,
SREINFRA,EQ,94.95,96.3,93.05,95.6,95.3,94.75,676074,64232338.8,16-FEB-2017,5883,INE872A01014,
SRF,EQ,1535.0,1553.55,1506.15,1542.6,1540.3,1529.25,371440,569192981.6,16-FEB-2017,23078,INE647A01010,
SRGINFOTEC,BE,0.35,0.4,0.35,0.4,0.4,0.4,2484,969.6,16-FEB-2017,5,INE376A01032,
SRHHYPOLTD,EQ,116.0,123.5,116.0,122.75,122.0,117.85,9212,1114578.8,16-FEB-2017,169,INE917H01012,
SRIPIPES,EQ,305.7,311.8,298.1,309.45,309.0,302.6,61231,18710024.2,16-FEB-2017,1376,INE943C01027,
SRSLTD,BE,5.5,5.85,5.35,5.7,5.65,5.6,867534,4698256.75,16-FEB-2017,464,INE219H01039,
SRTRANSFIN,EQ,937.0,951.9,927.3,942.15,951.0,933.55,397844,373966126.85,16-FEB-2017,13872,INE721A01013,
SSWL,EQ,667.0,690.0,663.1,677.95,677.0,669.15,12918,8814445.25,16-FEB-2017,1123,INE802C01017,
STAMPEDE,EQ,22.5,22.6,21.75,22.15,21.8,22.5,1283468,28507033.65,16-FEB-2017,857,INE224E01028,
STAR,EQ,1170.0,1192.55,1158.2,1188.95,1186.5,1163.95,165072,194814310.5,16-FEB-2017,6309,INE939A01011,
STARPAPER,EQ,188.5,189.8,185.05,186.6,187.5,187.35,93130,17403578.95,16-FEB-2017,1770,INE733A01018,
STCINDIA,EQ,162.8,165.5,154.35,158.9,158.3,161.2,353828,56289160.05,16-FEB-2017,5034,INE655A01013,
STEL,EQ,68.35,71.9,67.5,71.9,71.9,68.5,48280,3397008.95,16-FEB-2017,296,INE577L01016,
STERLINBIO,EQ,4.45,4.55,4.15,4.5,4.45,4.45,168934,741956.25,16-FEB-2017,230,INE324C01038,
STERTOOLS,EQ,189.0,192.8,186.35,188.3,188.45,189.9,13455,2536059.05,16-FEB-2017,1008,INE334A01023,
STINDIA,BE,20.8,21.75,20.8,20.8,20.8,20.85,138298,3006938.4,16-FEB-2017,6,INE090C01019,
STRTECH,EQ,125.85,134.0,122.25,128.95,129.2,125.65,1012507,127849956.25,16-FEB-2017,8106,INE089C01029,
SUBEX,EQ,10.7,10.9,10.65,10.75,10.85,10.65,1624232,17483619.85,16-FEB-2017,1424,INE754A01014,
SUBROS,EQ,199.8,202.0,199.1,200.25,200.5,198.65,32849,6586977.25,16-FEB-2017,544,INE287B01021,
SUDARSCHEM,EQ,339.1,354.5,334.0,350.85,349.5,340.1,277149,96393304.9,16-FEB-2017,6488,INE659A01023,
SUJANATWR,EQ,8.55,8.6,8.4,8.55,8.6,8.45,140267,1194694.05,16-FEB-2017,77,INE333I01036,
SUJANAUNI,EQ,1.5,1.7,1.5,1.65,1.65,1.45,520704,846109.85,16-FEB-2017,178,INE216G01011,
SUMEETINDS,EQ,34.05,34.75,34.0,34.4,34.4,34.1,370829,12763617.8,16-FEB-2017,1466,INE235C01010,
SUMMITSEC,EQ,418.0,430.0,391.25,424.4,430.0,419.6,863,361008.25,16-FEB-2017,122,INE519C01017,
SUNCLAYLTD,EQ,3424.95,3430.0,3325.0,3420.0,3421.0,3425.25,1706,5807550.6,16-FEB-2017,314,INE105A01035,
SUNDARAM,EQ,3.1,3.35,2.95,3.05,3.05,3.05,4085657,12787529.95,16-FEB-2017,4678,INE108E01023,
SUNDARMFIN,EQ,1365.9,1379.9,1356.3,1370.75,1370.0,1369.5,39223,53743082.65,16-FEB-2017,1417,INE660A01013,
SUNDRMBRAK,EQ,396.55,400.0,390.25,396.7,398.95,398.1,757,301156.4,16-FEB-2017,60,INE073D01013,
SUNDRMFAST,EQ,333.3,340.7,333.3,338.3,338.0,335.2,63592,21425752.9,16-FEB-2017,1268,INE387A01021,
SUNFLAG,EQ,34.85,36.4,34.8,35.9,36.05,34.8,267300,9522756.5,16-FEB-2017,1059,INE947A01014,
SUNILHITEC,EQ,12.0,12.25,11.65,12.0,12.0,11.9,1095949,13113414.7,16-FEB-2017,1689,INE305H01028,
SUNPHARMA,EQ,624.0,652.0,623.45,649.3,649.65,623.05,6158072,3945723029.55,16-FEB-2017,138305,INE044A01036,
SUNTECK,EQ,244.25,253.05,244.25,249.4,248.15,244.75,43464,10853402.05,16-FEB-2017,2686,INE805D01026,
SUNTV,EQ,716.0,733.2,708.2,723.5,727.0,720.9,2598251,1875415961.7,16-FEB-2017,41724,INE424H01027,
SUPERHOUSE,EQ,154.9,154.9,151.0,151.35,151.0,152.3,3453,524448.15,16-FEB-2017,92,INE712B01010,
SUPERSPIN,EQ,12.95,13.15,12.85,13.1,13.1,12.9,28219,367233.85,16-FEB-2017,134,INE662A01027,
SUPPETRO,EQ,278.0,282.0,273.3,276.4,277.8,277.3,7540,2094564.8,16-FEB-2017,660,INE663A01017,
SUPRAJIT,EQ,202.65,210.3,202.65,207.75,208.0,204.35,71212,14767350.75,16-FEB-2017,2119,INE399C01030,
SUPREMEIND,EQ,995.85,1007.3,988.7,1003.3,1005.0,997.55,20169,20180670.85,16-FEB-2017,3826,INE195A01028,
SUPREMEINF,EQ,111.5,111.9,108.15,109.7,109.0,108.85,165399,18112703.05,16-FEB-2017,2520,INE550H01011,
SUPREMETEX,BE,4.3,4.55,4.3,4.5,4.45,4.45,153777,680885.3,16-FEB-2017,157,INE651G01027,
SURANACORP,EQ,1.35,1.4,1.35,1.4,1.4,1.35,2500,3425.0,16-FEB-2017,4,INE357D01010,
SURANAIND,EQ,2.9,3.15,2.9,3.05,3.0,3.05,323156,969057.8,16-FEB-2017,204,INE659D01019,
SURANASOL,EQ,22.4,22.9,21.9,22.35,22.4,22.45,38162,846116.65,16-FEB-2017,176,INE272L01022,
SURANAT&P,EQ,5.0,5.2,4.95,5.1,5.15,5.0,8212,41818.0,16-FEB-2017,22,INE130B01031,
SURYALAXMI,EQ,112.7,116.75,105.15,113.8,114.4,111.45,141497,15657490.0,16-FEB-2017,1945,INE713B01026,
SURYAROSNI,EQ,184.65,184.9,180.8,181.95,181.5,184.15,88981,16204261.5,16-FEB-2017,3057,INE335A01012,
SUTLEJTEX,EQ,837.95,847.7,831.0,842.9,845.0,834.75,2429,2040325.2,16-FEB-2017,308,INE645H01019,
SUVEN,EQ,171.55,175.3,170.45,174.3,175.1,171.1,115790,20041809.85,16-FEB-2017,2592,INE495B01038,
SUZLON,EQ,16.6,17.2,16.5,17.1,17.1,16.6,28912486,489429716.55,16-FEB-2017,13753,INE040H01021,
SWANENERGY,EQ,151.55,154.5,148.5,153.95,154.0,150.2,386982,59025992.95,16-FEB-2017,3098,INE665A01038,
SWARAJENG,EQ,1399.0,1400.0,1371.0,1384.25,1395.0,1378.2,4285,5931531.2,16-FEB-2017,581,INE277A01016,
SWELECTES,EQ,348.0,349.95,343.55,345.05,345.1,343.25,2826,977626.4,16-FEB-2017,85,INE409B01013,
SYMPHONY,EQ,1279.95,1302.0,1251.5,1277.05,1270.0,1268.1,12049,15501031.05,16-FEB-2017,1677,INE225D01027,
SYNCOM,EQ,6.1,6.2,6.0,6.1,6.15,6.0,93101,565490.9,16-FEB-2017,164,INE602K01014,
SYNDIBANK,EQ,67.75,68.85,67.3,68.4,68.4,67.75,1323805,90259514.5,16-FEB-2017,5100,INE667A01018,
SYNGENE,EQ,476.05,500.0,463.0,494.7,496.0,475.6,456953,219233977.7,16-FEB-2017,16472,INE398R01022,
TAINWALCHM,BE,44.75,44.75,44.0,44.7,44.7,46.0,2558,112979.95,16-FEB-2017,15,INE123C01018,
TAJGVK,EQ,134.8,136.5,132.35,135.35,135.95,133.8,7095,955161.4,16-FEB-2017,227,INE586B01026,
TAKE,EQ,137.0,137.0,133.9,136.0,135.9,135.6,299554,40571262.6,16-FEB-2017,1305,INE142I01023,
TALBROAUTO,EQ,131.6,134.45,129.05,132.85,133.0,132.3,18727,2475713.0,16-FEB-2017,313,INE187D01011,
TALWALKARS,EQ,222.95,223.0,216.5,218.1,217.9,221.55,102592,22408775.85,16-FEB-2017,3082,INE502K01016,
TANLA,EQ,52.05,55.0,52.05,54.35,54.9,52.4,490067,26409284.75,16-FEB-2017,2335,INE483C01032,
TANTIACONS,BE,20.2,21.75,20.05,21.1,21.5,21.1,16391,338714.1,16-FEB-2017,112,INE388G01018,
TARAJEWELS,EQ,40.5,44.0,40.5,41.9,41.6,41.15,58565,2468545.8,16-FEB-2017,411,INE799L01016,
TARAPUR,BE,7.85,8.15,7.5,7.9,7.9,7.85,6817,52894.45,16-FEB-2017,23,INE747K01017,
TARMAT,EQ,44.8,44.8,42.55,43.8,43.4,44.15,1530,67103.75,16-FEB-2017,22,INE924H01018,
TATACHEM,EQ,551.1,569.9,549.05,567.1,565.9,551.3,405292,226423059.85,16-FEB-2017,21167,INE092A01019,
TATACOFFEE,EQ,118.4,120.2,116.7,119.7,119.35,117.5,276742,32957087.75,16-FEB-2017,2810,INE493A01027,
TATACOMM,EQ,733.05,745.0,728.6,742.1,744.9,730.5,565483,416914488.5,16-FEB-2017,9427,INE151A01013,
TATAELXSI,EQ,1435.0,1474.5,1431.1,1465.8,1465.0,1433.2,422949,618622036.7,16-FEB-2017,16004,INE670A01012,
TATAGLOBAL,EQ,139.2,140.7,138.1,140.1,140.65,138.75,942382,131408331.05,16-FEB-2017,8231,INE192A01025,
TATAINVEST,EQ,578.0,590.15,576.2,589.4,588.3,578.05,17939,10519366.9,16-FEB-2017,828,INE672A01018,
TATAMETALI,EQ,432.8,451.3,432.1,443.85,444.55,433.0,395571,175176872.45,16-FEB-2017,8140,INE056C01010,
TATAMOTORS,EQ,442.55,447.6,435.4,446.0,444.1,436.45,11622714,5148622594.65,16-FEB-2017,142277,INE155A01022,
TATAMTRDVR,EQ,270.35,277.7,267.25,275.8,274.45,268.3,3181343,867597183.35,16-FEB-2017,57960,IN9155A01020,
TATAPOWER,EQ,82.0,83.45,81.1,83.15,83.2,81.7,2925775,241961044.15,16-FEB-2017,14949,INE245A01021,
TATASPONGE,EQ,607.9,614.5,602.0,610.15,609.85,607.4,68857,41941346.85,16-FEB-2017,3471,INE674A01014,
TATASTEEL,EQ,464.7,471.5,455.65,469.95,471.45,460.1,4820369,2239685546.1,16-FEB-2017,54147,INE081A01012,
TBZ,EQ,68.4,68.9,67.1,67.75,68.0,67.65,65676,4460942.8,16-FEB-2017,857,INE760L01018,
TCI,EQ,188.05,192.0,184.4,185.45,186.5,188.75,36254,6819999.4,16-FEB-2017,1133,INE688A01022,
TCIDEVELOP,EQ,333.1,345.0,333.1,345.0,345.0,347.0,4,1356.2,16-FEB-2017,2,INE662L01016,
TCIEXP,EQ,293.55,298.85,291.5,296.75,297.0,294.65,9239,2729513.0,16-FEB-2017,209,INE586V01016,
TCIFINANCE,EQ,26.8,26.8,25.15,26.3,26.45,25.85,23019,601923.65,16-FEB-2017,175,INE911B01018,
TCS,EQ,2460.0,2478.0,2435.6,2447.75,2450.0,2413.7,2087840,5120936862.5,16-FEB-2017,99962,INE467B01029,
TDPOWERSYS,EQ,163.85,163.9,158.6,161.25,161.0,163.35,26125,4194772.95,16-FEB-2017,420,INE419M01019,
TEAMLEASE,EQ,850.0,874.0,850.0,873.6,874.0,860.2,4149,3607439.7,16-FEB-2017,186,INE985S01024,
TECHM,EQ,494.05,505.5,494.05,504.5,504.95,495.65,2591411,1304451543.5,16-FEB-2017,54433,INE669C01036,
TECHNO,EQ,371.95,375.0,368.55,369.7,369.75,372.85,218943,81230922.8,16-FEB-2017,7670,INE286K01024,
TECHNOFAB,EQ,194.0,199.75,193.0,194.9,195.0,194.25,16469,3196202.7,16-FEB-2017,81,INE509K01011,
TERASOFT,EQ,92.0,96.0,91.4,95.4,95.5,91.2,27700,2612629.2,16-FEB-2017,597,INE482B01010,
TEXINFRA,EQ,42.0,42.4,41.3,42.05,42.0,41.8,39014,1641095.25,16-FEB-2017,447,INE435C01024,
TEXMOPIPES,EQ,20.2,20.75,19.6,20.15,20.3,20.65,142510,2893469.95,16-FEB-2017,477,INE141K01013,
TEXRAIL,EQ,90.0,90.5,88.4,89.0,88.7,89.9,330039,29484476.35,16-FEB-2017,5719,INE621L01012,
TFCILTD,EQ,56.75,58.3,56.75,57.95,57.75,56.85,133399,7706483.0,16-FEB-2017,888,INE305A01015,
TFL,EQ,11.1,11.1,11.1,11.1,11.1,11.4,500,5550.0,16-FEB-2017,4,INE804H01012,
TGBHOTELS,EQ,62.0,62.4,60.9,61.15,60.95,61.2,41785,2564394.8,16-FEB-2017,479,INE797H01018,
THANGAMAYL,EQ,192.7,194.0,186.0,190.7,192.95,185.55,1421,270888.05,16-FEB-2017,91,INE085J01014,
THEMISMED,EQ,567.75,589.9,567.7,583.0,589.9,571.65,257,149465.4,16-FEB-2017,20,INE083B01016,
THERMAX,EQ,840.15,855.0,834.0,847.3,844.35,843.1,10077,8519295.65,16-FEB-2017,1816,INE152A01029,
THIRUSUGAR,EQ,62.0,65.9,60.2,64.05,63.9,62.15,48433,3062834.85,16-FEB-2017,993,INE409A01015,
THOMASCOOK,EQ,198.0,199.6,194.2,194.95,194.6,197.75,112897,22085363.55,16-FEB-2017,1201,INE332A01027,
THOMASCOTT,BE,15.4,15.4,14.0,15.0,15.0,14.7,1164,17703.2,16-FEB-2017,5,INE480M01011,
THYROCARE,EQ,703.0,711.0,702.05,704.35,707.0,698.3,11159,7865013.0,16-FEB-2017,796,INE594H01019,
TI,EQ,14.5,15.2,14.45,15.0,15.0,14.6,454830,6810504.3,16-FEB-2017,853,INE133E01013,
TIDEWATER,EQ,5991.25,6046.95,5909.85,5987.95,6000.05,5910.4,1240,7417790.4,16-FEB-2017,567,INE484C01022,
TIIL,EQ,439.85,440.5,430.0,430.45,430.0,444.3,6937,3015084.65,16-FEB-2017,358,INE545H01011,
TIJARIA,EQ,7.2,7.8,7.2,7.75,7.75,7.6,39348,295952.5,16-FEB-2017,26,INE440L01017,
TIL,EQ,295.3,299.8,294.05,296.15,296.95,295.1,5553,1651183.1,16-FEB-2017,272,INE806C01018,
TIMESGTY,EQ,33.15,33.15,33.15,33.15,33.15,31.6,3986,132135.9,16-FEB-2017,28,INE289C01025,
TIMETECHNO,EQ,92.55,94.15,92.1,92.9,92.1,93.25,45927,4288987.6,16-FEB-2017,483,INE508G01029,
TIMKEN,EQ,615.2,620.6,608.85,612.55,611.2,617.2,12173,7492433.1,16-FEB-2017,511,INE325A01013,
TINPLATE,EQ,79.85,80.8,79.0,79.9,79.85,79.35,158980,12718963.0,16-FEB-2017,1202,INE422C01014,
TIPSINDLTD,BE,61.5,62.0,59.15,59.15,59.15,59.75,524,32364.6,16-FEB-2017,4,INE716B01011,
TIRUMALCHM,EQ,817.0,845.0,791.05,829.65,827.0,819.25,110395,90922252.2,16-FEB-2017,6299,INE338A01016,
TITAN,EQ,408.55,426.0,408.55,424.0,426.0,412.45,1360235,570676630.35,16-FEB-2017,49817,INE280A01028,
TMRVL,EQ,186.5,191.0,186.0,189.85,190.6,186.05,49602,9384352.0,16-FEB-2017,523,INE759V01019,
TNPETRO,EQ,31.25,31.5,30.35,31.3,31.2,30.85,134952,4198683.9,16-FEB-2017,738,INE148A01019,
TNPL,EQ,340.0,351.8,338.95,349.85,350.45,340.0,92799,32228431.15,16-FEB-2017,3266,INE107A01015,
TNTELE,BE,3.4,3.5,3.4,3.5,3.5,3.35,821,2843.5,16-FEB-2017,5,INE141D01018,
TOKYOPLAST,EQ,102.9,105.0,101.0,103.2,103.75,101.95,12666,1311310.9,16-FEB-2017,240,INE932C01012,
TORNTPHARM,EQ,1230.1,1268.25,1226.85,1253.85,1257.0,1231.4,141553,176049371.0,16-FEB-2017,9292,INE685A01028,
TORNTPOWER,EQ,202.2,205.15,201.25,204.2,204.7,201.1,273723,55723170.65,16-FEB-2017,5287,INE813H01021,
TPLPLASTEH,EQ,468.05,471.05,454.55,459.85,456.0,469.85,3061,1421961.5,16-FEB-2017,139,INE413G01014,
TREEHOUSE,BE,20.75,21.55,20.1,21.25,21.5,20.75,111615,2320707.0,16-FEB-2017,322,INE040M01013,
TRENT,EQ,249.05,253.5,246.1,247.0,246.3,247.8,173539,43313666.25,16-FEB-2017,8700,INE849A01020,
TRF,EQ,193.0,197.0,192.1,192.85,192.3,192.3,20657,4007784.85,16-FEB-2017,776,INE391D01019,
TRICOM,EQ,1.1,1.1,1.0,1.1,1.05,1.05,72579,76174.05,16-FEB-2017,42,INE771B01032,
TRIDENT,EQ,67.3,70.8,67.3,69.6,69.5,67.1,1569360,109029321.6,16-FEB-2017,7470,INE064C01014,
TRIGYN,BE,103.8,105.95,103.55,104.35,104.95,104.8,29275,3058001.35,16-FEB-2017,161,INE948A01012,
TRIL,EQ,361.05,363.75,353.1,356.75,358.1,360.85,18882,6759482.95,16-FEB-2017,888,INE763I01018,
TRITURBINE,EQ,124.0,124.95,122.45,124.1,124.6,123.4,17720,2187221.15,16-FEB-2017,617,INE152M01016,
TRIVENI,EQ,69.5,71.25,67.7,70.4,70.4,69.3,678086,47447444.45,16-FEB-2017,4613,INE256C01024,
TTKHLTCARE,EQ,877.4,877.4,852.3,861.1,860.05,857.6,89,76536.5,16-FEB-2017,24,INE910C01018,
TTKPRESTIG,EQ,5519.0,5524.95,5311.0,5409.45,5385.15,5516.6,4148,22544909.0,16-FEB-2017,1721,INE690A01010,
TTL,EQ,51.05,56.1,51.05,52.3,52.05,51.45,10700,562453.85,16-FEB-2017,100,INE592B01016,
TTML,EQ,6.05,6.1,5.95,6.0,6.0,6.0,1031420,6210046.8,16-FEB-2017,624,INE517B01013,
TUBEINVEST,EQ,615.0,630.05,606.2,624.65,625.0,610.1,45105,27980168.85,16-FEB-2017,2433,INE149A01025,
TULSI,EQ,3.9,4.0,3.9,4.0,4.0,3.9,9405,37431.25,16-FEB-2017,17,INE474I01012,
TV18BRDCST,EQ,39.15,39.5,38.25,39.0,38.7,39.1,4456513,173031089.2,16-FEB-2017,6449,INE886H01027,
TVSELECT,EQ,183.0,183.85,175.3,178.45,179.0,182.3,154109,27518435.6,16-FEB-2017,2832,INE236G01019,
TVSMOTOR,EQ,410.35,423.9,401.35,422.4,422.0,410.35,1668124,696837690.35,16-FEB-2017,30016,INE494B01023,
TVSSRICHAK,EQ,3045.1,3189.95,3036.2,3076.6,3061.2,3062.8,6340,19583608.8,16-FEB-2017,1369,INE421C01016,
TVTODAY,EQ,268.7,274.0,268.3,268.65,268.3,268.8,47732,12913670.45,16-FEB-2017,1446,INE038F01029,
TVVISION,EQ,293.0,293.0,283.1,287.55,286.05,285.25,49021,14062150.1,16-FEB-2017,302,INE871L01013,
TWL,EQ,99.5,101.9,97.3,101.3,101.4,99.45,714145,71407141.5,16-FEB-2017,6128,INE615H01020,
UBHOLDINGS,EQ,32.55,32.95,29.35,29.35,29.35,32.6,639770,18908457.4,16-FEB-2017,1070,INE696A01025,
UBL,EQ,790.0,794.5,781.0,784.4,785.0,785.15,144211,113453503.45,16-FEB-2017,4485,INE686F01025,
UCALFUEL,EQ,183.05,184.85,179.55,181.2,181.4,182.95,69372,12641833.15,16-FEB-2017,1643,INE139B01016,
UCOBANK,EQ,36.1,36.45,35.8,36.15,36.1,36.05,460909,16663899.6,16-FEB-2017,2291,INE691A01018,
UFLEX,EQ,257.0,264.9,257.0,263.25,263.0,256.6,79417,20790266.85,16-FEB-2017,1990,INE516A01017,
UFO,EQ,405.0,411.0,402.1,407.25,405.4,405.3,35795,14547266.9,16-FEB-2017,2279,INE527H01019,
UGARSUGAR,EQ,33.4,35.2,32.1,34.7,35.2,32.8,697196,23668287.05,16-FEB-2017,3233,INE071E01023,
UJAAS,EQ,43.4,45.6,43.0,45.35,45.5,43.4,824731,36811475.4,16-FEB-2017,4230,INE899L01022,
UJJIVAN,EQ,411.85,435.7,407.95,431.95,435.0,410.95,1000061,423803615.8,16-FEB-2017,15977,INE334L01012,
ULTRACEMCO,EQ,3676.1,3744.0,3634.1,3714.25,3708.0,3678.15,174604,648254068.9,16-FEB-2017,17748,INE481G01011,
UMANGDAIRY,EQ,73.85,76.45,72.2,73.85,74.0,73.65,22494,1673052.75,16-FEB-2017,264,INE864B01027,
UNICHEMLAB,EQ,271.9,272.8,268.2,271.4,271.0,270.35,68368,18509832.3,16-FEB-2017,1329,INE351A01035,
UNIENTER,EQ,68.0,69.25,67.3,68.95,69.0,67.7,6674,456618.3,16-FEB-2017,91,INE037A01022,
UNIONBANK,EQ,143.0,143.5,140.3,141.65,141.45,141.45,3832761,544181469.25,16-FEB-2017,21567,INE692A01016,
UNIPLY,EQ,272.0,283.8,263.6,280.4,281.0,273.15,47032,13026799.7,16-FEB-2017,943,INE950G01015,
UNITECH,EQ,5.85,6.0,5.75,5.85,5.9,5.75,24919091,146662400.3,16-FEB-2017,8356,INE694A01020,
UNITEDBNK,EQ,24.7,24.85,24.2,24.65,24.6,24.65,364497,8957511.25,16-FEB-2017,1128,INE695A01019,
UNITEDTEA,EQ,313.3,316.0,313.3,316.0,316.0,317.45,2,629.3,16-FEB-2017,2,INE458F01011,
UNITY,EQ,8.75,8.8,8.3,8.65,8.7,8.45,91188,786619.6,16-FEB-2017,258,INE466H01028,
UNIVCABLES,EQ,96.05,100.8,95.1,98.9,99.0,96.65,81836,8045586.05,16-FEB-2017,847,INE279A01012,
UPERGANGES,EQ,349.1,365.55,342.05,358.55,358.1,348.25,231736,82338166.4,16-FEB-2017,5848,INE018B01012,
UPL,EQ,704.6,708.95,692.2,699.9,699.95,709.1,2170027,1518129820.5,16-FEB-2017,65789,INE628A01036,
USHAMART,EQ,17.8,18.4,17.5,17.95,17.95,17.65,903578,16155140.7,16-FEB-2017,3374,INE228A01035,
USHERAGRO,EQ,11.0,11.4,11.0,11.1,11.05,11.2,60153,670637.55,16-FEB-2017,174,INE235G01011,
UTINIFTETF,EQ,898.6,898.6,898.6,898.6,898.6,897.0,2,1797.2,16-FEB-2017,2,INF789FB1X41,
UTISENSETF,EQ,287.65,287.65,287.65,287.65,287.65,288.65,4,1150.6,16-FEB-2017,1,INF789FB1X58,
UTTAMSTL,EQ,30.6,31.15,29.8,30.6,30.5,30.4,100876,3084277.6,16-FEB-2017,754,INE699A01011,
UTTAMSUGAR,EQ,91.75,94.7,87.8,90.55,90.35,92.4,346207,31342158.25,16-FEB-2017,2745,INE786F01031,
UVSL,BE,0.85,0.85,0.75,0.85,0.85,0.8,1031176,859053.8,16-FEB-2017,147,INE292A01023,
V2RETAIL,EQ,175.0,187.5,174.0,182.25,183.0,173.3,374381,67561635.15,16-FEB-2017,5386,INE945H01013,
VADILALIND,EQ,654.0,699.5,654.0,682.4,682.1,652.4,95884,65152439.55,16-FEB-2017,4928,INE694D01016,
VAIBHAVGBL,EQ,422.0,430.75,416.0,419.5,419.0,422.25,20208,8493991.7,16-FEB-2017,1542,INE884A01019,
VAKRANGEE,EQ,309.8,311.9,308.95,310.65,310.5,308.7,2507667,778765905.5,16-FEB-2017,8696,INE051B01021,
VALUEIND,EQ,12.8,12.85,12.15,12.65,12.85,12.15,10644,132910.15,16-FEB-2017,44,INE352A01017,
VARDHACRLC,EQ,46.9,47.7,46.0,46.45,46.65,46.95,20195,938684.25,16-FEB-2017,166,INE116G01013,
VARDMNPOLY,EQ,71.5,72.4,69.25,71.15,71.35,70.7,236735,16785991.25,16-FEB-2017,1679,INE835A01011,
VASCONEQ,EQ,32.2,33.35,31.8,33.1,33.3,32.05,229239,7531423.4,16-FEB-2017,959,INE893I01013,
VASWANI,EQ,10.7,11.1,10.25,10.8,10.8,10.7,3676,38454.0,16-FEB-2017,22,INE590L01019,
VBL,EQ,404.5,404.5,392.0,401.25,403.7,403.4,153998,61378997.65,16-FEB-2017,1613,INE200M01013,
VEDL,EQ,249.2,264.45,242.85,263.2,263.8,247.65,17458413,4463699981.75,16-FEB-2017,120916,INE205A01025,
VENKEYS,EQ,803.6,839.4,802.0,828.4,835.0,800.8,638778,526266762.75,16-FEB-2017,23722,INE398A01010,
VENUSREM,EQ,95.5,104.0,93.8,95.5,96.0,95.5,98635,9508761.85,16-FEB-2017,2153,INE411B01019,
VESUVIUS,EQ,1200.0,1225.0,1198.05,1223.35,1225.0,1203.65,678,823064.45,16-FEB-2017,225,INE386A01015,
VETO,EQ,129.4,132.7,127.0,131.8,132.0,129.45,35385,4595893.7,16-FEB-2017,758,INE918N01018,
VGUARD,EQ,207.05,215.0,204.0,214.3,214.55,207.05,338750,71556617.05,16-FEB-2017,7136,INE951I01027,
VHL,EQ,2369.3,2490.0,2310.0,2441.9,2473.0,2373.35,352,844583.95,16-FEB-2017,158,INE701A01023,
VICEROY,EQ,19.5,20.1,19.3,19.75,19.9,19.5,48458,961001.9,16-FEB-2017,153,INE048C01017,
VIDEOIND,EQ,103.7,104.0,103.35,103.75,103.35,103.8,12141,1259803.45,16-FEB-2017,164,INE703A01011,
VIDHIDYE,EQ,51.2,52.5,50.25,52.0,52.15,51.55,43833,2268182.7,16-FEB-2017,448,INE632C01026,
VIJAYABANK,EQ,64.15,66.0,64.0,64.95,64.65,64.15,1168017,75973106.7,16-FEB-2017,6970,INE705A01016,
VIJIFIN,BE,9.05,9.8,9.05,9.3,9.65,9.45,7733,72920.55,16-FEB-2017,46,INE159N01027,
VIJSHAN,EQ,12.35,12.5,12.0,12.15,12.1,12.35,26999,329444.7,16-FEB-2017,109,INE806F01011,
VIKASECO,EQ,17.3,18.4,17.1,18.15,17.9,17.4,3502376,63048913.4,16-FEB-2017,4107,INE806A01020,
VIMALOIL,EQ,44.0,44.0,42.5,43.85,44.0,43.55,6480,282283.25,16-FEB-2017,71,INE067D01015,
VIMTALABS,EQ,108.25,109.65,107.35,108.05,108.0,108.3,66394,7190710.75,16-FEB-2017,648,INE579C01029,
VINATIORGA,EQ,729.5,737.0,717.8,729.95,736.0,725.95,9283,6762692.3,16-FEB-2017,767,INE410B01029,
VINDHYATEL,EQ,598.0,611.9,595.1,610.5,611.0,599.8,17488,10573659.65,16-FEB-2017,881,INE707A01012,
VINYLINDIA,EQ,62.0,63.95,62.0,62.95,62.5,62.6,5710,359267.3,16-FEB-2017,60,INE250B01029,
VIPCLOTHNG,EQ,51.4,52.45,50.5,51.3,51.2,51.4,50553,2585157.0,16-FEB-2017,563,INE450G01024,
VIPIND,EQ,145.0,153.8,142.05,149.1,148.95,145.05,555411,83270048.0,16-FEB-2017,6118,INE054A01027,
VIPULLTD,EQ,69.25,73.0,69.25,72.5,72.75,69.3,55890,3912360.0,16-FEB-2017,305,INE946H01037,
VISAKAIND,EQ,214.85,218.0,212.0,217.5,217.5,212.05,20301,4386424.55,16-FEB-2017,758,INE392A01013,
VISASTEEL,EQ,20.0,21.0,19.6,20.8,20.9,20.0,54512,1106862.35,16-FEB-2017,228,INE286H01012,
VISESHINFO,BE,0.15,0.2,0.15,0.15,0.2,0.2,1614184,286298.85,16-FEB-2017,85,INE861A01058,
VISHNU,EQ,280.65,297.7,280.05,288.5,289.95,281.3,5067,1472216.65,16-FEB-2017,304,INE270I01014,
VIVIDHA,EQ,2.35,2.4,2.3,2.35,2.35,2.35,574756,1336097.2,16-FEB-2017,152,INE370E01029,
VIVIMEDLAB,EQ,103.0,107.1,101.05,105.5,106.0,102.1,1216187,126547431.2,16-FEB-2017,8169,INE526G01021,
VKSPL,BE,0.1,0.15,0.1,0.15,0.15,0.15,270190,27074.1,16-FEB-2017,26,INE213M01024,
VLSFINANCE,EQ,55.1,56.4,53.2,55.25,55.75,53.9,46682,2582008.05,16-FEB-2017,431,INE709A01018,
VMART,EQ,672.05,757.95,652.25,720.9,713.55,670.4,355570,256084559.45,16-FEB-2017,19628,INE665J01013,
VOLTAMP,EQ,937.8,954.85,931.05,938.75,947.95,937.8,38944,36690034.3,16-FEB-2017,1621,INE540H01012,
VOLTAS,EQ,340.5,346.9,337.1,345.05,346.5,339.3,1585192,540739199.5,16-FEB-2017,29688,INE226A01021,
VRLLOG,EQ,294.85,298.95,292.65,295.2,295.0,295.0,35400,10452971.2,16-FEB-2017,804,INE366I01010,
VSSL,EQ,120.0,120.0,115.1,119.8,118.4,116.15,7336,870628.15,16-FEB-2017,111,INE050M01012,
VSTIND,EQ,2728.1,2773.0,2720.0,2757.8,2773.0,2729.25,2861,7835133.35,16-FEB-2017,200,INE710A01016,
VSTTILLERS,EQ,1872.1,1924.2,1855.05,1897.1,1881.5,1868.3,12393,23178815.85,16-FEB-2017,284,INE764D01017,
VTL,EQ,1283.0,1304.0,1283.0,1299.85,1295.0,1296.15,12023,15596288.2,16-FEB-2017,1772,INE825A01012,
WABAG,EQ,489.9,494.9,488.5,492.4,494.5,486.55,238666,117180364.55,16-FEB-2017,5000,INE956G01038,
WABCOINDIA,EQ,5375.05,5599.0,5374.55,5588.3,5590.0,5423.1,4888,27017820.4,16-FEB-2017,1845,INE342J01019,
WALCHANNAG,EQ,143.55,144.1,141.4,143.25,143.0,143.45,68968,9856178.75,16-FEB-2017,991,INE711A01022,
WANBURY,BE,63.5,63.5,63.5,63.5,63.5,66.8,4338,275463.0,16-FEB-2017,33,INE107F01022,
WEBELSOLAR,EQ,58.0,58.3,56.0,57.3,57.9,57.5,100247,5767052.85,16-FEB-2017,542,INE855C01015,
WEIZFOREX,EQ,241.0,243.9,240.0,240.2,240.0,241.05,688,166494.0,16-FEB-2017,16,INE726L01019,
WEIZMANIND,EQ,28.0,29.95,28.0,29.45,29.45,28.5,766,22003.35,16-FEB-2017,8,INE080A01014,
WELCORP,EQ,81.5,83.5,79.0,82.35,82.15,79.55,237295,19456187.2,16-FEB-2017,2634,INE191B01025,
WELENT,EQ,62.6,71.5,62.6,67.65,67.65,63.0,1480085,101691741.05,16-FEB-2017,8878,INE625G01013,
WELINV,EQ,81.4,83.0,81.4,83.0,83.0,82.7,30,2482.0,16-FEB-2017,2,INE389K01018,
WELSPUNIND,EQ,87.65,91.65,87.5,91.4,91.65,89.8,1125660,101444624.2,16-FEB-2017,8487,INE192B01031,
WENDT,EQ,1857.0,1881.95,1857.0,1864.85,1861.0,1895.25,142,264568.45,16-FEB-2017,30,INE274C01019,
WHEELS,EQ,1250.0,1260.0,1235.0,1241.1,1242.0,1254.7,968,1209831.75,16-FEB-2017,121,INE715A01015,
WHIRLPOOL,EQ,959.9,1024.0,945.35,999.7,1004.0,963.9,34616,33711226.4,16-FEB-2017,5199,INE716A01013,
WILLAMAGOR,EQ,66.0,69.6,64.3,67.65,67.55,66.1,42067,2812541.35,16-FEB-2017,306,INE210A01017,
WINDMACHIN,EQ,45.0,47.5,44.45,45.65,45.9,45.4,6443,295087.85,16-FEB-2017,68,INE052A01021,
WINSOME,EQ,1.95,1.95,1.85,1.95,1.95,1.9,10740,20267.45,16-FEB-2017,20,INE784B01035,
WIPRO,EQ,473.0,481.9,473.0,480.8,479.55,474.7,1062565,509035602.1,16-FEB-2017,23367,INE075A01022,
WOCKPHARMA,EQ,662.2,688.8,660.4,684.15,684.0,659.5,982576,663183589.75,16-FEB-2017,21101,INE049B01025,
WONDERLA,EQ,373.05,374.1,365.15,366.45,367.5,372.25,32431,11917949.35,16-FEB-2017,2116,INE066O01014,
WSI,EQ,8.75,8.8,8.45,8.45,8.45,8.8,3550,31097.5,16-FEB-2017,4,INE100D01014,
WSTCSTPAPR,EQ,154.05,161.95,154.05,160.7,160.0,154.8,177822,28210374.2,16-FEB-2017,4658,INE976A01021,
XCHANGING,EQ,50.5,51.9,50.05,51.45,51.5,50.8,13631,698690.6,16-FEB-2017,200,INE692G01013,
XLENERGY,EQ,2.9,3.2,2.9,3.2,3.2,2.9,701,2033.2,16-FEB-2017,5,INE183H01011,
XPROINDIA,EQ,45.2,46.5,45.1,46.15,46.5,45.35,6782,310513.55,16-FEB-2017,71,INE445C01015,
YESBANK,EQ,1432.5,1446.0,1426.0,1436.95,1438.6,1430.95,1678461,2409737645.8,16-FEB-2017,45621,INE528G01019,
ZANDUREALT,EQ,1233.65,1238.9,1218.0,1230.7,1231.95,1224.9,593,729294.25,16-FEB-2017,216,INE719A01017,
ZEEL,EQ,516.0,520.85,508.35,518.5,519.5,520.7,1917115,987469627.6,16-FEB-2017,39366,INE256A01028,
ZEELEARN,EQ,45.9,46.25,44.65,45.45,45.45,44.55,188033,8565628.05,16-FEB-2017,3318,INE565L01011,
ZEEMEDIA,EQ,35.55,35.65,35.0,35.45,35.4,35.3,292595,10341100.5,16-FEB-2017,1198,INE966H01019,
ZENITHBIR,BE,0.75,0.75,0.7,0.75,0.75,0.75,691,514.95,16-FEB-2017,5,INE318D01020,
ZENITHEXPO,EQ,47.9,47.9,47.9,47.9,47.9,47.9,1,47.9,16-FEB-2017,1,INE058B01018,
ZENSARTECH,EQ,933.05,944.95,920.6,941.85,943.5,935.0,5090,4766677.8,16-FEB-2017,796,INE520A01019,
ZENTEC,EQ,70.75,71.65,68.6,71.0,70.9,70.35,130147,9152989.6,16-FEB-2017,2152,INE251B01027,
ZICOM,EQ,40.0,41.5,39.9,40.05,40.0,40.65,167979,6769053.7,16-FEB-2017,1254,INE871B01014,
ZODIACLOTH,EQ,192.85,192.85,187.0,188.25,189.4,189.45,796,149752.05,16-FEB-2017,48,INE206B01013,
ZODJRDMKJ,EQ,35.0,35.0,35.0,35.0,35.0,35.0,1,35.0,16-FEB-2017,1,INE077B01018,
ZUARI,EQ,319.4,332.0,316.85,324.35,324.05,316.35,77525,25231092.75,16-FEB-2017,2294,INE840M01016,
ZUARIGLOB,EQ,113.35,115.6,113.0,113.75,113.0,113.15,12962,1481289.55,16-FEB-2017,181,INE217A01012,
ZYDUSWELL,EQ,842.0,855.45,820.0,823.4,823.0,821.75,11377,9457290.3,16-FEB-2017,1560,INE768C01010,
ZYLOG,BE,4.85,5.1,4.8,4.95,5.0,4.95,14754,73374.85,16-FEB-2017,43,INE225I01026,
