SYMBOL,SERIES,OPEN,HIGH,LOW,CLOSE,LAST,PREVCLOSE,TOTTRDQTY,TOTTRDVAL,TIMESTAMP,TOTALTRADES,ISIN,UNNAMED: 13
20MICRONS,BE,93.7,95.2,92.0,93.25,94.0,93.7,136912,12866533.85,13-JUL-2023,445,INE144J01027,
21STCENMGM,EQ,20.7,20.7,19.9,19.9,19.9,20.3,8272,167765.2,13-JUL-2023,106,INE253B01015,
360ONE,EQ,502.45,506.85,493.15,501.85,502.4,502.45,197745,99125287.55,13-JUL-2023,20001,INE466L01038,
3IINFOLTD,EQ,33.95,34.1,32.25,32.55,32.8,33.85,1507647,49582911.45,13-JUL-2023,7067,INE748C01038,
3MINDIA,EQ,28690.0,28950.0,28412.25,28842.95,28950.0,28454.9,2963,85288449.6,13-JUL-2023,1994,INE470A01017,
3PLAND,BE,20.25,20.3,19.5,20.0,20.0,19.4,5233,104156.4,13-JUL-2023,35,INE105C01023,
4THDIM,BE,15.75,15.95,15.75,15.95,15.95,15.65,58796,935928.7,13-JUL-2023,257,INE382T01030,
5PAISA,EQ,435.0,444.3,410.4,416.15,412.6,417.8,654864,283301920.8,13-JUL-2023,25817,INE618L01018,
63MOONS,EQ,248.8,272.25,247.2,271.55,272.25,247.5,1717297,463381413.25,13-JUL-2023,12980,INE111B01023,
A2ZINFRA,BE,6.85,7.15,6.85,6.9,6.9,6.85,205620,1438119.7,13-JUL-2023,172,INE619I01012,
AAATECH,EQ,53.25,54.2,52.05,53.15,53.9,53.75,8813,470528.75,13-JUL-2023,206,INE0D0U01013,
AAKASH,BE,6.0,6.0,5.8,5.85,5.85,5.9,253066,1481287.3,13-JUL-2023,552,INE087Z01024,
AAREYDRUGS,EQ,33.55,34.05,32.55,32.8,32.8,33.4,46913,1569346.3,13-JUL-2023,721,INE198H01019,
AARON,BE,241.9,241.9,234.0,234.85,234.0,237.9,5472,1296987.55,13-JUL-2023,312,INE721Z01010,
AARTECH,EQ,121.0,123.45,116.6,116.6,116.6,122.7,43923,5256828.15,13-JUL-2023,557,INE01C001018,
AARTIDRUGS,EQ,495.05,501.4,486.0,487.8,487.05,492.65,434004,213300928.1,13-JUL-2023,17969,INE767A01016,
AARTIIND,EQ,456.1,456.65,445.0,448.3,448.8,455.5,1275248,573809862.55,13-JUL-2023,35231,INE769A01020,
AARTIPHARM,EQ,341.7,344.5,333.85,335.5,336.0,341.7,128205,43378754.3,13-JUL-2023,7122,INE0LRU01027,
AARTISURF,EQ,622.0,622.0,605.05,608.5,613.15,617.95,10139,6216773.15,13-JUL-2023,1239,INE09EO01013,
AARVEEDEN,EQ,20.5,20.55,20.0,20.05,20.15,20.25,10597,214680.05,13-JUL-2023,120,INE273D01019,
AARVI,EQ,144.45,145.45,140.35,140.6,140.35,141.95,36911,5269922.45,13-JUL-2023,764,INE754X01016,
AAVAS,EQ,1552.7,1559.35,1514.15,1525.3,1528.0,1548.95,280874,431825238.85,13-JUL-2023,18219,INE216P01012,
ABAN,EQ,40.3,40.8,39.65,39.75,39.95,40.15,70059,2812912.8,13-JUL-2023,813,INE421A01028,
ABB,EQ,4544.75,4558.0,4395.0,4407.3,4426.0,4528.45,226427,1008260675.0,13-JUL-2023,28466,INE117A01022,
ABBOTINDIA,EQ,23600.0,23678.05,23300.0,23392.55,23400.0,23564.5,7927,186158914.3,13-JUL-2023,3250,INE358A01014,
ABCAPITAL,EQ,190.0,192.0,186.3,187.45,187.6,188.45,4837540,917811358.4,13-JUL-2023,28511,INE674K01013,
ABFRL,EQ,214.8,217.8,211.6,216.6,217.1,213.75,8812723,1891423045.35,13-JUL-2023,26991,INE647O01011,
ABSLAMC,EQ,381.7,381.7,377.5,379.85,379.95,378.4,75525,28633785.1,13-JUL-2023,2728,INE404A01024,
ABSLBANETF,EQ,45.79,45.79,44.91,44.97,44.93,44.99,27700,1252348.86,13-JUL-2023,357,INF209KB17D5,
ABSLNN50ET,EQ,45.31,45.79,45.06,45.32,45.55,45.14,11346,515039.95,13-JUL-2023,203,INF209KB16D7,
ACC,EQ,1790.0,1796.5,1764.3,1770.5,1771.35,1789.65,440574,786493865.1,13-JUL-2023,17026,INE012A01025,
ACCELYA,EQ,1303.05,1315.95,1280.5,1286.2,1288.9,1303.7,14697,19013256.15,13-JUL-2023,2388,INE793A01012,
ACCURACY,BE,10.55,10.7,10.35,10.35,10.5,10.55,168284,1761701.75,13-JUL-2023,471,INE648Z01023,
ACE,EQ,619.8,628.55,596.25,599.9,602.7,613.4,465963,284506817.4,13-JUL-2023,11935,INE731H01025,
ACEINTEG,BE,37.8,37.8,36.0,36.0,36.0,37.8,304,11331.5,13-JUL-2023,9,INE543V01017,
ACI,EQ,542.7,542.7,532.1,533.65,532.85,538.85,130335,69731519.15,13-JUL-2023,7635,INE128X01021,
ACL,EQ,86.8,86.8,83.15,84.45,84.9,85.1,16808,1434491.55,13-JUL-2023,628,INE666E01020,
ADANIENT,EQ,2397.0,2405.7,2355.55,2362.05,2363.0,2387.9,1247741,2970900602.65,13-JUL-2023,54521,INE423A01024,
ADANIGREEN,EQ,960.0,970.0,945.0,947.05,946.15,954.55,542919,520541200.5,13-JUL-2023,24566,INE364U01010,
ADANIPORTS,EQ,724.95,729.25,715.0,717.2,717.5,724.2,1378288,996219647.1,13-JUL-2023,36319,INE742F01042,
ADANIPOWER,EQ,242.25,242.95,235.85,237.2,236.95,240.85,2138783,511491349.15,13-JUL-2023,38961,INE814H01011,
ADANITRANS,EQ,757.9,757.9,743.05,745.2,745.0,752.65,507356,380145488.75,13-JUL-2023,21381,INE931S01010,
ADFFOODS,EQ,1048.8,1057.0,1027.9,1030.65,1030.1,1043.55,13953,14477537.7,13-JUL-2023,2034,INE982B01019,
ADL,BE,79.2,79.2,75.2,78.0,78.0,77.5,930,71456.2,13-JUL-2023,21,INE0CHO01012,
ADORWELD,EQ,1284.7,1299.0,1252.1,1266.4,1272.1,1264.15,23229,29704015.85,13-JUL-2023,4121,INE045A01017,
ADROITINFO,BE,19.1,19.2,18.15,18.8,18.95,18.3,35752,679402.3,13-JUL-2023,149,INE737B01033,
ADSL,EQ,120.45,125.45,118.5,122.0,121.6,119.6,1043793,126834379.95,13-JUL-2023,11645,INE102I01027,
ADVANIHOTR,EQ,92.55,95.9,90.95,91.4,91.15,91.45,203429,19084192.7,13-JUL-2023,2649,INE199C01026,
ADVENZYMES,EQ,285.5,288.85,280.0,283.45,281.75,285.0,232142,66223833.85,13-JUL-2023,5538,INE837H01020,
AEGISCHEM,EQ,358.75,359.15,339.05,346.4,345.95,356.95,885939,307398952.65,13-JUL-2023,18216,INE208C01025,
AETHER,EQ,1090.0,1097.0,1069.0,1077.0,1073.0,1074.9,136053,147742538.95,13-JUL-2023,9136,INE0BWX01014,
AFFLE,EQ,1057.25,1088.0,1053.5,1065.8,1066.0,1057.25,260738,279155227.2,13-JUL-2023,21226,INE00WC01027,
AGARIND,EQ,638.0,687.95,638.0,666.5,670.0,629.05,281591,187338635.15,13-JUL-2023,21521,INE204E01012,
AGI,EQ,619.25,630.0,602.15,605.45,611.6,620.45,115122,71304721.05,13-JUL-2023,8433,INE415A01038,
AGRITECH,EQ,100.0,101.0,98.1,99.05,99.3,99.7,10465,1038888.2,13-JUL-2023,320,INE449G01018,
AGROPHOS,EQ,34.8,35.2,34.0,34.25,34.0,34.45,34192,1181489.65,13-JUL-2023,361,INE740V01019,
AGSTRA,EQ,57.4,57.9,56.35,56.6,56.75,57.25,165561,9447078.6,13-JUL-2023,1478,INE583L01014,
AHL,EQ,301.5,309.7,299.55,305.65,305.6,298.8,235987,72214427.3,13-JUL-2023,3380,INE00ZE01026,
AHLADA,EQ,112.25,115.0,111.65,112.5,112.5,112.25,11512,1299777.15,13-JUL-2023,151,INE00PV01013,
AHLEAST,EQ,126.0,126.0,123.1,125.25,125.45,124.4,2259,281225.35,13-JUL-2023,99,INE926K01017,
AHLUCONT,EQ,691.95,698.5,662.0,665.85,670.0,689.6,106827,72674800.65,13-JUL-2023,6601,INE758C01029,
AIAENG,EQ,3342.0,3402.35,3314.45,3360.55,3360.0,3328.45,61344,205596379.35,13-JUL-2023,12786,INE212H01026,
AIRAN,EQ,17.85,18.05,17.55,17.7,17.8,17.85,168128,3005073.55,13-JUL-2023,925,INE645W01026,
AIROLAM,EQ,92.9,93.5,87.0,88.65,88.7,91.85,22251,2011522.3,13-JUL-2023,571,INE801L01010,
AJANTPHARM,EQ,1431.25,1444.35,1404.4,1411.15,1415.0,1423.8,92860,131420351.7,13-JUL-2023,11751,INE031B01049,
AJMERA,EQ,371.9,374.0,355.0,358.8,360.0,370.1,58307,21213244.25,13-JUL-2023,4638,INE298G01027,
AJOONI,BE,4.45,4.5,4.2,4.4,4.4,4.35,225391,971095.35,13-JUL-2023,531,INE820Y01021,
AKASH,BE,27.35,27.35,26.15,26.45,26.9,26.65,10588,282866.6,13-JUL-2023,75,INE737W01013,
AKG,BE,27.95,28.4,26.8,28.1,28.4,27.15,65865,1855349.7,13-JUL-2023,166,INE00Y801016,
AKI,BE,22.45,22.5,21.55,22.3,22.3,22.3,17285,379434.85,13-JUL-2023,63,INE642Z01026,
AKSHAR,BE,71.0,71.0,69.0,70.65,70.0,70.0,1712,120121.05,13-JUL-2023,59,INE256Z01017,
AKSHARCHEM,EQ,239.75,244.0,235.0,235.5,237.6,238.45,10684,2556914.1,13-JUL-2023,1483,INE542B01011,
AKSHOPTFBR,EQ,8.25,8.35,8.2,8.2,8.25,8.25,227225,1876084.5,13-JUL-2023,439,INE523B01011,
AKZOINDIA,EQ,2754.9,2800.0,2730.0,2737.75,2730.0,2722.55,30599,84369304.95,13-JUL-2023,6334,INE133A01011,
ALANKIT,BE,11.85,12.8,11.85,12.1,12.25,12.45,498336,6119536.25,13-JUL-2023,958,INE914E01040,
ALBERTDAVD,EQ,670.0,675.0,650.5,653.35,657.0,665.1,46960,31391901.05,13-JUL-2023,6378,INE155C01010,
ALEMBICLTD,EQ,78.6,79.15,76.9,77.3,77.15,78.25,572364,44741663.55,13-JUL-2023,5052,INE426A01027,
ALICON,EQ,853.95,867.9,816.0,831.25,831.65,844.15,19582,16425597.8,13-JUL-2023,3667,INE062D01024,
ALKALI,BE,113.4,113.9,110.0,110.35,110.05,112.85,7188,800154.65,13-JUL-2023,96,INE773I01017,
ALKEM,EQ,3525.1,3550.0,3495.0,3511.15,3506.0,3529.0,146039,516266269.7,13-JUL-2023,11163,INE540L01014,
ALKYLAMINE,EQ,2499.95,2515.0,2455.4,2460.8,2462.9,2475.7,27537,68361486.5,13-JUL-2023,6305,INE150B01039,
ALLCARGO,EQ,291.1,292.85,287.75,289.4,290.1,289.7,212021,61499868.3,13-JUL-2023,6165,INE418H01029,
ALLSEC,EQ,516.0,538.55,510.2,527.35,525.1,513.95,15135,7979125.9,13-JUL-2023,1920,INE835G01018,
ALMONDZ,EQ,78.75,79.0,76.4,77.95,78.0,78.05,8738,681423.7,13-JUL-2023,126,INE326B01027,
ALOKINDS,EQ,16.1,16.25,15.6,15.75,15.85,16.0,5186570,82730627.65,13-JUL-2023,8186,INE270A01029,
ALPA,EQ,72.4,73.4,69.2,71.15,70.25,69.55,224051,16058063.7,13-JUL-2023,2255,INE385I01010,
ALPHAGEO,EQ,275.95,278.4,272.85,275.85,275.5,273.65,10842,2988060.3,13-JUL-2023,1883,INE137C01018,
ALPSINDUS,BE,1.75,1.75,1.7,1.75,1.75,1.7,16561,28969.15,13-JUL-2023,81,INE093B01015,
AMARAJABAT,EQ,700.95,706.0,681.25,687.7,689.8,699.75,304274,211175806.35,13-JUL-2023,14317,INE885A01032,
AMBER,EQ,2243.65,2244.05,2180.05,2188.05,2190.0,2230.9,75610,166719076.85,13-JUL-2023,8525,INE371P01015,
AMBICAAGAR,BE,39.35,41.0,38.55,39.8,39.45,40.35,62243,2466521.9,13-JUL-2023,196,INE792B01012,
AMBIKCO,EQ,1606.0,1613.75,1583.95,1604.15,1603.0,1603.05,14822,23777772.4,13-JUL-2023,2156,INE540G01014,
AMBUJACEM,EQ,421.55,422.65,414.65,416.9,416.4,421.55,2744632,1149906010.25,13-JUL-2023,32957,INE079A01024,
AMDIND,BE,69.0,71.0,66.85,68.65,67.75,70.2,12194,842676.1,13-JUL-2023,135,INE005I01014,
AMIORG,EQ,1209.95,1215.35,1130.0,1149.5,1149.9,1209.2,190649,224581750.85,13-JUL-2023,16116,INE00FF01017,
AMJLAND,EQ,28.4,31.25,27.8,28.75,28.6,28.1,717365,21289425.5,13-JUL-2023,4536,INE606A01024,
AMRUTANJAN,EQ,728.0,728.0,707.5,709.25,711.0,732.45,61617,44194983.05,13-JUL-2023,5278,INE098F01031,
ANANDRATHI,EQ,985.0,1092.65,975.0,1002.35,1008.2,933.0,1955903,2010025373.95,13-JUL-2023,67977,INE463V01026,
ANANTRAJ,EQ,184.0,186.95,178.8,182.1,182.0,182.95,611007,111754612.8,13-JUL-2023,6338,INE242C01024,
ANDHRAPAP,EQ,427.0,428.55,417.1,419.95,419.8,424.65,65015,27492663.3,13-JUL-2023,2294,INE435A01028,
ANDHRSUGAR,EQ,110.9,111.5,107.1,107.4,107.4,110.65,364652,39693847.8,13-JUL-2023,4734,INE715B01021,
ANDREWYU,EQ,25.3,25.6,24.6,24.85,24.85,25.25,352381,8818894.0,13-JUL-2023,1244,INE449C01025,
ANGELONE,EQ,1761.0,1804.85,1730.25,1744.15,1757.25,1747.55,831590,1479806917.15,13-JUL-2023,38550,INE732I01013,
ANIKINDS,EQ,31.7,32.0,31.25,31.5,31.55,31.6,52946,1668533.2,13-JUL-2023,248,INE087B01017,
ANMOL,EQ,230.9,230.9,222.0,223.45,223.0,229.75,228586,51727095.35,13-JUL-2023,6082,INE02AR01019,
ANSALAPI,BE,8.7,9.05,8.6,8.6,8.6,9.05,126580,1107175.0,13-JUL-2023,199,INE436A01026,
ANTGRAPHIC,EQ,0.65,0.65,0.6,0.65,0.65,0.65,416631,257322.15,13-JUL-2023,223,INE414B01021,
ANUP,EQ,1922.0,1936.45,1870.05,1878.5,1882.1,1913.45,17355,32879269.3,13-JUL-2023,3426,INE294Z01018,
ANURAS,EQ,1037.0,1070.0,1017.35,1039.45,1038.3,1035.4,464041,482162044.6,13-JUL-2023,11061,INE930P01018,
APARINDS,EQ,3493.2,3589.8,3393.85,3468.15,3469.1,3484.0,77280,270788755.0,13-JUL-2023,13016,INE372A01015,
APCL,EQ,179.05,182.0,175.75,180.6,180.0,181.1,12744,2286689.0,13-JUL-2023,394,INE071F01012,
APCOTEXIND,EQ,535.0,565.0,535.0,556.05,558.0,534.05,87504,48081862.6,13-JUL-2023,4969,INE116A01032,
APEX,EQ,216.0,220.3,214.3,217.4,217.1,213.75,228178,49592244.55,13-JUL-2023,7962,INE346W01013,
APLAPOLLO,EQ,1323.6,1360.0,1313.05,1347.55,1348.0,1310.75,1000443,1347403392.15,13-JUL-2023,37047,INE702C01027,
APLLTD,EQ,660.0,660.0,643.95,652.75,655.0,657.2,87883,57239215.2,13-JUL-2023,6307,INE901L01018,
APOLLO,EQ,53.25,53.25,51.25,53.15,53.25,50.75,5894667,312014855.75,13-JUL-2023,11986,INE713T01028,
APOLLOHOSP,EQ,5289.9,5289.9,5168.0,5182.0,5189.95,5252.05,338327,1765459054.85,13-JUL-2023,40996,INE437A01024,
APOLLOPIPE,EQ,717.75,729.0,710.0,712.05,714.0,713.65,79338,56949016.1,13-JUL-2023,6871,INE126J01016,
APOLLOTYRE,EQ,434.0,434.4,423.3,424.55,427.0,432.6,1160649,496819127.45,13-JUL-2023,18099,INE438A01022,
APOLSINHOT,BE,1370.55,1370.55,1332.05,1336.9,1340.0,1337.1,399,537015.85,13-JUL-2023,46,INE451F01024,
APTECHT,EQ,480.3,497.0,475.6,481.4,485.0,478.35,444415,217038844.65,13-JUL-2023,17457,INE266F01018,
APTUS,EQ,261.65,272.25,260.45,262.55,263.3,260.0,1226564,326913058.5,13-JUL-2023,21132,INE852O01025,
ARCHIDPLY,BE,75.25,75.25,71.3,71.5,71.3,73.15,28232,2046310.7,13-JUL-2023,219,INE877I01016,
ARCHIES,BE,26.9,27.4,26.35,26.75,27.15,27.0,31394,841337.3,13-JUL-2023,152,INE731A01020,
ARENTERP,BE,35.7,35.7,33.0,33.8,33.8,34.7,1246,41666.85,13-JUL-2023,32,INE610C01014,
ARIES,EQ,166.0,170.1,163.1,163.8,163.8,166.15,41477,6899667.05,13-JUL-2023,1572,INE298I01015,
ARIHANTCAP,EQ,38.8,39.4,37.8,38.05,38.1,39.05,95990,3675187.8,13-JUL-2023,864,INE420B01036,
ARIHANTSUP,EQ,180.0,182.8,175.8,176.85,177.5,180.4,97050,17322566.05,13-JUL-2023,1480,INE643K01018,
ARMANFIN,EQ,2226.8,2260.15,2103.05,2170.75,2171.7,2226.8,35932,78055897.2,13-JUL-2023,7286,INE109C01017,
AROGRANITE,EQ,41.45,47.6,41.0,44.15,45.0,41.45,465190,21134189.95,13-JUL-2023,3152,INE210C01013,
ARROWGREEN,BE,322.9,328.0,317.75,319.2,324.0,317.75,4664,1502791.0,13-JUL-2023,111,INE570D01018,
ARSHIYA,BE,4.4,4.4,4.2,4.2,4.25,4.35,202715,864788.3,13-JUL-2023,296,INE968D01022,
ARSSINFRA,BE,20.75,20.75,19.4,19.9,19.9,20.35,5757,113113.55,13-JUL-2023,42,INE267I01010,
ARTEMISMED,EQ,124.7,125.5,119.4,121.2,122.35,123.75,163169,19843128.35,13-JUL-2023,2309,INE025R01021,
ARTNIRMAN,BE,59.35,59.35,55.6,56.3,56.75,58.25,10664,601775.2,13-JUL-2023,125,INE738V01013,
ARVEE,BE,116.2,116.2,116.1,116.2,116.2,119.2,147,17080.2,13-JUL-2023,10,INE006Z01016,
ARVIND,EQ,137.4,137.9,131.75,132.75,132.85,136.35,1154153,155274116.4,13-JUL-2023,12424,INE034A01011,
ARVINDFASN,EQ,356.4,356.4,345.0,347.5,345.35,355.75,101329,35455758.2,13-JUL-2023,4765,INE955V01021,
ARVSMART,EQ,350.05,360.95,346.0,348.05,348.0,350.65,65515,23222475.45,13-JUL-2023,3006,INE034S01021,
ASAHIINDIA,EQ,538.0,539.7,523.2,525.75,525.0,534.6,106165,56208108.3,13-JUL-2023,4942,INE439A01020,
ASAHISONG,EQ,226.5,228.6,223.5,224.15,224.0,226.5,11487,2589971.55,13-JUL-2023,360,INE228I01012,
ASAL,EQ,434.15,438.45,405.1,409.65,412.95,434.15,140448,58932989.2,13-JUL-2023,8831,INE900C01027,
ASALCBR,EQ,442.05,453.9,438.0,452.6,453.4,436.6,247568,111132789.25,13-JUL-2023,10052,INE073G01016,
ASHAPURMIN,EQ,119.95,122.0,117.4,118.05,118.6,119.2,297806,35593803.85,13-JUL-2023,3609,INE348A01023,
ASHIANA,EQ,228.0,228.0,206.55,208.45,208.0,198.2,2028388,441091993.1,13-JUL-2023,32888,INE365D01021,
ASHIMASYN,EQ,13.8,13.95,13.5,13.6,13.7,13.8,276256,3773826.55,13-JUL-2023,240,INE440A01010,
ASHOKA,EQ,93.8,95.45,93.0,94.6,95.25,92.7,6950453,656592939.9,13-JUL-2023,29464,INE442H01029,
ASHOKAMET,EQ,25.45,28.65,24.85,26.8,26.6,23.9,2311084,63181680.95,13-JUL-2023,10550,INE760Y01011,
ASHOKLEY,EQ,170.65,173.0,169.05,170.3,170.25,169.8,18850785,3225721693.75,13-JUL-2023,82239,INE208A01029,
ASIANHOTNR,BE,155.0,164.95,155.0,159.1,159.1,160.15,5082,797920.1,13-JUL-2023,53,INE363A01022,
ASIANPAINT,EQ,3425.0,3425.0,3384.35,3398.55,3401.0,3406.75,750126,2550282726.25,13-JUL-2023,65376,INE021A01026,
ASIANTILES,EQ,47.55,48.15,46.8,46.95,47.0,47.55,410178,19469467.25,13-JUL-2023,3329,INE022I01019,
ASPINWALL,EQ,236.5,236.5,225.3,229.7,229.9,234.8,3722,863738.7,13-JUL-2023,161,INE991I01015,
ASTEC,EQ,1305.0,1327.9,1292.0,1302.3,1305.0,1298.95,8097,10632191.0,13-JUL-2023,1251,INE563J01010,
ASTERDM,EQ,311.35,313.5,300.0,302.35,301.9,310.05,286606,87827247.85,13-JUL-2023,8966,INE914M01019,
ASTRAL,EQ,1866.95,1866.95,1820.0,1846.15,1850.0,1839.55,751133,1387445181.85,13-JUL-2023,41587,INE006I01046,
ASTRAMICRO,EQ,367.3,377.0,354.8,358.05,359.7,366.2,505203,185710656.5,13-JUL-2023,17493,INE386C01029,
ASTRAZEN,EQ,3713.0,3819.0,3713.0,3769.85,3782.5,3749.0,15866,60158005.65,13-JUL-2023,4348,INE203A01020,
ASTRON,EQ,25.55,25.55,25.0,25.25,25.35,25.2,11676,294769.3,13-JUL-2023,216,INE646X01014,
ATALREAL,EQ,119.75,119.9,118.0,119.45,118.0,119.15,156709,18695608.7,13-JUL-2023,1929,INE0ALR01011,
ATAM,BE,214.9,214.95,209.45,211.5,212.0,213.6,5692,1206942.7,13-JUL-2023,278,INE09KD01013,
ATFL,EQ,847.0,863.0,847.0,855.3,854.0,856.35,1813,1551589.95,13-JUL-2023,259,INE209A01019,
ATGL,EQ,638.0,638.0,630.0,630.25,630.55,635.7,583021,368454513.1,13-JUL-2023,29850,INE399L01023,
ATLANTA,EQ,14.15,14.6,13.85,14.2,14.05,14.3,25124,356774.55,13-JUL-2023,428,INE285H01022,
ATUL,EQ,6580.0,6635.0,6510.15,6548.4,6540.0,6569.6,72167,472738605.8,13-JUL-2023,6207,INE100A01010,
ATULAUTO,EQ,336.9,338.0,328.55,332.95,332.25,333.15,95517,31802998.65,13-JUL-2023,3339,INE951D01028,
AUBANK,EQ,773.05,784.7,758.7,760.2,764.0,770.75,2268892,1747720262.95,13-JUL-2023,59489,INE949L01017,
AURIONPRO,BE,1033.95,1033.95,975.0,980.05,981.2,1009.75,22028,21779065.85,13-JUL-2023,558,INE132H01018,
AUROPHARMA,EQ,742.4,742.9,720.55,724.4,725.4,735.05,1090657,796768756.7,13-JUL-2023,24931,INE406A01037,
AURUM,EQ,132.45,134.95,128.0,128.6,129.0,131.0,143055,18873084.85,13-JUL-2023,2133,INE898S01029,
AUSOMENT,EQ,62.0,62.65,59.65,62.2,62.55,62.65,15140,925560.85,13-JUL-2023,183,INE218C01016,
AUTOAXLES,EQ,2248.5,2274.0,2195.45,2201.5,2208.0,2248.5,27893,62255771.85,13-JUL-2023,4002,INE449A01011,
AUTOBEES,EQ,157.92,159.0,156.15,156.63,158.0,157.9,175067,27586947.44,13-JUL-2023,1374,INF204KC1337,
AUTOIND,EQ,70.1,72.7,69.1,70.45,70.3,71.2,127568,9051481.8,13-JUL-2023,1192,INE718H01014,
AVADHSUGAR,EQ,541.0,546.25,538.55,540.85,541.45,541.0,68935,37377592.1,13-JUL-2023,4268,INE349W01017,
AVALON,EQ,667.8,714.15,662.2,697.0,700.0,661.9,1177974,820344024.35,13-JUL-2023,46016,INE0LCL01028,
AVANTIFEED,EQ,407.85,422.8,405.05,408.3,409.0,405.75,797719,331677107.3,13-JUL-2023,25268,INE871C01038,
AVG,EQ,269.85,270.0,257.15,260.65,258.0,265.45,36803,9781989.8,13-JUL-2023,1853,INE680Z01018,
AVONMORE,EQ,78.7,82.6,78.7,79.1,79.45,79.25,35017,2807934.5,13-JUL-2023,351,INE323B01016,
AVROIND,EQ,128.8,128.8,113.05,114.95,116.5,125.6,157456,18520960.5,13-JUL-2023,3069,INE652Z01017,
AVTNPL,EQ,89.95,90.0,85.0,85.85,86.4,89.2,348882,30280665.0,13-JUL-2023,5089,INE488D01021,
AWHCL,EQ,318.4,328.1,309.5,311.7,312.0,315.7,207456,66270314.3,13-JUL-2023,9917,INE01BK01022,
AWL,EQ,402.1,404.0,397.0,398.75,398.75,401.6,876459,350568805.65,13-JUL-2023,25880,INE699H01024,
AXISBANK,EQ,956.3,966.0,952.15,960.15,962.25,950.0,13079930,12562427927.05,13-JUL-2023,255509,INE238A01034,
AXISBNKETF,EQ,450.0,457.98,450.0,452.55,452.1,452.63,544,247028.77,13-JUL-2023,41,INF846K01X63,
AXISBPSETF,EQ,11.35,11.35,11.05,11.05,11.05,11.04,8527,94287.79,13-JUL-2023,305,INF846K01Z04,
AXISCADES,BE,505.0,530.0,490.0,501.1,498.0,507.6,117887,60314195.35,13-JUL-2023,1545,INE555B01013,
AXISCETF,EQ,85.37,86.0,84.76,85.08,85.31,85.37,698,59665.51,13-JUL-2023,39,INF846K016C7,
AXISGOLD,EQ,50.92,50.92,50.45,50.76,50.79,50.35,133070,6746170.6,13-JUL-2023,1277,INF846K01W80,
AXISHCETF,EQ,91.35,91.99,91.01,91.51,91.6,91.71,2543,232940.42,13-JUL-2023,71,INF846K01Z12,
AXISILVER,EQ,73.6,75.48,73.6,74.43,74.4,72.22,19579,1456039.0,13-JUL-2023,203,INF846K011K1,
AXISNIFTY,EQ,208.82,209.9,206.93,207.6,207.54,207.69,4349,906647.34,13-JUL-2023,182,INF846K01W98,
AXISTECETF,EQ,300.01,310.98,300.0,306.6,303.5,303.05,129041,39750111.18,13-JUL-2023,210,INF846K01Y96,
AXITA,EQ,26.1,26.4,25.7,25.85,25.7,26.1,662188,17204127.55,13-JUL-2023,2604,INE02EZ01022,
AXSENSEX,EQ,65.47,66.35,65.47,65.78,65.57,65.47,3111,204764.49,13-JUL-2023,60,INF846K010Q0,
AYMSYNTEX,EQ,76.9,77.95,74.0,74.5,74.5,76.75,19060,1440028.15,13-JUL-2023,390,INE193B01039,
BAGFILMS,EQ,4.9,4.9,4.65,4.75,4.75,4.8,87292,417697.95,13-JUL-2023,178,INE116D01028,
BAIDFIN,EQ,38.7,38.7,35.45,36.15,36.65,37.85,432970,16358199.35,13-JUL-2023,1122,INE020D01022,
BAJAJ-AUTO,EQ,4921.0,4990.0,4849.85,4866.45,4873.95,4878.45,501038,2465164790.45,13-JUL-2023,35497,INE917I01010,
BAJAJCON,EQ,197.15,197.3,194.15,195.95,195.45,196.25,384480,75418274.3,13-JUL-2023,6751,INE933K01021,
BAJAJELEC,EQ,1216.1,1257.6,1216.1,1242.7,1245.0,1209.75,138482,172239842.65,13-JUL-2023,11075,INE193E01025,
BAJAJFINSV,EQ,1595.0,1625.0,1595.0,1615.1,1619.0,1593.2,1136620,1833881268.15,13-JUL-2023,57148,INE918I01026,
BAJAJHCARE,EQ,311.0,314.85,302.85,308.85,309.3,307.95,31900,9815298.35,13-JUL-2023,2769,INE411U01027,
BAJAJHIND,EQ,17.15,17.2,16.5,16.6,16.6,17.05,9758949,164086908.45,13-JUL-2023,10578,INE306A01021,
BAJAJHLDNG,EQ,7401.3,7434.5,7345.05,7408.4,7399.0,7401.25,16884,124724330.15,13-JUL-2023,6085,INE118A01012,
BAJFINANCE,EQ,7469.95,7522.9,7416.0,7474.6,7481.7,7431.95,747052,5582486897.0,13-JUL-2023,71746,INE296A01024,
BALAJITELE,EQ,43.65,43.95,42.7,43.05,43.15,43.3,81100,3501808.6,13-JUL-2023,544,INE794B01026,
BALAMINES,EQ,2185.1,2199.0,2152.1,2156.35,2158.5,2185.1,47129,102403589.55,13-JUL-2023,8062,INE050E01027,
BALAXI,EQ,519.55,519.55,505.0,510.0,505.2,516.65,4778,2451603.05,13-JUL-2023,323,INE618N01014,
BALKRISHNA,EQ,28.4,28.4,26.5,26.8,27.5,27.45,19354,522873.1,13-JUL-2023,189,INE875R01011,
BALKRISIND,EQ,2412.8,2440.0,2373.0,2387.95,2393.5,2399.3,372433,900317011.15,13-JUL-2023,21042,INE787D01026,
BALMLAWRIE,EQ,138.0,138.65,135.0,135.5,135.6,137.6,352455,48203483.7,13-JUL-2023,4793,INE164A01016,
BALPHARMA,EQ,97.05,99.9,94.2,95.0,95.6,95.85,145026,14196587.15,13-JUL-2023,2645,INE083D01012,
BALRAMCHIN,EQ,386.0,386.0,372.85,374.6,376.95,384.2,1763615,667633709.45,13-JUL-2023,28678,INE119A01028,
BANARBEADS,EQ,84.0,86.2,83.95,84.25,84.5,84.15,13230,1128868.75,13-JUL-2023,428,INE655B01011,
BANARISUG,EQ,2744.95,2745.0,2701.85,2710.3,2705.0,2717.2,560,1518121.0,13-JUL-2023,121,INE459A01010,
BANCOINDIA,EQ,314.05,327.0,310.05,314.15,315.55,312.2,613817,196008132.7,13-JUL-2023,17369,INE213C01025,
BANDHANBNK,EQ,223.9,223.9,215.0,215.8,215.3,221.7,12611186,2761238483.65,13-JUL-2023,104774,INE545U01014,
BANG,EQ,39.9,39.95,39.15,39.3,39.25,39.2,6442,254314.75,13-JUL-2023,95,INE863I01016,
BANKA,EQ,67.05,68.9,66.8,67.2,67.15,67.5,3470,233608.85,13-JUL-2023,140,INE862Y01015,
BANKBARODA,EQ,205.0,206.45,195.25,197.0,197.25,204.7,31426517,6327487169.45,13-JUL-2023,161207,INE028A01039,
BANKBEES,EQ,456.12,458.44,454.5,454.98,455.47,454.9,222310,101470965.92,13-JUL-2023,5499,INF204KB15I9,
BANKINDIA,EQ,79.6,80.45,76.8,77.25,77.25,79.3,8681612,678715158.65,13-JUL-2023,22336,INE084A01016,
BANSWRAS,EQ,164.4,165.45,157.85,158.9,159.0,163.1,127817,20602902.9,13-JUL-2023,2611,INE629D01020,
BARBEQUE,EQ,656.6,673.95,656.6,671.85,672.45,654.2,135253,90552685.25,13-JUL-2023,7644,INE382M01027,
BASF,EQ,2600.0,2600.0,2550.0,2584.7,2589.0,2573.95,20960,54032167.05,13-JUL-2023,3170,INE373A01013,
BASML,EQ,47.4,48.25,45.5,46.75,46.25,46.85,143318,6754428.1,13-JUL-2023,1189,INE186H01022,
BATAINDIA,EQ,1665.0,1670.9,1640.25,1659.2,1659.0,1667.35,267222,442282147.15,13-JUL-2023,14321,INE176A01028,
BAYERCROP,EQ,4652.0,4677.0,4610.2,4633.05,4616.3,4674.55,7625,35419714.5,13-JUL-2023,2573,INE462A01022,
BBETF0432,EQ,1077.01,1079.0,1076.09,1077.02,1077.0,1077.7,2114,2277167.34,13-JUL-2023,65,INF754K01OB1,
BBL,EQ,3660.0,3718.0,3515.55,3547.45,3542.0,3628.3,42335,153049254.95,13-JUL-2023,10260,INE464A01028,
BBOX,EQ,200.0,213.95,198.0,201.5,203.0,196.05,589631,120553362.9,13-JUL-2023,9591,INE676A01027,
BBTC,EQ,1140.75,1156.5,1100.0,1104.8,1105.0,1140.4,81586,92398137.2,13-JUL-2023,7717,INE050A01025,
BBTCL,EQ,238.1,244.0,229.6,231.6,229.6,233.9,37101,8834512.4,13-JUL-2023,8220,INE01EE01011,
BCG,EQ,25.3,26.6,25.0,25.0,25.0,26.3,30483391,773243487.55,13-JUL-2023,33176,INE425B01027,
BCLIND,EQ,471.9,484.0,471.9,480.1,483.0,470.25,107643,51429082.55,13-JUL-2023,4433,INE412G01016,
BCONCEPTS,BE,349.0,351.0,333.05,340.1,342.0,338.75,9615,3330182.75,13-JUL-2023,140,INE977Y01011,
BDL,EQ,1229.5,1245.0,1197.0,1214.0,1217.95,1229.5,786491,962348378.05,13-JUL-2023,30475,INE171Z01018,
BEARDSELL,BE,30.95,30.95,28.1,28.4,28.25,29.5,142275,4268947.0,13-JUL-2023,541,INE520H01022,
BECTORFOOD,EQ,828.85,849.5,822.2,843.1,842.6,822.2,140954,117834391.95,13-JUL-2023,11242,INE495P01012,
BEDMUTHA,EQ,68.9,68.9,64.35,65.05,64.4,67.15,25886,1704099.2,13-JUL-2023,518,INE844K01012,
BEL,EQ,127.75,128.8,125.0,125.5,125.8,127.65,12374030,1571330547.9,13-JUL-2023,71093,INE263A01024,
BEML,EQ,1579.8,1605.0,1557.05,1568.2,1570.9,1571.6,112332,177830245.45,13-JUL-2023,10761,INE258A01016,
BEPL,EQ,99.3,101.55,93.8,94.5,94.1,98.0,2845259,277569843.45,13-JUL-2023,22456,INE922A01025,
BERGEPAINT,EQ,675.8,677.0,660.5,661.5,662.85,669.2,396037,265116770.1,13-JUL-2023,17656,INE463A01038,
BESTAGRO,EQ,1132.9,1138.45,1106.3,1113.5,1108.0,1125.7,48215,54224360.75,13-JUL-2023,5319,INE052T01013,
BFINVEST,EQ,381.9,386.1,373.5,377.85,378.0,380.9,16653,6325883.05,13-JUL-2023,1095,INE878K01010,
BFUTILITIE,EQ,375.1,384.1,370.25,372.55,372.5,375.1,154885,58579557.7,13-JUL-2023,5405,INE243D01012,
BGRENERGY,EQ,57.45,57.55,55.15,55.35,55.5,57.05,241205,13546824.55,13-JUL-2023,2004,INE661I01014,
BHAGCHEM,EQ,1443.85,1443.85,1410.1,1418.65,1420.0,1418.05,1867,2655653.9,13-JUL-2023,336,INE414D01019,
BHAGERIA,EQ,157.5,164.0,151.0,152.75,151.65,157.5,50458,7986722.15,13-JUL-2023,2651,INE354C01027,
BHAGYANGR,EQ,55.5,55.5,54.25,54.6,54.4,54.6,66458,3635710.95,13-JUL-2023,569,INE458B01036,
BHANDARI,EQ,4.75,4.75,4.65,4.7,4.7,4.7,212644,1002630.25,13-JUL-2023,408,INE474E01029,
BHARATFORG,EQ,855.1,860.5,850.25,858.1,860.5,854.55,918372,785620326.4,13-JUL-2023,28917,INE465A01025,
BHARATGEAR,EQ,130.4,131.8,125.25,126.1,126.85,129.65,132578,17022730.85,13-JUL-2023,2211,INE561C01019,
BHARATRAS,EQ,9175.0,9340.0,9075.9,9183.25,9100.0,9170.8,1066,9847230.75,13-JUL-2023,559,INE838B01013,
BHARATWIRE,EQ,197.6,199.9,190.1,192.6,193.6,195.6,551685,107834036.2,13-JUL-2023,7681,INE316L01019,
BHARTIARTL,EQ,891.35,893.3,883.25,885.05,884.95,889.95,4228714,3754587743.0,13-JUL-2023,128696,INE397D01024,
BHEL,EQ,94.9,96.5,91.35,91.8,92.1,94.3,36009798,3385289797.75,13-JUL-2023,75536,INE257A01026,
BIGBLOC,EQ,157.55,157.8,151.4,152.0,152.1,155.4,99061,15229143.8,13-JUL-2023,2563,INE412U01025,
BIKAJI,EQ,418.85,424.0,406.0,411.5,411.4,416.0,298501,123991850.85,13-JUL-2023,9146,INE00E101023,
BIL,BE,203.45,212.45,200.0,208.1,209.7,203.45,3294,680296.8,13-JUL-2023,92,INE828A01016,
BINANIIND,BE,17.3,17.3,16.6,16.8,17.0,17.0,7536,127308.4,13-JUL-2023,70,INE071A01013,
BIOCON,EQ,260.4,261.65,256.0,257.15,257.25,259.15,2780982,718860972.55,13-JUL-2023,31082,INE376G01013,
BIOFILCHEM,EQ,45.45,45.45,44.3,44.45,44.4,44.85,7968,356660.65,13-JUL-2023,221,INE829A01014,
BIRLACABLE,EQ,169.1,170.8,166.25,167.5,168.2,168.6,100942,17040549.5,13-JUL-2023,3229,INE800A01015,
BIRLACORPN,EQ,1236.4,1238.6,1215.0,1222.0,1218.6,1230.05,32169,39389581.6,13-JUL-2023,7537,INE340A01012,
BIRLAMONEY,EQ,67.0,69.0,61.75,62.3,62.25,66.2,2288950,149293861.05,13-JUL-2023,14539,INE865C01022,
BIRLATYRE,BE,4.45,4.45,4.4,4.4,4.45,4.4,129135,571070.0,13-JUL-2023,239,INE0AEJ01013,
BLAL,EQ,156.6,158.9,153.1,154.05,154.1,156.6,197659,30668297.55,13-JUL-2023,2105,INE0N7W01012,
BLBLIMITED,EQ,18.75,18.95,18.5,18.8,18.9,18.7,73094,1374314.3,13-JUL-2023,267,INE791A01024,
BLISSGVS,EQ,83.7,89.7,82.6,85.15,85.5,82.95,1150305,99204639.4,13-JUL-2023,8453,INE416D01022,
BLKASHYAP,EQ,47.4,47.45,44.5,45.35,45.4,47.15,922320,42561085.35,13-JUL-2023,4026,INE350H01032,
BLS,EQ,220.45,226.25,216.65,218.8,218.95,219.95,4297004,954755799.55,13-JUL-2023,137207,INE153T01027,
BLUEDART,EQ,7394.7,7394.7,7280.0,7329.15,7334.8,7355.95,9985,73047907.85,13-JUL-2023,3044,INE233B01017,
BLUESTARCO,EQ,785.5,799.0,782.65,795.2,795.0,784.35,129549,102505043.5,13-JUL-2023,9882,INE472A01039,
BODALCHEM,EQ,73.95,75.6,72.8,73.15,73.1,73.65,275557,20456115.3,13-JUL-2023,3334,INE338D01028,
BOHRAIND,BE,57.15,57.15,57.15,57.15,57.15,60.15,4499,257117.85,13-JUL-2023,75,INE802W01023,
BOMDYEING,EQ,114.4,115.7,110.0,111.65,111.8,113.85,2177759,246231715.65,13-JUL-2023,11175,INE032A01023,
BOROLTD,EQ,419.35,422.75,405.55,408.2,405.6,417.5,61430,25436265.05,13-JUL-2023,5004,INE02PY01013,
BORORENEW,EQ,485.05,489.35,472.5,475.25,477.0,484.0,214963,103381665.5,13-JUL-2023,11517,INE666D01022,
BOSCHLTD,EQ,19515.95,19648.0,19044.0,19131.05,19183.15,19515.95,27463,528993030.0,13-JUL-2023,9732,INE323A01026,
BPCL,EQ,386.7,387.65,378.65,379.55,381.0,386.2,2278056,873131041.45,13-JUL-2023,58830,INE029A01011,
BPL,EQ,60.0,60.35,58.25,59.15,58.95,59.55,84098,5001630.45,13-JUL-2023,933,INE110A01019,
BRIGADE,EQ,584.5,599.55,574.2,579.25,581.2,580.9,315808,184714712.5,13-JUL-2023,17067,INE791I01019,
BRITANNIA,EQ,5089.9,5148.0,5071.45,5090.35,5089.0,5073.9,232034,1185828990.75,13-JUL-2023,26798,INE216A01030,
BRNL,EQ,30.7,31.5,30.25,30.4,30.3,30.55,44184,1352862.2,13-JUL-2023,500,INE727S01012,
BROOKS,EQ,77.7,83.7,76.45,81.2,81.7,76.3,100159,8129193.75,13-JUL-2023,1368,INE650L01011,
BSE,EQ,762.0,771.7,729.0,736.3,738.0,755.6,2636555,1982201049.4,13-JUL-2023,55097,INE118H01025,
BSHSL,BE,280.0,284.0,275.0,280.45,282.0,285.6,35715,10012461.35,13-JUL-2023,877,INE032Z01020,
BSL,BE,170.2,172.0,166.0,168.5,168.5,170.2,6111,1024950.3,13-JUL-2023,115,INE594B01012,
BSLGOLDETF,EQ,53.06,53.39,53.06,53.2,53.28,52.95,16577,882187.91,13-JUL-2023,211,INF209KB18D3,
BSLNIFTY,EQ,22.19,22.19,21.9,21.94,21.9,21.94,656035,14468716.08,13-JUL-2023,2271,INF209KB19D1,
BSLSENETFG,EQ,61.65,64.7,61.65,63.7,63.7,63.55,1067,68431.33,13-JUL-2023,126,INF209KB10E8,
BSOFT,EQ,349.7,366.45,348.15,361.9,364.0,349.3,7094935,2564730571.65,13-JUL-2023,79454,INE836A01035,
BTML,BE,137.95,137.95,130.0,133.1,133.1,135.1,1036,139153.3,13-JUL-2023,27,INE0EEJ01015,
BURNPUR,EQ,4.35,4.35,4.25,4.3,4.25,4.35,123796,533540.2,13-JUL-2023,314,INE817H01014,
BUTTERFLY,EQ,1215.0,1226.45,1170.0,1178.9,1175.0,1215.1,5088,6092700.9,13-JUL-2023,1031,INE295F01017,
BVCL,BE,34.2,35.7,33.5,34.7,34.05,34.7,22985,783374.05,13-JUL-2023,115,INE139I01011,
BYKE,EQ,38.5,38.9,38.0,38.25,38.4,38.5,35881,1377875.7,13-JUL-2023,400,INE319B01014,
CALSOFT,BE,14.4,14.6,14.2,14.2,14.2,14.4,7337,105526.0,13-JUL-2023,51,INE526B01014,
CAMLINFINE,EQ,158.7,161.95,156.05,156.95,158.0,156.2,444184,70561107.1,13-JUL-2023,7659,INE052I01032,
CAMPUS,EQ,320.8,321.9,313.05,313.95,314.8,319.05,336609,106538246.15,13-JUL-2023,11220,INE278Y01022,
CAMS,EQ,2237.7,2244.0,2220.15,2241.3,2238.05,2232.05,72908,162848852.25,13-JUL-2023,13921,INE596I01012,
CANBK,EQ,333.05,335.0,319.8,321.7,322.3,331.25,8856290,2894643277.55,13-JUL-2023,70984,INE476A01014,
CANFINHOME,EQ,797.9,802.5,786.6,792.2,792.0,795.4,375091,298268234.2,13-JUL-2023,13445,INE477A01020,
CANTABIL,EQ,1006.0,1017.9,982.2,986.1,982.2,1005.85,16902,16870112.55,13-JUL-2023,1560,INE068L01016,
CAPACITE,EQ,224.0,225.6,216.0,218.0,218.0,223.35,1004305,221210882.45,13-JUL-2023,13819,INE264T01014,
CAPLIPOINT,EQ,826.95,827.8,801.0,806.2,809.0,822.5,64782,52704146.0,13-JUL-2023,5002,INE475E01026,
CAPTRUST,EQ,76.5,79.15,76.45,77.05,76.75,77.0,5426,422258.4,13-JUL-2023,280,INE707C01018,
CARBORUNIV,EQ,1204.0,1204.0,1176.1,1187.85,1185.0,1194.75,76262,90633496.25,13-JUL-2023,9689,INE120A01034,
CAREERP,EQ,219.55,221.7,212.15,215.45,215.8,218.95,42114,9125999.8,13-JUL-2023,1958,INE521J01018,
CARERATING,EQ,710.15,718.95,690.25,696.1,697.5,712.3,88694,62597113.6,13-JUL-2023,5487,INE752H01013,
CARTRADE,EQ,537.0,552.8,513.05,516.7,517.4,537.3,459327,244676630.45,13-JUL-2023,21234,INE290S01011,
CARYSIL,EQ,730.0,730.0,716.55,717.0,717.0,725.15,47097,33853216.85,13-JUL-2023,3441,INE482D01024,
CASTROLIND,EQ,134.9,135.05,129.8,131.45,132.75,134.1,1405974,186262556.9,13-JUL-2023,11052,INE172A01027,
CCHHL,EQ,6.95,7.15,6.85,6.85,6.9,6.85,136100,946089.3,13-JUL-2023,221,INE652F01027,
CCL,EQ,727.0,744.3,722.45,739.6,740.0,726.75,171212,125934760.65,13-JUL-2023,13082,INE421D01022,
CDSL,EQ,1225.0,1229.0,1181.5,1192.95,1198.95,1216.0,529198,637475232.65,13-JUL-2023,27443,INE736A01011,
CEATLTD,EQ,2499.0,2590.1,2450.0,2476.85,2476.0,2487.8,548751,1377882277.35,13-JUL-2023,35426,INE482A01020,
CELEBRITY,EQ,13.7,13.9,12.85,13.05,13.2,13.65,283597,3744099.8,13-JUL-2023,981,INE185H01016,
CENTENKA,EQ,427.95,427.95,416.8,420.45,422.2,423.8,20995,8873545.45,13-JUL-2023,1500,INE485A01015,
CENTEXT,EQ,10.0,10.0,9.8,9.8,9.8,9.85,80186,791952.75,13-JUL-2023,419,INE281A01026,
CENTRALBK,EQ,31.5,31.6,29.8,30.05,30.1,31.15,11157884,341354223.05,13-JUL-2023,14271,INE483A01010,
CENTRUM,EQ,20.85,21.0,20.2,20.35,20.35,20.65,125864,2584610.7,13-JUL-2023,699,INE660C01027,
CENTUM,EQ,1391.8,1426.95,1365.0,1378.95,1374.0,1391.6,33846,47580843.65,13-JUL-2023,4154,INE320B01020,
CENTURYPLY,EQ,674.15,680.4,662.0,669.25,670.9,674.15,71264,47759527.45,13-JUL-2023,6168,INE348B01021,
CENTURYTEX,EQ,898.0,919.4,884.2,896.95,899.0,888.4,794574,715521773.75,13-JUL-2023,20656,INE055A01016,
CERA,EQ,7140.7,7282.0,7129.95,7168.55,7179.7,7140.7,37188,267999860.8,13-JUL-2023,11055,INE739E01017,
CEREBRAINT,BE,5.9,5.9,5.6,5.65,5.75,5.8,202954,1165463.45,13-JUL-2023,422,INE345B01019,
CESC,EQ,74.65,75.8,74.5,75.05,75.0,74.5,2515477,189245831.15,13-JUL-2023,19158,INE486A01021,
CGCL,EQ,782.9,799.0,775.2,792.55,796.0,779.9,195329,153785265.85,13-JUL-2023,5066,INE180C01026,
CGPOWER,EQ,406.9,408.45,401.5,403.95,402.9,405.85,1165892,472328859.65,13-JUL-2023,22075,INE067A01029,
CHALET,EQ,460.0,461.9,453.6,456.55,455.0,458.55,452960,206359679.6,13-JUL-2023,9124,INE427F01016,
CHAMBLFERT,EQ,271.45,273.95,264.25,265.2,265.7,270.95,1478159,396804403.4,13-JUL-2023,22983,INE085A01013,
CHEMBOND,EQ,424.0,433.95,411.9,414.4,416.65,421.75,53178,22552617.1,13-JUL-2023,3790,INE995D01025,
CHEMCON,EQ,269.0,270.7,263.1,263.5,264.0,268.25,65836,17481943.1,13-JUL-2023,4388,INE03YM01018,
CHEMFAB,EQ,311.4,314.95,304.4,305.45,307.25,309.05,23237,7182918.55,13-JUL-2023,1641,INE783X01023,
CHEMPLASTS,EQ,439.65,442.0,434.2,435.05,435.3,436.6,134364,58630210.55,13-JUL-2023,6870,INE488A01050,
CHENNPETRO,EQ,444.8,454.45,431.3,435.85,436.5,442.9,1199496,531863223.8,13-JUL-2023,20234,INE178A01016,
CHEVIOT,EQ,1250.0,1250.0,1205.0,1220.35,1210.2,1220.15,1885,2298248.35,13-JUL-2023,452,INE974B01016,
CHOICEIN,EQ,343.7,346.4,338.1,340.75,339.15,343.05,490735,167869609.1,13-JUL-2023,5875,INE102B01014,
CHOLAFIN,EQ,1154.55,1164.9,1142.0,1150.8,1152.5,1148.55,1156904,1335399479.05,13-JUL-2023,40808,INE121A01024,
CHOLAHLDNG,EQ,946.0,959.5,923.05,932.35,932.5,940.4,96671,90806722.3,13-JUL-2023,10696,INE149A01033,
CIEINDIA,EQ,551.9,557.5,541.0,544.45,543.0,549.45,334985,184190700.75,13-JUL-2023,16355,INE536H01010,
CIGNITITEC,EQ,813.0,813.0,786.05,790.95,792.0,805.85,154397,123495745.75,13-JUL-2023,7629,INE675C01017,
CINELINE,EQ,92.6,92.6,87.2,88.05,88.8,91.5,29175,2617811.25,13-JUL-2023,431,INE704H01022,
CINEVISTA,EQ,13.3,13.75,13.0,13.3,13.4,13.3,35065,468551.55,13-JUL-2023,660,INE039B01026,
CIPLA,EQ,1027.85,1036.0,1018.05,1020.7,1022.0,1022.2,1419223,1453976367.3,13-JUL-2023,54317,INE059A01026,
CLEAN,EQ,1317.4,1321.0,1295.0,1298.15,1304.0,1309.45,120711,157053835.1,13-JUL-2023,13527,INE227W01023,
CLEDUCATE,EQ,68.15,71.5,66.75,68.7,67.9,68.5,153897,10741503.7,13-JUL-2023,1424,INE201M01029,
CLSEL,EQ,170.0,170.9,164.75,166.3,165.75,169.15,107181,17974823.55,13-JUL-2023,2780,INE419D01026,
CMSINFO,EQ,380.0,393.0,380.0,385.4,386.0,381.5,726927,281575672.65,13-JUL-2023,25799,INE925R01014,
COALINDIA,EQ,235.0,235.3,229.0,229.9,230.05,234.4,20205328,4656205252.15,13-JUL-2023,91932,INE522F01014,
COASTCORP,EQ,283.1,285.9,271.25,277.65,277.85,289.1,89549,24830853.45,13-JUL-2023,5279,INE377E01016,
COCHINSHIP,EQ,643.2,658.95,633.25,637.3,640.0,643.4,3517325,2279059009.25,13-JUL-2023,54070,INE704P01017,
COFFEEDAY,EQ,41.95,43.25,41.1,41.5,41.35,41.7,5722376,242238826.3,13-JUL-2023,14728,INE335K01011,
COFORGE,EQ,4674.0,4816.2,4656.25,4755.5,4763.0,4649.8,438079,2088101344.2,13-JUL-2023,47776,INE591G01017,
COLPAL,EQ,1800.0,1815.0,1785.25,1807.3,1809.7,1798.05,330795,597303827.3,13-JUL-2023,18489,INE259A01022,
COMPINFO,EQ,15.55,15.65,14.8,15.05,15.15,15.25,283860,4317099.05,13-JUL-2023,1157,INE070C01037,
COMPUSOFT,EQ,21.45,21.45,20.5,20.55,20.7,21.15,72127,1498515.3,13-JUL-2023,740,INE453B01029,
CONCOR,EQ,683.25,686.95,675.1,678.35,680.0,683.15,707954,483043901.55,13-JUL-2023,31609,INE111A01025,
CONFIPET,EQ,78.3,79.55,74.55,75.35,75.4,77.95,1115194,85614628.6,13-JUL-2023,6290,INE552D01024,
CONSOFINVT,BE,134.3,134.3,132.5,133.25,134.0,134.4,10879,1447621.6,13-JUL-2023,102,INE025A01027,
CONSUMBEES,EQ,92.8,93.3,91.62,91.96,92.5,92.5,38958,3602677.32,13-JUL-2023,436,INF204KA1LD7,
CONTROLPR,EQ,663.6,663.6,641.05,649.65,651.0,652.2,38639,25127343.15,13-JUL-2023,4988,INE663B01015,
CORALFINAC,EQ,36.2,36.2,34.5,34.6,34.7,35.55,32156,1131964.85,13-JUL-2023,461,INE558D01021,
CORDSCABLE,BE,93.6,93.6,91.55,93.6,93.6,89.15,138422,12942580.4,13-JUL-2023,621,INE792I01017,
COROMANDEL,EQ,963.0,963.0,933.3,935.15,935.0,959.3,326072,308687108.3,13-JUL-2023,20099,INE169A01031,
COSMOFIRST,EQ,659.55,667.4,653.6,655.0,654.0,659.55,26032,17131164.85,13-JUL-2023,2236,INE757A01017,
COUNCODOS,EQ,3.9,3.95,3.85,3.85,3.9,3.9,24992,97419.85,13-JUL-2023,78,INE695B01025,
CPSEETF,EQ,45.49,45.49,44.29,44.4,44.58,44.98,911748,40782736.88,13-JUL-2023,3881,INF457M01133,
CRAFTSMAN,EQ,4110.0,4185.0,4031.1,4129.85,4163.1,4097.65,50838,209295515.25,13-JUL-2023,12226,INE00LO01017,
CREATIVE,EQ,472.95,484.0,470.05,471.8,470.5,485.5,21275,10126801.6,13-JUL-2023,979,INE985W01018,
CREATIVEYE,EQ,3.9,3.9,3.9,3.9,3.9,3.9,30,117.0,13-JUL-2023,1,INE230B01021,
CREDITACC,EQ,1294.9,1298.45,1260.1,1265.65,1268.15,1296.05,146324,186609446.6,13-JUL-2023,12030,INE741K01010,
CREST,EQ,224.8,224.8,217.05,218.6,219.0,219.75,19142,4195531.35,13-JUL-2023,1246,INE559D01011,
CRISIL,EQ,3850.0,3870.0,3817.0,3860.75,3850.0,3827.4,17100,65803268.5,13-JUL-2023,3909,INE007A01025,
CROMPTON,EQ,295.0,295.5,289.2,289.75,290.0,293.6,1628986,476333661.25,13-JUL-2023,26956,INE299U01018,
CROWN,BE,49.0,50.5,49.0,49.25,49.5,48.1,18562,922551.25,13-JUL-2023,79,INE491V01019,
CSBBANK,EQ,298.85,300.0,286.9,295.5,295.1,297.25,2769842,817351132.9,13-JUL-2023,14663,INE679A01013,
CSLFINANCE,EQ,318.15,321.75,315.8,318.0,318.0,318.25,33535,10680270.7,13-JUL-2023,818,INE718F01018,
CTE,BE,66.2,69.85,65.55,66.1,67.95,67.85,11069,751784.7,13-JUL-2023,93,INE627H01017,
CUB,EQ,128.65,129.95,126.1,126.3,126.6,128.65,2589321,331738685.1,13-JUL-2023,20703,INE491A01021,
CUBEXTUB,BE,37.5,37.5,35.7,36.6,36.75,36.05,6153,223150.25,13-JUL-2023,54,INE144D01012,
CUMMINSIND,EQ,1904.3,1921.95,1880.0,1892.35,1899.0,1901.4,353278,670820194.65,13-JUL-2023,29374,INE298A01020,
CUPID,EQ,248.5,248.95,246.0,246.8,248.0,246.9,18872,4666323.1,13-JUL-2023,760,INE509F01011,
CYBERMEDIA,EQ,15.65,15.85,15.1,15.45,15.45,15.55,35731,553792.6,13-JUL-2023,232,INE278G01037,
CYBERTECH,BE,127.35,134.0,125.5,130.0,130.0,128.45,32794,4285907.45,13-JUL-2023,467,INE214A01019,
CYIENT,EQ,1419.3,1447.8,1417.0,1427.25,1428.0,1410.3,366680,525056922.05,13-JUL-2023,20259,INE136B01020,
CYIENTDLM,EQ,524.55,537.0,502.0,514.0,513.0,518.3,3189609,1655344998.5,13-JUL-2023,66689,INE055S01018,
DAAWAT,EQ,129.5,132.0,124.05,131.25,131.2,129.75,3282227,421982609.25,13-JUL-2023,21475,INE818H01020,
DABUR,EQ,584.0,585.7,576.5,577.7,577.2,583.4,793507,461125266.4,13-JUL-2023,49613,INE016A01026,
DALBHARAT,EQ,2070.0,2094.0,2049.15,2058.0,2059.0,2064.2,290135,599404042.45,13-JUL-2023,10789,INE00R701025,
DALMIASUG,EQ,378.5,381.0,366.1,372.2,372.5,375.25,56068,21015545.95,13-JUL-2023,3918,INE495A01022,
DAMODARIND,EQ,44.25,46.25,43.2,44.2,44.3,43.9,88884,3974451.25,13-JUL-2023,1092,INE497D01022,
DANGEE,EQ,12.15,12.15,12.0,12.05,12.05,12.0,293811,3528015.9,13-JUL-2023,320,INE688Y01022,
DATAMATICS,EQ,611.9,663.5,611.35,646.8,650.1,609.05,1945242,1250123642.25,13-JUL-2023,54165,INE365B01017,
DATAPATTNS,EQ,2049.95,2250.0,2040.05,2095.45,2111.0,2019.75,2145382,4674453605.0,13-JUL-2023,113810,INE0IX101010,
DBCORP,EQ,182.5,187.0,173.35,174.6,175.4,178.35,1077619,195842609.85,13-JUL-2023,14366,INE950I01011,
DBL,EQ,252.45,254.0,240.95,244.65,242.5,251.55,442000,109153751.4,13-JUL-2023,9642,INE917M01012,
DBOL,EQ,168.0,169.2,165.05,167.25,168.0,166.7,113337,18990506.85,13-JUL-2023,3230,INE0I3401014,
DBREALTY,EQ,77.65,79.4,70.95,71.7,71.6,77.05,1393917,103925279.1,13-JUL-2023,10963,INE879I01012,
DBSTOCKBRO,EQ,23.85,23.9,22.6,22.95,23.25,23.4,6233,144735.9,13-JUL-2023,194,INE921B01025,
DCAL,EQ,140.4,140.4,133.4,135.45,136.3,137.8,448144,61203784.45,13-JUL-2023,4953,INE385W01011,
DCBBANK,EQ,127.7,128.65,124.05,124.75,124.9,127.65,1272462,161068432.45,13-JUL-2023,7629,INE503A01015,
DCI,BE,161.3,161.3,150.05,156.9,156.9,154.0,607,94513.55,13-JUL-2023,49,INE0A1101019,
DCM,EQ,68.45,69.4,66.0,66.6,66.05,67.4,47999,3251414.8,13-JUL-2023,582,INE498A01018,
DCMFINSERV,BE,4.35,4.65,4.35,4.5,4.5,4.55,42340,190647.65,13-JUL-2023,75,INE891B01012,
DCMNVL,EQ,161.95,161.95,155.1,156.2,156.0,156.85,19631,3092440.45,13-JUL-2023,532,INE08KP01019,
DCMSHRIRAM,EQ,898.0,910.0,895.05,905.65,903.5,896.65,50890,45918762.25,13-JUL-2023,5087,INE499A01024,
DCMSRIND,EQ,83.2,92.4,82.9,88.2,88.45,82.45,2121389,188086142.95,13-JUL-2023,15750,INE843D01027,
DCW,EQ,44.1,44.55,43.25,43.7,44.05,43.9,659589,28939367.2,13-JUL-2023,2926,INE500A01029,
DCXINDIA,EQ,278.5,282.0,270.0,271.9,271.35,276.1,416791,115162738.35,13-JUL-2023,8619,INE0KL801015,
DECCANCE,EQ,501.3,501.3,490.0,494.05,495.0,497.0,10809,5370136.95,13-JUL-2023,1482,INE583C01021,
DEEPAKFERT,EQ,599.9,615.0,594.15,597.55,599.8,596.55,859159,519714201.4,13-JUL-2023,21873,INE501A01019,
DEEPAKNTR,EQ,1947.95,1953.0,1900.2,1925.5,1925.7,1936.15,521291,1004184615.9,13-JUL-2023,41272,INE288B01029,
DEEPENR,BE,124.0,128.0,122.75,127.85,127.7,122.65,15824,1995216.35,13-JUL-2023,167,INE677H01012,
DEEPINDS,EQ,210.0,219.4,200.05,203.05,202.7,196.15,1307897,271499873.1,13-JUL-2023,19110,INE0FHS01024,
DELHIVERY,EQ,396.75,404.9,395.1,399.25,400.0,393.3,2735581,1095068137.7,13-JUL-2023,26046,INE148O01028,
DELPHIFX,EQ,389.0,389.0,361.6,375.5,380.0,371.9,3459,1311696.95,13-JUL-2023,259,INE726L01019,
DELTACORP,EQ,187.95,193.35,178.35,179.55,179.7,189.5,46574904,8576368565.3,13-JUL-2023,256241,INE124G01033,
DELTAMAGNT,EQ,80.0,87.0,79.2,83.45,82.0,80.2,129974,10942155.7,13-JUL-2023,1872,INE393A01011,
DEN,EQ,34.15,34.15,32.95,33.25,33.5,33.95,1387660,46605599.85,13-JUL-2023,4291,INE947J01015,
DENORA,EQ,1900.0,1995.0,1900.0,1965.65,1988.0,1900.0,34974,68453511.3,13-JUL-2023,5738,INE244A01016,
DEVIT,BE,132.05,133.5,130.0,130.3,131.0,132.0,15602,2054852.9,13-JUL-2023,137,INE060X01026,
DEVYANI,EQ,192.9,198.0,191.25,194.1,194.8,192.0,3066172,597978208.3,13-JUL-2023,24433,INE872J01023,
DGCONTENT,BE,14.8,16.2,14.8,15.85,16.2,15.55,3451,53250.65,13-JUL-2023,19,INE03JI01017,
DHAMPURSUG,EQ,272.9,274.4,267.0,268.95,269.0,272.7,185026,50191325.8,13-JUL-2023,6098,INE041A01016,
DHANBANK,EQ,22.05,22.4,20.5,20.75,20.8,22.05,8846169,191004641.45,13-JUL-2023,10606,INE680A01011,
DHANI,EQ,31.3,31.3,29.9,30.15,30.15,31.1,2064362,63103710.8,13-JUL-2023,7164,INE274G01010,
DHANUKA,EQ,784.9,784.95,770.45,774.45,777.1,777.2,15828,12273782.7,13-JUL-2023,1354,INE435G01025,
DHARMAJ,EQ,171.4,171.4,166.3,166.8,167.0,168.8,37193,6260903.35,13-JUL-2023,1569,INE00OQ01016,
DHRUV,EQ,50.55,51.75,49.65,51.05,50.85,49.9,88547,4500278.15,13-JUL-2023,934,INE506Z01015,
DHUNINV,EQ,744.0,744.0,712.55,714.5,717.0,729.9,1829,1322686.85,13-JUL-2023,270,INE320L01011,
DIAMONDYD,EQ,804.65,808.9,790.6,800.75,805.35,798.55,4838,3865703.35,13-JUL-2023,834,INE393P01035,
DICIND,EQ,457.5,465.0,452.05,456.15,457.0,463.5,3077,1408775.15,13-JUL-2023,394,INE303A01010,
DIGISPICE,EQ,20.55,21.7,19.75,20.1,20.0,20.35,154138,3124674.35,13-JUL-2023,818,INE927C01020,
DIGJAMLMTD,BE,83.65,86.8,82.0,84.05,84.3,83.65,1802,151453.1,13-JUL-2023,64,INE731U01028,
DIL,EQ,15.6,15.8,15.05,15.1,15.05,15.65,963833,14924234.4,13-JUL-2023,1081,INE411Y01011,
DISHTV,EQ,18.55,18.9,17.4,18.15,18.45,18.65,30252174,549281614.95,13-JUL-2023,14212,INE836F01026,
DIVGIITTS,EQ,929.85,929.85,903.05,912.75,917.0,920.05,20530,18866854.75,13-JUL-2023,3467,INE753U01022,
DIVISLAB,EQ,3646.0,3674.65,3610.05,3620.9,3625.8,3633.5,227125,828119754.3,13-JUL-2023,50404,INE361B01024,
DIVOPPBEES,EQ,55.6,55.6,54.15,54.54,54.64,54.66,13721,753800.1,13-JUL-2023,455,INF204KA1MS3,
DIXON,EQ,4350.0,4389.0,4260.1,4297.65,4296.5,4336.3,210165,910309831.2,13-JUL-2023,19109,INE935N01020,
DJML,EQ,149.0,149.95,146.25,147.3,148.8,146.9,2674,395179.85,13-JUL-2023,96,INE0B1K01014,
DLF,EQ,494.0,498.9,489.4,492.05,493.8,492.4,3665726,1813353407.15,13-JUL-2023,49016,INE271C01023,
DLINKINDIA,EQ,264.25,269.15,261.3,263.2,265.0,263.9,202399,53609735.7,13-JUL-2023,5261,INE250K01012,
DMART,EQ,3823.0,3828.0,3795.0,3821.65,3820.0,3806.35,250708,954885115.0,13-JUL-2023,21929,INE192R01011,
DMCC,EQ,311.45,319.3,302.4,308.9,307.6,306.5,46558,14505573.55,13-JUL-2023,3035,INE505A01010,
DNAMEDIA,EQ,3.25,3.25,3.1,3.15,3.1,3.2,82990,263384.6,13-JUL-2023,131,INE016M01021,
DODLA,EQ,625.1,625.1,617.55,622.9,620.0,618.15,15576,9661853.5,13-JUL-2023,1583,INE021O01019,
DOLATALGO,EQ,45.05,45.05,44.05,44.2,44.25,44.4,60112,2662664.5,13-JUL-2023,410,INE966A01022,
DOLLAR,EQ,368.0,370.3,359.05,362.05,360.2,366.1,100536,36599147.5,13-JUL-2023,10118,INE325C01035,
DONEAR,EQ,100.1,100.6,94.8,96.35,96.8,99.95,194407,18925925.25,13-JUL-2023,2624,INE668D01028,
DPABHUSHAN,EQ,274.75,274.8,266.0,268.05,269.9,271.05,6088,1642571.7,13-JUL-2023,187,INE266Y01019,
DPSCLTD,EQ,11.95,12.4,11.65,11.85,11.95,11.95,347276,4197091.85,13-JUL-2023,1125,INE360C01024,
DPWIRES,EQ,561.9,571.8,545.2,551.4,556.0,561.9,47674,26684044.05,13-JUL-2023,4282,INE864X01013,
DRCSYSTEMS,EQ,37.85,37.85,36.3,36.65,36.75,37.85,9478,349170.0,13-JUL-2023,98,INE03RS01027,
DREAMFOLKS,EQ,697.0,717.85,675.1,682.15,686.0,653.3,1041072,720090284.95,13-JUL-2023,34315,INE0JS101016,
DREDGECORP,EQ,366.5,366.8,357.35,360.6,361.0,363.95,89694,32504004.75,13-JUL-2023,3650,INE506A01018,
DRREDDY,EQ,5190.0,5203.15,5134.9,5142.45,5145.55,5189.0,406983,2103921492.7,13-JUL-2023,33074,INE089A01023,
DSPBANKETF,EQ,45.8,45.8,43.08,44.56,44.2,44.88,2348,105251.13,13-JUL-2023,101,INF740KA1RX3,
DSPGOLDETF,EQ,59.0,59.4,58.9,59.15,59.2,58.9,657,38799.5,13-JUL-2023,36,INF740KA1SW3,
DSPITETF,EQ,30.0,30.0,29.2,29.68,29.72,29.56,56089,1666685.97,13-JUL-2023,70,INF740KA1SX1,
DSPN50ETF,EQ,197.31,199.33,197.26,197.26,197.26,197.56,3110,619208.11,13-JUL-2023,44,INF740KA1CL0,
DSPNEWETF,EQ,230.31,232.71,228.05,230.07,228.05,230.22,40672,9433079.78,13-JUL-2023,105,INF740KA1QK2,
DSPQ50ETF,EQ,183.96,183.96,175.74,176.98,177.8,176.03,3149,557827.53,13-JUL-2023,157,INF740KA1QL0,
DSPSILVETF,EQ,71.8,72.7,71.71,72.56,72.4,70.09,27134,1960128.25,13-JUL-2023,210,INF740KA1RE3,
DSSL,EQ,509.95,528.2,493.0,510.9,513.0,503.05,55606,28755117.95,13-JUL-2023,2540,INE417B01040,
DTIL,EQ,206.4,212.0,202.1,203.75,203.25,205.45,11141,2305832.5,13-JUL-2023,729,INE341R01014,
DUCON,BE,6.65,6.7,6.55,6.6,6.65,6.65,113058,744097.95,13-JUL-2023,292,INE741L01018,
DVL,EQ,274.6,276.0,257.05,265.1,265.15,273.1,81026,21630103.85,13-JUL-2023,4669,INE477B01010,
DWARKESH,EQ,91.0,91.4,89.5,89.85,90.15,90.9,444677,40125512.8,13-JUL-2023,6256,INE366A01041,
DYCL,EQ,372.0,382.0,365.0,368.8,370.8,366.85,152037,57028418.55,13-JUL-2023,10066,INE600Y01019,
DYNAMATECH,EQ,3886.0,3900.0,3858.05,3884.5,3885.0,3870.85,9105,35371935.3,13-JUL-2023,1688,INE221B01012,
DYNPRO,EQ,276.65,290.0,275.55,284.05,285.0,274.5,33023,9420773.25,13-JUL-2023,3608,INE256H01015,
E2E,EQ,172.0,172.0,164.05,166.4,166.7,168.85,175192,29726535.35,13-JUL-2023,3745,INE255Z01019,
EASEMYTRIP,EQ,44.25,44.65,43.8,44.0,44.0,44.0,25517019,1123588927.65,13-JUL-2023,13982,INE07O001026,
EASTSILK,BE,2.1,2.15,2.05,2.05,2.05,2.05,21744,45075.3,13-JUL-2023,27,INE962C01027,
EBBETF0425,EQ,1154.9,1154.9,1136.03,1138.67,1140.31,1139.33,10427,11876346.54,13-JUL-2023,73,INF754K01LD3,
EBBETF0430,EQ,1289.9,1289.9,1285.1,1288.03,1287.0,1286.66,6477,8339967.79,13-JUL-2023,243,INF754K01KO2,
EBBETF0431,EQ,1149.41,1151.48,1147.6,1149.89,1151.48,1149.42,4175,4800362.94,13-JUL-2023,62,INF754K01LE1,
EBBETF0433,EQ,1049.23,1050.97,1046.11,1050.48,1049.0,1049.24,2677,2808031.69,13-JUL-2023,81,INF754K01QX0,
ECLERX,EQ,1745.4,1753.8,1687.0,1698.05,1705.0,1742.7,64333,111023198.35,13-JUL-2023,6847,INE738I01010,
EDELWEISS,EQ,49.5,50.3,49.2,49.5,49.6,49.5,944548,47131118.85,13-JUL-2023,7078,INE532F01054,
EICHERMOT,EQ,3305.0,3305.0,3245.0,3257.15,3259.0,3291.65,1050165,3427909628.75,13-JUL-2023,76877,INE066A01021,
EIDPARRY,EQ,463.0,464.0,452.35,454.8,454.6,459.3,245836,112654797.25,13-JUL-2023,9026,INE126A01031,
EIFFL,EQ,155.1,165.0,155.1,158.05,158.0,160.8,10157,1618071.9,13-JUL-2023,208,INE546V01010,
EIHAHOTELS,EQ,516.55,528.0,516.5,526.8,527.75,515.55,22750,11930045.55,13-JUL-2023,1836,INE276C01014,
EIHOTEL,EQ,215.95,216.85,208.35,210.3,210.85,214.45,713533,151968167.6,13-JUL-2023,13781,INE230A01023,
EIMCOELECO,BE,687.0,688.8,653.8,660.2,661.5,687.95,19240,12724692.6,13-JUL-2023,368,INE158B01016,
EKC,EQ,120.15,121.95,116.25,117.75,118.0,119.8,505765,59978682.15,13-JUL-2023,5407,INE184H01027,
ELDEHSG,EQ,766.2,779.25,751.0,754.35,751.0,769.45,1510,1150815.5,13-JUL-2023,204,INE668G01021,
ELECON,EQ,736.9,744.95,713.5,718.15,719.5,729.85,489614,355706179.35,13-JUL-2023,21618,INE205B01023,
ELECTCAST,EQ,58.25,59.0,56.0,56.65,56.8,57.85,2911356,167721947.65,13-JUL-2023,10143,INE086A01029,
ELECTHERM,BE,82.8,83.0,80.1,80.1,80.1,81.25,5249,425955.95,13-JUL-2023,87,INE822G01016,
ELGIEQUIP,EQ,588.75,591.7,561.05,566.9,569.5,583.2,735213,424468234.75,13-JUL-2023,25082,INE285A01027,
ELGIRUBCO,EQ,42.95,43.0,38.2,39.4,39.3,42.15,114458,4570699.0,13-JUL-2023,930,INE819L01012,
ELIN,EQ,155.0,160.5,151.25,152.65,153.7,154.9,443190,69300708.1,13-JUL-2023,7228,INE050401020,
EMAMILTD,EQ,428.3,428.3,413.0,414.85,416.15,425.3,386914,161942936.45,13-JUL-2023,16407,INE548C01032,
EMAMIPAP,EQ,118.9,118.9,116.9,117.65,117.95,117.1,10421,1227082.7,13-JUL-2023,258,INE830C01026,
EMAMIREAL,EQ,67.9,67.9,65.35,65.65,65.7,66.6,33502,2230064.85,13-JUL-2023,357,INE778K01012,
EMIL,EQ,92.25,93.1,88.0,88.4,88.8,91.6,1139028,102910773.25,13-JUL-2023,7434,INE02YR01019,
EMKAY,EQ,77.15,78.5,75.1,76.35,76.05,77.05,46162,3565172.5,13-JUL-2023,503,INE296H01011,
EMMBI,EQ,86.65,88.5,85.0,87.35,87.0,85.7,99374,8644709.8,13-JUL-2023,978,INE753K01015,
EMUDHRA,EQ,478.9,483.2,461.9,465.05,465.45,478.95,173830,82350129.2,13-JUL-2023,11135,INE01QM01018,
ENDURANCE,EQ,1682.3,1700.0,1651.0,1674.5,1670.0,1693.9,73763,124123846.35,13-JUL-2023,4009,INE913H01037,
ENERGYDEV,EQ,17.5,17.75,17.15,17.25,17.25,17.45,45406,787633.2,13-JUL-2023,273,INE306C01019,
ENGINERSIN,EQ,122.0,126.8,121.1,122.9,122.85,121.45,10221714,1269846772.65,13-JUL-2023,43457,INE510A01028,
ENIL,EQ,133.5,139.15,133.5,137.85,138.85,133.95,53757,7370647.4,13-JUL-2023,865,INE265F01028,
EPL,EQ,220.0,221.6,216.3,217.45,217.5,219.6,584623,127537478.9,13-JUL-2023,10376,INE255A01020,
EQUIPPP,BE,27.75,27.75,26.6,26.6,26.6,27.75,2556,68730.65,13-JUL-2023,48,INE217G01035,
EQUITASBNK,EQ,93.3,97.1,92.85,93.2,93.4,93.85,5894500,559353308.75,13-JUL-2023,32338,INE063P01018,
ERIS,EQ,708.95,708.95,695.5,700.35,700.0,701.45,143722,100914549.8,13-JUL-2023,3929,INE406M01024,
EROSMEDIA,EQ,20.1,20.15,19.45,19.5,19.55,19.95,374237,7366042.4,13-JUL-2023,1059,INE416L01017,
ESABINDIA,EQ,4270.0,4298.55,4241.55,4268.1,4279.0,4245.6,5704,24370969.55,13-JUL-2023,1787,INE284A01012,
ESCORTS,EQ,2334.5,2334.5,2289.85,2317.15,2324.8,2317.65,212304,491440473.55,13-JUL-2023,20326,INE042A01014,
ESSARSHPNG,BE,11.85,11.95,11.4,11.6,11.7,11.9,153084,1770159.55,13-JUL-2023,448,INE122M01019,
ESSENTIA,BE,6.3,6.3,6.1,6.1,6.1,6.2,160252,983730.6,13-JUL-2023,207,INE418N01035,
ESTER,EQ,108.15,109.1,107.1,107.35,107.8,108.45,48866,5272578.7,13-JUL-2023,1166,INE778B01029,
ETHOSLTD,EQ,1466.0,1499.0,1453.05,1475.9,1476.8,1462.4,27069,39934232.0,13-JUL-2023,3533,INE04TZ01018,
EUROTEXIND,BE,12.25,13.25,12.25,13.05,12.5,12.8,3154,41466.45,13-JUL-2023,13,INE022C01012,
EVEREADY,EQ,335.85,340.55,334.1,335.3,334.1,335.85,120129,40338211.55,13-JUL-2023,2433,INE128A01029,
EVERESTIND,EQ,865.3,874.85,832.6,846.2,845.3,865.3,31253,26529006.4,13-JUL-2023,3480,INE295A01018,
EXCEL,BE,0.4,0.4,0.35,0.35,0.4,0.4,1553811,583769.3,13-JUL-2023,841,INE688J01023,
EXCELINDUS,EQ,934.5,944.55,927.0,930.55,933.05,932.9,7918,7419463.3,13-JUL-2023,877,INE369A01029,
EXIDEIND,EQ,255.95,256.45,250.15,251.7,252.6,254.45,4071697,1031934415.6,13-JUL-2023,30887,INE302A01020,
EXPLEOSOL,EQ,1560.0,1579.0,1521.2,1524.85,1525.7,1552.2,23589,36486243.55,13-JUL-2023,5023,INE201K01015,
EXXARO,EQ,113.0,114.5,112.0,112.65,112.45,112.5,113175,12784368.85,13-JUL-2023,1786,INE0GFE01018,
FACT,EQ,472.7,510.75,471.75,489.35,488.1,470.25,6758265,3357834799.0,13-JUL-2023,106463,INE188A01015,
FAIRCHEMOR,EQ,1247.0,1284.0,1216.25,1226.25,1235.0,1256.95,16341,20441739.1,13-JUL-2023,2816,INE0DNW01011,
FAZE3Q,EQ,423.05,423.05,400.05,403.7,403.0,415.45,25471,10427167.85,13-JUL-2023,2923,INE963C01033,
FCL,EQ,278.8,280.2,266.0,268.4,269.9,277.1,373725,101261449.55,13-JUL-2023,13066,INE045J01026,
FCONSUMER,BE,0.9,0.9,0.85,0.9,0.9,0.85,3171522,2851175.1,13-JUL-2023,1315,INE220J01025,
FCSSOFT,EQ,2.15,2.2,2.1,2.15,2.2,2.15,2169500,4683088.7,13-JUL-2023,2313,INE512B01022,
FDC,EQ,324.8,333.7,321.05,324.3,325.45,323.55,238202,78189226.95,13-JUL-2023,8665,INE258B01022,
FEDERALBNK,EQ,135.0,135.15,126.45,126.75,127.0,134.25,72729803,9398833032.3,13-JUL-2023,273491,INE171A01029,
FELDVR,BE,4.9,4.9,4.9,4.9,4.9,4.7,28313,138733.7,13-JUL-2023,43,IN9623B01058,
FIBERWEB,EQ,30.2,30.65,29.6,29.65,29.6,30.1,57551,1722882.05,13-JUL-2023,398,INE296C01020,
FIEMIND,EQ,1834.9,1858.0,1791.1,1805.15,1809.9,1818.75,73196,134624621.5,13-JUL-2023,11650,INE737H01014,
FILATEX,EQ,38.7,39.2,37.8,38.05,38.25,38.55,223851,8599816.0,13-JUL-2023,1903,INE816B01035,
FINCABLES,EQ,825.0,912.75,820.9,865.0,865.0,820.45,1918669,1685684461.4,13-JUL-2023,71410,INE235A01022,
FINEORG,EQ,4690.0,4690.1,4622.0,4629.7,4630.0,4675.7,22736,105599928.7,13-JUL-2023,6699,INE686Y01026,
FINOPB,EQ,271.7,277.0,269.25,272.35,272.0,269.05,102905,28257745.05,13-JUL-2023,4430,INE02NC01014,
FINPIPE,EQ,172.6,175.95,172.6,174.6,175.0,172.45,722714,126040626.7,13-JUL-2023,8429,INE183A01024,
FIVESTAR,EQ,644.0,657.9,637.1,646.8,648.0,640.2,107156,69298459.65,13-JUL-2023,7544,INE128S01021,
FLEXITUFF,EQ,27.65,27.95,27.1,27.2,27.1,27.7,7891,215963.05,13-JUL-2023,83,INE060J01017,
FLUOROCHEM,EQ,2680.05,2754.85,2680.05,2728.75,2731.1,2695.55,179535,490562999.6,13-JUL-2023,16714,INE09N301011,
FMGOETZE,EQ,380.75,382.15,369.6,372.8,374.0,378.05,118278,44493418.95,13-JUL-2023,4493,INE529A01010,
FMNL,EQ,4.65,4.75,4.35,4.55,4.55,4.55,148944,681613.2,13-JUL-2023,241,INE360L01017,
FOCUS,EQ,684.95,699.9,660.1,673.15,677.5,668.6,27395,18668231.45,13-JUL-2023,1454,INE593W01010,
FOODSIN,EQ,191.25,193.0,186.0,187.85,188.6,191.25,171488,32495006.95,13-JUL-2023,3317,INE976E01023,
FORCEMOT,EQ,2649.0,2682.0,2550.2,2596.2,2628.6,2632.05,53850,141946786.55,13-JUL-2023,7826,INE451A01017,
FORTIS,EQ,333.0,333.0,318.05,330.35,330.05,331.3,3778100,1240454017.8,13-JUL-2023,28253,INE061F01013,
FOSECOIND,EQ,2649.9,2654.95,2603.05,2626.15,2620.3,2629.2,1529,4020482.8,13-JUL-2023,501,INE519A01011,
FSL,EQ,126.5,129.35,125.9,127.3,127.5,126.3,2050700,261830171.95,13-JUL-2023,15591,INE684F01012,
FUSION,EQ,600.0,609.85,590.0,597.7,596.0,593.05,171640,102725615.25,13-JUL-2023,10751,INE139R01012,
GABRIEL,EQ,207.75,207.8,203.05,204.5,205.7,206.4,333143,68287348.65,13-JUL-2023,5528,INE524A01029,
GAEL,EQ,238.85,240.75,236.55,238.8,238.75,238.7,177715,42449507.15,13-JUL-2023,6776,INE036B01030,
GAIL,EQ,110.6,111.2,107.85,108.1,108.2,110.6,8440163,920481600.55,13-JUL-2023,34666,INE129A01019,
GALAXYSURF,EQ,2589.9,2616.7,2564.7,2580.25,2581.4,2586.75,13605,35296538.05,13-JUL-2023,5307,INE600K01018,
GALLANTT,EQ,72.45,74.3,68.6,69.55,69.8,72.0,243049,17483978.15,13-JUL-2023,1994,INE297H01019,
GANDHITUBE,EQ,587.9,599.0,587.45,597.1,598.0,583.05,12083,7180355.3,13-JUL-2023,1038,INE524B01027,
GANECOS,EQ,1064.0,1070.0,1036.65,1046.55,1044.0,1058.85,20739,21819248.9,13-JUL-2023,3291,INE845D01014,
GANESHBE,EQ,153.0,153.85,148.6,148.9,149.4,152.65,105272,15913997.6,13-JUL-2023,2385,INE388A01029,
GANESHHOUC,EQ,402.0,403.0,387.0,387.9,388.95,393.75,60217,23801634.3,13-JUL-2023,2458,INE460C01014,
GANGESSECU,EQ,108.5,111.0,106.3,107.95,106.3,107.65,13295,1435168.95,13-JUL-2023,239,INE335W01016,
GARFIBRES,EQ,3144.15,3178.25,3077.0,3096.65,3080.0,3144.15,7777,24296178.1,13-JUL-2023,2519,INE276A01018,
GATEWAY,EQ,71.0,72.7,70.35,70.9,71.0,71.0,514518,36776666.9,13-JUL-2023,7202,INE079J01017,
GATI,EQ,130.5,130.5,125.1,125.55,125.9,129.7,491560,62794618.4,13-JUL-2023,4346,INE152B01027,
GAYAPROJ,BE,5.9,6.15,5.8,6.15,6.15,5.9,1346162,8173615.2,13-JUL-2023,283,INE336H01023,
GEECEE,EQ,173.15,175.6,172.05,172.85,172.1,173.05,7240,1257898.2,13-JUL-2023,473,INE916G01016,
GEEKAYWIRE,BE,269.15,269.15,260.5,268.95,269.15,256.35,63155,16976775.9,13-JUL-2023,908,INE669X01016,
GENCON,BE,52.3,52.7,50.15,50.55,51.4,51.8,22403,1148892.0,13-JUL-2023,178,INE854S01022,
GENESYS,EQ,289.0,335.0,289.0,312.95,315.0,295.8,424845,135276344.45,13-JUL-2023,16450,INE727B01026,
GENSOL,EQ,1375.2,1415.0,1365.0,1380.25,1394.8,1375.2,38961,54204623.8,13-JUL-2023,4057,INE06H201014,
GENUSPAPER,EQ,16.9,16.95,16.2,16.3,16.25,16.7,298351,4932376.25,13-JUL-2023,875,INE949P01018,
GENUSPOWER,EQ,174.0,174.7,164.0,165.6,165.2,172.55,2190296,367761472.1,13-JUL-2023,15917,INE955D01029,
GEOJITFSL,EQ,47.0,47.5,46.25,46.7,46.25,47.0,216593,10197849.45,13-JUL-2023,1698,INE007B01023,
GEPIL,EQ,158.3,160.05,155.15,155.5,155.8,156.8,118259,18579647.75,13-JUL-2023,2416,INE878A01011,
GESHIP,EQ,760.0,774.0,754.0,763.15,764.25,753.95,170410,130615689.6,13-JUL-2023,10393,INE017A01032,
GET&D,BE,229.0,237.0,223.0,226.35,226.05,228.75,148686,34435963.9,13-JUL-2023,1277,INE200A01026,
GFLLIMITED,EQ,56.75,57.9,52.4,53.95,54.5,56.4,227684,12700141.5,13-JUL-2023,1828,INE538A01037,
GHCL,EQ,520.85,523.95,510.25,513.05,512.0,518.25,135478,69940880.2,13-JUL-2023,7316,INE539A01019,
GHCLTEXTIL,EQ,81.85,82.8,77.1,78.55,78.45,81.85,759520,60583552.2,13-JUL-2023,8691,INE0PA801013,
GICHSGFIN,EQ,180.95,188.4,180.6,185.2,185.35,180.3,649363,119846719.1,13-JUL-2023,8122,INE289B01019,
GICRE,EQ,187.5,190.55,183.05,184.25,184.2,187.0,586394,109371447.05,13-JUL-2023,7821,INE481Y01014,
GILLANDERS,EQ,71.65,72.0,67.2,68.2,69.5,70.25,15013,1048584.4,13-JUL-2023,597,INE047B01011,
GILLETTE,EQ,5443.55,5514.85,5411.05,5421.0,5424.95,5413.55,32132,175792725.15,13-JUL-2023,5168,INE322A01010,
GILT5YBEES,EQ,52.52,52.59,52.51,52.57,52.59,52.49,180214,9467936.08,13-JUL-2023,389,INF204KC1030,
GINNIFILA,BE,28.05,29.2,28.0,28.3,28.75,28.15,50430,1441359.35,13-JUL-2023,157,INE424C01010,
GIPCL,EQ,114.35,114.7,109.3,110.0,110.6,113.8,911163,101821436.35,13-JUL-2023,7558,INE162A01010,
GISOLUTION,BE,11.7,11.7,10.9,11.4,11.6,11.15,456924,5279460.25,13-JUL-2023,746,INE065J01016,
GKWLIMITED,BE,824.8,847.95,820.15,841.5,842.0,824.8,392,327757.1,13-JUL-2023,32,INE528A01020,
GLAND,EQ,1097.0,1110.0,1086.1,1105.8,1107.0,1092.7,619965,682525215.0,13-JUL-2023,23856,INE068V01023,
GLAXO,EQ,1399.9,1406.1,1395.0,1401.0,1402.75,1394.9,205403,287457724.5,13-JUL-2023,3783,INE159A01016,
GLENMARK,EQ,678.25,688.8,677.3,683.25,683.05,676.65,1041642,711194227.15,13-JUL-2023,23184,INE935A01035,
GLFL,EQ,3.2,3.35,3.2,3.3,3.3,3.2,1743,5783.2,13-JUL-2023,7,INE540A01017,
GLOBAL,BE,170.75,170.75,164.1,164.95,166.5,170.75,31700,5299845.4,13-JUL-2023,638,INE291W01029,
GLOBALVECT,EQ,74.7,80.5,73.45,76.4,77.4,74.1,465803,36354573.3,13-JUL-2023,4433,INE792H01019,
GLOBUSSPR,EQ,1270.0,1277.1,1239.2,1243.75,1245.15,1264.15,61194,76800149.25,13-JUL-2023,5910,INE615I01010,
GLS,EQ,594.8,601.6,581.1,588.9,586.5,594.8,132133,77952641.8,13-JUL-2023,6627,INE03Q201024,
GMBREW,EQ,603.0,606.0,595.9,602.95,604.0,599.2,68212,41035961.25,13-JUL-2023,4221,INE075D01018,
GMDCLTD,EQ,172.25,173.9,168.5,169.55,169.7,170.85,2459050,422683888.15,13-JUL-2023,22444,INE131A01031,
GMMPFAUDLR,EQ,1499.0,1499.0,1479.0,1481.6,1481.0,1493.4,41996,62517708.05,13-JUL-2023,6564,INE541A01023,
GMRINFRA,EQ,45.5,45.65,44.0,44.2,44.35,45.45,9154654,409255475.15,13-JUL-2023,14639,INE776C01039,
GMRP&UI,EQ,20.95,21.25,19.6,20.15,20.25,20.75,1684602,34240891.9,13-JUL-2023,4254,INE0CU601026,
GNA,EQ,922.0,926.9,892.45,897.6,899.0,919.6,73724,66949999.55,13-JUL-2023,7491,INE934S01014,
GNFC,EQ,604.95,605.55,585.0,586.4,586.3,604.2,975149,578630484.45,13-JUL-2023,22353,INE113A01013,
GOACARBON,EQ,533.2,537.5,517.25,521.65,521.0,530.35,53375,28125242.85,13-JUL-2023,3058,INE426D01013,
GOCLCORP,EQ,351.9,398.4,343.95,376.25,382.0,345.75,733086,276745308.15,13-JUL-2023,30358,INE077F01035,
GOCOLORS,EQ,1133.0,1145.0,1114.1,1119.2,1120.0,1120.6,113215,127985221.05,13-JUL-2023,4491,INE0BJS01011,
GODFRYPHLP,EQ,1649.25,1657.05,1620.0,1633.65,1635.0,1640.6,79455,130039650.35,13-JUL-2023,6444,INE260B01028,
GODHA,BE,1.15,1.15,1.15,1.15,1.15,1.2,3747351,4309453.65,13-JUL-2023,933,INE925Y01036,
GODREJAGRO,EQ,463.0,465.0,456.25,457.25,458.0,462.1,46506,21444744.1,13-JUL-2023,3137,INE850D01014,
GODREJCP,EQ,1068.35,1074.55,1050.0,1053.6,1055.5,1068.35,447833,475814546.9,13-JUL-2023,26289,INE102D01028,
GODREJIND,EQ,499.9,500.0,486.8,489.65,489.0,497.25,82190,40512089.5,13-JUL-2023,4623,INE233A01035,
GODREJPROP,EQ,1616.0,1638.5,1595.2,1621.4,1630.0,1598.75,920882,1493681750.25,13-JUL-2023,40553,INE484J01027,
GOKEX,EQ,529.7,537.0,524.0,527.5,531.0,526.35,265015,140165123.7,13-JUL-2023,13925,INE887G01027,
GOKUL,EQ,30.75,30.75,30.0,30.15,30.05,30.55,76344,2307713.1,13-JUL-2023,707,INE020J01029,
GOKULAGRO,EQ,106.4,110.75,105.8,108.4,108.0,105.5,242946,26338475.7,13-JUL-2023,4059,INE314T01025,
GOLDBEES,EQ,50.25,50.61,50.25,50.52,50.57,50.1,3956450,199832011.32,13-JUL-2023,15448,INF204KB17I5,
GOLDIAM,EQ,130.0,130.0,128.35,128.75,128.8,129.4,192254,24826188.4,13-JUL-2023,2343,INE025B01025,
GOLDSHARE,EQ,50.9,50.9,50.45,50.7,50.75,50.25,49146,2490349.35,13-JUL-2023,394,INF789F1AUX7,
GOLDTECH,BE,115.75,117.95,106.75,106.75,106.75,112.35,205796,23410192.55,13-JUL-2023,1193,INE805A01014,
GOODLUCK,EQ,453.0,455.4,450.0,452.85,454.4,452.8,85393,38599870.5,13-JUL-2023,2267,INE127I01024,
GOODYEAR,EQ,1315.0,1320.0,1295.3,1300.6,1299.65,1297.7,68297,89150295.35,13-JUL-2023,8392,INE533A01012,
GPIL,EQ,515.45,537.95,515.45,524.65,526.15,513.5,1229486,651504792.1,13-JUL-2023,27331,INE177H01021,
GPPL,EQ,122.8,122.8,118.95,119.55,120.2,122.0,931838,112880458.8,13-JUL-2023,8547,INE517F01014,
GPTINFRA,BE,71.85,71.95,69.0,69.5,71.0,70.9,89960,6335478.1,13-JUL-2023,1329,INE390G01014,
GRANULES,EQ,311.25,312.7,300.5,302.35,302.7,308.9,2840536,871915804.65,13-JUL-2023,33877,INE101D01020,
GRAPHITE,EQ,415.1,418.0,405.9,408.25,409.3,413.05,774026,319381801.35,13-JUL-2023,14899,INE371A01025,
GRASIM,EQ,1779.0,1783.9,1753.5,1759.8,1760.0,1777.85,334231,591931545.05,13-JUL-2023,24479,INE047A01021,
GRAUWEIL,EQ,111.95,112.75,106.25,108.1,108.75,111.5,299569,32921310.6,13-JUL-2023,3331,INE266D01021,
GRAVITA,EQ,621.0,645.85,621.0,627.9,628.0,617.8,563904,357354579.35,13-JUL-2023,21847,INE024L01027,
GREAVESCOT,EQ,139.8,140.4,136.3,137.1,137.35,139.15,1002017,138667013.25,13-JUL-2023,9789,INE224A01026,
GREENLAM,EQ,474.0,495.0,463.85,479.5,480.55,466.7,215251,104437116.4,13-JUL-2023,14850,INE544R01021,
GREENPANEL,EQ,356.8,362.0,353.3,355.9,355.5,355.1,505808,180720851.65,13-JUL-2023,19158,INE08ZM01014,
GREENPLY,EQ,179.0,183.0,176.8,178.4,178.2,180.15,129635,23399599.9,13-JUL-2023,3701,INE461C01038,
GREENPOWER,EQ,11.05,11.2,10.55,10.7,10.75,11.05,5805136,63001055.15,13-JUL-2023,5553,INE999K01014,
GRINDWELL,EQ,2180.05,2253.0,2166.0,2178.25,2180.0,2180.05,39130,86397585.45,13-JUL-2023,8977,INE536A01023,
GRINFRA,EQ,1337.0,1350.0,1302.0,1330.35,1330.0,1334.15,122878,164130615.3,13-JUL-2023,9329,INE201P01022,
GRMOVER,EQ,170.5,170.55,162.05,163.1,163.0,167.45,78451,12913401.0,13-JUL-2023,2052,INE192H01020,
GROBTEA,EQ,812.6,835.0,810.0,812.6,810.0,811.9,779,637309.0,13-JUL-2023,208,INE646C01018,
GRPLTD,BE,3558.75,3650.0,3525.05,3595.0,3590.0,3650.0,66,238496.4,13-JUL-2023,14,INE137I01015,
GRSE,EQ,612.0,624.0,596.65,601.75,605.9,612.2,1422587,872189336.0,13-JUL-2023,30676,INE382Z01011,
GRWRHITECH,EQ,872.2,898.45,858.9,867.55,860.0,872.2,60633,53327266.25,13-JUL-2023,4936,INE291A01017,
GSFC,EQ,169.0,171.65,166.25,168.25,168.0,168.15,3166092,535213558.0,13-JUL-2023,23227,INE026A01025,
GSLSU,EQ,200.95,203.8,195.2,197.7,197.0,199.6,658776,131917677.7,13-JUL-2023,9354,INE0JSX01015,
GSPL,EQ,297.8,298.0,289.75,292.3,291.95,296.2,492703,145692603.8,13-JUL-2023,5403,INE246F01010,
GSS,EQ,184.3,184.45,180.3,183.15,182.85,183.3,55678,10159338.55,13-JUL-2023,1023,INE871H01011,
GTL,EQ,7.65,7.8,6.9,7.0,7.1,7.5,2375560,17107729.65,13-JUL-2023,2208,INE043A01012,
GTLINFRA,EQ,0.8,0.85,0.75,0.75,0.8,0.8,43087066,33748405.2,13-JUL-2023,8399,INE221H01019,
GTPL,EQ,114.25,117.0,112.7,113.9,114.45,113.65,65310,7494408.1,13-JUL-2023,1002,INE869I01013,
GUFICBIO,EQ,232.95,234.9,225.0,228.35,228.5,231.3,99998,23011355.45,13-JUL-2023,5168,INE742B01025,
GUJALKALI,EQ,681.4,682.05,672.5,676.2,676.05,678.0,46593,31535161.55,13-JUL-2023,2880,INE186A01019,
GUJAPOLLO,EQ,224.45,229.8,213.3,223.0,224.9,223.05,58873,13063744.45,13-JUL-2023,2088,INE826C01016,
GUJGASLTD,EQ,471.95,472.9,461.3,463.05,463.55,470.4,1662964,776594196.9,13-JUL-2023,26918,INE844O01030,
GUJRAFFIA,BE,27.75,28.75,27.5,27.5,27.5,27.75,1528,42384.0,13-JUL-2023,15,INE610B01024,
GULFOILLUB,EQ,478.8,489.0,476.0,478.65,478.0,478.1,50639,24390186.45,13-JUL-2023,2846,INE635Q01029,
GULFPETRO,EQ,40.8,41.35,39.35,39.5,39.65,40.95,106939,4307425.8,13-JUL-2023,1075,INE586G01017,
GULPOLY,EQ,240.0,243.6,238.0,239.4,240.0,239.6,79241,19090961.5,13-JUL-2023,3706,INE255D01024,
GVKPIL,EQ,2.7,2.7,2.6,2.6,2.65,2.65,2718086,7238029.5,13-JUL-2023,2177,INE251H01024,
HAL,EQ,3862.0,3898.65,3820.0,3854.0,3861.0,3843.85,1318519,5095608653.95,13-JUL-2023,73309,INE066F01012,
HAPPSTMNDS,EQ,983.75,990.85,957.0,962.55,970.0,980.8,403620,392424507.8,13-JUL-2023,21624,INE419U01012,
HARDWYN,EQ,41.45,41.8,39.75,40.45,40.6,41.2,171334,7030818.35,13-JUL-2023,1900,INE626Z01029,
HARIOMPIPE,EQ,644.35,646.85,629.5,633.85,634.9,636.05,40042,25626505.35,13-JUL-2023,3483,INE00EV01017,
HARRMALAYA,EQ,136.55,138.05,130.0,131.5,131.1,135.65,43215,5770333.2,13-JUL-2023,1246,INE544A01019,
HARSHA,EQ,446.4,450.4,440.1,445.4,445.0,443.45,125266,55901775.1,13-JUL-2023,7076,INE0JUS01029,
HATHWAY,EQ,15.15,15.55,15.0,15.15,15.25,15.15,4946196,75651846.9,13-JUL-2023,4853,INE982F01036,
HATSUN,EQ,979.25,982.9,967.0,972.65,967.6,974.35,17358,16942320.25,13-JUL-2023,1907,INE473B01035,
HAVELLS,EQ,1295.0,1296.75,1267.0,1272.3,1273.0,1290.7,1516583,1936252189.85,13-JUL-2023,64074,INE176B01034,
HAVISHA,BE,1.85,1.9,1.75,1.85,1.85,1.85,20405,37921.1,13-JUL-2023,69,INE293B01029,
HBLPOWER,EQ,167.5,168.6,162.0,163.9,164.6,166.75,3174781,525145030.3,13-JUL-2023,20492,INE292B01021,
HBSL,EQ,49.3,52.5,48.0,49.0,49.2,49.45,81596,4092707.5,13-JUL-2023,1596,INE550B01022,
HCC,EQ,20.55,21.6,19.9,20.35,20.45,20.4,92443674,1928976695.35,13-JUL-2023,34237,INE549A01026,
HCG,EQ,320.65,324.85,315.05,322.9,323.5,322.15,129387,41701584.95,13-JUL-2023,7575,INE075I01017,
HCL-INSYS,EQ,13.8,13.85,13.55,13.6,13.6,13.7,261032,3579720.15,13-JUL-2023,1210,INE236A01020,
HCLTECH,EQ,1100.0,1124.4,1087.05,1108.8,1112.0,1110.55,12294227,13593022758.55,13-JUL-2023,279876,INE860A01027,
HDFCAMC,EQ,2349.95,2372.0,2323.1,2329.5,2330.4,2325.75,505185,1185174607.25,13-JUL-2023,25061,INE127D01025,
HDFCBANK,EQ,1656.7,1657.45,1638.05,1641.1,1644.55,1632.95,20956773,34549848532.65,13-JUL-2023,432632,INE040A01034,
HDFCBSE500,EQ,25.93,26.44,25.93,26.1,26.15,26.15,25710,675980.67,13-JUL-2023,176,INF179KC1EZ4,
HDFCGOLD,EQ,52.38,52.55,51.92,52.0,52.0,51.73,747247,38922705.73,13-JUL-2023,1220,INF179KC1981,
HDFCGROWTH,EQ,101.24,101.24,96.85,97.44,97.51,96.87,3196,311297.44,13-JUL-2023,79,INF179KC1DJ0,
HDFCLIFE,EQ,676.0,690.85,676.0,680.6,680.9,671.7,3997060,2731564031.15,13-JUL-2023,92396,INE795G01014,
HDFCLOWVOL,EQ,147.59,147.65,146.26,147.58,147.65,147.87,1354,199525.7,13-JUL-2023,15,INF179KC1DN2,
HDFCMID150,EQ,135.99,137.17,135.5,135.5,135.5,136.56,1655,225341.34,13-JUL-2023,96,INF179KC1FA4,
HDFCMOMENT,EQ,214.6,220.0,213.0,213.87,213.0,215.46,2474,530687.24,13-JUL-2023,88,INF179KC1DM4,
HDFCNEXT50,EQ,450.64,450.64,438.8,440.05,442.9,443.76,1225,541226.09,13-JUL-2023,57,INF179KC1DA9,
HDFCNIF100,EQ,195.03,196.0,195.0,195.21,195.2,195.04,1029,200830.01,13-JUL-2023,44,INF179KC1DB7,
HDFCNIFBAN,EQ,457.98,457.98,451.96,453.0,452.0,452.41,1389,631766.68,13-JUL-2023,99,INF179KC1AN8,
HDFCNIFIT,EQ,295.99,301.2,295.99,298.64,299.96,294.16,5864,1753731.62,13-JUL-2023,112,INF179KC1DX1,
HDFCNIFTY,EQ,212.74,212.99,211.5,211.68,211.88,211.55,35588,7560662.4,13-JUL-2023,307,INF179KC1965,
HDFCPVTBAN,EQ,234.65,237.1,228.32,229.0,228.43,229.79,2703,634295.17,13-JUL-2023,63,INF179KC1DW3,
HDFCQUAL,EQ,43.4,43.59,42.91,43.39,43.39,42.06,9791,424323.71,13-JUL-2023,108,INF179KC1DL6,
HDFCSENSEX,EQ,720.0,724.81,718.52,719.14,721.5,718.51,2493,1801346.31,13-JUL-2023,224,INF179KC1973,
HDFCSILVER,EQ,70.5,72.15,70.26,72.01,71.96,69.73,279773,20131692.74,13-JUL-2023,1006,INF179KC1DI2,
HDFCSML250,EQ,110.87,111.9,108.14,108.97,109.8,109.36,192249,21023971.55,13-JUL-2023,1187,INF179KC1FB2,
HDFCVALUE,EQ,101.21,101.84,100.55,100.91,100.55,100.62,546,55119.34,13-JUL-2023,25,INF179KC1DK8,
HEADSUP,EQ,12.75,12.8,12.4,12.45,12.4,12.65,19511,246021.35,13-JUL-2023,349,INE759V01019,
HEALTHY,EQ,9.17,9.2,9.11,9.15,9.17,9.17,98421,901758.95,13-JUL-2023,428,INF209KB10C2,
HECPROJECT,EQ,34.9,37.0,34.5,34.65,34.5,34.75,8721,308235.45,13-JUL-2023,81,INE558R01013,
HEG,EQ,1577.85,1587.8,1527.05,1537.7,1535.9,1575.2,106824,166767516.4,13-JUL-2023,6195,INE545A01016,
HEIDELBERG,EQ,177.5,178.75,176.3,176.95,177.5,176.6,153493,27211047.75,13-JUL-2023,4294,INE578A01017,
HEMIPROP,EQ,103.35,103.35,100.1,100.8,101.0,102.65,1122592,114100430.0,13-JUL-2023,6387,INE0AJG01018,
HERANBA,EQ,372.05,376.6,362.05,365.35,364.85,371.4,57724,21365104.55,13-JUL-2023,4060,INE694N01015,
HERCULES,EQ,273.45,277.65,265.9,271.35,271.0,272.6,73685,20032264.0,13-JUL-2023,3565,INE688E01024,
HERITGFOOD,EQ,218.95,222.1,215.25,216.85,216.0,218.45,86814,19031362.7,13-JUL-2023,2985,INE978A01027,
HEROMOTOCO,EQ,3078.85,3130.95,3055.5,3073.1,3078.7,3078.85,665215,2062268673.85,13-JUL-2023,47302,INE158A01026,
HESTERBIO,EQ,1707.65,1717.4,1685.0,1690.15,1685.0,1707.65,2533,4302554.6,13-JUL-2023,291,INE782E01017,
HEUBACHIND,EQ,335.0,335.05,325.0,325.55,325.8,332.45,33649,11059432.2,13-JUL-2023,2180,INE492A01029,
HEXATRADEX,EQ,148.35,151.95,147.1,148.1,148.0,146.95,4271,637373.15,13-JUL-2023,410,INE750M01017,
HFCL,EQ,65.0,65.35,63.7,63.95,63.95,64.75,3356786,216885363.3,13-JUL-2023,12154,INE548A01028,
HGINFRA,EQ,870.5,889.2,865.0,868.5,872.0,875.1,91059,79920070.85,13-JUL-2023,8240,INE926X01010,
HGS,EQ,1055.1,1063.0,1051.15,1056.75,1057.8,1058.45,14818,15676663.75,13-JUL-2023,2145,INE170I01016,
HIKAL,EQ,307.4,310.0,302.0,303.85,304.35,306.05,196022,59983528.85,13-JUL-2023,5670,INE475B01022,
HIL,EQ,2890.05,2950.0,2890.05,2935.05,2930.05,2913.3,14507,42245931.4,13-JUL-2023,2196,INE557A01011,
HILTON,BE,169.5,169.5,161.0,164.45,163.15,166.55,37033,6085177.25,13-JUL-2023,305,INE788H01017,
HIMATSEIDE,EQ,129.75,136.0,128.45,132.85,133.6,128.65,1075367,142928679.5,13-JUL-2023,8958,INE049A01027,
HINDALCO,EQ,430.2,439.5,430.2,435.2,435.85,424.85,11590791,5054264151.4,13-JUL-2023,131549,INE038A01020,
HINDCOMPOS,EQ,352.0,359.9,342.55,353.25,351.0,349.75,14188,4997989.35,13-JUL-2023,1906,INE310C01029,
HINDCON,EQ,90.0,90.0,88.55,88.7,89.15,88.8,8326,741499.7,13-JUL-2023,272,INE642Y01011,
HINDCOPPER,EQ,121.65,121.9,115.85,117.25,117.25,119.55,6827904,813300071.3,13-JUL-2023,22988,INE531E01026,
HINDMOTORS,EQ,14.5,14.55,14.1,14.15,14.3,14.4,316706,4519878.95,13-JUL-2023,1499,INE253A01025,
HINDOILEXP,EQ,213.75,217.3,209.5,211.25,211.45,211.6,438059,93379018.3,13-JUL-2023,7165,INE345A01011,
HINDPETRO,EQ,293.0,293.7,285.0,286.8,286.8,291.4,4301569,1245816631.4,13-JUL-2023,57452,INE094A01015,
HINDUNILVR,EQ,2684.95,2687.45,2651.2,2654.7,2658.25,2673.65,1495067,3989914074.2,13-JUL-2023,95377,INE030A01027,
HINDWAREAP,EQ,586.0,586.0,551.3,556.75,557.0,567.35,300308,167734664.0,13-JUL-2023,6861,INE05AN01011,
HINDZINC,EQ,333.35,334.0,327.95,330.7,330.0,332.65,1090510,361224301.0,13-JUL-2023,17190,INE267A01025,
HIRECT,BE,290.1,296.7,287.0,287.45,287.2,290.15,3867,1117520.35,13-JUL-2023,67,INE835D01023,
HISARMETAL,EQ,165.6,168.0,158.0,161.4,162.0,164.5,74596,12205299.25,13-JUL-2023,2668,INE598C01011,
HITECH,EQ,75.65,80.6,75.15,79.7,80.6,74.1,1814494,142015884.4,13-JUL-2023,7453,INE106T01025,
HITECHCORP,BE,221.0,224.0,220.0,223.95,224.0,225.0,2087,461540.0,13-JUL-2023,44,INE120D01012,
HITECHGEAR,EQ,397.7,405.4,389.95,390.65,390.5,397.7,23655,9351639.35,13-JUL-2023,945,INE127B01011,
HLEGLAS,EQ,660.0,663.05,644.0,647.15,649.3,654.85,49475,32306533.9,13-JUL-2023,4750,INE461D01028,
HLVLTD,EQ,14.1,15.1,13.05,13.75,14.3,13.7,2723811,39190384.8,13-JUL-2023,4660,INE102A01024,
HMAAGRO,EQ,581.35,591.0,565.0,583.95,590.0,582.6,263318,152711901.7,13-JUL-2023,8852,INE0ECP01016,
HMVL,BE,62.95,62.95,60.6,60.9,60.9,62.0,14739,898194.95,13-JUL-2023,105,INE871K01015,
HNDFDS,EQ,563.0,564.05,551.9,555.8,555.95,554.8,33185,18517331.15,13-JUL-2023,3068,INE254N01026,
HNGSNGBEES,EQ,279.27,282.0,276.51,277.28,277.55,276.43,37794,10514570.19,13-JUL-2023,978,INF204KB19I1,
HOMEFIRST,EQ,802.0,807.95,790.0,796.45,798.95,798.55,109586,87369230.15,13-JUL-2023,10107,INE481N01025,
HONAUT,EQ,43465.0,44000.0,43027.0,43218.15,43300.0,43595.9,2437,105839616.9,13-JUL-2023,1268,INE671A01010,
HONDAPOWER,EQ,2178.4,2191.25,2157.0,2161.65,2158.0,2167.55,3746,8144599.75,13-JUL-2023,758,INE634A01018,
HOVS,BE,49.1,50.0,48.5,48.9,49.0,49.95,4988,246206.2,13-JUL-2023,60,INE596H01014,
HPAL,EQ,453.4,462.0,448.5,452.95,451.15,450.4,159187,72251174.5,13-JUL-2023,5761,INE0GSL01016,
HPIL,EQ,96.55,98.8,96.0,96.25,96.25,97.2,4491,436059.15,13-JUL-2023,291,INE05X901010,
HPL,EQ,192.95,199.8,186.65,193.65,193.85,185.3,2721114,524471113.75,13-JUL-2023,30541,INE495S01016,
HSCL,EQ,134.05,138.35,133.3,134.85,135.7,133.25,5148777,701666512.05,13-JUL-2023,28636,INE019C01026,
HTMEDIA,EQ,20.25,20.3,19.8,19.9,20.0,20.05,200897,4030121.1,13-JUL-2023,736,INE501G01024,
HUBTOWN,BE,45.4,45.65,43.55,44.35,44.5,44.65,59401,2669507.35,13-JUL-2023,393,INE703H01016,
HUDCO,EQ,59.9,60.35,58.55,58.8,58.9,59.65,6171882,367426083.0,13-JUL-2023,17084,INE031A01017,
HUHTAMAKI,EQ,286.0,294.9,283.05,283.55,286.0,287.4,121853,35183218.15,13-JUL-2023,3650,INE275B01026,
HYBRIDFIN,BE,7.55,7.9,7.2,7.2,7.2,7.55,1887,14306.35,13-JUL-2023,18,INE965B01022,
IBMFNIFTY,EQ,196.0,197.4,194.0,195.02,196.29,193.16,348,68098.79,13-JUL-2023,88,INF666M01FS5,
IBREALEST,EQ,63.0,63.5,61.25,61.65,61.5,62.8,4954364,309300635.45,13-JUL-2023,13783,INE069I01010,
IBULHSGFIN,EQ,123.9,124.4,119.1,119.9,120.4,123.65,6997685,850679278.6,13-JUL-2023,25641,INE148I01020,
ICDSLTD,BE,26.9,27.5,25.35,25.35,25.35,26.2,3879,104112.2,13-JUL-2023,30,INE613B01010,
ICEMAKE,EQ,402.95,410.0,393.55,398.2,405.0,400.55,23512,9537173.7,13-JUL-2023,751,INE520Y01019,
ICICI500,EQ,27.99,28.14,27.84,27.85,27.84,27.87,321051,9021040.38,13-JUL-2023,362,INF109KC1V59,
ICICI5GSEC,EQ,52.63,53.1,52.63,53.1,53.1,52.85,56,2963.83,13-JUL-2023,20,INF109KC14A8,
ICICIALPLV,EQ,197.5,199.83,196.41,196.65,196.7,197.45,29247,5758209.8,13-JUL-2023,356,INF109KC1N59,
ICICIAUTO,EQ,158.79,158.79,155.98,156.59,157.79,157.83,33906,5349968.85,13-JUL-2023,404,INF109KC1Y49,
ICICIB22,EQ,68.9,68.9,67.31,67.45,67.6,67.83,620927,42008667.6,13-JUL-2023,2060,INF109KB15Y7,
ICICIBANK,EQ,947.7,959.25,942.2,955.7,956.5,944.4,23222286,22151217019.2,13-JUL-2023,320781,INE090A01021,
ICICIBANKN,EQ,45.65,45.7,45.0,45.04,45.15,45.06,45259,2049505.15,13-JUL-2023,462,INF109KC15I8,
ICICIBANKP,EQ,227.43,230.9,224.8,227.01,227.3,227.18,17568,4003919.9,13-JUL-2023,205,INF109KC1E35,
ICICICOMMO,EQ,61.49,61.77,60.69,60.87,61.0,61.2,22385,1370522.05,13-JUL-2023,168,INF109KC19O8,
ICICICONSU,EQ,85.55,86.14,84.85,85.2,85.37,85.4,1935,166233.91,13-JUL-2023,44,INF109KC1V42,
ICICIFIN,EQ,19.51,19.68,19.38,19.45,19.5,19.46,61009,1190539.91,13-JUL-2023,254,INF109KC17L8,
ICICIFMCG,EQ,554.79,554.8,545.3,545.88,547.9,548.76,7056,3876380.52,13-JUL-2023,326,INF109KC1R48,
ICICIGI,EQ,1364.95,1383.0,1352.45,1356.45,1356.0,1362.3,375783,512692605.6,13-JUL-2023,21352,INE765G01017,
ICICIGOLD,EQ,52.02,52.24,51.86,52.06,52.0,51.67,577407,30051139.92,13-JUL-2023,3622,INF109KC1NT3,
ICICIINFRA,EQ,59.8,60.2,59.11,59.34,59.11,59.7,4256,254380.89,13-JUL-2023,64,INF109KC16E5,
ICICILIQ,EQ,999.99,1000.01,999.97,999.99,999.97,999.99,264101,264100738.86,13-JUL-2023,1569,INF109KC1KT9,
ICICILOVOL,EQ,160.8,160.8,154.25,158.5,158.68,159.03,8974,1430707.96,13-JUL-2023,573,INF109KB10T8,
ICICIM150,EQ,138.99,139.99,137.5,137.72,137.79,138.67,17132,2379323.34,13-JUL-2023,620,INF109KC1G82,
ICICIMCAP,EQ,112.02,113.6,110.97,111.51,111.32,112.03,15113,1689386.14,13-JUL-2023,203,INF109KB1XT3,
ICICIMOM30,EQ,21.91,21.95,21.6,21.66,21.68,21.86,267867,5852496.71,13-JUL-2023,336,INF109KC17C7,
ICICINF100,EQ,211.58,213.5,211.52,211.95,211.96,211.53,6888,1466067.43,13-JUL-2023,378,INF109KA1962,
ICICINIFTY,EQ,211.74,218.1,211.74,212.01,212.19,211.74,1767268,376822725.54,13-JUL-2023,8517,INF109K012R6,
ICICINV20,EQ,110.38,110.38,109.11,109.4,109.78,109.17,23993,2639844.77,13-JUL-2023,762,INF109KB1WY5,
ICICINXT50,EQ,46.04,46.04,45.2,45.45,45.6,45.56,106250,4856327.77,13-JUL-2023,919,INF109KC1NS5,
ICICIPHARM,EQ,91.66,92.07,91.21,91.42,91.54,91.98,6880,631843.62,13-JUL-2023,112,INF109KC1Q72,
ICICIPRULI,EQ,605.0,615.6,596.0,598.2,601.75,597.1,3376033,2051023031.35,13-JUL-2023,66755,INE726G01019,
ICICISENSX,EQ,731.99,734.58,726.99,727.5,728.8,726.32,1233,901549.75,13-JUL-2023,126,INF346A01034,
ICICISILVE,EQ,73.0,75.05,73.0,74.94,74.91,72.32,546380,40817047.07,13-JUL-2023,2086,INF109KC1Y56,
ICICITECH,EQ,30.58,31.35,30.5,31.06,31.13,30.55,786172,24503600.4,13-JUL-2023,1219,INF109KC16I6,
ICIL,EQ,220.0,224.5,206.05,208.3,209.3,217.05,1075370,232031143.4,13-JUL-2023,19413,INE483B01026,
ICRA,EQ,5500.0,5500.0,5400.55,5424.05,5436.3,5478.4,1967,10701537.15,13-JUL-2023,756,INE725G01011,
IDBI,EQ,59.4,59.4,56.8,57.15,57.2,59.05,9447798,547470245.3,13-JUL-2023,17101,INE008A01015,
IDBIGOLD,EQ,5443.95,5443.95,5397.7,5424.35,5440.0,5374.0,194,1052492.5,13-JUL-2023,53,INF397L01554,
IDEA,EQ,7.35,7.45,7.15,7.25,7.25,7.35,54894524,399981125.0,13-JUL-2023,38262,INE669E01016,
IDEAFORGE,EQ,1272.0,1284.9,1212.85,1229.85,1231.95,1279.3,569977,708810093.9,13-JUL-2023,33089,INE349Y01013,
IDFC,EQ,115.3,115.5,112.05,112.6,112.8,115.05,7297492,830214739.8,13-JUL-2023,37653,INE043D01016,
IDFCFIRSTB,EQ,83.5,83.65,81.1,81.35,81.75,83.1,31808815,2619700594.85,13-JUL-2023,117759,INE092T01019,
IDFNIFTYET,EQ,212.79,212.79,205.3,208.0,208.0,207.6,129,26719.71,13-JUL-2023,31,INF194KA1U07,
IEX,EQ,123.8,124.3,120.5,121.6,122.1,123.55,6395490,782546726.05,13-JUL-2023,59339,INE022Q01020,
IFBAGRO,EQ,556.7,559.75,542.5,543.75,545.0,556.25,10100,5567627.7,13-JUL-2023,1571,INE076C01018,
IFBIND,EQ,834.3,844.7,829.7,833.05,832.0,834.3,34565,28921177.3,13-JUL-2023,3402,INE559A01017,
IFCI,EQ,12.9,13.05,12.25,12.35,12.45,12.8,10122448,127507704.05,13-JUL-2023,5420,INE039A01010,
IFGLEXPOR,EQ,380.0,403.0,380.0,394.9,398.0,377.95,287715,112909297.55,13-JUL-2023,14789,INE133Y01011,
IGARASHI,EQ,470.0,470.35,453.8,455.95,454.25,462.65,48719,22445411.1,13-JUL-2023,3375,INE188B01013,
IGL,EQ,492.65,494.4,481.15,483.0,482.6,492.65,816020,396762501.45,13-JUL-2023,19268,INE203G01027,
IGPL,EQ,498.5,502.05,491.0,494.65,497.3,497.25,21704,10771777.15,13-JUL-2023,2253,INE204A01010,
IIFL,EQ,545.5,545.5,531.0,536.55,535.6,542.4,514557,276764554.35,13-JUL-2023,22902,INE530B01024,
IIFLSEC,EQ,63.05,63.95,62.35,62.95,63.0,63.0,494443,31237222.3,13-JUL-2023,4307,INE489L01022,
IITL,BE,101.05,101.85,98.0,98.35,100.0,102.95,4922,491528.1,13-JUL-2023,64,INE886A01014,
IKIO,EQ,417.45,427.5,412.0,413.45,413.4,415.15,1401320,587585522.95,13-JUL-2023,30622,INE0LOJ01019,
IMAGICAA,EQ,48.75,49.5,45.8,47.2,47.6,48.5,1729892,82145024.65,13-JUL-2023,7555,INE172N01012,
IMFA,EQ,334.95,339.9,328.0,329.2,329.8,332.35,125591,41993294.35,13-JUL-2023,5481,INE919H01018,
IMPAL,EQ,773.05,791.95,764.95,776.95,773.6,773.0,4638,3592044.4,13-JUL-2023,494,INE547E01014,
IMPEXFERRO,BE,2.9,2.9,2.8,2.85,2.9,2.9,35075,99690.35,13-JUL-2023,64,INE691G01015,
INCREDIBLE,EQ,26.5,26.6,24.65,24.75,24.65,25.75,29707,757985.55,13-JUL-2023,303,INE452L01012,
INDBANK,EQ,27.95,28.25,26.55,26.9,27.1,27.55,224640,6151267.25,13-JUL-2023,1132,INE841B01017,
INDHOTEL,EQ,394.8,396.0,386.3,387.45,388.0,392.3,3948469,1549324484.35,13-JUL-2023,48988,INE053A01029,
INDIACEM,EQ,208.4,211.0,204.1,205.8,207.4,208.1,1798482,373656182.55,13-JUL-2023,12431,INE383A01012,
INDIAGLYCO,EQ,611.0,614.9,596.35,599.35,600.0,606.8,51315,31089879.75,13-JUL-2023,3031,INE560A01015,
INDIAMART,EQ,2817.15,2817.15,2732.1,2748.6,2746.95,2788.75,126216,349706788.2,13-JUL-2023,16952,INE933S01016,
INDIANB,EQ,325.0,327.0,317.25,321.85,322.0,324.3,2028963,655494806.25,13-JUL-2023,23407,INE562A01011,
INDIANCARD,EQ,230.95,230.95,223.45,224.4,223.7,229.15,4128,934186.1,13-JUL-2023,297,INE061A01014,
INDIANHUME,EQ,247.45,251.05,223.0,226.7,229.0,246.05,338515,80422762.95,13-JUL-2023,10580,INE323C01030,
INDIGO,EQ,2730.05,2740.0,2664.85,2686.4,2700.0,2725.55,457858,1244853625.95,13-JUL-2023,31271,INE646L01027,
INDIGOPNTS,EQ,1445.0,1448.0,1420.0,1427.75,1425.0,1434.45,31675,45444275.95,13-JUL-2023,4610,INE09VQ01012,
INDNIPPON,EQ,432.65,447.65,432.0,433.9,432.15,432.65,38719,17046817.15,13-JUL-2023,4071,INE092B01025,
INDOAMIN,EQ,112.05,114.4,110.2,111.35,112.1,111.9,87472,9794610.75,13-JUL-2023,1814,INE760F01028,
INDOBORAX,EQ,126.5,128.45,124.0,125.1,125.35,126.35,38042,4801280.85,13-JUL-2023,868,INE803D01021,
INDOCO,EQ,327.0,327.9,321.85,323.3,324.0,325.45,35167,11424659.95,13-JUL-2023,1946,INE873D01024,
INDORAMA,EQ,46.9,47.25,45.1,45.8,45.9,46.45,77748,3614576.1,13-JUL-2023,827,INE156A01020,
INDOSTAR,BE,155.4,155.65,150.2,150.8,152.5,155.75,108419,16569734.1,13-JUL-2023,567,INE896L01010,
INDOTHAI,BE,249.0,249.0,239.0,240.6,243.0,251.2,2801,675781.8,13-JUL-2023,73,INE337M01013,
INDOWIND,EQ,10.1,10.15,10.0,10.0,10.1,10.05,125697,1265796.9,13-JUL-2023,653,INE227G01018,
INDRAMEDCO,BE,112.8,112.95,109.65,109.65,109.65,115.4,142122,15647377.95,13-JUL-2023,948,INE681B01017,
INDSWFTLAB,EQ,85.8,87.5,82.65,83.4,84.3,85.15,227382,19333797.5,13-JUL-2023,3912,INE915B01019,
INDTERRAIN,EQ,54.15,55.0,52.1,52.35,52.4,54.0,209511,11127062.45,13-JUL-2023,1610,INE611L01021,
INDUSINDBK,EQ,1384.0,1391.5,1366.4,1376.3,1378.0,1371.45,5174896,7142114492.35,13-JUL-2023,136658,INE095A01012,
INDUSTOWER,EQ,164.45,166.5,160.8,162.6,162.85,164.1,6420420,1052321100.5,13-JUL-2023,34411,INE121J01017,
INFIBEAM,EQ,15.25,15.4,14.75,14.95,15.0,15.2,7015630,106062890.05,13-JUL-2023,7219,INE483S01020,
INFOBEAN,EQ,510.0,510.0,484.3,487.55,487.0,505.0,28605,14243972.7,13-JUL-2023,3997,INE344S01016,
INFOMEDIA,EQ,4.6,5.0,4.6,4.7,4.7,4.8,49339,238230.85,13-JUL-2023,68,INE669A01022,
INFRABEES,EQ,614.99,614.99,603.02,604.9,614.0,609.84,8671,5290359.61,13-JUL-2023,370,INF732E01268,
INFY,EQ,1334.9,1376.8,1330.85,1365.1,1365.1,1333.3,9977644,13621594105.55,13-JUL-2023,302367,INE009A01021,
INGERRAND,EQ,2859.9,2893.0,2843.3,2857.85,2850.05,2848.55,13268,38083903.25,13-JUL-2023,3155,INE177A01018,
INOXGREEN,EQ,58.0,58.25,56.55,57.15,57.3,57.6,1225383,70357136.05,13-JUL-2023,6250,INE510W01014,
INOXWIND,EQ,194.3,198.1,183.45,185.45,186.45,193.5,1530205,292597346.5,13-JUL-2023,14563,INE066P01011,
INSECTICID,EQ,425.95,426.0,416.0,416.75,417.5,419.85,37872,15892010.75,13-JUL-2023,4516,INE070I01018,
INTELLECT,EQ,599.9,618.0,599.3,605.9,607.05,597.5,1044242,637692609.5,13-JUL-2023,31718,INE306R01017,
INTENTECH,EQ,73.5,76.15,72.35,75.0,74.5,72.6,106743,7992153.5,13-JUL-2023,1049,INE781A01025,
INTLCONV,EQ,76.95,76.95,71.5,72.35,72.4,76.1,252301,18510942.85,13-JUL-2023,2694,INE575C01027,
INVENTURE,EQ,1.95,2.05,1.9,1.95,2.0,1.9,4725367,9387718.25,13-JUL-2023,2509,INE878H01024,
IOB,EQ,26.9,27.25,25.55,25.9,25.85,26.75,12409109,328232099.05,13-JUL-2023,11770,INE565A01014,
IOC,EQ,98.4,98.7,96.0,96.2,96.4,97.9,11491737,1117164459.4,13-JUL-2023,51380,INE242A01010,
IOLCP,EQ,375.1,378.9,363.0,364.25,364.3,373.65,251978,92857006.55,13-JUL-2023,9298,INE485C01011,
IONEXCHANG,EQ,521.8,533.1,510.15,515.95,518.8,517.6,337263,176266274.5,13-JUL-2023,16777,INE570A01022,
IPCALAB,EQ,764.95,772.0,760.25,769.25,769.0,764.9,417921,321064743.75,13-JUL-2023,18531,INE571A01038,
IPL,EQ,222.05,223.35,218.0,219.5,218.15,221.65,100324,22110586.15,13-JUL-2023,4533,INE0D6701023,
IRB,EQ,26.0,26.1,25.3,25.4,25.45,25.95,9822943,252315246.4,13-JUL-2023,22072,INE821I01022,
IRCON,EQ,81.95,82.4,79.0,79.35,79.4,81.6,5766380,465036135.15,13-JUL-2023,21753,INE962Y01021,
IRCTC,EQ,623.0,626.6,614.5,617.75,618.0,620.7,966834,599883214.45,13-JUL-2023,31516,INE335Y01020,
IRFC,EQ,33.05,33.1,32.4,32.55,32.5,32.95,12769558,418181782.15,13-JUL-2023,28211,INE053F01010,
IRIS,EQ,78.05,79.9,76.4,77.45,78.0,77.95,27696,2161275.1,13-JUL-2023,558,INE864K01010,
IRISDOREME,EQ,446.0,446.0,432.05,439.35,439.0,437.75,25075,11052813.8,13-JUL-2023,1274,INE01GN01017,
ISEC,EQ,608.5,615.0,606.55,608.8,607.15,610.1,420452,256362272.55,13-JUL-2023,10204,INE763G01038,
ISFT,EQ,137.0,137.5,132.65,133.55,133.0,133.85,24119,3240416.8,13-JUL-2023,281,INE566K01011,
ISGEC,EQ,688.35,700.0,675.0,680.2,681.45,684.35,76759,52861616.15,13-JUL-2023,7321,INE858B01029,
ISMTLTD,EQ,78.0,78.05,75.5,75.75,75.85,77.1,283990,21757946.5,13-JUL-2023,2120,INE732F01019,
ITBEES,EQ,30.25,31.33,30.25,31.08,31.1,30.61,8026452,249877584.46,13-JUL-2023,12694,INF204KB15V2,
ITC,EQ,473.9,476.75,471.0,472.0,472.35,472.3,7909757,3750647067.45,13-JUL-2023,130301,INE154A01025,
ITDC,EQ,331.9,338.0,327.0,327.85,328.0,329.6,39676,13154819.15,13-JUL-2023,1560,INE353K01014,
ITDCEM,EQ,170.85,179.5,170.0,171.55,172.5,169.4,3142683,549179613.35,13-JUL-2023,30413,INE686A01026,
ITI,EQ,108.15,110.65,106.4,106.8,107.0,108.0,468583,50804660.9,13-JUL-2023,4427,INE248A01017,
IVC,EQ,8.4,8.45,8.15,8.2,8.25,8.35,470799,3906493.35,13-JUL-2023,891,INE050B01023,
IVP,BE,159.0,164.2,157.2,160.1,162.0,159.3,7463,1197407.3,13-JUL-2023,70,INE043C01018,
IVZINGOLD,EQ,5263.15,5297.0,5231.3,5284.6,5285.0,5243.35,152,801058.25,13-JUL-2023,57,INF205K01361,
IVZINNIFTY,EQ,2160.0,2160.0,2159.45,2159.45,2159.45,2153.65,2,4319.45,13-JUL-2023,2,INF205K01DA9,
IWEL,EQ,2450.0,2466.05,2251.0,2273.8,2304.9,2409.2,24985,58575541.15,13-JUL-2023,2448,INE0FLR01028,
IZMO,BE,191.8,195.0,190.0,191.5,190.25,191.8,22119,4252835.4,13-JUL-2023,340,INE848A01014,
J&KBANK,EQ,73.0,73.15,69.4,70.25,70.4,73.15,9924142,708697843.55,13-JUL-2023,26208,INE168A01041,
JAGRAN,EQ,85.75,86.85,83.55,83.85,83.75,85.3,218217,18579519.65,13-JUL-2023,2411,INE199G01027,
JAGSNPHARM,EQ,363.25,367.9,360.6,362.85,362.2,364.9,9515,3454641.6,13-JUL-2023,696,INE048B01027,
JAIBALAJI,BE,97.2,97.2,92.65,95.3,94.0,92.6,737651,71321933.95,13-JUL-2023,962,INE091G01018,
JAICORPLTD,EQ,174.05,176.6,167.55,169.65,169.5,173.5,1068388,183869352.45,13-JUL-2023,7906,INE070D01027,
JAIPURKURT,EQ,90.95,92.7,89.2,89.3,89.3,91.35,21832,1982331.7,13-JUL-2023,306,INE696V01013,
JAMNAAUTO,EQ,112.25,113.5,108.25,108.95,109.5,112.1,2872470,318290521.1,13-JUL-2023,13822,INE039C01032,
JASH,EQ,1244.8,1249.95,1220.0,1227.85,1222.0,1230.4,5167,6375807.0,13-JUL-2023,860,INE039O01011,
JAYAGROGN,EQ,230.85,230.85,221.75,228.1,229.5,229.0,53167,12103817.65,13-JUL-2023,1112,INE785A01026,
JAYBARMARU,EQ,322.0,322.0,296.1,300.2,296.1,311.65,186178,57743126.15,13-JUL-2023,4684,INE571B01028,
JAYNECOIND,EQ,22.7,22.8,21.6,21.75,21.9,22.5,230545,5104992.35,13-JUL-2023,785,INE854B01010,
JAYSREETEA,EQ,90.2,90.25,88.1,88.5,88.95,89.7,42518,3786177.3,13-JUL-2023,802,INE364A01020,
JBCHEPHARM,EQ,2620.0,2736.55,2472.65,2522.15,2516.25,2603.5,328520,859643540.8,13-JUL-2023,35497,INE572A01028,
JBMA,EQ,1366.85,1375.8,1290.0,1316.0,1319.35,1361.8,364893,486045592.75,13-JUL-2023,24266,INE927D01044,
JCHAC,EQ,1060.25,1062.85,1037.5,1042.2,1043.0,1056.9,15186,15914752.65,13-JUL-2023,2731,INE782A01015,
JETFREIGHT,EQ,11.1,11.25,10.85,11.0,11.0,11.05,49398,546738.35,13-JUL-2023,336,INE982V01025,
JHS,BE,22.95,23.5,22.05,22.4,22.2,22.9,86486,1952586.4,13-JUL-2023,178,INE544H01014,
JINDALPHOT,EQ,348.85,352.0,345.0,345.05,345.5,347.8,10997,3813052.4,13-JUL-2023,1359,INE796G01012,
JINDALPOLY,EQ,664.0,664.0,640.05,641.3,641.0,648.3,36766,23808699.65,13-JUL-2023,3015,INE197D01010,
JINDALSAW,EQ,332.5,336.1,312.0,318.65,319.25,330.75,1981191,637016589.8,13-JUL-2023,37270,INE324A01024,
JINDALSTEL,EQ,632.0,637.0,621.9,633.55,637.0,621.7,4206123,2651799883.15,13-JUL-2023,71042,INE749A01030,
JINDRILL,EQ,376.8,385.45,363.05,365.8,367.0,375.45,73446,27482039.25,13-JUL-2023,4960,INE742C01031,
JINDWORLD,EQ,318.0,323.15,312.0,314.25,312.35,321.35,45131,14427933.2,13-JUL-2023,1699,INE247D01039,
JISLDVREQS,EQ,21.25,21.6,20.3,20.6,20.75,20.95,76888,1619722.05,13-JUL-2023,585,IN9175A01010,
JISLJALEQS,EQ,42.2,42.8,40.3,40.75,40.75,42.15,4409913,182346648.8,13-JUL-2023,7186,INE175A01038,
JITFINFRA,BE,602.5,602.5,602.5,602.5,602.5,634.2,17592,10599180.0,13-JUL-2023,301,INE863T01013,
JKCEMENT,EQ,3350.0,3359.9,3293.15,3306.45,3305.0,3337.45,81743,270699765.65,13-JUL-2023,7043,INE823G01014,
JKIL,EQ,317.45,318.8,306.85,309.0,309.9,315.45,180855,56519807.4,13-JUL-2023,4125,INE576I01022,
JKLAKSHMI,EQ,677.65,685.0,672.25,674.5,676.45,674.75,95723,64814831.75,13-JUL-2023,6560,INE786A01032,
JKPAPER,EQ,311.5,314.45,309.05,310.7,310.0,312.5,316938,98792862.55,13-JUL-2023,7736,INE789E01012,
JKTYRE,EQ,253.55,254.65,242.05,243.65,244.35,252.55,1257714,311508026.0,13-JUL-2023,17925,INE573A01042,
JMA,EQ,72.25,72.25,70.5,70.9,71.15,71.6,15134,1076614.3,13-JUL-2023,112,INE412C01023,
JMFINANCIL,EQ,74.05,75.45,74.05,74.65,75.0,73.95,1786944,133548297.55,13-JUL-2023,7898,INE780C01023,
JOCIL,EQ,192.8,192.8,187.55,190.1,190.1,189.2,6461,1228749.05,13-JUL-2023,134,INE839G01010,
JPASSOCIAT,EQ,8.25,8.4,8.1,8.1,8.15,8.25,7322970,60271126.5,13-JUL-2023,3955,INE455F01025,
JPOLYINVST,EQ,551.15,561.55,532.95,538.2,541.0,553.85,8820,4815539.3,13-JUL-2023,1249,INE147P01019,
JPPOWER,EQ,6.1,6.15,5.9,5.95,6.0,6.05,22408550,134755423.8,13-JUL-2023,15372,INE351F01018,
JSL,EQ,372.95,374.0,355.5,360.7,362.95,369.65,550213,201052122.1,13-JUL-2023,22832,INE220G01021,
JSWENERGY,EQ,313.0,314.15,293.4,298.9,298.95,312.95,3594702,1086840375.15,13-JUL-2023,40645,INE121E01018,
JSWHL,EQ,4570.65,4589.3,4455.05,4522.2,4549.0,4567.15,1432,6493022.75,13-JUL-2023,360,INE824G01012,
JSWISPL,EQ,37.4,37.85,37.0,37.35,37.45,37.4,4679341,175138196.4,13-JUL-2023,4352,INE743C01021,
JSWSTEEL,EQ,810.7,814.2,796.8,802.15,803.0,805.7,3049961,2456048806.3,13-JUL-2023,64691,INE019A01038,
JTEKTINDIA,EQ,151.25,153.0,145.75,147.55,147.9,151.25,335910,50171114.05,13-JUL-2023,5107,INE643A01035,
JTLIND,EQ,357.85,358.45,347.0,349.55,350.95,354.85,139606,49263195.65,13-JUL-2023,4552,INE391J01024,
JUBLFOOD,EQ,481.7,486.75,466.4,471.15,473.25,479.8,2347552,1114853658.55,13-JUL-2023,52311,INE797F01020,
JUBLINDS,EQ,530.7,532.2,517.75,519.15,518.05,526.65,20452,10742306.55,13-JUL-2023,2124,INE645L01011,
JUBLINGREA,EQ,416.0,418.0,408.0,409.3,410.4,414.95,265453,109509599.05,13-JUL-2023,9681,INE0BY001018,
JUBLPHARMA,EQ,394.7,394.95,385.0,387.65,386.0,391.75,53523,20823585.7,13-JUL-2023,3300,INE700A01033,
JUNIORBEES,EQ,474.0,474.0,464.31,466.18,467.9,468.52,140506,65825963.95,13-JUL-2023,5665,INF732E01045,
JUSTDIAL,EQ,780.95,783.8,766.0,774.45,775.0,777.55,224985,174366337.55,13-JUL-2023,9648,INE599M01018,
JWL,EQ,173.25,184.9,173.0,182.9,184.0,172.05,2673869,483046933.7,13-JUL-2023,21592,INE209L01016,
JYOTHYLAB,EQ,235.5,237.7,228.15,231.85,232.2,235.3,587643,137656497.1,13-JUL-2023,12655,INE668F01031,
JYOTISTRUC,BE,8.9,9.0,8.55,8.6,8.7,8.8,2182309,19256095.3,13-JUL-2023,1045,INE197A01024,
KABRAEXTRU,EQ,445.0,450.45,442.55,445.6,446.0,443.45,67719,30235894.05,13-JUL-2023,3535,INE900B01029,
KAJARIACER,EQ,1335.0,1350.0,1290.0,1295.2,1299.05,1321.95,964188,1286016323.0,13-JUL-2023,23880,INE217B01036,
KAKATCEM,EQ,209.9,215.8,208.3,209.05,210.0,209.9,11977,2547124.0,13-JUL-2023,401,INE437B01014,
KALYANIFRG,BE,262.55,284.0,262.55,269.6,271.95,275.0,1914,528766.7,13-JUL-2023,82,INE314G01014,
KALYANKJIL,EQ,180.75,182.7,170.5,173.35,174.95,179.6,14880566,2643095556.95,13-JUL-2023,107812,INE303R01014,
KAMATHOTEL,BE,247.6,250.0,236.3,237.55,240.0,247.55,29712,7191810.0,13-JUL-2023,641,INE967C01018,
KAMDHENU,EQ,323.5,327.4,317.8,322.45,321.9,320.4,216220,69756871.35,13-JUL-2023,6477,INE390H01012,
KAMOPAINTS,EQ,300.0,308.0,293.15,300.85,300.0,298.95,340533,102680113.9,13-JUL-2023,6534,INE0BTI01029,
KANANIIND,BE,7.65,7.8,7.5,7.65,7.6,7.65,40783,310804.65,13-JUL-2023,178,INE879E01037,
KANORICHEM,EQ,105.7,109.0,105.5,108.35,108.7,105.4,46375,5020224.85,13-JUL-2023,523,INE138C01024,
KANPRPLA,EQ,110.05,116.0,109.1,111.45,110.5,109.9,71544,8102284.2,13-JUL-2023,1249,INE694E01014,
KANSAINER,EQ,304.2,305.8,300.5,305.0,305.0,302.7,500044,152296564.4,13-JUL-2023,14260,INE531A01024,
KAPSTON,EQ,141.5,143.5,141.0,142.15,143.5,140.8,3770,536212.6,13-JUL-2023,207,INE542Z01010,
KARMAENG,EQ,42.95,42.95,40.7,41.0,40.9,41.3,6255,259513.05,13-JUL-2023,184,INE725L01011,
KARURVYSYA,EQ,126.5,126.75,120.6,121.95,123.3,125.65,2037953,253012347.7,13-JUL-2023,15430,INE036D01028,
KAUSHALYA,BE,4.95,5.15,4.9,5.05,5.05,5.1,30635,154106.5,13-JUL-2023,61,INE234I01010,
KAVVERITEL,BE,7.7,8.05,7.7,8.05,8.05,7.7,28536,227474.0,13-JUL-2023,94,INE641C01019,
KAYA,EQ,336.4,344.0,334.45,340.05,343.8,334.4,14793,5019536.05,13-JUL-2023,1160,INE587G01015,
KAYNES,EQ,1718.0,1781.0,1675.3,1689.6,1699.0,1704.15,385443,670764655.75,13-JUL-2023,33503,INE918Z01012,
KBCGLOBAL,BE,2.8,2.8,2.7,2.7,2.7,2.8,1402481,3796133.35,13-JUL-2023,1000,INE278R01034,
KCP,EQ,108.55,111.2,106.55,108.0,108.45,108.9,312691,34118806.2,13-JUL-2023,3038,INE805C01028,
KCPSUGIND,EQ,24.75,24.8,24.25,24.4,24.4,24.7,203195,4988499.55,13-JUL-2023,880,INE790B01024,
KDDL,EQ,1487.85,1510.0,1454.3,1478.1,1481.95,1479.95,20582,30555005.2,13-JUL-2023,5936,INE291D01011,
KEC,EQ,589.05,607.0,585.0,601.65,599.05,586.6,568631,340869620.0,13-JUL-2023,26565,INE389H01022,
KECL,BE,128.85,129.45,120.25,122.05,122.0,126.55,388933,47887360.3,13-JUL-2023,2683,INE134B01017,
KEI,EQ,2444.8,2462.95,2418.25,2433.65,2435.65,2420.95,130802,319824286.5,13-JUL-2023,16749,INE878B01027,
KELLTONTEC,EQ,73.55,84.45,73.0,81.25,81.9,73.05,8690171,704841673.05,13-JUL-2023,47476,INE164B01022,
KENNAMET,EQ,2655.0,2710.0,2595.05,2626.85,2622.0,2626.5,7661,20290788.35,13-JUL-2023,2190,INE717A01029,
KERNEX,BE,333.3,333.3,325.2,333.3,333.3,317.45,14761,4914245.3,13-JUL-2023,143,INE202H01019,
KESORAMIND,EQ,64.55,70.0,64.15,68.4,68.85,64.2,7418515,508630801.6,13-JUL-2023,20901,INE087A01019,
KEYFINSERV,EQ,94.3,94.3,91.2,92.05,92.0,92.1,2041,189091.6,13-JUL-2023,68,INE681C01015,
KFINTECH,EQ,385.0,389.65,370.05,379.85,380.0,378.85,540385,206137208.85,13-JUL-2023,20362,INE138Y01010,
KHADIM,EQ,222.85,224.5,215.95,217.1,217.25,222.3,38224,8401158.9,13-JUL-2023,1957,INE834I01025,
KHAICHEM,EQ,64.85,65.45,63.5,63.7,63.95,64.8,126117,8122864.35,13-JUL-2023,2244,INE745B01028,
KHAITANLTD,EQ,49.3,51.1,49.0,49.65,49.0,51.25,1504,74749.95,13-JUL-2023,56,INE731C01018,
KHANDSE,BE,28.0,28.4,26.75,28.4,28.4,28.0,19105,527883.65,13-JUL-2023,42,INE060B01014,
KICL,EQ,1871.0,1902.4,1840.05,1850.6,1841.05,1882.3,1526,2840055.85,13-JUL-2023,208,INE029L01018,
KILITCH,BE,189.85,194.9,181.0,186.95,186.2,186.65,4578,860341.6,13-JUL-2023,69,INE729D01010,
KIMS,EQ,1890.0,1904.75,1810.0,1843.25,1879.0,1880.8,86472,162762777.9,13-JUL-2023,5497,INE967H01017,
KINGFA,EQ,1895.0,1990.0,1861.0,1897.05,1904.0,1894.65,11911,22479950.55,13-JUL-2023,2207,INE473D01015,
KIOCL,EQ,188.45,203.05,187.05,194.95,196.0,186.6,374563,73425906.9,13-JUL-2023,7970,INE880L01014,
KIRIINDUS,EQ,274.0,279.8,272.6,274.3,274.0,272.65,290660,79816556.75,13-JUL-2023,3410,INE415I01015,
KIRLFER,EQ,496.0,496.0,477.8,479.9,482.6,491.85,102848,49929064.65,13-JUL-2023,7217,INE884B01025,
KIRLOSBROS,EQ,690.0,725.0,690.0,704.05,699.0,681.8,625198,445510043.0,13-JUL-2023,26982,INE732A01036,
KIRLOSENG,EQ,402.9,414.9,395.1,400.85,400.05,400.0,284888,114737569.45,13-JUL-2023,13858,INE146L01010,
KIRLOSIND,EQ,3384.0,3395.0,3290.7,3328.35,3336.65,3344.8,4036,13495121.5,13-JUL-2023,1731,INE250A01039,
KIRLPNU,EQ,686.1,699.85,671.15,677.75,677.75,685.55,40779,28013608.1,13-JUL-2023,6958,INE811A01020,
KITEX,EQ,191.3,192.1,186.05,187.15,187.85,191.3,85652,16211553.4,13-JUL-2023,2320,INE602G01020,
KKCL,EQ,642.9,645.8,630.5,635.6,637.45,637.8,106036,67480290.5,13-JUL-2023,4514,INE401H01017,
KMSUGAR,EQ,26.2,26.7,25.85,25.95,26.0,26.3,156142,4094894.65,13-JUL-2023,750,INE157H01023,
KNRCON,EQ,248.7,251.25,248.0,249.05,249.2,248.65,512828,128143833.15,13-JUL-2023,15524,INE634I01029,
KOHINOOR,BE,35.4,36.35,35.0,35.2,35.45,36.05,70343,2493080.1,13-JUL-2023,703,INE080B01012,
KOKUYOCMLN,EQ,124.1,126.3,117.2,120.65,121.7,124.1,288610,34994430.75,13-JUL-2023,5060,INE760A01029,
KOLTEPATIL,EQ,388.4,399.0,375.75,377.9,378.25,385.55,408633,158182701.0,13-JUL-2023,12164,INE094I01018,
KOPRAN,EQ,177.1,179.45,172.7,174.2,174.25,176.25,143136,25194808.45,13-JUL-2023,3608,INE082A01010,
KOTAKALPHA,EQ,31.59,31.75,31.01,31.18,31.24,31.37,334513,10498626.89,13-JUL-2023,966,INF174KA1IA5,
KOTAKBANK,EQ,1889.0,1901.6,1866.45,1869.7,1869.0,1878.1,5265370,9913701563.45,13-JUL-2023,155491,INE237A01028,
KOTAKBKETF,EQ,456.01,458.99,454.1,454.72,455.0,454.69,196849,89984431.34,13-JUL-2023,276,INF174K01F59,
KOTAKCONS,EQ,84.8,84.8,84.38,84.38,84.38,84.85,32,2710.57,13-JUL-2023,5,INF174KA1JE5,
KOTAKGOLD,EQ,50.62,50.85,50.52,50.69,50.64,50.26,170858,8660848.49,13-JUL-2023,653,INF174KA1HJ8,
KOTAKIT,EQ,30.74,31.14,30.41,30.9,30.99,30.4,238527,7374449.67,13-JUL-2023,560,INF174KA1GC5,
KOTAKLOVOL,EQ,15.2,15.27,14.73,14.98,15.02,15.03,107144,1617009.15,13-JUL-2023,111,INF174KA1IY5,
KOTAKMID50,EQ,102.52,105.78,102.52,103.11,103.98,103.89,41638,4341993.49,13-JUL-2023,217,INF174KA1IB3,
KOTAKMNC,EQ,22.45,22.45,21.97,21.99,22.05,22.06,6596,146021.28,13-JUL-2023,54,INF174KA1JF2,
KOTAKNIFTY,EQ,208.65,209.44,207.25,207.72,207.37,207.62,28864,6018521.46,13-JUL-2023,364,INF174K014P6,
KOTAKNV20,EQ,112.77,112.99,111.29,111.93,111.42,111.32,6481,727467.95,13-JUL-2023,170,INF174K01Z71,
KOTAKPSUBK,EQ,444.85,447.97,431.36,435.19,433.17,444.76,49310,21417541.71,13-JUL-2023,563,INF373I01023,
KOTAKSILVE,EQ,72.66,73.29,72.06,73.24,73.25,70.66,41799,3057043.47,13-JUL-2023,115,INF174KA1KU9,
KOTARISUG,EQ,40.65,41.9,40.6,40.95,41.3,40.4,286640,11853262.1,13-JUL-2023,1867,INE419A01022,
KOTHARIPET,EQ,93.9,94.4,86.0,86.3,86.5,92.35,653210,58716686.55,13-JUL-2023,6329,INE720A01015,
KOTHARIPRO,EQ,103.0,104.85,103.0,103.3,103.15,103.35,10221,1062520.6,13-JUL-2023,215,INE823A01017,
KOVAI,EQ,2736.8,2750.0,2650.1,2655.3,2650.2,2728.2,4822,12966809.35,13-JUL-2023,970,INE177F01017,
KPIGREEN,EQ,871.35,884.7,847.0,850.95,853.0,866.6,145018,125867596.7,13-JUL-2023,6068,INE542W01017,
KPIL,EQ,566.45,567.0,553.05,559.85,563.0,558.25,210540,117524726.4,13-JUL-2023,9750,INE220B01022,
KPITTECH,EQ,1059.95,1082.0,1045.0,1047.55,1049.55,1064.3,655494,697051967.25,13-JUL-2023,29742,INE04I401011,
KPRMILL,EQ,656.45,658.35,639.65,644.05,642.15,652.0,157509,102242445.2,13-JUL-2023,10133,INE930H01031,
KRBL,EQ,351.85,353.5,335.45,352.4,352.2,348.3,996294,346713556.15,13-JUL-2023,21725,INE001B01026,
KREBSBIO,BE,67.0,68.9,67.0,68.05,68.0,68.3,1747,118730.8,13-JUL-2023,29,INE268B01013,
KRIDHANINF,BE,2.1,2.2,2.1,2.1,2.15,2.15,30629,64835.2,13-JUL-2023,81,INE524L01026,
KRISHANA,EQ,443.3,449.0,441.9,445.05,443.25,441.45,41742,18586201.55,13-JUL-2023,601,INE506W01012,
KRITI,EQ,123.4,124.05,119.6,120.85,121.0,122.3,43624,5348865.15,13-JUL-2023,1643,INE479D01038,
KRITIKA,BE,15.35,16.0,15.35,15.45,15.55,15.8,65806,1027604.4,13-JUL-2023,362,INE00Z501029,
KRITINUT,EQ,59.0,60.0,58.95,59.45,60.0,58.85,36310,2160682.7,13-JUL-2023,665,INE798K01010,
KRSNAA,EQ,582.0,582.0,557.55,569.15,562.95,578.1,78908,44907194.05,13-JUL-2023,6046,INE08LI01020,
KSB,EQ,2055.0,2088.0,2013.35,2031.45,2046.0,2048.95,22423,46138016.35,13-JUL-2023,3911,INE999A01015,
KSCL,EQ,558.0,591.95,557.05,570.3,572.0,559.9,368274,212987055.85,13-JUL-2023,18605,INE455I01029,
KSHITIJPOL,BE,6.65,6.65,6.6,6.65,6.65,6.35,418319,2781071.35,13-JUL-2023,309,INE013801027,
KSL,EQ,359.35,379.3,359.05,370.35,369.0,358.6,453736,169158587.4,13-JUL-2023,15059,INE907A01026,
KSOLVES,EQ,1079.4,1082.05,1005.0,1035.55,1050.0,1067.95,66512,69461592.75,13-JUL-2023,10045,INE0D6I01015,
KTKBANK,EQ,205.95,207.25,198.5,199.6,199.95,205.05,3965360,801199845.1,13-JUL-2023,29309,INE614B01018,
KUANTUM,EQ,189.55,194.7,187.05,192.4,193.6,189.05,153502,29418907.0,13-JUL-2023,2742,INE529I01021,
L&TFH,EQ,135.65,135.95,131.6,132.8,133.1,134.95,6700977,896929881.5,13-JUL-2023,30735,INE498L01015,
LAGNAM,EQ,56.15,57.25,54.45,56.25,56.95,56.55,30072,1691088.2,13-JUL-2023,412,INE548Z01017,
LAL,BE,192.95,192.95,181.55,183.5,185.95,189.1,2783,511284.45,13-JUL-2023,55,INE740X01015,
LALPATHLAB,EQ,2387.0,2398.85,2347.85,2355.15,2351.0,2381.05,81143,192615510.4,13-JUL-2023,9820,INE600L01024,
LAMBODHARA,BE,140.0,146.5,139.55,146.5,146.5,139.55,20153,2914532.85,13-JUL-2023,375,INE112F01022,
LANDMARK,EQ,761.0,771.45,729.55,735.4,735.0,760.75,191833,145355272.65,13-JUL-2023,6583,INE559R01029,
LAOPALA,EQ,456.75,472.0,454.0,462.1,460.0,454.55,222997,103314523.85,13-JUL-2023,12692,INE059D01020,
LASA,EQ,21.95,22.1,20.65,21.0,21.15,21.6,68847,1476758.05,13-JUL-2023,411,INE670X01014,
LATENTVIEW,EQ,366.5,371.7,356.2,358.55,360.25,364.95,470743,171524613.35,13-JUL-2023,14827,INE0I7C01011,
LATTEYS,BE,31.8,34.25,31.05,33.2,34.25,32.65,73872,2419494.6,13-JUL-2023,137,INE262Z01023,
LAURUSLABS,EQ,354.55,355.65,343.65,347.1,348.5,352.75,1349936,471903399.45,13-JUL-2023,23726,INE947Q01028,
LAXMICOT,EQ,20.3,20.65,20.05,20.25,20.4,20.25,11923,241017.35,13-JUL-2023,90,INE801V01019,
LAXMIMACH,EQ,13574.15,13680.0,13471.35,13505.15,13485.0,13503.15,3569,48386722.35,13-JUL-2023,1903,INE269B01029,
LEMONTREE,EQ,93.0,93.1,90.85,91.2,91.45,92.7,3089156,282916048.15,13-JUL-2023,15258,INE970X01018,
LEXUS,EQ,52.05,53.75,43.35,49.0,48.3,51.7,49338,2466203.05,13-JUL-2023,566,INE500X01013,
LFIC,EQ,132.15,132.15,127.2,128.2,127.25,128.65,2491,319389.05,13-JUL-2023,99,INE850E01012,
LGBBROSLTD,EQ,1205.0,1210.0,1149.4,1161.75,1152.55,1192.75,47229,55614316.15,13-JUL-2023,3897,INE337A01034,
LGBFORGE,EQ,9.3,9.5,8.95,9.05,9.0,9.2,120968,1106440.35,13-JUL-2023,268,INE201J01017,
LIBAS,EQ,14.25,14.25,13.85,14.0,14.0,14.0,288615,4040088.1,13-JUL-2023,461,INE908V01012,
LIBERTSHOE,EQ,236.55,237.15,230.05,231.0,231.6,235.7,36735,8578470.5,13-JUL-2023,1804,INE557B01019,
LICHSGFIN,EQ,394.25,400.7,385.2,386.95,387.95,392.75,2479306,975043200.6,13-JUL-2023,38599,INE115A01026,
LICI,EQ,621.0,624.4,614.25,615.7,616.0,620.45,802085,497411575.35,13-JUL-2023,24319,INE0J1Y01017,
LICNETFGSC,EQ,23.43,24.09,23.43,23.79,23.8,23.78,15693,372732.93,13-JUL-2023,94,INF767K01MV5,
LICNETFN50,EQ,211.02,211.58,209.67,210.57,210.73,209.64,324,68403.07,13-JUL-2023,22,INF767K01OS7,
LICNETFSEN,EQ,732.95,734.0,712.0,716.88,715.34,715.25,345,250641.07,13-JUL-2023,30,INF767K01OT5,
LICNFNHGP,EQ,209.89,211.45,205.1,211.38,211.05,205.78,38,7895.73,13-JUL-2023,22,INF767K01PC8,
LIKHITHA,EQ,269.2,272.5,264.1,268.5,270.9,267.8,104389,28099072.0,13-JUL-2023,4683,INE060901027,
LINC,EQ,669.65,675.5,658.0,660.0,658.0,658.8,12212,8131044.5,13-JUL-2023,1455,INE802B01019,
LINCOLN,EQ,405.0,409.45,392.7,396.9,398.0,406.3,86112,34549925.2,13-JUL-2023,5252,INE405C01035,
LINDEINDIA,EQ,4445.0,4477.0,4374.0,4381.7,4380.0,4447.25,17873,78965773.7,13-JUL-2023,5059,INE473A01011,
LIQUIDBEES,EQ,1000.0,1000.01,970.0,1000.0,1000.01,999.99,3249346,3249351184.8,13-JUL-2023,13882,INF732E01037,
LIQUIDETF,EQ,1000.0,1000.01,999.99,1000.0,1000.0,999.99,174021,174020659.58,13-JUL-2023,963,INF740KA1EU7,
LODHA,EQ,679.9,725.95,672.0,698.0,694.0,683.3,2344967,1665679312.95,13-JUL-2023,77308,INE670K01029,
LOKESHMACH,BE,191.85,193.0,187.0,189.95,190.0,189.15,75211,14304567.55,13-JUL-2023,797,INE397H01017,
LOTUSEYE,EQ,84.75,84.75,82.85,83.3,83.1,83.3,31491,2629995.5,13-JUL-2023,343,INE947I01017,
LOVABLE,EQ,128.4,129.1,121.55,123.55,124.1,128.35,70764,8880511.1,13-JUL-2023,1642,INE597L01014,
LOYALTEX,EQ,737.0,737.0,651.15,658.25,654.0,670.15,606,408131.25,13-JUL-2023,299,INE970D01010,
LPDC,EQ,6.4,6.55,6.05,6.1,6.1,6.4,52346,324967.8,13-JUL-2023,252,INE197J01017,
LSIL,EQ,32.45,34.9,31.2,32.45,32.95,31.6,26693351,890724893.75,13-JUL-2023,42120,INE093R01011,
LT,EQ,2466.0,2484.9,2446.25,2450.15,2458.3,2454.95,1141663,2814795698.5,13-JUL-2023,98237,INE018A01030,
LTGILTBEES,EQ,24.2,24.25,24.18,24.24,24.25,24.17,269847,6535398.78,13-JUL-2023,174,INF204KB1882,
LTIM,EQ,4805.0,4943.9,4795.55,4893.3,4876.05,4816.2,837160,4094407477.55,13-JUL-2023,74094,INE214T01019,
LTTS,EQ,3845.0,3943.65,3821.7,3884.7,3891.0,3850.95,238631,929745754.45,13-JUL-2023,19916,INE010V01017,
LUMAXIND,EQ,2280.4,2332.85,2263.0,2274.25,2281.0,2280.4,9279,21288683.6,13-JUL-2023,1821,INE162B01018,
LUMAXTECH,EQ,366.7,374.8,361.1,363.8,367.95,366.5,77786,28651405.25,13-JUL-2023,4497,INE872H01027,
LUPIN,EQ,940.5,942.1,921.9,930.75,928.65,940.5,1070687,995326280.8,13-JUL-2023,31763,INE326A01037,
LUXIND,EQ,1491.1,1499.2,1452.0,1457.0,1452.6,1483.3,32995,48467352.7,13-JUL-2023,5602,INE150G01020,
LXCHEM,EQ,251.4,251.95,246.0,246.5,246.9,249.5,449958,111600695.6,13-JUL-2023,10599,INE576O01020,
LYKALABS,EQ,110.25,111.5,107.05,107.4,107.55,109.7,46806,5107670.5,13-JUL-2023,900,INE933A01014,
LYPSAGEMS,EQ,4.45,4.6,4.35,4.45,4.4,4.45,8189,36467.4,13-JUL-2023,75,INE142K01011,
M&M,EQ,1576.0,1594.8,1558.45,1566.9,1571.05,1570.85,1859405,2934732700.9,13-JUL-2023,87474,INE101A01026,
M&MFIN,EQ,325.9,328.4,316.25,320.4,321.0,324.3,3333057,1074603256.15,13-JUL-2023,33226,INE774D01024,
MAANALU,BE,321.6,334.0,321.0,324.7,326.0,329.9,36841,11994521.2,13-JUL-2023,813,INE215I01019,
MACPOWER,EQ,309.8,309.8,298.0,300.55,305.0,303.85,23724,7194290.7,13-JUL-2023,824,INE155Z01011,
MADHAV,EQ,44.95,45.75,43.55,43.7,43.85,44.15,23980,1070118.8,13-JUL-2023,306,INE925C01016,
MADHUCON,BE,5.35,5.4,5.2,5.35,5.25,5.25,16898,90165.0,13-JUL-2023,66,INE378D01032,
MADRASFERT,EQ,79.95,82.7,76.95,78.15,78.45,79.35,1739605,139513625.5,13-JUL-2023,9883,INE414A01015,
MAESGETF,EQ,31.2,31.31,31.05,31.05,31.12,31.08,161428,5014736.33,13-JUL-2023,117,INF769K01GS9,
MAFANG,EQ,62.9,63.92,62.9,63.7,63.84,62.73,626190,39896295.33,13-JUL-2023,2198,INF769K01HF4,
MAFSETF,EQ,20.8,20.8,20.25,20.31,20.33,20.2,450646,9141405.88,13-JUL-2023,720,INF769K01HI8,
MAGADSUGAR,EQ,412.45,425.0,411.05,422.3,419.05,414.85,47301,19888003.3,13-JUL-2023,1852,INE347W01011,
MAGNUM,BE,35.35,36.0,33.7,34.2,34.75,34.3,86514,3031862.55,13-JUL-2023,280,INE387I01016,
MAGOLDETF,EQ,58.0,59.45,58.0,59.35,59.45,58.5,2525,150028.5,13-JUL-2023,41,INF769K01JP9,
MAHABANK,EQ,32.25,32.65,30.15,30.45,30.55,32.0,51650670,1614734864.85,13-JUL-2023,36830,INE457A01014,
MAHASTEEL,BE,69.0,72.0,69.0,70.65,71.8,70.6,10815,760735.4,13-JUL-2023,131,INE451L01014,
MAHEPC,EQ,113.0,114.3,110.05,110.4,110.4,112.8,34603,3866982.65,13-JUL-2023,773,INE215D01010,
MAHESHWARI,BE,71.0,71.0,69.05,69.2,69.05,70.95,12687,884422.65,13-JUL-2023,119,INE263W01010,
MAHKTECH,EQ,14.3,14.74,14.3,14.62,14.65,14.16,1632570,23691078.54,13-JUL-2023,1709,INF769K01HS7,
MAHLIFE,EQ,489.0,494.35,484.35,486.85,487.5,487.45,197438,96748327.7,13-JUL-2023,11160,INE813A01018,
MAHLOG,EQ,382.7,382.7,374.8,376.35,377.0,379.95,80564,30452294.7,13-JUL-2023,3632,INE766P01016,
MAHSCOOTER,EQ,5654.45,5710.0,5520.0,5558.2,5522.05,5655.85,2667,15021968.95,13-JUL-2023,875,INE288A01013,
MAHSEAMLES,EQ,479.65,479.65,467.4,469.7,469.4,476.0,177676,84185344.35,13-JUL-2023,10270,INE271B01025,
MAITHANALL,EQ,1110.0,1121.0,1070.0,1074.95,1075.0,1105.15,53057,58060470.75,13-JUL-2023,6315,INE683C01011,
MALLCOM,EQ,1068.0,1084.45,991.0,1008.05,1015.0,1047.15,14389,14886720.45,13-JUL-2023,2187,INE389C01015,
MALUPAPER,EQ,32.3,33.0,32.3,32.45,32.3,32.55,13821,450679.05,13-JUL-2023,166,INE383H01017,
MAM150ETF,EQ,14.1,14.1,13.55,13.6,13.61,13.67,962892,13084043.99,13-JUL-2023,662,INF769K01IC9,
MAMFGETF,EQ,97.5,97.5,93.9,94.4,94.44,94.64,127644,12027561.24,13-JUL-2023,171,INF769K01IB1,
MAN50ETF,EQ,204.59,205.62,203.44,204.04,204.39,203.65,211983,43351103.97,13-JUL-2023,155,INF769K01EG9,
MANAKALUCO,EQ,23.95,27.15,23.95,24.95,25.0,23.65,610870,15660307.8,13-JUL-2023,3446,INE859Q01017,
MANAKCOAT,EQ,17.3,17.85,17.0,17.1,17.05,17.4,98888,1718390.25,13-JUL-2023,641,INE830Q01018,
MANAKSIA,EQ,150.55,154.7,145.4,146.35,146.5,150.0,348016,52134951.8,13-JUL-2023,3915,INE015D01022,
MANAKSTEEL,EQ,47.15,47.15,44.8,45.25,45.55,46.4,85022,3927654.4,13-JUL-2023,916,INE824Q01011,
MANALIPETC,EQ,66.7,67.3,65.6,66.2,66.0,66.3,261893,17385805.7,13-JUL-2023,3080,INE201A01024,
MANAPPURAM,EQ,129.95,130.5,123.2,123.65,123.95,129.6,7142084,899463794.05,13-JUL-2023,36017,INE522D01027,
MANGALAM,EQ,110.0,111.05,108.7,109.1,109.3,110.4,42730,4684411.8,13-JUL-2023,563,INE584F01014,
MANGCHEFER,EQ,108.4,108.4,98.6,101.9,102.7,108.4,1331046,137306859.85,13-JUL-2023,10961,INE558B01017,
MANGLMCEM,EQ,299.3,304.6,289.5,291.05,289.5,299.6,48187,14277680.6,13-JUL-2023,3229,INE347A01017,
MANINDS,EQ,144.9,149.5,139.85,141.6,141.3,143.45,676851,98511835.5,13-JUL-2023,7634,INE993A01026,
MANINFRA,EQ,113.0,114.5,111.55,113.05,113.5,112.85,626257,70885395.8,13-JUL-2023,5937,INE949H01023,
MANKIND,EQ,1889.65,1895.4,1785.0,1820.3,1819.9,1878.45,482228,884237142.5,13-JUL-2023,43889,INE634S01028,
MANOMAY,BE,136.0,136.0,126.0,132.0,132.0,130.0,729,92651.85,13-JUL-2023,34,INE784W01015,
MANORAMA,BE,1734.0,1734.0,1640.0,1686.45,1690.0,1724.45,4430,7488134.2,13-JUL-2023,262,INE00VM01010,
MANORG,EQ,415.75,421.25,410.0,411.3,411.0,415.25,4265,1771184.45,13-JUL-2023,351,INE370D01013,
MANUGRAPH,EQ,19.1,19.5,18.25,18.5,18.75,18.9,20826,388638.7,13-JUL-2023,327,INE867A01022,
MANV30F,EQ,147.0,147.0,146.0,146.0,146.0,147.0,7,1028.0,13-JUL-2023,3,INF769K01JU9,
MANXT50,EQ,447.6,449.72,442.55,444.04,445.0,446.05,10365,4604290.62,13-JUL-2023,79,INF769K01FN2,
MANYAVAR,EQ,1248.0,1264.0,1231.0,1244.9,1249.0,1244.7,370357,462087338.0,13-JUL-2023,19175,INE825V01034,
MAPMYINDIA,EQ,1350.0,1373.0,1332.0,1338.9,1339.0,1337.35,183528,248380804.55,13-JUL-2023,17264,INE0BV301023,
MARALOVER,EQ,56.7,56.7,54.55,54.7,54.6,55.0,13872,767144.45,13-JUL-2023,196,INE882A01013,
MARATHON,EQ,332.0,339.0,317.35,320.3,321.2,331.55,68724,22410099.45,13-JUL-2023,1729,INE182D01020,
MARICO,EQ,541.8,547.8,530.55,533.55,534.15,537.75,1654917,892104703.15,13-JUL-2023,39214,INE196A01026,
MARINE,EQ,60.7,62.0,57.7,58.35,58.2,59.95,1521806,90729813.05,13-JUL-2023,8472,INE01JE01028,
MARKSANS,EQ,102.95,104.7,98.0,98.9,99.15,101.65,8196819,827749743.55,13-JUL-2023,42060,INE750C01026,
MARSHALL,BE,63.8,64.85,61.1,63.0,63.75,63.9,63477,3991734.15,13-JUL-2023,232,INE00SZ01018,
MARUTI,EQ,9852.95,9898.95,9612.0,9647.55,9671.0,9835.8,519564,5050186594.4,13-JUL-2023,68793,INE585B01010,
MASFIN,EQ,759.65,775.0,758.0,761.65,760.5,754.1,28956,22186826.05,13-JUL-2023,3612,INE348L01012,
MASILVER,EQ,71.09,73.48,71.09,73.05,73.05,71.09,17409,1267482.59,13-JUL-2023,155,INF769K01KG6,
MASPTOP50,EQ,31.87,32.17,31.87,32.1,32.1,31.86,255520,8194314.89,13-JUL-2023,632,INF769K01HP3,
MASTEK,EQ,1947.3,2015.0,1942.1,1968.65,1970.0,1949.7,111956,222119583.75,13-JUL-2023,13041,INE759A01021,
MATRIMONY,EQ,631.35,640.8,615.25,624.25,624.0,629.9,12762,7986696.05,13-JUL-2023,1478,INE866R01028,
MAWANASUG,EQ,99.85,100.8,98.3,99.05,99.05,99.05,131138,13024093.55,13-JUL-2023,1606,INE636A01039,
MAXHEALTH,EQ,617.9,623.0,614.0,619.15,618.3,615.2,1496863,927860996.35,13-JUL-2023,37735,INE027H01010,
MAXIND,EQ,150.05,153.1,143.95,146.15,147.0,149.3,205339,30541294.9,13-JUL-2023,3442,INE0CG601016,
MAXVIL,EQ,213.05,213.5,205.1,207.15,208.0,211.85,128671,26804757.95,13-JUL-2023,3438,INE154U01015,
MAYURUNIQ,EQ,517.8,524.2,509.0,518.95,519.0,515.25,85451,44275063.05,13-JUL-2023,7497,INE040D01038,
MAZDA,BE,869.95,873.5,862.8,872.35,872.9,860.3,1534,1332105.15,13-JUL-2023,83,INE885E01034,
MAZDOCK,EQ,1734.0,1766.7,1677.7,1722.05,1713.9,1731.85,7421815,12821859410.7,13-JUL-2023,232077,INE249Z01012,
MBAPL,EQ,639.9,649.0,628.0,647.25,647.85,631.0,15313,9820314.25,13-JUL-2023,897,INE900L01010,
MBLINFRA,BE,20.1,21.1,20.1,20.9,20.45,20.1,83673,1730492.6,13-JUL-2023,171,INE912H01013,
MCDOWELL-N,EQ,929.45,939.5,917.1,924.5,924.25,929.15,793742,736873859.4,13-JUL-2023,31105,INE854D01024,
MCL,EQ,27.2,27.2,26.35,26.55,26.75,26.7,13701,365575.1,13-JUL-2023,200,INE813V01022,
MCLEODRUSS,EQ,20.0,20.0,18.4,18.55,18.6,19.7,1532995,28881420.75,13-JUL-2023,2765,INE942G01012,
MCX,EQ,1605.0,1633.45,1564.85,1570.5,1577.6,1603.15,513309,821461530.2,13-JUL-2023,34511,INE745G01035,
MEDANTA,EQ,705.0,705.0,681.35,691.85,684.9,701.55,358296,248923866.1,13-JUL-2023,17967,INE474Q01031,
MEDICAMEQ,EQ,721.85,734.05,708.05,716.25,716.0,717.25,12482,8986728.15,13-JUL-2023,1045,INE646B01010,
MEDICO,EQ,76.0,76.0,73.2,74.85,73.5,74.45,167826,12439911.65,13-JUL-2023,619,INE630Y01024,
MEDPLUS,EQ,855.0,855.65,823.65,832.05,830.0,844.15,88464,74516293.05,13-JUL-2023,7224,INE804L01022,
MEGASOFT,EQ,29.25,29.65,28.8,28.95,29.0,29.2,147078,4295902.5,13-JUL-2023,759,INE933B01012,
MEGASTAR,BE,308.0,313.95,293.65,296.8,298.0,305.85,8294,2477296.4,13-JUL-2023,620,INE00EM01016,
MENONBE,EQ,144.3,146.6,141.5,142.0,142.25,143.0,280473,40363443.15,13-JUL-2023,4101,INE071D01033,
MEP,EQ,12.25,12.75,12.05,12.3,12.35,11.75,2451939,30589199.25,13-JUL-2023,3372,INE776I01010,
METROBRAND,EQ,1026.3,1080.0,1019.45,1061.65,1066.1,1024.75,301148,318640103.8,13-JUL-2023,20982,INE317I01021,
METROPOLIS,EQ,1452.0,1469.95,1418.55,1425.85,1425.2,1449.45,294022,425143995.6,13-JUL-2023,21688,INE112L01020,
MFL,EQ,990.0,1043.0,987.0,994.95,1003.35,979.95,126456,128851103.5,13-JUL-2023,11901,INE071N01016,
MFSL,EQ,817.7,839.0,817.7,823.55,822.3,828.75,684328,567227588.35,13-JUL-2023,25500,INE180A01020,
MGEL,BE,18.45,18.45,17.35,17.65,17.5,18.2,53008,941677.3,13-JUL-2023,184,INE0APB01024,
MGL,EQ,1124.0,1124.3,1082.0,1084.65,1086.9,1113.55,412765,453088608.0,13-JUL-2023,13635,INE002S01010,
MHLXMIRU,BE,165.75,167.0,161.15,165.25,166.75,166.55,13975,2308850.6,13-JUL-2023,106,INE112D01035,
MHRIL,EQ,313.0,326.25,311.6,319.55,320.5,310.05,2445234,783616022.45,13-JUL-2023,39927,INE998I01010,
MID150BEES,EQ,141.0,141.0,137.7,137.97,138.53,138.84,242413,33721353.29,13-JUL-2023,2623,INF204KB1V68,
MIDHANI,EQ,319.8,321.95,307.0,311.1,311.0,317.75,1137695,357972026.5,13-JUL-2023,15169,INE099Z01011,
MINDACORP,EQ,300.6,300.6,292.3,295.3,295.8,300.1,688213,203627616.1,13-JUL-2023,11434,INE842C01021,
MINDTECK,BE,135.8,135.8,128.6,131.4,132.0,134.3,15770,2082751.2,13-JUL-2023,314,INE110B01017,
MIRCELECTR,EQ,22.25,23.95,21.75,22.4,22.2,22.3,4943932,113509617.95,13-JUL-2023,6718,INE831A01028,
MIRZAINT,BE,48.8,49.1,47.15,47.9,47.95,48.8,188706,9132404.65,13-JUL-2023,2127,INE771A01026,
MITCON,EQ,73.2,73.2,68.0,68.8,68.8,70.5,25297,1778060.05,13-JUL-2023,645,INE828O01033,
MITTAL,BE,14.4,14.4,13.5,13.65,13.5,14.0,17647,243024.45,13-JUL-2023,77,INE997Y01019,
MKPL,EQ,661.55,661.55,634.2,648.45,651.8,653.45,58551,37437111.5,13-JUL-2023,301,INE964W01013,
MMFL,EQ,911.15,938.0,906.65,928.8,923.95,911.15,33874,31228182.75,13-JUL-2023,3622,INE227C01017,
MMTC,EQ,32.15,33.85,32.1,33.0,33.0,32.1,5273013,174919564.75,13-JUL-2023,11588,INE123F01029,
MODIRUBBER,BE,71.0,71.0,68.15,68.35,68.25,70.4,848,58762.65,13-JUL-2023,21,INE832A01018,
MODISONLTD,EQ,75.55,75.75,72.55,73.5,73.1,75.15,46332,3452786.35,13-JUL-2023,1012,INE737D01021,
MOGSEC,EQ,52.37,52.4,52.33,52.4,52.4,52.33,15881,831667.2,13-JUL-2023,15,INF247L01AK4,
MOHEALTH,EQ,26.4,26.77,26.0,26.06,26.06,26.25,3599,94584.83,13-JUL-2023,78,INF247L01BB1,
MOHITIND,EQ,14.1,14.4,13.85,14.05,14.4,14.25,7454,104708.1,13-JUL-2023,101,INE954E01012,
MOIL,EQ,193.9,197.4,190.15,190.7,190.5,192.55,814103,157606608.6,13-JUL-2023,11115,INE490G01020,
MOKSH,EQ,11.15,11.2,11.0,11.05,11.0,11.1,59602,658953.25,13-JUL-2023,362,INE514Y01020,
MOL,EQ,82.5,83.85,81.7,81.95,82.0,82.55,520600,43034501.45,13-JUL-2023,5083,INE0CT101020,
MOLDTECH,EQ,236.65,241.05,231.05,234.5,236.5,234.9,149746,35463445.15,13-JUL-2023,5674,INE835B01035,
MOLDTKPAC,EQ,1084.05,1098.25,1072.9,1076.45,1080.0,1084.4,40410,43898465.3,13-JUL-2023,5996,INE893J01029,
MOLOWVOL,EQ,27.6,27.79,26.9,27.22,26.9,27.59,4026,110053.03,13-JUL-2023,41,INF247L01BL0,
MOM100,EQ,39.2,39.2,38.3,38.56,38.5,38.7,141378,5466616.14,13-JUL-2023,1275,INF247L01023,
MOM50,EQ,196.48,197.45,195.01,195.45,195.01,196.42,6281,1232313.57,13-JUL-2023,92,INF247L01536,
MOMENTUM,EQ,21.85,22.25,21.35,21.48,21.7,21.61,17694,382147.8,13-JUL-2023,133,INF209KB14K7,
MOMOMENTUM,EQ,43.37,43.5,42.8,43.04,43.5,43.37,52298,2254650.02,13-JUL-2023,408,INF247L01BK2,
MON100,EQ,122.0,123.16,122.0,122.6,122.69,121.19,341647,41834841.03,13-JUL-2023,3493,INF247L01AP3,
MONARCH,EQ,284.0,289.8,279.4,281.55,280.0,282.75,155718,44499251.3,13-JUL-2023,7578,INE903D01011,
MONQ50,EQ,53.64,54.26,53.64,54.25,54.25,53.88,37347,2022499.44,13-JUL-2023,312,INF247L01AU3,
MONTECARLO,EQ,804.8,814.8,798.0,804.15,808.9,804.8,29488,23772320.65,13-JUL-2023,3012,INE950M01013,
MOQUALITY,EQ,133.0,133.68,132.78,133.28,133.28,132.55,156,20733.52,13-JUL-2023,9,INF247L01BH8,
MORARJEE,EQ,17.8,18.3,17.55,17.6,17.7,17.85,33437,597696.9,13-JUL-2023,193,INE161G01027,
MOREPENLAB,EQ,30.4,30.45,29.2,29.3,29.25,30.2,2007994,59749779.55,13-JUL-2023,5349,INE083A01026,
MOTHERSON,EQ,95.85,97.05,94.2,95.05,95.25,93.15,34521514,3302037265.9,13-JUL-2023,113311,INE775A01035,
MOTILALOFS,EQ,742.75,759.9,742.75,755.3,756.05,741.65,130805,98676457.5,13-JUL-2023,8068,INE338I01027,
MOTOGENFIN,EQ,33.15,35.05,32.9,33.15,33.15,33.75,17507,588450.3,13-JUL-2023,167,INE861B01023,
MOVALUE,EQ,55.91,56.27,55.09,55.36,55.36,55.91,747,41580.39,13-JUL-2023,35,INF247L01BE5,
MPHASIS,EQ,1905.0,1954.8,1901.75,1922.2,1932.0,1904.0,795780,1542128463.95,13-JUL-2023,38355,INE356A01018,
MPSLTD,EQ,1114.0,1184.85,1114.0,1133.3,1137.95,1113.8,50838,58655023.8,13-JUL-2023,7844,INE943D01017,
MRF,EQ,102102.0,102300.0,101003.3,101263.95,101309.3,102231.4,3256,331050808.25,13-JUL-2023,2180,INE883A01011,
MRO-TEK,EQ,58.55,59.15,55.05,55.65,56.35,57.45,35421,2012164.15,13-JUL-2023,601,INE398B01018,
MRPL,EQ,87.5,88.4,84.15,85.55,86.35,87.35,6040697,522033798.45,13-JUL-2023,20478,INE103A01014,
MSPL,EQ,8.8,8.85,8.6,8.65,8.75,8.75,296790,2585374.2,13-JUL-2023,750,INE752G01015,
MSTCLTD,EQ,374.65,377.8,362.05,363.55,363.7,373.1,349796,129546007.1,13-JUL-2023,10576,INE255X01014,
MSUMI,EQ,58.55,59.2,57.7,57.8,58.0,58.15,11289146,660604351.15,13-JUL-2023,32147,INE0FS801015,
MTARTECH,EQ,2050.1,2157.55,2048.95,2099.2,2098.0,2031.65,1177472,2486411515.4,13-JUL-2023,67656,INE864I01014,
MTEDUCARE,BE,4.05,4.1,3.95,4.05,4.05,4.05,75161,297927.8,13-JUL-2023,73,INE472M01018,
MTNL,EQ,19.55,19.6,18.95,19.1,19.15,19.4,1187677,22851419.45,13-JUL-2023,2252,INE153A01019,
MUKANDLTD,EQ,127.7,129.2,123.5,124.0,124.3,126.4,310031,39447805.45,13-JUL-2023,3167,INE304A01026,
MUKTAARTS,EQ,50.0,50.55,49.65,49.8,49.8,49.75,4513,225694.6,13-JUL-2023,48,INE374B01019,
MUNJALAU,EQ,54.7,57.5,54.5,55.25,55.95,54.7,645544,36253092.9,13-JUL-2023,4524,INE672B01032,
MUNJALSHOW,EQ,148.5,158.9,147.1,153.5,154.0,147.55,1096126,169913168.0,13-JUL-2023,11281,INE577A01027,
MURUDCERA,BE,40.05,40.5,39.3,39.95,39.85,40.05,46571,1858854.7,13-JUL-2023,183,INE692B01014,
MUTHOOTCAP,EQ,395.8,417.0,395.8,404.15,405.0,398.65,99789,40645541.15,13-JUL-2023,5845,INE296G01013,
MUTHOOTFIN,EQ,1285.65,1297.0,1270.05,1277.85,1281.0,1285.65,406556,522726984.3,13-JUL-2023,31857,INE414G01012,
NACLIND,EQ,89.0,89.75,86.25,86.8,87.2,88.45,108401,9521420.55,13-JUL-2023,1736,INE295D01020,
NAGAFERT,EQ,9.65,9.65,9.3,9.3,9.35,9.55,342522,3234009.95,13-JUL-2023,781,INE454M01024,
NAGREEKCAP,BE,19.8,20.0,19.15,19.6,19.6,20.1,8874,172230.8,13-JUL-2023,33,INE245I01016,
NAGREEKEXP,BE,46.4,47.15,46.1,47.0,47.0,46.25,9106,426048.6,13-JUL-2023,91,INE123B01028,
NAHARCAP,EQ,308.85,308.9,293.55,298.3,301.0,303.3,12963,3928112.3,13-JUL-2023,612,INE049I01012,
NAHARINDUS,EQ,125.55,125.55,118.55,119.3,119.95,123.1,61889,7486595.55,13-JUL-2023,974,INE289A01011,
NAHARPOLY,EQ,246.9,246.9,231.0,234.9,236.0,245.55,36148,8656448.1,13-JUL-2023,1237,INE308A01027,
NAHARSPING,EQ,270.9,270.9,261.9,263.3,263.95,268.7,30680,8180127.65,13-JUL-2023,1452,INE290A01027,
NAM-INDIA,EQ,299.0,300.0,290.25,292.45,292.1,297.45,556629,164990162.25,13-JUL-2023,11217,INE298J01013,
NARMADA,EQ,20.4,21.0,19.35,19.6,19.55,19.85,64430,1285737.85,13-JUL-2023,499,INE117Z01011,
NATCOPHARM,EQ,678.0,685.0,672.3,681.4,684.65,671.15,426841,289967128.85,13-JUL-2023,22603,INE987B01026,
NATHBIOGEN,EQ,216.7,218.8,205.2,207.35,207.5,213.6,85055,18065707.5,13-JUL-2023,3537,INE448G01010,
NATIONALUM,EQ,85.5,85.95,84.1,84.55,84.75,84.65,13131493,1118057515.75,13-JUL-2023,33403,INE139A01034,
NAUKRI,EQ,4473.05,4646.0,4465.1,4625.5,4635.0,4460.7,550506,2521813280.15,13-JUL-2023,55263,INE663F01024,
NAVA,EQ,314.4,329.0,314.05,320.7,320.2,311.85,1116134,360209375.25,13-JUL-2023,18530,INE725A01022,
NAVINFLUOR,EQ,4329.9,4359.15,4280.2,4332.65,4335.0,4293.05,132186,571999616.75,13-JUL-2023,15325,INE048G01026,
NAVKARCORP,EQ,58.5,58.55,55.7,56.55,57.0,58.3,584256,33593939.6,13-JUL-2023,3361,INE278M01019,
NAVNETEDUL,EQ,134.6,135.8,128.75,129.8,130.05,133.95,287382,38077089.7,13-JUL-2023,7414,INE060A01024,
NAZARA,EQ,689.35,700.0,660.95,665.9,665.1,688.45,910421,616188974.1,13-JUL-2023,26828,INE418L01021,
NBCC,EQ,40.9,41.3,40.2,40.7,40.65,40.7,7830073,319731805.45,13-JUL-2023,13866,INE095N01031,
NBIFIN,EQ,1474.4,1485.0,1465.0,1470.7,1465.0,1471.7,610,900344.45,13-JUL-2023,71,INE365I01020,
NCC,EQ,135.75,136.0,130.25,131.4,131.5,135.75,5018385,665078821.2,13-JUL-2023,24877,INE868B01028,
NCLIND,EQ,204.8,206.0,198.05,200.55,200.5,204.75,140382,28403712.2,13-JUL-2023,3497,INE732C01016,
NDGL,BE,1714.0,1715.1,1701.15,1707.5,1715.0,1712.0,216,370310.8,13-JUL-2023,37,INE756C01015,
NDL,EQ,19.85,19.85,18.95,19.1,19.3,19.5,173674,3350758.7,13-JUL-2023,749,INE875G01030,
NDLVENTURE,BE,122.35,122.35,119.1,119.2,119.2,122.35,5070,614932.35,13-JUL-2023,68,INE353A01023,
NDRAUTO,BE,1059.0,1059.0,958.2,976.7,998.0,1008.6,44337,45213467.05,13-JUL-2023,1826,INE07OG01012,
NDTV,EQ,225.05,226.2,218.0,220.35,220.8,225.05,176885,39312229.2,13-JUL-2023,3856,INE155G01029,
NECCLTD,EQ,20.8,20.8,19.5,19.6,19.7,19.85,102626,2064155.5,13-JUL-2023,499,INE553C01016,
NECLIFE,EQ,21.65,21.65,21.2,21.45,21.45,21.25,391009,8374118.55,13-JUL-2023,834,INE023H01027,
NELCAST,EQ,94.2,95.2,91.0,92.4,92.3,93.65,134911,12583621.95,13-JUL-2023,2129,INE189I01024,
NELCO,EQ,842.0,893.8,833.2,860.1,861.0,846.5,1239146,1067489877.05,13-JUL-2023,52039,INE045B01015,
NEOGEN,EQ,1618.0,1624.55,1588.0,1594.05,1597.0,1609.95,19090,30616922.85,13-JUL-2023,3006,INE136S01016,
NESCO,EQ,627.0,630.85,620.9,624.25,627.7,622.35,48610,30462434.35,13-JUL-2023,3659,INE317F01035,
NESTLEIND,EQ,23060.05,23121.55,22776.85,22820.75,22878.7,23060.05,43216,990614836.1,13-JUL-2023,14668,INE239A01016,
NETF,EQ,207.46,207.46,204.11,204.33,204.11,204.51,1469,301772.7,13-JUL-2023,127,INF277K015R5,
NETWORK18,EQ,63.6,64.6,61.75,62.8,62.85,63.45,969097,61318792.0,13-JUL-2023,4544,INE870H01013,
NEULANDLAB,EQ,2978.95,3030.0,2870.1,2884.45,2885.95,2961.05,65686,193718336.25,13-JUL-2023,10570,INE794A01010,
NEWGEN,EQ,634.75,653.55,630.2,645.65,647.95,627.05,334064,215009271.0,13-JUL-2023,19398,INE619B01017,
NEXTMEDIA,EQ,5.35,5.35,5.05,5.2,5.2,5.15,5762,29255.35,13-JUL-2023,49,INE747B01016,
NFL,EQ,72.45,73.35,70.1,71.05,70.9,72.1,3294506,236822639.9,13-JUL-2023,10442,INE870D01012,
NGIL,BE,56.2,57.85,56.15,56.45,57.55,56.15,617,34820.5,13-JUL-2023,22,INE236Y01012,
NGLFINE,EQ,1941.0,2055.0,1925.0,1935.3,1950.2,1949.15,7844,15720659.8,13-JUL-2023,1569,INE887E01022,
NH,EQ,1031.15,1031.15,1016.9,1019.4,1017.0,1028.8,91387,93367242.7,13-JUL-2023,8178,INE410P01011,
NHPC,EQ,47.5,47.55,45.8,46.0,46.05,47.2,20206940,939228870.65,13-JUL-2023,30807,INE848E01016,
NIACL,EQ,118.4,119.8,116.35,117.35,117.75,117.85,482604,56916291.7,13-JUL-2023,4307,INE470Y01017,
NIBL,BE,22.55,23.4,22.05,23.1,23.25,22.6,19637,450221.15,13-JUL-2023,56,INE047O01014,
NIF100BEES,EQ,201.31,202.99,199.6,200.3,200.0,201.18,8701,1750408.52,13-JUL-2023,198,INF204K014N5,
NIFTYBEES,EQ,215.0,215.0,213.25,213.69,213.75,213.25,2336555,500452900.94,13-JUL-2023,22912,INF204KB14I2,
NIFTYQLITY,EQ,15.91,16.07,15.82,15.86,15.9,15.91,107900,1721521.47,13-JUL-2023,292,INF209KB15K4,
NIITLTD,EQ,80.95,81.25,80.2,80.45,80.7,80.6,199840,16110005.35,13-JUL-2023,3680,INE161A01038,
NILAINFRA,EQ,6.05,6.05,5.8,5.8,5.85,5.95,355286,2102950.7,13-JUL-2023,587,INE937C01029,
NILASPACES,BE,3.85,3.9,3.6,3.65,3.7,3.75,252930,929457.0,13-JUL-2023,431,INE00S901012,
NILKAMAL,EQ,2463.45,2484.95,2339.15,2415.2,2420.0,2459.1,13261,32091614.15,13-JUL-2023,1934,INE310A01015,
NIPPOBATRY,EQ,439.95,462.4,428.0,438.8,435.6,434.15,54589,24495832.25,13-JUL-2023,3945,INE567A01028,
NIRAJ,EQ,32.4,32.7,32.05,32.5,32.65,32.05,23978,775935.15,13-JUL-2023,304,INE368I01016,
NITCO,EQ,23.5,23.5,20.0,20.15,20.15,21.7,1919157,41509540.85,13-JUL-2023,6478,INE858F01012,
NITINSPIN,EQ,270.0,270.0,262.75,264.35,263.95,267.45,96864,25764158.2,13-JUL-2023,3888,INE229H01012,
NITIRAJ,EQ,81.55,82.95,81.55,81.95,82.0,82.65,1488,122039.15,13-JUL-2023,148,INE439T01012,
NKIND,EQ,37.5,38.5,36.5,36.65,38.5,36.4,314,11555.95,13-JUL-2023,9,INE542C01019,
NLCINDIA,EQ,116.1,116.9,114.4,116.05,116.25,115.55,4013236,465188962.4,13-JUL-2023,20694,INE589A01014,
NMDC,EQ,112.75,113.5,110.2,111.45,111.35,111.6,15217619,1704508970.85,13-JUL-2023,58220,INE584A01023,
NOCIL,EQ,208.2,210.4,207.8,208.1,208.05,208.05,393135,81983802.2,13-JUL-2023,5744,INE163A01018,
NOIDATOLL,EQ,6.75,7.2,6.65,6.95,6.95,6.65,306522,2157210.8,13-JUL-2023,396,INE781B01015,
NORBTEAEXP,BE,8.15,8.55,7.8,8.3,8.4,8.15,5438,43690.55,13-JUL-2023,34,INE369C01017,
NOVARTIND,EQ,868.0,868.0,856.05,857.4,857.0,859.5,39190,33699931.55,13-JUL-2023,2514,INE234A01025,
NPBET,EQ,231.0,236.77,231.0,232.23,231.88,232.87,878,204549.89,13-JUL-2023,55,INF277K010X4,
NRAIL,EQ,298.95,301.5,294.0,294.0,295.05,297.05,11527,3416330.05,13-JUL-2023,496,INE740D01017,
NRBBEARING,EQ,217.4,222.1,212.0,213.85,214.8,216.5,642182,139628498.6,13-JUL-2023,9597,INE349A01021,
NRL,EQ,110.65,110.8,106.3,106.7,107.1,109.0,43852,4759056.4,13-JUL-2023,609,INE0JM501013,
NSIL,EQ,2497.7,2500.8,2357.0,2399.1,2392.0,2460.75,2671,6504333.45,13-JUL-2023,690,INE023A01030,
NSLNISP,EQ,44.7,44.85,43.0,43.8,43.95,44.45,3610728,159542840.85,13-JUL-2023,16804,INE0NNS01018,
NTPC,EQ,191.8,191.8,186.95,187.9,188.35,190.8,10612659,2004714487.1,13-JUL-2023,100884,INE733E01010,
NUCLEUS,EQ,1214.9,1228.0,1080.55,1110.1,1125.0,1182.8,260806,300643296.1,13-JUL-2023,15121,INE096B01018,
NURECA,BE,354.25,354.25,347.0,349.75,347.55,354.25,11258,3951356.9,13-JUL-2023,528,INE0DSF01015,
NUVOCO,EQ,351.55,358.0,350.0,355.05,355.45,351.55,442055,155929821.3,13-JUL-2023,5618,INE118D01016,
NV20BEES,EQ,112.49,113.36,112.05,112.38,112.05,112.19,12550,1418126.68,13-JUL-2023,156,INF204KB18I3,
NYKAA,EQ,146.75,147.5,142.15,142.95,143.1,144.05,5981950,869222566.05,13-JUL-2023,34028,INE388Y01029,
OAL,EQ,327.9,335.0,327.75,333.1,334.5,326.25,4866,1617268.45,13-JUL-2023,621,INE959C01023,
OBCL,EQ,52.2,53.2,51.0,51.85,52.15,52.15,27270,1422482.1,13-JUL-2023,249,INE426Z01016,
OBEROIRLTY,EQ,1034.0,1059.0,1025.0,1028.55,1031.2,1033.6,650868,679477067.5,13-JUL-2023,31071,INE093I01010,
OCCL,EQ,836.0,846.6,804.95,816.55,817.45,834.3,8222,6778678.45,13-JUL-2023,861,INE321D01016,
OFSS,EQ,3814.95,3911.0,3800.3,3843.9,3842.8,3809.25,75040,290250544.75,13-JUL-2023,10341,INE881D01027,
OIL,EQ,256.9,257.45,253.75,255.7,255.6,255.45,694951,177650965.3,13-JUL-2023,13928,INE274J01014,
OLECTRA,EQ,1405.0,1465.0,1299.0,1362.6,1365.95,1395.15,3943747,5522512965.8,13-JUL-2023,147293,INE260D01016,
OMAXAUTO,BE,52.5,53.8,52.45,52.55,52.45,53.1,6048,320386.1,13-JUL-2023,65,INE090B01011,
OMAXE,EQ,49.45,49.85,48.8,49.0,48.8,49.2,193981,9606422.6,13-JUL-2023,705,INE800H01010,
OMINFRAL,BE,50.1,50.1,48.55,48.75,48.55,50.0,24883,1218899.15,13-JUL-2023,169,INE239D01028,
ONELIFECAP,EQ,12.2,12.7,12.1,12.55,12.6,12.2,19813,246995.75,13-JUL-2023,151,INE912L01015,
ONEPOINT,BE,21.6,22.65,21.3,22.3,22.45,21.6,1473899,32782471.5,13-JUL-2023,875,INE840Y01029,
ONGC,EQ,168.65,169.3,167.2,167.8,168.05,167.65,11350009,1910406113.1,13-JUL-2023,71871,INE213A01029,
ONMOBILE,EQ,78.8,79.15,75.75,76.25,76.35,78.5,755479,58317567.75,13-JUL-2023,4963,INE809I01019,
ONWARDTEC,EQ,569.5,576.0,557.85,564.1,570.0,569.3,210407,119151513.3,13-JUL-2023,15198,INE229A01017,
OPTIEMUS,EQ,244.7,244.7,233.45,237.2,237.0,243.0,238425,56676793.7,13-JUL-2023,8211,INE350C01017,
ORBTEXP,BE,185.0,191.95,180.6,187.3,188.4,184.9,13174,2478920.15,13-JUL-2023,65,INE231G01010,
ORCHPHARMA,BE,528.0,534.0,501.4,520.6,527.0,518.1,19732,10266403.05,13-JUL-2023,2020,INE191A01027,
ORICONENT,BE,23.9,23.9,23.0,23.65,23.15,23.4,110358,2593014.25,13-JUL-2023,224,INE730A01022,
ORIENTABRA,BE,39.0,39.0,36.5,36.5,36.5,38.4,166403,6119163.35,13-JUL-2023,741,INE569C01020,
ORIENTALTL,EQ,6.1,6.25,6.0,6.05,6.05,6.05,60941,372762.5,13-JUL-2023,4746,INE998H01012,
ORIENTBELL,EQ,553.0,553.0,531.1,532.85,532.0,548.05,15108,8162355.2,13-JUL-2023,1118,INE607D01018,
ORIENTCEM,EQ,141.15,144.5,140.1,140.9,141.0,140.55,1589923,226694760.9,13-JUL-2023,13777,INE876N01018,
ORIENTELEC,EQ,259.25,261.5,255.9,258.1,258.55,258.0,198680,51413167.85,13-JUL-2023,5970,INE142Z01019,
ORIENTHOT,EQ,89.0,89.25,86.8,87.2,87.0,88.9,280892,24693215.35,13-JUL-2023,2164,INE750A01020,
ORIENTLTD,EQ,63.85,68.65,62.2,63.6,63.5,63.9,19726,1279890.45,13-JUL-2023,466,INE609C01024,
ORIENTPPR,EQ,41.65,41.85,40.0,40.5,40.6,41.65,1138686,46561971.85,13-JUL-2023,4223,INE592A01026,
ORISSAMINE,EQ,4199.0,4250.7,3935.0,4045.35,4000.0,4160.7,82328,341517905.55,13-JUL-2023,10946,INE725E01024,
ORTINLAB,BE,20.5,20.95,20.45,20.5,20.7,21.05,19759,406091.85,13-JUL-2023,112,INE749B01020,
OSIAHYPER,BE,32.75,32.75,31.0,31.9,31.9,31.3,29641,936579.3,13-JUL-2023,88,INE06IR01021,
OSWALAGRO,EQ,30.45,30.6,29.4,29.45,29.55,30.0,90905,2709360.95,13-JUL-2023,616,INE142A01012,
OSWALGREEN,EQ,23.95,24.1,23.25,23.6,23.65,23.7,122325,2890070.25,13-JUL-2023,551,INE143A01010,
OSWALSEEDS,EQ,351.0,351.0,326.75,329.8,330.0,336.05,12766,4301725.65,13-JUL-2023,608,INE00IK01011,
PAGEIND,EQ,36250.0,36680.2,35866.05,36273.9,36380.0,36005.0,37053,1346366616.25,13-JUL-2023,9659,INE761H01022,
PAISALO,EQ,49.25,49.8,48.1,48.9,48.75,49.2,1055999,51773797.0,13-JUL-2023,2358,INE420C01059,
PAKKA,EQ,125.2,129.0,117.4,118.65,119.05,124.35,524821,63912665.55,13-JUL-2023,5158,INE551D01018,
PALASHSECU,BE,106.05,107.95,103.15,103.75,103.2,108.0,4433,460861.4,13-JUL-2023,35,INE471W01019,
PALREDTEC,EQ,157.75,157.75,148.25,150.1,150.2,154.4,21279,3268361.95,13-JUL-2023,1968,INE218G01033,
PANACEABIO,EQ,124.55,129.4,124.55,126.85,126.0,125.1,65012,8264901.3,13-JUL-2023,1422,INE922B01023,
PANACHE,EQ,75.5,76.95,67.4,68.35,67.6,74.3,27923,2031662.2,13-JUL-2023,666,INE895W01019,
PANAMAPET,EQ,296.0,310.45,293.7,301.25,301.15,295.35,326524,97891081.3,13-JUL-2023,9088,INE305C01029,
PANSARI,EQ,89.15,89.15,86.5,86.65,88.65,87.8,2390,209929.55,13-JUL-2023,29,INE697V01011,
PAR,BE,200.0,203.95,198.0,199.6,201.5,200.0,8234,1647155.5,13-JUL-2023,169,INE04LG01015,
PARACABLES,EQ,36.25,36.25,34.15,34.4,34.45,35.75,742543,25935937.35,13-JUL-2023,1901,INE074B01023,
PARADEEP,EQ,64.9,66.4,63.25,63.85,63.9,64.35,5953410,387930274.5,13-JUL-2023,18254,INE088F01024,
PARAGMILK,EQ,138.7,138.7,133.0,135.3,135.5,137.75,737454,99974156.2,13-JUL-2023,7243,INE883N01014,
PARAS,EQ,685.1,730.0,683.55,691.85,696.0,683.65,2097473,1489464088.2,13-JUL-2023,60469,INE045601015,
PARASPETRO,BE,0.85,0.85,0.8,0.8,0.8,0.8,63738,52095.0,13-JUL-2023,159,INE162C01024,
PARSVNATH,EQ,7.55,8.0,7.45,7.7,7.7,7.55,216808,1674238.5,13-JUL-2023,534,INE561H01026,
PASUPTAC,EQ,32.1,32.8,31.05,31.35,31.35,32.25,112183,3576539.2,13-JUL-2023,976,INE818B01023,
PATANJALI,BE,1165.1,1165.1,1165.1,1165.1,1165.1,1226.4,2072722,2414928402.2,13-JUL-2023,4679,INE619A01035,
PATELENG,BE,42.7,43.2,40.55,43.2,43.2,41.15,10223443,437463974.7,13-JUL-2023,17119,INE244B01030,
PATINTLOG,EQ,14.5,14.6,13.85,14.05,14.1,14.35,405618,5791487.4,13-JUL-2023,1052,INE529D01014,
PAVNAIND,EQ,318.7,318.85,302.0,307.6,307.6,304.0,36,10984.05,13-JUL-2023,14,INE07S101020,
PAYTM,EQ,867.0,867.6,830.0,836.95,838.0,854.75,2849491,2427484993.15,13-JUL-2023,77798,INE982J01020,
PCBL,EQ,163.45,164.45,153.7,154.5,154.95,163.15,5404570,855568082.8,13-JUL-2023,41279,INE602A01031,
PCJEWELLER,EQ,39.5,39.5,35.8,35.8,35.8,37.65,17817082,652882173.55,13-JUL-2023,19423,INE785M01013,
PDMJEPAPER,EQ,40.7,41.05,40.15,40.2,40.2,40.65,90602,3681938.0,13-JUL-2023,742,INE865T01018,
PDSL,EQ,350.45,352.55,339.95,341.7,342.2,350.45,47076,16281960.7,13-JUL-2023,3425,INE111Q01021,
PEARLPOLY,EQ,21.05,21.25,20.7,21.0,21.0,20.9,17426,366152.6,13-JUL-2023,162,INE844A01013,
PEL,EQ,973.15,999.85,962.5,973.8,975.0,969.15,4268724,4206803884.95,13-JUL-2023,124057,INE140A01024,
PENIND,EQ,81.4,88.05,81.35,87.15,87.85,80.95,3474978,296041539.55,13-JUL-2023,16850,INE932A01024,
PENINLAND,EQ,26.65,28.35,25.95,26.3,26.25,26.65,1147835,31341921.95,13-JUL-2023,3077,INE138A01028,
PERSISTENT,EQ,4698.95,4877.0,4690.05,4760.1,4770.95,4694.85,613523,2949304690.25,13-JUL-2023,54116,INE262H01013,
PETRONET,EQ,230.9,231.25,223.9,224.5,224.35,229.6,2158135,489572433.65,13-JUL-2023,22318,INE347G01014,
PFC,EQ,228.2,228.65,222.0,224.65,225.8,227.25,8495280,1914568966.05,13-JUL-2023,62766,INE134E01011,
PFIZER,EQ,3806.0,3839.95,3780.0,3786.1,3781.0,3809.45,10492,39965080.65,13-JUL-2023,2804,INE182A01018,
PFOCUS,EQ,128.4,130.0,123.1,124.2,124.9,127.15,400259,50875739.7,13-JUL-2023,4148,INE367G01038,
PFS,EQ,20.0,20.0,19.15,19.25,19.15,19.75,1179141,23104091.35,13-JUL-2023,2656,INE560K01014,
PGEL,EQ,1584.0,1640.0,1567.35,1580.2,1579.0,1568.55,53151,85297011.2,13-JUL-2023,8097,INE457L01011,
PGHH,EQ,14905.0,15132.0,14905.0,15093.35,15014.45,14902.05,13671,205272392.0,13-JUL-2023,3377,INE179A01014,
PGHL,EQ,5169.4,5214.85,5111.7,5146.55,5161.1,5137.9,6013,31002826.35,13-JUL-2023,2350,INE199A01012,
PGIL,EQ,595.95,610.0,582.35,586.75,591.9,590.55,38979,23225967.75,13-JUL-2023,4960,INE940H01014,
PHARMABEES,EQ,14.19,14.19,14.0,14.06,14.09,14.12,1641158,23133156.66,13-JUL-2023,3595,INF204KC1089,
PHOENIXLTD,EQ,1574.6,1703.0,1574.6,1677.9,1699.6,1574.55,602575,995921826.1,13-JUL-2023,48682,INE211B01039,
PIDILITIND,EQ,2622.45,2655.0,2608.3,2618.2,2619.0,2622.45,325809,856605798.1,13-JUL-2023,29892,INE318A01026,
PIGL,BE,42.5,42.85,41.2,41.45,41.5,42.1,13716,573659.65,13-JUL-2023,100,INE557Z01018,
PIIND,EQ,3684.25,3749.45,3593.0,3610.6,3613.0,3659.45,401181,1466254728.15,13-JUL-2023,35228,INE603J01030,
PILANIINVS,EQ,1907.1,1914.0,1881.0,1889.45,1891.0,1894.95,1446,2743595.35,13-JUL-2023,271,INE417C01014,
PILITA,BE,9.1,9.25,8.9,9.0,8.9,9.1,178601,1621026.9,13-JUL-2023,278,INE600A01035,
PIONEEREMB,EQ,38.9,38.9,37.6,37.95,38.2,38.25,10110,386973.95,13-JUL-2023,246,INE156C01018,
PITTIENG,EQ,383.0,388.8,376.1,377.85,379.0,381.8,147343,56413821.8,13-JUL-2023,7043,INE450D01021,
PIXTRANS,EQ,1008.0,1015.0,983.25,1003.4,1005.0,1002.05,70987,70984981.55,13-JUL-2023,4359,INE751B01018,
PKTEA,BE,255.05,265.35,255.05,265.35,265.35,265.0,39,10265.7,13-JUL-2023,4,INE431F01018,
PLASTIBLEN,EQ,195.9,195.9,191.75,192.6,192.5,192.55,31376,6051011.2,13-JUL-2023,484,INE083C01022,
PNB,EQ,61.8,62.2,58.15,59.1,59.35,61.4,98250294,5923954647.5,13-JUL-2023,129630,INE160A01022,
PNBGILTS,EQ,65.2,66.25,64.1,64.35,64.4,64.75,301880,19735666.25,13-JUL-2023,2324,INE859A01011,
PNBHOUSING,EQ,618.0,629.95,609.1,618.0,617.0,611.75,806319,500818479.05,13-JUL-2023,23429,INE572E01012,
PNC,EQ,36.3,37.95,35.5,36.0,36.5,36.95,29379,1077849.05,13-JUL-2023,297,INE392B01011,
PNCINFRA,EQ,346.95,354.6,342.8,345.8,346.45,345.9,345108,120125328.05,13-JUL-2023,10845,INE195J01029,
POCL,EQ,379.55,403.0,379.3,388.75,390.0,379.55,41118,16215196.35,13-JUL-2023,2894,INE063E01046,
PODDARHOUS,BE,100.0,102.5,98.05,98.05,98.05,102.0,3346,332456.7,13-JUL-2023,86,INE888B01018,
PODDARMENT,EQ,315.0,318.0,311.05,314.2,311.5,315.5,6143,1929750.8,13-JUL-2023,265,INE371C01013,
POKARNA,EQ,431.8,432.55,402.05,405.85,409.0,428.55,80865,33458703.2,13-JUL-2023,5755,INE637C01025,
POLICYBZR,EQ,735.0,779.9,735.0,762.85,754.7,734.4,3169793,2422004579.8,13-JUL-2023,60298,INE417T01026,
POLYCAB,EQ,3802.35,3847.0,3783.3,3815.15,3819.0,3800.5,488118,1862002734.0,13-JUL-2023,34139,INE455K01017,
POLYMED,EQ,1134.05,1199.3,1120.0,1125.7,1123.9,1104.05,575264,665810993.9,13-JUL-2023,38716,INE205C01021,
POLYPLEX,EQ,1301.0,1325.0,1290.75,1292.55,1293.0,1297.1,92304,120529756.55,13-JUL-2023,7330,INE633B01018,
PONNIERODE,EQ,382.0,382.15,375.3,379.1,381.5,379.15,25678,9732323.0,13-JUL-2023,1271,INE838E01017,
POONAWALLA,EQ,368.9,374.5,365.05,369.2,371.5,368.2,2142925,791820184.75,13-JUL-2023,23857,INE511C01022,
POWERGRID,EQ,251.75,252.2,241.7,243.1,243.6,252.05,22943588,5629795678.85,13-JUL-2023,203149,INE752E01010,
POWERINDIA,EQ,4220.25,4249.65,4125.15,4152.45,4160.0,4220.25,15080,63270833.1,13-JUL-2023,4144,INE07Y701011,
POWERMECH,EQ,3877.0,3950.0,3725.0,3898.35,3917.6,3819.0,38844,151489155.8,13-JUL-2023,7684,INE211R01019,
PPAP,EQ,211.0,214.65,207.0,207.9,209.25,211.55,15137,3169983.55,13-JUL-2023,534,INE095I01015,
PPL,EQ,187.0,189.8,179.8,181.1,180.95,185.8,174503,32395713.45,13-JUL-2023,5298,INE050001010,
PPLPHARMA,EQ,93.4,94.2,91.25,91.85,92.1,93.05,3663484,340800510.55,13-JUL-2023,16651,INE0DK501011,
PRAENG,EQ,12.5,12.5,11.5,11.65,11.8,12.2,75118,889584.0,13-JUL-2023,463,INE505C01016,
PRAJIND,EQ,411.25,413.85,394.35,398.5,399.5,409.15,1265061,511306570.65,13-JUL-2023,31019,INE074A01025,
PRAKASH,EQ,81.0,82.0,77.7,78.75,78.8,80.65,989361,79152648.9,13-JUL-2023,8719,INE603A01013,
PRAKASHSTL,EQ,4.55,4.65,4.55,4.55,4.55,4.55,531301,2432348.45,13-JUL-2023,649,INE696K01024,
PRECAM,EQ,184.25,186.9,178.0,182.5,182.55,184.95,198342,36258040.5,13-JUL-2023,4323,INE484I01029,
PRECOT,EQ,178.0,180.0,175.3,175.95,176.0,178.45,825,146343.2,13-JUL-2023,58,INE283A01014,
PRECWIRE,EQ,92.45,93.0,88.8,90.15,90.5,91.75,515988,46980492.1,13-JUL-2023,4978,INE372C01037,
PREMEXPLN,EQ,764.7,779.5,711.6,724.55,729.0,708.65,1120250,853479292.25,13-JUL-2023,22318,INE863B01011,
PREMIERPOL,BE,114.95,115.0,107.75,107.75,107.75,113.4,33100,3620891.05,13-JUL-2023,514,INE309M01012,
PRESTIGE,EQ,598.0,616.2,521.2,567.55,560.45,585.15,15727382,8893021696.6,13-JUL-2023,191034,INE811K01011,
PRICOLLTD,EQ,214.1,227.1,211.0,221.75,221.2,215.65,2003891,439363219.2,13-JUL-2023,27170,INE726V01018,
PRIMESECU,EQ,133.0,134.05,131.0,133.35,133.0,133.0,46959,6243934.6,13-JUL-2023,630,INE032B01021,
PRINCEPIPE,EQ,637.15,641.85,631.0,633.5,634.0,633.9,81655,51969290.55,13-JUL-2023,6314,INE689W01016,
PRITI,BE,216.0,216.0,205.9,205.9,205.9,216.7,17125,3529008.9,13-JUL-2023,847,INE974Z01015,
PRITIKAUTO,EQ,17.25,17.25,16.8,16.8,16.8,17.0,219691,3728704.15,13-JUL-2023,702,INE583R01029,
PRIVISCL,EQ,1084.75,1094.9,1069.0,1073.9,1072.0,1084.75,13130,14179513.2,13-JUL-2023,1133,INE959A01019,
PROZONINTU,EQ,25.9,26.0,24.65,25.0,25.25,25.55,408098,10369836.7,13-JUL-2023,1765,INE195N01013,
PRSMJOHNSN,EQ,126.5,128.1,125.2,126.2,127.1,126.3,414885,52397700.45,13-JUL-2023,3506,INE010A01011,
PRUDENT,EQ,1023.95,1026.9,1013.8,1020.6,1020.0,1017.6,22606,23057763.45,13-JUL-2023,2884,INE00F201020,
PSB,EQ,35.05,35.8,33.0,33.15,33.3,34.95,6603157,226670318.6,13-JUL-2023,12695,INE608A01012,
PSPPROJECT,EQ,731.8,738.85,710.95,716.55,715.0,728.15,76666,55287773.95,13-JUL-2023,6249,INE488V01015,
PSUBANKICI,EQ,46.83,46.83,43.58,43.83,43.86,44.93,201306,8993481.86,13-JUL-2023,398,INF109KC10S8,
PSUBNKBEES,EQ,49.96,49.96,48.27,48.54,48.65,49.62,1725961,84665143.86,13-JUL-2023,6182,INF204KB16I7,
PTC,EQ,112.5,113.35,109.5,110.2,110.5,111.95,1316143,146941454.9,13-JUL-2023,10683,INE877F01012,
PTCIL,EQ,4318.75,4318.75,4100.0,4142.55,4169.6,4234.05,2442,10210080.9,13-JUL-2023,564,INE596F01018,
PTL,EQ,37.4,38.65,37.2,37.4,37.8,37.8,462626,17479981.9,13-JUL-2023,2274,INE034D01049,
PUNJABCHEM,EQ,852.15,876.95,850.05,867.9,866.0,862.25,19812,17063946.85,13-JUL-2023,1673,INE277B01014,
PURVA,EQ,103.35,106.4,100.1,100.7,100.65,102.85,496317,51146877.45,13-JUL-2023,6138,INE323I01011,
PVP,BE,10.55,10.6,10.05,10.05,10.1,10.55,108020,1107692.8,13-JUL-2023,321,INE362A01016,
PVRINOX,EQ,1434.6,1438.0,1397.75,1402.55,1403.5,1420.55,547250,773618464.25,13-JUL-2023,21864,INE191H01014,
QGOLDHALF,EQ,50.39,50.39,50.07,50.28,50.26,49.92,11054,555717.74,13-JUL-2023,133,INF082J01408,
QNIFTY,EQ,2070.01,2082.0,2060.99,2065.48,2065.5,2062.43,1124,2327249.14,13-JUL-2023,66,INF082J01028,
QUESS,EQ,439.6,439.6,430.5,435.9,435.0,437.45,107882,46965729.35,13-JUL-2023,7154,INE615P01015,
QUICKHEAL,EQ,164.0,169.65,162.9,164.75,165.3,164.1,80678,13426484.75,13-JUL-2023,2348,INE306L01010,
RACE,EQ,274.9,274.9,257.0,265.3,265.8,272.75,17628,4683384.2,13-JUL-2023,531,INE084Q01012,
RADAAN,BE,1.65,1.65,1.65,1.65,1.65,1.7,100,165.0,13-JUL-2023,1,INE874F01027,
RADHIKAJWE,EQ,38.0,38.0,35.8,36.2,36.15,36.45,189709,6992350.65,13-JUL-2023,1189,INE583V01021,
RADIANTCMS,EQ,89.65,94.0,89.25,92.15,92.35,88.85,425895,39098110.6,13-JUL-2023,5830,INE855R01021,
RADICO,EQ,1418.95,1418.95,1346.0,1354.0,1365.15,1393.4,436431,597981907.55,13-JUL-2023,18322,INE944F01028,
RAILTEL,EQ,140.05,143.65,136.3,137.05,137.0,138.3,8762466,1232975918.7,13-JUL-2023,42423,INE0DD101019,
RAIN,EQ,166.4,167.0,163.05,164.15,164.45,166.15,871759,143907756.6,13-JUL-2023,7218,INE855B01025,
RAINBOW,EQ,1076.0,1093.75,1033.0,1062.0,1050.0,1064.55,222962,238011967.65,13-JUL-2023,27303,INE961O01016,
RAJESHEXPO,EQ,529.25,534.45,520.2,521.1,523.7,526.8,1848785,974235550.4,13-JUL-2023,17305,INE343B01030,
RAJMET,BE,9.6,9.75,9.15,9.35,9.35,9.6,368904,3425827.65,13-JUL-2023,1025,INE00KV01022,
RAJRATAN,EQ,827.8,842.45,819.0,825.6,825.0,821.85,53210,44198302.7,13-JUL-2023,5759,INE451D01029,
RAJRILTD,BE,58.35,58.35,58.35,58.35,58.35,59.55,1470,85774.5,13-JUL-2023,57,INE533D01032,
RAJSREESUG,EQ,41.15,41.35,39.7,40.05,40.2,40.85,61311,2491219.7,13-JUL-2023,500,INE562B01019,
RAJTV,BE,46.25,46.7,45.05,46.15,45.25,46.3,9132,422472.5,13-JUL-2023,27,INE952H01027,
RALLIS,EQ,204.85,212.45,203.45,208.55,208.3,204.5,1008847,210077961.0,13-JUL-2023,12225,INE613A01020,
RAMANEWS,EQ,12.75,12.85,12.65,12.7,12.75,12.7,20198,257528.1,13-JUL-2023,112,INE278B01020,
RAMAPHO,EQ,235.9,235.9,226.7,227.5,229.0,233.0,25705,5957733.55,13-JUL-2023,2978,INE809A01024,
RAMASTEEL,EQ,34.5,36.1,34.4,35.4,35.4,34.25,9398251,331541038.55,13-JUL-2023,15808,INE230R01035,
RAMCOCEM,EQ,930.2,945.0,924.5,928.8,928.0,925.35,799131,746936698.55,13-JUL-2023,27888,INE331A01037,
RAMCOIND,EQ,168.9,177.9,167.5,175.05,175.4,168.05,398488,69630139.95,13-JUL-2023,7574,INE614A01028,
RAMCOSYS,EQ,251.0,263.0,248.0,250.05,249.0,249.45,134194,34051312.75,13-JUL-2023,5964,INE246B01019,
RAMKY,EQ,390.65,410.0,388.0,398.55,401.6,391.25,171079,68847402.3,13-JUL-2023,6350,INE874I01013,
RAMRAT,EQ,293.0,301.5,286.05,288.85,287.6,292.9,90164,26541387.65,13-JUL-2023,5272,INE207E01023,
RANASUG,EQ,23.85,24.05,23.2,23.35,23.45,23.7,429212,10145087.65,13-JUL-2023,1423,INE625B01014,
RANEENGINE,BE,286.3,293.8,285.35,291.7,291.7,286.3,5965,1729767.1,13-JUL-2023,76,INE222J01013,
RANEHOLDIN,EQ,1139.0,1139.0,1085.5,1096.4,1100.0,1119.75,9859,10949591.75,13-JUL-2023,1798,INE384A01010,
RATEGAIN,EQ,436.65,446.1,426.75,430.45,432.1,436.0,329491,143965112.4,13-JUL-2023,13695,INE0CLI01024,
RATNAMANI,EQ,2468.0,2475.0,2397.0,2419.1,2420.0,2428.7,28509,69719186.15,13-JUL-2023,5347,INE703B01027,
RAYMOND,EQ,1817.65,1853.95,1805.0,1821.05,1815.0,1817.65,324249,595118797.5,13-JUL-2023,19842,INE301A01014,
RBA,EQ,112.75,112.95,109.15,109.45,109.5,112.1,343708,38162183.2,13-JUL-2023,3928,INE07T201019,
RBL,EQ,878.0,909.0,878.0,896.55,902.5,877.2,108567,97309699.75,13-JUL-2023,7501,INE244J01017,
RBLBANK,EQ,196.5,204.4,196.5,197.85,198.2,197.2,26320020,5282105987.35,13-JUL-2023,92904,INE976G01028,
RCF,EQ,115.45,117.65,111.0,112.4,112.45,115.25,3723582,425539400.4,13-JUL-2023,17609,INE027A01015,
RCOM,BE,1.4,1.4,1.35,1.35,1.35,1.4,3518732,4858828.6,13-JUL-2023,1811,INE330H01018,
RECLTD,EQ,169.6,169.6,163.75,165.3,165.6,169.0,10748152,1783187099.25,13-JUL-2023,59731,INE020B01018,
REDINGTON,EQ,188.7,188.75,185.0,186.25,186.7,187.8,1272320,237668822.05,13-JUL-2023,15757,INE891D01026,
REFEX,EQ,654.0,692.85,643.5,692.85,692.85,629.9,277565,186485924.05,13-JUL-2023,7167,INE056I01017,
RELAXO,EQ,915.0,915.0,893.0,900.85,902.0,911.0,123835,111407941.65,13-JUL-2023,9935,INE131B01039,
RELCHEMQ,EQ,179.65,183.7,177.0,177.6,177.0,179.65,10914,1966630.8,13-JUL-2023,499,INE750D01016,
RELIANCE,EQ,2783.9,2799.0,2737.25,2743.0,2748.0,2767.75,6776172,18798357651.3,13-JUL-2023,254196,INE002A01018,
RELIGARE,EQ,175.25,175.9,170.5,171.45,171.8,174.7,439090,76242519.5,13-JUL-2023,5166,INE621H01010,
RELINFRA,EQ,138.35,139.05,135.25,136.45,136.25,137.55,1488533,203886606.6,13-JUL-2023,8784,INE036A01016,
REMSONSIND,EQ,250.8,253.85,245.85,248.3,249.85,246.1,8483,2109976.1,13-JUL-2023,1205,INE474C01015,
RENUKA,EQ,43.5,43.65,42.8,42.95,43.15,43.35,5128435,221473089.1,13-JUL-2023,10530,INE087H01022,
REPCOHOME,EQ,310.9,319.0,308.05,310.1,310.1,310.05,309537,97439456.55,13-JUL-2023,16347,INE612J01015,
REPL,EQ,182.75,182.75,178.15,179.85,180.0,180.1,19923,3589698.95,13-JUL-2023,370,INE364Z01019,
REPRO,EQ,794.95,794.95,755.2,755.2,755.2,794.95,23816,18286629.0,13-JUL-2023,1511,INE461B01014,
RESPONIND,EQ,179.1,184.4,171.25,172.9,173.7,179.4,349370,62641397.1,13-JUL-2023,4057,INE688D01026,
REVATHI,BE,1581.6,1643.95,1576.05,1605.7,1613.0,1591.55,1070,1704773.35,13-JUL-2023,83,INE617A01013,
RGL,EQ,102.8,103.75,99.5,100.55,101.1,101.5,198893,20179561.2,13-JUL-2023,2742,INE722H01024,
RHFL,EQ,3.55,3.6,3.4,3.45,3.45,3.45,4084519,14393489.0,13-JUL-2023,2060,INE217K01011,
RHIM,EQ,634.95,636.35,607.75,610.35,612.7,632.7,156679,96641480.15,13-JUL-2023,10770,INE743M01012,
RHL,EQ,97.9,99.25,96.55,98.4,99.0,98.25,10300,1015126.05,13-JUL-2023,225,INE508K01013,
RICOAUTO,EQ,110.0,110.9,102.8,103.9,105.0,109.55,1525980,162995652.7,13-JUL-2023,10101,INE209B01025,
RIIL,EQ,952.05,958.3,930.1,939.75,939.5,951.0,245973,232802773.05,13-JUL-2023,8131,INE046A01015,
RITCO,EQ,194.95,229.0,191.3,223.55,225.0,191.1,676607,146995236.95,13-JUL-2023,12663,INE01EG01016,
RITES,EQ,397.15,399.05,382.4,386.95,387.75,395.15,741407,290213457.85,13-JUL-2023,15863,INE320J01015,
RKEC,EQ,60.3,60.8,57.1,58.0,58.3,60.1,56249,3279375.85,13-JUL-2023,818,INE786W01010,
RKFORGE,EQ,470.0,475.0,440.5,456.6,456.0,463.75,541825,249538548.95,13-JUL-2023,24339,INE399G01023,
RML,EQ,707.0,714.6,691.0,705.7,703.0,696.25,57115,40169690.6,13-JUL-2023,5787,INE050H01012,
ROHLTD,EQ,329.0,329.0,318.0,318.8,318.25,323.65,32306,10362821.6,13-JUL-2023,1501,INE283H01019,
ROLEXRINGS,EQ,2142.45,2188.0,2115.55,2129.2,2121.0,2134.1,51389,110048416.75,13-JUL-2023,7485,INE645S01016,
ROML,EQ,41.95,41.95,40.5,41.4,41.5,40.65,4128,169576.05,13-JUL-2023,101,INE294G01026,
ROSSARI,EQ,860.0,871.8,855.0,865.0,866.0,856.8,59649,51535675.3,13-JUL-2023,4665,INE02A801020,
ROSSELLIND,EQ,412.5,429.0,408.0,423.45,421.25,409.3,264207,110430216.25,13-JUL-2023,11216,INE847C01020,
ROTO,EQ,373.0,375.8,361.5,364.0,366.0,372.3,40370,14829299.75,13-JUL-2023,3049,INE535D01029,
ROUTE,EQ,1615.75,1698.0,1615.75,1636.45,1645.0,1612.05,869282,1448650211.65,13-JUL-2023,53266,INE450U01017,
RPGLIFE,EQ,960.0,1016.1,960.0,984.0,990.1,951.6,206491,206096453.4,13-JUL-2023,18306,INE105J01010,
RPOWER,EQ,16.05,16.2,15.05,15.2,15.15,15.9,114712259,1788060774.15,13-JUL-2023,96222,INE614G01033,
RPPINFRA,EQ,60.85,61.35,58.75,59.7,60.0,60.45,210292,12650487.75,13-JUL-2023,2195,INE324L01013,
RPPL,EQ,157.9,160.15,157.2,157.75,157.9,157.05,9746,1543849.4,13-JUL-2023,184,INE760W01015,
RPSGVENT,EQ,433.25,439.6,428.0,431.35,431.0,435.15,22333,9684492.05,13-JUL-2023,2176,INE425Y01011,
RSWM,EQ,197.5,198.5,190.55,192.75,193.5,196.6,54482,10619006.05,13-JUL-2023,1942,INE611A01016,
RSYSTEMS,EQ,475.25,487.7,451.05,455.15,455.5,470.0,427253,202275114.5,13-JUL-2023,17373,INE411H01032,
RTNINDIA,EQ,39.75,43.15,39.75,41.3,41.25,39.7,6078108,254395336.35,13-JUL-2023,17484,INE834M01019,
RTNPOWER,EQ,4.9,5.0,4.7,4.75,4.75,4.85,17235653,83874848.2,13-JUL-2023,11270,INE399K01017,
RUBYMILLS,EQ,215.95,225.4,211.4,214.1,215.75,216.6,74831,16432139.5,13-JUL-2023,3654,INE301D01026,
RUCHINFRA,BE,8.35,8.35,8.05,8.1,8.15,8.2,104675,857111.85,13-JUL-2023,308,INE413B01023,
RUCHIRA,EQ,112.7,113.7,109.25,109.9,110.7,112.0,127719,14169186.1,13-JUL-2023,2004,INE803H01014,
RUPA,EQ,275.0,275.95,263.7,266.55,266.0,272.0,127915,34419901.6,13-JUL-2023,4452,INE895B01021,
RUSHIL,EQ,297.1,303.9,290.5,293.3,293.35,297.5,73762,21839850.05,13-JUL-2023,4265,INE573K01017,
RUSTOMJEE,EQ,603.0,611.5,594.2,608.2,610.0,602.4,30757,18583592.6,13-JUL-2023,1842,INE263M01029,
RVHL,EQ,26.05,26.05,25.0,25.05,25.0,25.6,23189,591500.3,13-JUL-2023,145,INE09E501017,
RVNL,EQ,121.1,121.3,117.05,118.65,118.45,120.7,7946038,948340955.35,13-JUL-2023,64040,INE415G01027,
SABEVENTS,BE,3.3,3.3,3.3,3.3,3.3,3.3,151,498.3,13-JUL-2023,7,INE860T01019,
SABTN,BE,1.35,1.35,1.35,1.35,1.35,1.35,1650,2227.5,13-JUL-2023,5,INE416A01036,
SADBHAV,BE,10.7,11.1,10.5,10.7,10.6,10.7,123327,1329356.35,13-JUL-2023,304,INE226H01026,
SADBHIN,BE,3.7,3.75,3.6,3.7,3.7,3.7,63321,232199.4,13-JUL-2023,156,INE764L01010,
SADHNANIQ,EQ,98.75,104.75,97.9,102.0,102.5,98.75,148042,15001171.35,13-JUL-2023,2788,INE888C01040,
SAFARI,EQ,3090.0,3112.95,2987.5,3037.55,3046.0,3070.0,20358,61710056.15,13-JUL-2023,6790,INE429E01023,
SAGARDEEP,EQ,21.25,21.7,20.7,20.95,21.35,20.95,34278,724275.6,13-JUL-2023,498,INE976T01013,
SAGCEM,EQ,207.8,208.45,201.8,204.0,204.0,206.15,138659,28358512.35,13-JUL-2023,4017,INE229C01021,
SAH,EQ,100.0,100.0,91.4,95.3,95.4,98.45,237758,22908152.95,13-JUL-2023,1767,INE035801013,
SAHYADRI,EQ,372.45,373.0,363.0,370.3,370.2,372.5,4512,1669838.55,13-JUL-2023,256,INE280H01015,
SAIL,EQ,91.0,91.4,89.35,89.85,90.0,89.6,17704740,1601696782.7,13-JUL-2023,38420,INE114A01011,
SAKAR,EQ,245.6,248.95,241.5,243.3,244.6,246.1,15875,3892763.1,13-JUL-2023,383,INE732S01012,
SAKHTISUG,EQ,25.2,25.2,24.3,24.5,24.5,25.05,329086,8121000.2,13-JUL-2023,968,INE623A01011,
SAKSOFT,EQ,315.9,316.0,309.0,310.8,312.4,314.2,231792,72549852.1,13-JUL-2023,6898,INE667G01023,
SAKUMA,EQ,15.1,15.2,14.5,14.55,14.65,14.95,562954,8320358.95,13-JUL-2023,1517,INE190H01024,
SALASAR,EQ,50.9,55.0,50.65,52.05,52.1,50.6,5940314,317776588.35,13-JUL-2023,15473,INE170V01027,
SALONA,EQ,279.65,283.6,262.25,266.05,265.0,274.25,6334,1713027.0,13-JUL-2023,888,INE498E01010,
SALSTEEL,EQ,15.95,16.15,15.25,15.35,15.3,15.95,264208,4143102.35,13-JUL-2023,999,INE658G01014,
SALZERELEC,EQ,343.6,346.25,331.1,334.2,337.0,341.6,103178,34898672.2,13-JUL-2023,4594,INE457F01013,
SAMBHAAV,EQ,3.0,3.05,2.9,2.9,2.95,2.95,62543,185879.0,13-JUL-2023,122,INE699B01027,
SANDESH,EQ,928.4,989.0,928.4,962.0,989.0,922.15,3938,3760832.0,13-JUL-2023,424,INE583B01015,
SANDHAR,EQ,360.6,364.85,347.4,350.65,353.0,356.7,107307,38227360.2,13-JUL-2023,6277,INE278H01035,
SANGAMIND,EQ,298.0,304.5,294.0,295.1,294.5,295.2,39001,11661666.05,13-JUL-2023,2515,INE495C01010,
SANGHIIND,EQ,80.45,81.1,77.8,78.75,78.0,77.25,4078028,326303815.35,13-JUL-2023,10489,INE999B01013,
SANGHVIMOV,EQ,581.1,589.5,555.55,565.2,563.5,575.1,177473,101006175.3,13-JUL-2023,13098,INE989A01024,
SANGINITA,EQ,19.35,19.7,18.6,18.95,19.35,19.35,28894,552089.15,13-JUL-2023,167,INE753W01010,
SANOFI,EQ,6970.0,6970.0,6850.0,6878.2,6872.55,6930.35,7890,54486874.1,13-JUL-2023,2612,INE058A01010,
SANSERA,EQ,909.95,920.4,895.1,907.25,913.55,906.2,87125,79301423.1,13-JUL-2023,11652,INE953O01021,
SAPPHIRE,EQ,1389.0,1413.6,1373.0,1385.2,1382.0,1389.05,76962,107950388.85,13-JUL-2023,5188,INE806T01012,
SARDAEN,EQ,1627.0,1644.8,1602.25,1619.9,1620.15,1627.2,45365,73529983.9,13-JUL-2023,5428,INE385C01013,
SAREGAMA,EQ,400.75,409.3,394.8,399.3,397.35,396.95,242123,97328196.6,13-JUL-2023,11896,INE979A01025,
SARLAPOLY,EQ,50.15,55.65,49.35,50.95,50.95,49.9,2219698,117097801.6,13-JUL-2023,13833,INE453D01025,
SARVESHWAR,EQ,70.0,70.0,66.0,67.4,67.6,69.85,37105,2515710.45,13-JUL-2023,655,INE324X01018,
SASKEN,EQ,952.3,976.95,945.15,948.8,954.7,947.55,26347,25504489.75,13-JUL-2023,2517,INE231F01020,
SASTASUNDR,EQ,289.65,294.05,287.0,287.75,287.0,291.2,16910,4912821.2,13-JUL-2023,1612,INE019J01013,
SATIA,EQ,112.45,113.25,111.45,111.75,111.65,112.45,244669,27449436.65,13-JUL-2023,2778,INE170E01023,
SATIN,EQ,173.6,177.9,170.1,171.35,172.0,172.55,448134,77962641.95,13-JUL-2023,4818,INE836B01017,
SATINDLTD,EQ,100.85,101.8,97.0,99.65,99.35,100.35,807398,80246426.15,13-JUL-2023,5428,INE065D01027,
SBC,BE,20.8,20.8,19.45,20.0,20.35,20.45,169925,3429132.3,13-JUL-2023,540,INE04AK01028,
SBCL,EQ,691.0,711.05,680.9,685.8,686.5,690.0,98793,68867364.7,13-JUL-2023,7910,INE386D01027,
SBGLP,EQ,214.55,216.9,212.05,216.05,216.9,213.45,20370,4343104.15,13-JUL-2023,377,INE05ST01010,
SBICARD,EQ,844.95,854.5,831.65,835.75,837.0,837.85,1335481,1130547106.35,13-JUL-2023,38620,INE018E01016,
SBIETFCON,EQ,88.01,88.01,84.16,85.11,85.21,85.44,1633,139501.17,13-JUL-2023,90,INF200KA1X17,
SBIETFIT,EQ,305.96,313.4,305.1,309.85,310.95,305.76,15312,4759960.11,13-JUL-2023,261,INF200KA1S14,
SBIETFPB,EQ,229.96,231.09,229.01,229.92,230.17,229.96,2481,572614.07,13-JUL-2023,48,INF200KA1S22,
SBIETFQLTY,EQ,166.54,167.99,163.27,166.11,165.98,166.6,1183,198285.3,13-JUL-2023,52,INF200KA1WX6,
SBILIFE,EQ,1312.0,1336.0,1305.05,1313.95,1316.9,1300.6,1579954,2087837333.8,13-JUL-2023,62849,INE123W01016,
SBIN,EQ,594.9,598.0,583.35,585.65,586.0,589.25,20024503,11850804940.95,13-JUL-2023,292405,INE062A01020,
SCAPDVR,BE,13.55,13.55,13.55,13.55,13.55,14.25,40008,542108.4,13-JUL-2023,52,INE224E01036,
SCHAEFFLER,EQ,3081.3,3148.0,3050.7,3091.6,3090.0,3055.35,87112,269657619.05,13-JUL-2023,16822,INE513A01022,
SCHAND,EQ,207.0,212.0,203.1,204.9,205.05,206.35,85725,17805754.25,13-JUL-2023,5304,INE807K01035,
SCHNEIDER,EQ,281.6,284.7,270.9,273.15,274.0,279.95,567843,157517920.1,13-JUL-2023,11380,INE839M01018,
SCI,EQ,102.0,102.0,99.5,100.1,100.2,101.6,834676,83844221.25,13-JUL-2023,6316,INE109A01011,
SCPL,BE,419.0,424.0,410.0,419.8,421.95,407.75,7066,2957518.55,13-JUL-2023,255,INE501Y01019,
SDBL,EQ,311.0,311.65,301.0,302.5,302.0,309.75,345663,105736185.3,13-JUL-2023,9993,INE480C01020,
SDL24BEES,EQ,114.6,114.6,114.4,114.41,114.41,114.36,718,82222.01,13-JUL-2023,19,INF204KB18W4,
SDL26BEES,EQ,114.0,114.14,113.96,113.96,113.96,113.99,109,12428.34,13-JUL-2023,11,INF204KC1022,
SEAMECLTD,EQ,758.0,762.0,724.55,729.25,732.1,752.75,23088,17274700.4,13-JUL-2023,2241,INE497B01018,
SECURCRED,EQ,20.7,22.45,20.7,21.15,21.2,20.55,611096,13228620.8,13-JUL-2023,1735,INE195Y01010,
SECURKLOUD,EQ,43.9,47.0,43.85,47.0,47.0,42.75,196056,9105008.4,13-JUL-2023,697,INE650K01021,
SEJALLTD,BE,240.0,240.0,227.65,230.1,236.0,235.05,5199,1210528.5,13-JUL-2023,77,INE955I01044,
SELAN,EQ,349.8,351.9,331.0,335.15,336.55,349.7,121231,41333668.85,13-JUL-2023,5761,INE818A01017,
SELMC,BE,124.25,125.0,121.8,122.5,122.0,124.25,6984,854818.45,13-JUL-2023,308,INE105I01020,
SEPC,EQ,11.45,11.5,10.95,11.1,11.1,11.05,10304040,116457899.4,13-JUL-2023,5452,INE964H01014,
SEPOWER,BE,17.6,19.0,17.6,18.0,18.25,18.15,9380,171536.75,13-JUL-2023,85,INE735M01018,
SEQUENT,EQ,89.2,91.8,88.3,88.85,88.6,88.7,2127397,191485851.85,13-JUL-2023,14016,INE807F01027,
SERVOTECH,BE,169.1,174.0,167.9,169.55,167.9,165.75,440941,76118393.2,13-JUL-2023,5172,INE782X01025,
SESHAPAPER,EQ,293.5,294.95,288.0,289.4,289.35,292.7,68662,19991091.35,13-JUL-2023,2478,INE630A01024,
SETCO,BE,7.0,7.0,6.7,6.75,6.7,6.9,109624,746905.2,13-JUL-2023,155,INE878E01021,
SETF10GILT,EQ,217.05,217.55,217.01,217.18,217.11,217.05,3147,683309.9,13-JUL-2023,18,INF200KA1JT1,
SETFGOLD,EQ,52.08,52.08,51.78,51.87,51.93,51.52,302145,15681882.21,13-JUL-2023,1270,INF200KA16D8,
SETFNIF50,EQ,202.66,203.19,201.4,201.74,202.09,201.47,290193,58824745.95,13-JUL-2023,2127,INF200KA1FS1,
SETFNIFBK,EQ,458.0,460.0,450.25,451.06,451.65,450.71,13761,6234379.28,13-JUL-2023,455,INF200KA1580,
SETFNN50,EQ,463.17,467.07,459.72,461.39,461.96,462.61,20313,9445915.3,13-JUL-2023,460,INF200KA1598,
SEYAIND,BE,29.95,30.0,27.6,28.35,28.0,29.05,13130,372986.25,13-JUL-2023,73,INE573R01012,
SFL,EQ,1170.0,1184.7,1108.5,1118.2,1114.0,1168.75,124361,142189152.1,13-JUL-2023,16956,INE916U01025,
SGIL,BE,211.45,216.9,206.5,208.35,207.8,211.45,29147,6125809.7,13-JUL-2023,211,INE00QT01015,
SGL,EQ,14.05,14.05,13.2,13.5,13.6,13.9,34647,472257.35,13-JUL-2023,245,INE353H01010,
SHAH,EQ,3.2,3.2,3.1,3.15,3.15,3.15,500976,1573720.8,13-JUL-2023,207,INE482J01021,
SHAHALLOYS,EQ,45.4,45.4,43.1,43.55,43.1,44.55,9009,398607.95,13-JUL-2023,237,INE640C01011,
SHAILY,EQ,1497.0,1497.0,1414.05,1425.75,1438.2,1450.15,3238,4651249.5,13-JUL-2023,847,INE151G01010,
SHAKTIPUMP,EQ,604.0,607.85,586.0,591.5,592.9,600.65,65194,38789008.4,13-JUL-2023,5040,INE908D01010,
SHALBY,EQ,181.3,185.3,178.4,178.85,179.5,179.85,337978,61174395.7,13-JUL-2023,7032,INE597J01018,
SHALPAINTS,EQ,155.0,155.9,151.9,152.1,152.4,154.15,59190,9130662.6,13-JUL-2023,919,INE849C01026,
SHANKARA,EQ,734.95,751.85,725.05,730.85,730.05,733.15,164350,120857690.55,13-JUL-2023,4008,INE274V01019,
SHANTI,EQ,16.7,16.95,16.15,16.5,16.5,16.65,5309,87166.0,13-JUL-2023,41,INE933X01016,
SHANTIGEAR,EQ,466.35,479.35,455.3,462.1,461.0,464.0,68096,31934728.05,13-JUL-2023,5504,INE631A01022,
SHARDACROP,EQ,544.3,554.0,533.0,539.7,540.85,542.6,188588,102452859.8,13-JUL-2023,13178,INE221J01015,
SHARDAMOTR,EQ,835.0,839.55,823.55,826.05,827.95,830.15,10736,8942787.05,13-JUL-2023,1193,INE597I01028,
SHAREINDIA,EQ,1249.9,1249.9,1201.5,1204.2,1205.6,1245.85,52344,63714618.5,13-JUL-2023,5339,INE932X01018,
SHARIABEES,EQ,426.9,426.9,420.0,421.18,421.26,418.48,2890,1222067.91,13-JUL-2023,91,INF732E01128,
SHEMAROO,BE,154.0,155.0,146.1,147.55,147.4,153.7,53447,8100668.95,13-JUL-2023,376,INE363M01019,
SHILPAMED,EQ,301.75,305.65,296.4,302.3,302.5,301.75,685090,206367389.6,13-JUL-2023,11169,INE790G01031,
SHIVALIK,EQ,799.8,799.8,758.05,762.35,768.0,784.95,14649,11364763.45,13-JUL-2023,1217,INE788J01021,
SHIVAMAUTO,EQ,27.4,27.4,26.1,26.3,26.65,27.0,54313,1451797.1,13-JUL-2023,386,INE637H01024,
SHIVAMILLS,BE,71.7,73.65,70.1,70.4,70.3,71.7,6615,467605.3,13-JUL-2023,127,INE644Y01017,
SHIVATEX,EQ,121.95,121.95,117.0,118.0,118.6,120.55,19191,2294108.25,13-JUL-2023,260,INE705C01020,
SHK,EQ,117.1,117.15,111.1,114.05,114.3,115.9,168720,19192687.7,13-JUL-2023,2271,INE500L01026,
SHOPERSTOP,EQ,825.75,829.0,811.3,820.25,820.9,825.75,36000,29519126.55,13-JUL-2023,2908,INE498B01024,
SHRADHA,BE,48.0,49.0,46.8,46.8,46.8,49.25,11092,526896.7,13-JUL-2023,129,INE715Y01023,
SHREDIGCEM,EQ,76.5,79.3,76.35,78.95,79.25,76.55,619499,48460111.3,13-JUL-2023,5857,INE232A01011,
SHREECEM,EQ,24312.0,24511.9,24015.0,24152.95,24097.45,24261.4,32096,777956931.95,13-JUL-2023,10781,INE070A01015,
SHREEPUSHK,EQ,188.75,192.9,185.4,186.85,189.45,187.3,34722,6557254.1,13-JUL-2023,1159,INE712K01011,
SHREERAMA,BE,16.6,16.75,15.55,16.05,16.25,16.35,208550,3397038.35,13-JUL-2023,419,INE879A01019,
SHRENIK,EQ,1.0,1.05,0.95,1.0,1.0,1.0,1038936,1060609.4,13-JUL-2023,555,INE632X01030,
SHREYANIND,BE,203.0,208.0,195.5,198.5,199.0,201.35,17446,3513085.65,13-JUL-2023,313,INE231C01019,
SHREYAS,EQ,360.1,368.9,353.0,360.65,364.9,362.1,109471,39418452.45,13-JUL-2023,8028,INE757B01015,
SHRIPISTON,EQ,2391.8,2391.8,2326.0,2353.35,2335.0,2277.95,25972,61621302.35,13-JUL-2023,1276,INE526E01018,
SHRIRAMFIN,EQ,1817.5,1829.2,1783.0,1789.0,1795.0,1805.5,1243663,2250224680.05,13-JUL-2023,58374,INE721A01013,
SHRIRAMPPS,EQ,64.55,66.4,64.55,65.25,65.3,64.5,1419397,92923985.85,13-JUL-2023,7900,INE217L01019,
SHYAMCENT,EQ,19.3,19.45,18.95,19.15,19.1,19.3,246879,4733443.3,13-JUL-2023,974,INE979R01011,
SHYAMMETL,EQ,352.8,356.0,343.3,348.35,350.5,352.4,157258,55108225.35,13-JUL-2023,4420,INE810G01011,
SHYAMTEL,EQ,6.35,6.85,6.35,6.85,6.85,6.3,123,797.55,13-JUL-2023,3,INE635A01023,
SIEMENS,EQ,3840.4,3840.4,3704.0,3728.35,3745.0,3828.85,437516,1651482513.4,13-JUL-2023,47481,INE003A01024,
SIGACHI,EQ,303.8,303.9,295.0,298.0,297.85,300.9,215626,64757217.1,13-JUL-2023,4707,INE0D0K01014,
SIGIND,BE,46.5,47.3,44.7,45.15,45.15,47.0,42035,1929738.0,13-JUL-2023,165,INE529F01035,
SIGMA,EQ,368.0,368.0,344.85,351.2,358.0,363.0,27937,9848855.55,13-JUL-2023,1830,INE0A0S01010,
SIKKO,BE,58.45,59.7,57.1,58.05,58.7,58.4,11136,655703.95,13-JUL-2023,255,INE112X01017,
SIL,BE,24.6,25.0,23.7,24.0,24.0,24.8,76377,1860444.8,13-JUL-2023,585,INE173A01025,
SILGO,EQ,20.9,21.15,20.3,20.55,20.5,20.85,38082,784707.05,13-JUL-2023,273,INE01II01013,
SILINV,EQ,317.25,322.6,312.0,314.5,312.0,316.5,2438,777384.9,13-JUL-2023,96,INE923A01015,
SILLYMONKS,EQ,15.75,15.85,15.0,15.0,15.0,15.1,2943,46234.5,13-JUL-2023,23,INE203Y01012,
SILVER,EQ,74.71,74.74,74.36,74.63,74.61,72.42,164626,12278623.35,13-JUL-2023,654,INF209KB19F6,
SILVERBEES,EQ,71.83,72.24,71.77,72.15,72.07,69.89,4576374,329826355.97,13-JUL-2023,7489,INF204KC1402,
SILVERETF,EQ,72.4,73.27,72.1,73.14,73.27,70.78,50641,3689819.73,13-JUL-2023,212,INF789F1AYK6,
SILVERTUC,EQ,375.5,386.9,375.5,381.6,385.0,378.45,10331,3905417.6,13-JUL-2023,439,INE625X01018,
SIMBHALS,EQ,24.1,24.5,23.65,23.8,23.85,24.25,37485,898029.45,13-JUL-2023,249,INE748T01016,
SIMPLEXINF,EQ,30.85,32.6,30.85,31.3,31.2,30.8,175435,5548512.0,13-JUL-2023,1035,INE059B01024,
SINDHUTRAD,EQ,22.65,26.25,22.25,24.55,24.9,22.45,675914,17054847.85,13-JUL-2023,3449,INE325D01025,
SINTERCOM,EQ,122.5,122.5,121.0,121.0,121.0,122.85,7602,920810.45,13-JUL-2023,46,INE129Z01016,
SIRCA,EQ,360.0,360.0,350.0,350.55,352.0,356.5,64054,22625657.85,13-JUL-2023,4077,INE792Z01011,
SIS,EQ,435.8,444.0,424.05,425.95,425.0,435.8,51033,22187984.55,13-JUL-2023,4608,INE285J01028,
SIYSIL,EQ,566.0,569.95,554.0,559.2,557.45,566.05,80406,45150197.75,13-JUL-2023,6107,INE076B01028,
SJS,EQ,591.8,596.05,578.0,582.1,582.4,586.1,204822,119977229.2,13-JUL-2023,16015,INE284S01014,
SJVN,EQ,48.2,48.45,45.2,45.65,46.0,47.95,11523923,539108033.85,13-JUL-2023,24880,INE002L01015,
SKFINDIA,EQ,5169.9,5197.0,5081.25,5145.7,5145.0,5092.95,20935,107576984.7,13-JUL-2023,6657,INE640A01023,
SKIPPER,EQ,172.0,172.55,167.1,167.85,168.0,170.6,236918,40261338.05,13-JUL-2023,4106,INE439E01022,
SKMEGGPROD,EQ,224.6,231.95,221.1,231.8,231.95,220.95,544429,125440746.05,13-JUL-2023,4223,INE411D01015,
SKYGOLD,BE,274.0,274.0,262.05,265.55,262.05,270.0,9679,2601671.5,13-JUL-2023,349,INE01IU01018,
SMARTLINK,EQ,166.85,166.85,156.65,159.5,159.3,164.2,27885,4479486.75,13-JUL-2023,1046,INE178C01020,
SMCGLOBAL,EQ,74.5,74.5,73.25,73.65,73.6,73.5,35806,2641068.4,13-JUL-2023,372,INE103C01036,
SMLISUZU,EQ,1020.0,1033.75,991.05,1000.65,998.0,1013.55,25180,25408689.4,13-JUL-2023,4138,INE294B01019,
SMSLIFE,EQ,516.0,522.0,504.1,507.15,507.0,513.5,2010,1031637.6,13-JUL-2023,274,INE320X01016,
SMSPHARMA,EQ,95.0,99.95,94.35,96.85,97.0,94.85,244988,23810332.6,13-JUL-2023,1937,INE812G01025,
SNOWMAN,EQ,45.65,46.9,45.0,45.55,45.6,45.25,1537686,70893132.8,13-JUL-2023,5705,INE734N01019,
SOBHA,EQ,560.8,574.4,560.8,565.9,567.0,559.05,623516,355190068.65,13-JUL-2023,20009,INE671H01015,
SOFTTECH,EQ,148.45,152.0,146.1,148.15,148.5,145.5,7061,1046190.3,13-JUL-2023,250,INE728Z01015,
SOLARA,EQ,379.95,381.75,372.7,374.55,376.0,379.2,50052,18895106.1,13-JUL-2023,3916,INE624Z01016,
SOLARINDS,EQ,3625.0,3705.0,3625.0,3665.4,3675.0,3603.0,42760,157118646.65,13-JUL-2023,9781,INE343H01029,
SOMANYCERA,EQ,770.15,771.0,712.0,715.35,719.0,783.55,293771,215488174.35,13-JUL-2023,21909,INE355A01028,
SOMATEX,BE,27.0,27.45,26.15,27.1,27.0,26.45,27658,749500.1,13-JUL-2023,155,INE314C01013,
SONACOMS,EQ,545.7,550.8,533.0,542.4,543.65,542.85,1612941,877158612.3,13-JUL-2023,51605,INE073K01018,
SONAMCLOCK,EQ,51.2,53.0,50.25,51.4,51.45,51.2,6547,339326.65,13-JUL-2023,255,INE00LM01011,
SONATSOFTW,EQ,997.8,1004.4,984.8,990.25,990.0,990.6,161181,160001976.65,13-JUL-2023,9306,INE269A01021,
SOTL,EQ,293.8,299.8,291.35,293.6,293.25,291.9,67427,19893077.25,13-JUL-2023,3482,INE035D01020,
SOUTHBANK,EQ,23.05,23.7,21.85,22.35,22.5,22.9,97631485,2235301562.85,13-JUL-2023,43379,INE683A01023,
SOUTHWEST,BE,144.0,152.0,138.05,139.85,138.2,145.0,19384,2805482.65,13-JUL-2023,164,INE980Y01015,
SPAL,EQ,465.85,475.0,457.85,465.05,462.0,452.6,52458,24335838.95,13-JUL-2023,5062,INE212I01016,
SPANDANA,EQ,763.8,765.0,715.25,718.85,720.0,759.3,147836,108500638.85,13-JUL-2023,12500,INE572J01011,
SPARC,EQ,230.55,232.55,220.05,221.0,222.75,229.85,692543,155790440.7,13-JUL-2023,11652,INE232I01014,
SPCENET,EQ,17.35,17.7,17.35,17.7,17.7,16.9,3592637,63550916.95,13-JUL-2023,1138,INE970N01027,
SPECIALITY,EQ,227.0,227.4,219.95,222.35,222.5,225.05,82185,18372553.05,13-JUL-2023,2134,INE247M01014,
SPENCERS,EQ,61.7,62.15,60.55,60.8,61.25,61.7,142487,8739854.25,13-JUL-2023,1450,INE020801028,
SPIC,EQ,68.9,70.3,67.6,68.35,68.35,68.4,1265496,87466064.5,13-JUL-2023,5717,INE147A01011,
SPLIL,EQ,65.65,67.95,64.5,64.8,65.0,66.6,49996,3318227.7,13-JUL-2023,632,INE978G01016,
SPLPETRO,EQ,428.45,437.95,428.0,436.1,437.05,428.45,195542,84902416.55,13-JUL-2023,10806,INE663A01033,
SPORTKING,EQ,844.85,860.0,827.05,838.9,837.5,840.35,12792,10815701.8,13-JUL-2023,1962,INE885H01011,
SREEL,EQ,206.0,207.95,201.0,201.6,202.75,205.1,13804,2814551.0,13-JUL-2023,962,INE099F01013,
SREINFRA,BE,2.05,2.1,1.95,2.05,2.0,2.0,208311,420563.2,13-JUL-2023,164,INE872A01014,
SRF,EQ,2230.8,2230.8,2160.0,2173.45,2173.9,2210.2,1174350,2574258931.0,13-JUL-2023,66905,INE647A01010,
SRHHYPOLTD,EQ,780.0,795.85,745.0,754.9,753.0,769.75,85598,65867123.1,13-JUL-2023,8079,INE917H01012,
SRPL,BE,2.9,2.9,2.9,2.9,2.9,3.05,350899,1017607.1,13-JUL-2023,263,INE008Z01020,
SSWL,EQ,199.4,204.8,190.75,192.8,193.5,197.6,1063902,210859666.9,13-JUL-2023,13192,INE802C01033,
STAR,EQ,446.8,446.85,433.0,433.85,433.25,442.9,302597,132352650.85,13-JUL-2023,12125,INE939A01011,
STARCEMENT,EQ,146.25,146.75,141.2,143.2,144.0,144.45,352269,50711842.75,13-JUL-2023,5716,INE460H01021,
STARHEALTH,EQ,636.8,641.7,630.0,637.1,635.0,631.2,1216660,774069662.5,13-JUL-2023,24393,INE575P01011,
STARPAPER,EQ,171.05,173.2,169.0,169.85,169.0,171.05,40246,6882008.95,13-JUL-2023,800,INE733A01018,
STARTECK,EQ,153.75,156.9,148.2,152.1,150.0,153.75,7767,1202336.25,13-JUL-2023,132,INE992I01013,
STCINDIA,EQ,79.45,81.7,77.35,78.75,78.95,79.1,85737,6819508.05,13-JUL-2023,1165,INE655A01013,
STEELCAS,EQ,486.55,489.45,481.3,484.65,488.0,479.35,8672,4210791.1,13-JUL-2023,855,INE124E01020,
STEELCITY,EQ,63.65,63.7,62.05,62.25,62.05,63.15,8459,530363.85,13-JUL-2023,155,INE395H01011,
STEELXIND,EQ,14.65,14.75,14.3,14.45,14.45,14.6,1779580,25898589.1,13-JUL-2023,1635,INE503B01021,
STEL,EQ,159.0,168.35,157.05,157.65,157.25,159.0,33897,5528748.35,13-JUL-2023,1045,INE577L01016,
STERTOOLS,EQ,360.0,368.0,358.0,363.2,363.8,361.8,54477,19761983.3,13-JUL-2023,3530,INE334A01023,
STLTECH,EQ,150.35,150.35,147.1,147.75,148.2,150.05,601499,89567211.7,13-JUL-2023,6987,INE089C01029,
STOVEKRAFT,EQ,456.4,458.7,442.0,446.2,444.0,453.5,207341,93531038.6,13-JUL-2023,9972,INE00IN01015,
STYLAMIND,EQ,1576.95,1576.95,1480.0,1498.7,1496.0,1518.05,35716,54379723.45,13-JUL-2023,6353,INE239C01020,
STYRENIX,EQ,1184.95,1206.95,1163.2,1167.0,1182.0,1179.55,32447,38610624.35,13-JUL-2023,5110,INE189B01011,
SUBEXLTD,EQ,28.5,29.0,28.05,28.25,28.1,28.35,2374735,67743393.85,13-JUL-2023,4316,INE754A01055,
SUBROS,EQ,451.95,455.0,445.0,447.25,448.0,444.05,122242,54865829.6,13-JUL-2023,9452,INE287B01021,
SUDARSCHEM,EQ,489.3,497.55,475.0,485.95,483.0,485.65,175014,85246421.9,13-JUL-2023,7365,INE659A01023,
SUKHJITS,EQ,422.1,429.0,416.2,420.15,421.95,420.25,7327,3084219.1,13-JUL-2023,542,INE450E01011,
SULA,EQ,493.95,497.5,474.0,480.5,482.5,491.9,511717,248186490.5,13-JUL-2023,15004,INE142Q01026,
SUMEETINDS,BE,2.7,2.7,2.7,2.7,2.7,2.6,50523,136412.1,13-JUL-2023,67,INE235C01010,
SUMICHEM,EQ,417.9,425.5,414.05,417.6,419.0,415.45,270910,113823331.5,13-JUL-2023,10654,INE258G01013,
SUMIT,BE,31.05,32.85,31.0,31.0,31.0,32.2,30205,945993.1,13-JUL-2023,102,INE748Z01013,
SUMMITSEC,EQ,806.0,818.0,795.5,800.75,800.05,801.2,12271,9886992.55,13-JUL-2023,885,INE519C01017,
SUNCLAYLTD,EQ,4860.0,4901.0,4845.0,4888.95,4892.3,4835.5,8174,39889696.35,13-JUL-2023,1390,INE105A01035,
SUNDARAM,EQ,2.25,2.25,2.2,2.2,2.2,2.2,374836,828375.3,13-JUL-2023,221,INE108E01023,
SUNDARMFIN,EQ,2625.1,2646.2,2550.05,2565.35,2551.5,2625.1,24011,62420737.35,13-JUL-2023,5097,INE660A01013,
SUNDARMHLD,EQ,101.0,103.8,98.0,98.4,98.65,100.4,237261,23995384.8,13-JUL-2023,2581,INE202Z01029,
SUNDRMBRAK,EQ,413.75,427.55,401.45,405.45,401.45,413.35,11041,4585196.65,13-JUL-2023,599,INE073D01013,
SUNDRMFAST,EQ,1234.4,1262.0,1216.05,1227.05,1233.0,1232.05,54374,67262923.2,13-JUL-2023,5816,INE387A01021,
SUNFLAG,EQ,215.0,218.5,193.3,201.55,202.9,215.75,2962175,620682532.7,13-JUL-2023,27348,INE947A01014,
SUNPHARMA,EQ,1081.9,1081.9,1071.7,1075.65,1075.0,1078.75,1541690,1658900421.2,13-JUL-2023,70714,INE044A01036,
SUNTECK,EQ,332.85,358.0,330.7,334.55,334.9,330.2,4307926,1498550012.7,13-JUL-2023,69240,INE805D01034,
SUNTV,EQ,488.9,498.4,480.1,481.65,484.0,488.9,1754858,861538697.1,13-JUL-2023,49010,INE424H01027,
SUPERHOUSE,EQ,210.4,213.4,208.1,208.6,208.5,210.4,11934,2515932.1,13-JUL-2023,686,INE712B01010,
SUPERSPIN,EQ,7.05,7.05,6.5,6.65,6.7,6.85,66546,449435.0,13-JUL-2023,253,INE662A01027,
SUPRAJIT,EQ,434.0,436.25,421.1,423.55,429.9,432.35,129026,55489348.3,13-JUL-2023,9024,INE399C01030,
SUPREMEIND,EQ,3225.0,3414.0,3225.0,3375.9,3370.6,3237.4,217440,733972792.2,13-JUL-2023,34353,INE195A01028,
SUPREMEINF,BE,23.9,24.15,23.0,23.05,23.0,23.0,11213,263882.55,13-JUL-2023,52,INE550H01011,
SUPRIYA,EQ,243.85,244.35,236.55,238.4,238.45,242.25,119009,28539254.55,13-JUL-2023,4814,INE07RO01027,
SURANASOL,EQ,20.95,22.5,20.5,21.4,21.55,20.5,253649,5517069.9,13-JUL-2023,2035,INE272L01022,
SURANAT&P,EQ,9.3,9.3,8.85,9.0,9.0,9.15,55218,498916.3,13-JUL-2023,277,INE130B01031,
SURYALAXMI,EQ,58.95,59.45,58.25,58.8,58.9,58.95,7184,423472.6,13-JUL-2023,92,INE713B01026,
SURYAROSNI,EQ,801.55,806.0,783.0,787.5,791.0,800.6,193208,152896343.55,13-JUL-2023,10854,INE335A01012,
SURYODAY,EQ,179.25,181.95,171.05,172.6,173.9,177.9,706586,124753948.25,13-JUL-2023,9681,INE428Q01011,
SUTLEJTEX,EQ,48.5,48.85,47.65,47.75,47.75,48.1,99018,4782161.8,13-JUL-2023,699,INE645H01027,
SUULD,BE,9.25,9.5,9.0,9.1,9.0,9.25,90009,819991.7,13-JUL-2023,403,INE591Q01016,
SUVEN,EQ,62.7,63.5,59.6,60.95,61.0,62.7,372279,22868552.1,13-JUL-2023,2691,INE495B01038,
SUVENPHAR,EQ,487.5,487.9,485.0,485.65,485.6,486.75,565037,274304202.25,13-JUL-2023,4420,INE03QK01018,
SUVIDHAA,EQ,3.95,3.95,3.9,3.9,3.95,3.9,33829,132670.65,13-JUL-2023,151,INE018401013,
SUZLON,EQ,18.15,18.35,17.45,17.55,17.6,18.0,149133001,2662511188.4,13-JUL-2023,87179,INE040H01021,
SVLL,EQ,182.95,182.95,178.65,180.95,180.95,181.25,223,40371.55,13-JUL-2023,21,INE00CE01017,
SVPGLOB,BE,10.7,10.7,10.15,10.25,10.45,10.5,102458,1058873.05,13-JUL-2023,213,INE308E01029,
SWANENERGY,EQ,231.25,231.4,225.5,227.45,227.0,230.0,481591,109935113.95,13-JUL-2023,9010,INE665A01038,
SWARAJENG,EQ,2095.0,2095.0,2040.75,2057.95,2063.5,2076.05,11087,22930413.6,13-JUL-2023,2847,INE277A01016,
SWELECTES,EQ,463.0,483.5,452.95,458.75,459.0,459.75,95004,44362042.55,13-JUL-2023,2712,INE409B01013,
SWSOLAR,EQ,289.0,294.25,286.2,291.85,291.0,286.55,1797164,522767437.25,13-JUL-2023,21435,INE00M201021,
SYMPHONY,EQ,882.1,886.0,875.05,878.25,878.0,881.5,333155,293980029.65,13-JUL-2023,3245,INE225D01027,
SYNCOMF,EQ,7.25,7.4,7.1,7.1,7.2,7.3,1075191,7773548.35,13-JUL-2023,2626,INE312C01025,
SYNGENE,EQ,787.0,787.0,765.15,767.4,770.0,780.45,583847,452708444.3,13-JUL-2023,23156,INE398R01022,
SYRMA,EQ,487.0,511.85,477.0,482.75,480.7,483.8,2109644,1041991950.2,13-JUL-2023,43156,INE0DYJ01015,
TAINWALCHM,EQ,122.2,124.4,121.5,122.0,122.0,122.6,7182,881712.95,13-JUL-2023,257,INE123C01018,
TAJGVK,EQ,263.95,269.9,255.8,260.0,265.0,263.45,284237,75003963.9,13-JUL-2023,9686,INE586B01026,
TAKE,EQ,16.85,16.9,16.45,16.55,16.6,16.8,144290,2406683.2,13-JUL-2023,723,INE142I01023,
TALBROAUTO,EQ,808.8,822.55,781.9,804.25,799.9,803.25,145927,117772337.35,13-JUL-2023,11465,INE187D01011,
TANLA,EQ,1035.0,1142.25,1028.05,1074.1,1090.0,1026.95,7835232,8633825120.55,13-JUL-2023,192647,INE483C01032,
TARAPUR,BE,4.3,4.55,4.3,4.5,4.5,4.35,17178,76072.55,13-JUL-2023,57,INE747K01017,
TARC,EQ,64.1,66.15,63.55,64.3,64.35,63.7,1100687,71426754.6,13-JUL-2023,4218,INE0EK901012,
TARMAT,EQ,66.45,67.65,62.1,62.5,62.45,66.75,157801,10058068.3,13-JUL-2023,1179,INE924H01018,
TARSONS,EQ,642.0,646.4,606.25,610.65,615.0,636.85,127321,79538983.2,13-JUL-2023,10161,INE144Z01023,
TASTYBITE,EQ,13567.1,13750.0,13525.0,13602.75,13600.0,13632.3,1569,21363183.4,13-JUL-2023,468,INE488B01017,
TATACHEM,EQ,987.4,990.5,971.4,977.0,978.0,983.45,908833,892752478.8,13-JUL-2023,30320,INE092A01019,
TATACOFFEE,EQ,245.35,246.05,240.0,240.75,241.55,244.25,403229,98291867.95,13-JUL-2023,4922,INE493A01027,
TATACOMM,EQ,1612.0,1617.6,1564.05,1584.4,1594.0,1609.15,1228718,1959709680.6,13-JUL-2023,42567,INE151A01013,
TATACONSUM,EQ,847.0,849.0,835.2,837.35,837.0,843.25,985928,830796132.1,13-JUL-2023,33034,INE192A01025,
TATAELXSI,EQ,7431.25,7593.7,7431.0,7568.05,7550.0,7431.25,192087,1447742407.2,13-JUL-2023,29016,INE670A01012,
TATAINVEST,EQ,2369.9,2378.95,2319.05,2326.75,2334.95,2349.8,31518,73998773.95,13-JUL-2023,5742,INE672A01018,
TATAMETALI,EQ,823.05,834.45,817.0,824.35,824.4,820.95,110099,91155369.95,13-JUL-2023,6461,INE056C01010,
TATAMOTORS,EQ,625.0,626.5,615.5,620.65,623.35,621.45,9689708,6027422532.8,13-JUL-2023,175194,INE155A01022,
TATAMTRDVR,EQ,337.0,342.7,332.6,336.25,338.2,336.6,2941226,998492587.7,13-JUL-2023,39522,IN9155A01020,
TATAPOWER,EQ,227.0,227.2,220.9,221.85,222.2,226.3,9389403,2102717939.3,13-JUL-2023,83679,INE245A01021,
TATASTEEL,EQ,116.0,116.95,114.5,114.85,114.95,114.7,44847814,5190013535.6,13-JUL-2023,161649,INE081A01020,
TATASTLLP,EQ,701.45,711.3,696.0,702.65,703.9,697.95,46774,32917275.9,13-JUL-2023,2890,INE674A01014,
TATVA,EQ,1756.75,1775.0,1690.05,1697.25,1698.95,1756.75,38949,66568773.05,13-JUL-2023,6414,INE0GK401011,
TBZ,EQ,86.75,87.5,84.0,84.65,85.0,86.75,249709,21430252.85,13-JUL-2023,2678,INE760L01018,
TCI,EQ,731.0,737.95,730.15,735.3,735.0,730.85,27834,20426723.4,13-JUL-2023,2616,INE688A01022,
TCIEXP,EQ,1515.05,1541.0,1515.05,1521.15,1520.0,1521.7,12605,19280763.35,13-JUL-2023,2628,INE586V01016,
TCNSBRANDS,EQ,417.15,419.35,413.95,415.7,415.35,416.35,71518,29747639.45,13-JUL-2023,2868,INE778U01029,
TCPLPACK,EQ,1570.0,1645.0,1550.05,1582.65,1596.0,1540.85,84617,136395610.1,13-JUL-2023,10801,INE822C01015,
TCS,EQ,3284.0,3367.45,3272.75,3340.55,3344.5,3259.9,4585146,15309671101.45,13-JUL-2023,245158,INE467B01029,
TDPOWERSYS,EQ,254.65,255.8,247.4,249.3,250.0,252.3,767977,192002912.75,13-JUL-2023,15052,INE419M01027,
TEAMLEASE,EQ,2419.9,2429.0,2367.05,2393.6,2400.0,2407.2,10781,25977537.7,13-JUL-2023,3490,INE985S01024,
TECH,EQ,30.99,30.99,29.89,30.51,30.16,29.88,16627,506435.71,13-JUL-2023,233,INF209KB11D8,
TECHIN,EQ,10.0,10.0,9.6,9.6,9.75,9.75,3641,35329.1,13-JUL-2023,65,INE778A01021,
TECHM,EQ,1159.4,1191.9,1153.5,1175.25,1181.45,1159.4,3215610,3792358126.15,13-JUL-2023,109486,INE669C01036,
TECHNOE,EQ,425.65,435.0,411.35,420.15,422.0,415.35,243519,103698194.4,13-JUL-2023,12176,INE285K01026,
TECILCHEM,BE,19.5,20.4,18.6,19.05,19.0,19.45,1710,32748.5,13-JUL-2023,24,INE014B01011,
TEGA,EQ,1032.4,1045.0,1021.0,1027.55,1021.0,1032.4,32928,34015415.2,13-JUL-2023,5457,INE011K01018,
TEJASNET,EQ,742.0,864.15,739.0,820.15,821.85,737.3,10946162,9010380053.05,13-JUL-2023,214541,INE010J01012,
TEMBO,BE,236.0,236.0,227.3,231.65,233.0,236.3,11969,2765902.05,13-JUL-2023,171,INE869Y01010,
TERASOFT,BE,48.4,48.4,45.6,46.5,46.2,46.85,9214,429168.05,13-JUL-2023,110,INE482B01010,
TEXINFRA,EQ,63.55,64.35,60.2,60.85,60.85,63.15,115982,7195522.7,13-JUL-2023,1339,INE435C01024,
TEXMOPIPES,EQ,56.5,58.3,56.1,56.3,56.7,56.5,60361,3437134.85,13-JUL-2023,1194,INE141K01013,
TEXRAIL,EQ,81.15,83.7,79.15,79.65,79.75,80.5,4089586,333926192.55,13-JUL-2023,17134,INE621L01012,
TFCILTD,EQ,81.4,81.5,76.55,77.7,77.7,80.3,924081,72807654.5,13-JUL-2023,5387,INE305A01015,
TFL,EQ,10.55,10.55,10.0,10.15,10.0,10.5,22344,229455.95,13-JUL-2023,188,INE804H01012,
TGBHOTELS,BE,9.6,9.85,9.6,9.7,9.6,9.6,24020,233027.7,13-JUL-2023,80,INE797H01018,
THANGAMAYL,EQ,1685.0,1698.95,1625.1,1639.05,1650.0,1673.3,24822,41432588.8,13-JUL-2023,3985,INE085J01014,
THEINVEST,BE,79.65,81.6,79.65,80.95,80.95,81.2,2108,168367.15,13-JUL-2023,21,INE924D01017,
THEMISMED,EQ,1461.4,1585.0,1428.05,1543.7,1512.75,1457.4,24546,37272477.2,13-JUL-2023,3389,INE083B01016,
THERMAX,EQ,2316.3,2339.5,2309.1,2335.15,2334.0,2309.1,31298,72772989.5,13-JUL-2023,4118,INE152A01029,
THOMASCOOK,EQ,76.7,81.4,76.5,78.7,78.7,76.6,1628808,129846586.35,13-JUL-2023,8608,INE332A01027,
THOMASCOTT,BE,66.0,67.2,65.9,65.9,65.9,65.75,2656,176136.2,13-JUL-2023,34,INE480M01011,
THYROCARE,EQ,530.0,534.9,519.05,520.05,519.5,528.3,60306,31736859.3,13-JUL-2023,5160,INE594H01019,
TI,EQ,153.2,155.9,151.3,152.8,153.5,151.2,464626,71403534.65,13-JUL-2023,5717,INE133E01013,
TIDEWATER,EQ,1077.0,1083.7,1039.0,1047.6,1055.0,1069.85,39308,41612251.9,13-JUL-2023,5214,INE484C01030,
TIIL,EQ,1625.95,1649.85,1601.05,1623.75,1634.55,1617.85,23928,39022842.05,13-JUL-2023,5095,INE545H01011,
TIINDIA,EQ,3314.95,3385.9,3208.0,3228.9,3221.35,3282.5,165027,542281248.05,13-JUL-2023,20644,INE974X01010,
TIJARIA,BE,6.15,6.25,5.8,6.15,6.15,6.0,3865,23331.25,13-JUL-2023,21,INE440L01017,
TIMESGTY,EQ,57.0,58.65,54.2,55.1,55.3,57.85,7778,435021.5,13-JUL-2023,244,INE289C01025,
TIMETECHNO,EQ,134.5,136.3,132.1,132.9,132.55,133.8,2982483,400696148.35,13-JUL-2023,15679,INE508G01029,
TIMKEN,EQ,3469.5,3487.4,3417.4,3469.85,3467.0,3448.8,77474,267799186.8,13-JUL-2023,8334,INE325A01013,
TINPLATE,EQ,344.15,349.0,342.0,343.3,343.0,342.45,178335,61652233.6,13-JUL-2023,6195,INE422C01014,
TIPSFILMS,EQ,499.85,507.95,476.2,479.3,477.0,496.95,6686,3282640.2,13-JUL-2023,764,INE0LQS01015,
TIPSINDLTD,EQ,271.2,274.95,264.95,266.25,266.8,271.75,126355,34042038.8,13-JUL-2023,9011,INE716B01029,
TIRUMALCHM,EQ,192.35,194.5,187.55,189.9,190.6,192.05,406782,77838575.25,13-JUL-2023,5521,INE338A01024,
TIRUPATIFL,BE,7.3,7.3,7.1,7.2,7.25,7.15,349967,2520987.9,13-JUL-2023,725,INE319Y01024,
TITAGARH,EQ,524.2,543.0,516.15,530.3,531.95,521.95,937715,496110492.4,13-JUL-2023,31842,INE615H01020,
TITAN,EQ,3113.95,3114.6,3079.3,3084.75,3090.0,3096.5,932018,2886204735.75,13-JUL-2023,73745,INE280A01028,
TMB,EQ,435.0,435.0,418.55,425.8,425.05,432.35,137980,59175185.25,13-JUL-2023,8177,INE668A01016,
TNIDETF,EQ,60.26,61.42,60.26,60.98,61.3,60.34,45639,2791857.67,13-JUL-2023,391,INF277KA1364,
TNPETRO,EQ,82.9,83.8,79.95,80.25,80.2,82.25,222475,18234500.65,13-JUL-2023,2984,INE148A01019,
TNPL,EQ,212.8,212.8,207.3,207.75,208.15,211.0,244581,51102046.8,13-JUL-2023,3793,INE107A01015,
TNTELE,BE,6.2,6.25,5.9,6.0,5.95,6.0,20564,124256.8,13-JUL-2023,67,INE141D01018,
TOKYOPLAST,EQ,94.0,94.4,92.8,93.45,93.5,93.25,4542,424568.3,13-JUL-2023,101,INE932C01012,
TORNTPHARM,EQ,1938.0,1942.7,1919.1,1930.35,1934.6,1930.0,83865,162281397.9,13-JUL-2023,10475,INE685A01028,
TORNTPOWER,EQ,626.9,628.95,607.75,612.1,614.5,625.85,339317,209219761.35,13-JUL-2023,18499,INE813H01021,
TOTAL,BE,150.35,150.35,141.25,141.5,144.4,143.85,18901,2726036.85,13-JUL-2023,165,INE336X01012,
TOUCHWOOD,BE,158.5,158.5,153.0,153.5,153.5,158.5,347,54296.5,13-JUL-2023,13,INE486Y01013,
TPLPLASTEH,BE,45.0,45.5,43.0,43.75,43.8,43.65,109850,4911500.6,13-JUL-2023,275,INE413G01022,
TRACXN,EQ,93.6,95.1,89.6,90.15,90.2,92.9,898728,83394673.2,13-JUL-2023,5997,INE0HMF01019,
TREEHOUSE,EQ,16.8,17.3,16.25,16.95,17.25,16.75,22016,368156.0,13-JUL-2023,204,INE040M01013,
TREJHARA,BE,69.0,70.7,66.5,67.0,68.45,68.3,57927,3980289.75,13-JUL-2023,205,INE00CA01015,
TRENT,EQ,1690.95,1708.0,1658.8,1666.0,1667.7,1687.95,270100,452995962.55,13-JUL-2023,24535,INE849A01020,
TRF,EQ,179.1,187.8,177.5,180.1,179.5,176.1,387772,70369874.0,13-JUL-2023,5408,INE391D01019,
TRIDENT,EQ,33.35,33.4,32.6,32.7,32.7,33.25,5378628,177421255.4,13-JUL-2023,22583,INE064C01022,
TRIGYN,EQ,108.7,129.5,107.7,129.5,129.5,107.95,5506365,685314462.25,13-JUL-2023,37414,INE948A01012,
TRIL,EQ,101.2,111.65,101.05,109.3,110.6,101.0,5232143,565829147.75,13-JUL-2023,34166,INE763I01026,
TRITURBINE,EQ,397.9,405.25,396.0,402.25,403.2,394.45,876043,351866181.3,13-JUL-2023,43614,INE152M01016,
TRIVENI,EQ,278.0,286.6,277.1,278.65,278.8,276.6,1258626,354445906.95,13-JUL-2023,20896,INE256C01024,
TRU,EQ,46.4,52.45,46.0,51.8,51.6,45.85,5005689,247633125.55,13-JUL-2023,8707,INE615R01029,
TTKHLTCARE,EQ,1325.0,1347.3,1304.0,1309.1,1308.85,1322.5,34766,45808527.55,13-JUL-2023,4572,INE910C01018,
TTKPRESTIG,EQ,756.6,769.9,750.1,761.05,761.0,752.6,1063836,809961309.6,13-JUL-2023,8145,INE690A01028,
TTL,EQ,75.75,75.75,72.6,73.1,73.0,74.5,13293,979332.4,13-JUL-2023,404,INE592B01016,
TTML,EQ,74.45,76.55,72.3,73.0,73.0,74.1,4272718,319095509.15,13-JUL-2023,18688,INE517B01013,
TV18BRDCST,EQ,39.95,39.95,38.05,38.25,38.25,39.7,6274243,243752879.15,13-JUL-2023,11054,INE886H01027,
TVSELECT,EQ,411.4,419.4,395.4,399.85,401.0,408.95,175179,71230758.95,13-JUL-2023,9213,INE236G01019,
TVSMOTOR,EQ,1339.0,1348.0,1325.35,1329.75,1334.0,1338.65,841814,1125511880.3,13-JUL-2023,27275,INE494B01023,
TVSSRICHAK,EQ,3129.95,3129.95,3000.0,3030.2,3034.9,3112.9,10124,31044304.5,13-JUL-2023,1613,INE421C01016,
TVTODAY,EQ,200.0,200.45,196.4,196.9,197.0,198.85,71052,14097841.3,13-JUL-2023,2166,INE038F01029,
TVVISION,EQ,2.65,2.65,2.65,2.65,2.65,2.7,700,1855.0,13-JUL-2023,2,INE871L01013,
UBL,EQ,1489.0,1508.5,1486.7,1501.25,1500.05,1485.7,175494,262911103.7,13-JUL-2023,12578,INE686F01025,
UCALFUEL,EQ,127.35,132.55,126.55,127.85,128.5,127.45,48751,6331528.65,13-JUL-2023,1221,INE139B01016,
UCOBANK,EQ,29.05,29.6,27.75,27.9,27.9,28.85,14402595,411135166.85,13-JUL-2023,31785,INE691A01018,
UDAICEMENT,EQ,25.75,26.6,25.15,25.45,25.55,25.75,764914,19843420.25,13-JUL-2023,2533,INE225C01029,
UFLEX,EQ,429.5,436.1,425.75,428.35,430.0,426.85,75741,32685983.5,13-JUL-2023,3924,INE516A01017,
UFO,EQ,79.1,84.5,79.1,82.15,83.0,79.0,578438,47644461.15,13-JUL-2023,4487,INE527H01019,
UGARSUGAR,EQ,125.75,125.9,123.65,124.5,124.4,125.0,379119,47280584.95,13-JUL-2023,4238,INE071E01023,
UGROCAP,EQ,224.75,232.85,222.0,223.9,224.8,223.25,225599,51195221.1,13-JUL-2023,4858,INE583D01011,
UJAAS,BE,2.2,2.2,2.1,2.15,2.1,2.15,224003,483504.85,13-JUL-2023,239,INE899L01022,
UJJIVAN,EQ,417.15,429.0,407.55,411.75,413.9,417.15,748957,314557791.8,13-JUL-2023,18614,INE334L01012,
UJJIVANSFB,EQ,42.7,43.3,41.35,41.55,41.85,42.6,11783284,498000517.75,13-JUL-2023,27446,INE551W01018,
ULTRACEMCO,EQ,8268.0,8350.0,8206.5,8234.0,8275.0,8220.5,272841,2259607350.85,13-JUL-2023,37508,INE481G01011,
UMAEXPORTS,BE,53.65,54.2,52.6,52.8,52.85,53.65,32234,1714985.05,13-JUL-2023,528,INE0GIU01018,
UMANGDAIRY,EQ,60.0,60.55,59.75,60.0,59.75,59.9,7983,480180.95,13-JUL-2023,117,INE864B01027,
UMESLTD,EQ,3.4,3.5,3.25,3.45,3.45,3.3,30940,104874.05,13-JUL-2023,162,INE240C01028,
UNICHEMLAB,EQ,381.5,382.1,376.25,379.1,379.55,381.65,86028,32623654.0,13-JUL-2023,2223,INE351A01035,
UNIDT,EQ,225.0,227.4,218.55,220.9,220.0,223.5,180916,40572629.1,13-JUL-2023,10360,INE961D01019,
UNIENTER,EQ,168.0,168.0,160.3,163.6,164.6,165.75,12784,2096196.2,13-JUL-2023,359,INE037A01022,
UNIINFO,EQ,22.8,23.45,22.3,22.9,23.0,22.8,4843,110015.7,13-JUL-2023,44,INE481Z01011,
UNIONBANK,EQ,82.75,83.05,80.0,80.85,81.1,82.3,12726536,1040001915.05,13-JUL-2023,28544,INE692A01016,
UNIPARTS,EQ,640.0,653.45,627.15,628.85,630.0,635.1,389567,249320163.0,13-JUL-2023,21874,INE244O01017,
UNITEDPOLY,BE,92.8,97.0,90.05,93.0,93.0,92.85,1442,136729.2,13-JUL-2023,31,INE368U01011,
UNITEDTEA,EQ,288.95,288.95,284.05,284.9,284.05,283.85,4462,1276052.3,13-JUL-2023,140,INE458F01011,
UNIVASTU,EQ,103.1,104.2,101.0,101.4,102.7,101.4,23343,2391493.45,13-JUL-2023,518,INE562X01013,
UNIVCABLES,EQ,390.1,394.9,379.5,383.9,385.0,390.4,33077,12748579.95,13-JUL-2023,1525,INE279A01012,
UNIVPHOTO,EQ,420.0,420.0,406.55,408.75,410.0,414.25,715,293393.6,13-JUL-2023,73,INE03V001013,
UNOMINDA,EQ,593.95,596.9,578.95,588.0,585.05,590.25,284770,168228502.85,13-JUL-2023,16913,INE405E01023,
UPL,EQ,642.5,649.5,630.0,631.0,632.7,643.85,4725978,3014410237.5,13-JUL-2023,121441,INE628A01036,
URAVI,EQ,287.6,287.6,279.0,280.9,284.0,279.95,55899,15906621.85,13-JUL-2023,400,INE568Z01015,
URJA,EQ,9.9,10.0,9.8,9.85,9.8,9.9,2043148,20214748.15,13-JUL-2023,5048,INE550C01020,
USHAMART,EQ,299.45,305.7,296.7,300.55,301.95,300.05,1448042,436634505.05,13-JUL-2023,12435,INE228A01035,
USK,EQ,29.9,29.95,29.0,29.1,29.2,29.8,209132,6141164.55,13-JUL-2023,1648,INE0N0Y01013,
UTIAMC,EQ,809.9,825.3,807.55,814.4,817.0,805.65,230146,188185630.4,13-JUL-2023,12834,INE094J01016,
UTIBANKETF,EQ,45.9,45.9,45.38,45.48,45.55,45.43,1915647,87174425.72,13-JUL-2023,1241,INF789F1AUV1,
UTINEXT50,EQ,47.24,47.33,46.2,46.53,47.3,46.71,37946,1765824.54,13-JUL-2023,463,INF789F1AUW9,
UTINIFTETF,EQ,2090.65,2096.67,2075.0,2082.77,2084.99,2074.44,5885,12318509.81,13-JUL-2023,103,INF789FB1X41,
UTISENSETF,EQ,701.99,705.5,698.0,700.29,698.0,697.1,1021,718638.09,13-JUL-2023,67,INF789FB1X58,
UTISXN50,EQ,55.44,57.6,55.44,56.43,56.18,56.86,1456,82168.13,13-JUL-2023,68,INF789F1AUU3,
UTTAMSUGAR,EQ,332.2,335.7,322.2,323.5,325.0,329.25,124798,41089415.35,13-JUL-2023,4199,INE786F01031,
V2RETAIL,BE,137.45,137.45,130.6,130.6,130.6,137.45,26981,3570115.9,13-JUL-2023,304,INE945H01013,
VADILALIND,EQ,2959.95,3089.75,2881.5,2903.5,2910.0,2953.45,83184,246297556.6,13-JUL-2023,9400,INE694D01016,
VAIBHAVGBL,EQ,302.2,305.0,301.1,303.3,302.95,301.4,75683,22949376.15,13-JUL-2023,3744,INE884A01027,
VAISHALI,EQ,121.85,121.85,118.75,119.4,119.5,119.55,62566,7499228.45,13-JUL-2023,793,INE972X01014,
VAKRANGEE,EQ,16.75,16.8,16.15,16.25,16.25,16.65,1989086,32663744.7,13-JUL-2023,4271,INE051B01021,
VALIANTORG,EQ,505.8,514.95,487.1,493.45,495.0,504.55,118852,58979488.5,13-JUL-2023,8059,INE565V01010,
VARDHACRLC,EQ,54.25,55.1,53.25,53.7,53.25,54.3,57796,3128067.4,13-JUL-2023,572,INE116G01013,
VARROC,EQ,358.7,358.7,345.3,352.0,348.95,355.2,141177,49743839.85,13-JUL-2023,6914,INE665L01035,
VASCONEQ,EQ,46.7,47.7,44.4,44.8,44.95,46.15,4421965,205078061.25,13-JUL-2023,10887,INE893I01013,
VASWANI,EQ,20.9,20.9,19.9,20.1,20.15,20.7,48008,976134.85,13-JUL-2023,344,INE590L01019,
VBL,EQ,845.0,846.95,823.0,832.85,833.0,841.75,1999048,1667726384.95,13-JUL-2023,81487,INE200M01021,
VCL,BE,2.1,2.2,2.1,2.15,2.2,2.1,174379,370992.2,13-JUL-2023,199,INE098201036,
VEDL,EQ,278.5,281.4,277.5,278.05,278.2,277.65,5632082,1573056870.35,13-JUL-2023,62283,INE205A01025,
VENKEYS,EQ,1706.0,1714.45,1685.0,1691.9,1690.0,1704.35,28050,47574927.15,13-JUL-2023,5011,INE398A01010,
VENUSPIPES,EQ,1192.85,1200.9,1180.0,1180.85,1182.0,1189.35,77611,92357674.2,13-JUL-2023,4096,INE0JA001018,
VERANDA,EQ,183.75,185.9,178.4,181.1,182.4,183.2,51186,9360596.9,13-JUL-2023,1521,INE0IQ001011,
VERTOZ,BE,229.65,229.65,221.0,225.5,223.1,225.95,15544,3479599.05,13-JUL-2023,313,INE188Y01015,
VESUVIUS,EQ,2491.0,2530.7,2489.0,2512.85,2527.0,2492.9,11246,28170100.8,13-JUL-2023,2774,INE386A01015,
VETO,EQ,108.95,111.9,105.6,107.7,107.55,108.25,213249,23229748.0,13-JUL-2023,3775,INE918N01018,
VGUARD,EQ,292.0,292.55,279.85,285.35,287.05,291.05,287067,82392335.8,13-JUL-2023,10782,INE951I01027,
VHL,EQ,2843.35,2871.0,2827.65,2861.8,2867.0,2844.35,225,644281.85,13-JUL-2023,67,INE701A01023,
VIDHIING,EQ,388.6,390.9,383.3,384.35,385.0,386.65,17008,6562355.05,13-JUL-2023,2004,INE632C01026,
VIJAYA,EQ,478.0,479.5,454.65,458.95,459.05,475.4,107109,49735167.75,13-JUL-2023,6075,INE043W01024,
VIJIFIN,EQ,1.7,1.75,1.7,1.7,1.75,1.7,103593,177137.35,13-JUL-2023,203,INE159N01027,
VIKASECO,EQ,3.1,3.15,2.95,3.1,3.15,3.1,14037516,42539673.7,13-JUL-2023,3361,INE806A01020,
VIKASLIFE,EQ,3.1,3.15,3.05,3.05,3.1,3.05,3966942,12210223.45,13-JUL-2023,3125,INE161L01027,
VIMTALABS,EQ,459.5,487.75,435.0,453.25,450.0,409.45,1228105,575434294.65,13-JUL-2023,36270,INE579C01029,
VINATIORGA,EQ,1819.8,1819.8,1801.0,1803.2,1803.75,1810.75,163039,295093972.6,13-JUL-2023,3913,INE410B01037,
VINDHYATEL,EQ,1918.6,1934.9,1861.1,1890.55,1899.0,1918.6,20681,39166082.6,13-JUL-2023,3801,INE707A01012,
VINEETLAB,EQ,54.4,55.7,54.15,54.35,54.45,54.95,27862,1526795.4,13-JUL-2023,360,INE505Y01010,
VINNY,BE,4.3,4.5,4.1,4.35,4.3,4.3,445511,1915521.25,13-JUL-2023,599,INE01KI01027,
VINYLINDIA,EQ,513.8,518.8,500.0,504.3,505.0,510.35,57656,29347547.05,13-JUL-2023,3897,INE250B01029,
VIPCLOTHNG,BE,45.9,46.0,44.8,45.45,45.5,45.4,111863,5061634.7,13-JUL-2023,399,INE450G01024,
VIPIND,EQ,594.95,600.95,585.0,591.7,589.0,592.85,287784,171212288.6,13-JUL-2023,9228,INE054A01027,
VIPULLTD,EQ,13.35,14.15,13.35,14.15,14.15,13.5,1529308,20887245.5,13-JUL-2023,93,INE946H01037,
VIRINCHI,BE,39.85,40.55,37.85,38.0,37.85,39.85,346363,13385323.95,13-JUL-2023,922,INE539B01017,
VISAKAIND,EQ,85.7,86.5,85.0,85.15,86.0,85.3,102868,8804990.85,13-JUL-2023,1527,INE392A01021,
VISASTEEL,BE,15.45,15.6,14.55,14.75,14.75,14.95,53262,796810.55,13-JUL-2023,178,INE286H01012,
VISESHINFO,EQ,0.4,0.45,0.4,0.45,0.45,0.4,5171092,2169758.85,13-JUL-2023,2415,INE861A01058,
VISHAL,EQ,16.7,17.0,16.5,16.75,16.85,16.65,268910,4496501.2,13-JUL-2023,715,INE755Q01025,
VISHNU,EQ,337.0,360.0,337.0,355.15,356.9,336.9,309026,108567232.85,13-JUL-2023,10744,INE270I01022,
VISHWARAJ,EQ,16.5,16.55,16.1,16.15,16.1,16.4,734834,11992712.0,13-JUL-2023,1649,INE430N01022,
VIVIDHA,EQ,0.8,0.85,0.8,0.85,0.85,0.8,402407,333949.3,13-JUL-2023,431,INE370E01029,
VLSFINANCE,EQ,165.0,168.0,160.55,161.75,160.75,163.75,62596,10292648.25,13-JUL-2023,1590,INE709A01018,
VMART,EQ,2245.0,2250.0,2200.0,2231.6,2211.0,2224.45,22166,49499511.5,13-JUL-2023,3933,INE665J01013,
VOLTAMP,EQ,4140.95,4197.65,3970.0,4031.35,4037.6,4132.55,38172,155111360.5,13-JUL-2023,8190,INE540H01012,
VOLTAS,EQ,762.4,764.4,746.25,748.85,749.55,762.35,1335577,1005738860.4,13-JUL-2023,38845,INE226A01021,
VRLLOG,EQ,743.9,750.0,713.65,723.45,721.0,736.5,140614,103553786.7,13-JUL-2023,10471,INE366I01010,
VSSL,EQ,189.5,191.4,185.0,186.25,187.5,188.55,62537,11776656.9,13-JUL-2023,3303,INE050M01012,
VSTIND,EQ,3580.05,3604.75,3575.0,3593.0,3593.0,3603.75,4186,15016907.35,13-JUL-2023,958,INE710A01016,
VSTTILLERS,EQ,3025.0,3026.75,2915.0,2959.1,2953.0,2970.35,13736,40914046.65,13-JUL-2023,4028,INE764D01017,
VTL,EQ,379.7,382.15,367.85,369.4,368.05,377.85,311591,116604432.4,13-JUL-2023,15090,INE825A01020,
WABAG,EQ,511.9,516.95,500.6,505.75,508.9,510.85,381274,194032204.85,13-JUL-2023,13520,INE956G01038,
WANBURY,BE,53.35,53.5,51.6,51.7,51.7,53.35,11750,616641.7,13-JUL-2023,73,INE107F01022,
WATERBASE,EQ,82.75,85.35,81.5,81.85,82.5,82.65,162466,13608444.9,13-JUL-2023,2100,INE054C01015,
WEALTH,EQ,348.0,348.0,326.0,338.75,343.0,325.2,1275,430979.55,13-JUL-2023,268,INE658T01017,
WEBELSOLAR,EQ,84.0,87.5,84.0,85.6,85.5,84.45,265656,22910367.25,13-JUL-2023,1649,INE855C01015,
WEIZMANIND,BE,97.5,97.5,96.0,96.15,96.3,97.5,3731,360396.0,13-JUL-2023,51,INE080A01014,
WEL,EQ,214.1,218.9,214.0,215.5,217.0,216.45,905,196011.8,13-JUL-2023,103,INE02WG01016,
WELCORP,EQ,303.0,306.9,294.55,300.45,301.9,301.75,810021,244752660.65,13-JUL-2023,14155,INE191B01025,
WELENT,EQ,237.4,241.6,233.05,237.95,237.0,236.15,551392,131055920.8,13-JUL-2023,7111,INE625G01013,
WELINV,BE,404.0,404.25,385.0,391.55,394.0,385.0,5194,2094265.9,13-JUL-2023,85,INE389K01018,
WELSPUNIND,EQ,99.45,99.9,95.15,95.65,96.0,98.55,1428993,138800991.35,13-JUL-2023,10718,INE192B01031,
WENDT,EQ,10298.0,10439.95,9882.65,10054.35,10010.05,10298.95,849,8615384.8,13-JUL-2023,434,INE274C01019,
WESTLIFE,EQ,890.0,910.0,885.05,898.55,900.0,884.55,146148,131544084.85,13-JUL-2023,13637,INE274F01020,
WEWIN,EQ,46.0,48.0,44.9,45.9,47.2,45.2,26152,1225060.45,13-JUL-2023,699,INE082W01014,
WHEELS,EQ,809.9,834.8,800.0,807.25,801.2,805.35,28892,23561589.05,13-JUL-2023,3461,INE715A01015,
WHIRLPOOL,EQ,1462.65,1462.65,1432.05,1434.9,1432.65,1455.05,25201,36340388.2,13-JUL-2023,3283,INE716A01013,
WILLAMAGOR,BE,21.2,22.5,21.2,21.95,21.95,21.5,6564,144646.0,13-JUL-2023,47,INE210A01017,
WINDLAS,EQ,336.3,346.5,320.0,326.25,327.9,336.3,92357,30979859.3,13-JUL-2023,5781,INE0H5O01029,
WINDMACHIN,BE,57.0,57.25,54.2,55.15,55.4,57.0,106763,5897823.15,13-JUL-2023,332,INE052A01021,
WIPL,BE,114.0,120.0,114.0,119.1,120.0,117.45,5688,663512.85,13-JUL-2023,33,INE215F01023,
WIPRO,EQ,391.85,398.6,391.25,394.3,394.8,391.85,6797863,2690917603.05,13-JUL-2023,111401,INE075A01022,
WOCKPHARMA,EQ,245.0,246.85,232.45,234.6,234.3,244.3,1396440,335164377.15,13-JUL-2023,16733,INE049B01025,
WONDERLA,EQ,572.8,584.0,564.7,570.05,570.0,569.7,73473,42080637.55,13-JUL-2023,4728,INE066O01014,
WORTH,EQ,96.0,96.05,93.05,94.2,94.8,94.6,9289,879669.9,13-JUL-2023,141,INE196Y01018,
WSTCSTPAPR,EQ,487.8,487.8,474.1,476.4,476.75,484.5,105837,50787800.75,13-JUL-2023,6427,INE976A01021,
XCHANGING,EQ,117.15,117.4,111.0,111.6,111.9,115.7,1238356,141140139.25,13-JUL-2023,12087,INE692G01013,
XELPMOC,EQ,90.7,97.9,90.4,93.05,92.8,90.7,52878,5000309.7,13-JUL-2023,1045,INE01P501012,
XPROINDIA,EQ,934.1,949.35,924.5,944.2,944.9,933.25,64442,60478181.05,13-JUL-2023,6516,INE445C01015,
YAARI,BE,11.75,11.8,11.25,11.35,11.35,11.5,99484,1142948.0,13-JUL-2023,259,INE126M01010,
YESBANK,EQ,17.4,17.75,17.05,17.15,17.15,17.3,125488334,2186753295.65,13-JUL-2023,50318,INE528G01035,
YUKEN,EQ,644.0,650.0,631.0,633.35,639.75,640.4,12244,7828492.6,13-JUL-2023,608,INE384C01016,
ZEEL,EQ,201.25,202.85,197.65,198.9,199.1,201.95,5586963,1118186241.85,13-JUL-2023,30890,INE256A01028,
ZEEMEDIA,EQ,9.75,10.05,9.25,9.5,9.4,9.7,8067558,78980943.4,13-JUL-2023,4524,INE966H01019,
ZENITHEXPO,BE,102.0,103.9,100.0,102.0,102.0,101.95,249,25158.45,13-JUL-2023,15,INE058B01018,
ZENITHSTL,BE,3.85,4.05,3.85,3.95,4.0,4.0,40920,162373.75,13-JUL-2023,194,INE318D01020,
ZENSARTECH,EQ,398.0,425.9,397.25,408.05,409.5,396.4,7960994,3301389669.95,13-JUL-2023,111659,INE520A01027,
ZENTEC,EQ,605.0,654.9,570.7,589.85,599.9,576.95,20899486,13023054313.4,13-JUL-2023,321901,INE251B01027,
ZFCVINDIA,EQ,12135.5,12430.0,12016.0,12348.8,12292.0,12135.2,3653,44819027.55,13-JUL-2023,1652,INE342J01019,
ZIMLAB,EQ,104.9,114.9,104.85,109.45,111.55,103.0,1074806,119281635.55,13-JUL-2023,12216,INE518E01015,
ZODIAC,BE,126.95,126.95,121.5,124.55,123.1,124.5,12907,1613318.95,13-JUL-2023,397,INE761Y01019,
ZODIACLOTH,EQ,102.25,102.65,98.6,99.0,99.05,101.05,45245,4566332.35,13-JUL-2023,664,INE206B01013,
ZOMATO,EQ,77.85,84.5,77.65,82.2,82.85,77.5,192605002,15749361211.55,13-JUL-2023,407312,INE758T01015,
ZOTA,EQ,382.0,395.0,380.05,391.25,386.2,379.75,31431,12161392.5,13-JUL-2023,1732,INE358U01012,
ZUARI,EQ,174.2,177.0,163.0,163.9,163.5,172.6,397321,67130767.75,13-JUL-2023,7814,INE840M01016,
ZUARIIND,EQ,155.25,157.45,150.2,151.25,151.5,155.25,54483,8393972.05,13-JUL-2023,1857,INE217A01012,
ZYDUSLIFE,EQ,594.0,597.0,588.85,591.45,591.4,593.4,729376,431147866.8,13-JUL-2023,17161,INE010B01027,
ZYDUSWELL,EQ,1478.5,1478.5,1455.0,1460.45,1458.0,1471.1,26307,38618473.75,13-JUL-2023,2200,INE768C01010,
