SYMBOL,SERIES,OPEN,HIGH,LOW,CLOSE,LAST,PREVCLOSE,TOTTRDQTY,TOTTRDVAL,TIMESTAMP,TOTALTRADES,ISIN,UNNAMED: 13
20MICRONS,EQ,83.6,84.6,82.6,83.55,83.65,82.75,55895,4673479.25,28-APR-2023,1263,INE144J01027,
21STCENMGM,EQ,18.6,18.6,18.3,18.6,18.6,18.6,1854,34074.6,28-APR-2023,35,INE253B01015,
360ONE,EQ,417.0,420.9,412.0,419.85,418.2,415.45,323783,134921335.05,28-APR-2023,4714,INE466L01038,
3IINFOLTD,EQ,32.9,33.25,32.65,32.85,32.75,32.75,337783,11117267.95,28-APR-2023,2231,INE748C01038,
3MINDIA,EQ,22600.1,22679.95,22296.2,22548.2,22411.3,22611.75,2270,51090661.25,28-APR-2023,1098,INE470A01017,
3PLAND,EQ,23.8,24.3,23.5,23.9,24.2,23.85,5559,133543.7,28-APR-2023,137,INE105C01023,
4THDIM,BE,25.0,25.0,25.0,25.0,25.0,25.5,5346,133650.0,28-APR-2023,37,INE382T01030,
5PAISA,EQ,301.0,312.9,301.0,307.95,307.0,298.35,64418,19782141.7,28-APR-2023,2628,INE618L01018,
63MOONS,EQ,169.95,171.45,168.0,170.4,170.9,168.65,56280,9570624.35,28-APR-2023,2150,INE111B01023,
A2ZINFRA,EQ,6.7,6.7,6.35,6.5,6.5,6.55,258646,1674085.3,28-APR-2023,422,INE619I01012,
AAATECH,EQ,56.8,59.9,56.75,58.25,58.9,56.15,29160,1694904.55,28-APR-2023,465,INE0D0U01013,
AAKASH,EQ,6.65,6.65,6.3,6.4,6.45,6.5,302611,1945378.5,28-APR-2023,558,INE087Z01024,
AAREYDRUGS,EQ,27.9,27.9,27.1,27.35,27.4,27.55,30728,843278.2,28-APR-2023,279,INE198H01019,
AARON,EQ,220.0,221.95,217.8,221.4,221.0,217.2,7873,1734658.2,28-APR-2023,328,INE721Z01010,
AARTIDRUGS,EQ,418.05,428.45,418.05,420.85,421.0,419.15,166493,70535179.4,28-APR-2023,5204,INE767A01016,
AARTIIND,EQ,555.0,571.65,554.35,562.25,561.0,553.95,952636,537127911.75,28-APR-2023,29475,INE769A01020,
AARTIPHARM,EQ,365.3,380.9,357.0,364.45,366.95,364.9,392258,144176816.35,28-APR-2023,15592,INE0LRU01027,
AARTISURF,EQ,678.0,719.35,660.0,685.7,684.0,613.6,382683,266833929.25,28-APR-2023,17680,INE09EO01013,
AARVEEDEN,EQ,21.75,22.65,21.6,22.3,22.4,21.85,9883,219574.45,28-APR-2023,345,INE273D01019,
AARVI,EQ,126.0,128.25,126.0,127.15,127.75,125.8,18555,2358057.15,28-APR-2023,391,INE754X01016,
AAVAS,EQ,1412.85,1416.9,1384.65,1387.2,1386.2,1400.9,348290,484045067.9,28-APR-2023,17527,INE216P01012,
ABAN,EQ,39.25,40.85,39.1,39.5,39.3,39.3,164571,6552867.0,28-APR-2023,2364,INE421A01028,
ABB,EQ,3409.0,3439.25,3386.0,3417.95,3411.7,3411.6,251132,856791150.15,28-APR-2023,31981,INE117A01022,
ABBOTINDIA,EQ,22224.0,22385.95,21996.05,22297.25,22300.0,22147.35,13254,294472903.6,28-APR-2023,3975,INE358A01014,
ABCAPITAL,EQ,162.0,168.2,162.0,167.2,167.2,161.85,6152158,1023098099.9,28-APR-2023,31223,INE674K01013,
ABFRL,EQ,220.2,224.65,219.0,222.65,222.8,219.6,2713641,603502088.1,28-APR-2023,27739,INE647O01011,
ABMINTLLTD,BE,51.4,52.35,50.1,52.35,52.35,49.9,1038,53947.3,28-APR-2023,31,INE251C01025,
ABSLAMC,EQ,334.0,340.0,330.65,338.15,339.05,337.1,82713,27743376.55,28-APR-2023,3702,INE404A01024,
ABSLBANETF,EQ,44.4,44.4,42.75,43.18,43.35,43.1,11245,485021.99,28-APR-2023,302,INF209KB17D5,
ABSLLIQUID,EQ,1000.01,1000.01,1000.01,1000.01,1000.01,1000.01,300,300003.0,28-APR-2023,1,INF209KB18T9,
ABSLNN50ET,EQ,40.13,41.89,40.06,40.7,40.55,39.99,9974,404049.82,28-APR-2023,148,INF209KB16D7,
ACC,EQ,1724.85,1773.9,1700.0,1762.85,1762.85,1750.85,866675,1515122426.6,28-APR-2023,37368,INE012A01025,
ACCELYA,EQ,1412.05,1425.85,1400.0,1404.4,1411.95,1405.0,11137,15703683.1,28-APR-2023,1777,INE793A01012,
ACCURACY,EQ,15.3,15.3,14.7,14.95,15.2,14.9,67181,1005401.15,28-APR-2023,373,INE648Z01023,
ACE,EQ,421.8,422.95,413.1,417.35,417.2,419.7,210439,88049521.85,28-APR-2023,7154,INE731H01025,
ACEINTEG,BE,49.5,49.5,47.15,49.1,49.5,47.15,9343,457751.4,28-APR-2023,66,INE543V01017,
ACI,EQ,544.0,553.0,543.95,550.85,549.0,544.55,51762,28450657.0,28-APR-2023,3561,INE128X01021,
ADANIENT,EQ,1868.05,1944.0,1857.15,1924.95,1922.0,1853.05,6159130,11778131664.3,28-APR-2023,226409,INE423A01024,
ADANIGREEN,EQ,926.8,960.0,922.1,951.0,952.0,917.05,2759309,2598871981.4,28-APR-2023,80697,INE364U01010,
ADANIPORTS,EQ,666.2,683.0,662.15,681.3,681.0,659.75,6162262,4164399869.45,28-APR-2023,101274,INE742F01042,
ADANIPOWER,EQ,215.65,224.85,215.0,224.85,224.85,214.15,7457724,1653084049.35,28-APR-2023,42628,INE814H01011,
ADANITRANS,EQ,995.0,1031.4,987.1,1029.45,1031.4,982.3,914154,928811294.85,28-APR-2023,32515,INE931S01010,
ADFFOODS,EQ,750.3,754.9,740.05,746.45,745.0,746.55,3330,2488469.9,28-APR-2023,503,INE982B01019,
ADL,BE,58.1,63.95,58.1,60.65,60.15,61.1,2988,180442.2,28-APR-2023,29,INE0CHO01012,
ADORWELD,EQ,1065.35,1098.55,1041.25,1045.75,1049.0,1063.85,40882,43605097.8,28-APR-2023,6528,INE045A01017,
ADROITINFO,EQ,24.55,25.5,24.55,24.85,25.0,24.75,16345,408323.05,28-APR-2023,123,INE737B01033,
ADSL,EQ,84.0,84.85,81.8,82.7,83.2,83.15,169755,14103424.35,28-APR-2023,2397,INE102I01027,
ADVANIHOTR,EQ,85.05,85.8,82.05,83.1,82.05,84.35,66687,5637076.3,28-APR-2023,1282,INE199C01026,
ADVENZYMES,EQ,256.9,259.0,255.0,258.2,258.95,255.6,34950,8995513.6,28-APR-2023,1564,INE837H01020,
AEGISCHEM,EQ,394.0,399.0,388.8,391.85,392.5,391.5,332365,130786961.15,28-APR-2023,12617,INE208C01025,
AETHER,EQ,941.0,953.5,931.55,947.6,947.0,933.55,85242,79812578.35,28-APR-2023,2752,INE0BWX01014,
AFFLE,EQ,928.8,939.4,920.6,931.65,931.95,920.6,635859,592314365.6,28-APR-2023,22054,INE00WC01027,
AGARIND,EQ,621.95,629.4,618.0,624.3,629.0,618.55,14976,9328239.5,28-APR-2023,1032,INE204E01012,
AGI,EQ,401.7,421.0,400.8,413.7,414.5,400.2,532024,220344782.65,28-APR-2023,16144,INE415A01038,
AGRITECH,EQ,108.0,108.7,105.0,105.9,106.75,107.3,13594,1448541.65,28-APR-2023,457,INE449G01018,
AGROPHOS,EQ,37.55,38.15,37.55,37.7,37.7,37.4,50987,1929169.3,28-APR-2023,484,INE740V01019,
AGSTRA,EQ,51.75,53.25,51.4,52.05,52.0,51.35,248710,13017048.95,28-APR-2023,2204,INE583L01014,
AHL,EQ,250.8,257.0,248.05,254.65,254.5,250.85,181958,46155113.3,28-APR-2023,3105,INE00ZE01026,
AHLADA,EQ,106.4,108.5,105.25,107.25,107.45,105.0,13710,1469875.8,28-APR-2023,184,INE00PV01013,
AHLEAST,EQ,118.0,120.6,115.1,117.15,118.0,114.9,13918,1662845.15,28-APR-2023,286,INE926K01017,
AHLUCONT,EQ,514.8,519.45,508.55,514.65,516.0,509.8,8820,4524274.05,28-APR-2023,1253,INE758C01029,
AIAENG,EQ,2710.0,2734.0,2620.0,2718.75,2728.2,2696.4,100289,267871263.1,28-APR-2023,16538,INE212H01026,
AIRAN,EQ,16.0,16.0,15.25,15.4,15.45,15.95,115553,1795168.05,28-APR-2023,642,INE645W01026,
AIROLAM,EQ,68.9,71.9,67.45,70.35,71.4,68.0,6749,471384.8,28-APR-2023,100,INE801L01010,
AJANTPHARM,EQ,1299.85,1325.6,1281.8,1312.6,1317.0,1299.3,39062,50794967.65,28-APR-2023,6441,INE031B01049,
AJMERA,EQ,296.05,304.0,296.0,300.2,299.6,296.05,22463,6729810.35,28-APR-2023,1271,INE298G01027,
AJOONI,EQ,5.0,5.1,4.95,5.05,5.05,5.0,218444,1096657.5,28-APR-2023,324,INE820Y01021,
AKASH,EQ,26.0,26.3,25.5,25.55,25.55,25.6,55146,1422936.6,28-APR-2023,347,INE737W01013,
AKG,EQ,30.15,31.5,30.15,31.0,31.5,30.15,1691,52354.55,28-APR-2023,33,INE00Y801016,
AKI,EQ,120.0,121.5,115.5,116.0,115.55,114.75,108268,12799258.05,28-APR-2023,1929,INE642Z01018,
AKSHAR,BE,66.65,71.25,66.5,67.95,68.0,67.9,27894,1872521.95,28-APR-2023,83,INE256Z01017,
AKSHARCHEM,EQ,229.45,244.0,227.9,235.95,233.55,228.7,24402,5777588.35,28-APR-2023,1125,INE542B01011,
AKSHOPTFBR,EQ,9.05,9.15,8.9,9.0,9.0,9.0,265042,2387587.55,28-APR-2023,364,INE523B01011,
AKZOINDIA,EQ,2295.05,2329.0,2283.75,2324.7,2325.0,2291.65,15138,34947484.15,28-APR-2023,2332,INE133A01011,
ALANKIT,EQ,8.4,8.4,8.15,8.25,8.2,8.3,119460,987436.25,28-APR-2023,388,INE914E01040,
ALBERTDAVD,EQ,606.9,610.0,599.3,608.3,610.0,604.2,2699,1636772.3,28-APR-2023,254,INE155C01010,
ALEMBICLTD,EQ,61.2,63.2,61.2,62.45,62.5,61.2,153675,9592802.7,28-APR-2023,2083,INE426A01027,
ALICON,EQ,796.0,824.0,788.55,805.1,801.55,787.95,18499,14985333.1,28-APR-2023,1714,INE062D01024,
ALKALI,EQ,101.0,104.0,100.1,102.5,103.7,100.2,30749,3147000.7,28-APR-2023,591,INE773I01017,
ALKEM,EQ,3445.0,3520.0,3442.8,3509.9,3520.0,3435.5,241766,842892474.8,28-APR-2023,23424,INE540L01014,
ALKYLAMINE,EQ,2341.7,2380.0,2334.5,2364.0,2367.5,2327.5,11289,26549917.55,28-APR-2023,2938,INE150B01039,
ALLCARGO,BE,271.0,274.5,269.0,272.7,273.5,268.4,64303,17539591.5,28-APR-2023,1178,INE418H01029,
ALLSEC,EQ,457.2,460.55,455.05,456.05,456.0,457.15,3841,1759049.8,28-APR-2023,283,INE835G01018,
ALMONDZ,EQ,66.7,68.35,66.05,67.55,68.25,66.7,4443,297642.1,28-APR-2023,236,INE326B01027,
ALOKINDS,EQ,12.8,12.95,12.5,12.6,12.65,12.7,10946678,138492261.35,28-APR-2023,8172,INE270A01029,
ALPA,EQ,61.3,61.8,60.6,60.7,60.9,60.9,25550,1559084.65,28-APR-2023,302,INE385I01010,
ALPHAGEO,EQ,244.9,253.95,239.05,245.0,246.0,238.75,16845,4131366.15,28-APR-2023,883,INE137C01018,
ALPSINDUS,EQ,1.4,1.4,1.35,1.35,1.35,1.4,491,670.35,28-APR-2023,8,INE093B01015,
AMARAJABAT,EQ,600.0,607.9,597.0,601.1,601.0,598.1,188075,112932775.8,28-APR-2023,9191,INE885A01032,
AMBER,EQ,1839.05,1874.6,1805.55,1868.1,1870.0,1839.05,108650,199732304.1,28-APR-2023,15205,INE371P01015,
AMBICAAGAR,EQ,21.0,24.4,20.45,22.45,22.2,20.8,261329,6009121.55,28-APR-2023,1392,INE792B01012,
AMBIKCO,EQ,1520.05,1538.8,1519.55,1527.9,1529.0,1516.1,10868,16590863.9,28-APR-2023,2068,INE540G01014,
AMBUJACEM,EQ,390.0,399.5,384.1,396.5,397.0,388.8,11030482,4361547252.45,28-APR-2023,89442,INE079A01024,
AMDIND,EQ,54.0,56.35,53.9,54.75,55.0,54.95,11265,620288.8,28-APR-2023,230,INE005I01014,
AMIORG,EQ,1071.7,1077.0,1057.45,1066.3,1067.65,1071.7,58711,62741350.8,28-APR-2023,5104,INE00FF01017,
AMJLAND,EQ,23.2,23.95,23.0,23.55,23.7,23.45,22575,530560.35,28-APR-2023,163,INE606A01024,
AMRUTANJAN,EQ,608.0,608.0,603.0,603.95,604.95,602.5,9439,5709861.95,28-APR-2023,1159,INE098F01031,
ANANDRATHI,EQ,855.0,877.9,850.8,863.55,857.0,856.25,77443,67012606.3,28-APR-2023,6271,INE463V01026,
ANANTRAJ,EQ,143.0,144.35,141.0,141.6,141.4,142.2,388794,55339697.7,28-APR-2023,3703,INE242C01024,
ANDHRAPAP,EQ,452.0,455.0,449.8,453.4,450.05,449.8,47426,21462989.15,28-APR-2023,2812,INE435A01028,
ANDHRSUGAR,EQ,115.8,117.25,115.1,116.2,115.65,115.75,115483,13430230.65,28-APR-2023,2447,INE715B01021,
ANDREWYU,EQ,21.7,22.2,21.6,21.95,21.75,21.75,295327,6468128.75,28-APR-2023,712,INE449C01025,
ANGELONE,EQ,1232.95,1242.35,1224.85,1230.05,1228.05,1232.55,147592,181507988.2,28-APR-2023,8587,INE732I01013,
ANIKINDS,EQ,32.95,32.95,31.45,32.0,32.35,32.4,29932,957190.2,28-APR-2023,314,INE087B01017,
ANKITMETAL,EQ,4.25,4.5,4.25,4.35,4.3,4.3,61404,266680.75,28-APR-2023,186,INE106I01010,
ANMOL,EQ,225.1,226.3,225.05,225.5,225.55,225.1,23204,5232038.05,28-APR-2023,388,INE02AR01019,
ANTGRAPHIC,BE,0.7,0.7,0.65,0.7,0.7,0.7,116420,78518.6,28-APR-2023,141,INE414B01021,
ANUP,EQ,1115.0,1156.95,1115.0,1136.7,1133.0,1109.6,45218,51750791.6,28-APR-2023,5260,INE294Z01018,
ANURAS,EQ,1134.9,1180.0,1110.3,1129.3,1131.0,1122.7,1091460,1245406618.7,28-APR-2023,27439,INE930P01018,
APARINDS,EQ,2790.0,2830.0,2785.0,2811.55,2810.0,2765.85,71984,201988620.9,28-APR-2023,8329,INE372A01015,
APCL,EQ,177.75,181.65,176.5,179.9,178.8,177.7,12324,2209228.25,28-APR-2023,461,INE071F01012,
APCOTEXIND,EQ,526.35,533.9,494.0,502.15,502.65,543.4,382368,192750849.35,28-APR-2023,17297,INE116A01032,
APEX,EQ,196.65,198.4,192.5,194.7,192.5,195.95,97754,19143242.2,28-APR-2023,1982,INE346W01013,
APLAPOLLO,EQ,1210.0,1214.2,1191.6,1195.05,1193.75,1201.25,324674,389795004.95,28-APR-2023,19301,INE702C01027,
APLLTD,EQ,552.85,560.0,548.0,556.15,555.0,551.1,42141,23341756.75,28-APR-2023,3053,INE901L01018,
APOLLO,EQ,315.95,319.3,310.5,313.95,314.0,313.8,72440,22797316.35,28-APR-2023,2183,INE713T01010,
APOLLOHOSP,EQ,4442.95,4529.0,4430.95,4513.7,4520.0,4417.5,713399,3206659734.1,28-APR-2023,50028,INE437A01024,
APOLLOPIPE,EQ,599.0,599.0,589.75,591.05,594.0,594.95,31508,18659497.15,28-APR-2023,1997,INE126J01016,
APOLLOTYRE,EQ,344.0,353.3,342.0,346.9,347.3,341.45,3535675,1229038103.7,28-APR-2023,45934,INE438A01022,
APOLSINHOT,EQ,1355.0,1406.9,1355.0,1381.55,1400.0,1351.1,1882,2604778.4,28-APR-2023,279,INE451F01024,
APTECHT,EQ,426.75,430.85,423.1,425.85,424.55,426.55,143152,61019385.15,28-APR-2023,5250,INE266F01018,
APTUS,EQ,241.2,242.8,238.45,240.0,240.0,239.55,172291,41413577.35,28-APR-2023,6936,INE852O01025,
ARCHIDPLY,EQ,69.0,69.2,67.25,67.95,68.0,68.05,24662,1676424.85,28-APR-2023,314,INE877I01016,
ARCHIES,EQ,20.6,20.65,20.45,20.6,20.65,20.5,11833,243331.4,28-APR-2023,139,INE731A01020,
ARENTERP,EQ,32.45,32.95,31.4,31.85,31.7,32.55,2041,65498.3,28-APR-2023,84,INE610C01014,
ARIES,EQ,178.05,179.7,175.95,176.45,176.0,177.25,27763,4924574.4,28-APR-2023,990,INE298I01015,
ARIHANTCAP,EQ,40.7,41.05,40.05,40.15,40.4,40.35,56390,2279688.95,28-APR-2023,420,INE420B01036,
ARIHANTSUP,EQ,206.15,214.0,202.0,207.05,210.0,206.65,128897,26627685.65,28-APR-2023,1131,INE643K01018,
ARMANFIN,EQ,1455.0,1469.65,1422.05,1460.8,1464.9,1442.45,3483,5058999.7,28-APR-2023,538,INE109C01017,
AROGRANITE,EQ,42.2,43.0,41.9,42.7,42.5,41.8,46457,1977939.45,28-APR-2023,275,INE210C01013,
ARROWGREEN,EQ,249.6,260.1,247.1,259.35,260.1,247.75,26147,6703187.15,28-APR-2023,1088,INE570D01018,
ARSHIYA,EQ,5.85,5.9,5.75,5.85,5.85,5.85,413471,2407521.0,28-APR-2023,452,INE968D01022,
ARTEMISMED,EQ,80.0,80.95,78.65,79.2,79.1,80.5,164584,13108991.15,28-APR-2023,2344,INE025R01021,
ARTNIRMAN,EQ,46.05,51.15,46.05,50.1,49.55,47.1,15764,780011.15,28-APR-2023,187,INE738V01013,
ARVEE,EQ,116.4,116.4,111.1,116.4,116.4,110.9,2484,288561.25,28-APR-2023,80,INE006Z01016,
ARVIND,EQ,102.1,110.7,102.1,108.0,107.75,101.1,6501314,698831354.7,28-APR-2023,38466,INE034A01011,
ARVINDFASN,EQ,283.9,287.0,280.6,282.1,282.0,282.8,94461,26700164.3,28-APR-2023,4910,INE955V01021,
ARVSMART,EQ,309.5,320.0,309.25,314.9,314.0,309.15,40008,12642885.75,28-APR-2023,2525,INE034S01021,
ASAHIINDIA,EQ,478.0,483.6,465.2,478.2,483.0,473.75,148778,70069554.65,28-APR-2023,4443,INE439A01020,
ASAHISONG,EQ,213.45,213.45,206.3,208.75,209.0,210.3,6400,1342524.85,28-APR-2023,496,INE228I01012,
ASAL,EQ,341.8,366.8,328.8,344.45,344.0,339.65,334726,117994838.25,28-APR-2023,11720,INE900C01027,
ASALCBR,EQ,373.0,374.7,370.0,373.25,374.7,366.85,12685,4727373.0,28-APR-2023,1015,INE073G01016,
ASHAPURMIN,EQ,139.9,143.65,139.55,142.55,141.7,139.4,405441,57280441.05,28-APR-2023,7922,INE348A01023,
ASHIANA,EQ,182.5,182.7,177.0,178.35,177.7,182.1,54530,9812858.6,28-APR-2023,2240,INE365D01021,
ASHIMASYN,EQ,13.2,13.9,13.15,13.65,13.65,13.15,83305,1120943.5,28-APR-2023,281,INE440A01010,
ASHOKA,EQ,85.65,90.95,85.0,87.85,87.7,84.95,3252477,288824559.8,28-APR-2023,18799,INE442H01029,
ASHOKLEY,EQ,142.95,146.3,142.5,145.95,145.5,142.2,16297382,2362363930.5,28-APR-2023,77629,INE208A01029,
ASIANENE,BE,95.0,98.0,95.0,97.2,97.8,96.95,11848,1149088.0,28-APR-2023,179,INE276G01015,
ASIANHOTNR,BE,146.95,150.0,139.7,139.7,139.7,147.05,37577,5269990.85,28-APR-2023,147,INE363A01022,
ASIANPAINT,EQ,2919.95,2919.95,2846.6,2902.35,2894.0,2899.95,1080665,3117513630.2,28-APR-2023,57392,INE021A01026,
ASIANTILES,EQ,50.0,50.15,48.6,48.95,48.85,49.5,562056,27745077.45,28-APR-2023,2578,INE022I01019,
ASPINWALL,EQ,204.8,208.0,202.15,204.75,204.25,204.4,2617,536828.05,28-APR-2023,170,INE991I01015,
ASTEC,EQ,1334.95,1342.05,1307.15,1331.95,1337.1,1329.45,12068,15989273.7,28-APR-2023,2194,INE563J01010,
ASTERDM,EQ,245.95,249.4,244.15,246.95,246.0,245.85,171634,42415769.3,28-APR-2023,4400,INE914M01019,
ASTRAL,EQ,1407.25,1450.95,1400.0,1447.5,1449.0,1396.65,367467,527419604.05,28-APR-2023,20626,INE006I01046,
ASTRAMICRO,EQ,297.8,309.8,294.95,308.0,308.25,296.3,1550470,469109267.35,28-APR-2023,16288,INE386C01029,
ASTRAZEN,EQ,3145.2,3200.0,3145.2,3188.35,3155.0,3150.45,3304,10481180.3,28-APR-2023,983,INE203A01020,
ASTRON,EQ,25.7,26.3,24.15,25.55,25.5,25.4,67288,1700938.95,28-APR-2023,482,INE646X01014,
ATFL,EQ,801.0,809.4,783.05,800.1,800.6,818.7,15990,12752809.85,28-APR-2023,1402,INE209A01019,
ATGL,EQ,925.0,952.85,917.35,945.0,943.2,917.1,1123964,1053260513.6,28-APR-2023,43718,INE399L01023,
ATLANTA,EQ,14.5,15.55,14.5,15.15,15.15,14.95,11268,170182.3,28-APR-2023,185,INE285H01022,
ATUL,EQ,7000.25,7139.85,6770.0,6871.6,6875.0,7008.2,107161,741809405.5,28-APR-2023,22230,INE100A01010,
ATULAUTO,EQ,372.35,396.75,372.3,382.3,382.0,369.55,895685,346579700.55,28-APR-2023,22783,INE951D01028,
AUBANK,EQ,643.0,665.8,643.0,663.85,663.0,644.45,2017338,1326574999.55,28-APR-2023,42343,INE949L01017,
AURIONPRO,EQ,360.0,369.5,348.55,363.1,363.5,356.05,87967,31606682.65,28-APR-2023,5797,INE132H01018,
AUROPHARMA,EQ,618.0,623.25,606.1,617.0,615.0,617.45,2240326,1379173177.5,28-APR-2023,72478,INE406A01037,
AURUM,EQ,119.8,119.8,114.0,114.6,114.7,117.45,133151,15438087.55,28-APR-2023,2272,INE898S01029,
AUSOMENT,EQ,61.65,62.8,61.65,62.05,61.75,61.8,356,22126.2,28-APR-2023,30,INE218C01016,
AUTOAXLES,EQ,2410.0,2444.0,2397.8,2411.55,2412.15,2391.6,21904,52905373.85,28-APR-2023,2872,INE449A01011,
AUTOBEES,EQ,132.99,133.25,131.85,132.97,132.92,131.84,85560,11356907.67,28-APR-2023,746,INF204KC1337,
AUTOIND,EQ,72.65,78.4,72.15,74.8,74.5,72.2,127542,9602336.4,28-APR-2023,1435,INE718H01014,
AVADHSUGAR,EQ,512.5,512.5,502.05,506.65,507.5,506.35,47137,23903939.95,28-APR-2023,2599,INE349W01017,
AVALON,EQ,371.0,376.0,367.05,374.15,375.8,371.95,213219,79296971.5,28-APR-2023,7259,INE0LCL01028,
AVANTIFEED,EQ,368.75,368.75,357.85,361.75,361.8,365.55,117756,42732947.8,28-APR-2023,5496,INE871C01038,
AVONMORE,EQ,65.95,66.8,65.4,65.55,65.7,65.75,6662,439092.1,28-APR-2023,215,INE323B01016,
AVROIND,EQ,152.0,152.7,148.8,149.55,148.85,151.65,40519,6098492.65,28-APR-2023,664,INE652Z01017,
AVTNPL,EQ,85.75,86.9,84.85,85.75,85.8,84.7,59783,5119569.75,28-APR-2023,2171,INE488D01021,
AWHCL,EQ,261.0,265.25,259.05,264.5,264.6,258.2,45882,12070066.55,28-APR-2023,2537,INE01BK01022,
AWL,EQ,404.75,418.2,403.05,411.85,412.0,402.15,3529935,1454523632.55,28-APR-2023,51547,INE699H01024,
AXISBANK,EQ,885.1,890.05,853.65,860.0,860.0,881.4,23004117,19805082924.8,28-APR-2023,371287,INE238A01034,
AXISBNKETF,EQ,431.53,435.78,431.53,433.96,433.34,431.76,1247,540573.63,28-APR-2023,38,INF846K01X63,
AXISBPSETF,EQ,11.2,11.2,10.88,10.89,10.9,10.89,9072,98886.79,28-APR-2023,238,INF846K01Z04,
AXISCADES,EQ,302.65,310.7,302.05,304.5,303.0,304.35,31197,9560513.65,28-APR-2023,1678,INE555B01013,
AXISCETF,EQ,75.25,76.0,75.22,75.84,76.0,75.25,142,10695.88,28-APR-2023,10,INF846K016C7,
AXISGOLD,EQ,51.48,51.48,51.21,51.25,51.32,51.48,67480,3462500.54,28-APR-2023,930,INF846K01W80,
AXISHCETF,EQ,79.94,80.7,79.94,80.62,80.7,79.92,105823,8507222.96,28-APR-2023,50,INF846K01Z12,
AXISILVER,EQ,76.48,76.48,75.03,75.55,75.75,75.68,6328,477470.68,28-APR-2023,85,INF846K011K1,
AXISNIFTY,EQ,196.05,196.05,190.4,191.63,191.52,190.33,2776,530593.79,28-APR-2023,137,INF846K01W98,
AXISTECETF,EQ,285.32,286.95,283.77,285.99,286.95,283.06,14545,4158313.39,28-APR-2023,126,INF846K01Y96,
AXITA,EQ,82.4,83.0,65.0,65.0,65.0,81.25,8775804,663445751.2,28-APR-2023,11464,INE02EZ01022,
AXSENSEX,EQ,60.35,61.06,60.35,60.88,60.86,60.35,3229,195918.68,28-APR-2023,23,INF846K010Q0,
AYMSYNTEX,EQ,70.25,71.4,70.15,70.65,70.8,70.2,15146,1073153.4,28-APR-2023,169,INE193B01039,
BAFNAPH,BE,81.0,83.8,80.0,80.95,81.85,82.8,7684,621998.2,28-APR-2023,84,INE878I01022,
BAGFILMS,EQ,3.95,4.25,3.95,4.1,4.15,3.85,372388,1535633.35,28-APR-2023,434,INE116D01028,
BAIDFIN,EQ,34.7,36.35,34.7,35.55,35.9,35.75,8788,314589.7,28-APR-2023,175,INE020D01022,
BAJAJ-AUTO,EQ,4397.35,4439.7,4390.05,4431.95,4410.0,4408.2,457064,2021265601.85,28-APR-2023,36853,INE917I01010,
BAJAJCON,EQ,156.9,158.85,156.05,158.15,158.4,156.9,188164,29600737.15,28-APR-2023,5083,INE933K01021,
BAJAJELEC,EQ,1101.0,1105.0,1085.0,1098.0,1097.9,1095.3,43433,47592563.25,28-APR-2023,6640,INE193E01025,
BAJAJFINSV,EQ,1368.95,1368.95,1318.8,1354.65,1354.0,1360.0,3376186,4517119920.3,28-APR-2023,101487,INE918I01026,
BAJAJHCARE,EQ,321.0,321.0,307.5,310.25,311.7,317.55,84493,26375269.35,28-APR-2023,3230,INE411U01027,
BAJAJHIND,EQ,14.75,14.9,14.55,14.6,14.6,14.65,4826579,70918273.15,28-APR-2023,5168,INE306A01021,
BAJAJHLDNG,EQ,6668.0,6945.0,6598.8,6847.95,6890.0,6650.25,57756,390709639.65,28-APR-2023,10128,INE118A01012,
BAJFINANCE,EQ,6243.9,6296.0,6111.0,6280.1,6263.05,6200.05,1489668,9252220385.3,28-APR-2023,130353,INE296A01024,
BALAJITELE,EQ,42.2,42.6,41.2,41.45,41.3,42.25,92635,3882619.7,28-APR-2023,1147,INE794B01026,
BALAMINES,EQ,2120.0,2128.15,2090.55,2100.3,2100.0,2098.9,67995,142856808.6,28-APR-2023,8256,INE050E01027,
BALAXI,EQ,536.55,536.55,527.2,532.9,534.0,528.7,841,447619.0,28-APR-2023,96,INE618N01014,
BALKRISHNA,EQ,32.0,32.7,31.05,31.55,31.8,32.0,14607,465916.35,28-APR-2023,340,INE875R01011,
BALKRISIND,EQ,2084.1,2092.3,2067.15,2084.25,2080.0,2084.1,146522,304551078.2,28-APR-2023,11051,INE787D01026,
BALMLAWRIE,EQ,117.2,119.2,116.75,118.5,118.2,116.75,234543,27656677.65,28-APR-2023,3451,INE164A01016,
BALPHARMA,EQ,82.6,83.85,80.75,82.0,82.0,81.85,30235,2489420.8,28-APR-2023,871,INE083D01012,
BALRAMCHIN,EQ,422.0,423.45,412.6,415.5,415.8,420.65,1270067,530960758.6,28-APR-2023,18306,INE119A01028,
BANARBEADS,EQ,81.9,82.45,80.55,81.15,81.05,80.5,10120,824399.85,28-APR-2023,166,INE655B01011,
BANARISUG,EQ,2830.0,2899.8,2830.0,2882.15,2899.8,2825.15,838,2395233.9,28-APR-2023,238,INE459A01010,
BANCOINDIA,EQ,256.45,260.6,256.25,258.25,258.0,255.15,229031,59215239.5,28-APR-2023,6066,INE213C01025,
BANDHANBNK,EQ,227.0,230.6,226.65,229.3,229.0,226.85,4698996,1076716291.7,28-APR-2023,33487,INE545U01014,
BANG,EQ,38.65,41.5,38.25,40.1,39.9,38.45,35348,1415057.5,28-APR-2023,498,INE863I01016,
BANKA,EQ,78.2,79.0,76.55,77.3,77.0,78.4,6007,467593.25,28-APR-2023,104,INE862Y01015,
BANKBARODA,EQ,185.85,188.5,185.5,187.75,188.3,185.75,16456548,3072789628.25,28-APR-2023,77144,INE028A01039,
BANKBEES,EQ,434.42,437.47,431.0,436.6,437.1,434.42,684590,297773768.14,28-APR-2023,7068,INF204KB15I9,
BANKINDIA,EQ,81.7,84.5,81.7,84.0,84.0,81.2,17197134,1432529441.5,28-APR-2023,45829,INE084A01016,
BANSWRAS,EQ,161.95,164.1,157.8,159.05,158.1,160.75,75408,12144112.3,28-APR-2023,2412,INE629D01020,
BARBEQUE,EQ,618.7,618.7,603.95,605.65,605.0,607.05,90519,54964356.45,28-APR-2023,5716,INE382M01027,
BASF,EQ,2352.0,2395.0,2352.0,2373.15,2370.0,2351.05,11451,27214206.0,28-APR-2023,2370,INE373A01013,
BASML,EQ,41.95,43.65,41.1,42.6,42.75,41.65,107096,4579225.25,28-APR-2023,989,INE186H01022,
BATAINDIA,EQ,1480.0,1482.2,1466.6,1474.65,1471.65,1475.7,175125,258086530.3,28-APR-2023,12246,INE176A01028,
BAYERCROP,EQ,4091.0,4175.0,4080.0,4140.9,4134.75,4089.8,6162,25471960.4,28-APR-2023,1926,INE462A01022,
BBETF0432,EQ,1062.46,1064.98,1061.03,1062.97,1064.82,1062.02,6269,6661075.37,28-APR-2023,74,INF754K01OB1,
BBL,EQ,2785.0,2785.0,2730.05,2750.9,2742.1,2769.2,8849,24462067.3,28-APR-2023,1834,INE464A01028,
BBOX,EQ,140.75,140.75,136.7,137.35,137.5,139.1,30296,4206859.65,28-APR-2023,573,INE676A01027,
BBTC,EQ,1036.0,1044.0,1020.0,1037.05,1035.05,1032.45,116017,119751937.4,28-APR-2023,8673,INE050A01025,
BBTCL,EQ,233.65,234.95,228.5,233.35,232.0,229.55,4811,1112848.95,28-APR-2023,1295,INE01EE01011,
BCG,EQ,9.35,9.75,9.35,9.35,9.35,9.85,27365772,256082554.55,28-APR-2023,23767,INE425B01027,
BCLIND,EQ,424.5,434.25,424.5,428.7,429.0,427.9,21859,9407285.3,28-APR-2023,1282,INE412G01016,
BCONCEPTS,EQ,233.3,238.05,220.75,231.15,230.0,232.75,14316,3242574.8,28-APR-2023,555,INE977Y01011,
BCP,EQ,4.6,4.65,4.4,4.45,4.4,4.45,172451,777221.6,28-APR-2023,336,INE905P01028,
BDL,EQ,1009.0,1018.9,997.0,1005.3,1005.1,1002.2,442983,445502952.15,28-APR-2023,15765,INE171Z01018,
BEARDSELL,EQ,21.85,22.1,20.8,21.65,21.65,21.7,25721,559524.2,28-APR-2023,206,INE520H01022,
BECTORFOOD,EQ,614.0,621.0,606.35,618.05,616.5,612.7,164906,101363083.25,28-APR-2023,9375,INE495P01012,
BEDMUTHA,EQ,56.2,57.0,55.1,56.3,56.7,57.0,7923,445754.5,28-APR-2023,227,INE844K01012,
BEL,EQ,101.95,103.45,101.25,103.3,103.15,101.45,11812226,1215161323.55,28-APR-2023,53163,INE263A01024,
BEML,EQ,1204.8,1232.0,1186.0,1216.75,1215.0,1196.35,139116,168799203.75,28-APR-2023,9810,INE258A01016,
BEPL,EQ,100.4,101.5,100.4,100.9,101.1,100.35,173816,17542623.5,28-APR-2023,1853,INE922A01025,
BERGEPAINT,EQ,601.5,611.9,595.65,610.35,609.95,602.6,610558,369060676.25,28-APR-2023,21138,INE463A01038,
BESTAGRO,EQ,1030.0,1038.0,994.0,999.75,1000.0,1022.45,95276,95733719.3,28-APR-2023,8211,INE052T01013,
BFINVEST,EQ,403.75,409.4,397.35,402.95,403.0,402.45,20126,8127227.25,28-APR-2023,2116,INE878K01010,
BFUTILITIE,EQ,337.95,342.45,333.55,337.15,337.45,335.5,292326,98734878.9,28-APR-2023,8066,INE243D01012,
BGRENERGY,EQ,53.95,55.35,53.6,54.2,54.3,53.35,255233,13903784.25,28-APR-2023,2262,INE661I01014,
BHAGCHEM,EQ,1395.05,1418.55,1358.2,1368.6,1365.0,1401.85,12920,18002044.65,28-APR-2023,830,INE414D01019,
BHAGERIA,EQ,132.15,132.65,131.1,131.95,131.45,131.35,16291,2152527.05,28-APR-2023,408,INE354C01027,
BHAGYANGR,EQ,51.0,51.0,48.8,49.1,49.5,50.05,25412,1268235.5,28-APR-2023,413,INE458B01036,
BHANDARI,EQ,4.65,4.75,4.6,4.65,4.75,4.55,121785,568192.3,28-APR-2023,509,INE474E01029,
BHARATFORG,EQ,791.0,803.8,789.5,801.35,799.35,791.05,906746,722727720.1,28-APR-2023,20888,INE465A01025,
BHARATGEAR,EQ,124.6,124.6,122.15,122.75,122.7,122.75,61398,7567981.95,28-APR-2023,922,INE561C01019,
BHARATRAS,EQ,9900.0,9998.8,9848.3,9933.8,9889.0,9848.25,510,5050271.25,28-APR-2023,264,INE838B01013,
BHARATWIRE,EQ,168.2,170.15,163.7,164.85,166.45,166.55,545265,90661844.7,28-APR-2023,7794,INE316L01019,
BHARTIARTL,EQ,789.85,802.05,787.2,799.3,798.9,786.5,6572656,5221844390.9,28-APR-2023,121798,INE397D01024,
BHEL,EQ,77.8,78.65,77.55,78.4,78.55,77.3,14254949,1114611887.65,28-APR-2023,32441,INE257A01026,
BIGBLOC,EQ,133.0,133.4,130.8,132.4,131.05,131.1,17908,2360432.65,28-APR-2023,529,INE412U01025,
BIKAJI,EQ,377.8,378.1,371.7,375.2,375.25,374.8,109468,41059104.7,28-APR-2023,7182,INE00E101023,
BIL,EQ,182.0,184.8,182.0,182.25,182.2,181.65,318,58167.9,28-APR-2023,48,INE828A01016,
BINANIIND,EQ,22.0,22.0,21.2,21.3,21.5,22.3,140833,3007179.4,28-APR-2023,922,INE071A01013,
BINDALAGRO,EQ,22.2,22.2,21.7,21.9,21.95,21.85,260725,5741209.45,28-APR-2023,442,INE143A01010,
BIOCON,EQ,233.8,234.0,229.4,232.55,232.0,232.95,3853989,892198819.45,28-APR-2023,40704,INE376G01013,
BIOFILCHEM,EQ,43.55,47.0,43.5,45.95,46.4,43.55,67211,3074737.7,28-APR-2023,930,INE829A01014,
BIRLACABLE,EQ,133.5,134.0,131.55,132.8,132.5,132.55,64146,8541929.2,28-APR-2023,1482,INE800A01015,
BIRLACORPN,EQ,915.85,922.65,902.0,916.55,918.45,913.85,107834,98476884.75,28-APR-2023,6077,INE340A01012,
BIRLAMONEY,EQ,50.25,52.0,50.25,51.45,51.0,50.25,105503,5408416.8,28-APR-2023,920,INE865C01022,
BLAL,BE,190.5,207.75,190.5,206.45,207.75,200.5,701515,139389748.6,28-APR-2023,5240,INE0N7W01012,
BLBLIMITED,EQ,23.25,23.6,22.8,22.8,22.85,23.0,73593,1704746.3,28-APR-2023,455,INE791A01024,
BLISSGVS,EQ,77.7,78.0,76.1,76.55,76.65,76.85,95459,7354280.3,28-APR-2023,1019,INE416D01022,
BLKASHYAP,EQ,39.7,40.0,38.15,39.25,38.9,39.45,814214,31798476.15,28-APR-2023,3049,INE350H01032,
BLS,EQ,179.85,180.6,178.15,179.4,179.15,178.65,1250616,224342929.95,28-APR-2023,27014,INE153T01027,
BLUEDART,EQ,5975.0,5987.65,5901.0,5941.05,5939.95,5975.05,16541,98489882.15,28-APR-2023,3338,INE233B01017,
BLUESTARCO,EQ,1471.95,1493.5,1419.05,1480.2,1481.9,1468.1,166755,246251878.65,28-APR-2023,14369,INE472A01039,
BODALCHEM,EQ,69.3,70.5,69.3,70.1,70.05,69.25,215568,15118346.6,28-APR-2023,2877,INE338D01028,
BOHRAIND,EQ,102.15,102.25,96.55,100.9,102.0,97.4,176,17977.25,28-APR-2023,30,INE802W01023,
BOMDYEING,EQ,89.25,93.5,87.3,92.2,92.25,88.85,4322914,394785062.3,28-APR-2023,20908,INE032A01023,
BOROLTD,EQ,402.8,409.75,392.65,405.05,406.7,401.55,232667,93592843.35,28-APR-2023,10519,INE02PY01013,
BORORENEW,EQ,508.0,519.7,507.0,511.5,512.3,505.45,442358,227332331.45,28-APR-2023,15025,INE666D01022,
BOSCHLTD,EQ,19180.0,19424.95,19159.2,19371.85,19370.0,19117.8,24308,468952764.7,28-APR-2023,7290,INE323A01026,
BPCL,EQ,356.0,358.3,352.45,357.6,356.3,355.65,3371468,1200854697.4,28-APR-2023,45255,INE029A01011,
BPL,EQ,64.3,64.3,60.25,61.85,62.0,63.3,120213,7499922.0,28-APR-2023,1383,INE110A01019,
BRIGADE,EQ,498.35,507.0,494.85,501.9,500.1,499.55,120707,60534193.85,28-APR-2023,6626,INE791I01019,
BRITANNIA,EQ,4415.95,4564.85,4408.65,4553.55,4533.5,4415.85,482939,2176337733.5,28-APR-2023,51832,INE216A01030,
BRNL,EQ,30.0,30.5,29.25,29.85,29.65,29.2,43701,1311133.4,28-APR-2023,504,INE727S01012,
BROOKS,EQ,64.9,65.15,63.45,63.75,63.7,63.6,30331,1939431.35,28-APR-2023,194,INE650L01011,
BSE,EQ,525.0,529.2,516.0,522.9,523.5,520.75,1577904,825451811.3,28-APR-2023,29964,INE118H01025,
BSHSL,BE,378.0,380.9,371.0,379.95,379.05,363.6,43214,16354844.15,28-APR-2023,874,INE032Z01020,
BSL,EQ,180.65,183.95,178.3,179.85,178.6,180.6,7865,1414384.5,28-APR-2023,320,INE594B01012,
BSLGOLDETF,EQ,54.19,54.3,53.73,54.18,54.03,54.2,8875,480413.85,28-APR-2023,193,INF209KB18D3,
BSLNIFTY,EQ,20.79,20.79,20.14,20.27,20.37,20.17,88180,1780152.44,28-APR-2023,685,INF209KB19D1,
BSLSENETFG,EQ,57.17,59.34,57.17,58.97,59.34,58.63,1997,117514.85,28-APR-2023,114,INF209KB10E8,
BSOFT,EQ,273.0,277.95,271.35,272.95,272.9,271.2,2199682,603999529.95,28-APR-2023,20230,INE836A01035,
BTML,EQ,186.4,187.0,178.25,179.25,178.85,183.9,1532,279538.15,28-APR-2023,167,INE0EEJ01015,
BURNPUR,EQ,4.9,4.95,4.85,4.9,4.95,4.9,129502,635816.25,28-APR-2023,377,INE817H01014,
BUTTERFLY,EQ,1103.85,1103.85,1092.05,1097.45,1096.0,1100.65,2433,2669501.3,28-APR-2023,358,INE295F01017,
BVCL,EQ,42.65,44.0,38.45,40.6,40.6,42.7,890553,36429296.55,28-APR-2023,5805,INE139I01011,
BYKE,EQ,38.15,39.8,38.15,39.15,39.1,38.4,45367,1778826.6,28-APR-2023,385,INE319B01014,
CALSOFT,EQ,16.6,18.45,16.5,17.1,17.25,16.75,384612,6793882.1,28-APR-2023,2342,INE526B01014,
CAMLINFINE,EQ,171.3,174.9,167.7,172.4,172.45,170.0,346176,59420915.3,28-APR-2023,5959,INE052I01032,
CAMPUS,EQ,357.7,358.5,354.6,356.45,355.9,355.45,216964,77281749.6,28-APR-2023,7137,INE278Y01022,
CAMS,EQ,2057.9,2071.0,2034.0,2061.25,2055.0,2048.1,86602,177768771.85,28-APR-2023,11785,INE596I01012,
CANBK,EQ,309.5,318.1,309.5,317.45,316.5,309.0,6994297,2200419425.4,28-APR-2023,49687,INE476A01014,
CANFINHOME,EQ,598.35,625.0,596.7,616.7,616.0,593.2,1601617,984582028.9,28-APR-2023,39121,INE477A01020,
CANTABIL,EQ,980.0,1028.0,977.75,1011.35,1000.15,979.75,34067,34236192.55,28-APR-2023,3564,INE068L01016,
CAPACITE,EQ,130.8,133.95,130.4,131.4,131.1,129.9,230359,30433625.3,28-APR-2023,4159,INE264T01014,
CAPLIPOINT,EQ,673.7,682.95,667.0,678.3,679.0,673.7,65155,43943398.95,28-APR-2023,5009,INE475E01026,
CAPTRUST,EQ,66.05,72.5,66.05,70.95,71.1,66.6,39831,2824845.4,28-APR-2023,578,INE707C01018,
CARBORUNIV,EQ,1061.0,1082.0,1047.1,1077.3,1070.0,1057.75,68743,73375830.0,28-APR-2023,6363,INE120A01034,
CAREERP,EQ,224.0,226.7,218.0,219.0,220.35,222.15,164296,36407224.3,28-APR-2023,5936,INE521J01018,
CARERATING,EQ,648.0,651.0,635.0,638.5,641.95,648.1,40743,26162872.35,28-APR-2023,6467,INE752H01013,
CARTRADE,EQ,409.55,444.0,403.1,423.5,422.2,402.75,1339086,574353247.0,28-APR-2023,43340,INE290S01011,
CARYSIL,EQ,595.45,603.6,593.3,595.9,597.0,595.45,25921,15485778.75,28-APR-2023,2134,INE482D01024,
CASTROLIND,EQ,118.85,120.0,118.6,119.85,119.8,118.1,609417,72901828.55,28-APR-2023,8352,INE172A01027,
CCCL,BE,1.3,1.3,1.2,1.3,1.3,1.25,318617,406320.35,28-APR-2023,145,INE429I01024,
CCHHL,BE,7.2,7.5,7.2,7.45,7.4,7.3,37978,281153.65,28-APR-2023,69,INE652F01027,
CCL,EQ,603.0,608.0,596.0,602.25,599.1,599.9,205245,123894043.0,28-APR-2023,10521,INE421D01022,
CDSL,EQ,1006.8,1010.3,997.1,1005.6,1005.0,1001.8,303232,304726553.95,28-APR-2023,16619,INE736A01011,
CEATLTD,EQ,1410.0,1594.0,1410.0,1557.2,1565.2,1403.3,1999986,3001004576.75,28-APR-2023,85324,INE482A01020,
CELEBRITY,EQ,14.25,15.5,14.1,14.9,15.0,14.25,376533,5625540.85,28-APR-2023,1533,INE185H01016,
CENTENKA,EQ,402.1,408.75,396.05,402.45,399.9,401.0,61337,24614862.4,28-APR-2023,2489,INE485A01015,
CENTEXT,EQ,10.1,10.4,10.1,10.25,10.3,10.1,212034,2172037.1,28-APR-2023,744,INE281A01026,
CENTRALBK,EQ,29.7,30.45,29.6,30.35,30.35,29.0,31634349,953753344.05,28-APR-2023,33589,INE483A01010,
CENTRUM,EQ,19.45,19.45,18.9,19.25,19.35,19.05,93361,1793067.95,28-APR-2023,438,INE660C01027,
CENTUM,EQ,750.0,773.9,742.0,759.35,752.0,749.75,15075,11408794.0,28-APR-2023,988,INE320B01020,
CENTURYPLY,EQ,521.05,521.95,514.75,521.0,521.0,514.8,256385,133522851.1,28-APR-2023,6190,INE348B01021,
CENTURYTEX,EQ,680.0,687.9,672.85,680.35,680.5,676.85,322634,219921036.0,28-APR-2023,6607,INE055A01016,
CERA,EQ,6070.0,6273.9,6070.0,6241.3,6250.0,6065.55,23323,143679622.9,28-APR-2023,5088,INE739E01017,
CEREBRAINT,EQ,7.45,7.45,7.25,7.4,7.35,7.35,191055,1407370.55,28-APR-2023,506,INE345B01019,
CESC,EQ,70.9,70.9,68.25,68.5,68.5,70.55,7795448,536038647.85,28-APR-2023,75277,INE486A01021,
CGCL,EQ,653.35,660.5,652.65,658.95,656.3,653.35,109874,72318639.55,28-APR-2023,1431,INE180C01026,
CGPOWER,EQ,307.75,310.8,303.8,308.85,307.75,307.75,1189908,366090852.9,28-APR-2023,17112,INE067A01029,
CHALET,EQ,373.9,385.0,373.85,384.1,383.9,372.55,399754,152496843.0,28-APR-2023,14908,INE427F01016,
CHAMBLFERT,EQ,285.75,287.7,284.4,285.65,285.0,284.85,647722,185175294.95,28-APR-2023,7759,INE085A01013,
CHEMBOND,EQ,275.4,288.4,275.0,284.9,283.7,273.1,52709,14849095.0,28-APR-2023,1715,INE995D01025,
CHEMCON,EQ,261.8,266.75,261.1,265.9,266.15,259.8,51136,13555777.35,28-APR-2023,2028,INE03YM01018,
CHEMFAB,EQ,278.5,281.75,275.5,276.9,279.9,277.2,10753,2982271.9,28-APR-2023,379,INE783X01023,
CHEMPLASTS,EQ,431.0,432.45,424.35,428.85,429.0,430.25,74176,31639991.45,28-APR-2023,3276,INE488A01050,
CHENNPETRO,EQ,306.55,309.8,297.2,303.75,303.65,309.25,7862223,2396634646.65,28-APR-2023,102646,INE178A01016,
CHEVIOT,EQ,1119.3,1151.05,1116.85,1137.1,1135.0,1130.75,1932,2198988.55,28-APR-2023,501,INE974B01016,
CHOICEIN,EQ,325.8,335.0,325.35,331.45,332.0,324.1,411842,136628986.1,28-APR-2023,5409,INE102B01014,
CHOLAFIN,EQ,860.95,873.95,855.9,871.1,873.95,854.4,1499674,1299525010.9,28-APR-2023,37162,INE121A01024,
CHOLAHLDNG,EQ,580.0,629.0,580.0,607.0,604.0,579.75,404189,248450089.1,28-APR-2023,21186,INE149A01033,
CIGNITITEC,EQ,827.45,865.0,824.8,863.4,862.0,823.1,345042,294522512.35,28-APR-2023,13726,INE675C01017,
CINELINE,EQ,94.25,97.3,94.25,95.3,95.25,95.2,25940,2473190.05,28-APR-2023,309,INE704H01022,
CINEVISTA,EQ,11.65,12.15,11.6,12.05,12.1,11.6,15115,180603.05,28-APR-2023,156,INE039B01026,
CIPLA,EQ,918.85,919.0,905.15,908.05,908.95,913.95,2695819,2450695003.9,28-APR-2023,61689,INE059A01026,
CLEAN,EQ,1414.0,1457.5,1405.15,1444.0,1447.0,1404.2,102616,147838835.9,28-APR-2023,9265,INE227W01023,
CLEDUCATE,EQ,54.05,55.0,53.8,53.95,54.15,54.05,70757,3830692.2,28-APR-2023,385,INE201M01029,
CLSEL,EQ,191.7,193.95,183.25,186.6,186.55,190.35,374911,70140469.9,28-APR-2023,8905,INE419D01026,
CMICABLES,BE,12.8,12.95,12.25,12.7,12.7,12.7,12190,154030.0,28-APR-2023,71,INE981B01011,
CMSINFO,EQ,290.0,294.7,288.7,291.85,293.0,289.75,160509,46813646.6,28-APR-2023,4394,INE925R01014,
COALINDIA,EQ,232.5,234.75,231.6,233.1,233.0,231.75,4771074,1111035284.85,28-APR-2023,40027,INE522F01014,
COASTCORP,EQ,206.05,210.35,201.35,203.95,208.9,204.75,12046,2466745.85,28-APR-2023,390,INE377E01016,
COCHINSHIP,EQ,499.5,507.5,497.0,503.4,503.7,499.2,393443,197839880.3,28-APR-2023,9930,INE704P01017,
COFFEEDAY,EQ,32.0,33.25,32.0,32.7,32.65,32.15,1192308,39007109.95,28-APR-2023,4222,INE335K01011,
COFORGE,EQ,4089.0,4220.0,4080.05,4184.5,4170.0,4051.3,649355,2712334301.7,28-APR-2023,57873,INE591G01017,
COLPAL,EQ,1579.2,1598.0,1560.2,1595.1,1590.0,1579.3,205265,325006040.9,28-APR-2023,15927,INE259A01022,
COMPINFO,EQ,12.9,13.0,11.2,11.85,11.9,13.0,2792530,33252905.1,28-APR-2023,4879,INE070C01037,
COMPUSOFT,EQ,18.55,18.95,18.0,18.4,18.45,18.2,81802,1521036.65,28-APR-2023,532,INE453B01029,
CONCOR,EQ,608.5,614.5,607.2,611.7,610.8,606.8,1013705,619509260.05,28-APR-2023,21410,INE111A01025,
CONFIPET,EQ,61.45,62.25,60.0,61.0,61.8,61.35,662348,40622039.15,28-APR-2023,3526,INE552D01024,
CONSOFINVT,EQ,107.8,107.8,104.0,105.15,105.05,104.85,1538,162094.35,28-APR-2023,68,INE025A01027,
CONSUMBEES,EQ,81.27,82.34,81.01,82.09,81.92,81.2,44743,3656852.6,28-APR-2023,333,INF204KA1LD7,
CONTROLPR,EQ,581.35,582.0,573.0,576.65,578.0,575.6,27838,16036148.75,28-APR-2023,3397,INE663B01015,
CORALFINAC,EQ,33.15,33.7,32.3,32.7,32.7,32.75,78099,2583964.65,28-APR-2023,504,INE558D01021,
CORDSCABLE,EQ,75.45,79.5,74.85,78.2,77.55,75.15,146787,11390887.45,28-APR-2023,2514,INE792I01017,
COROMANDEL,EQ,953.95,953.95,939.5,942.45,944.4,949.45,276226,260842224.45,28-APR-2023,17113,INE169A01031,
COSMOFIRST,EQ,628.75,632.0,617.5,622.35,622.0,622.8,104246,65143957.65,28-APR-2023,6506,INE757A01017,
COUNCODOS,EQ,3.9,3.9,3.8,3.85,3.9,3.9,32136,124299.65,28-APR-2023,87,INE695B01025,
CPSEETF,EQ,41.58,41.58,41.01,41.47,41.5,41.29,833734,34516072.22,28-APR-2023,2542,INF457M01133,
CRAFTSMAN,EQ,3120.0,3176.45,3071.0,3099.9,3110.0,3134.8,23011,71921849.85,28-APR-2023,5212,INE00LO01017,
CREATIVE,EQ,394.5,394.5,369.6,377.55,378.1,393.7,42295,16103079.95,28-APR-2023,2131,INE985W01018,
CREDITACC,EQ,972.95,985.0,961.0,964.3,965.0,972.95,51038,49487026.6,28-APR-2023,3127,INE741K01010,
CREST,EQ,162.0,162.2,160.0,160.4,160.2,162.05,2204,354855.75,28-APR-2023,120,INE559D01011,
CRISIL,EQ,3560.0,3627.95,3361.6,3599.2,3600.0,3568.4,71822,254091612.4,28-APR-2023,13583,INE007A01025,
CROMPTON,EQ,261.0,261.0,253.25,254.9,254.9,259.8,8422456,2147994717.55,28-APR-2023,85123,INE299U01018,
CROWN,EQ,37.5,38.75,37.5,38.1,38.1,38.7,26,985.2,28-APR-2023,8,INE491V01019,
CSBBANK,EQ,294.55,297.7,272.1,279.5,280.0,293.2,2519450,713727010.65,28-APR-2023,36545,INE679A01013,
CSLFINANCE,EQ,220.35,229.35,220.2,225.0,223.2,222.4,13470,3025924.85,28-APR-2023,976,INE718F01018,
CTE,EQ,52.85,54.8,52.25,53.0,53.0,52.25,36210,1935218.65,28-APR-2023,434,INE627H01017,
CUB,EQ,140.15,142.0,139.0,141.65,141.75,139.7,5961127,837416032.35,28-APR-2023,26169,INE491A01021,
CUBEXTUB,EQ,40.55,41.95,40.2,41.05,40.4,40.9,20723,854509.45,28-APR-2023,289,INE144D01012,
CUMMINSIND,EQ,1579.0,1584.85,1562.65,1575.65,1573.95,1566.4,420097,661548221.85,28-APR-2023,28769,INE298A01020,
CUPID,EQ,278.35,283.45,275.05,281.05,281.5,277.0,44074,12358663.7,28-APR-2023,2720,INE509F01011,
CYBERMEDIA,EQ,17.9,17.9,16.6,17.25,17.1,17.1,82112,1414625.2,28-APR-2023,477,INE278G01037,
CYBERTECH,EQ,117.6,134.9,117.6,126.3,126.0,119.95,384579,49720374.55,28-APR-2023,7505,INE214A01019,
CYIENT,EQ,1170.0,1185.0,1162.55,1179.95,1180.0,1166.35,322850,379469567.1,28-APR-2023,23639,INE136B01020,
DAAWAT,EQ,110.85,111.85,109.6,110.7,110.85,110.1,1247992,138151690.3,28-APR-2023,9151,INE818H01020,
DABUR,EQ,531.0,534.75,528.75,532.9,533.0,530.4,2032847,1081714018.95,28-APR-2023,28788,INE016A01026,
DALBHARAT,EQ,1975.0,2005.0,1964.25,1996.2,2000.0,1966.5,341463,677946848.5,28-APR-2023,26310,INE00R701025,
DALMIASUG,EQ,371.0,374.0,368.1,370.15,370.6,370.65,39940,14836216.15,28-APR-2023,2110,INE495A01022,
DAMODARIND,EQ,44.2,45.3,43.65,43.95,43.9,44.3,10372,460343.9,28-APR-2023,195,INE497D01022,
DANGEE,EQ,14.5,14.65,14.3,14.4,14.5,14.3,222760,3209879.7,28-APR-2023,312,INE688Y01022,
DATAMATICS,EQ,315.6,359.9,313.7,346.25,350.0,315.2,1426781,489439024.9,28-APR-2023,28479,INE365B01017,
DATAPATTNS,EQ,1638.9,1715.0,1638.85,1662.95,1666.1,1628.55,335600,566879773.65,28-APR-2023,24017,INE0IX101010,
DBCORP,EQ,119.8,120.05,116.25,117.3,118.05,119.8,123797,14613863.95,28-APR-2023,2411,INE950I01011,
DBL,EQ,181.7,183.4,179.55,180.55,180.0,179.3,478720,86638856.5,28-APR-2023,10035,INE917M01012,
DBOL,EQ,175.0,176.4,165.4,166.2,166.2,173.85,262060,44077946.0,28-APR-2023,7041,INE0I3401014,
DBREALTY,EQ,88.0,89.9,87.25,88.05,87.6,87.85,357686,31634448.55,28-APR-2023,3201,INE879I01012,
DBSTOCKBRO,EQ,25.0,25.2,23.4,24.75,24.95,25.0,12352,303015.15,28-APR-2023,118,INE921B01025,
DCAL,EQ,142.2,143.05,137.3,138.4,139.0,141.2,548751,77010798.2,28-APR-2023,6558,INE385W01011,
DCBBANK,EQ,105.7,106.9,105.15,106.1,106.55,104.7,1166547,123768147.0,28-APR-2023,9112,INE503A01015,
DCI,EQ,149.3,155.0,148.8,148.8,148.8,156.6,3248,484971.55,28-APR-2023,152,INE0A1101019,
DCM,EQ,65.05,65.05,62.0,63.45,63.95,64.45,77442,4905112.45,28-APR-2023,919,INE498A01018,
DCMFINSERV,BE,5.9,5.9,5.4,5.4,5.4,5.65,27460,149725.25,28-APR-2023,110,INE891B01012,
DCMNVL,EQ,165.9,165.95,163.6,164.45,163.6,164.9,11913,1960954.7,28-APR-2023,378,INE08KP01019,
DCMSHRIRAM,EQ,826.0,826.0,815.25,817.4,816.0,820.85,32293,26489826.3,28-APR-2023,4820,INE499A01024,
DCMSRIND,EQ,70.2,71.95,69.3,69.9,69.5,69.6,133357,9397031.4,28-APR-2023,1618,INE843D01027,
DCW,EQ,46.0,46.55,45.5,45.75,45.8,45.75,792300,36406824.1,28-APR-2023,4314,INE500A01029,
DCXINDIA,EQ,190.4,192.5,188.5,190.15,190.5,188.05,160927,30601219.45,28-APR-2023,4774,INE0KL801015,
DECCANCE,EQ,446.35,452.15,443.05,448.05,451.5,446.25,6756,3032412.9,28-APR-2023,566,INE583C01021,
DEEPAKFERT,EQ,602.0,604.9,595.05,599.45,597.1,599.4,258412,154866361.3,28-APR-2023,9347,INE501A01019,
DEEPAKNTR,EQ,1864.95,1893.95,1864.95,1888.2,1883.0,1861.05,238650,448776587.35,28-APR-2023,14916,INE288B01029,
DEEPENR,EQ,110.0,113.8,108.95,111.7,111.85,110.6,5006,560971.4,28-APR-2023,92,INE677H01012,
DEEPINDS,EQ,173.75,177.9,169.5,170.4,170.0,171.1,244304,42201016.75,28-APR-2023,9927,INE0FHS01024,
DELHIVERY,EQ,378.25,380.25,371.05,374.4,374.7,378.1,622665,233217091.0,28-APR-2023,16096,INE148O01028,
DELPHIFX,EQ,328.0,331.0,322.6,326.05,327.45,326.1,1336,437136.7,28-APR-2023,72,INE726L01019,
DELTACORP,EQ,199.4,205.25,199.0,204.7,205.0,197.9,3678875,744733811.45,28-APR-2023,19853,INE124G01033,
DELTAMAGNT,EQ,74.2,76.3,74.1,74.8,74.65,74.8,3449,258791.35,28-APR-2023,139,INE393A01011,
DEN,EQ,30.75,31.0,30.2,30.5,30.65,30.55,437823,13421824.15,28-APR-2023,2221,INE947J01015,
DENORA,EQ,1049.8,1137.75,1038.0,1121.7,1135.0,1037.2,34505,37840056.4,28-APR-2023,2496,INE244A01016,
DEVIT,EQ,101.8,101.8,97.0,98.35,99.0,98.1,11852,1165828.3,28-APR-2023,481,INE060X01026,
DEVYANI,EQ,160.8,162.7,160.6,161.4,161.0,160.5,733282,118487674.4,28-APR-2023,9045,INE872J01023,
DGCONTENT,EQ,14.5,15.6,14.5,15.0,15.05,15.0,6706,100622.9,28-APR-2023,50,INE03JI01017,
DHAMPURSUG,EQ,247.45,247.85,243.05,244.2,244.5,245.7,310233,76041404.4,28-APR-2023,7063,INE041A01016,
DHANBANK,EQ,16.9,17.75,16.8,17.2,17.25,16.7,4246352,73350804.55,28-APR-2023,5212,INE680A01011,
DHANI,EQ,37.3,39.0,36.9,38.4,38.15,36.85,4174676,159057241.7,28-APR-2023,14693,INE274G01010,
DHANUKA,EQ,638.8,649.45,636.1,645.25,641.85,638.8,16943,10887211.35,28-APR-2023,2154,INE435G01025,
DHARMAJ,EQ,174.7,174.7,170.0,171.5,171.85,172.6,34523,5935525.0,28-APR-2023,1799,INE00OQ01016,
DHRUV,EQ,60.95,62.7,56.2,56.5,56.7,55.95,408606,24213923.5,28-APR-2023,4357,INE506Z01015,
DHUNINV,EQ,635.0,635.0,622.0,630.1,635.0,629.7,855,536988.35,28-APR-2023,117,INE320L01011,
DIAMONDYD,EQ,748.85,748.85,719.0,725.3,724.35,737.85,7757,5660147.5,28-APR-2023,1320,INE393P01035,
DICIND,EQ,418.0,426.9,416.3,421.15,418.0,416.6,4093,1725189.65,28-APR-2023,178,INE303A01010,
DIGISPICE,EQ,19.7,20.0,19.0,19.3,19.4,19.55,104938,2029134.2,28-APR-2023,493,INE927C01020,
DIGJAMLMTD,BE,95.0,99.0,93.0,93.2,93.0,94.85,1217,114326.05,28-APR-2023,31,INE731U01028,
DIL,EQ,16.0,16.35,15.95,16.05,16.1,16.05,384716,6189688.6,28-APR-2023,485,INE411Y01011,
DISHTV,EQ,15.0,15.95,14.85,15.6,15.85,14.85,7921070,121439485.35,28-APR-2023,4748,INE836F01026,
DIVGIITTS,EQ,659.0,661.45,653.3,656.8,655.0,655.35,19226,12657936.1,28-APR-2023,1284,INE753U01022,
DIVISLAB,EQ,3248.0,3278.5,3216.0,3267.9,3264.85,3238.45,278679,905329691.25,28-APR-2023,21574,INE361B01024,
DIVOPPBEES,EQ,49.55,49.82,49.18,49.64,49.8,49.17,9139,451609.02,28-APR-2023,382,INF204KA1MS3,
DIXON,EQ,2885.0,2924.0,2878.5,2915.3,2910.0,2878.7,183987,534657701.0,28-APR-2023,18614,INE935N01020,
DJML,EQ,146.05,146.5,141.05,143.7,146.45,142.75,2073,297771.2,28-APR-2023,319,INE0B1K01014,
DLF,EQ,422.25,428.9,420.05,426.2,424.75,421.65,5668793,2410670929.25,28-APR-2023,55139,INE271C01023,
DLINKINDIA,EQ,261.6,277.45,260.2,273.3,273.0,259.75,752075,204863078.15,28-APR-2023,17187,INE250K01012,
DMART,EQ,3500.8,3522.0,3480.0,3511.95,3514.0,3500.8,224156,784927747.5,28-APR-2023,18239,INE192R01011,
DMCC,EQ,293.5,294.0,285.6,289.15,288.0,293.7,7995,2323234.25,28-APR-2023,726,INE505A01010,
DNAMEDIA,EQ,2.75,2.75,2.55,2.55,2.55,2.65,95100,251441.55,28-APR-2023,134,INE016M01021,
DODLA,EQ,493.95,500.0,489.45,496.15,490.25,489.9,14803,7344895.25,28-APR-2023,1728,INE021O01019,
DOLATALGO,EQ,52.65,53.3,51.35,52.4,52.5,51.95,89415,4692108.35,28-APR-2023,1327,INE966A01022,
DOLLAR,EQ,348.9,355.65,344.4,346.95,347.35,347.6,100375,34896367.0,28-APR-2023,3779,INE325C01035,
DONEAR,EQ,110.3,113.8,105.25,107.85,108.6,109.1,605335,66605229.3,28-APR-2023,7383,INE668D01028,
DPABHUSHAN,EQ,314.55,321.6,314.3,319.2,318.3,315.75,5043,1607466.7,28-APR-2023,129,INE266Y01019,
DPSCLTD,EQ,10.3,11.5,10.3,10.5,10.55,10.3,333446,3630146.95,28-APR-2023,762,INE360C01024,
DPWIRES,EQ,415.15,424.95,411.05,420.25,422.9,412.85,7104,2966912.2,28-APR-2023,541,INE864X01013,
DRCSYSTEMS,EQ,41.1,42.95,39.6,41.85,42.95,41.0,2536,104237.95,28-APR-2023,60,INE03RS01027,
DREAMFOLKS,EQ,437.0,455.0,431.75,440.05,439.85,434.8,410595,182641822.4,28-APR-2023,15175,INE0JS101016,
DREDGECORP,EQ,321.1,333.0,318.3,322.9,322.6,322.8,154010,49904881.1,28-APR-2023,8367,INE506A01018,
DRREDDY,EQ,4918.55,4935.0,4877.1,4929.85,4910.0,4918.55,247044,1213259732.7,28-APR-2023,24210,INE089A01023,
DSPBANKETF,EQ,43.75,43.75,42.73,43.02,43.06,42.87,2948,126524.55,28-APR-2023,74,INF740KA1RX3,
DSPN50ETF,EQ,181.15,182.75,180.7,182.15,182.75,180.98,1393,252837.89,28-APR-2023,69,INF740KA1CL0,
DSPNEWETF,EQ,207.87,210.0,207.82,209.41,210.0,207.57,2174,454221.02,28-APR-2023,74,INF740KA1QK2,
DSPQ50ETF,EQ,159.75,161.1,159.75,161.06,161.09,159.75,7653,1229071.61,28-APR-2023,126,INF740KA1QL0,
DSPSILVETF,EQ,73.61,73.61,73.0,73.13,73.13,73.7,2052,150020.24,28-APR-2023,24,INF740KA1RE3,
DSSL,EQ,390.0,390.0,378.1,379.65,380.65,383.7,9392,3582335.05,28-APR-2023,696,INE417B01040,
DTIL,EQ,195.55,203.7,195.55,199.05,196.15,198.1,13668,2731353.05,28-APR-2023,568,INE341R01014,
DUCON,BE,7.0,7.2,6.9,7.15,7.2,6.9,208703,1487595.85,28-APR-2023,491,INE741L01018,
DVL,EQ,228.1,233.85,226.0,228.7,230.45,228.1,16100,3692946.0,28-APR-2023,456,INE477B01010,
DWARKESH,EQ,92.0,92.65,91.5,91.6,91.9,92.65,1050172,96571344.9,28-APR-2023,7157,INE366A01041,
DYCL,EQ,183.0,184.7,179.0,180.65,182.0,181.3,50575,9223457.8,28-APR-2023,1903,INE600Y01019,
DYNAMATECH,EQ,2909.65,2969.8,2906.0,2924.9,2918.0,2905.5,10319,30287132.75,28-APR-2023,2205,INE221B01012,
DYNPRO,EQ,330.0,330.7,320.0,321.1,321.0,327.7,19535,6352408.3,28-APR-2023,1771,INE256H01015,
E2E,EQ,176.0,181.95,170.0,171.4,170.0,178.95,9632,1679208.05,28-APR-2023,488,INE255Z01019,
EASEMYTRIP,EQ,46.35,48.4,46.25,48.0,48.0,46.1,17761243,849160746.1,28-APR-2023,28648,INE07O001026,
EASTSILK,BE,2.05,2.15,2.05,2.1,2.1,2.05,62866,131974.85,28-APR-2023,72,INE962C01027,
EBANK,EQ,4300.0,4549.98,4300.0,4544.94,4544.94,4330.01,18,80100.11,28-APR-2023,12,INF754K01EL1,
EBBETF0425,EQ,1125.49,1127.49,1123.59,1126.51,1126.5,1124.55,29962,33737000.9,28-APR-2023,165,INF754K01LD3,
EBBETF0430,EQ,1279.89,1279.89,1266.11,1273.31,1272.0,1274.1,9191,11704537.06,28-APR-2023,227,INF754K01KO2,
EBBETF0431,EQ,1136.5,1136.99,1135.04,1136.03,1136.94,1136.04,6474,7359678.75,28-APR-2023,68,INF754K01LE1,
EBBETF0433,EQ,1037.01,1037.01,1033.15,1034.7,1035.0,1036.95,2502,2591205.94,28-APR-2023,65,INF754K01QX0,
ECLERX,EQ,1346.9,1360.75,1326.45,1355.5,1335.0,1340.65,28037,37718730.8,28-APR-2023,3223,INE738I01010,
EDELWEISS,EQ,56.85,68.2,56.55,65.8,68.2,56.85,28988736,1844860365.15,28-APR-2023,66839,INE532F01054,
EICHERMOT,EQ,3275.0,3305.0,3265.35,3301.1,3298.0,3263.55,416242,1370374991.15,28-APR-2023,29044,INE066A01021,
EIDPARRY,EQ,503.3,506.1,500.2,502.6,502.25,503.15,88066,44319506.6,28-APR-2023,3584,INE126A01031,
EIFFL,EQ,154.25,154.25,147.55,148.4,147.55,149.2,16088,2404411.85,28-APR-2023,175,INE546V01010,
EIHAHOTELS,EQ,468.95,497.6,460.3,479.2,476.3,466.6,184874,89878660.1,28-APR-2023,7025,INE276C01014,
EIHOTEL,EQ,173.05,192.9,173.05,188.75,188.35,171.5,10517894,1967710023.35,28-APR-2023,77831,INE230A01023,
EIMCOELECO,EQ,628.0,629.0,587.4,597.8,600.0,595.5,139872,84459040.2,28-APR-2023,6347,INE158B01016,
EKC,EQ,97.0,100.8,96.3,96.85,96.65,96.7,565603,55477940.15,28-APR-2023,5761,INE184H01027,
ELDEHSG,EQ,599.3,614.8,585.7,608.5,612.8,590.7,885,532535.65,28-APR-2023,124,INE668G01021,
ELECON,EQ,435.0,437.0,431.55,434.15,433.25,427.55,287647,124898026.3,28-APR-2023,8352,INE205B01023,
ELECTCAST,EQ,36.8,38.5,36.25,37.9,38.0,36.6,2850817,107377256.15,28-APR-2023,6459,INE086A01029,
ELECTHERM,EQ,62.0,63.35,62.0,62.9,63.25,62.35,5890,370366.75,28-APR-2023,120,INE822G01016,
ELGIEQUIP,EQ,471.65,474.2,459.0,464.7,464.85,468.4,267581,124018679.55,28-APR-2023,10823,INE285A01027,
ELGIRUBCO,EQ,36.0,38.3,36.0,37.5,38.0,36.6,73958,2791987.6,28-APR-2023,484,INE819L01012,
ELIN,EQ,132.3,136.5,130.8,134.5,134.5,131.45,157286,21114135.2,28-APR-2023,4189,INE050401020,
EMAMILTD,EQ,369.0,376.45,366.45,374.95,374.05,367.65,270143,100988368.55,28-APR-2023,8750,INE548C01032,
EMAMIPAP,EQ,120.0,122.55,119.4,121.0,120.95,118.85,18215,2198805.7,28-APR-2023,369,INE830C01026,
EMAMIREAL,EQ,69.25,70.85,69.15,69.8,69.25,69.4,26805,1872335.55,28-APR-2023,269,INE778K01012,
EMIL,EQ,76.05,77.0,75.9,76.7,76.5,75.9,198223,15162439.95,28-APR-2023,2330,INE02YR01019,
EMKAY,EQ,75.35,76.0,73.1,74.3,73.85,74.1,42196,3152123.3,28-APR-2023,412,INE296H01011,
EMMBI,EQ,84.75,85.7,83.1,83.35,83.1,83.1,9114,766408.35,28-APR-2023,302,INE753K01015,
EMUDHRA,EQ,272.65,278.05,268.0,270.7,271.0,270.6,94750,25773883.8,28-APR-2023,3782,INE01QM01018,
ENDURANCE,EQ,1316.9,1370.0,1316.9,1344.3,1337.9,1350.7,53801,72478315.65,28-APR-2023,10998,INE913H01037,
ENERGYDEV,EQ,16.85,18.15,16.85,17.25,17.3,16.85,180616,3185047.75,28-APR-2023,814,INE306C01019,
ENGINERSIN,EQ,82.9,83.6,82.15,82.8,82.55,82.45,965198,79836244.55,28-APR-2023,5448,INE510A01028,
ENIL,EQ,127.65,131.0,127.5,130.2,130.0,127.65,13764,1786339.9,28-APR-2023,237,INE265F01028,
EPL,EQ,175.0,177.2,171.75,174.95,174.6,174.8,1059725,184978954.5,28-APR-2023,17610,INE255A01020,
EQUITASBNK,EQ,69.5,70.5,68.5,68.95,68.95,68.9,3935777,273271359.75,28-APR-2023,15720,INE063P01018,
ERIS,EQ,631.85,636.0,625.0,631.25,625.35,631.15,31348,19738077.9,28-APR-2023,3267,INE406M01024,
EROSMEDIA,EQ,23.7,25.9,23.6,25.9,25.9,23.55,1100778,28264223.45,28-APR-2023,2036,INE416L01017,
ESABINDIA,EQ,3482.05,3500.0,3444.0,3472.05,3482.95,3430.6,14460,50296373.55,28-APR-2023,2700,INE284A01012,
ESCORTS,EQ,1955.0,1990.0,1932.9,1981.15,1980.0,1939.4,388354,765978260.75,28-APR-2023,26086,INE042A01014,
ESSARSHPNG,EQ,8.75,8.75,8.55,8.6,8.55,8.55,75929,656591.8,28-APR-2023,315,INE122M01019,
ESSENTIA,EQ,6.55,6.55,6.35,6.35,6.45,6.35,169996,1089453.95,28-APR-2023,499,INE418N01035,
ESTER,EQ,114.0,114.85,111.1,112.3,113.0,112.95,68661,7764428.05,28-APR-2023,1771,INE778B01029,
ETHOSLTD,EQ,1219.0,1339.55,1217.35,1299.0,1300.0,1206.0,310011,400930613.6,28-APR-2023,25940,INE04TZ01018,
EUROTEXIND,EQ,10.3,10.3,10.0,10.0,10.0,10.5,4069,40958.7,28-APR-2023,39,INE022C01012,
EVEREADY,EQ,289.05,291.45,287.65,289.2,290.95,288.35,108882,31515215.35,28-APR-2023,2314,INE128A01029,
EVERESTIND,EQ,890.0,893.75,865.0,876.25,877.0,883.9,32874,28901445.9,28-APR-2023,3423,INE295A01018,
EXCEL,EQ,0.4,0.45,0.4,0.45,0.4,0.4,5197991,2204467.5,28-APR-2023,1661,INE688J01023,
EXCELINDUS,EQ,879.7,896.0,876.0,878.75,876.0,877.0,7534,6680727.15,28-APR-2023,932,INE369A01029,
EXIDEIND,EQ,194.8,196.35,194.35,195.85,195.55,194.1,1652708,323064614.35,28-APR-2023,14725,INE302A01020,
EXPLEOSOL,EQ,1330.0,1348.65,1310.05,1328.25,1334.0,1322.65,25487,33846810.25,28-APR-2023,2101,INE201K01015,
EXXARO,EQ,114.15,117.8,114.15,116.5,116.15,114.45,37441,4337076.3,28-APR-2023,1088,INE0GFE01018,
FACT,EQ,343.0,349.0,341.1,343.1,342.25,341.4,906770,312314800.45,28-APR-2023,12645,INE188A01015,
FAIRCHEMOR,EQ,1273.0,1273.0,1246.65,1258.05,1260.0,1275.4,8541,10738454.6,28-APR-2023,1283,INE0DNW01011,
FAZE3Q,EQ,356.75,368.8,350.35,365.85,361.7,349.85,11138,4029832.25,28-APR-2023,1056,INE963C01033,
FCL,EQ,240.0,240.5,237.65,239.3,239.5,238.8,121777,29117329.35,28-APR-2023,4318,INE045J01026,
FCONSUMER,BE,1.15,1.15,1.1,1.15,1.15,1.1,20262239,23181928.65,28-APR-2023,2009,INE220J01025,
FCSSOFT,EQ,2.1,2.15,2.05,2.1,2.15,2.1,1913839,4046415.6,28-APR-2023,2546,INE512B01022,
FDC,EQ,288.8,296.25,288.35,295.0,293.1,287.35,263805,77645164.5,28-APR-2023,8236,INE258B01022,
FEDERALBNK,EQ,134.35,136.4,134.2,134.95,134.9,133.95,9349394,1263416446.7,28-APR-2023,39810,INE171A01029,
FIBERWEB,EQ,33.15,34.4,32.9,34.0,34.1,33.1,30387,1018354.4,28-APR-2023,501,INE296C01020,
FIEMIND,EQ,1825.0,1839.95,1750.5,1775.5,1767.0,1808.0,42936,76853174.6,28-APR-2023,5006,INE737H01014,
FILATEX,EQ,36.7,36.95,36.05,36.45,36.4,36.45,235379,8602801.0,28-APR-2023,1427,INE816B01035,
FINCABLES,EQ,880.9,922.4,880.0,894.9,892.15,876.9,1181560,1069737246.25,28-APR-2023,36857,INE235A01022,
FINEORG,EQ,4356.0,4432.6,4356.0,4424.6,4423.0,4341.6,17811,78584790.6,28-APR-2023,5414,INE686Y01026,
FINOPB,EQ,210.3,215.25,210.0,213.2,213.0,210.5,53644,11433522.55,28-APR-2023,2676,INE02NC01014,
FINPIPE,EQ,164.45,168.6,164.45,167.5,167.5,164.25,838708,140255360.0,28-APR-2023,12876,INE183A01024,
FIVESTAR,EQ,522.0,523.45,511.6,515.0,514.35,516.3,186986,97318648.85,28-APR-2023,2587,INE128S01021,
FLEXITUFF,EQ,29.05,29.05,28.05,28.1,28.1,28.7,1073,30399.3,28-APR-2023,26,INE060J01017,
FLUOROCHEM,EQ,3370.4,3400.0,3313.05,3381.65,3390.0,3352.3,134181,451627859.75,28-APR-2023,6363,INE09N301011,
FMGOETZE,EQ,332.0,337.0,330.35,333.6,332.6,328.75,57684,19268246.55,28-APR-2023,2021,INE529A01010,
FMNL,BE,5.3,5.3,5.1,5.25,5.2,5.3,28207,146603.85,28-APR-2023,105,INE360L01017,
FOCUS,EQ,755.0,773.3,739.05,771.4,765.0,736.5,109385,83876043.1,28-APR-2023,2846,INE593W01010,
FOODSIN,EQ,138.0,141.25,136.75,138.65,141.2,139.2,123342,17175486.5,28-APR-2023,2839,INE976E01023,
FORCEMOT,EQ,1309.25,1349.95,1290.0,1342.9,1341.95,1297.5,115696,152266222.1,28-APR-2023,5211,INE451A01017,
FORTIS,EQ,256.9,261.75,254.75,260.8,261.0,256.25,667625,172594194.4,28-APR-2023,15842,INE061F01013,
FOSECOIND,EQ,2354.25,2440.0,2354.25,2396.05,2400.0,2357.0,3815,9179384.7,28-APR-2023,1190,INE519A01011,
FSL,EQ,115.15,117.2,115.15,116.8,116.4,115.55,738590,86114889.6,28-APR-2023,11203,INE684F01012,
FUSION,EQ,416.95,417.6,410.55,415.5,412.05,415.75,80127,33227802.8,28-APR-2023,4579,INE139R01012,
GABRIEL,EQ,154.1,155.5,152.5,154.1,154.05,154.1,288544,44423293.05,28-APR-2023,4948,INE524A01029,
GAEL,EQ,279.95,298.7,278.0,291.15,292.0,277.9,1574287,455495330.95,28-APR-2023,25095,INE036B01030,
GAIL,EQ,109.1,109.4,105.05,107.3,107.25,109.3,19307001,2062627648.75,28-APR-2023,56034,INE129A01019,
GAL,EQ,2.5,2.75,2.5,2.7,2.75,2.5,886687,2384672.9,28-APR-2023,1058,INE482J01021,
GALAXYSURF,EQ,2509.9,2590.0,2467.35,2486.15,2497.7,2486.7,66310,167128712.0,28-APR-2023,11475,INE600K01018,
GALLANTT,EQ,59.7,63.5,59.7,61.65,61.5,61.0,122585,7567433.15,28-APR-2023,1335,INE297H01019,
GANDHITUBE,EQ,520.3,521.55,516.9,519.4,520.0,520.15,780,404763.3,28-APR-2023,85,INE524B01027,
GANECOS,EQ,1012.1,1020.2,989.75,996.8,1000.0,1007.05,35177,35263470.75,28-APR-2023,3220,INE845D01014,
GANESHBE,EQ,168.6,171.15,166.6,167.1,168.0,168.7,177929,29804442.05,28-APR-2023,2633,INE388A01029,
GANESHHOUC,EQ,317.95,332.8,310.35,329.35,332.0,315.05,27919,9019145.95,28-APR-2023,729,INE460C01014,
GANGAFORGE,EQ,3.7,3.75,3.6,3.7,3.7,3.65,136333,500821.35,28-APR-2023,279,INE691Z01023,
GANGESSECU,EQ,105.35,107.65,105.35,106.95,107.65,106.2,869,92887.1,28-APR-2023,47,INE335W01016,
GARFIBRES,EQ,2929.8,2929.8,2901.0,2917.65,2901.5,2921.3,5377,15671358.75,28-APR-2023,1464,INE276A01018,
GATEWAY,EQ,64.4,64.4,62.6,63.75,63.9,63.75,297927,18915168.7,28-APR-2023,5581,INE079J01017,
GATI,EQ,120.0,120.5,118.3,119.3,119.1,118.7,184324,21975921.2,28-APR-2023,3147,INE152B01027,
GAYAHWS,BE,0.65,0.75,0.65,0.7,0.7,0.7,121527,84757.3,28-APR-2023,67,INE287Z01012,
GEECEE,EQ,134.0,137.75,134.0,137.0,137.7,134.25,4620,630779.5,28-APR-2023,244,INE916G01016,
GEEKAYWIRE,EQ,161.95,165.0,161.65,164.25,163.75,160.65,59993,9799201.55,28-APR-2023,950,INE669X01016,
GENCON,EQ,53.85,54.5,51.9,53.45,53.25,52.95,230063,12175105.05,28-APR-2023,1070,INE854S01022,
GENESYS,EQ,295.75,304.7,291.05,293.7,297.0,295.75,21514,6391433.5,28-APR-2023,963,INE727B01026,
GENUSPAPER,EQ,14.1,14.1,13.9,13.95,14.1,13.9,66388,929500.85,28-APR-2023,330,INE949P01018,
GENUSPOWER,EQ,89.2,91.5,89.0,90.75,90.7,89.35,634662,57431223.4,28-APR-2023,4545,INE955D01029,
GEOJITFSL,EQ,44.35,45.1,44.15,44.9,44.95,44.25,222560,9952122.55,28-APR-2023,1873,INE007B01023,
GEPIL,EQ,134.2,135.8,129.3,130.5,130.4,135.5,665078,88184633.7,28-APR-2023,9315,INE878A01011,
GESHIP,EQ,664.0,679.5,660.3,677.6,677.1,664.75,205998,138603935.5,28-APR-2023,10967,INE017A01032,
GET&D,EQ,170.7,185.0,164.55,176.2,176.5,172.1,3846298,679919719.25,28-APR-2023,47630,INE200A01026,
GFLLIMITED,EQ,52.25,53.4,51.3,52.8,52.7,51.55,50987,2679134.85,28-APR-2023,942,INE538A01037,
GHCL,EQ,485.95,493.85,480.1,484.65,486.05,483.8,228819,110917194.45,28-APR-2023,6215,INE539A01019,
GICHSGFIN,EQ,163.45,166.9,163.3,164.75,164.35,163.15,169838,28040050.7,28-APR-2023,3243,INE289B01019,
GICRE,EQ,152.9,154.85,152.15,153.5,153.45,152.9,484544,74247605.6,28-APR-2023,4825,INE481Y01014,
GILLANDERS,EQ,72.25,73.95,70.15,72.35,72.9,74.05,51568,3711140.8,28-APR-2023,1156,INE047B01011,
GILLETTE,EQ,4395.2,4430.1,4364.35,4412.8,4394.0,4372.8,3768,16561991.6,28-APR-2023,1332,INE322A01010,
GILT5YBEES,EQ,51.98,51.99,51.9,51.91,51.91,51.93,103525,5376406.46,28-APR-2023,183,INF204KC1030,
GINNIFILA,BE,22.0,22.6,21.85,22.3,22.4,22.15,32435,719507.5,28-APR-2023,120,INE424C01010,
GIPCL,EQ,91.25,95.75,90.85,93.25,93.15,90.25,2619600,244289262.2,28-APR-2023,16502,INE162A01010,
GISO-RE,BE,4.15,4.85,2.65,2.65,2.65,4.4,655849,1834935.5,28-APR-2023,355,INE065J20016,
GISOLUTION,BE,16.25,16.25,16.25,16.25,16.25,15.5,3233,52536.25,28-APR-2023,9,INE065J01016,
GKWLIMITED,EQ,512.85,542.0,512.85,536.95,530.05,523.3,402,214422.9,28-APR-2023,82,INE528A01020,
GLAND,EQ,1369.0,1375.0,1346.3,1358.8,1360.0,1367.7,286689,388644628.05,28-APR-2023,24319,INE068V01023,
GLAXO,EQ,1248.3,1256.15,1240.0,1241.9,1241.0,1246.95,93137,115849948.95,28-APR-2023,4251,INE159A01016,
GLENMARK,EQ,557.0,568.75,551.5,563.45,563.0,551.15,4694549,2648155056.25,28-APR-2023,64509,INE935A01035,
GLFL,EQ,2.6,2.6,2.6,2.6,2.6,2.55,310,806.0,28-APR-2023,3,INE540A01017,
GLOBAL,EQ,159.0,186.65,156.7,181.9,186.65,155.55,192302,33852626.4,28-APR-2023,2491,INE291W01029,
GLOBALVECT,EQ,58.4,58.4,56.7,57.8,58.0,56.65,20793,1193670.55,28-APR-2023,479,INE792H01019,
GLOBE,EQ,2.95,2.95,2.8,2.9,2.95,2.95,579103,1661839.7,28-APR-2023,657,INE581X01021,
GLOBUSSPR,EQ,896.0,899.35,880.0,883.35,882.0,892.75,44424,39530136.35,28-APR-2023,3538,INE615I01010,
GLS,EQ,504.0,525.0,500.1,504.3,503.0,479.55,1743396,894420295.95,28-APR-2023,34597,INE03Q201024,
GMBREW,EQ,567.0,570.6,564.8,568.0,568.8,565.95,22981,13040285.95,28-APR-2023,2180,INE075D01018,
GMDCLTD,EQ,152.1,161.2,152.0,156.55,156.35,151.9,5726706,901507111.65,28-APR-2023,35800,INE131A01031,
GMMPFAUDLR,EQ,1469.5,1495.45,1464.0,1480.95,1481.7,1465.05,42930,63294372.1,28-APR-2023,5444,INE541A01023,
GMRINFRA,EQ,45.45,45.7,45.25,45.65,45.6,45.1,9432892,429027979.35,28-APR-2023,11203,INE776C01039,
GMRP&UI,EQ,19.5,19.7,18.8,18.9,18.85,19.35,490415,9358564.3,28-APR-2023,1618,INE0CU601026,
GNA,EQ,814.0,830.2,812.0,826.1,824.0,810.85,61238,50318299.55,28-APR-2023,4432,INE934S01014,
GNFC,EQ,580.0,598.0,577.25,588.5,587.0,578.4,2812486,1656238780.7,28-APR-2023,49298,INE113A01013,
GOACARBON,EQ,490.0,498.4,473.95,484.95,482.5,487.6,40507,19719603.2,28-APR-2023,1821,INE426D01013,
GOCLCORP,EQ,315.05,332.0,311.25,322.55,327.1,314.75,16309,5226866.9,28-APR-2023,463,INE077F01035,
GOCOLORS,EQ,1059.0,1092.35,1046.0,1074.1,1075.0,1046.65,18816,20183507.15,28-APR-2023,2548,INE0BJS01011,
GODFRYPHLP,EQ,1770.0,1791.2,1760.0,1770.3,1770.0,1762.55,42065,74565240.2,28-APR-2023,4260,INE260B01028,
GODHA,EQ,1.25,1.25,1.1,1.2,1.2,1.2,3772300,4429914.0,28-APR-2023,1091,INE925Y01036,
GODREJAGRO,EQ,435.1,440.45,434.4,437.95,437.5,434.55,54962,24037680.3,28-APR-2023,3578,INE850D01014,
GODREJCP,EQ,933.0,943.2,897.0,907.5,910.35,953.6,5510898,5027946007.05,28-APR-2023,142099,INE102D01028,
GODREJIND,EQ,445.5,453.85,444.0,450.2,448.05,444.7,288069,128790083.35,28-APR-2023,4158,INE233A01035,
GODREJPROP,EQ,1331.5,1331.5,1304.15,1315.25,1315.45,1319.9,847483,1115939456.55,28-APR-2023,33398,INE484J01027,
GOKEX,EQ,364.8,365.5,358.8,364.1,364.0,360.45,634987,229668461.1,28-APR-2023,4694,INE887G01027,
GOKUL,EQ,28.2,28.4,27.9,28.25,28.15,28.0,55382,1561434.15,28-APR-2023,490,INE020J01029,
GOKULAGRO,EQ,108.5,108.5,106.3,107.3,107.4,106.9,69369,7428632.85,28-APR-2023,1615,INE314T01025,
GOLDBEES,EQ,51.38,51.38,51.2,51.25,51.26,51.47,1904628,97651072.74,28-APR-2023,17039,INF204KB17I5,
GOLDIAM,EQ,144.0,151.6,143.95,148.1,148.5,143.4,1202986,179527622.45,28-APR-2023,11938,INE025B01025,
GOLDSHARE,EQ,51.7,51.7,51.2,51.4,51.5,51.55,21295,1095132.8,28-APR-2023,356,INF789F1AUX7,
GOLDTECH,BE,68.9,69.3,64.7,64.7,64.7,68.1,78071,5150755.25,28-APR-2023,277,INE805A01014,
GOODLUCK,EQ,462.2,466.25,448.0,455.35,461.0,460.5,592653,271173026.5,28-APR-2023,19094,INE127I01024,
GOODYEAR,EQ,1080.0,1114.45,1071.05,1105.5,1109.0,1078.05,44984,49123709.2,28-APR-2023,3453,INE533A01012,
GOYALALUM,BE,47.45,47.45,42.95,42.95,42.95,45.2,1259365,58200430.1,28-APR-2023,3704,INE705X01026,
GPIL,EQ,363.95,364.8,355.35,357.0,357.0,362.85,276593,99232507.75,28-APR-2023,6933,INE177H01021,
GPPL,EQ,110.4,116.65,110.0,113.9,113.4,109.8,2174167,247958077.3,28-APR-2023,23647,INE517F01014,
GPTINFRA,EQ,48.75,49.65,47.95,49.05,48.7,48.75,27125,1327830.75,28-APR-2023,255,INE390G01014,
GRANULES,EQ,303.75,303.9,297.95,300.35,300.0,302.2,991295,297440241.5,28-APR-2023,9925,INE101D01020,
GRAPHITE,EQ,292.65,298.25,288.65,296.75,296.35,291.15,1450408,427252922.6,28-APR-2023,18879,INE371A01025,
GRASIM,EQ,1705.0,1724.95,1695.0,1720.3,1716.95,1701.4,599262,1026789668.6,28-APR-2023,29548,INE047A01021,
GRAUWEIL,EQ,113.5,114.5,111.6,112.45,112.5,112.85,372129,41939501.75,28-APR-2023,4162,INE266D01021,
GRAVITA,EQ,503.75,512.0,499.05,508.4,508.0,500.95,115695,58620860.25,28-APR-2023,4557,INE024L01027,
GREAVESCOT,EQ,132.5,135.5,132.5,133.45,133.5,131.85,639251,85497917.25,28-APR-2023,6595,INE224A01026,
GREENLAM,EQ,289.25,293.8,285.3,290.2,292.0,285.05,17020,4937046.3,28-APR-2023,1169,INE544R01021,
GREENPANEL,EQ,297.75,299.0,294.5,298.3,298.45,294.8,224013,66586609.4,28-APR-2023,9802,INE08ZM01014,
GREENPLY,EQ,141.7,147.35,140.85,144.45,144.4,140.3,417324,60464685.55,28-APR-2023,6934,INE461C01038,
GREENPOWER,EQ,8.85,8.95,8.8,8.85,8.95,8.85,1915504,17033479.6,28-APR-2023,2796,INE999K01014,
GRINDWELL,EQ,1900.8,1925.0,1874.0,1900.4,1907.4,1891.3,34853,66153595.45,28-APR-2023,6330,INE536A01023,
GRINFRA,EQ,985.0,985.0,977.0,981.4,980.0,977.65,28602,28045282.7,28-APR-2023,2102,INE201P01022,
GRMOVER,EQ,197.05,208.0,195.45,202.9,204.55,196.45,195505,39913215.95,28-APR-2023,3589,INE192H01020,
GROBTEA,EQ,758.4,768.0,736.0,752.45,740.15,759.75,813,612545.25,28-APR-2023,100,INE646C01018,
GRPLTD,BE,3141.3,3141.3,3026.0,3127.35,3141.3,2991.75,920,2868164.85,28-APR-2023,117,INE137I01015,
GRSE,EQ,459.0,466.85,458.0,462.5,463.0,457.5,203395,94142298.6,28-APR-2023,7792,INE382Z01011,
GRWRHITECH,EQ,541.05,554.35,541.05,551.2,552.5,543.7,12876,7079378.2,28-APR-2023,1494,INE291A01017,
GSFC,EQ,153.5,164.7,152.75,158.95,158.5,152.3,24204527,3859745727.75,28-APR-2023,114582,INE026A01025,
GSLSU,EQ,222.9,229.95,222.15,226.2,226.65,223.05,791099,179451024.0,28-APR-2023,16189,INE0JSX01015,
GSPL,EQ,284.6,286.45,281.25,284.95,285.0,282.65,548710,156039708.3,28-APR-2023,12280,INE246F01010,
GSS,EQ,210.6,212.4,206.2,208.55,208.1,211.2,167980,35190773.85,28-APR-2023,3776,INE871H01011,
GTL,EQ,5.5,5.5,5.35,5.4,5.45,5.45,236114,1278374.2,28-APR-2023,544,INE043A01012,
GTLINFRA,EQ,0.8,0.8,0.75,0.8,0.8,0.8,8414914,6574710.85,28-APR-2023,7056,INE221H01019,
GTPL,EQ,104.15,107.35,103.35,104.8,104.05,104.5,83308,8807276.45,28-APR-2023,1223,INE869I01013,
GUFICBIO,EQ,197.5,204.0,197.05,201.1,204.0,197.3,44070,8827199.85,28-APR-2023,1926,INE742B01025,
GUJALKALI,EQ,693.0,707.45,681.3,684.45,684.5,689.25,766787,533351256.0,28-APR-2023,23860,INE186A01019,
GUJAPOLLO,EQ,198.05,199.35,196.0,196.7,197.4,195.15,2010,397177.75,28-APR-2023,173,INE826C01016,
GUJGASLTD,EQ,457.0,468.5,456.95,467.75,467.1,454.5,1640261,761786956.4,28-APR-2023,37265,INE844O01030,
GUJRAFFIA,BE,27.45,28.8,27.45,28.05,28.05,27.45,1975,56676.75,28-APR-2023,28,INE610B01024,
GULFOILLUB,EQ,410.0,410.0,406.7,408.0,408.0,408.3,38425,15684340.4,28-APR-2023,1089,INE635Q01029,
GULFPETRO,EQ,36.4,37.05,35.5,35.75,35.75,36.4,85906,3101183.05,28-APR-2023,859,INE586G01017,
GULPOLY,EQ,255.05,258.45,252.6,253.0,253.0,255.05,47233,12029007.75,28-APR-2023,2841,INE255D01024,
GVKPIL,EQ,2.5,2.55,2.45,2.5,2.55,2.5,914233,2310168.45,28-APR-2023,1026,INE251H01024,
HAL,EQ,2845.0,2924.95,2844.0,2920.2,2918.0,2838.95,997412,2887832674.55,28-APR-2023,53659,INE066F01012,
HAPPSTMNDS,EQ,812.0,824.0,811.95,822.75,822.0,807.35,191573,156931063.25,28-APR-2023,11910,INE419U01012,
HARDWYN,EQ,364.45,367.95,359.1,363.95,363.05,358.35,44220,16078670.8,28-APR-2023,2562,INE626Z01011,
HARIOMPIPE,EQ,535.6,537.75,530.0,534.6,533.0,532.15,59954,32047339.15,28-APR-2023,3207,INE00EV01017,
HARRMALAYA,EQ,118.3,118.3,116.3,116.9,116.55,116.0,18867,2206400.55,28-APR-2023,341,INE544A01019,
HARSHA,EQ,426.0,431.4,421.3,429.5,430.0,426.2,76423,32632060.45,28-APR-2023,3152,INE0JUS01029,
HATHWAY,EQ,13.7,13.8,13.3,13.4,13.45,13.65,2887895,38891344.0,28-APR-2023,4762,INE982F01036,
HATSUN,EQ,849.05,851.45,843.0,848.0,843.5,849.6,3728,3156884.25,28-APR-2023,644,INE473B01035,
HAVELLS,EQ,1221.0,1233.85,1212.45,1230.2,1228.4,1221.2,584411,715663766.1,28-APR-2023,27378,INE176B01034,
HAVISHA,BE,1.95,2.0,1.85,1.95,2.0,1.95,10927,21515.25,28-APR-2023,64,INE293B01029,
HBANKETF,EQ,431.76,434.15,430.96,433.49,434.04,431.46,2359,1019446.48,28-APR-2023,133,INF179KC1AN8,
HBLPOWER,EQ,113.8,116.7,111.7,112.35,112.6,113.15,2485569,283587323.55,28-APR-2023,13687,INE292B01021,
HBSL,EQ,47.45,47.45,46.4,47.0,47.4,46.65,2156,101089.45,28-APR-2023,135,INE550B01022,
HCC,EQ,16.5,16.65,16.15,16.2,16.2,16.35,12640359,207045610.45,28-APR-2023,7116,INE549A01026,
HCG,EQ,270.7,272.75,268.45,270.0,270.0,270.0,55377,14954140.25,28-APR-2023,2161,INE075I01017,
HCL-INSYS,EQ,13.2,13.4,13.15,13.2,13.25,13.15,230570,3053815.85,28-APR-2023,896,INE236A01020,
HCLTECH,EQ,1059.95,1068.75,1053.75,1064.1,1063.0,1071.25,2629188,2792764742.4,28-APR-2023,72550,INE860A01027,
HDFC,EQ,2772.0,2780.85,2753.6,2775.6,2770.0,2772.9,4660013,12911293011.9,28-APR-2023,154074,INE001A01036,
HDFCAMC,EQ,1733.9,1768.85,1733.9,1764.3,1768.0,1733.6,368828,647560332.3,28-APR-2023,20759,INE127D01025,
HDFCBANK,EQ,1684.7,1691.0,1670.0,1687.6,1687.15,1681.0,13958136,23428939295.55,28-APR-2023,182365,INE040A01034,
HDFCBSE500,EQ,24.3,24.9,24.3,24.72,24.8,24.05,2238,55301.0,28-APR-2023,91,INF179KC1EZ4,
HDFCGROWTH,EQ,87.5,88.6,87.33,88.25,88.2,87.52,1571,138183.47,28-APR-2023,36,INF179KC1DJ0,
HDFCLIFE,EQ,517.1,531.0,516.45,529.75,530.45,517.85,4031679,2120532120.4,28-APR-2023,57070,INE795G01014,
HDFCLOWVOL,EQ,133.5,135.0,133.3,134.98,135.0,132.61,312,41809.62,28-APR-2023,22,INF179KC1DN2,
HDFCMFGETF,EQ,52.97,52.97,52.61,52.67,52.79,53.03,242341,12789102.95,28-APR-2023,1419,INF179KC1981,
HDFCMID150,EQ,118.0,121.62,118.0,118.85,119.25,117.76,3743,445694.14,28-APR-2023,55,INF179KC1FA4,
HDFCMOMENT,EQ,191.31,192.59,191.01,192.45,192.51,191.7,738,141645.37,28-APR-2023,22,INF179KC1DM4,
HDFCNEXT50,EQ,392.0,395.99,391.21,394.09,394.68,390.02,1930,760905.28,28-APR-2023,54,INF179KC1DA9,
HDFCNIF100,EQ,177.93,180.33,177.93,179.77,179.75,178.0,136,24328.29,28-APR-2023,16,INF179KC1DB7,
HDFCNIFETF,EQ,196.0,196.0,193.6,195.29,195.65,193.61,33251,6472715.3,28-APR-2023,354,INF179KC1965,
HDFCNIFIT,EQ,279.9,279.9,276.07,277.11,276.87,274.64,831,230392.27,28-APR-2023,54,INF179KC1DX1,
HDFCPVTBAN,EQ,216.91,219.94,216.52,218.02,219.9,217.6,934,202799.66,28-APR-2023,25,INF179KC1DW3,
HDFCQUAL,EQ,39.0,39.52,38.92,39.49,39.49,39.0,5340,208278.03,28-APR-2023,57,INF179KC1DL6,
HDFCSENETF,EQ,659.6,665.0,657.95,663.42,663.7,659.07,4326,2857630.17,28-APR-2023,170,INF179KC1973,
HDFCSILVER,EQ,73.39,73.39,72.63,72.89,72.9,73.39,107848,7883279.78,28-APR-2023,444,INF179KC1DI2,
HDFCSML250,EQ,93.44,94.45,93.44,94.11,94.26,93.44,18272,1720068.35,28-APR-2023,219,INF179KC1FB2,
HDFCVALUE,EQ,92.99,93.06,92.16,92.97,93.06,92.97,1159,107480.3,28-APR-2023,27,INF179KC1DK8,
HEADSUP,EQ,12.7,12.95,12.45,12.8,12.65,12.45,138753,1768310.35,28-APR-2023,1965,INE759V01019,
HEALTHY,EQ,8.04,8.08,7.95,8.07,8.07,7.98,38114,307074.01,28-APR-2023,222,INF209KB10C2,
HECPROJECT,EQ,31.15,31.9,30.6,31.3,31.4,31.05,1188,37293.1,28-APR-2023,41,INE558R01013,
HEG,EQ,1081.0,1120.1,1075.4,1114.8,1116.0,1078.35,341758,377659461.5,28-APR-2023,18904,INE545A01016,
HEIDELBERG,EQ,168.45,173.85,168.05,172.75,172.5,167.6,203483,35035457.1,28-APR-2023,3917,INE578A01017,
HEMIPROP,EQ,94.0,94.65,93.0,93.35,93.15,93.75,253083,23739278.65,28-APR-2023,2528,INE0AJG01018,
HERANBA,EQ,358.0,364.45,358.0,360.75,360.45,358.25,35878,12947297.05,28-APR-2023,1997,INE694N01015,
HERCULES,EQ,198.15,204.9,196.8,202.0,201.1,196.25,38137,7708910.4,28-APR-2023,1573,INE688E01024,
HERITGFOOD,EQ,167.15,170.05,166.0,169.15,169.55,166.4,124930,21043700.0,28-APR-2023,2347,INE978A01027,
HEROMOTOCO,EQ,2520.0,2567.0,2515.15,2558.6,2560.0,2508.65,721370,1833765731.25,28-APR-2023,31011,INE158A01026,
HESTERBIO,EQ,1790.1,1818.25,1778.05,1810.85,1810.0,1786.05,1690,3042070.5,28-APR-2023,279,INE782E01017,
HEUBACHIND,EQ,331.45,333.25,321.1,323.6,324.9,330.3,16098,5248379.3,28-APR-2023,1014,INE492A01029,
HEXATRADEX,EQ,148.1,150.15,147.9,149.65,148.15,148.05,2385,356349.4,28-APR-2023,103,INE750M01017,
HFCL,EQ,63.4,65.7,63.35,64.8,64.5,62.9,8525932,551536561.45,28-APR-2023,23288,INE548A01028,
HGINFRA,EQ,873.8,891.85,865.55,880.95,878.2,869.5,95509,83911731.25,28-APR-2023,9828,INE926X01010,
HGS,EQ,1027.05,1046.4,1027.05,1034.05,1035.0,1026.8,24391,25262455.6,28-APR-2023,2804,INE170I01016,
HIKAL,EQ,293.85,299.8,289.2,295.5,293.0,292.0,209104,61750265.0,28-APR-2023,7801,INE475B01022,
HIL,EQ,2700.0,2749.85,2680.0,2703.1,2708.1,2683.15,7020,19062989.2,28-APR-2023,1787,INE557A01011,
HILTON,BE,147.0,149.5,142.0,146.95,148.0,144.85,58885,8606290.1,28-APR-2023,535,INE788H01017,
HIMATSEIDE,EQ,82.85,83.9,81.1,81.9,82.4,82.8,191073,15817879.1,28-APR-2023,2269,INE049A01027,
HINDALCO,EQ,433.5,437.0,430.9,436.1,435.5,430.8,4913550,2132723158.45,28-APR-2023,47290,INE038A01020,
HINDCOMPOS,EQ,291.95,295.0,291.0,292.65,292.0,290.05,3468,1016209.35,28-APR-2023,189,INE310C01029,
HINDCON,EQ,94.0,94.8,90.1,92.25,92.9,92.15,16887,1574358.55,28-APR-2023,814,INE642Y01011,
HINDCOPPER,EQ,100.4,102.0,100.1,101.4,101.2,99.85,2867161,289959290.15,28-APR-2023,11167,INE531E01026,
HINDMOTORS,EQ,13.9,14.15,13.85,13.95,13.95,13.9,194075,2718330.9,28-APR-2023,872,INE253A01025,
HINDOILEXP,EQ,153.5,167.5,152.55,164.5,164.9,151.25,4718965,772142531.8,28-APR-2023,34532,INE345A01011,
HINDPETRO,EQ,251.5,251.8,247.3,251.25,250.75,250.6,1624774,405732530.3,28-APR-2023,20184,INE094A01015,
HINDUNILVR,EQ,2436.05,2467.8,2419.0,2457.3,2458.0,2468.95,3761927,9170072491.45,28-APR-2023,167242,INE030A01027,
HINDWAREAP,EQ,389.65,396.45,385.0,385.95,386.05,390.35,46890,18270047.55,28-APR-2023,2660,INE05AN01011,
HINDZINC,EQ,311.55,314.9,311.3,314.35,314.6,310.3,554348,174002669.35,28-APR-2023,12625,INE267A01025,
HIRECT,EQ,212.0,215.0,212.0,214.0,213.7,210.65,2812,601156.85,28-APR-2023,108,INE835D01023,
HISARMETAL,EQ,143.15,144.8,138.0,142.7,142.8,141.1,16428,2343799.3,28-APR-2023,525,INE598C01011,
HITECH,EQ,78.75,78.75,76.35,76.8,76.9,77.45,139413,10706490.75,28-APR-2023,1769,INE106T01025,
HITECHCORP,EQ,178.15,182.0,172.6,180.95,178.0,181.25,9879,1763445.85,28-APR-2023,860,INE120D01012,
HITECHGEAR,EQ,250.95,255.55,241.05,250.4,248.0,248.2,28040,7026351.5,28-APR-2023,546,INE127B01011,
HLEGLAS,EQ,600.0,608.7,590.15,594.35,595.0,595.9,56743,33991948.65,28-APR-2023,5109,INE461D01028,
HLVLTD,EQ,10.8,11.1,10.75,10.8,10.9,10.7,395962,4330342.25,28-APR-2023,824,INE102A01024,
HMVL,EQ,46.3,49.85,46.25,48.4,48.1,46.2,126915,6104859.3,28-APR-2023,1056,INE871K01015,
HNDFDS,EQ,595.0,599.3,581.0,587.3,588.0,590.5,34529,20346140.7,28-APR-2023,4596,INE254N01026,
HNGSNGBEES,EQ,284.01,289.0,283.0,285.44,285.0,282.87,15514,4434264.07,28-APR-2023,497,INF204KB19I1,
HOMEFIRST,EQ,706.0,715.0,706.0,712.45,712.0,705.9,34683,24680489.5,28-APR-2023,4048,INE481N01025,
HONAUT,EQ,35500.0,35787.25,35379.85,35595.4,35550.0,35351.0,7948,282465458.75,28-APR-2023,1204,INE671A01010,
HONDAPOWER,EQ,2470.15,2500.0,2435.15,2466.85,2460.0,2445.7,16900,41774519.15,28-APR-2023,3658,INE634A01018,
HOVS,EQ,45.6,49.9,44.25,49.9,49.9,41.6,790438,38171302.35,28-APR-2023,5632,INE596H01014,
HPAL,EQ,386.65,386.65,372.2,374.25,373.0,383.0,55011,20806288.75,28-APR-2023,2327,INE0GSL01016,
HPIL,BE,91.95,93.5,89.0,93.25,93.4,89.05,4109,374627.85,28-APR-2023,32,INE05X901010,
HPL,EQ,91.0,92.5,89.8,91.85,91.5,90.5,149607,13701848.5,28-APR-2023,2643,INE495S01016,
HSCL,EQ,102.0,104.95,101.75,103.55,103.3,101.3,3232962,334511438.55,28-APR-2023,15771,INE019C01026,
HTMEDIA,EQ,16.95,17.55,16.65,17.4,17.45,16.9,255392,4382905.9,28-APR-2023,846,INE501G01024,
HUBTOWN,EQ,39.95,39.95,38.0,38.85,38.7,38.7,119992,4665832.1,28-APR-2023,751,INE703H01016,
HUDCO,EQ,48.5,49.5,48.4,49.15,48.95,48.4,4149984,203485965.85,28-APR-2023,11648,INE031A01017,
HUHTAMAKI,EQ,227.0,231.0,223.05,228.15,226.7,225.15,192268,43825144.55,28-APR-2023,5007,INE275B01026,
HYBRIDFIN,EQ,11.8,12.0,11.2,11.4,11.35,11.55,9249,107386.9,28-APR-2023,98,INE965B01022,
IBMFNIFTY,EQ,181.5,185.0,181.5,184.4,183.7,181.47,345,63452.0,28-APR-2023,94,INF666M01FS5,
IBREALEST,EQ,71.5,73.6,71.25,72.8,72.85,71.5,8134188,590098105.95,28-APR-2023,22146,INE069I01010,
IBULHSGFIN,EQ,106.75,108.55,106.55,107.65,107.9,106.2,7178000,771439812.8,28-APR-2023,24650,INE148I01020,
ICDSLTD,BE,26.95,26.95,25.75,26.7,26.7,26.45,1342,35065.15,28-APR-2023,24,INE613B01010,
ICEMAKE,EQ,333.0,339.0,316.95,326.55,335.0,327.4,33161,10886517.5,28-APR-2023,1189,INE520Y01019,
ICICI10GS,EQ,213.6,213.6,213.59,213.59,213.59,213.0,2,427.19,28-APR-2023,2,INF109KC18O0,
ICICI500,EQ,25.16,25.49,25.16,25.39,25.38,25.16,1294690,32879785.05,28-APR-2023,379,INF109KC1V59,
ICICI5GSEC,EQ,52.4,52.5,52.26,52.27,52.27,52.45,5518,289543.17,28-APR-2023,19,INF109KC14A8,
ICICIALPLV,EQ,177.03,179.64,177.03,179.39,179.59,177.03,57301,10239152.47,28-APR-2023,204,INF109KC1N59,
ICICIAUTO,EQ,132.86,133.35,131.89,132.72,133.35,131.97,12170,1613005.47,28-APR-2023,200,INF109KC1Y49,
ICICIB22,EQ,62.0,62.5,61.56,62.36,62.29,61.75,352484,21868414.87,28-APR-2023,1989,INF109KB15Y7,
ICICIBANK,EQ,915.1,920.45,910.25,917.65,919.3,918.35,20381002,18642498731.8,28-APR-2023,206736,INE090A01021,
ICICIBANKN,EQ,43.5,44.0,42.9,43.25,43.31,43.12,63918,2750413.38,28-APR-2023,417,INF109KC15I8,
ICICIBANKP,EQ,215.72,216.7,215.02,216.48,216.67,215.77,4713,1017748.24,28-APR-2023,101,INF109KC1E35,
ICICICOMMO,EQ,57.98,57.98,57.1,57.76,57.87,57.05,7077,407412.84,28-APR-2023,85,INF109KC19O8,
ICICICONSU,EQ,75.02,76.0,75.02,75.79,75.88,75.22,10809,818165.16,28-APR-2023,35,INF109KC1V42,
ICICIFIN,EQ,16.95,16.95,16.54,16.71,16.74,16.58,62096,1033516.13,28-APR-2023,61,INF109KC17L8,
ICICIFMCG,EQ,488.2,493.85,484.6,490.19,491.65,487.16,8805,4298684.7,28-APR-2023,171,INF109KC1R48,
ICICIGI,EQ,1070.0,1083.0,1066.1,1079.15,1078.85,1066.1,527428,566782779.3,28-APR-2023,26269,INE765G01017,
ICICIGOLD,EQ,52.84,52.89,52.51,52.69,52.69,52.85,292880,15431209.72,28-APR-2023,2006,INF109KC1NT3,
ICICIINFRA,EQ,53.88,54.63,53.88,54.45,54.63,53.84,3639,197486.07,28-APR-2023,56,INF109KC16E5,
ICICILIQ,EQ,1000.01,1000.02,999.7,999.99,1000.0,1000.0,600428,600427798.98,28-APR-2023,2190,INF109KC1KT9,
ICICILOVOL,EQ,143.58,145.44,143.53,144.87,145.0,143.58,9204,1327278.36,28-APR-2023,549,INF109KB10T8,
ICICIM150,EQ,119.95,121.5,119.95,121.23,121.35,119.95,18701,2262121.7,28-APR-2023,236,INF109KC1G82,
ICICIMCAP,EQ,96.3,97.75,96.3,97.47,97.29,96.13,7360,713388.8,28-APR-2023,179,INF109KB1XT3,
ICICIMOM30,EQ,19.3,19.78,19.3,19.49,19.5,19.3,8653,168016.5,28-APR-2023,58,INF109KC17C7,
ICICINF100,EQ,187.4,195.07,187.4,194.92,195.07,193.1,20996,4069264.39,28-APR-2023,215,INF109KA1962,
ICICINIFTY,EQ,200.65,200.65,194.71,196.28,195.85,194.81,314650,61495403.97,28-APR-2023,2625,INF109K012R6,
ICICINV20,EQ,100.36,101.74,100.36,101.4,101.36,100.36,22126,2230826.62,28-APR-2023,595,INF109KB1WY5,
ICICINXT50,EQ,40.2,40.8,40.2,40.68,40.75,40.19,48593,1972453.17,28-APR-2023,638,INF109KC1NS5,
ICICIPHARM,EQ,80.15,81.03,80.15,80.75,81.0,80.09,7533,606321.47,28-APR-2023,102,INF109KC1Q72,
ICICIPRULI,EQ,425.6,436.5,425.5,434.5,433.5,424.45,1882788,814452769.35,28-APR-2023,33308,INE726G01019,
ICICISENSX,EQ,668.99,674.89,667.31,671.6,672.31,667.78,4731,3168286.87,28-APR-2023,130,INF346A01034,
ICICISILVE,EQ,76.19,76.19,75.26,75.43,75.45,76.07,85236,6439606.1,28-APR-2023,1013,INF109KC1Y56,
ICICITECH,EQ,28.77,28.95,28.51,28.85,28.83,28.43,532027,15336881.85,28-APR-2023,1105,INF109KC16I6,
ICIL,EQ,134.0,138.1,133.55,135.4,135.95,133.05,681061,92879742.55,28-APR-2023,7684,INE483B01026,
ICRA,EQ,4754.5,4769.95,4710.4,4731.2,4730.0,4754.5,1356,6442178.15,28-APR-2023,207,INE725G01011,
IDBI,EQ,54.55,55.6,54.1,54.65,54.55,54.35,9847582,539922532.95,28-APR-2023,17159,INE008A01015,
IDBIGOLD,EQ,5502.8,5611.45,5502.8,5533.0,5535.0,5581.55,399,2209239.7,28-APR-2023,89,INF397L01554,
IDEA,EQ,6.95,7.1,6.9,6.95,6.95,6.9,95346249,668376421.4,28-APR-2023,68769,INE669E01016,
IDFC,EQ,85.65,88.0,85.55,87.8,88.0,85.1,9130464,795031102.45,28-APR-2023,21411,INE043D01016,
IDFCFIRSTB,EQ,60.0,62.0,58.75,61.45,62.0,59.45,67480695,4101086065.95,28-APR-2023,81069,INE092T01019,
IDFNIFTYET,EQ,190.0,191.53,189.76,190.38,190.38,190.05,163,31151.24,28-APR-2023,15,INF194KA1U07,
IEL,EQ,9.05,9.1,8.8,8.9,8.95,8.85,93631,833889.85,28-APR-2023,380,INE059901020,
IEX,EQ,152.45,156.9,152.0,156.55,156.3,152.2,7276330,1127813716.65,28-APR-2023,43559,INE022Q01020,
IFBAGRO,EQ,495.0,501.45,491.05,493.75,496.0,494.1,3196,1583390.7,28-APR-2023,417,INE076C01018,
IFBIND,EQ,847.0,860.0,845.0,847.35,846.3,843.1,21037,17899193.35,28-APR-2023,2295,INE559A01017,
IFCI,EQ,11.45,11.65,11.25,11.35,11.3,11.35,5102501,58302046.8,28-APR-2023,3476,INE039A01010,
IFGLEXPOR,EQ,237.4,243.4,236.9,240.25,241.0,237.0,3757,901398.5,28-APR-2023,261,INE133Y01011,
IGARASHI,EQ,364.45,371.95,364.45,368.2,368.9,364.45,12543,4625237.55,28-APR-2023,703,INE188B01013,
IGL,EQ,490.0,495.95,485.0,495.3,494.0,488.6,2333200,1146983101.0,28-APR-2023,38349,INE203G01027,
IGPL,EQ,482.9,487.7,480.0,481.3,483.5,482.65,8599,4157553.1,28-APR-2023,692,INE204A01010,
IIFL,EQ,485.0,487.75,475.0,479.75,478.35,483.3,397820,191184263.9,28-APR-2023,13402,INE530B01024,
IIFLSEC,EQ,58.5,59.35,58.2,58.75,58.75,58.2,351192,20636396.25,28-APR-2023,4157,INE489L01022,
IITL,EQ,81.45,83.3,81.45,81.95,81.85,80.55,3171,261254.15,28-APR-2023,95,INE886A01014,
IMAGICAA,EQ,42.95,44.8,42.75,43.25,43.45,42.7,598663,26284970.05,28-APR-2023,3768,INE172N01012,
IMFA,EQ,287.95,288.2,282.95,284.0,283.9,285.35,36080,10286862.4,28-APR-2023,1744,INE919H01018,
IMPAL,EQ,712.0,717.7,702.5,708.55,702.5,711.05,1591,1129259.85,28-APR-2023,184,INE547E01014,
IMPEXFERRO,BE,3.3,3.3,3.1,3.25,3.3,3.15,84465,271738.8,28-APR-2023,164,INE691G01015,
INCREDIBLE,EQ,20.1,20.85,19.55,20.1,20.05,20.4,12146,245650.85,28-APR-2023,103,INE452L01012,
INDBANK,EQ,27.7,28.1,27.25,27.85,27.95,27.3,307495,8543749.9,28-APR-2023,1624,INE841B01017,
INDHOTEL,EQ,348.0,348.0,336.6,339.1,339.0,340.0,13144055,4497450043.4,28-APR-2023,107561,INE053A01029,
INDIACEM,EQ,182.0,186.4,181.85,185.55,185.15,181.55,3053377,561612596.45,28-APR-2023,21136,INE383A01012,
INDIAGLYCO,EQ,557.0,573.0,551.0,565.25,565.5,555.65,160859,90815573.15,28-APR-2023,6335,INE560A01015,
INDIAMART,EQ,5315.0,5420.0,5211.05,5366.65,5363.05,5248.5,183459,978121631.45,28-APR-2023,23106,INE933S01016,
INDIANB,EQ,318.6,328.0,317.7,322.4,322.0,316.95,2163861,699800947.45,28-APR-2023,29933,INE562A01011,
INDIANCARD,EQ,251.75,251.75,241.4,242.85,241.5,246.75,4216,1031021.8,28-APR-2023,257,INE061A01014,
INDIANHUME,EQ,137.9,140.25,137.05,139.0,139.25,137.0,22846,3174399.5,28-APR-2023,667,INE323C01030,
INDIGO,EQ,2027.7,2037.45,2007.2,2020.95,2022.0,2021.05,579273,1171693371.6,28-APR-2023,53557,INE646L01027,
INDIGOPNTS,EQ,1141.0,1156.0,1141.0,1153.55,1153.5,1140.15,35002,40309182.0,28-APR-2023,3652,INE09VQ01012,
INDNIPPON,EQ,371.0,374.45,362.65,366.25,365.05,371.0,6876,2527604.6,28-APR-2023,481,INE092B01025,
INDOAMIN,EQ,89.05,90.3,88.9,89.3,89.55,88.35,26765,2397265.95,28-APR-2023,853,INE760F01028,
INDOBORAX,EQ,117.0,119.1,115.0,117.25,117.15,114.95,36297,4265668.3,28-APR-2023,886,INE803D01021,
INDOCO,EQ,315.05,325.45,313.7,323.45,321.5,314.4,159267,51179976.2,28-APR-2023,11044,INE873D01024,
INDORAMA,EQ,45.1,47.0,43.05,45.65,46.6,45.5,164495,7398572.1,28-APR-2023,1073,INE156A01020,
INDOSTAR,BE,129.95,129.95,121.9,123.05,125.95,128.15,48776,6084520.8,28-APR-2023,381,INE896L01010,
INDOTECH,EQ,204.9,208.9,199.35,201.3,200.5,204.6,3692,746595.8,28-APR-2023,113,INE332H01014,
INDOTHAI,BE,300.0,301.0,295.85,300.85,301.0,290.05,663,199155.7,28-APR-2023,26,INE337M01013,
INDOWIND,EQ,11.5,11.55,10.8,11.05,11.0,11.1,208390,2297907.0,28-APR-2023,562,INE227G01018,
INDRAMEDCO,BE,84.5,86.25,83.7,84.15,84.45,84.45,93344,7923802.05,28-APR-2023,543,INE681B01017,
INDSWFTLAB,EQ,67.5,72.5,66.9,70.35,70.3,67.4,255815,17901553.1,28-APR-2023,3372,INE915B01019,
INDSWFTLTD,EQ,8.45,8.65,8.1,8.65,8.65,8.25,18835,160110.85,28-APR-2023,77,INE788B01028,
INDTERRAIN,EQ,51.55,54.95,51.55,54.65,54.7,51.9,279100,15085067.8,28-APR-2023,2562,INE611L01021,
INDUSINDBK,EQ,1148.75,1157.55,1135.0,1152.8,1153.0,1144.75,2239678,2565565544.9,28-APR-2023,71915,INE095A01012,
INDUSTOWER,EQ,144.85,160.4,144.85,155.0,154.8,144.85,46124871,7190544779.25,28-APR-2023,198578,INE121J01017,
INFIBEAM,EQ,13.6,14.3,13.55,13.7,13.8,13.5,12011157,166555075.4,28-APR-2023,10221,INE483S01020,
INFOBEAN,EQ,479.0,479.7,461.0,463.85,465.0,465.35,23708,11064478.9,28-APR-2023,1921,INE344S01016,
INFOMEDIA,EQ,5.1,5.1,4.8,4.8,5.0,4.9,3945,19028.5,28-APR-2023,17,INE669A01022,
INFRABEES,EQ,548.07,555.5,548.01,554.63,555.5,546.75,10011,5529334.12,28-APR-2023,289,INF732E01268,
INFY,EQ,1255.7,1259.0,1244.95,1252.75,1252.95,1246.25,10118277,12669777883.05,28-APR-2023,240556,INE009A01021,
INGERRAND,EQ,2800.0,2818.0,2740.0,2765.5,2770.0,2789.65,15735,43680489.1,28-APR-2023,3744,INE177A01018,
INOXGREEN,EQ,42.4,43.85,42.15,43.05,43.0,42.1,553248,23902301.15,28-APR-2023,4092,INE510W01014,
INOXWIND,EQ,104.2,109.7,103.0,106.3,107.25,104.05,565794,60302433.65,28-APR-2023,7297,INE066P01011,
INSECTICID,EQ,479.25,485.0,476.6,482.3,478.5,479.25,29520,14202172.5,28-APR-2023,1332,INE070I01018,
INSPIRISYS,BE,55.4,56.3,53.55,55.4,55.4,55.4,4131,223569.45,28-APR-2023,31,INE020G01017,
INTELLECT,EQ,443.0,450.5,440.05,445.9,445.0,439.25,433496,193016657.8,28-APR-2023,12422,INE306R01017,
INTENTECH,EQ,63.75,65.45,62.85,64.15,64.5,63.6,25729,1652557.65,28-APR-2023,347,INE781A01025,
INTLCONV,EQ,58.35,58.65,55.5,56.3,56.0,57.8,81705,4638631.6,28-APR-2023,918,INE575C01027,
INVENTURE,EQ,1.9,1.9,1.8,1.85,1.9,1.85,1591945,2953203.9,28-APR-2023,8111,INE878H01024,
IOB,EQ,24.9,26.0,24.9,25.8,25.8,24.7,28140229,718514726.25,28-APR-2023,22132,INE565A01014,
IOC,EQ,80.95,81.55,80.4,81.4,81.35,80.45,11996476,972089448.65,28-APR-2023,46700,INE242A01010,
IOLCP,EQ,427.9,439.0,390.0,398.55,399.0,426.8,1449891,600372049.15,28-APR-2023,24855,INE485C01011,
IONEXCHANG,EQ,3319.7,3354.15,3250.0,3280.6,3290.0,3314.15,23320,76872712.25,28-APR-2023,5347,INE570A01014,
IPCALAB,EQ,701.0,713.35,697.0,710.15,709.0,699.05,1263145,892908278.0,28-APR-2023,41896,INE571A01038,
IPL,EQ,219.85,222.0,217.8,221.8,222.0,217.75,89588,19833456.4,28-APR-2023,2535,INE0D6701023,
IRB,EQ,28.0,28.35,27.25,27.4,27.5,27.2,17945444,495738067.15,28-APR-2023,18754,INE821I01022,
IRCON,EQ,74.0,75.45,73.15,74.3,74.2,72.6,22755240,1692858876.2,28-APR-2023,54104,INE962Y01021,
IRCTC,EQ,610.1,619.65,608.4,617.8,618.0,606.1,1552366,953830876.5,28-APR-2023,35256,INE335Y01020,
IRFC,EQ,31.7,32.35,31.5,31.75,31.75,31.45,94569856,3015730161.35,28-APR-2023,95170,INE053F01010,
IRIS,EQ,75.6,76.55,75.0,76.2,76.5,75.2,9211,699607.9,28-APR-2023,160,INE864K01010,
IRISDOREME,EQ,361.75,361.75,352.0,354.3,352.0,355.7,12072,4322424.25,28-APR-2023,480,INE01GN01017,
ISEC,EQ,439.95,449.4,437.95,443.05,442.05,438.15,171801,76301168.35,28-APR-2023,7089,INE763G01038,
ISFT,EQ,134.8,134.95,130.55,132.65,133.35,130.8,70448,9307957.75,28-APR-2023,413,INE566K01011,
ISGEC,EQ,489.0,490.2,480.35,487.25,486.75,486.0,26725,13010077.15,28-APR-2023,3250,INE858B01029,
ISMTLTD,EQ,71.6,72.2,70.2,70.55,70.75,71.15,255198,18077484.8,28-APR-2023,2697,INE732F01019,
ITBEES,EQ,28.59,28.92,28.59,28.86,28.88,28.49,6925822,199629118.46,28-APR-2023,13619,INF204KB15V2,
ITC,EQ,418.0,428.25,413.7,425.55,426.2,416.0,12718721,5358687978.1,28-APR-2023,125288,INE154A01025,
ITDC,EQ,313.0,316.9,308.6,309.75,310.0,310.25,73253,22790922.7,28-APR-2023,2424,INE353K01014,
ITDCEM,EQ,117.1,126.0,117.1,123.65,123.7,116.25,2958154,363032118.15,28-APR-2023,25279,INE686A01026,
ITI,EQ,94.7,96.1,94.7,95.15,95.15,94.55,271290,25873720.7,28-APR-2023,3436,INE248A01017,
IVC,EQ,6.05,6.25,6.05,6.15,6.2,6.1,138367,850123.4,28-APR-2023,443,INE050B01023,
IVP,EQ,148.95,169.8,142.65,169.8,169.8,141.5,313343,50742243.25,28-APR-2023,4434,INE043C01018,
IVZINGOLD,EQ,5302.25,5400.0,5272.25,5352.7,5400.0,5379.3,140,747065.2,28-APR-2023,54,INF205K01361,
IVZINNIFTY,EQ,1971.15,1984.6,1970.05,1983.45,1984.6,1957.05,6,11875.0,28-APR-2023,5,INF205K01DA9,
IWEL,EQ,1078.15,1119.0,1072.05,1098.7,1087.0,1087.5,1110,1227579.1,28-APR-2023,314,INE0FLR01028,
IZMO,EQ,125.05,126.6,122.0,124.65,124.0,124.7,119951,14930876.2,28-APR-2023,1493,INE848A01014,
J&KBANK,EQ,54.7,58.5,54.55,58.2,58.4,54.35,17476916,1002524631.35,28-APR-2023,33341,INE168A01041,
JAGRAN,EQ,73.65,74.2,73.0,73.35,73.4,73.0,105151,7733628.2,28-APR-2023,1009,INE199G01027,
JAGSNPHARM,EQ,344.8,347.85,340.5,342.85,343.0,339.8,11815,4050040.75,28-APR-2023,440,INE048B01027,
JAIBALAJI,EQ,58.0,63.4,57.0,59.8,61.25,57.65,1249756,76158548.95,28-APR-2023,9804,INE091G01018,
JAICORPLTD,EQ,148.05,151.0,147.5,148.5,148.5,147.05,809347,120583358.1,28-APR-2023,7068,INE070D01027,
JAIPURKURT,EQ,98.0,98.0,87.7,89.6,88.2,96.65,41195,3758708.25,28-APR-2023,578,INE696V01013,
JAMNAAUTO,EQ,104.45,105.3,103.7,104.65,104.7,103.5,273035,28546757.55,28-APR-2023,3691,INE039C01032,
JASH,EQ,950.0,950.0,915.0,929.1,915.0,949.0,6406,5956124.95,28-APR-2023,780,INE039O01011,
JAYAGROGN,EQ,168.35,170.7,166.1,169.5,170.0,167.55,18635,3149417.25,28-APR-2023,311,INE785A01026,
JAYBARMARU,EQ,151.4,154.5,148.8,152.2,152.7,151.5,40524,6176805.9,28-APR-2023,900,INE571B01028,
JAYNECOIND,EQ,22.55,23.0,22.55,22.9,22.95,22.4,141129,3211445.1,28-APR-2023,392,INE854B01010,
JAYSREETEA,EQ,87.2,88.6,87.2,87.4,87.2,87.25,18159,1592608.7,28-APR-2023,342,INE364A01020,
JBCHEPHARM,EQ,2140.0,2152.0,2111.55,2129.85,2111.55,2129.15,114041,244186807.55,28-APR-2023,5825,INE572A01028,
JBMA,EQ,806.3,825.0,795.1,802.65,800.6,804.0,379984,308055894.45,28-APR-2023,11741,INE927D01044,
JCHAC,EQ,1128.5,1129.25,1112.25,1121.3,1120.0,1122.85,9268,10389675.4,28-APR-2023,1691,INE782A01015,
JETFREIGHT,EQ,12.05,12.05,11.45,11.5,11.55,11.95,922032,10762505.85,28-APR-2023,1285,INE982V01025,
JHS,EQ,17.8,17.8,17.35,17.7,17.75,17.45,30021,531469.25,28-APR-2023,125,INE544H01014,
JINDALPHOT,EQ,335.25,338.6,329.85,331.7,335.6,333.65,7475,2491485.55,28-APR-2023,634,INE796G01012,
JINDALPOLY,EQ,622.75,632.7,616.5,625.2,624.0,619.6,44646,27872336.0,28-APR-2023,3573,INE197D01010,
JINDALSAW,EQ,163.0,164.8,160.55,163.55,163.6,162.6,1165476,189452402.55,28-APR-2023,9505,INE324A01024,
JINDALSTEL,EQ,581.85,585.2,578.0,582.85,582.0,579.45,1733781,1008066649.4,28-APR-2023,23185,INE749A01030,
JINDRILL,EQ,305.6,308.8,300.1,301.9,301.0,304.0,43115,13118345.65,28-APR-2023,1892,INE742C01031,
JINDWORLD,EQ,361.45,369.95,357.35,361.65,359.6,358.0,59061,21578148.95,28-APR-2023,1941,INE247D01039,
JISLDVREQS,EQ,18.1,18.25,18.0,18.2,18.05,18.05,3166,57537.85,28-APR-2023,91,IN9175A01010,
JISLJALEQS,EQ,35.4,36.3,34.95,35.35,35.4,35.15,2860247,101631453.85,28-APR-2023,5066,INE175A01038,
JITFINFRA,BE,132.6,134.7,128.5,132.1,133.8,132.65,25926,3397317.2,28-APR-2023,174,INE863T01013,
JKCEMENT,EQ,2938.0,3000.0,2922.0,2993.3,3000.0,2924.9,106460,315485369.75,28-APR-2023,11442,INE823G01014,
JKIL,EQ,274.5,277.7,272.0,272.7,274.0,274.5,87781,24110952.25,28-APR-2023,2968,INE576I01022,
JKLAKSHMI,EQ,793.6,798.45,776.65,782.15,780.0,784.65,116819,91996233.35,28-APR-2023,8717,INE786A01032,
JKPAPER,EQ,373.0,379.05,372.1,377.3,377.5,372.0,514319,193661565.75,28-APR-2023,11474,INE789E01012,
JKTYRE,EQ,170.9,181.3,170.55,178.6,179.35,170.9,4516252,804107754.2,28-APR-2023,34521,INE573A01042,
JMA,EQ,64.0,64.8,63.05,64.5,64.8,62.8,18816,1207124.55,28-APR-2023,166,INE412C01023,
JMFINANCIL,EQ,60.95,62.95,60.4,60.65,60.95,60.2,4467366,273774683.8,28-APR-2023,12684,INE780C01023,
JOCIL,EQ,187.35,190.6,185.1,188.4,189.4,187.45,7885,1483545.45,28-APR-2023,206,INE839G01010,
JPASSOCIAT,EQ,7.55,7.7,7.4,7.45,7.5,7.55,5860729,44155356.25,28-APR-2023,3352,INE455F01025,
JPOLYINVST,EQ,516.65,522.1,511.1,516.3,520.0,514.85,3642,1885461.4,28-APR-2023,352,INE147P01019,
JPPOWER,EQ,5.9,6.0,5.8,5.85,5.9,5.85,14516609,85392410.2,28-APR-2023,6975,INE351F01018,
JSL,EQ,286.0,287.8,273.6,281.9,283.0,280.25,973098,271179711.1,28-APR-2023,20827,INE220G01021,
JSWENERGY,EQ,258.45,262.25,257.1,260.7,259.25,256.55,779466,203305882.5,28-APR-2023,9942,INE121E01018,
JSWHL,EQ,4349.95,4384.8,4302.3,4339.15,4345.0,4312.9,2318,10082813.9,28-APR-2023,579,INE824G01012,
JSWISPL,EQ,33.15,33.2,32.7,32.9,32.75,33.0,662559,21856909.35,28-APR-2023,1398,INE743C01021,
JSWSTEEL,EQ,736.0,736.0,721.55,725.3,726.6,732.1,1593083,1156800011.05,28-APR-2023,31868,INE019A01038,
JTEKTINDIA,EQ,105.0,110.95,104.5,108.6,109.4,104.25,776727,84776870.3,28-APR-2023,13233,INE643A01035,
JTLIND,EQ,335.9,337.95,326.4,329.15,329.9,330.95,198588,65744600.75,28-APR-2023,6818,INE391J01024,
JUBLFOOD,EQ,444.9,448.0,442.4,446.45,446.65,444.9,1572590,700219655.85,28-APR-2023,28168,INE797F01020,
JUBLINDS,EQ,413.9,417.5,408.1,410.9,410.0,411.75,4311,1775968.7,28-APR-2023,455,INE645L01011,
JUBLINGREA,EQ,412.0,423.9,410.0,421.45,420.3,411.9,510639,213613581.25,28-APR-2023,10846,INE0BY001018,
JUBLPHARMA,EQ,301.9,313.4,301.9,311.75,310.05,301.1,97471,30066601.7,28-APR-2023,5057,INE700A01033,
JUNIORBEES,EQ,415.6,418.94,413.2,418.39,418.35,413.08,135304,56344136.47,28-APR-2023,5327,INF732E01045,
JUSTDIAL,EQ,673.0,677.95,669.0,675.0,672.0,670.05,134631,90815183.3,28-APR-2023,3600,INE599M01018,
JWL,EQ,109.15,110.6,104.8,105.15,105.5,108.0,565595,60290482.9,28-APR-2023,4862,INE209L01016,
JYOTHYLAB,EQ,192.9,195.75,192.15,194.75,194.0,194.0,162446,31641278.0,28-APR-2023,3829,INE668F01031,
KABRAEXTRU,EQ,504.0,508.2,500.0,501.35,502.5,500.15,37892,19044599.65,28-APR-2023,4422,INE900B01029,
KAJARIACER,EQ,1108.6,1108.6,1088.05,1094.8,1095.0,1101.05,89653,98624992.4,28-APR-2023,11811,INE217B01036,
KAKATCEM,EQ,204.15,207.95,203.1,206.4,205.0,205.25,4308,885721.15,28-APR-2023,203,INE437B01014,
KALPATPOWR,EQ,536.4,542.0,534.45,539.95,540.0,534.05,97941,52771673.45,28-APR-2023,6767,INE220B01022,
KALYANIFRG,BE,252.0,254.5,250.05,251.3,251.15,255.0,1172,294383.25,28-APR-2023,45,INE314G01014,
KALYANKJIL,EQ,102.2,107.2,102.05,102.7,103.2,101.7,6799696,711277560.5,28-APR-2023,35610,INE303R01014,
KAMATHOTEL,EQ,174.8,178.9,170.25,174.35,174.0,173.0,99220,17247119.65,28-APR-2023,1370,INE967C01018,
KAMDHENU,EQ,342.7,356.0,341.15,345.85,347.9,341.1,282736,98257087.95,28-APR-2023,5571,INE390H01012,
KAMOPAINTS,EQ,236.05,237.95,224.25,227.15,226.5,236.8,294958,68731457.25,28-APR-2023,5374,INE0BTI01029,
KANANIIND,EQ,7.1,7.2,6.9,6.95,6.95,7.05,45630,319450.45,28-APR-2023,242,INE879E01037,
KANORICHEM,EQ,118.45,118.45,115.7,117.6,117.5,117.9,18411,2167346.3,28-APR-2023,201,INE138C01024,
KANPRPLA,EQ,91.15,95.75,91.15,93.65,93.1,92.6,12137,1144482.3,28-APR-2023,238,INE694E01014,
KANSAINER,EQ,381.8,385.3,379.5,380.15,380.0,379.95,132392,50493678.35,28-APR-2023,11593,INE531A01024,
KAPSTON,EQ,137.1,139.9,133.0,136.3,135.0,137.1,4012,546912.55,28-APR-2023,387,INE542Z01010,
KARMAENG,BE,35.1,35.9,35.1,35.15,35.1,35.9,1888,66396.1,28-APR-2023,18,INE725L01011,
KARURVYSYA,EQ,96.0,98.35,96.0,97.8,97.55,95.65,2699641,263514031.0,28-APR-2023,13395,INE036D01028,
KAUSHALYA,EQ,4.4,4.4,4.1,4.25,4.25,4.4,25742,109178.5,28-APR-2023,153,INE234I01010,
KAVVERITEL,EQ,5.4,5.4,5.2,5.25,5.25,5.25,5877,30989.25,28-APR-2023,73,INE641C01019,
KAYA,EQ,310.0,346.0,304.0,336.2,335.45,308.3,147511,48890854.4,28-APR-2023,5930,INE587G01015,
KAYNES,EQ,980.0,994.5,970.1,987.45,981.1,978.3,85768,84663005.1,28-APR-2023,7227,INE918Z01012,
KBCGLOBAL,BE,2.15,2.25,2.1,2.25,2.25,2.15,3298741,7329597.2,28-APR-2023,981,INE278R01034,
KCP,EQ,104.3,106.2,104.0,105.8,106.0,104.2,80832,8511123.25,28-APR-2023,1426,INE805C01028,
KCPSUGIND,EQ,25.8,25.9,25.4,25.55,25.7,25.55,172081,4412446.05,28-APR-2023,818,INE790B01024,
KDDL,EQ,1096.05,1149.0,1096.05,1121.8,1125.85,1097.15,30485,34287318.85,28-APR-2023,4339,INE291D01011,
KEC,EQ,459.8,462.05,457.3,458.95,458.55,457.65,432601,198893780.8,28-APR-2023,8558,INE389H01022,
KECL,EQ,101.6,103.4,98.35,99.65,99.45,100.9,1905846,191502720.0,28-APR-2023,16753,INE134B01017,
KEEPLEARN,BE,3.6,3.65,3.5,3.65,3.65,3.5,16749,60148.55,28-APR-2023,49,INE055C01020,
KEI,EQ,1900.45,1922.55,1883.05,1895.05,1893.0,1898.35,275394,523269885.55,28-APR-2023,14406,INE878B01027,
KELLTONTEC,EQ,60.45,63.95,58.5,59.5,59.95,58.95,929080,56666677.25,28-APR-2023,6498,INE164B01022,
KENNAMET,EQ,2338.8,2340.0,2263.0,2282.2,2293.0,2305.45,7037,16143745.95,28-APR-2023,1607,INE717A01029,
KERNEX,BE,270.0,277.8,266.2,274.95,274.9,273.95,7221,1962231.65,28-APR-2023,140,INE202H01019,
KESORAMIND,EQ,62.65,62.85,60.85,61.3,60.9,62.25,518950,32113888.45,28-APR-2023,3828,INE087A01019,
KEYFINSERV,EQ,96.5,103.8,96.5,100.35,101.0,95.1,36180,3634089.3,28-APR-2023,811,INE681C01015,
KFINTECH,EQ,315.65,317.5,313.05,314.05,314.75,314.7,58369,18371009.45,28-APR-2023,2098,INE138Y01010,
KHADIM,EQ,231.55,234.8,224.25,225.8,226.25,229.6,54834,12546533.75,28-APR-2023,3059,INE834I01025,
KHAICHEM,EQ,77.9,77.9,75.2,75.95,76.55,75.55,161137,12319606.8,28-APR-2023,1949,INE745B01028,
KHAITANLTD,EQ,40.3,40.3,38.7,38.9,38.8,38.95,6740,264961.85,28-APR-2023,106,INE731C01018,
KHANDSE,EQ,24.5,24.9,23.25,24.05,23.7,24.35,6847,165421.25,28-APR-2023,92,INE060B01014,
KICL,EQ,1793.9,1797.0,1752.0,1789.1,1785.0,1779.0,1187,2112528.7,28-APR-2023,229,INE029L01018,
KILITCH,EQ,173.05,176.55,165.4,174.25,175.05,172.75,25598,4347780.9,28-APR-2023,700,INE729D01010,
KIMS,EQ,1471.1,1520.0,1471.1,1510.55,1512.2,1466.4,10531,15767661.75,28-APR-2023,1927,INE967H01017,
KINGFA,EQ,1667.25,1683.3,1630.1,1652.9,1662.2,1658.95,6768,11172687.65,28-APR-2023,1200,INE473D01015,
KIOCL,EQ,193.05,196.45,193.05,195.05,195.7,193.4,21728,4239182.4,28-APR-2023,883,INE880L01014,
KIRIINDUS,EQ,296.15,304.4,295.0,296.45,295.1,294.05,170672,51107692.35,28-APR-2023,7279,INE415I01015,
KIRLFER,EQ,424.35,431.7,410.5,413.45,410.5,423.5,194391,81390190.8,28-APR-2023,9896,INE884B01025,
KIRLOSBROS,EQ,422.0,427.8,421.5,425.1,426.35,420.6,69593,29537793.0,28-APR-2023,3434,INE732A01036,
KIRLOSENG,EQ,399.0,401.75,392.2,393.85,394.0,396.2,164344,65287858.3,28-APR-2023,8414,INE146L01010,
KIRLOSIND,EQ,2564.9,2615.75,2540.0,2567.0,2560.0,2539.5,3928,10133814.3,28-APR-2023,1215,INE250A01039,
KIRLPNU,EQ,580.55,603.05,554.5,592.65,587.4,585.25,216752,126248030.2,28-APR-2023,10589,INE811A01020,
KITEX,EQ,161.8,162.4,159.1,160.05,160.25,160.6,91036,14623963.55,28-APR-2023,1625,INE602G01020,
KKCL,EQ,460.9,472.0,458.1,463.35,462.3,460.9,166389,77127032.45,28-APR-2023,6752,INE401H01017,
KMSUGAR,EQ,29.25,29.7,28.65,28.85,29.0,29.25,315647,9216241.05,28-APR-2023,1392,INE157H01023,
KNRCON,EQ,240.85,242.3,238.5,240.2,240.2,240.05,183312,44060839.35,28-APR-2023,3480,INE634I01029,
KOHINOOR,EQ,42.6,43.15,42.2,43.15,43.15,41.1,278052,11943160.6,28-APR-2023,810,INE080B01012,
KOKUYOCMLN,EQ,75.0,78.7,74.05,77.95,78.25,74.55,152646,11792910.65,28-APR-2023,1567,INE760A01029,
KOLTEPATIL,EQ,254.45,261.6,251.5,252.35,252.4,253.15,437619,111794058.85,28-APR-2023,11168,INE094I01018,
KOPRAN,EQ,156.0,156.05,150.15,152.8,153.75,155.1,108850,16601469.1,28-APR-2023,2869,INE082A01010,
KOTAKALPHA,EQ,26.75,26.8,26.56,26.74,26.77,26.66,188278,5029257.87,28-APR-2023,562,INF174KA1IA5,
KOTAKBANK,EQ,1906.0,1943.3,1896.1,1938.05,1933.0,1908.6,4367612,8398779972.0,28-APR-2023,112897,INE237A01028,
KOTAKBKETF,EQ,440.0,440.0,434.31,437.59,438.2,436.28,7127,3110350.79,28-APR-2023,301,INF174K01F59,
KOTAKCONS,EQ,74.5,75.25,74.5,74.89,74.89,73.91,1560,116262.62,28-APR-2023,14,INF174KA1JE5,
KOTAKGOLD,EQ,51.63,51.63,51.32,51.42,51.38,51.64,131534,6767445.98,28-APR-2023,655,INF174KA1HJ8,
KOTAKIT,EQ,28.45,28.74,28.41,28.65,28.72,28.34,217675,6228227.23,28-APR-2023,652,INF174KA1GC5,
KOTAKLOVOL,EQ,13.87,13.87,13.37,13.56,13.57,13.54,607,8228.7,28-APR-2023,69,INF174KA1IY5,
KOTAKMID50,EQ,89.26,90.35,89.0,90.02,90.35,89.02,11079,989775.3,28-APR-2023,61,INF174KA1IB3,
KOTAKMNC,EQ,19.7,19.93,19.49,19.75,19.71,19.7,22273,438105.74,28-APR-2023,46,INF174KA1JF2,
KOTAKNIFTY,EQ,191.59,193.06,190.49,192.4,191.78,190.94,28062,5366774.41,28-APR-2023,396,INF174K014P6,
KOTAKNV20,EQ,102.14,103.36,102.14,103.24,103.36,102.41,3500,360365.06,28-APR-2023,91,INF174K01Z71,
KOTAKPSUBK,EQ,406.21,414.28,404.24,412.37,410.1,402.91,32597,13303974.24,28-APR-2023,562,INF373I01023,
KOTAKSILVE,EQ,74.01,74.59,73.51,73.8,73.81,74.13,5151,380386.94,28-APR-2023,55,INF174KA1KU9,
KOTARISUG,EQ,39.0,39.7,39.0,39.3,39.35,39.05,87375,3443763.1,28-APR-2023,679,INE419A01022,
KOTHARIPET,EQ,65.15,65.9,63.7,64.0,64.2,64.95,41728,2696963.1,28-APR-2023,619,INE720A01015,
KOTHARIPRO,EQ,116.0,116.5,113.7,115.4,116.1,116.15,1761,203782.95,28-APR-2023,87,INE823A01017,
KOVAI,EQ,1980.2,1990.0,1950.1,1962.8,1965.15,1953.9,2975,5879940.15,28-APR-2023,526,INE177F01017,
KPIGREEN,EQ,512.9,512.9,492.15,506.05,503.95,508.85,314800,158278300.3,28-APR-2023,12644,INE542W01017,
KPITTECH,EQ,932.0,942.5,910.5,916.8,914.35,919.55,1332189,1230583617.45,28-APR-2023,31984,INE04I401011,
KPRMILL,EQ,613.0,613.0,596.1,600.95,601.15,607.6,174866,105263705.9,28-APR-2023,8030,INE930H01031,
KRBL,EQ,387.1,398.65,383.85,396.25,395.0,386.4,622351,244896073.75,28-APR-2023,13389,INE001B01026,
KREBSBIO,BE,71.0,73.9,70.6,71.0,71.0,71.0,4379,313101.45,28-APR-2023,55,INE268B01013,
KRIDHANINF,BE,2.4,2.5,2.35,2.35,2.4,2.45,128745,307861.3,28-APR-2023,150,INE524L01026,
KRISHANA,EQ,475.75,479.0,468.6,470.4,470.0,472.0,31393,14841861.5,28-APR-2023,811,INE506W01012,
KRITI,EQ,104.0,104.3,101.1,102.0,101.8,103.05,11414,1171848.9,28-APR-2023,208,INE479D01038,
KRITIKA,EQ,11.95,11.95,11.5,11.6,11.6,11.55,111179,1294840.2,28-APR-2023,414,INE00Z501029,
KRITINUT,EQ,47.2,48.15,46.7,47.35,47.55,46.95,24020,1136237.65,28-APR-2023,400,INE798K01010,
KRSNAA,EQ,511.45,511.5,497.0,506.0,507.0,508.85,81718,41244186.55,28-APR-2023,5616,INE08LI01020,
KSB,EQ,2226.0,2257.9,2223.0,2250.55,2255.0,2227.15,20117,44999410.35,28-APR-2023,3329,INE999A01015,
KSCL,EQ,536.7,537.1,526.05,531.6,531.0,534.0,27304,14467509.35,28-APR-2023,2257,INE455I01029,
KSHITIJPOL,EQ,16.95,17.5,16.15,16.15,16.15,17.0,1169353,19199809.0,28-APR-2023,2721,INE013801027,
KSL,EQ,321.0,335.85,316.15,331.75,331.05,321.8,293818,97295186.1,28-APR-2023,7018,INE907A01026,
KSOLVES,EQ,619.95,624.4,609.1,611.45,615.0,613.0,29175,17892740.2,28-APR-2023,1986,INE0D6I01015,
KTKBANK,EQ,131.0,136.45,131.0,134.65,134.7,130.7,2520745,338940443.45,28-APR-2023,20358,INE614B01018,
KUANTUM,EQ,148.05,152.0,147.85,149.75,150.2,147.95,203683,30661634.35,28-APR-2023,2042,INE529I01021,
L&TFH,EQ,91.25,92.95,91.0,92.55,92.55,90.85,6058319,558493227.55,28-APR-2023,20447,INE498L01015,
LAGNAM,EQ,56.0,56.95,55.3,55.8,55.5,55.85,17664,987336.55,28-APR-2023,355,INE548Z01017,
LAL,EQ,158.9,158.9,155.0,158.9,158.9,151.35,8392,1333470.25,28-APR-2023,123,INE740X01015,
LALPATHLAB,EQ,1922.9,1961.5,1915.0,1954.5,1950.9,1931.4,136510,264107528.45,28-APR-2023,14433,INE600L01024,
LAMBODHARA,EQ,227.0,228.0,216.4,219.05,217.05,223.6,122422,27098347.95,28-APR-2023,3615,INE112F01022,
LANCER,EQ,151.95,154.0,147.6,149.7,149.7,149.05,219488,32788533.1,28-APR-2023,4563,INE359U01028,
LANDMARK,EQ,575.4,588.9,569.55,577.95,577.0,567.2,44089,25538943.85,28-APR-2023,3297,INE559R01029,
LAOPALA,EQ,368.45,385.0,365.6,383.75,384.0,367.75,315171,119794062.3,28-APR-2023,10186,INE059D01020,
LASA,EQ,24.4,25.4,24.4,24.55,24.5,24.9,34379,849631.7,28-APR-2023,284,INE670X01014,
LATENTVIEW,EQ,359.95,362.5,357.2,360.4,360.0,358.55,151617,54632146.65,28-APR-2023,5082,INE0I7C01011,
LAURUSLABS,EQ,280.0,311.4,278.85,307.6,307.4,292.05,15852450,4745717889.15,28-APR-2023,135197,INE947Q01028,
LAXMICOT,EQ,22.0,22.65,21.35,21.75,21.9,22.1,39451,867826.85,28-APR-2023,307,INE801V01019,
LAXMIMACH,EQ,10625.3,10805.0,10430.1,10673.8,10800.0,10530.0,26281,277579756.3,28-APR-2023,3754,INE269B01029,
LCCINFOTEC,EQ,1.65,1.7,1.65,1.7,1.65,1.65,97459,164386.6,28-APR-2023,71,INE938A01021,
LEMONTREE,EQ,87.7,90.4,86.55,88.05,88.2,87.05,8790007,778599364.15,28-APR-2023,33461,INE970X01018,
LEXUS,EQ,72.85,73.9,69.8,72.25,71.0,72.8,9242,663359.1,28-APR-2023,171,INE500X01013,
LFIC,EQ,108.4,110.5,107.45,107.8,107.85,107.45,1624,176905.4,28-APR-2023,47,INE850E01012,
LGBBROSLTD,EQ,864.0,877.95,863.0,869.75,871.0,862.4,46315,40331757.75,28-APR-2023,2754,INE337A01034,
LGBFORGE,EQ,9.15,9.15,8.6,8.7,8.7,8.85,109811,968218.8,28-APR-2023,321,INE201J01017,
LIBAS,EQ,12.4,12.4,11.75,12.0,12.05,12.1,76477,916767.95,28-APR-2023,377,INE908V01012,
LIBERTSHOE,EQ,242.95,244.5,236.0,237.95,238.4,241.35,144188,34764549.85,28-APR-2023,3117,INE557B01019,
LICHSGFIN,EQ,340.1,345.5,338.75,344.2,344.0,339.75,2562027,876316465.05,28-APR-2023,20699,INE115A01026,
LICI,EQ,548.5,552.8,546.55,549.9,550.25,545.7,1231240,677013220.6,28-APR-2023,24571,INE0J1Y01017,
LICNETFGSC,EQ,23.58,23.98,23.5,23.64,23.56,23.58,24711,583730.94,28-APR-2023,78,INF767K01MV5,
LICNETFN50,EQ,192.6,194.25,192.54,193.7,194.25,192.47,6045,1168775.62,28-APR-2023,59,INF767K01OS7,
LICNETFSEN,EQ,659.0,661.0,657.01,660.45,661.0,656.0,30,19794.66,28-APR-2023,26,INF767K01OT5,
LICNFNHGP,EQ,188.8,190.4,188.8,190.02,190.4,188.75,939,178451.57,28-APR-2023,27,INF767K01PC8,
LIKHITHA,EQ,289.0,291.45,280.1,285.55,285.35,287.75,152903,43744048.2,28-APR-2023,8446,INE060901027,
LINC,EQ,633.95,633.95,599.05,601.6,603.0,627.5,47074,28797692.2,28-APR-2023,6256,INE802B01019,
LINCOLN,EQ,392.95,397.95,389.0,391.85,392.8,392.95,49054,19330824.45,28-APR-2023,2559,INE405C01035,
LINDEINDIA,EQ,3937.55,4005.0,3912.05,3984.45,4000.75,3916.4,30440,120451388.75,28-APR-2023,7352,INE473A01011,
LIQUIDBEES,EQ,1000.0,1000.01,999.99,1000.0,1000.01,999.99,1914075,1914077192.64,28-APR-2023,10294,INF732E01037,
LIQUIDETF,EQ,1000.01,1000.01,999.99,999.99,1000.01,1000.0,107202,107201677.91,28-APR-2023,212,INF740KA1EU7,
LODHA,EQ,951.0,952.2,916.05,928.9,926.0,940.5,702186,651097736.9,28-APR-2023,35653,INE670K01029,
LOKESHMACH,EQ,128.45,134.35,126.05,130.45,130.9,127.2,157369,20524449.65,28-APR-2023,3094,INE397H01017,
LOTUSEYE,EQ,62.6,63.0,62.0,62.05,62.3,62.6,1444,89871.8,28-APR-2023,51,INE947I01017,
LOVABLE,EQ,109.4,109.95,105.15,107.05,106.8,108.6,24689,2654124.85,28-APR-2023,856,INE597L01014,
LOYALTEX,EQ,659.65,700.05,654.05,675.0,675.0,668.8,141,94111.55,28-APR-2023,36,INE970D01010,
LPDC,EQ,6.0,6.2,5.9,6.0,6.05,5.9,35597,213671.45,28-APR-2023,215,INE197J01017,
LSIL,EQ,20.3,21.5,19.6,21.25,21.2,20.3,10458125,218384288.2,28-APR-2023,11320,INE093R01011,
LT,EQ,2312.3,2369.0,2312.3,2364.4,2360.0,2305.6,2884961,6769472231.4,28-APR-2023,109342,INE018A01030,
LTGILTBEES,EQ,23.89,23.9,23.81,23.83,23.86,23.89,148549,3546548.58,28-APR-2023,173,INF204KB1882,
LTIM,EQ,4335.0,4443.45,4284.45,4419.45,4411.0,4320.15,1138300,5002830644.75,28-APR-2023,102388,INE214T01019,
LTTS,EQ,3731.0,3873.5,3721.0,3775.25,3788.0,3731.0,855661,3262097798.35,28-APR-2023,61476,INE010V01017,
LUMAXIND,EQ,2062.0,2106.2,2040.0,2050.15,2054.0,2050.75,19006,39186890.5,28-APR-2023,2631,INE162B01018,
LUMAXTECH,EQ,314.1,319.0,310.8,312.4,312.85,312.5,172951,54141577.45,28-APR-2023,5794,INE872H01027,
LUPIN,EQ,699.35,710.35,696.0,709.5,707.1,693.75,957872,675887421.65,28-APR-2023,24917,INE326A01037,
LUXIND,EQ,1366.0,1377.8,1350.55,1362.1,1369.0,1360.6,42263,57683817.55,28-APR-2023,4428,INE150G01020,
LXCHEM,EQ,281.0,285.2,278.2,281.15,281.2,277.8,642206,180465352.95,28-APR-2023,12924,INE576O01020,
LYKALABS,EQ,103.7,104.35,102.8,103.05,103.2,103.65,64989,6738093.9,28-APR-2023,920,INE933A01014,
LYPSAGEMS,EQ,4.4,4.55,4.2,4.4,4.55,4.35,11795,50850.5,28-APR-2023,79,INE142K01011,
M&M,EQ,1225.0,1228.75,1211.5,1226.9,1225.1,1224.0,2333102,2852380878.35,28-APR-2023,94563,INE101A01026,
M&MFIN,EQ,257.95,259.7,253.1,259.0,259.1,256.85,4029363,1036547625.05,28-APR-2023,30790,INE774D01024,
MAANALU,EQ,197.95,203.0,197.0,200.7,200.4,196.05,14781,2950951.5,28-APR-2023,798,INE215I01019,
MACPOWER,EQ,311.85,311.85,303.1,306.4,306.1,304.4,8409,2571206.35,28-APR-2023,328,INE155Z01011,
MADHAV,EQ,43.7,44.8,42.6,43.7,44.3,43.0,15265,664563.35,28-APR-2023,319,INE925C01016,
MADHUCON,BE,4.85,4.95,4.6,4.65,4.75,4.85,67439,314016.6,28-APR-2023,95,INE378D01032,
MADRASFERT,EQ,72.75,73.7,72.15,72.75,72.6,72.25,978643,71379391.55,28-APR-2023,6244,INE414A01015,
MAESGETF,EQ,28.92,29.19,28.84,29.09,29.09,28.81,5204,150856.81,28-APR-2023,61,INF769K01GS9,
MAFANG,EQ,48.97,49.28,48.94,49.14,49.15,47.94,580066,28505058.43,28-APR-2023,2005,INF769K01HF4,
MAFSETF,EQ,19.5,19.5,19.1,19.25,19.26,19.2,350455,6726076.13,28-APR-2023,541,INF769K01HI8,
MAGADSUGAR,EQ,379.95,384.0,374.0,375.6,376.95,379.1,16336,6198163.15,28-APR-2023,675,INE347W01011,
MAGNUM,EQ,30.75,30.75,29.7,29.8,30.0,29.9,31915,954358.45,28-APR-2023,421,INE387I01016,
MAGOLDETF,EQ,62.05,62.05,59.6,60.15,60.0,60.5,7353,441810.85,28-APR-2023,57,INF769K01JP9,
MAGS813ETF,EQ,24.05,24.05,24.05,24.05,24.05,24.04,250,6012.5,28-APR-2023,1,INF769K01KF8,
MAHABANK,EQ,29.8,30.4,29.7,30.2,30.15,29.7,23532983,707999771.65,28-APR-2023,18782,INE457A01014,
MAHAPEXLTD,EQ,103.0,103.0,96.5,98.05,101.9,100.2,4241,418368.35,28-APR-2023,187,INE843B01013,
MAHASTEEL,EQ,65.3,74.45,63.1,70.6,68.3,65.35,165576,11298133.55,28-APR-2023,3466,INE451L01014,
MAHEPC,EQ,95.1,107.65,93.4,100.55,99.4,94.25,327355,32881909.25,28-APR-2023,2418,INE215D01010,
MAHESHWARI,EQ,85.8,86.0,84.6,85.05,85.0,84.75,63185,5400953.2,28-APR-2023,291,INE263W01010,
MAHINDCIE,EQ,408.0,415.75,392.5,398.8,399.85,406.8,3128310,1272218746.85,28-APR-2023,47884,INE536H01010,
MAHKTECH,EQ,13.95,13.97,13.7,13.81,13.83,13.78,385861,5321607.51,28-APR-2023,947,INF769K01HS7,
MAHLIFE,EQ,366.5,374.95,359.35,372.1,372.0,363.8,562526,205539116.55,28-APR-2023,8804,INE813A01018,
MAHLOG,EQ,370.5,372.0,367.45,369.85,369.5,368.5,43248,15988934.2,28-APR-2023,2306,INE766P01016,
MAHSCOOTER,EQ,5004.0,5075.0,4966.85,5052.4,5031.1,4950.7,8616,43293494.8,28-APR-2023,1284,INE288A01013,
MAHSEAMLES,EQ,423.0,436.55,423.0,433.5,430.15,428.35,555150,240193242.15,28-APR-2023,13249,INE271B01025,
MAITHANALL,EQ,888.9,913.45,880.0,906.3,905.0,884.45,40058,36048722.6,28-APR-2023,4045,INE683C01011,
MALLCOM,EQ,786.0,849.0,786.0,823.9,849.0,805.85,4226,3426844.3,28-APR-2023,448,INE389C01015,
MALUPAPER,EQ,29.9,30.3,29.4,29.9,30.0,29.85,13517,404960.9,28-APR-2023,121,INE383H01017,
MAM150ETF,EQ,12.25,12.25,11.87,11.97,11.96,11.87,49872,595274.14,28-APR-2023,272,INF769K01IC9,
MAMFGETF,EQ,83.55,84.2,83.48,84.15,84.2,83.22,5895,493974.13,28-APR-2023,166,INF769K01IB1,
MAN50ETF,EQ,187.58,189.0,186.93,188.34,188.65,187.47,9667,1816285.69,28-APR-2023,146,INF769K01EG9,
MANAKALUCO,EQ,21.4,21.4,20.8,20.95,20.9,21.05,32400,680441.2,28-APR-2023,333,INE859Q01017,
MANAKCOAT,EQ,15.95,15.95,15.25,15.5,15.35,15.85,25542,397985.5,28-APR-2023,261,INE830Q01018,
MANAKSIA,EQ,120.55,129.1,120.55,127.9,127.65,121.7,280172,35250771.05,28-APR-2023,2223,INE015D01022,
MANAKSTEEL,EQ,40.2,41.45,38.6,39.25,39.0,39.9,129291,5141851.55,28-APR-2023,1051,INE824Q01011,
MANALIPETC,EQ,73.0,75.8,72.4,73.7,73.6,72.4,948193,70416942.25,28-APR-2023,8702,INE201A01024,
MANAPPURAM,EQ,128.1,130.0,127.6,129.7,129.5,127.9,3292431,425151068.2,28-APR-2023,15285,INE522D01027,
MANGALAM,EQ,114.0,116.6,113.1,114.85,113.1,113.6,35381,4074767.85,28-APR-2023,396,INE584F01014,
MANGCHEFER,EQ,90.85,94.25,89.8,90.15,90.05,89.95,632020,57693479.55,28-APR-2023,4830,INE558B01017,
MANGLMCEM,EQ,287.0,292.7,282.15,290.0,288.0,285.3,46002,13241559.5,28-APR-2023,1806,INE347A01017,
MANINDS,EQ,92.2,96.0,91.7,94.3,94.4,91.7,132770,12506222.95,28-APR-2023,1932,INE993A01026,
MANINFRA,EQ,82.4,82.5,81.35,81.8,81.5,82.4,491553,40308315.4,28-APR-2023,1659,INE949H01023,
MANOMAY,EQ,139.3,141.4,135.0,136.5,138.9,136.55,8313,1138155.85,28-APR-2023,163,INE784W01015,
MANORAMA,EQ,1095.9,1109.95,1086.1,1101.95,1109.95,1100.7,2873,3164570.45,28-APR-2023,212,INE00VM01010,
MANORG,BE,510.0,513.0,470.2,473.8,479.9,489.75,8508,4142420.9,28-APR-2023,328,INE370D01013,
MANUGRAPH,EQ,17.85,18.3,17.7,17.85,17.85,18.3,37141,669500.2,28-APR-2023,284,INE867A01022,
MANV30F,EQ,134.0,134.0,132.71,132.71,132.71,132.75,129,17135.7,28-APR-2023,9,INF769K01JU9,
MANXT50,EQ,394.26,399.58,394.26,398.22,398.42,393.1,9036,3589813.59,28-APR-2023,48,INF769K01FN2,
MANYAVAR,EQ,1256.95,1276.7,1247.55,1272.15,1265.0,1256.2,33991,43049203.55,28-APR-2023,5147,INE825V01034,
MAPMYINDIA,EQ,1063.25,1118.0,1054.55,1098.2,1095.7,1063.45,353190,388103763.75,28-APR-2023,20236,INE0BV301023,
MARALOVER,EQ,58.6,61.1,58.0,59.0,58.5,58.05,18579,1102524.75,28-APR-2023,330,INE882A01013,
MARATHON,EQ,311.7,313.9,305.0,305.55,305.0,308.4,32127,9906847.6,28-APR-2023,2518,INE182D01020,
MARICO,EQ,497.9,499.9,493.85,496.4,497.65,497.9,1293767,642376500.85,28-APR-2023,31215,INE196A01026,
MARINE,EQ,48.8,48.8,46.0,46.5,46.3,47.9,972655,46185137.25,28-APR-2023,4050,INE01JE01028,
MARKSANS,EQ,81.35,81.65,79.75,80.8,80.5,81.2,1650770,133195241.75,28-APR-2023,5662,INE750C01026,
MARSHALL,BE,58.75,58.75,55.55,56.75,57.65,57.95,33485,1911012.4,28-APR-2023,245,INE00SZ01018,
MARUTI,EQ,8593.0,8612.45,8535.1,8589.55,8606.0,8542.95,387567,3324105783.55,28-APR-2023,53686,INE585B01010,
MASFIN,EQ,694.6,701.45,694.6,699.95,699.9,694.6,31814,22262971.4,28-APR-2023,1788,INE348L01012,
MASPTOP50,EQ,28.88,28.88,28.36,28.69,28.74,28.26,67754,1943193.55,28-APR-2023,399,INF769K01HP3,
MASTEK,EQ,1719.75,1729.85,1710.25,1720.85,1715.15,1708.2,81467,140255579.0,28-APR-2023,9332,INE759A01021,
MATRIMONY,EQ,526.9,536.25,526.4,529.4,529.0,526.4,4785,2540012.15,28-APR-2023,470,INE866R01028,
MAWANASUG,EQ,95.6,96.45,95.0,96.0,96.0,95.25,183643,17583924.7,28-APR-2023,2176,INE636A01039,
MAXHEALTH,EQ,454.0,462.1,449.0,460.05,456.0,452.2,1111659,506629888.75,28-APR-2023,45022,INE027H01010,
MAXIND,EQ,93.2,95.9,93.2,94.95,95.0,92.3,116737,11079193.9,28-APR-2023,1555,INE0CG601016,
MAXVIL,EQ,184.9,194.45,183.0,192.15,192.0,183.7,105663,20062877.0,28-APR-2023,1540,INE154U01015,
MAYURUNIQ,EQ,497.05,510.9,497.05,509.05,510.0,500.05,66664,33778368.8,28-APR-2023,3810,INE040D01038,
MAZDA,EQ,655.25,668.05,655.25,664.15,666.0,658.25,1830,1215494.3,28-APR-2023,145,INE885E01034,
MAZDOCK,EQ,746.5,764.75,743.0,754.3,754.5,743.05,1018060,770706740.05,28-APR-2023,28037,INE249Z01012,
MBAPL,EQ,581.1,597.0,580.0,595.45,594.0,588.85,15977,9365767.35,28-APR-2023,495,INE900L01010,
MBLINFRA,EQ,18.1,19.7,18.1,19.35,19.15,18.35,467667,8876523.8,28-APR-2023,1902,INE912H01013,
MCDOWELL-N,EQ,764.1,782.8,764.1,777.15,776.3,767.8,1350446,1048940183.45,28-APR-2023,31967,INE854D01024,
MCL,BE,29.7,30.6,29.4,30.0,30.0,29.7,2744,81895.85,28-APR-2023,47,INE813V01022,
MCLEODRUSS,BE,20.25,20.8,20.05,20.15,20.15,20.75,72948,1477423.9,28-APR-2023,240,INE942G01012,
MCX,EQ,1400.0,1406.95,1388.55,1399.4,1400.0,1392.15,444194,620091074.6,28-APR-2023,18442,INE745G01035,
MEDANTA,EQ,509.0,521.4,508.5,515.95,512.2,509.25,236423,122407857.8,28-APR-2023,11324,INE474Q01031,
MEDICAMEQ,EQ,709.45,721.5,707.8,712.6,719.9,709.35,3127,2232924.55,28-APR-2023,440,INE646B01010,
MEDICO,EQ,83.7,85.2,82.1,83.75,82.4,83.25,69244,5807318.45,28-APR-2023,1097,INE630Y01024,
MEDPLUS,EQ,724.1,745.0,724.1,739.55,740.1,735.05,16696,12289528.1,28-APR-2023,2363,INE804L01022,
MEGASOFT,EQ,34.9,35.0,33.3,34.35,33.75,34.5,135603,4653186.85,28-APR-2023,845,INE933B01012,
MEGASTAR,EQ,240.0,240.0,228.0,230.55,232.65,229.85,4731,1103840.7,28-APR-2023,682,INE00EM01016,
MENONBE,EQ,105.0,108.95,103.35,104.55,105.0,104.45,261593,27811865.0,28-APR-2023,2986,INE071D01033,
MEP,EQ,14.1,14.1,12.9,13.3,13.25,13.55,302349,4089996.55,28-APR-2023,694,INE776I01010,
METROBRAND,EQ,863.05,873.8,861.0,865.5,865.0,866.85,454834,393520913.0,28-APR-2023,4892,INE317I01021,
METROPOLIS,EQ,1230.0,1259.0,1227.0,1251.5,1252.05,1225.25,214125,267104634.55,28-APR-2023,9172,INE112L01020,
MFL,EQ,960.0,970.0,952.5,956.3,957.0,955.85,28741,27641811.0,28-APR-2023,2886,INE071N01016,
MFSL,EQ,622.0,642.7,620.65,639.75,637.0,620.65,917596,584546893.35,28-APR-2023,31453,INE180A01020,
MGEL,EQ,26.35,26.5,24.5,26.3,26.45,25.25,981098,25707442.6,28-APR-2023,1575,INE0APB01024,
MGL,EQ,1008.95,1015.0,1000.0,1008.65,1007.0,1006.45,333791,336282838.8,28-APR-2023,16576,INE002S01010,
MHLXMIRU,EQ,278.9,300.0,274.3,286.2,297.0,275.55,80580,22575320.0,28-APR-2023,1706,INE112D01035,
MHRIL,EQ,308.85,309.1,300.05,301.25,301.5,304.45,379699,115360313.5,28-APR-2023,8327,INE998I01010,
MICEL,EQ,12.65,12.95,12.6,12.7,12.7,12.6,232828,2975912.45,28-APR-2023,590,INE287C01037,
MID150BEES,EQ,119.55,122.45,119.55,121.82,121.93,120.64,119179,14459186.58,28-APR-2023,1461,INF204KB1V68,
MIDHANI,EQ,200.0,207.45,200.0,204.2,205.0,200.0,650563,132904521.7,28-APR-2023,11891,INE099Z01011,
MINDACORP,EQ,283.9,285.35,279.25,282.9,283.0,283.9,923741,260316552.55,28-APR-2023,10679,INE842C01021,
MINDTECK,EQ,120.3,123.8,120.3,122.0,123.75,121.65,10884,1329657.85,28-APR-2023,316,INE110B01017,
MIRCELECTR,EQ,13.7,14.3,13.7,13.95,14.05,13.7,226957,3187525.5,28-APR-2023,851,INE831A01028,
MIRZAINT,EQ,65.95,65.95,65.95,65.95,65.95,69.4,160801,10604825.95,28-APR-2023,1990,INE771A01026,
MITCON,EQ,75.45,75.75,73.05,74.65,74.6,74.85,3886,290684.8,28-APR-2023,96,INE828O01033,
MITTAL,BE,11.95,12.5,11.5,12.1,11.75,11.95,130210,1559314.65,28-APR-2023,194,INE997Y01019,
MMFL,EQ,833.05,855.6,830.0,834.35,836.95,836.85,17628,14809025.55,28-APR-2023,1018,INE227C01017,
MMP,EQ,186.9,189.0,180.6,183.4,183.0,186.85,68783,12647279.75,28-APR-2023,850,INE511Y01018,
MMTC,EQ,32.05,32.75,26.3,28.25,28.2,31.85,15030369,435726703.5,28-APR-2023,34570,INE123F01029,
MODIRUBBER,BE,64.5,64.5,62.0,63.0,63.0,64.2,437,27406.25,28-APR-2023,11,INE832A01018,
MODISONLTD,EQ,64.8,64.85,61.9,62.35,62.5,63.5,10539,659309.15,28-APR-2023,247,INE737D01021,
MOGSEC,EQ,51.81,51.83,51.74,51.8,51.83,51.81,6857,355232.95,28-APR-2023,29,INF247L01AK4,
MOHEALTH,EQ,22.8,23.39,22.46,22.59,23.24,23.0,479,10862.86,28-APR-2023,39,INF247L01BB1,
MOHITIND,EQ,13.0,15.45,12.9,14.6,14.2,12.9,423990,6431358.2,28-APR-2023,1273,INE954E01012,
MOIL,EQ,156.5,157.65,155.7,156.7,156.55,155.85,87054,13649748.7,28-APR-2023,3651,INE490G01020,
MOKSH,EQ,10.0,10.35,9.85,10.0,10.0,9.9,58096,579609.05,28-APR-2023,224,INE514Y01020,
MOL,EQ,84.95,85.9,83.6,84.8,85.15,84.35,934106,78854522.4,28-APR-2023,6320,INE0CT101020,
MOLDTECH,EQ,274.3,278.15,272.45,274.05,274.95,272.4,69238,19050944.9,28-APR-2023,3203,INE835B01035,
MOLDTKPAC,EQ,956.25,969.45,952.25,958.65,958.85,956.2,18567,17870316.35,28-APR-2023,3514,INE893J01029,
MOLOWVOL,EQ,25.3,25.3,24.51,24.89,24.51,24.95,36796,916991.11,28-APR-2023,73,INF247L01BL0,
MOM100,EQ,33.48,33.66,33.04,33.59,33.66,33.37,117939,3947304.83,28-APR-2023,800,INF247L01023,
MOM50,EQ,179.86,181.32,179.61,181.19,181.26,179.81,2491,450397.97,28-APR-2023,44,INF247L01536,
MOMENTUM,EQ,19.6,19.6,18.8,19.27,19.43,19.18,21527,414308.5,28-APR-2023,38,INF209KB14K7,
MOMOMENTUM,EQ,39.28,39.28,38.28,38.8,38.85,38.52,62370,2414635.67,28-APR-2023,127,INF247L01BK2,
MON100,EQ,104.98,104.98,103.8,103.97,104.03,103.02,430148,44811486.77,28-APR-2023,4277,INF247L01AP3,
MONARCH,EQ,207.7,220.0,203.15,211.35,210.95,205.7,47269,10101438.8,28-APR-2023,2393,INE903D01011,
MONQ50,EQ,52.93,53.81,51.6,53.01,53.5,52.34,77085,4044927.4,28-APR-2023,599,INF247L01AU3,
MONTECARLO,EQ,700.45,713.4,696.35,706.2,708.0,700.45,22144,15649284.4,28-APR-2023,2614,INE950M01013,
MOQUALITY,EQ,119.8,120.97,119.8,120.34,120.48,119.7,4063,488959.8,28-APR-2023,6,INF247L01BH8,
MORARJEE,EQ,19.15,19.15,18.6,19.0,19.1,19.05,15789,298933.15,28-APR-2023,143,INE161G01027,
MOREPENLAB,EQ,27.4,27.85,27.2,27.35,27.45,27.5,1958489,53823461.0,28-APR-2023,3848,INE083A01026,
MOTHERSON,EQ,72.6,73.85,72.5,73.4,73.55,72.5,8395893,612767944.7,28-APR-2023,28981,INE775A01035,
MOTILALOFS,EQ,610.25,624.9,598.05,618.55,618.4,626.85,191684,117361953.95,28-APR-2023,8458,INE338I01027,
MOTOGENFIN,BE,30.25,30.45,29.45,29.95,29.95,29.75,857,25634.8,28-APR-2023,20,INE861B01023,
MOVALUE,EQ,50.4,50.73,50.38,50.43,50.43,50.21,54,2726.54,28-APR-2023,10,INF247L01BE5,
MPHASIS,EQ,1751.0,1843.7,1751.0,1814.45,1818.95,1784.05,1043873,1889978744.3,28-APR-2023,51816,INE356A01018,
MPSLTD,EQ,876.0,882.6,843.5,849.3,850.0,874.25,31476,26848325.8,28-APR-2023,4121,INE943D01017,
MRF,EQ,87437.35,89300.0,87376.0,89006.8,88890.6,87455.9,7620,674712087.35,28-APR-2023,4214,INE883A01011,
MRO-TEK,EQ,55.3,56.95,55.3,55.7,55.6,55.95,5626,314995.6,28-APR-2023,119,INE398B01018,
MRPL,EQ,61.45,66.3,61.2,64.25,64.4,60.95,52371104,3357824800.15,28-APR-2023,112206,INE103A01014,
MSPL,EQ,8.75,8.75,8.45,8.5,8.55,8.65,415818,3558370.55,28-APR-2023,706,INE752G01015,
MSTCLTD,EQ,299.7,306.9,298.0,302.65,302.15,297.65,657678,199191706.5,28-APR-2023,12199,INE255X01014,
MSUMI,EQ,52.7,53.9,52.45,53.75,53.8,52.65,3519418,188046726.6,28-APR-2023,19828,INE0FS801015,
MTARTECH,EQ,1754.9,1822.9,1717.0,1812.8,1820.0,1754.9,260985,468722873.2,28-APR-2023,15713,INE864I01014,
MTEDUCARE,BE,4.3,4.5,4.15,4.5,4.45,4.3,44679,198577.25,28-APR-2023,92,INE472M01018,
MTNL,EQ,19.5,20.3,19.5,19.7,19.8,19.4,2671995,52998246.0,28-APR-2023,3583,INE153A01019,
MUKANDLTD,EQ,131.1,134.9,129.4,131.5,130.7,129.4,145662,19270462.25,28-APR-2023,2767,INE304A01026,
MUKTAARTS,EQ,53.0,53.8,52.7,53.0,53.5,52.6,2120,112560.6,28-APR-2023,49,INE374B01019,
MUNJALAU,EQ,42.0,43.3,41.7,42.9,43.2,41.9,115957,4956047.75,28-APR-2023,872,INE672B01032,
MUNJALSHOW,EQ,96.85,97.0,95.2,95.8,96.95,96.05,24068,2319019.5,28-APR-2023,289,INE577A01027,
MURUDCERA,EQ,35.55,36.9,35.1,35.5,35.5,35.5,84609,3038021.7,28-APR-2023,620,INE692B01014,
MUTHOOTCAP,EQ,292.5,309.0,287.05,291.9,292.6,292.1,141928,42406774.9,28-APR-2023,5032,INE296G01013,
MUTHOOTFIN,EQ,1012.95,1023.5,1012.95,1020.7,1018.0,1012.1,837376,851901759.55,28-APR-2023,20669,INE414G01012,
NACLIND,EQ,84.3,85.0,83.1,84.5,83.8,84.05,49687,4187158.7,28-APR-2023,525,INE295D01020,
NAGAFERT,EQ,11.35,11.55,11.05,11.35,11.4,11.15,712874,8085631.3,28-APR-2023,1088,INE454M01024,
NAGREEKCAP,EQ,22.2,23.0,21.55,21.8,22.0,22.3,19562,437910.15,28-APR-2023,135,INE245I01016,
NAGREEKEXP,EQ,35.3,37.5,34.2,35.1,35.85,34.7,15494,552470.2,28-APR-2023,374,INE123B01028,
NAHARCAP,EQ,284.5,289.4,281.0,284.2,285.9,285.55,7472,2137301.15,28-APR-2023,788,INE049I01012,
NAHARINDUS,EQ,110.85,111.7,107.75,109.15,109.3,110.4,39978,4372226.85,28-APR-2023,861,INE289A01011,
NAHARPOLY,EQ,278.8,280.0,272.05,274.05,274.4,274.7,17228,4745779.25,28-APR-2023,1019,INE308A01027,
NAHARSPING,EQ,280.05,287.95,280.05,285.8,287.0,284.1,22611,6454893.55,28-APR-2023,1577,INE290A01027,
NAM-INDIA,EQ,237.7,240.0,235.4,238.2,238.5,236.7,187723,44617135.35,28-APR-2023,5608,INE298J01013,
NARMADA,EQ,21.25,21.7,21.05,21.55,21.55,21.4,27071,576777.15,28-APR-2023,227,INE117Z01011,
NATCOPHARM,EQ,573.0,576.9,568.0,574.95,575.0,570.95,231162,132716379.5,28-APR-2023,5531,INE987B01026,
NATHBIOGEN,EQ,162.05,166.0,162.05,165.05,165.9,163.2,19052,3138737.8,28-APR-2023,697,INE448G01010,
NATIONALUM,EQ,82.15,83.5,82.15,82.9,82.8,82.15,7993712,663578321.5,28-APR-2023,20782,INE139A01034,
NATNLSTEEL,BE,4.4,4.4,4.15,4.2,4.35,4.3,8860,38099.9,28-APR-2023,30,INE088B01015,
NAUKRI,EQ,3737.0,3792.65,3718.1,3776.2,3768.6,3715.35,163743,614368496.75,28-APR-2023,15890,INE663F01024,
NAVA,EQ,237.8,238.3,232.65,234.4,235.0,236.7,293176,69050540.05,28-APR-2023,6626,INE725A01022,
NAVINFLUOR,EQ,4762.0,4865.0,4747.3,4850.2,4845.0,4743.8,184155,886169501.55,28-APR-2023,21653,INE048G01026,
NAVKARCORP,EQ,55.65,56.9,55.25,55.75,56.0,55.15,582893,32635422.15,28-APR-2023,3381,INE278M01019,
NAVNETEDUL,EQ,117.0,119.0,113.8,115.05,115.0,116.75,240817,27855320.0,28-APR-2023,3152,INE060A01024,
NAZARA,EQ,554.65,559.95,550.0,551.7,552.0,554.05,170367,94214796.15,28-APR-2023,6852,INE418L01021,
NBCC,EQ,38.8,40.2,38.8,39.3,39.35,38.75,6929749,273569757.95,28-APR-2023,11932,INE095N01031,
NBIFIN,EQ,1499.0,1499.0,1440.0,1452.9,1475.95,1470.0,68,99857.25,28-APR-2023,26,INE365I01020,
NCC,EQ,117.25,120.0,116.95,119.8,119.5,116.2,5397949,643824367.25,28-APR-2023,24569,INE868B01028,
NCLIND,EQ,190.65,190.65,184.15,187.1,187.0,190.65,94870,17765965.35,28-APR-2023,2938,INE732C01016,
NDGL,EQ,1380.0,1381.25,1338.3,1366.95,1374.0,1373.0,49,66720.45,28-APR-2023,27,INE756C01015,
NDL,EQ,21.6,22.1,21.5,21.75,21.7,21.6,81670,1789318.15,28-APR-2023,346,INE875G01030,
NDRAUTO,EQ,602.9,604.0,586.45,590.45,592.5,597.35,10487,6219067.6,28-APR-2023,995,INE07OG01012,
NDTV,EQ,182.0,190.55,181.5,189.55,190.0,181.5,448551,84377218.45,28-APR-2023,5477,INE155G01029,
NECCLTD,EQ,21.1,21.75,21.1,21.4,21.35,21.35,45908,981211.65,28-APR-2023,265,INE553C01016,
NECLIFE,EQ,17.6,18.45,17.6,18.3,18.25,17.7,326543,5909238.0,28-APR-2023,988,INE023H01027,
NELCAST,EQ,101.55,103.1,100.2,101.5,101.1,101.75,551841,56130201.15,28-APR-2023,8056,INE189I01024,
NELCO,EQ,640.85,644.1,627.0,634.3,630.05,642.3,198694,126139623.0,28-APR-2023,6675,INE045B01015,
NEOGEN,EQ,1595.0,1619.4,1560.0,1572.65,1575.0,1576.85,33099,52240084.9,28-APR-2023,4373,INE136S01016,
NESCO,EQ,550.0,575.7,547.45,553.95,554.1,547.5,262877,146655042.25,28-APR-2023,12555,INE317F01035,
NESTLEIND,EQ,21181.95,21849.6,21130.0,21761.4,21750.0,21147.3,166516,3587906497.8,28-APR-2023,36311,INE239A01016,
NETF,EQ,187.18,188.55,187.18,188.22,188.55,187.18,755,141895.6,28-APR-2023,52,INF277K015R5,
NETWORK18,EQ,59.0,59.4,57.75,58.05,57.95,58.9,1333972,77960482.25,28-APR-2023,7138,INE870H01013,
NEULANDLAB,EQ,2109.0,2188.2,2070.0,2139.15,2132.55,2106.55,75937,162617235.85,28-APR-2023,15042,INE794A01010,
NEWGEN,EQ,498.45,505.0,495.05,502.15,504.0,497.5,86749,43360686.45,28-APR-2023,4523,INE619B01017,
NEXTMEDIA,EQ,4.6,5.25,4.6,4.85,4.9,4.8,45666,226461.25,28-APR-2023,76,INE747B01016,
NFL,EQ,78.4,79.8,77.75,78.85,79.0,77.8,4609492,363061681.45,28-APR-2023,12999,INE870D01012,
NGIL,BE,56.8,56.8,54.4,55.95,55.95,56.05,1863,103089.1,28-APR-2023,58,INE236Y01012,
NGLFINE,EQ,1484.55,1533.95,1452.7,1489.7,1480.0,1455.4,4046,6049263.8,28-APR-2023,845,INE887E01022,
NH,EQ,760.95,763.3,752.1,761.85,759.0,759.8,421295,319145278.0,28-APR-2023,29182,INE410P01011,
NHPC,EQ,45.2,45.45,44.05,44.25,44.1,44.85,11669717,522516219.2,28-APR-2023,24057,INE848E01016,
NIACL,EQ,105.3,107.5,105.0,105.8,105.7,105.0,503384,53394753.65,28-APR-2023,5629,INE470Y01017,
NIBL,BE,19.3,19.3,18.55,18.6,19.0,19.45,53236,998308.65,28-APR-2023,146,INE047O01014,
NIF100BEES,EQ,183.96,185.9,183.96,185.26,185.9,184.18,6965,1288544.53,28-APR-2023,163,INF204K014N5,
NIFTYBEES,EQ,196.8,197.72,195.74,197.29,197.2,195.93,3403218,669477023.16,28-APR-2023,24179,INF204KB14I2,
NIFTYQLITY,EQ,14.59,14.72,14.48,14.63,14.63,14.5,28442,414269.23,28-APR-2023,231,INF209KB15K4,
NIITLTD,EQ,358.0,366.85,356.0,360.85,362.0,355.7,180487,65116225.2,28-APR-2023,5609,INE161A01038,
NILAINFRA,EQ,5.2,5.2,4.95,5.05,5.1,5.15,1044369,5313500.5,28-APR-2023,675,INE937C01029,
NILASPACES,EQ,2.9,2.9,2.8,2.8,2.9,2.85,256261,725518.8,28-APR-2023,262,INE00S901012,
NILKAMAL,EQ,2065.0,2090.4,2010.0,2058.8,2060.0,2101.65,14864,30535789.0,28-APR-2023,2472,INE310A01015,
NINSYS,BE,399.15,399.15,399.15,399.15,399.15,380.15,479,191192.85,28-APR-2023,33,INE395U01014,
NIPPOBATRY,EQ,322.9,327.0,322.35,326.8,327.0,321.8,1212,394742.3,28-APR-2023,222,INE567A01028,
NIRAJ,EQ,30.75,31.2,29.15,29.7,29.7,30.45,22367,676353.1,28-APR-2023,312,INE368I01016,
NITCO,EQ,19.95,19.95,18.8,19.7,19.8,19.75,73436,1430764.45,28-APR-2023,251,INE858F01012,
NITINSPIN,EQ,248.2,248.2,240.75,246.1,246.25,246.85,49047,12073978.25,28-APR-2023,1715,INE229H01012,
NITIRAJ,EQ,74.4,74.5,72.65,73.7,74.15,73.25,2656,196163.1,28-APR-2023,73,INE439T01012,
NKIND,EQ,45.25,45.25,40.6,41.3,42.5,41.2,928,38562.1,28-APR-2023,91,INE542C01019,
NLCINDIA,EQ,80.45,81.65,80.2,81.45,81.25,80.15,1272910,103374607.1,28-APR-2023,7228,INE589A01014,
NMDC,EQ,109.0,109.4,108.25,108.5,108.6,108.6,5409823,587786551.7,28-APR-2023,30753,INE584A01023,
NOCIL,EQ,212.45,214.0,212.45,212.9,213.0,212.35,265894,56628109.0,28-APR-2023,3014,INE163A01018,
NOIDATOLL,EQ,7.95,7.95,7.35,7.55,7.65,7.9,137914,1046337.35,28-APR-2023,300,INE781B01015,
NOVARTIND,EQ,585.1,598.7,585.1,595.4,594.2,585.85,6142,3648298.2,28-APR-2023,811,INE234A01025,
NPBET,EQ,221.0,222.87,220.51,222.05,222.04,221.5,260,57573.31,28-APR-2023,22,INF277K010X4,
NRAIL,EQ,261.25,261.25,253.6,256.05,255.35,257.45,10232,2634922.1,28-APR-2023,492,INE740D01017,
NRBBEARING,EQ,150.8,152.0,149.05,150.1,150.5,150.05,91573,13774923.8,28-APR-2023,2651,INE349A01021,
NRL,EQ,103.95,105.95,102.15,103.6,102.5,102.75,106877,11162903.7,28-APR-2023,989,INE0JM501013,
NSIL,EQ,2151.0,2170.0,2082.3,2122.5,2170.0,2137.75,1680,3559532.8,28-APR-2023,331,INE023A01030,
NSLNISP,EQ,37.0,37.45,36.65,36.9,37.0,37.0,3353590,123692036.45,28-APR-2023,13261,INE0NNS01018,
NTPC,EQ,171.9,172.5,169.6,172.0,172.0,170.95,21552892,3686927480.55,28-APR-2023,64148,INE733E01010,
NUCLEUS,EQ,596.0,608.9,595.65,604.95,603.9,595.65,49437,29811819.7,28-APR-2023,4304,INE096B01018,
NURECA,EQ,335.4,339.7,330.35,333.85,334.3,333.75,34131,11417116.9,28-APR-2023,3516,INE0DSF01015,
NUVOCO,EQ,331.0,333.1,328.85,329.9,328.9,332.05,268167,88522333.1,28-APR-2023,5485,INE118D01016,
NV20BEES,EQ,103.12,104.63,103.01,104.42,104.5,103.39,12069,1256410.27,28-APR-2023,150,INF204KB18I3,
NXTDIGITAL,EQ,114.5,114.95,108.5,113.1,113.7,114.25,6525,728428.35,28-APR-2023,230,INE353A01023,
NYKAA,EQ,116.5,124.2,114.8,122.6,122.05,115.95,41725462,5041651641.45,28-APR-2023,153238,INE388Y01029,
OAL,EQ,406.65,419.8,403.25,412.15,410.5,404.9,9110,3761274.4,28-APR-2023,469,INE959C01023,
OBCL,EQ,58.05,58.3,55.35,56.25,56.15,58.0,32313,1841464.4,28-APR-2023,462,INE426Z01016,
OBEROIRLTY,EQ,916.95,928.0,910.0,915.1,911.95,914.95,386511,355467973.35,28-APR-2023,18037,INE093I01010,
OCCL,EQ,703.9,711.9,687.05,699.55,700.0,706.5,14196,9932064.45,28-APR-2023,798,INE321D01016,
OFSS,EQ,3530.9,3590.95,3525.0,3561.85,3573.9,3500.35,180372,643805448.1,28-APR-2023,18417,INE881D01027,
OIL,EQ,258.0,259.6,254.45,254.85,255.0,256.85,1113714,285330723.75,28-APR-2023,17689,INE274J01014,
OILCOUNTUB,EQ,17.4,17.8,17.0,17.15,17.2,17.0,27249,470868.15,28-APR-2023,171,INE591A01010,
OLECTRA,EQ,655.95,668.9,645.65,661.45,661.0,650.4,775467,511084961.7,28-APR-2023,23768,INE260D01016,
OMAXAUTO,EQ,43.0,46.8,43.0,45.8,45.8,42.85,98545,4450816.25,28-APR-2023,1003,INE090B01011,
OMAXE,EQ,52.95,54.85,52.5,53.35,53.4,52.5,413349,22135733.0,28-APR-2023,1663,INE800H01010,
OMINFRAL,EQ,45.1,45.55,42.85,43.2,43.1,43.2,264843,11676083.8,28-APR-2023,2090,INE239D01028,
ONELIFECAP,EQ,13.05,13.05,12.35,12.65,12.55,12.75,7389,93608.4,28-APR-2023,123,INE912L01015,
ONEPOINT,EQ,18.05,18.5,18.05,18.3,18.4,18.05,636229,11573858.0,28-APR-2023,667,INE840Y01029,
ONGC,EQ,159.8,159.8,154.85,158.95,158.7,160.05,12656744,2001816450.65,28-APR-2023,54241,INE213A01029,
ONMOBILE,EQ,69.8,71.25,68.85,69.9,70.0,69.45,486091,33970486.8,28-APR-2023,4457,INE809I01019,
ONWARDTEC,EQ,337.0,337.0,325.1,328.0,327.5,331.85,8228,2711761.65,28-APR-2023,669,INE229A01017,
OPTIEMUS,EQ,167.9,172.0,164.4,165.85,166.15,167.0,458170,77082117.55,28-APR-2023,6660,INE350C01017,
ORBTEXP,EQ,145.75,145.75,139.6,141.85,142.95,144.8,7361,1048528.9,28-APR-2023,291,INE231G01010,
ORCHPHARMA,BE,393.0,395.9,387.0,391.9,390.0,395.35,1311,513158.4,28-APR-2023,42,INE191A01027,
ORICONENT,EQ,21.7,22.65,21.35,21.8,21.35,21.6,344365,7533843.25,28-APR-2023,1158,INE730A01022,
ORIENTABRA,EQ,26.0,26.0,25.4,25.75,25.95,25.85,21490,553337.25,28-APR-2023,225,INE569C01020,
ORIENTALTL,EQ,6.8,7.6,6.8,7.0,7.0,6.8,97734,695888.15,28-APR-2023,173,INE998H01012,
ORIENTBELL,EQ,532.2,542.3,532.2,537.1,536.5,536.35,3543,1912158.65,28-APR-2023,419,INE607D01018,
ORIENTCEM,EQ,127.7,131.45,124.25,127.5,127.0,127.05,1469305,187850969.0,28-APR-2023,13047,INE876N01018,
ORIENTELEC,EQ,224.0,224.0,221.05,222.7,223.0,220.45,211044,47013752.3,28-APR-2023,5182,INE142Z01019,
ORIENTHOT,EQ,92.45,93.15,89.0,90.05,90.0,91.85,1009648,91487541.5,28-APR-2023,6367,INE750A01020,
ORIENTLTD,EQ,68.15,68.15,63.55,63.95,63.85,69.9,58121,3789553.95,28-APR-2023,967,INE609C01024,
ORIENTPPR,EQ,43.75,43.75,42.9,43.2,43.4,43.45,851775,36859154.55,28-APR-2023,3121,INE592A01026,
ORISSAMINE,EQ,2765.0,2874.8,2750.05,2782.0,2788.0,2771.1,7098,20006438.1,28-APR-2023,1376,INE725E01024,
ORTINLAB,EQ,19.2,19.8,19.05,19.5,19.5,19.3,22350,435927.55,28-APR-2023,176,INE749B01020,
OSIAHYPER,EQ,31.2,31.85,30.8,31.5,31.55,31.15,116737,3636730.9,28-APR-2023,504,INE06IR01021,
OSWALAGRO,EQ,30.5,30.65,29.95,30.55,30.65,29.95,19360,588201.05,28-APR-2023,205,INE142A01012,
OSWALSEEDS,EQ,397.0,404.0,376.9,392.5,398.0,396.2,14066,5557563.65,28-APR-2023,692,INE00IK01011,
PAGEIND,EQ,40740.15,40822.45,39304.95,40320.7,40320.7,40709.85,33886,1354098625.85,28-APR-2023,13176,INE761H01022,
PAISALO,EQ,51.45,51.5,50.25,50.8,51.0,50.95,235400,11985348.9,28-APR-2023,1165,INE420C01059,
PALASHSECU,EQ,102.45,105.35,100.05,100.6,105.35,101.6,1236,125723.3,28-APR-2023,94,INE471W01019,
PALREDTEC,EQ,130.4,130.7,128.1,129.2,130.0,128.25,6063,782082.65,28-APR-2023,177,INE218G01033,
PANACEABIO,EQ,122.0,122.3,120.1,121.45,121.85,120.75,20493,2486274.0,28-APR-2023,637,INE922B01023,
PANACHE,BE,59.35,60.65,58.9,60.2,60.2,59.35,1957,116832.1,28-APR-2023,25,INE895W01019,
PANAMAPET,EQ,293.9,300.15,291.0,294.05,296.95,293.3,51002,15098819.5,28-APR-2023,1867,INE305C01029,
PANSARI,EQ,95.25,96.3,90.5,92.6,93.0,95.25,1870,173906.2,28-APR-2023,44,INE697V01011,
PAR,EQ,187.0,188.95,175.35,178.25,179.0,178.4,39875,7273968.25,28-APR-2023,1493,INE04LG01015,
PARACABLES,EQ,38.95,39.75,38.05,39.75,39.75,37.9,1127420,44530117.75,28-APR-2023,1030,INE074B01023,
PARADEEP,EQ,51.7,51.85,51.3,51.55,51.6,51.4,1144824,58982991.5,28-APR-2023,6348,INE088F01024,
PARAGMILK,EQ,87.35,88.0,86.5,87.5,87.75,86.95,313106,27320857.8,28-APR-2023,2586,INE883N01014,
PARAS,EQ,520.5,544.0,517.9,540.8,544.0,517.4,477168,255099373.0,28-APR-2023,17563,INE045601015,
PARASPETRO,BE,0.95,0.95,0.9,0.9,0.95,0.95,170478,156028.2,28-APR-2023,188,INE162C01024,
PARSVNATH,EQ,7.8,7.85,7.65,7.7,7.7,7.6,142841,1103236.65,28-APR-2023,373,INE561H01026,
PASUPTAC,EQ,31.5,31.6,30.5,31.0,30.6,30.95,31558,974483.85,28-APR-2023,333,INE818B01023,
PATANJALI,BE,935.0,944.9,919.15,942.9,939.0,938.9,121650,114058005.55,28-APR-2023,3519,INE619A01035,
PATELENG,EQ,20.6,20.8,20.2,20.5,20.45,20.4,6673636,136958973.8,28-APR-2023,8334,INE244B01030,
PATINTLOG,EQ,11.95,12.0,11.5,11.85,11.9,11.8,106480,1259138.8,28-APR-2023,439,INE529D01014,
PAYTM,EQ,649.15,655.8,641.15,653.6,650.55,643.65,2732585,1775113976.1,28-APR-2023,40916,INE982J01020,
PCBL,EQ,125.25,128.95,124.15,128.3,128.1,124.85,2647738,338136111.95,28-APR-2023,17340,INE602A01031,
PCJEWELLER,EQ,25.6,25.65,25.25,25.45,25.5,25.3,846827,21540247.25,28-APR-2023,2641,INE785M01013,
PDMJEPAPER,EQ,41.55,41.65,40.75,40.9,41.2,41.2,99131,4077972.85,28-APR-2023,690,INE865T01018,
PDSL,EQ,369.25,372.65,357.1,358.85,359.5,366.0,113777,41283976.4,28-APR-2023,4596,INE111Q01021,
PEARLPOLY,EQ,22.3,23.0,22.3,22.55,22.5,22.95,17326,391062.25,28-APR-2023,221,INE844A01013,
PEL,EQ,718.95,739.15,717.8,736.75,736.4,714.6,1849740,1354455290.5,28-APR-2023,52838,INE140A01024,
PENIND,EQ,70.2,73.4,68.65,72.2,72.5,69.3,2492803,178561446.7,28-APR-2023,13601,INE932A01024,
PENINLAND,EQ,17.45,18.0,16.85,17.15,17.3,17.45,755087,13250648.2,28-APR-2023,1455,INE138A01028,
PERSISTENT,EQ,4598.0,4769.8,4590.05,4737.25,4727.0,4583.2,584752,2760440245.05,28-APR-2023,68834,INE262H01013,
PETRONET,EQ,237.6,238.15,234.25,236.9,236.75,235.9,4070505,963479738.9,28-APR-2023,28991,INE347G01014,
PFC,EQ,164.95,170.3,164.85,169.9,170.1,164.85,14809357,2503098514.35,28-APR-2023,71023,INE134E01011,
PFIZER,EQ,3750.0,3780.05,3743.5,3751.65,3759.0,3749.25,5771,21673360.85,28-APR-2023,1226,INE182A01018,
PFOCUS,EQ,84.85,86.0,81.3,82.7,82.65,84.35,176551,14753005.1,28-APR-2023,3110,INE367G01038,
PFS,EQ,14.35,14.8,14.1,14.45,14.45,14.35,1494969,21641632.6,28-APR-2023,1910,INE560K01014,
PGEL,EQ,1399.0,1399.0,1372.0,1385.05,1385.0,1388.35,14688,20309402.2,28-APR-2023,2073,INE457L01011,
PGHH,EQ,14007.85,14129.6,13945.45,14005.1,14000.05,14007.85,3263,45796561.15,28-APR-2023,1659,INE179A01014,
PGHL,EQ,4649.65,4710.1,4634.8,4658.8,4649.95,4641.8,11070,51619311.3,28-APR-2023,2297,INE199A01012,
PGIL,EQ,432.0,440.6,431.35,436.1,438.65,437.3,5397,2355206.05,28-APR-2023,488,INE940H01014,
PHARMABEES,EQ,12.78,12.78,12.61,12.74,12.75,12.65,975944,12419721.69,28-APR-2023,2010,INF204KC1089,
PHOENIXLTD,EQ,1423.95,1448.7,1415.05,1445.7,1444.0,1413.05,135380,194473327.85,28-APR-2023,13912,INE211B01039,
PIDILITIND,EQ,2395.05,2422.5,2376.0,2419.25,2415.0,2389.2,378439,909945011.8,28-APR-2023,49643,INE318A01026,
PIIND,EQ,3240.0,3462.25,3240.0,3384.5,3377.0,3065.7,2940105,9855578213.0,28-APR-2023,164898,INE603J01030,
PILANIINVS,EQ,1765.0,1765.0,1730.0,1745.0,1740.05,1746.15,940,1648456.65,28-APR-2023,204,INE417C01014,
PILITA,EQ,7.05,7.25,6.85,7.0,7.0,7.0,341082,2387935.8,28-APR-2023,460,INE600A01035,
PIONEEREMB,EQ,34.4,35.0,34.2,34.55,34.75,34.4,18801,650428.35,28-APR-2023,519,INE156C01018,
PITTIENG,EQ,315.85,330.0,311.5,327.9,329.0,311.5,186352,60215964.2,28-APR-2023,6130,INE450D01021,
PIXTRANS,EQ,785.95,814.4,785.95,807.2,813.0,790.9,16358,13188226.85,28-APR-2023,1298,INE751B01018,
PKTEA,BE,264.0,266.0,264.0,265.0,266.0,265.0,81,21446.0,28-APR-2023,6,INE431F01018,
PLASTIBLEN,EQ,165.0,168.0,163.05,164.75,166.15,166.35,11725,1936751.8,28-APR-2023,418,INE083C01022,
PNB,EQ,50.6,52.5,50.5,52.25,52.3,50.4,58579598,3024896581.65,28-APR-2023,92530,INE160A01022,
PNBGILTS,EQ,59.15,60.35,58.7,59.85,59.75,58.75,318353,18995029.35,28-APR-2023,2322,INE859A01011,
PNBHOUSING,EQ,446.0,452.0,441.1,445.9,446.0,446.0,450528,200562365.3,28-APR-2023,10253,INE572E01012,
PNC,EQ,39.2,39.55,37.95,38.5,39.0,38.8,5877,226826.9,28-APR-2023,267,INE392B01011,
PNCINFRA,EQ,283.0,285.7,281.75,283.4,282.9,282.55,304290,86455952.0,28-APR-2023,7192,INE195J01029,
POCL,EQ,331.1,378.0,328.95,367.55,368.0,328.0,204529,74736220.2,28-APR-2023,11318,INE063E01046,
PODDARHOUS,BE,112.75,112.75,110.0,110.1,110.0,112.3,605,66989.7,28-APR-2023,23,INE888B01018,
PODDARMENT,EQ,282.0,285.95,280.6,281.15,280.6,280.1,2643,746744.0,28-APR-2023,283,INE371C01013,
POKARNA,EQ,348.0,355.0,345.0,350.45,348.0,348.35,19119,6692030.35,28-APR-2023,1541,INE637C01025,
POLICYBZR,EQ,585.05,614.8,585.0,600.1,598.2,581.25,2929927,1758559561.75,28-APR-2023,43345,INE417T01026,
POLYCAB,EQ,3190.0,3213.0,3184.1,3205.35,3195.0,3189.0,192921,617660902.65,28-APR-2023,17289,INE455K01017,
POLYMED,EQ,984.1,984.2,970.0,978.8,979.8,975.85,24282,23747529.55,28-APR-2023,3894,INE205C01021,
POLYPLEX,EQ,1289.0,1377.0,1265.05,1358.55,1360.0,1265.05,608769,814748156.85,28-APR-2023,43598,INE633B01018,
PONNIERODE,EQ,483.0,497.4,465.0,470.15,469.9,478.45,81399,38605719.95,28-APR-2023,2902,INE838E01017,
POONAWALLA,EQ,321.0,326.75,318.1,323.15,323.1,319.25,3073260,992050813.65,28-APR-2023,25279,INE511C01022,
POWERGRID,EQ,236.95,237.95,233.1,237.25,236.35,235.95,7939116,1871137848.85,28-APR-2023,52736,INE752E01010,
POWERINDIA,EQ,3300.0,3325.0,3287.15,3308.5,3309.05,3279.05,8692,28734188.6,28-APR-2023,1712,INE07Y701011,
POWERMECH,EQ,2645.0,2655.95,2605.05,2617.4,2629.7,2603.5,24176,63649060.4,28-APR-2023,5227,INE211R01019,
PPAP,EQ,184.0,192.0,184.0,190.0,192.0,187.45,5556,1053455.15,28-APR-2023,250,INE095I01015,
PPL,EQ,155.0,156.05,153.6,154.9,155.0,153.8,27236,4214943.55,28-APR-2023,1185,INE050001010,
PPLPHARMA,EQ,70.4,71.6,70.4,70.8,70.8,70.0,3548407,252244540.2,28-APR-2023,13772,INE0DK501011,
PRAENG,EQ,13.5,13.8,13.3,13.5,13.3,13.4,35567,482283.0,28-APR-2023,116,INE505C01016,
PRAJIND,EQ,349.9,357.0,349.05,355.45,355.0,349.6,512460,181662947.35,28-APR-2023,9815,INE074A01025,
PRAKASH,EQ,53.0,55.3,52.95,54.45,54.7,52.8,398426,21649964.1,28-APR-2023,2913,INE603A01013,
PRAKASHSTL,EQ,4.5,4.6,4.5,4.55,4.6,4.5,243160,1106242.75,28-APR-2023,561,INE696K01024,
PRAXIS,EQ,19.85,19.85,17.65,18.3,17.9,19.2,104693,1952539.55,28-APR-2023,494,INE546Y01022,
PRECAM,EQ,137.45,145.2,136.55,138.8,138.65,136.35,1001087,142612025.45,28-APR-2023,14211,INE484I01029,
PRECOT,EQ,181.3,182.3,178.2,179.95,179.0,181.3,2387,429018.65,28-APR-2023,103,INE283A01014,
PRECWIRE,EQ,75.4,76.2,74.45,75.2,74.6,74.9,225984,17003541.35,28-APR-2023,2637,INE372C01037,
PREMEXPLN,EQ,406.55,420.15,403.2,418.75,420.15,403.15,9887,4097279.7,28-APR-2023,451,INE863B01011,
PREMIERPOL,EQ,83.3,84.8,82.7,83.0,83.4,83.2,8067,671306.2,28-APR-2023,207,INE309M01012,
PRESSMN,EQ,85.0,87.2,82.35,83.45,84.0,84.7,63013,5335492.6,28-APR-2023,663,INE980A01023,
PRESTIGE,EQ,492.7,495.45,488.55,490.7,489.25,488.4,311479,153378800.65,28-APR-2023,9680,INE811K01011,
PRICOLLTD,EQ,241.7,251.4,241.0,250.4,250.2,240.5,1323084,326100733.7,28-APR-2023,14222,INE726V01018,
PRIMESECU,EQ,113.0,119.0,111.1,118.0,118.0,112.7,589073,68658106.45,28-APR-2023,6574,INE032B01021,
PRINCEPIPE,EQ,603.55,603.55,584.75,591.55,590.0,597.6,96126,56789359.1,28-APR-2023,6429,INE689W01016,
PRITI,EQ,156.5,160.9,156.0,157.3,156.25,159.15,7349,1162282.5,28-APR-2023,335,INE974Z01015,
PRITIKAUTO,EQ,16.3,16.45,16.05,16.4,16.4,16.15,118098,1927903.25,28-APR-2023,491,INE583R01029,
PRIVISCL,EQ,1079.5,1079.5,1060.0,1069.3,1066.45,1069.05,12277,13104015.1,28-APR-2023,1721,INE959A01019,
PROZONINTU,EQ,24.95,24.95,24.15,24.5,24.5,24.65,279728,6879024.95,28-APR-2023,1177,INE195N01013,
PRSMJOHNSN,EQ,122.3,127.55,122.0,124.15,124.25,122.4,434086,54179027.65,28-APR-2023,5233,INE010A01011,
PRUDENT,EQ,876.35,883.5,862.5,867.35,878.0,874.3,10032,8759672.3,28-APR-2023,2492,INE00F201020,
PSB,EQ,33.95,36.65,33.8,36.0,36.3,33.35,13742757,485122358.05,28-APR-2023,17889,INE608A01012,
PSPPROJECT,EQ,684.0,694.45,681.85,691.05,688.0,680.55,60044,41391119.0,28-APR-2023,4512,INE488V01015,
PSUBANKICI,EQ,40.87,41.86,40.82,41.49,41.75,40.75,43561,1802645.37,28-APR-2023,135,INF109KC10S8,
PSUBNKBEES,EQ,44.76,46.2,44.71,46.04,46.0,44.62,3084835,140956687.52,28-APR-2023,5977,INF204KB16I7,
PTC,EQ,93.0,97.5,91.85,95.0,95.05,92.65,2255008,215214966.65,28-APR-2023,12980,INE877F01012,
PTL,EQ,32.55,33.2,32.5,32.95,33.05,32.95,104720,3449653.55,28-APR-2023,610,INE034D01049,
PUNJABCHEM,EQ,804.5,810.95,791.6,794.1,795.0,799.85,26731,21438684.8,28-APR-2023,2587,INE277B01014,
PURVA,EQ,77.2,78.35,76.55,77.1,77.25,76.8,135899,10510906.7,28-APR-2023,3205,INE323I01011,
PVP,EQ,10.35,10.65,10.15,10.65,10.65,10.15,135391,1429076.05,28-APR-2023,220,INE362A01016,
PVR,EQ,1468.0,1476.15,1454.0,1463.15,1465.1,1458.8,638951,936836801.95,28-APR-2023,39759,INE191H01014,
QGOLDHALF,EQ,51.39,51.7,50.82,51.06,51.07,51.25,48345,2479992.13,28-APR-2023,358,INF082J01408,
QNIFTY,EQ,1898.31,1915.0,1895.99,1913.19,1908.0,1898.95,1124,2148128.97,28-APR-2023,52,INF082J01028,
QUESS,EQ,362.05,365.6,361.0,362.95,362.95,361.55,191070,69474240.85,28-APR-2023,6128,INE615P01015,
QUICKHEAL,EQ,137.7,138.6,135.7,137.15,136.9,137.05,116377,15955895.5,28-APR-2023,2515,INE306L01010,
RADHIKAJWE,EQ,158.9,161.0,158.55,159.95,160.7,157.95,11997,1918136.0,28-APR-2023,374,INE583V01013,
RADIANTCMS,EQ,98.6,101.0,95.4,96.3,95.85,95.75,388543,37886020.35,28-APR-2023,3365,INE855R01021,
RADICO,EQ,1140.95,1148.3,1114.25,1127.25,1125.0,1140.25,127941,145235410.65,28-APR-2023,8959,INE944F01028,
RADIOCITY,EQ,11.25,11.4,11.05,11.3,11.4,11.1,166954,1887093.55,28-APR-2023,402,INE919I01024,
RAILTEL,EQ,114.8,117.2,113.6,114.75,114.7,114.3,2230154,257750823.7,28-APR-2023,14761,INE0DD101019,
RAIN,EQ,158.55,162.8,158.55,162.4,162.2,158.05,2048449,330334622.15,28-APR-2023,14194,INE855B01025,
RAINBOW,EQ,800.0,800.0,780.8,791.35,790.0,795.55,57599,45410134.75,28-APR-2023,5893,INE961O01016,
RAJESHEXPO,EQ,562.85,571.75,551.0,557.95,558.05,559.4,903629,507432035.3,28-APR-2023,19941,INE343B01030,
RAJMET,EQ,12.0,12.45,11.8,12.1,12.2,11.75,250298,3010431.2,28-APR-2023,1005,INE00KV01022,
RAJRATAN,EQ,798.0,798.0,781.0,788.5,788.0,790.3,53330,42141051.9,28-APR-2023,4903,INE451D01029,
RAJRILTD,BE,47.45,47.45,47.45,47.45,47.45,48.4,2444,115967.8,28-APR-2023,63,INE533D01032,
RAJSREESUG,EQ,40.3,40.95,40.3,40.45,40.55,40.45,58661,2380352.4,28-APR-2023,2320,INE562B01019,
RAJTV,EQ,43.8,44.8,43.05,43.95,44.4,44.3,3567,156538.35,28-APR-2023,51,INE952H01027,
RALLIS,EQ,189.25,190.95,187.2,189.45,189.05,189.25,719623,136674187.15,28-APR-2023,11481,INE613A01020,
RAMANEWS,EQ,12.75,12.85,12.55,12.75,12.65,12.7,38587,492682.45,28-APR-2023,125,INE278B01020,
RAMAPHO,EQ,213.4,214.95,207.0,208.2,209.0,210.9,15345,3235052.05,28-APR-2023,672,INE809A01024,
RAMASTEEL,EQ,31.7,32.45,31.2,31.6,31.65,31.65,733771,23285118.1,28-APR-2023,2356,INE230R01035,
RAMCOCEM,EQ,730.0,742.5,726.1,736.2,737.75,728.25,424722,312554467.65,28-APR-2023,10815,INE331A01037,
RAMCOIND,EQ,129.5,130.7,128.9,129.85,129.15,129.4,74025,9628683.45,28-APR-2023,971,INE614A01028,
RAMCOSYS,EQ,224.35,229.95,222.0,225.5,226.05,222.2,102610,23159852.85,28-APR-2023,4977,INE246B01019,
RAMKY,EQ,389.0,404.5,389.0,398.75,399.9,394.7,86616,34651384.35,28-APR-2023,2810,INE874I01013,
RAMRAT,EQ,193.15,196.65,190.3,194.2,193.65,191.65,34456,6670485.4,28-APR-2023,1318,INE207E01023,
RANASUG,EQ,23.65,24.15,23.45,23.55,23.6,23.6,565122,13409623.3,28-APR-2023,1523,INE625B01014,
RANEENGINE,EQ,215.3,222.2,215.25,219.8,219.7,216.4,5780,1266481.1,28-APR-2023,297,INE222J01013,
RANEHOLDIN,EQ,923.0,936.0,921.4,927.75,930.0,923.25,6338,5898355.15,28-APR-2023,461,INE384A01010,
RATEGAIN,EQ,356.0,357.95,349.5,355.65,356.0,353.0,71302,25255271.05,28-APR-2023,2684,INE0CLI01024,
RATNAMANI,EQ,2165.25,2172.35,2145.0,2149.7,2149.0,2159.4,19528,42031514.6,28-APR-2023,3062,INE703B01027,
RAYMOND,EQ,1709.0,1714.0,1575.0,1592.25,1590.95,1714.9,1835382,2979314178.8,28-APR-2023,77951,INE301A01014,
RBA,EQ,101.55,102.95,100.3,102.2,101.9,100.85,407828,41580791.35,28-APR-2023,4758,INE07T201019,
RBL,EQ,714.05,718.05,701.0,708.95,707.0,714.15,4566,3251131.05,28-APR-2023,534,INE244J01017,
RBLBANK,EQ,160.0,163.35,159.25,161.8,161.0,159.35,9010110,1455673180.85,28-APR-2023,35867,INE976G01028,
RCF,EQ,108.3,110.5,108.3,109.0,108.85,108.15,2750921,300524895.8,28-APR-2023,13431,INE027A01015,
RECLTD,EQ,125.45,132.4,125.15,132.15,132.25,125.1,24029372,3121923270.55,28-APR-2023,88075,INE020B01018,
REDINGTON,EQ,166.6,169.0,166.6,168.4,168.15,165.9,1220146,204904672.3,28-APR-2023,11320,INE891D01026,
REFEX,EQ,332.65,336.95,321.7,323.9,322.0,330.2,152975,50198471.4,28-APR-2023,3623,INE056I01017,
REGENCERAM,BE,28.75,29.25,27.3,28.0,28.0,27.9,10889,306169.9,28-APR-2023,64,INE277C01012,
RELAXO,EQ,843.95,846.25,832.05,843.25,843.95,843.95,67767,56899465.8,28-APR-2023,7409,INE131B01039,
RELCAPITAL,BE,9.6,9.6,9.6,9.6,9.6,9.15,525521,5045001.6,28-APR-2023,1052,INE013A01015,
RELCHEMQ,EQ,181.0,181.0,174.0,177.2,180.0,175.85,3930,693390.3,28-APR-2023,249,INE750D01016,
RELIANCE,EQ,2382.0,2423.9,2381.75,2420.5,2419.9,2377.05,7183342,17307947047.8,28-APR-2023,226856,INE002A01018,
RELIGARE,EQ,160.05,162.0,158.5,159.1,158.7,160.05,605229,96651007.0,28-APR-2023,6752,INE621H01010,
RELINFRA,EQ,161.7,163.1,155.9,157.55,157.6,160.7,1845188,294475784.05,28-APR-2023,14965,INE036A01016,
REMSONSIND,EQ,218.6,220.8,216.0,219.5,220.35,219.15,3959,869427.6,28-APR-2023,286,INE474C01015,
RENUKA,EQ,47.3,47.85,46.55,46.85,47.0,46.95,6088196,287361497.95,28-APR-2023,10794,INE087H01022,
REPCOHOME,EQ,192.0,194.0,189.2,190.25,190.0,189.2,202965,38792296.95,28-APR-2023,5296,INE612J01015,
REPL,EQ,188.8,190.9,182.0,183.15,182.0,188.8,53146,9851276.75,28-APR-2023,727,INE364Z01019,
REPRO,EQ,398.0,404.95,383.8,386.7,384.0,394.6,53217,20719187.65,28-APR-2023,1164,INE461B01014,
RESPONIND,EQ,148.5,149.75,146.0,149.05,149.5,147.9,136428,20182514.45,28-APR-2023,1668,INE688D01026,
REVATHI,EQ,1419.0,1426.0,1392.75,1403.5,1401.0,1389.3,4170,5870789.7,28-APR-2023,609,INE617A01013,
RGL,EQ,86.35,88.1,86.0,86.95,86.15,86.35,82511,7177858.65,28-APR-2023,874,INE722H01024,
RHFL,BE,3.15,3.25,3.0,3.1,3.1,3.15,990891,3063873.9,28-APR-2023,923,INE217K01011,
RHIM,EQ,643.95,649.05,639.65,641.95,643.6,641.65,67119,43174509.4,28-APR-2023,4134,INE743M01012,
RHL,BE,91.0,98.0,88.95,95.25,96.5,93.6,29467,2735417.45,28-APR-2023,259,INE508K01013,
RICOAUTO,EQ,72.5,73.5,71.4,71.75,71.75,72.2,330920,23892307.45,28-APR-2023,2654,INE209B01025,
RIIL,EQ,838.95,858.0,837.45,842.85,843.0,835.0,326569,276843076.55,28-APR-2023,12935,INE046A01015,
RITCO,EQ,187.15,188.45,181.55,184.95,183.9,184.65,86795,16057671.55,28-APR-2023,829,INE01EG01016,
RITES,EQ,389.2,398.6,382.2,385.2,384.4,389.2,772620,301891353.8,28-APR-2023,17826,INE320J01015,
RKDL,BE,17.6,17.85,16.9,17.1,17.5,17.45,9732,168965.45,28-APR-2023,82,INE722J01012,
RKEC,EQ,80.0,80.0,72.85,73.6,74.5,78.4,250249,19011488.9,28-APR-2023,3335,INE786W01010,
RKFORGE,EQ,329.4,331.7,310.7,326.0,323.0,326.7,1074563,348027864.15,28-APR-2023,26384,INE399G01023,
RML,EQ,448.0,464.0,446.3,453.65,449.5,445.65,35035,15942719.7,28-APR-2023,2073,INE050H01012,
ROHLTD,EQ,324.25,348.5,324.2,340.4,341.2,321.75,348224,118297274.3,28-APR-2023,7721,INE283H01019,
ROLEXRINGS,EQ,1867.25,1883.75,1837.5,1839.95,1840.0,1850.5,37484,69575874.35,28-APR-2023,7825,INE645S01016,
ROLLT,EQ,1.1,1.1,1.0,1.05,1.05,1.05,231788,243323.95,28-APR-2023,144,INE927A01040,
ROML,EQ,39.2,41.0,39.2,40.55,40.35,39.95,1902,76680.5,28-APR-2023,71,INE294G01026,
ROSSARI,EQ,675.0,697.95,675.0,686.8,682.3,678.2,61617,42280440.05,28-APR-2023,6539,INE02A801020,
ROSSELLIND,EQ,256.5,263.85,256.5,260.75,262.0,254.55,27015,7032934.2,28-APR-2023,880,INE847C01020,
ROTO,EQ,631.8,641.3,623.0,625.9,625.15,625.4,75807,47839490.65,28-APR-2023,4362,INE535D01029,
ROUTE,EQ,1265.9,1274.3,1259.1,1270.75,1272.0,1263.0,89727,113627635.4,28-APR-2023,5152,INE450U01017,
RPGLIFE,EQ,817.45,849.0,810.4,837.2,839.0,819.45,41374,34370068.1,28-APR-2023,3354,INE105J01010,
RPOWER,EQ,12.6,12.7,12.1,12.2,12.3,12.5,36723917,453190664.35,28-APR-2023,14733,INE614G01033,
RPPINFRA,EQ,42.15,43.3,42.0,42.15,42.05,42.05,69220,2945685.65,28-APR-2023,638,INE324L01013,
RPPL,EQ,154.9,154.9,147.0,149.45,147.0,151.9,11976,1809215.0,28-APR-2023,381,INE760W01015,
RPSGVENT,EQ,388.7,396.85,388.15,390.45,388.5,388.6,20671,8107622.25,28-APR-2023,1646,INE425Y01011,
RSSOFTWARE,EQ,33.0,34.95,32.55,32.9,33.2,32.5,376125,12646399.7,28-APR-2023,3406,INE165B01029,
RSWM,EQ,183.3,185.9,180.05,182.55,183.5,182.35,61238,11192950.8,28-APR-2023,2035,INE611A01016,
RSYSTEMS,EQ,253.55,254.95,252.3,252.8,252.3,253.05,513581,130112047.45,28-APR-2023,5200,INE411H01032,
RTNINDIA,EQ,39.6,40.2,39.5,39.8,39.75,39.25,892637,35530946.95,28-APR-2023,4006,INE834M01019,
RTNPOWER,EQ,3.1,3.15,3.05,3.15,3.15,3.1,3092910,9634098.45,28-APR-2023,2420,INE399K01017,
RUBYMILLS,EQ,183.4,189.4,183.2,184.95,185.0,182.2,15703,2918373.4,28-APR-2023,861,INE301D01026,
RUCHINFRA,BE,8.3,8.4,8.2,8.35,8.35,8.3,67317,557178.3,28-APR-2023,154,INE413B01023,
RUCHIRA,EQ,106.5,108.15,106.5,107.2,107.4,107.2,56030,6012357.15,28-APR-2023,809,INE803H01014,
RUPA,EQ,241.5,244.0,238.6,242.8,243.45,240.95,127903,30908193.0,28-APR-2023,4739,INE895B01021,
RUSHIL,EQ,294.85,306.8,288.35,301.45,302.0,293.4,217699,64968213.65,28-APR-2023,5860,INE573K01017,
RUSTOMJEE,EQ,434.65,437.45,416.05,427.05,425.15,434.65,65221,27795636.7,28-APR-2023,2791,INE263M01029,
RVHL,EQ,22.95,27.05,22.5,25.45,24.7,22.55,582323,15118176.65,28-APR-2023,2221,INE09E501017,
RVNL,EQ,104.25,111.0,103.8,107.55,107.15,103.2,109682443,11866861255.4,28-APR-2023,271169,INE415G01027,
S&SPOWER,BE,30.0,30.0,30.0,30.0,30.0,30.2,15,450.0,28-APR-2023,1,INE902B01017,
SABEVENTS,EQ,4.9,4.95,4.9,4.95,4.95,4.95,1031,5101.9,28-APR-2023,8,INE860T01019,
SABTN,BE,1.65,1.65,1.6,1.65,1.65,1.65,1362,2195.5,28-APR-2023,16,INE416A01036,
SADBHAV,EQ,10.9,11.4,10.9,11.0,10.95,11.15,335788,3749935.65,28-APR-2023,630,INE226H01026,
SADBHIN,EQ,3.75,3.8,3.6,3.7,3.75,3.75,166695,616508.15,28-APR-2023,234,INE764L01010,
SAFARI,EQ,2475.0,2499.95,2325.3,2442.85,2430.7,2448.75,35874,86843845.3,28-APR-2023,9842,INE429E01023,
SAGARDEEP,EQ,21.95,22.65,21.9,22.15,22.0,22.3,7200,159468.35,28-APR-2023,106,INE976T01013,
SAGCEM,EQ,189.2,195.8,189.2,192.85,192.05,188.95,75867,14609969.05,28-APR-2023,3130,INE229C01021,
SAH,EQ,73.45,73.8,72.0,72.8,73.0,72.7,85502,6276541.8,28-APR-2023,714,INE035801013,
SAHYADRI,EQ,363.8,364.55,358.7,363.15,364.0,363.65,1676,606435.1,28-APR-2023,232,INE280H01015,
SAIL,EQ,82.0,82.9,81.9,82.8,82.7,81.7,11438678,943937400.9,28-APR-2023,22589,INE114A01011,
SAKAR,EQ,213.0,218.0,213.0,216.55,216.95,215.3,5387,1166012.8,28-APR-2023,206,INE732S01012,
SAKHTISUG,EQ,24.6,24.75,23.65,23.75,23.7,24.4,549424,13222174.9,28-APR-2023,1247,INE623A01011,
SAKSOFT,EQ,197.35,212.5,194.0,200.25,199.6,212.5,1672305,334320806.65,28-APR-2023,24694,INE667G01023,
SAKUMA,EQ,12.5,12.75,12.3,12.45,12.45,12.45,231120,2873777.75,28-APR-2023,618,INE190H01024,
SALASAR,EQ,41.15,44.0,40.9,43.5,43.65,40.75,1134248,48683466.95,28-APR-2023,3889,INE170V01027,
SALONA,EQ,247.25,253.8,242.15,247.1,250.0,248.35,1292,320271.15,28-APR-2023,178,INE498E01010,
SALSTEEL,EQ,18.0,18.4,17.85,18.1,18.0,17.95,106235,1920032.2,28-APR-2023,564,INE658G01014,
SALZERELEC,EQ,315.45,318.9,309.0,310.6,312.85,314.75,96305,30229672.0,28-APR-2023,3762,INE457F01013,
SAMBHAAV,EQ,2.9,2.95,2.85,2.95,2.95,2.85,35359,103130.8,28-APR-2023,73,INE699B01027,
SANDESH,EQ,926.0,943.15,923.25,933.2,930.55,916.7,2237,2089389.4,28-APR-2023,280,INE583B01015,
SANDHAR,EQ,210.4,213.6,208.05,211.15,211.0,211.65,10963,2316729.8,28-APR-2023,784,INE278H01035,
SANGAMIND,EQ,266.4,275.0,266.3,271.9,272.0,266.4,49167,13386925.85,28-APR-2023,1439,INE495C01010,
SANGHIIND,EQ,62.9,64.4,62.75,63.75,64.2,63.65,203171,12941749.6,28-APR-2023,1469,INE999B01013,
SANGHVIMOV,EQ,395.0,397.35,385.0,386.8,386.5,393.85,77856,30381947.95,28-APR-2023,2701,INE989A01024,
SANGINITA,EQ,19.0,19.35,18.7,18.95,19.15,18.8,20197,383221.9,28-APR-2023,149,INE753W01010,
SANOFI,EQ,5585.0,5635.05,5550.0,5570.1,5569.85,5964.95,56017,312816466.0,28-APR-2023,10565,INE058A01010,
SANSERA,EQ,741.1,743.45,736.1,740.55,740.35,741.1,28128,20793093.8,28-APR-2023,3298,INE953O01021,
SAPPHIRE,EQ,1196.05,1200.95,1170.0,1195.85,1195.1,1178.35,75790,89904445.4,28-APR-2023,7307,INE806T01012,
SARDAEN,EQ,1112.25,1133.0,1105.85,1122.2,1117.0,1120.2,13807,15443075.2,28-APR-2023,3024,INE385C01013,
SAREGAMA,EQ,327.95,332.2,326.1,330.1,330.5,327.55,81500,26830532.2,28-APR-2023,3932,INE979A01025,
SARLAPOLY,EQ,38.3,39.15,38.0,38.65,38.95,38.0,94008,3628273.8,28-APR-2023,691,INE453D01025,
SARVESHWAR,EQ,79.25,79.25,71.9,74.6,75.5,72.75,15986,1190606.6,28-APR-2023,272,INE324X01018,
SASKEN,EQ,875.0,930.0,875.0,896.85,894.0,868.15,35799,32238669.7,28-APR-2023,3747,INE231F01020,
SASTASUNDR,EQ,236.3,243.2,236.3,239.75,240.0,235.35,10244,2448914.55,28-APR-2023,410,INE019J01013,
SATIA,EQ,126.0,128.6,121.1,122.95,121.9,125.2,325339,40819469.85,28-APR-2023,4493,INE170E01023,
SATIN,EQ,147.0,147.85,143.15,144.45,144.85,146.25,154736,22460921.1,28-APR-2023,3747,INE836B01017,
SATINDLTD,EQ,56.0,57.95,55.65,56.45,56.5,55.9,116633,6567630.05,28-APR-2023,1143,INE065D01027,
SBC,EQ,21.4,21.4,20.1,20.6,20.55,21.1,3960938,82194337.75,28-APR-2023,3559,INE04AK01028,
SBCL,EQ,491.25,502.9,488.55,490.65,489.5,491.25,40223,19877268.7,28-APR-2023,3465,INE386D01027,
SBGLP,EQ,185.75,191.3,185.0,185.5,186.55,188.8,21706,4119093.85,28-APR-2023,99,INE05ST01010,
SBICARD,EQ,785.0,785.0,758.25,772.25,771.0,784.2,1404497,1083245927.25,28-APR-2023,42510,INE018E01016,
SBIETFCON,EQ,75.14,76.0,75.01,75.77,75.8,75.15,5987,451985.37,28-APR-2023,60,INF200KA1X17,
SBIETFIT,EQ,285.95,289.45,285.95,288.96,289.0,284.85,53697,15491855.35,28-APR-2023,411,INF200KA1S14,
SBIETFPB,EQ,218.46,219.0,217.25,218.91,219.0,218.01,986,215409.9,28-APR-2023,55,INF200KA1S22,
SBIETFQLTY,EQ,151.68,153.75,151.68,152.87,153.75,151.73,3393,517355.45,28-APR-2023,59,INF200KA1WX6,
SBILIFE,EQ,1148.0,1148.0,1130.15,1140.1,1140.0,1137.05,1380448,1572431844.75,28-APR-2023,84018,INE123W01016,
SBIN,EQ,567.8,580.45,565.5,578.3,576.1,564.75,16183423,9259124491.9,28-APR-2023,172070,INE062A01020,
SCAPDVR,EQ,18.5,18.5,17.45,17.75,17.6,18.2,350174,6278583.75,28-APR-2023,516,INE224E01036,
SCHAEFFLER,EQ,2817.0,2821.45,2756.0,2774.65,2780.0,2802.1,154939,429537749.55,28-APR-2023,16016,INE513A01022,
SCHAND,EQ,214.7,216.6,212.4,213.5,214.5,212.75,65249,13978834.65,28-APR-2023,3574,INE807K01035,
SCHNEIDER,EQ,178.6,179.65,176.3,177.0,176.55,177.8,152687,27082843.2,28-APR-2023,3179,INE839M01018,
SCI,EQ,91.3,91.7,90.5,91.2,91.0,90.7,520820,47415016.6,28-APR-2023,4175,INE109A01011,
SCPL,EQ,534.0,549.45,521.5,539.4,542.8,522.35,61690,33228620.2,28-APR-2023,4773,INE501Y01019,
SDBL,EQ,174.55,177.9,163.8,167.85,167.0,173.45,879822,149734555.55,28-APR-2023,11493,INE480C01020,
SDBL-RE1,BE,32.8,34.0,25.0,25.9,26.0,32.8,61461,1740046.05,28-APR-2023,518,INE480C20020,
SDL24BEES,EQ,112.99,112.99,112.81,112.99,112.99,112.81,1042,117733.7,28-APR-2023,9,INF204KB18W4,
SDL26BEES,EQ,112.55,112.7,112.55,112.7,112.7,112.55,339,38189.55,28-APR-2023,16,INF204KC1022,
SEAMECLTD,EQ,648.45,648.6,630.1,636.55,631.3,646.4,5639,3613553.7,28-APR-2023,574,INE497B01018,
SECURCRED,EQ,26.15,27.2,25.2,27.0,27.1,26.15,427591,11265591.2,28-APR-2023,1204,INE195Y01010,
SECURKLOUD,EQ,31.4,31.7,30.5,31.35,31.4,31.4,35391,1102982.25,28-APR-2023,481,INE650K01021,
SEJALLTD,BE,247.7,252.0,243.05,249.95,250.0,247.7,1101,275461.75,28-APR-2023,19,INE955I01044,
SELAN,EQ,257.25,269.4,257.25,266.8,267.05,258.7,103423,27360639.9,28-APR-2023,2951,INE818A01017,
SELMC,BE,170.15,170.15,170.15,170.15,170.15,173.6,2080,353912.0,28-APR-2023,76,INE105I01020,
SEPC,EQ,10.7,10.9,10.6,10.65,10.7,10.8,1266263,13646200.6,28-APR-2023,1287,INE964H01014,
SEPOWER,EQ,14.6,14.6,14.1,14.2,14.25,14.05,3828,54544.35,28-APR-2023,54,INE735M01018,
SEQUENT,EQ,74.85,75.7,73.5,73.8,73.9,73.8,866467,64466527.8,28-APR-2023,7075,INE807F01027,
SERVOTECH,BE,54.15,58.0,54.15,57.1,57.7,55.25,182831,10466097.7,28-APR-2023,844,INE782X01025,
SESHAPAPER,EQ,284.0,285.0,277.85,280.7,279.6,281.2,81301,22941516.55,28-APR-2023,2773,INE630A01024,
SETCO,BE,7.1,7.2,6.9,6.95,6.95,6.95,50317,352074.8,28-APR-2023,161,INE878E01021,
SETF10GILT,EQ,213.8,214.0,213.5,213.6,213.6,214.1,1813,387509.3,28-APR-2023,12,INF200KA1JT1,
SETFGOLD,EQ,53.0,53.0,52.62,52.75,52.75,52.92,286419,15110106.26,28-APR-2023,1425,INF200KA16D8,
SETFNIF50,EQ,186.19,186.9,185.11,186.52,186.8,185.21,358044,66583301.87,28-APR-2023,2661,INF200KA1FS1,
SETFNIFBK,EQ,431.94,433.75,430.21,433.21,433.61,431.93,35324,15270293.34,28-APR-2023,773,INF200KA1580,
SETFNN50,EQ,408.58,414.0,408.58,412.9,412.96,408.59,19579,8051133.47,28-APR-2023,665,INF200KA1598,
SEYAIND,EQ,19.05,19.05,19.05,19.05,19.05,18.7,9409,179241.45,28-APR-2023,12,INE573R01012,
SFL,EQ,1043.75,1055.8,1028.0,1045.15,1040.0,1033.35,15574,16153077.3,28-APR-2023,2220,INE916U01025,
SGIL,EQ,128.0,132.0,128.0,130.75,129.05,127.4,7062,915749.55,28-APR-2023,573,INE00QT01015,
SGL,EQ,18.4,18.4,16.05,16.75,16.8,18.4,190221,3241713.15,28-APR-2023,1103,INE353H01010,
SHAHALLOYS,EQ,50.4,50.9,48.8,50.1,50.0,49.25,5809,288625.5,28-APR-2023,175,INE640C01011,
SHAILY,EQ,1119.25,1165.95,1118.1,1157.5,1155.45,1103.1,4227,4853697.7,28-APR-2023,762,INE151G01010,
SHAKTIPUMP,EQ,440.15,443.95,434.15,436.85,439.95,438.35,30641,13410656.5,28-APR-2023,2265,INE908D01010,
SHALBY,EQ,144.35,145.8,143.15,144.35,143.95,143.6,95969,13827445.05,28-APR-2023,1216,INE597J01018,
SHALPAINTS,EQ,147.95,148.9,146.0,147.3,147.45,147.55,76637,11299155.65,28-APR-2023,855,INE849C01026,
SHANKARA,EQ,652.9,655.9,628.45,632.8,630.0,649.65,129681,82867830.5,28-APR-2023,3225,INE274V01019,
SHANTI,EQ,15.7,15.7,14.8,15.2,15.45,15.15,21151,321254.25,28-APR-2023,114,INE933X01016,
SHANTIGEAR,EQ,360.5,362.0,355.35,358.6,356.95,358.7,17945,6444585.8,28-APR-2023,1654,INE631A01022,
SHARDACROP,EQ,453.65,466.4,448.05,464.1,464.45,446.95,121432,55556133.8,28-APR-2023,6554,INE221J01015,
SHARDAMOTR,EQ,712.85,712.85,683.95,700.0,699.0,702.4,28840,20042834.55,28-APR-2023,2495,INE597I01028,
SHAREINDIA,EQ,1203.5,1206.55,1188.0,1201.4,1194.85,1203.5,36235,43546470.65,28-APR-2023,1703,INE932X01018,
SHARIABEES,EQ,391.98,391.98,386.5,390.06,390.8,386.47,1172,455672.02,28-APR-2023,74,INF732E01128,
SHEMAROO,EQ,114.45,116.0,114.45,115.15,115.8,114.45,21902,2524545.6,28-APR-2023,321,INE363M01019,
SHILPAMED,EQ,257.1,259.4,255.3,256.55,256.55,256.9,195893,50409017.05,28-APR-2023,4729,INE790G01031,
SHIVALIK,EQ,773.8,780.75,760.2,764.9,768.0,767.4,5201,4015986.8,28-APR-2023,546,INE788J01021,
SHIVAMAUTO,EQ,26.25,28.9,25.1,25.95,25.8,25.85,1134853,30879472.75,28-APR-2023,4202,INE637H01024,
SHIVAMILLS,EQ,84.35,98.8,83.0,98.8,98.8,82.35,267031,25974509.2,28-APR-2023,1652,INE644Y01017,
SHIVATEX,EQ,122.7,127.65,121.1,124.5,124.25,122.55,13159,1629514.25,28-APR-2023,583,INE705C01020,
SHK,EQ,115.9,116.15,114.8,115.05,115.0,114.8,37337,4305481.55,28-APR-2023,673,INE500L01026,
SHOPERSTOP,EQ,650.0,673.0,640.25,663.1,660.0,644.5,341963,225496429.65,28-APR-2023,15575,INE498B01024,
SHRADHA,EQ,49.4,49.4,45.55,47.0,47.25,47.45,34840,1634129.6,28-APR-2023,362,INE715Y01023,
SHREDIGCEM,EQ,73.3,73.5,71.45,71.85,71.8,72.4,663958,47885606.5,28-APR-2023,5183,INE232A01011,
SHREECEM,EQ,23848.0,24400.0,23674.0,24334.45,24106.6,23745.8,33989,818605031.6,28-APR-2023,12923,INE070A01015,
SHREEPUSHK,EQ,165.15,168.3,164.55,165.05,165.45,165.95,29070,4834941.0,28-APR-2023,1029,INE712K01011,
SHREERAMA,EQ,11.9,11.9,11.7,11.75,11.9,11.65,52971,623510.55,28-APR-2023,205,INE879A01019,
SHRENIK,EQ,1.15,1.15,1.1,1.1,1.15,1.1,1743745,1949918.75,28-APR-2023,793,INE632X01030,
SHREYANIND,EQ,161.0,166.25,161.0,163.3,161.4,161.3,14914,2447895.6,28-APR-2023,372,INE231C01019,
SHREYAS,EQ,304.4,309.8,302.25,306.25,308.0,304.4,32988,10085972.4,28-APR-2023,1824,INE757B01015,
SHRIPISTON,BE,1128.0,1189.0,1128.0,1145.75,1146.0,1135.35,592,688704.8,28-APR-2023,48,INE526E01018,
SHRIRAMFIN,EQ,1350.0,1365.0,1309.0,1332.6,1332.8,1405.55,3075649,4085766367.2,28-APR-2023,102038,INE721A01013,
SHRIRAMPPS,EQ,65.25,66.5,64.9,65.2,65.1,65.45,293538,19274222.7,28-APR-2023,2115,INE217L01019,
SHYAMCENT,EQ,17.8,18.65,17.2,18.15,18.15,17.6,379905,6895002.25,28-APR-2023,1176,INE979R01011,
SHYAMMETL,EQ,294.0,296.95,293.0,294.3,294.1,293.7,69786,20595766.75,28-APR-2023,2228,INE810G01011,
SHYAMTEL,EQ,8.5,8.5,8.5,8.5,8.5,8.5,115,977.5,28-APR-2023,4,INE635A01023,
SIEMENS,EQ,3450.0,3468.95,3431.05,3449.6,3457.0,3439.45,451470,1556924221.4,28-APR-2023,27034,INE003A01024,
SIGACHI,EQ,247.0,249.0,243.85,245.2,244.4,244.4,62444,15373466.35,28-APR-2023,2060,INE0D0K01014,
SIGIND,EQ,37.7,38.3,37.2,37.85,38.05,37.25,29873,1131290.75,28-APR-2023,293,INE529F01035,
SIKKO,EQ,82.8,82.8,79.05,81.1,81.5,80.4,18507,1501093.35,28-APR-2023,469,INE112X01017,
SIL,BE,29.8,29.8,29.05,29.25,29.4,29.35,44355,1300754.7,28-APR-2023,371,INE173A01025,
SILGO,EQ,19.05,19.35,18.55,19.0,19.0,18.85,13808,261921.95,28-APR-2023,91,INE01II01013,
SILINV,EQ,300.1,317.5,299.65,313.5,315.95,298.0,1081,337443.55,28-APR-2023,116,INE923A01015,
SILLYMONKS,EQ,21.95,21.95,20.55,20.95,20.9,21.6,26985,564945.55,28-APR-2023,104,INE203Y01012,
SILVER,EQ,75.9,75.94,75.41,75.59,75.65,76.0,28519,2157401.75,28-APR-2023,315,INF209KB19F6,
SILVERBEES,EQ,73.28,73.31,72.86,73.08,73.1,73.45,1068007,78055693.17,28-APR-2023,4426,INF204KC1402,
SILVERETF,EQ,80.59,85.0,78.1,84.8,84.8,82.34,5692,464673.26,28-APR-2023,167,INF789F1AYK6,
SILVERTUC,EQ,347.6,347.6,337.2,343.1,346.9,342.85,23595,8111062.8,28-APR-2023,116,INE625X01018,
SIMBHALS,EQ,24.65,27.8,24.15,25.8,25.7,24.65,133088,3373474.1,28-APR-2023,451,INE748T01016,
SIMPLEXINF,EQ,35.6,35.7,33.0,33.3,33.85,34.7,250337,8453025.75,28-APR-2023,1270,INE059B01024,
SINTERCOM,EQ,100.5,102.95,100.45,100.95,100.8,100.3,438,44135.45,28-APR-2023,20,INE129Z01016,
SIRCA,EQ,603.5,617.0,601.0,607.45,609.9,600.6,59208,36028844.3,28-APR-2023,3588,INE792Z01011,
SIS,EQ,380.95,387.2,379.15,384.65,384.9,380.85,48969,18765925.8,28-APR-2023,2668,INE285J01028,
SITINET,EQ,1.0,1.05,0.95,1.0,1.0,1.0,2883611,2911046.2,28-APR-2023,630,INE965H01011,
SIYSIL,EQ,500.1,504.7,484.0,489.55,488.0,495.2,100350,49293183.6,28-APR-2023,5675,INE076B01028,
SJS,EQ,455.05,473.7,455.0,464.75,465.95,450.55,155357,72580982.05,28-APR-2023,5531,INE284S01014,
SJVN,EQ,36.1,36.15,35.3,35.55,35.55,36.0,3358476,119828834.1,28-APR-2023,7161,INE002L01015,
SKFINDIA,EQ,4150.0,4185.0,4120.05,4168.4,4185.0,4147.1,17887,74383410.4,28-APR-2023,5016,INE640A01023,
SKIPPER,EQ,114.45,123.65,113.25,118.15,117.9,113.85,732213,87180670.5,28-APR-2023,15566,INE439E01022,
SKMEGGPROD,EQ,153.0,153.0,145.95,146.4,146.5,146.15,85659,12839329.7,28-APR-2023,1014,INE411D01015,
SKYGOLD,EQ,338.5,339.7,325.0,329.85,330.0,335.85,21208,7072343.4,28-APR-2023,1224,INE01IU01018,
SMARTLINK,EQ,151.95,158.85,151.4,154.9,153.1,151.65,28474,4434917.7,28-APR-2023,989,INE178C01020,
SMCGLOBAL,EQ,75.5,75.8,74.55,75.35,75.8,75.35,21191,1594162.05,28-APR-2023,222,INE103C01036,
SMLISUZU,EQ,963.9,974.8,945.1,956.55,957.0,954.3,19553,18757104.1,28-APR-2023,1389,INE294B01019,
SMLT,EQ,176.0,176.85,173.25,174.85,176.8,175.05,30600,5375572.35,28-APR-2023,633,INE017W01010,
SMSLIFE,EQ,530.15,560.0,530.15,544.25,540.0,545.6,979,538571.6,28-APR-2023,118,INE320X01016,
SMSPHARMA,EQ,82.65,82.65,80.2,80.55,81.0,82.7,34198,2774889.35,28-APR-2023,457,INE812G01025,
SNOWMAN,EQ,34.95,36.55,34.4,35.95,35.75,34.65,390669,13763487.85,28-APR-2023,1783,INE734N01019,
SOBHA,EQ,470.95,475.7,442.15,458.55,462.5,466.65,675425,315669366.6,28-APR-2023,18393,INE671H01015,
SOFTTECH,EQ,156.0,157.45,151.75,155.5,156.0,154.9,1498,231152.85,28-APR-2023,128,INE728Z01015,
SOLARA,EQ,359.0,384.0,357.05,376.5,381.1,357.45,151314,55538340.55,28-APR-2023,14755,INE624Z01016,
SOLARINDS,EQ,3786.95,3845.0,3780.1,3823.8,3818.0,3777.5,41440,158239470.85,28-APR-2023,5538,INE343H01029,
SOMANYCERA,EQ,529.9,537.2,524.3,531.8,533.6,526.2,47944,25558188.75,28-APR-2023,3590,INE355A01028,
SOMATEX,BE,19.05,19.85,19.05,19.05,19.05,20.05,129108,2465347.8,28-APR-2023,285,INE314C01013,
SOMICONVEY,EQ,46.15,46.95,46.0,46.8,46.95,45.65,6175,286246.45,28-APR-2023,135,INE323J01019,
SONACOMS,EQ,474.95,490.0,474.35,480.0,479.0,470.7,2607948,1263121524.95,28-APR-2023,73098,INE073K01018,
SONAMCLOCK,EQ,52.95,52.95,49.65,50.0,50.6,52.95,40683,2071216.4,28-APR-2023,357,INE00LM01011,
SONATSOFTW,EQ,840.95,860.0,838.1,854.75,852.0,838.05,341607,290409239.2,28-APR-2023,12255,INE269A01021,
SOTL,EQ,278.75,284.95,278.35,281.35,278.4,276.2,38623,10869052.25,28-APR-2023,1760,INE035D01020,
SOUTHBANK,EQ,15.9,16.9,15.8,16.45,16.45,15.75,63326639,1042470783.75,28-APR-2023,24091,INE683A01023,
SOUTHWEST,EQ,133.0,134.95,131.5,132.4,133.8,132.95,22631,3029544.25,28-APR-2023,116,INE980Y01015,
SPAL,EQ,385.0,385.5,368.3,371.7,369.1,374.5,30439,11553072.5,28-APR-2023,3607,INE212I01016,
SPANDANA,EQ,581.0,599.5,581.0,597.25,595.15,589.8,59502,35384745.2,28-APR-2023,3081,INE572J01011,
SPARC,EQ,195.5,197.9,192.7,194.7,193.0,194.5,479395,93487772.25,28-APR-2023,5933,INE232I01014,
SPCENET,EQ,17.0,17.7,16.9,17.15,17.2,16.95,822165,14214483.9,28-APR-2023,351,INE970N01027,
SPECIALITY,EQ,237.95,241.6,233.95,235.3,234.0,238.7,77286,18411947.0,28-APR-2023,2305,INE247M01014,
SPENCERS,EQ,58.9,60.9,58.9,60.1,60.1,58.6,186182,11183662.9,28-APR-2023,2007,INE020801028,
SPIC,EQ,68.3,69.55,68.05,68.55,68.15,67.85,882339,60660138.2,28-APR-2023,4845,INE147A01011,
SPICEJET,EQ,31.5,31.85,31.05,31.7,31.8,31.1,1719564,54167264.15,28-APR-2023,5147,INE285B01017,
SPLIL,EQ,67.1,69.7,67.05,67.85,67.6,67.3,29184,1989349.2,28-APR-2023,476,INE978G01016,
SPLPETRO,EQ,380.0,385.8,379.9,382.6,382.25,376.55,85348,32671456.35,28-APR-2023,3448,INE663A01033,
SPMLINFRA,BE,30.9,31.6,30.65,31.6,31.6,30.1,103355,3260830.4,28-APR-2023,88,INE937A01023,
SPORTKING,EQ,702.0,715.0,696.0,701.55,702.0,695.95,13640,9612398.4,28-APR-2023,1421,INE885H01011,
SREEL,EQ,190.0,192.95,185.25,188.05,189.0,189.25,43142,8153587.9,28-APR-2023,1881,INE099F01013,
SRF,EQ,2500.0,2545.0,2491.45,2540.25,2534.6,2495.5,484563,1222317078.2,28-APR-2023,25611,INE647A01010,
SRHHYPOLTD,EQ,486.85,488.95,482.05,483.0,483.0,482.05,19807,9586888.5,28-APR-2023,1396,INE917H01012,
SRPL,EQ,46.05,50.4,46.05,49.55,50.4,46.2,123716,5986609.05,28-APR-2023,691,INE008Z01012,
SSWL,EQ,161.65,163.25,160.1,161.65,161.95,161.05,116715,18904678.6,28-APR-2023,2269,INE802C01033,
STAR,EQ,337.0,342.4,336.0,340.5,339.3,337.35,180794,61457083.65,28-APR-2023,4558,INE939A01011,
STARCEMENT,EQ,116.7,117.3,114.7,116.5,116.75,115.85,533445,62087695.8,28-APR-2023,7003,INE460H01021,
STARHEALTH,EQ,587.7,609.0,578.4,591.2,591.4,587.7,748470,445631685.65,28-APR-2023,21689,INE575P01011,
STARPAPER,EQ,165.9,169.7,165.9,168.75,169.35,166.25,16147,2724306.7,28-APR-2023,569,INE733A01018,
STARTECK,EQ,115.5,134.3,110.6,134.3,134.3,111.95,62262,7803056.4,28-APR-2023,1685,INE992I01013,
STCINDIA,EQ,78.2,82.9,65.65,73.6,73.5,78.3,1321422,95482218.7,28-APR-2023,10954,INE655A01013,
STEELCAS,EQ,515.0,515.7,505.0,509.4,509.0,508.5,10435,5332225.5,28-APR-2023,893,INE124E01020,
STEELCITY,EQ,66.45,66.45,64.0,64.85,64.0,65.25,27518,1789906.4,28-APR-2023,230,INE395H01011,
STEELXIND,EQ,16.3,17.1,16.1,16.9,16.85,16.3,4998903,83879920.6,28-APR-2023,2285,INE503B01021,
STEL,EQ,151.55,153.0,145.0,146.3,145.9,151.45,11252,1658725.7,28-APR-2023,243,INE577L01016,
STERTOOLS,EQ,418.95,427.6,392.1,396.1,398.5,415.85,324400,132252776.5,28-APR-2023,11767,INE334A01023,
STLTECH,EQ,158.35,160.8,158.3,160.2,160.5,157.9,348948,55664903.4,28-APR-2023,4605,INE089C01029,
STOVEKRAFT,EQ,394.05,418.45,392.5,414.75,414.25,391.3,1188364,484293924.85,28-APR-2023,32590,INE00IN01015,
STYLAMIND,EQ,1155.0,1168.25,1132.1,1160.5,1160.0,1152.55,49348,57210430.3,28-APR-2023,5197,INE239C01020,
STYRENIX,EQ,798.0,800.0,786.0,791.6,791.5,792.55,12738,10127512.75,28-APR-2023,1820,INE189B01011,
SUBEXLTD,EQ,32.6,32.9,32.05,32.25,32.35,32.6,946807,30717532.15,28-APR-2023,2543,INE754A01055,
SUBROS,EQ,306.0,309.3,296.55,308.15,309.3,304.7,69603,21174244.05,28-APR-2023,2132,INE287B01021,
SUDARSCHEM,EQ,415.0,415.95,410.0,412.6,412.0,413.9,53226,22012545.75,28-APR-2023,3629,INE659A01023,
SUKHJITS,EQ,399.1,403.4,393.0,400.85,402.0,399.55,9419,3756731.65,28-APR-2023,894,INE450E01011,
SULA,EQ,380.95,386.5,380.95,384.95,385.55,379.75,304166,116837561.5,28-APR-2023,8067,INE142Q01026,
SUMEETINDS,BE,2.95,2.95,2.95,2.95,2.95,2.85,16666,49164.7,28-APR-2023,31,INE235C01010,
SUMICHEM,EQ,407.2,407.9,399.0,402.8,402.8,404.05,812752,326657106.6,28-APR-2023,13711,INE258G01013,
SUMIT,BE,37.05,38.35,37.05,38.35,38.35,36.55,42650,1619046.15,28-APR-2023,80,INE748Z01013,
SUMMITSEC,EQ,598.95,614.65,598.95,611.9,614.65,605.75,2311,1405473.6,28-APR-2023,235,INE519C01017,
SUNCLAYLTD,EQ,3993.9,4037.95,3985.0,4000.0,3993.0,3987.35,6688,26801336.35,28-APR-2023,1250,INE105A01035,
SUNDARAM,EQ,2.3,2.4,2.3,2.35,2.35,2.3,424859,997134.05,28-APR-2023,315,INE108E01023,
SUNDARMFIN,EQ,2325.75,2369.65,2320.0,2355.35,2364.95,2334.35,12383,29124037.6,28-APR-2023,1761,INE660A01013,
SUNDARMHLD,EQ,85.0,86.0,84.3,84.9,84.75,84.55,38314,3266874.0,28-APR-2023,293,INE202Z01029,
SUNDRMBRAK,EQ,324.85,329.95,324.85,328.4,325.0,324.15,686,224669.65,28-APR-2023,63,INE073D01013,
SUNDRMFAST,EQ,1025.0,1052.0,1006.0,1046.1,1051.9,1021.1,71302,73786405.1,28-APR-2023,8388,INE387A01021,
SUNFLAG,EQ,146.8,149.8,146.8,148.85,148.2,146.2,295730,43945902.15,28-APR-2023,3277,INE947A01014,
SUNPHARMA,EQ,984.95,992.5,979.15,987.65,986.45,978.7,2009995,1986284361.0,28-APR-2023,52929,INE044A01036,
SUNTECK,EQ,300.1,305.75,298.2,303.0,303.0,298.6,147946,44731714.8,28-APR-2023,8632,INE805D01034,
SUNTV,EQ,428.55,432.85,427.75,431.8,431.9,428.0,356593,153686060.65,28-APR-2023,9419,INE424H01027,
SUPERHOUSE,EQ,267.35,277.6,266.0,267.0,267.0,267.3,47482,12847695.35,28-APR-2023,2963,INE712B01010,
SUPERSPIN,EQ,8.15,8.45,7.5,8.05,8.1,7.9,187293,1512904.9,28-APR-2023,540,INE662A01027,
SUPRAJIT,EQ,358.0,359.55,354.65,357.6,358.9,352.5,176627,63098382.4,28-APR-2023,13065,INE399C01030,
SUPREMEENG,BE,0.95,0.95,0.9,0.9,0.9,0.95,187630,172558.6,28-APR-2023,209,INE319Z01021,
SUPREMEIND,EQ,2650.0,2740.0,2609.0,2721.8,2714.55,2647.1,163319,441353701.75,28-APR-2023,21637,INE195A01028,
SUPREMEINF,EQ,22.75,23.2,21.5,23.2,23.2,22.1,15521,354988.7,28-APR-2023,121,INE550H01011,
SUPRIYA,EQ,220.1,221.05,216.0,216.85,216.75,217.4,101799,22199613.5,28-APR-2023,3204,INE07RO01027,
SURANASOL,EQ,19.5,19.5,18.7,18.95,19.0,18.9,38520,733677.0,28-APR-2023,491,INE272L01022,
SURANAT&P,EQ,9.4,9.4,9.05,9.1,9.1,9.15,31391,287240.8,28-APR-2023,212,INE130B01031,
SURYALAXMI,EQ,52.5,55.0,51.8,52.55,52.6,52.55,28271,1504010.75,28-APR-2023,357,INE713B01026,
SURYAROSNI,EQ,825.0,827.0,765.65,798.75,796.5,807.9,1122805,893934629.1,28-APR-2023,35199,INE335A01012,
SURYODAY,EQ,101.45,105.8,100.9,103.35,104.0,101.0,876178,90928519.6,28-APR-2023,8088,INE428Q01011,
SUTLEJTEX,EQ,50.75,52.4,50.45,51.4,51.8,49.9,155690,8021738.75,28-APR-2023,1812,INE645H01027,
SUULD,EQ,13.3,13.75,13.3,13.5,13.65,13.3,173004,2342632.65,28-APR-2023,683,INE591Q01016,
SUVEN,EQ,56.75,58.1,56.0,57.15,57.1,56.2,166966,9529549.9,28-APR-2023,1818,INE495B01038,
SUVENPHAR,EQ,470.2,472.95,470.05,471.9,472.0,470.15,87827,41433309.05,28-APR-2023,2458,INE03QK01018,
SUVIDHAA,BE,4.15,4.2,3.9,4.0,4.05,4.05,139803,562091.1,28-APR-2023,286,INE018401013,
SUZLON,EQ,8.25,8.45,8.15,8.3,8.35,8.2,57266827,475517246.4,28-APR-2023,19971,INE040H01021,
SVLL,EQ,176.0,183.95,163.0,166.2,165.15,154.9,72085,12557059.7,28-APR-2023,1706,INE00CE01017,
SVPGLOB,EQ,12.95,12.95,12.95,12.95,12.95,12.35,68076,881584.2,28-APR-2023,139,INE308E01029,
SWANENERGY,EQ,214.05,223.5,212.0,220.9,221.55,213.05,317571,69384373.95,28-APR-2023,9813,INE665A01038,
SWARAJENG,EQ,1690.0,1755.0,1689.55,1738.75,1740.0,1664.05,75536,130745388.6,28-APR-2023,7684,INE277A01016,
SWELECTES,EQ,368.0,368.9,353.4,362.45,356.3,368.35,6464,2335757.95,28-APR-2023,681,INE409B01013,
SWSOLAR,EQ,295.5,298.7,292.3,297.05,297.0,293.5,173087,51225090.85,28-APR-2023,4943,INE00M201021,
SYMPHONY,EQ,982.9,990.0,976.0,981.5,981.8,982.45,37439,36790195.0,28-APR-2023,3756,INE225D01027,
SYNCOMF,EQ,6.25,6.25,6.05,6.1,6.1,6.15,860646,5281858.05,28-APR-2023,1300,INE312C01025,
SYNGENE,EQ,655.0,685.7,653.0,677.0,675.9,649.85,2793922,1884139222.5,28-APR-2023,87634,INE398R01022,
SYRMA,EQ,296.0,300.65,294.45,295.15,295.4,295.4,173537,51405335.3,28-APR-2023,6880,INE0DYJ01015,
TAINWALCHM,EQ,111.4,111.4,107.65,108.85,108.9,109.6,2637,287570.45,28-APR-2023,77,INE123C01018,
TAJGVK,EQ,222.7,231.0,221.55,223.05,223.0,219.5,608637,137428474.55,28-APR-2023,12178,INE586B01026,
TAKE,EQ,15.7,15.85,15.55,15.75,15.8,15.6,154684,2429590.1,28-APR-2023,682,INE142I01023,
TALBROAUTO,EQ,485.65,493.2,484.7,487.95,488.25,478.4,52916,25893905.9,28-APR-2023,3123,INE187D01011,
TANLA,EQ,685.7,706.45,671.15,676.25,678.2,681.0,838975,576951027.35,28-APR-2023,23521,INE483C01032,
TARAPUR,EQ,6.2,6.3,6.2,6.3,6.3,5.75,143205,900041.8,28-APR-2023,295,INE747K01017,
TARC,EQ,50.55,51.0,49.45,50.05,50.1,50.15,427803,21507146.85,28-APR-2023,1619,INE0EK901012,
TARMAT,EQ,79.15,82.0,76.95,77.2,77.15,78.05,60975,4835808.35,28-APR-2023,814,INE924H01018,
TARSONS,EQ,545.0,569.7,540.05,565.4,564.0,543.0,116629,64823572.65,28-APR-2023,10126,INE144Z01023,
TASTYBITE,EQ,8849.0,9400.0,8820.2,9253.1,9300.0,8809.85,5254,48195573.75,28-APR-2023,2191,INE488B01017,
TATACHEM,EQ,947.95,959.0,944.0,952.7,952.15,943.7,737346,702316920.0,28-APR-2023,25268,INE092A01019,
TATACOFFEE,EQ,219.95,221.15,218.5,220.85,220.0,219.0,545209,119847601.9,28-APR-2023,6274,INE493A01027,
TATACOMM,EQ,1259.0,1278.0,1255.15,1269.5,1269.0,1249.3,387631,492620661.05,28-APR-2023,23302,INE151A01013,
TATACONSUM,EQ,758.0,765.0,751.5,763.85,761.9,754.0,1261145,958736414.6,28-APR-2023,48155,INE192A01025,
TATAELXSI,EQ,6629.0,6687.0,6565.65,6643.6,6629.0,6578.2,191519,1268109091.75,28-APR-2023,23502,INE670A01012,
TATAINVEST,EQ,2145.0,2170.9,2142.0,2161.15,2165.85,2149.05,31586,68144874.6,28-APR-2023,3872,INE672A01018,
TATAMETALI,EQ,777.4,799.95,771.3,778.0,778.0,773.5,409019,322045323.35,28-APR-2023,15472,INE056C01010,
TATAMOTORS,EQ,481.4,488.0,478.35,484.95,484.45,481.6,9947813,4816704436.65,28-APR-2023,106884,INE155A01022,
TATAMTRDVR,EQ,246.9,249.0,245.1,248.45,247.7,245.9,1786184,442452570.3,28-APR-2023,21018,IN9155A01020,
TATAPOWER,EQ,199.5,201.55,199.0,201.1,201.4,198.5,7951645,1593180454.45,28-APR-2023,55194,INE245A01021,
TATASTEEL,EQ,107.8,108.5,107.3,107.95,108.0,107.65,30072920,3241848071.05,28-APR-2023,121074,INE081A01020,
TATASTLLP,EQ,655.0,659.9,653.75,656.35,654.0,655.45,24375,15993857.85,28-APR-2023,1689,INE674A01014,
TATVA,EQ,1683.95,1751.1,1674.05,1734.6,1722.0,1684.3,112357,190278092.9,28-APR-2023,3055,INE0GK401011,
TBZ,EQ,67.95,67.95,66.4,67.05,67.15,66.95,36581,2454412.0,28-APR-2023,964,INE760L01018,
TCI,EQ,627.3,636.65,623.15,633.85,630.0,624.15,64901,40964012.8,28-APR-2023,4445,INE688A01022,
TCIEXP,EQ,1440.0,1480.75,1424.3,1473.75,1474.4,1424.3,23320,34111752.15,28-APR-2023,2628,INE586V01016,
TCNSBRANDS,EQ,471.15,497.8,466.0,492.8,489.3,466.5,192072,93297352.45,28-APR-2023,8899,INE778U01029,
TCPLPACK,EQ,1511.4,1529.9,1499.25,1511.65,1507.15,1503.15,5674,8602602.1,28-APR-2023,1418,INE822C01015,
TCS,EQ,3200.4,3227.25,3196.25,3219.25,3215.0,3187.95,2931312,9418688035.6,28-APR-2023,174975,INE467B01029,
TDPOWERSYS,EQ,170.7,177.0,170.0,174.45,175.0,169.45,804574,140153259.55,28-APR-2023,11647,INE419M01027,
TEAMLEASE,EQ,2147.35,2160.95,2126.1,2129.8,2129.8,2148.7,46552,99204661.1,28-APR-2023,5072,INE985S01024,
TECH,EQ,27.96,28.28,27.96,28.15,28.16,27.8,15519,436484.56,28-APR-2023,182,INF209KB11D8,
TECHIN,BE,9.95,9.95,9.4,9.85,9.7,9.9,3084,30058.25,28-APR-2023,26,INE778A01021,
TECHM,EQ,981.95,1026.7,981.05,1023.7,1022.2,1003.15,5146250,5213075982.2,28-APR-2023,102974,INE669C01036,
TECHNOE,EQ,347.1,374.8,344.0,371.6,372.4,347.1,709416,255973314.3,28-APR-2023,11291,INE285K01026,
TECILCHEM,BE,29.15,29.15,29.15,29.15,29.15,27.8,500,14575.0,28-APR-2023,1,INE014B01011,
TEGA,EQ,667.8,668.45,655.0,658.05,662.0,666.15,23707,15641865.05,28-APR-2023,1899,INE011K01018,
TEJASNET,EQ,655.0,684.0,652.1,658.7,657.8,629.85,4529463,3029570541.5,28-APR-2023,90613,INE010J01012,
TEMBO,EQ,235.95,235.95,226.0,230.0,228.1,232.45,188319,43246627.5,28-APR-2023,1379,INE869Y01010,
TERASOFT,EQ,38.2,39.0,37.5,37.6,37.6,38.3,28052,1069702.5,28-APR-2023,198,INE482B01010,
TEXINFRA,EQ,58.8,59.75,58.0,58.7,59.0,58.35,46617,2750092.5,28-APR-2023,761,INE435C01024,
TEXMOPIPES,EQ,62.55,62.6,60.4,61.1,61.1,61.7,134162,8217101.7,28-APR-2023,2186,INE141K01013,
TEXRAIL,EQ,54.0,57.5,53.85,56.65,56.9,53.6,6632814,372535536.55,28-APR-2023,20374,INE621L01012,
TFCILTD,EQ,74.3,75.5,74.05,74.3,74.75,73.7,166828,12455425.5,28-APR-2023,1642,INE305A01015,
TFL,EQ,9.2,9.5,9.2,9.45,9.45,9.15,24246,229424.9,28-APR-2023,54,INE804H01012,
TGBHOTELS,EQ,9.1,9.4,9.05,9.25,9.25,9.0,12308,114335.8,28-APR-2023,75,INE797H01018,
THANGAMAYL,EQ,1034.05,1048.9,1028.3,1037.05,1030.55,1029.35,2384,2477836.35,28-APR-2023,364,INE085J01014,
THEINVEST,EQ,76.1,79.75,76.1,78.6,79.05,76.9,2330,182203.1,28-APR-2023,77,INE924D01017,
THEMISMED,EQ,1567.0,1591.0,1552.6,1570.9,1586.0,1552.5,11861,18743532.4,28-APR-2023,1469,INE083B01016,
THERMAX,EQ,2250.0,2291.0,2250.0,2286.65,2290.0,2248.35,31818,72336556.35,28-APR-2023,6504,INE152A01029,
THOMASCOOK,EQ,66.3,67.35,65.55,65.75,65.8,66.35,308663,20513212.8,28-APR-2023,2171,INE332A01027,
THOMASCOTT,BE,44.0,45.9,43.1,45.5,45.9,43.8,731,32459.0,28-APR-2023,16,INE480M01011,
THYROCARE,EQ,444.45,453.9,439.0,441.8,444.45,442.8,73798,32791963.9,28-APR-2023,6732,INE594H01019,
TI,EQ,123.45,129.1,123.2,124.3,124.2,122.8,428915,53715731.35,28-APR-2023,5277,INE133E01013,
TIDEWATER,EQ,855.9,865.9,851.75,862.2,863.0,849.0,12245,10537299.15,28-APR-2023,1776,INE484C01030,
TIIL,EQ,1554.5,1570.0,1520.0,1528.4,1524.0,1543.4,13853,21336375.35,28-APR-2023,2299,INE545H01011,
TIINDIA,EQ,2540.0,2599.95,2517.4,2589.2,2585.0,2527.55,188403,483106925.6,28-APR-2023,24086,INE974X01010,
TIJARIA,EQ,5.2,5.3,5.2,5.3,5.3,5.2,5163,26916.25,28-APR-2023,10,INE440L01017,
TIMESGTY,EQ,58.6,58.6,55.1,56.45,55.6,58.45,3534,202531.05,28-APR-2023,66,INE289C01025,
TIMETECHNO,EQ,85.15,86.05,83.95,84.2,84.4,85.25,1018413,86398627.25,28-APR-2023,4783,INE508G01029,
TIMKEN,EQ,2960.0,3024.45,2950.0,2983.35,2985.0,2973.75,32662,97699223.85,28-APR-2023,6524,INE325A01013,
TINPLATE,EQ,320.2,325.5,320.1,324.9,325.1,323.0,283794,91866212.05,28-APR-2023,4518,INE422C01014,
TIPSFILMS,EQ,409.15,412.75,404.7,408.85,409.0,409.05,3074,1253818.2,28-APR-2023,302,INE0LQS01015,
TIPSINDLTD,EQ,153.8,154.8,151.0,151.8,151.25,152.4,43610,6638240.6,28-APR-2023,1704,INE716B01029,
TIRUMALCHM,EQ,199.9,203.3,197.3,198.55,199.0,198.95,264310,52905038.8,28-APR-2023,5469,INE338A01024,
TIRUPATIFL,EQ,9.6,9.95,9.45,9.5,9.55,9.7,805226,7716117.05,28-APR-2023,850,INE319Y01024,
TITAN,EQ,2672.45,2679.3,2619.5,2641.85,2637.0,2663.45,1567472,4141692191.6,28-APR-2023,76323,INE280A01028,
TMB,EQ,420.5,420.5,410.7,413.2,413.0,417.5,95175,39385642.25,28-APR-2023,5806,INE668A01016,
TNIDETF,EQ,51.45,53.84,51.45,53.28,53.56,52.47,61690,3282959.42,28-APR-2023,248,INF277KA1364,
TNPETRO,EQ,86.7,87.8,84.15,84.55,84.5,83.8,694739,59420359.4,28-APR-2023,8188,INE148A01019,
TNPL,EQ,241.9,243.95,238.25,240.5,241.5,240.75,159552,38375103.9,28-APR-2023,3236,INE107A01015,
TNTELE,BE,6.2,6.5,6.2,6.2,6.4,6.45,3241,20336.0,28-APR-2023,44,INE141D01018,
TOKYOPLAST,EQ,94.2,95.6,94.1,94.9,94.5,94.0,2936,278517.5,28-APR-2023,82,INE932C01012,
TORNTPHARM,EQ,1635.55,1657.0,1629.3,1652.3,1646.75,1629.25,225522,371874458.3,28-APR-2023,20308,INE685A01028,
TORNTPOWER,EQ,542.8,557.8,539.2,551.4,546.65,542.05,310652,170945009.35,28-APR-2023,11737,INE813H01021,
TOTAL,EQ,139.3,141.65,138.15,138.7,139.8,138.9,8056,1121808.7,28-APR-2023,226,INE336X01012,
TOUCHWOOD,BE,171.7,173.75,167.0,170.0,170.0,171.9,2839,479733.2,28-APR-2023,45,INE486Y01013,
TPLPLASTEH,EQ,33.2,34.5,32.65,33.15,33.4,33.35,118776,3958193.9,28-APR-2023,783,INE413G01022,
TRACXN,EQ,67.65,69.2,67.6,68.35,68.4,67.4,197384,13500183.9,28-APR-2023,2130,INE0HMF01019,
TREEHOUSE,EQ,17.35,17.7,16.9,17.5,17.5,17.05,30399,529548.25,28-APR-2023,154,INE040M01013,
TREJHARA,EQ,59.5,59.5,58.0,58.55,59.35,58.65,35635,2099542.6,28-APR-2023,1907,INE00CA01015,
TRENT,EQ,1375.0,1375.0,1306.2,1367.75,1365.0,1382.3,1816275,2441582341.35,28-APR-2023,74727,INE849A01020,
TRF,EQ,167.25,167.9,165.5,166.85,166.35,166.75,57783,9636757.6,28-APR-2023,820,INE391D01019,
TRIDENT,EQ,31.35,31.45,31.0,31.1,31.1,31.1,3710111,115645235.95,28-APR-2023,13853,INE064C01022,
TRIGYN,EQ,92.95,95.5,91.5,92.1,92.35,92.4,100887,9426180.5,28-APR-2023,2080,INE948A01012,
TRIL,EQ,69.85,69.85,67.7,68.15,68.5,69.45,426077,29108433.4,28-APR-2023,3224,INE763I01026,
TRITURBINE,EQ,366.85,371.0,359.65,365.3,365.5,365.0,1335531,488106435.25,28-APR-2023,28431,INE152M01016,
TRIVENI,EQ,292.0,292.0,285.3,286.65,287.0,290.45,285654,82120372.3,28-APR-2023,8902,INE256C01024,
TRU,EQ,53.8,54.0,49.7,52.5,51.8,53.0,887399,45977562.0,28-APR-2023,6345,INE615R01029,
TTKHLTCARE,EQ,1290.9,1290.9,1252.0,1253.85,1252.0,1281.8,18612,23446073.05,28-APR-2023,1548,INE910C01018,
TTKPRESTIG,EQ,729.95,734.05,721.55,731.6,734.0,726.55,24277,17699885.8,28-APR-2023,2934,INE690A01028,
TTL,EQ,76.25,76.25,73.8,74.1,74.15,75.3,8880,663096.0,28-APR-2023,239,INE592B01016,
TTML,EQ,61.0,62.5,60.6,61.25,61.4,60.1,2616361,160640043.6,28-APR-2023,11322,INE517B01013,
TV18BRDCST,EQ,30.45,30.65,30.0,30.25,30.25,30.25,5096988,154337180.8,28-APR-2023,7471,INE886H01027,
TVSELECT,EQ,393.4,395.95,383.1,386.6,385.0,391.85,291208,113436326.35,28-APR-2023,9840,INE236G01019,
TVSMOTOR,EQ,1138.95,1141.6,1126.0,1138.35,1138.8,1132.5,713046,809505878.85,28-APR-2023,22423,INE494B01023,
TVSSRICHAK,EQ,2771.2,2896.7,2737.95,2832.45,2822.0,2774.1,23552,66682797.65,28-APR-2023,2998,INE421C01016,
TVTODAY,EQ,195.2,195.9,191.75,192.85,193.0,194.1,118009,22844813.2,28-APR-2023,3042,INE038F01029,
TVVISION,EQ,2.2,2.2,2.2,2.2,2.2,2.3,6050,13310.0,28-APR-2023,7,INE871L01013,
TWL,EQ,333.0,335.2,329.25,332.25,331.5,331.5,351839,116946301.3,28-APR-2023,8674,INE615H01020,
UBL,EQ,1454.7,1482.8,1450.05,1479.5,1476.15,1454.7,219198,321669601.7,28-APR-2023,31074,INE686F01025,
UCALFUEL,EQ,121.65,124.9,121.35,123.35,123.7,121.8,12508,1543587.5,28-APR-2023,339,INE139B01016,
UCOBANK,EQ,28.6,30.7,28.55,30.1,30.1,28.5,48901981,1459171683.25,28-APR-2023,60014,INE691A01018,
UDAICEMENT,EQ,28.5,28.6,28.1,28.4,28.35,28.1,146376,4143088.65,28-APR-2023,681,INE225C01029,
UFLEX,EQ,400.05,406.3,394.3,402.1,402.8,396.35,190369,76220845.65,28-APR-2023,8591,INE516A01017,
UFO,EQ,71.1,73.9,70.3,72.45,72.6,70.1,179958,13008331.45,28-APR-2023,2941,INE527H01019,
UGARSUGAR,EQ,109.6,111.8,106.0,107.15,107.05,108.85,786184,85121516.45,28-APR-2023,6676,INE071E01023,
UGROCAP,EQ,174.3,181.0,172.0,179.7,179.9,170.95,298681,53111010.2,28-APR-2023,6328,INE583D01011,
UJAAS,BE,2.05,2.1,2.0,2.05,2.05,2.0,157959,319928.25,28-APR-2023,255,INE899L01022,
UJJIVAN,EQ,283.0,291.65,277.8,281.55,283.5,281.8,301031,84959835.9,28-APR-2023,10513,INE334L01012,
UJJIVANSFB,EQ,28.6,28.8,27.3,27.65,27.8,28.45,10141210,283235504.0,28-APR-2023,15121,INE551W01018,
ULTRACEMCO,EQ,7512.0,7579.0,7490.0,7556.2,7540.0,7500.9,457487,3449025739.9,28-APR-2023,50511,INE481G01011,
UMAEXPORTS,EQ,42.75,43.05,41.5,42.6,42.0,42.85,39813,1691823.2,28-APR-2023,598,INE0GIU01018,
UMANGDAIRY,EQ,59.45,60.0,58.5,59.2,58.95,58.65,2345,138897.6,28-APR-2023,80,INE864B01027,
UMESLTD,BE,4.1,4.1,3.8,4.0,4.0,4.0,43024,165171.9,28-APR-2023,52,INE240C01028,
UNICHEMLAB,EQ,374.15,381.0,371.85,379.45,381.0,374.15,264905,99823797.8,28-APR-2023,10049,INE351A01035,
UNIDT,EQ,227.05,235.8,226.95,232.85,232.1,227.85,11390,2650116.1,28-APR-2023,546,INE961D01019,
UNIENTER,EQ,150.55,152.0,145.05,147.0,147.7,148.35,29662,4423018.55,28-APR-2023,469,INE037A01022,
UNIINFO,EQ,22.8,24.5,20.7,21.8,21.1,23.05,227348,5151307.15,28-APR-2023,1146,INE481Z01011,
UNIONBANK,EQ,74.75,76.35,74.45,75.85,75.8,74.2,13167053,995431206.05,28-APR-2023,31239,INE692A01016,
UNIPARTS,EQ,539.8,545.8,537.0,544.3,545.0,533.8,157781,85392261.6,28-APR-2023,5248,INE244O01017,
UNITEDPOLY,BE,88.5,94.95,88.5,93.1,93.9,93.0,4357,396978.6,28-APR-2023,49,INE368U01011,
UNITEDTEA,EQ,270.0,272.5,265.05,270.1,268.0,270.75,2103,565486.45,28-APR-2023,125,INE458F01011,
UNIVASTU,EQ,90.0,91.8,89.8,90.35,90.55,89.9,14597,1320822.9,28-APR-2023,169,INE562X01013,
UNIVCABLES,EQ,389.0,392.45,382.5,384.05,385.0,382.45,26620,10318597.3,28-APR-2023,1744,INE279A01012,
UNIVPHOTO,EQ,412.6,417.95,398.05,402.55,401.0,412.6,1871,761850.3,28-APR-2023,248,INE03V001013,
UNOMINDA,EQ,524.7,525.0,513.9,521.2,520.0,520.65,213268,110813438.05,28-APR-2023,9174,INE405E01023,
UPL,EQ,733.0,741.9,730.8,740.3,739.2,727.2,2374556,1748736761.3,28-APR-2023,50315,INE628A01036,
URJA,EQ,7.9,8.0,7.7,7.85,7.9,7.85,1395947,10948605.55,28-APR-2023,2560,INE550C01020,
USHAMART,EQ,216.0,221.7,211.25,213.2,213.3,219.45,1557493,333491563.65,28-APR-2023,13103,INE228A01035,
USK,EQ,32.5,32.95,31.35,31.45,31.75,32.2,672240,21522768.35,28-APR-2023,3467,INE0N0Y01013,
UTIAMC,EQ,664.7,664.7,652.95,658.25,657.0,657.3,137698,90461753.3,28-APR-2023,6735,INE094J01016,
UTIBANKETF,EQ,43.62,43.62,43.07,43.51,43.5,43.27,54999,2389155.42,28-APR-2023,339,INF789F1AUV1,
UTINEXT50,EQ,41.11,41.6,41.05,41.51,41.55,41.08,35034,1452630.27,28-APR-2023,199,INF789F1AUW9,
UTINIFTETF,EQ,1908.88,1924.84,1905.95,1918.61,1920.89,1904.97,2194,4199173.99,28-APR-2023,83,INF789FB1X41,
UTISENSETF,EQ,645.64,649.22,644.0,647.44,648.88,643.87,1332,861677.01,28-APR-2023,61,INF789FB1X58,
UTISXN50,EQ,49.61,50.31,49.61,50.16,50.13,49.47,1920,96226.34,28-APR-2023,53,INF789F1AUU3,
UTTAMSUGAR,EQ,276.55,281.75,276.0,277.8,277.6,277.55,86622,24095245.35,28-APR-2023,2779,INE786F01031,
V2RETAIL,EQ,83.65,83.65,81.35,82.15,82.5,82.25,29299,2414292.85,28-APR-2023,402,INE945H01013,
VADILALIND,EQ,1880.2,1915.05,1855.0,1864.7,1873.0,1892.1,15586,29239833.1,28-APR-2023,3137,INE694D01016,
VAIBHAVGBL,EQ,315.0,317.6,313.05,315.1,315.5,312.6,90480,28495237.5,28-APR-2023,4811,INE884A01027,
VAISHALI,EQ,144.0,152.4,143.05,150.85,151.5,143.7,193290,28830469.6,28-APR-2023,2261,INE972X01014,
VAKRANGEE,EQ,16.85,16.95,16.65,16.8,16.85,16.7,4239594,71214852.6,28-APR-2023,4362,INE051B01021,
VALIANTORG,EQ,500.9,513.9,497.15,503.65,504.0,496.95,104901,53009840.3,28-APR-2023,6169,INE565V01010,
VARDHACRLC,EQ,52.95,54.3,51.25,51.65,51.75,52.15,169350,8889307.95,28-APR-2023,1070,INE116G01013,
VARDMNPOLY,BE,43.0,44.0,40.85,40.9,40.85,43.0,84902,3506555.15,28-APR-2023,314,INE835A01011,
VARROC,EQ,294.5,294.85,290.15,291.4,290.55,290.5,153031,44773340.2,28-APR-2023,4612,INE665L01035,
VASCONEQ,EQ,30.7,32.0,30.7,31.75,31.65,30.35,1672887,52630414.7,28-APR-2023,4506,INE893I01013,
VASWANI,EQ,21.1,23.4,20.55,20.8,20.7,21.0,218709,4644176.5,28-APR-2023,941,INE590L01019,
VBL,EQ,1465.5,1467.5,1431.75,1445.2,1442.0,1463.35,1656562,2406298685.2,28-APR-2023,62774,INE200M01013,
VCL,EQ,2.25,2.35,2.25,2.25,2.3,2.25,386045,881056.75,28-APR-2023,339,INE098201036,
VEDL,EQ,277.0,280.0,276.25,279.35,279.2,276.1,4837041,1348036565.75,28-APR-2023,44579,INE205A01025,
VENKEYS,EQ,1562.0,1585.0,1558.3,1564.95,1562.25,1558.3,18202,28513208.55,28-APR-2023,2817,INE398A01010,
VENUSPIPES,EQ,894.0,894.0,877.0,877.25,877.0,883.65,42486,37324731.9,28-APR-2023,2428,INE0JA001018,
VENUSREM,EQ,200.0,203.45,198.05,199.5,201.9,200.55,18373,3680631.2,28-APR-2023,996,INE411B01019,
VERANDA,EQ,189.6,194.25,184.5,184.95,185.0,186.8,51477,9625115.05,28-APR-2023,1487,INE0IQ001011,
VERTOZ,EQ,279.5,279.5,242.0,245.15,245.0,260.0,810185,211805221.5,28-APR-2023,30228,INE188Y01015,
VESUVIUS,EQ,1694.8,1708.7,1681.2,1688.1,1685.1,1694.8,5085,8600525.05,28-APR-2023,821,INE386A01015,
VETO,EQ,86.95,94.25,86.6,91.9,92.5,86.35,389143,35594671.35,28-APR-2023,3960,INE918N01018,
VGUARD,EQ,256.0,256.0,253.1,254.8,255.5,254.9,87197,22183683.65,28-APR-2023,2970,INE951I01027,
VHL,EQ,2667.0,2684.0,2634.0,2664.35,2670.0,2668.75,265,705564.15,28-APR-2023,114,INE701A01023,
VIDHIING,EQ,381.85,384.0,378.7,380.7,382.4,379.95,10849,4131987.45,28-APR-2023,626,INE632C01026,
VIJAYA,EQ,376.9,383.8,373.35,377.5,378.0,386.6,474289,178869507.85,28-APR-2023,14791,INE043W01024,
VIJIFIN,EQ,2.15,2.3,2.15,2.25,2.3,2.1,416740,946785.75,28-APR-2023,385,INE159N01027,
VIKASECO,EQ,2.7,2.75,2.65,2.65,2.65,2.7,1989821,5338056.75,28-APR-2023,1121,INE806A01020,
VIKASLIFE,EQ,3.15,3.15,3.1,3.15,3.1,3.1,4760869,14906447.8,28-APR-2023,3667,INE161L01027,
VIMTALABS,EQ,389.4,389.4,382.0,384.05,382.2,385.55,18101,6954784.1,28-APR-2023,1771,INE579C01029,
VINATIORGA,EQ,1983.0,1986.55,1971.9,1979.75,1980.0,1978.6,83307,164900656.6,28-APR-2023,3967,INE410B01037,
VINDHYATEL,EQ,1730.0,1749.95,1722.6,1744.7,1747.95,1712.85,12557,21884768.6,28-APR-2023,1274,INE707A01012,
VINEETLAB,EQ,46.7,47.45,46.1,46.85,47.2,46.25,19457,909557.3,28-APR-2023,196,INE505Y01010,
VINNY,BE,7.85,7.85,7.5,7.55,7.65,7.6,175298,1343596.75,28-APR-2023,452,INE01KI01027,
VINYLINDIA,EQ,516.65,534.0,509.5,514.25,513.05,512.75,123864,64455596.95,28-APR-2023,8489,INE250B01029,
VIPCLOTHNG,EQ,47.0,47.25,45.95,46.35,46.25,46.55,309136,14300702.35,28-APR-2023,1623,INE450G01024,
VIPIND,EQ,592.95,598.45,589.1,594.05,594.55,591.0,571802,340138513.9,28-APR-2023,6023,INE054A01027,
VIPULLTD,EQ,13.7,14.3,13.65,13.8,13.8,14.0,11973,166223.1,28-APR-2023,32,INE946H01037,
VISAKAIND,EQ,402.3,406.75,398.5,404.2,402.55,398.5,43071,17311666.35,28-APR-2023,1960,INE392A01013,
VISASTEEL,BE,11.5,11.5,11.1,11.3,11.4,11.5,17937,203083.0,28-APR-2023,103,INE286H01012,
VISESHINFO,EQ,0.45,0.5,0.45,0.45,0.5,0.45,6440242,2958924.95,28-APR-2023,2034,INE861A01058,
VISHAL,EQ,18.75,21.5,18.7,20.35,20.3,18.75,619332,12590019.35,28-APR-2023,2296,INE755Q01025,
VISHNU,EQ,291.9,308.2,287.3,303.0,304.0,287.3,340902,102635351.8,28-APR-2023,13368,INE270I01022,
VISHWARAJ,EQ,15.65,15.75,15.5,15.6,15.6,15.6,309221,4828638.05,28-APR-2023,846,INE430N01022,
VIVIDHA,BE,0.95,0.95,0.9,0.95,0.95,0.95,283858,263746.85,28-APR-2023,255,INE370E01029,
VLSFINANCE,EQ,171.2,173.05,171.2,172.7,173.05,171.95,16209,2787449.0,28-APR-2023,327,INE709A01018,
VMART,EQ,2185.3,2185.3,2165.05,2169.75,2167.05,2178.75,20556,44613063.9,28-APR-2023,4395,INE665J01013,
VOLTAMP,EQ,2968.4,3014.3,2941.25,2987.1,2980.0,2957.9,10899,32481531.65,28-APR-2023,2939,INE540H01012,
VOLTAS,EQ,806.75,806.75,762.75,799.05,798.0,808.4,5231996,4103943262.8,28-APR-2023,138081,INE226A01021,
VRLLOG,EQ,637.95,637.95,575.1,630.45,630.0,630.85,315626,192771726.05,28-APR-2023,16522,INE366I01010,
VSSL,EQ,355.55,376.0,353.9,366.8,367.95,366.9,207112,76083168.3,28-APR-2023,9537,INE050M01012,
VSTIND,EQ,3299.0,3299.0,3250.05,3282.35,3272.0,3277.7,5127,16794227.9,28-APR-2023,1405,INE710A01016,
VSTTILLERS,EQ,2497.0,2525.0,2480.0,2492.95,2491.0,2496.95,8034,20081357.1,28-APR-2023,1275,INE764D01017,
VTL,EQ,313.9,319.7,313.9,317.7,317.0,312.7,79910,25288276.3,28-APR-2023,2831,INE825A01020,
WABAG,EQ,389.2,399.6,384.0,390.3,390.0,387.2,546520,214159449.0,28-APR-2023,13965,INE956G01038,
WALCHANNAG,EQ,68.55,69.0,66.0,66.35,66.5,68.2,338061,22919658.15,28-APR-2023,2035,INE711A01022,
WANBURY,BE,48.1,49.45,47.75,49.45,49.45,47.1,23625,1158404.75,28-APR-2023,113,INE107F01022,
WATERBASE,EQ,67.5,70.0,67.0,68.55,69.0,67.6,32872,2264909.05,28-APR-2023,635,INE054C01015,
WEALTH,EQ,295.45,296.85,282.75,287.55,283.0,285.65,80,23036.8,28-APR-2023,33,INE658T01017,
WEBELSOLAR,EQ,90.95,90.95,86.45,87.55,87.55,89.5,120526,10603832.75,28-APR-2023,1324,INE855C01015,
WEIZMANIND,EQ,108.9,109.65,105.3,107.0,106.2,108.0,30111,3229288.75,28-APR-2023,748,INE080A01014,
WEL,EQ,240.55,243.85,227.05,229.45,228.0,237.2,6132,1423056.05,28-APR-2023,315,INE02WG01016,
WELCORP,EQ,221.0,225.7,220.35,225.15,225.4,219.55,713212,159945833.55,28-APR-2023,8319,INE191B01025,
WELENT,EQ,142.0,144.0,141.1,142.2,141.8,141.6,112699,16093322.65,28-APR-2023,2565,INE625G01013,
WELINV,EQ,282.15,289.4,282.1,285.8,286.0,289.9,125,35544.65,28-APR-2023,14,INE389K01018,
WELSPUNIND,EQ,88.0,89.9,87.15,87.6,87.8,87.05,3243510,286464756.1,28-APR-2023,15930,INE192B01031,
WENDT,EQ,9133.0,9265.0,8971.05,9225.6,9150.05,9133.9,1415,12909316.2,28-APR-2023,611,INE274C01019,
WESTLIFE,EQ,741.1,773.95,737.15,764.25,768.0,741.55,105906,80122335.7,28-APR-2023,9122,INE274F01020,
WEWIN,EQ,40.8,42.85,40.8,42.05,42.25,40.7,5606,236527.45,28-APR-2023,110,INE082W01014,
WHEELS,EQ,510.1,517.0,510.1,513.85,515.5,513.25,5829,3000244.9,28-APR-2023,272,INE715A01015,
WHIRLPOOL,EQ,1316.5,1328.95,1313.0,1323.05,1326.75,1315.55,114881,151820299.1,28-APR-2023,7460,INE716A01013,
WILLAMAGOR,EQ,18.3,18.9,17.75,18.3,18.6,17.85,3255,59775.1,28-APR-2023,83,INE210A01017,
WINDLAS,EQ,252.15,255.0,249.6,254.1,253.05,251.2,22471,5672647.1,28-APR-2023,1433,INE0H5O01029,
WINDMACHIN,EQ,45.45,45.45,43.5,44.0,44.25,43.5,50446,2229587.95,28-APR-2023,369,INE052A01021,
WINPRO,EQ,2.55,2.6,2.5,2.6,2.6,2.5,240203,618571.95,28-APR-2023,165,INE974C01022,
WIPL,BE,90.6,90.6,86.1,88.05,89.9,90.6,710,61566.5,28-APR-2023,15,INE215F01023,
WIPRO,EQ,380.0,388.0,380.0,385.0,384.7,374.4,13854703,5332040081.9,28-APR-2023,160651,INE075A01022,
WOCKPHARMA,EQ,167.5,169.8,167.45,169.05,168.9,167.45,244434,41260011.7,28-APR-2023,4425,INE049B01025,
WONDERLA,EQ,455.05,459.85,447.05,449.95,450.25,455.05,321791,146559551.9,28-APR-2023,6738,INE066O01014,
WORTH,EQ,101.0,103.6,99.5,101.0,100.55,99.45,15376,1565502.25,28-APR-2023,187,INE196Y01018,
WSI,EQ,73.95,73.95,73.95,73.95,73.95,70.45,24336,1799647.2,28-APR-2023,37,INE100D01014,
WSTCSTPAPR,EQ,545.0,552.75,541.05,551.05,552.25,543.45,84703,46391720.7,28-APR-2023,4943,INE976A01021,
XCHANGING,EQ,59.1,62.45,59.1,60.6,60.95,59.15,322051,19650666.65,28-APR-2023,3585,INE692G01013,
XELPMOC,BE,108.4,111.0,104.85,105.95,107.25,107.4,7641,813083.45,28-APR-2023,119,INE01P501012,
XPROINDIA,EQ,765.15,800.0,753.2,786.3,781.0,765.15,85143,66275573.85,28-APR-2023,7954,INE445C01015,
YAARI,EQ,14.6,15.0,14.35,14.75,14.65,14.65,254847,3743059.5,28-APR-2023,698,INE126M01010,
YESBANK,EQ,15.65,15.85,15.6,15.7,15.7,15.6,79514507,1249324472.65,28-APR-2023,44520,INE528G01035,
YUKEN,EQ,541.0,556.0,532.05,545.9,550.0,539.9,8222,4457372.55,28-APR-2023,488,INE384C01016,
ZEEL,EQ,188.1,197.9,188.1,196.75,197.25,186.15,25665162,4993471367.6,28-APR-2023,86328,INE256A01028,
ZEELEARN,EQ,3.45,3.65,3.35,3.55,3.6,3.5,1591523,5679686.95,28-APR-2023,1094,INE565L01011,
ZEEMEDIA,EQ,8.8,9.1,8.75,8.95,9.0,8.75,1117854,10029692.8,28-APR-2023,1383,INE966H01019,
ZENITHEXPO,BE,82.0,86.0,82.0,85.9,85.9,83.4,1578,131775.5,28-APR-2023,28,INE058B01018,
ZENITHSTL,BE,4.3,4.4,4.2,4.35,4.35,4.3,60025,258159.7,28-APR-2023,203,INE318D01020,
ZENSARTECH,EQ,277.0,279.75,276.05,278.25,278.5,276.7,429798,119633290.15,28-APR-2023,9705,INE520A01027,
ZENTEC,EQ,292.75,295.95,289.5,290.95,291.9,291.2,557127,163067038.35,28-APR-2023,11973,INE251B01027,
ZFCVINDIA,EQ,10315.0,10315.0,10025.0,10208.05,10239.0,10258.25,6198,62955521.85,28-APR-2023,2115,INE342J01019,
ZIMLAB,EQ,79.6,79.75,76.95,78.8,78.15,79.55,5112,399945.05,28-APR-2023,171,INE518E01015,
ZODIAC,BE,116.0,116.0,112.05,113.0,114.1,113.45,8051,915460.45,28-APR-2023,295,INE761Y01019,
ZODIACLOTH,EQ,94.0,96.9,92.75,95.15,94.5,93.85,45190,4307689.15,28-APR-2023,675,INE206B01013,
ZOMATO,EQ,60.8,66.0,59.55,64.9,64.5,60.7,190938290,12058933180.8,28-APR-2023,217511,INE758T01015,
ZOTA,EQ,282.95,293.9,282.05,288.7,288.0,287.25,10817,3125163.2,28-APR-2023,758,INE358U01012,
ZUARI,EQ,133.0,136.7,133.0,134.7,136.0,133.4,51986,7025765.9,28-APR-2023,1214,INE840M01016,
ZUARIIND,EQ,125.3,127.35,124.2,125.2,125.4,125.25,32224,4049828.75,28-APR-2023,831,INE217A01012,
ZYDUSLIFE,EQ,515.0,520.85,514.95,519.9,520.55,514.65,428231,222038657.0,28-APR-2023,14192,INE010B01027,
ZYDUSWELL,EQ,1547.95,1560.65,1535.0,1552.8,1555.0,1545.5,9458,14630351.95,28-APR-2023,2399,INE768C01010,
