SYMBOL,SERIES,OPEN,HIGH,LOW,CLOSE,LAST,PREVCLOSE,TOTTRDQTY,TOTTRDVAL,TIMESTAMP,TOTALTRADES,ISIN,UNNAMED: 13
20MICRONS,EQ,72.1,73.0,69.0,70.05,69.35,72.05,116487,8255844.65,20-FEB-2023,1969,INE144J01027,
21STCENMGM,EQ,18.35,18.8,18.1,18.1,18.1,18.45,11176,203897.6,20-FEB-2023,127,INE253B01015,
360ONE,EQ,1830.0,1898.0,1810.0,1831.25,1827.05,1813.3,51850,95693476.95,20-FEB-2023,6136,INE466L01020,
3IINFOLTD,EQ,36.45,36.45,35.7,35.8,35.95,36.25,195694,7031778.35,20-FEB-2023,1370,INE748C01038,
3MINDIA,EQ,22180.0,22387.45,21862.6,22085.05,21900.0,22177.05,4923,109074518.4,20-FEB-2023,1253,INE470A01017,
3PLAND,EQ,22.1,22.5,22.05,22.05,22.05,23.2,10903,241225.65,20-FEB-2023,181,INE105C01023,
4THDIM,BE,34.0,34.3,33.65,34.3,34.3,33.65,314278,10741121.05,20-FEB-2023,1007,INE382T01030,
5PAISA,EQ,294.0,294.0,288.0,288.2,288.05,291.35,11987,3490634.15,20-FEB-2023,470,INE618L01018,
63MOONS,EQ,205.7,208.75,200.15,203.25,202.0,203.95,390046,80395354.75,20-FEB-2023,9816,INE111B01023,
A2ZINFRA,EQ,7.8,8.15,7.8,7.9,7.9,8.0,92372,732302.55,20-FEB-2023,349,INE619I01012,
AAATECH,EQ,61.15,63.75,58.0,58.55,58.0,60.85,5919,354961.0,20-FEB-2023,329,INE0D0U01013,
AAKASH,EQ,7.2,7.35,7.2,7.2,7.2,7.55,780388,5626299.2,20-FEB-2023,908,INE087Z01024,
AAREYDRUGS,EQ,32.25,32.25,29.75,30.05,30.0,31.85,30777,942044.05,20-FEB-2023,554,INE198H01019,
AARON,EQ,172.25,175.95,171.35,172.2,172.1,175.6,4643,804443.6,20-FEB-2023,339,INE721Z01010,
AARTIDRUGS,EQ,378.8,381.7,370.0,370.65,370.5,378.8,75239,28019571.55,20-FEB-2023,6439,INE767A01016,
AARTIIND,EQ,543.0,547.5,532.85,542.1,541.0,541.3,442829,239819820.55,20-FEB-2023,14455,INE769A01020,
AARTIPHARM,EQ,314.0,317.0,310.6,314.7,316.3,303.0,173844,54615773.05,20-FEB-2023,8380,INE0LRU01027,
AARTISURF,EQ,544.0,544.0,530.1,535.25,530.5,542.05,4117,2212996.0,20-FEB-2023,482,INE09EO01013,
AARVEEDEN,EQ,23.8,23.8,22.25,23.15,23.2,23.05,4629,106266.05,20-FEB-2023,141,INE273D01019,
AARVI,EQ,126.95,127.2,118.05,119.45,120.0,126.5,42304,5169889.85,20-FEB-2023,1474,INE754X01016,
AAVAS,EQ,1900.0,2011.2,1886.55,1911.35,1907.0,1888.5,354442,688136052.5,20-FEB-2023,45891,INE216P01012,
ABAN,EQ,41.8,42.65,41.1,41.45,41.5,42.1,87125,3632761.85,20-FEB-2023,1726,INE421A01028,
ABB,EQ,3154.05,3224.9,3139.0,3174.15,3169.0,3136.15,305386,973164943.25,20-FEB-2023,24816,INE117A01022,
ABBOTINDIA,EQ,20266.15,20266.15,19964.2,20062.95,20049.0,20216.2,7672,154008192.2,20-FEB-2023,2312,INE358A01014,
ABCAPITAL,EQ,144.6,145.9,143.55,144.3,143.9,143.95,1293108,187094152.85,20-FEB-2023,8931,INE674K01013,
ABFRL,EQ,263.75,264.5,257.65,258.9,258.7,262.3,1270699,331715588.15,20-FEB-2023,15841,INE647O01011,
ABMINTLLTD,BE,38.15,38.15,36.25,36.45,36.45,38.15,588,21774.9,20-FEB-2023,17,INE251C01025,
ABSLAMC,EQ,402.7,410.2,396.9,402.55,400.0,399.65,63603,25470958.7,20-FEB-2023,4474,INE404A01024,
ABSLBANETF,EQ,41.0,42.37,40.66,40.96,40.72,41.37,587707,24030324.67,20-FEB-2023,492,INF209KB17D5,
ABSLNN50ET,EQ,39.57,39.67,39.11,39.3,39.4,39.57,4489,176913.87,20-FEB-2023,242,INF209KB16D7,
ACC,EQ,1824.0,1862.9,1812.0,1850.65,1841.0,1839.4,462228,848531666.0,20-FEB-2023,25373,INE012A01025,
ACCELYA,EQ,1152.15,1199.0,1116.1,1164.6,1160.0,1160.85,76490,88517243.15,20-FEB-2023,9097,INE793A01012,
ACCURACY,EQ,18.2,19.0,17.2,17.6,17.8,18.15,150834,2709275.1,20-FEB-2023,1076,INE648Z01023,
ACE,EQ,384.5,386.8,371.35,373.85,375.0,382.75,349255,132277926.65,20-FEB-2023,11585,INE731H01025,
ACEINTEG,EQ,54.05,55.0,53.0,53.45,53.1,53.2,2051,110298.6,20-FEB-2023,106,INE543V01017,
ACI,EQ,640.85,644.9,620.55,623.35,622.85,638.45,236415,149229921.0,20-FEB-2023,20347,INE128X01021,
ADANIENT,EQ,1650.0,1685.0,1560.5,1621.45,1613.0,1722.7,6762330,10981416978.4,20-FEB-2023,334008,INE423A01024,
ADANIGREEN,EQ,609.0,625.0,597.25,597.25,597.25,628.65,2080050,1256511439.85,20-FEB-2023,66997,INE364U01010,
ADANIPORTS,EQ,567.3,581.65,560.0,579.7,580.05,578.65,9507162,5439403085.25,20-FEB-2023,132994,INE742F01042,
ADANIPOWER,EQ,158.25,162.9,150.8,162.9,162.9,155.15,29505822,4758050375.45,20-FEB-2023,139015,INE814H01011,
ADANITRANS,EQ,887.05,897.75,874.4,874.4,874.4,920.4,968551,850088841.8,20-FEB-2023,23135,INE931S01010,
ADFFOODS,EQ,750.0,750.0,737.0,739.9,737.0,741.25,4662,3467844.45,20-FEB-2023,670,INE982B01019,
ADL,BE,58.0,58.0,57.55,57.6,57.6,58.0,55,3169.5,20-FEB-2023,3,INE0CHO01012,
ADORWELD,EQ,887.65,887.65,853.55,868.9,870.0,878.95,11219,9792787.15,20-FEB-2023,1534,INE045A01017,
ADROITINFO,EQ,22.3,22.4,21.3,22.1,22.0,21.55,445410,9722724.45,20-FEB-2023,459,INE737B01033,
ADSL,EQ,100.5,101.9,100.05,101.15,101.55,100.05,100185,10123816.8,20-FEB-2023,2107,INE102I01027,
ADVANIHOTR,EQ,76.45,77.0,75.65,76.55,76.65,75.0,15458,1184301.35,20-FEB-2023,224,INE199C01026,
ADVENZYMES,EQ,275.6,277.0,271.3,273.3,273.0,275.6,30486,8336553.05,20-FEB-2023,2101,INE837H01020,
AEGISCHEM,EQ,348.05,351.1,343.2,346.3,347.0,348.6,209705,72614356.65,20-FEB-2023,6845,INE208C01025,
AETHER,EQ,907.0,913.75,888.0,900.2,901.0,899.9,25524,22991527.75,20-FEB-2023,2582,INE0BWX01014,
AFFLE,EQ,1024.65,1036.0,1021.05,1029.55,1028.05,1024.65,92942,95752321.5,20-FEB-2023,7355,INE00WC01027,
AGARIND,EQ,653.85,674.15,633.0,638.35,640.5,646.25,44346,29046814.8,20-FEB-2023,5587,INE204E01012,
AGI,EQ,361.95,374.6,359.3,362.55,362.0,358.6,429102,158212041.5,20-FEB-2023,13828,INE415A01038,
AGRITECH,EQ,97.5,110.05,97.1,100.95,99.5,97.1,263613,27056654.1,20-FEB-2023,4356,INE449G01018,
AGROPHOS,EQ,37.15,37.8,34.0,34.5,34.5,37.15,101567,3598513.4,20-FEB-2023,1065,INE740V01019,
AGSTRA,EQ,58.75,58.75,57.05,57.45,57.75,58.2,120529,6954026.15,20-FEB-2023,1659,INE583L01014,
AHL,EQ,237.0,242.5,235.0,235.2,235.3,236.15,38136,9037937.3,20-FEB-2023,887,INE00ZE01026,
AHLADA,EQ,92.0,98.95,90.25,91.7,92.0,91.1,10533,993864.25,20-FEB-2023,217,INE00PV01013,
AHLEAST,EQ,111.55,113.0,110.65,111.0,110.7,112.45,3417,380561.65,20-FEB-2023,104,INE926K01017,
AHLUCONT,EQ,486.75,487.5,480.65,485.2,486.25,479.65,19709,9551241.55,20-FEB-2023,1309,INE758C01029,
AIAENG,EQ,2779.95,2795.95,2700.0,2710.1,2702.9,2777.0,73766,201251423.3,20-FEB-2023,12396,INE212H01026,
AIRAN,EQ,15.9,16.0,15.7,15.75,15.8,15.75,64487,1021679.65,20-FEB-2023,654,INE645W01026,
AIROLAM,EQ,73.4,75.55,72.5,72.95,73.0,73.4,3256,238903.45,20-FEB-2023,105,INE801L01010,
AJANTPHARM,EQ,1192.1,1212.7,1182.0,1210.35,1212.1,1193.4,17053,20523154.5,20-FEB-2023,3122,INE031B01049,
AJMERA,EQ,270.0,275.0,264.8,271.45,270.0,268.8,49740,13399824.15,20-FEB-2023,5461,INE298G01027,
AJOONI,EQ,5.2,5.25,5.0,5.1,5.1,5.2,505752,2605537.55,20-FEB-2023,952,INE820Y01021,
AKASH,EQ,32.2,32.2,30.2,30.95,31.2,31.55,32722,1028309.8,20-FEB-2023,518,INE737W01013,
AKG,EQ,27.05,28.1,26.6,27.5,27.6,27.05,340987,9378200.3,20-FEB-2023,517,INE00Y801016,
AKSHAR,BE,71.35,74.25,71.35,73.75,74.25,72.8,84039,6009556.85,20-FEB-2023,309,INE256Z01017,
AKSHARCHEM,EQ,232.65,238.9,226.3,227.7,227.9,233.75,20175,4719175.9,20-FEB-2023,2832,INE542B01011,
AKSHOPTFBR,EQ,9.15,9.4,9.15,9.2,9.15,9.3,79995,738017.3,20-FEB-2023,330,INE523B01011,
AKZOINDIA,EQ,2188.0,2229.85,2170.0,2205.5,2207.7,2177.8,9819,21565001.55,20-FEB-2023,1650,INE133A01011,
ALANKIT,EQ,9.15,9.2,8.9,9.05,9.1,9.05,74219,671509.0,20-FEB-2023,431,INE914E01040,
ALBERTDAVD,EQ,564.2,569.9,559.85,560.95,565.0,561.35,2351,1324802.9,20-FEB-2023,297,INE155C01010,
ALEMBICLTD,EQ,65.2,66.3,64.3,64.9,64.95,65.15,97001,6298770.65,20-FEB-2023,1581,INE426A01027,
ALICON,EQ,869.5,882.4,860.0,861.65,864.0,869.5,2903,2510472.15,20-FEB-2023,486,INE062D01024,
ALKALI,BE,118.9,118.9,114.5,114.8,115.05,117.4,7799,898169.85,20-FEB-2023,178,INE773I01017,
ALKEM,EQ,3260.0,3300.0,3227.2,3276.05,3270.0,3261.95,83615,274020934.85,20-FEB-2023,8042,INE540L01014,
ALKYLAMINE,EQ,2550.0,2556.25,2509.95,2532.85,2535.0,2538.7,13484,34145170.95,20-FEB-2023,4189,INE150B01039,
ALLCARGO,EQ,343.1,371.35,343.1,364.25,363.6,343.1,1865003,673710292.2,20-FEB-2023,37671,INE418H01029,
ALLSEC,EQ,487.3,493.85,482.05,491.75,487.45,487.3,3904,1903773.3,20-FEB-2023,367,INE835G01018,
ALMONDZ,EQ,66.55,68.4,65.3,66.8,65.65,66.3,11922,799254.45,20-FEB-2023,465,INE326B01027,
ALOKINDS,BE,11.7,11.8,11.15,11.15,11.15,11.7,3331421,37400087.35,20-FEB-2023,6289,INE270A01029,
ALPA,EQ,62.1,62.95,60.6,61.55,62.15,62.25,47611,2953086.75,20-FEB-2023,946,INE385I01010,
ALPHAGEO,EQ,251.0,256.0,250.85,252.1,251.2,251.2,3955,1000288.35,20-FEB-2023,446,INE137C01018,
ALPSINDUS,EQ,1.9,1.95,1.9,1.95,1.95,1.95,2439,4684.1,20-FEB-2023,9,INE093B01015,
AMARAJABAT,EQ,608.2,610.0,598.2,600.95,599.6,605.0,173294,104352259.7,20-FEB-2023,7619,INE885A01032,
AMBER,EQ,1895.0,1895.0,1847.7,1855.55,1858.75,1871.85,43376,80656532.6,20-FEB-2023,5076,INE371P01015,
AMBICAAGAR,EQ,24.2,24.7,24.15,24.2,24.15,24.0,1522,36938.4,20-FEB-2023,40,INE792B01012,
AMBIKCO,EQ,1490.0,1551.2,1473.05,1531.15,1533.1,1485.0,14472,22014806.4,20-FEB-2023,2741,INE540G01014,
AMBUJACEM,EQ,349.7,356.0,345.65,352.45,349.45,353.3,10433187,3655188110.5,20-FEB-2023,92143,INE079A01024,
AMDIND,EQ,55.0,55.0,52.75,52.95,52.8,53.0,2084,110697.5,20-FEB-2023,112,INE005I01014,
AMIORG,EQ,919.95,945.0,915.35,936.4,934.0,923.3,46474,43371641.95,20-FEB-2023,5651,INE00FF01017,
AMJLAND,EQ,27.95,27.95,26.7,26.8,26.85,27.35,10228,275407.5,20-FEB-2023,110,INE606A01024,
AMRUTANJAN,EQ,630.0,634.75,619.25,620.4,620.0,634.75,26032,16218476.85,20-FEB-2023,3306,INE098F01031,
ANANDRATHI,EQ,784.75,794.7,772.5,784.6,789.0,782.3,40350,31359475.8,20-FEB-2023,3156,INE463V01026,
ANANTRAJ,EQ,113.05,117.35,113.0,115.55,115.4,112.45,2031424,233747170.9,20-FEB-2023,10018,INE242C01024,
ANDHRACEMT,BE,7.25,7.25,7.25,7.25,7.25,7.6,23206,168243.5,20-FEB-2023,85,INE666E01012,
ANDHRAPAP,EQ,442.55,455.05,431.75,435.3,435.6,441.15,71981,31743574.15,20-FEB-2023,5031,INE435A01028,
ANDHRSUGAR,EQ,127.9,127.9,124.5,125.05,124.5,126.8,50406,6338486.1,20-FEB-2023,1819,INE715B01021,
ANDREWYU,EQ,22.75,22.9,22.05,22.4,22.35,22.7,148596,3341095.15,20-FEB-2023,632,INE449C01025,
ANGELONE,EQ,1121.25,1121.25,1085.0,1090.25,1090.5,1111.25,317277,346337175.55,20-FEB-2023,20073,INE732I01013,
ANIKINDS,EQ,35.6,36.8,35.6,36.0,36.0,36.4,9243,332954.7,20-FEB-2023,104,INE087B01017,
ANKITMETAL,EQ,5.35,5.4,4.85,5.0,4.95,5.25,99736,508808.2,20-FEB-2023,507,INE106I01010,
ANMOL,EQ,159.0,160.8,150.85,155.65,160.8,160.3,31950,4953212.75,20-FEB-2023,1098,INE02AR01019,
ANSALAPI,BE,10.4,10.4,9.7,10.0,10.0,10.2,169815,1681272.55,20-FEB-2023,307,INE436A01026,
ANTGRAPHIC,EQ,0.7,0.75,0.7,0.7,0.7,0.7,445228,320361.0,20-FEB-2023,588,INE414B01021,
ANUP,EQ,1125.05,1143.7,1124.1,1131.1,1143.7,1121.55,14928,16900710.85,20-FEB-2023,4417,INE294Z01018,
ANURAS,EQ,627.8,639.0,620.15,637.25,637.0,624.55,156535,98849886.95,20-FEB-2023,8212,INE930P01018,
APARINDS,EQ,2405.0,2419.7,2304.0,2324.0,2330.0,2395.15,86587,202656149.55,20-FEB-2023,12642,INE372A01015,
APCL,EQ,176.05,177.7,171.0,171.5,171.2,176.2,24249,4202157.6,20-FEB-2023,1438,INE071F01012,
APCOTEXIND,EQ,418.9,427.0,415.65,420.25,420.05,414.3,38918,16378788.7,20-FEB-2023,2786,INE116A01032,
APEX,EQ,222.45,222.45,214.25,215.1,215.8,220.25,50283,10883149.75,20-FEB-2023,2270,INE346W01013,
APLAPOLLO,EQ,1295.25,1311.9,1252.35,1266.4,1271.0,1287.9,536236,679987723.45,20-FEB-2023,23477,INE702C01027,
APLLTD,EQ,505.25,521.3,504.4,515.15,515.35,505.25,222587,113607194.4,20-FEB-2023,11466,INE901L01018,
APOLLO,EQ,326.9,338.85,325.45,327.4,326.5,325.05,72443,23955522.6,20-FEB-2023,2000,INE713T01010,
APOLLOHOSP,EQ,4593.0,4649.95,4575.35,4610.6,4604.0,4614.7,232327,1072046311.25,20-FEB-2023,31858,INE437A01024,
APOLLOPIPE,EQ,503.5,508.85,498.0,499.75,498.0,503.5,27506,13807328.65,20-FEB-2023,1970,INE126J01016,
APOLLOTYRE,EQ,332.0,334.0,327.4,330.35,330.8,330.95,2761417,913564821.0,20-FEB-2023,31174,INE438A01022,
APOLSINHOT,EQ,1161.65,1174.2,1145.6,1149.45,1162.0,1182.55,665,770366.55,20-FEB-2023,135,INE451F01024,
APTECHT,EQ,356.95,358.05,349.0,351.15,350.5,356.45,128686,45564726.75,20-FEB-2023,10375,INE266F01018,
APTUS,EQ,262.15,262.95,258.05,259.35,259.9,262.15,72883,18943514.8,20-FEB-2023,4678,INE852O01025,
ARCHIDPLY,EQ,61.0,62.0,57.15,57.85,57.7,60.95,20730,1233171.2,20-FEB-2023,540,INE877I01016,
ARCHIES,EQ,20.9,20.9,20.05,20.2,20.2,20.3,17901,361907.3,20-FEB-2023,193,INE731A01020,
ARENTERP,EQ,34.25,34.4,33.5,34.4,34.4,32.8,5090,174303.25,20-FEB-2023,97,INE610C01014,
ARIES,EQ,169.45,170.75,162.1,162.9,163.2,168.9,108572,17931459.6,20-FEB-2023,3485,INE298I01015,
ARIHANTCAP,EQ,47.0,47.0,44.85,45.6,46.0,45.5,42795,1951446.55,20-FEB-2023,692,INE420B01036,
ARIHANTSUP,EQ,215.0,216.7,211.0,213.95,211.75,215.0,135618,28986682.05,20-FEB-2023,2000,INE643K01018,
ARMANFIN,EQ,1471.05,1494.0,1417.0,1426.85,1427.0,1471.05,13552,19598242.7,20-FEB-2023,2221,INE109C01017,
AROGRANITE,EQ,44.0,45.0,43.35,44.75,44.7,43.85,30697,1364848.7,20-FEB-2023,303,INE210C01013,
ARROWGREEN,EQ,192.45,198.55,188.7,198.4,198.3,189.1,54136,10618292.5,20-FEB-2023,1566,INE570D01018,
ARSHIYA,EQ,5.7,5.75,5.25,5.25,5.25,5.8,3782012,20070128.55,20-FEB-2023,2127,INE968D01022,
ARSSINFRA,BE,20.6,20.6,19.05,20.2,20.0,19.95,5917,118019.15,20-FEB-2023,33,INE267I01010,
ARTEMISMED,EQ,68.4,68.4,66.65,67.25,67.0,67.8,30374,2047145.15,20-FEB-2023,635,INE025R01021,
ARTNIRMAN,BE,78.2,78.2,75.85,75.85,75.85,79.8,4514,343255.0,20-FEB-2023,58,INE738V01013,
ARVEE,BE,101.0,106.0,101.0,101.0,101.0,101.0,207,21326.7,20-FEB-2023,11,INE006Z01016,
ARVIND,EQ,83.0,83.55,82.25,82.65,82.65,82.95,223665,18547415.2,20-FEB-2023,2110,INE034A01011,
ARVINDFASN,EQ,290.35,295.55,285.0,286.25,285.0,293.25,112115,32385048.2,20-FEB-2023,5335,INE955V01021,
ARVSMART,EQ,276.2,284.25,269.05,270.65,269.15,274.25,30834,8426251.8,20-FEB-2023,1962,INE034S01021,
ASAHIINDIA,EQ,514.25,518.0,510.25,514.25,515.0,514.25,26576,13659678.05,20-FEB-2023,2855,INE439A01020,
ASAHISONG,EQ,227.25,227.25,221.25,221.6,221.5,223.9,3539,786026.55,20-FEB-2023,423,INE228I01012,
ASAL,EQ,318.3,318.5,310.0,311.75,312.65,312.25,7916,2469120.75,20-FEB-2023,645,INE900C01027,
ASALCBR,EQ,390.9,390.9,381.0,382.1,381.65,386.65,21297,8173634.4,20-FEB-2023,2449,INE073G01016,
ASHAPURMIN,EQ,106.0,108.4,104.1,104.55,105.0,106.9,113946,12048147.95,20-FEB-2023,2238,INE348A01023,
ASHIANA,EQ,149.75,150.5,147.2,148.4,149.5,149.75,15178,2263208.1,20-FEB-2023,384,INE365D01021,
ASHIMASYN,EQ,15.25,16.65,15.0,15.5,15.55,14.95,189322,2965182.55,20-FEB-2023,473,INE440A01010,
ASHOKA,EQ,77.4,78.55,76.25,76.9,77.2,77.05,584055,45143470.75,20-FEB-2023,5553,INE442H01029,
ASHOKLEY,EQ,149.5,149.5,146.55,148.55,148.2,148.9,5962953,883896601.85,20-FEB-2023,31977,INE208A01029,
ASIANENE,EQ,65.55,65.65,60.6,61.7,61.95,65.3,54506,3437944.7,20-FEB-2023,988,INE276G01015,
ASIANHOTNR,EQ,73.8,79.0,73.35,74.35,74.2,73.8,11649,886439.25,20-FEB-2023,894,INE363A01022,
ASIANPAINT,EQ,2845.0,2852.0,2812.1,2825.55,2829.8,2833.6,646218,1826501996.25,20-FEB-2023,48252,INE021A01026,
ASIANTILES,EQ,41.05,41.2,40.0,40.3,40.55,41.05,273302,11038845.55,20-FEB-2023,2126,INE022I01019,
ASMS,BE,9.35,9.35,9.35,9.35,9.35,9.8,594,5553.9,20-FEB-2023,19,INE855F01042,
ASPINWALL,EQ,204.3,210.0,200.5,201.8,200.5,204.65,3752,763360.3,20-FEB-2023,167,INE991I01015,
ASTEC,EQ,1469.6,1484.3,1435.0,1442.65,1440.0,1462.3,4104,5948136.35,20-FEB-2023,1120,INE563J01010,
ASTERDM,EQ,228.3,232.7,225.2,232.0,231.95,228.45,256218,58869736.2,20-FEB-2023,6476,INE914M01019,
ASTRAL,EQ,1913.5,1943.0,1895.0,1900.05,1900.0,1913.5,412015,790125669.95,20-FEB-2023,19683,INE006I01046,
ASTRAMICRO,EQ,279.8,282.0,273.7,280.15,278.0,278.2,414994,115161051.3,20-FEB-2023,8406,INE386C01029,
ASTRAZEN,EQ,3349.95,3367.95,3336.1,3352.1,3360.0,3361.0,1476,4943791.75,20-FEB-2023,477,INE203A01020,
ASTRON,EQ,28.25,28.25,27.5,27.65,27.5,27.85,15547,430411.05,20-FEB-2023,261,INE646X01014,
ATFL,EQ,884.4,910.4,869.9,906.35,905.95,880.0,10119,9088588.35,20-FEB-2023,1272,INE209A01019,
ATGL,EQ,922.95,922.95,922.95,922.95,922.95,971.5,68313,63049483.35,20-FEB-2023,5671,INE399L01023,
ATLANTA,BE,13.55,13.55,12.8,12.8,12.8,12.95,2335,30235.0,20-FEB-2023,23,INE285H01022,
ATUL,EQ,7299.9,7323.0,7100.0,7118.3,7100.1,7290.75,26211,187597045.1,20-FEB-2023,6081,INE100A01010,
ATULAUTO,EQ,387.95,390.3,367.5,369.75,370.0,385.75,512619,192988156.15,20-FEB-2023,12911,INE951D01028,
AUBANK,EQ,613.8,614.7,600.5,603.05,602.1,613.5,1506325,910895722.4,20-FEB-2023,47220,INE949L01017,
AURIONPRO,EQ,366.5,374.8,358.35,361.45,360.85,366.5,66434,24434261.75,20-FEB-2023,4488,INE132H01018,
AUROPHARMA,EQ,471.0,473.75,464.1,464.9,464.45,473.3,833905,390218784.0,20-FEB-2023,18770,INE406A01037,
AURUM,EQ,107.0,116.75,107.0,116.75,116.75,106.15,86831,9798636.4,20-FEB-2023,1088,INE898S01029,
AUSOMENT,EQ,67.65,67.65,64.3,64.7,64.55,66.85,8230,533152.15,20-FEB-2023,239,INE218C01016,
AUTOAXLES,EQ,2489.0,2541.95,2453.0,2473.8,2453.1,2458.7,15783,39395156.1,20-FEB-2023,2822,INE449A01011,
AUTOBEES,EQ,133.05,134.42,132.6,132.96,133.4,132.9,22831,3040966.14,20-FEB-2023,601,INF204KC1337,
AUTOIND,EQ,70.0,70.65,69.1,70.25,70.05,69.55,14767,1032609.2,20-FEB-2023,351,INE718H01014,
AVADHSUGAR,EQ,456.0,459.9,446.1,457.05,456.45,456.0,34895,15815711.4,20-FEB-2023,2694,INE349W01017,
AVANTIFEED,EQ,387.05,388.85,379.15,380.7,381.95,387.05,107664,41165662.35,20-FEB-2023,4200,INE871C01038,
AVONMORE,EQ,65.1,67.3,64.15,64.5,64.25,65.75,35219,2302961.4,20-FEB-2023,286,INE323B01016,
AVROIND,BE,110.0,114.75,104.95,111.6,114.4,110.45,57716,6267001.7,20-FEB-2023,262,INE652Z01017,
AVTNPL,EQ,94.6,94.6,90.9,91.7,91.6,93.35,77812,7193151.1,20-FEB-2023,1879,INE488D01021,
AWHCL,EQ,259.0,263.15,258.75,259.4,259.7,256.95,69690,18122451.95,20-FEB-2023,4215,INE01BK01022,
AWL,EQ,438.95,455.0,421.0,429.8,427.8,438.25,6612934,2897807106.85,20-FEB-2023,127007,INE699H01024,
AXISBANK,EQ,859.7,861.2,842.5,846.75,844.8,854.9,5992322,5091794054.0,20-FEB-2023,147541,INE238A01034,
AXISBNKETF,EQ,418.98,418.98,409.51,411.47,411.49,413.93,231,95346.73,20-FEB-2023,54,INF846K01X63,
AXISBPSETF,EQ,11.0,11.0,10.7,10.75,10.76,10.7,8295,89041.62,20-FEB-2023,385,INF846K01Z04,
AXISCADES,EQ,316.15,337.9,315.5,330.05,332.75,321.85,158240,52576064.85,20-FEB-2023,3642,INE555B01013,
AXISCETF,EQ,74.13,74.78,74.1,74.15,74.15,74.07,531,39391.31,20-FEB-2023,8,INF846K016C7,
AXISGOLD,EQ,48.29,48.5,48.19,48.36,48.35,48.06,39428,1905863.79,20-FEB-2023,1096,INF846K01W80,
AXISHCETF,EQ,78.0,78.22,77.77,78.05,78.05,78.09,427,33319.26,20-FEB-2023,30,INF846K01Z12,
AXISILVER,EQ,67.98,68.19,66.02,67.58,67.02,66.07,6438,431887.1,20-FEB-2023,95,INF846K011K1,
AXISNIFTY,EQ,191.9,191.9,189.31,190.16,190.3,191.14,2941,561002.99,20-FEB-2023,218,INF846K01W98,
AXISTECETF,EQ,324.97,324.97,320.95,322.96,320.95,320.49,3239,1048350.13,20-FEB-2023,82,INF846K01Y96,
AXITA,EQ,63.25,67.0,61.1,61.85,61.7,61.35,2821523,178851275.5,20-FEB-2023,9975,INE02EZ01022,
AYMSYNTEX,EQ,61.6,62.0,60.0,60.7,60.75,61.2,6330,385715.95,20-FEB-2023,156,INE193B01039,
BAFNAPH,BE,92.0,92.0,91.0,91.55,91.2,91.95,2617,240293.5,20-FEB-2023,31,INE878I01022,
BAGFILMS,EQ,4.65,4.65,4.45,4.55,4.6,4.65,51863,236299.6,20-FEB-2023,193,INE116D01028,
BAIDFIN,BE,35.5,35.9,34.5,35.85,35.8,34.2,20763,740571.7,20-FEB-2023,134,INE020D01022,
BAJAJ-AUTO,EQ,3894.95,3934.95,3893.35,3903.8,3899.5,3894.3,169828,665127814.5,20-FEB-2023,17077,INE917I01010,
BAJAJCON,EQ,166.45,168.95,165.1,168.0,168.1,166.1,130656,21880926.65,20-FEB-2023,3098,INE933K01021,
BAJAJELEC,EQ,1122.8,1133.0,1118.5,1127.25,1128.0,1122.75,209036,234257792.65,20-FEB-2023,3371,INE193E01025,
BAJAJFINSV,EQ,1418.0,1425.8,1400.8,1404.6,1404.0,1414.05,993735,1403381008.6,20-FEB-2023,42281,INE918I01026,
BAJAJHCARE,EQ,344.45,345.0,333.0,335.25,333.2,339.85,23429,7880629.3,20-FEB-2023,1734,INE411U01027,
BAJAJHIND,EQ,13.45,13.65,13.05,13.1,13.15,13.45,3386246,44759088.85,20-FEB-2023,5518,INE306A01021,
BAJAJHLDNG,EQ,6026.0,6098.9,5952.9,6051.15,6037.5,6013.5,21694,130343972.25,20-FEB-2023,3080,INE118A01012,
BAJFINANCE,EQ,6425.0,6443.55,6343.0,6367.4,6356.0,6416.7,465732,2977631019.75,20-FEB-2023,47814,INE296A01024,
BALAJITELE,EQ,46.3,46.85,44.0,44.55,44.6,46.8,202053,9094249.8,20-FEB-2023,2581,INE794B01026,
BALAMINES,EQ,2228.9,2228.9,2164.4,2176.45,2188.95,2217.85,40856,89322953.1,20-FEB-2023,6717,INE050E01027,
BALAXI,EQ,559.0,559.0,524.0,529.65,524.0,549.15,806,435505.1,20-FEB-2023,131,INE618N01014,
BALKRISHNA,BE,32.85,33.45,31.2,32.2,32.2,32.85,7701,245055.4,20-FEB-2023,59,INE875R01011,
BALKRISIND,EQ,2032.1,2070.85,2027.3,2057.6,2058.85,2028.85,307256,629468014.65,20-FEB-2023,18850,INE787D01026,
BALMLAWRIE,EQ,117.15,118.1,116.05,116.35,116.4,118.1,59248,6916626.7,20-FEB-2023,1203,INE164A01016,
BALPHARMA,EQ,77.0,77.75,75.0,75.6,75.15,77.0,19693,1494667.35,20-FEB-2023,1385,INE083D01012,
BALRAMCHIN,EQ,374.9,381.7,370.4,377.7,378.0,373.4,1209200,456531432.6,20-FEB-2023,20641,INE119A01028,
BANARBEADS,EQ,82.7,83.0,80.1,80.5,80.9,81.3,11369,923348.4,20-FEB-2023,599,INE655B01011,
BANARISUG,EQ,2761.0,2779.95,2748.0,2750.55,2750.0,2787.7,912,2511396.1,20-FEB-2023,117,INE459A01010,
BANCOINDIA,EQ,242.5,245.5,239.5,240.55,241.0,241.35,131160,31751068.4,20-FEB-2023,5804,INE213C01025,
BANDHANBNK,EQ,235.15,238.95,234.6,235.65,235.15,235.0,4340061,1028379973.45,20-FEB-2023,41667,INE545U01014,
BANG,EQ,43.55,43.85,42.4,43.0,43.0,42.7,18354,793627.0,20-FEB-2023,611,INE863I01016,
BANKA,EQ,80.4,80.4,76.55,77.6,78.0,80.4,7677,602268.35,20-FEB-2023,256,INE862Y01015,
BANKBARODA,EQ,167.0,168.4,163.3,164.25,164.5,166.8,17285378,2863004455.45,20-FEB-2023,77550,INE028A01039,
BANKBEES,EQ,418.73,418.74,411.45,412.84,413.0,416.31,692669,287078576.58,20-FEB-2023,12138,INF204KB15I9,
BANKINDIA,EQ,75.7,76.15,74.7,75.6,75.85,75.55,6669799,503823203.8,20-FEB-2023,26125,INE084A01016,
BANSWRAS,EQ,149.35,150.95,145.15,148.55,148.0,147.9,153161,22750530.4,20-FEB-2023,5083,INE629D01020,
BARBEQUE,EQ,726.95,738.05,695.05,700.95,697.8,719.75,75809,54402518.05,20-FEB-2023,4484,INE382M01027,
BASF,EQ,2375.9,2390.0,2351.6,2356.85,2355.0,2374.75,10155,24061813.25,20-FEB-2023,2541,INE373A01013,
BASML,EQ,45.5,45.75,44.15,44.75,44.65,44.5,31701,1424489.65,20-FEB-2023,393,INE186H01022,
BATAINDIA,EQ,1451.55,1451.55,1417.0,1434.05,1441.0,1440.05,934320,1333195706.6,20-FEB-2023,25198,INE176A01028,
BAYERCROP,EQ,4529.9,4565.95,4470.0,4476.0,4475.0,4506.15,9838,44256075.15,20-FEB-2023,2341,INE462A01022,
BBETF0432,EQ,1039.0,1039.0,1034.33,1036.22,1034.45,1036.24,5019,5201344.58,20-FEB-2023,88,INF754K01OB1,
BBL,EQ,2766.3,2819.0,2730.05,2796.0,2792.0,2752.5,21343,59256884.75,20-FEB-2023,3896,INE464A01028,
BBOX,EQ,118.05,118.5,113.95,114.6,114.15,118.05,9561,1107982.8,20-FEB-2023,417,INE676A01027,
BBTC,EQ,905.55,913.9,895.95,899.3,899.7,904.6,22656,20437319.8,20-FEB-2023,3943,INE050A01025,
BBTCL,EQ,229.95,230.0,225.4,229.9,229.9,228.95,3849,881719.8,20-FEB-2023,218,INE01EE01011,
BCG,EQ,24.7,25.6,24.4,24.5,24.45,24.7,52210054,1290237568.1,20-FEB-2023,30377,INE425B01027,
BCLIND,EQ,429.6,462.0,428.05,456.7,460.0,429.6,507377,226565244.2,20-FEB-2023,10367,INE412G01016,
BCONCEPTS,BE,234.85,234.9,220.95,222.6,225.0,232.55,12973,2892980.7,20-FEB-2023,136,INE977Y01011,
BCP,EQ,4.7,5.25,4.65,5.0,5.05,4.55,1585428,7856167.7,20-FEB-2023,1513,INE905P01028,
BDL,EQ,872.4,924.9,861.15,918.3,913.2,872.7,5058063,4566838796.55,20-FEB-2023,140524,INE171Z01018,
BEARDSELL,EQ,22.85,22.85,22.0,22.1,22.15,22.7,17805,396593.8,20-FEB-2023,235,INE520H01022,
BECTORFOOD,EQ,544.8,557.35,515.0,522.45,528.0,542.4,269481,144713498.25,20-FEB-2023,10923,INE495P01012,
BEDMUTHA,EQ,54.35,55.6,53.55,54.85,55.0,54.6,2324,127157.75,20-FEB-2023,60,INE844K01012,
BEL,EQ,96.7,96.75,94.2,94.9,95.0,96.45,17505922,1657327918.8,20-FEB-2023,57328,INE263A01024,
BEML,EQ,1433.95,1442.55,1390.0,1404.6,1400.0,1430.15,64823,91199394.05,20-FEB-2023,9721,INE258A01016,
BEPL,EQ,105.05,105.2,103.5,103.8,103.8,104.5,152968,15944540.75,20-FEB-2023,3214,INE922A01025,
BERGEPAINT,EQ,572.1,573.0,563.65,570.4,570.0,568.95,546220,310638792.2,20-FEB-2023,14959,INE463A01038,
BESTAGRO,EQ,1105.05,1125.0,1086.1,1092.6,1086.1,1098.7,66594,73352654.7,20-FEB-2023,3127,INE052T01013,
BFINVEST,EQ,400.1,408.8,381.05,384.25,384.2,401.05,58666,22770604.3,20-FEB-2023,2763,INE878K01010,
BFUTILITIE,EQ,367.0,369.7,361.05,361.9,362.0,367.85,180881,65939676.8,20-FEB-2023,7998,INE243D01012,
BGRENERGY,EQ,53.0,54.6,51.15,51.45,51.5,52.45,195796,10367077.85,20-FEB-2023,1717,INE661I01014,
BHAGCHEM,EQ,1045.05,1052.2,1000.1,1045.35,1042.0,1014.7,5912,6104473.35,20-FEB-2023,416,INE414D01019,
BHAGERIA,EQ,130.05,133.6,128.55,130.85,130.5,130.1,15752,2070245.65,20-FEB-2023,1088,INE354C01027,
BHAGYANGR,EQ,50.15,50.15,47.5,47.85,47.75,48.85,34101,1669281.55,20-FEB-2023,422,INE458B01036,
BHANDARI,EQ,4.95,4.95,4.8,4.85,4.9,4.9,168366,822496.05,20-FEB-2023,428,INE474E01029,
BHARATFORG,EQ,865.85,874.3,856.05,860.35,857.85,862.4,895226,775262226.0,20-FEB-2023,20087,INE465A01025,
BHARATGEAR,EQ,123.0,124.3,120.25,121.5,121.95,122.05,24570,2985239.7,20-FEB-2023,811,INE561C01019,
BHARATRAS,EQ,8794.7,8899.0,8574.0,8840.1,8884.95,8728.2,2137,18616020.05,20-FEB-2023,659,INE838B01013,
BHARATWIRE,EQ,100.9,101.7,93.8,95.65,97.1,100.55,333263,32075721.75,20-FEB-2023,4568,INE316L01019,
BHARTIARTL,EQ,781.25,793.8,777.1,779.15,780.5,776.8,3381774,2655733287.75,20-FEB-2023,102900,INE397D01024,
BHEL,EQ,72.25,72.55,70.6,71.65,71.45,72.4,14307992,1024673705.55,20-FEB-2023,35177,INE257A01026,
BIGBLOC,EQ,142.75,143.9,137.75,142.1,142.8,140.8,100769,14133896.2,20-FEB-2023,1800,INE412U01025,
BIKAJI,EQ,378.95,380.0,372.25,373.35,373.05,377.35,57232,21514441.95,20-FEB-2023,2801,INE00E101023,
BIL,EQ,204.4,204.65,200.1,202.0,201.2,201.2,5900,1192671.5,20-FEB-2023,760,INE828A01016,
BINDALAGRO,EQ,24.25,24.9,24.1,24.25,24.3,24.25,163549,4010379.6,20-FEB-2023,1582,INE143A01010,
BIOCON,EQ,232.5,233.7,226.5,227.7,227.35,232.5,5289644,1212777145.75,20-FEB-2023,69725,INE376G01013,
BIOFILCHEM,EQ,47.8,48.6,46.8,47.1,46.9,47.75,14355,678765.3,20-FEB-2023,514,INE829A01014,
BIRLACABLE,EQ,140.0,141.2,135.85,137.3,136.5,140.55,70061,9692227.7,20-FEB-2023,2449,INE800A01015,
BIRLACORPN,EQ,896.05,898.85,876.0,878.8,880.0,891.55,91742,81115455.95,20-FEB-2023,7306,INE340A01012,
BIRLAMONEY,EQ,57.45,57.45,56.3,56.8,56.7,56.95,16942,961691.25,20-FEB-2023,258,INE865C01022,
BIRLATYRE,BE,4.5,4.5,4.35,4.45,4.45,4.3,422630,1885011.55,20-FEB-2023,1147,INE0AEJ01013,
BLBLIMITED,EQ,23.0,23.95,22.3,22.9,22.85,22.65,18198,421723.7,20-FEB-2023,400,INE791A01024,
BLISSGVS,EQ,79.9,81.6,78.85,79.35,79.2,78.55,331191,26480720.75,20-FEB-2023,3453,INE416D01022,
BLKASHYAP,EQ,28.85,29.85,28.85,29.5,29.25,29.3,97991,2896898.5,20-FEB-2023,421,INE350H01032,
BLS,EQ,170.0,171.35,160.1,163.55,164.4,169.05,1483350,246626206.95,20-FEB-2023,84314,INE153T01027,
BLUECHIP,BE,0.4,0.45,0.4,0.45,0.45,0.45,12251,5062.95,20-FEB-2023,10,INE657B01025,
BLUEDART,EQ,6195.95,6264.35,6162.35,6247.9,6250.0,6177.0,6678,41593543.55,20-FEB-2023,2700,INE233B01017,
BLUESTARCO,EQ,1424.0,1434.35,1414.3,1419.25,1415.0,1418.05,31645,45058921.95,20-FEB-2023,5034,INE472A01039,
BODALCHEM,EQ,64.15,66.6,64.15,65.45,65.0,64.1,422268,27699514.0,20-FEB-2023,4831,INE338D01028,
BOMDYEING,EQ,70.5,71.0,69.7,70.0,69.75,70.35,325817,22867079.75,20-FEB-2023,2165,INE032A01023,
BOROLTD,EQ,340.0,345.6,338.25,340.6,341.5,341.3,50062,17121555.7,20-FEB-2023,3356,INE02PY01013,
BORORENEW,EQ,477.7,480.95,458.1,461.85,460.55,477.95,294202,137374008.15,20-FEB-2023,14764,INE666D01022,
BOSCHLTD,EQ,18036.95,18305.9,17901.0,18183.35,18148.0,18014.55,27323,495677455.55,20-FEB-2023,8923,INE323A01026,
BPCL,EQ,332.85,333.45,325.95,326.15,326.05,331.7,1773126,582208110.1,20-FEB-2023,28673,INE029A01011,
BPL,EQ,61.05,62.1,60.5,60.65,60.9,61.5,76573,4683107.9,20-FEB-2023,590,INE110A01019,
BRIGADE,EQ,487.6,499.6,480.0,481.65,481.8,491.6,252045,124312429.85,20-FEB-2023,8623,INE791I01019,
BRITANNIA,EQ,4535.25,4545.0,4444.0,4453.8,4447.0,4533.25,308681,1379614743.95,20-FEB-2023,26489,INE216A01030,
BRNL,EQ,31.5,31.75,30.65,30.95,30.9,31.4,33749,1047471.9,20-FEB-2023,389,INE727S01012,
BROOKS,EQ,97.0,98.95,95.0,95.6,95.1,98.4,21941,2106141.9,20-FEB-2023,363,INE650L01011,
BSE,EQ,476.85,477.85,467.4,468.45,468.0,475.0,477470,225206452.25,20-FEB-2023,18653,INE118H01025,
BSHSL,BE,402.55,440.0,398.7,424.9,427.0,419.65,527000,219390803.25,20-FEB-2023,6047,INE032Z01020,
BSL,BE,177.0,178.35,171.0,175.5,175.05,169.9,4919,870347.1,20-FEB-2023,96,INE594B01012,
BSLGOLDETF,EQ,50.74,51.36,50.71,51.18,51.25,50.51,9631,493072.5,20-FEB-2023,171,INF209KB18D3,
BSLNIFTY,EQ,20.8,20.8,20.0,20.11,20.28,20.17,64361,1298240.18,20-FEB-2023,1064,INF209KB19D1,
BSLSENETFG,EQ,60.3,60.3,58.56,58.62,58.6,58.85,585,34535.87,20-FEB-2023,74,INF209KB10E8,
BSOFT,EQ,290.0,296.3,289.0,291.4,291.45,291.2,1101333,322806810.65,20-FEB-2023,15118,INE836A01035,
BTML,EQ,188.0,192.25,169.55,174.5,175.7,188.35,406696,71773517.8,20-FEB-2023,13579,INE0EEJ01015,
BURNPUR,EQ,4.85,4.95,4.75,4.8,4.95,4.8,124701,600418.45,20-FEB-2023,265,INE817H01014,
BUTTERFLY,EQ,1381.0,1388.0,1366.1,1380.15,1380.0,1389.3,2297,3169603.05,20-FEB-2023,269,INE295F01017,
BVCL,EQ,25.25,26.55,24.3,24.9,24.35,24.95,14903,371815.95,20-FEB-2023,204,INE139I01011,
BYKE,EQ,41.85,42.9,41.8,42.2,41.9,42.55,51089,2158740.95,20-FEB-2023,405,INE319B01014,
CALSOFT,EQ,18.0,18.3,16.6,16.85,16.6,18.4,253895,4356797.85,20-FEB-2023,1089,INE526B01014,
CAMLINFINE,EQ,142.05,142.5,135.1,137.65,138.1,139.95,159616,22257060.75,20-FEB-2023,3492,INE052I01032,
CAMPUS,EQ,376.5,380.95,366.0,368.05,367.0,374.6,499978,185086780.95,20-FEB-2023,23363,INE278Y01022,
CAMS,EQ,2309.45,2310.0,2289.05,2299.35,2301.0,2300.65,28418,65361224.3,20-FEB-2023,4797,INE596I01012,
CANBK,EQ,294.0,296.25,288.1,289.0,289.0,293.65,4939123,1440911670.95,20-FEB-2023,35056,INE476A01014,
CANFINHOME,EQ,578.95,593.7,574.0,590.0,589.0,578.85,699245,411114505.45,20-FEB-2023,12919,INE477A01020,
CANTABIL,EQ,1056.0,1061.95,1042.05,1052.75,1048.0,1039.6,11027,11582747.9,20-FEB-2023,883,INE068L01016,
CAPACITE,EQ,145.1,145.75,137.5,138.25,138.0,144.7,515229,71816348.4,20-FEB-2023,6833,INE264T01014,
CAPLIPOINT,EQ,686.2,689.05,680.55,681.7,681.0,686.9,24753,16918716.55,20-FEB-2023,2079,INE475E01026,
CAPTRUST,EQ,80.5,81.4,77.4,78.0,77.5,78.5,13789,1081236.65,20-FEB-2023,176,INE707C01018,
CARBORUNIV,EQ,988.25,1007.0,976.5,1001.5,1007.0,981.0,102777,102279382.25,20-FEB-2023,7848,INE120A01034,
CAREERP,EQ,156.7,171.0,156.3,169.4,169.75,157.1,754741,125250282.35,20-FEB-2023,14317,INE521J01018,
CARERATING,EQ,679.15,698.5,672.2,689.7,690.0,683.3,223213,154132941.65,20-FEB-2023,10339,INE752H01013,
CARTRADE,EQ,523.05,533.6,512.25,527.35,532.0,527.45,142188,74219318.85,20-FEB-2023,9834,INE290S01011,
CARYSIL,EQ,505.0,522.8,502.3,512.5,511.5,501.05,169208,86746503.4,20-FEB-2023,9240,INE482D01024,
CASTROLIND,EQ,121.45,122.0,119.55,120.1,120.3,121.05,487683,58932211.7,20-FEB-2023,6147,INE172A01027,
CCCL,BE,1.5,1.5,1.5,1.5,1.5,1.55,107586,161379.0,20-FEB-2023,85,INE429I01024,
CCHHL,EQ,7.0,7.55,7.0,7.1,7.1,7.2,24941,178494.8,20-FEB-2023,202,INE652F01027,
CCL,EQ,553.15,553.15,541.7,543.1,542.5,549.0,48499,26405005.15,20-FEB-2023,5222,INE421D01022,
CDSL,EQ,1012.3,1012.3,992.05,995.0,994.2,1007.3,210272,210226467.6,20-FEB-2023,18066,INE736A01011,
CEATLTD,EQ,1527.75,1554.75,1509.1,1512.95,1512.1,1517.9,68902,105797407.5,20-FEB-2023,8234,INE482A01020,
CELEBRITY,EQ,15.45,15.45,14.75,14.9,14.8,15.3,48482,727692.35,20-FEB-2023,405,INE185H01016,
CENTENKA,EQ,371.1,377.5,371.1,374.15,374.0,375.05,22385,8383053.05,20-FEB-2023,1132,INE485A01015,
CENTEXT,EQ,9.55,9.6,9.25,9.35,9.3,9.4,62429,588397.75,20-FEB-2023,531,INE281A01026,
CENTRALBK,EQ,27.0,27.2,26.5,26.6,26.6,27.05,2870190,76850078.55,20-FEB-2023,6724,INE483A01010,
CENTRUM,EQ,22.2,22.2,21.3,21.4,21.35,21.9,61818,1338623.05,20-FEB-2023,473,INE660C01027,
CENTUM,EQ,618.9,618.9,594.0,595.1,594.2,612.75,4664,2810243.75,20-FEB-2023,695,INE320B01020,
CENTURYPLY,EQ,509.1,515.0,507.0,512.3,512.0,509.9,109913,56091032.85,20-FEB-2023,2606,INE348B01021,
CENTURYTEX,EQ,644.0,644.0,624.0,628.4,624.0,640.85,103858,65709314.6,20-FEB-2023,6947,INE055A01016,
CERA,EQ,5966.0,6494.7,5966.0,6436.0,6417.25,5950.45,165062,1046814411.8,20-FEB-2023,32210,INE739E01017,
CEREBRAINT,EQ,10.2,10.2,9.7,9.7,9.7,10.2,537289,5224436.95,20-FEB-2023,1413,INE345B01019,
CESC,EQ,77.35,78.05,77.2,77.45,77.5,76.95,2018272,156429392.85,20-FEB-2023,11007,INE486A01021,
CGCL,EQ,699.9,721.0,692.45,701.2,698.05,703.55,157605,110212048.9,20-FEB-2023,7269,INE180C01026,
CGPOWER,EQ,319.95,323.8,314.0,317.0,315.0,320.15,7742141,2459932148.8,20-FEB-2023,54958,INE067A01029,
CHALET,EQ,365.0,372.0,360.6,363.5,364.0,362.75,66433,24384860.85,20-FEB-2023,4695,INE427F01016,
CHAMBLFERT,EQ,293.25,296.0,289.55,291.2,291.0,293.25,1233240,360086808.6,20-FEB-2023,14008,INE085A01013,
CHEMBOND,EQ,268.0,278.0,268.0,270.25,270.95,267.2,23041,6253257.0,20-FEB-2023,976,INE995D01025,
CHEMCON,EQ,271.55,273.1,268.5,270.15,270.5,271.55,40687,11010502.05,20-FEB-2023,2637,INE03YM01018,
CHEMFAB,EQ,285.4,286.0,280.0,283.1,282.0,282.55,8175,2320719.2,20-FEB-2023,337,INE783X01023,
CHEMPLASTS,EQ,420.0,421.2,404.0,406.15,407.0,415.95,92715,38080705.95,20-FEB-2023,6041,INE488A01050,
CHENNPETRO,EQ,245.45,247.45,240.05,243.25,242.3,246.85,533558,129916250.6,20-FEB-2023,9168,INE178A01016,
CHEVIOT,EQ,1085.1,1090.5,1040.2,1064.55,1067.9,1085.8,3284,3481756.0,20-FEB-2023,637,INE974B01016,
CHOICEIN,EQ,268.0,271.2,258.3,260.25,259.15,269.55,170921,45271866.8,20-FEB-2023,2227,INE102B01014,
CHOLAFIN,EQ,779.35,782.4,768.65,770.1,770.05,779.35,564503,436685590.9,20-FEB-2023,24819,INE121A01024,
CHOLAHLDNG,EQ,600.0,601.85,585.0,588.75,588.95,600.05,144859,85410136.45,20-FEB-2023,10867,INE149A01033,
CIGNITITEC,EQ,731.95,732.0,704.0,706.1,706.5,726.4,136436,97007948.3,20-FEB-2023,5121,INE675C01017,
CINELINE,EQ,107.75,108.15,105.85,106.95,106.85,107.2,23399,2504075.25,20-FEB-2023,268,INE704H01022,
CINEVISTA,EQ,11.35,11.65,11.05,11.15,11.25,11.55,13055,148474.8,20-FEB-2023,170,INE039B01026,
CIPLA,EQ,998.0,998.0,955.25,964.0,963.0,1025.75,5829572,5632134264.65,20-FEB-2023,181191,INE059A01026,
CLEAN,EQ,1440.0,1467.0,1436.0,1444.45,1447.0,1439.05,27458,39859238.15,20-FEB-2023,3558,INE227W01023,
CLEDUCATE,EQ,56.5,56.5,53.7,56.0,56.05,54.95,61521,3388750.3,20-FEB-2023,723,INE201M01029,
CLNINDIA,EQ,318.2,318.45,311.85,313.0,313.35,318.15,12439,3911772.75,20-FEB-2023,1074,INE492A01029,
CLSEL,EQ,169.3,171.45,166.3,168.9,168.5,167.25,290939,49194005.75,20-FEB-2023,7117,INE419D01026,
CMICABLES,BE,16.95,17.35,16.85,16.9,17.0,16.7,15023,254485.25,20-FEB-2023,77,INE981B01011,
CMSINFO,EQ,295.1,297.15,288.3,289.5,290.0,295.1,97644,28375797.45,20-FEB-2023,7747,INE925R01014,
COALINDIA,EQ,217.85,218.95,215.95,218.3,218.75,217.5,8479587,1851018889.95,20-FEB-2023,43721,INE522F01014,
COASTCORP,EQ,214.8,216.7,210.5,215.3,215.85,212.55,17579,3748435.4,20-FEB-2023,765,INE377E01016,
COCHINSHIP,EQ,489.9,495.0,482.05,483.75,483.75,488.2,303365,147687008.2,20-FEB-2023,11130,INE704P01017,
COFFEEDAY,EQ,37.45,37.7,36.35,36.55,36.55,37.45,765076,28186423.75,20-FEB-2023,4053,INE335K01011,
COFORGE,EQ,4204.1,4364.85,4175.0,4335.45,4340.0,4204.1,582774,2493417964.25,20-FEB-2023,38496,INE591G01017,
COLPAL,EQ,1458.0,1462.45,1448.7,1456.2,1449.45,1455.15,166350,242426478.2,20-FEB-2023,7442,INE259A01022,
COMPINFO,EQ,17.15,17.35,16.65,16.7,16.75,17.15,347302,5868924.95,20-FEB-2023,1281,INE070C01037,
COMPUSOFT,EQ,17.9,18.15,17.4,17.7,17.65,17.9,36200,638782.4,20-FEB-2023,355,INE453B01029,
CONCOR,EQ,609.0,611.75,604.55,609.3,610.3,607.25,1186755,722832414.0,20-FEB-2023,21089,INE111A01025,
CONFIPET,EQ,65.5,66.25,64.7,65.3,65.2,64.9,241214,15769857.95,20-FEB-2023,1830,INE552D01024,
CONSOFINVT,EQ,125.3,127.4,122.8,123.0,122.95,125.8,5052,622084.25,20-FEB-2023,107,INE025A01027,
CONSUMBEES,EQ,81.49,81.49,79.85,80.12,80.35,80.74,13526,1084887.77,20-FEB-2023,459,INF204KA1LD7,
CONTROLPR,EQ,455.95,468.0,455.1,463.25,467.5,454.7,13470,6210480.95,20-FEB-2023,715,INE663B01015,
CORALFINAC,EQ,34.0,34.0,33.0,33.2,33.65,33.5,15166,505861.2,20-FEB-2023,205,INE558D01021,
CORDSCABLE,EQ,71.45,72.85,69.1,69.75,70.0,71.45,68296,4848288.95,20-FEB-2023,1469,INE792I01017,
COROMANDEL,EQ,905.9,915.0,893.3,910.2,910.0,906.0,281936,255837170.25,20-FEB-2023,20438,INE169A01031,
COSMOFIRST,EQ,725.0,728.95,710.0,714.1,715.0,726.1,39987,28597632.7,20-FEB-2023,2833,INE757A01017,
COUNCODOS,BE,4.0,4.1,4.0,4.05,4.0,4.05,16263,65443.8,20-FEB-2023,61,INE695B01025,
CPSEETF,EQ,40.0,40.0,38.75,38.77,38.84,38.99,544478,21172882.76,20-FEB-2023,2814,INF457M01133,
CRAFTSMAN,EQ,3517.0,3588.95,3508.35,3550.2,3532.0,3516.65,28325,100102347.0,20-FEB-2023,9422,INE00LO01017,
CREATIVE,EQ,478.6,480.65,454.05,462.4,465.0,471.5,7691,3569670.35,20-FEB-2023,443,INE985W01018,
CREATIVEYE,EQ,4.5,4.75,4.5,4.75,4.75,5.0,1501,7104.75,20-FEB-2023,5,INE230B01021,
CREDITACC,EQ,954.4,1022.0,941.1,1000.6,1005.8,954.4,349416,347318335.55,20-FEB-2023,16639,INE741K01010,
CREST,EQ,189.9,189.9,174.0,176.9,176.6,178.7,7971,1415087.7,20-FEB-2023,119,INE559D01011,
CRISIL,EQ,3170.0,3240.0,3157.7,3230.7,3224.0,3140.9,53828,173094597.75,20-FEB-2023,6990,INE007A01025,
CROMPTON,EQ,298.9,300.3,291.35,297.8,296.5,297.8,942891,279878922.6,20-FEB-2023,21396,INE299U01018,
CROWN,BE,34.9,34.9,33.9,33.9,34.9,35.0,151,5169.9,20-FEB-2023,3,INE491V01019,
CSBBANK,EQ,242.45,244.0,238.9,242.05,241.15,240.35,109868,26452769.35,20-FEB-2023,2936,INE679A01013,
CSLFINANCE,EQ,240.35,244.8,239.25,240.0,240.0,243.4,4146,997632.45,20-FEB-2023,152,INE718F01018,
CTE,EQ,55.35,55.35,53.0,53.9,53.85,54.25,7931,426412.3,20-FEB-2023,281,INE627H01017,
CUB,EQ,139.35,139.7,137.0,137.55,137.55,138.65,1887850,260850654.25,20-FEB-2023,16052,INE491A01021,
CUBEXTUB,EQ,33.0,33.9,31.65,33.35,32.65,32.05,17553,573797.45,20-FEB-2023,741,INE144D01012,
CUMMINSIND,EQ,1626.8,1626.8,1609.75,1614.0,1620.0,1618.7,365315,590474203.95,20-FEB-2023,23363,INE298A01020,
CUPID,EQ,267.0,267.0,257.15,258.85,257.5,267.25,41379,10787712.35,20-FEB-2023,2283,INE509F01011,
CYBERMEDIA,EQ,18.65,18.95,17.6,18.5,18.75,18.65,13898,257623.95,20-FEB-2023,135,INE278G01037,
CYBERTECH,EQ,129.2,130.5,127.6,128.3,127.6,129.1,24311,3135431.85,20-FEB-2023,677,INE214A01019,
CYIENT,EQ,928.45,947.45,917.65,938.95,938.95,923.5,394668,370851429.9,20-FEB-2023,22255,INE136B01020,
DAAWAT,EQ,105.1,105.95,103.8,104.1,104.1,105.55,507762,53044654.8,20-FEB-2023,5019,INE818H01020,
DABUR,EQ,534.95,536.25,529.65,535.0,535.0,534.5,1462577,782076052.8,20-FEB-2023,26499,INE016A01026,
DALBHARAT,EQ,1952.75,1960.0,1885.25,1935.6,1931.0,1945.1,315376,608914680.25,20-FEB-2023,19100,INE00R701025,
DALMIASUG,EQ,346.45,348.8,340.55,346.35,346.5,346.1,51129,17611541.8,20-FEB-2023,3340,INE495A01022,
DAMODARIND,EQ,46.8,48.4,46.65,48.2,48.4,47.7,1002,47830.0,20-FEB-2023,88,INE497D01022,
DANGEE,EQ,18.25,18.45,17.5,17.65,17.85,18.15,108859,1930062.3,20-FEB-2023,453,INE688Y01022,
DATAMATICS,EQ,310.95,318.0,307.0,314.9,317.0,310.0,151788,47440825.9,20-FEB-2023,5398,INE365B01017,
DATAPATTNS,EQ,1436.0,1438.0,1335.0,1348.1,1341.05,1435.8,373553,513166548.0,20-FEB-2023,22218,INE0IX101010,
DBCORP,EQ,102.0,102.15,99.05,99.35,99.15,101.15,116993,11695466.8,20-FEB-2023,2216,INE950I01011,
DBL,EQ,214.0,214.25,206.35,208.2,207.0,208.0,519548,109176891.2,20-FEB-2023,11293,INE917M01012,
DBOL,EQ,153.7,157.15,151.4,155.8,155.55,156.2,108207,16752368.05,20-FEB-2023,2546,INE0I3401014,
DBREALTY,EQ,70.25,70.5,66.35,66.35,66.35,69.8,266491,17991627.9,20-FEB-2023,1789,INE879I01012,
DBSTOCKBRO,EQ,29.0,31.15,28.75,29.7,29.95,28.35,72686,2204344.45,20-FEB-2023,1025,INE921B01025,
DCAL,EQ,103.0,109.8,103.0,108.6,109.0,102.95,2535160,271465667.6,20-FEB-2023,18521,INE385W01011,
DCBBANK,EQ,113.45,115.8,112.0,115.05,115.0,113.45,844169,96727304.15,20-FEB-2023,9520,INE503A01015,
DCI,BE,116.0,120.85,113.05,117.9,117.9,116.0,437,50437.3,20-FEB-2023,27,INE0A1101019,
DCM,EQ,79.9,80.05,77.05,77.25,77.55,77.75,12421,967987.9,20-FEB-2023,285,INE498A01018,
DCMFINSERV,EQ,4.15,4.2,3.9,3.95,4.0,3.95,11647,46520.95,20-FEB-2023,76,INE891B01012,
DCMNVL,EQ,138.2,141.4,136.05,137.6,137.05,140.75,24601,3412537.4,20-FEB-2023,659,INE08KP01019,
DCMSHRIRAM,EQ,866.0,874.35,858.55,866.6,867.9,866.0,9574,8311840.2,20-FEB-2023,1504,INE499A01024,
DCMSRIND,EQ,69.85,71.15,69.5,69.95,69.9,70.0,85148,5973203.65,20-FEB-2023,980,INE843D01027,
DCW,EQ,50.0,50.4,49.3,49.7,49.7,50.0,625417,31227588.6,20-FEB-2023,2711,INE500A01029,
DCXINDIA,EQ,151.75,174.3,151.75,170.6,170.5,150.9,1586399,266268172.4,20-FEB-2023,29078,INE0KL801015,
DECCANCE,EQ,482.8,482.8,465.4,467.8,467.75,478.8,7380,3474329.0,20-FEB-2023,651,INE583C01021,
DEEPAKFERT,EQ,637.3,649.0,632.6,640.8,642.0,634.1,291533,187462809.8,20-FEB-2023,9061,INE501A01019,
DEEPAKNTR,EQ,1804.25,1827.9,1784.0,1812.0,1809.0,1804.25,267871,484703412.2,20-FEB-2023,16943,INE288B01029,
DEEPENR,EQ,118.95,121.5,115.55,117.8,117.1,118.25,11775,1379583.3,20-FEB-2023,273,INE677H01012,
DEEPINDS,EQ,283.5,288.15,281.85,283.65,284.0,286.85,33346,9491422.1,20-FEB-2023,1696,INE0FHS01016,
DELHIVERY,EQ,329.85,344.5,325.0,339.8,340.0,328.2,3149560,1070251465.55,20-FEB-2023,73106,INE148O01028,
DELPHIFX,EQ,326.9,326.9,314.1,320.4,324.0,322.0,1923,612870.55,20-FEB-2023,302,INE726L01019,
DELTACORP,EQ,203.5,203.75,195.6,196.1,196.5,202.8,3613228,713605793.35,20-FEB-2023,27472,INE124G01033,
DELTAMAGNT,EQ,66.0,67.7,63.5,64.75,64.05,65.8,6386,417943.35,20-FEB-2023,465,INE393A01011,
DEN,EQ,31.45,31.6,30.9,31.05,31.25,31.4,288309,9006440.6,20-FEB-2023,1394,INE947J01015,
DENORA,EQ,862.2,865.6,837.75,849.05,840.0,853.65,6989,5977385.4,20-FEB-2023,867,INE244A01016,
DEVIT,BE,115.0,115.0,111.35,112.35,111.5,111.05,4179,474697.6,20-FEB-2023,108,INE060X01026,
DEVYANI,EQ,155.0,155.4,152.7,154.7,154.8,153.45,540542,83484719.1,20-FEB-2023,6751,INE872J01023,
DFMFOODS,EQ,459.0,460.5,457.0,459.75,458.1,453.4,8473,3889479.05,20-FEB-2023,799,INE456C01020,
DGCONTENT,EQ,16.35,16.65,16.25,16.25,16.25,16.3,2720,44231.45,20-FEB-2023,43,INE03JI01017,
DHAMPURSUG,EQ,217.9,217.9,214.05,215.1,215.5,215.9,98454,21237917.1,20-FEB-2023,3403,INE041A01016,
DHANBANK,EQ,16.3,16.4,15.75,15.95,15.85,16.35,754647,12118888.7,20-FEB-2023,2126,INE680A01011,
DHANI,EQ,33.45,34.45,33.0,33.15,33.05,33.4,1202788,40140099.85,20-FEB-2023,4368,INE274G01010,
DHANUKA,EQ,675.15,683.45,673.95,677.0,678.0,679.65,6288,4261137.8,20-FEB-2023,994,INE435G01025,
DHARMAJ,EQ,161.95,161.95,153.35,158.45,158.5,162.0,316838,50454022.6,20-FEB-2023,14664,INE00OQ01016,
DHRUV,EQ,55.3,66.25,54.4,55.25,54.4,55.5,91231,5438889.45,20-FEB-2023,1625,INE506Z01015,
DHUNINV,EQ,644.0,644.0,626.05,626.45,626.1,630.35,393,247191.35,20-FEB-2023,70,INE320L01011,
DIAMONDYD,EQ,788.6,800.0,775.0,789.55,786.0,795.0,6073,4775540.6,20-FEB-2023,813,INE393P01035,
DICIND,EQ,389.1,394.8,386.55,387.15,387.1,389.1,1494,581536.4,20-FEB-2023,69,INE303A01010,
DIGISPICE,EQ,21.95,22.3,21.5,21.65,21.75,21.65,35709,783497.3,20-FEB-2023,383,INE927C01020,
DIGJAMLMTD,BE,101.8,111.0,101.8,106.9,106.5,106.65,485,50507.9,20-FEB-2023,48,INE731U01028,
DIL,EQ,20.9,21.35,18.4,19.8,20.0,20.4,1482837,29595411.85,20-FEB-2023,6294,INE411Y01011,
DISHTV,EQ,14.4,14.45,13.9,14.0,14.05,14.3,4072560,57425066.5,20-FEB-2023,3789,INE836F01026,
DIVISLAB,EQ,2834.5,2919.0,2800.0,2900.6,2902.0,2829.8,740945,2136554332.4,20-FEB-2023,55293,INE361B01024,
DIVOPPBEES,EQ,51.45,51.48,49.31,49.89,49.9,49.96,11555,578998.36,20-FEB-2023,636,INF204KA1MS3,
DIXON,EQ,2732.35,2750.05,2695.0,2705.65,2703.55,2736.3,193404,526273541.05,20-FEB-2023,18016,INE935N01020,
DJML,EQ,143.6,145.95,141.0,142.85,141.0,142.35,1987,284161.4,20-FEB-2023,152,INE0B1K01014,
DLF,EQ,365.9,370.6,363.1,364.6,363.95,364.55,2726465,1001301823.65,20-FEB-2023,27678,INE271C01023,
DLINKINDIA,EQ,260.5,261.8,252.9,254.8,253.8,260.45,150692,38686449.95,20-FEB-2023,5472,INE250K01012,
DMART,EQ,3545.95,3574.75,3540.05,3552.85,3551.0,3545.0,191038,679802824.5,20-FEB-2023,15442,INE192R01011,
DMCC,EQ,257.6,260.0,250.1,251.9,251.0,260.45,16503,4178210.65,20-FEB-2023,1006,INE505A01010,
DNAMEDIA,EQ,3.15,3.15,3.0,3.05,3.0,3.1,20466,62298.95,20-FEB-2023,95,INE016M01021,
DODLA,EQ,491.0,496.55,490.0,492.9,494.6,494.1,9906,4877061.8,20-FEB-2023,1653,INE021O01019,
DOLATALGO,EQ,54.55,54.55,52.55,52.85,52.8,53.85,78042,4132378.75,20-FEB-2023,1086,INE966A01022,
DOLLAR,EQ,351.0,351.0,338.0,338.9,339.45,349.35,95880,32921459.8,20-FEB-2023,3499,INE325C01035,
DONEAR,EQ,85.9,86.0,80.65,81.4,81.5,85.8,219779,18148932.95,20-FEB-2023,3336,INE668D01028,
DPABHUSHAN,EQ,346.0,353.2,337.15,340.45,337.15,351.55,4672,1608015.2,20-FEB-2023,256,INE266Y01019,
DPSCLTD,EQ,11.55,11.55,10.9,11.05,11.0,11.4,59296,664902.35,20-FEB-2023,442,INE360C01024,
DPWIRES,EQ,371.05,374.95,365.15,368.45,368.0,369.55,2190,813858.9,20-FEB-2023,146,INE864X01013,
DRCSYSTEMS,BE,32.35,33.8,32.35,33.0,33.0,34.0,2532,82375.6,20-FEB-2023,9,INE03RS01027,
DREAMFOLKS,EQ,423.0,445.8,419.65,427.4,426.95,419.05,863777,374194147.45,20-FEB-2023,25672,INE0JS101016,
DREDGECORP,EQ,348.75,349.7,342.0,344.2,346.9,348.35,21342,7367508.15,20-FEB-2023,1899,INE506A01018,
DRREDDY,EQ,4520.0,4538.55,4468.45,4474.8,4474.25,4510.35,152349,686375997.75,20-FEB-2023,19826,INE089A01023,
DSPBANKETF,EQ,41.2,41.2,40.8,40.83,40.8,41.23,3357,137479.93,20-FEB-2023,84,INF740KA1RX3,
DSPN50ETF,EQ,186.95,186.95,180.9,180.9,180.9,181.51,293,53126.47,20-FEB-2023,35,INF740KA1CL0,
DSPNEWETF,EQ,205.3,205.42,204.25,204.55,204.5,205.42,1401,287117.06,20-FEB-2023,109,INF740KA1QK2,
DSPQ50ETF,EQ,162.5,162.5,158.75,159.98,160.0,159.3,1183,188801.82,20-FEB-2023,82,INF740KA1QL0,
DSPSILVETF,EQ,64.8,65.85,64.8,65.85,65.85,64.38,125,8205.45,20-FEB-2023,26,INF740KA1RE3,
DSSL,EQ,382.0,406.75,380.0,406.75,406.75,387.4,37301,14927434.1,20-FEB-2023,1381,INE417B01040,
DTIL,EQ,210.0,211.45,207.0,208.15,210.65,208.1,1751,366133.3,20-FEB-2023,131,INE341R01014,
DUCON,BE,9.2,9.2,8.7,8.85,8.85,9.1,117741,1045316.4,20-FEB-2023,470,INE741L01018,
DVL,EQ,237.55,237.55,233.1,234.2,233.8,234.65,12109,2846262.55,20-FEB-2023,569,INE477B01010,
DWARKESH,EQ,90.35,91.0,89.0,90.2,90.4,89.95,487766,43914934.0,20-FEB-2023,3977,INE366A01041,
DYCL,EQ,173.9,173.9,170.1,171.4,170.95,172.2,39351,6781846.75,20-FEB-2023,1729,INE600Y01019,
DYNAMATECH,EQ,2730.0,2751.95,2670.0,2700.1,2705.0,2733.1,8098,21925294.15,20-FEB-2023,1831,INE221B01012,
DYNPRO,EQ,280.0,289.3,276.35,281.5,280.0,279.25,24249,6849582.1,20-FEB-2023,2215,INE256H01015,
E2E,EQ,166.35,166.35,155.3,157.35,156.55,163.0,4252,678194.65,20-FEB-2023,109,INE255Z01019,
EASEMYTRIP,EQ,49.35,49.7,47.5,47.75,47.9,49.05,4779998,231563490.85,20-FEB-2023,18288,INE07O001026,
EASTSILK,BE,3.1,3.2,3.0,3.1,3.1,3.1,15870,48287.95,20-FEB-2023,62,INE962C01027,
EBANK,EQ,4639.4,4639.4,4639.4,4639.4,4639.4,4526.25,1,4639.4,20-FEB-2023,1,INF754K01EL1,
EBBETF0423,EQ,1218.08,1218.4,1217.29,1218.15,1217.29,1218.17,3087,3760593.88,20-FEB-2023,39,INF754K01KN4,
EBBETF0425,EQ,1104.57,1104.7,1103.13,1103.83,1104.0,1103.35,6133,6768189.36,20-FEB-2023,77,INF754K01LD3,
EBBETF0430,EQ,1255.0,1255.0,1237.09,1241.48,1241.99,1240.64,47396,58841829.44,20-FEB-2023,607,INF754K01KO2,
EBBETF0431,EQ,1106.2,1106.5,1104.5,1105.81,1105.01,1106.16,5330,5892686.03,20-FEB-2023,108,INF754K01LE1,
EBBETF0433,EQ,1007.2,1007.96,1004.12,1005.1,1004.26,1007.15,10525,10590731.88,20-FEB-2023,161,INF754K01QX0,
ECLERX,EQ,1457.0,1464.5,1421.05,1435.55,1435.0,1457.0,59723,85787813.95,20-FEB-2023,7599,INE738I01010,
EDELWEISS,EQ,65.55,65.55,62.4,63.65,63.3,64.85,1189202,75675723.2,20-FEB-2023,6699,INE532F01054,
EICHERMOT,EQ,3300.0,3335.0,3280.45,3290.5,3290.0,3285.0,515895,1705638275.3,20-FEB-2023,46079,INE066A01021,
EIDPARRY,EQ,526.95,530.75,520.0,526.3,525.0,528.4,49137,25856539.5,20-FEB-2023,4061,INE126A01031,
EIFFL,EQ,159.8,159.8,155.0,156.05,156.15,154.8,18530,2891986.25,20-FEB-2023,259,INE546V01010,
EIHAHOTELS,EQ,402.85,402.85,391.3,395.05,396.0,400.8,8802,3489949.85,20-FEB-2023,1062,INE276C01014,
EIHOTEL,EQ,164.25,164.9,161.0,161.75,161.2,163.85,192887,31309386.85,20-FEB-2023,4535,INE230A01023,
EIMCOELECO,EQ,395.65,398.0,375.0,376.95,375.7,389.9,4394,1694005.8,20-FEB-2023,442,INE158B01016,
EKC,EQ,70.0,70.25,66.7,67.5,67.35,69.45,402335,27327784.5,20-FEB-2023,5562,INE184H01027,
ELDEHSG,EQ,613.4,614.65,594.45,602.4,600.1,610.4,1118,675945.2,20-FEB-2023,198,INE668G01021,
ELECON,EQ,417.7,422.0,408.05,418.85,421.9,415.95,419599,174441678.6,20-FEB-2023,12357,INE205B01023,
ELECTCAST,EQ,33.5,35.7,33.5,34.45,34.3,33.3,2695930,93439773.9,20-FEB-2023,7278,INE086A01029,
ELECTHERM,EQ,60.5,62.15,60.25,60.65,60.25,60.5,34009,2074658.95,20-FEB-2023,210,INE822G01016,
ELGIEQUIP,EQ,445.05,468.0,438.05,453.55,453.4,446.25,564606,259210545.35,20-FEB-2023,20454,INE285A01027,
ELGIRUBCO,BE,35.8,35.8,34.55,35.2,35.3,34.1,22821,813240.85,20-FEB-2023,99,INE819L01012,
ELIN,EQ,154.35,156.55,151.35,151.7,152.0,153.6,80397,12270354.05,20-FEB-2023,2864,INE050401020,
EMAMILTD,EQ,391.95,392.95,385.0,386.15,387.6,391.95,177149,68735500.65,20-FEB-2023,9303,INE548C01032,
EMAMIPAP,EQ,122.6,125.0,121.65,124.3,123.5,121.5,16766,2078274.2,20-FEB-2023,521,INE830C01026,
EMAMIREAL,EQ,72.9,72.9,70.05,70.95,71.2,71.5,13693,971571.9,20-FEB-2023,242,INE778K01012,
EMIL,EQ,74.15,74.3,72.15,72.5,72.55,73.75,207625,15157762.1,20-FEB-2023,4077,INE02YR01019,
EMKAY,EQ,70.3,70.3,68.55,69.05,68.55,69.75,3945,273260.2,20-FEB-2023,128,INE296H01011,
EMMBI,EQ,89.2,89.75,87.95,88.9,88.35,89.2,16920,1499904.9,20-FEB-2023,418,INE753K01015,
EMUDHRA,EQ,254.85,259.45,252.8,255.8,256.5,252.15,44063,11271388.8,20-FEB-2023,2760,INE01QM01018,
ENDURANCE,EQ,1361.1,1370.05,1332.0,1335.3,1332.75,1357.25,29813,40020328.3,20-FEB-2023,2322,INE913H01037,
ENERGYDEV,EQ,18.8,18.8,17.75,18.1,18.25,18.85,67905,1235407.15,20-FEB-2023,440,INE306C01019,
ENGINERSIN,EQ,75.85,76.55,74.5,74.75,74.7,76.25,1235749,92810359.9,20-FEB-2023,6625,INE510A01028,
ENIL,EQ,132.2,133.2,129.05,129.8,131.0,132.6,76352,10008977.5,20-FEB-2023,2139,INE265F01028,
EPL,EQ,155.5,160.5,154.0,155.15,154.5,155.45,229845,36174818.55,20-FEB-2023,9374,INE255A01020,
EQUIPPP,BE,40.8,40.8,38.0,38.85,38.8,39.35,955,36853.3,20-FEB-2023,36,INE217G01035,
EQUITASBNK,EQ,60.0,63.0,58.65,61.9,62.1,58.45,14201419,877600404.45,20-FEB-2023,41057,INE063P01018,
ERIS,EQ,640.55,648.05,635.55,638.0,639.0,645.85,5936,3796423.65,20-FEB-2023,841,INE406M01024,
EROSMEDIA,EQ,26.45,26.45,25.0,25.25,25.3,25.5,123467,3129761.45,20-FEB-2023,943,INE416L01017,
ESABINDIA,EQ,4100.0,4100.0,4060.05,4095.7,4100.0,4092.1,3518,14397462.9,20-FEB-2023,948,INE284A01012,
ESCORTS,EQ,2096.95,2133.9,2085.55,2094.85,2110.0,2090.2,350962,741992202.6,20-FEB-2023,24218,INE042A01014,
ESSARSHPNG,EQ,9.25,9.5,9.1,9.3,9.35,9.3,175145,1625189.75,20-FEB-2023,572,INE122M01019,
ESSENTIA,BE,7.55,7.7,7.55,7.7,7.7,7.35,947403,7278795.25,20-FEB-2023,1678,INE418N01035,
ESTER,EQ,99.35,99.35,95.7,96.5,96.6,98.35,87460,8461337.0,20-FEB-2023,2333,INE778B01029,
ETHOSLTD,EQ,1030.0,1038.05,1000.0,1012.45,1008.5,1018.15,24596,25114291.6,20-FEB-2023,4766,INE04TZ01018,
EVEREADY,EQ,320.55,324.05,316.25,319.8,319.95,320.7,29915,9604763.95,20-FEB-2023,1512,INE128A01029,
EVERESTIND,EQ,751.8,764.65,748.0,751.45,748.1,757.3,4843,3668102.4,20-FEB-2023,733,INE295A01018,
EXCEL,BE,0.45,0.45,0.4,0.45,0.4,0.4,2445619,1034990.4,20-FEB-2023,1280,INE688J01023,
EXCELINDUS,EQ,947.95,949.65,928.75,931.7,932.0,946.85,10319,9629126.45,20-FEB-2023,1804,INE369A01029,
EXIDEIND,EQ,180.85,181.45,178.1,178.6,178.3,180.75,729089,130985144.8,20-FEB-2023,10187,INE302A01020,
EXPLEOSOL,EQ,1328.0,1369.0,1314.85,1357.2,1348.0,1314.85,24618,33015251.05,20-FEB-2023,2632,INE201K01015,
EXXARO,EQ,120.85,121.2,119.0,119.7,119.45,120.25,24371,2926958.15,20-FEB-2023,913,INE0GFE01018,
FACT,EQ,248.5,249.4,240.0,240.95,241.3,247.7,404370,98298316.2,20-FEB-2023,8183,INE188A01015,
FAIRCHEMOR,EQ,980.0,986.95,955.0,963.15,959.0,968.15,11986,11568556.25,20-FEB-2023,3457,INE0DNW01011,
FAZE3Q,EQ,275.0,283.9,274.95,277.15,279.2,272.4,1682,464314.0,20-FEB-2023,115,INE963C01033,
FCL,EQ,252.0,252.8,241.35,243.2,243.2,252.7,203152,50157195.3,20-FEB-2023,5427,INE045J01026,
FCONSUMER,EQ,1.1,1.15,1.05,1.1,1.1,1.1,8995769,9926553.65,20-FEB-2023,2098,INE220J01025,
FCSSOFT,EQ,2.55,2.55,2.4,2.45,2.5,2.55,3082953,7653010.0,20-FEB-2023,4724,INE512B01022,
FDC,EQ,267.8,278.4,262.0,274.9,275.5,267.05,215184,58726741.25,20-FEB-2023,10050,INE258B01022,
FEDERALBNK,EQ,127.1,127.4,125.3,126.0,125.95,127.1,9530070,1204559273.65,20-FEB-2023,55400,INE171A01029,
FELDVR,EQ,7.15,7.15,6.55,6.6,6.55,6.85,13022,86843.15,20-FEB-2023,99,IN9623B01058,
FIBERWEB,EQ,37.3,37.55,36.6,37.35,37.5,37.0,61112,2267480.85,20-FEB-2023,327,INE296C01020,
FIEMIND,EQ,1682.0,1688.0,1643.25,1652.05,1652.95,1673.7,19734,32888013.25,20-FEB-2023,2851,INE737H01014,
FILATEX,EQ,41.65,42.25,40.9,41.55,41.4,41.25,601040,25142779.1,20-FEB-2023,2208,INE816B01035,
FINCABLES,EQ,681.35,684.95,663.6,673.35,673.0,681.35,538144,362484023.1,20-FEB-2023,16092,INE235A01022,
FINEORG,EQ,4832.65,4985.9,4805.0,4961.75,4940.0,4827.35,45639,225605547.0,20-FEB-2023,10963,INE686Y01026,
FINOPB,EQ,230.0,230.7,223.1,227.15,227.0,228.7,50156,11377723.2,20-FEB-2023,2678,INE02NC01014,
FINPIPE,EQ,179.2,181.0,175.95,179.05,179.5,179.05,397271,71184407.5,20-FEB-2023,8992,INE183A01024,
FIVESTAR,EQ,559.1,566.8,556.2,560.2,560.0,565.0,26351,14753585.8,20-FEB-2023,2474,INE128S01021,
FLEXITUFF,BE,28.0,28.6,26.2,27.8,27.75,27.3,10538,283856.15,20-FEB-2023,69,INE060J01017,
FLFL,BE,6.2,6.2,6.0,6.0,6.0,6.1,90990,550155.75,20-FEB-2023,367,INE452O01016,
FLUOROCHEM,EQ,3031.65,3059.0,3002.0,3019.6,3022.85,3014.45,124171,376030862.7,20-FEB-2023,16323,INE09N301011,
FMGOETZE,EQ,305.0,305.0,297.9,300.85,301.2,302.45,46231,13862665.95,20-FEB-2023,491,INE529A01010,
FMNL,EQ,5.05,5.2,4.95,5.1,5.05,5.05,91366,462128.5,20-FEB-2023,203,INE360L01017,
FOCUS,EQ,456.0,467.45,450.0,467.45,467.45,445.2,87388,40684712.25,20-FEB-2023,1735,INE593W01010,
FOODSIN,BE,128.4,130.7,122.6,125.35,128.0,128.1,112019,14150672.25,20-FEB-2023,543,INE976E01023,
FORCEMOT,EQ,1276.0,1309.7,1276.0,1298.1,1297.0,1282.85,17054,22119051.65,20-FEB-2023,2507,INE451A01017,
FORTIS,EQ,269.85,279.5,269.5,277.95,277.8,268.7,788487,217335337.5,20-FEB-2023,12931,INE061F01013,
FOSECOIND,EQ,2106.0,2150.0,2068.95,2091.9,2081.4,2086.45,4320,9103076.6,20-FEB-2023,851,INE519A01011,
FSC,BE,20.05,21.45,20.05,20.9,21.2,20.7,18014,373617.4,20-FEB-2023,142,INE935Q01015,
FSL,EQ,118.95,119.95,117.05,119.45,119.45,118.1,2567260,305182128.35,20-FEB-2023,15534,INE684F01012,
FUSION,EQ,418.3,418.3,406.0,410.0,408.9,416.3,102280,41833029.95,20-FEB-2023,5758,INE139R01012,
GABRIEL,EQ,162.8,164.0,160.75,163.25,163.85,160.4,215480,35092654.35,20-FEB-2023,5025,INE524A01029,
GAEL,EQ,230.5,245.8,230.5,238.25,238.45,230.5,607019,145810129.75,20-FEB-2023,16283,INE036B01030,
GAIL,EQ,96.4,96.4,95.3,95.7,95.65,96.0,12837565,1230408175.35,20-FEB-2023,31358,INE129A01019,
GAL,BE,2.55,2.6,2.45,2.6,2.6,2.5,211525,534570.5,20-FEB-2023,253,INE482J01021,
GALAXYSURF,EQ,2410.9,2413.95,2381.2,2388.35,2385.0,2403.05,11842,28348809.15,20-FEB-2023,3406,INE600K01018,
GALLANTT,EQ,61.7,61.7,59.55,59.6,59.55,60.3,40947,2454948.3,20-FEB-2023,334,INE297H01019,
GANDHITUBE,EQ,489.55,515.0,486.05,511.05,515.0,489.35,12897,6518639.75,20-FEB-2023,724,INE524B01027,
GANECOS,EQ,857.65,877.8,849.05,853.55,853.0,858.65,11724,10064078.05,20-FEB-2023,2267,INE845D01014,
GANESHBE,EQ,163.2,175.7,162.75,170.65,169.0,162.55,2462149,418994451.05,20-FEB-2023,21306,INE388A01029,
GANESHHOUC,EQ,325.15,331.85,320.0,324.35,325.0,328.45,23202,7525559.25,20-FEB-2023,1184,INE460C01014,
GANGAFORGE,EQ,4.05,4.1,3.95,3.95,3.95,4.05,134994,537013.0,20-FEB-2023,270,INE691Z01023,
GANGESSECU,EQ,116.25,118.6,113.6,116.1,114.3,118.45,8498,985262.05,20-FEB-2023,721,INE335W01016,
GARFIBRES,EQ,2949.0,2960.7,2875.0,2899.95,2882.0,2935.5,12700,37328297.5,20-FEB-2023,3842,INE276A01018,
GATEWAY,EQ,62.5,63.0,61.75,62.25,62.1,63.05,156207,9722660.25,20-FEB-2023,1875,INE079J01017,
GATI,EQ,119.9,121.4,116.35,120.3,120.0,118.85,472649,56114203.55,20-FEB-2023,9186,INE152B01027,
GAYAHWS,EQ,0.8,0.8,0.75,0.8,0.8,0.8,210676,165179.1,20-FEB-2023,274,INE287Z01012,
GAYAPROJ,BE,6.45,6.65,6.45,6.6,6.6,6.65,143590,938306.6,20-FEB-2023,342,INE336H01023,
GEECEE,EQ,138.95,141.0,137.05,140.5,140.9,139.5,2648,369353.2,20-FEB-2023,161,INE916G01016,
GEEKAYWIRE,EQ,130.4,137.8,125.7,133.9,135.5,126.55,507061,67890451.55,20-FEB-2023,8872,INE669X01016,
GENCON,EQ,56.1,58.0,56.0,56.35,56.1,56.95,68604,3903735.8,20-FEB-2023,860,INE854S01022,
GENESYS,EQ,410.3,424.3,410.0,412.3,410.0,408.25,4594,1904956.4,20-FEB-2023,311,INE727B01026,
GENUSPAPER,EQ,15.45,16.0,15.2,15.45,15.5,15.4,150849,2340103.65,20-FEB-2023,609,INE949P01018,
GENUSPOWER,EQ,86.9,89.5,86.0,88.25,88.0,86.95,338993,29962332.7,20-FEB-2023,3188,INE955D01029,
GEOJITFSL,EQ,45.0,45.2,44.55,44.95,44.85,45.0,132163,5924468.15,20-FEB-2023,1103,INE007B01023,
GEPIL,EQ,116.85,117.95,113.45,114.05,114.4,115.95,98034,11299419.7,20-FEB-2023,2045,INE878A01011,
GESHIP,EQ,589.0,602.0,577.5,599.5,602.0,589.5,270963,160083433.75,20-FEB-2023,12396,INE017A01032,
GET&D,EQ,119.0,119.0,115.3,116.1,116.5,117.7,24912,2902237.7,20-FEB-2023,1781,INE200A01026,
GFLLIMITED,EQ,62.3,62.45,61.5,61.7,61.55,62.3,22761,1408193.0,20-FEB-2023,252,INE538A01037,
GFSTEELS,BE,5.5,5.5,5.5,5.5,5.5,5.5,4250,23375.0,20-FEB-2023,5,INE534A01028,
GHCL,EQ,516.6,519.0,508.55,516.5,517.9,516.6,130428,67071488.0,20-FEB-2023,5579,INE539A01019,
GICHSGFIN,EQ,176.2,177.7,170.5,172.5,171.7,175.45,513809,90046832.2,20-FEB-2023,8451,INE289B01019,
GICRE,EQ,149.55,150.1,145.35,147.85,147.2,149.55,1694165,250050766.6,20-FEB-2023,14355,INE481Y01014,
GILLANDERS,EQ,69.9,69.9,65.0,65.95,65.5,67.2,10904,727436.55,20-FEB-2023,294,INE047B01011,
GILLETTE,EQ,4835.0,4862.85,4805.0,4829.15,4824.95,4841.9,3396,16409505.0,20-FEB-2023,1223,INE322A01010,
GILT5YBEES,EQ,50.66,50.8,50.66,50.75,50.76,50.71,197815,10041997.71,20-FEB-2023,618,INF204KC1030,
GINNIFILA,EQ,26.2,26.3,25.2,25.6,25.2,25.65,82254,2115410.2,20-FEB-2023,654,INE424C01010,
GIPCL,EQ,79.15,79.75,78.65,78.85,78.65,79.1,58023,4589932.05,20-FEB-2023,745,INE162A01010,
GISOLUTION,BE,5.3,5.3,5.3,5.3,5.3,5.3,10,53.0,20-FEB-2023,1,INE065J01016,
GKWLIMITED,EQ,529.5,537.3,513.65,520.1,520.0,529.5,496,257639.75,20-FEB-2023,85,INE528A01020,
GLAND,EQ,1305.95,1315.0,1290.0,1305.4,1300.95,1307.0,326734,426392514.35,20-FEB-2023,21996,INE068V01023,
GLAXO,EQ,1248.6,1286.05,1240.85,1278.45,1280.0,1242.1,44014,55668878.55,20-FEB-2023,4792,INE159A01016,
GLENMARK,EQ,433.55,436.5,428.05,432.6,431.0,435.95,956714,414214243.7,20-FEB-2023,18990,INE935A01035,
GLFL,EQ,2.6,2.6,2.6,2.6,2.6,2.65,761,1978.6,20-FEB-2023,5,INE540A01017,
GLOBAL,EQ,220.65,236.5,220.65,234.65,231.2,236.5,41342,9613641.1,20-FEB-2023,1571,INE291W01029,
GLOBALVECT,EQ,54.55,56.35,53.55,54.85,54.3,54.3,14506,797153.4,20-FEB-2023,308,INE792H01019,
GLOBE,EQ,3.5,3.5,3.4,3.4,3.4,3.45,490569,1691859.8,20-FEB-2023,598,INE581X01021,
GLOBUSSPR,EQ,771.7,804.5,761.2,792.85,793.7,771.7,98795,77788833.45,20-FEB-2023,8376,INE615I01010,
GLS,EQ,384.85,384.85,379.55,381.85,382.0,382.3,38055,14534387.1,20-FEB-2023,1616,INE03Q201024,
GMBREW,EQ,573.0,573.3,564.05,567.3,567.4,568.9,9442,5360032.05,20-FEB-2023,796,INE075D01018,
GMDCLTD,EQ,145.75,146.05,140.7,141.85,141.6,145.5,884001,126339196.35,20-FEB-2023,7174,INE131A01031,
GMMPFAUDLR,EQ,1531.6,1531.6,1509.7,1524.2,1529.0,1531.6,56012,85243365.4,20-FEB-2023,5991,INE541A01023,
GMRINFRA,EQ,39.75,39.75,39.05,39.15,39.25,39.6,6419565,252442083.1,20-FEB-2023,6631,INE776C01039,
GMRP&UI,EQ,20.5,20.95,18.4,19.55,19.55,20.25,514585,10150315.3,20-FEB-2023,2317,INE0CU601026,
GNA,EQ,895.0,931.4,895.0,921.9,922.9,894.7,133984,123464242.6,20-FEB-2023,10272,INE934S01014,
GNFC,EQ,543.95,563.75,539.7,554.0,553.05,542.25,1676103,932298634.3,20-FEB-2023,35992,INE113A01013,
GOACARBON,EQ,472.9,475.8,460.05,463.85,465.0,472.9,22251,10381933.25,20-FEB-2023,1589,INE426D01013,
GOCLCORP,EQ,347.95,354.6,342.55,345.5,344.15,342.7,28435,9907846.8,20-FEB-2023,962,INE077F01035,
GOCOLORS,EQ,975.0,1022.85,973.8,999.25,999.3,970.2,152705,153435006.4,20-FEB-2023,21908,INE0BJS01011,
GODFRYPHLP,EQ,1766.05,1770.4,1703.1,1714.95,1710.05,1757.3,34857,60162343.7,20-FEB-2023,5010,INE260B01028,
GODHA,EQ,1.7,1.75,1.7,1.75,1.75,1.7,5138600,8965454.7,20-FEB-2023,1785,INE925Y01036,
GODREJAGRO,EQ,451.0,452.95,448.35,449.4,449.5,448.85,25669,11561828.85,20-FEB-2023,1807,INE850D01014,
GODREJCP,EQ,947.65,953.7,923.85,927.7,928.0,942.1,808796,760488271.85,20-FEB-2023,29150,INE102D01028,
GODREJIND,EQ,421.95,424.05,413.1,414.2,414.0,420.4,125921,52605901.05,20-FEB-2023,6070,INE233A01035,
GODREJPROP,EQ,1164.0,1173.55,1151.0,1153.4,1152.2,1164.05,231630,269044223.85,20-FEB-2023,12265,INE484J01027,
GOKEX,EQ,398.5,428.0,395.75,423.7,426.35,392.6,908956,378519853.5,20-FEB-2023,24716,INE887G01027,
GOKUL,EQ,33.9,33.9,33.1,33.4,33.6,33.5,150882,5036593.45,20-FEB-2023,1008,INE020J01029,
GOKULAGRO,EQ,117.65,118.55,115.9,116.75,116.0,117.65,125351,14669231.35,20-FEB-2023,5074,INE314T01025,
GOLDBEES,EQ,48.37,48.42,48.16,48.38,48.37,47.95,2176367,105152653.97,20-FEB-2023,18487,INF204KB17I5,
GOLDIAM,EQ,153.7,155.6,151.85,152.7,152.7,153.65,198620,30491052.55,20-FEB-2023,3115,INE025B01025,
GOLDSHARE,EQ,48.35,48.45,47.85,48.4,48.45,47.85,108722,5241612.1,20-FEB-2023,350,INF789F1AUX7,
GOLDTECH,EQ,56.65,57.2,55.85,56.5,56.4,54.55,27241,1540646.75,20-FEB-2023,441,INE805A01014,
GOODLUCK,EQ,438.5,440.1,426.35,428.0,428.9,435.2,32128,13847685.0,20-FEB-2023,3323,INE127I01024,
GOODYEAR,EQ,1052.6,1052.65,1041.3,1045.95,1046.8,1042.35,3561,3728110.65,20-FEB-2023,476,INE533A01012,
GOYALALUM,EQ,235.0,252.3,231.6,251.95,252.15,227.45,936810,232207130.9,20-FEB-2023,6794,INE705X01018,
GPIL,EQ,363.0,367.0,360.2,362.0,362.0,362.7,150138,54575525.15,20-FEB-2023,4969,INE177H01021,
GPPL,EQ,99.45,101.7,99.2,100.15,100.1,99.35,1209416,121140675.55,20-FEB-2023,8162,INE517F01014,
GPTINFRA,EQ,53.5,53.5,51.65,51.75,51.65,52.4,8325,435387.2,20-FEB-2023,216,INE390G01014,
GRANULES,EQ,286.5,289.9,284.2,287.45,286.7,287.9,420539,120750162.35,20-FEB-2023,7232,INE101D01020,
GRAPHITE,EQ,319.7,319.7,313.0,313.95,313.0,318.35,219554,69192557.55,20-FEB-2023,7597,INE371A01025,
GRASIM,EQ,1644.0,1650.3,1622.15,1632.0,1631.6,1642.95,445964,729232205.0,20-FEB-2023,29325,INE047A01021,
GRAUWEIL,EQ,95.8,98.35,94.05,95.45,95.75,95.0,293709,28239196.05,20-FEB-2023,4508,INE266D01021,
GRAVITA,EQ,500.15,504.05,483.1,486.45,488.45,498.45,257107,126779273.4,20-FEB-2023,9893,INE024L01027,
GREAVESCOT,EQ,132.55,133.95,130.1,132.55,132.95,131.85,777880,102744076.65,20-FEB-2023,7432,INE224A01026,
GREENLAM,EQ,318.0,318.0,310.05,311.9,311.0,314.4,5705,1780924.35,20-FEB-2023,283,INE544R01021,
GREENPANEL,EQ,287.0,289.75,279.95,284.9,283.95,283.8,268688,76516416.15,20-FEB-2023,10222,INE08ZM01014,
GREENPLY,EQ,146.5,146.5,141.45,145.15,145.15,144.05,67884,9839448.7,20-FEB-2023,1961,INE461C01038,
GREENPOWER,EQ,8.45,8.6,8.3,8.5,8.5,8.45,2623788,22210894.3,20-FEB-2023,3156,INE999K01014,
GRINDWELL,EQ,2000.0,2018.95,1938.8,1962.0,1960.0,1975.7,41178,81387378.95,20-FEB-2023,10050,INE536A01023,
GRINFRA,EQ,1171.0,1182.85,1146.7,1154.4,1149.0,1150.3,41712,48269209.0,20-FEB-2023,10955,INE201P01022,
GRMOVER,EQ,309.3,314.75,303.0,305.15,305.85,309.3,149083,45506026.15,20-FEB-2023,1927,INE192H01020,
GROBTEA,EQ,815.35,837.0,796.0,812.0,812.0,804.15,171,137938.25,20-FEB-2023,79,INE646C01018,
GRPLTD,EQ,3148.45,3265.0,3069.95,3093.65,3095.0,3167.45,1834,5762217.35,20-FEB-2023,356,INE137I01015,
GRSE,EQ,442.5,451.8,439.05,447.85,449.0,446.55,197037,88030602.35,20-FEB-2023,6170,INE382Z01011,
GRWRHITECH,EQ,633.05,638.35,616.0,618.1,620.0,633.0,10909,6783251.7,20-FEB-2023,1083,INE291A01017,
GSCLCEMENT,EQ,34.85,35.3,34.6,34.7,34.6,34.85,30360,1060625.9,20-FEB-2023,421,INE542A01039,
GSFC,EQ,129.35,132.8,129.35,131.15,131.05,128.4,3009040,395232716.85,20-FEB-2023,22495,INE026A01025,
GSPL,EQ,277.0,280.0,271.4,272.65,272.6,275.6,664735,182350069.7,20-FEB-2023,10160,INE246F01010,
GSS,EQ,229.4,233.6,222.65,225.05,223.0,224.5,122529,27836740.55,20-FEB-2023,5611,INE871H01011,
GTL,EQ,6.1,6.15,5.9,5.95,6.0,6.05,367351,2198393.65,20-FEB-2023,664,INE043A01012,
GTLINFRA,EQ,0.95,0.95,0.9,0.9,0.95,0.95,22628859,20496278.45,20-FEB-2023,12974,INE221H01019,
GTPL,EQ,118.0,118.7,115.25,116.1,116.5,118.6,47988,5603032.25,20-FEB-2023,1114,INE869I01013,
GUFICBIO,EQ,207.9,214.8,207.9,212.75,212.0,207.9,125084,26458830.45,20-FEB-2023,4208,INE742B01025,
GUJALKALI,EQ,658.1,662.95,648.45,659.2,658.65,660.1,50306,33049370.4,20-FEB-2023,3584,INE186A01019,
GUJAPOLLO,EQ,193.95,198.3,188.65,190.5,189.0,191.15,3502,672914.7,20-FEB-2023,163,INE826C01016,
GUJGASLTD,EQ,482.5,503.0,481.0,499.35,498.5,485.25,1951656,960696473.15,20-FEB-2023,32938,INE844O01030,
GUJRAFFIA,BE,28.5,28.5,27.2,27.65,27.65,27.95,399,11055.25,20-FEB-2023,7,INE610B01024,
GULFOILLUB,EQ,431.3,439.95,426.6,438.6,438.1,433.25,258684,111883599.3,20-FEB-2023,2225,INE635Q01029,
GULFPETRO,EQ,36.15,36.6,35.1,35.75,35.15,36.15,29260,1052861.95,20-FEB-2023,457,INE586G01017,
GULPOLY,EQ,235.15,238.9,234.85,236.5,236.0,236.8,16441,3897358.95,20-FEB-2023,878,INE255D01024,
GVKPIL,EQ,2.95,2.95,2.8,2.85,2.9,2.9,1730323,5001140.0,20-FEB-2023,1078,INE251H01024,
HAL,EQ,2644.0,2644.0,2563.75,2587.15,2586.25,2639.2,1136902,2948056743.25,20-FEB-2023,67687,INE066F01012,
HAPPSTMNDS,EQ,850.65,925.0,847.0,905.55,901.0,850.65,2107473,1907362641.95,20-FEB-2023,74049,INE419U01012,
HARDWYN,EQ,321.0,321.0,298.05,304.5,305.0,303.45,2515,768705.5,20-FEB-2023,366,INE626Z01011,
HARIOMPIPE,EQ,421.25,428.35,420.05,423.5,423.4,419.4,157283,66790546.6,20-FEB-2023,5833,INE00EV01017,
HARRMALAYA,EQ,131.35,132.65,126.6,126.9,126.7,128.85,12863,1649300.55,20-FEB-2023,618,INE544A01019,
HARSHA,EQ,360.85,363.35,356.05,358.0,357.9,360.3,171126,61518826.65,20-FEB-2023,14453,INE0JUS01029,
HATHWAY,EQ,16.0,16.0,15.8,15.85,15.9,15.9,923024,14645116.4,20-FEB-2023,1646,INE982F01036,
HATSUN,EQ,893.1,898.05,887.1,895.25,897.65,888.7,9704,8681550.65,20-FEB-2023,1050,INE473B01035,
HAVELLS,EQ,1230.0,1233.0,1212.65,1215.7,1214.0,1227.05,349234,426400547.9,20-FEB-2023,24419,INE176B01034,
HAVISHA,BE,2.1,2.1,1.95,2.0,2.0,2.0,19797,39467.7,20-FEB-2023,58,INE293B01029,
HBANKETF,EQ,417.97,417.97,408.35,410.13,410.39,413.19,4099,1687968.56,20-FEB-2023,314,INF179KC1AN8,
HBLPOWER,EQ,100.9,103.75,100.1,103.0,102.9,100.35,1813890,185688219.65,20-FEB-2023,12085,INE292B01021,
HBSL,EQ,49.0,49.0,47.05,47.25,47.15,48.25,1816,86753.0,20-FEB-2023,91,INE550B01022,
HCC,EQ,14.7,14.75,14.25,14.4,14.4,14.75,7213775,104240283.7,20-FEB-2023,5409,INE549A01026,
HCG,EQ,279.65,279.95,273.0,276.45,276.55,279.65,31311,8691996.05,20-FEB-2023,2133,INE075I01017,
HCL-INSYS,EQ,14.65,14.7,14.35,14.4,14.5,14.5,189218,2736007.75,20-FEB-2023,1018,INE236A01020,
HCLTECH,EQ,1109.55,1134.7,1107.6,1115.7,1115.75,1109.55,1706036,1914032513.05,20-FEB-2023,68229,INE860A01027,
HDFC,EQ,2696.95,2705.0,2648.8,2655.9,2655.05,2693.6,1557675,4171164954.9,20-FEB-2023,85760,INE001A01036,
HDFCAMC,EQ,1856.0,1916.9,1850.0,1858.3,1862.0,1856.3,921850,1728182441.1,20-FEB-2023,38879,INE127D01025,
HDFCBANK,EQ,1660.0,1669.45,1634.8,1640.35,1640.5,1655.9,4043353,6684047187.45,20-FEB-2023,161532,INE040A01034,
HDFCGROWTH,EQ,88.09,89.34,87.74,87.78,87.75,87.88,1029,90503.76,20-FEB-2023,33,INF179KC1DJ0,
HDFCLIFE,EQ,506.3,522.75,500.25,507.95,506.6,504.25,6129396,3120846956.3,20-FEB-2023,93109,INE795G01014,
HDFCLOWVOL,EQ,130.3,133.53,129.3,129.3,129.3,130.31,530,69303.73,20-FEB-2023,15,INF179KC1DN2,
HDFCMFGETF,EQ,49.59,49.77,49.51,49.59,49.58,49.28,270363,13418642.11,20-FEB-2023,1308,INF179KC1981,
HDFCMOMENT,EQ,184.49,184.5,182.0,182.05,182.0,182.67,161,29411.11,20-FEB-2023,16,INF179KC1DM4,
HDFCNEXT50,EQ,385.1,397.9,381.31,387.94,387.0,386.72,297,115043.74,20-FEB-2023,39,INF179KC1DA9,
HDFCNIF100,EQ,182.0,182.0,175.81,176.1,175.81,179.81,993,176653.54,20-FEB-2023,49,INF179KC1DB7,
HDFCNIFETF,EQ,200.5,200.5,193.25,193.65,193.7,194.68,36425,7074100.8,20-FEB-2023,667,INF179KC1965,
HDFCNIFIT,EQ,314.02,315.89,309.46,315.8,313.1,314.02,752,235216.56,20-FEB-2023,23,INF179KC1DX1,
HDFCPVTBAN,EQ,212.0,213.0,208.9,210.02,209.72,208.11,69,14495.36,20-FEB-2023,17,INF179KC1DW3,
HDFCQUAL,EQ,38.45,39.6,38.45,39.16,38.92,39.11,1843,71922.26,20-FEB-2023,63,INF179KC1DL6,
HDFCSENETF,EQ,666.41,667.75,661.29,662.58,665.7,666.35,3647,2421559.06,20-FEB-2023,307,INF179KC1973,
HDFCSILVER,EQ,65.48,65.48,64.62,65.37,65.39,64.2,22875,1491304.66,20-FEB-2023,180,INF179KC1DI2,
HDFCVALUE,EQ,96.0,97.8,95.55,95.69,95.69,97.12,749,71784.67,20-FEB-2023,48,INF179KC1DK8,
HEADSUP,EQ,13.7,13.7,13.15,13.35,13.45,13.45,62342,840019.1,20-FEB-2023,520,INE759V01019,
HEALTHY,EQ,7.83,7.97,7.77,7.79,7.78,7.83,54328,423725.46,20-FEB-2023,266,INF209KB10C2,
HECPROJECT,BE,30.65,30.85,29.2,30.3,30.85,30.65,3062,92030.3,20-FEB-2023,14,INE558R01013,
HEG,EQ,999.7,1018.8,993.0,997.4,996.5,995.55,82477,82813602.6,20-FEB-2023,6087,INE545A01016,
HEIDELBERG,EQ,169.15,172.2,168.55,170.3,170.35,170.8,170826,29140473.05,20-FEB-2023,5860,INE578A01017,
HEMIPROP,EQ,97.2,98.9,97.05,97.3,97.3,97.6,311224,30381819.05,20-FEB-2023,3085,INE0AJG01018,
HERANBA,EQ,327.8,330.0,326.35,327.05,328.0,327.8,30841,10126400.9,20-FEB-2023,1465,INE694N01015,
HERCULES,EQ,208.4,210.9,205.1,205.6,205.7,206.55,20103,4158237.3,20-FEB-2023,1132,INE688E01024,
HERITGFOOD,EQ,155.45,155.45,150.1,150.85,150.1,153.85,73549,11177851.7,20-FEB-2023,1994,INE978A01027,
HEROMOTOCO,EQ,2540.0,2544.5,2513.75,2527.45,2531.5,2535.55,182493,461305169.1,20-FEB-2023,16048,INE158A01026,
HESTERBIO,EQ,1791.15,1829.9,1745.0,1755.85,1762.95,1792.95,8308,14774340.5,20-FEB-2023,858,INE782E01017,
HEXATRADEX,EQ,154.1,156.85,151.5,154.0,153.0,153.85,24403,3773193.6,20-FEB-2023,138,INE750M01017,
HFCL,EQ,68.0,68.25,67.0,67.25,67.3,67.8,3014273,203330103.75,20-FEB-2023,10208,INE548A01028,
HGINFRA,EQ,769.9,769.9,738.05,751.45,751.05,764.3,144014,108259451.45,20-FEB-2023,13508,INE926X01010,
HGS,EQ,1307.15,1310.0,1299.4,1301.5,1304.7,1300.5,63545,82961732.25,20-FEB-2023,5643,INE170I01016,
HIKAL,EQ,318.35,320.25,313.45,315.4,314.0,318.15,94520,29871267.3,20-FEB-2023,3816,INE475B01022,
HIL,EQ,2404.95,2421.1,2336.05,2354.7,2352.0,2399.75,9467,22331675.8,20-FEB-2023,2484,INE557A01011,
HILTON,EQ,116.8,119.5,111.65,117.2,119.5,116.55,289179,33644719.85,20-FEB-2023,2514,INE788H01017,
HIMATSEIDE,EQ,77.5,79.65,76.8,79.0,79.05,77.05,378080,29678006.15,20-FEB-2023,5406,INE049A01027,
HINDALCO,EQ,429.9,435.55,429.0,434.25,433.5,429.5,3749802,1622875751.2,20-FEB-2023,54690,INE038A01020,
HINDCOMPOS,EQ,285.0,285.65,279.95,280.1,279.95,282.05,961,270253.2,20-FEB-2023,127,INE310C01029,
HINDCON,EQ,93.9,93.9,89.5,90.3,91.4,91.25,20963,1905728.35,20-FEB-2023,471,INE642Y01011,
HINDCOPPER,EQ,106.5,106.6,103.5,104.25,104.0,106.05,4222754,440604703.05,20-FEB-2023,18554,INE531E01026,
HINDMOTORS,BE,14.55,15.3,14.55,14.7,14.7,15.0,168343,2480041.15,20-FEB-2023,941,INE253A01025,
HINDNATGLS,BE,11.7,11.7,11.7,11.7,11.7,12.3,7413,86732.1,20-FEB-2023,29,INE952A01022,
HINDOILEXP,EQ,148.2,158.35,143.35,144.05,144.0,148.15,3471370,524762851.05,20-FEB-2023,32255,INE345A01011,
HINDPETRO,EQ,235.4,235.4,229.7,231.4,231.2,234.05,3316206,766977528.85,20-FEB-2023,24137,INE094A01015,
HINDUNILVR,EQ,2518.0,2543.0,2508.2,2511.45,2511.75,2515.5,632091,1593934612.35,20-FEB-2023,50793,INE030A01027,
HINDWAREAP,EQ,410.4,411.45,388.35,394.95,393.65,408.85,78695,31144247.95,20-FEB-2023,4912,INE05AN01011,
HINDZINC,EQ,324.6,325.15,320.5,321.2,321.0,323.95,157990,50935045.15,20-FEB-2023,6594,INE267A01025,
HIRECT,EQ,209.5,209.5,200.0,200.45,200.3,201.45,4296,868197.45,20-FEB-2023,417,INE835D01023,
HISARMETAL,EQ,152.9,156.75,144.2,146.4,145.0,150.75,86658,13119276.5,20-FEB-2023,4678,INE598C01011,
HITECH,EQ,883.95,889.0,862.1,865.05,862.1,879.1,34182,29866815.55,20-FEB-2023,1866,INE106T01017,
HITECHCORP,EQ,197.0,204.7,197.0,201.3,202.0,198.4,6452,1285577.7,20-FEB-2023,210,INE120D01012,
HITECHGEAR,EQ,262.0,262.0,250.0,251.85,251.45,258.7,2220,563799.6,20-FEB-2023,125,INE127B01011,
HLEGLAS,EQ,568.9,569.0,549.0,550.2,554.0,563.3,27189,15087340.45,20-FEB-2023,5118,INE461D01028,
HLVLTD,EQ,11.0,11.05,10.7,10.8,10.8,11.0,338274,3665862.2,20-FEB-2023,533,INE102A01024,
HMVL,EQ,50.25,52.35,50.15,51.9,52.0,51.4,47400,2442650.75,20-FEB-2023,571,INE871K01015,
HNDFDS,BE,602.35,602.45,573.3,574.7,575.0,596.05,15342,8927928.5,20-FEB-2023,2295,INE254N01026,
HNGSNGBEES,EQ,298.01,302.97,293.0,297.52,297.52,297.01,17639,5239266.51,20-FEB-2023,755,INF204KB19I1,
HOMEFIRST,EQ,755.15,762.9,739.05,756.2,755.0,762.75,66462,50064058.7,20-FEB-2023,9776,INE481N01025,
HONAUT,EQ,37400.0,37599.9,36556.9,36756.1,36695.0,37246.75,4354,161200116.8,20-FEB-2023,2801,INE671A01010,
HONDAPOWER,EQ,1978.95,1988.85,1932.0,1950.05,1950.05,1978.95,18690,36506794.55,20-FEB-2023,4144,INE634A01018,
HOVS,EQ,47.25,47.25,45.5,46.3,46.4,46.1,5001,230823.95,20-FEB-2023,80,INE596H01014,
HPAL,EQ,342.05,345.15,338.0,343.9,340.15,345.1,83161,28431458.15,20-FEB-2023,2036,INE0GSL01016,
HPIL,EQ,88.6,95.75,86.25,91.75,95.7,87.6,20530,1849366.85,20-FEB-2023,277,INE05X901010,
HPL,EQ,85.65,87.05,84.05,84.3,84.55,85.65,187253,15946017.65,20-FEB-2023,2985,INE495S01016,
HSCL,EQ,90.35,90.75,88.8,89.05,88.8,90.3,635017,56660886.65,20-FEB-2023,3915,INE019C01026,
HTMEDIA,EQ,19.05,19.05,18.4,18.45,18.45,18.85,258918,4807038.2,20-FEB-2023,773,INE501G01024,
HUBTOWN,EQ,43.35,45.45,42.1,43.85,43.9,43.35,112691,4934891.9,20-FEB-2023,713,INE703H01016,
HUDCO,EQ,46.45,46.6,45.35,45.5,45.4,46.45,1494034,68270467.4,20-FEB-2023,6525,INE031A01017,
HUHTAMAKI,EQ,197.7,199.0,195.3,196.9,196.1,198.95,99418,19591051.75,20-FEB-2023,1547,INE275B01026,
HYBRIDFIN,BE,11.95,11.95,11.45,11.7,11.75,12.05,2673,31308.3,20-FEB-2023,11,INE965B01022,
IBMFNIFTY,EQ,191.6,191.6,185.51,188.99,188.99,187.84,123,23264.8,20-FEB-2023,55,INF666M01FS5,
IBREALEST,EQ,56.4,56.4,53.65,54.3,54.0,56.1,4945247,271439968.4,20-FEB-2023,16828,INE069I01010,
IBULHSGFIN,EQ,113.5,113.9,110.6,111.5,111.05,113.05,6972273,781853712.95,20-FEB-2023,33295,INE148I01020,
ICDSLTD,BE,23.9,24.75,23.75,24.5,24.5,25.0,2146,51347.05,20-FEB-2023,24,INE613B01010,
ICEMAKE,EQ,272.95,279.9,268.5,275.35,275.05,268.75,24390,6733275.15,20-FEB-2023,698,INE520Y01019,
ICICI10GS,EQ,208.0,208.0,208.0,208.0,208.0,208.0,4,832.0,20-FEB-2023,4,INF109KC18O0,
ICICI500,EQ,24.99,25.12,24.91,25.03,25.04,25.02,40019,1003358.39,20-FEB-2023,395,INF109KC1V59,
ICICI5GSEC,EQ,51.5,51.5,50.91,51.24,50.91,50.91,724,37279.84,20-FEB-2023,5,INF109KC14A8,
ICICIALPLV,EQ,173.2,173.99,172.04,172.25,172.45,173.2,3606,623061.9,20-FEB-2023,514,INF109KC1N59,
ICICIAUTO,EQ,133.88,133.97,132.51,132.8,132.51,132.69,14700,1953679.97,20-FEB-2023,120,INF109KC1Y49,
ICICIB22,EQ,60.0,60.0,58.3,58.51,58.5,58.68,154606,9063627.78,20-FEB-2023,1654,INF109KB15Y7,
ICICIBANK,EQ,862.65,866.55,850.25,852.1,853.15,862.65,9013430,7730821931.2,20-FEB-2023,183409,INE090A01021,
ICICIBANKN,EQ,41.79,41.79,40.73,40.84,40.85,41.25,53105,2176875.81,20-FEB-2023,655,INF109KC15I8,
ICICIBANKP,EQ,208.0,208.99,205.91,206.3,206.15,207.83,12048,2496794.82,20-FEB-2023,180,INF109KC1E35,
ICICICOMMO,EQ,56.3,56.56,56.1,56.35,56.35,56.4,744,41815.21,20-FEB-2023,24,INF109KC19O8,
ICICICONSU,EQ,74.11,74.67,73.92,74.12,73.92,74.28,1457,108181.92,20-FEB-2023,49,INF109KC1V42,
ICICIFIN,EQ,16.47,16.97,16.35,16.36,16.37,16.47,8430,138845.0,20-FEB-2023,71,INF109KC17L8,
ICICIFMCG,EQ,465.08,474.71,465.08,466.92,468.55,469.04,3113,1460310.33,20-FEB-2023,204,INF109KC1R48,
ICICIGI,EQ,1119.05,1123.5,1108.1,1113.75,1110.45,1117.4,444030,495706349.65,20-FEB-2023,27104,INE765G01017,
ICICIGOLD,EQ,50.0,50.0,49.51,49.81,49.57,49.45,273615,13617668.27,20-FEB-2023,5885,INF109KC1NT3,
ICICIINFRA,EQ,52.35,52.8,52.35,52.53,52.53,52.51,2635,138341.79,20-FEB-2023,49,INF109KC16E5,
ICICILIQ,EQ,999.76,1000.01,998.19,999.99,999.99,999.99,229245,229243870.37,20-FEB-2023,5933,INF109KC1KT9,
ICICILOVOL,EQ,146.85,146.85,141.32,142.15,142.1,142.57,196683,28085579.33,20-FEB-2023,912,INF109KB10T8,
ICICIM150,EQ,119.53,119.54,117.99,118.54,118.33,118.55,21410,2538240.5,20-FEB-2023,694,INF109KC1G82,
ICICIMCAP,EQ,96.89,96.89,95.11,95.51,95.68,95.97,11977,1144473.75,20-FEB-2023,308,INF109KB1XT3,
ICICIMOM30,EQ,18.59,18.63,18.13,18.53,18.55,18.59,55230,1023627.17,20-FEB-2023,70,INF109KC17C7,
ICICINF100,EQ,199.55,199.55,190.22,192.1,192.01,193.98,9730,1878709.0,20-FEB-2023,600,INF109KA1962,
ICICINIFTY,EQ,200.9,200.9,194.2,194.52,194.56,195.04,117902,22980783.62,20-FEB-2023,7464,INF109K012R6,
ICICINV20,EQ,107.8,107.8,103.72,104.57,104.6,104.42,24267,2538720.53,20-FEB-2023,1081,INF109KB1WY5,
ICICINXT50,EQ,40.7,40.7,39.14,39.6,39.6,39.52,59936,2375423.89,20-FEB-2023,1445,INF109KC1NS5,
ICICIPHARM,EQ,78.7,78.71,77.8,78.01,78.0,78.7,10128,791526.53,20-FEB-2023,222,INF109KC1Q72,
ICICIPRULI,EQ,416.85,431.75,411.5,420.5,420.0,417.55,1216225,511483123.4,20-FEB-2023,34204,INE726G01019,
ICICISENSX,EQ,677.77,677.77,667.96,670.3,671.0,672.82,2983,2006511.44,20-FEB-2023,140,INF346A01034,
ICICISILVE,EQ,67.0,67.75,67.0,67.71,67.7,66.62,96568,6516712.01,20-FEB-2023,690,INF109KC1Y56,
ICICITECH,EQ,32.67,32.7,32.21,32.43,32.49,32.25,236832,7704118.56,20-FEB-2023,695,INF109KC16I6,
ICIL,EQ,130.4,132.7,130.0,130.85,130.5,130.45,53029,6954072.75,20-FEB-2023,2049,INE483B01026,
ICRA,EQ,4574.15,4608.95,4528.8,4572.0,4580.0,4574.95,4560,20899718.7,20-FEB-2023,695,INE725G01011,
IDBI,EQ,48.95,50.15,48.9,49.9,50.0,48.5,9059906,449880190.25,20-FEB-2023,23485,INE008A01015,
IDBIGOLD,EQ,5168.75,5235.05,5161.3,5210.05,5200.2,5142.15,681,3548863.1,20-FEB-2023,133,INF397L01554,
IDEA,EQ,7.2,7.25,6.85,7.05,7.0,7.25,152049838,1064424438.45,20-FEB-2023,97496,INE669E01016,
IDFC,EQ,75.75,76.4,74.05,75.8,76.0,75.85,10362592,780031948.0,20-FEB-2023,24521,INE043D01016,
IDFCFIRSTB,EQ,56.0,56.1,54.8,55.0,54.9,55.9,22030126,1216631983.25,20-FEB-2023,54446,INE092T01019,
IDFNIFTYET,EQ,192.0,192.0,189.22,190.56,190.59,191.46,226,43235.72,20-FEB-2023,29,INF194KA1U07,
IEL,EQ,12.25,12.4,12.05,12.05,12.05,12.65,857580,10346761.55,20-FEB-2023,623,INE059901020,
IEX,EQ,135.6,139.3,135.05,138.25,138.05,135.45,4709889,648302131.95,20-FEB-2023,34455,INE022Q01020,
IFBAGRO,EQ,483.0,488.25,477.9,479.95,477.9,483.2,3232,1562282.15,20-FEB-2023,192,INE076C01018,
IFBIND,EQ,831.9,838.35,828.5,832.35,832.0,834.55,3902,3251219.45,20-FEB-2023,658,INE559A01017,
IFCI,EQ,11.85,11.95,11.7,11.75,11.75,11.85,2278333,26851259.4,20-FEB-2023,1996,INE039A01010,
IFGLEXPOR,EQ,246.25,249.35,245.9,246.3,246.0,248.9,5518,1361125.15,20-FEB-2023,276,INE133Y01011,
IGARASHI,EQ,400.85,402.9,383.35,386.1,383.75,401.3,52263,20632195.4,20-FEB-2023,1668,INE188B01013,
IGL,EQ,432.6,438.7,430.75,436.2,434.3,432.25,1308768,568990170.5,20-FEB-2023,25325,INE203G01027,
IGPL,EQ,448.0,448.4,434.45,435.75,436.85,442.8,18619,8162200.45,20-FEB-2023,1133,INE204A01010,
IIFL,EQ,456.9,458.05,451.0,451.95,453.4,455.1,170828,77522903.35,20-FEB-2023,6848,INE530B01024,
IIFLSEC,EQ,59.85,60.15,58.2,58.85,58.95,59.85,106770,6322989.55,20-FEB-2023,1447,INE489L01022,
IITL,EQ,93.55,96.2,93.0,94.3,94.8,93.05,30113,2856714.5,20-FEB-2023,231,INE886A01014,
IMAGICAA,EQ,34.9,35.3,34.6,35.1,35.0,34.25,263419,9214200.5,20-FEB-2023,1913,INE172N01012,
IMFA,EQ,323.05,335.85,322.35,334.35,335.8,324.65,232180,76883661.95,20-FEB-2023,6727,INE919H01018,
IMPAL,EQ,700.1,718.35,700.1,705.85,701.1,714.9,307,217921.1,20-FEB-2023,53,INE547E01014,
IMPEXFERRO,BE,2.95,2.95,2.75,2.75,2.75,2.9,17444,48501.0,20-FEB-2023,108,INE691G01015,
INCREDIBLE,BE,21.1,22.2,21.1,22.0,22.0,21.85,3417,72892.2,20-FEB-2023,17,INE452L01012,
INDBANK,EQ,24.75,25.95,23.65,23.85,23.85,24.45,98005,2395153.25,20-FEB-2023,786,INE841B01017,
INDHOTEL,EQ,318.8,319.9,314.2,314.75,315.2,318.1,1122331,355155021.2,20-FEB-2023,17969,INE053A01029,
INDIACEM,EQ,198.75,201.95,194.4,199.15,199.0,198.2,3484925,691426326.7,20-FEB-2023,24659,INE383A01012,
INDIAGLYCO,EQ,639.0,648.0,637.0,643.65,647.75,636.15,20430,13113293.25,20-FEB-2023,2563,INE560A01015,
INDIAMART,EQ,4810.0,4830.0,4736.15,4754.15,4765.0,4797.45,49485,237486450.1,20-FEB-2023,8454,INE933S01016,
INDIANB,EQ,288.7,289.6,285.1,286.95,286.5,288.65,438116,125770207.5,20-FEB-2023,8728,INE562A01011,
INDIANCARD,EQ,210.0,215.95,210.0,211.05,211.0,210.75,1929,408350.7,20-FEB-2023,188,INE061A01014,
INDIANHUME,EQ,142.6,145.4,141.2,143.1,143.75,142.6,28680,4106494.2,20-FEB-2023,674,INE323C01030,
INDIGO,EQ,1885.95,1891.95,1860.35,1881.75,1884.65,1882.2,1747492,3284573582.1,20-FEB-2023,127368,INE646L01027,
INDIGOPNTS,EQ,1087.0,1090.0,1040.7,1047.65,1045.5,1080.7,89908,94953976.45,20-FEB-2023,11740,INE09VQ01012,
INDNIPPON,EQ,376.1,380.0,375.35,378.6,379.95,375.35,12867,4869363.75,20-FEB-2023,1131,INE092B01025,
INDOAMIN,EQ,92.5,92.55,89.2,89.6,89.2,91.15,38944,3523208.0,20-FEB-2023,988,INE760F01028,
INDOBORAX,EQ,121.9,122.9,115.0,118.85,119.0,121.7,50556,5973063.1,20-FEB-2023,1542,INE803D01021,
INDOCO,EQ,375.15,377.15,365.6,367.95,366.0,375.7,95626,35577373.35,20-FEB-2023,10485,INE873D01024,
INDORAMA,EQ,46.5,46.5,44.85,45.35,45.55,45.95,107302,4894886.2,20-FEB-2023,1332,INE156A01020,
INDOSTAR,BE,137.9,142.0,135.35,138.6,138.5,137.95,8828,1224986.65,20-FEB-2023,91,INE896L01010,
INDOTECH,EQ,194.95,195.0,186.75,187.9,187.0,192.6,4570,867973.4,20-FEB-2023,199,INE332H01014,
INDOTHAI,BE,306.1,315.0,298.5,304.95,306.0,314.2,7933,2429267.7,20-FEB-2023,216,INE337M01013,
INDOWIND,BE,13.3,13.6,12.65,13.15,13.05,13.3,102939,1341490.2,20-FEB-2023,542,INE227G01018,
INDRAMEDCO,BE,83.35,84.0,81.5,81.75,81.5,82.8,47695,3944423.8,20-FEB-2023,490,INE681B01017,
INDSWFTLAB,EQ,66.7,66.7,65.4,65.75,65.4,66.3,31730,2090502.2,20-FEB-2023,237,INE915B01019,
INDSWFTLTD,EQ,9.1,9.1,8.05,8.45,8.35,8.85,62760,533151.6,20-FEB-2023,242,INE788B01028,
INDTERRAIN,EQ,52.1,54.5,52.1,54.25,54.45,52.0,143250,7682601.75,20-FEB-2023,2067,INE611L01021,
INDUSINDBK,EQ,1117.25,1122.8,1103.8,1109.3,1110.0,1114.7,1613608,1796829536.45,20-FEB-2023,74525,INE095A01012,
INDUSTOWER,EQ,167.8,168.7,163.0,164.05,164.0,166.95,2953104,487401827.0,20-FEB-2023,21889,INE121J01017,
INFIBEAM,EQ,15.7,16.0,15.65,15.75,15.7,15.7,14887885,235915700.25,20-FEB-2023,6060,INE483S01020,
INFOBEAN,EQ,529.9,547.85,515.0,537.8,539.5,517.2,18884,10110459.6,20-FEB-2023,1779,INE344S01016,
INFOMEDIA,EQ,5.05,5.55,5.05,5.1,5.05,5.3,7903,41307.5,20-FEB-2023,41,INE669A01022,
INFRABEES,EQ,541.94,541.94,534.0,536.14,534.0,536.28,2870,1542599.31,20-FEB-2023,251,INF732E01268,
INFY,EQ,1584.95,1603.0,1582.5,1592.45,1595.95,1583.8,2417716,3853813484.6,20-FEB-2023,92760,INE009A01021,
INGERRAND,EQ,2072.0,2094.45,2055.0,2077.75,2078.95,2082.0,8384,17394912.45,20-FEB-2023,1866,INE177A01018,
INOXGREEN,EQ,43.65,44.0,42.8,43.7,43.7,43.4,1566816,68083970.35,20-FEB-2023,3134,INE510W01014,
INOXWIND,EQ,96.7,97.15,94.1,96.5,96.9,96.2,160279,15341279.2,20-FEB-2023,3442,INE066P01011,
INSECTICID,EQ,567.85,595.0,567.15,580.4,589.75,567.85,4050,2327556.35,20-FEB-2023,785,INE070I01018,
INSPIRISYS,EQ,49.1,50.75,47.3,47.9,48.3,49.8,14240,690732.8,20-FEB-2023,221,INE020G01017,
INTELLECT,EQ,460.9,474.0,456.0,465.4,464.55,461.4,472034,220576590.5,20-FEB-2023,15448,INE306R01017,
INTENTECH,EQ,66.7,67.4,65.15,66.0,65.2,66.05,27434,1815403.5,20-FEB-2023,250,INE781A01025,
INTLCONV,EQ,57.0,57.5,56.75,56.85,56.75,56.75,56810,3240724.05,20-FEB-2023,450,INE575C01027,
INVENTURE,EQ,2.15,2.15,2.0,2.05,2.05,2.1,2450930,5030742.5,20-FEB-2023,1680,INE878H01024,
IOB,EQ,25.8,25.8,25.0,25.2,25.15,25.7,7847529,199375687.1,20-FEB-2023,9091,INE565A01014,
IOC,EQ,80.7,80.95,79.3,79.55,79.4,80.55,6867570,549542130.9,20-FEB-2023,29779,INE242A01010,
IOLCP,EQ,314.0,315.6,312.05,312.75,312.5,314.55,63731,19968791.25,20-FEB-2023,2989,INE485C01011,
IONEXCHANG,EQ,3249.95,3305.95,3195.65,3244.3,3220.0,3197.7,42685,138797661.15,20-FEB-2023,7530,INE570A01014,
IPCALAB,EQ,825.95,844.0,819.0,832.05,830.55,830.9,325300,270452022.75,20-FEB-2023,13653,INE571A01038,
IPL,EQ,218.95,220.65,211.6,215.45,216.0,218.95,122095,26391485.05,20-FEB-2023,3816,INE0D6701023,
IRB,EQ,289.9,292.35,274.35,284.1,286.2,288.75,2012713,576074491.0,20-FEB-2023,15884,INE821I01014,
IRCON,EQ,54.6,54.8,53.05,53.2,53.25,54.6,2147189,114989479.25,20-FEB-2023,7708,INE962Y01021,
IRCTC,EQ,649.9,652.9,640.65,641.85,641.75,649.9,839690,541201586.35,20-FEB-2023,24621,INE335Y01020,
IRFC,EQ,28.95,29.0,28.2,28.5,28.35,28.75,13475222,383890019.3,20-FEB-2023,28287,INE053F01010,
IRIS,EQ,80.0,80.35,76.4,77.25,76.5,79.95,17094,1345587.3,20-FEB-2023,510,INE864K01010,
IRISDOREME,EQ,326.8,326.8,305.05,309.55,305.05,315.35,9051,2859300.5,20-FEB-2023,526,INE01GN01017,
ISEC,EQ,464.95,474.6,461.85,469.7,473.5,465.1,181326,84980507.25,20-FEB-2023,7830,INE763G01038,
ISFT,EQ,126.0,127.5,122.75,124.7,123.75,124.25,6655,835546.75,20-FEB-2023,359,INE566K01011,
ISGEC,EQ,457.95,461.95,450.1,451.1,450.25,457.95,28823,13093083.15,20-FEB-2023,2646,INE858B01029,
ISMTLTD,EQ,70.0,70.8,66.3,69.75,69.6,69.75,1000558,68428338.55,20-FEB-2023,6283,INE732F01019,
ITBEES,EQ,32.59,32.75,32.1,32.58,32.61,32.42,2438759,79427913.06,20-FEB-2023,7409,INF204KB15V2,
ITC,EQ,384.7,387.5,381.3,384.05,383.9,383.4,7804976,2998018760.35,20-FEB-2023,102345,INE154A01025,
ITDC,EQ,335.9,338.95,331.55,333.0,334.0,334.95,14251,4769406.55,20-FEB-2023,717,INE353K01014,
ITDCEM,EQ,104.0,105.25,103.0,103.25,103.2,103.95,357710,37196530.15,20-FEB-2023,4079,INE686A01026,
ITI,EQ,98.45,98.9,97.1,97.7,97.9,98.4,108002,10555880.45,20-FEB-2023,2901,INE248A01017,
IVC,EQ,6.8,6.8,6.7,6.75,6.75,6.75,122238,823450.35,20-FEB-2023,330,INE050B01023,
IVP,EQ,132.4,132.4,129.1,129.55,129.15,132.15,2150,279399.95,20-FEB-2023,59,INE043C01018,
IVZINGOLD,EQ,5021.4,5059.75,5021.4,5051.35,5054.0,5002.0,27,136162.5,20-FEB-2023,22,INF205K01361,
IVZINNIFTY,EQ,1986.4,1993.65,1973.85,1986.05,1986.05,2001.15,36,71405.1,20-FEB-2023,4,INF205K01DA9,
IWEL,EQ,968.0,985.4,922.65,948.35,950.0,976.95,2101,2012273.25,20-FEB-2023,308,INE0FLR01028,
IZMO,EQ,89.7,99.2,89.1,97.55,96.55,89.15,1088843,104218869.45,20-FEB-2023,13230,INE848A01014,
J&KBANK,EQ,50.4,50.75,48.05,48.6,48.7,50.2,4036544,199134402.55,20-FEB-2023,10073,INE168A01041,
JAGRAN,EQ,69.25,69.25,68.0,68.8,68.7,69.25,51646,3539711.15,20-FEB-2023,598,INE199G01027,
JAGSNPHARM,EQ,325.05,338.05,325.05,335.2,335.5,330.3,7210,2407853.4,20-FEB-2023,413,INE048B01027,
JAIBALAJI,EQ,52.45,55.5,52.45,53.0,53.4,52.1,168125,9065404.75,20-FEB-2023,1260,INE091G01018,
JAICORPLTD,EQ,129.15,130.1,127.0,127.55,127.45,129.15,351428,45054681.55,20-FEB-2023,3589,INE070D01027,
JAIPURKURT,BE,92.5,95.45,91.15,94.25,94.45,94.9,1796,165602.35,20-FEB-2023,22,INE696V01013,
JAMNAAUTO,EQ,104.6,105.05,101.0,102.25,102.3,104.6,452318,46393857.85,20-FEB-2023,6684,INE039C01032,
JASH,EQ,872.45,876.0,840.4,849.55,840.4,872.45,3138,2687014.55,20-FEB-2023,330,INE039O01011,
JAYAGROGN,EQ,170.05,174.9,167.3,169.9,170.0,168.45,10216,1727712.05,20-FEB-2023,500,INE785A01026,
JAYBARMARU,EQ,142.1,144.95,140.8,142.8,142.35,142.55,10379,1485345.8,20-FEB-2023,610,INE571B01028,
JAYNECOIND,EQ,23.15,23.4,22.65,23.15,23.05,22.8,89235,2052154.05,20-FEB-2023,315,INE854B01010,
JAYSREETEA,EQ,91.0,91.0,87.7,88.05,87.8,89.0,18991,1682938.9,20-FEB-2023,620,INE364A01020,
JBCHEPHARM,EQ,1956.0,1970.95,1941.4,1952.35,1956.0,1960.7,26069,51031937.75,20-FEB-2023,2897,INE572A01028,
JBMA,EQ,558.55,585.0,558.55,581.0,580.0,552.95,1263378,726875420.8,20-FEB-2023,36644,INE927D01044,
JCHAC,EQ,1176.95,1211.0,1165.7,1194.1,1181.15,1173.5,36207,43013094.2,20-FEB-2023,4827,INE782A01015,
JETFREIGHT,EQ,14.1,14.35,13.85,13.95,13.95,14.05,271901,3800485.6,20-FEB-2023,783,INE982V01025,
JHS,EQ,17.1,17.55,16.6,16.7,16.65,17.15,72178,1237117.05,20-FEB-2023,393,INE544H01014,
JINDALPHOT,EQ,339.9,339.9,327.45,329.3,330.0,333.7,6404,2117444.05,20-FEB-2023,796,INE796G01012,
JINDALPOLY,EQ,651.0,653.95,640.1,643.35,642.0,650.95,35176,22688678.4,20-FEB-2023,6600,INE197D01010,
JINDALSAW,EQ,147.0,151.0,144.9,149.5,149.9,146.0,2634069,391781876.75,20-FEB-2023,18150,INE324A01024,
JINDALSTEL,EQ,590.9,600.0,584.75,594.85,595.8,590.1,1420192,843219363.55,20-FEB-2023,31200,INE749A01030,
JINDRILL,EQ,272.1,276.0,271.85,274.8,274.0,274.55,22924,6304132.8,20-FEB-2023,1024,INE742C01031,
JINDWORLD,EQ,307.8,309.35,300.0,302.65,305.0,306.2,72836,21998741.45,20-FEB-2023,2559,INE247D01039,
JISLDVREQS,EQ,17.5,17.9,17.3,17.5,17.5,17.3,34295,601092.55,20-FEB-2023,353,IN9175A01010,
JISLJALEQS,EQ,28.85,29.45,28.3,28.8,28.75,28.65,1153718,33202283.4,20-FEB-2023,2798,INE175A01038,
JITFINFRA,BE,107.4,108.25,103.25,108.25,108.25,103.1,14790,1588897.75,20-FEB-2023,148,INE863T01013,
JKCEMENT,EQ,2840.7,2949.9,2808.7,2920.55,2910.0,2840.7,313720,906613375.5,20-FEB-2023,25220,INE823G01014,
JKIL,EQ,255.9,259.75,252.5,255.45,255.0,255.9,65792,16837930.3,20-FEB-2023,2947,INE576I01022,
JKLAKSHMI,EQ,750.0,760.0,745.2,750.6,750.0,745.15,251901,190148211.45,20-FEB-2023,15214,INE786A01032,
JKPAPER,EQ,398.2,401.95,392.65,396.3,396.4,396.25,479134,189745179.4,20-FEB-2023,17857,INE789E01012,
JKTYRE,EQ,154.45,156.0,152.4,152.65,152.85,154.0,573290,88083934.7,20-FEB-2023,6365,INE573A01042,
JMA,EQ,67.1,67.1,65.75,66.85,66.9,65.85,6300,417557.1,20-FEB-2023,120,INE412C01023,
JMFINANCIL,EQ,64.0,64.7,63.2,63.85,64.0,64.2,579321,36983532.75,20-FEB-2023,5633,INE780C01023,
JOCIL,EQ,181.0,182.45,175.2,176.25,177.0,180.15,3881,694953.35,20-FEB-2023,149,INE839G01010,
JPASSOCIAT,EQ,9.0,9.1,8.85,8.9,8.9,9.0,3456324,30936844.55,20-FEB-2023,3536,INE455F01025,
JPINFRATEC,BE,1.45,1.45,1.35,1.35,1.35,1.4,765100,1041539.2,20-FEB-2023,924,INE099J01015,
JPOLYINVST,EQ,488.75,488.75,465.2,478.15,480.0,482.15,6704,3196609.1,20-FEB-2023,441,INE147P01019,
JPPOWER,EQ,6.8,7.05,6.75,6.9,6.9,6.8,26216024,181730225.95,20-FEB-2023,14775,INE351F01018,
JSL,EQ,265.45,269.0,262.45,267.7,267.45,264.0,679335,181155993.25,20-FEB-2023,13632,INE220G01021,
JSLHISAR,EQ,483.8,494.9,475.0,487.05,485.0,482.3,291654,141702473.1,20-FEB-2023,17548,INE455T01018,
JSWENERGY,EQ,225.0,226.9,221.75,222.2,222.0,226.0,519662,116007043.35,20-FEB-2023,8198,INE121E01018,
JSWHL,EQ,3960.8,3960.8,3912.55,3930.55,3925.0,3944.9,192,756323.35,20-FEB-2023,92,INE824G01012,
JSWISPL,EQ,31.9,32.0,31.45,31.6,31.65,31.9,446578,14139557.75,20-FEB-2023,1154,INE743C01021,
JSWSTEEL,EQ,728.4,733.0,721.4,723.35,725.0,728.4,606435,440523532.25,20-FEB-2023,19031,INE019A01038,
JTEKTINDIA,EQ,101.6,113.45,101.25,109.8,109.6,101.35,1058060,116197234.35,20-FEB-2023,17181,INE643A01035,
JTLIND,EQ,323.0,328.15,321.5,323.15,323.0,325.25,175058,57069507.85,20-FEB-2023,2396,INE391J01024,
JUBLFOOD,EQ,456.9,461.95,451.4,458.75,458.7,456.95,2036745,932570509.5,20-FEB-2023,29193,INE797F01020,
JUBLINDS,EQ,383.1,384.0,370.0,374.65,375.0,381.3,3662,1381619.85,20-FEB-2023,327,INE645L01011,
JUBLINGREA,EQ,458.35,465.65,458.0,458.75,460.35,458.4,120503,55659237.7,20-FEB-2023,7388,INE0BY001018,
JUBLPHARMA,EQ,312.4,319.45,312.3,314.85,317.1,312.3,71648,22615119.7,20-FEB-2023,3249,INE700A01033,
JUNIORBEES,EQ,408.9,409.81,404.52,406.09,406.98,406.93,148727,60408721.13,20-FEB-2023,8143,INF732E01045,
JUSTDIAL,EQ,630.0,635.95,622.7,627.4,628.0,634.7,186790,117092857.1,20-FEB-2023,3980,INE599M01018,
JWL,EQ,105.45,107.0,99.6,99.6,99.6,104.85,498287,50266183.85,20-FEB-2023,4447,INE209L01016,
JYOTHYLAB,EQ,201.65,202.6,195.3,196.55,195.7,201.65,173419,34471775.55,20-FEB-2023,5115,INE668F01031,
KABRAEXTRU,EQ,575.0,588.0,563.0,579.4,583.0,568.8,182302,105086570.25,20-FEB-2023,13954,INE900B01029,
KAJARIACER,EQ,1067.0,1067.7,1041.2,1055.15,1057.9,1067.7,273049,287791558.3,20-FEB-2023,9775,INE217B01036,
KAKATCEM,EQ,187.35,190.0,186.35,187.05,186.35,188.55,6358,1195058.7,20-FEB-2023,239,INE437B01014,
KALPATPOWR,EQ,520.95,528.8,500.45,512.6,506.1,514.0,654745,335452867.2,20-FEB-2023,26706,INE220B01022,
KALYANIFRG,BE,262.55,262.55,242.0,242.05,242.05,251.2,2030,509025.8,20-FEB-2023,72,INE314G01014,
KALYANKJIL,EQ,111.25,119.85,110.35,118.65,119.0,111.15,6713121,783669889.05,20-FEB-2023,39945,INE303R01014,
KAMATHOTEL,EQ,120.9,126.45,120.9,126.45,126.45,120.45,58110,7252293.8,20-FEB-2023,845,INE967C01018,
KAMDHENU,EQ,358.75,359.8,339.8,339.8,339.8,357.65,41368,14258552.4,20-FEB-2023,1590,INE390H01012,
KAMOPAINTS,EQ,147.0,150.4,140.0,142.4,143.0,146.85,104379,15347521.3,20-FEB-2023,11223,INE0BTI01029,
KANANIIND,EQ,8.05,8.05,7.7,7.9,7.95,8.05,68820,542876.15,20-FEB-2023,321,INE879E01037,
KANORICHEM,EQ,126.9,141.0,122.6,133.65,134.75,124.55,127928,17284967.95,20-FEB-2023,2737,INE138C01024,
KANPRPLA,EQ,85.6,89.25,85.6,88.1,87.0,88.5,11463,1005039.65,20-FEB-2023,884,INE694E01014,
KANSAINER,EQ,416.15,418.65,409.8,411.1,411.0,414.65,86607,35777031.65,20-FEB-2023,5586,INE531A01024,
KAPSTON,BE,138.0,140.0,135.0,138.8,136.0,140.95,2277,309163.9,20-FEB-2023,39,INE542Z01010,
KARMAENG,EQ,22.9,24.9,22.6,24.9,24.9,22.65,10794,262644.3,20-FEB-2023,114,INE725L01011,
KARURVYSYA,EQ,100.45,102.5,98.25,101.8,101.5,99.95,2511297,253075221.4,20-FEB-2023,16314,INE036D01028,
KAUSHALYA,EQ,4.35,4.4,4.25,4.25,4.25,4.3,12562,53535.2,20-FEB-2023,143,INE234I01010,
KAVVERITEL,EQ,6.15,6.65,5.8,6.05,6.25,6.05,195458,1211384.0,20-FEB-2023,349,INE641C01019,
KAYA,EQ,287.1,296.95,283.6,287.45,286.25,291.55,4828,1394660.2,20-FEB-2023,479,INE587G01015,
KAYNES,EQ,874.95,899.0,855.0,895.85,897.75,870.15,177031,155180000.0,20-FEB-2023,10851,INE918Z01012,
KBCGLOBAL,BE,2.95,3.0,2.85,2.95,2.95,2.9,1462141,4281936.3,20-FEB-2023,1179,INE278R01034,
KCP,EQ,100.95,101.0,99.65,99.9,100.45,100.95,59834,5988673.3,20-FEB-2023,954,INE805C01028,
KCPSUGIND,EQ,25.7,26.0,25.15,25.25,25.35,25.7,154836,3930661.9,20-FEB-2023,763,INE790B01024,
KDDL,EQ,1178.8,1202.95,1163.3,1177.5,1181.0,1170.25,31522,37207850.1,20-FEB-2023,4960,INE291D01011,
KEC,EQ,499.0,503.8,479.3,488.45,485.0,475.3,1320946,651036504.95,20-FEB-2023,33800,INE389H01022,
KECL,EQ,71.45,72.3,68.65,69.55,69.4,70.8,159122,11233229.45,20-FEB-2023,1806,INE134B01017,
KEEPLEARN,BE,3.3,3.3,3.15,3.15,3.15,3.3,24180,77588.15,20-FEB-2023,96,INE055C01020,
KEERTI,BE,37.95,37.95,37.95,37.95,37.95,37.95,240,9108.0,20-FEB-2023,10,INE586X01012,
KEI,EQ,1705.0,1725.0,1663.55,1701.9,1700.0,1699.95,134760,230164061.65,20-FEB-2023,13277,INE878B01027,
KELLTONTEC,BE,53.1,55.5,53.0,54.45,53.9,53.6,75030,4046985.1,20-FEB-2023,598,INE164B01022,
KENNAMET,EQ,2180.3,2197.65,2101.2,2116.15,2115.95,2180.3,10717,22917915.4,20-FEB-2023,2242,INE717A01029,
KERNEX,BE,291.8,298.95,286.0,291.1,295.9,284.75,11021,3273983.55,20-FEB-2023,153,INE202H01019,
KESORAMIND,EQ,58.3,59.15,57.85,58.2,58.1,58.25,225053,13131578.4,20-FEB-2023,3687,INE087A01019,
KEYFINSERV,EQ,101.8,101.8,99.25,99.55,99.5,99.25,4145,414801.5,20-FEB-2023,169,INE681C01015,
KFINTECH,EQ,319.9,328.85,308.0,315.05,315.05,318.15,136656,42801738.35,20-FEB-2023,17695,INE138Y01010,
KHADIM,EQ,205.0,205.95,201.2,202.7,203.6,203.85,21403,4364570.95,20-FEB-2023,1242,INE834I01025,
KHAICHEM,EQ,62.8,62.8,61.0,61.2,61.45,62.25,67492,4156555.1,20-FEB-2023,1392,INE745B01028,
KHAITANLTD,BE,46.15,47.85,46.0,47.85,47.85,46.15,514,23726.05,20-FEB-2023,4,INE731C01018,
KHANDSE,BE,29.7,29.85,28.5,28.6,28.5,28.95,12215,353367.75,20-FEB-2023,47,INE060B01014,
KICL,EQ,1872.4,1900.0,1856.0,1877.25,1864.2,1872.4,576,1079405.55,20-FEB-2023,244,INE029L01018,
KILITCH,EQ,150.0,150.0,142.0,142.45,142.2,146.55,2521,363148.7,20-FEB-2023,195,INE729D01010,
KIMS,EQ,1395.0,1403.5,1346.4,1379.55,1380.0,1401.2,48527,66549240.6,20-FEB-2023,7195,INE967H01017,
KINGFA,EQ,1322.3,1412.15,1316.05,1378.15,1380.0,1319.85,11177,15327680.95,20-FEB-2023,1543,INE473D01015,
KIOCL,EQ,202.0,207.95,199.75,201.9,200.95,198.15,63427,12928957.6,20-FEB-2023,3426,INE880L01014,
KIRIINDUS,EQ,302.0,302.0,296.0,297.9,296.8,300.25,38746,11542317.0,20-FEB-2023,1386,INE415I01015,
KIRLFER,EQ,405.35,420.0,397.85,418.05,418.7,402.35,319157,131172453.9,20-FEB-2023,10428,INE884B01025,
KIRLOSBROS,EQ,369.9,380.85,367.2,370.1,369.0,364.6,207627,77747169.3,20-FEB-2023,10709,INE732A01036,
KIRLOSENG,EQ,315.8,327.75,312.5,314.05,314.45,313.8,169950,53869899.55,20-FEB-2023,6311,INE146L01010,
KIRLOSIND,EQ,2085.0,2250.0,2080.3,2215.05,2244.0,2062.45,37584,82804685.4,20-FEB-2023,4374,INE250A01039,
KITEX,EQ,154.4,155.8,151.45,152.6,152.05,154.4,64083,9772860.7,20-FEB-2023,2079,INE602G01020,
KKCL,EQ,440.9,440.9,421.0,422.4,424.05,438.15,30607,13094589.55,20-FEB-2023,2580,INE401H01017,
KMSUGAR,EQ,27.7,27.7,26.35,26.5,26.55,27.45,429488,11508186.25,20-FEB-2023,1845,INE157H01023,
KNRCON,EQ,256.85,258.4,252.65,254.5,252.65,255.9,92032,23511232.55,20-FEB-2023,4657,INE634I01029,
KOHINOOR,EQ,56.0,57.8,55.0,55.25,55.3,56.2,122236,6826791.35,20-FEB-2023,1363,INE080B01012,
KOKUYOCMLN,EQ,70.9,72.4,69.85,70.05,69.85,69.75,72297,5109820.15,20-FEB-2023,727,INE760A01029,
KOLTEPATIL,EQ,267.0,277.0,265.25,275.5,275.5,268.25,142987,39051294.25,20-FEB-2023,4431,INE094I01018,
KOPRAN,EQ,129.0,135.35,129.0,133.3,133.35,132.25,85548,11369065.8,20-FEB-2023,2208,INE082A01010,
KOTAKALPHA,EQ,25.87,25.87,25.29,25.49,25.56,25.43,174719,4448883.98,20-FEB-2023,735,INF174KA1IA5,
KOTAKBANK,EQ,1768.05,1768.05,1730.1,1737.3,1737.0,1759.25,3224839,5629712170.9,20-FEB-2023,97812,INE237A01028,
KOTAKBKETF,EQ,416.06,420.13,412.14,413.63,414.5,416.33,27135,11258321.37,20-FEB-2023,592,INF174K01F59,
KOTAKCONS,EQ,73.71,73.71,73.25,73.25,73.25,73.36,5,367.14,20-FEB-2023,4,INF174KA1JE5,
KOTAKGOLD,EQ,48.26,48.63,48.26,48.44,48.43,48.2,74726,3621279.86,20-FEB-2023,741,INF174KA1HJ8,
KOTAKIT,EQ,32.31,32.49,32.06,32.25,32.3,32.22,67173,2168813.8,20-FEB-2023,271,INF174KA1GC5,
KOTAKLOVOL,EQ,13.5,13.6,13.36,13.43,13.49,13.5,448,6031.29,20-FEB-2023,56,INF174KA1IY5,
KOTAKMID50,EQ,87.5,87.62,86.73,87.33,87.3,87.56,1162,101215.63,20-FEB-2023,36,INF174KA1IB3,
KOTAKMNC,EQ,19.44,19.54,19.31,19.33,19.31,19.65,5359,103955.55,20-FEB-2023,46,INF174KA1JF2,
KOTAKNIFTY,EQ,193.0,193.0,190.41,190.79,190.87,191.4,14829,2838596.9,20-FEB-2023,440,INF174K014P6,
KOTAKNV20,EQ,107.8,107.8,106.01,106.29,106.01,106.55,15612,1661820.15,20-FEB-2023,263,INF174K01Z71,
KOTAKPSUBK,EQ,378.75,380.0,372.17,373.99,374.0,378.73,12378,4644230.03,20-FEB-2023,537,INF373I01023,
KOTAKSILVE,EQ,64.8,70.0,64.8,66.11,66.01,64.6,697,46066.08,20-FEB-2023,25,INF174KA1KU9,
KOTARISUG,EQ,37.35,37.65,36.0,36.8,36.7,37.1,107791,3976396.8,20-FEB-2023,1145,INE419A01022,
KOTHARIPET,EQ,67.5,70.0,67.25,67.85,68.0,67.9,47262,3229648.2,20-FEB-2023,869,INE720A01015,
KOTHARIPRO,EQ,118.15,120.35,115.65,117.7,117.5,119.6,11380,1340774.95,20-FEB-2023,272,INE823A01017,
KOVAI,EQ,1821.6,1894.8,1821.6,1882.6,1882.5,1821.6,33209,62405036.25,20-FEB-2023,4012,INE177F01017,
KPIGREEN,EQ,453.0,453.2,434.0,436.1,442.8,451.0,91452,40214902.1,20-FEB-2023,5876,INE542W01017,
KPITTECH,EQ,855.0,861.25,825.05,827.9,831.0,856.1,1033309,867220044.05,20-FEB-2023,39327,INE04I401011,
KPRMILL,EQ,600.1,615.0,596.05,611.55,614.9,600.1,384749,234127266.75,20-FEB-2023,17313,INE930H01031,
KRBL,EQ,370.0,372.4,360.05,361.65,361.7,376.7,356089,129697061.9,20-FEB-2023,11512,INE001B01026,
KREBSBIO,EQ,88.3,89.75,86.0,86.25,86.2,88.85,8757,760642.05,20-FEB-2023,361,INE268B01013,
KRIDHANINF,EQ,3.0,3.0,2.85,2.95,2.95,2.95,78205,227363.35,20-FEB-2023,102,INE524L01026,
KRISHANA,EQ,499.05,520.0,499.05,512.1,513.0,489.35,105694,54065614.95,20-FEB-2023,5381,INE506W01012,
KRITI,EQ,94.0,110.15,91.1,108.55,107.6,91.8,861278,91964581.3,20-FEB-2023,13654,INE479D01038,
KRITIKA,EQ,9.75,10.1,9.4,9.9,9.9,9.6,138653,1366929.15,20-FEB-2023,575,INE00Z501029,
KRITINUT,EQ,47.55,47.55,43.15,46.5,47.15,47.5,24575,1146073.55,20-FEB-2023,575,INE798K01010,
KRSNAA,EQ,376.05,385.2,372.4,374.8,376.0,375.1,103887,39143005.45,20-FEB-2023,5649,INE08LI01020,
KSB,EQ,1938.7,1962.8,1872.25,1885.9,1875.95,1919.5,17519,33632771.1,20-FEB-2023,3655,INE999A01015,
KSCL,EQ,538.8,541.75,530.7,532.6,532.1,538.8,20334,10900313.5,20-FEB-2023,1644,INE455I01029,
KSHITIJPOL,BE,27.05,29.85,27.05,29.85,29.85,28.45,520197,15056428.65,20-FEB-2023,2392,INE013801027,
KSL,EQ,316.15,317.85,312.65,313.3,312.9,316.9,11671,3673870.6,20-FEB-2023,1133,INE907A01026,
KSOLVES,EQ,431.05,461.5,427.25,442.95,440.0,428.35,46741,21016499.0,20-FEB-2023,3295,INE0D6I01015,
KTKBANK,EQ,144.75,145.55,141.0,141.8,141.75,144.0,514534,73277609.3,20-FEB-2023,6659,INE614B01018,
KUANTUM,EQ,127.5,128.15,125.65,127.45,127.5,126.6,20088,2551199.7,20-FEB-2023,401,INE529I01021,
L&TFH,EQ,92.6,92.95,90.7,91.05,90.95,92.35,3297153,302524877.3,20-FEB-2023,14741,INE498L01015,
LAGNAM,EQ,57.95,58.95,54.5,55.3,56.3,57.5,28686,1613185.3,20-FEB-2023,574,INE548Z01017,
LALPATHLAB,EQ,1978.95,1993.2,1936.95,1964.55,1965.0,1967.3,240243,472448815.3,20-FEB-2023,36072,INE600L01024,
LAMBODHARA,EQ,154.35,160.0,147.55,151.7,150.55,156.75,90731,13842012.25,20-FEB-2023,2243,INE112F01022,
LANCER,EQ,173.9,178.0,172.05,175.1,174.05,173.95,66517,11657289.15,20-FEB-2023,2688,INE359U01028,
LANDMARK,EQ,611.5,620.1,604.05,612.65,620.0,612.3,54799,33467780.7,20-FEB-2023,4142,INE559R01029,
LAOPALA,EQ,356.8,367.95,355.4,365.5,363.8,355.4,124201,45214935.6,20-FEB-2023,6370,INE059D01020,
LASA,EQ,29.15,30.6,27.25,27.65,27.35,29.3,383969,11012735.15,20-FEB-2023,2138,INE670X01014,
LATENTVIEW,EQ,356.5,364.95,355.35,357.05,356.5,356.95,218812,78832473.85,20-FEB-2023,6480,INE0I7C01011,
LAURUSLABS,EQ,329.05,337.2,325.15,331.5,331.3,329.05,1130210,373980255.8,20-FEB-2023,17631,INE947Q01028,
LAXMICOT,EQ,21.0,21.35,20.8,20.85,20.8,20.8,4806,101052.65,20-FEB-2023,46,INE801V01019,
LAXMIMACH,EQ,11287.85,11378.8,11250.0,11272.95,11269.95,11287.85,1201,13566273.0,20-FEB-2023,582,INE269B01029,
LCCINFOTEC,EQ,1.95,1.95,1.75,1.85,1.9,1.95,291333,534547.7,20-FEB-2023,321,INE938A01021,
LEMONTREE,EQ,79.0,79.1,76.5,76.95,76.8,78.9,1671615,129408647.95,20-FEB-2023,15164,INE970X01018,
LFIC,EQ,116.5,116.5,110.9,113.5,114.05,113.65,2125,241101.25,20-FEB-2023,152,INE850E01012,
LGBBROSLTD,EQ,671.9,672.0,662.05,668.2,667.7,666.9,31198,20796017.5,20-FEB-2023,2788,INE337A01034,
LGBFORGE,EQ,9.9,9.95,9.8,9.95,9.95,9.5,68956,684265.1,20-FEB-2023,180,INE201J01017,
LIBAS,EQ,15.1,15.1,14.6,14.9,15.05,14.75,40285,596809.55,20-FEB-2023,297,INE908V01012,
LIBERTSHOE,EQ,221.95,224.95,214.05,217.15,218.0,220.8,67933,14957031.55,20-FEB-2023,2303,INE557B01019,
LICHSGFIN,EQ,367.85,367.9,359.85,360.2,360.8,366.3,1671095,607242295.4,20-FEB-2023,55015,INE115A01026,
LICI,EQ,605.0,605.0,596.4,598.5,598.0,602.65,885378,530271504.05,20-FEB-2023,28305,INE0J1Y01017,
LICNETFGSC,EQ,22.67,22.75,22.6,22.74,22.75,22.67,14682,333013.41,20-FEB-2023,69,INF767K01MV5,
LICNETFN50,EQ,193.0,193.97,192.3,192.42,192.3,193.0,317,61269.27,20-FEB-2023,35,INF767K01OS7,
LICNETFSEN,EQ,650.07,665.0,650.07,660.5,660.5,663.0,67,44338.28,20-FEB-2023,19,INF767K01OT5,
LICNFNHGP,EQ,189.0,189.75,188.75,188.82,189.0,189.0,60,11364.36,20-FEB-2023,13,INF767K01PC8,
LIKHITHA,EQ,256.0,261.0,251.3,257.5,259.0,252.5,241033,61752490.45,20-FEB-2023,7507,INE060901027,
LINC,EQ,550.0,552.5,525.1,530.4,528.0,544.4,34129,18355717.3,20-FEB-2023,2635,INE802B01019,
LINCOLN,EQ,342.2,357.0,339.6,347.95,346.4,338.8,220696,77291673.95,20-FEB-2023,13999,INE405C01035,
LINDEINDIA,EQ,3789.0,3825.0,3705.05,3809.95,3819.0,3733.2,109441,414631160.7,20-FEB-2023,12303,INE473A01011,
LIQUIDBEES,EQ,1000.0,1000.01,998.0,999.99,999.99,1000.0,2049926,2049918493.45,20-FEB-2023,9953,INF732E01037,
LIQUIDETF,EQ,1000.0,1000.01,999.99,1000.0,1000.0,999.99,46266,46265986.65,20-FEB-2023,85,INF740KA1EU7,
LODHA,EQ,897.0,897.0,855.4,880.55,880.95,900.4,466102,406808084.85,20-FEB-2023,22596,INE670K01029,
LOKESHMACH,EQ,116.5,118.4,114.05,115.35,114.5,115.75,51702,5995817.9,20-FEB-2023,772,INE397H01017,
LOTUSEYE,BE,67.05,69.45,67.05,69.1,69.4,69.7,876,59123.1,20-FEB-2023,17,INE947I01017,
LOVABLE,EQ,111.95,111.95,107.1,108.5,109.55,108.5,12627,1381463.45,20-FEB-2023,652,INE597L01014,
LOYALTEX,EQ,645.45,664.05,641.3,643.65,644.0,645.4,178,114942.4,20-FEB-2023,112,INE970D01010,
LPDC,EQ,6.8,7.1,6.4,6.65,6.65,6.7,70049,469454.7,20-FEB-2023,474,INE197J01017,
LSIL,EQ,19.05,19.55,18.9,19.0,19.15,19.15,2689391,51482708.3,20-FEB-2023,5464,INE093R01011,
LT,EQ,2233.7,2252.0,2215.0,2225.5,2220.5,2226.35,1779752,3967596563.75,20-FEB-2023,62038,INE018A01030,
LTGILTBEES,EQ,23.15,23.22,23.14,23.21,23.22,23.19,17534,406603.58,20-FEB-2023,77,INF204KB1882,
LTIM,EQ,4858.3,4955.5,4841.0,4886.85,4885.75,4858.3,693618,3406030576.7,20-FEB-2023,51775,INE214T01019,
LTTS,EQ,3705.95,3790.0,3683.2,3746.6,3754.0,3694.2,248746,934461703.1,20-FEB-2023,19195,INE010V01017,
LUMAXIND,EQ,1741.95,1752.4,1705.0,1710.8,1713.0,1721.5,3864,6661102.9,20-FEB-2023,903,INE162B01018,
LUMAXTECH,EQ,230.05,250.8,230.05,244.75,245.3,220.75,1901271,463352778.95,20-FEB-2023,41357,INE872H01027,
LUPIN,EQ,670.2,675.0,658.55,667.1,665.0,670.2,577221,385482144.3,20-FEB-2023,20761,INE326A01037,
LUXIND,EQ,1399.85,1399.85,1375.1,1382.2,1382.0,1389.0,12422,17173683.45,20-FEB-2023,2389,INE150G01020,
LXCHEM,EQ,266.05,266.1,261.5,262.35,262.5,264.95,202549,53311674.9,20-FEB-2023,7958,INE576O01020,
LYKALABS,EQ,126.6,127.5,122.0,122.3,122.0,126.0,14915,1863714.1,20-FEB-2023,510,INE933A01014,
LYPSAGEMS,EQ,5.35,5.35,5.2,5.25,5.25,5.25,7051,37065.5,20-FEB-2023,52,INE142K01011,
M&M,EQ,1342.1,1354.95,1332.6,1346.25,1343.0,1341.5,1497314,2017054185.1,20-FEB-2023,65991,INE101A01026,
M&MFIN,EQ,262.5,264.8,259.9,260.3,260.05,262.25,817488,214457108.85,20-FEB-2023,9213,INE774D01024,
MAANALU,EQ,204.0,210.0,202.1,203.0,203.95,205.7,18605,3816234.85,20-FEB-2023,1084,INE215I01019,
MACPOWER,EQ,294.15,304.45,292.1,294.4,293.2,299.95,12118,3608286.9,20-FEB-2023,807,INE155Z01011,
MADHAV,EQ,40.05,40.4,39.3,39.75,39.35,40.2,3207,128054.05,20-FEB-2023,79,INE925C01016,
MADHUCON,EQ,4.95,4.95,4.8,4.8,4.95,4.85,23636,114799.35,20-FEB-2023,84,INE378D01032,
MADRASFERT,EQ,59.0,59.9,57.6,59.0,58.75,59.0,490840,28896246.5,20-FEB-2023,3879,INE414A01015,
MAESGETF,EQ,29.33,29.37,29.04,29.04,29.15,29.28,101937,2960538.59,20-FEB-2023,83,INF769K01GS9,
MAFANG,EQ,45.94,46.17,45.35,45.46,45.5,45.93,578842,26367134.66,20-FEB-2023,2839,INF769K01HF4,
MAFSETF,EQ,18.64,18.64,18.35,18.39,18.4,18.57,118624,2195722.41,20-FEB-2023,546,INF769K01HI8,
MAGADSUGAR,EQ,339.0,339.0,329.85,333.5,332.15,333.9,17358,5777359.55,20-FEB-2023,935,INE347W01011,
MAGNUM,EQ,31.0,31.4,30.9,31.4,31.4,29.95,70163,2200633.7,20-FEB-2023,128,INE387I01016,
MAHABANK,EQ,27.1,27.25,26.2,26.35,26.35,26.9,9308989,247591804.25,20-FEB-2023,13417,INE457A01014,
MAHAPEXLTD,EQ,107.3,111.95,107.3,109.85,107.55,112.95,5101,555595.35,20-FEB-2023,97,INE843B01013,
MAHASTEEL,EQ,63.7,64.0,61.85,63.2,63.2,62.5,20938,1316903.8,20-FEB-2023,324,INE451L01014,
MAHEPC,EQ,99.8,100.35,98.55,98.7,98.65,99.8,12995,1288766.35,20-FEB-2023,170,INE215D01010,
MAHESHWARI,EQ,61.5,61.5,59.25,60.5,60.2,61.7,37506,2268827.3,20-FEB-2023,242,INE263W01010,
MAHINDCIE,EQ,391.2,399.45,391.0,393.9,394.5,391.2,250416,98833114.9,20-FEB-2023,7520,INE536H01010,
MAHKTECH,EQ,15.58,15.58,15.21,15.26,15.22,15.27,109058,1667646.68,20-FEB-2023,717,INF769K01HS7,
MAHLIFE,EQ,385.0,386.7,370.05,373.4,372.95,383.75,67921,25727152.4,20-FEB-2023,4601,INE813A01018,
MAHLOG,EQ,382.6,391.2,367.65,369.45,370.0,379.6,383389,142087861.1,20-FEB-2023,14088,INE766P01016,
MAHSCOOTER,EQ,4572.05,4585.95,4502.0,4518.0,4502.1,4571.4,1441,6552337.55,20-FEB-2023,526,INE288A01013,
MAHSEAMLES,EQ,322.5,324.25,315.0,315.85,315.6,324.3,213725,67787322.6,20-FEB-2023,7651,INE271B01025,
MAITHANALL,EQ,942.85,953.0,929.1,932.85,935.0,939.05,73824,69340368.65,20-FEB-2023,3226,INE683C01011,
MALLCOM,EQ,739.15,748.0,717.0,722.3,719.0,743.5,3802,2785303.05,20-FEB-2023,699,INE389C01015,
MALUPAPER,EQ,30.5,30.7,30.1,30.3,30.1,30.3,8034,244167.0,20-FEB-2023,90,INE383H01017,
MAM150ETF,EQ,12.0,12.0,11.4,11.66,11.64,11.66,60169,702447.81,20-FEB-2023,392,INF769K01IC9,
MAMFGETF,EQ,81.01,83.49,81.01,83.18,83.17,83.37,1649,137238.5,20-FEB-2023,67,INF769K01IB1,
MAN50ETF,EQ,187.8,188.36,186.07,186.08,186.24,187.86,119918,22329255.81,20-FEB-2023,130,INF769K01EG9,
MANAKALUCO,EQ,21.5,21.6,20.8,21.3,21.4,21.2,51700,1099642.05,20-FEB-2023,656,INE859Q01017,
MANAKCOAT,EQ,17.85,17.9,17.5,17.55,17.5,17.85,10431,184111.6,20-FEB-2023,204,INE830Q01018,
MANAKSIA,EQ,144.0,144.7,133.2,136.4,133.65,141.95,314104,43846111.4,20-FEB-2023,2265,INE015D01022,
MANAKSTEEL,EQ,45.4,47.9,44.3,44.65,44.6,45.4,209693,9515465.8,20-FEB-2023,1202,INE824Q01011,
MANALIPETC,EQ,68.0,68.2,66.8,67.75,67.9,67.6,197503,13341325.5,20-FEB-2023,3091,INE201A01024,
MANAPPURAM,EQ,109.3,109.65,107.4,107.8,107.5,108.8,3222123,348358994.15,20-FEB-2023,18407,INE522D01027,
MANGALAM,EQ,115.4,115.45,111.5,111.65,111.55,114.25,11778,1324849.35,20-FEB-2023,360,INE584F01014,
MANGCHEFER,EQ,78.7,79.1,77.4,77.75,77.95,78.5,106098,8290315.55,20-FEB-2023,1260,INE558B01017,
MANGLMCEM,EQ,270.55,277.95,270.55,276.35,276.0,277.55,14206,3911389.35,20-FEB-2023,950,INE347A01017,
MANINDS,EQ,87.35,88.95,86.15,86.5,86.9,87.0,64741,5670194.6,20-FEB-2023,1216,INE993A01026,
MANINFRA,EQ,86.9,87.65,84.4,84.95,84.75,85.5,976199,83883919.9,20-FEB-2023,6504,INE949H01023,
MANOMAY,EQ,126.0,138.35,126.0,138.35,138.35,131.8,2620,358990.85,20-FEB-2023,106,INE784W01015,
MANORAMA,EQ,1052.0,1052.0,1025.0,1034.3,1049.95,1056.6,1421,1469082.15,20-FEB-2023,412,INE00VM01010,
MANORG,EQ,460.0,464.35,454.55,458.0,457.0,465.55,2448,1122148.2,20-FEB-2023,413,INE370D01013,
MANUGRAPH,EQ,17.25,18.3,16.0,16.65,16.5,17.8,41638,699795.95,20-FEB-2023,430,INE867A01022,
MANXT50,EQ,386.85,388.7,386.0,386.35,386.0,388.52,994,385154.94,20-FEB-2023,62,INF769K01FN2,
MANYAVAR,EQ,1249.85,1249.85,1207.9,1212.45,1210.35,1242.3,29347,36053337.9,20-FEB-2023,5277,INE825V01034,
MAPMYINDIA,EQ,1127.9,1165.0,1115.05,1161.05,1160.5,1122.85,84877,97945840.55,20-FEB-2023,9201,INE0BV301023,
MARALOVER,EQ,50.4,51.85,49.9,51.1,50.3,51.05,11604,589321.55,20-FEB-2023,359,INE882A01013,
MARATHON,EQ,267.8,270.2,262.85,268.2,270.0,267.55,19988,5331932.35,20-FEB-2023,1265,INE182D01020,
MARICO,EQ,492.25,492.3,486.0,489.05,489.45,489.5,699230,342071298.25,20-FEB-2023,23314,INE196A01026,
MARINE,BE,39.5,39.5,37.25,37.55,38.3,38.85,140674,5386131.35,20-FEB-2023,702,INE01JE01028,
MARKSANS,EQ,69.0,71.0,68.95,70.2,70.0,68.8,3162763,222162944.8,20-FEB-2023,10731,INE750C01026,
MARSHALL,EQ,49.0,53.4,48.25,52.25,51.65,48.8,668937,33895073.3,20-FEB-2023,4145,INE00SZ01018,
MARUTI,EQ,8807.75,8849.0,8675.25,8693.65,8685.0,8807.75,298434,2610982525.45,20-FEB-2023,46059,INE585B01010,
MASFIN,EQ,823.0,827.15,802.05,806.55,806.5,814.95,12237,9957858.7,20-FEB-2023,2398,INE348L01012,
MASKINVEST,BE,62.55,62.55,58.25,58.25,58.25,61.3,119,6970.5,20-FEB-2023,19,INE885F01015,
MASPTOP50,EQ,28.25,28.25,27.31,27.35,27.35,27.41,267301,7324752.32,20-FEB-2023,665,INF769K01HP3,
MASTEK,EQ,1633.1,1695.0,1612.35,1672.95,1673.9,1624.95,85129,141564470.95,20-FEB-2023,10182,INE759A01021,
MATRIMONY,EQ,507.45,507.45,500.1,501.5,502.35,507.45,4388,2204664.75,20-FEB-2023,580,INE866R01028,
MAWANASUG,EQ,84.55,84.7,82.5,83.2,83.4,83.7,56049,4675492.4,20-FEB-2023,1227,INE636A01039,
MAXHEALTH,EQ,436.95,440.2,426.2,428.35,429.0,433.8,410047,177246514.8,20-FEB-2023,17558,INE027H01010,
MAXIND,EQ,87.55,88.75,87.0,88.1,87.4,88.1,31720,2793359.35,20-FEB-2023,858,INE0CG601016,
MAXVIL,EQ,137.5,142.0,135.0,135.6,135.0,135.55,86485,11979718.15,20-FEB-2023,3142,INE154U01015,
MAYURUNIQ,EQ,468.0,489.95,465.1,469.65,469.0,468.05,49643,23850461.8,20-FEB-2023,4972,INE040D01038,
MAZDA,EQ,629.0,652.0,629.0,646.8,650.0,629.65,1139,730076.5,20-FEB-2023,216,INE885E01034,
MAZDOCK,EQ,761.1,770.8,742.9,749.7,751.0,758.75,1167148,886619662.7,20-FEB-2023,29070,INE249Z01012,
MBAPL,BE,644.9,644.9,631.55,640.4,638.0,640.7,7926,5075683.1,20-FEB-2023,484,INE900L01010,
MBECL,BE,4.1,4.1,4.1,4.1,4.1,4.3,7743,31746.3,20-FEB-2023,21,INE748A01016,
MBLINFRA,BE,18.25,18.8,17.8,18.25,18.2,18.7,28506,516225.15,20-FEB-2023,131,INE912H01013,
MCDOWELL-N,EQ,773.75,776.95,763.0,765.75,765.0,771.8,728784,560716824.4,20-FEB-2023,24816,INE854D01024,
MCL,EQ,27.6,27.6,26.5,26.8,26.6,27.2,10472,279924.7,20-FEB-2023,161,INE813V01022,
MCLEODRUSS,BE,19.85,20.0,18.25,19.8,19.75,19.15,840073,16242119.7,20-FEB-2023,867,INE942G01012,
MCX,EQ,1380.0,1409.45,1371.0,1378.5,1378.6,1379.95,203501,282584803.9,20-FEB-2023,16439,INE745G01035,
MEDANTA,EQ,514.0,533.7,508.2,517.55,516.0,517.1,903141,472214652.4,20-FEB-2023,39978,INE474Q01031,
MEDICAMEQ,EQ,691.3,691.7,675.05,679.6,676.4,685.2,6025,4093210.55,20-FEB-2023,444,INE646B01010,
MEDICO,BE,321.15,325.0,314.0,324.7,325.0,321.15,32771,10639977.7,20-FEB-2023,127,INE630Y01016,
MEDPLUS,EQ,644.0,644.0,619.85,629.1,627.5,638.6,48078,30300858.1,20-FEB-2023,3106,INE804L01022,
MEGASOFT,EQ,29.15,30.25,27.6,28.0,27.9,29.1,98865,2811253.25,20-FEB-2023,710,INE933B01012,
MEGASTAR,EQ,244.7,247.5,241.95,246.75,246.5,239.95,8841,2173619.75,20-FEB-2023,425,INE00EM01016,
MENONBE,EQ,106.55,106.55,103.1,103.3,103.1,106.55,41524,4329680.05,20-FEB-2023,865,INE071D01033,
MEP,EQ,15.7,15.75,14.7,14.75,14.7,15.4,320635,4798488.0,20-FEB-2023,582,INE776I01010,
MERCATOR,BE,1.0,1.0,0.95,0.95,1.0,1.0,319582,308167.55,20-FEB-2023,149,INE934B01028,
METROBRAND,EQ,826.6,844.9,815.0,838.0,841.0,832.25,169404,140555968.05,20-FEB-2023,15489,INE317I01021,
METROPOLIS,EQ,1350.0,1363.0,1333.35,1359.4,1355.0,1348.0,168241,227285583.7,20-FEB-2023,13101,INE112L01020,
MFL,EQ,1080.0,1080.0,1045.1,1048.8,1047.0,1072.95,25696,27134130.4,20-FEB-2023,4092,INE071N01016,
MFSL,EQ,722.0,738.05,715.0,718.95,718.35,719.6,906050,656361863.15,20-FEB-2023,32938,INE180A01020,
MGEL,EQ,22.25,22.95,21.85,22.2,21.85,21.65,269615,6032394.6,20-FEB-2023,587,INE0APB01024,
MGL,EQ,887.0,896.0,883.7,889.65,890.4,886.9,337022,299938159.5,20-FEB-2023,17503,INE002S01010,
MHLXMIRU,EQ,292.65,300.0,285.0,286.95,287.0,291.25,105843,30994715.55,20-FEB-2023,4807,INE112D01035,
MHRIL,EQ,280.5,281.15,275.05,275.9,275.6,280.05,83568,23195149.5,20-FEB-2023,2981,INE998I01010,
MICEL,BE,12.95,12.95,12.15,12.2,12.3,12.6,65789,806701.65,20-FEB-2023,210,INE287C01037,
MID150BEES,EQ,121.7,121.7,117.54,118.74,118.4,118.15,300201,35683122.18,20-FEB-2023,2072,INF204KB1V68,
MIDHANI,EQ,209.95,212.25,205.55,210.05,209.5,208.85,271290,56904261.8,20-FEB-2023,7023,INE099Z01011,
MINDACORP,EQ,204.9,211.1,201.0,202.5,203.0,203.85,2007081,410718113.5,20-FEB-2023,28594,INE842C01021,
MINDTECK,EQ,121.2,124.7,120.9,121.85,121.7,121.7,11697,1425206.3,20-FEB-2023,433,INE110B01017,
MIRCELECTR,EQ,14.5,14.7,13.6,13.75,13.8,14.3,349979,4945565.4,20-FEB-2023,960,INE831A01028,
MIRZAINT,EQ,275.0,284.2,273.75,281.7,282.0,272.95,1603760,447866353.85,20-FEB-2023,25994,INE771A01026,
MITCON,EQ,66.5,69.9,66.5,68.05,69.7,66.3,6181,423498.85,20-FEB-2023,140,INE828O01033,
MITTAL,EQ,12.05,12.05,11.6,11.65,11.65,11.8,8684,101649.5,20-FEB-2023,81,INE997Y01019,
MMFL,EQ,875.0,889.0,849.0,851.25,850.0,874.7,5111,4411656.2,20-FEB-2023,722,INE227C01017,
MMP,EQ,134.0,134.0,129.55,130.85,130.05,132.85,8806,1154837.95,20-FEB-2023,148,INE511Y01018,
MMTC,EQ,33.65,33.8,32.7,32.95,32.8,33.6,682591,22517644.35,20-FEB-2023,2936,INE123F01029,
MODIRUBBER,BE,69.9,69.9,69.0,69.0,69.0,69.9,48,3316.5,20-FEB-2023,5,INE832A01018,
MODISONLTD,EQ,59.95,59.95,58.1,59.05,58.35,58.2,13258,781744.2,20-FEB-2023,230,INE737D01021,
MOGSEC,EQ,50.45,50.58,50.45,50.54,50.56,50.52,2091,105688.43,20-FEB-2023,27,INF247L01AK4,
MOHEALTH,EQ,22.37,22.37,22.37,22.37,22.37,22.2,102,2281.74,20-FEB-2023,3,INF247L01BB1,
MOHITIND,EQ,15.5,15.5,14.35,14.95,15.0,15.0,5032,73884.65,20-FEB-2023,91,INE954E01012,
MOIL,EQ,156.7,158.1,155.35,157.2,157.0,156.55,114067,17883218.6,20-FEB-2023,3173,INE490G01020,
MOKSH,EQ,10.25,10.3,10.0,10.05,10.2,10.25,54992,558862.9,20-FEB-2023,304,INE514Y01020,
MOL,EQ,98.95,99.75,98.1,98.45,98.25,98.95,166354,16437015.7,20-FEB-2023,1679,INE0CT101020,
MOLDTECH,EQ,225.0,240.9,219.1,236.65,236.45,222.7,543334,126261451.7,20-FEB-2023,16191,INE835B01035,
MOLDTKPAC,EQ,959.45,960.2,924.0,934.45,939.0,954.2,44579,41807133.45,20-FEB-2023,4878,INE893J01029,
MOLOWVOL,EQ,24.18,25.4,24.03,24.71,24.71,24.79,2080,51230.35,20-FEB-2023,35,INF247L01BL0,
MOM100,EQ,33.5,33.5,32.01,32.6,32.59,32.5,169776,5528572.13,20-FEB-2023,807,INF247L01023,
MOM50,EQ,179.51,181.63,179.51,180.2,180.2,180.13,445,80271.23,20-FEB-2023,29,INF247L01536,
MOMENTUM,EQ,18.85,18.85,18.31,18.42,18.42,18.5,358,6615.12,20-FEB-2023,26,INF209KB14K7,
MOMOMENTUM,EQ,37.95,37.95,36.7,36.72,36.7,36.9,10586,391700.29,20-FEB-2023,89,INF247L01BK2,
MON100,EQ,102.75,102.75,99.12,100.02,100.11,99.75,711086,71033346.15,20-FEB-2023,7356,INF247L01AP3,
MONARCH,EQ,233.7,235.45,222.6,230.65,231.15,231.8,20081,4578548.95,20-FEB-2023,938,INE903D01011,
MONQ50,EQ,55.55,55.57,55.01,55.44,55.5,55.55,13228,732381.13,20-FEB-2023,253,INF247L01AU3,
MONTECARLO,EQ,607.3,614.25,605.65,610.9,611.0,607.3,17272,10553930.9,20-FEB-2023,1382,INE950M01013,
MOQUALITY,EQ,119.8,120.35,119.8,119.9,119.9,120.04,9,1080.86,20-FEB-2023,6,INF247L01BH8,
MORARJEE,EQ,21.85,23.2,20.5,21.65,21.45,21.0,30765,667853.9,20-FEB-2023,305,INE161G01027,
MOREPENLAB,EQ,26.6,26.6,26.0,26.1,26.05,26.55,1030531,26977990.05,20-FEB-2023,3919,INE083A01026,
MOTHERSON,EQ,82.0,84.25,81.3,81.95,81.85,79.7,30986719,2553768367.8,20-FEB-2023,78801,INE775A01035,
MOTILALOFS,EQ,657.55,662.0,654.0,658.9,658.0,657.55,49224,32401413.85,20-FEB-2023,5143,INE338I01027,
MOTOGENFIN,EQ,32.9,33.6,31.05,31.05,31.05,32.65,45030,1437025.3,20-FEB-2023,818,INE861B01023,
MOVALUE,EQ,48.9,48.9,48.21,48.21,48.21,48.67,149,7247.74,20-FEB-2023,10,INF247L01BE5,
MPHASIS,EQ,2225.55,2255.75,2210.0,2243.1,2242.0,2236.55,440065,985136397.75,20-FEB-2023,29242,INE356A01018,
MPSLTD,EQ,1093.55,1096.9,1080.0,1081.05,1080.0,1082.85,6671,7232867.2,20-FEB-2023,1200,INE943D01017,
MRF,EQ,89000.0,90000.0,88717.1,89181.1,89400.0,88739.7,5810,519713989.15,20-FEB-2023,4084,INE883A01011,
MRO-TEK,EQ,59.0,60.85,56.8,58.8,59.0,59.6,61636,3629499.4,20-FEB-2023,641,INE398B01018,
MRPL,EQ,54.25,54.25,52.9,53.1,53.2,54.0,786793,41907857.6,20-FEB-2023,4288,INE103A01014,
MSPL,EQ,8.65,8.8,8.5,8.55,8.6,8.55,174128,1495790.7,20-FEB-2023,649,INE752G01015,
MSTCLTD,EQ,286.0,289.3,282.3,283.75,284.0,285.6,161230,45961132.45,20-FEB-2023,6789,INE255X01014,
MSUMI,EQ,50.85,51.65,50.5,51.25,51.3,50.8,4514082,231044053.95,20-FEB-2023,23987,INE0FS801015,
MTARTECH,EQ,1774.4,1782.4,1735.1,1744.05,1743.4,1764.85,102875,179694530.75,20-FEB-2023,9951,INE864I01014,
MTEDUCARE,BE,5.35,5.35,4.95,5.05,5.05,5.2,54065,274927.75,20-FEB-2023,127,INE472M01018,
MTNL,EQ,21.9,21.9,21.15,21.35,21.35,21.85,1323148,28401369.45,20-FEB-2023,2390,INE153A01019,
MUKANDLTD,EQ,126.05,128.15,124.65,127.0,126.4,126.1,73855,9343512.7,20-FEB-2023,1968,INE304A01026,
MUKTAARTS,EQ,53.1,53.3,50.15,50.85,51.35,52.0,6740,347338.6,20-FEB-2023,172,INE374B01019,
MUNJALAU,EQ,45.0,45.0,43.15,43.3,43.2,44.35,63238,2764883.1,20-FEB-2023,964,INE672B01032,
MUNJALSHOW,EQ,92.25,93.35,91.25,91.5,91.9,92.0,18742,1724770.5,20-FEB-2023,360,INE577A01027,
MURUDCERA,EQ,35.4,36.2,34.65,35.55,35.45,34.85,32005,1133827.85,20-FEB-2023,286,INE692B01014,
MUTHOOTCAP,EQ,285.05,289.45,281.75,283.4,286.6,286.75,15611,4440158.85,20-FEB-2023,944,INE296G01013,
MUTHOOTFIN,EQ,981.95,992.3,979.05,990.0,990.0,981.25,443250,437913668.25,20-FEB-2023,19996,INE414G01012,
NACLIND,EQ,96.95,97.45,93.3,93.95,93.8,96.95,108390,10248362.6,20-FEB-2023,1735,INE295D01020,
NAGAFERT,EQ,9.55,9.9,9.55,9.6,9.55,9.7,189593,1841736.35,20-FEB-2023,516,INE454M01024,
NAGREEKCAP,EQ,19.3,19.35,17.55,18.0,18.15,19.35,53112,963839.3,20-FEB-2023,345,INE245I01016,
NAGREEKEXP,EQ,34.45,35.55,34.1,34.25,34.15,34.55,3975,137495.85,20-FEB-2023,84,INE123B01028,
NAHARCAP,EQ,266.7,266.9,256.6,258.2,262.0,263.8,7845,2045874.2,20-FEB-2023,452,INE049I01012,
NAHARINDUS,EQ,90.45,90.45,86.5,86.7,87.1,88.1,23511,2049426.8,20-FEB-2023,411,INE289A01011,
NAHARPOLY,EQ,224.9,224.9,214.6,216.1,216.5,220.35,12163,2639824.55,20-FEB-2023,566,INE308A01027,
NAHARSPING,EQ,225.0,229.8,222.5,224.8,223.35,226.6,14913,3378215.3,20-FEB-2023,1037,INE290A01027,
NAM-INDIA,EQ,222.95,222.95,218.1,218.8,218.95,222.3,653613,143165542.45,20-FEB-2023,29247,INE298J01013,
NARMADA,EQ,25.2,25.2,23.05,23.2,23.2,24.25,44685,1063351.75,20-FEB-2023,417,INE117Z01011,
NATCOPHARM,EQ,538.0,555.0,535.55,549.95,550.0,534.85,334247,182375593.75,20-FEB-2023,11902,INE987B01026,
NATHBIOGEN,EQ,144.3,146.7,142.05,143.75,143.0,144.25,58206,8350663.1,20-FEB-2023,585,INE448G01010,
NATIONALUM,EQ,80.5,81.65,80.3,81.35,81.35,80.45,6001314,486642091.55,20-FEB-2023,15504,INE139A01034,
NATNLSTEEL,BE,4.4,4.4,4.4,4.4,4.4,4.6,158,695.2,20-FEB-2023,5,INE088B01015,
NAUKRI,EQ,3532.6,3558.7,3475.5,3510.2,3515.25,3515.0,321907,1131563774.9,20-FEB-2023,27707,INE663F01024,
NAVA,EQ,266.8,269.0,256.5,258.5,258.95,265.25,849954,224079502.05,20-FEB-2023,14093,INE725A01022,
NAVINFLUOR,EQ,4182.75,4311.85,4120.1,4287.55,4283.7,4182.75,188751,803478871.75,20-FEB-2023,20071,INE048G01026,
NAVKARCORP,EQ,54.5,55.9,54.5,54.85,54.8,55.1,210699,11621935.75,20-FEB-2023,2099,INE278M01019,
NAVNETEDUL,EQ,100.6,106.5,100.4,103.1,103.0,100.05,327553,33984826.95,20-FEB-2023,6300,INE060A01024,
NAZARA,EQ,557.0,566.0,550.35,554.05,553.7,557.0,102277,57023713.75,20-FEB-2023,5739,INE418L01021,
NBCC,EQ,34.2,34.35,33.15,33.4,33.25,34.0,2624832,88091570.65,20-FEB-2023,6733,INE095N01031,
NBIFIN,EQ,1653.9,1654.0,1611.0,1616.55,1617.0,1604.9,39,63166.05,20-FEB-2023,18,INE365I01020,
NCC,EQ,92.15,92.2,90.0,90.75,90.7,91.8,1887908,171467929.25,20-FEB-2023,9861,INE868B01028,
NCLIND,EQ,177.5,178.15,174.0,174.75,174.05,177.5,38724,6792185.35,20-FEB-2023,1541,INE732C01016,
NDGL,EQ,1356.0,1389.8,1330.0,1335.5,1340.0,1356.4,65,87785.1,20-FEB-2023,22,INE756C01015,
NDL,EQ,21.5,22.65,20.6,20.8,20.75,21.6,95650,2042087.2,20-FEB-2023,896,INE875G01030,
NDRAUTO,EQ,626.15,642.45,621.65,625.65,627.0,625.5,6653,4173421.85,20-FEB-2023,823,INE07OG01012,
NDTV,EQ,221.5,222.8,206.35,209.3,209.05,217.2,575931,122767820.35,20-FEB-2023,9821,INE155G01029,
NECCLTD,EQ,23.5,23.75,23.0,23.15,23.05,23.45,62092,1454129.4,20-FEB-2023,363,INE553C01016,
NECLIFE,EQ,18.8,18.8,17.7,17.75,17.85,18.5,263526,4778241.25,20-FEB-2023,1032,INE023H01027,
NELCAST,EQ,106.6,107.5,103.15,105.3,104.4,106.0,452972,47572638.8,20-FEB-2023,6781,INE189I01024,
NELCO,EQ,618.15,622.45,605.45,612.85,613.85,618.1,34788,21366504.1,20-FEB-2023,2924,INE045B01015,
NEOGEN,EQ,1298.95,1300.0,1264.85,1278.0,1277.7,1272.75,20261,25862353.45,20-FEB-2023,3663,INE136S01016,
NESCO,EQ,565.0,574.35,554.9,559.55,560.0,562.15,82220,46016232.35,20-FEB-2023,8269,INE317F01035,
NESTLEIND,EQ,19030.0,19145.0,18780.0,18823.05,18827.0,19021.3,65311,1231935814.45,20-FEB-2023,19788,INE239A01016,
NETF,EQ,189.99,189.99,184.55,185.98,185.31,188.29,808,151641.44,20-FEB-2023,62,INF277K015R5,
NETWORK18,EQ,62.95,62.95,60.25,60.45,60.55,61.4,607655,36982326.35,20-FEB-2023,2775,INE870H01013,
NEULANDLAB,EQ,1631.9,1689.05,1607.25,1653.55,1662.0,1616.7,26858,44439745.85,20-FEB-2023,4288,INE794A01010,
NEWGEN,EQ,442.05,466.0,442.05,453.6,453.05,444.9,213234,97617605.85,20-FEB-2023,13400,INE619B01017,
NEXTMEDIA,BE,5.2,5.6,5.2,5.25,5.25,5.4,3007,15821.55,20-FEB-2023,15,INE747B01016,
NFL,EQ,64.4,65.7,63.1,64.35,64.3,64.1,4043460,260977175.0,20-FEB-2023,10993,INE870D01012,
NGIL,EQ,61.0,63.4,59.35,59.95,60.0,61.85,13669,827874.45,20-FEB-2023,160,INE236Y01012,
NGLFINE,EQ,1540.0,1543.8,1445.05,1450.8,1450.0,1542.0,5848,8608442.35,20-FEB-2023,1316,INE887E01022,
NH,EQ,730.75,737.25,725.0,729.95,727.5,728.0,194167,141831311.7,20-FEB-2023,3387,INE410P01011,
NHPC,EQ,39.8,40.0,38.75,39.0,38.95,40.0,8224954,323808398.0,20-FEB-2023,20980,INE848E01016,
NIACL,EQ,104.8,104.8,102.0,103.4,103.3,104.0,607869,62651473.05,20-FEB-2023,5873,INE470Y01017,
NIBL,EQ,19.25,19.25,18.45,18.55,18.5,18.8,3200,59601.0,20-FEB-2023,52,INE047O01014,
NIF100BEES,EQ,184.3,186.28,182.45,183.29,183.69,184.29,55162,10194716.28,20-FEB-2023,275,INF204K014N5,
NIFTYBEES,EQ,198.69,198.69,195.35,195.59,195.8,196.3,2447234,479970949.26,20-FEB-2023,31753,INF204KB14I2,
NIFTYQLITY,EQ,14.19,14.48,14.19,14.32,14.31,14.19,21171,304259.23,20-FEB-2023,200,INF209KB15K4,
NIITLTD,EQ,352.6,357.7,343.65,344.8,345.45,352.65,297321,103971811.0,20-FEB-2023,8031,INE161A01038,
NILAINFRA,EQ,6.1,6.25,6.0,6.05,6.0,6.05,79817,486293.95,20-FEB-2023,244,INE937C01029,
NILASPACES,EQ,2.9,2.95,2.9,2.9,2.9,2.95,99111,289150.85,20-FEB-2023,217,INE00S901012,
NILKAMAL,EQ,2004.95,2037.85,1936.15,1945.8,1940.0,2005.0,13910,27251950.55,20-FEB-2023,3069,INE310A01015,
NIPPOBATRY,EQ,335.5,335.5,325.6,331.05,332.5,330.15,3418,1131164.35,20-FEB-2023,483,INE567A01028,
NIRAJ,EQ,29.4,29.4,28.2,28.95,28.9,28.75,8077,231845.8,20-FEB-2023,142,INE368I01016,
NITCO,EQ,23.6,23.95,23.1,23.2,23.1,23.6,104401,2447105.5,20-FEB-2023,418,INE858F01012,
NITINSPIN,EQ,204.95,208.45,203.8,207.35,207.75,204.85,49422,10199779.2,20-FEB-2023,1712,INE229H01012,
NITIRAJ,EQ,75.9,75.9,72.15,72.45,72.45,73.95,1646,119947.95,20-FEB-2023,57,INE439T01012,
NKIND,EQ,32.8,36.0,32.8,34.05,33.8,36.15,514,17424.9,20-FEB-2023,20,INE542C01019,
NLCINDIA,EQ,78.1,78.5,77.0,78.0,78.05,78.1,915602,71424879.4,20-FEB-2023,4776,INE589A01014,
NMDC,EQ,122.15,122.15,118.0,118.7,118.95,121.2,8203135,977251350.1,20-FEB-2023,44122,INE584A01023,
NOCIL,EQ,234.55,234.55,222.55,228.15,226.5,223.1,488424,110776538.9,20-FEB-2023,8918,INE163A01018,
NOIDATOLL,EQ,6.95,7.0,6.75,7.0,7.0,6.8,66250,458346.45,20-FEB-2023,211,INE781B01015,
NORBTEAEXP,BE,9.35,9.35,9.35,9.35,9.35,9.35,1,9.35,20-FEB-2023,1,INE369C01017,
NOVARTIND,EQ,605.6,606.0,599.0,600.45,601.8,604.6,5438,3277737.45,20-FEB-2023,379,INE234A01025,
NPBET,EQ,210.0,213.96,210.0,211.26,211.5,212.86,236,50243.97,20-FEB-2023,48,INF277K010X4,
NRAIL,EQ,242.1,248.95,239.05,240.45,240.0,243.9,10414,2524139.5,20-FEB-2023,445,INE740D01017,
NRBBEARING,EQ,146.0,147.9,142.05,143.25,143.0,146.3,84838,12230806.95,20-FEB-2023,2508,INE349A01021,
NRL,EQ,116.45,116.45,111.2,111.95,112.8,114.15,20854,2356272.2,20-FEB-2023,396,INE0JM501013,
NSIL,EQ,2145.0,2158.0,2125.0,2139.5,2158.0,2140.35,696,1491895.1,20-FEB-2023,145,INE023A01030,
NSLNISP,BE,30.25,31.75,30.25,31.75,31.75,130.75,8765770,275512036.2,20-FEB-2023,5750,INE0NNS01018,
NTPC,EQ,167.7,170.0,167.25,167.9,168.0,168.05,6679716,1125852630.4,20-FEB-2023,40312,INE733E01010,
NUCLEUS,EQ,556.5,617.1,543.3,576.55,578.1,556.5,679879,395301520.95,20-FEB-2023,23233,INE096B01018,
NURECA,EQ,388.0,393.6,371.0,373.65,373.7,385.6,54005,20667376.65,20-FEB-2023,3100,INE0DSF01015,
NUVOCO,EQ,361.15,370.45,359.6,361.4,361.0,361.35,52729,19180147.7,20-FEB-2023,4162,INE118D01016,
NV20BEES,EQ,112.33,112.33,106.94,107.16,107.6,107.48,8876,954084.47,20-FEB-2023,119,INF204KB18I3,
NXTDIGITAL,BE,118.5,119.9,116.0,116.5,118.75,118.5,2070,241182.25,20-FEB-2023,47,INE353A01023,
NYKAA,EQ,141.0,149.6,140.05,143.65,144.4,139.4,32494890,4719842960.35,20-FEB-2023,174403,INE388Y01029,
OAL,EQ,383.95,387.75,380.0,382.8,380.95,383.95,3183,1217643.05,20-FEB-2023,272,INE959C01023,
OBCL,EQ,68.35,68.65,58.15,59.9,60.0,67.9,105309,6459138.75,20-FEB-2023,2663,INE426Z01016,
OBEROIRLTY,EQ,865.0,869.0,850.5,857.05,855.0,861.05,335159,288036832.65,20-FEB-2023,11582,INE093I01010,
OCCL,EQ,675.15,678.85,650.0,661.5,665.0,672.15,11504,7584176.85,20-FEB-2023,2824,INE321D01016,
OFSS,EQ,3243.85,3281.05,3225.05,3239.15,3230.05,3231.65,163396,532454756.25,20-FEB-2023,16941,INE881D01027,
OIL,EQ,263.0,263.8,254.9,259.15,258.15,260.8,1955276,504766083.05,20-FEB-2023,28061,INE274J01014,
OILCOUNTUB,EQ,14.9,15.35,14.25,14.4,14.25,14.9,7417,109162.6,20-FEB-2023,172,INE591A01010,
OLECTRA,EQ,424.7,425.8,408.0,413.85,410.0,422.55,248610,103389376.6,20-FEB-2023,10032,INE260D01016,
OMAXAUTO,BE,53.75,53.75,51.55,51.85,51.85,52.6,7549,394971.15,20-FEB-2023,74,INE090B01011,
OMAXE,EQ,60.4,60.4,58.5,58.9,59.7,59.6,13949,827525.3,20-FEB-2023,245,INE800H01010,
OMINFRAL,EQ,40.45,41.85,39.9,40.25,40.2,41.15,61207,2484106.05,20-FEB-2023,661,INE239D01028,
ONELIFECAP,EQ,13.6,13.6,12.85,12.9,12.85,13.0,13614,177703.2,20-FEB-2023,89,INE912L01015,
ONEPOINT,EQ,15.9,16.35,15.5,16.0,15.95,15.95,419893,6708376.7,20-FEB-2023,369,INE840Y01029,
ONGC,EQ,157.2,157.8,154.4,154.85,154.75,156.6,8348393,1302069663.3,20-FEB-2023,54200,INE213A01029,
ONMOBILE,EQ,74.4,74.4,72.0,72.45,72.2,74.05,468800,34137035.7,20-FEB-2023,4136,INE809I01019,
ONWARDTEC,EQ,300.9,305.55,297.65,298.9,298.0,302.7,4352,1311315.55,20-FEB-2023,403,INE229A01017,
OPTIEMUS,EQ,269.9,270.4,256.5,259.3,265.9,269.95,239984,62355593.3,20-FEB-2023,4684,INE350C01017,
ORBTEXP,EQ,141.75,144.45,141.7,143.45,142.0,142.3,2904,414295.6,20-FEB-2023,79,INE231G01010,
ORCHPHARMA,BE,429.0,430.0,406.65,429.2,430.0,420.15,10793,4570380.8,20-FEB-2023,221,INE191A01027,
ORICONENT,EQ,22.3,22.3,21.5,21.8,21.75,21.95,87707,1919279.85,20-FEB-2023,784,INE730A01022,
ORIENTABRA,EQ,26.0,26.2,25.25,25.3,25.25,25.8,39566,1010219.85,20-FEB-2023,379,INE569C01020,
ORIENTALTL,EQ,7.15,7.2,6.7,6.75,6.7,7.0,48090,331103.65,20-FEB-2023,313,INE998H01012,
ORIENTBELL,EQ,517.0,532.0,508.85,526.85,520.85,511.9,12263,6391635.55,20-FEB-2023,631,INE607D01018,
ORIENTCEM,EQ,120.3,120.85,117.7,118.8,119.0,120.35,268735,32043331.3,20-FEB-2023,5123,INE876N01018,
ORIENTELEC,EQ,276.1,284.05,273.35,278.55,277.55,274.95,329573,92083926.95,20-FEB-2023,8128,INE142Z01019,
ORIENTHOT,EQ,80.0,80.7,78.35,79.7,79.8,79.95,771571,61444981.7,20-FEB-2023,5873,INE750A01020,
ORIENTLTD,EQ,57.95,58.7,57.25,58.05,58.45,57.85,2690,156129.15,20-FEB-2023,100,INE609C01024,
ORIENTPPR,EQ,39.25,39.35,38.3,38.55,38.75,39.3,725149,28122008.6,20-FEB-2023,2964,INE592A01026,
ORISSAMINE,EQ,2590.0,2673.0,2544.75,2639.95,2632.95,2570.65,2777,7276754.4,20-FEB-2023,848,INE725E01024,
ORTINLAB,EQ,22.9,22.95,22.3,22.55,22.5,22.7,11840,268239.35,20-FEB-2023,113,INE749B01020,
OSIAHYPER,EQ,219.25,222.95,207.05,210.45,209.0,210.0,7583,1604059.0,20-FEB-2023,122,INE06IR01013,
OSWALAGRO,EQ,30.2,35.35,30.15,33.5,33.7,30.15,445754,15127701.0,20-FEB-2023,2998,INE142A01012,
PAGEIND,EQ,38878.15,39095.1,38370.9,38573.55,38570.0,38878.1,16664,644936567.3,20-FEB-2023,4889,INE761H01022,
PAISALO,EQ,62.7,64.5,61.0,63.95,63.6,61.45,2520366,160331876.6,20-FEB-2023,3063,INE420C01059,
PALASHSECU,BE,105.6,105.6,105.6,105.6,105.6,109.5,10,1056.0,20-FEB-2023,2,INE471W01019,
PALREDTEC,EQ,154.0,161.2,150.25,158.4,159.7,154.0,42599,6701354.35,20-FEB-2023,1349,INE218G01033,
PANACEABIO,EQ,123.9,124.55,121.5,122.1,122.3,123.95,39791,4890832.1,20-FEB-2023,1417,INE922B01023,
PANACHE,BE,79.45,79.45,79.45,79.45,79.45,83.6,3435,272910.75,20-FEB-2023,24,INE895W01019,
PANAMAPET,EQ,308.8,313.0,301.55,308.2,308.7,307.5,50510,15449352.65,20-FEB-2023,2430,INE305C01029,
PANSARI,EQ,86.0,86.2,82.7,86.2,86.2,78.4,7257,624052.6,20-FEB-2023,211,INE697V01011,
PAR,EQ,153.05,153.05,150.1,150.55,150.35,149.05,2146,323551.9,20-FEB-2023,122,INE04LG01015,
PARACABLES,BE,38.5,38.9,36.9,37.35,37.25,37.8,207367,7877972.8,20-FEB-2023,871,INE074B01023,
PARADEEP,EQ,56.5,56.65,55.55,55.7,55.8,56.3,988165,55264482.5,20-FEB-2023,5615,INE088F01024,
PARAGMILK,EQ,81.5,81.75,78.2,80.0,80.2,81.15,321684,25698047.55,20-FEB-2023,4830,INE883N01014,
PARAS,EQ,496.9,497.35,488.75,490.9,491.45,495.4,58137,28601061.4,20-FEB-2023,5140,INE045601015,
PARASPETRO,BE,0.85,0.9,0.8,0.85,0.9,0.85,191263,163426.7,20-FEB-2023,218,INE162C01024,
PARSVNATH,EQ,7.55,7.55,7.3,7.45,7.45,7.45,62346,463461.1,20-FEB-2023,267,INE561H01026,
PASUPTAC,EQ,29.5,29.8,28.7,28.85,28.95,29.3,48261,1401102.85,20-FEB-2023,486,INE818B01023,
PATANJALI,BE,928.0,963.0,928.0,939.8,944.9,919.8,653114,616469219.95,20-FEB-2023,16835,INE619A01035,
PATEL-RE,BE,0.4,0.4,0.35,0.35,0.35,0.4,1131518,401161.4,20-FEB-2023,473,INE244B20014,
PATELENG,EQ,13.95,13.95,13.55,13.7,13.8,13.8,1093675,15030127.95,20-FEB-2023,2073,INE244B01030,
PATINTLOG,EQ,13.1,13.2,12.85,12.95,13.0,13.05,58320,758008.2,20-FEB-2023,322,INE529D01014,
PAYTM,EQ,624.75,633.6,621.1,630.5,630.0,626.85,2184210,1374413425.25,20-FEB-2023,66437,INE982J01020,
PCBL,EQ,120.65,122.35,118.25,120.1,120.35,120.4,1502352,181602553.5,20-FEB-2023,19612,INE602A01031,
PCJEWELLER,EQ,24.75,24.75,24.75,24.75,24.75,26.05,281137,6958140.75,20-FEB-2023,1736,INE785M01013,
PDMJEPAPER,EQ,40.9,40.9,39.5,39.75,39.7,40.55,89836,3588645.25,20-FEB-2023,814,INE865T01018,
PDSL,EQ,349.7,351.0,335.0,336.95,339.95,343.65,66534,22815630.45,20-FEB-2023,8113,INE111Q01021,
PEARLPOLY,BE,22.7,22.9,21.7,22.0,22.25,22.7,22169,488286.05,20-FEB-2023,188,INE844A01013,
PEL,EQ,875.0,875.0,838.0,842.3,841.7,868.45,1109968,945877736.95,20-FEB-2023,28608,INE140A01024,
PENIND,EQ,77.0,81.0,75.3,80.25,80.7,73.5,6052285,475836558.75,20-FEB-2023,30980,INE932A01024,
PENINLAND,EQ,12.9,13.25,12.15,12.7,12.6,12.75,379055,4871690.8,20-FEB-2023,3348,INE138A01028,
PERSISTENT,EQ,4919.95,5095.0,4895.8,5062.05,5062.25,4910.35,698793,3526530560.6,20-FEB-2023,56325,INE262H01013,
PETRONET,EQ,219.0,219.5,214.75,215.8,215.45,218.6,1025116,222865144.35,20-FEB-2023,16422,INE347G01014,
PFC,EQ,149.3,149.4,146.8,147.25,147.5,148.5,3601393,532402000.65,20-FEB-2023,23242,INE134E01011,
PFIZER,EQ,3860.0,3878.9,3820.0,3827.3,3827.0,3860.4,5031,19304674.55,20-FEB-2023,1562,INE182A01018,
PFOCUS,EQ,69.6,70.0,66.4,68.05,68.5,68.9,46493,3143537.4,20-FEB-2023,602,INE367G01038,
PFS,EQ,15.7,15.95,15.6,15.7,15.6,15.7,260690,4101108.55,20-FEB-2023,591,INE560K01014,
PGEL,EQ,1340.0,1373.0,1290.0,1297.2,1299.0,1324.4,155492,207585710.1,20-FEB-2023,13674,INE457L01011,
PGHH,EQ,13799.25,13874.0,13622.0,13682.2,13700.0,13693.05,7060,96677931.9,20-FEB-2023,1777,INE179A01014,
PGHL,EQ,4616.4,4616.4,4557.85,4585.65,4590.0,4593.4,3307,15176490.35,20-FEB-2023,1411,INE199A01012,
PGIL,EQ,423.0,424.7,414.65,415.3,414.65,422.65,2987,1251380.65,20-FEB-2023,281,INE940H01014,
PHARMABEES,EQ,12.15,12.42,12.14,12.22,12.23,12.32,1848203,22576706.95,20-FEB-2023,6073,INF204KC1089,
PHOENIXLTD,EQ,1304.5,1316.85,1273.0,1297.55,1295.9,1300.0,180950,233784528.35,20-FEB-2023,20241,INE211B01039,
PIDILITIND,EQ,2341.85,2342.0,2306.8,2320.05,2320.0,2333.1,275669,638976453.1,20-FEB-2023,18016,INE318A01026,
PIIND,EQ,3295.0,3345.6,3245.25,3336.45,3335.5,3292.4,423559,1402882320.2,20-FEB-2023,36779,INE603J01030,
PILANIINVS,EQ,1790.1,1799.9,1784.0,1793.45,1796.15,1802.0,705,1265946.35,20-FEB-2023,114,INE417C01014,
PILITA,EQ,7.5,7.75,7.4,7.5,7.55,7.5,112110,853048.1,20-FEB-2023,361,INE600A01035,
PIONEEREMB,EQ,36.9,36.9,34.6,34.65,34.85,36.05,55479,1953386.65,20-FEB-2023,691,INE156C01018,
PITTIENG,EQ,310.9,313.95,305.6,307.0,306.8,309.0,113163,35040483.1,20-FEB-2023,4275,INE450D01021,
PIXTRANS,EQ,762.0,769.95,750.15,760.4,761.0,756.2,6337,4800597.6,20-FEB-2023,1153,INE751B01018,
PKTEA,BE,229.25,230.0,229.25,229.7,229.5,241.3,4230,971600.35,20-FEB-2023,124,INE431F01018,
PLASTIBLEN,EQ,167.0,167.0,164.25,164.4,164.65,164.7,2003,331152.45,20-FEB-2023,132,INE083C01022,
PNB,EQ,49.75,50.5,49.3,49.5,49.55,49.7,52556924,2617615648.4,20-FEB-2023,63048,INE160A01022,
PNBGILTS,EQ,61.5,61.75,60.6,60.85,61.0,61.1,94636,5780360.95,20-FEB-2023,1075,INE859A01011,
PNBHOUSING,EQ,593.75,600.95,576.6,580.85,581.55,593.75,659760,388690443.85,20-FEB-2023,16866,INE572E01012,
PNC,EQ,36.55,37.5,36.0,36.8,36.25,36.55,4618,169431.3,20-FEB-2023,191,INE392B01011,
PNCINFRA,EQ,316.45,324.0,311.1,313.35,312.0,315.15,432282,137098650.9,20-FEB-2023,15624,INE195J01029,
PODDARHOUS,EQ,145.55,146.95,138.2,138.2,138.2,145.45,7277,1019939.35,20-FEB-2023,648,INE888B01018,
PODDARMENT,EQ,265.0,273.95,265.0,269.15,269.0,268.4,2969,801045.75,20-FEB-2023,206,INE371C01013,
POKARNA,EQ,360.05,360.95,351.0,353.9,352.85,360.85,44421,15756140.8,20-FEB-2023,2276,INE637C01025,
POLICYBZR,EQ,484.8,494.5,482.05,490.45,490.05,484.8,890856,435157030.1,20-FEB-2023,29865,INE417T01026,
POLYCAB,EQ,3010.0,3037.5,2965.3,3002.65,3005.0,3014.8,218449,656041260.2,20-FEB-2023,18601,INE455K01017,
POLYMED,EQ,891.6,931.75,884.55,924.45,928.0,891.6,43806,40088382.65,20-FEB-2023,5508,INE205C01021,
POLYPLEX,EQ,1486.25,1494.95,1475.0,1485.45,1485.0,1478.85,45156,66954049.9,20-FEB-2023,4961,INE633B01018,
PONNIERODE,EQ,497.7,503.0,485.0,492.75,493.0,496.1,39780,19642078.8,20-FEB-2023,1939,INE838E01017,
POONAWALLA,EQ,315.5,319.6,310.5,312.0,311.0,314.3,1719493,540336390.2,20-FEB-2023,18422,INE511C01022,
POWERGRID,EQ,215.6,217.0,214.2,215.8,216.15,213.8,5131438,1107346856.95,20-FEB-2023,52334,INE752E01010,
POWERINDIA,EQ,3015.0,3040.05,2986.05,3014.4,3018.0,3003.1,9759,29390496.25,20-FEB-2023,3043,INE07Y701011,
POWERMECH,EQ,2150.25,2154.85,2068.05,2125.05,2126.0,2138.05,57396,120928189.55,20-FEB-2023,7232,INE211R01019,
PPAP,BE,199.85,200.0,195.0,195.85,195.1,197.5,5188,1022422.5,20-FEB-2023,54,INE095I01015,
PPL,EQ,158.95,158.95,156.6,157.7,157.5,158.95,38234,6024572.1,20-FEB-2023,1453,INE050001010,
PPLPHARMA,EQ,91.05,91.7,88.3,88.75,88.5,91.35,1893543,168913565.45,20-FEB-2023,10223,INE0DK501011,
PRAENG,EQ,13.1,13.25,12.4,12.65,12.6,12.9,191301,2439152.65,20-FEB-2023,1496,INE505C01016,
PRAJIND,EQ,363.5,363.7,355.0,356.05,356.9,361.9,183393,65657684.6,20-FEB-2023,6861,INE074A01025,
PRAKASH,EQ,59.0,59.55,58.0,58.2,58.2,59.05,226301,13242898.5,20-FEB-2023,1777,INE603A01013,
PRAKASHSTL,EQ,4.65,4.65,4.4,4.5,4.55,4.6,438570,1971335.0,20-FEB-2023,1071,INE696K01024,
PRAXIS,EQ,25.5,25.5,24.1,24.25,24.1,24.7,26309,641704.25,20-FEB-2023,214,INE546Y01022,
PRECAM,EQ,101.15,106.45,100.05,102.5,102.25,100.6,248440,25703884.25,20-FEB-2023,3190,INE484I01029,
PRECOT,EQ,153.0,153.4,146.85,148.95,147.15,150.45,4008,603230.8,20-FEB-2023,235,INE283A01014,
PRECWIRE,EQ,70.0,70.5,67.0,67.6,67.95,69.05,202899,13890208.2,20-FEB-2023,3629,INE372C01037,
PREMEXPLN,EQ,380.0,380.0,364.05,370.7,370.0,376.35,4191,1558018.7,20-FEB-2023,282,INE863B01011,
PREMIER,BE,2.9,2.9,2.7,2.75,2.75,2.8,5387,15054.8,20-FEB-2023,38,INE342A01018,
PREMIERPOL,EQ,88.65,90.45,85.7,89.0,89.5,88.95,4082,361113.55,20-FEB-2023,125,INE309M01012,
PRESSMN,EQ,62.3,62.5,60.8,62.5,62.5,59.55,57222,3568090.05,20-FEB-2023,237,INE980A01023,
PRESTIGE,EQ,433.25,439.4,427.55,437.35,437.0,433.25,493064,214615885.05,20-FEB-2023,10138,INE811K01011,
PRICOLLTD,EQ,201.25,206.5,197.45,205.6,206.0,199.25,3192061,648234118.5,20-FEB-2023,20988,INE726V01018,
PRIMESECU,EQ,98.65,99.9,96.5,98.5,99.8,97.1,12151,1191104.55,20-FEB-2023,192,INE032B01021,
PRINCEPIPE,EQ,575.0,582.45,572.45,575.7,576.0,573.8,94076,54250322.9,20-FEB-2023,6308,INE689W01016,
PRITI,BE,171.95,171.95,160.35,165.85,166.95,166.25,12834,2117681.7,20-FEB-2023,428,INE974Z01015,
PRITIKAUTO,EQ,16.9,16.9,16.3,16.4,16.5,16.7,97168,1608732.2,20-FEB-2023,369,INE583R01029,
PRIVISCL,EQ,985.0,998.0,955.1,975.25,965.5,1003.95,49025,47752071.75,20-FEB-2023,5309,INE959A01019,
PROZONINTU,EQ,26.3,26.3,25.5,25.8,25.9,25.9,267895,6934007.75,20-FEB-2023,1130,INE195N01013,
PRSMJOHNSN,EQ,104.95,106.0,102.3,103.0,102.7,104.7,157304,16366642.8,20-FEB-2023,4164,INE010A01011,
PRUDENT,EQ,890.7,900.0,862.05,881.85,882.0,883.65,13760,12166092.3,20-FEB-2023,3060,INE00F201020,
PSB,EQ,27.4,27.55,25.85,26.0,25.95,27.25,1740101,45903681.0,20-FEB-2023,5627,INE608A01012,
PSPPROJECT,EQ,681.5,684.85,666.35,672.6,671.8,681.5,40519,27343206.05,20-FEB-2023,3472,INE488V01015,
PSUBNKBEES,EQ,42.29,42.64,41.51,41.79,41.8,42.17,1594902,66831389.65,20-FEB-2023,12610,INF204KB16I7,
PTC,EQ,90.05,90.7,88.9,90.05,89.9,90.05,408541,36690527.85,20-FEB-2023,3462,INE877F01012,
PTL,EQ,31.95,31.95,31.5,31.6,31.65,31.65,27166,859594.0,20-FEB-2023,419,INE034D01049,
PUNJABCHEM,EQ,924.95,925.0,895.1,903.3,898.45,920.65,9077,8258641.55,20-FEB-2023,999,INE277B01014,
PURVA,EQ,87.0,87.2,84.65,85.0,85.0,86.65,66813,5725571.5,20-FEB-2023,1112,INE323I01011,
PVP,EQ,8.0,8.4,7.8,8.0,7.9,8.1,85974,691183.25,20-FEB-2023,309,INE362A01016,
PVR,EQ,1662.7,1694.15,1654.35,1658.6,1660.0,1655.4,311132,520093662.7,20-FEB-2023,17763,INE191H01014,
QGOLDHALF,EQ,47.6,48.19,47.41,48.15,48.16,47.67,21647,1036138.03,20-FEB-2023,217,INF082J01408,
QNIFTY,EQ,1901.01,1906.01,1888.31,1890.45,1890.0,1901.11,148,280377.0,20-FEB-2023,31,INF082J01028,
QUESS,EQ,378.0,381.2,370.35,373.35,375.1,377.55,237516,88664914.1,20-FEB-2023,9145,INE615P01015,
QUICKHEAL,EQ,153.65,154.35,150.0,150.45,152.35,153.6,40371,6110890.65,20-FEB-2023,2682,INE306L01010,
QUINTEGRA,BE,1.0,1.0,0.9,0.95,0.9,0.95,20533,20123.8,20-FEB-2023,36,INE033B01011,
RADHIKAJWE,EQ,183.4,192.2,178.8,188.15,188.85,183.05,165466,31269604.5,20-FEB-2023,2961,INE583V01013,
RADIANTCMS,EQ,99.65,99.7,97.5,98.2,98.65,97.7,29946,2950249.35,20-FEB-2023,1023,INE855R01021,
RADICO,EQ,1126.95,1132.95,1105.0,1108.95,1105.0,1124.05,71216,79472202.65,20-FEB-2023,6843,INE944F01028,
RADIOCITY,EQ,12.7,12.7,12.35,12.45,12.5,12.6,93119,1160659.95,20-FEB-2023,815,INE919I01024,
RAILTEL,EQ,115.75,115.9,111.65,112.5,112.25,115.35,619535,70411171.0,20-FEB-2023,6174,INE0DD101019,
RAIN,EQ,167.55,168.1,162.7,164.25,164.1,167.55,1656123,272431335.45,20-FEB-2023,11406,INE855B01025,
RAINBOW,EQ,780.0,780.0,718.5,745.9,745.0,777.05,336031,248167202.0,20-FEB-2023,26580,INE961O01016,
RAJESHEXPO,EQ,765.9,778.15,726.3,737.6,728.0,763.75,324908,243389345.8,20-FEB-2023,12143,INE343B01030,
RAJMET,EQ,13.35,13.6,13.1,13.4,13.5,13.35,77877,1040815.6,20-FEB-2023,587,INE00KV01022,
RAJRATAN,EQ,745.0,759.7,745.0,749.95,750.0,750.5,20035,15060790.1,20-FEB-2023,3902,INE451D01029,
RAJRILTD,BE,71.05,71.05,71.05,71.05,71.05,69.7,2066,146789.3,20-FEB-2023,31,INE533D01032,
RAJSREESUG,EQ,43.7,43.7,41.7,41.85,42.85,42.8,17083,721083.9,20-FEB-2023,317,INE562B01019,
RAJTV,BE,46.25,46.25,44.0,44.25,44.0,46.25,4558,202128.4,20-FEB-2023,54,INE952H01027,
RALLIS,EQ,208.55,209.85,205.0,205.75,205.2,208.7,133020,27538808.3,20-FEB-2023,3728,INE613A01020,
RAMANEWS,EQ,13.9,13.9,13.35,13.4,13.35,13.5,15491,207599.2,20-FEB-2023,90,INE278B01020,
RAMAPHO,EQ,220.8,220.8,204.5,206.1,205.7,207.8,24271,5038673.7,20-FEB-2023,999,INE809A01024,
RAMASTEEL,EQ,34.0,34.5,32.85,33.05,32.9,33.8,992766,33230935.7,20-FEB-2023,17112,INE230R01035,
RAMCOCEM,EQ,737.15,742.8,716.75,738.05,738.55,733.45,516579,378988024.05,20-FEB-2023,18469,INE331A01037,
RAMCOIND,EQ,141.5,142.45,138.5,138.6,139.0,142.5,63384,8868149.5,20-FEB-2023,1235,INE614A01028,
RAMCOSYS,EQ,217.5,218.05,213.4,215.25,214.55,216.5,43781,9423248.4,20-FEB-2023,2078,INE246B01019,
RAMKY,EQ,274.4,277.65,266.3,268.9,269.75,274.4,32419,8798316.5,20-FEB-2023,1512,INE874I01013,
RAMRAT,EQ,157.6,158.1,155.05,155.6,155.5,157.6,10730,1677920.7,20-FEB-2023,624,INE207E01023,
RANASUG,EQ,22.6,22.8,22.25,22.3,22.4,22.6,221574,4958363.2,20-FEB-2023,1143,INE625B01014,
RANEENGINE,EQ,209.5,212.9,207.0,208.3,209.8,209.15,6192,1294800.65,20-FEB-2023,212,INE222J01013,
RANEHOLDIN,EQ,964.7,974.4,955.9,958.4,963.0,964.7,21032,20219976.15,20-FEB-2023,1482,INE384A01010,
RATEGAIN,EQ,371.9,376.75,361.1,369.4,365.45,372.8,408446,150919759.8,20-FEB-2023,6656,INE0CLI01024,
RATNAMANI,EQ,2150.95,2213.0,2095.3,2103.45,2119.9,2105.15,87749,188015210.3,20-FEB-2023,11687,INE703B01027,
RAYMOND,EQ,1357.05,1364.65,1325.3,1332.75,1334.85,1352.9,108244,145027897.35,20-FEB-2023,7931,INE301A01014,
RBA,EQ,99.05,100.0,98.6,99.4,99.05,99.05,293454,29166972.25,20-FEB-2023,3409,INE07T201019,
RBL,EQ,705.7,710.3,696.4,698.85,696.4,704.45,7140,5010784.65,20-FEB-2023,687,INE244J01017,
RBLBANK,EQ,158.65,161.35,157.55,158.75,158.4,158.65,8544609,1363161393.35,20-FEB-2023,22424,INE976G01028,
RCF,EQ,111.2,112.0,108.5,109.3,109.1,111.15,2644407,291149246.75,20-FEB-2023,13864,INE027A01015,
RCOM,BE,1.8,1.8,1.7,1.75,1.8,1.75,2116119,3731147.5,20-FEB-2023,2965,INE330H01018,
RECLTD,EQ,115.95,116.0,113.25,113.55,113.55,115.6,7418836,847311041.65,20-FEB-2023,23962,INE020B01018,
REDINGTON,EQ,180.9,181.1,178.1,178.95,178.2,179.85,667737,119736853.85,20-FEB-2023,8852,INE891D01026,
REFEX,EQ,270.2,277.0,259.3,266.2,267.5,272.95,90548,24242781.4,20-FEB-2023,2678,INE056I01017,
REGENCERAM,BE,23.8,23.8,22.05,22.45,22.7,23.2,7711,171647.35,20-FEB-2023,74,INE277C01012,
RELAXO,EQ,777.0,780.4,770.0,770.75,770.9,779.1,99694,77055295.25,20-FEB-2023,9911,INE131B01039,
RELCAPITAL,BE,8.7,8.7,8.7,8.7,8.7,9.15,170624,1484428.8,20-FEB-2023,621,INE013A01015,
RELCHEMQ,EQ,146.95,146.95,139.0,139.75,139.3,142.8,1794,252820.55,20-FEB-2023,224,INE750D01016,
RELIANCE,EQ,2445.0,2449.75,2410.1,2414.4,2414.7,2440.2,4078245,9908416474.3,20-FEB-2023,169244,INE002A01018,
RELIGARE,EQ,150.7,153.55,146.7,149.15,149.0,150.2,484007,72385981.6,20-FEB-2023,5998,INE621H01010,
RELINFRA,EQ,127.5,127.7,122.65,123.65,123.3,127.05,1273097,158352522.55,20-FEB-2023,10714,INE036A01016,
REMSONSIND,EQ,224.75,224.75,216.35,219.95,216.35,219.3,7301,1611165.25,20-FEB-2023,200,INE474C01015,
RENUKA,EQ,47.4,47.55,46.25,46.55,46.6,47.4,3773150,176059549.85,20-FEB-2023,10393,INE087H01022,
REPCOHOME,EQ,216.0,220.0,214.05,214.75,215.4,214.65,135838,29435263.9,20-FEB-2023,4774,INE612J01015,
REPL,EQ,150.0,153.45,148.1,148.85,148.2,149.6,9600,1443880.5,20-FEB-2023,339,INE364Z01019,
REPRO,EQ,376.0,378.6,371.45,376.1,378.5,372.05,5292,1985123.4,20-FEB-2023,555,INE461B01014,
RESPONIND,EQ,128.0,128.45,125.65,126.2,126.0,126.8,4286,544412.8,20-FEB-2023,211,INE688D01026,
REVATHI,EQ,1153.5,1299.7,1145.75,1255.2,1253.0,1165.1,31533,39454072.6,20-FEB-2023,4897,INE617A01013,
RGL,EQ,93.65,96.05,92.0,92.85,92.65,94.85,99782,9308903.7,20-FEB-2023,1301,INE722H01024,
RHFL,EQ,2.95,2.95,2.85,2.9,2.85,2.9,383688,1116577.8,20-FEB-2023,622,INE217K01011,
RHIM,EQ,656.75,665.35,626.5,643.45,643.1,659.9,698380,445667237.1,20-FEB-2023,45648,INE743M01012,
RICOAUTO,EQ,73.2,74.85,72.55,73.6,73.6,73.2,641984,47361626.85,20-FEB-2023,5209,INE209B01025,
RIIL,EQ,867.65,872.0,847.5,849.3,849.2,866.75,107986,92433414.35,20-FEB-2023,4946,INE046A01015,
RITCO,EQ,151.8,151.8,140.55,142.8,141.8,147.65,16965,2485076.95,20-FEB-2023,2840,INE01EG01016,
RITES,EQ,340.0,343.7,329.15,330.45,330.4,336.5,336448,113408200.35,20-FEB-2023,10083,INE320J01015,
RKDL,EQ,14.9,15.15,14.7,14.85,14.8,15.1,8161,121212.0,20-FEB-2023,94,INE722J01012,
RKEC,EQ,62.65,63.6,58.8,60.2,61.3,63.5,18736,1143296.4,20-FEB-2023,225,INE786W01010,
RKFORGE,EQ,273.0,279.3,273.0,274.5,278.0,272.9,242143,66811731.95,20-FEB-2023,7532,INE399G01023,
RML,EQ,475.15,480.0,452.0,457.3,457.15,470.5,32718,15165345.7,20-FEB-2023,2853,INE050H01012,
ROHLTD,EQ,241.15,247.85,240.5,245.6,246.0,243.1,33303,8149743.65,20-FEB-2023,1654,INE283H01019,
ROLEXRINGS,EQ,1975.0,1999.0,1974.95,1976.75,1985.0,1975.05,19889,39417789.5,20-FEB-2023,4438,INE645S01016,
ROLLT,EQ,1.2,1.25,1.15,1.2,1.2,1.2,304255,355457.0,20-FEB-2023,188,INE927A01040,
ROML,BE,47.2,48.0,47.2,47.2,47.2,49.65,8792,415105.7,20-FEB-2023,118,INE294G01026,
ROSSARI,EQ,688.75,691.2,675.1,678.15,677.85,688.75,27284,18638872.45,20-FEB-2023,6661,INE02A801020,
ROSSELLIND,EQ,286.6,287.0,268.0,272.55,271.5,286.6,34987,9597222.2,20-FEB-2023,2465,INE847C01020,
ROTO,EQ,584.5,592.9,574.1,579.7,574.1,585.15,30950,18143661.8,20-FEB-2023,2206,INE535D01029,
ROUTE,EQ,1328.8,1360.9,1316.7,1325.95,1330.0,1328.8,260523,349527679.6,20-FEB-2023,20385,INE450U01017,
RPGLIFE,EQ,851.0,879.45,845.05,867.65,862.4,848.65,30272,26173355.85,20-FEB-2023,3898,INE105J01010,
RPOWER,EQ,11.15,11.2,10.75,10.95,11.0,11.05,11564588,126086959.35,20-FEB-2023,14439,INE614G01033,
RPPINFRA,EQ,43.55,43.55,41.65,41.8,42.0,43.65,75767,3190629.8,20-FEB-2023,1053,INE324L01013,
RPPL,EQ,168.8,168.8,161.0,162.6,161.5,164.3,13942,2287662.95,20-FEB-2023,1915,INE760W01015,
RPSGVENT,EQ,424.3,430.0,423.0,427.35,428.0,425.95,11471,4903895.25,20-FEB-2023,762,INE425Y01011,
RSSOFTWARE,EQ,24.5,25.45,24.5,25.05,24.85,24.8,16137,404231.7,20-FEB-2023,295,INE165B01029,
RSWM,EQ,154.7,156.35,150.9,154.2,153.0,153.85,74010,11329413.6,20-FEB-2023,2128,INE611A01016,
RSYSTEMS,EQ,256.5,256.5,250.45,253.15,253.7,254.1,25257,6394448.2,20-FEB-2023,703,INE411H01032,
RTNINDIA,EQ,40.95,40.95,39.85,40.1,40.35,39.85,783187,31439932.3,20-FEB-2023,3859,INE834M01019,
RTNPOWER,EQ,3.55,3.55,3.35,3.4,3.35,3.5,10306730,35349738.15,20-FEB-2023,4473,INE399K01017,
RUBYMILLS,EQ,188.45,188.55,183.55,184.65,184.3,188.55,10303,1912627.3,20-FEB-2023,313,INE301D01026,
RUCHINFRA,BE,9.5,9.5,9.05,9.15,9.15,9.25,41933,386177.65,20-FEB-2023,212,INE413B01023,
RUCHIRA,EQ,115.95,116.4,114.1,114.4,114.1,115.95,46045,5309465.15,20-FEB-2023,775,INE803H01014,
RUPA,EQ,231.25,231.25,220.2,222.85,223.75,230.15,179743,40488573.9,20-FEB-2023,6510,INE895B01021,
RUSHIL,EQ,345.05,345.05,335.15,340.8,338.5,343.1,24341,8275665.95,20-FEB-2023,1397,INE573K01017,
RUSTOMJEE,EQ,468.05,488.0,468.05,483.6,487.3,471.0,114034,54563745.9,20-FEB-2023,1571,INE263M01029,
RVHL,EQ,21.55,22.5,21.5,21.9,22.25,21.55,10550,232690.7,20-FEB-2023,106,INE09E501017,
RVNL,EQ,68.7,68.75,66.1,66.35,66.35,68.45,4067913,272519817.75,20-FEB-2023,24392,INE415G01027,
S&SPOWER,BE,32.1,32.1,32.1,32.1,32.1,30.6,868,27862.8,20-FEB-2023,13,INE902B01017,
SABEVENTS,EQ,3.4,3.55,3.4,3.55,3.55,3.55,658,2313.7,20-FEB-2023,2,INE860T01019,
SABTN,BE,1.6,1.65,1.6,1.65,1.65,1.6,5778,9445.1,20-FEB-2023,9,INE416A01036,
SADBHAV,BE,10.85,11.35,10.3,11.3,11.35,10.85,488617,5214946.7,20-FEB-2023,962,INE226H01026,
SADBHIN,EQ,4.6,4.6,4.0,4.35,4.25,4.45,370856,1544319.15,20-FEB-2023,717,INE764L01010,
SAFARI,EQ,1973.15,1998.0,1921.65,1957.45,1949.6,1953.6,35069,68992638.35,20-FEB-2023,6573,INE429E01023,
SAGARDEEP,EQ,25.25,26.5,24.9,25.5,26.2,25.3,27555,700056.55,20-FEB-2023,491,INE976T01013,
SAGCEM,EQ,220.0,223.0,217.8,219.95,219.9,218.05,105764,23299966.4,20-FEB-2023,4145,INE229C01021,
SAH,EQ,80.55,84.9,80.55,81.15,81.1,82.2,447791,36660051.05,20-FEB-2023,4396,INE035801013,
SAIL,EQ,86.0,86.6,84.9,86.05,86.2,86.15,12315939,1058087135.65,20-FEB-2023,29561,INE114A01011,
SAKAR,EQ,229.6,229.6,222.4,223.65,223.4,228.7,10145,2293127.55,20-FEB-2023,225,INE732S01012,
SAKHTISUG,EQ,21.65,23.0,21.5,21.55,21.85,21.75,192140,4230912.05,20-FEB-2023,756,INE623A01011,
SAKSOFT,EQ,151.0,151.7,146.0,147.5,146.0,150.3,397125,59159683.95,20-FEB-2023,7046,INE667G01023,
SAKUMA,EQ,13.9,13.95,13.4,13.45,13.4,13.75,380109,5155838.45,20-FEB-2023,808,INE190H01024,
SALASAR,EQ,46.45,46.45,44.5,45.0,45.0,46.1,314626,14239821.35,20-FEB-2023,1879,INE170V01027,
SALONA,EQ,243.4,243.4,236.9,237.35,237.35,244.1,162,38648.85,20-FEB-2023,34,INE498E01010,
SALSTEEL,EQ,18.15,18.3,17.2,17.7,17.7,17.7,330962,5929841.95,20-FEB-2023,1347,INE658G01014,
SALZERELEC,EQ,271.85,280.8,270.8,275.3,272.8,271.55,167863,46363084.75,20-FEB-2023,4481,INE457F01013,
SAMBHAAV,EQ,3.2,3.3,3.0,3.1,3.15,3.25,59273,182132.5,20-FEB-2023,151,INE699B01027,
SANCO,BE,8.3,8.7,7.9,7.9,8.0,8.3,6022,48513.45,20-FEB-2023,35,INE782L01012,
SANDESH,EQ,881.0,899.95,881.0,891.8,899.95,888.3,1099,977201.0,20-FEB-2023,302,INE583B01015,
SANDHAR,EQ,230.1,232.2,225.0,226.3,225.9,229.35,14328,3286100.5,20-FEB-2023,726,INE278H01035,
SANGAMIND,EQ,202.9,219.8,202.05,217.05,217.95,199.15,49090,10412798.0,20-FEB-2023,2982,INE495C01010,
SANGHIIND,EQ,56.0,56.65,54.3,54.75,55.0,56.0,148307,8169403.85,20-FEB-2023,1170,INE999B01013,
SANGHVIMOV,EQ,394.0,394.0,377.1,380.65,381.95,390.95,290374,110798785.85,20-FEB-2023,12586,INE989A01024,
SANGINITA,EQ,20.5,20.5,19.8,20.05,20.1,20.5,20139,404269.1,20-FEB-2023,94,INE753W01010,
SANOFI,EQ,5370.0,5454.0,5361.5,5406.3,5441.0,5361.5,11583,62502966.7,20-FEB-2023,2334,INE058A01010,
SANSERA,EQ,750.0,760.0,744.0,756.4,760.0,755.9,26089,19604783.0,20-FEB-2023,3894,INE953O01021,
SAPPHIRE,EQ,1180.0,1209.55,1160.2,1196.1,1206.0,1169.7,106553,126903948.3,20-FEB-2023,16776,INE806T01012,
SARDAEN,EQ,1110.95,1132.55,1095.0,1100.9,1100.0,1108.05,31906,35387092.25,20-FEB-2023,4735,INE385C01013,
SAREGAMA,EQ,331.0,332.9,326.25,328.4,329.0,331.3,69381,22798267.1,20-FEB-2023,6846,INE979A01025,
SARLAPOLY,EQ,38.55,38.7,37.8,37.95,37.9,38.3,26377,1004520.8,20-FEB-2023,403,INE453D01025,
SARVESHWAR,EQ,85.05,87.2,82.55,82.95,83.0,85.35,21181,1785223.4,20-FEB-2023,488,INE324X01018,
SASKEN,EQ,917.9,944.45,909.5,919.35,921.0,913.3,33853,31536553.95,20-FEB-2023,3174,INE231F01020,
SASTASUNDR,EQ,233.1,239.95,229.65,237.85,239.0,233.1,28642,6723131.7,20-FEB-2023,1239,INE019J01013,
SATHAISPAT,BE,2.5,2.65,2.45,2.45,2.45,2.55,40131,101526.55,20-FEB-2023,50,INE176C01016,
SATIA,EQ,122.2,124.15,122.0,122.45,122.65,121.85,87045,10694383.3,20-FEB-2023,1752,INE170E01023,
SATIN,EQ,143.1,144.7,133.0,134.9,135.0,137.7,120860,16395043.25,20-FEB-2023,4409,INE836B01017,
SATINDLTD,EQ,72.55,73.85,70.4,71.9,70.4,71.95,25379,1847087.35,20-FEB-2023,515,INE065D01027,
SBC,BE,16.5,16.5,15.75,16.45,16.45,15.75,795738,13073321.7,20-FEB-2023,1892,INE04AK01028,
SBCL,EQ,438.95,447.0,436.6,443.6,442.0,438.2,52347,23197417.4,20-FEB-2023,3702,INE386D01027,
SBGLP,EQ,211.15,219.0,210.25,216.85,219.0,210.3,9887,2123746.8,20-FEB-2023,909,INE05ST01010,
SBICARD,EQ,757.0,761.1,753.0,757.1,754.0,758.7,277435,210094826.15,20-FEB-2023,10503,INE018E01016,
SBIETFCON,EQ,74.35,74.79,73.51,74.09,74.0,74.26,962,71146.29,20-FEB-2023,82,INF200KA1X17,
SBIETFIT,EQ,323.28,328.82,321.98,324.6,325.0,323.28,4767,1548618.26,20-FEB-2023,225,INF200KA1S14,
SBIETFPB,EQ,210.99,210.99,208.3,208.78,208.5,210.09,1110,232421.83,20-FEB-2023,66,INF200KA1S22,
SBIETFQLTY,EQ,150.0,152.94,150.0,150.04,150.0,150.33,2893,434924.96,20-FEB-2023,49,INF200KA1WX6,
SBILIFE,EQ,1144.0,1170.65,1141.15,1158.4,1156.65,1149.7,488052,564784672.85,20-FEB-2023,23371,INE123W01016,
SBIN,EQ,532.0,533.95,522.15,525.15,525.45,531.0,12570032,6624234423.9,20-FEB-2023,207013,INE062A01020,
SCAPDVR,EQ,9.45,9.45,8.9,9.15,8.9,9.45,257684,2357997.35,20-FEB-2023,384,INE224E01036,
SCHAEFFLER,EQ,2968.0,2990.95,2915.55,2932.65,2935.0,2943.0,162566,477941795.8,20-FEB-2023,22495,INE513A01022,
SCHAND,EQ,176.15,181.75,176.15,180.8,180.9,179.2,21234,3828153.25,20-FEB-2023,810,INE807K01035,
SCHNEIDER,EQ,167.7,169.0,164.35,167.6,167.45,167.05,286061,47603420.55,20-FEB-2023,6629,INE839M01018,
SCI,EQ,119.8,120.3,116.0,116.7,116.8,119.1,531886,62508758.95,20-FEB-2023,4852,INE109A01011,
SCPL,EQ,537.0,539.95,531.0,534.0,535.0,528.85,3252,1742079.7,20-FEB-2023,557,INE501Y01019,
SDBL,EQ,120.0,122.45,117.75,119.8,119.25,119.35,184139,21960326.25,20-FEB-2023,4095,INE480C01020,
SDL24BEES,EQ,111.15,111.15,110.95,110.96,110.95,111.14,258,28659.07,20-FEB-2023,21,INF204KB18W4,
SDL26BEES,EQ,113.9,113.9,110.45,110.67,110.55,110.6,97900,10847159.53,20-FEB-2023,38,INF204KC1022,
SEAMECLTD,EQ,693.1,693.1,670.0,676.6,678.0,679.2,1632,1108247.8,20-FEB-2023,239,INE497B01018,
SECURCRED,EQ,27.95,29.5,27.3,27.45,27.45,27.25,521335,14636155.8,20-FEB-2023,1150,INE195Y01010,
SECURKLOUD,EQ,42.6,45.75,42.4,42.4,42.4,44.6,149601,6462110.8,20-FEB-2023,1230,INE650K01021,
SEJALLTD,BE,271.0,271.0,260.05,265.65,269.8,271.0,1670,438263.6,20-FEB-2023,35,INE955I01044,
SELAN,EQ,305.5,308.95,287.15,291.35,291.9,302.35,144543,42910589.6,20-FEB-2023,5060,INE818A01017,
SELMC,BE,264.25,264.25,264.25,264.25,264.25,269.65,6344,1676402.0,20-FEB-2023,71,INE105I01020,
SEPC,EQ,14.25,14.8,13.85,14.55,14.6,14.2,2512196,36316113.8,20-FEB-2023,2467,INE964H01014,
SEPOWER,EQ,13.7,14.3,13.35,13.65,13.8,13.75,13308,181488.35,20-FEB-2023,170,INE735M01018,
SEQUENT,EQ,68.65,70.0,68.25,68.7,68.5,69.05,605163,41766583.95,20-FEB-2023,7387,INE807F01027,
SERVOTECH,BE,40.85,42.0,39.8,40.7,40.45,40.3,64583,2660760.15,20-FEB-2023,533,INE782X01025,
SESHAPAPER,EQ,261.5,262.2,257.8,260.7,262.0,259.6,21928,5708815.8,20-FEB-2023,591,INE630A01024,
SETCO,EQ,9.45,9.6,9.15,9.25,9.15,9.45,79378,740589.55,20-FEB-2023,968,INE878E01021,
SETF10GILT,EQ,207.85,208.4,207.0,207.8,207.8,207.01,12962,2697853.95,20-FEB-2023,44,INF200KA1JT1,
SETFGOLD,EQ,49.59,49.78,49.51,49.71,49.78,49.22,197945,9825548.46,20-FEB-2023,1600,INF200KA16D8,
SETFNIF50,EQ,186.59,186.59,184.7,184.91,185.0,185.71,183094,33964396.5,20-FEB-2023,2156,INF200KA1FS1,
SETFNIFBK,EQ,416.0,416.0,407.83,409.14,409.34,413.15,65226,26773746.26,20-FEB-2023,1203,INF200KA1580,
SETFNN50,EQ,404.49,412.0,399.17,402.7,402.0,401.67,78677,31736133.19,20-FEB-2023,1320,INF200KA1598,
SETUINFRA,BE,1.15,1.15,1.15,1.15,1.15,1.2,45307,52103.05,20-FEB-2023,72,INE023M01027,
SEYAIND,BE,26.35,27.0,26.35,26.35,26.35,27.7,5886,155221.15,20-FEB-2023,35,INE573R01012,
SFL,EQ,1183.0,1183.0,1146.7,1156.85,1157.0,1172.1,13122,15236757.05,20-FEB-2023,3423,INE916U01025,
SGIL,EQ,130.5,130.5,127.0,127.2,127.0,127.6,3258,415395.7,20-FEB-2023,83,INE00QT01015,
SGL,EQ,15.0,15.4,13.8,13.9,13.9,14.9,36266,512916.35,20-FEB-2023,394,INE353H01010,
SHAHALLOYS,EQ,59.65,59.65,54.55,54.55,54.55,57.4,52447,2906764.65,20-FEB-2023,526,INE640C01011,
SHAILY,EQ,1240.0,1309.9,1240.0,1288.55,1248.0,1238.45,2696,3432777.7,20-FEB-2023,511,INE151G01010,
SHAKTIPUMP,EQ,413.65,419.4,410.0,415.4,417.3,413.65,34626,14386238.6,20-FEB-2023,2111,INE908D01010,
SHALBY,EQ,139.0,139.35,136.15,136.8,136.75,137.3,30533,4190462.0,20-FEB-2023,1064,INE597J01018,
SHALPAINTS,EQ,149.0,151.0,147.5,149.7,150.0,148.5,18916,2810575.65,20-FEB-2023,488,INE849C01026,
SHANKARA,EQ,712.5,712.5,700.8,709.6,707.0,702.0,20335,14362187.25,20-FEB-2023,1940,INE274V01019,
SHANTI,EQ,20.4,20.4,18.9,19.1,19.0,19.5,3496,67161.8,20-FEB-2023,41,INE933X01016,
SHANTIGEAR,EQ,334.0,337.2,331.0,331.7,331.05,333.7,10269,3427982.65,20-FEB-2023,754,INE631A01022,
SHARDACROP,EQ,481.2,481.2,471.0,472.65,472.7,477.55,51742,24467266.5,20-FEB-2023,4676,INE221J01015,
SHARDAMOTR,EQ,664.0,664.0,647.95,657.05,659.0,656.3,6270,4097504.2,20-FEB-2023,1014,INE597I01028,
SHAREINDIA,EQ,1202.2,1212.7,1191.6,1198.5,1191.6,1190.35,63111,75779444.5,20-FEB-2023,4137,INE932X01018,
SHARIABEES,EQ,417.97,417.97,410.52,413.78,411.9,412.68,895,370303.62,20-FEB-2023,61,INF732E01128,
SHEMAROO,EQ,123.15,128.5,123.0,126.05,126.3,122.8,34325,4323020.25,20-FEB-2023,738,INE363M01019,
SHILPAMED,EQ,291.0,293.0,268.85,272.35,274.0,295.95,2842966,790448486.9,20-FEB-2023,51644,INE790G01031,
SHIVALIK,EQ,672.0,687.45,660.0,670.85,673.3,679.6,6444,4315500.1,20-FEB-2023,520,INE788J01021,
SHIVAMAUTO,EQ,24.3,24.7,24.0,24.1,24.1,24.6,25848,625551.3,20-FEB-2023,321,INE637H01024,
SHIVAMILLS,EQ,83.75,86.65,83.05,84.3,83.05,85.95,4821,407148.35,20-FEB-2023,166,INE644Y01017,
SHIVATEX,EQ,121.4,121.95,115.1,115.6,115.15,119.0,13263,1551330.85,20-FEB-2023,325,INE705C01020,
SHK,EQ,115.65,115.65,113.0,113.2,113.35,115.65,65402,7469757.05,20-FEB-2023,2136,INE500L01026,
SHOPERSTOP,EQ,646.0,650.0,636.0,641.3,642.35,645.55,26441,17046016.0,20-FEB-2023,4085,INE498B01024,
SHRADHA,EQ,51.7,51.7,49.25,51.7,51.7,49.25,84448,4356926.1,20-FEB-2023,408,INE715Y01023,
SHREDIGCEM,EQ,66.95,68.25,66.05,67.4,67.3,67.7,236717,15893416.0,20-FEB-2023,3730,INE232A01011,
SHREECEM,EQ,25600.0,26925.95,25540.0,26512.9,26450.0,25757.4,187893,4987758479.8,20-FEB-2023,56319,INE070A01015,
SHREEPUSHK,EQ,174.5,181.9,173.05,179.05,180.0,172.55,29535,5265395.1,20-FEB-2023,954,INE712K01011,
SHREERAMA,EQ,10.15,10.7,10.15,10.25,10.35,10.15,25785,267199.15,20-FEB-2023,256,INE879A01019,
SHRENIK,EQ,1.2,1.2,1.1,1.2,1.15,1.2,1940859,2260372.15,20-FEB-2023,1074,INE632X01030,
SHREYANIND,EQ,158.25,164.0,157.45,159.4,160.0,157.0,37124,5976205.8,20-FEB-2023,966,INE231C01019,
SHREYAS,EQ,264.0,264.0,250.0,251.95,252.5,258.9,32353,8203716.55,20-FEB-2023,1569,INE757B01015,
SHRIPISTON,BE,1210.0,1218.0,1172.3,1202.85,1209.95,1199.0,370,445719.8,20-FEB-2023,60,INE526E01018,
SHRIRAMFIN,EQ,1258.8,1258.8,1234.2,1237.2,1235.5,1234.1,461821,574669548.0,20-FEB-2023,18941,INE721A01013,
SHRIRAMPPS,EQ,70.3,71.25,69.85,70.8,70.75,70.45,91313,6445137.6,20-FEB-2023,822,INE217L01019,
SHYAMCENT,EQ,19.5,19.6,18.6,18.7,18.65,19.1,183858,3478466.5,20-FEB-2023,1114,INE979R01011,
SHYAMMETL,EQ,290.75,292.2,287.05,290.2,289.5,290.75,96254,27816881.45,20-FEB-2023,4546,INE810G01011,
SHYAMTEL,EQ,9.15,9.15,8.5,8.55,9.0,8.75,2751,24079.05,20-FEB-2023,24,INE635A01023,
SIEMENS,EQ,3209.9,3241.95,3193.0,3196.95,3197.0,3194.95,338809,1089340180.7,20-FEB-2023,21768,INE003A01024,
SIGACHI,EQ,267.7,268.2,263.05,263.8,263.2,265.05,62534,16608864.2,20-FEB-2023,3854,INE0D0K01014,
SIGIND,EQ,38.15,39.4,37.0,37.2,37.2,38.3,27602,1043873.35,20-FEB-2023,669,INE529F01035,
SIKKO,BE,87.9,87.9,85.35,86.35,86.1,86.25,5046,437635.3,20-FEB-2023,241,INE112X01017,
SIL,BE,29.95,30.55,29.75,30.55,30.55,29.1,84746,2567434.55,20-FEB-2023,534,INE173A01025,
SILGO,EQ,20.4,20.9,19.9,19.95,20.0,20.4,25110,504811.75,20-FEB-2023,239,INE01II01013,
SILINV,EQ,320.0,320.0,302.1,303.45,310.0,312.15,398,123054.45,20-FEB-2023,86,INE923A01015,
SILLYMONKS,BE,21.7,22.05,21.7,22.0,22.0,21.7,2914,63680.2,20-FEB-2023,23,INE203Y01012,
SILVER,EQ,67.69,67.83,67.16,67.8,67.61,66.5,43507,2940511.51,20-FEB-2023,350,INF209KB19F6,
SILVERBEES,EQ,64.5,65.44,64.5,65.33,65.26,64.11,720404,46990587.02,20-FEB-2023,2439,INF204KC1402,
SILVERTUC,EQ,329.25,339.45,322.05,329.35,323.2,329.5,13588,4540294.75,20-FEB-2023,1302,INE625X01018,
SIMBHALS,EQ,22.1,22.8,21.55,22.35,22.6,22.1,42591,954852.55,20-FEB-2023,280,INE748T01016,
SIMPLEXINF,EQ,44.1,45.2,41.45,42.95,43.0,45.1,92476,3965511.65,20-FEB-2023,1169,INE059B01024,
SINTERCOM,BE,101.0,101.5,100.0,100.0,100.0,101.0,8943,905075.0,20-FEB-2023,6,INE129Z01016,
SIRCA,EQ,650.15,650.15,634.95,639.35,640.6,646.9,13333,8542482.15,20-FEB-2023,1668,INE792Z01011,
SIS,EQ,363.3,367.0,359.65,361.7,362.0,361.0,31001,11236925.4,20-FEB-2023,2951,INE285J01028,
SITINET,EQ,1.35,1.45,1.35,1.35,1.35,1.4,7678430,10546415.15,20-FEB-2023,1051,INE965H01011,
SIYSIL,EQ,465.6,468.5,465.05,466.45,467.0,465.6,50783,23711015.7,20-FEB-2023,5061,INE076B01028,
SJS,EQ,430.0,431.9,426.55,428.85,429.0,430.45,18381,7883284.8,20-FEB-2023,1527,INE284S01014,
SJVN,EQ,32.0,32.0,30.9,31.1,31.15,31.9,1716125,53512722.55,20-FEB-2023,6455,INE002L01015,
SKFINDIA,EQ,4463.95,4486.25,4436.2,4471.8,4474.0,4463.95,6296,28075433.9,20-FEB-2023,1920,INE640A01023,
SKIL,BE,2.75,2.75,2.75,2.75,2.75,2.65,35400,97350.0,20-FEB-2023,20,INE429F01012,
SKIPPER,EQ,99.3,101.0,94.5,95.65,95.5,98.3,137984,13480388.2,20-FEB-2023,2896,INE439E01022,
SKMEGGPROD,EQ,186.0,187.2,179.0,181.6,183.0,181.1,87830,16077953.1,20-FEB-2023,2828,INE411D01015,
SKYGOLD,EQ,308.9,311.05,301.1,301.8,301.1,307.85,15013,4582897.95,20-FEB-2023,970,INE01IU01018,
SMARTLINK,EQ,139.65,142.4,139.0,139.7,139.4,139.65,12915,1813927.4,20-FEB-2023,453,INE178C01020,
SMCGLOBAL,EQ,75.1,78.25,74.65,77.0,77.4,75.95,79142,6052642.1,20-FEB-2023,617,INE103C01036,
SMLISUZU,EQ,719.5,722.4,710.0,713.9,712.0,719.5,4368,3123342.15,20-FEB-2023,418,INE294B01019,
SMLT,EQ,179.8,181.1,169.1,171.25,170.7,176.15,97005,17047801.25,20-FEB-2023,3193,INE017W01010,
SMSLIFE,EQ,575.45,579.95,563.0,569.1,570.0,581.25,497,283510.6,20-FEB-2023,92,INE320X01016,
SMSPHARMA,EQ,70.65,71.5,70.5,71.1,71.0,70.65,11890,844294.65,20-FEB-2023,240,INE812G01025,
SNOWMAN,EQ,34.85,35.05,34.1,34.35,34.3,34.4,498227,17219821.45,20-FEB-2023,3397,INE734N01019,
SOBHA,EQ,591.2,597.8,584.95,588.8,586.05,588.25,44499,26211148.9,20-FEB-2023,3514,INE671H01015,
SOFTTECH,EQ,170.1,172.1,165.0,165.35,165.0,168.1,1651,274900.9,20-FEB-2023,76,INE728Z01015,
SOLARA,EQ,376.35,379.55,372.3,375.05,373.0,375.25,17614,6608103.35,20-FEB-2023,1476,INE624Z01016,
SOLARINDS,EQ,4044.75,4044.75,3952.0,3971.85,3965.0,4027.75,40048,159406117.9,20-FEB-2023,8566,INE343H01029,
SOMANYCERA,EQ,544.9,557.45,536.55,550.85,551.7,539.95,58280,32046150.95,20-FEB-2023,11329,INE355A01028,
SOMATEX,EQ,17.3,17.3,17.3,17.3,17.3,16.5,13193,228238.9,20-FEB-2023,47,INE314C01013,
SOMICONVEY,EQ,37.95,39.4,37.85,38.1,38.65,37.85,1539,58922.7,20-FEB-2023,48,INE323J01019,
SONACOMS,EQ,463.0,477.8,461.1,472.05,473.2,462.7,1169223,553146530.8,20-FEB-2023,36935,INE073K01018,
SONAMCLOCK,EQ,47.55,47.55,46.0,46.25,46.0,46.6,23487,1086768.85,20-FEB-2023,82,INE00LM01011,
SONATSOFTW,EQ,684.95,753.0,682.2,735.85,730.0,680.0,4343846,3204203697.45,20-FEB-2023,103904,INE269A01021,
SOTL,EQ,264.1,266.45,256.6,260.2,259.4,264.85,41216,10770356.85,20-FEB-2023,1914,INE035D01020,
SOUTHBANK,EQ,17.85,17.95,17.2,17.35,17.35,17.85,8290839,145923310.0,20-FEB-2023,15918,INE683A01023,
SOUTHWEST,EQ,116.95,116.95,112.8,113.7,112.8,114.1,26564,3057986.6,20-FEB-2023,152,INE980Y01015,
SPAL,EQ,298.3,314.6,298.0,309.5,305.35,294.0,45934,14145900.1,20-FEB-2023,5232,INE212I01016,
SPANDANA,EQ,599.5,599.5,575.15,578.9,577.0,590.65,24784,14484270.35,20-FEB-2023,3364,INE572J01011,
SPARC,EQ,202.3,203.95,192.35,193.65,193.65,202.4,771884,151302289.9,20-FEB-2023,9366,INE232I01014,
SPCENET,BE,20.95,20.95,19.9,20.0,20.05,20.95,150797,3017925.25,20-FEB-2023,411,INE970N01027,
SPECIALITY,EQ,216.1,217.65,210.2,211.95,212.5,216.75,84441,18037183.7,20-FEB-2023,4033,INE247M01014,
SPENCERS,EQ,65.65,65.7,63.9,64.15,64.25,64.85,48143,3107849.8,20-FEB-2023,994,INE020801028,
SPIC,EQ,69.65,70.2,68.1,68.35,68.45,69.4,576254,39753742.1,20-FEB-2023,3922,INE147A01011,
SPICEJET,EQ,37.5,39.3,37.3,38.35,37.95,37.55,6432677,247489438.1,20-FEB-2023,19327,INE285B01017,
SPLIL,EQ,63.6,64.1,60.8,61.8,61.25,63.65,36471,2288652.9,20-FEB-2023,759,INE978G01016,
SPLPETRO,EQ,378.0,381.4,368.1,370.15,370.0,380.75,46828,17521062.15,20-FEB-2023,4120,INE663A01033,
SPMLINFRA,EQ,24.6,25.7,24.1,24.15,24.25,25.35,49591,1212211.35,20-FEB-2023,347,INE937A01023,
SPORTKING,EQ,678.05,678.25,673.6,676.85,677.0,675.35,5156,3491839.4,20-FEB-2023,559,INE885H01011,
SPTL,EQ,2.7,2.7,2.7,2.7,2.7,2.85,1835468,4955763.6,20-FEB-2023,2131,INE501W01021,
SPYL,BE,0.5,0.55,0.5,0.5,0.5,0.55,27900,14670.0,20-FEB-2023,7,INE268L01020,
SREEL,EQ,181.9,187.7,179.0,182.5,182.0,179.85,23670,4327837.3,20-FEB-2023,1279,INE099F01013,
SRF,EQ,2320.0,2337.95,2300.0,2312.35,2309.7,2318.85,518037,1200812160.75,20-FEB-2023,24510,INE647A01010,
SRHHYPOLTD,EQ,465.05,468.85,440.55,447.5,444.9,463.8,22498,10214351.95,20-FEB-2023,1974,INE917H01012,
SRPL,EQ,56.75,57.0,51.1,52.2,52.45,56.75,84445,4503788.2,20-FEB-2023,817,INE008Z01012,
SSWL,EQ,152.8,157.2,152.8,155.0,156.9,154.55,70247,10922577.75,20-FEB-2023,2814,INE802C01033,
STAMPEDE,BE,1.0,1.0,1.0,1.0,1.0,1.0,101182,101182.0,20-FEB-2023,15,INE224E01028,
STAR,EQ,297.4,299.9,293.85,295.5,296.15,296.2,123530,36630991.7,20-FEB-2023,4542,INE939A01011,
STARCEMENT,EQ,114.25,115.15,110.1,110.8,110.4,113.6,274523,31001853.35,20-FEB-2023,3937,INE460H01021,
STARHEALTH,EQ,517.0,577.6,512.0,566.2,554.0,509.05,3534907,1931257432.45,20-FEB-2023,92938,INE575P01011,
STARPAPER,EQ,170.5,171.4,168.0,169.2,170.35,170.7,11889,2020886.7,20-FEB-2023,418,INE733A01018,
STARTECK,EQ,130.0,134.85,130.0,132.1,133.65,130.85,13656,1782280.75,20-FEB-2023,123,INE992I01013,
STCINDIA,EQ,77.65,78.35,76.5,76.5,76.5,77.75,16157,1249078.55,20-FEB-2023,325,INE655A01013,
STEELCAS,EQ,532.7,532.7,504.55,513.0,515.0,527.35,26703,13722970.7,20-FEB-2023,2395,INE124E01020,
STEELCITY,EQ,62.9,63.0,59.7,60.85,61.5,60.85,33752,2056888.45,20-FEB-2023,539,INE395H01011,
STEELXIND,EQ,14.75,15.05,14.25,14.9,14.95,14.65,1514037,22390221.35,20-FEB-2023,1331,INE503B01021,
STEL,EQ,136.5,137.9,135.0,137.2,137.9,135.5,4568,622934.35,20-FEB-2023,114,INE577L01016,
STERTOOLS,EQ,337.15,341.25,325.0,327.0,326.0,335.05,122484,40352478.65,20-FEB-2023,5238,INE334A01023,
STLTECH,EQ,171.1,172.0,169.15,170.15,170.15,171.3,244541,41753640.7,20-FEB-2023,3574,INE089C01029,
STOVEKRAFT,EQ,454.95,460.0,450.6,451.65,452.0,454.8,34257,15502204.25,20-FEB-2023,2438,INE00IN01015,
STYLAMIND,EQ,1103.0,1127.05,1096.55,1118.95,1113.95,1103.85,24975,27899339.8,20-FEB-2023,3651,INE239C01020,
STYRENIX,EQ,749.6,770.0,749.6,756.15,759.3,749.4,12561,9536903.2,20-FEB-2023,2122,INE189B01011,
SUBEXLTD,EQ,31.75,31.75,30.0,30.65,30.65,31.5,2533531,78247382.05,20-FEB-2023,6194,INE754A01055,
SUBROS,EQ,290.25,294.4,289.0,291.8,291.15,293.85,4471,1300991.5,20-FEB-2023,381,INE287B01021,
SUDARSCHEM,EQ,363.0,393.45,358.85,368.8,369.0,362.05,451403,171223797.5,20-FEB-2023,15245,INE659A01023,
SUKHJITS,EQ,396.7,405.0,394.85,398.05,401.55,400.05,1887,757416.75,20-FEB-2023,152,INE450E01011,
SULA,EQ,385.05,392.0,382.0,383.85,385.0,386.5,251765,97432865.3,20-FEB-2023,8460,INE142Q01026,
SUMEETINDS,BE,3.4,3.4,3.2,3.25,3.25,3.3,66451,218447.8,20-FEB-2023,90,INE235C01010,
SUMICHEM,EQ,430.2,482.0,430.15,475.7,472.9,427.95,5322779,2501945871.9,20-FEB-2023,95132,INE258G01013,
SUMIT,BE,35.7,35.7,34.25,35.0,35.0,35.7,16381,568795.0,20-FEB-2023,79,INE748Z01013,
SUMMITSEC,EQ,585.1,595.25,579.55,584.8,583.0,592.5,3535,2076684.15,20-FEB-2023,309,INE519C01017,
SUNCLAYLTD,EQ,4636.25,4688.0,4636.25,4653.05,4669.0,4666.2,2900,13502512.05,20-FEB-2023,675,INE105A01035,
SUNDARAM,EQ,2.65,2.65,2.45,2.55,2.5,2.65,855482,2189218.1,20-FEB-2023,527,INE108E01023,
SUNDARMFIN,EQ,2359.85,2359.85,2321.0,2327.75,2330.0,2353.25,43827,102020677.35,20-FEB-2023,1955,INE660A01013,
SUNDARMHLD,EQ,89.0,89.0,87.55,87.8,88.0,88.45,31065,2743631.7,20-FEB-2023,565,INE202Z01029,
SUNDRMBRAK,EQ,301.55,305.9,300.0,301.5,300.0,301.55,316,95418.6,20-FEB-2023,42,INE073D01013,
SUNDRMFAST,EQ,999.25,999.5,986.6,990.6,992.8,994.25,29018,28775869.15,20-FEB-2023,2513,INE387A01021,
SUNFLAG,EQ,143.8,151.0,138.65,140.35,139.0,143.35,2332669,341847581.75,20-FEB-2023,22871,INE947A01014,
SUNPHARMA,EQ,990.15,991.65,974.95,984.4,986.0,984.5,2157871,2122136783.5,20-FEB-2023,49694,INE044A01036,
SUNTECK,EQ,321.6,331.4,316.1,319.0,317.95,325.6,139354,45377617.1,20-FEB-2023,6054,INE805D01034,
SUNTV,EQ,451.55,455.85,448.25,450.4,450.65,454.35,263275,118717508.7,20-FEB-2023,7159,INE424H01027,
SUPERHOUSE,EQ,213.35,254.0,210.5,252.0,254.0,211.95,456543,111203195.3,20-FEB-2023,11793,INE712B01010,
SUPERSPIN,EQ,8.6,8.85,8.15,8.25,8.15,8.85,108763,926613.7,20-FEB-2023,1064,INE662A01027,
SUPRAJIT,EQ,364.5,364.5,352.0,356.2,355.1,359.15,197015,70365688.9,20-FEB-2023,9394,INE399C01030,
SUPREMEENG,EQ,1.1,1.1,1.05,1.05,1.1,1.1,158658,171330.3,20-FEB-2023,188,INE319Z01021,
SUPREMEIND,EQ,2762.2,2789.0,2647.0,2701.45,2700.5,2746.5,168235,452139406.15,20-FEB-2023,23117,INE195A01028,
SUPREMEINF,EQ,21.3,21.45,21.1,21.2,21.2,21.5,3172,67319.3,20-FEB-2023,28,INE550H01011,
SUPRIYA,EQ,218.0,221.25,211.5,213.25,214.1,219.8,346349,74237598.75,20-FEB-2023,8573,INE07RO01027,
SURANASOL,EQ,20.55,20.55,19.55,19.7,19.8,19.55,28009,555612.2,20-FEB-2023,586,INE272L01022,
SURANAT&P,EQ,9.4,9.9,9.25,9.6,9.6,9.4,90040,868064.35,20-FEB-2023,455,INE130B01031,
SURYALAXMI,EQ,53.9,54.1,52.95,53.15,53.0,53.85,5724,304927.25,20-FEB-2023,133,INE713B01026,
SURYAROSNI,EQ,698.0,705.95,670.0,674.85,676.9,694.55,265554,182022705.25,20-FEB-2023,13233,INE335A01012,
SURYODAY,EQ,104.0,104.95,100.0,100.9,101.35,104.05,475801,48237472.75,20-FEB-2023,5348,INE428Q01011,
SUTLEJTEX,EQ,51.0,51.0,48.5,49.15,49.05,50.4,65363,3243570.1,20-FEB-2023,1006,INE645H01027,
SUULD,EQ,23.55,24.45,22.4,22.4,22.4,23.55,744695,17108687.05,20-FEB-2023,2352,INE591Q01016,
SUVEN,EQ,58.4,58.8,57.8,57.85,57.9,58.55,92797,5394241.3,20-FEB-2023,878,INE495B01038,
SUVENPHAR,EQ,482.4,485.4,476.2,481.15,481.0,482.9,141716,68232400.2,20-FEB-2023,3872,INE03QK01018,
SUVIDHAA,EQ,4.45,4.45,4.2,4.25,4.2,4.4,83467,358197.05,20-FEB-2023,277,INE018401013,
SUZLON,EQ,8.9,9.1,8.45,8.55,8.6,8.9,118491096,1042566133.8,20-FEB-2023,38442,INE040H01021,
SVPGLOB,EQ,29.9,29.9,26.2,26.6,26.4,29.9,1491917,41741241.4,20-FEB-2023,3509,INE308E01029,
SWANENERGY,EQ,277.45,278.0,268.35,270.15,269.25,277.15,131600,35676844.95,20-FEB-2023,3647,INE665A01038,
SWARAJENG,EQ,1592.0,1607.45,1578.1,1587.55,1585.0,1591.1,2583,4116161.6,20-FEB-2023,664,INE277A01016,
SWELECTES,EQ,298.8,300.7,292.0,293.55,293.0,297.85,30359,8939006.95,20-FEB-2023,2109,INE409B01013,
SWSOLAR,EQ,298.25,301.6,293.0,293.95,293.15,298.2,159468,47260822.5,20-FEB-2023,6229,INE00M201021,
SYMPHONY,EQ,1070.0,1070.0,1040.0,1060.15,1058.0,1055.55,37826,40133264.3,20-FEB-2023,7141,INE225D01027,
SYNCOMF,EQ,7.15,7.15,6.2,6.9,6.95,7.1,1408373,9771555.05,20-FEB-2023,2511,INE312C01025,
SYNGENE,EQ,570.4,572.7,562.85,565.35,565.25,567.45,328716,186462790.65,20-FEB-2023,16180,INE398R01022,
SYRMA,EQ,261.95,263.55,257.0,258.25,258.5,260.95,167898,43696914.1,20-FEB-2023,7461,INE0DYJ01015,
TAINWALCHM,BE,103.0,107.95,103.0,104.0,104.0,105.35,3139,330394.9,20-FEB-2023,53,INE123C01018,
TAJGVK,EQ,183.0,184.2,179.95,180.5,181.95,184.25,109044,19751649.45,20-FEB-2023,4648,INE586B01026,
TAKE,EQ,19.6,19.7,18.95,19.0,19.1,19.55,214964,4123821.5,20-FEB-2023,1397,INE142I01023,
TALBROAUTO,EQ,486.8,499.75,476.6,478.0,477.95,482.05,66693,32339847.75,20-FEB-2023,5803,INE187D01011,
TANLA,EQ,674.95,682.0,655.6,665.2,665.0,675.2,444537,296392183.45,20-FEB-2023,17476,INE483C01032,
TARAPUR,EQ,4.05,4.05,4.05,4.05,4.05,4.05,1000,4050.0,20-FEB-2023,2,INE747K01017,
TARC,EQ,38.25,38.9,37.75,37.8,37.9,38.15,201778,7702592.4,20-FEB-2023,1154,INE0EK901012,
TARMAT,EQ,57.25,62.75,56.3,61.55,62.7,56.45,97130,5878893.5,20-FEB-2023,1398,INE924H01018,
TARSONS,EQ,624.0,624.1,606.05,611.2,609.0,623.0,59151,36308777.95,20-FEB-2023,6462,INE144Z01023,
TASTYBITE,EQ,9144.0,9195.0,8986.65,9106.7,9195.0,9081.65,609,5544287.7,20-FEB-2023,313,INE488B01017,
TATACHEM,EQ,1020.65,1025.7,1004.5,1010.95,1010.5,1018.85,598142,606385573.3,20-FEB-2023,32444,INE092A01019,
TATACOFFEE,EQ,209.1,210.7,208.7,209.35,209.85,210.85,195600,40984938.65,20-FEB-2023,3049,INE493A01027,
TATACOMM,EQ,1240.25,1258.0,1230.0,1238.25,1237.0,1240.25,236553,295313724.15,20-FEB-2023,12424,INE151A01013,
TATACONSUM,EQ,726.95,729.45,718.6,721.8,722.0,726.25,1316763,948997739.6,20-FEB-2023,33996,INE192A01025,
TATAELXSI,EQ,6666.05,6720.0,6625.0,6666.9,6659.95,6662.9,68365,456903366.65,20-FEB-2023,13927,INE670A01012,
TATAINVEST,EQ,2213.55,2233.2,2099.0,2107.05,2114.0,2213.35,94732,201044235.8,20-FEB-2023,16417,INE672A01018,
TATAMETALI,EQ,774.15,781.15,767.75,777.25,775.0,776.6,40225,31201819.2,20-FEB-2023,1799,INE056C01010,
TATAMOTORS,EQ,441.8,445.3,436.25,443.0,442.15,439.9,9717197,4288869342.4,20-FEB-2023,148264,INE155A01022,
TATAMTRDVR,EQ,221.6,223.5,220.1,221.85,221.5,221.55,1149479,255385241.7,20-FEB-2023,11665,IN9155A01020,
TATAPOWER,EQ,204.8,205.35,202.2,203.8,203.6,204.7,7780404,1582423951.7,20-FEB-2023,69011,INE245A01021,
TATASTEEL,EQ,112.3,112.7,111.05,112.35,112.55,112.25,19896764,2231699003.55,20-FEB-2023,105686,INE081A01020,
TATASTLLP,EQ,655.5,662.65,649.0,658.65,660.8,655.5,22401,14722083.8,20-FEB-2023,1386,INE674A01014,
TATVA,EQ,1992.0,2005.45,1949.85,1967.2,1973.0,1985.8,4167,8251681.3,20-FEB-2023,825,INE0GK401011,
TBZ,EQ,71.95,72.15,70.5,71.05,71.35,71.8,47205,3353540.25,20-FEB-2023,1176,INE760L01018,
TCI,EQ,650.0,655.0,636.65,649.3,652.95,642.8,25520,16516340.4,20-FEB-2023,3073,INE688A01022,
TCIEXP,EQ,1520.1,1551.35,1517.55,1533.6,1520.0,1520.1,9893,15210872.7,20-FEB-2023,2943,INE586V01016,
TCIFINANCE,BE,3.25,3.25,3.15,3.25,3.25,3.25,1919,6200.75,20-FEB-2023,12,INE911B01018,
TCNSBRANDS,EQ,494.9,497.95,465.0,467.55,466.9,501.6,136460,65421332.5,20-FEB-2023,7416,INE778U01029,
TCPLPACK,EQ,1372.0,1399.0,1370.1,1373.5,1371.3,1374.95,3676,5072563.65,20-FEB-2023,956,INE822C01015,
TCS,EQ,3502.0,3522.0,3475.05,3487.3,3492.0,3501.15,1296082,4527127582.25,20-FEB-2023,79179,INE467B01029,
TDPOWERSYS,EQ,138.8,140.0,136.0,136.6,136.55,138.15,337610,46586858.1,20-FEB-2023,6208,INE419M01027,
TEAMLEASE,EQ,2530.9,2533.45,2501.1,2518.3,2502.0,2517.65,4702,11857789.5,20-FEB-2023,1268,INE985S01024,
TECH,EQ,31.66,32.6,31.66,31.88,31.75,31.66,1894,60474.86,20-FEB-2023,123,INF209KB11D8,
TECHIN,EQ,8.95,9.1,8.45,8.55,8.5,8.65,8204,72178.85,20-FEB-2023,234,INE778A01021,
TECHM,EQ,1129.5,1156.85,1120.0,1144.2,1145.0,1129.2,4590531,5260812701.55,20-FEB-2023,131718,INE669C01036,
TECHNOE,EQ,366.4,367.95,352.2,355.8,352.5,361.65,162177,58370118.15,20-FEB-2023,8268,INE285K01026,
TEGA,EQ,643.8,645.45,637.0,640.5,637.15,636.65,20347,13034077.65,20-FEB-2023,1554,INE011K01018,
TEJASNET,EQ,614.4,617.0,596.25,601.95,600.5,611.65,930767,564203554.2,20-FEB-2023,28440,INE010J01012,
TEMBO,EQ,161.9,163.1,159.3,160.65,161.8,160.8,75751,12265997.4,20-FEB-2023,470,INE869Y01010,
TERASOFT,EQ,41.55,41.6,40.2,40.3,40.5,41.05,7325,297259.6,20-FEB-2023,196,INE482B01010,
TEXINFRA,EQ,54.0,55.45,53.75,54.15,54.2,54.75,6259,338921.2,20-FEB-2023,106,INE435C01024,
TEXMOPIPES,EQ,55.45,55.6,54.1,54.45,55.0,54.7,22692,1243468.3,20-FEB-2023,654,INE141K01013,
TEXRAIL,EQ,48.3,48.3,46.7,46.85,46.85,48.0,1057701,49957054.65,20-FEB-2023,7541,INE621L01012,
TFCILTD,EQ,73.0,73.65,72.3,72.4,72.35,73.2,214327,15581007.7,20-FEB-2023,1249,INE305A01015,
TFL,EQ,9.0,9.4,8.55,8.8,8.6,9.15,9514,85096.8,20-FEB-2023,67,INE804H01012,
TGBHOTELS,EQ,10.45,10.45,9.6,9.65,9.6,10.0,6520,63779.05,20-FEB-2023,89,INE797H01018,
THANGAMAYL,EQ,1014.6,1023.9,1005.0,1011.55,1005.0,1009.6,2336,2368877.9,20-FEB-2023,387,INE085J01014,
THEINVEST,EQ,86.0,86.0,83.0,83.3,83.0,85.35,5192,434170.7,20-FEB-2023,189,INE924D01017,
THEMISMED,EQ,1366.8,1369.85,1324.05,1335.1,1340.0,1346.6,2453,3288375.1,20-FEB-2023,566,INE083B01016,
THERMAX,EQ,2041.0,2045.1,2008.0,2015.2,2015.05,2046.65,63351,128118283.2,20-FEB-2023,4626,INE152A01029,
THOMASCOOK,EQ,66.15,66.7,64.3,64.8,65.1,66.15,263385,17141224.8,20-FEB-2023,2578,INE332A01027,
THOMASCOTT,BE,43.8,44.0,42.9,44.0,44.0,42.9,10,437.2,20-FEB-2023,6,INE480M01011,
THYROCARE,EQ,476.95,479.7,473.0,474.9,474.4,475.0,33509,15927919.05,20-FEB-2023,1738,INE594H01019,
TI,EQ,115.4,116.8,112.5,113.55,113.0,114.3,238654,27414430.8,20-FEB-2023,8077,INE133E01013,
TIDEWATER,EQ,991.0,991.0,967.5,969.7,971.9,981.45,16414,15988760.4,20-FEB-2023,1617,INE484C01030,
TIIL,EQ,1116.7,1120.95,1040.0,1051.2,1065.0,1105.65,38099,40650803.1,20-FEB-2023,3761,INE545H01011,
TIINDIA,EQ,2400.0,2485.0,2375.0,2471.4,2456.0,2421.65,324367,784736543.25,20-FEB-2023,18774,INE974X01010,
TIJARIA,BE,7.05,7.35,6.7,6.75,6.7,7.05,15359,105001.1,20-FEB-2023,41,INE440L01017,
TIL,BE,156.0,167.0,155.0,160.25,155.0,159.35,3511,562595.5,20-FEB-2023,76,INE806C01018,
TIMESGTY,EQ,47.55,48.65,46.4,47.4,47.9,47.55,2048,96950.25,20-FEB-2023,66,INE289C01025,
TIMETECHNO,EQ,87.55,87.7,83.2,83.9,83.7,87.1,657890,55969151.05,20-FEB-2023,5580,INE508G01029,
TIMKEN,EQ,3143.05,3198.0,3113.3,3147.05,3140.0,3155.9,62721,198135583.7,20-FEB-2023,9155,INE325A01013,
TINPLATE,EQ,325.5,326.3,319.5,324.7,324.0,323.2,107775,34881015.85,20-FEB-2023,3253,INE422C01014,
TIPSFILMS,EQ,420.0,429.6,404.0,408.05,413.0,413.7,4170,1720975.65,20-FEB-2023,448,INE0LQS01015,
TIPSINDLTD,EQ,1635.0,1650.0,1605.35,1618.95,1608.0,1640.45,6127,9959665.85,20-FEB-2023,1562,INE716B01011,
TIRUMALCHM,EQ,187.75,189.35,183.95,186.1,185.05,187.5,181122,33853366.45,20-FEB-2023,4103,INE338A01024,
TIRUPATIFL,EQ,14.25,14.65,14.05,14.35,14.15,14.25,149043,2134193.15,20-FEB-2023,773,INE319Y01024,
TITAN,EQ,2500.0,2507.25,2466.3,2474.15,2478.0,2500.3,460090,1143294476.4,20-FEB-2023,36989,INE280A01028,
TMB,EQ,452.0,454.7,445.95,451.75,452.85,443.75,53706,24202600.3,20-FEB-2023,4562,INE668A01016,
TNIDETF,EQ,56.9,57.11,56.2,56.66,56.9,56.75,3160,179150.24,20-FEB-2023,106,INF277KA1364,
TNPETRO,EQ,83.0,84.3,83.0,83.65,83.6,82.5,70835,5926880.65,20-FEB-2023,1192,INE148A01019,
TNPL,EQ,226.35,229.3,225.15,225.65,225.5,225.25,130719,29679630.15,20-FEB-2023,2402,INE107A01015,
TNTELE,BE,7.55,7.55,6.95,7.25,7.25,7.2,11988,84948.7,20-FEB-2023,42,INE141D01018,
TOKYOPLAST,EQ,93.0,93.7,92.65,93.05,93.0,92.75,980,91188.0,20-FEB-2023,41,INE932C01012,
TORNTPHARM,EQ,1492.95,1498.45,1471.9,1481.85,1479.3,1489.75,168588,249917298.45,20-FEB-2023,11487,INE685A01028,
TORNTPOWER,EQ,508.95,517.9,505.05,511.45,513.0,506.75,1255526,641294245.45,20-FEB-2023,25520,INE813H01021,
TOTAL,EQ,129.5,134.0,129.4,130.4,130.0,129.5,19632,2577070.1,20-FEB-2023,1270,INE336X01012,
TOUCHWOOD,BE,160.0,160.0,154.0,154.0,154.0,162.1,22243,3430574.0,20-FEB-2023,72,INE486Y01013,
TPLPLASTEH,EQ,33.7,33.7,32.6,32.65,32.8,32.6,16053,528642.6,20-FEB-2023,231,INE413G01022,
TRACXN,EQ,78.5,79.9,78.0,78.45,78.2,78.5,735171,58059717.55,20-FEB-2023,4511,INE0HMF01019,
TREEHOUSE,EQ,14.25,14.25,13.3,13.55,13.3,13.9,17253,237019.15,20-FEB-2023,148,INE040M01013,
TREJHARA,EQ,66.5,66.5,63.6,64.2,64.9,65.85,13915,903469.7,20-FEB-2023,483,INE00CA01015,
TRENT,EQ,1360.05,1363.9,1333.3,1343.85,1343.9,1360.65,390430,524359925.1,20-FEB-2023,20421,INE849A01020,
TRF,EQ,164.15,167.45,164.15,166.7,167.2,166.65,7082,1179868.7,20-FEB-2023,350,INE391D01019,
TRIDENT,EQ,31.85,32.5,31.5,31.95,31.95,31.7,5061329,161844042.35,20-FEB-2023,18555,INE064C01022,
TRIGYN,EQ,101.0,101.0,98.5,99.5,99.4,100.75,61509,6139472.75,20-FEB-2023,1696,INE948A01012,
TRIL,EQ,61.3,61.8,59.55,60.05,60.2,61.05,240249,14523615.65,20-FEB-2023,2383,INE763I01026,
TRITURBINE,EQ,285.85,305.9,284.95,299.85,298.65,284.4,3261690,970036594.15,20-FEB-2023,69607,INE152M01016,
TRIVENI,EQ,282.8,283.4,277.55,279.35,279.9,281.4,169151,47474613.6,20-FEB-2023,5003,INE256C01024,
TRU,EQ,61.55,61.9,60.2,60.7,60.5,60.95,198052,12056492.95,20-FEB-2023,1157,INE615R01029,
TTKHLTCARE,EQ,952.15,960.75,931.0,936.05,935.1,956.6,6389,6015318.1,20-FEB-2023,499,INE910C01018,
TTKPRESTIG,EQ,771.0,773.95,750.75,755.75,756.0,771.5,29881,22769336.6,20-FEB-2023,3746,INE690A01028,
TTL,EQ,73.0,76.15,73.0,74.25,74.45,73.7,8998,674253.0,20-FEB-2023,250,INE592B01016,
TTML,EQ,66.45,66.5,63.55,63.8,64.0,66.1,2332993,149609636.2,20-FEB-2023,16898,INE517B01013,
TV18BRDCST,EQ,33.5,33.8,32.3,32.5,32.45,33.45,3771213,123831006.25,20-FEB-2023,9110,INE886H01027,
TVSELECT,EQ,345.0,348.8,335.0,337.65,337.0,344.65,153696,52073893.3,20-FEB-2023,7284,INE236G01019,
TVSMOTOR,EQ,1104.95,1136.0,1104.55,1130.7,1133.0,1103.85,1635712,1843628957.3,20-FEB-2023,45929,INE494B01023,
TVSSRICHAK,EQ,2893.45,2925.85,2850.0,2896.4,2904.9,2879.05,5050,14568356.9,20-FEB-2023,1454,INE421C01016,
TVTODAY,EQ,218.5,219.55,215.05,216.65,217.2,218.05,199328,43154701.05,20-FEB-2023,5030,INE038F01029,
TVVISION,BE,2.55,2.55,2.55,2.55,2.55,2.45,5,12.75,20-FEB-2023,1,INE871L01013,
TWL,EQ,214.8,219.05,211.0,218.35,218.1,214.75,458183,99270649.15,20-FEB-2023,4955,INE615H01020,
UBL,EQ,1473.95,1479.15,1448.55,1459.1,1459.0,1475.95,378443,554493603.3,20-FEB-2023,23403,INE686F01025,
UCALFUEL,EQ,114.1,115.75,112.05,112.5,112.1,114.4,19615,2234120.5,20-FEB-2023,586,INE139B01016,
UCOBANK,EQ,26.25,26.65,25.1,25.45,25.35,26.15,10127892,261723802.3,20-FEB-2023,28758,INE691A01018,
UDAICEMENT,EQ,30.7,31.5,30.3,30.45,30.4,30.7,251747,7747504.0,20-FEB-2023,1182,INE225C01029,
UFLEX,EQ,484.4,488.85,480.0,486.1,485.4,486.3,70271,34015027.2,20-FEB-2023,3745,INE516A01017,
UFO,EQ,81.2,81.55,79.55,80.0,80.1,81.2,55610,4469738.7,20-FEB-2023,1021,INE527H01019,
UGARSUGAR,EQ,100.2,100.6,97.05,97.85,97.9,100.2,538487,53076262.15,20-FEB-2023,5520,INE071E01023,
UGROCAP,EQ,155.7,156.55,152.0,153.6,152.3,154.35,30398,4693861.4,20-FEB-2023,885,INE583D01011,
UJAAS,BE,1.85,1.95,1.85,1.95,1.95,1.9,201915,387804.3,20-FEB-2023,291,INE899L01022,
UJJIVAN,EQ,267.0,267.8,260.4,262.45,263.0,267.0,358105,94028936.4,20-FEB-2023,6198,INE334L01012,
UJJIVANSFB,EQ,27.5,27.85,27.15,27.3,27.35,27.4,3941385,108263084.2,20-FEB-2023,5271,INE551W01018,
ULTRACEMCO,EQ,7301.0,7492.0,7301.0,7426.85,7416.05,7297.85,713498,5278805591.85,20-FEB-2023,63717,INE481G01011,
UMAEXPORTS,EQ,45.6,46.0,44.45,44.85,44.6,45.6,31285,1407292.1,20-FEB-2023,723,INE0GIU01018,
UMANGDAIRY,EQ,60.15,60.95,60.15,60.65,60.5,60.05,4359,264030.05,20-FEB-2023,113,INE864B01027,
UMESLTD,EQ,4.1,4.3,3.95,4.1,4.1,4.1,27974,113925.85,20-FEB-2023,139,INE240C01028,
UNICHEMLAB,EQ,328.7,331.7,324.45,325.9,325.5,328.7,28045,9171647.3,20-FEB-2023,1945,INE351A01035,
UNIDT,EQ,234.5,234.5,225.0,228.5,228.6,227.1,13551,3087539.65,20-FEB-2023,950,INE961D01019,
UNIENTER,EQ,161.6,167.9,158.0,158.5,158.5,162.5,9327,1502635.45,20-FEB-2023,650,INE037A01022,
UNIINFO,EQ,19.35,19.85,19.1,19.1,19.1,19.35,2864,54973.4,20-FEB-2023,67,INE481Z01011,
UNIONBANK,EQ,71.0,71.6,69.9,70.4,70.25,70.9,5267372,371008620.15,20-FEB-2023,15413,INE692A01016,
UNIPARTS,EQ,575.0,581.45,566.05,569.3,571.85,573.55,244222,140079625.2,20-FEB-2023,12295,INE244O01017,
UNITEDPOLY,BE,105.9,105.9,98.1,98.9,100.0,102.15,3263,325946.35,20-FEB-2023,67,INE368U01011,
UNITEDTEA,EQ,279.0,279.0,275.1,275.15,275.1,275.15,294,81210.45,20-FEB-2023,35,INE458F01011,
UNIVASTU,EQ,93.95,93.95,89.1,90.2,89.45,90.45,15312,1391740.95,20-FEB-2023,474,INE562X01013,
UNIVCABLES,EQ,345.9,368.8,341.05,363.3,366.0,345.2,129204,46011654.65,20-FEB-2023,7622,INE279A01012,
UNIVPHOTO,EQ,424.25,424.25,404.85,406.5,406.0,424.75,1592,654250.8,20-FEB-2023,332,INE03V001013,
UNOMINDA,EQ,513.7,514.95,502.0,510.7,510.0,513.7,176232,89620485.3,20-FEB-2023,12410,INE405E01023,
UPL,EQ,762.0,769.75,755.0,757.95,757.9,770.15,1149759,876218856.05,20-FEB-2023,25554,INE628A01036,
URJA,EQ,8.7,8.75,8.55,8.6,8.6,8.7,1318142,11361632.05,20-FEB-2023,3509,INE550C01020,
USHAMART,EQ,182.85,184.45,178.4,180.65,179.25,181.95,799210,144291385.3,20-FEB-2023,9100,INE228A01035,
UTIAMC,EQ,690.0,694.0,662.0,670.3,672.7,688.4,445506,298450064.1,20-FEB-2023,10029,INE094J01016,
UTIBANKETF,EQ,41.88,43.02,41.0,41.49,43.02,41.39,17755,735285.72,20-FEB-2023,427,INF789F1AUV1,
UTINEXT50,EQ,40.65,40.89,40.02,40.49,40.44,40.59,58303,2369295.82,20-FEB-2023,477,INF789F1AUW9,
UTINIFTETF,EQ,1913.5,1953.25,1902.18,1908.45,1904.0,1913.24,11071,21160197.24,20-FEB-2023,327,INF789FB1X41,
UTISENSETF,EQ,647.16,652.89,645.01,647.83,647.92,646.07,3553,2307987.86,20-FEB-2023,116,INF789FB1X58,
UTISXN50,EQ,48.65,49.86,48.1,48.56,49.0,48.59,1875,91534.58,20-FEB-2023,85,INF789F1AUU3,
UTTAMSUGAR,EQ,258.0,259.65,252.45,254.4,254.9,257.25,37685,9617287.35,20-FEB-2023,2150,INE786F01031,
V2RETAIL,EQ,88.4,88.4,86.0,86.6,86.2,86.95,15150,1313058.65,20-FEB-2023,517,INE945H01013,
VADILALIND,EQ,2545.95,2594.7,2542.0,2550.75,2558.0,2545.95,9248,23679862.5,20-FEB-2023,1917,INE694D01016,
VAIBHAVGBL,EQ,324.05,345.15,323.25,335.6,336.0,322.85,565330,190254705.05,20-FEB-2023,20591,INE884A01027,
VAISHALI,EQ,161.0,169.25,160.0,163.65,163.9,154.85,947434,155877740.8,20-FEB-2023,13978,INE972X01014,
VAKRANGEE,EQ,23.55,23.65,23.15,23.25,23.25,23.55,1254938,29250266.85,20-FEB-2023,3154,INE051B01021,
VALIANTORG,EQ,427.7,427.7,417.5,420.7,421.8,423.45,21630,9104192.0,20-FEB-2023,2734,INE565V01010,
VARDHACRLC,EQ,51.05,51.85,50.0,50.3,50.5,51.0,11139,566483.4,20-FEB-2023,265,INE116G01013,
VARDMNPOLY,EQ,20.65,20.75,19.65,19.95,19.8,20.65,9502,192438.55,20-FEB-2023,193,INE835A01011,
VARROC,EQ,266.7,268.7,257.05,258.15,258.0,266.7,199038,51847683.25,20-FEB-2023,6486,INE665L01035,
VASCONEQ,EQ,31.8,32.4,31.2,31.6,31.35,31.8,431913,13687256.65,20-FEB-2023,1576,INE893I01013,
VASWANI,EQ,23.7,25.6,23.05,23.95,24.2,23.35,100857,2445243.4,20-FEB-2023,680,INE590L01019,
VBL,EQ,1289.9,1334.85,1287.05,1307.5,1311.0,1283.2,1808117,2378312737.3,20-FEB-2023,67661,INE200M01013,
VCL,EQ,3.0,3.05,2.8,2.85,2.85,2.95,568777,1622077.6,20-FEB-2023,1043,INE098201036,
VEDL,EQ,313.35,315.7,310.15,310.85,310.7,314.0,5264100,1645811008.4,20-FEB-2023,51793,INE205A01025,
VENKEYS,EQ,1749.6,1749.6,1703.1,1709.25,1712.0,1734.1,22467,38658405.6,20-FEB-2023,4015,INE398A01010,
VENUSPIPES,EQ,729.95,729.95,721.45,722.7,722.5,725.75,102108,73954488.25,20-FEB-2023,1404,INE0JA001018,
VENUSREM,EQ,151.85,151.85,146.85,148.25,148.05,149.65,21997,3270413.25,20-FEB-2023,751,INE411B01019,
VERANDA,EQ,204.6,207.45,201.2,205.4,206.5,202.85,37891,7734356.65,20-FEB-2023,1632,INE0IQ001011,
VERTOZ,BE,195.0,203.0,194.0,194.0,194.0,195.15,23042,4547479.3,20-FEB-2023,204,INE188Y01015,
VESUVIUS,EQ,1817.0,1817.0,1760.0,1790.85,1799.95,1791.75,15706,28195834.4,20-FEB-2023,2920,INE386A01015,
VETO,EQ,95.55,97.95,95.05,95.7,95.5,96.55,28671,2761663.85,20-FEB-2023,783,INE918N01018,
VGUARD,EQ,250.0,250.9,242.6,246.1,245.15,249.7,267654,66207137.65,20-FEB-2023,11631,INE951I01027,
VHL,EQ,2819.0,2819.0,2670.0,2720.6,2670.0,2755.55,685,1879006.9,20-FEB-2023,147,INE701A01023,
VIDHIING,EQ,322.0,334.9,322.0,330.4,330.1,324.35,33577,11119919.5,20-FEB-2023,1193,INE632C01026,
VIJAYA,EQ,413.95,414.95,400.2,401.75,402.6,413.9,51626,20829977.35,20-FEB-2023,6961,INE043W01024,
VIJIFIN,BE,2.75,2.75,2.65,2.65,2.7,2.7,35781,96323.8,20-FEB-2023,353,INE159N01027,
VIKASECO,EQ,3.05,3.1,2.9,3.0,3.0,3.05,5326398,16021303.5,20-FEB-2023,2585,INE806A01020,
VIKASLIFE,EQ,4.05,4.1,3.95,4.0,3.95,4.05,12769223,51618687.2,20-FEB-2023,4002,INE161L01027,
VIMTALABS,EQ,315.8,315.8,308.15,309.35,309.5,312.85,58912,18378549.35,20-FEB-2023,1229,INE579C01029,
VINATIORGA,EQ,1890.5,1890.5,1855.0,1864.75,1865.0,1878.8,23881,44491906.9,20-FEB-2023,4979,INE410B01037,
VINDHYATEL,EQ,1659.0,1661.95,1637.2,1646.1,1649.0,1659.0,4577,7533706.65,20-FEB-2023,572,INE707A01012,
VINEETLAB,EQ,54.5,55.95,54.0,55.1,54.0,54.95,11517,631334.95,20-FEB-2023,189,INE505Y01010,
VINNY,BE,285.0,288.85,283.0,288.85,288.85,275.1,99308,28659642.55,20-FEB-2023,674,INE01KI01019,
VINYLINDIA,EQ,385.0,385.0,365.75,367.35,367.0,380.65,28948,10786002.8,20-FEB-2023,1843,INE250B01029,
VIPCLOTHNG,EQ,42.8,42.95,41.6,42.2,42.0,42.8,95344,4028078.5,20-FEB-2023,698,INE450G01024,
VIPIND,EQ,666.95,674.8,656.95,661.65,669.0,665.05,56789,37891838.55,20-FEB-2023,4808,INE054A01027,
VIPULLTD,BE,13.65,13.65,12.8,13.35,13.35,13.35,26983,356986.35,20-FEB-2023,36,INE946H01037,
VISAKAIND,EQ,377.0,384.45,377.0,383.25,382.0,376.3,25112,9581618.2,20-FEB-2023,1081,INE392A01013,
VISASTEEL,BE,13.45,13.45,12.8,12.8,12.8,13.1,13535,174723.3,20-FEB-2023,80,INE286H01012,
VISESHINFO,BE,0.5,0.55,0.45,0.5,0.5,0.5,7783523,3763485.9,20-FEB-2023,3223,INE861A01058,
VISHAL,EQ,19.7,21.55,19.35,20.2,20.25,19.45,237321,4840628.65,20-FEB-2023,1438,INE755Q01025,
VISHNU,EQ,277.0,290.0,275.0,288.85,287.15,277.7,77669,22154608.1,20-FEB-2023,2453,INE270I01022,
VISHWARAJ,EQ,16.05,16.05,15.85,15.95,15.95,15.95,270132,4299191.35,20-FEB-2023,924,INE430N01022,
VIVIDHA,EQ,1.0,1.05,1.0,1.0,1.05,1.05,496450,502503.95,20-FEB-2023,1097,INE370E01029,
VLSFINANCE,EQ,165.7,169.65,162.0,163.75,162.0,164.85,57104,9462816.65,20-FEB-2023,1610,INE709A01018,
VMART,EQ,2510.0,2525.0,2430.0,2484.15,2510.0,2499.15,15183,37403771.65,20-FEB-2023,3708,INE665J01013,
VOLTAMP,EQ,2986.5,2995.1,2831.05,2854.85,2858.35,2986.5,17328,50329941.95,20-FEB-2023,4010,INE540H01012,
VOLTAS,EQ,859.7,882.8,850.35,873.05,875.0,855.1,1472792,1283818737.9,20-FEB-2023,47918,INE226A01021,
VRLLOG,EQ,541.0,563.0,531.3,557.6,560.0,539.95,227491,125304692.4,20-FEB-2023,11242,INE366I01010,
VSSL,EQ,355.1,355.1,341.2,343.4,342.5,352.65,125332,43520143.0,20-FEB-2023,7223,INE050M01012,
VSTIND,EQ,3137.0,3150.0,3100.0,3106.55,3100.0,3114.15,4239,13194806.3,20-FEB-2023,1063,INE710A01016,
VSTTILLERS,EQ,2194.1,2249.9,2177.0,2195.05,2189.2,2191.25,18377,40891089.7,20-FEB-2023,1590,INE764D01017,
VTL,EQ,314.05,316.2,307.65,310.7,310.1,313.5,100929,31498543.15,20-FEB-2023,8291,INE825A01020,
WABAG,EQ,331.7,333.65,325.05,326.35,327.0,330.35,109147,35923376.9,20-FEB-2023,3664,INE956G01038,
WALCHANNAG,EQ,62.9,63.55,61.1,61.8,62.0,61.75,65824,4116414.05,20-FEB-2023,781,INE711A01022,
WANBURY,BE,40.6,40.6,39.05,39.45,40.0,40.3,6585,261371.3,20-FEB-2023,42,INE107F01022,
WATERBASE,EQ,72.65,73.0,71.1,71.3,71.25,71.95,21350,1526333.45,20-FEB-2023,357,INE054C01015,
WEALTH,EQ,345.1,347.9,338.0,338.1,338.0,343.05,324,110194.75,20-FEB-2023,61,INE658T01017,
WEBELSOLAR,EQ,83.05,84.55,80.1,81.15,81.3,83.85,116667,9618623.7,20-FEB-2023,1893,INE855C01015,
WEIZMANIND,EQ,105.5,105.5,100.2,101.35,101.8,103.2,10080,1030404.8,20-FEB-2023,444,INE080A01014,
WEL,EQ,211.45,227.9,211.45,218.1,215.0,221.6,2827,620952.9,20-FEB-2023,130,INE02WG01016,
WELCORP,EQ,195.8,196.95,193.15,194.35,194.45,195.15,184146,35889388.95,20-FEB-2023,3349,INE191B01025,
WELENT,EQ,137.05,137.95,135.15,135.9,136.0,137.05,76487,10390686.5,20-FEB-2023,2101,INE625G01013,
WELINV,EQ,265.15,269.45,265.15,269.45,269.45,271.95,127,33831.2,20-FEB-2023,11,INE389K01018,
WELSPUNIND,EQ,71.15,71.85,69.8,70.65,71.0,71.15,319925,22553918.35,20-FEB-2023,2452,INE192B01031,
WENDT,EQ,8450.1,8789.0,8450.1,8662.8,8669.5,8554.1,1438,12504540.45,20-FEB-2023,531,INE274C01019,
WESTLIFE,EQ,679.0,684.8,661.5,666.2,666.0,676.65,87222,58253950.1,20-FEB-2023,8451,INE274F01020,
WEWIN,EQ,42.8,43.0,41.25,41.75,41.85,42.95,4569,192714.0,20-FEB-2023,138,INE082W01014,
WHEELS,EQ,527.25,532.75,522.1,523.35,523.0,530.05,5269,2775362.2,20-FEB-2023,626,INE715A01015,
WHIRLPOOL,EQ,1290.0,1306.75,1282.85,1296.7,1299.95,1286.7,73865,95570019.8,20-FEB-2023,8748,INE716A01013,
WILLAMAGOR,EQ,21.25,21.8,20.55,21.05,20.8,21.55,11982,253493.95,20-FEB-2023,140,INE210A01017,
WINDLAS,EQ,256.0,257.4,252.2,255.4,253.0,255.65,66652,17043919.05,20-FEB-2023,1534,INE0H5O01029,
WINDMACHIN,EQ,45.75,45.75,42.1,42.6,42.75,44.7,96038,4163854.95,20-FEB-2023,889,INE052A01021,
WINPRO,EQ,3.65,3.7,3.55,3.55,3.55,3.65,87902,314688.35,20-FEB-2023,172,INE974C01022,
WIPL,BE,94.0,95.35,90.0,90.05,90.05,91.2,2470,225999.05,20-FEB-2023,36,INE215F01023,
WIPRO,EQ,405.3,407.8,402.2,407.05,407.0,406.3,3248594,1318749737.35,20-FEB-2023,52559,INE075A01022,
WOCKPHARMA,EQ,190.95,194.4,187.05,188.9,189.0,190.65,453724,86096153.7,20-FEB-2023,9009,INE049B01025,
WONDERLA,EQ,430.05,439.9,419.5,423.2,423.8,426.7,248910,107175593.55,20-FEB-2023,7626,INE066O01014,
WORTH,EQ,103.0,104.25,101.45,102.0,102.6,103.3,8663,887100.8,20-FEB-2023,181,INE196Y01018,
WSI,BE,17.4,17.4,17.4,17.4,17.4,17.4,600,10440.0,20-FEB-2023,1,INE100D01014,
WSTCSTPAPR,EQ,505.9,507.95,498.1,500.5,499.9,503.45,80894,40682224.65,20-FEB-2023,3731,INE976A01021,
XCHANGING,EQ,60.0,61.45,59.45,60.0,59.75,60.3,94647,5699996.2,20-FEB-2023,1573,INE692G01013,
XELPMOC,EQ,139.15,140.45,134.0,135.5,135.0,135.65,18050,2469833.45,20-FEB-2023,965,INE01P501012,
XPROINDIA,EQ,587.4,587.8,549.0,553.05,551.15,581.6,20834,11642022.4,20-FEB-2023,2559,INE445C01015,
YAARI,EQ,13.8,13.8,13.1,13.3,13.35,13.8,268893,3602652.05,20-FEB-2023,1202,INE126M01010,
YESBANK,EQ,16.2,16.75,16.1,16.6,16.75,16.1,173752454,2860197876.45,20-FEB-2023,89477,INE528G01035,
YUKEN,EQ,546.0,546.0,530.65,538.55,540.0,538.65,1477,795313.4,20-FEB-2023,116,INE384C01016,
ZEEL,EQ,215.95,216.1,212.85,214.95,215.0,215.25,2142690,459785461.2,20-FEB-2023,18269,INE256A01028,
ZEELEARN,BE,4.25,4.25,4.25,4.25,4.25,4.45,197403,838962.75,20-FEB-2023,521,INE565L01011,
ZEEMEDIA,EQ,10.5,10.5,9.95,10.1,10.15,10.4,1857151,18929821.0,20-FEB-2023,2422,INE966H01019,
ZENITHEXPO,BE,98.6,98.6,98.6,98.6,98.6,93.95,379,37369.4,20-FEB-2023,11,INE058B01018,
ZENITHSTL,EQ,4.75,4.75,4.6,4.65,4.7,4.7,152587,711024.7,20-FEB-2023,346,INE318D01020,
ZENSARTECH,EQ,268.2,276.95,261.15,271.2,271.45,266.9,2617891,711681833.5,20-FEB-2023,30405,INE520A01027,
ZENTEC,EQ,239.05,253.0,239.05,251.35,252.9,235.5,3401265,845735059.45,20-FEB-2023,40377,INE251B01027,
ZFCVINDIA,EQ,10291.25,10374.6,10110.05,10189.6,10150.0,10233.95,3445,35370864.1,20-FEB-2023,1081,INE342J01019,
ZIMLAB,EQ,78.4,79.95,72.75,73.65,72.8,76.45,10492,789207.9,20-FEB-2023,493,INE518E01015,
ZODIAC,EQ,100.0,107.85,100.0,104.45,104.7,104.25,20377,2124580.3,20-FEB-2023,885,INE761Y01019,
ZODIACLOTH,EQ,91.55,94.2,90.25,92.3,93.25,91.8,29920,2749905.05,20-FEB-2023,504,INE206B01013,
ZOMATO,EQ,51.9,55.05,51.75,54.6,54.7,51.8,93315254,4999357024.8,20-FEB-2023,148386,INE758T01015,
ZOTA,EQ,306.0,315.6,305.1,305.95,308.0,312.65,5003,1542106.8,20-FEB-2023,640,INE358U01012,
ZUARI,EQ,144.5,146.7,141.4,142.35,143.0,145.0,46132,6658495.7,20-FEB-2023,1126,INE840M01016,
ZUARIIND,EQ,123.3,123.95,118.0,119.25,119.25,122.55,45850,5524914.45,20-FEB-2023,942,INE217A01012,
ZYDUSLIFE,EQ,473.35,473.35,461.75,464.45,466.75,470.65,738655,344752426.85,20-FEB-2023,15843,INE010B01027,
ZYDUSWELL,EQ,1459.0,1459.75,1440.95,1445.45,1444.05,1451.35,15578,22571514.85,20-FEB-2023,1989,INE768C01010,
