SYMBOL,SERIES,OPEN,HIGH,LOW,CLOSE,LAST,PREVCLOSE,TOTTRDQTY,TOTTRDVAL,TIMESTAMP,TOTALTRADES,ISIN,UNNAMED: 13
20MICRONS,EQ,29.15,29.4,28.5,28.6,28.5,29.15,49903,1429604.6,31-JUL-2020,774,INE144J01027,
21STCENMGM,EQ,10.05,10.45,10.05,10.4,10.45,10.25,8380,85549.2,31-JUL-2020,68,INE253B01015,
3IINFOTECH,EQ,2.45,2.5,2.35,2.4,2.4,2.45,2759633,6644268.1,31-JUL-2020,1440,INE748C01020,
3MINDIA,EQ,21301.0,21489.7,20971.3,21078.0,21100.05,21197.45,2040,43098707.35,31-JUL-2020,964,INE470A01017,
5PAISA,EQ,344.15,344.15,344.15,344.15,344.15,362.25,9336,3212984.4,31-JUL-2020,127,INE618L01018,
63MOONS,BE,69.3,70.85,69.0,70.05,70.4,69.55,8100,566940.65,31-JUL-2020,117,INE111B01023,
A2ZINFRA,EQ,4.2,4.2,3.95,4.0,4.0,4.1,430152,1728550.35,31-JUL-2020,428,INE619I01012,
AARTIDRUGS,EQ,1710.0,1750.0,1710.0,1740.25,1735.0,1707.7,110001,191419484.45,31-JUL-2020,6871,INE767A01016,
AARTIIND,EQ,956.0,995.0,950.45,990.4,991.0,965.35,547042,537441952.05,31-JUL-2020,22504,INE769A01020,
AARTISURF,BE,246.05,246.05,246.05,246.05,246.05,259.0,8580,2111109.0,31-JUL-2020,80,INE09EO01013,
AARVEEDEN,BE,10.0,10.6,10.0,10.0,10.0,10.25,5218,52461.9,31-JUL-2020,11,INE273D01019,
AARVI,EQ,30.4,32.5,30.4,31.5,31.5,32.0,32030,1008922.5,31-JUL-2020,3,INE754X01016,
AAVAS,EQ,1311.0,1379.0,1311.0,1370.45,1366.0,1309.75,124532,166922007.45,31-JUL-2020,3053,INE216P01012,
ABAN,EQ,24.1,24.6,23.1,23.35,23.6,24.1,47799,1128566.7,31-JUL-2020,508,INE421A01028,
ABB,EQ,870.5,897.4,865.5,894.95,896.5,865.15,151890,134625710.5,31-JUL-2020,5640,INE117A01022,
ABBOTINDIA,EQ,14905.0,15661.65,14905.0,15536.35,15550.0,14905.8,46384,707614255.55,31-JUL-2020,9778,INE358A01014,
ABCAPITAL,EQ,55.6,55.75,54.0,54.1,54.4,55.5,1656358,90308259.05,31-JUL-2020,10928,INE674K01013,
ABFRL,EQ,121.75,125.25,121.55,124.7,124.25,123.0,883162,109603902.95,31-JUL-2020,9212,INE647O01011,
ABMINTLTD,BE,13.3,13.3,13.3,13.3,13.3,12.7,50,665.0,31-JUL-2020,1,INE251C01017,
ABSLBANETF,EQ,212.7,213.01,212.0,213.01,213.01,217.0,18,3820.8,31-JUL-2020,6,INF209KB1O58,
ABSLNN50ET,EQ,271.0,271.0,261.13,265.57,264.0,262.87,50,13388.35,31-JUL-2020,5,INF209KB1B87,
ACC,EQ,1454.8,1454.9,1418.0,1425.45,1428.8,1447.2,940224,1345048618.0,31-JUL-2020,32256,INE012A01025,
ACCELYA,EQ,989.0,994.0,981.1,984.3,981.15,989.35,11277,11128870.6,31-JUL-2020,1299,INE793A01012,
ACE,EQ,57.15,57.6,55.8,56.35,56.55,57.15,207161,11736104.2,31-JUL-2020,1544,INE731H01025,
ADANIENT,EQ,174.0,178.65,172.1,175.25,175.45,175.05,2644458,464369718.4,31-JUL-2020,21574,INE423A01024,
ADANIGAS,EQ,152.5,155.6,150.8,153.75,153.0,152.15,1041568,159737746.1,31-JUL-2020,10185,INE399L01023,
ADANIGREEN,EQ,340.05,348.9,338.0,340.65,341.7,341.45,452663,155460842.95,31-JUL-2020,9848,INE364U01010,
ADANIPORTS,EQ,315.0,318.15,312.75,315.2,315.15,312.5,1945026,613558478.65,31-JUL-2020,26265,INE742F01042,
ADANIPOWER,EQ,35.95,36.25,35.1,35.4,35.4,35.5,3255265,115910508.4,31-JUL-2020,6990,INE814H01011,
ADANITRANS,EQ,244.6,245.0,232.8,235.85,236.5,244.4,539910,127587527.45,31-JUL-2020,6619,INE931S01010,
ADFFOODS,EQ,332.05,341.95,318.45,336.25,335.25,330.35,78996,26489244.45,31-JUL-2020,2906,INE982B01019,
ADHUNIKIND,BE,19.9,19.9,18.6,19.1,19.4,19.35,7468,142170.7,31-JUL-2020,77,INE452L01012,
ADORWELD,EQ,250.05,251.5,245.0,245.95,246.1,249.3,9988,2474612.5,31-JUL-2020,631,INE045A01017,
ADSL,EQ,19.35,19.35,18.55,18.55,18.55,19.5,86470,1611573.3,31-JUL-2020,209,INE102I01027,
ADVANIHOTR,EQ,40.1,40.95,39.45,40.4,40.5,40.7,5277,212378.8,31-JUL-2020,144,INE199C01026,
ADVENZYMES,EQ,185.0,194.65,182.0,190.1,189.8,182.45,1147534,217743805.15,31-JUL-2020,16562,INE837H01020,
AEGISCHEM,EQ,182.0,193.2,180.5,190.1,190.0,184.2,244299,45895641.45,31-JUL-2020,11383,INE208C01025,
AFFLE,EQ,1715.0,1715.0,1669.55,1688.55,1690.0,1682.35,27362,46160378.35,31-JUL-2020,3283,INE00WC01019,
AGARIND,EQ,79.2,83.15,76.35,80.95,79.5,79.2,33644,2692508.4,31-JUL-2020,460,INE204E01012,
AGCNET,EQ,327.45,339.0,320.0,323.35,324.0,327.45,1508,486937.0,31-JUL-2020,128,INE676A01019,
AGRITECH,BE,28.15,29.2,28.1,28.75,29.2,28.85,3478,99317.25,31-JUL-2020,38,INE449G01018,
AGROPHOS,EQ,9.15,9.6,8.7,9.15,9.2,9.15,71510,637112.35,31-JUL-2020,202,INE740V01019,
AHLEAST,EQ,138.05,142.25,138.05,140.3,138.25,140.3,507,70490.6,31-JUL-2020,40,INE926K01017,
AHLUCONT,EQ,215.1,220.65,213.7,217.1,217.15,218.95,8002,1732279.9,31-JUL-2020,534,INE758C01029,
AHLWEST,EQ,255.3,255.3,235.0,240.65,236.0,246.35,1909,457483.7,31-JUL-2020,229,INE915K01010,
AIAENG,EQ,1658.75,1690.0,1642.0,1654.15,1655.0,1659.95,15510,25777982.65,31-JUL-2020,1377,INE212H01026,
AIONJSW,EQ,13.0,13.3,12.7,13.05,13.0,13.0,197238,2571776.25,31-JUL-2020,884,INE743C01021,
AIRAN,BE,12.3,12.35,12.0,12.15,12.3,12.35,44064,534800.15,31-JUL-2020,100,INE645W01026,
AJANTPHARM,EQ,1517.0,1648.0,1490.05,1629.2,1638.0,1512.4,1125175,1779102913.45,31-JUL-2020,46027,INE031B01049,
AJMERA,EQ,76.95,76.95,73.9,74.6,74.2,76.1,33956,2555740.85,31-JUL-2020,653,INE298G01027,
AKASH,BE,162.5,163.25,158.0,162.75,162.5,160.25,2474,397160.25,31-JUL-2020,70,INE737W01013,
AKSHARCHEM,EQ,217.35,256.95,217.35,239.65,239.4,217.35,803203,195189261.8,31-JUL-2020,20099,INE542B01011,
AKSHOPTFBR,BE,5.05,5.1,4.8,4.95,5.0,4.95,231550,1140135.95,31-JUL-2020,327,INE523B01011,
AKZOINDIA,EQ,1889.95,1910.0,1863.95,1898.95,1895.0,1866.05,18335,34799857.65,31-JUL-2020,3054,INE133A01011,
ALANKIT,EQ,16.25,17.85,15.8,17.7,17.25,16.25,1027599,17631740.65,31-JUL-2020,1233,INE914E01040,
ALBERTDAVD,EQ,402.0,425.0,396.4,409.1,408.0,401.85,68296,28203724.55,31-JUL-2020,3417,INE155C01010,
ALCHEM,EQ,4.4,4.8,4.4,4.75,4.75,4.6,48758,227481.5,31-JUL-2020,160,INE964B01033,
ALEMBICLTD,EQ,79.65,81.0,78.4,79.2,78.9,78.95,925464,73959582.8,31-JUL-2020,6103,INE426A01027,
ALICON,EQ,249.7,250.05,243.25,248.15,248.15,250.2,2241,554106.4,31-JUL-2020,211,INE062D01024,
ALKALI,EQ,43.85,44.95,42.2,43.35,42.7,43.65,57476,2535095.3,31-JUL-2020,1265,INE773I01017,
ALKEM,EQ,2559.6,2718.35,2545.0,2662.1,2656.6,2545.5,450832,1189496363.1,31-JUL-2020,27149,INE540L01014,
ALKYLAMINE,EQ,2251.0,2280.0,2233.05,2249.2,2249.0,2257.35,18937,42702051.4,31-JUL-2020,2731,INE150B01021,
ALLCARGO,EQ,93.0,94.3,92.25,93.65,94.1,93.05,72281,6720686.4,31-JUL-2020,788,INE418H01029,
ALLSEC,EQ,195.5,195.5,190.3,192.55,195.5,194.55,2115,405743.55,31-JUL-2020,75,INE835G01018,
ALMONDZ,EQ,10.45,10.7,9.55,10.2,10.2,10.5,11793,118583.5,31-JUL-2020,53,INE326B01027,
ALOKINDS,EQ,34.8,34.8,33.2,34.8,34.8,33.15,41082807,1415885918.3,31-JUL-2020,67308,INE270A01029,
ALPA,EQ,24.55,25.4,24.1,25.1,24.9,23.95,464812,11537821.65,31-JUL-2020,1864,INE385I01010,
ALPHAGEO,EQ,172.0,172.0,163.65,166.15,167.0,168.6,8213,1364960.4,31-JUL-2020,411,INE137C01018,
ALPSINDUS,BE,1.2,1.2,1.15,1.15,1.15,1.2,503,596.35,31-JUL-2020,13,INE093B01015,
AMARAJABAT,EQ,703.75,713.65,695.25,709.2,711.0,698.75,1195579,842647031.85,31-JUL-2020,25460,INE885A01032,
AMBER,EQ,1495.0,1521.85,1465.9,1482.5,1473.4,1469.3,141356,209968514.5,31-JUL-2020,10354,INE371P01015,
AMBIKCO,EQ,664.05,669.0,652.6,656.55,655.0,665.15,1923,1270528.4,31-JUL-2020,243,INE540G01014,
AMBUJACEM,EQ,221.25,225.5,217.6,220.1,219.6,221.25,6638453,1468266875.7,31-JUL-2020,52538,INE079A01024,
AMDIND,EQ,13.5,14.3,13.05,13.8,13.6,13.6,24010,330649.9,31-JUL-2020,161,INE005I01014,
AMJLAND,EQ,18.35,19.0,16.1,16.85,16.55,18.3,23846,417590.95,31-JUL-2020,425,INE606A01024,
AMRUTANJAN,EQ,405.0,446.65,401.7,430.2,432.95,409.4,1454321,629583093.25,31-JUL-2020,30350,INE098F01031,
ANANTRAJ,EQ,21.6,21.65,21.25,21.4,21.3,21.6,167413,3587101.0,31-JUL-2020,391,INE242C01024,
ANDHRACEMT,BE,5.9,5.9,5.4,5.6,5.45,5.65,337016,1863881.3,31-JUL-2020,848,INE666E01012,
ANDHRAPAP,EQ,221.0,225.6,218.0,218.9,219.15,220.15,48922,10754958.25,31-JUL-2020,1334,INE435A01028,
ANDHRSUGAR,EQ,343.0,343.0,328.0,329.75,330.2,340.9,79643,26741075.8,31-JUL-2020,2822,INE715B01013,
ANIKINDS,EQ,13.55,13.6,13.15,13.3,13.5,13.6,4137,55194.0,31-JUL-2020,46,INE087B01017,
ANKITMETAL,BE,0.8,0.8,0.7,0.8,0.8,0.75,148064,116318.0,31-JUL-2020,54,INE106I01010,
ANSALAPI,BE,4.1,4.15,3.85,3.95,4.0,4.05,31983,126042.25,31-JUL-2020,55,INE436A01026,
ANSALHSG,BE,3.5,3.75,3.5,3.55,3.55,3.65,17018,61711.7,31-JUL-2020,29,INE880B01015,
ANUP,EQ,452.95,466.0,452.1,461.4,466.0,462.65,10451,4779953.7,31-JUL-2020,407,INE294Z01018,
APARINDS,EQ,305.0,306.4,300.35,302.35,302.9,303.7,15555,4713366.45,31-JUL-2020,972,INE372A01015,
APCL,EQ,141.45,143.1,139.1,142.4,142.0,141.9,9230,1304678.95,31-JUL-2020,202,INE071F01012,
APCOTEXIND,EQ,117.9,117.9,110.1,113.2,112.7,121.15,163068,18504011.8,31-JUL-2020,3774,INE116A01032,
APEX,EQ,228.85,235.9,223.95,226.9,227.7,227.6,255493,58585413.9,31-JUL-2020,5914,INE346W01013,
APLAPOLLO,EQ,1830.3,1862.6,1800.1,1841.0,1801.05,1821.15,70360,130341767.75,31-JUL-2020,5113,INE702C01019,
APLLTD,EQ,992.0,1004.95,977.5,985.05,981.0,986.5,665168,658763127.75,31-JUL-2020,19187,INE901L01018,
APOLLO,EQ,121.0,127.0,117.9,123.1,122.4,121.05,495849,61183682.9,31-JUL-2020,8984,INE713T01010,
APOLLOHOSP,EQ,1717.05,1717.05,1643.5,1674.6,1679.9,1716.15,885944,1486646692.35,31-JUL-2020,36306,INE437A01024,
APOLLOPIPE,EQ,342.15,342.15,328.7,335.5,335.65,339.5,25660,8571265.3,31-JUL-2020,1146,INE126J01016,
APOLLOTYRE,EQ,107.95,109.45,107.2,108.25,108.35,108.3,3424305,370577977.8,31-JUL-2020,16329,INE438A01022,
APOLSINHOT,EQ,522.0,522.0,500.0,511.2,510.0,501.2,236,120315.45,31-JUL-2020,78,INE451F01024,
APTECHT,EQ,109.9,112.9,108.55,109.6,109.25,108.55,305312,33802348.05,31-JUL-2020,4905,INE266F01018,
ARCHIDPLY,EQ,27.55,27.55,26.5,26.65,26.7,27.1,45596,1227647.15,31-JUL-2020,290,INE877I01016,
ARCHIES,EQ,11.55,11.55,11.1,11.3,11.25,11.2,10690,120109.4,31-JUL-2020,73,INE731A01020,
ARCOTECH,BE,2.15,2.3,2.1,2.25,2.25,2.2,325516,748581.2,31-JUL-2020,68,INE574I01035,
ARENTERP,EQ,10.6,11.2,10.2,11.05,11.05,10.7,689,7334.25,31-JUL-2020,31,INE610C01014,
ARIES,EQ,60.05,60.8,59.0,59.95,59.6,61.3,12624,755276.2,31-JUL-2020,200,INE298I01015,
ARIHANT,EQ,14.45,14.95,14.45,14.5,14.5,15.0,2242,33009.2,31-JUL-2020,7,INE413D01011,
ARIHANTSUP,BE,20.9,21.5,20.9,20.9,20.9,22.0,2152,44991.5,31-JUL-2020,24,INE643K01018,
ARMANFIN,EQ,445.0,458.95,445.0,455.3,457.0,453.1,9082,4106381.8,31-JUL-2020,420,INE109C01017,
AROGRANITE,EQ,22.9,23.95,22.9,23.6,23.9,23.4,10243,241927.15,31-JUL-2020,126,INE210C01013,
ARROWGREEN,BE,40.45,41.9,39.1,41.75,41.75,40.45,1497,61721.1,31-JUL-2020,22,INE570D01018,
ARSHIYA,BE,9.85,9.9,9.1,9.25,9.45,9.55,35719,334073.9,31-JUL-2020,99,INE968D01022,
ARSSINFRA,EQ,12.75,12.95,12.05,12.85,12.95,12.55,11275,139733.4,31-JUL-2020,92,INE267I01010,
ARTEMISMED,EQ,173.0,174.8,170.05,171.1,171.05,172.9,2162,372820.05,31-JUL-2020,22,INE025R01013,
ARVIND,EQ,29.0,29.2,28.35,28.7,28.7,29.15,624278,17896474.65,31-JUL-2020,2776,INE034A01011,
ARVINDFASN,EQ,126.8,126.8,121.9,122.6,122.6,127.15,150906,18602097.2,31-JUL-2020,4816,INE955V01021,
ARVSMART,EQ,80.2,81.45,78.0,78.45,78.9,81.5,74408,5898881.9,31-JUL-2020,1798,INE034S01021,
ASAHIINDIA,EQ,169.5,174.0,165.1,171.85,174.0,168.8,26648,4540229.7,31-JUL-2020,551,INE439A01020,
ASAHISONG,EQ,207.85,212.0,205.0,209.45,209.9,204.15,40236,8435879.15,31-JUL-2020,1103,INE228I01012,
ASAL,BE,19.35,19.35,18.4,19.0,19.0,19.3,2085,39096.5,31-JUL-2020,14,INE900C01027,
ASALCBR,EQ,224.0,226.05,220.05,224.5,225.5,221.4,31268,6988654.85,31-JUL-2020,1242,INE073G01016,
ASHAPURMIN,EQ,35.05,37.95,35.05,36.85,37.45,36.2,71146,2577328.45,31-JUL-2020,833,INE348A01023,
ASHIANA,EQ,60.5,61.15,58.65,59.3,60.0,60.5,19644,1174935.9,31-JUL-2020,619,INE365D01021,
ASHIMASYN,BE,5.0,5.45,5.0,5.05,5.0,5.2,24166,125014.45,31-JUL-2020,90,INE440A01010,
ASHOKA,EQ,52.25,52.7,50.0,50.55,50.75,51.9,1308987,66527391.05,31-JUL-2020,5544,INE442H01029,
ASHOKLEY,EQ,49.25,49.4,48.0,48.65,48.75,49.15,24647307,1196433920.9,31-JUL-2020,59380,INE208A01029,
ASIANHOTNR,EQ,54.3,55.6,53.55,54.15,53.95,54.35,3437,186171.75,31-JUL-2020,93,INE363A01022,
ASIANPAINT,EQ,1754.0,1770.9,1710.4,1715.5,1720.0,1743.35,1678643,2922735772.3,31-JUL-2020,70295,INE021A01026,
ASIANTILES,EQ,244.95,244.95,238.5,241.65,240.0,240.65,32717,7895027.7,31-JUL-2020,1420,INE022I01019,
ASPINWALL,EQ,117.75,121.95,116.2,116.65,117.0,118.5,1203,141275.3,31-JUL-2020,64,INE991I01015,
ASTEC,EQ,985.0,985.0,931.2,939.0,944.0,981.75,145059,138234751.2,31-JUL-2020,7277,INE563J01010,
ASTERDM,EQ,131.5,134.5,130.2,132.2,131.6,130.75,207693,27553309.4,31-JUL-2020,5347,INE914M01019,
ASTRAL,EQ,943.0,968.5,935.15,964.5,968.5,941.6,92888,89083707.15,31-JUL-2020,3912,INE006I01046,
ASTRAMICRO,EQ,107.5,107.5,105.55,106.3,106.85,107.15,372005,39568260.95,31-JUL-2020,3492,INE386C01029,
ASTRAZEN,EQ,3334.4,3350.0,3310.0,3336.95,3338.0,3317.45,35019,116754898.9,31-JUL-2020,4733,INE203A01020,
ASTRON,EQ,39.15,39.15,37.9,38.35,39.05,39.15,58681,2243935.8,31-JUL-2020,368,INE646X01014,
ATFL,EQ,587.0,601.55,565.6,593.9,586.0,589.9,20254,11859118.15,31-JUL-2020,1387,INE209A01019,
ATLANTA,EQ,9.0,9.3,9.0,9.25,9.25,9.1,11118,102209.85,31-JUL-2020,58,INE285H01022,
ATLASCYCLE,BE,45.25,46.95,45.25,46.55,46.0,47.6,8273,381124.0,31-JUL-2020,85,INE446A01025,
ATUL,EQ,5070.0,5120.0,5000.95,5053.95,5030.1,5091.2,18532,93972029.8,31-JUL-2020,4396,INE100A01010,
ATULAUTO,EQ,158.0,159.0,155.0,155.8,156.35,156.7,24514,3839340.35,31-JUL-2020,746,INE951D01028,
AUBANK,EQ,694.95,744.55,680.6,740.45,737.5,709.1,767573,556399513.1,31-JUL-2020,20025,INE949L01017,
AURIONPRO,EQ,47.05,48.75,46.05,46.35,46.65,47.7,6244,291543.3,31-JUL-2020,179,INE132H01018,
AUROPHARMA,EQ,821.0,881.0,820.0,874.6,875.5,820.75,7948319,6822154909.15,31-JUL-2020,147389,INE406A01037,
AUSOMENT,EQ,28.0,29.9,27.3,28.0,28.0,27.75,9495,265310.75,31-JUL-2020,323,INE218C01016,
AUTOAXLES,EQ,531.55,547.0,513.3,517.9,516.6,528.9,8312,4337545.85,31-JUL-2020,910,INE449A01011,
AUTOIND,BE,29.65,29.65,28.25,29.65,29.65,28.25,134420,3972691.85,31-JUL-2020,432,INE718H01014,
AUTOLITIND,EQ,19.25,19.35,18.55,18.9,19.0,18.45,21206,400478.5,31-JUL-2020,142,INE448A01013,
AVADHSUGAR,EQ,169.9,171.4,166.2,167.15,167.4,169.5,23441,3950019.35,31-JUL-2020,626,INE349W01017,
AVANTIFEED,EQ,442.9,452.0,436.0,446.7,447.75,440.5,334688,149112706.4,31-JUL-2020,9876,INE871C01038,
AVTNPL,EQ,39.4,39.95,37.0,37.75,37.9,38.65,578300,22242933.1,31-JUL-2020,3043,INE488D01021,
AXISBANK,EQ,429.0,434.45,421.3,431.65,432.9,425.85,27499643,11792993542.65,31-JUL-2020,231122,INE238A01034,
AXISCADES,EQ,55.0,55.05,52.75,53.35,53.9,55.5,37222,1984842.7,31-JUL-2020,572,INE555B01013,
AXISGOLD,EQ,46.9,47.0,46.1,46.75,46.8,46.2,285205,13278436.95,31-JUL-2020,2217,INF846K01W80,
AXISNIFTY,EQ,113.93,115.02,111.92,114.27,114.89,113.93,19982,2262614.45,31-JUL-2020,648,INF846K01W98,
AYMSYNTEX,EQ,21.5,22.45,21.0,22.0,22.0,21.7,10737,230979.7,31-JUL-2020,115,INE193B01039,
BAGFILMS,BE,2.35,2.35,2.2,2.25,2.35,2.25,47639,107481.9,31-JUL-2020,97,INE116D01028,
BAJAJ-AUTO,EQ,3068.85,3077.9,2991.6,3004.95,3000.0,3048.95,561196,1696393602.75,31-JUL-2020,35568,INE917I01010,
BAJAJCON,EQ,172.55,177.0,171.8,175.55,175.85,170.45,1499585,261484441.0,31-JUL-2020,17642,INE933K01021,
BAJAJELEC,EQ,434.45,435.95,420.1,424.65,422.0,429.15,164545,70532659.0,31-JUL-2020,5200,INE193E01025,
BAJAJFINSV,EQ,6220.0,6305.0,6120.0,6205.9,6213.0,6177.6,749710,4665468757.2,31-JUL-2020,67163,INE918I01018,
BAJAJHIND,EQ,5.7,5.7,5.55,5.6,5.6,5.7,2146084,12032261.9,31-JUL-2020,2182,INE306A01021,
BAJAJHLDNG,EQ,2658.0,2676.0,2602.55,2656.1,2635.5,2649.65,73788,193645010.35,31-JUL-2020,3925,INE118A01012,
BAJFINANCE,EQ,3236.0,3273.0,3181.25,3251.3,3258.0,3218.3,7235401,23388003254.3,31-JUL-2020,245994,INE296A01024,
BALAJITELE,EQ,82.65,89.3,78.75,87.6,84.8,81.2,657787,56644400.8,31-JUL-2020,5462,INE794B01026,
BALAMINES,EQ,569.0,574.8,560.0,570.45,567.25,567.3,177559,100952045.35,31-JUL-2020,6865,INE050E01027,
BALAXI,EQ,246.75,246.75,246.75,246.75,246.75,235.0,283,69830.25,31-JUL-2020,10,INE618N01014,
BALKRISHNA,BE,14.0,14.6,13.3,13.7,14.0,14.0,7009,97119.35,31-JUL-2020,39,INE875R01011,
BALKRISIND,EQ,1274.8,1327.0,1258.45,1322.05,1324.05,1264.65,1092599,1422545439.3,31-JUL-2020,40471,INE787D01026,
BALLARPUR,BE,2.4,2.4,2.4,2.4,2.4,2.3,922696,2214470.4,31-JUL-2020,210,INE294A01037,
BALMLAWRIE,EQ,112.0,112.4,109.95,110.3,110.5,111.2,138482,15339869.6,31-JUL-2020,2326,INE164A01016,
BALPHARMA,EQ,41.1,43.8,39.0,42.9,42.85,41.1,49542,2083015.2,31-JUL-2020,670,INE083D01012,
BALRAMCHIN,EQ,127.15,128.45,125.05,125.5,125.6,128.15,835495,105571143.2,31-JUL-2020,10033,INE119A01028,
BANARBEADS,EQ,42.7,42.8,40.6,41.0,40.65,41.35,8748,366285.0,31-JUL-2020,201,INE655B01011,
BANARISUG,EQ,1281.05,1296.7,1275.0,1276.0,1276.0,1282.25,689,882144.45,31-JUL-2020,190,INE459A01010,
BANCOINDIA,EQ,80.45,80.9,78.5,79.0,79.0,79.65,76486,6081026.65,31-JUL-2020,1206,INE213C01025,
BANDHANBNK,EQ,338.0,348.0,329.0,345.1,344.4,338.1,8836933,2978468440.85,31-JUL-2020,88657,INE545U01014,
BANG,EQ,16.0,16.0,15.25,15.8,15.3,15.7,4139,63810.35,31-JUL-2020,71,INE863I01016,
BANKBARODA,EQ,46.0,47.2,45.45,46.8,46.75,45.95,31805020,1475084157.5,31-JUL-2020,61627,INE028A01039,
BANKBEES,EQ,217.41,221.39,215.3,217.89,217.9,217.39,880454,191411677.95,31-JUL-2020,9160,INF204KB15I9,
BANKINDIA,EQ,46.5,47.7,45.7,47.05,47.1,46.35,2236543,104233730.85,31-JUL-2020,8944,INE084A01016,
BANSWRAS,EQ,61.0,63.0,60.4,61.15,60.75,62.0,23640,1451271.25,31-JUL-2020,441,INE629D01012,
BASF,EQ,1316.05,1340.0,1312.35,1332.85,1339.0,1321.9,25557,33836929.25,31-JUL-2020,2246,INE373A01013,
BASML,EQ,85.5,86.3,77.65,79.85,80.25,85.25,10996,904170.0,31-JUL-2020,534,INE186H01014,
BATAINDIA,EQ,1266.1,1282.0,1260.7,1268.05,1268.65,1262.1,549269,697706321.75,31-JUL-2020,18569,INE176A01028,
BAYERCROP,EQ,5625.55,5645.75,5532.0,5553.3,5555.0,5585.7,33338,185257312.9,31-JUL-2020,4119,INE462A01022,
BBL,EQ,759.05,770.0,741.0,746.3,744.15,759.1,7733,5811884.85,31-JUL-2020,583,INE464A01028,
BBTC,EQ,1239.0,1267.9,1235.0,1258.75,1266.95,1232.75,196387,246049562.6,31-JUL-2020,10824,INE050A01025,
BCG,BE,6.3,6.5,6.0,6.05,6.15,6.3,1253888,7644020.25,31-JUL-2020,1167,INE425B01027,
BCP,EQ,4.35,4.35,4.25,4.25,4.25,4.3,660066,2825943.4,31-JUL-2020,559,INE905P01028,
BDL,EQ,386.0,391.05,376.8,384.85,384.3,383.65,409979,157610492.8,31-JUL-2020,16458,INE171Z01018,
BEARDSELL,BE,7.4,7.4,7.4,7.4,7.4,7.4,500,3700.0,31-JUL-2020,1,INE520H01022,
BEDMUTHA,EQ,12.9,13.0,12.0,12.25,12.45,12.6,12901,159868.8,31-JUL-2020,65,INE844K01012,
BEL,EQ,95.8,96.75,93.75,95.85,96.2,95.65,14677625,1398673527.4,31-JUL-2020,62192,INE263A01024,
BEML,EQ,647.95,647.95,635.0,640.6,639.95,647.0,241283,154389251.25,31-JUL-2020,8202,INE258A01016,
BEPL,EQ,44.5,44.8,42.65,42.9,42.9,44.45,345455,15039269.45,31-JUL-2020,2490,INE922A01025,
BERGEPAINT,EQ,530.0,531.45,522.85,526.5,526.0,526.4,698172,368258140.8,31-JUL-2020,17240,INE463A01038,
BFINVEST,EQ,307.05,307.05,295.1,297.45,297.0,305.7,22466,6756280.85,31-JUL-2020,1274,INE878K01010,
BFUTILITIE,EQ,222.9,223.05,216.0,218.45,218.65,222.1,108847,23806363.65,31-JUL-2020,3615,INE243D01012,
BGRENERGY,BE,38.55,41.6,38.55,39.7,40.2,39.8,63603,2560135.55,31-JUL-2020,413,INE661I01014,
BHAGERIA,EQ,120.0,122.05,118.1,119.7,120.9,119.75,26351,3167497.55,31-JUL-2020,906,INE354C01027,
BHAGYANGR,EQ,15.55,16.55,15.3,15.5,15.3,15.85,8111,127110.0,31-JUL-2020,82,INE458B01036,
BHAGYAPROP,EQ,24.2,24.7,22.2,22.85,22.55,24.05,48042,1130072.0,31-JUL-2020,458,INE363W01018,
BHANDARI,EQ,1.2,1.25,1.15,1.25,1.25,1.2,127383,157400.85,31-JUL-2020,106,INE474E01029,
BHARATFORG,EQ,385.3,389.6,380.15,381.95,381.55,385.25,2639052,1012149468.1,31-JUL-2020,33386,INE465A01025,
BHARATGEAR,EQ,40.25,40.8,38.25,39.5,39.8,40.35,16974,660119.25,31-JUL-2020,259,INE561C01019,
BHARATRAS,EQ,9698.0,9749.0,9249.95,9370.3,9388.0,9598.85,8937,84865284.45,31-JUL-2020,3288,INE838B01013,
BHARATWIRE,EQ,19.8,20.3,19.75,20.25,20.05,19.75,8079,161988.1,31-JUL-2020,169,INE316L01019,
BHARTIARTL,EQ,550.9,559.3,546.3,554.85,555.1,552.7,13661601,7585466560.6,31-JUL-2020,149948,INE397D01024,
BHEL,EQ,36.8,36.95,35.75,35.95,36.15,36.8,37100469,1343727602.55,31-JUL-2020,51266,INE257A01026,
BIGBLOC,EQ,40.25,42.3,39.5,41.5,41.8,40.3,4790,196613.25,31-JUL-2020,84,INE412U01017,
BIL,EQ,125.6,128.2,119.35,120.4,119.35,125.6,11094,1334633.65,31-JUL-2020,221,INE828A01016,
BILENERGY,EQ,0.95,0.95,0.9,0.9,0.95,0.95,1418629,1283601.45,31-JUL-2020,612,INE607L01029,
BINDALAGRO,EQ,10.1,10.1,9.6,9.65,9.6,9.9,27452,266934.25,31-JUL-2020,145,INE143A01010,
BIOCON,EQ,408.0,412.8,400.8,409.6,410.45,403.45,7274624,2968680992.6,31-JUL-2020,82890,INE376G01013,
BIOFILCHEM,BE,27.35,27.35,27.35,27.35,27.35,26.05,56896,1556105.6,31-JUL-2020,234,INE829A01014,
BIRLACABLE,EQ,48.05,48.4,47.0,47.2,47.0,48.35,31097,1473068.5,31-JUL-2020,448,INE800A01015,
BIRLACORPN,EQ,604.0,608.0,590.65,599.25,595.1,603.2,72216,43117057.1,31-JUL-2020,2876,INE340A01012,
BIRLAMONEY,EQ,35.2,35.85,34.5,34.65,34.6,35.1,90540,3152066.6,31-JUL-2020,890,INE865C01022,
BIRLATYRE,EQ,19.35,20.3,19.35,19.35,19.35,20.35,329477,6384844.85,31-JUL-2020,1264,INE0AEJ01013,
BKMINDST,BE,1.25,1.3,1.2,1.2,1.25,1.25,35290,43633.45,31-JUL-2020,46,INE831Q01016,
BLBLIMITED,BE,4.4,4.4,4.2,4.4,4.4,4.4,7923,34148.8,31-JUL-2020,19,INE791A01024,
BLISSGVS,EQ,106.2,107.75,104.1,107.3,107.0,106.1,460027,49077701.85,31-JUL-2020,6796,INE416D01022,
BLKASHYAP,EQ,5.75,5.9,5.5,5.55,5.65,5.7,42266,238138.7,31-JUL-2020,174,INE350H01032,
BLS,EQ,78.2,78.2,78.2,78.2,78.2,82.3,3364,263064.8,31-JUL-2020,68,INE153T01027,
BLUEDART,EQ,2139.95,2139.95,2048.0,2066.35,2059.0,2114.45,28135,58262037.45,31-JUL-2020,4783,INE233B01017,
BLUESTARCO,EQ,486.5,489.9,474.5,486.4,485.0,488.95,33196,16057112.05,31-JUL-2020,1602,INE472A01039,
BODALCHEM,EQ,74.5,75.25,73.3,73.6,73.75,74.65,446431,33027711.6,31-JUL-2020,2786,INE338D01028,
BOMDYEING,EQ,61.25,61.9,58.6,59.0,59.05,61.65,1549308,92700250.45,31-JUL-2020,8346,INE032A01023,
BOROLTD,BE,148.3,159.0,144.1,144.4,148.0,151.65,173098,25429323.75,31-JUL-2020,1342,INE02PY01013,
BORORENEW,EQ,80.25,81.0,73.9,77.75,77.0,77.75,755159,58229916.75,31-JUL-2020,6051,INE666D01022,
BOSCHLTD,EQ,13076.55,13199.0,12955.3,13078.65,13150.0,12983.85,16982,221879677.75,31-JUL-2020,5646,INE323A01026,
BPCL,EQ,421.1,428.0,410.9,413.8,414.0,419.1,11189905,4669672859.1,31-JUL-2020,149970,INE029A01011,
BPL,BE,18.35,18.35,18.35,18.35,18.35,17.5,17211,315821.85,31-JUL-2020,69,INE110A01019,
BRFL,BE,9.3,9.3,8.5,8.95,9.3,8.9,344488,3037589.55,31-JUL-2020,447,INE589G01011,
BRIGADE,EQ,141.4,142.4,140.0,140.45,140.3,142.1,119450,16886490.9,31-JUL-2020,3298,INE791I01019,
BRITANNIA,EQ,3811.0,3860.0,3801.1,3823.6,3831.0,3805.95,681895,2610744470.05,31-JUL-2020,47880,INE216A01030,
BRNL,EQ,34.8,34.8,33.65,34.55,34.6,34.15,7398,252515.35,31-JUL-2020,97,INE727S01012,
BROOKS,BE,32.5,35.9,32.5,33.15,33.9,34.2,21328,699096.45,31-JUL-2020,138,INE650L01011,
BSE,EQ,505.0,522.0,499.0,514.95,515.15,503.2,417081,213709731.15,31-JUL-2020,11088,INE118H01025,
BSELINFRA,BE,1.1,1.2,1.1,1.15,1.15,1.15,26191,29242.95,31-JUL-2020,52,INE395A01016,
BSL,EQ,24.0,24.0,23.0,23.1,23.05,23.85,3394,78781.3,31-JUL-2020,55,INE594B01012,
BSLGOLDETF,EQ,5145.0,5145.0,4877.0,4953.75,4950.0,4877.5,417,2062170.9,31-JUL-2020,139,INF209K01HT2,
BSLNIFTY,EQ,120.5,122.95,118.3,122.15,122.95,122.15,1545,183867.24,31-JUL-2020,19,INF209K01IR4,
BSOFT,EQ,115.95,122.2,114.4,120.3,119.85,115.2,2543704,301781071.6,31-JUL-2020,20440,INE836A01035,
BURNPUR,BE,1.4,1.4,1.35,1.35,1.35,1.4,5225,7160.0,31-JUL-2020,7,INE817H01014,
BUTTERFLY,EQ,120.9,123.0,118.3,118.85,118.9,120.9,48949,5879754.8,31-JUL-2020,999,INE295F01017,
BVCL,BE,12.8,13.0,12.8,12.85,12.8,13.45,1537,19693.15,31-JUL-2020,20,INE139I01011,
BYKE,EQ,13.8,15.0,13.2,14.4,14.2,13.9,234326,3418590.05,31-JUL-2020,544,INE319B01014,
CADILAHC,EQ,367.45,396.45,367.3,388.4,390.0,365.65,15280658,5867390231.95,31-JUL-2020,150028,INE010B01027,
CALSOFT,EQ,8.3,8.3,7.6,8.05,8.2,8.0,20581,165510.8,31-JUL-2020,91,INE526B01014,
CAMLINFINE,EQ,74.15,74.15,71.05,74.15,74.15,70.65,689183,50893542.4,31-JUL-2020,2260,INE052I01032,
CANBK,EQ,99.2,102.45,98.35,101.85,101.95,99.35,14254944,1430404156.1,31-JUL-2020,46990,INE476A01014,
CANFINHOME,EQ,363.0,369.25,360.0,365.4,365.5,361.8,178980,65325872.35,31-JUL-2020,5521,INE477A01020,
CANTABIL,EQ,291.4,296.9,289.2,293.35,290.1,289.9,73769,21530147.85,31-JUL-2020,1620,INE068L01016,
CAPACITE,EQ,96.95,96.95,92.65,93.45,93.95,95.9,35937,3380524.1,31-JUL-2020,1592,INE264T01014,
CAPLIPOINT,EQ,411.05,441.9,406.9,431.95,434.0,407.15,945020,403363767.75,31-JUL-2020,19072,INE475E01026,
CAPTRUST,EQ,72.6,72.6,68.7,68.95,68.7,71.25,2149,148934.95,31-JUL-2020,58,INE707C01018,
CARBORUNIV,EQ,241.45,249.5,236.45,248.1,247.15,241.45,222449,54094125.8,31-JUL-2020,5073,INE120A01034,
CAREERP,EQ,138.3,143.0,135.05,138.2,138.85,138.3,44318,6149367.5,31-JUL-2020,1671,INE521J01018,
CARERATING,EQ,432.0,433.95,422.5,423.65,423.8,430.4,33447,14215420.5,31-JUL-2020,1694,INE752H01013,
CASTROLIND,EQ,116.2,116.2,113.1,113.45,113.8,115.7,1357316,154683010.2,31-JUL-2020,17718,INE172A01027,
CCCL,BE,0.2,0.25,0.2,0.25,0.25,0.2,13118,3244.5,31-JUL-2020,15,INE429I01024,
CCHHL,BE,2.85,2.85,2.8,2.85,2.85,2.75,15057,42859.75,31-JUL-2020,35,INE652F01027,
CCL,EQ,236.1,238.5,233.0,234.35,234.0,236.5,42259,9921824.75,31-JUL-2020,1569,INE421D01022,
CDSL,EQ,344.5,358.0,341.0,349.1,350.0,347.85,1204938,422019474.4,31-JUL-2020,20856,INE736A01011,
CEATLTD,EQ,853.0,876.35,840.9,868.95,868.0,854.4,130943,112782769.6,31-JUL-2020,7447,INE482A01020,
CEBBCO,EQ,12.55,12.55,11.65,11.95,12.0,12.35,63301,755076.9,31-JUL-2020,261,INE209L01016,
CELEBRITY,EQ,4.3,4.45,4.2,4.2,4.2,4.4,67460,284837.05,31-JUL-2020,81,INE185H01016,
CENTENKA,EQ,171.45,171.45,161.6,163.2,164.1,169.95,54905,9021228.2,31-JUL-2020,1437,INE485A01015,
CENTEXT,EQ,4.0,4.05,3.9,4.0,4.05,3.95,131352,518485.65,31-JUL-2020,234,INE281A01026,
CENTRALBK,EQ,18.25,18.4,17.65,17.95,18.0,18.5,1961882,35268961.3,31-JUL-2020,4586,INE483A01010,
CENTRUM,EQ,13.75,14.25,13.6,13.65,13.8,14.0,836979,11439219.4,31-JUL-2020,896,INE660C01027,
CENTUM,EQ,311.9,323.0,301.35,316.6,316.65,309.25,24651,7696662.9,31-JUL-2020,1602,INE320B01020,
CENTURYPLY,EQ,127.65,129.0,125.75,128.45,128.5,127.65,184650,23520182.0,31-JUL-2020,2733,INE348B01021,
CENTURYTEX,EQ,298.0,310.4,292.5,307.95,307.25,300.35,2779751,841971356.2,31-JUL-2020,27794,INE055A01016,
CERA,EQ,2237.0,2240.2,2180.3,2228.85,2239.95,2212.95,5767,12787815.2,31-JUL-2020,1274,INE739E01017,
CEREBRAINT,EQ,27.65,28.6,27.25,27.45,27.4,27.4,234714,6489212.45,31-JUL-2020,405,INE345B01019,
CESC,EQ,560.0,561.9,547.35,549.55,550.15,557.15,321154,177084019.25,31-JUL-2020,8552,INE486A01013,
CESCVENT,EQ,170.45,172.95,165.95,167.5,169.0,168.75,63590,10700733.9,31-JUL-2020,1224,INE425Y01011,
CGCL,EQ,189.0,206.8,186.15,204.0,205.8,194.7,447949,88802375.2,31-JUL-2020,9029,INE180C01026,
CGPOWER,EQ,9.3,9.3,9.15,9.3,9.3,8.9,1122772,10426592.05,31-JUL-2020,1075,INE067A01029,
CHALET,EQ,129.25,129.25,127.05,127.9,127.95,128.1,99721,12751156.1,31-JUL-2020,1782,INE427F01016,
CHAMBLFERT,EQ,156.65,159.9,155.25,158.25,157.85,156.65,1574605,248571525.35,31-JUL-2020,13797,INE085A01013,
CHEMBOND,EQ,148.65,150.45,146.0,146.75,148.05,148.6,5041,744672.05,31-JUL-2020,384,INE995D01025,
CHEMFAB,EQ,134.85,135.0,126.95,130.3,128.5,134.85,21746,2813775.8,31-JUL-2020,1004,INE783X01023,
CHENNPETRO,EQ,81.4,81.55,79.5,79.7,79.95,81.25,644289,51663949.05,31-JUL-2020,5097,INE178A01016,
CHOLAFIN,EQ,216.2,216.9,200.5,202.5,202.8,214.2,12415404,2553905254.8,31-JUL-2020,111968,INE121A01024,
CHOLAHLDNG,EQ,344.95,344.95,330.05,331.6,331.6,340.5,165031,56007913.85,31-JUL-2020,1022,INE149A01033,
CHROMATIC,BE,1.05,1.1,1.0,1.05,1.05,1.05,57107,57747.7,31-JUL-2020,54,INE662C01015,
CIGNITITEC,EQ,259.5,275.0,255.0,269.55,270.0,257.6,42835,11335882.2,31-JUL-2020,974,INE675C01017,
CIMMCO,EQ,19.1,19.95,19.0,19.15,19.05,19.45,9186,176456.6,31-JUL-2020,141,INE184C01028,
CINELINE,EQ,23.5,25.3,23.1,23.9,24.0,24.1,74061,1796795.05,31-JUL-2020,644,INE704H01022,
CINEVISTA,EQ,5.0,5.15,4.9,5.05,5.05,5.0,14359,72321.3,31-JUL-2020,38,INE039B01026,
CIPLA,EQ,687.0,724.0,687.0,720.15,721.0,685.95,18897332,13446763108.25,31-JUL-2020,242751,INE059A01026,
CLEDUCATE,EQ,37.05,38.25,37.05,37.8,37.95,36.9,11507,433119.25,31-JUL-2020,175,INE201M01011,
CLNINDIA,EQ,375.0,383.0,368.25,376.7,376.5,373.0,111403,41865654.2,31-JUL-2020,4077,INE492A01029,
CMICABLES,EQ,32.35,33.25,31.35,32.85,33.0,32.35,18240,591228.3,31-JUL-2020,211,INE981B01011,
CNOVAPETRO,BE,5.25,5.35,5.25,5.35,5.35,5.4,52,273.2,31-JUL-2020,2,INE672K01025,
COALINDIA,EQ,128.95,130.0,127.55,129.25,129.55,128.6,5310134,683780289.9,31-JUL-2020,39395,INE522F01014,
COCHINSHIP,EQ,336.0,337.9,328.0,328.85,329.0,335.45,223165,74159611.15,31-JUL-2020,5116,INE704P01017,
COLPAL,EQ,1438.0,1454.9,1413.55,1423.3,1423.0,1434.45,765088,1094602988.9,31-JUL-2020,30522,INE259A01022,
COMPINFO,EQ,11.2,11.2,10.45,10.65,10.75,10.95,110821,1194952.4,31-JUL-2020,383,INE070C01037,
COMPUSOFT,BE,7.5,7.5,7.15,7.45,7.4,7.5,41467,306824.35,31-JUL-2020,147,INE453B01029,
CONCOR,EQ,447.0,453.5,439.65,451.1,450.2,449.95,1333011,595228493.5,31-JUL-2020,30609,INE111A01025,
CONFIPET,EQ,19.6,19.6,18.6,18.75,18.8,19.5,112138,2122016.0,31-JUL-2020,629,INE552D01024,
CONSOFINVT,EQ,26.4,30.0,26.25,27.65,28.65,25.3,3568,102514.55,31-JUL-2020,71,INE025A01027,
CONTROLPR,EQ,211.9,213.85,207.65,209.8,211.0,211.8,5147,1087137.9,31-JUL-2020,361,INE663B01015,
CORALFINAC,EQ,19.0,19.0,18.05,18.05,18.05,19.0,35609,645085.7,31-JUL-2020,122,INE558D01021,
CORDSCABLE,EQ,32.35,33.9,32.1,32.85,33.0,32.85,18886,619857.6,31-JUL-2020,314,INE792I01017,
COROMANDEL,EQ,777.05,783.9,770.0,780.1,780.0,771.25,372085,289989268.0,31-JUL-2020,24120,INE169A01031,
COSMOFILMS,EQ,399.0,419.0,395.15,415.25,418.5,395.95,211606,86465083.8,31-JUL-2020,5302,INE757A01017,
COUNCODOS,EQ,1.4,1.4,1.3,1.3,1.3,1.35,21630,28129.15,31-JUL-2020,23,INE695B01025,
CPSEETF,EQ,17.49,17.49,17.18,17.3,17.35,17.31,811535,14009714.03,31-JUL-2020,23632,INF457M01133,
CREATIVE,EQ,91.5,92.0,90.0,90.15,90.25,90.85,3081,279223.55,31-JUL-2020,40,INE985W01018,
CREATIVEYE,BE,1.65,1.65,1.65,1.65,1.65,1.7,458,755.7,31-JUL-2020,3,INE230B01021,
CREDITACC,EQ,523.0,525.0,500.1,514.0,516.0,523.8,81483,41696349.75,31-JUL-2020,6737,INE741K01010,
CREST,EQ,65.45,65.5,60.5,63.85,64.5,62.05,3794,241232.85,31-JUL-2020,209,INE559D01011,
CRISIL,EQ,1671.7,1700.0,1650.0,1673.8,1700.0,1671.7,14279,23788044.65,31-JUL-2020,2448,INE007A01025,
CROMPTON,EQ,245.0,246.8,242.45,244.1,246.2,245.05,497252,121742009.7,31-JUL-2020,24938,INE299U01018,
CSBBANK,EQ,190.0,191.6,185.6,190.75,190.85,189.2,108288,20589934.45,31-JUL-2020,1683,INE679A01013,
CTE,EQ,15.4,15.75,14.6,15.6,15.75,15.15,9371,143478.4,31-JUL-2020,95,INE627H01017,
CUB,EQ,122.5,123.3,120.8,121.2,121.25,122.85,807011,98085825.6,31-JUL-2020,9197,INE491A01021,
CUBEXTUB,EQ,11.6,11.65,10.9,11.0,11.0,11.35,779,8575.7,31-JUL-2020,21,INE144D01012,
CUMMINSIND,EQ,400.0,404.5,391.0,401.65,400.8,397.85,1151392,457013318.35,31-JUL-2020,13778,INE298A01020,
CUPID,EQ,205.2,209.45,203.05,207.55,208.0,205.1,60263,12461254.2,31-JUL-2020,1984,INE509F01011,
CYBERTECH,EQ,49.65,49.65,47.0,47.75,47.5,48.35,38764,1863717.15,31-JUL-2020,555,INE214A01019,
CYIENT,EQ,326.0,334.0,322.65,330.0,330.3,325.2,396123,130823365.4,31-JUL-2020,14922,INE136B01020,
DAAWAT,EQ,53.8,55.7,51.2,52.3,52.0,52.6,6077241,323234750.8,31-JUL-2020,20345,INE818H01020,
DABUR,EQ,496.0,515.0,494.05,513.55,512.75,491.9,8509912,4325246028.3,31-JUL-2020,99442,INE016A01026,
DALBHARAT,EQ,754.7,774.75,752.0,760.65,760.9,748.2,101022,77005533.95,31-JUL-2020,5047,INE00R701025,
DALMIASUG,EQ,122.35,124.95,121.55,123.85,123.55,123.2,226919,27977222.75,31-JUL-2020,3145,INE495A01022,
DAMODARIND,EQ,23.75,24.8,23.75,24.0,24.0,23.75,4504,108306.45,31-JUL-2020,29,INE497D01022,
DATAMATICS,EQ,52.25,52.6,50.6,51.9,52.5,51.35,28187,1453535.25,31-JUL-2020,325,INE365B01017,
DBCORP,EQ,73.3,73.8,72.7,72.95,72.8,72.95,67966,4961627.5,31-JUL-2020,913,INE950I01011,
DBL,EQ,284.9,286.25,278.35,279.5,279.75,283.1,452279,126998804.4,31-JUL-2020,8994,INE917M01012,
DBREALTY,EQ,6.65,6.95,6.45,6.65,6.75,6.75,280287,1858286.85,31-JUL-2020,664,INE879I01012,
DBSTOCKBRO,EQ,9.4,9.4,8.95,8.95,8.95,9.4,142,1321.35,31-JUL-2020,6,INE921B01025,
DCAL,EQ,193.0,196.45,180.25,196.45,196.45,187.1,1758518,339544241.65,31-JUL-2020,17184,INE385W01011,
DCBBANK,EQ,77.1,78.45,76.8,77.4,77.95,77.85,634278,49252612.75,31-JUL-2020,4036,INE503A01015,
DCM,EQ,18.65,19.1,18.2,18.9,18.7,18.8,9760,183468.35,31-JUL-2020,63,INE498A01018,
DCMFINSERV,BE,1.6,1.6,1.55,1.55,1.55,1.6,3604,5591.2,31-JUL-2020,8,INE891B01012,
DCMNVL,EQ,27.05,27.85,26.0,26.1,26.2,27.05,6870,183055.8,31-JUL-2020,138,INE08KP01019,
DCMSHRIRAM,EQ,336.25,341.3,336.0,339.25,340.0,339.75,56371,19110896.95,31-JUL-2020,1182,INE499A01024,
DCW,EQ,10.75,11.2,10.6,10.85,10.8,10.9,259577,2800743.0,31-JUL-2020,719,INE500A01029,
DECCANCE,EQ,259.95,260.85,252.95,254.25,253.5,257.85,25268,6479088.4,31-JUL-2020,1126,INE583C01021,
DEEPAKFERT,EQ,144.0,164.8,141.3,159.6,160.25,145.7,10943167,1705319065.15,31-JUL-2020,84119,INE501A01019,
DEEPAKNTR,EQ,619.0,648.0,606.35,643.15,647.0,617.0,1794003,1132197752.3,31-JUL-2020,40887,INE288B01029,
DEEPIND,EQ,70.5,72.7,68.9,69.4,69.75,70.8,27585,1939487.8,31-JUL-2020,916,INE677H01012,
DELTACORP,EQ,87.5,87.5,85.05,86.0,86.05,87.5,832563,71448325.45,31-JUL-2020,9549,INE124G01033,
DELTAMAGNT,EQ,20.85,21.4,20.25,20.95,21.35,20.85,1405,29247.95,31-JUL-2020,28,INE393A01011,
DEN,EQ,84.5,84.9,77.95,78.3,78.55,82.05,371347,29627404.2,31-JUL-2020,5086,INE947J01015,
DENORA,EQ,239.5,239.5,227.0,231.5,235.0,230.45,13622,3163738.95,31-JUL-2020,930,INE244A01016,
DFMFOODS,EQ,183.2,184.45,181.0,181.6,183.0,183.2,17852,3256001.2,31-JUL-2020,707,INE456C01020,
DGCONTENT,BE,5.3,5.4,5.3,5.3,5.3,5.55,38181,202362.2,31-JUL-2020,28,INE03JI01017,
DHAMPURSUG,EQ,128.15,128.9,125.9,126.4,126.1,128.25,485616,61568609.95,31-JUL-2020,4787,INE041A01016,
DHANBANK,EQ,12.8,12.8,12.5,12.65,12.8,12.7,286038,3615564.2,31-JUL-2020,806,INE680A01011,
DHANUKA,EQ,785.0,816.0,765.0,792.0,793.5,786.95,102589,81211037.2,31-JUL-2020,5551,INE435G01025,
DHFL,EQ,13.75,13.75,13.3,13.6,13.7,13.55,679464,9151207.7,31-JUL-2020,2342,INE202B01012,
DHUNINV,EQ,201.65,205.65,201.0,202.5,202.0,206.05,2100,426306.9,31-JUL-2020,171,INE320L01011,
DIAMONDYD,EQ,537.35,542.5,525.0,530.95,527.0,538.35,4583,2458397.9,31-JUL-2020,631,INE393P01035,
DICIND,EQ,345.4,347.0,336.1,342.05,341.85,339.5,1599,546790.3,31-JUL-2020,162,INE303A01010,
DIGISPICE,BE,5.5,5.5,5.35,5.35,5.35,5.6,14755,79204.45,31-JUL-2020,50,INE927C01020,
DISHTV,EQ,7.35,7.35,7.1,7.2,7.2,7.35,2228265,15995274.75,31-JUL-2020,15104,INE836F01026,
DIVISLAB,EQ,2570.0,2645.6,2557.0,2616.55,2613.85,2562.35,2699006,7048721951.35,31-JUL-2020,119645,INE361B01024,
DIXON,EQ,7499.9,7729.9,7217.1,7633.7,7680.0,7051.25,154277,1150598360.4,31-JUL-2020,29075,INE935N01012,
DLF,EQ,140.95,142.75,139.0,141.15,141.2,140.1,7720316,1088306828.95,31-JUL-2020,43212,INE271C01023,
DLINKINDIA,EQ,87.7,88.25,85.1,85.6,85.8,86.65,52946,4566702.45,31-JUL-2020,1123,INE250K01012,
DMART,EQ,2046.0,2075.0,2033.05,2063.45,2060.05,2040.2,423797,873590637.9,31-JUL-2020,39860,INE192R01011,
DNAMEDIA,BE,0.55,0.55,0.55,0.55,0.55,0.6,50,27.5,31-JUL-2020,1,INE016M01021,
DOLAT,EQ,48.0,48.0,46.5,47.5,47.75,47.7,45491,2143751.65,31-JUL-2020,551,INE966A01022,
DOLLAR,EQ,129.0,129.0,125.0,125.75,125.65,127.7,197816,24848899.05,31-JUL-2020,1059,INE325C01035,
DONEAR,EQ,27.7,27.7,26.3,26.6,26.35,27.25,29272,781301.75,31-JUL-2020,238,INE668D01028,
DPSCLTD,EQ,14.5,14.5,11.9,12.1,12.05,13.2,849091,11179260.45,31-JUL-2020,2408,INE360C01024,
DPWIRES,BE,52.4,54.95,52.2,52.2,52.2,52.4,221,11837.25,31-JUL-2020,9,INE864X01013,
DQE,BE,1.0,1.0,1.0,1.0,1.0,0.95,1115385,1115385.0,31-JUL-2020,42,INE656K01010,
DREDGECORP,EQ,263.0,268.8,259.0,259.9,259.1,266.15,102492,26894074.6,31-JUL-2020,2677,INE506A01018,
DRREDDY,EQ,4479.0,4550.85,4455.4,4521.05,4523.75,4516.6,1582134,7140170816.5,31-JUL-2020,91846,INE089A01023,
DSSL,EQ,22.8,23.1,22.5,22.9,22.9,22.25,7780,177852.65,31-JUL-2020,37,INE417B01040,
DTIL,EQ,171.05,171.05,166.0,167.0,166.1,170.75,25258,4241296.5,31-JUL-2020,221,INE341R01014,
DUCON,EQ,3.8,3.8,3.65,3.7,3.7,3.75,24799,91472.05,31-JUL-2020,46,INE741L01018,
DVL,EQ,48.9,50.45,47.95,48.6,49.0,49.25,17501,851367.1,31-JUL-2020,411,INE477B01010,
DWARKESH,EQ,24.5,24.5,24.05,24.15,24.3,24.4,312169,7566136.3,31-JUL-2020,1219,INE366A01041,
DYNAMATECH,EQ,544.8,544.8,525.0,530.8,535.0,536.75,972,519368.9,31-JUL-2020,134,INE221B01012,
DYNPRO,EQ,198.7,208.7,198.0,200.35,200.0,200.5,380750,77686855.9,31-JUL-2020,7490,INE256H01015,
EASTSILK,BE,1.1,1.15,1.05,1.05,1.05,1.1,123539,134906.3,31-JUL-2020,27,INE962C01027,
EBANK,EQ,2414.0,2415.0,2320.0,2374.92,2330.0,2316.0,14,33249.0,31-JUL-2020,5,INF754K01EL1,
EBBETF0423,EQ,1080.23,1081.4,1079.56,1080.99,1081.39,1079.92,3558,3843165.37,31-JUL-2020,87,INF754K01KN4,
EBBETF0425,EQ,1002.0,1101.0,1002.0,1003.0,1003.0,1003.75,17436,17554365.13,31-JUL-2020,179,INF754K01LD3,
EBBETF0430,EQ,1110.0,1110.0,1107.11,1109.97,1109.98,1107.55,303901,337324095.88,31-JUL-2020,211,INF754K01KO2,
EBBETF0431,EQ,1006.0,1007.0,1004.0,1004.22,1004.0,1005.95,21616,21730881.31,31-JUL-2020,167,INF754K01LE1,
EBIXFOREX,EQ,484.3,484.3,449.85,459.65,460.25,463.3,3075,1402763.75,31-JUL-2020,364,INE726L01019,
ECLERX,EQ,465.0,482.0,465.0,480.05,482.0,466.4,163155,77984423.8,31-JUL-2020,12588,INE738I01010,
EDELWEISS,EQ,80.35,80.8,75.6,76.05,76.5,79.55,1536162,119310188.65,31-JUL-2020,15109,INE532F01054,
EICHERMOT,EQ,21441.35,21486.6,20567.0,20638.7,20620.0,21201.35,219061,4573390396.95,31-JUL-2020,51387,INE066A01013,
EIDPARRY,EQ,279.6,292.4,278.4,290.5,290.8,280.45,392958,112522262.05,31-JUL-2020,8704,INE126A01031,
EIHAHOTELS,EQ,247.05,262.1,246.4,254.4,250.0,252.0,4746,1206787.0,31-JUL-2020,406,INE276C01014,
EIHOTEL,EQ,66.35,67.35,64.15,64.85,64.6,65.5,1774240,116555887.15,31-JUL-2020,9153,INE230A01023,
EIMCOELECO,EQ,297.1,316.0,297.1,303.95,301.0,308.2,2941,906658.15,31-JUL-2020,151,INE158B01016,
EKC,EQ,21.35,21.9,20.8,21.05,20.8,21.35,50578,1066652.45,31-JUL-2020,255,INE184H01027,
ELECON,EQ,25.9,26.0,24.25,24.65,24.65,25.95,143625,3566138.1,31-JUL-2020,1228,INE205B01023,
ELECTCAST,EQ,14.5,14.6,14.2,14.25,14.3,14.5,188382,2706001.15,31-JUL-2020,837,INE086A01029,
ELECTHERM,EQ,98.6,99.85,96.65,97.9,98.0,98.25,7066,693740.6,31-JUL-2020,307,INE822G01016,
ELGIEQUIP,EQ,160.75,160.8,158.45,159.8,159.05,160.6,16226,2591331.15,31-JUL-2020,902,INE285A01027,
ELGIRUBCO,BE,16.15,17.2,16.15,16.8,16.85,16.7,16133,271108.9,31-JUL-2020,51,INE819L01012,
EMAMILTD,EQ,238.7,241.9,237.5,239.85,239.75,238.7,146820,35135385.65,31-JUL-2020,4300,INE548C01032,
EMAMIPAP,EQ,71.3,72.65,69.0,69.8,70.0,70.85,4942,346686.5,31-JUL-2020,180,INE830C01026,
EMAMIREAL,EQ,32.3,34.1,32.3,33.15,33.0,33.75,8653,287206.15,31-JUL-2020,202,INE778K01012,
EMKAY,EQ,44.85,44.9,43.0,43.1,43.8,43.75,4137,180912.85,31-JUL-2020,66,INE296H01011,
EMMBI,EQ,72.9,72.9,66.05,71.95,72.45,69.45,13435,943904.85,31-JUL-2020,301,INE753K01015,
ENDURANCE,EQ,921.1,924.9,898.0,905.55,901.25,916.85,40921,37055088.45,31-JUL-2020,3858,INE913H01037,
ENERGYDEV,EQ,5.85,6.0,5.6,5.9,6.0,5.85,23454,134635.55,31-JUL-2020,93,INE306C01019,
ENGINERSIN,EQ,66.15,66.35,63.95,64.25,64.45,65.85,2240321,145574852.4,31-JUL-2020,12725,INE510A01028,
ENIL,EQ,124.95,126.85,123.0,124.85,125.25,123.7,2605,323507.85,31-JUL-2020,143,INE265F01028,
EQ30,EQ,324.0,324.0,324.0,324.0,324.0,324.0,19,6156.0,31-JUL-2020,6,INF754K01EM9,
EQUITAS,EQ,50.5,50.8,48.7,49.1,49.15,50.65,13801528,680094374.7,31-JUL-2020,37727,INE988K01017,
ERIS,EQ,476.0,497.0,465.6,491.3,491.0,469.4,809708,391712316.1,31-JUL-2020,20817,INE406M01024,
EROSMEDIA,EQ,16.75,18.5,16.75,18.3,18.35,18.6,2035936,35440431.75,31-JUL-2020,3744,INE416L01017,
ESABINDIA,EQ,1388.0,1415.0,1368.85,1392.05,1395.0,1371.35,2746,3823534.25,31-JUL-2020,405,INE284A01012,
ESCORTS,EQ,1135.35,1161.75,1126.15,1134.0,1129.8,1130.05,1832375,2097402528.4,31-JUL-2020,64894,INE042A01014,
ESSARSHPNG,EQ,6.9,7.0,6.75,6.8,6.8,6.9,9849,67558.35,31-JUL-2020,131,INE122M01019,
ESSELPACK,EQ,212.4,243.0,212.4,234.0,234.5,205.35,1996716,461898960.9,31-JUL-2020,37370,INE255A01020,
ESTER,EQ,54.05,56.2,53.55,56.2,56.2,53.55,495704,27174394.7,31-JUL-2020,1465,INE778B01029,
EUROMULTI,BE,0.9,0.95,0.85,0.85,0.85,0.9,5346,4555.6,31-JUL-2020,19,INE063J01011,
EVEREADY,EQ,126.95,131.05,125.5,131.05,131.05,124.85,1225484,159220807.65,31-JUL-2020,7503,INE128A01029,
EVERESTIND,EQ,215.7,219.0,206.35,207.9,209.45,212.7,122477,25900790.45,31-JUL-2020,3305,INE295A01018,
EXCEL,EQ,0.95,1.0,0.95,1.0,1.0,1.0,1000,955.0,31-JUL-2020,3,INE688J01015,
EXCELINDUS,EQ,753.0,764.9,738.0,741.8,742.0,752.85,20950,15647684.1,31-JUL-2020,2878,INE369A01029,
EXIDEIND,EQ,153.95,157.0,152.5,155.65,155.6,153.95,2540436,394876178.05,31-JUL-2020,18450,INE302A01020,
EXPLEOSOL,EQ,274.75,274.8,264.0,267.5,268.0,269.4,24080,6405636.5,31-JUL-2020,456,INE201K01015,
FACT,EQ,47.3,47.8,46.75,47.1,47.05,48.15,162779,7676895.4,31-JUL-2020,1006,INE188A01015,
FAIRCHEM,EQ,590.0,607.65,573.0,601.8,603.1,599.2,104722,61395352.0,31-JUL-2020,4304,INE959A01019,
FCL,EQ,30.85,30.85,29.5,30.05,30.15,30.6,279416,8394246.15,31-JUL-2020,1397,INE045J01026,
FCONSUMER,EQ,10.9,11.2,10.2,11.2,11.2,10.7,28050303,305026942.8,31-JUL-2020,26078,INE220J01025,
FCSSOFT,BE,0.5,0.5,0.45,0.45,0.5,0.45,1246493,588413.65,31-JUL-2020,566,INE512B01022,
FDC,EQ,286.15,302.0,282.65,299.15,300.0,287.25,2024263,597650583.75,31-JUL-2020,28542,INE258B01022,
FEDERALBNK,EQ,54.2,54.65,53.1,53.9,53.85,54.15,23229970,1249367466.2,31-JUL-2020,43144,INE171A01029,
FEL,EQ,16.25,16.25,14.75,16.25,16.25,15.5,8584046,137289844.3,31-JUL-2020,5495,INE623B01027,
FELDVR,EQ,17.0,17.0,15.4,17.0,17.0,16.2,676758,11286734.3,31-JUL-2020,1102,IN9623B01058,
FIEMIND,EQ,414.3,421.95,412.25,413.85,413.95,414.3,14148,5880251.55,31-JUL-2020,930,INE737H01014,
FILATEX,EQ,24.55,26.85,23.5,26.45,25.7,24.7,518070,13256096.35,31-JUL-2020,2229,INE816B01027,
FINCABLES,EQ,269.9,273.0,263.5,269.75,270.9,269.15,45185,12137866.2,31-JUL-2020,2521,INE235A01022,
FINEORG,EQ,2022.1,2135.0,2018.9,2102.5,2125.0,2021.25,11537,23890129.9,31-JUL-2020,1860,INE686Y01026,
FINPIPE,EQ,465.0,467.8,458.0,460.45,462.0,465.45,129776,59901354.6,31-JUL-2020,2370,INE183A01016,
FLEXITUFF,BE,6.65,7.2,6.65,6.7,7.0,6.95,1379,9244.6,31-JUL-2020,20,INE060J01017,
FLFL,EQ,126.0,126.0,114.85,115.0,114.85,120.85,925963,109148466.15,31-JUL-2020,9580,INE452O01016,
FLUOROCHEM,EQ,400.05,415.9,392.6,401.9,407.7,400.75,249088,100325360.25,31-JUL-2020,1670,INE09N301011,
FMGOETZE,EQ,355.35,370.05,351.0,361.8,362.0,356.05,753,272373.7,31-JUL-2020,224,INE529A01010,
FMNL,EQ,24.85,24.85,22.8,24.85,24.85,23.7,246474,6028902.2,31-JUL-2020,1059,INE360L01017,
FORCEMOT,EQ,899.85,919.9,884.0,887.65,886.0,899.8,16703,14895652.85,31-JUL-2020,1662,INE451A01017,
FORTIS,EQ,138.95,138.95,136.7,138.0,138.2,138.5,1461076,201309224.45,31-JUL-2020,8976,INE061F01013,
FOSECOIND,EQ,1030.4,1060.0,1029.0,1043.75,1050.0,1042.2,514,538243.25,31-JUL-2020,87,INE519A01011,
FRETAIL,EQ,115.8,115.8,110.2,110.2,110.2,115.95,16129795,1803691441.05,31-JUL-2020,70701,INE752P01024,
FSC,EQ,158.1,158.1,150.2,150.2,150.2,158.1,400336,60844396.5,31-JUL-2020,3320,INE935Q01015,
FSL,EQ,48.1,49.2,47.95,48.85,48.9,47.95,3296710,160242719.85,31-JUL-2020,19775,INE684F01012,
GABRIEL,EQ,85.6,86.6,85.0,85.25,85.0,83.75,106400,9112452.5,31-JUL-2020,1701,INE524A01029,
GAEL,EQ,169.95,173.7,163.5,166.8,166.75,168.55,103768,17272310.55,31-JUL-2020,2476,INE036B01022,
GAIL,EQ,96.7,98.2,96.25,96.65,96.8,96.6,6660302,645004620.5,31-JUL-2020,32349,INE129A01019,
GAL,BE,2.85,2.95,2.8,2.9,2.9,2.85,20028,58442.95,31-JUL-2020,32,INE482J01021,
GALAXYSURF,EQ,1600.0,1638.0,1584.0,1620.65,1610.0,1609.1,22213,35801454.75,31-JUL-2020,2550,INE600K01018,
GALLANTT,EQ,30.85,30.85,29.5,29.95,30.0,29.8,15775,472203.25,31-JUL-2020,217,INE297H01019,
GALLISPAT,EQ,27.5,27.7,26.45,26.95,27.0,26.95,15788,423406.75,31-JUL-2020,182,INE528K01029,
GAMMNINFRA,BE,0.7,0.7,0.65,0.65,0.7,0.65,1166250,789537.2,31-JUL-2020,396,INE181G01025,
GANDHITUBE,EQ,191.85,193.35,186.55,188.6,188.05,192.35,2154,406829.95,31-JUL-2020,152,INE524B01027,
GANECOS,EQ,223.35,239.4,223.35,234.85,230.5,229.85,39265,9181097.45,31-JUL-2020,666,INE845D01014,
GANESHHOUC,BE,23.05,24.45,22.5,23.15,23.05,23.55,21706,502995.85,31-JUL-2020,74,INE460C01014,
GANGESSECU,EQ,30.0,31.0,28.9,29.7,29.7,30.05,1105,32778.65,31-JUL-2020,20,INE335W01016,
GARDENSILK,BE,13.05,13.05,11.85,12.0,11.85,12.45,38390,467379.7,31-JUL-2020,146,INE526A01016,
GARFIBRES,EQ,1693.3,1717.85,1669.0,1672.85,1678.9,1693.3,7737,13044392.55,31-JUL-2020,880,INE276A01018,
GATI,EQ,43.95,44.45,42.65,42.95,42.9,43.3,250922,10864580.85,31-JUL-2020,1649,INE152B01027,
GAYAHWS,BE,0.4,0.45,0.4,0.4,0.45,0.45,1311752,532597.3,31-JUL-2020,299,INE287Z01012,
GAYAPROJ,BE,14.95,15.3,14.45,14.85,14.7,14.95,73427,1084456.25,31-JUL-2020,282,INE336H01023,
GBGLOBAL,BE,4.6,4.85,4.45,4.85,4.85,4.65,939,4265.6,31-JUL-2020,12,INE087J01028,
GDL,EQ,80.5,83.15,80.5,82.15,82.2,79.85,235090,19335227.9,31-JUL-2020,2473,INE852F01015,
GDL-RE,BE,15.5,15.5,15.5,15.5,15.5,11.1,94002,1457031.0,31-JUL-2020,519,INE852F20015,
GEECEE,EQ,66.85,67.0,65.1,66.35,66.0,66.0,652,43357.2,31-JUL-2020,61,INE916G01016,
GEEKAYWIRE,EQ,87.75,88.45,85.1,88.45,88.45,88.5,3664,321315.3,31-JUL-2020,31,INE669X01016,
GENESYS,EQ,29.3,29.95,28.25,28.75,28.75,29.4,11705,339451.15,31-JUL-2020,171,INE727B01026,
GENUSPAPER,EQ,4.9,4.95,4.75,4.9,4.95,4.9,97589,472243.3,31-JUL-2020,181,INE949P01018,
GENUSPOWER,EQ,22.75,22.75,21.8,21.9,21.8,22.35,109704,2434442.1,31-JUL-2020,542,INE955D01029,
GEOJITFSL,EQ,36.2,36.2,33.95,34.8,35.0,36.0,423473,14630271.3,31-JUL-2020,2278,INE007B01023,
GEPIL,EQ,483.0,493.7,475.0,485.4,483.7,488.1,19889,9604128.75,31-JUL-2020,1471,INE878A01011,
GESHIP,EQ,235.0,238.8,223.0,226.35,226.55,222.8,1090417,249988300.15,31-JUL-2020,31079,INE017A01032,
GET&D,EQ,83.05,83.95,81.6,83.4,83.35,83.2,38002,3140659.5,31-JUL-2020,567,INE200A01026,
GFLLIMITED,EQ,81.2,84.0,78.3,79.5,80.85,84.2,68266,5476590.25,31-JUL-2020,1618,INE538A01037,
GFSTEELS,BE,2.65,2.75,2.65,2.75,2.65,2.75,4041,10808.65,31-JUL-2020,10,INE534A01028,
GHCL,EQ,141.5,141.75,137.05,138.3,138.3,141.0,185996,25837983.75,31-JUL-2020,6486,INE539A01019,
GICHSGFIN,EQ,89.3,89.7,88.0,88.3,88.3,89.3,274635,24354050.05,31-JUL-2020,3237,INE289B01019,
GICRE,EQ,145.0,145.9,143.05,143.85,143.65,144.95,139427,20059063.85,31-JUL-2020,2911,INE481Y01014,
GILLANDERS,BE,31.3,31.3,28.55,28.85,29.05,29.85,4670,139745.9,31-JUL-2020,25,INE047B01011,
GILLETTE,EQ,5022.0,5055.45,4995.95,5017.55,5024.0,5021.75,29189,146629220.9,31-JUL-2020,2248,INE322A01010,
GINNIFILA,BE,10.0,10.0,9.5,9.85,9.7,9.85,25028,243127.75,31-JUL-2020,84,INE424C01010,
GIPCL,EQ,70.0,70.0,68.65,69.3,69.45,69.65,84664,5864351.4,31-JUL-2020,1029,INE162A01010,
GKWLIMITED,EQ,456.65,470.0,456.65,457.6,457.6,468.6,86,39669.8,31-JUL-2020,12,INE528A01020,
GLAXO,EQ,1441.0,1449.4,1435.0,1437.3,1436.5,1442.45,25932,37303518.05,31-JUL-2020,4138,INE159A01016,
GLENMARK,EQ,444.1,458.5,437.0,452.35,450.55,441.4,9865112,4444533153.95,31-JUL-2020,143925,INE935A01035,
GLOBALVECT,EQ,55.5,55.5,53.1,53.7,54.7,54.35,23827,1288407.5,31-JUL-2020,586,INE792H01019,
GLOBOFFS,BE,4.2,4.3,4.2,4.25,4.25,4.4,2322,9910.45,31-JUL-2020,10,INE446C01013,
GLOBUSSPR,EQ,121.0,125.15,118.4,124.95,125.15,119.2,114907,14235146.4,31-JUL-2020,1887,INE615I01010,
GMBREW,EQ,374.0,379.0,374.0,374.85,374.0,374.25,10614,3993271.75,31-JUL-2020,629,INE075D01018,
GMDCLTD,EQ,41.05,41.2,40.65,41.0,41.0,41.0,692146,28359860.35,31-JUL-2020,2057,INE131A01031,
GMMPFAUDLR,EQ,4200.0,4251.0,4040.0,4075.45,4070.0,4167.4,18294,75742703.25,31-JUL-2020,3727,INE541A01023,
GMRINFRA,EQ,22.9,23.1,21.45,21.75,21.85,22.25,23476616,521712898.9,31-JUL-2020,41470,INE776C01039,
GNA,EQ,175.0,175.5,171.5,171.95,171.9,173.65,18288,3160936.8,31-JUL-2020,659,INE934S01014,
GNFC,EQ,163.5,165.9,161.75,164.25,163.7,163.95,1009176,165424891.95,31-JUL-2020,19656,INE113A01013,
GOACARBON,EQ,209.55,214.0,203.2,204.6,204.05,208.9,12173,2511740.2,31-JUL-2020,614,INE426D01013,
GOCLCORP,EQ,160.95,160.95,153.0,154.6,154.6,156.3,7174,1107312.85,31-JUL-2020,319,INE077F01035,
GODFRYPHLP,EQ,920.0,932.45,911.0,916.6,914.95,916.1,38830,35683083.25,31-JUL-2020,2649,INE260B01028,
GODREJAGRO,EQ,458.75,470.0,456.0,459.15,459.0,455.35,310705,143894441.7,31-JUL-2020,10153,INE850D01014,
GODREJCP,EQ,683.0,695.0,678.8,691.85,693.0,682.65,1127724,776915070.85,31-JUL-2020,26083,INE102D01028,
GODREJIND,EQ,356.5,359.45,351.15,354.5,354.0,352.95,58104,20629133.65,31-JUL-2020,3004,INE233A01035,
GODREJPROP,EQ,872.85,939.0,856.4,926.6,934.0,870.35,599329,539379155.2,31-JUL-2020,25139,INE484J01027,
GOKEX,EQ,43.15,44.9,42.4,43.25,43.25,43.75,185158,8053506.25,31-JUL-2020,1514,INE887G01027,
GOKUL,EQ,15.7,16.2,15.1,15.35,15.5,15.45,34355,538412.5,31-JUL-2020,109,INE020J01029,
GOKULAGRO,EQ,14.55,15.35,14.5,15.1,15.3,14.65,31758,482760.0,31-JUL-2020,213,INE314T01025,
GOLDBEES,EQ,47.0,47.25,46.76,47.14,47.12,46.55,10546253,496122412.66,31-JUL-2020,13788,INF204KB17I5,
GOLDENTOBC,EQ,22.0,22.0,21.1,21.7,21.7,21.45,1363,29147.95,31-JUL-2020,60,INE973A01010,
GOLDIAM,EQ,113.05,113.85,111.15,112.0,111.8,113.05,31688,3550300.0,31-JUL-2020,799,INE025B01017,
GOLDSHARE,EQ,4855.0,4929.95,4830.1,4888.25,4898.0,4829.0,4281,20888691.15,31-JUL-2020,794,INF789F01059,
GOLDTECH,EQ,7.6,7.8,7.55,7.7,7.75,7.7,10442,80228.0,31-JUL-2020,63,INE805A01014,
GOODLUCK,EQ,36.6,36.6,35.05,35.25,35.45,36.7,35338,1257140.05,31-JUL-2020,516,INE127I01024,
GPIL,EQ,175.2,177.45,169.0,170.65,170.0,173.55,63377,10855394.7,31-JUL-2020,1128,INE177H01013,
GPPL,EQ,75.0,75.3,74.1,74.95,75.0,75.15,77426,5783480.55,31-JUL-2020,1222,INE517F01014,
GPTINFRA,EQ,26.5,26.6,25.85,26.35,26.6,26.3,60581,1580642.4,31-JUL-2020,175,INE390G01014,
GRANULES,EQ,280.0,282.15,271.2,273.3,273.0,278.6,3518968,972316639.5,31-JUL-2020,40669,INE101D01020,
GRAPHITE,EQ,168.0,170.0,164.25,164.95,165.25,166.6,290794,48243909.55,31-JUL-2020,9155,INE371A01025,
GRASIM,EQ,606.35,636.9,602.0,633.05,633.0,602.95,4750804,2963981069.1,31-JUL-2020,71736,INE047A01021,
GRAVITA,EQ,48.9,49.45,45.55,45.95,46.0,48.9,81843,3862365.45,31-JUL-2020,901,INE024L01027,
GREAVESCOT,EQ,82.4,83.9,81.05,81.3,81.4,82.35,154997,12664046.6,31-JUL-2020,2573,INE224A01026,
GREENLAM,EQ,732.2,736.15,701.0,705.55,704.5,735.65,6829,4836913.75,31-JUL-2020,534,INE544R01013,
GREENPANEL,BE,38.0,39.0,37.6,38.0,38.0,38.0,42246,1609111.9,31-JUL-2020,72,INE08ZM01014,
GREENPLY,EQ,86.5,86.5,85.15,85.85,85.55,86.15,83639,7164822.1,31-JUL-2020,678,INE461C01038,
GREENPOWER,EQ,2.05,2.15,2.0,2.15,2.15,2.05,2354514,4960072.3,31-JUL-2020,956,INE999K01014,
GRINDWELL,EQ,481.75,485.0,480.0,480.7,481.0,481.95,16452,7934396.8,31-JUL-2020,671,INE536A01023,
GROBTEA,EQ,474.3,478.0,440.0,448.15,448.85,486.45,1854,830008.2,31-JUL-2020,178,INE646C01018,
GRPLTD,EQ,637.55,705.35,637.55,700.0,700.0,653.1,1624,1088634.05,31-JUL-2020,238,INE137I01015,
GRSE,EQ,195.05,198.35,193.5,194.95,194.0,195.05,107860,21133253.5,31-JUL-2020,2628,INE382Z01011,
GSCLCEMENT,EQ,29.5,29.95,28.95,29.3,29.35,29.45,159024,4648014.4,31-JUL-2020,966,INE542A01039,
GSFC,EQ,59.45,60.25,58.15,59.5,59.5,59.4,734607,43573638.55,31-JUL-2020,3237,INE026A01025,
GSPL,EQ,209.0,209.0,203.25,204.75,204.0,202.8,749958,153793302.95,31-JUL-2020,16224,INE246F01010,
GSS,EQ,22.85,23.55,22.4,23.3,23.4,22.85,13403,309929.7,31-JUL-2020,205,INE871H01011,
GTLINFRA,EQ,0.7,0.7,0.65,0.7,0.7,0.7,9781458,6670612.1,31-JUL-2020,1067,INE221H01019,
GTNIND,BE,7.5,7.5,7.0,7.35,7.5,7.35,1804,12965.3,31-JUL-2020,34,INE537A01013,
GTPL,EQ,90.0,92.75,84.55,85.25,85.5,89.0,195519,17248757.4,31-JUL-2020,3102,INE869I01013,
GUFICBIO,EQ,91.0,100.6,91.0,98.0,97.25,90.55,2532962,244936678.15,31-JUL-2020,19904,INE742B01025,
GUJALKALI,EQ,317.95,318.0,312.5,313.6,317.0,315.9,35462,11148794.5,31-JUL-2020,1905,INE186A01019,
GUJAPOLLO,EQ,166.0,166.9,160.6,163.4,162.25,165.8,2427,395976.65,31-JUL-2020,213,INE826C01016,
GUJGASLTD,EQ,287.2,292.05,284.5,289.25,292.0,286.0,367147,105647456.3,31-JUL-2020,9828,INE844O01030,
GUJRAFFIA,BE,10.5,10.5,10.4,10.4,10.4,10.5,16,167.0,31-JUL-2020,2,INE610B01024,
GULFOILLUB,EQ,595.0,595.0,570.5,572.35,573.5,584.4,14699,8519649.0,31-JUL-2020,1091,INE635Q01029,
GULFPETRO,EQ,41.2,41.9,39.9,40.35,40.5,40.95,24302,991368.75,31-JUL-2020,540,INE586G01017,
GULPOLY,EQ,39.75,39.95,39.0,39.85,39.95,38.05,100125,3969026.9,31-JUL-2020,1596,INE255D01024,
GVKPIL,EQ,2.2,2.25,2.1,2.2,2.15,2.2,5032922,10970152.95,31-JUL-2020,1416,INE251H01024,
HAL,EQ,884.8,884.8,865.65,872.45,872.0,879.9,115965,101230550.7,31-JUL-2020,6650,INE066F01012,
HARITASEAT,EQ,366.9,385.4,366.85,371.4,370.0,373.15,2722,1010132.15,31-JUL-2020,305,INE939D01015,
HARRMALAYA,EQ,89.2,91.3,87.25,88.35,88.1,89.35,212172,18857632.7,31-JUL-2020,4133,INE544A01019,
HATHWAY,BE,38.0,38.0,38.0,38.0,38.0,39.95,184804,7022552.0,31-JUL-2020,1555,INE982F01036,
HATSUN,EQ,652.0,670.0,640.55,662.1,660.0,649.25,18216,11960779.4,31-JUL-2020,1290,INE473B01035,
HAVELLS,EQ,578.5,590.0,575.05,583.15,584.0,578.5,1645272,960778206.3,31-JUL-2020,40480,INE176B01034,
HAVISHA,BE,0.7,0.7,0.65,0.65,0.65,0.7,22272,14839.8,31-JUL-2020,33,INE293B01029,
HBLPOWER,EQ,15.15,15.35,14.45,14.65,14.7,15.15,369925,5431656.2,31-JUL-2020,1152,INE292B01021,
HBSL,EQ,5.5,5.75,5.5,5.75,5.75,5.5,475,2631.25,31-JUL-2020,9,INE550B01022,
HCC,EQ,5.5,5.6,5.45,5.55,5.6,5.5,1863758,10261709.75,31-JUL-2020,3763,INE549A01026,
HCG,EQ,126.3,126.4,125.05,126.05,126.05,125.05,59919,7546598.1,31-JUL-2020,389,INE075I01017,
HCL-INSYS,BE,8.7,9.1,8.5,8.9,9.0,8.7,193521,1720830.8,31-JUL-2020,530,INE236A01020,
HCLTECH,EQ,701.85,716.7,696.0,705.2,706.0,695.45,6322672,4473786956.25,31-JUL-2020,115232,INE860A01027,
HDFC,EQ,1805.0,1811.2,1759.0,1781.95,1786.5,1810.65,7746014,13816965912.6,31-JUL-2020,234358,INE001A01036,
HDFCAMC,EQ,2411.75,2428.0,2387.7,2419.65,2420.0,2411.75,217996,524480745.0,31-JUL-2020,23706,INE127D01025,
HDFCBANK,EQ,1057.7,1057.7,1020.05,1032.8,1033.25,1050.65,18865230,19458084557.5,31-JUL-2020,325344,INE040A01034,
HDFCLIFE,EQ,628.7,637.9,619.05,627.1,627.0,635.1,3775023,2370582030.45,31-JUL-2020,86250,INE795G01014,
HDFCMFGETF,EQ,4780.0,4847.0,4772.55,4837.5,4838.0,4761.3,28003,134886782.95,31-JUL-2020,1780,INF179K01CN1,
HDFCNIFETF,EQ,1156.55,1163.83,1148.97,1152.13,1162.8,1155.18,960,1110230.54,31-JUL-2020,112,INF179KB1KP3,
HDFCSENETF,EQ,4001.0,4009.99,3963.01,3980.0,3980.0,4001.0,68,271179.78,31-JUL-2020,22,INF179KB1KQ1,
HEG,EQ,747.15,754.3,730.0,733.25,730.0,746.85,226846,168222518.55,31-JUL-2020,12034,INE545A01016,
HEIDELBERG,EQ,184.0,188.0,183.0,185.15,185.65,183.4,286799,53146962.5,31-JUL-2020,6034,INE578A01017,
HERCULES,EQ,80.5,80.5,78.1,78.6,78.9,78.65,28926,2282254.3,31-JUL-2020,827,INE688E01024,
HERITGFOOD,EQ,311.25,311.25,311.25,311.25,311.25,296.45,42436,13208205.0,31-JUL-2020,503,INE978A01027,
HEROMOTOCO,EQ,2705.0,2709.7,2646.45,2676.5,2670.25,2703.95,1260570,3366477412.65,31-JUL-2020,95512,INE158A01026,
HESTERBIO,EQ,1299.0,1326.0,1286.0,1320.85,1321.0,1322.6,5759,7559834.9,31-JUL-2020,621,INE782E01017,
HEXATRADEX,BE,19.15,20.8,19.15,19.7,19.7,20.1,48674,984612.45,31-JUL-2020,44,INE750M01017,
HEXAWARE,EQ,379.9,385.0,378.2,381.55,383.0,377.35,606085,231356735.45,31-JUL-2020,14322,INE093A01033,
HFCL,EQ,13.05,13.05,12.4,12.5,12.4,12.45,4327208,55095152.95,31-JUL-2020,4709,INE548A01028,
HGINFRA,EQ,182.95,186.85,180.0,182.75,182.5,182.85,15276,2776227.15,31-JUL-2020,960,INE926X01010,
HGS,EQ,807.85,819.0,795.0,809.6,806.05,809.85,30725,24860779.0,31-JUL-2020,2036,INE170I01016,
HIKAL,EQ,149.6,156.9,146.45,155.6,155.15,147.85,2874969,438634109.75,31-JUL-2020,27400,INE475B01022,
HIL,EQ,1240.05,1255.0,1238.0,1239.55,1241.0,1242.3,8419,10480724.75,31-JUL-2020,830,INE557A01011,
HILTON,EQ,8.7,9.0,8.35,8.5,8.65,8.75,8720,74669.8,31-JUL-2020,157,INE788H01017,
HIMATSEIDE,EQ,62.15,63.5,61.2,61.5,61.5,62.6,200845,12507694.25,31-JUL-2020,2297,INE049A01027,
HINDALCO,EQ,161.9,164.5,159.6,163.1,164.0,162.0,9872796,1598004422.8,31-JUL-2020,51131,INE038A01020,
HINDCOMPOS,EQ,164.65,165.95,160.0,161.4,160.25,166.25,2651,430895.1,31-JUL-2020,185,INE310C01029,
HINDCOPPER,EQ,35.65,36.25,35.15,35.45,35.55,35.7,641429,22826228.35,31-JUL-2020,2235,INE531E01026,
HINDMOTORS,EQ,5.5,5.6,5.25,5.5,5.6,5.4,107978,588301.8,31-JUL-2020,306,INE253A01025,
HINDNATGLS,BE,31.35,31.35,29.6,30.0,30.0,30.5,1339,40328.9,31-JUL-2020,13,INE952A01022,
HINDOILEXP,EQ,64.1,67.3,63.75,64.65,64.6,64.1,293297,19283282.55,31-JUL-2020,2392,INE345A01011,
HINDPETRO,EQ,222.95,225.75,213.8,215.0,215.05,223.05,6454986,1406879685.9,31-JUL-2020,81782,INE094A01015,
HINDUNILVR,EQ,2197.5,2221.95,2178.0,2209.9,2210.0,2195.6,1715834,3787813006.35,31-JUL-2020,59984,INE030A01027,
HINDZINC,EQ,210.0,211.5,207.25,210.05,210.95,210.0,885358,185174013.55,31-JUL-2020,15974,INE267A01025,
HIRECT,EQ,113.0,116.0,108.5,112.05,111.95,113.55,26978,3000830.0,31-JUL-2020,967,INE835D01023,
HISARMETAL,EQ,63.15,69.45,62.2,66.25,67.45,64.0,29378,1964256.1,31-JUL-2020,417,INE598C01011,
HITECH,EQ,111.0,114.95,106.5,111.45,114.6,108.1,2747,303886.1,31-JUL-2020,72,INE106T01017,
HITECHCORP,EQ,75.3,76.2,71.55,73.25,72.2,75.8,9929,731466.1,31-JUL-2020,167,INE120D01012,
HITECHGEAR,EQ,103.45,103.5,100.2,101.8,103.0,101.0,7921,805158.95,31-JUL-2020,509,INE127B01011,
HLVLTD,EQ,4.6,4.9,4.5,4.8,4.85,4.7,135939,648673.65,31-JUL-2020,213,INE102A01024,
HMVL,EQ,47.7,47.7,45.3,45.6,45.9,46.65,9764,450295.25,31-JUL-2020,203,INE871K01015,
HNDFDS,EQ,659.75,659.75,640.5,645.25,648.0,650.5,6669,4313755.75,31-JUL-2020,531,INE254N01018,
HNGSNGBEES,EQ,350.0,351.9,343.0,347.64,344.2,350.75,340,118024.6,31-JUL-2020,62,INF204KB19I1,
HONAUT,EQ,26900.0,27550.0,26900.0,26997.65,27000.0,26997.1,1672,45346090.45,31-JUL-2020,1228,INE671A01010,
HONDAPOWER,EQ,1012.0,1024.95,993.25,1017.4,1004.0,999.45,3564,3618675.8,31-JUL-2020,661,INE634A01018,
HOTELRUGBY,BE,1.0,1.05,0.95,1.05,1.05,1.0,7168,7187.35,31-JUL-2020,38,INE275F01019,
HOVS,EQ,35.0,36.05,33.75,34.05,34.05,35.4,3839,132713.35,31-JUL-2020,108,INE596H01014,
HPL,EQ,30.45,31.2,29.05,29.65,29.85,30.35,74053,2193948.6,31-JUL-2020,860,INE495S01016,
HSCL,EQ,44.1,44.25,42.45,42.8,42.85,44.1,835898,35893392.8,31-JUL-2020,4505,INE019C01026,
HSIL,EQ,55.0,55.55,54.65,55.05,55.0,55.0,162102,8908916.6,31-JUL-2020,728,INE415A01038,
HTMEDIA,EQ,12.8,12.8,12.4,12.45,12.45,12.8,14459,181386.7,31-JUL-2020,94,INE501G01024,
HUBTOWN,EQ,10.75,10.8,10.45,10.55,10.5,10.8,28611,302291.2,31-JUL-2020,121,INE703H01016,
HUDCO,EQ,33.85,34.3,33.3,33.7,33.6,33.85,1216522,40953512.85,31-JUL-2020,3575,INE031A01017,
IBMFNIFTY,EQ,116.0,116.0,113.0,114.0,114.0,116.0,177,20294.0,31-JUL-2020,26,INF666M01FS5,
IBREALEST,EQ,51.8,52.05,48.5,50.3,51.25,51.05,2260135,112576814.65,31-JUL-2020,10404,INE069I01010,
IBULHSGFIN,EQ,199.7,199.7,179.75,190.0,189.35,199.7,44051742,8276999654.9,31-JUL-2020,330630,INE148I01020,
IBULISL,BE,41.85,41.9,39.05,40.15,40.95,41.1,162626,6480465.2,31-JUL-2020,655,INE126M01010,
IBVENTURES,EQ,110.0,115.5,104.85,114.05,115.1,110.35,2184578,236163851.0,31-JUL-2020,11215,INE274G01010,
ICICI500,EQ,147.7,147.7,146.62,147.48,147.5,147.2,908,133843.51,31-JUL-2020,78,INF109KC1CZ3,
ICICIB22,EQ,26.08,26.12,25.6,25.64,25.69,26.05,176052,4523067.63,31-JUL-2020,4013,INF109KB15Y7,
ICICIBANK,EQ,346.45,353.0,342.05,346.8,347.2,344.95,37345608,12968752584.85,31-JUL-2020,274656,INE090A01021,
ICICIBANKN,EQ,225.55,225.55,212.55,215.9,215.92,214.64,16001,3433165.83,31-JUL-2020,393,INF109KC1E27,
ICICIBANKP,EQ,119.0,123.3,110.8,120.39,122.0,118.82,139198,16435782.74,31-JUL-2020,2343,INF109KC1E35,
ICICIGI,EQ,1323.0,1323.3,1295.55,1303.6,1298.5,1321.4,247693,324502638.0,31-JUL-2020,43343,INE765G01017,
ICICIGOLD,EQ,47.99,49.45,47.14,48.04,47.98,47.48,4360521,209617875.85,31-JUL-2020,9215,INF109KC1NT3,
ICICILIQ,EQ,1000.0,1000.0,998.65,999.99,1000.0,999.99,30262,30261617.26,31-JUL-2020,97,INF109KC1KT9,
ICICILOVOL,EQ,94.5,97.0,92.35,93.32,93.45,92.82,3156,295919.9,31-JUL-2020,196,INF109KB10T8,
ICICIM150,EQ,58.8,59.5,58.8,59.2,59.2,58.8,315,18696.39,31-JUL-2020,16,INF109KC1G82,
ICICIMCAP,EQ,60.0,60.0,57.42,58.87,58.9,58.6,9246,541256.86,31-JUL-2020,96,INF109KB1XT3,
ICICINF100,EQ,120.01,121.45,119.5,120.44,120.12,121.09,1381,166688.43,31-JUL-2020,110,INF109KA1962,
ICICINIFTY,EQ,117.32,118.0,117.0,117.43,117.66,117.32,57064,6704631.73,31-JUL-2020,4740,INF109K012R6,
ICICINV20,EQ,59.0,59.0,56.75,57.04,57.0,57.03,3246,186494.31,31-JUL-2020,293,INF109KB1WY5,
ICICINXT50,EQ,27.67,27.67,26.27,26.9,26.92,26.69,11609,311713.93,31-JUL-2020,139,INF109KC1NS5,
ICICIPRULI,EQ,454.3,460.65,449.6,452.25,451.95,452.9,2209106,1002885667.05,31-JUL-2020,55165,INE726G01019,
ICICISENSX,EQ,409.0,409.0,402.04,405.26,404.8,404.52,267,108379.61,31-JUL-2020,50,INF346A01034,
ICIL,EQ,66.05,68.8,64.55,65.0,65.1,66.05,179038,11825203.35,31-JUL-2020,1891,INE483B01026,
ICRA,EQ,2549.0,2549.0,2479.8,2509.6,2529.0,2542.75,10903,27289549.1,31-JUL-2020,318,INE725G01011,
IDBI,EQ,40.2,40.45,38.6,38.7,38.75,40.55,2721603,105960038.65,31-JUL-2020,14319,INE008A01015,
IDBIGOLD,EQ,5179.95,5200.0,4962.05,5184.15,5190.0,5035.0,1269,6381075.3,31-JUL-2020,143,INF397L01554,
IDEA,EQ,8.1,8.5,8.1,8.4,8.4,8.0,340468514,2839744778.25,31-JUL-2020,225554,INE669E01016,
IDFC,EQ,18.9,19.25,18.5,19.0,19.15,18.85,5294056,99490107.1,31-JUL-2020,13430,INE043D01016,
IDFCFIRSTB,EQ,27.0,27.15,26.2,26.6,26.7,27.0,39201211,1039058386.65,31-JUL-2020,69331,INE092T01019,
IDFNIFTYET,EQ,115.97,115.97,110.3,112.48,112.2,115.97,1996,225425.42,31-JUL-2020,63,INF194KA1U07,
IEX,EQ,179.9,181.5,176.25,179.2,179.1,180.1,1174294,210101443.15,31-JUL-2020,18303,INE022Q01020,
IFBAGRO,EQ,275.0,278.45,275.0,276.55,277.7,277.4,2692,743283.95,31-JUL-2020,133,INE076C01018,
IFBIND,EQ,374.15,377.7,370.0,371.15,371.75,373.7,22640,8435300.7,31-JUL-2020,1862,INE559A01017,
IFCI,EQ,6.35,6.4,6.1,6.2,6.2,6.3,1821961,11321641.9,31-JUL-2020,79398,INE039A01010,
IFGLEXPOR,EQ,108.65,112.45,106.0,107.75,106.65,108.3,3556,386767.0,31-JUL-2020,112,INE133Y01011,
IGARASHI,EQ,258.05,262.0,256.2,258.05,259.2,256.75,32960,8521135.75,31-JUL-2020,1420,INE188B01013,
IGL,EQ,405.0,407.9,401.6,403.7,404.0,402.25,2438676,987472498.25,31-JUL-2020,42837,INE203G01027,
IGPL,EQ,161.5,161.5,154.2,158.05,157.5,158.95,15465,2456205.15,31-JUL-2020,741,INE204A01010,
IIFL,EQ,68.5,69.6,66.8,67.35,67.6,69.0,398971,27000142.45,31-JUL-2020,2763,INE530B01024,
IIFLSEC,EQ,39.95,40.6,38.25,38.8,38.75,39.95,505365,19616057.0,31-JUL-2020,2029,INE489L01022,
IIFLWAM,EQ,989.95,1100.7,987.35,1070.25,1100.0,998.75,34735,36012290.45,31-JUL-2020,1567,INE466L01020,
IITL,EQ,51.0,51.0,51.0,51.0,51.0,52.0,581,29631.0,31-JUL-2020,4,INE886A01014,
IMAGICAA,BE,4.65,4.8,4.45,4.5,4.55,4.65,80584,363078.45,31-JUL-2020,140,INE172N01012,
IMFA,EQ,176.9,176.9,165.1,170.95,172.0,167.9,6478,1093553.6,31-JUL-2020,520,INE919H01018,
IMPAL,EQ,520.05,524.95,517.0,520.0,520.0,524.0,420,218475.6,31-JUL-2020,55,INE547E01014,
IMPEXFERRO,BE,0.9,0.9,0.9,0.9,0.9,0.95,13896,12506.4,31-JUL-2020,26,INE691G01015,
INDBANK,EQ,6.7,6.7,6.5,6.6,6.6,6.7,13086,86595.2,31-JUL-2020,110,INE841B01017,
INDHOTEL,EQ,77.6,78.2,76.1,76.35,76.4,76.9,2093421,160929713.45,31-JUL-2020,10173,INE053A01029,
INDIACEM,EQ,112.2,115.5,110.7,111.4,112.0,111.95,1606687,180995140.9,31-JUL-2020,11892,INE383A01012,
INDIAGLYCO,EQ,273.25,273.5,268.0,269.3,268.95,271.85,322471,87086445.75,31-JUL-2020,9806,INE560A01015,
INDIAMART,EQ,2619.9,2870.0,2619.9,2828.3,2844.95,2598.35,516016,1411200882.35,31-JUL-2020,41817,INE933S01016,
INDIANB,EQ,58.3,58.8,57.5,58.45,58.35,58.3,1165669,67825244.7,31-JUL-2020,5942,INE562A01011,
INDIANCARD,EQ,93.9,108.0,89.3,99.5,97.0,90.6,23554,2429257.15,31-JUL-2020,624,INE061A01014,
INDIANHUME,EQ,169.9,169.9,154.0,165.35,166.0,168.3,63587,10489084.2,31-JUL-2020,1704,INE323C01030,
INDIGO,EQ,941.75,989.65,931.0,979.85,980.0,938.5,2953478,2859892357.85,31-JUL-2020,92938,INE646L01027,
INDLMETER,BE,12.85,13.45,12.35,12.75,12.75,12.95,641,8315.25,31-JUL-2020,8,INE065B01013,
INDNIPPON,EQ,267.0,269.0,264.85,267.5,266.15,266.6,8331,2228050.25,31-JUL-2020,313,INE092B01025,
INDOCO,EQ,214.7,229.9,214.7,226.55,227.0,212.55,225082,50208205.7,31-JUL-2020,6302,INE873D01024,
INDORAMA,EQ,14.75,14.75,14.2,14.65,14.75,14.1,18635,270124.45,31-JUL-2020,106,INE156A01020,
INDOSTAR,EQ,263.0,263.0,255.1,255.65,256.0,258.8,6203,1592657.65,31-JUL-2020,923,INE896L01010,
INDOTECH,EQ,91.45,94.7,91.45,93.8,94.35,93.65,2616,245054.9,31-JUL-2020,183,INE332H01014,
INDOTHAI,BE,16.4,17.65,16.35,16.55,16.55,17.2,4001,66171.4,31-JUL-2020,24,INE337M01013,
INDOWIND,BE,3.0,3.05,2.85,2.85,3.0,3.0,16142,46736.55,31-JUL-2020,64,INE227G01018,
INDRAMEDCO,EQ,59.85,60.9,56.0,56.35,56.45,60.4,715180,40843791.95,31-JUL-2020,6374,INE681B01017,
INDSWFTLAB,EQ,34.75,34.95,33.4,34.1,34.15,33.85,51161,1743281.35,31-JUL-2020,462,INE915B01019,
INDSWFTLTD,BE,2.25,2.45,2.25,2.25,2.25,2.35,2224,5154.0,31-JUL-2020,10,INE788B01028,
INDTERRAIN,EQ,26.05,26.35,25.35,25.7,25.45,26.1,126844,3254462.15,31-JUL-2020,767,INE611L01021,
INDUSINDBK,EQ,525.2,528.5,515.75,523.75,525.0,519.85,11161613,5826625546.3,31-JUL-2020,134361,INE095A01012,
INEOSSTYRO,EQ,513.5,540.0,501.25,533.8,534.95,514.85,78524,41326059.0,31-JUL-2020,2045,INE189B01011,
INFIBEAM,EQ,76.65,78.5,75.85,76.75,76.5,77.45,461122,35551655.05,31-JUL-2020,2338,INE483S01020,
INFOBEAN,EQ,112.05,115.5,105.5,108.6,109.0,110.7,48418,5358755.8,31-JUL-2020,838,INE344S01016,
INFRABEES,EQ,322.0,324.86,315.73,323.7,323.7,316.7,908,290592.31,31-JUL-2020,91,INF732E01268,
INFRATEL,EQ,194.8,196.3,188.55,192.1,191.85,192.5,4724546,914082214.55,31-JUL-2020,42106,INE121J01017,
INFY,EQ,969.25,986.45,953.3,966.0,967.75,961.45,12704359,12337423707.7,31-JUL-2020,195979,INE009A01021,
INGERRAND,EQ,605.3,610.9,597.65,605.9,607.15,606.3,8658,5217893.85,31-JUL-2020,920,INE177A01018,
INOXLEISUR,EQ,238.0,238.9,229.0,230.45,231.4,238.25,474645,109665930.5,31-JUL-2020,14175,INE312H01016,
INOXWIND,EQ,35.1,35.2,34.05,34.6,34.5,35.1,24330,849089.65,31-JUL-2020,359,INE066P01011,
INSECTICID,EQ,420.0,427.95,412.0,416.4,415.7,424.6,63061,26230949.1,31-JUL-2020,3506,INE070I01018,
INSPIRISYS,EQ,27.85,27.85,24.2,25.05,25.0,26.8,13927,359542.3,31-JUL-2020,128,INE020G01017,
INTEGRA,BE,1.7,1.7,1.7,1.7,1.7,1.65,1069,1817.3,31-JUL-2020,5,INE418N01027,
INTELLECT,EQ,158.0,163.9,154.4,159.85,159.0,158.95,292221,46900798.0,31-JUL-2020,3910,INE306R01017,
INTENTECH,EQ,39.6,40.25,37.3,40.2,40.0,38.35,44858,1776331.4,31-JUL-2020,295,INE781A01025,
INVENTURE,EQ,17.4,17.4,17.25,17.4,17.4,17.25,16290,281885.65,31-JUL-2020,18,INE878H01016,
IOB,EQ,10.5,10.5,10.25,10.35,10.35,10.5,2806592,29018878.2,31-JUL-2020,2832,INE565A01014,
IOC,EQ,89.3,89.95,87.25,88.45,88.55,88.55,41414494,3668849859.95,31-JUL-2020,109264,INE242A01010,
IOLCP,EQ,759.0,788.0,750.0,780.5,787.0,752.3,1631324,1258296960.45,31-JUL-2020,47011,INE485C01011,
IPCALAB,EQ,1749.9,1902.0,1749.9,1874.6,1880.1,1745.5,703369,1313111032.85,31-JUL-2020,56417,INE571A01020,
IRB,EQ,123.5,124.8,119.7,120.85,120.8,122.8,1679196,204700478.6,31-JUL-2020,12321,INE821I01014,
IRCON,EQ,92.0,93.0,91.0,91.35,91.35,91.45,584780,53652485.95,31-JUL-2020,4364,INE962Y01021,
IRCTC,EQ,1345.8,1346.7,1332.15,1335.85,1337.95,1340.7,214884,287384353.2,31-JUL-2020,15227,INE335Y01012,
ISEC,EQ,454.05,473.0,445.3,455.0,456.35,453.95,874950,399819739.7,31-JUL-2020,25820,INE763G01038,
ISFT,BE,67.5,70.4,66.0,67.55,67.55,67.5,3362,230054.1,31-JUL-2020,27,INE566K01011,
ISMTLTD,BE,4.65,4.65,4.5,4.55,4.5,4.65,37065,169000.7,31-JUL-2020,69,INE732F01019,
ITC,EQ,193.5,196.95,193.5,194.15,194.1,193.35,16653836,3253984491.95,31-JUL-2020,87841,INE154A01025,
ITDC,EQ,215.7,221.65,211.35,212.95,212.8,215.7,26011,5614752.1,31-JUL-2020,1047,INE353K01014,
ITDCEM,EQ,47.25,47.95,44.1,45.25,45.4,46.95,197739,9091244.1,31-JUL-2020,1795,INE686A01026,
ITI,EQ,133.2,133.2,128.5,128.95,128.65,132.55,1047294,136314787.55,31-JUL-2020,14382,INE248A01017,
IVC,BE,3.7,3.7,3.55,3.7,3.7,3.55,293228,1079978.1,31-JUL-2020,256,INE050B01023,
IVP,EQ,45.2,46.05,45.2,45.45,46.0,47.55,5661,256059.4,31-JUL-2020,69,INE043C01018,
IVZINGOLD,EQ,5599.9,5599.9,4850.0,4893.25,4894.9,4905.55,587,2877994.9,31-JUL-2020,136,INF205K01361,
IVZINNIFTY,EQ,1203.6,1203.6,1183.25,1183.25,1183.25,1221.05,4,4789.15,31-JUL-2020,3,INF205K01DA9,
IZMO,EQ,20.45,21.0,19.6,20.45,20.8,20.45,18516,376627.85,31-JUL-2020,343,INE848A01014,
J&KBANK,EQ,16.05,16.15,15.5,15.8,15.95,15.95,1275902,20120547.2,31-JUL-2020,2370,INE168A01041,
JAGRAN,EQ,38.5,38.8,38.25,38.35,38.25,38.45,160489,6167650.55,31-JUL-2020,893,INE199G01027,
JAGSNPHARM,EQ,33.6,34.75,33.6,34.4,34.15,33.6,83867,2880671.45,31-JUL-2020,598,INE048B01027,
JAIBALAJI,EQ,19.2,19.5,18.3,18.6,18.3,18.65,1830,34460.3,31-JUL-2020,19,INE091G01018,
JAICORPLTD,EQ,88.4,88.85,86.5,87.0,86.55,88.05,1727739,151798909.8,31-JUL-2020,7949,INE070D01027,
JAINSTUDIO,BE,4.9,4.9,4.9,4.9,4.9,5.15,2354,11534.6,31-JUL-2020,11,INE486B01011,
JAMNAAUTO,EQ,28.55,29.3,28.4,28.5,28.45,28.75,606227,17410355.15,31-JUL-2020,2967,INE039C01032,
JASH,EQ,140.45,145.65,136.05,141.7,139.0,139.6,2054,288123.1,31-JUL-2020,58,INE039O01011,
JAYAGROGN,EQ,87.55,89.45,86.0,86.55,86.5,88.5,7189,626508.2,31-JUL-2020,182,INE785A01026,
JAYBARMARU,EQ,173.0,174.5,169.5,170.55,172.0,169.2,26419,4552897.8,31-JUL-2020,1094,INE571B01028,
JAYNECOIND,BE,3.0,3.1,2.85,2.85,2.85,3.0,19080,56562.1,31-JUL-2020,37,INE854B01010,
JAYSREETEA,EQ,57.0,57.0,54.6,55.0,55.25,56.9,69735,3870588.85,31-JUL-2020,797,INE364A01020,
JBCHEPHARM,EQ,729.5,745.0,725.85,734.2,732.15,726.85,695574,512320920.95,31-JUL-2020,18115,INE572A01028,
JBFIND,BE,9.75,10.2,9.3,9.95,10.0,9.75,19484,193348.2,31-JUL-2020,70,INE187A01017,
JBMA,EQ,192.55,193.6,185.55,188.5,191.9,192.1,14909,2832216.5,31-JUL-2020,936,INE927D01028,
JCHAC,EQ,2055.0,2100.4,2032.8,2065.65,2069.0,2059.15,6207,12855023.4,31-JUL-2020,1428,INE782A01015,
JHS,BE,13.4,13.4,12.75,12.8,12.8,13.15,35385,455395.0,31-JUL-2020,128,INE544H01014,
JINDALPHOT,EQ,11.8,12.9,11.8,12.7,12.9,12.65,1650,20409.85,31-JUL-2020,34,INE796G01012,
JINDALPOLY,EQ,361.1,377.0,361.1,373.9,372.85,365.1,46001,17042833.8,31-JUL-2020,1938,INE197D01010,
JINDALSAW,EQ,56.35,56.4,54.5,54.7,54.95,56.15,699957,38662446.35,31-JUL-2020,5331,INE324A01024,
JINDALSTEL,EQ,182.1,186.3,180.75,184.85,185.0,182.55,12166469,2243096826.55,31-JUL-2020,69324,INE749A01030,
JINDRILL,BE,65.05,67.8,64.25,65.35,66.0,65.25,3465,227263.3,31-JUL-2020,88,INE742C01031,
JINDWORLD,EQ,44.95,45.0,44.35,44.5,44.5,44.95,3325,149081.35,31-JUL-2020,48,INE247D01039,
JISLDVREQS,BE,9.9,9.9,9.15,9.5,9.3,9.6,38577,364908.8,31-JUL-2020,149,IN9175A01010,
JISLJALEQS,BE,10.25,10.5,9.85,10.05,10.1,10.2,1247599,12531244.7,31-JUL-2020,1642,INE175A01038,
JITFINFRA,BE,6.0,6.0,5.7,5.7,5.7,5.95,780,4650.0,31-JUL-2020,8,INE863T01013,
JIYAECO,EQ,10.4,10.4,10.4,10.4,10.4,10.9,28703,298511.2,31-JUL-2020,108,INE023S01016,
JKCEMENT,EQ,1491.0,1510.55,1476.1,1500.05,1500.0,1486.75,117687,176511949.6,31-JUL-2020,7630,INE823G01014,
JKIL,EQ,94.5,99.0,94.1,95.9,95.65,92.95,1305940,126225634.6,31-JUL-2020,10890,INE576I01022,
JKLAKSHMI,EQ,294.75,298.0,289.65,294.35,298.0,290.35,129246,37952212.6,31-JUL-2020,5345,INE786A01032,
JKPAPER,EQ,96.4,96.55,94.05,94.15,94.1,95.4,749652,71072885.8,31-JUL-2020,6529,INE789E01012,
JKTYRE,EQ,64.5,65.8,63.85,64.95,65.0,64.9,337353,21867629.45,31-JUL-2020,2738,INE573A01042,
JMA,EQ,24.0,24.5,24.0,24.0,24.4,24.0,8041,193245.1,31-JUL-2020,21,INE412C01023,
JMCPROJECT,EQ,44.65,45.3,43.8,44.85,44.7,44.65,33773,1501523.05,31-JUL-2020,595,INE890A01024,
JMFINANCIL,EQ,76.0,78.0,74.05,74.7,74.6,77.15,926913,70369024.55,31-JUL-2020,13484,INE780C01023,
JMTAUTOLTD,BE,3.2,3.5,3.2,3.5,3.5,3.35,718980,2408761.8,31-JUL-2020,1179,INE988E01036,
JOCIL,EQ,178.75,180.0,170.0,172.3,173.15,177.8,14380,2499485.85,31-JUL-2020,382,INE839G01010,
JPASSOCIAT,EQ,3.3,3.3,3.15,3.3,3.3,3.15,13848657,45182728.55,31-JUL-2020,3546,INE455F01025,
JPINFRATEC,BE,1.45,1.45,1.35,1.35,1.35,1.4,1432072,1938561.05,31-JUL-2020,456,INE099J01015,
JPOLYINVST,BE,12.75,12.75,12.75,12.75,12.75,12.75,50,637.5,31-JUL-2020,4,INE147P01019,
JPPOWER,EQ,2.2,2.2,2.2,2.2,2.2,2.1,1203954,2648698.8,31-JUL-2020,422,INE351F01018,
JSL,EQ,36.0,36.45,35.25,35.45,35.4,35.8,179152,6395567.35,31-JUL-2020,984,INE220G01021,
JSLHISAR,EQ,70.25,72.0,66.8,70.55,71.55,69.9,494465,34242717.5,31-JUL-2020,3871,INE455T01018,
JSWENERGY,EQ,46.4,47.5,45.5,45.9,45.95,46.05,1871047,86984404.1,31-JUL-2020,6921,INE121E01018,
JSWHL,EQ,1849.85,1849.9,1750.0,1770.45,1761.0,1815.95,989,1757860.2,31-JUL-2020,187,INE824G01012,
JSWSTEEL,EQ,214.5,221.25,213.3,220.25,220.45,214.35,7306693,1596090343.25,31-JUL-2020,43364,INE019A01038,
JTEKTINDIA,EQ,62.6,62.9,61.0,61.95,61.75,62.25,211653,13082061.75,31-JUL-2020,1820,INE643A01035,
JUBILANT,EQ,780.75,814.5,766.0,795.0,795.0,779.9,1057762,840967735.35,31-JUL-2020,30202,INE700A01033,
JUBLFOOD,EQ,1770.0,1811.85,1714.0,1720.45,1730.1,1770.3,1318351,2320557439.6,31-JUL-2020,58921,INE797F01012,
JUBLINDS,EQ,109.0,110.0,106.35,106.6,106.5,107.4,5405,583444.65,31-JUL-2020,301,INE645L01011,
JUMPNET,EQ,76.0,77.35,75.1,75.65,75.2,75.85,1554168,118307462.25,31-JUL-2020,5733,INE974C01022,
JUNIORBEES,EQ,274.75,281.66,273.71,279.66,279.95,276.69,66020,18408172.7,31-JUL-2020,1981,INF732E01045,
JUSTDIAL,EQ,363.0,372.9,358.0,366.75,368.05,361.15,1913743,700649978.95,31-JUL-2020,24376,INE599M01018,
JYOTHYLAB,EQ,120.0,130.85,119.95,123.2,122.7,119.95,2943344,369797106.7,31-JUL-2020,33787,INE668F01031,
KABRAEXTRU,EQ,50.6,53.25,49.1,52.8,53.0,50.75,34060,1760442.05,31-JUL-2020,589,INE900B01029,
KAJARIACER,EQ,405.75,412.2,400.8,405.4,405.1,405.75,166445,67667995.75,31-JUL-2020,6114,INE217B01036,
KAKATCEM,EQ,141.9,141.9,138.0,138.4,138.95,138.9,5871,813138.4,31-JUL-2020,233,INE437B01014,
KALPATPOWR,EQ,234.5,234.5,228.5,229.1,230.0,234.2,203608,46913689.3,31-JUL-2020,5133,INE220B01022,
KALYANIFRG,BE,132.0,135.95,130.0,130.35,130.0,133.0,1162,153408.05,31-JUL-2020,18,INE314G01014,
KAMATHOTEL,EQ,31.05,32.4,29.8,31.0,30.85,31.9,391382,12207359.65,31-JUL-2020,2619,INE967C01018,
KAMDHENU,BE,70.05,71.9,69.2,70.95,71.0,70.05,6870,482336.4,31-JUL-2020,70,INE390H01012,
KANANIIND,BE,4.35,4.35,4.15,4.15,4.15,4.35,421,1751.35,31-JUL-2020,5,INE879E01037,
KANORICHEM,EQ,33.75,33.9,33.0,33.25,33.2,33.7,8943,298332.15,31-JUL-2020,137,INE138C01024,
KANSAINER,EQ,421.0,437.0,419.45,433.55,435.0,419.35,176539,75492361.2,31-JUL-2020,4586,INE531A01024,
KAPSTON,EQ,87.0,93.5,87.0,89.0,89.0,89.15,109,9508.05,31-JUL-2020,6,INE542Z01010,
KARDA,BE,76.35,76.65,72.1,76.6,76.4,73.0,260239,19523832.75,31-JUL-2020,366,INE278R01026,
KARMAENG,EQ,9.75,9.8,9.75,9.75,9.75,9.75,170,1662.25,31-JUL-2020,12,INE725L01011,
KARURVYSYA,EQ,34.8,35.95,33.5,34.55,34.35,34.4,13283774,465892711.65,31-JUL-2020,34517,INE036D01028,
KAUSHALYA,BE,1.15,1.15,1.15,1.15,1.15,1.1,422403,485763.45,31-JUL-2020,46,INE234I01010,
KAYA,BE,201.95,207.9,193.2,205.35,207.9,198.0,14772,2967555.2,31-JUL-2020,247,INE587G01015,
KCP,EQ,57.55,58.6,56.75,57.2,57.2,58.15,140593,8085282.7,31-JUL-2020,941,INE805C01028,
KCPSUGIND,EQ,14.05,14.35,14.05,14.1,14.15,14.2,167917,2372887.85,31-JUL-2020,534,INE790B01024,
KDDL,BE,126.0,128.0,121.5,123.0,123.0,126.9,714,88237.25,31-JUL-2020,37,INE291D01011,
KEC,EQ,278.15,279.55,273.1,274.95,273.5,279.95,346311,95848583.4,31-JUL-2020,8995,INE389H01022,
KECL,EQ,10.5,10.75,9.85,9.85,9.85,10.35,96465,968247.55,31-JUL-2020,445,INE134B01017,
KEI,EQ,354.0,354.95,346.05,348.15,351.0,351.65,131639,46092790.05,31-JUL-2020,4416,INE878B01027,
KELLTONTEC,BE,21.6,22.45,20.4,20.9,20.75,21.4,244130,5197828.6,31-JUL-2020,260,INE164B01022,
KENNAMET,EQ,714.95,720.05,707.0,707.7,711.0,711.3,1459,1043609.55,31-JUL-2020,155,INE717A01029,
KERNEX,BE,17.45,18.25,16.65,16.75,16.75,17.45,2255,39144.7,31-JUL-2020,23,INE202H01019,
KESORAMIND,EQ,34.5,37.95,34.45,35.15,35.05,34.7,606692,21964968.7,31-JUL-2020,4718,INE087A01019,
KEYFINSERV,EQ,38.05,38.05,38.05,38.05,38.05,36.4,1,38.05,31-JUL-2020,1,INE681C01015,
KHADIM,BE,110.5,114.0,108.0,108.6,109.95,110.4,16269,1784475.15,31-JUL-2020,359,INE834I01025,
KHANDSE,EQ,9.2,9.2,9.2,9.2,9.2,9.2,93,855.6,31-JUL-2020,3,INE060B01014,
KICL,EQ,1253.15,1276.5,1251.5,1267.25,1276.5,1263.9,965,1213966.35,31-JUL-2020,141,INE029L01018,
KILITCH,BE,89.4,89.9,85.7,86.0,86.0,86.05,6848,596492.5,31-JUL-2020,97,INE729D01010,
KINGFA,EQ,447.85,464.9,443.4,452.45,463.0,453.05,8625,3872624.95,31-JUL-2020,507,INE473D01015,
KIOCL,EQ,126.0,128.8,121.15,126.6,126.0,123.4,40179,5018942.95,31-JUL-2020,1198,INE880L01014,
KIRIINDUS,EQ,495.6,503.0,491.0,493.15,491.1,495.6,117343,58007454.3,31-JUL-2020,3048,INE415I01015,
KIRLFER,EQ,75.3,76.7,75.05,75.5,75.5,75.5,31074,2346946.8,31-JUL-2020,463,INE884B01025,
KIRLOSBROS,EQ,131.9,136.0,129.15,131.05,132.0,131.3,310737,41351250.5,31-JUL-2020,4470,INE732A01036,
KIRLOSENG,EQ,106.55,109.15,105.0,105.45,105.3,107.75,64966,6918047.1,31-JUL-2020,1287,INE146L01010,
KIRLOSIND,EQ,620.7,628.0,606.0,616.8,613.05,620.7,1088,671851.75,31-JUL-2020,428,INE250A01039,
KITEX,EQ,106.0,106.5,103.15,103.7,103.5,106.15,79501,8294156.3,31-JUL-2020,1520,INE602G01020,
KKCL,EQ,680.0,699.0,669.65,692.9,695.0,679.95,5066,3459288.7,31-JUL-2020,660,INE401H01017,
KMSUGAR,EQ,8.7,8.7,8.35,8.45,8.45,8.5,32720,276345.35,31-JUL-2020,171,INE157H01023,
KNRCON,EQ,205.0,213.0,201.15,210.6,212.0,203.15,164312,34241861.1,31-JUL-2020,5033,INE634I01029,
KOKUYOCMLN,EQ,52.15,53.9,52.0,52.45,52.4,52.55,57344,3019305.8,31-JUL-2020,762,INE760A01029,
KOLTEPATIL,EQ,142.0,142.0,137.0,137.55,137.5,139.85,54292,7503543.3,31-JUL-2020,2238,INE094I01018,
KOPRAN,EQ,46.2,48.8,42.6,47.9,47.6,44.7,1011728,46866092.65,31-JUL-2020,5976,INE082A01010,
KOTAKBANK,EQ,1375.0,1389.95,1350.35,1365.75,1365.2,1385.0,3223070,4420411563.65,31-JUL-2020,103063,INE237A01028,
KOTAKBKETF,EQ,221.0,221.0,216.17,219.06,218.21,220.34,142138,31031456.26,31-JUL-2020,1447,INF174K01F59,
KOTAKGOLD,EQ,470.0,473.45,468.0,472.1,471.55,466.0,117539,55321800.0,31-JUL-2020,1706,INF373I01049,
KOTAKNIFTY,EQ,115.7,115.88,115.0,115.35,115.5,115.35,20795,2400432.82,31-JUL-2020,511,INF174K014P6,
KOTAKNV20,EQ,57.7,58.8,57.7,58.34,58.39,57.95,13176,769044.62,31-JUL-2020,54,INF174K01Z71,
KOTAKPSUBK,EQ,138.7,141.0,136.04,138.95,138.4,139.65,12341,1706128.98,31-JUL-2020,235,INF373I01023,
KOTARISUG,EQ,13.2,13.3,12.9,13.1,13.2,13.2,47884,625031.4,31-JUL-2020,154,INE419A01022,
KOTHARIPET,EQ,14.95,15.45,14.65,15.0,15.1,15.05,13958,210287.75,31-JUL-2020,97,INE720A01015,
KOTHARIPRO,EQ,59.25,61.8,59.25,59.7,60.4,60.25,3072,183049.2,31-JUL-2020,58,INE823A01017,
KPITTECH,EQ,66.0,66.35,63.75,64.3,64.85,65.15,327169,21251442.0,31-JUL-2020,2861,INE04I401011,
KPRMILL,EQ,421.5,432.0,415.1,419.3,419.9,425.7,6205,2623181.05,31-JUL-2020,852,INE930H01023,
KRBL,EQ,262.8,274.0,260.25,270.55,270.4,258.55,823072,221465100.35,31-JUL-2020,15916,INE001B01026,
KREBSBIO,EQ,90.0,98.15,85.0,90.25,88.7,82.95,510074,47254627.0,31-JUL-2020,8265,INE268B01013,
KRIDHANINF,BE,3.0,3.15,2.95,3.1,3.1,3.1,36955,111376.5,31-JUL-2020,96,INE524L01026,
KRISHANA,BE,49.0,49.0,48.0,48.0,48.0,48.05,119,5731.0,31-JUL-2020,3,INE506W01012,
KSB,EQ,509.05,518.1,504.75,507.05,505.7,508.2,12781,6532997.5,31-JUL-2020,1315,INE999A01015,
KSCL,EQ,588.0,617.35,585.2,604.3,603.5,594.75,240815,145408127.9,31-JUL-2020,9415,INE455I01029,
KSERASERA,BE,0.3,0.3,0.25,0.3,0.3,0.25,2365812,679176.45,31-JUL-2020,581,INE216D01026,
KSL,EQ,217.0,218.15,212.0,215.3,215.5,215.05,96261,20684115.25,31-JUL-2020,2020,INE907A01026,
KTKBANK,EQ,42.4,42.5,41.45,41.85,41.95,42.15,1269874,53065252.2,31-JUL-2020,4741,INE614B01018,
KUANTUM,EQ,47.4,49.75,45.5,49.0,49.3,47.4,28158,1371646.1,31-JUL-2020,381,INE529I01021,
KWALITY,BE,3.2,3.2,3.05,3.1,3.1,3.2,496085,1521859.6,31-JUL-2020,530,INE775B01025,
L&TFH,EQ,60.15,60.4,59.15,60.0,60.0,60.1,7888047,471722004.5,31-JUL-2020,26407,INE498L01015,
LAKSHVILAS,EQ,20.2,20.4,19.8,19.8,19.8,20.8,1205612,23944245.85,31-JUL-2020,2087,INE694C01018,
LALPATHLAB,EQ,1895.0,1962.0,1862.85,1891.7,1878.0,1881.05,435485,835723445.7,31-JUL-2020,32753,INE600L01024,
LAMBODHARA,EQ,26.35,27.5,26.05,26.65,26.3,26.7,4539,120977.95,31-JUL-2020,109,INE112F01022,
LAOPALA,EQ,181.9,184.7,180.1,180.75,181.15,181.8,45503,8266266.75,31-JUL-2020,1146,INE059D01020,
LASA,BE,50.5,50.5,49.0,50.5,50.5,48.1,46193,2331856.5,31-JUL-2020,168,INE670X01014,
LAURUSLABS,EQ,825.0,945.0,815.0,933.25,942.0,790.25,10629191,9395558458.65,31-JUL-2020,274673,INE947Q01010,
LAXMIMACH,EQ,2887.75,3024.8,2887.75,2992.65,3010.0,2889.55,6906,20455641.05,31-JUL-2020,1123,INE269B01029,
LEMONTREE,EQ,23.55,24.25,23.05,23.6,23.6,23.55,1083900,25515144.55,31-JUL-2020,3708,INE970X01018,
LFIC,BE,48.8,52.9,48.8,51.45,51.45,51.35,578,28832.0,31-JUL-2020,22,INE850E01012,
LGBBROSLTD,EQ,224.0,228.0,222.0,225.95,227.0,228.0,12735,2864936.2,31-JUL-2020,744,INE337A01034,
LGBFORGE,BE,2.4,2.4,2.2,2.4,2.4,2.3,9966,23272.9,31-JUL-2020,18,INE201J01017,
LIBAS,EQ,43.1,45.5,43.1,45.25,45.5,44.2,23397,1048777.6,31-JUL-2020,243,INE908V01012,
LIBERTSHOE,EQ,136.0,136.35,133.3,133.65,134.0,138.45,98180,13222637.3,31-JUL-2020,2635,INE557B01019,
LICHSGFIN,EQ,265.2,266.7,260.75,262.5,263.0,263.9,3019816,794891427.5,31-JUL-2020,33400,INE115A01026,
LICNETFGSC,EQ,21.75,22.0,21.72,21.98,21.98,21.75,1972,43156.78,31-JUL-2020,54,INF767K01MV5,
LICNETFN50,EQ,115.97,117.46,113.76,114.94,113.76,116.39,10703,1240637.47,31-JUL-2020,1008,INF767K01OS7,
LICNETFSEN,EQ,394.0,394.0,388.75,389.79,388.75,399.0,27,10528.66,31-JUL-2020,11,INF767K01OT5,
LICNFNHGP,EQ,114.76,115.0,114.75,115.0,115.0,116.0,138,15845.73,31-JUL-2020,3,INF767K01PC8,
LINCOLN,EQ,197.5,202.9,190.95,192.55,191.4,197.25,349025,68902392.6,31-JUL-2020,5692,INE405C01035,
LINCPEN,EQ,155.45,159.95,152.4,156.65,157.5,159.25,2359,370908.3,31-JUL-2020,109,INE802B01019,
LINDEINDIA,EQ,638.0,647.0,622.0,632.8,627.0,630.3,74279,47101115.75,31-JUL-2020,3869,INE473A01011,
LIQUIDBEES,EQ,999.9,1000.01,997.3,1000.0,1000.0,1000.0,832304,832304285.99,31-JUL-2020,4818,INF732E01037,
LIQUIDETF,EQ,1000.04,1000.04,999.99,999.99,1000.0,1000.0,53340,53339885.85,31-JUL-2020,803,INF740KA1EU7,
LOKESHMACH,EQ,21.75,22.3,21.65,22.2,22.15,21.9,31340,689903.85,31-JUL-2020,211,INE397H01017,
LOTUSEYE,EQ,28.5,28.5,26.15,26.25,26.3,27.65,2947,80589.4,31-JUL-2020,30,INE947I01017,
LOVABLE,EQ,48.6,51.0,45.8,48.4,48.1,48.45,12402,598110.6,31-JUL-2020,230,INE597L01014,
LPDC,BE,1.4,1.4,1.3,1.3,1.3,1.35,1051,1417.9,31-JUL-2020,4,INE197J01017,
LSIL,BE,0.75,0.8,0.7,0.75,0.75,0.75,823554,598549.75,31-JUL-2020,453,INE093R01011,
LT,EQ,913.9,922.9,907.05,913.45,914.4,908.25,2944063,2691691344.45,31-JUL-2020,65192,INE018A01030,
LTI,EQ,2360.05,2435.0,2360.05,2416.8,2415.0,2386.5,87331,210560648.35,31-JUL-2020,13555,INE214T01019,
LTTS,EQ,1524.0,1524.0,1473.5,1511.35,1510.0,1504.15,231823,348845889.05,31-JUL-2020,15653,INE010V01017,
LUMAXIND,EQ,1225.0,1251.0,1200.05,1240.85,1251.0,1191.55,10147,12408474.25,31-JUL-2020,791,INE162B01018,
LUMAXTECH,EQ,93.6,96.5,93.2,95.65,95.0,93.15,53493,5071039.5,31-JUL-2020,940,INE872H01027,
LUPIN,EQ,894.75,931.0,878.7,926.55,923.6,890.4,5233520,4760460489.15,31-JUL-2020,113944,INE326A01037,
LUXIND,EQ,1125.1,1159.5,1115.2,1122.1,1129.0,1132.2,38039,43294758.55,31-JUL-2020,2836,INE150G01020,
LYKALABS,BE,18.2,18.2,17.0,17.4,17.95,17.45,13040,228846.95,31-JUL-2020,89,INE933A01014,
LYPSAGEMS,EQ,2.95,3.1,2.9,3.0,3.05,3.05,9219,27497.85,31-JUL-2020,37,INE142K01011,
M&M,EQ,599.9,610.85,592.15,606.45,610.0,598.35,3962668,2386641654.85,31-JUL-2020,55046,INE101A01026,
M&MFIN,EQ,131.6,132.3,128.75,130.25,130.55,131.5,8497934,1108000086.55,31-JUL-2020,46010,INE774D01024,
M&MFIN-RE,BE,73.8,74.9,71.05,72.6,73.25,72.65,2636273,193346285.1,31-JUL-2020,12366,INE774D20016,
M100,EQ,16.48,16.48,16.03,16.3,16.33,16.13,81106,1316573.03,31-JUL-2020,241,INF247L01023,
M50,EQ,109.52,109.52,108.31,108.5,108.5,109.4,243,26449.8,31-JUL-2020,12,INF247L01536,
MAANALU,EQ,51.05,51.7,50.1,51.1,50.95,51.15,5697,289740.15,31-JUL-2020,186,INE215I01019,
MADHAV,EQ,23.0,23.0,20.4,20.9,21.65,21.95,4103,87038.75,31-JUL-2020,85,INE925C01016,
MADRASFERT,EQ,17.95,17.95,17.2,17.45,17.6,17.7,77747,1351012.2,31-JUL-2020,337,INE414A01015,
MAGADSUGAR,EQ,126.9,126.9,122.2,123.25,122.5,123.95,28600,3544369.05,31-JUL-2020,367,INE347W01011,
MAGMA,EQ,26.65,26.65,25.3,25.75,25.75,26.05,1795856,45927376.55,31-JUL-2020,1334,INE511C01022,
MAGNUM,BE,5.0,5.45,4.95,5.4,4.95,5.2,11539,57771.7,31-JUL-2020,23,INE387I01016,
MAHABANK,EQ,12.1,12.75,11.65,12.15,12.2,12.1,5802550,70454574.95,31-JUL-2020,6447,INE457A01014,
MAHAPEXLTD,BE,62.0,63.95,62.0,63.95,63.95,62.0,100,6297.5,31-JUL-2020,2,INE843B01013,
MAHASTEEL,EQ,73.3,75.0,70.95,73.65,74.0,73.3,9519,698219.75,31-JUL-2020,416,INE451L01014,
MAHEPC,EQ,162.35,163.65,157.3,159.85,160.0,160.85,116224,18620430.95,31-JUL-2020,2368,INE215D01010,
MAHESHWARI,EQ,150.05,154.65,146.7,153.1,153.8,151.0,3763,570644.9,31-JUL-2020,185,INE263W01010,
MAHINDCIE,EQ,103.65,109.1,102.0,108.5,109.0,105.1,68810,7342662.9,31-JUL-2020,1791,INE536H01010,
MAHLIFE,EQ,209.0,212.1,203.35,210.6,212.0,208.65,37470,7815394.8,31-JUL-2020,7100,INE813A01018,
MAHLOG,EQ,275.5,300.95,273.3,297.8,299.8,275.95,170386,49644084.85,31-JUL-2020,9712,INE766P01016,
MAHSCOOTER,EQ,2996.65,3015.7,2972.0,3004.3,3010.0,2996.65,8215,24640814.6,31-JUL-2020,735,INE288A01013,
MAHSEAMLES,EQ,203.95,203.95,195.0,196.15,196.2,203.1,156110,30699059.8,31-JUL-2020,3384,INE271B01025,
MAITHANALL,EQ,430.0,430.1,423.0,426.5,426.05,429.4,13672,5826796.4,31-JUL-2020,923,INE683C01011,
MAJESCO,EQ,598.95,598.95,578.85,598.95,598.95,570.45,758358,454038434.5,31-JUL-2020,2630,INE898S01029,
MALUPAPER,EQ,28.25,28.25,27.0,27.25,27.2,27.6,6362,173861.5,31-JUL-2020,104,INE383H01017,
MAN50ETF,EQ,112.9,113.2,112.3,112.33,112.8,112.66,6376,718286.12,31-JUL-2020,88,INF769K01EG9,
MANAKALUCO,EQ,7.25,7.25,6.65,6.9,6.95,7.0,7834,53768.65,31-JUL-2020,41,INE859Q01017,
MANAKCOAT,EQ,4.0,4.0,4.0,4.0,4.0,4.0,3791,15164.0,31-JUL-2020,3,INE830Q01018,
MANAKSIA,EQ,33.75,35.2,33.05,34.45,34.25,33.1,37327,1274440.25,31-JUL-2020,204,INE015D01022,
MANAKSTEEL,EQ,9.7,9.8,9.45,9.5,9.45,9.8,6765,64460.45,31-JUL-2020,47,INE824Q01011,
MANALIPETC,EQ,20.0,20.3,19.6,19.75,19.95,19.95,135478,2690076.65,31-JUL-2020,652,INE201A01024,
MANAPPURAM,EQ,165.0,166.7,156.55,158.5,159.25,164.2,19262627,3104819525.25,31-JUL-2020,110266,INE522D01027,
MANGALAM,BE,63.2,65.7,62.8,64.7,64.9,64.8,16777,1082843.65,31-JUL-2020,166,INE584F01014,
MANGCHEFER,EQ,34.35,35.8,33.55,35.25,35.0,34.35,803104,27890939.15,31-JUL-2020,5625,INE558B01017,
MANGLMCEM,EQ,193.0,193.8,191.0,192.0,191.5,192.65,28794,5525782.1,31-JUL-2020,666,INE347A01017,
MANGTIMBER,EQ,6.75,6.85,6.45,6.65,6.6,6.75,1796,11957.9,31-JUL-2020,19,INE805B01012,
MANINDS,EQ,46.1,46.2,45.2,45.55,45.4,46.05,52608,2401099.4,31-JUL-2020,489,INE993A01026,
MANINFRA,EQ,18.15,18.15,17.75,17.9,17.9,18.0,66350,1186095.65,31-JUL-2020,310,INE949H01023,
MANUGRAPH,BE,8.7,9.35,8.7,9.15,9.15,9.15,3485,30511.35,31-JUL-2020,20,INE867A01022,
MANXT50,EQ,267.0,270.2,266.3,268.5,268.5,266.49,1135,303922.3,31-JUL-2020,36,INF769K01FN2,
MARALOVER,EQ,11.55,11.55,11.25,11.4,11.55,11.8,5987,68353.55,31-JUL-2020,29,INE882A01013,
MARATHON,EQ,50.0,50.0,47.55,48.25,48.0,48.9,2339,113258.8,31-JUL-2020,89,INE182D01020,
MARICO,EQ,364.5,368.5,361.25,363.45,364.1,364.5,2264673,825120771.0,31-JUL-2020,44923,INE196A01026,
MARKSANS,EQ,38.25,39.65,38.0,39.65,39.65,37.8,4274142,167445335.8,31-JUL-2020,9509,INE750C01026,
MARUTI,EQ,6265.0,6379.85,6209.0,6262.75,6260.0,6265.4,1613555,10145560781.1,31-JUL-2020,118083,INE585B01010,
MASFIN,EQ,630.0,654.7,621.05,642.15,641.1,633.85,21816,14011457.0,31-JUL-2020,883,INE348L01012,
MASKINVEST,BE,59.25,59.25,59.25,59.25,59.25,59.25,1,59.25,31-JUL-2020,1,INE885F01015,
MASTEK,EQ,525.0,597.0,508.3,572.35,571.9,522.85,1258745,705217403.85,31-JUL-2020,36996,INE759A01021,
MATRIMONY,EQ,551.2,573.0,550.1,564.6,554.75,561.15,3615,2018569.75,31-JUL-2020,451,INE866R01028,
MAWANASUG,BE,27.45,27.45,25.35,26.1,26.1,26.6,26310,679474.7,31-JUL-2020,124,INE636A01039,
MAXVIL,EQ,37.45,37.45,35.9,36.2,36.45,36.35,70595,2578749.85,31-JUL-2020,590,INE154U01015,
MAYURUNIQ,EQ,221.0,221.5,212.0,218.5,221.0,219.65,33995,7351064.3,31-JUL-2020,1266,INE040D01038,
MAZDA,EQ,311.85,311.9,305.0,305.85,305.1,306.5,3965,1216049.35,31-JUL-2020,92,INE885E01034,
MBECL,BE,5.15,5.15,5.0,5.0,5.0,5.25,18116,91190.9,31-JUL-2020,44,INE748A01016,
MBLINFRA,BE,6.4,6.4,5.9,6.05,6.15,6.1,23158,140821.45,31-JUL-2020,63,INE912H01013,
MCDHOLDING,EQ,24.65,25.4,24.55,24.8,25.1,24.8,13745,341238.45,31-JUL-2020,57,INE836H01014,
MCDOWELL-N,EQ,575.6,587.8,575.6,581.2,581.5,575.6,1956449,1140617647.1,31-JUL-2020,35031,INE854D01024,
MCLEODRUSS,BE,13.3,13.5,12.65,12.65,12.65,13.3,1783136,22841546.4,31-JUL-2020,1374,INE942G01012,
MCX,EQ,1653.05,1719.75,1603.0,1686.4,1715.0,1642.95,547347,903536524.2,31-JUL-2020,28888,INE745G01035,
MEGASOFT,EQ,6.5,6.75,6.4,6.5,6.55,6.5,12202,79467.8,31-JUL-2020,60,INE933B01012,
MEGH,EQ,61.35,61.45,59.2,59.45,59.6,61.35,1194568,71818934.25,31-JUL-2020,6173,INE974H01013,
MENONBE,EQ,38.4,38.8,38.2,38.35,38.2,38.2,10427,401092.75,31-JUL-2020,172,INE071D01033,
MEP,BE,17.45,17.45,16.6,16.9,17.2,17.25,15584,264433.0,31-JUL-2020,92,INE776I01010,
MERCATOR,BE,0.85,0.85,0.8,0.85,0.85,0.8,501012,417421.05,31-JUL-2020,234,INE934B01028,
METALFORGE,BE,4.05,4.45,4.05,4.1,4.1,4.25,2523,10476.15,31-JUL-2020,27,INE425A01011,
METROPOLIS,EQ,1600.0,1624.8,1552.0,1574.15,1565.0,1595.4,50204,80049259.95,31-JUL-2020,5123,INE112L01020,
MFSL,EQ,560.35,565.9,538.1,558.4,557.55,562.6,1056610,585203704.35,31-JUL-2020,21010,INE180A01020,
MGL,EQ,989.2,992.6,970.05,974.45,972.5,987.1,731360,716999917.45,31-JUL-2020,23709,INE002S01010,
MHRIL,EQ,159.0,162.0,152.5,157.7,159.2,157.35,68308,10754584.15,31-JUL-2020,2113,INE998I01010,
MIDHANI,EQ,202.65,202.8,198.25,199.7,200.0,201.7,503418,100848432.75,31-JUL-2020,8367,INE099Z01011,
MINDACORP,EQ,67.0,67.5,66.3,66.8,67.0,67.15,227445,15196221.6,31-JUL-2020,1768,INE842C01021,
MINDAIND,EQ,286.6,293.3,280.15,287.35,284.0,285.15,767767,219232733.2,31-JUL-2020,14176,INE405E01023,
MINDTECK,EQ,22.45,23.4,22.15,22.7,22.85,22.5,5850,132559.25,31-JUL-2020,156,INE110B01017,
MINDTREE,EQ,1085.1,1105.0,1070.0,1083.4,1087.0,1083.8,1518091,1661929326.25,31-JUL-2020,29662,INE018I01017,
MIRCELECTR,BE,6.65,6.65,6.6,6.65,6.65,6.35,378703,2518362.4,31-JUL-2020,292,INE831A01028,
MIRZAINT,EQ,48.5,48.75,47.0,47.35,47.45,48.6,281451,13410105.65,31-JUL-2020,2340,INE771A01026,
MITTAL,EQ,40.4,40.4,40.4,40.4,40.4,42.5,286,11554.4,31-JUL-2020,24,INE997Y01019,
MMFL,EQ,190.0,192.0,184.2,185.1,184.5,191.8,9092,1694260.8,31-JUL-2020,562,INE227C01017,
MMP,EQ,65.6,71.45,65.4,66.5,66.2,68.05,7463,511291.75,31-JUL-2020,115,INE511Y01018,
MMTC,EQ,18.6,18.95,18.1,18.2,18.2,18.5,889306,16372829.2,31-JUL-2020,1989,INE123F01029,
MODIRUBBER,BE,27.4,29.8,27.4,29.3,29.3,28.7,610,17698.55,31-JUL-2020,11,INE832A01018,
MOHOTAIND,BE,10.25,11.15,10.15,10.95,10.95,10.65,2454,25235.8,31-JUL-2020,16,INE313D01013,
MOIL,EQ,141.0,144.7,139.25,143.35,142.0,140.65,231752,33078552.25,31-JUL-2020,7202,INE490G01020,
MOLDTECH,EQ,32.65,33.85,32.5,32.75,32.6,33.25,8738,288642.65,31-JUL-2020,179,INE835B01035,
MOLDTKPAC,EQ,233.4,233.4,224.15,229.75,229.0,229.1,53059,12137608.75,31-JUL-2020,1253,INE893J01029,
MONTECARLO,EQ,159.6,159.6,155.0,155.5,156.0,159.05,14942,2337979.25,31-JUL-2020,680,INE950M01013,
MORARJEE,EQ,9.3,9.3,8.85,8.95,8.9,8.9,6365,58935.05,31-JUL-2020,54,INE161G01027,
MOREPENLAB,EQ,21.65,22.95,21.35,22.95,22.95,21.9,3267004,73111817.8,31-JUL-2020,7510,INE083A01026,
MOTHERSUMI,EQ,93.7,95.5,92.4,94.9,95.35,93.65,7839777,740287865.9,31-JUL-2020,30941,INE775A01035,
MOTILALOFS,EQ,685.9,689.0,669.0,681.5,678.0,681.55,53473,36301312.2,31-JUL-2020,2974,INE338I01027,
MOTOGENFIN,BE,17.0,18.2,16.8,17.0,17.0,17.45,357,6387.2,31-JUL-2020,12,INE861B01023,
MPHASIS,EQ,1163.9,1177.8,1143.0,1157.95,1148.8,1155.2,413649,481998206.55,31-JUL-2020,24543,INE356A01018,
MPSLTD,EQ,355.1,383.0,321.25,363.25,363.8,355.1,42631,14823080.95,31-JUL-2020,2675,INE943D01017,
MRF,EQ,61200.0,61600.0,60602.0,61048.55,61000.0,61043.15,11425,699375661.95,31-JUL-2020,6003,INE883A01011,
MRO-TEK,EQ,25.0,25.0,23.1,23.7,23.7,24.3,646,15309.5,31-JUL-2020,30,INE398B01018,
MRPL,EQ,37.4,37.45,36.25,36.4,36.45,37.3,940584,34338369.95,31-JUL-2020,3869,INE103A01014,
MSPL,BE,6.55,6.55,5.95,6.2,6.2,6.25,5299,32802.75,31-JUL-2020,23,INE752G01015,
MSTCLTD,EQ,143.65,147.8,140.05,141.45,141.55,144.25,125592,17974287.35,31-JUL-2020,2536,INE255X01014,
MTEDUCARE,EQ,12.75,13.0,12.1,12.55,12.95,12.6,62598,776172.6,31-JUL-2020,300,INE472M01018,
MTNL,EQ,9.2,9.45,9.15,9.25,9.25,9.2,480681,4471239.85,31-JUL-2020,10448,INE153A01019,
MUKANDENGG,BE,7.55,7.55,7.5,7.5,7.5,7.7,1130,8480.5,31-JUL-2020,10,INE022B01014,
MUKANDLTD,BE,19.2,20.1,19.1,19.75,19.4,19.2,13115,257699.75,31-JUL-2020,81,INE304A01026,
MUKTAARTS,BE,23.05,24.45,22.55,22.8,22.85,23.6,2281,52024.35,31-JUL-2020,33,INE374B01019,
MUNJALAU,EQ,48.3,49.25,47.5,48.35,47.9,48.2,252196,12185424.75,31-JUL-2020,1740,INE672B01032,
MUNJALSHOW,EQ,104.55,106.8,103.0,103.75,103.2,105.9,17284,1804875.7,31-JUL-2020,471,INE577A01027,
MURUDCERA,EQ,16.0,16.0,15.5,15.65,15.8,15.8,25608,400226.65,31-JUL-2020,160,INE692B01014,
MUTHOOTCAP,EQ,366.6,369.65,357.7,359.0,357.7,365.35,7605,2751623.35,31-JUL-2020,724,INE296G01013,
MUTHOOTFIN,EQ,1300.0,1307.15,1257.55,1273.8,1271.0,1302.35,2810955,3590686096.85,31-JUL-2020,88566,INE414G01012,
N100,EQ,784.05,798.0,784.05,796.41,797.25,775.83,29607,23496585.01,31-JUL-2020,1186,INF247L01031,
NACLIND,EQ,38.95,39.65,38.55,39.0,38.8,39.05,31706,1239869.85,31-JUL-2020,235,INE295D01020,
NAGAFERT,BE,5.15,5.15,4.95,5.0,5.05,5.15,178533,897441.35,31-JUL-2020,289,INE454M01024,
NAGREEKEXP,EQ,11.9,11.9,11.2,11.35,11.85,11.7,2910,33627.7,31-JUL-2020,17,INE123B01028,
NAHARCAP,EQ,60.55,62.25,60.5,61.15,62.25,61.5,3722,227598.0,31-JUL-2020,49,INE049I01012,
NAHARINDUS,EQ,24.25,24.9,24.0,24.3,24.5,24.2,2438,59217.3,31-JUL-2020,57,INE289A01011,
NAHARPOLY,EQ,59.5,62.45,59.3,61.35,61.7,60.1,17470,1067992.35,31-JUL-2020,412,INE308A01027,
NAHARSPING,EQ,32.65,33.3,32.1,32.15,32.1,32.8,5800,189104.2,31-JUL-2020,185,INE290A01027,
NAM-INDIA,EQ,270.0,270.0,262.0,265.85,266.95,268.55,754018,200058319.7,31-JUL-2020,15443,INE298J01013,
NATCOPHARM,EQ,750.1,789.75,745.1,782.65,788.0,748.35,1029123,789177415.75,31-JUL-2020,38022,INE987B01026,
NATHBIOGEN,EQ,330.05,335.9,327.1,334.0,335.9,328.35,9377,3113720.3,31-JUL-2020,460,INE448G01010,
NATIONALUM,EQ,32.5,32.9,32.1,32.75,32.75,32.5,8882568,289421535.3,31-JUL-2020,25819,INE139A01034,
NATNLSTEEL,BE,2.2,2.2,2.2,2.2,2.2,2.3,1050,2310.0,31-JUL-2020,5,INE088B01015,
NAUKRI,EQ,3215.0,3269.95,3174.45,3194.45,3199.2,3174.35,342812,1105556798.75,31-JUL-2020,30083,INE663F01024,
NAVINFLUOR,EQ,1749.6,1774.0,1692.0,1760.9,1770.0,1741.15,165095,286628253.7,31-JUL-2020,14444,INE048G01026,
NAVKARCORP,EQ,25.15,25.4,24.55,24.75,24.9,25.15,169212,4231559.75,31-JUL-2020,910,INE278M01019,
NAVNETEDUL,EQ,75.0,76.2,73.3,73.65,73.5,74.8,43246,3202588.25,31-JUL-2020,1053,INE060A01024,
NBCC,EQ,23.5,23.6,23.0,23.1,23.3,23.55,5234821,121310967.9,31-JUL-2020,33086,INE095N01031,
NBIFIN,EQ,1550.0,1615.0,1550.0,1609.9,1612.9,1520.05,762,1219878.25,31-JUL-2020,71,INE365I01020,
NBVENTURES,EQ,46.1,47.15,46.0,46.2,46.15,46.45,144639,6721103.65,31-JUL-2020,1017,INE725A01022,
NCC,EQ,28.65,29.2,27.5,29.0,29.1,28.95,10733943,307236018.6,31-JUL-2020,17322,INE868B01028,
NCLIND,EQ,78.2,81.1,76.35,79.05,79.4,79.8,134886,10727275.0,31-JUL-2020,1689,INE732C01016,
NDGL,EQ,600.1,620.05,566.45,573.1,566.55,640.65,4405,2574373.1,31-JUL-2020,273,INE756C01015,
NDL,EQ,19.95,20.0,19.5,19.8,20.0,20.0,24111,476468.0,31-JUL-2020,237,INE875G01030,
NDRAUTO,BE,121.25,121.25,121.25,121.25,121.25,115.5,116,14065.0,31-JUL-2020,9,INE07OG01012,
NDTV,BE,34.35,35.0,34.0,34.15,34.1,34.35,11226,384028.3,31-JUL-2020,130,INE155G01029,
NECCLTD,EQ,12.45,12.45,12.45,12.45,12.45,13.1,4222,52563.9,31-JUL-2020,11,INE553C01016,
NECLIFE,EQ,19.85,21.4,18.8,20.8,20.85,20.15,1654924,33391038.25,31-JUL-2020,4830,INE023H01027,
NELCAST,EQ,49.4,49.6,48.05,48.7,48.8,49.3,100506,4907781.95,31-JUL-2020,1469,INE189I01024,
NELCO,EQ,205.2,214.4,201.1,207.35,207.0,206.55,423612,88882337.85,31-JUL-2020,7142,INE045B01015,
NEOGEN,EQ,538.0,554.0,532.9,539.5,540.0,536.45,31916,17322853.5,31-JUL-2020,1699,INE136S01016,
NESCO,EQ,443.1,444.9,431.0,437.5,437.05,443.1,36618,16016126.45,31-JUL-2020,2263,INE317F01035,
NESTLEIND,EQ,16526.0,16674.25,16432.2,16522.2,16535.95,16524.0,147940,2449193404.95,31-JUL-2020,31426,INE239A01016,
NETF,EQ,115.99,115.99,110.31,111.97,110.9,111.62,657,74285.69,31-JUL-2020,15,INF277K015R5,
NETFCONSUM,EQ,53.5,53.5,52.05,53.09,53.1,52.79,622,32917.69,31-JUL-2020,24,INF204KA1LD7,
NETFDIVOPP,EQ,28.58,28.58,27.82,27.82,27.82,28.58,48,1359.65,31-JUL-2020,7,INF204KA1MS3,
NETFIT,EQ,18.13,18.4,18.0,18.18,18.2,18.13,16443,300779.78,31-JUL-2020,70,INF204KB15V2,
NETFLTGILT,EQ,22.07,22.07,21.97,21.97,21.97,22.05,32977,725167.32,31-JUL-2020,46,INF204KB1882,
NETFMID150,EQ,58.8,58.94,58.28,58.67,58.84,58.64,5891,345788.24,31-JUL-2020,156,INF204KB1V68,
NETFNIF100,EQ,115.0,118.8,114.0,114.13,114.0,112.55,253,29383.66,31-JUL-2020,29,INF204K014N5,
NETFNV20,EQ,59.5,59.84,57.51,58.97,59.05,58.06,3273,191588.66,31-JUL-2020,73,INF204KB18I3,
NETWORK18,EQ,41.75,42.5,40.55,40.65,40.8,41.4,1264934,51852294.3,31-JUL-2020,5757,INE870H01013,
NEULANDLAB,EQ,697.65,794.9,696.95,781.05,783.65,691.3,566475,425759200.45,31-JUL-2020,16538,INE794A01010,
NEWGEN,EQ,179.0,180.9,173.2,174.35,173.5,175.9,34130,6000211.55,31-JUL-2020,1432,INE619B01017,
NEXTMEDIA,BE,4.8,4.8,4.6,4.6,4.6,4.8,507,2333.2,31-JUL-2020,4,INE747B01016,
NFL,EQ,36.0,38.0,35.3,35.55,35.55,41.95,5888467,215381974.6,31-JUL-2020,20366,INE870D01012,
NH,EQ,295.0,297.0,288.15,289.95,291.7,294.5,167764,48739431.85,31-JUL-2020,3702,INE410P01011,
NHPC,EQ,20.55,20.6,20.25,20.3,20.25,20.5,4455919,91195414.95,31-JUL-2020,7743,INE848E01016,
NIACL,EQ,115.25,115.9,112.0,112.7,112.1,114.95,2522307,288441809.3,31-JUL-2020,20189,INE470Y01017,
NIBL,BE,5.3,5.3,5.3,5.3,5.3,5.55,134,710.2,31-JUL-2020,4,INE047O01014,
NIFTYBEES,EQ,116.01,118.6,116.01,118.02,118.2,117.96,1481516,174855550.16,31-JUL-2020,7263,INF204KB14I2,
NIITLTD,EQ,94.85,99.35,93.15,96.75,96.75,94.55,1971123,188656231.7,31-JUL-2020,22982,INE161A01038,
NIITTECH,EQ,1932.0,1969.0,1886.9,1926.2,1930.0,1936.55,1220905,2358700128.6,31-JUL-2020,46539,INE591G01017,
NILAINFRA,EQ,4.2,4.2,4.05,4.1,4.15,4.15,140185,577265.05,31-JUL-2020,218,INE937C01029,
NILASPACES,EQ,1.0,1.05,1.0,1.0,1.05,1.05,216183,217648.5,31-JUL-2020,114,INE00S901012,
NILKAMAL,EQ,1278.55,1292.25,1225.2,1229.6,1234.9,1278.55,19670,24463789.15,31-JUL-2020,1870,INE310A01015,
NIPPOBATRY,EQ,500.55,500.55,490.1,497.6,495.0,494.95,323,159615.0,31-JUL-2020,74,INE567A01010,
NITCO,EQ,16.35,16.6,16.0,16.15,16.25,16.35,13633,220836.7,31-JUL-2020,170,INE858F01012,
NITINSPIN,EQ,38.3,38.75,37.25,37.75,37.65,38.95,39576,1492821.1,31-JUL-2020,337,INE229H01012,
NLCINDIA,EQ,48.05,49.0,47.45,47.7,47.7,48.05,1281917,61568880.2,31-JUL-2020,11037,INE589A01014,
NMDC,EQ,88.0,88.25,83.5,83.8,83.95,86.85,10116611,862281971.1,31-JUL-2020,46056,INE584A01023,
NOCIL,EQ,105.1,106.75,103.75,105.1,105.4,104.75,985849,103698887.55,31-JUL-2020,6524,INE163A01018,
NOIDATOLL,BE,3.45,3.55,3.4,3.4,3.45,3.45,12740,43736.25,31-JUL-2020,52,INE781B01015,
NORBTEAEXP,BE,5.85,5.85,5.85,5.85,5.85,5.6,1160,6786.0,31-JUL-2020,9,INE369C01017,
NPBET,EQ,120.7,121.24,119.0,120.99,120.99,121.49,746,90304.22,31-JUL-2020,11,INF277K010X4,
NRAIL,EQ,200.15,202.75,196.05,197.2,199.65,200.7,5052,1002909.85,31-JUL-2020,286,INE740D01017,
NRBBEARING,EQ,78.1,79.0,77.0,77.75,78.3,77.9,75433,5851686.35,31-JUL-2020,867,INE349A01021,
NSIL,EQ,632.0,656.2,631.1,652.9,655.85,642.45,1174,764390.85,31-JUL-2020,89,INE023A01030,
NTL,BE,0.5,0.55,0.45,0.45,0.45,0.5,10639,5412.35,31-JUL-2020,22,INE333I01036,
NTPC,EQ,86.9,87.6,86.3,87.0,87.0,86.6,7906812,686835753.8,31-JUL-2020,36705,INE733E01010,
NUCLEUS,EQ,316.0,320.0,294.85,299.15,298.8,313.7,146183,44587320.9,31-JUL-2020,4757,INE096B01018,
NXTDIGITAL,EQ,399.95,406.85,392.6,398.55,397.05,398.85,1740,694024.4,31-JUL-2020,166,INE353A01023,
OAL,EQ,348.2,367.9,340.0,343.2,341.5,356.8,62802,22192705.7,31-JUL-2020,2511,INE959C01023,
OBEROIRLTY,EQ,360.0,362.5,348.0,349.9,348.35,357.85,198698,70213067.95,31-JUL-2020,5316,INE093I01010,
OCCL,EQ,787.9,788.0,774.0,779.45,780.05,782.3,2472,1930382.65,31-JUL-2020,270,INE321D01016,
OFSS,EQ,2977.55,2977.55,2919.0,2937.9,2938.0,2977.55,13944,41002143.65,31-JUL-2020,3248,INE881D01027,
OIL,EQ,97.0,97.75,95.1,96.65,96.2,96.8,485812,46712665.6,31-JUL-2020,8166,INE274J01014,
OILCOUNTUB,BE,4.3,4.5,4.2,4.25,4.3,4.3,10886,46559.4,31-JUL-2020,44,INE591A01010,
OISL,BE,2.85,2.85,2.8,2.8,2.85,2.9,20319,57219.65,31-JUL-2020,60,INE196J01019,
OLECTRA,EQ,61.45,61.9,57.95,58.7,59.2,60.95,92239,5422421.0,31-JUL-2020,1114,INE260D01016,
OMAXAUTO,EQ,31.3,31.85,29.05,30.0,30.2,30.95,12563,377001.5,31-JUL-2020,354,INE090B01011,
OMAXE,EQ,83.65,83.65,83.0,83.65,83.65,79.7,568502,47526916.65,31-JUL-2020,1075,INE800H01010,
OMKARCHEM,BE,4.1,4.3,3.9,4.25,4.3,4.1,13352,55669.55,31-JUL-2020,46,INE474L01016,
OMMETALS,BE,13.5,13.65,13.1,13.15,13.2,13.5,14905,196525.45,31-JUL-2020,56,INE239D01028,
ONELIFECAP,EQ,5.0,5.35,4.9,5.05,5.05,5.1,3897,19916.15,31-JUL-2020,58,INE912L01015,
ONEPOINT,EQ,9.3,10.5,9.3,10.25,10.25,9.9,5953,61038.65,31-JUL-2020,52,INE840Y01011,
ONGC,EQ,77.95,78.85,77.15,78.3,78.45,77.7,10965340,855069837.95,31-JUL-2020,50727,INE213A01029,
ONMOBILE,EQ,29.8,29.8,28.7,29.25,29.5,29.05,96119,2796633.8,31-JUL-2020,335,INE809I01019,
ONWARDTEC,EQ,68.4,69.8,60.3,61.8,61.9,67.75,53260,3386781.15,31-JUL-2020,825,INE229A01017,
OPTIEMUS,BE,20.15,20.15,19.0,20.0,20.0,19.35,29195,581972.05,31-JUL-2020,75,INE350C01017,
OPTOCIRCUI,BE,7.35,7.65,7.35,7.35,7.35,7.7,739589,5446905.75,31-JUL-2020,907,INE808B01016,
ORBTEXP,EQ,63.0,64.55,59.05,61.75,62.05,62.6,33392,2051368.15,31-JUL-2020,720,INE231G01010,
ORICONENT,EQ,17.05,17.35,16.9,17.05,17.2,17.15,55961,955510.05,31-JUL-2020,193,INE730A01022,
ORIENTABRA,EQ,16.5,17.75,15.6,17.2,17.15,16.2,63194,1063472.1,31-JUL-2020,336,INE569C01020,
ORIENTALTL,BE,9.2,9.2,8.45,8.45,8.45,8.85,59080,499978.9,31-JUL-2020,68,INE998H01012,
ORIENTBELL,EQ,75.05,76.75,73.5,73.85,74.4,75.5,30957,2302088.2,31-JUL-2020,488,INE607D01018,
ORIENTCEM,EQ,66.8,66.8,64.05,64.35,64.25,65.5,124002,8021534.4,31-JUL-2020,1341,INE876N01018,
ORIENTELEC,EQ,176.8,179.9,174.25,179.55,179.75,176.0,134309,23904442.75,31-JUL-2020,3640,INE142Z01019,
ORIENTHOT,BE,19.85,20.0,19.0,19.15,19.85,19.85,19516,379575.2,31-JUL-2020,122,INE750A01020,
ORIENTLTD,BE,68.7,68.75,68.7,68.7,68.7,72.3,194,13332.3,31-JUL-2020,10,INE609C01024,
ORIENTPPR,EQ,18.4,18.4,17.95,18.0,18.1,18.3,204614,3702912.25,31-JUL-2020,887,INE592A01026,
ORIENTREF,EQ,168.05,172.35,167.15,170.85,171.3,169.3,21859,3713353.75,31-JUL-2020,811,INE743M01012,
ORISSAMINE,EQ,1820.1,1833.05,1735.2,1754.75,1760.25,1814.05,14358,25430554.15,31-JUL-2020,2350,INE725E01024,
ORTINLABSS,BE,16.35,16.35,16.35,16.35,16.35,15.6,23729,387969.15,31-JUL-2020,133,INE749B01012,
OSWALAGRO,EQ,8.85,9.25,8.6,8.7,8.8,8.85,122197,1071186.25,31-JUL-2020,438,INE142A01012,
PAGEIND,EQ,19650.0,20074.25,19500.0,19818.25,19820.0,19603.55,26043,517777224.2,31-JUL-2020,9454,INE761H01022,
PAISALO,EQ,301.95,347.0,290.0,333.15,322.55,301.95,22549,7079506.15,31-JUL-2020,557,INE420C01042,
PALASHSECU,BE,24.55,24.55,24.55,24.55,24.55,24.5,106,2602.3,31-JUL-2020,4,INE471W01019,
PALREDTEC,BE,17.45,18.25,16.8,16.9,16.9,17.45,714,12325.85,31-JUL-2020,15,INE218G01033,
PANACEABIO,EQ,197.5,215.4,195.5,215.4,215.4,195.85,180198,38120664.9,31-JUL-2020,2114,INE922B01023,
PANACHE,EQ,59.0,59.0,56.0,57.6,59.0,57.0,1065,62454.35,31-JUL-2020,19,INE895W01019,
PANAMAPET,EQ,42.5,43.7,40.7,41.05,41.4,42.6,22682,941287.0,31-JUL-2020,366,INE305C01029,
PAPERPROD,EQ,244.0,247.9,238.0,242.25,240.85,240.8,161435,39328070.35,31-JUL-2020,4733,INE275B01026,
PARACABLES,EQ,6.2,6.4,6.2,6.25,6.2,6.2,58547,369043.35,31-JUL-2020,200,INE074B01023,
PARAGMILK,EQ,86.35,87.45,84.0,84.7,84.55,85.45,298698,25455356.1,31-JUL-2020,2850,INE883N01014,
PARSVNATH,BE,2.65,2.65,2.5,2.5,2.5,2.55,16031,40972.3,31-JUL-2020,62,INE561H01026,
PATELENG,EQ,14.0,14.45,13.8,13.9,13.95,13.95,183939,2585675.7,31-JUL-2020,540,INE244B01030,
PATINTLOG,EQ,19.95,20.0,19.05,19.15,19.1,19.6,10660,204899.25,31-JUL-2020,127,INE529D01014,
PCJEWELLER,EQ,15.0,15.2,14.5,14.85,14.95,15.05,1348690,20028538.7,31-JUL-2020,7743,INE785M01013,
PDMJEPAPER,EQ,14.0,14.0,13.1,13.2,13.3,13.7,70352,945341.75,31-JUL-2020,365,INE865T01018,
PDSMFL,EQ,262.55,273.5,262.0,262.1,262.05,260.4,5668,1485702.6,31-JUL-2020,51,INE111Q01013,
PEARLPOLY,BE,20.0,20.9,20.0,20.3,20.3,20.95,4740,96621.9,31-JUL-2020,13,INE844A01013,
PEL,EQ,1384.3,1556.75,1364.8,1473.4,1478.0,1370.15,5275640,7766553344.75,31-JUL-2020,167294,INE140A01024,
PENIND,EQ,16.0,16.0,15.3,15.75,15.95,15.5,74960,1164610.8,31-JUL-2020,453,INE932A01024,
PENINLAND,EQ,4.4,4.5,4.25,4.5,4.5,4.3,227594,1017825.65,31-JUL-2020,205,INE138A01028,
PERSISTENT,EQ,924.0,930.0,893.75,918.1,920.0,915.3,294493,268670194.1,31-JUL-2020,11672,INE262H01013,
PETRONET,EQ,244.0,250.35,243.8,247.85,247.6,244.6,4727646,1170721049.65,31-JUL-2020,53705,INE347G01014,
PFC,EQ,82.5,82.65,80.7,80.85,81.1,82.05,5160866,419625937.75,31-JUL-2020,24661,INE134E01011,
PFIZER,EQ,4230.0,4323.0,4179.9,4277.75,4270.0,4230.0,66631,282563473.1,31-JUL-2020,11003,INE182A01018,
PFOCUS,EQ,26.65,26.7,24.6,25.45,25.0,26.4,40126,1045376.45,31-JUL-2020,223,INE367G01038,
PFS,EQ,17.55,18.0,17.25,17.65,17.55,17.2,4279367,75363704.3,31-JUL-2020,6613,INE560K01014,
PGEL,EQ,38.5,41.7,36.8,41.7,41.7,37.95,50173,2049241.1,31-JUL-2020,353,INE457L01011,
PGHH,EQ,10364.45,10424.0,10251.05,10351.85,10315.0,10333.0,2265,23418959.45,31-JUL-2020,999,INE179A01014,
PGHL,EQ,4180.0,4210.0,4131.0,4153.05,4162.0,4151.7,9814,40874911.3,31-JUL-2020,1544,INE199A01012,
PGIL,EQ,110.55,116.55,107.75,114.9,116.5,110.45,9740,1106661.2,31-JUL-2020,413,INE940H01014,
PHILIPCARB,EQ,99.05,99.5,95.4,96.2,95.95,98.9,719890,69893640.55,31-JUL-2020,5761,INE602A01023,
PHOENIXLTD,EQ,610.25,629.65,599.5,617.0,616.05,614.15,117026,72272487.7,31-JUL-2020,4567,INE211B01039,
PIDILITIND,EQ,1348.0,1365.55,1340.45,1357.0,1362.1,1349.05,536618,726524471.4,31-JUL-2020,20596,INE318A01026,
PIIND,EQ,1761.0,1788.5,1757.05,1760.55,1769.95,1758.35,128649,227735685.0,31-JUL-2020,13746,INE603J01030,
PILANIINVS,EQ,1595.0,1595.0,1540.0,1553.0,1555.0,1551.7,604,944113.5,31-JUL-2020,216,INE417C01014,
PILITA,BE,6.1,6.1,5.8,5.8,6.0,5.9,67223,394956.9,31-JUL-2020,88,INE600A01035,
PIONDIST,EQ,111.15,113.95,110.0,113.15,113.0,111.05,1998,223721.15,31-JUL-2020,53,INE889E01010,
PIONEEREMB,EQ,23.75,23.75,22.95,23.0,23.0,23.85,5510,127258.7,31-JUL-2020,202,INE156C01018,
PITTIENG,EQ,27.75,28.75,26.9,28.15,28.7,27.8,19513,543182.5,31-JUL-2020,172,INE450D01021,
PKTEA,BE,132.6,132.6,126.3,127.2,127.0,132.6,1606,206010.05,31-JUL-2020,30,INE431F01018,
PLASTIBLEN,EQ,160.35,162.35,158.3,160.0,160.0,160.1,7245,1158964.15,31-JUL-2020,116,INE083C01022,
PNB,EQ,31.9,32.15,31.25,31.95,32.05,31.75,30716405,973607747.9,31-JUL-2020,49626,INE160A01022,
PNBGILTS,EQ,40.05,43.6,40.0,42.9,43.35,39.45,3412464,142268071.25,31-JUL-2020,9383,INE859A01011,
PNBHOUSING,EQ,210.0,212.1,202.25,209.2,211.6,209.65,597900,124198375.8,31-JUL-2020,13472,INE572E01012,
PNC,EQ,14.45,15.0,14.0,14.6,14.6,14.45,5174,75772.9,31-JUL-2020,29,INE392B01011,
PNCINFRA,EQ,137.2,138.0,132.2,133.4,133.4,137.15,121556,16272860.05,31-JUL-2020,4001,INE195J01029,
PODDARHOUS,EQ,162.05,170.0,160.0,160.3,160.2,165.35,1272,205953.2,31-JUL-2020,79,INE888B01018,
PODDARMENT,EQ,174.0,180.6,173.05,176.3,176.0,173.9,11447,2031812.2,31-JUL-2020,542,INE371C01013,
POKARNA,BE,137.9,137.9,127.65,130.1,131.0,134.35,50076,6502624.3,31-JUL-2020,327,INE637C01025,
POLYCAB,EQ,809.05,835.95,807.8,820.3,823.0,808.8,225544,185976024.95,31-JUL-2020,12275,INE455K01017,
POLYMED,EQ,397.0,402.1,380.0,390.2,388.0,394.05,262342,102136346.3,31-JUL-2020,9991,INE205C01021,
POLYPLEX,EQ,571.95,595.4,569.05,587.05,587.0,568.85,249377,145763316.55,31-JUL-2020,7161,INE633B01018,
PONNIERODE,EQ,151.85,152.85,147.0,151.9,152.0,149.0,4253,643608.7,31-JUL-2020,603,INE838E01017,
POWERGRID,EQ,176.6,179.35,176.2,178.3,178.5,176.85,8074445,1435021087.8,31-JUL-2020,44963,INE752E01010,
POWERINDIA,EQ,883.0,902.45,883.0,896.85,897.0,887.35,108555,96734034.3,31-JUL-2020,3266,INE07Y701011,
POWERMECH,EQ,428.3,435.0,420.0,421.6,423.8,427.95,16030,6778849.3,31-JUL-2020,1069,INE211R01019,
PPAP,EQ,158.2,166.0,157.0,159.9,159.0,157.85,26536,4286116.9,31-JUL-2020,787,INE095I01015,
PPL,EQ,59.8,62.0,58.7,60.65,61.2,59.75,22920,1372893.25,31-JUL-2020,333,INE050001010,
PRABHAT,EQ,64.4,76.7,64.4,68.65,67.2,63.95,160805,10834090.9,31-JUL-2020,1057,INE302M01033,
PRADIP,EQ,0.6,0.6,0.55,0.55,0.55,0.6,18950,10622.5,31-JUL-2020,11,INE495J01015,
PRAENG,EQ,5.9,6.1,5.85,6.0,6.0,6.05,12441,73724.7,31-JUL-2020,83,INE505C01016,
PRAJIND,EQ,62.25,62.65,59.3,59.85,59.65,62.2,1361352,82379500.95,31-JUL-2020,7514,INE074A01025,
PRAKASH,EQ,34.4,34.4,32.55,32.85,32.8,34.1,331113,10967115.55,31-JUL-2020,1627,INE603A01013,
PRAKASHSTL,BE,0.85,0.85,0.85,0.85,0.85,0.9,40707,34600.95,31-JUL-2020,68,INE696K01024,
PRAXIS,BE,34.0,34.95,31.7,32.9,32.9,33.3,3498,111952.45,31-JUL-2020,42,INE546Y01022,
PRECAM,EQ,29.95,31.3,28.55,30.35,30.25,29.65,337180,10114790.65,31-JUL-2020,1690,INE484I01029,
PRECOT,EQ,20.4,21.25,19.75,21.25,21.25,20.3,2663,54071.2,31-JUL-2020,33,INE283A01014,
PRECWIRE,EQ,100.0,100.1,98.0,98.95,99.0,99.85,7236,717529.15,31-JUL-2020,286,INE372C01029,
PREMEXPLN,BE,116.2,116.2,109.0,109.55,109.55,114.35,2963,325746.6,31-JUL-2020,56,INE863B01011,
PREMIER,BE,1.75,1.85,1.75,1.85,1.85,1.8,551,1019.25,31-JUL-2020,4,INE342A01018,
PREMIERPOL,EQ,21.3,23.15,20.6,21.05,20.6,22.3,3023,65439.6,31-JUL-2020,53,INE309M01012,
PRESSMN,EQ,17.9,18.45,17.2,17.4,17.55,17.85,12665,223096.35,31-JUL-2020,250,INE980A01023,
PRESTIGE,EQ,195.15,198.5,193.05,196.9,195.75,195.8,1059771,207791495.65,31-JUL-2020,23651,INE811K01011,
PRICOLLTD,EQ,49.9,50.5,48.6,49.1,49.2,49.25,309826,15397897.15,31-JUL-2020,950,INE726V01018,
PRIMESECU,EQ,46.05,49.85,45.2,48.95,49.0,46.1,43798,2104652.05,31-JUL-2020,564,INE032B01021,
PRINCEPIPE,EQ,113.1,114.0,109.0,112.75,113.0,113.1,140430,15729869.6,31-JUL-2020,3833,INE689W01016,
PROZONINTU,EQ,14.15,14.4,13.85,14.2,14.0,14.15,113455,1588673.3,31-JUL-2020,476,INE195N01013,
PRSMJOHNSN,EQ,44.5,45.85,44.0,44.4,44.3,44.4,97575,4358548.95,31-JUL-2020,1065,INE010A01011,
PSB,EQ,13.75,14.2,13.25,13.4,13.4,13.55,878152,12054568.9,31-JUL-2020,1903,INE608A01012,
PSL,EQ,1.0,1.0,1.0,1.0,1.0,0.95,71919,71919.0,31-JUL-2020,38,INE474B01017,
PSPPROJECT,EQ,406.7,409.9,398.1,400.35,400.0,406.7,11322,4567542.75,31-JUL-2020,1609,INE488V01015,
PSUBNKBEES,EQ,15.39,15.8,15.16,15.49,15.5,15.39,73714,1129471.25,31-JUL-2020,288,INF204KB16I7,
PTC,EQ,52.25,52.3,51.05,51.75,52.05,52.2,1811935,93628946.7,31-JUL-2020,6398,INE877F01012,
PTL,EQ,38.45,38.6,37.15,37.5,37.6,38.1,15444,581005.5,31-JUL-2020,541,INE034D01031,
PUNJABCHEM,EQ,455.05,456.05,442.0,446.55,446.6,452.55,1398,627855.8,31-JUL-2020,577,INE277B01014,
PURVA,EQ,40.1,41.9,40.0,40.8,40.8,40.7,16283,664341.55,31-JUL-2020,222,INE323I01011,
PVR,EQ,1080.0,1095.0,1060.7,1084.55,1089.0,1083.25,955389,1026212790.2,31-JUL-2020,29675,INE191H01014,
QGOLDHALF,EQ,2522.4,2522.4,2326.0,2343.3,2346.0,2314.15,1066,2495575.2,31-JUL-2020,209,INF082J01010,
QNIFTY,EQ,1143.0,1143.0,1143.0,1143.0,1143.0,1164.31,13,14859.0,31-JUL-2020,3,INF082J01028,
QUESS,EQ,350.5,367.0,350.5,367.0,367.0,349.55,372748,135465471.4,31-JUL-2020,10029,INE615P01015,
QUICKHEAL,EQ,112.9,112.9,110.1,110.55,110.8,111.65,158391,17605648.05,31-JUL-2020,2789,INE306L01010,
RADAAN,BE,1.3,1.3,1.3,1.3,1.3,1.3,10,13.0,31-JUL-2020,1,INE874F01027,
RADICO,EQ,370.1,374.0,363.7,368.5,368.8,367.45,357792,132069486.7,31-JUL-2020,12249,INE944F01028,
RADIOCITY,EQ,15.4,15.8,15.3,15.5,15.6,15.45,244644,3803574.8,31-JUL-2020,589,INE919I01024,
RAIN,EQ,93.0,93.8,90.0,92.25,92.3,95.45,2055340,188679387.95,31-JUL-2020,15821,INE855B01025,
RAJESHEXPO,EQ,461.0,464.0,453.25,456.65,456.95,459.15,71109,32492466.85,31-JUL-2020,5409,INE343B01030,
RAJRATAN,EQ,255.0,255.0,244.0,248.7,249.95,255.65,7074,1752536.1,31-JUL-2020,392,INE451D01011,
RAJSREESUG,BE,13.4,13.95,13.3,13.6,13.6,13.85,3753,50488.75,31-JUL-2020,25,INE562B01019,
RAJTV,EQ,34.05,34.4,33.45,33.55,33.6,34.65,2303,77787.8,31-JUL-2020,32,INE952H01027,
RALLIS,EQ,294.2,297.7,286.5,290.7,291.0,294.2,574903,167039977.8,31-JUL-2020,11783,INE613A01020,
RAMANEWS,EQ,16.25,16.95,16.0,16.6,16.65,16.0,114456,1876872.9,31-JUL-2020,378,INE278B01020,
RAMASTEEL,EQ,26.95,27.6,25.65,25.65,25.65,26.95,11079,289032.55,31-JUL-2020,130,INE230R01027,
RAMCOCEM,EQ,701.95,702.8,683.1,691.95,693.0,697.95,693556,479333389.75,31-JUL-2020,12494,INE331A01037,
RAMCOIND,EQ,170.9,172.0,169.6,170.25,171.0,171.65,30556,5215379.45,31-JUL-2020,717,INE614A01028,
RAMCOSYS,EQ,138.0,142.0,138.0,140.65,140.1,137.5,235173,32885749.4,31-JUL-2020,2783,INE246B01019,
RAMKY,EQ,36.2,36.75,35.2,35.55,35.6,36.15,36011,1282567.35,31-JUL-2020,471,INE874I01013,
RANASUG,BE,5.5,5.95,5.5,5.65,5.7,5.75,1445553,8003740.15,31-JUL-2020,518,INE625B01014,
RANEENGINE,EQ,185.05,193.45,185.0,188.3,188.0,189.0,500,94018.05,31-JUL-2020,30,INE222J01013,
RANEHOLDIN,EQ,438.95,440.0,416.8,417.05,417.5,433.15,28672,12009004.95,31-JUL-2020,2584,INE384A01010,
RATNAMANI,EQ,1042.0,1062.1,1040.1,1045.05,1049.0,1041.95,6107,6383221.9,31-JUL-2020,1354,INE703B01027,
RAYMOND,EQ,240.6,241.55,236.25,239.1,239.65,240.55,420437,100464690.2,31-JUL-2020,8243,INE301A01014,
RBL,EQ,529.45,531.5,517.0,520.7,520.0,523.95,5484,2857695.2,31-JUL-2020,500,INE244J01017,
RBLBANK,EQ,169.0,170.6,165.9,169.55,169.7,169.0,19553884,3292438801.7,31-JUL-2020,105512,INE976G01028,
RCF,EQ,47.25,47.75,46.5,46.7,46.6,47.75,1388699,65192181.35,31-JUL-2020,6377,INE027A01015,
RCOM,BE,3.0,3.0,3.0,3.0,3.0,3.15,6618952,19856856.0,31-JUL-2020,6289,INE330H01018,
RECLTD,EQ,101.55,102.35,99.65,100.15,100.45,100.9,4753220,477618526.55,31-JUL-2020,20034,INE020B01018,
REDINGTON,EQ,86.5,91.9,86.0,90.5,90.9,85.95,518202,46178488.75,31-JUL-2020,10007,INE891D01026,
REFEX,EQ,51.3,52.0,50.35,51.05,50.7,50.75,152688,7826924.65,31-JUL-2020,1482,INE056I01017,
REFEX-RE,BE,17.5,17.5,12.6,17.5,17.5,12.5,424180,7135389.2,31-JUL-2020,2194,INE056I20017,
RELAXO,EQ,595.05,603.9,578.0,595.2,602.95,590.85,593561,347923022.8,31-JUL-2020,29667,INE131B01039,
RELCAPITAL,BE,9.4,9.7,9.4,9.45,9.55,9.85,1017592,9624189.9,31-JUL-2020,2633,INE013A01015,
RELIANCE,EQ,2114.5,2129.0,2052.8,2067.1,2070.0,2108.85,34593375,71851185919.55,31-JUL-2020,748942,INE002A01018,
RELIGARE,EQ,37.35,39.2,35.9,37.55,36.5,37.35,928577,34641607.45,31-JUL-2020,3205,INE621H01010,
RELINFRA,EQ,28.55,29.15,27.85,27.85,27.85,29.3,2390367,67552444.95,31-JUL-2020,6837,INE036A01016,
REMSONSIND,EQ,66.7,68.7,66.65,68.0,68.0,67.5,5807,393823.3,31-JUL-2020,143,INE474C01015,
RENUKA,EQ,8.3,8.75,8.1,8.75,8.75,8.35,2511553,21796928.8,31-JUL-2020,1698,INE087H01022,
REPCOHOME,EQ,150.0,150.2,144.2,146.3,145.2,150.9,438600,64034017.85,31-JUL-2020,8623,INE612J01015,
REPRO,EQ,372.6,382.25,364.0,374.85,382.0,372.55,2988,1119623.9,31-JUL-2020,259,INE461B01014,
RESPONIND,EQ,91.75,97.0,88.0,95.75,96.0,91.55,412486,37711916.85,31-JUL-2020,4069,INE688D01026,
REVATHI,EQ,394.05,394.05,377.4,386.25,392.0,384.05,1116,431791.7,31-JUL-2020,139,INE617A01013,
RGL,EQ,285.0,285.0,260.0,263.95,265.95,291.25,35487,9515892.3,31-JUL-2020,1704,INE722H01016,
RHFL,BE,2.1,2.2,2.1,2.1,2.1,2.2,1433603,3021343.55,31-JUL-2020,1467,INE217K01011,
RICOAUTO,EQ,27.65,27.95,26.8,26.9,26.9,26.8,391118,10672485.6,31-JUL-2020,3136,INE209B01025,
RIIL,EQ,414.0,414.55,405.1,407.05,405.75,411.7,253585,103567011.75,31-JUL-2020,6166,INE046A01015,
RITES,EQ,239.15,240.35,237.3,237.65,238.0,239.15,238356,56753252.05,31-JUL-2020,4734,INE320J01015,
RKDL,EQ,6.9,6.9,6.65,6.8,6.85,6.85,10347,69800.5,31-JUL-2020,43,INE722J01012,
RKFORGE,EQ,147.75,150.25,144.0,144.95,145.0,147.35,112653,16586419.35,31-JUL-2020,1418,INE399G01015,
RMCL,BE,3.15,3.4,3.15,3.3,3.35,3.25,20294,67445.25,31-JUL-2020,40,INE172H01014,
RML,EQ,205.95,206.05,200.0,200.85,201.0,204.85,10001,2022390.2,31-JUL-2020,559,INE050H01012,
RNAVAL,BE,2.6,2.65,2.6,2.6,2.6,2.7,1328663,3454633.8,31-JUL-2020,927,INE542F01012,
ROHITFERRO,BE,1.1,1.15,1.05,1.05,1.05,1.1,4300,4575.1,31-JUL-2020,12,INE248H01012,
ROHLTD,EQ,60.95,65.35,58.6,63.9,62.9,60.25,715080,45494288.4,31-JUL-2020,5569,INE283H01019,
ROLLT,BE,2.4,2.4,2.2,2.35,2.35,2.3,41153,97224.45,31-JUL-2020,39,INE927A01040,
ROLTA,BE,5.1,5.1,4.8,4.9,5.0,5.05,133294,649984.1,31-JUL-2020,281,INE293A01013,
ROSSARI,EQ,686.0,730.0,666.0,715.05,718.0,683.8,2528271,1800016098.05,31-JUL-2020,68574,INE02A801020,
ROSSELLIND,EQ,75.3,78.9,75.3,75.85,76.05,78.65,10020,770038.95,31-JUL-2020,184,INE847C01020,
RPGLIFE,EQ,318.35,335.0,317.15,326.65,325.0,316.8,319585,104930407.15,31-JUL-2020,8237,INE105J01010,
RPOWER,EQ,3.35,3.4,3.25,3.3,3.3,3.4,21944799,72527624.25,31-JUL-2020,10934,INE614G01033,
RPPINFRA,EQ,53.25,54.9,50.8,51.95,51.6,53.9,24549,1285099.75,31-JUL-2020,346,INE324L01013,
RSSOFTWARE,EQ,17.8,17.8,16.15,16.65,16.75,17.0,18962,316953.85,31-JUL-2020,167,INE165B01029,
RSWM,EQ,71.0,71.0,69.0,69.85,69.45,70.9,6129,428294.95,31-JUL-2020,265,INE611A01016,
RSYSTEMS,EQ,95.55,97.2,92.9,95.1,96.25,93.2,17524,1673038.55,31-JUL-2020,674,INE411H01032,
RTNINFRA,BE,5.85,5.85,5.85,5.85,5.85,5.6,225202,1317431.7,31-JUL-2020,161,INE834M01019,
RTNPOWER,EQ,2.1,2.15,2.05,2.1,2.1,2.1,2039249,4256666.65,31-JUL-2020,511,INE399K01017,
RUBYMILLS,EQ,154.65,154.65,145.6,146.3,145.6,150.95,2148,318980.4,31-JUL-2020,185,INE301D01026,
RUCHI,BE,643.95,671.0,643.95,643.95,643.95,677.8,39891,25809426.35,31-JUL-2020,2740,INE619A01035,
RUCHINFRA,BE,13.35,13.35,13.35,13.35,13.35,14.05,37429,499677.15,31-JUL-2020,396,INE413B01023,
RUCHIRA,EQ,45.55,45.9,44.05,44.3,44.45,45.15,25128,1117500.25,31-JUL-2020,464,INE803H01014,
RUPA,EQ,154.5,154.7,150.9,151.45,152.7,154.25,11933,1812638.1,31-JUL-2020,706,INE895B01021,
RUSHIL,EQ,101.8,103.0,95.25,100.9,101.0,103.75,90121,9104496.05,31-JUL-2020,333,INE573K01017,
RVNL,EQ,19.45,19.6,19.15,19.2,19.3,19.45,2604230,50158462.0,31-JUL-2020,5859,INE415G01027,
S&SPOWER,BE,14.3,14.3,13.75,13.8,13.8,14.3,323,4512.8,31-JUL-2020,10,INE902B01017,
SABEVENTS,BE,1.05,1.05,0.95,0.95,0.95,1.0,801,800.95,31-JUL-2020,8,INE860T01019,
SADBHAV,EQ,45.25,45.8,42.75,42.75,42.75,45.0,580934,25256487.45,31-JUL-2020,3502,INE226H01026,
SADBHIN,EQ,16.7,16.8,15.8,16.0,15.9,16.55,189337,3045925.4,31-JUL-2020,591,INE764L01010,
SAFARI,EQ,367.3,371.45,362.0,365.6,365.0,368.25,3787,1384561.4,31-JUL-2020,586,INE429E01023,
SAGARDEEP,EQ,134.45,134.45,132.0,133.35,134.0,133.8,134370,17874455.0,31-JUL-2020,587,INE976T01013,
SAGCEM,EQ,497.7,530.0,480.0,485.45,486.0,494.85,66445,32609463.1,31-JUL-2020,3977,INE229C01013,
SAIL,EQ,34.5,34.8,33.55,34.0,34.05,34.25,26458518,899801401.05,31-JUL-2020,39664,INE114A01011,
SAKAR,EQ,54.3,57.95,54.3,55.55,54.9,56.25,35090,1972863.75,31-JUL-2020,159,INE732S01012,
SAKHTISUG,BE,8.9,8.9,8.45,8.7,8.75,8.7,16787,143967.5,31-JUL-2020,74,INE623A01011,
SAKSOFT,EQ,236.75,248.0,236.65,240.65,240.0,239.7,17797,4314778.4,31-JUL-2020,863,INE667G01015,
SAKUMA,BE,6.15,6.15,5.85,6.1,6.05,6.15,83026,497089.05,31-JUL-2020,331,INE190H01024,
SALASAR,BE,192.75,198.0,184.0,194.55,198.0,191.2,16717,3219322.3,31-JUL-2020,109,INE170V01019,
SALONA,EQ,53.05,53.95,53.0,53.2,53.0,55.75,290,15399.2,31-JUL-2020,8,INE498E01010,
SALSTEEL,BE,2.8,2.9,2.7,2.7,2.7,2.8,9241,25827.25,31-JUL-2020,49,INE658G01014,
SALZERELEC,EQ,86.0,86.45,82.15,83.75,83.55,81.7,66174,5590594.5,31-JUL-2020,1471,INE457F01013,
SAMBHAAV,EQ,2.15,2.2,2.05,2.2,2.2,2.15,3867,8360.35,31-JUL-2020,14,INE699B01027,
SANCO,EQ,9.15,9.2,8.6,8.95,9.15,9.0,12772,113843.95,31-JUL-2020,100,INE782L01012,
SANDESH,EQ,471.05,475.0,465.0,474.7,474.9,471.05,31,14648.65,31-JUL-2020,14,INE583B01015,
SANDHAR,EQ,205.0,209.0,201.65,206.45,201.65,205.9,5549,1144527.35,31-JUL-2020,533,INE278H01035,
SANGAMIND,EQ,49.9,51.0,47.05,49.9,49.8,48.6,18407,901806.55,31-JUL-2020,278,INE495C01010,
SANGHIIND,EQ,23.9,23.95,23.2,23.4,23.45,23.7,148465,3484399.65,31-JUL-2020,589,INE999B01013,
SANGHVIFOR,EQ,14.5,15.25,14.3,14.5,14.5,14.8,4515,66444.5,31-JUL-2020,29,INE263L01013,
SANGHVIMOV,EQ,65.0,67.6,62.35,64.05,64.05,66.95,105191,6676172.0,31-JUL-2020,744,INE989A01024,
SANGINITA,EQ,83.9,83.9,75.4,76.9,77.5,79.6,30632,2376560.9,31-JUL-2020,186,INE753W01010,
SANOFI,EQ,7825.0,7850.05,7740.0,7767.75,7771.0,7754.9,11030,86163908.2,31-JUL-2020,2929,INE058A01010,
SANWARIA,BE,2.65,2.65,2.45,2.5,2.55,2.55,950798,2393989.35,31-JUL-2020,749,INE890C01046,
SARDAEN,EQ,167.65,171.0,162.8,164.15,164.1,167.3,42104,6978344.3,31-JUL-2020,1208,INE385C01013,
SAREGAMA,EQ,488.0,527.5,475.0,481.55,475.6,491.05,170592,85802921.45,31-JUL-2020,4996,INE979A01017,
SARLAPOLY,EQ,16.7,16.7,15.8,15.85,15.8,16.3,63425,1017262.45,31-JUL-2020,366,INE453D01025,
SASKEN,EQ,560.0,564.55,526.05,542.7,544.0,561.85,126661,68693544.8,31-JUL-2020,5633,INE231F01020,
SASTASUNDR,EQ,76.45,82.55,74.05,81.0,81.0,79.45,1751,137725.95,31-JUL-2020,61,INE019J01013,
SATHAISPAT,BE,1.9,1.95,1.9,1.95,1.95,2.0,675,1286.25,31-JUL-2020,2,INE176C01016,
SATIA,EQ,95.15,100.0,95.1,99.95,100.0,95.9,100307,9944630.1,31-JUL-2020,705,INE170E01023,
SATIN,EQ,81.65,81.65,75.0,75.25,75.5,78.2,236304,18389021.6,31-JUL-2020,3453,INE836B01017,
SBICARD,EQ,734.0,738.4,725.05,726.85,727.0,735.9,1012735,739311427.45,31-JUL-2020,67980,INE018E01016,
SBIETFQLTY,EQ,98.68,101.0,98.63,99.13,99.12,100.84,3067,305550.97,31-JUL-2020,75,INF200KA1WX6,
SBILIFE,EQ,921.75,921.75,903.6,912.85,912.0,913.55,1271276,1160617468.75,31-JUL-2020,46057,INE123W01016,
SBIN,EQ,188.0,194.85,186.7,191.45,191.05,186.55,145903102,27977057495.2,31-JUL-2020,567541,INE062A01020,
SCAPDVR,BE,1.0,1.0,1.0,1.0,1.0,1.05,64478,64478.0,31-JUL-2020,37,INE224E01036,
SCHAEFFLER,EQ,3562.65,3634.95,3535.25,3607.4,3572.05,3561.1,1376,4939322.25,31-JUL-2020,577,INE513A01014,
SCHAND,BE,49.45,51.2,48.5,50.95,51.0,49.45,43796,2212584.7,31-JUL-2020,184,INE807K01035,
SCHNEIDER,EQ,73.85,74.75,72.2,73.65,73.5,72.8,142018,10433366.3,31-JUL-2020,2059,INE839M01018,
SCI,EQ,54.55,56.3,53.8,54.0,54.0,54.55,1405051,77340984.5,31-JUL-2020,5909,INE109A01011,
SDBL,EQ,51.2,51.2,49.25,49.95,49.85,49.9,25943,1297166.85,31-JUL-2020,327,INE480C01012,
SEAMECLTD,EQ,407.4,410.8,400.0,402.95,404.0,404.6,15885,6384225.6,31-JUL-2020,537,INE497B01018,
SELAN,EQ,102.05,104.85,101.6,102.8,103.4,101.45,24389,2528975.55,31-JUL-2020,656,INE818A01017,
SEPOWER,BE,2.4,2.6,2.4,2.5,2.5,2.5,9113,23012.6,31-JUL-2020,37,INE735M01018,
SEQUENT,EQ,118.3,126.2,115.2,122.8,122.6,116.55,6091377,746061760.65,31-JUL-2020,33697,INE807F01027,
SESHAPAPER,EQ,146.35,149.7,144.25,148.35,149.0,144.85,43985,6489017.55,31-JUL-2020,1127,INE630A01024,
SETCO,EQ,8.8,8.8,8.5,8.7,8.75,8.8,41016,355239.85,31-JUL-2020,137,INE878E01021,
SETF10GILT,EQ,210.7,220.94,209.61,216.95,220.8,211.0,490,106414.51,31-JUL-2020,32,INF200KA1JT1,
SETFGOLD,EQ,4829.0,4840.0,4772.5,4817.75,4819.7,4764.35,30381,146226845.25,31-JUL-2020,2630,INF200K01099,
SETFNIF50,EQ,121.6,121.6,107.8,114.73,114.84,114.71,169218,19414115.11,31-JUL-2020,784,INF200KA1FS1,
SETFNIFBK,EQ,218.0,218.0,214.0,216.64,216.8,216.4,76340,16460817.44,31-JUL-2020,1150,INF200KA1580,
SETFNN50,EQ,272.0,278.0,272.0,275.08,273.1,271.36,13493,3717748.88,31-JUL-2020,277,INF200KA1598,
SETUINFRA,BE,1.05,1.05,0.95,0.95,0.95,1.0,47607,47205.75,31-JUL-2020,59,INE023M01027,
SEYAIND,EQ,78.7,78.7,74.15,74.65,74.5,78.05,33365,2491592.3,31-JUL-2020,335,INE573R01012,
SFL,EQ,1418.55,1420.0,1396.1,1400.25,1409.1,1402.0,5599,7861223.3,31-JUL-2020,1253,INE916U01025,
SGL,EQ,8.3,8.9,7.8,8.15,8.45,8.2,17593,142875.65,31-JUL-2020,142,INE353H01010,
SHAHALLOYS,BE,6.9,6.9,6.9,6.9,6.9,6.9,10,69.0,31-JUL-2020,1,INE640C01011,
SHAKTIPUMP,BE,170.9,175.0,169.0,172.0,170.25,170.9,28115,4832907.0,31-JUL-2020,3858,INE908D01010,
SHALBY,EQ,74.0,75.0,72.5,73.15,72.55,73.75,327902,24262524.6,31-JUL-2020,1706,INE597J01018,
SHALPAINTS,EQ,57.05,58.3,57.05,57.35,57.65,57.55,21254,1221841.3,31-JUL-2020,668,INE849C01026,
SHANKARA,EQ,338.2,346.0,333.05,336.25,337.0,339.55,23289,7875369.25,31-JUL-2020,873,INE274V01019,
SHANTIGEAR,EQ,88.8,90.9,83.55,84.45,85.4,91.2,111868,9669744.95,31-JUL-2020,2684,INE631A01022,
SHARDACROP,EQ,311.9,311.9,289.5,294.8,291.0,304.7,62780,18612723.8,31-JUL-2020,2793,INE221J01015,
SHARDAMOTR,EQ,722.05,753.75,713.0,726.45,731.05,717.8,1191,877916.95,31-JUL-2020,557,INE597I01010,
SHARIABEES,EQ,278.95,279.0,274.01,279.0,279.0,278.04,105,29282.31,31-JUL-2020,14,INF732E01128,
SHEMAROO,EQ,56.9,56.9,56.9,56.9,56.9,59.85,25375,1443837.5,31-JUL-2020,308,INE363M01019,
SHIL,EQ,76.0,79.5,71.95,74.4,72.05,75.45,229060,16973583.95,31-JUL-2020,2325,INE05AN01011,
SHILPAMED,EQ,524.0,562.0,520.05,550.1,561.0,506.45,653973,352288483.3,31-JUL-2020,17639,INE790G01031,
SHIRPUR-G,EQ,7.05,7.4,6.9,7.0,7.05,7.2,58914,414406.75,31-JUL-2020,187,INE196B01016,
SHIVAMAUTO,BE,13.1,13.5,12.55,12.95,12.9,13.1,29266,379655.65,31-JUL-2020,172,INE637H01024,
SHIVAMILLS,EQ,22.25,23.45,22.1,22.4,22.35,22.7,13023,293536.1,31-JUL-2020,94,INE644Y01017,
SHIVATEX,EQ,80.85,83.0,78.05,79.9,79.95,80.85,8107,659277.7,31-JUL-2020,166,INE705C01020,
SHK,EQ,73.35,73.5,71.2,71.6,71.55,72.95,508443,36644043.65,31-JUL-2020,6263,INE500L01026,
SHOPERSTOP,EQ,162.0,164.7,156.4,158.05,158.2,161.9,149587,23813270.85,31-JUL-2020,3127,INE498B01024,
SHREDIGCEM,EQ,49.9,50.7,45.1,47.45,47.6,48.55,2001848,96451643.5,31-JUL-2020,9699,INE232A01011,
SHREECEM,EQ,21395.5,21890.0,21350.0,21711.15,21670.0,21395.1,50697,1099193204.8,31-JUL-2020,15056,INE070A01015,
SHREEPUSHK,EQ,115.0,116.9,109.85,109.9,110.0,115.6,100439,11182801.4,31-JUL-2020,1747,INE712K01011,
SHREERAMA,EQ,4.75,5.25,4.75,5.25,5.25,5.0,84339,439394.05,31-JUL-2020,126,INE879A01019,
SHRENIK,EQ,50.85,50.9,49.15,50.35,50.6,50.4,24972,1252384.95,31-JUL-2020,88,INE632X01022,
SHREYANIND,EQ,71.85,72.45,70.7,71.1,70.8,72.35,17912,1279107.85,31-JUL-2020,629,INE231C01019,
SHREYAS,EQ,67.95,69.45,66.15,66.6,67.2,67.85,16151,1095530.35,31-JUL-2020,1012,INE757B01015,
SHRIPISTON,BE,569.0,569.0,555.05,558.0,558.0,552.6,3013,1681239.5,31-JUL-2020,5,INE526E01018,
SHRIRAMCIT,EQ,666.45,669.7,655.0,656.75,659.0,663.1,37261,24582691.3,31-JUL-2020,2518,INE722A01011,
SHRIRAMEPC,EQ,3.65,3.65,3.55,3.55,3.55,3.7,211542,755973.05,31-JUL-2020,168,INE964H01014,
SHYAMCENT,BE,3.35,3.35,3.05,3.05,3.05,3.2,11011,35961.55,31-JUL-2020,21,INE979R01011,
SICAGEN,EQ,12.0,12.1,11.6,12.0,11.95,11.95,7753,92225.45,31-JUL-2020,37,INE176J01011,
SICAL,EQ,9.3,9.5,8.9,9.2,9.25,9.3,102803,948807.0,31-JUL-2020,298,INE075B01012,
SIEMENS,EQ,1140.0,1165.0,1135.0,1162.05,1163.4,1142.45,513355,592482262.0,31-JUL-2020,23189,INE003A01024,
SIGIND,EQ,18.55,18.55,17.6,17.85,17.7,18.5,21619,387882.1,31-JUL-2020,255,INE529F01035,
SIL,BE,9.2,9.6,8.95,9.45,9.45,9.2,13957,128761.35,31-JUL-2020,44,INE173A01025,
SILINV,EQ,143.45,143.5,140.1,140.1,140.1,144.3,2561,362512.4,31-JUL-2020,88,INE923A01015,
SILLYMONKS,EQ,31.85,31.85,31.85,31.85,31.85,33.5,138,4395.3,31-JUL-2020,2,INE203Y01012,
SIMBHALS,BE,6.35,6.5,6.2,6.2,6.2,6.5,6028,37887.05,31-JUL-2020,36,INE748T01016,
SIMPLEXINF,EQ,31.0,31.85,29.9,30.95,30.75,31.45,141033,4347216.3,31-JUL-2020,1018,INE059B01024,
SINTEX,BE,1.85,1.85,1.85,1.85,1.85,1.9,860078,1591144.3,31-JUL-2020,542,INE429C01035,
SIRCA,EQ,215.1,218.05,211.2,213.6,214.0,218.05,9740,2075671.3,31-JUL-2020,578,INE792Z01011,
SIS,EQ,345.0,363.8,344.55,361.25,361.75,341.25,174901,62231097.8,31-JUL-2020,6159,INE285J01028,
SITINET,BE,1.85,1.85,1.85,1.85,1.85,1.9,56855,105181.75,31-JUL-2020,87,INE965H01011,
SIYSIL,EQ,127.5,131.9,127.5,129.45,128.5,129.3,20546,2661088.35,31-JUL-2020,688,INE076B01028,
SJVN,EQ,22.4,22.45,22.0,22.05,22.1,22.3,807089,17852181.3,31-JUL-2020,2357,INE002L01015,
SKFINDIA,EQ,1510.0,1510.0,1468.5,1470.0,1469.9,1492.0,40840,60270336.35,31-JUL-2020,5289,INE640A01023,
SKIL,BE,4.35,4.35,4.05,4.05,4.05,4.25,44089,181489.45,31-JUL-2020,53,INE429F01012,
SKIPPER,EQ,33.6,35.85,33.6,35.25,35.4,34.2,608874,21636536.2,31-JUL-2020,710,INE439E01022,
SKMEGGPROD,EQ,33.7,36.0,33.25,35.5,35.8,33.65,32779,1149007.45,31-JUL-2020,394,INE411D01015,
SMARTLINK,EQ,68.4,69.35,65.0,67.05,66.7,68.6,19996,1334650.65,31-JUL-2020,307,INE178C01020,
SMLISUZU,EQ,390.15,401.0,381.5,392.95,396.8,391.4,40672,15949899.4,31-JUL-2020,2345,INE294B01019,
SMSLIFE,EQ,334.0,345.0,325.25,336.1,335.0,331.95,14667,4925470.45,31-JUL-2020,982,INE320X01016,
SMSPHARMA,EQ,77.0,77.9,74.5,75.15,75.0,76.05,1267890,96060906.75,31-JUL-2020,7888,INE812G01025,
SNOWMAN,EQ,30.2,30.5,29.4,29.55,29.45,30.25,461483,13748991.7,31-JUL-2020,2395,INE734N01019,
SOBHA,EQ,225.4,229.3,217.1,219.05,219.5,224.95,190658,42018487.65,31-JUL-2020,4538,INE671H01015,
SOLARA,EQ,659.65,769.8,659.0,760.95,767.0,655.05,614674,446850792.95,31-JUL-2020,24525,INE624Z01016,
SOLARINDS,EQ,1000.0,1034.25,986.1,1016.0,997.2,1006.1,43856,44506776.65,31-JUL-2020,2282,INE343H01029,
SOMANYCERA,EQ,127.9,130.4,122.65,129.05,128.2,125.15,76933,9793389.6,31-JUL-2020,1529,INE355A01028,
SOMATEX,BE,2.7,2.7,2.7,2.7,2.7,2.7,800,2160.0,31-JUL-2020,1,INE314C01013,
SOMICONVEY,EQ,14.8,15.0,14.1,14.65,14.95,15.3,1474,21667.6,31-JUL-2020,42,INE323J01019,
SONATSOFTW,EQ,264.4,267.9,261.0,263.9,265.4,263.6,366254,96647246.85,31-JUL-2020,6915,INE269A01021,
SORILINFRA,EQ,48.95,49.0,45.25,47.1,47.7,47.6,72309,3353652.4,31-JUL-2020,934,INE034H01016,
SOTL,EQ,646.05,647.05,621.0,638.0,634.1,636.7,1069,676914.35,31-JUL-2020,117,INE035D01012,
SOUTHBANK,EQ,6.95,6.95,6.8,6.9,6.95,6.95,6831651,46994585.05,31-JUL-2020,21620,INE683A01023,
SOUTHWEST,BE,21.4,21.4,20.25,20.25,20.25,20.5,52983,1073496.65,31-JUL-2020,68,INE980Y01015,
SPAL,EQ,69.6,70.5,67.6,68.3,69.0,69.0,18923,1300693.55,31-JUL-2020,323,INE212I01016,
SPANDANA,EQ,622.95,637.55,616.05,623.4,625.55,625.15,30041,18740319.95,31-JUL-2020,1302,INE572J01011,
SPARC,EQ,175.8,180.8,171.2,176.1,175.45,174.8,4073618,717354005.4,31-JUL-2020,41963,INE232I01014,
SPCENET,BE,0.65,0.65,0.65,0.65,0.65,0.7,50,32.5,31-JUL-2020,1,INE970N01027,
SPECIALITY,EQ,30.5,32.85,30.15,31.75,31.75,30.7,39857,1250049.0,31-JUL-2020,289,INE247M01014,
SPENCERS,EQ,82.4,85.7,81.15,83.9,83.5,82.35,1715305,142246575.8,31-JUL-2020,10232,INE020801028,
SPENTEX,BE,0.7,0.7,0.65,0.7,0.7,0.7,36002,23751.35,31-JUL-2020,42,INE376C01020,
SPIC,EQ,21.75,22.0,20.9,21.0,21.1,22.0,250910,5340311.4,31-JUL-2020,1459,INE147A01011,
SPICEJET,EQ,47.05,47.45,46.5,46.85,46.9,47.3,1618679,75991809.6,31-JUL-2020,8772,INE285B01017,
SPLIL,EQ,27.85,27.85,26.1,26.5,26.4,27.65,29170,781016.65,31-JUL-2020,339,INE978G01016,
SPMLINFRA,EQ,7.7,7.7,7.45,7.45,7.45,7.8,13949,105021.2,31-JUL-2020,208,INE937A01023,
SPTL,BE,2.45,2.6,2.4,2.5,2.5,2.5,1212477,3004157.25,31-JUL-2020,919,INE501W01021,
SPYL,BE,0.35,0.45,0.35,0.45,0.45,0.4,163561,66508.5,31-JUL-2020,125,INE268L01020,
SREEL,EQ,122.3,128.75,121.05,127.65,128.0,123.75,17247,2192089.25,31-JUL-2020,409,INE099F01013,
SREINFRA,EQ,6.65,6.65,6.35,6.4,6.5,6.55,910908,5860820.9,31-JUL-2020,1167,INE872A01014,
SRF,EQ,3788.0,3886.25,3756.0,3793.15,3782.3,3760.2,333517,1272629291.3,31-JUL-2020,26470,INE647A01010,
SRHHYPOLTD,EQ,158.9,159.3,150.3,152.75,154.0,157.85,6053,936859.15,31-JUL-2020,248,INE917H01012,
SRIPIPES,EQ,183.0,186.05,181.2,182.55,181.5,183.15,33028,6063915.95,31-JUL-2020,1157,INE943C01027,
SRTRANSFIN,EQ,685.0,694.95,672.2,691.3,692.5,683.6,3659572,2504741385.25,31-JUL-2020,71599,INE721A01013,
SSWL,EQ,418.45,418.45,405.9,412.0,414.4,418.7,18499,7648903.6,31-JUL-2020,1230,INE802C01017,
STAR,EQ,424.0,438.95,421.0,436.2,437.05,421.1,1268943,549907408.3,31-JUL-2020,20386,INE939A01011,
STARCEMENT,EQ,95.1,95.6,85.5,88.9,89.0,95.9,676465,61350525.85,31-JUL-2020,8879,INE460H01021,
STARPAPER,EQ,96.95,100.0,95.05,96.1,95.7,96.1,100516,9700426.05,31-JUL-2020,2069,INE733A01018,
STCINDIA,EQ,47.75,50.1,47.75,48.35,48.8,48.5,33749,1653941.3,31-JUL-2020,550,INE655A01013,
STEELCITY,EQ,28.25,28.25,26.1,26.6,26.5,27.85,12729,344026.7,31-JUL-2020,84,INE395H01011,
STEELXIND,BE,28.0,28.45,28.0,28.15,28.05,28.1,116091,3264415.95,31-JUL-2020,53,INE503B01013,
STEL,EQ,58.0,58.9,57.0,57.35,57.35,59.35,6413,370515.0,31-JUL-2020,205,INE577L01016,
STERTOOLS,EQ,174.6,179.45,170.1,170.9,171.25,176.5,10852,1895768.25,31-JUL-2020,375,INE334A01023,
STINDIA,BE,3.85,3.85,3.75,3.75,3.75,3.75,302,1132.7,31-JUL-2020,2,INE090C01019,
STRTECH,EQ,123.0,123.15,120.15,121.75,121.5,122.2,992191,120889019.2,31-JUL-2020,9666,INE089C01029,
SUBCAPCITY,BE,12.25,12.25,11.15,12.25,12.25,11.7,4314,52843.2,31-JUL-2020,13,INE845C01016,
SUBEX,BE,8.85,9.35,8.55,9.05,9.25,8.95,1528420,13932473.8,31-JUL-2020,1337,INE754A01014,
SUBROS,EQ,182.3,184.0,178.5,180.0,180.1,180.15,169743,30636958.75,31-JUL-2020,2650,INE287B01021,
SUDARSCHEM,EQ,386.0,416.9,383.0,409.35,410.0,385.75,597491,242347099.0,31-JUL-2020,13825,INE659A01023,
SUMEETINDS,BE,1.9,1.9,1.8,1.8,1.8,1.85,21046,38397.8,31-JUL-2020,45,INE235C01010,
SUMICHEM,EQ,268.0,271.55,264.3,267.15,268.0,268.15,318532,84874493.5,31-JUL-2020,3932,INE258G01013,
SUMIT,BE,10.3,10.4,9.85,10.0,10.0,10.2,17381,176230.05,31-JUL-2020,68,INE748Z01013,
SUMMITSEC,EQ,342.0,359.4,342.0,357.5,358.2,350.0,842,297159.95,31-JUL-2020,110,INE519C01017,
SUNCLAYLTD,EQ,1557.0,1586.55,1551.0,1557.3,1565.0,1579.35,2515,3920713.65,31-JUL-2020,450,INE105A01035,
SUNDARAM,BE,1.6,1.6,1.55,1.55,1.55,1.6,27784,43137.7,31-JUL-2020,38,INE108E01023,
SUNDARMFIN,EQ,1263.0,1291.5,1246.15,1277.75,1270.05,1251.05,51456,64922395.4,31-JUL-2020,5739,INE660A01013,
SUNDARMHLD,EQ,47.05,47.25,46.1,46.85,47.0,47.05,81238,3792861.4,31-JUL-2020,713,INE202Z01029,
SUNDRMBRAK,EQ,222.95,226.4,216.3,222.0,222.0,222.8,1316,291433.5,31-JUL-2020,73,INE073D01013,
SUNDRMFAST,EQ,406.65,417.0,404.45,415.95,416.5,408.8,40747,16787447.05,31-JUL-2020,1847,INE387A01021,
SUNFLAG,EQ,38.7,39.7,38.0,38.15,38.0,38.4,306664,11852737.25,31-JUL-2020,1568,INE947A01014,
SUNPHARMA,EQ,514.25,541.0,507.5,531.7,537.8,509.95,41253779,21560239683.8,31-JUL-2020,469087,INE044A01036,
SUNTECK,EQ,183.95,188.0,179.5,187.05,185.0,183.0,801139,147321722.2,31-JUL-2020,5545,INE805D01034,
SUNTV,EQ,389.9,395.55,385.5,386.9,386.7,386.45,1445130,564535898.75,31-JUL-2020,21871,INE424H01027,
SUPERHOUSE,EQ,85.0,85.0,83.8,84.0,84.2,85.45,23176,1954540.95,31-JUL-2020,215,INE712B01010,
SUPERSPIN,BE,4.3,4.4,4.25,4.3,4.3,4.35,2905,12524.7,31-JUL-2020,15,INE662A01027,
SUPPETRO,EQ,178.6,183.5,175.75,182.35,180.9,178.65,22267,4016738.1,31-JUL-2020,715,INE663A01017,
SUPRAJIT,EQ,150.85,154.05,150.65,152.6,152.8,151.3,69096,10539369.25,31-JUL-2020,1431,INE399C01030,
SUPREMEIND,EQ,1243.0,1298.8,1243.0,1289.3,1292.0,1264.5,53216,68462300.5,31-JUL-2020,6566,INE195A01028,
SURANASOL,BE,6.7,6.7,6.2,6.6,6.6,6.45,14646,94759.2,31-JUL-2020,42,INE272L01022,
SURANAT&P,EQ,3.65,3.7,3.55,3.7,3.7,3.55,9253,33316.0,31-JUL-2020,26,INE130B01031,
SURYALAXMI,BE,16.05,16.4,16.05,16.05,16.05,16.4,233,3743.85,31-JUL-2020,6,INE713B01026,
SURYAROSNI,EQ,115.2,115.2,112.0,113.55,113.45,115.8,72718,8253865.4,31-JUL-2020,1527,INE335A01012,
SUTLEJTEX,EQ,19.0,19.35,18.75,18.85,18.75,18.85,113973,2167283.95,31-JUL-2020,573,INE645H01027,
SUVEN,EQ,37.7,38.3,36.15,37.9,38.0,37.15,659016,24569692.2,31-JUL-2020,3227,INE495B01038,
SUVENPHAR,EQ,604.8,644.0,595.0,633.25,627.0,595.95,352372,217611171.1,31-JUL-2020,34398,INE03QK01018,
SUZLON,EQ,4.45,4.55,4.3,4.3,4.35,4.4,9084900,39864260.0,31-JUL-2020,16458,INE040H01021,
SWANENERGY,EQ,127.55,135.0,127.55,132.85,132.7,130.3,167958,22272780.8,31-JUL-2020,2975,INE665A01038,
SWARAJENG,EQ,1390.3,1390.3,1347.1,1349.6,1350.0,1377.3,5395,7336229.9,31-JUL-2020,820,INE277A01016,
SWELECTES,EQ,101.05,102.8,99.1,100.2,101.7,101.1,2896,291336.35,31-JUL-2020,112,INE409B01013,
SWSOLAR,EQ,224.0,226.4,218.55,223.75,224.5,226.45,138040,30789408.9,31-JUL-2020,2573,INE00M201021,
SYMPHONY,EQ,840.0,848.95,840.0,845.55,845.0,841.35,7853,6628464.1,31-JUL-2020,1193,INE225D01027,
SYNCOM,BE,1.85,1.85,1.75,1.8,1.85,1.8,192119,345009.7,31-JUL-2020,271,INE602K01014,
SYNGENE,EQ,476.0,492.0,469.35,487.55,487.3,471.8,1440119,690747696.6,31-JUL-2020,24313,INE398R01022,
TAINWALCHM,EQ,52.0,54.0,51.2,51.3,51.3,52.55,5315,275669.1,31-JUL-2020,208,INE123C01018,
TAJGVK,EQ,140.6,148.0,137.75,142.2,141.95,139.35,343267,49335779.2,31-JUL-2020,5125,INE586B01026,
TAKE,EQ,42.4,42.8,41.0,42.45,42.55,40.8,508992,21400241.3,31-JUL-2020,2917,INE142I01023,
TALBROAUTO,EQ,98.45,98.45,90.75,93.45,93.05,93.85,12393,1164056.8,31-JUL-2020,394,INE187D01011,
TANLA,EQ,115.5,120.0,110.35,118.65,118.2,114.45,618972,72325053.2,31-JUL-2020,6545,INE483C01032,
TANTIACONS,BE,2.05,2.25,2.05,2.25,2.25,2.15,4300,9455.0,31-JUL-2020,11,INE388G01018,
TARMAT,EQ,34.0,34.0,32.4,33.9,33.9,32.9,20483,683312.6,31-JUL-2020,144,INE924H01018,
TASTYBITE,EQ,11860.05,11999.0,11649.95,11787.15,11999.0,11807.0,1498,17686578.85,31-JUL-2020,719,INE488B01017,
TATACHEM,EQ,311.25,311.25,303.65,305.7,306.6,310.05,1441401,441142891.55,31-JUL-2020,17080,INE092A01019,
TATACOFFEE,EQ,93.4,94.0,89.55,90.55,90.95,93.55,1068132,97535996.7,31-JUL-2020,8196,INE493A01027,
TATACOMM,EQ,759.75,759.75,731.25,759.75,759.75,723.6,214712,162251590.0,31-JUL-2020,3749,INE151A01013,
TATACONSUM,EQ,425.0,434.0,425.0,428.05,428.5,424.9,3115208,1339389177.7,31-JUL-2020,56399,INE192A01025,
TATAELXSI,EQ,967.2,969.25,936.0,940.0,942.0,962.4,346200,327977043.85,31-JUL-2020,13686,INE670A01012,
TATAINVEST,EQ,738.75,740.95,726.1,732.25,726.1,731.75,13825,10166603.2,31-JUL-2020,1257,INE672A01018,
TATAMETALI,EQ,490.8,500.0,490.0,491.75,491.5,493.75,15997,7903284.9,31-JUL-2020,1352,INE056C01010,
TATAMOTORS,EQ,104.0,105.4,102.3,104.65,105.05,103.65,33809020,3503235249.05,31-JUL-2020,115278,INE155A01022,
TATAMTRDVR,EQ,38.0,38.0,36.85,37.5,37.8,37.9,4023015,149915397.55,31-JUL-2020,13710,IN9155A01020,
TATAPOWER,EQ,48.05,49.0,47.5,48.7,48.8,48.0,19705075,949349624.8,31-JUL-2020,26713,INE245A01021,
TATASTEEL,EQ,365.6,370.4,360.4,366.3,368.1,366.6,9024955,3298435294.6,31-JUL-2020,76352,INE081A01012,
TATASTLBSL,EQ,21.5,22.1,21.35,21.85,22.1,21.8,1726601,37580392.15,31-JUL-2020,12969,INE824B01021,
TATASTLLP,EQ,258.3,260.0,253.0,256.5,257.8,256.25,24302,6218490.5,31-JUL-2020,754,INE674A01014,
TBZ,EQ,33.95,33.95,32.05,33.2,32.8,33.1,131844,4326569.25,31-JUL-2020,1364,INE760L01018,
TCI,EQ,171.9,176.45,165.95,173.3,172.0,168.35,33997,5793451.6,31-JUL-2020,1098,INE688A01022,
TCIDEVELOP,EQ,272.05,280.95,272.05,273.05,273.05,273.3,179,49132.1,31-JUL-2020,27,INE662L01016,
TCIEXP,EQ,715.0,721.75,701.2,703.55,703.95,714.45,10432,7398041.6,31-JUL-2020,2020,INE586V01016,
TCIFINANCE,BE,6.35,6.35,5.9,6.15,6.15,6.05,5354,33409.9,31-JUL-2020,25,INE911B01018,
TCNSBRANDS,EQ,327.5,334.75,326.0,330.1,326.5,329.65,5930,1952409.2,31-JUL-2020,592,INE778U01029,
TCPLPACK,EQ,270.05,284.95,262.0,276.65,284.95,278.75,35367,9749694.9,31-JUL-2020,224,INE822C01015,
TCS,EQ,2303.15,2334.8,2257.45,2281.4,2290.45,2279.5,4723290,10844452626.95,31-JUL-2020,183229,INE467B01029,
TDPOWERSYS,EQ,99.1,101.7,98.2,99.65,100.0,100.8,24570,2448816.55,31-JUL-2020,973,INE419M01019,
TEAMLEASE,EQ,1786.0,1863.0,1782.05,1849.8,1850.0,1786.0,214312,394589475.0,31-JUL-2020,11173,INE985S01024,
TECHIN,BE,3.0,3.3,3.0,3.0,3.0,3.15,2724,8652.3,31-JUL-2020,11,INE778A01021,
TECHM,EQ,678.45,685.45,673.5,681.65,681.95,674.75,3114816,2117960428.7,31-JUL-2020,65788,INE669C01036,
TECHNOE,EQ,175.05,179.9,175.05,178.5,179.0,179.7,3299,586429.7,31-JUL-2020,102,INE285K01026,
TECHNOFAB,BE,9.6,9.6,8.95,9.05,8.95,9.25,1640,14875.9,31-JUL-2020,18,INE509K01011,
TEJASNET,BE,59.05,59.1,56.9,57.7,58.0,59.85,106670,6148210.2,31-JUL-2020,623,INE010J01012,
TERASOFT,EQ,23.8,25.0,23.8,24.25,24.15,24.9,14438,351251.8,31-JUL-2020,120,INE482B01010,
TEXINFRA,EQ,33.15,35.9,33.1,35.4,35.55,34.55,161549,5505025.0,31-JUL-2020,1257,INE435C01024,
TEXMOPIPES,EQ,12.7,12.8,12.0,12.2,12.15,12.6,54156,663243.05,31-JUL-2020,212,INE141K01013,
TEXRAIL,EQ,25.25,26.5,24.6,26.15,26.1,24.9,739652,18942655.4,31-JUL-2020,3567,INE621L01012,
TFCILTD,EQ,34.2,35.25,34.05,35.05,35.0,34.35,77893,2716416.05,31-JUL-2020,465,INE305A01015,
TFL,BE,3.15,3.15,2.85,2.85,3.15,3.0,2025,6078.75,31-JUL-2020,7,INE804H01012,
TGBHOTELS,BE,4.4,4.4,4.05,4.05,4.05,4.25,5073,20864.4,31-JUL-2020,18,INE797H01018,
THANGAMAYL,EQ,324.7,332.0,317.0,320.1,319.9,322.45,44903,14555680.45,31-JUL-2020,2646,INE085J01014,
THEINVEST,EQ,97.2,97.25,91.0,93.2,94.0,92.7,4940,465334.9,31-JUL-2020,127,INE924D01017,
THEMISMED,EQ,392.35,404.0,378.1,387.45,390.0,386.35,4773,1869955.3,31-JUL-2020,301,INE083B01016,
THERMAX,EQ,746.9,748.0,741.6,744.9,745.0,741.45,15594,11611716.8,31-JUL-2020,2713,INE152A01029,
THOMASCOOK,EQ,28.75,29.8,28.65,29.4,29.3,28.75,379030,11132306.4,31-JUL-2020,4090,INE332A01027,
THYROCARE,EQ,688.15,716.35,677.05,701.6,701.95,682.85,414425,290363462.8,31-JUL-2020,16651,INE594H01019,
TI,EQ,17.55,18.0,17.15,17.35,17.55,17.7,22148,386401.35,31-JUL-2020,154,INE133E01013,
TIDEWATER,EQ,4180.8,4239.9,4180.75,4229.0,4239.9,4190.3,1847,7780999.05,31-JUL-2020,391,INE484C01022,
TIIL,EQ,229.75,240.0,220.0,221.65,220.45,222.05,4582,1023690.3,31-JUL-2020,327,INE545H01011,
TIINDIA,EQ,507.55,513.0,499.95,508.9,512.9,507.4,134071,67910946.35,31-JUL-2020,3789,INE974X01010,
TIJARIA,EQ,5.45,5.6,5.15,5.5,5.6,5.4,14468,78062.1,31-JUL-2020,51,INE440L01017,
TIL,EQ,135.15,138.0,131.9,132.35,132.95,135.15,3456,462002.6,31-JUL-2020,235,INE806C01018,
TIMESGTY,EQ,21.65,21.75,20.25,20.75,20.5,22.2,4836,101965.75,31-JUL-2020,34,INE289C01025,
TIMETECHNO,EQ,37.95,38.2,36.15,36.6,36.75,37.85,459682,17061915.2,31-JUL-2020,1889,INE508G01029,
TIMKEN,EQ,969.35,974.75,955.0,969.95,969.0,969.35,16950,16421811.7,31-JUL-2020,846,INE325A01013,
TINPLATE,EQ,133.5,134.25,130.0,130.4,130.5,133.25,338626,44577918.15,31-JUL-2020,5667,INE422C01014,
TIPSINDLTD,EQ,149.55,149.55,143.05,145.35,145.5,145.2,23732,3438925.7,31-JUL-2020,617,INE716B01011,
TIRUMALCHM,EQ,54.0,54.75,52.45,52.9,53.2,53.9,125586,6674403.4,31-JUL-2020,1314,INE338A01024,
TITAN,EQ,1045.5,1051.1,1032.7,1043.25,1048.5,1041.85,1786574,1863622366.1,31-JUL-2020,56465,INE280A01028,
TMRVL,BE,10.2,10.2,9.45,10.0,10.0,9.9,42503,411716.3,31-JUL-2020,182,INE759V01019,
TNPETRO,EQ,35.5,35.95,33.2,34.2,34.2,35.4,326400,11373573.6,31-JUL-2020,2088,INE148A01019,
TNPL,EQ,112.1,113.95,111.25,112.8,112.5,111.4,226587,25445798.75,31-JUL-2020,2362,INE107A01015,
TNTELE,BE,1.8,1.8,1.7,1.7,1.7,1.75,2260,4018.5,31-JUL-2020,12,INE141D01018,
TOKYOPLAST,EQ,57.65,59.65,57.6,58.2,58.05,58.2,2082,121708.2,31-JUL-2020,40,INE932C01012,
TORNTPHARM,EQ,2500.15,2755.4,2500.0,2663.6,2661.4,2437.6,6618558,17694391158.15,31-JUL-2020,315639,INE685A01028,
TORNTPOWER,EQ,321.5,328.5,320.65,325.45,326.6,320.1,1305227,424619011.3,31-JUL-2020,15721,INE813H01021,
TOUCHWOOD,BE,41.3,42.8,39.45,40.0,40.0,41.3,236,9565.25,31-JUL-2020,10,INE486Y01013,
TPLPLASTEH,EQ,122.0,135.0,111.4,116.75,117.95,127.6,121319,15412118.35,31-JUL-2020,3343,INE413G01014,
TREEHOUSE,EQ,6.15,6.15,6.15,6.15,6.15,5.9,40661,250065.15,31-JUL-2020,45,INE040M01013,
TREJHARA,EQ,9.25,9.25,8.8,8.8,8.8,9.0,11549,103920.0,31-JUL-2020,26,INE00CA01015,
TRENT,EQ,554.25,577.65,550.15,558.1,558.15,550.45,597677,337771186.3,31-JUL-2020,22731,INE849A01020,
TRF,EQ,77.1,78.45,75.8,77.15,77.0,77.45,14376,1107282.25,31-JUL-2020,385,INE391D01019,
TRIDENT,EQ,6.45,6.75,6.35,6.7,6.7,6.45,7880688,51364751.9,31-JUL-2020,20507,INE064C01022,
TRIGYN,EQ,32.35,32.65,30.75,31.05,30.8,32.15,25344,794851.15,31-JUL-2020,313,INE948A01012,
TRIL,EQ,10.7,10.7,10.0,10.2,10.2,10.4,99405,1009008.15,31-JUL-2020,370,INE763I01026,
TRITURBINE,EQ,63.9,63.9,62.05,62.45,62.65,62.55,23404,1462888.45,31-JUL-2020,689,INE152M01016,
TRIVENI,EQ,54.5,55.2,54.05,54.2,54.25,54.8,128669,6993816.05,31-JUL-2020,926,INE256C01024,
TTKHLTCARE,EQ,410.3,424.75,405.75,419.3,422.0,408.65,3848,1598115.25,31-JUL-2020,270,INE910C01018,
TTKPRESTIG,EQ,5350.6,5974.9,5320.0,5783.35,5885.0,5341.75,38479,221107879.95,31-JUL-2020,6574,INE690A01010,
TTL,EQ,29.45,31.9,29.45,30.25,30.05,29.35,34318,1057264.05,31-JUL-2020,381,INE592B01016,
TTML,EQ,3.4,3.45,3.3,3.35,3.35,3.35,984530,3322741.65,31-JUL-2020,834,INE517B01013,
TV18BRDCST,EQ,34.5,34.5,33.0,33.35,33.5,33.9,4842674,162066666.45,31-JUL-2020,8337,INE886H01027,
TVSELECT,BE,87.0,90.2,87.0,87.4,87.8,88.6,8937,783217.5,31-JUL-2020,169,INE236G01019,
TVSMOTOR,EQ,404.65,405.95,385.0,387.5,389.0,402.15,2415056,954421707.55,31-JUL-2020,29876,INE494B01023,
TVSSRICHAK,EQ,1497.85,1499.95,1420.0,1427.6,1428.0,1506.35,25362,36858304.75,31-JUL-2020,3178,INE421C01016,
TVTODAY,EQ,198.25,205.9,198.25,203.25,203.0,199.05,33521,6809129.9,31-JUL-2020,892,INE038F01029,
TVVISION,BE,1.8,1.85,1.75,1.75,1.75,1.8,5033,8837.75,31-JUL-2020,17,INE871L01013,
TWL,EQ,39.55,39.9,38.7,39.05,39.15,39.75,107494,4199284.6,31-JUL-2020,1207,INE615H01020,
UBL,EQ,970.0,972.9,948.15,951.65,956.05,965.05,563284,538705028.15,31-JUL-2020,14636,INE686F01025,
UCALFUEL,EQ,133.0,133.5,125.1,127.5,125.3,125.75,409424,52771645.05,31-JUL-2020,7667,INE139B01016,
UCOBANK,EQ,14.35,15.45,14.0,14.05,14.0,14.2,21192813,310140479.1,31-JUL-2020,23285,INE691A01018,
UFLEX,EQ,266.95,270.6,262.55,265.5,265.0,261.8,120161,31995664.3,31-JUL-2020,2583,INE516A01017,
UFO,EQ,69.95,70.0,66.8,67.1,67.4,69.2,288477,19577133.45,31-JUL-2020,3010,INE527H01019,
UGARSUGAR,EQ,13.6,13.65,13.45,13.45,13.5,13.65,49124,664074.75,31-JUL-2020,278,INE071E01023,
UJAAS,EQ,5.2,5.2,5.2,5.2,5.2,5.45,161506,839831.2,31-JUL-2020,270,INE899L01022,
UJJIVAN,EQ,232.5,238.95,228.0,235.85,236.4,232.75,4247349,994826891.15,31-JUL-2020,34623,INE334L01012,
UJJIVANSFB,EQ,34.4,34.95,33.3,34.4,34.85,34.0,1059521,36103672.45,31-JUL-2020,4251,INE551W01018,
ULTRACEMCO,EQ,4159.95,4209.0,4092.5,4117.3,4129.6,4155.55,413669,1712585410.15,31-JUL-2020,36719,INE481G01011,
UMANGDAIRY,BE,40.1,41.45,40.0,40.9,40.75,40.75,3018,122265.35,31-JUL-2020,55,INE864B01027,
UNICHEMLAB,EQ,217.0,237.15,214.3,235.1,236.25,213.6,825706,188851651.6,31-JUL-2020,14993,INE351A01035,
UNIENTER,EQ,61.45,63.2,61.0,62.8,61.35,61.15,15727,977461.8,31-JUL-2020,277,INE037A01022,
UNIONBANK,EQ,29.0,29.35,28.8,29.0,29.05,29.3,2359590,68508398.4,31-JUL-2020,6399,INE692A01016,
UNIPLY,EQ,5.25,5.5,5.15,5.4,5.4,5.25,616132,3322872.4,31-JUL-2020,830,INE950G01023,
UNITEDTEA,EQ,325.05,329.7,312.0,314.1,312.0,325.05,13998,4431522.15,31-JUL-2020,470,INE458F01011,
UNIVASTU,EQ,32.8,33.9,30.55,32.1,32.65,32.8,5165,164177.5,31-JUL-2020,68,INE562X01013,
UNIVCABLES,EQ,114.75,114.75,107.0,107.55,107.9,110.6,19804,2164639.3,31-JUL-2020,635,INE279A01012,
UNIVPHOTO,EQ,163.35,163.35,163.35,163.35,163.35,155.6,3054,498870.9,31-JUL-2020,44,INE03V001013,
UPL,EQ,467.85,486.0,460.25,478.15,477.8,464.6,11062532,5260198073.75,31-JUL-2020,144249,INE628A01036,
URJA,BE,2.65,2.65,2.6,2.65,2.65,2.55,2034278,5385391.05,31-JUL-2020,2872,INE550C01020,
USHAMART,EQ,18.85,18.85,18.2,18.4,18.45,18.8,274417,5062623.3,31-JUL-2020,886,INE228A01035,
UTINEXT50,EQ,269.99,273.0,267.65,272.87,272.87,268.88,1066,289286.01,31-JUL-2020,25,INF789FC1N82,
UTINIFTETF,EQ,1184.51,1188.7,1176.4,1184.08,1185.45,1177.3,204,241241.48,31-JUL-2020,28,INF789FB1X41,
UTISENSETF,EQ,409.89,409.89,396.0,397.98,396.0,400.3,290,116512.48,31-JUL-2020,39,INF789FB1X58,
UTTAMSTL,BE,6.5,6.8,6.5,6.5,6.5,6.8,62040,404220.15,31-JUL-2020,145,INE699A01011,
UTTAMSUGAR,EQ,72.5,73.65,71.1,73.25,73.5,72.25,23323,1683963.35,31-JUL-2020,705,INE786F01031,
UVSL,BE,0.45,0.5,0.4,0.45,0.5,0.45,14009689,6523739.55,31-JUL-2020,3037,INE292A01023,
V2RETAIL,EQ,45.1,46.15,45.0,45.65,45.25,45.55,73598,3339135.3,31-JUL-2020,870,INE945H01013,
VADILALIND,EQ,600.0,614.0,599.95,602.95,604.9,599.0,13307,8078487.5,31-JUL-2020,1304,INE694D01016,
VAIBHAVGBL,EQ,1366.0,1370.3,1335.0,1338.4,1335.35,1335.1,38188,51504630.75,31-JUL-2020,2179,INE884A01019,
VAISHALI,EQ,43.0,43.0,40.3,41.35,42.9,43.0,13340,550409.55,31-JUL-2020,201,INE972X01014,
VAKRANGEE,EQ,28.1,29.25,27.7,28.25,28.3,28.6,2162678,61375239.35,31-JUL-2020,5008,INE051B01021,
VARDHACRLC,EQ,28.3,29.3,28.1,28.25,28.15,28.7,27954,795733.7,31-JUL-2020,211,INE116G01013,
VARDMNPOLY,BE,7.65,7.65,7.65,7.65,7.65,8.05,4245,32474.25,31-JUL-2020,29,INE835A01011,
VARROC,EQ,197.95,203.0,192.0,196.55,197.25,196.6,144808,28538225.25,31-JUL-2020,2883,INE665L01035,
VASCONEQ,EQ,8.55,8.55,8.05,8.2,8.2,8.45,151078,1252681.5,31-JUL-2020,317,INE893I01013,
VASWANI,BE,5.1,5.1,4.7,5.1,5.1,4.9,26930,133658.55,31-JUL-2020,36,INE590L01019,
VBL,EQ,689.1,714.4,689.1,708.1,708.5,682.75,187253,132080148.4,31-JUL-2020,6239,INE200M01013,
VEDL,EQ,112.0,115.2,111.8,113.8,113.55,110.9,27621967,3135181406.5,31-JUL-2020,101664,INE205A01025,
VENKEYS,EQ,1060.05,1065.0,1037.0,1044.7,1044.0,1059.35,40702,42583255.8,31-JUL-2020,3281,INE398A01010,
VENUSREM,BE,77.65,77.65,77.65,77.65,77.65,81.7,7185,557915.25,31-JUL-2020,48,INE411B01019,
VERTOZ,EQ,118.3,121.95,116.5,116.85,118.85,118.0,21385,2506109.25,31-JUL-2020,147,INE188Y01015,
VESUVIUS,EQ,870.05,873.0,863.0,866.95,867.0,865.5,988,856363.95,31-JUL-2020,84,INE386A01015,
VETO,EQ,43.4,43.4,42.0,42.3,42.1,41.7,30491,1297673.05,31-JUL-2020,459,INE918N01018,
VGUARD,EQ,164.0,164.9,162.0,162.85,162.8,163.55,174232,28390513.85,31-JUL-2020,3460,INE951I01027,
VHL,EQ,1308.95,1310.0,1260.0,1262.45,1260.0,1289.9,280,354777.45,31-JUL-2020,88,INE701A01023,
VICEROY,BE,2.1,2.2,2.05,2.15,2.15,2.1,17488,37450.05,31-JUL-2020,47,INE048C01017,
VIDHIING,EQ,70.4,71.3,69.0,70.15,70.0,70.05,35953,2518980.25,31-JUL-2020,608,INE632C01026,
VIJIFIN,BE,0.65,0.7,0.6,0.65,0.65,0.65,243005,150862.9,31-JUL-2020,95,INE159N01027,
VIKASECO,EQ,7.2,7.2,6.6,6.6,6.6,6.9,3617489,24809996.1,31-JUL-2020,1735,INE806A01020,
VIKASMCORP,BE,9.95,10.15,9.5,10.1,10.15,9.7,4294009,42346424.8,31-JUL-2020,4196,INE161L01027,
VIKASPROP,EQ,3.0,3.0,3.0,3.0,3.0,3.05,379224,1137672.0,31-JUL-2020,826,INE767B01022,
VIKASWSP,EQ,5.65,5.65,5.35,5.4,5.4,5.45,76956,419135.25,31-JUL-2020,194,INE706A01022,
VIMTALABS,EQ,99.35,105.9,97.0,104.25,104.2,98.05,597407,61575662.4,31-JUL-2020,8263,INE579C01029,
VINATIORGA,EQ,978.95,985.5,965.15,977.95,977.7,966.15,48866,47687232.25,31-JUL-2020,3503,INE410B01037,
VINDHYATEL,EQ,669.85,669.85,645.05,649.05,651.9,653.1,5609,3674652.55,31-JUL-2020,711,INE707A01012,
VINYLINDIA,EQ,82.4,82.9,79.25,81.0,81.0,80.25,42034,3399418.8,31-JUL-2020,1043,INE250B01029,
VIPCLOTHNG,BE,6.2,6.45,6.1,6.4,6.4,6.2,19569,124037.95,31-JUL-2020,80,INE450G01024,
VIPIND,EQ,268.1,274.4,268.1,270.6,270.0,271.6,417411,113238779.15,31-JUL-2020,16698,INE054A01027,
VIPULLTD,EQ,14.0,14.0,12.95,13.05,13.0,13.5,6198,83249.25,31-JUL-2020,87,INE946H01037,
VISAKAIND,EQ,272.0,274.7,270.05,273.05,274.0,271.3,34956,9485682.1,31-JUL-2020,908,INE392A01013,
VISASTEEL,BE,4.8,5.3,4.8,5.15,4.9,5.05,9264,47012.85,31-JUL-2020,38,INE286H01012,
VISHAL,BE,272.4,286.1,272.4,273.1,273.1,272.6,439,120763.1,31-JUL-2020,11,INE755Q01025,
VISHNU,EQ,128.4,131.05,126.75,129.0,128.5,129.4,12813,1653683.5,31-JUL-2020,440,INE270I01014,
VISHWARAJ,EQ,84.0,85.4,83.0,84.35,84.4,84.7,2607,219644.7,31-JUL-2020,119,INE430N01014,
VIVIDHA,BE,0.4,0.4,0.35,0.4,0.4,0.4,325900,119000.4,31-JUL-2020,107,INE370E01029,
VIVIMEDLAB,BE,10.35,10.9,10.35,10.7,10.9,10.45,36047,383468.05,31-JUL-2020,141,INE526G01021,
VLSFINANCE,EQ,51.0,52.25,50.5,50.9,50.8,51.1,13008,665250.15,31-JUL-2020,208,INE709A01018,
VMART,EQ,1797.8,1805.05,1762.3,1796.0,1796.0,1788.85,4330,7747980.85,31-JUL-2020,659,INE665J01013,
VOLTAMP,EQ,1035.0,1039.65,1015.0,1031.7,1032.0,1041.5,9147,9347730.35,31-JUL-2020,905,INE540H01012,
VOLTAS,EQ,595.25,603.5,590.65,598.4,596.25,595.25,1600492,958041300.25,31-JUL-2020,40474,INE226A01021,
VRLLOG,EQ,148.5,148.85,146.55,147.9,147.4,147.35,26025,3848076.45,31-JUL-2020,1384,INE366I01010,
VSSL,BE,58.95,58.95,55.8,56.7,56.3,56.7,2590,146641.25,31-JUL-2020,42,INE050M01012,
VSTIND,EQ,3237.95,3263.5,3220.05,3247.65,3260.0,3222.7,8339,26978344.3,31-JUL-2020,1499,INE710A01016,
VSTTILLERS,EQ,1361.0,1387.45,1335.0,1348.65,1348.5,1367.4,9406,12813035.45,31-JUL-2020,1115,INE764D01017,
VTL,EQ,651.5,669.2,644.8,665.25,665.0,648.25,25162,16632998.85,31-JUL-2020,2025,INE825A01012,
WABAG,EQ,117.0,119.5,113.7,114.45,114.0,117.0,111034,12839860.75,31-JUL-2020,2482,INE956G01038,
WABCOINDIA,EQ,6945.15,6969.7,6945.0,6959.65,6951.0,6961.65,3715,25831839.65,31-JUL-2020,322,INE342J01019,
WALCHANNAG,EQ,52.5,52.95,51.0,51.1,51.15,52.05,52996,2723642.35,31-JUL-2020,693,INE711A01022,
WANBURY,BE,28.25,29.9,28.25,29.75,29.85,28.5,11266,329283.65,31-JUL-2020,108,INE107F01022,
WATERBASE,EQ,91.9,92.65,90.7,91.0,90.7,91.85,73263,6706953.85,31-JUL-2020,1295,INE054C01015,
WEBELSOLAR,BE,19.7,20.6,19.5,20.25,20.55,19.95,26314,526057.05,31-JUL-2020,85,INE855C01015,
WEIZMANIND,EQ,32.8,33.25,31.0,32.7,32.85,30.25,100390,3295959.85,31-JUL-2020,646,INE080A01014,
WELCORP,EQ,84.15,88.35,83.0,87.8,87.7,84.15,2440921,211949978.7,31-JUL-2020,15366,INE191B01025,
WELENT,EQ,57.1,57.45,55.75,56.05,56.1,57.6,215539,12138766.4,31-JUL-2020,1647,INE625G01013,
WELINV,EQ,214.05,214.05,214.05,214.05,214.05,214.15,74,15839.7,31-JUL-2020,4,INE389K01018,
WELSPUNIND,EQ,37.55,39.2,37.25,39.2,39.2,37.35,1058747,41177038.85,31-JUL-2020,1780,INE192B01031,
WENDT,EQ,2439.95,2538.75,2437.95,2442.7,2460.0,2447.75,89,219164.45,31-JUL-2020,69,INE274C01019,
WESTLIFE,EQ,350.0,368.0,346.0,364.45,361.0,354.35,305012,108993809.05,31-JUL-2020,10006,INE274F01020,
WHEELS,EQ,410.05,413.55,405.0,410.8,411.75,411.95,3625,1486071.1,31-JUL-2020,401,INE715A01015,
WHIRLPOOL,EQ,2111.0,2121.6,2044.4,2073.0,2085.0,2123.4,39165,81817692.5,31-JUL-2020,3858,INE716A01013,
WILLAMAGOR,EQ,17.55,18.0,16.95,17.35,17.75,17.8,9852,169125.0,31-JUL-2020,104,INE210A01017,
WINDMACHIN,EQ,12.55,12.75,12.05,12.1,12.2,12.55,3996,49038.3,31-JUL-2020,66,INE052A01021,
WIPL,BE,47.5,47.5,47.5,47.5,47.5,47.7,5,237.5,31-JUL-2020,4,INE215F01023,
WIPRO,EQ,289.6,290.8,278.6,280.95,280.15,284.1,16700905,4731829865.0,31-JUL-2020,162988,INE075A01022,
WOCKPHARMA,EQ,264.8,281.7,261.2,276.0,276.5,263.2,2947659,813236829.9,31-JUL-2020,41220,INE049B01025,
WONDERLA,EQ,136.5,138.0,135.1,136.65,136.35,135.65,42833,5844034.35,31-JUL-2020,1598,INE066O01014,
WSI,BE,1.15,1.25,1.15,1.2,1.2,1.2,6401,7786.25,31-JUL-2020,8,INE100D01014,
WSTCSTPAPR,EQ,171.6,173.55,170.1,171.2,172.0,172.45,36047,6188069.05,31-JUL-2020,1100,INE976A01021,
XCHANGING,EQ,46.8,48.55,46.75,48.2,48.2,47.75,24585,1179879.7,31-JUL-2020,252,INE692G01013,
XELPMOC,BE,106.0,117.1,106.0,115.0,114.0,111.55,20788,2237953.4,31-JUL-2020,215,INE01P501012,
XPROINDIA,BE,22.55,23.0,22.2,22.25,22.25,23.2,2321,52307.2,31-JUL-2020,21,INE445C01015,
YESBANK,EQ,12.05,12.1,11.9,11.95,12.0,11.95,120256191,1440410819.85,31-JUL-2020,104416,INE528G01035,
ZEEL,EQ,140.9,141.05,138.1,138.75,138.7,140.2,17793629,2474871132.85,31-JUL-2020,86064,INE256A01028,
ZEELEARN,EQ,13.7,14.05,13.4,13.5,13.45,13.75,550739,7533771.6,31-JUL-2020,1288,INE565L01011,
ZEEMEDIA,BE,5.35,5.45,5.25,5.3,5.35,5.35,409590,2168165.35,31-JUL-2020,524,INE966H01019,
ZENITHEXPO,EQ,34.25,35.95,34.05,35.6,35.05,34.7,864,30265.4,31-JUL-2020,24,INE058B01018,
ZENSARTECH,EQ,168.8,170.25,158.0,159.95,160.8,168.6,372174,60344885.05,31-JUL-2020,7150,INE520A01027,
ZENTEC,EQ,58.0,60.85,58.0,58.8,58.5,58.7,274566,16269116.05,31-JUL-2020,2884,INE251B01027,
ZICOM,BE,1.6,1.65,1.6,1.6,1.6,1.65,5918,9473.75,31-JUL-2020,27,INE871B01014,
ZODIACLOTH,EQ,113.75,118.9,112.7,114.7,115.0,117.35,2976,342655.5,31-JUL-2020,89,INE206B01013,
ZODJRDMKJ,BE,25.75,27.3,24.8,25.25,25.25,26.0,1720,43619.4,31-JUL-2020,22,INE077B01018,
ZOTA,EQ,140.65,147.0,139.95,141.6,141.5,140.15,16701,2402820.2,31-JUL-2020,462,INE358U01012,
ZUARI,EQ,85.9,86.0,83.0,84.1,83.7,87.0,31317,2650070.6,31-JUL-2020,416,INE840M01016,
ZUARIGLOB,EQ,48.75,49.45,47.55,47.9,47.8,48.75,16027,772392.15,31-JUL-2020,192,INE217A01012,
ZYDUSWELL,EQ,1566.0,1690.0,1537.05,1610.8,1602.0,1565.2,292997,481608960.0,31-JUL-2020,21056,INE768C01010,
