SYMBOL,SERIES,OPEN,HIGH,LOW,CLOSE,LAST,PREVCLOSE,TOTTRDQTY,TOTTRDVAL,TIMESTAMP,TOTALTRADES,ISIN,UNNAMED: 13
20MICRONS,EQ,34.9,34.9,33.7,34.05,33.9,34.6,17079,585682.05,21-DEC-2016,109,INE144J01027,
3IINFOTECH,EQ,5.8,5.8,5.5,5.6,5.65,5.6,1019261,5699878.35,21-DEC-2016,394,INE748C01020,
3MINDIA,EQ,10544.7,10619.65,10320.1,10399.7,10396.0,10596.7,1790,18713842.85,21-DEC-2016,285,INE470A01017,
8KMILES,EQ,676.6,678.8,660.0,665.25,668.0,670.05,38975,26002012.9,21-DEC-2016,2369,INE650K01021,
A2ZINFRA,EQ,41.9,42.65,40.8,41.75,42.0,41.55,615008,25705828.3,21-DEC-2016,3097,INE619I01012,
AARTIDRUGS,EQ,650.6,652.9,645.0,651.5,650.0,649.4,4949,3211102.05,21-DEC-2016,278,INE767A01016,
AARTIIND,EQ,713.0,719.85,709.0,716.2,719.5,711.0,8405,6014371.05,21-DEC-2016,1011,INE769A01020,
AARVEEDEN,EQ,77.95,93.2,77.25,87.6,87.6,77.7,390773,35039824.6,21-DEC-2016,4405,INE273D01019,
ABAN,EQ,235.0,243.8,233.35,239.8,239.25,232.8,2226081,531908448.45,21-DEC-2016,25884,INE421A01028,
ABB,EQ,1050.05,1055.95,1040.5,1043.2,1041.25,1051.95,5728,5998100.8,21-DEC-2016,555,INE117A01022,
ABBOTINDIA,EQ,4636.35,4717.0,4580.0,4599.15,4590.0,4636.25,946,4372368.35,21-DEC-2016,258,INE358A01014,
ABFRL,EQ,134.0,135.55,132.0,132.6,132.55,133.9,118522,15887475.15,21-DEC-2016,3159,INE647O01011,
ABGSHIP,EQ,30.9,31.35,30.4,30.6,30.5,30.95,201856,6193068.35,21-DEC-2016,1741,INE067H01016,
ABIRLANUVO,EQ,1199.7,1215.8,1188.9,1207.95,1207.8,1194.55,182198,219174152.75,21-DEC-2016,6685,INE069A01017,
ACC,EQ,1300.05,1314.1,1295.0,1300.0,1300.3,1295.15,189869,247761836.8,21-DEC-2016,11469,INE012A01025,
ACCELYA,EQ,1420.0,1459.0,1420.0,1440.55,1440.0,1440.0,437,627903.95,21-DEC-2016,66,INE793A01012,
ACE,EQ,47.9,48.0,46.0,46.6,46.4,47.6,180765,8525744.85,21-DEC-2016,654,INE731H01025,
ADANIENT,EQ,72.5,74.25,72.1,73.6,73.65,72.25,1599200,117521526.9,21-DEC-2016,9349,INE423A01024,
ADANIPORTS,EQ,274.4,275.65,270.1,274.2,273.0,272.4,2500157,683386206.9,21-DEC-2016,25068,INE742F01042,
ADANIPOWER,EQ,30.5,31.15,30.35,30.55,30.6,30.35,3608885,111091565.95,21-DEC-2016,6306,INE814H01011,
ADANITRANS,EQ,55.6,56.4,54.6,55.05,55.1,55.1,611887,33957796.6,21-DEC-2016,3500,INE931S01010,
ADFFOODS,EQ,145.95,146.25,142.5,143.35,143.1,144.7,38700,5578440.6,21-DEC-2016,687,INE982B01019,
ADHUNIK,EQ,7.75,7.75,7.0,7.1,7.15,7.1,30357,214635.55,21-DEC-2016,410,INE400H01019,
ADHUNIKIND,EQ,104.6,108.9,104.6,107.5,107.4,105.45,23169,2475319.95,21-DEC-2016,227,INE452L01012,
ADI,EQ,519.75,519.8,508.0,510.5,510.0,512.1,1829,938534.85,21-DEC-2016,127,INE959A01019,
ADLABS,EQ,75.35,78.25,73.85,75.8,76.05,74.3,229343,17455989.4,21-DEC-2016,2147,INE172N01012,
ADORWELD,EQ,299.65,299.65,292.0,294.4,292.0,298.9,3732,1105474.9,21-DEC-2016,156,INE045A01017,
ADSL,EQ,37.95,38.6,37.1,37.25,37.2,37.5,222134,8406768.4,21-DEC-2016,1531,INE102I01027,
ADVANIHOTR,EQ,50.3,51.5,49.55,50.65,51.4,49.55,1081,54722.4,21-DEC-2016,20,INE199C01026,
ADVENZYMES,EQ,2008.0,2030.0,1975.0,1981.15,1980.0,1992.1,61878,123657442.3,21-DEC-2016,4816,INE837H01012,
AEGISCHEM,EQ,139.2,139.9,136.1,137.05,136.25,137.05,98477,13586084.6,21-DEC-2016,1222,INE208C01025,
AFL,EQ,57.45,57.55,56.55,57.15,56.55,58.15,9556,547878.05,21-DEC-2016,70,INE020G01017,
AGARIND,EQ,337.0,344.0,330.1,336.8,339.5,334.15,9528,3231672.65,21-DEC-2016,345,INE204E01012,
AGCNET,EQ,92.95,96.95,91.45,93.3,91.5,91.35,3622,338560.85,21-DEC-2016,250,INE676A01019,
AGRITECH,EQ,30.65,32.5,30.65,31.7,31.7,32.0,1400,44285.95,21-DEC-2016,21,INE449G01018,
AHLEAST,EQ,203.0,203.0,196.0,198.65,196.0,196.25,304,60867.5,21-DEC-2016,9,INE926K01017,
AHLUCONT,EQ,251.95,258.25,251.0,252.3,251.0,252.1,1201,303872.25,21-DEC-2016,81,INE758C01029,
AHLWEST,EQ,210.0,210.0,210.0,210.0,210.0,210.0,125,26250.0,21-DEC-2016,2,INE915K01010,
AIAENG,EQ,1302.1,1315.0,1290.05,1305.55,1315.0,1302.1,77126,100426373.9,21-DEC-2016,4244,INE212H01026,
AICHAMP,BE,30.3,30.3,30.3,30.3,30.3,31.85,1,30.3,21-DEC-2016,1,INE768E01024,
AIFL,EQ,421.35,433.9,417.5,427.15,426.9,423.3,99618,42706021.15,21-DEC-2016,890,INE428O01016,
AJANTPHARM,EQ,1755.0,1779.0,1746.6,1754.45,1750.0,1750.25,53428,93982954.15,21-DEC-2016,7598,INE031B01049,
AJMERA,EQ,143.0,146.75,142.25,143.1,142.55,143.8,16889,2429097.2,21-DEC-2016,595,INE298G01027,
AKSHOPTFBR,EQ,25.0,25.3,24.6,24.75,24.8,24.9,1373323,34136384.95,21-DEC-2016,4154,INE523B01011,
AKZOINDIA,EQ,1388.95,1390.0,1364.0,1370.75,1367.0,1373.15,9627,13196710.5,21-DEC-2016,1210,INE133A01011,
ALANKIT,EQ,33.2,34.8,32.55,33.05,32.7,33.1,1499487,50600568.05,21-DEC-2016,3470,INE914E01040,
ALBERTDAVD,EQ,348.35,348.35,331.0,334.05,332.0,339.7,1170,390050.15,21-DEC-2016,50,INE155C01010,
ALBK,EQ,63.2,63.9,62.25,62.55,62.55,63.05,2102675,132595816.7,21-DEC-2016,8350,INE428A01015,
ALCHEM,EQ,22.9,23.15,22.3,22.75,22.75,23.0,5017,113876.55,21-DEC-2016,49,INE964B01033,
ALEMBICLTD,EQ,35.7,36.4,35.55,36.25,36.2,35.7,50045,1809550.0,21-DEC-2016,306,INE426A01027,
ALICON,EQ,363.85,363.85,345.05,348.2,347.5,355.85,2198,779926.55,21-DEC-2016,136,INE062D01024,
ALKALI,EQ,78.9,83.2,76.25,77.15,76.5,76.1,462289,37111391.9,21-DEC-2016,5325,INE773I01017,
ALKEM,EQ,1643.95,1643.95,1624.0,1639.85,1626.3,1632.0,107109,175635301.1,21-DEC-2016,1210,INE540L01014,
ALKYLAMINE,EQ,306.0,307.0,301.05,302.2,301.3,305.25,1977,600481.45,21-DEC-2016,56,INE150B01021,
ALLCARGO,EQ,172.0,172.8,170.05,170.9,172.0,172.25,30551,5237656.4,21-DEC-2016,667,INE418H01029,
ALLSEC,EQ,365.3,374.4,364.5,366.55,365.0,361.65,14919,5488571.0,21-DEC-2016,726,INE835G01018,
ALMONDZ,EQ,13.35,14.95,13.1,13.35,13.1,14.2,15418,206013.9,21-DEC-2016,41,INE326B01027,
ALOKTEXT,EQ,3.75,3.75,3.25,3.35,3.4,3.7,14827654,50945501.55,21-DEC-2016,3296,INE270A01011,
ALPA,BE,31.55,31.55,30.0,30.25,30.0,31.2,12225,373814.5,21-DEC-2016,60,INE385I01010,
ALPHAGEO,EQ,1013.0,1039.9,990.05,1018.65,1019.9,1000.5,25395,25864115.2,21-DEC-2016,1795,INE137C01018,
ALPSINDUS,EQ,9.25,9.4,8.7,8.85,9.2,9.15,187576,1709596.35,21-DEC-2016,477,INE093B01015,
AMARAJABAT,EQ,875.2,892.1,872.0,887.1,889.9,879.0,187410,165287076.8,21-DEC-2016,9083,INE885A01032,
AMBIKCO,EQ,1046.7,1047.95,1011.0,1013.8,1013.0,1041.85,2716,2778922.3,21-DEC-2016,486,INE540G01014,
AMBUJACEM,EQ,205.0,205.9,201.6,202.15,202.3,205.35,933162,189822843.5,21-DEC-2016,15070,INE079A01024,
AMDIND,EQ,31.5,31.5,29.25,29.8,29.95,30.35,9954,295570.0,21-DEC-2016,133,INE005I01014,
AMRUTANJAN,EQ,543.65,545.0,524.0,526.05,524.0,532.6,4403,2343143.8,21-DEC-2016,369,INE098F01023,
AMTEKAUTO,EQ,34.6,35.0,33.65,33.85,33.9,34.1,897417,30522502.6,21-DEC-2016,3863,INE130C01021,
AMTL,EQ,29.7,29.7,28.5,28.5,28.5,28.25,362,10332.0,21-DEC-2016,5,INE436N01029,
ANANTRAJ,EQ,39.05,39.4,38.35,38.55,38.35,38.95,283032,11012628.55,21-DEC-2016,1673,INE242C01024,
ANDHRABANK,EQ,49.45,49.85,49.05,49.35,49.4,49.15,927593,45905755.3,21-DEC-2016,4721,INE434A01013,
ANDHRACEMT,EQ,7.15,7.2,7.05,7.05,7.05,7.1,55273,391869.9,21-DEC-2016,110,INE666E01012,
ANDHRSUGAR,EQ,207.05,209.0,205.0,206.55,206.4,206.6,9745,2018488.95,21-DEC-2016,216,INE715B01013,
ANGIND,EQ,11.0,11.35,10.95,11.2,11.3,11.0,24924,278665.85,21-DEC-2016,112,INE017D01010,
ANIKINDS,BE,26.6,26.6,26.6,26.6,26.6,28.0,100,2660.0,21-DEC-2016,2,INE087B01017,
ANKITMETAL,EQ,1.8,1.85,1.75,1.8,1.75,1.8,25726,46048.35,21-DEC-2016,36,INE106I01010,
ANSALAPI,EQ,15.35,15.35,14.75,14.9,15.0,15.15,112795,1683250.55,21-DEC-2016,585,INE436A01026,
ANSALHSG,EQ,19.0,19.0,18.0,18.35,18.4,19.05,44318,810508.2,21-DEC-2016,205,INE880B01015,
ANTGRAPHIC,BE,1.2,1.2,1.2,1.2,1.2,1.25,3750,4500.0,21-DEC-2016,5,INE414B01021,
APARINDS,EQ,578.0,579.8,569.2,572.95,570.15,568.55,9763,5617042.35,21-DEC-2016,640,INE372A01015,
APCOTEXIND,EQ,310.0,313.75,298.1,300.15,301.0,305.65,5197,1567636.8,21-DEC-2016,273,INE116A01024,
APLAPOLLO,EQ,887.1,918.0,887.0,913.05,905.05,894.6,11242,10154583.9,21-DEC-2016,800,INE702C01019,
APLLTD,EQ,629.95,632.4,621.3,625.8,626.95,628.55,11529,7211366.05,21-DEC-2016,488,INE901L01018,
APOLLOHOSP,EQ,1180.0,1193.7,1164.0,1179.85,1180.05,1179.8,182246,214578131.45,21-DEC-2016,17408,INE437A01024,
APOLLOTYRE,EQ,195.4,195.75,189.8,192.45,192.8,195.35,5455440,1048090216.8,21-DEC-2016,34798,INE438A01022,
APOLSINHOT,BE,426.0,427.0,425.25,425.25,425.25,446.75,72,30631.75,21-DEC-2016,8,INE451F01016,
APTECHT,EQ,158.85,160.4,155.65,156.55,156.6,157.8,318096,50173962.65,21-DEC-2016,4866,INE266F01018,
ARCHIDPLY,EQ,55.0,55.55,53.15,54.7,55.05,54.2,32981,1806664.9,21-DEC-2016,518,INE877I01016,
ARCHIES,EQ,26.45,26.5,25.8,26.25,26.45,26.15,73741,1927758.9,21-DEC-2016,404,INE731A01020,
ARCOTECH,EQ,421.05,436.0,400.0,426.6,429.5,419.2,173978,72837960.6,21-DEC-2016,5644,INE574I01027,
ARIES,EQ,169.3,172.0,165.0,165.6,165.1,168.5,99720,16824663.3,21-DEC-2016,1899,INE298I01015,
ARIHANT,EQ,64.0,64.5,63.0,63.1,63.0,63.6,4533,289582.3,21-DEC-2016,28,INE413D01011,
ARMANFIN,EQ,177.0,179.95,170.1,175.2,174.55,176.7,3793,668390.75,21-DEC-2016,239,INE109C01017,
AROGRANITE,EQ,68.7,69.6,68.55,69.25,69.3,68.7,17115,1183945.15,21-DEC-2016,112,INE210C01013,
ARROWGREEN,EQ,497.0,510.0,492.15,496.3,498.15,495.05,8436,4202059.1,21-DEC-2016,482,INE570D01018,
ARROWTEX,EQ,37.35,38.8,37.35,37.65,37.5,37.4,29701,1126407.45,21-DEC-2016,301,INE933J01015,
ARSHIYA,EQ,29.65,30.35,29.65,29.9,29.85,29.4,86090,2568065.0,21-DEC-2016,594,INE968D01022,
ARSSINFRA,EQ,62.5,63.35,61.5,62.5,62.7,62.05,96520,6024538.0,21-DEC-2016,1822,INE267I01010,
ARVIND,EQ,340.5,343.9,338.2,339.4,338.35,340.9,658842,224696044.25,21-DEC-2016,10489,INE034A01011,
ARVSMART,EQ,67.9,68.25,65.05,66.65,66.8,66.3,54743,3651091.9,21-DEC-2016,506,INE034S01021,
ASAHIINDIA,EQ,173.1,174.9,170.0,171.6,171.0,174.45,7768,1337094.0,21-DEC-2016,178,INE439A01020,
ASAHISONG,EQ,221.95,227.95,217.1,227.15,227.9,219.55,32822,7369719.4,21-DEC-2016,910,INE228I01012,
ASAL,EQ,64.4,70.8,59.1,63.7,64.85,60.8,350226,22632048.65,21-DEC-2016,4866,INE900C01027,
ASHAPURMIN,EQ,61.25,62.05,60.6,61.2,61.05,61.0,95793,5884934.55,21-DEC-2016,576,INE348A01023,
ASHIANA,EQ,139.7,139.7,133.65,135.65,136.75,137.8,4729,649799.9,21-DEC-2016,186,INE365D01021,
ASHIMASYN,EQ,14.6,14.8,14.5,14.6,14.6,14.75,32630,476944.3,21-DEC-2016,58,INE440A01010,
ASHOKA,EQ,160.0,160.0,156.0,157.7,158.9,158.45,30889,4863287.15,21-DEC-2016,690,INE442H01029,
ASHOKLEY,EQ,77.5,78.45,77.3,77.55,77.85,76.9,4725054,367948816.0,21-DEC-2016,19231,INE208A01029,
ASIANHOTNR,EQ,102.9,107.65,102.9,106.15,104.2,107.05,580,61426.25,21-DEC-2016,20,INE363A01022,
ASIANPAINT,EQ,867.2,876.5,861.55,865.55,865.0,865.7,1321988,1150955977.6,21-DEC-2016,40495,INE021A01026,
ASIANTILES,EQ,227.45,227.45,223.0,224.15,224.05,225.25,28323,6368164.6,21-DEC-2016,710,INE022I01019,
ASPINWALL,BE,200.0,212.0,193.35,195.9,200.95,203.5,3233,646515.7,21-DEC-2016,59,INE991I01015,
ASSAMCO,EQ,5.0,5.0,4.8,4.85,4.85,4.9,159531,781282.55,21-DEC-2016,126,INE442A01024,
ASTEC,EQ,678.25,680.0,611.9,633.85,635.45,678.9,382251,243298857.1,21-DEC-2016,13703,INE563J01010,
ASTRAL,EQ,390.3,398.6,385.1,392.85,388.0,389.4,8691,3406489.55,21-DEC-2016,1221,INE006I01046,
ASTRAMICRO,EQ,113.6,114.65,111.2,111.6,111.5,112.85,92244,10386863.65,21-DEC-2016,1403,INE386C01029,
ASTRAZEN,EQ,942.55,955.65,936.0,939.3,943.0,948.05,1509,1430969.3,21-DEC-2016,299,INE203A01020,
ATFL,EQ,439.0,450.0,433.0,440.8,437.95,432.95,1533,676737.2,21-DEC-2016,166,INE209A01019,
ATLANTA,EQ,75.2,75.65,72.65,73.1,73.05,74.5,186246,13834807.25,21-DEC-2016,1595,INE285H01022,
ATLASCYCLE,EQ,361.6,363.7,354.1,356.1,357.0,359.6,29329,10518280.45,21-DEC-2016,1000,INE446A01017,
ATNINTER,EQ,0.35,0.35,0.35,0.35,0.35,0.35,1090,381.5,21-DEC-2016,2,INE803A01027,
ATUL,EQ,2070.15,2081.65,2034.05,2064.35,2056.75,2070.15,14500,29908773.9,21-DEC-2016,2892,INE100A01010,
ATULAUTO,EQ,421.5,430.0,419.5,421.0,420.15,421.5,6803,2880246.4,21-DEC-2016,543,INE951D01028,
AURIONPRO,EQ,140.5,144.35,136.3,140.35,140.35,138.3,145410,20513951.75,21-DEC-2016,2888,INE132H01018,
AUROPHARMA,EQ,682.0,687.3,663.55,665.1,664.15,672.65,2930322,1969436776.7,21-DEC-2016,68284,INE406A01037,
AUSOMENT,EQ,23.85,25.1,23.85,24.8,24.5,24.5,679,16539.6,21-DEC-2016,11,INE218C01016,
AUSTRAL,EQ,0.4,0.4,0.3,0.3,0.3,0.35,79660,24793.5,21-DEC-2016,18,INE455J01027,
AUTOAXLES,EQ,610.0,618.95,601.0,602.6,602.0,609.9,3488,2110106.55,21-DEC-2016,485,INE449A01011,
AUTOIND,EQ,50.0,51.5,50.0,50.75,51.0,49.5,15390,780051.9,21-DEC-2016,144,INE718H01014,
AUTOLITIND,EQ,53.7,53.8,52.2,52.2,52.2,52.85,760,40189.95,21-DEC-2016,13,INE448A01013,
AVANTIFEED,EQ,489.8,489.95,482.0,484.55,484.0,484.8,8374,4056561.25,21-DEC-2016,602,INE871C01020,
AVTNPL,EQ,31.05,31.5,30.65,31.15,31.0,31.3,33700,1051226.1,21-DEC-2016,158,INE488D01021,
AXISBANK,EQ,463.55,465.8,455.1,457.7,455.8,461.65,4454408,2054709482.6,21-DEC-2016,77905,INE238A01034,
AXISCADES,EQ,187.0,188.75,184.15,184.75,184.95,185.7,107369,20048641.45,21-DEC-2016,5102,INE555B01013,
AXISGOLD,EQ,2499.95,2509.9,2477.0,2495.5,2498.9,2500.0,242,603293.95,21-DEC-2016,73,INF846K01347,
AYMSYNTEX,EQ,74.25,74.5,71.1,71.55,72.35,73.6,20206,1472857.75,21-DEC-2016,142,INE193B01039,
BAFNAPHARM,EQ,30.3,30.3,27.8,28.65,28.7,29.65,57203,1650884.55,21-DEC-2016,312,INE878I01014,
BAGFILMS,EQ,4.3,4.35,4.1,4.15,4.15,4.25,122692,517750.45,21-DEC-2016,132,INE116D01028,
BAJAJ-AUTO,EQ,2600.1,2632.0,2579.0,2585.25,2586.0,2585.95,140989,366752546.45,21-DEC-2016,15764,INE917I01010,
BAJAJCORP,EQ,358.65,364.0,355.2,358.65,364.0,360.05,17006,6090189.1,21-DEC-2016,1086,INE933K01021,
BAJAJELEC,EQ,216.0,218.1,215.0,215.7,215.5,215.7,19136,4144323.85,21-DEC-2016,814,INE193E01025,
BAJAJFINSV,EQ,2709.9,2717.85,2650.0,2659.9,2655.0,2694.65,100191,268661942.05,21-DEC-2016,9502,INE918I01018,
BAJAJHIND,EQ,14.0,14.0,13.4,13.5,13.5,13.6,2093353,28647279.5,21-DEC-2016,2732,INE306A01021,
BAJAJHLDNG,EQ,1851.05,1859.7,1829.0,1840.35,1841.9,1843.4,4627,8527570.35,21-DEC-2016,940,INE118A01012,
BAJFINANCE,EQ,811.0,814.8,783.05,788.6,784.8,805.8,1608265,1280699586.5,21-DEC-2016,50479,INE296A01024,
BALAJITELE,EQ,88.7,88.7,85.45,86.0,86.25,88.6,81714,7113286.8,21-DEC-2016,863,INE794B01026,
BALAMINES,EQ,329.45,329.45,317.1,320.05,320.0,322.1,7077,2284366.2,21-DEC-2016,451,INE050E01027,
BALKRISHNA,EQ,77.05,77.2,75.2,76.5,76.3,77.05,16600,1268238.5,21-DEC-2016,272,INE875R01011,
BALKRISIND,EQ,1127.95,1128.0,1081.05,1088.5,1089.95,1118.25,23818,26204384.1,21-DEC-2016,3395,INE787D01026,
BALLARPUR,EQ,15.9,16.6,15.55,16.25,16.25,15.7,1663203,26966059.45,21-DEC-2016,2018,INE294A01037,
BALMLAWRIE,EQ,1103.8,1115.9,1100.0,1102.45,1103.0,1096.95,98922,109563248.2,21-DEC-2016,3576,INE164A01016,
BALPHARMA,EQ,96.15,97.8,94.2,94.85,94.7,96.15,20875,2000619.3,21-DEC-2016,251,INE083D01012,
BALRAMCHIN,EQ,117.95,119.8,117.15,119.15,119.05,117.7,586602,69761918.4,21-DEC-2016,4339,INE119A01028,
BANARBEADS,EQ,50.5,52.65,48.3,51.8,52.2,50.5,14487,740375.05,21-DEC-2016,141,INE655B01011,
BANARISUG,EQ,1811.0,1828.05,1801.0,1816.1,1802.0,1810.3,144,260983.65,21-DEC-2016,54,INE459A01010,
BANCOINDIA,EQ,183.15,185.9,180.2,180.8,180.5,183.85,27893,5105201.75,21-DEC-2016,1218,INE213C01025,
BANG,EQ,32.5,33.2,32.0,32.25,32.15,32.35,6190,201091.4,21-DEC-2016,66,INE863I01016,
BANKBARODA,EQ,156.7,158.2,154.55,157.5,157.15,155.75,4650450,729306097.15,21-DEC-2016,28346,INE028A01039,
BANKBEES,EQ,1831.0,1837.75,1826.88,1828.99,1828.73,1825.67,1740,3183132.62,21-DEC-2016,177,INF732E01078,
BANKINDIA,EQ,110.65,111.4,108.6,109.1,108.85,110.4,2649256,291645981.8,21-DEC-2016,13141,INE084A01016,
BANSWRAS,EQ,140.0,141.75,139.3,139.3,139.3,139.25,4629,649328.0,21-DEC-2016,83,INE629D01012,
BARTRONICS,EQ,21.2,21.55,21.2,21.2,21.2,22.3,61418,1302351.6,21-DEC-2016,222,INE855F01034,
BASF,EQ,1055.25,1124.7,1055.2,1111.1,1120.0,1068.3,13580,14929546.0,21-DEC-2016,1481,INE373A01013,
BASML,EQ,283.2,300.0,277.2,291.25,292.0,282.15,5583,1616092.7,21-DEC-2016,62,INE186H01014,
BATAINDIA,EQ,423.9,429.55,417.2,419.0,419.2,421.3,414886,175343242.35,21-DEC-2016,9503,INE176A01028,
BAYERCROP,EQ,4193.0,4280.0,4101.3,4217.7,4200.0,4127.65,9478,39898021.95,21-DEC-2016,2008,INE462A01022,
BBL,EQ,776.9,784.7,762.35,766.95,763.1,773.3,5722,4422731.7,21-DEC-2016,498,INE464A01028,
BBTC,EQ,483.9,520.0,482.25,497.5,496.55,483.55,96261,47775960.3,21-DEC-2016,3094,INE050A01025,
BEARDSELL,EQ,381.2,399.0,380.0,391.75,399.0,382.0,1304,499616.45,21-DEC-2016,24,INE520H01014,
BEDMUTHA,EQ,20.8,20.8,20.25,20.4,20.55,20.05,7239,148826.05,21-DEC-2016,52,INE844K01012,
BEL,EQ,1419.9,1435.0,1401.5,1413.85,1413.6,1412.05,218436,309754620.45,21-DEC-2016,13631,INE263A01016,
BEML,EQ,908.1,930.25,908.1,924.7,929.9,906.2,328732,302642231.15,21-DEC-2016,11020,INE258A01016,
BEPL,EQ,22.2,22.45,22.0,22.05,22.05,22.15,136565,3018557.4,21-DEC-2016,401,INE922A01025,
BERGEPAINT,EQ,196.8,197.0,194.0,195.05,194.15,194.2,458151,89735645.9,21-DEC-2016,9231,INE463A01038,
BFINVEST,EQ,147.95,147.95,139.1,141.3,141.2,147.95,185686,26615382.35,21-DEC-2016,3522,INE878K01010,
BFUTILITIE,EQ,406.4,409.5,398.0,399.0,398.7,404.1,327298,132011204.05,21-DEC-2016,8238,INE243D01012,
BGLOBAL,BE,7.1,7.1,6.7,7.1,7.1,6.8,46822,330311.5,21-DEC-2016,51,INE224M01013,
BGRENERGY,EQ,114.55,114.55,111.6,112.2,112.2,113.55,54235,6094197.95,21-DEC-2016,793,INE661I01014,
BHAGERIA,EQ,358.05,369.0,353.0,356.2,356.4,356.4,27323,9873007.7,21-DEC-2016,1113,INE354C01027,
BHAGYNAGAR,EQ,18.75,18.75,18.4,18.65,18.5,18.65,1303,24116.0,21-DEC-2016,6,INE458B01028,
BHARATFIN,EQ,586.0,596.15,574.2,578.9,577.65,580.5,6206914,3621656978.25,21-DEC-2016,81267,INE180K01011,
BHARATFORG,EQ,954.9,954.9,927.1,930.45,931.0,949.9,893307,835829602.35,21-DEC-2016,26896,INE465A01025,
BHARATGEAR,EQ,95.0,100.8,94.6,99.55,100.5,96.0,26112,2586090.0,21-DEC-2016,302,INE561C01019,
BHARATIDIL,BE,15.75,16.95,15.75,16.0,15.95,16.4,7878,129518.15,21-DEC-2016,41,INE673G01013,
BHARATRAS,EQ,1812.05,1847.95,1751.0,1799.9,1800.0,1833.45,301,542387.9,21-DEC-2016,79,INE838B01013,
BHARATWIRE,EQ,60.75,69.95,59.85,64.1,63.8,58.6,1898411,125087863.8,21-DEC-2016,14529,INE316L01019,
BHARTIARTL,EQ,304.1,306.35,300.0,301.7,301.0,302.55,2389833,724372712.75,21-DEC-2016,71870,INE397D01024,
BHEL,EQ,121.2,122.2,120.55,120.8,120.6,120.9,2447467,296843101.4,21-DEC-2016,15790,INE257A01026,
BHUSANSTL,EQ,40.7,41.9,40.5,41.75,41.8,40.85,86918,3605758.6,21-DEC-2016,574,INE824B01021,
BIGBLOC,EQ,49.5,49.5,48.75,48.85,48.75,48.95,20323,997996.2,21-DEC-2016,84,INE412U01017,
BIL,EQ,493.95,493.95,478.0,478.0,478.0,475.1,192,92162.5,21-DEC-2016,21,INE828A01016,
BILENERGY,EQ,0.65,0.75,0.65,0.75,0.75,0.7,50025,32518.75,21-DEC-2016,8,INE607L01029,
BILPOWER,EQ,1.35,1.35,1.35,1.35,1.35,1.35,340,459.0,21-DEC-2016,1,INE952D01018,
BINANIIND,EQ,69.0,69.8,67.45,67.9,68.25,69.9,83114,5692583.0,21-DEC-2016,1154,INE071A01013,
BINDALAGRO,EQ,25.6,26.3,25.1,25.3,25.2,25.55,28018,716466.75,21-DEC-2016,188,INE143A01010,
BIOCON,EQ,970.0,971.4,953.1,956.7,958.0,964.15,453371,434517212.0,21-DEC-2016,14430,INE376G01013,
BIRLACABLE,EQ,39.0,40.0,39.0,39.45,39.4,39.2,2059,81318.45,21-DEC-2016,23,INE800A01015,
BIRLACORPN,EQ,614.4,627.0,611.1,623.95,627.0,614.2,25068,15589591.7,21-DEC-2016,1424,INE340A01012,
BIRLACOT,BE,0.05,0.1,0.05,0.1,0.1,0.05,639846,46213.15,21-DEC-2016,80,INE655I01024,
BIRLAMONEY,EQ,27.45,27.8,26.55,26.7,26.8,26.6,6648,178977.95,21-DEC-2016,84,INE865C01022,
BLBLIMITED,EQ,7.0,7.7,7.0,7.15,7.15,7.2,7235,53027.65,21-DEC-2016,54,INE791A01024,
BLISSGVS,EQ,162.25,163.5,158.2,160.45,160.0,162.85,226875,36429767.55,21-DEC-2016,3617,INE416D01022,
BLKASHYAP,EQ,19.15,19.35,18.85,18.95,18.9,19.1,83723,1601520.15,21-DEC-2016,220,INE350H01032,
BLS,EQ,1881.05,1945.0,1880.0,1909.75,1919.8,1887.2,52539,101130622.85,21-DEC-2016,1874,INE153T01019,
BLUEBLENDS,EQ,45.0,46.0,43.4,43.9,44.0,43.85,13788,613232.4,21-DEC-2016,61,INE113O01014,
BLUECHIP,EQ,0.45,0.45,0.4,0.4,0.4,0.45,1200,490.0,21-DEC-2016,3,INE657B01025,
BLUEDART,EQ,4388.95,4420.0,4346.8,4360.7,4359.0,4356.85,2050,8972937.75,21-DEC-2016,677,INE233B01017,
BLUESTARCO,EQ,457.95,460.5,455.15,460.0,460.0,458.6,42310,19426756.2,21-DEC-2016,404,INE472A01039,
BODALCHEM,EQ,124.6,127.5,123.0,123.45,123.05,125.25,242965,30411214.2,21-DEC-2016,2549,INE338D01028,
BOMDYEING,EQ,48.25,49.3,47.6,48.85,48.9,47.8,2175271,106017824.85,21-DEC-2016,9672,INE032A01023,
BOSCHLTD,EQ,19340.0,19600.0,19240.0,19314.25,19350.05,19235.7,12884,250215260.15,21-DEC-2016,5719,INE323A01026,
BPCL,EQ,611.6,616.35,602.4,613.8,615.0,612.05,2150453,1311401314.65,21-DEC-2016,53544,INE029A01011,
BPL,EQ,68.8,69.55,66.9,67.9,68.1,68.55,303371,20656650.4,21-DEC-2016,2481,INE110A01019,
BRFL,EQ,141.0,141.0,138.05,138.45,138.45,137.65,627,87049.35,21-DEC-2016,22,INE589G01011,
BRIGADE,EQ,149.8,151.5,149.05,149.55,149.35,150.95,61397,9259068.7,21-DEC-2016,330,INE791I01019,
BRITANNIA,EQ,2872.1,2899.0,2827.8,2847.7,2851.0,2872.1,200871,571920291.65,21-DEC-2016,14401,INE216A01022,
BROOKS,EQ,141.9,144.6,140.05,140.95,141.25,138.5,59582,8491816.05,21-DEC-2016,990,INE650L01011,
BSELINFRA,EQ,3.6,3.85,3.6,3.65,3.65,3.8,31077,114355.25,21-DEC-2016,49,INE395A01016,
BSL,EQ,80.5,82.7,78.0,78.5,78.8,77.45,10436,834636.55,21-DEC-2016,344,INE594B01012,
BSLGOLDETF,EQ,2694.0,2694.0,2610.0,2611.25,2610.0,2650.0,101,265649.0,21-DEC-2016,22,INF209K01HT2,
BSLIMITED,EQ,3.0,3.0,2.9,3.0,3.0,2.9,2666355,7962235.25,21-DEC-2016,1768,INE043K01029,
BSLNIFTY,EQ,100.95,101.0,90.61,92.7,92.7,101.0,267,25035.3,21-DEC-2016,12,INF209K01IR4,
BURNPUR,EQ,10.4,10.5,10.15,10.2,10.2,10.25,974650,10013641.1,21-DEC-2016,831,INE817H01014,
BUTTERFLY,EQ,188.75,188.9,180.25,182.6,183.45,184.4,16607,3049121.75,21-DEC-2016,593,INE295F01017,
BVCL,EQ,22.55,23.3,22.2,22.25,22.25,22.5,4901,109732.6,21-DEC-2016,18,INE139I01011,
BYKE,EQ,170.1,171.95,166.8,168.05,166.8,169.45,53439,9056937.1,21-DEC-2016,1119,INE319B01014,
CADILAHC,EQ,371.5,373.9,366.5,367.8,369.2,370.95,318023,117434385.95,21-DEC-2016,10860,INE010B01027,
CAIRN,EQ,252.9,254.45,248.7,252.85,252.05,251.4,2236035,565198416.2,21-DEC-2016,38880,INE910H01017,
CALSOFT,EQ,5.9,5.9,5.9,5.9,5.9,5.65,42,247.8,21-DEC-2016,1,INE526B01014,
CAMLINFINE,EQ,101.05,102.1,99.0,100.0,100.15,100.8,192388,19326004.65,21-DEC-2016,1787,INE052I01032,
CANBK,EQ,290.35,293.0,286.35,288.8,287.95,291.6,2689715,779622378.55,21-DEC-2016,25075,INE476A01014,
CANDC,EQ,15.8,16.2,15.2,15.9,16.0,15.6,22691,358317.15,21-DEC-2016,125,INE874H01015,
CANFINHOME,EQ,1695.0,1695.0,1635.0,1644.1,1639.0,1672.15,13541,22490574.55,21-DEC-2016,2090,INE477A01012,
CANTABIL,EQ,62.15,72.5,62.0,70.0,70.25,61.65,103488,7244934.6,21-DEC-2016,1095,INE068L01016,
CAPF,EQ,529.9,533.0,520.15,522.35,520.8,526.8,102018,53498381.85,21-DEC-2016,5329,INE688I01017,
CAPLIPOINT,EQ,351.0,356.5,346.15,351.15,350.5,346.05,33130,11646391.35,21-DEC-2016,1127,INE475E01026,
CARBORUNIV,EQ,240.65,244.7,240.25,242.3,243.0,239.85,19063,4616938.35,21-DEC-2016,1381,INE120A01034,
CAREERP,EQ,111.7,113.0,110.9,112.0,111.5,111.0,4347,486408.75,21-DEC-2016,76,INE521J01018,
CARERATING,EQ,1362.0,1386.0,1357.6,1366.7,1365.9,1364.85,14834,20395288.85,21-DEC-2016,3241,INE752H01013,
CASTEXTECH,EQ,8.65,8.8,7.8,8.15,8.2,8.55,1227366,10237067.75,21-DEC-2016,1268,INE068D01021,
CASTROLIND,EQ,372.35,374.55,370.6,371.8,371.5,370.9,273882,102181331.75,21-DEC-2016,5840,INE172A01027,
CCCL,EQ,4.0,4.3,3.85,4.05,4.0,4.05,310992,1261884.9,21-DEC-2016,139,INE429I01024,
CCHHL,EQ,13.05,13.05,12.7,12.85,12.8,12.8,19024,244453.3,21-DEC-2016,166,INE652F01027,
CCL,EQ,260.0,263.5,255.2,257.95,257.55,256.4,21663,5595440.5,21-DEC-2016,1131,INE421D01022,
CEATLTD,EQ,1196.0,1198.95,1147.0,1151.5,1149.6,1204.35,1441078,1672952735.75,21-DEC-2016,39078,INE482A01020,
CEBBCO,EQ,13.6,13.6,13.35,13.45,13.35,13.6,28567,385380.65,21-DEC-2016,96,INE209L01016,
CELEBRITY,EQ,9.05,9.15,8.7,9.0,9.0,9.0,56487,507170.9,21-DEC-2016,101,INE185H01016,
CELESTIAL,EQ,20.0,20.8,19.8,19.95,19.95,20.0,49140,990885.9,21-DEC-2016,217,INE221I01017,
CENTENKA,EQ,273.9,273.9,263.8,265.55,268.0,271.9,19552,5253931.75,21-DEC-2016,757,INE485A01015,
CENTEXT,EQ,8.3,8.3,7.75,7.75,7.9,8.15,257520,2009359.4,21-DEC-2016,298,INE281A01026,
CENTRALBK,EQ,82.5,83.45,81.85,82.4,82.7,82.25,1630571,134460436.1,21-DEC-2016,1569,INE483A01010,
CENTUM,EQ,614.95,614.95,600.5,606.1,609.0,610.15,2859,1735473.75,21-DEC-2016,244,INE320B01020,
CENTURYPLY,EQ,164.0,164.05,160.55,160.9,160.9,164.05,102842,16688278.3,21-DEC-2016,1685,INE348B01021,
CENTURYTEX,EQ,765.0,773.6,760.55,767.55,768.5,761.2,994072,763921749.75,21-DEC-2016,20174,INE055A01016,
CERA,EQ,2012.0,2037.5,1958.0,1967.9,1964.0,2006.55,4418,8738936.6,21-DEC-2016,997,INE739E01017,
CEREBRAINT,EQ,23.8,24.75,23.1,24.1,24.5,23.65,936176,22292050.9,21-DEC-2016,2000,INE345B01019,
CESC,EQ,625.4,628.4,621.0,622.65,622.75,620.75,149615,93508936.85,21-DEC-2016,8566,INE486A01013,
CGCL,EQ,56.3,56.3,53.8,54.7,54.7,55.0,27516,1508873.4,21-DEC-2016,132,INE180C01026,
CHAMBLFERT,EQ,69.15,70.15,68.55,68.95,69.2,68.95,245616,17059867.5,21-DEC-2016,1862,INE085A01013,
CHEMFALKAL,EQ,255.3,262.15,253.0,254.1,255.9,255.1,17955,4619337.65,21-DEC-2016,707,INE479E01028,
CHENNPETRO,EQ,271.35,273.5,266.2,269.45,268.4,271.35,178644,48289244.45,21-DEC-2016,4986,INE178A01016,
CHOLAFIN,EQ,871.55,908.0,871.55,903.3,906.1,870.45,282146,253290667.0,21-DEC-2016,9546,INE121A01016,
CHROMATIC,EQ,2.85,2.9,2.75,2.85,2.85,2.9,173136,488884.95,21-DEC-2016,91,INE662C01015,
CIGNITITEC,EQ,371.0,374.0,364.8,367.95,368.0,369.85,30235,11136818.85,21-DEC-2016,354,INE675C01017,
CIMMCO,EQ,72.3,72.3,70.25,70.45,71.0,70.95,19759,1406213.9,21-DEC-2016,179,INE184C01028,
CINELINE,EQ,80.35,82.3,79.0,81.05,81.0,80.1,28665,2320632.7,21-DEC-2016,376,INE704H01022,
CINEVISTA,EQ,6.0,6.2,5.8,6.15,6.15,6.0,4853,29127.45,21-DEC-2016,16,INE039B01026,
CIPLA,EQ,565.0,567.4,561.9,562.8,562.5,563.1,743830,419595569.1,21-DEC-2016,35539,INE059A01026,
CLNINDIA,EQ,714.0,724.8,703.0,716.85,711.1,708.8,21680,15534499.0,21-DEC-2016,1185,INE492A01029,
CMICABLES,EQ,142.8,146.0,138.1,138.95,139.35,137.9,99344,13978381.4,21-DEC-2016,1217,INE981B01011,
CNOVAPETRO,EQ,25.0,25.0,23.05,23.05,23.05,24.0,1857,44165.8,21-DEC-2016,12,INE672K01025,
COALINDIA,EQ,291.6,294.5,289.15,292.2,291.85,290.6,2448452,715880836.9,21-DEC-2016,60464,INE522F01014,
COFFEEDAY,EQ,197.6,209.65,195.1,196.0,195.15,196.15,691907,139799905.7,21-DEC-2016,10236,INE335K01011,
COLPAL,EQ,910.0,910.95,899.4,906.1,908.0,909.75,197704,179005046.0,21-DEC-2016,15912,INE259A01022,
COMPINFO,EQ,217.8,221.8,210.05,219.8,214.0,217.75,28494,6232652.9,21-DEC-2016,242,INE070C01029,
COMPUSOFT,EQ,14.3,14.7,14.0,14.1,14.0,14.65,23064,327997.15,21-DEC-2016,120,INE453B01029,
CONCOR,EQ,1080.0,1102.35,1055.55,1092.25,1095.5,1074.5,926625,992428292.0,21-DEC-2016,15439,INE111A01017,
CONSOFINVT,EQ,57.0,57.2,55.6,55.9,55.6,56.35,8243,463440.5,21-DEC-2016,122,INE025A01027,
CONTROLPR,EQ,234.0,234.35,231.0,233.3,234.0,232.35,2604,605010.95,21-DEC-2016,77,INE663B01015,
CORDSCABLE,EQ,73.85,80.95,71.2,78.9,79.5,75.35,746034,57794327.35,21-DEC-2016,8058,INE792I01017,
COROMANDEL,EQ,279.3,284.85,278.95,281.7,284.85,279.7,138603,38921153.8,21-DEC-2016,3175,INE169A01031,
CORPBANK,EQ,42.25,42.5,41.25,41.55,41.45,42.1,373004,15633801.15,21-DEC-2016,1893,INE112A01023,
COSMOFILMS,EQ,338.4,340.5,330.0,330.45,330.8,336.95,26283,8762688.85,21-DEC-2016,689,INE757A01017,
COUNCODOS,EQ,4.1,4.1,4.0,4.05,4.1,4.05,4816,19424.5,21-DEC-2016,16,INE695B01025,
COX&KINGS,EQ,174.6,176.0,171.5,172.55,172.0,173.8,215506,37401317.4,21-DEC-2016,1703,INE008I01026,
CPSEETF,EQ,25.23,25.37,25.07,25.29,25.1,25.05,1619630,40935256.48,21-DEC-2016,458,INF457M01133,
CREST,EQ,98.0,101.65,96.3,97.1,96.5,98.1,2916,287228.7,21-DEC-2016,50,INE559D01011,
CRISIL,EQ,2214.95,2235.0,2172.1,2180.4,2180.0,2182.7,3803,8396130.55,21-DEC-2016,1795,INE007A01025,
CRMFGETF,EQ,2615.0,2615.0,2615.0,2615.0,2615.0,2665.0,3,7845.0,21-DEC-2016,2,INF760K01BR1,
CROMPGREAV,EQ,58.0,58.25,57.6,57.75,57.8,58.2,2019666,117082887.8,21-DEC-2016,8175,INE067A01029,
CROMPTON,EQ,144.25,146.9,143.8,145.6,145.9,144.25,438708,63466527.8,21-DEC-2016,2896,INE299U01018,
CTE,EQ,99.5,103.0,99.5,99.5,99.5,101.5,1688,168728.0,21-DEC-2016,39,INE627H01017,
CUB,EQ,132.1,132.85,129.5,129.65,129.8,132.7,331774,43217861.0,21-DEC-2016,7742,INE491A01021,
CUBEXTUB,BE,11.2,11.4,11.2,11.4,11.4,11.4,779,8780.6,21-DEC-2016,5,INE144D01012,
CUMMINSIND,EQ,805.0,810.45,800.25,806.95,805.0,804.4,71928,58017881.0,21-DEC-2016,3415,INE298A01020,
CUPID,EQ,305.35,308.0,290.0,294.1,293.5,303.1,54834,16427269.8,21-DEC-2016,3354,INE509F01011,
CYBERTECH,EQ,85.15,85.9,83.7,84.1,84.3,84.3,16151,1369886.2,21-DEC-2016,244,INE214A01019,
CYIENT,EQ,500.3,502.2,489.0,491.25,492.0,494.35,571977,283082809.2,21-DEC-2016,1007,INE136B01020,
DAAWAT,EQ,279.95,283.65,272.75,275.45,274.4,278.75,17295,4789841.5,21-DEC-2016,570,INE818H01012,
DABUR,EQ,276.0,276.35,270.9,271.45,272.0,274.65,643909,175655010.45,21-DEC-2016,19820,INE016A01026,
DALMIABHA,EQ,1502.9,1502.9,1474.15,1492.1,1490.3,1491.3,10594,15768089.7,21-DEC-2016,1206,INE439L01019,
DALMIASUG,EQ,123.3,125.75,123.3,124.15,124.95,124.0,53802,6707882.85,21-DEC-2016,2688,INE495A01022,
DAMODARIND,EQ,75.9,75.9,72.25,72.25,72.25,73.95,210,15625.2,21-DEC-2016,7,INE497D01014,
DATAMATICS,EQ,119.0,131.8,119.0,129.8,128.6,112.95,10447638,1305323456.1,21-DEC-2016,85512,INE365B01017,
DBCORP,EQ,350.1,351.95,349.1,350.95,350.55,350.25,10447,3665244.1,21-DEC-2016,2376,INE950I01011,
DBL,EQ,223.1,225.7,221.1,222.25,221.7,222.7,33173,7419136.85,21-DEC-2016,858,INE917M01012,
DBREALTY,EQ,39.05,39.05,38.25,38.45,38.4,38.8,165364,6376560.9,21-DEC-2016,720,INE879I01012,
DBSTOCKBRO,EQ,13.7,13.85,13.7,13.8,13.7,13.85,35,483.55,21-DEC-2016,3,INE921B01025,
DCBBANK,EQ,106.5,107.75,106.15,106.5,106.65,106.3,382486,40877863.9,21-DEC-2016,4397,INE503A01015,
DCM,EQ,105.0,108.5,102.2,104.9,104.5,105.2,34480,3682502.65,21-DEC-2016,671,INE498A01018,
DCMSHRIRAM,EQ,211.05,214.95,209.25,210.4,210.6,210.15,54790,11602835.1,21-DEC-2016,1738,INE499A01024,
DCW,EQ,28.5,29.1,28.3,28.45,28.35,28.5,363672,10435447.45,21-DEC-2016,1488,INE500A01029,
DECCANCE,EQ,944.5,944.5,920.75,928.15,920.75,925.9,563,523768.5,21-DEC-2016,117,INE583C01013,
DEEPAKFERT,EQ,208.95,208.95,203.45,205.65,205.0,202.9,52429,10805156.4,21-DEC-2016,1143,INE501A01019,
DEEPAKNTR,EQ,94.0,95.15,88.8,90.1,90.5,93.75,503361,45546961.05,21-DEC-2016,1997,INE288B01029,
DEEPIND,EQ,303.0,307.5,294.0,295.85,297.0,301.4,210672,63127870.45,21-DEC-2016,5886,INE677H01012,
DELTACORP,EQ,107.9,107.9,105.3,105.65,105.6,107.3,725300,77125650.65,21-DEC-2016,5708,INE124G01033,
DELTAMAGNT,EQ,36.1,37.9,36.1,37.85,37.9,36.1,325,12083.5,21-DEC-2016,4,INE393A01011,
DEN,EQ,67.1,68.15,65.2,66.6,66.3,66.8,176649,11756779.4,21-DEC-2016,1687,INE947J01015,
DENABANK,EQ,33.15,33.8,33.15,33.35,33.4,33.15,191887,6413690.55,21-DEC-2016,1061,INE077A01010,
DENORA,EQ,220.3,225.9,216.0,217.2,216.0,217.25,6285,1381698.5,21-DEC-2016,310,INE244A01016,
DHAMPURSUG,EQ,116.95,116.95,115.0,115.35,115.1,115.6,65807,7627343.65,21-DEC-2016,556,INE041A01016,
DHANBANK,EQ,23.35,23.5,23.3,23.4,23.35,23.35,57702,1348171.65,21-DEC-2016,212,INE680A01011,
DHANUKA,EQ,711.8,724.9,711.8,720.1,717.5,718.65,5152,3706810.9,21-DEC-2016,539,INE435G01025,
DHARSUGAR,EQ,28.7,28.7,27.6,27.75,27.7,28.1,13379,374510.5,21-DEC-2016,189,INE988C01014,
DHFL,EQ,237.0,240.2,235.1,235.95,235.15,236.6,1078384,256293148.7,21-DEC-2016,21639,INE202B01012,
DHUNINV,EQ,165.0,165.0,162.0,162.0,162.0,160.2,600,98090.4,21-DEC-2016,9,INE320L01011,
DIAPOWER,EQ,31.7,31.7,30.2,30.35,30.4,31.6,178917,5503846.4,21-DEC-2016,1562,INE989C01012,
DICIND,EQ,461.9,465.0,455.0,457.65,457.5,449.95,3124,1433474.95,21-DEC-2016,68,INE303A01010,
DIGJAMLTD,EQ,12.25,13.1,12.2,12.35,12.4,12.35,200799,2513733.25,21-DEC-2016,557,INE731U01010,
DISHMAN,EQ,220.5,222.0,216.2,218.2,218.15,218.65,561226,122705138.4,21-DEC-2016,10783,INE353G01020,
DISHTV,EQ,83.5,84.35,83.0,84.0,83.85,82.6,2180706,182910594.75,21-DEC-2016,12078,INE836F01026,
DIVISLAB,EQ,1142.0,1163.45,1140.05,1148.6,1148.0,1141.05,387260,445935434.5,21-DEC-2016,20490,INE361B01024,
DLF,EQ,113.05,118.35,113.05,117.45,117.5,113.05,11689427,1362129952.2,21-DEC-2016,52751,INE271C01023,
DLINKINDIA,EQ,106.7,110.4,106.3,107.8,107.8,105.7,1032721,111956569.65,21-DEC-2016,10709,INE250K01012,
DOLPHINOFF,EQ,123.45,131.8,121.1,129.0,129.15,122.15,887010,113668479.75,21-DEC-2016,12618,INE920A01011,
DONEAR,EQ,56.6,58.7,55.6,56.05,56.25,57.35,29829,1690845.8,21-DEC-2016,200,INE668D01028,
DPL,EQ,75.1,76.9,73.25,75.4,75.75,73.3,19450,1454155.9,21-DEC-2016,246,INE477B01010,
DPSCLTD,EQ,34.2,36.0,34.1,35.6,36.0,35.2,9411,336078.3,21-DEC-2016,50,INE360C01024,
DQE,EQ,22.5,22.5,21.55,22.1,22.0,22.0,10069,220350.95,21-DEC-2016,79,INE656K01010,
DREDGECORP,EQ,385.1,389.8,383.55,384.35,383.55,384.2,13422,5182387.55,21-DEC-2016,661,INE506A01018,
DRREDDY,EQ,3052.0,3067.0,3020.2,3036.85,3036.7,3046.5,234240,711135707.15,21-DEC-2016,24828,INE089A01023,
DSKULKARNI,EQ,63.0,64.6,62.35,63.8,63.95,63.8,4616,295259.55,21-DEC-2016,53,INE891A01014,
DSSL,EQ,16.0,16.0,15.85,15.85,15.85,16.55,440,7010.0,21-DEC-2016,6,INE417B01040,
DTIL,EQ,292.0,297.9,291.1,292.45,291.1,294.75,874,257546.05,21-DEC-2016,58,INE341R01014,
DUCON,EQ,55.35,58.1,52.7,58.1,58.1,55.35,190084,10709292.15,21-DEC-2016,1067,INE741L01018,
DWARKESH,EQ,280.95,281.8,272.25,274.6,273.0,279.9,112202,31039671.3,21-DEC-2016,1917,INE366A01033,
DYNAMATECH,EQ,2894.0,2895.0,2820.0,2823.5,2825.0,2866.25,917,2604236.95,21-DEC-2016,205,INE221B01012,
EASTSILK,EQ,2.55,2.6,2.4,2.6,2.6,2.45,24980,63974.6,21-DEC-2016,25,INE962C01027,
EASUNREYRL,EQ,25.1,25.45,24.7,25.0,25.1,24.55,9972,249187.25,21-DEC-2016,58,INE268C01029,
ECEIND,EQ,316.6,328.0,316.6,323.25,322.2,326.35,5260,1703304.5,21-DEC-2016,112,INE588B01014,
ECLERX,EQ,1393.6,1398.85,1375.0,1377.9,1382.0,1394.5,7915,10991728.85,21-DEC-2016,1060,INE738I01010,
EDELWEISS,EQ,93.5,96.85,90.25,95.6,95.75,92.55,4741218,446708905.75,21-DEC-2016,38826,INE532F01054,
EDL,EQ,54.5,55.8,52.8,53.15,53.5,53.25,20410,1087694.1,21-DEC-2016,327,INE180G01019,
EDUCOMP,EQ,10.75,10.95,10.7,10.75,10.75,10.8,176676,1907441.3,21-DEC-2016,402,INE216H01027,
EICHERMOT,EQ,21275.0,21626.55,21211.2,21304.7,21330.0,21156.2,30999,663314499.45,21-DEC-2016,10825,INE066A01013,
EIDPARRY,EQ,251.25,255.15,247.75,249.0,248.6,250.75,70870,17763806.1,21-DEC-2016,1607,INE126A01031,
EIHAHOTELS,EQ,291.95,291.95,291.95,291.95,291.95,284.05,1,291.95,21-DEC-2016,1,INE276C01014,
EIHOTEL,EQ,98.0,98.3,96.1,96.35,96.1,97.95,21440,2082859.05,21-DEC-2016,289,INE230A01023,
EIMCOELECO,BE,378.0,378.0,354.9,355.0,355.0,361.0,1091,393322.7,21-DEC-2016,17,INE158B01016,
EKC,EQ,34.5,34.7,34.1,34.1,34.25,34.4,166029,5689617.95,21-DEC-2016,749,INE184H01027,
ELAND,EQ,22.35,22.85,21.55,21.85,22.0,22.55,34713,770710.05,21-DEC-2016,261,INE311H01018,
ELECON,EQ,57.25,58.9,57.0,57.2,57.2,57.0,106888,6179038.75,21-DEC-2016,1831,INE205B01023,
ELECTCAST,EQ,22.5,23.0,22.2,22.3,22.2,22.5,136795,3069145.15,21-DEC-2016,409,INE086A01029,
ELECTHERM,EQ,182.0,185.95,182.0,184.7,185.0,182.0,1081,199348.15,21-DEC-2016,49,INE822G01016,
ELGIEQUIP,EQ,182.95,182.95,181.05,181.1,181.05,181.15,14090,2554218.0,21-DEC-2016,230,INE285A01027,
ELGIRUBCO,EQ,33.05,33.9,32.5,33.25,33.25,33.1,31614,1053691.6,21-DEC-2016,137,INE819L01012,
EMAMIINFRA,EQ,57.55,58.75,56.5,57.4,58.35,58.0,9983,577602.2,21-DEC-2016,86,INE778K01012,
EMAMILTD,EQ,1008.0,1009.65,984.0,987.9,993.0,1006.4,50601,50230622.45,21-DEC-2016,5522,INE548C01032,
EMCO,EQ,28.5,28.6,27.75,27.85,27.85,27.95,106774,3012378.2,21-DEC-2016,446,INE078A01026,
EMKAY,EQ,59.8,62.8,57.0,59.4,59.9,57.55,34243,2046344.45,21-DEC-2016,459,INE296H01011,
EMMBI,EQ,122.4,123.0,117.7,118.5,118.2,120.45,6859,820428.1,21-DEC-2016,276,INE753K01015,
ENDURANCE,EQ,574.0,574.9,563.5,567.75,568.8,569.65,68476,38867354.05,21-DEC-2016,2510,INE913H01037,
ENERGYDEV,EQ,58.6,59.05,57.05,58.2,57.5,58.55,302452,17754727.7,21-DEC-2016,517,INE306C01019,
ENGINERSIN,EQ,314.8,319.8,312.5,317.95,318.3,312.85,2592772,823222210.0,21-DEC-2016,20087,INE510A01028,
ENIL,EQ,758.5,769.0,743.5,762.15,751.0,754.15,1517,1147650.9,21-DEC-2016,164,INE265F01028,
EON,EQ,61.1,61.5,59.05,60.45,60.1,59.55,11342,685652.4,21-DEC-2016,169,INE076H01025,
EQUITAS,EQ,147.9,150.65,147.0,147.2,147.2,146.95,348338,51623694.25,21-DEC-2016,5144,INE988K01017,
EROSMEDIA,EQ,163.5,164.95,162.25,163.45,163.6,163.25,57807,9452412.15,21-DEC-2016,1833,INE416L01017,
ESABINDIA,EQ,542.55,557.95,542.5,552.0,552.0,551.1,178,98308.7,21-DEC-2016,20,INE284A01012,
ESCORTS,EQ,299.85,300.7,285.0,286.3,285.2,298.1,1157966,337589465.15,21-DEC-2016,26417,INE042A01014,
ESL,EQ,3.3,3.3,3.15,3.2,3.2,3.2,828343,2674672.75,21-DEC-2016,206,INE481K01013,
ESSARSHPNG,EQ,27.75,28.5,27.75,28.0,28.2,28.45,20037,562301.5,21-DEC-2016,148,INE122M01019,
ESSELPACK,EQ,251.95,251.95,247.0,248.0,248.0,248.0,372696,93090312.5,21-DEC-2016,1258,INE255A01020,
ESTER,EQ,38.4,38.45,37.5,37.75,37.85,37.55,17530,662586.25,21-DEC-2016,180,INE778B01029,
EUROCERA,EQ,6.45,6.75,6.45,6.7,6.75,6.6,6418,42261.1,21-DEC-2016,15,INE649H01011,
EUROTEXIND,EQ,29.0,30.85,27.8,28.9,29.9,28.4,2385,70257.75,21-DEC-2016,39,INE022C01012,
EVEREADY,EQ,212.1,219.0,212.1,218.3,219.0,214.25,12384,2690370.3,21-DEC-2016,498,INE128A01029,
EVERESTIND,EQ,196.2,199.0,192.9,193.25,193.05,194.9,6596,1284359.1,21-DEC-2016,492,INE295A01018,
EXCEL,EQ,36.9,36.9,35.25,35.4,35.25,36.3,21521,767248.4,21-DEC-2016,52,INE688J01015,
EXCELCROP,EQ,1600.2,1640.0,1600.2,1627.35,1640.0,1634.25,1102,1791504.9,21-DEC-2016,117,INE223G01017,
EXCELINDUS,EQ,351.0,358.1,345.0,346.3,349.0,354.1,1080,377060.75,21-DEC-2016,145,INE369A01029,
EXIDEIND,EQ,173.75,175.5,172.3,173.1,173.3,173.75,790297,137520245.75,21-DEC-2016,26137,INE302A01020,
FACT,EQ,23.4,24.25,23.4,23.65,23.5,23.55,28121,671477.05,21-DEC-2016,141,INE188A01015,
FAGBEARING,EQ,3939.95,3939.95,3838.0,3847.35,3838.0,3856.1,258,995198.8,21-DEC-2016,135,INE513A01014,
FARMAXIND,EQ,0.1,0.1,0.1,0.1,0.1,0.15,100,10.0,21-DEC-2016,1,INE890I01035,
FCL,EQ,28.5,29.0,28.25,28.5,28.25,28.9,47601,1363153.4,21-DEC-2016,250,INE045J01026,
FCONSUMER,EQ,20.1,20.2,19.75,19.85,19.9,20.0,378023,7542618.55,21-DEC-2016,1326,INE220J01025,
FCSSOFT,EQ,0.25,0.35,0.25,0.35,0.3,0.3,1194981,364965.8,21-DEC-2016,4786,INE512B01022,
FDC,EQ,219.7,223.0,211.0,213.7,213.6,216.95,48660,10570555.15,21-DEC-2016,1141,INE258B01022,
FEDDERLOYD,EQ,65.4,66.25,62.95,63.15,63.35,64.85,124128,7957527.2,21-DEC-2016,916,INE249C01011,
FEDERALBNK,EQ,68.0,68.4,66.75,67.0,67.0,67.8,3179052,214548676.9,21-DEC-2016,9527,INE171A01029,
FEL,EQ,16.75,17.15,16.5,16.7,16.5,17.05,481635,8122576.4,21-DEC-2016,1219,INE623B01027,
FELDVR,EQ,16.4,16.95,16.35,16.9,16.95,16.4,7198,119739.3,21-DEC-2016,91,IN9623B01058,
FIEMIND,EQ,1066.0,1079.45,1042.1,1065.35,1074.0,1075.15,11423,12173251.05,21-DEC-2016,1025,INE737H01014,
FILATEX,EQ,66.3,67.55,66.2,66.55,66.3,66.85,5246,350959.05,21-DEC-2016,94,INE816B01019,
FINANTECH,EQ,73.1,73.9,72.2,72.75,72.7,72.55,69452,5055745.35,21-DEC-2016,1036,INE111B01023,
FINCABLES,EQ,413.6,417.95,406.8,408.8,408.85,412.4,20558,8418362.4,21-DEC-2016,1979,INE235A01022,
FINPIPE,EQ,425.0,434.95,425.0,430.85,431.0,430.35,12703,5467001.3,21-DEC-2016,2336,INE183A01016,
FLEXITUFF,EQ,187.5,188.9,185.2,186.9,185.2,187.1,20644,3870314.5,21-DEC-2016,235,INE060J01017,
FLFL,EQ,120.85,122.0,118.0,119.25,119.0,120.8,25194,3023846.4,21-DEC-2016,333,INE452O01016,
FMGOETZE,EQ,485.0,487.0,476.0,479.1,480.0,488.85,4281,2063454.3,21-DEC-2016,552,INE529A01010,
FMNL,EQ,39.5,39.6,36.55,37.45,37.0,39.45,22876,868565.8,21-DEC-2016,338,INE360L01017,
FORTIS,EQ,181.5,189.0,181.5,185.6,185.0,180.8,1684217,313968175.7,21-DEC-2016,23792,INE061F01013,
FOSECOIND,EQ,1299.1,1310.0,1275.0,1288.15,1275.0,1301.8,292,378830.85,21-DEC-2016,62,INE519A01011,
FRETAIL,EQ,127.9,129.4,126.5,127.95,127.5,126.45,64454,8231868.4,21-DEC-2016,802,INE752P01024,
FSL,EQ,37.2,37.75,36.3,37.45,37.6,36.85,1195040,44080392.5,21-DEC-2016,6055,INE684F01012,
GABRIEL,EQ,106.7,108.85,106.05,108.25,108.3,107.4,102051,11001827.7,21-DEC-2016,1465,INE524A01029,
GAEL,EQ,89.25,90.3,88.8,89.45,89.25,88.95,81093,7256309.5,21-DEC-2016,1240,INE036B01022,
GAIL,EQ,430.0,432.75,423.2,430.15,428.7,429.85,1257221,537766734.4,21-DEC-2016,24858,INE129A01019,
GAL,EQ,13.4,14.3,12.25,12.55,12.5,13.3,755113,10026726.3,21-DEC-2016,1256,INE482J01021,
GALLANTT,EQ,36.8,38.5,36.8,37.25,37.25,37.8,5161,193532.5,21-DEC-2016,94,INE297H01019,
GALLISPAT,EQ,490.5,490.75,490.0,490.4,490.4,490.4,7517,3687893.3,21-DEC-2016,222,INE528K01011,
GAMMNINFRA,EQ,3.8,3.85,3.65,3.7,3.7,3.75,1104466,4126535.9,21-DEC-2016,661,INE181G01025,
GAMMONIND,EQ,12.0,12.05,11.85,12.0,11.95,11.85,173552,2077283.95,21-DEC-2016,243,INE259B01020,
GANDHITUBE,EQ,300.0,301.9,289.05,300.0,300.0,299.95,2328,690060.1,21-DEC-2016,82,INE524B01027,
GANECOS,EQ,179.5,179.5,173.0,174.05,173.55,174.7,2214,387092.8,21-DEC-2016,53,INE845D01014,
GANESHHOUC,EQ,68.9,69.7,68.1,68.6,68.5,68.5,28383,1952257.7,21-DEC-2016,317,INE460C01014,
GARDENSILK,EQ,29.6,30.25,28.9,29.1,29.1,29.6,22111,651321.2,21-DEC-2016,159,INE526A01016,
GARWALLROP,EQ,635.0,636.0,606.1,626.6,630.0,629.6,15422,9623693.95,21-DEC-2016,847,INE276A01018,
GATI,EQ,113.75,115.75,112.0,112.5,112.2,112.7,485433,55019231.75,21-DEC-2016,6006,INE152B01027,
GAYAPROJ,EQ,643.0,649.8,632.0,645.7,646.9,642.8,11826,7613514.05,21-DEC-2016,708,INE336H01015,
GDL,EQ,226.85,226.85,220.2,222.55,223.4,223.55,66562,14821503.3,21-DEC-2016,3119,INE852F01015,
GEECEE,EQ,124.9,124.9,122.25,122.5,123.0,123.3,3985,490162.6,21-DEC-2016,84,INE916G01016,
GEMINI,EQ,1.85,1.95,1.85,1.95,1.95,1.9,29433,56310.85,21-DEC-2016,28,INE878C01033,
GENESYS,EQ,116.9,123.4,116.35,118.85,119.0,114.9,86668,10408577.95,21-DEC-2016,1941,INE727B01026,
GENUSPAPER,EQ,5.7,6.1,5.6,5.7,5.65,5.7,349886,2026705.65,21-DEC-2016,359,INE949P01018,
GENUSPOWER,EQ,37.35,41.35,37.25,40.65,41.1,37.35,1582718,60995016.95,21-DEC-2016,3416,INE955D01029,
GEOJITBNPP,EQ,36.7,36.7,35.0,36.1,36.1,35.6,63003,2258313.2,21-DEC-2016,496,INE007B01023,
GEOMETRIC,EQ,253.4,255.5,250.25,251.15,251.25,253.8,100263,25387212.15,21-DEC-2016,1398,INE797A01021,
GEPIL,EQ,467.2,470.0,465.55,467.4,466.25,467.15,1493,699101.1,21-DEC-2016,96,INE878A01011,
GESHIP,EQ,365.95,370.0,360.0,361.0,361.95,363.6,54466,19873647.8,21-DEC-2016,2690,INE017A01032,
GET&D,EQ,307.15,308.55,300.0,300.05,300.05,305.2,111537,33510015.55,21-DEC-2016,959,INE200A01026,
GHCL,EQ,250.55,254.0,247.75,248.25,248.05,249.05,83153,20813232.25,21-DEC-2016,2433,INE539A01019,
GICHSGFIN,EQ,257.6,262.9,257.6,260.1,259.5,257.15,23067,6010842.0,21-DEC-2016,984,INE289B01019,
GILLANDERS,EQ,62.0,64.0,62.0,63.0,63.0,62.85,252,15900.7,21-DEC-2016,13,INE047B01011,
GILLETTE,EQ,4257.6,4300.0,4257.6,4297.05,4294.3,4293.4,2148,9224147.55,21-DEC-2016,497,INE322A01010,
GINNIFILA,EQ,21.0,21.0,20.35,20.5,20.45,20.6,17011,350322.25,21-DEC-2016,107,INE424C01010,
GIPCL,EQ,101.0,101.5,97.7,98.6,98.35,100.5,44549,4441130.4,21-DEC-2016,983,INE162A01010,
GITANJALI,EQ,58.4,60.6,57.6,59.15,59.35,57.85,1743521,102629684.4,21-DEC-2016,8265,INE346H01014,
GKWLIMITED,EQ,465.05,480.0,455.0,456.65,461.95,470.8,393,180675.7,21-DEC-2016,39,INE528A01020,
GLAXO,EQ,2717.0,2760.0,2692.05,2724.35,2712.6,2709.95,17305,47112039.3,21-DEC-2016,2359,INE159A01016,
GLENMARK,EQ,932.5,952.2,929.8,940.95,942.0,937.25,540997,508869385.5,21-DEC-2016,23246,INE935A01035,
GLOBALVECT,EQ,86.0,87.0,83.0,83.45,83.35,83.4,7990,673189.65,21-DEC-2016,148,INE792H01019,
GLOBOFFS,EQ,66.6,69.3,65.3,66.7,66.8,66.4,453686,30453636.7,21-DEC-2016,4240,INE446C01013,
GLOBUSSPR,EQ,86.4,87.0,84.8,85.55,86.85,85.8,79241,6814238.3,21-DEC-2016,1076,INE615I01010,
GMBREW,EQ,518.7,524.25,498.1,502.15,502.0,516.05,26764,13688606.65,21-DEC-2016,1631,INE075D01018,
GMDCLTD,EQ,93.0,94.55,92.25,93.9,94.15,92.25,248220,23203413.9,21-DEC-2016,2803,INE131A01031,
GMRINFRA,EQ,11.75,12.0,11.75,11.75,11.75,11.7,6017852,71289647.45,21-DEC-2016,4539,INE776C01039,
GNA,EQ,189.45,189.45,181.0,181.65,181.1,184.75,34908,6368206.8,21-DEC-2016,650,INE934S01014,
GNFC,EQ,215.5,217.65,211.3,214.85,215.85,214.15,371483,79974857.75,21-DEC-2016,5417,INE113A01013,
GOACARBON,EQ,105.0,109.0,102.25,103.5,103.55,99.8,550080,57675078.4,21-DEC-2016,8173,INE426D01013,
GOCLCORP,EQ,270.05,284.95,270.05,280.6,282.0,275.15,4735,1328630.25,21-DEC-2016,230,INE077F01035,
GODFRYPHLP,EQ,876.2,880.0,868.1,871.6,873.0,874.15,16981,14815676.8,21-DEC-2016,1541,INE260B01028,
GODREJCP,EQ,1468.5,1468.5,1440.1,1451.1,1450.0,1450.1,233199,338831757.65,21-DEC-2016,11547,INE102D01028,
GODREJIND,EQ,412.4,417.5,407.65,414.0,412.4,411.25,233854,96737903.05,21-DEC-2016,6783,INE233A01035,
GODREJPROP,EQ,301.0,301.0,293.3,294.45,294.0,298.35,45854,13596030.25,21-DEC-2016,778,INE484J01027,
GOKEX,EQ,59.25,60.35,58.0,58.65,58.35,59.4,62156,3679182.9,21-DEC-2016,632,INE887G01027,
GOKUL,EQ,24.3,24.3,21.55,22.25,22.4,23.9,67568,1515228.65,21-DEC-2016,513,INE020J01029,
GOKULAGRO,EQ,20.3,21.0,19.7,20.3,20.55,20.65,17945,366340.0,21-DEC-2016,98,INE314T01025,
GOLDBEES,EQ,2501.0,2511.0,2495.1,2501.6,2500.0,2502.75,7237,18119998.8,21-DEC-2016,1043,INF732E01102,
GOLDENTOBC,EQ,62.7,63.0,61.2,61.45,61.2,62.65,2838,177132.5,21-DEC-2016,51,INE973A01010,
GOLDIAM,EQ,68.0,69.35,67.0,68.15,69.0,68.3,7875,535303.95,21-DEC-2016,61,INE025B01017,
GOLDINFRA,EQ,25.95,30.65,25.1,27.55,27.75,25.55,292564,8107567.35,21-DEC-2016,971,INE260D01016,
GOLDIWIN,EQ,253.0,256.0,253.0,254.1,254.05,253.75,420,106899.8,21-DEC-2016,27,INF109KB1WF4,
GOLDSHARE,EQ,2491.05,2500.0,2482.2,2493.4,2490.15,2491.0,362,903780.6,21-DEC-2016,108,INF789F01059,
GOLDTECH,EQ,6.8,6.85,6.65,6.65,6.65,6.55,3022,20596.3,21-DEC-2016,6,INE805A01014,
GOODLUCK,EQ,82.15,82.65,80.0,81.05,81.25,81.15,20967,1703731.35,21-DEC-2016,316,INE127I01024,
GPIL,EQ,60.25,60.8,60.0,60.0,60.0,60.55,6602,396772.35,21-DEC-2016,97,INE177H01013,
GPPL,EQ,137.1,138.1,134.0,135.1,135.4,136.9,206325,28183097.0,21-DEC-2016,4290,INE517F01014,
GPTINFRA,EQ,224.0,227.0,211.0,220.6,220.0,224.1,10720,2383556.15,21-DEC-2016,222,INE390G01014,
GRANULES,EQ,111.5,113.95,108.4,112.35,112.65,110.65,1026632,113712172.4,21-DEC-2016,14377,INE101D01020,
GRAPHITE,EQ,73.0,73.45,72.5,72.75,72.9,72.55,17626,1285536.6,21-DEC-2016,174,INE371A01025,
GRASIM,EQ,829.1,835.0,821.65,828.75,829.8,828.85,327330,271269317.65,21-DEC-2016,9478,INE047A01021,
GRAVITA,EQ,42.25,42.95,41.0,41.6,41.95,42.0,130746,5494158.8,21-DEC-2016,987,INE024L01027,
GREAVESCOT,EQ,121.1,123.0,120.1,121.25,121.85,121.1,34194,4159114.9,21-DEC-2016,632,INE224A01026,
GREENFIRE,EQ,2.15,2.15,2.0,2.05,2.05,2.1,22073,44651.8,21-DEC-2016,45,INE217G01027,
GREENLAM,EQ,615.0,620.0,601.05,612.7,620.0,609.0,436,267772.15,21-DEC-2016,44,INE544R01013,
GREENPLY,EQ,255.4,256.25,247.35,249.25,249.15,252.5,26585,6698617.4,21-DEC-2016,1674,INE461C01038,
GREENPOWER,EQ,9.8,9.8,9.6,9.65,9.6,9.75,63339,613346.2,21-DEC-2016,119,INE999K01014,
GRINDWELL,EQ,331.95,331.95,321.0,321.65,321.0,326.05,1309,424029.35,21-DEC-2016,179,INE536A01023,
GROBTEA,EQ,260.0,265.0,259.9,265.0,265.0,253.85,170,44295.0,21-DEC-2016,5,INE646C01018,
GRPLTD,EQ,1439.9,1439.9,1405.0,1414.4,1405.0,1400.0,68,96181.2,21-DEC-2016,8,INE137I01015,
GRUH,EQ,314.25,319.0,310.25,313.6,312.5,315.75,76035,23902192.35,21-DEC-2016,8276,INE580B01029,
GSCLCEMENT,EQ,24.55,25.5,24.55,24.95,25.0,24.7,23441,584119.0,21-DEC-2016,154,INE542A01039,
GSFC,EQ,94.4,97.25,92.2,93.55,93.9,93.45,2244712,213254018.0,21-DEC-2016,12231,INE026A01025,
GSKCONS,EQ,5095.0,5095.0,4980.0,5006.55,4980.0,5067.55,8270,41594008.75,21-DEC-2016,2155,INE264A01014,
GSPL,EQ,138.0,139.3,133.7,135.25,135.3,137.8,359321,49240193.7,21-DEC-2016,5424,INE246F01010,
GSS,EQ,27.1,28.3,27.0,28.1,28.1,27.75,1880,52141.9,21-DEC-2016,21,INE871H01011,
GTL,EQ,15.25,17.25,15.0,16.6,16.8,15.15,952499,15776684.7,21-DEC-2016,3984,INE043A01012,
GTLINFRA,EQ,4.0,4.25,3.85,4.25,4.25,3.9,2072578,8418165.85,21-DEC-2016,764,INE221H01019,
GTNIND,EQ,12.55,13.0,12.55,12.9,12.9,12.7,9318,119793.8,21-DEC-2016,48,INE537A01013,
GTNTEX,EQ,12.75,12.75,12.6,12.6,12.6,12.75,614,7782.55,21-DEC-2016,4,INE302H01017,
GTOFFSHORE,EQ,24.0,25.5,24.0,24.65,24.55,24.15,256859,6402509.1,21-DEC-2016,2017,INE892H01017,
GUFICBIO,EQ,51.0,51.65,50.2,50.45,50.7,50.95,26119,1330837.5,21-DEC-2016,363,INE742B01025,
GUJALKALI,EQ,345.0,351.7,340.0,341.9,341.0,344.4,24483,8418187.0,21-DEC-2016,824,INE186A01019,
GUJAPOLLO,EQ,133.75,133.8,133.75,133.75,133.75,133.1,644,86135.5,21-DEC-2016,10,INE826C01016,
GUJFLUORO,EQ,474.45,483.0,470.0,471.0,470.5,472.7,11439,5418878.15,21-DEC-2016,796,INE538A01037,
GUJGASLTD,EQ,541.0,546.35,536.25,539.45,538.0,540.15,84617,45694940.65,21-DEC-2016,506,INE844O01022,
GUJNRECOKE,EQ,3.25,3.35,3.25,3.3,3.3,3.25,456612,1503897.25,21-DEC-2016,356,INE110D01013,
GUJNREDVR,EQ,2.85,2.95,2.8,2.95,2.95,2.95,7890,23011.15,21-DEC-2016,21,IN9110D01011,
GULFOILLUB,EQ,669.0,669.0,650.0,657.2,660.0,659.65,172515,112154301.5,21-DEC-2016,204,INE635Q01029,
GULFPETRO,EQ,84.5,85.6,83.55,84.35,85.0,83.55,52917,4480487.9,21-DEC-2016,517,INE586G01017,
GULPOLY,EQ,388.0,394.0,387.05,392.1,394.0,390.15,3102,1214833.2,21-DEC-2016,150,INE255D01016,
GVKPIL,EQ,5.5,5.55,5.45,5.45,5.45,5.45,1161942,6386277.2,21-DEC-2016,580,INE251H01024,
HANUNG,EQ,5.0,5.0,4.75,4.8,4.8,4.9,175551,847358.9,21-DEC-2016,332,INE648H01013,
HARITASEAT,EQ,685.0,693.85,675.0,684.6,684.0,681.7,2387,1625957.85,21-DEC-2016,165,INE939D01015,
HARRMALAYA,EQ,67.95,68.15,66.2,67.1,67.3,67.65,41076,2766365.25,21-DEC-2016,728,INE544A01019,
HATHWAY,EQ,35.15,35.15,33.95,34.35,34.6,34.6,92711,3209253.9,21-DEC-2016,1140,INE982F01036,
HATSUN,EQ,350.0,353.95,350.0,351.0,351.0,350.0,2405,844595.35,21-DEC-2016,80,INE473B01035,
HAVELLS,EQ,320.5,324.55,318.1,322.1,323.0,319.15,570929,183948975.05,21-DEC-2016,14786,INE176B01034,
HBLPOWER,EQ,39.05,39.4,37.75,38.0,37.95,38.5,206829,7939445.55,21-DEC-2016,725,INE292B01021,
HBSTOCK,EQ,16.5,18.35,16.5,17.2,17.75,17.5,24107,413352.9,21-DEC-2016,213,INE550B01014,
HCC,EQ,39.25,39.8,38.65,38.75,38.85,38.9,3910287,152991346.8,21-DEC-2016,9082,INE549A01026,
HCG,EQ,244.95,249.75,243.05,245.5,247.25,247.65,7984,1974025.75,21-DEC-2016,304,INE075I01017,
HCL-INSYS,EQ,59.9,61.3,59.6,59.75,59.8,59.5,3458664,208878791.15,21-DEC-2016,14588,INE236A01020,
HCLTECH,EQ,835.0,836.8,816.3,820.8,819.0,830.15,1031894,853195307.7,21-DEC-2016,53689,INE860A01027,
HDFC,EQ,1242.0,1256.95,1230.25,1235.6,1233.35,1235.55,3217980,4012644919.8,21-DEC-2016,86305,INE001A01036,
HDFCBANK,EQ,1184.0,1185.0,1175.0,1180.0,1177.1,1181.9,664719,784382918.55,21-DEC-2016,16518,INE040A01026,
HDFCMFGETF,EQ,2594.9,2594.9,2572.3,2573.0,2573.0,2581.55,265,683300.4,21-DEC-2016,85,INF179K01CN1,
HDFCNIFETF,EQ,821.2,821.53,819.0,819.0,819.0,820.37,88,72151.68,21-DEC-2016,8,INF179KB1KP3,
HDIL,EQ,58.1,59.85,57.75,59.35,59.3,57.9,8994763,531310968.9,21-DEC-2016,24491,INE191I01012,
HEG,EQ,152.1,154.0,151.05,152.0,152.45,151.9,2864,436226.9,21-DEC-2016,142,INE545A01016,
HEIDELBERG,EQ,113.5,116.0,112.8,114.25,113.75,112.5,90968,10341821.15,21-DEC-2016,1015,INE578A01017,
HERCULES,EQ,138.6,141.4,138.25,139.4,139.2,137.25,40406,5655776.6,21-DEC-2016,816,INE688E01024,
HERITGFOOD,EQ,856.55,875.0,856.55,871.3,871.1,862.45,7698,6675936.2,21-DEC-2016,556,INE978A01019,
HEROMOTOCO,EQ,3065.45,3104.0,3015.0,3021.75,3018.05,3058.95,270789,826317034.85,21-DEC-2016,33362,INE158A01026,
HESTERBIO,EQ,713.0,725.25,713.0,724.75,720.0,710.0,1639,1181696.05,21-DEC-2016,96,INE782E01017,
HEXATRADEX,EQ,15.0,16.15,14.95,15.3,15.3,15.35,250938,3941329.2,21-DEC-2016,750,INE750M01017,
HEXAWARE,EQ,206.9,209.0,205.75,206.7,207.4,205.5,407877,84559548.3,21-DEC-2016,6069,INE093A01033,
HFCL,EQ,12.85,12.95,12.6,12.65,12.65,12.7,1004903,12856362.7,21-DEC-2016,1243,INE548A01028,
HGS,EQ,534.0,538.25,520.2,522.95,522.5,528.0,7745,4096926.95,21-DEC-2016,363,INE170I01016,
HIGHGROUND,EQ,37.75,38.7,37.25,37.85,38.65,38.3,133658,5068136.7,21-DEC-2016,213,INE361M01021,
HIKAL,EQ,216.9,217.0,211.25,214.6,216.65,211.8,15669,3354183.35,21-DEC-2016,788,INE475B01022,
HIL,EQ,609.9,615.3,598.6,604.85,604.05,601.65,5329,3221030.1,21-DEC-2016,249,INE557A01011,
HILTON,EQ,19.2,19.2,18.7,18.85,18.95,19.0,650,12280.0,21-DEC-2016,4,INE788H01017,
HIMATSEIDE,EQ,293.0,293.0,284.5,286.25,285.15,290.95,48321,13915603.8,21-DEC-2016,1263,INE049A01027,
HINDALCO,EQ,168.0,171.0,166.55,168.8,168.75,167.15,6539566,1108451746.9,21-DEC-2016,52980,INE038A01020,
HINDCOMPOS,EQ,1554.0,1589.9,1554.0,1570.2,1571.5,1570.2,244,383442.0,21-DEC-2016,44,INE310C01011,
HINDCOPPER,EQ,58.55,59.2,57.8,57.95,57.85,58.4,296487,17341647.9,21-DEC-2016,2089,INE531E01026,
HINDDORROL,EQ,12.2,12.3,11.95,12.0,12.0,12.2,27627,333646.2,21-DEC-2016,191,INE551A01022,
HINDMOTORS,EQ,6.95,7.35,6.85,7.0,7.0,6.9,466898,3288097.15,21-DEC-2016,520,INE253A01025,
HINDNATGLS,EQ,101.1,107.0,101.1,105.8,105.8,104.95,23,2419.1,21-DEC-2016,7,INE952A01022,
HINDOILEXP,EQ,64.5,66.75,64.1,65.4,65.3,64.05,887037,58080585.6,21-DEC-2016,6316,INE345A01011,
HINDPETRO,EQ,422.8,425.5,416.45,421.95,422.7,422.45,2365873,995912747.65,21-DEC-2016,40844,INE094A01015,
HINDSYNTEX,EQ,11.6,11.6,10.7,11.15,11.15,11.15,2483,27079.15,21-DEC-2016,16,INE155B01012,
HINDUJAFO,EQ,30.6,31.4,30.5,30.6,30.85,31.1,4106,126583.3,21-DEC-2016,45,INE291F01016,
HINDUJAVEN,EQ,511.8,515.0,500.05,503.95,502.15,509.95,1052,534168.7,21-DEC-2016,174,INE353A01023,
HINDUNILVR,EQ,802.0,805.0,795.9,796.8,797.55,801.4,1024157,817525435.35,21-DEC-2016,31062,INE030A01027,
HINDZINC,EQ,264.7,271.0,263.0,266.8,266.5,262.3,2216013,593895960.05,21-DEC-2016,31523,INE267A01025,
HIRECT,EQ,88.8,88.8,86.4,88.15,88.45,87.5,1083,94963.7,21-DEC-2016,21,INE835D01023,
HITECHGEAR,EQ,297.0,303.0,296.0,296.65,296.0,300.0,1454,433124.0,21-DEC-2016,133,INE127B01011,
HITECHPLAS,EQ,161.75,161.8,157.0,158.25,158.0,158.5,10559,1680857.65,21-DEC-2016,321,INE120D01012,
HMT,BE,40.0,40.0,38.0,38.1,38.0,39.15,16186,620765.1,21-DEC-2016,107,INE262A01018,
HMVL,EQ,272.85,274.4,262.55,272.95,273.35,270.3,31904,8632719.0,21-DEC-2016,484,INE871K01015,
HNGSNGBEES,EQ,2199.0,2249.95,2177.0,2214.27,2249.95,2200.0,252,549084.9,21-DEC-2016,5,INF732E01227,
HOCL,EQ,19.5,19.55,19.0,19.1,19.05,19.3,24912,481167.9,21-DEC-2016,128,INE048A01011,
HONAUT,EQ,8441.0,8549.0,8400.0,8473.8,8549.0,8504.0,330,2792886.85,21-DEC-2016,127,INE671A01010,
HONDAPOWER,EQ,1457.05,1457.05,1410.0,1421.65,1436.6,1458.4,5793,8342392.75,21-DEC-2016,385,INE634A01018,
HOTELEELA,EQ,16.7,16.75,16.4,16.5,16.45,16.55,86438,1432434.2,21-DEC-2016,258,INE102A01024,
HOTELRUGBY,EQ,5.0,5.0,5.0,5.0,5.0,5.0,1770,8850.0,21-DEC-2016,6,INE275F01019,
HOVS,EQ,116.0,116.0,110.15,111.15,110.5,116.2,100860,11326651.8,21-DEC-2016,1888,INE596H01014,
HPL,EQ,104.0,104.5,101.75,102.1,102.0,101.75,775269,79356716.35,21-DEC-2016,3745,INE495S01016,
HSCL,EQ,35.2,36.05,34.5,35.25,34.8,34.9,368419,13087025.65,21-DEC-2016,1248,INE019C01026,
HSIL,EQ,287.15,287.85,278.2,280.4,279.4,285.0,231497,65272101.55,21-DEC-2016,3978,INE415A01038,
HTMEDIA,EQ,75.65,79.0,73.6,74.0,74.1,72.4,519529,39420282.8,21-DEC-2016,5421,INE501G01024,
HUBTOWN,EQ,90.15,92.75,90.15,91.65,92.5,91.8,1065,97476.25,21-DEC-2016,71,INE703H01016,
IBREALEST,EQ,70.7,71.9,69.8,71.3,71.1,70.6,4999746,354913470.15,21-DEC-2016,15244,INE069I01010,
IBULHSGFIN,EQ,640.5,652.4,633.1,642.1,641.2,641.3,1131120,729307442.55,21-DEC-2016,58373,INE148I01020,
IBVENTURES,EQ,21.2,21.45,20.95,21.05,21.05,20.95,218275,4612692.05,21-DEC-2016,594,INE274G01010,
IBWSL,EQ,20.2,21.0,19.8,20.5,20.7,20.25,75208,1544024.05,21-DEC-2016,287,INE126M01010,
ICICIBANK,EQ,253.0,255.35,251.2,253.25,253.1,251.6,6987022,1772338444.95,21-DEC-2016,58934,INE090A01021,
ICICIPRULI,EQ,318.7,319.95,314.0,316.2,314.95,318.25,717254,226882114.3,21-DEC-2016,13772,INE726G01019,
ICIL,EQ,158.1,160.95,156.45,158.65,158.3,157.2,294153,46861117.3,21-DEC-2016,6663,INE483B01026,
ICRA,EQ,3949.7,3982.0,3925.1,3976.4,3975.0,3968.95,450,1787918.5,21-DEC-2016,109,INE725G01011,
ICSA,EQ,2.9,2.9,2.85,2.85,2.85,2.9,5610,16044.0,21-DEC-2016,15,INE306B01029,
IDBI,EQ,68.5,68.85,67.85,68.1,68.05,68.25,1303018,89041146.5,21-DEC-2016,4446,INE008A01015,
IDBIGOLD,EQ,2550.0,2550.25,2536.0,2548.7,2536.0,2551.0,64,163158.85,21-DEC-2016,14,INF397L01554,
IDEA,EQ,73.8,74.65,72.0,72.75,72.15,73.25,5324199,391992090.55,21-DEC-2016,24016,INE669E01016,
IDFC,EQ,52.9,53.25,52.4,52.65,52.5,52.55,1292593,68228433.15,21-DEC-2016,3634,INE043D01016,
IDFCBANK,EQ,61.7,61.85,60.35,60.65,60.4,61.25,5410446,330595872.65,21-DEC-2016,25198,INE092T01019,
IFBAGRO,EQ,379.15,387.8,365.0,372.9,366.2,379.15,1338,508041.05,21-DEC-2016,154,INE076C01018,
IFBIND,EQ,434.85,440.75,425.0,425.7,425.5,428.05,7373,3193449.95,21-DEC-2016,390,INE559A01017,
IFCI,EQ,27.25,27.75,26.55,26.8,26.8,27.05,14893277,403725745.8,21-DEC-2016,17414,INE039A01010,
IFGLREFRAC,EQ,175.0,176.95,169.0,175.95,176.0,182.05,69457,12099791.85,21-DEC-2016,2499,INE023B01012,
IGARASHI,EQ,735.05,747.75,730.15,734.5,739.0,735.1,21867,16088303.45,21-DEC-2016,852,INE188B01013,
IGL,EQ,897.0,907.65,893.15,896.7,897.9,895.25,533822,480210928.1,21-DEC-2016,19990,INE203G01019,
IGPL,EQ,236.55,237.6,230.1,230.55,231.0,233.25,8727,2046827.85,21-DEC-2016,560,INE204A01010,
IIFL,EQ,260.35,274.7,260.1,265.7,265.0,261.9,147787,39868953.95,21-DEC-2016,5044,INE530B01024,
IL&FSENGG,EQ,43.75,44.05,42.0,42.5,42.35,43.3,57177,2434929.5,21-DEC-2016,423,INE369I01014,
IL&FSTRANS,EQ,105.1,106.2,102.2,105.3,105.85,104.15,345617,36028697.95,21-DEC-2016,3720,INE975G01012,
IMFA,EQ,593.6,593.6,575.15,593.6,593.6,565.35,193657,114030873.6,21-DEC-2016,2860,INE919H01018,
IMPAL,EQ,760.0,760.0,753.0,759.8,760.0,765.0,396,300792.05,21-DEC-2016,44,INE547E01014,
IMPEXFERRO,EQ,1.65,1.65,1.65,1.65,1.65,1.65,2059,3397.35,21-DEC-2016,3,INE691G01015,
INDBANK,EQ,12.75,13.35,12.3,13.0,12.75,12.65,46874,598834.85,21-DEC-2016,175,INE841B01017,
INDHOTEL,EQ,96.1,98.1,95.15,95.55,95.45,96.1,592029,56744700.05,21-DEC-2016,3050,INE053A01029,
INDIACEM,EQ,113.0,114.35,112.3,113.3,113.1,112.25,1919299,217498841.85,21-DEC-2016,11901,INE383A01012,
INDIAGLYCO,EQ,142.0,146.2,141.25,142.05,141.25,141.25,246135,35467227.35,21-DEC-2016,3574,INE560A01015,
INDIANB,EQ,222.3,222.95,210.3,212.0,211.2,219.55,334291,72652863.1,21-DEC-2016,5365,INE562A01011,
INDIANCARD,EQ,215.0,220.0,214.15,217.5,217.5,217.45,1761,381058.9,21-DEC-2016,35,INE061A01014,
INDIANHUME,EQ,375.1,376.6,365.0,367.7,368.0,378.75,10629,3942027.5,21-DEC-2016,673,INE323C01030,
INDIGO,EQ,836.95,837.9,826.7,832.35,830.0,833.15,106542,88650023.3,21-DEC-2016,2727,INE646L01027,
INDLMETER,EQ,80.3,82.5,79.8,81.4,81.3,83.65,6780,545890.85,21-DEC-2016,53,INE065B01013,
INDNIPPON,EQ,508.0,514.0,505.0,512.0,513.0,505.5,2621,1335904.5,21-DEC-2016,127,INE092B01017,
INDOCO,EQ,260.35,263.5,258.15,260.5,260.15,260.15,5662,1478159.2,21-DEC-2016,208,INE873D01024,
INDORAMA,EQ,30.0,30.3,29.1,29.4,29.1,29.95,30920,922348.4,21-DEC-2016,189,INE156A01020,
INDOSOLAR,EQ,6.2,6.25,6.1,6.15,6.25,6.1,105762,650749.8,21-DEC-2016,126,INE866K01015,
INDOTECH,EQ,203.0,213.0,198.25,208.35,211.0,200.9,13145,2698614.35,21-DEC-2016,541,INE332H01014,
INDOTHAI,EQ,20.6,20.6,18.95,19.15,19.1,19.1,11744,225558.1,21-DEC-2016,59,INE337M01013,
INDOWIND,BE,4.5,4.5,4.35,4.4,4.45,4.4,11577,50513.6,21-DEC-2016,21,INE227G01018,
INDRAMEDCO,EQ,52.6,52.95,52.0,52.05,52.0,52.4,92468,4841030.2,21-DEC-2016,1421,INE681B01017,
INDSWFTLAB,EQ,36.2,37.45,36.2,36.7,36.95,36.4,137081,5073447.65,21-DEC-2016,174,INE915B01019,
INDSWFTLTD,EQ,5.6,6.2,5.6,5.85,5.85,5.9,25586,153681.35,21-DEC-2016,48,INE788B01028,
INDTERRAIN,EQ,142.35,146.65,142.35,143.05,143.0,143.45,5628,812811.8,21-DEC-2016,142,INE611L01021,
INDUSINDBK,EQ,1075.0,1099.95,1063.05,1086.25,1082.6,1071.9,1544748,1659767507.1,21-DEC-2016,67158,INE095A01012,
INEOSSTYRO,EQ,585.0,589.75,584.0,586.65,585.0,589.5,756,443013.8,21-DEC-2016,73,INE189B01011,
INFIBEAM,EQ,1098.95,1154.0,1085.0,1117.0,1136.0,1090.2,326892,361868356.0,21-DEC-2016,9003,INE483S01012,
INFINITE,EQ,248.9,249.9,247.65,249.2,249.7,248.6,100185,24926033.25,21-DEC-2016,663,INE486J01014,
INFOMEDIA,EQ,4.9,5.1,4.85,4.95,4.95,4.85,16217,79970.4,21-DEC-2016,66,INE669A01022,
INFRABEES,EQ,276.0,276.0,276.0,276.0,276.0,275.6,101,27876.0,21-DEC-2016,2,INF732E01268,
INFRATEL,EQ,347.75,349.5,335.0,335.95,336.25,345.45,1882967,639342668.2,21-DEC-2016,43385,INE121J01017,
INFY,EQ,1016.0,1022.0,998.25,1001.55,1002.5,1012.15,3671988,3715406428.4,21-DEC-2016,85526,INE009A01021,
INGERRAND,EQ,658.05,677.0,656.15,670.7,670.4,665.05,4005,2690025.75,21-DEC-2016,458,INE177A01018,
INOXLEISUR,EQ,221.0,222.15,219.8,220.6,220.0,220.4,37694,8308620.5,21-DEC-2016,516,INE312H01016,
INOXWIND,EQ,194.0,195.05,190.1,191.0,191.0,192.9,121672,23470964.5,21-DEC-2016,2878,INE066P01011,
INSECTICID,EQ,490.05,493.7,488.1,490.0,490.0,490.05,4755,2331330.5,21-DEC-2016,187,INE070I01018,
INTELLECT,EQ,147.0,148.7,141.5,141.9,141.7,145.8,592985,85540122.35,21-DEC-2016,10778,INE306R01017,
INVENTURE,EQ,13.8,15.5,13.8,15.15,15.35,14.1,109942,1572066.55,21-DEC-2016,223,INE878H01016,
IOB,EQ,24.9,25.2,24.8,25.05,25.0,24.9,422588,10567312.8,21-DEC-2016,802,INE565A01014,
IOC,EQ,303.75,309.9,300.45,308.95,308.35,302.3,4775231,1460450416.55,21-DEC-2016,42264,INE242A01010,
IOLCP,EQ,99.5,100.0,97.5,98.75,98.1,99.35,37577,3706949.75,21-DEC-2016,497,INE485C01011,
IPAPPM,EQ,303.05,308.15,298.0,299.4,300.85,305.0,9344,2820646.8,21-DEC-2016,549,INE435A01028,
IPCALAB,EQ,538.0,545.0,535.0,538.3,538.0,530.95,27793,14998427.15,21-DEC-2016,1930,INE571A01020,
IRB,EQ,199.75,201.4,198.25,199.1,199.0,197.9,1240049,247559372.35,21-DEC-2016,10620,INE821I01014,
ISFT,EQ,420.0,440.75,420.0,428.65,425.0,425.25,16630,7172718.6,21-DEC-2016,647,INE566K01011,
ISMTLTD,EQ,8.45,8.75,8.45,8.6,8.6,8.7,7004,60907.3,21-DEC-2016,24,INE732F01019,
ITC,EQ,229.0,229.8,225.5,226.3,226.2,229.95,12883058,2918928807.85,21-DEC-2016,63563,INE154A01025,
ITDCEM,EQ,148.0,152.0,142.6,143.9,144.0,146.1,70169,10218235.45,21-DEC-2016,1379,INE686A01026,
ITI,EQ,44.6,45.25,43.3,43.85,44.15,44.3,610589,26929609.95,21-DEC-2016,4525,INE248A01017,
IVC,EQ,14.35,14.55,14.25,14.4,14.5,14.35,93644,1350856.8,21-DEC-2016,177,INE050B01023,
IVP,EQ,128.85,129.0,122.0,122.8,124.0,125.45,9553,1189962.3,21-DEC-2016,151,INE043C01018,
IVRCLINFRA,EQ,4.5,4.6,4.45,4.45,4.5,4.5,419840,1892091.7,21-DEC-2016,448,INE875A01025,
IVZINGOLD,EQ,2599.8,2599.8,2575.0,2575.0,2575.0,2577.95,7,18049.8,21-DEC-2016,3,INF205K01361,
IZMO,EQ,46.3,48.7,46.3,46.6,46.65,46.0,68092,3234564.7,21-DEC-2016,769,INE848A01014,
J&KBANK,EQ,62.9,63.15,61.1,61.45,61.6,62.95,462868,28633909.5,21-DEC-2016,3985,INE168A01041,
JAGRAN,EQ,169.75,171.25,167.2,169.65,171.25,169.55,47770,8060654.65,21-DEC-2016,4719,INE199G01027,
JAGSNPHARM,EQ,34.9,35.4,34.9,35.15,35.25,35.0,5346,187837.05,21-DEC-2016,57,INE048B01027,
JAIBALAJI,EQ,12.9,12.9,11.7,11.7,11.9,12.3,11751,146104.45,21-DEC-2016,54,INE091G01018,
JAICORPLTD,EQ,68.15,69.3,67.15,67.3,67.3,67.75,658017,44783999.95,21-DEC-2016,5431,INE070D01027,
JAIHINDPRO,EQ,5.5,5.5,5.5,5.5,5.5,5.5,1,5.5,21-DEC-2016,1,INE343D01010,
JAMNAAUTO,EQ,161.15,162.55,152.5,155.3,156.5,160.95,400345,62338736.5,21-DEC-2016,4909,INE039C01024,
JAYAGROGN,EQ,525.75,548.4,525.75,533.8,534.0,525.75,25981,13910913.2,21-DEC-2016,1325,INE785A01026,
JAYBARMARU,EQ,277.05,283.8,274.0,275.85,274.0,276.8,14056,3918938.55,21-DEC-2016,513,INE571B01028,
JAYNECOIND,EQ,7.0,7.35,7.0,7.05,7.0,7.0,11883,83900.0,21-DEC-2016,36,INE854B01010,
JAYSREETEA,EQ,94.35,95.0,93.55,93.95,94.0,93.8,20546,1932968.55,21-DEC-2016,431,INE364A01020,
JBCHEPHARM,EQ,340.0,344.2,336.25,341.75,342.85,339.65,38236,13007562.6,21-DEC-2016,1366,INE572A01028,
JBFIND,EQ,208.85,228.9,208.0,220.25,220.25,208.45,566468,125162360.7,21-DEC-2016,12097,INE187A01017,
JBMA,EQ,228.6,231.7,224.1,225.45,224.1,226.4,66122,15063728.4,21-DEC-2016,1428,INE927D01028,
JCHAC,EQ,1403.15,1438.0,1388.15,1423.8,1430.0,1416.65,8142,11560200.55,21-DEC-2016,1107,INE782A01015,
JENSONICOL,EQ,7.9,7.95,7.7,7.75,7.75,7.9,7457,58164.9,21-DEC-2016,37,INE819B01021,
JETAIRWAYS,EQ,353.0,355.4,348.65,350.05,348.7,351.85,870705,306407386.45,21-DEC-2016,18022,INE802G01018,
JHS,EQ,36.6,37.9,36.35,37.5,37.9,37.15,34075,1266448.5,21-DEC-2016,234,INE544H01014,
JINDALPHOT,EQ,84.0,84.95,80.3,80.75,80.35,82.1,3914,317904.55,21-DEC-2016,62,INE796G01012,
JINDALPOLY,EQ,336.7,338.8,328.4,333.45,332.6,335.5,11679,3909143.5,21-DEC-2016,603,INE197D01010,
JINDALSAW,EQ,57.6,59.65,57.05,57.3,57.15,57.2,403254,23571677.6,21-DEC-2016,2458,INE324A01024,
JINDALSTEL,EQ,72.85,73.0,71.6,71.75,71.85,71.95,3678700,265299520.0,21-DEC-2016,12213,INE749A01030,
JINDCOT,EQ,15.55,16.0,15.55,15.65,15.6,15.55,69797,1093771.65,21-DEC-2016,90,INE904J01016,
JINDRILL,EQ,166.85,174.8,166.85,169.9,170.1,166.35,62003,10620720.35,21-DEC-2016,1484,INE742C01031,
JINDWORLD,EQ,189.9,189.9,172.5,176.0,175.0,187.0,3343,598819.9,21-DEC-2016,162,INE247D01013,
JISLDVREQS,EQ,53.75,53.75,51.8,52.2,52.5,52.35,24456,1278491.4,21-DEC-2016,189,IN9175A01010,
JISLJALEQS,EQ,81.55,82.85,80.6,81.9,81.65,81.05,2459994,201644370.55,21-DEC-2016,10192,INE175A01038,
JKCEMENT,EQ,673.55,679.9,652.65,658.55,658.9,662.1,10868,7271164.35,21-DEC-2016,1152,INE823G01014,
JKIL,EQ,222.8,222.8,210.25,212.7,213.0,218.15,553648,119232322.45,21-DEC-2016,7031,INE576I01022,
JKLAKSHMI,EQ,338.4,343.0,335.15,340.35,342.0,338.05,37765,12857623.0,21-DEC-2016,1155,INE786A01032,
JKPAPER,EQ,87.9,89.25,86.0,87.2,87.25,87.0,254517,22224863.85,21-DEC-2016,1966,INE789E01012,
JKTYRE,EQ,110.9,113.9,109.4,111.95,112.4,111.6,886049,98499059.0,21-DEC-2016,10437,INE573A01042,
JMA,EQ,175.6,175.6,168.0,172.65,169.0,177.65,3566,609205.5,21-DEC-2016,77,INE412C01015,
JMCPROJECT,EQ,216.5,218.5,212.15,215.15,215.9,217.1,2850,612427.1,21-DEC-2016,114,INE890A01016,
JMFINANCIL,EQ,65.2,69.4,64.3,67.3,67.25,64.5,1661362,112220976.45,21-DEC-2016,9103,INE780C01023,
JMTAUTOLTD,EQ,20.5,20.85,20.0,20.25,20.2,20.4,113905,2311293.15,21-DEC-2016,232,INE988E01036,
JOCIL,EQ,164.05,165.0,162.2,164.15,165.0,163.9,1302,213629.3,21-DEC-2016,23,INE839G01010,
JPASSOCIAT,EQ,7.4,7.7,7.25,7.55,7.55,7.35,18274829,137788367.6,21-DEC-2016,8081,INE455F01025,
JPINFRATEC,EQ,7.4,7.45,7.25,7.25,7.25,7.35,342392,2512561.2,21-DEC-2016,362,INE099J01015,
JPOLYINVST,EQ,87.45,87.45,86.5,86.5,86.5,87.4,100,8659.5,21-DEC-2016,9,INE147P01019,
JPPOWER,EQ,3.85,4.0,3.8,3.9,3.9,3.85,1791247,6997554.7,21-DEC-2016,990,INE351F01018,
JSL,EQ,39.3,39.5,38.3,38.5,38.5,39.2,85344,3309998.85,21-DEC-2016,508,INE220G01021,
JSLHISAR,EQ,92.7,94.5,89.9,90.2,90.65,91.6,42138,3848147.5,21-DEC-2016,893,INE455T01018,
JSWENERGY,EQ,59.2,60.65,59.0,59.8,59.8,59.1,2836334,169627479.95,21-DEC-2016,9441,INE121E01018,
JSWHL,EQ,1348.0,1353.0,1332.1,1349.85,1338.0,1342.25,4601,6206066.8,21-DEC-2016,182,INE824G01012,
JSWSTEEL,EQ,1600.0,1605.9,1581.05,1586.2,1586.0,1591.6,390818,621322669.55,21-DEC-2016,17804,INE019A01020,
JUBILANT,EQ,608.9,619.8,598.0,605.6,599.95,598.3,717527,438326049.25,21-DEC-2016,25155,INE700A01033,
JUBLFOOD,EQ,831.0,848.0,814.0,819.05,814.3,830.4,409138,336407203.05,21-DEC-2016,17902,INE797F01012,
JUBLINDS,EQ,270.2,284.8,266.7,271.3,271.95,270.65,53569,14884958.2,21-DEC-2016,2031,INE645L01011,
JUNIORBEES,EQ,216.0,216.34,211.86,212.24,211.86,215.71,37219,7960532.0,21-DEC-2016,296,INF732E01045,
JUSTDIAL,EQ,351.0,351.0,341.0,344.9,345.8,353.05,1293126,446069647.05,21-DEC-2016,24974,INE599M01018,
JVLAGRO,EQ,17.15,17.3,17.0,17.15,17.1,17.1,4269,73083.0,21-DEC-2016,35,INE430G01026,
JYOTHYLAB,EQ,349.0,350.0,342.5,344.85,343.3,345.4,50127,17324534.85,21-DEC-2016,1486,INE668F01031,
JYOTISTRUC,EQ,11.85,12.0,10.95,11.05,11.1,10.3,2436506,27533825.9,21-DEC-2016,5542,INE197A01024,
KABRAEXTRU,EQ,109.3,110.75,106.8,107.95,108.0,109.7,4476,484387.3,21-DEC-2016,111,INE900B01029,
KAJARIACER,EQ,460.0,463.0,444.9,449.85,445.0,457.1,271401,122571492.4,21-DEC-2016,5638,INE217B01036,
KAKATCEM,EQ,240.0,244.7,236.0,237.6,239.45,236.85,17808,4272013.55,21-DEC-2016,612,INE437B01014,
KALINDEE,EQ,119.5,119.85,117.1,118.2,118.15,118.6,87756,10398065.75,21-DEC-2016,1134,INE178D01010,
KALPATPOWR,EQ,239.8,240.0,234.1,236.95,236.05,238.1,195107,46402672.2,21-DEC-2016,632,INE220B01022,
KALYANIFRG,BE,278.0,289.0,278.0,278.0,278.0,278.0,82,22851.0,21-DEC-2016,6,INE314G01014,
KAMATHOTEL,EQ,30.15,30.15,28.9,29.25,29.45,29.25,8988,263031.9,21-DEC-2016,452,INE967C01018,
KAMDHENU,EQ,70.35,72.65,70.3,70.8,70.5,70.6,13400,956086.0,21-DEC-2016,149,INE390H01012,
KANANIIND,EQ,17.7,17.85,16.75,16.9,17.0,17.0,28847,495302.3,21-DEC-2016,146,INE879E01037,
KANORICHEM,EQ,67.4,69.0,67.05,67.35,67.4,67.25,32728,2221148.0,21-DEC-2016,386,INE138C01024,
KANSAINER,EQ,332.45,332.45,320.6,322.85,321.0,329.2,51078,16661168.35,21-DEC-2016,1746,INE531A01024,
KARMAENG,EQ,48.35,51.85,47.5,51.85,51.85,47.15,18954,946781.15,21-DEC-2016,248,INE725L01011,
KARURVYSYA,EQ,84.5,84.7,82.85,83.55,83.55,84.3,294541,24626013.0,21-DEC-2016,3787,INE036D01028,
KAUSHALYA,EQ,4.6,4.85,4.6,4.85,4.85,4.6,2100,10135.0,21-DEC-2016,4,INE234I01010,
KAVVERITEL,EQ,10.85,12.6,10.8,11.55,11.65,10.85,15290,177491.75,21-DEC-2016,168,INE641C01019,
KAYA,EQ,678.95,678.95,655.1,661.1,662.0,668.2,4203,2782423.65,21-DEC-2016,633,INE587G01015,
KCP,EQ,83.6,84.6,82.8,83.85,84.0,83.3,27774,2324105.65,21-DEC-2016,278,INE805C01028,
KCPSUGIND,EQ,26.8,27.85,26.65,27.6,27.45,26.7,115087,3153466.25,21-DEC-2016,402,INE790B01024,
KDDL,EQ,210.0,210.05,196.55,202.15,203.0,204.5,5176,1043045.4,21-DEC-2016,287,INE291D01011,
KEC,EQ,137.85,138.6,135.75,137.95,138.05,137.25,91822,12605165.5,21-DEC-2016,1547,INE389H01022,
KECL,EQ,41.2,41.9,40.6,41.2,41.1,41.15,93885,3893498.7,21-DEC-2016,468,INE134B01017,
KEI,EQ,125.0,125.05,121.05,122.05,121.6,124.55,75617,9338429.45,21-DEC-2016,1146,INE878B01027,
KELLTONTEC,EQ,111.9,115.25,110.5,111.85,111.35,112.1,60722,6883949.95,21-DEC-2016,1172,INE164B01022,
KERNEX,BE,41.0,41.9,40.05,40.3,40.25,40.85,3721,150988.7,21-DEC-2016,31,INE202H01019,
KESARENT,EQ,38.35,38.4,36.65,37.8,37.9,36.85,1337,50453.15,21-DEC-2016,27,INE133B01019,
KESORAMIND,EQ,128.0,130.0,127.85,128.1,127.85,128.45,113407,14605438.3,21-DEC-2016,1145,INE087A01019,
KGL,EQ,1.6,1.65,1.55,1.65,1.65,1.6,116633,188651.2,21-DEC-2016,73,INE299C01024,
KHAITANELE,EQ,29.35,29.8,28.45,29.05,29.05,30.0,859,25068.7,21-DEC-2016,19,INE761A01019,
KHANDSE,EQ,17.9,18.0,17.9,18.0,18.0,17.85,250,4495.0,21-DEC-2016,2,INE060B01014,
KICL,EQ,1221.0,1239.95,1190.0,1199.05,1195.2,1223.0,1422,1721518.75,21-DEC-2016,345,INE029L01018,
KILITCH,EQ,38.1,38.1,37.05,37.05,37.05,37.25,410,15197.55,21-DEC-2016,15,INE729D01010,
KINGFA,EQ,825.0,849.9,801.0,834.2,830.0,834.15,3228,2667005.4,21-DEC-2016,285,INE473D01015,
KIRIINDUS,EQ,284.5,288.9,273.4,275.15,276.55,285.0,157352,44241049.15,21-DEC-2016,3627,INE415I01015,
KIRLOSBROS,EQ,169.75,171.0,168.0,168.4,169.5,167.85,9135,1551197.1,21-DEC-2016,342,INE732A01036,
KIRLOSENG,EQ,325.0,327.5,323.05,325.0,325.0,325.2,58609,19049164.05,21-DEC-2016,354,INE146L01010,
KIRLOSIND,EQ,801.05,853.45,801.05,828.2,837.0,823.0,31,25653.25,21-DEC-2016,8,INE250A01039,
KITEX,EQ,408.0,415.0,407.05,412.65,414.55,408.15,20792,8541074.0,21-DEC-2016,1297,INE602G01020,
KKCL,EQ,1809.0,1809.0,1750.0,1751.75,1750.0,1799.0,203,358342.85,21-DEC-2016,31,INE401H01017,
KMSUGAR,EQ,22.9,23.5,22.35,23.35,23.25,22.55,764910,17707151.8,21-DEC-2016,846,INE157H01023,
KNRCON,EQ,176.0,176.0,167.1,170.2,172.75,173.75,18873,3254358.1,21-DEC-2016,732,INE634I01029,
KOHINOOR,EQ,69.05,70.6,66.1,67.7,67.5,68.55,304002,20772735.75,21-DEC-2016,3184,INE080B01012,
KOKUYOCMLN,EQ,82.0,82.0,80.8,81.3,81.0,81.6,14659,1193821.55,21-DEC-2016,174,INE760A01029,
KOLTEPATIL,EQ,88.15,89.4,87.1,88.15,88.0,87.5,46442,4092035.1,21-DEC-2016,752,INE094I01018,
KOPRAN,EQ,52.5,53.8,52.1,52.9,52.75,52.1,212634,11269755.75,21-DEC-2016,2020,INE082A01010,
KOTAKBANK,EQ,717.1,726.5,717.1,719.8,720.0,718.35,1074562,773641467.15,21-DEC-2016,38032,INE237A01028,
KOTAKBKETF,EQ,183.93,184.23,183.21,183.52,183.51,183.36,24401,4485923.78,21-DEC-2016,21,INF174K01F59,
KOTAKGOLD,EQ,257.4,257.4,246.4,247.5,247.5,247.0,6171,1530717.1,21-DEC-2016,234,INF373I01049,
KOTAKNIFTY,EQ,821.0,821.0,815.35,817.5,817.77,820.02,7169,5870963.53,21-DEC-2016,109,INF174K01518,
KOTAKNV20,EQ,36.7,36.7,36.5,36.7,36.7,36.8,1016,37257.2,21-DEC-2016,6,INF174K01Z71,
KOTAKPSUBK,EQ,313.0,314.0,311.0,311.65,311.0,312.9,1448,451890.27,21-DEC-2016,38,INF373I01023,
KOTARISUG,EQ,13.6,13.6,12.9,12.95,13.1,13.3,22245,289959.45,21-DEC-2016,84,INE419A01022,
KOTHARIPET,EQ,21.1,23.25,20.85,21.15,21.15,20.95,18827,409334.55,21-DEC-2016,109,INE720A01015,
KOTHARIPRO,EQ,170.8,171.05,168.0,168.95,169.75,169.15,2186,369760.85,21-DEC-2016,114,INE823A01017,
KPIT,EQ,138.7,138.9,136.8,137.8,138.2,137.0,438748,60439004.25,21-DEC-2016,9958,INE836A01035,
KPRMILL,EQ,602.35,609.2,602.35,607.75,608.0,606.8,11310,6869194.6,21-DEC-2016,334,INE930H01023,
KRBL,EQ,291.75,291.75,285.0,286.5,286.05,288.9,32265,9305732.15,21-DEC-2016,1077,INE001B01026,
KREBSBIO,BE,87.4,87.4,87.4,87.4,87.4,92.0,210,18354.0,21-DEC-2016,2,INE268B01013,
KRIDHANINF,EQ,56.65,60.0,56.4,58.65,58.15,56.4,39327,2327992.05,21-DEC-2016,750,INE524L01026,
KSBPUMPS,EQ,601.7,601.8,592.4,597.35,592.4,595.65,1598,955562.0,21-DEC-2016,98,INE999A01015,
KSCL,EQ,399.0,403.8,393.3,397.8,399.8,397.85,444975,177223264.05,21-DEC-2016,9545,INE455I01029,
KSERASERA,EQ,0.2,0.2,0.15,0.2,0.2,0.15,318942,53738.4,21-DEC-2016,44,INE216D01026,
KSK,EQ,11.65,13.4,11.65,13.4,13.4,12.2,3263524,41385066.4,21-DEC-2016,3545,INE143H01015,
KSL,EQ,290.9,293.6,277.3,281.9,280.0,288.95,97801,28004825.85,21-DEC-2016,2386,INE907A01026,
KTIL,EQ,207.0,207.0,201.3,203.65,204.0,203.5,1221,248171.45,21-DEC-2016,115,INE096L01025,
KTKBANK,EQ,111.7,113.65,110.9,112.35,112.5,111.0,1804561,203204654.3,21-DEC-2016,15531,INE614B01018,
KWALITY,EQ,124.15,125.5,121.5,122.25,122.25,124.55,205661,25306385.8,21-DEC-2016,3509,INE775B01025,
L&TFH,EQ,82.9,83.7,81.7,82.25,82.25,82.5,3454624,286053588.5,21-DEC-2016,28444,INE498L01015,
LAKPRE,EQ,41.5,42.0,40.1,41.75,42.0,42.05,2567,105648.1,21-DEC-2016,34,INE651C01018,
LAKSHMIEFL,EQ,66.0,66.4,62.6,63.35,62.95,65.85,734502,47402549.4,21-DEC-2016,4180,INE992B01026,
LAKSHVILAS,EQ,141.0,143.8,141.0,141.6,141.25,142.65,54272,7709341.55,21-DEC-2016,824,INE694C01018,
LALPATHLAB,EQ,1033.0,1050.0,1023.35,1029.05,1025.05,1027.85,49469,51396261.85,21-DEC-2016,5661,INE600L01024,
LAMBODHARA,EQ,77.0,77.85,75.65,76.05,76.1,76.35,12903,984962.8,21-DEC-2016,173,INE112F01022,
LAOPALA,EQ,495.7,503.0,495.0,499.05,500.0,495.7,6908,3448937.3,21-DEC-2016,995,INE059D01020,
LAURUSLABS,EQ,474.0,480.0,470.0,473.4,474.1,473.7,924077,438039117.45,21-DEC-2016,29793,INE947Q01010,
LAXMIMACH,EQ,4016.95,4016.95,3960.0,3974.0,3960.0,3999.0,3091,12320013.3,21-DEC-2016,433,INE269B01029,
LCCINFOTEC,EQ,0.35,0.35,0.35,0.35,0.35,0.4,233,81.55,21-DEC-2016,1,INE938A01021,
LFIC,BE,56.0,56.0,56.0,56.0,56.0,53.8,150,8400.0,21-DEC-2016,1,INE850E01012,
LGBBROSLTD,EQ,591.35,591.65,575.0,575.8,575.05,576.65,4014,2325413.65,21-DEC-2016,295,INE337A01034,
LGBFORGE,EQ,5.9,5.95,5.6,5.7,5.7,5.7,38710,222052.2,21-DEC-2016,93,INE201J01017,
LIBERTSHOE,EQ,150.95,150.95,147.05,147.7,147.55,149.15,11954,1772048.6,21-DEC-2016,440,INE557B01019,
LICHSGFIN,EQ,548.05,548.7,542.25,543.25,542.7,546.0,1048319,571635678.9,21-DEC-2016,25521,INE115A01026,
LICNETFGSC,EQ,16.99,16.99,16.9,16.9,16.95,16.47,3378,57200.22,21-DEC-2016,7,INF767K01MV5,
LINCOLN,EQ,196.8,200.0,192.6,194.75,195.0,195.45,39617,7773036.05,21-DEC-2016,1208,INE405C01035,
LINCPEN,EQ,223.15,234.0,222.5,229.05,228.65,224.25,3733,854115.6,21-DEC-2016,88,INE802B01019,
LINDEINDIA,EQ,375.15,413.1,369.15,376.65,372.0,354.15,592692,232463694.85,21-DEC-2016,20013,INE473A01011,
LIQUIDBEES,EQ,999.99,1000.01,999.99,1000.0,1000.0,1000.0,831354,831353910.36,21-DEC-2016,3748,INF732E01037,
LITL,EQ,3.65,3.65,3.55,3.6,3.6,3.6,888511,3201207.0,21-DEC-2016,527,INE785C01048,
LLOYDELENG,EQ,261.2,264.75,250.9,251.9,252.65,259.05,117285,30066892.15,21-DEC-2016,2086,INE245C01019,
LML,EQ,12.1,12.35,11.95,12.0,12.15,12.0,90573,1098485.25,21-DEC-2016,281,INE862A01015,
LOKESHMACH,EQ,67.1,67.1,65.0,65.1,65.1,66.6,2202,143765.35,21-DEC-2016,56,INE397H01017,
LOTUSEYE,EQ,29.0,29.45,27.55,27.95,27.7,28.45,53619,1526926.95,21-DEC-2016,422,INE947I01017,
LOVABLE,EQ,232.7,232.7,228.55,229.8,229.0,230.95,12318,2848642.45,21-DEC-2016,725,INE597L01014,
LPDC,EQ,3.5,3.55,3.4,3.5,3.45,3.5,15867,54972.9,21-DEC-2016,22,INE197J01017,
LSIL,EQ,1.85,1.85,1.8,1.8,1.8,1.85,95784,173016.7,21-DEC-2016,26,INE093R01011,
LT,EQ,1358.2,1360.55,1340.0,1342.0,1341.6,1355.5,633483,852708086.65,21-DEC-2016,42709,INE018A01030,
LTI,EQ,681.0,683.9,677.0,680.6,682.2,680.3,32546,22155011.95,21-DEC-2016,2283,INE214T01019,
LTTS,EQ,792.25,800.0,784.0,786.55,784.0,790.15,10013,7891869.9,21-DEC-2016,1542,INE010V01017,
LUMAXIND,EQ,770.65,773.0,756.7,760.8,768.5,761.5,1499,1144622.75,21-DEC-2016,249,INE162B01018,
LUMAXTECH,EQ,403.0,427.0,388.1,421.1,426.0,397.7,74370,30113383.65,21-DEC-2016,2391,INE872H01019,
LUPIN,EQ,1459.0,1476.0,1445.0,1465.15,1466.0,1449.25,595663,870336457.7,21-DEC-2016,57923,INE326A01037,
LUXIND,EQ,736.45,752.05,732.5,745.25,748.0,736.0,11963,8853856.1,21-DEC-2016,166,INE150G01020,
LYCOS,EQ,8.45,8.7,8.3,8.35,8.4,8.4,705209,5937315.5,21-DEC-2016,1718,INE425B01027,
LYKALABS,EQ,56.5,57.75,55.6,55.9,56.0,56.25,16969,958264.5,21-DEC-2016,273,INE933A01014,
LYPSAGEMS,EQ,57.0,57.2,56.0,56.5,56.5,56.5,23677,1340604.0,21-DEC-2016,266,INE142K01011,
M&M,EQ,1186.0,1204.7,1175.0,1190.45,1185.1,1178.6,838016,1000521470.65,21-DEC-2016,50778,INE101A01026,
M&MFIN,EQ,252.0,260.0,250.15,256.35,256.0,250.45,1247737,319377048.8,21-DEC-2016,17389,INE774D01024,
M100,EQ,14.94,14.98,14.85,14.95,14.98,14.9,13201,197319.38,21-DEC-2016,28,INF247L01023,
M50,EQ,76.2,77.15,76.2,77.15,77.15,76.22,1607,123020.79,21-DEC-2016,42,INF247L01536,
MAANALU,EQ,78.95,80.65,75.3,79.3,79.95,77.85,3688,292456.55,21-DEC-2016,38,INE215I01019,
MADHAV,EQ,47.5,48.95,47.25,48.35,48.8,47.8,1761,84040.2,21-DEC-2016,49,INE925C01016,
MADHUCON,EQ,37.7,38.05,36.75,37.0,37.0,37.95,15715,589042.0,21-DEC-2016,146,INE378D01032,
MADRASFERT,EQ,13.85,14.1,13.7,13.8,13.85,13.8,30834,428005.4,21-DEC-2016,91,INE414A01015,
MAGMA,EQ,104.9,105.55,103.55,104.1,104.0,104.55,51551,5381676.9,21-DEC-2016,442,INE511C01022,
MAGNUM,EQ,3.85,3.85,3.85,3.85,3.85,3.9,400,1540.0,21-DEC-2016,1,INE387I01016,
MAHABANK,EQ,29.3,29.75,29.0,29.15,29.25,29.3,57243,1682717.0,21-DEC-2016,435,INE457A01014,
MAHASTEEL,EQ,156.0,160.0,150.3,152.8,151.5,156.7,4026,625375.7,21-DEC-2016,167,INE451L01014,
MAHINDCIE,EQ,182.0,184.9,181.75,182.95,184.4,182.9,21817,3994071.5,21-DEC-2016,1912,INE536H01010,
MAHLIFE,EQ,355.0,363.95,349.0,351.85,351.0,356.15,5649,1990200.7,21-DEC-2016,407,INE813A01018,
MAHSCOOTER,EQ,1520.65,1568.9,1520.0,1553.6,1543.3,1527.05,1863,2879022.55,21-DEC-2016,348,INE288A01013,
MAHSEAMLES,EQ,234.25,234.95,228.45,228.95,229.0,230.8,17442,4032798.55,21-DEC-2016,537,INE271B01025,
MAITHANALL,EQ,276.6,309.25,276.6,300.65,298.15,282.25,118370,35224778.75,21-DEC-2016,3892,INE683C01011,
MAJESCO,EQ,398.0,401.3,393.0,394.65,395.0,394.05,29615,11748623.15,21-DEC-2016,1330,INE898S01029,
MALUPAPER,EQ,27.6,28.8,26.7,27.8,27.7,27.8,27929,767547.15,21-DEC-2016,241,INE383H01017,
MANAKALUCO,EQ,5.8,5.8,5.45,5.45,5.45,5.7,11099,61751.8,21-DEC-2016,34,INE859Q01017,
MANAKCOAT,EQ,7.5,7.5,7.1,7.35,7.45,7.15,3333,24260.8,21-DEC-2016,24,INE830Q01018,
MANAKINDST,EQ,13.5,13.5,13.05,13.05,13.05,13.35,2790,37369.5,21-DEC-2016,6,INE831Q01016,
MANAKSIA,EQ,54.3,54.45,53.6,53.6,53.6,54.75,374,20289.7,21-DEC-2016,20,INE015D01022,
MANAKSTEEL,EQ,8.85,8.9,8.85,8.9,8.9,8.7,748,6652.2,21-DEC-2016,6,INE824Q01011,
MANALIPETC,EQ,34.05,35.1,33.75,34.25,34.3,33.9,169860,5835513.1,21-DEC-2016,1072,INE201A01024,
MANAPPURAM,EQ,60.7,63.6,58.5,62.25,62.6,60.3,6884032,417411511.55,21-DEC-2016,25145,INE522D01027,
MANDHANA,EQ,34.5,35.7,33.35,33.35,33.35,37.05,3174550,109251607.95,21-DEC-2016,13363,INE087J01010,
MANGALAM,EQ,136.55,138.0,133.8,134.3,133.8,135.55,22677,3062692.4,21-DEC-2016,452,INE584F01014,
MANGCHEFER,EQ,43.5,44.5,42.7,43.05,43.75,43.5,10245,443294.1,21-DEC-2016,114,INE558B01017,
MANGLMCEM,EQ,249.7,255.0,249.0,251.9,252.7,248.4,10972,2766349.65,21-DEC-2016,629,INE347A01017,
MANGTIMBER,EQ,31.15,31.85,29.8,29.95,29.9,31.45,15480,470487.7,21-DEC-2016,202,INE805B01012,
MANINDS,EQ,46.15,47.95,45.45,46.4,46.35,44.9,790706,36939169.15,21-DEC-2016,4406,INE993A01026,
MANINFRA,EQ,38.4,39.4,38.0,38.65,38.55,38.05,338232,13106696.05,21-DEC-2016,1493,INE949H01023,
MANPASAND,EQ,545.9,553.8,532.0,547.4,552.5,539.0,97743,53185905.8,21-DEC-2016,4927,INE122R01018,
MANUGRAPH,EQ,46.6,46.6,45.1,45.3,45.15,45.3,9391,429019.35,21-DEC-2016,34,INE867A01022,
MARALOVER,EQ,29.7,29.95,26.55,29.15,29.45,28.85,9105,257811.3,21-DEC-2016,103,INE882A01013,
MARATHON,EQ,209.9,209.95,203.75,206.85,209.95,206.1,202,41784.9,21-DEC-2016,4,INE182D01012,
MARICO,EQ,251.0,251.8,248.1,249.0,248.25,251.15,843728,211066055.0,21-DEC-2016,20599,INE196A01026,
MARKSANS,EQ,41.35,42.0,40.65,41.0,40.95,40.95,746234,30753707.35,21-DEC-2016,3757,INE750C01026,
MARUTI,EQ,5119.4,5160.0,5073.55,5137.85,5159.65,5108.0,413072,2119486223.9,21-DEC-2016,48389,INE585B01010,
MASTEK,EQ,176.0,181.45,174.0,175.95,175.1,176.1,338588,60097990.95,21-DEC-2016,6501,INE759A01021,
MAWANASUG,EQ,43.65,43.95,42.0,42.25,42.6,44.0,41995,1807343.45,21-DEC-2016,181,INE636A01039,
MAXINDIA,EQ,139.1,142.0,139.1,141.3,142.0,140.75,21807,3072221.95,21-DEC-2016,551,INE153U01017,
MAXVIL,EQ,60.3,60.85,59.25,59.9,60.1,60.05,140280,8419794.35,21-DEC-2016,796,INE154U01015,
MAYURUNIQ,EQ,350.6,353.95,348.8,350.15,350.0,351.8,10785,3778966.25,21-DEC-2016,419,INE040D01038,
MAZDA,EQ,329.9,329.95,313.0,314.9,313.0,321.7,450,144126.15,21-DEC-2016,26,INE885E01034,
MBECL,EQ,53.4,56.65,53.4,54.4,54.1,53.6,15779,869104.55,21-DEC-2016,210,INE748A01016,
MBLINFRA,EQ,60.4,60.4,60.4,60.4,60.4,63.55,78724,4754929.6,21-DEC-2016,447,INE912H01013,
MCDHOLDING,EQ,40.5,41.05,38.55,39.8,39.5,40.2,36740,1470556.5,21-DEC-2016,455,INE836H01014,
MCDOWELL-N,EQ,1913.0,1936.0,1882.25,1899.75,1884.05,1913.55,139790,267687125.0,21-DEC-2016,10469,INE854D01016,
MCLEODRUSS,EQ,146.8,148.1,143.9,146.25,145.8,145.95,870274,127015979.65,21-DEC-2016,11791,INE942G01012,
MCX,EQ,1280.5,1285.95,1260.25,1265.0,1261.15,1274.55,116782,148365483.0,21-DEC-2016,8226,INE745G01035,
MEGASOFT,EQ,19.9,19.95,19.1,19.2,19.2,19.7,70930,1371274.65,21-DEC-2016,473,INE933B01012,
MEGH,EQ,39.55,39.55,38.7,38.8,38.85,39.15,272620,10604017.65,21-DEC-2016,1161,INE974H01013,
MENONBE,EQ,74.6,77.1,74.0,74.55,75.6,74.45,15785,1193466.5,21-DEC-2016,392,INE071D01033,
MEP,EQ,36.55,36.8,35.6,35.95,36.05,36.6,75181,2717788.1,21-DEC-2016,536,INE776I01010,
MERCATOR,EQ,40.0,40.8,39.1,40.2,40.35,40.0,896875,35659546.2,21-DEC-2016,2915,INE934B01028,
MERCK,EQ,1000.5,1015.0,978.0,988.15,985.9,994.8,19372,19352702.7,21-DEC-2016,2150,INE199A01012,
METALFORGE,EQ,61.85,62.5,58.0,59.35,59.4,60.7,79486,4784319.4,21-DEC-2016,1089,INE425A01011,
METKORE,EQ,2.8,2.8,2.8,2.8,2.8,2.8,380,1064.0,21-DEC-2016,1,INE592I01029,
MFSL,EQ,549.5,550.4,532.55,536.35,534.0,543.05,82494,44572062.8,21-DEC-2016,6762,INE180A01020,
MGL,EQ,789.65,789.9,770.15,777.1,773.9,784.75,106355,83433325.85,21-DEC-2016,5293,INE002S01010,
MHRIL,EQ,404.8,404.8,395.05,396.4,395.05,399.55,11252,4511769.85,21-DEC-2016,855,INE998I01010,
MIC,EQ,16.75,16.75,15.2,15.35,15.35,16.75,3206080,50469108.3,21-DEC-2016,8125,INE287C01029,
MIDCAPIWIN,EQ,50.75,51.01,50.75,51.01,51.01,51.51,15,762.55,21-DEC-2016,2,INF109KB1XT3,
MINDACORP,EQ,94.0,94.0,91.05,91.5,91.85,92.0,42023,3877110.25,21-DEC-2016,1330,INE842C01021,
MINDAIND,EQ,308.0,318.95,308.0,317.35,318.9,312.9,40614,12777021.3,21-DEC-2016,1288,INE405E01023,
MINDTECK,EQ,87.3,91.5,86.35,87.3,87.0,87.1,25419,2257251.55,21-DEC-2016,410,INE110B01017,
MINDTREE,EQ,496.0,499.0,490.5,493.95,494.95,494.1,158414,78456259.65,21-DEC-2016,8571,INE018I01017,
MIRCELECTR,EQ,13.9,13.9,13.4,13.5,13.5,13.75,149064,2029664.15,21-DEC-2016,381,INE831A01028,
MIRZAINT,EQ,86.75,87.0,84.65,84.95,85.0,86.0,126971,10891051.75,21-DEC-2016,1222,INE771A01026,
MMFL,EQ,447.2,456.85,443.25,448.45,453.0,445.85,2335,1048056.45,21-DEC-2016,152,INE227C01017,
MMTC,EQ,49.5,50.4,48.7,48.85,48.75,49.35,729723,36112713.25,21-DEC-2016,3766,INE123F01029,
MOHITIND,EQ,29.15,30.3,29.0,29.3,29.3,29.45,6323,186515.05,21-DEC-2016,103,INE954E01012,
MOIL,EQ,362.95,367.9,361.7,364.4,363.95,357.8,352140,128430077.95,21-DEC-2016,7618,INE490G01020,
MOLDTECH,EQ,43.75,45.0,43.75,44.95,45.0,44.35,16486,740569.15,21-DEC-2016,70,INE835B01035,
MOLDTKPAC,EQ,199.0,199.0,190.5,191.6,191.95,194.85,13566,2621800.2,21-DEC-2016,903,INE893J01029,
MONNETISPA,EQ,21.25,21.65,21.2,21.3,21.2,21.2,30701,654247.65,21-DEC-2016,174,INE743C01013,
MONSANTO,EQ,2250.0,2265.0,2250.0,2254.95,2258.0,2257.0,4738,10692687.3,21-DEC-2016,810,INE274B01011,
MONTECARLO,EQ,396.6,399.95,388.4,394.25,392.7,395.4,12415,4899740.35,21-DEC-2016,860,INE950M01013,
MORARJEE,EQ,50.35,53.45,50.35,50.8,50.9,50.85,17487,904452.6,21-DEC-2016,217,INE161G01027,
MOREPENLAB,EQ,21.35,21.35,20.75,20.9,20.85,21.05,467107,9805770.35,21-DEC-2016,2503,INE083A01026,
MOSERBAER,EQ,6.8,6.85,6.7,6.75,6.7,6.8,106053,717122.8,21-DEC-2016,210,INE739A01015,
MOTHERSUMI,EQ,319.7,324.9,317.0,322.5,323.25,318.95,1450350,466100952.0,21-DEC-2016,37941,INE775A01035,
MOTILALOFS,EQ,518.5,571.8,516.45,558.1,556.5,513.35,525606,291872827.45,21-DEC-2016,16860,INE338I01027,
MOTOGENFIN,BE,34.9,34.9,33.25,34.85,34.85,34.95,202,6719.75,21-DEC-2016,7,INE861B01015,
MPHASIS,EQ,565.9,571.9,542.2,556.2,566.0,566.2,194892,109850878.85,21-DEC-2016,8870,INE356A01018,
MPSLTD,EQ,678.05,698.0,678.05,685.35,685.0,685.4,2994,2056310.55,21-DEC-2016,148,INE943D01017,
MRF,EQ,50188.0,50188.0,48800.0,48855.15,48915.0,49825.3,11398,559399511.8,21-DEC-2016,7716,INE883A01011,
MRO-TEK,EQ,60.65,67.8,60.15,65.25,65.5,61.65,189581,12412552.15,21-DEC-2016,2434,INE398B01018,
MRPL,EQ,93.1,93.45,92.0,92.35,92.0,92.6,411278,38152799.3,21-DEC-2016,2991,INE103A01014,
MSPL,EQ,12.05,12.95,12.05,12.9,12.95,12.5,2261,28634.7,21-DEC-2016,17,INE752G01015,
MTEDUCARE,EQ,116.5,116.5,111.55,113.2,112.0,114.1,55513,6318735.7,21-DEC-2016,1936,INE472M01018,
MTNL,EQ,19.4,19.4,18.8,19.0,19.0,19.0,456565,8736808.2,21-DEC-2016,1596,INE153A01019,
MUKANDENGG,EQ,32.6,33.6,32.55,32.6,32.55,32.5,2391,79004.1,21-DEC-2016,28,INE022B01014,
MUKANDLTD,EQ,51.9,52.25,51.1,51.25,51.2,51.05,7488,386619.25,21-DEC-2016,124,INE304A01026,
MUKTAARTS,EQ,86.95,87.5,85.3,86.05,86.5,86.65,11553,996104.45,21-DEC-2016,259,INE374B01019,
MUNJALAU,EQ,92.45,92.45,88.1,90.6,89.65,90.65,19088,1725609.55,21-DEC-2016,523,INE672B01032,
MUNJALSHOW,EQ,189.05,190.0,187.0,188.3,188.5,189.6,14252,2686895.9,21-DEC-2016,542,INE577A01027,
MURUDCERA,EQ,29.1,29.2,28.4,28.5,28.65,28.85,24228,694058.6,21-DEC-2016,143,INE692B01014,
MUTHOOTCAP,EQ,206.1,217.95,205.5,205.95,205.5,211.1,3848,797491.05,21-DEC-2016,110,INE296G01013,
MUTHOOTFIN,EQ,266.85,277.95,264.0,268.1,268.0,266.85,339711,91924810.05,21-DEC-2016,12196,INE414G01012,
MVL,EQ,0.55,0.6,0.55,0.6,0.6,0.55,1066390,636814.0,21-DEC-2016,193,INE744I01034,
MYSOREBANK,EQ,550.0,553.55,546.05,547.75,546.15,547.95,4044,2222665.65,21-DEC-2016,520,INE651A01020,
N100,EQ,363.99,365.99,353.51,357.87,357.0,362.99,1083,389386.63,21-DEC-2016,100,INF247L01031,
NAGAFERT,BE,9.0,9.2,8.95,9.05,9.1,9.0,123211,1112454.7,21-DEC-2016,153,INE454M01024,
NAGAROIL,EQ,4.9,4.95,4.7,4.75,4.75,4.85,273759,1312670.75,21-DEC-2016,286,INE453M01018,
NAGREEKCAP,EQ,11.25,11.25,11.25,11.25,11.25,11.3,2,22.5,21-DEC-2016,1,INE245I01016,
NAGREEKEXP,EQ,32.6,34.3,32.5,33.0,33.0,33.05,2529,82616.15,21-DEC-2016,30,INE123B01028,
NAHARCAP,EQ,90.2,92.9,90.2,91.85,92.8,93.15,1937,177268.7,21-DEC-2016,29,INE049I01012,
NAHARINDUS,EQ,109.8,110.0,106.1,106.75,106.2,107.9,66545,7179682.15,21-DEC-2016,885,INE289A01011,
NAHARPOLY,EQ,57.5,59.3,56.5,56.85,57.05,57.9,26241,1511393.2,21-DEC-2016,312,INE308A01027,
NAHARSPING,EQ,118.15,125.0,118.15,122.15,121.5,118.9,86017,10611174.7,21-DEC-2016,1546,INE290A01027,
NAKODA,EQ,0.45,0.5,0.45,0.5,0.5,0.45,21447,9932.1,21-DEC-2016,22,INE559B01023,
NATCOPHARM,EQ,588.0,599.7,584.75,595.5,597.0,589.1,186360,110373100.8,21-DEC-2016,4915,INE987B01026,
NATHBIOGEN,EQ,153.0,158.9,152.95,153.8,154.55,152.15,41519,6474963.75,21-DEC-2016,1278,INE448G01010,
NATIONALUM,EQ,59.45,60.4,59.1,59.45,59.4,59.3,1433107,85631388.1,21-DEC-2016,9405,INE139A01034,
NATNLSTEEL,BE,17.6,18.9,17.6,18.3,18.45,18.45,4558,83939.6,21-DEC-2016,30,INE088B01015,
NAUKRI,EQ,846.95,849.0,820.15,826.05,829.0,838.6,53354,44426519.95,21-DEC-2016,3164,INE663F01024,
NAVINFLUOR,EQ,2486.0,2564.0,2486.0,2511.5,2502.05,2493.7,5742,14468198.2,21-DEC-2016,1105,INE048G01018,
NAVKARCORP,EQ,171.4,174.0,167.05,167.95,167.95,170.3,29030,4934307.95,21-DEC-2016,1009,INE278M01019,
NAVNETEDUL,EQ,111.55,111.8,110.1,110.6,110.4,110.6,19021,2111662.55,21-DEC-2016,388,INE060A01024,
NBCC,EQ,230.0,230.0,226.0,226.65,226.5,228.7,288804,65899311.5,21-DEC-2016,6009,INE095N01023,
NBVENTURES,EQ,115.3,118.3,114.7,115.5,115.25,115.15,76535,8897661.3,21-DEC-2016,613,INE725A01022,
NCC,EQ,81.95,82.1,80.25,80.9,80.95,81.0,1466703,119341695.7,21-DEC-2016,8014,INE868B01028,
NCLIND,EQ,112.95,113.8,109.85,110.15,109.9,111.5,21262,2357969.15,21-DEC-2016,374,INE732C01016,
NDGL,EQ,375.4,375.4,375.4,375.4,375.4,375.7,8,3003.2,21-DEC-2016,1,INE756C01015,
NDL,EQ,111.7,113.4,109.5,111.7,111.6,109.45,10745,1196597.55,21-DEC-2016,261,INE875G01030,
NDTV,EQ,71.65,73.0,71.0,71.7,71.75,70.75,11434,819432.85,21-DEC-2016,230,INE155G01029,
NECCLTD,EQ,37.15,38.35,37.15,37.6,37.6,36.75,9076,339876.4,21-DEC-2016,23,INE553C01016,
NECLIFE,EQ,34.2,35.0,33.8,34.05,34.05,33.9,327585,11238684.6,21-DEC-2016,2371,INE023H01027,
NELCAST,EQ,52.9,52.9,51.5,51.85,51.8,52.4,7157,372571.3,21-DEC-2016,86,INE189I01024,
NELCO,EQ,82.0,82.0,79.5,80.45,81.4,79.4,229705,18489600.3,21-DEC-2016,2764,INE045B01015,
NEPCMICON,BE,1.55,1.55,1.55,1.55,1.55,1.6,900,1395.0,21-DEC-2016,3,INE588A01016,
NESCO,EQ,1937.35,1975.05,1883.3,1892.35,1890.0,1929.65,2603,4969647.2,21-DEC-2016,445,INE317F01027,
NESTLEIND,EQ,5916.0,5949.55,5820.0,5846.45,5866.2,5917.95,53140,312280991.35,21-DEC-2016,10275,INE239A01016,
NETWORK18,EQ,35.3,35.7,33.65,33.8,33.9,35.35,976307,33518208.1,21-DEC-2016,3889,INE870H01013,
NEULANDLAB,EQ,1034.75,1035.0,981.05,996.75,989.0,1015.1,4475,4495821.6,21-DEC-2016,589,INE794A01010,
NEXTMEDIA,EQ,18.25,18.95,18.1,18.5,18.4,18.75,15475,288371.35,21-DEC-2016,76,INE747B01016,
NFL,EQ,34.15,35.5,33.9,34.1,34.1,34.25,229415,7921641.2,21-DEC-2016,860,INE870D01012,
NH,EQ,337.45,339.05,330.0,333.2,330.15,333.25,14338,4807387.55,21-DEC-2016,464,INE410P01011,
NHPC,EQ,27.1,27.6,26.6,27.1,27.15,26.95,5331893,145165889.2,21-DEC-2016,6733,INE848E01016,
NIBL,EQ,35.0,35.6,33.8,34.0,34.0,35.45,5946,206154.3,21-DEC-2016,48,INE047O01014,
NICCO,BE,0.3,0.4,0.3,0.4,0.4,0.35,1543,612.9,21-DEC-2016,3,INE241C01026,
NIF100IWIN,EQ,86.9,86.9,86.4,86.4,86.4,86.5,126,10921.6,21-DEC-2016,13,INF109KA1962,
NIFTYBEES,EQ,826.97,829.0,824.1,825.27,824.58,826.2,14553,12042969.03,21-DEC-2016,658,INF732E01011,
NIFTYIWIN,EQ,82.0,85.0,82.0,82.12,82.15,82.35,19625,1618397.54,21-DEC-2016,1198,INF109K012R6,
NIITLTD,EQ,81.45,81.5,79.55,79.9,79.7,80.4,171973,13843560.6,21-DEC-2016,1405,INE161A01038,
NIITTECH,EQ,431.0,440.7,426.45,433.15,434.2,428.85,294184,128075716.95,21-DEC-2016,11775,INE591G01017,
NILAINFRA,EQ,13.2,13.25,12.95,13.0,13.0,13.15,64857,846606.2,21-DEC-2016,84,INE937C01029,
NILKAMAL,EQ,1295.9,1295.9,1271.25,1278.05,1274.0,1294.9,24527,31434048.0,21-DEC-2016,1314,INE310A01015,
NIPPOBATRY,EQ,1054.95,1054.95,1020.0,1026.4,1026.0,1029.05,704,726293.5,21-DEC-2016,104,INE567A01010,
NITCO,EQ,51.15,51.85,50.2,50.45,50.4,51.3,66274,3371843.85,21-DEC-2016,590,INE858F01012,
NITESHEST,EQ,9.9,9.9,9.65,9.75,9.65,9.75,42823,418941.6,21-DEC-2016,105,INE639K01016,
NITINFIRE,EQ,25.6,25.6,25.05,25.1,25.15,25.4,460822,11608681.35,21-DEC-2016,921,INE489H01020,
NITINSPIN,EQ,71.45,73.7,69.35,69.7,69.4,69.65,31546,2212468.15,21-DEC-2016,398,INE229H01012,
NLCINDIA,EQ,75.45,75.95,75.05,75.6,75.8,75.45,34119,2578470.0,21-DEC-2016,681,INE589A01014,
NMDC,EQ,126.4,127.2,125.2,125.9,125.8,125.8,1171667,147956496.7,21-DEC-2016,8877,INE584A01023,
NOCIL,EQ,69.6,69.95,67.8,68.2,67.95,69.4,281660,19349830.25,21-DEC-2016,3041,INE163A01018,
NOIDATOLL,EQ,13.9,14.0,13.55,13.6,13.6,13.9,324576,4442796.55,21-DEC-2016,665,INE781B01015,
NORBTEAEXP,BE,10.2,10.2,9.9,9.9,9.9,10.4,1000,10050.0,21-DEC-2016,3,INE369C01017,
NRBBEARING,EQ,109.05,109.2,106.15,106.75,108.3,109.05,9063,977079.65,21-DEC-2016,270,INE349A01021,
NSIL,EQ,740.05,760.0,738.7,748.65,760.0,760.0,314,234553.35,21-DEC-2016,51,INE023A01030,
NTPC,EQ,162.35,164.9,161.05,163.65,163.65,161.85,3199020,522563889.1,21-DEC-2016,40773,INE733E01010,
NUCLEUS,EQ,264.4,273.25,263.0,266.05,265.8,261.75,290185,77779896.35,21-DEC-2016,6582,INE096B01018,
NUTEK,EQ,0.85,0.85,0.8,0.8,0.8,0.85,45329,36413.2,21-DEC-2016,23,INE318J01027,
NV20IWIN,EQ,36.74,36.78,36.74,36.78,36.78,37.19,468,17212.08,21-DEC-2016,3,INF109KB1WY5,
OBEROIRLTY,EQ,307.9,310.85,301.0,302.55,303.05,306.35,30742,9388726.25,21-DEC-2016,1324,INE093I01010,
OCCL,EQ,788.0,795.85,780.0,782.95,783.95,788.0,5068,3991008.3,21-DEC-2016,283,INE321D01016,
OCL,EQ,705.25,720.0,696.0,699.15,701.75,708.4,5117,3594174.9,21-DEC-2016,433,INE290B01025,
OFSS,EQ,3137.0,3209.0,3137.0,3179.2,3180.0,3159.3,58366,185823401.0,21-DEC-2016,8256,INE881D01027,
OIL,EQ,440.0,443.4,437.2,439.8,438.05,437.25,433025,191056069.1,21-DEC-2016,26978,INE274J01014,
OILCOUNTUB,EQ,37.75,39.55,37.2,39.15,39.35,37.7,217594,8421657.1,21-DEC-2016,1972,INE591A01010,
OISL,EQ,6.0,6.15,5.85,6.0,6.0,6.0,119000,713443.0,21-DEC-2016,71,INE196J01019,
OMAXAUTO,EQ,71.8,73.0,70.55,72.25,72.25,71.5,11074,796155.7,21-DEC-2016,150,INE090B01011,
OMAXE,EQ,159.2,162.1,158.95,160.45,160.45,158.9,231476,37233636.85,21-DEC-2016,1897,INE800H01010,
OMKARCHEM,EQ,163.0,164.6,156.55,157.2,157.25,163.3,102013,16313856.4,21-DEC-2016,1491,INE474L01016,
OMMETALS,EQ,44.0,44.65,43.05,43.45,43.25,43.7,21590,939798.35,21-DEC-2016,254,INE239D01028,
ONELIFECAP,EQ,23.5,23.5,22.25,22.7,22.75,22.5,2294,52266.2,21-DEC-2016,51,INE912L01015,
ONGC,EQ,200.6,202.35,199.65,201.5,201.7,199.85,4699901,947255101.35,21-DEC-2016,52855,INE213A01029,
ONMOBILE,EQ,85.9,86.25,84.25,84.7,85.0,85.35,258490,22044652.9,21-DEC-2016,1881,INE809I01019,
ONWARDTEC,EQ,63.9,66.0,62.2,63.05,63.45,61.65,6428,408745.0,21-DEC-2016,123,INE229A01017,
OPTOCIRCUI,EQ,11.65,11.65,10.35,10.5,10.5,11.15,4670005,50212303.0,21-DEC-2016,6445,INE808B01016,
ORBITCORP,EQ,4.45,4.5,4.35,4.4,4.45,4.45,34969,155189.5,21-DEC-2016,97,INE628H01015,
ORBTEXP,EQ,267.4,268.7,263.1,264.5,266.15,263.35,31789,8443998.8,21-DEC-2016,177,INE231G01010,
ORCHIDPHAR,EQ,28.5,29.0,28.4,28.55,28.55,28.55,181049,5188417.8,21-DEC-2016,1010,INE191A01019,
ORICONENT,EQ,50.35,52.35,50.25,50.45,50.8,50.7,82352,4238572.45,21-DEC-2016,702,INE730A01022,
ORIENTABRA,EQ,32.0,33.0,32.0,32.1,32.25,32.25,5352,172981.45,21-DEC-2016,50,INE569C01020,
ORIENTALTL,EQ,5.75,5.75,5.75,5.75,5.75,6.05,2897,16657.75,21-DEC-2016,9,INE998H01012,
ORIENTBANK,EQ,111.6,112.1,110.0,110.25,110.6,110.8,1616684,179325365.95,21-DEC-2016,10814,INE141A01014,
ORIENTBELL,EQ,147.7,152.05,147.7,150.2,151.0,147.6,14336,2156250.05,21-DEC-2016,193,INE607D01018,
ORIENTCEM,EQ,123.6,125.75,120.1,124.5,124.0,120.1,212490,26461392.55,21-DEC-2016,2105,INE876N01018,
ORIENTHOT,EQ,22.75,22.75,21.9,22.05,22.0,22.05,18131,399466.1,21-DEC-2016,69,INE750A01020,
ORIENTPPR,EQ,72.5,72.5,70.5,71.45,71.45,71.7,101276,7233925.35,21-DEC-2016,1108,INE592A01026,
ORIENTREF,EQ,113.0,116.25,110.9,115.4,115.5,113.2,8397,965311.7,21-DEC-2016,244,INE743M01012,
ORISSAMINE,EQ,2148.0,2153.0,2100.0,2110.15,2100.05,2122.95,2091,4443520.15,21-DEC-2016,648,INE725E01024,
ORTEL,EQ,128.0,129.4,124.1,125.9,125.0,130.0,2490,312453.3,21-DEC-2016,135,INE849L01019,
ORTINLABSS,EQ,20.55,21.6,20.4,21.05,21.15,20.85,30372,639510.2,21-DEC-2016,618,INE749B01012,
OUDHSUG,EQ,93.55,94.5,92.2,92.55,92.95,93.4,42732,3970979.25,21-DEC-2016,632,INE594A01014,
PAEL,EQ,11.35,11.35,11.35,11.35,11.35,11.35,196,2224.6,21-DEC-2016,2,INE766A01018,
PAGEIND,EQ,13526.05,13800.75,13360.5,13725.3,13780.95,13392.15,5802,79105343.9,21-DEC-2016,2203,INE761H01022,
PALREDTEC,EQ,107.0,110.0,102.0,105.95,105.5,107.15,7676,814707.75,21-DEC-2016,250,INE218G01033,
PANACEABIO,EQ,119.95,122.3,118.1,119.95,121.0,118.05,37228,4473635.6,21-DEC-2016,720,INE922B01023,
PANAMAPET,EQ,84.0,85.5,82.0,84.6,84.6,84.5,6035,503761.85,21-DEC-2016,90,INE305C01029,
PANORAMUNI,EQ,9.8,10.2,9.7,9.85,9.85,10.1,6269,61997.9,21-DEC-2016,35,INE194B01029,
PAPERPROD,EQ,239.4,239.4,233.9,236.0,236.0,234.8,4009,945425.9,21-DEC-2016,158,INE275B01026,
PARABDRUGS,EQ,8.2,8.3,8.1,8.15,8.15,8.15,49272,404254.1,21-DEC-2016,58,INE618H01016,
PARACABLES,EQ,3.1,3.3,3.1,3.15,3.2,3.15,21633,68833.1,21-DEC-2016,57,INE074B01023,
PARAGMILK,EQ,256.4,262.9,256.4,258.4,257.75,257.05,182582,47534727.9,21-DEC-2016,1107,INE883N01014,
PARRYSUGAR,EQ,39.5,41.7,39.4,40.0,40.0,39.95,7240,292444.55,21-DEC-2016,81,INE353B01021,
PARSVNATH,EQ,12.8,13.05,12.5,12.9,13.0,12.75,87800,1128692.0,21-DEC-2016,320,INE561H01026,
PATELENG,EQ,77.5,79.3,76.65,77.0,76.95,77.25,481701,37385173.8,21-DEC-2016,3227,INE244B01030,
PATINTLOG,EQ,71.55,75.5,71.55,74.35,75.0,72.6,40477,2998385.85,21-DEC-2016,422,INE529D01014,
PATSPINLTD,EQ,10.7,10.7,9.85,10.05,10.25,9.9,2902,29253.2,21-DEC-2016,22,INE790C01014,
PBAINFRA,EQ,20.3,21.75,20.3,20.65,21.0,21.25,4278,89707.3,21-DEC-2016,56,INE160H01019,
PCJEWELLER,EQ,356.75,391.6,353.2,381.6,383.25,356.0,811119,303346433.85,21-DEC-2016,18221,INE785M01013,
PDMJEPAPER,EQ,19.7,20.3,18.85,19.2,19.6,19.75,29869,577248.9,21-DEC-2016,140,INE865T01018,
PDPL,EQ,23.0,23.4,22.2,22.4,22.9,23.25,2696,61091.85,21-DEC-2016,51,INE904D01019,
PDSMFL,EQ,152.0,154.5,152.0,152.0,152.0,152.3,860,132283.0,21-DEC-2016,10,INE111Q01013,
PDUMJEIND,EQ,12.05,13.0,12.05,12.75,12.75,12.4,12826,162787.4,21-DEC-2016,57,INE105C01023,
PDUMJEPULP,EQ,21.15,22.0,20.3,20.55,20.4,21.7,45815,953708.55,21-DEC-2016,356,INE606A01024,
PEARLPOLY,EQ,23.0,23.7,23.0,23.3,23.2,23.75,6269,146497.5,21-DEC-2016,44,INE844A01013,
PEL,EQ,1612.15,1629.0,1535.0,1551.85,1548.0,1606.85,73637,115612387.45,21-DEC-2016,6450,INE140A01024,
PENIND,EQ,41.85,42.5,41.05,42.05,42.35,41.5,84239,3535331.05,21-DEC-2016,587,INE932A01024,
PENINLAND,EQ,14.45,14.5,14.2,14.25,14.2,14.25,51564,739283.95,21-DEC-2016,373,INE138A01028,
PENPEBS,EQ,157.85,161.6,156.7,159.9,161.6,157.45,120,19077.75,21-DEC-2016,13,INE455O01019,
PERSISTENT,EQ,605.95,613.8,601.35,609.9,611.0,604.9,27832,16922762.8,21-DEC-2016,2595,INE262H01013,
PETRONENGG,EQ,135.0,138.0,132.5,136.9,137.8,133.8,7346,999350.35,21-DEC-2016,225,INE742A01019,
PETRONET,EQ,373.8,374.95,357.3,359.75,357.5,372.95,2332469,847108527.3,21-DEC-2016,40031,INE347G01014,
PFC,EQ,131.0,131.25,127.0,127.3,127.05,128.55,2568003,330129789.35,21-DEC-2016,21196,INE134E01011,
PFIZER,EQ,1830.0,1835.6,1808.95,1821.9,1822.0,1830.45,6639,12080888.1,21-DEC-2016,823,INE182A01018,
PFOCUS,EQ,67.7,68.6,67.05,67.85,67.9,68.05,16733,1134661.1,21-DEC-2016,94,INE367G01038,
PFS,EQ,37.8,39.25,37.2,38.1,38.2,37.7,972010,37080301.3,21-DEC-2016,3636,INE560K01014,
PGEL,EQ,135.45,139.0,135.0,136.0,135.0,136.85,3599,490860.55,21-DEC-2016,98,INE457L01011,
PGHH,EQ,6850.0,6850.0,6751.0,6766.2,6771.5,6800.0,745,5054604.15,21-DEC-2016,274,INE179A01014,
PGIL,EQ,135.0,137.95,134.1,134.8,134.7,135.1,1688,229414.3,21-DEC-2016,26,INE940H01014,
PHILIPCARB,EQ,230.0,237.0,228.8,231.2,229.65,226.5,548596,128042397.8,21-DEC-2016,11351,INE602A01015,
PHOENIXLL,EQ,150.0,151.95,148.05,151.05,151.95,151.45,18489,2775828.8,21-DEC-2016,185,INE455B01016,
PHOENIXLTD,EQ,366.0,380.0,365.3,371.1,370.0,365.3,17057,6365004.15,21-DEC-2016,2088,INE211B01039,
PIDILITIND,EQ,599.0,599.0,587.25,590.55,589.0,599.1,521497,308152462.9,21-DEC-2016,15671,INE318A01026,
PIIND,EQ,800.0,821.9,792.65,819.9,820.95,800.1,157162,126740728.05,21-DEC-2016,4741,INE603J01030,
PILITA,EQ,12.5,12.6,12.1,12.3,12.4,12.4,31552,392368.55,21-DEC-2016,152,INE600A01035,
PINCON,EQ,61.25,61.25,58.6,58.85,59.0,60.35,120293,7149023.4,21-DEC-2016,760,INE675G01018,
PIONDIST,EQ,181.25,185.1,172.05,180.75,181.75,184.5,16223,2930324.15,21-DEC-2016,684,INE889E01010,
PIONEEREMB,EQ,52.75,55.0,52.0,52.85,52.6,52.65,71670,3844487.05,21-DEC-2016,1078,INE156C01018,
PIRPHYTO,EQ,90.75,91.7,89.0,89.35,89.0,89.9,9160,827768.45,21-DEC-2016,211,INE122J01015,
PITTILAM,EQ,55.45,55.45,52.65,53.15,52.65,54.1,17119,923655.95,21-DEC-2016,205,INE450D01021,
PKTEA,EQ,155.0,155.0,151.4,151.4,151.4,160.0,4,615.4,21-DEC-2016,4,INE431F01018,
PLASTIBLEN,EQ,458.95,459.0,447.0,447.2,449.1,454.95,2286,1030448.75,21-DEC-2016,287,INE083C01022,
PNB,EQ,121.7,122.35,119.85,120.55,120.5,121.45,6777947,820051978.75,21-DEC-2016,41106,INE160A01022,
PNBGILTS,EQ,46.9,48.7,46.4,47.8,47.7,46.85,838990,39792540.65,21-DEC-2016,3155,INE859A01011,
PNBHOUSING,EQ,855.0,885.0,835.55,877.25,880.0,856.85,272623,236494157.25,21-DEC-2016,12719,INE572E01012,
PNC,EQ,21.15,25.1,20.2,24.6,25.1,20.95,408166,9815954.5,21-DEC-2016,2360,INE392B01011,
PNCINFRA,EQ,104.25,106.0,104.25,105.4,105.5,104.3,41596,4385875.35,21-DEC-2016,595,INE195J01029,
POCHIRAJU,EQ,8.4,8.55,8.3,8.4,8.4,8.45,4525,37927.5,21-DEC-2016,17,INE332G01032,
PODDARMENT,EQ,208.6,219.0,208.5,208.6,208.7,209.35,526,111251.25,21-DEC-2016,16,INE371C01013,
POKARNA,EQ,917.95,917.95,878.0,899.75,893.0,887.1,1634,1460155.85,21-DEC-2016,59,INE637C01017,
POLARIS,EQ,149.35,151.5,148.8,150.25,150.0,148.9,110169,16562871.85,21-DEC-2016,2011,INE763A01023,
POLYMED,EQ,409.75,409.75,387.05,393.9,398.7,399.95,2887,1141056.15,21-DEC-2016,103,INE205C01021,
POLYPLEX,EQ,361.05,361.25,354.15,358.8,361.0,356.85,7008,2502573.35,21-DEC-2016,411,INE633B01018,
PONNIERODE,EQ,195.05,198.3,188.6,190.8,188.6,195.1,2862,551838.1,21-DEC-2016,130,INE838E01017,
POWERGRID,EQ,182.05,183.7,181.75,183.25,183.25,181.95,2969658,543169920.5,21-DEC-2016,22082,INE752E01010,
POWERMECH,EQ,452.8,452.8,445.45,446.35,448.8,447.6,1381,618357.55,21-DEC-2016,107,INE211R01019,
PPAP,EQ,160.15,164.85,159.25,160.5,159.25,159.95,13373,2159803.65,21-DEC-2016,195,INE095I01015,
PRABHAT,EQ,95.6,96.25,93.2,93.75,93.65,95.2,58553,5528089.95,21-DEC-2016,819,INE302M01033,
PRADIP,EQ,1.45,1.45,1.45,1.45,1.45,1.65,114,165.3,21-DEC-2016,2,INE495J01015,
PRAENG,EQ,9.45,9.7,9.25,9.5,9.65,9.65,40155,380379.7,21-DEC-2016,110,INE505C01016,
PRAJIND,EQ,78.8,80.15,77.0,79.35,79.5,78.05,336643,26578987.9,21-DEC-2016,4285,INE074A01025,
PRAKASH,EQ,44.4,44.85,43.05,43.5,43.5,43.6,83267,3656741.3,21-DEC-2016,498,INE603A01013,
PRAKASHCON,EQ,4.8,5.15,4.8,4.8,4.8,5.05,2201204,10662849.75,21-DEC-2016,715,INE023M01027,
PRAKASHSTL,EQ,1.35,1.4,1.3,1.35,1.4,1.35,382920,515762.0,21-DEC-2016,103,INE696K01024,
PRATIBHA,EQ,11.9,11.9,11.6,11.65,11.7,11.7,243834,2852950.7,21-DEC-2016,618,INE308H01022,
PRECAM,EQ,152.0,156.0,152.0,153.15,153.0,155.25,1950,299203.35,21-DEC-2016,116,INE484I01029,
PRECOT,EQ,73.8,73.8,70.0,72.2,72.2,70.6,455,32175.15,21-DEC-2016,8,INE283A01014,
PRECWIRE,EQ,113.3,117.95,113.3,115.05,115.05,114.95,6046,697018.15,21-DEC-2016,127,INE372C01029,
PREMEXPLN,EQ,339.25,344.5,332.1,340.85,340.0,333.6,25952,8818140.1,21-DEC-2016,518,INE863B01011,
PREMIER,EQ,29.4,30.65,29.2,29.45,29.35,29.7,2346,69704.65,21-DEC-2016,27,INE342A01018,
PRESSMN,EQ,42.9,46.75,42.6,45.05,44.75,42.05,81369,3652328.7,21-DEC-2016,646,INE980A01023,
PRESTIGE,EQ,174.15,177.6,169.05,173.05,172.45,174.15,236749,41057797.95,21-DEC-2016,4529,INE811K01011,
PRIMESECU,EQ,34.45,34.45,31.3,34.1,33.9,32.85,706309,24007372.6,21-DEC-2016,1786,INE032B01021,
PRISMCEM,EQ,82.5,84.2,81.5,82.25,82.2,81.55,108593,9001679.8,21-DEC-2016,2639,INE010A01011,
PROVOGE,EQ,4.7,4.75,4.65,4.7,4.7,4.7,29998,140823.2,21-DEC-2016,57,INE968G01033,
PROZONINTU,EQ,35.0,35.25,33.8,34.15,33.9,34.55,70098,2419295.0,21-DEC-2016,466,INE195N01013,
PSB,EQ,48.15,48.4,47.95,48.1,48.15,48.15,20917,1006250.6,21-DEC-2016,236,INE608A01012,
PSL,EQ,5.4,5.4,5.15,5.2,5.2,5.25,21719,114524.7,21-DEC-2016,80,INE474B01017,
PSUBNKBEES,EQ,344.9,344.9,340.0,341.0,341.0,339.8,300,102584.53,21-DEC-2016,48,INF732E01110,
PTC,EQ,74.5,75.85,73.65,75.2,75.1,73.7,536601,40189879.8,21-DEC-2016,4062,INE877F01012,
PTL,EQ,143.85,143.85,136.2,138.95,138.0,140.9,1370,192215.85,21-DEC-2016,63,INE034D01031,
PUNJABCHEM,EQ,246.0,246.0,240.2,241.5,242.85,241.7,10254,2486277.15,21-DEC-2016,344,INE277B01014,
PUNJLLOYD,EQ,19.1,19.35,19.05,19.1,19.05,19.1,318015,6102969.15,21-DEC-2016,833,INE701B01021,
PURVA,EQ,44.65,45.4,43.7,44.05,43.8,44.65,30696,1357289.55,21-DEC-2016,280,INE323I01011,
PVP,EQ,4.7,4.9,4.6,4.65,4.65,4.65,74185,350589.8,21-DEC-2016,114,INE362A01016,
PVR,EQ,1076.4,1079.7,1048.0,1051.9,1050.25,1076.6,149576,158358445.95,21-DEC-2016,15546,INE191H01014,
QGOLDHALF,EQ,1264.15,1264.2,1251.2,1254.0,1254.0,1255.0,490,614585.5,21-DEC-2016,67,INF082J01010,
QUESS,EQ,663.0,667.5,641.0,646.25,645.0,661.45,49046,32139627.85,21-DEC-2016,2225,INE615P01015,
QUICKHEAL,EQ,265.25,268.4,262.0,262.65,263.1,263.65,319482,84586232.15,21-DEC-2016,6178,INE306L01010,
RADAAN,EQ,1.55,1.55,1.55,1.55,1.55,1.5,150,232.5,21-DEC-2016,1,INE874F01027,
RADICO,EQ,108.0,113.3,105.5,109.05,110.5,108.3,222196,24089643.4,21-DEC-2016,2619,INE944F01028,
RAIN,EQ,52.8,54.3,52.8,53.95,53.7,52.8,312593,16819807.9,21-DEC-2016,2423,INE855B01025,
RAINBOWPAP,EQ,3.8,3.8,3.6,3.6,3.7,3.75,135883,503703.2,21-DEC-2016,96,INE028D01025,
RAIREKMOH,EQ,58.0,58.0,55.4,56.6,56.0,55.5,11034,627722.9,21-DEC-2016,31,INE313D01013,
RAJESHEXPO,EQ,438.5,451.85,437.05,446.7,446.0,439.2,164680,73159089.4,21-DEC-2016,3940,INE343B01030,
RAJOIL,EQ,2.25,2.3,2.25,2.3,2.3,2.3,15152,34711.3,21-DEC-2016,22,INE294G01018,
RAJRAYON,EQ,0.25,0.35,0.25,0.35,0.3,0.3,61263,19865.4,21-DEC-2016,25,INE533D01024,
RAJSREESUG,EQ,51.55,51.7,49.2,50.65,51.4,50.8,13872,703330.35,21-DEC-2016,132,INE562B01019,
RAJTV,EQ,62.75,64.5,61.0,61.35,61.4,62.25,52840,3283161.55,21-DEC-2016,811,INE952H01027,
RALLIS,EQ,195.5,198.7,191.0,192.95,192.7,196.7,123209,24000463.05,21-DEC-2016,1566,INE613A01020,
RAMANEWS,EQ,35.0,35.0,33.2,33.75,33.7,34.05,43150,1463444.6,21-DEC-2016,351,INE278B01020,
RAMASTEEL,EQ,118.0,118.0,114.0,115.75,115.75,114.35,3312,384319.5,21-DEC-2016,46,INE230R01027,
RAMCOCEM,EQ,524.55,541.8,522.0,538.75,541.5,519.0,111488,59504569.6,21-DEC-2016,4741,INE331A01037,
RAMCOIND,EQ,199.9,205.75,198.0,199.95,198.85,198.85,147442,29819960.75,21-DEC-2016,4003,INE614A01028,
RAMCOSYS,EQ,366.0,376.5,358.1,361.45,359.75,365.6,463300,170510277.0,21-DEC-2016,13203,INE246B01019,
RAMKY,EQ,63.55,65.0,61.2,62.45,62.5,63.45,12506,794177.8,21-DEC-2016,166,INE874I01013,
RAMSARUP,BE,1.95,1.95,1.95,1.95,1.95,1.9,255,497.25,21-DEC-2016,4,INE005D01015,
RANASUG,EQ,8.6,8.8,8.2,8.3,8.35,8.6,1255269,10460169.5,21-DEC-2016,1399,INE625B01014,
RANEENGINE,EQ,624.85,630.0,612.0,615.25,612.0,616.5,1379,854247.25,21-DEC-2016,157,INE222J01013,
RANEHOLDIN,EQ,755.35,761.5,750.0,750.1,750.0,760.35,1625,1223254.9,21-DEC-2016,123,INE384A01010,
RASOYPR,EQ,0.25,0.25,0.2,0.2,0.2,0.25,3305662,661632.4,21-DEC-2016,213,INE904G01038,
RATNAMANI,EQ,599.05,616.0,599.05,615.05,616.0,607.6,22347,13641387.3,21-DEC-2016,192,INE703B01027,
RAYMOND,EQ,473.2,484.65,471.8,480.3,483.9,473.1,56766,27132277.45,21-DEC-2016,2936,INE301A01014,
RBL,EQ,968.9,972.45,941.5,944.5,943.45,965.1,17082,16308212.25,21-DEC-2016,1385,INE244J01017,
RBLBANK,EQ,346.5,347.4,342.1,344.2,345.6,344.95,981199,338532314.05,21-DEC-2016,7024,INE976G01028,
RCF,EQ,46.6,47.15,46.2,46.3,46.25,46.55,400785,18724565.9,21-DEC-2016,1989,INE027A01015,
RCOM,EQ,35.75,38.5,35.45,37.4,37.25,35.05,49689698,1872195339.1,21-DEC-2016,90556,INE330H01018,
RDEL,EQ,55.15,55.15,53.3,53.65,53.75,55.2,652298,35178288.4,21-DEC-2016,3525,INE542F01012,
RECLTD,EQ,131.0,131.8,129.5,129.9,129.8,128.8,4044644,528118694.6,21-DEC-2016,32974,INE020B01018,
REDINGTON,EQ,96.45,97.8,95.0,95.6,95.8,96.8,80817,7780725.5,21-DEC-2016,3213,INE891D01026,
REFEX,EQ,16.45,17.25,15.25,16.9,16.95,15.7,118788,1975719.25,21-DEC-2016,421,INE056I01017,
REGENCERAM,BE,7.9,7.9,7.9,7.9,7.9,8.3,772,6098.8,21-DEC-2016,11,INE277C01012,
REIAGROLTD,EQ,0.45,0.5,0.4,0.45,0.5,0.45,1469954,663416.6,21-DEC-2016,125,INE385B01031,
REISIXTEN,BE,0.6,0.65,0.6,0.65,0.65,0.65,41660,26246.0,21-DEC-2016,8,INE849J01021,
RELAXO,EQ,400.7,410.0,396.1,403.9,401.85,399.3,6485,2605557.9,21-DEC-2016,375,INE131B01039,
RELCAPITAL,EQ,453.4,460.7,452.55,455.15,456.0,450.1,1985597,906303732.2,21-DEC-2016,28174,INE013A01015,
RELCNX100,EQ,84.83,84.83,84.5,84.5,84.5,85.11,11,929.83,21-DEC-2016,2,INF204K014N5,
RELCONS,EQ,35.46,35.95,35.46,35.62,35.46,35.83,422,15037.9,21-DEC-2016,8,INF204KA1LD7,
RELDIVOPP,EQ,22.1,22.1,22.1,22.1,22.1,22.25,2163,47802.3,21-DEC-2016,2,INF204KA1MS3,
RELIANCE,EQ,1060.1,1067.3,1057.2,1063.25,1063.0,1057.9,4655758,4940302652.9,21-DEC-2016,89738,INE002A01018,
RELIGARE,EQ,253.0,275.0,253.0,260.8,262.0,252.0,61164,16169729.85,21-DEC-2016,2916,INE621H01010,
RELINFRA,EQ,501.7,506.5,497.65,500.15,499.7,498.65,1679567,843172208.15,21-DEC-2016,25464,INE036A01016,
REMSONSIND,EQ,49.5,51.35,49.5,50.5,51.2,47.4,48,2425.3,21-DEC-2016,5,INE474C01015,
RENUKA,EQ,13.6,13.6,13.25,13.3,13.3,13.35,1013268,13541469.9,21-DEC-2016,1344,INE087H01022,
REPCOHOME,EQ,519.35,538.0,510.0,529.15,523.5,512.3,287866,151412764.45,21-DEC-2016,6591,INE612J01015,
REPRO,EQ,406.5,407.4,389.5,401.2,406.95,407.75,3195,1272878.85,21-DEC-2016,265,INE461B01014,
RESPONIND,EQ,69.45,69.45,66.5,67.15,66.55,67.25,65929,4503731.9,21-DEC-2016,131,INE688D01026,
REVATHI,EQ,569.0,569.0,556.1,560.0,560.0,562.05,747,423610.75,21-DEC-2016,12,INE617A01013,
RICOAUTO,EQ,56.15,58.5,56.15,56.85,56.5,56.75,192782,11033044.8,21-DEC-2016,1603,INE209B01025,
RIIL,EQ,390.05,393.7,386.5,387.15,386.5,387.4,147010,57281862.75,21-DEC-2016,4454,INE046A01015,
RJL,EQ,130.0,131.9,128.0,128.5,128.25,128.55,3294,426223.1,21-DEC-2016,81,INE722H01016,
RKDL,EQ,11.0,11.4,10.9,11.15,11.15,11.3,3134,35109.1,21-DEC-2016,38,INE722J01012,
RKFORGE,EQ,300.3,302.45,293.6,299.1,296.5,300.3,63752,19096743.35,21-DEC-2016,292,INE399G01015,
RMCL,EQ,19.55,20.35,19.45,20.3,20.35,19.4,560577,11316136.4,21-DEC-2016,1336,INE172H01014,
RML,EQ,407.0,413.0,400.0,401.9,402.0,407.95,6305,2547588.7,21-DEC-2016,357,INE050H01012,
ROHITFERRO,EQ,5.15,5.15,5.15,5.15,5.15,4.95,20429,105209.35,21-DEC-2016,28,INE248H01012,
ROHLTD,EQ,75.35,75.8,74.0,74.1,74.2,74.55,28700,2146080.65,21-DEC-2016,196,INE283H01019,
ROLLT,EQ,16.25,16.25,15.3,16.25,15.8,15.7,803010,12987365.05,21-DEC-2016,147,INE927A01040,
ROLTA,EQ,64.85,68.3,63.5,65.3,65.7,64.55,3020695,200570318.75,21-DEC-2016,18642,INE293A01013,
ROSSELLIND,EQ,92.25,93.45,92.0,92.35,92.85,92.1,4114,380894.25,21-DEC-2016,27,INE847C01020,
RPGLIFE,EQ,485.9,496.25,484.8,486.1,486.9,482.75,60459,29649734.0,21-DEC-2016,2735,INE105J01010,
RPOWER,EQ,41.8,42.75,41.6,42.25,42.15,41.5,2512578,106293201.9,21-DEC-2016,14779,INE614G01033,
RPPINFRA,EQ,176.45,180.0,176.45,176.85,176.75,178.05,1406,249960.55,21-DEC-2016,82,INE324L01013,
RSSOFTWARE,EQ,114.6,117.9,111.75,114.55,114.45,113.55,598633,69107595.05,21-DEC-2016,6995,INE165B01029,
RSWM,EQ,430.55,452.45,430.55,444.95,446.5,436.55,2013,890876.8,21-DEC-2016,227,INE611A01016,
RSYSTEMS,EQ,59.95,60.8,58.55,58.9,59.5,59.25,32596,1934005.35,21-DEC-2016,377,INE411H01032,
RTNINFRA,EQ,3.0,3.05,3.0,3.0,3.0,3.0,55063,165583.45,21-DEC-2016,36,INE834M01019,
RTNPOWER,EQ,6.85,6.9,6.75,6.8,6.75,6.8,1026917,6980493.6,21-DEC-2016,1095,INE399K01017,
RUBYMILLS,EQ,335.45,335.5,327.55,329.35,327.55,331.95,818,270798.45,21-DEC-2016,110,INE301D01026,
RUCHINFRA,BE,3.65,3.65,3.65,3.65,3.65,3.7,9,32.85,21-DEC-2016,2,INE413B01023,
RUCHIRA,EQ,106.75,107.0,104.3,104.85,104.65,107.35,42155,4453949.25,21-DEC-2016,803,INE803H01014,
RUCHISOYA,EQ,19.5,19.55,19.1,19.15,19.3,19.15,577312,11161069.25,21-DEC-2016,780,INE619A01027,
RUPA,EQ,255.0,255.0,248.0,250.55,248.5,252.7,968,244571.95,21-DEC-2016,57,INE895B01021,
RUSHIL,EQ,582.1,582.1,570.95,571.1,571.0,578.35,100730,57624218.85,21-DEC-2016,783,INE573K01017,
SABEVENTS,EQ,51.05,51.5,49.0,49.5,49.5,50.6,5186,263767.45,21-DEC-2016,47,INE860T01019,
SABTN,EQ,270.65,275.0,267.2,271.7,274.5,270.6,25995,7057487.2,21-DEC-2016,423,INE416A01036,
SADBHAV,EQ,270.3,273.5,269.0,269.0,269.0,270.0,16228,4388102.9,21-DEC-2016,477,INE226H01026,
SADBHIN,EQ,96.0,98.95,95.25,96.1,97.5,96.7,2742,266534.9,21-DEC-2016,72,INE764L01010,
SAGCEM,EQ,623.15,639.35,623.15,629.5,628.0,631.6,787,495589.4,21-DEC-2016,130,INE229C01013,
SAIL,EQ,51.45,52.0,51.0,51.25,51.15,51.1,2652851,136405501.75,21-DEC-2016,6413,INE114A01011,
SAKHTISUG,EQ,32.25,32.8,31.9,32.0,32.1,32.15,62542,2022376.5,21-DEC-2016,473,INE623A01011,
SAKSOFT,EQ,259.7,263.1,250.45,252.1,251.9,250.45,76227,19463762.25,21-DEC-2016,3076,INE667G01015,
SAKUMA,EQ,62.4,62.4,59.3,60.65,59.9,60.85,60361,3677248.7,21-DEC-2016,546,INE190H01016,
SALORAINTL,EQ,58.0,59.0,58.0,58.6,58.95,59.7,2298,134274.8,21-DEC-2016,27,INE924A01013,
SALSTEEL,EQ,3.75,3.95,3.65,3.85,3.95,3.8,25165,96106.6,21-DEC-2016,69,INE658G01014,
SALZERELEC,EQ,179.7,179.8,176.0,176.7,177.0,177.85,18891,3347781.2,21-DEC-2016,363,INE457F01013,
SAMBHAAV,EQ,5.4,6.0,5.2,5.65,5.85,5.55,5414,29535.45,21-DEC-2016,31,INE699B01027,
SANCO,EQ,105.05,107.4,105.0,106.5,106.5,106.55,13912,1476064.3,21-DEC-2016,147,INE782L01012,
SANDESH,EQ,879.95,881.0,850.0,852.4,850.0,865.2,833,715380.0,21-DEC-2016,101,INE583B01015,
SANGAMIND,EQ,241.0,252.25,238.0,249.05,247.1,245.45,2604,648122.1,21-DEC-2016,156,INE495C01010,
SANGHIIND,EQ,50.15,50.75,48.85,50.15,50.0,49.8,168897,8395244.35,21-DEC-2016,914,INE999B01013,
SANGHVIFOR,EQ,44.0,47.0,41.3,45.4,45.95,42.35,22188,993811.6,21-DEC-2016,332,INE263L01013,
SANGHVIMOV,EQ,209.9,209.9,205.0,206.45,206.2,207.6,20667,4275432.55,21-DEC-2016,842,INE989A01024,
SANOFI,EQ,4210.1,4261.75,4210.1,4249.0,4234.0,4261.75,1616,6857934.15,21-DEC-2016,642,INE058A01010,
SANWARIA,EQ,5.2,5.3,5.1,5.15,5.15,5.1,54230,283830.65,21-DEC-2016,62,INE890C01046,
SARDAEN,EQ,219.9,219.9,213.25,214.9,214.0,218.1,22342,4824094.4,21-DEC-2016,784,INE385C01013,
SAREGAMA,EQ,226.9,228.9,222.0,223.0,222.75,223.6,21983,4953824.8,21-DEC-2016,1115,INE979A01017,
SARLAPOLY,EQ,61.25,61.25,58.5,58.65,58.5,59.6,9240,546477.25,21-DEC-2016,59,INE453D01025,
SASKEN,EQ,420.2,448.7,417.0,419.55,418.0,414.3,209224,90454022.6,21-DEC-2016,7377,INE231F01020,
SASTASUNDR,EQ,64.85,72.35,64.85,71.35,72.0,63.75,85586,5953064.05,21-DEC-2016,867,INE019J01013,
SATHAISPAT,EQ,65.0,67.8,64.0,66.55,66.55,66.15,2106,137827.35,21-DEC-2016,45,INE176C01016,
SATIN,EQ,340.0,346.45,334.1,337.15,336.5,336.85,51777,17565269.15,21-DEC-2016,1684,INE836B01017,
SBBJ,EQ,698.4,708.35,695.1,697.5,696.05,697.0,26234,18400786.1,21-DEC-2016,1275,INE648A01026,
SBIN,EQ,256.1,258.0,254.1,255.35,254.6,254.55,8778450,2248147463.7,21-DEC-2016,66671,INE062A01020,
SBT,EQ,551.15,554.9,548.1,549.5,548.1,549.5,14245,7851289.45,21-DEC-2016,1067,INE654A01024,
SCHNEIDER,EQ,138.15,142.0,138.1,139.95,140.05,138.9,27763,3889335.65,21-DEC-2016,817,INE839M01018,
SCI,EQ,58.2,59.3,58.2,58.55,58.5,58.5,281228,16496738.1,21-DEC-2016,2049,INE109A01011,
SDBL,EQ,129.0,131.5,127.1,130.2,130.0,129.9,22767,2942481.3,21-DEC-2016,354,INE480C01012,
SEAMECLTD,EQ,84.9,85.0,78.4,81.35,81.0,83.15,33497,2715607.55,21-DEC-2016,621,INE497B01018,
SEINV,EQ,185.0,200.0,177.0,186.0,186.0,188.15,398,74890.15,21-DEC-2016,30,INE420C01042,
SELAN,EQ,186.5,192.85,186.5,189.0,189.3,184.85,191702,36396106.65,21-DEC-2016,2972,INE818A01017,
SELMCL,EQ,3.15,3.2,3.05,3.05,3.1,3.2,82491,254936.75,21-DEC-2016,66,INE105I01012,
SEPOWER,EQ,15.2,16.35,15.2,16.35,16.35,14.9,102388,1648101.25,21-DEC-2016,459,INE735M01018,
SEQUENT,EQ,110.2,111.0,109.0,109.1,109.3,110.15,11521,1259517.3,21-DEC-2016,149,INE807F01027,
SERVALL,EQ,3.3,3.3,3.3,3.3,3.3,3.45,5,16.5,21-DEC-2016,1,INE431L01016,
SESHAPAPER,EQ,707.05,709.5,687.0,690.05,687.0,704.2,4248,2945502.85,21-DEC-2016,387,INE630A01016,
SETCO,EQ,37.15,37.3,36.05,36.2,36.2,37.25,34901,1280166.1,21-DEC-2016,244,INE878E01021,
SETFGOLD,EQ,2579.95,2586.8,2565.05,2569.75,2570.0,2584.1,492,1266481.95,21-DEC-2016,164,INF200K01099,
SETFNIF50,EQ,82.45,82.5,81.95,82.24,81.95,82.2,1861,153229.08,21-DEC-2016,44,INF200KA1FS1,
SETFNIFBK,EQ,184.23,184.27,183.73,183.92,183.92,183.53,434,79938.42,21-DEC-2016,9,INF200KA1580,
SETFNN50,EQ,216.9,216.9,215.7,215.7,215.7,216.0,122,26391.45,21-DEC-2016,10,INF200KA1598,
SEZAL,BE,6.4,6.4,6.4,6.4,6.4,6.1,221,1414.4,21-DEC-2016,3,INE955I01036,
SFCL,EQ,97.0,97.9,96.2,96.4,96.8,97.55,3286,317504.9,21-DEC-2016,72,INE935O01010,
SFL,EQ,935.0,935.0,923.0,925.65,927.5,930.45,70668,65471640.35,21-DEC-2016,3877,INE916U01025,
SGFL,BE,2.2,2.2,2.2,2.2,2.2,2.1,1,2.2,21-DEC-2016,1,INE883G01018,
SGJHL,BE,4.45,4.5,4.4,4.4,4.4,4.55,3651,16207.4,21-DEC-2016,11,INE553K01019,
SGL,EQ,16.95,16.95,16.0,16.0,16.0,15.95,1841,29462.0,21-DEC-2016,15,INE353H01010,
SHAHALLOYS,EQ,17.9,18.35,16.15,17.1,17.3,17.2,64654,1117941.75,21-DEC-2016,414,INE640C01011,
SHAKTIPUMP,EQ,138.95,140.3,135.35,135.6,137.0,138.45,56135,7729502.5,21-DEC-2016,1024,INE908D01010,
SHALPAINTS,EQ,141.8,142.15,138.0,138.9,138.5,140.85,14758,2073957.8,21-DEC-2016,333,INE849C01026,
SHANTIGEAR,EQ,112.5,113.5,111.1,112.25,113.45,111.9,6554,734477.2,21-DEC-2016,185,INE631A01022,
SHARDACROP,EQ,442.15,450.0,440.0,440.55,440.4,447.05,10824,4788981.75,21-DEC-2016,1419,INE221J01015,
SHARDAMOTR,EQ,1000.0,1005.05,992.0,996.05,994.7,998.6,1066,1064192.45,21-DEC-2016,84,INE597I01010,
SHARONBIO,EQ,9.3,9.5,9.3,9.4,9.4,9.45,208469,1965304.2,21-DEC-2016,203,INE028B01029,
SHEMAROO,EQ,381.85,390.0,378.1,381.0,383.0,381.85,13171,5074951.75,21-DEC-2016,1453,INE363M01019,
SHILPAMED,EQ,735.95,785.9,733.0,775.75,779.0,729.7,319119,246479545.3,21-DEC-2016,10909,INE790G01031,
SHILPI,EQ,199.9,200.8,198.1,199.7,199.5,199.8,99717,19908831.4,21-DEC-2016,938,INE510K01019,
SHIRPUR-G,EQ,103.5,109.0,102.0,106.7,108.8,105.3,18596,1955070.35,21-DEC-2016,467,INE196B01016,
SHIVAMAUTO,EQ,43.9,43.9,42.55,42.8,42.75,43.15,75093,3236295.3,21-DEC-2016,417,INE637H01024,
SHIVTEX,EQ,231.6,239.0,231.6,232.65,233.0,235.7,5689,1333312.75,21-DEC-2016,153,INE705C01012,
SHK,EQ,290.9,298.5,290.9,292.85,291.5,283.65,92122,27175450.95,21-DEC-2016,2353,INE500L01026,
SHOPERSTOP,EQ,295.75,297.85,290.0,295.8,293.75,295.75,4529,1335603.35,21-DEC-2016,245,INE498B01024,
SHREECEM,EQ,14149.9,14254.95,13940.0,14097.8,14050.0,14011.25,8930,126198959.3,21-DEC-2016,3511,INE070A01015,
SHREEPUSHK,EQ,164.35,165.0,160.5,161.35,161.0,163.35,58027,9430938.55,21-DEC-2016,630,INE712K01011,
SHREERAMA,EQ,14.3,15.1,14.1,14.1,14.1,14.8,50557,725960.05,21-DEC-2016,143,INE879A01019,
SHRENUJ,EQ,3.1,3.1,2.9,3.0,2.95,3.05,459159,1358346.5,21-DEC-2016,297,INE633A01028,
SHREYANIND,EQ,106.9,106.9,100.1,103.2,103.1,103.75,9685,996473.0,21-DEC-2016,193,INE231C01019,
SHREYAS,EQ,207.9,209.0,204.75,205.15,205.0,207.85,10507,2168069.2,21-DEC-2016,417,INE757B01015,
SHRIRAMCIT,EQ,1803.0,1811.7,1762.0,1774.85,1770.0,1811.7,21901,38891703.75,21-DEC-2016,2027,INE722A01011,
SHRIRAMEPC,EQ,29.7,30.05,29.4,29.6,29.6,29.7,62892,1867199.95,21-DEC-2016,480,INE964H01014,
SHYAMCENT,EQ,7.7,7.9,7.55,7.8,7.8,7.85,19684,152557.45,21-DEC-2016,32,INE979R01011,
SHYAMTEL,EQ,33.85,35.75,32.8,33.3,33.0,32.95,41100,1399530.3,21-DEC-2016,302,INE635A01023,
SICAGEN,EQ,27.2,27.25,26.25,26.55,27.15,26.85,27858,745942.15,21-DEC-2016,248,INE176J01011,
SICAL,EQ,203.0,206.65,197.05,199.6,200.9,202.3,28036,5664680.55,21-DEC-2016,772,INE075B01012,
SIEMENS,EQ,1085.2,1107.6,1082.4,1100.35,1105.0,1090.55,185768,203837020.0,21-DEC-2016,9673,INE003A01024,
SIGNET,EQ,23.0,23.6,22.0,22.15,22.2,22.5,470170,10584969.35,21-DEC-2016,1012,INE529F01027,
SIL,BE,23.0,23.5,22.9,22.9,22.9,23.1,2218,50943.0,21-DEC-2016,9,INE173A01025,
SIMBHALS,EQ,26.9,26.95,25.75,25.95,25.9,26.0,14196,370298.6,21-DEC-2016,108,INE748T01016,
SIMPLEX,EQ,24.75,25.65,24.75,24.85,24.8,24.75,1262,31389.9,21-DEC-2016,10,INE898F01018,
SIMPLEXINF,EQ,275.0,279.9,275.0,277.8,278.0,272.5,2255,627122.5,21-DEC-2016,179,INE059B01024,
SINTEX,EQ,74.5,74.95,73.7,74.25,74.5,74.15,1059173,78851096.9,21-DEC-2016,8377,INE429C01035,
SITASHREE,EQ,7.2,7.2,7.0,7.1,7.15,7.0,23004,162871.1,21-DEC-2016,50,INE686I01011,
SITINET,EQ,38.2,38.5,37.0,37.55,37.5,37.85,249571,9372040.0,21-DEC-2016,1909,INE965H01011,
SIYSIL,EQ,1220.1,1240.0,1218.05,1225.25,1222.0,1228.15,2845,3496083.85,21-DEC-2016,79,INE076B01010,
SJVN,EQ,29.7,30.1,29.65,29.95,30.1,29.95,309562,9261441.0,21-DEC-2016,3966,INE002L01015,
SKFINDIA,EQ,1255.05,1283.95,1251.55,1255.0,1256.9,1259.3,1223,1540742.3,21-DEC-2016,242,INE640A01023,
SKIL,EQ,23.0,23.6,22.9,22.95,22.95,23.45,6901,158895.95,21-DEC-2016,60,INE429F01012,
SKIPPER,EQ,132.65,132.7,130.2,131.45,132.2,131.15,6279,825161.1,21-DEC-2016,135,INE439E01022,
SKMEGGPROD,EQ,52.0,53.25,51.3,51.6,51.85,51.55,55269,2856076.8,21-DEC-2016,238,INE411D01015,
SMARTLINK,EQ,110.9,114.9,106.1,109.95,109.7,107.05,515984,57491710.6,21-DEC-2016,7901,INE178C01020,
SMLISUZU,EQ,1051.0,1059.1,1030.55,1052.7,1055.0,1051.9,15785,16535902.95,21-DEC-2016,1590,INE294B01019,
SMPL,EQ,2.55,2.6,2.5,2.55,2.55,2.55,55542,140869.5,21-DEC-2016,51,INE215G01021,
SMSPHARMA,EQ,93.0,93.0,89.4,89.9,90.0,91.4,47662,4338139.55,21-DEC-2016,382,INE812G01025,
SNOWMAN,EQ,51.35,52.0,50.65,51.1,51.1,51.05,390788,20001125.55,21-DEC-2016,2771,INE734N01019,
SOBHA,EQ,243.1,246.9,242.2,243.9,243.2,244.35,10065,2459134.6,21-DEC-2016,451,INE671H01015,
SOLARINDS,EQ,680.05,689.85,670.25,680.8,681.55,680.6,4334,2956514.9,21-DEC-2016,243,INE343H01029,
SOMANYCERA,EQ,506.95,507.0,497.55,499.85,499.9,501.05,15560,7785918.5,21-DEC-2016,335,INE355A01028,
SOMATEX,EQ,9.2,9.75,9.2,9.25,9.25,9.3,3737,35511.9,21-DEC-2016,24,INE314C01013,
SOMICONVEY,EQ,51.5,63.95,51.0,57.15,57.4,53.3,332359,20375960.5,21-DEC-2016,2593,INE323J01019,
SONASTEER,EQ,60.5,60.75,59.2,59.75,59.65,60.0,26791,1607305.65,21-DEC-2016,312,INE643A01035,
SONATSOFTW,EQ,196.0,196.0,184.15,186.05,187.1,194.3,625084,118642721.75,21-DEC-2016,9565,INE269A01021,
SOTL,EQ,724.2,738.0,705.1,710.35,719.95,710.0,1536,1109943.4,21-DEC-2016,443,INE035D01012,
SOUTHBANK,EQ,20.65,21.0,20.4,20.8,20.8,20.5,4875730,101370255.65,21-DEC-2016,8146,INE683A01023,
SPAL,EQ,344.25,347.5,342.0,344.9,344.0,344.2,9637,3319501.05,21-DEC-2016,167,INE212I01016,
SPARC,EQ,309.9,310.5,307.15,308.45,307.5,307.95,75026,23206057.8,21-DEC-2016,2899,INE232I01014,
SPECIALITY,EQ,73.0,74.8,72.85,73.9,73.55,73.1,9779,721401.35,21-DEC-2016,201,INE247M01014,
SPENTEX,EQ,5.9,6.45,5.4,6.15,6.25,5.9,70236,441792.35,21-DEC-2016,92,INE376C01020,
SPHEREGSL,EQ,68.25,68.45,66.0,66.3,67.55,65.95,47586,3220746.4,21-DEC-2016,393,INE737B01033,
SPIC,EQ,19.05,19.3,19.05,19.1,19.05,19.05,62857,1204158.45,21-DEC-2016,226,INE147A01011,
SPICEMOBI,EQ,15.55,16.2,15.4,15.45,15.5,15.5,15715,246264.45,21-DEC-2016,118,INE927C01020,
SPLIL,EQ,26.6,27.9,26.6,27.35,27.35,27.25,3393,91514.8,21-DEC-2016,26,INE978G01016,
SPMLINFRA,EQ,53.0,54.5,52.65,52.75,53.0,52.65,923,49378.1,21-DEC-2016,24,INE937A01023,
SPYL,EQ,1.6,1.6,1.55,1.55,1.55,1.6,81822,128016.9,21-DEC-2016,48,INE268L01020,
SQSBFSI,EQ,755.0,755.05,726.3,729.8,729.85,739.0,6446,4764302.85,21-DEC-2016,532,INE201K01015,
SREEL,EQ,135.0,143.5,135.0,141.3,143.5,146.25,570,79889.5,21-DEC-2016,21,INE099F01013,
SREINFRA,EQ,76.0,76.5,74.7,75.15,75.1,75.65,237367,17904600.4,21-DEC-2016,2988,INE872A01014,
SRF,EQ,1492.0,1504.7,1450.4,1484.6,1490.0,1480.9,190733,281729527.2,21-DEC-2016,9989,INE647A01010,
SRGINFOTEC,BE,0.35,0.35,0.3,0.35,0.35,0.35,26120,9141.25,21-DEC-2016,11,INE376A01032,
SRHHYPOLTD,EQ,132.95,133.1,128.15,130.05,132.05,129.45,4552,599087.45,21-DEC-2016,150,INE917H01012,
SRIPIPES,EQ,265.0,265.1,258.1,259.7,258.2,261.9,40843,10660617.95,21-DEC-2016,985,INE943C01027,
SRSLTD,EQ,4.95,4.95,4.8,4.85,4.9,4.85,280899,1359793.8,21-DEC-2016,342,INE219H01039,
SRTRANSFIN,EQ,815.0,824.5,806.4,809.65,811.9,810.65,793225,644778852.4,21-DEC-2016,26992,INE721A01013,
SSWL,EQ,583.5,584.05,571.05,572.7,575.0,572.85,5097,2935678.95,21-DEC-2016,378,INE802C01017,
STAMPEDE,EQ,24.0,24.8,22.8,23.45,23.7,23.95,1079864,25234459.7,21-DEC-2016,698,INE224E01028,
STAR,EQ,1055.7,1070.0,1045.1,1066.6,1069.95,1049.1,153657,162880260.45,21-DEC-2016,6330,INE939A01011,
STARPAPER,EQ,180.0,180.1,172.0,172.85,172.7,175.8,64562,11316579.25,21-DEC-2016,1095,INE733A01018,
STCINDIA,EQ,121.25,121.25,116.6,117.7,117.7,120.45,125963,14972087.35,21-DEC-2016,2691,INE655A01013,
STEL,EQ,48.4,48.4,45.5,46.2,46.5,46.8,1966,91075.2,21-DEC-2016,18,INE577L01016,
STERLINBIO,EQ,3.9,3.95,3.8,3.9,3.95,3.9,31210,121141.6,21-DEC-2016,84,INE324C01038,
STERTOOLS,EQ,868.75,887.9,867.4,878.15,878.0,879.45,641,563035.5,21-DEC-2016,103,INE334A01015,
STINDIA,EQ,11.0,11.7,11.0,11.05,11.05,11.0,2280,25991.25,21-DEC-2016,16,INE090C01019,
STOREONE,EQ,99.55,101.8,99.0,99.35,99.0,99.5,34592,3455068.5,21-DEC-2016,696,INE034H01016,
STRTECH,EQ,96.55,97.85,96.0,96.8,96.8,96.25,290427,28130042.1,21-DEC-2016,4797,INE089C01029,
SUBEX,EQ,9.6,9.65,9.45,9.5,9.55,9.55,571949,5472985.75,21-DEC-2016,1377,INE754A01014,
SUBROS,EQ,157.95,162.0,156.5,157.45,157.75,158.3,22717,3608784.95,21-DEC-2016,554,INE287B01021,
SUDARSCHEM,EQ,307.65,308.0,295.3,297.9,297.8,303.9,141537,42792893.7,21-DEC-2016,3507,INE659A01023,
SUJANATWR,EQ,8.8,9.0,8.55,8.9,9.0,8.65,50857,450366.6,21-DEC-2016,153,INE333I01036,
SUJANAUNI,EQ,1.9,2.0,1.8,1.85,1.85,1.9,94882,180913.4,21-DEC-2016,46,INE216G01011,
SUMEETINDS,EQ,38.2,38.4,36.55,36.85,36.85,38.0,754844,28143312.05,21-DEC-2016,2877,INE235C01010,
SUMMITSEC,EQ,412.05,430.0,412.05,430.0,430.0,420.05,81,34353.85,21-DEC-2016,47,INE519C01017,
SUNCLAYLTD,EQ,2844.75,2844.75,2790.0,2810.8,2824.0,2802.0,493,1384025.05,21-DEC-2016,98,INE105A01035,
SUNDARAM,EQ,4.25,4.35,4.2,4.2,4.2,4.25,869588,3676217.0,21-DEC-2016,257,INE108E01023,
SUNDARMFIN,EQ,1168.0,1183.75,1166.5,1174.65,1175.0,1176.55,27502,32314650.65,21-DEC-2016,1542,INE660A01013,
SUNDRMBRAK,EQ,453.25,453.25,431.85,436.65,437.0,438.9,3605,1582370.0,21-DEC-2016,306,INE073D01013,
SUNDRMFAST,EQ,280.8,283.5,275.0,276.55,276.5,280.2,76136,21283715.95,21-DEC-2016,2570,INE387A01021,
SUNFLAG,EQ,33.75,34.2,33.0,33.35,33.4,33.75,126852,4247582.35,21-DEC-2016,422,INE947A01014,
SUNILHITEC,EQ,12.65,12.65,12.65,12.65,12.65,13.3,388721,4917320.65,21-DEC-2016,561,INE305H01028,
SUNPHARMA,EQ,632.0,633.9,613.05,614.45,614.3,627.9,7404147,4590364130.7,21-DEC-2016,128457,INE044A01036,
SUNTECK,EQ,234.95,234.95,223.6,226.95,225.0,234.1,28882,6656204.95,21-DEC-2016,1187,INE805D01026,
SUNTV,EQ,496.0,497.3,485.25,489.25,491.0,492.9,1352847,662626570.25,21-DEC-2016,23562,INE424H01027,
SUPERHOUSE,EQ,152.9,152.9,147.7,149.2,149.95,149.0,2182,327373.5,21-DEC-2016,72,INE712B01010,
SUPERSPIN,EQ,11.85,11.85,11.35,11.45,11.45,11.85,10513,120093.8,21-DEC-2016,44,INE662A01027,
SUPPETRO,EQ,186.25,190.25,184.55,189.05,190.2,185.6,5962,1116991.35,21-DEC-2016,239,INE663A01017,
SUPRAJIT,EQ,191.0,196.5,191.0,195.35,195.0,191.75,15800,3076403.15,21-DEC-2016,216,INE399C01030,
SUPREMEIND,EQ,902.0,907.7,894.05,903.6,907.7,905.35,15845,14257140.35,21-DEC-2016,3468,INE195A01028,
SUPREMEINF,EQ,73.15,74.4,71.0,71.35,71.7,74.2,27175,1967604.8,21-DEC-2016,277,INE550H01011,
SUPREMETEX,EQ,4.0,4.2,4.0,4.05,4.1,4.1,138271,561021.55,21-DEC-2016,169,INE651G01027,
SURANACORP,EQ,1.2,1.2,1.2,1.2,1.2,1.25,1500,1800.0,21-DEC-2016,1,INE357D01010,
SURANAIND,EQ,3.2,3.4,2.8,2.95,2.9,3.2,293823,887285.3,21-DEC-2016,405,INE659D01019,
SURANASOL,EQ,22.7,22.95,22.4,22.55,22.5,22.55,13439,304398.45,21-DEC-2016,67,INE272L01022,
SURANAT&P,EQ,5.0,5.0,4.65,4.85,5.0,4.95,15526,74910.75,21-DEC-2016,38,INE130B01031,
SURYALAXMI,EQ,129.05,132.85,127.2,129.15,129.75,131.0,56890,7480360.5,21-DEC-2016,1213,INE713B01026,
SURYAROSNI,EQ,180.55,181.75,175.55,177.55,176.85,181.0,55660,9963012.0,21-DEC-2016,970,INE335A01012,
SUTLEJTEX,EQ,780.7,802.0,780.7,787.9,789.0,796.65,1367,1078244.35,21-DEC-2016,178,INE645H01019,
SUVEN,EQ,171.0,171.2,168.5,169.3,169.5,170.15,153105,25994030.25,21-DEC-2016,1699,INE495B01038,
SUZLON,EQ,14.2,14.25,13.95,14.0,14.0,14.15,8626181,121449814.55,21-DEC-2016,6829,INE040H01021,
SWANENERGY,EQ,176.0,177.75,163.6,173.8,174.2,173.4,2635507,455164725.6,21-DEC-2016,27210,INE665A01038,
SWARAJENG,EQ,1343.5,1355.75,1334.0,1337.4,1334.0,1356.9,817,1096364.65,21-DEC-2016,143,INE277A01016,
SWELECTES,EQ,318.4,328.9,318.0,319.15,318.0,316.9,4906,1580877.4,21-DEC-2016,243,INE409B01013,
SYMPHONY,EQ,1180.0,1213.45,1170.1,1197.45,1205.0,1174.0,23613,28291485.35,21-DEC-2016,3564,INE225D01027,
SYNCOM,EQ,6.5,6.6,6.35,6.45,6.35,6.5,49504,320926.3,21-DEC-2016,111,INE602K01014,
SYNDIBANK,EQ,62.75,63.2,62.0,62.1,62.0,62.5,1133060,70811068.5,21-DEC-2016,6143,INE667A01018,
SYNGENE,EQ,564.5,572.9,555.15,562.8,563.1,560.85,77829,43886367.7,21-DEC-2016,4068,INE398R01022,
TAINWALCHM,EQ,50.55,51.0,48.2,49.25,48.35,51.5,13263,654197.3,21-DEC-2016,209,INE123C01018,
TAJGVK,EQ,108.2,110.0,107.3,108.3,109.4,109.2,10835,1173768.05,21-DEC-2016,276,INE586B01026,
TAKE,EQ,141.9,144.8,140.55,141.65,141.55,140.5,181827,26023286.1,21-DEC-2016,9813,INE142I01023,
TALBROAUTO,EQ,128.0,128.0,122.65,123.1,123.1,123.15,4058,501596.9,21-DEC-2016,88,INE187D01011,
TALWALKARS,EQ,236.05,239.3,232.25,233.4,233.8,236.3,12471,2931033.5,21-DEC-2016,296,INE502K01016,
TANLA,EQ,56.85,57.95,55.65,56.0,55.95,56.3,776213,44122311.05,21-DEC-2016,3140,INE483C01032,
TANTIACONS,EQ,15.5,17.0,15.5,15.75,15.85,15.85,6050,95652.6,21-DEC-2016,70,INE388G01018,
TARAJEWELS,EQ,40.2,40.2,38.3,39.4,39.25,39.65,91527,3603059.2,21-DEC-2016,1112,INE799L01016,
TARAPUR,EQ,5.9,5.9,5.9,5.9,5.9,6.0,5,29.5,21-DEC-2016,1,INE747K01017,
TARMAT,EQ,45.4,45.9,43.3,45.2,45.0,44.55,8656,385654.4,21-DEC-2016,142,INE924H01018,
TATACHEM,EQ,488.2,492.0,486.1,488.9,489.0,488.2,425404,207855395.1,21-DEC-2016,9563,INE092A01019,
TATACOFFEE,EQ,116.0,116.95,113.1,113.75,113.95,116.3,170802,19573133.05,21-DEC-2016,1788,INE493A01027,
TATACOMM,EQ,631.1,639.9,629.2,631.45,632.3,629.65,278686,176560073.5,21-DEC-2016,6475,INE151A01013,
TATAELXSI,EQ,1434.0,1434.75,1402.2,1408.4,1407.15,1424.3,203010,287374601.8,21-DEC-2016,8661,INE670A01012,
TATAGLOBAL,EQ,120.75,122.95,120.75,121.6,121.95,121.25,677057,82643767.35,21-DEC-2016,5656,INE192A01025,
TATAINVEST,EQ,566.45,566.45,555.0,557.8,557.65,562.45,8980,5018852.85,21-DEC-2016,605,INE672A01018,
TATAMETALI,EQ,337.7,338.9,328.15,329.7,329.1,333.9,151789,50558862.0,21-DEC-2016,4176,INE056C01010,
TATAMOTORS,EQ,473.5,474.5,467.1,468.5,469.6,473.15,3492856,1639881929.8,21-DEC-2016,55005,INE155A01022,
TATAMTRDVR,EQ,298.6,299.5,296.35,297.1,298.2,298.6,977914,291277945.6,21-DEC-2016,28748,IN9155A01020,
TATAPOWER,EQ,77.05,77.3,75.7,76.05,75.8,76.55,4125562,315906567.9,21-DEC-2016,34785,INE245A01021,
TATASPONGE,EQ,569.7,573.5,560.1,561.75,560.95,565.95,84535,47867550.7,21-DEC-2016,3171,INE674A01014,
TATASTEEL,EQ,405.0,408.3,401.4,404.5,404.5,403.5,2747302,1113640173.85,21-DEC-2016,37864,INE081A01012,
TBZ,EQ,59.75,65.0,59.45,62.95,63.0,59.6,520853,32400461.05,21-DEC-2016,3138,INE760L01018,
TCI,EQ,158.85,158.85,153.3,156.65,156.0,155.55,25219,3931222.55,21-DEC-2016,856,INE688A01022,
TCIEXP,BE,315.5,316.0,299.0,299.05,299.0,314.7,38020,11446736.45,21-DEC-2016,461,INE586V01016,
TCIFINANCE,EQ,22.1,22.1,21.6,21.65,21.9,22.0,15331,335300.95,21-DEC-2016,168,INE911B01018,
TCS,EQ,2343.8,2343.8,2305.6,2313.6,2312.0,2339.3,1017451,2358959165.9,21-DEC-2016,85491,INE467B01029,
TDPOWERSYS,EQ,175.0,178.0,170.5,174.95,174.9,175.0,12678,2216167.7,21-DEC-2016,1819,INE419M01019,
TEAMLEASE,EQ,879.9,887.25,865.0,867.3,867.0,865.6,4750,4193465.85,21-DEC-2016,2501,INE985S01024,
TECHM,EQ,478.0,479.6,472.5,474.45,474.0,476.75,667563,317953993.9,21-DEC-2016,18148,INE669C01036,
TECHNO,EQ,300.0,303.95,290.0,294.2,295.0,298.2,91599,26991546.4,21-DEC-2016,3514,INE286K01024,
TECHNOFAB,EQ,192.45,192.45,186.1,186.5,186.5,187.5,55,10278.55,21-DEC-2016,13,INE509K01011,
TEXINFRA,EQ,43.0,44.2,43.0,43.25,43.35,43.3,68510,2997305.9,21-DEC-2016,418,INE435C01024,
TEXMOPIPES,EQ,21.4,21.5,18.5,20.05,20.0,20.6,85233,1696127.15,21-DEC-2016,318,INE141K01013,
TEXRAIL,EQ,114.0,114.8,111.75,113.5,113.3,113.15,250832,28475518.3,21-DEC-2016,3013,INE621L01012,
TFCILTD,EQ,51.5,52.15,50.75,51.2,51.35,51.1,160797,8288292.2,21-DEC-2016,1366,INE305A01015,
TFL,EQ,10.75,10.75,10.5,10.5,10.5,11.0,500,5275.0,21-DEC-2016,4,INE804H01012,
TGBHOTELS,EQ,68.35,68.35,65.75,66.1,65.95,66.9,4661,310972.0,21-DEC-2016,70,INE797H01018,
THANGAMAYL,EQ,172.0,174.5,165.5,167.2,167.5,174.0,6041,1018057.8,21-DEC-2016,105,INE085J01014,
THEMISMED,EQ,590.05,595.0,580.0,581.9,580.0,585.6,141,82628.3,21-DEC-2016,14,INE083B01016,
THERMAX,EQ,806.0,806.8,780.0,783.5,787.05,794.3,4394,3471514.85,21-DEC-2016,669,INE152A01029,
THIRUSUGAR,EQ,48.95,49.9,48.65,49.0,49.65,49.05,1906,94303.35,21-DEC-2016,27,INE409A01015,
THOMASCOOK,EQ,182.55,187.5,182.55,184.45,184.8,184.9,64928,12003826.1,21-DEC-2016,870,INE332A01027,
THOMASCOTT,BE,12.2,12.2,12.2,12.2,12.2,12.8,200,2440.0,21-DEC-2016,1,INE480M01011,
THYROCARE,EQ,690.0,697.75,680.0,684.25,687.0,693.75,28269,19527353.35,21-DEC-2016,2307,INE594H01019,
TI,EQ,15.15,15.4,15.0,15.1,15.1,15.15,48191,728402.75,21-DEC-2016,581,INE133E01013,
TIDEWATER,EQ,5581.0,5650.0,5530.5,5564.45,5560.0,5557.1,922,5150196.3,21-DEC-2016,288,INE484C01022,
TIIL,EQ,370.1,376.0,362.1,375.05,375.0,367.05,14867,5552237.15,21-DEC-2016,847,INE545H01011,
TIJARIA,EQ,5.5,5.7,5.0,5.05,5.35,5.2,4987,26133.15,21-DEC-2016,41,INE440L01017,
TIL,EQ,265.0,267.9,262.2,264.0,263.0,264.25,6132,1623336.1,21-DEC-2016,357,INE806C01018,
TIMESGTY,EQ,24.0,24.0,23.0,23.0,23.0,24.05,213,4949.0,21-DEC-2016,3,INE289C01025,
TIMETECHNO,EQ,96.75,96.9,92.25,92.65,92.8,95.05,230046,21654102.9,21-DEC-2016,4050,INE508G01029,
TIMKEN,EQ,583.05,592.0,574.0,580.8,583.1,584.15,11195,6517275.6,21-DEC-2016,715,INE325A01013,
TINPLATE,EQ,77.0,77.5,76.0,76.45,76.55,76.7,74018,5674531.95,21-DEC-2016,763,INE422C01014,
TIPSINDLTD,EQ,69.8,71.0,68.1,68.45,68.55,70.65,6803,472500.9,21-DEC-2016,182,INE716B01011,
TIRUMALCHM,EQ,751.0,754.85,720.1,724.7,723.9,747.3,53474,39254709.1,21-DEC-2016,2230,INE338A01016,
TITAN,EQ,319.7,327.9,313.0,319.7,318.0,317.95,1494083,474872155.7,21-DEC-2016,31407,INE280A01028,
TMRVL,BE,191.7,201.75,191.7,191.7,191.7,201.75,180437,34958534.1,21-DEC-2016,944,INE759V01019,
TNPETRO,EQ,24.25,24.75,24.25,24.35,24.35,24.55,30527,746367.05,21-DEC-2016,109,INE148A01019,
TNPL,EQ,337.45,339.0,334.1,337.05,337.2,334.1,42832,14412599.05,21-DEC-2016,1262,INE107A01015,
TOKYOPLAST,EQ,101.8,101.8,99.5,99.95,100.45,100.55,17984,1810890.55,21-DEC-2016,192,INE932C01012,
TORNTPHARM,EQ,1303.75,1338.0,1291.95,1327.7,1337.0,1291.1,143910,189084455.75,21-DEC-2016,17547,INE685A01028,
TORNTPOWER,EQ,176.95,178.9,176.5,177.1,176.55,176.65,145679,25864560.35,21-DEC-2016,3073,INE813H01021,
TPLPLASTEH,EQ,395.05,414.9,390.2,405.75,404.0,400.15,38091,15339564.95,21-DEC-2016,653,INE413G01014,
TREEHOUSE,EQ,20.45,20.75,18.75,18.95,19.05,20.05,1993982,38889182.9,21-DEC-2016,8294,INE040M01013,
TRENT,EQ,197.5,198.45,195.3,196.05,196.45,196.25,18327,3601956.55,21-DEC-2016,618,INE849A01020,
TRF,EQ,201.75,203.95,197.5,199.1,198.2,199.95,13533,2708659.1,21-DEC-2016,609,INE391D01019,
TRICOM,EQ,1.6,1.6,1.45,1.55,1.55,1.5,11669,17897.55,21-DEC-2016,25,INE771B01032,
TRIDENT,EQ,58.6,59.4,58.1,58.5,58.7,58.25,465317,27257750.05,21-DEC-2016,3456,INE064C01014,
TRIGYN,EQ,121.4,124.6,118.4,120.8,120.0,120.4,245874,29994984.2,21-DEC-2016,3947,INE948A01012,
TRIL,EQ,344.95,351.0,343.45,343.9,343.8,348.15,2769,958942.95,21-DEC-2016,220,INE763I01018,
TRITURBINE,EQ,115.1,117.25,114.2,115.0,115.0,116.65,789027,90746174.75,21-DEC-2016,509,INE152M01016,
TRIVENI,EQ,55.6,55.85,54.1,54.5,54.95,55.1,252007,13905923.2,21-DEC-2016,1944,INE256C01024,
TTKHLTCARE,EQ,882.2,892.5,875.0,888.4,888.0,873.5,79,69836.6,21-DEC-2016,18,INE910C01018,
TTKPRESTIG,EQ,5463.0,5500.0,5388.0,5416.35,5400.05,5462.9,1692,9221762.0,21-DEC-2016,648,INE690A01010,
TTL,EQ,44.8,46.9,44.7,45.15,45.4,45.3,4293,194830.35,21-DEC-2016,42,INE592B01016,
TTML,EQ,6.2,6.25,6.05,6.15,6.1,6.2,988779,6098208.9,21-DEC-2016,874,INE517B01013,
TUBEINVEST,EQ,568.0,572.25,555.2,559.5,555.2,565.45,9799,5494314.7,21-DEC-2016,737,INE149A01025,
TULSI,EQ,3.75,3.8,3.75,3.75,3.75,3.8,8083,30400.7,21-DEC-2016,18,INE474I01012,
TV18BRDCST,EQ,37.6,37.6,36.9,36.95,36.95,37.25,1513581,56297510.05,21-DEC-2016,2587,INE886H01027,
TVSELECT,EQ,206.8,209.35,201.2,202.2,202.3,205.25,427818,87961823.0,21-DEC-2016,6967,INE236G01019,
TVSMOTOR,EQ,370.0,373.05,369.95,371.1,371.0,370.55,797108,295927787.6,21-DEC-2016,5961,INE494B01023,
TVSSRICHAK,EQ,3171.2,3237.95,3170.0,3202.0,3208.0,3199.85,8374,26844040.5,21-DEC-2016,704,INE421C01016,
TVTODAY,EQ,260.0,266.15,258.25,263.7,265.8,260.35,145846,38271667.9,21-DEC-2016,2993,INE038F01029,
TVVISION,EQ,294.0,294.0,272.0,284.55,289.0,284.1,62998,17866504.8,21-DEC-2016,492,INE871L01013,
TWL,EQ,133.1,133.45,129.1,130.55,130.9,131.9,1878779,246778150.85,21-DEC-2016,15560,INE615H01020,
UBHOLDINGS,EQ,38.3,39.15,38.2,38.35,38.3,38.15,74302,2864827.9,21-DEC-2016,466,INE696A01025,
UBL,EQ,807.7,807.7,776.55,782.95,780.2,795.6,240913,189628462.35,21-DEC-2016,14240,INE686F01025,
UCALFUEL,EQ,171.6,176.45,169.45,170.6,170.55,170.35,168736,29218918.1,21-DEC-2016,3377,INE139B01016,
UCOBANK,EQ,34.3,34.45,33.75,34.0,33.85,34.0,334852,11429309.75,21-DEC-2016,1635,INE691A01018,
UFLEX,EQ,265.0,268.0,264.0,265.5,266.1,264.35,89500,23811288.55,21-DEC-2016,1587,INE516A01017,
UFO,EQ,413.0,434.4,405.1,412.6,412.9,408.7,217879,89820193.6,21-DEC-2016,4402,INE527H01019,
UGARSUGAR,EQ,24.95,24.95,23.4,23.45,23.55,24.55,423758,10116331.25,21-DEC-2016,1572,INE071E01023,
UJAAS,EQ,47.1,47.7,44.6,45.15,45.5,46.85,857378,39651789.5,21-DEC-2016,5056,INE899L01022,
UJJIVAN,EQ,313.5,317.5,307.1,308.25,307.5,310.3,647402,202171276.4,21-DEC-2016,13859,INE334L01012,
ULTRACEMCO,EQ,3180.0,3211.45,3166.5,3192.35,3185.0,3145.6,304789,972316848.5,21-DEC-2016,27021,INE481G01011,
UMANGDAIRY,EQ,69.05,70.9,68.65,70.35,70.9,69.5,6047,423589.5,21-DEC-2016,128,INE864B01027,
UMESLTD,EQ,2.25,2.25,2.25,2.25,2.25,2.35,202,454.5,21-DEC-2016,2,INE240C01028,
UNICHEMLAB,EQ,266.0,271.8,266.0,268.05,268.0,269.7,32002,8591144.2,21-DEC-2016,752,INE351A01035,
UNIENTER,EQ,63.4,65.25,63.15,64.25,64.4,63.15,8327,532691.7,21-DEC-2016,63,INE037A01022,
UNIONBANK,EQ,130.15,130.95,127.5,128.1,127.65,129.35,3408851,440229579.2,21-DEC-2016,23373,INE692A01016,
UNIPLY,EQ,210.0,217.4,208.1,214.95,213.65,211.15,5013,1062749.25,21-DEC-2016,338,INE950G01015,
UNITECH,EQ,4.3,4.35,4.2,4.3,4.35,4.2,9957743,42728479.3,21-DEC-2016,8182,INE694A01020,
UNITEDBNK,EQ,20.3,20.65,20.3,20.5,20.5,20.45,63816,1305095.55,21-DEC-2016,376,INE695A01019,
UNITEDTEA,EQ,320.0,339.75,320.0,320.4,326.0,315.0,354,116069.3,21-DEC-2016,16,INE458F01011,
UNITY,EQ,8.65,8.85,8.55,8.55,8.55,8.65,22082,190161.55,21-DEC-2016,115,INE466H01028,
UNIVCABLES,EQ,72.45,72.45,70.0,70.45,70.0,70.6,1535,108187.85,21-DEC-2016,37,INE279A01012,
UPERGANGES,EQ,265.0,265.9,250.5,251.7,251.0,263.4,105530,27205039.75,21-DEC-2016,2600,INE018B01012,
UPL,EQ,635.0,638.4,625.35,631.1,629.2,634.3,685134,432270327.75,21-DEC-2016,24314,INE628A01036,
USHAMART,EQ,16.0,16.0,15.0,15.15,15.15,15.55,947115,14638663.0,21-DEC-2016,1732,INE228A01035,
USHERAGRO,EQ,10.45,11.35,10.4,10.95,11.0,10.85,266603,2943610.45,21-DEC-2016,639,INE235G01011,
UTINIFTETF,EQ,828.85,828.95,828.85,828.95,828.95,826.29,3,2486.65,21-DEC-2016,2,INF789FB1X41,
UTISENSETF,EQ,268.0,268.0,268.0,268.0,268.0,269.8,2,536.0,21-DEC-2016,2,INF789FB1X58,
UTTAMSTL,EQ,28.4,28.4,27.85,27.9,27.85,28.05,29376,823119.8,21-DEC-2016,259,INE699A01011,
UTTAMSUGAR,EQ,45.4,45.5,44.55,45.05,45.25,44.55,15801,711235.85,21-DEC-2016,141,INE786F01031,
UVSL,EQ,0.45,0.5,0.4,0.5,0.5,0.45,288582,130162.4,21-DEC-2016,37,INE292A01023,
V2RETAIL,EQ,108.75,108.8,103.55,104.6,103.8,106.2,122362,12855060.7,21-DEC-2016,422,INE945H01013,
VADILALIND,EQ,525.0,525.0,510.0,514.6,511.05,515.1,22034,11324073.35,21-DEC-2016,364,INE694D01016,
VAIBHAVGBL,EQ,262.05,267.85,261.1,264.55,263.0,264.5,1588,421576.2,21-DEC-2016,988,INE884A01019,
VAKRANGEE,EQ,268.7,275.9,267.6,274.8,275.45,269.2,1992030,540424536.1,21-DEC-2016,11871,INE051B01021,
VALUEIND,EQ,11.8,12.2,11.45,12.0,12.2,12.0,1703,20196.2,21-DEC-2016,23,INE352A01017,
VARDHACRLC,EQ,46.7,47.7,46.5,46.95,46.9,46.35,44365,2088699.3,21-DEC-2016,472,INE116G01013,
VARDMNPOLY,EQ,75.4,77.0,74.85,75.2,75.0,74.9,111545,8428493.15,21-DEC-2016,1248,INE835A01011,
VASCONEQ,EQ,28.65,30.05,28.35,28.95,28.95,28.4,320911,9375032.7,21-DEC-2016,2477,INE893I01013,
VASWANI,EQ,9.6,9.6,8.7,9.6,9.6,9.35,1857,16496.8,21-DEC-2016,10,INE590L01019,
VBL,EQ,407.05,407.05,395.65,397.65,399.0,406.05,35036,14002715.15,21-DEC-2016,1567,INE200M01013,
VEDL,EQ,225.1,227.9,222.5,226.1,225.6,224.4,7327969,1656234599.5,21-DEC-2016,65081,INE205A01025,
VENKEYS,EQ,421.0,426.15,417.05,420.7,419.15,420.7,6204,2604699.7,21-DEC-2016,391,INE398A01010,
VENUSREM,EQ,106.55,108.0,104.3,105.5,104.6,105.85,84221,8963154.95,21-DEC-2016,1712,INE411B01019,
VESUVIUS,EQ,1066.0,1066.0,1030.1,1044.9,1045.0,1052.9,809,843287.15,21-DEC-2016,188,INE386A01015,
VETO,EQ,129.35,130.0,126.1,126.95,126.75,129.3,29004,3720791.75,21-DEC-2016,808,INE918N01018,
VGUARD,EQ,163.95,165.4,162.2,164.75,164.95,161.55,237163,39014233.85,21-DEC-2016,6162,INE951I01027,
VHL,EQ,1725.5,1770.0,1725.5,1731.25,1730.0,1726.25,42,72798.15,21-DEC-2016,7,INE701A01023,
VICEROY,EQ,19.2,19.3,18.6,18.75,18.85,19.15,85408,1620557.5,21-DEC-2016,352,INE048C01017,
VIDEOIND,EQ,104.65,104.65,103.05,103.7,103.5,103.8,200790,20873741.45,21-DEC-2016,679,INE703A01011,
VIDHIDYE,EQ,53.0,54.0,49.9,50.65,50.8,52.65,85777,4430181.45,21-DEC-2016,814,INE632C01026,
VIJAYABANK,EQ,48.3,48.35,47.1,47.65,48.35,47.75,272670,13054621.5,21-DEC-2016,1885,INE705A01016,
VIJIFIN,EQ,17.35,18.5,16.7,16.7,16.7,18.55,1402465,24822434.1,21-DEC-2016,962,INE159N01027,
VIJSHAN,EQ,11.3,11.5,10.3,10.85,11.15,11.1,9377,103317.2,21-DEC-2016,63,INE806F01011,
VIKASECO,EQ,18.0,18.15,17.25,17.45,17.4,17.95,511792,9076391.1,21-DEC-2016,2119,INE806A01020,
VIMALOIL,EQ,40.2,40.2,38.0,38.6,38.3,38.95,4949,192468.6,21-DEC-2016,83,INE067D01015,
VIMTALABS,EQ,95.95,108.4,95.55,105.05,104.8,95.7,1920554,201506441.75,21-DEC-2016,22473,INE579C01029,
VINATIORGA,EQ,589.25,601.25,585.5,585.65,585.5,594.9,7232,4257452.95,21-DEC-2016,473,INE410B01029,
VINDHYATEL,EQ,600.0,600.0,582.25,595.25,597.0,589.8,6410,3793996.4,21-DEC-2016,423,INE707A01012,
VINYLINDIA,EQ,59.8,60.6,59.15,60.0,60.0,59.95,6931,414575.0,21-DEC-2016,65,INE250B01029,
VIPCLOTHNG,EQ,52.95,53.8,52.05,53.0,52.8,51.55,54596,2890754.1,21-DEC-2016,613,INE450G01024,
VIPIND,EQ,119.5,119.5,115.55,116.15,116.0,118.55,61564,7239899.65,21-DEC-2016,801,INE054A01027,
VIPULLTD,EQ,57.9,58.45,57.05,57.5,57.5,57.9,34269,1992420.7,21-DEC-2016,267,INE946H01037,
VISAKAIND,EQ,184.05,188.25,182.25,183.8,183.3,186.35,11737,2176975.85,21-DEC-2016,446,INE392A01013,
VISASTEEL,EQ,18.2,19.3,17.55,17.85,18.0,17.75,25731,467650.45,21-DEC-2016,238,INE286H01012,
VISESHINFO,BE,0.35,0.35,0.3,0.3,0.3,0.35,14140103,4261575.9,21-DEC-2016,805,INE861A01058,
VISHNU,EQ,251.2,252.0,245.25,247.35,246.5,246.3,2463,609801.2,21-DEC-2016,160,INE270I01014,
VIVIDHA,EQ,1.9,1.9,1.85,1.9,1.85,1.85,676233,1265806.6,21-DEC-2016,154,INE370E01029,
VIVIMEDLAB,EQ,89.65,93.8,88.2,90.3,90.0,88.8,648224,59097896.95,21-DEC-2016,5870,INE526G01021,
VKSPL,EQ,0.15,0.15,0.15,0.15,0.15,0.1,1,0.15,21-DEC-2016,1,INE213M01024,
VLSFINANCE,EQ,49.6,52.3,48.5,50.3,50.6,48.75,99915,5043202.7,21-DEC-2016,1072,INE709A01018,
VMART,EQ,475.0,478.8,468.0,472.05,468.0,475.0,552,260516.45,21-DEC-2016,69,INE665J01013,
VOLTAMP,EQ,900.0,900.75,885.6,895.15,898.0,892.8,8790,7852591.35,21-DEC-2016,857,INE540H01012,
VOLTAS,EQ,307.6,312.1,304.1,310.0,311.95,308.25,567396,174975952.0,21-DEC-2016,10723,INE226A01021,
VRLLOG,EQ,265.65,270.7,265.15,268.65,270.05,267.85,72713,19454421.6,21-DEC-2016,2168,INE366I01010,
VSSL,EQ,96.5,96.5,90.55,93.15,93.95,92.9,1040,97886.45,21-DEC-2016,41,INE050M01012,
VSTIND,EQ,2256.05,2256.05,2230.0,2230.45,2237.0,2250.05,2286,5101690.9,21-DEC-2016,74,INE710A01016,
VSTTILLERS,EQ,1707.55,1740.0,1707.55,1733.0,1730.0,1735.7,15425,26534439.7,21-DEC-2016,113,INE764D01017,
VTL,EQ,1100.5,1104.55,1090.0,1091.8,1093.55,1099.15,3031,3327469.4,21-DEC-2016,443,INE825A01012,
WABAG,EQ,473.0,473.0,460.15,462.65,461.05,469.75,67494,31529247.0,21-DEC-2016,17101,INE956G01038,
WABCOINDIA,EQ,5058.0,5126.55,4880.0,4904.05,4899.85,5055.45,9275,45710082.45,21-DEC-2016,1219,INE342J01019,
WALCHANNAG,EQ,150.9,153.9,148.5,150.7,150.2,149.45,120090,18118710.85,21-DEC-2016,2177,INE711A01022,
WANBURY,BE,57.85,59.0,56.6,56.85,56.65,57.85,12896,738338.4,21-DEC-2016,86,INE107F01022,
WEBELSOLAR,EQ,39.1,39.8,38.4,38.7,38.85,39.35,8620,336718.55,21-DEC-2016,125,INE855C01015,
WEIZFOREX,EQ,168.0,168.0,168.0,168.0,168.0,168.0,25,4200.0,21-DEC-2016,1,INE726L01019,
WEIZMANIND,EQ,29.3,30.0,29.3,29.3,29.3,29.7,353,10517.9,21-DEC-2016,6,INE080A01014,
WELCORP,EQ,77.0,83.45,77.0,79.75,80.05,75.4,2852717,230777887.6,21-DEC-2016,17886,INE191B01025,
WELENT,EQ,65.45,65.7,62.5,64.75,64.8,65.3,971913,62709253.0,21-DEC-2016,6164,INE625G01013,
WELINV,EQ,80.6,80.6,77.5,80.6,80.6,82.35,205,16391.5,21-DEC-2016,13,INE389K01018,
WELSPUNIND,EQ,66.45,68.1,66.35,66.85,66.65,65.95,779395,52314490.0,21-DEC-2016,5317,INE192B01031,
WENDT,EQ,1750.0,1757.0,1742.0,1742.0,1742.0,1740.0,57,99733.0,21-DEC-2016,7,INE274C01019,
WHEELS,EQ,1122.0,1139.0,1100.0,1102.65,1100.0,1119.35,413,458110.65,21-DEC-2016,95,INE715A01015,
WHIRLPOOL,EQ,888.75,898.05,872.0,875.2,885.0,894.3,8182,7214064.0,21-DEC-2016,1053,INE716A01013,
WILLAMAGOR,EQ,53.0,62.7,51.05,57.4,57.6,52.25,212332,12914822.9,21-DEC-2016,1221,INE210A01017,
WINDMACHIN,EQ,47.05,48.3,46.0,46.25,46.0,47.85,13575,630905.8,21-DEC-2016,125,INE052A01021,
WINSOME,EQ,1.9,1.9,1.9,1.9,1.9,1.85,31650,60135.0,21-DEC-2016,17,INE784B01035,
WIPRO,EQ,468.5,470.5,461.2,462.45,462.5,466.65,1028742,478900095.1,21-DEC-2016,44005,INE075A01022,
WOCKPHARMA,EQ,686.6,688.4,666.0,669.05,669.0,683.3,679604,460783748.4,21-DEC-2016,13554,INE049B01025,
WONDERLA,EQ,341.8,346.45,337.05,340.0,338.6,345.0,19279,6601961.7,21-DEC-2016,1623,INE066O01014,
WSI,EQ,8.3,8.65,8.0,8.05,8.05,8.35,3926,31890.8,21-DEC-2016,24,INE100D01014,
WSTCSTPAPR,EQ,137.95,137.95,130.45,132.4,131.3,135.25,71280,9554149.2,21-DEC-2016,900,INE976A01021,
XCHANGING,EQ,60.55,63.7,60.1,61.95,61.85,60.55,20750,1293028.7,21-DEC-2016,495,INE692G01013,
XPROINDIA,EQ,47.9,47.95,45.35,45.7,45.55,46.7,6311,296159.8,21-DEC-2016,128,INE445C01015,
YESBANK,EQ,1151.9,1156.55,1134.1,1138.35,1138.2,1147.1,2431626,2786480029.8,21-DEC-2016,66542,INE528G01019,
ZANDUREALT,EQ,1146.0,1159.95,1145.0,1147.05,1148.0,1145.8,429,493453.45,21-DEC-2016,147,INE719A01017,
ZEEL,EQ,449.0,449.0,440.1,441.45,442.05,448.5,1281057,567996299.95,21-DEC-2016,54121,INE256A01028,
ZEELEARN,EQ,39.75,39.75,39.0,39.25,39.35,39.3,208818,8189942.35,21-DEC-2016,1041,INE565L01011,
ZEEMEDIA,EQ,39.95,40.15,39.0,39.1,39.1,39.75,716781,28332027.5,21-DEC-2016,2407,INE966H01019,
ZENITHBIR,EQ,0.65,0.7,0.65,0.7,0.7,0.7,6850,4752.5,21-DEC-2016,6,INE318D01020,
ZENSARTECH,EQ,984.0,996.5,965.0,969.8,966.65,984.4,4230,4138347.85,21-DEC-2016,570,INE520A01019,
ZENTEC,EQ,65.45,66.0,63.5,65.1,65.0,64.45,270425,17515580.35,21-DEC-2016,673,INE251B01027,
ZICOM,EQ,40.65,46.5,40.25,44.05,44.3,40.45,1196200,53684615.1,21-DEC-2016,9066,INE871B01014,
ZODIACLOTH,EQ,182.1,184.95,180.3,181.15,180.3,181.5,128,23207.1,21-DEC-2016,22,INE206B01013,
ZUARI,EQ,235.05,235.05,226.5,231.15,231.0,235.7,68660,15825699.8,21-DEC-2016,2573,INE840M01016,
ZUARIGLOB,EQ,94.25,95.7,94.0,94.0,94.0,94.6,3549,334030.25,21-DEC-2016,45,INE217A01012,
ZYDUSWELL,EQ,853.0,875.0,853.0,863.25,858.0,861.1,2235,1926185.7,21-DEC-2016,371,INE768C01010,
ZYLOG,EQ,5.75,6.4,5.75,6.1,6.0,5.95,318583,1970488.7,21-DEC-2016,409,INE225I01026,
