SYMBOL,SERIES,OPEN,HIGH,LOW,CLOSE,LAST,PREVCLOSE,TOTTRDQTY,TOTTRDVAL,TIMESTAMP,TOTALTRADES,ISIN,UNNAMED: 13
20MICRONS,EQ,57.0,58.15,55.75,56.65,56.9,57.1,60066,3428563.45,16-SEP-2011,330,INE144J01019,
3IINFOTECH,EQ,29.0,29.4,28.55,28.75,28.8,29.0,789155,22777315.15,16-SEP-2011,3875,INE748C01020,
3MINDIA,EQ,4330.05,4454.0,4330.05,4424.05,4440.0,4361.45,85,372818.15,16-SEP-2011,38,INE470A01017,
A2ZMES,EQ,225.8,230.25,222.05,225.0,225.0,224.9,344802,77934823.15,16-SEP-2011,7896,INE619I01012,
AANJANEYA,EQ,434.4,456.65,429.1,447.5,451.0,426.45,215654,96833767.0,16-SEP-2011,5307,INE928K01013,
AARTIDRUGS,EQ,112.1,113.4,112.1,113.25,113.4,112.45,381,42939.05,16-SEP-2011,26,INE767A01016,
AARTIIND,EQ,49.65,49.65,48.0,48.15,48.0,49.85,18804,918899.25,16-SEP-2011,177,INE769A01020,
AARVEEDEN,EQ,35.15,38.5,35.0,36.7,36.7,35.05,1252,45255.4,16-SEP-2011,16,INE273D01019,
ABAN,EQ,402.0,406.7,385.2,387.6,385.85,400.55,813558,321712666.4,16-SEP-2011,20613,INE421A01028,
ABB,EQ,868.05,877.0,821.0,832.9,827.95,865.95,190769,161558299.3,16-SEP-2011,8061,INE117A01022,
ABBOTINDIA,EQ,1515.0,1515.0,1490.0,1504.55,1505.0,1513.5,1523,2295165.25,16-SEP-2011,206,INE358A01014,
ABCIL,EQ,105.35,105.35,102.55,103.4,102.65,103.5,2616,271878.2,16-SEP-2011,86,INE605B01016,
ABGSHIP,EQ,383.2,388.9,376.05,384.4,385.5,379.55,280907,107623695.8,16-SEP-2011,5913,INE067H01016,
ABHISHEK,EQ,10.85,10.85,10.25,10.65,10.5,10.5,2136,22554.25,16-SEP-2011,32,INE004I01017,
ABIRLANUVO,EQ,931.0,959.8,905.05,937.75,944.8,922.3,177831,165936343.6,16-SEP-2011,10696,INE069A01017,
ACC,EQ,1062.15,1073.2,1027.5,1037.9,1042.7,1064.85,437667,463383781.2,16-SEP-2011,15219,INE012A01025,
ACE,EQ,47.4,48.5,46.85,47.9,48.25,47.0,98612,4686249.35,16-SEP-2011,801,INE731H01025,
ACKRUTI,EQ,194.0,202.75,194.0,199.25,201.0,194.0,23228,4627372.1,16-SEP-2011,1006,INE703H01016,
ACROPETAL,EQ,19.35,19.75,18.8,19.3,19.3,19.35,211278,4057770.1,16-SEP-2011,1330,INE055L01013,
ADANIENT,EQ,586.0,602.0,582.25,599.5,596.1,586.2,425703,253587440.85,16-SEP-2011,10425,INE423A01024,
ADANIPOWER,EQ,86.5,87.5,85.3,86.6,86.4,85.7,386059,33340462.4,16-SEP-2011,4541,INE814H01011,
ADFFOODS,EQ,57.3,58.4,57.0,57.55,57.0,57.15,2984,171318.95,16-SEP-2011,82,INE982B01019,
ADHUNIK,EQ,54.4,57.8,54.4,54.75,54.5,54.95,293177,16401529.1,16-SEP-2011,4077,INE400H01019,
ADORWELD,EQ,152.55,157.9,150.1,151.35,153.5,152.3,6932,1064371.4,16-SEP-2011,187,INE045A01017,
ADSL,EQ,31.3,32.65,30.95,30.95,30.95,32.55,68543,2131172.65,16-SEP-2011,386,INE102I01027,
ADVANIHOTR,EQ,35.8,36.7,35.55,35.55,35.55,35.1,144,5219.2,16-SEP-2011,4,INE199C01026,
ADVANTA,EQ,407.0,414.0,393.0,395.45,396.0,405.35,88866,36048183.15,16-SEP-2011,3054,INE517H01010,
AEGISCHEM,EQ,202.0,203.5,197.0,198.7,197.2,201.2,14050,2822358.15,16-SEP-2011,459,INE208C01017,
AFL,EQ,40.2,40.35,39.05,40.0,40.2,40.35,8728,349301.05,16-SEP-2011,72,INE020G01017,
AFTEK,EQ,11.6,11.8,11.5,11.5,11.5,11.6,43546,504828.95,16-SEP-2011,156,INE796A01023,
AGCNET,EQ,118.0,123.0,117.95,120.85,121.0,123.5,227,26932.45,16-SEP-2011,28,INE676A01019,
AGRE,EQ,42.55,43.7,41.1,42.7,43.2,41.2,1470,61972.3,16-SEP-2011,34,INE360L01017,
AGRODUTCH,EQ,7.8,8.15,7.8,7.8,7.8,7.7,13773,109237.85,16-SEP-2011,74,INE135B01014,
AHLEAST,EQ,300.5,300.5,291.1,296.1,296.1,304.0,10118,3039609.3,16-SEP-2011,9,INE926K01017,
AHLUCONT,EQ,113.5,114.95,113.0,113.4,113.0,112.25,616,70008.25,16-SEP-2011,118,INE758C01029,
AHLWEST,EQ,162.7,165.0,162.6,162.7,163.3,167.5,743,121778.85,16-SEP-2011,63,INE915K01010,
AHMEDFORGE,EQ,108.55,109.85,106.65,107.85,108.3,108.45,7447,806502.4,16-SEP-2011,186,INE425A01011,
AIAENG,EQ,310.5,315.8,307.05,309.95,310.0,309.2,4878,1521769.1,16-SEP-2011,691,INE212H01026,
AJANTPHARM,EQ,323.0,325.95,319.0,319.6,319.55,321.8,4839,1555635.75,16-SEP-2011,349,INE031B01015,
AJMERA,EQ,129.0,132.5,126.5,127.7,127.8,129.05,19123,2472642.3,16-SEP-2011,616,INE298G01027,
AKSHOPTFBR,EQ,6.85,6.85,6.6,6.7,6.7,6.75,17665,117474.2,16-SEP-2011,82,INE523B01011,
AKZOINDIA,EQ,945.0,952.0,937.1,940.95,940.0,943.9,5068,4786015.4,16-SEP-2011,211,INE133A01011,
ALBK,EQ,168.15,169.5,162.4,164.25,164.15,167.55,1221127,202909447.15,16-SEP-2011,26766,INE428A01015,
ALCHEM,EQ,265.55,267.0,263.0,264.0,263.0,264.9,100740,26675262.8,16-SEP-2011,807,INE964B01033,
ALEMBICLTD,EQ,20.2,20.5,19.65,19.9,20.0,19.95,23046,460692.95,16-SEP-2011,322,INE426A01027,
ALFALAVAL,EQ,1950.0,1978.9,1930.0,1969.1,1978.0,1957.2,3908,7657435.1,16-SEP-2011,527,INE427A01017,
ALICON,BE,60.8,60.8,60.55,60.55,60.55,60.75,6,364.05,16-SEP-2011,2,INE062D01024,
ALKALI,EQ,42.55,42.55,40.1,40.9,40.8,41.6,3494,144637.7,16-SEP-2011,132,INE773I01017,
ALKYLAMINE,EQ,86.15,90.0,85.1,87.25,87.9,85.15,3771,329056.75,16-SEP-2011,65,INE150B01013,
ALLCARGO,EQ,147.3,152.6,147.3,149.45,149.0,149.55,1293,193857.4,16-SEP-2011,26,INE418H01029,
ALLSEC,EQ,16.9,17.0,16.05,16.35,16.35,16.55,1051,17338.0,16-SEP-2011,17,INE835G01018,
ALMONDZ,EQ,23.95,24.5,23.8,24.45,24.45,22.95,203,4928.45,16-SEP-2011,9,INE326B01027,
ALOKTEXT,EQ,18.75,18.8,18.2,18.35,18.2,18.45,7472722,138233128.8,16-SEP-2011,11772,INE270A01011,
ALPA,EQ,8.15,8.7,8.15,8.65,8.65,8.8,1305,11205.75,16-SEP-2011,12,INE385I01010,
ALPHAGEO,EQ,103.0,104.9,102.0,104.3,104.5,100.0,1040,107449.75,16-SEP-2011,34,INE137C01018,
ALPSINDUS,BE,3.0,3.15,3.0,3.05,3.0,3.05,4820,14535.15,16-SEP-2011,18,INE093B01015,
AMAR,EQ,110.4,113.05,110.0,110.4,110.0,109.7,100499,11195434.05,16-SEP-2011,775,INE787G01011,
AMARAJABAT,EQ,226.0,226.9,222.0,222.95,223.15,224.2,18093,4050683.35,16-SEP-2011,576,INE885A01024,
AMARJOTHI,EQ,56.2,56.3,55.0,55.0,55.0,55.85,927,51452.05,16-SEP-2011,25,INE484D01012,
AMBIKCO,EQ,176.55,182.65,171.5,172.6,173.0,179.45,3947,700773.8,16-SEP-2011,143,INE540G01014,
AMBUJACEM,EQ,150.05,152.4,141.05,143.7,142.8,150.25,4464428,655113810.85,16-SEP-2011,26177,INE079A01024,
AMDIND,EQ,20.95,20.95,20.25,20.7,20.7,20.75,3153,65030.35,16-SEP-2011,47,INE005I01014,
AMLSTEEL,EQ,12.75,13.8,12.75,12.8,12.75,13.85,907,12120.3,16-SEP-2011,14,INE577F01018,
AMRUTANJAN,EQ,818.0,823.0,787.0,797.05,801.0,808.9,88003,70965381.3,16-SEP-2011,4595,INE098F01015,
AMTEKAUTO,EQ,140.55,141.8,136.4,137.3,137.5,140.45,531031,73490259.8,16-SEP-2011,3501,INE130C01021,
AMTEKINDIA,EQ,115.5,116.8,111.5,112.7,111.75,115.25,30518,3465497.1,16-SEP-2011,636,INE068D01021,
ANANTRAJ,EQ,64.5,64.5,61.3,62.05,62.1,64.55,471313,29879622.4,16-SEP-2011,6470,INE242C01024,
ANDHRABANK,EQ,122.35,123.9,121.85,122.05,122.2,122.25,665241,81536908.45,16-SEP-2011,6008,INE434A01013,
ANDHRACEMT,BE,11.0,11.0,11.0,11.0,11.0,10.45,27863,306493.0,16-SEP-2011,90,INE666E01012,
ANDHRSUGAR,EQ,103.75,105.0,102.05,102.9,103.15,104.25,26292,2715392.6,16-SEP-2011,454,INE715B01013,
ANGIND,EQ,23.45,23.45,21.65,21.9,21.9,21.65,2600,56713.35,16-SEP-2011,26,INE017D01010,
ANIKINDS,EQ,34.45,35.85,34.25,34.25,34.25,34.45,1511,52345.05,16-SEP-2011,26,INE087B01017,
ANKURDRUGS,BE,32.0,32.95,31.75,31.95,32.1,32.8,23490,757805.9,16-SEP-2011,150,INE238D01012,
ANSALAPI,EQ,31.25,32.0,31.1,31.55,31.8,31.25,181545,5713400.35,16-SEP-2011,1839,INE436A01026,
ANSALHSG,EQ,40.1,41.1,39.55,40.2,40.35,40.4,4485,179548.7,16-SEP-2011,100,INE880B01015,
ANTGRAPHIC,BE,0.25,0.3,0.2,0.25,0.25,0.25,22318,5568.0,16-SEP-2011,12,INE414B01021,
APARINDS,EQ,166.95,167.05,166.0,166.05,166.0,166.4,2558,425088.25,16-SEP-2011,58,INE372A01015,
APCOTEXIND,EQ,161.3,165.9,161.25,162.7,162.55,165.85,454,74189.55,16-SEP-2011,89,INE116A01016,
APIL,EQ,532.5,540.0,525.0,527.85,526.95,530.8,35811,19034724.7,16-SEP-2011,2009,INE878A01011,
APLAB,EQ,37.5,39.85,36.1,36.15,36.15,37.6,1089,40533.4,16-SEP-2011,27,INE273A01015,
APOLLOHOSP,EQ,520.0,530.05,519.05,527.4,524.5,520.05,35040,18288771.55,16-SEP-2011,1833,INE437A01024,
APOLLOTYRE,EQ,60.5,60.85,58.5,58.8,58.8,60.0,1041860,61979760.9,16-SEP-2011,7839,INE438A01022,
APPAPER,EQ,361.25,374.85,361.25,363.1,363.75,362.35,203741,74767645.95,16-SEP-2011,1279,INE435A01028,
APTECHT,EQ,137.7,138.0,131.95,133.0,133.2,136.55,784309,105407238.8,16-SEP-2011,11484,INE266F01018,
AQUA,EQ,14.0,14.75,13.9,14.1,14.0,14.05,594875,8407268.8,16-SEP-2011,424,INE544K01026,
ARCHIDPLY,BE,12.4,13.7,12.4,13.7,13.7,13.05,5782,77701.85,16-SEP-2011,73,INE877I01016,
ARCHIES,EQ,40.05,40.95,40.05,40.45,40.7,40.5,29125,1179251.8,16-SEP-2011,339,INE731A01020,
AREVAT&D,EQ,222.8,228.9,220.05,224.4,223.1,219.3,68848,15537158.15,16-SEP-2011,2868,INE200A01026,
ARIES,EQ,88.0,92.0,84.6,88.05,88.0,84.15,14911,1306514.55,16-SEP-2011,247,INE298I01015,
ARIHANT,EQ,61.8,64.95,61.8,64.95,64.95,61.85,263,17072.4,16-SEP-2011,8,INE413D01011,
ARL,EQ,2.25,2.35,2.25,2.25,2.25,2.3,146741,333781.05,16-SEP-2011,66,INE211C01029,
AROGRANITE,EQ,38.05,38.95,37.2,38.4,38.05,38.95,280,10761.0,16-SEP-2011,11,INE210C01013,
ARROWTEX,EQ,9.05,9.5,9.05,9.4,9.4,9.5,430,4026.45,16-SEP-2011,8,INE933J01015,
ARSHIYA,EQ,130.05,130.05,123.6,124.45,124.35,127.75,60049,7621755.5,16-SEP-2011,969,INE968D01022,
ARSSINFRA,EQ,330.0,388.2,330.0,376.9,377.3,370.4,1400319,532410899.8,16-SEP-2011,39231,INE267I01010,
ARVIND,EQ,94.3,94.7,91.85,92.45,92.3,93.85,2478271,230980580.0,16-SEP-2011,16880,INE034A01011,
ASAHIINDIA,EQ,70.05,71.4,69.45,69.5,70.5,70.45,2542,177741.0,16-SEP-2011,87,INE439A01020,
ASAHISONG,EQ,105.6,105.6,102.1,103.2,103.0,101.1,1302,134739.8,16-SEP-2011,33,INE228I01012,
ASAL,EQ,53.95,56.2,53.55,54.5,54.5,54.55,3109,171027.25,16-SEP-2011,61,INE900C01027,
ASHAPURMIN,EQ,17.2,17.55,17.2,17.25,17.2,17.15,18492,319630.0,16-SEP-2011,138,INE348A01023,
ASHCONIUL,EQ,2.25,2.5,2.25,2.3,2.3,2.5,8385,19743.9,16-SEP-2011,25,INE714F01033,
ASHIANA,EQ,150.0,150.9,144.0,146.1,144.1,146.3,2536,377009.35,16-SEP-2011,53,INE365D01013,
ASHIMASYN,EQ,4.55,4.75,4.4,4.4,4.4,4.75,1617,7525.3,16-SEP-2011,5,INE440A01010,
ASHOKA,EQ,260.1,267.0,256.05,261.8,261.0,269.5,239,61969.9,16-SEP-2011,32,INE442H01011,
ASHOKLEY,EQ,27.0,27.35,26.0,26.15,26.25,26.9,6370957,169847444.5,16-SEP-2011,20685,INE208A01029,
ASIANELEC,BE,7.85,8.2,7.8,7.9,7.95,7.85,11440,90538.85,16-SEP-2011,60,INE441A01026,
ASIANHOTNR,EQ,186.0,194.6,186.0,187.95,187.1,188.75,522,98562.1,16-SEP-2011,37,INE363A01022,
ASIANPAINT,EQ,3130.0,3151.0,3001.3,3038.85,3030.0,3126.35,78525,242052010.6,16-SEP-2011,8715,INE021A01018,
ASIANTILES,EQ,43.0,43.0,42.8,43.0,43.0,43.9,1041,44757.0,16-SEP-2011,9,INE022I01019,
ASSAMCO,EQ,12.0,12.15,11.9,12.0,12.0,11.95,77570,931049.2,16-SEP-2011,184,INE442A01024,
ASTEC,EQ,36.05,37.4,36.0,36.3,36.6,36.55,2898,106086.4,16-SEP-2011,62,INE563J01010,
ASTERSILI,EQ,19.2,20.4,18.7,19.05,19.0,20.1,18839,363849.75,16-SEP-2011,164,INE900K01012,
ASTRAL,EQ,187.0,187.0,185.0,186.0,186.0,188.9,2018,374960.8,16-SEP-2011,39,INE006I01020,
ASTRAMICRO,EQ,24.55,28.3,24.35,25.35,25.45,25.05,32332,826089.45,16-SEP-2011,669,INE386C01029,
ASTRAZEN,EQ,1260.05,1314.9,1251.5,1306.3,1276.05,1253.25,937,1203479.5,16-SEP-2011,108,INE203A01020,
ATFL,EQ,410.0,416.95,408.65,411.65,411.0,407.0,1712,706488.7,16-SEP-2011,110,INE209A01019,
ATLANTA,EQ,67.85,67.85,66.6,66.85,66.7,66.85,76469,5136123.2,16-SEP-2011,1084,INE285H01022,
ATLASCYCLE,EQ,392.0,392.7,370.1,375.75,375.05,390.55,33803,12902854.35,16-SEP-2011,1815,INE446A01017,
ATNINTER,EQ,1.0,1.05,0.9,0.9,0.9,0.85,4521,4320.9,16-SEP-2011,5,INE803A01027,
ATUL,EQ,223.1,225.95,217.0,218.5,218.3,222.1,25253,5561480.2,16-SEP-2011,548,INE100A01010,
AURIONPRO,EQ,159.0,159.0,138.0,143.5,143.5,137.0,3691,548992.0,16-SEP-2011,9,INE132H01018,
AUROPHARMA,EQ,134.0,138.5,128.35,135.3,136.65,130.3,1634467,216115997.5,16-SEP-2011,16174,INE406A01037,
AUSTRAL,BE,2.2,2.25,2.15,2.15,2.15,2.25,164421,358643.85,16-SEP-2011,136,INE455J01027,
AUTOAXLES,EQ,415.0,415.8,401.8,408.9,401.8,409.2,576,235304.95,16-SEP-2011,28,INE449A01011,
AUTOIND,EQ,122.3,123.0,120.0,120.2,120.1,121.9,19616,2374935.75,16-SEP-2011,767,INE718H01014,
AUTOLITIND,EQ,17.85,18.7,17.8,18.55,18.6,17.95,227,4160.6,16-SEP-2011,70,INE448A01013,
AVANTI,BE,75.75,75.8,72.05,72.75,72.05,75.75,1536,113877.5,16-SEP-2011,30,INE871C01012,
AVENTIS,EQ,2253.4,2279.0,2190.0,2209.85,2190.0,2273.1,907,2033855.45,16-SEP-2011,203,INE058A01010,
AVTNPL,EQ,393.95,395.55,378.0,395.55,395.55,376.7,6285,2437458.5,16-SEP-2011,278,INE488D01013,
AXIS-IT&T,EQ,83.4,97.0,83.4,91.8,91.55,91.5,34390,3235972.25,16-SEP-2011,798,INE555B01013,
AXISBANK,EQ,1131.0,1140.95,1105.7,1133.35,1133.4,1115.7,3263502,3679134085.4,16-SEP-2011,91178,INE238A01026,
AXISGOLD,EQ,2717.0,2717.0,2677.0,2704.15,2705.0,2761.7,1190,3214905.75,16-SEP-2011,140,INF846K01347,
BAGFILMS,EQ,6.05,6.05,5.8,5.85,5.9,5.9,77291,454933.15,16-SEP-2011,161,INE116D01028,
BAJAJ-AUTO,EQ,1630.25,1638.45,1610.0,1626.15,1615.0,1628.6,317907,517126802.25,16-SEP-2011,16365,INE917I01010,
BAJAJCORP,EQ,122.1,123.0,120.1,120.75,120.6,122.75,13850,1680911.15,16-SEP-2011,528,INE933K01021,
BAJAJELEC,EQ,178.5,178.5,174.35,175.5,175.05,177.15,53257,9401444.85,16-SEP-2011,762,INE193E01025,
BAJAJFINSV,EQ,546.4,574.0,543.25,566.3,561.95,541.7,478976,268522574.7,16-SEP-2011,12648,INE918I01018,
BAJAJHIND,EQ,51.7,53.0,49.25,49.5,49.6,51.15,3107148,156282400.2,16-SEP-2011,13377,INE306A01021,
BAJAJHLDNG,EQ,764.8,780.1,725.8,742.1,730.1,745.9,553532,413239474.0,16-SEP-2011,10726,INE118A01012,
BAJFINANCE,EQ,630.0,638.0,626.1,630.0,626.1,631.85,3954,2495854.45,16-SEP-2011,231,INE296A01016,
BALAJITELE,EQ,29.5,31.3,28.1,30.3,30.35,29.4,52572,1578163.0,16-SEP-2011,586,INE794B01026,
BALAMINES,EQ,36.5,36.7,34.6,35.75,35.75,35.3,3280,118238.2,16-SEP-2011,61,INE050E01027,
BALKRISIND,EQ,168.0,171.8,167.15,170.25,171.8,166.65,81247,13745884.4,16-SEP-2011,613,INE787D01026,
BALLARPUR,EQ,26.3,26.4,25.8,25.95,25.9,26.15,214289,5594127.9,16-SEP-2011,2065,INE294A01037,
BALMLAWRIE,EQ,624.0,631.0,621.05,623.5,624.5,620.45,4752,2972561.0,16-SEP-2011,269,INE164A01016,
BALPHARMA,EQ,23.5,24.0,23.5,24.0,24.0,24.25,100,2375.0,16-SEP-2011,11,INE083D01012,
BALRAMCHIN,EQ,51.3,51.95,50.15,51.3,51.4,50.9,1851751,94455241.9,16-SEP-2011,18333,INE119A01028,
BANARISUG,EQ,625.0,627.0,624.0,625.7,624.0,622.25,148,92597.0,16-SEP-2011,15,INE459A01010,
BANCOINDIA,EQ,73.25,73.9,71.0,72.05,72.3,72.8,10667,774297.1,16-SEP-2011,150,INE213C01025,
BANG,EQ,25.4,25.8,24.4,24.55,24.5,25.35,1792,44651.05,16-SEP-2011,38,INE863I01016,
BANKBARODA,EQ,769.0,787.0,767.35,774.4,772.9,771.2,420285,327752808.8,16-SEP-2011,27747,INE028A01013,
BANKBEES,EQ,978.8,996.0,966.66,982.83,982.1,973.32,1931,1893116.45,16-SEP-2011,217,INF732E01078,
BANKINDIA,EQ,329.9,332.0,321.2,324.15,324.0,326.55,673291,219766077.5,16-SEP-2011,13259,INE084A01016,
BANSWRAS,EQ,94.0,95.0,93.0,93.6,93.9,93.45,17893,1680041.3,16-SEP-2011,106,INE629D01012,
BARTRONICS,EQ,54.3,55.95,54.2,55.25,55.6,54.65,93227,5136751.4,16-SEP-2011,1139,INE855F01034,
BASF,EQ,591.0,605.0,590.0,602.2,599.0,591.8,3172,1900281.3,16-SEP-2011,383,INE373A01013,
BASML,EQ,71.6,72.0,70.0,70.0,70.0,68.05,1317,93935.95,16-SEP-2011,29,INE186H01014,
BATAINDIA,EQ,675.25,679.9,665.15,671.0,670.35,675.25,638338,429509461.55,16-SEP-2011,13194,INE176A01010,
BATLIBOI,EQ,16.1,19.4,16.1,19.05,19.4,19.1,208,3927.65,16-SEP-2011,14,INE177C01022,
BAYERCROP,EQ,840.0,840.0,830.1,833.05,830.2,841.35,1003,836477.15,16-SEP-2011,202,INE462A01022,
BBL,EQ,715.2,726.35,715.15,723.25,726.0,715.15,1162,840289.65,16-SEP-2011,131,INE464A01028,
BBTC,EQ,439.0,445.95,432.3,437.1,439.9,437.05,1625,711587.45,16-SEP-2011,146,INE050A01017,
BEARDSELL,EQ,41.7,45.0,41.7,42.1,45.0,43.0,50,2104.8,16-SEP-2011,2,INE520H01014,
BECREL,BE,9.55,9.55,9.55,9.55,9.55,9.55,40,382.0,16-SEP-2011,1,INE287A01015,
BEDMUTHA,EQ,122.0,122.35,119.8,120.25,119.8,121.0,14802,1787455.25,16-SEP-2011,275,INE844K01012,
BEL,EQ,1579.5,1614.0,1551.0,1559.3,1573.5,1594.75,46260,72594348.2,16-SEP-2011,3146,INE263A01016,
BELLCERATL,EQ,14.4,14.4,13.5,14.4,14.4,14.0,167,2345.4,16-SEP-2011,4,INE403A01026,
BEML,EQ,482.6,484.5,474.0,481.35,481.9,478.5,72200,34615527.9,16-SEP-2011,4341,INE258A01016,
BEPL,EQ,27.25,27.4,25.55,26.05,26.0,26.0,12683,334297.1,16-SEP-2011,166,INE922A01025,
BERGEPAINT,EQ,110.0,112.6,108.0,108.4,108.3,111.55,129567,14225422.45,16-SEP-2011,2458,INE463A01020,
BFINVEST,EQ,48.8,50.8,48.4,49.15,48.55,48.7,11747,576471.5,16-SEP-2011,78,INE878K01010,
BFUTILITIE,EQ,526.5,531.25,508.35,513.75,513.2,523.9,417704,216476823.6,16-SEP-2011,17217,INE243D01012,
BGLOBAL,EQ,17.1,17.3,16.1,16.95,16.75,16.5,203976,3457799.2,16-SEP-2011,947,INE224M01013,
BGRENERGY,EQ,371.05,375.9,355.0,361.2,360.25,367.4,2447926,893426025.9,16-SEP-2011,58224,INE661I01014,
BHAGWATIHO,EQ,81.0,83.35,81.0,81.95,82.0,82.0,309,25274.75,16-SEP-2011,14,INE797H01018,
BHAGYNAGAR,EQ,14.55,15.25,14.35,14.95,14.95,15.05,2122,31753.1,16-SEP-2011,33,INE458B01028,
BHARATFORG,EQ,283.0,289.95,275.6,285.95,284.1,278.25,560106,158210067.05,16-SEP-2011,10707,INE465A01025,
BHARATGEAR,EQ,51.35,51.8,49.1,50.05,50.8,50.35,1759,88162.35,16-SEP-2011,68,INE561C01019,
BHARATRAS,EQ,100.0,105.0,95.1,101.25,101.1,103.85,893,90519.8,16-SEP-2011,22,INE838B01013,
BHARTIARTL,EQ,388.8,389.8,381.65,385.8,387.0,387.1,6222318,2397580166.55,16-SEP-2011,53566,INE397D01024,
BHARTISHIP,EQ,106.25,106.9,101.8,102.55,102.65,105.2,146214,15269647.5,16-SEP-2011,2254,INE673G01013,
BHEL,EQ,1723.85,1734.0,1676.15,1681.45,1678.95,1713.55,1094813,1858447526.0,16-SEP-2011,42853,INE257A01018,
BHUSANSTL,EQ,348.5,357.85,338.1,341.7,339.0,348.55,263961,92153627.85,16-SEP-2011,7015,INE824B01021,
BIL,EQ,50.25,50.5,48.25,49.1,49.35,50.1,7348,362151.3,16-SEP-2011,128,INE828A01016,
BILENERGY,BE,55.0,55.0,54.95,55.0,55.0,55.15,1651,90801.25,16-SEP-2011,16,INE607L01011,
BILPOWER,EQ,84.0,87.2,83.0,86.1,86.0,84.8,8664,745357.3,16-SEP-2011,183,INE952D01018,
BIMETAL,EQ,247.4,251.95,244.0,247.7,248.95,250.7,578,143709.1,16-SEP-2011,38,INE469A01019,
BINANIIND,EQ,139.25,141.9,137.5,138.85,138.1,139.05,13904,1945475.15,16-SEP-2011,370,INE071A01013,
BINDALAGRO,EQ,71.4,72.8,69.75,71.2,71.2,71.1,73107,5197859.75,16-SEP-2011,768,INE143A01010,
BIOCON,EQ,330.1,339.7,330.1,332.75,332.5,335.6,284627,95199035.95,16-SEP-2011,7116,INE376G01013,
BIRLACORPN,EQ,316.1,324.9,316.0,320.5,320.0,321.75,681,217965.9,16-SEP-2011,50,INE340A01012,
BIRLACOT,EQ,0.4,0.4,0.35,0.35,0.4,0.4,538016,200324.4,16-SEP-2011,172,INE655I01024,
BIRLAERIC,EQ,13.35,13.65,12.2,13.15,12.8,13.35,6879,89636.55,16-SEP-2011,56,INE800A01015,
BIRLAMONEY,BE,18.3,19.5,18.3,19.35,19.35,19.25,6361,119904.0,16-SEP-2011,22,INE865C01022,
BIRLAPOWER,EQ,0.7,0.75,0.65,0.7,0.7,0.7,1370692,967835.2,16-SEP-2011,514,INE224B01024,
BLBLIMITED,EQ,4.0,4.1,3.85,3.9,3.9,4.0,3176,12686.6,16-SEP-2011,14,INE791A01024,
BLISSGVS,EQ,20.9,20.95,20.5,20.65,20.55,20.75,27197,563141.3,16-SEP-2011,149,INE416D01022,
BLKASHYAP,EQ,10.95,11.1,10.7,10.8,10.85,10.85,298608,3253102.8,16-SEP-2011,1069,INE350H01032,
BLUECHIP,EQ,1.0,1.05,1.0,1.0,1.05,1.05,11896,12223.7,16-SEP-2011,15,INE657B01025,
BLUEDART,EQ,1685.0,1705.0,1639.95,1667.95,1652.1,1665.0,2573,4281414.55,16-SEP-2011,287,INE233B01017,
BLUESTARCO,EQ,241.1,246.7,238.15,240.05,239.25,242.6,4140,1000531.45,16-SEP-2011,277,INE472A01039,
BLUESTINFO,EQ,76.15,76.15,74.05,74.2,74.2,74.4,2290,169953.85,16-SEP-2011,35,INE504B01011,
BOC,EQ,272.7,278.35,272.55,274.55,274.0,276.75,7883,2172920.4,16-SEP-2011,143,INE473A01011,
BODALCHEM,EQ,18.0,18.0,16.45,16.95,17.0,17.3,14050,233280.35,16-SEP-2011,130,INE338D01028,
BOMDYEING,EQ,329.1,353.9,322.0,344.1,343.05,326.55,744964,253832310.25,16-SEP-2011,27599,INE032A01015,
BOSCHLTD,EQ,7095.0,7135.0,7025.0,7099.0,7120.0,7096.0,1521,10775359.6,16-SEP-2011,408,INE323A01026,
BPCL,EQ,686.0,689.45,656.4,659.6,659.5,673.4,756218,509762358.7,16-SEP-2011,18414,INE029A01011,
BPL,EQ,22.0,22.0,21.5,21.7,21.95,21.75,12901,280259.35,16-SEP-2011,134,INE110A01019,
BRANDHOUSE,EQ,15.85,15.85,15.05,15.15,15.15,15.7,31725,485855.4,16-SEP-2011,226,INE317J01011,
BRFL,EQ,282.35,286.5,280.05,285.75,286.0,282.45,247295,70656893.15,16-SEP-2011,2671,INE589G01011,
BRIGADE,EQ,68.85,69.9,67.2,67.65,68.55,67.85,18454,1264648.7,16-SEP-2011,307,INE791I01019,
BRITANNIA,EQ,460.0,472.45,452.0,464.75,466.0,469.45,11328,5280730.9,16-SEP-2011,758,INE216A01022,
BROADCAST,EQ,8.6,8.6,8.15,8.15,8.15,8.0,501,4308.15,16-SEP-2011,2,INE698H01018,
BROOKS,EQ,32.65,34.0,32.05,32.7,32.6,32.4,590665,19564099.25,16-SEP-2011,4605,INE650L01011,
BSELINFRA,EQ,4.05,4.2,4.0,4.0,4.1,4.15,42145,169955.05,16-SEP-2011,101,INE395A01016,
BSL,EQ,21.15,23.55,21.15,22.85,22.95,22.95,1083,25005.05,16-SEP-2011,33,INE594B01012,
BSLGOLDETF,EQ,2804.95,2835.85,2752.0,2763.6,2752.0,2845.0,421,1163618.6,16-SEP-2011,56,INF209K01HT2,
BSLNIFTY,EQ,49.55,50.5,49.55,50.5,50.5,50.5,120,6010.1,16-SEP-2011,12,INF209K01IR4,
BSTRANSCOM,EQ,92.0,95.55,91.4,94.35,94.2,91.65,44440,4183302.8,16-SEP-2011,468,INE043K01011,
BURNPUR,BE,8.3,8.55,8.15,8.3,8.55,8.55,42166,353670.05,16-SEP-2011,119,INE817H01014,
BVCL,EQ,14.3,14.85,14.3,14.5,14.5,14.85,1205,17355.6,16-SEP-2011,12,INE139I01011,
CADILAHC,EQ,830.35,884.9,820.4,843.85,823.0,819.05,234285,196048288.45,16-SEP-2011,10258,INE010B01019,
CAIRN,EQ,297.0,299.0,287.8,291.9,292.0,293.85,3003154,883684940.55,16-SEP-2011,28983,INE910H01017,
CALSOFT,EQ,28.0,30.0,27.6,29.6,29.7,29.5,1257,36742.25,16-SEP-2011,11,INE526B01014,
CAMBRIDGE,EQ,22.95,22.95,22.3,22.9,22.9,22.65,2066,47062.4,16-SEP-2011,55,INE692G01013,
CAMLIN,EQ,72.85,73.8,72.1,72.85,72.6,72.45,178382,13015771.5,16-SEP-2011,662,INE760A01029,
CANBK,EQ,438.4,443.5,431.0,433.6,433.4,437.3,649592,284216969.9,16-SEP-2011,18952,INE476A01014,
CANDC,EQ,121.0,121.0,118.0,118.05,118.0,119.25,4690,562008.2,16-SEP-2011,107,INE874H01015,
CANFINHOME,EQ,96.05,97.8,95.0,96.25,96.4,96.6,7247,697732.4,16-SEP-2011,240,INE477A01012,
CANTABIL,EQ,27.1,27.35,26.7,27.05,27.35,27.05,22915,619456.2,16-SEP-2011,202,INE068L01016,
CARBORUNIV,EQ,300.0,314.9,300.0,312.7,313.65,310.0,12672,3944297.05,16-SEP-2011,334,INE120A01026,
CAROLINFO,EQ,184.95,184.95,173.0,173.2,173.25,177.0,1296,230337.85,16-SEP-2011,82,INE198A01014,
CASTROL,EQ,514.45,516.9,503.5,505.4,505.65,509.45,27023,13757927.8,16-SEP-2011,1246,INE172A01019,
CCCL,EQ,19.9,20.25,19.25,19.55,19.5,19.9,22001,433520.1,16-SEP-2011,888,INE429I01024,
CCL,EQ,168.0,182.0,162.0,174.05,178.0,168.6,63786,11209811.2,16-SEP-2011,1986,INE421D01014,
CEATLTD,EQ,82.15,83.4,82.15,82.85,82.8,81.85,38008,3147360.15,16-SEP-2011,791,INE482A01020,
CEBBCO,EQ,35.3,35.3,34.5,34.75,34.5,34.8,4866,169641.9,16-SEP-2011,222,INE209L01016,
CELEBRITY,EQ,7.2,7.2,6.5,6.55,6.5,7.0,11954,79446.6,16-SEP-2011,69,INE185H01016,
CELESTIAL,EQ,25.9,25.9,24.35,24.6,24.7,25.4,9166,229044.15,16-SEP-2011,182,INE221I01017,
CENTENKA,EQ,154.9,154.9,150.5,151.5,151.0,152.5,2804,426071.8,16-SEP-2011,116,INE485A01015,
CENTEXT,EQ,3.1,3.1,3.0,3.05,3.05,3.05,3944,11966.65,16-SEP-2011,22,INE281A01026,
CENTRALBK,EQ,103.4,106.0,101.4,104.9,105.05,103.05,1012808,105280530.1,16-SEP-2011,16300,INE483A01010,
CENTUM,EQ,87.9,87.9,81.0,81.7,81.0,86.15,32,2642.75,16-SEP-2011,16,INE320B01020,
CENTURYPLY,EQ,63.3,63.75,62.6,63.2,63.5,64.0,4957,312861.75,16-SEP-2011,127,INE348B01021,
CENTURYTEX,EQ,289.5,294.4,284.3,288.3,288.0,288.75,339093,98228227.35,16-SEP-2011,6947,INE055A01016,
CERA,EQ,195.0,202.0,191.2,199.05,198.55,199.1,2236,439866.25,16-SEP-2011,74,INE739E01017,
CESC,EQ,280.0,285.05,277.05,284.0,283.25,278.15,669786,189282586.95,16-SEP-2011,11182,INE486A01013,
CHAMBLFERT,EQ,109.05,109.85,105.7,106.35,106.2,108.2,4767544,511451984.0,16-SEP-2011,31761,INE085A01013,
CHEMFALKAL,EQ,43.4,44.5,43.1,44.3,44.5,44.0,2541,111787.5,16-SEP-2011,21,INE479E01028,
CHEMPLAST,EQ,6.7,6.7,5.9,6.1,6.15,6.05,30802,186699.95,16-SEP-2011,71,INE488A01027,
CHENNPETRO,EQ,200.05,205.75,193.1,195.8,194.1,202.1,292943,57798405.55,16-SEP-2011,15334,INE178A01016,
CHESLINTEX,EQ,12.4,12.5,12.4,12.5,12.5,12.2,28,347.5,16-SEP-2011,2,INE217C01018,
CHETTINAD,EQ,465.95,475.05,462.05,470.0,470.0,461.0,59,27427.1,16-SEP-2011,38,INE132B01011,
CHOLAFIN,EQ,158.05,162.8,158.05,159.6,159.1,159.95,3054,491941.1,16-SEP-2011,87,INE121A01016,
CILNOVA,EQ,17.55,17.55,17.55,17.55,17.55,17.05,421,7388.55,16-SEP-2011,5,INE672K01017,
CINEMAX,EQ,31.5,32.7,30.75,30.9,31.0,31.6,7423,232536.65,16-SEP-2011,143,INE704H01014,
CINEVISTA,EQ,3.05,3.3,3.05,3.2,3.25,3.2,6321,20008.95,16-SEP-2011,16,INE039B01026,
CIPLA,EQ,284.0,287.85,281.55,282.7,282.5,284.05,706838,200935403.05,16-SEP-2011,17618,INE059A01026,
CLASSIC,EQ,10.55,10.55,10.05,10.2,10.3,10.05,7346,74822.2,16-SEP-2011,55,INE987C01024,
CLNINDIA,EQ,741.25,741.25,721.1,724.7,723.9,726.8,6484,4702842.55,16-SEP-2011,77,INE492A01029,
CLUTCHAUTO,EQ,35.45,37.5,35.25,37.05,36.7,36.4,6777,247734.65,16-SEP-2011,126,INE779B01019,
CMAHENDRA,EQ,170.0,178.0,170.0,172.6,173.0,172.0,7732,1335588.85,16-SEP-2011,527,INE378J01013,
CMC,EQ,865.0,890.0,851.1,854.6,852.15,874.8,9101,7846336.7,16-SEP-2011,1286,INE314A01017,
COALINDIA,EQ,381.5,383.0,375.55,379.15,377.85,378.5,2933473,1114874765.55,16-SEP-2011,32099,INE522F01014,
COLPAL,EQ,1000.0,1011.65,982.0,989.55,983.0,999.95,154416,154379593.95,16-SEP-2011,8457,INE259A01022,
COMPUAGE,EQ,111.0,119.0,107.55,108.1,108.05,118.2,281,30747.75,16-SEP-2011,20,INE070C01029,
CONCOR,EQ,939.8,939.9,862.0,883.75,890.0,917.1,297226,267607076.6,16-SEP-2011,15368,INE111A01017,
CONSOFINVT,EQ,61.4,61.4,59.0,59.75,59.0,60.0,274,16294.15,16-SEP-2011,10,INE025A01027,
CORAL-HUB,EQ,5.0,5.45,5.0,5.1,5.1,5.25,7715,39752.4,16-SEP-2011,58,INE108J01030,
CORDSCABLE,EQ,33.0,33.45,32.5,32.7,32.65,32.7,3334,109601.0,16-SEP-2011,57,INE792I01017,
COREEDUTEC,EQ,294.7,295.8,281.0,293.15,289.0,294.35,618440,178721041.65,16-SEP-2011,10432,INE247G01024,
COROENGG,EQ,270.05,279.75,270.05,279.75,279.75,282.5,55,14901.25,16-SEP-2011,2,INE312J01012,
COROMANDEL,EQ,315.3,329.95,307.45,324.2,315.15,306.4,409636,131265160.9,16-SEP-2011,7079,INE169A01031,
CORPBANK,EQ,447.1,454.7,445.0,448.7,449.95,445.5,100170,45106246.45,16-SEP-2011,8370,INE112A01015,
COSMOFILMS,EQ,88.65,89.8,87.5,87.9,87.65,89.3,12236,1083128.95,16-SEP-2011,252,INE757A01017,
COX&KINGS,EQ,214.4,219.7,212.1,212.75,212.7,213.8,189783,40980738.2,16-SEP-2011,4110,INE008I01026,
CPIL,EQ,284.5,284.5,270.1,272.5,272.45,276.05,1498,411059.1,16-SEP-2011,159,INE521J01018,
CREATIVEYE,EQ,5.5,5.8,5.25,5.25,5.25,5.6,5105,27683.5,16-SEP-2011,32,INE230B01021,
CRESTANI,EQ,35.1,35.8,35.05,35.3,35.5,35.65,7770,274403.4,16-SEP-2011,88,INE774A01012,
CREWBOS,EQ,42.4,42.8,41.05,42.1,41.15,42.35,23919,1012726.0,16-SEP-2011,345,INE514G01019,
CRISIL,EQ,8301.0,8319.0,8200.0,8266.3,8241.1,8275.75,593,4902723.2,16-SEP-2011,175,INE007A01017,
CROMPGREAV,EQ,160.9,163.9,158.5,161.85,161.65,159.6,3485778,563185560.4,16-SEP-2011,37106,INE067A01029,
CRONIMET,EQ,100.05,124.5,100.05,105.25,105.05,104.85,2743,286921.2,16-SEP-2011,129,INE592I01011,
CTE,EQ,7.25,7.75,7.15,7.25,7.25,7.6,2739,20457.45,16-SEP-2011,17,INE627H01017,
CUB,EQ,45.5,45.6,44.7,44.9,45.0,45.25,134412,6061568.8,16-SEP-2011,1156,INE491A01021,
CUBEXTUB,EQ,11.4,11.95,11.3,11.95,11.95,10.85,4674,54254.3,16-SEP-2011,19,INE144D01012,
CUMMINSIND,EQ,602.6,609.5,592.0,593.65,593.55,604.15,101224,60684466.05,16-SEP-2011,6546,INE298A01020,
CURATECH,EQ,165.0,165.0,160.0,160.0,160.0,155.4,115,18705.0,16-SEP-2011,12,INE117B01012,
CYBERMEDIA,EQ,14.85,14.85,14.0,14.05,14.0,14.15,2250,31711.25,16-SEP-2011,7,INE278G01037,
CYBERTECH,EQ,12.25,12.95,12.25,12.8,12.6,12.85,3619,46260.45,16-SEP-2011,37,INE214A01019,
DAAWAT,EQ,45.6,46.35,44.95,45.3,45.45,46.0,29943,1363050.05,16-SEP-2011,396,INE818H01012,
DABUR,EQ,106.3,108.1,101.35,102.85,102.5,106.55,1721280,180638629.15,16-SEP-2011,16857,INE016A01026,
DALMIABEL,EQ,118.1,118.1,115.25,116.6,117.0,117.15,932,108365.35,16-SEP-2011,37,INE439L01019,
DALMIASUG,EQ,17.0,17.5,17.0,17.4,17.4,17.55,3823,66308.3,16-SEP-2011,57,INE495A01022,
DATAMATICS,EQ,27.8,28.7,27.8,28.4,28.4,27.5,1174,32823.65,16-SEP-2011,12,INE365B01017,
DBCORP,EQ,220.1,223.95,217.0,219.1,218.0,221.75,53613,11769981.75,16-SEP-2011,7064,INE950I01011,
DBREALTY,EQ,59.0,60.3,57.25,58.0,58.3,59.1,510360,29915282.15,16-SEP-2011,5123,INE879I01012,
DCB,EQ,48.9,48.9,47.5,48.05,48.1,47.75,3669444,176910158.4,16-SEP-2011,17676,INE503A01015,
DCHL,EQ,56.6,57.5,56.0,57.1,57.0,56.05,313662,17823083.4,16-SEP-2011,2545,INE137G01027,
DCM,EQ,50.3,50.8,49.5,49.75,50.0,50.95,13461,672459.9,16-SEP-2011,170,INE498A01018,
DCMSRMCONS,EQ,45.25,46.5,45.0,46.0,46.0,46.0,62317,2859238.4,16-SEP-2011,745,INE499A01024,
DCW,EQ,9.5,9.7,9.5,9.65,9.65,9.65,47033,452292.15,16-SEP-2011,240,INE500A01029,
DECCANCE,EQ,145.0,147.95,145.0,147.95,147.95,147.65,102,14795.9,16-SEP-2011,4,INE583C01013,
DECOLIGHT,EQ,4.85,5.0,4.85,4.85,4.9,5.0,302,1477.3,16-SEP-2011,6,INE172I01012,
DEEPAKFERT,EQ,168.0,168.0,165.0,166.95,167.0,166.0,93810,15613107.0,16-SEP-2011,664,INE501A01019,
DEEPIND,EQ,73.9,74.95,72.5,73.55,73.25,73.05,16927,1238594.45,16-SEP-2011,121,INE677H01012,
DELTACORP,EQ,109.95,110.7,106.25,109.1,110.1,108.8,6336611,686165307.05,16-SEP-2011,40296,INE124G01033,
DELTAMAGNT,EQ,30.0,30.0,30.0,30.0,30.0,30.0,150,4500.0,16-SEP-2011,1,INE393A01011,
DEN,EQ,45.65,49.95,44.65,48.65,49.75,44.65,317396,15001017.05,16-SEP-2011,3091,INE947J01015,
DENABANK,EQ,81.0,84.5,79.0,83.25,83.75,82.9,2835736,233514645.9,16-SEP-2011,13270,INE077A01010,
DENORA,EQ,81.0,81.85,80.5,81.0,81.0,81.0,904,73200.85,16-SEP-2011,12,INE244A01016,
DENSO,EQ,58.05,58.05,58.05,58.05,58.05,58.0,896,52012.8,16-SEP-2011,10,INE502A01017,
DEWANHOUS,EQ,229.9,229.9,217.35,224.1,218.0,223.85,882060,198284279.7,16-SEP-2011,4716,INE202B01012,
DHAMPURSUG,EQ,44.85,45.5,44.0,44.1,44.15,44.85,121989,5412572.65,16-SEP-2011,1457,INE041A01016,
DHANBANK,EQ,80.85,81.9,78.85,79.65,79.5,79.6,701064,56040309.8,16-SEP-2011,6552,INE680A01011,
DHANUKA,EQ,101.95,102.45,100.05,101.25,100.5,101.5,38382,3888599.75,16-SEP-2011,187,INE435G01025,
DHANUS,BE,4.3,4.3,4.2,4.2,4.2,4.4,11437,48956.5,16-SEP-2011,26,INE406H01016,
DHARSUGAR,EQ,27.55,29.4,27.55,29.35,29.4,28.5,3551,103456.05,16-SEP-2011,21,INE988C01014,
DIAPOWER,EQ,108.7,109.45,103.9,104.2,104.45,105.9,11941,1254111.3,16-SEP-2011,267,INE989C01012,
DICIND,EQ,228.9,229.0,225.0,227.45,226.15,223.85,725,165388.8,16-SEP-2011,32,INE303A01010,
DIGJAM,EQ,9.65,10.0,9.5,9.6,9.6,9.65,32096,310231.05,16-SEP-2011,143,INE471A01023,
DISHMAN,EQ,64.0,64.1,62.45,62.85,62.8,63.75,29290,1852877.05,16-SEP-2011,381,INE353G01020,
DISHTV,EQ,77.0,78.5,75.85,76.4,75.95,76.25,2941158,226461948.75,16-SEP-2011,23008,INE836F01026,
DIVISLAB,EQ,730.0,742.5,717.0,720.0,718.8,728.95,163484,119399867.25,16-SEP-2011,9373,INE361B01024,
DLF,EQ,211.05,213.55,207.1,209.25,209.5,208.2,7107714,1495404419.35,16-SEP-2011,75408,INE271C01023,
DLINKINDIA,EQ,23.2,23.4,22.85,23.1,23.0,23.2,5093,117623.55,16-SEP-2011,55,INE250K01012,
DOLPHINOFF,EQ,131.8,137.0,131.8,135.15,136.0,131.6,7192,966607.8,16-SEP-2011,253,INE920A01011,
DONEAR,EQ,21.0,22.95,20.1,21.4,21.4,22.0,1020,21718.4,16-SEP-2011,11,INE668D01028,
DPSCLTD,EQ,1991.0,1991.0,1949.2,1949.6,1949.95,1967.0,53,103696.75,16-SEP-2011,15,INE360C01016,
DPTL,EQ,128.5,139.85,128.5,134.1,134.0,134.85,796,107754.9,16-SEP-2011,68,INE477B01010,
DQE,EQ,35.1,36.0,30.2,35.75,36.0,35.05,4408,156233.45,16-SEP-2011,61,INE656K01010,
DREDGECORP,EQ,273.0,283.0,273.0,277.7,275.0,272.4,17393,4855243.6,16-SEP-2011,1485,INE506A01018,
DRREDDY,EQ,1484.95,1534.8,1466.0,1527.1,1513.3,1478.35,456215,685620779.2,16-SEP-2011,17284,INE089A01023,
DSKULKARNI,EQ,60.8,62.0,59.0,59.95,59.5,59.75,4909,293728.6,16-SEP-2011,151,INE891A01014,
DUNCANSIND,EQ,11.15,11.25,10.8,11.15,11.25,10.9,21024,231794.2,16-SEP-2011,54,INE508A01014,
DWARKESH,EQ,43.5,44.0,42.3,42.8,42.4,43.1,12697,549732.8,16-SEP-2011,147,INE366A01033,
DYNAMATECH,EQ,1020.0,1020.0,985.0,987.6,994.0,1022.6,1053,1053101.0,16-SEP-2011,76,INE221B01012,
DYNASYS,EQ,0.65,0.75,0.65,0.75,0.75,0.7,4091,3068.15,16-SEP-2011,3,INE417B01032,
EASTSILK,EQ,6.4,6.6,6.15,6.35,6.5,6.4,6404,40760.65,16-SEP-2011,28,INE962C01027,
EASUNREYRL,BE,70.5,73.0,70.25,72.9,73.0,73.8,30720,2182508.9,16-SEP-2011,66,INE268C01029,
ECEIND,EQ,105.0,108.0,103.35,108.0,108.0,103.4,508,54253.35,16-SEP-2011,27,INE588B01014,
ECLERX,EQ,721.0,725.0,715.0,718.8,715.0,720.4,2582,1858927.85,16-SEP-2011,168,INE738I01010,
EDELWEISS,EQ,27.6,28.2,27.55,28.0,28.0,27.55,87233,2439340.5,16-SEP-2011,719,INE532F01054,
EDL,EQ,103.8,103.8,101.25,101.85,102.2,103.3,16357,1671345.9,16-SEP-2011,194,INE180G01019,
EDSERV,EQ,107.3,108.9,104.05,105.1,104.85,106.4,154348,16392280.65,16-SEP-2011,3347,INE889J01019,
EDUCOMP,EQ,233.0,239.6,231.3,237.3,237.45,233.1,2886563,681207688.95,16-SEP-2011,46813,INE216H01027,
EICHERMOT,EQ,1445.0,1490.0,1439.95,1471.3,1485.0,1448.7,73597,107115512.65,16-SEP-2011,736,INE066A01013,
EIDPARRY,EQ,244.5,249.5,236.2,246.55,249.5,245.0,17435,4275502.8,16-SEP-2011,621,INE126A01031,
EIHAHOTELS,EQ,153.0,155.0,150.25,152.25,152.0,152.65,1156,175783.25,16-SEP-2011,87,INE276C01014,
EIHOTEL,EQ,89.35,91.7,88.7,89.45,89.4,88.35,176462,15892515.2,16-SEP-2011,2768,INE230A01023,
EIMCOELECO,EQ,180.05,181.0,172.35,180.0,180.0,180.0,456,81240.45,16-SEP-2011,41,INE158B01016,
EKC,EQ,75.55,77.65,74.85,76.2,76.1,74.55,395232,30221051.5,16-SEP-2011,3546,INE184H01027,
ELDERPHARM,EQ,384.95,384.95,375.1,377.4,376.9,379.65,33353,12750900.95,16-SEP-2011,763,INE975A01015,
ELECON,EQ,74.9,75.7,73.1,73.85,73.65,73.3,209785,15660394.65,16-SEP-2011,2785,INE205B01023,
ELECTCAST,EQ,30.45,30.45,29.45,29.7,29.7,30.4,653398,19565345.5,16-SEP-2011,859,INE086A01029,
ELECTHERM,EQ,138.0,139.8,131.5,133.2,132.05,138.25,29264,3959498.25,16-SEP-2011,988,INE822G01016,
ELFORGE,EQ,10.75,10.75,10.6,10.6,10.6,10.65,1254,13380.45,16-SEP-2011,9,INE158F01017,
ELGIEQUIP,EQ,71.0,80.9,70.8,74.35,74.15,70.0,269256,20424760.4,16-SEP-2011,4299,INE285A01027,
ELGIRUBCO,EQ,25.3,26.5,25.3,26.4,26.4,25.7,938,24071.9,16-SEP-2011,13,INE819L01012,
ELNET,EQ,34.0,35.0,33.4,33.95,34.0,33.3,2435,83175.75,16-SEP-2011,26,INE033C01019,
EMAMIINFRA,EQ,40.1,40.8,38.85,39.3,39.4,40.4,11351,450220.95,16-SEP-2011,152,INE778K01012,
EMAMILTD,EQ,456.1,457.0,448.05,449.4,448.05,453.3,9814,4426851.3,16-SEP-2011,838,INE548C01032,
EMCO,EQ,52.25,53.5,50.55,52.45,53.0,52.65,275277,14460679.85,16-SEP-2011,769,INE078A01026,
EMKAY,EQ,46.65,48.65,46.65,46.7,46.85,48.3,7449,348196.4,16-SEP-2011,29,INE296H01011,
EMMBI,EQ,13.8,14.65,13.8,14.35,14.5,13.9,30720,439026.05,16-SEP-2011,232,INE753K01015,
EMPEESUG,EQ,22.5,22.5,19.35,20.45,20.45,21.5,21356,436870.65,16-SEP-2011,71,INE928B01012,
ENERGYDEV,EQ,35.55,38.45,35.55,37.55,37.5,36.1,6085,229118.3,16-SEP-2011,102,INE306C01019,
ENGINERSIN,EQ,256.8,260.0,252.5,257.45,257.0,255.05,41444,10647330.25,16-SEP-2011,1505,INE510A01028,
ENIL,EQ,252.8,252.8,247.3,248.45,247.3,250.0,7064,1762869.3,16-SEP-2011,353,INE265F01028,
ENTEGRA,EQ,23.45,23.5,21.75,22.0,22.6,22.05,34525,760526.6,16-SEP-2011,106,INE826A01028,
EONELECT,EQ,61.0,61.5,60.1,60.75,60.3,61.3,5312,322729.55,16-SEP-2011,153,INE076H01017,
ERAINFRA,EQ,155.1,155.45,154.3,155.0,154.85,154.9,432926,67071324.25,16-SEP-2011,7215,INE039E01020,
EROSMEDIA,EQ,236.6,253.65,234.05,246.15,246.0,235.3,854160,210373364.1,16-SEP-2011,20170,INE416L01017,
ESABINDIA,EQ,533.95,542.0,525.0,530.95,530.0,530.7,41349,22038568.4,16-SEP-2011,1413,INE284A01012,
ESCORTS,EQ,73.1,73.9,71.4,72.25,72.5,73.0,729526,52857257.45,16-SEP-2011,5592,INE042A01014,
ESL,EQ,7.05,7.25,7.0,7.0,7.05,7.1,218775,1543801.0,16-SEP-2011,172,INE481K01013,
ESSAROIL,EQ,95.5,96.9,94.5,95.7,95.75,94.55,1055939,101068271.85,16-SEP-2011,10378,INE011A01019,
ESSARPORTS,EQ,70.15,71.75,66.75,67.75,67.3,71.65,147999,10115976.3,16-SEP-2011,3096,INE282A01024,
ESSDEE,EQ,183.4,193.45,183.4,188.4,189.65,184.7,43799,8298971.75,16-SEP-2011,3309,INE825H01017,
ESSELPACK,EQ,38.0,38.95,37.85,38.15,38.2,37.8,20940,802359.25,16-SEP-2011,319,INE255A01020,
ESTER,EQ,30.6,30.6,28.5,29.35,29.4,29.2,10792,317543.85,16-SEP-2011,64,INE778B01029,
EUROCERA,BE,20.8,22.25,20.8,20.9,21.45,21.65,1119,24670.85,16-SEP-2011,16,INE649H01011,
EUROMULTI,EQ,8.4,8.4,7.95,8.2,8.2,8.0,300,2467.5,16-SEP-2011,4,INE063J01011,
EUROTEXIND,EQ,21.1,21.95,20.3,20.85,21.0,21.35,2584,54306.6,16-SEP-2011,26,INE022C01012,
EVEREADY,EQ,38.1,39.15,37.75,38.8,39.1,38.0,62072,2389840.65,16-SEP-2011,503,INE128A01029,
EVERESTIND,EQ,147.0,152.45,143.6,144.35,144.65,143.5,39963,5903472.6,16-SEP-2011,1083,INE295A01018,
EVERONN,EQ,305.3,333.05,305.3,333.05,333.05,302.75,2014088,659490216.8,16-SEP-2011,26231,INE678H01010,
EVINIX,BE,0.7,0.7,0.65,0.65,0.65,0.7,8425,5878.25,16-SEP-2011,10,INE961H01028,
EXCELCROP,EQ,140.05,141.95,138.0,138.1,139.9,139.55,4389,612644.85,16-SEP-2011,94,INE223G01017,
EXCELINDUS,EQ,63.5,66.0,63.5,66.0,66.0,64.7,544,35389.0,16-SEP-2011,11,INE369A01029,
EXCELINFO,EQ,13.6,13.6,12.75,12.8,12.85,12.9,36530,472954.95,16-SEP-2011,258,INE688J01015,
EXIDEIND,EQ,137.0,137.25,131.0,132.65,132.0,136.4,4463369,595917014.45,16-SEP-2011,38284,INE302A01020,
FACT,EQ,38.0,38.0,37.35,37.65,37.5,37.55,14111,532034.8,16-SEP-2011,132,INE188A01015,
FAGBEARING,EQ,1258.0,1265.0,1251.0,1258.25,1261.65,1250.4,2078,2610649.35,16-SEP-2011,80,INE513A01014,
FAME,EQ,42.3,45.85,42.3,44.0,44.0,43.55,1052,46872.2,16-SEP-2011,22,INE886G01011,
FARMAXIND,EQ,2.55,2.55,2.3,2.4,2.4,2.45,32123,76960.75,16-SEP-2011,78,INE890I01035,
FCH,EQ,153.0,160.35,151.0,154.5,155.05,152.85,106164,16543102.9,16-SEP-2011,3710,INE688I01017,
FCSSOFT,EQ,0.7,0.7,0.65,0.65,0.7,0.65,810710,542395.85,16-SEP-2011,214,INE512B01022,
FDC,EQ,88.0,89.5,86.55,89.1,89.0,89.1,12234,1087486.2,16-SEP-2011,126,INE258B01022,
FEDDERLOYD,EQ,67.85,68.45,66.5,66.9,66.95,67.6,2507,168691.55,16-SEP-2011,87,INE249C01011,
FEDERALBNK,EQ,374.0,379.45,366.35,371.4,372.0,373.1,440524,164077594.6,16-SEP-2011,9798,INE171A01011,
FIEMIND,EQ,153.1,162.0,153.1,159.85,160.0,159.0,4595,735412.35,16-SEP-2011,55,INE737H01014,
FILATEX,EQ,42.25,42.75,41.9,42.2,42.7,42.05,9850,415918.5,16-SEP-2011,34,INE816B01019,
FINANTECH,EQ,780.0,874.95,754.35,861.6,855.0,780.65,756292,641670284.4,16-SEP-2011,27622,INE111B01023,
FINCABLES,EQ,40.2,40.5,38.6,39.45,39.55,39.85,44894,1763636.2,16-SEP-2011,593,INE235A01022,
FINPIPE,EQ,68.4,68.85,66.5,66.55,66.5,66.45,17266,1156849.5,16-SEP-2011,341,INE183A01016,
FIRSTLEASE,EQ,75.85,79.35,75.85,77.1,77.0,75.05,58836,4583089.55,16-SEP-2011,972,INE492B01019,
FIRSTWIN,EQ,15.9,15.9,15.15,15.15,15.15,15.85,503,7920.5,16-SEP-2011,7,INE315J01015,
FKONCO,EQ,112.35,112.35,106.6,108.1,108.3,107.25,10177,1101602.8,16-SEP-2011,198,INE575G01010,
FMGOETZE,EQ,231.2,237.95,225.25,226.7,226.0,234.2,2377,551516.95,16-SEP-2011,138,INE529A01010,
FORTIS,EQ,151.25,152.2,144.65,147.1,148.3,150.6,347938,51591655.25,16-SEP-2011,3892,INE061F01013,
FOSECOIND,EQ,518.45,518.5,504.95,509.05,510.0,511.75,271,138585.8,16-SEP-2011,81,INE519A01011,
FOURSOFT,BE,11.15,11.15,10.3,10.3,10.3,10.6,9479,100241.05,16-SEP-2011,42,INE218G01017,
FSL,EQ,13.0,13.1,12.65,12.85,12.85,12.85,1532707,19644684.85,16-SEP-2011,4435,INE684F01012,
FUTUREVENT,EQ,8.8,8.95,8.75,8.75,8.75,8.8,288339,2542098.7,16-SEP-2011,309,INE220J01017,
GABRIEL,EQ,40.3,42.65,40.3,41.05,41.1,41.1,20233,840612.85,16-SEP-2011,207,INE524A01029,
GAEL,EQ,24.0,24.5,23.55,23.65,23.6,23.85,16235,387857.5,16-SEP-2011,88,INE036B01022,
GAIL,EQ,438.0,443.0,420.0,423.75,426.0,434.2,1903202,822855643.35,16-SEP-2011,38039,INE129A01019,
GAL,EQ,11.1,11.4,10.55,10.7,10.75,11.25,23008,248794.55,16-SEP-2011,145,INE482J01013,
GALLANTT,EQ,15.7,15.7,14.75,15.1,15.25,14.85,1456,21917.3,16-SEP-2011,27,INE297H01019,
GALLISPAT,EQ,90.55,90.6,89.2,89.75,89.8,90.45,105197,9508719.35,16-SEP-2011,647,INE528K01011,
GAMMNINFRA,EQ,14.5,14.9,14.05,14.45,14.25,14.0,84999,1214568.55,16-SEP-2011,411,INE181G01025,
GAMMONIND,EQ,79.05,81.0,79.05,80.7,81.0,79.7,7817,626341.4,16-SEP-2011,383,INE259B01020,
GANDHITUBE,EQ,126.95,128.0,125.3,128.0,128.0,125.15,167,21282.85,16-SEP-2011,15,INE524B01027,
GANESHHOUC,EQ,123.1,130.9,121.25,122.85,121.25,126.35,3122,389218.95,16-SEP-2011,285,INE460C01014,
GANGOTRI,EQ,5.0,5.15,4.6,4.75,5.05,4.75,41232,197800.85,16-SEP-2011,170,INE670B01028,
GARDENSILK,EQ,74.4,77.8,72.5,73.35,73.2,73.4,5847,432188.15,16-SEP-2011,144,INE526A01016,
GARWALLROP,EQ,57.8,57.8,54.85,55.0,55.25,56.85,13063,721937.25,16-SEP-2011,135,INE276A01018,
GATI,EQ,57.95,58.0,55.55,56.15,56.15,57.5,132812,7505462.8,16-SEP-2011,1085,INE152B01027,
GAYAPROJ,EQ,150.0,152.0,148.95,150.05,150.0,152.55,17095,2581707.9,16-SEP-2011,146,INE336H01015,
GDL,EQ,137.0,141.85,136.4,138.2,138.0,136.2,142451,19903154.05,16-SEP-2011,3706,INE852F01015,
GEECEE,EQ,33.0,33.0,32.1,32.55,32.7,33.05,3346,108132.3,16-SEP-2011,32,INE916G01016,
GEINDSYS,EQ,137.0,138.0,135.6,136.4,136.0,137.0,5998,820149.4,16-SEP-2011,104,INE599B01011,
GEMINI,EQ,23.75,25.4,23.0,24.7,24.55,23.75,44503,1080767.9,16-SEP-2011,185,INE878C01033,
GENESYS,EQ,210.0,223.4,201.15,219.9,216.0,207.75,12799,2776034.05,16-SEP-2011,290,INE727B01026,
GENUSPOWER,EQ,14.7,15.15,14.4,14.85,14.9,14.9,17907,267184.9,16-SEP-2011,131,INE955D01029,
GEODESIC,EQ,59.6,59.65,57.5,57.95,58.5,58.8,98442,5744485.9,16-SEP-2011,758,INE371D01029,
GEOJITBNPP,EQ,19.15,19.25,19.0,19.1,19.2,19.2,51605,986939.25,16-SEP-2011,200,INE007B01023,
GEOMETRIC,EQ,42.0,42.5,41.5,41.8,42.0,42.0,13848,581490.6,16-SEP-2011,186,INE797A01021,
GESHIP,EQ,246.0,254.9,242.85,252.8,252.4,245.05,139376,34954365.35,16-SEP-2011,3351,INE017A01032,
GHCL,EQ,40.1,41.45,40.1,41.05,41.05,40.65,129480,5284983.75,16-SEP-2011,617,INE539A01019,
GICHSGFIN,EQ,87.5,90.9,87.5,88.75,88.6,87.65,108393,9675809.4,16-SEP-2011,1380,INE289B01019,
GILLANDERS,EQ,88.45,88.45,84.15,85.85,85.9,88.45,1402,120087.1,16-SEP-2011,73,INE047B01011,
GILLETTE,EQ,2071.0,2098.05,2035.0,2067.75,2070.7,2062.0,594,1226139.5,16-SEP-2011,87,INE322A01010,
GINNIFILA,EQ,7.5,7.8,7.5,7.5,7.5,7.65,6205,46886.3,16-SEP-2011,22,INE424C01010,
GIPCL,EQ,77.15,78.9,76.05,77.5,77.45,78.65,10789,838417.55,16-SEP-2011,201,INE162A01010,
GISOLUTION,EQ,12.1,12.1,11.4,11.4,11.4,11.4,1060,12784.0,16-SEP-2011,2,INE065J01016,
GITANJALI,EQ,342.0,347.4,338.3,342.45,343.75,341.6,1231559,421608581.9,16-SEP-2011,10009,INE346H01014,
GKB,EQ,40.5,43.95,40.5,42.4,43.95,38.2,607,25717.8,16-SEP-2011,34,INE265D01015,
GKWLIMITED,EQ,461.0,499.0,461.0,476.0,476.0,480.0,2019,999052.2,16-SEP-2011,6,INE528A01020,
GLAXO,EQ,2014.2,2085.0,2010.15,2052.75,2085.0,2059.55,26952,55461219.65,16-SEP-2011,2179,INE159A01016,
GLENMARK,EQ,320.25,331.95,315.15,328.2,329.0,324.25,395824,129803488.55,16-SEP-2011,14816,INE935A01035,
GLFL,EQ,3.35,3.5,3.35,3.35,3.35,3.35,349,1199.15,16-SEP-2011,6,INE540A01017,
GLOBALVECT,EQ,21.0,21.5,19.85,20.1,21.15,20.2,640,12986.9,16-SEP-2011,34,INE792H01019,
GLOBOFFS,EQ,101.0,101.0,95.25,96.25,95.25,97.05,705,68219.85,16-SEP-2011,26,INE446C01013,
GLOBUSSPR,EQ,118.05,119.75,116.5,117.8,117.5,117.25,6078,715957.5,16-SEP-2011,128,INE615I01010,
GLODYNE,EQ,332.55,334.8,319.0,322.95,321.0,333.1,96234,31221976.6,16-SEP-2011,2179,INE932G01021,
GLORY,EQ,3.65,3.65,3.5,3.6,3.6,3.5,67581,243495.3,16-SEP-2011,118,INE408H01012,
GMBREW,EQ,97.7,102.9,97.7,98.45,98.0,98.1,12281,1229942.25,16-SEP-2011,258,INE075D01018,
GMDCLTD,EQ,177.5,182.65,166.05,169.85,173.5,177.25,1397322,242044091.6,16-SEP-2011,12583,INE131A01031,
GMRINFRA,EQ,29.1,29.35,28.35,28.65,28.5,28.7,6656580,191935718.25,16-SEP-2011,15141,INE776C01039,
GNFC,EQ,95.0,95.0,93.5,94.65,94.95,93.95,37542,3544769.25,16-SEP-2011,617,INE113A01013,
GOACARBON,EQ,78.0,80.5,77.75,78.35,77.9,78.45,5562,438411.85,16-SEP-2011,134,INE426D01013,
GODFRYPHLP,EQ,3450.0,3618.0,3450.0,3529.6,3501.0,3479.4,2892,10214884.5,16-SEP-2011,737,INE260B01010,
GODREJCP,EQ,430.0,435.0,418.0,426.35,423.4,423.7,385310,163902311.95,16-SEP-2011,13095,INE102D01028,
GODREJIND,EQ,209.9,214.75,207.05,208.45,208.05,207.95,638099,134689923.95,16-SEP-2011,12108,INE233A01035,
GODREJPROP,EQ,686.0,700.0,685.0,686.2,687.8,694.85,8211,5690594.45,16-SEP-2011,485,INE484J01019,
GOENKA,EQ,46.0,46.0,38.15,41.6,38.65,45.5,70679,3091458.35,16-SEP-2011,381,INE516K01016,
GOKEX,EQ,96.85,101.0,90.5,94.65,91.0,96.85,87022,8310564.45,16-SEP-2011,1460,INE887G01027,
GOKUL,EQ,87.0,87.0,85.0,85.55,85.25,86.4,2430,208813.7,16-SEP-2011,84,INE020J01029,
GOLDBEES,EQ,2668.85,2668.85,2622.5,2639.75,2640.0,2694.85,243791,641736906.05,16-SEP-2011,17004,INF732E01102,
GOLDENTOBC,EQ,58.75,60.7,58.75,60.05,60.6,60.1,431,25838.7,16-SEP-2011,19,INE973A01010,
GOLDIAM,EQ,34.7,35.45,34.1,34.55,34.55,34.7,13497,472302.9,16-SEP-2011,19,INE025B01017,
GOLDINFRA,EQ,13.8,14.6,13.8,14.05,14.2,14.15,6269,88986.05,16-SEP-2011,37,INE260D01016,
GOLDSHARE,EQ,2662.0,2685.0,2639.0,2654.8,2655.0,2707.3,17388,46046470.5,16-SEP-2011,2293,INF789F01059,
GOLDTECH,EQ,9.65,9.7,8.6,8.95,9.0,9.35,11522,106816.75,16-SEP-2011,97,INE805A01014,
GPIL,EQ,142.7,143.25,137.7,138.25,138.2,140.65,28788,4040479.2,16-SEP-2011,805,INE177H01013,
GPPL,EQ,66.6,68.35,66.5,67.6,67.1,66.6,28309,1901320.8,16-SEP-2011,359,INE517F01014,
GRABALALK,EQ,18.8,18.8,18.8,18.8,18.8,18.15,20,376.0,16-SEP-2011,1,INE012D01011,
GRANULES,EQ,67.55,67.95,66.5,66.9,67.6,66.8,5127,344083.9,16-SEP-2011,149,INE101D01012,
GRAPHITE,EQ,77.1,77.9,75.3,76.3,76.4,76.9,16107,1232915.55,16-SEP-2011,317,INE371A01025,
GRASIM,EQ,2271.55,2328.0,2254.05,2309.05,2302.0,2271.6,98967,228108425.25,16-SEP-2011,9157,INE047A01013,
GRAVITA,EQ,320.0,321.85,315.0,316.8,316.9,317.5,24183,7679937.15,16-SEP-2011,622,INE024L01019,
GREAVESCOT,EQ,91.0,91.0,89.1,90.3,90.05,90.05,14673,1319256.1,16-SEP-2011,224,INE224A01026,
GREENPLY,EQ,190.25,198.0,190.25,195.0,195.0,196.1,953,187102.4,16-SEP-2011,51,INE461C01020,
GREENPOWER,EQ,15.3,15.4,14.7,15.2,15.2,15.05,350988,5301594.7,16-SEP-2011,1381,INE999K01014,
GRINDWELL,EQ,229.5,230.5,226.65,230.0,230.0,227.85,11426,2626637.7,16-SEP-2011,100,INE536A01023,
GRUH,EQ,480.35,543.0,474.9,509.8,513.0,480.35,118102,61369859.6,16-SEP-2011,6486,INE580B01011,
GSFC,EQ,425.75,441.6,417.0,434.9,437.4,422.4,329351,141567087.25,16-SEP-2011,6569,INE026A01017,
GSKCONS,EQ,2380.0,2438.0,2365.3,2419.9,2425.0,2377.6,5039,12194530.15,16-SEP-2011,373,INE264A01014,
GSLNOVA,EQ,2.85,2.85,2.6,2.65,2.65,2.85,1501,4002.65,16-SEP-2011,14,INE787A01022,
GSPL,EQ,108.1,108.65,105.1,105.65,105.65,107.15,1235991,132723987.25,16-SEP-2011,9453,INE246F01010,
GSS,EQ,143.0,143.0,135.4,136.65,136.85,140.05,2541,349044.15,16-SEP-2011,164,INE871H01011,
GTL,EQ,63.0,66.0,62.1,63.55,63.2,63.15,5592778,358224899.3,16-SEP-2011,41262,INE043A01012,
GTLINFRA,EQ,13.3,13.75,12.85,13.0,12.85,13.1,3386019,44909363.5,16-SEP-2011,7977,INE221H01019,
GTNIND,EQ,14.45,14.45,13.5,13.9,13.9,13.2,346,4714.0,16-SEP-2011,11,INE537A01013,
GTNTEX,EQ,12.9,12.9,12.3,12.55,12.35,12.75,5549,69555.6,16-SEP-2011,17,INE302H01017,
GTOFFSHORE,EQ,142.8,146.7,140.5,141.7,141.0,141.85,104237,15011403.35,16-SEP-2011,3365,INE892H01017,
GUFICBIO,EQ,7.0,7.0,6.6,6.6,6.6,6.8,2157,14281.2,16-SEP-2011,8,INE742B01025,
GUJALKALI,EQ,144.0,144.0,140.0,142.6,142.5,142.55,19243,2728508.25,16-SEP-2011,584,INE186A01019,
GUJAPOLLO,EQ,128.1,130.85,128.1,129.95,129.0,129.95,504,65216.15,16-SEP-2011,14,INE826C01016,
GUJFLUORO,EQ,537.85,541.9,527.55,537.05,538.0,530.35,67574,36218098.4,16-SEP-2011,2311,INE538A01037,
GUJNRECOKE,EQ,27.2,27.35,26.6,27.15,27.1,26.6,2888874,78025239.6,16-SEP-2011,10367,INE110D01013,
GUJNREDVR,EQ,17.85,18.2,17.35,18.0,18.05,17.2,272531,4849905.15,16-SEP-2011,598,IN9110D01011,
GUJRATGAS,EQ,448.95,455.0,443.05,449.4,450.0,441.45,65971,29625684.25,16-SEP-2011,2388,INE374A01029,
GUJSIDHCEM,EQ,8.6,9.05,8.6,8.85,8.85,8.75,79639,704629.8,16-SEP-2011,255,INE542A01013,
GULFOILCOR,EQ,79.0,79.9,76.6,77.15,76.65,78.85,23611,1848046.95,16-SEP-2011,446,INE077F01027,
GVKPIL,EQ,17.0,17.45,16.85,17.0,16.95,17.0,5504266,93870282.15,16-SEP-2011,10475,INE251H01024,
HALONIX,EQ,65.55,66.2,64.3,64.3,64.3,66.95,345,22350.15,16-SEP-2011,17,INE455B01016,
HANUNG,EQ,117.7,118.0,115.0,115.75,116.1,116.85,185200,21428141.3,16-SEP-2011,4392,INE648H01013,
HARITASEAT,EQ,77.0,77.0,67.15,68.95,67.25,71.05,755,52860.45,16-SEP-2011,31,INE939D01015,
HARRMALAYA,EQ,64.9,64.9,63.15,64.05,63.45,63.55,3898,248587.65,16-SEP-2011,138,INE544A01019,
HATHWAY,EQ,81.25,90.45,80.5,86.4,86.0,80.3,660399,56347440.3,16-SEP-2011,5975,INE982F01028,
HAVELLS,EQ,365.0,375.0,356.0,358.8,357.0,362.05,450288,164452505.5,16-SEP-2011,15792,INE176B01026,
HBLPOWER,EQ,17.5,17.95,17.5,17.85,17.8,17.55,28772,510196.55,16-SEP-2011,116,INE292B01021,
HBSTOCK,EQ,13.2,14.05,13.2,13.6,14.05,13.25,2128,28502.0,16-SEP-2011,13,INE550B01014,
HCC,EQ,30.25,31.1,29.7,29.9,29.7,30.5,3174352,96006154.2,16-SEP-2011,12086,INE549A01026,
HCIL,EQ,50.5,50.8,49.6,49.85,50.1,50.3,5871,293823.25,16-SEP-2011,81,INE019C01026,
HCL-INSYS,EQ,64.35,64.95,60.2,60.35,60.8,64.2,560618,34619825.4,16-SEP-2011,9320,INE236A01020,
HCLTECH,EQ,405.2,409.3,382.15,385.85,387.0,403.15,1247678,492280995.7,16-SEP-2011,32790,INE860A01027,
HDFC,EQ,664.0,675.0,657.7,662.35,661.8,654.8,2418768,1612166977.95,16-SEP-2011,44255,INE001A01036,
HDFCBANK,EQ,486.25,490.0,476.3,483.7,487.0,484.65,2736752,1323450410.05,16-SEP-2011,37568,INE040A01026,
HDFCMFGETF,EQ,2708.0,2718.25,2665.55,2711.8,2710.0,2757.3,9218,24877304.55,16-SEP-2011,951,INF179K01CN1,
HDIL,EQ,105.5,111.4,103.0,109.7,110.3,104.05,12338471,1318754845.55,16-SEP-2011,64723,INE191I01012,
HEG,EQ,227.8,227.8,212.0,215.5,216.0,221.75,54284,11911324.95,16-SEP-2011,1123,INE545A01016,
HEIDELBERG,EQ,36.8,37.5,36.8,37.0,37.0,37.0,135054,4999450.05,16-SEP-2011,446,INE578A01017,
HELIOSMATH,EQ,25.55,25.85,25.25,25.4,25.25,25.3,3034,77362.3,16-SEP-2011,34,INE674B01012,
HERCULES,EQ,259.0,259.95,249.1,253.05,253.55,257.55,71831,18238658.8,16-SEP-2011,2295,INE688E01024,
HERITGFOOD,EQ,188.0,188.0,175.15,184.35,185.0,181.6,2025,371800.65,16-SEP-2011,73,INE978A01019,
HEROMOTOCO,EQ,2200.0,2222.0,2191.65,2200.25,2201.1,2202.35,305050,672311307.65,16-SEP-2011,15222,INE158A01026,
HEXAWARE,EQ,77.05,77.35,71.65,71.95,72.4,76.45,2711578,198644511.8,16-SEP-2011,13534,INE093A01033,
HFCL,EQ,12.55,12.55,12.25,12.3,12.25,12.4,452065,5617697.3,16-SEP-2011,736,INE548A01028,
HGSL,EQ,328.8,332.0,317.0,324.3,317.0,321.35,9745,3168417.3,16-SEP-2011,430,INE170I01016,
HIKAL,EQ,289.35,289.35,276.0,276.25,276.0,276.05,306,84780.05,16-SEP-2011,51,INE475B01014,
HIMATSEIDE,EQ,32.9,32.95,32.3,32.4,32.65,32.55,7923,257040.2,16-SEP-2011,47,INE049A01027,
HINDALCO,EQ,145.5,149.9,143.4,144.65,144.2,144.25,10180314,1494945460.9,16-SEP-2011,60200,INE038A01020,
HINDCOMPOS,EQ,500.95,500.95,485.05,495.0,495.0,495.0,10060,5004452.55,16-SEP-2011,15,INE310C01011,
HINDCOPPER,EQ,232.9,244.15,232.9,236.1,238.0,228.65,272825,65280065.25,16-SEP-2011,8780,INE531E01026,
HINDDORROL,EQ,42.5,42.5,41.0,42.15,42.25,42.3,58311,2454444.3,16-SEP-2011,895,INE551A01022,
HINDMOTORS,EQ,14.45,14.8,14.3,14.35,14.4,14.45,123568,1790712.9,16-SEP-2011,543,INE253A01025,
HINDNATGLS,EQ,203.0,206.9,195.3,198.8,198.0,209.8,1814,367522.0,16-SEP-2011,108,INE952A01022,
HINDOILEXP,EQ,127.5,130.35,125.5,127.2,127.3,126.2,866343,110796795.95,16-SEP-2011,9724,INE345A01011,
HINDPETRO,EQ,385.0,389.0,368.0,375.1,377.5,377.75,1517133,571770915.8,16-SEP-2011,22780,INE094A01015,
HINDUJAFO,EQ,77.0,77.0,73.0,74.65,74.95,72.0,453,33842.5,16-SEP-2011,10,INE291F01016,
HINDUJAVEN,EQ,307.0,314.9,305.1,310.8,311.5,310.45,1543,478775.35,16-SEP-2011,104,INE353A01023,
HINDUNILVR,EQ,347.25,351.35,336.85,339.35,340.1,349.25,4985062,1698796604.5,16-SEP-2011,41768,INE030A01027,
HINDZINC,EQ,134.0,137.9,132.6,133.4,134.5,132.85,952499,128611662.55,16-SEP-2011,16251,INE267A01025,
HIRECT,EQ,44.6,45.6,44.45,44.45,44.45,44.7,2953,132244.15,16-SEP-2011,29,INE835D01023,
HITACHIHOM,EQ,170.9,172.5,168.3,170.25,169.6,169.45,28694,4894630.2,16-SEP-2011,834,INE782A01015,
HITECHGEAR,EQ,125.0,129.75,125.0,127.6,127.5,127.95,122,15689.65,16-SEP-2011,13,INE127B01011,
HITECHPLAS,EQ,80.95,81.0,77.1,79.7,79.7,77.1,239,19187.1,16-SEP-2011,10,INE120D01012,
HMT,EQ,45.85,46.5,44.3,45.05,44.65,45.55,74041,3378805.75,16-SEP-2011,1070,INE262A01018,
HMVL,EQ,144.9,145.0,140.1,141.3,140.1,142.4,781,111229.35,16-SEP-2011,120,INE871K01015,
HNGSNGBEES,EQ,1252.0,1280.0,1215.0,1270.0,1270.0,1239.99,409,498861.9,16-SEP-2011,17,INF732E01227,
HOCL,EQ,25.9,26.35,24.8,25.0,24.95,25.75,21716,548276.5,16-SEP-2011,253,INE048A01011,
HONAUT,EQ,2541.1,2577.75,2510.0,2524.4,2510.15,2546.65,539,1368620.5,16-SEP-2011,159,INE671A01010,
HONDAPOWER,EQ,395.0,405.0,385.25,392.75,398.0,399.55,9877,3926714.9,16-SEP-2011,162,INE634A01018,
HOPFL,EQ,62.2,62.2,59.15,59.15,59.15,61.35,1087,65043.5,16-SEP-2011,20,INE940H01014,
HORIZONINF,EQ,315.0,338.0,312.5,323.9,329.9,314.8,8242,2668982.5,16-SEP-2011,174,INE429F01012,
HOTELEELA,EQ,37.2,37.7,37.05,37.35,37.45,37.2,73352,2741423.6,16-SEP-2011,733,INE102A01024,
HOTELRUGBY,EQ,8.7,8.7,8.15,8.2,8.15,8.35,2166,17967.15,16-SEP-2011,24,INE275F01019,
HOVS,EQ,55.2,55.2,54.1,54.15,54.1,54.8,13347,727360.3,16-SEP-2011,188,INE596H01014,
HSIL,EQ,197.1,200.0,197.1,199.4,198.7,198.1,68684,13680605.3,16-SEP-2011,255,INE415A01038,
HTMEDIA,EQ,136.1,144.0,134.1,142.35,143.1,137.05,18432,2560876.9,16-SEP-2011,551,INE501G01024,
HYDRBADIND,EQ,320.45,332.0,320.45,330.2,331.5,322.65,5656,1852153.95,16-SEP-2011,411,INE557A01011,
HYDROS&S,EQ,19.0,21.6,18.9,20.75,21.6,19.8,444,8442.1,16-SEP-2011,7,INE473D01015,
IBPOW,EQ,14.7,14.95,14.35,14.55,14.5,14.7,176027,2570761.45,16-SEP-2011,764,INE399K01017,
IBREALEST,EQ,82.0,84.85,79.7,83.6,84.05,81.65,4573777,375889505.3,16-SEP-2011,28336,INE069I01010,
IBSEC,EQ,9.1,9.3,8.4,8.6,8.75,9.25,1157331,10120249.2,16-SEP-2011,1642,INE274G01010,
IBWSL,EQ,3.35,3.4,3.2,3.4,3.4,3.2,1673043,5629839.4,16-SEP-2011,677,INE126M01010,
ICICIBANK,EQ,891.0,894.95,871.0,883.9,883.25,876.2,6241883,5520971932.4,16-SEP-2011,99813,INE090A01013,
ICIL,EQ,9.1,10.05,9.1,9.35,9.35,9.1,340,3217.0,16-SEP-2011,4,INE483B01018,
ICRA,EQ,942.95,963.7,930.05,958.05,948.6,932.95,3777,3578334.85,16-SEP-2011,554,INE725G01011,
ICSA,EQ,75.75,76.0,70.15,70.95,70.8,74.25,172658,12607054.2,16-SEP-2011,5318,INE306B01029,
IDBI,EQ,110.0,110.3,106.1,107.35,106.8,109.05,2776542,299944480.25,16-SEP-2011,21485,INE008A01015,
IDEA,EQ,97.45,98.3,95.3,95.75,95.8,97.3,4383571,423297303.7,16-SEP-2011,29172,INE669E01016,
IDFC,EQ,113.4,113.85,110.25,112.4,112.4,112.35,9338704,1049353792.1,16-SEP-2011,51711,INE043D01016,
IFBAGRO,BE,130.0,138.0,130.0,135.5,135.55,136.5,2693,365497.2,16-SEP-2011,42,INE076C01018,
IFBIND,EQ,117.15,118.5,115.1,116.15,115.1,117.25,12282,1440500.7,16-SEP-2011,300,INE559A01017,
IFCI,EQ,37.2,37.2,34.7,34.85,34.85,35.3,15033125,528241705.2,16-SEP-2011,35367,INE039A01010,
IFGLREFRAC,EQ,31.5,34.35,31.5,33.55,33.4,34.05,2729,91103.75,16-SEP-2011,41,INE023B01012,
IGARASHI,EQ,46.3,47.85,46.3,47.5,47.5,47.0,1238,58735.75,16-SEP-2011,13,INE188B01013,
IGL,EQ,430.8,435.0,428.55,430.45,431.05,424.0,256552,110752410.85,16-SEP-2011,9620,INE203G01019,
IGPL,EQ,23.2,23.95,22.95,23.05,23.95,23.8,724,16861.95,16-SEP-2011,18,INE204A01010,
IITL,EQ,131.25,131.25,131.25,131.25,131.25,125.0,10,1312.5,16-SEP-2011,1,INE886A01014,
IL&FSENGG,EQ,100.0,101.6,92.55,96.1,99.0,99.6,165581,15866735.95,16-SEP-2011,2979,INE369I01014,
IL&FSTRANS,EQ,205.0,207.0,199.1,200.4,199.75,204.65,47871,9697598.3,16-SEP-2011,10097,INE975G01012,
IMFA,EQ,333.5,338.0,331.0,334.6,332.6,328.45,222,74431.5,16-SEP-2011,36,INE919H01018,
IMPAL,EQ,655.0,655.0,622.2,642.95,647.0,631.7,306,194553.9,16-SEP-2011,31,INE547E01014,
IMPEXFERRO,EQ,7.75,8.1,7.55,8.1,8.1,7.75,2040,15843.0,16-SEP-2011,7,INE691G01015,
INDBANK,EQ,8.6,8.6,8.1,8.15,8.15,8.35,7224,59136.0,16-SEP-2011,137,INE841B01017,
INDHOTEL,EQ,72.25,72.8,71.9,72.0,72.1,72.0,396514,28570035.6,16-SEP-2011,2610,INE053A01029,
INDIABULLS,EQ,153.0,164.2,151.3,162.0,162.8,151.25,994289,155949138.95,16-SEP-2011,15467,INE894F01025,
INDIACEM,EQ,73.45,73.65,68.55,69.0,69.15,73.3,1854504,130217455.95,16-SEP-2011,11563,INE383A01012,
INDIAGLYCO,EQ,135.1,135.45,132.1,132.4,132.5,134.15,9600,1279574.2,16-SEP-2011,258,INE560A01015,
INDIAINFO,EQ,74.75,78.5,74.75,76.35,76.05,74.05,998660,76849425.1,16-SEP-2011,10549,INE530B01024,
INDIANB,EQ,209.0,211.0,201.7,208.1,208.0,209.0,325029,67851301.75,16-SEP-2011,9346,INE562A01011,
INDIANCARD,EQ,87.0,98.0,87.0,92.05,92.0,93.2,4114,377247.75,16-SEP-2011,12,INE061A01014,
INDIANHUME,EQ,131.4,133.0,128.05,132.2,132.8,129.0,9163,1210353.85,16-SEP-2011,73,INE323C01030,
INDLMETER,EQ,77.0,77.0,76.0,76.0,76.0,77.0,125,9600.0,16-SEP-2011,2,INE065B01013,
INDNIPPON,EQ,271.95,274.0,264.95,265.75,265.0,266.75,2685,723336.7,16-SEP-2011,120,INE092B01017,
INDOCO,EQ,394.0,418.0,393.15,415.1,410.1,400.0,3924,1598187.35,16-SEP-2011,120,INE873D01016,
INDORAMA,EQ,37.1,37.1,35.2,35.5,35.3,36.8,20211,727359.1,16-SEP-2011,224,INE156A01020,
INDOSOLAR,EQ,9.9,10.9,9.65,10.5,10.3,9.9,696924,7157535.0,16-SEP-2011,2480,INE866K01015,
INDOTECH,EQ,119.05,120.65,117.0,118.15,118.7,119.85,3405,402378.8,16-SEP-2011,121,INE332H01014,
INDOWIND,EQ,13.9,14.0,13.55,13.75,13.8,13.6,168056,2311542.35,16-SEP-2011,956,INE227G01018,
INDRAMEDCO,EQ,34.85,34.85,34.45,34.5,34.45,34.25,5483,189674.5,16-SEP-2011,66,INE681B01017,
INDSWFTLAB,EQ,87.45,87.9,84.0,85.7,86.6,86.5,52330,4483220.05,16-SEP-2011,683,INE915B01019,
INDSWFTLTD,EQ,33.3,33.5,32.05,32.45,32.35,33.45,26202,862522.7,16-SEP-2011,175,INE788B01028,
INDTERRAIN,EQ,100.1,116.85,100.1,110.0,110.1,108.6,248,27987.15,16-SEP-2011,17,INE611L01013,
INDUSFILA,EQ,14.9,15.4,14.3,15.05,14.8,14.0,28772,425946.8,16-SEP-2011,174,INE025I01012,
INDUSINDBK,EQ,265.0,269.0,260.5,266.2,266.1,264.35,297272,79087046.45,16-SEP-2011,5204,INE095A01012,
INEABS,EQ,559.9,559.9,550.0,550.8,555.0,548.1,700,386329.65,16-SEP-2011,66,INE189B01011,
INFINITE,EQ,92.0,93.95,88.1,93.05,93.75,90.75,17705,1611179.75,16-SEP-2011,347,INE486J01014,
INFODRIVE,EQ,10.55,10.75,10.0,10.3,10.25,10.05,1751,18133.05,16-SEP-2011,29,INE804D01011,
INFOMEDIA,EQ,12.6,12.7,12.3,12.7,12.7,12.55,3387,42638.8,16-SEP-2011,31,INE669A01022,
INFOTECENT,EQ,125.9,125.9,120.2,120.95,120.4,123.0,2095,256123.4,16-SEP-2011,78,INE136B01020,
INFRABEES,EQ,278.1,279.5,275.0,278.0,278.0,274.43,138,38200.5,16-SEP-2011,9,INF732E01268,
INFY,EQ,2457.9,2457.9,2373.6,2395.15,2394.1,2409.9,1413013,3391365603.35,16-SEP-2011,60363,INE009A01021,
INGERRAND,EQ,505.0,509.9,493.05,500.1,499.5,491.0,23985,12126831.3,16-SEP-2011,634,INE177A01018,
INGVYSYABK,EQ,291.9,293.45,288.0,290.3,290.9,287.8,41686,12123563.7,16-SEP-2011,842,INE166A01011,
INNOIND,EQ,86.0,86.95,85.0,85.4,85.1,87.1,4856,414600.2,16-SEP-2011,87,INE549I01011,
INOXLEISUR,EQ,46.0,47.0,45.25,45.65,45.25,46.35,17803,815384.15,16-SEP-2011,222,INE312H01016,
INSECTICID,EQ,371.5,371.55,361.4,367.6,362.0,370.8,84382,31044140.5,16-SEP-2011,2022,INE070I01018,
INVENTURE,EQ,149.8,150.5,146.3,147.1,147.95,148.4,19101,2826545.65,16-SEP-2011,657,INE878H01016,
IOB,EQ,102.3,103.6,99.55,100.35,100.5,102.15,1740375,176507721.35,16-SEP-2011,11056,INE565A01014,
IOC,EQ,321.95,326.95,307.05,309.45,310.3,316.6,1568878,497414563.4,16-SEP-2011,18992,INE242A01010,
IOLCP,EQ,30.15,30.8,29.7,30.55,30.65,30.3,1165,35286.6,16-SEP-2011,21,INE485C01011,
IOLN,EQ,7.0,7.5,7.0,7.3,7.25,7.35,18805,136071.4,16-SEP-2011,59,INE517C01011,
IPCALAB,EQ,282.15,284.5,271.3,277.9,279.9,280.45,153390,42753281.95,16-SEP-2011,4111,INE571A01020,
IPGETF,EQ,2752.65,2752.65,2672.8,2742.75,2749.0,2772.6,648,1757672.1,16-SEP-2011,158,INF109K01FV4,
IPRINGLTD,EQ,69.4,71.4,68.0,68.0,68.0,69.5,230,15861.0,16-SEP-2011,4,INE558A01019,
IRB,EQ,168.0,175.0,165.6,173.95,174.0,166.95,1796624,307455456.85,16-SEP-2011,33468,INE821I01014,
ISFT,EQ,56.8,56.8,54.6,54.9,54.75,56.05,367,20401.45,16-SEP-2011,28,INE566K01011,
ISMTLTD,EQ,39.0,39.2,37.25,37.5,37.5,38.45,34052,1292619.8,16-SEP-2011,347,INE732F01019,
ITC,EQ,200.0,200.85,197.35,197.95,198.3,199.4,8977302,1783778483.1,16-SEP-2011,52039,INE154A01025,
ITDCEM,EQ,146.15,151.85,145.7,148.0,145.7,149.9,1026,152281.3,16-SEP-2011,16,INE686A01018,
ITI,EQ,24.9,25.25,24.5,24.6,24.5,24.75,80163,1996365.85,16-SEP-2011,557,INE248A01017,
IVC,EQ,30.55,30.55,28.5,29.2,29.5,29.65,9897,289747.65,16-SEP-2011,131,INE050B01023,
IVP,EQ,47.15,47.9,45.2,45.65,45.55,46.15,664,30744.3,16-SEP-2011,12,INE043C01018,
IVRCLAH,EQ,31.95,32.0,27.9,29.85,30.55,31.8,68270,2065401.35,16-SEP-2011,1651,INE414I01018,
IVRCLINFRA,EQ,43.05,43.65,42.05,43.2,43.2,42.7,5672495,243483345.9,16-SEP-2011,21820,INE875A01025,
J&KBANK,EQ,834.55,881.55,816.0,866.0,858.0,810.7,219475,188532801.9,16-SEP-2011,7452,INE168A01017,
JAGRAN,EQ,106.05,107.0,104.1,105.1,104.5,106.0,127979,13580874.4,16-SEP-2011,305,INE199G01027,
JAGSNPHARM,EQ,13.45,13.95,13.4,13.9,13.95,14.0,1276,17458.2,16-SEP-2011,15,INE048B01027,
JAIBALAJI,EQ,127.85,128.95,123.0,123.7,123.2,126.85,66689,8296693.65,16-SEP-2011,400,INE091G01018,
JAICORPLTD,EQ,98.0,99.3,77.0,91.2,90.65,96.0,1265663,118397308.6,16-SEP-2011,15838,INE070D01027,
JAINSTUDIO,EQ,9.5,9.5,9.05,9.05,9.05,9.5,1999,18673.7,16-SEP-2011,7,INE486B01011,
JAMNAAUTO,EQ,122.9,122.9,120.0,121.0,121.0,120.05,141,17024.0,16-SEP-2011,8,INE039C01016,
JAYAGROGN,EQ,87.05,89.9,87.05,88.3,87.55,88.05,6958,612164.3,16-SEP-2011,101,INE785A01026,
JAYBARMARU,EQ,62.0,64.9,61.0,63.15,62.2,63.5,690,43764.5,16-SEP-2011,32,INE571B01028,
JAYNECOIND,EQ,19.8,19.9,18.65,18.7,18.7,19.2,64602,1222285.75,16-SEP-2011,238,INE854B01010,
JAYSREETEA,EQ,140.0,140.8,138.15,138.75,138.5,138.85,6252,868705.35,16-SEP-2011,222,INE364A01020,
JBCHEPHARM,EQ,82.25,83.65,80.4,80.75,80.65,81.25,176653,14418198.7,16-SEP-2011,3516,INE572A01028,
JBFIND,EQ,140.8,141.9,138.0,138.75,138.6,139.75,29660,4124342.0,16-SEP-2011,691,INE187A01017,
JBMA,EQ,59.2,59.2,59.2,59.2,59.2,60.05,130,7696.0,16-SEP-2011,10,INE927D01010,
JCTEL,EQ,1.25,1.3,1.2,1.25,1.25,1.25,24340,30506.75,16-SEP-2011,47,INE264B01020,
JENSONICOL,EQ,4.1,4.1,3.9,4.0,3.95,4.05,10430,41701.4,16-SEP-2011,34,INE819B01021,
JETAIRWAYS,EQ,273.7,275.1,265.15,272.55,274.2,273.7,1298059,350435882.45,16-SEP-2011,26855,INE802G01018,
JEYPORE,BE,122.6,122.6,122.6,122.6,122.6,117.6,1,122.6,16-SEP-2011,1,INE180E01014,
JHS,EQ,39.1,40.5,35.35,36.75,37.15,38.75,68160,2624062.0,16-SEP-2011,827,INE544H01014,
JIKIND,EQ,6.35,6.35,6.1,6.15,6.2,6.2,433,2718.1,16-SEP-2011,7,INE026B01049,
JINDALPHOT,EQ,153.7,159.2,153.1,153.8,153.55,155.2,40599,6330367.7,16-SEP-2011,1110,INE796G01012,
JINDALPOLY,EQ,212.9,215.5,207.05,209.1,208.5,210.75,240075,50766682.8,16-SEP-2011,6276,INE197D01010,
JINDALSAW,EQ,122.85,129.0,119.25,126.55,128.0,120.35,542607,67571132.5,16-SEP-2011,6294,INE324A01024,
JINDALSTEL,EQ,552.9,557.0,541.5,545.45,547.0,550.35,1110785,609738459.2,16-SEP-2011,20593,INE749A01030,
JINDALSWHL,EQ,658.0,658.4,642.0,645.1,645.1,651.35,24945,16193203.25,16-SEP-2011,1571,INE824G01012,
JINDCOT,EQ,91.85,92.0,89.15,91.35,91.5,91.05,68566,6258217.25,16-SEP-2011,343,INE904J01016,
JINDRILL,EQ,356.0,369.9,356.0,357.3,356.5,355.3,2866,1036223.4,16-SEP-2011,193,INE742C01031,
JINDWORLD,EQ,134.0,142.4,132.1,134.05,134.4,132.45,39975,5535789.55,16-SEP-2011,1560,INE247D01013,
JISLJALEQS,EQ,170.9,173.5,166.1,171.7,172.0,170.45,1087502,185559190.25,16-SEP-2011,9293,INE175A01038,
JKCEMENT,EQ,114.35,118.5,114.35,117.9,118.0,115.55,8100,946881.9,16-SEP-2011,168,INE823G01014,
JKIL,EQ,113.25,121.0,112.1,118.6,121.0,114.45,8774,1024732.05,16-SEP-2011,290,INE576I01014,
JKLAKSHMI,EQ,42.15,42.15,40.7,40.9,41.3,41.5,32639,1345645.5,16-SEP-2011,373,INE786A01032,
JKPAPER,EQ,43.2,43.2,42.1,42.5,42.4,42.65,35875,1529968.0,16-SEP-2011,551,INE789E01012,
JKTYRE,EQ,80.15,80.9,79.5,79.85,80.0,79.75,36100,2893048.5,16-SEP-2011,683,INE573A01034,
JMCPROJECT,EQ,140.6,149.4,136.0,138.75,138.5,142.6,21791,3050511.4,16-SEP-2011,728,INE890A01016,
JMFINANCIL,EQ,18.25,18.75,18.1,18.25,18.25,18.15,226129,4146559.7,16-SEP-2011,1030,INE780C01023,
JMTAUTOLTD,EQ,56.45,61.0,56.45,61.0,61.0,58.5,24,1399.65,16-SEP-2011,18,INE988E01010,
JOCIL,EQ,292.0,297.0,292.0,294.95,297.0,291.55,1445,424957.75,16-SEP-2011,40,INE839G01010,
JPASSOCIAT,EQ,70.7,70.75,68.15,69.05,69.2,69.8,21888364,1516565377.15,16-SEP-2011,64074,INE455F01025,
JPINFRATEC,EQ,48.0,53.65,45.35,50.05,49.5,46.9,7897681,386760872.7,16-SEP-2011,17393,INE099J01015,
JPPOWER,EQ,34.8,34.8,32.9,33.25,33.05,33.85,657584,22134445.95,16-SEP-2011,4799,INE351F01018,
JSL,EQ,103.1,104.85,102.55,104.5,104.0,104.45,74611,7760962.35,16-SEP-2011,1056,INE220G01021,
JSWENERGY,EQ,60.75,64.6,58.2,63.3,62.75,59.65,3385162,210341746.05,16-SEP-2011,19574,INE121E01018,
JSWISPAT,EQ,15.35,15.5,15.05,15.15,15.15,15.3,2286083,34867738.4,16-SEP-2011,3007,INE136A01022,
JSWSTEEL,EQ,683.05,691.45,671.65,686.35,689.05,679.4,1419890,969529580.9,16-SEP-2011,35980,INE019A01020,
JUBILANT,EQ,217.5,219.45,215.05,215.95,216.0,216.1,63745,13820120.0,16-SEP-2011,2746,INE700A01033,
JUBLFOOD,EQ,929.9,935.0,901.0,905.8,904.0,923.15,548095,500020471.45,16-SEP-2011,24370,INE797F01012,
JUBLINDS,EQ,190.85,191.95,186.0,189.3,190.0,188.7,6866,1294375.05,16-SEP-2011,189,INE645L01011,
JUMBO,EQ,17.95,18.5,17.1,17.85,17.5,18.2,2897,51437.0,16-SEP-2011,48,INE699D01015,
JUNIORBEES,EQ,101.0,102.69,101.0,101.67,101.5,101.19,21734,2208586.29,16-SEP-2011,250,INF732E01045,
JUPITER,EQ,17.25,17.5,17.0,17.15,17.15,17.3,146858,2535998.9,16-SEP-2011,646,INE918B01013,
JVLAGRO,EQ,15.6,15.95,15.3,15.7,15.45,15.45,18815,293559.0,16-SEP-2011,100,INE430G01026,
JYOTHYLAB,EQ,172.45,172.45,170.5,171.1,171.0,171.35,22102,3786886.05,16-SEP-2011,454,INE668F01031,
JYOTISTRUC,EQ,70.0,71.8,67.2,68.8,68.0,70.0,197235,13650886.4,16-SEP-2011,3286,INE197A01024,
KABRAEXTRU,EQ,41.75,41.75,40.6,40.7,40.6,41.35,2095,86617.6,16-SEP-2011,36,INE900B01029,
KAJARIACER,EQ,108.5,110.9,108.0,110.75,110.5,108.6,34899,3837540.1,16-SEP-2011,513,INE217B01028,
KAKATCEM,EQ,75.0,75.95,73.2,74.35,73.8,73.3,1794,132874.05,16-SEP-2011,31,INE437B01014,
KALECONSUL,EQ,71.35,72.9,70.0,70.95,70.15,72.05,1630,117093.35,16-SEP-2011,75,INE793A01012,
KALINDEE,EQ,117.5,118.0,115.4,115.85,116.0,116.65,81709,9505850.7,16-SEP-2011,1686,INE178D01010,
KALPATPOWR,EQ,111.05,112.85,111.05,112.2,111.6,110.7,23124,2593894.1,16-SEP-2011,413,INE220B01022,
KALYANIFRG,BE,172.0,172.0,172.0,172.0,172.0,174.9,20,3440.0,16-SEP-2011,1,INE314G01014,
KAMATHOTEL,EQ,97.5,97.95,93.0,93.45,93.0,94.65,20058,1911233.05,16-SEP-2011,416,INE967C01018,
KANDAGIRI,EQ,68.6,73.95,68.6,73.95,73.95,72.0,401,28703.95,16-SEP-2011,5,INE292D01019,
KANORICHEM,EQ,33.5,33.5,33.0,33.35,33.4,33.0,18188,602598.1,16-SEP-2011,109,INE138C01024,
KANSAINER,EQ,830.0,836.95,830.0,830.75,834.0,830.0,891,740510.55,16-SEP-2011,74,INE531A01016,
KARMAENG,EQ,14.0,14.0,12.0,12.2,12.2,12.35,4912,61628.5,16-SEP-2011,46,INE725L01011,
KARURVYSYA,EQ,370.0,370.0,353.35,361.15,361.6,360.15,172422,61849317.3,16-SEP-2011,5308,INE036D01010,
KAUSHALYA,EQ,8.6,8.9,8.55,8.8,8.9,8.55,3562,31200.15,16-SEP-2011,65,INE234I01010,
KAVVERITEL,EQ,131.0,135.7,131.0,134.95,135.4,133.0,36858,4909891.5,16-SEP-2011,243,INE641C01019,
KBIL,EQ,718.0,718.0,630.1,642.45,645.0,623.75,38,24882.3,16-SEP-2011,14,INE920K01010,
KCP,EQ,25.4,26.0,25.4,25.85,25.55,25.4,14976,384160.9,16-SEP-2011,99,INE805C01028,
KCPSUGIND,EQ,15.5,15.5,15.0,15.15,15.25,15.4,39650,603321.35,16-SEP-2011,125,INE790B01024,
KEC,EQ,58.75,59.4,57.6,58.0,58.0,58.25,71877,4177198.75,16-SEP-2011,1039,INE389H01022,
KECL,EQ,34.9,36.2,34.4,36.15,36.2,35.0,53163,1895267.75,16-SEP-2011,50,INE134B01017,
KEI,EQ,17.2,17.25,16.75,16.85,16.9,16.9,15329,259018.75,16-SEP-2011,86,INE878B01027,
KEMROCK,EQ,513.5,514.95,508.5,509.7,510.0,513.5,2215,1132875.7,16-SEP-2011,91,INE990B01012,
KERNEX,EQ,98.05,99.45,97.0,97.75,97.3,98.05,20963,2056849.5,16-SEP-2011,356,INE202H01019,
KESARENT,EQ,51.0,51.0,51.0,51.0,51.0,49.4,100,5100.0,16-SEP-2011,7,INE133B01019,
KESORAMIND,EQ,128.95,132.0,128.05,131.45,130.6,128.2,55586,7250902.6,16-SEP-2011,1564,INE087A01019,
KFA,EQ,24.9,26.15,24.75,25.8,25.9,25.2,3458625,88338980.65,16-SEP-2011,14731,INE438H01019,
KGL,EQ,9.15,9.25,9.05,9.15,9.1,9.1,538065,4903292.1,16-SEP-2011,1106,INE299C01024,
KHAITANELE,EQ,102.9,102.9,93.6,99.0,99.0,94.8,1485,141631.75,16-SEP-2011,19,INE761A01019,
KICL,EQ,470.0,480.0,462.0,479.9,479.9,474.2,228,108731.75,16-SEP-2011,23,INE029L01018,
KIL,EQ,13.1,14.65,13.1,13.6,13.6,13.95,2536,34961.0,16-SEP-2011,32,INE390H01012,
KILITCH,EQ,78.5,78.5,77.0,77.4,77.4,75.55,7,543.1,16-SEP-2011,7,INE729D01010,
KINETICMOT,EQ,16.65,16.9,16.3,16.65,16.4,17.0,10575,175621.65,16-SEP-2011,138,INE267B01015,
KIRIINDUS,EQ,141.55,156.0,141.55,145.0,145.0,140.9,169613,25327486.2,16-SEP-2011,5244,INE415I01015,
KIRLOSBROS,EQ,159.85,159.85,153.3,154.85,155.0,159.0,2562,397717.25,16-SEP-2011,192,INE732A01036,
KIRLOSENG,EQ,126.05,126.05,125.0,125.0,125.0,125.05,879,109970.25,16-SEP-2011,19,INE146L01010,
KIRLOSIND,EQ,290.95,290.95,283.0,284.0,284.0,286.0,983,282822.05,16-SEP-2011,14,INE250A01039,
KITPLYIND,EQ,3.7,4.15,3.7,3.85,3.85,3.9,2000,7993.75,16-SEP-2011,18,INE147B01019,
KKCL,EQ,840.0,843.9,838.15,839.5,843.75,842.85,488,409666.5,16-SEP-2011,24,INE401H01017,
KLGSYSTEL,EQ,39.6,40.4,37.1,37.6,37.8,37.9,23911,931308.05,16-SEP-2011,497,INE799A01019,
KLRF,EQ,27.0,27.6,26.0,26.9,27.0,25.05,1210,32772.75,16-SEP-2011,22,INE014E01015,
KMSUGAR,EQ,2.8,3.3,2.7,3.0,3.0,2.95,37335,105224.0,16-SEP-2011,72,INE157H01023,
KNRCON,EQ,110.0,112.0,107.65,111.25,109.05,107.15,5857,643583.85,16-SEP-2011,123,INE634I01011,
KOHINOOR,EQ,43.8,44.0,42.6,42.8,42.9,43.1,32992,1417234.55,16-SEP-2011,336,INE080B01012,
KOLTEPATIL,EQ,39.2,39.4,38.5,38.75,38.5,38.95,16150,627604.15,16-SEP-2011,178,INE094I01018,
KOPRAN,EQ,24.0,24.0,23.25,23.45,23.35,23.6,8927,209643.2,16-SEP-2011,91,INE082A01010,
KOTAKBANK,EQ,482.0,484.65,468.5,470.65,471.5,480.0,1329544,631161983.7,16-SEP-2011,17926,INE237A01028,
KOTAKGOLD,EQ,2660.0,2680.0,2632.0,2650.3,2650.0,2711.05,35328,93254035.4,16-SEP-2011,2064,INF373I01015,
KOTAKNIFTY,EQ,516.5,516.5,514.0,515.0,515.0,512.39,93,47930.5,16-SEP-2011,14,INF174K01518,
KOTAKPSUBK,EQ,340.0,345.0,334.0,338.75,341.0,339.76,926,313698.35,16-SEP-2011,60,INF373I01023,
KOTARISUG,EQ,6.1,6.2,6.05,6.15,6.2,6.35,4224,25797.8,16-SEP-2011,20,INE419A01022,
KOTHARIPET,EQ,7.3,7.6,7.3,7.35,7.35,7.7,1900,14041.05,16-SEP-2011,14,INE720A01015,
KOTHARIPRO,EQ,544.0,544.0,528.2,530.05,528.25,539.15,2191,1166783.55,16-SEP-2011,147,INE823A01017,
KOUTONS,EQ,20.9,21.45,20.6,20.75,20.8,20.95,43661,916657.6,16-SEP-2011,401,INE406I01014,
KOVAI,BE,124.7,124.7,119.7,119.7,119.7,126.0,24,2878.3,16-SEP-2011,3,INE177F01017,
KPIT,EQ,145.0,147.0,141.0,142.0,141.2,144.7,97881,14130355.2,16-SEP-2011,1549,INE836A01035,
KPRMILL,EQ,98.05,103.0,98.05,100.65,99.7,99.1,1999,200482.95,16-SEP-2011,48,INE930H01015,
KRBL,EQ,27.9,28.0,27.0,27.15,27.1,27.5,327798,8948535.9,16-SEP-2011,1811,INE001B01026,
KRISHNAENG,EQ,4.4,4.4,3.65,4.2,4.2,4.0,3956,15486.0,16-SEP-2011,23,INE409C01011,
KSBPUMPS,EQ,220.15,221.25,215.5,219.9,221.25,220.1,1990,432336.2,16-SEP-2011,69,INE999A01015,
KSCL,EQ,477.0,477.0,457.5,464.95,462.05,471.95,8464,3938265.0,16-SEP-2011,348,INE455I01011,
KSE,EQ,214.0,214.05,214.0,214.05,214.05,214.0,60,12840.5,16-SEP-2011,8,INE953E01014,
KSERASERA,BE,11.5,11.7,11.3,11.4,11.35,11.5,20641,237782.1,16-SEP-2011,87,INE216D01018,
KSK,EQ,101.45,105.05,100.6,104.3,104.95,100.25,441963,45841937.15,16-SEP-2011,4574,INE143H01015,
KSL,EQ,58.0,59.0,55.65,56.35,56.5,58.05,56554,3199551.45,16-SEP-2011,870,INE907A01026,
KSOILS,EQ,12.6,12.6,12.05,12.25,12.25,12.35,12484754,153449956.95,16-SEP-2011,19142,INE727D01022,
KTIL,EQ,75.45,75.75,74.75,75.65,75.45,73.0,11,827.25,16-SEP-2011,11,INE096L01017,
KTKBANK,EQ,95.4,95.8,92.0,92.2,92.15,94.7,670581,62549017.7,16-SEP-2011,8417,INE614B01018,
KWALITY,EQ,167.0,167.0,166.1,166.55,166.5,166.5,727740,121171218.35,16-SEP-2011,1507,INE775B01025,
L&TFH,EQ,50.35,50.65,49.9,50.05,50.1,50.25,985457,49472997.85,16-SEP-2011,7444,INE498L01015,
LAKPRE,EQ,44.1,44.1,42.0,42.55,42.45,45.55,2102,90230.1,16-SEP-2011,62,INE651C01018,
LAKSHMIEFL,EQ,26.1,26.35,25.5,25.7,25.6,26.2,62672,1627035.45,16-SEP-2011,480,INE992B01026,
LAKSHMIFIN,BE,29.55,29.55,29.55,29.55,29.55,31.0,167,4934.85,16-SEP-2011,4,INE850E01012,
LAKSHMIMIL,EQ,1749.95,1749.95,1710.0,1710.0,1710.0,1709.95,3,5169.95,16-SEP-2011,2,INE938C01019,
LAKSHVILAS,EQ,102.45,104.5,102.35,103.95,104.5,102.45,46289,4791841.5,16-SEP-2011,795,INE694C01018,
LANCOIN,EQ,34.1,35.5,34.1,34.6,34.6,34.55,4363,151343.95,16-SEP-2011,52,INE943C01027,
LAOPALA,EQ,118.8,122.9,113.7,116.75,116.1,117.7,90828,10801952.8,16-SEP-2011,2345,INE059D01012,
LAXMIMACH,EQ,1970.0,2009.0,1965.0,1998.15,1995.6,1966.35,2369,4716403.95,16-SEP-2011,666,INE269B01029,
LCCINFOTEC,EQ,0.55,0.6,0.5,0.5,0.5,0.55,132639,68166.95,16-SEP-2011,29,INE938A01021,
LGBBROSLTD,EQ,284.5,289.95,280.0,282.85,282.75,288.0,1214,345230.1,16-SEP-2011,51,INE337A01034,
LGBFORGE,BE,2.6,2.8,2.6,2.75,2.8,2.65,7475,19536.2,16-SEP-2011,12,INE201J01017,
LIBERTSHOE,EQ,84.85,85.75,84.7,85.25,85.0,84.85,12298,1049301.4,16-SEP-2011,334,INE557B01019,
LICHSGFIN,EQ,210.0,213.3,207.1,211.85,211.3,208.25,3371337,710528212.7,16-SEP-2011,40094,INE115A01026,
LIQUIDBEES,EQ,1000.01,1000.01,999.99,1000.0,999.99,999.99,97911,97911019.35,16-SEP-2011,546,INF732E01037,
LITL,EQ,17.7,18.3,17.05,17.95,18.1,17.45,14011217,247669924.55,16-SEP-2011,20585,INE785C01048,
LLOYDELENG,EQ,53.0,53.6,52.4,53.2,53.4,52.25,22341,1180662.35,16-SEP-2011,103,INE245C01019,
LLOYDFIN,EQ,1.0,1.05,1.0,1.05,1.05,1.0,1500,1510.0,16-SEP-2011,3,INE174A01015,
LLOYDSTEEL,EQ,14.55,14.6,14.25,14.35,14.3,14.5,89806,1296939.2,16-SEP-2011,643,INE292A01015,
LML,EQ,9.4,9.5,9.2,9.3,9.3,9.45,107046,1004202.75,16-SEP-2011,247,INE862A01015,
LOGIXMICRO,EQ,14.15,14.4,13.85,13.85,13.85,13.9,419,5895.95,16-SEP-2011,29,INE848A01014,
LOKESHMACH,EQ,44.0,45.75,42.15,42.8,42.25,43.4,100387,4447650.65,16-SEP-2011,1467,INE397H01017,
LOTUSEYE,EQ,10.05,10.05,9.5,9.6,9.7,9.6,2827,27238.1,16-SEP-2011,45,INE947I01017,
LOVABLE,EQ,534.3,536.45,508.8,519.6,519.1,527.6,1015623,530442526.1,16-SEP-2011,35812,INE597L01014,
LPDC,EQ,2.7,3.0,2.6,3.0,3.0,2.7,81610,243090.0,16-SEP-2011,38,INE197J01017,
LT,EQ,1602.15,1632.4,1597.1,1608.8,1612.0,1590.65,1779406,2873900896.2,16-SEP-2011,66076,INE018A01030,
LUMAXAUTO,EQ,31.7,31.7,29.25,29.3,29.3,29.7,2299,68817.3,16-SEP-2011,30,INE547G01019,
LUMAXIND,EQ,379.7,379.7,366.0,368.05,366.5,370.0,13514,4997907.3,16-SEP-2011,124,INE162B01018,
LUMAXTECH,EQ,167.5,171.95,167.5,168.85,171.45,168.0,842,142056.45,16-SEP-2011,39,INE872H01019,
LUPIN,EQ,479.0,483.0,471.55,479.35,479.95,476.3,1247663,599345667.8,16-SEP-2011,20836,INE326A01037,
LYKALABS,EQ,16.4,16.4,14.9,15.05,15.05,15.0,1390,21352.9,16-SEP-2011,18,INE933A01014,
M&M,EQ,810.5,815.4,793.0,796.55,794.2,805.4,2984175,2402661968.95,16-SEP-2011,62495,INE101A01026,
M&MFIN,EQ,648.65,688.0,630.0,672.2,666.0,631.6,334382,220632878.1,16-SEP-2011,9891,INE774D01016,
M100,EQ,7.49,7.49,7.25,7.3,7.3,7.29,43526,317869.88,16-SEP-2011,105,INF247L01023,
M50,EQ,68.84,68.84,67.05,67.83,67.55,67.1,23285,1572861.75,16-SEP-2011,105,INF247L01015,
MAANALU,EQ,55.0,55.0,51.95,51.95,51.95,53.1,13,707.0,16-SEP-2011,4,INE215I01019,
MADHAV,EQ,18.1,19.6,18.1,19.25,19.3,19.35,2575,49747.6,16-SEP-2011,17,INE925C01016,
MADHUCON,EQ,74.0,75.35,72.65,74.25,74.1,74.7,5771,429152.15,16-SEP-2011,163,INE378D01032,
MADRASCEM,EQ,101.05,102.7,100.0,101.4,101.05,101.9,32991,3340426.65,16-SEP-2011,593,INE331A01037,
MADRASFERT,EQ,23.3,23.65,23.05,23.3,23.4,23.3,34968,817058.9,16-SEP-2011,236,INE414A01015,
MAGMA,EQ,72.05,72.75,71.2,72.5,72.5,72.5,19797,1432522.15,16-SEP-2011,134,INE511C01022,
MAGNUM,EQ,5.25,5.25,4.85,4.85,4.85,4.95,2796,13983.45,16-SEP-2011,15,INE387I01016,
MAHABANK,EQ,51.9,51.9,47.95,48.75,48.25,49.95,192733,9512533.15,16-SEP-2011,3267,INE457A01014,
MAHINDFORG,EQ,64.1,65.7,63.9,64.15,64.1,65.35,8947,576106.15,16-SEP-2011,182,INE536H01010,
MAHINDUGIN,EQ,47.8,48.65,46.2,47.25,47.0,48.05,13424,635795.1,16-SEP-2011,119,INE850A01010,
MAHLIFE,EQ,297.05,302.45,295.75,296.8,295.75,295.8,2630,783939.55,16-SEP-2011,309,INE813A01018,
MAHSCOOTER,EQ,320.65,327.2,317.05,321.15,321.0,333.65,646,207404.15,16-SEP-2011,70,INE288A01013,
MAHSEAMLES,EQ,362.3,371.9,362.25,369.95,369.95,370.05,2746,1015555.65,16-SEP-2011,153,INE271B01025,
MAITHANALL,EQ,102.95,102.95,100.0,100.0,100.0,101.0,700,70705.0,16-SEP-2011,5,INE683C01011,
MALUPAPER,EQ,13.5,13.5,12.35,13.3,13.35,12.45,12998,169807.2,16-SEP-2011,61,INE383H01017,
MALWACOTT,EQ,28.8,32.1,28.8,29.15,29.0,31.1,2628,81373.45,16-SEP-2011,35,INE272B01015,
MANAKSIA,EQ,60.85,60.85,60.0,60.15,60.1,60.05,1831,110186.15,16-SEP-2011,44,INE015D01022,
MANALIPETC,EQ,11.55,11.7,11.35,11.4,11.4,11.4,40572,466227.95,16-SEP-2011,150,INE201A01024,
MANAPPURAM,EQ,53.5,57.9,53.2,57.2,57.6,53.5,2511531,142414641.6,16-SEP-2011,12124,INE522D01027,
MANDHANA,EQ,220.9,224.55,219.05,221.3,223.0,219.5,123607,27380178.45,16-SEP-2011,381,INE087J01010,
MANGALAM,EQ,14.95,14.95,13.0,14.5,14.85,13.7,26471,363327.5,16-SEP-2011,86,INE584F01014,
MANGCHEFER,EQ,35.05,35.4,34.55,35.15,35.05,34.95,307228,10776285.35,16-SEP-2011,1026,INE558B01017,
MANGLMCEM,EQ,102.5,103.75,101.15,101.9,102.0,101.9,5263,537575.9,16-SEP-2011,155,INE347A01017,
MANGTIMBER,EQ,16.1,17.0,16.1,16.25,16.25,16.75,1596,26117.0,16-SEP-2011,22,INE805B01012,
MANINDS,EQ,141.1,142.5,141.0,141.9,142.0,141.55,37648,5343093.45,16-SEP-2011,101,INE993A01026,
MANINFRA,EQ,119.45,138.45,116.35,135.7,136.0,116.35,161103,21490283.05,16-SEP-2011,4915,INE949H01015,
MANJEERA,EQ,91.0,97.15,91.0,97.15,97.15,88.05,3,280.15,16-SEP-2011,3,INE320D01018,
MANJUSHREE,EQ,90.2,94.0,88.75,92.65,93.05,90.85,8675,795260.25,16-SEP-2011,172,INE435H01015,
MANUGRAPH,EQ,48.65,48.7,47.55,47.65,47.55,47.5,618,29678.25,16-SEP-2011,14,INE867A01022,
MARALOVER,EQ,11.7,12.0,11.65,11.8,11.8,12.2,595,7076.3,16-SEP-2011,7,INE882A01013,
MARG,EQ,86.1,93.45,86.1,90.25,90.8,86.0,234131,21230797.1,16-SEP-2011,3208,INE941E01019,
MARICO,EQ,144.95,146.95,139.5,141.05,140.6,143.1,694544,99790347.7,16-SEP-2011,12558,INE196A01026,
MARKSANS,EQ,2.35,2.35,2.25,2.3,2.3,2.3,98445,222926.15,16-SEP-2011,84,INE750C01026,
MARUTI,EQ,1071.1,1117.65,1065.0,1109.45,1108.15,1082.25,1247652,1368649067.9,16-SEP-2011,47259,INE585B01010,
MASTEK,EQ,94.1,95.95,92.8,93.5,94.0,93.75,56989,5384448.05,16-SEP-2011,840,INE759A01021,
MAWANASUG,EQ,17.4,19.75,17.4,18.05,18.0,18.2,3863,70342.5,16-SEP-2011,45,INE636A01039,
MAX,EQ,210.1,211.95,206.6,207.6,207.0,209.3,319202,66887816.15,16-SEP-2011,4985,INE180A01020,
MAXWELL,EQ,28.25,28.25,27.0,28.25,28.25,26.9,262534,7393230.1,16-SEP-2011,1134,INE450G01024,
MBECL,EQ,132.5,132.5,128.55,129.7,129.15,128.7,2428,316632.15,16-SEP-2011,142,INE748A01016,
MBLINFRA,EQ,131.0,136.95,128.5,134.25,135.4,132.25,4393,588272.0,16-SEP-2011,145,INE912H01013,
MCDHOLDING,EQ,61.5,62.95,61.15,61.65,61.15,61.85,2646,163995.8,16-SEP-2011,89,INE836H01014,
MCDOWELL-N,EQ,890.0,894.7,830.0,841.85,837.9,883.5,320238,275416931.8,16-SEP-2011,13694,INE854D01016,
MCLEODRUSS,EQ,252.0,256.1,249.1,253.3,253.2,250.4,259439,65533758.25,16-SEP-2011,5104,INE942G01012,
MEGASOFT,EQ,16.75,17.2,16.75,16.9,16.75,16.9,441,7451.5,16-SEP-2011,14,INE933B01012,
MEGH,EQ,9.35,9.75,9.35,9.6,9.55,9.3,42166,404430.05,16-SEP-2011,198,INE974H01013,
MERCK,EQ,650.0,655.9,646.0,647.95,646.0,649.05,1311,852057.25,16-SEP-2011,128,INE199A01012,
MHRIL,EQ,337.0,341.0,327.95,330.25,329.0,334.8,7436,2485424.4,16-SEP-2011,376,INE998I01010,
MIC,EQ,11.8,12.45,11.8,12.2,12.2,12.1,123108,1497307.0,16-SEP-2011,474,INE287C01029,
MICROSEC,EQ,30.25,30.25,29.25,29.65,29.25,30.2,5048,149844.15,16-SEP-2011,72,INE019J01013,
MICROTECH,EQ,125.7,125.9,124.35,124.75,124.5,123.7,16578,2069392.9,16-SEP-2011,158,INE358B01012,
MINDAIND,EQ,185.0,191.95,184.0,184.05,184.0,183.75,132,24375.85,16-SEP-2011,11,INE405E01015,
MINDTREE,EQ,351.0,360.2,344.05,356.0,354.5,350.7,45701,16317290.2,16-SEP-2011,1544,INE018I01017,
MIRCELECTR,EQ,17.95,18.5,17.85,18.25,18.2,18.05,23430,425909.9,16-SEP-2011,155,INE831A01028,
MIRZAINT,EQ,17.4,18.25,17.4,17.55,17.7,17.45,29057,512080.25,16-SEP-2011,188,INE771A01026,
MLL,EQ,27.0,27.05,24.95,25.2,25.4,26.6,3753715,95670129.45,16-SEP-2011,8815,INE934B01028,
MMFL,EQ,101.05,106.0,101.05,104.1,103.55,105.3,4057,420816.5,16-SEP-2011,194,INE227C01017,
MMFSL,EQ,113.0,117.5,108.0,110.1,111.0,109.9,14901,1662484.2,16-SEP-2011,235,INE180C01018,
MMTC,EQ,702.95,722.95,692.4,706.8,706.8,701.35,12235,8712056.25,16-SEP-2011,1271,INE123F01029,
MOIL,EQ,297.0,314.5,296.0,309.85,308.0,295.5,535453,163887684.25,16-SEP-2011,10016,INE490G01020,
MONNETISPA,EQ,490.6,500.0,490.0,490.7,490.0,490.3,6658,3284669.2,16-SEP-2011,668,INE743C01013,
MONSANTO,EQ,1797.2,1807.0,1780.0,1792.05,1780.0,1797.2,1675,3007572.45,16-SEP-2011,148,INE274B01011,
MORARJETEX,EQ,14.3,14.7,14.3,14.7,14.7,14.55,100,1469.6,16-SEP-2011,2,INE161G01019,
MOREPENLAB,EQ,4.15,4.15,4.0,4.05,4.0,4.05,88991,359444.85,16-SEP-2011,144,INE083A01026,
MOSERBAER,EQ,23.3,23.45,22.4,22.6,22.7,23.2,628120,14397186.7,16-SEP-2011,3706,INE739A01015,
MOTHERSUMI,EQ,198.0,201.0,184.15,186.15,190.0,197.95,329062,62128231.1,16-SEP-2011,5811,INE775A01035,
MOTILALOFS,EQ,82.0,83.2,79.5,80.45,81.3,82.35,6340,516407.95,16-SEP-2011,224,INE338I01027,
MOTOGENFIN,EQ,42.5,42.5,39.85,40.2,40.2,39.75,191,7670.75,16-SEP-2011,11,INE861B01015,
MPHASIS,EQ,344.0,350.0,338.6,346.95,344.0,343.0,625181,215677966.2,16-SEP-2011,13987,INE356A01018,
MPSLTD,EQ,35.5,36.6,35.15,35.6,35.6,35.4,1537,54778.7,16-SEP-2011,27,INE943D01017,
MRF,EQ,7089.0,7149.0,7030.05,7072.75,7040.0,7030.2,8387,59439752.9,16-SEP-2011,2276,INE883A01011,
MRO-TEK,EQ,11.35,11.35,10.6,10.85,10.65,10.75,4543,49363.65,16-SEP-2011,45,INE398B01018,
MRPL,EQ,67.0,69.7,65.8,66.2,66.5,68.4,929845,62685875.35,16-SEP-2011,6737,INE103A01014,
MSPL,EQ,46.5,47.95,44.65,44.95,44.7,45.5,5739,260244.3,16-SEP-2011,218,INE752G01015,
MTNL,EQ,34.8,35.8,34.6,34.8,34.7,35.1,608301,21391656.9,16-SEP-2011,5419,INE153A01019,
MUDRA,EQ,24.15,25.2,23.7,24.05,23.9,24.9,7734,188340.5,16-SEP-2011,91,INE311H01018,
MUKANDENGG,EQ,28.0,28.0,27.7,27.7,27.7,27.5,260,7232.0,16-SEP-2011,4,INE022B01014,
MUKANDLTD,EQ,35.95,36.0,34.25,34.35,34.25,34.9,7102,247177.95,16-SEP-2011,82,INE304A01026,
MUKTAARTS,EQ,38.05,39.85,38.05,38.65,38.65,39.6,1288,50768.8,16-SEP-2011,10,INE374B01019,
MUNDRAPORT,EQ,150.0,153.5,148.0,150.8,148.3,149.35,1324489,199934546.85,16-SEP-2011,10899,INE742F01042,
MUNJALAU,EQ,167.0,173.0,163.0,171.75,173.0,165.2,13564,2308394.3,16-SEP-2011,229,INE672B01024,
MUNJALSHOW,EQ,62.3,64.2,62.1,63.7,63.3,63.25,12046,768384.45,16-SEP-2011,134,INE577A01027,
MURLIIND,EQ,24.15,24.85,24.0,24.65,24.65,24.15,3787,91843.6,16-SEP-2011,24,INE806B01028,
MURUDCERA,EQ,17.85,17.85,16.85,17.15,17.15,16.9,432,7354.35,16-SEP-2011,14,INE692B01014,
MUTHOOTFIN,EQ,175.15,177.9,173.25,175.05,177.0,173.4,231405,40481426.5,16-SEP-2011,1905,INE414G01012,
MVL,EQ,24.4,25.1,24.3,24.75,24.4,24.8,45980,1136840.5,16-SEP-2011,80,INE744I01034,
MVLIND,EQ,13.8,13.8,13.15,13.6,13.45,13.7,6771,90933.15,16-SEP-2011,62,INE141B01020,
MYSOREBANK,EQ,592.35,604.9,592.35,595.3,592.6,600.8,1364,814858.5,16-SEP-2011,203,INE651A01020,
N100,EQ,103.3,105.5,102.0,103.2,103.0,102.9,3415,355164.29,16-SEP-2011,61,INF247L01031,
NAGREEKCAP,EQ,24.3,25.9,24.3,24.55,24.55,25.0,302,7367.05,16-SEP-2011,6,INE245I01016,
NAGREEKEXP,EQ,25.9,25.9,23.35,23.7,23.7,24.45,668,15864.35,16-SEP-2011,12,INE123B01028,
NAHARCAP,EQ,55.0,55.0,52.05,52.15,52.15,53.0,2677,142139.6,16-SEP-2011,68,INE049I01012,
NAHARINDUS,EQ,45.25,45.75,43.1,43.6,43.55,45.25,776,34487.35,16-SEP-2011,17,INE289A01011,
NAHARPOLY,EQ,24.0,24.25,23.5,23.5,23.5,22.8,2444,57955.9,16-SEP-2011,34,INE308A01027,
NAHARSPING,EQ,65.25,67.25,65.25,66.1,66.3,66.25,2868,190346.7,16-SEP-2011,50,INE290A01027,
NANDAN,EQ,2.55,2.65,2.5,2.55,2.55,2.55,301536,777391.75,16-SEP-2011,56,INE875G01022,
NATCOPHARM,EQ,240.9,243.55,237.1,240.3,239.25,237.15,5077,1217276.55,16-SEP-2011,720,INE987B01018,
NATHSEED,BE,12.2,13.45,12.2,13.45,13.45,12.8,68831,896641.4,16-SEP-2011,244,INE778A01021,
NATIONALUM,EQ,66.25,68.8,64.35,65.65,65.5,65.6,1120366,73738078.1,16-SEP-2011,8154,INE139A01034,
NATNLSTEEL,EQ,15.8,17.25,15.8,16.8,16.7,16.05,14143,236422.85,16-SEP-2011,169,INE088B01015,
NAUKRI,EQ,702.0,702.0,682.0,685.35,685.35,684.0,152,104883.75,16-SEP-2011,20,INE663F01024,
NAVINFLUOR,EQ,362.0,369.85,359.0,360.85,359.5,361.2,12065,4399390.05,16-SEP-2011,440,INE048G01018,
NAVNETPUBL,EQ,67.5,67.8,65.9,66.25,66.3,67.1,96759,6438018.05,16-SEP-2011,1480,INE060A01024,
NBVENTURES,EQ,184.5,212.65,183.95,204.4,202.65,184.85,72304,14248915.4,16-SEP-2011,3910,INE725A01022,
NCC,EQ,67.9,70.95,65.3,69.8,70.8,66.45,1552275,106778041.6,16-SEP-2011,6590,INE868B01028,
NCLIND,EQ,37.0,37.3,36.3,36.4,36.6,36.8,12935,473322.15,16-SEP-2011,76,INE732C01016,
NDTV,EQ,49.05,49.95,46.55,48.6,49.0,49.0,24185,1179636.85,16-SEP-2011,503,INE155G01029,
NECLIFE,EQ,20.45,20.95,20.35,20.6,20.95,20.35,24609,507644.35,16-SEP-2011,260,INE023H01027,
NEHAINT,BE,117.85,120.2,109.0,117.35,116.15,114.45,14026,1621212.1,16-SEP-2011,68,INE874D01022,
NELCAST,EQ,21.45,21.8,20.75,21.1,21.1,21.45,24289,518066.7,16-SEP-2011,163,INE189I01024,
NELCO,EQ,56.1,57.9,56.1,57.55,57.5,56.2,38490,2204784.2,16-SEP-2011,432,INE045B01015,
NEOCURE,EQ,3.0,3.05,2.85,2.85,2.85,3.0,8000,23209.95,16-SEP-2011,40,INE695B01025,
NEPCMICON,EQ,4.0,4.2,3.9,4.05,4.05,3.9,18780,75957.1,16-SEP-2011,45,INE588A01016,
NESCO,EQ,593.1,611.0,591.15,592.8,592.1,597.0,21796,13110646.7,16-SEP-2011,1665,INE317F01027,
NESTLEIND,EQ,4260.0,4340.0,4132.05,4179.95,4200.25,4258.25,41384,174601825.2,16-SEP-2011,5673,INE239A01016,
NET4,EQ,145.65,148.2,144.0,144.85,144.0,145.8,22172,3248310.9,16-SEP-2011,354,INE553E01012,
NETWORK18,EQ,94.0,94.0,92.2,92.95,93.0,94.7,58126,5432902.6,16-SEP-2011,317,INE870H01013,
NEULANDLAB,EQ,89.2,89.2,89.2,89.2,89.2,89.3,1,89.2,16-SEP-2011,1,INE794A01010,
NEXTMEDIA,EQ,4.95,4.95,4.7,4.7,4.7,4.85,14069,66673.0,16-SEP-2011,38,INE747B01016,
NEYVELILIG,EQ,85.95,89.0,85.4,86.3,86.2,85.85,194094,16839936.0,16-SEP-2011,3009,INE589A01014,
NFL,EQ,77.8,77.8,76.15,76.6,76.65,77.0,50880,3916011.7,16-SEP-2011,694,INE870D01012,
NHPC,EQ,24.4,24.7,24.0,24.1,24.15,24.4,3395857,82529934.15,16-SEP-2011,7618,INE848E01016,
NICCO,EQ,2.95,2.95,2.65,2.75,2.75,2.85,21435,60261.2,16-SEP-2011,32,INE241C01026,
NIFTYBEES,EQ,514.0,519.45,512.05,513.99,513.3,512.94,308516,159115444.06,16-SEP-2011,4483,INF732E01011,
NIITLTD,EQ,47.25,47.25,45.6,46.15,46.35,46.1,74414,3439406.5,16-SEP-2011,665,INE161A01038,
NIITTECH,EQ,216.9,216.9,207.1,208.3,207.75,214.1,60654,12849286.35,16-SEP-2011,2193,INE591G01017,
NILKAMAL,EQ,263.0,267.0,262.5,263.05,263.1,267.6,503,132927.45,16-SEP-2011,70,INE310A01015,
NIPPOBATRY,EQ,395.1,399.9,392.0,395.4,396.5,397.0,189,74715.6,16-SEP-2011,9,INE567A01010,
NISSAN,EQ,2.3,2.4,2.3,2.35,2.35,2.3,92909,218135.95,16-SEP-2011,72,INE846H01021,
NITCO,EQ,50.0,51.5,49.9,51.0,51.45,49.9,9786,493754.85,16-SEP-2011,136,INE858F01012,
NITESHEST,EQ,18.45,19.0,18.45,18.85,18.9,18.6,52007,976895.25,16-SEP-2011,215,INE639K01016,
NITINFIRE,EQ,141.05,142.4,138.75,139.55,139.0,140.9,133193,18717497.4,16-SEP-2011,2120,INE489H01020,
NITINSPIN,EQ,7.0,7.5,7.0,7.2,7.05,7.15,5374,38549.65,16-SEP-2011,29,INE229H01012,
NMDC,EQ,239.5,254.0,222.1,250.2,249.1,233.75,963384,236936517.3,16-SEP-2011,16464,INE584A01023,
NOCIL,EQ,16.0,16.15,15.7,15.8,15.85,15.9,102765,1633911.4,16-SEP-2011,244,INE163A01018,
NOIDATOLL,EQ,23.1,23.55,22.6,22.75,22.8,23.35,138600,3170273.55,16-SEP-2011,742,INE781B01015,
NOL,EQ,39.95,39.95,38.5,38.5,38.5,38.25,200,7845.0,16-SEP-2011,2,INE296D01010,
NORBTEAEXP,EQ,5.4,5.8,5.4,5.6,5.6,5.6,38,212.8,16-SEP-2011,3,INE369C01017,
NORTHGATE,EQ,12.45,13.7,11.75,13.2,13.7,12.2,86134,1107837.7,16-SEP-2011,383,INE217G01019,
NOVOPANIND,EQ,41.0,45.0,41.0,44.6,43.8,41.25,3727878,164004207.05,16-SEP-2011,53,INE460B01016,
NRBBEARING,EQ,45.4,45.5,44.2,45.05,45.0,44.4,68486,3079200.85,16-SEP-2011,148,INE349A01021,
NRC,EQ,4.1,4.45,4.0,4.3,4.3,4.35,26325,109655.9,16-SEP-2011,82,INE953C01018,
NSIL,EQ,635.0,644.6,628.05,636.75,628.05,642.05,75,47729.15,16-SEP-2011,24,INE023A01030,
NTPC,EQ,165.2,173.55,165.0,172.45,171.8,164.55,5795670,988241175.65,16-SEP-2011,33581,INE733E01010,
NUCHEM,EQ,3.3,3.6,3.3,3.3,3.3,3.45,39482,135387.05,16-SEP-2011,108,INE946A01016,
NUCLEUS,EQ,68.1,70.0,66.0,66.75,66.0,68.65,7441,505592.0,16-SEP-2011,204,INE096B01018,
NUMERICPW,EQ,196.0,196.5,194.55,194.9,195.0,194.0,1511,295777.65,16-SEP-2011,49,INE409B01013,
NUTEK,EQ,3.0,3.1,3.0,3.05,3.05,3.05,271923,825250.6,16-SEP-2011,268,INE318J01027,
OBEROIRLTY,EQ,223.8,224.9,220.25,223.3,224.0,217.95,10906,2432200.45,16-SEP-2011,392,INE093I01010,
OCL,EQ,100.05,100.05,93.95,96.75,96.9,102.55,4618,449481.0,16-SEP-2011,137,INE290B01025,
OFSS,EQ,1886.0,1894.0,1821.0,1844.8,1839.85,1875.35,39018,71890113.2,16-SEP-2011,4548,INE881D01027,
OIL,EQ,1329.8,1390.0,1312.1,1373.25,1338.1,1308.65,295587,398117778.4,16-SEP-2011,8456,INE274J01014,
OILCOUNTUB,EQ,68.25,69.4,66.55,66.95,67.75,68.25,12216,827586.6,16-SEP-2011,273,INE591A01010,
OISL,EQ,52.1,53.0,52.1,52.6,52.95,52.05,1015,53130.8,16-SEP-2011,22,INE196J01019,
OMAXAUTO,EQ,40.4,41.0,39.7,40.5,40.6,39.6,12315,498925.05,16-SEP-2011,139,INE090B01011,
OMAXE,EQ,140.5,140.95,139.2,140.65,140.8,140.3,141566,19887380.95,16-SEP-2011,908,INE800H01010,
OMKARCHEM,EQ,69.0,71.5,68.25,68.6,69.45,69.4,5962,413550.95,16-SEP-2011,101,INE474L01016,
OMMETALS,EQ,27.0,27.5,26.5,27.0,27.0,27.0,2469,66602.4,16-SEP-2011,13,INE239D01028,
OMNITECH,EQ,148.15,148.15,143.6,144.3,143.6,145.25,49427,7178655.75,16-SEP-2011,330,INE810H01019,
ONGC,EQ,270.0,280.55,270.0,274.7,275.15,260.6,13542984,3733010606.05,16-SEP-2011,108719,INE213A01029,
ONMOBILE,EQ,63.5,63.85,61.7,62.4,62.4,63.3,327832,20573295.05,16-SEP-2011,4000,INE809I01019,
ONWARDTEC,EQ,35.25,36.55,34.0,36.0,36.0,35.35,2207,77771.6,16-SEP-2011,39,INE229A01017,
OPTOCIRCUI,EQ,240.0,241.0,224.75,233.9,234.5,238.6,1047427,245646062.55,16-SEP-2011,13370,INE808B01016,
ORBITCORP,EQ,36.7,36.95,34.05,34.3,34.5,36.45,662812,23237137.85,16-SEP-2011,4828,INE628H01015,
ORCHIDCHEM,EQ,201.0,203.75,196.55,197.65,197.9,200.05,1371753,275196643.25,16-SEP-2011,16919,INE191A01019,
ORIENTABRA,EQ,34.25,35.15,33.8,34.65,34.5,34.0,28351,974844.65,16-SEP-2011,157,INE569C01020,
ORIENTALTL,EQ,8.15,8.8,8.15,8.8,8.8,8.7,3402,29640.65,16-SEP-2011,20,INE998H01012,
ORIENTBANK,EQ,302.0,303.95,290.05,292.35,292.5,299.25,888212,263295979.6,16-SEP-2011,22996,INE141A01014,
ORIENTHOT,EQ,27.5,27.5,26.4,26.6,26.9,27.0,3481,93836.7,16-SEP-2011,51,INE750A01020,
ORIENTLTD,EQ,76.6,76.6,74.85,74.85,74.85,74.85,52,3893.95,16-SEP-2011,3,INE609C01024,
ORIENTPPR,EQ,60.05,61.9,59.7,60.65,61.35,61.6,47253,2849358.25,16-SEP-2011,607,INE592A01026,
ORISSAMINE,EQ,47200.0,48105.0,46600.0,47448.85,47349.95,46605.65,2323,110310030.7,16-SEP-2011,1379,INE725E01016,
OSWALMIN,EQ,32.8,32.8,32.8,32.8,32.8,31.2,310,10168.0,16-SEP-2011,4,INE469B01017,
OUDHSUG,EQ,23.95,23.95,22.6,23.0,23.0,23.4,21058,482209.2,16-SEP-2011,98,INE594A01014,
PAEL,EQ,23.9,23.9,22.5,22.6,22.6,23.1,1586,35938.95,16-SEP-2011,27,INE766A01018,
PAGEIND,EQ,2675.95,2696.0,2650.0,2654.55,2662.0,2684.3,2079,5539402.65,16-SEP-2011,990,INE761H01022,
PANACEABIO,EQ,137.0,139.3,134.95,135.75,134.95,136.25,7146,976200.4,16-SEP-2011,444,INE922B01023,
PANASONIC,EQ,113.5,119.0,113.5,117.05,119.0,114.65,1435,167642.5,16-SEP-2011,26,INE841C01015,
PANCARBON,EQ,135.0,135.0,135.0,135.0,135.0,138.0,5,675.0,16-SEP-2011,1,INE013E01017,
PANORAMUNI,EQ,12.55,12.6,11.9,12.45,12.5,12.05,16548,201467.4,16-SEP-2011,88,INE194B01029,
PANTALOONR,EQ,264.7,266.7,256.1,259.8,259.5,262.5,701214,182716203.25,16-SEP-2011,14582,INE623B01027,
PAPERPROD,EQ,78.15,80.85,77.75,78.05,77.95,78.35,19519,1548781.15,16-SEP-2011,355,INE275B01026,
PARABDRUGS,EQ,31.25,31.25,30.6,30.75,30.75,30.95,27811,857786.7,16-SEP-2011,436,INE618H01016,
PARACABLES,EQ,3.5,3.5,3.35,3.35,3.35,3.5,7407,25468.7,16-SEP-2011,26,INE074B01023,
PARAL,EQ,262.0,262.0,256.0,256.9,257.25,260.8,2872,739204.75,16-SEP-2011,109,INE620C01013,
PARAPRINT,EQ,23.65,24.7,23.2,23.35,23.45,24.1,41446,979334.05,16-SEP-2011,264,INE702L01010,
PARASPETRO,EQ,0.45,0.55,0.45,0.5,0.5,0.5,26829,12554.8,16-SEP-2011,21,INE162C01024,
PAREKHPLAT,BE,3.5,3.5,3.5,3.5,3.5,3.65,41,143.5,16-SEP-2011,2,INE598A01015,
PARRYSUGAR,EQ,91.0,96.95,91.0,93.25,93.15,95.0,253,23485.8,16-SEP-2011,12,INE353B01021,
PARSVNATH,EQ,62.0,66.7,60.65,66.2,65.65,62.05,3610121,235531555.95,16-SEP-2011,9063,INE561H01026,
PATELENG,EQ,108.95,109.65,105.3,106.25,106.0,107.7,336109,35909743.95,16-SEP-2011,5228,INE244B01030,
PATINTLOG,EQ,33.5,34.7,33.3,34.2,34.25,34.2,114545,3885178.9,16-SEP-2011,400,INE529D01014,
PATNI,EQ,297.0,303.5,288.5,299.65,300.0,295.25,435223,129865518.45,16-SEP-2011,11976,INE660F01012,
PATSPINLTD,EQ,14.95,14.95,12.65,13.0,13.0,13.35,1589,20580.4,16-SEP-2011,17,INE790C01014,
PBAINFRA,EQ,46.9,46.9,45.15,45.65,46.15,45.9,3650,166900.5,16-SEP-2011,72,INE160H01019,
PDPL,EQ,117.1,119.0,116.0,116.8,116.8,116.4,1463,170828.15,16-SEP-2011,23,INE904D01019,
PDUMJEIND,EQ,17.2,17.8,17.05,17.25,17.15,17.1,642,11045.65,16-SEP-2011,11,INE105C01023,
PDUMJEPULP,EQ,18.5,18.5,18.05,18.4,18.4,18.65,5917,107975.8,16-SEP-2011,39,INE606A01024,
PEACOCKIND,EQ,3.0,3.3,2.8,3.0,3.0,3.0,2302,7036.05,16-SEP-2011,10,INE600A01019,
PEARLPOLY,EQ,22.6,22.6,20.65,21.05,22.0,21.55,7041,148205.5,16-SEP-2011,28,INE844A01013,
PENIND,EQ,38.25,39.35,38.0,38.25,38.55,38.95,21870,841815.8,16-SEP-2011,214,INE932A01024,
PENINLAND,EQ,45.0,45.7,44.1,44.95,45.0,45.1,112846,5075308.55,16-SEP-2011,415,INE138A01028,
PERIATEA,EQ,139.0,139.0,138.0,138.0,138.0,139.0,7,971.0,16-SEP-2011,3,INE431F01018,
PERSISTENT,EQ,306.75,307.7,298.0,301.5,300.1,303.9,7533,2273260.45,16-SEP-2011,308,INE262H01013,
PETRONENGG,EQ,306.05,324.85,306.05,309.7,308.6,316.4,1991,625313.05,16-SEP-2011,143,INE742A01019,
PETRONET,EQ,180.0,183.25,176.2,177.55,178.7,178.55,3855806,690898736.05,16-SEP-2011,26617,INE347G01014,
PFC,EQ,157.05,162.75,154.55,161.2,158.35,156.0,4647374,737029056.0,16-SEP-2011,49857,INE134E01011,
PFIZER,EQ,1370.0,1399.0,1357.0,1363.25,1368.95,1377.55,2098,2880886.9,16-SEP-2011,324,INE182A01018,
PFOCUS,EQ,58.25,60.25,57.1,59.75,60.05,57.95,437615,25794274.9,16-SEP-2011,2874,INE367G01038,
PFS,EQ,16.4,16.75,16.2,16.25,16.4,16.5,84224,1380656.25,16-SEP-2011,344,INE560K01014,
PGHH,EQ,1936.0,1944.5,1920.0,1924.15,1920.0,1935.5,1991,3839611.6,16-SEP-2011,617,INE179A01014,
PHILIPCARB,EQ,136.25,144.95,136.25,142.0,142.1,141.35,6862,980172.45,16-SEP-2011,182,INE602A01015,
PHOENIXLTD,EQ,216.5,218.55,211.1,217.5,215.3,213.8,7026,1516833.3,16-SEP-2011,201,INE211B01039,
PIDILITIND,EQ,166.05,167.0,164.0,165.55,165.5,166.05,40735,6723771.0,16-SEP-2011,538,INE318A01026,
PIIND,EQ,597.0,607.0,595.5,603.95,600.0,589.15,2575,1549178.8,16-SEP-2011,94,INE603J01022,
PIONDIST,EQ,49.0,49.0,47.05,47.6,47.85,50.0,3167,150909.0,16-SEP-2011,9,INE889E01010,
PIONEEREMB,EQ,11.95,11.95,11.55,11.75,11.75,11.8,1887,21900.05,16-SEP-2011,22,INE156C01018,
PIPAVAVYD,EQ,85.0,86.8,84.05,85.6,85.45,85.9,8110625,692995375.4,16-SEP-2011,15581,INE542F01012,
PIRGLASS,EQ,132.4,138.0,132.0,133.1,134.75,132.9,4260,570892.85,16-SEP-2011,108,INE748E01018,
PIRHEALTH,EQ,370.0,370.85,342.1,346.85,350.0,367.35,780503,277162110.1,16-SEP-2011,17869,INE140A01024,
PIRLIFE,EQ,89.85,91.05,86.5,87.3,87.3,90.65,23869,2112346.3,16-SEP-2011,231,INE122J01015,
PITTILAM,EQ,41.1,42.5,41.05,41.55,42.0,41.95,7709,321633.5,16-SEP-2011,45,INE450D01013,
PLASTIBLEN,EQ,180.0,180.0,180.0,180.0,180.0,179.95,25,4500.0,16-SEP-2011,4,INE083C01014,
PLETHICO,EQ,371.5,372.9,369.4,370.9,371.75,371.3,49613,18429604.7,16-SEP-2011,388,INE491H01018,
PNB,EQ,975.3,987.9,962.5,980.6,983.7,971.0,361263,352621997.75,16-SEP-2011,13301,INE160A01014,
PNBGILTS,EQ,24.05,24.5,24.0,24.35,24.5,24.15,21759,530204.3,16-SEP-2011,304,INE859A01011,
PNC,EQ,13.95,13.95,13.3,13.75,13.75,13.65,1970,26318.75,16-SEP-2011,6,INE392B01011,
POCHIRAJU,EQ,13.8,14.25,13.5,13.9,14.25,14.15,8779,120675.95,16-SEP-2011,55,INE332G01032,
POLARIND,EQ,4.0,4.55,4.0,4.35,4.35,4.15,15286,66396.1,16-SEP-2011,90,INE057B01010,
POLARIS,EQ,136.5,137.45,131.0,132.05,131.75,136.0,476696,63319434.05,16-SEP-2011,7628,INE763A01023,
POLYPLEX,EQ,194.0,196.0,193.1,193.8,194.0,193.7,32001,6222414.2,16-SEP-2011,726,INE633B01018,
PONDYOXIDE,EQ,31.35,31.9,31.0,31.25,31.65,31.3,4364,136826.25,16-SEP-2011,99,INE063E01038,
PONNIERODE,EQ,85.4,85.4,79.15,79.6,82.0,80.9,4472,357204.05,16-SEP-2011,36,INE838E01017,
POWERGRID,EQ,96.4,100.25,95.75,99.65,99.35,96.0,3855137,380320088.2,16-SEP-2011,20019,INE752E01010,
PPAP,EQ,89.0,90.0,87.55,88.55,87.75,87.9,956,84581.6,16-SEP-2011,38,INE095I01015,
PRADIP,EQ,59.3,67.2,59.3,66.35,66.5,59.1,34698,2234243.5,16-SEP-2011,891,INE495J01015,
PRAENG,EQ,7.85,7.85,7.7,7.75,7.75,7.7,12616,98133.25,16-SEP-2011,40,INE505C01016,
PRAJIND,EQ,71.85,73.5,70.5,71.9,71.8,71.45,657042,47139280.9,16-SEP-2011,6550,INE074A01025,
PRAKASH,EQ,52.2,54.2,51.55,53.7,53.65,51.4,213345,11354262.95,16-SEP-2011,1773,INE603A01013,
PRAKASHSTL,EQ,124.05,126.0,122.8,124.35,124.0,124.4,2988,370627.6,16-SEP-2011,97,INE696K01016,
PRATIBHA,EQ,47.5,52.1,45.75,48.1,48.0,48.5,31485,1533238.5,16-SEP-2011,513,INE308H01022,
PRECOT,EQ,115.0,117.0,112.55,114.45,113.2,115.0,572,65228.75,16-SEP-2011,19,INE283A01014,
PRECWIRE,EQ,93.0,95.5,91.5,94.05,92.75,93.5,3323,312063.25,16-SEP-2011,83,INE372C01011,
PREMIER,EQ,84.2,85.8,82.3,83.8,84.0,85.35,8524,716302.25,16-SEP-2011,112,INE342A01018,
PRESTIGE,EQ,88.6,90.0,86.65,87.95,87.95,86.3,253361,22417010.7,16-SEP-2011,5935,INE811K01011,
PRETAILDVR,EQ,175.1,181.95,175.1,180.0,179.85,182.1,2090,375967.45,16-SEP-2011,22,IN9623B01058,
PRICOL,EQ,16.5,16.55,16.05,16.15,16.05,16.2,11438,185432.1,16-SEP-2011,85,INE605A01026,
PRIMESECU,EQ,16.75,17.0,16.5,16.65,16.5,16.55,2583,43298.55,16-SEP-2011,20,INE032B01021,
PRISMCEM,EQ,43.0,43.15,41.8,41.95,41.9,43.05,50535,2135892.1,16-SEP-2011,638,INE010A01011,
PRITHVI,EQ,22.0,22.5,21.25,21.6,21.8,22.35,6360,140250.1,16-SEP-2011,67,INE700C01013,
PROVOGUE,EQ,31.5,31.8,30.85,31.3,31.15,31.35,465805,14585876.1,16-SEP-2011,624,INE968G01025,
PSB,EQ,70.5,71.7,69.1,69.6,69.6,70.55,268618,18824891.5,16-SEP-2011,3091,INE608A01012,
PSL,EQ,61.25,63.3,61.25,62.4,62.7,63.1,24279,1522637.0,16-SEP-2011,348,INE474B01017,
PSUBNKBEES,EQ,331.3,335.0,329.0,332.5,332.5,329.61,174,57815.05,16-SEP-2011,35,INF732E01110,
PTC,EQ,71.25,73.2,70.2,72.45,72.25,70.5,1439142,103413412.95,16-SEP-2011,8579,INE877F01012,
PTL,EQ,34.0,35.8,33.25,35.45,35.05,33.9,39796,1383543.3,16-SEP-2011,166,INE034D01031,
PUNJABCHEM,EQ,70.1,70.8,69.0,70.3,70.4,70.7,2136,149968.35,16-SEP-2011,56,INE277B01014,
PUNJLLOYD,EQ,61.0,62.05,59.75,61.05,61.2,60.75,3689468,224944375.3,16-SEP-2011,18628,INE701B01021,
PURVA,EQ,68.5,69.4,67.65,68.9,68.25,68.45,10555,725363.65,16-SEP-2011,160,INE323I01011,
PVP,EQ,6.0,6.0,5.75,5.95,6.0,5.95,9522,55541.4,16-SEP-2011,82,INE362A01016,
PVR,EQ,121.7,121.7,119.05,120.2,120.05,120.0,8172,984200.1,16-SEP-2011,261,INE191H01014,
QGOLDHALF,EQ,1335.15,1337.8,1303.95,1319.4,1319.0,1348.0,2572,3382974.55,16-SEP-2011,437,INF082J01010,
QNIFTY,EQ,519.0,519.0,516.5,517.12,516.5,509.3,41,21222.5,16-SEP-2011,5,INF082J01028,
QUINTEGRA,EQ,3.0,3.3,3.0,3.15,3.2,3.15,6258,19985.25,16-SEP-2011,30,INE033B01011,
RADAAN,EQ,2.25,2.4,2.25,2.35,2.4,2.3,7309,16906.5,16-SEP-2011,60,INE874F01027,
RADICO,EQ,120.2,123.5,120.2,122.85,123.5,120.7,65075,7956317.0,16-SEP-2011,1191,INE944F01028,
RAINBOWPAP,EQ,61.25,61.5,60.45,61.0,60.9,60.7,68424,4170619.1,16-SEP-2011,293,INE028D01025,
RAINCOM,EQ,28.35,28.85,28.25,28.3,28.35,28.5,105455,2997657.75,16-SEP-2011,1416,INE855B01025,
RAJESHEXPO,EQ,114.95,126.4,113.0,123.45,123.5,114.35,941699,112999475.45,16-SEP-2011,9620,INE343B01030,
RAJOIL,EQ,21.3,21.5,21.15,21.35,21.5,21.15,23505,501176.65,16-SEP-2011,159,INE294G01018,
RAJPALAYAM,EQ,210.0,219.35,208.45,209.0,209.0,208.9,176,37163.7,16-SEP-2011,10,INE296E01026,
RAJRAYON,EQ,10.9,10.9,10.15,10.15,10.15,10.4,929,9614.4,16-SEP-2011,18,INE533D01016,
RAJSREESUG,EQ,37.1,39.5,37.1,38.9,39.0,37.8,2923,114123.8,16-SEP-2011,71,INE562B01019,
RAJTV,EQ,57.3,59.0,56.05,56.6,57.25,58.15,13063,752930.05,16-SEP-2011,223,INE952H01019,
RAJVIR,EQ,114.0,121.0,114.0,114.4,114.4,117.0,105,12010.9,16-SEP-2011,10,INE011H01014,
RALLIS,EQ,168.65,170.4,167.25,169.65,169.85,166.95,39049,6588358.1,16-SEP-2011,991,INE613A01020,
RAMANEWS,EQ,12.0,12.3,11.7,12.05,11.9,11.8,14122,170053.05,16-SEP-2011,119,INE278B01020,
RAMCOIND,EQ,41.5,41.5,39.55,41.0,41.05,41.85,45818,1860147.95,16-SEP-2011,330,INE614A01028,
RAMCOSYS,EQ,65.1,65.3,64.0,64.95,64.5,65.0,2333,151458.85,16-SEP-2011,52,INE246B01019,
RAMKY,EQ,225.0,234.9,224.55,226.7,227.0,222.75,7994,1839314.3,16-SEP-2011,490,INE874I01013,
RAMSARUP,EQ,10.0,10.3,9.9,10.05,10.1,10.15,9671,97556.4,16-SEP-2011,64,INE005D01015,
RANASUG,EQ,4.05,4.15,4.0,4.0,4.0,4.05,227762,924741.65,16-SEP-2011,140,INE625B01014,
RANBAXY,EQ,488.7,495.0,480.1,489.45,492.0,481.95,855720,415915032.75,16-SEP-2011,13206,INE015A01028,
RANEENGINE,EQ,204.0,229.85,202.0,208.2,208.0,209.0,212,44580.5,16-SEP-2011,28,INE222J01013,
RANEHOLDIN,EQ,220.45,220.45,212.6,216.35,215.0,220.75,519,112745.05,16-SEP-2011,47,INE384A01010,
RANKLIN,EQ,17.0,17.0,15.8,16.35,16.45,16.05,14557,236733.6,16-SEP-2011,67,INE619C01015,
RATNAMANI,EQ,105.0,105.0,103.0,104.75,103.55,106.45,788,81878.1,16-SEP-2011,28,INE703B01027,
RAYMOND,EQ,350.0,355.9,345.1,347.45,346.85,350.25,339939,119213027.35,16-SEP-2011,8257,INE301A01014,
RBL,EQ,108.05,113.65,108.0,108.8,108.35,114.25,612,67248.5,16-SEP-2011,40,INE244J01017,
RBN,EQ,83.3,87.0,83.3,85.9,86.15,84.8,53641,4590739.7,16-SEP-2011,698,INE445K01018,
RCF,EQ,79.75,80.5,78.05,78.9,78.9,79.1,378102,29978754.0,16-SEP-2011,4376,INE027A01015,
RCOM,EQ,85.05,86.2,81.1,81.65,82.0,84.5,10979438,912274027.3,16-SEP-2011,46197,INE330H01018,
RECLTD,EQ,178.0,189.5,177.35,187.95,187.45,177.05,5359557,989716635.65,16-SEP-2011,40517,INE020B01018,
REDINGTON,EQ,94.9,94.9,90.65,91.85,91.0,93.85,37147,3460865.95,16-SEP-2011,584,INE891D01026,
REFEX,EQ,14.25,15.4,13.55,13.55,13.55,15.05,50995,696888.5,16-SEP-2011,175,INE056I01017,
REIAGROLTD,EQ,25.5,26.3,25.0,25.85,25.25,25.55,1071659,27768805.65,16-SEP-2011,5866,INE385B01031,
REISIXTEN,EQ,27.4,27.4,25.5,26.3,26.0,26.45,3185,84902.5,16-SEP-2011,68,INE849J01021,
RELAXO,EQ,360.4,375.0,360.35,365.3,363.0,363.15,832,307395.1,16-SEP-2011,65,INE131B01021,
RELBANK,EQ,929.9,929.99,865.3,887.75,880.0,905.99,111,98268.35,16-SEP-2011,36,INF733I01028,
RELCAPITAL,EQ,418.05,419.75,402.75,406.25,404.0,415.15,2018557,831414104.25,16-SEP-2011,37404,INE013A01015,
RELGOLD,EQ,2588.0,2588.0,2560.0,2575.1,2576.0,2622.4,25291,64991787.7,16-SEP-2011,2169,INF733I01010,
RELGRNIFTY,EQ,474.2,510.98,457.16,482.0,482.0,483.13,110,52899.09,16-SEP-2011,17,INF205K01DA9,
RELIANCE,EQ,850.0,850.0,821.0,825.65,828.0,836.3,6128496,5103558809.15,16-SEP-2011,97691,INE002A01018,
RELIGARE,EQ,415.0,417.8,415.0,415.05,417.5,415.2,7103,2948835.45,16-SEP-2011,109,INE621H01010,
RELIGAREGO,EQ,2768.0,2768.0,2685.55,2719.05,2723.0,2780.85,634,1717494.9,16-SEP-2011,159,INF205K01361,
RELINFRA,EQ,460.0,471.0,452.65,464.0,464.0,455.9,1609572,745245815.95,16-SEP-2011,37217,INE036A01016,
RELMEDIA,EQ,98.0,108.7,97.0,105.8,106.3,100.3,755581,77812475.3,16-SEP-2011,9482,INE540B01015,
RENUKA,EQ,61.0,62.8,59.45,62.1,62.2,59.75,8202123,502268946.75,16-SEP-2011,33113,INE087H01022,
REPRO,EQ,152.8,153.0,146.1,147.0,146.2,149.9,14600,2186080.85,16-SEP-2011,326,INE461B01014,
RESPONIND,EQ,114.0,114.35,109.5,110.55,109.5,112.95,11056,1247280.5,16-SEP-2011,113,INE688D01026,
RESURGERE,EQ,0.35,0.35,0.3,0.3,0.3,0.35,11963963,3642803.95,16-SEP-2011,662,INE774I01023,
REVATHI,EQ,359.9,359.9,358.95,358.95,358.95,357.15,13,4675.85,16-SEP-2011,2,INE617A01013,
RICOAUTO,EQ,12.25,12.4,11.8,11.95,12.0,12.2,101220,1218464.75,16-SEP-2011,417,INE209B01025,
RIIL,EQ,450.0,462.0,436.35,439.9,438.75,457.2,234937,104526220.5,16-SEP-2011,9968,INE046A01015,
RJL,EQ,92.0,95.5,90.5,91.35,90.5,92.7,6486,603562.5,16-SEP-2011,109,INE722H01016,
RKDL,EQ,15.55,17.55,15.55,17.15,17.1,17.25,16454,284084.25,16-SEP-2011,128,INE722J01012,
RKFORGE,EQ,107.9,107.9,107.9,107.9,107.9,103.0,2,215.8,16-SEP-2011,2,INE399G01015,
RMCL,EQ,5.5,5.75,5.5,5.55,5.55,5.5,4273,23819.65,16-SEP-2011,19,INE172H01014,
RML,EQ,124.75,125.75,121.25,124.0,124.0,120.85,264,32679.8,16-SEP-2011,18,INE050H01012,
ROHITFERRO,EQ,30.85,31.0,29.95,30.05,30.2,30.35,24253,733194.25,16-SEP-2011,209,INE248H01012,
ROHLTD,EQ,54.75,55.45,54.2,55.35,55.4,54.75,5831,320599.8,16-SEP-2011,70,INE283H01019,
ROLTA,EQ,99.1,100.0,97.55,98.0,97.95,98.85,433108,42604224.4,16-SEP-2011,6301,INE293A01013,
ROMAN,EQ,23.0,25.5,22.6,23.75,23.55,23.15,8336,204985.05,16-SEP-2011,112,INE924H01018,
RPGLIFE,EQ,79.2,80.45,78.6,79.6,80.45,79.6,2197,174262.4,16-SEP-2011,34,INE105J01010,
RPOWER,EQ,80.5,81.0,78.8,79.45,79.85,80.0,3531589,282446916.9,16-SEP-2011,23135,INE614G01033,
RPPINFRA,EQ,67.45,67.5,65.25,65.35,65.3,65.6,12342,817943.95,16-SEP-2011,83,INE324L01013,
RSSOFTWARE,EQ,54.0,56.1,54.0,54.55,54.55,55.3,996,54403.5,16-SEP-2011,16,INE165B01011,
RSWM,EQ,94.8,95.35,93.1,93.9,94.85,94.85,6708,631846.8,16-SEP-2011,170,INE611A01016,
RSYSTEMS,EQ,106.0,109.0,105.0,106.25,105.0,104.25,1033,110149.5,16-SEP-2011,52,INE411H01024,
RUBYMILLS,EQ,902.15,922.9,902.15,908.55,906.05,908.0,76,69435.6,16-SEP-2011,24,INE301D01018,
RUCHINFRA,EQ,19.55,19.55,18.4,18.7,19.0,18.6,13034,243047.85,16-SEP-2011,87,INE413B01023,
RUCHIRA,EQ,8.95,10.0,8.95,9.45,9.3,8.8,29559,278776.0,16-SEP-2011,105,INE803H01014,
RUCHISOYA,EQ,112.0,112.9,107.2,108.35,108.6,111.6,185066,20364685.3,16-SEP-2011,3119,INE619A01027,
RUSHIL,EQ,178.1,183.8,172.0,181.8,182.0,177.85,3250069,585130317.7,16-SEP-2011,35091,INE573K01017,
SABERORGAN,EQ,121.05,121.95,121.0,121.2,121.2,121.5,3458,418996.45,16-SEP-2011,13,INE243A01018,
SABTN,BE,68.5,70.8,65.5,69.95,69.0,68.35,21908,1513169.55,16-SEP-2011,97,INE416A01036,
SADBHAV,EQ,133.15,140.8,133.15,136.5,136.5,136.05,1265,172852.0,16-SEP-2011,35,INE226H01026,
SAGCEM,EQ,136.05,139.8,136.0,137.05,137.05,137.1,321,43875.35,16-SEP-2011,6,INE229C01013,
SAHPETRO,EQ,32.85,32.9,31.8,31.8,31.8,32.15,400,12847.5,16-SEP-2011,4,INE586G01017,
SAIL,EQ,113.35,113.35,108.4,109.25,109.05,112.0,2789640,310031796.05,16-SEP-2011,27430,INE114A01011,
SAKHTISUG,EQ,28.55,28.55,28.0,28.25,28.3,28.05,29077,822018.8,16-SEP-2011,269,INE623A01011,
SAKSOFT,EQ,78.85,78.85,64.1,67.75,64.3,74.8,10070,721438.65,16-SEP-2011,147,INE667G01015,
SAKTHIFIN,BE,12.4,12.4,12.4,12.4,12.4,12.1,591,7328.4,16-SEP-2011,2,INE302E01014,
SAKUMA,EQ,13.55,13.65,13.55,13.6,13.6,13.75,146,1984.55,16-SEP-2011,5,INE190H01016,
SALORAINTL,EQ,25.65,30.4,25.65,28.2,28.5,25.3,59812,1716457.45,16-SEP-2011,1172,INE924A01013,
SALSTEEL,EQ,5.5,5.75,5.45,5.65,5.65,5.65,29684,167249.15,16-SEP-2011,71,INE658G01014,
SAMBANDAM,EQ,84.8,84.85,80.25,80.9,80.5,81.7,240,19446.75,16-SEP-2011,11,INE304D01012,
SAMBHAAV,EQ,1.2,1.45,1.2,1.4,1.35,1.4,2988,3938.05,16-SEP-2011,11,INE699B01027,
SAMTEL,BE,4.55,4.6,4.3,4.35,4.35,4.45,2062,9202.1,16-SEP-2011,16,INE381A01016,
SANDESH,EQ,280.0,289.75,277.3,279.0,277.3,278.0,113,31845.2,16-SEP-2011,52,INE583B01015,
SANGAMIND,EQ,34.0,34.5,33.5,33.7,33.55,33.7,5757,195604.1,16-SEP-2011,39,INE495C01010,
SANGHIIND,BE,14.55,14.85,14.55,14.65,14.85,14.45,1750,25643.5,16-SEP-2011,9,INE999B01013,
SANGHIPOLY,EQ,1.4,1.65,1.4,1.5,1.5,1.65,6130,9726.0,16-SEP-2011,11,INE146A01013,
SANGHVIFOR,EQ,31.5,31.5,29.05,29.25,29.3,30.0,5350,158334.4,16-SEP-2011,98,INE263L01013,
SANGHVIMOV,EQ,125.0,125.95,123.05,125.0,125.9,125.65,6663,825761.05,16-SEP-2011,104,INE989A01024,
SANWARIA,EQ,23.35,23.8,22.4,22.7,23.5,23.45,90868,2073171.9,16-SEP-2011,787,INE890C01046,
SARDAEN,EQ,145.55,149.95,144.1,145.65,146.7,146.5,5946,875081.0,16-SEP-2011,278,INE385C01013,
SAREGAMA,EQ,64.45,73.4,63.3,66.25,66.5,62.8,676334,46799552.7,16-SEP-2011,9748,INE979A01017,
SARLAPOLY,EQ,108.0,108.0,108.0,108.0,108.0,111.0,50,5400.0,16-SEP-2011,1,INE453D01017,
SASKEN,EQ,106.45,107.75,104.6,104.7,104.6,105.55,16988,1793248.3,16-SEP-2011,547,INE231F01020,
SATHAISPAT,EQ,42.1,42.15,40.25,41.4,41.0,42.55,16560,681749.4,16-SEP-2011,185,INE176C01016,
SATYAMCOMP,EQ,69.55,71.3,68.6,70.75,71.0,68.25,8014834,560816978.3,16-SEP-2011,46125,INE275A01028,
SAVERA,EQ,39.55,39.55,37.5,37.85,37.5,38.0,1272,48188.9,16-SEP-2011,69,INE104E01014,
SB&TINTL,EQ,25.8,25.9,23.9,24.45,23.9,24.6,110540,2749960.75,16-SEP-2011,321,INE465B01015,
SBBJ,EQ,418.0,420.9,414.0,415.6,415.3,418.1,10166,4247230.95,16-SEP-2011,657,INE648A01026,
SBIGETS,EQ,2707.0,2740.0,2680.0,2702.8,2695.0,2759.35,21413,57731389.85,16-SEP-2011,2556,INF200K01099,
SBIN,EQ,1913.5,1958.95,1880.1,1945.6,1951.15,1898.05,5770759,11078862282.35,16-SEP-2011,237927,INE062A01012,
SBT,EQ,632.25,643.4,632.2,634.6,636.0,638.5,30120,19264560.4,16-SEP-2011,521,INE654A01024,
SCI,EQ,85.85,87.25,85.05,86.9,86.05,85.85,265538,22914163.05,16-SEP-2011,3831,INE109A01011,
SEAMECLTD,EQ,102.0,103.8,102.0,102.45,102.05,102.05,5712,585031.25,16-SEP-2011,39,INE497B01018,
SEINVEST,EQ,9.7,9.95,9.45,9.9,9.9,9.7,126399,1230948.35,16-SEP-2011,382,INE420C01034,
SELAN,EQ,307.75,309.95,304.95,305.8,305.05,304.6,17003,5212699.9,16-SEP-2011,781,INE818A01017,
SELMCL,EQ,13.65,13.75,13.3,13.35,13.45,13.65,165284,2229893.05,16-SEP-2011,1004,INE105I01012,
SENTINEL,EQ,15.0,15.7,14.55,14.65,14.55,15.1,1749,26553.75,16-SEP-2011,19,INE577L01016,
SERVALL,EQ,7.6,7.9,7.25,7.35,7.35,7.6,30703,226943.55,16-SEP-2011,186,INE431L01016,
SESAGOA,EQ,226.5,228.3,221.75,223.9,223.5,224.2,4040249,906156003.9,16-SEP-2011,41496,INE205A01025,
SESHAPAPER,EQ,215.0,215.0,199.05,203.85,203.85,203.0,787,161619.2,16-SEP-2011,34,INE630A01016,
SEZALGLASS,EQ,2.55,2.65,2.5,2.6,2.55,2.55,37503,97291.35,16-SEP-2011,35,INE955I01028,
SGJHL,EQ,148.7,148.7,144.1,146.65,145.5,146.8,219210,32151463.15,16-SEP-2011,1713,INE553K01019,
SGL,EQ,4.25,4.25,4.25,4.25,4.25,4.5,324,1377.0,16-SEP-2011,2,INE353H01010,
SHAHALLOYS,EQ,11.15,11.15,10.65,11.0,11.0,11.45,590,6499.5,16-SEP-2011,16,INE640C01011,
SHALPAINTS,EQ,502.0,546.15,501.1,546.15,546.15,520.1,31578,16952965.0,16-SEP-2011,1952,INE849C01018,
SHANTIGEAR,EQ,41.1,41.85,41.05,41.5,41.5,41.3,39939,1655826.3,16-SEP-2011,279,INE631A01022,
SHARIABEES,EQ,115.0,116.25,114.5,114.5,114.5,115.1,253,29228.8,16-SEP-2011,7,INF732E01128,
SHARRESLTD,EQ,58.7,60.1,55.7,58.55,59.0,56.0,23253,1356355.35,16-SEP-2011,72,INE559D01011,
SHASUNPHAR,EQ,68.0,69.7,67.6,69.5,69.5,68.3,28779,1990712.75,16-SEP-2011,293,INE317A01028,
SHILPAMED,EQ,212.0,218.3,212.0,216.0,215.3,214.75,11470,2470465.25,16-SEP-2011,99,INE790G01023,
SHILPI,EQ,14.6,14.9,14.05,14.2,14.2,15.0,25002,362469.05,16-SEP-2011,157,INE510K01019,
SHIV-VANI,EQ,195.9,197.45,191.4,192.85,192.3,190.4,51178,9874654.15,16-SEP-2011,1808,INE756B01017,
SHIVAMAUTO,EQ,114.0,118.75,110.0,115.95,115.6,112.0,2130,244078.05,16-SEP-2011,54,INE637H01016,
SHIVTEX,EQ,27.55,28.8,27.35,27.35,27.35,28.1,7570,208507.95,16-SEP-2011,73,INE705C01012,
SHLAKSHMI,EQ,94.0,96.9,91.7,95.5,94.65,94.6,41428,3933854.05,16-SEP-2011,832,INE851B01016,
SHOPERSTOP,EQ,376.0,398.0,371.0,391.3,388.0,371.45,35962,13812323.25,16-SEP-2011,2171,INE498B01024,
SHPRE,BE,6.8,6.8,6.25,6.35,6.8,6.45,8228,55638.4,16-SEP-2011,23,INE318K01017,
SHREEASHTA,EQ,6.1,6.1,5.9,5.95,5.9,6.05,5671099,33979975.4,16-SEP-2011,3389,INE538H01024,
SHREECEM,EQ,1658.0,1720.0,1658.0,1693.35,1720.0,1707.15,68440,115272242.3,16-SEP-2011,6620,INE070A01015,
SHREERAMA,EQ,4.75,4.95,4.75,4.75,4.95,4.95,3193,15170.7,16-SEP-2011,15,INE879A01019,
SHRENUJ,EQ,59.0,59.8,58.3,58.7,59.0,60.0,11101,656647.35,16-SEP-2011,127,INE633A01028,
SHREYANIND,EQ,19.85,21.9,19.85,21.9,21.9,20.85,1242,25020.5,16-SEP-2011,10,INE231C01019,
SHREYAS,EQ,29.5,29.5,27.3,27.85,27.95,28.75,4989,139925.3,16-SEP-2011,46,INE757B01015,
SHRIRAMCIT,EQ,530.05,533.95,530.0,530.05,530.0,530.25,603,319630.2,16-SEP-2011,36,INE722A01011,
SHRIRAMEPC,EQ,118.85,121.75,117.05,118.6,117.15,119.0,1836,220341.0,16-SEP-2011,86,INE964H01014,
SHYAMTEL,EQ,40.45,40.45,38.05,38.15,38.1,38.75,5259,202259.55,16-SEP-2011,71,INE635A01023,
SICAGEN,EQ,20.1,20.75,18.55,19.6,19.5,19.55,11946,236355.2,16-SEP-2011,93,INE176J01011,
SICAL,EQ,70.65,73.5,70.25,71.3,70.25,72.0,77086,5515521.2,16-SEP-2011,199,INE075B01012,
SIEMENS,EQ,848.0,871.9,848.0,869.75,864.05,853.25,326851,283241904.8,16-SEP-2011,9084,INE003A01024,
SIL,BE,26.1,26.95,26.0,26.6,26.0,26.8,1204,32004.2,16-SEP-2011,6,INE173A01025,
SILINV,EQ,97.65,97.65,89.4,90.05,90.0,90.25,372,33566.25,16-SEP-2011,54,INE923A01015,
SIMBHSUGAR,EQ,32.3,32.8,32.2,32.5,32.5,32.8,1520,49425.0,16-SEP-2011,19,INE270C01017,
SIMPLEX,EQ,81.0,81.0,80.5,80.5,80.5,79.6,1944,157247.0,16-SEP-2011,23,INE898F01018,
SIMPLEXINF,EQ,250.0,250.0,241.05,248.35,244.5,245.5,1210,298444.35,16-SEP-2011,67,INE059B01024,
SINTEX,EQ,151.3,152.8,144.0,145.0,146.0,150.35,1158403,171776849.0,16-SEP-2011,14988,INE429C01035,
SIRPAPER,EQ,48.0,51.0,48.0,51.0,51.0,50.0,1124,56902.7,16-SEP-2011,15,INE202C01010,
SITASHREE,EQ,9.35,9.35,8.25,8.95,8.9,9.0,13277,118256.2,16-SEP-2011,50,INE686I01011,
SIYSIL,EQ,307.05,308.0,306.0,306.15,306.0,310.8,1053,322300.35,16-SEP-2011,22,INE076B01010,
SJVN,EQ,22.75,22.75,22.0,22.0,22.05,22.65,2044241,45209260.0,16-SEP-2011,4857,INE002L01015,
SKFINDIA,EQ,656.0,665.5,646.05,659.2,659.0,652.35,15466,10168762.45,16-SEP-2011,945,INE640A01023,
SKMEGGPROD,EQ,8.0,8.15,7.4,7.55,7.7,8.25,5629,43044.25,16-SEP-2011,46,INE411D01015,
SKSMICRO,EQ,307.1,313.1,303.0,307.2,306.0,298.15,652119,201580574.45,16-SEP-2011,18740,INE180K01011,
SKUMARSYNF,EQ,49.3,52.0,47.65,51.2,51.25,49.15,2794281,141202413.5,16-SEP-2011,14158,INE772A01016,
SMARTLINK,EQ,41.1,41.3,40.0,40.9,41.3,41.5,5703,232405.25,16-SEP-2011,133,INE178C01020,
SMLISUZU,EQ,380.15,386.8,379.95,380.25,380.0,381.05,842,320888.45,16-SEP-2011,24,INE294B01019,
SMOBILITY,EQ,105.85,106.0,103.0,105.15,105.0,105.5,58878,6160261.35,16-SEP-2011,168,INE927C01020,
SMPL,EQ,7.6,7.95,7.55,7.85,7.8,7.7,717753,5567343.25,16-SEP-2011,339,INE215G01021,
SMSPHARMA,EQ,162.0,170.0,160.0,164.75,166.0,166.25,1158,191217.0,16-SEP-2011,28,INE812G01017,
SOBHA,EQ,229.0,229.45,218.65,221.85,221.2,227.05,64802,14499923.85,16-SEP-2011,2620,INE671H01015,
SOFTTECHGR,EQ,5.4,5.4,4.5,4.85,4.85,5.05,2617,12557.85,16-SEP-2011,25,INE863A01013,
SOLARINDS,EQ,770.0,799.0,755.1,771.05,765.0,768.35,21407,16770037.4,16-SEP-2011,1211,INE343H01011,
SOMANYCERA,EQ,44.0,45.0,44.0,44.55,44.3,44.0,865,38457.95,16-SEP-2011,31,INE355A01028,
SOMATEX,EQ,6.4,6.4,6.15,6.4,6.4,6.05,90,572.25,16-SEP-2011,3,INE314C01013,
SONASTEER,EQ,14.9,15.25,14.8,14.95,15.05,14.9,29246,437385.85,16-SEP-2011,124,INE643A01035,
SONATSOFTW,EQ,31.0,31.25,30.0,30.45,30.5,30.8,68618,2103712.45,16-SEP-2011,572,INE269A01021,
SOTL,EQ,609.95,609.95,580.0,583.35,580.0,584.45,1565,915421.35,16-SEP-2011,86,INE035D01012,
SOUISPAT,EQ,6.25,6.8,6.25,6.4,6.35,6.55,122384,780280.55,16-SEP-2011,333,INE943B01011,
SOUTHBANK,EQ,22.5,24.0,22.3,23.4,23.55,22.35,8466959,194735986.0,16-SEP-2011,31586,INE683A01023,
SPANCO,EQ,114.0,117.85,114.0,115.5,114.0,114.45,31134,3580161.05,16-SEP-2011,583,INE360B01026,
SPARC,EQ,74.7,75.4,72.8,74.25,75.4,73.6,124314,9195970.85,16-SEP-2011,1114,INE232I01014,
SPECTACLE,BE,14.95,15.0,14.35,14.35,14.35,14.7,2077,30590.6,16-SEP-2011,6,INE409H01028,
SPENTEX,EQ,10.1,10.4,10.1,10.2,10.1,10.25,1096,11216.2,16-SEP-2011,15,INE376C01020,
SPIC,EQ,28.3,28.9,27.55,27.95,28.0,28.45,285614,8053854.4,16-SEP-2011,1299,INE147A01011,
SPLIL,BE,2.9,2.95,2.75,2.9,2.9,2.85,13079,37924.1,16-SEP-2011,27,INE978G01016,
SPMLINFRA,EQ,131.0,137.5,131.0,132.9,131.4,131.6,1779,239379.25,16-SEP-2011,104,INE937A01023,
SPYL,EQ,23.8,23.8,23.0,23.05,23.1,23.3,464,10771.45,16-SEP-2011,14,INE268L01012,
SREINFRA,EQ,37.1,37.3,34.6,35.2,35.1,36.85,2888223,103596800.9,16-SEP-2011,11275,INE872A01014,
SRF,EQ,306.1,311.0,305.0,309.05,309.0,307.95,39096,12062572.6,16-SEP-2011,1313,INE647A01010,
SRGINFOTEC,EQ,0.45,0.5,0.45,0.45,0.45,0.45,26415,12188.9,16-SEP-2011,14,INE376A01032,
SRHHLINDST,EQ,3.5,4.3,3.5,3.85,3.85,3.75,276,1058.4,16-SEP-2011,6,INE724B01023,
SRHHYPOLTD,EQ,40.0,40.5,39.25,40.0,40.0,39.95,555,22168.75,16-SEP-2011,17,INE917H01012,
SRICHAMUND,EQ,34.05,34.1,34.0,34.0,34.0,34.0,1121,38120.5,16-SEP-2011,6,INE004H01019,
SRSLTD,EQ,68.0,68.0,31.5,33.25,32.5,58.0,56691927,2160714418.85,16-SEP-2011,309865,INE219H01039,
SRTRANSFIN,EQ,662.3,684.0,645.5,675.0,671.0,656.0,831573,558242330.3,16-SEP-2011,21549,INE721A01013,
SSWL,EQ,244.0,246.95,241.7,243.95,243.0,243.95,3521,862558.5,16-SEP-2011,291,INE802C01017,
STAR,EQ,303.3,303.3,297.05,299.1,300.0,300.2,133903,40121470.9,16-SEP-2011,2929,INE939A01011,
STARPAPER,EQ,22.45,24.65,22.45,22.65,22.55,21.5,1240,28863.35,16-SEP-2011,35,INE733A01018,
STCINDIA,EQ,173.15,178.5,172.0,173.5,173.4,169.95,184338,32266703.3,16-SEP-2011,5545,INE655A01013,
STER,EQ,132.4,135.6,131.55,134.85,134.45,129.85,8461851,1133958733.4,16-SEP-2011,58121,INE268A01049,
STERLINBIO,EQ,80.0,82.95,73.15,76.25,74.0,82.05,665340,53256444.9,16-SEP-2011,5910,INE324C01038,
STERTOOLS,EQ,117.9,117.95,111.0,111.0,111.0,114.5,31,3629.85,16-SEP-2011,7,INE334A01015,
STINDIA,BE,24.3,24.3,24.3,24.3,24.3,24.05,1,24.3,16-SEP-2011,1,INE090C01019,
STOREONE,EQ,13.5,13.75,12.75,13.05,13.2,13.2,9797,127103.55,16-SEP-2011,36,INE034H01016,
STRTECH,EQ,41.25,41.25,39.65,39.85,39.7,40.05,291467,11680471.45,16-SEP-2011,2561,INE089C01029,
SUBEX,EQ,46.0,46.4,44.75,44.95,45.0,45.75,304844,13826260.3,16-SEP-2011,3605,INE754A01014,
SUBROS,BE,30.65,30.8,29.6,30.45,30.45,30.0,4560,137612.15,16-SEP-2011,43,INE287B01021,
SUDAR,EQ,81.0,82.35,76.3,79.65,80.0,81.05,82326,6597483.65,16-SEP-2011,584,INE384L01017,
SUDARSCHEM,EQ,701.0,710.0,700.0,710.0,710.0,700.0,2848,1996850.5,16-SEP-2011,30,INE659A01015,
SUJANATOW,EQ,29.8,30.0,28.65,28.95,28.85,29.85,1888949,54901611.2,16-SEP-2011,4171,INE333I01028,
SUJANAUNI,EQ,5.05,5.25,5.0,5.0,5.05,5.05,28601,145787.7,16-SEP-2011,57,INE216G01011,
SUMEETINDS,EQ,27.5,27.65,27.2,27.25,27.25,27.5,7416,203145.55,16-SEP-2011,106,INE235C01010,
SUMMITSEC,EQ,76.6,80.2,76.6,79.7,80.0,79.0,769,60751.6,16-SEP-2011,35,INE519C01017,
SUNCLAYTON,EQ,135.65,139.9,135.4,137.95,137.6,136.05,2126,292391.15,16-SEP-2011,52,INE105A01027,
SUNDARAM,EQ,48.0,48.0,42.5,42.5,42.5,42.45,783,33328.65,16-SEP-2011,23,INE108E01023,
SUNDARMFIN,EQ,522.0,529.85,522.0,525.6,526.0,525.15,1648,867529.85,16-SEP-2011,279,INE660A01013,
SUNDRMBRAK,EQ,154.3,155.5,145.3,153.75,153.95,151.05,337,50855.45,16-SEP-2011,85,INE073D01013,
SUNDRMFAST,EQ,62.0,62.0,60.5,61.15,61.45,61.1,42976,2631084.5,16-SEP-2011,305,INE387A01021,
SUNFLAG,EQ,27.45,27.7,27.45,27.5,27.5,27.5,13914,382740.0,16-SEP-2011,70,INE947A01014,
SUNILHITEC,EQ,89.2,92.3,89.15,91.65,91.05,90.15,11376,1035485.9,16-SEP-2011,317,INE305H01010,
SUNPHARMA,EQ,483.05,496.7,479.0,485.95,490.5,487.1,1684803,819775077.35,16-SEP-2011,17862,INE044A01036,
SUNTECK,EQ,268.0,305.0,267.0,272.2,275.0,267.15,282162,79938160.25,16-SEP-2011,7309,INE805D01026,
SUNTV,EQ,282.05,300.0,282.05,295.65,293.3,280.9,663179,192655252.1,16-SEP-2011,13311,INE424H01027,
SUPER,EQ,182.05,182.05,179.5,180.55,179.5,186.15,623,113371.55,16-SEP-2011,10,INE091C01017,
SUPERSPIN,EQ,8.0,8.0,7.85,7.9,7.9,8.0,8125,64275.0,16-SEP-2011,29,INE662A01027,
SUPPETRO,EQ,73.0,73.85,72.5,73.0,73.0,73.15,7521,549358.75,16-SEP-2011,70,INE663A01017,
SUPRAJIT,EQ,18.25,19.0,18.25,18.8,19.0,18.8,11303,211513.1,16-SEP-2011,43,INE399C01030,
SUPREMEIND,EQ,208.0,225.0,207.0,207.25,207.7,209.05,14989,3146103.25,16-SEP-2011,468,INE195A01028,
SUPREMEINF,EQ,231.75,244.0,231.75,239.9,240.05,232.15,5897,1407685.55,16-SEP-2011,215,INE550H01011,
SURAJDIAMN,EQ,45.1,46.35,45.1,45.45,45.8,45.35,18426,842525.85,16-SEP-2011,175,INE664A01015,
SURANACORP,EQ,98.0,99.95,97.0,99.95,99.95,93.5,226,22269.7,16-SEP-2011,10,INE357D01010,
SURANAIND,EQ,429.5,432.0,428.0,429.15,432.0,431.6,7832,3362712.75,16-SEP-2011,66,INE659D01019,
SURANAT&P,EQ,15.1,15.2,15.1,15.15,15.2,14.85,3000,45446.0,16-SEP-2011,94,INE130B01023,
SURANAVEL,EQ,31.1,32.85,31.1,32.85,32.85,31.75,3527,114262.15,16-SEP-2011,10,INE272L01014,
SURYAJYOTI,EQ,23.4,23.45,22.7,22.85,22.85,23.05,9357,214844.65,16-SEP-2011,78,INE411C01017,
SURYALAXMI,EQ,60.0,64.5,60.0,63.45,63.45,61.4,709,44396.65,16-SEP-2011,38,INE713B01026,
SURYAPHARM,EQ,16.65,16.65,16.15,16.25,16.2,16.15,38292,622713.4,16-SEP-2011,205,INE249G01020,
SURYAROSNI,EQ,66.0,67.25,66.0,66.85,66.75,67.0,4248,283853.3,16-SEP-2011,92,INE335A01012,
SUTLEJTEX,EQ,173.1,178.8,173.1,178.05,178.0,177.0,1530,271095.05,16-SEP-2011,35,INE645H01019,
SUVEN,EQ,17.4,17.4,16.8,17.0,17.2,17.0,34649,589168.55,16-SEP-2011,140,INE495B01038,
SUZLON,EQ,41.0,41.0,39.1,39.5,39.55,40.4,13290367,529459042.75,16-SEP-2011,30526,INE040H01021,
SWARAJENG,EQ,472.0,474.6,469.05,471.9,470.0,470.25,753,355077.05,16-SEP-2011,46,INE277A01016,
SYMPHONY,EQ,1400.0,1443.95,1367.6,1384.5,1385.0,1376.4,5049,7072314.75,16-SEP-2011,511,INE225D01019,
SYNCOM,EQ,16.25,16.5,16.0,16.05,16.05,16.05,9457,153149.6,16-SEP-2011,113,INE602K01014,
SYNDIBANK,EQ,105.35,105.95,103.6,104.05,104.2,104.8,732997,76423411.1,16-SEP-2011,7006,INE667A01018,
TAINWALCHM,EQ,22.25,23.9,22.25,22.65,22.5,22.85,2060,46911.7,16-SEP-2011,39,INE123C01018,
TAJGVK,EQ,96.85,98.8,95.45,97.0,96.4,95.85,45508,4426479.0,16-SEP-2011,1155,INE586B01026,
TAKE,EQ,32.15,32.7,31.2,31.4,31.2,31.85,98706,3183157.35,16-SEP-2011,355,INE142I01023,
TALBROAUTO,EQ,41.95,41.95,40.0,40.05,40.05,40.05,510,20780.15,16-SEP-2011,28,INE187D01011,
TALWALKARS,EQ,187.1,189.65,183.4,184.0,183.65,187.0,79157,14720300.35,16-SEP-2011,1737,INE502K01016,
TANFACIND,EQ,24.75,24.75,24.3,24.45,24.3,24.95,440,10775.5,16-SEP-2011,17,INE639B01015,
TANLA,EQ,9.75,9.85,9.4,9.45,9.5,9.5,88903,844678.85,16-SEP-2011,323,INE483C01032,
TANTIACONS,EQ,54.0,55.0,51.5,51.9,51.5,53.95,4410,232208.5,16-SEP-2011,138,INE388G01018,
TARAPUR,EQ,19.2,19.25,18.55,18.8,18.55,19.5,8397,159463.55,16-SEP-2011,92,INE747K01017,
TATACHEM,EQ,330.1,333.0,325.0,328.85,330.5,329.45,700773,231021576.9,16-SEP-2011,11127,INE092A01019,
TATACOFFEE,EQ,884.85,891.0,865.0,868.4,868.5,878.05,244790,214854005.1,16-SEP-2011,12346,INE493A01019,
TATACOMM,EQ,205.5,207.0,203.0,204.25,203.2,205.1,47780,9778138.75,16-SEP-2011,1936,INE151A01013,
TATAELXSI,EQ,207.3,216.0,206.5,210.25,212.0,205.95,65043,13697469.95,16-SEP-2011,2061,INE670A01012,
TATAGLOBAL,EQ,93.2,93.5,90.05,90.55,91.0,92.6,2248059,204813366.45,16-SEP-2011,13384,INE192A01025,
TATAINVEST,EQ,520.55,541.1,520.55,537.4,536.25,518.15,46052,24524399.4,16-SEP-2011,1135,INE672A01018,
TATAMETALI,EQ,84.4,84.4,81.55,82.05,82.0,83.75,32157,2664031.35,16-SEP-2011,734,INE056C01010,
TATAMOTORS,EQ,153.85,163.5,152.4,161.85,160.45,151.2,33242240,5317467882.15,16-SEP-2011,222762,INE155A01022,
TATAMTRDVR,EQ,91.05,97.5,91.05,95.9,96.0,90.2,2248255,214342929.55,16-SEP-2011,25425,IN9155A01020,
TATAPOWER,EQ,961.9,999.0,961.9,984.95,981.0,958.0,998133,984009399.5,16-SEP-2011,24727,INE245A01013,
TATASPONGE,EQ,306.5,309.0,305.0,305.9,307.0,306.0,2311,708876.6,16-SEP-2011,153,INE674A01014,
TATASTEEL,EQ,470.4,474.5,457.1,460.85,460.0,465.65,7348556,3416791939.2,16-SEP-2011,108453,INE081A01012,
TCI,EQ,88.9,88.9,81.55,85.7,85.0,84.6,12153,1028888.75,16-SEP-2011,126,INE688A01022,
TCIDEVELOP,EQ,170.0,173.0,167.55,172.0,172.0,170.0,294,50404.5,16-SEP-2011,16,INE662L01016,
TCIFINANCE,EQ,34.0,35.4,33.6,35.15,34.65,34.6,3263,113720.3,16-SEP-2011,53,INE911B01018,
TCS,EQ,1048.0,1072.4,1021.3,1027.75,1023.35,1041.75,2328252,2439782895.95,16-SEP-2011,61929,INE467B01029,
TDPOWERSYS,EQ,305.35,306.65,286.0,290.45,288.1,306.1,516671,153338884.0,16-SEP-2011,11674,INE419M01019,
TECHM,EQ,641.85,657.0,631.2,650.45,653.0,636.2,280656,181023607.6,16-SEP-2011,9940,INE669C01028,
TECHNO,EQ,217.5,229.95,214.15,228.65,221.5,215.95,79593,18097572.8,16-SEP-2011,1701,INE286K01024,
TECHNOFAB,EQ,135.1,140.0,135.0,138.0,137.0,139.1,2155,296726.0,16-SEP-2011,103,INE509K01011,
TECPRO,EQ,247.9,247.9,242.2,243.5,243.0,241.7,60374,14749265.45,16-SEP-2011,738,INE904H01010,
TELEDATAIT,EQ,0.3,0.35,0.3,0.35,0.35,0.35,165323,52507.8,16-SEP-2011,77,INE391I01018,
TELEMARINE,EQ,0.55,0.65,0.55,0.6,0.65,0.6,31961,20027.25,16-SEP-2011,48,INE473I01014,
TEXMACOLTD,EQ,30.5,31.8,30.1,31.5,31.25,29.75,247805,7736181.3,16-SEP-2011,1495,INE435C01024,
TEXMOPIPES,EQ,39.0,39.5,38.05,38.65,38.05,38.95,88997,3456437.55,16-SEP-2011,750,INE141K01013,
TEXRAIL,EQ,78.0,80.0,77.0,78.85,79.8,77.95,31130,2434520.8,16-SEP-2011,219,INE621L01012,
TFCILTD,EQ,29.85,29.85,28.95,29.0,29.05,28.95,66559,1941746.7,16-SEP-2011,180,INE305A01015,
TFL,EQ,14.85,16.0,14.8,15.5,15.5,15.35,619,9665.25,16-SEP-2011,12,INE804H01012,
THANGAMAYL,EQ,145.5,149.9,144.6,146.55,146.5,145.25,18126,2667171.2,16-SEP-2011,309,INE085J01014,
THEMISMED,EQ,117.05,117.05,112.0,115.55,117.0,119.0,787,90546.4,16-SEP-2011,92,INE083B01016,
THERMAX,EQ,504.0,508.05,480.05,485.3,490.05,502.85,196051,96513667.55,16-SEP-2011,4563,INE152A01029,
THINKSOFT,EQ,37.0,39.1,37.0,37.75,37.5,37.45,37111,1413992.45,16-SEP-2011,678,INE201K01015,
THIRUSUGAR,EQ,92.0,94.0,92.0,93.75,93.75,89.05,12,1123.0,16-SEP-2011,7,INE409A01015,
THOMASCOOK,EQ,48.4,54.45,47.4,53.7,53.5,47.6,4751922,250177542.45,16-SEP-2011,30114,INE332A01027,
TI,EQ,33.9,34.5,32.75,33.3,33.0,33.4,116341,3917164.8,16-SEP-2011,917,INE133E01013,
TIDEWATER,EQ,6977.0,7060.0,6910.0,6955.45,6970.0,6912.2,798,5575340.45,16-SEP-2011,347,INE484C01014,
TIIL,EQ,41.0,42.2,40.5,41.75,41.4,40.4,994,41509.55,16-SEP-2011,40,INE545H01011,
TIL,EQ,390.4,405.9,390.4,399.05,404.5,395.55,1582,631059.45,16-SEP-2011,62,INE806C01018,
TIMBOR,BE,34.25,35.0,33.25,33.65,33.25,34.9,4648,157289.75,16-SEP-2011,56,INE346L01016,
TIMESGTY,EQ,33.3,36.85,33.3,36.85,36.85,37.0,109,3681.4,16-SEP-2011,7,INE289C01025,
TIMETECHNO,EQ,69.6,69.6,68.6,68.8,68.9,69.05,7332,505243.4,16-SEP-2011,120,INE508G01029,
TIMKEN,EQ,205.5,208.3,202.6,203.45,203.5,205.15,67343,13847432.65,16-SEP-2011,2907,INE325A01013,
TINPLATE,EQ,51.0,51.0,49.5,49.65,49.5,50.5,31462,1578267.4,16-SEP-2011,402,INE422C01014,
TIPSINDLTD,EQ,25.2,28.25,25.1,26.5,26.7,26.1,14102,381317.9,16-SEP-2011,304,INE716B01011,
TIRUMALCHM,EQ,78.9,78.9,74.25,74.7,75.0,75.6,471,35167.4,16-SEP-2011,27,INE338A01016,
TITAN,EQ,221.0,222.5,217.0,220.05,221.9,219.15,2570919,565779577.0,16-SEP-2011,21866,INE280A01028,
TNPETRO,EQ,15.4,15.6,15.1,15.25,15.2,15.3,19032,291211.2,16-SEP-2011,113,INE148A01019,
TNPL,EQ,104.5,104.5,102.6,103.5,103.45,103.8,16308,1693650.4,16-SEP-2011,232,INE107A01015,
TNTELE,BE,4.5,4.7,4.5,4.5,4.5,4.5,700,3170.0,16-SEP-2011,4,INE141D01018,
TODAYS,EQ,5.3,5.6,5.25,5.45,5.4,5.5,11671,63986.6,16-SEP-2011,20,INE944B01019,
TOKYOPLAST,EQ,14.8,14.8,14.8,14.8,14.8,15.3,49,725.2,16-SEP-2011,2,INE932C01012,
TORNTPHARM,EQ,599.95,602.95,597.5,599.7,598.5,598.9,11200,6716244.3,16-SEP-2011,881,INE685A01028,
TORNTPOWER,EQ,224.3,240.45,222.7,238.2,233.0,222.4,237163,55616533.05,16-SEP-2011,3567,INE813H01021,
TREEHOUSE,EQ,138.5,144.4,135.0,138.55,138.0,137.45,360222,50583523.75,16-SEP-2011,5787,INE040M01013,
TRENT,EQ,1120.0,1124.8,1100.0,1109.95,1120.0,1109.6,2044,2272220.3,16-SEP-2011,253,INE849A01012,
TRF,EQ,356.55,362.0,350.0,351.45,352.0,355.2,7427,2642263.15,16-SEP-2011,458,INE391D01019,
TRICOM,EQ,12.5,12.6,12.1,12.15,12.15,12.25,6515,79997.2,16-SEP-2011,99,INE771B01032,
TRIDENT,EQ,14.0,14.15,13.85,13.9,14.0,13.85,104386,1458866.9,16-SEP-2011,343,INE064C01014,
TRIGYN,EQ,14.35,14.35,13.65,13.8,13.9,13.9,14422,200431.9,16-SEP-2011,99,INE948A01012,
TRIL,EQ,221.0,225.35,219.9,220.75,221.0,219.8,2699,596278.75,16-SEP-2011,129,INE763I01018,
TRIVENI,EQ,23.8,23.85,23.0,23.25,23.1,23.6,220049,5143506.5,16-SEP-2011,1412,INE256C01024,
TTKHEALTH,EQ,528.45,544.4,523.05,524.25,524.55,522.85,143618,76560567.8,16-SEP-2011,6676,INE910C01018,
TTKPRESTIG,EQ,2810.0,2847.65,2746.35,2774.05,2770.1,2790.0,192639,537638349.05,16-SEP-2011,19915,INE690A01010,
TTL,EQ,28.0,28.5,26.55,26.65,26.85,27.3,19810,539928.0,16-SEP-2011,140,INE592B01016,
TTML,EQ,18.75,19.05,18.35,18.6,18.5,18.55,1691712,31561375.7,16-SEP-2011,2861,INE517B01013,
TUBEINVEST,EQ,141.55,147.8,141.5,143.55,142.7,141.35,163109,23501222.6,16-SEP-2011,3167,INE149A01025,
TULIP,EQ,154.5,161.0,152.1,156.3,158.4,153.7,861636,133491536.9,16-SEP-2011,11048,INE122H01027,
TULSI,EQ,12.85,12.9,12.5,12.55,12.65,12.85,33710,427429.7,16-SEP-2011,263,INE474I01012,
TULSYAN,EQ,40.0,40.0,39.1,39.9,39.1,40.85,145,5795.5,16-SEP-2011,3,INE463D01016,
TV18BRDCST,EQ,42.75,43.25,40.9,41.7,41.5,42.75,184160,7648619.2,16-SEP-2011,1371,INE886H01027,
TVSELECT,EQ,19.85,20.5,19.8,19.95,19.9,20.15,623,12431.3,16-SEP-2011,14,INE236G01019,
TVSMOTOR,EQ,65.5,66.2,63.2,63.5,63.4,64.85,3813909,244819338.8,16-SEP-2011,24626,INE494B01023,
TVSSRICHAK,EQ,357.5,364.9,357.5,360.3,360.5,360.0,234,83761.15,16-SEP-2011,8,INE421C01016,
TVTODAY,EQ,51.85,51.85,51.0,51.4,51.7,51.3,5340,273907.35,16-SEP-2011,81,INE038F01029,
TWILITAKA,EQ,37.4,37.8,35.95,36.0,36.5,36.15,30635,1112300.0,16-SEP-2011,248,INE783B01029,
TWL,EQ,390.0,406.75,385.4,400.5,402.0,403.55,7486,3011746.5,16-SEP-2011,439,INE615H01012,
UBENGG,EQ,52.65,53.1,50.65,51.2,51.7,51.75,27100,1395751.3,16-SEP-2011,298,INE328C01013,
UBHOLDINGS,EQ,121.0,124.0,117.55,119.3,118.5,121.75,33728,4063720.0,16-SEP-2011,878,INE696A01025,
UBL,EQ,395.1,408.8,393.1,403.45,403.2,392.1,171346,69115090.15,16-SEP-2011,9794,INE686F01025,
UCALFUEL,EQ,80.3,83.95,80.3,82.4,82.8,81.95,11428,943467.7,16-SEP-2011,234,INE139B01016,
UCOBANK,EQ,71.3,72.0,68.6,69.05,69.3,71.05,2950022,207474341.85,16-SEP-2011,20447,INE691A01018,
UFLEX,EQ,165.35,173.7,163.5,172.05,172.0,163.1,1626338,276742866.45,16-SEP-2011,13808,INE516A01017,
UGARSUGAR,EQ,13.75,13.75,13.3,13.45,13.3,13.6,3080,41627.4,16-SEP-2011,39,INE071E01023,
ULTRACEMCO,EQ,1147.0,1153.95,1123.0,1126.0,1132.5,1146.55,201974,228787591.15,16-SEP-2011,10779,INE481G01011,
UMESLTD,EQ,17.05,17.65,16.6,17.3,17.1,17.6,1108,19107.2,16-SEP-2011,21,INE240C01028,
UNICHEMLAB,EQ,145.8,145.8,143.2,144.6,144.5,144.8,3309,477567.25,16-SEP-2011,88,INE351A01035,
UNIENTER,EQ,31.75,31.75,29.8,29.8,30.0,30.05,4508,135611.85,16-SEP-2011,24,INE037A01022,
UNIONBANK,EQ,227.4,244.0,227.4,238.0,238.9,234.55,827582,197127728.95,16-SEP-2011,14399,INE692A01016,
UNIPHOS,EQ,148.55,153.5,147.15,149.6,149.85,148.6,918903,138886823.35,16-SEP-2011,14748,INE628A01036,
UNIPLY,EQ,11.6,11.85,11.5,11.8,11.85,11.6,7536,87807.85,16-SEP-2011,23,INE950G01015,
UNITECH,EQ,28.25,28.5,27.2,28.1,28.15,27.9,36904428,1027358735.95,16-SEP-2011,69326,INE694A01020,
UNITEDBNK,EQ,75.05,78.5,73.15,77.65,78.0,75.85,128031,9867435.75,16-SEP-2011,1899,INE695A01019,
UNITEDTEA,EQ,134.2,145.0,134.2,139.9,139.9,140.15,302,40544.9,16-SEP-2011,4,INE458F01011,
UNITY,EQ,52.0,52.0,47.5,49.7,49.1,49.65,52319,2604751.95,16-SEP-2011,496,INE466H01028,
UNIVCABLES,EQ,51.2,51.6,51.2,51.6,51.6,52.0,253,13010.8,16-SEP-2011,2,INE279A01012,
UPERGANGES,EQ,47.9,47.9,45.5,45.5,45.5,45.75,554,25471.2,16-SEP-2011,12,INE018B01012,
USHAMART,EQ,36.4,37.55,36.1,37.15,36.8,36.55,202638,7488250.1,16-SEP-2011,2761,INE228A01035,
USHERAGRO,EQ,130.0,131.05,127.6,130.25,130.95,128.55,308703,39956381.4,16-SEP-2011,1219,INE235G01011,
UTISUNDER,EQ,922.0,922.0,922.0,922.0,922.0,922.0,1,922.0,16-SEP-2011,1,INF789F01042,
UTTAMSTL,EQ,80.95,80.95,78.0,78.5,78.0,78.95,20070,1585848.85,16-SEP-2011,490,INE699A01011,
UTTAMSUGAR,EQ,31.2,32.8,29.85,30.7,31.3,32.05,6329,196083.7,16-SEP-2011,132,INE786F01031,
UTVSOF,EQ,965.75,970.0,965.25,967.35,968.0,968.95,74855,72404879.95,16-SEP-2011,588,INE507B01022,
VADILALIND,EQ,124.3,127.0,124.3,124.85,126.95,126.2,220,27427.7,16-SEP-2011,12,INE694D01016,
VAIBHAVGEM,EQ,34.6,36.45,34.6,35.65,35.65,35.5,115,4127.35,16-SEP-2011,14,INE884A01019,
VAKRANSOFT,EQ,380.0,383.0,377.0,380.0,380.0,379.9,1074,408051.0,16-SEP-2011,34,INE051B01013,
VALECHAENG,EQ,78.25,79.9,77.0,79.05,79.0,78.95,27739,2179124.75,16-SEP-2011,571,INE624C01015,
VALUEIND,EQ,17.85,18.05,17.2,17.7,17.8,17.85,6159,108281.9,16-SEP-2011,68,INE352A01017,
VARDHACRLC,EQ,9.65,9.65,9.4,9.4,9.4,9.8,26835,255439.1,16-SEP-2011,58,INE116G01013,
VARDMNPOLY,EQ,107.0,107.0,105.05,105.65,105.7,106.25,52721,5577513.95,16-SEP-2011,458,INE835A01011,
VARUN,EQ,260.0,264.0,258.5,261.55,262.0,259.85,217700,56843663.25,16-SEP-2011,2732,INE032G01012,
VARUNSHIP,EQ,20.8,21.0,20.25,20.65,20.55,20.8,35610,737773.9,16-SEP-2011,228,INE702A01013,
VASCONEQ,EQ,44.8,47.4,43.8,44.35,44.55,44.05,51294,2319102.95,16-SEP-2011,1294,INE893I01013,
VENKEYS,EQ,422.1,424.0,411.05,413.8,412.05,420.35,44276,18466522.0,16-SEP-2011,3015,INE398A01010,
VENUSREM,EQ,214.0,221.0,210.0,210.45,210.0,213.3,7257,1540389.35,16-SEP-2011,279,INE411B01019,
VESUVIUS,EQ,381.5,383.4,371.1,371.75,371.1,375.55,933,348414.25,16-SEP-2011,60,INE386A01015,
VGUARD,EQ,212.0,214.2,209.5,211.15,210.5,210.65,26123,5549584.45,16-SEP-2011,945,INE951I01019,
VHL,EQ,367.0,397.0,365.0,384.95,385.0,370.0,119,44667.85,16-SEP-2011,16,INE701A01023,
VICEROY,EQ,26.0,26.75,25.8,25.9,26.0,26.5,8012,208366.9,16-SEP-2011,95,INE048C01017,
VIDEOIND,EQ,175.7,179.95,166.5,175.4,178.3,177.6,1221097,213406086.3,16-SEP-2011,8633,INE703A01011,
VIJAYABANK,EQ,60.5,61.15,58.45,59.65,59.4,60.25,2862686,170943808.25,16-SEP-2011,13602,INE705A01016,
VIJSHAN,EQ,16.15,17.75,16.15,17.05,17.05,16.6,7317,127207.7,16-SEP-2011,53,INE806F01011,
VIKASHMET,EQ,11.5,11.8,11.0,11.5,11.5,11.5,101980,1166120.65,16-SEP-2011,623,INE158H01013,
VIMTALABS,EQ,25.45,25.95,25.0,25.05,25.8,24.95,12742,321413.55,16-SEP-2011,61,INE579C01029,
VINATIORGA,EQ,69.95,70.95,68.15,69.15,70.0,69.65,15948,1102556.75,16-SEP-2011,141,INE410B01029,
VINDHYATEL,EQ,159.0,162.0,159.0,161.55,162.0,165.0,242,39019.5,16-SEP-2011,8,INE707A01012,
VINYLINDIA,EQ,11.0,11.0,10.6,10.6,10.6,10.7,203,2162.2,16-SEP-2011,4,INE250B01029,
VIPIND,EQ,979.0,979.0,947.15,955.15,955.25,976.65,590364,566628091.1,16-SEP-2011,26357,INE054A01019,
VIPUL,EQ,11.45,11.45,11.25,11.25,11.25,11.05,61,688.3,16-SEP-2011,3,INE946H01037,
VISAKAIND,EQ,87.3,89.7,87.3,88.65,87.75,87.3,2375,210868.1,16-SEP-2011,74,INE392A01013,
VISASTEEL,EQ,58.0,58.95,58.0,58.2,58.0,58.0,7041,408751.05,16-SEP-2011,89,INE286H01012,
VISESHINFO,EQ,3.85,3.85,3.75,3.8,3.75,3.75,10000,37982.0,16-SEP-2011,19,INE861A01017,
VISHALRET,EQ,24.0,24.5,23.85,24.0,24.0,23.85,12681,305258.8,16-SEP-2011,124,INE945H01013,
VISUINTL,EQ,2.0,2.15,2.0,2.1,2.15,2.1,12615,26326.4,16-SEP-2011,24,INE965A01016,
VIVIMEDLAB,EQ,260.5,263.0,256.25,257.6,257.0,257.6,14516,3749412.4,16-SEP-2011,650,INE526G01013,
VLSFINANCE,EQ,11.6,11.65,10.55,11.15,11.45,11.3,4265,47364.75,16-SEP-2011,52,INE709A01018,
VOLTAMP,EQ,512.0,515.6,510.0,510.05,510.0,511.4,5094,2605138.65,16-SEP-2011,340,INE540H01012,
VOLTAS,EQ,120.6,125.0,118.0,123.35,123.7,119.3,1124936,137013846.95,16-SEP-2011,15178,INE226A01021,
VSTIND,EQ,1359.95,1462.0,1358.05,1451.6,1446.2,1356.05,60239,85486754.2,16-SEP-2011,6739,INE710A01016,
VSTTILLERS,EQ,514.0,514.95,500.05,501.75,500.05,509.75,497,251883.9,16-SEP-2011,52,INE764D01017,
VTL,EQ,201.0,201.0,187.1,188.9,187.15,193.95,1999,379875.45,16-SEP-2011,84,INE825A01012,
VTXIND,EQ,14.25,14.25,14.25,14.25,14.25,13.5,52,741.0,16-SEP-2011,3,INE119G01025,
WABAG,EQ,372.0,379.9,370.0,372.1,370.0,371.1,5078,1891505.85,16-SEP-2011,322,INE956G01038,
WABCOINDIA,EQ,1277.15,1296.6,1277.1,1280.0,1280.0,1289.05,217,278008.1,16-SEP-2011,26,INE342J01019,
WALCHANNAG,EQ,103.95,104.25,98.1,98.35,98.1,102.65,79617,7916437.25,16-SEP-2011,2214,INE711A01022,
WANBURY,EQ,26.5,29.95,26.2,27.75,27.6,27.15,58361,1653143.65,16-SEP-2011,747,INE107F01022,
WEBELSOLAR,EQ,42.0,43.8,42.0,42.55,42.1,41.85,6898,290908.3,16-SEP-2011,58,INE855C01015,
WEIZMANIND,EQ,10.35,10.35,9.6,9.9,10.0,10.05,831,8281.65,16-SEP-2011,32,INE080A01014,
WELCORP,EQ,123.75,123.75,119.75,121.05,121.05,120.55,1153226,140009466.4,16-SEP-2011,17678,INE191B01025,
WELGLOB,EQ,48.1,50.0,48.1,50.0,50.0,50.3,190,9360.0,16-SEP-2011,17,INE390K01016,
WELINV,EQ,46.95,48.85,46.6,46.8,47.0,46.95,57,2673.9,16-SEP-2011,49,INE389K01018,
WELPROJ,EQ,46.75,49.2,44.5,45.8,45.5,46.75,25082,1178504.45,16-SEP-2011,670,INE625G01013,
WELSPUNIND,BE,29.0,31.8,29.0,30.05,30.3,30.3,6825,205388.2,16-SEP-2011,62,INE192B01023,
WENDT,EQ,1619.95,1640.0,1586.0,1596.9,1588.1,1598.9,263,421154.75,16-SEP-2011,68,INE274C01019,
WHEELS,EQ,252.05,268.5,252.05,265.95,260.05,256.5,290,76360.5,16-SEP-2011,25,INE715A01015,
WHIRLPOOL,EQ,224.9,229.0,216.5,220.45,222.0,220.2,66036,14544927.85,16-SEP-2011,1958,INE716A01013,
WILLAMAGOR,EQ,53.7,53.7,50.35,51.2,51.2,51.85,1457,75005.05,16-SEP-2011,54,INE210A01017,
WINDMACHIN,EQ,25.15,26.0,25.15,25.5,25.5,26.05,5812,148577.1,16-SEP-2011,28,INE052A01021,
WINSOME,EQ,26.15,27.9,26.15,27.75,27.9,27.25,321,8672.65,16-SEP-2011,9,INE784B01035,
WIPRO,EQ,349.2,354.35,337.75,338.75,338.65,348.2,1500083,521167223.6,16-SEP-2011,36040,INE075A01022,
WOCKPHARMA,EQ,400.7,400.7,387.5,389.8,388.35,392.3,138772,54304884.7,16-SEP-2011,4384,INE049B01025,
WSI,EQ,17.5,18.4,17.05,17.05,17.05,17.1,5778,98821.05,16-SEP-2011,207,INE100D01014,
WSTCSTPAPR,EQ,73.0,74.7,72.6,72.9,72.7,73.95,4348,319061.5,16-SEP-2011,127,INE976A01021,
WWIL,EQ,7.15,7.25,7.1,7.1,7.1,7.2,314573,2251688.7,16-SEP-2011,426,INE965H01011,
WYETH,EQ,1002.0,1008.0,995.0,997.95,999.95,1003.35,3317,3327293.85,16-SEP-2011,109,INE378A01012,
XLENERGY,EQ,8.0,8.0,7.7,7.8,7.8,7.75,11440,89642.65,16-SEP-2011,59,INE183H01011,
XPROINDIA,EQ,52.0,53.45,51.7,52.0,52.05,52.75,1845,96271.15,16-SEP-2011,65,INE445C01015,
YESBANK,EQ,280.0,285.5,276.0,280.7,281.1,278.6,3777663,1063104062.95,16-SEP-2011,51128,INE528G01019,
ZANDUREALT,EQ,1779.0,1779.0,1717.0,1723.15,1727.0,1738.5,825,1430628.5,16-SEP-2011,216,INE719A01017,
ZEEL,EQ,114.85,116.05,113.35,114.6,114.3,114.1,568690,65316670.1,16-SEP-2011,7254,INE256A01028,
ZEELEARN,EQ,19.25,19.8,18.7,19.4,19.65,19.0,793218,15293703.95,16-SEP-2011,2967,INE565L01011,
ZEENEWS,EQ,13.0,13.15,12.9,12.95,12.9,13.0,227606,2957814.6,16-SEP-2011,504,INE966H01019,
ZENITHBIR,EQ,5.2,5.2,5.05,5.1,5.1,5.1,96575,493892.45,16-SEP-2011,121,INE318D01020,
ZENITHCOMP,EQ,15.65,15.7,14.6,15.15,15.1,15.65,8349,126236.75,16-SEP-2011,79,INE598B01013,
ZENITHINFO,EQ,190.0,190.05,180.0,189.75,190.0,189.0,1188,224301.9,16-SEP-2011,364,INE899A01017,
ZENSARTECH,EQ,139.9,139.9,124.1,124.45,124.2,126.65,3366,423501.85,16-SEP-2011,105,INE520A01019,
ZICOM,EQ,36.75,36.75,35.7,35.85,36.0,36.35,10840,390963.0,16-SEP-2011,139,INE871B01014,
ZODIACLOTH,EQ,341.1,364.85,341.1,354.4,364.0,348.5,2882,1011098.1,16-SEP-2011,55,INE206B01013,
ZODJRDMKJ,EQ,28.7,28.7,24.0,24.95,24.95,24.05,1263,30566.1,16-SEP-2011,7,INE077B01018,
ZUARIAGRO,EQ,593.85,593.85,577.0,582.2,578.0,589.5,5550,3251662.35,16-SEP-2011,451,INE217A01012,
ZYDUSWELL,EQ,581.05,592.0,581.05,588.75,590.0,582.55,10274,6033348.65,16-SEP-2011,178,INE768C01010,
ZYLOG,EQ,412.15,424.5,412.0,419.15,418.0,412.3,125629,52719357.45,16-SEP-2011,3004,INE225I01018,
