SYMBOL,SERIES,OPEN,HIGH,LOW,CLOSE,LAST,PREVCLOSE,TOTTRDQTY,TOTTRDVAL,TIMESTAMP,TOTALTRADES,ISIN,UNNAMED: 13
20MICRONS,EQ,35.4,35.9,34.5,35.4,35.7,35.15,33682,1184170.85,01-APR-2021,384,INE144J01027,
21STCENMGM,EQ,13.7,13.7,13.7,13.7,13.7,13.95,3915,53635.5,01-APR-2021,11,INE253B01015,
3IINFOTECH,EQ,7.8,7.8,7.8,7.8,7.8,7.45,1675589,13069594.2,01-APR-2021,1327,INE748C01020,
3MINDIA,EQ,30265.0,31000.0,29400.0,29602.95,29510.7,30436.65,8475,256760867.8,01-APR-2021,3996,INE470A01017,
3PLAND,EQ,8.8,9.1,8.5,8.9,8.65,8.6,3243,28953.6,01-APR-2021,25,INE105C01023,
5PAISA,EQ,252.5,268.5,252.0,260.6,267.95,249.7,24901,6403723.7,01-APR-2021,527,INE618L01018,
63MOONS,EQ,69.4,72.7,69.4,72.0,71.8,69.35,31204,2223691.2,01-APR-2021,725,INE111B01023,
A2ZINFRA,EQ,3.85,3.95,3.75,3.8,3.75,3.75,845562,3270699.9,01-APR-2021,453,INE619I01012,
AAKASH,BE,127.0,131.0,127.0,130.9,130.9,130.0,30907,3982218.15,01-APR-2021,85,INE087Z01016,
AARON,EQ,57.5,58.45,55.6,57.8,58.2,57.2,1166,66950.15,01-APR-2021,50,INE721Z01010,
AARTIDRUGS,EQ,698.0,726.0,696.05,718.65,717.9,694.3,786666,562841374.45,01-APR-2021,27650,INE767A01016,
AARTIIND,EQ,1330.0,1390.0,1315.0,1363.8,1364.9,1317.45,613919,837656028.2,01-APR-2021,25055,INE769A01020,
AARTISURF,EQ,943.0,977.7,928.0,977.7,977.7,931.15,10230,9675046.95,01-APR-2021,1487,INE09EO01013,
AARVEEDEN,EQ,17.9,18.45,17.5,17.85,18.3,17.5,5345,95676.9,01-APR-2021,70,INE273D01019,
AARVI,EQ,54.0,54.4,49.0,50.75,50.75,51.7,11049,563402.1,01-APR-2021,155,INE754X01016,
AAVAS,EQ,2460.0,2519.0,2365.5,2418.0,2415.0,2420.85,53783,130754768.1,01-APR-2021,9623,INE216P01012,
ABAN,EQ,30.0,30.9,29.6,30.9,30.9,29.45,79217,2412400.45,01-APR-2021,654,INE421A01028,
ABB,EQ,1413.8,1424.7,1391.1,1397.5,1398.0,1410.05,80643,113129784.1,01-APR-2021,8856,INE117A01022,
ABBOTINDIA,EQ,15000.0,15160.05,14901.0,14980.05,14936.0,14983.3,21203,318548634.35,01-APR-2021,5678,INE358A01014,
ABCAPITAL,EQ,120.05,123.0,120.05,121.55,121.5,119.3,2429443,294936029.6,01-APR-2021,26945,INE674K01013,
ABFRL,EQ,203.6,207.0,197.55,198.95,198.65,201.25,2452891,494933412.9,01-APR-2021,42353,INE647O01011,
ABMINTLTD,EQ,55.2,57.75,55.15,56.95,56.95,58.05,391,22014.25,01-APR-2021,19,INE251C01017,
ABSLBANETF,EQ,336.2,339.22,330.85,336.46,339.22,332.14,36,12005.89,01-APR-2021,20,INF209KB1O58,
ABSLNN50ET,EQ,344.0,357.0,336.1,347.4,350.0,335.08,107,37008.82,01-APR-2021,41,INF209KB1B87,
ACC,EQ,1920.0,1920.0,1886.95,1913.35,1912.0,1903.25,765296,1458398961.95,01-APR-2021,29559,INE012A01025,
ACCELYA,EQ,859.0,880.0,851.95,874.8,879.9,854.9,1767,1535614.65,01-APR-2021,237,INE793A01012,
ACCURACY,EQ,52.5,52.55,50.7,52.5,52.55,50.05,4709,246359.6,01-APR-2021,47,INE648Z01015,
ACE,EQ,158.0,163.9,156.05,161.05,161.0,154.35,303672,48901811.6,01-APR-2021,4381,INE731H01025,
ACRYSIL,EQ,317.9,323.25,317.9,323.25,323.25,307.9,39849,12844282.05,01-APR-2021,419,INE482D01024,
ADANIENT,EQ,1043.4,1116.05,1035.0,1107.2,1104.65,1031.15,12713083,13756203233.75,01-APR-2021,216541,INE423A01024,
ADANIGREEN,EQ,1104.9,1160.05,1104.9,1160.05,1160.05,1104.85,523216,600219998.95,01-APR-2021,24357,INE364U01010,
ADANIPORTS,EQ,713.5,742.0,705.0,736.25,733.55,702.4,15017049,10897578397.8,01-APR-2021,166679,INE742F01042,
ADANIPOWER,EQ,83.2,89.3,81.35,89.3,89.3,85.05,43478357,3737223024.5,01-APR-2021,110148,INE814H01011,
ADANITRANS,EQ,923.0,999.2,917.05,999.2,999.2,908.4,2213099,2145404752.25,01-APR-2021,49816,INE931S01010,
ADFFOODS,EQ,901.9,960.0,899.75,925.95,924.95,893.55,138075,129595863.35,01-APR-2021,6651,INE982B01019,
ADHUNIKIND,EQ,19.5,20.95,19.1,20.95,20.95,19.05,37870,762789.25,01-APR-2021,204,INE452L01012,
ADL,BE,29.25,29.25,28.0,28.75,28.75,28.1,4144,118665.7,01-APR-2021,19,INE0CHO01012,
ADORWELD,EQ,304.0,317.3,301.0,312.7,314.4,300.7,24562,7550333.2,01-APR-2021,639,INE045A01017,
ADROITINFO,BE,9.05,9.1,8.3,9.1,9.1,8.7,3835,33339.8,01-APR-2021,15,INE737B01033,
ADSL,EQ,43.2,45.8,43.2,45.8,45.8,43.65,105582,4745186.1,01-APR-2021,861,INE102I01027,
ADVANIHOTR,EQ,56.85,59.65,56.45,58.6,58.4,56.85,9095,538442.4,01-APR-2021,122,INE199C01026,
ADVENZYMES,EQ,347.8,360.45,347.8,353.1,353.1,344.95,156303,55422865.6,01-APR-2021,4511,INE837H01020,
AEGISCHEM,EQ,303.0,308.9,291.3,301.25,304.75,298.65,299812,90264888.15,01-APR-2021,14305,INE208C01025,
AFFLE,EQ,5520.0,5714.6,5465.0,5602.3,5611.0,5457.8,89364,500131950.7,01-APR-2021,20457,INE00WC01019,
AGARIND,BE,152.25,162.95,152.25,158.75,159.9,158.8,6800,1079286.05,01-APR-2021,75,INE204E01012,
AGCNET,EQ,1330.0,1355.4,1330.0,1355.4,1355.4,1290.9,5455,7376905.65,01-APR-2021,146,INE676A01019,
AGRITECH,EQ,30.75,32.2,30.7,31.85,31.75,30.85,3330,105256.3,01-APR-2021,90,INE449G01018,
AGROPHOS,EQ,11.7,12.25,11.7,12.25,12.2,11.7,35048,424964.95,01-APR-2021,170,INE740V01019,
AHLADA,EQ,92.2,96.05,92.2,96.05,96.05,91.5,2572,243026.25,01-APR-2021,54,INE00PV01013,
AHLEAST,EQ,158.6,161.8,155.5,160.0,161.5,157.0,1635,258011.45,01-APR-2021,114,INE926K01017,
AHLUCONT,EQ,300.75,308.0,300.75,302.25,303.7,299.2,6638,2019761.0,01-APR-2021,664,INE758C01029,
AHLWEST,EQ,225.25,269.95,214.05,246.0,245.0,225.4,30599,7527258.75,01-APR-2021,894,INE915K01010,
AIAENG,EQ,2084.55,2084.55,1989.8,2053.35,2060.0,2052.7,115870,239198262.55,01-APR-2021,6060,INE212H01026,
AIRAN,EQ,15.6,16.0,15.6,15.8,15.9,15.6,36227,572293.3,01-APR-2021,187,INE645W01026,
AJANTPHARM,EQ,1808.2,1808.25,1725.0,1748.45,1765.0,1791.9,218010,381178779.05,01-APR-2021,15808,INE031B01049,
AJMERA,EQ,119.7,121.0,117.7,120.1,119.2,117.65,61676,7373048.4,01-APR-2021,1609,INE298G01027,
AKASH,EQ,220.0,220.0,200.0,209.85,209.65,210.35,71857,15128536.9,01-APR-2021,880,INE737W01013,
AKG,EQ,63.2,63.2,63.2,63.2,63.2,66.5,2122,134110.4,01-APR-2021,17,INE00Y801016,
AKSHARCHEM,EQ,235.0,251.0,233.75,248.65,251.0,232.85,31642,7784472.2,01-APR-2021,964,INE542B01011,
AKSHOPTFBR,EQ,5.45,5.85,5.3,5.85,5.85,5.35,230826,1315473.45,01-APR-2021,417,INE523B01011,
AKZOINDIA,EQ,2308.1,2378.0,2297.2,2371.05,2367.0,2296.05,17016,39969244.25,01-APR-2021,3616,INE133A01011,
ALANKIT,EQ,16.2,16.4,16.05,16.15,16.2,15.85,151034,2449665.95,01-APR-2021,760,INE914E01040,
ALBERTDAVD,EQ,378.9,391.55,378.9,389.5,389.4,376.65,5601,2165639.55,01-APR-2021,338,INE155C01010,
ALEMBICLTD,EQ,103.5,107.6,103.2,105.3,105.0,102.95,678641,71440710.3,01-APR-2021,6056,INE426A01027,
ALICON,EQ,434.0,440.0,428.0,430.8,432.85,424.25,7252,3135447.7,01-APR-2021,412,INE062D01024,
ALKALI,EQ,49.95,53.5,49.8,53.05,53.45,49.95,28735,1488804.25,01-APR-2021,438,INE773I01017,
ALKEM,EQ,2766.0,2794.0,2735.25,2775.45,2780.1,2769.8,79864,220676001.3,01-APR-2021,9200,INE540L01014,
ALKYLAMINE,EQ,5755.65,5838.0,5710.0,5758.65,5781.1,5696.7,32740,188710083.3,01-APR-2021,5995,INE150B01021,
ALLCARGO,EQ,123.65,127.35,123.65,126.75,127.0,123.4,251200,31751067.15,01-APR-2021,1878,INE418H01029,
ALLSEC,EQ,319.75,329.0,315.8,326.3,325.0,316.95,3639,1174685.85,01-APR-2021,220,INE835G01018,
ALMONDZ,EQ,29.5,30.15,29.0,29.3,29.0,29.8,7396,218185.65,01-APR-2021,61,INE326B01027,
ALOKINDS,EQ,20.4,21.25,20.25,20.85,20.8,20.15,9236598,192027888.7,01-APR-2021,9164,INE270A01029,
ALPA,EQ,37.4,37.4,36.2,36.9,36.85,36.0,23016,846103.0,01-APR-2021,386,INE385I01010,
ALPHAGEO,EQ,178.8,182.9,178.0,179.35,179.3,177.55,11392,2047904.3,01-APR-2021,400,INE137C01018,
ALPSINDUS,BE,1.7,1.7,1.7,1.7,1.7,1.75,10189,17321.3,01-APR-2021,12,INE093B01015,
AMARAJABAT,EQ,858.95,865.95,855.1,860.5,863.0,853.8,400848,344863903.55,01-APR-2021,10958,INE885A01032,
AMBER,EQ,3319.0,3389.4,3227.0,3247.55,3250.0,3315.85,95334,315109714.45,01-APR-2021,20314,INE371P01015,
AMBIKCO,EQ,900.05,935.0,900.05,911.1,915.0,890.5,9062,8224173.35,01-APR-2021,924,INE540G01014,
AMBUJACEM,EQ,311.85,313.45,307.25,311.0,310.7,308.85,4689185,1455739007.0,01-APR-2021,70721,INE079A01024,
AMDIND,BE,17.5,17.95,16.95,17.5,17.5,17.5,6308,109668.8,01-APR-2021,32,INE005I01014,
AMJLAND,EQ,21.9,23.1,21.9,22.4,22.5,22.05,7112,160291.7,01-APR-2021,74,INE606A01024,
AMRUTANJAN,EQ,570.5,584.0,570.0,575.7,574.7,567.65,56397,32460069.55,01-APR-2021,2976,INE098F01031,
ANANTRAJ,EQ,55.4,57.05,54.5,55.95,56.0,54.35,1061775,59634863.6,01-APR-2021,2850,INE242C01024,
ANDHRACEMT,EQ,5.5,5.65,5.35,5.6,5.65,5.4,218671,1213459.5,01-APR-2021,428,INE666E01012,
ANDHRAPAP,EQ,220.0,225.0,220.0,224.4,225.0,219.05,14004,3119651.3,01-APR-2021,553,INE435A01028,
ANDHRSUGAR,EQ,294.85,305.0,292.55,304.05,303.05,290.85,34566,10371590.2,01-APR-2021,1623,INE715B01013,
ANGELBRKG,EQ,291.3,301.5,291.3,294.55,294.15,291.2,192526,57351239.7,01-APR-2021,2910,INE732I01013,
ANIKINDS,EQ,14.7,15.0,14.15,15.0,15.0,14.3,33762,491076.15,01-APR-2021,140,INE087B01017,
ANKITMETAL,EQ,1.05,1.05,1.0,1.05,1.05,1.0,43788,45975.35,01-APR-2021,67,INE106I01010,
ANSALAPI,EQ,6.1,6.15,5.95,6.15,6.15,5.9,746850,4592476.25,01-APR-2021,87,INE436A01026,
ANSALHSG,EQ,5.35,5.45,5.35,5.45,5.45,5.2,39676,215759.2,01-APR-2021,40,INE880B01015,
ANUP,EQ,585.0,609.0,573.0,583.65,589.0,570.25,32645,19157279.45,01-APR-2021,2155,INE294Z01018,
ANURAS,EQ,495.1,519.8,492.85,516.95,516.9,489.15,695372,354645702.9,01-APR-2021,31482,INE930P01018,
APARINDS,EQ,480.0,489.3,478.0,483.15,482.9,475.3,71352,34613232.05,01-APR-2021,3112,INE372A01015,
APCL,EQ,212.25,215.95,212.25,214.85,215.0,211.8,20797,4458183.9,01-APR-2021,490,INE071F01012,
APCOTEXIND,EQ,181.0,185.0,180.2,183.8,182.35,179.65,97460,17844905.0,01-APR-2021,2277,INE116A01032,
APEX,EQ,209.15,226.9,209.15,220.2,219.35,207.4,278824,61430043.4,01-APR-2021,7523,INE346W01013,
APLAPOLLO,EQ,1423.0,1440.0,1296.9,1326.75,1326.0,1400.85,291705,390483855.65,01-APR-2021,17739,INE702C01027,
APLLTD,EQ,964.9,990.0,960.05,987.15,981.0,964.95,397081,388128247.25,01-APR-2021,11431,INE901L01018,
APOLLO,EQ,92.3,99.85,92.3,98.95,99.0,91.5,145294,14007772.95,01-APR-2021,2922,INE713T01010,
APOLLOHOSP,EQ,2886.35,2913.95,2843.4,2894.05,2894.0,2902.65,842489,2421725415.9,01-APR-2021,73392,INE437A01024,
APOLLOPIPE,EQ,1000.0,1035.95,1000.0,1019.55,1017.85,988.4,182216,185053472.0,01-APR-2021,12845,INE126J01016,
APOLLOTYRE,EQ,226.25,236.9,224.05,236.05,236.45,223.7,6079701,1405742620.1,01-APR-2021,36407,INE438A01022,
APOLSINHOT,EQ,562.95,568.4,551.25,566.0,566.0,567.5,1365,771685.15,01-APR-2021,63,INE451F01024,
APTECHT,EQ,186.95,223.6,186.95,222.95,223.6,186.35,3376946,724050387.2,01-APR-2021,35640,INE266F01018,
ARCHIDPLY,BE,28.3,30.9,28.25,30.9,30.9,29.45,8950,272826.9,01-APR-2021,71,INE877I01016,
ARCHIES,EQ,10.2,10.75,10.0,10.65,10.5,10.1,34379,357921.05,01-APR-2021,139,INE731A01020,
ARENTERP,EQ,10.9,11.35,10.65,10.75,10.75,11.05,498,5352.95,01-APR-2021,14,INE610C01014,
ARIES,EQ,78.35,84.0,77.2,82.95,83.45,76.85,79216,6409983.75,01-APR-2021,946,INE298I01015,
ARIHANT,EQ,17.9,17.9,16.4,17.5,17.65,17.2,1722,29621.4,01-APR-2021,36,INE413D01011,
ARIHANTSUP,EQ,37.25,37.3,35.5,35.95,35.5,35.5,25013,907431.5,01-APR-2021,86,INE643K01018,
ARMANFIN,EQ,609.65,611.0,583.85,609.55,610.95,609.65,15295,9208807.45,01-APR-2021,813,INE109C01017,
AROGRANITE,EQ,40.85,42.9,40.85,41.85,41.85,41.05,14601,614198.7,01-APR-2021,219,INE210C01013,
ARROWGREEN,BE,64.4,70.8,64.25,70.65,70.0,67.45,8158,569645.25,01-APR-2021,61,INE570D01018,
ARSHIYA,BE,34.05,34.65,33.5,34.25,34.0,33.55,5826,198072.95,01-APR-2021,67,INE968D01022,
ARSSINFRA,EQ,19.35,20.7,19.0,20.4,20.7,18.85,25613,508807.05,01-APR-2021,136,INE267I01010,
ARTEMISMED,EQ,218.4,222.9,215.05,216.9,220.0,220.45,8953,1950545.15,01-APR-2021,92,INE025R01013,
ARVEE,EQ,58.15,58.15,58.15,58.15,58.15,55.4,50,2907.5,01-APR-2021,1,INE006Z01016,
ARVIND,EQ,66.0,69.4,66.0,69.1,69.05,65.85,947908,64674580.6,01-APR-2021,6612,INE034A01011,
ARVINDFASN,EQ,139.6,146.0,139.6,144.75,144.8,138.95,189163,27206023.95,01-APR-2021,2834,INE955V01021,
ARVSMART,EQ,96.1,99.9,96.0,98.85,99.0,96.9,78317,7738127.9,01-APR-2021,976,INE034S01021,
ASAHIINDIA,EQ,305.35,311.15,302.3,307.05,306.85,309.75,78211,23970947.55,01-APR-2021,3307,INE439A01020,
ASAHISONG,EQ,317.05,327.0,309.75,323.6,327.0,317.05,10080,3250955.5,01-APR-2021,439,INE228I01012,
ASAL,BE,33.0,34.5,33.0,34.3,34.3,33.4,5340,183674.95,01-APR-2021,25,INE900C01027,
ASALCBR,EQ,422.0,449.5,420.0,441.1,439.0,420.7,82531,35636416.45,01-APR-2021,3499,INE073G01016,
ASHAPURMIN,EQ,103.0,108.7,102.5,106.5,107.2,104.5,164332,17360224.85,01-APR-2021,2084,INE348A01023,
ASHIANA,EQ,134.0,135.9,126.0,128.4,129.8,131.6,63991,8258747.95,01-APR-2021,1669,INE365D01021,
ASHIMASYN,EQ,15.9,16.5,15.55,16.1,16.3,15.75,178561,2918577.9,01-APR-2021,334,INE440A01010,
ASHOKA,EQ,102.3,103.95,100.0,100.6,100.75,101.9,705285,71672705.65,01-APR-2021,6241,INE442H01029,
ASHOKLEY,EQ,115.25,118.75,113.5,118.15,117.8,113.5,21938734,2545880072.15,01-APR-2021,81294,INE208A01029,
ASIANHOTNR,EQ,58.3,63.3,58.3,62.8,62.55,59.6,1246,77726.7,01-APR-2021,55,INE363A01022,
ASIANPAINT,EQ,2532.0,2564.55,2532.0,2551.75,2545.0,2537.4,1219588,3109711122.0,01-APR-2021,54928,INE021A01026,
ASIANTILES,EQ,145.7,158.5,145.7,158.5,158.5,144.1,1248775,194096040.55,01-APR-2021,11785,INE022I01019,
ASPINWALL,EQ,199.9,199.9,186.0,191.8,192.9,190.8,1551,299737.75,01-APR-2021,68,INE991I01015,
ASTEC,EQ,1015.0,1038.8,1003.85,1019.65,1024.8,1003.8,19623,20034658.2,01-APR-2021,2288,INE563J01010,
ASTERDM,EQ,138.0,139.6,136.2,138.55,139.0,137.45,183317,25191521.0,01-APR-2021,9577,INE914M01019,
ASTRAL,EQ,1649.0,1694.95,1635.05,1685.35,1680.0,1616.85,254543,422874090.45,01-APR-2021,21891,INE006I01046,
ASTRAMICRO,EQ,130.4,136.2,130.4,132.8,133.75,129.65,249993,33309611.5,01-APR-2021,2791,INE386C01029,
ASTRAZEN,EQ,3040.0,3548.0,3030.05,3429.85,3460.0,3009.3,378308,1248510005.65,01-APR-2021,40145,INE203A01020,
ASTRON,EQ,42.45,43.3,41.4,43.1,43.2,41.1,45466,1931807.95,01-APR-2021,443,INE646X01014,
ATFL,EQ,837.2,840.35,821.95,833.25,825.75,833.05,3658,3033913.65,01-APR-2021,417,INE209A01019,
ATGL,EQ,985.0,1087.8,964.5,1060.65,1061.25,961.25,3577352,3638845658.15,01-APR-2021,86760,INE399L01023,
ATLANTA,EQ,6.6,6.9,6.6,6.9,6.9,6.6,11006,75531.0,01-APR-2021,79,INE285H01022,
ATUL,EQ,7065.0,7457.45,7055.85,7415.35,7340.0,7083.05,43531,318022017.3,01-APR-2021,8218,INE100A01010,
ATULAUTO,EQ,180.0,182.75,178.65,180.25,179.8,178.75,58716,10607285.9,01-APR-2021,1423,INE951D01028,
AUBANK,EQ,1250.0,1278.0,1215.0,1267.9,1265.4,1227.85,1087053,1352984782.05,01-APR-2021,43594,INE949L01017,
AURIONPRO,EQ,138.0,140.0,131.35,133.2,133.5,137.0,70170,9494193.8,01-APR-2021,1827,INE132H01018,
AUROPHARMA,EQ,879.0,886.95,866.35,881.3,880.6,881.3,1440078,1264121452.75,01-APR-2021,30403,INE406A01037,
AUSOMENT,EQ,47.55,49.0,46.25,48.95,49.0,46.05,8789,421524.45,01-APR-2021,103,INE218C01016,
AUTOAXLES,EQ,1071.0,1098.0,1069.0,1096.0,1095.1,1057.2,5632,6103403.6,01-APR-2021,685,INE449A01011,
AUTOIND,EQ,41.7,42.65,41.7,42.65,42.65,40.65,35732,1520539.5,01-APR-2021,220,INE718H01014,
AVADHSUGAR,EQ,187.0,193.1,186.95,188.8,189.8,185.4,46638,8811559.15,01-APR-2021,1184,INE349W01017,
AVANTIFEED,EQ,423.0,430.5,417.7,418.5,419.0,414.45,723220,305599692.05,01-APR-2021,33544,INE871C01038,
AVTNPL,EQ,45.0,46.5,45.0,46.35,46.5,45.0,138918,6382136.9,01-APR-2021,1047,INE488D01021,
AWHCL,EQ,243.5,254.25,242.7,252.8,253.0,241.9,117368,29165339.85,01-APR-2021,5636,INE01BK01022,
AXISBANK,EQ,706.3,717.0,695.55,713.0,711.95,697.45,13090326,9248036912.1,01-APR-2021,147724,INE238A01034,
AXISBNKETF,EQ,334.55,338.47,331.95,338.02,338.32,334.55,1915,644427.3,01-APR-2021,54,INF846K01X63,
AXISCADES,EQ,40.0,42.9,39.95,42.7,42.9,39.8,86237,3571860.25,01-APR-2021,709,INE555B01013,
AXISGOLD,EQ,39.0,39.38,38.7,39.21,39.22,38.46,63380,2484509.09,01-APR-2021,650,INF846K01W80,
AXISNIFTY,EQ,154.46,155.7,153.1,154.61,155.1,153.5,5252,812968.54,01-APR-2021,120,INF846K01W98,
AXISTECETF,EQ,271.0,280.0,266.25,278.98,278.99,274.91,713,198415.25,01-APR-2021,32,INF846K01Y96,
AYMSYNTEX,EQ,48.0,48.75,47.1,48.75,48.75,46.45,13431,653538.5,01-APR-2021,59,INE193B01039,
BAFNAPH,BE,130.6,130.6,130.6,130.6,130.6,137.45,1673,218493.8,01-APR-2021,70,INE878I01022,
BAGFILMS,EQ,2.0,2.15,2.0,2.05,2.05,2.05,580967,1190229.7,01-APR-2021,235,INE116D01028,
BAJAJ-AUTO,EQ,3704.0,3764.3,3690.2,3743.05,3740.0,3670.6,861229,3222125595.0,01-APR-2021,50864,INE917I01010,
BAJAJCON,EQ,264.0,282.0,261.45,268.6,268.0,259.9,924294,250926029.8,01-APR-2021,22396,INE933K01021,
BAJAJELEC,EQ,985.1,999.55,976.0,992.5,991.0,976.6,49284,48716496.2,01-APR-2021,4206,INE193E01025,
BAJAJFINSV,EQ,9730.0,9826.0,9667.5,9789.5,9810.0,9668.6,310065,3022824421.0,01-APR-2021,30719,INE918I01018,
BAJAJHIND,EQ,6.3,6.55,6.25,6.4,6.4,6.2,4746815,30287021.0,01-APR-2021,5590,INE306A01021,
BAJAJHLDNG,EQ,3310.0,3380.0,3277.35,3338.7,3334.0,3293.05,24520,81325086.4,01-APR-2021,3044,INE118A01012,
BAJFINANCE,EQ,5210.0,5288.5,5161.95,5272.15,5255.0,5149.85,2148234,11199598353.45,01-APR-2021,106992,INE296A01024,
BALAJITELE,EQ,58.55,61.65,57.0,59.0,58.65,57.3,404586,23978525.6,01-APR-2021,3618,INE794B01026,
BALAMINES,EQ,1779.0,1820.0,1770.1,1787.15,1780.1,1759.3,134658,241947734.45,01-APR-2021,9305,INE050E01027,
BALAXI,EQ,550.7,550.7,527.2,550.7,550.7,524.5,1097,598984.45,01-APR-2021,127,INE618N01014,
BALKRISHNA,BE,20.75,20.75,18.85,19.3,19.3,19.8,740,14991.55,01-APR-2021,15,INE875R01011,
BALKRISIND,EQ,1701.0,1708.2,1655.45,1681.8,1681.0,1688.5,393382,659105517.0,01-APR-2021,14577,INE787D01026,
BALMLAWRIE,EQ,129.2,134.65,129.2,133.7,133.5,128.75,492289,65250429.75,01-APR-2021,6658,INE164A01016,
BALPHARMA,EQ,53.95,55.8,53.95,55.25,54.95,53.7,14612,805545.35,01-APR-2021,263,INE083D01012,
BALRAMCHIN,EQ,218.5,218.9,212.5,214.1,214.0,214.5,1681603,363186221.65,01-APR-2021,22118,INE119A01028,
BANARBEADS,EQ,50.85,51.5,49.3,50.3,50.5,49.7,5039,253405.25,01-APR-2021,84,INE655B01011,
BANARISUG,EQ,1574.1,1674.0,1574.1,1640.0,1640.0,1584.35,3175,5180222.05,01-APR-2021,1102,INE459A01010,
BANCOINDIA,EQ,140.55,148.35,140.55,147.65,147.65,140.55,97572,14153551.3,01-APR-2021,1799,INE213C01025,
BANDHANBNK,EQ,341.95,354.95,339.0,350.9,352.3,338.9,5001602,1730124915.5,01-APR-2021,65225,INE545U01014,
BANG,EQ,29.15,29.15,26.25,27.55,28.0,27.0,4572,124707.4,01-APR-2021,187,INE863I01016,
BANKA,EQ,62.6,62.7,62.2,62.7,62.7,59.75,3200,200247.6,01-APR-2021,42,INE862Y01015,
BANKBARODA,EQ,74.8,76.0,73.5,75.6,75.65,74.1,38540206,2881549566.7,01-APR-2021,88768,INE028A01039,
BANKBEES,EQ,339.02,342.25,334.5,341.52,341.79,334.93,1272684,431657363.55,01-APR-2021,11913,INF204KB15I9,
BANKINDIA,EQ,69.45,72.3,68.9,69.9,69.9,67.85,10593022,743282717.5,01-APR-2021,41500,INE084A01016,
BANSWRAS,EQ,102.95,107.0,101.45,106.05,104.3,99.35,4750,493986.85,01-APR-2021,222,INE629D01012,
BASF,EQ,2098.0,2160.0,2070.0,2136.9,2135.2,2069.75,25528,54349756.8,01-APR-2021,2943,INE373A01013,
BASML,EQ,63.85,63.9,60.2,62.25,62.0,60.9,10612,662781.1,01-APR-2021,172,INE186H01022,
BATAINDIA,EQ,1416.55,1437.75,1410.55,1425.05,1427.6,1406.2,573721,816469458.95,01-APR-2021,20503,INE176A01028,
BAYERCROP,EQ,5341.0,5395.0,5264.7,5313.1,5290.0,5341.9,10382,55211212.15,01-APR-2021,2485,INE462A01022,
BBL,EQ,1105.5,1134.0,1105.5,1124.7,1125.0,1117.75,9083,10215365.7,01-APR-2021,922,INE464A01028,
BBTC,EQ,1116.2,1148.4,1116.2,1145.45,1147.05,1110.4,39852,45317114.2,01-APR-2021,4810,INE050A01025,
BCG,EQ,8.4,8.5,7.9,8.15,8.15,8.25,3245397,26296553.6,01-APR-2021,2078,INE425B01027,
BCLIND,EQ,106.05,109.75,106.0,106.65,106.9,107.1,38945,4188821.3,01-APR-2021,970,INE412G01016,
BCP,EQ,3.15,3.2,3.15,3.2,3.2,3.05,42489,135669.8,01-APR-2021,63,INE905P01028,
BDL,EQ,333.0,339.35,333.0,337.95,338.4,332.55,87702,29610775.75,01-APR-2021,3003,INE171Z01018,
BEARDSELL,EQ,9.55,10.1,9.5,9.9,10.1,9.8,7010,68633.95,01-APR-2021,22,INE520H01022,
BECTORFOOD,EQ,340.5,346.5,337.7,345.4,345.9,336.6,286146,98044414.55,01-APR-2021,7113,INE495P01012,
BEDMUTHA,EQ,20.2,21.1,20.2,21.0,21.1,20.1,1442,29829.15,01-APR-2021,27,INE844K01012,
BEL,EQ,126.0,127.0,124.3,126.1,126.0,125.1,10006344,1258894414.85,01-APR-2021,65896,INE263A01024,
BEML,EQ,1261.5,1332.9,1255.85,1319.55,1317.0,1255.75,563017,728769148.65,01-APR-2021,25391,INE258A01016,
BEPL,EQ,141.9,154.25,141.85,152.9,152.3,140.15,1048787,157707501.35,01-APR-2021,12889,INE922A01025,
BERGEPAINT,EQ,768.0,770.0,761.0,764.35,765.0,765.0,720353,551994499.7,01-APR-2021,16210,INE463A01038,
BESTAGRO,EQ,425.0,435.0,416.0,429.7,423.4,427.6,81372,34751076.0,01-APR-2021,246,INE052T01013,
BFINVEST,EQ,276.9,285.55,276.9,280.3,281.0,275.5,10950,3083541.3,01-APR-2021,508,INE878K01010,
BFUTILITIE,EQ,248.25,259.35,248.25,256.8,256.8,246.0,159225,40485215.6,01-APR-2021,4262,INE243D01012,
BGRENERGY,EQ,43.75,45.5,43.75,45.25,45.0,43.65,80955,3639605.3,01-APR-2021,768,INE661I01014,
BHAGERIA,EQ,158.9,163.0,155.8,158.6,159.0,157.75,47948,7608785.75,01-APR-2021,672,INE354C01027,
BHAGYANGR,BE,43.3,45.55,41.4,44.5,43.5,43.45,38981,1721759.25,01-APR-2021,157,INE458B01036,
BHAGYAPROP,EQ,28.7,29.25,27.75,28.35,27.9,28.8,4252,121212.45,01-APR-2021,31,INE363W01018,
BHANDARI,BE,2.3,2.35,2.25,2.35,2.35,2.25,241509,559464.05,01-APR-2021,152,INE474E01029,
BHARATFORG,EQ,603.8,616.0,596.25,613.35,612.5,595.95,1338081,810513138.2,01-APR-2021,33152,INE465A01025,
BHARATGEAR,EQ,74.6,77.5,73.3,75.95,75.55,73.15,24687,1890165.05,01-APR-2021,454,INE561C01019,
BHARATRAS,EQ,9461.05,9514.95,9400.0,9442.2,9433.0,9415.6,1155,10911704.3,01-APR-2021,556,INE838B01013,
BHARATWIRE,BE,34.4,36.0,34.4,35.95,36.0,34.3,13607,486002.0,01-APR-2021,99,INE316L01019,
BHARTIARTL,EQ,519.95,523.9,514.55,520.8,520.45,517.3,6980458,3628704761.8,01-APR-2021,83069,INE397D01024,
BHEL,EQ,49.0,51.2,48.95,50.95,51.1,48.75,52965110,2669460643.9,01-APR-2021,89354,INE257A01026,
BIGBLOC,EQ,105.55,106.0,104.8,104.8,104.8,110.3,7726,810885.45,01-APR-2021,136,INE412U01017,
BIL,EQ,170.0,198.7,170.0,188.55,191.0,169.95,96744,18079866.25,01-APR-2021,2378,INE828A01016,
BINDALAGRO,EQ,18.0,19.2,18.0,18.7,18.75,17.9,247495,4637618.55,01-APR-2021,1108,INE143A01010,
BIOCON,EQ,409.2,413.2,408.8,410.55,410.0,408.9,1860699,764165941.9,01-APR-2021,22984,INE376G01013,
BIOFILCHEM,BE,65.85,69.1,65.85,69.1,69.1,65.85,20778,1433400.5,01-APR-2021,301,INE829A01014,
BIRLACABLE,EQ,60.55,63.3,60.55,62.95,62.55,60.3,66299,4124690.2,01-APR-2021,856,INE800A01015,
BIRLACORPN,EQ,965.0,978.95,961.05,974.1,975.0,949.85,338114,328642831.45,01-APR-2021,15005,INE340A01012,
BIRLAMONEY,EQ,41.75,42.8,41.2,42.15,42.4,41.05,95194,3990206.6,01-APR-2021,798,INE865C01022,
BIRLATYRE,EQ,23.4,23.9,22.95,23.9,23.9,22.8,186502,4429832.15,01-APR-2021,976,INE0AEJ01013,
BKMINDST,EQ,0.9,0.9,0.8,0.9,0.9,0.85,64409,57146.3,01-APR-2021,80,INE831Q01016,
BLBLIMITED,BE,6.1,6.45,6.1,6.35,6.2,6.35,8412,53070.4,01-APR-2021,25,INE791A01024,
BLISSGVS,EQ,99.95,102.8,99.0,100.85,101.2,98.55,252159,25417406.6,01-APR-2021,2783,INE416D01022,
BLKASHYAP,BE,19.1,19.4,18.25,19.4,19.4,18.5,134907,2588945.05,01-APR-2021,176,INE350H01032,
BLS,EQ,92.5,97.8,92.5,96.9,97.8,92.2,72712,6958836.6,01-APR-2021,1132,INE153T01027,
BLUECHIP,BE,0.15,0.15,0.15,0.15,0.15,0.15,3043,456.45,01-APR-2021,4,INE657B01025,
BLUEDART,EQ,5668.0,5672.25,5520.0,5591.2,5587.0,5574.35,22489,125507958.45,01-APR-2021,3897,INE233B01017,
BLUESTARCO,EQ,945.0,959.0,917.0,922.85,921.0,934.2,156932,146485353.1,01-APR-2021,12254,INE472A01039,
BODALCHEM,EQ,90.85,94.8,90.85,93.8,93.85,90.1,1031508,96063760.9,01-APR-2021,9883,INE338D01028,
BOMDYEING,EQ,70.7,73.5,70.6,73.35,73.45,70.2,2408721,174827931.85,01-APR-2021,11661,INE032A01023,
BOROLTD,EQ,171.7,173.1,168.0,169.7,168.35,168.85,61517,10535779.4,01-APR-2021,3605,INE02PY01013,
BORORENEW,EQ,252.2,252.2,244.1,249.5,249.45,246.2,200687,49908808.5,01-APR-2021,3175,INE666D01022,
BOSCHLTD,EQ,14244.95,14404.95,14033.15,14178.9,14300.0,14088.4,56398,801754925.05,01-APR-2021,14313,INE323A01026,
BPCL,EQ,430.6,439.95,428.05,437.4,438.0,427.95,4578197,1982924996.2,01-APR-2021,55099,INE029A01011,
BPL,EQ,22.75,23.85,22.75,23.85,23.85,22.75,65625,1552332.5,01-APR-2021,453,INE110A01019,
BRFL,EQ,6.65,7.05,6.65,7.05,7.05,6.75,241319,1689262.9,01-APR-2021,8690,INE589G01011,
BRIGADE,EQ,281.0,281.0,262.1,267.35,265.1,277.85,561864,150547239.05,01-APR-2021,22054,INE791I01019,
BRITANNIA,EQ,3635.0,3670.0,3610.25,3618.5,3619.1,3625.05,460658,1675399995.15,01-APR-2021,29858,INE216A01030,
BRNL,EQ,28.5,29.6,28.5,29.2,29.4,28.65,39136,1141845.4,01-APR-2021,325,INE727S01012,
BROOKS,EQ,62.2,63.0,59.3,60.25,60.15,61.3,61198,3760332.95,01-APR-2021,531,INE650L01011,
BSE,EQ,572.0,587.95,568.0,583.55,583.0,571.1,207585,120263734.85,01-APR-2021,6345,INE118H01025,
BSELINFRA,EQ,0.95,0.95,0.95,0.95,0.95,1.0,10136,9629.2,01-APR-2021,16,INE395A01016,
BSHSL,BE,136.0,140.0,136.0,139.9,139.9,139.9,400,55778.8,01-APR-2021,10,INE032Z01012,
BSL,EQ,33.8,34.95,31.0,34.2,34.7,32.8,11205,377179.5,01-APR-2021,205,INE594B01012,
BSLGOLDETF,EQ,4108.85,4189.0,4083.15,4128.45,4123.5,4046.65,518,2133786.6,01-APR-2021,111,INF209K01HT2,
BSLNIFTY,EQ,180.0,180.0,159.3,163.93,163.93,163.0,486,79374.58,01-APR-2021,53,INF209K01IR4,
BSOFT,EQ,253.25,268.5,253.25,262.15,262.8,253.05,3776867,993399225.9,01-APR-2021,58571,INE836A01035,
BURGERKING,EQ,129.05,132.4,129.05,131.1,130.95,128.55,1457462,191243840.3,01-APR-2021,20725,INE07T201019,
BURNPUR,BE,2.2,2.2,2.0,2.15,2.2,2.1,28221,61197.1,01-APR-2021,45,INE817H01014,
BUTTERFLY,EQ,560.0,568.05,547.0,550.5,551.0,555.55,66349,37089359.2,01-APR-2021,9666,INE295F01017,
BVCL,BE,18.3,18.3,18.0,18.1,18.3,17.5,63,1149.6,01-APR-2021,9,INE139I01011,
BYKE,EQ,18.35,19.2,18.35,18.85,18.6,18.45,58025,1079030.45,01-APR-2021,205,INE319B01014,
CADILAHC,EQ,445.0,447.15,440.45,441.8,442.0,440.9,1269615,562092508.75,01-APR-2021,21977,INE010B01027,
CALSOFT,EQ,8.85,8.85,8.6,8.8,8.85,8.45,29506,257844.35,01-APR-2021,54,INE526B01014,
CAMLINFINE,EQ,143.85,143.85,136.5,139.7,139.9,140.45,210573,29857221.2,01-APR-2021,3633,INE052I01032,
CAMS,EQ,1865.0,1867.9,1828.0,1836.5,1831.1,1846.4,34863,64568628.95,01-APR-2021,3654,INE596I01012,
CANBK,EQ,154.4,157.4,150.6,156.35,156.3,152.2,18668358,2868361072.65,01-APR-2021,71219,INE476A01014,
CANFINHOME,EQ,617.0,619.9,602.55,611.45,610.0,613.75,330083,201034056.9,01-APR-2021,16998,INE477A01020,
CANTABIL,EQ,383.75,384.8,375.45,379.1,381.8,378.1,123925,47358248.2,01-APR-2021,4880,INE068L01016,
CAPACITE,EQ,202.8,209.9,201.65,203.35,204.4,201.75,81488,16775068.6,01-APR-2021,1623,INE264T01014,
CAPLIPOINT,EQ,407.45,464.0,407.35,452.35,454.0,403.45,1100784,496976390.1,01-APR-2021,39849,INE475E01026,
CAPTRUST,BE,98.0,98.0,91.25,97.05,97.0,94.55,10156,952561.7,01-APR-2021,148,INE707C01018,
CARBORUNIV,EQ,516.4,519.0,504.1,506.7,509.3,509.5,160647,82014762.45,01-APR-2021,9685,INE120A01034,
CAREERP,EQ,131.9,143.15,130.6,139.8,140.4,130.45,58400,8118393.9,01-APR-2021,1246,INE521J01018,
CARERATING,EQ,416.5,432.5,416.45,430.6,431.0,411.0,176906,75714701.65,01-APR-2021,11295,INE752H01013,
CASTEXTECH,BE,0.3,0.35,0.25,0.35,0.35,0.3,6569,1842.4,01-APR-2021,19,INE068D01021,
CASTROLIND,EQ,125.4,126.4,124.0,124.8,124.95,125.3,889567,111090006.05,01-APR-2021,11006,INE172A01027,
CCHHL,EQ,4.2,4.5,3.9,4.45,4.5,4.1,63422,265854.85,01-APR-2021,131,INE652F01027,
CCL,EQ,235.0,239.0,229.1,230.55,230.0,233.95,223811,52077859.7,01-APR-2021,11931,INE421D01022,
CDSL,EQ,661.05,671.7,652.1,655.65,656.0,656.05,712734,472011592.8,01-APR-2021,34165,INE736A01011,
CEATLTD,EQ,1566.0,1609.0,1552.0,1595.8,1595.0,1556.55,259451,410253938.95,01-APR-2021,12053,INE482A01020,
CEBBCO,BE,15.6,15.6,15.0,15.3,15.3,15.3,35761,546819.3,01-APR-2021,67,INE209L01016,
CELEBRITY,BE,5.7,5.85,5.65,5.85,5.85,5.6,6383,37117.55,01-APR-2021,38,INE185H01016,
CENTENKA,EQ,255.8,259.8,254.45,257.9,258.8,253.5,18048,4656807.4,01-APR-2021,611,INE485A01015,
CENTEXT,EQ,4.25,4.6,4.25,4.55,4.55,4.25,183897,819563.7,01-APR-2021,235,INE281A01026,
CENTRALBK,EQ,16.95,17.1,16.6,17.1,17.1,16.3,8637139,147215427.0,01-APR-2021,10427,INE483A01010,
CENTRUM,EQ,28.4,29.0,28.15,28.35,28.35,28.15,4752682,135764661.55,01-APR-2021,6021,INE660C01027,
CENTUM,EQ,383.1,388.0,374.65,378.35,376.4,377.85,6028,2293800.15,01-APR-2021,419,INE320B01020,
CENTURYPLY,EQ,322.0,323.25,315.25,318.25,317.3,318.25,137016,43766304.25,01-APR-2021,4839,INE348B01021,
CENTURYTEX,EQ,467.0,470.9,455.55,458.9,458.9,465.05,498618,229801345.4,01-APR-2021,14617,INE055A01016,
CERA,EQ,3922.0,4025.0,3815.25,3867.45,3857.0,3907.3,5685,22217328.8,01-APR-2021,1733,INE739E01017,
CEREBRAINT,EQ,51.9,53.25,51.05,52.9,52.6,51.85,295495,15501844.85,01-APR-2021,1508,INE345B01019,
CESC,EQ,599.9,610.0,595.0,605.55,605.0,593.55,149710,90624121.0,01-APR-2021,6283,INE486A01013,
CGCL,EQ,381.5,396.0,380.4,394.1,393.4,379.55,92450,36022194.45,01-APR-2021,4037,INE180C01026,
CGPOWER,EQ,68.15,69.6,66.75,68.75,68.6,66.9,2339008,160107895.35,01-APR-2021,7529,INE067A01029,
CHALET,EQ,148.5,155.0,147.3,152.7,153.5,146.3,175959,26721807.15,01-APR-2021,2632,INE427F01016,
CHAMBLFERT,EQ,229.8,233.55,226.35,230.35,229.15,229.05,461695,106776348.35,01-APR-2021,9390,INE085A01013,
CHEMBOND,EQ,193.65,193.9,188.0,191.35,190.3,189.5,32948,6275990.6,01-APR-2021,494,INE995D01025,
CHEMCON,EQ,410.4,415.55,408.75,413.6,415.5,407.55,90444,37367455.75,01-APR-2021,3163,INE03YM01018,
CHEMFAB,EQ,129.0,137.0,127.65,130.9,131.5,126.45,8378,1099208.0,01-APR-2021,186,INE783X01023,
CHENNPETRO,EQ,100.9,103.5,99.4,103.05,102.7,100.15,445355,45359563.4,01-APR-2021,4842,INE178A01016,
CHOLAFIN,EQ,566.0,568.9,549.6,562.5,561.2,558.8,4461159,2496669337.0,01-APR-2021,72528,INE121A01024,
CHOLAHLDNG,EQ,593.8,606.05,590.1,600.85,598.0,599.2,24420,14627474.4,01-APR-2021,2718,INE149A01033,
CIGNITITEC,EQ,315.9,347.0,315.25,343.9,344.0,315.0,128107,43011301.65,01-APR-2021,2582,INE675C01017,
CINELINE,EQ,32.0,33.0,31.5,32.55,32.65,31.4,34501,1110533.9,01-APR-2021,358,INE704H01022,
CINEVISTA,EQ,6.2,6.5,6.0,6.3,6.3,5.95,15390,95790.9,01-APR-2021,49,INE039B01026,
CIPLA,EQ,819.5,824.0,811.6,818.3,818.0,815.1,1910949,1563771915.3,01-APR-2021,39715,INE059A01026,
CLEDUCATE,EQ,94.75,96.05,92.15,96.05,96.05,91.5,25546,2440073.15,01-APR-2021,386,INE201M01011,
CLNINDIA,EQ,374.95,384.0,374.95,382.65,383.35,371.65,32790,12477506.45,01-APR-2021,2099,INE492A01029,
CMICABLES,BE,41.95,44.25,41.85,44.25,44.25,42.15,33475,1429317.45,01-APR-2021,94,INE981B01011,
CNOVAPETRO,BE,14.5,15.95,14.5,15.95,15.95,15.2,2213,33866.85,01-APR-2021,19,INE672K01025,
COALINDIA,EQ,131.45,132.4,130.6,132.15,132.2,130.35,6226087,818972855.25,01-APR-2021,39462,INE522F01014,
COCHINSHIP,EQ,374.5,381.0,373.0,378.45,376.6,374.3,113211,42673046.55,01-APR-2021,3913,INE704P01017,
COFORGE,EQ,2936.0,3070.8,2888.15,2933.45,2924.0,2926.95,832101,2477797292.2,01-APR-2021,49429,INE591G01017,
COLPAL,EQ,1555.35,1578.0,1555.35,1562.95,1560.7,1559.35,228430,358163425.5,01-APR-2021,14907,INE259A01022,
COMPINFO,EQ,18.9,19.3,18.35,18.5,18.5,18.45,134529,2509000.25,01-APR-2021,571,INE070C01037,
COMPUSOFT,EQ,9.2,9.2,8.7,8.8,8.75,8.85,31969,281320.75,01-APR-2021,133,INE453B01029,
CONCOR,EQ,605.0,606.0,593.35,598.6,597.0,598.0,2350611,1407917442.15,01-APR-2021,38341,INE111A01025,
CONFIPET,EQ,45.1,45.65,44.75,45.1,45.1,44.6,355287,16043994.35,01-APR-2021,2030,INE552D01024,
CONSOFINVT,EQ,58.85,58.9,57.15,58.35,58.55,57.15,3717,215060.35,01-APR-2021,44,INE025A01027,
CONTROLPR,EQ,244.25,252.0,243.65,247.25,246.0,241.4,7377,1826491.0,01-APR-2021,374,INE663B01015,
CORALFINAC,EQ,21.45,22.45,21.2,22.25,22.45,21.45,9897,217264.85,01-APR-2021,96,INE558D01021,
CORDSCABLE,EQ,39.1,41.4,39.1,41.1,41.1,39.5,25456,1037830.8,01-APR-2021,352,INE792I01017,
COROMANDEL,EQ,774.55,774.9,746.25,748.9,748.7,774.55,600863,453038409.0,01-APR-2021,25435,INE169A01031,
COSMOFILMS,EQ,621.0,642.0,621.0,636.9,635.2,620.3,61908,39266676.0,01-APR-2021,2599,INE757A01017,
COUNCODOS,BE,2.1,2.1,2.05,2.1,2.1,2.0,48453,101691.85,01-APR-2021,91,INE695B01025,
CPSEETF,EQ,22.66,23.04,22.61,22.89,22.88,22.66,1267001,28952661.31,01-APR-2021,5383,INF457M01133,
CRAFTSMAN,EQ,1425.1,1476.0,1425.1,1449.05,1447.5,1419.45,67232,97806062.05,01-APR-2021,6932,INE00LO01017,
CREATIVE,EQ,105.75,105.75,102.65,103.3,103.0,103.75,13352,1387463.6,01-APR-2021,99,INE985W01018,
CREDITACC,EQ,668.0,678.55,660.0,666.9,666.05,670.75,46538,31009605.05,01-APR-2021,3709,INE741K01010,
CREST,EQ,84.05,85.85,82.65,84.1,85.65,84.7,3142,264962.5,01-APR-2021,123,INE559D01011,
CRISIL,EQ,1848.7,1869.85,1781.3,1788.95,1800.0,1839.0,63031,113481993.15,01-APR-2021,6140,INE007A01025,
CROMPTON,EQ,391.0,399.0,383.45,393.25,394.0,392.5,1317098,513516750.45,01-APR-2021,33736,INE299U01018,
CSBBANK,EQ,234.2,244.9,233.0,236.2,238.0,232.9,311232,73398407.3,01-APR-2021,7159,INE679A01013,
CTE,EQ,26.4,26.4,25.4,25.55,25.4,25.55,15303,393429.2,01-APR-2021,148,INE627H01017,
CUB,EQ,156.45,161.95,156.45,161.1,161.3,155.95,1502566,239225630.0,01-APR-2021,15143,INE491A01021,
CUBEXTUB,EQ,17.45,17.75,16.65,17.75,17.75,16.95,6819,119432.95,01-APR-2021,38,INE144D01012,
CUMMINSIND,EQ,929.5,934.25,888.2,895.35,894.9,919.65,1546599,1397086861.1,01-APR-2021,40976,INE298A01020,
CUPID,EQ,210.1,216.6,210.1,213.9,214.9,209.9,39522,8459004.9,01-APR-2021,1547,INE509F01011,
CYBERMEDIA,BE,9.7,9.7,9.3,9.45,9.5,9.25,16681,159895.1,01-APR-2021,57,INE278G01037,
CYBERTECH,EQ,122.7,126.0,122.5,124.8,124.8,120.75,107125,13286379.6,01-APR-2021,1271,INE214A01019,
CYIENT,EQ,652.05,678.8,652.05,665.65,665.55,647.45,496762,332045646.75,01-APR-2021,30693,INE136B01020,
DAAWAT,EQ,58.8,62.9,58.3,62.25,62.4,58.5,3722852,228263543.1,01-APR-2021,16486,INE818H01020,
DABUR,EQ,540.45,543.95,536.8,538.65,538.0,540.5,823482,445016868.35,01-APR-2021,19614,INE016A01026,
DALALSTCOM,BE,1.2,1.2,1.2,1.2,1.2,1.15,2751,3301.2,01-APR-2021,7,INE055C01020,
DALBHARAT,EQ,1598.0,1599.9,1550.0,1560.35,1557.0,1589.0,192213,300614971.65,01-APR-2021,14784,INE00R701025,
DALMIASUG,EQ,188.95,189.0,182.6,184.3,184.8,186.7,117193,21668685.05,01-APR-2021,2554,INE495A01022,
DAMODARIND,EQ,24.3,25.0,23.1,24.2,24.0,23.9,18224,441551.1,01-APR-2021,163,INE497D01022,
DANGEE,EQ,130.0,132.45,129.45,130.45,131.0,129.45,22302,2904265.05,01-APR-2021,73,INE688Y01014,
DATAMATICS,EQ,116.0,123.35,116.0,122.55,122.0,115.35,300901,36364419.1,01-APR-2021,4047,INE365B01017,
DBCORP,EQ,90.3,92.35,89.9,91.5,91.15,89.85,149266,13600218.5,01-APR-2021,2264,INE950I01011,
DBL,EQ,582.9,603.95,580.0,595.0,591.4,580.0,168401,99541217.65,01-APR-2021,5746,INE917M01012,
DBREALTY,BE,24.2,25.4,24.2,24.55,24.25,24.2,411916,10308647.0,01-APR-2021,697,INE879I01012,
DBSTOCKBRO,EQ,8.95,8.95,8.4,8.75,8.55,8.55,2907,25337.15,01-APR-2021,18,INE921B01025,
DCAL,EQ,109.25,115.0,109.25,113.45,113.2,109.0,422710,47671164.8,01-APR-2021,8048,INE385W01011,
DCBBANK,EQ,103.9,105.2,103.0,104.35,104.3,102.6,1047396,108985337.65,01-APR-2021,7113,INE503A01015,
DCM,EQ,24.9,25.0,24.2,24.45,24.85,24.15,13861,342763.2,01-APR-2021,140,INE498A01018,
DCMNVL,BE,86.0,88.8,85.05,86.55,86.6,84.95,10773,937712.1,01-APR-2021,83,INE08KP01019,
DCMSHRIRAM,EQ,503.7,523.7,503.7,517.6,521.0,501.15,54432,27962715.8,01-APR-2021,2621,INE499A01024,
DCW,EQ,26.25,28.7,26.25,28.15,28.25,26.2,1356051,37465943.5,01-APR-2021,2750,INE500A01029,
DECCANCE,EQ,421.85,429.0,415.85,423.7,427.9,414.7,35713,15091140.7,01-APR-2021,1729,INE583C01021,
DEEPAKFERT,EQ,228.9,236.0,228.3,234.55,234.0,226.6,424800,98705215.9,01-APR-2021,8272,INE501A01019,
DEEPAKNTR,EQ,1675.0,1693.7,1635.95,1646.75,1656.1,1656.5,1007936,1679816518.85,01-APR-2021,43919,INE288B01029,
DEEPENR,EQ,35.25,36.0,34.05,35.5,35.9,33.75,20683,722835.75,01-APR-2021,257,INE677H01012,
DELTACORP,EQ,163.9,170.5,163.0,169.05,168.5,162.15,3106714,521862332.6,01-APR-2021,27502,INE124G01033,
DELTAMAGNT,EQ,30.65,31.9,30.6,31.45,30.75,31.5,1407,43593.2,01-APR-2021,92,INE393A01011,
DEN,EQ,49.6,49.75,49.0,49.2,49.25,49.25,4848933,239065991.35,01-APR-2021,21204,INE947J01015,
DENORA,EQ,251.5,257.15,248.7,254.1,253.95,251.15,2413,614433.75,01-APR-2021,123,INE244A01016,
DFMFOODS,EQ,374.6,374.6,359.7,361.6,361.95,364.15,60260,22047126.3,01-APR-2021,1920,INE456C01020,
DGCONTENT,EQ,7.45,7.45,6.95,7.45,7.45,7.1,7119,52887.75,01-APR-2021,33,INE03JI01017,
DHAMPURSUG,EQ,184.55,188.6,184.3,185.6,185.0,182.7,355273,66053464.5,01-APR-2021,5765,INE041A01016,
DHANBANK,EQ,15.0,16.0,14.55,15.55,15.35,14.8,5162115,78932338.5,01-APR-2021,4922,INE680A01011,
DHANI,EQ,163.95,184.9,155.1,172.35,171.8,168.1,10872520,1871054237.85,01-APR-2021,81918,INE274G01010,
DHANUKA,EQ,695.95,722.4,690.0,717.15,716.0,689.7,90080,63512255.85,01-APR-2021,5120,INE435G01025,
DHARSUGAR,EQ,6.3,6.45,6.2,6.4,6.35,6.5,27165,172148.85,01-APR-2021,111,INE988C01014,
DHFL,EQ,15.65,16.4,15.65,16.3,16.4,15.65,1792802,29107898.05,01-APR-2021,4327,INE202B01012,
DHUNINV,EQ,277.4,279.75,270.1,272.05,271.05,266.15,1530,421033.2,01-APR-2021,250,INE320L01011,
DIAMONDYD,EQ,590.0,611.0,589.1,593.95,590.0,589.4,5597,3340894.5,01-APR-2021,512,INE393P01035,
DICIND,EQ,394.35,398.9,391.45,394.9,395.0,392.65,3274,1292793.9,01-APR-2021,112,INE303A01010,
DIGISPICE,BE,48.1,48.1,48.1,48.1,48.1,50.6,20950,1007695.0,01-APR-2021,230,INE927C01020,
DISHTV,EQ,9.25,10.9,9.25,10.3,10.3,9.25,27526503,271927838.55,01-APR-2021,14704,INE836F01026,
DIVISLAB,EQ,3618.0,3639.0,3603.0,3616.1,3610.0,3622.8,247000,894219348.05,01-APR-2021,20283,INE361B01024,
DIXON,EQ,3702.45,3720.0,3571.5,3588.05,3590.0,3672.15,374644,1356807344.8,01-APR-2021,67253,INE935N01020,
DLF,EQ,288.1,293.6,283.5,291.8,292.0,287.05,7372090,2120800106.5,01-APR-2021,49557,INE271C01023,
DLINKINDIA,EQ,106.4,108.0,104.1,106.15,106.1,105.25,178196,18827159.35,01-APR-2021,3031,INE250K01012,
DMART,EQ,2885.0,2925.0,2855.5,2912.7,2910.0,2859.05,416624,1206455424.3,01-APR-2021,36076,INE192R01011,
DNAMEDIA,EQ,0.7,0.75,0.65,0.75,0.75,0.7,61029,43473.3,01-APR-2021,71,INE016M01021,
DOLAT,EQ,70.25,71.8,69.0,70.65,70.0,69.8,310775,22030628.35,01-APR-2021,2462,INE966A01022,
DOLLAR,EQ,232.7,236.55,227.95,234.95,235.0,230.45,138439,32310031.15,01-APR-2021,2198,INE325C01035,
DONEAR,EQ,30.5,31.7,30.25,31.2,31.3,29.8,36833,1147914.85,01-APR-2021,331,INE668D01028,
DPABHUSHAN,EQ,118.1,122.0,118.0,121.15,121.9,117.5,2652,320365.6,01-APR-2021,42,INE266Y01019,
DPSCLTD,EQ,11.85,12.75,11.75,12.45,12.1,11.65,28319,348962.25,01-APR-2021,165,INE360C01024,
DPWIRES,EQ,108.65,109.0,103.3,105.8,107.7,107.25,2077,221325.95,01-APR-2021,95,INE864X01013,
DRCSYSTEMS,EQ,307.25,307.25,307.25,307.25,307.25,292.65,4156,1276931.0,01-APR-2021,60,INE03RS01019,
DREDGECORP,EQ,373.65,391.2,373.0,383.4,382.95,370.75,311210,119271537.25,01-APR-2021,10959,INE506A01018,
DRREDDY,EQ,4550.0,4594.95,4522.05,4587.65,4585.05,4516.0,647640,2956107711.35,01-APR-2021,52621,INE089A01023,
DSSL,EQ,75.95,76.4,71.5,72.6,72.7,74.9,51060,3704615.85,01-APR-2021,717,INE417B01040,
DTIL,EQ,264.65,264.65,257.2,259.4,259.05,258.0,2008,520942.0,01-APR-2021,125,INE341R01014,
DUCON,EQ,6.2,6.25,5.7,5.95,6.05,6.0,157439,926431.25,01-APR-2021,335,INE741L01018,
DVL,EQ,101.0,101.4,97.1,98.5,99.0,98.6,30478,3017771.8,01-APR-2021,521,INE477B01010,
DWARKESH,EQ,31.7,31.9,31.05,31.6,31.75,30.8,1061538,33385668.3,01-APR-2021,5149,INE366A01041,
DYNAMATECH,EQ,945.5,1111.0,945.5,1054.75,1059.0,947.5,74856,79832689.45,01-APR-2021,8005,INE221B01012,
DYNPRO,EQ,523.1,537.7,504.0,509.05,513.0,521.05,53802,27912937.0,01-APR-2021,3010,INE256H01015,
EASEMYTRIP,EQ,210.05,216.6,206.35,214.0,213.9,207.1,2334164,494898773.2,01-APR-2021,25532,INE07O001018,
EASTSILK,BE,1.55,1.55,1.55,1.55,1.55,1.5,5650,8757.5,01-APR-2021,9,INE962C01027,
EBBETF0423,EQ,1115.57,1116.9,1115.55,1116.43,1116.0,1114.0,2510,2801850.73,01-APR-2021,71,INF754K01KN4,
EBBETF0425,EQ,1030.5,1034.0,1030.25,1033.99,1034.0,1035.98,11812,12198448.01,01-APR-2021,61,INF754K01LD3,
EBBETF0430,EQ,1135.0,1137.0,1134.0,1136.75,1137.0,1131.19,27765,31555462.98,01-APR-2021,103,INF754K01KO2,
EBBETF0431,EQ,1017.24,1022.99,1017.24,1021.55,1022.99,1020.08,3511,3584876.44,01-APR-2021,146,INF754K01LE1,
EBIXFOREX,EQ,495.0,495.0,473.0,475.5,473.0,477.65,1548,742539.05,01-APR-2021,125,INE726L01019,
ECLERX,EQ,1119.0,1130.0,1099.95,1108.4,1100.0,1103.0,54768,61158066.4,01-APR-2021,4858,INE738I01010,
EDELWEISS,EQ,63.15,66.45,63.1,66.45,66.45,63.3,4024006,263503804.65,01-APR-2021,17248,INE532F01054,
EICHERMOT,EQ,2610.8,2649.0,2588.85,2631.15,2617.0,2603.95,744423,1949164716.05,01-APR-2021,50361,INE066A01021,
EIDPARRY,EQ,320.0,326.5,319.6,324.35,325.25,318.35,131061,42351584.8,01-APR-2021,5128,INE126A01031,
EIHAHOTELS,EQ,236.5,243.0,235.35,240.65,240.0,234.45,3646,874490.45,01-APR-2021,241,INE276C01014,
EIHOTEL,EQ,93.2,97.4,93.2,95.5,95.9,92.95,456500,43736512.9,01-APR-2021,6936,INE230A01023,
EIMCOELECO,EQ,335.5,349.15,327.65,339.95,349.0,335.15,1124,381832.2,01-APR-2021,167,INE158B01016,
EKC,EQ,80.5,84.0,80.3,81.65,81.4,78.3,883742,72429015.6,01-APR-2021,9869,INE184H01027,
ELECON,EQ,64.9,67.95,63.65,67.55,67.35,63.5,482957,32034293.0,01-APR-2021,3964,INE205B01023,
ELECTCAST,EQ,24.8,25.9,24.8,25.7,25.75,25.0,1681023,42356094.75,01-APR-2021,4054,INE086A01029,
ELECTHERM,EQ,112.55,117.1,110.95,112.95,112.5,112.35,39676,4473541.15,01-APR-2021,422,INE822G01016,
ELGIEQUIP,EQ,190.2,198.75,189.35,197.2,196.0,190.75,106111,20684603.45,01-APR-2021,4288,INE285A01027,
ELGIRUBCO,EQ,26.7,27.55,26.55,27.2,27.2,26.6,18445,499548.05,01-APR-2021,120,INE819L01012,
EMAMILTD,EQ,482.0,493.8,480.45,488.05,489.95,486.0,828339,402340618.05,01-APR-2021,17831,INE548C01032,
EMAMIPAP,EQ,127.2,127.8,122.2,125.7,125.0,123.9,38156,4752367.55,01-APR-2021,774,INE830C01026,
EMAMIREAL,EQ,39.7,41.65,39.5,41.65,41.65,39.7,17223,695913.15,01-APR-2021,196,INE778K01012,
EMKAY,EQ,64.2,69.85,64.2,68.25,68.75,64.95,24296,1651195.0,01-APR-2021,541,INE296H01011,
EMMBI,EQ,84.5,85.7,82.9,84.4,84.0,83.8,40136,3377829.55,01-APR-2021,764,INE753K01015,
ENDURANCE,EQ,1452.35,1465.1,1425.3,1440.75,1437.0,1456.15,68246,98153209.7,01-APR-2021,6590,INE913H01037,
ENERGYDEV,BE,8.85,9.1,8.55,9.0,9.0,8.8,17996,157026.55,01-APR-2021,76,INE306C01019,
ENGINERSIN,EQ,77.6,79.0,77.1,78.4,78.55,77.0,1633313,127621409.1,01-APR-2021,12035,INE510A01028,
ENIL,EQ,145.6,149.3,145.2,146.5,147.5,145.2,58396,8619071.8,01-APR-2021,825,INE265F01028,
EPL,EQ,236.0,243.85,233.0,235.15,238.0,236.2,2116025,507359378.1,01-APR-2021,21473,INE255A01020,
EQ30,EQ,411.0,432.12,411.0,432.0,432.0,416.0,73,31085.85,01-APR-2021,17,INF754K01EM9,
EQUITAS,EQ,87.25,89.25,87.2,87.8,87.8,87.25,899852,79305820.85,01-APR-2021,9072,INE988K01017,
EQUITASBNK,EQ,60.1,62.5,59.7,61.85,62.0,60.25,3561203,214777990.5,01-APR-2021,4772,INE063P01018,
ERIS,EQ,620.55,634.0,600.0,604.3,603.85,605.0,267662,165193776.95,01-APR-2021,12839,INE406M01024,
EROSMEDIA,EQ,24.75,25.9,24.65,25.45,25.25,25.05,167977,4290331.7,01-APR-2021,558,INE416L01017,
ESABINDIA,EQ,1798.7,1839.0,1798.7,1830.8,1824.0,1789.75,3619,6590393.7,01-APR-2021,547,INE284A01012,
ESCORTS,EQ,1310.0,1316.9,1263.3,1274.05,1273.1,1287.8,1597734,2045555855.6,01-APR-2021,59466,INE042A01014,
ESSARSHPNG,EQ,7.75,8.25,7.75,8.15,8.15,7.75,119034,960528.65,01-APR-2021,402,INE122M01019,
ESTER,EQ,118.7,121.5,117.4,119.3,119.55,116.75,164954,19779501.7,01-APR-2021,2450,INE778B01029,
EUROTEXIND,EQ,7.8,7.8,7.8,7.8,7.8,8.2,256,1996.8,01-APR-2021,4,INE022C01012,
EVEREADY,EQ,271.0,278.5,270.0,275.8,276.85,270.0,203383,56048798.9,01-APR-2021,5670,INE128A01029,
EVERESTIND,EQ,287.0,299.5,287.0,292.45,291.45,286.6,21517,6308125.95,01-APR-2021,693,INE295A01018,
EXCEL,EQ,2.35,2.45,2.3,2.45,2.45,2.35,40122,96528.55,01-APR-2021,93,INE688J01015,
EXCELINDUS,EQ,847.8,857.0,845.3,850.8,855.0,843.55,6038,5141023.7,01-APR-2021,718,INE369A01029,
EXIDEIND,EQ,185.25,186.3,184.1,185.8,186.25,183.6,2010308,372839809.9,01-APR-2021,20916,INE302A01020,
EXPLEOSOL,EQ,540.0,555.0,526.05,546.45,546.0,526.85,38463,20930592.05,01-APR-2021,2104,INE201K01015,
FACT,EQ,109.75,114.4,109.75,112.25,112.0,109.65,229234,25629858.45,01-APR-2021,2724,INE188A01015,
FAIRCHEMOR,EQ,760.0,767.6,735.0,747.65,751.65,749.4,13121,9907046.6,01-APR-2021,981,INE0DNW01011,
FCL,EQ,66.7,68.5,65.55,67.2,67.25,65.8,535746,36005162.8,01-APR-2021,3692,INE045J01026,
FCONSUMER,EQ,6.2,6.6,6.1,6.6,6.6,6.0,4963091,32162536.9,01-APR-2021,3227,INE220J01025,
FCSSOFT,BE,0.65,0.7,0.65,0.7,0.7,0.65,877674,604004.4,01-APR-2021,604,INE512B01022,
FDC,EQ,286.1,291.95,286.1,287.8,287.75,285.9,177323,51298143.15,01-APR-2021,2411,INE258B01022,
FEDERALBNK,EQ,76.45,79.5,76.3,78.85,78.95,75.8,17948568,1395907540.6,01-APR-2021,42597,INE171A01029,
FEL,EQ,8.05,8.7,8.05,8.7,8.7,7.95,490392,4186470.2,01-APR-2021,5997,INE623B01027,
FELDVR,EQ,10.45,10.8,10.25,10.8,10.8,10.3,25109,269128.7,01-APR-2021,97,IN9623B01058,
FIEMIND,EQ,560.5,585.0,557.65,573.35,568.0,556.05,13110,7482657.75,01-APR-2021,976,INE737H01014,
FILATEX,EQ,67.0,71.25,66.95,69.9,70.0,66.8,929103,64658280.15,01-APR-2021,4519,INE816B01027,
FINCABLES,EQ,381.5,391.95,381.5,388.75,388.8,380.95,65348,25281716.35,01-APR-2021,3039,INE235A01022,
FINEORG,EQ,2295.0,2306.1,2272.05,2290.25,2289.0,2283.85,25554,58577859.3,01-APR-2021,5126,INE686Y01026,
FINPIPE,EQ,648.25,659.0,648.0,654.7,655.6,636.0,274459,179651407.3,01-APR-2021,11682,INE183A01016,
FLEXITUFF,BE,20.95,21.0,19.2,19.45,19.35,20.15,13327,260847.3,01-APR-2021,28,INE060J01017,
FLFL,EQ,46.7,51.3,46.5,51.3,51.3,48.9,353258,17181217.85,01-APR-2021,1757,INE452O01016,
FLUOROCHEM,EQ,575.2,616.0,575.0,610.65,610.0,575.15,75478,45735991.0,01-APR-2021,2672,INE09N301011,
FMGOETZE,EQ,281.35,289.45,281.35,288.45,287.0,281.1,3956,1130432.1,01-APR-2021,146,INE529A01010,
FMNL,EQ,12.25,12.5,11.55,12.5,12.5,11.95,109206,1309877.8,01-APR-2021,181,INE360L01017,
FORCEMOT,EQ,1174.0,1220.0,1174.0,1197.65,1202.0,1169.75,16496,19747651.9,01-APR-2021,1863,INE451A01017,
FORTIS,EQ,201.0,203.8,198.15,202.25,201.55,199.15,1650936,331400182.75,01-APR-2021,15044,INE061F01013,
FOSECOIND,EQ,1148.85,1205.0,1147.6,1195.75,1199.0,1143.1,2819,3287738.45,01-APR-2021,1080,INE519A01011,
FRETAIL,EQ,41.45,44.75,40.55,44.75,44.75,42.65,4458582,190762299.35,01-APR-2021,15440,INE752P01024,
FSC,EQ,60.65,66.35,60.05,66.35,66.35,63.2,96474,6090543.55,01-APR-2021,954,INE935Q01015,
FSL,EQ,114.3,120.9,114.3,118.1,118.45,113.9,8467620,1002122557.85,01-APR-2021,58440,INE684F01012,
G5,EQ,47.44,47.47,47.31,47.44,47.45,47.17,224,10617.48,01-APR-2021,20,INF247L01AK4,
GABRIEL,EQ,103.95,104.1,102.75,103.1,103.15,103.15,488776,50405870.35,01-APR-2021,3147,INE524A01029,
GAEL,EQ,128.4,137.9,128.4,135.2,135.4,127.85,407247,54318859.7,01-APR-2021,5053,INE036B01030,
GAIL,EQ,136.25,140.95,135.2,140.15,140.25,135.5,18828032,2600109912.5,01-APR-2021,69653,INE129A01019,
GAL,EQ,1.95,1.95,1.9,1.95,1.95,1.9,59330,115616.05,01-APR-2021,74,INE482J01021,
GALAXYSURF,EQ,2560.2,2605.75,2530.0,2546.35,2540.0,2546.75,23403,59976242.45,01-APR-2021,3757,INE600K01018,
GALLANTT,EQ,43.05,47.0,42.8,46.55,46.85,43.6,37983,1745492.65,01-APR-2021,488,INE297H01019,
GALLISPAT,EQ,37.45,40.75,36.65,39.85,39.65,36.55,78707,3094453.1,01-APR-2021,558,INE528K01029,
GAMMNINFRA,EQ,0.7,0.75,0.7,0.75,0.75,0.7,817607,587965.65,01-APR-2021,13317,INE181G01025,
GANDHITUBE,EQ,284.0,284.0,265.3,274.55,275.0,270.3,6598,1802362.75,01-APR-2021,260,INE524B01027,
GANECOS,EQ,590.4,600.75,582.0,590.8,592.0,589.55,22258,13175597.2,01-APR-2021,769,INE845D01014,
GANESHHOUC,EQ,57.9,58.4,57.9,58.4,58.4,55.65,14555,848952.0,01-APR-2021,62,INE460C01014,
GANGESSECU,EQ,63.0,63.0,60.05,60.25,60.1,59.0,1812,109807.6,01-APR-2021,42,INE335W01016,
GARFIBRES,EQ,2597.9,2627.5,2584.05,2616.2,2627.3,2567.15,10493,27392114.3,01-APR-2021,2824,INE276A01018,
GATI,EQ,103.7,107.45,103.15,106.05,105.7,102.75,421231,44670193.15,01-APR-2021,4903,INE152B01027,
GAYAHWS,BE,0.55,0.6,0.55,0.6,0.6,0.55,231309,138177.9,01-APR-2021,103,INE287Z01012,
GAYAPROJ,EQ,29.0,31.2,28.75,31.1,31.2,28.4,1097657,33910692.1,01-APR-2021,2928,INE336H01023,
GBGLOBAL,EQ,7.65,7.65,7.1,7.45,7.45,7.3,1662,12570.45,01-APR-2021,20,INE087J01028,
GDL,EQ,177.75,181.8,174.75,177.9,177.0,177.5,80168,14311629.55,01-APR-2021,2257,INE852F01015,
GEECEE,EQ,102.2,105.95,102.0,102.65,102.1,101.55,12828,1329719.9,01-APR-2021,433,INE916G01016,
GEEKAYWIRE,EQ,79.95,79.95,77.7,79.45,79.5,77.6,15762,1246305.8,01-APR-2021,29,INE669X01016,
GENCON,EQ,45.45,47.7,44.55,45.25,45.2,44.0,2562,116720.8,01-APR-2021,152,INE854S01022,
GENESYS,BE,107.0,107.0,98.75,98.95,98.75,103.9,33247,3325469.45,01-APR-2021,178,INE727B01026,
GENUSPAPER,EQ,7.2,7.35,7.05,7.25,7.25,7.05,127994,929117.65,01-APR-2021,262,INE949P01018,
GENUSPOWER,EQ,48.7,51.15,48.3,50.65,50.4,48.25,298678,15036702.75,01-APR-2021,1294,INE955D01029,
GEOJITFSL,EQ,52.0,52.0,50.85,51.8,52.0,50.25,186560,9618159.9,01-APR-2021,2418,INE007B01023,
GEPIL,EQ,288.5,290.6,284.0,286.05,285.0,287.0,55821,16019018.8,01-APR-2021,2325,INE878A01011,
GESHIP,EQ,314.0,326.75,310.05,315.1,315.8,312.7,265822,84432018.85,01-APR-2021,7869,INE017A01032,
GET&D,EQ,116.65,124.7,116.2,121.6,122.8,116.3,99882,11939087.95,01-APR-2021,1419,INE200A01026,
GFLLIMITED,BE,69.35,76.55,69.35,75.95,76.55,72.95,180249,13130123.4,01-APR-2021,728,INE538A01037,
GFSTEELS,EQ,2.0,2.0,2.0,2.0,2.0,2.0,100,200.0,01-APR-2021,2,INE534A01028,
GHCL,EQ,231.5,233.1,227.0,229.6,229.8,229.5,110993,25478462.85,01-APR-2021,4856,INE539A01019,
GICHSGFIN,EQ,117.45,123.4,117.4,122.1,121.8,116.55,370743,44633058.7,01-APR-2021,4174,INE289B01019,
GICRE,EQ,200.0,211.0,196.0,208.2,207.7,199.4,2521612,522393642.5,01-APR-2021,46457,INE481Y01014,
GILLANDERS,EQ,42.4,42.4,40.4,41.15,41.15,41.15,1115,45981.4,01-APR-2021,18,INE047B01011,
GILLETTE,EQ,5861.0,5895.0,5490.1,5689.75,5680.0,5900.05,16491,94345485.85,01-APR-2021,4001,INE322A01010,
GINNIFILA,EQ,19.85,20.6,19.5,20.4,20.6,19.55,70151,1404153.95,01-APR-2021,382,INE424C01010,
GIPCL,EQ,76.8,76.8,75.8,76.2,76.4,75.75,435166,33119163.65,01-APR-2021,3261,INE162A01010,
GKWLIMITED,EQ,508.05,517.0,501.05,514.45,507.0,503.0,927,473212.8,01-APR-2021,397,INE528A01020,
GLAND,EQ,2499.2,2507.8,2441.0,2467.9,2455.3,2478.3,168497,416629526.85,01-APR-2021,20835,INE068V01023,
GLAXO,EQ,1440.0,1455.0,1430.0,1432.15,1430.6,1440.75,30043,43317289.95,01-APR-2021,3625,INE159A01016,
GLENMARK,EQ,466.0,488.0,462.35,483.25,482.9,464.7,2183036,1042580932.85,01-APR-2021,31701,INE935A01035,
GLFL,EQ,2.6,2.6,2.45,2.5,2.55,2.5,14812,36573.45,01-APR-2021,46,INE540A01017,
GLOBAL,EQ,36.35,37.95,35.5,37.5,35.9,36.3,3474,129041.5,01-APR-2021,97,INE291W01011,
GLOBE,BE,49.0,50.0,46.55,50.0,50.0,49.0,413,19976.4,01-APR-2021,11,INE581X01013,
GLOBUSSPR,EQ,318.1,340.45,317.55,331.05,331.9,317.5,198146,65888906.2,01-APR-2021,5071,INE615I01010,
GMBREW,EQ,416.1,439.0,416.1,435.85,438.85,416.7,68801,29708520.65,01-APR-2021,2054,INE075D01018,
GMDCLTD,EQ,55.5,59.75,55.45,58.95,59.05,55.25,2423496,140903616.7,01-APR-2021,11411,INE131A01031,
GMMPFAUDLR,EQ,4300.0,4536.0,4295.0,4437.9,4430.0,4306.2,131914,588147020.65,01-APR-2021,21744,INE541A01023,
GMRINFRA,EQ,24.65,25.15,24.1,25.0,25.1,24.3,19223855,472053800.45,01-APR-2021,32819,INE776C01039,
GNA,EQ,342.95,373.75,342.95,367.15,372.0,340.25,109142,39178229.6,01-APR-2021,3571,INE934S01014,
GNFC,EQ,304.0,313.75,303.7,311.95,312.0,300.2,1088792,337685489.65,01-APR-2021,15732,INE113A01013,
GOACARBON,EQ,277.7,303.35,277.7,299.95,300.5,275.8,79420,23362972.4,01-APR-2021,2212,INE426D01013,
GOCLCORP,EQ,220.0,226.0,218.05,223.65,226.0,218.3,4537,1008707.35,01-APR-2021,151,INE077F01035,
GODFRYPHLP,EQ,920.35,935.0,916.0,928.0,925.0,915.75,72171,67030395.75,01-APR-2021,3896,INE260B01028,
GODHA,EQ,46.15,46.15,45.65,45.65,45.65,46.55,10,457.0,01-APR-2021,2,INE925Y01010,
GODREJAGRO,EQ,525.0,532.35,512.8,518.0,517.7,523.8,130637,68222310.55,01-APR-2021,6774,INE850D01014,
GODREJCP,EQ,730.7,735.9,723.7,726.3,726.8,729.65,681593,497043866.45,01-APR-2021,17893,INE102D01028,
GODREJIND,EQ,542.0,548.3,533.4,539.5,539.1,545.75,193533,104948301.25,01-APR-2021,6883,INE233A01035,
GODREJPROP,EQ,1380.3,1406.4,1361.3,1391.35,1393.0,1406.75,1024026,1419364774.25,01-APR-2021,37742,INE484J01027,
GOKEX,EQ,78.6,80.3,78.6,79.15,79.35,78.05,123540,9809466.25,01-APR-2021,1327,INE887G01027,
GOKUL,EQ,17.95,19.15,17.95,18.7,18.7,18.05,10630,196206.75,01-APR-2021,158,INE020J01029,
GOKULAGRO,EQ,20.6,20.6,20.1,20.3,20.2,20.2,23530,477792.2,01-APR-2021,179,INE314T01025,
GOLDBEES,EQ,39.7,39.7,38.42,39.1,39.08,38.17,4438427,173086109.59,01-APR-2021,21756,INF204KB17I5,
GOLDENTOBC,EQ,40.95,42.0,40.1,41.4,42.0,39.9,3062,125646.1,01-APR-2021,175,INE973A01010,
GOLDIAM,EQ,346.9,351.9,338.45,340.55,339.3,341.0,25200,8626279.7,01-APR-2021,1083,INE025B01017,
GOLDSHARE,EQ,39.85,40.2,39.85,40.05,40.15,39.55,206615,8286295.4,01-APR-2021,782,INF789F1AUX7,
GOLDTECH,BE,8.25,9.05,8.25,9.05,9.05,8.65,17541,150489.45,01-APR-2021,54,INE805A01014,
GOODLUCK,EQ,66.15,73.85,66.15,72.15,73.0,66.4,448883,32097826.7,01-APR-2021,3581,INE127I01024,
GOODYEAR,EQ,896.0,923.95,893.6,918.8,920.0,891.3,8128,7394962.55,01-APR-2021,897,INE533A01012,
GPIL,EQ,725.05,772.0,721.0,759.3,761.0,718.85,339402,255683125.6,01-APR-2021,10164,INE177H01013,
GPPL,EQ,97.25,100.7,97.25,99.95,100.0,97.05,193831,19254907.25,01-APR-2021,6882,INE517F01014,
GPTINFRA,EQ,37.55,39.0,36.75,38.2,38.35,36.65,18351,699569.5,01-APR-2021,175,INE390G01014,
GRANULES,EQ,305.85,312.6,304.1,311.9,312.25,303.45,1839186,568479231.3,01-APR-2021,24498,INE101D01020,
GRAPHITE,EQ,520.0,580.95,518.25,557.4,559.0,512.0,5600312,3071870450.1,01-APR-2021,114402,INE371A01025,
GRASIM,EQ,1460.0,1467.0,1436.95,1454.5,1453.05,1450.55,1270201,1844021583.35,01-APR-2021,43912,INE047A01021,
GRAVITA,EQ,91.5,97.25,91.05,96.15,96.7,90.5,196675,18528669.85,01-APR-2021,2178,INE024L01027,
GREAVESCOT,EQ,129.0,135.0,128.0,134.25,133.8,127.65,1099718,145667530.2,01-APR-2021,15065,INE224A01026,
GREENLAM,EQ,939.95,950.0,900.05,930.45,925.0,937.3,10759,10027630.7,01-APR-2021,585,INE544R01013,
GREENPANEL,EQ,162.0,168.15,162.0,168.15,168.15,160.15,271820,45610244.6,01-APR-2021,1227,INE08ZM01014,
GREENPLY,EQ,171.95,181.3,171.55,180.0,180.0,170.55,260822,46127895.75,01-APR-2021,3783,INE461C01038,
GREENPOWER,BE,2.1,2.15,2.05,2.1,2.15,2.1,1954622,4100161.5,01-APR-2021,808,INE999K01014,
GRINDWELL,EQ,950.0,964.25,925.0,934.4,929.8,952.2,149416,140681419.05,01-APR-2021,4178,INE536A01023,
GROBTEA,EQ,806.95,838.95,800.0,801.4,800.0,803.35,843,680361.75,01-APR-2021,318,INE646C01018,
GRPLTD,EQ,810.05,959.95,808.85,913.1,900.0,800.0,13246,12235733.45,01-APR-2021,1756,INE137I01015,
GRSE,EQ,185.8,193.0,185.8,190.55,190.2,184.85,121867,22951123.95,01-APR-2021,2337,INE382Z01011,
GSCLCEMENT,EQ,33.25,34.3,33.25,34.05,34.2,33.2,125299,4250381.4,01-APR-2021,793,INE542A01039,
GSFC,EQ,81.75,87.9,81.75,87.15,87.25,81.3,2663260,229759131.4,01-APR-2021,14429,INE026A01025,
GSPL,EQ,275.9,280.4,273.35,276.3,274.75,273.35,964293,266227683.25,01-APR-2021,18016,INE246F01010,
GSS,EQ,52.6,54.5,52.55,53.55,53.5,52.3,53656,2880147.55,01-APR-2021,460,INE871H01011,
GTL,EQ,5.25,5.5,5.05,5.5,5.5,5.25,177013,951671.55,01-APR-2021,388,INE043A01012,
GTLINFRA,EQ,0.8,0.85,0.75,0.8,0.85,0.8,10249793,8175073.65,01-APR-2021,2629,INE221H01019,
GTNTEX,EQ,5.3,5.3,5.05,5.05,5.05,5.3,1031,5226.15,01-APR-2021,8,INE302H01017,
GTPL,EQ,123.6,125.75,121.15,124.55,124.3,119.75,121598,15100002.0,01-APR-2021,1417,INE869I01013,
GUFICBIO,EQ,115.35,120.6,112.35,115.9,115.65,114.5,332270,38964268.15,01-APR-2021,4629,INE742B01025,
GUJALKALI,EQ,346.6,358.0,344.45,353.25,353.0,344.8,107076,37766074.65,01-APR-2021,2783,INE186A01019,
GUJAPOLLO,EQ,209.85,213.55,203.6,208.6,206.6,203.0,13135,2735806.45,01-APR-2021,319,INE826C01016,
GUJGASLTD,EQ,554.7,566.0,542.0,547.8,548.05,549.45,1665370,921190301.0,01-APR-2021,34014,INE844O01030,
GUJRAFFIA,BE,44.05,44.05,44.05,44.05,44.05,46.35,578,25460.9,01-APR-2021,16,INE610B01024,
GULFOILLUB,EQ,723.0,745.0,722.0,742.2,738.7,722.2,11469,8426935.4,01-APR-2021,1059,INE635Q01029,
GULFPETRO,EQ,36.75,38.8,36.05,38.3,38.8,35.9,47167,1773190.9,01-APR-2021,444,INE586G01017,
GULPOLY,EQ,94.4,95.15,92.5,94.7,94.6,92.05,43277,4063702.25,01-APR-2021,537,INE255D01024,
HAL,EQ,1017.0,1052.0,1011.25,1035.65,1040.0,994.95,980629,1012673389.55,01-APR-2021,30769,INE066F01012,
HAPPSTMNDS,EQ,544.8,613.0,543.05,594.55,612.0,540.05,7937821,4588236345.6,01-APR-2021,144065,INE419U01012,
HARITASEAT,EQ,745.0,754.0,704.9,735.45,727.0,736.45,32572,23791773.4,01-APR-2021,1774,INE939D01015,
HARRMALAYA,EQ,141.4,144.4,139.55,141.95,142.5,139.15,100044,14223905.55,01-APR-2021,2545,INE544A01019,
HATHWAY,EQ,26.1,26.15,25.15,25.35,25.45,25.7,1342150,34161140.25,01-APR-2021,6790,INE982F01036,
HATSUN,EQ,728.5,748.5,725.6,742.0,740.05,724.85,23251,17224335.25,01-APR-2021,2381,INE473B01035,
HAVELLS,EQ,1062.75,1072.0,1046.15,1058.45,1059.0,1050.4,1032919,1092627950.7,01-APR-2021,29921,INE176B01034,
HAVISHA,BE,0.75,0.75,0.65,0.7,0.7,0.7,138444,93858.35,01-APR-2021,102,INE293B01029,
HBANKETF,EQ,335.0,338.9,332.01,337.8,338.9,333.98,870,291933.99,01-APR-2021,74,INF179KC1AN8,
HBLPOWER,EQ,34.0,34.65,33.3,34.45,34.5,33.35,303767,10379694.75,01-APR-2021,1854,INE292B01021,
HBSL,BE,17.3,17.3,15.8,17.0,17.0,16.6,3560,57598.05,01-APR-2021,70,INE550B01022,
HCC,EQ,8.4,8.45,8.3,8.45,8.45,8.05,2813195,23705945.6,01-APR-2021,4076,INE549A01026,
HCG,EQ,192.4,193.8,184.05,187.05,187.9,190.5,215841,40787197.45,01-APR-2021,6231,INE075I01017,
HCL-INSYS,EQ,9.15,9.25,9.0,9.25,9.25,8.85,231165,2128786.0,01-APR-2021,528,INE236A01020,
HCLTECH,EQ,992.0,1013.5,990.6,1002.6,1000.6,982.65,5269079,5292029105.0,01-APR-2021,97439,INE860A01027,
HDFC,EQ,2524.0,2536.95,2480.0,2531.45,2530.0,2498.1,2621437,6588954276.7,01-APR-2021,103602,INE001A01036,
HDFCAMC,EQ,2935.0,2975.0,2891.15,2963.35,2955.0,2919.0,121493,356614063.65,01-APR-2021,12564,INE127D01025,
HDFCBANK,EQ,1499.4,1499.4,1465.0,1486.75,1492.5,1493.65,17881881,26474705849.45,01-APR-2021,338659,INE040A01034,
HDFCLIFE,EQ,699.8,704.35,682.3,691.0,692.4,696.2,3443437,2373669348.95,01-APR-2021,67468,INE795G01014,
HDFCMFGETF,EQ,40.39,41.4,39.91,40.08,40.09,39.5,1017425,40863699.8,01-APR-2021,2025,INF179KC1981,
HDFCNIFETF,EQ,157.95,158.8,156.5,158.01,158.8,156.43,19500,3067119.82,01-APR-2021,214,INF179KC1965,
HDFCSENETF,EQ,540.0,540.0,530.0,530.47,530.46,532.94,1439,766025.2,01-APR-2021,130,INF179KC1973,
HEG,EQ,1479.0,1605.0,1478.0,1580.9,1580.0,1464.05,983669,1526176766.95,01-APR-2021,43722,INE545A01016,
HEIDELBERG,EQ,234.9,241.5,233.05,239.05,238.5,233.6,556730,132894597.5,01-APR-2021,8832,INE578A01017,
HEMIPROP,BE,140.0,144.3,138.5,144.3,144.3,137.45,451889,64907381.9,01-APR-2021,1458,INE0AJG01018,
HERANBA,EQ,635.8,647.2,631.0,632.15,631.45,631.2,387094,246899902.05,01-APR-2021,12302,INE694N01015,
HERCULES,EQ,113.95,115.5,112.25,114.95,114.5,111.4,24147,2756933.8,01-APR-2021,690,INE688E01024,
HERITGFOOD,EQ,293.0,315.0,292.5,312.9,314.0,294.3,183853,56380153.55,01-APR-2021,5164,INE978A01027,
HEROMOTOCO,EQ,2949.0,3004.95,2933.0,2956.1,2960.0,2913.6,1067722,3173268685.95,01-APR-2021,63536,INE158A01026,
HESTERBIO,EQ,1931.45,1965.55,1886.0,1903.4,1900.0,1916.1,11049,21322252.25,01-APR-2021,1456,INE782E01017,
HEXATRADEX,BE,77.85,77.85,75.0,77.85,77.85,74.15,176392,13528880.15,01-APR-2021,214,INE750M01017,
HFCL,EQ,25.4,27.0,24.6,26.4,26.45,25.15,5553498,144923216.7,01-APR-2021,6875,INE548A01028,
HGINFRA,EQ,299.7,302.7,294.35,295.55,295.05,298.1,45237,13465363.5,01-APR-2021,1324,INE926X01010,
HGS,EQ,1715.0,1890.0,1684.0,1798.8,1807.7,1726.2,155968,280922904.55,01-APR-2021,14481,INE170I01016,
HIKAL,EQ,144.1,164.4,144.1,159.9,160.6,143.55,2894671,461467990.2,01-APR-2021,27659,INE475B01022,
HIL,EQ,3059.0,3088.0,2955.2,3017.9,3023.0,3048.8,6114,18472447.9,01-APR-2021,1130,INE557A01011,
HILTON,EQ,9.2,9.7,8.85,9.65,9.7,9.25,11894,109943.35,01-APR-2021,71,INE788H01017,
HIMATSEIDE,EQ,145.05,148.0,145.05,147.3,148.0,144.85,76825,11321575.0,01-APR-2021,2221,INE049A01027,
HINDALCO,EQ,329.75,352.0,328.45,350.25,348.3,326.85,25631843,8803992291.4,01-APR-2021,181535,INE038A01020,
HINDCOMPOS,EQ,261.35,272.75,261.35,270.35,270.0,263.85,8714,2353170.9,01-APR-2021,348,INE310C01029,
HINDCOPPER,EQ,120.5,125.55,120.15,125.55,125.55,119.6,2632548,324563180.55,01-APR-2021,16115,INE531E01026,
HINDMOTORS,BE,6.65,6.95,6.55,6.8,6.95,6.65,76722,530665.6,01-APR-2021,130,INE253A01025,
HINDNATGLS,BE,33.0,33.7,31.5,32.55,33.0,32.35,32346,1053998.25,01-APR-2021,150,INE952A01022,
HINDOILEXP,EQ,97.0,99.1,96.8,98.0,98.75,97.15,412540,40339648.8,01-APR-2021,4292,INE345A01011,
HINDPETRO,EQ,236.0,238.65,232.5,237.6,237.8,234.5,3620285,853697133.7,01-APR-2021,44426,INE094A01015,
HINDUNILVR,EQ,2446.8,2446.8,2392.05,2399.1,2399.0,2431.5,1532653,3704820898.35,01-APR-2021,89059,INE030A01027,
HINDZINC,EQ,276.0,283.0,274.25,280.25,280.5,272.9,1464491,409248685.25,01-APR-2021,28002,INE267A01025,
HIRECT,EQ,120.0,126.0,119.2,125.25,125.5,119.0,17410,2150146.85,01-APR-2021,430,INE835D01023,
HISARMETAL,EQ,113.9,126.75,112.2,122.9,121.8,112.75,528393,63740359.05,01-APR-2021,8359,INE598C01011,
HITECH,EQ,398.95,406.4,392.9,402.15,403.75,397.15,83144,33402576.7,01-APR-2021,2359,INE106T01017,
HITECHCORP,EQ,121.55,128.05,121.45,122.75,122.65,123.9,3665,454316.35,01-APR-2021,276,INE120D01012,
HITECHGEAR,EQ,172.45,176.35,172.0,173.25,172.6,172.7,9713,1688936.0,01-APR-2021,330,INE127B01011,
HLEGLAS,EQ,2340.0,2400.95,2310.0,2400.95,2400.95,2286.65,7718,18425893.05,01-APR-2021,737,INE461D01010,
HLVLTD,EQ,5.95,6.2,5.8,6.15,6.2,5.75,215997,1305198.25,01-APR-2021,358,INE102A01024,
HMVL,EQ,59.75,64.45,59.65,63.35,63.95,59.8,34937,2178203.85,01-APR-2021,496,INE871K01015,
HNDFDS,EQ,2138.0,2174.5,2100.0,2129.6,2131.0,2097.5,15419,32886673.65,01-APR-2021,2660,INE254N01018,
HNGSNGBEES,EQ,349.99,359.99,346.11,357.0,357.99,347.27,1664,586869.43,01-APR-2021,90,INF204KB19I1,
HOMEFIRST,EQ,448.1,464.85,448.1,462.35,464.5,448.4,142753,65419448.85,01-APR-2021,7506,INE481N01025,
HONAUT,EQ,47774.9,47774.9,45800.0,46112.6,46089.9,47479.85,4054,189030662.7,01-APR-2021,2776,INE671A01010,
HONDAPOWER,EQ,961.25,985.0,961.25,980.55,985.0,956.45,5288,5148192.2,01-APR-2021,524,INE634A01018,
HOTELRUGBY,EQ,1.05,1.05,1.05,1.05,1.05,1.05,5000,5250.0,01-APR-2021,4,INE275F01019,
HOVS,BE,56.8,59.5,56.65,56.85,56.65,59.6,26769,1531563.85,01-APR-2021,247,INE596H01014,
HPL,BE,49.8,49.9,48.0,49.15,49.3,48.2,52698,2578724.05,01-APR-2021,556,INE495S01016,
HSCL,EQ,42.0,44.5,41.9,44.0,44.05,41.65,6395196,279809930.85,01-APR-2021,19495,INE019C01026,
HSIL,EQ,154.1,161.4,154.1,159.2,159.25,153.6,200859,31606066.85,01-APR-2021,5926,INE415A01038,
HTMEDIA,EQ,21.0,22.85,21.0,22.85,22.85,20.8,159928,3604061.45,01-APR-2021,600,INE501G01024,
HUBTOWN,BE,15.4,16.05,15.2,16.05,16.05,15.3,14934,236748.0,01-APR-2021,93,INE703H01016,
HUDCO,EQ,44.1,45.9,44.05,45.1,45.0,43.85,4428835,200363821.35,01-APR-2021,14025,INE031A01017,
HUHTAMAKI,EQ,282.5,289.3,282.5,287.9,289.3,279.9,53776,15408890.4,01-APR-2021,1450,INE275B01026,
IBMFNIFTY,EQ,155.37,155.37,142.83,148.8,148.1,150.85,518,77002.96,01-APR-2021,69,INF666M01FS5,
IBREALEST,EQ,82.3,91.0,81.55,88.3,88.25,81.1,23275713,2043804304.9,01-APR-2021,81571,INE069I01010,
IBULHSGFIN,EQ,200.05,205.5,196.3,204.65,204.65,196.5,14256246,2860704978.55,01-APR-2021,99705,INE148I01020,
ICEMAKE,EQ,66.25,68.75,66.1,67.5,67.9,66.75,2902,196253.55,01-APR-2021,76,INE520Y01019,
ICICI500,EQ,209.98,209.98,200.95,203.97,204.05,202.49,3197,650390.79,01-APR-2021,126,INF109KC1CZ3,
ICICIALPLV,EQ,145.2,145.2,141.63,143.35,142.9,141.63,4541,649552.2,01-APR-2021,117,INF109KC1N59,
ICICIB22,EQ,35.96,36.65,35.22,36.55,36.52,36.14,249214,9030248.91,01-APR-2021,1662,INF109KB15Y7,
ICICIBANK,EQ,587.55,596.1,580.2,594.4,594.75,582.1,15631940,9178664015.45,01-APR-2021,187284,INE090A01021,
ICICIBANKN,EQ,337.0,337.69,329.43,335.85,337.27,330.5,7096,2371598.28,01-APR-2021,279,INF109KC1E27,
ICICIBANKP,EQ,197.7,197.7,176.1,178.93,178.3,183.25,48114,8642904.24,01-APR-2021,932,INF109KC1E35,
ICICIGI,EQ,1438.0,1446.95,1411.0,1437.6,1439.0,1433.2,410607,585592648.5,01-APR-2021,24517,INE765G01017,
ICICIGOLD,EQ,39.16,40.19,39.16,39.98,39.98,39.43,1048382,41833997.62,01-APR-2021,1667,INF109KC1NT3,
ICICILIQ,EQ,1000.0,1000.0,999.99,999.99,1000.0,999.99,27081,27080971.83,01-APR-2021,29,INF109KC1KT9,
ICICILOVOL,EQ,117.0,121.7,115.6,118.63,119.0,118.6,169236,20085335.68,01-APR-2021,769,INF109KB10T8,
ICICIM150,EQ,92.4,108.15,90.85,92.96,92.15,90.83,44730,4155578.07,01-APR-2021,500,INF109KC1G82,
ICICIMCAP,EQ,87.9,87.9,85.1,86.09,86.45,85.57,10862,931519.38,01-APR-2021,189,INF109KB1XT3,
ICICINF100,EQ,164.7,164.7,160.0,160.93,161.0,159.88,3784,607994.06,01-APR-2021,188,INF109KA1962,
ICICINIFTY,EQ,170.9,170.9,147.4,157.87,157.96,156.77,64118,10083629.97,01-APR-2021,3543,INF109K012R6,
ICICINV20,EQ,79.5,79.7,78.05,78.95,78.99,77.95,8587,677338.11,01-APR-2021,1010,INF109KB1WY5,
ICICINXT50,EQ,34.11,35.48,34.11,35.29,35.1,34.84,16827,590953.56,01-APR-2021,424,INF109KC1NS5,
ICICIPRULI,EQ,447.45,449.05,437.5,444.35,445.0,445.6,1520418,672020978.65,01-APR-2021,28496,INE726G01019,
ICICISENSX,EQ,538.99,540.98,526.05,537.49,540.5,533.86,2693,1440372.06,01-APR-2021,152,INF346A01034,
ICICITECH,EQ,269.0,286.6,261.15,263.09,263.22,262.92,416438,109623115.12,01-APR-2021,520,INF109KC1N67,
ICIL,EQ,133.75,137.0,129.0,130.85,129.5,131.65,297214,39942996.1,01-APR-2021,2760,INE483B01026,
ICRA,EQ,3300.0,3420.3,3280.0,3308.3,3305.0,3270.0,11414,37945808.05,01-APR-2021,1988,INE725G01011,
IDBI,EQ,38.8,39.5,38.4,39.0,39.15,38.55,15754551,614221582.55,01-APR-2021,25157,INE008A01015,
IDBIGOLD,EQ,4199.95,4199.95,4115.1,4154.85,4151.0,4107.85,89,368997.4,01-APR-2021,36,INF397L01554,
IDEA,EQ,9.3,10.15,9.2,10.0,10.05,9.25,249215374,2421630370.05,01-APR-2021,160917,INE669E01016,
IDFC,EQ,47.9,48.4,47.4,47.7,47.9,47.35,4058499,193499747.9,01-APR-2021,13354,INE043D01016,
IDFCFIRSTB,EQ,56.2,57.85,56.15,57.05,57.0,55.7,49970187,2842811757.05,01-APR-2021,93661,INE092T01019,
IDFNIFTYET,EQ,155.0,158.0,154.7,156.1,154.7,154.02,94,14685.34,01-APR-2021,20,INF194KA1U07,
IEX,EQ,335.0,348.55,335.0,347.05,348.45,332.8,1917324,658497559.6,01-APR-2021,53784,INE022Q01020,
IFBAGRO,EQ,415.0,415.0,399.65,407.55,408.0,403.55,6660,2701010.65,01-APR-2021,401,INE076C01018,
IFBIND,EQ,1132.6,1148.85,1082.05,1096.8,1102.0,1111.55,76370,85218119.15,01-APR-2021,5681,INE559A01017,
IFCI,EQ,12.1,12.6,12.05,12.6,12.6,12.0,5987391,74833727.85,01-APR-2021,11887,INE039A01010,
IFGLEXPOR,EQ,322.0,329.55,313.9,325.2,328.25,313.9,58380,18880864.35,01-APR-2021,1986,INE133Y01011,
IGARASHI,EQ,275.2,289.0,273.95,285.3,285.0,272.5,150802,42792871.85,01-APR-2021,3588,INE188B01013,
IGL,EQ,519.6,527.8,515.65,526.45,526.0,512.35,2479390,1294679230.95,01-APR-2021,39929,INE203G01027,
IGPL,EQ,416.0,432.8,416.0,429.15,429.0,413.4,35183,15069609.3,01-APR-2021,1552,INE204A01010,
IIFL,EQ,293.45,295.9,282.95,293.95,295.9,281.85,257126,74701042.65,01-APR-2021,7671,INE530B01024,
IIFLSEC,EQ,46.85,51.45,46.85,50.45,50.0,46.75,622369,30976076.4,01-APR-2021,3054,INE489L01022,
IIFLWAM,EQ,1241.0,1348.0,1234.3,1308.95,1319.7,1239.4,63823,83620138.7,01-APR-2021,7805,INE466L01020,
IITL,EQ,63.3,63.5,60.1,62.95,63.5,57.75,20018,1254536.85,01-APR-2021,542,INE886A01014,
IMAGICAA,BE,6.3,6.6,6.15,6.5,6.6,6.3,65442,422986.55,01-APR-2021,132,INE172N01012,
IMFA,EQ,455.1,495.0,455.0,482.25,485.25,452.35,61100,29427007.8,01-APR-2021,2082,INE919H01018,
IMPAL,EQ,684.1,697.45,684.05,689.2,689.95,680.8,723,498129.05,01-APR-2021,142,INE547E01014,
INDBANK,EQ,13.15,13.3,12.6,12.85,12.9,12.6,31103,401275.85,01-APR-2021,269,INE841B01017,
INDHOTEL,EQ,111.0,113.45,109.25,112.3,112.7,110.85,2194893,244111594.25,01-APR-2021,24774,INE053A01029,
INDIACEM,EQ,168.9,173.85,167.5,169.8,169.65,167.35,2882429,492845091.55,01-APR-2021,19657,INE383A01012,
INDIAGLYCO,EQ,421.0,443.8,420.0,438.65,441.0,416.9,334897,145486563.55,01-APR-2021,13887,INE560A01015,
INDIAMART,EQ,7761.0,8037.7,7761.0,7972.55,7970.0,7737.95,115414,914861752.1,01-APR-2021,28236,INE933S01016,
INDIANB,EQ,118.0,119.6,117.0,118.1,118.4,116.1,1214824,143577768.3,01-APR-2021,11118,INE562A01011,
INDIANCARD,EQ,136.8,136.8,132.45,134.0,133.25,133.4,5482,742616.7,01-APR-2021,210,INE061A01014,
INDIANHUME,EQ,174.4,181.35,171.05,179.15,179.9,171.8,59618,10556345.2,01-APR-2021,3932,INE323C01030,
INDIGO,EQ,1631.9,1640.0,1601.4,1616.6,1614.4,1631.95,663120,1069954941.7,01-APR-2021,29260,INE646L01027,
INDIGOPNTS,EQ,2400.0,2414.85,2350.95,2384.25,2389.0,2395.85,15817,37740463.25,01-APR-2021,2868,INE09VQ01012,
INDLMETER,EQ,14.0,14.1,13.9,14.0,14.1,13.45,2890,40366.0,01-APR-2021,32,INE065B01013,
INDNIPPON,EQ,370.05,378.35,369.95,374.0,377.9,368.85,7445,2779174.3,01-APR-2021,579,INE092B01025,
INDOCO,EQ,289.8,294.25,286.0,288.25,290.0,287.55,106569,30866914.2,01-APR-2021,1258,INE873D01024,
INDORAMA,EQ,38.95,39.75,38.1,38.85,38.6,38.55,30045,1170012.6,01-APR-2021,265,INE156A01020,
INDOSTAR,EQ,313.8,319.0,309.65,317.15,317.0,312.25,10081,3185403.3,01-APR-2021,585,INE896L01010,
INDOTECH,EQ,85.95,96.0,85.55,90.3,91.0,86.35,32354,2961283.5,01-APR-2021,770,INE332H01014,
INDOTHAI,BE,58.1,58.1,54.0,55.35,55.55,55.5,7049,398281.65,01-APR-2021,76,INE337M01013,
INDOWIND,BE,3.6,3.9,3.6,3.9,3.9,3.75,35329,136194.85,01-APR-2021,107,INE227G01018,
INDRAMEDCO,EQ,54.0,56.35,54.0,56.0,56.0,53.7,151498,8417219.25,01-APR-2021,1182,INE681B01017,
INDSWFTLAB,EQ,70.6,75.5,70.6,74.9,74.75,71.95,87387,6563148.55,01-APR-2021,666,INE915B01019,
INDTERRAIN,BE,30.9,31.75,30.35,31.75,31.75,30.25,69048,2155163.7,01-APR-2021,231,INE611L01021,
INDUSINDBK,EQ,964.0,997.0,959.1,993.3,996.0,954.45,7932671,7732052691.5,01-APR-2021,128089,INE095A01012,
INDUSTOWER,EQ,249.8,256.9,246.8,255.45,254.5,245.0,3907171,978992827.15,01-APR-2021,31340,INE121J01017,
INEOSSTYRO,EQ,937.0,971.1,937.0,965.55,968.9,930.75,18015,17352478.45,01-APR-2021,1143,INE189B01011,
INFIBEAM,EQ,47.5,48.4,46.55,47.6,47.55,47.45,3142177,150026081.4,01-APR-2021,6568,INE483S01020,
INFOBEAN,EQ,147.4,147.4,144.6,146.55,146.75,144.55,13972,2041029.15,01-APR-2021,208,INE344S01016,
INFOMEDIA,BE,2.9,3.15,2.9,3.15,3.15,3.0,3999,12171.1,01-APR-2021,10,INE669A01022,
INFRABEES,EQ,430.0,435.0,425.95,430.31,429.0,426.55,1404,601946.35,01-APR-2021,58,INF732E01268,
INFY,EQ,1380.0,1391.6,1371.0,1385.2,1386.0,1368.05,5675155,7847148794.55,01-APR-2021,146481,INE009A01021,
INGERRAND,EQ,689.0,700.0,678.0,697.9,697.35,682.95,15242,10573828.6,01-APR-2021,1672,INE177A01018,
INOXLEISUR,EQ,288.95,288.95,277.0,278.8,278.0,285.1,747312,208921538.0,01-APR-2021,25836,INE312H01016,
INOXWIND,EQ,70.7,74.0,70.2,72.1,72.3,69.8,152206,10952066.65,01-APR-2021,1672,INE066P01011,
INSECTICID,EQ,478.0,485.0,469.7,475.75,472.9,474.3,118676,56762499.95,01-APR-2021,4028,INE070I01018,
INSPIRISYS,EQ,43.35,45.6,43.0,43.55,43.75,44.75,22068,956925.85,01-APR-2021,170,INE020G01017,
INTELLECT,EQ,754.0,773.8,715.5,730.75,729.0,740.0,1118716,827659339.6,01-APR-2021,47808,INE306R01017,
INTENTECH,EQ,33.15,33.4,31.95,32.75,32.6,31.75,15133,493985.95,01-APR-2021,165,INE781A01025,
INVENTURE,EQ,29.25,33.0,29.0,31.25,30.1,29.25,307116,9690796.55,01-APR-2021,1668,INE878H01016,
IOB,EQ,17.1,17.6,16.55,16.95,16.9,16.0,26467947,450682832.55,01-APR-2021,26203,INE565A01014,
IOC,EQ,92.0,93.35,91.2,93.15,93.2,91.85,14843941,1368531896.45,01-APR-2021,47657,INE242A01010,
IOLCP,EQ,556.0,561.35,549.25,552.4,553.4,550.85,707444,392346330.85,01-APR-2021,18338,INE485C01011,
IPCALAB,EQ,1909.8,1915.0,1871.1,1882.0,1886.0,1903.75,119222,224612379.5,01-APR-2021,14607,INE571A01020,
IRB,EQ,110.0,115.0,109.1,113.8,114.05,108.6,3147655,352939002.9,01-APR-2021,20963,INE821I01014,
IRCON,EQ,89.0,90.45,88.5,89.9,90.1,88.3,3260535,291763501.9,01-APR-2021,12514,INE962Y01021,
IRCTC,EQ,1760.0,1779.45,1750.0,1751.75,1752.0,1757.0,944947,1663415454.4,01-APR-2021,41728,INE335Y01012,
IRFC,EQ,23.0,23.2,22.7,22.85,22.85,22.9,18367745,420540878.6,01-APR-2021,36551,INE053F01010,
IRISDOREME,EQ,92.9,92.9,87.65,90.1,90.0,89.5,1295,116753.5,01-APR-2021,67,INE01GN01017,
ISEC,EQ,385.0,397.5,384.6,394.6,392.95,382.8,613986,241426730.25,01-APR-2021,29120,INE763G01038,
ISFT,EQ,67.95,69.85,67.35,68.25,68.2,66.55,7400,508192.8,01-APR-2021,149,INE566K01011,
ISMTLTD,EQ,11.0,11.25,10.7,10.95,10.95,10.8,110377,1219199.9,01-APR-2021,150,INE732F01019,
ITC,EQ,220.0,220.6,217.3,220.05,220.05,218.5,29062762,6367985753.9,01-APR-2021,125473,INE154A01025,
ITDC,EQ,382.15,395.95,382.15,390.75,388.5,384.05,95906,37410482.15,01-APR-2021,4475,INE353K01014,
ITDCEM,EQ,79.9,79.9,77.65,78.95,79.2,77.85,210881,16681761.0,01-APR-2021,2450,INE686A01026,
ITI,EQ,115.65,118.2,115.45,117.15,117.3,114.95,266567,31164874.4,01-APR-2021,2805,INE248A01017,
IVC,EQ,3.95,4.05,3.9,4.05,4.05,3.8,96702,387126.45,01-APR-2021,172,INE050B01023,
IVP,BE,92.2,101.55,92.2,101.55,101.55,96.75,633,61043.1,01-APR-2021,15,INE043C01018,
IVZINGOLD,EQ,4114.05,4114.05,4012.0,4077.75,4099.0,3998.3,35,141797.1,01-APR-2021,17,INF205K01361,
IVZINNIFTY,EQ,1640.0,1640.0,1600.9,1617.0,1617.0,1584.75,5,8059.75,01-APR-2021,5,INF205K01DA9,
IZMO,EQ,49.7,52.7,49.7,50.1,50.65,50.9,22993,1164938.3,01-APR-2021,278,INE848A01014,
J&KBANK,EQ,26.0,26.8,25.8,26.65,26.6,25.65,1198886,31512841.3,01-APR-2021,5655,INE168A01041,
JAGRAN,EQ,58.95,59.35,58.55,59.0,58.9,58.75,1590387,93812741.0,01-APR-2021,1022,INE199G01027,
JAGSNPHARM,EQ,80.0,84.8,79.2,79.9,79.75,79.6,490978,39992598.15,01-APR-2021,6102,INE048B01027,
JAIBALAJI,BE,38.25,38.3,36.5,36.7,37.9,36.65,15875,590906.55,01-APR-2021,88,INE091G01018,
JAICORPLTD,EQ,85.4,88.65,84.85,87.9,87.7,84.65,901954,78286056.85,01-APR-2021,5826,INE070D01027,
JAMNAAUTO,EQ,68.4,69.25,67.0,68.8,69.0,67.85,308522,21178692.2,01-APR-2021,4146,INE039C01032,
JASH,EQ,306.6,329.7,303.3,324.2,328.5,301.0,63166,20128223.25,01-APR-2021,1300,INE039O01011,
JAYAGROGN,EQ,135.05,139.75,134.65,136.75,136.0,136.35,14314,1968905.55,01-APR-2021,279,INE785A01026,
JAYBARMARU,EQ,227.7,235.85,227.7,231.65,232.15,227.7,18356,4249102.55,01-APR-2021,298,INE571B01028,
JAYNECOIND,EQ,11.0,11.1,10.2,11.1,11.1,10.6,164874,1806056.7,01-APR-2021,222,INE854B01010,
JAYSREETEA,EQ,67.55,68.8,67.1,68.25,68.7,66.25,45056,3060182.85,01-APR-2021,563,INE364A01020,
JBCHEPHARM,EQ,1268.0,1268.9,1237.65,1252.1,1255.0,1255.45,82203,102990018.45,01-APR-2021,5512,INE572A01028,
JBFIND,EQ,15.1,15.15,14.05,14.2,14.2,14.7,181997,2617959.5,01-APR-2021,438,INE187A01017,
JBMA,EQ,427.0,432.9,417.85,425.95,426.0,421.55,17298,7350664.55,01-APR-2021,888,INE927D01028,
JCHAC,EQ,2665.85,2699.8,2619.75,2668.05,2665.0,2652.6,14606,39043797.7,01-APR-2021,2424,INE782A01015,
JHS,BE,20.45,20.45,19.4,19.95,20.2,20.0,108045,2129463.65,01-APR-2021,169,INE544H01014,
JIKIND,BE,0.6,0.6,0.5,0.55,0.55,0.55,89936,46174.65,01-APR-2021,33,INE026B01049,
JINDALPHOT,BE,86.1,86.1,86.1,86.1,86.1,82.0,12616,1086237.6,01-APR-2021,71,INE796G01012,
JINDALPOLY,EQ,748.0,775.0,742.3,765.35,770.0,740.6,48409,36797765.25,01-APR-2021,5758,INE197D01010,
JINDALSAW,EQ,74.7,77.6,74.5,76.65,76.6,74.15,1269286,96760790.6,01-APR-2021,8740,INE324A01024,
JINDALSTEL,EQ,346.4,373.5,346.0,370.9,368.7,343.6,14147031,5109155174.1,01-APR-2021,110742,INE749A01030,
JINDRILL,EQ,93.5,94.25,89.4,93.75,94.25,89.8,21054,1939562.95,01-APR-2021,411,INE742C01031,
JINDWORLD,EQ,49.05,50.8,48.35,49.4,49.95,48.05,160993,7847533.6,01-APR-2021,986,INE247D01039,
JISLDVREQS,BE,12.65,12.85,12.05,12.75,12.75,12.25,40096,499498.15,01-APR-2021,118,IN9175A01010,
JISLJALEQS,EQ,18.8,19.3,18.6,19.3,19.3,18.4,2431937,46669346.5,01-APR-2021,3994,INE175A01038,
JITFINFRA,BE,8.2,8.3,7.9,8.0,8.0,7.95,4907,39859.2,01-APR-2021,45,INE863T01013,
JIYAECO,BE,4.75,4.9,4.55,4.9,4.9,4.75,75176,356300.4,01-APR-2021,246,INE023S01016,
JKCEMENT,EQ,2870.0,2970.0,2870.0,2919.6,2910.0,2897.25,29478,86413290.1,01-APR-2021,3538,INE823G01014,
JKIL,EQ,193.65,198.0,193.15,194.45,194.1,193.65,110213,21495879.35,01-APR-2021,3199,INE576I01022,
JKLAKSHMI,EQ,436.2,441.0,426.0,438.65,439.0,432.95,616815,268836127.1,01-APR-2021,18993,INE786A01032,
JKPAPER,EQ,150.5,155.5,149.25,154.55,154.25,149.85,926254,141496082.25,01-APR-2021,9920,INE789E01012,
JKTYRE,EQ,109.95,119.9,109.75,119.15,119.9,109.0,1474290,171280328.3,01-APR-2021,13685,INE573A01042,
JMA,EQ,31.95,32.0,31.25,31.8,31.4,32.05,515,16305.15,01-APR-2021,31,INE412C01023,
JMCPROJECT,EQ,75.75,83.95,75.15,82.6,83.0,75.1,382400,30801542.85,01-APR-2021,2657,INE890A01024,
JMFINANCIL,EQ,85.1,86.5,84.25,85.4,85.0,84.55,913377,77871965.1,01-APR-2021,6884,INE780C01023,
JMTAUTOLTD,BE,2.45,2.55,2.4,2.55,2.55,2.45,109134,273057.8,01-APR-2021,214,INE988E01036,
JOCIL,EQ,142.8,152.0,142.8,149.7,151.0,143.75,6854,1018810.1,01-APR-2021,256,INE839G01010,
JPASSOCIAT,EQ,7.0,7.2,6.95,7.1,7.15,6.9,5127028,36270765.0,01-APR-2021,19273,INE455F01025,
JPINFRATEC,EQ,1.55,1.6,1.55,1.55,1.6,1.6,3617492,5628487.8,01-APR-2021,12856,INE099J01015,
JPPOWER,EQ,3.35,3.4,3.3,3.4,3.4,3.25,60226830,203915794.75,01-APR-2021,11480,INE351F01018,
JSL,EQ,68.15,70.9,67.8,69.85,69.3,67.6,1180708,81788769.4,01-APR-2021,6151,INE220G01021,
JSLHISAR,EQ,125.05,130.9,124.35,128.5,128.6,125.05,669639,85780911.25,01-APR-2021,7349,INE455T01018,
JSWENERGY,EQ,88.6,92.8,87.85,90.7,90.7,87.85,12835744,1165746599.6,01-APR-2021,47639,INE121E01018,
JSWHL,EQ,3830.0,3933.2,3765.35,3902.55,3923.0,3848.85,4597,17943847.4,01-APR-2021,750,INE824G01012,
JSWISPL,EQ,26.7,27.5,26.6,27.5,27.5,26.2,577491,15859486.5,01-APR-2021,585,INE743C01021,
JSWSTEEL,EQ,470.55,512.95,470.0,508.75,505.5,468.45,35736230,17773793787.7,01-APR-2021,309434,INE019A01038,
JTEKTINDIA,EQ,84.45,87.0,84.3,86.35,86.0,84.15,150093,12843957.7,01-APR-2021,2322,INE643A01035,
JUBLFOOD,EQ,2944.95,2968.0,2906.2,2950.75,2957.0,2910.95,465741,1368835054.85,01-APR-2021,43218,INE797F01012,
JUBLINDS,EQ,189.8,193.0,187.9,191.6,193.0,187.2,18080,3438780.3,01-APR-2021,441,INE645L01011,
JUBLINGREA,BE,261.0,272.65,260.0,272.65,272.65,259.7,527640,142203703.05,01-APR-2021,2399,INE0BY001018,
JUBLPHARMA,EQ,701.0,722.0,681.8,712.7,718.0,681.1,127133,89427353.85,01-APR-2021,6844,INE700A01033,
JUMPNET,EQ,9.3,9.5,9.2,9.2,9.2,9.35,2633137,24637018.15,01-APR-2021,2143,INE974C01022,
JUNIORBEES,EQ,367.4,367.94,354.0,362.9,362.2,359.8,138572,50286394.81,01-APR-2021,12539,INF732E01045,
JUSTDIAL,EQ,873.0,914.0,869.0,902.9,899.35,862.95,1583710,1416303988.5,01-APR-2021,52239,INE599M01018,
JYOTHYLAB,EQ,137.5,145.0,137.35,144.2,144.5,136.8,399086,56600227.1,01-APR-2021,4658,INE668F01031,
KABRAEXTRU,EQ,177.85,184.7,175.0,178.7,178.2,177.15,150406,27068650.5,01-APR-2021,3756,INE900B01029,
KAJARIACER,EQ,931.8,950.9,927.0,941.95,940.0,926.9,126328,118236632.55,01-APR-2021,10120,INE217B01036,
KAKATCEM,EQ,170.0,174.75,169.9,174.3,174.65,169.1,18072,3127604.1,01-APR-2021,586,INE437B01014,
KALPATPOWR,EQ,379.4,384.0,377.5,382.2,383.8,377.0,67832,25839451.9,01-APR-2021,2412,INE220B01022,
KALYANIFRG,BE,187.0,204.9,187.0,198.0,198.0,196.25,1405,269572.7,01-APR-2021,42,INE314G01014,
KALYANKJIL,EQ,68.6,72.75,68.2,71.4,70.9,68.1,7403570,529292113.7,01-APR-2021,48608,INE303R01014,
KAMATHOTEL,EQ,30.0,31.85,30.0,31.45,31.25,29.45,27722,856864.5,01-APR-2021,306,INE967C01018,
KAMDHENU,EQ,137.3,151.0,137.3,145.5,145.85,139.25,159431,23387534.75,01-APR-2021,2253,INE390H01012,
KANANIIND,EQ,4.25,4.25,3.95,4.05,4.05,4.1,5707,23144.15,01-APR-2021,36,INE879E01037,
KANORICHEM,BE,90.0,95.6,86.5,95.6,95.6,91.05,70400,6584700.65,01-APR-2021,346,INE138C01024,
KANPRPLA,EQ,144.25,147.45,143.95,144.45,144.25,144.25,15909,2312198.9,01-APR-2021,600,INE694E01014,
KANSAINER,EQ,600.05,603.0,584.0,591.85,592.0,601.05,277610,164631244.8,01-APR-2021,10727,INE531A01024,
KAPSTON,BE,97.05,97.05,97.05,97.05,97.05,97.0,35,3396.75,01-APR-2021,1,INE542Z01010,
KARDA,EQ,125.95,126.9,118.5,120.55,120.05,121.1,56017,6754596.1,01-APR-2021,673,INE278R01026,
KARMAENG,BE,14.3,14.3,13.1,14.0,13.5,13.7,5328,71467.4,01-APR-2021,25,INE725L01011,
KARURVYSYA,EQ,56.45,57.3,56.0,56.75,56.75,55.6,949521,53896924.95,01-APR-2021,4750,INE036D01028,
KAUSHALYA,EQ,1.7,1.7,1.6,1.6,1.6,1.65,22404,36327.95,01-APR-2021,38,INE234I01010,
KAYA,EQ,299.1,301.2,284.5,288.75,286.0,296.25,32173,9331388.35,01-APR-2021,734,INE587G01015,
KCP,EQ,84.75,85.55,83.75,84.35,84.0,83.75,75140,6347228.2,01-APR-2021,866,INE805C01028,
KCPSUGIND,EQ,14.95,15.25,14.8,15.1,15.1,14.7,240650,3623971.4,01-APR-2021,415,INE790B01024,
KDDL,EQ,256.7,279.0,254.65,266.35,265.1,262.55,1351,356121.05,01-APR-2021,109,INE291D01011,
KEC,EQ,412.75,422.7,412.35,419.5,420.05,410.85,165695,69082582.35,01-APR-2021,6944,INE389H01022,
KECL,EQ,12.35,12.8,12.35,12.7,12.65,12.35,49683,628240.05,01-APR-2021,232,INE134B01017,
KEERTI,EQ,23.9,24.25,23.9,24.2,24.15,24.05,9361,225856.2,01-APR-2021,91,INE586X01012,
KEI,EQ,519.6,534.0,519.6,528.6,526.95,522.7,131317,69277723.25,01-APR-2021,7990,INE878B01027,
KELLTONTEC,EQ,72.95,74.25,71.0,73.1,73.5,72.0,773625,56384888.55,01-APR-2021,2892,INE164B01022,
KENNAMET,EQ,1054.0,1095.9,1051.1,1082.65,1094.95,1052.9,104783,111858602.2,01-APR-2021,912,INE717A01029,
KERNEX,BE,69.75,69.75,64.1,66.75,67.0,66.45,90501,6224112.75,01-APR-2021,531,INE202H01019,
KESORAMIND,EQ,71.35,77.5,64.0,76.45,76.8,70.25,1126023,83444494.1,01-APR-2021,6728,INE087A01019,
KEYFINSERV,EQ,53.8,56.4,53.8,56.4,56.4,53.75,236,13199.9,01-APR-2021,14,INE681C01015,
KHADIM,EQ,147.95,152.9,147.95,151.2,151.15,146.9,36798,5550559.2,01-APR-2021,1049,INE834I01025,
KHAICHEM,EQ,22.15,23.2,21.75,22.9,22.95,21.95,117462,2647929.1,01-APR-2021,795,INE745B01028,
KHANDSE,EQ,13.8,15.1,13.75,14.6,15.1,14.45,995,14499.7,01-APR-2021,20,INE060B01014,
KICL,EQ,1584.3,1797.9,1572.2,1579.2,1577.35,1573.4,461,742864.45,01-APR-2021,127,INE029L01018,
KILITCH,EQ,83.45,85.5,80.45,83.3,85.5,80.25,3716,305694.85,01-APR-2021,168,INE729D01010,
KINGFA,EQ,596.35,615.9,583.6,606.15,602.0,584.3,4124,2464716.2,01-APR-2021,529,INE473D01015,
KIOCL,EQ,146.3,150.55,143.65,150.55,150.55,143.4,77282,11458083.9,01-APR-2021,3417,INE880L01014,
KIRIINDUS,EQ,422.9,449.45,421.85,442.3,442.05,416.3,173566,76089223.3,01-APR-2021,5525,INE415I01015,
KIRLFER,EQ,163.15,174.5,163.15,173.5,174.0,164.15,323517,55303021.7,01-APR-2021,6870,INE884B01025,
KIRLOSBROS,EQ,244.0,278.3,243.65,260.5,260.5,239.3,530676,140337049.7,01-APR-2021,13334,INE732A01036,
KIRLOSENG,EQ,164.5,175.0,164.5,170.1,169.75,163.6,149314,25558873.05,01-APR-2021,3264,INE146L01010,
KIRLOSIND,EQ,1354.35,1354.95,1233.0,1260.75,1268.0,1236.15,7609,9608516.0,01-APR-2021,373,INE250A01039,
KITEX,EQ,99.6,101.95,99.6,101.0,101.1,98.75,61969,6242353.85,01-APR-2021,711,INE602G01020,
KKCL,EQ,862.5,892.45,862.5,873.75,868.0,866.7,2447,2137216.85,01-APR-2021,627,INE401H01017,
KMSUGAR,EQ,11.65,12.25,11.6,12.05,12.15,11.65,178340,2127770.6,01-APR-2021,381,INE157H01023,
KNRCON,EQ,214.9,216.8,210.85,211.8,211.15,213.4,469751,99931012.15,01-APR-2021,10233,INE634I01029,
KOKUYOCMLN,EQ,55.9,60.3,55.0,59.15,59.3,54.9,338534,19842955.6,01-APR-2021,2365,INE760A01029,
KOLTEPATIL,EQ,228.35,239.0,227.15,236.75,238.5,226.15,164827,38609326.5,01-APR-2021,2066,INE094I01018,
KOPRAN,EQ,105.95,112.0,104.8,110.8,111.8,105.05,330841,36176670.85,01-APR-2021,5002,INE082A01010,
KOTAKBANK,EQ,1770.0,1813.25,1750.65,1804.55,1804.0,1753.0,3802652,6769679702.3,01-APR-2021,111166,INE237A01028,
KOTAKBKETF,EQ,342.98,347.96,337.0,344.84,347.4,339.1,221502,75167734.79,01-APR-2021,655,INF174K01F59,
KOTAKGOLD,EQ,393.9,395.85,390.7,393.3,392.1,387.7,29899,11766432.65,01-APR-2021,1024,INF373I01049,
KOTAKIT,EQ,26.57,30.7,25.25,25.97,26.0,25.8,7552,200907.72,01-APR-2021,96,INF174KA1GC5,
KOTAKNIFTY,EQ,152.97,155.31,152.97,155.1,155.14,152.97,37533,5789316.4,01-APR-2021,402,INF174K014P6,
KOTAKNV20,EQ,80.0,82.0,78.25,81.23,81.95,79.96,5368,428640.97,01-APR-2021,132,INF174K01Z71,
KOTAKPSUBK,EQ,217.9,220.99,213.11,217.55,219.49,217.08,12539,2721672.2,01-APR-2021,248,INF373I01023,
KOTARISUG,EQ,27.8,27.9,26.25,27.1,27.3,27.45,110873,3023174.2,01-APR-2021,543,INE419A01022,
KOTHARIPET,EQ,27.35,27.7,26.25,27.25,27.1,26.05,33113,893845.9,01-APR-2021,215,INE720A01015,
KOTHARIPRO,EQ,64.8,67.65,63.95,66.15,66.3,63.3,8978,598929.9,01-APR-2021,110,INE823A01017,
KPITTECH,EQ,177.5,180.5,173.25,175.7,173.5,177.55,774661,137335874.05,01-APR-2021,9985,INE04I401011,
KPRMILL,EQ,1068.95,1071.95,1046.95,1061.15,1060.0,1066.45,92597,98215161.6,01-APR-2021,2207,INE930H01023,
KRBL,EQ,180.4,182.85,178.6,179.05,178.95,179.5,449933,80824399.4,01-APR-2021,8824,INE001B01026,
KREBSBIO,EQ,89.5,92.75,86.35,91.55,92.75,85.95,5786,520076.4,01-APR-2021,228,INE268B01013,
KRIDHANINF,EQ,3.9,3.9,3.75,3.9,3.9,3.75,59694,231189.6,01-APR-2021,141,INE524L01026,
KRISHANA,EQ,91.65,95.0,91.2,92.25,92.25,93.65,927,85779.85,01-APR-2021,50,INE506W01012,
KSB,EQ,888.15,913.55,885.0,891.55,893.3,896.25,25908,23178737.75,01-APR-2021,2981,INE999A01015,
KSCL,EQ,518.0,532.35,516.45,527.85,528.0,513.05,305816,160379835.95,01-APR-2021,10127,INE455I01029,
KSL,EQ,318.95,349.7,318.0,335.8,338.45,318.65,927110,312188218.4,01-APR-2021,22352,INE907A01026,
KTKBANK,EQ,61.5,65.6,61.4,65.05,65.1,61.1,2989351,191186453.25,01-APR-2021,13212,INE614B01018,
KUANTUM,EQ,68.2,70.0,67.0,68.3,69.0,67.5,62151,4260577.2,01-APR-2021,252,INE529I01021,
L&TFH,EQ,96.45,100.0,96.0,99.5,99.7,95.85,10369618,1016427476.35,01-APR-2021,37122,INE498L01015,
LALPATHLAB,EQ,2717.05,2750.0,2665.95,2730.6,2744.9,2707.05,289605,784001715.8,01-APR-2021,23333,INE600L01024,
LAMBODHARA,EQ,50.9,53.9,49.05,53.9,53.9,49.0,70896,3720079.25,01-APR-2021,495,INE112F01022,
LAOPALA,EQ,222.95,225.95,219.0,221.15,221.4,221.8,49459,10996171.65,01-APR-2021,2534,INE059D01020,
LASA,EQ,60.9,61.0,59.8,60.4,60.55,59.8,157856,9525795.65,01-APR-2021,3910,INE670X01014,
LAURUSLABS,EQ,362.0,369.05,361.5,365.3,365.45,362.0,1625290,594542249.45,01-APR-2021,29395,INE947Q01028,
LAXMIMACH,EQ,6815.0,6899.8,6748.85,6876.1,6888.0,6791.3,3518,24129840.2,01-APR-2021,1022,INE269B01029,
LCCINFOTEC,BE,5.2,5.2,5.2,5.2,5.2,5.45,5523,28719.6,01-APR-2021,38,INE938A01021,
LEMONTREE,EQ,37.5,38.4,37.45,37.8,37.9,37.0,495293,18701756.15,01-APR-2021,2699,INE970X01018,
LFIC,EQ,82.9,87.2,82.05,82.6,83.5,84.1,1229,101797.05,01-APR-2021,47,INE850E01012,
LGBBROSLTD,EQ,308.0,313.55,306.25,309.95,312.55,305.55,30437,9424066.9,01-APR-2021,940,INE337A01034,
LGBFORGE,BE,3.65,3.9,3.6,3.75,3.75,3.75,45344,171971.3,01-APR-2021,97,INE201J01017,
LIBAS,BE,51.65,53.9,51.5,52.0,51.75,51.55,24520,1277714.55,01-APR-2021,258,INE908V01012,
LIBERTSHOE,EQ,128.95,134.0,128.3,130.9,131.2,127.15,47042,6164706.25,01-APR-2021,985,INE557B01019,
LICHSGFIN,EQ,431.75,433.9,424.0,432.85,432.05,428.2,2815660,1209169200.15,01-APR-2021,39211,INE115A01026,
LICNETFGSC,EQ,21.64,21.73,21.47,21.68,21.5,21.46,13889,300455.36,01-APR-2021,77,INF767K01MV5,
LICNETFN50,EQ,162.04,169.0,156.5,161.85,162.45,157.33,1436,231601.03,01-APR-2021,307,INF767K01OS7,
LICNETFSEN,EQ,550.5,550.5,537.25,541.34,542.0,550.7,111,60146.87,01-APR-2021,31,INF767K01OT5,
LICNFNHGP,EQ,150.0,152.2,148.44,151.08,151.95,148.44,68,10266.04,01-APR-2021,21,INF767K01PC8,
LIKHITHA,EQ,335.0,349.4,332.6,343.75,344.9,318.9,289168,98195938.55,01-APR-2021,6874,INE060901019,
LINCOLN,EQ,226.6,238.6,225.55,236.7,236.7,224.85,108505,25289793.65,01-APR-2021,2910,INE405C01035,
LINCPEN,EQ,149.6,151.9,146.0,150.45,151.55,149.65,6761,1003172.3,01-APR-2021,176,INE802B01019,
LINDEINDIA,EQ,1830.0,1830.0,1785.0,1813.45,1812.0,1799.5,36059,65122005.25,01-APR-2021,3050,INE473A01011,
LIQUIDBEES,EQ,1002.3,1002.3,998.3,999.99,1000.0,1000.0,958069,958067544.12,01-APR-2021,9736,INF732E01037,
LIQUIDETF,EQ,1000.0,1000.01,999.99,999.99,1000.0,1000.0,9392,9391952.23,01-APR-2021,39,INF740KA1EU7,
LOKESHMACH,BE,32.55,32.9,32.55,32.9,32.9,31.35,3712,121810.8,01-APR-2021,9,INE397H01017,
LOTUSEYE,EQ,41.9,43.85,41.0,43.35,43.6,41.0,12974,556557.85,01-APR-2021,159,INE947I01017,
LOVABLE,EQ,82.0,85.25,82.0,84.3,84.4,81.45,21173,1781537.85,01-APR-2021,461,INE597L01014,
LPDC,BE,1.95,2.0,1.9,1.9,1.9,1.95,6751,13281.05,01-APR-2021,38,INE197J01017,
LSIL,BE,1.15,1.15,1.1,1.15,1.15,1.15,885627,1001317.35,01-APR-2021,948,INE093R01011,
LT,EQ,1432.0,1447.85,1420.5,1444.6,1442.0,1418.9,1380763,1981250124.3,01-APR-2021,64305,INE018A01030,
LTI,EQ,4082.0,4189.0,4072.3,4112.8,4121.05,4054.3,213617,880880730.15,01-APR-2021,26199,INE214T01019,
LTTS,EQ,2679.95,2757.6,2679.0,2720.6,2721.15,2653.9,312036,847979132.0,01-APR-2021,28013,INE010V01017,
LUMAXIND,EQ,1610.0,1650.05,1601.25,1621.3,1616.0,1606.95,2092,3402461.55,01-APR-2021,580,INE162B01018,
LUMAXTECH,EQ,163.4,166.75,161.9,163.5,164.4,162.2,103887,17056020.4,01-APR-2021,4040,INE872H01027,
LUPIN,EQ,1033.0,1034.95,1019.1,1027.0,1024.0,1020.45,1089119,1120189080.75,01-APR-2021,32133,INE326A01037,
LUXIND,EQ,1748.0,1844.0,1748.0,1827.6,1820.0,1748.35,59525,107545086.25,01-APR-2021,5169,INE150G01020,
LXCHEM,EQ,176.8,186.8,171.45,180.85,180.5,174.5,4813541,862779922.35,01-APR-2021,65028,INE576O01020,
LYKALABS,BE,27.0,27.4,26.1,27.4,27.4,26.1,41603,1132520.85,01-APR-2021,173,INE933A01014,
LYPSAGEMS,EQ,4.5,4.6,4.25,4.6,4.6,4.4,6301,28370.55,01-APR-2021,31,INE142K01011,
M&M,EQ,801.5,809.8,779.75,807.6,806.9,795.25,5678798,4508535903.9,01-APR-2021,105433,INE101A01026,
M&MFIN,EQ,201.0,205.3,198.5,204.3,204.0,198.95,4313549,871170837.4,01-APR-2021,27816,INE774D01024,
M100,EQ,25.45,25.89,25.1,25.33,25.45,25.47,106971,2718389.1,01-APR-2021,1188,INF247L01023,
M50,EQ,144.05,145.9,141.6,145.51,145.5,144.95,1656,239369.62,01-APR-2021,48,INF247L01536,
MAANALU,EQ,154.8,157.8,152.25,153.35,152.6,153.8,33597,5178225.35,01-APR-2021,1095,INE215I01019,
MACPOWER,BE,88.75,93.0,88.75,92.85,92.85,91.5,1424,129755.75,01-APR-2021,10,INE155Z01011,
MADHAV,EQ,48.0,50.9,48.0,50.0,49.3,47.75,10607,525931.7,01-APR-2021,141,INE925C01016,
MADHUCON,BE,5.0,5.25,4.75,5.05,5.0,5.0,17380,86878.85,01-APR-2021,43,INE378D01032,
MADRASFERT,BE,25.35,26.5,25.35,26.25,26.1,25.35,29679,770270.5,01-APR-2021,239,INE414A01015,
MAESGETF,EQ,25.79,25.79,25.11,25.27,25.32,25.04,1445,36469.56,01-APR-2021,31,INF769K01GS9,
MAGADSUGAR,EQ,102.95,104.7,102.15,104.05,104.55,102.05,10694,1107841.95,01-APR-2021,161,INE347W01011,
MAGMA,EQ,111.2,115.6,111.2,115.6,115.6,110.1,249291,28593733.2,01-APR-2021,1663,INE511C01022,
MAGNUM,BE,4.7,5.0,4.7,4.95,4.95,4.9,28861,142267.85,01-APR-2021,41,INE387I01016,
MAHABANK,EQ,21.3,21.95,21.05,21.45,21.4,20.8,7531269,161307842.75,01-APR-2021,11111,INE457A01014,
MAHAPEXLTD,BE,68.4,68.7,65.0,65.15,67.95,65.65,9680,639706.0,01-APR-2021,64,INE843B01013,
MAHASTEEL,EQ,84.4,88.9,83.1,86.15,86.0,82.75,84917,7331708.8,01-APR-2021,1487,INE451L01014,
MAHEPC,EQ,143.7,149.6,142.9,147.8,148.0,142.55,72034,10560755.5,01-APR-2021,1314,INE215D01010,
MAHESHWARI,EQ,74.05,76.75,73.3,76.35,76.75,74.6,10228,768974.1,01-APR-2021,211,INE263W01010,
MAHINDCIE,EQ,161.5,168.8,161.5,167.2,168.3,161.25,124579,20629732.9,01-APR-2021,3271,INE536H01010,
MAHLIFE,EQ,567.0,571.0,556.85,560.25,557.65,569.35,26268,14825040.7,01-APR-2021,1669,INE813A01018,
MAHLOG,EQ,582.9,590.9,570.0,574.75,578.95,579.75,23893,13880013.3,01-APR-2021,2338,INE766P01016,
MAHSCOOTER,EQ,3565.0,3649.0,3565.0,3604.95,3607.0,3567.55,2982,10763193.2,01-APR-2021,818,INE288A01013,
MAHSEAMLES,EQ,269.05,289.4,269.05,284.15,284.0,275.3,104741,29215898.5,01-APR-2021,3311,INE271B01025,
MAITHANALL,EQ,538.5,593.3,537.5,583.6,585.0,537.5,220286,128115823.1,01-APR-2021,8300,INE683C01011,
MAJESCO,BE,66.05,69.2,65.0,69.1,69.15,65.95,550480,37414650.4,01-APR-2021,5388,INE898S01029,
MALUPAPER,EQ,25.9,27.85,25.9,27.0,27.25,26.25,13698,368029.15,01-APR-2021,161,INE383H01017,
MAN50ETF,EQ,151.6,152.11,150.23,151.73,151.72,150.38,2431,367570.25,01-APR-2021,66,INF769K01EG9,
MANAKALUCO,EQ,8.8,9.1,8.65,8.85,8.75,8.65,7201,63154.55,01-APR-2021,60,INE859Q01017,
MANAKCOAT,EQ,11.25,12.35,11.25,12.35,12.35,11.8,117674,1420365.0,01-APR-2021,196,INE830Q01018,
MANAKSIA,EQ,50.05,52.35,50.05,51.8,51.8,50.45,25306,1306916.5,01-APR-2021,364,INE015D01022,
MANAKSTEEL,EQ,24.7,24.8,23.05,24.8,24.8,23.65,63429,1544286.5,01-APR-2021,329,INE824Q01011,
MANALIPETC,EQ,60.6,65.15,60.35,65.15,65.15,59.25,1453307,93259070.55,01-APR-2021,3392,INE201A01024,
MANAPPURAM,EQ,151.0,158.75,149.5,157.3,156.9,149.2,6547778,1012403950.1,01-APR-2021,28501,INE522D01027,
MANGALAM,EQ,103.45,110.95,102.0,107.85,107.4,100.15,103456,11143998.3,01-APR-2021,1470,INE584F01014,
MANGCHEFER,EQ,72.7,75.4,72.3,74.25,73.25,72.2,313733,23245238.75,01-APR-2021,2518,INE558B01017,
MANGLMCEM,EQ,284.5,286.9,280.5,283.85,284.85,280.8,34152,9694749.55,01-APR-2021,1322,INE347A01017,
MANGTIMBER,EQ,11.2,12.1,11.2,11.4,11.4,11.7,656,7552.55,01-APR-2021,14,INE805B01012,
MANINDS,EQ,80.25,82.05,79.95,80.75,81.0,79.65,132090,10683842.5,01-APR-2021,1328,INE993A01026,
MANINFRA,EQ,41.75,42.6,41.3,41.7,41.55,41.7,529047,22091400.75,01-APR-2021,3169,INE949H01023,
MANUGRAPH,EQ,11.95,12.3,11.8,12.2,12.3,11.8,4379,52143.2,01-APR-2021,31,INE867A01022,
MANXT50,EQ,342.22,345.91,341.08,345.91,345.91,340.82,250,86188.75,01-APR-2021,16,INF769K01FN2,
MARALOVER,BE,31.75,33.0,31.75,32.5,32.5,32.35,18185,594669.6,01-APR-2021,43,INE882A01013,
MARATHON,EQ,64.5,64.5,62.5,63.15,63.75,62.4,31278,1977157.0,01-APR-2021,250,INE182D01020,
MARICO,EQ,411.3,411.6,406.2,407.25,407.15,411.3,645008,263493581.3,01-APR-2021,20895,INE196A01026,
MARINE,EQ,66.95,68.9,65.5,66.3,66.0,65.8,544896,36232689.35,01-APR-2021,2013,INE01JE01028,
MARKSANS,EQ,50.6,54.5,50.1,54.0,54.2,49.95,2956128,155632820.85,01-APR-2021,11909,INE750C01026,
MARUTI,EQ,6950.0,6991.5,6855.0,6923.9,6922.0,6859.2,660759,4577878601.15,01-APR-2021,57833,INE585B01010,
MASFIN,EQ,857.6,864.0,841.3,858.95,860.0,853.1,16444,14063479.0,01-APR-2021,2097,INE348L01012,
MASTEK,EQ,1228.0,1281.0,1227.65,1272.9,1278.0,1219.65,245085,310479395.75,01-APR-2021,13019,INE759A01021,
MATRIMONY,EQ,956.1,983.95,951.75,960.65,974.0,959.5,24501,23712901.7,01-APR-2021,2120,INE866R01028,
MAWANASUG,EQ,36.45,37.2,35.95,36.85,37.1,35.7,38631,1416731.6,01-APR-2021,246,INE636A01039,
MAXHEALTH,EQ,204.25,221.0,204.25,218.2,219.0,205.75,930335,198968870.0,01-APR-2021,23853,INE027H01010,
MAXIND,EQ,64.4,64.7,64.1,64.45,64.35,64.15,45227,2908411.0,01-APR-2021,231,INE0CG601016,
MAXVIL,EQ,56.0,58.45,56.0,57.3,57.0,56.35,164357,9414667.0,01-APR-2021,837,INE154U01015,
MAYURUNIQ,EQ,415.0,427.4,415.0,416.1,418.45,416.8,41668,17484218.8,01-APR-2021,2822,INE040D01038,
MAZDA,EQ,450.0,464.85,450.0,463.5,464.5,451.5,4209,1943210.85,01-APR-2021,317,INE885E01034,
MAZDOCK,EQ,213.0,217.0,213.0,214.7,214.5,212.3,316416,67916154.4,01-APR-2021,4946,INE249Z01012,
MBAPL,BE,100.8,100.8,94.5,99.7,99.7,98.8,1795,174729.4,01-APR-2021,47,INE900L01010,
MBECL,BE,8.2,8.2,8.1,8.2,8.2,7.85,47226,387185.95,01-APR-2021,132,INE748A01016,
MBLINFRA,EQ,19.75,20.4,19.6,19.95,19.9,19.8,170919,3396293.85,01-APR-2021,413,INE912H01013,
MCDHOLDING,EQ,39.3,43.5,39.3,42.95,43.5,41.2,46932,1983189.45,01-APR-2021,216,INE836H01014,
MCDOWELL-N,EQ,559.0,561.9,552.25,558.3,558.0,556.35,1157038,644282707.4,01-APR-2021,22730,INE854D01024,
MCL,EQ,91.15,93.0,90.1,91.5,93.0,90.35,6577,597181.25,01-APR-2021,65,INE813V01022,
MCLEODRUSS,EQ,19.65,20.05,19.3,20.05,20.05,19.1,348695,6974792.05,01-APR-2021,531,INE942G01012,
MCX,EQ,1520.95,1544.9,1506.85,1518.05,1515.05,1512.95,156833,238776723.2,01-APR-2021,11601,INE745G01035,
MEGASOFT,EQ,9.65,10.15,9.55,9.8,9.95,9.55,61684,603580.9,01-APR-2021,148,INE933B01012,
MEGH,EQ,117.4,121.25,116.35,118.85,118.75,116.6,3783909,452266519.45,01-APR-2021,21187,INE974H01013,
MENONBE,EQ,53.9,54.5,53.1,54.35,54.5,53.6,14544,787812.25,01-APR-2021,191,INE071D01033,
MEP,EQ,16.1,16.8,16.1,16.55,16.55,15.85,127375,2090605.45,01-APR-2021,361,INE776I01010,
MERCATOR,BE,0.85,0.85,0.75,0.8,0.85,0.8,656455,531544.25,01-APR-2021,217,INE934B01028,
METALFORGE,BE,5.0,5.25,4.8,5.1,5.1,5.0,10932,55683.85,01-APR-2021,68,INE425A01011,
METROPOLIS,EQ,2219.0,2265.5,2142.05,2159.65,2162.0,2241.2,117841,259375037.95,01-APR-2021,10297,INE112L01020,
MFSL,EQ,862.6,883.9,861.2,880.3,879.8,859.45,368923,322042393.9,01-APR-2021,12719,INE180A01020,
MGEL,EQ,46.2,46.5,46.2,46.25,46.25,45.8,3250,150360.9,01-APR-2021,9,INE0APB01016,
MGL,EQ,1183.05,1193.9,1157.1,1181.5,1181.0,1168.95,454224,535076026.5,01-APR-2021,14455,INE002S01010,
MHRIL,EQ,210.4,224.55,210.4,223.3,222.1,210.4,71647,15741567.45,01-APR-2021,2228,INE998I01010,
MIC,BE,0.65,0.7,0.6,0.7,0.65,0.65,93665,63671.55,01-APR-2021,91,INE287C01029,
MIDHANI,EQ,177.4,193.7,177.4,191.45,191.95,176.85,2086379,393335315.15,01-APR-2021,26330,INE099Z01011,
MINDACORP,EQ,100.9,102.45,100.55,101.35,101.6,100.5,479422,48590205.95,01-APR-2021,4031,INE842C01021,
MINDAIND,EQ,546.45,551.0,531.6,539.2,540.9,542.1,276397,149150196.4,01-APR-2021,17988,INE405E01023,
MINDTECK,EQ,42.0,43.75,41.5,43.65,43.75,41.7,16500,716154.9,01-APR-2021,233,INE110B01017,
MINDTREE,EQ,2084.0,2111.6,2054.45,2075.95,2068.0,2083.9,1111247,2314529929.85,01-APR-2021,38334,INE018I01017,
MIRCELECTR,BE,13.8,14.0,13.35,14.0,14.0,13.35,220199,3079735.45,01-APR-2021,175,INE831A01028,
MIRZAINT,EQ,46.2,48.4,45.6,47.95,47.75,45.55,296675,13935122.65,01-APR-2021,2657,INE771A01026,
MITTAL,EQ,10.3,10.5,10.05,10.5,10.5,10.0,27871,290428.3,01-APR-2021,130,INE997Y01019,
MMFL,EQ,491.9,498.35,480.2,488.2,487.0,494.2,2889,1399442.85,01-APR-2021,463,INE227C01017,
MMP,EQ,86.05,87.9,82.6,86.1,83.5,85.25,10096,872025.5,01-APR-2021,179,INE511Y01018,
MMTC,EQ,42.7,46.55,42.5,46.55,46.55,42.35,7247068,327206973.8,01-APR-2021,18872,INE123F01029,
MODIRUBBER,BE,90.95,90.95,90.95,90.95,90.95,95.7,503,45747.85,01-APR-2021,42,INE832A01018,
MOHITIND,EQ,9.35,9.35,8.9,9.1,9.1,9.35,5450,49341.0,01-APR-2021,27,INE954E01012,
MOHOTAIND,BE,7.0,7.3,7.0,7.25,7.25,7.05,433,3117.45,01-APR-2021,18,INE313D01013,
MOIL,EQ,154.7,157.65,152.45,156.0,155.55,150.55,1792135,277735696.25,01-APR-2021,23967,INE490G01020,
MOLDTECH,EQ,41.6,42.45,40.35,40.7,40.65,40.85,8572,351142.9,01-APR-2021,150,INE835B01035,
MOLDTKPAC,EQ,401.95,401.95,390.1,394.8,396.4,393.0,28066,11065179.3,01-APR-2021,1344,INE893J01029,
MONTECARLO,EQ,226.0,232.0,224.9,229.75,230.5,226.25,30863,7085138.9,01-APR-2021,1169,INE950M01013,
MORARJEE,EQ,13.8,14.9,13.8,14.75,14.9,14.2,4531,66080.5,01-APR-2021,45,INE161G01027,
MOREPENLAB,EQ,32.25,34.35,32.1,34.1,34.35,32.1,3921387,131340673.05,01-APR-2021,9491,INE083A01026,
MOTHERSUMI,EQ,203.0,212.4,202.5,210.45,210.4,201.45,13438282,2797201812.7,01-APR-2021,85120,INE775A01035,
MOTILALOFS,EQ,623.35,644.0,620.0,640.65,639.0,624.8,88439,55959480.4,01-APR-2021,6991,INE338I01027,
MOTOGENFIN,EQ,24.8,25.75,23.5,23.5,23.5,24.7,21751,518195.7,01-APR-2021,215,INE861B01023,
MPHASIS,EQ,1785.0,1809.0,1738.0,1747.8,1749.0,1776.5,423748,748991398.9,01-APR-2021,26469,INE356A01018,
MPSLTD,EQ,475.0,545.95,471.1,539.7,537.0,462.9,155043,82183223.95,01-APR-2021,7263,INE943D01017,
MRF,EQ,83148.0,83449.95,82200.0,83133.1,82999.0,82259.45,19973,1653651774.55,01-APR-2021,11027,INE883A01011,
MRO-TEK,BE,26.0,26.0,26.0,26.0,26.0,24.9,123,3198.0,01-APR-2021,4,INE398B01018,
MRPL,EQ,39.25,40.55,39.0,40.05,39.95,38.85,1267870,50500153.55,01-APR-2021,4032,INE103A01014,
MSPL,EQ,7.5,7.7,7.3,7.7,7.7,7.35,30349,230445.2,01-APR-2021,120,INE752G01015,
MSTCLTD,EQ,300.6,316.0,300.05,305.2,305.0,298.45,898040,275670977.8,01-APR-2021,16507,INE255X01014,
MTARTECH,EQ,1049.5,1059.0,1035.0,1045.65,1046.0,1023.7,241427,252435864.55,01-APR-2021,12745,INE864I01014,
MTEDUCARE,EQ,6.6,7.3,6.45,7.0,7.0,6.4,437011,2998283.75,01-APR-2021,699,INE472M01018,
MTNL,EQ,18.9,19.65,18.9,19.45,19.4,18.75,3856929,74948795.15,01-APR-2021,4165,INE153A01019,
MUKANDENGG,EQ,17.4,17.4,16.9,17.4,17.4,15.85,28849,501470.35,01-APR-2021,142,INE022B01014,
MUKANDLTD,EQ,84.2,90.9,77.1,88.8,89.35,82.8,2346571,196658901.95,01-APR-2021,19837,INE304A01026,
MUKTAARTS,EQ,28.55,29.0,28.5,28.7,28.75,28.1,2275,65409.05,01-APR-2021,39,INE374B01019,
MUNJALAU,EQ,54.25,55.8,54.25,55.3,55.8,53.7,123172,6771359.55,01-APR-2021,1192,INE672B01032,
MUNJALSHOW,EQ,140.5,144.25,140.05,142.85,143.7,138.7,19661,2794789.9,01-APR-2021,543,INE577A01027,
MURUDCERA,EQ,19.1,20.9,19.1,20.35,20.45,19.1,51569,1024315.7,01-APR-2021,346,INE692B01014,
MUTHOOTCAP,EQ,369.0,380.0,365.55,378.15,378.0,366.05,44004,16292309.3,01-APR-2021,1850,INE296G01013,
MUTHOOTFIN,EQ,1222.0,1222.0,1199.75,1214.35,1214.0,1205.9,649180,784979844.8,01-APR-2021,24279,INE414G01012,
N100,EQ,954.9,954.9,938.03,950.08,951.99,934.27,38981,36798343.57,01-APR-2021,2235,INF247L01031,
NACLIND,EQ,38.0,39.5,37.05,39.3,39.25,37.65,84318,3277079.15,01-APR-2021,439,INE295D01020,
NAGAFERT,BE,6.55,6.55,6.2,6.35,6.4,6.3,205355,1314001.55,01-APR-2021,421,INE454M01024,
NAGREEKCAP,EQ,6.5,6.5,5.9,5.9,5.9,6.2,362,2195.2,01-APR-2021,6,INE245I01016,
NAGREEKEXP,EQ,15.05,15.8,14.55,15.65,15.1,15.3,5500,83011.8,01-APR-2021,74,INE123B01028,
NAHARCAP,EQ,104.0,113.25,104.0,109.25,106.8,104.5,21663,2396293.8,01-APR-2021,522,INE049I01012,
NAHARINDUS,EQ,45.4,46.3,43.65,46.3,46.3,44.1,52244,2379514.1,01-APR-2021,518,INE289A01011,
NAHARPOLY,EQ,111.6,125.8,111.0,121.5,120.9,110.5,241563,29309832.8,01-APR-2021,4440,INE308A01027,
NAHARSPING,EQ,104.5,107.5,104.0,104.8,105.8,104.05,36363,3849935.65,01-APR-2021,378,INE290A01027,
NAM-INDIA,EQ,337.1,346.85,336.0,344.4,344.3,338.3,777441,265041062.45,01-APR-2021,11404,INE298J01013,
NATCOPHARM,EQ,829.9,854.9,829.05,842.1,840.0,825.55,322915,272713627.75,01-APR-2021,13550,INE987B01026,
NATHBIOGEN,EQ,305.0,323.0,303.4,320.45,319.0,300.2,27134,8542507.05,01-APR-2021,932,INE448G01010,
NATIONALUM,EQ,54.8,59.2,54.5,58.75,58.7,54.05,41165892,2376267618.4,01-APR-2021,60238,INE139A01034,
NATNLSTEEL,BE,3.65,3.7,3.5,3.7,3.7,3.65,1730,6104.0,01-APR-2021,5,INE088B01015,
NAUKRI,EQ,4300.95,4324.2,4170.0,4263.05,4286.9,4280.55,780736,3309490012.05,01-APR-2021,72025,INE663F01024,
NAVINFLUOR,EQ,2796.0,2819.85,2755.1,2777.0,2770.0,2755.0,201075,558461449.6,01-APR-2021,19658,INE048G01026,
NAVKARCORP,EQ,31.95,33.3,31.5,31.9,31.95,31.15,1965999,63688352.05,01-APR-2021,6383,INE278M01019,
NAVNETEDUL,EQ,80.5,85.2,80.5,83.65,84.0,80.1,285250,23755426.0,01-APR-2021,2730,INE060A01024,
NAZARA,EQ,1505.1,1738.4,1499.05,1670.7,1662.0,1466.3,3523089,5734329438.4,01-APR-2021,213632,INE418L01021,
NBCC,EQ,47.25,48.35,46.9,47.95,47.95,46.8,7769317,370521215.25,01-APR-2021,20137,INE095N01031,
NBIFIN,EQ,1934.0,1934.7,1906.0,1933.65,1934.7,1958.5,71,136467.25,01-APR-2021,13,INE365I01020,
NBVENTURES,EQ,69.95,75.3,69.9,73.15,73.2,69.5,2041780,149202726.8,01-APR-2021,10838,INE725A01022,
NCC,EQ,79.5,82.4,79.5,81.1,81.2,79.0,3286735,265774726.3,01-APR-2021,17629,INE868B01028,
NCLIND,EQ,172.5,175.6,171.3,172.65,172.5,171.9,273337,47395236.2,01-APR-2021,4343,INE732C01016,
NCPSESDL24,EQ,104.0,104.0,103.1,103.19,103.2,103.11,39106,4035724.15,01-APR-2021,20,INF204KB18W4,
NDGL,EQ,713.0,770.0,713.0,750.2,754.0,740.65,44,32649.4,01-APR-2021,20,INE756C01015,
NDL,EQ,31.5,33.25,30.45,32.3,32.4,31.45,37805,1223113.55,01-APR-2021,279,INE875G01030,
NDRAUTO,EQ,194.7,194.8,188.2,193.45,193.5,187.35,1164,223980.05,01-APR-2021,82,INE07OG01012,
NDTV,EQ,56.05,57.95,54.8,56.05,56.0,56.45,27430,1539588.1,01-APR-2021,347,INE155G01029,
NECCLTD,EQ,8.2,8.45,8.1,8.3,8.45,7.95,13148,108117.3,01-APR-2021,67,INE553C01016,
NECLIFE,EQ,18.75,19.65,18.75,19.25,19.3,18.6,329328,6343586.25,01-APR-2021,1040,INE023H01027,
NELCAST,EQ,65.45,66.4,64.4,65.8,65.55,64.25,58908,3855228.7,01-APR-2021,584,INE189I01024,
NELCO,EQ,192.1,198.4,192.1,197.5,196.55,188.65,77513,15199558.3,01-APR-2021,1897,INE045B01015,
NEOGEN,EQ,867.0,886.5,853.0,863.9,866.9,860.8,67952,59060793.55,01-APR-2021,6419,INE136S01016,
NESCO,EQ,528.0,534.65,519.6,522.8,520.0,526.2,63215,33267294.95,01-APR-2021,4684,INE317F01035,
NESTLEIND,EQ,17165.2,17188.55,16967.6,17083.15,17051.0,17165.2,83176,1419091403.35,01-APR-2021,15149,INE239A01016,
NETF,EQ,182.64,182.64,182.64,182.64,182.64,178.5,108,19725.12,01-APR-2021,20,INF277K015R5,
NETFCONSUM,EQ,64.0,66.18,64.0,65.42,65.5,64.53,3040,197460.73,01-APR-2021,109,INF204KA1LD7,
NETFDIVOPP,EQ,38.1,38.1,36.23,37.99,37.99,37.35,263,9944.31,01-APR-2021,30,INF204KA1MS3,
NETFIT,EQ,27.0,27.0,26.2,26.32,26.38,26.17,461572,12184609.72,01-APR-2021,1440,INF204KB15V2,
NETFLTGILT,EQ,22.4,22.4,22.05,22.14,22.17,22.16,19670,436121.86,01-APR-2021,193,INF204KB1882,
NETFMID150,EQ,94.12,94.12,91.14,92.5,92.5,91.98,83391,7694067.76,01-APR-2021,875,INF204KB1V68,
NETFNIF100,EQ,156.0,156.98,151.46,152.23,152.0,156.98,21851,3311462.68,01-APR-2021,95,INF204K014N5,
NETFNV20,EQ,82.0,82.5,79.5,80.18,79.5,80.7,3634,295216.92,01-APR-2021,139,INF204KB18I3,
NETFSDL26,EQ,101.7,101.72,101.65,101.65,101.65,101.23,48,4881.05,01-APR-2021,8,INF204KC1022,
NETWORK18,EQ,36.75,38.6,36.7,38.0,38.1,36.4,797686,29919989.65,01-APR-2021,3265,INE870H01013,
NEULANDLAB,EQ,2085.0,2210.0,2085.0,2185.05,2181.15,2089.2,107695,233207931.95,01-APR-2021,8202,INE794A01010,
NEWGEN,EQ,284.5,299.2,284.5,297.85,298.5,283.05,76429,22555869.55,01-APR-2021,4154,INE619B01017,
NEXTMEDIA,EQ,3.65,3.65,3.5,3.65,3.65,3.5,1446,5273.4,01-APR-2021,16,INE747B01016,
NFL,EQ,54.7,56.3,54.5,55.35,55.35,54.1,1368053,75533075.5,01-APR-2021,5797,INE870D01012,
NH,EQ,411.0,421.8,411.0,418.05,418.5,405.85,196432,81858202.55,01-APR-2021,9585,INE410P01011,
NHPC,EQ,24.55,24.8,24.5,24.65,24.7,24.45,1979510,48834802.7,01-APR-2021,4379,INE848E01016,
NIACL,EQ,155.3,159.0,154.2,155.65,155.9,154.35,943989,147462063.5,01-APR-2021,12689,INE470Y01017,
NIBL,EQ,20.0,20.0,20.0,20.0,20.0,19.05,2666,53320.0,01-APR-2021,11,INE047O01014,
NIFTYBEES,EQ,137.05,177.0,137.05,158.7,158.6,157.16,1753952,277262572.78,01-APR-2021,19197,INF204KB14I2,
NIITLTD,EQ,141.65,165.45,141.65,165.45,165.45,137.9,2516885,400845989.35,01-APR-2021,35257,INE161A01038,
NILAINFRA,BE,4.3,4.5,4.3,4.5,4.5,4.3,99517,444208.35,01-APR-2021,94,INE937C01029,
NILASPACES,BE,1.4,1.4,1.35,1.4,1.4,1.35,37445,51717.3,01-APR-2021,44,INE00S901012,
NILKAMAL,EQ,1961.0,1977.0,1937.0,1951.8,1950.0,1950.75,8969,17549100.15,01-APR-2021,1788,INE310A01015,
NIPPOBATRY,EQ,719.9,735.0,710.1,723.55,716.0,709.65,1598,1157364.15,01-APR-2021,144,INE567A01010,
NIRAJ,EQ,42.2,43.35,40.0,40.2,40.0,41.25,7076,293304.5,01-APR-2021,53,INE368I01016,
NITCO,EQ,19.5,20.25,19.1,20.15,20.25,19.3,63012,1254459.8,01-APR-2021,295,INE858F01012,
NITINSPIN,EQ,80.8,86.0,80.8,84.7,86.0,80.75,60675,5044603.45,01-APR-2021,409,INE229H01012,
NKIND,EQ,21.8,23.9,21.7,21.75,23.9,22.8,875,19144.9,01-APR-2021,18,INE542C01019,
NLCINDIA,EQ,50.6,51.05,50.5,50.75,50.8,50.4,1126348,57165650.65,01-APR-2021,8038,INE589A01014,
NMDC,EQ,136.1,139.2,135.75,138.45,138.1,135.35,9626748,1326980033.2,01-APR-2021,40659,INE584A01023,
NOCIL,EQ,176.0,183.0,176.0,180.4,179.65,174.75,1209740,218217145.1,01-APR-2021,17781,INE163A01018,
NOIDATOLL,BE,6.25,6.3,6.25,6.3,6.3,6.0,19824,124835.7,01-APR-2021,55,INE781B01015,
NORBTEAEXP,EQ,5.85,5.9,5.55,5.6,5.6,5.8,11109,62419.05,01-APR-2021,71,INE369C01017,
NOVARTIND,EQ,554.9,598.0,552.15,572.15,572.5,552.0,9700,5549863.3,01-APR-2021,811,INE234A01025,
NPBET,EQ,176.8,181.2,175.35,177.91,180.62,175.24,194,34568.85,01-APR-2021,26,INF277K010X4,
NRAIL,EQ,239.95,245.0,238.85,242.7,243.0,236.35,11518,2794063.45,01-APR-2021,290,INE740D01017,
NRBBEARING,EQ,109.8,113.3,109.25,112.35,112.9,108.85,108256,12139931.25,01-APR-2021,2789,INE349A01021,
NSIL,EQ,1058.1,1101.0,1044.35,1093.45,1100.0,1059.3,1952,2106605.95,01-APR-2021,344,INE023A01030,
NTL,EQ,0.7,0.7,0.7,0.7,0.7,0.65,2640,1848.0,01-APR-2021,7,INE333I01036,
NTPC,EQ,107.5,108.75,106.95,107.9,107.8,106.55,13753303,1483877587.3,01-APR-2021,52607,INE733E01010,
NUCLEUS,EQ,483.6,501.35,483.6,495.35,494.0,481.15,40331,20010541.3,01-APR-2021,3122,INE096B01018,
NURECA,EQ,609.1,615.0,583.0,601.5,605.0,601.05,10266,6160014.4,01-APR-2021,825,INE0DSF01015,
NXTDIGITAL,EQ,468.95,495.0,462.3,484.8,495.0,464.3,5657,2737335.45,01-APR-2021,182,INE353A01023,
OAL,EQ,590.0,595.0,586.05,588.65,588.0,586.5,14316,8456241.7,01-APR-2021,421,INE959C01023,
OBEROIRLTY,EQ,571.35,596.0,569.0,578.85,577.5,575.15,445532,259864754.55,01-APR-2021,16834,INE093I01010,
OCCL,EQ,924.9,949.4,924.85,937.5,942.0,916.9,4084,3824963.8,01-APR-2021,636,INE321D01016,
OFSS,EQ,3230.0,3270.0,3185.0,3209.1,3209.8,3198.95,110273,356589582.05,01-APR-2021,10142,INE881D01027,
OIL,EQ,122.8,124.8,122.5,124.0,124.0,122.8,579175,71556127.35,01-APR-2021,11076,INE274J01014,
OILCOUNTUB,BE,5.35,5.35,5.35,5.35,5.35,5.6,6003,32116.05,01-APR-2021,9,INE591A01010,
OLECTRA,EQ,221.05,223.6,217.6,219.45,220.4,217.3,222542,49028054.35,01-APR-2021,3163,INE260D01016,
OMAXAUTO,EQ,40.95,44.0,40.75,43.55,43.15,40.4,21518,916505.65,01-APR-2021,601,INE090B01011,
OMAXE,EQ,68.0,69.2,67.5,68.45,68.7,67.9,90819,6228493.75,01-APR-2021,362,INE800H01010,
OMINFRAL,EQ,23.05,23.4,22.65,22.85,23.0,22.5,61414,1418543.65,01-APR-2021,196,INE239D01028,
OMKARCHEM,BE,12.2,12.2,12.2,12.2,12.2,11.65,22185,270657.0,01-APR-2021,61,INE474L01016,
ONELIFECAP,BE,5.95,6.2,5.7,6.05,6.05,5.95,9051,51992.45,01-APR-2021,33,INE912L01015,
ONEPOINT,EQ,13.15,13.2,12.5,13.0,13.15,13.0,40459,524183.35,01-APR-2021,105,INE840Y01011,
ONGC,EQ,103.0,105.25,101.15,104.35,104.2,102.15,22299747,2297394174.85,01-APR-2021,78669,INE213A01029,
ONMOBILE,EQ,92.55,92.55,92.55,92.55,92.55,88.15,157234,14552006.7,01-APR-2021,478,INE809I01019,
ONWARDTEC,EQ,115.1,129.5,114.8,123.75,123.0,113.5,287274,35964395.8,01-APR-2021,4202,INE229A01017,
OPTIEMUS,EQ,117.55,127.1,117.55,127.1,127.1,121.05,25595,3207365.15,01-APR-2021,292,INE350C01017,
OPTOCIRCUI,BE,2.85,3.0,2.8,3.0,3.0,2.9,629512,1833135.65,01-APR-2021,434,INE808B01016,
ORBTEXP,EQ,57.0,58.9,56.9,57.0,57.0,57.45,21936,1259703.85,01-APR-2021,340,INE231G01010,
ORCHPHARMA,BE,2527.9,2527.9,2527.9,2527.9,2527.9,2407.55,247,624391.3,01-APR-2021,34,INE191A01027,
ORICONENT,BE,18.4,18.8,18.0,18.8,18.8,17.95,24867,460816.25,01-APR-2021,104,INE730A01022,
ORIENTABRA,EQ,21.75,21.75,20.8,21.45,21.55,20.8,37954,805216.5,01-APR-2021,307,INE569C01020,
ORIENTALTL,EQ,6.2,6.3,5.9,6.05,6.0,6.15,86869,526847.25,01-APR-2021,191,INE998H01012,
ORIENTBELL,EQ,204.5,219.0,201.55,216.5,216.05,204.45,18076,3835976.75,01-APR-2021,457,INE607D01018,
ORIENTCEM,EQ,98.8,102.85,98.1,101.6,102.4,97.8,638254,64373971.55,01-APR-2021,5737,INE876N01018,
ORIENTELEC,EQ,313.5,318.95,312.05,317.25,317.0,311.45,265551,84013649.5,01-APR-2021,7845,INE142Z01019,
ORIENTHOT,EQ,23.2,23.25,22.6,22.95,23.0,22.8,59240,1359502.75,01-APR-2021,221,INE750A01020,
ORIENTLTD,EQ,80.85,81.65,78.15,80.45,80.9,79.0,426,33937.1,01-APR-2021,19,INE609C01024,
ORIENTPPR,EQ,24.75,25.85,24.65,25.6,25.7,24.6,905815,22979843.0,01-APR-2021,2256,INE592A01026,
ORIENTREF,EQ,226.3,241.0,226.3,237.4,237.1,225.6,187534,44218837.9,01-APR-2021,3918,INE743M01012,
ORISSAMINE,EQ,2470.0,2504.05,2460.0,2471.2,2482.0,2466.0,5304,13159154.2,01-APR-2021,814,INE725E01024,
ORTINLAB,BE,29.45,29.45,29.45,29.45,29.45,31.0,2609,76835.05,01-APR-2021,41,INE749B01020,
OSWALAGRO,EQ,10.4,10.4,9.1,10.15,10.1,10.2,189436,1914372.45,01-APR-2021,526,INE142A01012,
PAGEIND,EQ,30598.0,30749.6,29990.0,30197.6,30180.0,30317.45,33538,1013360548.3,01-APR-2021,10929,INE761H01022,
PAISALO,EQ,790.0,794.95,777.0,781.05,777.0,790.0,34989,27351620.65,01-APR-2021,563,INE420C01042,
PALASHSECU,EQ,45.8,50.1,45.8,50.0,50.0,47.75,2298,113407.55,01-APR-2021,29,INE471W01019,
PALREDTEC,BE,94.05,99.45,92.9,97.6,99.45,94.75,13431,1290558.5,01-APR-2021,139,INE218G01033,
PANACEABIO,EQ,180.0,192.0,179.95,190.5,190.7,178.9,162642,30549955.05,01-APR-2021,3300,INE922B01023,
PANACHE,EQ,59.95,63.15,57.3,62.1,60.8,57.45,43702,2707294.45,01-APR-2021,565,INE895W01019,
PANAMAPET,EQ,145.1,170.0,145.1,166.15,165.1,145.05,335363,54715099.6,01-APR-2021,4825,INE305C01029,
PARACABLES,EQ,8.2,8.6,8.2,8.5,8.45,8.2,123832,1051797.7,01-APR-2021,223,INE074B01023,
PARAGMILK,EQ,106.5,112.0,105.95,111.45,111.6,105.55,1193557,130726525.5,01-APR-2021,11064,INE883N01014,
PARSVNATH,BE,8.75,8.95,8.3,8.95,8.95,8.55,95727,848909.55,01-APR-2021,172,INE561H01026,
PATELENG,EQ,12.05,12.55,11.9,12.4,12.35,11.7,238632,2938368.15,01-APR-2021,687,INE244B01030,
PATINTLOG,EQ,16.3,17.15,16.2,17.0,17.0,15.75,92250,1534566.5,01-APR-2021,597,INE529D01014,
PATSPINLTD,EQ,4.75,4.85,4.55,4.8,4.85,4.75,26859,125524.5,01-APR-2021,59,INE790C01014,
PCJEWELLER,EQ,27.1,28.45,27.1,27.7,27.6,27.1,2169554,59935056.1,01-APR-2021,3331,INE785M01013,
PDMJEPAPER,EQ,24.2,24.75,24.2,24.55,24.55,24.0,23489,576407.7,01-APR-2021,204,INE865T01018,
PDSMFL,EQ,670.0,694.0,662.0,672.05,666.0,662.35,2594,1761407.2,01-APR-2021,199,INE111Q01013,
PEARLPOLY,EQ,14.7,14.75,14.1,14.2,14.15,14.05,1494,21605.0,01-APR-2021,27,INE844A01013,
PEL,EQ,1777.4,1819.55,1761.8,1779.8,1786.8,1753.15,1622529,2906909536.9,01-APR-2021,49095,INE140A01024,
PENIND,EQ,16.35,18.6,16.35,17.5,17.5,16.3,837957,14759349.65,01-APR-2021,1604,INE932A01024,
PENINLAND,EQ,8.5,8.5,8.5,8.5,8.5,8.1,76004,646034.0,01-APR-2021,67,INE138A01028,
PERSISTENT,EQ,1929.0,1978.0,1921.9,1953.25,1953.5,1922.05,138155,269846940.05,01-APR-2021,13118,INE262H01013,
PETRONET,EQ,226.8,228.75,225.55,227.75,228.0,224.65,1617459,367837772.15,01-APR-2021,23577,INE347G01014,
PFC,EQ,114.6,114.8,113.45,114.4,114.55,113.75,4394808,501750259.15,01-APR-2021,22225,INE134E01011,
PFIZER,EQ,4512.0,4589.0,4510.0,4551.5,4559.95,4524.9,80485,367115038.1,01-APR-2021,10420,INE182A01018,
PFOCUS,EQ,57.8,61.7,57.65,60.85,60.25,57.25,58994,3521258.55,01-APR-2021,536,INE367G01038,
PFS,EQ,18.2,18.8,18.2,18.7,18.75,18.05,685523,12677759.25,01-APR-2021,1549,INE560K01014,
PGEL,BE,424.25,424.7,386.65,390.35,390.0,406.95,46435,18627322.25,01-APR-2021,1051,INE457L01011,
PGHH,EQ,12620.0,12796.05,12425.0,12567.55,12605.0,12678.95,7404,92947310.75,01-APR-2021,3973,INE179A01014,
PGHL,EQ,6220.0,6255.75,6120.0,6169.3,6180.0,6202.15,6755,41622836.7,01-APR-2021,2022,INE199A01012,
PGIL,EQ,169.4,174.1,167.05,168.8,167.1,171.55,722,123341.75,01-APR-2021,50,INE940H01014,
PHILIPCARB,EQ,192.4,202.0,191.65,198.7,198.45,190.8,889414,176250959.35,01-APR-2021,9920,INE602A01023,
PHOENIXLTD,EQ,773.6,781.4,761.25,767.85,766.0,780.65,92433,71102820.05,01-APR-2021,6897,INE211B01039,
PIDILITIND,EQ,1811.0,1833.0,1809.1,1823.15,1821.0,1809.4,462214,842929209.55,01-APR-2021,30122,INE318A01026,
PIIND,EQ,2254.2,2304.0,2233.65,2249.8,2249.85,2258.15,179555,405560241.55,01-APR-2021,24262,INE603J01030,
PILANIINVS,EQ,1674.0,1699.0,1611.0,1693.0,1699.0,1579.5,5635,9360586.9,01-APR-2021,1051,INE417C01014,
PILITA,EQ,18.1,19.2,16.55,18.4,17.8,17.4,480552,8722576.05,01-APR-2021,988,INE600A01035,
PIONDIST,EQ,108.15,108.45,107.05,108.3,108.4,107.65,1279,137719.15,01-APR-2021,61,INE889E01010,
PIONEEREMB,EQ,39.3,40.75,39.05,39.45,39.4,39.75,14482,575540.15,01-APR-2021,249,INE156C01018,
PITTIENG,EQ,67.75,68.35,66.15,67.8,67.9,66.5,200469,13514473.6,01-APR-2021,2525,INE450D01021,
PKTEA,BE,229.9,229.9,216.0,229.45,229.45,219.9,140,31489.95,01-APR-2021,11,INE431F01018,
PLASTIBLEN,EQ,227.1,235.7,227.0,229.8,230.1,230.1,11318,2615636.5,01-APR-2021,459,INE083C01022,
PNB,EQ,37.0,38.5,36.8,38.2,38.25,36.65,100007430,3749181316.15,01-APR-2021,87456,INE160A01022,
PNBGILTS,EQ,48.5,51.5,48.35,51.2,51.25,48.1,665990,33695490.85,01-APR-2021,4189,INE859A01011,
PNBHOUSING,EQ,379.85,396.0,377.25,393.05,392.0,374.9,279533,108708438.6,01-APR-2021,11711,INE572E01012,
PNC,BE,43.9,43.9,43.9,43.9,43.9,41.85,12719,558364.1,01-APR-2021,36,INE392B01011,
PNCINFRA,EQ,258.7,264.0,254.2,257.5,256.8,257.9,254612,65581505.95,01-APR-2021,7487,INE195J01029,
PODDARHOUS,BE,190.0,190.0,180.0,186.85,186.85,187.65,3892,712815.05,01-APR-2021,47,INE888B01018,
PODDARMENT,EQ,191.2,194.0,189.0,192.0,191.25,188.55,4134,789965.85,01-APR-2021,204,INE371C01013,
POKARNA,EQ,264.95,269.5,260.25,267.4,266.0,263.35,154832,41019091.2,01-APR-2021,4736,INE637C01025,
POLYCAB,EQ,1394.0,1402.0,1376.75,1396.25,1395.0,1379.55,154908,215488666.5,01-APR-2021,11594,INE455K01017,
POLYMED,EQ,823.2,845.0,815.0,837.2,845.0,822.35,70423,58380484.9,01-APR-2021,5480,INE205C01021,
POLYPLEX,EQ,883.0,883.0,865.0,870.15,865.1,863.0,38678,33812843.75,01-APR-2021,2523,INE633B01018,
PONNIERODE,EQ,149.55,150.0,148.3,149.95,150.0,147.7,2601,388484.1,01-APR-2021,51,INE838E01017,
POWERGRID,EQ,216.65,219.35,214.75,218.7,217.75,215.65,6316508,1369829902.1,01-APR-2021,61052,INE752E01010,
POWERINDIA,EQ,1374.1,1390.0,1353.1,1382.7,1380.0,1366.95,9973,13729832.25,01-APR-2021,1303,INE07Y701011,
POWERMECH,EQ,589.95,596.0,572.2,576.25,577.7,583.9,49983,29127852.25,01-APR-2021,2069,INE211R01019,
PPAP,EQ,203.85,209.0,195.6,199.2,201.7,197.0,78150,15612544.65,01-APR-2021,2001,INE095I01015,
PPL,EQ,130.55,132.75,128.0,130.3,129.0,127.65,209642,27456571.0,01-APR-2021,4730,INE050001010,
PRABHAT,EQ,96.5,98.5,95.8,97.0,96.75,95.8,320075,30998218.35,01-APR-2021,1088,INE302M01033,
PRAENG,EQ,7.8,8.2,7.6,8.05,8.1,7.8,17050,133919.3,01-APR-2021,67,INE505C01016,
PRAJIND,EQ,196.05,198.0,192.0,193.15,193.0,194.85,1594598,311067814.6,01-APR-2021,13712,INE074A01025,
PRAKASH,EQ,74.8,83.1,73.2,81.4,81.05,74.2,8228749,653214179.55,01-APR-2021,46796,INE603A01013,
PRAKASHSTL,EQ,0.8,0.8,0.75,0.75,0.75,0.8,391011,296994.65,01-APR-2021,169,INE696K01024,
PRAXIS,BE,33.4,35.05,31.75,35.05,35.05,33.4,4034,135067.8,01-APR-2021,48,INE546Y01022,
PRECAM,EQ,40.1,41.95,39.85,41.2,41.4,39.7,74013,3036163.15,01-APR-2021,748,INE484I01029,
PRECOT,EQ,113.4,113.5,109.05,112.5,113.0,108.1,5598,628858.75,01-APR-2021,85,INE283A01014,
PRECWIRE,EQ,198.0,198.0,193.4,195.45,195.1,193.65,18569,3619303.5,01-APR-2021,483,INE372C01029,
PREMEXPLN,BE,148.5,159.4,148.5,156.75,157.9,153.1,5723,894345.85,01-APR-2021,53,INE863B01011,
PREMIER,BE,2.65,2.65,2.5,2.5,2.5,2.6,170052,440070.45,01-APR-2021,42,INE342A01018,
PREMIERPOL,EQ,35.2,38.0,35.2,37.7,38.0,35.6,9798,365980.55,01-APR-2021,79,INE309M01012,
PRESSMN,EQ,21.9,23.95,21.35,22.85,23.35,21.45,136375,3161984.45,01-APR-2021,662,INE980A01023,
PRESTIGE,EQ,306.4,310.0,300.25,308.85,308.0,305.6,427152,130409062.2,01-APR-2021,11914,INE811K01011,
PRICOLLTD,EQ,70.75,73.1,69.75,71.5,71.0,70.0,939684,67235622.0,01-APR-2021,8782,INE726V01018,
PRIMESECU,BE,43.2,43.8,41.2,43.55,43.8,41.75,6370,274803.2,01-APR-2021,52,INE032B01021,
PRINCEPIPE,EQ,424.9,434.85,420.45,427.5,428.9,417.45,332351,142258580.5,01-APR-2021,8953,INE689W01016,
PRIVISCL,EQ,855.05,875.0,838.5,843.95,850.0,854.05,21181,17963743.45,01-APR-2021,2146,INE959A01019,
PROZONINTU,EQ,16.85,17.25,16.65,17.1,17.25,16.65,111511,1892689.55,01-APR-2021,424,INE195N01013,
PRSMJOHNSN,EQ,132.1,134.9,130.3,134.05,134.4,131.05,631742,83664591.85,01-APR-2021,3406,INE010A01011,
PSB,EQ,18.45,18.45,18.45,18.45,18.45,17.6,650828,12007776.6,01-APR-2021,824,INE608A01012,
PSPPROJECT,EQ,468.8,468.8,461.05,466.15,464.8,463.3,25413,11775006.05,01-APR-2021,580,INE488V01015,
PSUBNKBEES,EQ,23.95,24.2,23.7,24.02,23.97,23.67,357929,8547258.45,01-APR-2021,931,INF204KB16I7,
PTC,EQ,78.1,79.8,78.1,78.8,78.9,77.75,1373983,108351254.0,01-APR-2021,10423,INE877F01012,
PTL,EQ,38.9,40.0,38.65,38.95,39.15,38.75,33161,1299641.45,01-APR-2021,384,INE034D01031,
PUNJABCHEM,EQ,888.4,909.0,872.0,896.15,894.25,875.25,6496,5795774.9,01-APR-2021,538,INE277B01014,
PURVA,EQ,71.0,72.45,70.3,71.95,71.9,70.0,97859,7016015.35,01-APR-2021,1378,INE323I01011,
PVR,EQ,1226.15,1247.0,1212.5,1238.05,1230.0,1226.15,802861,985032598.0,01-APR-2021,26895,INE191H01014,
QGOLDHALF,EQ,1935.95,1943.0,1927.0,1942.9,1941.0,1908.0,577,1119811.35,01-APR-2021,103,INF082J01010,
QNIFTY,EQ,1531.0,1570.0,1527.0,1534.0,1533.0,1519.0,34,52281.83,01-APR-2021,13,INF082J01028,
QUESS,EQ,692.3,703.85,680.0,689.75,684.0,698.8,143173,99121894.55,01-APR-2021,9370,INE615P01015,
QUICKHEAL,EQ,187.2,191.8,187.1,189.3,189.9,186.5,207654,39379144.75,01-APR-2021,4535,INE306L01010,
RADAAN,BE,0.85,0.85,0.8,0.85,0.85,0.8,6759,5688.9,01-APR-2021,10,INE874F01027,
RADICO,EQ,561.0,569.0,560.0,565.1,562.65,560.05,139383,78777312.9,01-APR-2021,10752,INE944F01028,
RADIOCITY,EQ,23.5,24.4,23.5,24.1,24.15,23.55,74192,1766040.7,01-APR-2021,164,INE919I01024,
RAILTEL,EQ,128.1,130.5,126.8,128.8,128.6,126.8,2709913,347110457.75,01-APR-2021,30127,INE0DD101019,
RAIN,EQ,144.7,154.1,144.0,149.9,149.55,142.85,3619423,541982004.5,01-APR-2021,28974,INE855B01025,
RAJESHEXPO,EQ,481.0,495.65,480.0,492.35,490.0,478.8,182224,88982528.35,01-APR-2021,5258,INE343B01030,
RAJMET,BE,86.8,87.15,86.8,87.0,87.0,88.5,1591,138586.1,01-APR-2021,19,INE00KV01014,
RAJRATAN,EQ,792.0,797.0,761.2,771.9,785.0,783.55,10072,7869881.25,01-APR-2021,672,INE451D01011,
RAJSREESUG,BE,17.8,18.4,17.15,18.1,18.0,17.65,12347,223724.55,01-APR-2021,66,INE562B01019,
RAJTV,EQ,32.7,33.45,32.25,32.8,32.8,32.05,4207,137349.1,01-APR-2021,58,INE952H01027,
RALLIS,EQ,256.1,261.0,254.25,259.8,259.7,252.8,244389,63261504.15,01-APR-2021,4224,INE613A01020,
RAMANEWS,EQ,16.65,17.3,16.55,16.8,16.95,16.65,40181,679341.45,01-APR-2021,257,INE278B01020,
RAMASTEEL,BE,69.95,71.85,67.55,69.85,69.0,69.95,3357,237494.3,01-APR-2021,28,INE230R01027,
RAMCOCEM,EQ,1010.0,1029.75,1002.25,1027.05,1024.6,1002.55,348159,353552062.35,01-APR-2021,19323,INE331A01037,
RAMCOIND,EQ,257.95,261.95,255.8,257.95,258.0,256.65,42531,10967295.75,01-APR-2021,1707,INE614A01028,
RAMCOSYS,EQ,533.8,594.0,533.05,570.5,570.0,529.55,341687,194233660.75,01-APR-2021,8070,INE246B01019,
RAMKY,EQ,80.5,80.5,75.7,76.3,76.0,77.5,61270,4719150.6,01-APR-2021,529,INE874I01013,
RANASUG,EQ,9.9,10.0,9.7,9.8,9.7,9.65,1059630,10434279.2,01-APR-2021,2131,INE625B01014,
RANEENGINE,EQ,274.65,274.7,260.05,266.7,266.6,261.55,9428,2503568.9,01-APR-2021,502,INE222J01013,
RANEHOLDIN,EQ,595.0,614.9,592.25,600.2,600.0,590.25,7953,4796427.5,01-APR-2021,522,INE384A01010,
RATNAMANI,EQ,1898.6,2069.75,1888.3,1995.6,1998.95,1901.8,51842,102877024.2,01-APR-2021,7178,INE703B01027,
RAYMOND,EQ,363.4,371.0,362.05,368.7,367.7,361.55,486266,178466288.0,01-APR-2021,7776,INE301A01014,
RBL,EQ,801.9,808.8,792.0,799.45,798.0,800.15,3651,2925027.65,01-APR-2021,342,INE244J01017,
RBLBANK,EQ,210.9,217.0,208.35,216.2,216.2,207.55,11026676,2340654677.95,01-APR-2021,68003,INE976G01028,
RCF,EQ,78.25,80.75,77.4,79.05,79.1,77.45,1898593,149878484.35,01-APR-2021,10988,INE027A01015,
RCOM,EQ,1.7,1.75,1.65,1.75,1.75,1.7,9510977,16378338.95,01-APR-2021,3898,INE330H01018,
RECLTD,EQ,132.2,133.1,131.1,132.75,133.0,131.15,3582988,473825335.6,01-APR-2021,18847,INE020B01018,
REDINGTON,EQ,192.3,192.8,182.05,184.0,183.5,190.85,433169,80423522.9,01-APR-2021,12565,INE891D01026,
REFEX,EQ,96.0,97.5,93.0,94.35,93.8,93.45,155259,14840250.05,01-APR-2021,2220,INE056I01017,
RELAXO,EQ,881.05,910.0,881.05,904.35,909.0,876.4,304844,275067264.85,01-APR-2021,12936,INE131B01039,
RELCAPITAL,EQ,10.85,11.25,10.85,11.25,11.25,10.75,1923224,21506651.2,01-APR-2021,1586,INE013A01015,
RELIANCE,EQ,2018.0,2030.0,2003.15,2021.85,2020.0,2003.1,5410307,10917411938.75,01-APR-2021,140946,INE002A01018,
RELIGARE,EQ,88.0,96.5,88.0,94.95,94.0,87.5,835775,77922844.95,01-APR-2021,4117,INE621H01010,
RELINFRA,EQ,35.4,38.6,35.4,38.2,38.35,35.1,5784965,218445242.15,01-APR-2021,14425,INE036A01016,
REMSONSIND,EQ,152.95,152.95,138.05,141.7,140.5,143.1,2034,290927.7,01-APR-2021,79,INE474C01015,
RENUKA,EQ,9.25,9.75,9.25,9.7,9.65,9.15,3345281,32083275.25,01-APR-2021,2341,INE087H01022,
REPCOHOME,EQ,339.7,340.0,332.05,336.9,339.75,337.05,62625,21075105.3,01-APR-2021,1517,INE612J01015,
REPL,EQ,206.5,209.9,203.0,207.05,207.1,202.3,12284,2540570.15,01-APR-2021,199,INE364Z01019,
REPRO,EQ,352.8,378.0,350.75,360.0,359.9,349.55,6963,2532790.2,01-APR-2021,421,INE461B01014,
RESPONIND,EQ,168.0,189.4,166.7,182.1,180.0,167.1,104698,18425788.35,01-APR-2021,2250,INE688D01026,
REVATHI,EQ,490.15,495.1,470.65,492.5,495.0,471.05,3591,1741672.7,01-APR-2021,447,INE617A01013,
RGL,EQ,298.0,324.3,298.0,308.7,307.9,293.6,20287,6345816.4,01-APR-2021,850,INE722H01016,
RHFL,EQ,2.4,2.5,2.4,2.5,2.5,2.4,577178,1436827.75,01-APR-2021,695,INE217K01011,
RICOAUTO,EQ,35.8,38.15,35.75,37.65,37.85,35.5,398044,14859589.2,01-APR-2021,2066,INE209B01025,
RIIL,EQ,366.9,377.0,366.5,374.95,375.3,364.55,191943,71580969.4,01-APR-2021,4896,INE046A01015,
RITES,EQ,241.3,247.0,241.3,244.75,244.5,240.8,221900,54203565.45,01-APR-2021,5225,INE320J01015,
RKDL,EQ,7.5,7.75,7.5,7.65,7.65,7.4,4938,37763.2,01-APR-2021,24,INE722J01012,
RKEC,EQ,61.1,63.0,61.1,62.65,62.9,60.2,19283,1184700.9,01-APR-2021,59,INE786W01010,
RKFORGE,EQ,525.0,535.0,518.05,531.8,535.0,522.9,15431,8148748.45,01-APR-2021,1473,INE399G01015,
RMCL,BE,2.4,2.4,2.3,2.35,2.35,2.3,25241,59820.75,01-APR-2021,89,INE172H01014,
RML,EQ,379.65,383.85,368.7,375.5,379.7,372.35,18343,6935368.8,01-APR-2021,779,INE050H01012,
ROHITFERRO,BE,1.75,1.85,1.75,1.85,1.85,1.8,94376,165486.75,01-APR-2021,35,INE248H01012,
ROHLTD,EQ,65.45,66.5,63.7,65.9,66.0,62.85,50432,3283227.05,01-APR-2021,387,INE283H01019,
ROLLT,BE,2.25,2.35,2.25,2.35,2.35,2.25,33372,77655.55,01-APR-2021,64,INE927A01040,
ROLTA,EQ,3.2,3.4,3.15,3.4,3.4,3.25,240739,800460.65,01-APR-2021,505,INE293A01013,
ROML,BE,93.0,93.3,84.65,93.05,93.3,88.9,6230,563982.5,01-APR-2021,101,INE294G01026,
ROSSARI,EQ,1055.0,1085.0,1041.75,1073.6,1070.0,1035.55,144469,154020265.2,01-APR-2021,14622,INE02A801020,
ROSSELLIND,EQ,107.85,111.95,105.3,109.7,111.95,104.85,12965,1401612.4,01-APR-2021,202,INE847C01020,
ROUTE,EQ,1422.0,1485.0,1420.0,1469.7,1480.3,1409.8,485394,706914279.9,01-APR-2021,32071,INE450U01017,
RPGLIFE,EQ,390.5,399.9,385.0,388.1,389.8,387.4,33302,13079009.8,01-APR-2021,1611,INE105J01010,
RPOWER,EQ,4.4,4.55,4.4,4.55,4.55,4.35,4136086,18708643.75,01-APR-2021,1936,INE614G01033,
RPPINFRA,EQ,57.5,64.5,57.5,61.95,61.7,57.15,88516,5493661.25,01-APR-2021,1026,INE324L01013,
RPSGVENT,EQ,338.0,375.0,338.0,370.2,367.0,337.15,230361,83113404.4,01-APR-2021,5321,INE425Y01011,
RSSOFTWARE,EQ,24.85,25.2,24.3,25.2,25.2,24.0,9430,235681.1,01-APR-2021,57,INE165B01029,
RSWM,EQ,187.0,196.0,187.0,193.55,195.95,186.6,15095,2891417.0,01-APR-2021,281,INE611A01016,
RSYSTEMS,EQ,116.95,116.95,112.0,114.4,114.1,113.65,5707,656082.05,01-APR-2021,171,INE411H01032,
RTNINFRA,EQ,5.35,5.35,4.85,4.95,4.85,5.1,3794677,19272599.7,01-APR-2021,2070,INE834M01019,
RTNPOWER,EQ,2.6,2.65,2.55,2.65,2.65,2.55,3348294,8803715.85,01-APR-2021,1374,INE399K01017,
RUBYMILLS,EQ,163.0,171.0,163.0,168.9,170.95,163.9,3183,533288.75,01-APR-2021,195,INE301D01026,
RUCHI,EQ,655.0,674.1,644.05,674.1,674.1,642.0,17284,11443680.1,01-APR-2021,1529,INE619A01035,
RUCHINFRA,BE,6.05,6.1,5.9,6.1,6.1,5.85,98394,591584.45,01-APR-2021,196,INE413B01023,
RUCHIRA,EQ,64.0,64.9,62.5,63.35,63.15,62.05,52546,3341239.15,01-APR-2021,625,INE803H01014,
RUPA,EQ,309.9,312.45,306.0,307.5,306.0,307.3,46653,14447255.9,01-APR-2021,1176,INE895B01021,
RUSHIL,EQ,209.35,219.8,207.05,219.8,219.8,209.35,26126,5722357.0,01-APR-2021,633,INE573K01017,
RVHL,EQ,15.05,16.5,15.05,16.5,16.5,15.75,27777,449265.6,01-APR-2021,207,INE09E501017,
RVNL,EQ,29.3,30.2,29.2,29.65,29.7,29.1,19400812,573584916.8,01-APR-2021,18056,INE415G01027,
S&SPOWER,BE,19.55,20.05,19.55,19.85,20.05,20.2,1567,30959.75,01-APR-2021,18,INE902B01017,
SABEVENTS,EQ,1.35,1.35,1.35,1.35,1.35,1.3,21321,28783.35,01-APR-2021,15,INE860T01019,
SADBHAV,EQ,62.8,65.55,62.4,64.3,64.5,62.3,1108391,71391292.05,01-APR-2021,3113,INE226H01026,
SADBHIN,EQ,19.85,21.15,19.75,20.4,20.3,19.55,480195,9827953.9,01-APR-2021,816,INE764L01010,
SAFARI,EQ,606.2,629.45,605.1,615.75,612.25,606.25,4940,3039238.2,01-APR-2021,545,INE429E01023,
SAGARDEEP,EQ,33.95,34.0,31.2,33.8,34.0,32.4,6328,211044.35,01-APR-2021,168,INE976T01013,
SAGCEM,EQ,720.0,743.3,712.85,735.0,739.9,715.05,81937,59051998.7,01-APR-2021,1470,INE229C01013,
SAIL,EQ,79.65,84.4,79.55,83.85,83.3,78.8,87556680,7212011967.9,01-APR-2021,161975,INE114A01011,
SAKAR,EQ,112.05,120.5,111.15,115.5,115.0,113.1,374167,43995846.9,01-APR-2021,3366,INE732S01012,
SAKHTISUG,EQ,9.8,9.8,9.45,9.7,9.75,9.4,61427,596440.6,01-APR-2021,158,INE623A01011,
SAKSOFT,EQ,360.75,375.0,356.7,368.6,366.5,360.0,28313,10381298.7,01-APR-2021,1093,INE667G01015,
SAKUMA,EQ,5.05,5.15,4.85,5.0,5.0,4.8,243203,1222171.55,01-APR-2021,377,INE190H01024,
SALASAR,EQ,367.0,379.9,363.15,372.2,377.0,364.15,40957,15067943.4,01-APR-2021,1660,INE170V01019,
SALONA,EQ,92.0,97.7,91.55,95.6,95.7,93.5,733,69909.0,01-APR-2021,43,INE498E01010,
SALSTEEL,EQ,3.2,3.25,2.95,3.2,3.2,3.1,330549,1010109.6,01-APR-2021,267,INE658G01014,
SALZERELEC,EQ,126.4,128.5,124.55,127.95,127.7,122.5,31793,4030053.65,01-APR-2021,737,INE457F01013,
SAMBHAAV,EQ,2.1,2.1,1.9,2.05,2.1,2.0,70265,140934.8,01-APR-2021,69,INE699B01027,
SANCO,EQ,7.65,7.95,7.65,7.95,7.95,7.6,43718,346551.1,01-APR-2021,96,INE782L01012,
SANDESH,EQ,663.7,675.0,644.4,657.7,651.0,648.45,1080,714410.85,01-APR-2021,200,INE583B01015,
SANDHAR,EQ,206.4,211.75,206.4,210.7,211.4,205.35,11932,2506326.55,01-APR-2021,592,INE278H01035,
SANGAMIND,BE,76.6,76.65,74.5,76.5,76.65,74.5,1844,140285.6,01-APR-2021,19,INE495C01010,
SANGHIIND,EQ,42.8,44.35,42.65,43.85,43.95,42.5,1437628,62721892.05,01-APR-2021,4226,INE999B01013,
SANGHVIFOR,BE,20.1,20.2,18.65,20.05,20.0,19.25,2986,59757.85,01-APR-2021,24,INE263L01013,
SANGHVIMOV,EQ,99.9,108.45,99.9,105.1,105.0,100.45,17651,1872150.75,01-APR-2021,323,INE989A01024,
SANGINITA,EQ,20.4,20.4,18.0,18.8,18.6,19.25,124700,2389793.3,01-APR-2021,726,INE753W01010,
SANOFI,EQ,7935.0,8040.0,7868.2,7994.3,8004.0,7884.55,32906,260538297.7,01-APR-2021,4074,INE058A01010,
SARDAEN,EQ,422.2,443.0,421.85,437.1,437.7,418.6,236688,102512288.35,01-APR-2021,6292,INE385C01013,
SAREGAMA,EQ,1619.0,1741.0,1601.2,1712.3,1724.0,1595.15,44110,74426291.1,01-APR-2021,3363,INE979A01017,
SARLAPOLY,EQ,24.65,27.5,24.2,26.8,26.9,24.1,177457,4586811.35,01-APR-2021,778,INE453D01025,
SASKEN,EQ,870.35,894.35,868.25,875.3,872.65,874.35,15439,13553893.7,01-APR-2021,1327,INE231F01020,
SASTASUNDR,EQ,119.8,120.8,117.05,118.15,118.0,116.65,16911,2010122.65,01-APR-2021,586,INE019J01013,
SATIA,EQ,82.6,88.0,81.7,85.7,85.0,81.45,90331,7633245.15,01-APR-2021,757,INE170E01023,
SATIN,EQ,85.8,90.05,85.8,90.05,90.05,85.8,111410,9942669.0,01-APR-2021,671,INE836B01017,
SBICARD,EQ,935.0,985.0,935.0,974.3,979.0,928.25,2082857,1995661374.8,01-APR-2021,80021,INE018E01016,
SBIETFIT,EQ,260.0,265.0,259.2,264.93,265.0,257.59,10185,2693836.06,01-APR-2021,99,INF200KA1S14,
SBIETFPB,EQ,181.9,182.99,179.01,179.98,181.0,179.63,779,141372.85,01-APR-2021,45,INF200KA1S22,
SBIETFQLTY,EQ,127.5,130.5,126.1,126.68,126.69,126.79,4727,603164.66,01-APR-2021,92,INF200KA1WX6,
SBILIFE,EQ,881.6,890.05,876.5,883.45,887.9,880.85,1193426,1054203960.6,01-APR-2021,66595,INE123W01016,
SBIN,EQ,367.7,371.9,363.1,370.65,370.95,364.3,31883453,11703603342.1,01-APR-2021,201211,INE062A01020,
SCAPDVR,BE,1.75,1.75,1.75,1.75,1.75,1.7,17996,31493.0,01-APR-2021,32,INE224E01036,
SCHAEFFLER,EQ,5430.0,5550.05,5430.0,5491.85,5470.15,5442.05,6296,34556309.2,01-APR-2021,2129,INE513A01014,
SCHAND,BE,106.0,110.45,104.0,107.55,109.0,106.35,35384,3770755.45,01-APR-2021,518,INE807K01035,
SCHNEIDER,EQ,95.3,98.9,95.3,96.75,97.7,94.4,529355,51416482.35,01-APR-2021,5543,INE839M01018,
SCI,EQ,112.4,116.5,111.35,114.15,114.3,110.7,2760503,315310268.35,01-APR-2021,14993,INE109A01011,
SDBL,EQ,33.25,34.35,33.0,33.5,33.4,32.45,93686,3147120.95,01-APR-2021,474,INE480C01020,
SEAMECLTD,EQ,464.8,464.8,439.0,447.0,444.85,438.4,356046,160014084.2,01-APR-2021,6188,INE497B01018,
SECURKLOUD,EQ,77.45,80.75,77.05,80.75,80.75,76.95,19398,1538786.8,01-APR-2021,323,INE650K01021,
SELAN,EQ,133.9,134.75,129.0,131.5,131.4,134.3,112038,14686133.7,01-APR-2021,1091,INE818A01017,
SEPOWER,BE,4.05,4.05,3.75,3.85,3.85,3.9,8519,33409.75,01-APR-2021,60,INE735M01018,
SEQUENT,EQ,242.95,249.9,242.05,243.9,245.7,240.9,417121,102392017.15,01-APR-2021,7003,INE807F01027,
SESHAPAPER,EQ,161.8,164.7,161.05,162.2,161.3,161.8,19415,3163112.75,01-APR-2021,422,INE630A01024,
SETCO,EQ,14.75,15.25,13.95,15.25,15.25,13.9,150323,2264581.25,01-APR-2021,279,INE878E01021,
SETF10GILT,EQ,202.9,202.9,200.0,201.95,201.95,199.5,24,4841.7,01-APR-2021,5,INF200KA1JT1,
SETFGOLD,EQ,4045.0,4045.0,3966.25,4019.95,4018.35,3940.8,9261,37198717.55,01-APR-2021,1422,INF200K01099,
SETFNIF50,EQ,151.33,151.33,149.0,150.52,150.3,149.28,154127,23089845.14,01-APR-2021,1350,INF200KA1FS1,
SETFNIFBK,EQ,336.0,338.46,331.99,337.44,337.89,332.77,23323,7827013.47,01-APR-2021,397,INF200KA1580,
SETFNN50,EQ,357.99,360.79,354.5,358.48,360.69,356.0,5104,1825590.21,01-APR-2021,317,INF200KA1598,
SETUINFRA,BE,0.8,0.8,0.75,0.8,0.8,0.8,106763,83760.95,01-APR-2021,59,INE023M01027,
SEYAIND,EQ,49.5,51.95,49.0,51.55,51.25,49.95,32543,1637234.1,01-APR-2021,491,INE573R01012,
SFL,EQ,1986.95,2024.0,1975.5,1988.15,1983.0,1977.05,4849,9713784.8,01-APR-2021,2153,INE916U01025,
SGL,EQ,8.15,9.7,8.15,9.05,8.95,8.15,228586,2083232.8,01-APR-2021,724,INE353H01010,
SHAHALLOYS,BE,8.55,8.55,8.15,8.15,8.15,8.55,1906,15537.9,01-APR-2021,23,INE640C01011,
SHAKTIPUMP,EQ,518.0,525.7,515.5,518.25,518.5,516.55,30845,16006852.95,01-APR-2021,1316,INE908D01010,
SHALBY,EQ,101.3,107.15,101.2,106.3,106.6,100.8,319425,33663952.45,01-APR-2021,2755,INE597J01018,
SHALPAINTS,EQ,96.8,99.5,96.75,97.2,97.25,97.85,85537,8373107.25,01-APR-2021,1419,INE849C01026,
SHANKARA,EQ,414.5,435.8,414.4,425.05,425.0,411.25,94831,40515159.5,01-APR-2021,4683,INE274V01019,
SHANTIGEAR,EQ,128.75,134.85,126.25,133.4,133.5,127.2,56196,7350104.65,01-APR-2021,743,INE631A01022,
SHARDACROP,EQ,288.3,301.85,288.3,298.4,299.0,286.8,90980,26881217.9,01-APR-2021,3325,INE221J01015,
SHARDAMOTR,EQ,1980.0,2019.0,1980.0,1994.75,2000.0,1964.05,3863,7704440.75,01-APR-2021,478,INE597I01010,
SHAREINDIA,EQ,273.0,277.95,257.45,270.25,267.5,262.95,7981,2164143.05,01-APR-2021,391,INE932X01018,
SHARIABEES,EQ,373.2,375.0,368.49,370.24,370.0,368.49,215,80067.15,01-APR-2021,41,INF732E01128,
SHEMAROO,EQ,66.05,68.75,65.6,68.35,68.0,65.05,36683,2471276.35,01-APR-2021,525,INE363M01019,
SHIL,EQ,270.1,280.0,267.3,272.1,270.0,271.55,55547,15269690.75,01-APR-2021,1259,INE05AN01011,
SHILPAMED,EQ,342.0,357.05,338.5,351.15,351.05,333.8,410513,143658571.3,01-APR-2021,10193,INE790G01031,
SHIVAMAUTO,EQ,18.55,18.7,17.55,18.25,18.05,18.0,44874,827329.6,01-APR-2021,207,INE637H01024,
SHIVAMILLS,BE,43.3,43.95,42.0,43.4,43.4,42.65,3738,161842.35,01-APR-2021,71,INE644Y01017,
SHIVATEX,EQ,141.0,142.55,135.35,138.0,137.25,140.75,15343,2115571.15,01-APR-2021,120,INE705C01020,
SHK,EQ,112.05,116.95,112.05,113.05,112.95,111.45,188039,21407247.95,01-APR-2021,2094,INE500L01026,
SHOPERSTOP,EQ,217.0,218.4,212.4,215.6,216.05,215.0,126564,27256786.75,01-APR-2021,2578,INE498B01024,
SHREDIGCEM,EQ,61.4,64.6,61.4,63.25,63.2,61.8,430653,27352560.55,01-APR-2021,2121,INE232A01011,
SHREECEM,EQ,29570.0,30279.5,29445.4,29951.95,29850.0,29465.4,52771,1576117902.15,01-APR-2021,15708,INE070A01015,
SHREEPUSHK,EQ,137.05,142.4,137.05,138.75,137.05,137.0,70307,9771381.05,01-APR-2021,1713,INE712K01011,
SHREERAMA,EQ,10.25,10.45,9.75,10.25,10.4,10.1,35704,361489.7,01-APR-2021,199,INE879A01019,
SHRENIK,EQ,1.85,1.85,1.8,1.8,1.8,1.85,2498352,4500220.75,01-APR-2021,1703,INE632X01030,
SHREYANIND,EQ,103.7,107.7,101.6,104.4,102.2,101.35,52806,5554957.65,01-APR-2021,771,INE231C01019,
SHREYAS,EQ,72.5,77.0,71.15,76.55,76.1,71.05,38476,2882247.8,01-APR-2021,446,INE757B01015,
SHRIPISTON,BE,820.0,820.0,766.0,778.05,778.05,796.1,342,264839.05,01-APR-2021,44,INE526E01018,
SHRIRAMCIT,EQ,1389.0,1450.0,1370.0,1429.7,1428.0,1363.8,49783,71197992.6,01-APR-2021,6821,INE722A01011,
SHRIRAMEPC,EQ,4.1,4.1,4.0,4.05,4.05,4.0,266973,1075897.4,01-APR-2021,288,INE964H01014,
SHYAMCENT,EQ,5.4,5.45,5.2,5.35,5.3,5.2,52479,278133.2,01-APR-2021,119,INE979R01011,
SICAGEN,EQ,14.55,15.3,14.55,15.05,15.1,14.45,14321,214350.5,01-APR-2021,110,INE176J01011,
SICAL,EQ,10.5,10.9,10.5,10.9,10.9,10.4,129057,1395804.55,01-APR-2021,218,INE075B01012,
SIEMENS,EQ,1850.0,1866.75,1835.0,1858.25,1850.95,1844.0,124369,230495165.0,01-APR-2021,6616,INE003A01024,
SIGIND,EQ,30.4,31.5,30.4,31.35,31.5,30.05,9802,305460.75,01-APR-2021,173,INE529F01035,
SIL,BE,20.0,20.0,19.0,19.7,20.0,19.7,62353,1213404.75,01-APR-2021,67,INE173A01025,
SILGO,EQ,59.0,65.0,54.5,55.65,55.4,56.3,456570,27448749.15,01-APR-2021,5067,INE01II01013,
SILINV,EQ,198.6,202.0,191.6,194.15,191.6,194.55,1665,328218.2,01-APR-2021,76,INE923A01015,
SILLYMONKS,BE,18.7,19.6,18.6,19.6,19.6,18.7,2986,58403.45,01-APR-2021,18,INE203Y01012,
SIMBHALS,EQ,7.45,7.45,7.45,7.45,7.45,7.1,15980,119051.0,01-APR-2021,32,INE748T01016,
SIMPLEXINF,EQ,31.0,32.0,30.55,31.95,32.0,30.5,141979,4522825.6,01-APR-2021,528,INE059B01024,
SINTERCOM,EQ,78.0,95.9,78.0,83.5,82.7,80.0,33276,2902985.65,01-APR-2021,666,INE129Z01016,
SINTEX,BE,3.25,3.5,3.25,3.5,3.5,3.35,1479622,5119717.4,01-APR-2021,677,INE429C01035,
SIRCA,BE,320.9,325.95,316.0,322.1,323.8,315.9,8088,2600412.0,01-APR-2021,113,INE792Z01011,
SIS,EQ,392.0,408.0,392.0,404.8,405.4,390.15,180311,72306087.9,01-APR-2021,6100,INE285J01028,
SITINET,EQ,0.85,0.9,0.85,0.9,0.9,0.85,1971397,1704111.85,01-APR-2021,741,INE965H01011,
SIYSIL,EQ,189.95,195.0,189.4,190.95,191.1,186.4,45970,8797053.45,01-APR-2021,1051,INE076B01028,
SJVN,EQ,26.2,26.5,25.9,26.1,25.95,26.05,1596095,41832730.55,01-APR-2021,4331,INE002L01015,
SKFINDIA,EQ,2223.0,2288.0,2201.0,2220.65,2226.95,2249.4,13930,31305326.4,01-APR-2021,3216,INE640A01023,
SKIL,BE,2.65,2.65,2.55,2.55,2.65,2.55,38850,102043.6,01-APR-2021,46,INE429F01012,
SKIPPER,EQ,61.95,62.45,60.1,61.25,61.65,61.05,31269,1921241.1,01-APR-2021,439,INE439E01022,
SKMEGGPROD,EQ,47.05,49.95,47.05,49.45,49.5,46.75,42325,2061359.8,01-APR-2021,396,INE411D01015,
SMARTLINK,EQ,83.55,85.25,83.5,84.95,85.25,83.7,6492,547167.7,01-APR-2021,150,INE178C01020,
SMCGLOBAL,EQ,69.95,76.4,69.35,75.75,76.3,68.85,408648,30355236.15,01-APR-2021,2957,INE103C01036,
SMLISUZU,EQ,455.75,484.95,455.75,469.7,469.0,452.45,38698,18195672.3,01-APR-2021,2106,INE294B01019,
SMSLIFE,EQ,507.9,512.0,495.2,503.7,506.0,491.85,1780,895315.2,01-APR-2021,132,INE320X01016,
SMSPHARMA,EQ,124.25,126.9,122.5,124.85,125.1,124.25,62876,7812422.25,01-APR-2021,857,INE812G01025,
SNOWMAN,EQ,44.7,47.25,44.1,46.5,46.8,43.8,2384586,109550729.15,01-APR-2021,8421,INE734N01019,
SOBHA,EQ,439.2,449.0,438.0,445.6,446.55,436.95,62633,27718862.7,01-APR-2021,4098,INE671H01015,
SOLARA,EQ,1414.9,1414.9,1388.15,1404.2,1394.0,1393.15,41511,58096664.8,01-APR-2021,4335,INE624Z01016,
SOLARINDS,EQ,1285.0,1324.0,1251.35,1292.4,1275.35,1282.65,10605,13525289.6,01-APR-2021,1118,INE343H01029,
SOMANYCERA,EQ,421.05,437.0,421.05,434.3,435.0,427.1,19255,8317525.9,01-APR-2021,914,INE355A01028,
SOMATEX,BE,5.45,5.95,5.45,5.9,5.9,5.7,27860,160149.65,01-APR-2021,100,INE314C01013,
SOMICONVEY,BE,31.9,31.9,30.5,30.9,30.95,30.75,2973,92913.5,01-APR-2021,22,INE323J01019,
SONATSOFTW,EQ,513.3,528.9,512.55,525.7,521.95,509.2,441480,231132747.8,01-APR-2021,21259,INE269A01021,
SORILINFRA,EQ,140.9,150.0,136.35,148.35,148.95,138.0,129771,18984094.55,01-APR-2021,2490,INE034H01016,
SOTL,EQ,978.0,1029.0,978.0,1021.85,1028.9,977.0,8807,8850115.1,01-APR-2021,1259,INE035D01012,
SOUTHBANK,EQ,8.35,8.75,8.3,8.7,8.7,8.25,12452921,106823680.05,01-APR-2021,150155,INE683A01023,
SOUTHWEST,EQ,53.25,53.25,51.25,52.7,52.8,53.4,10209,527914.3,01-APR-2021,91,INE980Y01015,
SPAL,EQ,154.5,163.0,154.05,161.0,161.0,153.1,16092,2546387.0,01-APR-2021,418,INE212I01016,
SPANDANA,EQ,615.0,625.0,612.7,618.5,618.0,606.2,34536,21334799.75,01-APR-2021,2811,INE572J01011,
SPARC,EQ,142.7,153.0,142.3,152.25,153.0,142.15,1081036,161359293.6,01-APR-2021,12875,INE232I01014,
SPECIALITY,EQ,38.0,39.15,37.8,38.2,38.3,38.0,185101,7140634.9,01-APR-2021,890,INE247M01014,
SPENCERS,EQ,70.9,73.9,70.9,72.5,72.6,70.6,268472,19496434.6,01-APR-2021,1996,INE020801028,
SPIC,EQ,29.65,30.95,29.25,30.15,30.25,29.35,629457,18964989.15,01-APR-2021,6213,INE147A01011,
SPICEJET,EQ,70.2,72.6,69.7,72.15,72.25,69.3,2523924,179705251.05,01-APR-2021,10899,INE285B01017,
SPLIL,EQ,34.35,36.0,33.35,34.5,34.7,33.2,43421,1497234.4,01-APR-2021,402,INE978G01016,
SPMLINFRA,EQ,9.85,10.35,9.75,10.0,10.0,9.85,39283,391639.25,01-APR-2021,75,INE937A01023,
SPTL,EQ,3.15,3.45,3.15,3.45,3.45,3.3,4146593,14238207.2,01-APR-2021,1014,INE501W01021,
SPYL,EQ,0.4,0.4,0.35,0.4,0.35,0.4,294334,114383.6,01-APR-2021,167,INE268L01020,
SREEL,EQ,149.9,151.75,146.45,147.6,147.5,148.75,22193,3293976.9,01-APR-2021,840,INE099F01013,
SREINFRA,EQ,5.2,6.05,5.15,6.05,6.05,5.05,6626032,38650925.35,01-APR-2021,4572,INE872A01014,
SRF,EQ,5449.5,5774.75,5436.05,5741.35,5740.0,5410.8,431901,2443380809.45,01-APR-2021,46169,INE647A01010,
SRHHYPOLTD,EQ,238.0,247.0,236.05,244.3,244.0,236.05,13865,3378668.4,01-APR-2021,664,INE917H01012,
SRIPIPES,EQ,173.5,174.95,172.1,174.05,174.0,172.35,28720,4987260.7,01-APR-2021,477,INE943C01027,
SRPL,BE,28.35,29.75,28.35,29.75,29.75,28.35,2156,63846.6,01-APR-2021,17,INE008Z01012,
SRTRANSFIN,EQ,1445.0,1479.0,1425.5,1472.7,1470.3,1422.3,2450892,3562469380.5,01-APR-2021,74595,INE721A01013,
SSWL,EQ,698.0,728.85,698.0,720.15,720.0,698.15,52490,37767686.05,01-APR-2021,2840,INE802C01017,
STAR,EQ,854.0,873.7,843.0,850.2,847.25,844.7,381578,326051379.85,01-APR-2021,12423,INE939A01011,
STARCEMENT,EQ,97.7,101.0,96.75,99.05,99.25,96.75,271526,26959587.5,01-APR-2021,2887,INE460H01021,
STARPAPER,EQ,123.0,124.15,121.65,123.7,123.75,120.1,51751,6369974.55,01-APR-2021,1060,INE733A01018,
STCINDIA,EQ,75.5,78.1,75.5,78.1,78.1,74.4,33659,2605870.25,01-APR-2021,398,INE655A01013,
STEELCITY,EQ,35.05,37.8,35.0,37.1,36.65,35.15,24558,894239.5,01-APR-2021,232,INE395H01011,
STEELXIND,EQ,65.0,68.7,64.0,66.7,66.4,62.3,645046,43156786.05,01-APR-2021,5001,INE503B01013,
STEL,BE,81.7,84.25,78.0,83.3,82.5,82.05,13288,1089581.3,01-APR-2021,74,INE577L01016,
STERTOOLS,EQ,196.05,206.95,196.05,197.7,197.0,195.65,11533,2285783.2,01-APR-2021,503,INE334A01023,
STLTECH,EQ,197.7,207.9,195.0,206.65,206.0,194.2,522084,106011369.2,01-APR-2021,8861,INE089C01029,
STOVEKRAFT,EQ,462.6,483.95,459.4,479.75,481.05,458.25,235525,111924063.25,01-APR-2021,11575,INE00IN01015,
SUBCAPCITY,BE,16.6,16.6,16.6,16.6,16.6,17.45,155,2573.0,01-APR-2021,1,INE845C01016,
SUBEXLTD,EQ,35.85,37.7,35.8,37.0,37.05,35.55,6894752,254801607.5,01-APR-2021,14866,INE754A01055,
SUBROS,EQ,310.0,328.35,308.5,325.05,325.4,309.1,226126,73027252.25,01-APR-2021,4863,INE287B01021,
SUDARSCHEM,EQ,520.75,529.95,520.35,523.15,521.55,518.15,44685,23423652.05,01-APR-2021,2199,INE659A01023,
SUMEETINDS,BE,4.9,4.9,4.9,4.9,4.9,4.7,23355,114439.5,01-APR-2021,38,INE235C01010,
SUMICHEM,EQ,291.8,293.8,287.0,288.45,288.2,290.7,219064,63435128.85,01-APR-2021,4680,INE258G01013,
SUMIT,EQ,9.6,10.5,9.5,10.5,10.5,9.55,152107,1570301.9,01-APR-2021,297,INE748Z01013,
SUMMITSEC,EQ,545.3,550.3,536.0,540.0,540.0,539.9,2928,1581932.75,01-APR-2021,172,INE519C01017,
SUNCLAYLTD,EQ,3118.0,3120.05,3055.8,3060.4,3074.0,3081.3,4457,13756302.95,01-APR-2021,934,INE105A01035,
SUNDARAM,EQ,1.25,1.25,1.2,1.25,1.25,1.2,142607,178185.95,01-APR-2021,45,INE108E01023,
SUNDARMFIN,EQ,2605.0,2645.95,2582.8,2619.1,2605.0,2570.45,56387,147879970.95,01-APR-2021,4105,INE660A01013,
SUNDARMHLD,EQ,77.75,78.7,76.9,77.55,77.0,76.0,32907,2557152.4,01-APR-2021,282,INE202Z01029,
SUNDRMBRAK,EQ,359.0,359.0,345.25,348.5,350.0,351.1,2065,728181.25,01-APR-2021,131,INE073D01013,
SUNDRMFAST,EQ,813.7,839.9,741.1,798.2,795.0,800.45,226396,183471513.15,01-APR-2021,17287,INE387A01021,
SUNFLAG,EQ,63.2,69.45,63.0,67.95,67.8,62.65,1983189,133909078.1,01-APR-2021,12766,INE947A01014,
SUNPHARMA,EQ,600.0,612.7,597.35,610.75,610.0,597.8,6033653,3651919425.9,01-APR-2021,90978,INE044A01036,
SUNTECK,EQ,289.9,298.75,278.2,281.25,280.85,280.4,1041026,300910765.9,01-APR-2021,25223,INE805D01034,
SUNTV,EQ,474.5,480.0,467.2,478.35,479.0,470.3,1268820,601501960.65,01-APR-2021,22125,INE424H01027,
SUPERHOUSE,EQ,123.0,127.05,123.0,126.0,127.0,122.6,10823,1356269.7,01-APR-2021,185,INE712B01010,
SUPERSPIN,EQ,4.25,4.25,4.05,4.25,4.25,4.05,6122,25938.5,01-APR-2021,25,INE662A01027,
SUPPETRO,EQ,416.05,424.05,416.05,422.0,421.9,417.95,17429,7351992.4,01-APR-2021,860,INE663A01017,
SUPRAJIT,EQ,278.2,292.2,278.2,289.8,288.0,275.5,162355,46462109.45,01-APR-2021,6663,INE399C01030,
SUPREMEENG,EQ,28.1,28.1,26.55,27.5,27.75,26.9,4722,129367.1,01-APR-2021,26,INE319Z01013,
SUPREMEIND,EQ,2049.9,2049.9,1985.55,2020.8,2011.0,2042.7,43191,86891842.45,01-APR-2021,8864,INE195A01028,
SURANASOL,BE,9.0,9.4,9.0,9.15,9.15,9.15,7996,72771.15,01-APR-2021,59,INE272L01022,
SURANAT&P,EQ,4.05,4.25,4.05,4.25,4.25,4.1,24007,100704.25,01-APR-2021,81,INE130B01031,
SURYALAXMI,EQ,29.8,30.95,29.0,30.95,30.95,29.5,6866,208921.1,01-APR-2021,83,INE713B01026,
SURYAROSNI,EQ,347.85,359.9,347.85,357.75,357.0,344.9,112920,40029695.85,01-APR-2021,5083,INE335A01012,
SURYODAY,EQ,276.1,281.45,271.1,273.35,271.7,273.7,253766,70080928.8,01-APR-2021,8424,INE428Q01011,
SUTLEJTEX,EQ,39.85,43.0,39.75,41.15,41.4,39.25,86459,3602427.65,01-APR-2021,477,INE645H01027,
SUULD,BE,212.0,212.3,194.0,198.9,205.0,202.2,63563,12552310.35,01-APR-2021,150,INE591Q01016,
SUVEN,EQ,70.65,74.95,70.65,74.55,74.6,70.65,415880,30453112.45,01-APR-2021,3071,INE495B01038,
SUVENPHAR,EQ,496.8,499.0,483.0,491.1,490.0,496.8,267030,130361281.85,01-APR-2021,11687,INE03QK01018,
SUVIDHAA,BE,99.6,99.6,99.6,99.6,99.6,104.8,3367,335353.2,01-APR-2021,68,INE018401013,
SUZLON,EQ,5.0,5.25,4.85,5.1,5.05,5.0,39493741,200364484.15,01-APR-2021,18125,INE040H01021,
SWANENERGY,EQ,134.3,141.15,134.3,137.05,137.0,135.55,236269,32543606.35,01-APR-2021,8833,INE665A01038,
SWARAJENG,EQ,1330.0,1336.2,1305.1,1327.1,1329.9,1312.05,3616,4788448.05,01-APR-2021,547,INE277A01016,
SWELECTES,EQ,205.95,207.6,201.2,204.55,204.65,202.45,6712,1372864.65,01-APR-2021,214,INE409B01013,
SWSOLAR,EQ,263.7,283.0,262.3,279.35,279.0,258.45,3452178,947364583.85,01-APR-2021,36650,INE00M201021,
SYMPHONY,EQ,1274.0,1314.0,1250.0,1293.95,1294.0,1264.95,32887,42125277.6,01-APR-2021,4194,INE225D01027,
SYNGENE,EQ,550.0,559.8,547.3,557.95,557.0,543.45,489698,271573351.65,01-APR-2021,28882,INE398R01022,
TAINWALCHM,EQ,59.0,61.45,58.15,60.55,59.45,57.0,11587,692337.05,01-APR-2021,371,INE123C01018,
TAJGVK,EQ,110.85,114.9,110.5,113.3,114.0,109.25,57174,6433958.85,01-APR-2021,1088,INE586B01026,
TAKE,EQ,45.35,53.85,45.1,52.85,52.6,44.9,8168872,419853785.05,01-APR-2021,38953,INE142I01023,
TALBROAUTO,EQ,209.0,215.0,202.0,207.45,205.55,203.8,26327,5538565.35,01-APR-2021,1034,INE187D01011,
TANLA,EQ,834.0,854.25,821.6,854.25,854.25,813.6,144313,122138208.1,01-APR-2021,5982,INE483C01032,
TARC,EQ,29.15,31.5,29.15,30.45,30.5,29.05,432993,13345640.95,01-APR-2021,1859,INE0EK901012,
TARMAT,EQ,46.35,48.75,43.05,47.05,48.0,43.25,31173,1418028.35,01-APR-2021,445,INE924H01018,
TASTYBITE,EQ,14273.95,14641.9,14273.0,14416.45,14415.0,14274.05,1027,14832052.85,01-APR-2021,613,INE488B01017,
TATACHEM,EQ,758.8,791.7,755.1,779.1,780.0,751.8,7295960,5666893773.55,01-APR-2021,100604,INE092A01019,
TATACOFFEE,EQ,120.65,123.9,120.55,122.85,122.75,119.95,1688787,207420786.6,01-APR-2021,10695,INE493A01027,
TATACOMM,EQ,1062.8,1134.9,1062.8,1122.9,1114.0,1062.8,1165973,1291523278.1,01-APR-2021,39639,INE151A01013,
TATACONSUM,EQ,641.0,652.95,640.65,650.15,650.1,638.9,3844057,2490089082.15,01-APR-2021,63736,INE192A01025,
TATAELXSI,EQ,2707.0,2797.0,2705.0,2772.0,2773.0,2692.9,579333,1604440972.85,01-APR-2021,33100,INE670A01012,
TATAINVEST,EQ,1037.95,1045.0,1031.45,1034.45,1032.75,1035.5,40621,42050394.25,01-APR-2021,3635,INE672A01018,
TATAMETALI,EQ,824.9,852.45,806.75,843.8,842.5,816.0,815164,680332112.05,01-APR-2021,23421,INE056C01010,
TATAMOTORS,EQ,306.75,309.85,303.05,307.75,307.25,301.8,44088352,13503816549.8,01-APR-2021,268091,INE155A01022,
TATAMTRDVR,EQ,130.15,132.9,129.2,131.45,131.0,128.05,2137789,280031486.55,01-APR-2021,26009,IN9155A01020,
TATAPOWER,EQ,103.9,105.5,103.55,105.05,105.0,103.25,34637782,3622291117.9,01-APR-2021,84344,INE245A01021,
TATASTEEL,EQ,821.0,868.9,819.0,863.05,858.9,811.85,36842098,31030150334.05,01-APR-2021,405809,INE081A01012,
TATASTLBSL,EQ,52.85,55.85,52.6,55.45,55.35,52.15,15849327,859354256.85,01-APR-2021,34575,INE824B01021,
TATASTLLP,EQ,727.0,759.05,723.5,755.3,754.0,722.95,166252,124308541.55,01-APR-2021,5594,INE674A01014,
TBZ,EQ,62.95,68.75,62.45,65.85,66.15,62.15,175701,11603333.8,01-APR-2021,2101,INE760L01018,
TCI,EQ,257.0,265.25,257.0,264.45,264.95,256.15,46023,12114749.0,01-APR-2021,2446,INE688A01022,
TCIDEVELOP,EQ,300.3,311.85,300.3,309.95,310.0,305.95,256,79188.05,01-APR-2021,34,INE662L01016,
TCIEXP,EQ,946.0,952.2,925.0,933.75,930.3,946.8,16677,15647244.95,01-APR-2021,2985,INE586V01016,
TCIFINANCE,EQ,4.75,4.85,4.75,4.85,4.85,4.65,13029,62389.45,01-APR-2021,12,INE911B01018,
TCNSBRANDS,EQ,510.0,534.8,499.25,519.9,520.05,506.8,49138,25527167.55,01-APR-2021,11113,INE778U01029,
TCPLPACK,EQ,455.0,456.0,425.0,432.55,436.5,445.9,43259,18882821.25,01-APR-2021,1956,INE822C01015,
TCS,EQ,3191.1,3215.0,3145.0,3165.0,3167.0,3177.85,4285076,13619743474.75,01-APR-2021,154796,INE467B01029,
TDPOWERSYS,EQ,155.2,158.0,152.55,155.45,155.05,148.2,35027,5416498.2,01-APR-2021,665,INE419M01019,
TEAMLEASE,EQ,3800.0,3859.95,3710.0,3772.6,3774.0,3771.65,33458,126880759.8,01-APR-2021,4532,INE985S01024,
TECHM,EQ,1000.0,1007.8,986.0,992.15,990.2,991.45,3555291,3537485541.65,01-APR-2021,81967,INE669C01036,
TECHNOE,EQ,306.85,320.0,306.85,316.1,311.0,306.85,479326,150833068.3,01-APR-2021,9182,INE285K01026,
TEJASNET,EQ,161.5,166.85,159.05,166.85,166.85,158.95,115731,19049065.3,01-APR-2021,1616,INE010J01012,
TERASOFT,EQ,39.0,39.7,38.4,39.55,39.6,37.85,38940,1532941.0,01-APR-2021,410,INE482B01010,
TEXINFRA,EQ,69.8,71.2,69.8,70.7,70.55,70.0,15081,1063507.6,01-APR-2021,110,INE435C01024,
TEXMOPIPES,EQ,25.1,25.75,24.95,25.45,25.7,24.8,94803,2388261.7,01-APR-2021,458,INE141K01013,
TEXRAIL,EQ,26.95,27.85,26.95,27.5,27.5,26.7,932712,25540029.35,01-APR-2021,1969,INE621L01012,
TFCILTD,EQ,61.95,63.7,61.7,62.8,62.75,61.6,225028,14157205.65,01-APR-2021,1612,INE305A01015,
TGBHOTELS,EQ,4.35,4.45,4.3,4.4,4.4,4.25,8194,35580.05,01-APR-2021,37,INE797H01018,
THANGAMAYL,EQ,591.95,597.5,586.2,594.7,593.0,585.15,6072,3607137.7,01-APR-2021,364,INE085J01014,
THEINVEST,EQ,91.4,93.8,90.05,90.7,90.8,91.4,7655,697922.2,01-APR-2021,216,INE924D01017,
THEMISMED,EQ,286.0,302.0,281.45,297.9,299.0,281.35,5110,1502907.85,01-APR-2021,260,INE083B01016,
THERMAX,EQ,1341.05,1379.25,1310.55,1326.6,1325.15,1343.55,56747,75353521.6,01-APR-2021,9015,INE152A01029,
THOMASCOOK,EQ,50.0,50.25,48.85,49.2,49.1,49.1,238146,11828126.5,01-APR-2021,1389,INE332A01027,
THOMASCOTT,BE,7.75,7.75,7.75,7.75,7.75,8.15,155,1201.25,01-APR-2021,3,INE480M01011,
THYROCARE,EQ,909.75,950.0,903.0,945.4,949.8,902.6,480734,449045790.55,01-APR-2021,19052,INE594H01019,
TI,EQ,29.55,31.8,29.5,30.9,31.0,29.45,781996,24178762.75,01-APR-2021,1232,INE133E01013,
TIDEWATER,EQ,4358.45,4440.0,4358.45,4389.95,4410.0,4322.85,978,4290220.5,01-APR-2021,281,INE484C01022,
TIIL,EQ,390.5,402.0,389.85,393.95,391.1,393.5,12938,5118587.05,01-APR-2021,711,INE545H01011,
TIINDIA,EQ,1219.0,1219.85,1153.0,1198.35,1195.0,1193.35,282259,337961390.1,01-APR-2021,4331,INE974X01010,
TIJARIA,BE,6.75,6.75,6.25,6.75,6.75,6.55,4192,27441.95,01-APR-2021,27,INE440L01017,
TIL,EQ,156.45,164.05,152.35,162.5,162.7,151.8,9128,1465748.05,01-APR-2021,468,INE806C01018,
TIMESGTY,EQ,24.0,25.95,24.0,25.0,25.45,23.6,803,20138.55,01-APR-2021,67,INE289C01025,
TIMETECHNO,EQ,61.0,62.95,60.2,61.9,61.7,60.55,1127767,69779630.25,01-APR-2021,12084,INE508G01029,
TIMKEN,EQ,1296.5,1324.45,1293.8,1311.5,1308.0,1296.5,45360,59518244.3,01-APR-2021,3088,INE325A01013,
TINPLATE,EQ,161.8,171.0,160.8,168.45,168.8,160.55,1076268,180403337.3,01-APR-2021,14176,INE422C01014,
TIPSINDLTD,BE,484.8,498.05,466.0,496.05,498.05,474.35,2814,1363151.0,01-APR-2021,93,INE716B01011,
TIRUMALCHM,EQ,86.9,89.6,86.0,89.1,88.9,85.55,638661,56275345.65,01-APR-2021,4519,INE338A01024,
TIRUPATIFL,BE,25.0,25.0,25.0,25.0,25.0,25.9,2179,54475.0,01-APR-2021,8,INE319Y01016,
TITAN,EQ,1560.0,1593.3,1551.55,1559.35,1553.0,1558.05,1343989,2109446001.1,01-APR-2021,53360,INE280A01028,
TMRVL,EQ,12.55,12.75,12.2,12.7,12.7,12.15,43974,554256.2,01-APR-2021,161,INE759V01019,
TNPETRO,EQ,49.4,53.9,49.1,52.75,52.7,48.8,1322478,68920803.35,01-APR-2021,7304,INE148A01019,
TNPL,EQ,147.05,161.8,145.35,154.0,153.55,146.55,593919,91304224.5,01-APR-2021,8839,INE107A01015,
TNTELE,BE,4.45,4.85,4.45,4.85,4.85,4.65,8097,38750.45,01-APR-2021,42,INE141D01018,
TOKYOPLAST,EQ,69.1,70.9,68.65,70.05,70.05,70.05,2841,198023.6,01-APR-2021,36,INE932C01012,
TORNTPHARM,EQ,2548.95,2556.45,2525.7,2548.25,2541.0,2545.05,123628,314294820.45,01-APR-2021,12128,INE685A01028,
TORNTPOWER,EQ,423.5,428.55,421.95,427.55,426.3,423.8,690448,293611660.6,01-APR-2021,10544,INE813H01021,
TOTAL,EQ,44.85,44.9,43.55,43.6,43.55,43.45,5487,242226.9,01-APR-2021,58,INE336X01012,
TOUCHWOOD,BE,108.8,119.8,108.75,119.8,119.8,114.45,5131,575840.1,01-APR-2021,36,INE486Y01013,
TPLPLASTEH,EQ,157.75,157.75,151.55,154.6,156.65,153.6,14001,2156415.35,01-APR-2021,121,INE413G01014,
TREEHOUSE,EQ,7.25,7.95,7.2,7.85,7.95,7.25,78056,602565.95,01-APR-2021,156,INE040M01013,
TREJHARA,EQ,29.15,31.15,28.55,30.95,31.15,29.7,20879,626406.3,01-APR-2021,237,INE00CA01015,
TRENT,EQ,760.0,764.2,739.05,750.85,751.5,751.05,810538,606333990.8,01-APR-2021,23697,INE849A01020,
TRF,EQ,85.9,89.85,85.35,88.8,88.7,85.05,13147,1156510.9,01-APR-2021,355,INE391D01019,
TRIDENT,EQ,14.15,14.4,14.05,14.2,14.2,14.05,7149942,101347405.45,01-APR-2021,10447,INE064C01022,
TRIGYN,EQ,63.7,68.25,63.1,68.25,68.25,62.05,51973,3454515.75,01-APR-2021,550,INE948A01012,
TRIL,EQ,16.5,17.45,16.5,17.3,17.2,16.35,131393,2247568.55,01-APR-2021,470,INE763I01026,
TRITURBINE,EQ,102.15,103.5,100.5,101.75,102.0,101.8,63590,6517442.15,01-APR-2021,792,INE152M01016,
TRIVENI,EQ,85.6,86.45,83.5,85.25,85.0,84.5,339707,28908580.75,01-APR-2021,2449,INE256C01024,
TTKHLTCARE,EQ,503.95,503.95,490.1,497.25,494.0,494.7,1388,689772.05,01-APR-2021,121,INE910C01018,
TTKPRESTIG,EQ,7258.3,7336.0,7152.0,7282.7,7299.0,7249.9,6130,44592307.75,01-APR-2021,2219,INE690A01010,
TTL,EQ,45.2,47.45,45.2,46.7,47.4,45.1,6666,310146.9,01-APR-2021,175,INE592B01016,
TTML,BE,14.45,14.5,13.8,14.05,14.2,14.1,1369991,19326714.35,01-APR-2021,4158,INE517B01013,
TV18BRDCST,EQ,28.95,29.4,28.5,29.2,29.2,28.75,6614470,191718056.1,01-APR-2021,7526,INE886H01027,
TVSELECT,BE,132.3,134.15,128.0,134.15,134.15,127.8,18347,2429297.75,01-APR-2021,333,INE236G01019,
TVSMOTOR,EQ,592.8,593.0,582.25,589.2,587.0,585.05,1284339,756283190.6,01-APR-2021,26752,INE494B01023,
TVSSRICHAK,EQ,1783.85,1820.0,1783.85,1798.0,1800.0,1775.0,6448,11655356.15,01-APR-2021,892,INE421C01016,
TVTODAY,EQ,267.5,271.0,266.45,270.45,271.0,265.4,21010,5667224.1,01-APR-2021,538,INE038F01029,
TVVISION,EQ,2.6,2.6,2.6,2.6,2.6,2.5,1979,5145.4,01-APR-2021,10,INE871L01013,
TWL,EQ,45.45,47.45,44.95,47.05,47.25,44.55,433663,19979354.0,01-APR-2021,3697,INE615H01020,
UBL,EQ,1242.0,1250.05,1230.15,1242.15,1238.0,1241.45,106441,131995474.7,01-APR-2021,6514,INE686F01025,
UCALFUEL,EQ,139.0,147.4,139.0,146.4,146.9,139.9,112426,16206650.2,01-APR-2021,7887,INE139B01016,
UCOBANK,EQ,11.4,11.5,11.15,11.45,11.45,11.0,10635549,120662948.95,01-APR-2021,21899,INE691A01018,
UFLEX,EQ,380.9,389.7,378.5,387.6,389.7,378.05,87162,33510347.3,01-APR-2021,2733,INE516A01017,
UFO,EQ,70.5,73.95,69.0,73.7,73.9,69.75,142192,10230357.35,01-APR-2021,1527,INE527H01019,
UGARSUGAR,EQ,17.25,17.8,17.25,17.3,17.3,17.35,116203,2027485.15,01-APR-2021,568,INE071E01023,
UJAAS,BE,2.5,2.55,2.45,2.55,2.55,2.45,357213,908055.05,01-APR-2021,344,INE899L01022,
UJJIVAN,EQ,211.3,227.9,211.3,223.55,225.95,210.3,958810,209855758.8,01-APR-2021,12781,INE334L01012,
UJJIVANSFB,EQ,30.8,32.15,30.6,31.9,31.95,30.5,2676741,84271796.0,01-APR-2021,10173,INE551W01018,
ULTRACEMCO,EQ,6766.0,6933.7,6731.2,6898.85,6882.0,6737.95,531749,3639383850.2,01-APR-2021,42208,INE481G01011,
UMANGDAIRY,EQ,59.7,60.9,57.65,58.8,58.65,59.45,13699,810180.2,01-APR-2021,413,INE864B01027,
UMESLTD,BE,3.55,3.55,3.4,3.55,3.55,3.4,14527,51303.6,01-APR-2021,41,INE240C01028,
UNICHEMLAB,EQ,312.5,317.35,310.6,314.2,313.6,310.6,15523,4862028.9,01-APR-2021,670,INE351A01035,
UNIDT,EQ,264.65,280.0,261.0,277.5,279.45,262.55,22258,6095000.4,01-APR-2021,454,INE961D01019,
UNIENTER,EQ,86.1,86.8,84.7,85.55,85.2,85.25,5632,483512.1,01-APR-2021,96,INE037A01022,
UNIONBANK,EQ,34.45,35.15,34.2,34.9,35.0,34.05,6985406,241975326.55,01-APR-2021,15013,INE692A01016,
UNITEDTEA,EQ,300.95,304.95,298.75,300.65,299.2,298.1,1232,371288.7,01-APR-2021,179,INE458F01011,
UNIVASTU,BE,38.1,38.1,36.1,37.8,37.8,38.0,8936,327128.0,01-APR-2021,63,INE562X01013,
UNIVCABLES,EQ,137.0,141.0,137.0,139.0,139.6,136.4,15605,2174137.8,01-APR-2021,344,INE279A01012,
UNIVPHOTO,EQ,168.9,169.95,161.5,167.85,165.35,158.5,2161,357928.25,01-APR-2021,110,INE03V001013,
UPL,EQ,640.95,656.9,635.0,653.6,654.3,641.85,7348750,4745266857.35,01-APR-2021,89415,INE628A01036,
URJA,BE,6.65,6.7,6.45,6.6,6.65,6.55,747458,4941507.75,01-APR-2021,2751,INE550C01020,
USHAMART,EQ,33.25,38.0,33.2,36.55,36.8,33.05,6672568,242048261.5,01-APR-2021,18522,INE228A01035,
UTIAMC,EQ,579.1,583.05,568.1,572.8,573.1,583.0,193119,111871896.25,01-APR-2021,6798,INE094J01016,
UTIBANKETF,EQ,33.4,34.29,32.82,33.97,33.85,33.15,26897,900936.81,01-APR-2021,149,INF789F1AUV1,
UTINEXT50,EQ,37.0,38.0,36.0,36.22,36.65,36.83,15305,558729.95,01-APR-2021,336,INF789F1AUW9,
UTINIFTETF,EQ,1543.1,1576.0,1541.0,1561.4,1561.9,1528.47,157,243588.01,01-APR-2021,47,INF789FB1X41,
UTISENSETF,EQ,521.0,524.0,517.67,522.81,523.41,516.57,175,91349.02,01-APR-2021,47,INF789FB1X58,
UTISXN50,EQ,40.4,41.63,39.62,40.5,40.5,40.34,671,27280.66,01-APR-2021,32,INF789F1AUU3,
UTTAMSTL,BE,7.3,7.9,7.3,7.3,7.65,7.65,234184,1728912.9,01-APR-2021,305,INE699A01011,
UTTAMSUGAR,EQ,91.6,92.5,90.5,91.4,90.6,91.0,25245,2317970.25,01-APR-2021,396,INE786F01031,
V2RETAIL,EQ,125.0,132.1,125.0,132.1,132.1,125.85,32141,4207981.25,01-APR-2021,223,INE945H01013,
VADILALIND,EQ,899.95,925.0,885.0,912.5,912.65,895.65,20798,18962755.8,01-APR-2021,2494,INE694D01016,
VAIBHAVGBL,EQ,3965.0,4040.0,3900.0,4006.95,4038.0,3841.9,26829,106255570.65,01-APR-2021,7282,INE884A01019,
VAISHALI,BE,32.6,33.95,32.0,33.7,33.5,32.6,10769,358818.3,01-APR-2021,122,INE972X01014,
VAKRANGEE,EQ,57.25,58.75,56.8,58.3,58.6,56.05,3485541,202048689.9,01-APR-2021,7395,INE051B01021,
VALIANTORG,EQ,1291.95,1315.0,1250.0,1292.9,1297.0,1291.95,51990,66742351.3,01-APR-2021,4252,INE565V01010,
VARDHACRLC,EQ,36.5,37.95,36.5,37.15,37.05,36.65,13769,513639.65,01-APR-2021,70,INE116G01013,
VARDMNPOLY,EQ,17.4,17.45,16.85,17.1,17.15,17.15,48704,833911.5,01-APR-2021,246,INE835A01011,
VARROC,EQ,385.0,385.0,370.6,378.3,378.0,364.85,217101,81636930.65,01-APR-2021,7805,INE665L01035,
VASCONEQ,EQ,18.3,18.8,18.15,18.55,18.5,18.15,211177,3905058.4,01-APR-2021,708,INE893I01013,
VASWANI,EQ,10.15,10.2,9.5,9.6,9.8,9.95,12334,118679.9,01-APR-2021,56,INE590L01019,
VBL,EQ,1010.1,1015.0,993.35,1009.0,1010.0,1002.95,206328,206851149.0,01-APR-2021,15161,INE200M01013,
VEDL,EQ,229.25,231.8,228.75,231.25,231.0,228.75,10398919,2398602812.15,01-APR-2021,32277,INE205A01025,
VENKEYS,EQ,1559.75,1589.0,1553.3,1566.85,1565.0,1555.6,61964,97559144.5,01-APR-2021,4047,INE398A01010,
VENUSREM,EQ,282.8,288.0,261.1,284.95,287.0,274.8,159692,43022796.2,01-APR-2021,2360,INE411B01019,
VERTOZ,EQ,274.9,290.0,273.05,285.5,283.25,271.4,177028,49562202.9,01-APR-2021,3471,INE188Y01015,
VESUVIUS,EQ,981.0,1010.95,980.0,995.3,998.0,963.25,12883,12787996.55,01-APR-2021,2034,INE386A01015,
VETO,EQ,118.95,121.85,116.25,121.85,121.85,116.05,31223,3738611.3,01-APR-2021,697,INE918N01018,
VGUARD,EQ,253.0,262.0,242.3,247.55,248.6,252.35,1852199,472451495.0,01-APR-2021,22700,INE951I01027,
VHL,EQ,1763.0,1797.55,1751.05,1789.25,1797.0,1758.6,842,1499541.0,01-APR-2021,232,INE701A01023,
VICEROY,BE,2.0,2.15,2.0,2.1,2.1,2.05,38741,81082.75,01-APR-2021,35,INE048C01017,
VIDHIING,EQ,215.0,215.9,205.65,207.1,207.0,212.45,160049,33589825.0,01-APR-2021,4194,INE632C01026,
VIJIFIN,EQ,0.7,0.7,0.65,0.65,0.7,0.7,23917,16390.85,01-APR-2021,73,INE159N01027,
VIKASECO,EQ,2.3,2.35,2.25,2.35,2.35,2.25,1395121,3240600.35,01-APR-2021,4856,INE806A01020,
VIKASMCORP,EQ,3.0,3.05,2.95,3.05,3.05,2.95,1944060,5871752.3,01-APR-2021,2263,INE161L01027,
VIKASPROP,EQ,2.4,2.45,2.4,2.4,2.45,2.35,1285370,3136501.7,01-APR-2021,2324,INE767B01022,
VIKASWSP,EQ,6.2,6.2,5.95,6.05,6.0,5.95,525713,3226498.3,01-APR-2021,353,INE706A01022,
VIMTALABS,EQ,161.5,165.5,161.35,163.55,164.0,161.4,29060,4748654.9,01-APR-2021,779,INE579C01029,
VINATIORGA,EQ,1405.55,1419.3,1382.0,1399.9,1400.0,1399.95,151882,212440300.75,01-APR-2021,5410,INE410B01037,
VINDHYATEL,EQ,820.0,842.45,820.0,828.9,829.0,820.0,10989,9133219.9,01-APR-2021,878,INE707A01012,
VINYLINDIA,EQ,118.8,119.65,116.5,117.05,117.0,116.4,64620,7600733.6,01-APR-2021,825,INE250B01029,
VIPCLOTHNG,BE,13.75,14.5,13.75,13.95,14.0,14.05,63088,885985.65,01-APR-2021,108,INE450G01024,
VIPIND,EQ,357.0,361.2,351.0,354.45,354.05,354.15,192683,68224081.05,01-APR-2021,33909,INE054A01027,
VIPULLTD,BE,30.2,30.95,29.0,29.8,30.0,29.5,15541,475266.25,01-APR-2021,51,INE946H01037,
VISAKAIND,EQ,477.55,487.95,468.0,472.75,476.3,473.15,64937,30944823.9,01-APR-2021,3168,INE392A01013,
VISASTEEL,EQ,6.8,6.8,6.6,6.7,6.65,6.5,26305,176517.6,01-APR-2021,91,INE286H01012,
VISHAL,EQ,61.15,61.15,61.15,61.15,61.15,62.35,5091,311314.65,01-APR-2021,94,INE755Q01025,
VISHNU,EQ,291.5,297.95,286.5,297.95,297.95,283.8,11486,3388886.2,01-APR-2021,208,INE270I01014,
VISHWARAJ,EQ,121.55,127.7,119.95,122.6,120.0,118.45,93297,11350961.0,01-APR-2021,1252,INE430N01014,
VIVIDHA,BE,0.75,0.75,0.65,0.75,0.75,0.7,418401,310511.2,01-APR-2021,111,INE370E01029,
VIVIMEDLAB,EQ,16.15,17.9,16.15,17.7,17.65,16.1,513639,8836150.0,01-APR-2021,1509,INE526G01021,
VLSFINANCE,EQ,82.9,83.5,81.15,82.55,82.15,81.5,19996,1647088.25,01-APR-2021,303,INE709A01018,
VMART,EQ,2785.5,2850.0,2769.05,2808.45,2800.0,2785.5,101534,284834264.55,01-APR-2021,8108,INE665J01013,
VOLTAMP,EQ,1100.0,1120.0,1072.1,1081.65,1080.0,1095.05,9994,10973010.15,01-APR-2021,1235,INE540H01012,
VOLTAS,EQ,1012.0,1015.15,1002.1,1005.95,1005.7,1001.95,803202,808739980.2,01-APR-2021,20868,INE226A01021,
VRLLOG,EQ,237.0,237.0,231.8,233.4,232.0,232.05,37572,8790344.55,01-APR-2021,1186,INE366I01010,
VSSL,EQ,141.3,145.15,139.5,143.6,145.15,138.25,107886,15479115.2,01-APR-2021,1541,INE050M01012,
VSTIND,EQ,3420.0,3420.0,3336.9,3363.85,3370.0,3389.1,3980,13420650.45,01-APR-2021,1150,INE710A01016,
VSTTILLERS,EQ,1824.0,1874.7,1809.75,1833.7,1830.15,1792.95,15265,28148716.85,01-APR-2021,2145,INE764D01017,
VTL,EQ,1330.0,1346.35,1253.5,1269.15,1262.0,1297.7,208106,268143880.1,01-APR-2021,7229,INE825A01012,
WABAG,EQ,252.8,261.55,251.45,256.6,257.4,250.85,573934,147274791.7,01-APR-2021,12467,INE956G01038,
WABCOINDIA,EQ,6590.05,6678.0,6381.0,6421.9,6410.05,6590.05,32350,209623391.2,01-APR-2021,8228,INE342J01019,
WALCHANNAG,EQ,63.4,65.6,63.1,64.8,64.65,62.75,363680,23396788.75,01-APR-2021,5207,INE711A01022,
WANBURY,BE,82.35,86.45,79.25,86.4,86.4,82.35,26995,2309974.35,01-APR-2021,93,INE107F01022,
WATERBASE,EQ,100.8,105.0,100.8,104.3,104.6,100.15,117317,12170571.75,01-APR-2021,1715,INE054C01015,
WEALTH,EQ,126.85,131.75,126.85,131.3,131.3,126.35,51,6621.7,01-APR-2021,7,INE658T01017,
WEBELSOLAR,EQ,43.65,44.0,42.5,43.65,44.0,42.55,86987,3760009.05,01-APR-2021,399,INE855C01015,
WEIZMANIND,EQ,44.8,45.0,43.6,44.35,44.9,43.6,3173,140720.2,01-APR-2021,44,INE080A01014,
WELCORP,EQ,140.7,148.8,140.55,147.3,148.0,138.35,4195656,611377022.4,01-APR-2021,31998,INE191B01025,
WELENT,EQ,111.4,115.0,110.3,113.9,114.1,108.8,431718,49050981.2,01-APR-2021,4216,INE625G01013,
WELINV,EQ,417.05,417.05,381.1,393.65,389.0,414.95,951,378570.85,01-APR-2021,95,INE389K01018,
WELSPUNIND,EQ,82.0,85.35,81.9,84.75,85.0,80.85,1752101,146472081.4,01-APR-2021,9175,INE192B01031,
WENDT,EQ,3170.0,3213.0,3130.0,3189.0,3213.0,3147.1,281,888287.35,01-APR-2021,125,INE274C01019,
WESTLIFE,EQ,459.7,465.0,446.3,456.0,454.4,459.7,575508,262633358.3,01-APR-2021,2895,INE274F01020,
WHEELS,EQ,453.65,464.75,451.45,458.7,460.0,452.5,524128,237873937.6,01-APR-2021,3168,INE715A01015,
WHIRLPOOL,EQ,2239.4,2262.55,2214.0,2223.65,2231.0,2226.6,91390,204175129.4,01-APR-2021,11241,INE716A01013,
WILLAMAGOR,EQ,18.5,18.95,18.5,18.8,18.8,18.05,1745,32900.5,01-APR-2021,27,INE210A01017,
WINDMACHIN,EQ,31.0,32.05,30.7,32.05,32.05,30.55,160017,5101566.15,01-APR-2021,502,INE052A01021,
WIPL,BE,58.0,58.05,58.0,58.05,58.05,60.0,762,44197.1,01-APR-2021,5,INE215F01023,
WIPRO,EQ,418.85,422.85,414.35,416.4,416.7,414.15,7596943,3173383107.85,01-APR-2021,85649,INE075A01022,
WOCKPHARMA,EQ,416.85,433.0,414.75,428.25,431.0,414.05,490358,207484033.7,01-APR-2021,10539,INE049B01025,
WONDERLA,EQ,192.4,204.4,192.4,202.55,202.6,192.3,75304,15100594.15,01-APR-2021,2311,INE066O01014,
WORTH,EQ,49.2,52.8,49.2,51.85,52.25,48.1,10710,545813.65,01-APR-2021,113,INE196Y01018,
WSI,EQ,6.65,6.85,6.65,6.85,6.85,6.55,2617,17868.45,01-APR-2021,11,INE100D01014,
WSTCSTPAPR,EQ,241.15,251.65,241.15,247.9,248.0,241.45,209670,51827296.9,01-APR-2021,4721,INE976A01021,
XCHANGING,EQ,65.05,67.35,64.85,66.6,66.0,64.3,76264,5064308.0,01-APR-2021,833,INE692G01013,
XELPMOC,EQ,263.85,268.8,256.6,266.5,265.55,259.75,31505,8316344.0,01-APR-2021,3168,INE01P501012,
XPROINDIA,EQ,76.7,76.7,76.7,76.7,76.7,73.05,5947,456134.9,01-APR-2021,42,INE445C01015,
YAARII,EQ,113.1,122.75,113.1,113.7,113.1,119.05,1130570,131678936.9,01-APR-2021,6972,INE126M01010,
YESBANK,EQ,15.65,15.85,15.35,15.7,15.75,15.6,93196660,1457770484.55,01-APR-2021,72805,INE528G01035,
ZEEL,EQ,204.2,210.85,202.2,209.25,209.25,203.2,8509692,1753055823.55,01-APR-2021,62737,INE256A01028,
ZEELEARN,EQ,10.5,11.2,10.35,10.95,11.0,10.35,1617822,17413013.65,01-APR-2021,1616,INE565L01011,
ZEEMEDIA,EQ,6.4,6.6,6.25,6.5,6.5,6.4,962945,6269323.1,01-APR-2021,1639,INE966H01019,
ZENITHEXPO,EQ,70.0,70.0,67.5,67.85,68.1,70.0,787,53601.15,01-APR-2021,52,INE058B01018,
ZENITHSTL,BE,0.65,0.7,0.65,0.7,0.65,0.65,17421,11647.85,01-APR-2021,36,INE318D01020,
ZENSARTECH,EQ,275.0,276.95,273.0,274.75,275.6,273.95,187065,51414199.7,01-APR-2021,5397,INE520A01027,
ZENTEC,EQ,79.15,80.2,78.1,79.65,79.85,77.4,95542,7587756.75,01-APR-2021,1151,INE251B01027,
ZODIACLOTH,EQ,94.0,98.4,93.7,97.45,97.05,92.6,28694,2756241.05,01-APR-2021,347,INE206B01013,
ZODJRDMKJ,EQ,25.35,26.0,24.35,25.8,26.0,24.75,693,17577.75,01-APR-2021,64,INE077B01018,
ZOTA,EQ,143.9,145.9,141.0,144.85,144.9,138.5,23104,3317556.55,01-APR-2021,179,INE358U01012,
ZUARI,EQ,91.6,93.0,90.5,91.3,91.5,90.9,55564,5092484.15,01-APR-2021,779,INE840M01016,
ZUARIGLOB,BE,82.95,84.0,80.0,83.6,84.0,80.5,12336,1020500.75,01-APR-2021,129,INE217A01012,
ZYDUSWELL,EQ,1971.0,1990.0,1961.1,1985.0,1985.0,1971.55,8760,17318177.65,01-APR-2021,1611,INE768C01010,
