SYMBOL,SERIES,OPEN,HIGH,LOW,CLOSE,LAST,PREVCLOSE,TOTTRDQTY,TOTTRDVAL,TIMESTAMP,TOTALTRADES,ISIN,UNNAMED: 13
20MICRONS,EQ,159.95,159.95,151.85,155.25,154.55,157.6,170963,26404248.95,06-FEB-2024,8991,INE144J01027,
21STCENMGM,BE,41.25,41.25,41.25,41.25,41.25,42.1,83,3423.75,06-FEB-2024,7,INE253B01015,
360ONE,EQ,623.45,639.0,615.0,628.5,628.25,615.5,1281972,807552605.0,06-FEB-2024,19661,INE466L01038,
3IINFOLTD,EQ,56.4,59.75,56.1,58.4,58.5,56.1,3709747,217098032.7,06-FEB-2024,12179,INE748C01038,
3MINDIA,EQ,32580.95,33769.0,32411.25,33123.25,33266.25,32380.95,6875,228509445.6,06-FEB-2024,3744,INE470A01017,
3PLAND,BE,39.9,40.0,37.2,38.35,39.0,39.15,17742,679441.4,06-FEB-2024,213,INE105C01023,
5PAISA,EQ,609.35,609.35,595.85,598.05,600.0,609.35,78344,47019873.9,06-FEB-2024,7694,INE618L01018,
63MOONS,BE,444.0,460.35,444.0,460.35,460.35,438.45,129835,59311870.2,06-FEB-2024,3298,INE111B01023,
A2ZINFRA,BE,14.05,14.05,14.05,14.05,14.05,14.3,32412,455388.6,06-FEB-2024,55,INE619I01012,
AAATECH,BE,97.5,100.8,97.0,97.2,97.5,97.3,33959,3357857.75,06-FEB-2024,264,INE0D0U01013,
AAKASH,BE,10.5,10.5,10.5,10.5,10.5,10.0,136667,1435003.5,06-FEB-2024,253,INE087Z01024,
AAREYDRUGS,BE,52.85,52.85,50.65,51.0,51.0,51.1,35617,1832172.0,06-FEB-2024,204,INE198H01019,
AARON,EQ,267.0,269.6,259.7,265.7,264.2,269.7,13529,3584533.1,06-FEB-2024,913,INE721Z01010,
AARTECH,EQ,156.85,156.85,145.1,146.4,145.3,151.8,49232,7357927.2,06-FEB-2024,1654,INE01C001018,
AARTIDRUGS,EQ,522.9,544.1,521.0,538.65,538.4,520.55,488282,261810457.5,06-FEB-2024,30531,INE767A01016,
AARTIIND,EQ,642.75,665.5,642.55,660.05,661.0,643.8,1623579,1071002363.25,06-FEB-2024,68949,INE769A01020,
AARTIPHARM,EQ,523.3,555.55,523.3,550.25,549.9,522.15,460771,250240796.1,06-FEB-2024,25497,INE0LRU01027,
AARTISURF,EQ,735.0,743.5,725.0,730.4,728.0,734.15,52121,38155286.05,06-FEB-2024,7030,INE09EO01013,
AARVEEDEN,EQ,41.0,42.0,37.9,39.1,39.0,42.1,678048,26665094.0,06-FEB-2024,3947,INE273D01019,
AARVI,EQ,150.4,150.8,148.7,149.0,149.5,149.35,7933,1186191.4,06-FEB-2024,253,INE754X01016,
AAVAS,EQ,1454.75,1455.0,1418.0,1447.0,1454.0,1438.5,145851,209075549.4,06-FEB-2024,18836,INE216P01012,
ABAN,EQ,80.55,88.6,80.45,88.6,88.6,80.55,1390201,120666134.35,06-FEB-2024,8085,INE421A01028,
ABB,EQ,4378.0,4423.6,4362.05,4403.0,4410.0,4368.2,177927,783135723.25,06-FEB-2024,26918,INE117A01022,
ABBOTINDIA,EQ,28069.55,28454.6,27881.8,28319.0,28345.0,28069.5,13959,393641105.15,06-FEB-2024,5817,INE358A01014,
ABCAPITAL,EQ,179.4,180.5,176.7,180.15,180.25,178.2,3919951,701135011.6,06-FEB-2024,24453,INE674K01013,
ABFRL,EQ,249.6,257.05,248.0,254.7,254.85,248.05,6052874,1533974802.0,06-FEB-2024,37757,INE647O01011,
ABMINTLLTD,EQ,67.55,67.8,65.0,66.85,66.35,64.6,6269,419364.4,06-FEB-2024,184,INE251C01025,
ABSLAMC,EQ,479.0,490.05,475.7,488.4,489.6,479.4,140178,68188662.2,06-FEB-2024,8379,INE404A01024,
ABSLBANETF,EQ,47.5,47.5,45.43,46.06,45.95,46.14,34615,1593711.65,06-FEB-2024,597,INF209KB17D5,
ABSLLIQUID,EQ,1000.0,1000.01,999.99,1000.01,1000.01,1000.01,2777,2777000.9,06-FEB-2024,17,INF209KB18T9,
ABSLNN50ET,EQ,57.6,58.5,57.35,58.21,58.28,57.6,8844,510560.51,06-FEB-2024,215,INF209KB16D7,
ACC,EQ,2485.8,2533.0,2469.25,2528.25,2527.0,2486.2,201246,505056165.95,06-FEB-2024,18202,INE012A01025,
ACCELYA,EQ,1782.0,1864.95,1780.7,1816.45,1825.0,1771.85,52486,95868148.55,06-FEB-2024,8946,INE793A01012,
ACCURACY,BE,16.95,16.95,16.95,16.95,16.95,17.3,81604,1383187.8,06-FEB-2024,418,INE648Z01023,
ACE,EQ,998.9,1020.5,965.45,990.35,990.0,991.05,376425,374507198.1,06-FEB-2024,32891,INE731H01025,
ACEINTEG,EQ,40.85,41.0,38.55,39.85,39.5,39.35,31001,1238581.15,06-FEB-2024,221,INE543V01017,
ACI,EQ,631.0,634.0,613.15,616.95,615.3,627.45,288922,179959738.15,06-FEB-2024,31846,INE128X01021,
ACL,EQ,122.35,125.0,120.55,121.75,122.0,122.35,31205,3836258.3,06-FEB-2024,987,INE666E01020,
ACLGATI,EQ,118.45,122.0,117.8,121.2,121.35,117.1,504939,60765463.9,06-FEB-2024,5697,INE152B01027,
ADANIENSOL,EQ,1033.0,1054.0,1001.2,1029.0,1032.0,1022.6,1134575,1172745085.6,06-FEB-2024,44694,INE931S01010,
ADANIENT,EQ,3183.9,3228.2,3160.0,3203.75,3200.65,3173.45,2078891,6647905451.95,06-FEB-2024,148672,INE423A01024,
ADANIGREEN,EQ,1668.65,1744.95,1653.0,1721.65,1718.0,1668.65,1975868,3390221413.1,06-FEB-2024,97818,INE364U01010,
ADANIPORTS,EQ,1266.0,1284.6,1248.85,1273.1,1274.0,1258.55,4408002,5602173026.5,06-FEB-2024,135542,INE742F01042,
ADANIPOWER,BE,554.9,554.9,545.0,549.7,549.9,546.3,1145839,629327878.3,06-FEB-2024,25427,INE814H01011,
ADFFOODS,EQ,202.4,204.05,198.05,199.55,200.25,202.3,295021,59086287.2,06-FEB-2024,8538,INE982B01027,
ADL,BE,90.5,93.8,90.5,91.25,91.25,90.5,3402,312866.45,06-FEB-2024,55,INE0CHO01012,
ADORWELD,EQ,1470.0,1476.55,1432.0,1445.15,1450.0,1460.85,27053,39217868.2,06-FEB-2024,4040,INE045A01017,
ADROITINFO,BE,18.15,18.15,18.15,18.15,18.15,17.8,13891,252121.65,06-FEB-2024,21,INE737B01033,
ADSL,EQ,159.4,175.4,159.4,171.75,172.0,159.4,746121,127001143.5,06-FEB-2024,8573,INE102I01027,
ADVANIHOTR,EQ,159.5,160.45,156.0,156.55,157.45,158.3,120005,18881418.55,06-FEB-2024,2030,INE199C01026,
ADVENZYMES,EQ,380.2,390.0,380.2,387.9,387.0,380.2,240382,93133594.6,06-FEB-2024,17396,INE837H01020,
AEGISCHEM,EQ,399.25,407.7,381.35,387.55,383.0,395.85,659754,260319742.0,06-FEB-2024,22481,INE208C01025,
AEROFLEX,EQ,153.25,155.3,152.6,154.6,155.0,152.4,319883,49306048.05,06-FEB-2024,6915,INE024001021,
AETHER,EQ,839.5,860.0,839.5,856.4,857.0,837.45,256624,219659878.55,06-FEB-2024,9887,INE0BWX01014,
AFFLE,EQ,1200.4,1236.95,1178.0,1184.25,1187.0,1195.0,260516,309992234.75,06-FEB-2024,31450,INE00WC01027,
AGARIND,EQ,1100.25,1116.95,1086.0,1090.8,1086.0,1092.45,29495,32469252.35,06-FEB-2024,3933,INE204E01012,
AGI,EQ,798.8,824.0,794.95,820.7,819.35,796.15,122334,99240869.8,06-FEB-2024,12410,INE415A01038,
AGRITECH,EQ,213.3,213.35,206.0,209.5,211.15,209.35,6769,1407707.1,06-FEB-2024,407,INE449G01018,
AGROPHOS,EQ,60.95,60.95,56.1,57.2,57.0,60.0,543016,31117669.4,06-FEB-2024,3712,INE740V01019,
AGSTRA,BE,111.4,114.3,107.2,108.8,107.7,111.3,377237,41840988.4,06-FEB-2024,1521,INE583L01014,
AHL,EQ,326.1,329.9,320.0,324.45,325.0,325.05,57354,18619291.5,06-FEB-2024,1610,INE00ZE01026,
AHLADA,EQ,135.1,144.9,132.0,142.05,143.0,133.1,342307,48356967.6,06-FEB-2024,2559,INE00PV01013,
AHLEAST,EQ,175.05,175.05,167.15,170.1,168.5,172.45,36163,6139704.45,06-FEB-2024,634,INE926K01017,
AHLUCONT,EQ,889.4,923.0,885.1,892.75,885.1,884.55,72105,65249474.1,06-FEB-2024,9854,INE758C01029,
AIAENG,EQ,4377.0,4444.95,4302.1,4423.05,4378.0,4323.2,56681,248139758.2,06-FEB-2024,14165,INE212H01026,
AIRAN,BE,29.85,30.4,29.55,29.75,30.0,29.8,120848,3620795.15,06-FEB-2024,1007,INE645W01026,
AIROLAM,EQ,150.2,157.2,146.65,148.05,147.0,151.4,40444,6144138.3,06-FEB-2024,1469,INE801L01010,
AJANTPHARM,EQ,2178.1,2299.45,2174.75,2267.15,2262.1,2165.35,226176,510056498.3,06-FEB-2024,30582,INE031B01049,
AJMERA,EQ,595.7,710.5,585.05,710.5,710.5,592.1,2665155,1792845638.05,06-FEB-2024,75754,INE298G01027,
AJOONI,BE,6.4,6.7,6.4,6.6,6.65,6.55,526819,3462183.8,06-FEB-2024,1402,INE820Y01021,
AKASH,BE,38.75,40.0,38.75,39.25,39.25,39.45,36850,1455869.35,06-FEB-2024,246,INE737W01013,
AKG,EQ,23.35,23.35,22.4,22.9,22.95,22.7,379561,8754472.05,06-FEB-2024,995,INE00Y801016,
AKI,BE,29.2,29.2,29.2,29.2,29.2,28.65,54029,1577646.8,06-FEB-2024,46,INE642Z01026,
AKSHAR,BE,4.7,4.7,4.4,4.65,4.7,4.6,7346559,33445606.45,06-FEB-2024,7320,INE256Z01025,
AKSHARCHEM,EQ,275.6,284.05,273.95,277.3,278.85,274.45,13981,3914273.75,06-FEB-2024,622,INE542B01011,
AKSHOPTFBR,BE,13.0,13.2,12.5,12.7,12.8,12.75,523475,6707870.05,06-FEB-2024,966,INE523B01011,
AKZOINDIA,EQ,2739.25,3058.0,2730.0,2931.95,2890.0,2731.25,292145,851931091.55,06-FEB-2024,33827,INE133A01011,
ALANKIT,BE,20.0,20.0,20.0,20.0,20.0,19.65,311330,6226600.0,06-FEB-2024,652,INE914E01040,
ALBERTDAVD,EQ,1454.4,1495.0,1400.05,1411.45,1410.0,1442.45,19587,28013105.45,06-FEB-2024,1565,INE155C01010,
ALEMBICLTD,EQ,102.9,105.6,102.45,103.5,103.5,101.7,3765402,391175547.6,06-FEB-2024,20618,INE426A01027,
ALICON,EQ,973.65,986.45,956.05,969.35,956.05,969.7,9158,8922893.25,06-FEB-2024,1450,INE062D01024,
ALKALI,EQ,142.0,143.45,140.0,141.95,142.0,140.65,16628,2366662.05,06-FEB-2024,418,INE773I01017,
ALKEM,EQ,4949.9,5130.95,4948.95,5065.2,5065.05,4924.05,635171,3193089345.45,06-FEB-2024,60479,INE540L01014,
ALKYLAMINE,EQ,2235.1,2280.55,2222.05,2263.25,2267.55,2221.1,49671,112011526.3,06-FEB-2024,9711,INE150B01039,
ALLCARGO,EQ,80.0,80.9,79.0,80.05,80.1,79.65,1066006,85441836.3,06-FEB-2024,8819,INE418H01029,
ALLSEC,EQ,758.0,784.25,755.15,770.95,762.0,755.15,27805,21353303.75,06-FEB-2024,2937,INE835G01018,
ALMONDZ,BE,112.0,118.85,112.0,117.05,117.05,114.4,23150,2690552.95,06-FEB-2024,170,INE326B01027,
ALOKINDS,BE,31.35,31.35,30.3,30.55,30.65,30.55,5793069,177975584.35,06-FEB-2024,31068,INE270A01029,
ALPA,EQ,101.2,102.9,100.45,102.1,101.8,100.6,50765,5183505.3,06-FEB-2024,640,INE385I01010,
ALPHAETF,EQ,22.45,22.85,22.05,22.39,22.4,22.22,106447,2385640.69,06-FEB-2024,518,INF769K01KU7,
ALPHAGEO,EQ,332.0,404.9,332.0,393.85,393.45,337.45,810024,315126276.75,06-FEB-2024,15879,INE137C01018,
ALPL30IETF,EQ,252.37,258.0,251.81,256.24,258.0,252.38,89111,22746082.4,06-FEB-2024,582,INF109KC1N59,
ALPSINDUS,EQ,1.75,1.85,1.75,1.85,1.85,1.8,147756,262630.7,06-FEB-2024,81,INE093B01015,
AMBER,EQ,4374.4,4597.5,4350.55,4491.55,4490.0,4370.95,134854,609555244.3,06-FEB-2024,23539,INE371P01015,
AMBICAAGAR,EQ,34.5,35.55,34.1,34.75,34.9,34.5,45650,1574827.7,06-FEB-2024,338,INE792B01012,
AMBIKCO,EQ,1757.5,1774.45,1720.0,1754.4,1766.0,1757.8,14670,25686789.7,06-FEB-2024,3018,INE540G01014,
AMBUJACEM,EQ,558.95,568.0,549.95,566.6,566.5,555.0,2969565,1664346231.8,06-FEB-2024,44637,INE079A01024,
AMDIND,BE,75.95,77.5,74.0,74.45,76.0,75.95,14087,1056168.35,06-FEB-2024,145,INE005I01014,
AMIORG,EQ,1147.0,1162.45,1120.0,1126.35,1129.0,1142.25,95895,109200516.2,06-FEB-2024,13001,INE00FF01017,
AMJLAND,EQ,39.85,41.45,39.0,40.1,39.75,39.35,294770,11760061.15,06-FEB-2024,2269,INE606A01024,
AMNPLST,EQ,200.25,202.9,193.7,195.95,199.7,198.3,13869,2738544.6,06-FEB-2024,1078,INE275D01022,
AMRUTANJAN,EQ,570.8,578.85,570.6,572.85,572.05,574.3,18220,10455038.35,06-FEB-2024,2034,INE098F01031,
ANANDRATHI,EQ,3520.0,3548.0,3317.0,3397.95,3400.0,3469.9,77446,266458272.95,06-FEB-2024,18157,INE463V01026,
ANANTRAJ,EQ,331.0,334.6,321.45,327.3,324.6,326.55,1677945,549253693.9,06-FEB-2024,23699,INE242C01024,
ANDHRAPAP,EQ,537.65,553.0,536.55,551.1,551.0,531.5,179661,98135062.2,06-FEB-2024,11644,INE435A01028,
ANDHRSUGAR,EQ,114.2,117.2,112.85,114.85,114.85,114.15,736475,85069440.95,06-FEB-2024,8603,INE715B01021,
ANGELONE,EQ,3212.65,3253.2,3060.2,3132.5,3137.0,3212.55,337693,1056799347.8,06-FEB-2024,42937,INE732I01013,
ANIKINDS,BE,50.9,52.35,50.8,52.35,52.35,49.9,68392,3554427.7,06-FEB-2024,265,INE087B01017,
ANKITMETAL,BE,4.5,4.5,4.45,4.45,4.45,4.45,134609,603198.9,06-FEB-2024,141,INE106I01010,
ANMOL,EQ,61.65,62.15,60.95,61.15,61.7,61.05,2738259,168276057.6,06-FEB-2024,5471,INE02AR01019,
ANTGRAPHIC,BE,1.6,1.6,1.6,1.6,1.6,1.55,389541,623265.6,06-FEB-2024,210,INE414B01021,
ANUP,EQ,2960.0,3000.0,2931.05,2980.5,2985.0,2933.4,7015,20827315.75,06-FEB-2024,2072,INE294Z01018,
ANURAS,EQ,910.2,934.45,907.75,917.55,912.0,915.35,65820,60348614.55,06-FEB-2024,9733,INE930P01018,
APARINDS,EQ,6137.0,6366.85,6117.0,6316.9,6301.0,6056.0,146671,921149586.4,06-FEB-2024,29723,INE372A01015,
APCL,EQ,222.1,223.85,217.8,220.9,220.0,218.8,25175,5552353.45,06-FEB-2024,2182,INE071F01012,
APCOTEXIND,EQ,467.95,471.55,460.7,465.15,462.5,465.6,33399,15599185.45,06-FEB-2024,2752,INE116A01032,
APEX,EQ,265.35,278.2,262.7,273.75,273.4,263.55,570097,155321520.85,06-FEB-2024,19376,INE346W01013,
APLAPOLLO,EQ,1428.0,1440.85,1370.65,1402.85,1408.6,1435.6,2020568,2823321503.65,06-FEB-2024,110612,INE702C01027,
APLLTD,EQ,963.6,1015.0,959.55,985.85,985.5,965.1,438825,436573675.85,06-FEB-2024,44368,INE901L01018,
APOLLO,BE,134.8,136.3,130.0,132.5,132.5,129.85,1389529,185763457.0,06-FEB-2024,11016,INE713T01028,
APOLLOHOSP,EQ,6259.95,6297.9,6155.05,6197.3,6198.0,6234.5,326654,2026554372.45,06-FEB-2024,65412,INE437A01024,
APOLLOPIPE,EQ,673.0,674.2,659.05,663.0,663.8,672.2,135946,90267069.35,06-FEB-2024,13175,INE126J01016,
APOLLOTYRE,EQ,549.5,554.95,546.0,553.0,552.9,545.5,1628120,898097634.1,06-FEB-2024,37691,INE438A01022,
APOLSINHOT,EQ,2092.0,2119.95,2025.0,2053.45,2063.4,2100.05,4157,8610965.05,06-FEB-2024,795,INE451F01024,
APTECHT,EQ,269.0,270.6,264.05,268.3,269.15,264.15,318484,85051426.65,06-FEB-2024,12775,INE266F01018,
APTUS,EQ,373.0,376.3,371.75,375.1,375.0,371.7,237306,88837109.0,06-FEB-2024,14872,INE852O01025,
ARCHIDPLY,EQ,95.0,98.15,93.75,98.15,98.15,93.5,86563,8397379.8,06-FEB-2024,1014,INE877I01016,
ARCHIES,EQ,34.65,35.55,33.3,35.0,35.1,33.6,273896,9493369.5,06-FEB-2024,1430,INE731A01020,
ARE&M,EQ,891.0,915.0,884.95,887.35,885.0,890.8,551855,495772246.7,06-FEB-2024,33129,INE885A01032,
ARENTERP,EQ,51.95,52.45,48.35,51.2,50.85,50.9,14884,752863.3,06-FEB-2024,296,INE610C01014,
ARIES,EQ,279.0,290.0,271.25,277.7,277.0,280.2,162795,45632946.6,06-FEB-2024,3862,INE298I01015,
ARIHANTCAP,EQ,78.9,79.7,75.15,76.4,76.4,78.4,966518,74740775.25,06-FEB-2024,5137,INE420B01036,
ARIHANTSUP,EQ,378.0,399.0,378.0,388.3,387.9,380.75,68145,26588307.0,06-FEB-2024,5210,INE643K01018,
ARMANFIN,EQ,2477.0,2477.0,2297.0,2343.65,2347.0,2260.85,56912,133802546.55,06-FEB-2024,10359,INE109C01017,
AROGRANITE,EQ,61.85,61.85,59.0,59.4,59.2,60.25,33602,2015227.65,06-FEB-2024,622,INE210C01013,
ARROWGREEN,EQ,465.1,488.9,460.8,477.9,476.95,467.75,163609,78065676.6,06-FEB-2024,14530,INE570D01018,
ARSHIYA,BE,7.5,7.5,7.5,7.5,7.5,7.15,131733,987997.5,06-FEB-2024,132,INE968D01022,
ARTEMISMED,EQ,184.6,184.6,176.1,177.1,177.1,184.7,250629,44786437.0,06-FEB-2024,11618,INE025R01021,
ARTNIRMAN,BE,76.0,78.0,72.95,75.5,75.5,76.5,5622,428391.35,06-FEB-2024,54,INE738V01013,
ARVEE,BE,155.8,155.8,148.05,148.5,148.5,155.8,4606,682976.8,06-FEB-2024,85,INE006Z01016,
ARVIND,EQ,312.3,316.0,308.45,311.1,310.75,312.3,543815,169108270.75,06-FEB-2024,23742,INE034A01011,
ARVINDFASN,EQ,514.4,526.0,509.75,522.45,524.8,512.0,165970,85898526.3,06-FEB-2024,15175,INE955V01021,
ARVSMART,EQ,544.75,650.4,537.25,650.4,650.4,542.0,443759,276753077.4,06-FEB-2024,16302,INE034S01021,
ASAHIINDIA,EQ,537.05,555.9,537.05,545.8,543.25,536.4,208312,114057934.4,06-FEB-2024,14626,INE439A01020,
ASAHISONG,EQ,309.45,316.8,307.15,310.35,312.2,307.45,12724,3956030.15,06-FEB-2024,408,INE228I01012,
ASAL,EQ,449.3,469.6,446.75,462.45,464.6,444.85,69694,31984432.5,06-FEB-2024,6338,INE900C01027,
ASALCBR,EQ,481.4,488.9,469.45,479.3,476.2,474.8,44149,20976514.1,06-FEB-2024,3884,INE073G01016,
ASHAPURMIN,BE,401.0,409.7,390.0,400.15,401.5,401.9,137179,54861078.8,06-FEB-2024,2428,INE348A01023,
ASHIANA,EQ,334.95,344.05,318.0,321.3,319.3,327.7,542958,178825416.05,06-FEB-2024,29277,INE365D01021,
ASHIMASYN,EQ,25.35,25.8,24.3,24.9,24.75,24.25,3917991,97375773.75,06-FEB-2024,7683,INE440A01010,
ASHOKA,EQ,184.0,192.55,182.5,189.35,189.95,182.6,6460172,1217297442.8,06-FEB-2024,52135,INE442H01029,
ASHOKAMET,BE,25.45,26.5,24.7,25.85,25.15,25.25,53391,1375610.95,06-FEB-2024,255,INE760Y01011,
ASHOKLEY,EQ,186.85,186.85,176.15,179.95,179.5,179.25,72074448,13023328394.75,06-FEB-2024,270649,INE208A01029,
ASIANENE,EQ,286.1,310.15,286.1,310.15,310.15,295.4,88150,26850051.0,06-FEB-2024,1827,INE276G01015,
ASIANHOTNR,BE,180.0,180.0,169.85,169.85,169.85,178.75,7254,1233584.1,06-FEB-2024,125,INE363A01022,
ASIANPAINT,EQ,2931.0,2947.0,2902.65,2930.95,2946.0,2917.35,1471312,4303648767.45,06-FEB-2024,105344,INE021A01026,
ASIANTILES,EQ,67.9,69.3,67.45,68.65,68.7,67.5,728798,49941201.75,06-FEB-2024,4118,INE022I01019,
ASKAUTOLTD,EQ,322.0,331.0,311.2,317.5,317.75,306.65,1880448,609035802.15,06-FEB-2024,37237,INE491J01022,
ASMS,EQ,25.6,25.6,25.6,25.6,25.6,26.1,66625,1705600.0,06-FEB-2024,370,INE855F01042,
ASPINWALL,EQ,326.8,328.0,280.3,294.35,293.0,331.65,168224,49247845.3,06-FEB-2024,3920,INE991I01015,
ASTEC,EQ,905.95,917.45,891.0,909.35,912.6,901.4,33602,30466309.5,06-FEB-2024,4765,INE563J01010,
ASTERDM,EQ,433.0,452.0,428.5,441.25,439.0,425.2,1517621,673786286.35,06-FEB-2024,47518,INE914M01019,
ASTRAL,EQ,1893.95,1904.95,1874.8,1888.75,1885.0,1874.8,387406,732337103.95,06-FEB-2024,27900,INE006I01046,
ASTRAMICRO,EQ,646.45,668.0,640.0,660.1,659.2,644.15,781000,509450669.8,06-FEB-2024,29878,INE386C01029,
ASTRAZEN,EQ,6669.8,7220.95,6656.95,6927.05,6910.0,6656.2,46969,329309449.9,06-FEB-2024,15716,INE203A01020,
ASTRON,BE,31.3,32.85,31.1,32.2,32.5,32.7,78491,2491752.3,06-FEB-2024,428,INE646X01014,
ATALREAL,EQ,16.05,16.85,14.8,16.45,16.7,15.75,2290241,36343698.25,06-FEB-2024,2227,INE0ALR01029,
ATAM,EQ,200.0,205.0,196.55,200.85,203.8,196.8,33183,6659323.05,06-FEB-2024,1436,INE09KD01013,
ATFL,EQ,854.3,854.3,848.0,851.3,850.1,850.35,4595,3915235.15,06-FEB-2024,508,INE209A01019,
ATGL,EQ,1005.0,1018.55,988.0,994.95,994.9,989.05,1229019,1227030706.25,06-FEB-2024,34059,INE399L01023,
ATL,EQ,66.45,69.65,66.45,68.85,68.8,66.05,1120645,76914435.55,06-FEB-2024,4854,INE0NN701020,
ATLANTAA,BE,23.85,24.5,23.3,23.45,23.7,24.25,31066,736302.3,06-FEB-2024,187,INE285H01022,
ATUL,EQ,6321.0,6420.0,6292.0,6368.5,6350.9,6288.45,32055,204304621.2,06-FEB-2024,7614,INE100A01010,
ATULAUTO,EQ,548.0,601.15,548.0,580.75,582.0,546.5,696037,409081781.55,06-FEB-2024,11434,INE951D01028,
AUBANK,EQ,622.6,622.6,613.0,616.5,617.9,622.6,1713489,1056820474.75,06-FEB-2024,44966,INE949L01017,
AURIONPRO,BE,2372.95,2439.0,2329.8,2381.1,2399.0,2329.8,18544,44113566.4,06-FEB-2024,1519,INE132H01018,
AUROPHARMA,EQ,1026.5,1048.9,1005.25,1014.4,1012.0,1018.25,3897286,3984094798.3,06-FEB-2024,109519,INE406A01037,
AURUM,BE,152.6,155.6,151.1,151.8,152.0,152.4,37327,5705017.0,06-FEB-2024,484,INE898S01029,
AUSOMENT,EQ,88.7,102.7,87.95,101.3,102.4,85.7,555837,54559344.95,06-FEB-2024,6487,INE218C01016,
AUTOAXLES,EQ,2005.0,2070.9,1992.4,2015.15,2014.9,1998.55,32904,66825323.1,06-FEB-2024,5300,INE449A01011,
AUTOBEES,EQ,201.34,202.01,200.01,201.86,202.01,199.19,88977,17905448.11,06-FEB-2024,1932,INF204KC1337,
AUTOIETF,EQ,199.16,202.0,199.16,201.63,201.2,199.16,65012,13075651.86,06-FEB-2024,304,INF109KC1Y49,
AUTOIND,EQ,123.5,133.7,123.5,131.9,132.9,123.0,218708,28366376.15,06-FEB-2024,1696,INE718H01014,
AVADHSUGAR,EQ,660.0,668.15,650.55,657.6,656.3,652.05,76470,50399935.45,06-FEB-2024,6555,INE349W01017,
AVALON,EQ,499.85,500.7,472.5,475.4,479.5,496.95,531305,255287059.95,06-FEB-2024,34999,INE0LCL01028,
AVANTIFEED,EQ,570.0,575.0,553.7,561.2,559.9,552.65,1211414,681118454.9,06-FEB-2024,40350,INE871C01038,
AVG,EQ,427.6,429.0,415.05,419.7,416.05,425.6,48048,20311588.7,06-FEB-2024,1120,INE680Z01018,
AVONMORE,EQ,117.05,118.95,114.0,114.9,115.1,115.7,50227,5820683.95,06-FEB-2024,1219,INE323B01016,
AVROIND,EQ,143.0,152.95,141.4,145.0,145.75,141.85,254354,37905120.9,06-FEB-2024,3485,INE652Z01017,
AVTNPL,EQ,90.7,96.95,90.4,95.05,95.3,90.6,1166941,110886105.6,06-FEB-2024,8840,INE488D01021,
AWHCL,EQ,513.0,539.6,506.85,536.3,537.65,510.95,281044,148036743.45,06-FEB-2024,15963,INE01BK01022,
AWL,EQ,346.75,351.0,340.7,343.2,343.75,343.35,1257367,433883399.7,06-FEB-2024,29838,INE699H01024,
AXISBANK,EQ,1061.55,1065.1,1048.2,1050.05,1053.0,1061.5,8011171,8447759890.1,06-FEB-2024,200742,INE238A01034,
AXISBNKETF,EQ,464.13,465.11,461.63,464.18,465.11,464.16,3818,1771497.21,06-FEB-2024,90,INF846K01X63,
AXISBPSETF,EQ,11.49,11.5,10.98,11.49,11.5,11.49,56234,646124.31,06-FEB-2024,603,INF846K01Z04,
AXISCADES,EQ,770.25,790.0,757.55,770.95,770.0,770.25,70337,54006388.5,06-FEB-2024,3788,INE555B01013,
AXISCETF,EQ,97.23,98.07,95.7,97.71,95.7,97.05,894,87131.61,06-FEB-2024,47,INF846K016C7,
AXISGOLD,EQ,53.17,53.39,53.01,53.09,53.12,53.17,57635,3062328.01,06-FEB-2024,1317,INF846K01W80,
AXISHCETF,EQ,117.5,118.5,117.11,118.21,118.16,117.01,3125,368896.8,06-FEB-2024,107,INF846K01Z12,
AXISILVER,EQ,71.9,71.97,71.08,71.5,71.45,71.75,11582,828477.8,06-FEB-2024,207,INF846K011K1,
AXISNIFTY,EQ,231.5,248.1,231.5,235.4,235.6,233.62,144765,34495936.58,06-FEB-2024,474,INF846K01W98,
AXISTECETF,EQ,394.0,402.44,393.8,401.1,400.93,389.96,4057,1617048.06,06-FEB-2024,152,INF846K01Y96,
AXITA,EQ,26.35,26.4,25.15,25.3,25.5,25.95,3188201,81917541.1,06-FEB-2024,11907,INE02EZ01022,
AXSENSEX,EQ,72.6,72.91,72.08,72.56,72.88,72.6,1969,142705.49,06-FEB-2024,46,INF846K010Q0,
AYMSYNTEX,EQ,81.9,83.65,77.4,78.7,78.9,81.65,126435,10040847.25,06-FEB-2024,1266,INE193B01039,
AZAD,EQ,932.0,936.45,892.0,898.4,894.0,932.2,426753,388583125.0,06-FEB-2024,15403,INE02IJ01035,
BAFNAPH,BE,98.05,100.0,98.05,98.5,98.5,98.05,9526,939543.05,06-FEB-2024,71,INE878I01022,
BAGFILMS,BE,12.9,12.9,12.55,12.65,12.55,12.75,384121,4878809.95,06-FEB-2024,877,INE116D01028,
BAIDFIN,EQ,28.4,31.0,28.0,29.6,29.5,28.1,1602159,48000764.35,06-FEB-2024,4747,INE020D01022,
BAJAJ-AUTO,EQ,7675.0,7747.7,7670.6,7720.4,7729.0,7658.25,131992,1018827817.4,06-FEB-2024,30889,INE917I01010,
BAJAJCON,EQ,225.0,225.0,215.15,216.05,215.7,223.65,726196,158028051.35,06-FEB-2024,19524,INE933K01021,
BAJAJELEC,EQ,1046.8,1078.9,1041.65,1065.45,1044.6,1062.7,197800,211908611.0,06-FEB-2024,15583,INE193E01025,
BAJAJFINSV,EQ,1626.8,1626.8,1578.6,1597.05,1600.0,1614.9,2376798,3795785061.75,06-FEB-2024,176278,INE918I01026,
BAJAJHCARE,EQ,320.3,333.2,319.7,328.75,330.0,318.7,96298,31537136.95,06-FEB-2024,7627,INE411U01027,
BAJAJHIND,EQ,34.55,36.2,33.65,35.55,35.65,33.65,58417087,2064026728.0,06-FEB-2024,72692,INE306A01021,
BAJAJHLDNG,EQ,8342.8,8479.5,8283.55,8452.45,8451.55,8330.35,19163,160772212.2,06-FEB-2024,4656,INE118A01012,
BAJEL,EQ,229.0,236.1,217.25,219.45,224.6,224.9,2269047,514786398.1,06-FEB-2024,19450,INE0KQN01018,
BAJFINANCE,EQ,6648.0,6699.0,6535.0,6598.15,6599.0,6608.2,2439533,16110820931.5,06-FEB-2024,232133,INE296A01024,
BALAJITELE,EQ,91.65,92.85,91.0,92.1,92.0,91.25,403876,37162862.8,06-FEB-2024,3694,INE794B01026,
BALAMINES,EQ,2250.0,2305.0,2242.0,2277.1,2274.0,2252.1,50318,114487159.3,06-FEB-2024,8593,INE050E01027,
BALAXI,EQ,426.5,440.0,426.15,432.85,440.0,433.35,5930,2554460.2,06-FEB-2024,255,INE618N01014,
BALKRISHNA,BE,44.45,44.45,42.15,42.25,42.25,44.35,60270,2563688.65,06-FEB-2024,284,INE875R01011,
BALKRISIND,EQ,2411.95,2420.65,2378.1,2382.15,2386.0,2410.6,373510,894050309.45,06-FEB-2024,40266,INE787D01026,
BALMLAWRIE,EQ,281.6,287.0,275.95,284.65,284.0,280.2,1129995,317252330.45,06-FEB-2024,18710,INE164A01016,
BALPHARMA,EQ,124.0,128.0,123.5,124.7,125.5,125.05,56600,7073632.85,06-FEB-2024,973,INE083D01012,
BALRAMCHIN,EQ,398.0,400.8,394.7,396.9,397.0,397.65,1222864,486687493.45,06-FEB-2024,18163,INE119A01028,
BANARBEADS,EQ,103.9,119.9,103.9,112.95,113.25,103.75,392312,44439854.35,06-FEB-2024,5860,INE655B01011,
BANARISUG,EQ,2410.0,2414.2,2356.2,2373.95,2376.6,2382.05,1097,2616027.0,06-FEB-2024,379,INE459A01010,
BANCOINDIA,EQ,660.0,672.95,636.25,642.95,644.7,662.3,430306,279753552.2,06-FEB-2024,34784,INE213C01025,
BANDHANBNK,EQ,222.65,223.45,217.35,218.4,218.9,222.65,10097377,2217792770.05,06-FEB-2024,82860,INE545U01014,
BANG,BE,54.6,54.6,53.6,53.6,53.6,54.7,7911,424980.6,06-FEB-2024,31,INE863I01016,
BANKA,BE,147.8,147.8,147.8,147.8,147.8,150.8,8328,1230878.4,06-FEB-2024,86,INE862Y01015,
BANKBARODA,EQ,258.0,258.3,246.2,250.3,251.4,257.45,17506394,4381370542.2,06-FEB-2024,110796,INE028A01039,
BANKBEES,EQ,467.98,467.98,464.0,466.12,466.9,466.37,586986,273457370.67,06-FEB-2024,9048,INF204KB15I9,
BANKBETF,EQ,46.99,46.99,45.5,45.63,45.63,45.85,3613,165132.59,06-FEB-2024,68,INF0QA701714,
BANKETF,EQ,467.65,467.65,456.01,457.65,458.63,458.45,4314,1974430.81,06-FEB-2024,167,INF769K01KR3,
BANKIETF,EQ,47.6,47.6,45.95,46.1,46.0,46.23,164481,7578671.26,06-FEB-2024,1039,INF109KC15I8,
BANKINDIA,EQ,139.0,139.6,130.55,133.7,134.45,138.6,41258558,5522687256.9,06-FEB-2024,158413,INE084A01016,
BANSWRAS,EQ,151.9,151.9,143.0,143.6,143.6,147.95,173619,25272691.0,06-FEB-2024,3520,INE629D01020,
BARBEQUE,EQ,617.0,639.9,615.25,629.3,625.0,611.85,259774,163696706.35,06-FEB-2024,15527,INE382M01027,
BASF,EQ,3162.0,3235.0,3134.05,3174.75,3158.0,3144.85,33404,106013798.7,06-FEB-2024,8890,INE373A01013,
BASML,EQ,55.8,58.5,55.35,55.75,55.65,54.3,866965,49155555.0,06-FEB-2024,4296,INE186H01022,
BATAINDIA,EQ,1434.0,1450.0,1430.0,1442.35,1442.35,1431.9,196289,283145169.2,06-FEB-2024,19638,INE176A01028,
BAYERCROP,EQ,5718.05,5814.0,5665.05,5726.95,5666.05,5718.05,12737,73276025.75,06-FEB-2024,5580,INE462A01022,
BBETF0432,EQ,1119.21,1122.89,1118.06,1122.4,1120.01,1119.02,2102,2352919.42,06-FEB-2024,47,INF754K01OB1,
BBL,EQ,5158.55,5350.0,5070.0,5307.9,5314.0,5110.9,39134,205882070.35,06-FEB-2024,11164,INE464A01028,
BBNPPGOLD,EQ,63.75,63.75,61.95,62.2,62.25,62.2,1355,84330.95,06-FEB-2024,69,INF251K01SU9,
BBOX,EQ,282.95,282.95,272.85,276.05,277.6,277.45,117848,32687096.0,06-FEB-2024,1811,INE676A01027,
BBTC,EQ,1666.0,1807.0,1666.0,1714.15,1710.0,1658.85,460032,797937131.9,06-FEB-2024,45386,INE050A01025,
BBTCL,EQ,265.0,282.75,262.6,279.1,275.0,266.85,12291,3359128.25,06-FEB-2024,457,INE01EE01011,
BCG,EQ,19.9,20.05,19.45,19.55,19.55,19.9,22649516,444798365.0,06-FEB-2024,23200,INE425B01027,
BCLIND,EQ,71.0,73.85,69.9,73.1,73.0,70.65,1352101,97434975.3,06-FEB-2024,8816,INE412G01024,
BCONCEPTS,BE,912.0,912.0,870.0,876.4,876.5,871.45,3389,2968018.0,06-FEB-2024,183,INE977Y01011,
BDL,EQ,1759.2,1789.9,1735.0,1752.6,1755.2,1761.95,478501,842829322.3,06-FEB-2024,30760,INE171Z01018,
BEARDSELL,BE,50.9,50.9,48.05,49.95,50.0,50.2,44770,2212552.65,06-FEB-2024,271,INE520H01022,
BECTORFOOD,EQ,1180.0,1190.0,1173.2,1183.1,1183.85,1174.35,109922,129996164.65,06-FEB-2024,14106,INE495P01012,
BEDMUTHA,BE,303.8,303.8,281.65,295.4,293.0,293.95,27156,7959400.45,06-FEB-2024,239,INE844K01012,
BEL,EQ,182.4,183.55,180.7,183.1,183.35,181.55,12134363,2215410520.9,06-FEB-2024,100644,INE263A01024,
BEML,EQ,3740.55,3744.7,3579.75,3607.05,3614.9,3725.25,267636,969993823.05,06-FEB-2024,31247,INE258A01016,
BEPL,EQ,106.0,106.6,104.3,104.6,104.6,105.45,575389,60567958.1,06-FEB-2024,7095,INE922A01025,
BERGEPAINT,EQ,567.1,567.1,553.85,555.8,555.6,567.1,1071673,597456094.15,06-FEB-2024,24543,INE463A01038,
BFINVEST,EQ,565.0,584.4,555.3,575.45,574.2,563.45,169801,97339495.6,06-FEB-2024,12161,INE878K01010,
BFSI,EQ,20.65,20.78,20.58,20.68,20.7,20.65,943237,19465682.5,06-FEB-2024,1362,INF769K01HI8,
BFUTILITIE,EQ,682.0,709.1,669.15,709.1,709.1,675.35,602562,419493070.65,06-FEB-2024,12554,INE243D01012,
BGRENERGY,EQ,94.65,95.8,93.5,95.0,95.25,94.65,295643,27934846.05,06-FEB-2024,3714,INE661I01014,
BHAGCHEM,EQ,1547.0,1547.0,1510.5,1525.85,1526.0,1525.25,3928,5999914.85,06-FEB-2024,817,INE414D01019,
BHAGERIA,EQ,168.65,170.45,162.25,168.55,168.9,166.65,102536,17190722.1,06-FEB-2024,5087,INE354C01027,
BHAGYANGR,EQ,100.25,119.4,98.5,119.4,119.4,99.5,2406215,272000324.9,06-FEB-2024,25367,INE458B01036,
BHANDARI,EQ,11.25,11.35,10.95,11.35,11.35,10.85,2422394,27359384.75,06-FEB-2024,2688,INE474E01029,
BHARATFORG,EQ,1284.0,1305.0,1275.25,1285.5,1289.45,1271.6,1223155,1573074686.5,06-FEB-2024,55002,INE465A01025,
BHARATGEAR,EQ,118.0,118.25,116.25,117.35,117.2,117.6,31364,3682344.25,06-FEB-2024,572,INE561C01019,
BHARATRAS,EQ,9029.85,9029.85,8857.05,8915.0,8945.0,8962.6,1328,11852120.15,06-FEB-2024,523,INE838B01013,
BHARATWIRE,BE,337.0,339.9,329.0,335.5,335.1,339.9,149430,49755533.3,06-FEB-2024,1182,INE316L01019,
BHARTIARTL,EQ,1125.0,1156.1,1123.0,1134.05,1135.9,1113.55,9863065,11271927153.2,06-FEB-2024,261815,INE397D01024,
BHEL,EQ,236.3,236.3,228.35,231.8,232.2,235.3,20312567,4708928447.2,06-FEB-2024,104517,INE257A01026,
BIGBLOC,EQ,200.9,208.25,192.8,202.9,202.0,199.35,864324,173964014.25,06-FEB-2024,30711,INE412U01025,
BIKAJI,EQ,550.1,564.0,550.1,558.7,559.0,547.4,268145,149783556.65,06-FEB-2024,21347,INE00E101023,
BIL,BE,374.0,378.4,368.0,377.75,377.75,374.0,4255,1607918.85,06-FEB-2024,28,INE828A01016,
BINANIIND,BE,17.2,17.2,17.0,17.0,17.0,17.2,12981,221920.6,06-FEB-2024,48,INE071A01013,
BIOCON,EQ,286.4,307.1,286.0,298.55,297.55,284.65,23649986,7038731811.3,06-FEB-2024,191971,INE376G01013,
BIOFILCHEM,EQ,69.2,70.15,66.7,68.35,68.0,68.85,72407,4952002.3,06-FEB-2024,895,INE829A01014,
BIRLACABLE,EQ,279.75,293.7,271.75,292.8,293.4,279.75,479382,137260996.15,06-FEB-2024,6203,INE800A01015,
BIRLACORPN,EQ,1494.0,1614.95,1478.0,1519.2,1527.15,1482.95,1010632,1540129915.35,06-FEB-2024,69604,INE340A01012,
BIRLAMONEY,BE,122.65,122.8,118.0,121.35,121.95,120.05,73009,8797433.5,06-FEB-2024,771,INE865C01022,
BLAL,EQ,370.0,377.45,313.05,316.4,314.5,343.55,2488430,829683643.35,06-FEB-2024,33304,INE0N7W01012,
BLBLIMITED,EQ,39.8,40.0,37.45,38.5,38.5,38.35,1155378,44732550.6,06-FEB-2024,4834,INE791A01024,
BLISSGVS,EQ,122.05,122.9,118.1,119.75,119.7,122.05,309245,36926463.75,06-FEB-2024,4352,INE416D01022,
BLKASHYAP,EQ,80.75,82.8,77.6,80.45,81.0,80.05,2440133,197218150.8,06-FEB-2024,10809,INE350H01032,
BLS,EQ,404.0,412.45,391.05,404.5,403.8,401.15,4713014,1893519936.5,06-FEB-2024,99006,INE153T01027,
BLSE,EQ,305.0,366.0,303.1,366.0,366.0,135.0,49965562,16873384840.2,06-FEB-2024,359358,INE0NLT01010,
BLUECHIP,BE,2.65,2.65,2.65,2.65,2.65,2.7,150006,397515.9,06-FEB-2024,290,INE657B01025,
BLUECOAST,BE,6.9,6.9,6.9,6.9,6.9,6.6,2839,19589.1,06-FEB-2024,9,INE472B01011,
BLUEDART,EQ,6360.0,6379.2,6085.0,6132.3,6120.0,6339.15,131032,816921591.25,06-FEB-2024,12370,INE233B01017,
BLUEJET,EQ,335.35,349.15,324.0,345.75,345.9,330.35,1240365,419191828.85,06-FEB-2024,21292,INE0KBH01020,
BLUESTARCO,EQ,1162.9,1197.9,1152.4,1160.45,1160.0,1168.0,357107,422865419.85,06-FEB-2024,19269,INE472A01039,
BODALCHEM,EQ,84.5,85.95,82.7,84.15,84.7,84.25,893574,75160881.65,06-FEB-2024,6747,INE338D01028,
BOHRAIND,BE,25.85,25.85,25.8,25.8,25.8,25.85,5913,152778.95,06-FEB-2024,36,INE802W01023,
BOMDYEING,EQ,182.95,187.0,181.0,185.1,184.35,181.75,1473185,271546488.7,06-FEB-2024,11992,INE032A01023,
BOROLTD,EQ,347.2,359.0,345.85,355.0,355.0,346.25,187433,66374828.65,06-FEB-2024,11981,INE02PY01013,
BORORENEW,EQ,629.4,629.4,610.05,614.8,615.2,626.6,557470,343667418.25,06-FEB-2024,17905,INE666D01022,
BOSCHLTD,EQ,24100.0,24955.6,24011.9,24891.45,24900.0,24163.1,19634,482944190.7,06-FEB-2024,7384,INE323A01026,
BPCL,EQ,579.95,614.7,570.7,609.3,610.5,574.75,22630328,13499558039.4,06-FEB-2024,309309,INE029A01011,
BPL,EQ,118.9,119.0,112.1,113.85,114.4,117.95,241001,27776514.2,06-FEB-2024,2610,INE110A01019,
BRIGADE,EQ,1060.0,1076.75,1001.0,1062.2,1055.0,1038.15,209332,221388884.9,06-FEB-2024,24703,INE791I01019,
BRITANNIA,EQ,5124.5,5125.0,4992.55,5007.05,5015.0,5124.5,336609,1701015578.05,06-FEB-2024,47710,INE216A01030,
BRNL,EQ,92.25,92.25,85.3,89.4,89.25,91.85,461550,40967201.5,06-FEB-2024,7926,INE727S01012,
BROOKS,EQ,130.0,134.5,129.95,130.8,133.55,130.45,47403,6235649.5,06-FEB-2024,1760,INE650L01011,
BSE,EQ,2559.0,2559.0,2380.4,2469.35,2470.4,2561.05,1642671,4053911581.3,06-FEB-2024,112899,INE118H01025,
BSE500IETF,EQ,33.6,33.75,33.3,33.68,33.71,33.36,724416,24377054.01,06-FEB-2024,893,INF109KC1V59,
BSHSL,EQ,234.05,238.8,232.05,236.65,235.6,234.8,26717,6290452.5,06-FEB-2024,744,INE032Z01020,
BSL,EQ,203.7,212.35,203.7,206.7,206.0,206.3,14063,2932764.7,06-FEB-2024,493,INE594B01012,
BSLGOLDETF,EQ,56.14,56.14,55.8,55.87,55.8,56.13,5732,321193.53,06-FEB-2024,277,INF209KB18D3,
BSLNIFTY,EQ,24.73,24.99,24.45,24.93,24.86,24.73,118513,2945257.73,06-FEB-2024,3478,INF209KB19D1,
BSLSENETFG,EQ,69.06,70.69,69.06,70.64,70.66,70.12,1440,101598.39,06-FEB-2024,69,INF209KB10E8,
BSOFT,EQ,840.2,861.85,836.3,853.4,852.65,834.15,2122369,1814098475.8,06-FEB-2024,67334,INE836A01035,
BTML,EQ,206.1,210.2,195.9,206.9,206.95,208.15,225159,46112816.2,06-FEB-2024,4206,INE0EEJ01015,
BURNPUR,BE,7.75,7.8,7.45,7.5,7.5,7.6,313712,2382993.65,06-FEB-2024,775,INE817H01014,
BUTTERFLY,EQ,910.0,934.95,877.35,917.0,932.0,943.25,53195,47830099.4,06-FEB-2024,6105,INE295F01017,
BVCL,BE,69.4,69.7,67.25,69.7,69.7,66.4,72883,5066387.75,06-FEB-2024,491,INE139I01011,
BYKE,BE,72.4,72.4,72.4,72.4,72.4,71.0,35682,2583376.8,06-FEB-2024,94,INE319B01014,
CALSOFT,BE,19.8,19.8,18.55,19.05,19.2,19.4,21843,414053.9,06-FEB-2024,117,INE526B01014,
CAMLINFINE,EQ,123.95,131.8,123.15,129.15,130.5,123.95,715502,90946410.2,06-FEB-2024,7757,INE052I01032,
CAMPUS,EQ,260.2,262.5,254.85,256.8,258.15,260.2,743304,191055782.7,06-FEB-2024,33549,INE278Y01022,
CAMS,EQ,2898.35,2985.0,2892.0,2942.35,2951.2,2898.35,647373,1910599194.7,06-FEB-2024,67004,INE596I01012,
CANBK,EQ,521.95,522.85,514.35,521.45,522.0,520.25,5144575,2668209671.15,06-FEB-2024,56424,INE476A01014,
CANFINHOME,EQ,808.7,819.8,802.0,818.1,815.0,801.75,757804,614363341.05,06-FEB-2024,41539,INE477A01020,
CANTABIL,EQ,260.9,263.95,256.05,260.55,258.2,259.5,86155,22343135.2,06-FEB-2024,3489,INE068L01024,
CAPACITE,EQ,265.3,279.45,264.45,274.35,275.5,265.3,1776347,488606355.65,06-FEB-2024,27040,INE264T01014,
CAPLIPOINT,EQ,1407.8,1463.0,1401.05,1411.45,1412.0,1402.5,175075,250460434.85,06-FEB-2024,14426,INE475E01026,
CAPTRUST,EQ,112.75,116.0,112.45,115.4,115.95,112.75,15223,1749720.8,06-FEB-2024,269,INE707C01018,
CARBORUNIV,EQ,1089.0,1127.1,1087.9,1120.6,1120.5,1083.75,141788,158101334.9,06-FEB-2024,9541,INE120A01034,
CAREERP,BE,249.95,256.0,242.05,254.3,256.0,250.05,31739,7985111.05,06-FEB-2024,335,INE521J01018,
CARERATING,EQ,1124.5,1183.0,1114.5,1150.45,1153.0,1121.75,108182,124227793.45,06-FEB-2024,10663,INE752H01013,
CARTRADE,EQ,710.0,712.95,695.9,704.5,704.25,706.85,76493,53749736.8,06-FEB-2024,11461,INE290S01011,
CARYSIL,EQ,1023.85,1067.9,1015.3,1060.65,1062.0,1015.3,415745,435856337.9,06-FEB-2024,33575,INE482D01024,
CASTROLIND,EQ,199.7,206.0,195.95,202.5,201.0,198.1,8433036,1708980749.45,06-FEB-2024,64869,INE172A01027,
CCHHL,BE,16.5,16.9,16.05,16.8,16.85,16.3,188565,3130797.25,06-FEB-2024,574,INE652F01027,
CCL,EQ,627.0,665.45,627.0,645.15,644.1,635.1,397296,257923084.9,06-FEB-2024,18110,INE421D01022,
CDSL,EQ,1843.0,1878.0,1815.15,1850.35,1848.0,1827.55,884055,1633873094.1,06-FEB-2024,54792,INE736A01011,
CEATLTD,EQ,2628.0,2740.0,2620.0,2728.15,2730.0,2600.0,256245,689509466.85,06-FEB-2024,26735,INE482A01020,
CELEBRITY,BE,20.5,20.5,20.5,20.5,20.5,20.9,108942,2233311.0,06-FEB-2024,51,INE185H01016,
CELLO,EQ,857.95,874.4,840.5,868.65,870.1,842.7,369969,318537708.0,06-FEB-2024,15885,INE0LMW01024,
CENTENKA,EQ,442.9,442.9,438.05,439.05,438.5,438.5,17373,7640378.55,06-FEB-2024,2379,INE485A01015,
CENTEXT,BE,25.3,25.8,25.0,25.0,25.0,26.3,230692,5773676.85,06-FEB-2024,1625,INE281A01026,
CENTRALBK,EQ,65.25,68.85,64.5,66.55,66.45,64.85,60062362,3987754779.0,06-FEB-2024,95779,INE483A01010,
CENTRUM,EQ,38.4,39.05,35.8,36.3,36.35,37.8,3609462,135306799.7,06-FEB-2024,9719,INE660C01027,
CENTUM,EQ,1737.0,1754.4,1677.0,1687.15,1690.2,1737.0,31144,52945201.25,06-FEB-2024,5501,INE320B01020,
CENTURYPLY,EQ,749.85,761.95,728.6,734.15,735.2,748.1,328461,243551881.8,06-FEB-2024,22008,INE348B01021,
CENTURYTEX,EQ,1484.8,1516.7,1476.1,1495.0,1489.15,1481.35,106247,159144309.45,06-FEB-2024,12140,INE055A01016,
CERA,EQ,8280.0,8318.5,8000.0,8220.2,8245.0,8239.95,9203,75939677.8,06-FEB-2024,4942,INE739E01017,
CEREBRAINT,BE,12.35,12.35,11.25,11.3,11.25,11.8,1079960,12497776.6,06-FEB-2024,1269,INE345B01019,
CESC,EQ,143.55,144.0,139.0,139.8,139.8,142.45,6082798,862492649.85,06-FEB-2024,38567,INE486A01021,
CGCL,EQ,937.4,948.6,922.35,924.95,925.0,929.75,120266,111759449.55,06-FEB-2024,6620,INE180C01026,
CGPOWER,EQ,444.95,446.95,436.15,444.95,446.0,439.65,1332434,590658059.5,06-FEB-2024,87377,INE067A01029,
CHALET,EQ,782.85,818.0,782.85,807.0,806.0,782.8,370532,299100512.65,06-FEB-2024,35217,INE427F01016,
CHAMBLFERT,EQ,348.0,359.8,339.65,358.15,358.5,347.5,5278699,1859178106.3,06-FEB-2024,60724,INE085A01013,
CHEMBOND,EQ,523.0,531.45,506.65,508.65,511.9,527.7,50383,26042485.25,06-FEB-2024,3724,INE995D01025,
CHEMCON,EQ,274.25,274.25,270.0,270.45,270.05,271.1,46211,12525313.25,06-FEB-2024,3465,INE03YM01018,
CHEMFAB,EQ,400.0,410.0,395.05,404.15,405.55,397.45,17229,6958085.8,06-FEB-2024,1238,INE783X01023,
CHEMPLASTS,EQ,476.6,495.5,474.25,483.2,483.0,474.5,265509,130393684.95,06-FEB-2024,13841,INE488A01050,
CHENNPETRO,EQ,938.0,938.95,891.6,916.65,915.65,932.35,902995,823046991.9,06-FEB-2024,35264,INE178A01016,
CHEVIOT,EQ,1425.0,1496.95,1405.0,1443.5,1439.9,1418.8,9303,13373514.0,06-FEB-2024,1255,INE974B01016,
CHOICEIN,EQ,562.5,564.75,557.2,558.4,558.0,557.1,223055,125095414.25,06-FEB-2024,7849,INE102B01014,
CHOLAFIN,EQ,1147.7,1164.0,1127.25,1157.05,1160.0,1136.35,2243173,2592231261.5,06-FEB-2024,83765,INE121A01024,
CHOLAHLDNG,EQ,1169.0,1175.0,1141.25,1158.05,1151.0,1151.35,306405,355156046.4,06-FEB-2024,24915,INE149A01033,
CIEINDIA,EQ,500.0,501.45,490.0,493.15,491.65,494.05,450326,223555153.7,06-FEB-2024,19680,INE536H01010,
CIGNITITEC,EQ,1010.5,1016.3,1000.0,1005.85,1008.0,1003.65,151254,152214482.1,06-FEB-2024,9254,INE675C01017,
CINELINE,EQ,163.0,163.0,145.2,147.75,145.2,159.95,130451,19775170.0,06-FEB-2024,1627,INE704H01022,
CINEVISTA,EQ,20.65,21.55,20.65,21.55,21.55,20.55,263531,5620668.85,06-FEB-2024,1230,INE039B01026,
CIPLA,EQ,1444.85,1445.9,1412.55,1425.45,1424.0,1433.9,979752,1397521907.55,06-FEB-2024,58246,INE059A01026,
CLEAN,EQ,1409.95,1420.0,1395.8,1404.65,1408.0,1400.0,90278,126927768.85,06-FEB-2024,12540,INE227W01023,
CLEDUCATE,EQ,100.95,102.45,99.5,100.8,101.0,100.85,123842,12443441.4,06-FEB-2024,2043,INE201M01029,
CLSEL,EQ,240.0,242.15,234.0,235.6,235.6,238.7,106022,25055803.9,06-FEB-2024,6983,INE419D01026,
CMSINFO,EQ,378.0,386.0,376.75,384.25,385.0,378.55,585765,223822375.85,06-FEB-2024,40285,INE925R01014,
COALINDIA,EQ,444.8,451.0,437.25,448.65,447.2,440.25,13386526,5929317276.6,06-FEB-2024,134044,INE522F01014,
COASTCORP,EQ,311.55,314.45,301.35,308.3,306.0,311.55,32931,10155373.8,06-FEB-2024,1545,INE377E01016,
COCHINSHIP,EQ,895.0,895.0,863.2,884.5,887.5,890.65,1631959,1436667060.0,06-FEB-2024,58869,INE704P01025,
COFFEEDAY,EQ,60.85,63.2,59.5,61.25,61.2,60.85,7276669,446566576.0,06-FEB-2024,17732,INE335K01011,
COFORGE,EQ,6421.0,6571.0,6373.0,6560.8,6549.0,6366.3,434992,2836647659.75,06-FEB-2024,43862,INE591G01017,
COLPAL,EQ,2534.0,2570.9,2521.85,2565.15,2562.0,2531.3,144763,369808337.5,06-FEB-2024,20853,INE259A01022,
COMMOIETF,EQ,82.47,82.6,80.98,82.4,82.6,81.61,44464,3640270.44,06-FEB-2024,597,INF109KC19O8,
COMPUSOFT,BE,28.8,28.95,28.2,28.8,28.75,28.75,123503,3519218.45,06-FEB-2024,730,INE453B01029,
COMSYN,EQ,91.45,95.0,84.0,94.4,94.0,91.45,53450,4794006.05,06-FEB-2024,1002,INE073V01015,
CONCOR,EQ,935.9,940.45,920.0,935.75,934.3,930.4,1185651,1106417002.45,06-FEB-2024,40395,INE111A01025,
CONCORDBIO,EQ,1446.35,1512.15,1440.3,1490.45,1488.1,1445.35,90103,133693567.4,06-FEB-2024,12777,INE338H01029,
CONFIPET,EQ,100.25,102.85,96.65,98.3,98.3,97.9,9410938,933724598.95,06-FEB-2024,37682,INE552D01024,
CONSOFINVT,EQ,248.55,269.45,248.55,265.25,265.0,248.95,48924,12711232.65,06-FEB-2024,3592,INE025A01027,
CONSUMBEES,EQ,106.19,106.35,104.53,105.62,105.0,105.07,38710,4081669.96,06-FEB-2024,549,INF204KA1LD7,
CONSUMIETF,EQ,97.8,98.22,97.42,98.05,98.16,97.39,3986,390350.07,06-FEB-2024,138,INF109KC1V42,
CONTROLPR,EQ,925.0,932.0,872.1,883.2,881.5,924.3,192830,171481146.7,06-FEB-2024,32505,INE663B01015,
CORALFINAC,BE,60.2,62.25,60.2,61.1,61.4,60.2,51113,3136024.95,06-FEB-2024,294,INE558D01021,
CORDSCABLE,EQ,187.15,193.35,186.2,193.35,193.35,175.8,716853,137455826.45,06-FEB-2024,2719,INE792I01017,
COROMANDEL,EQ,1102.45,1112.0,1091.0,1108.85,1103.0,1090.85,308539,341321334.2,06-FEB-2024,24173,INE169A01031,
COSMOFIRST,EQ,600.0,602.0,587.55,599.05,602.0,593.9,52775,31372332.8,06-FEB-2024,4662,INE757A01017,
COUNCODOS,BE,5.6,5.6,5.6,5.6,5.6,5.5,227171,1272157.6,06-FEB-2024,118,INE695B01025,
CPSEETF,EQ,80.89,80.89,77.91,79.54,79.79,79.19,4426086,349298725.49,06-FEB-2024,16992,INF457M01133,
CRAFTSMAN,EQ,4188.65,4238.25,4111.0,4130.75,4131.0,4175.1,64172,266389247.35,06-FEB-2024,14716,INE00LO01017,
CREATIVE,EQ,784.5,805.3,753.05,783.1,780.0,788.5,19019,14815291.3,06-FEB-2024,2165,INE985W01018,
CREATIVEYE,BE,5.45,5.45,5.35,5.35,5.35,5.45,2444,13191.45,06-FEB-2024,22,INE230B01021,
CREDITACC,EQ,1570.4,1621.0,1570.4,1619.1,1611.9,1578.95,146780,236072359.7,06-FEB-2024,29525,INE741K01010,
CREST,EQ,457.35,492.0,443.7,484.65,486.0,493.0,126277,58898219.7,06-FEB-2024,3784,INE559D01011,
CRISIL,EQ,4200.0,4279.0,4182.4,4272.95,4262.9,4182.25,30360,129165897.9,06-FEB-2024,9921,INE007A01025,
CROMPTON,EQ,300.0,300.0,286.0,288.45,289.25,302.1,5185768,1503559579.55,06-FEB-2024,64256,INE299U01018,
CROWN,BE,139.1,139.1,139.1,139.1,139.1,136.4,20190,2808429.0,06-FEB-2024,35,INE491V01019,
CSBBANK,EQ,379.7,382.3,373.0,380.7,380.0,378.2,295139,111473650.05,06-FEB-2024,17343,INE679A01013,
CSLFINANCE,EQ,492.0,498.0,481.9,487.0,483.35,488.1,39478,19279149.45,06-FEB-2024,3659,INE718F01018,
CTE,EQ,85.0,88.0,83.75,84.55,85.4,85.9,140059,12055714.95,06-FEB-2024,1811,INE627H01017,
CUB,EQ,136.85,136.85,131.85,132.85,133.1,135.9,13337011,1775461534.45,06-FEB-2024,63375,INE491A01021,
CUBEXTUB,BE,77.0,77.0,77.0,77.0,77.0,75.5,11819,910063.0,06-FEB-2024,58,INE144D01012,
CUMMINSIND,EQ,2358.0,2414.95,2329.55,2401.85,2394.35,2350.2,646602,1534038069.2,06-FEB-2024,51633,INE298A01020,
CUPID,BE,1882.0,1886.15,1815.15,1886.15,1886.15,1796.35,40030,75400489.5,06-FEB-2024,1170,INE509F01011,
CYBERMEDIA,BE,42.6,44.0,40.1,40.1,40.1,42.2,94825,3964201.65,06-FEB-2024,593,INE278G01037,
CYBERTECH,EQ,181.0,191.9,180.0,186.65,186.9,179.55,182623,34028529.15,06-FEB-2024,10033,INE214A01019,
CYIENT,EQ,2189.9,2218.45,2152.5,2201.7,2200.15,2169.45,335519,736480651.05,06-FEB-2024,37717,INE136B01020,
CYIENTDLM,EQ,707.0,723.6,694.9,707.55,710.0,690.75,471101,334821508.85,06-FEB-2024,28029,INE055S01018,
DABUR,EQ,534.25,537.4,531.25,532.7,532.2,533.65,1247440,665477924.15,06-FEB-2024,31191,INE016A01026,
DALBHARAT,EQ,2214.85,2226.0,2180.8,2189.75,2187.9,2193.55,740253,1632446683.7,06-FEB-2024,21383,INE00R701025,
DALMIASUG,EQ,410.8,417.0,400.95,409.3,411.0,410.8,142251,58704219.7,06-FEB-2024,8608,INE495A01022,
DAMODARIND,EQ,62.8,66.0,61.65,62.05,62.35,62.7,98676,6156401.2,06-FEB-2024,1484,INE497D01022,
DANGEE,EQ,11.7,11.95,11.1,11.15,11.25,11.55,602815,6832960.05,06-FEB-2024,870,INE688Y01022,
DATAMATICS,EQ,673.95,711.9,672.5,706.25,705.15,672.5,191247,133510311.55,06-FEB-2024,17712,INE365B01017,
DATAPATTNS,EQ,1905.0,1905.0,1867.9,1888.4,1885.0,1889.6,86253,162222772.8,06-FEB-2024,11576,INE0IX101010,
DAVANGERE,EQ,106.0,107.0,100.0,101.2,101.9,101.95,20516,2114250.9,06-FEB-2024,586,INE179G01011,
DBCORP,EQ,296.9,312.9,294.2,297.45,298.9,300.9,301422,91246562.65,06-FEB-2024,10197,INE950I01011,
DBL,EQ,391.05,404.25,387.15,401.6,402.5,387.1,666141,265300385.9,06-FEB-2024,22008,INE917M01012,
DBOL,EQ,146.1,149.85,144.25,145.5,145.4,145.15,378984,55595763.9,06-FEB-2024,8439,INE0I3401014,
DBREALTY,EQ,281.5,282.0,270.65,273.8,273.6,273.05,1544629,427199892.25,06-FEB-2024,10713,INE879I01012,
DBSTOCKBRO,EQ,40.8,40.9,38.6,39.45,39.2,39.55,16808,672302.35,06-FEB-2024,332,INE921B01025,
DCAL,EQ,195.5,217.25,192.5,209.75,209.25,193.85,2071065,423836580.2,06-FEB-2024,30308,INE385W01011,
DCBBANK,EQ,135.95,137.4,134.05,135.3,135.4,135.5,2023821,274826004.75,06-FEB-2024,17980,INE503A01015,
DCI,EQ,246.0,246.0,223.75,227.25,229.0,235.5,8711,1993461.4,06-FEB-2024,611,INE0A1101019,
DCM,EQ,86.0,92.0,86.0,91.0,91.45,85.75,170005,15154125.1,06-FEB-2024,1832,INE498A01018,
DCMFINSERV,BE,5.15,5.15,5.05,5.05,5.05,5.15,18419,94389.35,06-FEB-2024,35,INE891B01012,
DCMNVL,EQ,183.9,189.45,180.7,187.55,189.0,180.7,74972,13870005.8,06-FEB-2024,2303,INE08KP01019,
DCMSHRIRAM,EQ,1017.85,1026.2,993.0,1000.95,1002.0,1019.35,42749,43042731.55,06-FEB-2024,4628,INE499A01024,
DCMSRIND,EQ,184.0,194.9,184.0,191.9,191.1,186.6,386992,73641955.85,06-FEB-2024,7429,INE843D01027,
DCW,EQ,69.0,69.8,67.55,68.6,68.75,69.25,6243844,427706878.0,06-FEB-2024,18874,INE500A01029,
DCXINDIA,EQ,348.35,359.9,345.4,356.95,359.5,342.2,1838140,648574491.4,06-FEB-2024,45587,INE0KL801015,
DECCANCE,EQ,626.4,639.0,624.9,630.65,632.05,623.3,40807,25883386.75,06-FEB-2024,3563,INE583C01021,
DEEPAKFERT,EQ,535.1,550.6,532.6,537.95,539.5,540.75,1165819,630950506.6,06-FEB-2024,39156,INE501A01019,
DEEPAKNTR,EQ,2222.0,2266.7,2212.05,2248.4,2250.0,2212.05,176374,396768342.95,06-FEB-2024,20355,INE288B01029,
DEEPENR,EQ,178.0,193.2,175.55,187.95,187.55,178.0,66382,12286957.5,06-FEB-2024,2737,INE677H01012,
DEEPINDS,EQ,246.0,257.9,246.0,250.0,250.8,247.55,126924,31914421.8,06-FEB-2024,6250,INE0FHS01024,
DELHIVERY,EQ,460.0,470.4,434.2,465.1,465.5,456.0,5212016,2377748485.95,06-FEB-2024,79650,INE148O01028,
DELPHIFX,EQ,279.0,279.0,267.05,271.15,275.0,274.5,25730,6967649.25,06-FEB-2024,843,INE726L01019,
DELTACORP,EQ,134.4,137.45,132.4,136.65,136.5,133.9,2533830,343539782.4,06-FEB-2024,17086,INE124G01033,
DELTAMAGNT,EQ,99.65,101.7,98.45,99.95,99.5,99.65,9468,944466.25,06-FEB-2024,294,INE393A01011,
DEN,EQ,62.55,64.0,61.45,62.7,62.7,62.05,7172725,449556421.85,06-FEB-2024,18208,INE947J01015,
DENORA,EQ,1449.9,1469.8,1416.15,1442.5,1460.0,1430.65,17381,25112655.85,06-FEB-2024,3553,INE244A01016,
DEVIT,EQ,157.9,161.0,151.75,159.6,158.05,155.1,79668,12590761.85,06-FEB-2024,876,INE060X01026,
DEVYANI,EQ,163.45,163.85,155.8,158.05,158.6,162.25,5077362,802547260.75,06-FEB-2024,59305,INE872J01023,
DGCONTENT,EQ,19.7,19.95,19.05,19.7,19.65,19.35,18993,372311.95,06-FEB-2024,114,INE03JI01017,
DHAMPURSUG,EQ,260.0,263.8,258.25,259.75,260.0,260.5,324233,84529099.95,06-FEB-2024,11903,INE041A01016,
DHANBANK,EQ,46.3,48.1,46.3,46.3,46.3,48.7,13533218,629915230.45,06-FEB-2024,18165,INE680A01011,
DHANI,EQ,38.4,42.0,38.0,41.6,42.0,38.2,9434858,383694440.85,06-FEB-2024,16840,INE274G01010,
DHANUKA,EQ,1049.95,1113.6,1043.0,1051.75,1059.0,1048.6,301526,325321762.05,06-FEB-2024,37828,INE435G01025,
DHARMAJ,EQ,249.25,249.25,232.05,236.35,237.0,255.45,599049,141863220.75,06-FEB-2024,26541,INE00OQ01016,
DHRUV,EQ,93.15,98.45,89.0,92.9,92.0,83.75,2385928,223742574.6,06-FEB-2024,19480,INE506Z01015,
DHUNINV,EQ,1424.9,1468.75,1410.05,1434.9,1445.0,1424.9,3310,4749892.7,06-FEB-2024,557,INE320L01011,
DIACABS,BE,267.1,267.1,267.1,267.1,267.1,261.9,120,32052.0,06-FEB-2024,11,INE989C01020,
DIAMINESQ,EQ,480.6,491.8,458.65,475.3,483.65,487.35,36896,17465887.1,06-FEB-2024,4517,INE591D01014,
DIAMONDYD,EQ,1281.75,1290.0,1239.05,1258.8,1265.65,1275.25,28541,35884683.75,06-FEB-2024,4144,INE393P01035,
DICIND,EQ,485.8,500.55,484.55,497.2,499.0,483.35,1769,878400.85,06-FEB-2024,179,INE303A01010,
DIGIDRIVE,BE,62.2,62.7,59.3,59.5,59.7,62.4,242627,14580882.25,06-FEB-2024,2885,INE0PSC01024,
DIGISPICE,EQ,34.4,36.55,33.8,34.75,35.25,35.45,687491,24243514.75,06-FEB-2024,2717,INE927C01020,
DIGJAMLMTD,BE,100.1,103.0,98.1,99.45,99.5,102.65,2789,281484.6,06-FEB-2024,76,INE731U01028,
DIL,EQ,9.95,10.1,9.7,9.75,9.8,9.8,2395796,23530864.85,06-FEB-2024,3551,INE411Y01011,
DISHTV,EQ,19.85,20.05,19.55,19.85,19.85,19.75,28335284,560758041.55,06-FEB-2024,14296,INE836F01026,
DIVGIITTS,EQ,850.1,858.7,829.0,850.75,855.65,845.1,57139,48467724.2,06-FEB-2024,8077,INE753U01022,
DIVISLAB,EQ,3698.0,3744.4,3689.9,3726.5,3729.0,3699.5,276514,1030741761.45,06-FEB-2024,38297,INE361B01024,
DIVOPPBEES,EQ,75.55,75.55,72.51,74.4,74.62,73.36,39993,2952685.97,06-FEB-2024,1233,INF204KA1MS3,
DIXON,EQ,6300.0,6408.0,6260.4,6358.55,6350.0,6259.6,316205,2009107176.85,06-FEB-2024,44725,INE935N01020,
DJML,EQ,152.4,153.8,150.25,152.5,152.0,151.6,6115,930867.6,06-FEB-2024,227,INE0B1K01014,
DLF,EQ,794.0,802.0,784.2,797.35,797.0,786.6,3996095,3180887276.85,06-FEB-2024,61713,INE271C01023,
DLINKINDIA,EQ,309.7,309.7,301.8,303.15,305.0,302.85,152249,46335394.95,06-FEB-2024,5003,INE250K01012,
DMART,EQ,3730.0,3737.7,3702.05,3727.4,3737.0,3729.6,148110,550920790.7,06-FEB-2024,22162,INE192R01011,
DMCC,EQ,306.5,317.9,306.2,310.25,310.95,306.45,11700,3634515.35,06-FEB-2024,1014,INE505A01010,
DNAMEDIA,BE,6.7,6.7,6.7,6.7,6.7,6.4,21584,144612.8,06-FEB-2024,71,INE016M01021,
DODLA,EQ,985.1,1006.95,985.1,998.75,1000.0,985.1,43395,43220552.55,06-FEB-2024,6279,INE021O01019,
DOLATALGO,EQ,85.8,89.25,82.4,87.5,87.25,83.9,1872605,162581538.55,06-FEB-2024,8652,INE966A01022,
DOLLAR,EQ,461.4,476.0,460.8,464.45,463.0,456.9,86271,40223601.7,06-FEB-2024,5956,INE325C01035,
DOLPHIN,BE,210.1,210.1,210.1,210.1,210.1,206.0,562,118076.2,06-FEB-2024,11,INE920A01037,
DOMS,EQ,1420.1,1454.0,1408.25,1438.45,1440.0,1413.05,43039,61599087.35,06-FEB-2024,6389,INE321T01012,
DONEAR,EQ,113.6,116.85,112.6,115.3,115.0,112.35,636167,73240663.6,06-FEB-2024,7693,INE668D01028,
DPABHUSHAN,EQ,699.55,730.2,685.55,727.9,730.2,695.45,23818,17050115.1,06-FEB-2024,656,INE266Y01019,
DPSCLTD,EQ,25.45,25.6,23.7,24.4,24.4,24.95,2161194,52486779.25,06-FEB-2024,7802,INE360C01024,
DPWIRES,EQ,513.0,527.9,501.15,515.55,523.05,512.7,55973,28518353.7,06-FEB-2024,4751,INE864X01013,
DRCSYSTEMS,BE,63.65,63.65,63.65,63.65,63.65,62.45,12312,783658.8,06-FEB-2024,58,INE03RS01027,
DREAMFOLKS,EQ,555.0,555.0,536.45,538.85,538.75,549.65,256468,139189630.7,06-FEB-2024,13909,INE0JS101016,
DREDGECORP,BE,767.85,781.9,765.05,766.1,768.95,767.95,29896,22950380.45,06-FEB-2024,696,INE506A01018,
DRREDDY,EQ,6085.0,6190.0,6083.75,6166.6,6164.0,6094.45,517413,3191039273.75,06-FEB-2024,81009,INE089A01023,
DSPBANKETF,EQ,45.6,47.05,45.6,46.21,46.5,46.4,17467,804242.43,06-FEB-2024,263,INF740KA1RX3,
DSPGOLDETF,EQ,62.19,62.19,62.01,62.11,62.01,62.02,778,48323.55,06-FEB-2024,17,INF740KA1SW3,
DSPITETF,EQ,37.98,38.72,37.55,38.65,38.7,37.76,57108,2181774.16,06-FEB-2024,229,INF740KA1SX1,
DSPN50ETF,EQ,222.75,224.25,222.6,223.43,223.42,222.45,1041,232523.18,06-FEB-2024,49,INF740KA1CL0,
DSPNEWETF,EQ,280.0,284.0,279.5,281.04,282.0,279.99,8313,2341745.3,06-FEB-2024,258,INF740KA1QK2,
DSPPSBKETF,EQ,65.8,65.99,64.4,65.09,65.6,65.59,19072,1237843.22,06-FEB-2024,654,INF740KA1SY9,
DSPPVBKETF,EQ,23.74,23.74,23.35,23.43,23.69,23.51,101231,2369883.28,06-FEB-2024,646,INF740KA1TA7,
DSPQ50ETF,EQ,212.01,214.54,211.51,214.2,214.54,212.15,2444,520286.43,06-FEB-2024,100,INF740KA1QL0,
DSPSENXETF,EQ,72.5,73.3,71.52,72.4,72.6,72.5,1148,83014.25,06-FEB-2024,66,INF740KA1SZ6,
DSPSILVETF,EQ,69.52,69.52,69.25,69.3,69.3,69.51,5577,386765.84,06-FEB-2024,77,INF740KA1RE3,
DSSL,EQ,684.75,689.2,665.55,668.8,669.0,674.3,30939,20844007.6,06-FEB-2024,3449,INE417B01040,
DTIL,EQ,251.1,255.95,245.2,247.05,249.85,251.1,26984,6721998.7,06-FEB-2024,1573,INE341R01014,
DUCON,BE,11.95,11.95,11.4,11.95,11.95,11.4,1173600,13950672.85,06-FEB-2024,1695,INE741L01018,
DVL,EQ,505.75,545.0,501.25,532.35,540.0,505.8,128547,67373035.55,06-FEB-2024,3313,INE477B01010,
DWARKESH,EQ,85.1,86.4,84.8,85.3,85.6,84.65,1592512,136358713.45,06-FEB-2024,8181,INE366A01041,
DYCL,EQ,480.0,480.0,444.95,451.25,453.95,450.4,110001,50183223.85,06-FEB-2024,5477,INE600Y01019,
DYNAMATECH,EQ,6640.0,6998.95,6637.1,6927.15,6930.0,6581.6,36985,254248703.0,06-FEB-2024,7344,INE221B01012,
DYNPRO,EQ,269.7,274.65,266.35,269.8,270.9,269.7,29856,8069875.1,06-FEB-2024,1725,INE256H01015,
E2E,BE,838.0,838.0,821.25,821.25,821.25,838.0,2554,2110252.75,06-FEB-2024,104,INE255Z01019,
EASEMYTRIP,EQ,49.55,51.7,48.75,51.2,51.3,49.25,63538564,3241843663.3,06-FEB-2024,605838,INE07O001026,
EASTSILK,BE,2.85,2.9,2.7,2.8,2.8,2.85,159589,438127.15,06-FEB-2024,482,INE962C01027,
EBBETF0425,EQ,1146.1,1184.0,1146.1,1179.81,1179.05,1181.53,60309,71159331.55,06-FEB-2024,141,INF754K01LD3,
EBBETF0430,EQ,1377.0,1377.0,1320.15,1338.86,1338.96,1336.87,8874,11873875.97,06-FEB-2024,632,INF754K01KO2,
EBBETF0431,EQ,1190.0,1197.99,1190.0,1195.14,1194.08,1193.77,20029,23917636.67,06-FEB-2024,151,INF754K01LE1,
EBBETF0433,EQ,1091.07,1096.0,1091.07,1094.39,1092.57,1093.77,1773,1939562.47,06-FEB-2024,55,INF754K01QX0,
ECLERX,EQ,2635.1,2682.95,2632.0,2667.95,2671.75,2624.55,33466,88856903.7,06-FEB-2024,9182,INE738I01010,
EDELWEISS,EQ,68.85,69.5,67.85,68.3,68.25,68.6,4077871,279648178.25,06-FEB-2024,24450,INE532F01054,
EGOLD,EQ,64.9,64.9,63.4,63.95,63.95,64.0,31783,2032543.3,06-FEB-2024,46,INF754K01SE6,
EICHERMOT,EQ,3900.0,3950.75,3890.0,3944.6,3946.0,3889.95,470713,1847202742.2,06-FEB-2024,45743,INE066A01021,
EIDPARRY,EQ,650.95,652.95,625.15,635.25,638.0,646.7,1358270,872190533.9,06-FEB-2024,30015,INE126A01031,
EIFFL,EQ,137.95,145.1,137.05,142.05,143.7,138.55,28688,4083232.9,06-FEB-2024,566,INE546V01010,
EIHAHOTELS,EQ,705.85,734.15,680.05,686.5,689.0,691.5,167513,117960646.95,06-FEB-2024,16103,INE276C01014,
EIHOTEL,EQ,348.2,358.6,344.4,355.45,355.0,344.25,1145312,403490279.1,06-FEB-2024,23764,INE230A01023,
EIMCOELECO,BE,1568.95,1570.0,1483.0,1506.6,1535.0,1538.15,2321,3554981.0,06-FEB-2024,137,INE158B01016,
EKC,EQ,155.8,162.9,152.5,161.7,162.2,153.65,5082387,809089969.8,06-FEB-2024,65767,INE184H01027,
ELDEHSG,EQ,807.95,812.0,790.4,810.95,810.0,801.75,1466,1183962.85,06-FEB-2024,132,INE668G01021,
ELECON,EQ,1070.0,1074.35,1043.0,1048.0,1049.5,1067.85,156685,164759674.95,06-FEB-2024,29684,INE205B01023,
ELECTCAST,EQ,190.25,195.25,184.8,193.85,194.5,189.2,5084989,977464351.15,06-FEB-2024,33122,INE086A01029,
ELECTHERM,BE,399.0,399.0,390.0,390.0,390.0,391.65,14717,5850355.95,06-FEB-2024,142,INE822G01016,
ELGIEQUIP,EQ,597.0,624.9,595.45,617.95,624.0,594.1,307230,187563386.35,06-FEB-2024,19889,INE285A01027,
ELGIRUBCO,EQ,57.35,67.8,57.35,64.35,64.7,57.3,366591,23112741.75,06-FEB-2024,1791,INE819L01012,
ELIN,EQ,160.0,162.6,156.45,159.95,159.9,159.7,170192,27103162.85,06-FEB-2024,8291,INE050401020,
EMAMILTD,EQ,504.05,510.95,498.95,502.5,500.8,503.1,850786,426996282.65,06-FEB-2024,40850,INE548C01032,
EMAMIPAP,EQ,125.8,148.7,124.35,145.7,148.7,123.95,541540,78017612.55,06-FEB-2024,3758,INE830C01026,
EMAMIREAL,BE,113.6,117.8,113.0,116.05,117.5,114.95,40862,4725440.05,06-FEB-2024,354,INE778K01012,
EMIL,EQ,219.0,222.0,215.6,219.45,218.9,215.5,247585,54334477.25,06-FEB-2024,5016,INE02YR01019,
EMKAY,BE,153.9,153.9,153.9,153.9,153.9,157.05,2875,442462.5,06-FEB-2024,45,INE296H01011,
EMMBI,EQ,119.2,124.8,118.3,123.15,123.0,119.2,141147,17287618.1,06-FEB-2024,2301,INE753K01015,
EMSLIMITED,EQ,578.0,599.75,576.9,589.2,587.25,571.2,637165,377189555.1,06-FEB-2024,9149,INE0OV601013,
EMUDHRA,EQ,505.95,505.95,466.9,494.25,486.1,497.15,634215,307402607.9,06-FEB-2024,39877,INE01QM01018,
ENDURANCE,EQ,2120.0,2197.0,2076.65,2115.3,2115.0,2114.2,88317,188983269.0,06-FEB-2024,15809,INE913H01037,
ENERGYDEV,BE,28.65,28.65,28.65,28.65,28.65,29.2,31249,895283.85,06-FEB-2024,79,INE306C01019,
ENGINERSIN,EQ,247.7,247.7,237.0,240.2,240.3,244.25,6745823,1629186284.3,06-FEB-2024,62303,INE510A01028,
ENIL,EQ,289.4,292.25,277.15,282.65,281.75,283.9,672255,191931598.25,06-FEB-2024,31856,INE265F01028,
EPACK,EQ,194.2,199.8,192.1,196.5,196.0,194.15,1311915,258161432.8,06-FEB-2024,22785,INE0G5901015,
EPIGRAL,EQ,998.0,1013.8,993.55,999.15,998.1,997.4,32296,32344469.3,06-FEB-2024,6233,INE071N01016,
EPL,EQ,192.2,196.65,191.05,191.5,191.4,191.75,890750,171938954.05,06-FEB-2024,24448,INE255A01020,
EQUIPPP,BE,31.6,31.6,30.0,31.05,31.3,31.05,33612,1037307.95,06-FEB-2024,88,INE217G01035,
EQUITASBNK,EQ,105.8,105.8,101.05,101.5,101.65,104.35,4387136,447877091.65,06-FEB-2024,40395,INE063P01018,
ERIS,EQ,890.25,900.0,878.9,884.45,885.3,885.8,153059,135646987.55,06-FEB-2024,12510,INE406M01024,
EROSMEDIA,EQ,25.15,25.5,24.7,25.15,25.2,25.0,455747,11420394.9,06-FEB-2024,1589,INE416L01017,
ESABINDIA,EQ,5432.0,5620.0,5423.2,5581.95,5600.0,5387.3,4283,23688944.0,06-FEB-2024,1618,INE284A01012,
ESAFSFB,EQ,70.65,71.7,69.35,70.45,70.4,69.45,2297209,162413315.2,06-FEB-2024,8882,INE818W01011,
ESCORTS,EQ,2975.0,2985.0,2931.1,2948.35,2950.0,2967.85,114429,338292692.8,06-FEB-2024,14100,INE042A01014,
ESG,EQ,36.17,36.43,35.99,36.31,36.34,36.01,47605,1728800.38,06-FEB-2024,164,INF769K01GS9,
ESILVER,EQ,72.51,72.91,72.0,72.27,72.2,72.5,6612,478280.48,06-FEB-2024,97,INF754K01SF3,
ESSARSHPNG,EQ,31.4,32.7,31.1,31.85,31.75,31.2,385085,12238449.75,06-FEB-2024,1773,INE122M01019,
ESSENTIA,BE,6.15,6.15,6.15,6.15,6.15,6.25,615397,3784691.55,06-FEB-2024,1536,INE418N01035,
ESTER,EQ,93.8,95.9,93.0,93.75,94.95,93.8,142022,13357643.75,06-FEB-2024,2725,INE778B01029,
ETHOSLTD,EQ,2565.05,2631.1,2550.05,2606.15,2610.0,2565.8,48088,125121366.55,06-FEB-2024,5934,INE04TZ01018,
EUROTEXIND,EQ,14.4,14.4,14.0,14.3,14.35,13.75,7947,113852.4,06-FEB-2024,60,INE022C01012,
EVEREADY,EQ,365.0,371.5,358.0,361.3,362.5,362.7,221937,80711401.3,06-FEB-2024,8487,INE128A01029,
EVERESTIND,EQ,1227.7,1241.0,1192.95,1205.3,1205.0,1227.7,18948,22929423.6,06-FEB-2024,2473,INE295A01018,
EXCEL,BE,0.55,0.55,0.55,0.55,0.55,0.55,2999816,1649898.8,06-FEB-2024,1569,INE688J01023,
EXCELINDUS,EQ,867.8,874.5,858.0,859.6,860.0,865.7,10562,9119101.5,06-FEB-2024,1164,INE369A01029,
EXIDEIND,EQ,349.0,352.0,345.65,348.5,348.85,347.1,3570626,1245558999.65,06-FEB-2024,41148,INE302A01020,
EXPLEOSOL,EQ,1404.5,1404.5,1374.0,1379.3,1380.0,1391.05,17305,23912055.55,06-FEB-2024,2397,INE201K01015,
EXXARO,EQ,114.5,118.7,114.25,117.25,116.0,113.95,271416,31690391.55,06-FEB-2024,6090,INE0GFE01018,
FACT,EQ,786.45,813.55,783.9,806.9,806.05,785.8,429885,344709854.1,06-FEB-2024,19114,INE188A01015,
FAIRCHEMOR,EQ,1339.95,1339.95,1250.0,1260.35,1254.2,1292.9,72132,92780460.95,06-FEB-2024,7768,INE0DNW01011,
FAZE3Q,EQ,424.05,430.75,412.0,417.15,415.8,423.35,35256,14831352.2,06-FEB-2024,3670,INE963C01033,
FCL,EQ,322.5,331.2,320.2,323.95,323.15,324.4,341865,110881620.8,06-FEB-2024,13224,INE045J01026,
FCONSUMER,BE,1.15,1.15,1.15,1.15,1.15,1.15,2907958,3344151.7,06-FEB-2024,1565,INE220J01025,
FCSSOFT,EQ,5.85,6.35,5.75,6.25,6.3,6.05,83743686,512244003.85,06-FEB-2024,32604,INE512B01022,
FDC,EQ,429.0,443.2,428.3,432.9,434.9,426.3,444529,194152375.85,06-FEB-2024,29457,INE258B01022,
FEDERALBNK,EQ,147.25,148.1,146.3,146.9,147.5,147.25,8693602,1278999639.7,06-FEB-2024,49847,INE171A01029,
FEDFINA,EQ,130.25,130.85,129.7,130.55,130.45,130.2,230805,30079613.45,06-FEB-2024,4317,INE007N01010,
FELDVR,BE,6.15,6.3,5.85,6.1,6.15,6.15,27329,164828.35,06-FEB-2024,98,IN9623B01058,
FIBERWEB,EQ,42.5,44.0,37.25,38.85,39.1,42.1,452631,17905362.95,06-FEB-2024,2593,INE296C01020,
FIEMIND,EQ,2340.0,2399.0,2335.05,2359.55,2362.25,2340.9,40206,95213299.75,06-FEB-2024,6124,INE737H01014,
FILATEX,EQ,60.95,62.2,60.35,61.8,61.9,60.55,1840376,112853135.9,06-FEB-2024,4993,INE816B01035,
FINCABLES,EQ,1080.0,1134.05,1079.0,1102.8,1099.3,1078.8,289603,321555818.2,06-FEB-2024,24719,INE235A01022,
FINEORG,EQ,4525.35,4649.45,4486.0,4495.05,4496.0,4505.65,35656,161678657.25,06-FEB-2024,11953,INE686Y01026,
FINIETF,EQ,22.61,22.86,22.42,22.69,22.86,22.6,176482,3988160.03,06-FEB-2024,472,INF109KC17L8,
FINOPB,EQ,381.0,384.0,355.1,358.45,356.0,369.75,980606,362134024.6,06-FEB-2024,40769,INE02NC01014,
FINPIPE,EQ,218.1,221.9,218.1,220.9,220.2,216.95,491554,108307727.85,06-FEB-2024,20811,INE183A01024,
FIVESTAR,EQ,780.25,785.0,770.25,779.45,780.0,776.05,740210,576413843.25,06-FEB-2024,24413,INE128S01021,
FLAIR,EQ,321.05,323.0,316.0,321.05,321.95,318.2,123023,39299808.3,06-FEB-2024,3438,INE00Y201027,
FLEXITUFF,EQ,42.5,45.1,42.5,44.3,45.1,44.05,41787,1833800.75,06-FEB-2024,251,INE060J01017,
FLUOROCHEM,EQ,3600.05,3687.6,3599.5,3647.7,3638.3,3609.25,53981,197092328.3,06-FEB-2024,8343,INE09N301011,
FMCGIETF,EQ,570.19,570.2,561.73,565.12,565.75,566.18,49682,28025114.33,06-FEB-2024,1558,INF109KC1R48,
FMGOETZE,EQ,392.9,394.9,384.05,392.15,392.95,388.45,335989,130742507.2,06-FEB-2024,11091,INE529A01010,
FMNL,BE,8.4,8.65,8.0,8.6,8.65,8.25,125977,1043446.5,06-FEB-2024,310,INE360L01017,
FOCUS,EQ,204.8,208.7,200.65,203.15,204.9,203.5,339695,69411865.75,06-FEB-2024,7982,INE593W01028,
FOODSIN,EQ,137.15,150.0,134.85,146.05,146.0,135.6,1399264,202416035.4,06-FEB-2024,22222,INE976E01023,
FORTIS,EQ,441.25,469.7,437.4,456.75,454.0,435.3,4856442,2238698650.65,06-FEB-2024,113015,INE061F01013,
FOSECOIND,EQ,3601.65,3697.9,3601.65,3650.35,3697.9,3622.4,1489,5411022.7,06-FEB-2024,268,INE519A01011,
FSL,EQ,202.85,211.0,201.2,209.95,209.8,201.6,6927634,1446738531.6,06-FEB-2024,58200,INE684F01012,
FUSION,EQ,590.0,596.35,581.95,585.1,585.85,588.45,603449,354342693.5,06-FEB-2024,23169,INE139R01012,
GABRIEL,EQ,376.35,388.85,375.15,383.05,387.0,375.05,258461,99472071.75,06-FEB-2024,23146,INE524A01029,
GAEL,EQ,393.0,396.0,385.95,388.0,388.5,389.5,738005,287684268.65,06-FEB-2024,22155,INE036B01030,
GAIL,EQ,178.5,183.0,175.7,181.55,181.25,181.6,33761541,6065695252.8,06-FEB-2024,137338,INE129A01019,
GALAXYSURF,EQ,2646.15,2694.0,2643.5,2673.9,2676.0,2638.25,17573,47053504.7,06-FEB-2024,5269,INE600K01018,
GALLANTT,EQ,215.5,219.0,204.75,216.85,218.4,215.5,508550,108445922.25,06-FEB-2024,7474,INE297H01019,
GANDHAR,EQ,240.0,247.15,234.4,244.65,245.35,239.1,1047858,253002755.3,06-FEB-2024,30127,INE717W01049,
GANDHITUBE,EQ,780.0,785.35,765.0,773.3,774.8,787.9,10793,8354626.3,06-FEB-2024,1671,INE524B01027,
GANECOS,EQ,1072.0,1090.0,1060.4,1074.2,1085.0,1066.85,73164,78543105.2,06-FEB-2024,6882,INE845D01014,
GANESHBE,EQ,206.5,214.45,202.6,211.45,212.4,204.95,829971,173247877.8,06-FEB-2024,24901,INE388A01029,
GANESHHOUC,EQ,720.0,720.0,710.0,715.9,716.0,716.6,50445,36057053.35,06-FEB-2024,2019,INE460C01014,
GANGAFORGE,BE,17.15,17.15,17.15,17.15,17.15,17.5,491350,8426652.5,06-FEB-2024,1301,INE691Z01023,
GANGESSECU,EQ,128.6,135.95,127.0,133.8,133.5,128.6,50019,6637524.4,06-FEB-2024,1269,INE335W01016,
GARFIBRES,EQ,3409.5,3489.0,3407.7,3451.7,3469.7,3409.45,18840,65151296.25,06-FEB-2024,5784,INE276A01018,
GATECH,BE,2.3,2.3,2.3,2.3,2.3,2.35,126773,291577.9,06-FEB-2024,148,INE224E01028,
GATECHDVR,EQ,6.35,6.35,5.95,5.95,5.95,6.25,1205885,7221638.7,06-FEB-2024,1682,INE224E01036,
GATEWAY,EQ,109.7,115.95,109.7,113.2,113.0,109.7,1496585,170345058.7,06-FEB-2024,17267,INE079J01017,
GEECEE,EQ,273.05,273.8,266.0,268.65,267.0,269.55,12958,3492013.6,06-FEB-2024,1005,INE916G01016,
GEEKAYWIRE,BE,117.0,121.65,110.1,120.7,120.0,115.9,232212,27266053.35,06-FEB-2024,2097,INE669X01024,
GENCON,EQ,59.55,61.35,59.55,61.35,61.35,58.45,367153,22467399.65,06-FEB-2024,1281,INE854S01022,
GENESYS,EQ,510.1,524.25,502.0,512.55,512.0,510.1,93824,48191622.95,06-FEB-2024,6460,INE727B01026,
GENSOL,EQ,1024.0,1043.0,947.35,1043.0,1043.0,993.35,636290,631216244.0,06-FEB-2024,15799,INE06H201014,
GENUSPAPER,EQ,26.75,27.6,26.2,27.0,27.1,26.5,2900083,78546436.8,06-FEB-2024,6214,INE949P01018,
GENUSPOWER,EQ,319.45,320.0,293.0,310.2,309.0,306.0,1662094,509265987.5,06-FEB-2024,29785,INE955D01029,
GEOJITFSL,EQ,80.95,81.35,79.95,80.9,80.8,80.4,774933,62603259.35,06-FEB-2024,5406,INE007B01023,
GEPIL,EQ,281.0,287.45,274.35,278.55,279.1,278.65,962742,268732503.2,06-FEB-2024,23442,INE878A01011,
GESHIP,EQ,998.55,1029.0,961.35,1014.65,1008.8,969.85,1153493,1161501288.95,06-FEB-2024,43341,INE017A01032,
GET&D,BE,736.1,736.1,730.0,736.1,736.1,701.05,36918,27173693.05,06-FEB-2024,835,INE200A01026,
GFLLIMITED,EQ,92.05,93.9,90.0,91.25,91.1,92.3,339551,30966780.2,06-FEB-2024,5559,INE538A01037,
GHCL,EQ,537.0,545.0,531.6,538.55,539.0,532.75,519921,280659163.65,06-FEB-2024,26968,INE539A01019,
GHCLTEXTIL,EQ,94.9,94.9,90.75,94.05,94.7,92.05,1646675,152862974.5,06-FEB-2024,11438,INE0PA801013,
GICHSGFIN,EQ,259.05,259.05,247.35,253.55,254.0,269.85,1373198,346693500.55,06-FEB-2024,29686,INE289B01019,
GICRE,EQ,413.0,437.7,399.05,408.0,409.0,408.65,5277326,2185685798.25,06-FEB-2024,92856,INE481Y01014,
GILLANDERS,BE,131.3,138.6,128.0,132.05,132.9,134.05,31531,4143762.55,06-FEB-2024,245,INE047B01011,
GILLETTE,EQ,6690.0,6860.0,6653.8,6796.9,6790.0,6651.4,50443,341903420.9,06-FEB-2024,10123,INE322A01010,
GILT5YBEES,EQ,54.76,54.79,54.73,54.78,54.75,54.77,140748,7710290.21,06-FEB-2024,509,INF204KC1030,
GINNIFILA,EQ,39.1,41.0,39.1,41.0,41.0,39.05,135962,5504510.9,06-FEB-2024,728,INE424C01010,
GIPCL,EQ,223.0,225.55,216.4,222.6,222.7,221.2,820722,180690445.5,06-FEB-2024,16050,INE162A01010,
GKWLIMITED,EQ,1840.0,1840.0,1736.0,1759.95,1755.1,1775.9,497,872369.55,06-FEB-2024,102,INE528A01020,
GLAND,EQ,2022.0,2160.0,2022.0,2140.4,2138.0,2018.0,620044,1311716834.3,06-FEB-2024,56395,INE068V01023,
GLAXO,EQ,2463.0,2524.0,2431.25,2466.8,2477.0,2448.2,289022,719127830.15,06-FEB-2024,36265,INE159A01016,
GLENMARK,EQ,888.0,897.6,880.85,884.8,885.0,884.6,1057975,941237301.3,06-FEB-2024,27235,INE935A01035,
GLFL,BE,8.0,8.0,8.0,8.0,8.0,7.85,25372,202976.0,06-FEB-2024,57,INE540A01017,
GLOBAL,EQ,274.7,290.95,274.7,286.6,285.95,274.65,135483,38424152.95,06-FEB-2024,10174,INE291W01029,
GLOBALVECT,BE,126.9,126.9,122.05,125.25,125.75,124.4,12204,1523391.5,06-FEB-2024,153,INE792H01019,
GLOBE,BE,4.05,4.05,4.05,4.05,4.05,4.0,423624,1715677.2,06-FEB-2024,271,INE581X01021,
GLOBUSSPR,EQ,800.8,802.35,794.0,798.9,800.0,800.8,65989,52615073.65,06-FEB-2024,6216,INE615I01010,
GLS,EQ,873.0,897.7,867.55,884.45,887.0,873.0,100008,88585457.95,06-FEB-2024,10520,INE03Q201024,
GMBREW,EQ,644.9,644.9,633.0,635.25,633.0,637.7,37791,24118078.65,06-FEB-2024,2732,INE075D01018,
GMDCLTD,EQ,494.0,504.0,484.1,495.6,495.5,489.45,3965032,1958085786.05,06-FEB-2024,60290,INE131A01031,
GMMPFAUDLR,EQ,1501.65,1524.0,1485.0,1493.1,1495.5,1494.15,311979,467535686.15,06-FEB-2024,14322,INE541A01023,
GMRINFRA,EQ,87.85,89.65,85.55,88.15,88.15,87.35,28893814,2530203151.95,06-FEB-2024,62432,INE776C01039,
GMRP&UI,EQ,56.0,57.5,53.75,56.35,56.9,55.7,5688263,319065418.4,06-FEB-2024,14426,INE0CU601026,
GNA,EQ,476.85,478.8,468.75,469.95,469.35,474.5,75427,35596730.1,06-FEB-2024,4860,INE934S01014,
GNFC,EQ,715.0,721.0,710.75,715.95,716.0,711.9,746333,534833963.45,06-FEB-2024,26117,INE113A01013,
GOACARBON,EQ,815.0,883.0,796.0,854.6,860.0,803.65,965533,813609743.9,06-FEB-2024,58266,INE426D01013,
GOCLCORP,EQ,525.8,545.0,520.85,529.45,527.0,526.4,61477,32670648.8,06-FEB-2024,5423,INE077F01035,
GOCOLORS,EQ,1047.9,1085.5,1045.0,1077.0,1082.0,1045.45,104332,110991278.55,06-FEB-2024,21823,INE0BJS01011,
GODFRYPHLP,EQ,2429.0,2494.95,2418.0,2471.5,2460.05,2423.4,61851,151880604.85,06-FEB-2024,14105,INE260B01028,
GODHA,BE,0.65,0.7,0.65,0.7,0.7,0.65,2335810,1555593.4,06-FEB-2024,605,INE925Y01036,
GODREJAGRO,EQ,529.1,542.05,526.8,538.1,538.4,529.1,120313,64442066.5,06-FEB-2024,7654,INE850D01014,
GODREJCP,EQ,1217.05,1239.5,1210.5,1237.05,1236.8,1218.45,753495,925827499.15,06-FEB-2024,49018,INE102D01028,
GODREJIND,EQ,879.65,903.95,864.9,878.0,887.0,878.55,1898617,1670137717.35,06-FEB-2024,28026,INE233A01035,
GODREJPROP,EQ,2344.0,2352.0,2281.5,2300.4,2300.8,2322.85,1356658,3145457364.35,06-FEB-2024,62341,INE484J01027,
GOKEX,EQ,925.0,942.6,920.9,926.6,925.0,921.55,241502,225498953.0,06-FEB-2024,25169,INE887G01027,
GOKUL,BE,57.45,57.45,54.0,56.8,57.05,56.45,205330,11355356.1,06-FEB-2024,1148,INE020J01029,
GOKULAGRO,EQ,117.0,120.2,115.05,117.95,118.4,116.7,290951,34219967.75,06-FEB-2024,5243,INE314T01025,
GOLDBEES,EQ,54.55,54.55,52.85,52.94,52.91,52.98,3487216,184775776.22,06-FEB-2024,27148,INF204KB17I5,
GOLDETF,EQ,63.33,63.33,62.0,62.71,62.75,62.7,15893,996681.79,06-FEB-2024,586,INF769K01JP9,
GOLDIAM,EQ,194.6,194.9,185.35,190.6,191.0,193.5,1001705,189952137.2,06-FEB-2024,10241,INE025B01025,
GOLDIETF,EQ,55.77,55.77,54.4,54.6,54.42,54.66,1621769,88551031.86,06-FEB-2024,5257,INF109KC1NT3,
GOLDSHARE,EQ,53.4,53.4,53.05,53.15,53.1,53.1,49249,2618975.1,06-FEB-2024,536,INF789F1AUX7,
GOLDTECH,BE,156.8,158.0,156.8,158.0,158.0,156.8,9314,1466164.5,06-FEB-2024,43,INE805A01014,
GOODLUCK,EQ,1085.0,1089.0,1066.15,1078.0,1080.0,1076.05,84583,91238589.45,06-FEB-2024,7766,INE127I01024,
GOYALALUM,BE,10.25,10.25,10.1,10.1,10.1,10.25,81564,828519.3,06-FEB-2024,335,INE705X01026,
GPIL,EQ,765.9,780.0,747.75,770.6,766.5,758.45,437946,337069158.25,06-FEB-2024,22591,INE177H01021,
GPPL,EQ,186.45,188.9,180.5,182.25,182.15,184.9,3382644,621712821.0,06-FEB-2024,28835,INE517F01014,
GPTINFRA,BE,181.7,181.7,181.7,181.7,181.7,185.4,9243,1679453.1,06-FEB-2024,68,INE390G01014,
GRANULES,EQ,430.85,431.7,422.45,428.25,427.35,427.5,989716,423071656.15,06-FEB-2024,18026,INE101D01020,
GRAPHITE,EQ,591.0,617.0,585.2,602.65,608.35,586.2,6154949,3734260397.5,06-FEB-2024,117627,INE371A01025,
GRASIM,EQ,2082.0,2097.95,2061.0,2066.0,2063.0,2089.75,581483,1208887936.7,06-FEB-2024,42899,INE047A01021,
GRAVITA,EQ,858.0,907.6,858.0,895.2,900.0,869.55,243858,217529196.5,06-FEB-2024,20206,INE024L01027,
GREAVESCOT,EQ,169.7,170.3,164.0,165.4,164.95,169.25,1207733,201622013.5,06-FEB-2024,14474,INE224A01026,
GREENLAM,EQ,519.0,533.65,508.5,529.9,527.0,518.35,61531,32111311.05,06-FEB-2024,6645,INE544R01021,
GREENPANEL,EQ,390.0,390.0,374.85,381.35,382.4,383.3,255992,97362113.1,06-FEB-2024,16531,INE08ZM01014,
GREENPLY,EQ,238.9,241.0,235.65,240.0,240.0,237.1,124546,29718857.2,06-FEB-2024,6246,INE461C01038,
GREENPOWER,EQ,31.3,31.3,31.3,31.3,31.3,29.85,4531035,141821395.5,06-FEB-2024,7584,INE999K01014,
GRINDWELL,EQ,2264.8,2275.0,2246.75,2270.05,2260.0,2249.25,27019,61110284.75,06-FEB-2024,9204,INE536A01023,
GRINFRA,EQ,1320.0,1362.95,1315.7,1340.0,1340.0,1314.6,113023,151761753.55,06-FEB-2024,10723,INE201P01022,
GRMOVER,EQ,192.35,193.5,189.05,189.95,191.9,189.6,51775,9895686.15,06-FEB-2024,3425,INE192H01020,
GROBTEA,EQ,963.0,963.0,946.0,947.3,946.0,959.15,684,651903.65,06-FEB-2024,140,INE646C01018,
GRPLTD,EQ,5048.4,5190.0,4980.05,5089.3,5190.0,5086.8,73,370328.5,06-FEB-2024,36,INE137I01015,
GRSE,EQ,880.2,882.0,863.25,870.45,870.9,878.05,428511,373340837.1,06-FEB-2024,23310,INE382Z01011,
GRWRHITECH,EQ,1611.65,1611.65,1560.05,1585.75,1600.5,1586.95,7559,11965116.45,06-FEB-2024,2268,INE291A01017,
GSEC10IETF,EQ,225.4,225.5,225.0,225.5,225.5,225.75,101,22773.5,06-FEB-2024,10,INF109KC18O0,
GSEC10YEAR,EQ,25.79,29.8,24.91,25.59,25.7,25.79,1572,40159.19,06-FEB-2024,48,INF769K01KF8,
GSEC5IETF,EQ,55.34,55.34,55.01,55.13,55.08,55.4,793,43797.29,06-FEB-2024,49,INF109KC14A8,
GSFC,EQ,285.0,288.0,280.25,285.0,285.0,273.3,7572407,2150819237.15,06-FEB-2024,68418,INE026A01025,
GSLSU,EQ,285.2,311.1,284.1,311.1,311.1,282.85,921885,278908725.8,06-FEB-2024,4581,INE0JSX01015,
GSPL,EQ,374.2,385.0,369.65,379.55,379.5,368.35,4312082,1637186257.4,06-FEB-2024,75891,INE246F01010,
GSS,EQ,175.8,177.2,167.15,173.8,174.5,173.1,99974,17387298.45,06-FEB-2024,959,INE871H01011,
GTECJAINX,BE,81.95,82.95,81.95,82.95,82.95,79.0,2800,231910.0,06-FEB-2024,17,INE586X01012,
GTL,BE,17.05,17.05,17.05,17.05,17.05,17.4,295968,5046254.4,06-FEB-2024,510,INE043A01012,
GTLINFRA,EQ,2.1,2.1,2.1,2.1,2.1,2.0,11075191,23257901.1,06-FEB-2024,3573,INE221H01019,
GTPL,EQ,190.65,198.75,188.4,197.2,197.65,189.7,304560,59422436.5,06-FEB-2024,10091,INE869I01013,
GUFICBIO,EQ,333.85,338.75,327.15,330.55,330.05,332.2,110465,36789112.5,06-FEB-2024,5633,INE742B01025,
GUJALKALI,EQ,770.35,817.95,770.35,805.55,803.0,789.5,340876,272163004.95,06-FEB-2024,18427,INE186A01019,
GUJAPOLLO,BE,315.0,315.0,293.15,300.4,306.9,306.25,16524,5053739.3,06-FEB-2024,243,INE826C01016,
GUJGASLTD,EQ,599.7,617.75,592.65,615.9,615.8,596.75,1201435,730670291.95,06-FEB-2024,33399,INE844O01030,
GUJRAFFIA,BE,49.9,49.9,49.0,49.1,49.1,49.9,3446,169506.2,06-FEB-2024,17,INE610B01024,
GULFOILLUB,EQ,935.0,935.0,856.2,897.7,893.05,918.15,546608,484180748.2,06-FEB-2024,41234,INE635Q01029,
GULFPETRO,EQ,72.3,74.95,72.05,72.5,73.0,72.1,322483,23549534.35,06-FEB-2024,3570,INE586G01017,
GULPOLY,EQ,208.25,210.4,205.0,205.75,207.15,208.2,99172,20564400.95,06-FEB-2024,4160,INE255D01024,
GVKPIL,BE,14.9,14.9,14.9,14.9,14.9,14.2,2416691,36008695.9,06-FEB-2024,2855,INE251H01024,
GVPTECH,BE,12.5,12.5,12.5,12.5,12.5,12.3,47704,596300.0,06-FEB-2024,76,INE382T01030,
HAL,EQ,2936.95,2969.0,2907.05,2958.45,2964.9,2932.5,1421958,4176727860.45,06-FEB-2024,62745,INE066F01020,
HAPPSTMNDS,EQ,858.0,880.0,857.0,869.1,871.5,855.8,373335,325668586.2,06-FEB-2024,24199,INE419U01012,
HAPPYFORGE,EQ,960.0,972.0,930.0,963.9,963.0,958.85,140753,134784171.85,06-FEB-2024,9164,INE330T01021,
HARDWYN,EQ,43.55,43.8,40.6,42.55,40.6,43.6,308715,13259458.75,06-FEB-2024,2745,INE626Z01029,
HARIOMPIPE,EQ,590.0,600.0,575.0,598.85,594.0,584.55,63579,37779001.05,06-FEB-2024,6015,INE00EV01017,
HARRMALAYA,EQ,173.35,177.95,173.35,176.65,176.0,173.3,31661,5590157.9,06-FEB-2024,877,INE544A01019,
HARSHA,EQ,398.9,409.9,395.0,398.2,401.7,396.35,105157,42179223.4,06-FEB-2024,6554,INE0JUS01029,
HATHWAY,EQ,26.5,27.95,25.9,27.2,27.25,26.0,45518506,1222537354.75,06-FEB-2024,44720,INE982F01036,
HATSUN,EQ,1113.2,1115.3,1100.1,1105.15,1103.0,1107.65,10449,11554864.9,06-FEB-2024,1314,INE473B01035,
HAVELLS,EQ,1340.0,1349.8,1334.05,1345.0,1345.0,1339.75,436681,587228828.05,06-FEB-2024,27435,INE176B01034,
HAVISHA,BE,2.9,2.9,2.8,2.9,2.9,2.8,127707,369590.85,06-FEB-2024,317,INE293B01029,
HBLPOWER,EQ,523.3,538.0,520.45,536.0,537.35,518.95,1029892,546245766.55,06-FEB-2024,31739,INE292B01021,
HBSL,BE,85.8,85.8,81.9,81.95,81.9,83.2,12891,1063526.5,06-FEB-2024,137,INE550B01022,
HCC,EQ,43.7,45.5,42.05,44.9,45.25,43.45,27340137,1199114164.15,06-FEB-2024,40789,INE549A01026,
HCG,EQ,354.95,362.75,354.0,360.0,358.0,352.55,88015,31717780.5,06-FEB-2024,5584,INE075I01017,
HCL-INSYS,BE,20.8,21.9,20.8,20.8,20.8,21.9,534549,11274029.4,06-FEB-2024,1449,INE236A01020,
HCLTECH,EQ,1566.0,1627.0,1558.05,1623.75,1623.8,1555.35,4988311,7986729089.3,06-FEB-2024,152291,INE860A01027,
HDFCAMC,EQ,3570.0,3630.0,3551.0,3624.25,3623.0,3558.15,349467,1255936019.0,06-FEB-2024,42510,INE127D01025,
HDFCBANK,EQ,1445.55,1449.7,1432.6,1444.1,1443.55,1444.85,20537870,29617940997.4,06-FEB-2024,410774,INE040A01034,
HDFCBSE500,EQ,31.56,31.88,31.1,31.71,31.74,31.56,13047,412371.53,06-FEB-2024,232,INF179KC1EZ4,
HDFCGOLD,EQ,54.64,54.74,54.36,54.4,54.36,54.58,354949,19328788.64,06-FEB-2024,1728,INF179KC1981,
HDFCGROWTH,EQ,112.93,113.41,111.35,113.37,112.71,111.92,3482,392724.9,06-FEB-2024,138,INF179KC1DJ0,
HDFCLIFE,EQ,564.0,595.05,562.25,592.75,592.2,563.35,15915028,9293144748.1,06-FEB-2024,285408,INE795G01014,
HDFCLIQUID,EQ,1000.0,1000.01,999.99,1000.01,1000.01,999.99,457,456997.15,06-FEB-2024,11,INF179KC1HE2,
HDFCLOWVOL,EQ,17.81,17.95,17.66,17.91,17.94,17.65,5609,100217.85,06-FEB-2024,169,INF179KC1HU8,
HDFCMID150,EQ,18.2,18.35,17.97,18.16,18.15,17.97,112864,2042950.07,06-FEB-2024,1383,INF179KC1HT0,
HDFCMOMENT,EQ,29.9,29.9,29.31,29.66,29.68,29.52,41662,1231970.46,06-FEB-2024,550,INF179KC1HV6,
HDFCNEXT50,EQ,56.95,56.95,55.94,56.79,56.79,56.04,6882,389870.55,06-FEB-2024,118,INF179KC1HS2,
HDFCNIF100,EQ,22.42,22.65,22.31,22.56,22.65,22.31,21429,482644.28,06-FEB-2024,305,INF179KC1HR4,
HDFCNIFBAN,EQ,46.37,50.0,45.99,46.42,48.94,46.37,3271036,150524626.21,06-FEB-2024,687,INF179KC1HY0,
HDFCNIFIT,EQ,37.5,39.25,37.07,39.04,38.8,37.89,118650,4601823.7,06-FEB-2024,475,INF179KC1IA8,
HDFCNIFTY,EQ,239.49,240.35,237.8,240.13,240.27,238.38,36473,8749450.1,06-FEB-2024,446,INF179KC1965,
HDFCPVTBAN,EQ,24.15,24.15,23.43,23.5,23.69,23.58,77657,1828155.17,06-FEB-2024,395,INF179KC1HZ7,
HDFCQUAL,EQ,49.6,51.16,49.6,51.15,51.15,50.87,5848,298031.17,06-FEB-2024,98,INF179KC1DL6,
HDFCSENSEX,EQ,79.94,81.5,79.02,80.08,79.5,79.13,214599,17171175.32,06-FEB-2024,545,INF179KC1HX2,
HDFCSILVER,EQ,69.26,69.4,69.0,69.04,69.05,69.23,164463,11372969.87,06-FEB-2024,1018,INF179KC1DI2,
HDFCSML250,EQ,155.0,155.9,152.29,154.17,153.8,152.29,145012,22260843.92,06-FEB-2024,2531,INF179KC1FB2,
HDFCVALUE,EQ,124.39,125.56,123.75,125.37,125.56,124.38,2758,343878.84,06-FEB-2024,90,INF179KC1DK8,
HEADSUP,EQ,18.3,19.1,18.05,18.6,18.6,18.05,408409,7562634.85,06-FEB-2024,1022,INE759V01019,
HEALTHIETF,EQ,117.55,119.28,115.33,118.76,118.99,117.55,12015,1421980.31,06-FEB-2024,318,INF109KC1Q72,
HEALTHY,EQ,11.79,11.93,11.75,11.89,11.91,11.75,295680,3507854.66,06-FEB-2024,1910,INF209KB10C2,
HECPROJECT,BE,78.45,80.0,76.95,80.0,80.0,78.45,6803,539836.1,06-FEB-2024,44,INE558R01013,
HEG,EQ,1852.8,1978.85,1847.7,1951.0,1955.0,1846.6,2176874,4226054363.8,06-FEB-2024,111225,INE545A01016,
HEIDELBERG,EQ,224.85,227.25,222.1,226.6,226.0,224.85,182370,41111022.6,06-FEB-2024,7273,INE578A01017,
HEMIPROP,EQ,254.2,257.75,238.4,240.6,239.3,251.65,2920697,720850115.0,06-FEB-2024,46546,INE0AJG01018,
HERANBA,EQ,378.0,378.0,372.4,374.6,375.0,372.35,48383,18124330.8,06-FEB-2024,3619,INE694N01015,
HERCULES,EQ,474.0,485.55,452.85,455.4,455.0,471.8,193209,91036185.7,06-FEB-2024,17162,INE688E01024,
HERITGFOOD,EQ,316.6,320.2,315.45,316.5,316.0,315.25,190581,60481461.2,06-FEB-2024,5420,INE978A01027,
HEROMOTOCO,EQ,4746.55,4792.0,4733.0,4783.45,4790.0,4746.65,261001,1243875224.65,06-FEB-2024,29185,INE158A01026,
HESTERBIO,EQ,1445.0,1460.0,1420.0,1432.5,1440.0,1439.35,5914,8463750.9,06-FEB-2024,862,INE782E01017,
HEUBACHIND,EQ,552.0,563.0,537.55,546.05,547.3,550.2,43446,23861995.55,06-FEB-2024,4966,INE492A01029,
HEXATRADEX,EQ,155.3,155.3,153.1,153.4,153.3,153.45,5777,886452.5,06-FEB-2024,200,INE750M01017,
HFCL,EQ,98.85,104.35,98.0,103.5,103.0,98.25,49773379,5023656593.2,06-FEB-2024,104756,INE548A01028,
HGINFRA,EQ,977.0,977.0,940.1,947.65,944.0,959.65,137906,132423835.35,06-FEB-2024,11858,INE926X01010,
HGS,EQ,951.05,968.05,950.8,963.2,960.05,950.8,21009,20241755.0,06-FEB-2024,3588,INE170I01016,
HIKAL,EQ,293.7,301.0,291.55,294.1,292.55,290.4,237325,70270281.2,06-FEB-2024,10077,INE475B01022,
HIL,EQ,2710.0,2739.0,2685.0,2722.5,2700.35,2701.0,14509,39427312.15,06-FEB-2024,2451,INE557A01011,
HILTON,EQ,144.3,153.65,144.0,150.75,150.5,142.35,929225,139777689.35,06-FEB-2024,23051,INE788H01017,
HIMATSEIDE,EQ,164.25,165.5,162.35,162.85,163.05,164.2,278303,45514888.6,06-FEB-2024,7265,INE049A01027,
HINDALCO,EQ,578.6,587.75,569.25,584.9,585.75,579.9,4099573,2362852353.25,06-FEB-2024,80025,INE038A01020,
HINDCOMPOS,EQ,439.95,439.95,425.05,428.0,428.5,431.2,10795,4644733.45,06-FEB-2024,1120,INE310C01029,
HINDCON,BE,50.2,51.15,49.0,49.15,49.75,51.2,134295,6660810.95,06-FEB-2024,1431,INE642Y01029,
HINDCOPPER,EQ,295.55,300.2,289.1,298.05,298.05,293.4,6043988,1790665796.95,06-FEB-2024,47056,INE531E01026,
HINDMOTORS,EQ,20.05,20.5,20.0,20.4,20.5,19.6,2054441,41661683.9,06-FEB-2024,5663,INE253A01025,
HINDNATGLS,BE,22.3,22.3,22.3,22.3,22.3,21.25,11805,263251.5,06-FEB-2024,31,INE952A01022,
HINDOILEXP,EQ,181.3,196.65,178.3,194.25,194.95,180.25,6236410,1197223721.25,06-FEB-2024,63883,INE345A01011,
HINDPETRO,EQ,515.0,541.0,505.15,535.8,536.7,508.4,19235513,10131905240.35,06-FEB-2024,205789,INE094A01015,
HINDUNILVR,EQ,2424.95,2441.35,2418.05,2426.35,2429.0,2419.5,1557511,3778637422.15,06-FEB-2024,103256,INE030A01027,
HINDWAREAP,EQ,460.5,474.3,460.5,467.95,465.0,462.95,46467,21785093.95,06-FEB-2024,5986,INE05AN01011,
HINDZINC,EQ,315.5,318.7,313.5,315.9,315.75,315.5,433851,136996391.6,06-FEB-2024,11873,INE267A01025,
HIRECT,EQ,571.75,578.0,559.05,562.85,567.95,563.7,6059,3433322.85,06-FEB-2024,431,INE835D01023,
HISARMETAL,EQ,206.0,207.0,201.0,204.45,202.5,202.55,21842,4479571.85,06-FEB-2024,413,INE598C01011,
HITECH,EQ,148.9,151.9,146.0,148.25,148.45,147.7,523259,77519958.25,06-FEB-2024,9395,INE106T01025,
HITECHCORP,EQ,243.0,263.65,238.1,254.8,253.05,240.25,53033,13406642.15,06-FEB-2024,2304,INE120D01012,
HITECHGEAR,EQ,467.95,474.0,461.95,464.05,465.0,467.85,8580,3997963.05,06-FEB-2024,654,INE127B01011,
HLEGLAS,EQ,518.3,534.0,514.05,529.8,532.6,523.75,69718,36349553.2,06-FEB-2024,7379,INE461D01028,
HLVLTD,EQ,35.95,36.5,35.0,35.65,35.7,35.6,1079602,38544068.85,06-FEB-2024,5588,INE102A01024,
HMAAGRO,EQ,75.8,77.6,74.3,75.65,76.1,72.8,2108285,161426254.5,06-FEB-2024,11456,INE0ECP01024,
HMVL,EQ,99.05,116.0,99.05,113.75,114.6,99.85,1643716,182186602.05,06-FEB-2024,16269,INE871K01015,
HNDFDS,EQ,539.95,546.0,535.2,541.1,540.1,537.4,53490,28885325.6,06-FEB-2024,7017,INE254N01026,
HNGSNGBEES,EQ,231.7,241.55,231.7,240.49,241.0,230.27,351684,83906222.27,06-FEB-2024,4333,INF204KB19I1,
HOMEFIRST,EQ,974.0,989.5,955.5,969.3,972.9,971.6,290013,282381717.7,06-FEB-2024,15732,INE481N01025,
HONASA,EQ,440.95,444.2,430.0,432.65,432.95,439.25,195972,85285385.1,06-FEB-2024,21831,INE0J5401028,
HONAUT,EQ,38443.95,38715.0,38200.0,38417.45,38200.0,38349.0,2599,99888828.0,06-FEB-2024,1390,INE671A01010,
HONDAPOWER,EQ,2343.9,2383.95,2322.55,2366.95,2383.8,2332.7,6318,14834056.75,06-FEB-2024,1604,INE634A01018,
HOVS,BE,75.65,78.0,74.05,75.6,75.0,77.95,46998,3529675.3,06-FEB-2024,243,INE596H01014,
HPAL,EQ,121.55,131.0,121.0,126.4,126.45,119.95,1973780,252142677.85,06-FEB-2024,24057,INE0GSL01024,
HPIL,EQ,174.0,174.0,160.1,162.05,161.5,166.85,7956,1300774.85,06-FEB-2024,302,INE05X901010,
HPL,EQ,345.5,346.75,332.2,334.75,334.0,330.25,1240447,423979102.7,06-FEB-2024,19544,INE495S01016,
HSCL,BE,369.05,375.0,366.0,373.85,374.9,367.6,619200,229459620.35,06-FEB-2024,18012,INE019C01026,
HTMEDIA,EQ,34.2,35.45,33.3,34.8,34.75,34.0,2041795,70450949.25,06-FEB-2024,6524,INE501G01024,
HUBTOWN,EQ,136.7,143.7,130.2,140.45,141.0,136.9,771182,107270415.3,06-FEB-2024,4839,INE703H01016,
HUDCO,EQ,202.65,207.15,191.6,201.65,201.35,201.35,24221574,4840268808.15,06-FEB-2024,141873,INE031A01017,
HUHTAMAKI,EQ,336.0,340.0,330.8,337.4,336.0,334.1,111902,37581512.4,06-FEB-2024,6252,INE275B01026,
HYBRIDFIN,BE,9.95,9.95,9.95,9.95,9.95,9.8,2566,25531.7,06-FEB-2024,4,INE965B01022,
IBREALEST,EQ,103.5,115.7,103.4,114.15,115.0,103.1,67959146,7571316454.4,06-FEB-2024,176534,INE069I01010,
IBULHSGFIN,EQ,184.0,188.6,182.5,186.2,186.8,182.85,9313039,1730886201.75,06-FEB-2024,65281,INE148I01020,
ICDSLTD,BE,51.3,53.8,51.3,53.8,53.8,51.25,2928,154112.4,06-FEB-2024,39,INE613B01010,
ICEMAKE,EQ,593.55,609.95,591.0,603.25,609.9,589.15,42170,25285424.45,06-FEB-2024,4356,INE520Y01019,
ICICIB22,EQ,102.5,102.5,98.04,100.27,100.35,99.52,1522388,151570264.25,06-FEB-2024,6394,INF109KB15Y7,
ICICIBANK,EQ,1023.55,1034.9,1016.7,1026.4,1027.75,1023.5,12886927,13235660038.15,06-FEB-2024,203228,INE090A01021,
ICICIGI,EQ,1522.0,1595.4,1519.1,1590.95,1590.6,1518.6,1019177,1593796473.4,06-FEB-2024,72957,INE765G01017,
ICICIPRULI,EQ,505.0,528.35,502.5,526.0,526.8,504.8,2301593,1198476432.0,06-FEB-2024,67891,INE726G01019,
ICIL,EQ,258.7,269.5,258.7,262.55,263.0,258.6,318303,84519657.85,06-FEB-2024,21283,INE483B01026,
ICRA,EQ,5689.95,5825.0,5623.0,5758.85,5789.0,5692.1,2675,15418578.25,06-FEB-2024,1093,INE725G01011,
IDBI,EQ,94.6,98.7,92.6,94.3,94.25,93.25,40322006,3841259063.4,06-FEB-2024,94361,INE008A01015,
IDEA,EQ,13.75,14.45,13.6,14.25,14.35,13.75,317594254,4488955177.25,06-FEB-2024,128321,INE669E01016,
IDEAFORGE,EQ,820.0,838.8,765.05,776.95,779.95,703.95,3289563,2604624521.05,06-FEB-2024,95569,INE349Y01013,
IDFC,EQ,118.65,119.2,117.55,118.15,118.2,118.6,3964538,469518152.6,06-FEB-2024,38551,INE043D01016,
IDFCFIRSTB,EQ,83.3,83.65,82.5,83.0,83.25,83.25,24033822,1996500164.45,06-FEB-2024,110928,INE092T01019,
IDFNIFTYET,EQ,236.1,236.6,232.8,235.36,235.65,234.97,553,129391.15,06-FEB-2024,32,INF194KA1U07,
IEL,BE,14.5,14.5,13.5,13.6,13.65,14.2,268854,3714967.4,06-FEB-2024,996,INE059901020,
IEX,EQ,149.4,153.8,148.2,152.85,152.5,146.55,26776884,4067040731.7,06-FEB-2024,141905,INE022Q01020,
IFBAGRO,EQ,502.05,510.0,502.05,502.5,502.2,502.05,4437,2238537.25,06-FEB-2024,377,INE076C01018,
IFBIND,EQ,1324.1,1349.1,1315.0,1341.5,1347.0,1320.0,37584,50014613.85,06-FEB-2024,3284,INE559A01017,
IFCI,EQ,63.55,65.4,63.05,65.4,65.4,62.3,38594567,2507951816.0,06-FEB-2024,55330,INE039A01010,
IFGLEXPOR,EQ,702.8,709.65,675.95,699.9,700.0,697.8,73581,51204807.9,06-FEB-2024,7489,INE133Y01011,
IGARASHI,EQ,552.3,564.45,550.85,552.5,554.0,560.25,48397,26896615.9,06-FEB-2024,3617,INE188B01013,
IGL,EQ,444.0,455.55,442.0,453.85,455.4,439.95,2720975,1224968113.9,06-FEB-2024,42669,INE203G01027,
IGPL,EQ,495.1,509.8,494.15,508.3,506.0,501.5,45605,22940767.7,06-FEB-2024,4040,INE204A01010,
IIFL,EQ,596.0,601.85,587.3,594.65,594.9,594.0,427710,254196374.6,06-FEB-2024,35601,INE530B01024,
IIFLSEC,EQ,164.7,170.0,162.3,166.4,167.0,163.4,837611,139962820.05,06-FEB-2024,17535,INE489L01022,
IITL,BE,265.0,266.0,265.0,266.0,266.0,260.8,3069,815314.0,06-FEB-2024,39,INE886A01014,
IKIO,EQ,331.8,334.4,329.1,331.0,332.5,330.4,200640,66592119.2,06-FEB-2024,8218,INE0LOJ01019,
IMAGICAA,EQ,80.0,83.9,78.45,82.0,82.2,79.05,6763145,550220551.15,06-FEB-2024,19310,INE172N01012,
IMFA,EQ,635.0,651.35,630.0,645.55,647.0,631.0,153393,98678242.85,06-FEB-2024,3585,INE919H01018,
IMPAL,EQ,1160.35,1174.9,1135.0,1168.5,1170.0,1145.65,6923,8003322.1,06-FEB-2024,825,INE547E01014,
IMPEXFERRO,BE,6.1,6.1,5.95,6.1,6.1,5.85,190811,1162438.25,06-FEB-2024,307,INE691G01015,
INCREDIBLE,BE,49.7,49.7,49.7,49.7,49.7,48.75,5616,279115.2,06-FEB-2024,31,INE452L01012,
INDBANK,EQ,52.4,60.65,51.45,59.1,58.5,51.9,3866153,220421012.8,06-FEB-2024,19545,INE841B01017,
INDHOTEL,EQ,510.0,511.5,504.55,506.15,506.25,509.1,1032953,524210396.9,06-FEB-2024,34699,INE053A01029,
INDIACEM,EQ,234.0,242.9,230.5,241.05,240.4,233.85,3488378,827573357.25,06-FEB-2024,25611,INE383A01012,
INDIAGLYCO,EQ,909.0,914.7,888.55,897.0,897.9,904.85,135830,122062170.75,06-FEB-2024,8842,INE560A01015,
INDIAMART,EQ,2588.95,2618.0,2563.05,2601.9,2611.0,2589.3,231165,600123463.8,06-FEB-2024,25904,INE933S01016,
INDIANB,EQ,560.2,561.85,538.2,542.45,544.45,560.2,2202935,1197912089.05,06-FEB-2024,70900,INE562A01011,
INDIANCARD,EQ,305.4,315.0,297.3,306.1,305.65,299.15,22513,6861775.45,06-FEB-2024,940,INE061A01014,
INDIANHUME,EQ,245.1,247.0,239.4,242.4,243.0,246.4,41431,10111990.6,06-FEB-2024,1847,INE323C01030,
INDIASHLTR,EQ,689.95,694.75,660.0,665.55,662.0,685.0,185598,124349455.2,06-FEB-2024,16469,INE922K01024,
INDIGO,EQ,3190.05,3191.1,3070.75,3137.85,3139.95,3171.15,1007663,3146972406.25,06-FEB-2024,64000,INE646L01027,
INDIGOPNTS,EQ,1410.05,1426.0,1405.0,1407.05,1407.0,1413.15,43027,60811674.9,06-FEB-2024,8224,INE09VQ01012,
INDNIPPON,EQ,687.0,708.0,682.65,700.9,696.0,684.4,25358,17660015.05,06-FEB-2024,1454,INE092B01025,
INDOAMIN,EQ,164.1,165.7,158.2,161.9,162.0,164.8,234889,37917331.95,06-FEB-2024,8761,INE760F01028,
INDOBORAX,EQ,196.9,202.45,193.8,198.95,199.8,194.95,64548,12801792.35,06-FEB-2024,5075,INE803D01021,
INDOCO,EQ,361.8,366.7,356.35,361.85,360.15,356.7,107066,38584828.15,06-FEB-2024,7292,INE873D01024,
INDORAMA,EQ,61.0,62.5,60.45,61.65,61.5,60.65,342574,21105137.95,06-FEB-2024,2546,INE156A01020,
INDOSTAR,BE,184.95,192.65,180.0,190.15,188.35,183.9,96363,18011346.85,06-FEB-2024,688,INE896L01010,
INDOTECH,EQ,859.8,902.75,821.15,899.0,902.5,859.8,66115,57907856.6,06-FEB-2024,3327,INE332H01014,
INDOTHAI,BE,318.25,328.0,305.05,326.3,323.05,318.15,14117,4533096.35,06-FEB-2024,252,INE337M01013,
INDOWIND,BE,30.7,30.7,30.7,30.7,30.7,31.3,127819,3924043.3,06-FEB-2024,655,INE227G01018,
INDRAMEDCO,BE,193.0,194.0,188.0,189.15,189.05,190.6,106812,20308164.25,06-FEB-2024,950,INE681B01017,
INDSWFTLAB,EQ,108.0,110.6,106.85,108.9,109.0,107.2,169279,18449849.2,06-FEB-2024,3409,INE915B01019,
INDSWFTLTD,EQ,19.35,19.35,18.45,19.0,19.0,18.8,104901,1984003.95,06-FEB-2024,357,INE788B01028,
INDTERRAIN,EQ,73.95,75.0,72.6,73.65,74.75,73.4,194933,14332565.95,06-FEB-2024,1691,INE611L01021,
INDUSINDBK,EQ,1550.0,1550.45,1504.15,1511.4,1513.2,1537.8,3312270,5023882493.15,06-FEB-2024,155950,INE095A01012,
INDUSTOWER,EQ,215.05,222.8,213.15,221.0,221.15,214.5,21232928,4673549984.9,06-FEB-2024,126968,INE121J01017,
INFIBEAM,EQ,36.95,37.3,34.5,36.3,36.45,36.5,27579674,993574363.15,06-FEB-2024,80752,INE483S01020,
INFOBEAN,EQ,421.0,425.55,418.2,421.5,421.0,419.65,25571,10767708.7,06-FEB-2024,3383,INE344S01016,
INFOMEDIA,BE,6.4,6.5,6.4,6.45,6.45,6.7,5062,32689.4,06-FEB-2024,14,INE669A01022,
INFRABEES,EQ,819.98,830.0,808.0,827.02,830.0,819.98,14128,11621185.11,06-FEB-2024,613,INF732E01268,
INFRAIETF,EQ,82.2,84.57,80.6,81.7,81.75,80.92,133176,10811185.84,06-FEB-2024,733,INF109KC16E5,
INFY,EQ,1686.75,1733.0,1673.95,1729.45,1728.0,1687.2,7694265,13213481875.4,06-FEB-2024,250855,INE009A01021,
INGERRAND,EQ,3250.0,3473.0,3250.0,3410.6,3400.0,3263.8,88190,300923466.5,06-FEB-2024,19365,INE177A01018,
INNOVACAP,EQ,533.0,550.5,528.55,541.0,539.0,536.75,139265,75307707.4,06-FEB-2024,11076,INE0DUT01020,
INOXGREEN,BE,126.35,130.0,126.0,128.7,129.0,125.05,891738,114595234.0,06-FEB-2024,3617,INE510W01014,
INOXINDIA,EQ,932.0,1024.0,901.4,998.6,1021.0,909.95,4081909,3950071145.45,06-FEB-2024,129477,INE616N01034,
INOXWIND,EQ,541.0,546.7,515.0,528.8,526.0,534.95,1645621,869556165.2,06-FEB-2024,29031,INE066P01011,
INSECTICID,EQ,620.0,623.8,591.7,593.25,593.8,624.15,56660,34153357.0,06-FEB-2024,5098,INE070I01018,
INTELLECT,EQ,930.0,963.0,930.0,947.4,947.0,928.4,900135,856542546.75,06-FEB-2024,50923,INE306R01017,
INTENTECH,BE,145.0,145.0,138.55,141.45,141.0,145.85,145221,20395891.55,06-FEB-2024,967,INE781A01025,
INTLCONV,EQ,110.55,112.25,106.0,107.9,107.0,108.55,1344468,146194268.55,06-FEB-2024,14248,INE575C01027,
INVENTURE,BE,3.0,3.05,2.9,3.0,3.0,3.0,3746123,11077267.2,06-FEB-2024,2501,INE878H01024,
IOB,EQ,64.85,69.8,62.3,67.55,67.8,62.65,258421884,17255145597.75,06-FEB-2024,519088,INE565A01014,
IOC,EQ,176.55,186.0,171.35,184.5,184.95,173.95,97077698,17488886522.6,06-FEB-2024,396335,INE242A01010,
IOLCP,EQ,439.0,452.8,436.95,443.15,443.0,437.8,442720,197081126.6,06-FEB-2024,23090,INE485C01011,
IONEXCHANG,EQ,509.8,523.0,505.1,519.05,519.0,503.3,195469,101088703.55,06-FEB-2024,20272,INE570A01022,
IPCALAB,EQ,1134.35,1203.95,1134.35,1199.15,1200.0,1134.35,2350648,2781693850.15,06-FEB-2024,119725,INE571A01038,
IPL,EQ,394.95,399.2,386.0,393.25,388.0,394.0,2730278,1074145652.65,06-FEB-2024,38580,INE0D6701023,
IRB,EQ,71.0,71.7,67.3,70.05,70.4,70.05,27312713,1894465909.3,06-FEB-2024,110497,INE821I01022,
IRCON,EQ,223.6,234.9,214.75,231.8,232.4,223.6,23406595,5301530929.8,06-FEB-2024,178996,INE962Y01021,
IRCTC,EQ,950.0,968.4,939.5,965.25,964.0,946.65,2521842,2415450085.75,06-FEB-2024,66578,INE335Y01020,
IREDA,EQ,214.8,214.8,198.05,209.45,209.4,204.8,71926776,14973903411.7,06-FEB-2024,482129,INE202E01016,
IRFC,EQ,161.4,164.2,152.1,160.9,161.4,160.55,81434112,13018326877.55,06-FEB-2024,449663,INE053F01010,
IRIS,EQ,137.35,137.35,134.4,135.05,135.8,136.5,19107,2584674.7,06-FEB-2024,505,INE864K01010,
IRISDOREME,EQ,86.9,87.8,86.15,87.05,87.0,86.85,104502,9076669.8,06-FEB-2024,1029,INE01GN01025,
IRMENERGY,EQ,592.9,594.7,580.0,582.85,581.0,589.25,169830,99453987.95,06-FEB-2024,7714,INE07U701015,
ISEC,EQ,798.0,822.55,798.0,819.0,817.0,796.65,208692,170099284.25,06-FEB-2024,17838,INE763G01038,
ISFT,EQ,166.0,182.2,164.15,168.25,166.0,164.55,435034,75850116.8,06-FEB-2024,5566,INE566K01011,
ISGEC,EQ,1048.65,1147.95,1048.55,1135.6,1140.0,1048.65,300757,333356210.65,06-FEB-2024,32194,INE858B01029,
ISMTLTD,EQ,104.1,105.35,101.5,103.8,102.55,103.15,677312,70137569.0,06-FEB-2024,5556,INE732F01019,
ITBEES,EQ,39.69,40.63,39.36,40.5,40.52,39.35,15736935,635845503.76,06-FEB-2024,20231,INF204KB15V2,
ITC,EQ,440.0,440.9,429.5,431.4,431.9,438.05,18764371,8129148176.75,06-FEB-2024,337897,INE154A01025,
ITDC,EQ,825.55,840.7,760.3,779.9,776.2,825.2,386893,307822158.55,06-FEB-2024,16067,INE353K01014,
ITDCEM,EQ,325.3,333.9,323.15,327.25,328.0,321.95,644747,212641985.65,06-FEB-2024,14844,INE686A01026,
ITETF,EQ,37.89,38.74,37.28,38.41,38.33,37.27,67504,2580485.77,06-FEB-2024,426,INF769K01KV5,
ITI,EQ,345.6,358.5,342.5,353.65,354.0,344.05,2938304,1031573316.6,06-FEB-2024,47493,INE248A01017,
ITIETF,EQ,40.28,40.58,39.02,40.49,40.55,39.31,8571181,346154008.86,06-FEB-2024,4995,INF109KC16I6,
IVC,BE,12.1,12.45,11.65,12.05,12.0,12.15,607940,7259749.6,06-FEB-2024,1680,INE050B01023,
IVP,BE,237.3,238.0,230.7,233.75,233.0,237.2,8698,2043152.05,06-FEB-2024,104,INE043C01018,
IVZINGOLD,EQ,5530.4,5540.0,5526.0,5531.35,5526.0,5537.35,25,138277.25,06-FEB-2024,17,INF205K01361,
IWEL,BE,6023.0,6139.0,5756.0,5891.35,5900.0,5939.1,3860,22918699.45,06-FEB-2024,420,INE0FLR01028,
IZMO,BE,298.05,298.05,292.1,292.1,292.1,298.05,8676,2576235.3,06-FEB-2024,78,INE848A01014,
J&KBANK,EQ,146.65,149.75,143.05,143.75,144.5,145.15,4802317,698803150.25,06-FEB-2024,35081,INE168A01041,
JAGRAN,EQ,98.95,103.7,97.7,102.05,102.35,98.35,896119,90153475.3,06-FEB-2024,7658,INE199G01027,
JAGSNPHARM,EQ,310.05,324.0,293.9,299.25,300.0,305.0,168045,51306079.35,06-FEB-2024,9130,INE048B01027,
JAIBALAJI,BE,1047.8,1067.45,1033.05,1047.05,1045.0,1029.65,93555,98236235.95,06-FEB-2024,4288,INE091G01018,
JAICORPLTD,EQ,363.7,366.45,357.15,362.25,361.95,361.25,386382,139975312.9,06-FEB-2024,6437,INE070D01027,
JAIPURKURT,EQ,69.5,69.5,66.65,68.25,68.7,68.2,11576,787224.55,06-FEB-2024,164,INE696V01013,
JAMNAAUTO,EQ,122.0,135.35,122.0,131.65,132.25,120.95,36216969,4703543488.8,06-FEB-2024,154303,INE039C01032,
JASH,EQ,1779.0,1787.05,1732.1,1744.5,1740.0,1751.1,17577,30912985.05,06-FEB-2024,2240,INE039O01011,
JAYAGROGN,EQ,261.6,264.65,255.5,257.1,257.5,260.6,47926,12412150.9,06-FEB-2024,3765,INE785A01026,
JAYBARMARU,EQ,138.8,138.8,132.5,134.0,133.7,135.35,192008,25757476.95,06-FEB-2024,2271,INE571B01036,
JAYNECOIND,EQ,53.9,54.0,51.1,54.0,54.0,51.45,2142250,114530498.65,06-FEB-2024,4915,INE854B01010,
JAYSREETEA,EQ,118.1,123.75,118.1,118.85,118.9,118.1,499907,60248350.55,06-FEB-2024,6125,INE364A01020,
JBCHEPHARM,EQ,1718.9,1741.8,1692.55,1725.25,1708.45,1708.4,163384,280966444.7,06-FEB-2024,20900,INE572A01036,
JBMA,EQ,2000.0,2050.0,1973.0,2028.25,2029.0,1972.95,175627,355408606.4,06-FEB-2024,19382,INE927D01044,
JCHAC,EQ,1190.0,1200.0,1165.0,1173.0,1169.8,1188.65,32556,38562557.9,06-FEB-2024,4708,INE782A01015,
JETFREIGHT,EQ,14.45,15.45,14.3,14.95,15.0,14.45,167792,2484352.5,06-FEB-2024,917,INE982V01025,
JHS,EQ,32.25,33.65,31.25,32.55,32.9,32.05,434844,14315475.9,06-FEB-2024,2104,INE544H01014,
JINDALPHOT,EQ,595.0,651.0,589.55,633.0,630.5,592.05,67217,42409846.1,06-FEB-2024,2499,INE796G01012,
JINDALPOLY,EQ,615.45,615.5,607.0,608.7,608.0,612.4,30331,18504310.85,06-FEB-2024,2339,INE197D01010,
JINDALSAW,EQ,494.45,514.0,492.5,508.35,511.0,495.1,883958,444170703.9,06-FEB-2024,26925,INE324A01024,
JINDALSTEL,EQ,768.0,784.85,751.1,781.2,784.2,763.1,2564978,1974630969.65,06-FEB-2024,78270,INE749A01030,
JINDRILL,EQ,685.15,717.0,665.9,697.25,690.0,686.7,113729,78016641.3,06-FEB-2024,9804,INE742C01031,
JINDWORLD,EQ,304.7,350.15,296.0,346.05,350.15,291.8,4644734,1555243340.3,06-FEB-2024,105113,INE247D01039,
JIOFIN,EQ,285.7,285.7,266.05,270.95,270.2,289.1,86635613,23929786173.05,06-FEB-2024,622597,INE758E01017,
JISLDVREQS,EQ,36.75,38.95,36.25,38.3,38.75,36.75,332060,12669579.85,06-FEB-2024,1598,IN9175A01010,
JISLJALEQS,EQ,62.75,68.6,62.75,66.7,67.0,62.75,17893447,1198095073.2,06-FEB-2024,36387,INE175A01038,
JITFINFRA,BE,570.0,580.0,551.0,568.5,567.1,561.35,31809,18079102.1,06-FEB-2024,365,INE863T01013,
JKCEMENT,EQ,4350.0,4403.95,4317.3,4339.6,4343.95,4317.3,144256,631183800.05,06-FEB-2024,27985,INE823G01014,
JKIL,EQ,648.0,679.0,643.5,665.75,661.2,645.6,601699,401763768.25,06-FEB-2024,28287,INE576I01022,
JKLAKSHMI,EQ,945.0,945.0,910.25,920.85,916.05,928.3,117872,109141613.5,06-FEB-2024,14295,INE786A01032,
JKPAPER,EQ,400.0,409.0,400.0,407.35,408.25,398.65,770022,312099765.35,06-FEB-2024,20459,INE789E01012,
JKTYRE,EQ,538.4,552.4,516.0,535.8,517.95,533.9,1880559,1003110278.85,06-FEB-2024,78131,INE573A01042,
JLHL,EQ,1087.6,1121.8,1080.1,1113.95,1115.0,1084.35,20382,22598294.65,06-FEB-2024,3604,INE682M01012,
JMA,EQ,118.25,131.0,118.25,128.0,128.0,120.1,238295,30243119.7,06-FEB-2024,1934,INE412C01023,
JMFINANCIL,EQ,109.0,109.3,106.1,107.4,107.3,107.85,3190663,343282966.85,06-FEB-2024,22153,INE780C01023,
JOCIL,EQ,256.35,261.0,252.1,253.55,255.0,256.1,23285,5960664.9,06-FEB-2024,787,INE839G01010,
JPASSOCIAT,EQ,24.1,24.2,23.0,24.15,24.2,23.05,56056165,1342712257.6,06-FEB-2024,30684,INE455F01025,
JPOLYINVST,EQ,698.6,775.05,695.0,739.55,735.0,698.55,89252,66535045.7,06-FEB-2024,10899,INE147P01019,
JPPOWER,EQ,20.8,20.85,20.4,20.85,20.85,19.9,115216681,2392635013.25,06-FEB-2024,84725,INE351F01018,
JSL,EQ,606.6,638.0,603.0,616.1,615.0,606.6,2219382,1379134794.3,06-FEB-2024,78924,INE220G01021,
JSWENERGY,EQ,495.2,503.8,487.1,491.65,490.9,492.9,2051836,1015102279.25,06-FEB-2024,53515,INE121E01018,
JSWHL,EQ,6149.9,6149.9,6012.1,6092.0,6124.4,6093.9,3127,19005412.95,06-FEB-2024,932,INE824G01012,
JSWINFRA,EQ,223.75,224.25,218.2,219.3,219.25,221.75,3135451,693191544.9,06-FEB-2024,28826,INE880J01026,
JSWSTEEL,EQ,814.65,820.75,805.1,818.75,819.0,814.65,1547506,1257797223.6,06-FEB-2024,68087,INE019A01038,
JTEKTINDIA,EQ,156.55,166.95,156.05,163.4,163.9,155.5,526973,85940011.95,06-FEB-2024,19585,INE643A01035,
JTLIND,EQ,272.0,274.9,264.4,267.35,265.15,270.25,981616,264192580.15,06-FEB-2024,13703,INE391J01024,
JUBLFOOD,EQ,484.85,486.7,476.35,479.85,480.0,484.85,3176276,1525071809.65,06-FEB-2024,62761,INE797F01020,
JUBLINDS,EQ,610.0,622.45,610.0,618.65,621.0,610.4,11960,7371807.15,06-FEB-2024,1214,INE645L01011,
JUBLINGREA,EQ,432.95,439.35,428.85,436.25,436.55,427.3,194308,84424758.55,06-FEB-2024,16025,INE0BY001018,
JUBLPHARMA,EQ,577.05,586.0,568.25,580.95,580.2,581.65,629223,363424687.7,06-FEB-2024,26879,INE700A01033,
JUNIORBEES,EQ,577.02,600.96,575.1,600.37,600.96,592.28,104233,62256636.04,06-FEB-2024,6883,INF732E01045,
JUSTDIAL,EQ,824.0,843.95,811.6,831.4,831.0,820.85,136687,113673694.55,06-FEB-2024,10085,INE599M01018,
JWL,EQ,396.9,398.5,387.0,391.75,391.8,393.35,747600,293336946.15,06-FEB-2024,17761,INE209L01016,
JYOTHYLAB,EQ,498.9,501.95,495.15,498.6,499.0,496.2,600077,299751024.7,06-FEB-2024,26505,INE668F01031,
JYOTICNC,EQ,581.7,594.8,562.25,576.6,575.0,570.3,349722,201546172.8,06-FEB-2024,9561,INE980O01024,
JYOTISTRUC,BE,32.4,32.85,30.7,31.3,31.75,31.75,3427185,108814289.0,06-FEB-2024,3705,INE197A01024,
KABRAEXTRU,EQ,393.0,393.65,386.3,391.25,390.5,394.15,52143,20361058.1,06-FEB-2024,4588,INE900B01029,
KAJARIACER,EQ,1310.0,1334.95,1295.05,1298.8,1300.0,1305.65,454826,599347363.25,06-FEB-2024,18656,INE217B01036,
KAKATCEM,EQ,246.8,249.8,245.0,246.2,247.45,245.85,13826,3417259.95,06-FEB-2024,680,INE437B01014,
KALAMANDIR,EQ,231.0,237.0,230.2,233.2,232.65,231.25,288456,67427064.8,06-FEB-2024,10521,INE438K01021,
KALYANIFRG,BE,416.0,436.0,411.0,420.5,423.0,419.8,1543,644253.75,06-FEB-2024,107,INE314G01014,
KALYANKJIL,EQ,342.45,344.85,329.15,330.0,330.0,339.85,2308551,768610758.05,06-FEB-2024,49528,INE303R01014,
KAMATHOTEL,EQ,329.15,334.95,327.0,333.35,333.0,329.3,83205,27519708.05,06-FEB-2024,2110,INE967C01018,
KAMDHENU,EQ,569.0,589.45,560.55,569.65,577.0,562.6,575604,330174509.45,06-FEB-2024,5812,INE390H01012,
KAMOPAINTS,EQ,221.25,224.95,221.25,223.75,224.0,220.85,3601994,802997334.1,06-FEB-2024,10519,INE0BTI01029,
KANANIIND,EQ,6.95,6.95,6.95,6.95,6.95,6.65,382501,2658381.95,06-FEB-2024,457,INE879E01037,
KANORICHEM,EQ,130.2,131.9,128.7,129.35,129.2,129.4,46389,6024555.85,06-FEB-2024,872,INE138C01024,
KANPRPLA,EQ,136.0,139.9,132.25,133.3,133.7,134.8,89750,12150405.25,06-FEB-2024,2105,INE694E01014,
KANSAINER,EQ,346.05,347.5,333.0,333.8,334.0,344.2,1386606,472268834.75,06-FEB-2024,19569,INE531A01024,
KAPSTON,BE,258.95,259.9,250.0,258.7,258.95,256.75,4863,1234983.1,06-FEB-2024,65,INE542Z01010,
KARMAENG,BE,97.0,97.0,97.0,97.0,97.0,98.95,2222,215534.0,06-FEB-2024,36,INE725L01011,
KARURVYSYA,EQ,189.7,190.45,184.4,185.6,185.9,188.95,2485594,463909230.35,06-FEB-2024,32849,INE036D01028,
KAUSHALYA,BE,965.5,988.3,965.5,988.3,988.3,985.0,1283,1246187.9,06-FEB-2024,146,INE234I01028,
KAVVERITEL,BE,17.85,17.85,17.5,17.5,17.5,17.85,14691,261394.35,06-FEB-2024,81,INE641C01019,
KAYA,EQ,351.6,351.7,329.95,337.1,337.9,346.85,25160,8604968.05,06-FEB-2024,1151,INE587G01015,
KAYNES,EQ,2901.0,2908.8,2820.1,2835.45,2838.0,2883.45,108271,310198410.9,06-FEB-2024,23561,INE918Z01012,
KBCGLOBAL,EQ,2.2,2.25,2.15,2.15,2.2,2.2,7078571,15530437.9,06-FEB-2024,3779,INE278R01034,
KCP,EQ,179.2,193.5,179.2,191.35,192.95,178.4,1197126,224046011.6,06-FEB-2024,28081,INE805C01028,
KCPSUGIND,EQ,49.45,53.05,49.0,51.4,51.65,47.8,3626649,184960184.1,06-FEB-2024,15775,INE790B01024,
KDDL,EQ,2748.85,2777.45,2730.0,2762.25,2771.0,2748.85,5611,15468491.4,06-FEB-2024,1554,INE291D01011,
KEC,EQ,654.9,665.95,654.05,659.1,657.0,652.2,180413,119223553.0,06-FEB-2024,14594,INE389H01022,
KECL,EQ,145.95,152.0,145.3,148.85,148.8,144.3,663410,98325484.2,06-FEB-2024,5735,INE134B01017,
KEEPLEARN,BE,6.0,6.0,6.0,6.0,6.0,6.1,2454,14724.0,06-FEB-2024,8,INE055C01020,
KEI,EQ,3188.55,3295.6,3184.05,3259.9,3255.55,3172.65,258068,841162162.65,06-FEB-2024,31185,INE878B01027,
KELLTONTEC,EQ,96.6,103.3,95.55,102.65,103.0,96.0,2655629,268755827.5,06-FEB-2024,17753,INE164B01022,
KERNEX,BE,692.0,692.0,670.0,677.95,680.0,687.6,7399,5008153.35,06-FEB-2024,263,INE202H01019,
KESORAMIND,EQ,167.5,171.6,167.5,169.95,170.25,167.4,562154,95472484.7,06-FEB-2024,4961,INE087A01019,
KEYFINSERV,EQ,147.55,147.55,142.2,144.7,146.8,144.55,12706,1841346.45,06-FEB-2024,788,INE681C01015,
KFINTECH,EQ,638.0,664.6,625.0,639.6,641.0,638.25,939464,602551642.5,06-FEB-2024,38671,INE138Y01010,
KHADIM,EQ,373.7,373.7,360.15,365.55,366.8,368.1,35004,12813026.75,06-FEB-2024,959,INE834I01025,
KHAICHEM,EQ,85.05,87.25,83.4,85.5,86.0,84.3,383745,32824707.9,06-FEB-2024,4438,INE745B01028,
KHAITANLTD,EQ,67.5,69.5,65.9,68.3,69.5,66.35,37011,2506357.6,06-FEB-2024,672,INE731C01018,
KHANDSE,EQ,30.5,32.95,30.15,32.1,32.35,30.25,69047,2198973.5,06-FEB-2024,493,INE060B01014,
KICL,EQ,3799.1,3990.0,3753.9,3971.65,3975.0,3790.3,7325,28696615.5,06-FEB-2024,1768,INE029L01018,
KILITCH,EQ,428.0,441.9,424.95,430.1,428.35,432.95,7803,3378380.1,06-FEB-2024,371,INE729D01010,
KIMS,EQ,2129.85,2171.65,2064.05,2133.6,2128.75,2092.9,137190,292219634.45,06-FEB-2024,22479,INE967H01017,
KINGFA,EQ,2127.2,2200.0,2091.0,2116.05,2172.9,2127.2,6135,12967658.4,06-FEB-2024,950,INE473D01015,
KIOCL,EQ,396.0,420.0,393.6,415.0,419.0,393.65,1008146,414372017.9,06-FEB-2024,18931,INE880L01014,
KIRIINDUS,EQ,407.0,409.75,399.5,400.35,400.5,406.7,160851,64712757.75,06-FEB-2024,4163,INE415I01015,
KIRLOSBROS,EQ,907.45,938.0,903.0,930.35,929.85,902.5,37786,34960302.35,06-FEB-2024,5775,INE732A01036,
KIRLOSENG,EQ,715.45,740.0,713.0,734.2,729.9,712.6,145428,105621332.45,06-FEB-2024,17785,INE146L01010,
KIRLOSIND,EQ,4199.05,4218.4,4043.3,4099.95,4043.3,4177.5,2377,9825134.55,06-FEB-2024,565,INE250A01039,
KIRLPNU,EQ,674.2,690.0,674.2,685.0,687.75,675.3,54494,37304831.15,06-FEB-2024,7930,INE811A01020,
KITEX,EQ,272.0,281.0,268.75,276.9,278.0,270.2,642516,175731413.1,06-FEB-2024,16395,INE602G01020,
KKCL,EQ,765.0,765.0,717.6,753.25,750.0,758.65,258170,194812040.4,06-FEB-2024,3764,INE401H01017,
KMSUGAR,EQ,36.5,36.5,33.4,34.65,34.8,37.5,3031654,105433655.15,06-FEB-2024,12537,INE157H01023,
KNRCON,EQ,283.0,289.6,282.95,286.95,286.5,283.05,1128066,323958345.85,06-FEB-2024,35813,INE634I01029,
KOHINOOR,BE,43.6,43.9,42.8,43.35,43.55,43.35,56788,2464455.65,06-FEB-2024,627,INE080B01012,
KOKUYOCMLN,EQ,150.05,152.0,148.9,151.1,151.3,150.05,71937,10843981.4,06-FEB-2024,753,INE760A01029,
KOLTEPATIL,EQ,463.05,510.0,463.05,502.65,502.35,460.95,617350,306020512.0,06-FEB-2024,41148,INE094I01018,
KOPRAN,EQ,264.0,274.0,263.9,270.05,269.0,263.1,420353,113279347.5,06-FEB-2024,14223,INE082A01010,
KOTAKALPHA,EQ,46.6,46.6,44.75,45.42,45.46,45.23,266291,12049619.1,06-FEB-2024,2062,INF174KA1IA5,
KOTAKBANK,EQ,1814.0,1814.0,1783.15,1787.0,1790.0,1808.35,4691897,8410590256.45,06-FEB-2024,153546,INE237A01028,
KOTAKBKETF,EQ,467.0,470.49,464.53,466.56,466.51,466.57,6831,3183711.58,06-FEB-2024,384,INF174K01F59,
KOTAKCONS,EQ,98.4,98.4,95.94,97.06,97.08,98.4,6543,634405.35,06-FEB-2024,166,INF174KA1JE5,
KOTAKGOLD,EQ,53.04,53.24,53.0,53.11,53.18,53.05,79495,4220034.05,06-FEB-2024,976,INF174KA1HJ8,
KOTAKIT,EQ,39.69,40.35,39.01,40.19,40.32,39.28,396276,15818691.68,06-FEB-2024,640,INF174KA1GC5,
KOTAKLIQ,EQ,1000.0,1000.0,999.99,1000.0,1000.0,999.99,1947,1946999.75,06-FEB-2024,6,INF174KA1LV5,
KOTAKLOVOL,EQ,18.27,18.64,17.83,18.18,18.1,18.27,39524,716411.64,06-FEB-2024,280,INF174KA1IY5,
KOTAKMID50,EQ,139.25,141.25,138.56,139.97,140.38,139.25,27798,3879193.04,06-FEB-2024,390,INF174KA1IB3,
KOTAKMNC,EQ,24.3,24.7,24.0,24.68,24.68,24.3,7334,180532.47,06-FEB-2024,80,INF174KA1JF2,
KOTAKNIFTY,EQ,234.26,236.3,234.01,235.7,235.97,234.09,11615,2734552.72,06-FEB-2024,397,INF174K014P6,
KOTAKNV20,EQ,137.99,138.99,135.49,138.06,138.19,137.31,19742,2722309.39,06-FEB-2024,398,INF174K01Z71,
KOTAKPSUBK,EQ,661.97,661.98,643.6,653.36,655.6,655.22,51322,33228771.01,06-FEB-2024,1071,INF373I01023,
KOTAKSILVE,EQ,70.05,70.27,69.51,69.78,69.75,69.99,308704,21466465.17,06-FEB-2024,307,INF174KA1KU9,
KOTARISUG,EQ,67.5,69.95,66.5,68.05,67.15,65.65,1625875,110370871.6,06-FEB-2024,9887,INE419A01022,
KOTHARIPET,EQ,150.25,154.5,150.25,151.65,152.0,150.25,47283,7190845.95,06-FEB-2024,1839,INE720A01015,
KOTHARIPRO,EQ,158.45,159.5,155.6,157.1,157.0,158.25,16579,2609295.55,06-FEB-2024,774,INE823A01017,
KPIGREEN,EQ,2302.65,2302.65,2121.0,2302.65,2302.65,2193.0,648417,1448686188.4,06-FEB-2024,45709,INE542W01017,
KPIL,EQ,862.95,890.5,839.05,881.5,884.0,855.55,184493,160946432.5,06-FEB-2024,18643,INE220B01022,
KPITTECH,EQ,1609.9,1685.0,1600.1,1674.95,1675.25,1594.35,2360284,3914878336.0,06-FEB-2024,113388,INE04I401011,
KPRMILL,EQ,782.05,799.0,777.25,788.25,784.4,781.7,221152,174517863.95,06-FEB-2024,23257,INE930H01031,
KRBL,EQ,360.7,364.7,359.5,362.2,362.0,360.15,172935,62736215.25,06-FEB-2024,6022,INE001B01026,
KREBSBIO,EQ,77.8,78.5,74.55,77.25,78.5,75.05,24780,1891078.55,06-FEB-2024,281,INE268B01013,
KRIDHANINF,BE,5.35,5.35,5.35,5.35,5.35,5.1,183638,982463.3,06-FEB-2024,168,INE524L01026,
KRISHANA,EQ,221.5,229.0,221.5,224.45,225.0,225.0,59686,13441145.1,06-FEB-2024,1172,INE506W01012,
KRITI,EQ,126.6,136.4,126.6,133.6,134.05,126.4,216238,28585800.3,06-FEB-2024,8224,INE479D01038,
KRITIKA,BE,14.15,14.2,13.9,14.2,14.2,13.55,1206014,17091413.85,06-FEB-2024,2329,INE00Z501029,
KRITINUT,EQ,119.0,119.9,114.35,115.4,116.4,117.1,80980,9424127.25,06-FEB-2024,2183,INE798K01010,
KRSNAA,EQ,711.1,718.0,702.0,712.65,711.0,713.45,130795,92949597.8,06-FEB-2024,9455,INE08LI01020,
KSB,EQ,3699.0,3946.0,3699.0,3812.5,3776.5,3681.55,117054,450776949.4,06-FEB-2024,28471,INE999A01015,
KSCL,EQ,655.0,670.55,654.0,661.3,661.05,653.05,260481,172280487.55,06-FEB-2024,17168,INE455I01029,
KSHITIJPOL,BE,6.3,6.45,6.0,6.25,6.35,6.3,298923,1870723.25,06-FEB-2024,875,INE013801027,
KSL,EQ,693.95,720.9,671.35,710.45,710.0,677.1,704443,494162432.15,06-FEB-2024,43768,INE907A01026,
KSOLVES,EQ,1223.95,1223.95,1173.05,1178.25,1180.0,1189.65,23313,27632266.1,06-FEB-2024,4013,INE0D6I01015,
KTKBANK,EQ,256.9,262.35,254.15,259.9,260.0,256.9,1753877,453499814.9,06-FEB-2024,27520,INE614B01018,
KUANTUM,EQ,170.45,172.0,169.55,171.1,171.1,169.35,93356,15938561.8,06-FEB-2024,3318,INE529I01021,
L&TFH,EQ,173.5,174.4,168.4,170.3,170.4,173.15,6080452,1035704373.1,06-FEB-2024,37217,INE498L01015,
LAGNAM,EQ,109.0,124.0,108.95,120.9,121.0,107.95,855309,99830822.4,06-FEB-2024,7084,INE548Z01017,
LAL,EQ,474.45,474.45,439.55,442.55,440.6,451.9,66689,30568418.05,06-FEB-2024,2774,INE740X01015,
LALPATHLAB,EQ,2408.0,2518.0,2403.8,2513.1,2512.5,2421.25,324211,801478330.95,06-FEB-2024,42327,INE600L01024,
LAMBODHARA,EQ,184.35,196.15,183.5,190.4,189.6,183.35,62512,11941807.8,06-FEB-2024,1746,INE112F01022,
LANDMARK,EQ,807.0,833.0,786.5,825.15,826.0,811.45,192804,155050213.95,06-FEB-2024,19407,INE559R01029,
LAOPALA,EQ,355.7,362.95,355.7,360.8,362.65,355.55,108771,39196808.7,06-FEB-2024,5799,INE059D01020,
LASA,EQ,31.2,32.5,31.2,32.2,32.0,31.15,181947,5815980.9,06-FEB-2024,1237,INE670X01014,
LATENTVIEW,EQ,491.0,528.7,484.4,523.95,525.0,490.2,7507389,3895385435.05,06-FEB-2024,149893,INE0I7C01011,
LATTEYS,EQ,22.55,22.55,20.75,20.75,20.75,21.85,1047420,22061642.1,06-FEB-2024,2062,INE262Z01023,
LAURUSLABS,EQ,387.15,399.9,386.8,398.65,399.9,386.8,1418481,562596974.4,06-FEB-2024,29630,INE947Q01028,
LAXMICOT,EQ,30.3,30.3,29.15,29.85,30.25,29.4,36281,1084058.0,06-FEB-2024,287,INE801V01019,
LAXMIMACH,EQ,13805.65,14120.0,13788.8,13919.8,13950.0,13736.95,5364,74715224.5,06-FEB-2024,1882,INE269B01029,
LCCINFOTEC,BE,3.0,3.15,2.9,3.1,3.15,3.0,466565,1434098.45,06-FEB-2024,514,INE938A01021,
LEMONTREE,EQ,140.85,145.0,140.8,142.95,143.25,139.85,6098828,871318671.3,06-FEB-2024,48538,INE970X01018,
LEXUS,EQ,41.9,41.9,39.3,41.15,41.05,40.55,111743,4576992.35,06-FEB-2024,672,INE500X01013,
LFIC,EQ,210.0,231.95,208.15,215.9,215.5,210.6,66308,14686629.7,06-FEB-2024,3650,INE850E01012,
LGBBROSLTD,EQ,1262.75,1275.0,1250.05,1260.1,1255.0,1257.75,27317,34459837.65,06-FEB-2024,5981,INE337A01034,
LGBFORGE,EQ,13.75,13.9,13.4,13.9,13.9,13.25,1239503,17007842.0,06-FEB-2024,2544,INE201J01017,
LGHL,EQ,189.95,190.0,181.0,181.0,181.0,190.0,150,27600.1,06-FEB-2024,14,INE258Y01016,
LIBAS,EQ,21.8,25.7,21.65,24.4,24.7,21.95,2110917,51032693.65,06-FEB-2024,4542,INE908V01012,
LIBERTSHOE,BE,322.9,339.0,321.5,337.85,339.0,322.9,41227,13649980.15,06-FEB-2024,641,INE557B01019,
LICHSGFIN,EQ,646.3,650.65,634.5,648.5,648.0,640.4,2829812,1820750130.45,06-FEB-2024,67637,INE115A01026,
LICI,EQ,1014.05,1033.0,990.25,1025.85,1022.65,998.85,7368232,7463810643.9,06-FEB-2024,158065,INE0J1Y01017,
LICMFGOLD,EQ,5692.85,5720.4,5683.1,5702.0,5702.0,5703.05,708,4034975.95,06-FEB-2024,147,INF397L01554,
LICNETFGSC,EQ,25.45,25.45,24.42,24.89,24.9,24.91,36980,919721.07,06-FEB-2024,227,INF767K01MV5,
LICNETFN50,EQ,236.22,238.0,235.81,237.68,237.0,235.96,323,76547.96,06-FEB-2024,45,INF767K01OS7,
LICNETFSEN,EQ,790.07,797.01,779.3,789.17,795.0,770.8,1156,913166.58,06-FEB-2024,130,INF767K01OT5,
LICNFNHGP,EQ,245.1,245.1,232.66,236.66,240.35,239.16,4791,1134398.03,06-FEB-2024,195,INF767K01PC8,
LIKHITHA,EQ,259.6,273.9,255.85,272.1,273.8,258.85,277672,74015952.9,06-FEB-2024,13654,INE060901027,
LINC,EQ,620.0,620.0,610.15,616.95,617.2,619.65,8057,4958758.4,06-FEB-2024,1287,INE802B01019,
LINCOLN,EQ,635.05,665.0,635.05,658.7,659.9,633.45,50448,32826958.25,06-FEB-2024,6000,INE405C01035,
LINDEINDIA,EQ,5700.0,5725.0,5561.4,5705.85,5700.0,5575.15,99244,564000516.1,06-FEB-2024,10536,INE473A01011,
LIQUID,EQ,999.99,1000.0,999.99,999.99,1000.0,999.99,103264,103263717.78,06-FEB-2024,111,INF769K01KS1,
LIQUIDBEES,EQ,1000.0,1000.01,999.0,999.99,1000.01,1000.0,3040371,3040366382.47,06-FEB-2024,9391,INF732E01037,
LIQUIDCASE,EQ,100.44,100.46,100.44,100.45,100.45,100.43,640853,64376153.88,06-FEB-2024,455,INF0R8F01034,
LIQUIDETF,EQ,1000.0,1000.01,999.99,1000.0,999.99,999.99,309336,309336016.23,06-FEB-2024,572,INF740KA1EU7,
LIQUIDIETF,EQ,1000.0,1000.01,999.99,999.99,999.99,999.99,1650038,1650037570.49,06-FEB-2024,544,INF109KC1KT9,
LIQUIDSBI,EQ,999.99,1000.0,999.99,999.99,999.99,999.99,25552,25551751.04,06-FEB-2024,16,INF200KA13Z8,
LLOYDSENGG,EQ,48.9,52.85,48.35,52.85,52.85,48.05,11060077,571218456.35,06-FEB-2024,17703,INE093R01011,
LLOYDSME,EQ,554.6,574.95,546.3,570.5,570.9,550.8,259337,146619529.5,06-FEB-2024,14795,INE281B01032,
LODHA,EQ,1134.9,1135.15,1095.3,1111.3,1108.45,1137.25,319201,353753477.4,06-FEB-2024,25700,INE670K01029,
LOKESHMACH,EQ,377.0,383.95,368.05,379.8,381.0,375.0,73309,27635776.65,06-FEB-2024,5424,INE397H01017,
LORDSCHLO,EQ,138.5,140.4,135.55,139.95,140.4,137.8,22795,3152327.9,06-FEB-2024,1075,INE846D01012,
LOTUSEYE,EQ,80.0,80.0,76.7,77.1,77.5,78.65,48435,3744432.55,06-FEB-2024,693,INE947I01017,
LOVABLE,EQ,147.6,152.55,146.0,147.1,147.5,146.75,44263,6574044.25,06-FEB-2024,1350,INE597L01014,
LOWVOL,EQ,177.83,179.2,177.61,178.96,179.2,177.83,485,86414.45,06-FEB-2024,19,INF769K01JU9,
LOWVOLIETF,EQ,196.95,196.95,187.16,192.83,193.0,191.22,585044,112737658.49,06-FEB-2024,878,INF109KB10T8,
LOYALTEX,EQ,678.5,699.9,659.9,686.55,688.3,685.35,900,612375.0,06-FEB-2024,183,INE970D01010,
LPDC,EQ,10.3,10.3,9.95,10.1,10.15,10.05,89886,903731.7,06-FEB-2024,570,INE197J01017,
LT,EQ,3346.0,3427.75,3337.55,3424.25,3419.0,3341.75,2545192,8649919158.85,06-FEB-2024,187126,INE018A01030,
LTFOODS,EQ,187.0,188.4,177.5,181.7,182.9,183.65,1762024,322671276.5,06-FEB-2024,33093,INE818H01020,
LTGILTBEES,EQ,25.19,25.21,25.14,25.18,25.19,25.18,2800972,70576558.72,06-FEB-2024,685,INF204KB1882,
LTIM,EQ,5430.5,5506.85,5391.35,5470.3,5481.0,5438.45,836565,4555001436.95,06-FEB-2024,52732,INE214T01019,
LTTS,EQ,5460.0,5593.05,5448.0,5580.3,5580.95,5461.25,120096,667355056.9,06-FEB-2024,15011,INE010V01017,
LUMAXIND,EQ,2465.0,2509.9,2433.05,2484.9,2494.7,2456.85,4073,10110108.0,06-FEB-2024,1191,INE162B01018,
LUMAXTECH,EQ,396.15,404.5,392.3,398.7,398.5,397.45,110356,43868075.1,06-FEB-2024,4772,INE872H01027,
LUPIN,EQ,1581.0,1588.65,1564.0,1580.15,1576.6,1573.15,1040818,1645347497.9,06-FEB-2024,62329,INE326A01037,
LUXIND,EQ,1210.0,1211.95,1185.65,1190.5,1192.0,1211.8,86953,103978188.15,06-FEB-2024,9660,INE150G01020,
LXCHEM,EQ,262.0,266.95,261.8,263.95,264.5,260.65,613451,162536019.0,06-FEB-2024,20607,INE576O01020,
LYKALABS,EQ,121.5,128.9,121.5,128.9,128.9,122.8,193736,24783104.35,06-FEB-2024,1742,INE933A01014,
LYPSAGEMS,EQ,6.7,6.7,6.3,6.35,6.35,6.6,278772,1779424.75,06-FEB-2024,500,INE142K01011,
M&M,EQ,1710.95,1730.0,1706.0,1727.65,1728.0,1703.55,2219874,3824598913.1,06-FEB-2024,126701,INE101A01026,
M&MFIN,EQ,286.7,293.0,284.65,291.75,291.9,286.7,3175052,923191202.55,06-FEB-2024,24400,INE774D01024,
MAANALU,EQ,138.95,143.6,136.8,143.6,143.6,136.8,88547,12598144.25,06-FEB-2024,724,INE215I01027,
MACPOWER,BE,1000.75,1000.75,1000.75,1000.75,1000.75,981.15,5969,5973476.75,06-FEB-2024,101,INE155Z01011,
MADHAV,BE,66.8,67.0,64.4,66.55,66.95,66.8,11351,746844.3,06-FEB-2024,114,INE925C01016,
MADHUCON,BE,11.2,11.2,10.95,10.95,10.95,11.15,76436,850153.4,06-FEB-2024,88,INE378D01032,
MADRASFERT,EQ,104.4,108.5,103.7,107.2,106.8,104.05,870557,92434691.5,06-FEB-2024,9836,INE414A01015,
MAFANG,EQ,79.25,79.55,78.8,79.01,79.0,78.58,787277,62351541.88,06-FEB-2024,5012,INF769K01HF4,
MAGADSUGAR,EQ,644.0,664.0,640.6,651.25,653.6,642.75,23595,15394963.9,06-FEB-2024,2546,INE347W01011,
MAGNUM,EQ,69.5,71.9,65.75,66.25,65.75,69.2,249778,17105191.3,06-FEB-2024,2317,INE387I01016,
MAHABANK,EQ,60.9,64.4,60.0,61.75,61.9,60.05,90067124,5594037388.15,06-FEB-2024,128272,INE457A01014,
MAHAPEXLTD,EQ,153.85,158.4,147.0,151.1,150.1,151.6,35004,5360626.05,06-FEB-2024,2380,INE843B01013,
MAHASTEEL,EQ,131.4,139.0,129.4,137.75,137.95,133.55,253623,34242651.9,06-FEB-2024,4185,INE451L01014,
MAHEPC,EQ,141.9,143.5,136.3,139.15,139.8,140.95,153489,21596094.3,06-FEB-2024,4114,INE215D01010,
MAHESHWARI,EQ,77.5,78.0,76.7,76.95,76.85,76.9,25487,1967323.6,06-FEB-2024,259,INE263W01010,
MAHKTECH,EQ,12.56,12.88,12.56,12.84,12.79,12.49,2471775,31610338.93,06-FEB-2024,3239,INF769K01HS7,
MAHLIFE,EQ,603.0,616.0,591.55,597.55,596.0,603.3,495648,300691905.55,06-FEB-2024,29015,INE813A01018,
MAHLOG,EQ,399.8,411.2,398.5,406.1,405.4,399.8,265351,106972874.45,06-FEB-2024,18932,INE766P01016,
MAHSCOOTER,EQ,7699.0,7767.45,7600.0,7606.75,7600.65,7660.1,6285,47971579.2,06-FEB-2024,2087,INE288A01013,
MAHSEAMLES,EQ,978.0,1030.0,975.0,1027.55,1024.1,978.05,258228,260422527.65,06-FEB-2024,17000,INE271B01025,
MAITHANALL,EQ,1084.8,1124.9,1084.8,1121.25,1123.3,1084.8,80141,89079168.35,06-FEB-2024,7977,INE683C01011,
MAKEINDIA,EQ,116.1,116.96,115.32,116.86,116.94,115.26,21855,2543142.78,06-FEB-2024,437,INF769K01IB1,
MALLCOM,EQ,1032.15,1100.0,1029.2,1072.5,1075.0,1032.1,12460,13270340.25,06-FEB-2024,1315,INE389C01015,
MALUPAPER,BE,57.15,57.3,57.15,57.15,57.15,60.15,58488,3342870.45,06-FEB-2024,355,INE383H01017,
MANAKALUCO,BE,40.35,41.4,38.2,38.2,38.2,40.2,187627,7377663.55,06-FEB-2024,1039,INE859Q01017,
MANAKCOAT,EQ,35.45,37.2,35.45,35.65,35.8,35.1,72943,2628135.65,06-FEB-2024,605,INE830Q01018,
MANAKSIA,EQ,130.7,135.0,129.05,133.7,134.25,130.55,334308,43967166.8,06-FEB-2024,6172,INE015D01022,
MANAKSTEEL,BE,96.85,96.85,92.55,94.25,94.95,93.05,138229,13040366.25,06-FEB-2024,1157,INE824Q01011,
MANALIPETC,EQ,82.8,83.95,80.55,82.6,82.3,81.75,2083009,171755668.75,06-FEB-2024,10545,INE201A01024,
MANAPPURAM,EQ,182.55,188.45,182.1,186.6,186.05,180.9,9463179,1758018602.4,06-FEB-2024,42818,INE522D01027,
MANGALAM,EQ,109.15,120.0,108.75,116.8,116.9,107.65,1291201,150003447.7,06-FEB-2024,8842,INE584F01014,
MANGCHEFER,EQ,125.0,126.2,121.15,121.9,122.05,124.8,862550,105915625.6,06-FEB-2024,8798,INE558B01017,
MANGLMCEM,EQ,634.95,666.0,625.0,658.2,659.0,634.35,112598,73115858.4,06-FEB-2024,22812,INE347A01017,
MANINDS,EQ,450.0,450.0,430.0,433.2,433.5,451.5,431812,189183223.35,06-FEB-2024,8339,INE993A01026,
MANINFRA,EQ,238.0,241.1,231.1,235.25,237.6,233.05,1220333,288733094.15,06-FEB-2024,20421,INE949H01023,
MANKIND,EQ,2050.0,2108.0,2035.6,2096.8,2097.0,2057.45,667898,1385832128.6,06-FEB-2024,21859,INE634S01028,
MANOMAY,BE,183.6,187.0,181.7,185.5,185.5,183.6,4871,897566.35,06-FEB-2024,68,INE784W01015,
MANORAMA,EQ,1910.85,1930.0,1890.0,1896.15,1897.8,1908.75,8116,15454563.0,06-FEB-2024,1550,INE00VM01010,
MANORG,EQ,381.95,381.95,374.2,375.6,375.2,377.75,7210,2721288.45,06-FEB-2024,832,INE370D01013,
MANUGRAPH,EQ,28.25,33.45,27.95,33.2,33.45,27.9,1043735,32969028.8,06-FEB-2024,3540,INE867A01022,
MANYAVAR,EQ,961.9,984.9,948.8,961.5,967.0,953.65,631813,610518657.3,06-FEB-2024,43851,INE825V01034,
MAPMYINDIA,EQ,1810.0,1878.0,1794.05,1864.95,1860.0,1802.05,190099,352701466.85,06-FEB-2024,26440,INE0BV301023,
MARALOVER,EQ,91.45,92.15,86.1,87.1,88.5,89.0,112323,9949664.65,06-FEB-2024,2142,INE882A01013,
MARATHON,EQ,398.95,417.35,395.75,413.4,414.85,399.1,62216,25356869.3,06-FEB-2024,4364,INE182D01020,
MARICO,EQ,525.0,527.95,519.2,520.8,524.2,523.2,971957,508340636.95,06-FEB-2024,28926,INE196A01026,
MARINE,EQ,120.9,122.7,116.5,117.85,118.0,118.1,329815,39363058.05,06-FEB-2024,2879,INE01JE01028,
MARKSANS,EQ,149.35,154.6,149.35,153.2,153.35,149.3,915356,140366804.35,06-FEB-2024,17306,INE750C01026,
MARSHALL,EQ,39.6,41.8,39.6,40.2,40.0,39.45,378267,15243785.05,06-FEB-2024,1071,INE00SZ01018,
MARUTI,EQ,10499.95,10856.75,10458.0,10844.85,10830.0,10428.55,829040,8903833889.6,06-FEB-2024,101664,INE585B01010,
MASFIN,EQ,1028.95,1046.1,995.0,1003.45,1002.4,1020.85,134915,137383313.85,06-FEB-2024,17094,INE348L01012,
MASPTOP50,EQ,37.08,37.28,36.85,37.07,37.05,36.86,84592,3136920.78,06-FEB-2024,746,INF769K01HP3,
MASTEK,EQ,2895.0,2991.35,2895.0,2962.1,2970.0,2894.6,114328,339306163.65,06-FEB-2024,15248,INE759A01021,
MATRIMONY,EQ,542.0,554.05,532.2,534.6,532.2,539.85,29822,16103791.2,06-FEB-2024,2027,INE866R01028,
MAWANASUG,EQ,102.15,103.0,99.1,99.9,100.85,100.65,274113,27678062.4,06-FEB-2024,3525,INE636A01039,
MAXESTATES,EQ,293.25,299.0,290.8,297.15,299.0,290.9,45802,13565037.55,06-FEB-2024,4418,INE03EI01018,
MAXHEALTH,EQ,794.0,828.1,790.25,821.4,824.0,789.55,1817434,1470769072.45,06-FEB-2024,69728,INE027H01010,
MAXIND,BE,208.0,211.0,203.5,209.25,210.0,208.65,30009,6238985.65,06-FEB-2024,530,INE0CG601016,
MAYURUNIQ,EQ,549.1,565.0,543.0,559.55,562.0,547.0,109732,60692807.05,06-FEB-2024,13079,INE040D01038,
MAZDA,EQ,1493.05,1534.85,1480.05,1492.3,1525.0,1504.2,15204,22807648.8,06-FEB-2024,2343,INE885E01034,
MAZDOCK,EQ,2099.0,2166.9,2095.0,2152.0,2154.0,2097.8,702994,1504420240.1,06-FEB-2024,48802,INE249Z01012,
MBAPL,EQ,260.0,265.95,258.0,260.3,260.0,262.45,24602,6455860.0,06-FEB-2024,1062,INE900L01010,
MBECL,BE,6.55,6.55,6.55,6.55,6.55,6.45,283343,1855896.65,06-FEB-2024,76,INE748A01016,
MBLINFRA,BE,57.0,57.0,56.8,56.8,56.8,57.95,44735,2546024.4,06-FEB-2024,111,INE912H01013,
MCDOWELL-N,EQ,1074.0,1076.95,1054.7,1072.0,1076.45,1062.9,778083,830648135.2,06-FEB-2024,53375,INE854D01024,
MCL,BE,40.95,40.95,39.55,40.55,40.5,39.25,50791,2056682.05,06-FEB-2024,291,INE813V01022,
MCLEODRUSS,EQ,27.55,28.15,27.15,27.6,27.75,27.95,452045,12445659.8,06-FEB-2024,1288,INE942G01012,
MCX,EQ,3878.0,3878.0,3721.0,3809.3,3808.9,3850.05,766442,2915470525.8,06-FEB-2024,56226,INE745G01035,
MEDANTA,EQ,1218.0,1272.0,1215.0,1234.9,1230.85,1214.1,693169,865445116.5,06-FEB-2024,63587,INE474Q01031,
MEDIASSIST,EQ,545.0,559.75,516.5,524.1,521.0,525.25,1007735,544130512.75,06-FEB-2024,43406,INE456Z01021,
MEDICAMEQ,EQ,518.55,525.2,508.0,510.5,511.25,516.85,16719,8609472.05,06-FEB-2024,1902,INE646B01010,
MEDICO,EQ,83.75,85.0,80.3,83.25,82.8,83.3,1249590,103134514.7,06-FEB-2024,2035,INE630Y01024,
MEDPLUS,EQ,683.0,699.2,664.8,670.05,670.0,679.15,461627,313454059.7,06-FEB-2024,25530,INE804L01022,
MEGASOFT,BE,67.95,67.95,67.95,67.95,67.95,64.75,87563,5949905.85,06-FEB-2024,211,INE933B01012,
MEGASTAR,EQ,346.15,356.4,346.15,350.6,353.0,350.1,8060,2824606.8,06-FEB-2024,748,INE00EM01016,
MENONBE,EQ,147.9,148.25,144.3,145.8,146.0,146.25,142757,20861696.4,06-FEB-2024,4234,INE071D01033,
MEP,EQ,16.25,16.8,15.65,16.8,16.8,16.0,1840599,30539444.55,06-FEB-2024,1340,INE776I01010,
METROBRAND,EQ,1057.9,1057.9,1021.5,1039.1,1040.0,1049.5,195214,203027543.95,06-FEB-2024,37971,INE317I01021,
METROPOLIS,EQ,1670.0,1812.8,1667.0,1744.35,1746.2,1666.8,1673724,2943090837.5,06-FEB-2024,98451,INE112L01020,
MFSL,EQ,875.55,918.0,861.75,913.0,915.0,871.2,1839099,1665826004.35,06-FEB-2024,67256,INE180A01020,
MGEL,EQ,20.6,21.4,20.2,21.15,21.4,20.7,312455,6540885.65,06-FEB-2024,895,INE0APB01024,
MGL,EQ,1468.55,1539.9,1468.55,1533.95,1539.3,1467.95,621305,938411664.3,06-FEB-2024,41648,INE002S01010,
MHLXMIRU,BE,264.05,288.5,264.05,281.6,280.0,277.5,1216,342336.8,06-FEB-2024,42,INE112D01035,
MHRIL,EQ,433.0,444.8,428.55,435.15,430.0,434.5,314767,137674593.15,06-FEB-2024,19048,INE998I01010,
MICEL,EQ,42.35,42.7,38.7,39.05,38.95,40.7,1404508,56483670.2,06-FEB-2024,8957,INE287C01037,
MID150BEES,EQ,188.85,188.85,177.85,185.38,185.53,183.36,239952,44288078.68,06-FEB-2024,3244,INF204KB1V68,
MIDCAPETF,EQ,18.24,18.27,18.01,18.24,18.27,18.05,553583,10060967.66,06-FEB-2024,2911,INF769K01IC9,
MIDCAPIETF,EQ,183.87,185.0,182.71,184.53,184.0,182.71,33732,6215251.6,06-FEB-2024,837,INF109KC1G82,
MIDHANI,EQ,518.6,525.0,479.9,485.3,480.0,513.5,2281868,1140293962.9,06-FEB-2024,45637,INE099Z01011,
MIDSELIETF,EQ,147.5,147.5,143.11,144.36,144.95,143.18,5526,794442.61,06-FEB-2024,180,INF109KB1XT3,
MINDACORP,EQ,411.15,415.75,404.3,414.4,412.9,409.1,449014,183999075.05,06-FEB-2024,14023,INE842C01021,
MINDTECK,EQ,235.9,243.4,235.85,238.75,239.0,233.1,55582,13321222.7,06-FEB-2024,4394,INE110B01017,
MIRCELECTR,EQ,27.45,30.2,25.3,29.8,29.7,26.8,11876103,337587778.95,06-FEB-2024,20452,INE831A01028,
MIRZAINT,BE,53.5,53.5,51.3,51.3,51.3,54.0,268323,13777977.85,06-FEB-2024,1888,INE771A01026,
MITCON,BE,151.0,153.0,144.1,145.6,144.4,151.65,28333,4160581.65,06-FEB-2024,312,INE828O01033,
MITTAL,EQ,2.3,2.35,2.2,2.25,2.25,2.3,11709135,26716788.3,06-FEB-2024,2822,INE997Y01027,
MKPL,BE,49.0,49.75,48.7,48.7,48.7,51.25,322191,15704906.15,06-FEB-2024,1599,INE964W01021,
MMFL,EQ,920.0,923.0,909.0,913.7,915.95,919.0,38131,34938487.4,06-FEB-2024,3432,INE227C01017,
MMP,EQ,262.95,275.95,256.85,260.45,258.95,262.65,87180,23239804.85,06-FEB-2024,4480,INE511Y01018,
MMTC,EQ,96.0,100.7,93.65,98.7,98.9,92.2,24901957,2426609829.2,06-FEB-2024,110127,INE123F01029,
MODIRUBBER,BE,97.0,97.1,93.0,97.1,97.1,92.5,18286,1760440.6,06-FEB-2024,189,INE832A01018,
MODISONLTD,EQ,138.55,144.0,135.6,137.55,137.0,139.9,169186,23482415.7,06-FEB-2024,2715,INE737D01021,
MOGSEC,EQ,54.42,54.55,54.4,54.52,54.55,54.49,14090,767050.01,06-FEB-2024,47,INF247L01AK4,
MOHEALTH,EQ,34.95,34.98,34.11,34.8,34.75,34.58,19241,666378.33,06-FEB-2024,273,INF247L01BB1,
MOHITIND,EQ,22.8,22.9,22.25,22.55,22.8,22.8,37287,841808.6,06-FEB-2024,176,INE954E01012,
MOIL,EQ,341.35,352.85,335.0,348.1,348.0,340.1,1927923,663896345.05,06-FEB-2024,33973,INE490G01020,
MOKSH,EQ,21.5,21.5,20.3,20.9,21.0,20.6,1019925,21349712.0,06-FEB-2024,2687,INE514Y01020,
MOL,EQ,86.15,87.25,85.05,85.8,85.7,86.2,1234695,105957124.5,06-FEB-2024,8050,INE0CT101020,
MOLDTECH,EQ,274.05,274.2,265.05,269.9,271.5,272.7,114559,30814701.1,06-FEB-2024,7393,INE835B01035,
MOLDTKPAC,EQ,869.5,872.9,862.15,870.15,871.0,869.5,58545,50768064.7,06-FEB-2024,4588,INE893J01029,
MOLOWVOL,EQ,33.83,34.95,33.59,34.54,34.95,33.46,41575,1427609.28,06-FEB-2024,267,INF247L01BL0,
MOM100,EQ,52.5,52.5,51.06,52.14,52.0,51.63,201959,10494814.09,06-FEB-2024,2473,INF247L01023,
MOM30IETF,EQ,29.98,29.98,29.5,29.86,29.89,29.63,134809,4014777.07,06-FEB-2024,849,INF109KC17C7,
MOM50,EQ,225.0,225.0,218.3,222.45,222.69,221.9,11640,2582159.16,06-FEB-2024,136,INF247L01536,
MOMENTUM,EQ,29.95,29.98,29.48,29.75,29.8,29.48,67178,1992708.99,06-FEB-2024,408,INF209KB14K7,
MOMOMENTUM,EQ,61.1,61.1,58.99,59.65,59.7,59.3,90655,5392410.62,06-FEB-2024,574,INF247L01BK2,
MON100,EQ,142.95,142.95,141.6,141.83,141.66,141.81,329751,46869860.39,06-FEB-2024,4401,INF247L01AP3,
MONARCH,EQ,603.5,648.45,594.0,636.35,637.0,601.4,825280,513749346.75,06-FEB-2024,19456,INE903D01011,
MONIFTY500,EQ,19.99,20.08,19.8,19.95,19.96,19.87,131331,2620931.28,06-FEB-2024,628,INF247L01BU1,
MONQ50,EQ,58.5,58.5,57.39,58.06,57.86,57.97,38085,2213975.65,06-FEB-2024,429,INF247L01AU3,
MONTECARLO,EQ,690.0,692.95,681.75,686.2,688.9,688.05,25559,17548207.5,06-FEB-2024,2483,INE950M01013,
MOQUALITY,EQ,170.51,176.8,168.3,171.99,172.43,169.56,27446,4667258.13,06-FEB-2024,335,INF247L01BH8,
MORARJEE,BE,27.05,27.25,26.3,26.75,26.75,27.05,54607,1462227.45,06-FEB-2024,238,INE161G01027,
MOREPENLAB,EQ,53.55,56.0,52.8,54.6,54.55,53.2,12683606,692662453.6,06-FEB-2024,26344,INE083A01026,
MOTHERSON,EQ,117.4,119.2,116.3,118.75,118.95,117.05,10048027,1187577856.35,06-FEB-2024,58439,INE775A01035,
MOTILALOFS,EQ,1749.95,1800.0,1734.0,1770.65,1769.0,1753.4,159599,282158298.3,06-FEB-2024,29849,INE338I01027,
MOTISONS,EQ,184.55,186.0,179.05,181.1,181.3,183.6,1410821,255438913.35,06-FEB-2024,7471,INE0FRK01012,
MOTOGENFIN,BE,43.5,43.5,42.0,42.6,42.8,42.95,6366,269754.65,06-FEB-2024,62,INE861B01023,
MOVALUE,EQ,93.49,94.7,90.19,93.22,93.0,93.81,218693,20118891.98,06-FEB-2024,3388,INF247L01BE5,
MPHASIS,EQ,2498.0,2592.4,2472.0,2578.65,2580.0,2500.65,885293,2269906511.85,06-FEB-2024,54745,INE356A01018,
MPSLTD,EQ,1490.05,1530.9,1480.0,1518.55,1519.95,1489.7,11610,17529145.0,06-FEB-2024,2051,INE943D01017,
MRF,EQ,142245.0,143600.0,141761.1,143387.7,143399.55,141645.75,8245,1179047647.05,06-FEB-2024,6489,INE883A01011,
MRO-TEK,EQ,69.95,82.85,69.3,82.85,82.85,69.05,981927,77083414.6,06-FEB-2024,4512,INE398B01018,
MRPL,EQ,198.25,198.85,187.85,194.1,195.4,197.0,6303984,1216100648.85,06-FEB-2024,59827,INE103A01014,
MSPL,BE,30.2,30.2,30.1,30.1,30.1,30.7,1418269,42718563.3,06-FEB-2024,482,INE752G01015,
MSTCLTD,EQ,1077.0,1105.0,1023.05,1092.2,1081.0,1045.4,767460,824198195.1,06-FEB-2024,26806,INE255X01014,
MSUMI,EQ,72.5,74.8,71.7,72.9,73.0,70.95,23309947,1705157050.1,06-FEB-2024,82558,INE0FS801015,
MTARTECH,EQ,2010.0,2017.55,1975.75,1978.6,1980.0,2009.0,211804,420513881.75,06-FEB-2024,31847,INE864I01014,
MTEDUCARE,BE,4.2,4.2,4.0,4.05,4.05,4.1,31829,128947.5,06-FEB-2024,90,INE472M01018,
MTNL,EQ,49.9,50.8,47.2,47.5,47.65,49.4,10398045,505151038.6,06-FEB-2024,23480,INE153A01019,
MUFIN,EQ,264.0,264.0,241.7,256.7,257.0,254.4,349720,87730454.1,06-FEB-2024,5381,INE08KJ01020,
MUFTI,EQ,261.25,262.4,253.2,253.9,254.25,260.5,300596,76729336.7,06-FEB-2024,10923,INE220Q01020,
MUKANDLTD,EQ,197.0,201.0,192.8,194.2,193.5,198.6,274738,53760033.4,06-FEB-2024,10123,INE304A01026,
MUKTAARTS,BE,82.65,83.9,82.65,83.85,83.85,82.6,4704,392007.05,06-FEB-2024,40,INE374B01019,
MUNJALAU,EQ,100.5,102.45,100.0,101.05,101.6,100.15,176986,17872223.55,06-FEB-2024,2259,INE672B01032,
MUNJALSHOW,EQ,189.8,196.85,185.0,193.05,196.5,189.8,184412,35009565.8,06-FEB-2024,7465,INE577A01027,
MURUDCERA,BE,51.6,51.6,51.0,51.25,51.25,52.0,43478,2226212.65,06-FEB-2024,179,INE692B01014,
MUTHOOTCAP,EQ,327.0,330.0,323.15,325.9,326.65,325.7,24719,8064708.8,06-FEB-2024,1767,INE296G01013,
MUTHOOTFIN,EQ,1367.0,1392.0,1352.0,1390.5,1386.0,1364.4,384002,528381657.35,06-FEB-2024,48838,INE414G01012,
MUTHOOTMF,EQ,247.9,247.9,242.05,244.5,244.45,243.6,308188,75374014.7,06-FEB-2024,9489,INE046W01019,
MVGJL,EQ,319.4,320.2,311.0,316.25,313.4,317.3,82745,26064217.3,06-FEB-2024,5436,INE0KNT01012,
NACLIND,EQ,74.7,74.95,73.7,73.95,73.85,74.25,135779,10050707.65,06-FEB-2024,1254,INE295D01020,
NAGAFERT,EQ,14.1,14.45,13.8,14.2,14.2,14.0,2697693,38199952.55,06-FEB-2024,3561,INE454M01024,
NAGREEKCAP,BE,19.1,19.65,18.25,19.65,19.65,18.75,17437,338682.4,06-FEB-2024,68,INE245I01016,
NAGREEKEXP,BE,39.05,39.05,39.05,39.05,39.05,39.85,1997,77982.85,06-FEB-2024,26,INE123B01028,
NAHARCAP,EQ,328.0,329.95,322.2,323.7,322.5,321.7,8413,2748872.4,06-FEB-2024,804,INE049I01012,
NAHARINDUS,EQ,132.85,136.4,132.85,134.95,135.85,133.55,26817,3615924.4,06-FEB-2024,1032,INE289A01011,
NAHARPOLY,EQ,226.05,230.5,221.5,222.45,222.0,227.25,124938,28058445.5,06-FEB-2024,4081,INE308A01027,
NAHARSPING,EQ,323.95,325.0,310.6,318.35,319.9,321.95,176571,55737632.25,06-FEB-2024,11154,INE290A01027,
NAM-INDIA,EQ,493.8,507.5,489.1,504.5,504.0,490.4,764778,381689782.6,06-FEB-2024,25330,INE298J01013,
NARMADA,BE,31.7,31.7,29.0,30.3,30.7,30.2,126381,3886503.85,06-FEB-2024,417,INE117Z01011,
NATCOPHARM,EQ,872.0,879.0,863.8,864.8,865.75,869.3,408118,354623871.7,06-FEB-2024,30849,INE987B01026,
NATHBIOGEN,EQ,211.6,216.0,209.7,213.9,211.6,210.7,75322,16063335.05,06-FEB-2024,2563,INE448G01010,
NATIONALUM,EQ,156.7,163.8,154.15,162.75,163.7,155.75,46564944,7398077755.5,06-FEB-2024,116854,INE139A01034,
NAUKRI,EQ,5225.0,5370.0,5178.25,5355.75,5353.0,5183.45,429105,2277533593.95,06-FEB-2024,54188,INE663F01024,
NAVA,EQ,512.0,515.95,502.65,505.2,508.0,506.0,487714,247587707.05,06-FEB-2024,19976,INE725A01022,
NAVINFLUOR,EQ,3221.2,3295.0,3203.0,3261.5,3264.6,3235.15,208032,677295884.0,06-FEB-2024,27698,INE048G01026,
NAVINIFTY,EQ,218.62,219.43,216.51,217.66,216.51,218.09,1668,365030.27,06-FEB-2024,41,INF959L01HI3,
NAVKARCORP,EQ,113.95,117.1,112.15,116.0,117.1,113.35,2972991,341366737.15,06-FEB-2024,9891,INE278M01019,
NAVNETEDUL,EQ,158.25,161.0,156.0,157.3,157.9,157.6,311815,49326517.95,06-FEB-2024,10330,INE060A01024,
NAZARA,EQ,839.95,881.8,837.1,866.55,873.95,836.45,399981,346477547.65,06-FEB-2024,28353,INE418L01021,
NBCC,EQ,167.7,167.7,151.15,157.45,157.45,166.1,49106787,7722434971.85,06-FEB-2024,332399,INE095N01031,
NBIFIN,EQ,1975.95,1976.3,1872.0,1888.0,1879.0,1900.0,249,472954.5,06-FEB-2024,146,INE365I01020,
NCC,EQ,218.0,220.8,216.0,219.3,219.0,216.8,4557369,997299842.1,06-FEB-2024,36203,INE868B01028,
NCLIND,EQ,242.7,246.8,241.2,245.35,246.8,241.15,225314,54997200.95,06-FEB-2024,6905,INE732C01016,
NDGL,BE,2675.0,2699.0,2670.0,2699.0,2699.0,2646.1,176,471335.0,06-FEB-2024,32,INE756C01015,
NDL,EQ,34.1,35.6,34.1,35.6,35.6,33.95,894081,31532988.95,06-FEB-2024,3539,INE875G01030,
NDLVENTURE,EQ,115.2,123.4,115.2,119.1,119.05,117.2,22369,2661847.6,06-FEB-2024,365,INE353A01023,
NDRAUTO,BE,817.0,818.1,785.0,798.85,799.25,782.85,6140,4926969.0,06-FEB-2024,391,INE07OG01012,
NDTV,EQ,262.9,270.75,258.45,267.4,268.0,260.85,608513,162518748.2,06-FEB-2024,14828,INE155G01029,
NECCLTD,BE,35.4,35.7,32.55,33.0,33.0,34.25,608793,20459981.3,06-FEB-2024,2572,INE553C01016,
NECLIFE,EQ,36.8,38.2,36.35,37.65,37.6,36.75,1734951,64930123.1,06-FEB-2024,6045,INE023H01027,
NELCAST,EQ,161.0,161.0,156.75,157.75,159.0,158.75,115187,18213590.6,06-FEB-2024,3820,INE189I01024,
NELCO,EQ,781.0,794.0,772.35,789.75,788.25,776.1,91958,71885693.05,06-FEB-2024,7164,INE045B01015,
NEOGEN,EQ,1394.9,1412.05,1389.25,1404.8,1396.0,1399.45,17870,24989927.45,06-FEB-2024,4647,INE136S01016,
NESCO,EQ,866.35,879.4,866.35,874.0,873.55,862.3,65456,57213744.25,06-FEB-2024,11482,INE317F01035,
NESTLEIND,EQ,2462.35,2477.95,2445.75,2456.65,2456.0,2462.7,770183,1890551102.85,06-FEB-2024,82972,INE239A01024,
NETF,EQ,234.79,234.79,228.51,231.03,231.96,231.99,2722,629252.56,06-FEB-2024,154,INF277K015R5,
NETWEB,BE,1380.0,1437.0,1351.1,1421.7,1424.0,1375.35,83519,115828900.35,06-FEB-2024,2262,INE0NT901020,
NETWORK18,BE,114.45,117.7,112.0,113.7,113.0,114.4,626137,71512386.9,06-FEB-2024,4259,INE870H01013,
NEULANDLAB,EQ,6239.85,6421.0,6219.9,6329.3,6339.0,6206.05,24938,157164571.25,06-FEB-2024,9226,INE794A01010,
NEWGEN,BE,808.7,849.0,790.05,841.65,839.9,808.7,255556,211980475.2,06-FEB-2024,19182,INE619B01017,
NEXT50,EQ,565.0,572.46,562.8,571.4,572.46,562.8,600,340449.4,06-FEB-2024,59,INF769K01FN2,
NEXT50IETF,EQ,59.45,59.45,56.0,58.38,58.49,57.74,47146,2737924.5,06-FEB-2024,1233,INF109KC1NS5,
NEXTMEDIA,BE,6.2,6.2,6.15,6.15,6.15,6.25,16684,102612.4,06-FEB-2024,29,INE747B01016,
NFL,EQ,113.15,117.0,112.9,115.0,114.9,112.4,5359163,615299112.85,06-FEB-2024,30637,INE870D01012,
NGIL,EQ,57.9,65.05,57.15,61.9,61.9,57.15,397096,24655993.8,06-FEB-2024,3520,INE236Y01012,
NGLFINE,EQ,1909.4,1920.0,1895.0,1905.2,1919.0,1902.75,1501,2862486.25,06-FEB-2024,501,INE887E01022,
NH,EQ,1376.55,1404.95,1361.0,1365.7,1367.8,1376.55,321201,442430377.5,06-FEB-2024,32865,INE410P01011,
NHPC,EQ,107.05,109.1,100.1,101.25,101.75,103.65,249855866,25687603380.0,06-FEB-2024,815666,INE848E01016,
NIACL,EQ,270.0,289.3,267.2,276.15,274.0,265.65,7621909,2119274967.8,06-FEB-2024,73581,INE470Y01017,
NIBL,BE,39.8,40.0,38.0,38.65,38.95,39.0,14124,543716.4,06-FEB-2024,99,INE047O01014,
NIF100BEES,EQ,231.46,234.0,230.45,232.48,233.9,231.39,8046,1867618.84,06-FEB-2024,265,INF204K014N5,
NIF100IETF,EQ,247.0,247.0,242.25,244.52,244.94,242.98,38413,9343694.57,06-FEB-2024,551,INF109KA1962,
NIF10GETF,EQ,27.19,27.19,24.0,26.8,26.8,27.14,2910,78477.27,06-FEB-2024,37,INF789F1AZF3,
NIF5GETF,EQ,58.8,66.14,58.8,66.14,66.14,62.89,370,24095.06,06-FEB-2024,14,INF789F1AZE6,
NIFITETF,EQ,380.2,432.0,375.3,409.27,432.0,370.93,294,112738.53,06-FEB-2024,39,INF789F1AZD8,
NIFMID150,EQ,179.7,181.19,179.47,180.89,180.9,178.66,5971,1074322.98,06-FEB-2024,39,INF789F1AYX9,
NIFTYBEES,EQ,247.45,247.45,237.65,242.01,242.16,240.24,1690100,408058541.3,06-FEB-2024,24207,INF204KB14I2,
NIFTYBETF,EQ,217.21,219.8,217.21,218.52,218.52,217.21,547,119730.57,06-FEB-2024,31,INF0QA701722,
NIFTYETF,EQ,230.46,231.75,229.64,231.48,231.7,229.63,38383,8847892.07,06-FEB-2024,444,INF769K01EG9,
NIFTYIETF,EQ,233.5,241.24,233.5,240.52,240.0,238.94,331338,79660741.3,06-FEB-2024,5604,INF109K012R6,
NIFTYQLITY,EQ,18.8,19.0,18.77,18.95,18.97,18.76,93689,1773833.24,06-FEB-2024,447,INF209KB15K4,
NIITLTD,EQ,118.35,120.4,115.2,118.8,119.4,117.9,1291934,151479165.25,06-FEB-2024,16439,INE161A01038,
NIITMTS,EQ,439.6,456.0,437.85,452.05,447.8,433.1,192123,86526783.5,06-FEB-2024,15691,INE342G01023,
NILAINFRA,EQ,12.65,12.7,12.55,12.7,12.7,12.1,1015446,12870860.95,06-FEB-2024,738,INE937C01029,
NILASPACES,BE,4.8,4.8,4.65,4.7,4.7,4.65,620625,2918992.05,06-FEB-2024,1188,INE00S901012,
NILKAMAL,EQ,2059.7,2115.0,2038.0,2068.9,2060.0,2053.55,9052,18686510.9,06-FEB-2024,2417,INE310A01015,
NINSYS,EQ,523.4,523.4,491.95,494.8,498.8,499.1,6834,3408809.0,06-FEB-2024,912,INE395U01014,
NIPPOBATRY,EQ,643.75,645.0,620.75,642.75,642.7,642.8,8349,5337484.55,06-FEB-2024,769,INE567A01028,
NIRAJ,EQ,61.9,61.9,57.0,58.85,59.0,61.2,259842,15324229.8,06-FEB-2024,1870,INE368I01016,
NITCO,BE,49.2,49.2,49.2,49.2,49.2,48.25,53402,2627378.4,06-FEB-2024,67,INE858F01012,
NITINSPIN,EQ,344.5,394.6,342.95,389.0,388.0,341.5,1255488,473819947.45,06-FEB-2024,56580,INE229H01012,
NITIRAJ,EQ,178.75,178.85,173.85,178.75,178.85,170.35,39026,6958032.3,06-FEB-2024,354,INE439T01012,
NKIND,BE,68.15,68.15,68.15,68.15,68.15,69.55,354,24125.1,06-FEB-2024,6,INE542C01019,
NLCINDIA,EQ,282.0,289.1,275.05,283.35,284.0,274.85,7463271,2111901304.45,06-FEB-2024,79123,INE589A01014,
NMDC,EQ,242.25,244.5,235.0,243.55,242.95,241.45,19947040,4768385955.0,06-FEB-2024,118658,INE584A01023,
NOCIL,EQ,272.9,273.1,264.6,269.6,270.0,271.8,799294,214719991.2,06-FEB-2024,24591,INE163A01018,
NOIDATOLL,BE,11.2,11.2,11.2,11.2,11.2,11.2,85826,961251.2,06-FEB-2024,59,INE781B01015,
NORBTEAEXP,BE,11.3,11.3,11.3,11.3,11.3,11.35,2158,24385.4,06-FEB-2024,19,INE369C01017,
NOVAAGRI,BE,70.05,70.05,70.05,70.05,70.05,66.75,1819955,127487847.75,06-FEB-2024,2961,INE02H701025,
NPBET,EQ,239.16,239.48,237.0,238.15,239.0,239.48,2120,504259.32,06-FEB-2024,65,INF277K010X4,
NRAIL,EQ,492.25,499.55,479.6,492.8,490.25,492.25,13320,6477008.0,06-FEB-2024,1523,INE740D01017,
NRBBEARING,EQ,365.0,376.95,357.05,360.7,362.0,364.3,310095,114129839.0,06-FEB-2024,18387,INE349A01021,
NRL,EQ,110.9,113.9,110.0,112.0,112.9,110.4,66483,7438412.0,06-FEB-2024,1340,INE0JM501013,
NSIL,EQ,3270.8,3287.9,3215.1,3232.9,3224.3,3254.65,2215,7203762.45,06-FEB-2024,558,INE023A01030,
NSLNISP,EQ,71.15,71.15,66.9,69.35,69.25,70.65,19913120,1367226960.3,06-FEB-2024,44423,INE0NNS01018,
NTPC,EQ,336.0,336.0,329.0,334.2,334.25,336.1,12024661,4004209402.15,06-FEB-2024,122876,INE733E01010,
NUCLEUS,BE,1601.0,1656.1,1567.1,1656.1,1656.1,1577.25,13808,22527115.4,06-FEB-2024,855,INE096B01018,
NURECA,EQ,364.05,366.7,355.0,360.1,361.5,363.65,24031,8677848.5,06-FEB-2024,1888,INE0DSF01015,
NUVAMA,EQ,3234.5,3305.6,3170.7,3224.7,3223.0,3234.9,50521,163031383.2,06-FEB-2024,12423,INE531F01015,
NUVOCO,EQ,356.55,362.8,355.3,357.15,356.3,355.75,210123,75364908.8,06-FEB-2024,11757,INE118D01016,
NV20BEES,EQ,137.69,139.49,137.38,139.12,139.33,137.69,8134,1127908.92,06-FEB-2024,195,INF204KB18I3,
NV20IETF,EQ,138.1,138.1,134.0,135.77,135.1,134.08,65445,8866116.43,06-FEB-2024,1161,INF109KB1WY5,
NYKAA,EQ,163.0,164.2,158.8,160.45,160.5,161.4,5820568,937488040.0,06-FEB-2024,57007,INE388Y01029,
OAL,EQ,384.8,385.0,373.0,381.6,379.0,382.45,8727,3307998.95,06-FEB-2024,904,INE959C01023,
OBCL,EQ,74.75,77.5,71.0,73.15,73.0,74.75,146046,10707493.15,06-FEB-2024,2155,INE426Z01016,
OBEROIRLTY,EQ,1302.0,1335.35,1295.0,1317.45,1321.5,1297.55,960023,1263589649.5,06-FEB-2024,44296,INE093I01010,
OCCL,EQ,762.7,783.7,759.0,761.1,759.6,758.95,21166,16259624.85,06-FEB-2024,3933,INE321D01016,
OFSS,EQ,6698.0,7099.9,6620.0,7034.9,7045.0,6616.6,508020,3529504536.9,06-FEB-2024,55539,INE881D01027,
OIL,EQ,462.0,516.4,446.0,481.0,481.3,459.5,16937801,8232678659.65,06-FEB-2024,249590,INE274J01014,
OILCOUNTUB,BE,49.95,49.95,49.95,49.95,49.95,50.95,6581,328720.95,06-FEB-2024,50,INE591A01010,
OLECTRA,EQ,1851.0,1904.95,1793.8,1896.1,1887.0,1839.65,1682676,3132216454.2,06-FEB-2024,72469,INE260D01016,
OMAXAUTO,EQ,112.65,112.65,112.65,112.65,112.65,107.3,53612,6039391.8,06-FEB-2024,146,INE090B01011,
OMAXE,EQ,105.65,108.05,103.5,105.35,106.0,105.65,335796,35386893.35,06-FEB-2024,2755,INE800H01010,
OMINFRAL,BE,149.5,149.5,142.4,145.8,144.05,142.4,434234,63990104.1,06-FEB-2024,2342,INE239D01028,
ONELIFECAP,BE,17.2,17.35,16.8,17.2,17.2,17.1,45683,774147.2,06-FEB-2024,98,INE912L01015,
ONEPOINT,BE,61.2,64.0,59.1,63.25,63.5,61.15,564357,34763452.95,06-FEB-2024,1974,INE840Y01029,
ONGC,EQ,265.35,273.4,260.2,272.3,272.45,262.95,36708949,9887220146.05,06-FEB-2024,206988,INE213A01029,
ONMOBILE,EQ,109.7,114.4,109.5,111.9,111.5,109.25,1108877,124678212.1,06-FEB-2024,8883,INE809I01019,
ONWARDTEC,EQ,554.5,580.0,552.1,574.65,579.25,555.55,107713,61478332.05,06-FEB-2024,10141,INE229A01017,
OPTIEMUS,EQ,299.8,314.9,296.3,309.05,308.55,298.9,350827,108320019.7,06-FEB-2024,14795,INE350C01017,
ORBTEXP,EQ,203.4,203.9,193.25,195.0,195.65,201.25,153624,30183065.8,06-FEB-2024,6040,INE231G01010,
ORCHPHARMA,EQ,813.0,854.0,813.0,827.15,832.0,812.5,206697,172870581.6,06-FEB-2024,18487,INE191A01027,
ORICONENT,EQ,44.45,46.3,42.7,45.75,45.95,44.15,1137073,50462292.4,06-FEB-2024,5113,INE730A01022,
ORIENTALTL,EQ,9.85,9.85,9.4,9.55,9.6,9.7,154613,1491318.35,06-FEB-2024,880,INE998H01012,
ORIENTBELL,EQ,371.75,371.95,364.05,365.8,367.0,367.6,15622,5731187.1,06-FEB-2024,1077,INE607D01018,
ORIENTCEM,EQ,266.9,280.8,265.85,277.35,277.1,267.0,849975,235029796.0,06-FEB-2024,30561,INE876N01018,
ORIENTCER,EQ,57.8,59.1,56.25,59.1,59.1,56.3,660145,38588705.3,06-FEB-2024,2379,INE569C01020,
ORIENTELEC,EQ,222.05,227.6,217.5,219.6,220.0,219.0,723578,160141310.2,06-FEB-2024,40365,INE142Z01019,
ORIENTHOT,EQ,133.95,135.25,127.9,130.65,131.4,133.35,832210,108565491.75,06-FEB-2024,11690,INE750A01020,
ORIENTLTD,EQ,93.7,94.0,89.6,93.45,93.3,92.15,31757,2936567.75,06-FEB-2024,541,INE609C01024,
ORIENTPPR,EQ,57.0,58.0,56.1,56.6,56.55,56.85,3264711,185938558.15,06-FEB-2024,9792,INE592A01026,
ORISSAMINE,EQ,7075.0,7180.0,7002.05,7081.4,7050.0,7070.2,11104,78656310.0,06-FEB-2024,3329,INE725E01024,
ORTINLAB,EQ,22.1,22.1,20.75,21.25,21.2,21.75,25085,531902.15,06-FEB-2024,341,INE749B01020,
OSIAHYPER,BE,73.0,74.8,72.9,73.6,73.6,72.55,1400072,102969126.55,06-FEB-2024,5754,INE06IR01021,
OSWALAGRO,EQ,46.75,51.85,46.75,51.85,51.85,47.15,309500,15848606.4,06-FEB-2024,1184,INE142A01012,
OSWALGREEN,EQ,39.35,41.4,38.1,39.75,39.95,38.95,1147115,45922453.8,06-FEB-2024,6767,INE143A01010,
OSWALSEEDS,EQ,47.65,48.0,46.4,46.85,47.0,46.95,106217,5006081.0,06-FEB-2024,883,INE00IK01029,
PAGEIND,EQ,36710.1,37006.9,36200.0,36355.2,36448.95,36761.9,11669,426115581.25,06-FEB-2024,6025,INE761H01022,
PAISALO,EQ,126.7,129.75,123.55,125.65,126.0,125.85,3178088,406258737.65,06-FEB-2024,8685,INE420C01059,
PAKKA,EQ,288.7,299.9,281.1,290.15,291.1,293.2,503929,145356192.65,06-FEB-2024,30848,INE551D01018,
PALASHSECU,EQ,123.15,128.0,123.05,124.7,125.2,125.5,5467,685609.0,06-FEB-2024,230,INE471W01019,
PALREDTEC,EQ,211.0,216.3,201.45,203.3,205.5,211.0,88012,18164916.0,06-FEB-2024,3449,INE218G01033,
PANACEABIO,EQ,161.8,164.15,160.35,160.85,161.2,161.8,187486,30324883.3,06-FEB-2024,7188,INE922B01023,
PANACHE,EQ,76.7,76.7,72.1,73.0,73.0,75.8,18248,1334463.15,06-FEB-2024,205,INE895W01019,
PANAMAPET,EQ,315.9,331.0,315.0,325.75,324.65,314.6,333967,107735327.4,06-FEB-2024,14103,INE305C01029,
PANSARI,EQ,103.5,103.5,98.75,100.6,101.15,100.6,3689,369937.35,06-FEB-2024,82,INE697V01011,
PAR,EQ,199.0,199.0,192.3,195.35,196.7,192.15,13896,2715760.95,06-FEB-2024,430,INE04LG01015,
PARACABLES,EQ,110.5,112.1,103.9,106.6,107.0,109.3,1317718,140715252.0,06-FEB-2024,8830,INE074B01023,
PARADEEP,EQ,75.1,76.1,72.6,74.05,74.1,78.3,12837713,950265963.35,06-FEB-2024,43222,INE088F01024,
PARAGMILK,EQ,208.0,211.3,206.8,207.7,208.0,209.65,593943,123774984.55,06-FEB-2024,9327,INE883N01014,
PARAS,EQ,765.25,781.95,748.55,772.85,774.4,759.85,438205,336414287.45,06-FEB-2024,21506,INE045601015,
PARASPETRO,BE,2.9,2.9,2.85,2.85,2.85,2.9,153741,441095.7,06-FEB-2024,493,INE162C01024,
PARSVNATH,BE,16.3,16.4,16.2,16.4,16.4,16.5,364067,5941731.4,06-FEB-2024,313,INE561H01026,
PASUPTAC,EQ,45.0,45.5,42.5,42.75,43.0,44.75,561776,24438173.65,06-FEB-2024,4176,INE818B01023,
PATANJALI,EQ,1521.3,1618.4,1516.0,1605.45,1607.0,1521.3,768322,1211606811.85,06-FEB-2024,19617,INE619A01035,
PATELENG,EQ,70.8,79.0,69.65,76.35,76.85,70.2,30612044,2310108846.45,06-FEB-2024,78461,INE244B01030,
PATINTLOG,EQ,22.45,22.8,21.6,22.1,22.1,22.25,661496,14662342.45,06-FEB-2024,2842,INE529D01014,
PAVNAIND,BE,530.0,532.7,516.0,529.85,530.0,532.8,548,287506.85,06-FEB-2024,63,INE07S101020,
PAYTM,EQ,395.0,473.55,395.0,451.15,452.8,438.5,63835202,27755069990.25,06-FEB-2024,701570,INE982J01020,
PCBL,EQ,322.5,335.0,319.95,324.1,325.5,321.55,3318939,1086745415.85,06-FEB-2024,45623,INE602A01031,
PCJEWELLER,EQ,53.0,54.2,50.05,53.85,53.95,52.65,5867657,305374592.25,06-FEB-2024,15222,INE785M01013,
PDMJEPAPER,EQ,71.3,75.45,71.3,74.3,74.8,71.25,759858,56302831.35,06-FEB-2024,4314,INE865T01018,
PDSL,EQ,583.2,589.75,567.9,579.75,586.35,583.2,115517,67256857.5,06-FEB-2024,7055,INE111Q01021,
PEARLPOLY,EQ,34.05,35.5,33.5,33.8,33.85,34.0,105822,3639520.4,06-FEB-2024,771,INE844A01013,
PEL,EQ,903.8,907.0,889.4,902.4,902.7,896.9,579076,521675250.55,06-FEB-2024,27233,INE140A01024,
PENIND,EQ,155.4,163.4,151.9,157.35,157.0,154.4,1372779,216058310.65,06-FEB-2024,24652,INE932A01024,
PENINLAND,EQ,65.35,66.9,62.15,65.05,64.8,64.75,1650357,106297104.3,06-FEB-2024,6318,INE138A01028,
PERSISTENT,EQ,8599.9,8719.5,8536.0,8642.0,8643.5,8553.6,222616,1922148853.4,06-FEB-2024,37299,INE262H01013,
PETRONET,EQ,276.95,296.45,274.55,290.4,287.0,273.35,31744882,9135341947.25,06-FEB-2024,185736,INE347G01014,
PFC,EQ,461.3,461.3,445.1,454.0,454.2,458.15,9403608,4253931208.15,06-FEB-2024,110070,INE134E01011,
PFIZER,EQ,4749.0,4839.8,4704.65,4769.05,4770.05,4706.2,32514,155702545.4,06-FEB-2024,7240,INE182A01018,
PFOCUS,EQ,137.6,139.65,134.8,135.45,136.0,136.3,205885,28089860.6,06-FEB-2024,5541,INE367G01038,
PFS,BE,52.8,58.3,52.8,57.1,57.3,55.55,3916812,216027100.2,06-FEB-2024,8921,INE560K01014,
PGEL,EQ,1937.0,1979.0,1937.0,1964.2,1963.25,1931.8,36124,70979886.6,06-FEB-2024,5814,INE457L01011,
PGHH,EQ,16823.25,16900.0,16612.1,16754.25,16700.05,16739.25,4844,80937698.05,06-FEB-2024,2223,INE179A01014,
PGHL,EQ,5174.5,5321.0,5155.65,5270.4,5280.0,5136.6,12293,64780200.55,06-FEB-2024,5037,INE199A01012,
PGIL,EQ,612.0,629.0,600.0,614.35,601.1,615.75,24793,15289406.65,06-FEB-2024,574,INE940H01022,
PHARMABEES,EQ,18.74,18.83,18.6,18.77,18.8,18.59,4460212,83626396.33,06-FEB-2024,10871,INF204KC1089,
PHOENIXLTD,EQ,2660.0,2730.0,2545.0,2652.3,2638.0,2655.25,963934,2507355926.45,06-FEB-2024,73642,INE211B01039,
PIDILITIND,EQ,2560.0,2619.0,2554.3,2614.45,2616.2,2554.2,816702,2123650937.8,06-FEB-2024,41018,INE318A01026,
PIGL,EQ,76.95,77.25,73.2,74.65,74.95,75.0,45898,3480396.0,06-FEB-2024,662,INE557Z01018,
PIIND,EQ,3283.05,3337.9,3264.0,3314.45,3320.0,3281.95,264320,874791618.45,06-FEB-2024,20151,INE603J01030,
PILANIINVS,EQ,3196.6,3214.55,3144.1,3199.5,3214.55,3177.55,4500,14301786.9,06-FEB-2024,842,INE417C01014,
PILITA,EQ,16.0,16.0,14.6,15.45,15.75,15.45,2761933,42242041.85,06-FEB-2024,5482,INE600A01035,
PIONEEREMB,BE,56.8,56.8,54.0,55.7,55.9,54.25,66818,3718538.1,06-FEB-2024,274,INE156C01018,
PITTIENG,EQ,656.95,668.2,654.55,659.75,655.0,656.9,40114,26500801.25,06-FEB-2024,5168,INE450D01021,
PIXTRANS,EQ,1279.2,1370.0,1262.15,1330.35,1370.0,1260.3,79838,105134142.65,06-FEB-2024,5716,INE751B01018,
PKTEA,BE,300.0,305.0,300.0,305.0,305.0,298.85,1020,310743.0,06-FEB-2024,20,INE431F01018,
PLASTIBLEN,EQ,300.0,302.95,291.0,296.15,297.1,302.05,36737,10878137.05,06-FEB-2024,3197,INE083C01022,
PLAZACABLE,BE,106.7,107.5,104.0,104.8,105.0,106.0,144671,15237125.0,06-FEB-2024,2014,INE0INJ01017,
PNB,EQ,122.4,122.85,119.1,121.9,122.7,121.65,53028325,6417545951.65,06-FEB-2024,215838,INE160A01022,
PNBGILTS,EQ,119.0,121.0,116.65,118.55,119.1,118.1,977082,115371041.2,06-FEB-2024,8406,INE859A01011,
PNBHOUSING,EQ,799.65,814.0,796.0,806.55,805.65,791.7,287970,232467851.6,06-FEB-2024,20739,INE572E01012,
PNC,EQ,61.0,66.0,58.9,62.15,61.6,59.55,400675,25301337.35,06-FEB-2024,3499,INE392B01011,
PNCINFRA,EQ,443.8,462.0,441.05,444.3,441.4,440.0,1624688,732929066.6,06-FEB-2024,52418,INE195J01029,
POCL,EQ,820.0,832.65,800.0,823.95,825.5,785.35,171737,140333650.2,06-FEB-2024,4476,INE063E01046,
PODDARMENT,EQ,360.5,369.0,360.4,366.05,367.0,360.5,2613,953486.15,06-FEB-2024,133,INE371C01013,
POKARNA,EQ,502.05,540.45,494.3,520.4,523.5,502.0,577693,304302776.75,06-FEB-2024,35223,INE637C01025,
POLICYBZR,EQ,966.2,973.7,852.0,909.2,905.4,964.7,8912365,8092864921.45,06-FEB-2024,264787,INE417T01026,
POLYCAB,EQ,4399.0,4411.95,4345.0,4396.15,4391.85,4385.25,400247,1756186205.1,06-FEB-2024,38439,INE455K01017,
POLYMED,EQ,1526.15,1595.25,1526.15,1584.9,1584.5,1522.5,150875,236994180.75,06-FEB-2024,21217,INE205C01021,
POLYPLEX,EQ,983.0,1002.15,980.0,984.35,982.6,985.9,83727,82771531.9,06-FEB-2024,11714,INE633B01018,
PONNIERODE,EQ,456.5,465.0,445.0,450.3,452.0,453.1,67607,30763238.0,06-FEB-2024,5544,INE838E01017,
POONAWALLA,EQ,481.35,490.4,477.5,488.55,489.5,480.1,1445892,703020720.3,06-FEB-2024,29769,INE511C01022,
POWERGRID,EQ,282.9,282.9,272.3,274.25,275.2,282.9,29668277,8140103034.1,06-FEB-2024,250505,INE752E01010,
POWERINDIA,EQ,6225.0,6520.0,6080.0,6147.5,6165.0,6190.65,83838,530389163.5,06-FEB-2024,26831,INE07Y701011,
POWERMECH,EQ,5279.9,5399.0,5229.0,5316.55,5323.0,5225.9,25265,134779814.75,06-FEB-2024,6224,INE211R01019,
PPAP,EQ,243.8,243.8,237.3,238.75,238.25,239.05,12420,2967752.9,06-FEB-2024,712,INE095I01015,
PPL,EQ,446.1,458.0,441.0,453.4,456.1,445.95,81512,36666505.6,06-FEB-2024,2769,INE050001010,
PPLPHARMA,EQ,140.15,143.4,139.1,140.9,141.05,139.55,7522050,1060109897.7,06-FEB-2024,66634,INE0DK501011,
PRAENG,BE,25.4,25.4,24.5,24.55,24.55,24.95,113390,2794812.75,06-FEB-2024,105,INE505C01016,
PRAJIND,EQ,473.15,509.6,473.05,508.05,507.0,472.95,2598404,1304911943.55,06-FEB-2024,65993,INE074A01025,
PRAKASH,EQ,209.3,217.0,207.95,211.65,211.95,207.85,757698,160167766.2,06-FEB-2024,7403,INE603A01013,
PRAKASHSTL,BE,10.8,10.8,10.8,10.8,10.8,11.0,138818,1499234.4,06-FEB-2024,597,INE696K01024,
PRAXIS,BE,27.0,27.3,26.1,26.4,26.15,26.0,41754,1123561.7,06-FEB-2024,70,INE546Y01022,
PRECAM,EQ,232.0,238.3,230.65,234.1,234.25,230.85,97475,22831093.65,06-FEB-2024,6223,INE484I01029,
PRECOT,EQ,308.0,324.2,304.9,316.75,319.95,304.45,37041,11679083.55,06-FEB-2024,1246,INE283A01014,
PRECWIRE,EQ,143.1,145.95,142.45,143.95,143.9,142.15,457262,65894204.0,06-FEB-2024,8853,INE372C01037,
PREMEXPLN,EQ,1391.4,1391.4,1353.0,1363.95,1376.7,1384.4,33587,46033895.0,06-FEB-2024,3129,INE863B01011,
PREMIERPOL,BE,176.9,179.0,168.0,170.55,171.0,174.75,13740,2367512.35,06-FEB-2024,158,INE309M01012,
PRESTIGE,EQ,1200.95,1249.9,1195.8,1222.9,1224.25,1200.25,267190,327113289.95,06-FEB-2024,38573,INE811K01011,
PRICOLLTD,EQ,400.9,408.0,394.5,395.7,398.0,398.3,344801,138106343.95,06-FEB-2024,16473,INE726V01018,
PRIMESECU,EQ,183.1,183.1,174.3,178.75,178.0,180.4,156624,27993143.3,06-FEB-2024,1694,INE032B01021,
PRINCEPIPE,EQ,685.0,689.95,666.1,673.55,674.6,723.9,951137,644211374.75,06-FEB-2024,59314,INE689W01016,
PRITI,BE,217.7,218.95,204.0,212.1,212.0,214.55,45056,9501146.05,06-FEB-2024,998,INE974Z01015,
PRITIKAUTO,BE,46.8,47.5,46.5,47.5,47.5,45.25,229815,10878405.55,06-FEB-2024,1188,INE583R01029,
PRIVISCL,EQ,1236.8,1265.0,1220.3,1237.35,1226.0,1232.95,41216,51453929.2,06-FEB-2024,5652,INE959A01019,
PROZONER,EQ,38.25,41.35,38.0,40.5,40.75,38.05,3536747,142573334.85,06-FEB-2024,10564,INE195N01013,
PRSMJOHNSN,EQ,170.9,175.4,170.9,173.35,173.3,170.25,327440,56846704.55,06-FEB-2024,13660,INE010A01011,
PRUDENT,EQ,1319.65,1365.0,1319.05,1340.3,1330.0,1315.55,18954,25427016.3,06-FEB-2024,5049,INE00F201020,
PRUDMOULI,BE,29.7,30.85,29.15,29.2,29.8,29.55,11704,345352.5,06-FEB-2024,53,INE024D01016,
PSB,EQ,70.6,76.2,68.75,72.45,73.25,69.9,21124510,1525306998.9,06-FEB-2024,62695,INE608A01012,
PSPPROJECT,EQ,770.05,777.1,765.55,772.45,772.15,764.4,70882,54774865.3,06-FEB-2024,5989,INE488V01015,
PSUBNKBEES,EQ,73.44,73.5,71.8,72.63,72.95,73.06,3926692,284160147.01,06-FEB-2024,12670,INF204KB16I7,
PSUBNKIETF,EQ,66.79,67.5,65.03,65.82,66.07,66.13,396488,26012149.41,06-FEB-2024,2339,INF109KC10S8,
PTC,EQ,237.4,245.05,234.7,243.7,243.7,235.7,2727651,657989141.8,06-FEB-2024,28329,INE877F01012,
PTCIL,EQ,8033.75,8794.95,8030.0,8653.65,8684.8,7995.45,31766,273692064.15,06-FEB-2024,5471,INE596F01018,
PTL,EQ,52.9,53.7,50.0,51.35,51.95,51.95,805823,42146924.5,06-FEB-2024,6499,INE034D01049,
PUNJABCHEM,EQ,1051.15,1069.5,994.25,1010.9,1014.0,1049.85,73746,75384847.45,06-FEB-2024,10127,INE277B01014,
PURVA,EQ,253.2,256.15,241.8,253.9,253.7,248.7,453608,114425685.75,06-FEB-2024,15790,INE323I01011,
PVP,EQ,24.35,24.4,23.8,24.4,24.4,23.25,924315,22488738.75,06-FEB-2024,1729,INE362A01016,
PVRINOX,EQ,1418.0,1423.65,1404.45,1406.5,1408.0,1409.5,357953,504987354.1,06-FEB-2024,25709,INE191H01014,
PVTBANIETF,EQ,236.97,236.97,231.85,232.7,233.15,233.99,162427,37836720.81,06-FEB-2024,6083,INF109KC1E35,
PYRAMID,EQ,181.3,181.3,178.2,179.7,180.0,180.35,73703,13238981.05,06-FEB-2024,4114,INE0MIS01010,
QGOLDHALF,EQ,52.84,52.84,52.67,52.69,52.67,52.7,5486,289320.76,06-FEB-2024,163,INF082J01408,
QNIFTY,EQ,2328.3,2346.01,2328.3,2344.87,2346.0,2329.77,117,273702.75,06-FEB-2024,40,INF082J01028,
QUAL30IETF,EQ,186.0,188.3,186.0,188.3,188.3,185.6,177351,33179836.87,06-FEB-2024,58,INF109KC15T5,
QUESS,EQ,506.0,511.95,494.1,496.75,496.15,503.4,390434,196256572.55,06-FEB-2024,26878,INE615P01015,
QUICKHEAL,EQ,462.4,482.85,462.4,466.65,467.9,465.85,226499,106872481.7,06-FEB-2024,22383,INE306L01010,
RACE,EQ,358.9,363.95,355.9,360.15,363.0,359.4,4799,1727400.8,06-FEB-2024,454,INE084Q01012,
RADAAN,BE,1.8,1.85,1.8,1.8,1.8,1.8,18119,32619.25,06-FEB-2024,19,INE874F01027,
RADHIKAJWE,EQ,63.4,65.85,62.5,64.6,64.8,62.85,1452928,93219657.7,06-FEB-2024,9676,INE583V01021,
RADIANTCMS,EQ,94.9,94.9,92.3,92.75,92.9,93.6,423783,39483164.05,06-FEB-2024,25231,INE855R01021,
RADICO,EQ,1768.0,1797.0,1710.0,1725.85,1720.05,1736.7,294893,516892466.05,06-FEB-2024,19269,INE944F01028,
RADIOCITY,EQ,20.7,24.2,20.25,23.0,23.7,20.55,10878843,243352458.95,06-FEB-2024,12305,INE919I01024,
RAILTEL,EQ,410.9,414.0,398.0,410.65,410.0,409.6,4665753,1898056547.25,06-FEB-2024,62870,INE0DD101019,
RAIN,EQ,186.8,196.5,182.85,193.5,193.4,185.15,17375675,3347680772.6,06-FEB-2024,123194,INE855B01025,
RAINBOW,EQ,1190.0,1230.0,1188.25,1226.6,1230.0,1181.85,180148,218658628.4,06-FEB-2024,24276,INE961O01016,
RAJESHEXPO,EQ,350.5,352.5,347.1,350.45,350.7,350.25,356539,124804082.6,06-FEB-2024,18250,INE343B01030,
RAJMET,BE,15.25,15.25,14.75,15.2,15.2,15.05,1896107,28599589.25,06-FEB-2024,7202,INE00KV01022,
RAJRATAN,EQ,639.0,662.6,638.0,640.95,641.0,637.8,101020,65465945.8,06-FEB-2024,10012,INE451D01029,
RAJRILTD,BE,19.8,19.8,19.8,19.8,19.8,19.45,28015,554697.0,06-FEB-2024,66,INE533D01032,
RAJSREESUG,EQ,88.5,100.0,86.5,97.75,98.5,87.9,1405670,133075813.2,06-FEB-2024,10035,INE562B01019,
RAJTV,BE,66.2,66.85,63.3,65.05,65.25,66.2,9108,585488.1,06-FEB-2024,118,INE952H01027,
RALLIS,EQ,256.65,274.15,256.45,266.45,267.4,256.2,4289380,1155113422.5,06-FEB-2024,76486,INE613A01020,
RAMANEWS,EQ,18.45,21.75,18.0,21.75,21.75,18.15,4434228,92792632.85,06-FEB-2024,9039,INE278B01020,
RAMAPHO,EQ,214.05,223.2,211.15,214.7,215.9,213.0,27671,5984721.1,06-FEB-2024,1273,INE809A01024,
RAMASTEEL,EQ,43.75,45.5,42.35,44.5,44.0,43.45,6510836,284154546.4,06-FEB-2024,15170,INE230R01035,
RAMCOCEM,EQ,987.1,1001.05,983.5,989.7,991.45,979.25,233434,231875746.4,06-FEB-2024,16119,INE331A01037,
RAMCOIND,EQ,255.0,263.5,253.3,258.15,258.0,256.85,330653,85736833.5,06-FEB-2024,11655,INE614A01028,
RAMCOSYS,EQ,341.5,356.8,341.1,344.4,344.2,341.5,341967,119387120.0,06-FEB-2024,16802,INE246B01019,
RAMKY,EQ,802.95,811.0,748.6,782.0,780.0,797.05,335127,259897420.75,06-FEB-2024,21075,INE874I01013,
RAMRAT,EQ,303.5,304.75,298.0,299.35,298.1,303.3,38511,11550218.6,06-FEB-2024,2547,INE207E01023,
RANASUG,EQ,25.0,25.5,24.75,25.05,24.95,24.75,3283915,82415598.3,06-FEB-2024,6023,INE625B01014,
RANEENGINE,EQ,440.0,447.4,429.95,436.5,435.25,441.15,11241,4953105.6,06-FEB-2024,546,INE222J01013,
RANEHOLDIN,EQ,1210.0,1210.0,1165.0,1175.6,1166.0,1193.15,23899,28171643.55,06-FEB-2024,3442,INE384A01010,
RATEGAIN,EQ,851.0,899.8,849.0,884.65,885.0,849.35,845111,744084236.8,06-FEB-2024,46434,INE0CLI01024,
RATNAMANI,EQ,3302.8,3449.5,3291.9,3436.95,3445.0,3291.45,69812,237613130.3,06-FEB-2024,17885,INE703B01027,
RATNAVEER,EQ,135.7,143.35,135.7,138.85,138.55,135.7,1577665,220952032.05,06-FEB-2024,17602,INE05CZ01011,
RAYMOND,EQ,1740.95,1760.0,1728.05,1752.95,1747.8,1725.95,110060,191919430.3,06-FEB-2024,11869,INE301A01014,
RBA,EQ,114.0,115.45,111.9,113.4,113.15,113.3,2540166,287569371.25,06-FEB-2024,22659,INE07T201019,
RBL,EQ,883.3,889.6,866.95,872.2,874.0,878.9,20970,18396706.1,06-FEB-2024,2472,INE244J01017,
RBLBANK,EQ,265.4,267.5,260.4,265.05,264.8,265.4,6299507,1669977360.3,06-FEB-2024,38161,INE976G01028,
RBZJEWEL,EQ,185.55,189.0,179.9,180.5,179.9,189.35,428068,78253254.2,06-FEB-2024,8227,INE0PEQ01016,
RCF,EQ,166.65,170.85,164.75,167.9,167.9,166.95,3440942,578530324.85,06-FEB-2024,28614,INE027A01015,
RCOM,BE,1.95,1.95,1.95,1.95,1.95,1.9,1587438,3095504.1,06-FEB-2024,1236,INE330H01018,
RECLTD,EQ,502.15,504.95,490.65,502.95,501.55,499.9,9819635,4899233573.15,06-FEB-2024,150463,INE020B01018,
REDINGTON,EQ,205.0,212.35,200.6,208.1,208.15,203.85,6383228,1321484839.1,06-FEB-2024,89534,INE891D01026,
REDTAPE,EQ,631.1,648.7,630.05,639.15,641.0,631.1,123408,79051528.05,06-FEB-2024,11084,INE0LXT01019,
REFEX,EQ,690.0,692.0,676.6,683.95,681.0,676.4,49936,34058974.75,06-FEB-2024,2059,INE056I01017,
REGENCERAM,BE,33.9,36.0,32.6,34.1,34.1,34.3,7077,245036.45,06-FEB-2024,24,INE277C01012,
RELAXO,EQ,845.95,865.0,845.7,857.55,860.0,845.65,83808,71443398.6,06-FEB-2024,10489,INE131B01039,
RELCHEMQ,BE,259.65,267.0,258.0,260.0,260.0,256.45,1313,341192.95,06-FEB-2024,67,INE750D01016,
RELIANCE,EQ,2883.7,2883.7,2839.65,2855.6,2854.75,2878.05,4523992,12936328247.7,06-FEB-2024,240512,INE002A01018,
RELIGARE,EQ,235.0,240.65,235.0,238.9,238.8,233.0,2651285,631200329.9,06-FEB-2024,25503,INE621H01010,
RELINFRA,EQ,215.1,216.0,212.1,214.95,214.85,214.5,1274550,273146430.3,06-FEB-2024,10208,INE036A01016,
REMSONSIND,BE,830.0,830.0,813.4,813.4,813.4,830.0,299,244425.7,06-FEB-2024,22,INE474C01015,
RENUKA,EQ,51.75,52.5,50.6,51.05,50.85,51.3,26615503,1369646417.05,06-FEB-2024,46606,INE087H01022,
REPCOHOME,EQ,450.0,472.0,447.5,452.35,454.9,447.9,256679,117487786.95,06-FEB-2024,13492,INE612J01015,
REPL,EQ,195.25,197.55,191.35,193.55,194.05,195.2,11243,2191891.6,06-FEB-2024,402,INE364Z01019,
REPRO,EQ,848.0,848.0,809.95,816.8,819.1,833.0,8619,7071879.0,06-FEB-2024,635,INE461B01014,
RESPONIND,EQ,329.8,330.25,298.15,310.95,312.0,313.3,637024,199181913.0,06-FEB-2024,22134,INE688D01026,
RGL,EQ,111.5,115.6,111.45,112.6,112.1,110.95,132906,15085785.05,06-FEB-2024,2441,INE722H01024,
RHFL,BE,4.2,4.2,4.2,4.2,4.2,4.25,759630,3190446.0,06-FEB-2024,1172,INE217K01011,
RHIM,EQ,720.95,725.35,710.25,714.65,715.0,720.3,515631,370388487.0,06-FEB-2024,24287,INE743M01012,
RHL,EQ,183.95,183.95,173.0,175.2,175.4,176.2,29761,5230643.1,06-FEB-2024,670,INE508K01013,
RICOAUTO,EQ,105.6,108.3,104.45,106.45,106.35,105.1,2598377,275999941.65,06-FEB-2024,16856,INE209B01025,
RIIL,EQ,1395.0,1412.0,1380.6,1396.1,1398.0,1390.0,330615,462500110.95,06-FEB-2024,16797,INE046A01015,
RISHABH,EQ,611.05,617.7,600.25,602.6,603.95,610.55,66200,40201232.8,06-FEB-2024,5744,INE0N2P01017,
RITCO,EQ,255.05,273.4,254.4,266.75,267.15,255.75,166273,44085557.95,06-FEB-2024,8511,INE01EG01016,
RITES,EQ,757.0,777.1,735.3,762.05,762.0,748.85,5790555,4424921273.3,06-FEB-2024,138629,INE320J01015,
RKDL,BE,23.0,23.0,22.85,22.85,22.85,23.0,3197,73196.15,06-FEB-2024,53,INE722J01012,
RKEC,EQ,92.85,93.5,89.65,90.5,91.0,91.55,233056,21301413.8,06-FEB-2024,1682,INE786W01010,
RKFORGE,EQ,767.25,771.25,736.7,742.45,742.0,756.9,297906,224178347.6,06-FEB-2024,26980,INE399G01023,
RML,EQ,732.6,751.95,728.1,733.8,732.0,738.25,12562,9280725.1,06-FEB-2024,2445,INE050H01012,
ROHLTD,EQ,413.85,413.85,397.0,404.15,404.4,405.6,307033,123907305.35,06-FEB-2024,17624,INE283H01019,
ROLEXRINGS,EQ,2030.05,2108.95,1975.05,2052.85,2062.45,2140.1,257670,521668406.0,06-FEB-2024,28643,INE645S01016,
ROLLT,BE,1.6,1.6,1.55,1.6,1.6,1.55,254483,405808.2,06-FEB-2024,162,INE927A01040,
ROML,EQ,48.3,49.3,48.3,48.7,48.9,48.4,2862,139412.8,06-FEB-2024,100,INE294G01026,
ROSSARI,EQ,772.95,783.45,768.55,778.55,776.15,770.25,53841,41920937.3,06-FEB-2024,8362,INE02A801020,
ROSSELLIND,EQ,447.25,466.0,437.25,457.3,456.0,447.35,72510,32758189.25,06-FEB-2024,7730,INE847C01020,
ROTO,EQ,425.05,445.55,413.5,436.15,442.0,421.1,754822,326923120.4,06-FEB-2024,46191,INE535D01029,
ROUTE,EQ,1580.25,1622.8,1579.0,1602.85,1603.4,1577.25,164673,264448817.2,06-FEB-2024,16348,INE450U01017,
RPGLIFE,EQ,1655.0,1690.85,1642.0,1663.75,1665.05,1673.25,24006,39982421.45,06-FEB-2024,4766,INE105J01010,
RPOWER,BE,26.05,26.7,26.05,26.05,26.05,27.4,15747961,410598558.9,06-FEB-2024,51742,INE614G01033,
RPPINFRA,BE,158.25,158.25,158.25,158.25,158.25,155.15,23575,3730743.75,06-FEB-2024,128,INE324L01013,
RPPL,EQ,257.75,265.0,250.0,250.9,250.0,253.95,98401,25362374.25,06-FEB-2024,1230,INE760W01015,
RPSGVENT,EQ,756.85,772.95,745.2,765.45,768.0,747.25,77587,59003835.0,06-FEB-2024,5623,INE425Y01011,
RRKABEL,EQ,1454.0,1499.35,1452.65,1491.9,1495.0,1454.9,199169,295578461.35,06-FEB-2024,26044,INE777K01022,
RSSOFTWARE,EQ,91.7,91.7,91.7,91.7,91.7,87.35,58406,5355830.2,06-FEB-2024,117,INE165B01029,
RSWM,EQ,224.5,239.45,224.5,237.75,238.95,224.3,562788,132302238.5,06-FEB-2024,20386,INE611A01016,
RSYSTEMS,EQ,494.2,517.4,494.2,501.15,503.5,499.35,124922,63234375.75,06-FEB-2024,6917,INE411H01032,
RTNINDIA,EQ,87.95,89.7,87.1,88.35,88.0,87.5,5111563,451052292.95,06-FEB-2024,20204,INE834M01019,
RTNPOWER,EQ,11.25,11.6,10.85,11.6,11.6,11.05,102896445,1174223377.05,06-FEB-2024,49879,INE399K01017,
RUBYMILLS,EQ,234.9,242.0,234.0,240.45,240.95,233.6,30620,7326993.25,06-FEB-2024,1595,INE301D01026,
RUCHINFRA,BE,14.4,14.4,14.4,14.4,14.4,14.7,143237,2062612.8,06-FEB-2024,194,INE413B01023,
RUCHIRA,EQ,145.0,148.0,142.7,145.1,146.0,144.2,148537,21554243.0,06-FEB-2024,3469,INE803H01014,
RUPA,EQ,285.9,292.55,285.55,286.5,287.5,283.65,430220,123994257.55,06-FEB-2024,11680,INE895B01021,
RUSHIL,EQ,350.1,357.8,348.4,352.65,352.0,350.75,96596,34181328.35,06-FEB-2024,5658,INE573K01017,
RUSTOMJEE,EQ,677.0,685.0,660.2,665.75,665.0,677.0,30770,20661243.75,06-FEB-2024,1236,INE263M01029,
RVHL,BE,56.45,56.45,52.15,52.35,53.15,54.9,97573,5115808.25,06-FEB-2024,264,INE09E501017,
RVNL,EQ,281.5,288.3,267.2,285.2,285.55,281.35,17061913,4799912117.0,06-FEB-2024,155632,INE415G01027,
S&SPOWER,BE,196.8,196.8,196.8,196.8,196.8,192.95,90,17712.0,06-FEB-2024,2,INE902B01017,
SABEVENTS,BE,8.3,8.3,8.25,8.25,8.25,8.3,103,854.75,06-FEB-2024,4,INE860T01019,
SADBHAV,EQ,26.75,26.75,26.75,26.75,26.75,25.5,131303,3512355.25,06-FEB-2024,285,INE226H01026,
SADBHIN,BE,5.75,5.75,5.75,5.75,5.75,5.65,34661,199300.75,06-FEB-2024,27,INE764L01010,
SADHNANIQ,EQ,82.3,83.45,80.75,81.4,81.5,82.3,551399,45069561.0,06-FEB-2024,4061,INE888C01040,
SAFARI,EQ,2050.0,2056.9,1997.1,2027.55,2035.0,2029.65,47750,96679191.5,06-FEB-2024,8614,INE429E01023,
SAGARDEEP,BE,30.45,30.45,29.05,29.7,29.55,29.85,17868,527064.8,06-FEB-2024,138,INE976T01013,
SAGCEM,EQ,263.8,265.8,259.8,260.9,260.9,262.75,102742,26934383.75,06-FEB-2024,4969,INE229C01021,
SAH,EQ,115.95,125.3,115.95,120.15,120.0,114.95,131554,15780584.45,06-FEB-2024,1308,INE035801013,
SAHYADRI,EQ,427.1,434.9,419.35,429.35,431.0,427.15,10916,4674030.1,06-FEB-2024,1762,INE280H01015,
SAIL,EQ,137.25,146.7,133.8,145.5,146.7,135.3,121450085,17041369241.2,06-FEB-2024,279408,INE114A01011,
SAKAR,EQ,422.35,428.5,419.3,420.2,419.95,420.25,14348,6070063.15,06-FEB-2024,1070,INE732S01012,
SAKHTISUG,EQ,31.6,33.4,31.0,33.2,33.3,31.3,5554471,182436708.25,06-FEB-2024,13716,INE623A01011,
SAKSOFT,BE,292.15,306.75,289.05,306.75,306.75,292.15,104786,31346560.15,06-FEB-2024,4715,INE667G01023,
SAKUMA,EQ,26.85,27.65,26.25,26.55,26.25,26.6,4166404,111509013.95,06-FEB-2024,7260,INE190H01024,
SALASAR,EQ,32.35,32.35,32.35,32.35,32.35,30.85,1040753,33668359.55,06-FEB-2024,3138,INE170V01027,
SALONA,EQ,305.45,326.85,297.0,325.35,320.0,303.4,25239,8060738.9,06-FEB-2024,1132,INE498E01010,
SALSTEEL,BE,26.85,27.65,26.7,27.65,27.65,26.35,531304,14535252.05,06-FEB-2024,2764,INE658G01014,
SALZERELEC,EQ,454.05,456.5,441.1,443.55,446.8,454.05,59934,26765202.9,06-FEB-2024,5749,INE457F01013,
SAMBHAAV,EQ,4.4,4.55,4.25,4.5,4.45,4.35,345724,1543151.7,06-FEB-2024,783,INE699B01027,
SAMHI,EQ,193.05,195.5,188.05,194.8,194.55,190.45,1848352,357453559.95,06-FEB-2024,52035,INE08U801020,
SAMPANN,BE,24.05,24.05,24.05,24.05,24.05,24.5,5864,141029.2,06-FEB-2024,39,INE735M01018,
SANDESH,EQ,1313.6,1319.95,1286.55,1298.8,1300.0,1303.1,2966,3861929.0,06-FEB-2024,607,INE583B01015,
SANDHAR,EQ,460.0,460.0,431.5,445.65,439.8,456.8,93306,41984041.1,06-FEB-2024,4089,INE278H01035,
SANDUMA,EQ,577.0,584.95,535.35,558.1,563.8,575.35,224355,124548424.2,06-FEB-2024,9760,INE149K01016,
SANGAMIND,EQ,558.45,585.0,549.0,554.6,555.0,564.0,120812,67980370.85,06-FEB-2024,9516,INE495C01010,
SANGHIIND,EQ,120.05,120.45,114.25,115.25,114.85,119.9,968779,112987261.55,06-FEB-2024,4681,INE999B01013,
SANGHVIMOV,EQ,836.05,869.9,824.0,864.0,860.95,837.15,259521,221103024.25,06-FEB-2024,21195,INE989A01024,
SANGINITA,BE,28.6,29.15,27.8,29.1,29.15,28.05,55753,1608405.05,06-FEB-2024,268,INE753W01010,
SANOFI,EQ,8780.75,9093.8,8780.75,8861.05,8860.0,8780.75,22296,199985652.2,06-FEB-2024,9265,INE058A01010,
SANSERA,EQ,997.25,1009.95,988.25,1003.6,1003.0,996.95,79079,79201281.7,06-FEB-2024,11602,INE953O01021,
SAPPHIRE,EQ,1410.0,1444.0,1395.4,1408.95,1409.0,1401.15,186817,264546511.3,06-FEB-2024,16941,INE806T01012,
SARDAEN,EQ,237.35,238.95,230.05,232.5,231.7,236.2,556905,130156489.15,06-FEB-2024,17473,INE385C01021,
SAREGAMA,EQ,350.4,364.5,346.75,362.15,363.95,350.5,583138,209673326.9,06-FEB-2024,26411,INE979A01025,
SARLAPOLY,EQ,64.4,64.5,62.55,62.95,63.4,63.8,347539,22035382.7,06-FEB-2024,2513,INE453D01025,
SARVESHWAR,EQ,9.6,9.7,9.1,9.7,9.7,8.85,60910068,585221976.0,06-FEB-2024,28693,INE324X01026,
SASKEN,EQ,1560.0,1560.0,1492.0,1534.15,1549.9,1533.5,35674,54533767.65,06-FEB-2024,6254,INE231F01020,
SASTASUNDR,EQ,432.0,439.3,427.15,434.75,438.0,434.65,50252,21743740.95,06-FEB-2024,4216,INE019J01013,
SATIA,EQ,134.95,135.0,132.3,133.9,135.0,133.35,411832,54900106.7,06-FEB-2024,5709,INE170E01023,
SATIN,EQ,266.95,272.75,262.0,262.95,262.85,263.75,935174,248474184.1,06-FEB-2024,24196,INE836B01017,
SATINDLTD,EQ,114.6,117.65,112.4,115.3,115.75,114.6,632417,72850275.35,06-FEB-2024,7606,INE065D01027,
SBC,EQ,24.15,25.35,24.15,25.35,25.35,24.15,3486091,87865814.75,06-FEB-2024,8514,INE04AK01028,
SBCL,EQ,573.35,589.0,570.0,584.85,587.0,573.35,94836,55335263.4,06-FEB-2024,11207,INE386D01027,
SBFC,EQ,86.55,87.15,85.8,86.7,86.65,86.3,658509,56992568.7,06-FEB-2024,6924,INE423Y01016,
SBGLP,EQ,763.9,800.0,758.6,791.1,795.0,761.55,53773,41660602.45,06-FEB-2024,3815,INE05ST01010,
SBICARD,EQ,705.0,710.0,699.0,708.6,709.0,703.15,1491932,1054391715.5,06-FEB-2024,65660,INE018E01016,
SBIETFCON,EQ,98.3,98.3,96.91,97.63,97.65,96.91,2092,204101.92,06-FEB-2024,110,INF200KA1X17,
SBIETFIT,EQ,393.71,405.35,388.5,404.51,400.1,393.42,19042,7649762.37,06-FEB-2024,383,INF200KA1S14,
SBIETFPB,EQ,236.31,238.67,234.54,235.33,236.76,236.35,6309,1489199.31,06-FEB-2024,164,INF200KA1S22,
SBIETFQLTY,EQ,197.23,198.97,197.01,198.41,198.07,196.64,1564,309021.7,06-FEB-2024,71,INF200KA1WX6,
SBILIFE,EQ,1422.6,1469.95,1404.9,1464.0,1469.0,1419.85,1515381,2185932496.95,06-FEB-2024,90676,INE123W01016,
SBIN,EQ,644.45,655.0,637.7,650.25,654.8,642.95,14079390,9070737392.7,06-FEB-2024,230842,INE062A01020,
SCHAEFFLER,EQ,3064.7,3141.95,3027.05,3115.7,3133.1,3061.7,61581,188306339.4,06-FEB-2024,8709,INE513A01022,
SCHAND,EQ,260.95,264.95,257.55,261.3,262.0,260.35,72663,18909920.3,06-FEB-2024,4219,INE807K01035,
SCHNEIDER,EQ,479.1,522.0,475.7,516.85,520.85,475.3,1593756,801829655.3,06-FEB-2024,50091,INE839M01018,
SCI,EQ,280.2,280.3,255.6,264.75,264.1,277.7,12447936,3289998017.35,06-FEB-2024,93304,INE109A01011,
SCPL,EQ,325.0,332.0,318.25,323.3,332.0,329.6,42035,13578519.2,06-FEB-2024,2546,INE501Y01019,
SDBL,EQ,256.3,264.2,255.5,261.0,261.0,256.3,503332,130588080.4,06-FEB-2024,17460,INE480C01020,
SDL24BEES,EQ,118.95,118.96,118.76,118.95,118.95,118.96,3268,388398.91,06-FEB-2024,37,INF204KB18W4,
SDL26BEES,EQ,118.42,118.61,117.95,118.35,118.35,118.48,474994,56064301.3,06-FEB-2024,50,INF204KC1022,
SEAMECLTD,BE,1114.0,1124.0,1062.0,1068.85,1072.0,1103.75,20272,22106979.2,06-FEB-2024,453,INE497B01018,
SECMARK,BE,103.85,103.85,99.6,99.8,99.8,99.05,6715,669815.1,06-FEB-2024,33,INE0BTM01013,
SECURCRED,EQ,20.8,20.8,19.9,20.2,20.3,20.35,237530,4812562.35,06-FEB-2024,656,INE195Y01010,
SECURKLOUD,BE,66.25,66.45,63.3,66.15,66.3,63.3,89182,5828336.4,06-FEB-2024,610,INE650K01021,
SELAN,EQ,532.95,539.0,516.1,520.3,519.0,525.1,74876,39520126.2,06-FEB-2024,6650,INE818A01017,
SELMC,BE,88.35,91.9,88.35,90.95,91.05,90.15,9167,821935.75,06-FEB-2024,225,INE105I01020,
SEMAC,EQ,3048.0,3048.0,2933.3,2992.25,2998.8,2928.7,2495,7456820.55,06-FEB-2024,310,INE617A01013,
SENCO,EQ,803.95,818.0,796.05,799.65,798.0,799.4,323862,261838997.25,06-FEB-2024,23684,INE602W01019,
SENSEXETF,EQ,72.88,72.88,71.71,72.14,72.2,72.09,14038,1011984.83,06-FEB-2024,166,INF769K01KT9,
SENSEXIETF,EQ,802.32,805.99,799.99,803.01,805.99,802.31,10238,8201094.13,06-FEB-2024,177,INF346A01034,
SEPC,EQ,26.0,26.6,25.95,26.1,26.0,25.9,6663365,175094620.8,06-FEB-2024,9513,INE964H01014,
SEQUENT,EQ,136.8,141.65,136.15,137.9,138.15,136.8,1178924,163424165.4,06-FEB-2024,16008,INE807F01027,
SERVOTECH,BE,108.7,108.7,99.6,102.35,102.95,104.8,3295093,334710324.75,06-FEB-2024,25460,INE782X01033,
SESHAPAPER,EQ,328.3,340.45,326.05,337.35,333.3,326.65,69274,23152788.6,06-FEB-2024,4326,INE630A01024,
SETCO,BE,8.3,8.3,8.15,8.2,8.2,8.3,60042,491692.25,06-FEB-2024,130,INE878E01021,
SETF10GILT,EQ,225.26,226.05,225.25,225.62,225.61,225.93,18578,4193594.31,06-FEB-2024,60,INF200KA1JT1,
SETFGOLD,EQ,56.15,56.15,54.44,54.55,54.55,54.53,362082,19748054.22,06-FEB-2024,3050,INF200KA16D8,
SETFNIF50,EQ,228.6,229.06,226.75,228.79,229.0,227.63,166388,37973731.38,06-FEB-2024,2627,INF200KA1FS1,
SETFNIFBK,EQ,463.99,463.99,460.91,462.22,463.9,462.74,550314,254374212.75,06-FEB-2024,2266,INF200KA1580,
SETFNN50,EQ,585.46,593.79,584.99,592.54,590.1,585.45,12263,7237552.83,06-FEB-2024,491,INF200KA1598,
SEYAIND,BE,28.95,28.95,28.5,28.5,28.5,29.05,4892,139467.45,06-FEB-2024,17,INE573R01012,
SFL,EQ,1159.0,1170.6,1121.05,1165.6,1151.8,1142.55,53562,61843562.8,06-FEB-2024,7983,INE916U01025,
SGIL,EQ,409.85,414.6,397.1,406.25,407.0,400.35,43613,17653237.1,06-FEB-2024,2843,INE00QT01015,
SGL,EQ,18.05,18.5,17.8,18.0,18.1,18.25,14900,269812.35,06-FEB-2024,226,INE353H01010,
SHAH,BE,3.95,3.95,3.95,3.95,3.95,4.0,417148,1647734.6,06-FEB-2024,486,INE482J01021,
SHAHALLOYS,BE,84.9,84.9,79.95,81.75,82.0,80.9,33221,2793196.5,06-FEB-2024,180,INE640C01011,
SHAILY,EQ,408.0,431.85,408.0,423.75,425.0,410.7,118667,50208053.7,06-FEB-2024,12481,INE151G01028,
SHAKTIPUMP,EQ,1472.55,1538.85,1470.0,1501.15,1499.0,1466.25,117934,177811216.3,06-FEB-2024,8092,INE908D01010,
SHALBY,EQ,318.3,328.95,316.95,320.7,319.95,316.35,376066,121008225.35,06-FEB-2024,13561,INE597J01018,
SHALPAINTS,EQ,205.0,210.15,200.8,205.85,204.1,201.5,889163,182874770.75,06-FEB-2024,14809,INE849C01026,
SHANKARA,EQ,761.0,766.25,740.25,745.3,742.0,759.15,81503,61182879.25,06-FEB-2024,8261,INE274V01019,
SHANTI,EQ,22.3,25.8,21.7,25.2,25.35,22.0,339078,8409879.75,06-FEB-2024,1499,INE933X01016,
SHANTIGEAR,EQ,539.7,539.9,527.9,531.35,533.4,534.3,30536,16277641.5,06-FEB-2024,3348,INE631A01022,
SHARDACROP,EQ,383.95,384.8,376.95,380.55,381.0,380.7,142664,54498134.9,06-FEB-2024,6879,INE221J01015,
SHARDAMOTR,EQ,1357.0,1369.95,1350.0,1364.9,1365.0,1351.55,13454,18315254.35,06-FEB-2024,3311,INE597I01028,
SHAREINDIA,EQ,1906.55,1937.5,1903.0,1921.0,1920.0,1906.5,70267,134700272.5,06-FEB-2024,7680,INE932X01018,
SHARIABEES,EQ,516.1,516.2,505.3,514.65,514.14,506.07,2459,1261319.55,06-FEB-2024,172,INF732E01128,
SHEMAROO,EQ,216.0,216.65,207.0,211.95,212.5,214.25,162822,34472312.95,06-FEB-2024,3724,INE363M01019,
SHILPAMED,EQ,373.0,376.75,360.0,361.5,363.0,370.6,361281,132927310.0,06-FEB-2024,11867,INE790G01031,
SHIVALIK,EQ,683.55,722.0,671.05,691.05,693.9,673.45,43315,30648307.05,06-FEB-2024,2189,INE788J01021,
SHIVAMAUTO,EQ,45.35,46.0,44.15,45.45,45.25,44.35,376155,17059795.7,06-FEB-2024,1744,INE637H01024,
SHIVAMILLS,EQ,105.1,112.85,103.0,109.2,108.4,105.4,111579,11961238.05,06-FEB-2024,1638,INE644Y01017,
SHIVATEX,EQ,170.0,183.7,167.0,180.8,180.5,170.1,130392,23295498.05,06-FEB-2024,2779,INE705C01020,
SHK,EQ,169.45,174.65,167.0,172.95,172.4,168.45,447901,76683553.75,06-FEB-2024,12193,INE500L01026,
SHOPERSTOP,EQ,751.75,762.75,743.35,753.0,747.0,749.5,61798,46797751.15,06-FEB-2024,9007,INE498B01024,
SHRADHA,BE,69.7,69.7,67.0,67.6,67.05,67.9,19539,1323694.0,06-FEB-2024,156,INE715Y01023,
SHREDIGCEM,EQ,114.8,115.15,111.85,113.45,113.65,114.35,660325,74633458.4,06-FEB-2024,7315,INE232A01011,
SHREECEM,EQ,27251.0,27915.0,27231.45,27569.4,27638.0,26954.8,58072,1599912935.1,06-FEB-2024,19097,INE070A01015,
SHREEPUSHK,EQ,202.2,202.4,192.45,193.9,193.55,202.4,147486,28842031.05,06-FEB-2024,7742,INE712K01011,
SHREERAMA,BE,32.4,33.5,31.65,32.45,32.3,31.95,101026,3297471.15,06-FEB-2024,382,INE879A01019,
SHRENIK,BE,1.1,1.1,1.05,1.05,1.05,1.1,1711172,1811404.75,06-FEB-2024,455,INE632X01030,
SHREYANIND,EQ,266.95,278.75,251.5,269.35,269.4,267.35,46813,12547430.8,06-FEB-2024,4239,INE231C01019,
SHREYAS,EQ,301.85,303.15,292.1,295.8,294.0,301.85,54010,16118167.7,06-FEB-2024,4334,INE757B01015,
SHRIPISTON,EQ,1731.9,1790.0,1705.05,1777.05,1775.0,1736.45,206333,362100459.55,06-FEB-2024,7208,INE526E01018,
SHRIRAMFIN,EQ,2360.0,2403.9,2323.65,2396.45,2397.95,2357.1,1502283,3578326479.35,06-FEB-2024,120417,INE721A01013,
SHRIRAMPPS,EQ,129.9,140.9,127.5,138.45,138.95,128.95,11884640,1631881278.55,06-FEB-2024,56527,INE217L01019,
SHYAMCENT,BE,24.4,25.0,24.0,24.4,24.5,24.4,373620,9123596.1,06-FEB-2024,1338,INE979R01011,
SHYAMMETL,EQ,685.45,704.65,681.45,697.3,697.0,684.75,550683,382240908.6,06-FEB-2024,11308,INE810G01011,
SHYAMTEL,EQ,10.35,10.6,10.35,10.6,10.6,10.35,762,8061.2,06-FEB-2024,9,INE635A01023,
SICALLOG,BE,252.25,257.0,252.0,257.0,257.0,252.0,10368,2642378.5,06-FEB-2024,79,INE075B01020,
SIEMENS,EQ,4169.8,4250.0,4135.05,4216.75,4240.0,4147.95,157896,662327719.95,06-FEB-2024,16770,INE003A01024,
SIGACHI,EQ,79.9,79.9,77.7,77.9,78.0,79.4,1267797,99346639.4,06-FEB-2024,7511,INE0D0K01022,
SIGIND,EQ,81.8,81.85,79.0,79.4,79.1,80.45,95979,7698804.35,06-FEB-2024,946,INE529F01035,
SIGMA,EQ,463.25,463.25,449.05,453.25,455.5,447.65,8877,4032144.55,06-FEB-2024,890,INE0A0S01010,
SIGNATURE,EQ,1228.0,1229.0,1200.0,1219.1,1218.5,1220.65,423149,513364528.9,06-FEB-2024,7589,INE903U01023,
SIKKO,BE,82.15,82.2,79.15,80.65,80.85,81.75,16994,1368435.1,06-FEB-2024,377,INE112X01017,
SIL,BE,25.2,25.75,24.05,24.65,24.6,25.15,86026,2145517.5,06-FEB-2024,456,INE173A01025,
SILGO,BE,31.45,31.45,30.0,30.2,30.75,30.9,39488,1201917.55,06-FEB-2024,277,INE01II01013,
SILINV,EQ,460.0,460.0,438.0,441.1,442.5,444.65,2854,1264741.3,06-FEB-2024,210,INE923A01015,
SILLYMONKS,EQ,20.5,21.8,20.0,20.15,20.6,20.8,46455,964479.05,06-FEB-2024,215,INE203Y01012,
SILVER,EQ,72.19,72.19,71.55,71.6,71.6,71.9,100077,7178308.89,06-FEB-2024,703,INF209KB19F6,
SILVERBEES,EQ,69.1,69.33,68.96,69.0,69.01,69.22,4261394,294379036.59,06-FEB-2024,14852,INF204KC1402,
SILVERETF,EQ,70.47,70.47,69.9,70.03,70.0,70.11,85772,6018451.58,06-FEB-2024,675,INF789F1AYK6,
SILVERIETF,EQ,71.92,71.95,71.4,71.53,71.5,71.91,986602,70784087.87,06-FEB-2024,1681,INF109KC1Y56,
SILVERTUC,EQ,714.6,714.65,688.7,690.05,690.0,687.65,33649,23280773.8,06-FEB-2024,831,INE625X01018,
SILVRETF,EQ,70.59,70.6,70.0,70.29,70.15,70.49,11184,786120.07,06-FEB-2024,108,INF769K01KG6,
SIMBHALS,EQ,34.25,36.3,33.2,33.6,33.65,34.25,828789,28462265.75,06-FEB-2024,3476,INE748T01016,
SIMPLEXINF,BE,91.55,91.55,90.0,90.0,90.0,89.8,71245,6496904.75,06-FEB-2024,72,INE059B01024,
SINDHUTRAD,EQ,28.0,29.75,27.8,29.1,29.15,28.0,9479460,273462499.55,06-FEB-2024,4734,INE325D01025,
SINTERCOM,EQ,128.8,129.0,128.0,128.55,129.0,129.2,3120,400454.7,06-FEB-2024,75,INE129Z01016,
SIRCA,EQ,368.0,369.0,352.1,364.75,365.35,373.9,783957,280118425.65,06-FEB-2024,30539,INE792Z01011,
SIS,EQ,491.0,500.95,480.55,490.45,487.25,488.9,90184,44652461.3,06-FEB-2024,11675,INE285J01028,
SIYSIL,EQ,535.05,542.0,534.1,539.75,540.3,539.8,46763,25124350.75,06-FEB-2024,3810,INE076B01028,
SJS,EQ,600.1,606.8,588.7,595.1,593.0,613.6,211155,125873729.65,06-FEB-2024,15610,INE284S01014,
SJVN,EQ,152.0,159.8,143.9,146.95,147.2,148.3,94207941,14076619992.75,06-FEB-2024,350797,INE002L01015,
SKFINDIA,EQ,4555.95,4646.25,4555.95,4628.4,4625.0,4550.3,44773,207210676.3,06-FEB-2024,3032,INE640A01023,
SKIPPER,EQ,296.9,304.8,287.15,293.35,294.0,294.9,580269,171777359.75,06-FEB-2024,19249,INE439E01022,
SKMEGGPROD,EQ,339.95,366.0,334.0,364.3,366.0,348.6,260346,91984026.0,06-FEB-2024,6801,INE411D01015,
SKYGOLD,BE,1109.0,1149.95,1090.0,1106.85,1118.0,1104.6,11507,12846141.6,06-FEB-2024,522,INE01IU01018,
SMARTLINK,EQ,178.25,179.8,176.05,178.05,178.8,178.45,9486,1685356.55,06-FEB-2024,403,INE178C01020,
SMCGLOBAL,EQ,130.5,133.4,124.5,125.65,125.0,125.1,2616929,334247881.4,06-FEB-2024,24288,INE103C01036,
SMLISUZU,EQ,1515.0,1550.0,1509.05,1523.55,1515.0,1504.75,34810,53092873.2,06-FEB-2024,5252,INE294B01019,
SMLT,EQ,339.9,397.65,333.5,391.45,397.65,331.4,643868,239970685.25,06-FEB-2024,27903,INE017W01010,
SMSLIFE,EQ,563.8,572.7,563.8,568.45,568.25,564.05,165,93920.4,06-FEB-2024,54,INE320X01016,
SMSPHARMA,EQ,130.4,134.9,129.35,130.85,131.15,129.9,228845,30204540.15,06-FEB-2024,4669,INE812G01025,
SNOWMAN,EQ,70.8,72.4,69.65,70.9,71.05,70.35,1337385,95017798.2,06-FEB-2024,6873,INE734N01019,
SOBHA,EQ,1390.15,1457.5,1390.15,1442.9,1445.0,1389.9,239975,345696843.35,06-FEB-2024,26534,INE671H01015,
SOFTTECH,EQ,283.25,283.25,267.1,270.5,276.9,280.8,7440,2025445.25,06-FEB-2024,238,INE728Z01015,
SOLARA,EQ,399.0,403.15,391.1,393.7,393.55,397.3,78495,31148370.9,06-FEB-2024,6894,INE624Z01016,
SOLARINDS,EQ,6690.0,6770.0,6625.25,6731.25,6770.0,6631.4,58331,391301222.95,06-FEB-2024,10455,INE343H01029,
SOMANYCERA,EQ,730.4,740.0,716.05,734.95,737.0,726.75,34959,25553746.9,06-FEB-2024,3813,INE355A01028,
SOMATEX,BE,23.4,23.4,21.25,23.4,23.4,22.3,137135,3147858.35,06-FEB-2024,276,INE314C01013,
SOMICONVEY,BE,106.55,108.2,106.3,108.2,108.2,108.45,2180,232990.6,06-FEB-2024,25,INE323J01019,
SONACOMS,EQ,635.1,646.9,625.0,631.3,630.0,639.5,1086519,689996736.0,06-FEB-2024,49744,INE073K01018,
SONAMLTD,EQ,83.1,85.35,81.55,82.6,81.6,84.6,101422,8411282.15,06-FEB-2024,327,INE00LM01011,
SONATSOFTW,EQ,825.0,838.1,813.45,823.25,820.0,808.25,969433,800387510.65,06-FEB-2024,52205,INE269A01021,
SOTL,EQ,397.3,410.0,396.35,401.45,402.25,397.3,200618,80776334.4,06-FEB-2024,8656,INE035D01020,
SOUTHBANK,EQ,37.65,38.75,36.75,36.95,36.95,37.45,39062763,1469472534.4,06-FEB-2024,61097,INE683A01023,
SOUTHWEST,EQ,176.05,177.0,169.05,171.8,169.95,176.15,187850,32668445.2,06-FEB-2024,2726,INE980Y01015,
SPAL,EQ,600.0,634.95,585.0,593.6,592.0,589.8,179150,108783864.2,06-FEB-2024,10731,INE212I01016,
SPANDANA,EQ,993.55,1001.75,964.0,970.85,977.7,988.6,160369,157533149.05,06-FEB-2024,11888,INE572J01011,
SPARC,BE,354.0,371.15,345.0,371.1,371.15,353.5,305498,110819598.85,06-FEB-2024,5828,INE232I01014,
SPCENET,EQ,35.3,35.3,34.0,34.25,34.25,34.75,2030226,69920337.4,06-FEB-2024,2603,INE970N01027,
SPECIALITY,EQ,266.0,266.0,248.0,249.4,249.9,262.35,262920,66769122.35,06-FEB-2024,7390,INE247M01014,
SPENCERS,EQ,114.0,118.7,111.85,117.15,116.75,113.6,733157,85144032.55,06-FEB-2024,5359,INE020801028,
SPIC,EQ,102.5,104.0,97.85,103.15,104.0,100.85,5037703,509412440.85,06-FEB-2024,26156,INE147A01011,
SPLIL,EQ,73.95,75.7,72.1,74.9,75.5,72.85,123280,9143729.95,06-FEB-2024,923,INE978G01016,
SPLPETRO,EQ,647.75,660.0,630.0,638.55,631.25,646.15,164887,105458322.35,06-FEB-2024,24873,INE663A01033,
SPMLINFRA,BE,115.1,115.1,115.1,115.1,115.1,112.85,10595,1219484.5,06-FEB-2024,24,INE937A01023,
SPORTKING,EQ,809.45,814.0,791.05,807.05,811.0,800.55,17468,13996745.25,06-FEB-2024,2197,INE885H01011,
SPYL,BE,2.5,2.5,2.5,2.5,2.5,2.55,177365,443412.5,06-FEB-2024,124,INE268L01020,
SREEL,EQ,377.35,379.95,365.0,377.05,378.0,375.65,41969,15738675.6,06-FEB-2024,4616,INE099F01013,
SRF,EQ,2250.0,2293.2,2249.2,2283.75,2278.0,2251.1,529792,1208882159.05,06-FEB-2024,20254,INE647A01010,
SRGHFL,EQ,275.6,280.8,275.5,279.35,280.0,274.25,2284,635125.0,06-FEB-2024,134,INE559N01010,
SRHHYPOLTD,EQ,565.4,568.65,551.0,553.7,551.0,563.0,26323,14648099.6,06-FEB-2024,3067,INE917H01012,
SRPL,BE,1.7,1.7,1.7,1.7,1.7,1.75,198778,337922.6,06-FEB-2024,181,INE008Z01020,
SSWL,EQ,276.8,276.8,270.55,272.55,273.8,276.4,307487,84202066.85,06-FEB-2024,11884,INE802C01033,
STAR,EQ,694.8,729.1,693.0,718.45,716.5,694.8,722157,519291104.1,06-FEB-2024,28827,INE939A01011,
STARCEMENT,EQ,186.75,192.0,186.5,189.3,189.1,185.25,518589,98327992.45,06-FEB-2024,13591,INE460H01021,
STARHEALTH,EQ,578.6,581.0,567.0,573.15,570.0,574.3,512484,294946724.25,06-FEB-2024,25877,INE575P01011,
STARPAPER,EQ,266.9,273.75,265.35,269.5,270.3,266.0,65236,17578407.0,06-FEB-2024,4210,INE733A01018,
STARTECK,BE,290.05,308.0,290.05,300.2,300.2,301.5,2636,790443.35,06-FEB-2024,78,INE992I01013,
STCINDIA,EQ,189.5,196.5,187.35,193.15,193.0,188.2,692864,133073929.3,06-FEB-2024,22619,INE655A01013,
STEELCAS,EQ,657.05,669.95,652.4,660.05,660.0,655.2,27231,17903330.3,06-FEB-2024,3401,INE124E01020,
STEELCITY,EQ,77.8,86.6,76.1,83.5,84.8,76.15,496900,41474995.55,06-FEB-2024,2896,INE395H01011,
STEELXIND,EQ,17.4,17.4,16.8,16.95,17.0,17.25,16844354,285804134.15,06-FEB-2024,17991,INE503B01021,
STEL,EQ,292.0,295.05,287.55,292.35,293.05,291.0,7365,2147348.85,06-FEB-2024,871,INE577L01016,
STERTOOLS,EQ,374.9,375.7,365.75,370.15,369.3,372.25,80453,29789495.6,06-FEB-2024,4990,INE334A01023,
STLTECH,EQ,140.4,142.8,139.55,140.65,140.9,140.4,1008000,142006627.25,06-FEB-2024,12123,INE089C01029,
STOVEKRAFT,EQ,442.25,466.0,432.8,457.45,466.0,442.15,202350,90523224.2,06-FEB-2024,10979,INE00IN01015,
STYLAMIND,EQ,1587.15,1596.0,1574.1,1588.15,1586.0,1583.65,29141,46291036.3,06-FEB-2024,4012,INE239C01020,
STYRENIX,EQ,1535.4,1560.0,1525.45,1548.05,1548.0,1505.3,33960,52373116.9,06-FEB-2024,4512,INE189B01011,
SUBEXLTD,EQ,41.7,45.15,40.35,44.8,44.75,41.45,90789562,3960710902.0,06-FEB-2024,92070,INE754A01055,
SUBROS,EQ,634.7,637.35,622.05,635.05,635.7,628.9,108875,68880042.6,06-FEB-2024,8211,INE287B01021,
SUDARSCHEM,EQ,534.9,575.5,534.8,547.65,545.55,532.9,1268697,706731258.05,06-FEB-2024,53694,INE659A01023,
SUKHJITS,EQ,525.0,525.9,509.6,516.45,517.95,522.85,10491,5462044.1,06-FEB-2024,1454,INE450E01011,
SULA,EQ,639.65,659.0,631.05,648.3,648.0,637.35,788334,507910784.85,06-FEB-2024,33400,INE142Q01026,
SUMEETINDS,BE,4.5,4.5,4.5,4.5,4.5,4.3,181141,815134.5,06-FEB-2024,47,INE235C01010,
SUMICHEM,EQ,397.85,402.4,394.0,396.45,396.5,396.65,238541,94822661.1,06-FEB-2024,15143,INE258G01013,
SUMIT,BE,56.1,56.1,56.1,56.1,56.1,55.0,14903,836058.3,06-FEB-2024,47,INE748Z01013,
SUMMITSEC,EQ,1400.0,1425.0,1340.15,1378.9,1378.0,1383.9,11223,15506948.6,06-FEB-2024,1723,INE519C01017,
SUNCLAY,EQ,1540.05,1543.0,1508.0,1521.7,1536.0,1529.75,30510,46217032.45,06-FEB-2024,5701,INE0Q3R01026,
SUNDARAM,BE,3.05,3.1,2.95,3.0,3.0,3.0,972886,2929871.1,06-FEB-2024,734,INE108E01023,
SUNDARMFIN,EQ,3722.9,3837.05,3711.6,3745.35,3745.0,3698.05,85271,320456304.05,06-FEB-2024,15421,INE660A01013,
SUNDARMHLD,EQ,190.0,192.5,186.05,187.15,187.5,188.75,123627,23228804.45,06-FEB-2024,5928,INE202Z01029,
SUNDRMBRAK,EQ,648.55,648.85,637.55,640.45,641.0,646.0,846,544696.9,06-FEB-2024,93,INE073D01013,
SUNDRMFAST,EQ,1192.2,1286.5,1162.45,1249.1,1244.25,1192.2,374336,459115189.2,06-FEB-2024,35725,INE387A01021,
SUNFLAG,EQ,229.0,240.0,226.7,237.75,236.6,230.05,668625,156589173.9,06-FEB-2024,18143,INE947A01014,
SUNPHARMA,EQ,1450.0,1478.0,1446.55,1475.1,1472.1,1463.8,1893995,2782441117.75,06-FEB-2024,140229,INE044A01036,
SUNTECK,EQ,474.25,479.4,472.0,477.15,477.0,474.25,322442,153557919.95,06-FEB-2024,13210,INE805D01034,
SUNTV,EQ,650.0,652.95,638.55,641.15,640.0,645.0,691816,445124419.85,06-FEB-2024,24214,INE424H01027,
SUPERHOUSE,EQ,243.0,244.7,239.0,239.95,240.0,241.8,16580,3999774.25,06-FEB-2024,550,INE712B01010,
SUPERSPIN,BE,8.6,8.6,8.6,8.6,8.6,8.45,72549,623921.4,06-FEB-2024,35,INE662A01027,
SUPRAJIT,EQ,390.8,398.65,388.0,391.8,392.9,388.8,208042,81725040.7,06-FEB-2024,14205,INE399C01030,
SUPREMEENG,BE,1.15,1.25,1.15,1.2,1.25,1.2,1239437,1507122.65,06-FEB-2024,719,INE319Z01021,
SUPREMEIND,EQ,4174.45,4175.65,4126.0,4148.75,4132.0,4175.65,64070,265300812.45,06-FEB-2024,9988,INE195A01028,
SUPRIYA,EQ,300.0,315.0,293.1,309.0,313.95,298.25,438080,132775680.15,06-FEB-2024,14973,INE07RO01027,
SURAJEST,EQ,324.8,329.95,322.1,325.55,325.75,324.8,76812,25099801.95,06-FEB-2024,5073,INE843S01025,
SURANASOL,BE,37.5,37.5,37.5,37.5,37.5,38.25,102768,3853800.0,06-FEB-2024,886,INE272L01022,
SURANAT&P,BE,19.0,19.0,18.7,18.7,18.7,19.65,161295,3020324.4,06-FEB-2024,1151,INE130B01031,
SURYALAXMI,EQ,80.8,81.3,77.8,79.15,78.1,78.95,33325,2637869.2,06-FEB-2024,323,INE713B01026,
SURYAROSNI,EQ,748.55,780.6,748.5,772.55,765.0,749.5,460426,353914784.9,06-FEB-2024,17496,INE335A01020,
SURYODAY,EQ,164.45,171.25,163.95,167.95,171.25,163.4,1581936,262555695.6,06-FEB-2024,21540,INE428Q01011,
SUTLEJTEX,EQ,66.7,66.7,64.6,64.8,64.95,66.2,262431,17121652.05,06-FEB-2024,1969,INE645H01027,
SUULD,BE,10.2,10.2,10.2,10.2,10.2,10.4,24226,247105.2,06-FEB-2024,90,INE591Q01016,
SUVEN,BE,107.0,112.9,106.8,111.9,112.0,108.1,568145,62072208.65,06-FEB-2024,1510,INE495B01038,
SUVENPHAR,EQ,606.0,634.0,585.2,614.15,618.45,653.1,2019278,1217621657.7,06-FEB-2024,68027,INE03QK01018,
SUVIDHAA,BE,7.4,7.4,7.4,7.4,7.4,7.05,371577,2749669.8,06-FEB-2024,888,INE018401013,
SUZLON,EQ,48.8,48.8,47.2,48.0,48.2,48.25,53168885,2547711427.75,06-FEB-2024,171375,INE040H01021,
SVLL,BE,244.0,255.0,241.3,241.3,241.3,254.0,589,146455.5,06-FEB-2024,17,INE00CE01017,
SVPGLOB,BE,9.75,10.05,9.2,9.5,9.35,9.65,452061,4324573.9,06-FEB-2024,611,INE308E01029,
SWANENERGY,EQ,677.5,685.0,666.05,673.6,670.0,676.2,2618820,1769178090.7,06-FEB-2024,28439,INE665A01038,
SWARAJENG,EQ,2340.0,2365.0,2328.1,2345.85,2343.95,2329.3,7285,17075101.7,06-FEB-2024,1431,INE277A01016,
SWELECTES,EQ,745.0,873.45,734.95,864.35,873.45,727.9,583357,486172297.25,06-FEB-2024,28885,INE409B01013,
SWSOLAR,EQ,579.0,597.8,571.85,586.85,587.0,572.05,1117762,655036527.85,06-FEB-2024,21198,INE00M201021,
SYMPHONY,EQ,942.95,955.0,936.6,944.05,949.5,936.35,128028,120896789.15,06-FEB-2024,9961,INE225D01027,
SYNCOMF,BE,16.0,16.0,15.5,15.65,15.85,15.75,1958575,30734825.15,06-FEB-2024,6801,INE312C01025,
SYNGENE,EQ,734.8,771.5,734.8,769.85,769.45,741.5,1530997,1170882305.2,06-FEB-2024,63741,INE398R01022,
SYRMA,EQ,570.3,576.0,541.0,570.45,567.0,565.35,978298,544689760.4,06-FEB-2024,58592,INE0DYJ01015,
TAINWALCHM,EQ,143.15,150.55,142.05,149.05,149.0,141.5,18934,2789941.75,06-FEB-2024,456,INE123C01018,
TAJGVK,EQ,317.05,326.2,312.5,319.6,318.0,309.8,1348742,432163873.25,06-FEB-2024,32486,INE586B01026,
TAKE,EQ,32.5,33.8,31.55,32.95,32.6,32.35,2102877,69155174.1,06-FEB-2024,6199,INE142I01023,
TALBROAUTO,BE,275.45,279.0,271.0,272.3,272.0,272.65,49095,13488208.95,06-FEB-2024,866,INE187D01029,
TANLA,EQ,990.8,1008.95,980.35,985.05,988.3,989.65,440796,437684908.05,06-FEB-2024,23684,INE483C01032,
TARAPUR,BE,6.35,6.45,6.35,6.45,6.45,6.45,30397,194571.55,06-FEB-2024,55,INE747K01017,
TARC,BE,152.0,157.9,147.0,155.5,155.0,150.85,571574,86810377.75,06-FEB-2024,2020,INE0EK901012,
TARMAT,EQ,101.0,104.7,99.15,101.2,100.8,100.8,277623,28266144.5,06-FEB-2024,2622,INE924H01018,
TARSONS,EQ,481.5,485.1,472.9,475.35,476.75,485.7,137001,65231784.65,06-FEB-2024,9968,INE144Z01023,
TASTYBITE,EQ,13963.15,13990.0,13875.0,13907.25,13896.0,13884.1,1565,21785992.6,06-FEB-2024,429,INE488B01017,
TATACHEM,EQ,935.25,1002.4,935.25,991.95,990.0,979.25,5059499,4954845633.8,06-FEB-2024,159698,INE092A01019,
TATACOMM,EQ,1683.15,1708.1,1671.55,1705.05,1703.0,1683.15,498733,844561278.25,06-FEB-2024,26676,INE151A01013,
TATACONSUM,EQ,1142.1,1166.8,1142.1,1163.55,1160.55,1150.75,1219085,1412599356.0,06-FEB-2024,57085,INE192A01025,
TATAELXSI,EQ,7697.95,7787.95,7643.75,7721.8,7716.0,7601.0,154874,1193829769.45,06-FEB-2024,24661,INE670A01012,
TATAGOLD,EQ,6.3,6.35,6.22,6.24,6.24,6.23,2407249,15042621.3,06-FEB-2024,4228,INF277KA1976,
TATAINVEST,EQ,5559.8,5645.3,5515.0,5573.5,5585.0,5524.5,59498,331661542.0,06-FEB-2024,12002,INE672A01018,
TATAMOTORS,EQ,936.4,941.3,928.4,939.55,939.7,926.8,12714803,11918259367.8,06-FEB-2024,326341,INE155A01022,
TATAMTRDVR,EQ,619.7,623.0,614.4,619.35,620.5,614.95,1934121,1198365668.6,06-FEB-2024,34364,IN9155A01020,
TATAPOWER,EQ,396.65,396.65,386.75,392.95,393.3,394.0,12288416,4818524418.0,06-FEB-2024,142988,INE245A01021,
TATASTEEL,EQ,143.0,145.1,140.45,144.65,144.6,141.55,53192936,7608022638.7,06-FEB-2024,256507,INE081A01020,
TATATECH,EQ,1082.5,1163.55,1071.05,1130.25,1135.9,1081.75,3429953,3881124441.9,06-FEB-2024,156718,INE142M01025,
TATSILV,EQ,7.02,7.1,6.99,7.0,7.0,7.02,1110584,7783957.08,06-FEB-2024,1264,INF277KA1984,
TATVA,EQ,1332.0,1346.2,1290.0,1298.5,1298.0,1331.15,40131,52754033.4,06-FEB-2024,6354,INE0GK401011,
TBZ,EQ,133.0,134.15,131.5,133.15,132.95,132.35,126606,16829388.3,06-FEB-2024,2811,INE760L01018,
TCI,EQ,972.0,1005.0,971.6,998.2,993.25,978.1,112665,111597907.45,06-FEB-2024,10805,INE688A01022,
TCIEXP,EQ,1345.1,1362.65,1335.0,1343.45,1345.85,1338.4,32057,43229584.1,06-FEB-2024,5353,INE586V01016,
TCLCONS,BE,35.3,35.3,35.3,35.3,35.3,34.65,6392,225637.6,06-FEB-2024,49,INE388G01026,
TCNSBRANDS,EQ,410.65,425.85,408.7,424.55,424.5,409.2,275344,115586667.85,06-FEB-2024,14181,INE778U01029,
TCPLPACK,EQ,2101.05,2155.25,2071.15,2129.65,2132.0,2142.2,40852,85746829.75,06-FEB-2024,2093,INE822C01015,
TCS,EQ,3997.0,4149.9,3990.0,4136.0,4129.35,3973.3,4474396,18373368282.15,06-FEB-2024,325723,INE467B01029,
TDPOWERSYS,EQ,287.85,295.3,287.15,291.7,292.0,284.45,325352,94936183.0,06-FEB-2024,18544,INE419M01027,
TEAMLEASE,EQ,2961.0,3146.3,2960.65,3042.6,3022.5,2947.1,55499,170215920.6,06-FEB-2024,10714,INE985S01024,
TECH,EQ,38.47,39.69,38.47,39.59,39.68,38.49,33998,1338644.07,06-FEB-2024,393,INF209KB11D8,
TECHIN,BE,41.65,41.65,41.65,41.65,41.65,40.85,5629,234447.85,06-FEB-2024,16,INE778A01021,
TECHM,EQ,1330.0,1362.4,1328.1,1351.05,1355.1,1332.75,2713529,3660693775.1,06-FEB-2024,108028,INE669C01036,
TECHNOE,EQ,771.0,785.4,765.0,768.95,768.9,770.9,75814,58654561.65,06-FEB-2024,12145,INE285K01026,
TECILCHEM,BE,22.7,22.7,21.65,22.7,22.7,21.65,41105,932493.45,06-FEB-2024,89,INE014B01011,
TEGA,EQ,1164.0,1193.95,1162.05,1183.45,1185.0,1160.35,53847,63703267.2,06-FEB-2024,7824,INE011K01018,
TEJASNET,EQ,753.45,762.15,750.0,759.3,759.0,753.45,172382,130692133.65,06-FEB-2024,12177,INE010J01012,
TEMBO,EQ,295.9,295.9,279.95,287.05,288.45,282.65,73978,21009265.5,06-FEB-2024,2073,INE869Y01010,
TERASOFT,BE,68.4,69.3,68.4,69.3,69.3,66.0,66512,4591353.6,06-FEB-2024,443,INE482B01010,
TEXINFRA,EQ,122.9,125.6,119.0,122.95,122.4,121.75,1638644,200256638.4,06-FEB-2024,16477,INE435C01024,
TEXMOPIPES,EQ,86.3,88.65,85.6,86.3,86.45,86.1,143294,12380734.8,06-FEB-2024,1264,INE141K01013,
TEXRAIL,EQ,206.0,210.0,203.6,206.85,207.0,203.15,2899663,599062653.2,06-FEB-2024,32660,INE621L01012,
TFCILTD,EQ,242.0,243.95,214.2,217.55,218.1,234.2,7864250,1756517692.95,06-FEB-2024,41874,INE305A01015,
TFL,BE,11.45,11.8,11.4,11.45,11.4,11.45,15197,174889.45,06-FEB-2024,61,INE804H01012,
TGBHOTELS,BE,17.2,17.4,16.0,17.15,17.0,16.6,193528,3293249.1,06-FEB-2024,345,INE797H01018,
THANGAMAYL,EQ,1406.05,1420.0,1372.1,1388.15,1386.0,1405.95,16488,23084834.5,06-FEB-2024,3064,INE085J01014,
THEINVEST,BE,164.95,165.0,155.6,156.05,155.6,163.75,24546,3893722.65,06-FEB-2024,183,INE924D01017,
THEJO,EQ,1904.0,1929.0,1901.15,1911.25,1910.0,1896.55,1669,3190273.05,06-FEB-2024,236,INE121N01019,
THEMISMED,EQ,236.0,236.0,222.0,229.55,227.9,227.85,288961,66315359.55,06-FEB-2024,11805,INE083B01024,
THERMAX,EQ,3129.9,3288.0,3085.25,3240.15,3256.0,3124.85,116089,366460608.35,06-FEB-2024,12243,INE152A01029,
THOMASCOOK,EQ,174.2,179.25,170.0,177.55,176.7,173.0,1044259,184445571.25,06-FEB-2024,10608,INE332A01027,
THOMASCOTT,BE,323.85,323.85,323.85,323.85,323.85,317.5,7860,2545461.0,06-FEB-2024,28,INE480M01011,
THYROCARE,EQ,622.9,633.0,609.3,611.1,609.8,615.5,96633,59571388.95,06-FEB-2024,8892,INE594H01019,
TI,EQ,233.0,233.45,220.65,225.0,225.75,229.9,1186330,267123020.1,06-FEB-2024,27781,INE133E01013,
TIDEWATER,EQ,1760.45,1777.3,1725.05,1746.95,1742.0,1742.25,65416,114407083.05,06-FEB-2024,4746,INE484C01030,
TIIL,EQ,2442.0,2465.95,2373.15,2427.35,2428.0,2442.65,7302,17626093.25,06-FEB-2024,1999,INE545H01011,
TIINDIA,EQ,3627.0,3659.95,3581.65,3598.25,3590.0,3608.05,270217,976016453.0,06-FEB-2024,17470,INE974X01010,
TIJARIA,EQ,6.05,6.3,5.8,6.2,6.3,6.05,72410,444612.3,06-FEB-2024,204,INE440L01017,
TIMESGTY,BE,111.4,111.4,106.15,108.75,109.5,109.15,1616,174977.75,06-FEB-2024,43,INE289C01025,
TIMETECHNO,EQ,164.0,174.95,162.55,173.6,174.5,163.8,2136697,361939033.35,06-FEB-2024,34717,INE508G01029,
TIMKEN,EQ,3290.0,3355.0,3190.0,3199.2,3198.0,3300.75,102048,333483877.65,06-FEB-2024,13116,INE325A01013,
TIPSFILMS,BE,747.95,747.95,707.0,716.55,712.0,736.65,4728,3415110.0,06-FEB-2024,183,INE0LQS01015,
TIPSINDLTD,EQ,410.0,429.1,403.2,423.0,417.85,413.6,384096,161830109.65,06-FEB-2024,19399,INE716B01029,
TIRUMALCHM,EQ,234.0,235.5,225.65,233.25,232.5,232.55,563350,129816126.35,06-FEB-2024,17208,INE338A01024,
TIRUPATIFL,BE,17.3,17.3,17.3,17.3,17.3,17.0,190893,3302448.9,06-FEB-2024,372,INE319Y01024,
TITAGARH,EQ,1026.9,1039.0,1007.75,1030.55,1032.2,1020.45,617237,634934848.9,06-FEB-2024,40366,INE615H01020,
TITAN,EQ,3552.05,3577.95,3531.6,3559.15,3560.9,3552.05,1069901,3799503657.6,06-FEB-2024,97206,INE280A01028,
TMB,EQ,495.0,508.45,495.0,499.75,501.0,496.35,103741,52048302.15,06-FEB-2024,7212,INE668A01016,
TNIDETF,EQ,77.0,78.5,77.0,78.26,78.33,77.4,33393,2605676.72,06-FEB-2024,527,INF277KA1364,
TNPETRO,EQ,110.0,111.75,107.75,110.95,110.65,106.75,2206906,242741046.95,06-FEB-2024,16578,INE148A01019,
TNPL,EQ,280.75,283.7,275.95,278.65,278.0,277.0,425630,119002906.9,06-FEB-2024,11640,INE107A01015,
TNTELE,BE,15.1,15.25,13.9,14.85,15.25,14.55,171897,2585068.85,06-FEB-2024,490,INE141D01018,
TOKYOPLAST,EQ,121.0,121.2,117.05,117.75,118.0,118.95,14539,1727759.0,06-FEB-2024,504,INE932C01012,
TORNTPHARM,EQ,2636.0,2642.0,2581.0,2610.75,2614.25,2643.7,234980,614138679.45,06-FEB-2024,34839,INE685A01028,
TORNTPOWER,EQ,1125.0,1170.0,1122.05,1164.85,1165.0,1121.05,831483,964774201.9,06-FEB-2024,63265,INE813H01021,
TOTAL,EQ,126.4,126.4,120.45,121.45,122.0,123.15,27045,3309937.05,06-FEB-2024,588,INE336X01012,
TOUCHWOOD,EQ,148.65,152.8,146.3,150.0,150.0,145.65,1573,236486.8,06-FEB-2024,49,INE486Y01013,
TPHQ,BE,1.2,1.2,1.2,1.2,1.2,1.2,2655646,3186775.2,06-FEB-2024,708,INE065J01024,
TPLPLASTEH,EQ,68.5,69.65,65.35,66.8,67.0,67.7,538842,36239479.7,06-FEB-2024,4462,INE413G01022,
TRACXN,EQ,100.85,103.4,99.05,101.85,101.75,100.4,2047910,206828599.75,06-FEB-2024,13134,INE0HMF01019,
TREEHOUSE,EQ,22.95,24.0,22.95,23.75,23.65,23.35,60789,1438730.75,06-FEB-2024,377,INE040M01013,
TREJHARA,BE,174.7,174.7,169.95,173.85,173.9,171.8,13746,2376473.15,06-FEB-2024,180,INE00CA01015,
TREL,EQ,55.5,59.8,55.5,57.4,57.5,55.0,3739869,217640882.8,06-FEB-2024,14048,INE0O3901029,
TRENT,EQ,3025.0,3121.4,3021.65,3035.0,3040.0,3027.15,718388,2195114298.85,06-FEB-2024,84959,INE849A01020,
TRF,EQ,256.55,275.45,256.55,273.1,272.0,255.95,277603,74700842.7,06-FEB-2024,6402,INE391D01019,
TRIDENT,EQ,46.2,49.15,44.1,44.8,44.85,46.0,68377522,3195200549.2,06-FEB-2024,123888,INE064C01022,
TRIGYN,EQ,155.4,163.55,154.3,160.1,160.3,155.4,412027,65868055.45,06-FEB-2024,9235,INE948A01012,
TRIL,BE,336.8,336.8,320.6,324.4,326.95,337.45,242849,78420993.9,06-FEB-2024,3864,INE763I01026,
TRITURBINE,EQ,375.0,424.8,369.1,424.8,424.8,354.0,14214394,5743750689.45,06-FEB-2024,257259,INE152M01016,
TRIVENI,EQ,352.5,356.0,346.7,352.65,352.6,349.9,731546,257670862.05,06-FEB-2024,23019,INE256C01024,
TRU,EQ,77.8,77.8,73.6,74.95,75.0,77.25,1060553,79397781.3,06-FEB-2024,4031,INE615R01029,
TTKHLTCARE,EQ,1427.55,1554.0,1427.55,1539.85,1539.0,1448.15,241351,360741369.75,06-FEB-2024,12817,INE910C01018,
TTKPRESTIG,EQ,786.0,807.0,776.3,788.6,789.0,783.35,319176,252921456.9,06-FEB-2024,27795,INE690A01028,
TTL,EQ,107.8,116.45,107.8,110.95,111.95,107.4,106481,12029096.3,06-FEB-2024,1456,INE592B01016,
TTML,EQ,93.2,94.5,91.2,92.1,91.65,92.75,7613636,707700684.7,06-FEB-2024,27710,INE517B01013,
TV18BRDCST,BE,61.25,62.0,60.5,61.1,61.15,60.75,3552055,216587666.15,06-FEB-2024,13638,INE886H01027,
TVSELECT,EQ,345.1,347.85,343.1,345.9,346.9,345.1,36926,12775131.9,06-FEB-2024,2675,INE236G01019,
TVSHLTD,EQ,8400.0,8955.9,8318.7,8898.65,8910.0,8305.0,33107,288124202.2,06-FEB-2024,12727,INE105A01035,
TVSMOTOR,EQ,2034.0,2068.0,2024.15,2047.5,2048.0,2024.15,707510,1449915109.0,06-FEB-2024,50413,INE494B01023,
TVSSCS,EQ,189.45,192.9,186.75,188.75,188.8,191.45,669824,126929079.65,06-FEB-2024,14425,INE395N01027,
TVSSRICHAK,EQ,4329.2,4429.95,4294.9,4367.25,4356.0,4307.65,3548,15487742.1,06-FEB-2024,1089,INE421C01016,
TVTODAY,EQ,245.55,251.8,241.5,248.75,247.0,244.1,175651,43459986.85,06-FEB-2024,8802,INE038F01029,
TVVISION,EQ,5.5,5.5,5.5,5.5,5.5,5.25,4652,25586.0,06-FEB-2024,20,INE871L01013,
UBL,EQ,1781.0,1802.95,1759.3,1797.95,1799.7,1776.7,111679,200079081.45,06-FEB-2024,8626,INE686F01025,
UCAL,EQ,160.0,161.45,158.0,159.8,159.95,158.45,25195,4018252.05,06-FEB-2024,667,INE139B01016,
UCOBANK,EQ,59.35,62.9,55.85,58.8,59.25,57.75,140960899,8370631985.5,06-FEB-2024,184578,INE691A01018,
UDS,EQ,350.45,373.6,342.5,348.3,351.7,347.55,1055737,379852597.05,06-FEB-2024,45168,INE851I01011,
UFLEX,EQ,452.55,457.85,452.45,453.65,455.0,453.75,37583,17115130.4,06-FEB-2024,2597,INE516A01017,
UFO,EQ,155.0,159.5,151.95,157.65,158.35,156.05,759508,118433117.85,06-FEB-2024,20487,INE527H01019,
UGARSUGAR,EQ,85.95,87.0,85.1,85.6,85.55,85.25,572586,49227152.45,06-FEB-2024,4942,INE071E01023,
UGROCAP,EQ,287.0,294.4,282.35,286.95,289.9,284.05,464292,133838347.4,06-FEB-2024,19222,INE583D01011,
UJJIVAN,EQ,557.25,567.55,550.15,563.55,565.0,555.1,859134,480109653.9,06-FEB-2024,21932,INE334L01012,
UJJIVANSFB,EQ,57.25,59.3,57.2,58.65,58.75,57.2,18248338,1069428246.35,06-FEB-2024,44168,INE551W01018,
ULTRACEMCO,EQ,9980.0,10075.0,9920.3,10048.75,10066.0,9916.35,250870,2516084466.9,06-FEB-2024,41961,INE481G01011,
UMAEXPORTS,BE,80.0,80.5,74.8,77.65,79.0,78.7,253110,19791791.3,06-FEB-2024,1565,INE0GIU01018,
UMANGDAIRY,EQ,81.25,82.0,78.55,80.85,80.65,80.5,32934,2656840.45,06-FEB-2024,484,INE864B01027,
UMESLTD,BE,6.8,6.8,6.5,6.6,6.65,6.5,172835,1152391.95,06-FEB-2024,376,INE240C01028,
UNICHEMLAB,EQ,572.0,572.0,520.05,524.9,532.0,561.35,636665,343136970.4,06-FEB-2024,29893,INE351A01035,
UNIDT,EQ,295.8,314.9,292.0,309.3,314.0,291.45,271270,83351177.95,06-FEB-2024,16786,INE961D01019,
UNIENTER,EQ,147.0,149.95,142.6,144.75,144.8,145.65,26535,3904905.55,06-FEB-2024,765,INE037A01022,
UNIINFO,EQ,36.95,38.75,34.95,37.35,36.4,36.5,36877,1372810.6,06-FEB-2024,259,INE481Z01011,
UNIONBANK,EQ,148.0,149.45,144.2,144.95,145.05,146.75,18584278,2711227588.55,06-FEB-2024,97746,INE692A01016,
UNIPARTS,EQ,575.95,581.0,568.3,570.75,572.15,575.85,74728,42806798.9,06-FEB-2024,6266,INE244O01017,
UNITEDPOLY,EQ,100.2,100.95,97.65,99.5,98.25,98.15,19776,1958615.7,06-FEB-2024,483,INE368U01011,
UNITEDTEA,EQ,330.15,337.1,330.05,335.3,336.0,330.0,2474,824912.55,06-FEB-2024,130,INE458F01011,
UNIVASTU,EQ,118.5,126.0,118.5,125.95,123.5,124.0,110750,13884766.3,06-FEB-2024,398,INE562X01013,
UNIVCABLES,EQ,476.15,496.0,476.15,494.1,493.0,480.55,22618,11000643.15,06-FEB-2024,2581,INE279A01012,
UNIVPHOTO,EQ,411.95,420.0,408.0,416.85,415.45,411.75,2756,1138093.95,06-FEB-2024,191,INE03V001013,
UNOMINDA,EQ,693.5,697.35,683.5,691.65,690.2,689.7,397736,274588840.6,06-FEB-2024,22347,INE405E01023,
UPL,EQ,476.2,486.0,468.3,481.85,483.9,474.0,6661787,3193900396.25,06-FEB-2024,121019,INE628A01036,
URAVI,EQ,335.4,338.8,311.75,321.65,323.4,331.55,12339,4010578.3,06-FEB-2024,1704,INE568Z01015,
URJA,BE,35.9,35.9,35.9,35.9,35.9,37.75,2762016,99156374.4,06-FEB-2024,25718,INE550C01020,
USHAMART,EQ,360.5,373.75,338.45,345.3,345.7,360.05,2306503,814869403.55,06-FEB-2024,65268,INE228A01035,
USK,EQ,51.1,60.95,51.1,60.95,60.95,50.8,5131825,295330765.0,06-FEB-2024,19805,INE0N0Y01013,
UTIAMC,EQ,920.0,946.85,920.0,924.45,923.95,919.95,162040,150617178.75,06-FEB-2024,16248,INE094J01016,
UTIBANKETF,EQ,46.94,46.94,46.1,46.49,46.59,46.53,92769,4310329.56,06-FEB-2024,843,INF789F1AUV1,
UTINEXT50,EQ,60.7,60.7,58.53,59.77,59.87,58.91,35523,2099345.53,06-FEB-2024,202,INF789F1AUW9,
UTINIFTETF,EQ,236.89,236.89,233.99,235.57,235.83,233.87,468153,109665426.84,06-FEB-2024,223,INF789F1AZC0,
UTISENSETF,EQ,781.97,781.97,764.03,774.97,774.94,774.78,574,443728.28,06-FEB-2024,85,INF789FB1X58,
UTISXN50,EQ,73.05,73.05,69.19,70.35,69.3,70.92,3872,276095.6,06-FEB-2024,124,INF789F1AUU3,
UTKARSHBNK,EQ,60.5,62.4,60.3,60.65,60.85,60.1,9583698,586140828.2,06-FEB-2024,20295,INE735W01017,
UTTAMSUGAR,EQ,390.0,391.5,381.8,387.45,387.5,386.3,235306,91173189.2,06-FEB-2024,9851,INE786F01031,
V2RETAIL,EQ,359.35,364.0,351.0,360.6,361.45,359.1,95865,34611176.35,06-FEB-2024,3323,INE945H01013,
VADILALIND,EQ,3248.8,3329.95,3248.0,3264.1,3250.0,3248.8,14536,47535234.25,06-FEB-2024,1811,INE694D01016,
VAIBHAVGBL,EQ,474.8,498.6,474.8,489.5,490.0,471.8,857557,421267149.45,06-FEB-2024,34544,INE884A01027,
VAISHALI,EQ,165.75,171.4,164.6,166.25,167.0,165.75,67968,11346939.75,06-FEB-2024,658,INE972X01014,
VAKRANGEE,EQ,27.15,28.6,26.55,28.05,28.2,27.15,21863225,607959461.65,06-FEB-2024,45836,INE051B01021,
VALIANTLAB,EQ,194.0,204.9,194.0,198.05,198.2,197.15,155369,31004652.3,06-FEB-2024,7837,INE0JWS01017,
VALIANTORG,EQ,465.0,472.45,457.05,470.0,470.0,465.05,43928,20444824.0,06-FEB-2024,5271,INE565V01010,
VARDHACRLC,EQ,65.65,68.3,65.65,67.25,67.45,65.3,365839,24611775.5,06-FEB-2024,2422,INE116G01013,
VARDMNPOLY,BE,70.0,74.0,70.0,70.8,71.9,71.6,27631,2001414.45,06-FEB-2024,114,INE835A01011,
VARROC,EQ,610.0,617.0,602.5,605.6,607.0,600.05,311228,189476091.55,06-FEB-2024,15639,INE665L01035,
VASCONEQ,EQ,85.45,93.15,84.7,90.45,89.5,85.0,12473880,1126360172.15,06-FEB-2024,48824,INE893I01013,
VASWANI,EQ,34.25,38.4,33.75,37.75,38.1,34.25,1200784,44311607.65,06-FEB-2024,3570,INE590L01019,
VBL,EQ,1321.0,1350.0,1308.2,1347.15,1346.0,1302.5,4157457,5553688204.7,06-FEB-2024,179030,INE200M01021,
VCL,BE,1.45,1.5,1.4,1.45,1.45,1.45,405088,580321.05,06-FEB-2024,449,INE098201036,
VEDL,EQ,273.7,284.5,269.85,283.0,281.95,273.6,11559491,3219209987.15,06-FEB-2024,92611,INE205A01025,
VENKEYS,EQ,1965.05,1996.05,1957.95,1980.9,1985.6,1961.55,43112,85371554.35,06-FEB-2024,4710,INE398A01010,
VENUSPIPES,EQ,1462.0,1522.0,1445.0,1514.8,1513.65,1461.85,257865,387245811.15,06-FEB-2024,16622,INE0JA001018,
VENUSREM,EQ,381.55,390.15,381.55,388.25,387.6,385.2,23315,9028387.35,06-FEB-2024,2329,INE411B01019,
VERANDA,EQ,272.05,280.0,263.05,268.4,267.1,272.05,218480,59233617.65,06-FEB-2024,8823,INE0IQ001011,
VERTOZ,BE,758.0,765.8,736.0,751.4,752.65,730.15,43036,32462111.7,06-FEB-2024,533,INE188Y01015,
VESUVIUS,EQ,3576.05,3740.0,3540.35,3661.0,3679.75,3572.5,25923,95338326.5,06-FEB-2024,7647,INE386A01015,
VETO,EQ,123.05,126.7,123.05,124.7,124.8,123.55,111214,13847486.45,06-FEB-2024,1155,INE918N01018,
VGUARD,EQ,316.0,317.95,307.0,308.25,309.0,314.65,719025,223869836.0,06-FEB-2024,22691,INE951I01027,
VHL,EQ,3387.0,3495.0,3386.0,3425.95,3406.2,3377.0,3109,10738507.6,06-FEB-2024,621,INE701A01023,
VIDHIING,EQ,411.15,411.45,406.25,408.15,408.9,409.1,10746,4396069.9,06-FEB-2024,1217,INE632C01026,
VIJAYA,EQ,629.0,643.7,623.85,630.1,639.0,620.15,654015,414238023.85,06-FEB-2024,62991,INE043W01024,
VIJIFIN,BE,2.55,2.6,2.45,2.6,2.6,2.5,619502,1594993.7,06-FEB-2024,818,INE159N01027,
VIKASECO,EQ,4.5,4.6,4.45,4.45,4.5,4.45,24950294,112143681.45,06-FEB-2024,16554,INE806A01020,
VIKASLIFE,BE,7.5,7.5,7.1,7.25,7.3,7.35,11332077,82303492.7,06-FEB-2024,19308,INE161L01027,
VIMTALABS,EQ,483.05,501.0,478.75,492.7,494.7,474.6,173111,84874752.15,06-FEB-2024,13840,INE579C01029,
VINATIORGA,EQ,1691.65,1691.65,1670.0,1679.6,1680.0,1690.05,96994,162845604.5,06-FEB-2024,14975,INE410B01037,
VINDHYATEL,EQ,2600.0,2778.85,2577.25,2745.25,2744.0,2615.85,37661,100925725.2,06-FEB-2024,4612,INE707A01012,
VINEETLAB,BE,73.8,75.5,71.6,72.05,72.5,73.8,23960,1737970.35,06-FEB-2024,206,INE505Y01010,
VINNY,BE,3.9,3.9,3.9,3.9,3.9,3.85,87391,340824.9,06-FEB-2024,75,INE01KI01027,
VINYLINDIA,EQ,421.95,429.0,415.8,419.35,420.5,421.9,41646,17560931.1,06-FEB-2024,3005,INE250B01029,
VIPCLOTHNG,EQ,52.0,52.75,49.2,50.55,50.7,51.5,1466405,74676583.8,06-FEB-2024,6974,INE450G01024,
VIPIND,EQ,543.0,553.4,540.0,546.3,546.0,540.7,416545,227541386.35,06-FEB-2024,15521,INE054A01027,
VIPULLTD,EQ,15.6,15.6,15.25,15.4,15.4,15.45,82511,1268395.55,06-FEB-2024,469,INE946H01037,
VIRINCHI,EQ,36.35,37.7,35.85,36.6,36.55,35.9,5590025,205272680.8,06-FEB-2024,6787,INE539B01017,
VISAKAIND,EQ,120.7,139.0,120.15,136.35,138.0,119.45,3863726,511000819.5,06-FEB-2024,21233,INE392A01021,
VISASTEEL,BE,20.2,20.2,20.2,20.2,20.2,19.25,22094,446298.8,06-FEB-2024,64,INE286H01012,
VISESHINFO,BE,0.8,0.85,0.75,0.8,0.85,0.8,43370623,34337311.5,06-FEB-2024,11872,INE861A01058,
VISHNU,EQ,314.7,317.6,311.0,312.15,311.0,314.95,66560,20866467.4,06-FEB-2024,3970,INE270I01022,
VISHWARAJ,EQ,18.5,18.9,17.9,18.35,18.25,18.35,3813312,70179033.5,06-FEB-2024,6308,INE430N01022,
VIVIDHA,BE,1.6,1.6,1.6,1.6,1.6,1.65,332010,531216.0,06-FEB-2024,333,INE370E01029,
VLEGOV,BE,69.55,72.85,67.7,72.85,72.85,69.4,933142,66161797.3,06-FEB-2024,1963,INE03HW01020,
VLSFINANCE,EQ,270.0,274.0,262.55,266.95,265.05,264.35,77268,20754828.65,06-FEB-2024,2605,INE709A01018,
VMART,EQ,2100.0,2208.0,2052.65,2101.05,2080.0,2085.9,76234,164305901.75,06-FEB-2024,14244,INE665J01013,
VOLTAMP,EQ,7870.0,8089.85,7820.0,8007.5,8011.0,7855.0,27382,218224608.6,06-FEB-2024,9573,INE540H01012,
VOLTAS,EQ,1028.2,1044.85,1015.55,1028.45,1030.0,1023.1,1008129,1039290191.25,06-FEB-2024,33241,INE226A01021,
VPRPL,EQ,214.55,214.55,210.35,212.6,213.35,212.3,571857,121504147.4,06-FEB-2024,10033,INE0AE001013,
VRLLOG,EQ,700.0,718.0,685.1,689.05,688.0,709.6,289976,202648103.35,06-FEB-2024,26913,INE366I01010,
VSSL,EQ,218.2,222.25,212.1,221.55,222.2,217.45,118739,25948817.75,06-FEB-2024,7199,INE050M01012,
VSTIND,EQ,3608.0,3609.9,3587.0,3595.35,3595.1,3586.75,3612,12992964.2,06-FEB-2024,1262,INE710A01016,
VSTTILLERS,EQ,3077.9,3113.0,3007.65,3026.45,3025.0,3036.1,21782,66150545.65,06-FEB-2024,5579,INE764D01017,
VTL,EQ,425.05,435.0,423.55,427.45,427.9,427.8,414576,177817055.6,06-FEB-2024,23805,INE825A01020,
WABAG,EQ,709.2,714.45,699.5,704.5,706.0,703.35,273030,193026605.35,06-FEB-2024,16906,INE956G01038,
WALCHANNAG,EQ,213.45,213.45,206.75,213.45,213.45,203.3,958821,203863663.15,06-FEB-2024,3717,INE711A01022,
WANBURY,BE,157.75,157.75,157.75,157.75,157.75,154.7,91175,14382856.25,06-FEB-2024,134,INE107F01022,
WEALTH,EQ,474.9,479.0,452.6,478.2,479.0,456.2,3950,1871023.85,06-FEB-2024,165,INE658T01017,
WEBELSOLAR,EQ,449.3,449.3,410.3,414.05,415.45,427.95,1821488,782138124.5,06-FEB-2024,40802,INE855C01015,
WEIZMANIND,EQ,110.9,112.0,108.0,108.95,108.95,110.9,5063,557058.95,06-FEB-2024,157,INE080A01014,
WEL,EQ,317.0,340.9,315.45,331.85,340.15,314.25,5803,1898092.05,06-FEB-2024,535,INE02WG01016,
WELCORP,EQ,598.95,623.9,580.0,596.1,597.0,595.7,2725969,1643191539.45,06-FEB-2024,73047,INE191B01025,
WELENT,EQ,361.65,369.5,358.0,367.3,367.5,360.85,274484,99858054.8,06-FEB-2024,12150,INE625G01013,
WELINV,EQ,729.9,730.0,710.0,717.15,710.0,721.05,203,145496.55,06-FEB-2024,56,INE389K01018,
WELSPUNLIV,EQ,152.8,155.5,151.3,152.45,152.5,152.3,1415483,217061183.9,06-FEB-2024,27688,INE192B01031,
WENDT,EQ,12800.0,12849.8,12640.0,12826.2,12806.45,12809.55,404,5152413.85,06-FEB-2024,250,INE274C01019,
WESTLIFE,EQ,845.0,845.0,819.6,830.0,823.0,837.55,95912,79544642.95,06-FEB-2024,8768,INE274F01020,
WEWIN,BE,76.05,77.8,72.8,75.7,75.5,76.0,25324,1902718.85,06-FEB-2024,216,INE082W01014,
WHEELS,EQ,652.45,660.9,648.1,659.5,660.0,649.2,38085,24971176.35,06-FEB-2024,2886,INE715A01015,
WHIRLPOOL,EQ,1360.0,1373.6,1353.15,1367.1,1369.0,1354.5,51434,70210861.45,06-FEB-2024,6348,INE716A01013,
WILLAMAGOR,BE,33.55,34.6,33.55,33.85,33.65,34.1,4899,165554.55,06-FEB-2024,37,INE210A01017,
WINDLAS,EQ,465.75,487.2,465.75,480.5,482.1,465.0,67626,32421746.8,06-FEB-2024,6390,INE0H5O01029,
WINDMACHIN,EQ,86.9,87.4,82.8,84.15,84.25,84.3,115857,9855589.25,06-FEB-2024,2819,INE052A01021,
WINSOME,BE,3.8,3.9,3.8,3.85,3.85,3.85,193608,743278.6,06-FEB-2024,215,INE784B01035,
WIPL,BE,190.0,190.0,175.75,179.65,181.0,185.0,9166,1656616.1,06-FEB-2024,43,INE215F01023,
WIPRO,EQ,484.7,501.8,483.1,499.65,499.45,482.35,14512019,7210461310.9,06-FEB-2024,206606,INE075A01022,
WOCKPHARMA,EQ,446.1,474.95,445.8,458.1,457.9,440.9,1734864,803539006.2,06-FEB-2024,51937,INE049B01025,
WONDERLA,EQ,878.0,907.8,871.4,904.05,904.05,877.45,59096,52872395.7,06-FEB-2024,5820,INE066O01014,
WORTH,EQ,123.3,123.3,120.55,121.35,121.95,121.5,22001,2671506.45,06-FEB-2024,425,INE196Y01018,
WSI,EQ,136.0,142.2,135.95,142.2,142.2,135.45,236041,32875566.6,06-FEB-2024,1346,INE100D01014,
WSTCSTPAPR,EQ,710.95,722.45,707.1,712.15,712.35,709.75,187938,133992621.45,06-FEB-2024,12625,INE976A01021,
XCHANGING,EQ,116.75,139.25,115.2,139.25,139.25,116.05,16784112,2231315100.35,06-FEB-2024,91464,INE692G01013,
XELPMOC,BE,125.0,126.9,122.5,123.1,123.0,122.5,47996,5969132.6,06-FEB-2024,213,INE01P501012,
XPROINDIA,EQ,1160.0,1168.9,1135.5,1155.0,1148.0,1162.3,22727,26191734.7,06-FEB-2024,3272,INE445C01015,
YAARI,BE,12.05,12.05,11.45,11.5,11.75,12.05,119133,1374932.35,06-FEB-2024,245,INE126M01010,
YASHO,EQ,1645.0,1680.0,1635.0,1660.55,1653.0,1640.2,15048,24800242.05,06-FEB-2024,1611,INE616Z01012,
YATHARTH,EQ,376.0,402.4,376.0,396.95,397.0,375.15,1447474,572609840.5,06-FEB-2024,31918,INE0JO301016,
YATRA,EQ,179.65,179.65,171.9,173.95,174.0,175.25,300577,52440468.6,06-FEB-2024,9543,INE0JR601024,
YESBANK,EQ,23.1,25.7,23.0,25.4,25.45,22.8,807723717,20224592494.55,06-FEB-2024,377013,INE528G01035,
YUKEN,EQ,676.75,698.1,675.25,693.85,697.0,678.7,3567,2449301.65,06-FEB-2024,570,INE384C01016,
ZAGGLE,EQ,232.5,233.7,228.05,231.5,233.0,229.65,709716,163650749.25,06-FEB-2024,18983,INE07K301024,
ZEEL,EQ,178.0,181.2,174.55,175.8,176.2,178.0,18508957,3282390641.85,06-FEB-2024,95641,INE256A01028,
ZEELEARN,BE,6.7,6.7,6.7,6.7,6.7,6.6,848894,5687589.8,06-FEB-2024,329,INE565L01011,
ZEEMEDIA,EQ,14.95,15.0,14.6,14.85,14.9,14.85,7894229,116818955.2,06-FEB-2024,5357,INE966H01019,
ZENITHEXPO,EQ,151.95,153.95,150.6,152.2,152.45,152.4,1819,277061.7,06-FEB-2024,114,INE058B01018,
ZENITHSTL,BE,7.85,7.85,7.85,7.85,7.85,7.5,148138,1162883.3,06-FEB-2024,149,INE318D01020,
ZENSARTECH,EQ,564.8,604.0,564.4,592.15,595.0,564.4,4594128,2723124518.7,06-FEB-2024,98733,INE520A01027,
ZENTEC,BE,849.0,849.0,824.75,827.5,828.0,837.75,196737,163579079.5,06-FEB-2024,7601,INE251B01027,
ZFCVINDIA,EQ,14466.15,15000.0,13977.45,14202.85,14299.9,14434.95,17681,255155965.15,06-FEB-2024,7649,INE342J01019,
ZIMLAB,EQ,109.3,112.4,108.0,109.9,108.2,109.05,221554,24259186.4,06-FEB-2024,4279,INE518E01015,
ZODIAC,BE,250.7,250.7,250.7,250.7,250.7,255.8,9262,2321983.4,06-FEB-2024,324,INE761Y01019,
ZODIACLOTH,EQ,137.3,140.7,137.0,137.6,138.5,137.3,31972,4423487.7,06-FEB-2024,1624,INE206B01013,
ZOMATO,EQ,140.4,141.8,138.05,139.95,140.0,140.25,46782951,6552046798.2,06-FEB-2024,126005,INE758T01015,
ZOTA,EQ,498.0,498.0,482.0,484.05,485.5,494.35,27623,13511375.35,06-FEB-2024,1349,INE358U01012,
ZUARI,EQ,235.9,237.95,230.8,232.9,231.5,233.9,212170,49590745.25,06-FEB-2024,7474,INE840M01016,
ZUARIIND,EQ,274.4,278.55,260.0,267.4,265.65,272.2,184808,49413348.0,06-FEB-2024,3431,INE217A01012,
ZYDUSLIFE,EQ,780.0,809.2,775.0,797.4,799.85,760.9,3627017,2887861201.45,06-FEB-2024,104370,INE010B01027,
ZYDUSWELL,EQ,1594.0,1621.4,1586.6,1600.35,1600.0,1589.7,28025,44972504.95,06-FEB-2024,3803,INE768C01010,
