SYMBOL,SERIES,OPEN,HIGH,LOW,CLOSE,LAST,PREVCLOSE,TOTTRDQTY,TOTTRDVAL,TIMESTAMP,TOTALTRADES,ISIN,UNNAMED: 13
20MICRONS,EQ,149.05,150.0,143.1,144.7,145.1,148.7,137485,19970694.25,11-MAR-2024,4948,INE144J01027,
21STCENMGM,BE,49.0,49.0,48.05,48.05,48.05,49.0,2884,139256.4,11-MAR-2024,24,INE253B01015,
360ONE,EQ,681.05,722.65,672.0,710.7,707.1,679.8,743621,525123799.2,11-MAR-2024,63757,INE466L01038,
3IINFOLTD,EQ,45.95,46.5,42.05,42.9,43.15,45.75,1749754,76808455.55,11-MAR-2024,9113,INE748C01038,
3MINDIA,EQ,30315.25,30647.65,30001.05,30101.85,30198.0,30480.55,1471,44517330.65,11-MAR-2024,999,INE470A01017,
3PLAND,BE,30.1,32.0,29.15,30.3,29.85,30.65,5029,152325.25,11-MAR-2024,90,INE105C01023,
5PAISA,EQ,536.0,536.0,512.9,514.6,516.0,526.8,47900,24812374.65,11-MAR-2024,6277,INE618L01018,
63MOONS,BE,440.0,440.7,418.7,418.7,418.7,440.7,87656,37149595.7,11-MAR-2024,3625,INE111B01023,
A2ZINFRA,BE,14.05,14.05,14.05,14.05,14.05,14.3,13117,184293.85,11-MAR-2024,30,INE619I01012,
AAATECH,BE,96.6,100.95,94.65,94.9,97.9,99.6,42959,4108616.3,11-MAR-2024,256,INE0D0U01013,
AAKASH,BE,10.1,10.1,10.0,10.0,10.0,10.2,40357,404304.5,11-MAR-2024,184,INE087Z01024,
AAREYDRUGS,BE,44.2,45.95,42.55,43.5,43.5,44.2,18533,804911.4,11-MAR-2024,154,INE198H01019,
AARON,EQ,284.95,284.95,255.0,259.65,262.0,281.15,26346,7060052.6,11-MAR-2024,1655,INE721Z01010,
AARTECH,EQ,174.95,175.95,162.3,163.25,162.3,170.8,80264,13381759.15,11-MAR-2024,1181,INE01C001018,
AARTIDRUGS,EQ,477.95,480.75,463.05,464.35,464.05,476.1,125964,59080135.15,11-MAR-2024,9922,INE767A01016,
AARTIIND,EQ,665.35,667.0,648.45,654.85,654.4,665.4,1074397,705404467.55,11-MAR-2024,48220,INE769A01020,
AARTIPHARM,EQ,456.1,463.2,448.5,461.25,462.0,455.9,247959,113272836.5,11-MAR-2024,16641,INE0LRU01027,
AARTISURF,EQ,635.0,637.0,620.0,624.05,624.5,640.25,33376,20948870.4,11-MAR-2024,2301,INE09EO01013,
AARVEEDEN,EQ,29.65,30.9,28.1,28.65,28.1,29.95,42925,1274074.4,11-MAR-2024,525,INE273D01019,
AARVI,EQ,129.5,130.9,126.0,126.15,126.75,129.25,20458,2620103.15,11-MAR-2024,912,INE754X01016,
AAVAS,EQ,1414.8,1418.0,1380.0,1390.1,1393.0,1414.8,159924,223292998.8,11-MAR-2024,16256,INE216P01012,
ABAN,BE,68.2,68.3,65.4,65.6,65.95,68.1,81347,5378911.05,11-MAR-2024,622,INE421A01028,
ABB,EQ,5801.05,5933.9,5770.75,5841.35,5847.95,5770.75,693540,4064982107.6,11-MAR-2024,85064,INE117A01022,
ABBOTINDIA,EQ,27699.95,27699.95,26861.45,27229.55,27349.95,27434.95,18245,495185443.6,11-MAR-2024,8194,INE358A01014,
ABCAPITAL,EQ,184.0,184.85,179.15,179.85,179.95,182.1,3129588,567172837.6,11-MAR-2024,22256,INE674K01013,
ABFRL,EQ,226.0,227.35,219.35,220.35,220.0,225.4,3110786,692339528.85,11-MAR-2024,25083,INE647O01011,
ABMINTLLTD,EQ,55.6,57.75,50.4,51.55,51.2,55.6,1090,58566.35,11-MAR-2024,50,INE251C01025,
ABSLAMC,EQ,514.0,530.7,514.0,525.65,525.65,516.3,224194,118068815.1,11-MAR-2024,7117,INE404A01024,
ABSLBANETF,EQ,49.6,49.6,47.55,47.76,47.55,48.17,59662,2846401.28,11-MAR-2024,1037,INF209KB17D5,
ABSLLIQUID,EQ,1000.0,1000.01,999.99,999.99,1000.0,1000.0,6144,6144049.0,11-MAR-2024,25,INF209KB18T9,
ABSLNN50ET,EQ,62.33,63.7,62.16,62.35,62.5,62.42,15595,976645.87,11-MAR-2024,313,INF209KB16D7,
ACC,EQ,2645.0,2677.1,2635.0,2641.9,2648.0,2638.8,216685,575741335.65,11-MAR-2024,21059,INE012A01025,
ACCELYA,EQ,1807.35,1807.5,1730.0,1744.3,1742.25,1807.35,19663,34665226.8,11-MAR-2024,3900,INE793A01012,
ACCURACY,BE,10.45,10.8,10.45,10.45,10.45,11.0,1549856,16223761.0,11-MAR-2024,2460,INE648Z01023,
ACE,EQ,1382.0,1382.0,1285.1,1291.7,1289.0,1383.35,307743,404611263.55,11-MAR-2024,22293,INE731H01025,
ACEINTEG,EQ,35.45,36.1,33.65,33.95,33.85,35.35,9154,314052.95,11-MAR-2024,120,INE543V01017,
ACI,EQ,694.8,696.9,645.85,649.7,648.0,687.95,613001,403391135.55,11-MAR-2024,38357,INE128X01021,
ACL,EQ,89.0,89.75,84.8,86.2,86.75,88.7,170828,14728156.05,11-MAR-2024,2525,INE666E01020,
ACLGATI,EQ,112.7,113.1,110.2,110.65,111.1,112.7,224539,24912770.25,11-MAR-2024,3347,INE152B01027,
ADANIENSOL,EQ,1077.0,1087.3,1060.0,1063.75,1062.5,1069.6,2901619,3122641635.25,11-MAR-2024,48469,INE931S01010,
ADANIENT,EQ,3241.2,3259.0,3200.0,3207.35,3210.0,3226.55,738851,2386151544.55,11-MAR-2024,48887,INE423A01024,
ADANIGREEN,EQ,1930.0,1983.55,1904.1,1930.3,1929.0,1929.1,755932,1464985105.3,11-MAR-2024,55273,INE364U01010,
ADANIPORTS,EQ,1331.0,1342.35,1322.05,1326.95,1326.45,1325.45,2217673,2954720776.9,11-MAR-2024,74486,INE742F01042,
ADANIPOWER,BE,570.0,572.5,560.0,566.95,564.05,566.85,1158653,658238015.25,11-MAR-2024,27517,INE814H01011,
ADFFOODS,EQ,207.6,210.75,200.55,201.55,201.0,205.55,231556,47655986.6,11-MAR-2024,12312,INE982B01027,
ADL,EQ,91.55,91.55,84.45,84.75,84.8,87.9,868,75068.1,11-MAR-2024,39,INE0CHO01012,
ADORWELD,EQ,1516.95,1525.0,1450.0,1458.2,1460.35,1489.6,16951,24849488.95,11-MAR-2024,3296,INE045A01017,
ADROITINFO,BE,18.95,19.0,17.7,17.7,17.7,18.6,35684,638247.95,11-MAR-2024,159,INE737B01033,
ADSL,EQ,154.05,162.0,152.25,155.5,155.0,154.2,1277458,202451385.1,11-MAR-2024,29170,INE102I01027,
ADVANIHOTR,EQ,174.0,174.0,166.8,168.4,170.0,158.0,589130,99968075.7,11-MAR-2024,18426,INE199C01026,
ADVENZYMES,EQ,374.6,374.6,356.9,359.75,361.5,371.2,171108,62261190.25,11-MAR-2024,10042,INE837H01020,
AEGISCHEM,EQ,434.8,435.9,400.4,403.75,404.1,433.7,1028783,423451293.3,11-MAR-2024,48814,INE208C01025,
AEROFLEX,EQ,138.0,139.0,133.0,133.35,133.3,137.45,531916,71572962.1,11-MAR-2024,10200,INE024001021,
AETHER,EQ,840.7,843.65,797.0,816.65,815.0,836.2,82782,68367457.25,11-MAR-2024,9824,INE0BWX01014,
AFFLE,EQ,1100.6,1108.25,1052.5,1057.95,1062.0,1095.1,171733,184520966.6,11-MAR-2024,20893,INE00WC01027,
AGARIND,EQ,932.6,936.15,895.25,897.4,900.0,932.6,25663,23373833.25,11-MAR-2024,2815,INE204E01012,
AGI,EQ,834.2,839.7,807.0,811.1,811.65,834.2,168312,136751865.8,11-MAR-2024,12956,INE415A01038,
AGRITECH,EQ,188.05,189.05,175.35,179.45,180.0,187.95,6153,1125238.95,11-MAR-2024,527,INE449G01018,
AGROPHOS,EQ,43.45,43.45,40.25,40.95,41.65,43.45,92913,3879975.3,11-MAR-2024,1065,INE740V01019,
AGSTRA,BE,79.3,79.8,74.4,74.45,74.4,78.3,455448,34256566.7,11-MAR-2024,1831,INE583L01014,
AHL,EQ,310.0,314.7,302.95,304.0,304.0,309.5,47601,14623233.0,11-MAR-2024,1244,INE00ZE01026,
AHLADA,EQ,115.95,119.0,108.0,110.05,111.0,115.95,68575,7780662.55,11-MAR-2024,954,INE00PV01013,
AHLEAST,EQ,162.15,167.7,160.35,163.6,164.9,166.6,25691,4222726.75,11-MAR-2024,423,INE926K01017,
AHLUCONT,EQ,1139.95,1156.75,1085.0,1094.05,1085.5,1136.0,179838,199374816.7,11-MAR-2024,20806,INE758C01029,
AIAENG,EQ,3708.5,3716.5,3645.0,3672.35,3675.0,3699.15,22115,81148134.3,11-MAR-2024,5532,INE212H01026,
AIRAN,BE,26.5,27.4,25.2,25.6,25.85,26.45,225713,5826912.05,11-MAR-2024,1126,INE645W01026,
AIROLAM,EQ,153.7,172.4,152.0,162.3,162.25,153.65,78603,12903802.75,11-MAR-2024,2358,INE801L01010,
AJANTPHARM,EQ,2094.8,2120.0,2069.3,2102.05,2120.0,2091.1,120502,252463482.6,11-MAR-2024,7801,INE031B01049,
AJMERA,EQ,733.95,738.8,668.5,679.6,682.0,733.6,156557,109485489.7,11-MAR-2024,13790,INE298G01027,
AJOONI,BE,5.9,5.9,5.6,5.7,5.75,5.9,327727,1880952.0,11-MAR-2024,1077,INE820Y01021,
AKASH,BE,39.1,39.1,35.7,36.05,37.35,37.4,16989,629130.5,11-MAR-2024,141,INE737W01013,
AKG,EQ,22.3,22.3,20.25,20.9,21.0,22.15,129983,2750474.3,11-MAR-2024,794,INE00Y801016,
AKI,BE,23.85,23.85,22.2,22.2,22.2,23.35,135353,3008085.2,11-MAR-2024,129,INE642Z01026,
AKSHAR,BE,3.45,3.45,3.25,3.3,3.35,3.4,3237350,10717198.55,11-MAR-2024,2932,INE256Z01025,
AKSHARCHEM,BE,306.5,318.0,296.9,305.25,309.9,312.5,7060,2166003.25,11-MAR-2024,193,INE542B01011,
AKSHOPTFBR,BE,10.3,10.3,9.5,9.6,9.65,10.0,498524,4824715.9,11-MAR-2024,1044,INE523B01011,
AKZOINDIA,EQ,2428.6,2437.25,2390.0,2397.7,2401.0,2418.7,13456,32352737.85,11-MAR-2024,2793,INE133A01011,
ALANKIT,BE,19.4,19.4,18.4,18.45,18.6,19.35,497740,9266504.1,11-MAR-2024,1677,INE914E01040,
ALBERTDAVD,EQ,1177.8,1190.05,1102.35,1111.45,1111.95,1188.25,13345,15157033.8,11-MAR-2024,1523,INE155C01010,
ALEMBICLTD,EQ,95.35,95.4,90.75,91.35,94.0,94.95,621916,57538426.95,11-MAR-2024,6378,INE426A01027,
ALICON,EQ,928.0,928.0,890.5,896.85,900.0,917.0,5683,5132537.0,11-MAR-2024,1040,INE062D01024,
ALKALI,EQ,117.9,117.9,110.05,110.55,110.1,114.35,10518,1179497.2,11-MAR-2024,362,INE773I01017,
ALKEM,EQ,5188.0,5225.0,5138.35,5157.25,5142.7,5144.3,151048,782654072.7,11-MAR-2024,28025,INE540L01014,
ALKYLAMINE,EQ,2138.2,2152.75,2100.0,2103.6,2105.0,2138.25,47744,101011386.15,11-MAR-2024,8564,INE150B01039,
ALLCARGO,EQ,82.3,82.8,76.95,77.4,77.2,82.2,2796482,220659326.1,11-MAR-2024,15975,INE418H01029,
ALLSEC,EQ,752.0,772.0,736.1,751.2,751.85,752.0,19897,14978793.4,11-MAR-2024,4460,INE835G01018,
ALMONDZ,BE,105.9,108.25,105.5,108.25,108.25,103.1,410383,44401819.3,11-MAR-2024,287,INE326B01027,
ALOKINDS,BE,32.0,32.0,29.65,29.9,29.95,30.5,7925918,245740764.75,11-MAR-2024,28447,INE270A01029,
ALPA,EQ,101.0,101.0,90.45,91.4,92.0,99.25,132642,12457746.7,11-MAR-2024,1789,INE385I01010,
ALPHAETF,EQ,24.15,24.15,23.52,23.72,23.6,23.89,137367,3280588.62,11-MAR-2024,650,INF769K01KU7,
ALPHAGEO,EQ,365.95,366.55,344.4,346.3,348.9,364.95,16669,5904900.35,11-MAR-2024,745,INE137C01018,
ALPL30IETF,EQ,269.86,271.33,268.0,269.0,270.15,269.86,140497,37988018.68,11-MAR-2024,1204,INF109KC1N59,
ALPSINDUS,BE,2.1,2.1,2.1,2.1,2.1,2.15,9424,19790.4,11-MAR-2024,52,INE093B01015,
AMBER,EQ,3649.55,3735.9,3586.0,3625.55,3615.0,3649.55,229813,837494052.5,11-MAR-2024,13560,INE371P01015,
AMBICAAGAR,EQ,33.0,34.7,30.1,30.8,30.65,33.35,72358,2271684.8,11-MAR-2024,738,INE792B01012,
AMBIKCO,EQ,1560.05,1576.05,1535.0,1539.4,1545.0,1561.55,11760,18244719.1,11-MAR-2024,2401,INE540G01014,
AMBUJACEM,EQ,604.9,612.4,600.2,602.05,603.0,603.15,2547145,1543926701.95,11-MAR-2024,50360,INE079A01024,
AMDIND,BE,61.35,61.35,57.1,57.6,58.7,59.75,14059,826372.9,11-MAR-2024,120,INE005I01014,
AMIORG,EQ,1122.0,1127.85,1076.0,1085.35,1088.0,1120.2,136752,150176881.7,11-MAR-2024,12340,INE00FF01017,
AMJLAND,EQ,38.7,39.5,37.1,37.65,37.8,38.55,147645,5621231.95,11-MAR-2024,1085,INE606A01024,
AMNPLST,EQ,182.0,182.0,169.15,170.85,170.5,172.55,7938,1362112.85,11-MAR-2024,423,INE275D01022,
AMRUTANJAN,EQ,663.25,667.65,611.95,635.95,632.05,665.5,121416,76991102.9,11-MAR-2024,10278,INE098F01031,
ANANDRATHI,EQ,3984.2,3984.2,3828.6,3922.95,3893.0,3948.5,90233,351607357.75,11-MAR-2024,15986,INE463V01026,
ANANTRAJ,EQ,348.25,348.7,335.0,336.45,336.5,347.45,1101781,375023457.3,11-MAR-2024,19801,INE242C01024,
ANDHRAPAP,EQ,521.9,522.0,508.0,514.3,515.0,522.15,106038,54568240.85,11-MAR-2024,7156,INE435A01028,
ANDHRSUGAR,EQ,107.85,107.85,104.4,104.9,105.5,106.9,190415,20091950.5,11-MAR-2024,3250,INE715B01021,
ANGELONE,EQ,2739.35,2750.9,2625.0,2674.45,2679.5,2736.15,406809,1085897843.05,11-MAR-2024,45962,INE732I01013,
ANIKINDS,BE,46.6,46.6,45.7,45.7,45.7,46.6,13081,598159.5,11-MAR-2024,34,INE087B01017,
ANKITMETAL,BE,4.0,4.05,3.7,3.9,3.9,3.9,116202,442979.55,11-MAR-2024,219,INE106I01010,
ANMOL,EQ,54.1,54.2,48.9,49.85,50.2,53.3,411015,21056504.3,11-MAR-2024,3827,INE02AR01019,
ANTGRAPHIC,BE,1.95,1.95,1.9,1.9,1.9,1.95,779174,1513331.45,11-MAR-2024,522,INE414B01021,
ANUP,EQ,2830.0,2849.85,2735.0,2748.65,2751.0,2813.9,7802,21637511.05,11-MAR-2024,2824,INE294Z01018,
ANURAS,EQ,936.65,954.4,920.1,948.5,941.0,936.65,109518,103322030.9,11-MAR-2024,4752,INE930P01018,
APARINDS,EQ,6100.0,6144.0,6039.0,6083.4,6071.0,6090.05,41822,254171687.05,11-MAR-2024,10613,INE372A01015,
APCL,EQ,197.0,199.55,195.0,198.65,198.9,197.45,15961,3162461.25,11-MAR-2024,715,INE071F01012,
APCOTEXIND,EQ,445.15,449.65,434.05,437.4,436.0,449.05,78904,34565636.65,11-MAR-2024,5009,INE116A01032,
APEX,EQ,216.9,217.9,206.0,206.75,207.35,215.1,171907,36013580.8,11-MAR-2024,9634,INE346W01013,
APLAPOLLO,EQ,1587.9,1606.0,1561.25,1599.1,1592.0,1582.65,730455,1166906907.9,11-MAR-2024,40625,INE702C01027,
APLLTD,EQ,997.3,999.0,974.4,978.25,979.4,999.25,106713,105017181.5,11-MAR-2024,10363,INE901L01018,
APOLLO,BE,114.45,114.45,114.45,114.45,114.45,120.45,611909,70032985.05,11-MAR-2024,8232,INE713T01028,
APOLLOHOSP,EQ,6048.8,6225.0,6036.1,6204.7,6210.0,6048.8,521556,3214032580.25,11-MAR-2024,52689,INE437A01024,
APOLLOPIPE,EQ,695.0,697.05,678.15,684.6,678.55,690.95,35763,24469904.05,11-MAR-2024,3848,INE126J01016,
APOLLOTYRE,EQ,519.8,519.8,499.35,510.65,511.2,516.7,3071219,1561543678.05,11-MAR-2024,48350,INE438A01022,
APOLSINHOT,EQ,1928.0,1946.6,1820.0,1852.1,1879.0,1896.6,2916,5461029.0,11-MAR-2024,540,INE451F01024,
APTECHT,EQ,230.0,236.4,220.5,222.1,224.0,231.55,369340,83527054.6,11-MAR-2024,14538,INE266F01018,
APTUS,EQ,343.9,352.0,337.6,340.45,340.9,344.55,914267,318890172.35,11-MAR-2024,26060,INE852O01025,
ARCHIDPLY,EQ,88.6,89.9,84.1,85.55,85.75,89.85,28745,2509512.25,11-MAR-2024,497,INE877I01016,
ARCHIES,BE,35.85,35.9,34.05,34.7,34.05,35.85,69736,2399198.5,11-MAR-2024,373,INE731A01020,
ARE&M,EQ,872.0,895.15,864.0,881.7,888.0,869.35,1034457,911118360.55,11-MAR-2024,49621,INE885A01032,
ARENTERP,EQ,44.45,44.45,43.1,43.1,43.1,45.35,5090,221171.35,11-MAR-2024,73,INE610C01014,
ARIES,EQ,290.0,291.5,270.1,272.2,275.9,287.55,247950,69156070.05,11-MAR-2024,13960,INE298I01015,
ARIHANTCAP,EQ,61.7,61.8,57.05,57.85,57.1,61.45,300569,17726959.65,11-MAR-2024,3162,INE420B01036,
ARIHANTSUP,EQ,325.2,328.5,310.15,311.6,310.15,325.25,29791,9452551.15,11-MAR-2024,1147,INE643K01018,
ARMANFIN,EQ,1889.95,1910.85,1825.0,1862.6,1847.7,1888.95,28821,54081112.1,11-MAR-2024,4983,INE109C01017,
AROGRANITE,EQ,52.75,52.75,49.65,50.15,50.0,50.9,19502,990398.8,11-MAR-2024,306,INE210C01013,
ARROWGREEN,EQ,399.05,402.0,389.1,397.3,402.0,398.5,38697,15272828.15,11-MAR-2024,2451,INE570D01018,
ARSHIYA,BE,8.35,8.35,8.35,8.35,8.35,8.5,73055,610009.25,11-MAR-2024,32,INE968D01022,
ARSSINFRA,BE,24.2,24.65,23.0,23.15,23.15,24.2,16130,376203.35,11-MAR-2024,93,INE267I01010,
ARTEMISMED,EQ,158.55,160.65,152.15,153.6,153.3,158.3,182821,28505290.8,11-MAR-2024,10071,INE025R01021,
ARTNIRMAN,BE,65.0,66.75,65.0,66.75,66.75,63.6,1695,112597.95,11-MAR-2024,25,INE738V01013,
ARVEE,BE,142.5,142.5,136.7,136.7,136.7,143.0,588,82464.4,11-MAR-2024,19,INE006Z01016,
ARVIND,EQ,270.6,276.55,252.0,262.45,263.05,274.95,1205800,313611565.3,11-MAR-2024,48389,INE034A01011,
ARVINDFASN,EQ,460.65,464.45,450.0,451.75,450.0,460.65,106722,48528928.85,11-MAR-2024,12112,INE955V01021,
ARVSMART,EQ,572.25,582.35,543.1,547.85,545.6,578.5,68971,38297550.2,11-MAR-2024,5545,INE034S01021,
ASAHIINDIA,EQ,520.95,527.3,510.55,523.0,522.1,520.95,121579,63061220.2,11-MAR-2024,10229,INE439A01020,
ASAHISONG,EQ,340.0,349.3,321.05,323.85,323.65,336.05,11359,3787746.65,11-MAR-2024,815,INE228I01012,
ASAL,EQ,678.0,693.0,630.05,639.6,639.0,669.25,117652,77645588.9,11-MAR-2024,6168,INE900C01027,
ASALCBR,EQ,518.0,518.05,496.2,498.75,499.0,518.0,53021,26785890.75,11-MAR-2024,4736,INE073G01016,
ASHAPURMIN,BE,362.4,374.4,352.6,356.15,355.5,362.4,123172,44086027.15,11-MAR-2024,1099,INE348A01023,
ASHIANA,EQ,312.0,320.0,309.4,313.1,316.0,311.5,98427,30923435.25,11-MAR-2024,7277,INE365D01021,
ASHIMASYN,EQ,19.7,22.7,19.2,22.15,22.4,19.4,4045724,88547160.6,11-MAR-2024,12322,INE440A01010,
ASHOKA,EQ,164.7,168.15,163.75,164.45,164.2,163.55,2525902,418535159.85,11-MAR-2024,44363,INE442H01029,
ASHOKAMET,BE,25.9,25.9,24.5,24.5,24.5,25.75,42906,1056408.1,11-MAR-2024,402,INE760Y01011,
ASHOKLEY,EQ,171.95,172.75,169.15,169.6,169.7,171.05,15018946,2559868617.6,11-MAR-2024,81375,INE208A01029,
ASIANENE,EQ,270.5,291.0,270.5,277.45,280.15,279.35,56113,15714564.55,11-MAR-2024,824,INE276G01015,
ASIANHOTNR,BE,125.75,128.7,122.0,122.4,125.4,125.75,4351,538197.35,11-MAR-2024,73,INE363A01022,
ASIANPAINT,EQ,2895.55,2896.55,2853.1,2876.85,2880.0,2870.55,866546,2489819913.95,11-MAR-2024,73604,INE021A01026,
ASIANTILES,EQ,61.1,61.4,58.85,59.1,58.85,60.85,1250743,74655037.35,11-MAR-2024,6428,INE022I01019,
ASKAUTOLTD,EQ,280.7,281.0,270.25,272.1,270.85,280.2,236474,65081233.25,11-MAR-2024,9378,INE491J01022,
ASMS,EQ,20.2,20.2,20.2,20.2,20.2,20.6,12750,257550.0,11-MAR-2024,176,INE855F01042,
ASPINWALL,EQ,272.8,273.95,252.9,255.85,257.95,272.8,13637,3549046.5,11-MAR-2024,545,INE991I01015,
ASTEC,EQ,1011.0,1072.0,993.2,1058.9,1054.25,976.85,384197,403962400.55,11-MAR-2024,42088,INE563J01010,
ASTERDM,EQ,444.4,446.6,428.5,431.0,430.5,444.4,326610,142381412.95,11-MAR-2024,26987,INE914M01019,
ASTRAL,EQ,2100.25,2124.95,2077.3,2101.0,2095.0,2100.25,801434,1686691701.5,11-MAR-2024,96064,INE006I01046,
ASTRAMICRO,EQ,619.85,626.0,604.0,606.7,609.0,619.85,187832,115028506.6,11-MAR-2024,11485,INE386C01029,
ASTRAZEN,EQ,5449.0,5449.0,5310.0,5374.9,5395.0,5423.15,7046,37833105.95,11-MAR-2024,1626,INE203A01020,
ASTRON,BE,26.3,26.8,25.35,25.6,25.65,26.3,64617,1662270.1,11-MAR-2024,228,INE646X01014,
ATALREAL,EQ,17.05,17.05,16.4,16.9,17.0,16.8,256215,4304883.4,11-MAR-2024,568,INE0ALR01029,
ATAM,EQ,175.95,175.95,162.95,165.3,163.0,166.8,23006,3816989.45,11-MAR-2024,784,INE09KD01013,
ATFL,EQ,712.4,725.0,683.4,693.5,688.45,712.4,24662,17334457.15,11-MAR-2024,1525,INE209A01019,
ATGL,EQ,1010.0,1022.9,997.55,1000.15,999.0,1009.2,3607249,3621581457.75,11-MAR-2024,73431,INE399L01023,
ATL,EQ,61.55,61.9,58.15,59.1,59.0,61.2,591631,35193634.3,11-MAR-2024,3432,INE0NN701020,
ATLANTAA,BE,22.25,23.35,21.15,21.3,21.5,22.25,60769,1343082.6,11-MAR-2024,205,INE285H01022,
ATUL,EQ,6110.0,6132.05,6001.55,6013.85,6015.1,6105.5,20152,121807120.45,11-MAR-2024,4409,INE100A01010,
ATULAUTO,EQ,567.8,568.6,544.35,549.2,545.4,562.85,126651,69840516.3,11-MAR-2024,9960,INE951D01028,
AUBANK,EQ,572.0,585.35,569.3,584.2,585.0,571.25,4579646,2646929953.25,11-MAR-2024,160773,INE949L01017,
AURIONPRO,BE,2181.6,2181.6,2072.55,2073.4,2073.0,2181.6,10845,22811379.65,11-MAR-2024,731,INE132H01018,
AUROPHARMA,EQ,1072.0,1076.9,1052.15,1064.7,1068.0,1058.85,2372008,2529228380.55,11-MAR-2024,126326,INE406A01037,
AURUM,BE,141.1,144.9,137.0,141.05,140.0,141.15,66193,9335787.15,11-MAR-2024,566,INE898S01029,
AUSOMENT,EQ,87.0,87.0,79.15,80.35,79.45,84.1,7775,639298.25,11-MAR-2024,223,INE218C01016,
AUTOAXLES,EQ,1942.5,1957.95,1887.0,1892.9,1897.0,1924.6,15116,28728561.55,11-MAR-2024,2872,INE449A01011,
AUTOBEES,EQ,216.4,216.4,213.1,213.46,213.42,215.05,104621,22377489.84,11-MAR-2024,3099,INF204KC1337,
AUTOIETF,EQ,21.69,21.69,21.3,21.33,21.5,21.48,201720,4313472.75,11-MAR-2024,1409,INF109KC10V2,
AUTOIND,EQ,129.0,134.95,125.4,133.45,133.35,128.3,260526,34115832.5,11-MAR-2024,6293,INE718H01014,
AVADHSUGAR,EQ,617.0,619.05,600.8,603.2,602.15,617.25,38695,23523733.25,11-MAR-2024,3751,INE349W01017,
AVALON,EQ,520.3,522.95,506.7,520.15,519.0,520.25,173073,89645414.3,11-MAR-2024,9181,INE0LCL01028,
AVANTIFEED,EQ,561.45,575.95,515.0,518.2,516.0,556.2,1741702,945304545.1,11-MAR-2024,60563,INE871C01038,
AVG,EQ,576.0,577.0,517.85,524.75,528.5,573.05,156535,84232879.1,11-MAR-2024,14735,INE680Z01018,
AVONMORE,EQ,105.0,109.0,104.6,106.5,106.15,105.0,45313,4843017.0,11-MAR-2024,1051,INE323B01016,
AVROIND,EQ,136.8,138.95,127.1,128.75,128.75,136.8,37733,5021231.4,11-MAR-2024,1504,INE652Z01017,
AVTNPL,EQ,95.0,95.5,91.4,92.1,92.5,95.2,300951,28067890.6,11-MAR-2024,3967,INE488D01021,
AWHCL,EQ,486.2,493.4,464.35,466.9,469.4,489.0,202619,96328631.35,11-MAR-2024,16234,INE01BK01022,
AWL,EQ,364.0,364.25,352.0,352.85,353.3,362.45,1539837,550163021.25,11-MAR-2024,33053,INE699H01024,
AXISBANK,EQ,1112.25,1120.0,1101.9,1105.1,1102.85,1111.45,6751641,7483963018.8,11-MAR-2024,197149,INE238A01034,
AXISBNKETF,EQ,488.98,488.98,478.05,480.17,480.21,483.57,2447,1176636.22,11-MAR-2024,94,INF846K01X63,
AXISBPSETF,EQ,11.6,11.6,11.2,11.57,11.57,11.56,54556,631412.66,11-MAR-2024,605,INF846K01Z04,
AXISCADES,EQ,620.0,621.4,586.1,591.1,591.1,619.6,74829,44798926.65,11-MAR-2024,6732,INE555B01013,
AXISCETF,EQ,102.17,102.45,99.0,100.15,99.0,102.08,1932,196060.67,11-MAR-2024,71,INF846K016C7,
AXISGOLD,EQ,57.2,57.2,55.73,56.08,56.14,55.51,689923,38812759.37,11-MAR-2024,1968,INF846K01W80,
AXISHCETF,EQ,121.71,122.68,121.3,122.04,122.1,121.16,5652,690821.47,11-MAR-2024,148,INF846K01Z12,
AXISILVER,EQ,74.08,74.4,73.61,74.21,74.12,73.73,37452,2770360.62,11-MAR-2024,280,INF846K011K1,
AXISNIFTY,EQ,247.3,247.3,239.67,240.4,240.56,241.54,6362,1537470.69,11-MAR-2024,262,INF846K01W98,
AXISTECETF,EQ,398.64,398.65,386.44,389.64,389.41,391.02,4679,1818733.31,11-MAR-2024,169,INF846K01Y96,
AXITA,EQ,23.4,23.75,22.9,23.0,23.0,23.15,3149334,72849063.2,11-MAR-2024,5877,INE02EZ01022,
AXSENSEX,EQ,76.15,76.15,74.23,74.36,74.31,74.64,1923,142979.44,11-MAR-2024,65,INF846K010Q0,
AYMSYNTEX,EQ,95.85,95.85,87.5,88.15,87.55,91.65,57331,5120808.6,11-MAR-2024,1248,INE193B01039,
AZAD,EQ,1360.0,1360.0,1292.15,1302.8,1314.0,1356.4,287062,379697309.35,11-MAR-2024,14824,INE02IJ01035,
BAFNAPH,BE,88.3,88.3,84.55,86.95,86.95,86.25,2813,242180.0,11-MAR-2024,46,INE878I01022,
BAGFILMS,BE,9.75,9.9,9.5,9.6,9.65,10.0,395633,3788263.55,11-MAR-2024,741,INE116D01028,
BAIDFIN,EQ,24.45,24.65,22.3,22.75,22.95,24.3,369859,8581131.1,11-MAR-2024,1568,INE020D01022,
BAJAJ-AUTO,EQ,9023.45,9025.0,8630.0,8659.4,8654.2,8879.05,631957,5523094537.2,11-MAR-2024,75268,INE917I01010,
BAJAJCON,EQ,228.9,229.4,219.75,220.4,220.45,227.6,302578,67689325.8,11-MAR-2024,9120,INE933K01021,
BAJAJELEC,EQ,994.95,1003.15,976.95,981.65,985.0,994.75,26152,25815218.25,11-MAR-2024,3754,INE193E01025,
BAJAJFINSV,EQ,1597.5,1616.15,1583.0,1598.8,1595.0,1582.8,1285565,2060890120.2,11-MAR-2024,100359,INE918I01026,
BAJAJHCARE,EQ,330.2,344.95,327.85,330.05,328.95,336.5,137202,45770199.25,11-MAR-2024,8918,INE411U01027,
BAJAJHIND,EQ,33.65,33.95,31.05,31.2,31.2,33.2,9062899,289647380.9,11-MAR-2024,23581,INE306A01021,
BAJAJHLDNG,EQ,8666.25,8747.7,8558.8,8616.15,8690.0,8665.15,67923,585477224.45,11-MAR-2024,16161,INE118A01012,
BAJEL,EQ,202.15,209.8,193.0,201.3,202.8,200.7,665138,132622587.8,11-MAR-2024,7430,INE0KQN01018,
BAJFINANCE,EQ,6550.0,6552.0,6404.0,6433.75,6430.1,6421.05,1203971,7770119488.4,11-MAR-2024,117410,INE296A01024,
BALAJITELE,EQ,93.6,94.65,88.6,88.6,88.6,93.25,549521,49555973.75,11-MAR-2024,2458,INE794B01026,
BALAMINES,EQ,2337.85,2337.85,2202.0,2223.6,2225.0,2337.15,77590,175136590.8,11-MAR-2024,12072,INE050E01027,
BALAXI,EQ,548.6,548.6,522.0,528.7,522.05,538.6,5829,3116916.35,11-MAR-2024,356,INE618N01014,
BALKRISHNA,BE,35.5,36.7,33.7,34.3,34.05,35.3,32356,1128793.95,11-MAR-2024,99,INE875R01011,
BALKRISIND,EQ,2250.0,2263.85,2193.8,2246.65,2249.35,2267.15,863296,1926443549.85,11-MAR-2024,76361,INE787D01026,
BALMLAWRIE,EQ,244.0,244.0,232.5,234.1,234.25,245.35,453816,107281840.45,11-MAR-2024,17004,INE164A01016,
BALPHARMA,EQ,106.0,107.8,104.0,104.5,105.8,106.9,13449,1421040.4,11-MAR-2024,400,INE083D01012,
BALRAMCHIN,EQ,378.9,379.45,372.25,374.8,373.0,378.45,1001363,375791315.15,11-MAR-2024,18699,INE119A01028,
BANARBEADS,EQ,103.45,103.45,98.1,98.95,98.9,100.0,7885,784989.9,11-MAR-2024,287,INE655B01011,
BANARISUG,EQ,2589.95,2600.0,2483.2,2501.25,2500.0,2589.95,1204,3041522.15,11-MAR-2024,361,INE459A01010,
BANCOINDIA,EQ,636.9,636.9,605.5,612.95,605.5,632.05,62893,38972724.75,11-MAR-2024,5829,INE213C01025,
BANDHANBNK,EQ,196.0,196.15,190.05,191.8,191.95,195.05,16936507,3250801516.4,11-MAR-2024,117548,INE545U01014,
BANG,BE,55.7,55.7,53.0,53.0,53.0,55.2,14855,795478.0,11-MAR-2024,52,INE863I01016,
BANKA,BE,117.0,117.05,109.3,114.0,112.0,111.5,60512,7022963.25,11-MAR-2024,365,INE862Y01015,
BANKBARODA,EQ,283.85,285.6,276.5,277.4,277.8,281.75,18217736,5119760592.85,11-MAR-2024,157085,INE028A01039,
BANKBEES,EQ,487.99,487.99,482.0,482.7,483.76,486.82,535068,258973186.98,11-MAR-2024,13207,INF204KB15I9,
BANKBETF,EQ,47.75,47.75,47.2,47.3,47.31,47.83,6569,311033.64,11-MAR-2024,122,INF0QA701714,
BANKETF,EQ,481.94,481.94,471.0,472.98,473.76,476.94,4061,1928753.49,11-MAR-2024,151,INF769K01KR3,
BANKETFADD,EQ,48.69,48.7,47.54,47.79,48.09,48.12,16796,802636.07,11-MAR-2024,201,INF740KA1RX3,
BANKIETF,EQ,47.2,49.35,47.2,47.79,47.8,48.24,480190,22975901.96,11-MAR-2024,1152,INF109KC15I8,
BANKINDIA,EQ,147.3,149.45,142.8,143.9,144.1,145.95,16358360,2399546654.75,11-MAR-2024,80718,INE084A01016,
BANSWRAS,EQ,153.1,156.0,146.0,148.1,148.0,152.65,62909,9500217.55,11-MAR-2024,2098,INE629D01020,
BARBEQUE,EQ,569.55,575.0,555.65,559.55,559.8,567.75,102241,57789463.15,11-MAR-2024,10614,INE382M01027,
BASF,EQ,3222.95,3242.75,3175.0,3225.75,3222.95,3222.95,17429,56008564.35,11-MAR-2024,3355,INE373A01013,
BASML,EQ,46.3,46.7,42.9,43.3,43.25,45.85,412883,18219302.0,11-MAR-2024,2076,INE186H01022,
BATAINDIA,EQ,1452.0,1466.95,1435.0,1447.1,1444.0,1450.45,272578,394829658.8,11-MAR-2024,18357,INE176A01028,
BAYERCROP,EQ,5504.6,5522.9,5321.0,5346.55,5321.0,5475.8,14542,78286962.65,11-MAR-2024,5262,INE462A01022,
BBETF0432,EQ,1128.34,1131.97,1128.32,1130.76,1131.96,1130.1,695,785021.34,11-MAR-2024,36,INF754K01OB1,
BBL,EQ,5670.0,5671.7,5405.0,5431.65,5411.1,5626.75,20480,112729890.35,11-MAR-2024,4848,INE464A01028,
BBNPPGOLD,EQ,65.5,65.7,65.0,65.65,65.7,64.7,1585,103643.2,11-MAR-2024,51,INF251K01SU9,
BBOX,EQ,237.35,240.0,230.3,231.6,232.0,242.4,49735,11629546.4,11-MAR-2024,1133,INE676A01027,
BBTC,EQ,1759.0,1767.8,1678.0,1688.15,1689.0,1745.25,74219,127493383.65,11-MAR-2024,10866,INE050A01025,
BBTCL,EQ,280.0,283.4,274.0,277.25,276.4,278.9,10558,2922306.95,11-MAR-2024,668,INE01EE01011,
BCG,EQ,18.05,18.1,17.45,17.75,17.7,18.05,16633311,293812553.1,11-MAR-2024,18467,INE425B01027,
BCLIND,EQ,64.35,66.25,56.6,57.95,58.3,70.25,8956963,545130299.4,11-MAR-2024,42952,INE412G01024,
BCONCEPTS,BE,764.7,764.7,730.05,742.25,736.0,730.55,7697,5694063.9,11-MAR-2024,165,INE977Y01011,
BDL,EQ,1810.0,1830.0,1762.0,1768.6,1770.0,1799.25,712177,1275735489.25,11-MAR-2024,45268,INE171Z01018,
BEARDSELL,EQ,41.0,41.7,39.1,39.1,39.1,41.15,45096,1787689.55,11-MAR-2024,383,INE520H01022,
BECTORFOOD,EQ,1030.1,1049.9,1015.3,1023.5,1029.45,1046.3,147644,151654317.15,11-MAR-2024,13096,INE495P01012,
BEDMUTHA,BE,221.0,230.4,219.15,221.0,220.05,230.65,13620,3040856.05,11-MAR-2024,210,INE844K01012,
BEL,EQ,216.45,216.45,211.9,212.55,212.1,215.2,22800967,4879303405.05,11-MAR-2024,124592,INE263A01024,
BEML,EQ,3249.0,3249.95,3143.6,3196.25,3170.0,3216.9,206444,658559916.35,11-MAR-2024,28803,INE258A01016,
BEPL,EQ,93.5,94.25,89.65,90.05,90.1,93.35,760724,69129603.2,11-MAR-2024,8600,INE922A01025,
BERGEPAINT,EQ,573.4,583.9,569.0,576.35,576.0,573.4,792829,456614918.4,11-MAR-2024,35067,INE463A01038,
BFINVEST,EQ,578.7,578.7,537.3,541.9,542.45,574.9,83150,46037190.9,11-MAR-2024,8044,INE878K01010,
BFSI,EQ,21.55,21.55,21.16,21.18,21.21,21.32,642242,13621295.6,11-MAR-2024,1128,INF769K01HI8,
BFUTILITIE,EQ,856.0,857.8,783.65,793.35,792.85,856.15,366119,299009232.1,11-MAR-2024,19711,INE243D01012,
BGRENERGY,BE,49.75,49.95,46.15,46.15,46.15,48.55,605513,28466254.0,11-MAR-2024,3127,INE661I01014,
BHAGCHEM,EQ,1799.0,1799.0,1655.55,1679.7,1691.0,1775.55,6267,10795309.25,11-MAR-2024,1353,INE414D01019,
BHAGERIA,EQ,184.25,185.4,168.6,169.85,171.0,183.25,121494,21262024.15,11-MAR-2024,7647,INE354C01027,
BHAGYANGR,EQ,94.95,95.3,89.45,90.85,91.2,94.95,101432,9320778.6,11-MAR-2024,1771,INE458B01036,
BHANDARI,EQ,9.1,9.15,8.7,8.7,8.7,9.15,1725698,15090933.45,11-MAR-2024,1632,INE474E01029,
BHARATFORG,EQ,1170.05,1190.6,1143.4,1159.85,1156.75,1178.85,2315091,2690184670.05,11-MAR-2024,128283,INE465A01025,
BHARATGEAR,EQ,119.4,119.4,114.15,115.05,116.95,117.55,44252,5145301.1,11-MAR-2024,771,INE561C01019,
BHARATRAS,EQ,9085.0,9111.05,8879.9,8925.8,8978.0,9082.25,1310,11723149.8,11-MAR-2024,582,INE838B01013,
BHARATWIRE,BE,301.2,306.95,290.1,295.2,298.0,305.35,150969,44713852.85,11-MAR-2024,795,INE316L01019,
BHARTIARTL,EQ,1186.0,1218.3,1186.0,1196.6,1199.55,1199.7,6679208,8051156240.85,11-MAR-2024,219692,INE397D01024,
BHEL,EQ,259.1,259.55,253.65,254.55,254.15,257.5,20685651,5310796951.4,11-MAR-2024,124938,INE257A01026,
BIGBLOC,EQ,214.05,214.05,200.05,203.65,203.9,214.2,128449,26462354.8,11-MAR-2024,3318,INE412U01025,
BIKAJI,EQ,533.85,542.0,521.2,526.15,523.0,533.85,207622,110691216.45,11-MAR-2024,10062,INE00E101023,
BIL,BE,317.0,319.8,303.85,303.85,303.85,319.8,2826,863767.75,11-MAR-2024,46,INE828A01016,
BINANIIND,BE,14.5,14.9,14.0,14.0,14.0,14.7,17115,241941.7,11-MAR-2024,114,INE071A01013,
BIOCON,EQ,284.0,286.2,278.1,279.2,279.5,281.9,4569107,1290840434.85,11-MAR-2024,36004,INE376G01013,
BIOFILCHEM,EQ,70.1,71.95,66.0,66.95,67.25,72.05,111104,7701013.05,11-MAR-2024,1615,INE829A01014,
BIRLACABLE,EQ,262.0,268.5,257.1,258.3,258.0,268.95,103974,27221608.9,11-MAR-2024,7042,INE800A01015,
BIRLACORPN,EQ,1548.6,1560.0,1476.9,1488.25,1499.0,1541.15,122517,186278887.15,11-MAR-2024,17074,INE340A01012,
BIRLAMONEY,BE,104.25,106.7,100.0,101.0,100.7,104.25,97881,10001738.9,11-MAR-2024,1051,INE865C01022,
BLAL,EQ,256.0,257.35,243.0,244.3,244.85,255.15,167322,41657544.6,11-MAR-2024,3418,INE0N7W01012,
BLBLIMITED,BE,45.25,45.25,45.25,45.25,45.25,46.15,1937,87649.25,11-MAR-2024,11,INE791A01024,
BLISSGVS,EQ,127.2,127.2,113.9,114.6,115.5,117.0,671725,80397615.55,11-MAR-2024,8765,INE416D01022,
BLKASHYAP,EQ,72.0,72.9,67.5,68.8,68.5,70.75,701744,48492793.7,11-MAR-2024,3568,INE350H01032,
BLS,EQ,345.65,346.35,329.0,334.1,331.5,345.65,1609904,541882806.15,11-MAR-2024,38543,INE153T01027,
BLSE,EQ,323.8,324.5,306.05,309.25,308.8,321.35,2222881,692016580.5,11-MAR-2024,42679,INE0NLT01010,
BLUECHIP,BE,3.3,3.3,3.3,3.3,3.3,3.35,22840,75372.0,11-MAR-2024,129,INE657B01025,
BLUEDART,EQ,5979.0,5979.0,5765.65,5781.5,5780.0,5902.8,16081,93549094.4,11-MAR-2024,4783,INE233B01017,
BLUEJET,EQ,352.0,352.0,344.4,349.35,350.0,352.35,105407,36763691.2,11-MAR-2024,2554,INE0KBH01020,
BLUESTARCO,EQ,1331.05,1359.0,1316.3,1325.85,1324.0,1323.9,221774,297233377.4,11-MAR-2024,23279,INE472A01039,
BODALCHEM,EQ,96.75,97.1,87.45,89.2,89.3,96.25,1916970,176694164.9,11-MAR-2024,12345,INE338D01028,
BOHRAIND,BE,23.1,23.15,22.35,23.15,23.15,22.05,68242,1562302.85,11-MAR-2024,86,INE802W01023,
BOMDYEING,EQ,172.0,172.5,163.25,164.5,164.0,172.05,773835,129322457.9,11-MAR-2024,11947,INE032A01023,
BOROLTD,EQ,385.9,394.0,371.15,388.7,391.7,379.75,205543,78542538.75,11-MAR-2024,13868,INE02PY01013,
BORORENEW,EQ,548.9,551.85,525.0,528.5,530.85,549.5,496412,265067654.15,11-MAR-2024,28773,INE666D01022,
BOSCHLTD,EQ,29819.95,30020.0,29257.05,29431.2,29399.95,29501.0,46917,1391040219.35,11-MAR-2024,17630,INE323A01026,
BPCL,EQ,617.0,638.7,612.05,626.4,625.0,624.7,7676504,4829724554.8,11-MAR-2024,164931,INE029A01011,
BPL,EQ,95.2,95.95,90.7,91.3,91.5,95.1,134082,12404158.45,11-MAR-2024,1850,INE110A01019,
BRIGADE,EQ,907.8,917.9,857.9,875.85,873.55,914.8,552781,486716419.65,11-MAR-2024,50117,INE791I01019,
BRITANNIA,EQ,4894.05,4957.65,4871.1,4937.4,4933.2,4889.15,295000,1452640900.9,11-MAR-2024,39760,INE216A01030,
BRNL,EQ,66.9,67.9,61.5,62.05,61.6,64.7,541825,34844819.6,11-MAR-2024,5825,INE727S01012,
BROOKS,EQ,115.9,116.35,110.1,110.6,110.1,115.9,45271,5081667.95,11-MAR-2024,614,INE650L01011,
BSE,EQ,2243.85,2243.85,2190.35,2204.1,2197.0,2243.85,561381,1241808813.8,11-MAR-2024,74969,INE118H01025,
BSE500IETF,EQ,34.92,38.0,34.02,34.12,34.09,34.25,72204,2473221.37,11-MAR-2024,1491,INF109KC1V59,
BSHSL,EQ,221.05,224.45,216.0,217.15,216.95,222.75,45013,9844586.0,11-MAR-2024,866,INE032Z01020,
BSL,EQ,182.4,190.0,177.0,178.9,177.0,184.6,16591,3028614.9,11-MAR-2024,640,INE594B01012,
BSLGOLDETF,EQ,58.32,59.8,58.32,59.14,59.1,58.28,47597,2814453.99,11-MAR-2024,540,INF209KB18D3,
BSLNIFTY,EQ,26.35,26.35,25.31,25.43,25.47,25.6,170248,4348617.84,11-MAR-2024,5229,INF209KB19D1,
BSLSENETFG,EQ,74.47,74.47,71.25,72.16,72.8,72.7,62485,4648551.4,11-MAR-2024,390,INF209KB10E8,
BSOFT,EQ,765.0,782.7,756.75,774.6,773.15,772.6,1317040,1017096373.55,11-MAR-2024,64658,INE836A01035,
BTML,EQ,175.4,181.8,159.65,179.2,179.9,174.55,404378,68940579.4,11-MAR-2024,5032,INE0EEJ01015,
BURNPUR,EQ,6.25,6.25,5.9,5.95,5.95,6.1,198355,1189001.95,11-MAR-2024,879,INE817H01014,
BUTTERFLY,EQ,873.95,879.5,847.0,849.6,849.9,873.9,9075,7762561.3,11-MAR-2024,1189,INE295F01017,
BVCL,BE,57.85,59.5,56.5,57.4,57.1,57.85,12425,728195.25,11-MAR-2024,89,INE139I01011,
BYKE,EQ,68.45,70.0,65.05,65.25,65.3,68.45,91976,6091461.05,11-MAR-2024,649,INE319B01014,
CALSOFT,BE,18.25,18.25,17.0,17.1,17.0,17.5,11571,201497.45,11-MAR-2024,112,INE526B01014,
CAMLINFINE,EQ,115.15,118.55,109.4,110.85,111.35,113.85,889403,100459741.95,11-MAR-2024,7833,INE052I01032,
CAMPUS,EQ,247.0,248.25,237.2,240.3,240.4,246.8,1367543,332322732.3,11-MAR-2024,19461,INE278Y01022,
CAMS,EQ,2903.95,3018.9,2902.0,3006.45,2996.0,2901.9,307906,917292568.05,11-MAR-2024,40410,INE596I01012,
CANBK,EQ,597.95,602.4,584.2,586.25,585.5,597.95,6354256,3763919144.6,11-MAR-2024,98073,INE476A01014,
CANFINHOME,EQ,783.1,787.7,766.0,771.0,768.5,786.6,553779,429657682.6,11-MAR-2024,28488,INE477A01020,
CANTABIL,EQ,221.55,221.55,209.2,210.55,212.0,220.75,118953,25628352.2,11-MAR-2024,7209,INE068L01024,
CAPACITE,EQ,261.95,271.5,250.05,252.0,254.0,260.8,1749579,453435864.9,11-MAR-2024,31177,INE264T01014,
CAPITALSFB,EQ,365.9,369.3,360.25,362.8,363.5,365.85,114405,41692659.85,11-MAR-2024,6572,INE646H01017,
CAPLIPOINT,EQ,1360.0,1409.7,1335.55,1343.05,1354.0,1369.25,238455,327734562.65,11-MAR-2024,25988,INE475E01026,
CAPTRUST,EQ,118.05,120.65,108.35,110.9,108.4,119.75,51321,5832751.55,11-MAR-2024,2311,INE707C01018,
CARBORUNIV,EQ,1074.0,1074.0,1051.5,1069.7,1070.05,1065.3,36029,38342800.9,11-MAR-2024,4977,INE120A01034,
CAREERP,BE,253.0,253.1,249.1,249.8,252.4,251.6,10662,2673272.5,11-MAR-2024,115,INE521J01018,
CARERATING,EQ,1151.9,1163.0,1132.05,1141.25,1141.7,1152.7,40967,47000233.35,11-MAR-2024,6942,INE752H01013,
CARTRADE,EQ,721.7,727.0,712.6,716.75,714.0,719.65,104273,75065204.7,11-MAR-2024,9449,INE290S01011,
CARYSIL,EQ,995.0,995.0,929.05,944.5,935.0,980.9,86617,82181770.6,11-MAR-2024,12780,INE482D01024,
CASTROLIND,EQ,209.5,210.2,201.0,201.95,202.9,209.5,3482834,712256733.45,11-MAR-2024,42557,INE172A01027,
CCHHL,BE,13.8,13.8,13.8,13.8,13.8,14.05,35012,483165.6,11-MAR-2024,170,INE652F01027,
CCL,EQ,614.8,616.2,601.1,607.1,607.0,613.3,101705,61630814.8,11-MAR-2024,10080,INE421D01022,
CDSL,EQ,1830.6,1853.75,1806.0,1810.6,1807.0,1830.6,447401,818189043.15,11-MAR-2024,37209,INE736A01011,
CEATLTD,EQ,2785.95,2787.1,2654.3,2672.1,2669.0,2773.3,149858,403480332.05,11-MAR-2024,19391,INE482A01020,
CELEBRITY,BE,17.5,17.5,16.5,16.75,16.5,16.7,95618,1632382.15,11-MAR-2024,210,INE185H01016,
CELLO,EQ,813.0,814.95,800.1,806.5,803.7,804.5,381718,307943001.8,11-MAR-2024,13913,INE0LMW01024,
CENTENKA,EQ,433.9,435.5,423.75,424.65,424.95,433.95,34868,14853879.3,11-MAR-2024,2237,INE485A01015,
CENTEXT,BE,21.9,22.2,20.95,21.2,21.45,21.45,125007,2699111.25,11-MAR-2024,721,INE281A01026,
CENTRALBK,EQ,64.6,64.7,61.7,62.15,62.35,64.35,14035590,888044023.35,11-MAR-2024,32039,INE483A01010,
CENTRUM,EQ,31.45,31.95,29.3,30.05,30.25,31.65,1785582,54143698.4,11-MAR-2024,7242,INE660C01027,
CENTUM,EQ,1790.2,1819.85,1602.7,1628.6,1620.55,1781.45,52166,87753234.15,11-MAR-2024,10337,INE320B01020,
CENTURYPLY,EQ,667.0,667.0,650.2,654.65,656.5,667.5,743295,485254793.25,11-MAR-2024,11509,INE348B01021,
CENTURYTEX,EQ,1500.0,1537.0,1461.0,1468.1,1465.1,1530.25,358820,535894391.9,11-MAR-2024,23032,INE055A01016,
CERA,EQ,7590.65,7590.65,7412.0,7469.2,7460.0,7590.65,16703,124632582.4,11-MAR-2024,3845,INE739E01017,
CEREBRAINT,BE,7.25,7.45,7.2,7.35,7.25,7.1,87436,644204.5,11-MAR-2024,306,INE345B01019,
CESC,EQ,125.85,125.9,120.8,121.4,121.0,125.35,3766428,463069358.3,11-MAR-2024,26216,INE486A01021,
CGCL,EQ,248.1,250.8,228.35,229.3,228.7,247.55,572747,134182006.4,11-MAR-2024,30017,INE180C01042,
CGPOWER,EQ,465.85,474.2,449.4,469.45,464.5,457.65,5360138,2487480461.7,11-MAR-2024,112262,INE067A01029,
CHALET,EQ,756.8,760.55,719.6,743.4,757.9,753.5,451243,332618618.75,11-MAR-2024,28732,INE427F01016,
CHAMBLFERT,EQ,375.9,378.0,371.05,372.7,373.0,372.75,2275129,852346806.7,11-MAR-2024,43051,INE085A01013,
CHEMBOND,EQ,488.1,492.5,474.0,481.6,480.0,481.85,25461,12311035.0,11-MAR-2024,2316,INE995D01025,
CHEMCON,EQ,274.3,280.3,269.6,270.45,271.9,271.3,119655,32963869.6,11-MAR-2024,10372,INE03YM01018,
CHEMFAB,EQ,660.0,734.7,659.0,694.55,682.0,632.75,1045065,736029392.85,11-MAR-2024,52762,INE783X01023,
CHEMPLASTS,EQ,452.1,454.95,431.3,439.7,440.8,452.1,89312,39419883.95,11-MAR-2024,9472,INE488A01050,
CHENNPETRO,EQ,896.0,905.5,882.9,887.9,887.6,903.95,524847,468226079.8,11-MAR-2024,23818,INE178A01016,
CHEVIOT,EQ,1430.0,1430.0,1349.4,1355.75,1362.0,1408.1,7963,10974579.0,11-MAR-2024,1027,INE974B01016,
CHOICEIN,EQ,270.7,270.75,260.25,262.0,261.3,270.3,286333,75592097.25,11-MAR-2024,7913,INE102B01014,
CHOLAFIN,EQ,1092.0,1107.9,1086.8,1095.45,1091.4,1083.25,2070659,2274034937.45,11-MAR-2024,72690,INE121A01024,
CHOLAHLDNG,EQ,1093.2,1102.0,1080.15,1095.65,1090.0,1080.05,163326,178966903.45,11-MAR-2024,17435,INE149A01033,
CIEINDIA,EQ,446.0,446.45,433.35,441.0,441.15,445.6,1234903,541773177.95,11-MAR-2024,18365,INE536H01010,
CIGNITITEC,EQ,1115.95,1190.0,1115.95,1177.4,1176.0,1099.8,733564,852919909.55,11-MAR-2024,44358,INE675C01017,
CINELINE,EQ,126.7,127.9,120.5,123.85,124.25,125.5,69457,8733015.2,11-MAR-2024,1899,INE704H01022,
CINEVISTA,EQ,19.25,19.65,19.05,19.1,19.05,19.45,19957,381732.95,11-MAR-2024,211,INE039B01026,
CIPLA,EQ,1493.0,1519.0,1488.55,1504.1,1505.0,1483.15,2183994,3291247801.65,11-MAR-2024,122138,INE059A01026,
CLEAN,EQ,1375.05,1378.6,1340.0,1343.8,1342.0,1375.25,103414,139946588.25,11-MAR-2024,13441,INE227W01023,
CLEDUCATE,EQ,93.15,93.15,87.35,88.05,88.7,93.5,226744,20160905.35,11-MAR-2024,3825,INE201M01029,
CLSEL,EQ,222.95,223.85,213.85,215.45,215.05,222.95,107299,23288356.45,11-MAR-2024,5590,INE419D01026,
CMSINFO,EQ,400.9,407.0,391.95,399.95,401.0,399.15,2283445,911298920.95,11-MAR-2024,46772,INE925R01014,
COALINDIA,EQ,461.0,462.85,452.4,453.9,452.5,458.6,7824738,3586056755.4,11-MAR-2024,120998,INE522F01014,
COASTCORP,EQ,278.5,283.95,265.0,270.9,268.0,284.3,48083,13251951.6,11-MAR-2024,3979,INE377E01016,
COCHINSHIP,EQ,867.2,867.2,845.0,848.3,845.0,867.2,787870,671924021.55,11-MAR-2024,36799,INE704P01025,
COFFEEDAY,EQ,56.4,56.6,53.0,53.25,53.35,55.5,2971836,162108460.15,11-MAR-2024,9372,INE335K01011,
COFORGE,EQ,6280.0,6302.7,6173.0,6247.65,6230.05,6253.7,486927,3038928565.55,11-MAR-2024,62864,INE591G01017,
COLPAL,EQ,2600.0,2624.9,2578.7,2606.85,2603.1,2578.7,222989,580783472.55,11-MAR-2024,24305,INE259A01022,
COMMOIETF,EQ,85.12,85.77,84.5,84.64,84.64,85.11,51131,4345452.74,11-MAR-2024,764,INF109KC19O8,
COMPUSOFT,EQ,27.05,27.45,25.15,25.45,25.7,27.05,115758,2998812.5,11-MAR-2024,976,INE453B01029,
COMSYN,EQ,77.3,78.25,75.0,75.4,76.55,77.3,4114,315817.0,11-MAR-2024,116,INE073V01015,
CONCOR,EQ,964.7,971.6,950.75,955.75,951.5,964.7,1674256,1602834004.95,11-MAR-2024,93558,INE111A01025,
CONCORDBIO,EQ,1520.0,1523.0,1425.85,1446.15,1457.0,1532.3,108887,159136983.4,11-MAR-2024,16924,INE338H01029,
CONFIPET,EQ,102.15,103.4,95.7,96.25,96.5,100.8,3084741,304562853.75,11-MAR-2024,16130,INE552D01024,
CONSOFINVT,EQ,256.2,261.9,250.0,250.55,253.1,256.05,16454,4174225.15,11-MAR-2024,915,INE025A01027,
CONSUMBEES,EQ,110.0,110.85,109.53,109.78,109.84,109.74,32938,3628115.29,11-MAR-2024,900,INF204KA1LD7,
CONSUMIETF,EQ,101.93,102.6,101.65,101.79,101.89,101.93,26807,2740535.66,11-MAR-2024,167,INF109KC1V42,
CONTROLPR,EQ,1002.0,1012.85,957.0,975.35,975.5,999.35,31843,30975069.4,11-MAR-2024,5789,INE663B01015,
CORALFINAC,BE,47.5,48.9,45.5,45.8,46.45,47.9,49730,2299762.45,11-MAR-2024,289,INE558D01021,
CORDSCABLE,BE,174.9,174.9,163.7,163.7,163.7,172.3,33457,5527945.3,11-MAR-2024,493,INE792I01017,
COROMANDEL,EQ,1122.0,1130.1,1104.05,1119.25,1124.45,1114.55,532858,595632699.45,11-MAR-2024,18588,INE169A01031,
COSMOFIRST,EQ,509.85,510.3,492.1,496.9,496.25,506.55,56914,28465682.0,11-MAR-2024,5706,INE757A01017,
COUNCODOS,BE,5.8,5.8,5.5,5.5,5.6,5.6,68837,385244.75,11-MAR-2024,148,INE695B01025,
CPSEETF,EQ,84.0,84.9,82.53,82.73,82.85,83.93,2726693,227056984.98,11-MAR-2024,17558,INF457M01133,
CRAFTSMAN,EQ,4131.1,4168.4,4020.0,4029.45,4021.45,4131.05,32207,131518779.25,11-MAR-2024,10299,INE00LO01017,
CREATIVE,EQ,773.8,773.8,725.0,733.95,739.95,727.45,22699,16691351.55,11-MAR-2024,1252,INE985W01018,
CREATIVEYE,BE,4.6,4.6,4.6,4.6,4.6,4.6,679,3123.4,11-MAR-2024,7,INE230B01021,
CREDITACC,EQ,1399.85,1417.75,1310.05,1322.2,1337.05,1396.55,864457,1152636039.3,11-MAR-2024,70510,INE741K01010,
CREST,EQ,430.0,437.35,410.1,414.1,423.0,436.55,27048,11436224.0,11-MAR-2024,1024,INE559D01011,
CRISIL,EQ,4945.0,5034.0,4911.75,4924.75,4948.0,4927.85,38944,194020361.3,11-MAR-2024,7389,INE007A01025,
CROMPTON,EQ,291.9,293.15,288.0,288.8,288.35,290.65,593630,172710851.65,11-MAR-2024,19117,INE299U01018,
CROWN,BE,182.05,182.05,182.05,182.05,182.05,178.5,7840,1427272.0,11-MAR-2024,23,INE491V01019,
CSBBANK,EQ,370.0,384.65,340.2,359.4,357.9,368.65,730502,269840689.8,11-MAR-2024,28162,INE679A01013,
CSLFINANCE,EQ,468.9,468.9,432.1,434.2,436.85,436.45,31740,14058727.95,11-MAR-2024,2436,INE718F01018,
CTE,BE,114.65,117.9,114.65,114.65,114.65,120.65,20544,2361494.6,11-MAR-2024,165,INE627H01017,
CUB,EQ,137.05,137.1,132.6,132.9,132.9,136.75,2958334,396012183.6,11-MAR-2024,23826,INE491A01021,
CUBEXTUB,BE,86.0,86.0,84.3,84.3,84.3,86.0,9486,803120.8,11-MAR-2024,39,INE144D01012,
CUMMINSIND,EQ,2823.85,2891.95,2783.75,2795.85,2798.0,2787.0,1183246,3340820074.8,11-MAR-2024,93984,INE298A01020,
CUPID,BE,2341.05,2509.0,2341.05,2341.75,2341.05,2464.25,103293,251096074.05,11-MAR-2024,2062,INE509F01011,
CYBERMEDIA,BE,21.45,22.5,20.7,22.5,22.5,21.45,34655,768501.8,11-MAR-2024,234,INE278G01037,
CYBERTECH,EQ,170.9,170.9,162.0,163.05,162.55,169.3,100077,16464802.6,11-MAR-2024,5707,INE214A01019,
CYIENT,EQ,1986.85,1986.9,1922.5,1942.45,1950.05,1987.75,134268,261902293.8,11-MAR-2024,24465,INE136B01020,
CYIENTDLM,EQ,778.3,778.3,737.5,742.5,743.85,778.4,124825,94024945.7,11-MAR-2024,10301,INE055S01018,
DABUR,EQ,535.25,538.4,531.6,533.4,532.15,535.25,984138,526818286.1,11-MAR-2024,28392,INE016A01026,
DALBHARAT,EQ,1961.2,1977.95,1935.0,1939.25,1943.95,1961.2,318811,622884009.05,11-MAR-2024,26635,INE00R701025,
DALMIASUG,EQ,396.85,396.85,377.0,381.3,379.0,392.45,56519,21720499.3,11-MAR-2024,4384,INE495A01022,
DAMODARIND,EQ,51.45,52.55,48.8,49.05,48.9,51.45,32783,1638162.35,11-MAR-2024,358,INE497D01022,
DANGEE,EQ,11.15,11.4,10.3,10.45,10.4,10.9,437412,4651830.7,11-MAR-2024,972,INE688Y01022,
DATAMATICS,EQ,579.4,580.0,541.65,552.3,554.0,575.35,133763,75134371.3,11-MAR-2024,8552,INE365B01017,
DATAPATTNS,EQ,2720.0,2722.85,2538.0,2555.45,2552.0,2698.1,265622,691003903.35,11-MAR-2024,24620,INE0IX101010,
DAVANGERE,EQ,104.0,106.45,101.0,102.35,102.0,104.45,262164,27041274.25,11-MAR-2024,533,INE179G01011,
DBCORP,BE,280.0,281.9,263.95,267.45,263.95,277.8,190048,51267830.75,11-MAR-2024,5961,INE950I01011,
DBL,EQ,443.0,449.5,426.95,430.9,430.0,437.45,853021,371630179.15,11-MAR-2024,34115,INE917M01012,
DBOL,EQ,132.3,132.6,126.8,128.15,127.5,132.3,184923,23917140.35,11-MAR-2024,4139,INE0I3401014,
DBREALTY,EQ,282.5,282.5,264.0,267.35,267.9,282.7,7330437,1975321844.25,11-MAR-2024,28061,INE879I01012,
DBSTOCKBRO,EQ,46.5,46.5,43.0,45.15,46.45,44.45,25007,1112611.8,11-MAR-2024,468,INE921B01025,
DCAL,EQ,249.9,254.8,231.0,233.35,232.0,247.4,901819,215511477.5,11-MAR-2024,10150,INE385W01011,
DCBBANK,EQ,127.5,128.5,125.6,126.8,127.15,127.5,1389562,176682904.15,11-MAR-2024,16138,INE503A01015,
DCI,EQ,210.5,210.5,200.05,201.35,200.65,206.3,2679,544280.2,11-MAR-2024,395,INE0A1101019,
DCM,EQ,84.0,84.05,78.85,81.0,81.0,84.0,62456,5050853.95,11-MAR-2024,936,INE498A01018,
DCMFINSERV,BE,5.9,5.9,5.9,5.9,5.9,6.0,617,3640.3,11-MAR-2024,5,INE891B01012,
DCMNVL,EQ,210.2,216.4,203.2,206.8,210.15,213.15,115889,24218133.75,11-MAR-2024,5109,INE08KP01019,
DCMSHRIRAM,EQ,960.0,960.0,907.1,915.95,919.5,946.7,40140,37184130.3,11-MAR-2024,5085,INE499A01024,
DCMSRIND,EQ,183.05,186.7,172.05,174.45,173.5,182.85,385183,68438475.15,11-MAR-2024,16073,INE843D01027,
DCW,EQ,56.65,56.95,53.55,53.85,53.75,56.55,3907534,214029651.3,11-MAR-2024,13026,INE500A01029,
DCXINDIA,EQ,310.25,314.25,290.1,295.8,295.0,309.4,786026,237163269.3,11-MAR-2024,21541,INE0KL801015,
DECCANCE,EQ,602.45,602.8,575.1,582.25,588.0,602.45,13771,8117638.15,11-MAR-2024,1124,INE583C01021,
DEEPAKFERT,EQ,515.0,516.65,501.0,503.6,503.0,513.35,317165,161028681.55,11-MAR-2024,12603,INE501A01019,
DEEPAKNTR,EQ,2206.05,2215.15,2157.55,2165.45,2163.85,2206.05,126299,276312372.45,11-MAR-2024,15172,INE288B01029,
DEEPENR,EQ,185.05,185.5,174.85,176.6,178.7,184.25,33746,6020296.05,11-MAR-2024,2206,INE677H01012,
DEEPINDS,EQ,263.95,264.95,253.45,260.65,258.8,262.15,153799,39841993.75,11-MAR-2024,7117,INE0FHS01024,
DELHIVERY,EQ,464.9,467.95,451.4,456.55,455.0,459.05,2863365,1318376554.5,11-MAR-2024,51759,INE148O01028,
DELPHIFX,EQ,260.4,274.95,251.2,259.75,262.8,259.75,114660,30827832.0,11-MAR-2024,2761,INE726L01019,
DELTACORP,EQ,136.7,137.15,132.15,132.8,132.5,136.55,1930565,258574164.55,11-MAR-2024,19257,INE124G01033,
DELTAMAGNT,EQ,108.8,108.8,99.0,99.3,99.0,108.9,26109,2641643.25,11-MAR-2024,656,INE393A01011,
DEN,EQ,55.45,56.3,52.45,52.85,52.85,55.5,2343074,126693227.0,11-MAR-2024,9915,INE947J01015,
DENORA,EQ,1611.8,1612.0,1552.0,1561.5,1568.9,1611.8,18312,28775064.85,11-MAR-2024,3174,INE244A01016,
DEVIT,EQ,128.95,128.95,113.15,115.75,114.0,122.0,251473,29928479.55,11-MAR-2024,1100,INE060X01026,
DEVYANI,EQ,155.8,155.95,152.7,153.95,154.0,155.75,1880411,289325568.5,11-MAR-2024,22729,INE872J01023,
DGCONTENT,EQ,21.85,21.9,20.6,20.9,20.6,20.9,86107,1829075.75,11-MAR-2024,263,INE03JI01017,
DHAMPURSUG,EQ,238.55,242.8,230.0,233.15,233.0,238.8,162656,38347852.6,11-MAR-2024,5711,INE041A01016,
DHANBANK,BE,46.95,47.1,45.0,45.2,45.4,46.0,635845,29070882.05,11-MAR-2024,3815,INE680A01011,
DHANI,EQ,38.6,38.95,37.5,38.2,37.8,38.4,1825772,69546900.75,11-MAR-2024,5910,INE274G01010,
DHANUKA,EQ,1043.0,1064.95,1020.0,1027.65,1025.25,1040.8,27145,28102598.25,11-MAR-2024,7246,INE435G01025,
DHARMAJ,EQ,236.2,241.0,231.95,233.4,233.6,236.0,65011,15334376.4,11-MAR-2024,6803,INE00OQ01016,
DHRUV,BE,114.0,121.0,113.15,113.45,113.15,119.1,43447,5005168.35,11-MAR-2024,425,INE506Z01015,
DHUNINV,EQ,1265.0,1289.3,1204.0,1227.75,1228.0,1251.3,2869,3576295.3,11-MAR-2024,441,INE320L01011,
DIACABS,BE,420.4,420.4,420.4,420.4,420.4,412.2,656,275782.4,11-MAR-2024,31,INE989C01020,
DIAMINESQ,EQ,560.0,560.0,533.05,540.9,539.2,550.65,13374,7228152.9,11-MAR-2024,1907,INE591D01014,
DIAMONDYD,EQ,1046.25,1047.15,961.0,979.2,981.95,1042.7,57500,57444922.8,11-MAR-2024,5639,INE393P01035,
DICIND,EQ,473.6,473.6,455.05,459.05,455.05,471.25,3657,1682933.6,11-MAR-2024,351,INE303A01010,
DIGIDRIVE,BE,42.45,42.5,40.35,40.35,40.35,42.45,80574,3302307.75,11-MAR-2024,1062,INE0PSC01024,
DIGISPICE,EQ,29.15,29.9,27.75,27.8,27.75,29.2,201011,5701972.4,11-MAR-2024,1364,INE927C01020,
DIGJAMLMTD,BE,88.55,92.3,88.55,89.0,89.0,88.55,726,64896.55,11-MAR-2024,19,INE731U01028,
DIL,EQ,8.45,8.45,8.05,8.15,8.15,8.3,1019381,8295929.2,11-MAR-2024,2044,INE411Y01011,
DISHTV,EQ,20.2,20.35,19.05,19.2,19.2,20.15,30251191,590951087.5,11-MAR-2024,17493,INE836F01026,
DIVGIITTS,EQ,815.05,815.3,755.05,763.5,769.05,815.35,67046,51745660.8,11-MAR-2024,10140,INE753U01022,
DIVISLAB,EQ,3601.6,3652.05,3586.05,3604.75,3610.0,3601.6,408279,1476180567.6,11-MAR-2024,50427,INE361B01024,
DIVOPPBEES,EQ,77.5,77.5,72.95,74.45,74.74,75.23,77056,5759463.67,11-MAR-2024,2033,INF204KA1MS3,
DIXON,EQ,7184.0,7229.8,7035.0,7051.05,7064.0,7142.95,214304,1530486615.8,11-MAR-2024,31325,INE935N01020,
DJML,EQ,146.8,146.8,140.1,142.2,142.9,146.05,27474,3908956.2,11-MAR-2024,878,INE0B1K01014,
DLF,EQ,928.0,933.3,907.2,911.25,909.35,920.3,4511073,4151563389.25,11-MAR-2024,169282,INE271C01023,
DLINKINDIA,EQ,299.8,299.8,288.0,289.25,289.65,295.25,104522,30385243.0,11-MAR-2024,4495,INE250K01012,
DMART,EQ,3948.85,4025.0,3936.05,3979.65,3986.0,3925.95,689781,2749098040.8,11-MAR-2024,73724,INE192R01011,
DMCC,EQ,292.65,296.1,281.5,285.25,285.85,294.6,21021,6024312.2,11-MAR-2024,1493,INE505A01010,
DNAMEDIA,BE,5.0,5.0,4.95,5.0,5.0,4.95,66620,332268.4,11-MAR-2024,63,INE016M01021,
DODLA,EQ,899.55,912.3,878.0,887.85,891.5,896.1,59263,52973533.8,11-MAR-2024,9378,INE021O01019,
DOLATALGO,EQ,77.05,77.8,73.0,74.35,74.75,77.0,273208,20402947.7,11-MAR-2024,3567,INE966A01022,
DOLLAR,EQ,527.95,527.95,505.6,517.5,517.0,528.95,218061,112227551.15,11-MAR-2024,10776,INE325C01035,
DOLPHIN,BE,336.3,336.3,336.3,336.3,336.3,329.75,860,289218.0,11-MAR-2024,17,INE920A01037,
DOMS,EQ,1461.65,1464.0,1406.7,1453.35,1452.0,1449.95,54070,77770043.2,11-MAR-2024,10580,INE321T01012,
DONEAR,EQ,102.85,102.85,99.1,99.4,99.75,102.85,66890,6725707.15,11-MAR-2024,1323,INE668D01028,
DPABHUSHAN,EQ,785.65,786.0,750.1,763.25,754.75,777.85,7045,5414779.2,11-MAR-2024,612,INE266Y01019,
DPSCLTD,EQ,18.35,18.5,17.4,17.45,17.5,18.3,1138582,20236189.35,11-MAR-2024,4507,INE360C01024,
DPWIRES,EQ,501.05,509.05,475.65,481.7,483.3,500.05,59564,29038202.1,11-MAR-2024,7528,INE864X01013,
DRCSYSTEMS,BE,19.5,19.5,18.55,18.55,18.55,19.5,202719,3781278.95,11-MAR-2024,647,INE03RS01027,
DREAMFOLKS,EQ,505.7,505.7,485.5,489.85,489.95,500.6,258422,127090790.9,11-MAR-2024,15713,INE0JS101016,
DREDGECORP,BE,739.0,739.0,676.0,683.4,680.1,710.75,42481,29468458.85,11-MAR-2024,1115,INE506A01018,
DRREDDY,EQ,6369.0,6423.6,6310.0,6387.45,6390.0,6324.15,282473,1804296939.45,11-MAR-2024,39164,INE089A01023,
DSSL,EQ,875.0,875.0,815.0,820.05,817.0,857.5,22727,18932699.4,11-MAR-2024,2325,INE417B01040,
DTIL,EQ,216.95,216.95,208.0,210.25,211.9,215.0,6321,1336707.45,11-MAR-2024,220,INE341R01014,
DUCON,BE,10.1,10.1,10.1,10.1,10.1,10.3,56339,569023.9,11-MAR-2024,113,INE741L01018,
DVL,EQ,372.0,383.85,365.1,367.8,365.2,375.4,50817,18914595.3,11-MAR-2024,810,INE477B01010,
DWARKESH,EQ,84.3,86.8,81.6,81.9,82.0,81.05,8387805,704496498.85,11-MAR-2024,40977,INE366A01041,
DYCL,EQ,407.95,414.45,392.1,396.85,399.2,407.95,52280,20885474.6,11-MAR-2024,8092,INE600Y01019,
DYNAMATECH,EQ,7384.0,7407.35,7040.2,7115.6,7075.0,7384.0,16735,120085599.35,11-MAR-2024,5389,INE221B01012,
DYNPRO,EQ,295.85,305.0,281.3,284.95,290.0,295.85,29194,8399953.45,11-MAR-2024,1763,INE256H01015,
E2E,BE,898.75,898.75,898.75,898.75,898.75,917.1,1634,1468557.5,11-MAR-2024,119,INE255Z01019,
EASEMYTRIP,EQ,47.65,47.65,46.6,46.75,46.7,47.35,15748750,738335420.1,11-MAR-2024,21129,INE07O001026,
EBBETF0425,EQ,1205.0,1205.0,1190.01,1190.97,1191.75,1191.19,32153,38273993.22,11-MAR-2024,89,INF754K01LD3,
EBBETF0430,EQ,1387.15,1387.15,1328.15,1346.76,1348.75,1346.74,6128,8259140.02,11-MAR-2024,501,INF754K01KO2,
EBBETF0431,EQ,1207.3,1207.3,1201.1,1202.07,1202.95,1203.65,4279,5143941.94,11-MAR-2024,97,INF754K01LE1,
EBBETF0433,EQ,1099.07,1102.99,1099.07,1102.12,1101.41,1101.93,1742,1917728.14,11-MAR-2024,69,INF754K01QX0,
ECLERX,EQ,2472.6,2472.6,2381.85,2400.05,2410.0,2434.15,48995,117875803.9,11-MAR-2024,6477,INE738I01010,
EDELWEISS,EQ,76.95,77.3,74.5,75.4,75.55,76.95,2719413,205590512.75,11-MAR-2024,12469,INE532F01054,
EGOLD,EQ,67.2,67.6,67.2,67.6,67.6,66.6,1591,107360.45,11-MAR-2024,29,INF754K01SE6,
EICHERMOT,EQ,3795.45,3814.95,3770.0,3783.9,3775.05,3785.25,373335,1415416573.05,11-MAR-2024,47290,INE066A01021,
EIDPARRY,EQ,612.1,617.65,599.0,602.15,599.5,608.15,201685,121945388.55,11-MAR-2024,12139,INE126A01031,
EIFFL,EQ,135.1,135.1,131.05,132.8,132.25,135.05,26370,3523512.1,11-MAR-2024,573,INE546V01010,
EIHAHOTELS,EQ,745.0,745.45,712.05,719.45,716.2,742.35,38218,27808716.05,11-MAR-2024,4406,INE276C01014,
EIHOTEL,EQ,428.25,429.65,411.5,414.5,412.7,424.85,511825,213410485.0,11-MAR-2024,24903,INE230A01023,
EIMCOELECO,EQ,1484.0,1506.05,1413.05,1451.05,1460.2,1434.35,18779,27533743.15,11-MAR-2024,1129,INE158B01016,
EKC,EQ,143.95,144.9,136.0,137.3,137.35,142.95,597475,83196302.85,11-MAR-2024,9185,INE184H01027,
ELDEHSG,EQ,805.75,805.75,773.2,779.0,792.0,800.25,2527,1975059.3,11-MAR-2024,212,INE668G01021,
ELECON,EQ,962.35,963.0,921.0,942.85,935.5,962.35,287115,268685358.0,11-MAR-2024,30859,INE205B01023,
ELECTCAST,EQ,165.9,166.8,158.35,160.6,160.1,165.35,1713865,275339464.9,11-MAR-2024,26270,INE086A01029,
ELECTHERM,BE,571.4,594.7,571.4,594.7,594.7,583.05,61262,35390442.0,11-MAR-2024,314,INE822G01016,
ELGIEQUIP,EQ,702.5,713.45,671.55,684.45,685.9,699.7,215247,147945455.05,11-MAR-2024,15538,INE285A01027,
ELGIRUBCO,EQ,57.5,59.0,52.05,53.05,53.5,57.0,113816,6157957.6,11-MAR-2024,939,INE819L01012,
ELIN,EQ,150.5,151.4,146.2,146.7,146.6,150.65,108793,16061993.65,11-MAR-2024,3754,INE050401020,
EMAMILTD,EQ,450.2,457.4,443.4,444.9,447.2,450.2,415629,187000600.1,11-MAR-2024,22407,INE548C01032,
EMAMIPAP,EQ,127.5,128.85,123.0,123.45,123.95,128.35,37471,4687089.25,11-MAR-2024,1114,INE830C01026,
EMAMIREAL,BE,100.75,102.9,95.7,95.7,95.7,100.7,55760,5392763.8,11-MAR-2024,432,INE778K01012,
EMIL,EQ,201.6,203.75,193.7,195.3,195.5,202.35,234043,46500434.2,11-MAR-2024,6143,INE02YR01019,
EMKAY,BE,136.25,136.25,123.35,123.35,123.35,129.8,47206,5921245.55,11-MAR-2024,240,INE296H01011,
EMMBI,EQ,105.8,108.8,97.75,100.2,100.4,103.8,74754,7513755.35,11-MAR-2024,1592,INE753K01015,
EMSLIMITED,EQ,434.9,434.9,409.0,409.0,409.0,430.5,285876,118075226.3,11-MAR-2024,5694,INE0OV601013,
EMUDHRA,EQ,582.65,608.9,573.5,603.65,602.95,585.25,309592,182751640.75,11-MAR-2024,22100,INE01QM01018,
ENDURANCE,EQ,1830.5,1846.95,1790.0,1802.95,1800.0,1820.95,72631,131140245.5,11-MAR-2024,5391,INE913H01037,
ENERGYDEV,BE,21.4,21.4,21.4,21.4,21.4,20.4,66210,1416894.0,11-MAR-2024,163,INE306C01019,
ENGINERSIN,EQ,226.85,226.9,215.05,216.8,215.5,225.75,3577163,785422182.2,11-MAR-2024,41156,INE510A01028,
ENIL,EQ,319.25,321.35,300.45,307.75,308.2,319.35,196525,60908534.85,11-MAR-2024,15585,INE265F01028,
ENTERO,EQ,1100.25,1124.0,1090.15,1115.9,1115.0,1094.2,187958,208319028.65,11-MAR-2024,18789,INE010601016,
EPACK,EQ,178.0,178.8,172.35,173.05,172.95,176.45,256144,44779415.75,11-MAR-2024,7841,INE0G5901015,
EPIGRAL,EQ,1150.0,1162.85,1080.05,1091.8,1092.0,1143.4,57104,63124671.45,11-MAR-2024,8830,INE071N01016,
EPL,EQ,186.7,188.5,185.75,187.4,187.55,185.3,578398,108232031.8,11-MAR-2024,13116,INE255A01020,
EQUAL50ADD,EQ,263.98,298.29,263.98,289.82,290.99,290.53,14319,4163093.5,11-MAR-2024,244,INF740KA1QK2,
EQUIPPP,BE,26.05,27.7,26.05,26.9,26.9,27.05,3972,105851.45,11-MAR-2024,42,INE217G01035,
EQUITASBNK,EQ,97.15,97.5,95.4,96.95,97.15,96.9,4217584,406912641.85,11-MAR-2024,19744,INE063P01018,
ERIS,EQ,912.1,934.55,895.5,900.45,899.45,907.3,544316,497989968.4,11-MAR-2024,28567,INE406M01024,
EROSMEDIA,EQ,22.55,22.55,20.7,20.95,21.0,22.3,836777,18174930.3,11-MAR-2024,2462,INE416L01017,
ESABINDIA,EQ,5048.7,5051.0,4950.1,5003.6,5007.0,5033.65,2912,14554525.15,11-MAR-2024,1017,INE284A01012,
ESAFSFB,EQ,61.65,61.65,59.0,59.5,59.45,60.2,1160312,69483363.65,11-MAR-2024,6412,INE818W01011,
ESCORTS,EQ,2868.0,2873.55,2831.15,2838.1,2845.0,2849.9,142570,406282297.75,11-MAR-2024,17575,INE042A01014,
ESG,EQ,37.52,37.57,37.2,37.28,37.2,37.42,9534,357114.06,11-MAR-2024,289,INF769K01GS9,
ESILVER,EQ,74.64,74.92,73.0,74.86,74.85,74.4,13907,1038502.07,11-MAR-2024,139,INF754K01SF3,
ESSARSHPNG,EQ,24.5,24.85,22.75,23.8,24.6,23.7,377393,9128879.15,11-MAR-2024,1891,INE122M01019,
ESSENTIA,BE,4.2,4.25,4.1,4.1,4.1,4.3,6685418,27566135.7,11-MAR-2024,6296,INE418N01035,
ESTER,EQ,97.85,97.85,94.0,94.55,95.15,98.05,138130,13196816.3,11-MAR-2024,2458,INE778B01029,
ETHOSLTD,EQ,2889.35,3044.0,2691.15,2751.75,2730.0,2739.25,106158,303804161.25,11-MAR-2024,16463,INE04TZ01018,
EUROTEXIND,BE,20.0,21.0,20.0,21.0,21.0,20.0,21752,454653.25,11-MAR-2024,114,INE022C01012,
EVEREADY,EQ,344.8,346.15,327.15,340.05,338.0,342.75,420502,142560893.95,11-MAR-2024,15858,INE128A01029,
EVERESTIND,EQ,1241.9,1248.0,1198.6,1205.9,1199.05,1239.8,9556,11600665.2,11-MAR-2024,2494,INE295A01018,
EXCEL,BE,0.55,0.55,0.5,0.5,0.55,0.55,5251814,2735000.05,11-MAR-2024,4121,INE688J01023,
EXCELINDUS,EQ,800.65,813.95,794.0,797.4,800.0,809.65,13930,11121527.8,11-MAR-2024,1417,INE369A01029,
EXICOM,EQ,238.0,240.6,215.0,216.75,216.7,238.2,3905751,866626806.9,11-MAR-2024,66746,INE777F01014,
EXIDEIND,EQ,331.0,332.3,322.0,323.05,323.8,328.15,2257244,734493872.55,11-MAR-2024,31909,INE302A01020,
EXPLEOSOL,EQ,1325.45,1339.2,1300.0,1305.5,1300.0,1325.45,14692,19298424.8,11-MAR-2024,2408,INE201K01015,
EXXARO,EQ,111.9,112.25,108.0,108.85,109.1,111.4,150525,16540317.2,11-MAR-2024,2775,INE0GFE01018,
FACT,EQ,711.0,711.0,680.05,684.05,684.6,711.1,235063,163165406.65,11-MAR-2024,14959,INE188A01015,
FAIRCHEMOR,EQ,1360.1,1365.95,1295.2,1318.7,1330.0,1353.5,30675,40479016.05,11-MAR-2024,7311,INE0DNW01011,
FAZE3Q,EQ,415.0,415.2,396.05,399.95,400.0,410.25,31741,12852349.75,11-MAR-2024,1864,INE963C01033,
FCL,EQ,393.95,396.95,375.5,377.95,379.25,394.55,388073,149057062.9,11-MAR-2024,20156,INE045J01026,
FCONSUMER,BE,0.95,0.95,0.9,0.95,0.9,0.9,7635987,7206297.25,11-MAR-2024,3462,INE220J01025,
FCSSOFT,EQ,4.8,4.8,4.5,4.5,4.55,4.7,8965616,41174134.65,11-MAR-2024,8522,INE512B01022,
FDC,EQ,451.9,452.8,427.1,434.25,435.65,449.4,103467,45430114.95,11-MAR-2024,8297,INE258B01022,
FEDERALBNK,EQ,156.35,157.2,154.65,155.4,155.1,156.35,12353089,1923703149.6,11-MAR-2024,77046,INE171A01029,
FEDFINA,EQ,123.4,123.65,120.1,120.35,120.9,122.95,224087,27207286.55,11-MAR-2024,5269,INE007N01010,
FELDVR,BE,5.75,5.75,5.3,5.75,5.75,5.5,10923,61237.6,11-MAR-2024,51,IN9623B01058,
FIBERWEB,EQ,37.55,38.0,35.4,35.8,35.45,37.05,150129,5439312.95,11-MAR-2024,1544,INE296C01020,
FIEMIND,EQ,1137.15,1137.15,1089.85,1095.1,1095.95,1137.15,54808,60426540.65,11-MAR-2024,7302,INE737H01014,
FILATEX,EQ,66.7,67.2,61.35,61.9,62.35,66.4,2858672,180842217.7,11-MAR-2024,8739,INE816B01035,
FINCABLES,EQ,905.2,916.0,888.85,892.4,890.0,906.4,171023,153779253.25,11-MAR-2024,15724,INE235A01022,
FINEORG,EQ,4254.95,4254.95,4177.35,4194.5,4191.95,4233.95,21656,90953214.25,11-MAR-2024,6648,INE686Y01026,
FINIETF,EQ,22.72,22.94,22.26,22.78,22.8,22.72,102672,2339257.16,11-MAR-2024,591,INF109KC17L8,
FINOPB,EQ,325.3,327.6,313.3,319.1,320.9,325.65,202459,64721946.9,11-MAR-2024,12204,INE02NC01014,
FINPIPE,EQ,232.85,235.0,224.5,225.2,225.3,231.3,1154509,264851889.3,11-MAR-2024,23471,INE183A01024,
FIVESTAR,EQ,673.95,697.1,661.0,666.3,669.0,664.8,862161,581141719.25,11-MAR-2024,49025,INE128S01021,
FLAIR,EQ,273.35,276.05,265.0,265.55,265.95,273.25,128618,34618578.0,11-MAR-2024,4681,INE00Y201027,
FLEXITUFF,EQ,41.0,41.0,35.75,36.65,35.75,37.6,18366,703231.75,11-MAR-2024,235,INE060J01017,
FLUOROCHEM,EQ,3525.1,3606.35,3420.0,3435.85,3430.0,3537.0,34550,120905181.75,11-MAR-2024,7684,INE09N301011,
FMCGIETF,EQ,567.99,568.0,561.01,562.54,562.99,564.86,19207,10850209.44,11-MAR-2024,756,INF109KC1R48,
FMGOETZE,EQ,351.0,354.75,342.8,346.45,344.0,349.65,86871,30094912.85,11-MAR-2024,6498,INE529A01010,
FMNL,BE,6.2,6.3,5.85,5.85,5.85,6.15,89436,526822.15,11-MAR-2024,210,INE360L01017,
FOCUS,EQ,175.6,176.9,171.6,175.15,176.0,174.15,90319,15702944.9,11-MAR-2024,4688,INE593W01028,
FOODSIN,EQ,145.0,147.1,138.2,139.05,138.45,145.15,241986,34060651.6,11-MAR-2024,5816,INE976E01023,
FORCEMOT,EQ,6539.95,6900.0,6330.55,6747.95,6668.25,6490.4,156982,1053456658.65,11-MAR-2024,27927,INE451A01017,
FORTIS,EQ,399.0,416.55,392.2,412.7,411.6,397.35,2913358,1192660149.95,11-MAR-2024,92991,INE061F01013,
FOSECOIND,EQ,3288.9,3288.9,3050.05,3169.8,3180.0,3269.4,9904,31145185.3,11-MAR-2024,2476,INE519A01011,
FSL,EQ,197.0,197.0,191.0,193.45,193.9,197.9,1198227,231881824.55,11-MAR-2024,16411,INE684F01012,
FUSION,EQ,503.85,504.9,476.5,483.4,481.05,499.45,997080,481840441.4,11-MAR-2024,38444,INE139R01012,
GABRIEL,EQ,328.0,328.95,315.9,318.5,318.1,327.9,232942,74554140.2,11-MAR-2024,15140,INE524A01029,
GAEL,EQ,395.0,417.0,390.3,399.0,400.5,390.3,2019251,817003272.65,11-MAR-2024,54803,INE036B01030,
GAIL,EQ,188.0,188.0,181.95,183.25,183.5,188.55,14087639,2592128441.8,11-MAR-2024,110277,INE129A01019,
GALAXYSURF,EQ,2509.65,2509.65,2441.0,2449.05,2450.0,2496.55,19358,47679925.35,11-MAR-2024,5996,INE600K01018,
GALLANTT,BE,215.05,217.0,207.0,207.35,207.1,216.95,56554,11843257.55,11-MAR-2024,398,INE297H01019,
GANDHAR,EQ,230.5,231.45,225.0,225.5,225.2,230.5,323214,73494584.65,11-MAR-2024,11907,INE717W01049,
GANDHITUBE,EQ,762.0,762.0,690.95,708.65,703.8,753.05,22019,15822946.4,11-MAR-2024,1809,INE524B01027,
GANECOS,EQ,1032.2,1050.0,1001.15,1012.9,1014.0,1027.05,33360,34032830.7,11-MAR-2024,9052,INE845D01014,
GANESHBE,EQ,192.5,199.8,188.7,189.7,189.4,191.95,408760,79266142.65,11-MAR-2024,16451,INE388A01029,
GANESHHOUC,EQ,822.25,822.25,749.0,763.6,753.0,783.1,89112,69747174.35,11-MAR-2024,4151,INE460C01014,
GANGAFORGE,BE,10.55,10.55,10.55,10.55,10.55,11.1,208193,2196436.15,11-MAR-2024,856,INE691Z01023,
GANGESSECU,EQ,127.3,130.85,117.4,121.05,120.0,127.85,36727,4560686.6,11-MAR-2024,1609,INE335W01016,
GARFIBRES,EQ,3322.0,3344.7,3263.0,3286.45,3300.0,3300.7,12812,42254779.6,11-MAR-2024,6541,INE276A01018,
GATECH,BE,1.7,1.7,1.6,1.6,1.6,1.65,341992,562739.85,11-MAR-2024,1038,INE224E01028,
GATECHDVR,BE,4.2,4.25,4.0,4.0,4.0,4.2,252605,1015578.25,11-MAR-2024,646,INE224E01036,
GATEWAY,EQ,105.95,105.95,101.45,102.35,102.6,104.95,699312,71782343.7,11-MAR-2024,8255,INE079J01017,
GAYAHWS,BE,1.25,1.3,1.25,1.25,1.25,1.3,380290,489008.8,11-MAR-2024,188,INE287Z01012,
GEECEE,EQ,286.0,294.75,282.65,284.15,283.0,286.35,10537,2990983.65,11-MAR-2024,571,INE916G01016,
GEEKAYWIRE,EQ,91.6,93.4,86.0,86.1,86.2,90.5,226641,19820104.2,11-MAR-2024,2964,INE669X01024,
GENCON,EQ,47.95,47.95,44.5,44.5,44.5,46.8,39704,1794412.05,11-MAR-2024,398,INE854S01022,
GENESYS,EQ,608.6,608.95,585.6,595.05,594.0,603.85,171973,102077652.95,11-MAR-2024,8220,INE727B01026,
GENSOL,EQ,1024.95,1046.0,911.45,919.75,935.0,1012.7,955227,898372339.3,11-MAR-2024,33224,INE06H201014,
GENUSPAPER,EQ,20.7,20.7,19.4,19.8,19.9,20.65,734033,14745309.05,11-MAR-2024,3275,INE949P01018,
GENUSPOWER,EQ,246.05,249.9,236.0,236.4,236.75,248.4,705602,168962981.0,11-MAR-2024,10079,INE955D01029,
GEOJITFSL,EQ,72.0,72.0,68.35,69.0,69.1,72.0,536995,37551665.85,11-MAR-2024,5008,INE007B01023,
GEPIL,EQ,296.85,296.95,275.0,282.4,283.0,287.75,271439,76795241.35,11-MAR-2024,14579,INE878A01011,
GESHIP,EQ,1002.05,1009.9,964.8,969.15,965.2,1007.85,203683,198903421.5,11-MAR-2024,20290,INE017A01032,
GET&D,BE,972.0,1000.0,962.4,979.85,984.35,960.3,117163,115612393.95,11-MAR-2024,3393,INE200A01026,
GFLLIMITED,EQ,84.7,84.7,75.6,77.05,77.2,82.0,258854,20552169.95,11-MAR-2024,2758,INE538A01037,
GFSTEELS,BE,8.25,8.25,8.25,8.25,8.25,8.25,2501,20633.25,11-MAR-2024,5,INE534A01028,
GHCL,EQ,499.55,502.4,483.05,486.8,485.25,498.35,295449,144208355.2,11-MAR-2024,18766,INE539A01019,
GHCLTEXTIL,EQ,83.65,83.65,77.55,78.25,78.45,82.4,491911,39201156.1,11-MAR-2024,3708,INE0PA801013,
GICHSGFIN,EQ,225.0,227.45,215.25,216.1,216.0,224.8,259795,56833234.85,11-MAR-2024,7847,INE289B01019,
GICRE,EQ,369.9,379.5,352.95,356.3,355.55,366.85,2343167,845478455.55,11-MAR-2024,55868,INE481Y01014,
GILLANDERS,BE,90.8,90.8,85.0,85.2,85.0,89.45,10159,874452.6,11-MAR-2024,160,INE047B01011,
GILLETTE,EQ,6511.25,6529.0,6351.0,6400.45,6400.0,6517.8,19132,122472301.25,11-MAR-2024,5731,INE322A01010,
GILT5YBEES,EQ,55.09,55.17,55.08,55.15,55.17,55.08,446673,24631057.5,11-MAR-2024,1245,INF204KC1030,
GINNIFILA,EQ,34.4,35.35,33.15,33.5,33.75,34.85,79825,2700217.85,11-MAR-2024,536,INE424C01010,
GIPCL,EQ,182.35,182.35,173.05,174.5,174.05,182.35,386933,68440874.85,11-MAR-2024,13820,INE162A01010,
GKWLIMITED,EQ,1610.0,1643.8,1573.8,1581.05,1580.05,1610.0,1191,1898974.65,11-MAR-2024,87,INE528A01020,
GLAND,EQ,1773.85,1776.75,1731.95,1752.8,1755.0,1765.2,126820,222170300.95,11-MAR-2024,19299,INE068V01023,
GLAXO,EQ,2049.95,2102.0,1991.5,2009.4,2008.95,2049.95,263851,534772478.95,11-MAR-2024,23376,INE159A01016,
GLENMARK,EQ,958.0,974.0,950.05,955.3,956.0,955.25,1875353,1808011285.35,11-MAR-2024,64480,INE935A01035,
GLFL,BE,11.3,11.3,11.3,11.3,11.3,11.5,11725,132492.5,11-MAR-2024,38,INE540A01017,
GLOBAL,EQ,245.5,246.0,218.0,223.85,222.5,245.5,172232,39720808.8,11-MAR-2024,12399,INE291W01029,
GLOBALVECT,BE,118.05,124.3,116.05,120.3,121.85,118.45,27959,3364358.95,11-MAR-2024,237,INE792H01019,
GLOBE,BE,4.3,4.3,4.3,4.3,4.3,4.35,1176418,5058597.4,11-MAR-2024,225,INE581X01021,
GLOBE-RE,BE,0.3,0.3,0.3,0.3,0.3,0.5,6150450,1845135.0,11-MAR-2024,1891,INE581X20013,
GLOBUSSPR,EQ,765.1,772.5,760.0,762.25,763.9,767.75,99069,75976371.65,11-MAR-2024,6497,INE615I01010,
GLS,EQ,765.05,765.45,724.95,732.45,735.95,765.45,161581,119774370.85,11-MAR-2024,12495,INE03Q201024,
GMBREW,EQ,625.0,625.0,615.0,616.4,616.5,620.35,20444,12620295.45,11-MAR-2024,981,INE075D01018,
GMDCLTD,EQ,395.9,397.5,380.1,383.95,381.6,396.1,1006833,391756177.75,11-MAR-2024,20351,INE131A01031,
GMMPFAUDLR,EQ,1313.3,1320.0,1240.0,1255.35,1250.0,1309.95,250861,320098923.5,11-MAR-2024,21532,INE541A01023,
GMRINFRA,EQ,85.35,85.4,82.4,82.7,82.7,84.5,16717842,1396405656.5,11-MAR-2024,36128,INE776C01039,
GMRP&UI,EQ,50.85,51.35,48.0,48.65,48.6,50.55,2074157,102461534.1,11-MAR-2024,5828,INE0CU601026,
GNA,EQ,412.0,414.85,406.0,407.35,406.5,412.0,43437,17730068.9,11-MAR-2024,3134,INE934S01014,
GNFC,EQ,633.65,633.65,611.2,617.55,615.25,630.3,984947,609618276.2,11-MAR-2024,30630,INE113A01013,
GOACARBON,EQ,818.9,818.9,754.7,761.55,760.0,818.9,96614,75666949.8,11-MAR-2024,10504,INE426D01013,
GOCLCORP,EQ,438.9,453.35,417.95,421.45,424.8,446.9,105771,45568143.05,11-MAR-2024,8341,INE077F01035,
GOCOLORS,EQ,1096.15,1105.55,1082.9,1095.7,1095.0,1100.05,42195,46205247.5,11-MAR-2024,4798,INE0BJS01011,
GODFRYPHLP,EQ,3337.35,3686.0,3301.55,3637.05,3610.0,3298.1,774893,2752609629.3,11-MAR-2024,71177,INE260B01028,
GODHA,BE,0.75,0.75,0.7,0.7,0.7,0.75,1537669,1139381.4,11-MAR-2024,742,INE925Y01036,
GODREJAGRO,EQ,518.9,522.75,510.0,512.5,510.9,515.45,241771,125653862.15,11-MAR-2024,7828,INE850D01014,
GODREJCP,EQ,1246.45,1261.05,1234.9,1238.3,1244.7,1234.25,661051,823153037.9,11-MAR-2024,41027,INE102D01028,
GODREJIND,EQ,827.0,830.0,799.0,811.85,812.0,817.25,116389,94548666.1,11-MAR-2024,13294,INE233A01035,
GODREJPROP,EQ,2470.15,2497.0,2407.1,2421.15,2424.0,2465.45,712005,1736989764.4,11-MAR-2024,60351,INE484J01027,
GOKEX,EQ,806.95,820.0,768.4,781.7,785.0,799.35,266202,207641623.75,11-MAR-2024,24645,INE887G01027,
GOKUL,BE,42.05,42.05,39.95,39.95,39.95,42.05,450891,18301952.2,11-MAR-2024,590,INE020J01029,
GOKULAGRO,EQ,108.8,112.0,106.15,106.8,106.65,110.65,148829,16061260.0,11-MAR-2024,2186,INE314T01025,
GOLDBEES,EQ,56.19,56.32,55.58,56.01,56.1,55.44,7630767,427528596.04,11-MAR-2024,43375,INF204KB17I5,
GOLDCASE,EQ,10.97,10.97,10.5,10.62,10.63,10.49,387665,4116899.91,11-MAR-2024,906,INF0R8F01042,
GOLDETF,EQ,64.56,65.56,63.12,65.32,65.3,64.56,169423,11038735.76,11-MAR-2024,1883,INF769K01JP9,
GOLDETFADD,EQ,63.8,65.75,63.72,65.58,65.74,65.02,12754,833522.15,11-MAR-2024,128,INF740KA1SW3,
GOLDIAM,EQ,181.95,183.75,173.7,180.25,180.0,180.25,612932,109500811.9,11-MAR-2024,5771,INE025B01025,
GOLDIETF,EQ,57.14,57.74,57.06,57.54,57.63,56.85,969364,55735242.81,11-MAR-2024,12610,INF109KC1NT3,
GOLDSHARE,EQ,55.75,56.4,55.7,56.35,56.4,55.6,217313,12206672.6,11-MAR-2024,1041,INF789F1AUX7,
GOLDTECH,EQ,138.7,138.7,130.65,130.75,130.65,137.5,66946,8928383.45,11-MAR-2024,1733,INE805A01014,
GOODLUCK,EQ,917.95,917.95,845.0,862.5,860.0,917.95,145248,128117556.3,11-MAR-2024,12371,INE127I01024,
GOYALALUM,BE,10.0,10.15,9.35,9.55,9.55,9.8,245748,2361646.4,11-MAR-2024,954,INE705X01026,
GPIL,EQ,749.9,759.0,725.0,730.8,732.1,744.85,241940,177148807.05,11-MAR-2024,15205,INE177H01021,
GPPL,EQ,208.0,208.0,194.55,196.3,195.0,206.9,3174755,633931976.4,11-MAR-2024,49831,INE517F01014,
GPTHEALTH,EQ,171.8,174.25,161.25,163.75,161.9,171.8,1385190,234560365.4,11-MAR-2024,30057,INE486R01017,
GPTINFRA,EQ,183.95,184.0,168.55,171.1,172.0,178.45,99258,17328339.25,11-MAR-2024,6606,INE390G01014,
GRANULES,EQ,458.0,459.75,439.45,440.8,442.65,458.0,896285,399095900.2,11-MAR-2024,17608,INE101D01020,
GRAPHITE,EQ,640.0,652.35,621.1,627.35,627.9,638.7,2398210,1523705755.7,11-MAR-2024,59750,INE371A01025,
GRASIM,EQ,2230.0,2270.55,2225.5,2236.8,2234.0,2228.1,599546,1345894289.7,11-MAR-2024,48869,INE047A01021,
GRAVITA,EQ,871.05,885.55,834.7,847.75,847.6,870.65,156444,134840276.45,11-MAR-2024,14008,INE024L01027,
GREAVESCOT,EQ,143.15,143.4,137.8,138.6,138.25,142.85,1534886,213947606.55,11-MAR-2024,13914,INE224A01026,
GREENLAM,EQ,512.0,512.0,461.6,467.7,469.8,512.35,149288,72041105.25,11-MAR-2024,16825,INE544R01021,
GREENPANEL,EQ,358.5,358.5,346.0,347.5,347.2,358.75,202535,71147541.75,11-MAR-2024,15152,INE08ZM01014,
GREENPLY,EQ,256.85,258.35,242.2,245.3,245.0,256.15,342259,85192120.75,11-MAR-2024,19173,INE461C01038,
GREENPOWER,BE,22.45,22.5,20.7,20.9,20.9,21.7,3256800,69983216.6,11-MAR-2024,14117,INE999K01014,
GRINDWELL,EQ,2038.45,2040.0,2002.05,2009.25,2010.5,2038.45,23758,47846718.55,11-MAR-2024,4954,INE536A01023,
GRINFRA,EQ,1274.95,1289.0,1227.75,1242.1,1242.0,1253.75,125997,157717845.35,11-MAR-2024,8146,INE201P01022,
GRMOVER,EQ,155.65,156.55,139.75,141.0,142.25,155.05,309859,45219146.1,11-MAR-2024,15790,INE192H01020,
GROBTEA,EQ,913.75,927.9,910.0,917.4,922.0,921.7,365,334157.25,11-MAR-2024,124,INE646C01018,
GRPLTD,EQ,5770.5,6100.0,5600.0,5725.8,5700.0,5790.0,735,4280776.05,11-MAR-2024,249,INE137I01015,
GRSE,EQ,812.4,813.45,795.0,796.55,795.0,808.9,252136,201975747.0,11-MAR-2024,14579,INE382Z01011,
GRWRHITECH,EQ,1766.35,1766.35,1668.1,1691.0,1711.0,1766.35,27686,47399180.6,11-MAR-2024,6117,INE291A01017,
GSEC10IETF,EQ,227.55,228.0,227.5,227.98,227.98,227.55,139,31642.19,11-MAR-2024,13,INF109KC18O0,
GSEC10YEAR,EQ,25.82,26.4,25.34,25.82,25.82,25.91,746489,19277892.32,11-MAR-2024,52,INF769K01KF8,
GSEC5IETF,EQ,55.5,55.6,55.25,55.4,55.4,55.38,2134,118096.6,11-MAR-2024,23,INF109KC14A8,
GSFC,EQ,217.0,217.55,206.95,207.7,207.35,216.5,3747181,787090516.6,11-MAR-2024,41936,INE026A01025,
GSLSU,EQ,266.9,266.95,248.05,258.1,252.55,264.0,419002,108272363.5,11-MAR-2024,5835,INE0JSX01015,
GSPL,EQ,367.1,368.35,356.55,358.7,357.9,364.9,444272,160759716.15,11-MAR-2024,24373,INE246F01010,
GSS,BE,147.15,149.9,142.0,143.9,145.0,147.15,96359,13954671.75,11-MAR-2024,552,INE871H01011,
GTECJAINX,BE,85.9,90.15,85.9,85.9,85.9,85.9,1815,161563.5,11-MAR-2024,26,INE586X01012,
GTL,BE,11.0,11.55,11.0,11.55,11.55,11.0,445694,5130627.35,11-MAR-2024,1026,INE043A01012,
GTLINFRA,EQ,1.9,1.9,1.75,1.8,1.75,1.85,154903110,289144122.7,11-MAR-2024,35063,INE221H01019,
GTPL,EQ,175.9,178.95,170.05,170.65,172.9,174.25,98371,16932400.65,11-MAR-2024,3832,INE869I01013,
GUFICBIO,EQ,303.85,303.85,294.0,294.8,296.0,302.45,88586,26389407.9,11-MAR-2024,5900,INE742B01025,
GUJALKALI,EQ,790.45,791.0,755.05,758.85,755.45,786.5,73736,56559660.25,11-MAR-2024,6773,INE186A01019,
GUJAPOLLO,BE,282.7,282.7,258.05,264.1,262.0,271.6,13224,3537962.75,11-MAR-2024,209,INE826C01016,
GUJGASLTD,EQ,576.95,576.95,556.0,565.5,562.25,570.75,800541,451598817.7,11-MAR-2024,20638,INE844O01030,
GUJRAFFIA,BE,53.6,53.6,53.6,53.6,53.6,54.7,47,2519.2,11-MAR-2024,6,INE610B01024,
GULFOILLUB,EQ,1030.0,1039.8,946.15,962.7,970.0,1030.25,130208,128789894.6,11-MAR-2024,14788,INE635Q01029,
GULFPETRO,EQ,77.85,78.1,70.15,71.1,71.85,77.4,781712,57139287.1,11-MAR-2024,6819,INE586G01017,
GULPOLY,EQ,186.05,188.15,176.0,177.25,177.4,188.2,248831,44880505.0,11-MAR-2024,10813,INE255D01024,
GVKPIL,EQ,11.05,11.45,10.8,11.0,11.15,11.05,3370099,37477238.85,11-MAR-2024,7828,INE251H01024,
GVPTECH,BE,12.45,12.45,12.0,12.0,12.0,12.25,50335,613742.15,11-MAR-2024,293,INE382T01030,
HAL,EQ,3365.0,3428.0,3336.0,3371.45,3370.0,3317.3,2519751,8533487683.45,11-MAR-2024,155547,INE066F01020,
HAPPSTMNDS,EQ,835.0,835.0,821.0,823.3,822.0,831.4,229515,189674543.15,11-MAR-2024,16403,INE419U01012,
HAPPYFORGE,EQ,927.95,930.0,888.0,890.3,889.0,928.0,109467,98684426.5,11-MAR-2024,8607,INE330T01021,
HARDWYN,EQ,36.6,36.65,33.0,34.0,34.5,36.25,613920,21134358.2,11-MAR-2024,4825,INE626Z01029,
HARIOMPIPE,EQ,490.6,494.05,472.35,481.4,480.0,494.05,118481,57115591.3,11-MAR-2024,15360,INE00EV01017,
HARRMALAYA,EQ,175.55,177.9,168.0,169.0,169.0,175.55,54408,9345510.5,11-MAR-2024,1200,INE544A01019,
HARSHA,EQ,393.05,394.95,385.6,387.5,385.6,393.05,55995,21835345.25,11-MAR-2024,4911,INE0JUS01029,
HATHWAY,EQ,22.3,22.4,21.15,21.25,21.25,22.15,6999862,151155311.55,11-MAR-2024,15194,INE982F01036,
HATSUN,EQ,1133.0,1139.0,1111.9,1120.1,1115.0,1133.8,8775,9849986.25,11-MAR-2024,1317,INE473B01035,
HAVELLS,EQ,1543.15,1561.35,1533.15,1542.45,1543.0,1543.15,766416,1185615434.2,11-MAR-2024,52705,INE176B01034,
HAVISHA,BE,2.5,2.5,2.35,2.45,2.45,2.45,79578,189340.95,11-MAR-2024,171,INE293B01029,
HBLPOWER,EQ,460.0,464.9,422.0,448.9,449.95,466.65,4486777,1988463018.4,11-MAR-2024,180993,INE292B01021,
HBSL,BE,87.05,87.05,85.3,85.4,85.4,87.05,3145,268687.9,11-MAR-2024,23,INE550B01022,
HCC,EQ,39.2,40.05,36.9,37.1,37.1,39.05,13149814,503530049.2,11-MAR-2024,23916,INE549A01026,
HCG,EQ,334.0,336.0,324.3,334.15,332.0,334.5,170287,56235271.85,11-MAR-2024,12407,INE075I01017,
HCL-INSYS,BE,15.0,15.1,14.65,14.65,14.65,15.4,171596,2526277.7,11-MAR-2024,516,INE236A01020,
HCLTECH,EQ,1655.0,1659.8,1632.05,1638.65,1636.0,1637.65,2970902,4889916154.0,11-MAR-2024,184547,INE860A01027,
HDFCAMC,EQ,3750.0,3834.65,3725.0,3768.1,3755.0,3745.8,555584,2101941779.1,11-MAR-2024,78629,INE127D01025,
HDFCBANK,EQ,1430.0,1445.95,1423.0,1427.8,1427.0,1446.1,25265547,36169185792.1,11-MAR-2024,400746,INE040A01034,
HDFCBSE500,EQ,32.74,32.84,32.11,32.4,32.11,32.49,25407,825804.58,11-MAR-2024,533,INF179KC1EZ4,
HDFCGOLD,EQ,57.45,57.67,56.71,57.51,57.55,56.96,1690497,97130819.04,11-MAR-2024,2818,INF179KC1981,
HDFCGROWTH,EQ,120.45,120.45,112.65,113.86,116.0,114.69,5188,592199.91,11-MAR-2024,181,INF179KC1DJ0,
HDFCLIFE,EQ,625.0,629.0,618.9,620.85,620.5,621.95,3777242,2354533116.95,11-MAR-2024,95754,INE795G01014,
HDFCLIQUID,EQ,1000.01,1000.01,1000.0,1000.01,1000.01,1000.01,470,470004.4,11-MAR-2024,13,INF179KC1HE2,
HDFCLOWVOL,EQ,18.7,18.7,18.35,18.41,18.35,18.7,52919,976148.94,11-MAR-2024,358,INF179KC1HU8,
HDFCMID150,EQ,18.1,18.29,17.95,17.99,18.1,18.1,293623,5292385.72,11-MAR-2024,1823,INF179KC1HT0,
HDFCMOMENT,EQ,31.54,31.8,31.43,31.55,31.6,31.55,126187,3995162.39,11-MAR-2024,1138,INF179KC1HV6,
HDFCNEXT50,EQ,61.7,61.7,60.43,60.99,61.27,60.43,18211,1114251.43,11-MAR-2024,282,INF179KC1HS2,
HDFCNIF100,EQ,23.29,23.65,23.12,23.16,23.12,23.29,25074,584330.76,11-MAR-2024,331,INF179KC1HR4,
HDFCNIFBAN,EQ,49.7,49.7,47.86,47.87,47.88,48.41,49815,2388989.98,11-MAR-2024,302,INF179KC1HY0,
HDFCNIFIT,EQ,38.95,38.95,37.5,37.63,37.5,37.83,10295,388057.6,11-MAR-2024,204,INF179KC1IA8,
HDFCNIFTY,EQ,245.83,247.49,244.62,244.96,245.02,245.82,37140,9124475.03,11-MAR-2024,837,INF179KC1965,
HDFCPSUBK,EQ,75.4,75.4,72.05,72.22,72.2,73.19,18696,1373462.61,11-MAR-2024,217,INF179KC1HW4,
HDFCPVTBAN,EQ,23.62,24.5,23.61,23.76,24.25,24.0,41862,999722.07,11-MAR-2024,346,INF179KC1HZ7,
HDFCQUAL,EQ,52.18,53.22,52.02,52.2,52.02,52.18,6767,353606.2,11-MAR-2024,105,INF179KC1DL6,
HDFCSENSEX,EQ,82.87,82.87,80.67,81.34,81.2,82.0,41264,3367477.37,11-MAR-2024,471,INF179KC1HX2,
HDFCSILVER,EQ,71.31,72.0,71.21,71.87,72.0,71.13,376963,27020207.91,11-MAR-2024,970,INF179KC1DI2,
HDFCSML250,EQ,153.35,153.35,145.6,146.02,146.74,148.88,729158,106995411.89,11-MAR-2024,16005,INF179KC1FB2,
HDFCVALUE,EQ,127.66,130.0,127.05,128.38,130.0,127.66,37280,4766699.26,11-MAR-2024,149,INF179KC1DK8,
HEADSUP,EQ,14.75,14.8,13.15,13.35,13.2,14.6,147868,2017765.5,11-MAR-2024,1297,INE759V01019,
HEALTHADD,EQ,120.66,121.41,120.46,120.97,121.0,120.14,1071,129200.99,11-MAR-2024,23,INF740KA1UF4,
HEALTHIETF,EQ,122.13,126.0,122.08,122.66,122.65,122.13,32554,3996057.79,11-MAR-2024,442,INF109KC1Q72,
HEALTHY,EQ,12.23,12.35,12.23,12.28,12.25,12.23,598776,7371005.24,11-MAR-2024,1654,INF209KB10C2,
HECPROJECT,BE,78.35,83.85,78.15,78.15,78.15,80.8,7351,590838.6,11-MAR-2024,37,INE558R01013,
HEG,EQ,1706.8,1709.85,1651.5,1675.85,1674.0,1700.7,245216,411574017.55,11-MAR-2024,16911,INE545A01016,
HEIDELBERG,EQ,207.8,207.95,204.05,204.8,204.05,207.05,207211,42532321.65,11-MAR-2024,4053,INE578A01017,
HEMIPROP,EQ,209.0,213.35,199.3,201.2,200.45,208.05,1099639,226282275.45,11-MAR-2024,21936,INE0AJG01018,
HERANBA,EQ,345.0,345.0,335.0,336.4,335.8,343.7,65170,22106841.35,11-MAR-2024,5284,INE694N01015,
HERCULES,EQ,443.0,462.5,440.8,451.05,450.0,442.7,130412,58995724.6,11-MAR-2024,12579,INE688E01024,
HERITGFOOD,EQ,348.9,351.2,332.1,336.25,333.5,336.05,444523,150380563.55,11-MAR-2024,16192,INE978A01027,
HEROMOTOCO,EQ,4700.0,4725.0,4600.55,4671.7,4650.0,4652.9,644170,3012169853.2,11-MAR-2024,69198,INE158A01026,
HESTERBIO,EQ,1386.5,1390.0,1351.1,1367.3,1390.0,1386.5,9080,12410811.05,11-MAR-2024,947,INE782E01017,
HEUBACHIND,EQ,500.0,501.9,483.85,485.9,486.7,500.55,27598,13478103.5,11-MAR-2024,3973,INE492A01029,
HEXATRADEX,EQ,157.5,158.95,153.95,155.6,154.25,157.5,4243,665883.1,11-MAR-2024,167,INE750M01017,
HFCL,EQ,102.75,102.95,95.05,95.7,95.5,102.55,21874509,2146036543.6,11-MAR-2024,82077,INE548A01028,
HGINFRA,EQ,948.0,948.35,906.0,911.1,908.0,908.7,374364,347059351.0,11-MAR-2024,22853,INE926X01010,
HGS,EQ,869.95,869.95,855.05,857.9,857.0,867.05,21004,18051594.2,11-MAR-2024,2818,INE170I01016,
HIKAL,EQ,278.8,278.8,274.9,275.05,275.0,276.1,92152,25428298.45,11-MAR-2024,4174,INE475B01022,
HIL,EQ,2785.0,2797.6,2675.0,2691.55,2706.0,2793.6,9498,25965797.6,11-MAR-2024,1927,INE557A01011,
HILTON,EQ,157.6,157.6,148.1,154.85,149.5,157.6,533845,82662691.3,11-MAR-2024,5262,INE788H01017,
HIMATSEIDE,EQ,142.8,142.8,135.0,135.35,135.9,140.8,287749,39345707.15,11-MAR-2024,7267,INE049A01027,
HINDALCO,EQ,540.0,543.25,532.1,533.7,533.1,536.7,5527908,2970419962.6,11-MAR-2024,106317,INE038A01020,
HINDCOMPOS,EQ,439.2,439.2,413.05,413.9,414.0,420.65,5790,2411062.55,11-MAR-2024,473,INE310C01029,
HINDCON,BE,53.0,53.05,53.0,53.05,53.05,53.0,37983,2013319.6,11-MAR-2024,210,INE642Y01029,
HINDCOPPER,EQ,281.55,281.55,267.05,269.1,268.2,280.0,4953456,1356147349.5,11-MAR-2024,46612,INE531E01026,
HINDMOTORS,EQ,18.35,18.35,17.25,17.4,17.3,18.1,516643,9161064.0,11-MAR-2024,2978,INE253A01025,
HINDNATGLS,BE,19.1,19.1,19.05,19.05,19.05,20.05,80646,1536310.05,11-MAR-2024,50,INE952A01022,
HINDOILEXP,EQ,185.4,187.0,177.1,180.2,179.5,185.15,960202,172567703.1,11-MAR-2024,17885,INE345A01011,
HINDPETRO,EQ,506.0,522.0,497.45,511.85,510.45,508.5,8750873,4493306470.2,11-MAR-2024,118741,INE094A01015,
HINDUNILVR,EQ,2409.0,2413.0,2383.55,2389.85,2388.0,2419.55,2040761,4896378113.4,11-MAR-2024,100222,INE030A01027,
HINDWAREAP,EQ,376.5,378.9,358.35,363.65,369.0,375.85,200943,74072667.05,11-MAR-2024,18006,INE05AN01011,
HINDZINC,EQ,310.95,312.8,308.05,308.4,308.8,310.95,240075,74320420.75,11-MAR-2024,9008,INE267A01025,
HIRECT,EQ,673.1,690.0,649.95,649.95,649.95,684.15,49207,32644012.5,11-MAR-2024,1726,INE835D01023,
HISARMETAL,EQ,207.0,207.0,193.25,194.8,194.2,203.7,6475,1286096.85,11-MAR-2024,339,INE598C01011,
HITECH,EQ,134.35,135.05,119.65,126.1,126.2,133.55,3210083,401709723.2,11-MAR-2024,31369,INE106T01025,
HITECHCORP,EQ,217.4,219.45,197.35,201.65,201.1,217.3,23469,4821811.2,11-MAR-2024,920,INE120D01012,
HITECHGEAR,EQ,525.15,529.8,495.35,501.95,512.0,525.15,52939,27202772.4,11-MAR-2024,4826,INE127B01011,
HLEGLAS,EQ,487.55,490.0,476.5,478.0,479.95,487.3,58872,28262783.6,11-MAR-2024,7633,INE461D01028,
HLVLTD,EQ,29.1,29.8,27.7,27.9,27.8,29.2,1251284,35859905.9,11-MAR-2024,5868,INE102A01024,
HMAAGRO,EQ,61.8,61.9,55.5,56.0,55.6,61.55,1720627,99273211.4,11-MAR-2024,9447,INE0ECP01024,
HMVL,EQ,105.45,105.65,98.6,99.65,99.0,104.55,134697,13685238.35,11-MAR-2024,2951,INE871K01015,
HNDFDS,EQ,514.75,514.75,498.5,499.55,499.9,507.55,120051,60408900.85,11-MAR-2024,8478,INE254N01026,
HNGSNGBEES,EQ,251.99,251.99,248.1,249.76,248.6,247.7,112740,28185692.48,11-MAR-2024,1836,INF204KB19I1,
HOMEFIRST,EQ,868.75,868.95,848.3,853.2,851.25,868.8,117550,100127531.05,11-MAR-2024,12788,INE481N01025,
HONASA,EQ,394.0,394.25,381.55,383.6,386.7,391.7,322782,125098998.85,11-MAR-2024,12486,INE0J5401028,
HONAUT,EQ,37570.75,37985.7,37200.2,37289.9,37200.2,37935.7,6567,247750675.4,11-MAR-2024,942,INE671A01010,
HONDAPOWER,EQ,2405.95,2418.95,2341.35,2353.0,2344.05,2435.4,8546,20290508.3,11-MAR-2024,2415,INE634A01018,
HOVS,BE,62.4,62.4,56.7,56.7,56.7,59.65,18419,1059122.1,11-MAR-2024,190,INE596H01014,
HPAL,EQ,109.15,113.0,105.75,106.4,106.25,108.8,330771,36042800.8,11-MAR-2024,6199,INE0GSL01024,
HPIL,BE,158.85,158.85,145.55,145.55,145.55,153.2,2324,350637.05,11-MAR-2024,48,INE05X901010,
HPL,EQ,332.9,336.4,317.0,319.1,320.0,330.05,192568,62055934.55,11-MAR-2024,7063,INE495S01016,
HSCL,BE,333.0,333.0,317.2,317.2,317.25,333.9,725015,230492904.35,11-MAR-2024,12344,INE019C01026,
HTMEDIA,EQ,28.5,28.75,26.6,26.95,26.85,28.55,993751,27290738.5,11-MAR-2024,3916,INE501G01024,
HUBTOWN,BE,142.2,142.2,129.1,129.1,129.1,135.9,94639,12370948.5,11-MAR-2024,449,INE703H01016,
HUDCO,EQ,203.25,203.9,194.3,195.45,195.75,202.45,8877092,1760367648.05,11-MAR-2024,50507,INE031A01017,
HUHTAMAKI,EQ,328.4,332.0,319.8,322.1,322.55,328.4,109881,35701020.6,11-MAR-2024,9773,INE275B01026,
HYBRIDFIN,BE,9.6,9.6,9.0,9.0,9.3,9.35,4956,45960.3,11-MAR-2024,29,INE965B01022,
IBREALEST,EQ,114.45,116.75,108.6,110.15,109.5,114.3,12586636,1423755243.85,11-MAR-2024,41684,INE069I01010,
IBULHSGFIN,EQ,183.25,183.25,172.1,174.15,174.0,182.3,10171019,1806360116.35,11-MAR-2024,60705,INE148I01020,
ICDSLTD,BE,46.1,46.1,45.25,45.25,45.25,46.15,219,9910.6,11-MAR-2024,7,INE613B01010,
ICEMAKE,EQ,473.1,475.0,456.7,467.1,466.2,473.1,66211,30831021.4,11-MAR-2024,9339,INE520Y01019,
ICICIB22,EQ,106.0,106.18,101.7,103.57,104.35,104.84,1206384,126221673.45,11-MAR-2024,8022,INF109KB15Y7,
ICICIBANK,EQ,1087.95,1087.95,1076.75,1078.7,1077.5,1087.95,13310362,14389279964.5,11-MAR-2024,250456,INE090A01021,
ICICIGI,EQ,1666.15,1699.0,1645.1,1654.35,1649.75,1666.15,589504,984270566.55,11-MAR-2024,40475,INE765G01017,
ICICIPRULI,EQ,595.0,614.7,567.9,600.3,598.55,583.6,8749894,5185386511.7,11-MAR-2024,144042,INE726G01019,
ICIL,EQ,320.95,336.35,302.65,307.9,312.3,318.0,617407,197331719.0,11-MAR-2024,29387,INE483B01026,
ICRA,EQ,5651.05,5737.3,5650.0,5653.4,5660.7,5691.7,1633,9278984.25,11-MAR-2024,515,INE725G01011,
IDBI,EQ,86.15,87.9,83.75,84.1,83.9,85.5,13784404,1182490528.0,11-MAR-2024,39292,INE008A01015,
IDEA,EQ,14.3,14.35,13.65,13.75,13.75,14.25,198993553,2779578177.25,11-MAR-2024,156407,INE669E01016,
IDEAFORGE,EQ,746.1,751.45,724.55,726.3,725.0,749.2,351846,256870428.6,11-MAR-2024,20102,INE349Y01013,
IDFC,EQ,115.4,116.15,113.85,114.2,114.0,115.4,6993241,805458853.05,11-MAR-2024,35846,INE043D01016,
IDFCFIRSTB,EQ,81.1,81.35,80.0,80.5,80.45,80.8,29349863,2365171640.95,11-MAR-2024,89061,INE092T01019,
IDFNIFTYET,EQ,245.5,245.5,240.66,240.66,240.66,240.66,586,141836.14,11-MAR-2024,40,INF194KA1U07,
IEL,EQ,11.45,11.45,10.9,10.9,10.9,11.45,591932,6487927.1,11-MAR-2024,1271,INE059901020,
IEX,EQ,148.2,148.45,142.95,143.6,143.4,147.85,8683757,1256005437.1,11-MAR-2024,50462,INE022Q01020,
IFBAGRO,EQ,462.55,462.55,448.35,455.85,457.2,461.75,4259,1937967.1,11-MAR-2024,388,INE076C01018,
IFBIND,EQ,1381.95,1392.7,1350.05,1378.55,1375.05,1370.15,28071,38528593.75,11-MAR-2024,4330,INE559A01017,
IFCI,EQ,41.95,42.4,39.85,39.85,39.85,41.95,9570017,386647825.65,11-MAR-2024,30000,INE039A01010,
IFGLEXPOR,EQ,544.95,544.95,520.2,529.75,528.55,542.7,12978,6851658.65,11-MAR-2024,1467,INE133Y01011,
IGARASHI,EQ,466.1,469.75,461.05,464.65,465.0,466.1,85495,39780909.2,11-MAR-2024,5073,INE188B01013,
IGL,EQ,431.4,431.4,421.5,423.85,424.0,430.1,1268390,538856150.05,11-MAR-2024,41665,INE203G01027,
IGPL,EQ,443.0,443.0,432.45,433.85,435.0,440.75,44873,19589705.8,11-MAR-2024,3964,INE204A01010,
IIFL,EQ,423.4,423.4,381.1,390.2,391.0,420.25,4483701,1775418663.25,11-MAR-2024,76664,INE530B01024,
IIFLSEC,EQ,135.0,135.45,124.65,125.55,125.05,132.5,985157,127150517.5,11-MAR-2024,12363,INE489L01022,
IITL,EQ,235.95,243.9,224.15,224.15,224.15,235.95,28882,6769019.05,11-MAR-2024,172,INE886A01014,
IKIO,EQ,284.9,305.95,277.1,301.3,299.95,283.1,1175987,350166409.6,11-MAR-2024,42880,INE0LOJ01019,
IMAGICAA,EQ,82.5,84.5,80.0,80.7,80.45,80.55,4355789,360012657.65,11-MAR-2024,17149,INE172N01012,
IMFA,EQ,607.55,611.55,588.25,598.7,592.0,607.05,81745,48984014.8,11-MAR-2024,8227,INE919H01018,
IMPAL,EQ,1003.0,1039.0,1003.0,1007.1,1003.0,1036.5,3683,3729498.5,11-MAR-2024,607,INE547E01014,
IMPEXFERRO,BE,4.4,4.4,4.4,4.4,4.4,4.45,1957,8610.8,11-MAR-2024,14,INE691G01015,
INCREDIBLE,BE,44.95,44.95,40.85,41.85,42.0,43.0,9170,382405.8,11-MAR-2024,67,INE452L01012,
INDBANK,EQ,49.3,49.75,46.1,46.35,46.35,49.2,390522,18471157.4,11-MAR-2024,2664,INE841B01017,
INDHOTEL,EQ,582.0,588.15,569.5,572.9,572.5,587.7,6383737,3672452009.45,11-MAR-2024,141912,INE053A01029,
INDIACEM,EQ,226.0,227.2,219.0,220.0,219.4,225.55,1264842,282215453.1,11-MAR-2024,12248,INE383A01012,
INDIAGLYCO,EQ,831.55,846.85,801.45,805.6,804.5,823.3,123190,100838247.25,11-MAR-2024,8590,INE560A01015,
INDIAMART,EQ,2604.5,2619.9,2534.7,2547.3,2545.0,2609.25,87135,224102660.25,11-MAR-2024,19818,INE933S01016,
INDIANB,EQ,551.65,562.85,540.6,548.0,547.5,545.45,2215712,1219527106.95,11-MAR-2024,64008,INE562A01011,
INDIANCARD,EQ,266.7,272.4,260.05,262.55,263.6,266.7,3874,1030642.1,11-MAR-2024,256,INE061A01014,
INDIANHUME,EQ,279.6,282.9,266.05,273.1,276.3,278.6,118480,32477799.75,11-MAR-2024,6261,INE323C01030,
INDIASHLTR,EQ,598.0,602.9,585.05,594.25,592.0,602.3,79530,47492300.65,11-MAR-2024,6984,INE922K01024,
INDIGO,EQ,3033.05,3262.0,3020.0,3218.55,3215.1,3105.7,9136024,28472553189.4,11-MAR-2024,221695,INE646L01027,
INDIGOPNTS,EQ,1384.45,1390.8,1363.0,1367.85,1368.0,1363.55,49564,68033423.15,11-MAR-2024,10005,INE09VQ01012,
INDNIPPON,EQ,759.55,763.55,720.55,723.6,725.0,759.55,25484,18809531.35,11-MAR-2024,3965,INE092B01025,
INDOAMIN,EQ,129.8,129.8,118.3,121.3,121.95,130.3,288819,35894136.75,11-MAR-2024,6924,INE760F01028,
INDOBORAX,EQ,166.8,169.95,161.05,162.55,164.3,170.45,104060,17199934.1,11-MAR-2024,4788,INE803D01021,
INDOCO,EQ,342.15,346.9,333.55,335.4,334.15,341.65,53131,18033807.4,11-MAR-2024,3860,INE873D01024,
INDORAMA,EQ,49.9,49.9,46.3,46.55,46.6,49.15,259327,12301625.5,11-MAR-2024,1972,INE156A01020,
INDOSTAR,EQ,208.0,213.9,201.0,202.15,201.5,206.15,116271,23957776.75,11-MAR-2024,1651,INE896L01010,
INDOTECH,EQ,993.05,1027.95,976.65,985.2,981.9,1003.1,20250,20189006.1,11-MAR-2024,2209,INE332H01014,
INDOTHAI,BE,310.0,318.0,301.5,307.1,305.35,313.7,2927,891816.05,11-MAR-2024,81,INE337M01013,
INDOWIND,BE,22.0,22.1,21.5,22.1,22.1,21.05,316856,6989680.25,11-MAR-2024,946,INE227G01018,
INDRAMEDCO,EQ,181.75,181.75,173.0,175.4,175.0,173.1,184328,32497923.55,11-MAR-2024,1483,INE681B01017,
INDSWFTLAB,EQ,106.45,109.0,102.8,103.85,104.15,106.35,183615,19325846.0,11-MAR-2024,2369,INE915B01019,
INDSWFTLTD,EQ,18.05,18.4,16.6,16.95,17.05,17.9,114680,1990670.85,11-MAR-2024,537,INE788B01028,
INDTERRAIN,EQ,81.15,81.15,77.25,80.45,81.0,81.15,482973,38142029.15,11-MAR-2024,3981,INE611L01021,
INDUSINDBK,EQ,1566.1,1568.75,1536.6,1541.05,1538.0,1563.75,1694488,2621085353.35,11-MAR-2024,114140,INE095A01012,
INDUSTOWER,EQ,254.0,255.2,246.4,247.45,247.15,255.4,8073625,2018452438.15,11-MAR-2024,65738,INE121J01017,
INFIBEAM,EQ,41.0,42.5,39.45,39.95,39.9,40.15,140921675,5754776434.95,11-MAR-2024,150650,INE483S01020,
INFOBEAN,EQ,395.0,404.5,388.55,392.75,395.2,394.2,45296,17941787.75,11-MAR-2024,4411,INE344S01016,
INFOMEDIA,BE,5.6,5.95,5.6,5.95,5.95,5.85,654,3708.25,11-MAR-2024,3,INE669A01022,
INFRABEES,EQ,865.55,872.52,855.09,857.75,860.0,865.55,18027,15525058.43,11-MAR-2024,1194,INF732E01268,
INFRAIETF,EQ,85.99,86.0,84.6,84.74,84.7,85.32,84263,7179902.57,11-MAR-2024,1770,INF109KC16E5,
INFY,EQ,1608.15,1613.8,1588.0,1600.6,1600.0,1616.45,6752895,10810022836.75,11-MAR-2024,243001,INE009A01021,
INGERRAND,EQ,3663.15,3680.65,3528.0,3546.4,3560.0,3644.9,13046,47002017.85,11-MAR-2024,3763,INE177A01018,
INNOVACAP,EQ,518.05,528.0,516.85,520.2,520.0,526.1,26688,13881687.95,11-MAR-2024,2266,INE0DUT01020,
INOXGREEN,BE,140.0,140.0,129.95,134.0,133.9,135.65,1858838,253688377.8,11-MAR-2024,4356,INE510W01014,
INOXINDIA,EQ,1125.0,1199.0,1121.0,1162.85,1169.0,1159.9,435104,506793035.8,11-MAR-2024,23512,INE616N01034,
INOXWIND,EQ,523.7,532.3,497.55,497.55,497.55,523.7,1390571,694815874.0,11-MAR-2024,17506,INE066P01011,
INSECTICID,EQ,520.05,522.65,505.1,506.6,509.4,520.05,17903,9130101.6,11-MAR-2024,2199,INE070I01018,
INSPIRISYS,BE,105.5,105.5,105.5,105.5,105.5,105.5,26617,2808093.5,11-MAR-2024,47,INE020G01017,
INTELLECT,EQ,1090.9,1126.55,1085.6,1092.05,1092.0,1090.45,470241,521019940.15,11-MAR-2024,33217,INE306R01017,
INTENTECH,BE,124.0,124.0,117.75,119.1,120.0,123.95,97152,11517862.2,11-MAR-2024,565,INE781A01025,
INTLCONV,EQ,84.2,85.75,81.6,81.9,82.1,85.75,289132,23894948.15,11-MAR-2024,4042,INE575C01027,
INVENTURE,BE,2.7,2.75,2.6,2.6,2.65,2.7,1594041,4255731.6,11-MAR-2024,1405,INE878H01024,
IOB,EQ,66.05,66.2,63.5,63.75,63.9,66.05,12392086,797393520.05,11-MAR-2024,40459,INE565A01014,
IOC,EQ,173.95,177.5,172.1,174.25,174.0,174.6,22843402,4008498674.05,11-MAR-2024,134128,INE242A01010,
IOLCP,EQ,394.0,397.55,382.05,384.0,382.7,394.1,215069,83140732.5,11-MAR-2024,11556,INE485C01011,
IONEXCHANG,EQ,476.4,478.4,444.2,448.7,448.45,474.1,453159,206028979.4,11-MAR-2024,32109,INE570A01022,
IPCALAB,EQ,1194.9,1217.0,1184.0,1189.65,1190.35,1187.55,218941,262776970.45,11-MAR-2024,17399,INE571A01038,
IPL,EQ,369.05,369.9,339.7,346.85,340.0,369.55,3712885,1319122571.05,11-MAR-2024,65534,INE0D6701023,
IRB,EQ,61.5,61.6,58.85,59.2,59.25,61.3,10811086,646663104.8,11-MAR-2024,56858,INE821I01022,
IRCON,EQ,224.55,227.3,217.15,218.95,217.5,223.6,6589765,1457000257.35,11-MAR-2024,80862,INE962Y01021,
IRCTC,EQ,937.2,961.0,931.05,938.6,938.5,937.2,3587812,3400560904.3,11-MAR-2024,105018,INE335Y01020,
IREDA,EQ,148.9,148.9,140.8,141.1,141.15,147.95,17124387,2448419070.15,11-MAR-2024,131193,INE202E01016,
IRFC,EQ,144.15,147.25,140.05,141.1,141.0,143.7,24321115,3495414956.5,11-MAR-2024,160486,INE053F01010,
IRIS,EQ,125.0,130.0,119.25,122.15,125.5,124.8,69947,8777099.3,11-MAR-2024,1214,INE864K01010,
IRISDOREME,EQ,81.25,81.9,79.2,79.6,79.6,80.95,76433,6140075.65,11-MAR-2024,791,INE01GN01025,
IRMENERGY,EQ,506.65,517.35,493.0,495.5,498.0,518.45,93700,47109938.6,11-MAR-2024,7809,INE07U701015,
ISEC,EQ,790.0,791.95,765.1,772.4,769.0,792.0,692889,537734801.85,11-MAR-2024,34051,INE763G01038,
ISFT,EQ,143.0,143.15,131.5,133.2,132.45,142.3,93201,12682706.15,11-MAR-2024,2617,INE566K01011,
ISGEC,EQ,925.0,926.45,870.0,881.15,881.2,929.3,78640,70480735.4,11-MAR-2024,8578,INE858B01029,
ISMTLTD,EQ,98.35,99.2,92.9,93.25,94.0,97.5,656985,62837251.8,11-MAR-2024,6012,INE732F01019,
ITBEES,EQ,39.55,39.55,39.06,39.22,39.25,39.35,3606303,141512277.46,11-MAR-2024,19061,INF204KB15V2,
ITC,EQ,416.8,418.3,408.0,409.4,409.2,413.55,17620081,7288643584.0,11-MAR-2024,220154,INE154A01025,
ITDC,EQ,726.0,726.0,680.0,684.4,681.0,721.7,91491,63612814.8,11-MAR-2024,5484,INE353K01014,
ITDCEM,EQ,349.9,349.9,319.65,321.95,323.5,342.1,1068157,350074786.45,11-MAR-2024,31459,INE686A01026,
ITETF,EQ,38.21,38.21,37.23,37.59,37.8,37.54,52011,1950013.21,11-MAR-2024,443,INF769K01KV5,
ITETFADD,EQ,38.49,38.49,37.25,37.36,37.53,37.56,7227,269960.56,11-MAR-2024,133,INF740KA1SX1,
ITI,EQ,280.95,281.1,263.05,264.95,264.8,280.25,1165019,315856082.55,11-MAR-2024,24471,INE248A01017,
ITIETF,EQ,40.4,40.4,38.96,39.08,39.11,39.23,487371,19038850.25,11-MAR-2024,2357,INF109KC16I6,
IVC,BE,10.0,10.1,9.35,9.75,9.8,9.8,262023,2537023.45,11-MAR-2024,952,INE050B01023,
IVP,BE,176.0,181.05,167.2,167.2,167.2,176.0,9239,1567358.7,11-MAR-2024,155,INE043C01018,
IVZINGOLD,EQ,5906.0,5906.0,5814.75,5840.5,5830.0,5790.25,73,426990.85,11-MAR-2024,40,INF205K01361,
IVZINNIFTY,EQ,2500.21,2510.1,2493.6,2510.1,2510.1,2500.21,26,65055.83,11-MAR-2024,8,INF205K01DA9,
IWEL,BE,6229.8,6229.8,5918.35,5918.35,5918.35,6229.8,12376,73723295.75,11-MAR-2024,704,INE0FLR01028,
IZMO,BE,271.0,272.0,259.2,269.35,269.9,267.15,44762,11910953.55,11-MAR-2024,795,INE848A01014,
J&KBANK,EQ,143.05,144.5,136.5,138.45,138.1,140.65,3812837,530680532.55,11-MAR-2024,41267,INE168A01041,
JAGRAN,EQ,110.25,110.25,102.7,103.5,103.5,109.75,418708,44172054.35,11-MAR-2024,6260,INE199G01027,
JAGSNPHARM,EQ,303.55,305.0,297.3,302.15,302.0,303.25,14611,4406043.05,11-MAR-2024,1459,INE048B01027,
JAIBALAJI,BE,1227.1,1227.1,1157.25,1170.45,1160.05,1218.15,149151,174820189.1,11-MAR-2024,7448,INE091G01018,
JAICORPLTD,EQ,296.65,296.95,282.1,282.3,282.1,296.95,371870,106626607.0,11-MAR-2024,5083,INE070D01027,
JAIPURKURT,EQ,59.0,59.5,57.35,57.7,57.5,58.45,12172,707173.8,11-MAR-2024,177,INE696V01013,
JAMNAAUTO,EQ,132.0,132.4,123.45,124.1,124.0,130.25,6314893,801356846.15,11-MAR-2024,41944,INE039C01032,
JASH,EQ,1745.0,1749.55,1680.85,1696.45,1688.4,1745.2,12335,21055999.8,11-MAR-2024,1926,INE039O01011,
JAYAGROGN,EQ,226.75,231.0,225.85,228.05,231.0,227.75,14972,3398203.3,11-MAR-2024,661,INE785A01026,
JAYBARMARU,EQ,125.5,126.5,115.05,116.7,118.0,125.6,311309,37071928.3,11-MAR-2024,4682,INE571B01036,
JAYNECOIND,EQ,53.55,54.0,50.25,50.65,50.25,52.45,315493,16576784.0,11-MAR-2024,1431,INE854B01010,
JAYSREETEA,EQ,114.25,114.25,108.15,108.85,108.2,113.4,93591,10295478.7,11-MAR-2024,2202,INE364A01020,
JBCHEPHARM,EQ,1598.85,1598.85,1568.7,1574.4,1572.0,1588.0,66409,104989859.6,11-MAR-2024,12549,INE572A01036,
JBMA,EQ,1916.75,1921.05,1779.0,1803.6,1820.0,1897.8,157391,291218737.8,11-MAR-2024,19899,INE927D01044,
JCHAC,EQ,1120.0,1126.25,1090.1,1094.05,1093.0,1116.25,24072,26450048.55,11-MAR-2024,2691,INE782A01015,
JETFREIGHT,EQ,14.55,14.9,13.7,13.75,13.8,14.4,130289,1835441.7,11-MAR-2024,935,INE982V01025,
JHS,EQ,21.0,21.9,20.1,20.4,20.3,20.9,412379,8658271.45,11-MAR-2024,1253,INE544H01014,
JINDALPHOT,EQ,609.75,622.9,595.95,601.8,604.7,619.05,9389,5689660.65,11-MAR-2024,1824,INE796G01012,
JINDALPOLY,EQ,543.25,543.25,530.1,531.7,532.95,543.45,39703,21169867.0,11-MAR-2024,2240,INE197D01010,
JINDALSAW,EQ,466.0,468.0,445.95,449.95,449.4,465.95,652231,297672778.85,11-MAR-2024,28955,INE324A01024,
JINDALSTEL,EQ,845.0,845.0,823.6,827.75,825.5,839.0,1424721,1182965757.2,11-MAR-2024,53942,INE749A01030,
JINDRILL,EQ,649.7,649.7,625.05,629.5,630.0,637.3,35329,22359528.85,11-MAR-2024,3285,INE742C01031,
JINDWORLD,EQ,385.4,385.4,362.0,365.2,372.55,386.3,98470,36988348.15,11-MAR-2024,9717,INE247D01039,
JIOFIN,EQ,336.9,359.85,332.45,355.65,356.7,333.9,121739384,42609007934.85,11-MAR-2024,751857,INE758E01017,
JISLDVREQS,EQ,33.0,33.0,30.7,31.15,31.3,32.4,90131,2825022.95,11-MAR-2024,687,IN9175A01010,
JISLJALEQS,EQ,53.55,54.0,51.0,51.35,51.3,53.95,4090023,212728228.75,11-MAR-2024,11753,INE175A01038,
JITFINFRA,BE,548.5,548.5,523.05,529.15,534.0,548.7,16301,8726532.8,11-MAR-2024,218,INE863T01013,
JKCEMENT,EQ,4262.6,4262.6,4200.0,4219.95,4220.0,4262.6,120001,508172208.5,11-MAR-2024,10758,INE823G01014,
JKIL,EQ,646.0,649.4,632.0,638.05,641.8,642.1,193077,123533787.4,11-MAR-2024,12591,INE576I01022,
JKLAKSHMI,EQ,892.3,910.8,883.0,895.85,889.0,892.3,94223,84267444.55,11-MAR-2024,9627,INE786A01032,
JKPAPER,EQ,372.3,373.65,364.0,364.85,366.4,372.0,335393,123444535.6,11-MAR-2024,12071,INE789E01012,
JKTYRE,EQ,499.05,499.1,438.8,474.95,473.0,499.1,2631307,1217857160.45,11-MAR-2024,90403,INE573A01042,
JLHL,EQ,1286.05,1291.25,1225.0,1261.9,1268.0,1286.05,38199,48453563.0,11-MAR-2024,4782,INE682M01012,
JMA,BE,111.85,115.1,111.85,114.35,114.55,109.65,42264,4856027.55,11-MAR-2024,319,INE412C01023,
JMFINANCIL,EQ,81.5,82.0,78.7,79.3,79.35,87.95,18038451,1447644752.0,11-MAR-2024,56572,INE780C01023,
JOCIL,EQ,193.0,197.65,183.0,184.4,185.75,193.3,19916,3773449.55,11-MAR-2024,709,INE839G01010,
JPASSOCIAT,EQ,18.6,18.7,18.1,18.35,18.2,17.85,50787835,943958876.95,11-MAR-2024,17322,INE455F01025,
JPOLYINVST,EQ,711.95,729.8,690.8,695.05,693.0,705.25,6422,4484868.9,11-MAR-2024,777,INE147P01019,
JPPOWER,BE,17.25,17.5,16.55,16.65,16.65,17.2,18902676,320574693.2,11-MAR-2024,42293,INE351F01018,
JSFB,EQ,437.0,439.45,426.15,434.85,435.45,439.7,237116,102469553.25,11-MAR-2024,8297,INE953L01027,
JSL,EQ,691.75,707.5,678.8,688.3,683.0,691.75,1151264,795439906.0,11-MAR-2024,62384,INE220G01021,
JSWENERGY,EQ,516.0,516.8,501.55,509.0,506.25,515.25,1647238,835795469.25,11-MAR-2024,38464,INE121E01018,
JSWHL,EQ,7227.35,7300.0,6918.85,7003.85,6933.3,7183.95,8501,59974340.55,11-MAR-2024,2981,INE824G01012,
JSWINFRA,EQ,251.7,257.8,247.95,253.2,253.2,250.2,4319589,1092217600.55,11-MAR-2024,40770,INE880J01026,
JSWSTEEL,EQ,832.0,836.6,822.15,829.8,827.7,830.0,1622850,1346493288.45,11-MAR-2024,73126,INE019A01038,
JTEKTINDIA,EQ,162.8,164.2,155.25,158.95,159.5,162.8,258966,41376981.95,11-MAR-2024,8511,INE643A01035,
JTLIND,EQ,242.0,242.0,193.2,193.2,193.2,241.45,11302133,2335700657.65,11-MAR-2024,112071,INE391J01024,
JUBLFOOD,EQ,455.0,458.0,444.5,450.85,450.95,453.4,3679710,1658016665.9,11-MAR-2024,68992,INE797F01020,
JUBLINDS,EQ,1410.05,1414.95,1335.7,1338.95,1344.0,1406.0,27251,36743981.6,11-MAR-2024,1743,INE645L01011,
JUBLINGREA,EQ,472.65,478.5,453.1,456.55,458.6,472.65,201229,93270306.75,11-MAR-2024,10829,INE0BY001018,
JUBLPHARMA,EQ,589.05,592.3,555.0,558.6,557.5,589.15,333584,189361771.4,11-MAR-2024,26941,INE700A01033,
JUNIORBEES,EQ,662.15,662.15,623.59,642.49,644.0,642.88,149661,96527419.06,11-MAR-2024,11871,INF732E01045,
JUNIPER,EQ,464.95,480.0,446.5,460.9,451.4,464.7,756823,351780346.45,11-MAR-2024,20488,INE696F01016,
JUSTDIAL,EQ,884.0,884.0,836.0,844.25,846.0,879.4,148569,127133022.3,11-MAR-2024,10727,INE599M01018,
JWL,EQ,373.5,376.3,357.5,363.0,364.0,369.9,1222648,444606401.7,11-MAR-2024,27562,INE209L01016,
JYOTHYLAB,EQ,429.95,435.95,414.0,432.6,430.95,429.5,1437636,610017088.35,11-MAR-2024,62258,INE668F01031,
JYOTICNC,EQ,628.0,642.65,598.1,625.9,621.0,639.55,368178,228932583.85,11-MAR-2024,15016,INE980O01024,
JYOTISTRUC,BE,23.65,23.65,22.5,22.5,22.5,23.65,1564956,35333393.95,11-MAR-2024,1864,INE197A01024,
KABRAEXTRU,EQ,353.2,355.95,335.0,335.65,335.9,352.2,90174,30729336.3,11-MAR-2024,6014,INE900B01029,
KAJARIACER,EQ,1234.25,1254.2,1214.4,1229.75,1234.0,1234.7,290004,356726466.3,11-MAR-2024,14597,INE217B01036,
KAKATCEM,EQ,217.1,221.65,216.0,217.0,217.5,219.95,4578,995051.1,11-MAR-2024,324,INE437B01014,
KALAMANDIR,EQ,214.0,214.0,198.35,199.9,200.7,210.5,891904,181369232.8,11-MAR-2024,24709,INE438K01021,
KALYANIFRG,EQ,485.5,485.5,464.05,476.45,480.0,463.1,8630,4128537.0,11-MAR-2024,589,INE314G01014,
KALYANKJIL,EQ,409.45,419.0,393.5,396.3,397.2,409.45,1842870,743392759.3,11-MAR-2024,55826,INE303R01014,
KAMATHOTEL,EQ,292.5,292.5,269.05,269.05,269.05,283.2,78467,21441558.05,11-MAR-2024,1448,INE967C01018,
KAMDHENU,EQ,614.5,614.5,580.05,580.05,580.05,610.55,103328,60609956.2,11-MAR-2024,1670,INE390H01012,
KAMOPAINTS,EQ,190.1,194.7,185.0,190.0,188.85,190.1,1527978,290978618.2,11-MAR-2024,4941,INE0BTI01029,
KANANIIND,BE,4.5,4.55,4.25,4.25,4.3,4.45,469504,2018573.85,11-MAR-2024,1468,INE879E01037,
KANORICHEM,EQ,121.0,121.0,116.4,116.7,117.0,120.5,38656,4541866.95,11-MAR-2024,654,INE138C01024,
KANPRPLA,EQ,100.15,103.0,97.35,97.55,97.35,99.2,8536,844257.35,11-MAR-2024,470,INE694E01014,
KANSAINER,EQ,286.95,286.95,278.0,278.85,279.0,284.05,255252,71702623.8,11-MAR-2024,12323,INE531A01024,
KAPSTON,EQ,250.25,250.5,237.8,242.15,237.8,250.3,5276,1292438.4,11-MAR-2024,321,INE542Z01010,
KARMAENG,BE,72.0,72.0,68.4,68.45,69.2,72.0,8711,598967.7,11-MAR-2024,207,INE725L01011,
KARURVYSYA,EQ,178.95,181.05,174.0,175.2,174.65,177.85,3802840,673978183.85,11-MAR-2024,36389,INE036D01028,
KAUSHALYA,EQ,797.25,797.25,734.0,759.55,750.0,759.3,925,709363.75,11-MAR-2024,192,INE234I01028,
KAVVERITEL,BE,12.9,12.9,11.7,12.55,12.85,12.3,34580,424815.0,11-MAR-2024,262,INE641C01019,
KAYA,EQ,342.0,342.0,331.1,332.4,334.0,343.85,8867,2971935.65,11-MAR-2024,502,INE587G01015,
KAYNES,EQ,3115.0,3118.95,2984.2,3032.05,3003.0,3112.75,282637,854858131.35,11-MAR-2024,36402,INE918Z01012,
KBCGLOBAL,EQ,2.05,2.1,2.0,2.0,2.05,2.05,7969276,16082827.3,11-MAR-2024,2857,INE278R01034,
KCP,EQ,180.5,183.3,174.4,177.15,177.65,177.25,638250,114406112.6,11-MAR-2024,11239,INE805C01028,
KCPSUGIND,EQ,37.35,37.55,35.0,35.4,35.25,37.15,464650,16744283.7,11-MAR-2024,2989,INE790B01024,
KDDL,EQ,2465.9,2559.35,2365.0,2405.3,2392.0,2422.35,23374,57571939.6,11-MAR-2024,5835,INE291D01011,
KEC,EQ,711.3,769.5,708.45,748.4,739.9,702.2,4687316,3514194239.35,11-MAR-2024,147658,INE389H01022,
KECL,EQ,118.1,119.95,111.5,112.3,112.5,117.1,372833,42495422.65,11-MAR-2024,5870,INE134B01017,
KEEPLEARN,BE,5.35,5.35,4.9,5.0,5.35,5.15,36123,184454.55,11-MAR-2024,67,INE055C01020,
KEI,EQ,3439.6,3475.0,3326.0,3352.8,3344.0,3394.75,176591,602157907.05,11-MAR-2024,25574,INE878B01027,
KELLTONTEC,EQ,114.5,117.65,106.3,109.75,109.25,113.6,2186000,246262625.85,11-MAR-2024,18431,INE164B01022,
KERNEX,EQ,669.9,669.9,609.7,615.05,609.7,641.75,21036,13217146.3,11-MAR-2024,473,INE202H01019,
KESORAMIND,EQ,164.0,166.5,163.7,164.05,164.35,164.15,1009935,166405792.5,11-MAR-2024,8740,INE087A01019,
KEYFINSERV,EQ,167.0,174.7,162.95,164.15,163.3,166.8,10013,1683030.2,11-MAR-2024,2016,INE681C01015,
KFINTECH,EQ,648.8,650.45,621.0,628.05,627.7,651.25,235829,150152770.95,11-MAR-2024,21739,INE138Y01010,
KHADIM,EQ,337.5,342.85,315.25,318.5,315.5,336.9,40946,13288707.1,11-MAR-2024,1404,INE834I01025,
KHAICHEM,EQ,79.95,80.25,76.0,76.4,76.8,79.95,233676,18093588.55,11-MAR-2024,3435,INE745B01028,
KHAITANLTD,EQ,76.0,76.8,67.25,67.65,67.95,74.7,33110,2267627.55,11-MAR-2024,674,INE731C01018,
KHANDSE,EQ,32.9,33.95,30.1,30.7,30.1,32.3,18354,573479.9,11-MAR-2024,182,INE060B01014,
KICL,EQ,4291.95,4299.0,3975.1,4036.55,4044.0,4234.15,12461,50611547.6,11-MAR-2024,3461,INE029L01018,
KILITCH,EQ,369.7,369.7,351.25,357.75,359.0,369.7,10792,3836494.35,11-MAR-2024,529,INE729D01010,
KIMS,EQ,2095.0,2114.95,2030.0,2047.05,2050.0,2096.9,75571,155972138.15,11-MAR-2024,7791,INE967H01017,
KINGFA,EQ,1749.9,1749.9,1683.6,1697.3,1719.85,1763.85,9061,15548138.3,11-MAR-2024,1722,INE473D01015,
KIOCL,EQ,447.45,450.15,423.0,425.8,426.3,447.95,255518,110623282.95,11-MAR-2024,8134,INE880L01014,
KIRIINDUS,EQ,372.0,376.5,369.0,370.9,369.0,373.05,120097,44692850.85,11-MAR-2024,5309,INE415I01015,
KIRLOSBROS,EQ,1099.65,1240.9,1095.05,1155.2,1148.95,1089.65,1128890,1339120238.65,11-MAR-2024,86638,INE732A01036,
KIRLOSENG,EQ,831.0,837.45,794.35,808.25,814.0,835.2,159661,130423709.5,11-MAR-2024,22036,INE146L01010,
KIRLOSIND,EQ,4160.8,4169.3,4080.0,4113.95,4100.0,4149.8,1798,7378936.65,11-MAR-2024,462,INE250A01039,
KIRLPNU,EQ,682.0,690.4,650.35,657.9,659.0,685.85,87096,58274984.75,11-MAR-2024,7858,INE811A01020,
KITEX,EQ,230.85,231.95,214.55,216.75,217.65,229.9,302347,66754441.7,11-MAR-2024,13422,INE602G01020,
KKCL,EQ,734.9,738.9,698.75,704.8,706.0,736.85,93694,66490938.95,11-MAR-2024,10684,INE401H01017,
KMSUGAR,EQ,32.8,32.85,31.3,31.45,31.35,32.6,432641,13812958.55,11-MAR-2024,2808,INE157H01023,
KNRCON,EQ,277.8,280.95,273.05,273.6,273.7,276.8,415952,115081062.35,11-MAR-2024,13378,INE634I01029,
KOHINOOR,BE,38.7,39.85,38.15,38.6,38.8,39.9,64959,2531753.75,11-MAR-2024,735,INE080B01012,
KOKUYOCMLN,EQ,127.0,128.0,120.8,121.7,122.0,127.0,97831,12054653.0,11-MAR-2024,2814,INE760A01029,
KOLTEPATIL,EQ,480.95,498.5,472.0,475.55,472.25,481.3,264024,127830997.45,11-MAR-2024,21921,INE094I01018,
KOPRAN,EQ,251.95,253.05,242.1,245.85,243.3,251.0,267389,66596204.55,11-MAR-2024,11222,INE082A01010,
KOTAKALPHA,EQ,45.24,45.4,44.83,45.07,45.1,45.23,243174,10983850.13,11-MAR-2024,2289,INF174KA1IA5,
KOTAKBANK,EQ,1765.9,1769.85,1724.25,1729.65,1728.9,1748.05,3640143,6303575876.45,11-MAR-2024,177715,INE237A01028,
KOTAKBKETF,EQ,492.86,492.87,482.37,482.96,487.45,487.46,60782,29402235.23,11-MAR-2024,507,INF174K01F59,
KOTAKCONS,EQ,103.33,104.65,101.0,102.37,104.0,103.32,12844,1308678.72,11-MAR-2024,291,INF174KA1JE5,
KOTAKGOLD,EQ,55.61,56.29,55.61,56.18,56.29,55.61,250578,14075493.86,11-MAR-2024,2051,INF174KA1HJ8,
KOTAKIT,EQ,39.48,39.59,38.86,39.03,39.2,39.27,304744,11905867.62,11-MAR-2024,1182,INF174KA1GC5,
KOTAKLIQ,EQ,1000.0,1000.01,999.99,1000.0,1000.0,999.99,620395,620395416.48,11-MAR-2024,94,INF174KA1LV5,
KOTAKLOVOL,EQ,18.4,19.15,18.4,18.74,18.97,18.79,1866820,35133116.58,11-MAR-2024,393,INF174KA1IY5,
KOTAKMID50,EQ,143.4,143.4,140.33,141.04,140.52,141.35,13814,1947751.09,11-MAR-2024,414,INF174KA1IB3,
KOTAKMNC,EQ,25.41,25.64,25.4,25.46,25.64,25.41,10661,271920.85,11-MAR-2024,101,INF174KA1JF2,
KOTAKNIFTY,EQ,242.15,244.75,240.17,240.58,240.51,242.0,11864,2866741.88,11-MAR-2024,653,INF174K014P6,
KOTAKNV20,EQ,143.48,143.49,140.03,141.44,141.52,141.26,38789,5507787.71,11-MAR-2024,422,INF174K01Z71,
KOTAKPSUBK,EQ,733.99,735.51,719.11,721.43,721.7,731.39,29955,21783841.7,11-MAR-2024,841,INF373I01023,
KOTAKSILVE,EQ,72.22,72.6,71.51,72.53,72.43,71.94,14952,1081331.14,11-MAR-2024,174,INF174KA1KU9,
KOTARISUG,EQ,56.95,57.7,53.55,54.15,54.25,56.65,242272,13461768.8,11-MAR-2024,3371,INE419A01022,
KOTHARIPET,EQ,128.4,133.15,124.0,124.55,126.9,128.2,74879,9511497.1,11-MAR-2024,2549,INE720A01015,
KOTHARIPRO,EQ,141.45,141.75,131.15,132.0,131.25,139.85,11362,1535115.55,11-MAR-2024,617,INE823A01017,
KPIGREEN,EQ,1812.05,1812.05,1696.0,1718.7,1721.0,1725.85,423484,739377780.25,11-MAR-2024,25362,INE542W01017,
KPIL,EQ,1076.0,1163.0,1062.2,1107.45,1104.8,1051.15,3667314,4123012802.65,11-MAR-2024,178487,INE220B01022,
KPITTECH,EQ,1500.0,1510.0,1462.0,1475.5,1479.15,1496.3,903550,1334382133.2,11-MAR-2024,76119,INE04I401011,
KPRMILL,EQ,798.3,798.3,770.2,775.3,775.0,795.4,118147,91888258.25,11-MAR-2024,10756,INE930H01031,
KRBL,EQ,302.55,303.8,288.8,292.8,293.0,298.3,666679,195573767.75,11-MAR-2024,23382,INE001B01026,
KREBSBIO,EQ,67.7,69.15,65.1,66.0,65.2,67.7,24491,1632380.0,11-MAR-2024,573,INE268B01013,
KRIDHANINF,BE,5.8,5.8,5.8,5.8,5.8,5.9,3488,20230.4,11-MAR-2024,27,INE524L01026,
KRISHANA,EQ,259.75,270.0,259.05,259.85,260.0,259.0,72811,19016434.25,11-MAR-2024,1994,INE506W01012,
KRITI,EQ,148.6,152.4,138.85,142.5,142.0,148.55,133723,19181638.25,11-MAR-2024,4315,INE479D01038,
KRITIKA,BE,21.2,21.2,21.2,21.2,21.2,20.8,1037511,21995233.2,11-MAR-2024,1035,INE00Z501029,
KRITINUT,EQ,108.9,108.9,98.1,100.15,99.1,106.3,57981,5896316.6,11-MAR-2024,1223,INE798K01010,
KRSNAA,EQ,638.9,638.9,593.35,599.55,599.0,629.1,166429,100499861.25,11-MAR-2024,11587,INE08LI01020,
KSB,EQ,3819.4,3853.4,3565.0,3613.6,3617.0,3809.9,75636,274452134.05,11-MAR-2024,18583,INE999A01015,
KSCL,EQ,676.55,684.0,670.05,674.05,676.0,686.85,41231,27897171.0,11-MAR-2024,4242,INE455I01029,
KSHITIJPOL,BE,5.8,6.05,5.75,5.8,5.85,5.8,87286,511223.2,11-MAR-2024,393,INE013801027,
KSL,EQ,936.0,942.0,868.35,880.75,872.0,932.65,138648,124655693.5,11-MAR-2024,16177,INE907A01026,
KSOLVES,EQ,1242.0,1242.0,1193.65,1209.2,1223.5,1224.15,33857,41234133.3,11-MAR-2024,6065,INE0D6I01015,
KTKBANK,EQ,243.7,243.7,235.0,235.8,235.7,240.55,890583,211720030.85,11-MAR-2024,23708,INE614B01018,
KUANTUM,EQ,177.35,177.35,165.0,166.7,167.2,176.05,127816,21722520.9,11-MAR-2024,5401,INE529I01021,
L&TFH,EQ,163.0,163.0,156.7,157.55,157.15,161.8,3814963,605083340.65,11-MAR-2024,33010,INE498L01015,
LAGNAM,BE,118.2,118.2,114.0,115.9,115.05,119.2,17819,2063663.8,11-MAR-2024,145,INE548Z01017,
LAL,BE,420.0,425.0,405.3,405.3,405.3,426.6,5376,2204842.15,11-MAR-2024,354,INE740X01015,
LALPATHLAB,EQ,2180.0,2191.75,2133.0,2142.85,2135.6,2179.05,196190,423394053.2,11-MAR-2024,21619,INE600L01024,
LAMBODHARA,EQ,165.6,170.45,158.0,160.0,158.0,162.85,27487,4476768.25,11-MAR-2024,1887,INE112F01022,
LANDMARK,EQ,738.8,749.9,717.35,729.45,728.35,723.15,124830,91158058.45,11-MAR-2024,10771,INE559R01029,
LAOPALA,EQ,335.75,337.35,326.0,326.9,327.45,336.0,107859,35558692.05,11-MAR-2024,7736,INE059D01020,
LASA,EQ,26.75,27.35,25.45,25.55,25.6,26.75,88450,2293089.05,11-MAR-2024,604,INE670X01014,
LATENTVIEW,EQ,493.95,497.65,474.8,477.15,477.9,494.6,626679,304197210.6,11-MAR-2024,28169,INE0I7C01011,
LATTEYS,BE,17.8,18.0,16.95,17.05,17.0,17.8,170263,2924519.55,11-MAR-2024,690,INE262Z01023,
LAURUSLABS,EQ,425.0,425.85,408.6,409.85,410.5,422.0,1325931,551158831.5,11-MAR-2024,23474,INE947Q01028,
LAXMICOT,EQ,31.9,32.7,29.55,31.25,31.0,31.2,204776,6436565.25,11-MAR-2024,762,INE801V01019,
LAXMIMACH,EQ,14691.35,14739.95,14463.4,14477.1,14472.0,14691.35,1734,25203516.4,11-MAR-2024,532,INE269B01029,
LCCINFOTEC,BE,2.45,2.5,2.4,2.45,2.45,2.4,58560,143240.9,11-MAR-2024,196,INE938A01021,
LEMONTREE,EQ,138.05,139.4,133.1,135.35,135.95,139.45,1968011,269045163.2,11-MAR-2024,22781,INE970X01018,
LEXUS,EQ,44.0,47.8,42.5,43.5,44.25,44.9,116996,5211227.55,11-MAR-2024,802,INE500X01013,
LFIC,BE,199.05,204.75,198.0,198.95,198.1,199.05,1341,267161.3,11-MAR-2024,39,INE850E01012,
LGBBROSLTD,EQ,1169.4,1169.4,1125.1,1140.2,1140.0,1169.4,40149,45707010.4,11-MAR-2024,6372,INE337A01034,
LGBFORGE,EQ,10.25,10.5,9.75,9.9,10.0,10.15,190689,1933469.85,11-MAR-2024,1163,INE201J01017,
LGHL,EQ,338.5,338.5,338.5,338.5,338.5,322.4,2420,819170.0,11-MAR-2024,100,INE258Y01016,
LIBAS,EQ,20.25,20.45,18.3,18.85,18.95,20.2,218520,4239739.7,11-MAR-2024,1055,INE908V01012,
LIBERTSHOE,BE,295.15,299.0,280.4,284.75,286.0,295.15,27733,8022113.05,11-MAR-2024,436,INE557B01019,
LICHSGFIN,EQ,639.0,642.0,633.1,634.6,634.8,637.6,1351832,861752816.0,11-MAR-2024,51919,INE115A01026,
LICI,EQ,1035.0,1045.0,1006.05,1011.9,1012.0,1024.8,2777683,2855186919.45,11-MAR-2024,78154,INE0J1Y01017,
LICMFGOLD,EQ,6069.95,6069.95,5995.0,6040.05,6010.0,5986.35,184,1110061.65,11-MAR-2024,98,INF397L01554,
LICNETFGSC,EQ,25.0,25.2,24.99,25.05,25.08,25.0,42496,1064167.01,11-MAR-2024,252,INF767K01MV5,
LICNETFN50,EQ,251.46,251.46,242.76,242.93,242.82,245.0,5504,1343423.22,11-MAR-2024,103,INF767K01OS7,
LICNETFSEN,EQ,812.04,815.0,804.41,807.65,807.65,812.04,86,69395.34,11-MAR-2024,22,INF767K01OT5,
LICNFNHGP,EQ,248.91,248.91,243.41,244.65,247.0,245.52,952,234036.21,11-MAR-2024,62,INF767K01PC8,
LICNMID100,EQ,49.91,49.91,47.4,47.53,47.47,47.9,1611,76999.68,11-MAR-2024,120,INF767K01RN1,
LIKHITHA,EQ,259.0,259.6,244.5,247.55,246.8,255.85,140569,35305386.25,11-MAR-2024,6465,INE060901027,
LINC,EQ,531.0,536.7,503.0,503.95,504.0,528.45,39796,20274443.75,11-MAR-2024,2954,INE802B01019,
LINCOLN,EQ,638.15,643.25,615.2,621.35,620.05,639.0,81536,50831696.65,11-MAR-2024,9114,INE405C01035,
LINDEINDIA,EQ,5600.0,5949.0,5578.95,5906.8,5868.55,5578.85,205848,1202981801.2,11-MAR-2024,35971,INE473A01011,
LIQUID,EQ,1000.0,1000.0,999.99,999.99,999.99,999.99,49408,49407692.67,11-MAR-2024,93,INF769K01KS1,
LIQUIDBEES,EQ,999.99,1000.01,999.99,1000.0,1000.0,1000.0,3301282,3301276671.55,11-MAR-2024,14070,INF732E01037,
LIQUIDCASE,EQ,104.05,104.05,101.03,101.04,101.05,101.02,1527003,154301338.63,11-MAR-2024,837,INF0R8F01034,
LIQUIDETF,EQ,1000.01,1000.01,999.99,999.99,1000.0,999.99,663303,663302551.22,11-MAR-2024,471,INF740KA1EU7,
LIQUIDIETF,EQ,1000.0,1000.0,999.99,999.99,999.99,999.99,1478168,1478167535.66,11-MAR-2024,417,INF109KC1KT9,
LIQUIDSBI,EQ,999.99,1000.01,999.99,1000.01,1000.01,999.99,15363,15362878.44,11-MAR-2024,66,INF200KA13Z8,
LLOYDSENGG,EQ,53.5,53.5,49.0,50.05,50.55,53.3,4722769,241504495.0,11-MAR-2024,16471,INE093R01011,
LLOYDSME,EQ,593.75,595.0,564.05,572.55,573.1,593.0,483311,276418318.5,11-MAR-2024,26287,INE281B01032,
LODHA,EQ,1192.05,1277.9,1164.0,1180.9,1179.0,1172.7,1888131,2267008484.0,11-MAR-2024,113699,INE670K01029,
LOKESHMACH,EQ,302.0,302.0,282.05,287.8,286.95,300.25,142863,41666718.05,11-MAR-2024,6913,INE397H01017,
LORDSCHLO,EQ,139.0,142.45,127.0,129.3,128.0,136.6,283900,38270278.05,11-MAR-2024,9056,INE846D01012,
LOTUSEYE,BE,66.2,71.0,66.2,66.2,66.2,69.65,199471,13278280.25,11-MAR-2024,878,INE947I01017,
LOVABLE,EQ,135.65,137.95,130.1,130.8,130.5,137.3,41172,5495288.7,11-MAR-2024,1324,INE597L01014,
LOWVOL,EQ,185.07,185.08,183.52,183.78,183.53,183.52,411,75998.94,11-MAR-2024,23,INF769K01JU9,
LOWVOLIETF,EQ,20.45,20.45,19.6,19.81,19.74,19.84,2307824,45898599.21,11-MAR-2024,2498,INF109KC19U5,
LOYALTEX,EQ,596.3,596.6,552.55,561.35,553.85,595.9,804,459610.95,11-MAR-2024,186,INE970D01010,
LPDC,EQ,10.1,10.1,9.1,9.15,9.1,9.45,70205,655827.1,11-MAR-2024,593,INE197J01017,
LT,EQ,3700.0,3700.0,3631.45,3640.6,3638.85,3676.95,1748541,6382307502.05,11-MAR-2024,128768,INE018A01030,
LTFOODS,EQ,177.3,177.9,169.55,170.3,170.0,175.35,375024,64645680.5,11-MAR-2024,12683,INE818H01020,
LTGILTBEES,EQ,25.92,26.2,25.43,25.46,25.48,25.42,2472577,62943100.35,11-MAR-2024,1027,INF204KB1882,
LTIM,EQ,5118.0,5133.0,5057.0,5123.0,5130.0,5122.7,343534,1754831204.45,11-MAR-2024,35366,INE214T01019,
LTTS,EQ,5275.05,5300.0,5223.05,5270.8,5261.0,5301.15,108245,570322245.1,11-MAR-2024,11519,INE010V01017,
LUMAXIND,EQ,2319.3,2319.3,2248.0,2258.7,2248.0,2302.05,6257,14158218.35,11-MAR-2024,1386,INE162B01018,
LUMAXTECH,EQ,453.9,456.15,432.8,435.6,437.5,451.05,155265,68315832.35,11-MAR-2024,10993,INE872H01027,
LUPIN,EQ,1680.95,1704.25,1669.35,1676.65,1673.9,1669.75,981480,1656422465.0,11-MAR-2024,64043,INE326A01037,
LUXIND,EQ,1211.0,1213.95,1190.0,1192.95,1192.0,1208.8,60099,72014072.15,11-MAR-2024,5478,INE150G01020,
LXCHEM,EQ,251.0,252.0,244.1,245.4,246.1,250.25,556807,137704870.85,11-MAR-2024,14652,INE576O01020,
LYKALABS,EQ,119.45,123.05,119.0,119.45,119.5,119.45,71095,8619590.8,11-MAR-2024,760,INE933A01014,
LYPSAGEMS,EQ,6.85,7.0,6.5,6.5,6.5,6.85,98861,650552.3,11-MAR-2024,292,INE142K01011,
M&M,EQ,1913.0,1913.7,1873.3,1894.35,1888.6,1897.55,3250782,6153767603.25,11-MAR-2024,204948,INE101A01026,
M&MFIN,EQ,281.05,292.4,281.05,286.05,285.1,286.95,1668408,480660782.25,11-MAR-2024,20467,INE774D01024,
MAANALU,EQ,157.7,170.9,147.85,154.95,153.3,143.15,1688620,271620469.65,11-MAR-2024,22485,INE215I01027,
MACPOWER,BE,897.75,897.75,897.75,897.75,897.75,855.0,13050,11715637.5,11-MAR-2024,144,INE155Z01011,
MADHAV,BE,43.2,43.2,40.3,40.3,40.3,42.4,96650,3927523.9,11-MAR-2024,293,INE925C01016,
MADHUCON,BE,8.4,8.8,8.05,8.05,8.05,8.45,103014,842519.1,11-MAR-2024,219,INE378D01032,
MADRASFERT,EQ,92.35,94.7,90.05,91.35,90.95,92.35,324542,29969644.3,11-MAR-2024,3431,INE414A01015,
MAFANG,EQ,85.98,85.98,83.59,85.57,85.45,84.9,550373,46735366.24,11-MAR-2024,7371,INF769K01HF4,
MAGADSUGAR,EQ,613.3,617.65,594.0,598.1,604.2,613.3,9796,5926047.65,11-MAR-2024,728,INE347W01011,
MAGNUM,EQ,61.85,61.85,56.95,57.1,56.95,59.95,256059,14953181.0,11-MAR-2024,1825,INE387I01016,
MAHABANK,EQ,62.25,63.45,61.05,61.4,61.25,61.9,37239295,2323611150.3,11-MAR-2024,52587,INE457A01014,
MAHAPEXLTD,EQ,132.4,135.3,125.1,129.8,130.45,131.45,28926,3717969.9,11-MAR-2024,1758,INE843B01013,
MAHASTEEL,BE,106.9,111.0,106.3,108.8,107.8,106.25,24307,2644687.5,11-MAR-2024,288,INE451L01014,
MAHEPC,EQ,132.2,133.45,126.0,126.7,126.6,130.1,47055,5995445.8,11-MAR-2024,995,INE215D01010,
MAHESHWARI,EQ,75.6,75.6,68.2,69.1,69.0,73.65,69981,4968853.15,11-MAR-2024,564,INE263W01010,
MAHKTECH,EQ,12.89,12.89,12.68,12.72,12.73,12.66,960634,12226889.58,11-MAR-2024,2000,INF769K01HS7,
MAHLIFE,EQ,579.15,590.0,565.0,570.45,566.0,579.1,430431,246945527.3,11-MAR-2024,14779,INE813A01018,
MAHLOG,EQ,429.95,429.95,416.2,420.2,421.2,429.6,113958,48025023.0,11-MAR-2024,9615,INE766P01016,
MAHSCOOTER,EQ,7376.15,7435.95,7231.1,7256.5,7245.5,7401.85,3460,25221620.55,11-MAR-2024,951,INE288A01013,
MAHSEAMLES,EQ,936.8,936.9,899.05,908.1,910.0,932.35,336584,305490718.55,11-MAR-2024,18914,INE271B01025,
MAITHANALL,EQ,1080.0,1090.9,1039.55,1045.2,1048.65,1085.55,50470,53342215.0,11-MAR-2024,5814,INE683C01011,
MAKEINDIA,EQ,126.45,126.45,122.25,122.62,122.33,122.76,32936,4044237.95,11-MAR-2024,454,INF769K01IB1,
MALLCOM,EQ,943.0,943.0,876.7,886.6,880.0,920.25,14417,12870188.8,11-MAR-2024,1900,INE389C01015,
MALUPAPER,BE,46.75,46.75,43.0,43.95,43.8,45.25,10368,461080.25,11-MAR-2024,98,INE383H01017,
MANAKALUCO,BE,28.5,29.7,27.55,27.75,27.9,28.8,42364,1196948.9,11-MAR-2024,478,INE859Q01017,
MANAKCOAT,EQ,37.0,37.0,33.3,33.3,33.3,37.0,273175,9264650.55,11-MAR-2024,2149,INE830Q01018,
MANAKSIA,EQ,118.2,121.4,111.4,112.6,113.45,118.2,169964,19516311.15,11-MAR-2024,2326,INE015D01022,
MANAKSTEEL,BE,65.0,66.95,63.9,63.9,63.9,67.25,55168,3545782.4,11-MAR-2024,516,INE824Q01011,
MANALIPETC,EQ,67.0,67.05,64.0,64.25,64.25,66.7,613265,39875183.2,11-MAR-2024,5626,INE201A01024,
MANAPPURAM,EQ,173.75,174.15,168.15,169.25,169.25,172.4,5104807,868930062.95,11-MAR-2024,53923,INE522D01027,
MANGALAM,EQ,114.5,114.5,105.7,106.6,107.0,113.7,79425,8604493.35,11-MAR-2024,1592,INE584F01014,
MANGCHEFER,EQ,118.0,118.0,110.8,114.0,114.05,116.15,626697,71170964.7,11-MAR-2024,5805,INE558B01017,
MANGLMCEM,EQ,746.0,766.0,730.0,734.2,733.45,746.4,330084,245650036.15,11-MAR-2024,14949,INE347A01017,
MANINDS,BE,380.0,397.85,370.35,371.0,370.35,389.8,134695,50774958.75,11-MAR-2024,1283,INE993A01026,
MANINFRA,EQ,208.6,210.8,194.7,196.1,197.0,207.65,955377,193114765.7,11-MAR-2024,18148,INE949H01023,
MANKIND,EQ,2168.6,2204.95,2138.6,2162.5,2160.0,2154.2,289358,629374171.35,11-MAR-2024,32355,INE634S01028,
MANOMAY,BE,192.75,192.75,183.5,184.85,183.5,192.95,3138,583031.9,11-MAR-2024,47,INE784W01015,
MANORAMA,EQ,391.15,393.95,368.3,375.75,375.9,397.1,113018,42722424.2,11-MAR-2024,12998,INE00VM01036,
MANORG,EQ,338.85,340.35,322.0,323.85,326.0,340.4,20173,6619647.9,11-MAR-2024,1140,INE370D01013,
MANUGRAPH,BE,23.95,23.95,21.7,21.9,21.85,22.85,66280,1473588.2,11-MAR-2024,139,INE867A01022,
MANYAVAR,EQ,978.3,979.85,950.0,958.45,959.5,965.35,127927,122785626.3,11-MAR-2024,14428,INE825V01034,
MAPMYINDIA,EQ,1745.0,1745.0,1684.25,1690.7,1693.0,1747.45,217287,368566113.85,11-MAR-2024,29647,INE0BV301023,
MARALOVER,EQ,74.45,74.95,72.0,72.1,72.75,74.45,27252,1989355.1,11-MAR-2024,738,INE882A01013,
MARATHON,EQ,533.7,533.7,510.05,513.6,510.5,523.65,82077,42415193.45,11-MAR-2024,7142,INE182D01020,
MARICO,EQ,514.6,515.0,508.1,509.2,509.85,514.6,1521855,776980067.65,11-MAR-2024,28164,INE196A01026,
MARINE,EQ,104.5,104.5,98.35,98.8,98.4,103.5,253134,25298765.95,11-MAR-2024,2139,INE01JE01028,
MARKSANS,EQ,150.95,151.8,144.4,145.2,145.3,149.55,741073,109297378.0,11-MAR-2024,11606,INE750C01026,
MARSHALL,EQ,35.0,35.9,32.5,33.85,34.4,35.7,390773,13309195.1,11-MAR-2024,1664,INE00SZ01018,
MARUTI,EQ,11515.15,11555.9,11350.05,11395.55,11400.0,11510.05,525344,5998963418.35,11-MAR-2024,73992,INE585B01010,
MASFIN,EQ,297.95,297.95,280.75,287.5,288.1,293.9,263561,75885810.75,11-MAR-2024,22579,INE348L01012,
MASPTOP50,EQ,38.67,38.68,38.0,38.55,38.52,38.36,74519,2868139.54,11-MAR-2024,1457,INF769K01HP3,
MASTEK,EQ,2830.0,2841.55,2736.9,2755.3,2757.0,2841.55,66855,184777650.65,11-MAR-2024,12198,INE759A01021,
MATRIMONY,EQ,529.85,537.0,523.5,534.95,534.85,527.25,21450,11370424.25,11-MAR-2024,2288,INE866R01028,
MAWANASUG,EQ,96.1,97.0,93.15,93.8,93.95,96.5,117476,11106051.6,11-MAR-2024,1817,INE636A01039,
MAXESTATES,EQ,265.1,278.5,263.7,268.8,266.5,264.0,70535,18874123.3,11-MAR-2024,2954,INE03EI01018,
MAXHEALTH,EQ,781.0,787.65,752.25,765.6,762.95,750.15,4521321,3454014071.2,11-MAR-2024,118760,INE027H01010,
MAXIND,BE,204.0,212.1,204.0,212.1,212.1,202.0,36799,7801309.05,11-MAR-2024,430,INE0CG601016,
MAYURUNIQ,EQ,488.9,498.9,480.0,482.5,484.95,488.65,101568,49513753.1,11-MAR-2024,10080,INE040D01038,
MAZDA,EQ,1346.0,1346.0,1301.0,1305.4,1304.5,1337.95,5099,6714272.6,11-MAR-2024,1066,INE885E01034,
MAZDOCK,EQ,2089.0,2092.55,2058.05,2065.75,2067.7,2085.65,333206,689527285.1,11-MAR-2024,33354,INE249Z01012,
MBAPL,EQ,277.8,279.95,265.3,271.65,271.6,280.6,44052,11949095.65,11-MAR-2024,1421,INE900L01010,
MBECL,BE,5.95,5.95,5.95,5.95,5.95,6.05,11672,69448.4,11-MAR-2024,7,INE748A01016,
MBLINFRA,BE,45.0,48.0,43.95,44.2,44.0,46.2,118396,5357476.4,11-MAR-2024,457,INE912H01013,
MCDOWELL-N,EQ,1146.05,1163.65,1144.15,1147.9,1148.05,1146.5,593445,682865721.8,11-MAR-2024,47943,INE854D01024,
MCL,BE,36.4,37.45,36.1,36.3,36.1,36.4,31264,1146443.95,11-MAR-2024,131,INE813V01022,
MCLEODRUSS,BE,32.1,32.5,30.1,30.2,30.4,31.65,417507,12872387.2,11-MAR-2024,584,INE942G01012,
MCX,EQ,3616.95,3628.35,3511.1,3532.75,3533.0,3616.95,213718,759445176.35,11-MAR-2024,24459,INE745G01035,
MEDANTA,EQ,1266.25,1295.0,1229.9,1238.55,1232.0,1254.95,378685,475028854.7,11-MAR-2024,50402,INE474Q01031,
MEDIASSIST,EQ,499.85,502.45,477.1,491.6,493.75,499.85,155558,76069529.9,11-MAR-2024,11989,INE456Z01021,
MEDICAMEQ,EQ,464.4,472.4,440.35,442.45,446.0,471.45,35120,15818929.35,11-MAR-2024,2169,INE646B01010,
MEDICO,EQ,85.8,85.8,82.75,84.15,83.95,84.85,1088568,91820853.0,11-MAR-2024,2610,INE630Y01024,
MEDPLUS,EQ,696.0,696.95,681.05,682.75,690.0,696.25,98397,67860771.1,11-MAR-2024,9365,INE804L01022,
MEGASOFT,EQ,95.1,96.45,85.7,87.05,88.0,95.2,721413,64802209.9,11-MAR-2024,5266,INE933B01012,
MEGASTAR,EQ,332.75,332.75,310.55,313.15,313.5,323.15,16468,5216161.35,11-MAR-2024,707,INE00EM01016,
MENONBE,EQ,124.3,125.9,116.75,118.95,118.9,125.9,164243,19598570.25,11-MAR-2024,6782,INE071D01033,
MEP,BE,14.0,14.0,13.4,13.4,13.4,14.1,33526,450963.4,11-MAR-2024,43,INE776I01010,
METROBRAND,EQ,1132.0,1141.0,1109.25,1113.9,1119.0,1134.3,139183,155443843.95,11-MAR-2024,21654,INE317I01021,
METROPOLIS,EQ,1640.5,1649.7,1613.25,1623.4,1618.85,1632.75,115905,188907487.3,11-MAR-2024,11536,INE112L01020,
MFSL,EQ,995.0,1010.0,982.75,991.55,990.0,978.4,1256809,1247150378.6,11-MAR-2024,41977,INE180A01020,
MGEL,EQ,21.0,21.6,19.8,20.0,20.2,21.05,279970,5779212.3,11-MAR-2024,880,INE0APB01024,
MGL,EQ,1329.05,1329.05,1268.0,1275.95,1271.6,1315.95,965070,1248400747.4,11-MAR-2024,62454,INE002S01010,
MHLXMIRU,BE,288.0,292.0,278.2,282.7,289.5,292.0,1499,426589.85,11-MAR-2024,44,INE112D01035,
MHRIL,EQ,406.3,408.05,393.45,395.65,395.0,404.05,79441,31775308.3,11-MAR-2024,5212,INE998I01010,
MICEL,EQ,45.45,45.5,42.85,42.9,42.85,45.1,358361,15572149.1,11-MAR-2024,3304,INE287C01037,
MID150BEES,EQ,188.99,188.99,183.29,183.71,183.59,185.0,413055,76067916.69,11-MAR-2024,7567,INF204KB1V68,
MIDCAPETF,EQ,18.75,18.75,18.07,18.1,18.08,18.18,469410,8517969.0,11-MAR-2024,4128,INF769K01IC9,
MIDCAPIETF,EQ,185.87,185.87,183.37,183.71,184.06,184.02,34536,6355400.04,11-MAR-2024,1623,INF109KC1G82,
MIDHANI,EQ,420.45,422.55,405.0,407.3,406.0,420.4,421681,173234779.0,11-MAR-2024,15915,INE099Z01011,
MIDQ50ADD,EQ,213.7,213.7,208.68,208.93,210.42,210.26,6066,1268551.18,11-MAR-2024,235,INF740KA1QL0,
MIDSELIETF,EQ,146.1,155.7,146.1,150.8,150.67,150.6,16667,2512175.06,11-MAR-2024,346,INF109KB1XT3,
MINDACORP,EQ,411.0,416.65,406.0,409.75,410.1,415.65,181694,74498035.85,11-MAR-2024,9350,INE842C01021,
MINDTECK,EQ,208.0,209.95,188.25,190.35,189.9,206.4,94735,18496759.4,11-MAR-2024,4761,INE110B01017,
MIRCELECTR,EQ,23.0,24.7,21.45,23.25,23.5,22.9,1676404,38241684.9,11-MAR-2024,3813,INE831A01028,
MIRZAINT,BE,49.3,49.9,47.4,47.95,48.0,49.3,137046,6660345.65,11-MAR-2024,1191,INE771A01026,
MITCON,BE,133.0,134.65,121.85,123.65,124.95,128.25,15991,2025570.3,11-MAR-2024,120,INE828O01033,
MITTAL,BE,2.45,2.5,2.35,2.35,2.4,2.45,955936,2278611.35,11-MAR-2024,1700,INE997Y01027,
MKPL,BE,46.0,46.4,42.8,43.4,43.75,45.05,749251,32862520.55,11-MAR-2024,4653,INE964W01021,
MMFL,EQ,916.0,916.0,882.0,892.85,882.05,917.0,54392,48742293.95,11-MAR-2024,4111,INE227C01017,
MMP,EQ,266.5,267.45,250.0,252.15,254.4,260.6,21323,5482332.0,11-MAR-2024,810,INE511Y01018,
MMTC,EQ,75.85,76.95,71.9,72.0,71.9,75.65,2120249,155173847.55,11-MAR-2024,16089,INE123F01029,
MODIRUBBER,EQ,95.0,95.0,90.25,90.25,90.25,95.0,7330,665346.0,11-MAR-2024,138,INE832A01018,
MODISONLTD,EQ,117.0,118.05,111.0,111.6,111.4,117.35,86686,9800877.4,11-MAR-2024,2181,INE737D01021,
MODTHREAD,BE,47.7,47.7,47.7,47.7,47.7,45.45,89,4245.3,11-MAR-2024,1,INE794W01014,
MOGSEC,EQ,54.76,54.83,54.73,54.82,54.82,54.79,21236,1163058.96,11-MAR-2024,62,INF247L01AK4,
MOHEALTH,EQ,35.33,35.67,34.96,35.04,35.39,35.32,43600,1538069.41,11-MAR-2024,403,INF247L01BB1,
MOHITIND,EQ,20.85,21.35,20.6,20.85,20.75,20.4,12363,258763.35,11-MAR-2024,134,INE954E01012,
MOIL,EQ,309.1,309.1,293.65,299.7,299.0,307.65,1958808,585612018.45,11-MAR-2024,39399,INE490G01020,
MOKSH,BE,21.0,21.05,20.5,20.5,20.5,21.55,208323,4287760.25,11-MAR-2024,859,INE514Y01020,
MOL,EQ,92.5,92.5,86.3,87.05,87.2,91.65,1655723,146710103.0,11-MAR-2024,10304,INE0CT101020,
MOLDTECH,EQ,200.2,203.35,192.0,193.0,193.8,199.2,252623,49256185.9,11-MAR-2024,10827,INE835B01035,
MOLDTKPAC,EQ,847.9,873.95,840.1,857.75,859.0,840.3,78270,67260392.1,11-MAR-2024,12333,INE893J01029,
MOLOWVOL,EQ,35.87,35.87,34.96,35.01,34.96,35.12,5048,177677.95,11-MAR-2024,139,INF247L01BL0,
MOM100,EQ,53.75,53.75,51.96,52.14,52.25,52.2,195729,10223991.41,11-MAR-2024,2851,INF247L01023,
MOM30IETF,EQ,32.15,32.3,31.4,31.87,32.09,31.99,656882,21013880.13,11-MAR-2024,2747,INF109KC17C7,
MOM50,EQ,229.39,231.0,227.0,228.7,231.0,229.39,36381,8322037.15,11-MAR-2024,135,INF247L01536,
MOMENTUM,EQ,31.91,32.34,31.4,31.65,31.6,31.91,102468,3258657.91,11-MAR-2024,965,INF209KB14K7,
MOMOMENTUM,EQ,64.08,64.08,63.36,63.53,63.75,63.47,116687,7432309.14,11-MAR-2024,753,INF247L01BK2,
MON100,EQ,146.95,150.6,145.41,146.32,146.4,146.21,396503,57904694.52,11-MAR-2024,10741,INF247L01AP3,
MONARCH,EQ,582.15,614.45,582.15,587.15,586.0,596.05,28837,17072620.15,11-MAR-2024,1510,INE903D01011,
MONIFTY500,EQ,20.48,20.85,20.37,20.41,20.45,20.45,178508,3654055.43,11-MAR-2024,992,INF247L01BU1,
MONQ50,EQ,59.81,61.98,59.8,60.75,60.33,59.81,57404,3496199.32,11-MAR-2024,810,INF247L01AU3,
MONTECARLO,EQ,678.35,678.35,641.5,650.1,651.0,675.05,20650,13468661.8,11-MAR-2024,4247,INE950M01013,
MOQUALITY,EQ,176.77,177.46,176.18,177.0,177.0,176.34,3670,649976.08,11-MAR-2024,40,INF247L01BH8,
MORARJEE,BE,21.9,22.0,21.0,21.15,21.2,21.65,32332,687103.0,11-MAR-2024,118,INE161G01027,
MOREPENLAB,EQ,46.9,47.0,43.95,44.35,44.3,46.6,4521742,203740548.6,11-MAR-2024,13443,INE083A01026,
MOTHERSON,EQ,118.9,118.9,114.9,116.3,116.55,118.95,22796650,2652138679.0,11-MAR-2024,80072,INE775A01035,
MOTILALOFS,EQ,1596.1,1603.5,1514.95,1521.15,1522.0,1580.0,159007,244305032.3,11-MAR-2024,15296,INE338I01027,
MOTISONS,EQ,164.0,164.0,156.1,156.75,157.0,160.15,233514,37040845.35,11-MAR-2024,2800,INE0FRK01012,
MOTOGENFIN,BE,36.0,36.0,34.1,34.1,34.1,35.25,15927,555081.15,11-MAR-2024,50,INE861B01023,
MOVALUE,EQ,96.5,96.8,95.0,95.21,95.9,96.01,158546,15134483.38,11-MAR-2024,1942,INF247L01BE5,
MPHASIS,EQ,2519.0,2519.0,2442.05,2469.7,2471.9,2492.85,552199,1365713720.75,11-MAR-2024,58961,INE356A01018,
MPSLTD,EQ,1617.0,1617.3,1536.05,1561.35,1563.05,1611.3,18654,29225237.9,11-MAR-2024,3909,INE943D01017,
MRF,EQ,144500.0,145337.3,143885.7,144950.7,144300.0,143956.65,10522,1522527513.15,11-MAR-2024,8558,INE883A01011,
MRO-TEK,EQ,75.05,76.85,68.2,69.9,69.55,75.05,52023,3702563.2,11-MAR-2024,761,INE398B01018,
MRPL,EQ,233.7,234.45,217.0,218.85,219.2,233.2,3025137,678847602.45,11-MAR-2024,33335,INE103A01014,
MSPL,BE,32.5,32.8,29.95,29.95,29.95,31.5,334043,10216650.3,11-MAR-2024,491,INE752G01015,
MSTCLTD,EQ,920.6,920.6,885.0,893.2,885.0,917.55,237924,214118429.95,11-MAR-2024,18294,INE255X01014,
MSUMI,EQ,68.1,68.1,65.8,66.15,66.25,67.7,7118007,472502795.45,11-MAR-2024,41474,INE0FS801015,
MTARTECH,EQ,1824.6,1840.0,1779.9,1793.35,1798.0,1824.6,179606,323680005.35,11-MAR-2024,23542,INE864I01014,
MTEDUCARE,BE,3.8,3.8,3.7,3.7,3.8,3.8,25431,95964.9,11-MAR-2024,53,INE472M01018,
MTNL,EQ,40.7,40.7,38.3,38.8,38.65,40.55,2813708,110943724.45,11-MAR-2024,7184,INE153A01019,
MUFIN,EQ,186.6,186.6,186.6,186.6,186.6,196.4,40003,7464559.8,11-MAR-2024,500,INE08KJ01020,
MUFTI,EQ,199.2,203.0,188.75,191.0,190.45,198.55,610675,117860418.35,11-MAR-2024,20716,INE220Q01020,
MUKANDLTD,EQ,163.4,164.0,154.4,155.35,155.7,163.9,188643,29865447.15,11-MAR-2024,5926,INE304A01026,
MUKKA,BE,43.0,43.95,40.15,40.15,40.15,42.25,10923633,458279595.3,11-MAR-2024,47260,INE0CG401037,
MUKTAARTS,BE,89.8,89.8,85.65,85.65,85.65,90.15,5546,480738.8,11-MAR-2024,50,INE374B01019,
MUNJALAU,EQ,85.0,86.75,82.2,82.55,82.2,85.0,115217,9655900.35,11-MAR-2024,1075,INE672B01032,
MUNJALSHOW,EQ,175.5,176.5,165.5,167.5,166.1,176.95,221213,37692427.65,11-MAR-2024,9360,INE577A01027,
MURUDCERA,EQ,57.4,57.8,52.0,52.7,52.9,56.15,170890,9360497.7,11-MAR-2024,1549,INE692B01014,
MUTHOOTCAP,EQ,308.0,310.0,302.0,306.85,303.35,303.65,27368,8339569.6,11-MAR-2024,2085,INE296G01013,
MUTHOOTFIN,EQ,1382.05,1413.4,1378.5,1401.65,1400.0,1377.15,1107120,1541370990.3,11-MAR-2024,41748,INE414G01012,
MUTHOOTMF,EQ,225.5,225.95,218.9,219.95,220.25,225.3,234877,52049758.45,11-MAR-2024,9493,INE046W01019,
MVGJL,EQ,217.6,219.85,200.8,203.9,204.0,216.5,779572,160703243.9,11-MAR-2024,22581,INE0KNT01012,
NACLIND,EQ,67.75,68.0,64.65,65.35,65.05,67.4,275936,18215044.85,11-MAR-2024,2598,INE295D01020,
NAGAFERT,EQ,11.55,11.75,11.0,11.0,11.0,11.55,1141310,12750079.05,11-MAR-2024,2119,INE454M01024,
NAGREEKCAP,BE,18.35,18.35,18.35,18.35,18.35,19.3,2744,50352.4,11-MAR-2024,7,INE245I01016,
NAGREEKEXP,BE,34.7,34.7,33.0,33.0,33.0,34.7,12024,400246.25,11-MAR-2024,75,INE123B01028,
NAHARCAP,EQ,336.8,344.0,319.0,322.7,320.0,334.75,56901,18793669.65,11-MAR-2024,2896,INE049I01012,
NAHARINDUS,EQ,132.65,135.1,128.0,128.5,129.15,134.6,45594,5958604.55,11-MAR-2024,1414,INE289A01011,
NAHARPOLY,EQ,198.8,202.0,194.2,195.8,196.9,198.9,22378,4431626.9,11-MAR-2024,957,INE308A01027,
NAHARSPING,EQ,315.0,317.0,300.1,302.5,301.0,313.4,62187,19188718.6,11-MAR-2024,5131,INE290A01027,
NAM-INDIA,EQ,497.0,509.95,492.5,503.65,503.0,492.2,1224603,618515234.4,11-MAR-2024,42000,INE298J01013,
NARMADA,BE,24.0,24.0,22.65,22.8,23.6,23.8,50117,1148368.7,11-MAR-2024,191,INE117Z01011,
NATCOPHARM,EQ,1020.1,1028.9,1006.0,1012.7,1012.9,1015.4,405616,411583118.15,11-MAR-2024,26749,INE987B01026,
NATHBIOGEN,EQ,196.4,196.45,186.05,188.05,188.0,193.55,47893,9104817.85,11-MAR-2024,1541,INE448G01010,
NATIONALUM,EQ,163.5,164.1,157.1,158.35,157.3,163.2,11017989,1770728522.55,11-MAR-2024,50038,INE139A01034,
NAUKRI,EQ,5120.25,5190.0,5000.1,5161.05,5165.0,5088.5,432746,2220265430.85,11-MAR-2024,58675,INE663F01024,
NAVA,EQ,515.0,515.0,502.0,503.6,505.25,515.4,186236,94501360.3,11-MAR-2024,8332,INE725A01022,
NAVINFLUOR,EQ,3061.0,3083.9,3020.05,3049.85,3050.9,3059.8,102055,311243523.15,11-MAR-2024,17354,INE048G01026,
NAVINIFTY,EQ,225.01,226.35,224.58,225.9,225.9,226.64,6605,1493182.87,11-MAR-2024,31,INF959L01HI3,
NAVKARCORP,EQ,99.95,101.0,93.05,93.6,94.4,99.25,1228549,116755569.15,11-MAR-2024,8132,INE278M01019,
NAVNETEDUL,EQ,149.6,150.35,143.15,145.6,145.85,148.55,147305,21440608.65,11-MAR-2024,4153,INE060A01024,
NAZARA,EQ,693.65,697.6,670.0,674.15,677.95,692.6,278465,190176926.6,11-MAR-2024,23509,INE418L01021,
NBCC,EQ,127.45,127.9,120.95,121.05,120.95,127.3,15257283,1865435900.6,11-MAR-2024,115980,INE095N01031,
NBIFIN,EQ,1855.65,1891.0,1820.4,1846.9,1843.0,1868.0,261,483845.25,11-MAR-2024,102,INE365I01020,
NCC,EQ,259.45,259.55,241.25,243.9,245.65,258.35,4645379,1151771433.4,11-MAR-2024,59835,INE868B01028,
NCLIND,EQ,205.7,208.85,197.1,197.9,198.0,203.75,249737,50191690.95,11-MAR-2024,8207,INE732C01016,
NDGL,BE,2402.6,2402.6,2301.25,2322.8,2323.0,2402.6,166,388835.6,11-MAR-2024,34,INE756C01015,
NDL,EQ,37.1,38.9,35.35,35.9,35.65,37.05,613015,23264854.45,11-MAR-2024,2484,INE875G01030,
NDLVENTURE,EQ,107.0,107.15,101.0,102.0,101.0,103.35,3818,395100.4,11-MAR-2024,179,INE353A01023,
NDRAUTO,EQ,840.0,840.0,801.0,806.0,806.0,843.5,6611,5389900.5,11-MAR-2024,1422,INE07OG01012,
NDTV,EQ,247.0,247.3,240.65,242.4,242.7,246.3,362864,88185452.35,11-MAR-2024,9757,INE155G01029,
NECCLTD,EQ,31.4,31.4,28.0,28.55,28.5,30.05,317987,9219035.9,11-MAR-2024,1654,INE553C01016,
NECLIFE,EQ,35.7,35.85,33.8,33.9,33.85,35.75,659238,22640649.6,11-MAR-2024,2719,INE023H01027,
NELCAST,EQ,142.0,143.5,136.1,137.35,137.35,143.05,120084,16721981.75,11-MAR-2024,3718,INE189I01024,
NELCO,EQ,812.15,817.0,773.5,778.6,777.5,810.1,215677,170433044.95,11-MAR-2024,15717,INE045B01015,
NEOGEN,EQ,1320.0,1324.0,1290.05,1313.9,1315.0,1323.45,25360,33201007.4,11-MAR-2024,4584,INE136S01016,
NESCO,EQ,857.95,861.5,829.9,832.5,832.0,857.95,79768,67064744.05,11-MAR-2024,8049,INE317F01035,
NESTLEIND,EQ,2560.95,2631.0,2548.55,2611.5,2610.0,2560.95,1495299,3896949886.25,11-MAR-2024,117465,INE239A01024,
NETF,EQ,242.0,242.0,236.09,236.84,237.93,237.95,1861,442526.72,11-MAR-2024,183,INF277K015R5,
NETWEB,EQ,1720.0,1720.0,1585.35,1585.7,1586.0,1668.75,299221,496632198.65,11-MAR-2024,7491,INE0NT901020,
NETWORK18,BE,93.45,93.45,89.75,92.05,92.0,93.45,1752572,160692088.2,11-MAR-2024,4387,INE870H01013,
NEULANDLAB,EQ,6430.05,6499.0,5800.0,5953.55,5910.0,6529.5,91504,555297228.25,11-MAR-2024,23366,INE794A01010,
NEWGEN,EQ,804.95,804.95,735.0,745.75,750.0,787.05,333510,252473282.55,11-MAR-2024,27087,INE619B01017,
NEXT50,EQ,609.83,617.68,609.82,611.21,611.73,611.49,18628,11437039.3,11-MAR-2024,185,INF769K01FN2,
NEXT50IETF,EQ,64.5,64.5,62.0,62.55,62.6,62.64,140562,8825853.01,11-MAR-2024,2311,INF109KC1NS5,
NEXTMEDIA,EQ,7.15,7.35,6.85,6.95,6.9,7.15,33485,237491.55,11-MAR-2024,138,INE747B01016,
NFL,EQ,101.2,101.85,97.75,98.4,98.25,101.2,1466297,145413632.8,11-MAR-2024,10583,INE870D01012,
NGIL,EQ,57.75,57.75,50.6,51.25,51.0,58.25,228833,12064789.5,11-MAR-2024,3045,INE236Y01012,
NGLFINE,EQ,2000.2,2189.0,2000.2,2079.35,2075.0,2122.6,5973,12483739.55,11-MAR-2024,1795,INE887E01022,
NH,EQ,1190.05,1287.0,1183.7,1276.1,1274.75,1179.75,1671629,2102666669.45,11-MAR-2024,88562,INE410P01011,
NHPC,EQ,90.6,91.95,89.35,90.15,89.9,90.05,63463093,5754035229.75,11-MAR-2024,214023,INE848E01016,
NIACL,EQ,260.4,266.0,249.0,251.3,251.0,257.8,1822480,468418587.85,11-MAR-2024,29334,INE470Y01017,
NIBL,BE,33.6,33.85,32.25,33.0,33.0,32.25,6519,216513.35,11-MAR-2024,93,INE047O01014,
NIF100BEES,EQ,243.58,243.58,239.41,240.34,240.5,240.52,19612,4711753.65,11-MAR-2024,583,INF204K014N5,
NIF100IETF,EQ,259.7,259.7,251.61,252.05,252.75,253.38,17102,4326825.45,11-MAR-2024,1319,INF109KA1962,
NIF10GETF,EQ,23.2,23.2,22.5,22.89,22.89,22.93,5276,119586.48,11-MAR-2024,80,INF789F1AZF3,
NIF5GETF,EQ,56.84,56.84,55.2,55.89,55.93,55.89,289,16148.7,11-MAR-2024,14,INF789F1AZE6,
NIFITETF,EQ,373.1,373.1,368.38,370.64,368.83,373.08,542,200684.66,11-MAR-2024,49,INF789F1AZD8,
NIFMID150,EQ,181.49,181.5,179.0,179.27,181.5,181.5,461,82824.13,11-MAR-2024,49,INF789F1AYX9,
NIFTY50ADD,EQ,230.18,230.71,228.5,229.08,229.08,230.18,9903,2271281.34,11-MAR-2024,299,INF740KA1CL0,
NIFTYBEES,EQ,248.67,249.8,247.02,247.45,247.3,248.67,2665347,661469983.99,11-MAR-2024,48193,INF204KB14I2,
NIFTYBETF,EQ,225.01,226.0,223.0,223.97,226.0,225.39,6712,1507635.53,11-MAR-2024,207,INF0QA701722,
NIFTYETF,EQ,237.96,237.99,235.82,236.1,236.23,237.33,56674,13430042.31,11-MAR-2024,566,INF769K01EG9,
NIFTYIETF,EQ,247.25,249.75,239.75,245.85,245.65,247.17,247920,61208082.32,11-MAR-2024,13136,INF109K012R6,
NIFTYQLITY,EQ,19.15,20.0,19.02,19.18,19.02,19.15,12957,248950.8,11-MAR-2024,481,INF209KB15K4,
NIITLTD,EQ,120.85,121.6,117.05,117.55,117.8,121.0,552648,65399797.15,11-MAR-2024,6612,INE161A01038,
NIITMTS,EQ,565.6,565.6,522.1,528.6,535.0,564.5,479645,255498644.85,11-MAR-2024,33938,INE342G01023,
NILAINFRA,BE,13.1,13.6,12.35,12.35,12.35,13.0,588897,7440178.5,11-MAR-2024,1439,INE937C01029,
NILASPACES,BE,5.35,5.35,5.25,5.25,5.25,5.3,95074,505376.4,11-MAR-2024,251,INE00S901012,
NILKAMAL,EQ,1949.95,1949.95,1892.0,1904.15,1900.0,1918.25,2660,5082602.25,11-MAR-2024,896,INE310A01015,
NINSYS,EQ,503.5,503.5,460.4,466.85,467.0,501.1,4960,2396663.2,11-MAR-2024,634,INE395U01014,
NIPPOBATRY,EQ,649.25,652.45,619.15,627.25,634.0,640.0,13004,8234113.75,11-MAR-2024,1328,INE567A01028,
NIRAJ,BE,43.45,44.85,41.25,41.5,41.95,43.4,33830,1418227.1,11-MAR-2024,302,INE368I01016,
NIRAJISPAT,BE,182.3,182.3,182.3,182.3,182.3,112.0,1,182.3,11-MAR-2024,1,INE326T01011,
NITCO,BE,64.3,64.3,64.3,64.3,64.3,65.6,117264,7540075.2,11-MAR-2024,42,INE858F01012,
NITINSPIN,EQ,345.65,346.2,330.0,332.05,332.0,344.0,102480,34534387.85,11-MAR-2024,6772,INE229H01012,
NITIRAJ,EQ,178.95,178.95,167.0,174.1,172.0,174.5,7719,1324592.75,11-MAR-2024,292,INE439T01012,
NKIND,BE,53.25,53.25,50.0,53.2,53.25,50.75,10303,548601.0,11-MAR-2024,37,INE542C01019,
NLCINDIA,EQ,243.0,244.05,230.35,232.75,232.0,218.75,58284928,13701610456.25,11-MAR-2024,342061,INE589A01014,
NMDC,EQ,235.0,237.5,228.3,228.85,229.0,238.8,14771036,3429195062.3,11-MAR-2024,88068,INE584A01023,
NOCIL,EQ,257.75,258.75,245.5,246.85,246.6,255.9,632390,157914138.75,11-MAR-2024,14896,INE163A01018,
NOIDATOLL,BE,9.5,9.5,9.5,9.5,9.5,9.7,17433,165613.5,11-MAR-2024,27,INE781B01015,
NORBTEAEXP,EQ,12.8,13.35,12.15,12.65,12.65,12.75,7127,88802.1,11-MAR-2024,75,INE369C01017,
NOVAAGRI,EQ,60.3,60.85,58.2,58.7,58.7,60.0,681605,40112298.7,11-MAR-2024,7532,INE02H701025,
NPBET,EQ,248.37,248.37,241.11,241.57,241.57,244.7,6815,1655312.5,11-MAR-2024,79,INF277K010X4,
NRAIL,EQ,438.0,438.0,419.5,421.3,422.0,431.8,6382,2698430.45,11-MAR-2024,692,INE740D01017,
NRBBEARING,EQ,303.3,304.75,290.95,292.05,292.0,303.3,144324,42563234.1,11-MAR-2024,9721,INE349A01021,
NRL,EQ,123.9,124.9,114.0,114.65,114.75,120.45,155465,18427061.95,11-MAR-2024,3181,INE0JM501013,
NSIL,EQ,3590.95,3602.5,3412.0,3430.65,3436.95,3591.45,7045,24663796.25,11-MAR-2024,2187,INE023A01030,
NSLNISP,EQ,61.35,61.35,59.5,60.0,59.8,61.05,7375667,442486359.9,11-MAR-2024,26339,INE0NNS01018,
NTPC,EQ,352.25,353.15,346.7,347.95,347.1,352.2,10664917,3728334600.15,11-MAR-2024,158912,INE733E01010,
NUCLEUS,EQ,1399.0,1401.95,1340.0,1343.55,1344.0,1370.7,8495,11490292.7,11-MAR-2024,2046,INE096B01018,
NURECA,EQ,328.0,328.7,315.0,319.4,319.5,320.9,22934,7423289.25,11-MAR-2024,1578,INE0DSF01015,
NUVAMA,EQ,4146.45,4146.8,3900.0,3975.1,3989.0,4085.15,71372,282233536.05,11-MAR-2024,15689,INE531F01015,
NUVOCO,EQ,320.25,323.85,311.25,312.85,313.0,319.85,184801,58118143.6,11-MAR-2024,8221,INE118D01016,
NV20BEES,EQ,145.0,145.0,141.05,141.24,142.85,143.11,54694,7775045.23,11-MAR-2024,478,INF204KB18I3,
NV20IETF,EQ,13.45,14.3,13.45,13.8,13.88,13.89,712294,9866016.94,11-MAR-2024,2727,INF109KC11V0,
NYKAA,EQ,158.8,161.3,157.7,160.15,160.5,156.6,5994524,957516600.4,11-MAR-2024,77230,INE388Y01029,
OAL,EQ,348.05,352.2,345.1,348.0,347.5,353.2,11097,3863624.05,11-MAR-2024,1119,INE959C01023,
OBCL,EQ,62.1,62.45,58.35,58.75,59.4,62.1,90314,5464558.25,11-MAR-2024,1418,INE426Z01016,
OBEROIRLTY,EQ,1380.2,1397.7,1354.15,1359.1,1360.0,1377.4,507190,700622744.75,11-MAR-2024,31129,INE093I01010,
OCCL,EQ,740.3,740.3,718.1,725.85,725.0,736.6,7677,5598889.25,11-MAR-2024,1032,INE321D01016,
OFSS,EQ,8472.35,8472.35,8058.05,8103.45,8111.85,8301.8,216571,1773126736.05,11-MAR-2024,42319,INE881D01027,
OIL,EQ,632.9,643.0,610.5,615.35,615.2,630.1,4968431,3102651666.35,11-MAR-2024,102754,INE274J01014,
OILCOUNTUB,BE,31.5,32.8,30.5,31.05,31.4,32.05,201263,6286093.7,11-MAR-2024,470,INE591A01010,
OLECTRA,EQ,1903.5,1903.5,1826.0,1837.25,1833.4,1897.4,541006,1006935479.55,11-MAR-2024,35855,INE260D01016,
OMAXAUTO,BE,104.8,104.8,102.9,102.9,102.9,105.0,2244,233149.6,11-MAR-2024,27,INE090B01011,
OMAXE,EQ,99.4,99.7,92.1,94.85,95.0,98.75,150954,14603350.6,11-MAR-2024,1500,INE800H01010,
OMINFRAL,EQ,144.0,144.85,136.05,137.35,136.05,139.75,401598,56058099.35,11-MAR-2024,6663,INE239D01028,
ONELIFECAP,EQ,18.15,18.7,16.1,16.9,16.7,18.15,19667,340001.75,11-MAR-2024,294,INE912L01015,
ONEPOINT,BE,57.5,57.5,54.95,54.95,54.95,57.8,491122,27199912.3,11-MAR-2024,1026,INE840Y01029,
ONGC,EQ,278.1,280.5,273.2,274.0,273.9,278.1,10684598,2948474295.05,11-MAR-2024,107841,INE213A01029,
ONMOBILE,EQ,73.55,74.0,68.45,69.65,69.5,73.45,1455841,102775200.45,11-MAR-2024,9141,INE809I01019,
ONWARDTEC,EQ,496.55,504.75,479.95,482.05,483.7,506.15,106794,52022541.55,11-MAR-2024,14107,INE229A01017,
OPTIEMUS,EQ,300.0,300.45,290.0,293.2,292.85,297.9,153448,45238816.35,11-MAR-2024,5843,INE350C01017,
ORBTEXP,EQ,162.5,164.75,156.1,157.3,157.0,163.15,34458,5477201.4,11-MAR-2024,1742,INE231G01010,
ORCHPHARMA,EQ,1051.0,1068.95,1023.4,1038.9,1056.0,1077.55,406725,419900394.25,11-MAR-2024,13829,INE191A01027,
ORICONENT,EQ,38.45,39.0,36.6,36.8,37.0,38.55,262254,9855468.95,11-MAR-2024,2200,INE730A01022,
ORIENTALTL,BE,10.1,10.1,9.7,9.7,9.7,10.2,48434,470382.85,11-MAR-2024,264,INE998H01012,
ORIENTBELL,EQ,354.3,359.65,320.95,330.5,324.7,355.35,41938,14133584.55,11-MAR-2024,1225,INE607D01018,
ORIENTCEM,EQ,224.15,227.7,216.35,217.95,217.45,225.85,704641,154609837.7,11-MAR-2024,14427,INE876N01018,
ORIENTCER,EQ,55.15,55.5,52.2,52.6,53.0,55.9,271557,14599152.55,11-MAR-2024,2184,INE569C01020,
ORIENTELEC,EQ,206.0,207.85,205.2,206.0,206.3,205.2,158474,32673379.2,11-MAR-2024,5964,INE142Z01019,
ORIENTHOT,EQ,130.9,133.0,124.1,125.05,125.2,129.45,318285,40259633.35,11-MAR-2024,5866,INE750A01020,
ORIENTLTD,EQ,98.1,102.0,94.65,95.15,94.7,99.6,16017,1568650.7,11-MAR-2024,402,INE609C01024,
ORIENTPPR,EQ,47.0,47.35,45.6,46.1,45.7,47.15,1278694,58985997.8,11-MAR-2024,5840,INE592A01026,
ORISSAMINE,EQ,6540.0,6580.4,6320.0,6395.2,6366.0,6546.55,5813,37577086.05,11-MAR-2024,2208,INE725E01024,
ORTINLAB,EQ,19.5,19.7,18.1,19.45,19.7,18.8,58430,1116806.15,11-MAR-2024,550,INE749B01020,
OSIAHYPER,BE,34.3,34.3,31.2,33.35,33.8,32.7,3320345,113067213.8,11-MAR-2024,6544,INE06IR01021,
OSWALAGRO,EQ,43.3,44.8,41.25,41.95,42.05,44.95,111258,4777259.15,11-MAR-2024,891,INE142A01012,
OSWALGREEN,EQ,33.7,33.9,31.15,31.8,31.7,33.6,475736,15416322.25,11-MAR-2024,2371,INE143A01010,
OSWALSEEDS,EQ,38.0,38.45,36.55,36.7,37.1,38.5,72822,2706635.65,11-MAR-2024,807,INE00IK01029,
PAGEIND,EQ,36000.0,36122.0,35692.8,35863.25,35850.0,35870.65,41083,1474611158.25,11-MAR-2024,17216,INE761H01022,
PAISALO,EQ,190.0,190.0,173.55,175.2,177.0,188.3,1465812,264981683.85,11-MAR-2024,29243,INE420C01059,
PAKKA,EQ,301.4,309.75,288.0,290.25,291.2,300.5,161426,47807557.75,11-MAR-2024,10647,INE551D01018,
PALASHSECU,EQ,130.8,130.8,121.0,122.55,122.7,125.1,11089,1389581.95,11-MAR-2024,213,INE471W01019,
PALREDTEC,EQ,156.8,157.95,145.05,146.9,147.0,154.65,37594,5648769.75,11-MAR-2024,1896,INE218G01033,
PANACEABIO,EQ,149.0,149.05,142.35,143.45,145.95,148.8,102575,14816581.3,11-MAR-2024,3251,INE922B01023,
PANACHE,EQ,72.35,72.35,67.6,68.6,69.65,70.0,12652,871907.4,11-MAR-2024,184,INE895W01019,
PANAMAPET,EQ,345.1,356.0,330.1,332.65,334.7,345.65,198522,67092575.95,11-MAR-2024,12947,INE305C01029,
PANSARI,EQ,98.0,100.0,93.5,94.1,99.0,98.0,1198,113115.8,11-MAR-2024,67,INE697V01011,
PAR,EQ,205.5,209.7,203.0,206.65,206.0,210.6,15675,3216230.25,11-MAR-2024,533,INE04LG01015,
PARACABLES,EQ,79.6,82.3,78.7,78.7,78.7,82.85,479845,37912422.1,11-MAR-2024,2386,INE074B01023,
PARADEEP,EQ,74.5,75.4,72.75,75.0,75.3,74.35,3693232,274979852.3,11-MAR-2024,13616,INE088F01024,
PARAGMILK,EQ,225.0,225.6,217.0,218.7,217.15,224.15,699471,153675919.5,11-MAR-2024,16147,INE883N01014,
PARAS,EQ,712.1,716.85,703.0,704.15,703.55,714.45,136277,96510453.85,11-MAR-2024,13236,INE045601015,
PARASPETRO,BE,3.4,3.4,3.4,3.4,3.4,3.45,89312,303660.8,11-MAR-2024,342,INE162C01024,
PARKHOTELS,EQ,201.9,202.4,181.75,184.05,184.6,201.9,1821251,346383621.25,11-MAR-2024,31945,INE988S01028,
PARSVNATH,BE,14.6,14.7,13.3,13.3,13.3,14.0,397399,5503325.05,11-MAR-2024,538,INE561H01026,
PASUPTAC,EQ,43.05,43.45,40.2,40.9,41.15,42.9,230669,9631071.7,11-MAR-2024,1736,INE818B01023,
PATANJALI,EQ,1540.0,1542.0,1475.05,1485.5,1491.0,1526.5,283420,427018886.25,11-MAR-2024,19090,INE619A01035,
PATELENG,EQ,63.75,64.7,59.8,60.1,59.9,63.45,6487847,397681700.55,11-MAR-2024,23215,INE244B01030,
PATINTLOG,EQ,24.75,24.75,22.9,23.0,23.1,24.55,491335,11562599.1,11-MAR-2024,2451,INE529D01014,
PAVNAIND,BE,594.0,601.0,556.0,560.0,584.0,574.85,31140,17664805.65,11-MAR-2024,274,INE07S101020,
PAYTM,EQ,409.95,409.95,386.25,388.8,387.0,400.75,1902348,749876647.9,11-MAR-2024,44832,INE982J01020,
PCBL,EQ,268.6,269.1,245.45,250.25,251.85,268.6,7451003,1883500157.3,11-MAR-2024,103149,INE602A01031,
PCJEWELLER,EQ,61.9,62.9,58.25,58.3,58.25,61.3,2367077,140721144.85,11-MAR-2024,6721,INE785M01013,
PDMJEPAPER,EQ,66.65,66.65,62.1,62.75,63.5,66.45,181904,11575039.75,11-MAR-2024,1722,INE865T01018,
PDSL,EQ,507.0,510.7,487.0,489.1,491.05,506.0,94084,46480852.95,11-MAR-2024,8912,INE111Q01021,
PEARLPOLY,EQ,36.25,36.45,34.15,34.45,34.9,36.45,67132,2366620.65,11-MAR-2024,543,INE844A01013,
PEL,EQ,894.45,894.45,865.0,868.8,867.0,894.45,1146355,1005035178.55,11-MAR-2024,48616,INE140A01024,
PENIND,EQ,130.75,131.85,120.55,121.65,121.85,129.85,1296935,160517356.25,11-MAR-2024,17486,INE932A01024,
PENINLAND,EQ,55.45,55.5,50.0,50.45,50.7,55.45,1195766,61818372.95,11-MAR-2024,6246,INE138A01028,
PERSISTENT,EQ,8439.95,8439.95,8194.65,8234.55,8218.0,8372.1,328141,2713051627.75,11-MAR-2024,58705,INE262H01013,
PETRONET,EQ,281.3,283.3,275.3,279.7,278.9,281.65,4479337,1250567000.95,11-MAR-2024,45093,INE347G01014,
PFC,EQ,429.75,433.9,424.35,432.55,430.85,429.75,16623737,7156094505.15,11-MAR-2024,119554,INE134E01011,
PFIZER,EQ,4524.95,4549.9,4320.1,4404.45,4434.9,4527.05,84424,379523684.85,11-MAR-2024,3210,INE182A01018,
PFOCUS,EQ,110.55,112.6,104.25,106.2,106.0,110.0,123033,13302673.15,11-MAR-2024,4048,INE367G01038,
PFS,BE,41.65,42.95,39.65,39.7,40.1,41.7,771583,31112336.4,11-MAR-2024,3029,INE560K01014,
PGEL,EQ,1644.55,1644.6,1552.55,1600.15,1600.0,1644.6,118081,187752926.2,11-MAR-2024,15034,INE457L01011,
PGHH,EQ,15734.0,16008.0,15498.5,15990.65,16000.0,15681.75,7197,113917976.65,11-MAR-2024,3374,INE179A01014,
PGHL,EQ,5100.0,5123.55,5078.45,5096.5,5087.6,5099.45,5461,27830242.1,11-MAR-2024,1610,INE199A01012,
PGIL,EQ,654.85,656.3,622.3,635.8,622.3,656.5,13618,8793908.8,11-MAR-2024,654,INE940H01022,
PHARMABEES,EQ,19.9,19.9,19.52,19.57,19.57,19.5,2867334,56368255.03,11-MAR-2024,11342,INF204KC1089,
PHOENIXLTD,EQ,2801.4,2835.8,2736.55,2766.9,2776.0,2781.95,284476,788828387.85,11-MAR-2024,59054,INE211B01039,
PIDILITIND,EQ,2875.0,2927.9,2873.35,2906.4,2900.0,2865.85,596392,1731028568.8,11-MAR-2024,67289,INE318A01026,
PIGL,BE,68.1,70.1,64.7,64.7,64.7,68.1,12160,798125.2,11-MAR-2024,124,INE557Z01018,
PIIND,EQ,3629.95,3769.7,3620.6,3652.1,3650.0,3626.0,502597,1853699762.65,11-MAR-2024,50558,INE603J01030,
PILANIINVS,EQ,3893.9,3893.9,3605.15,3632.05,3610.0,3838.1,16752,61798269.7,11-MAR-2024,4519,INE417C01014,
PILITA,BE,13.2,13.85,12.8,12.9,12.85,13.45,270126,3552686.35,11-MAR-2024,618,INE600A01035,
PIONEEREMB,BE,46.75,46.95,44.7,45.15,45.15,45.8,9050,414129.25,11-MAR-2024,61,INE156C01018,
PITTIENG,EQ,793.9,801.45,735.0,750.85,745.1,790.4,112395,86015883.75,11-MAR-2024,16485,INE450D01021,
PIXTRANS,EQ,1334.95,1385.0,1300.0,1302.6,1301.0,1319.05,32242,42476387.55,11-MAR-2024,4925,INE751B01018,
PKTEA,EQ,387.0,393.85,369.95,383.8,373.05,376.05,1177,454217.0,11-MAR-2024,52,INE431F01018,
PLASTIBLEN,EQ,262.7,264.0,251.05,252.6,252.5,262.7,66064,16792757.2,11-MAR-2024,1782,INE083C01022,
PLATIND,BE,194.35,204.4,194.35,194.4,194.35,204.55,876448,170931826.15,11-MAR-2024,6975,INE0PT501018,
PLAZACABLE,EQ,91.9,92.75,87.65,88.25,88.3,91.85,169911,15137778.35,11-MAR-2024,3537,INE0INJ01017,
PNB,EQ,130.4,132.95,128.1,128.9,128.45,129.85,55291160,7234521051.05,11-MAR-2024,145692,INE160A01022,
PNBGILTS,EQ,114.55,116.1,111.9,112.6,112.15,114.55,1185177,135138794.45,11-MAR-2024,8907,INE859A01011,
PNBHOUSING,EQ,702.05,704.7,674.0,678.05,677.7,702.8,260725,179436127.2,11-MAR-2024,14688,INE572E01012,
PNC,EQ,63.45,63.85,57.0,57.2,57.45,63.45,102942,6071778.35,11-MAR-2024,1353,INE392B01011,
PNCINFRA,EQ,447.0,455.35,430.0,432.8,431.9,437.6,746069,328771181.05,11-MAR-2024,25058,INE195J01029,
POCL,EQ,712.05,716.55,690.0,693.1,693.0,718.8,15851,11081114.7,11-MAR-2024,993,INE063E01046,
PODDARMENT,EQ,364.45,369.1,356.55,357.35,358.2,368.1,4907,1775775.6,11-MAR-2024,547,INE371C01013,
POKARNA,EQ,467.05,472.15,455.0,456.7,459.0,466.25,30752,14176342.1,11-MAR-2024,3772,INE637C01025,
POLICYBZR,EQ,1110.95,1150.0,1076.0,1122.1,1111.0,1101.5,2151038,2385585276.55,11-MAR-2024,127832,INE417T01026,
POLYCAB,EQ,4910.0,4992.0,4885.2,4933.9,4935.0,4891.0,542531,2678372835.05,11-MAR-2024,60966,INE455K01017,
POLYMED,EQ,1577.75,1577.75,1510.05,1518.85,1522.0,1570.4,41623,64062974.0,11-MAR-2024,6940,INE205C01021,
POLYPLEX,EQ,874.9,874.9,846.1,849.9,848.0,869.2,175332,150225921.85,11-MAR-2024,10681,INE633B01018,
PONNIERODE,EQ,407.0,408.8,396.65,400.75,404.9,406.1,30536,12305115.9,11-MAR-2024,1759,INE838E01017,
POONAWALLA,EQ,434.8,458.45,433.5,453.5,452.2,432.7,3714533,1679714537.5,11-MAR-2024,67095,INE511C01022,
POWERGRID,EQ,288.4,291.95,284.4,285.55,284.85,292.65,19020659,5463811380.7,11-MAR-2024,198928,INE752E01010,
POWERINDIA,EQ,6620.0,6800.0,6481.5,6521.6,6504.85,6548.8,65104,433437344.2,11-MAR-2024,19370,INE07Y701011,
POWERMECH,EQ,5001.0,5025.0,4775.0,4849.65,4850.0,4966.25,53251,258860693.75,11-MAR-2024,10675,INE211R01019,
PPAP,EQ,195.95,198.95,184.05,186.2,186.4,195.5,59005,11187239.8,11-MAR-2024,2082,INE095I01015,
PPL,EQ,400.8,409.85,381.8,384.6,382.5,400.8,103936,40342434.05,11-MAR-2024,4465,INE050001010,
PPLPHARMA,EQ,127.0,127.45,124.0,124.6,124.9,126.9,2575262,323863926.15,11-MAR-2024,16420,INE0DK501011,
PRAENG,BE,24.9,24.9,24.05,24.05,24.05,24.55,15891,395059.5,11-MAR-2024,20,INE505C01016,
PRAJIND,EQ,498.5,501.0,484.0,485.05,484.5,498.5,930915,456235463.55,11-MAR-2024,33637,INE074A01025,
PRAKASH,EQ,163.8,166.0,149.0,151.8,151.45,163.8,1770463,272367844.65,11-MAR-2024,39224,INE603A01013,
PRAKASHSTL,BE,8.65,8.65,8.1,8.4,8.55,8.25,997920,8556346.75,11-MAR-2024,3855,INE696K01024,
PRAXIS,BE,19.5,20.5,19.5,19.5,19.5,20.5,96399,1888001.2,11-MAR-2024,63,INE546Y01022,
PRECAM,EQ,211.95,214.15,200.0,201.8,202.0,209.75,155944,32032079.95,11-MAR-2024,10296,INE484I01029,
PRECOT,BE,330.0,330.0,312.9,312.9,312.9,329.35,5027,1587110.8,11-MAR-2024,81,INE283A01014,
PRECWIRE,EQ,133.8,134.25,129.05,129.9,129.1,133.85,305065,39841765.55,11-MAR-2024,6593,INE372C01037,
PREMEXPLN,EQ,1496.8,1496.8,1425.1,1437.35,1447.0,1484.2,39676,57490365.4,11-MAR-2024,4752,INE863B01011,
PREMIER,BE,2.9,2.95,2.9,2.9,2.9,2.95,7076,20584.65,11-MAR-2024,24,INE342A01018,
PREMIERPOL,EQ,202.7,206.0,185.0,187.85,189.5,199.7,56449,10907986.75,11-MAR-2024,3864,INE309M01012,
PRESTIGE,EQ,1181.15,1189.8,1160.35,1179.65,1180.0,1181.15,569650,670666879.1,11-MAR-2024,37243,INE811K01011,
PRICOLLTD,EQ,357.55,358.75,344.5,349.85,349.25,357.55,847176,296491853.9,11-MAR-2024,43596,INE726V01018,
PRIMESECU,EQ,188.0,188.0,180.1,184.55,183.0,185.85,91156,16712525.3,11-MAR-2024,999,INE032B01021,
PRINCEPIPE,EQ,568.5,571.9,557.15,558.85,558.7,568.15,118845,66671230.5,11-MAR-2024,12317,INE689W01016,
PRITI,BE,180.65,184.95,171.8,176.15,176.5,180.65,28542,5073573.4,11-MAR-2024,853,INE974Z01015,
PRITIKAUTO,BE,33.75,33.75,33.75,33.75,33.75,34.4,31694,1069672.5,11-MAR-2024,433,INE583R01029,
PRIVISCL,EQ,1178.9,1178.9,1144.1,1155.3,1155.0,1169.95,14419,16712388.85,11-MAR-2024,2385,INE959A01019,
PROZONER,EQ,34.5,34.85,32.4,32.65,32.7,34.2,676312,22579105.75,11-MAR-2024,3006,INE195N01013,
PRSMJOHNSN,EQ,170.1,171.2,169.5,169.85,170.0,170.2,200506,34104527.5,11-MAR-2024,5834,INE010A01011,
PRUDENT,EQ,1358.05,1372.75,1310.05,1317.35,1327.0,1358.05,21204,28198238.75,11-MAR-2024,5198,INE00F201020,
PRUDMOULI,EQ,26.1,27.1,24.55,24.55,24.55,25.85,15782,393472.75,11-MAR-2024,78,INE024D01016,
PSB,EQ,64.1,65.5,62.75,63.0,63.05,64.5,2595516,166596222.25,11-MAR-2024,8699,INE608A01012,
PSPPROJECT,EQ,674.0,674.0,636.95,644.15,651.0,665.6,228312,148751540.75,11-MAR-2024,21427,INE488V01015,
PSUBANKADD,EQ,74.24,74.3,71.95,72.52,73.75,73.24,17844,1299823.76,11-MAR-2024,346,INF740KA1SY9,
PSUBNKBEES,EQ,81.67,82.2,80.0,80.23,80.54,81.42,2796775,226713548.56,11-MAR-2024,13097,INF204KB16I7,
PSUBNKIETF,EQ,75.19,75.19,72.3,72.51,72.75,73.79,259183,18971173.45,11-MAR-2024,3015,INF109KC10S8,
PTC,EQ,194.2,194.35,189.1,189.8,190.3,194.35,1551278,295881924.8,11-MAR-2024,17432,INE877F01012,
PTCIL,EQ,8179.0,8273.1,8039.75,8169.1,8100.0,8120.4,7937,64715738.7,11-MAR-2024,2335,INE596F01018,
PTL,EQ,43.6,43.95,42.3,42.35,42.55,43.85,86798,3720607.4,11-MAR-2024,1480,INE034D01049,
PUNJABCHEM,EQ,1055.0,1055.0,997.4,1008.0,1003.95,1049.1,15720,15940028.85,11-MAR-2024,4658,INE277B01014,
PURVA,EQ,231.95,233.2,220.0,221.8,221.9,231.65,308905,69242903.1,11-MAR-2024,15860,INE323I01011,
PVP,EQ,36.0,36.55,35.05,35.05,35.05,36.9,417741,14697368.8,11-MAR-2024,1109,INE362A01016,
PVRINOX,EQ,1427.0,1427.3,1374.0,1379.85,1378.35,1415.5,698330,974450172.7,11-MAR-2024,43700,INE191H01014,
PVTBANIETF,EQ,23.85,24.06,23.5,23.56,23.58,23.84,1227848,29019598.74,11-MAR-2024,3444,INF109KC18U7,
PVTBANKADD,EQ,23.86,23.86,23.62,23.69,23.65,23.86,21209,503241.94,11-MAR-2024,364,INF740KA1TA7,
PYRAMID,EQ,164.8,165.55,157.15,157.95,158.0,162.9,95646,15275931.8,11-MAR-2024,4164,INE0MIS01010,
QGOLDHALF,EQ,55.26,55.93,55.17,55.6,55.65,55.05,212389,11830629.77,11-MAR-2024,2022,INF082J01408,
QNIFTY,EQ,2408.0,2410.0,2392.0,2394.8,2395.0,2408.0,2205,5281185.05,11-MAR-2024,40,INF082J01028,
QUAL30IETF,EQ,195.01,195.01,190.35,190.35,190.35,191.19,9415,1795717.2,11-MAR-2024,49,INF109KC15T5,
QUESS,EQ,509.0,509.6,485.25,488.3,487.1,505.35,162563,80324773.0,11-MAR-2024,11349,INE615P01015,
QUICKHEAL,EQ,550.0,553.75,530.1,539.95,539.1,552.45,214278,115630387.25,11-MAR-2024,26351,INE306L01010,
QUINTEGRA,BE,1.8,1.85,1.75,1.85,1.85,1.8,36499,64486.55,11-MAR-2024,68,INE033B01011,
RACE,EQ,372.5,375.2,360.05,373.2,372.55,370.6,13313,4911156.05,11-MAR-2024,1934,INE084Q01012,
RADAAN,BE,2.2,2.2,2.2,2.2,2.2,2.3,246,541.2,11-MAR-2024,6,INE874F01027,
RADHIKAJWE,EQ,67.4,69.3,61.5,63.05,63.5,67.0,1502480,98201492.5,11-MAR-2024,12134,INE583V01021,
RADIANTCMS,EQ,85.4,85.65,84.0,84.1,84.05,85.25,214336,18060732.3,11-MAR-2024,2555,INE855R01021,
RADICO,EQ,1573.0,1581.35,1543.0,1557.2,1548.0,1564.05,130913,204190978.15,11-MAR-2024,25856,INE944F01028,
RADIOCITY,EQ,19.95,19.95,18.6,18.8,18.65,19.9,1512486,28826507.4,11-MAR-2024,3734,INE919I01024,
RAILTEL,EQ,422.65,433.95,406.7,411.25,407.75,421.35,3789355,1589303214.05,11-MAR-2024,51796,INE0DD101019,
RAIN,EQ,177.4,177.8,166.05,167.7,167.85,176.4,3427335,586260782.85,11-MAR-2024,34649,INE855B01025,
RAINBOW,EQ,1134.95,1153.95,1127.7,1133.6,1128.6,1129.05,171123,194604289.8,11-MAR-2024,21299,INE961O01016,
RAJESHEXPO,EQ,318.0,319.8,310.0,311.25,311.0,317.7,630649,197846757.3,11-MAR-2024,22645,INE343B01030,
RAJMET,BE,12.25,12.35,11.8,11.95,12.0,12.1,1313096,15819152.8,11-MAR-2024,5999,INE00KV01022,
RAJRATAN,EQ,600.1,635.0,600.1,627.3,623.0,600.0,129466,80204106.1,11-MAR-2024,15771,INE451D01029,
RAJRILTD,BE,27.75,27.75,27.75,27.75,27.75,28.3,6290,174547.5,11-MAR-2024,91,INE533D01032,
RAJSREESUG,EQ,69.35,70.5,65.15,65.7,65.15,69.2,161097,10696726.45,11-MAR-2024,1418,INE562B01019,
RAJTV,BE,58.4,60.0,56.6,56.6,56.6,59.55,2335,134011.7,11-MAR-2024,54,INE952H01027,
RALLIS,EQ,287.0,287.0,271.05,273.2,272.6,287.8,6869995,1903927764.55,11-MAR-2024,73256,INE613A01020,
RAMANEWS,EQ,18.95,18.95,17.9,18.2,18.15,18.75,166822,3066143.55,11-MAR-2024,1041,INE278B01020,
RAMAPHO,EQ,190.6,190.6,182.1,183.3,186.0,190.6,12441,2296643.05,11-MAR-2024,618,INE809A01024,
RAMASTEEL,EQ,42.4,42.9,40.65,40.9,40.85,41.7,4653334,193166121.6,11-MAR-2024,13128,INE230R01035,
RAMCOCEM,EQ,812.05,818.7,801.35,810.55,812.0,810.8,936556,756521261.3,11-MAR-2024,31167,INE331A01037,
RAMCOIND,EQ,217.75,220.65,209.0,211.15,211.6,217.7,127209,27392590.85,11-MAR-2024,5156,INE614A01028,
RAMCOSYS,EQ,312.5,314.5,301.0,302.4,301.2,315.3,54220,16653757.45,11-MAR-2024,4425,INE246B01019,
RAMKY,EQ,549.75,549.75,482.05,498.7,502.8,546.25,620637,313940894.35,11-MAR-2024,42035,INE874I01013,
RAMRAT,EQ,284.85,287.7,275.9,276.5,275.95,281.3,15433,4330504.0,11-MAR-2024,1212,INE207E01023,
RANASUG,EQ,23.4,23.4,22.4,22.5,22.6,22.95,688253,15611794.35,11-MAR-2024,2706,INE625B01014,
RANEENGINE,EQ,350.3,351.9,343.0,345.85,343.0,352.05,2829,980915.2,11-MAR-2024,223,INE222J01013,
RANEHOLDIN,EQ,1130.15,1154.2,1111.1,1140.15,1142.0,1130.15,11780,13372835.95,11-MAR-2024,1794,INE384A01010,
RATEGAIN,EQ,794.9,822.0,781.35,799.2,791.0,788.0,610999,490044735.6,11-MAR-2024,36778,INE0CLI01024,
RATNAMANI,EQ,2870.85,2915.0,2687.75,2700.25,2718.0,2845.2,104369,286052103.8,11-MAR-2024,16550,INE703B01027,
RATNAVEER,EQ,128.6,129.4,121.05,123.0,123.35,127.9,726388,90825803.05,11-MAR-2024,13487,INE05CZ01011,
RAYMOND,EQ,1761.1,1768.95,1681.05,1696.0,1697.0,1761.1,218441,373469010.15,11-MAR-2024,19182,INE301A01014,
RBA,EQ,104.4,104.95,103.0,103.7,104.75,103.9,1125024,116717632.4,11-MAR-2024,8338,INE07T201019,
RBL,EQ,746.0,748.0,713.5,720.9,718.0,746.35,17182,12591420.65,11-MAR-2024,2497,INE244J01017,
RBLBANK,EQ,256.95,256.95,247.3,248.55,247.65,255.9,7010505,1766991928.65,11-MAR-2024,32482,INE976G01028,
RBZJEWEL,EQ,161.0,161.0,155.2,155.85,156.1,161.9,90591,14263793.95,11-MAR-2024,2092,INE0PEQ01016,
RCF,EQ,140.45,140.9,136.15,137.3,136.9,140.65,2226374,307364905.8,11-MAR-2024,17592,INE027A01015,
RCOM,BE,1.8,1.8,1.8,1.8,1.8,1.9,1050814,1891465.2,11-MAR-2024,1359,INE330H01018,
RECLTD,EQ,474.45,487.4,470.25,484.15,482.85,472.9,15406212,7405212078.65,11-MAR-2024,183066,INE020B01018,
REDINGTON,EQ,205.95,207.25,195.0,197.55,197.9,205.45,1775098,354047870.75,11-MAR-2024,51979,INE891D01026,
REDTAPE,EQ,597.85,598.0,577.8,593.75,593.5,597.85,218767,128018159.95,11-MAR-2024,6875,INE0LXT01019,
REFEX,EQ,676.0,682.0,652.0,656.5,657.0,659.55,89663,59875382.6,11-MAR-2024,4893,INE056I01017,
REGENCERAM,BE,25.65,26.65,25.6,25.6,25.6,26.95,2415,62917.2,11-MAR-2024,19,INE277C01012,
RELAXO,EQ,838.4,839.75,826.0,826.85,827.0,838.4,43331,36022635.35,11-MAR-2024,7609,INE131B01039,
RELCHEMQ,BE,211.85,211.85,204.05,207.35,206.0,213.65,1459,303850.6,11-MAR-2024,81,INE750D01016,
RELIANCE,EQ,2978.0,2978.0,2927.0,2933.2,2928.0,2957.85,5638565,16634894693.1,11-MAR-2024,255615,INE002A01018,
RELIGARE,EQ,223.15,223.95,217.0,217.95,218.0,223.15,889314,194898578.55,11-MAR-2024,11571,INE621H01010,
RELINFRA,EQ,222.65,231.55,221.0,223.65,223.65,221.2,2615747,591744941.2,11-MAR-2024,34212,INE036A01016,
REMSONSIND,BE,990.0,990.0,939.85,948.95,950.0,989.3,3931,3750051.9,11-MAR-2024,209,INE474C01015,
RENUKA,EQ,45.4,45.5,43.8,44.0,44.1,45.3,6300064,280298945.05,11-MAR-2024,20133,INE087H01022,
REPCOHOME,EQ,417.0,426.65,417.0,421.95,425.45,415.7,143461,60622579.65,11-MAR-2024,9752,INE612J01015,
REPL,EQ,204.0,204.0,190.65,192.95,194.1,201.6,30974,6043180.45,11-MAR-2024,1030,INE364Z01019,
REPRO,EQ,809.9,812.5,758.0,762.7,767.1,809.9,22213,17283331.8,11-MAR-2024,2984,INE461B01014,
RESPONIND,EQ,289.5,293.05,281.65,285.6,285.5,287.95,198655,57055315.3,11-MAR-2024,5978,INE688D01026,
RGL,EQ,125.65,125.65,115.2,117.1,119.0,123.9,126425,15087075.55,11-MAR-2024,4391,INE722H01024,
RHFL,BE,3.65,3.65,3.65,3.65,3.65,3.5,1382841,5047369.65,11-MAR-2024,1945,INE217K01011,
RHIM,EQ,562.85,566.85,539.95,542.7,540.0,557.3,238569,131856470.0,11-MAR-2024,16708,INE743M01012,
RHL,BE,224.8,224.8,224.8,224.8,224.8,220.4,17223,3871730.4,11-MAR-2024,31,INE508K01013,
RICOAUTO,EQ,143.05,146.2,130.85,133.5,134.4,138.75,8772618,1221104265.25,11-MAR-2024,66246,INE209B01025,
RIIL,EQ,1383.3,1385.0,1335.0,1344.1,1342.0,1380.05,221917,301161490.55,11-MAR-2024,13961,INE046A01015,
RISHABH,EQ,467.9,472.7,455.1,458.15,458.85,467.2,165113,76004686.0,11-MAR-2024,11714,INE0N2P01017,
RITCO,EQ,244.0,244.0,228.35,230.65,232.55,242.7,54223,12674156.9,11-MAR-2024,2406,INE01EG01016,
RITES,EQ,738.95,744.75,713.2,718.2,720.95,737.6,919118,669940190.35,11-MAR-2024,31384,INE320J01015,
RKDL,BE,21.45,21.5,21.4,21.4,21.4,21.8,10483,224719.3,11-MAR-2024,81,INE722J01012,
RKEC,EQ,94.65,95.75,85.25,87.55,90.0,93.45,267179,23753362.8,11-MAR-2024,1556,INE786W01010,
RKFORGE,EQ,724.45,734.2,711.1,729.75,726.0,724.1,405522,292114503.15,11-MAR-2024,20235,INE399G01023,
RML,EQ,718.65,721.45,691.0,698.65,691.1,715.8,11766,8350742.55,11-MAR-2024,1275,INE050H01012,
ROHLTD,EQ,400.0,400.85,375.05,378.8,379.0,393.05,65578,25403067.05,11-MAR-2024,6528,INE283H01019,
ROLEXRINGS,EQ,1988.75,1998.65,1900.0,1911.9,1911.0,1980.85,21577,41841377.8,11-MAR-2024,4670,INE645S01016,
ROLLT,BE,1.45,1.45,1.35,1.35,1.4,1.4,283591,403604.6,11-MAR-2024,313,INE927A01040,
ROML,EQ,47.0,47.0,44.9,45.05,46.0,46.0,5774,261730.6,11-MAR-2024,139,INE294G01026,
ROSSARI,EQ,740.55,740.55,715.3,722.75,720.0,736.75,47672,34537805.9,11-MAR-2024,5745,INE02A801020,
ROSSELLIND,EQ,405.55,408.0,393.0,394.2,393.05,405.5,28249,11260319.45,11-MAR-2024,3373,INE847C01020,
ROTO,EQ,374.95,376.0,350.0,351.95,354.85,370.55,244800,87476443.05,11-MAR-2024,12804,INE535D01029,
ROUTE,EQ,1593.5,1593.5,1577.0,1578.25,1579.0,1585.25,165337,260992626.65,11-MAR-2024,4434,INE450U01017,
RPGLIFE,EQ,1480.05,1493.9,1450.0,1452.9,1451.55,1496.8,12894,18894905.55,11-MAR-2024,2765,INE105J01010,
RPOWER,BE,23.0,23.4,22.5,22.55,22.65,22.55,10174521,232438105.5,11-MAR-2024,36064,INE614G01033,
RPPINFRA,BE,109.0,112.95,108.05,112.85,112.95,107.6,105498,11641882.75,11-MAR-2024,634,INE324L01013,
RPPL,BE,100.65,100.65,98.9,98.9,98.9,104.1,352115,34838885.65,11-MAR-2024,1047,INE760W01015,
RPSGVENT,EQ,701.85,709.75,674.2,682.6,681.3,699.8,123585,85225661.85,11-MAR-2024,9063,INE425Y01011,
RPTECH,EQ,334.0,334.75,320.1,322.2,321.7,334.7,268774,88591576.2,11-MAR-2024,12587,INE0J1F01024,
RRKABEL,EQ,1420.0,1427.25,1375.0,1398.3,1404.0,1423.5,116685,162672815.8,11-MAR-2024,11773,INE777K01022,
RSSOFTWARE,BE,192.15,192.15,192.15,192.15,192.15,188.4,78549,15093190.35,11-MAR-2024,216,INE165B01029,
RSWM,EQ,191.7,192.45,179.4,182.5,182.5,191.1,112733,20849671.75,11-MAR-2024,5462,INE611A01016,
RSYSTEMS,EQ,465.8,466.6,450.0,453.95,452.0,466.85,99290,45457452.45,11-MAR-2024,10538,INE411H01032,
RTNINDIA,EQ,78.75,78.75,75.0,75.45,75.3,78.45,2966158,227536778.55,11-MAR-2024,17433,INE834M01019,
RTNPOWER,BE,9.6,9.6,9.15,9.25,9.3,9.4,10102819,93944371.75,11-MAR-2024,23838,INE399K01017,
RUBYMILLS,EQ,212.0,212.75,202.05,204.2,205.0,212.0,24103,4939700.4,11-MAR-2024,799,INE301D01026,
RUCHINFRA,BE,12.15,12.65,11.55,11.6,12.1,12.15,206734,2436672.15,11-MAR-2024,579,INE413B01023,
RUCHIRA,EQ,135.9,135.9,129.0,129.65,129.0,133.3,64061,8389250.65,11-MAR-2024,1489,INE803H01014,
RUPA,EQ,267.3,267.9,260.0,260.5,260.35,267.15,146711,38545983.25,11-MAR-2024,5201,INE895B01021,
RUSHIL,EQ,334.0,340.0,310.35,313.85,311.4,333.95,142976,46066739.7,11-MAR-2024,9056,INE573K01017,
RUSTOMJEE,EQ,674.0,690.0,651.1,671.15,665.5,668.1,39109,26065922.2,11-MAR-2024,4830,INE263M01029,
RVHL,BE,50.25,50.25,46.55,46.7,46.55,48.05,8455,404272.75,11-MAR-2024,50,INE09E501017,
RVNL,EQ,252.3,258.0,244.05,245.45,245.1,237.95,25948260,6479935642.1,11-MAR-2024,207896,INE415G01027,
S&SPOWER,BE,302.75,302.75,295.0,295.0,295.0,296.85,7431,2219076.25,11-MAR-2024,50,INE902B01017,
SABEVENTS,BE,7.15,7.15,6.85,6.85,6.85,7.2,2228,15391.85,11-MAR-2024,23,INE860T01019,
SADBHAV,EQ,28.0,28.1,26.75,26.75,26.75,28.15,5344299,143655502.75,11-MAR-2024,2675,INE226H01026,
SADBHIN,BE,7.8,7.8,7.8,7.8,7.8,7.95,8479,66136.2,11-MAR-2024,55,INE764L01010,
SADHNANIQ,EQ,74.0,74.0,70.9,71.15,71.65,73.6,377308,27146940.95,11-MAR-2024,3195,INE888C01040,
SAFARI,EQ,1940.0,1966.45,1845.0,1851.8,1848.05,1945.0,66550,124998671.65,11-MAR-2024,12337,INE429E01023,
SAGARDEEP,BE,27.9,29.5,27.55,27.8,28.65,28.9,6902,194293.95,11-MAR-2024,118,INE976T01013,
SAGCEM,EQ,236.0,236.0,224.8,226.15,227.55,235.05,156311,35998801.15,11-MAR-2024,7379,INE229C01021,
SAH,EQ,111.4,113.0,105.45,106.45,107.9,111.4,62480,6872842.55,11-MAR-2024,380,INE035801013,
SAHYADRI,EQ,381.2,389.95,376.25,382.75,389.95,385.95,5456,2079709.15,11-MAR-2024,551,INE280H01015,
SAIL,EQ,139.75,140.6,133.5,134.3,134.1,138.95,36011903,4922147275.45,11-MAR-2024,135840,INE114A01011,
SAKAR,EQ,404.3,408.0,381.0,383.75,385.0,402.25,29586,11707993.7,11-MAR-2024,3631,INE732S01012,
SAKHTISUG,EQ,34.55,34.85,33.1,33.45,33.4,34.55,450231,15180022.25,11-MAR-2024,2594,INE623A01011,
SAKSOFT,EQ,245.0,247.8,238.15,238.8,238.85,238.9,175766,42479589.85,11-MAR-2024,4445,INE667G01023,
SAKUMA,EQ,26.05,26.25,25.1,25.25,25.25,26.25,611326,15536521.05,11-MAR-2024,1600,INE190H01024,
SALASAR,EQ,22.0,22.3,21.75,21.75,21.75,22.9,9200823,200660316.7,11-MAR-2024,21538,INE170V01027,
SALONA,EQ,319.95,323.35,308.1,311.55,314.0,313.55,377,118180.45,11-MAR-2024,108,INE498E01010,
SALSTEEL,BE,19.8,19.8,19.8,19.8,19.8,20.2,23003,455459.4,11-MAR-2024,161,INE658G01014,
SALZERELEC,EQ,729.0,735.0,671.2,677.9,679.0,701.45,130621,91492729.5,11-MAR-2024,8324,INE457F01013,
SAMBHAAV,BE,5.65,5.7,5.25,5.3,5.3,5.45,173314,952820.2,11-MAR-2024,271,INE699B01027,
SAMHI,EQ,215.0,218.8,206.05,207.95,208.6,214.0,1089453,229125044.25,11-MAR-2024,28164,INE08U801020,
SAMPANN,BE,22.65,22.65,20.65,21.25,21.95,21.6,27618,602994.4,11-MAR-2024,169,INE735M01018,
SANDESH,EQ,1239.0,1252.05,1211.5,1219.9,1238.5,1238.8,4168,5129963.15,11-MAR-2024,774,INE583B01015,
SANDHAR,EQ,513.25,528.2,485.9,489.3,491.5,510.7,130723,64963572.95,11-MAR-2024,11180,INE278H01035,
SANDUMA,EQ,397.95,401.4,381.5,383.35,382.0,397.95,102774,39897968.3,11-MAR-2024,4286,INE149K01016,
SANGAMIND,EQ,465.5,468.75,429.9,432.85,434.0,467.45,46449,20531890.1,11-MAR-2024,5063,INE495C01010,
SANGHIIND,EQ,104.4,105.65,100.0,100.5,100.9,104.4,391171,40239326.15,11-MAR-2024,2600,INE999B01013,
SANGHVIMOV,EQ,1096.95,1114.3,1022.0,1033.1,1044.0,1087.2,123373,130364281.35,11-MAR-2024,9117,INE989A01024,
SANGINITA,BE,23.95,23.95,23.95,23.95,23.95,24.4,18430,441398.5,11-MAR-2024,64,INE753W01010,
SANOFI,EQ,8450.0,8468.8,8242.3,8345.85,8356.9,8468.95,17235,143558657.45,11-MAR-2024,5251,INE058A01010,
SANSERA,EQ,972.95,990.0,952.0,959.7,956.0,972.95,85684,83349566.05,11-MAR-2024,9493,INE953O01021,
SAPPHIRE,EQ,1523.35,1525.0,1460.0,1488.55,1465.1,1500.9,86683,129785784.6,11-MAR-2024,12528,INE806T01012,
SARDAEN,EQ,209.4,211.75,199.0,200.6,199.85,208.7,464074,94674159.8,11-MAR-2024,16141,INE385C01021,
SAREGAMA,EQ,388.45,388.95,370.0,372.25,372.8,388.45,306592,115669762.45,11-MAR-2024,16998,INE979A01025,
SARLAPOLY,EQ,61.3,61.5,54.2,58.1,58.15,60.85,599166,34415003.4,11-MAR-2024,4791,INE453D01025,
SARVESHWAR,BE,13.45,13.45,12.6,12.6,12.6,13.25,2867673,36802893.7,11-MAR-2024,5816,INE324X01026,
SASKEN,EQ,1634.85,1635.1,1565.0,1577.3,1573.4,1634.85,20898,33443097.9,11-MAR-2024,4280,INE231F01020,
SASTASUNDR,EQ,336.8,339.6,322.8,325.95,324.9,334.95,38771,12730321.8,11-MAR-2024,4600,INE019J01013,
SATIA,EQ,120.95,121.35,115.05,116.1,116.2,120.3,265064,31223419.6,11-MAR-2024,4595,INE170E01023,
SATIN,EQ,221.05,223.3,202.05,204.0,203.0,217.6,970759,202376379.6,11-MAR-2024,33896,INE836B01017,
SATINDLTD,EQ,99.2,99.2,91.25,93.05,92.2,98.35,706728,66958890.05,11-MAR-2024,6131,INE065D01027,
SAURASHCEM,EQ,113.35,115.0,106.5,107.35,107.5,113.75,105954,11616753.0,11-MAR-2024,2323,INE626A01014,
SBC,EQ,21.95,22.4,21.1,21.15,21.3,21.7,819199,17573068.2,11-MAR-2024,4538,INE04AK01028,
SBCL,EQ,558.3,564.8,530.0,533.45,532.0,550.25,62849,34018279.6,11-MAR-2024,8970,INE386D01027,
SBFC,EQ,83.0,83.9,82.0,82.55,82.6,82.2,4075400,338086291.25,11-MAR-2024,15633,INE423Y01016,
SBGLP,EQ,837.9,838.5,810.0,818.9,810.0,840.1,47987,39648492.3,11-MAR-2024,4365,INE05ST01010,
SBICARD,EQ,709.8,709.8,700.2,704.8,705.0,707.5,1329626,936208282.15,11-MAR-2024,63689,INE018E01016,
SBIETFCON,EQ,101.66,102.62,99.13,101.51,101.67,101.66,47106,4821918.76,11-MAR-2024,232,INF200KA1X17,
SBIETFIT,EQ,393.94,393.94,389.53,391.89,392.8,393.13,9629,3770514.74,11-MAR-2024,429,INF200KA1S14,
SBIETFPB,EQ,241.15,244.97,238.0,238.34,241.2,241.03,61623,14735899.26,11-MAR-2024,753,INF200KA1S22,
SBIETFQLTY,EQ,200.46,202.14,200.46,201.07,200.95,200.46,1556,313618.0,11-MAR-2024,121,INF200KA1WX6,
SBILIFE,EQ,1526.95,1539.8,1513.6,1532.1,1534.0,1510.4,1824218,2784956221.55,11-MAR-2024,88503,INE123W01016,
SBIN,EQ,790.0,792.8,770.55,773.7,773.95,788.05,16778340,13063454668.35,11-MAR-2024,387291,INE062A01020,
SCHAEFFLER,EQ,2877.0,2897.0,2844.5,2872.3,2862.5,2853.8,23642,67864070.95,11-MAR-2024,7043,INE513A01022,
SCHAND,EQ,261.75,263.7,248.2,249.8,250.0,259.95,89891,22608036.7,11-MAR-2024,12979,INE807K01035,
SCHNEIDER,BE,719.0,730.0,672.0,678.2,679.65,705.95,122834,84777377.3,11-MAR-2024,3384,INE839M01018,
SCI,EQ,226.5,226.5,217.0,217.9,217.65,226.5,1562364,344891976.5,11-MAR-2024,22269,INE109A01011,
SCPL,EQ,406.85,406.85,385.2,388.25,386.05,396.0,16935,6613659.2,11-MAR-2024,1836,INE501Y01019,
SDBL,EQ,262.95,264.6,248.1,250.8,252.35,261.9,276586,70414875.6,11-MAR-2024,12680,INE480C01020,
SDL24BEES,EQ,119.65,119.77,119.59,119.77,119.77,119.65,3479,416604.17,11-MAR-2024,37,INF204KB18W4,
SDL26BEES,EQ,119.38,119.51,119.3,119.37,119.3,119.38,298,35561.52,11-MAR-2024,27,INF204KC1022,
SEAMECLTD,BE,1145.0,1170.0,1090.55,1123.65,1120.0,1129.05,33081,37111482.05,11-MAR-2024,292,INE497B01018,
SECMARK,BE,95.7,95.7,95.7,95.7,95.7,95.7,2112,202118.4,11-MAR-2024,11,INE0BTM01013,
SECURCRED,EQ,19.4,19.4,18.05,18.45,18.45,18.9,63661,1181003.4,11-MAR-2024,754,INE195Y01010,
SECURKLOUD,BE,52.0,54.7,49.5,49.75,49.8,52.1,10219,524844.9,11-MAR-2024,151,INE650K01021,
SEJALLTD,BE,388.95,389.0,353.25,367.25,367.25,371.35,4716,1755970.45,11-MAR-2024,89,INE955I01044,
SELAN,EQ,503.9,507.7,482.0,483.2,483.0,504.05,88802,43577940.65,11-MAR-2024,5899,INE818A01017,
SELMC,EQ,79.5,81.85,79.45,79.75,79.5,81.05,6892,550385.75,11-MAR-2024,278,INE105I01020,
SEMAC,EQ,2850.0,2850.0,2668.0,2674.55,2670.0,2714.35,880,2371279.1,11-MAR-2024,258,INE617A01013,
SENCO,EQ,814.0,814.0,789.95,796.5,790.0,804.8,138009,110314497.1,11-MAR-2024,13815,INE602W01019,
SENSEXADD,EQ,75.64,75.64,73.86,73.96,73.87,74.16,1170,87011.62,11-MAR-2024,60,INF740KA1SZ6,
SENSEXETF,EQ,73.97,74.4,73.55,74.03,74.2,73.74,2246,166371.65,11-MAR-2024,139,INF769K01KT9,
SENSEXIETF,EQ,826.54,829.14,821.82,823.11,826.0,826.87,13129,10847738.4,11-MAR-2024,216,INF346A01034,
SEPC,EQ,19.85,19.95,18.85,18.85,18.85,19.85,6229874,118303240.4,11-MAR-2024,6752,INE964H01014,
SEQUENT,EQ,126.0,129.1,121.3,124.25,124.25,124.55,1918675,240325696.7,11-MAR-2024,21355,INE807F01027,
SERVOTECH,BE,82.2,86.05,82.1,82.2,82.1,86.4,1529707,127026998.4,11-MAR-2024,15338,INE782X01033,
SESHAPAPER,EQ,334.2,334.25,328.4,330.4,330.55,334.25,38509,12747970.45,11-MAR-2024,1901,INE630A01024,
SETCO,BE,7.95,8.15,7.55,7.6,7.8,7.95,90761,705031.1,11-MAR-2024,232,INE878E01021,
SETF10GILT,EQ,227.51,228.0,227.3,227.56,227.52,227.67,7039,1601866.45,11-MAR-2024,61,INF200KA1JT1,
SETFGOLD,EQ,57.8,57.8,57.13,57.59,57.6,57.0,640017,36815069.15,11-MAR-2024,3675,INF200KA16D8,
SETFNIF50,EQ,236.2,242.0,233.18,233.33,233.35,234.97,1598111,374043098.39,11-MAR-2024,5308,INF200KA1FS1,
SETFNIFBK,EQ,480.01,483.99,477.86,478.62,477.96,482.79,140877,67846511.02,11-MAR-2024,1040,INF200KA1580,
SETFNN50,EQ,639.49,642.25,632.89,634.46,633.02,635.96,15296,9755997.75,11-MAR-2024,1076,INF200KA1598,
SEYAIND,BE,24.0,25.6,23.4,23.4,23.4,24.6,22183,524074.85,11-MAR-2024,69,INE573R01012,
SFL,EQ,1017.0,1026.35,999.0,1003.15,1005.0,1015.85,38832,39091660.2,11-MAR-2024,4100,INE916U01025,
SGIL,EQ,328.7,356.8,327.1,329.3,327.9,322.15,42931,14663868.1,11-MAR-2024,3197,INE00QT01015,
SGL,EQ,17.6,18.4,16.1,16.35,16.1,17.3,50298,848110.9,11-MAR-2024,570,INE353H01010,
SHAH,BE,3.7,3.75,3.45,3.5,3.5,3.6,502978,1837203.85,11-MAR-2024,1474,INE482J01021,
SHAHALLOYS,BE,68.0,68.0,62.6,63.0,64.0,65.9,6979,443491.0,11-MAR-2024,69,INE640C01011,
SHAILY,EQ,540.0,540.0,486.35,497.6,486.5,518.75,62834,32037747.5,11-MAR-2024,3108,INE151G01028,
SHAKTIPUMP,BE,1277.9,1310.0,1232.0,1273.15,1250.5,1274.2,43624,55258375.6,11-MAR-2024,1860,INE908D01010,
SHALBY,EQ,249.95,253.65,237.15,238.95,240.0,248.55,273792,66611875.05,11-MAR-2024,13012,INE597J01018,
SHALPAINTS,EQ,180.55,184.85,176.0,178.25,178.1,180.4,199821,36016021.4,11-MAR-2024,6238,INE849C01026,
SHANKARA,EQ,706.15,712.55,682.5,687.05,682.55,711.4,128113,88649090.9,11-MAR-2024,14729,INE274V01019,
SHANTI,BE,17.05,17.7,16.2,17.0,17.25,17.05,59898,997050.95,11-MAR-2024,358,INE933X01016,
SHANTIGEAR,EQ,515.1,519.1,513.2,514.8,515.25,516.5,30417,15659317.15,11-MAR-2024,2618,INE631A01022,
SHARDACROP,EQ,354.5,355.0,345.0,345.35,347.5,353.95,117509,40888622.4,11-MAR-2024,7320,INE221J01015,
SHARDAMOTR,EQ,1346.0,1346.0,1283.45,1293.1,1288.0,1327.0,42065,54835837.3,11-MAR-2024,6551,INE597I01028,
SHAREINDIA,EQ,1775.0,1820.15,1719.85,1806.3,1806.85,1749.0,170882,303821018.15,11-MAR-2024,14729,INE932X01018,
SHARIABEES,EQ,515.97,515.97,501.0,510.18,508.67,510.18,1166,595770.08,11-MAR-2024,169,INF732E01128,
SHEMAROO,EQ,153.1,153.8,144.1,146.05,148.75,153.0,82537,12263822.05,11-MAR-2024,2175,INE363M01019,
SHILPAMED,EQ,422.95,423.0,406.05,410.15,412.05,421.85,231281,95670891.2,11-MAR-2024,13127,INE790G01031,
SHIVALIK,EQ,606.95,613.8,571.0,574.05,576.3,600.95,24462,14442156.9,11-MAR-2024,2565,INE788J01021,
SHIVAMAUTO,EQ,41.4,41.6,39.3,39.5,39.3,41.35,111169,4462413.95,11-MAR-2024,972,INE637H01024,
SHIVAMILLS,EQ,88.2,92.45,88.0,88.35,88.45,90.25,28227,2526280.75,11-MAR-2024,424,INE644Y01017,
SHIVATEX,BE,161.8,161.8,153.85,153.95,153.9,161.95,4960,765835.05,11-MAR-2024,90,INE705C01020,
SHK,EQ,209.4,210.6,194.6,197.85,197.8,209.2,552899,111346229.25,11-MAR-2024,14756,INE500L01026,
SHOPERSTOP,EQ,756.0,788.5,756.0,770.0,774.0,752.25,281548,218895012.8,11-MAR-2024,24975,INE498B01024,
SHRADHA,EQ,72.5,75.0,65.0,67.25,67.0,73.95,70108,4892925.55,11-MAR-2024,457,INE715Y01023,
SHREDIGCEM,EQ,105.0,111.4,104.5,105.0,105.5,102.0,1705688,182366996.75,11-MAR-2024,23670,INE232A01011,
SHREECEM,EQ,24601.05,25358.9,24601.05,25312.25,25156.95,24705.9,53262,1341222289.25,11-MAR-2024,24537,INE070A01015,
SHREEPUSHK,EQ,178.3,179.4,170.1,171.5,172.95,180.4,65441,11353647.5,11-MAR-2024,2901,INE712K01011,
SHREERAMA,BE,26.3,26.7,24.7,25.0,25.0,25.75,73370,1854798.3,11-MAR-2024,240,INE879A01019,
SHRENIK,BE,1.0,1.05,1.0,1.0,1.05,1.0,1631397,1651350.05,11-MAR-2024,819,INE632X01030,
SHREYANIND,EQ,222.55,229.8,213.25,216.35,214.5,225.9,91314,20141295.65,11-MAR-2024,2681,INE231C01019,
SHREYAS,EQ,264.2,264.2,258.45,260.4,262.0,264.65,19501,5102711.55,11-MAR-2024,776,INE757B01015,
SHRIPISTON,EQ,1666.85,1677.95,1595.0,1604.8,1608.5,1666.85,147116,238244558.2,11-MAR-2024,15119,INE526E01018,
SHRIRAMFIN,EQ,2446.0,2499.9,2420.65,2480.95,2475.0,2449.55,2275471,5634229975.1,11-MAR-2024,109817,INE721A01013,
SHRIRAMPPS,EQ,118.65,118.65,110.75,111.65,111.5,117.95,3244329,368266601.35,11-MAR-2024,13216,INE217L01019,
SHYAMCENT,BE,21.15,21.15,19.5,20.0,19.9,20.35,179782,3655222.55,11-MAR-2024,686,INE979R01011,
SHYAMMETL,EQ,640.2,642.15,590.25,596.85,596.4,640.2,1452486,886669977.2,11-MAR-2024,36421,INE810G01011,
SHYAMTEL,EQ,12.5,12.5,11.5,11.5,11.5,11.5,656,7699.1,11-MAR-2024,7,INE635A01023,
SICALLOG,BE,223.95,223.95,206.3,209.35,206.3,217.15,26550,5622701.25,11-MAR-2024,231,INE075B01020,
SIEMENS,EQ,4670.0,4972.4,4670.0,4730.85,4734.7,4668.65,1126433,5452374662.25,11-MAR-2024,104607,INE003A01024,
SIGACHI,EQ,62.5,65.0,59.0,59.85,59.8,70.85,8742967,543363600.55,11-MAR-2024,42294,INE0D0K01022,
SIGIND,EQ,69.25,69.25,65.0,65.75,65.25,67.2,32937,2178954.85,11-MAR-2024,680,INE529F01035,
SIGMA,EQ,402.0,402.0,385.0,386.95,385.85,394.8,12708,4973750.85,11-MAR-2024,1813,INE0A0S01010,
SIGNATURE,EQ,1420.0,1420.0,1391.0,1398.05,1393.0,1413.4,469589,658883223.05,11-MAR-2024,7711,INE903U01023,
SIGNPOST,EQ,415.0,447.15,408.45,412.2,415.0,441.7,113530,49082969.8,11-MAR-2024,11608,INE0KGZ01021,
SIKKO,BE,75.75,75.8,73.0,73.25,73.0,76.6,19087,1414832.75,11-MAR-2024,485,INE112X01017,
SIL,EQ,24.05,24.05,22.1,22.6,22.65,23.05,51960,1190826.25,11-MAR-2024,547,INE173A01025,
SILGO,BE,26.0,26.0,25.5,25.5,25.5,26.0,21946,561562.75,11-MAR-2024,45,INE01II01013,
SILGO-RE,BE,0.95,0.95,0.55,0.55,0.55,0.9,482721,283209.4,11-MAR-2024,377,INE01II20013,
SILINV,EQ,551.2,558.0,530.65,532.5,533.95,548.6,14190,7628706.75,11-MAR-2024,1794,INE923A01015,
SILLYMONKS,EQ,16.75,16.75,15.75,15.75,15.75,16.4,21270,337626.9,11-MAR-2024,73,INE203Y01012,
SILVER,EQ,73.9,74.48,73.9,74.36,74.38,73.9,110187,8182220.05,11-MAR-2024,672,INF209KB19F6,
SILVERADD,EQ,70.37,72.15,70.37,72.09,72.14,71.81,23715,1707832.89,11-MAR-2024,474,INF740KA1RE3,
SILVERBEES,EQ,72.33,72.33,71.3,71.77,71.85,71.27,6658298,477401007.35,11-MAR-2024,10909,INF204KC1402,
SILVERETF,EQ,72.76,73.1,71.8,72.83,73.1,72.36,150128,10924459.94,11-MAR-2024,585,INF789F1AYK6,
SILVERIETF,EQ,73.89,74.7,73.87,74.61,74.45,73.87,552691,41156711.07,11-MAR-2024,1585,INF109KC1Y56,
SILVERTUC,EQ,719.55,719.55,646.1,668.8,679.85,710.05,55309,37725772.45,11-MAR-2024,4242,INE625X01018,
SILVRETF,EQ,72.75,73.5,72.4,72.67,72.43,72.41,17352,1263438.98,11-MAR-2024,74,INF769K01KG6,
SIMBHALS,EQ,29.55,29.75,28.05,28.2,28.1,29.4,101552,2923866.1,11-MAR-2024,764,INE748T01016,
SIMPLEXINF,BE,94.25,94.25,94.25,94.25,94.25,96.15,32873,3098280.25,11-MAR-2024,27,INE059B01024,
SINDHUTRAD,EQ,28.3,28.8,22.65,22.65,22.65,28.3,13975137,332664773.45,11-MAR-2024,14839,INE325D01025,
SINTERCOM,EQ,128.1,129.45,128.0,128.9,129.3,127.1,18206,2339762.9,11-MAR-2024,1229,INE129Z01016,
SIRCA,EQ,334.5,336.55,323.0,324.9,325.9,334.5,121127,39593984.05,11-MAR-2024,7835,INE792Z01011,
SIS,EQ,452.6,480.05,450.0,455.35,450.2,452.6,234646,107986632.3,11-MAR-2024,25645,INE285J01028,
SITINET,BE,0.75,0.8,0.7,0.7,0.75,0.75,5556416,4183594.95,11-MAR-2024,1690,INE965H01011,
SIYSIL,EQ,486.0,489.6,465.0,469.55,465.0,485.65,47647,22575168.45,11-MAR-2024,5675,INE076B01028,
SJS,EQ,649.9,649.95,635.3,641.9,640.0,645.7,85318,54784654.65,11-MAR-2024,12104,INE284S01014,
SJVN,EQ,122.85,122.9,119.1,119.9,119.6,122.2,14752739,1783759365.15,11-MAR-2024,74684,INE002L01015,
SKFINDIA,EQ,4364.3,4400.0,4170.0,4177.6,4184.0,4341.45,39842,168687620.15,11-MAR-2024,8095,INE640A01023,
SKIL,BE,7.7,8.25,7.55,7.55,7.55,7.95,177873,1346283.25,11-MAR-2024,86,INE429F01012,
SKIPPER,EQ,310.75,315.0,291.65,293.35,298.65,308.85,608430,181007285.15,11-MAR-2024,23520,INE439E01022,
SKMEGGPROD,EQ,240.0,243.0,232.6,233.1,232.9,244.8,138938,32612884.8,11-MAR-2024,3744,INE411D01015,
SKYGOLD,BE,1086.0,1119.0,1031.7,1039.6,1031.7,1086.0,14639,15681334.3,11-MAR-2024,644,INE01IU01018,
SMALLCAP,EQ,44.72,44.72,43.22,43.29,43.72,44.14,493884,21476375.15,11-MAR-2024,2854,INF769K01LC3,
SMARTLINK,EQ,169.9,171.8,167.4,167.65,167.55,169.85,11589,1955897.65,11-MAR-2024,790,INE178C01020,
SMCGLOBAL,EQ,127.4,128.65,122.1,126.95,125.95,126.05,377870,47145229.85,11-MAR-2024,6570,INE103C01036,
SMLISUZU,EQ,2156.9,2199.7,1953.5,1979.1,2006.0,2140.95,66279,136410340.35,11-MAR-2024,6347,INE294B01019,
SMLT,BE,258.05,258.05,248.25,248.3,248.25,261.3,10343,2594856.5,11-MAR-2024,282,INE017W01010,
SMSLIFE,EQ,587.55,597.4,572.0,578.15,575.1,587.6,1549,906313.65,11-MAR-2024,174,INE320X01016,
SMSPHARMA,EQ,179.0,179.4,158.15,160.9,159.4,178.9,775447,128861569.6,11-MAR-2024,23331,INE812G01025,
SNOWMAN,EQ,69.8,69.9,67.0,67.4,67.05,69.55,1456415,99311666.6,11-MAR-2024,8610,INE734N01019,
SOBHA,EQ,1517.0,1526.35,1421.1,1450.25,1448.95,1516.35,196913,290293548.0,11-MAR-2024,26324,INE671H01015,
SOFTTECH,BE,315.0,319.0,306.65,314.25,315.0,321.4,5947,1870502.8,11-MAR-2024,46,INE728Z01015,
SOLARA,EQ,431.9,440.0,416.8,425.35,422.7,429.15,134672,57179131.15,11-MAR-2024,13023,INE624Z01016,
SOLARINDS,EQ,7564.0,8086.0,7550.15,7731.4,7715.0,7513.1,528731,4144582497.05,11-MAR-2024,86347,INE343H01029,
SOMANYCERA,EQ,625.0,625.0,608.85,619.75,617.0,622.55,25394,15608787.4,11-MAR-2024,3234,INE355A01028,
SOMATEX,EQ,33.35,33.35,33.35,33.35,33.35,31.8,24980,833083.0,11-MAR-2024,53,INE314C01013,
SOMICONVEY,BE,114.95,115.15,112.1,115.15,115.15,109.7,52655,6054542.9,11-MAR-2024,207,INE323J01019,
SONACOMS,EQ,690.0,715.2,682.55,701.35,702.0,684.35,2312254,1629011943.9,11-MAR-2024,72551,INE073K01018,
SONAMLTD,EQ,84.5,85.8,80.65,81.2,80.9,82.8,75682,6171679.25,11-MAR-2024,289,INE00LM01011,
SONATSOFTW,EQ,793.0,793.45,765.0,782.85,784.0,789.05,277164,216133719.65,11-MAR-2024,24496,INE269A01021,
SOTL,EQ,424.05,424.85,403.55,405.75,406.0,424.2,110309,45399083.9,11-MAR-2024,8901,INE035D01020,
SOUTH-RE,BE,6.5,6.5,4.85,4.95,5.0,6.5,15369444,82745444.45,11-MAR-2024,32063,INE683A20015,
SOUTHBANK,EQ,30.0,30.1,28.2,28.45,28.4,29.8,32603251,943559581.65,11-MAR-2024,54456,INE683A01023,
SOUTHWEST,EQ,114.85,116.7,108.0,108.0,108.0,113.65,82681,9031226.75,11-MAR-2024,902,INE980Y01015,
SPAL,EQ,595.75,599.9,550.05,563.85,569.8,594.3,50453,28661341.0,11-MAR-2024,7712,INE212I01016,
SPANDANA,EQ,900.4,902.45,864.35,884.25,874.0,896.1,194584,173051873.2,11-MAR-2024,14643,INE572J01011,
SPARC,BE,389.1,402.5,387.0,395.9,396.95,389.9,389738,154819984.9,11-MAR-2024,5414,INE232I01014,
SPCENET,EQ,34.25,34.4,31.5,32.25,32.35,34.35,1890905,61559962.5,11-MAR-2024,3225,INE970N01027,
SPECIALITY,EQ,205.0,206.6,197.05,199.35,199.9,202.6,98035,19591742.55,11-MAR-2024,5094,INE247M01014,
SPENCERS,EQ,107.8,107.85,101.6,102.55,103.0,106.2,540255,56129645.5,11-MAR-2024,5675,INE020801028,
SPIC,EQ,84.2,84.65,79.5,80.15,79.55,84.25,1137809,92662037.35,11-MAR-2024,8862,INE147A01011,
SPLIL,EQ,65.2,65.8,64.0,64.15,64.0,65.2,23670,1523409.4,11-MAR-2024,332,INE978G01016,
SPLPETRO,EQ,672.4,673.95,631.2,660.45,660.45,674.5,194766,127132757.4,11-MAR-2024,19721,INE663A01033,
SPMLINFRA,BE,107.95,107.95,107.95,107.95,107.95,113.6,11042,1191983.9,11-MAR-2024,36,INE937A01023,
SPORTKING,EQ,813.6,825.0,797.3,807.15,811.0,809.55,17935,14451462.55,11-MAR-2024,1724,INE885H01011,
SPTL,BE,1.25,1.25,1.15,1.2,1.25,1.2,2093578,2532230.7,11-MAR-2024,628,INE501W01021,
SPYL,BE,1.9,1.9,1.9,1.9,1.9,1.95,713876,1356364.4,11-MAR-2024,123,INE268L01020,
SREEL,EQ,307.35,310.55,300.6,303.15,301.85,312.4,17156,5260557.6,11-MAR-2024,1275,INE099F01013,
SRF,EQ,2472.0,2491.0,2423.6,2455.5,2444.9,2450.05,436096,1069933442.35,11-MAR-2024,39580,INE647A01010,
SRGHFL,EQ,268.1,287.0,261.4,277.15,287.0,267.3,4801,1305400.05,11-MAR-2024,300,INE559N01010,
SRHHYPOLTD,EQ,530.9,534.95,508.05,515.45,516.5,528.45,18494,9629167.6,11-MAR-2024,2209,INE917H01012,
SRPL,BE,1.3,1.3,1.2,1.2,1.25,1.25,2036592,2534269.1,11-MAR-2024,1475,INE008Z01020,
SSWL,EQ,244.0,244.0,234.6,240.05,240.4,244.0,213420,50909538.05,11-MAR-2024,8622,INE802C01033,
STAR,EQ,827.25,827.25,792.0,796.85,798.0,815.65,255633,204607501.5,11-MAR-2024,9393,INE939A01011,
STARCEMENT,EQ,207.95,208.75,201.1,204.1,203.0,207.3,356482,73154323.8,11-MAR-2024,11792,INE460H01021,
STARHEALTH,EQ,549.3,558.5,548.55,556.5,557.0,549.3,266536,147448685.85,11-MAR-2024,11671,INE575P01011,
STARPAPER,EQ,238.9,247.85,237.8,239.25,239.0,236.9,43852,10573899.5,11-MAR-2024,1787,INE733A01018,
STARTECK,BE,308.8,308.8,308.8,308.8,308.8,315.1,151,46628.8,11-MAR-2024,4,INE992I01013,
STCINDIA,EQ,145.9,153.5,136.95,138.7,138.8,144.9,320561,46331153.4,11-MAR-2024,8753,INE655A01013,
STEELCAS,EQ,640.0,654.75,625.1,631.15,630.0,626.35,9884,6245779.5,11-MAR-2024,1075,INE124E01020,
STEELCITY,EQ,77.55,79.35,76.5,76.95,76.5,78.1,18566,1434863.45,11-MAR-2024,366,INE395H01011,
STEELXIND,EQ,15.15,15.25,14.1,14.2,14.25,15.15,6036017,87187888.45,11-MAR-2024,9102,INE503B01021,
STEL,EQ,333.8,348.95,322.85,325.05,324.55,334.25,14512,4790091.7,11-MAR-2024,1584,INE577L01016,
STERTOOLS,EQ,353.0,354.0,335.0,336.05,337.0,351.55,69433,23694181.25,11-MAR-2024,4729,INE334A01023,
STLTECH,EQ,134.2,134.25,126.0,128.6,128.6,133.2,1276175,166563730.9,11-MAR-2024,11883,INE089C01029,
STOVEKRAFT,EQ,475.8,475.9,457.0,459.05,458.0,473.65,79940,37031829.15,11-MAR-2024,7315,INE00IN01015,
STYLAMIND,EQ,1558.5,1560.0,1514.5,1525.85,1540.0,1539.9,21557,32860392.25,11-MAR-2024,4175,INE239C01020,
STYRENIX,EQ,1360.0,1402.7,1332.75,1372.3,1370.0,1346.0,38935,53136228.6,11-MAR-2024,5648,INE189B01011,
SUBEXLTD,EQ,37.0,37.05,34.95,35.05,35.0,36.65,9040783,322113614.6,11-MAR-2024,12923,INE754A01055,
SUBROS,EQ,562.0,565.3,541.5,545.2,545.7,565.4,79233,43584170.55,11-MAR-2024,9090,INE287B01021,
SUDARSCHEM,EQ,599.95,599.95,556.0,563.35,564.8,584.5,91221,52270092.8,11-MAR-2024,7482,INE659A01023,
SUKHJITS,EQ,467.9,467.9,450.0,450.7,450.1,465.6,17544,7990323.95,11-MAR-2024,1007,INE450E01011,
SULA,EQ,547.95,554.0,517.05,519.75,520.9,546.35,976177,516109072.8,11-MAR-2024,36945,INE142Q01026,
SUMEETINDS,BE,3.45,3.45,3.2,3.35,3.4,3.35,140063,461572.2,11-MAR-2024,171,INE235C01010,
SUMICHEM,EQ,360.15,360.85,351.95,353.3,353.4,360.1,610054,216605625.8,11-MAR-2024,14925,INE258G01013,
SUMIT,EQ,61.0,62.95,58.2,59.3,59.8,60.5,38627,2323670.95,11-MAR-2024,200,INE748Z01013,
SUMMITSEC,EQ,1365.0,1398.0,1288.1,1296.65,1299.0,1359.65,9099,12027793.5,11-MAR-2024,1851,INE519C01017,
SUNCLAY,EQ,1415.0,1415.0,1305.0,1332.4,1345.0,1402.25,9517,13004430.75,11-MAR-2024,1685,INE0Q3R01026,
SUNDARAM,EQ,3.15,3.15,2.9,2.95,3.0,3.05,4442172,13346771.6,11-MAR-2024,2432,INE108E01023,
SUNDARMFIN,EQ,4205.0,4220.3,3922.35,3978.85,3979.0,4152.95,634057,2530384604.5,11-MAR-2024,51005,INE660A01013,
SUNDARMHLD,EQ,218.8,223.3,207.1,208.35,208.0,217.65,113375,24290061.75,11-MAR-2024,5121,INE202Z01029,
SUNDRMBRAK,EQ,676.7,676.7,651.0,654.3,652.1,676.6,959,634356.9,11-MAR-2024,178,INE073D01013,
SUNDRMFAST,EQ,1039.0,1067.3,1005.3,1062.1,1060.0,1037.95,147592,154483482.6,11-MAR-2024,14794,INE387A01021,
SUNFLAG,EQ,202.9,203.85,195.25,196.5,196.45,203.55,252640,49915968.5,11-MAR-2024,8160,INE947A01014,
SUNPHARMA,EQ,1615.15,1627.0,1586.4,1593.6,1592.15,1605.7,2994345,4810458256.4,11-MAR-2024,174790,INE044A01036,
SUNTECK,EQ,459.55,460.15,443.25,447.0,444.1,457.1,146266,66029722.55,11-MAR-2024,12780,INE805D01034,
SUNTV,EQ,622.45,625.5,610.0,615.6,613.0,622.45,361211,222576733.65,11-MAR-2024,18079,INE424H01027,
SUPERHOUSE,EQ,212.25,219.55,207.9,208.6,209.8,216.35,10153,2147856.4,11-MAR-2024,466,INE712B01010,
SUPERSPIN,BE,7.95,7.95,7.95,7.95,7.95,8.1,10999,87442.05,11-MAR-2024,36,INE662A01027,
SUPRAJIT,EQ,435.0,435.0,420.8,424.85,426.0,432.6,210989,89871942.25,11-MAR-2024,16579,INE399C01030,
SUPREMEENG,BE,1.1,1.1,1.1,1.1,1.1,1.15,67460,74206.0,11-MAR-2024,54,INE319Z01021,
SUPREMEIND,EQ,3881.0,4044.85,3881.0,4027.95,4012.0,3894.45,117377,467382384.3,11-MAR-2024,28190,INE195A01028,
SUPRIYA,EQ,354.85,355.9,342.8,345.9,345.05,346.65,327491,114031789.15,11-MAR-2024,13471,INE07RO01027,
SURAJEST,EQ,334.0,334.0,321.25,321.9,321.4,331.85,57170,18621752.8,11-MAR-2024,3349,INE843S01025,
SURANASOL,BE,37.3,37.5,34.75,34.75,34.75,36.55,173554,6183355.5,11-MAR-2024,2324,INE272L01022,
SURANAT&P,BE,16.55,17.0,16.25,16.45,16.5,16.25,105326,1737070.4,11-MAR-2024,1096,INE130B01031,
SURYALAXMI,EQ,72.45,74.4,68.65,69.35,69.0,74.8,41338,2892631.85,11-MAR-2024,559,INE713B01026,
SURYAROSNI,EQ,554.95,555.75,524.0,526.85,530.0,553.05,218802,117038724.2,11-MAR-2024,13846,INE335A01020,
SURYODAY,EQ,169.0,171.9,162.05,162.65,163.1,171.2,619605,102473954.7,11-MAR-2024,13943,INE428Q01011,
SUTLEJTEX,EQ,61.95,62.6,59.2,59.7,59.4,62.0,179019,10858814.4,11-MAR-2024,1765,INE645H01027,
SUULD,BE,8.55,8.55,7.75,8.4,8.4,8.15,372086,3039768.45,11-MAR-2024,539,INE591Q01016,
SUVEN,BE,106.95,106.95,102.0,103.45,103.0,106.2,164028,17033791.15,11-MAR-2024,503,INE495B01038,
SUVENPHAR,EQ,661.8,665.3,645.15,650.7,652.55,661.8,90280,59058268.8,11-MAR-2024,10702,INE03QK01018,
SUVIDHAA,BE,6.1,6.1,5.8,5.95,5.9,5.95,182075,1085988.95,11-MAR-2024,704,INE018401013,
SUZLON,BE,41.5,42.0,39.0,39.35,39.5,40.6,39527748,1599690805.65,11-MAR-2024,188087,INE040H01021,
SVLL,BE,240.0,240.0,230.0,236.0,236.0,237.2,613,145568.2,11-MAR-2024,11,INE00CE01017,
SVPGLOB,EQ,8.15,8.15,7.55,7.65,7.55,7.8,659838,5116703.4,11-MAR-2024,911,INE308E01029,
SWANENERGY,EQ,692.0,697.75,664.6,669.85,667.25,686.85,3019947,2056341168.25,11-MAR-2024,48847,INE665A01038,
SWARAJENG,EQ,2360.0,2368.9,2320.1,2346.7,2331.1,2357.1,13414,31339369.95,11-MAR-2024,3685,INE277A01016,
SWELECTES,EQ,1135.0,1135.0,999.65,1005.95,999.65,1110.7,100955,105329627.0,11-MAR-2024,7866,INE409B01013,
SWSOLAR,EQ,590.0,590.8,564.05,570.15,570.05,584.3,703351,403745941.95,11-MAR-2024,28764,INE00M201021,
SYMPHONY,EQ,887.9,895.0,872.25,875.55,876.5,883.0,47134,41430469.05,11-MAR-2024,6069,INE225D01027,
SYNCOMF,BE,13.95,14.0,13.1,13.3,13.45,13.5,1551489,21281401.4,11-MAR-2024,6097,INE312C01025,
SYNGENE,EQ,693.75,699.3,682.1,685.15,686.8,691.2,943054,650698898.15,11-MAR-2024,39873,INE398R01022,
SYRMA,EQ,528.2,528.25,504.0,508.7,509.7,525.55,622856,318372963.75,11-MAR-2024,50889,INE0DYJ01015,
TAINWALCHM,EQ,143.7,147.0,138.1,139.05,139.0,139.45,26858,3768158.95,11-MAR-2024,584,INE123C01018,
TAJGVK,EQ,353.9,357.0,343.55,344.6,345.55,351.7,176929,61742929.1,11-MAR-2024,11475,INE586B01026,
TAKE,EQ,26.0,26.1,23.6,23.7,23.8,25.85,371448,9114268.75,11-MAR-2024,2364,INE142I01023,
TALBROAUTO,EQ,268.8,268.8,251.0,253.3,253.0,263.3,142414,36379497.7,11-MAR-2024,4322,INE187D01029,
TANLA,EQ,961.0,961.0,925.0,928.4,928.85,955.1,281355,263713767.05,11-MAR-2024,16708,INE483C01032,
TARAPUR,BE,7.75,7.75,7.75,7.75,7.75,7.4,23903,185248.25,11-MAR-2024,79,INE747K01017,
TARC,BE,153.0,157.4,145.85,146.45,147.0,153.5,370154,54940388.6,11-MAR-2024,1656,INE0EK901012,
TARMAT,BE,120.5,121.15,110.0,111.95,111.95,115.4,69507,8105305.35,11-MAR-2024,526,INE924H01018,
TARSONS,EQ,454.75,456.8,441.0,443.9,442.0,454.15,147567,65909144.95,11-MAR-2024,10855,INE144Z01023,
TASTYBITE,EQ,13500.0,13500.0,12805.0,12943.9,12980.0,13480.0,1110,14614195.55,11-MAR-2024,571,INE488B01017,
TATACHEM,EQ,1220.0,1222.0,1170.0,1175.4,1173.0,1315.25,14713647,17546684349.4,11-MAR-2024,342951,INE092A01019,
TATACOMM,EQ,1998.6,2033.9,1946.55,1954.55,1951.95,2011.5,820370,1634242447.05,11-MAR-2024,44742,INE151A01013,
TATACONSUM,EQ,1263.0,1269.0,1209.0,1220.65,1223.0,1261.55,2609165,3194985468.55,11-MAR-2024,124557,INE192A01025,
TATAELXSI,EQ,7724.9,7748.0,7633.15,7702.95,7711.9,7686.75,132700,1020419034.25,11-MAR-2024,22822,INE670A01012,
TATAGOLD,EQ,6.51,7.0,6.51,6.58,6.6,6.51,3793492,25004797.71,11-MAR-2024,10085,INF277KA1976,
TATAINVEST,BE,9700.0,9710.0,9269.0,9269.0,9269.0,9756.85,42411,397227833.95,11-MAR-2024,6873,INE672A01018,
TATAMOTORS,EQ,1034.75,1035.95,1021.0,1028.0,1029.0,1039.3,7502450,7715605116.35,11-MAR-2024,226237,INE155A01022,
TATAMTRDVR,EQ,690.95,691.0,675.1,684.25,684.0,689.35,2196615,1501191981.25,11-MAR-2024,48030,IN9155A01020,
TATAPOWER,EQ,414.0,421.5,404.65,413.15,412.4,425.25,39122073,16211434023.15,11-MAR-2024,404780,INE245A01021,
TATASTEEL,EQ,158.9,158.9,153.0,153.45,153.75,157.25,54155385,8354583831.05,11-MAR-2024,350516,INE081A01020,
TATATECH,EQ,1130.0,1130.0,1080.0,1084.65,1084.45,1127.4,1504557,1644418323.45,11-MAR-2024,80625,INE142M01025,
TATSILV,EQ,7.22,7.3,6.74,7.28,7.29,7.22,1001673,7273899.07,11-MAR-2024,1868,INF277KA1984,
TATVA,EQ,1196.0,1230.0,1190.0,1215.05,1216.95,1195.6,42860,52033794.2,11-MAR-2024,7263,INE0GK401011,
TBZ,EQ,114.3,116.8,111.3,111.9,112.4,114.3,152574,17446317.65,11-MAR-2024,3202,INE760L01018,
TCI,EQ,830.65,848.8,788.15,806.15,788.15,820.55,341932,278257763.25,11-MAR-2024,14911,INE688A01022,
TCIEXP,EQ,1073.7,1073.7,1000.0,1030.55,1031.95,1057.85,146156,149778743.9,11-MAR-2024,23634,INE586V01016,
TCIFINANCE,BE,5.5,5.8,5.3,5.75,5.75,5.55,54321,310781.15,11-MAR-2024,295,INE911B01018,
TCLCONS,BE,40.35,40.35,40.35,40.35,40.35,41.15,5883,237379.05,11-MAR-2024,49,INE388G01026,
TCNSBRANDS,EQ,381.75,386.85,370.1,372.1,371.0,381.5,73271,27380273.85,11-MAR-2024,4070,INE778U01029,
TCPLPACK,EQ,2498.95,2498.95,2377.45,2387.7,2390.0,2463.45,10550,25595185.1,11-MAR-2024,2886,INE822C01015,
TCS,EQ,4089.0,4153.0,4089.0,4122.35,4120.0,4108.6,2304068,9504184843.45,11-MAR-2024,188233,INE467B01029,
TDPOWERSYS,EQ,306.45,307.75,289.1,290.85,291.4,304.95,460732,136191958.3,11-MAR-2024,22408,INE419M01027,
TEAMLEASE,EQ,2976.1,2990.85,2900.0,2914.7,2944.0,2961.25,26173,76339438.7,11-MAR-2024,9930,INE985S01024,
TECH,EQ,38.87,38.88,38.11,38.28,38.53,38.58,13980,536317.83,11-MAR-2024,269,INF209KB11D8,
TECHIN,BE,25.5,25.5,24.25,24.25,24.25,25.5,9601,240592.9,11-MAR-2024,63,INE778A01021,
TECHM,EQ,1288.15,1296.3,1275.5,1289.0,1291.0,1288.15,1577732,2032117170.5,11-MAR-2024,68848,INE669C01036,
TECHNOE,EQ,730.05,742.1,710.0,713.85,712.05,741.65,98776,71177461.1,11-MAR-2024,14528,INE285K01026,
TECILCHEM,BE,24.0,24.0,24.0,24.0,24.0,24.05,105,2520.0,11-MAR-2024,2,INE014B01011,
TEGA,EQ,1154.7,1169.9,1130.0,1145.35,1147.0,1139.95,43955,50793794.4,11-MAR-2024,7474,INE011K01018,
TEJASNET,EQ,770.0,770.0,730.0,731.0,733.9,766.2,355481,264612914.5,11-MAR-2024,21700,INE010J01012,
TEMBO,EQ,283.1,286.4,275.0,278.45,277.5,282.25,62398,17391581.7,11-MAR-2024,1135,INE869Y01010,
TERASOFT,BE,59.25,59.25,57.4,57.75,57.4,56.65,13425,783752.4,11-MAR-2024,138,INE482B01010,
TEXINFRA,EQ,104.6,106.35,98.5,99.25,99.65,104.75,608235,61601855.85,11-MAR-2024,6878,INE435C01024,
TEXMOPIPES,EQ,90.4,92.65,85.55,85.9,86.0,90.4,155477,13596080.2,11-MAR-2024,1774,INE141K01013,
TEXRAIL,EQ,180.0,181.8,173.0,173.65,173.9,179.55,1737948,307120090.8,11-MAR-2024,32191,INE621L01012,
TFCILTD,EQ,209.1,214.55,209.1,209.1,209.1,220.1,3318698,697701919.7,11-MAR-2024,9105,INE305A01015,
TFL,BE,11.0,11.0,10.45,10.45,10.45,11.0,14148,149647.45,11-MAR-2024,62,INE804H01012,
TGBHOTELS,EQ,15.2,15.7,14.35,14.7,14.4,15.05,36772,549998.8,11-MAR-2024,320,INE797H01018,
THANGAMAYL,EQ,1302.15,1322.1,1267.8,1276.15,1280.0,1302.05,14085,18142209.4,11-MAR-2024,2024,INE085J01014,
THEINVEST,BE,136.35,138.0,129.55,131.6,129.9,136.35,9715,1292271.9,11-MAR-2024,161,INE924D01017,
THEJO,EQ,2425.1,2439.95,2176.2,2235.35,2250.0,2433.55,25337,58868391.7,11-MAR-2024,4499,INE121N01019,
THEMISMED,EQ,235.5,251.5,235.0,237.2,237.8,236.7,110530,26970595.95,11-MAR-2024,6848,INE083B01024,
THERMAX,EQ,3669.9,3726.0,3431.6,3618.1,3601.5,3641.7,141494,502108476.95,11-MAR-2024,39702,INE152A01029,
THOMASCOOK,EQ,161.95,162.9,153.1,153.8,154.0,161.35,779585,121405434.8,11-MAR-2024,7842,INE332A01027,
THOMASCOTT,BE,336.65,336.7,336.65,336.7,336.7,343.5,241,81133.7,11-MAR-2024,14,INE480M01011,
THYROCARE,EQ,655.0,662.45,639.5,648.05,641.0,655.15,106703,69504431.75,11-MAR-2024,16525,INE594H01019,
TI,EQ,205.0,206.9,193.45,196.65,196.5,204.85,1050875,208276081.4,11-MAR-2024,25926,INE133E01013,
TIDEWATER,EQ,1590.0,1635.0,1541.95,1551.85,1545.3,1588.3,44645,71120973.85,11-MAR-2024,8508,INE484C01030,
TIIL,EQ,1815.25,1815.25,1701.0,1721.35,1713.55,1804.45,15701,27343745.65,11-MAR-2024,3214,INE545H01011,
TIINDIA,EQ,3524.95,3600.0,3456.0,3556.5,3560.0,3498.7,248528,882062664.2,11-MAR-2024,36151,INE974X01010,
TIJARIA,BE,15.3,15.3,15.3,15.3,15.3,14.6,160701,2458725.3,11-MAR-2024,81,INE440L01017,
TIMESGTY,BE,98.8,98.8,98.8,98.8,98.8,100.8,2697,266463.6,11-MAR-2024,15,INE289C01025,
TIMETECHNO,EQ,214.4,223.65,211.9,214.15,212.15,213.45,2466518,539927058.35,11-MAR-2024,36649,INE508G01029,
TIMKEN,EQ,2632.2,2632.95,2554.0,2565.55,2565.0,2597.85,54686,140943988.0,11-MAR-2024,8229,INE325A01013,
TIPSFILMS,BE,694.0,709.95,666.0,682.8,698.8,694.1,913,631156.0,11-MAR-2024,63,INE0LQS01015,
TIPSINDLTD,EQ,490.9,499.0,490.1,496.15,497.75,490.85,242013,119776717.45,11-MAR-2024,13486,INE716B01029,
TIRUMALCHM,EQ,243.7,245.55,235.0,236.2,235.2,243.4,341006,80987972.1,11-MAR-2024,9523,INE338A01024,
TIRUPATIFL,BE,17.2,17.2,16.9,16.9,16.9,17.25,90242,1531511.4,11-MAR-2024,458,INE319Y01024,
TITAGARH,EQ,969.85,969.85,900.0,910.45,910.0,898.6,1947277,1801508659.0,11-MAR-2024,80424,INE615H01020,
TITAN,EQ,3802.9,3808.0,3742.05,3750.15,3760.0,3786.9,597848,2252701085.65,11-MAR-2024,90531,INE280A01028,
TMB,EQ,490.0,490.0,478.8,480.3,482.4,483.95,61482,29676311.85,11-MAR-2024,6352,INE668A01016,
TNIDETF,EQ,81.3,81.3,78.72,79.01,79.49,79.39,44758,3544586.5,11-MAR-2024,925,INF277KA1364,
TNPETRO,EQ,92.8,93.1,88.5,88.95,89.5,92.8,233455,21012983.95,11-MAR-2024,3817,INE148A01019,
TNPL,EQ,273.05,274.65,266.05,266.3,266.75,273.35,121480,32504845.7,11-MAR-2024,4143,INE107A01015,
TNTELE,BE,11.6,11.6,11.6,11.6,11.6,11.8,1408,16332.8,11-MAR-2024,8,INE141D01018,
TOKYOPLAST,EQ,116.75,117.0,108.05,108.95,109.1,115.6,58262,6466079.05,11-MAR-2024,1157,INE932C01012,
TORNTPHARM,EQ,2691.35,2744.0,2664.8,2697.8,2700.0,2664.8,375130,1017429451.75,11-MAR-2024,40745,INE685A01028,
TORNTPOWER,EQ,1170.0,1287.5,1137.1,1159.15,1162.0,1144.6,9547108,11652423752.25,11-MAR-2024,348745,INE813H01021,
TOTAL,EQ,114.55,116.9,106.15,109.45,108.0,114.25,24640,2761102.45,11-MAR-2024,406,INE336X01012,
TOUCHWOOD,EQ,147.9,151.95,129.95,134.5,132.8,140.5,8340,1171062.6,11-MAR-2024,361,INE486Y01013,
TPHQ,BE,1.25,1.25,1.2,1.2,1.2,1.25,945361,1147240.5,11-MAR-2024,522,INE065J01024,
TPLPLASTEH,EQ,62.75,62.8,59.7,60.1,60.0,62.35,300931,18342418.85,11-MAR-2024,2759,INE413G01022,
TRACXN,EQ,94.35,94.35,89.8,90.15,90.0,93.7,928189,84778632.05,11-MAR-2024,9502,INE0HMF01019,
TREEHOUSE,BE,26.4,28.0,25.95,25.95,26.0,27.3,53630,1404486.4,11-MAR-2024,151,INE040M01013,
TREJHARA,BE,154.95,159.0,154.95,158.0,158.0,158.1,3189,499323.2,11-MAR-2024,26,INE00CA01015,
TREL,EQ,54.65,54.8,50.45,50.8,50.75,52.5,628840,32594538.55,11-MAR-2024,3793,INE0O3901029,
TRENT,EQ,3982.0,4243.95,3900.1,4004.7,4010.0,3952.2,3757634,15378690487.35,11-MAR-2024,269119,INE849A01020,
TRF,BE,461.15,461.15,460.85,460.85,460.85,470.25,20858,9616364.8,11-MAR-2024,119,INE391D01019,
TRIDENT,EQ,40.8,40.8,38.95,39.1,39.2,40.55,10879904,431110457.65,11-MAR-2024,39619,INE064C01022,
TRIGYN,EQ,116.3,116.65,111.0,111.4,111.6,115.5,178395,20072851.95,11-MAR-2024,3844,INE948A01012,
TRIL,BE,342.9,342.9,326.45,326.45,326.45,343.6,104420,34244355.6,11-MAR-2024,1914,INE763I01026,
TRITURBINE,EQ,497.95,501.4,473.75,480.65,480.0,484.65,1566284,768962392.0,11-MAR-2024,45462,INE152M01016,
TRIVENI,EQ,335.9,340.65,332.3,334.9,337.0,335.3,485046,162997286.45,11-MAR-2024,18297,INE256C01024,
TRU,EQ,62.7,62.95,54.95,56.7,57.2,62.7,3561635,207678189.9,11-MAR-2024,11232,INE615R01029,
TTKHLTCARE,EQ,1525.15,1699.0,1525.15,1598.7,1591.35,1542.1,43531,69985835.7,11-MAR-2024,7811,INE910C01018,
TTKPRESTIG,EQ,729.95,729.95,702.0,707.35,711.0,720.05,41856,29828497.85,11-MAR-2024,6433,INE690A01028,
TTL,EQ,110.5,113.55,107.1,108.55,108.0,111.1,39961,4404629.1,11-MAR-2024,731,INE592B01016,
TTML,EQ,90.3,90.3,85.0,85.6,85.45,89.95,5165341,449612076.1,11-MAR-2024,34584,INE517B01013,
TV18BRDCST,BE,53.45,53.5,50.2,50.65,50.5,52.75,3348442,172239653.0,11-MAR-2024,10759,INE886H01027,
TVSELECT,EQ,305.0,306.5,290.1,292.2,291.8,305.4,90003,26526764.15,11-MAR-2024,7582,INE236G01019,
TVSHLTD,EQ,8930.05,8976.95,8560.0,8815.8,8799.85,8929.05,19787,172742695.75,11-MAR-2024,8341,INE105A01035,
TVSMOTOR,EQ,2276.0,2304.35,2255.05,2268.35,2268.3,2259.7,715668,1629370034.6,11-MAR-2024,49166,INE494B01023,
TVSSCS,EQ,172.95,174.35,167.4,167.85,167.65,172.95,697510,118649378.25,11-MAR-2024,13418,INE395N01027,
TVSSRICHAK,EQ,4295.0,4295.0,4160.0,4180.55,4188.6,4245.3,2317,9715120.4,11-MAR-2024,598,INE421C01016,
TVTODAY,EQ,235.0,235.9,222.55,223.95,224.4,231.95,246415,56114211.15,11-MAR-2024,10233,INE038F01029,
TVVISION,BE,6.35,6.4,6.05,6.05,6.05,6.35,30291,185916.9,11-MAR-2024,136,INE871L01013,
UBL,EQ,1715.3,1715.3,1678.4,1699.25,1700.5,1699.35,139865,237259281.65,11-MAR-2024,10384,INE686F01025,
UCAL,EQ,159.1,161.0,153.8,155.1,155.0,158.8,40913,6371644.9,11-MAR-2024,1213,INE139B01016,
UCOBANK,EQ,54.5,55.9,54.05,55.0,54.85,57.5,22217194,1224785087.25,11-MAR-2024,47625,INE691A01018,
UDS,EQ,354.1,354.45,336.0,338.75,337.6,346.25,238836,82057499.9,11-MAR-2024,12012,INE851I01011,
UFLEX,EQ,423.9,423.9,417.05,418.85,421.65,423.95,60312,25294130.75,11-MAR-2024,1802,INE516A01017,
UFO,EQ,137.3,138.35,130.4,131.15,130.4,135.9,287571,38293597.1,11-MAR-2024,7272,INE527H01019,
UGARSUGAR,EQ,78.45,80.0,75.9,76.3,76.3,78.05,226764,17453512.45,11-MAR-2024,3107,INE071E01023,
UGROCAP,EQ,261.15,265.8,252.5,253.2,253.15,260.2,198673,51305715.65,11-MAR-2024,7701,INE583D01011,
UJJIVAN,EQ,527.05,528.75,501.1,503.5,501.5,523.25,588393,301088865.95,11-MAR-2024,17072,INE334L01012,
UJJIVANSFB,EQ,52.05,52.15,50.65,50.85,50.9,51.85,3915384,200456747.9,11-MAR-2024,22701,INE551W01018,
ULTRACEMCO,EQ,9694.05,9824.6,9672.9,9697.9,9698.75,9673.15,319303,3103376786.8,11-MAR-2024,50395,INE481G01011,
UMAEXPORTS,BE,88.35,88.35,88.35,88.35,88.35,90.15,264,23324.4,11-MAR-2024,22,INE0GIU01018,
UMANGDAIRY,EQ,90.3,93.4,84.55,85.1,84.55,91.0,95627,8336949.9,11-MAR-2024,1612,INE864B01027,
UMESLTD,BE,6.15,6.15,5.6,5.65,5.65,5.9,54708,309111.4,11-MAR-2024,161,INE240C01028,
UNICHEMLAB,EQ,505.8,523.75,505.8,519.75,522.65,516.05,18177,9392276.4,11-MAR-2024,1910,INE351A01035,
UNIDT,EQ,271.0,274.65,250.0,251.7,252.7,267.45,50095,12983097.15,11-MAR-2024,3288,INE961D01019,
UNIENTER,EQ,144.0,145.55,142.0,143.15,142.0,145.6,5870,842959.75,11-MAR-2024,360,INE037A01022,
UNIINFO,BE,48.45,48.45,44.2,44.2,44.2,46.5,19969,891925.8,11-MAR-2024,128,INE481Z01011,
UNIONBANK,EQ,158.15,160.85,152.75,153.75,154.2,157.35,19818827,3116115854.3,11-MAR-2024,98970,INE692A01016,
UNIPARTS,EQ,579.0,579.0,557.3,560.35,562.45,574.65,84783,47821827.6,11-MAR-2024,6915,INE244O01017,
UNITEDPOLY,EQ,106.9,109.9,99.35,99.75,100.1,103.5,18400,1885328.35,11-MAR-2024,399,INE368U01011,
UNITEDTEA,EQ,331.0,334.35,330.05,331.2,331.2,334.35,1405,466318.9,11-MAR-2024,129,INE458F01011,
UNIVAFOODS,BE,6.65,6.65,6.65,6.65,6.65,6.65,11819,78596.35,11-MAR-2024,9,INE275F01019,
UNIVASTU,EQ,139.05,143.5,134.2,135.7,135.15,139.05,20569,2862492.7,11-MAR-2024,257,INE562X01013,
UNIVCABLES,EQ,425.65,425.65,406.95,414.9,415.0,425.65,47499,19695805.15,11-MAR-2024,3150,INE279A01012,
UNIVPHOTO,EQ,392.0,397.1,390.1,390.65,390.6,391.0,915,358009.85,11-MAR-2024,77,INE03V001013,
UNOMINDA,EQ,654.6,655.0,631.8,644.7,645.0,650.65,588347,375662642.65,11-MAR-2024,32357,INE405E01023,
UPL,EQ,485.1,488.0,475.5,476.55,477.0,482.3,2888338,1386525047.5,11-MAR-2024,50355,INE628A01036,
URAVI,EQ,294.3,309.7,287.8,299.55,299.95,294.3,5211,1558921.35,11-MAR-2024,310,INE568Z01015,
URJA,BE,23.5,23.5,21.8,21.9,22.0,22.9,2897910,64119670.05,11-MAR-2024,19062,INE550C01020,
USHAMART,EQ,308.2,312.9,303.8,306.1,307.0,308.2,1161070,357172730.55,11-MAR-2024,19474,INE228A01035,
USK,BE,55.35,56.95,53.65,53.9,53.8,56.45,156187,8563275.0,11-MAR-2024,1162,INE0N0Y01013,
UTIAMC,EQ,890.7,895.0,871.25,874.25,879.0,890.7,64863,57200392.4,11-MAR-2024,5682,INE094J01016,
UTIBANKETF,EQ,48.12,48.99,48.0,48.23,48.88,48.67,74445,3593762.34,11-MAR-2024,1130,INF789F1AUV1,
UTINEXT50,EQ,64.49,64.59,63.75,63.91,64.14,63.99,31561,2022920.89,11-MAR-2024,541,INF789F1AUW9,
UTINIFTETF,EQ,243.4,243.4,240.63,240.86,240.74,242.4,27742,6702429.83,11-MAR-2024,276,INF789F1AZC0,
UTISENSETF,EQ,814.79,814.8,792.15,794.05,793.27,797.8,611,485758.93,11-MAR-2024,106,INF789FB1X58,
UTISXN50,EQ,74.6,76.46,74.18,74.78,74.91,74.6,4151,310182.52,11-MAR-2024,97,INF789F1AUU3,
UTKARSHBNK,EQ,51.5,51.6,49.4,50.6,50.45,49.75,3893399,195706366.65,11-MAR-2024,11909,INE735W01017,
UTTAMSUGAR,EQ,376.2,377.3,359.8,362.85,364.5,374.7,130062,47697953.5,11-MAR-2024,7015,INE786F01031,
V2RETAIL,EQ,366.5,383.9,366.5,374.85,377.9,373.9,95493,35903758.4,11-MAR-2024,1694,INE945H01013,
VADILALIND,EQ,3560.3,3560.3,3433.25,3451.2,3455.0,3521.55,4789,16589731.4,11-MAR-2024,1283,INE694D01016,
VAIBHAVGBL,EQ,429.6,429.6,399.45,400.8,404.0,423.95,551732,225109623.25,11-MAR-2024,26655,INE884A01027,
VAISHALI,EQ,144.25,159.7,140.3,148.05,150.0,144.25,191497,28744524.9,11-MAR-2024,1903,INE972X01014,
VAKRANGEE,EQ,23.3,23.4,21.5,22.05,22.1,23.3,7140386,160227630.05,11-MAR-2024,13485,INE051B01021,
VALIANTLAB,EQ,167.25,168.05,160.45,163.6,163.0,164.8,209168,34356635.8,11-MAR-2024,3426,INE0JWS01017,
VALIANTORG,EQ,459.95,465.8,432.0,434.8,435.5,455.45,78084,34942359.65,11-MAR-2024,9009,INE565V01010,
VARDHACRLC,EQ,62.8,62.8,59.65,59.8,60.0,62.15,107742,6517679.95,11-MAR-2024,879,INE116G01013,
VARDMNPOLY,BE,84.4,84.7,84.25,84.7,84.7,83.05,193779,16400923.65,11-MAR-2024,223,INE835A01011,
VARROC,EQ,492.95,497.6,474.3,480.2,482.0,491.35,372687,180241420.65,11-MAR-2024,26471,INE665L01035,
VASCONEQ,EQ,71.0,71.65,66.0,66.65,66.5,70.6,2466588,167870822.25,11-MAR-2024,12499,INE893I01013,
VASWANI,BE,42.4,44.55,40.35,42.05,43.95,42.45,281901,11841832.2,11-MAR-2024,1312,INE590L01019,
VBL,EQ,1433.25,1495.0,1397.1,1414.25,1421.0,1423.35,3298145,4742593695.25,11-MAR-2024,152544,INE200M01021,
VCL,BE,1.3,1.3,1.2,1.25,1.3,1.25,651048,822098.25,11-MAR-2024,462,INE098201036,
VEDL,EQ,282.85,282.85,274.0,275.35,275.25,282.85,6214148,1727172439.75,11-MAR-2024,63936,INE205A01025,
VENKEYS,EQ,1776.0,1788.65,1736.5,1750.15,1750.0,1788.75,23399,41110583.7,11-MAR-2024,3345,INE398A01010,
VENUSPIPES,EQ,1753.45,1753.45,1642.05,1650.7,1653.0,1730.55,129592,217625350.0,11-MAR-2024,15483,INE0JA001018,
VENUSREM,EQ,339.0,350.5,330.0,336.8,333.0,334.2,127001,42998793.1,11-MAR-2024,5308,INE411B01019,
VERANDA,EQ,208.1,215.65,205.55,212.25,211.35,211.4,276259,57966789.35,11-MAR-2024,8716,INE0IQ001011,
VERTOZ,BE,825.0,825.55,781.65,781.65,781.65,822.75,58344,45874847.5,11-MAR-2024,981,INE188Y01015,
VESUVIUS,EQ,3260.45,3268.65,3131.0,3148.85,3140.0,3253.3,17254,54716530.05,11-MAR-2024,4855,INE386A01015,
VETO,EQ,129.4,130.7,125.0,125.95,125.95,131.15,191047,24363675.7,11-MAR-2024,2535,INE918N01018,
VGUARD,EQ,349.0,352.0,332.45,336.05,336.9,344.45,787681,271165709.15,11-MAR-2024,25558,INE951I01027,
VHL,EQ,3101.35,3130.0,3022.2,3026.75,3022.2,3094.5,502,1546943.85,11-MAR-2024,222,INE701A01023,
VIDHIING,EQ,482.0,496.9,445.3,451.4,450.0,473.9,553546,263668445.95,11-MAR-2024,25882,INE632C01026,
VIJAYA,EQ,637.7,644.95,630.2,642.55,636.25,637.7,142274,91249463.3,11-MAR-2024,6659,INE043W01024,
VIJIFIN,BE,3.7,3.7,3.7,3.7,3.7,3.75,647759,2396708.3,11-MAR-2024,261,INE159N01027,
VIKASECO,EQ,4.35,4.4,4.0,4.0,4.0,4.35,31896921,130893364.05,11-MAR-2024,13208,INE806A01020,
VIKASLIFE,BE,6.2,6.2,5.8,5.85,5.9,6.0,7278658,43597627.95,11-MAR-2024,14009,INE161L01027,
VIMTALABS,EQ,484.75,489.7,461.75,465.2,466.55,484.75,46469,21870338.15,11-MAR-2024,9963,INE579C01029,
VINATIORGA,EQ,1613.0,1632.95,1590.0,1596.95,1598.0,1633.0,37092,59497096.9,11-MAR-2024,6928,INE410B01037,
VINDHYATEL,EQ,2317.95,2317.95,2214.95,2228.8,2220.0,2314.55,19867,44789129.7,11-MAR-2024,3145,INE707A01012,
VINEETLAB,BE,56.95,57.9,53.75,54.25,54.2,56.5,12153,669199.2,11-MAR-2024,118,INE505Y01010,
VINNY,BE,5.1,5.1,5.1,5.1,5.1,5.2,45353,231300.3,11-MAR-2024,179,INE01KI01027,
VINYLINDIA,EQ,369.3,372.15,360.0,361.8,365.4,369.3,47333,17196248.3,11-MAR-2024,4125,INE250B01029,
VIPCLOTHNG,EQ,41.4,41.4,37.75,38.2,38.65,40.95,384269,15133726.25,11-MAR-2024,1864,INE450G01024,
VIPIND,EQ,528.0,532.95,515.0,517.1,517.3,530.3,373191,194850327.8,11-MAR-2024,14976,INE054A01027,
VIPULLTD,BE,32.7,33.0,29.9,30.55,30.5,31.45,342872,10907706.05,11-MAR-2024,737,INE946H01037,
VIRINCHI,EQ,38.4,38.75,35.15,35.35,35.35,38.45,1347415,48969752.65,11-MAR-2024,4249,INE539B01017,
VISAKAIND,EQ,122.0,122.0,114.75,114.75,114.75,120.75,262748,30558330.15,11-MAR-2024,2832,INE392A01021,
VISASTEEL,BE,18.5,19.25,17.45,17.45,17.45,18.35,101565,1935870.85,11-MAR-2024,132,INE286H01012,
VISESHINFO,BE,0.55,0.55,0.5,0.5,0.5,0.55,2453580,1250379.0,11-MAR-2024,676,INE861A01058,
VISHNU,EQ,281.25,285.0,272.0,274.95,272.0,285.75,181124,50654837.55,11-MAR-2024,9057,INE270I01022,
VISHWARAJ,EQ,17.0,17.1,16.5,16.6,16.55,16.95,1009168,16793756.7,11-MAR-2024,2335,INE430N01022,
VIVIDHA,BE,1.25,1.25,1.2,1.25,1.25,1.2,1084046,1350261.2,11-MAR-2024,1349,INE370E01029,
VLEGOV,BE,66.0,67.0,62.35,62.35,62.35,65.6,128608,8095393.8,11-MAR-2024,853,INE03HW01020,
VLSFINANCE,EQ,258.9,262.8,254.0,255.25,254.9,258.65,67345,17383906.5,11-MAR-2024,4492,INE709A01018,
VMART,EQ,1924.05,1924.05,1875.0,1900.2,1885.5,1914.45,7850,14884101.05,11-MAR-2024,1716,INE665J01013,
VOLTAMP,EQ,8586.8,8586.8,8233.0,8298.4,8279.0,8526.7,19762,164595544.65,11-MAR-2024,6719,INE540H01012,
VOLTAS,EQ,1095.95,1095.95,1063.4,1073.65,1073.45,1082.1,1705320,1832420861.0,11-MAR-2024,71763,INE226A01021,
VPRPL,EQ,165.65,165.85,153.0,156.15,155.85,165.65,974822,155035251.55,11-MAR-2024,21783,INE0AE001013,
VRLLOG,EQ,536.0,542.0,525.0,539.8,536.0,527.15,375985,202531955.3,11-MAR-2024,13776,INE366I01010,
VSSL,EQ,197.85,197.85,188.15,190.4,191.0,196.5,89311,17059164.7,11-MAR-2024,4370,INE050M01012,
VSTIND,EQ,3690.0,3850.0,3635.0,3806.05,3799.9,3682.85,28281,106721324.3,11-MAR-2024,6092,INE710A01016,
VSTL,EQ,302.0,302.45,264.05,265.85,265.9,301.85,485273,134508655.1,11-MAR-2024,32841,INE0QTF01015,
VSTTILLERS,EQ,3125.0,3125.0,3050.15,3108.55,3120.0,3127.15,20506,63677238.8,11-MAR-2024,3940,INE764D01017,
VTL,EQ,444.4,445.0,431.6,434.3,434.0,442.15,144333,63171216.5,11-MAR-2024,9359,INE825A01020,
WABAG,EQ,729.2,745.0,705.0,706.65,707.3,730.85,336035,241901158.6,11-MAR-2024,20125,INE956G01038,
WALCHANNAG,BE,223.0,223.0,211.85,211.85,211.85,223.0,121440,25873457.0,11-MAR-2024,972,INE711A01022,
WANBURY,BE,154.9,154.9,146.0,146.0,146.0,153.65,18055,2675738.3,11-MAR-2024,150,INE107F01022,
WEALTH,EQ,498.0,507.65,476.15,482.3,487.8,478.5,4710,2319297.4,11-MAR-2024,1077,INE658T01017,
WEBELSOLAR,EQ,406.55,409.65,371.3,372.45,375.0,390.8,294360,113606065.15,11-MAR-2024,7570,INE855C01015,
WEIZMANIND,EQ,106.05,106.45,102.25,102.95,103.0,107.1,11005,1149369.8,11-MAR-2024,181,INE080A01014,
WEL,EQ,553.95,553.95,511.15,518.1,518.0,535.5,16227,8443663.1,11-MAR-2024,1351,INE02WG01016,
WELCORP,EQ,547.85,547.85,528.15,542.8,542.0,547.85,340086,183489014.5,11-MAR-2024,19639,INE191B01025,
WELENT,EQ,327.8,327.8,312.0,315.8,314.6,327.55,234302,74500233.1,11-MAR-2024,14630,INE625G01013,
WELINV,EQ,832.0,859.85,830.1,830.1,830.1,873.75,834,695275.2,11-MAR-2024,73,INE389K01018,
WELSPUNLIV,EQ,148.8,157.75,143.3,153.6,153.85,147.25,6553814,998923709.65,11-MAR-2024,56228,INE192B01031,
WENDT,EQ,12300.0,12450.0,12145.0,12160.15,12145.0,12293.65,175,2138364.1,11-MAR-2024,109,INE274C01019,
WESTLIFE,EQ,755.15,773.45,744.1,747.45,747.0,759.55,99159,75339554.7,11-MAR-2024,5192,INE274F01020,
WEWIN,EQ,76.0,76.0,72.5,74.5,72.7,73.6,15503,1148278.55,11-MAR-2024,695,INE082W01014,
WHEELS,EQ,610.0,612.45,601.95,606.75,608.0,609.35,50404,30582327.65,11-MAR-2024,2089,INE715A01015,
WHIRLPOOL,EQ,1266.05,1268.9,1236.55,1259.1,1261.5,1261.1,150495,188858296.55,11-MAR-2024,16007,INE716A01013,
WILLAMAGOR,BE,35.5,35.5,33.5,34.0,34.05,35.1,2339,79986.5,11-MAR-2024,37,INE210A01017,
WINDLAS,EQ,558.6,564.05,531.05,537.15,537.45,558.5,82090,44879637.4,11-MAR-2024,7501,INE0H5O01029,
WINDMACHIN,EQ,80.1,84.95,76.25,76.9,76.25,80.95,136990,10984401.2,11-MAR-2024,2740,INE052A01021,
WINSOME,BE,3.5,3.5,3.4,3.4,3.4,3.45,28910,99072.1,11-MAR-2024,106,INE784B01035,
WIPL,BE,175.0,180.0,172.0,179.0,179.0,175.0,1072,185804.2,11-MAR-2024,20,INE215F01023,
WIPRO,EQ,517.4,518.95,512.3,514.55,513.35,515.5,5565756,2871272596.85,11-MAR-2024,100543,INE075A01022,
WOCKPHARMA,BE,560.0,575.9,560.0,565.2,564.9,554.1,263138,149241974.25,11-MAR-2024,12017,INE049B01025,
WONDERLA,EQ,935.95,960.0,907.7,918.5,916.0,933.7,52786,49329330.9,11-MAR-2024,8116,INE066O01014,
WORTH,EQ,110.0,111.9,107.0,107.75,107.65,110.6,16717,1828903.85,11-MAR-2024,295,INE196Y01018,
WSI,EQ,157.0,157.0,142.0,144.8,146.1,150.5,186952,27516672.5,11-MAR-2024,8530,INE100D01014,
WSTCSTPAPR,EQ,670.0,670.6,640.0,641.95,640.9,666.2,156416,101250525.6,11-MAR-2024,10386,INE976A01021,
XCHANGING,EQ,130.8,131.9,124.0,124.85,124.1,130.8,531161,67416770.45,11-MAR-2024,7551,INE692G01013,
XELPMOC,BE,120.0,125.85,115.25,117.5,120.0,119.9,25859,3131794.7,11-MAR-2024,208,INE01P501012,
XPROINDIA,EQ,1151.0,1180.95,1076.05,1102.45,1104.2,1162.4,110425,124217563.95,11-MAR-2024,8033,INE445C01015,
YAARI,BE,7.75,7.75,7.4,7.4,7.4,7.75,164954,1231973.4,11-MAR-2024,122,INE126M01010,
YASHO,EQ,1815.0,1815.0,1669.55,1676.4,1675.95,1768.05,44189,75141392.0,11-MAR-2024,10385,INE616Z01012,
YATHARTH,EQ,428.85,428.85,408.05,411.2,414.95,424.1,171556,71579150.6,11-MAR-2024,13383,INE0JO301016,
YATRA,EQ,157.6,158.0,154.05,156.1,156.95,157.7,141575,22076517.95,11-MAR-2024,4067,INE0JR601024,
YESBANK,EQ,24.0,24.3,23.55,23.65,23.7,23.85,176614273,4207016087.2,11-MAR-2024,159482,INE528G01035,
YUKEN,EQ,763.5,764.6,731.3,745.2,743.0,759.75,20159,15034754.35,11-MAR-2024,3264,INE384C01016,
ZAGGLE,EQ,332.0,349.1,322.2,323.7,324.45,335.1,742959,248740497.35,11-MAR-2024,12935,INE07K301024,
ZEEL,EQ,161.1,164.4,155.0,156.05,155.95,160.6,16333389,2616193460.1,11-MAR-2024,63634,INE256A01028,
ZEELEARN,BE,7.85,7.85,7.85,7.85,7.85,8.0,64843,509017.55,11-MAR-2024,90,INE565L01011,
ZEEMEDIA,EQ,12.0,12.3,11.6,11.75,11.75,12.4,13318580,158721012.95,11-MAR-2024,7188,INE966H01019,
ZENITHEXPO,EQ,173.55,182.65,173.55,174.85,173.7,181.6,1551,275296.0,11-MAR-2024,220,INE058B01018,
ZENITHSTL,EQ,8.9,9.05,8.45,8.45,8.45,8.9,226590,1964305.35,11-MAR-2024,750,INE318D01020,
ZENSARTECH,EQ,594.0,594.95,570.95,574.25,573.05,591.0,995925,575978324.55,11-MAR-2024,33955,INE520A01027,
ZENTEC,EQ,940.0,944.0,909.0,914.75,909.95,948.6,300737,279147969.3,11-MAR-2024,11343,INE251B01027,
ZFCVINDIA,EQ,14300.15,14401.65,13825.0,14030.75,13870.0,14323.9,16941,237787831.8,11-MAR-2024,2717,INE342J01019,
ZIMLAB,EQ,102.0,102.85,100.45,100.7,100.5,102.45,140437,14213969.15,11-MAR-2024,2536,INE518E01015,
ZODIAC,BE,404.0,404.0,404.0,404.0,404.0,412.25,3266,1319464.0,11-MAR-2024,202,INE761Y01019,
ZODIACLOTH,EQ,124.9,127.55,117.5,118.7,118.55,124.7,104529,12829069.55,11-MAR-2024,1616,INE206B01013,
ZOMATO,EQ,161.0,163.2,149.0,154.85,154.95,160.0,51519591,8014885283.05,11-MAR-2024,252945,INE758T01015,
ZOTA,EQ,501.0,521.7,485.0,496.65,500.0,504.5,46391,23156601.95,11-MAR-2024,2863,INE358U01012,
ZUARI,EQ,197.3,197.3,184.0,184.7,184.35,197.35,257800,48656415.1,11-MAR-2024,14473,INE840M01016,
ZUARIIND,EQ,286.0,288.65,263.0,267.6,270.4,284.9,129660,35714288.15,11-MAR-2024,7924,INE217A01012,
ZYDUSLIFE,EQ,985.95,1015.5,980.5,994.45,998.0,976.75,1932290,1930264902.1,11-MAR-2024,81895,INE010B01027,
ZYDUSWELL,EQ,1590.6,1622.0,1574.65,1591.9,1586.75,1582.75,226140,359316074.8,11-MAR-2024,5676,INE768C01010,
