SYMBOL,SERIES,OPEN,HIGH,LOW,CLOSE,LAST,PREVCLOSE,TOTTRDQTY,TOTTRDVAL,TIMESTAMP,TOTALTRADES,ISIN,UNNAMED: 13
20MICRONS,EQ,61.6,62.45,59.95,60.8,60.7,61.0,111663,6809595.95,04-OCT-2021,1849,INE144J01027,
21STCENMGM,EQ,50.15,50.15,50.15,50.15,50.15,49.2,3615,181292.25,04-OCT-2021,17,INE253B01015,
3MINDIA,EQ,25200.0,25896.0,25001.0,25435.9,25386.5,24863.2,14304,360278704.55,04-OCT-2021,2438,INE470A01017,
3PLAND,BE,13.95,14.45,13.25,13.8,13.85,13.9,23802,320158.6,04-OCT-2021,89,INE105C01023,
5PAISA,EQ,483.0,486.0,465.5,467.65,465.5,476.05,43243,20496917.55,04-OCT-2021,2260,INE618L01018,
63MOONS,EQ,92.85,93.3,91.8,92.2,92.2,92.15,73468,6793965.15,04-OCT-2021,1216,INE111B01023,
A2ZINFRA,EQ,4.25,4.3,4.2,4.25,4.3,4.25,474788,2018237.1,04-OCT-2021,350,INE619I01012,
AAKASH,EQ,218.05,227.0,210.0,217.3,215.7,221.6,82549,18093051.35,04-OCT-2021,893,INE087Z01016,
AAREYDRUGS,EQ,37.0,38.5,36.1,37.4,36.95,36.3,59102,2195642.9,04-OCT-2021,683,INE198H01019,
AARON,EQ,99.4,104.25,99.4,103.05,104.2,99.3,14090,1446033.9,04-OCT-2021,233,INE721Z01010,
AARTIDRUGS,EQ,606.0,613.0,605.2,606.4,607.0,604.5,263845,160404012.1,04-OCT-2021,13454,INE767A01016,
AARTIIND,EQ,948.95,1026.0,945.55,1021.35,1024.0,942.0,6358938,6346464502.75,04-OCT-2021,168815,INE769A01020,
AARTISURF,EQ,1451.95,1524.0,1449.95,1494.2,1500.0,1453.9,26652,39701783.2,04-OCT-2021,4312,INE09EO01013,
AARVEEDEN,EQ,23.6,23.6,22.8,23.0,23.0,22.8,13242,306706.45,04-OCT-2021,136,INE273D01019,
AARVI,EQ,61.55,63.6,60.9,63.4,63.5,60.3,33332,2084773.1,04-OCT-2021,458,INE754X01016,
AAVAS,EQ,2565.0,2634.95,2550.85,2606.35,2605.0,2557.25,36186,93746218.3,04-OCT-2021,7916,INE216P01012,
ABAN,EQ,42.35,43.8,42.35,43.05,43.15,42.35,124781,5381395.2,04-OCT-2021,1440,INE421A01028,
ABB,EQ,1860.1,1893.4,1845.0,1873.2,1865.6,1858.9,169391,315291386.25,04-OCT-2021,9293,INE117A01022,
ABBOTINDIA,EQ,22810.0,23371.95,22300.0,23108.85,23149.95,22031.25,112685,2583918368.2,04-OCT-2021,44450,INE358A01014,
ABCAPITAL,EQ,112.85,112.85,110.55,111.15,111.25,111.95,2113706,235182436.25,04-OCT-2021,15490,INE674K01013,
ABFRL,EQ,245.9,246.55,234.45,240.8,240.0,244.25,5358319,1282248983.85,04-OCT-2021,40773,INE647O01011,
ABMINTLLTD,EQ,131.7,131.7,131.7,131.7,131.7,125.45,1063,139997.1,04-OCT-2021,26,INE251C01025,
ABSLBANETF,EQ,376.28,376.99,373.3,374.19,375.15,371.07,374,140149.94,04-OCT-2021,44,INF209KB1O58,
ABSLNN50ET,EQ,438.0,438.0,430.01,436.99,436.99,431.75,545,237376.53,04-OCT-2021,28,INF209KB1B87,
ACC,EQ,2245.0,2283.95,2233.0,2265.65,2267.4,2237.5,394631,894358460.55,04-OCT-2021,19982,INE012A01025,
ACCELYA,EQ,1276.0,1360.0,1263.0,1341.35,1340.0,1263.4,100650,133386714.25,04-OCT-2021,11618,INE793A01012,
ACCURACY,EQ,131.15,134.0,130.25,132.6,133.9,131.05,48232,6375737.85,04-OCT-2021,4319,INE648Z01015,
ACE,EQ,261.9,272.0,258.0,265.7,265.9,258.95,1404608,373720970.85,04-OCT-2021,29971,INE731H01025,
ACRYSIL,EQ,803.05,803.05,777.5,787.65,785.0,787.3,76900,60649516.95,04-OCT-2021,6944,INE482D01024,
ADANIENT,EQ,1471.0,1531.0,1460.1,1526.65,1523.05,1458.7,3209302,4818691360.05,04-OCT-2021,60941,INE423A01024,
ADANIGREEN,EQ,1161.0,1180.0,1152.25,1176.1,1178.1,1151.05,278908,326365837.7,04-OCT-2021,14887,INE364U01010,
ADANIPORTS,EQ,738.85,747.5,736.05,744.2,742.9,734.95,3414151,2534595138.25,04-OCT-2021,47094,INE742F01042,
ADANIPOWER,EQ,97.85,101.75,97.5,101.75,101.75,96.95,16213791,1632956831.5,04-OCT-2021,62157,INE814H01011,
ADANITRANS,BE,1577.85,1656.7,1552.0,1636.0,1656.7,1577.85,98132,156950730.25,04-OCT-2021,8649,INE931S01010,
ADFFOODS,EQ,871.1,894.3,800.65,889.15,892.7,880.8,11331,9891050.55,04-OCT-2021,1681,INE982B01019,
ADL,BE,41.2,44.55,41.2,44.55,44.55,42.45,10799,476583.55,04-OCT-2021,38,INE0CHO01012,
ADORWELD,EQ,689.0,705.0,678.0,700.15,695.25,678.7,13614,9481092.95,04-OCT-2021,669,INE045A01017,
ADROITINFO,BE,9.6,10.05,9.3,9.75,9.95,9.6,12152,116914.85,04-OCT-2021,80,INE737B01033,
ADSL,EQ,76.4,78.8,75.05,75.3,75.7,75.75,375460,28637424.1,04-OCT-2021,4768,INE102I01027,
ADVANIHOTR,EQ,86.1,86.8,82.25,82.8,82.9,84.3,50291,4242123.65,04-OCT-2021,1049,INE199C01026,
ADVENZYMES,EQ,386.7,391.7,385.8,387.8,388.0,384.05,200522,77842349.85,04-OCT-2021,7177,INE837H01020,
AEGISCHEM,EQ,232.0,233.05,227.5,229.25,229.1,228.9,603789,139029056.35,04-OCT-2021,14459,INE208C01025,
AFFLE,EQ,5468.6,5652.35,5400.0,5612.65,5644.85,5414.4,133433,740240259.75,04-OCT-2021,30731,INE00WC01019,
AGARIND,EQ,346.0,356.0,346.0,356.0,355.5,339.05,90125,31862336.65,04-OCT-2021,1754,INE204E01012,
AGCNET,BE,1034.0,1034.0,995.0,1000.7,1009.95,1021.0,2518,2536531.95,04-OCT-2021,197,INE676A01019,
AGRITECH,BE,73.05,77.7,71.0,76.45,77.0,74.5,17807,1335137.35,04-OCT-2021,166,INE449G01018,
AGROPHOS,EQ,15.85,16.2,15.65,15.95,16.05,15.65,86632,1385242.15,04-OCT-2021,222,INE740V01019,
AHLADA,EQ,155.7,155.7,150.05,154.85,155.0,148.3,157995,24462921.5,04-OCT-2021,1378,INE00PV01013,
AHLEAST,EQ,186.35,192.0,182.3,183.8,184.5,186.35,7434,1380103.8,04-OCT-2021,191,INE926K01017,
AHLUCONT,EQ,362.9,363.0,355.45,358.25,356.0,353.65,32421,11668039.8,04-OCT-2021,1836,INE758C01029,
AHLWEST,EQ,275.15,284.4,275.05,278.35,284.4,276.85,2688,744101.85,04-OCT-2021,73,INE915K01010,
AIAENG,EQ,1941.75,1954.95,1922.25,1940.7,1931.45,1928.9,23893,46362437.05,04-OCT-2021,4200,INE212H01026,
AIRAN,BE,22.75,22.75,22.1,22.15,22.15,22.2,51993,1161034.35,04-OCT-2021,442,INE645W01026,
AJANTPHARM,EQ,2260.0,2310.0,2250.0,2301.35,2292.15,2260.4,32498,74062847.05,04-OCT-2021,6187,INE031B01049,
AJMERA,BE,340.55,361.0,340.55,352.15,352.0,355.95,16172,5688369.9,04-OCT-2021,352,INE298G01027,
AJOONI,EQ,59.5,60.0,58.5,59.75,59.7,58.35,270997,16087611.6,04-OCT-2021,1367,INE820Y01013,
AJRINFRA,BE,1.6,1.6,1.55,1.6,1.6,1.55,1593122,2545033.55,04-OCT-2021,588,INE181G01025,
AKASH,EQ,212.6,222.0,204.05,217.85,217.95,215.1,155903,33467590.75,04-OCT-2021,5556,INE737W01013,
AKG,EQ,24.55,24.9,24.5,24.6,24.5,24.55,5109,125823.15,04-OCT-2021,65,INE00Y801016,
AKSHARCHEM,EQ,440.0,454.5,436.85,448.4,449.55,432.6,76225,34053738.5,04-OCT-2021,5564,INE542B01011,
AKSHOPTFBR,BE,8.75,8.9,8.55,8.75,8.8,8.75,233945,2041863.2,04-OCT-2021,428,INE523B01011,
AKZOINDIA,EQ,2282.95,2282.95,2245.0,2252.6,2250.0,2249.65,5816,13140802.65,04-OCT-2021,1400,INE133A01011,
ALANKIT,EQ,18.1,18.9,18.1,18.6,18.6,17.8,3268527,60168116.6,04-OCT-2021,4044,INE914E01040,
ALBERTDAVD,EQ,588.05,615.0,588.05,604.25,601.15,592.2,42107,25464435.15,04-OCT-2021,3450,INE155C01010,
ALEMBICLTD,EQ,115.8,117.5,114.0,114.95,115.1,115.25,278087,32229678.7,04-OCT-2021,6366,INE426A01027,
ALICON,EQ,797.7,805.0,765.0,769.5,769.0,775.8,15327,11868871.2,04-OCT-2021,1491,INE062D01024,
ALKALI,EQ,91.0,103.0,90.25,103.0,103.0,85.85,2926958,289700069.65,04-OCT-2021,34830,INE773I01017,
ALKEM,EQ,3976.0,4050.0,3953.05,3969.9,3968.0,3990.05,122504,489329016.15,04-OCT-2021,22564,INE540L01014,
ALKYLAMINE,EQ,3805.0,3899.0,3750.9,3832.5,3824.4,3849.9,139263,529723662.45,04-OCT-2021,28366,INE150B01039,
ALLCARGO,EQ,287.65,297.4,285.6,293.6,292.75,285.45,1451287,423656879.6,04-OCT-2021,24652,INE418H01029,
ALLSEC,EQ,418.65,424.95,415.0,420.35,418.0,417.2,5182,2185433.4,04-OCT-2021,335,INE835G01018,
ALMONDZ,EQ,103.95,103.95,99.0,100.05,101.6,99.9,28424,2873023.7,04-OCT-2021,642,INE326B01027,
ALOKINDS,EQ,23.85,24.9,23.85,24.1,24.05,23.75,9901721,240854301.05,04-OCT-2021,16038,INE270A01029,
ALPA,EQ,54.5,56.0,54.0,55.3,55.05,53.05,118173,6512368.1,04-OCT-2021,1213,INE385I01010,
ALPHAGEO,EQ,434.0,471.95,428.1,459.25,459.0,428.7,359900,164628488.3,04-OCT-2021,20519,INE137C01018,
ALPSINDUS,BE,3.05,3.05,3.05,3.05,3.05,2.95,13052,39808.6,04-OCT-2021,49,INE093B01015,
AMARAJABAT,EQ,770.0,774.7,761.8,766.05,765.35,766.8,1372932,1055175255.5,04-OCT-2021,41354,INE885A01032,
AMBER,EQ,3459.0,3459.0,3333.0,3394.75,3399.05,3440.4,99732,337543914.5,04-OCT-2021,17440,INE371P01015,
AMBICAAGAR,EQ,16.85,17.7,16.85,17.3,17.3,17.15,21524,371753.5,04-OCT-2021,115,INE792B01012,
AMBIKCO,EQ,1829.8,1850.0,1795.0,1799.9,1801.0,1816.45,44396,80638467.55,04-OCT-2021,7820,INE540G01014,
AMBUJACEM,EQ,404.9,409.95,402.5,406.5,406.6,402.25,4122450,1676917928.3,04-OCT-2021,51030,INE079A01024,
AMDIND,EQ,27.65,27.9,26.75,27.45,27.2,27.1,12942,354099.5,04-OCT-2021,295,INE005I01014,
AMIORG,EQ,1263.7,1345.0,1263.7,1324.85,1328.35,1259.85,753743,992637896.95,04-OCT-2021,38680,INE00FF01017,
AMJLAND,EQ,37.3,38.25,37.1,37.3,37.2,37.85,67935,2548357.8,04-OCT-2021,711,INE606A01024,
AMRUTANJAN,EQ,829.85,843.25,823.15,827.0,824.9,821.3,64668,53914344.0,04-OCT-2021,6234,INE098F01031,
ANANTRAJ,EQ,78.7,79.65,76.8,77.75,78.0,76.55,446974,34996047.45,04-OCT-2021,2567,INE242C01024,
ANDHRACEMT,BE,18.3,18.3,16.6,16.6,16.6,17.45,2268145,38298817.7,04-OCT-2021,3646,INE666E01012,
ANDHRAPAP,EQ,232.95,237.5,230.6,236.4,236.0,231.9,47251,11081679.1,04-OCT-2021,2494,INE435A01028,
ANDHRSUGAR,EQ,640.0,684.8,640.0,660.9,664.8,632.2,667952,445769113.75,04-OCT-2021,21909,INE715B01013,
ANDREWYU,EQ,24.9,24.95,24.45,24.55,24.5,24.45,87107,2138998.45,04-OCT-2021,680,INE449C01025,
ANGELBRKG,EQ,1460.0,1492.75,1375.0,1384.7,1382.95,1439.25,1259131,1792152049.4,04-OCT-2021,72679,INE732I01013,
ANIKINDS,EQ,17.8,18.25,17.65,17.95,17.95,17.8,17520,314351.3,04-OCT-2021,112,INE087B01017,
ANKITMETAL,BE,2.1,2.1,1.9,2.1,2.1,2.0,104564,217958.65,04-OCT-2021,260,INE106I01010,
ANMOL,EQ,155.95,158.25,153.4,154.75,154.5,154.95,122586,19028100.3,04-OCT-2021,2783,INE02AR01019,
ANSALAPI,EQ,8.95,9.15,8.85,8.95,9.0,8.95,220405,1983999.15,04-OCT-2021,330,INE436A01026,
ANSALHSG,EQ,6.5,6.5,6.25,6.4,6.4,6.35,131902,839268.1,04-OCT-2021,192,INE880B01015,
ANTGRAPHIC,BE,0.85,0.9,0.85,0.9,0.9,0.9,53550,46830.3,04-OCT-2021,44,INE414B01021,
ANUP,EQ,955.1,974.9,945.0,969.75,970.0,946.0,20001,19147374.0,04-OCT-2021,2253,INE294Z01018,
ANURAS,EQ,785.0,794.2,777.45,785.8,789.0,781.35,64246,50520876.05,04-OCT-2021,4384,INE930P01018,
APARINDS,EQ,652.0,652.0,640.0,644.75,645.9,639.95,46592,30162163.45,04-OCT-2021,4414,INE372A01015,
APCL,EQ,397.0,399.0,390.0,392.6,392.0,391.75,21183,8374851.15,04-OCT-2021,1101,INE071F01012,
APCOTEXIND,EQ,429.5,435.0,428.1,431.35,433.35,426.1,238592,103143737.0,04-OCT-2021,9439,INE116A01032,
APEX,EQ,292.0,296.8,290.0,292.25,293.0,290.05,60994,17885046.95,04-OCT-2021,3631,INE346W01013,
APLAPOLLO,EQ,859.0,891.9,851.0,872.25,872.0,848.85,669216,585691991.25,04-OCT-2021,27771,INE702C01027,
APLLTD,EQ,790.0,807.5,788.3,794.7,795.0,788.15,205379,163554054.3,04-OCT-2021,7823,INE901L01018,
APOLLO,EQ,123.8,127.2,122.65,125.2,124.95,122.45,356583,44560034.5,04-OCT-2021,8836,INE713T01010,
APOLLOHOSP,EQ,4459.9,4565.0,4440.85,4548.25,4560.0,4459.4,535335,2411409346.5,04-OCT-2021,58561,INE437A01024,
APOLLOPIPE,EQ,1798.0,1820.0,1757.0,1807.45,1811.0,1777.7,40658,72846079.55,04-OCT-2021,4124,INE126J01016,
APOLLOTYRE,EQ,225.35,229.5,225.25,228.1,228.0,224.25,1936726,441476737.9,04-OCT-2021,17723,INE438A01022,
APOLSINHOT,EQ,810.0,820.0,792.0,797.65,797.1,799.8,3699,2966782.75,04-OCT-2021,249,INE451F01024,
APTECHT,EQ,309.05,314.9,306.5,310.7,308.8,309.05,220155,68186940.5,04-OCT-2021,7747,INE266F01018,
APTUS,EQ,310.5,315.0,310.0,310.65,311.5,308.4,315760,98460701.85,04-OCT-2021,8440,INE852O01025,
ARCHIDPLY,EQ,32.0,33.15,31.7,32.85,32.95,31.9,23119,748952.25,04-OCT-2021,229,INE877I01016,
ARCHIES,BE,17.35,18.15,17.35,18.1,18.15,17.3,87643,1575668.35,04-OCT-2021,326,INE731A01020,
ARENTERP,EQ,28.75,30.15,28.15,30.15,30.15,28.75,8078,241199.2,04-OCT-2021,154,INE610C01014,
ARIES,EQ,150.0,150.5,147.6,149.65,149.75,147.0,41696,6218302.35,04-OCT-2021,1049,INE298I01015,
ARIHANT,EQ,26.0,27.25,25.7,25.95,25.95,26.3,15536,407457.25,04-OCT-2021,489,INE413D01011,
ARIHANTCAP,EQ,138.05,142.0,138.05,138.95,138.8,139.25,30503,4269391.75,04-OCT-2021,652,INE420B01028,
ARIHANTSUP,EQ,146.5,154.0,146.5,148.6,148.3,148.15,138395,20753134.7,04-OCT-2021,2121,INE643K01018,
ARMANFIN,EQ,875.0,890.0,870.0,884.8,890.0,868.65,16767,14779534.9,04-OCT-2021,2508,INE109C01017,
AROGRANITE,EQ,63.0,64.75,63.0,63.65,63.85,63.75,25663,1640162.6,04-OCT-2021,670,INE210C01013,
ARROWGREEN,EQ,119.9,123.8,116.05,119.25,119.9,119.7,7596,914663.05,04-OCT-2021,340,INE570D01018,
ARSHIYA,EQ,27.75,28.55,27.75,27.9,27.9,27.9,34923,979826.2,04-OCT-2021,219,INE968D01022,
ARSSINFRA,EQ,28.65,28.65,27.25,28.0,28.2,28.2,23899,668164.0,04-OCT-2021,346,INE267I01010,
ARTEMISMED,EQ,36.65,37.8,36.3,37.8,37.8,36.0,214486,8009685.8,04-OCT-2021,2641,INE025R01021,
ARVEE,BE,85.0,90.25,85.0,88.0,88.0,88.75,438,38285.5,04-OCT-2021,19,INE006Z01016,
ARVIND,EQ,94.9,103.9,94.85,102.8,102.9,94.45,5214227,525824176.45,04-OCT-2021,32711,INE034A01011,
ARVINDFASN,EQ,274.2,289.05,272.3,286.7,287.0,271.95,944814,266311561.85,04-OCT-2021,20950,INE955V01021,
ARVSMART,EQ,173.85,179.1,172.55,175.35,175.25,173.85,135732,23852843.2,04-OCT-2021,3393,INE034S01021,
ASAHIINDIA,EQ,358.05,362.85,357.15,359.2,359.0,357.45,39985,14390468.3,04-OCT-2021,1748,INE439A01020,
ASAHISONG,EQ,345.95,349.5,341.15,344.6,344.0,340.85,13361,4608304.45,04-OCT-2021,922,INE228I01012,
ASAL,BE,62.6,62.6,59.9,62.0,61.0,59.9,13549,825162.25,04-OCT-2021,157,INE900C01027,
ASALCBR,EQ,448.5,452.35,442.05,445.95,448.0,444.45,83602,37459674.0,04-OCT-2021,4061,INE073G01016,
ASHAPURMIN,EQ,125.0,131.6,124.25,131.6,131.6,125.35,277516,36149522.9,04-OCT-2021,1970,INE348A01023,
ASHIANA,EQ,193.5,204.95,193.5,195.65,196.0,192.85,138848,27493550.7,04-OCT-2021,4960,INE365D01021,
ASHIMASYN,EQ,18.5,18.5,17.7,17.8,17.7,17.75,63165,1135850.3,04-OCT-2021,188,INE440A01010,
ASHOKA,EQ,98.65,99.55,98.0,99.05,99.0,97.95,1296970,128150316.7,04-OCT-2021,8594,INE442H01029,
ASHOKLEY,EQ,131.5,131.65,129.0,129.85,129.85,130.75,13424262,1745481099.05,04-OCT-2021,66883,INE208A01029,
ASIANHOTNR,EQ,91.65,93.75,89.0,91.15,90.75,90.5,32123,2939778.4,04-OCT-2021,773,INE363A01022,
ASIANPAINT,EQ,3202.8,3230.5,3178.0,3201.6,3202.0,3177.85,921241,2952622044.4,04-OCT-2021,82803,INE021A01026,
ASIANTILES,EQ,160.6,170.0,157.5,168.25,168.35,159.0,2712313,446764430.95,04-OCT-2021,21419,INE022I01019,
ASPINWALL,EQ,183.6,183.6,178.25,179.6,180.0,179.2,12046,2182020.15,04-OCT-2021,872,INE991I01015,
ASTEC,EQ,1294.95,1320.9,1284.9,1306.65,1307.65,1285.15,13429,17422464.85,04-OCT-2021,1937,INE563J01010,
ASTERDM,EQ,211.3,212.75,209.0,210.45,210.5,211.85,532290,112387796.65,04-OCT-2021,10260,INE914M01019,
ASTRAL,EQ,2216.15,2415.0,2197.9,2354.0,2362.0,2199.8,1713217,4032215145.55,04-OCT-2021,134250,INE006I01046,
ASTRAMICRO,EQ,206.95,212.4,204.1,208.25,207.5,206.1,888618,185641743.3,04-OCT-2021,13363,INE386C01029,
ASTRAZEN,EQ,3116.35,3135.0,3086.0,3095.9,3097.0,3097.85,13542,42110548.3,04-OCT-2021,3143,INE203A01020,
ASTRON,EQ,57.55,58.9,56.4,58.05,58.15,57.9,95115,5518841.25,04-OCT-2021,1498,INE646X01014,
ATFL,EQ,1029.55,1050.95,1020.0,1025.55,1031.15,1024.4,9156,9486147.0,04-OCT-2021,844,INE209A01019,
ATGL,BE,1430.0,1433.0,1401.0,1409.85,1410.0,1423.6,366579,520989382.35,04-OCT-2021,4016,INE399L01023,
ATLANTA,BE,14.0,14.0,13.55,13.75,14.0,14.0,18846,259452.4,04-OCT-2021,129,INE285H01022,
ATNINTER,BE,0.15,0.2,0.15,0.2,0.2,0.2,20571,3599.2,04-OCT-2021,12,INE803A01027,
ATUL,EQ,9845.0,10179.9,9770.0,10093.75,10100.0,9740.8,47708,476519288.55,04-OCT-2021,8572,INE100A01010,
ATULAUTO,EQ,223.65,239.5,221.0,226.85,226.1,221.85,1012076,231870269.85,04-OCT-2021,26903,INE951D01028,
AUBANK,EQ,1184.0,1203.1,1184.0,1189.4,1193.5,1183.95,834231,995634940.1,04-OCT-2021,28014,INE949L01017,
AURIONPRO,BE,217.95,222.25,214.0,219.75,220.5,211.7,76644,16848527.7,04-OCT-2021,854,INE132H01018,
AUROPHARMA,EQ,710.0,751.9,708.0,732.15,732.4,717.3,5386291,3972939523.95,04-OCT-2021,163352,INE406A01037,
AUSOMENT,BE,66.15,68.5,63.8,68.3,68.3,66.3,2647,178525.35,04-OCT-2021,49,INE218C01016,
AUTOAXLES,EQ,1247.0,1277.0,1210.0,1257.6,1259.0,1241.0,13444,16801023.2,04-OCT-2021,3033,INE449A01011,
AUTOIND,EQ,57.05,58.6,56.25,57.0,57.1,57.75,25913,1481219.6,04-OCT-2021,373,INE718H01014,
AVADHSUGAR,EQ,459.0,488.75,456.15,476.1,475.8,444.35,592105,281424478.55,04-OCT-2021,22859,INE349W01017,
AVANTIFEED,EQ,553.7,557.95,550.0,553.5,553.8,549.65,139238,77021263.0,04-OCT-2021,7681,INE871C01038,
AVTNPL,EQ,82.0,84.5,79.55,82.5,82.5,81.15,286542,23814888.55,04-OCT-2021,5437,INE488D01021,
AWHCL,EQ,348.7,357.4,343.4,349.2,349.0,347.65,701644,246968497.0,04-OCT-2021,15206,INE01BK01022,
AXISBANK,EQ,771.1,781.15,770.3,779.0,780.0,768.15,5845527,4547459561.5,04-OCT-2021,149392,INE238A01034,
AXISBNKETF,EQ,400.0,443.1,375.18,379.0,379.0,375.5,1427,552456.59,04-OCT-2021,102,INF846K01X63,
AXISBPSETF,EQ,10.36,10.37,10.35,10.35,10.37,10.36,23698,245613.16,04-OCT-2021,154,INF846K01Z04,
AXISCADES,EQ,88.65,88.65,88.65,88.65,88.65,84.45,50645,4489679.25,04-OCT-2021,161,INE555B01013,
AXISCETF,EQ,76.0,76.0,71.0,72.78,72.75,72.59,2144,155395.16,04-OCT-2021,70,INF846K016C7,
AXISGOLD,EQ,40.16,40.69,40.15,40.24,40.23,40.16,121710,4908220.25,04-OCT-2021,8658,INF846K01W80,
AXISHCETF,EQ,89.37,91.3,89.1,90.48,90.5,89.37,7788,702738.93,04-OCT-2021,369,INF846K01Z12,
AXISNIFTY,EQ,185.37,185.79,183.91,184.95,184.75,183.89,2923,540583.92,04-OCT-2021,156,INF846K01W98,
AXISTECETF,EQ,359.99,359.99,347.05,355.94,356.0,352.17,6811,2420241.96,04-OCT-2021,313,INF846K01Y96,
AYMSYNTEX,EQ,112.85,121.5,109.1,115.0,115.25,112.85,195843,22565065.75,04-OCT-2021,4485,INE193B01039,
BAFNAPH,EQ,128.9,129.55,127.5,128.0,128.0,127.65,4050,519685.95,04-OCT-2021,119,INE878I01022,
BAGFILMS,BE,3.45,3.5,3.3,3.4,3.45,3.35,370664,1255398.75,04-OCT-2021,298,INE116D01028,
BAJAJ-AUTO,EQ,3856.45,3884.6,3821.25,3825.95,3823.0,3852.6,237249,912429526.35,04-OCT-2021,24806,INE917I01010,
BAJAJCON,EQ,255.8,257.6,254.3,255.8,255.55,253.45,357176,91421208.1,04-OCT-2021,7905,INE933K01021,
BAJAJELEC,EQ,1315.6,1355.0,1310.0,1320.85,1323.0,1306.9,97905,129564736.85,04-OCT-2021,9494,INE193E01025,
BAJAJFINSV,EQ,17359.95,17936.0,17301.0,17806.2,17755.0,17177.8,401325,7099489815.45,04-OCT-2021,68963,INE918I01018,
BAJAJHIND,BE,16.7,16.85,16.4,16.85,16.85,16.05,3336606,56066044.5,04-OCT-2021,4757,INE306A01021,
BAJAJHLDNG,EQ,4787.9,4949.0,4762.7,4915.4,4897.95,4737.4,85737,417078733.25,04-OCT-2021,16006,INE118A01012,
BAJFINANCE,EQ,7588.0,7769.0,7560.15,7695.05,7693.15,7522.75,1090198,8383282826.9,04-OCT-2021,88726,INE296A01024,
BALAJITELE,EQ,65.5,68.5,65.5,67.5,67.4,65.4,334868,22460598.2,04-OCT-2021,4609,INE794B01026,
BALAMINES,EQ,4575.0,4743.0,4545.0,4695.85,4692.0,4549.85,77837,362010576.9,04-OCT-2021,11711,INE050E01027,
BALAXI,EQ,579.9,589.0,570.45,573.4,572.25,573.95,2525,1459953.15,04-OCT-2021,241,INE618N01014,
BALKRISHNA,BE,18.35,20.2,18.35,20.2,20.2,19.25,6043,120318.0,04-OCT-2021,19,INE875R01011,
BALKRISIND,EQ,2555.0,2556.45,2510.3,2520.8,2527.95,2541.4,217508,549752825.05,04-OCT-2021,17344,INE787D01026,
BALMLAWRIE,EQ,128.7,129.75,128.7,129.2,129.65,128.65,251705,32519470.25,04-OCT-2021,4510,INE164A01016,
BALPHARMA,EQ,104.0,104.6,102.5,103.0,103.3,102.65,46270,4789283.45,04-OCT-2021,1751,INE083D01012,
BALRAMCHIN,EQ,370.0,395.0,370.0,392.75,392.6,366.25,5833642,2259788915.0,04-OCT-2021,88840,INE119A01028,
BANARBEADS,EQ,65.55,65.55,63.3,64.25,64.2,63.35,11238,721736.15,04-OCT-2021,315,INE655B01011,
BANARISUG,EQ,2264.0,2375.0,2226.05,2307.8,2314.1,2247.3,14898,34570895.5,04-OCT-2021,2334,INE459A01010,
BANCOINDIA,EQ,193.8,197.95,193.25,194.3,194.1,192.8,121215,23657698.9,04-OCT-2021,7043,INE213C01025,
BANDHANBNK,EQ,291.5,297.8,291.0,295.35,295.85,289.0,5634450,1661836737.5,04-OCT-2021,57020,INE545U01014,
BANG,BE,37.0,38.85,36.0,38.85,38.85,37.0,26238,1013669.65,04-OCT-2021,167,INE863I01016,
BANKA,BE,76.15,79.95,73.0,77.75,78.0,76.15,7076,547235.0,04-OCT-2021,118,INE862Y01015,
BANKBARODA,EQ,82.95,84.7,82.75,84.35,84.2,82.45,37506487,3152687057.35,04-OCT-2021,83606,INE028A01039,
BANKBEES,EQ,381.0,381.0,374.97,379.12,379.45,375.26,248568,94183225.32,04-OCT-2021,4733,INF204KB15I9,
BANKINDIA,EQ,57.25,57.95,57.0,57.8,57.8,56.6,8897221,512432170.55,04-OCT-2021,27775,INE084A01016,
BANSWRAS,EQ,168.85,168.85,168.85,168.85,168.85,160.85,104592,17660359.2,04-OCT-2021,57,INE629D01012,
BARBEQUE,EQ,1121.7,1129.8,1097.75,1112.4,1115.0,1112.65,57264,63816236.9,04-OCT-2021,5948,INE382M01027,
BASF,EQ,3469.95,3575.0,3455.0,3553.55,3550.0,3444.8,61138,215101929.85,04-OCT-2021,9033,INE373A01013,
BASML,EQ,68.1,68.1,65.45,68.1,68.1,64.9,219293,14862708.9,04-OCT-2021,1348,INE186H01022,
BATAINDIA,EQ,1853.05,1886.95,1835.1,1868.95,1875.0,1834.7,898323,1673405297.15,04-OCT-2021,52339,INE176A01028,
BAYERCROP,EQ,5346.0,5350.0,5235.6,5249.4,5250.0,5276.4,18335,96634694.3,04-OCT-2021,4096,INE462A01022,
BBL,EQ,1327.9,1360.0,1327.35,1337.9,1340.0,1321.25,11956,16052694.8,04-OCT-2021,1718,INE464A01028,
BBTC,EQ,1159.95,1175.0,1159.95,1167.1,1168.0,1155.0,63736,74511054.85,04-OCT-2021,5545,INE050A01025,
BCG,BE,64.2,64.2,64.2,64.2,64.2,61.15,267939,17201683.8,04-OCT-2021,497,INE425B01027,
BCLIND,EQ,233.8,237.2,230.8,233.4,232.1,229.5,49607,11626050.35,04-OCT-2021,3300,INE412G01016,
BCP,EQ,3.8,3.95,3.8,3.8,3.85,3.85,130679,501112.05,04-OCT-2021,271,INE905P01028,
BDL,EQ,378.0,387.9,376.65,377.9,378.0,377.7,178101,67816360.85,04-OCT-2021,6795,INE171Z01018,
BEARDSELL,EQ,12.75,13.25,12.75,13.05,13.2,12.75,12504,163015.25,04-OCT-2021,69,INE520H01022,
BECTORFOOD,EQ,411.1,414.5,409.0,411.05,409.5,410.05,278396,114475023.9,04-OCT-2021,3307,INE495P01012,
BEDMUTHA,EQ,36.5,37.2,35.45,37.2,37.2,35.45,14881,540505.7,04-OCT-2021,284,INE844K01012,
BEL,EQ,202.0,206.1,201.75,205.8,206.0,201.75,5542529,1128839205.2,04-OCT-2021,43054,INE263A01024,
BEML,EQ,1424.0,1439.0,1417.95,1429.0,1428.0,1423.95,160175,228909834.2,04-OCT-2021,9181,INE258A01016,
BEPL,EQ,188.95,198.0,188.9,197.1,196.75,187.8,2867737,557488049.6,04-OCT-2021,31393,INE922A01025,
BERGEPAINT,EQ,814.15,822.7,811.0,820.8,820.5,810.4,607044,496333957.15,04-OCT-2021,26450,INE463A01038,
BESTAGRO,EQ,787.8,800.0,768.1,785.8,793.0,779.5,65198,51106365.5,04-OCT-2021,2071,INE052T01013,
BFINVEST,EQ,357.6,366.8,357.05,362.15,365.9,355.9,33701,12213918.25,04-OCT-2021,1397,INE878K01010,
BFUTILITIE,EQ,432.6,441.0,431.6,433.6,434.3,430.2,125319,54564715.8,04-OCT-2021,3523,INE243D01012,
BGLOBAL,BE,2.5,2.5,2.3,2.5,2.5,2.4,62213,154792.2,04-OCT-2021,113,INE224M01013,
BGRENERGY,EQ,65.25,68.1,63.6,66.15,66.45,65.25,452233,30157796.1,04-OCT-2021,6196,INE661I01014,
BHAGERIA,EQ,286.1,298.5,279.6,294.55,296.8,280.95,377607,109779899.9,04-OCT-2021,13270,INE354C01027,
BHAGYANGR,EQ,47.95,48.85,47.55,48.4,48.1,48.15,53032,2556311.6,04-OCT-2021,393,INE458B01036,
BHAGYAPROP,EQ,29.65,30.3,29.45,29.6,29.6,29.65,5619,167215.8,04-OCT-2021,56,INE363W01018,
BHANDARI,EQ,3.3,3.4,3.25,3.3,3.35,3.25,558156,1855568.1,04-OCT-2021,709,INE474E01029,
BHARATFORG,EQ,730.0,745.0,730.0,741.95,743.3,727.6,1193970,884031565.8,04-OCT-2021,16527,INE465A01025,
BHARATGEAR,EQ,140.5,150.0,139.55,149.1,149.5,140.7,53913,7882192.0,04-OCT-2021,1501,INE561C01019,
BHARATRAS,EQ,12205.1,12371.15,12000.0,12299.15,12340.0,12127.9,2314,28267883.1,04-OCT-2021,1168,INE838B01013,
BHARATWIRE,BE,62.0,63.95,62.0,63.55,63.5,61.75,21661,1366061.15,04-OCT-2021,133,INE316L01019,
BHARTIARTL,EQ,675.0,686.2,669.7,681.4,682.4,675.9,8917898,6068058554.7,04-OCT-2021,204952,INE397D01024,
BHEL,EQ,65.95,66.2,64.7,65.55,65.4,65.6,43796233,2868031917.8,04-OCT-2021,76629,INE257A01026,
BIGBLOC,EQ,118.0,121.8,118.0,120.2,120.0,115.9,62035,7426318.05,04-OCT-2021,824,INE412U01017,
BIL,EQ,220.6,244.0,220.1,233.3,229.05,222.05,39428,9363106.35,04-OCT-2021,1235,INE828A01016,
BINDALAGRO,EQ,23.4,23.4,22.9,23.05,23.15,23.0,155905,3610378.65,04-OCT-2021,1703,INE143A01010,
BIOCON,EQ,367.0,370.6,364.25,364.9,365.0,365.3,1734169,637499826.9,04-OCT-2021,24635,INE376G01013,
BIOFILCHEM,EQ,63.9,63.95,63.05,63.45,63.4,63.05,23564,1494328.65,04-OCT-2021,496,INE829A01014,
BIRLACABLE,BE,86.95,89.0,85.25,87.65,88.0,86.95,28931,2532463.75,04-OCT-2021,328,INE800A01015,
BIRLACORPN,EQ,1398.8,1419.4,1390.0,1397.8,1395.25,1387.55,97770,137460878.15,04-OCT-2021,9873,INE340A01012,
BIRLAMONEY,EQ,63.05,64.15,62.6,63.2,63.3,63.4,109523,6963393.95,04-OCT-2021,1267,INE865C01022,
BIRLATYRE,EQ,24.3,24.3,23.9,24.05,24.05,24.0,231586,5568985.5,04-OCT-2021,1592,INE0AEJ01013,
BLBLIMITED,EQ,9.9,10.1,9.7,10.1,10.1,9.65,54924,549728.7,04-OCT-2021,254,INE791A01024,
BLISSGVS,EQ,110.1,110.9,109.6,109.95,110.4,109.55,203608,22437656.85,04-OCT-2021,3089,INE416D01022,
BLKASHYAP,EQ,27.85,29.7,27.5,29.55,29.7,27.0,1859915,53762534.3,04-OCT-2021,2390,INE350H01032,
BLS,EQ,253.4,266.05,252.5,266.05,266.05,253.4,289968,76162293.35,04-OCT-2021,3723,INE153T01027,
BLUECHIP,BE,0.35,0.4,0.3,0.3,0.3,0.35,4369,1559.15,04-OCT-2021,11,INE657B01025,
BLUECOAST,BE,6.15,6.15,6.15,6.15,6.15,6.45,105,645.75,04-OCT-2021,2,INE472B01011,
BLUEDART,EQ,6422.0,6453.1,6301.1,6326.1,6325.0,6419.7,15064,95686691.85,04-OCT-2021,3398,INE233B01017,
BLUESTARCO,EQ,906.0,912.95,882.0,886.75,886.0,909.4,58978,52673085.85,04-OCT-2021,4688,INE472A01039,
BODALCHEM,EQ,119.25,131.25,118.5,129.75,131.0,118.4,5768222,729962444.65,04-OCT-2021,48109,INE338D01028,
BOMDYEING,EQ,93.0,94.8,92.7,93.75,93.75,92.5,2174521,203664305.85,04-OCT-2021,12225,INE032A01023,
BOROLTD,EQ,219.7,224.45,218.5,221.35,221.15,217.25,143164,31630669.5,04-OCT-2021,4046,INE02PY01013,
BORORENEW,EQ,311.9,321.0,307.25,321.0,321.0,305.75,277476,88284760.6,04-OCT-2021,4098,INE666D01022,
BOSCHLTD,EQ,15565.0,15649.0,15355.45,15479.1,15420.0,15447.55,30173,467194081.4,04-OCT-2021,5882,INE323A01026,
BPCL,EQ,434.0,438.0,433.5,435.85,435.45,433.05,2681114,1169013829.35,04-OCT-2021,56467,INE029A01011,
BPL,BE,131.95,131.95,131.95,131.95,131.95,125.7,52677,6950730.15,04-OCT-2021,311,INE110A01019,
BRFL,BE,7.25,7.3,7.05,7.15,7.2,7.1,272195,1953230.65,04-OCT-2021,335,INE589G01011,
BRIGADE,EQ,410.6,433.2,410.6,427.05,427.9,410.6,1072994,456417612.0,04-OCT-2021,32159,INE791I01019,
BRITANNIA,EQ,3910.0,3967.25,3881.0,3892.9,3894.0,3921.1,372752,1458719800.25,04-OCT-2021,36548,INE216A01030,
BRNL,EQ,29.0,29.2,28.4,28.8,28.75,28.6,40033,1152106.35,04-OCT-2021,547,INE727S01012,
BROOKS,EQ,132.4,138.45,132.05,138.45,138.45,131.9,44285,6067627.1,04-OCT-2021,381,INE650L01011,
BSE,EQ,1220.0,1253.65,1220.0,1237.45,1237.95,1219.0,254596,314730493.85,04-OCT-2021,14374,INE118H01025,
BSHSL,BE,289.05,298.0,285.0,294.0,294.0,287.95,1098,317012.0,04-OCT-2021,38,INE032Z01012,
BSL,EQ,61.9,64.65,61.9,63.2,63.2,63.05,30967,1964126.4,04-OCT-2021,654,INE594B01012,
BSLGOLDETF,EQ,4279.95,4288.0,4230.0,4237.0,4231.05,4246.15,375,1592323.75,04-OCT-2021,127,INF209K01HT2,
BSLNIFTY,EQ,192.3,197.03,192.3,196.32,196.32,194.7,912,179151.02,04-OCT-2021,39,INF209K01IR4,
BSOFT,EQ,401.0,408.4,401.0,406.5,407.1,397.25,1136650,461346512.3,04-OCT-2021,38864,INE836A01035,
BURGERKING,EQ,161.0,163.4,161.0,162.55,162.6,160.5,765426,124387475.75,04-OCT-2021,9481,INE07T201019,
BURNPUR,BE,3.1,3.2,3.05,3.15,3.15,3.05,244078,764770.45,04-OCT-2021,312,INE817H01014,
BUTTERFLY,EQ,968.0,998.0,955.0,987.7,989.85,954.55,64252,63469023.5,04-OCT-2021,3517,INE295F01017,
BVCL,BE,24.75,24.75,22.5,22.75,22.5,23.65,41971,962496.55,04-OCT-2021,187,INE139I01011,
BYKE,EQ,31.5,33.05,30.8,32.4,32.15,31.5,216354,6904958.7,04-OCT-2021,1212,INE319B01014,
CADILAHC,EQ,560.0,573.2,557.25,562.15,561.0,555.7,2672672,1510953172.0,04-OCT-2021,34818,INE010B01027,
CALSOFT,EQ,28.3,29.7,28.3,28.3,28.3,29.75,202581,5766307.0,04-OCT-2021,628,INE526B01014,
CAMLINFINE,EQ,191.0,208.8,190.55,202.05,203.0,189.95,2806091,566847067.65,04-OCT-2021,38802,INE052I01032,
CAMS,EQ,3039.9,3160.0,3026.0,3131.25,3140.0,2985.6,928556,2895664735.2,04-OCT-2021,94720,INE596I01012,
CANBK,EQ,177.4,182.95,177.1,182.1,182.0,176.85,25046490,4531871690.25,04-OCT-2021,101402,INE476A01014,
CANFINHOME,EQ,675.0,720.0,671.15,710.5,713.0,671.15,5407700,3804252186.55,04-OCT-2021,96771,INE477A01020,
CANTABIL,EQ,615.1,624.95,612.0,617.7,616.25,622.6,18025,11137205.8,04-OCT-2021,1057,INE068L01016,
CAPACITE,EQ,166.0,177.0,165.9,175.2,174.5,164.3,724115,124919984.65,04-OCT-2021,8782,INE264T01014,
CAPLIPOINT,EQ,880.5,899.0,880.5,888.05,888.8,877.1,181211,161425450.55,04-OCT-2021,11161,INE475E01026,
CAPTRUST,EQ,92.2,95.5,92.2,95.05,93.55,93.5,10277,969185.45,04-OCT-2021,173,INE707C01018,
CARBORUNIV,EQ,877.9,896.0,867.45,893.45,890.0,872.9,152859,135407731.05,04-OCT-2021,14099,INE120A01034,
CAREERP,EQ,160.0,164.9,157.05,161.6,162.05,160.15,36660,5913474.0,04-OCT-2021,1441,INE521J01018,
CARERATING,EQ,674.85,697.5,674.45,688.95,691.55,671.55,106652,73418610.95,04-OCT-2021,5588,INE752H01013,
CARTRADE,EQ,1298.0,1324.8,1286.35,1316.5,1316.85,1289.25,201303,263031394.1,04-OCT-2021,16123,INE290S01011,
CASTROLIND,EQ,140.4,141.55,138.8,140.6,140.05,140.1,712624,99978645.55,04-OCT-2021,11853,INE172A01027,
CCCL,BE,0.5,0.5,0.4,0.4,0.5,0.45,116668,49347.8,04-OCT-2021,39,INE429I01024,
CCHHL,BE,6.65,6.8,6.3,6.75,6.8,6.5,65139,435767.15,04-OCT-2021,159,INE652F01027,
CCL,EQ,394.0,399.25,388.35,390.75,390.5,383.4,309495,121481282.3,04-OCT-2021,13569,INE421D01022,
CDSL,BE,1310.0,1313.0,1291.0,1296.4,1298.9,1289.8,182566,237560037.2,04-OCT-2021,19930,INE736A01011,
CEATLTD,EQ,1323.85,1349.5,1319.45,1335.8,1334.9,1314.0,158280,211721383.2,04-OCT-2021,11197,INE482A01020,
CEBBCO,BE,33.65,35.05,33.5,35.05,35.05,33.4,184285,6407835.45,04-OCT-2021,424,INE209L01016,
CELEBRITY,EQ,9.35,9.65,9.2,9.65,9.65,9.35,34587,328739.35,04-OCT-2021,194,INE185H01016,
CENTENKA,EQ,463.0,469.0,451.5,455.35,458.0,455.7,110114,50602163.95,04-OCT-2021,6179,INE485A01015,
CENTEXT,EQ,9.15,9.45,8.9,9.2,9.3,9.05,346103,3146090.55,04-OCT-2021,615,INE281A01026,
CENTRALBK,EQ,22.5,22.8,22.35,22.45,22.5,22.25,5012245,112571064.75,04-OCT-2021,7705,INE483A01010,
CENTRUM,EQ,30.15,36.15,30.15,36.15,36.15,30.15,3701159,126584053.5,04-OCT-2021,10467,INE660C01027,
CENTUM,EQ,483.35,493.0,477.0,479.15,479.0,483.1,6594,3192278.2,04-OCT-2021,473,INE320B01020,
CENTURYPLY,EQ,478.45,494.0,478.45,482.15,481.1,474.85,343010,167178700.1,04-OCT-2021,14430,INE348B01021,
CENTURYTEX,EQ,916.3,932.8,915.0,920.85,918.5,916.3,267968,247448756.6,04-OCT-2021,10674,INE055A01016,
CERA,EQ,5208.0,5266.35,5155.05,5247.7,5260.0,5162.95,14073,73248630.7,04-OCT-2021,4522,INE739E01017,
CEREBRAINT,EQ,55.9,56.4,54.95,55.6,55.7,54.9,119953,6696680.5,04-OCT-2021,2929,INE345B01019,
CESC,EQ,92.25,94.35,91.6,92.15,92.25,91.4,12656400,1179765119.45,04-OCT-2021,62741,INE486A01021,
CGCL,EQ,534.95,569.0,523.1,538.7,534.0,525.45,216876,119683019.95,04-OCT-2021,13832,INE180C01026,
CGPOWER,BE,126.0,127.9,125.0,126.55,125.8,124.25,2102857,267440531.6,04-OCT-2021,13313,INE067A01029,
CHALET,EQ,231.4,251.9,223.55,238.85,238.0,229.8,751367,180521261.25,04-OCT-2021,21656,INE427F01016,
CHAMBLFERT,EQ,341.0,342.7,333.35,335.95,336.6,339.85,600524,203122816.35,04-OCT-2021,15415,INE085A01013,
CHEMBOND,EQ,224.05,233.95,223.65,225.8,225.0,223.0,30755,6994196.2,04-OCT-2021,863,INE995D01025,
CHEMCON,EQ,437.4,454.9,436.25,447.1,446.95,433.95,377526,168746083.5,04-OCT-2021,21030,INE03YM01018,
CHEMFAB,EQ,192.0,200.0,186.0,191.7,191.0,189.95,117263,22860199.6,04-OCT-2021,3372,INE783X01023,
CHEMPLASTS,EQ,605.0,684.35,605.0,675.15,675.0,601.0,2729456,1785460908.4,04-OCT-2021,80131,INE488A01050,
CHENNPETRO,EQ,123.7,125.6,123.5,123.95,124.05,123.7,341733,42551822.85,04-OCT-2021,4538,INE178A01016,
CHOLAFIN,EQ,560.6,573.15,559.25,564.35,564.2,558.65,2246455,1272691338.9,04-OCT-2021,51418,INE121A01024,
CHOLAHLDNG,EQ,694.0,699.2,682.8,693.65,697.65,697.65,19357,13405171.85,04-OCT-2021,2340,INE149A01033,
CIGNITITEC,EQ,608.6,608.6,586.6,597.35,596.5,605.55,116659,69357526.65,04-OCT-2021,5534,INE675C01017,
CINELINE,BE,108.1,111.0,106.0,107.85,108.0,108.1,34788,3774703.95,04-OCT-2021,249,INE704H01022,
CINEVISTA,BE,15.75,15.75,15.5,15.75,15.75,15.0,49017,771856.55,04-OCT-2021,161,INE039B01026,
CIPLA,EQ,986.0,996.95,954.9,957.5,956.9,986.2,4097873,3987056479.15,04-OCT-2021,82342,INE059A01026,
CLEAN,EQ,2107.0,2167.0,2104.45,2138.6,2129.0,2096.5,377175,808551585.45,04-OCT-2021,25909,INE227W01023,
CLEDUCATE,EQ,76.55,80.0,76.5,76.7,77.0,77.25,103371,8029505.05,04-OCT-2021,1407,INE201M01029,
CLNINDIA,EQ,568.4,574.3,565.5,571.2,570.1,568.4,24056,13721636.05,04-OCT-2021,2043,INE492A01029,
CLSEL,EQ,123.6,125.95,120.0,122.3,121.7,123.65,78107,9588588.5,04-OCT-2021,1747,INE419D01026,
CMICABLES,EQ,45.65,48.2,44.5,47.55,47.5,45.2,153828,7178997.5,04-OCT-2021,1368,INE981B01011,
COALINDIA,EQ,192.5,193.35,188.3,189.95,190.0,188.7,23341448,4440218641.55,04-OCT-2021,141048,INE522F01014,
COCHINSHIP,EQ,361.25,364.2,360.05,360.5,361.2,359.85,139695,50513022.35,04-OCT-2021,4495,INE704P01017,
COFFEEDAY,EQ,33.4,33.5,31.6,32.05,32.1,32.2,1389413,44916832.2,04-OCT-2021,5818,INE335K01011,
COFORGE,EQ,5298.6,5368.0,5251.0,5337.95,5346.0,5279.5,189050,1004810128.85,04-OCT-2021,25439,INE591G01017,
COLPAL,EQ,1690.0,1703.9,1679.85,1682.65,1681.3,1687.8,308226,521194842.25,04-OCT-2021,14833,INE259A01022,
COMPINFO,EQ,26.35,26.35,25.7,25.8,25.85,25.95,107221,2777101.15,04-OCT-2021,815,INE070C01037,
COMPUSOFT,EQ,15.95,15.95,15.95,15.95,15.95,15.2,78472,1251628.4,04-OCT-2021,233,INE453B01029,
CONCOR,EQ,707.0,722.0,703.2,707.1,707.5,703.5,2187223,1556434369.45,04-OCT-2021,45544,INE111A01025,
CONFIPET,EQ,86.4,89.3,85.4,86.55,86.8,84.85,2730871,239355318.75,04-OCT-2021,18474,INE552D01024,
CONSOFINVT,EQ,140.8,141.5,136.1,140.95,141.5,139.8,39245,5526709.75,04-OCT-2021,209,INE025A01027,
CONTROLPR,EQ,328.0,333.0,326.95,328.05,328.3,329.2,20487,6747681.8,04-OCT-2021,834,INE663B01015,
CORALFINAC,EQ,45.4,45.55,44.4,44.6,44.85,44.5,25583,1146324.4,04-OCT-2021,308,INE558D01021,
CORDSCABLE,EQ,54.35,54.5,52.8,53.5,53.9,53.3,70601,3775545.7,04-OCT-2021,802,INE792I01017,
COROMANDEL,EQ,802.0,811.0,798.15,800.9,800.0,799.9,364074,292419767.65,04-OCT-2021,13854,INE169A01031,
COSMOFILMS,EQ,1470.0,1482.0,1441.1,1449.0,1458.0,1471.05,70536,102825793.65,04-OCT-2021,6337,INE757A01017,
COUNCODOS,EQ,2.9,3.0,2.8,2.85,2.9,2.85,286930,828417.75,04-OCT-2021,207,INE695B01025,
CPSEETF,EQ,30.0,31.17,30.0,31.01,30.97,30.58,3280966,101393456.27,04-OCT-2021,24003,INF457M01133,
CRAFTSMAN,EQ,2129.9,2142.55,2072.65,2111.1,2115.0,2106.8,21799,45950098.75,04-OCT-2021,4905,INE00LO01017,
CREATIVE,BE,232.0,242.85,232.0,240.05,240.0,231.3,53200,12813664.9,04-OCT-2021,285,INE985W01018,
CREATIVEYE,EQ,3.7,3.75,3.7,3.7,3.7,3.7,23471,87604.2,04-OCT-2021,16,INE230B01021,
CREDITACC,EQ,640.85,648.65,636.7,646.05,647.0,637.65,39645,25508312.85,04-OCT-2021,3479,INE741K01010,
CREST,BE,120.15,123.95,120.15,122.25,122.25,120.05,5474,666355.6,04-OCT-2021,49,INE559D01011,
CRISIL,EQ,2755.0,2920.0,2755.0,2847.2,2820.0,2753.1,46095,130570947.3,04-OCT-2021,8195,INE007A01025,
CROMPTON,EQ,492.4,496.0,477.35,487.45,487.5,488.8,1113415,541314366.75,04-OCT-2021,39937,INE299U01018,
CSBBANK,EQ,321.9,321.9,315.75,318.15,319.0,310.7,502232,159950780.55,04-OCT-2021,11774,INE679A01013,
CTE,EQ,59.85,59.85,55.75,56.7,56.9,58.35,76897,4418872.1,04-OCT-2021,980,INE627H01017,
CUB,EQ,159.0,161.0,157.8,159.7,160.0,158.65,2188659,349918569.9,04-OCT-2021,17171,INE491A01021,
CUBEXTUB,EQ,24.3,24.3,23.65,24.3,24.3,23.15,10303,250103.4,04-OCT-2021,95,INE144D01012,
CUMMINSIND,EQ,918.2,932.2,888.45,893.3,892.0,918.1,5686783,5110405921.75,04-OCT-2021,131241,INE298A01020,
CUPID,EQ,232.9,239.1,232.9,237.9,238.5,232.45,87390,20616493.35,04-OCT-2021,2806,INE509F01011,
CYBERMEDIA,BE,10.5,10.5,9.8,10.25,10.25,10.2,6156,62691.75,04-OCT-2021,28,INE278G01037,
CYBERTECH,EQ,162.0,165.0,161.0,161.55,162.0,161.8,58884,9581755.85,04-OCT-2021,2316,INE214A01019,
CYIENT,EQ,1060.0,1062.0,1047.05,1054.85,1055.0,1062.7,195445,205988579.0,04-OCT-2021,17425,INE136B01020,
DAAWAT,EQ,72.2,72.45,70.95,71.2,71.1,71.85,1143746,82011086.6,04-OCT-2021,8325,INE818H01020,
DABUR,EQ,619.9,625.45,613.3,624.2,624.45,617.95,2158448,1338953033.7,04-OCT-2021,55643,INE016A01026,
DALALSTCOM,BE,1.15,1.15,1.1,1.1,1.1,1.15,104,114.55,04-OCT-2021,3,INE055C01020,
DALBHARAT,EQ,2134.7,2150.0,2120.0,2128.45,2129.75,2115.5,273486,583076683.45,04-OCT-2021,21895,INE00R701025,
DALMIASUG,EQ,465.0,485.0,455.0,482.45,481.5,444.3,1093940,518888578.2,04-OCT-2021,38637,INE495A01022,
DAMODARIND,BE,49.0,49.0,46.2,47.8,48.25,47.95,3862,182642.6,04-OCT-2021,59,INE497D01022,
DANGEE,EQ,191.0,191.9,189.5,191.0,191.85,190.7,5754,1094850.0,04-OCT-2021,81,INE688Y01014,
DATAMATICS,EQ,303.0,312.45,302.0,304.55,307.0,300.85,208861,64356876.2,04-OCT-2021,5165,INE365B01017,
DBCORP,EQ,97.5,99.9,97.3,98.95,98.0,96.8,274290,27182613.6,04-OCT-2021,4386,INE950I01011,
DBL,EQ,581.5,584.7,575.0,576.7,576.0,577.45,334524,193797407.8,04-OCT-2021,13176,INE917M01012,
DBREALTY,EQ,28.5,29.15,27.75,29.15,29.15,27.8,688568,19749552.8,04-OCT-2021,2029,INE879I01012,
DBSTOCKBRO,BE,17.5,17.8,17.45,17.7,17.7,17.7,1581,27883.05,04-OCT-2021,33,INE921B01025,
DCAL,EQ,213.45,224.45,211.25,223.4,223.4,211.25,3901565,855479750.2,04-OCT-2021,40778,INE385W01011,
DCBBANK,EQ,90.7,91.35,90.0,90.55,90.45,89.95,723814,65650471.95,04-OCT-2021,5338,INE503A01015,
DCM,BE,54.0,56.9,53.15,54.9,55.25,54.7,35451,1945761.0,04-OCT-2021,254,INE498A01018,
DCMFINSERV,BE,2.4,2.4,2.4,2.4,2.4,2.4,4821,11570.4,04-OCT-2021,7,INE891B01012,
DCMNVL,EQ,229.0,234.05,229.0,234.05,234.05,222.95,44595,10405953.25,04-OCT-2021,541,INE08KP01019,
DCMSHRIRAM,EQ,1045.0,1178.0,1035.65,1146.5,1154.9,1024.05,637180,717854151.45,04-OCT-2021,47179,INE499A01024,
DCW,EQ,49.4,53.65,49.4,53.35,53.5,48.95,14259646,744585663.55,04-OCT-2021,41398,INE500A01029,
DECCANCE,EQ,731.95,742.0,676.5,738.15,739.8,726.3,49585,36410125.85,04-OCT-2021,4227,INE583C01021,
DEEPAKFERT,EQ,428.0,430.0,415.5,419.75,419.95,415.65,496986,209998445.75,04-OCT-2021,11048,INE501A01019,
DEEPAKNTR,EQ,2388.9,2620.0,2383.45,2591.95,2617.2,2382.45,1940585,4890849754.4,04-OCT-2021,101582,INE288B01029,
DEEPENR,BE,45.2,45.25,44.55,44.8,44.8,45.2,31189,1401365.2,04-OCT-2021,137,INE677H01012,
DEEPINDS,EQ,153.0,153.0,147.8,148.55,149.6,149.65,56515,8454638.3,04-OCT-2021,2480,INE0FHS01016,
DELPHIFX,EQ,655.0,676.9,655.0,660.05,655.0,651.6,9509,6317256.7,04-OCT-2021,558,INE726L01019,
DELTACORP,EQ,282.7,283.85,269.05,275.85,274.25,281.3,15365889,4247143706.45,04-OCT-2021,117276,INE124G01033,
DELTAMAGNT,EQ,52.5,53.9,51.1,52.7,52.55,52.5,3186,169407.4,04-OCT-2021,110,INE393A01011,
DEN,EQ,48.45,50.85,48.45,49.8,49.8,48.45,2277488,113944665.15,04-OCT-2021,7899,INE947J01015,
DENORA,EQ,326.1,333.3,321.8,331.5,329.15,321.3,13512,4438549.25,04-OCT-2021,946,INE244A01016,
DEVYANI,EQ,116.5,116.85,115.6,115.8,115.75,115.8,1874155,217438964.25,04-OCT-2021,26416,INE872J01023,
DFMFOODS,EQ,351.95,355.0,345.2,348.8,349.0,349.6,53399,18728429.65,04-OCT-2021,2720,INE456C01020,
DGCONTENT,BE,12.3,12.9,11.75,12.45,12.8,12.3,24558,305864.15,04-OCT-2021,81,INE03JI01017,
DHAMPURSUG,EQ,308.05,318.9,308.0,318.9,318.9,303.75,1082602,341961047.8,04-OCT-2021,12755,INE041A01016,
DHANBANK,EQ,16.25,16.45,15.95,16.15,16.1,16.1,1206119,19504731.5,04-OCT-2021,3249,INE680A01011,
DHANI,EQ,182.8,194.35,181.45,192.75,191.7,180.65,3936889,743988532.9,04-OCT-2021,41728,INE274G01010,
DHANUKA,EQ,816.0,821.9,810.5,812.95,812.9,813.15,34365,28006581.9,04-OCT-2021,2806,INE435G01025,
DHARSUGAR,BE,18.7,19.6,18.7,19.6,19.6,18.7,70471,1361704.8,04-OCT-2021,405,INE988C01014,
DHUNINV,EQ,624.15,638.4,618.15,625.8,635.0,621.55,5176,3253216.95,04-OCT-2021,285,INE320L01011,
DIAMONDYD,EQ,665.1,687.0,663.65,675.7,678.25,664.65,20309,13656582.95,04-OCT-2021,1534,INE393P01035,
DICIND,EQ,458.0,467.7,458.0,463.95,462.0,457.95,3613,1675051.2,04-OCT-2021,232,INE303A01010,
DIGISPICE,BE,44.0,46.8,44.0,46.8,46.8,44.6,130673,6055787.85,04-OCT-2021,832,INE927C01020,
DISHTV,EQ,20.25,20.65,20.1,20.2,20.2,20.2,9991611,202618633.1,04-OCT-2021,16947,INE836F01026,
DIVISLAB,EQ,4890.0,5315.5,4890.0,5220.7,5211.1,4832.3,2888637,14985631188.2,04-OCT-2021,205980,INE361B01024,
DIXON,EQ,4939.95,5072.3,4830.0,4859.8,4856.85,4844.6,872863,4330511859.95,04-OCT-2021,91850,INE935N01020,
DLF,EQ,417.2,431.65,414.55,424.4,423.2,417.2,13898131,5886549972.95,04-OCT-2021,116394,INE271C01023,
DLINKINDIA,EQ,155.85,160.0,153.1,153.65,153.7,155.05,446138,69510689.55,04-OCT-2021,8895,INE250K01012,
DMART,EQ,4393.95,4464.35,4232.2,4257.35,4258.0,4235.6,906261,3891138761.9,04-OCT-2021,106852,INE192R01011,
DNAMEDIA,BE,2.3,2.3,2.15,2.25,2.25,2.25,110240,243636.2,04-OCT-2021,124,INE016M01021,
DODLA,EQ,595.0,605.8,592.8,593.65,593.55,593.75,47565,28417711.55,04-OCT-2021,3030,INE021O01019,
DOLAT,EQ,91.45,94.15,90.0,92.35,92.55,90.35,490022,45434330.2,04-OCT-2021,6302,INE966A01022,
DOLLAR,EQ,382.45,390.0,380.15,387.9,387.5,375.65,220259,85062545.5,04-OCT-2021,6743,INE325C01035,
DONEAR,EQ,57.5,59.0,57.5,58.25,58.0,57.5,43612,2550068.3,04-OCT-2021,637,INE668D01028,
DPABHUSHAN,EQ,218.85,227.0,215.3,219.65,220.0,215.1,22389,4951622.55,04-OCT-2021,345,INE266Y01019,
DPSCLTD,EQ,15.6,15.8,15.0,15.45,15.65,15.5,70630,1086549.4,04-OCT-2021,493,INE360C01024,
DPWIRES,EQ,234.95,238.0,231.0,231.25,231.0,230.55,22861,5364183.45,04-OCT-2021,719,INE864X01013,
DRCSYSTEMS,EQ,283.05,283.05,270.0,271.05,274.35,277.5,1171,318481.65,04-OCT-2021,108,INE03RS01019,
DREDGECORP,EQ,355.6,363.9,354.1,357.0,356.1,352.95,111529,39992838.4,04-OCT-2021,4762,INE506A01018,
DRREDDY,EQ,4955.0,5077.0,4950.0,5042.7,5030.0,4955.85,760353,3829681625.2,04-OCT-2021,64849,INE089A01023,
DSSL,EQ,148.2,150.5,146.0,147.1,146.0,146.05,28581,4241242.5,04-OCT-2021,1151,INE417B01040,
DTIL,EQ,261.7,268.0,261.7,266.3,267.25,260.7,11646,3087698.2,04-OCT-2021,509,INE341R01014,
DUCON,BE,10.25,10.3,9.85,10.0,9.95,10.1,46333,467837.6,04-OCT-2021,196,INE741L01018,
DVL,EQ,284.1,287.7,280.6,285.15,286.8,278.45,64078,18235049.55,04-OCT-2021,2410,INE477B01010,
DWARKESH,EQ,73.35,78.4,73.3,76.7,76.8,72.15,11650681,890897550.1,04-OCT-2021,49418,INE366A01041,
DYNAMATECH,EQ,3158.25,3158.25,3060.0,3081.2,3080.0,3139.8,19295,59635222.25,04-OCT-2021,4115,INE221B01012,
DYNPRO,EQ,666.0,681.7,632.25,641.5,643.0,643.55,607089,399856492.35,04-OCT-2021,44324,INE256H01015,
EASEMYTRIP,EQ,606.9,614.7,601.0,602.55,603.3,603.15,585072,354405105.0,04-OCT-2021,20385,INE07O001018,
EASTSILK,EQ,3.7,3.75,3.55,3.75,3.75,3.6,76320,282103.1,04-OCT-2021,188,INE962C01027,
EBANK,EQ,4170.92,4170.92,4170.92,4170.92,4170.92,4193.23,4,16683.68,04-OCT-2021,3,INF754K01EL1,
EBBETF0423,EQ,1148.5,1149.25,1146.68,1149.24,1149.25,1146.42,4755,5459501.72,04-OCT-2021,90,INF754K01KN4,
EBBETF0425,EQ,1069.0,1069.5,1066.6,1069.3,1069.34,1069.48,5624,6006031.1,04-OCT-2021,109,INF754K01LD3,
EBBETF0430,EQ,1212.0,1212.0,1180.05,1184.23,1184.75,1184.34,15652,18534739.54,04-OCT-2021,271,INF754K01KO2,
EBBETF0431,EQ,1061.5,1065.0,1058.0,1062.74,1063.99,1061.59,30884,32785920.79,04-OCT-2021,251,INF754K01LE1,
ECLERX,EQ,2199.0,2249.0,2170.0,2212.8,2215.0,2206.35,38141,84026295.7,04-OCT-2021,4942,INE738I01010,
EDELWEISS,EQ,81.5,82.5,79.85,80.2,80.4,81.25,2147548,173487620.75,04-OCT-2021,15053,INE532F01054,
EICHERMOT,EQ,2760.0,2771.0,2708.0,2745.9,2751.0,2772.45,874865,2400015061.2,04-OCT-2021,51224,INE066A01021,
EIDPARRY,EQ,433.0,442.0,425.0,435.75,434.3,428.15,508524,222760858.25,04-OCT-2021,14886,INE126A01031,
EIHAHOTELS,EQ,415.0,433.35,402.15,417.6,416.95,405.2,89413,37886870.05,04-OCT-2021,5895,INE276C01014,
EIHOTEL,EQ,128.35,134.8,128.05,130.6,130.9,128.15,865463,113582785.05,04-OCT-2021,11893,INE230A01023,
EIMCOELECO,EQ,394.4,399.9,386.0,390.0,391.8,388.55,21423,8410347.15,04-OCT-2021,1251,INE158B01016,
EKC,EQ,119.0,120.0,114.9,115.3,115.1,117.65,270259,31744450.35,04-OCT-2021,2964,INE184H01027,
ELECON,EQ,169.7,170.95,165.9,167.0,167.1,168.35,450218,75857310.8,04-OCT-2021,8181,INE205B01023,
ELECTCAST,EQ,37.75,37.75,36.7,36.85,36.9,37.15,432390,16016339.7,04-OCT-2021,2667,INE086A01029,
ELECTHERM,EQ,119.6,122.8,117.4,121.85,121.65,119.1,16356,1977140.15,04-OCT-2021,586,INE822G01016,
ELGIEQUIP,EQ,204.0,206.3,202.0,205.55,205.4,203.15,175180,35766051.5,04-OCT-2021,4938,INE285A01027,
ELGIRUBCO,EQ,39.0,41.4,38.25,40.45,40.5,38.85,259005,10447597.15,04-OCT-2021,1390,INE819L01012,
EMAMILTD,EQ,569.85,576.0,559.2,565.05,561.0,569.95,1965958,1110532022.7,04-OCT-2021,30833,INE548C01032,
EMAMIPAP,EQ,167.25,171.45,167.25,168.45,168.3,168.45,77393,13131497.8,04-OCT-2021,2772,INE830C01026,
EMAMIREAL,EQ,73.15,73.15,70.1,72.05,71.8,72.3,105768,7603886.65,04-OCT-2021,1117,INE778K01012,
EMKAY,EQ,115.0,115.5,112.5,113.35,113.3,114.55,67863,7698848.2,04-OCT-2021,1389,INE296H01011,
EMMBI,EQ,107.6,110.75,105.75,106.65,106.85,107.9,56915,6121131.7,04-OCT-2021,1670,INE753K01015,
ENDURANCE,EQ,1574.0,1589.9,1564.0,1575.5,1572.0,1564.45,22728,35847562.7,04-OCT-2021,3532,INE913H01037,
ENERGYDEV,EQ,10.65,10.75,10.25,10.75,10.75,10.25,61889,662291.15,04-OCT-2021,199,INE306C01019,
ENGINERSIN,EQ,80.0,80.8,78.1,78.85,78.75,78.2,3371054,267347642.6,04-OCT-2021,15364,INE510A01028,
ENIL,EQ,186.65,193.4,183.15,191.5,192.0,183.0,98741,18703301.2,04-OCT-2021,2249,INE265F01028,
EPL,EQ,240.05,241.7,230.0,232.2,232.6,239.45,464720,108528706.05,04-OCT-2021,18127,INE255A01020,
EQUITAS,EQ,120.3,124.1,120.25,123.05,122.8,120.2,1053915,128440324.0,04-OCT-2021,20999,INE988K01017,
EQUITASBNK,EQ,62.0,67.0,62.0,64.9,64.9,61.6,2742135,177059525.4,04-OCT-2021,16978,INE063P01018,
ERIS,EQ,773.65,775.0,737.95,749.65,758.0,767.85,82058,61915031.3,04-OCT-2021,8424,INE406M01024,
EROSMEDIA,EQ,21.85,22.0,21.35,21.45,21.4,21.4,612514,13262484.45,04-OCT-2021,1619,INE416L01017,
ESABINDIA,EQ,2156.0,2268.0,2156.0,2254.05,2248.0,2183.95,15546,34686655.35,04-OCT-2021,1918,INE284A01012,
ESCORTS,EQ,1478.0,1504.0,1462.0,1496.4,1499.0,1471.95,765785,1137692002.15,04-OCT-2021,24686,INE042A01014,
ESSARSHPNG,EQ,10.0,10.25,9.95,10.15,10.1,10.0,157047,1591534.05,04-OCT-2021,600,INE122M01019,
ESTER,EQ,148.85,150.15,146.55,147.65,147.75,147.5,98350,14567611.3,04-OCT-2021,2637,INE778B01029,
EVEREADY,EQ,393.5,399.5,385.05,388.45,387.0,390.25,673475,264830010.25,04-OCT-2021,9741,INE128A01029,
EVERESTIND,EQ,443.0,450.0,438.2,441.4,442.1,442.1,75018,33318060.45,04-OCT-2021,6933,INE295A01018,
EXCEL,BE,3.05,3.05,2.95,3.05,3.05,2.95,23179,70402.15,04-OCT-2021,100,INE688J01015,
EXCELINDUS,EQ,1020.1,1038.0,1015.1,1024.8,1020.0,1015.0,30263,30965702.75,04-OCT-2021,3272,INE369A01029,
EXIDEIND,EQ,179.85,180.8,179.3,179.95,180.0,178.85,2402383,432808920.55,04-OCT-2021,30776,INE302A01020,
EXPLEOSOL,BE,1008.35,1039.65,1008.35,1015.2,1013.0,1008.35,5542,5661599.75,04-OCT-2021,246,INE201K01015,
EXXARO,EQ,154.2,156.0,152.5,153.0,153.0,152.85,270795,41608169.3,04-OCT-2021,4412,INE0GFE01018,
FACT,EQ,126.6,129.9,125.55,126.35,126.1,126.05,208968,26678090.2,04-OCT-2021,4460,INE188A01015,
FAIRCHEMOR,EQ,1964.0,2033.9,1914.7,2033.9,2033.9,1937.05,38383,76533098.35,04-OCT-2021,5331,INE0DNW01011,
FCL,EQ,129.9,134.0,129.0,130.9,130.8,129.4,941778,123407568.05,04-OCT-2021,14059,INE045J01026,
FCONSUMER,EQ,7.7,7.9,7.5,7.55,7.65,7.6,11104780,85490318.85,04-OCT-2021,6384,INE220J01025,
FCSSOFT,BE,1.3,1.35,1.25,1.35,1.35,1.3,8101908,10628911.85,04-OCT-2021,4534,INE512B01022,
FDC,EQ,347.8,355.35,346.05,347.95,347.25,346.2,109433,38276280.5,04-OCT-2021,6074,INE258B01022,
FEDERALBNK,EQ,84.5,86.0,83.95,85.05,85.25,83.15,15602179,1324623131.05,04-OCT-2021,48838,INE171A01029,
FEL,EQ,9.2,9.25,8.95,9.0,9.0,9.0,745381,6763368.7,04-OCT-2021,1297,INE623B01027,
FELDVR,EQ,12.0,12.1,11.6,11.8,11.65,11.75,18180,215085.55,04-OCT-2021,131,IN9623B01058,
FIEMIND,EQ,1099.7,1139.65,1099.7,1118.25,1111.0,1099.6,40186,44995770.35,04-OCT-2021,4762,INE737H01014,
FILATEX,EQ,106.9,110.4,103.15,107.95,107.0,104.5,3220374,345026612.55,04-OCT-2021,14081,INE816B01027,
FINCABLES,EQ,488.55,497.0,479.65,492.6,494.0,478.55,219550,107734952.9,04-OCT-2021,10058,INE235A01022,
FINEORG,EQ,3266.35,3593.95,3256.95,3503.0,3501.0,3266.35,212045,735113791.8,04-OCT-2021,30926,INE686Y01026,
FINPIPE,EQ,222.0,229.35,222.0,225.15,225.0,216.0,4397408,993747788.55,04-OCT-2021,51041,INE183A01024,
FLEXITUFF,EQ,14.85,15.3,14.85,14.95,15.0,14.65,24419,368315.4,04-OCT-2021,110,INE060J01017,
FLFL,EQ,60.0,60.7,58.7,59.3,59.8,58.55,97441,5792015.6,04-OCT-2021,1402,INE452O01016,
FLUOROCHEM,EQ,1982.65,2138.95,1961.0,2101.4,2127.0,1952.1,302949,618415345.75,04-OCT-2021,20177,INE09N301011,
FMGOETZE,EQ,286.0,286.0,281.75,282.95,283.0,283.35,47291,13382218.75,04-OCT-2021,1676,INE529A01010,
FMNL,EQ,9.65,9.75,9.25,9.7,9.75,9.3,353185,3383750.45,04-OCT-2021,414,INE360L01017,
FORCEMOT,EQ,1463.7,1493.0,1455.0,1464.75,1469.7,1455.75,74581,110236641.45,04-OCT-2021,6712,INE451A01017,
FORTIS,EQ,266.0,281.8,265.25,280.2,281.5,265.7,3699982,1020033335.7,04-OCT-2021,33860,INE061F01013,
FOSECOIND,EQ,1468.65,1483.6,1438.6,1446.45,1441.0,1461.3,1737,2526082.75,04-OCT-2021,305,INE519A01011,
FRETAIL,EQ,54.0,54.0,51.55,51.85,51.85,52.0,2041857,107147174.8,04-OCT-2021,11809,INE752P01024,
FSC,EQ,75.5,76.5,74.35,75.35,75.0,74.25,84673,6399891.05,04-OCT-2021,1309,INE935Q01015,
FSL,EQ,196.15,197.65,195.0,195.9,195.1,195.15,1350203,264373715.45,04-OCT-2021,14823,INE684F01012,
GABRIEL,EQ,156.95,162.9,156.25,158.9,158.95,155.6,2360308,377807791.8,04-OCT-2021,26235,INE524A01029,
GAEL,EQ,174.0,174.15,168.8,170.3,170.4,170.15,388228,66331161.05,04-OCT-2021,8476,INE036B01030,
GAIL,EQ,164.4,164.8,161.0,161.55,161.4,163.15,8960263,1453604386.45,04-OCT-2021,47049,INE129A01019,
GAL,EQ,2.25,2.3,2.2,2.3,2.25,2.25,268359,602889.1,04-OCT-2021,355,INE482J01021,
GALAXYSURF,EQ,3418.85,3475.6,3393.0,3422.05,3417.0,3392.1,85917,294918564.8,04-OCT-2021,9988,INE600K01018,
GALLANTT,EQ,77.2,78.0,75.6,76.95,76.9,76.0,52315,4031810.6,04-OCT-2021,1743,INE297H01019,
GALLISPAT,EQ,55.75,56.65,54.0,55.5,55.7,55.6,51305,2837274.35,04-OCT-2021,812,INE528K01029,
GANDHITUBE,EQ,459.4,464.5,454.2,461.5,462.5,454.1,5447,2501544.65,04-OCT-2021,322,INE524B01027,
GANECOS,EQ,503.75,503.75,485.0,490.2,497.0,497.35,19315,9500448.9,04-OCT-2021,1533,INE845D01014,
GANESHBE,EQ,86.0,88.0,86.0,87.1,87.0,86.4,60797,5307027.75,04-OCT-2021,903,INE388A01029,
GANESHHOUC,EQ,174.0,175.0,168.9,172.95,172.1,171.75,53615,9244449.35,04-OCT-2021,1628,INE460C01014,
GANGAFORGE,EQ,15.15,15.8,15.1,15.65,15.45,15.15,1446853,22529027.6,04-OCT-2021,2370,INE691Z01023,
GANGESSECU,EQ,93.35,95.9,91.5,91.8,91.95,90.25,26683,2499172.4,04-OCT-2021,521,INE335W01016,
GANGOTRI,BE,1.05,1.05,1.05,1.05,1.05,1.0,7315,7680.75,04-OCT-2021,33,INE670B01028,
GARFIBRES,EQ,3303.05,3408.0,3280.5,3364.35,3380.0,3329.05,18906,63043826.25,04-OCT-2021,3603,INE276A01018,
GATI,EQ,139.15,142.95,136.65,140.1,140.5,137.15,727870,101672962.4,04-OCT-2021,11229,INE152B01027,
GAYAHWS,BE,0.55,0.65,0.55,0.6,0.6,0.6,99030,62448.05,04-OCT-2021,27,INE287Z01012,
GAYAPROJ,EQ,50.0,51.3,48.85,49.1,49.2,50.2,1560605,77478244.6,04-OCT-2021,4441,INE336H01023,
GDL,EQ,254.0,260.55,248.5,252.7,254.5,248.15,341802,88061319.9,04-OCT-2021,5762,INE852F01015,
GEECEE,EQ,157.85,165.95,154.2,155.2,154.85,155.05,65334,10407805.6,04-OCT-2021,4141,INE916G01016,
GEEKAYWIRE,EQ,86.1,99.95,86.1,98.5,98.0,83.3,432081,42691473.15,04-OCT-2021,5335,INE669X01016,
GENCON,EQ,42.55,51.05,42.35,47.9,47.2,42.55,672043,32806100.95,04-OCT-2021,5959,INE854S01022,
GENESYS,EQ,228.8,228.8,217.95,228.8,228.8,217.95,794535,181706389.25,04-OCT-2021,715,INE727B01026,
GENUSPAPER,BE,11.1,11.25,10.75,11.25,11.25,10.75,423969,4716600.75,04-OCT-2021,699,INE949P01018,
GENUSPOWER,EQ,74.6,80.65,74.05,79.2,79.25,73.35,3683385,288017015.3,04-OCT-2021,24446,INE955D01029,
GEOJITFSL,EQ,80.8,82.35,80.8,81.85,82.0,79.75,795530,64995409.5,04-OCT-2021,7688,INE007B01023,
GEPIL,EQ,302.4,306.95,296.5,301.7,302.0,299.4,84053,25455492.1,04-OCT-2021,3603,INE878A01011,
GESHIP,EQ,370.0,382.0,368.55,370.0,371.4,367.25,646901,242105131.8,04-OCT-2021,14809,INE017A01032,
GET&D,EQ,128.1,128.15,125.2,125.7,125.9,127.4,230967,29135821.3,04-OCT-2021,3950,INE200A01026,
GFLLIMITED,EQ,76.95,79.9,75.35,78.65,78.3,76.4,353669,27499373.1,04-OCT-2021,5250,INE538A01037,
GFSTEELS,EQ,2.8,2.8,2.8,2.8,2.8,2.7,3447,9651.6,04-OCT-2021,2,INE534A01028,
GHCL,EQ,459.0,468.0,457.5,465.2,465.1,448.85,904854,418396981.8,04-OCT-2021,19847,INE539A01019,
GICHSGFIN,EQ,149.4,154.5,149.4,152.85,152.25,148.55,382769,58525056.1,04-OCT-2021,8900,INE289B01019,
GICRE,EQ,144.35,146.0,143.7,144.2,144.05,144.2,534377,77247938.15,04-OCT-2021,6902,INE481Y01014,
GILLANDERS,BE,53.4,53.55,49.0,53.55,53.55,51.0,21117,1127043.4,04-OCT-2021,52,INE047B01011,
GILLETTE,EQ,5929.0,5929.0,5845.0,5854.1,5859.0,5869.15,4420,25959475.6,04-OCT-2021,1307,INE322A01010,
GINNIFILA,EQ,33.5,35.25,32.85,34.35,34.4,32.75,167708,5693376.35,04-OCT-2021,825,INE424C01010,
GIPCL,EQ,86.85,87.75,85.25,85.55,85.6,85.55,768409,66516483.75,04-OCT-2021,7879,INE162A01010,
GISOLUTION,EQ,2.95,2.95,2.95,2.95,2.95,2.85,20551,60625.45,04-OCT-2021,3,INE065J01016,
GKWLIMITED,EQ,664.0,768.7,637.45,768.7,768.7,640.6,10853,8103626.3,04-OCT-2021,577,INE528A01020,
GLAND,EQ,3760.0,3930.0,3705.05,3878.25,3870.0,3727.6,216740,837191184.25,04-OCT-2021,32220,INE068V01023,
GLAXO,EQ,1472.0,1502.9,1472.0,1498.35,1499.5,1469.3,34878,52047929.45,04-OCT-2021,3810,INE159A01016,
GLENMARK,EQ,514.0,523.25,513.75,519.8,519.5,513.15,1318434,686371256.45,04-OCT-2021,28577,INE935A01035,
GLFL,EQ,2.85,2.9,2.85,2.9,2.9,2.85,11049,31500.25,04-OCT-2021,9,INE540A01017,
GLOBAL,EQ,45.95,45.95,44.1,44.9,45.0,45.2,7847,352057.85,04-OCT-2021,114,INE291W01011,
GLOBALVECT,EQ,51.0,51.55,49.25,49.75,50.25,50.25,13189,663867.2,04-OCT-2021,357,INE792H01019,
GLOBE,BE,11.95,12.1,11.8,12.0,12.1,11.9,187093,2247790.15,04-OCT-2021,361,INE581X01021,
GLOBUSSPR,BE,1375.0,1385.0,1336.5,1363.8,1362.0,1336.4,59217,80424561.2,04-OCT-2021,2821,INE615I01010,
GLS,EQ,672.15,678.95,671.25,672.75,671.5,673.9,102668,69347092.35,04-OCT-2021,5800,INE03Q201024,
GMBREW,EQ,612.85,635.7,612.0,620.15,625.8,609.6,181117,113218626.15,04-OCT-2021,12946,INE075D01018,
GMDCLTD,EQ,76.5,78.9,76.05,77.3,77.1,75.4,3042418,235896829.1,04-OCT-2021,16553,INE131A01031,
GMMPFAUDLR,EQ,4438.1,4552.85,4408.55,4520.95,4510.0,4402.3,35611,160195663.55,04-OCT-2021,6621,INE541A01023,
GMRINFRA,EQ,41.35,41.75,40.3,40.75,40.75,41.0,38220398,1562807901.85,04-OCT-2021,48073,INE776C01039,
GNA,EQ,960.0,1056.0,959.1,1009.45,1010.0,950.8,341706,345865974.85,04-OCT-2021,24506,INE934S01014,
GNFC,EQ,428.7,456.1,428.7,448.85,455.0,425.2,2348578,1036965042.55,04-OCT-2021,38998,INE113A01013,
GOACARBON,EQ,362.6,394.95,362.6,394.95,394.95,359.05,77246,29822128.0,04-OCT-2021,2192,INE426D01013,
GOCLCORP,EQ,266.1,275.5,266.1,271.0,271.2,266.4,35558,9600088.05,04-OCT-2021,1247,INE077F01035,
GODFRYPHLP,EQ,1265.0,1368.0,1265.0,1354.2,1349.8,1260.9,899294,1198915072.8,04-OCT-2021,50755,INE260B01028,
GODHA,BE,54.55,54.55,49.45,54.0,54.0,52.05,3051,161941.4,04-OCT-2021,59,INE925Y01010,
GODREJAGRO,EQ,634.4,640.0,629.0,629.95,630.0,631.2,62272,39384006.15,04-OCT-2021,4606,INE850D01014,
GODREJCP,EQ,1026.0,1035.0,1007.35,1029.65,1029.5,1020.35,835807,852488023.4,04-OCT-2021,30800,INE102D01028,
GODREJIND,EQ,560.55,569.95,560.55,565.65,566.0,564.85,236687,133801658.05,04-OCT-2021,6655,INE233A01035,
GODREJPROP,EQ,2239.95,2387.0,2237.6,2337.55,2334.45,2233.3,2543257,5925055059.75,04-OCT-2021,124054,INE484J01027,
GOKEX,EQ,203.0,213.95,203.0,213.95,213.95,203.8,234130,49863379.55,04-OCT-2021,1457,INE887G01027,
GOKUL,EQ,27.65,28.7,27.6,28.15,28.3,27.75,59117,1664368.95,04-OCT-2021,398,INE020J01029,
GOKULAGRO,EQ,43.3,44.0,42.7,42.85,42.8,43.0,103951,4485426.2,04-OCT-2021,1157,INE314T01025,
GOLDBEES,EQ,39.88,40.72,39.88,40.24,40.2,40.21,6907829,278033257.43,04-OCT-2021,28902,INF204KB17I5,
GOLDENTOBC,EQ,164.9,164.9,164.9,164.9,164.9,157.05,64570,10647593.0,04-OCT-2021,550,INE973A01010,
GOLDIAM,EQ,930.0,955.0,927.5,934.9,935.8,925.15,105319,99176247.85,04-OCT-2021,6530,INE025B01017,
GOLDSHARE,EQ,41.4,41.65,40.65,40.9,40.95,41.1,185912,7612107.3,04-OCT-2021,848,INF789F1AUX7,
GOLDTECH,BE,35.75,35.75,35.75,35.75,35.75,34.05,21058,752823.5,04-OCT-2021,52,INE805A01014,
GOODLUCK,EQ,310.2,315.05,306.0,308.05,308.0,309.65,55264,17106829.2,04-OCT-2021,2053,INE127I01024,
GOODYEAR,EQ,1050.0,1055.4,1038.15,1042.75,1041.0,1038.15,24792,25865981.65,04-OCT-2021,2087,INE533A01012,
GPIL,EQ,1295.0,1300.0,1276.0,1282.55,1277.0,1280.9,80055,103151738.75,04-OCT-2021,5088,INE177H01013,
GPPL,EQ,108.2,108.2,104.5,104.85,105.0,107.65,789234,83653275.3,04-OCT-2021,11846,INE517F01014,
GPTINFRA,EQ,91.05,93.0,87.4,89.1,89.75,91.65,72076,6507797.3,04-OCT-2021,1565,INE390G01014,
GRANULES,EQ,328.9,335.6,327.4,328.4,328.2,327.25,3291149,1091252637.15,04-OCT-2021,49602,INE101D01020,
GRAPHITE,EQ,600.0,625.5,593.0,618.6,617.5,599.1,3144501,1940160592.0,04-OCT-2021,76071,INE371A01025,
GRASIM,EQ,1652.0,1654.85,1621.0,1641.15,1638.9,1677.15,1149637,1882617691.8,04-OCT-2021,53834,INE047A01021,
GRAUWEIL,EQ,60.15,61.6,59.95,60.9,61.0,60.0,156481,9496422.35,04-OCT-2021,2073,INE266D01021,
GRAVITA,EQ,199.15,208.5,198.6,206.15,207.0,197.8,647794,133059126.5,04-OCT-2021,11383,INE024L01027,
GREAVESCOT,EQ,136.6,138.55,136.0,137.35,137.45,135.85,1025344,140980591.75,04-OCT-2021,15190,INE224A01026,
GREENLAM,EQ,1381.0,1383.95,1340.0,1356.0,1370.0,1368.95,7179,9766887.25,04-OCT-2021,881,INE544R01013,
GREENPANEL,EQ,329.9,341.35,326.05,341.35,341.35,325.1,280054,95358696.65,04-OCT-2021,1788,INE08ZM01014,
GREENPLY,EQ,180.3,183.3,179.5,179.8,179.85,181.45,177203,32026547.3,04-OCT-2021,3120,INE461C01038,
GREENPOWER,EQ,3.15,3.25,3.15,3.2,3.2,3.1,2608094,8291462.55,04-OCT-2021,3420,INE999K01014,
GRINDWELL,EQ,1438.8,1485.0,1415.0,1478.4,1478.0,1424.65,125679,184454473.45,04-OCT-2021,12430,INE536A01023,
GRINFRA,EQ,1939.25,2001.05,1933.85,1946.1,1947.0,1930.9,111738,220152760.7,04-OCT-2021,14046,INE201P01022,
GROBTEA,EQ,1170.0,1170.0,1022.7,1104.95,1100.0,1076.6,3242,3608176.3,04-OCT-2021,849,INE646C01018,
GRPLTD,EQ,917.2,934.45,912.5,928.8,921.0,917.2,1341,1242191.05,04-OCT-2021,247,INE137I01015,
GRSE,EQ,187.8,194.35,187.3,190.95,190.6,186.85,1635631,311137439.95,04-OCT-2021,12506,INE382Z01011,
GSCLCEMENT,EQ,50.55,51.3,50.1,50.65,50.55,50.25,175813,8939472.5,04-OCT-2021,2053,INE542A01039,
GSFC,EQ,131.0,135.2,130.1,134.45,134.8,128.45,7139096,954434838.5,04-OCT-2021,44574,INE026A01025,
GSPL,EQ,315.85,318.0,308.45,309.35,309.5,314.05,619556,193680703.6,04-OCT-2021,14491,INE246F01010,
GSS,EQ,77.2,78.25,75.55,75.85,76.4,76.6,143178,10954661.45,04-OCT-2021,1618,INE871H01011,
GTL,BE,15.0,15.65,15.0,15.65,15.45,14.95,172477,2653034.65,04-OCT-2021,690,INE043A01012,
GTLINFRA,BE,1.65,1.75,1.65,1.7,1.75,1.7,13622774,23384547.55,04-OCT-2021,9031,INE221H01019,
GTNTEX,EQ,7.15,7.15,7.15,7.15,7.15,7.15,151,1079.65,04-OCT-2021,3,INE302H01017,
GTPL,EQ,300.0,301.95,283.0,289.4,290.0,293.6,858255,251113942.45,04-OCT-2021,36259,INE869I01013,
GUFICBIO,EQ,192.05,211.0,192.05,207.6,209.0,192.75,696073,142640426.8,04-OCT-2021,13629,INE742B01025,
GUJALKALI,EQ,739.15,760.0,720.6,745.85,746.8,737.15,1228845,912760888.95,04-OCT-2021,33373,INE186A01019,
GUJAPOLLO,EQ,216.8,216.8,212.7,214.15,212.7,212.75,4147,888096.85,04-OCT-2021,109,INE826C01016,
GUJGASLTD,EQ,618.0,619.5,609.0,610.1,611.6,613.7,1377767,845268621.6,04-OCT-2021,38658,INE844O01030,
GUJRAFFIA,BE,38.6,39.0,37.2,38.35,38.5,38.05,5214,200031.75,04-OCT-2021,56,INE610B01024,
GULFOILLUB,EQ,586.5,592.9,583.1,587.15,587.8,583.55,32656,19205080.25,04-OCT-2021,2115,INE635Q01029,
GULFPETRO,EQ,55.95,55.95,54.75,54.8,54.75,55.0,44921,2472301.85,04-OCT-2021,795,INE586G01017,
GULPOLY,BE,287.0,289.0,272.2,279.25,279.15,281.85,46701,13108336.2,04-OCT-2021,850,INE255D01024,
HAL,EQ,1340.05,1362.3,1336.0,1345.6,1348.0,1338.0,429711,579480747.95,04-OCT-2021,16648,INE066F01012,
HAPPSTMNDS,BE,1390.0,1397.2,1357.0,1389.0,1389.0,1375.75,155144,215806644.85,04-OCT-2021,11117,INE419U01012,
HARRMALAYA,EQ,190.0,194.85,187.0,192.55,192.8,189.4,113095,21735745.25,04-OCT-2021,3911,INE544A01019,
HATHWAY,EQ,25.3,25.9,25.1,25.35,25.35,25.05,5426683,138499040.4,04-OCT-2021,8943,INE982F01036,
HATSUN,EQ,1437.4,1470.0,1415.45,1441.8,1430.1,1424.45,357316,516171273.4,04-OCT-2021,28163,INE473B01035,
HAVELLS,EQ,1360.55,1394.45,1355.3,1389.8,1393.9,1359.1,802477,1108516222.9,04-OCT-2021,26129,INE176B01034,
HAVISHA,BE,1.3,1.3,1.2,1.2,1.2,1.25,63155,78690.9,04-OCT-2021,100,INE293B01029,
HBANKETF,EQ,373.0,376.99,373.0,376.77,376.77,371.01,3032,1140937.11,04-OCT-2021,95,INF179KC1AN8,
HBLPOWER,EQ,48.5,49.4,47.3,48.35,48.55,48.05,696664,33773535.05,04-OCT-2021,5246,INE292B01021,
HBSL,EQ,38.2,38.3,36.1,37.55,37.4,37.9,14221,532263.95,04-OCT-2021,386,INE550B01022,
HCC,EQ,9.6,10.0,9.55,9.8,9.75,9.55,9262950,90979721.5,04-OCT-2021,5660,INE549A01026,
HCG,EQ,249.45,253.9,244.55,250.9,252.3,245.4,170699,42628997.05,04-OCT-2021,6438,INE075I01017,
HCL-INSYS,EQ,13.9,14.05,13.5,13.7,13.75,13.8,630886,8707034.85,04-OCT-2021,2386,INE236A01020,
HCLTECH,EQ,1281.5,1293.6,1273.75,1278.65,1281.7,1273.75,2706626,3471723487.45,04-OCT-2021,93753,INE860A01027,
HDFC,EQ,2740.15,2770.0,2720.6,2725.2,2725.0,2711.65,2170643,5948053491.45,04-OCT-2021,95964,INE001A01036,
HDFCAMC,EQ,2930.0,2939.9,2902.1,2908.55,2910.0,2932.25,1075319,3130454113.1,04-OCT-2021,51069,INE127D01025,
HDFCBANK,EQ,1589.0,1601.35,1583.6,1585.75,1588.0,1582.7,3525514,5610300755.65,04-OCT-2021,141789,INE040A01034,
HDFCLIFE,EQ,725.4,733.35,725.0,726.65,725.95,729.45,1615207,1176279253.8,04-OCT-2021,56138,INE795G01014,
HDFCMFGETF,EQ,41.27,41.46,41.12,41.22,41.2,41.27,441277,18212247.62,04-OCT-2021,1109,INF179KC1981,
HDFCNIFETF,EQ,189.9,192.0,188.05,190.57,189.51,187.96,16638,3156418.67,04-OCT-2021,416,INF179KC1965,
HDFCSENETF,EQ,639.99,650.0,636.0,640.31,638.01,634.99,2807,1795765.54,04-OCT-2021,293,INF179KC1973,
HEG,EQ,2270.0,2569.6,2270.0,2533.0,2542.0,2265.3,1189330,2919254013.85,04-OCT-2021,85778,INE545A01016,
HEIDELBERG,EQ,257.85,260.5,255.75,259.35,260.0,256.55,186963,48199784.15,04-OCT-2021,5629,INE578A01017,
HEMIPROP,EQ,140.1,143.4,140.1,141.4,141.25,139.25,606269,85868348.55,04-OCT-2021,8662,INE0AJG01018,
HERANBA,EQ,800.0,826.0,800.0,819.6,818.0,787.2,401279,327856844.1,04-OCT-2021,20439,INE694N01015,
HERCULES,EQ,142.5,147.5,141.8,145.7,146.0,141.85,93649,13561371.85,04-OCT-2021,2883,INE688E01024,
HERITGFOOD,EQ,465.9,467.65,460.1,462.55,463.4,462.3,55783,25895774.7,04-OCT-2021,2194,INE978A01027,
HEROMOTOCO,EQ,2861.55,2870.0,2850.0,2855.55,2855.0,2847.95,386779,1105304544.45,04-OCT-2021,34465,INE158A01026,
HESTERBIO,EQ,2459.55,2494.05,2459.55,2479.8,2484.95,2459.5,4264,10573172.25,04-OCT-2021,1150,INE782E01017,
HEXATRADEX,BE,160.0,169.45,156.3,169.4,169.45,161.4,8699,1427391.45,04-OCT-2021,127,INE750M01017,
HFCL,BE,73.5,75.85,73.0,75.85,75.85,72.25,2610560,195759706.25,04-OCT-2021,9353,INE548A01028,
HGINFRA,EQ,665.0,699.95,663.0,680.25,680.5,655.35,334905,229641470.0,04-OCT-2021,18237,INE926X01010,
HGS,BE,2840.0,2929.0,2840.0,2909.05,2929.0,2830.3,17658,50789892.35,04-OCT-2021,1273,INE170I01016,
HIKAL,EQ,576.1,576.5,550.0,556.5,559.95,576.55,564114,317877604.85,04-OCT-2021,22307,INE475B01022,
HIL,EQ,5030.0,5040.0,4855.0,4915.55,4910.0,5067.75,47922,235138099.35,04-OCT-2021,11929,INE557A01011,
HILTON,EQ,13.3,13.6,12.7,13.4,13.4,13.3,11689,154385.75,04-OCT-2021,120,INE788H01017,
HIMATSEIDE,BE,266.0,274.0,264.2,272.1,269.15,264.3,166691,45263969.7,04-OCT-2021,1172,INE049A01027,
HINDALCO,EQ,486.0,509.45,481.0,505.7,506.65,484.35,10303925,5113988941.15,04-OCT-2021,100394,INE038A01020,
HINDCOMPOS,EQ,332.1,335.8,321.2,325.3,326.1,325.4,4654,1516014.3,04-OCT-2021,539,INE310C01029,
HINDCON,EQ,65.45,65.45,62.7,63.5,63.15,63.15,11670,746858.75,04-OCT-2021,265,INE642Y01011,
HINDCOPPER,EQ,110.85,129.7,110.6,121.3,121.8,109.85,28488877,3462033476.05,04-OCT-2021,128798,INE531E01026,
HINDMOTORS,EQ,7.55,7.65,7.5,7.6,7.65,7.4,339324,2577676.75,04-OCT-2021,3779,INE253A01025,
HINDNATGLS,BE,36.05,36.9,35.7,36.7,36.6,36.05,3085,111866.9,04-OCT-2021,51,INE952A01022,
HINDOILEXP,EQ,212.95,213.8,201.7,203.3,203.6,211.75,771192,160162580.6,04-OCT-2021,11442,INE345A01011,
HINDPETRO,EQ,299.1,303.6,299.0,302.8,302.2,298.95,3078165,928579188.75,04-OCT-2021,56496,INE094A01015,
HINDUNILVR,EQ,2700.0,2724.0,2679.7,2686.2,2688.0,2704.05,1025005,2762002255.4,04-OCT-2021,71385,INE030A01027,
HINDZINC,EQ,308.85,313.0,306.8,309.75,309.9,306.15,1438742,445198816.65,04-OCT-2021,22539,INE267A01025,
HIRECT,EQ,195.55,195.55,191.1,192.5,191.5,191.7,13154,2538715.2,04-OCT-2021,633,INE835D01023,
HISARMETAL,EQ,132.1,138.5,126.35,135.1,135.85,131.75,45244,6064053.0,04-OCT-2021,1481,INE598C01011,
HITECH,EQ,576.05,596.05,565.0,587.25,589.5,584.8,26066,15236447.9,04-OCT-2021,1236,INE106T01017,
HITECHCORP,EQ,228.9,228.9,220.4,226.4,226.0,222.3,6594,1484650.5,04-OCT-2021,239,INE120D01012,
HITECHGEAR,EQ,268.0,268.0,260.1,262.3,260.55,263.3,5650,1493672.8,04-OCT-2021,319,INE127B01011,
HLEGLAS,EQ,6700.0,6999.9,6580.15,6922.55,6943.0,6516.8,59236,405891148.35,04-OCT-2021,14886,INE461D01010,
HLVLTD,EQ,11.75,12.2,11.5,11.8,11.75,11.2,2114284,24921793.7,04-OCT-2021,3995,INE102A01024,
HMVL,EQ,75.85,77.0,75.15,76.4,76.6,74.8,92027,6995727.7,04-OCT-2021,1121,INE871K01015,
HNDFDS,EQ,2030.0,2055.15,2010.25,2055.15,2055.15,1957.3,5751,11807062.05,04-OCT-2021,797,INE254N01018,
HNGSNGBEES,EQ,319.96,319.96,309.0,312.14,311.77,317.45,18498,5765399.65,04-OCT-2021,752,INF204KB19I1,
HOMEFIRST,EQ,599.95,604.45,588.05,593.7,595.5,595.5,53143,31667318.35,04-OCT-2021,3685,INE481N01025,
HONAUT,EQ,45086.9,46100.0,44712.0,45900.35,45960.6,44686.6,2790,127143080.2,04-OCT-2021,2009,INE671A01010,
HONDAPOWER,EQ,1234.0,1249.95,1232.3,1236.8,1235.0,1220.55,8127,10070163.0,04-OCT-2021,1329,INE634A01018,
HOTELRUGBY,BE,2.85,2.85,2.85,2.85,2.85,2.95,1070,3049.5,04-OCT-2021,3,INE275F01019,
HOVS,BE,57.5,59.95,57.5,58.85,58.65,57.8,5443,320767.65,04-OCT-2021,55,INE596H01014,
HPL,EQ,71.2,72.0,69.1,70.6,71.1,70.75,131689,9299667.95,04-OCT-2021,2067,INE495S01016,
HSCL,EQ,51.9,53.7,51.8,53.15,53.3,51.55,6860393,363476431.1,04-OCT-2021,26539,INE019C01026,
HSIL,EQ,228.0,235.0,227.45,229.1,229.0,228.0,143986,33313287.8,04-OCT-2021,4522,INE415A01038,
HTMEDIA,EQ,26.7,26.95,26.0,26.45,26.7,26.3,418164,11127186.95,04-OCT-2021,1988,INE501G01024,
HUBTOWN,BE,28.75,29.5,28.05,28.55,28.5,28.75,54400,1549968.15,04-OCT-2021,204,INE703H01016,
HUDCO,EQ,44.95,45.6,44.8,45.2,45.2,44.65,2661345,120316312.9,04-OCT-2021,7089,INE031A01017,
HUHTAMAKI,EQ,268.0,272.8,264.95,267.45,267.7,266.25,108041,29062318.2,04-OCT-2021,3994,INE275B01026,
IBMFNIFTY,EQ,174.15,177.97,174.15,176.37,176.5,174.73,908,159761.61,04-OCT-2021,109,INF666M01FS5,
IBREALEST,EQ,153.25,160.45,153.25,158.05,157.8,152.35,16823560,2654515920.65,04-OCT-2021,92016,INE069I01010,
IBULHSGFIN,EQ,237.0,244.0,235.45,239.3,239.6,234.45,15783399,3790379878.85,04-OCT-2021,111742,INE148I01020,
ICDSLTD,BE,87.15,87.15,84.05,87.15,87.15,83.0,48955,4265131.95,04-OCT-2021,822,INE613B01010,
ICEMAKE,EQ,72.05,74.85,72.05,74.4,74.75,73.1,10648,784954.3,04-OCT-2021,188,INE520Y01019,
ICICI500,EQ,251.2,251.2,248.01,250.4,249.42,247.77,1973,493148.9,04-OCT-2021,358,INF109KC1CZ3,
ICICIALPLV,EQ,180.49,180.49,178.2,180.23,180.23,178.19,41467,7467086.04,04-OCT-2021,573,INF109KC1N59,
ICICIB22,EQ,45.44,46.25,45.4,46.12,46.1,45.41,406842,18661635.93,04-OCT-2021,4035,INF109KB15Y7,
ICICIBANK,EQ,697.05,703.35,694.05,700.2,700.2,692.35,8976533,6277518234.05,04-OCT-2021,178167,INE090A01021,
ICICIBANKN,EQ,374.44,376.0,368.08,375.29,375.15,371.73,3703,1388481.96,04-OCT-2021,286,INF109KC1E27,
ICICIBANKP,EQ,194.48,194.48,190.08,193.0,193.0,190.84,1486,286146.8,04-OCT-2021,121,INF109KC1E35,
ICICIFMCG,EQ,402.5,406.29,402.5,405.21,405.37,402.7,2249,908875.48,04-OCT-2021,92,INF109KC1R48,
ICICIGI,EQ,1592.0,1606.95,1567.95,1576.75,1578.0,1582.55,387636,614696097.1,04-OCT-2021,21652,INE765G01017,
ICICIGOLD,EQ,41.08,41.87,41.08,41.24,41.2,41.27,357474,14746563.03,04-OCT-2021,5692,INF109KC1NT3,
ICICILIQ,EQ,999.0,1000.0,991.15,999.99,1000.0,999.99,3025,3024804.25,04-OCT-2021,55,INF109KC1KT9,
ICICILOVOL,EQ,146.3,146.3,142.55,145.02,144.89,144.32,129610,18794920.89,04-OCT-2021,2462,INF109KB10T8,
ICICIM150,EQ,116.6,116.96,114.55,116.74,116.96,115.19,26895,3130817.37,04-OCT-2021,998,INF109KC1G82,
ICICIMCAP,EQ,105.9,106.29,104.0,106.0,106.29,104.61,14902,1574543.68,04-OCT-2021,748,INF109KB1XT3,
ICICINF100,EQ,194.49,195.49,191.35,194.27,194.25,192.86,10108,1965212.49,04-OCT-2021,775,INF109KA1962,
ICICINIFTY,EQ,205.1,205.1,176.95,189.81,189.75,188.2,89167,16922299.9,04-OCT-2021,7130,INF109K012R6,
ICICINV20,EQ,96.99,97.29,95.31,96.97,97.0,96.16,21657,2096640.89,04-OCT-2021,2777,INF109KB1WY5,
ICICINXT50,EQ,43.9,44.04,42.82,43.99,44.04,43.42,44781,1953816.28,04-OCT-2021,2029,INF109KC1NS5,
ICICIPHARM,EQ,90.32,92.13,90.32,91.83,91.9,90.32,28875,2648081.43,04-OCT-2021,313,INF109KC1Q72,
ICICIPRULI,EQ,667.8,679.9,660.4,676.5,676.2,667.8,1102024,744378114.9,04-OCT-2021,32907,INE726G01019,
ICICISENSX,EQ,642.0,646.6,634.0,644.77,644.75,639.0,1133,729376.63,04-OCT-2021,135,INF346A01034,
ICICITECH,EQ,357.99,357.99,353.0,356.43,356.18,353.61,36100,12848993.41,04-OCT-2021,629,INF109KC1N67,
ICIL,EQ,279.0,287.4,278.8,283.85,283.0,279.05,548187,155364452.85,04-OCT-2021,11752,INE483B01026,
ICRA,EQ,3520.85,3635.0,3505.6,3598.1,3599.65,3519.05,2495,8954162.5,04-OCT-2021,803,INE725G01011,
IDBI,EQ,50.0,50.25,47.65,48.1,47.95,49.95,32563175,1581919056.15,04-OCT-2021,51883,INE008A01015,
IDBIGOLD,EQ,4242.05,4410.3,4242.05,4280.4,4289.0,4279.95,405,1733569.7,04-OCT-2021,69,INF397L01554,
IDEA,EQ,11.5,11.6,11.3,11.4,11.3,11.4,202808054,2320488239.5,04-OCT-2021,169697,INE669E01016,
IDFC,EQ,54.0,54.4,53.35,53.6,53.6,53.45,3792400,203800205.5,04-OCT-2021,9659,INE043D01016,
IDFCFIRSTB,EQ,47.8,48.1,47.35,47.65,47.75,47.35,18145338,866257979.05,04-OCT-2021,36840,INE092T01019,
IDFNIFTYET,EQ,189.7,189.7,184.98,185.34,185.37,183.53,420,77914.32,04-OCT-2021,24,INF194KA1U07,
IEX,EQ,625.2,638.0,621.0,632.45,632.5,620.35,4754684,3004556976.65,04-OCT-2021,81716,INE022Q01020,
IFBAGRO,EQ,575.0,614.0,569.0,601.35,596.5,566.05,51038,30223031.5,04-OCT-2021,3942,INE076C01018,
IFBIND,EQ,1206.0,1206.0,1168.05,1173.6,1173.5,1193.6,21104,24985426.35,04-OCT-2021,2492,INE559A01017,
IFCI,EQ,13.25,13.85,13.25,13.6,13.75,13.05,10409516,141417547.1,04-OCT-2021,24787,INE039A01010,
IFGLEXPOR,EQ,319.0,322.6,312.0,318.0,318.0,317.7,26988,8587305.65,04-OCT-2021,1462,INE133Y01011,
IGARASHI,EQ,518.4,526.9,514.55,517.15,516.05,514.6,63481,33025144.25,04-OCT-2021,3565,INE188B01013,
IGL,EQ,533.6,533.6,521.2,527.75,528.0,530.3,2899144,1526367527.55,04-OCT-2021,44720,INE203G01027,
IGPL,EQ,754.9,780.45,747.1,773.45,772.0,741.45,105097,80291581.95,04-OCT-2021,5632,INE204A01010,
IIFL,EQ,289.3,291.0,281.5,288.0,288.0,287.0,407228,117029662.95,04-OCT-2021,5678,INE530B01024,
IIFLSEC,EQ,101.4,102.1,98.75,99.1,99.15,100.55,461972,46234426.9,04-OCT-2021,4471,INE489L01022,
IIFLWAM,EQ,1629.0,1649.9,1590.35,1602.6,1615.0,1600.0,26952,43765121.15,04-OCT-2021,5006,INE466L01020,
IITL,EQ,83.1,83.1,76.1,78.15,78.9,79.15,33822,2745503.5,04-OCT-2021,411,INE886A01014,
IMAGICAA,EQ,11.6,11.6,11.6,11.6,11.6,11.05,107565,1247754.0,04-OCT-2021,75,INE172N01012,
IMFA,BE,772.0,807.25,772.0,807.25,807.25,768.85,45222,36190176.85,04-OCT-2021,1119,INE919H01018,
IMPAL,EQ,778.95,778.95,754.0,759.4,758.05,754.85,3252,2472407.85,04-OCT-2021,247,INE547E01014,
IMPEXFERRO,BE,1.2,1.2,1.2,1.2,1.2,1.2,5553,6663.6,04-OCT-2021,9,INE691G01015,
INCREDIBLE,BE,26.55,27.2,26.25,27.0,27.2,26.55,9920,265951.85,04-OCT-2021,81,INE452L01012,
INDBANK,EQ,23.15,23.8,22.65,23.2,23.1,23.1,81945,1908283.0,04-OCT-2021,584,INE841B01017,
INDHOTEL,EQ,185.45,192.2,184.2,187.8,187.75,184.1,9806329,1849456410.6,04-OCT-2021,57398,INE053A01029,
INDIACEM,EQ,202.7,205.45,201.05,203.3,203.0,200.8,4010563,814928830.8,04-OCT-2021,27943,INE383A01012,
INDIAGLYCO,EQ,885.0,1011.2,884.8,992.95,985.05,842.7,5861644,5694454016.1,04-OCT-2021,195764,INE560A01015,
INDIAMART,EQ,8368.0,8620.0,8339.25,8546.0,8526.0,8310.6,89700,763432212.95,04-OCT-2021,16250,INE933S01016,
INDIANB,EQ,142.3,143.95,142.05,142.65,142.55,141.8,3873394,553983557.2,04-OCT-2021,21395,INE562A01011,
INDIANCARD,BE,174.9,177.0,167.5,169.4,169.15,173.1,711,122380.45,04-OCT-2021,41,INE061A01014,
INDIANHUME,EQ,200.7,207.0,198.1,201.95,201.5,200.7,66530,13482190.8,04-OCT-2021,2163,INE323C01030,
INDIGO,EQ,1980.0,2012.8,1954.1,1993.15,1991.0,1976.05,424271,845272408.5,04-OCT-2021,20896,INE646L01027,
INDIGOPNTS,EQ,2546.0,2560.0,2531.0,2545.85,2532.0,2526.3,12301,31276305.9,04-OCT-2021,2406,INE09VQ01012,
INDLMETER,EQ,12.0,12.0,11.65,11.95,12.0,11.85,38237,454720.05,04-OCT-2021,184,INE065B01013,
INDNIPPON,EQ,361.0,369.8,358.1,367.95,366.2,360.3,38643,14144768.8,04-OCT-2021,2510,INE092B01025,
INDOCO,EQ,447.0,458.4,447.0,451.25,452.0,446.85,124768,56486053.8,04-OCT-2021,6870,INE873D01024,
INDORAMA,EQ,51.7,52.75,51.0,51.55,51.85,50.55,88445,4589085.85,04-OCT-2021,677,INE156A01020,
INDOSTAR,EQ,283.0,288.0,280.55,283.5,282.7,282.75,125000,35591219.7,04-OCT-2021,2938,INE896L01010,
INDOTECH,BE,155.9,156.7,151.65,154.7,154.8,153.95,15018,2322336.6,04-OCT-2021,127,INE332H01014,
INDOTHAI,EQ,88.0,89.5,86.5,87.55,87.1,87.8,6364,561754.75,04-OCT-2021,232,INE337M01013,
INDOWIND,BE,6.65,6.8,6.55,6.8,6.8,6.5,112547,760824.9,04-OCT-2021,414,INE227G01018,
INDRAMEDCO,EQ,79.05,80.3,79.05,79.25,79.3,78.9,186637,14877894.75,04-OCT-2021,2679,INE681B01017,
INDSWFTLAB,EQ,64.95,65.8,62.95,63.1,63.25,63.9,151874,9719877.9,04-OCT-2021,1383,INE915B01019,
INDSWFTLTD,BE,10.0,10.4,10.0,10.4,10.4,9.95,62691,647112.5,04-OCT-2021,185,INE788B01028,
INDTERRAIN,EQ,43.2,45.7,42.0,45.25,44.9,42.2,1244024,55522381.35,04-OCT-2021,6113,INE611L01021,
INDUSINDBK,EQ,1107.5,1125.0,1106.0,1119.8,1119.0,1104.05,1817348,2030559819.5,04-OCT-2021,67246,INE095A01012,
INDUSTOWER,EQ,315.0,315.9,302.15,304.65,304.9,315.6,15842060,4868569240.9,04-OCT-2021,83525,INE121J01017,
INEOSSTYRO,EQ,1404.0,1424.6,1385.05,1400.9,1403.0,1404.8,17202,24261504.85,04-OCT-2021,2320,INE189B01011,
INFIBEAM,EQ,42.0,44.25,41.9,43.5,43.55,41.75,6310873,273067922.1,04-OCT-2021,13949,INE483S01020,
INFOBEAN,BE,381.65,387.0,372.3,380.8,383.0,374.15,8550,3256982.7,04-OCT-2021,302,INE344S01016,
INFOMEDIA,BE,3.25,3.25,3.25,3.25,3.25,3.35,100,325.0,04-OCT-2021,1,INE669A01022,
INFRABEES,EQ,527.99,527.99,522.97,526.99,526.94,519.62,1621,851176.34,04-OCT-2021,150,INF732E01268,
INFY,EQ,1672.5,1688.0,1665.4,1678.75,1681.9,1665.15,2947154,4946872978.25,04-OCT-2021,122901,INE009A01021,
INGERRAND,EQ,1027.0,1057.7,1011.0,1028.75,1024.0,1020.95,73138,76023869.8,04-OCT-2021,7957,INE177A01018,
INOXLEISUR,EQ,396.0,421.0,392.8,414.75,413.5,391.8,2092156,853501982.3,04-OCT-2021,43399,INE312H01016,
INOXWIND,EQ,101.5,101.6,98.1,99.4,99.0,99.15,731088,73068430.45,04-OCT-2021,4779,INE066P01011,
INSECTICID,EQ,708.0,708.0,689.2,696.85,697.95,682.9,22193,15451347.6,04-OCT-2021,2832,INE070I01018,
INSPIRISYS,BE,48.5,49.0,45.05,48.45,48.95,47.15,20083,942915.3,04-OCT-2021,131,INE020G01017,
INTEGRA,BE,4.85,4.85,4.65,4.8,4.85,4.85,33837,163538.45,04-OCT-2021,27,INE418N01027,
INTELLECT,EQ,706.0,710.75,699.95,702.05,701.65,699.1,139865,98515347.8,04-OCT-2021,8516,INE306R01017,
INTENTECH,EQ,65.45,65.5,64.15,64.65,64.85,64.15,36034,2341639.65,04-OCT-2021,556,INE781A01025,
INTLCONV,EQ,70.85,74.95,70.3,71.5,71.0,70.85,221809,16270409.95,04-OCT-2021,1680,INE575C01027,
INVENTURE,EQ,2.8,2.85,2.65,2.7,2.75,2.8,7367523,20152056.95,04-OCT-2021,4078,INE878H01024,
IOB,EQ,22.8,22.85,22.3,22.35,22.4,22.5,6420080,144704640.6,04-OCT-2021,12867,INE565A01014,
IOC,EQ,127.8,128.35,125.5,126.25,126.15,127.4,7563511,956895249.65,04-OCT-2021,53230,INE242A01010,
IOLCP,EQ,585.0,591.7,580.25,585.2,585.15,583.4,239130,139993289.3,04-OCT-2021,10443,INE485C01011,
IPCALAB,EQ,2440.0,2453.0,2386.0,2404.1,2397.0,2423.6,166381,400759833.5,04-OCT-2021,24623,INE571A01020,
IPL,EQ,311.65,311.9,308.75,310.25,310.1,308.6,213000,66050170.7,04-OCT-2021,6318,INE0D6701023,
IRB,EQ,210.9,212.8,200.4,203.15,203.25,210.15,7877628,1620480847.9,04-OCT-2021,58893,INE821I01014,
IRCON,EQ,45.3,45.35,44.95,45.1,45.15,45.1,1318198,59492691.1,04-OCT-2021,5922,INE962Y01021,
IRCTC,EQ,3812.6,4064.85,3808.4,4008.9,4059.0,3793.6,5278868,20822729665.35,04-OCT-2021,270633,INE335Y01012,
IRFC,EQ,24.2,24.55,23.8,23.85,23.85,23.9,28542026,686416226.05,04-OCT-2021,50373,INE053F01010,
IRISDOREME,BE,184.0,187.0,178.5,180.85,185.0,181.35,9230,1698866.95,04-OCT-2021,51,INE01GN01017,
ISEC,EQ,769.0,798.0,763.45,784.85,786.35,761.95,1441326,1134238401.95,04-OCT-2021,51026,INE763G01038,
ISFT,EQ,127.45,129.5,125.25,126.1,125.7,127.4,53343,6754777.65,04-OCT-2021,1108,INE566K01011,
ISGEC,EQ,725.0,744.8,712.25,737.35,740.0,715.05,62767,45722661.95,04-OCT-2021,5135,INE858B01029,
ISMTLTD,BE,28.1,29.4,28.0,28.4,28.9,28.65,67266,1929236.75,04-OCT-2021,180,INE732F01019,
ITC,EQ,236.0,238.35,235.4,236.6,236.6,235.35,10686552,2531930783.5,04-OCT-2021,105551,INE154A01025,
ITDC,EQ,423.5,434.9,412.0,425.3,424.0,421.7,93965,40101894.75,04-OCT-2021,5114,INE353K01014,
ITDCEM,EQ,78.95,79.8,77.4,79.25,79.4,78.15,1428163,112151893.55,04-OCT-2021,10535,INE686A01026,
ITI,EQ,125.0,128.9,122.85,124.3,124.35,124.4,1174385,147985006.25,04-OCT-2021,15949,INE248A01017,
IVC,EQ,5.95,6.0,5.6,5.9,5.85,5.85,319582,1845823.2,04-OCT-2021,559,INE050B01023,
IVP,EQ,126.05,126.05,122.1,122.4,122.1,124.95,13470,1671054.6,04-OCT-2021,993,INE043C01018,
IVZINGOLD,EQ,4189.45,4210.0,4173.05,4198.8,4209.0,4189.4,68,285303.7,04-OCT-2021,24,INF205K01361,
IVZINNIFTY,EQ,1913.25,1935.7,1913.25,1932.3,1932.3,1913.25,36,69487.85,04-OCT-2021,4,INF205K01DA9,
IWEL,BE,625.0,625.0,607.0,608.5,608.0,610.65,1105,677504.7,04-OCT-2021,83,INE0FLR01028,
IZMO,EQ,92.6,93.5,91.0,91.5,91.8,90.55,34404,3175853.4,04-OCT-2021,465,INE848A01014,
J&KBANK,EQ,38.35,38.4,37.75,37.85,37.9,37.95,1829909,69471314.2,04-OCT-2021,4700,INE168A01041,
JAGRAN,EQ,60.6,61.85,59.55,60.05,60.4,59.85,167851,10162439.6,04-OCT-2021,1626,INE199G01027,
JAGSNPHARM,EQ,156.2,159.65,153.15,154.3,154.4,155.6,85519,13309944.45,04-OCT-2021,1650,INE048B01027,
JAIBALAJI,EQ,54.9,54.9,52.55,53.95,54.0,54.0,78964,4250899.05,04-OCT-2021,406,INE091G01018,
JAICORPLTD,EQ,129.55,135.0,129.25,132.65,132.7,128.75,2944966,390155835.6,04-OCT-2021,20207,INE070D01027,
JAIPURKURT,EQ,56.55,60.5,55.65,59.0,58.0,57.65,31715,1878777.65,04-OCT-2021,243,INE696V01013,
JAMNAAUTO,EQ,90.7,91.35,90.0,90.55,90.6,90.05,401470,36358449.55,04-OCT-2021,4419,INE039C01032,
JASH,EQ,491.55,509.4,491.55,504.6,509.4,494.55,7805,3899610.05,04-OCT-2021,323,INE039O01011,
JAYAGROGN,EQ,261.9,265.3,255.0,260.05,259.2,256.85,113291,29494650.55,04-OCT-2021,4622,INE785A01026,
JAYBARMARU,EQ,203.1,209.65,200.05,206.7,207.0,203.3,89559,18415390.15,04-OCT-2021,4083,INE571B01028,
JAYNECOIND,BE,24.7,24.7,24.7,24.7,24.7,23.55,126018,3112644.6,04-OCT-2021,95,INE854B01010,
JAYSREETEA,EQ,106.1,110.5,106.1,108.75,109.0,105.8,196332,21361661.0,04-OCT-2021,3836,INE364A01020,
JBCHEPHARM,EQ,1886.2,1887.0,1829.6,1852.5,1855.0,1886.2,92639,171774516.5,04-OCT-2021,9490,INE572A01028,
JBFIND,BE,23.5,24.0,22.9,24.0,24.0,22.9,322666,7720586.05,04-OCT-2021,534,INE187A01017,
JBMA,EQ,532.35,556.7,525.7,542.8,541.5,528.2,314468,171325255.8,04-OCT-2021,13815,INE927D01028,
JCHAC,EQ,2179.25,2270.0,2175.0,2238.1,2235.0,2168.4,36715,82058811.6,04-OCT-2021,5034,INE782A01015,
JHS,EQ,24.65,24.65,23.8,24.05,24.25,24.2,141924,3429283.95,04-OCT-2021,766,INE544H01014,
JIKIND,BE,0.65,0.65,0.65,0.65,0.65,0.6,10270,6675.5,04-OCT-2021,20,INE026B01049,
JINDALPHOT,EQ,138.9,138.9,138.15,138.9,138.9,132.3,5241,727672.6,04-OCT-2021,109,INE796G01012,
JINDALPOLY,EQ,1018.0,1064.1,1018.0,1033.85,1033.4,1013.55,111619,116716894.1,04-OCT-2021,8062,INE197D01010,
JINDALSAW,EQ,114.15,121.45,114.0,120.45,120.3,113.55,3080339,365420071.35,04-OCT-2021,24033,INE324A01024,
JINDALSTEL,EQ,404.8,419.9,402.5,418.4,417.1,401.7,13836045,5711842146.3,04-OCT-2021,120771,INE749A01030,
JINDCOT,BE,3.3,3.5,3.25,3.5,3.5,3.35,33387,116042.9,04-OCT-2021,134,INE904J01016,
JINDRILL,EQ,142.0,148.9,141.4,146.65,146.7,142.0,190610,27879323.5,04-OCT-2021,4989,INE742C01031,
JINDWORLD,EQ,94.65,95.85,90.45,91.35,91.1,93.9,364672,33883699.0,04-OCT-2021,6435,INE247D01039,
JISLDVREQS,EQ,22.9,22.9,22.05,22.2,22.2,22.15,16648,371142.45,04-OCT-2021,160,IN9175A01010,
JISLJALEQS,EQ,36.55,36.8,36.0,36.2,36.15,36.35,2884745,104819917.05,04-OCT-2021,4848,INE175A01038,
JITFINFRA,BE,217.6,217.6,217.6,217.6,217.6,207.25,23953,5212172.8,04-OCT-2021,154,INE863T01013,
JKCEMENT,EQ,3216.0,3400.0,3215.0,3309.3,3400.0,3208.5,129584,423032261.9,04-OCT-2021,14981,INE823G01014,
JKIL,EQ,185.25,186.85,183.1,183.85,184.25,184.75,151594,27961537.85,04-OCT-2021,5567,INE576I01022,
JKLAKSHMI,EQ,632.0,644.0,628.1,641.75,642.0,627.0,387568,247172624.6,04-OCT-2021,17024,INE786A01032,
JKPAPER,EQ,228.05,233.95,227.7,233.05,232.5,227.6,1371196,317229840.8,04-OCT-2021,14120,INE789E01012,
JKTYRE,EQ,149.6,151.1,149.5,149.75,149.7,148.9,544871,81776057.55,04-OCT-2021,8072,INE573A01042,
JMA,EQ,62.15,62.15,59.2,60.4,60.65,60.9,15583,945182.7,04-OCT-2021,333,INE412C01023,
JMCPROJECT,EQ,115.9,115.9,110.1,110.55,111.0,110.05,558488,63262541.85,04-OCT-2021,8655,INE890A01024,
JMFINANCIL,EQ,92.05,94.2,92.05,92.75,92.8,92.05,1442469,134609279.65,04-OCT-2021,7845,INE780C01023,
JMTAUTOLTD,EQ,2.8,2.9,2.75,2.75,2.8,2.8,734525,2067281.75,04-OCT-2021,1059,INE988E01036,
JOCIL,EQ,226.25,233.95,224.0,232.45,232.0,229.85,27383,6305841.35,04-OCT-2021,703,INE839G01010,
JPASSOCIAT,EQ,8.75,9.1,8.75,9.1,9.1,8.7,5884865,52995351.7,04-OCT-2021,4617,INE455F01025,
JPINFRATEC,EQ,1.95,1.95,1.9,1.95,1.95,1.9,3005964,5834458.15,04-OCT-2021,9827,INE099J01015,
JPOLYINVST,EQ,84.75,84.75,84.75,84.75,84.75,80.75,3168,268488.0,04-OCT-2021,31,INE147P01019,
JPPOWER,EQ,4.25,4.4,4.25,4.35,4.35,4.2,132297216,579695128.5,04-OCT-2021,21920,INE351F01018,
JSL,EQ,170.0,176.95,169.05,175.35,175.05,168.35,4508698,785956596.15,04-OCT-2021,38511,INE220G01021,
JSLHISAR,EQ,300.0,308.55,300.0,305.85,305.0,298.25,688026,209811344.55,04-OCT-2021,12069,INE455T01018,
JSWENERGY,BE,389.0,393.4,373.8,379.15,380.0,385.2,987497,378970280.65,04-OCT-2021,11366,INE121E01018,
JSWHL,EQ,4785.2,4785.2,4712.45,4743.7,4750.05,4721.75,642,3041227.6,04-OCT-2021,238,INE824G01012,
JSWISPL,EQ,34.1,35.0,33.15,34.95,35.0,33.35,2929369,100635256.3,04-OCT-2021,5416,INE743C01021,
JSWSTEEL,EQ,674.5,686.8,662.1,681.15,682.0,674.25,5617530,3795702900.0,04-OCT-2021,69629,INE019A01038,
JTEKTINDIA,EQ,105.55,107.25,105.0,105.55,106.0,105.35,165096,17512533.7,04-OCT-2021,3369,INE643A01035,
JUBLFOOD,EQ,4068.6,4158.0,4056.65,4145.65,4145.0,4045.9,379721,1566354135.35,04-OCT-2021,33035,INE797F01012,
JUBLINDS,EQ,505.0,518.0,500.4,507.15,507.55,496.15,39808,20215751.45,04-OCT-2021,2262,INE645L01011,
JUBLINGREA,EQ,753.0,771.8,750.0,767.3,769.1,748.0,1246060,947168986.4,04-OCT-2021,45933,INE0BY001018,
JUBLPHARMA,EQ,635.5,637.95,625.15,632.65,630.0,628.5,189785,120020530.3,04-OCT-2021,8875,INE700A01033,
JUMPNET,EQ,8.5,8.5,8.2,8.3,8.3,8.3,468202,3881682.25,04-OCT-2021,783,INE974C01022,
JUNIORBEES,EQ,416.9,510.05,416.9,449.68,449.1,443.55,185163,82977177.73,04-OCT-2021,15764,INF732E01045,
JUSTDIAL,EQ,991.9,991.9,983.0,989.95,990.0,989.95,592213,585289692.65,04-OCT-2021,9373,INE599M01018,
JYOTHYLAB,EQ,169.9,170.6,167.0,167.8,167.8,167.4,237972,40166211.75,04-OCT-2021,5852,INE668F01031,
KABRAEXTRU,EQ,259.0,275.0,256.35,265.7,264.0,258.85,706055,189468042.75,04-OCT-2021,20440,INE900B01029,
KAJARIACER,EQ,1217.05,1223.0,1179.4,1196.9,1180.0,1199.35,372406,448269485.85,04-OCT-2021,18104,INE217B01036,
KAKATCEM,EQ,239.05,254.0,239.05,246.75,246.55,241.65,98059,24426933.6,04-OCT-2021,4203,INE437B01014,
KALPATPOWR,EQ,410.95,411.65,405.05,408.65,409.25,404.85,513505,209333220.3,04-OCT-2021,8234,INE220B01022,
KALYANIFRG,BE,199.95,199.95,197.05,197.05,197.05,199.95,316,62547.1,04-OCT-2021,14,INE314G01014,
KALYANKJIL,EQ,74.1,74.95,73.1,73.4,73.3,73.5,948110,69925814.8,04-OCT-2021,8478,INE303R01014,
KAMATHOTEL,EQ,52.95,54.0,51.8,52.1,52.0,52.25,119412,6325319.05,04-OCT-2021,1085,INE967C01018,
KAMDHENU,EQ,234.0,263.7,232.25,251.4,251.5,231.7,786333,197438946.95,04-OCT-2021,30433,INE390H01012,
KANANIIND,BE,8.95,9.15,8.5,9.0,9.05,8.75,21956,196289.6,04-OCT-2021,68,INE879E01037,
KANORICHEM,EQ,205.0,208.0,198.25,204.15,201.05,201.7,31446,6419117.9,04-OCT-2021,633,INE138C01024,
KANPRPLA,EQ,153.35,156.7,152.05,152.85,152.9,153.35,19048,2939740.9,04-OCT-2021,539,INE694E01014,
KANSAINER,EQ,640.6,641.55,611.8,632.1,630.3,637.15,113096,71361812.15,04-OCT-2021,8116,INE531A01024,
KAPSTON,BE,88.8,88.8,82.7,88.0,88.0,85.5,1336,114254.35,04-OCT-2021,25,INE542Z01010,
KARDA,EQ,16.6,17.4,16.55,17.4,17.4,16.6,2760976,47522562.4,04-OCT-2021,2400,INE278R01034,
KARMAENG,BE,19.6,19.6,18.05,18.75,19.4,18.7,6823,131567.65,04-OCT-2021,65,INE725L01011,
KARURVYSYA,EQ,47.6,48.1,47.15,47.8,47.6,47.0,5565995,265230467.5,04-OCT-2021,22637,INE036D01028,
KAUSHALYA,EQ,2.8,2.8,2.8,2.8,2.8,2.7,10697,29951.6,04-OCT-2021,24,INE234I01010,
KAVVERITEL,BE,9.95,9.95,9.85,9.95,9.95,9.5,243985,2426891.1,04-OCT-2021,645,INE641C01019,
KAYA,EQ,467.9,476.0,454.0,474.0,475.95,464.2,49214,23005740.45,04-OCT-2021,2278,INE587G01015,
KCP,EQ,137.2,140.0,137.2,139.15,139.7,136.4,187046,26058629.65,04-OCT-2021,3351,INE805C01028,
KCPSUGIND,EQ,22.35,23.15,22.3,23.15,23.15,22.05,823608,18937592.8,04-OCT-2021,1581,INE790B01024,
KDDL,EQ,448.9,468.3,436.0,441.15,446.85,442.25,5181,2339653.05,04-OCT-2021,377,INE291D01011,
KEC,EQ,444.8,449.75,436.75,438.9,440.25,440.8,181992,80602740.75,04-OCT-2021,7430,INE389H01022,
KECL,EQ,16.6,18.4,16.6,18.1,17.9,17.0,440631,7853686.25,04-OCT-2021,1469,INE134B01017,
KEERTI,EQ,21.35,21.35,20.15,20.6,20.55,20.25,11207,230727.2,04-OCT-2021,87,INE586X01012,
KEI,EQ,975.85,1010.9,956.0,997.55,988.1,965.45,777795,767310687.35,04-OCT-2021,35219,INE878B01027,
KELLTONTEC,EQ,51.2,52.5,51.0,52.05,52.3,50.75,494627,25600127.1,04-OCT-2021,3754,INE164B01022,
KENNAMET,EQ,1360.3,1380.0,1343.2,1370.15,1370.0,1360.3,4502,6144938.95,04-OCT-2021,856,INE717A01029,
KERNEX,BE,71.0,76.5,71.0,75.9,76.25,73.4,26404,1994415.65,04-OCT-2021,120,INE202H01019,
KESORAMIND,EQ,63.2,71.2,62.0,70.25,70.0,63.1,4560121,308361854.7,04-OCT-2021,25015,INE087A01019,
KEYFINSERV,EQ,83.0,83.0,80.6,81.1,81.95,81.55,2235,181371.7,04-OCT-2021,86,INE681C01015,
KHADIM,EQ,235.0,235.0,226.0,226.7,227.5,227.55,104331,23818350.25,04-OCT-2021,4920,INE834I01025,
KHAICHEM,EQ,60.0,62.05,60.0,62.05,62.05,59.1,95922,5902516.2,04-OCT-2021,731,INE745B01028,
KHAITANLTD,BE,41.25,42.4,39.5,39.7,41.2,40.4,6189,254378.95,04-OCT-2021,69,INE731C01018,
KHANDSE,EQ,16.7,17.3,16.2,16.9,16.3,16.65,6138,102063.45,04-OCT-2021,55,INE060B01014,
KICL,EQ,2071.0,2110.0,2040.0,2104.15,2105.0,2080.05,1377,2880622.0,04-OCT-2021,367,INE029L01018,
KIL-RE,BE,8.6,11.75,8.4,11.75,11.75,8.4,1978664,20152468.85,04-OCT-2021,4340,INE087A20019,
KILITCH,EQ,174.55,174.55,166.2,167.5,168.45,167.95,16530,2813813.9,04-OCT-2021,308,INE729D01010,
KIMS,EQ,1223.1,1245.55,1212.0,1217.95,1215.1,1212.0,92540,113495390.45,04-OCT-2021,7449,INE967H01017,
KINGFA,EQ,1010.0,1019.95,999.05,1005.5,1007.0,997.9,2602,2625238.95,04-OCT-2021,259,INE473D01015,
KIOCL,EQ,254.75,261.5,251.05,256.7,256.0,251.3,114158,29308164.2,04-OCT-2021,8746,INE880L01014,
KIRIINDUS,EQ,507.1,525.5,507.1,520.75,521.5,506.6,176943,91800334.3,04-OCT-2021,7454,INE415I01015,
KIRLFER,EQ,259.95,278.0,259.95,267.0,269.15,257.45,479511,129491995.15,04-OCT-2021,19417,INE884B01025,
KIRLOSBROS,EQ,417.7,427.45,411.4,418.0,416.0,410.9,211037,88852665.15,04-OCT-2021,6511,INE732A01036,
KIRLOSENG,EQ,202.6,206.55,197.1,197.9,197.85,202.4,249940,50044606.75,04-OCT-2021,6030,INE146L01010,
KIRLOSIND,EQ,1644.0,1688.9,1620.6,1627.4,1626.15,1655.95,10137,16768065.15,04-OCT-2021,1802,INE250A01039,
KITEX,EQ,165.25,170.9,165.25,169.5,169.05,167.0,210718,35635733.55,04-OCT-2021,3700,INE602G01020,
KKCL,EQ,918.05,1024.0,918.05,988.1,995.0,916.5,108051,106934112.3,04-OCT-2021,10530,INE401H01017,
KMSUGAR,EQ,26.5,27.4,26.4,27.4,27.4,26.1,549384,14875871.15,04-OCT-2021,1356,INE157H01023,
KNRCON,EQ,291.9,294.25,289.15,290.15,290.5,289.9,380746,110920248.15,04-OCT-2021,9095,INE634I01029,
KOKUYOCMLN,EQ,68.1,69.4,67.05,68.1,68.25,67.45,229457,15688553.25,04-OCT-2021,3117,INE760A01029,
KOLTEPATIL,EQ,325.6,331.0,322.0,325.95,324.0,323.75,523677,171818909.2,04-OCT-2021,9727,INE094I01018,
KOPRAN,BE,202.2,204.0,200.0,200.75,201.0,204.15,44431,8944066.15,04-OCT-2021,527,INE082A01010,
KOTAKBANK,EQ,1995.0,2014.9,1988.0,1990.95,1993.15,1993.55,2043053,4084534580.95,04-OCT-2021,56990,INE237A01028,
KOTAKBKETF,EQ,380.0,383.48,376.0,380.42,380.32,376.42,143830,54613823.92,04-OCT-2021,525,INF174K01F59,
KOTAKGOLD,EQ,40.6,41.0,40.35,40.5,40.55,40.6,386045,15651218.72,04-OCT-2021,1335,INF174KA1HJ8,
KOTAKIT,EQ,35.14,36.1,35.0,35.49,35.4,35.14,35820,1273750.06,04-OCT-2021,269,INF174KA1GC5,
KOTAKNIFTY,EQ,185.3,186.99,185.0,186.56,186.57,184.75,15379,2866461.56,04-OCT-2021,403,INF174K014P6,
KOTAKNV20,EQ,98.5,100.8,97.05,98.85,98.99,98.5,15328,1513583.76,04-OCT-2021,421,INF174K01Z71,
KOTAKPSUBK,EQ,246.99,252.0,245.01,249.77,248.21,243.83,21446,5336416.19,04-OCT-2021,507,INF373I01023,
KOTARISUG,EQ,31.95,34.3,31.8,34.3,34.3,31.2,793367,26667302.75,04-OCT-2021,1974,INE419A01022,
KOTHARIPET,EQ,52.9,52.9,52.0,52.25,52.35,51.9,69086,3614849.65,04-OCT-2021,862,INE720A01015,
KOTHARIPRO,BE,98.05,101.75,96.25,98.45,99.0,97.65,10063,988422.7,04-OCT-2021,93,INE823A01017,
KOVAI,EQ,1720.0,1724.7,1680.05,1687.25,1689.9,1716.2,3104,5263713.05,04-OCT-2021,1096,INE177F01017,
KPIGLOBAL,EQ,134.95,135.05,132.0,135.05,135.05,128.65,25818,3478120.8,04-OCT-2021,196,INE542W01017,
KPITTECH,EQ,340.8,348.85,338.0,341.15,341.75,338.05,760487,260492968.6,04-OCT-2021,26673,INE04I401011,
KPRMILL,EQ,427.1,435.7,424.05,425.9,425.9,426.05,399551,171351883.05,04-OCT-2021,17843,INE930H01031,
KRBL,EQ,325.0,328.4,318.0,321.25,320.8,321.55,1314376,425251166.35,04-OCT-2021,21766,INE001B01026,
KREBSBIO,EQ,180.0,180.0,175.2,176.65,176.0,175.3,20791,3682634.5,04-OCT-2021,779,INE268B01013,
KRIDHANINF,EQ,4.75,4.8,4.65,4.8,4.8,4.6,198439,951862.4,04-OCT-2021,180,INE524L01026,
KRISHANA,EQ,194.0,196.95,190.1,192.6,193.25,191.75,14046,2718102.05,04-OCT-2021,613,INE506W01012,
KRSNAA,EQ,774.0,776.0,750.0,755.35,755.8,761.55,134650,102324382.65,04-OCT-2021,10880,INE08LI01020,
KSB,EQ,1253.9,1320.05,1240.2,1306.6,1297.1,1232.4,56063,71753536.9,04-OCT-2021,7754,INE999A01015,
KSCL,EQ,588.4,590.0,581.0,586.15,584.0,583.2,168306,98810484.35,04-OCT-2021,10309,INE455I01029,
KSL,EQ,384.1,396.6,384.1,393.55,394.0,383.65,59592,23330341.95,04-OCT-2021,3699,INE907A01026,
KTKBANK,EQ,69.4,71.9,69.2,70.35,70.25,68.95,2068813,146198933.1,04-OCT-2021,9085,INE614B01018,
KUANTUM,EQ,81.9,87.4,76.55,84.7,82.4,79.2,233017,19153708.15,04-OCT-2021,3473,INE529I01021,
L&TFH,EQ,90.0,92.35,89.75,91.45,91.45,89.65,11552163,1058441767.95,04-OCT-2021,43736,INE498L01015,
LAGNAM,EQ,49.65,49.65,49.65,49.65,49.65,47.3,26031,1292439.15,04-OCT-2021,36,INE548Z01017,
LALPATHLAB,EQ,3710.0,3772.0,3644.0,3762.7,3761.0,3707.05,146146,546979897.6,04-OCT-2021,16939,INE600L01024,
LAMBODHARA,BE,79.7,79.7,78.1,78.6,79.0,78.5,7095,559605.05,04-OCT-2021,79,INE112F01022,
LAOPALA,EQ,309.7,312.0,305.5,306.9,307.5,307.1,118030,36410257.55,04-OCT-2021,5563,INE059D01020,
LASA,EQ,77.5,78.0,76.15,76.65,76.6,76.35,86523,6675203.8,04-OCT-2021,1432,INE670X01014,
LAURUSLABS,EQ,622.05,628.25,617.5,620.5,618.45,619.2,2643784,1649079648.25,04-OCT-2021,43928,INE947Q01028,
LAXMIMACH,EQ,8220.0,8260.9,8134.5,8210.4,8219.0,8111.85,6806,55868579.55,04-OCT-2021,1629,INE269B01029,
LCCINFOTEC,BE,2.0,2.0,1.9,1.95,2.0,2.0,74544,146434.75,04-OCT-2021,203,INE938A01021,
LEMONTREE,EQ,45.85,46.85,44.8,45.75,45.7,45.6,6114938,280737176.3,04-OCT-2021,18997,INE970X01018,
LFIC,EQ,77.35,80.4,77.35,78.55,78.55,78.4,1593,126093.7,04-OCT-2021,106,INE850E01012,
LGBBROSLTD,EQ,455.0,464.8,445.0,456.45,456.0,452.85,132974,60739795.1,04-OCT-2021,6679,INE337A01034,
LGBFORGE,BE,6.8,7.0,6.6,7.0,7.0,6.7,212761,1477494.6,04-OCT-2021,367,INE201J01017,
LIBAS,EQ,49.3,49.85,47.0,48.55,48.8,49.25,197858,9658325.0,04-OCT-2021,2553,INE908V01012,
LIBERTSHOE,EQ,171.25,178.8,171.1,174.6,175.0,169.9,870377,153342902.45,04-OCT-2021,12971,INE557B01019,
LICHSGFIN,EQ,430.5,447.5,428.8,444.9,444.1,427.95,5122107,2268046410.75,04-OCT-2021,73093,INE115A01026,
LICNETFGSC,EQ,23.12,23.34,22.85,23.27,23.29,23.12,9765,226327.49,04-OCT-2021,217,INF767K01MV5,
LICNETFN50,EQ,188.99,189.23,186.0,188.06,187.2,186.07,738,139273.49,04-OCT-2021,104,INF767K01OS7,
LICNETFSEN,EQ,629.7,639.49,629.0,631.75,637.0,633.0,117,74147.69,04-OCT-2021,63,INF767K01OT5,
LICNFNHGP,EQ,174.83,179.45,174.83,178.91,179.0,174.83,707,126047.36,04-OCT-2021,62,INF767K01PC8,
LIKHITHA,EQ,370.0,392.5,368.1,386.25,387.35,371.05,105914,40670990.5,04-OCT-2021,6101,INE060901019,
LINCOLN,EQ,393.25,400.95,384.0,386.15,386.45,393.25,270474,105549234.0,04-OCT-2021,13573,INE405C01035,
LINCPEN,EQ,222.9,250.95,222.9,250.95,250.95,228.15,95638,23526820.15,04-OCT-2021,2575,INE802B01019,
LINDEINDIA,EQ,2644.8,2678.95,2620.05,2639.6,2635.0,2627.95,101845,269532701.95,04-OCT-2021,11237,INE473A01011,
LIQUIDBEES,EQ,1002.3,1002.3,998.3,1000.0,1000.01,1000.0,2669138,2669141771.16,04-OCT-2021,13395,INF732E01037,
LIQUIDETF,EQ,999.99,1000.01,999.99,1000.0,1000.0,1000.0,21521,21521043.93,04-OCT-2021,108,INF740KA1EU7,
LODHA,EQ,1087.8,1099.8,1050.55,1059.1,1053.0,1055.15,353263,380675304.15,04-OCT-2021,24386,INE670K01029,
LOKESHMACH,EQ,52.4,54.05,51.5,54.05,54.05,51.5,42767,2301861.7,04-OCT-2021,641,INE397H01017,
LOTUSEYE,BE,46.25,49.0,46.0,47.0,47.0,48.1,12865,604007.6,04-OCT-2021,89,INE947I01017,
LOVABLE,EQ,118.5,124.0,118.0,120.75,120.5,117.95,130129,15744728.55,04-OCT-2021,3002,INE597L01014,
LPDC,BE,4.8,4.8,4.5,4.65,4.7,4.65,38447,179580.5,04-OCT-2021,199,INE197J01017,
LSIL,BE,3.5,3.5,3.5,3.5,3.5,3.35,2430411,8506438.5,04-OCT-2021,1817,INE093R01011,
LT,EQ,1696.5,1723.95,1684.05,1715.25,1715.0,1696.9,1588493,2721018955.05,04-OCT-2021,76623,INE018A01030,
LTI,EQ,5799.9,5860.0,5680.3,5738.15,5740.0,5750.8,264342,1522423921.65,04-OCT-2021,29995,INE214T01019,
LTTS,EQ,4673.85,4720.4,4613.95,4624.15,4630.0,4644.35,214399,996929443.95,04-OCT-2021,26132,INE010V01017,
LUMAXIND,EQ,1449.8,1500.0,1445.05,1448.35,1450.9,1442.55,3084,4522840.1,04-OCT-2021,817,INE162B01018,
LUMAXTECH,EQ,139.3,141.0,137.55,139.1,139.0,137.15,47160,6579114.9,04-OCT-2021,1661,INE872H01027,
LUPIN,EQ,969.9,978.8,958.65,961.35,961.8,966.4,1600549,1547159486.4,04-OCT-2021,42968,INE326A01037,
LUXIND,EQ,3671.25,3699.9,3566.35,3602.05,3615.0,3634.75,51850,187881631.5,04-OCT-2021,9813,INE150G01020,
LXCHEM,EQ,551.5,569.35,548.5,569.35,569.35,542.25,2531422,1419154708.65,04-OCT-2021,56444,INE576O01020,
LYKALABS,EQ,77.7,80.6,77.0,80.6,80.6,76.8,75957,6013400.45,04-OCT-2021,496,INE933A01014,
LYPSAGEMS,EQ,4.55,4.6,4.4,4.45,4.5,4.5,20009,88904.5,04-OCT-2021,108,INE142K01011,
M&M,EQ,832.5,852.0,828.1,841.15,840.4,827.85,6544700,5516152268.7,04-OCT-2021,133679,INE101A01026,
M&MFIN,EQ,188.0,191.25,186.3,188.65,188.5,186.3,4819940,913022213.9,04-OCT-2021,31610,INE774D01024,
MAANALU,BE,135.4,135.5,131.2,135.5,135.5,129.05,32556,4380910.45,04-OCT-2021,583,INE215I01019,
MACPOWER,EQ,169.25,185.9,168.35,185.3,185.9,169.0,45784,8373415.75,04-OCT-2021,642,INE155Z01011,
MADHAV,EQ,54.2,56.15,54.2,54.55,54.5,54.95,23660,1301959.8,04-OCT-2021,238,INE925C01016,
MADHUCON,EQ,4.75,4.85,4.6,4.65,4.7,4.7,103520,485936.6,04-OCT-2021,483,INE378D01032,
MADRASFERT,EQ,30.7,32.25,30.55,30.9,30.55,30.5,415805,12912247.8,04-OCT-2021,2268,INE414A01015,
MAESGETF,EQ,30.01,30.3,30.01,30.18,30.21,29.89,6577,198322.67,04-OCT-2021,102,INF769K01GS9,
MAFANG,EQ,52.2,52.69,50.68,52.29,52.25,52.2,204631,10629096.03,04-OCT-2021,2810,INF769K01HF4,
MAFSETF,EQ,20.4,20.4,18.2,18.33,18.34,18.15,142406,2610245.14,04-OCT-2021,270,INF769K01HI8,
MAGADSUGAR,EQ,305.3,315.95,305.3,315.95,315.95,300.95,34008,10683613.3,04-OCT-2021,772,INE347W01011,
MAGNUM,BE,7.6,7.8,7.35,7.65,7.65,7.45,17238,129790.05,04-OCT-2021,63,INE387I01016,
MAHABANK,EQ,20.15,20.25,20.05,20.15,20.25,20.0,5376246,108341630.9,04-OCT-2021,8484,INE457A01014,
MAHAPEXLTD,BE,86.05,91.0,86.05,90.9,90.5,87.2,5378,474813.85,04-OCT-2021,49,INE843B01013,
MAHASTEEL,EQ,94.75,95.85,92.1,93.45,93.5,93.85,41243,3858975.85,04-OCT-2021,1782,INE451L01014,
MAHEPC,EQ,133.35,137.0,132.7,133.95,133.8,134.7,76746,10282157.45,04-OCT-2021,2690,INE215D01010,
MAHESHWARI,EQ,100.0,108.2,100.0,104.2,104.65,102.1,84946,8871167.45,04-OCT-2021,966,INE263W01010,
MAHINDCIE,EQ,240.0,247.0,240.0,245.15,243.9,239.9,305093,74546053.7,04-OCT-2021,9567,INE536H01010,
MAHLIFE,EQ,271.0,276.2,271.0,272.15,272.45,273.7,141458,38590607.7,04-OCT-2021,4273,INE813A01018,
MAHLOG,EQ,733.0,744.5,730.55,733.95,735.9,731.35,42382,31178064.05,04-OCT-2021,4253,INE766P01016,
MAHSCOOTER,EQ,4699.95,4780.0,4662.5,4733.1,4719.95,4672.6,5177,24442677.3,04-OCT-2021,1677,INE288A01013,
MAHSEAMLES,EQ,325.2,369.5,325.2,363.8,366.7,322.4,3223357,1154585565.05,04-OCT-2021,61747,INE271B01025,
MAITHANALL,EQ,1166.7,1212.95,1165.0,1192.6,1195.0,1155.95,269120,319760658.65,04-OCT-2021,16804,INE683C01011,
MAJESCO,EQ,86.9,86.9,85.0,85.5,85.35,85.2,133263,11416423.95,04-OCT-2021,2482,INE898S01029,
MALUPAPER,EQ,35.4,36.4,35.0,35.4,35.45,35.05,66170,2352312.85,04-OCT-2021,567,INE383H01017,
MAN50ETF,EQ,181.15,182.83,181.15,182.11,182.45,180.09,4288,781450.95,04-OCT-2021,99,INF769K01EG9,
MANAKALUCO,EQ,20.25,21.15,19.8,20.85,20.6,20.25,66722,1363375.55,04-OCT-2021,433,INE859Q01017,
MANAKCOAT,EQ,14.4,14.5,13.75,14.2,14.1,14.1,226624,3213068.1,04-OCT-2021,221,INE830Q01018,
MANAKSIA,EQ,65.1,67.2,65.1,66.15,66.25,65.6,54312,3600956.6,04-OCT-2021,828,INE015D01022,
MANAKSTEEL,EQ,32.3,32.4,31.25,31.8,31.9,31.85,162284,5120554.1,04-OCT-2021,741,INE824Q01011,
MANALIPETC,EQ,130.0,132.05,128.0,132.05,132.05,125.8,516707,68004621.85,04-OCT-2021,2927,INE201A01024,
MANAPPURAM,EQ,181.95,183.75,179.05,182.65,182.6,179.55,6961154,1264188065.85,04-OCT-2021,45969,INE522D01027,
MANGALAM,EQ,149.5,149.5,146.05,147.3,146.05,147.3,24031,3547778.6,04-OCT-2021,827,INE584F01014,
MANGCHEFER,EQ,74.8,75.6,73.8,74.5,74.55,74.75,422040,31511245.5,04-OCT-2021,4707,INE558B01017,
MANGLMCEM,EQ,451.0,456.45,449.1,452.8,454.0,450.5,18786,8520408.4,04-OCT-2021,1613,INE347A01017,
MANGTIMBER,BE,18.25,18.8,18.0,18.0,18.0,18.0,1719,31484.3,04-OCT-2021,8,INE805B01012,
MANINDS,EQ,111.05,112.9,109.1,112.0,112.5,109.7,206985,23110927.1,04-OCT-2021,5235,INE993A01026,
MANINFRA,EQ,110.35,114.95,110.0,112.8,112.0,109.65,4031653,453466975.5,04-OCT-2021,31383,INE949H01023,
MANUGRAPH,EQ,12.2,12.5,11.85,12.0,12.0,12.15,17620,213362.1,04-OCT-2021,117,INE867A01022,
MANXT50,EQ,427.28,431.45,426.18,430.41,431.2,424.38,608,259751.38,04-OCT-2021,36,INF769K01FN2,
MARALOVER,EQ,81.8,82.7,78.0,78.65,78.3,80.2,23161,1849129.9,04-OCT-2021,509,INE882A01013,
MARATHON,EQ,100.0,100.95,96.25,97.65,97.8,99.75,139158,13659298.3,04-OCT-2021,1990,INE182D01020,
MARICO,EQ,554.15,555.35,545.3,554.05,554.2,549.55,2114180,1167010448.45,04-OCT-2021,41198,INE196A01026,
MARINE,EQ,37.5,37.8,36.5,36.85,36.95,36.9,2496718,92475107.45,04-OCT-2021,4689,INE01JE01028,
MARKSANS,EQ,69.15,74.4,69.1,73.2,73.85,68.9,5127526,371440949.7,04-OCT-2021,26397,INE750C01026,
MARUTI,EQ,7180.0,7214.95,7131.8,7170.3,7154.95,7162.3,466994,3349116023.95,04-OCT-2021,54266,INE585B01010,
MASFIN,EQ,771.75,790.0,771.7,788.05,789.0,771.75,16567,13009967.2,04-OCT-2021,2774,INE348L01012,
MASKINVEST,BE,40.05,44.15,39.95,43.0,43.0,42.05,200,8284.9,04-OCT-2021,22,INE885F01015,
MASPTOP50,EQ,32.0,32.0,27.2,27.62,27.7,27.19,455100,12598027.14,04-OCT-2021,628,INF769K01HP3,
MASTEK,EQ,3080.0,3098.0,3025.0,3065.35,3053.3,3050.3,39490,121400608.9,04-OCT-2021,6717,INE759A01021,
MATRIMONY,EQ,983.6,1020.65,982.0,1007.3,1012.0,978.05,24162,24233998.0,04-OCT-2021,4049,INE866R01028,
MAWANASUG,BE,83.3,84.8,81.6,84.8,84.8,80.8,42691,3590156.6,04-OCT-2021,335,INE636A01039,
MAXHEALTH,EQ,359.9,360.5,350.25,353.0,353.45,358.7,4530962,1599337646.4,04-OCT-2021,34969,INE027H01010,
MAXIND,EQ,74.8,75.9,74.1,75.1,75.0,74.8,454948,34224670.35,04-OCT-2021,2425,INE0CG601016,
MAXVIL,EQ,117.45,124.5,117.45,122.0,122.0,116.35,744458,90391872.35,04-OCT-2021,6526,INE154U01015,
MAYURUNIQ,EQ,464.4,468.6,461.95,464.4,467.0,462.05,27375,12722045.4,04-OCT-2021,1928,INE040D01038,
MAZDA,EQ,682.0,689.75,666.55,669.5,668.05,678.85,8832,5973484.9,04-OCT-2021,618,INE885E01034,
MAZDOCK,EQ,252.0,260.65,251.6,254.75,254.8,250.85,601976,154416792.95,04-OCT-2021,10616,INE249Z01012,
MBAPL,EQ,205.0,205.95,194.45,196.45,197.4,198.65,54265,10796386.8,04-OCT-2021,1499,INE900L01010,
MBECL,BE,6.9,7.0,6.65,6.8,6.75,6.9,23240,159374.55,04-OCT-2021,96,INE748A01016,
MBLINFRA,EQ,18.95,19.8,18.55,19.65,19.6,18.85,83955,1633412.3,04-OCT-2021,359,INE912H01013,
MCDHOLDING,BE,72.9,74.4,71.0,73.3,72.8,71.55,70618,5133398.3,04-OCT-2021,377,INE836H01014,
MCDOWELL-N,EQ,868.95,872.6,858.6,866.8,865.75,865.15,2235401,1935553453.3,04-OCT-2021,57295,INE854D01024,
MCL,EQ,39.4,39.4,38.5,39.0,39.0,38.6,36218,1411566.85,04-OCT-2021,373,INE813V01022,
MCLEODRUSS,BE,31.35,34.15,31.35,31.7,32.95,32.95,999807,31799214.7,04-OCT-2021,1347,INE942G01012,
MCX,EQ,1680.9,1709.15,1674.05,1688.35,1683.0,1671.85,383850,649792533.0,04-OCT-2021,22044,INE745G01035,
MEGASOFT,BE,22.0,22.5,21.5,21.8,22.0,21.5,412720,9073124.8,04-OCT-2021,810,INE933B01012,
MENONBE,EQ,72.75,73.5,71.05,72.3,72.4,71.9,27251,1971539.55,04-OCT-2021,671,INE071D01033,
MEP,EQ,20.8,21.2,20.55,20.65,20.8,20.65,178375,3712248.2,04-OCT-2021,618,INE776I01010,
MERCATOR,BE,1.8,1.8,1.7,1.75,1.75,1.75,424638,748269.35,04-OCT-2021,294,INE934B01028,
METROPOLIS,EQ,2807.0,2885.0,2762.3,2848.1,2880.1,2781.5,290499,818000835.65,04-OCT-2021,19361,INE112L01020,
MFL,EQ,889.7,941.6,883.0,941.6,941.6,856.0,485547,449124165.9,04-OCT-2021,11034,INE071N01016,
MFSL,EQ,1013.45,1028.2,1010.5,1019.35,1020.0,1012.75,398371,405586077.7,04-OCT-2021,12472,INE180A01020,
MGEL,EQ,51.9,53.9,50.55,50.85,50.55,51.15,48036,2460834.15,04-OCT-2021,351,INE0APB01016,
MGL,EQ,1100.05,1102.65,1087.5,1090.8,1096.0,1099.7,275847,301753244.4,04-OCT-2021,13302,INE002S01010,
MHRIL,EQ,242.5,251.0,241.0,242.7,242.25,244.15,521836,128263209.85,04-OCT-2021,8811,INE998I01010,
MIDHANI,EQ,189.9,190.95,188.0,188.35,188.45,188.15,334657,63259690.35,04-OCT-2021,7057,INE099Z01011,
MINDACORP,EQ,133.8,136.0,130.55,133.85,134.0,132.95,734702,98079362.35,04-OCT-2021,11289,INE842C01021,
MINDAIND,EQ,731.65,731.65,715.15,720.8,722.0,721.8,118198,85053260.05,04-OCT-2021,6597,INE405E01023,
MINDTECK,EQ,93.05,94.7,93.0,94.7,94.7,90.2,35269,3330757.5,04-OCT-2021,425,INE110B01017,
MINDTREE,EQ,4199.6,4272.5,4154.85,4253.0,4245.0,4184.6,760651,3215413776.95,04-OCT-2021,51567,INE018I01017,
MIRCELECTR,BE,20.45,20.45,20.45,20.45,20.45,19.5,250620,5125179.0,04-OCT-2021,189,INE831A01028,
MIRZAINT,EQ,60.7,60.9,59.75,59.85,60.0,60.0,506688,30601285.55,04-OCT-2021,5086,INE771A01026,
MITTAL,EQ,10.25,10.4,10.0,10.15,10.2,10.05,19868,201243.9,04-OCT-2021,161,INE997Y01019,
MMFL,EQ,780.0,822.05,771.0,788.95,782.95,781.4,28467,22719956.15,04-OCT-2021,3781,INE227C01017,
MMP,EQ,150.8,159.0,149.0,158.25,158.4,148.65,76173,11940366.0,04-OCT-2021,1262,INE511Y01018,
MMTC,EQ,45.45,46.5,44.8,45.0,44.9,45.1,4171308,189611698.25,04-OCT-2021,12101,INE123F01029,
MODIRUBBER,BE,90.0,90.0,86.0,88.0,88.0,89.85,9342,820591.3,04-OCT-2021,149,INE832A01018,
MODISNME,EQ,70.9,72.9,70.65,72.4,72.9,70.95,58679,4220038.55,04-OCT-2021,1072,INE737D01021,
MOGSEC,EQ,48.95,53.85,48.7,48.82,48.89,48.9,7562,368935.4,04-OCT-2021,86,INF247L01AK4,
MOHITIND,BE,12.25,12.95,12.25,12.5,12.85,12.8,2286,28621.9,04-OCT-2021,28,INE954E01012,
MOHOTAIND,BE,8.55,8.9,8.35,8.85,8.9,8.5,28220,245331.8,04-OCT-2021,89,INE313D01013,
MOIL,EQ,164.0,168.0,163.45,166.65,166.75,163.4,835088,138988093.75,04-OCT-2021,11640,INE490G01020,
MOKSH,EQ,40.9,41.8,40.3,40.8,40.85,40.25,820981,33409015.8,04-OCT-2021,1161,INE514Y01020,
MOL,EQ,123.05,134.0,122.3,129.6,129.6,122.95,3504210,455986612.7,04-OCT-2021,32744,INE0CT101020,
MOLDTECH,BE,79.6,79.8,76.3,78.35,78.05,78.15,20553,1611889.0,04-OCT-2021,302,INE835B01035,
MOLDTKPAC,EQ,594.9,635.0,594.0,620.9,622.25,586.9,209347,130147021.9,04-OCT-2021,12805,INE893J01029,
MOM100,EQ,32.39,32.5,31.85,32.41,32.45,32.01,73565,2378714.97,04-OCT-2021,1786,INF247L01023,
MOM50,EQ,176.3,176.3,174.89,175.16,175.6,174.23,5893,1032679.69,04-OCT-2021,109,INF247L01536,
MON100,EQ,108.75,108.79,107.25,107.81,107.78,107.53,622024,67139609.98,04-OCT-2021,8614,INF247L01AP3,
MONTECARLO,EQ,377.25,388.6,365.0,383.05,384.0,374.75,125824,47964589.45,04-OCT-2021,9115,INE950M01013,
MORARJEE,EQ,16.9,16.9,16.15,16.35,16.45,16.55,13754,225034.25,04-OCT-2021,78,INE161G01027,
MOREPENLAB,EQ,56.55,57.6,56.3,56.6,56.5,56.1,1519589,86299039.8,04-OCT-2021,7791,INE083A01026,
MOTHERSUMI,EQ,226.0,229.55,223.9,226.4,226.2,224.9,6126134,1385739762.3,04-OCT-2021,52700,INE775A01035,
MOTILALOFS,EQ,870.5,879.2,863.35,871.25,871.8,872.25,330185,287586337.65,04-OCT-2021,14145,INE338I01027,
MOTOGENFIN,EQ,24.55,25.3,24.1,25.1,25.25,24.05,6696,166705.25,04-OCT-2021,76,INE861B01023,
MPHASIS,EQ,3058.5,3099.0,3040.0,3089.1,3092.0,3026.25,550121,1690078298.55,04-OCT-2021,44979,INE356A01018,
MPSLTD,EQ,680.55,690.0,670.05,678.8,682.0,672.5,13287,9029098.9,04-OCT-2021,1325,INE943D01017,
MRF,EQ,79477.2,80551.95,79400.0,79787.0,79625.0,78994.4,10101,808343802.9,04-OCT-2021,6525,INE883A01011,
MRO-TEK,EQ,64.5,64.5,64.5,64.5,64.5,61.45,1295,83527.5,04-OCT-2021,19,INE398B01018,
MRPL,EQ,51.6,51.9,49.9,50.45,50.35,50.85,4544260,230428997.6,04-OCT-2021,18927,INE103A01014,
MSPL,EQ,9.75,10.1,9.75,10.0,10.0,9.75,501475,5011756.1,04-OCT-2021,572,INE752G01015,
MSTCLTD,EQ,315.65,319.8,309.1,312.05,313.0,314.5,514167,160940100.55,04-OCT-2021,10097,INE255X01014,
MTARTECH,EQ,1483.95,1505.0,1465.0,1477.25,1472.9,1474.85,168226,249331849.75,04-OCT-2021,13753,INE864I01014,
MTEDUCARE,EQ,8.5,8.8,8.15,8.45,8.4,8.45,149779,1260258.15,04-OCT-2021,339,INE472M01018,
MTNL,EQ,19.1,19.6,19.1,19.2,19.2,19.1,1300399,25095095.85,04-OCT-2021,2256,INE153A01019,
MUKANDENGG,BE,26.7,26.7,25.4,26.25,26.25,26.7,8910,236140.9,04-OCT-2021,35,INE022B01014,
MUKANDLTD,BE,148.0,150.8,144.05,150.8,150.5,143.65,100745,15122428.0,04-OCT-2021,529,INE304A01026,
MUKTAARTS,EQ,42.95,43.35,40.15,41.3,41.0,42.0,42301,1779839.95,04-OCT-2021,441,INE374B01019,
MUNJALAU,EQ,59.9,60.45,59.05,59.95,59.95,58.65,318210,19051356.25,04-OCT-2021,3128,INE672B01032,
MUNJALSHOW,EQ,140.95,140.95,136.6,138.1,138.85,139.75,37501,5200120.45,04-OCT-2021,1235,INE577A01027,
MURUDCERA,EQ,26.0,26.0,25.45,25.65,25.8,25.55,70582,1811819.0,04-OCT-2021,523,INE692B01014,
MUTHOOTCAP,EQ,408.9,419.95,405.6,411.55,413.0,401.55,63163,26053850.6,04-OCT-2021,3014,INE296G01013,
MUTHOOTFIN,EQ,1537.9,1542.45,1514.35,1520.85,1521.0,1533.8,668680,1021895163.9,04-OCT-2021,30298,INE414G01012,
NACLIND,EQ,79.25,82.0,79.25,79.7,80.0,80.2,139242,11201433.5,04-OCT-2021,1490,INE295D01020,
NAGAFERT,BE,10.8,11.25,10.8,11.05,11.05,11.0,531593,5824945.15,04-OCT-2021,875,INE454M01024,
NAGREEKCAP,EQ,7.7,7.7,7.7,7.7,7.7,7.7,910,7007.0,04-OCT-2021,5,INE245I01016,
NAGREEKEXP,BE,34.95,34.95,32.4,33.8,34.1,33.65,4342,146067.95,04-OCT-2021,43,INE123B01028,
NAHARCAP,EQ,287.0,299.1,286.0,298.1,299.1,284.9,35921,10657603.55,04-OCT-2021,1335,INE049I01012,
NAHARINDUS,BE,118.3,122.0,117.1,119.8,120.5,116.3,50945,6068694.75,04-OCT-2021,417,INE289A01011,
NAHARPOLY,EQ,245.3,267.65,245.3,253.65,254.5,243.35,61108,15614209.05,04-OCT-2021,2934,INE308A01027,
NAHARSPING,BE,451.1,464.0,450.0,456.0,458.0,445.5,70866,32391405.25,04-OCT-2021,953,INE290A01027,
NAM-INDIA,EQ,441.0,451.0,434.65,448.6,446.65,440.65,1735065,775069461.95,04-OCT-2021,28359,INE298J01013,
NATCOPHARM,EQ,909.9,926.95,905.6,912.7,916.0,902.7,196411,179966988.2,04-OCT-2021,9829,INE987B01026,
NATHBIOGEN,EQ,325.0,331.7,322.6,327.45,326.0,324.65,44930,14654967.55,04-OCT-2021,1608,INE448G01010,
NATIONALUM,EQ,96.25,106.0,95.3,105.05,104.3,95.5,97406843,9897557332.5,04-OCT-2021,224076,INE139A01034,
NATNLSTEEL,EQ,4.2,4.2,4.0,4.0,4.0,4.1,65497,266133.6,04-OCT-2021,169,INE088B01015,
NAUKRI,EQ,6486.55,6587.25,6425.0,6544.6,6550.0,6428.65,285726,1863297820.3,04-OCT-2021,36402,INE663F01024,
NAVINFLUOR,EQ,3740.0,3885.65,3713.8,3869.95,3874.0,3722.0,227472,869189168.95,04-OCT-2021,23094,INE048G01026,
NAVKARCORP,EQ,41.45,42.5,41.4,41.9,41.8,41.45,443370,18588325.5,04-OCT-2021,2773,INE278M01019,
NAVNETEDUL,EQ,115.0,116.6,112.2,113.45,113.7,111.9,500580,57497218.45,04-OCT-2021,7981,INE060A01024,
NAZARA,EQ,2346.0,2374.7,2323.1,2342.05,2349.0,2327.0,238421,559889609.7,04-OCT-2021,18979,INE418L01021,
NBCC,EQ,48.45,48.45,47.65,47.75,47.7,48.2,5180998,248691354.1,04-OCT-2021,15896,INE095N01031,
NBIFIN,EQ,2715.45,2798.0,2607.0,2636.5,2620.0,2647.2,664,1782139.2,04-OCT-2021,149,INE365I01020,
NBVENTURES,EQ,120.7,125.4,120.7,124.0,123.5,120.15,442149,54465080.3,04-OCT-2021,6484,INE725A01022,
NCC,EQ,82.4,84.5,82.25,83.0,83.0,81.9,4570032,380629739.15,04-OCT-2021,17409,INE868B01028,
NCLIND,EQ,235.45,236.7,228.25,230.65,230.65,233.6,204803,47219338.15,04-OCT-2021,6143,INE732C01016,
NCPSESDL24,EQ,106.6,106.6,106.55,106.58,106.55,106.6,64,6822.35,04-OCT-2021,11,INF204KB18W4,
NDGL,BE,1424.0,1424.0,1352.0,1418.5,1418.5,1363.0,91,126317.3,04-OCT-2021,23,INE756C01015,
NDL,EQ,69.5,71.8,68.65,71.8,71.8,68.4,42570,3033005.95,04-OCT-2021,369,INE875G01030,
NDRAUTO,BE,400.25,415.0,396.05,400.85,408.9,400.15,5359,2186675.2,04-OCT-2021,216,INE07OG01012,
NDTV,EQ,84.1,86.7,82.25,86.7,86.7,82.6,52883,4527893.6,04-OCT-2021,884,INE155G01029,
NECCLTD,EQ,18.5,19.25,18.35,19.1,19.0,18.4,1076099,20071975.65,04-OCT-2021,625,INE553C01016,
NECLIFE,EQ,29.8,30.75,29.5,29.85,29.9,29.65,506976,15249379.5,04-OCT-2021,2322,INE023H01027,
NELCAST,EQ,93.7,96.7,92.05,92.75,92.6,91.4,836922,78890991.65,04-OCT-2021,15355,INE189I01024,
NELCO,EQ,793.9,793.9,775.0,793.9,793.9,756.1,134067,106253521.55,04-OCT-2021,2595,INE045B01015,
NEOGEN,EQ,1255.1,1285.0,1255.0,1263.6,1260.0,1249.6,57376,72646495.65,04-OCT-2021,5344,INE136S01016,
NESCO,EQ,606.0,626.7,601.45,611.0,612.85,600.35,152669,94245626.95,04-OCT-2021,9260,INE317F01035,
NESTLEIND,EQ,19549.95,19650.0,19362.05,19492.95,19498.0,19549.95,32796,639984544.45,04-OCT-2021,10857,INE239A01016,
NETF,EQ,218.06,218.06,215.0,218.06,218.06,219.2,359,78265.18,04-OCT-2021,45,INF277K015R5,
NETFCONSUM,EQ,79.88,79.88,77.5,78.38,78.35,77.7,9935,775670.9,04-OCT-2021,263,INF204KA1LD7,
NETFDIVOPP,EQ,46.79,46.96,45.35,45.69,45.71,45.43,1517,69352.51,04-OCT-2021,92,INF204KA1MS3,
NETFGILT5Y,EQ,48.91,48.91,48.86,48.89,48.89,48.92,190,9292.63,04-OCT-2021,15,INF204KC1030,
NETFIT,EQ,35.9,35.9,35.43,35.78,35.82,35.43,798390,28521971.94,04-OCT-2021,4326,INF204KB15V2,
NETFLTGILT,EQ,23.37,23.37,22.7,22.77,22.8,22.79,10496,239094.63,04-OCT-2021,152,INF204KB1882,
NETFMID150,EQ,121.25,121.25,109.01,116.84,116.46,115.13,208766,24256665.36,04-OCT-2021,2522,INF204KB1V68,
NETFNIF100,EQ,183.24,189.5,180.5,184.93,184.9,183.24,1882,348741.95,04-OCT-2021,134,INF204K014N5,
NETFNV20,EQ,100.69,100.84,97.95,99.93,99.36,99.12,17432,1726918.08,04-OCT-2021,181,INF204KB18I3,
NETFPHARMA,EQ,14.74,15.09,14.58,14.88,14.9,14.58,27757914,415701854.3,04-OCT-2021,1525,INF204KC1089,
NETFSDL26,EQ,106.22,106.26,106.09,106.14,106.09,106.13,7649,811896.83,04-OCT-2021,23,INF204KC1022,
NETWORK18,EQ,54.6,59.65,54.35,58.35,58.7,54.3,12774544,740090424.75,04-OCT-2021,37213,INE870H01013,
NEULANDLAB,EQ,1523.9,1580.0,1502.45,1558.95,1545.75,1523.9,17719,27311467.3,04-OCT-2021,3076,INE794A01010,
NEWGEN,BE,582.95,592.3,578.0,587.75,587.5,583.2,53890,31500831.5,04-OCT-2021,2666,INE619B01017,
NEXTMEDIA,EQ,5.95,6.0,5.65,5.95,5.8,5.75,70387,414502.45,04-OCT-2021,194,INE747B01016,
NFL,EQ,58.6,61.9,58.4,60.05,60.0,58.4,2263929,136485161.65,04-OCT-2021,11720,INE870D01012,
NGIL,BE,109.55,116.8,105.7,105.8,105.7,111.25,12371,1343172.9,04-OCT-2021,209,INE236Y01012,
NH,EQ,510.0,517.5,505.15,510.45,510.5,507.85,110123,56053979.2,04-OCT-2021,3957,INE410P01011,
NHPC,EQ,29.5,29.9,29.35,29.7,29.6,29.1,5360130,159025402.65,04-OCT-2021,13438,INE848E01016,
NIACL,EQ,162.0,165.2,162.0,163.95,164.2,162.0,300529,49205314.45,04-OCT-2021,4832,INE470Y01017,
NIBL,EQ,19.0,19.0,17.85,18.6,18.75,18.6,7349,136065.75,04-OCT-2021,115,INE047O01014,
NIFTYBEES,EQ,187.05,197.39,187.05,191.03,191.1,189.22,1077774,205685058.62,04-OCT-2021,32600,INF204KB14I2,
NIITLTD,EQ,354.9,363.8,352.2,361.35,359.65,349.65,860212,307966792.45,04-OCT-2021,19131,INE161A01038,
NILAINFRA,EQ,5.2,5.4,5.2,5.35,5.4,5.15,347815,1858259.5,04-OCT-2021,463,INE937C01029,
NILASPACES,BE,1.7,1.7,1.65,1.7,1.7,1.65,147333,249632.85,04-OCT-2021,169,INE00S901012,
NILKAMAL,EQ,2773.8,2779.9,2707.45,2734.0,2735.0,2753.2,12002,32977882.45,04-OCT-2021,2683,INE310A01015,
NIPPOBATRY,EQ,984.0,995.0,967.2,976.0,974.0,970.3,3846,3773594.55,04-OCT-2021,536,INE567A01010,
NIRAJ,EQ,38.35,39.65,38.1,38.75,38.55,37.85,65033,2511132.45,04-OCT-2021,558,INE368I01016,
NITCO,EQ,23.25,23.25,22.85,22.95,23.0,22.7,25922,596352.0,04-OCT-2021,333,INE858F01012,
NITINSPIN,BE,212.05,214.95,201.45,212.05,212.0,212.05,77218,16277071.4,04-OCT-2021,996,INE229H01012,
NITIRAJ,EQ,43.35,44.65,42.5,44.4,44.4,43.35,2656,116063.35,04-OCT-2021,130,INE439T01012,
NKIND,BE,40.75,40.75,36.95,37.3,40.4,38.85,2659,100684.35,04-OCT-2021,38,INE542C01019,
NLCINDIA,EQ,62.0,63.9,62.0,62.65,62.9,61.7,4801727,302345603.85,04-OCT-2021,19234,INE589A01014,
NMDC,EQ,144.8,148.7,143.1,148.4,148.4,143.65,15790438,2308310807.7,04-OCT-2021,71972,INE584A01023,
NOCIL,EQ,287.0,298.6,286.9,296.05,296.5,286.55,1339897,393850182.95,04-OCT-2021,18535,INE163A01018,
NOIDATOLL,EQ,6.9,6.9,6.9,6.9,6.9,6.6,141699,977723.1,04-OCT-2021,131,INE781B01015,
NORBTEAEXP,EQ,6.8,6.85,6.8,6.85,6.85,6.8,1606,10971.9,04-OCT-2021,10,INE369C01017,
NOVARTIND,EQ,805.2,830.0,805.2,814.2,817.0,813.9,14020,11463936.55,04-OCT-2021,1615,INE234A01025,
NPBET,EQ,195.41,196.0,189.72,194.09,194.9,189.72,1322,255789.94,04-OCT-2021,60,INF277K010X4,
NRAIL,EQ,325.0,325.75,314.0,318.1,318.1,320.15,38890,12383485.15,04-OCT-2021,2582,INE740D01017,
NRBBEARING,EQ,143.5,145.0,140.35,141.05,141.0,142.15,168860,24064497.8,04-OCT-2021,4073,INE349A01021,
NSIL,EQ,1767.15,1788.0,1759.0,1779.45,1786.0,1753.7,1155,2047783.6,04-OCT-2021,138,INE023A01030,
NTL,BE,2.15,2.2,2.0,2.2,2.2,2.1,88626,189852.05,04-OCT-2021,160,INE333I01036,
NTPC,EQ,143.45,149.35,140.5,145.55,145.5,139.9,58612212,8487705988.25,04-OCT-2021,227650,INE733E01010,
NUCLEUS,EQ,584.9,589.8,581.5,582.75,582.5,581.65,57106,33397831.75,04-OCT-2021,3600,INE096B01018,
NURECA,EQ,1639.9,1701.45,1624.85,1698.3,1701.0,1620.45,43027,72706265.05,04-OCT-2021,2706,INE0DSF01015,
NUVOCO,EQ,548.1,552.5,548.0,551.15,550.1,545.75,153098,84230285.8,04-OCT-2021,7953,INE118D01016,
NXTDIGITAL,EQ,423.0,426.95,415.0,421.75,420.6,418.15,1751,735557.0,04-OCT-2021,147,INE353A01023,
OAL,EQ,955.0,969.9,913.95,930.8,931.5,941.1,29187,27360355.9,04-OCT-2021,4029,INE959C01023,
OBEROIRLTY,EQ,922.0,941.95,905.0,917.5,917.95,916.2,2019471,1871704870.35,04-OCT-2021,56287,INE093I01010,
OCCL,EQ,1068.8,1080.0,1050.85,1066.05,1066.0,1050.85,21077,22421614.8,04-OCT-2021,2951,INE321D01016,
OFSS,EQ,4534.0,4633.9,4493.1,4622.25,4610.0,4512.25,116287,534134263.2,04-OCT-2021,15350,INE881D01027,
OIL,EQ,249.95,250.0,240.05,241.6,240.55,250.05,1611701,392941208.15,04-OCT-2021,22320,INE274J01014,
OILCOUNTUB,BE,9.3,9.3,9.3,9.3,9.3,8.9,28673,266658.9,04-OCT-2021,141,INE591A01010,
OLECTRA,BE,454.95,454.95,454.95,454.95,454.95,433.3,123092,56000705.4,04-OCT-2021,536,INE260D01016,
OMAXAUTO,BE,44.9,46.5,44.9,46.35,46.45,44.9,10728,489212.2,04-OCT-2021,92,INE090B01011,
OMAXE,EQ,78.5,80.9,78.5,79.15,78.6,78.3,71583,5696568.85,04-OCT-2021,1875,INE800H01010,
OMINFRAL,EQ,29.25,29.25,27.95,28.95,29.25,28.55,254716,7301726.2,04-OCT-2021,1113,INE239D01028,
OMKARCHEM,EQ,16.4,16.85,16.05,16.25,16.05,16.4,80548,1323054.4,04-OCT-2021,430,INE474L01016,
ONELIFECAP,BE,17.0,17.8,16.2,16.7,17.25,17.0,2760,47686.45,04-OCT-2021,54,INE912L01015,
ONEPOINT,BE,33.2,33.2,30.2,32.55,32.65,31.65,6872,223278.15,04-OCT-2021,53,INE840Y01011,
ONGC,EQ,147.8,148.5,147.0,147.6,147.9,146.25,16099471,2378181257.85,04-OCT-2021,145646,INE213A01029,
ONMOBILE,EQ,113.0,114.25,112.1,112.75,113.0,112.25,326559,36891237.7,04-OCT-2021,4169,INE809I01019,
ONWARDTEC,EQ,225.0,230.0,225.0,229.05,230.0,226.75,10738,2442235.55,04-OCT-2021,287,INE229A01017,
OPTIEMUS,BE,337.55,337.55,331.0,337.55,337.55,321.5,56580,19095605.45,04-OCT-2021,502,INE350C01017,
ORBTEXP,EQ,77.0,77.0,74.2,74.9,75.5,76.0,25581,1919120.15,04-OCT-2021,493,INE231G01010,
ORCHPHARMA,BE,420.6,434.0,418.0,431.9,434.0,427.75,5984,2556433.65,04-OCT-2021,190,INE191A01027,
ORICONENT,EQ,32.0,32.4,31.3,31.45,31.35,31.8,61895,1960410.95,04-OCT-2021,467,INE730A01022,
ORIENTABRA,EQ,28.65,31.35,28.0,31.1,31.0,28.85,441259,13456434.1,04-OCT-2021,2708,INE569C01020,
ORIENTALTL,EQ,8.3,8.65,8.15,8.25,8.2,8.45,54642,454421.85,04-OCT-2021,208,INE998H01012,
ORIENTBELL,EQ,364.9,364.9,354.2,357.7,356.2,359.4,14106,5067923.4,04-OCT-2021,1240,INE607D01018,
ORIENTCEM,EQ,159.0,161.6,157.65,158.85,158.6,157.15,657772,104964686.75,04-OCT-2021,16814,INE876N01018,
ORIENTELEC,EQ,334.95,334.95,326.0,327.9,328.0,330.7,412481,135539861.8,04-OCT-2021,14525,INE142Z01019,
ORIENTHOT,EQ,38.95,40.0,38.6,39.0,38.8,38.55,279534,10982302.95,04-OCT-2021,2575,INE750A01020,
ORIENTLTD,EQ,70.5,73.0,70.5,72.7,73.0,71.1,10085,728361.55,04-OCT-2021,350,INE609C01024,
ORIENTPPR,EQ,31.0,31.8,30.6,31.0,31.0,30.8,2177189,67722943.25,04-OCT-2021,5512,INE592A01026,
ORISSAMINE,EQ,2900.0,2936.4,2859.9,2877.25,2867.0,2856.4,21708,62812361.4,04-OCT-2021,3956,INE725E01024,
ORTINLAB,EQ,26.8,27.85,26.65,27.6,27.6,26.45,35818,977663.65,04-OCT-2021,473,INE749B01020,
OSWALAGRO,EQ,17.05,17.65,17.0,17.5,17.45,17.0,107769,1869373.85,04-OCT-2021,423,INE142A01012,
PAGEIND,EQ,32399.95,33286.9,32252.5,33068.85,33100.0,32281.05,26275,865349562.2,04-OCT-2021,11596,INE761H01022,
PAISALO,EQ,884.0,941.9,884.0,931.0,936.0,882.9,162204,150082456.95,04-OCT-2021,3931,INE420C01042,
PALASHSECU,EQ,89.45,89.45,85.0,86.05,85.0,85.6,52848,4593278.75,04-OCT-2021,100,INE471W01019,
PALREDTEC,EQ,118.05,120.0,114.6,115.85,116.3,116.65,99289,11606395.9,04-OCT-2021,2987,INE218G01033,
PANACEABIO,EQ,283.8,286.45,279.0,280.8,280.5,281.55,104016,29376839.3,04-OCT-2021,3423,INE922B01023,
PANACHE,BE,57.9,57.9,55.7,56.25,57.1,56.1,4924,278626.65,04-OCT-2021,84,INE895W01019,
PANAMAPET,EQ,266.3,271.0,262.8,263.65,263.9,268.2,145529,38556353.0,04-OCT-2021,6829,INE305C01029,
PAR,EQ,231.95,231.95,226.0,231.95,231.95,220.95,81534,18846936.35,04-OCT-2021,1177,INE04LG01015,
PARACABLES,BE,12.35,12.7,12.05,12.4,12.45,12.2,151188,1873605.55,04-OCT-2021,447,INE074B01023,
PARAGMILK,EQ,126.7,130.8,126.1,128.35,128.55,126.05,560457,72191318.0,04-OCT-2021,8278,INE883N01014,
PARAS,BE,517.05,517.05,517.05,517.05,517.05,492.45,229666,118748805.3,04-OCT-2021,668,INE045601015,
PARSVNATH,EQ,15.1,15.4,14.8,15.1,14.95,14.75,490392,7382398.3,04-OCT-2021,832,INE561H01026,
PATELENG,EQ,20.25,24.05,20.2,24.05,24.05,20.05,18265745,420028779.0,04-OCT-2021,25304,INE244B01030,
PATINTLOG,EQ,22.15,22.8,21.65,22.45,22.35,21.85,136454,3036053.15,04-OCT-2021,715,INE529D01014,
PATSPINLTD,EQ,9.0,9.0,8.75,8.85,8.85,8.8,4044,35898.7,04-OCT-2021,33,INE790C01014,
PBAINFRA,BE,10.15,10.65,9.7,10.1,10.5,10.15,10629,106377.05,04-OCT-2021,50,INE160H01019,
PCJEWELLER,EQ,26.55,26.75,25.85,25.9,26.0,26.35,2028586,53104725.65,04-OCT-2021,4984,INE785M01013,
PDMJEPAPER,EQ,40.95,44.5,40.25,44.35,44.4,40.7,1951711,84877568.15,04-OCT-2021,11897,INE865T01018,
PDPL,BE,2.75,2.75,2.75,2.75,2.75,2.75,1000,2750.0,04-OCT-2021,3,INE904D01019,
PDSMFL,EQ,1199.0,1216.0,1179.8,1208.4,1209.0,1187.2,2598,3125604.5,04-OCT-2021,344,INE111Q01013,
PEARLPOLY,EQ,15.2,15.45,14.5,15.15,15.15,15.25,20696,309769.5,04-OCT-2021,209,INE844A01013,
PEL,EQ,2680.0,2839.0,2665.5,2786.25,2769.0,2655.4,2624705,7291134289.0,04-OCT-2021,127032,INE140A01024,
PENIND,EQ,29.0,29.7,28.5,28.9,29.0,28.75,556409,16186323.0,04-OCT-2021,2044,INE932A01024,
PENINLAND,BE,13.25,13.9,13.25,13.85,13.9,13.25,347602,4777783.5,04-OCT-2021,396,INE138A01028,
PERSISTENT,EQ,3670.0,3725.3,3649.95,3714.3,3715.0,3643.25,329407,1217559688.25,04-OCT-2021,25607,INE262H01013,
PETRONET,EQ,235.5,236.45,233.85,235.9,235.8,235.6,3638385,854932228.2,04-OCT-2021,39343,INE347G01014,
PFC,EQ,141.4,142.35,140.15,141.85,142.2,139.9,4516157,638460134.4,04-OCT-2021,29831,INE134E01011,
PFIZER,EQ,5569.5,5744.0,5569.5,5648.65,5645.0,5569.45,65535,371752465.5,04-OCT-2021,8017,INE182A01018,
PFOCUS,EQ,77.3,77.5,74.3,76.6,75.9,74.25,75911,5803526.55,04-OCT-2021,1251,INE367G01038,
PFS,EQ,20.0,20.4,19.6,19.7,19.7,19.8,1562939,31076470.2,04-OCT-2021,3728,INE560K01014,
PGEL,EQ,401.7,429.9,400.0,424.5,425.0,401.3,161278,65854027.55,04-OCT-2021,2784,INE457L01011,
PGHH,EQ,14199.0,14202.35,13850.0,13972.35,14000.0,14048.3,2475,34737230.0,04-OCT-2021,1391,INE179A01014,
PGHL,EQ,5540.0,5785.0,5535.0,5772.0,5783.0,5518.6,55706,316640695.1,04-OCT-2021,10194,INE199A01012,
PGIL,EQ,307.5,312.0,303.4,307.95,304.0,303.8,8357,2576456.2,04-OCT-2021,321,INE940H01014,
PHILIPCARB,EQ,268.4,277.3,267.0,271.05,271.2,265.0,3018737,820207052.95,04-OCT-2021,32258,INE602A01023,
PHOENIXLTD,EQ,964.9,983.65,945.55,956.95,960.0,961.55,185328,179593673.3,04-OCT-2021,17315,INE211B01039,
PIDILITIND,EQ,2431.0,2448.0,2411.55,2421.0,2425.0,2417.25,254546,618555695.5,04-OCT-2021,22108,INE318A01026,
PIIND,EQ,3109.8,3206.75,3093.85,3173.1,3176.45,3100.45,410941,1292865169.55,04-OCT-2021,37721,INE603J01030,
PILANIINVS,EQ,1924.0,2025.0,1924.0,1994.15,1990.0,1905.15,22618,45034358.75,04-OCT-2021,3206,INE417C01014,
PILITA,EQ,7.4,7.65,7.3,7.55,7.55,7.25,1985749,14929027.3,04-OCT-2021,2965,INE600A01035,
PIONDIST,EQ,173.0,182.15,172.45,178.7,178.5,173.45,482502,86261263.75,04-OCT-2021,9159,INE889E01010,
PIONEEREMB,EQ,61.9,62.6,59.5,60.5,60.4,61.2,315673,19092088.7,04-OCT-2021,3352,INE156C01018,
PITTIENG,EQ,155.7,163.5,155.7,163.5,163.5,155.75,100804,16408431.65,04-OCT-2021,1368,INE450D01021,
PKTEA,BE,322.0,337.75,322.0,327.5,323.05,321.7,1231,405337.7,04-OCT-2021,41,INE431F01018,
PLASTIBLEN,EQ,278.0,279.75,273.5,277.75,276.3,273.55,31378,8677200.65,04-OCT-2021,2114,INE083C01022,
PNB,EQ,40.9,41.5,40.75,41.1,41.05,40.6,62912144,2585175587.85,04-OCT-2021,81655,INE160A01022,
PNBGILTS,EQ,67.45,68.6,66.75,67.55,67.75,66.6,208811,14165201.25,04-OCT-2021,2157,INE859A01011,
PNBHOUSING,EQ,633.25,644.6,627.35,635.7,635.95,633.15,66214,42082814.25,04-OCT-2021,2723,INE572E01012,
PNC,EQ,37.0,37.95,37.0,37.5,37.4,37.65,15084,564581.35,04-OCT-2021,284,INE392B01011,
PNCINFRA,EQ,369.3,369.3,357.0,359.1,359.5,371.45,484099,174933249.2,04-OCT-2021,17440,INE195J01029,
PODDARHOUS,EQ,195.0,201.0,194.95,198.5,198.7,197.4,15432,3072541.95,04-OCT-2021,223,INE888B01018,
PODDARMENT,EQ,347.25,353.95,345.0,347.15,347.0,347.9,9427,3286723.35,04-OCT-2021,640,INE371C01013,
POKARNA,EQ,504.0,505.05,488.0,490.65,488.05,500.55,41791,20746275.3,04-OCT-2021,2653,INE637C01025,
POLYCAB,EQ,2358.8,2479.2,2358.0,2435.6,2434.0,2346.75,897779,2189638700.4,04-OCT-2021,49541,INE455K01017,
POLYMED,EQ,937.6,947.0,924.0,930.3,929.85,935.45,38690,36205947.55,04-OCT-2021,3920,INE205C01021,
POLYPLEX,EQ,1770.0,1787.0,1743.0,1748.1,1750.0,1768.1,73429,129526205.6,04-OCT-2021,8085,INE633B01018,
PONNIERODE,BE,248.9,254.85,248.9,254.85,254.85,242.75,21491,5465822.35,04-OCT-2021,236,INE838E01017,
POONAWALLA,EQ,164.5,170.0,164.5,167.8,167.95,163.85,1618856,271841552.2,04-OCT-2021,8012,INE511C01022,
POWERGRID,EQ,192.0,193.05,190.05,191.65,191.5,191.85,8067965,1545646307.2,04-OCT-2021,49984,INE752E01010,
POWERINDIA,EQ,2478.4,2516.0,2465.1,2480.4,2483.8,2453.15,49748,123923760.85,04-OCT-2021,5645,INE07Y701011,
POWERMECH,EQ,999.0,1018.0,975.0,1010.4,1002.15,968.75,174197,173854185.45,04-OCT-2021,13758,INE211R01019,
PPAP,EQ,241.0,244.6,241.0,241.55,241.25,240.1,13687,3319095.95,04-OCT-2021,527,INE095I01015,
PPL,EQ,157.0,164.0,157.0,162.6,162.35,157.7,114304,18444685.65,04-OCT-2021,2522,INE050001010,
PRADIP,BE,0.9,1.0,0.9,0.95,1.0,0.95,10324,9807.8,04-OCT-2021,13,INE495J01015,
PRAENG,BE,19.6,20.55,19.05,20.55,20.5,19.6,81742,1651885.1,04-OCT-2021,214,INE505C01016,
PRAJIND,BE,351.95,359.0,349.45,351.55,350.0,349.45,405628,143815296.65,04-OCT-2021,6669,INE074A01025,
PRAKASH,EQ,73.5,78.35,73.35,77.25,77.95,71.8,4311170,328130889.55,04-OCT-2021,23143,INE603A01013,
PRAKASHSTL,EQ,2.05,2.15,2.0,2.05,2.05,2.05,1093534,2270170.5,04-OCT-2021,694,INE696K01024,
PRAXIS,EQ,32.25,32.25,31.1,31.45,31.4,30.75,88701,2820519.2,04-OCT-2021,345,INE546Y01022,
PRECAM,EQ,96.0,104.75,95.55,100.95,101.4,96.0,896950,90642997.75,04-OCT-2021,17246,INE484I01029,
PRECOT,EQ,245.0,256.6,243.9,256.6,256.5,244.4,28640,7297571.7,04-OCT-2021,380,INE283A01014,
PRECWIRE,EQ,227.0,231.95,225.5,229.15,229.0,226.9,55895,12764247.1,04-OCT-2021,2135,INE372C01029,
PREMEXPLN,BE,247.0,259.1,247.0,259.1,259.1,246.8,9206,2371976.9,04-OCT-2021,125,INE863B01011,
PREMIER,BE,4.25,4.25,3.85,4.2,4.25,4.05,21699,91355.7,04-OCT-2021,84,INE342A01018,
PREMIERPOL,EQ,68.1,68.1,67.05,67.7,67.55,68.05,6027,408441.9,04-OCT-2021,133,INE309M01012,
PRESSMN,EQ,27.1,27.7,26.9,27.25,27.5,27.1,27473,750142.2,04-OCT-2021,443,INE980A01023,
PRESTIGE,EQ,481.0,492.0,478.0,484.6,483.35,480.95,879818,426965772.05,04-OCT-2021,19859,INE811K01011,
PRICOLLTD,EQ,103.65,108.25,103.65,107.2,108.0,102.8,3032795,322875761.75,04-OCT-2021,23249,INE726V01018,
PRIMESECU,EQ,84.7,87.15,83.25,87.15,87.15,83.0,21835,1882426.7,04-OCT-2021,346,INE032B01021,
PRINCEPIPE,EQ,698.0,725.4,695.4,720.45,723.3,691.35,627741,450439720.85,04-OCT-2021,28326,INE689W01016,
PRITIKAUTO,EQ,17.85,17.85,17.05,17.45,17.3,17.65,180896,3139020.5,04-OCT-2021,824,INE583R01029,
PRIVISCL,EQ,1840.0,1866.95,1823.0,1845.15,1845.0,1830.2,18513,34088034.95,04-OCT-2021,3724,INE959A01019,
PROINDIA,BE,106.1,106.1,106.1,106.1,106.1,101.05,2770,293897.0,04-OCT-2021,50,INE217G01035,
PROZONINTU,EQ,27.7,28.2,27.55,27.75,27.85,27.7,210473,5854886.1,04-OCT-2021,1290,INE195N01013,
PRSMJOHNSN,EQ,125.1,126.65,123.5,123.95,124.0,124.65,208907,25947644.6,04-OCT-2021,5308,INE010A01011,
PSB,EQ,17.55,17.75,17.4,17.45,17.5,17.55,421996,7409292.1,04-OCT-2021,1383,INE608A01012,
PSPPROJECT,EQ,523.5,529.7,510.1,514.0,517.0,512.65,1004216,522561436.35,04-OCT-2021,25630,INE488V01015,
PSUBNKBEES,EQ,27.59,27.96,27.4,27.91,27.9,27.29,1361886,37801438.05,04-OCT-2021,2750,INF204KB16I7,
PTC,EQ,115.8,118.8,113.3,114.7,113.95,115.05,2948676,341671643.8,04-OCT-2021,20071,INE877F01012,
PTL,EQ,47.5,47.55,46.85,47.05,47.25,46.95,49198,2323252.8,04-OCT-2021,580,INE034D01031,
PUNJABCHEM,EQ,1600.0,1600.0,1546.65,1563.9,1567.0,1589.25,21305,33552551.3,04-OCT-2021,2487,INE277B01014,
PURVA,EQ,137.8,140.7,137.55,139.45,139.95,137.8,647798,90181807.45,04-OCT-2021,9560,INE323I01011,
PVP,BE,4.9,4.9,4.6,4.75,4.7,4.7,62610,296204.05,04-OCT-2021,132,INE362A01016,
PVR,EQ,1609.85,1677.35,1597.55,1646.55,1645.9,1599.55,1813484,2985490399.75,04-OCT-2021,66288,INE191H01014,
QGOLDHALF,EQ,2000.7,2008.0,1996.05,1999.2,1999.0,1999.05,574,1148597.2,04-OCT-2021,87,INF082J01010,
QNIFTY,EQ,1846.0,1852.0,1846.0,1846.0,1846.0,1823.15,32,59172.0,04-OCT-2021,6,INF082J01028,
QUESS,EQ,930.0,951.2,928.0,948.85,951.2,924.3,199752,188176697.15,04-OCT-2021,41586,INE615P01015,
QUICKHEAL,EQ,234.0,243.0,234.0,237.75,238.0,233.85,227737,54407043.6,04-OCT-2021,6469,INE306L01010,
QUINTEGRA,BE,1.1,1.15,1.05,1.05,1.05,1.1,36845,39337.85,04-OCT-2021,74,INE033B01011,
RADAAN,BE,1.35,1.4,1.3,1.4,1.4,1.35,55385,75023.4,04-OCT-2021,163,INE874F01027,
RADICO,EQ,902.5,915.0,898.15,910.45,909.7,896.6,410173,372492713.8,04-OCT-2021,16300,INE944F01028,
RADIOCITY,EQ,24.3,24.75,24.1,24.15,24.2,24.1,451659,11011009.25,04-OCT-2021,1150,INE919I01024,
RAILTEL,EQ,128.1,128.25,127.15,127.8,127.8,127.85,739895,94507538.3,04-OCT-2021,10850,INE0DD101019,
RAIN,EQ,245.6,254.8,244.35,253.55,254.0,243.4,5936138,1492913917.6,04-OCT-2021,54385,INE855B01025,
RAJESHEXPO,EQ,588.3,606.0,587.2,599.85,602.0,586.05,102575,60979120.15,04-OCT-2021,7731,INE343B01030,
RAJMET,BE,136.0,136.0,131.5,135.2,135.1,133.3,10010,1334594.6,04-OCT-2021,174,INE00KV01014,
RAJRATAN,BE,2000.0,2069.95,1980.0,2028.1,2015.5,2011.95,7585,15346677.8,04-OCT-2021,558,INE451D01011,
RAJSREESUG,EQ,27.0,27.6,26.15,27.6,27.6,26.3,32147,877549.7,04-OCT-2021,221,INE562B01019,
RAJTV,BE,35.4,36.75,34.6,35.95,36.0,35.55,6699,239678.2,04-OCT-2021,53,INE952H01027,
RAJVIR,BE,7.4,7.75,7.25,7.75,7.75,7.4,4878,37559.15,04-OCT-2021,17,INE011H01014,
RALLIS,EQ,285.9,286.75,283.0,285.3,284.95,284.8,279713,79693028.95,04-OCT-2021,4818,INE613A01020,
RAMANEWS,EQ,19.95,20.0,19.5,19.55,19.5,19.6,94400,1863255.65,04-OCT-2021,491,INE278B01020,
RAMASTEEL,BE,249.95,249.95,240.0,242.5,244.0,245.05,17820,4351124.5,04-OCT-2021,253,INE230R01027,
RAMCOCEM,EQ,995.5,1010.5,990.65,1006.85,1006.85,990.75,444163,446039062.45,04-OCT-2021,13698,INE331A01037,
RAMCOIND,EQ,304.65,308.45,299.7,303.95,303.6,303.7,102591,31142305.75,04-OCT-2021,3563,INE614A01028,
RAMCOSYS,EQ,486.25,490.5,482.0,483.15,483.05,482.7,47074,22816079.55,04-OCT-2021,3297,INE246B01019,
RAMKY,BE,141.0,147.8,141.0,147.8,147.0,140.8,33025,4846738.95,04-OCT-2021,204,INE874I01013,
RANASUG,BE,24.95,25.85,24.95,25.85,25.85,24.65,625650,16074404.4,04-OCT-2021,1184,INE625B01014,
RANEENGINE,EQ,295.6,300.0,288.1,289.7,291.0,293.75,15167,4434972.2,04-OCT-2021,789,INE222J01013,
RANEHOLDIN,EQ,609.0,616.0,585.25,598.55,597.0,603.15,36754,22070334.8,04-OCT-2021,3210,INE384A01010,
RATNAMANI,EQ,2185.0,2191.35,2155.0,2180.15,2180.0,2180.4,12608,27390589.65,04-OCT-2021,1857,INE703B01027,
RAYMOND,EQ,455.2,456.7,451.25,452.3,451.5,452.5,341968,155161436.3,04-OCT-2021,7766,INE301A01014,
RBL,EQ,878.8,894.85,864.0,868.35,870.0,870.55,11912,10460261.95,04-OCT-2021,979,INE244J01017,
RBLBANK,EQ,194.9,194.9,192.15,193.7,193.5,193.5,4854988,940315512.3,04-OCT-2021,29102,INE976G01028,
RCF,EQ,81.4,84.7,81.1,82.6,82.8,80.7,4500253,373241541.75,04-OCT-2021,22459,INE027A01015,
RCOM,EQ,3.1,3.15,3.05,3.05,3.1,3.05,14852131,46061085.85,04-OCT-2021,27380,INE330H01018,
RECLTD,EQ,156.6,159.7,156.5,158.85,158.7,156.1,2445332,386728885.15,04-OCT-2021,16651,INE020B01018,
REDINGTON,EQ,145.8,148.2,144.3,146.4,146.2,144.6,2052404,300721596.15,04-OCT-2021,70749,INE891D01026,
REFEX,EQ,148.0,155.0,148.0,148.75,148.5,147.75,97441,14589082.65,04-OCT-2021,6227,INE056I01017,
REGENCERAM,BE,1.9,1.9,1.9,1.9,1.9,2.0,505,959.5,04-OCT-2021,4,INE277C01012,
RELAXO,EQ,1171.65,1215.0,1171.65,1206.7,1207.0,1171.6,741134,890259473.95,04-OCT-2021,29842,INE131B01039,
RELCAPITAL,EQ,21.2,21.6,20.9,21.1,21.0,20.95,1882699,40033436.65,04-OCT-2021,5180,INE013A01015,
RELIANCE,EQ,2553.0,2574.85,2537.05,2556.15,2558.0,2523.7,5038910,12884346776.35,04-OCT-2021,163519,INE002A01018,
RELIGARE,EQ,178.0,183.8,176.65,182.15,182.0,177.6,948004,171207427.45,04-OCT-2021,10494,INE621H01010,
RELINFRA,BE,100.05,103.35,99.0,100.2,99.45,99.6,1294482,131226858.6,04-OCT-2021,7926,INE036A01016,
REMSONSIND,BE,204.35,220.0,204.35,207.7,206.5,213.9,4513,943100.5,04-OCT-2021,101,INE474C01015,
RENUKA,BE,29.2,29.4,28.5,29.4,29.4,28.0,3733100,108879871.3,04-OCT-2021,7211,INE087H01022,
REPCOHOME,EQ,313.0,323.05,310.25,314.9,315.6,306.75,211333,67161072.9,04-OCT-2021,9700,INE612J01015,
REPL,EQ,214.4,218.5,211.2,212.55,214.0,215.25,7829,1668531.35,04-OCT-2021,429,INE364Z01019,
REPRO,EQ,542.5,559.5,542.5,552.05,552.0,541.1,13942,7689014.05,04-OCT-2021,1126,INE461B01014,
RESPONIND,EQ,122.5,124.4,122.25,122.85,123.0,122.4,53242,6546550.9,04-OCT-2021,450,INE688D01026,
REVATHI,EQ,596.65,605.7,590.0,599.1,596.65,596.65,1842,1101773.55,04-OCT-2021,107,INE617A01013,
RGL,EQ,809.95,810.0,790.0,797.3,799.0,798.15,51884,41502408.25,04-OCT-2021,2978,INE722H01016,
RHFL,BE,4.3,4.4,4.2,4.3,4.25,4.2,570641,2452782.35,04-OCT-2021,1091,INE217K01011,
RHIM,EQ,356.0,359.4,351.55,355.1,355.75,356.5,107606,38153813.05,04-OCT-2021,5430,INE743M01012,
RICOAUTO,EQ,48.2,49.2,47.75,47.95,47.9,47.75,481321,23198813.55,04-OCT-2021,2623,INE209B01025,
RIIL,EQ,687.8,714.75,687.2,707.05,706.5,685.9,318048,224416705.85,04-OCT-2021,10689,INE046A01015,
RITES,EQ,275.0,279.5,274.65,277.0,277.2,275.25,117405,32480969.45,04-OCT-2021,4520,INE320J01015,
RKDL,BE,12.0,12.5,11.7,12.2,12.2,12.1,7840,94668.65,04-OCT-2021,69,INE722J01012,
RKEC,EQ,75.5,77.1,75.5,76.0,75.8,76.0,25289,1929348.75,04-OCT-2021,532,INE786W01010,
RKFORGE,EQ,1092.5,1148.55,1092.5,1125.1,1115.0,1088.6,184770,207280114.65,04-OCT-2021,8599,INE399G01015,
RML,EQ,393.0,394.75,388.0,389.1,392.0,387.8,9078,3546697.2,04-OCT-2021,569,INE050H01012,
ROHITFERRO,BE,7.7,7.7,7.7,7.7,7.7,7.35,3476,26765.2,04-OCT-2021,10,INE248H01012,
ROHLTD,EQ,98.5,102.8,94.0,96.35,96.9,98.25,216656,21521821.85,04-OCT-2021,5697,INE283H01019,
ROLEXRINGS,EQ,1110.0,1110.0,1062.9,1083.7,1086.0,1090.65,62181,67293137.9,04-OCT-2021,8643,INE645S01016,
ROLLT,EQ,2.75,2.75,2.75,2.75,2.75,2.85,673188,1851267.0,04-OCT-2021,423,INE927A01040,
ROLTA,BE,5.85,5.85,5.5,5.7,5.75,5.7,200386,1139471.3,04-OCT-2021,470,INE293A01013,
ROML,BE,92.0,96.15,90.6,96.15,96.15,91.6,28845,2693731.5,04-OCT-2021,488,INE294G01026,
ROSSARI,EQ,1438.4,1515.0,1438.0,1501.1,1500.0,1438.4,115799,173227592.2,04-OCT-2021,11941,INE02A801020,
ROSSELLIND,EQ,157.5,167.8,156.25,162.5,162.15,155.5,175284,28649658.95,04-OCT-2021,3496,INE847C01020,
ROUTE,EQ,2050.0,2063.75,2030.0,2051.65,2058.0,2042.15,186243,381275160.0,04-OCT-2021,16161,INE450U01017,
RPGLIFE,EQ,685.0,705.0,684.95,697.7,700.0,680.15,61951,42941686.15,04-OCT-2021,4573,INE105J01010,
RPOWER,BE,13.6,13.85,13.45,13.7,13.7,13.6,12712082,174294854.35,04-OCT-2021,17768,INE614G01033,
RPP-RE,BE,25.5,28.1,25.05,27.9,28.0,25.6,128225,3414092.25,04-OCT-2021,772,INE324L20013,
RPPINFRA,EQ,67.35,67.75,66.25,66.6,66.8,66.3,110471,7377230.5,04-OCT-2021,2100,INE324L01013,
RPSGVENT,EQ,951.9,978.2,940.0,942.9,942.1,951.9,63898,60831867.75,04-OCT-2021,6062,INE425Y01011,
RSSOFTWARE,EQ,35.4,37.25,34.7,35.7,35.55,34.65,149901,5427041.7,04-OCT-2021,1337,INE165B01029,
RSWM,EQ,322.85,338.95,322.8,338.9,338.9,322.85,119321,40053202.25,04-OCT-2021,3164,INE611A01016,
RSYSTEMS,EQ,224.0,227.3,217.0,219.55,219.1,222.25,87268,19459381.45,04-OCT-2021,4983,INE411H01032,
RTNINDIA,BE,44.95,44.95,43.15,43.9,44.2,43.8,669323,29645170.9,04-OCT-2021,4186,INE834M01019,
RTNPOWER,BE,4.45,4.5,4.35,4.45,4.45,4.35,7637787,33933843.45,04-OCT-2021,8079,INE399K01017,
RUBYMILLS,EQ,306.0,324.0,305.8,314.45,315.4,305.75,132749,41881922.95,04-OCT-2021,7996,INE301D01026,
RUCHI,EQ,1064.6,1069.8,1025.15,1049.05,1051.95,1052.65,45925,48344226.2,04-OCT-2021,4003,INE619A01035,
RUCHINFRA,BE,7.2,7.2,6.95,7.0,7.1,7.05,70515,494813.8,04-OCT-2021,238,INE413B01023,
RUCHIRA,EQ,88.5,88.5,84.2,85.9,86.15,87.25,97252,8341607.2,04-OCT-2021,2007,INE803H01014,
RUPA,EQ,446.0,476.0,446.0,459.0,459.85,445.8,248186,114770623.85,04-OCT-2021,9508,INE895B01021,
RUSHIL,EQ,260.0,267.9,256.05,265.55,265.2,255.15,55074,14561031.95,04-OCT-2021,1607,INE573K01017,
RVHL,EQ,23.4,24.25,23.0,23.4,23.4,23.9,44481,1038574.55,04-OCT-2021,214,INE09E501017,
RVNL,EQ,30.15,30.5,30.15,30.2,30.35,30.0,2164609,65531090.2,04-OCT-2021,8408,INE415G01027,
S&SPOWER,BE,26.25,26.35,24.15,26.35,26.35,25.1,2074,54211.1,04-OCT-2021,18,INE902B01017,
SABEVENTS,BE,3.2,3.3,3.0,3.2,3.2,3.15,11743,36761.15,04-OCT-2021,58,INE860T01019,
SADBHAV,EQ,48.05,48.8,48.05,48.15,48.2,48.0,735399,35556540.7,04-OCT-2021,5971,INE226H01026,
SADBHIN,EQ,16.25,16.45,16.1,16.3,16.4,16.1,400302,6509100.95,04-OCT-2021,1135,INE764L01010,
SAFARI,EQ,858.0,883.95,817.55,842.1,827.8,845.45,48795,40871057.1,04-OCT-2021,5465,INE429E01023,
SAGARDEEP,BE,32.0,32.95,30.2,32.0,32.0,31.75,13282,417160.5,04-OCT-2021,165,INE976T01013,
SAGCEM,EQ,290.75,303.0,289.05,296.6,296.45,288.15,234554,69981913.75,04-OCT-2021,9963,INE229C01021,
SAIL,EQ,115.8,120.95,114.0,120.3,120.2,114.8,86400828,10215884244.85,04-OCT-2021,200496,INE114A01011,
SAKAR,EQ,162.9,164.0,159.1,162.3,162.9,160.75,36300,5847955.0,04-OCT-2021,668,INE732S01012,
SAKHTISUG,BE,15.75,16.1,15.5,16.1,16.1,15.35,171451,2728738.55,04-OCT-2021,476,INE623A01011,
SAKSOFT,EQ,1070.0,1100.0,1068.8,1072.5,1075.0,1067.7,59593,64716352.05,04-OCT-2021,4493,INE667G01015,
SAKUMA,BE,11.35,11.65,11.0,11.25,11.1,11.1,212880,2414946.1,04-OCT-2021,492,INE190H01024,
SALASAR,EQ,283.0,283.0,274.0,281.1,281.95,279.85,25939,7237471.1,04-OCT-2021,1825,INE170V01019,
SALONA,EQ,200.0,206.85,200.0,200.95,202.7,200.95,3471,706014.65,04-OCT-2021,165,INE498E01010,
SALSTEEL,BE,9.85,10.25,9.65,10.05,10.0,9.85,71653,715387.55,04-OCT-2021,333,INE658G01014,
SALZERELEC,EQ,168.9,173.75,163.45,171.0,171.25,165.1,136796,23278143.1,04-OCT-2021,4473,INE457F01013,
SAMBHAAV,BE,3.15,3.15,3.0,3.05,3.05,3.0,82768,259526.55,04-OCT-2021,68,INE699B01027,
SANCO,EQ,9.0,9.2,8.5,8.9,8.9,8.8,17536,156564.9,04-OCT-2021,125,INE782L01012,
SANDESH,EQ,778.35,820.0,778.0,799.85,800.0,780.8,2660,2127356.85,04-OCT-2021,230,INE583B01015,
SANDHAR,EQ,280.9,294.4,280.9,286.65,287.4,276.8,106654,30777609.15,04-OCT-2021,5036,INE278H01035,
SANGAMIND,EQ,175.9,177.85,168.15,173.75,175.9,173.15,239398,41304139.7,04-OCT-2021,1551,INE495C01010,
SANGHIIND,EQ,67.7,68.4,67.0,67.35,67.45,66.45,459802,31148626.75,04-OCT-2021,3247,INE999B01013,
SANGHVIMOV,EQ,188.0,191.0,182.2,183.55,183.15,188.0,166707,31133182.0,04-OCT-2021,4369,INE989A01024,
SANGINITA,EQ,26.05,29.4,26.05,29.0,29.3,26.9,249993,7037209.7,04-OCT-2021,1240,INE753W01010,
SANOFI,EQ,7958.0,8044.0,7909.4,7982.5,7993.5,7874.7,15182,121314928.7,04-OCT-2021,3846,INE058A01010,
SANSERA,EQ,807.0,816.25,803.1,806.3,806.5,810.45,205226,165871926.65,04-OCT-2021,23143,INE953O01021,
SARDAEN,EQ,696.35,731.0,682.0,731.0,731.0,696.2,271901,196422484.5,04-OCT-2021,5052,INE385C01013,
SAREGAMA,BE,3789.7,3898.95,3600.0,3811.5,3838.0,3726.2,14822,56675033.7,04-OCT-2021,2265,INE979A01017,
SARLAPOLY,EQ,50.6,54.0,50.6,52.8,52.75,49.35,1667563,87829028.1,04-OCT-2021,11428,INE453D01025,
SASKEN,EQ,1355.0,1365.0,1333.3,1342.2,1346.0,1346.6,22921,30810396.85,04-OCT-2021,2036,INE231F01020,
SASTASUNDR,BE,291.8,299.7,285.05,287.25,285.65,291.8,24162,7043543.75,04-OCT-2021,246,INE019J01013,
SATIA,EQ,96.85,98.75,96.0,97.55,96.55,96.15,209644,20385614.9,04-OCT-2021,3074,INE170E01023,
SATIN,EQ,79.5,79.95,77.0,77.45,77.0,78.5,190680,14969764.6,04-OCT-2021,3224,INE836B01017,
SBCL,EQ,278.95,282.0,270.2,272.45,270.25,273.75,33033,9128676.4,04-OCT-2021,1476,INE386D01027,
SBICARD,EQ,1050.0,1084.0,1050.0,1071.95,1071.0,1046.6,1780368,1906623664.3,04-OCT-2021,64710,INE018E01016,
SBIETFCON,EQ,71.97,72.89,71.05,72.38,72.35,71.97,5185,374690.94,04-OCT-2021,174,INF200KA1X17,
SBIETFIT,EQ,359.99,363.97,352.0,357.77,358.29,354.09,4711,1683328.88,04-OCT-2021,217,INF200KA1S14,
SBIETFPB,EQ,196.5,196.5,193.3,195.84,195.83,194.24,929,181958.19,04-OCT-2021,46,INF200KA1S22,
SBIETFQLTY,EQ,155.99,159.5,155.99,157.74,157.75,155.99,2557,402912.03,04-OCT-2021,108,INF200KA1WX6,
SBILIFE,EQ,1211.0,1240.0,1206.05,1230.85,1232.0,1209.05,1664614,2043510694.1,04-OCT-2021,59482,INE123W01016,
SBIN,EQ,453.8,464.4,451.6,463.15,462.5,451.65,16246765,7465819749.15,04-OCT-2021,165717,INE062A01020,
SCAPDVR,BE,17.4,17.4,17.4,17.4,17.4,16.6,28395,494073.0,04-OCT-2021,46,INE224E01036,
SCHAEFFLER,EQ,7360.0,7406.9,7225.0,7269.6,7260.0,7331.95,9319,68125311.3,04-OCT-2021,4879,INE513A01014,
SCHAND,EQ,112.05,117.0,112.05,114.65,115.0,111.95,108718,12458485.85,04-OCT-2021,1037,INE807K01035,
SCHNEIDER,EQ,115.4,116.45,114.1,114.45,114.8,114.95,790610,90857243.95,04-OCT-2021,5275,INE839M01018,
SCI,EQ,126.2,133.4,126.0,131.7,131.65,125.1,10921728,1424522389.25,04-OCT-2021,53994,INE109A01011,
SDBL,EQ,40.2,41.75,40.2,41.35,41.2,40.7,99130,4075524.05,04-OCT-2021,820,INE480C01020,
SEAMECLTD,EQ,1191.0,1227.3,1165.0,1204.55,1203.6,1182.9,67392,80572933.0,04-OCT-2021,2102,INE497B01018,
SECURKLOUD,EQ,195.05,198.8,192.4,194.9,196.5,195.05,113383,22192412.05,04-OCT-2021,4433,INE650K01021,
SELAN,EQ,152.3,164.4,152.0,159.55,159.5,151.55,615075,98738063.8,04-OCT-2021,15262,INE818A01017,
SEPOWER,EQ,9.1,9.1,9.1,9.1,9.1,8.7,31730,288743.0,04-OCT-2021,66,INE735M01018,
SEQUENT,EQ,213.0,215.5,212.25,213.3,213.25,213.95,635991,135716257.3,04-OCT-2021,12920,INE807F01027,
SERVOTECH,EQ,26.1,26.1,24.5,26.0,26.0,24.9,225848,5790767.4,04-OCT-2021,543,INE782X01017,
SESHAPAPER,EQ,182.25,192.4,181.5,184.4,184.2,181.3,106808,19954906.8,04-OCT-2021,2974,INE630A01024,
SETCO,EQ,19.65,20.25,19.65,19.8,19.75,19.75,179284,3569394.25,04-OCT-2021,579,INE878E01021,
SETF10GILT,EQ,204.0,207.5,204.0,205.01,205.01,205.26,63,12923.37,04-OCT-2021,9,INF200KA1JT1,
SETFGOLD,EQ,4130.05,4149.95,4115.0,4122.8,4121.0,4129.35,10851,44806495.0,04-OCT-2021,1772,INF200K01099,
SETFNIF50,EQ,180.9,181.16,179.3,180.48,180.53,179.07,93559,16892419.18,04-OCT-2021,1821,INF200KA1FS1,
SETFNIFBK,EQ,374.0,376.88,370.31,375.85,376.45,372.06,27583,10363123.91,04-OCT-2021,500,INF200KA1580,
SETFNN50,EQ,443.94,448.7,441.0,446.31,445.3,439.69,27529,12161960.25,04-OCT-2021,968,INF200KA1598,
SETUINFRA,BE,1.15,1.15,1.1,1.15,1.1,1.15,193652,217893.25,04-OCT-2021,179,INE023M01027,
SEYAIND,EQ,53.85,55.15,53.8,54.25,54.35,53.55,18115,980872.85,04-OCT-2021,312,INE573R01012,
SFL,EQ,2451.0,2451.0,2334.25,2382.4,2385.0,2386.45,73344,173032929.05,04-OCT-2021,7408,INE916U01025,
SGIL,EQ,146.0,150.0,137.85,143.35,141.5,142.4,27667,4012292.65,04-OCT-2021,1626,INE00QT01015,
SGL,EQ,12.5,12.75,12.3,12.65,12.6,12.45,11803,148332.5,04-OCT-2021,119,INE353H01010,
SHAHALLOYS,BE,28.95,28.95,28.95,28.95,28.95,27.6,534,15459.3,04-OCT-2021,5,INE640C01011,
SHAKTIPUMP,EQ,710.0,718.9,706.65,708.65,707.2,702.95,34803,24801429.05,04-OCT-2021,3124,INE908D01010,
SHALBY,EQ,176.0,176.65,173.5,174.2,174.0,174.35,178744,31245567.65,04-OCT-2021,3011,INE597J01018,
SHALPAINTS,EQ,94.35,99.45,94.1,98.25,98.05,93.65,455806,44411296.25,04-OCT-2021,6181,INE849C01026,
SHANKARA,EQ,582.5,607.0,582.5,592.9,594.0,584.5,103714,61698844.25,04-OCT-2021,8925,INE274V01019,
SHANTI,EQ,20.4,21.25,20.0,20.35,20.75,20.6,8540,176973.45,04-OCT-2021,60,INE933X01016,
SHANTIGEAR,EQ,167.95,167.95,165.0,165.95,166.0,164.65,84160,14009760.8,04-OCT-2021,1830,INE631A01022,
SHARDACROP,EQ,329.8,339.0,325.0,336.6,335.0,324.55,131617,43869898.15,04-OCT-2021,5845,INE221J01015,
SHARDAMOTR,BE,607.0,607.0,595.0,597.75,600.0,605.75,12128,7271309.5,04-OCT-2021,335,INE597I01028,
SHAREINDIA,EQ,705.0,705.0,685.25,688.2,690.0,696.6,56273,38864206.4,04-OCT-2021,5000,INE932X01018,
SHARIABEES,EQ,465.0,465.0,443.15,450.18,451.64,448.23,837,376908.93,04-OCT-2021,71,INF732E01128,
SHEMAROO,BE,162.5,163.5,155.35,157.05,157.5,161.15,50472,8057958.9,04-OCT-2021,559,INE363M01019,
SHIL,BE,430.0,437.0,426.0,435.05,436.0,427.45,35935,15511377.45,04-OCT-2021,461,INE05AN01011,
SHILPAMED,EQ,541.0,553.25,540.0,543.35,543.5,551.05,343176,186704203.95,04-OCT-2021,12060,INE790G01031,
SHIVAMAUTO,EQ,22.25,23.05,22.25,22.75,23.05,22.2,115955,2618110.45,04-OCT-2021,434,INE637H01024,
SHIVAMILLS,EQ,88.95,91.65,88.95,91.65,91.65,87.3,15870,1444036.5,04-OCT-2021,160,INE644Y01017,
SHIVATEX,EQ,196.8,196.8,190.0,191.55,190.1,193.6,19054,3681343.8,04-OCT-2021,493,INE705C01020,
SHK,EQ,154.25,158.4,152.65,156.55,157.0,154.3,370370,57679675.7,04-OCT-2021,6344,INE500L01026,
SHOPERSTOP,EQ,264.1,291.6,264.1,288.2,291.0,263.8,1327129,373298925.0,04-OCT-2021,27278,INE498B01024,
SHRADHA,EQ,54.7,56.0,53.55,55.15,54.35,54.7,2596,143284.25,04-OCT-2021,149,INE715Y01015,
SHREDIGCEM,EQ,78.95,79.8,78.75,79.4,79.3,78.4,237678,18865598.45,04-OCT-2021,2385,INE232A01011,
SHREECEM,EQ,29219.55,29340.0,29040.5,29289.3,29288.5,29099.55,22608,660524532.05,04-OCT-2021,8358,INE070A01015,
SHREEPUSHK,EQ,228.2,237.0,228.2,233.95,233.0,226.95,239118,55802044.2,04-OCT-2021,9332,INE712K01011,
SHREERAMA,EQ,13.1,13.3,12.65,12.75,12.75,13.1,102035,1304737.65,04-OCT-2021,466,INE879A01019,
SHRENIK,EQ,1.65,1.7,1.6,1.65,1.7,1.55,4391950,7223050.2,04-OCT-2021,2197,INE632X01030,
SHREYANIND,EQ,138.5,141.0,136.25,137.2,138.0,136.1,76783,10637382.9,04-OCT-2021,4327,INE231C01019,
SHREYAS,EQ,402.3,402.3,402.3,402.3,402.3,383.15,38230,15379929.0,04-OCT-2021,344,INE757B01015,
SHRIPISTON,BE,954.7,959.95,936.9,938.05,938.0,936.9,56,52951.2,04-OCT-2021,15,INE526E01018,
SHRIRAMCIT,EQ,2099.0,2190.45,2088.05,2157.85,2162.0,2056.35,94986,204584335.15,04-OCT-2021,15138,INE722A01011,
SHRIRAMEPC,EQ,6.45,6.6,6.45,6.6,6.6,6.3,1251526,8243646.8,04-OCT-2021,732,INE964H01014,
SHYAMCENT,EQ,13.95,14.6,13.95,14.6,14.6,13.95,180154,2623960.05,04-OCT-2021,379,INE979R01011,
SHYAMMETL,EQ,376.85,378.0,372.0,373.35,373.4,372.7,618155,231134800.55,04-OCT-2021,9929,INE810G01011,
SHYAMTEL,BE,10.2,10.2,9.5,9.7,10.05,10.0,5145,51640.6,04-OCT-2021,35,INE635A01023,
SICAL,EQ,12.4,12.45,12.0,12.2,12.3,12.2,364677,4464589.5,04-OCT-2021,741,INE075B01012,
SIEMENS,EQ,2155.0,2235.0,2140.05,2226.65,2228.45,2148.45,419655,927279072.55,04-OCT-2021,27956,INE003A01024,
SIGIND,EQ,45.5,45.5,42.25,42.25,42.25,44.45,125926,5425679.05,04-OCT-2021,1563,INE529F01035,
SIL,BE,15.45,15.45,14.15,14.7,14.7,14.85,27422,399279.95,04-OCT-2021,84,INE173A01025,
SILGO,EQ,33.35,34.5,32.85,33.95,34.2,33.6,15097,507401.9,04-OCT-2021,146,INE01II01013,
SILINV,BE,304.0,319.0,304.0,311.85,316.8,313.95,1086,340507.0,04-OCT-2021,33,INE923A01015,
SILLYMONKS,EQ,21.45,22.0,20.8,20.95,20.8,21.9,12096,255503.15,04-OCT-2021,79,INE203Y01012,
SIMBHALS,BE,28.5,29.0,27.85,29.0,29.0,27.65,75119,2168494.95,04-OCT-2021,196,INE748T01016,
SIMPLEXINF,EQ,41.15,43.75,41.15,42.6,42.7,41.85,58616,2513546.9,04-OCT-2021,458,INE059B01024,
SINTERCOM,EQ,84.15,89.8,84.0,87.2,89.8,84.0,201845,17120058.15,04-OCT-2021,182,INE129Z01016,
SINTEX,EQ,4.55,4.85,4.55,4.85,4.85,4.45,4861131,23219814.45,04-OCT-2021,2330,INE429C01035,
SIRCA,EQ,361.4,427.25,356.1,427.25,427.25,356.05,771533,317816193.15,04-OCT-2021,20744,INE792Z01011,
SIS,EQ,499.0,503.75,486.2,488.1,489.0,496.25,176453,87559856.7,04-OCT-2021,7907,INE285J01028,
SITINET,EQ,2.0,2.0,2.0,2.0,2.0,1.95,464369,928738.0,04-OCT-2021,213,INE965H01011,
SIYSIL,EQ,404.9,418.25,399.35,409.65,410.0,374.45,656048,267935748.2,04-OCT-2021,20395,INE076B01028,
SJVN,EQ,28.75,28.75,28.2,28.45,28.45,28.4,2750109,78101907.55,04-OCT-2021,8513,INE002L01015,
SKFINDIA,EQ,3085.5,3268.65,3085.5,3209.55,3209.0,3095.75,67453,216269986.3,04-OCT-2021,11016,INE640A01023,
SKIL,EQ,4.1,4.1,4.1,4.1,4.1,3.95,36682,150396.2,04-OCT-2021,44,INE429F01012,
SKIPPER,EQ,83.0,83.8,81.6,81.85,81.8,82.0,282887,23366414.95,04-OCT-2021,4870,INE439E01022,
SKMEGGPROD,EQ,82.5,84.8,81.95,83.0,83.0,81.9,96281,8009464.7,04-OCT-2021,1878,INE411D01015,
SMARTLINK,EQ,119.9,121.6,115.1,116.1,115.65,118.75,94209,11211060.1,04-OCT-2021,1617,INE178C01020,
SMCGLOBAL,EQ,76.9,76.9,75.55,76.15,76.15,76.2,108733,8282003.15,04-OCT-2021,1100,INE103C01036,
SMLISUZU,EQ,598.0,618.7,590.0,598.3,598.5,591.8,108850,65902577.1,04-OCT-2021,8102,INE294B01019,
SMSLIFE,EQ,745.0,835.8,735.1,825.85,823.0,737.15,31501,25419380.35,04-OCT-2021,3226,INE320X01016,
SMSPHARMA,EQ,155.6,157.85,149.45,156.35,156.2,152.05,98482,15231224.9,04-OCT-2021,2452,INE812G01025,
SNOWMAN,EQ,43.15,44.0,42.95,43.25,43.3,43.15,665903,28879359.0,04-OCT-2021,4603,INE734N01019,
SOBHA,EQ,785.0,811.0,781.1,793.1,788.55,778.5,301997,241200127.0,04-OCT-2021,18329,INE671H01015,
SOLARA,EQ,1610.0,1616.0,1558.0,1571.5,1571.3,1608.9,141139,223273546.35,04-OCT-2021,13574,INE624Z01016,
SOLARINDS,EQ,2174.0,2444.0,2173.95,2418.75,2408.0,2166.9,593481,1403738694.75,04-OCT-2021,63431,INE343H01029,
SOMANYCERA,EQ,802.0,804.9,766.1,793.9,784.25,782.45,79759,63116628.25,04-OCT-2021,4821,INE355A01028,
SOMATEX,EQ,8.35,8.35,7.8,8.05,8.2,8.05,22685,183990.8,04-OCT-2021,120,INE314C01013,
SOMICONVEY,BE,49.5,52.45,49.5,50.65,50.95,50.5,5919,298103.05,04-OCT-2021,78,INE323J01019,
SONACOMS,EQ,564.1,581.8,564.05,575.2,574.3,562.55,1332619,765839071.35,04-OCT-2021,33117,INE073K01018,
SONATSOFTW,EQ,894.7,911.2,854.0,883.4,880.0,885.25,213108,190906160.75,04-OCT-2021,12485,INE269A01021,
SORILINFRA,EQ,109.0,116.55,108.9,112.05,111.5,107.85,103939,11690303.8,04-OCT-2021,1918,INE034H01016,
SOTL,EQ,1516.0,1544.0,1501.75,1511.35,1512.85,1523.75,25235,38253747.5,04-OCT-2021,3646,INE035D01012,
SOUTHBANK,EQ,10.25,10.35,10.2,10.2,10.25,10.2,8433522,86468739.05,04-OCT-2021,25875,INE683A01023,
SOUTHWEST,EQ,105.1,108.5,105.1,107.4,107.5,104.1,93032,9900837.55,04-OCT-2021,496,INE980Y01015,
SPAL,EQ,336.9,341.65,329.0,331.95,331.9,330.9,21308,7171476.25,04-OCT-2021,1438,INE212I01016,
SPANDANA,EQ,553.0,563.35,548.15,552.6,552.05,565.55,180011,99910905.85,04-OCT-2021,13851,INE572J01011,
SPARC,EQ,294.2,297.95,292.5,294.0,293.15,293.45,526020,155072737.3,04-OCT-2021,8517,INE232I01014,
SPCENET,BE,2.1,2.1,2.1,2.1,2.1,2.1,21301,44732.1,04-OCT-2021,7,INE970N01027,
SPECIALITY,EQ,74.85,76.85,73.8,75.15,75.05,73.75,189814,14351597.9,04-OCT-2021,1863,INE247M01014,
SPENCERS,EQ,130.0,134.8,126.55,132.5,131.3,129.45,1336019,173748343.7,04-OCT-2021,21702,INE020801028,
SPIC,EQ,53.3,54.5,52.7,53.3,53.45,52.9,536071,28797242.5,04-OCT-2021,4061,INE147A01011,
SPICEJET,EQ,75.65,76.1,74.85,75.25,75.15,75.0,1861053,140347025.55,04-OCT-2021,10814,INE285B01017,
SPLIL,EQ,46.65,48.35,46.65,47.35,47.05,46.9,29974,1424711.15,04-OCT-2021,349,INE978G01016,
SPMLINFRA,BE,10.65,11.3,10.65,10.85,10.85,10.8,21312,236750.25,04-OCT-2021,58,INE937A01023,
SPTL,EQ,5.05,5.05,5.05,5.05,5.05,4.85,254614,1285800.7,04-OCT-2021,311,INE501W01021,
SPYL,BE,0.8,0.8,0.75,0.8,0.8,0.8,119706,95139.5,04-OCT-2021,31,INE268L01020,
SREEL,EQ,185.1,203.0,183.0,192.0,192.4,185.1,103532,20152821.6,04-OCT-2021,4050,INE099F01013,
SREINFRA,BE,8.2,8.85,8.2,8.6,8.6,8.45,1999160,16952192.8,04-OCT-2021,2049,INE872A01014,
SRF,EQ,11133.7,11620.1,11117.3,11557.0,11575.05,11089.7,468220,5321915774.8,04-OCT-2021,59974,INE647A01010,
SRHHYPOLTD,EQ,353.5,389.0,353.0,382.05,386.6,346.95,227158,84260904.55,04-OCT-2021,11718,INE917H01012,
SRIPIPES,EQ,207.2,216.0,207.2,214.15,214.0,208.45,62646,13334409.9,04-OCT-2021,1981,INE943C01027,
SRPL,BE,33.25,35.9,33.25,34.3,34.3,34.95,1519,51030.6,04-OCT-2021,31,INE008Z01012,
SRTRANSFIN,EQ,1301.4,1354.0,1296.05,1350.75,1348.0,1294.55,1354688,1811925395.75,04-OCT-2021,53037,INE721A01013,
SSWL,BE,1838.0,1881.35,1795.0,1806.4,1800.0,1791.8,29990,55468058.95,04-OCT-2021,1749,INE802C01017,
STAMPEDE,BE,0.85,0.85,0.85,0.85,0.85,0.85,31989,27190.65,04-OCT-2021,17,INE224E01028,
STAR,EQ,586.0,602.0,584.45,589.45,588.3,583.05,825080,489772884.2,04-OCT-2021,16926,INE939A01011,
STARCEMENT,EQ,107.25,108.0,107.0,107.2,107.3,107.25,201539,21641318.5,04-OCT-2021,2725,INE460H01021,
STARPAPER,EQ,153.6,154.65,152.1,152.45,152.1,152.8,95024,14579155.95,04-OCT-2021,2797,INE733A01018,
STCINDIA,EQ,102.5,110.0,101.05,105.1,105.5,101.85,226592,23942537.2,04-OCT-2021,4662,INE655A01013,
STEELCITY,EQ,59.5,59.5,57.4,58.85,58.65,58.25,28963,1695423.0,04-OCT-2021,414,INE395H01011,
STEELXIND,EQ,73.1,74.0,71.7,72.45,72.5,73.9,98735,7160169.2,04-OCT-2021,1534,INE503B01013,
STEL,EQ,180.1,189.8,180.1,182.55,184.8,181.7,90373,16747165.4,04-OCT-2021,5055,INE577L01016,
STERTOOLS,EQ,193.6,197.25,192.5,194.75,194.8,194.0,29146,5691506.5,04-OCT-2021,1090,INE334A01023,
STLTECH,EQ,283.9,288.25,282.0,286.5,286.25,281.9,327979,93612160.75,04-OCT-2021,6578,INE089C01029,
STOVEKRAFT,EQ,1080.0,1080.0,1054.0,1061.95,1060.0,1068.15,134920,143689195.55,04-OCT-2021,8353,INE00IN01015,
STYLAMIND,EQ,1139.0,1149.0,1101.3,1120.85,1124.25,1114.6,10404,11722058.35,04-OCT-2021,2271,INE239C01020,
SUBCAPCITY,BE,24.15,24.15,23.0,23.0,23.0,23.0,27,622.15,04-OCT-2021,5,INE845C01016,
SUBEXLTD,EQ,51.65,53.3,51.4,52.55,52.55,51.2,6699062,351096882.4,04-OCT-2021,23361,INE754A01055,
SUBROS,EQ,332.9,338.8,328.0,330.6,330.0,332.95,22303,7446868.9,04-OCT-2021,1707,INE287B01021,
SUDARSCHEM,EQ,660.0,667.15,653.25,657.65,659.95,654.45,183594,121034693.1,04-OCT-2021,7939,INE659A01023,
SUMEETINDS,BE,7.65,7.7,7.65,7.7,7.7,7.35,93853,722331.65,04-OCT-2021,120,INE235C01010,
SUMICHEM,EQ,403.0,406.0,399.0,402.6,403.0,397.6,378349,152522773.6,04-OCT-2021,9168,INE258G01013,
SUMIT,BE,12.25,12.25,11.8,12.0,12.0,12.0,11911,142641.35,04-OCT-2021,60,INE748Z01013,
SUMMITSEC,EQ,788.7,820.0,780.0,793.7,797.0,766.55,18268,14650732.6,04-OCT-2021,1699,INE519C01017,
SUNCLAYLTD,EQ,3406.0,3450.0,3390.0,3427.25,3440.0,3405.0,2741,9397619.3,04-OCT-2021,718,INE105A01035,
SUNDARAM,BE,2.05,2.05,1.95,2.0,2.0,2.0,138106,274771.6,04-OCT-2021,159,INE108E01023,
SUNDARMFIN,EQ,2474.05,2480.75,2450.1,2474.15,2475.0,2449.55,145958,361274724.1,04-OCT-2021,4863,INE660A01013,
SUNDARMHLD,EQ,76.6,76.95,74.0,74.55,74.6,75.8,312639,23476769.2,04-OCT-2021,2300,INE202Z01029,
SUNDRMBRAK,EQ,412.4,412.4,402.5,402.9,403.0,399.75,903,364233.55,04-OCT-2021,83,INE073D01013,
SUNDRMFAST,EQ,944.2,945.0,916.3,922.55,920.9,929.0,62187,57893861.9,04-OCT-2021,5813,INE387A01021,
SUNFLAG,EQ,82.6,86.7,81.6,86.05,85.95,82.0,1961250,167104536.15,04-OCT-2021,15219,INE947A01014,
SUNPHARMA,EQ,830.0,838.9,826.45,832.0,831.55,826.6,4007435,3337402097.85,04-OCT-2021,83318,INE044A01036,
SUNTECK,EQ,482.0,493.45,481.3,486.0,485.0,484.55,1258888,615732028.6,04-OCT-2021,30008,INE805D01034,
SUNTV,EQ,521.75,533.6,515.3,530.3,530.7,520.95,2428598,1278161564.75,04-OCT-2021,35530,INE424H01027,
SUPERHOUSE,EQ,170.05,178.2,170.0,171.6,171.0,169.45,38104,6633359.85,04-OCT-2021,1538,INE712B01010,
SUPERSPIN,BE,12.0,12.05,11.5,11.8,11.95,11.8,27191,318188.4,04-OCT-2021,119,INE662A01027,
SUPPETRO,EQ,725.0,749.95,720.0,739.55,738.5,718.15,129440,95889514.3,04-OCT-2021,8558,INE663A01017,
SUPRAJIT,EQ,327.0,328.55,321.3,323.4,324.45,323.95,105790,34345785.05,04-OCT-2021,5433,INE399C01030,
SUPREMEENG,EQ,22.35,22.65,20.0,20.15,20.0,22.2,1092171,22596655.6,04-OCT-2021,2073,INE319Z01013,
SUPREMEIND,EQ,2338.0,2421.0,2312.7,2408.7,2420.0,2321.6,160957,380114718.4,04-OCT-2021,13259,INE195A01028,
SURANASOL,EQ,13.5,13.95,13.2,13.9,13.9,13.3,131576,1811215.55,04-OCT-2021,767,INE272L01022,
SURANAT&P,EQ,8.6,8.85,8.35,8.65,8.7,8.75,1049372,8997528.45,04-OCT-2021,1878,INE130B01031,
SURYALAXMI,BE,60.25,60.25,57.55,59.4,59.45,59.05,13959,819195.25,04-OCT-2021,55,INE713B01026,
SURYAROSNI,EQ,825.0,867.4,800.25,847.25,848.0,828.35,831648,703742976.75,04-OCT-2021,39259,INE335A01012,
SURYODAY,EQ,182.5,184.95,180.5,181.05,181.55,179.95,102624,18709530.55,04-OCT-2021,2627,INE428Q01011,
SUTLEJTEX,EQ,66.9,71.05,66.5,70.3,69.65,66.95,438443,30257401.2,04-OCT-2021,5160,INE645H01027,
SUULD,EQ,547.1,547.1,523.2,530.5,532.0,536.25,38340,20411359.75,04-OCT-2021,1457,INE591Q01016,
SUVEN,EQ,93.7,100.7,93.7,100.15,99.6,93.05,1801636,177418286.45,04-OCT-2021,19482,INE495B01038,
SUVENPHAR,EQ,532.0,539.0,522.8,536.85,533.3,526.8,233870,124187995.25,04-OCT-2021,14790,INE03QK01018,
SUVIDHAA,EQ,16.5,17.0,15.95,16.5,16.55,15.9,781355,12862705.65,04-OCT-2021,796,INE018401013,
SUZLON,EQ,6.55,6.8,6.5,6.8,6.8,6.5,42406643,285381619.2,04-OCT-2021,18194,INE040H01021,
SVPGLOB,EQ,123.5,123.5,119.45,120.0,120.0,121.8,150750,18214347.1,04-OCT-2021,3439,INE308E01029,
SWANENERGY,EQ,128.0,132.0,127.25,127.95,127.5,127.35,71890,9279822.55,04-OCT-2021,2118,INE665A01038,
SWARAJENG,EQ,1655.0,1697.65,1655.0,1681.2,1689.6,1654.5,14891,25066370.1,04-OCT-2021,2472,INE277A01016,
SWELECTES,EQ,221.0,229.5,221.0,226.15,225.9,218.9,28112,6364584.95,04-OCT-2021,852,INE409B01013,
SWSOLAR,EQ,408.0,409.7,397.3,402.95,401.3,403.95,2138893,865560529.5,04-OCT-2021,36767,INE00M201021,
SYMPHONY,EQ,1060.0,1077.6,1045.0,1056.95,1061.95,1065.05,55856,59338237.55,04-OCT-2021,6247,INE225D01027,
SYNGENE,EQ,615.5,628.75,615.4,626.85,627.4,615.4,626172,390059181.8,04-OCT-2021,23694,INE398R01022,
TAINWALCHM,BE,81.0,81.8,78.0,78.3,78.15,79.65,6069,478771.15,04-OCT-2021,63,INE123C01018,
TAJGVK,EQ,145.7,150.2,144.3,145.8,146.15,144.8,386656,56805076.5,04-OCT-2021,8945,INE586B01026,
TAKE,EQ,52.1,52.2,51.25,51.55,51.6,51.7,949100,49003911.0,04-OCT-2021,4979,INE142I01023,
TALBROAUTO,EQ,283.1,289.95,279.3,280.55,280.65,282.05,25673,7219598.25,04-OCT-2021,1305,INE187D01011,
TANLA,EQ,949.3,949.3,887.6,901.35,898.0,915.95,269614,248490114.6,04-OCT-2021,15966,INE483C01032,
TARAPUR,EQ,4.3,4.4,4.2,4.35,4.4,4.2,49159,213686.05,04-OCT-2021,58,INE747K01017,
TARC,BE,43.5,45.6,43.2,45.6,45.6,43.45,993958,45053706.55,04-OCT-2021,989,INE0EK901012,
TARMAT,EQ,61.75,61.75,60.3,60.85,60.6,60.55,61083,3719059.15,04-OCT-2021,504,INE924H01018,
TASTYBITE,EQ,17799.95,18000.0,17730.9,17935.0,17999.0,17652.25,1921,34389870.45,04-OCT-2021,688,INE488B01017,
TATACHEM,EQ,917.0,940.0,908.65,935.75,939.7,910.9,2679786,2472580735.55,04-OCT-2021,52971,INE092A01019,
TATACOFFEE,EQ,206.0,209.7,204.65,205.55,205.65,201.4,1543450,318171002.15,04-OCT-2021,18323,INE493A01027,
TATACOMM,EQ,1420.0,1449.0,1400.1,1429.45,1432.0,1410.65,205131,292790831.95,04-OCT-2021,17676,INE151A01013,
TATACONSUM,EQ,805.05,817.25,801.75,814.3,817.25,801.25,1709463,1386229822.1,04-OCT-2021,63460,INE192A01025,
TATAELXSI,EQ,5818.0,5938.0,5801.0,5889.6,5897.0,5782.8,212879,1253722709.2,04-OCT-2021,32742,INE670A01012,
TATAINVEST,EQ,1477.0,1509.0,1452.0,1460.75,1457.95,1436.65,341057,503170143.5,04-OCT-2021,30608,INE672A01018,
TATAMETALI,EQ,1091.0,1109.0,1081.0,1097.55,1104.0,1074.55,360420,395985989.05,04-OCT-2021,20192,INE056C01010,
TATAMOTORS,EQ,336.8,343.25,335.15,342.0,342.0,333.3,29553072,10074442359.75,04-OCT-2021,297645,INE155A01022,
TATAMTRDVR,EQ,187.5,193.8,187.0,188.85,188.0,186.55,5631866,1069833475.05,04-OCT-2021,42219,IN9155A01020,
TATAPOWER,EQ,166.25,172.5,164.0,168.6,168.5,163.75,93787605,15811802282.2,04-OCT-2021,423432,INE245A01021,
TATASTEEL,EQ,1297.85,1327.75,1280.4,1324.15,1322.0,1297.85,9690237,12666404492.7,04-OCT-2021,196296,INE081A01012,
TATASTLBSL,BE,85.8,87.1,83.6,86.9,87.0,85.05,1762625,151242369.35,04-OCT-2021,13725,INE824B01021,
TATASTLLP,EQ,924.0,966.9,921.95,958.85,960.1,921.95,102463,97030827.3,04-OCT-2021,7368,INE674A01014,
TATVA,EQ,2168.8,2235.0,2166.0,2200.3,2204.85,2154.65,72425,159715999.85,04-OCT-2021,10427,INE0GK401011,
TBZ,EQ,80.75,85.2,80.0,84.35,85.0,80.05,708919,58810805.5,04-OCT-2021,8679,INE760L01018,
TCI,EQ,428.0,441.0,427.0,438.35,439.0,423.3,91628,39965189.95,04-OCT-2021,4669,INE688A01022,
TCIDEVELOP,EQ,373.35,381.85,364.85,371.15,369.9,373.35,2768,1039471.5,04-OCT-2021,86,INE662L01016,
TCIEXP,EQ,1520.0,1549.0,1508.05,1521.15,1517.0,1521.55,16495,25196492.0,04-OCT-2021,3639,INE586V01016,
TCIFINANCE,EQ,5.55,5.55,5.4,5.55,5.55,5.55,4161,22538.55,04-OCT-2021,20,INE911B01018,
TCNSBRANDS,EQ,662.95,674.6,650.35,665.95,665.0,646.5,49502,32862437.0,04-OCT-2021,5946,INE778U01029,
TCPLPACK,EQ,542.5,559.7,540.0,541.85,540.1,539.75,11795,6458648.3,04-OCT-2021,953,INE822C01015,
TCS,EQ,3724.8,3783.65,3707.45,3773.3,3779.0,3730.2,1356860,5105290641.5,04-OCT-2021,82301,INE467B01029,
TDPOWERSYS,EQ,332.8,342.2,329.9,335.8,332.25,329.9,90033,30161455.25,04-OCT-2021,3640,INE419M01019,
TEAMLEASE,EQ,4580.0,4689.95,4545.0,4663.45,4645.05,4567.7,10432,48414980.3,04-OCT-2021,3654,INE985S01024,
TECHIN,BE,6.7,7.1,6.5,6.6,6.65,6.8,10990,74009.3,04-OCT-2021,67,INE778A01021,
TECHM,EQ,1384.7,1405.55,1372.05,1399.05,1399.6,1371.25,2538936,3529760138.0,04-OCT-2021,78896,INE669C01036,
TECHNOE,EQ,282.1,288.65,281.9,283.2,284.5,283.3,76897,21920281.3,04-OCT-2021,5321,INE285K01026,
TEJASNET,EQ,543.35,543.35,517.55,543.35,543.35,517.5,1384693,746653925.2,04-OCT-2021,24133,INE010J01012,
TEMBO,EQ,315.7,328.0,311.85,325.45,327.0,318.9,104702,33397890.25,04-OCT-2021,1233,INE869Y01010,
TERASOFT,BE,57.85,57.85,57.85,57.85,57.85,55.1,20229,1170247.65,04-OCT-2021,137,INE482B01010,
TEXINFRA,EQ,60.2,60.2,57.65,58.3,58.35,59.6,29367,1710904.55,04-OCT-2021,720,INE435C01024,
TEXMOPIPES,EQ,51.7,52.95,51.0,52.1,52.0,51.95,153893,8004259.2,04-OCT-2021,1851,INE141K01013,
TEXRAIL,EQ,37.0,37.25,36.45,36.55,36.7,36.85,631387,23204829.1,04-OCT-2021,3086,INE621L01012,
TFCILTD,EQ,74.2,75.7,72.75,72.85,72.8,74.45,232960,17192313.3,04-OCT-2021,2941,INE305A01015,
TFL,BE,6.15,6.45,5.85,6.45,6.45,6.15,13831,87347.35,04-OCT-2021,58,INE804H01012,
TGBHOTELS,EQ,9.45,9.65,9.3,9.65,9.65,9.2,58022,553573.35,04-OCT-2021,212,INE797H01018,
THANGAMAYL,EQ,1145.0,1150.0,1125.4,1139.55,1142.0,1143.35,9074,10355386.9,04-OCT-2021,1847,INE085J01014,
THEINVEST,EQ,115.4,116.25,110.7,112.35,113.8,114.4,18206,2065640.8,04-OCT-2021,625,INE924D01017,
THEMISMED,BE,975.0,1010.0,975.0,982.3,985.0,991.75,3143,3114334.95,04-OCT-2021,165,INE083B01016,
THERMAX,EQ,1360.0,1360.0,1330.1,1334.9,1335.0,1342.25,24780,33135138.9,04-OCT-2021,3816,INE152A01029,
THOMASCOOK,EQ,66.65,69.0,66.2,67.25,67.5,65.9,700627,47432027.4,04-OCT-2021,4969,INE332A01027,
THOMASCOTT,BE,18.75,19.65,18.5,18.75,18.65,18.75,3590,69282.05,04-OCT-2021,22,INE480M01011,
THYROCARE,EQ,1174.0,1198.65,1163.45,1194.25,1190.0,1155.65,72641,86084421.05,04-OCT-2021,5893,INE594H01019,
TI,BE,39.75,39.8,38.8,39.55,39.7,39.05,206848,8136466.15,04-OCT-2021,493,INE133E01013,
TIDEWATER,BE,1793.5,1804.95,1760.0,1787.1,1792.0,1784.35,7128,12747854.6,04-OCT-2021,962,INE484C01030,
TIIL,EQ,829.9,829.9,810.0,816.25,817.0,814.3,8744,7141236.45,04-OCT-2021,936,INE545H01011,
TIINDIA,EQ,1415.25,1418.95,1324.0,1335.15,1328.7,1386.65,224951,302643691.8,04-OCT-2021,20950,INE974X01010,
TIJARIA,BE,6.1,6.45,6.0,6.3,6.35,6.2,8758,54156.85,04-OCT-2021,47,INE440L01017,
TIL,EQ,166.2,180.0,165.75,172.45,172.15,164.7,39347,6796884.35,04-OCT-2021,1611,INE806C01018,
TIMESGTY,EQ,43.7,43.7,42.0,42.4,42.0,41.75,4750,203761.8,04-OCT-2021,153,INE289C01025,
TIMETECHNO,EQ,71.2,71.75,70.75,71.0,70.95,70.85,287181,20412138.2,04-OCT-2021,3442,INE508G01029,
TIMKEN,EQ,1690.2,1690.5,1664.05,1669.0,1669.0,1681.75,40834,68499926.3,04-OCT-2021,2656,INE325A01013,
TINPLATE,EQ,294.0,314.7,292.7,309.8,309.9,291.85,2774245,855675420.2,04-OCT-2021,45113,INE422C01014,
TIPSINDLTD,BE,1220.4,1259.95,1200.05,1240.4,1236.1,1222.8,3163,3915149.65,04-OCT-2021,314,INE716B01011,
TIRUMALCHM,EQ,300.0,316.9,300.0,314.85,314.0,299.9,1604801,499041167.55,04-OCT-2021,22646,INE338A01024,
TIRUPATIFL,BE,109.05,109.05,108.0,109.05,109.05,103.9,225602,24600342.75,04-OCT-2021,3610,INE319Y01016,
TITAN,EQ,2160.0,2174.3,2138.0,2155.3,2155.0,2163.75,870878,1876188432.2,04-OCT-2021,52604,INE280A01028,
TMRVL,EQ,13.3,13.3,12.85,12.9,12.95,13.0,177734,2306620.45,04-OCT-2021,683,INE759V01019,
TNPETRO,EQ,127.25,134.9,127.25,132.5,133.0,127.8,934653,123830802.1,04-OCT-2021,11090,INE148A01019,
TNPL,EQ,139.0,140.45,137.65,138.65,138.4,137.7,323168,44892461.65,04-OCT-2021,6016,INE107A01015,
TNTELE,BE,11.05,11.1,10.6,10.9,10.95,10.6,51985,570539.25,04-OCT-2021,253,INE141D01018,
TOKYOPLAST,EQ,102.8,103.8,101.7,101.9,101.7,102.4,9191,943281.05,04-OCT-2021,133,INE932C01012,
TORNTPHARM,EQ,3080.5,3162.0,3073.6,3129.55,3131.0,3080.55,75577,236921459.5,04-OCT-2021,9071,INE685A01028,
TORNTPOWER,EQ,501.5,510.4,499.75,502.6,502.45,501.4,657696,331544398.3,04-OCT-2021,15638,INE813H01021,
TOTAL,EQ,54.9,54.9,51.65,52.05,52.5,51.5,19864,1041884.15,04-OCT-2021,239,INE336X01012,
TOUCHWOOD,BE,122.5,122.85,118.0,122.0,122.0,122.2,4405,532863.9,04-OCT-2021,51,INE486Y01013,
TPLPLASTEH,EQ,189.5,193.65,189.5,191.45,190.5,190.95,8744,1675116.0,04-OCT-2021,567,INE413G01014,
TREEHOUSE,BE,8.85,9.0,8.7,8.8,9.0,8.85,15129,133721.2,04-OCT-2021,64,INE040M01013,
TREJHARA,EQ,63.85,64.75,62.25,63.2,63.25,62.6,45739,2899614.3,04-OCT-2021,515,INE00CA01015,
TRENT,EQ,1053.5,1057.4,1020.75,1046.15,1048.0,1044.35,1043541,1082480159.15,04-OCT-2021,47090,INE849A01020,
TRF,EQ,142.0,142.0,142.0,142.0,142.0,135.25,27696,3932832.0,04-OCT-2021,198,INE391D01019,
TRIDENT,EQ,30.4,30.85,30.1,30.85,30.85,29.4,43005012,1323136013.35,04-OCT-2021,43590,INE064C01022,
TRIGYN,EQ,117.9,117.9,111.0,111.7,111.8,113.15,168736,19198796.35,04-OCT-2021,3997,INE948A01012,
TRIL,EQ,27.4,32.25,26.9,30.65,30.9,26.95,2874446,87819575.65,04-OCT-2021,10811,INE763I01026,
TRITURBINE,EQ,177.0,187.7,177.0,183.2,182.85,173.9,4996626,920130230.55,04-OCT-2021,66529,INE152M01016,
TRIVENI,EQ,195.0,210.0,194.9,206.5,206.4,192.2,4589697,941111037.3,04-OCT-2021,59358,INE256C01024,
TTKHLTCARE,EQ,684.0,684.0,651.15,669.05,670.8,667.5,9762,6518407.05,04-OCT-2021,1085,INE910C01018,
TTKPRESTIG,EQ,8950.0,8950.0,8831.0,8867.9,8864.65,8878.4,6846,60794145.25,04-OCT-2021,1142,INE690A01010,
TTL,EQ,65.9,67.0,63.75,66.4,66.5,63.85,14767,972328.95,04-OCT-2021,323,INE592B01016,
TTML,BE,38.95,38.95,38.95,38.95,38.95,37.1,621960,24225342.0,04-OCT-2021,1676,INE517B01013,
TV18BRDCST,EQ,41.9,44.5,41.9,43.8,43.7,41.55,28761444,1250854352.0,04-OCT-2021,49116,INE886H01027,
TVSELECT,EQ,168.0,173.0,166.1,167.9,168.3,165.2,57349,9725117.9,04-OCT-2021,1578,INE236G01019,
TVSMOTOR,EQ,574.0,575.0,557.7,560.5,560.9,563.95,2842764,1607786769.7,04-OCT-2021,58899,INE494B01023,
TVSSRICHAK,EQ,2146.0,2174.95,2130.9,2157.0,2150.1,2138.15,4370,9414183.35,04-OCT-2021,783,INE421C01016,
TVTODAY,EQ,293.0,296.6,286.5,291.4,289.5,289.1,111268,32525050.05,04-OCT-2021,4711,INE038F01029,
TVVISION,BE,1.95,2.15,1.95,2.0,1.95,2.05,19153,37873.2,04-OCT-2021,24,INE871L01013,
TWL,EQ,109.25,109.4,105.5,106.15,106.8,108.25,1825612,195847852.05,04-OCT-2021,21058,INE615H01020,
UBL,EQ,1584.5,1608.6,1578.95,1602.2,1608.5,1577.45,295047,470094473.2,04-OCT-2021,13291,INE686F01025,
UCALFUEL,EQ,151.0,153.6,151.0,151.75,152.2,150.6,27694,4210488.65,04-OCT-2021,763,INE139B01016,
UCOBANK,EQ,13.65,14.0,13.6,13.75,13.8,13.65,4637171,63961706.25,04-OCT-2021,20480,INE691A01018,
UFLEX,EQ,536.0,544.1,532.0,532.8,533.0,535.6,192731,103227594.8,04-OCT-2021,6004,INE516A01017,
UFO,EQ,106.9,110.4,106.45,106.95,107.15,106.3,669916,72418498.75,04-OCT-2021,11248,INE527H01019,
UGARSUGAR,EQ,30.65,31.7,30.5,31.7,31.7,30.2,310286,9753404.6,04-OCT-2021,1055,INE071E01023,
UGROCAP,EQ,125.9,128.0,124.7,126.85,127.45,125.2,80712,10218208.95,04-OCT-2021,709,INE583D01011,
UJAAS,EQ,2.9,3.0,2.85,2.9,2.9,2.85,1294973,3799230.7,04-OCT-2021,900,INE899L01022,
UJJIVAN,EQ,154.0,155.45,153.65,154.4,154.1,153.15,322160,49798202.5,04-OCT-2021,3766,INE334L01012,
UJJIVANSFB,EQ,21.0,21.35,21.0,21.1,21.1,20.9,3611089,76367472.75,04-OCT-2021,6678,INE551W01018,
ULTRACEMCO,EQ,7496.0,7609.9,7495.0,7515.6,7509.0,7483.55,339796,2562273066.7,04-OCT-2021,36879,INE481G01011,
UMANGDAIRY,EQ,73.4,75.6,72.3,73.7,73.65,72.4,52152,3882679.85,04-OCT-2021,553,INE864B01027,
UMESLTD,EQ,4.05,4.05,3.9,3.95,3.95,3.95,33724,132856.65,04-OCT-2021,98,INE240C01028,
UNICHEMLAB,EQ,276.7,278.8,267.75,270.65,271.8,275.3,84739,23053567.75,04-OCT-2021,6443,INE351A01035,
UNIDT,EQ,348.75,352.95,338.0,341.35,341.1,345.6,28194,9651551.45,04-OCT-2021,677,INE961D01019,
UNIENTER,EQ,127.7,127.95,125.3,126.15,126.85,125.15,6180,782286.85,04-OCT-2021,251,INE037A01022,
UNIONBANK,EQ,36.9,37.7,36.85,37.6,37.6,36.45,21377239,800608932.2,04-OCT-2021,26417,INE692A01016,
UNITEDTEA,EQ,386.2,395.0,386.1,390.5,394.8,392.6,3310,1291279.6,04-OCT-2021,163,INE458F01011,
UNIVASTU,EQ,44.75,48.45,43.65,47.75,48.0,44.75,15852,742655.5,04-OCT-2021,232,INE562X01013,
UNIVCABLES,EQ,168.4,174.0,167.25,170.9,170.6,166.35,47979,8235329.85,04-OCT-2021,1725,INE279A01012,
UNIVPHOTO,EQ,360.0,388.85,360.0,388.85,388.85,353.5,15978,6057352.25,04-OCT-2021,654,INE03V001013,
UPL,EQ,713.1,719.9,694.0,702.95,702.7,712.65,7682864,5390508362.3,04-OCT-2021,160706,INE628A01036,
URJA,EQ,6.3,6.35,6.25,6.3,6.3,6.25,1925406,12090964.15,04-OCT-2021,6037,INE550C01020,
USHAMART,EQ,89.9,96.0,89.25,95.45,95.2,87.45,4698169,435405101.3,04-OCT-2021,20817,INE228A01035,
UTIAMC,EQ,1050.0,1067.9,1048.8,1053.65,1051.0,1050.2,106705,112435994.9,04-OCT-2021,8815,INE094J01016,
UTIBANKETF,EQ,37.88,37.88,37.11,37.79,37.53,37.24,3756,141135.22,04-OCT-2021,162,INF789F1AUV1,
UTINEXT50,EQ,44.3,45.03,44.22,44.71,44.62,44.29,7577,337800.38,04-OCT-2021,185,INF789F1AUW9,
UTINIFTETF,EQ,1850.0,2085.5,1850.0,1943.07,1865.0,1845.61,1357,2601048.1,04-OCT-2021,134,INF789FB1X41,
UTISENSETF,EQ,627.99,627.99,620.0,622.65,622.94,617.33,543,338709.6,04-OCT-2021,124,INF789FB1X58,
UTISXN50,EQ,50.52,52.5,48.5,49.35,49.35,49.05,2085,104960.24,04-OCT-2021,125,INF789F1AUU3,
UTTAMSTL,BE,4.25,4.35,4.15,4.3,4.35,4.15,425299,1819224.6,04-OCT-2021,621,INE699A01011,
UTTAMSUGAR,BE,186.25,193.5,186.0,193.5,193.5,184.3,54864,10493143.95,04-OCT-2021,926,INE786F01031,
V2RETAIL,EQ,148.05,151.25,141.55,142.65,143.45,148.05,91601,13268284.05,04-OCT-2021,1815,INE945H01013,
VADILALIND,EQ,1044.0,1060.75,1041.1,1049.9,1044.4,1043.7,6642,6986806.4,04-OCT-2021,664,INE694D01016,
VAIBHAVGBL,EQ,698.2,711.45,698.0,699.6,701.6,696.65,89658,63090330.55,04-OCT-2021,7601,INE884A01027,
VAISHALI,EQ,37.7,37.7,36.8,36.9,36.9,37.0,49975,1849425.35,04-OCT-2021,371,INE972X01014,
VAKRANGEE,EQ,40.45,41.0,40.05,40.3,40.45,40.15,3366473,136393920.35,04-OCT-2021,7417,INE051B01021,
VALIANTORG,EQ,1375.0,1473.95,1375.0,1456.65,1470.0,1375.55,157810,226423055.85,04-OCT-2021,11264,INE565V01010,
VARDHACRLC,EQ,65.15,66.8,62.9,63.0,62.95,62.95,120904,7684995.65,04-OCT-2021,1618,INE116G01013,
VARDMNPOLY,BE,24.5,24.5,23.0,23.4,23.8,23.35,38910,920144.0,04-OCT-2021,141,INE835A01011,
VARROC,EQ,299.5,303.0,298.0,299.05,298.8,299.6,144471,43357421.05,04-OCT-2021,5642,INE665L01035,
VASCONEQ,EQ,26.1,27.1,26.1,27.1,27.1,25.85,2126537,57504542.0,04-OCT-2021,1606,INE893I01013,
VASWANI,EQ,11.6,11.6,11.0,11.55,11.6,11.45,37835,432446.85,04-OCT-2021,110,INE590L01019,
VBL,EQ,915.0,919.0,908.4,916.65,916.0,910.2,152896,139778759.9,04-OCT-2021,11473,INE200M01013,
VEDL,EQ,288.1,300.0,286.15,298.3,298.5,285.85,8623041,2536646308.7,04-OCT-2021,58121,INE205A01025,
VENKEYS,EQ,2920.0,3012.75,2920.0,2935.65,2933.0,2931.8,50814,150258328.6,04-OCT-2021,7996,INE398A01010,
VENUSREM,EQ,444.8,456.5,442.15,443.15,443.5,444.8,49688,22275526.25,04-OCT-2021,4463,INE411B01019,
VERTOZ,EQ,101.0,101.85,99.5,99.8,100.2,99.7,45600,4566036.7,04-OCT-2021,1277,INE188Y01015,
VESUVIUS,EQ,1235.0,1235.0,1191.2,1205.25,1208.0,1200.2,5899,7122933.7,04-OCT-2021,896,INE386A01015,
VETO,EQ,108.2,114.5,108.15,110.95,110.85,108.95,241381,27157982.1,04-OCT-2021,7528,INE918N01018,
VGUARD,EQ,259.7,274.8,259.7,262.5,263.4,259.7,2241274,602008801.85,04-OCT-2021,32609,INE951I01027,
VHL,EQ,3100.0,3100.0,3025.0,3081.7,3057.45,3023.8,685,2098748.5,04-OCT-2021,176,INE701A01023,
VIDHIING,EQ,392.8,396.9,382.0,385.15,383.2,392.8,160385,62236291.1,04-OCT-2021,6496,INE632C01026,
VIJAYA,EQ,552.05,561.15,547.7,551.6,550.0,551.3,202460,112651160.0,04-OCT-2021,11641,INE043W01024,
VIJIFIN,BE,1.6,1.6,1.55,1.6,1.6,1.55,180829,288724.25,04-OCT-2021,458,INE159N01027,
VIKASECO,EQ,2.1,2.15,2.1,2.15,2.15,2.1,2854334,6040983.65,04-OCT-2021,1445,INE806A01020,
VIKASLIFE,BE,3.55,3.55,3.35,3.45,3.45,3.4,3729779,12876627.85,04-OCT-2021,4570,INE161L01027,
VIKASPROP,EQ,2.15,2.2,2.05,2.15,2.15,2.15,2399696,5105998.55,04-OCT-2021,1656,INE767B01022,
VIKASWSP,EQ,5.0,5.15,4.9,5.1,5.1,4.95,1031249,5229436.85,04-OCT-2021,642,INE706A01022,
VIMTALABS,EQ,280.0,293.95,278.55,292.45,292.4,278.3,67802,19666393.1,04-OCT-2021,1942,INE579C01029,
VINATIORGA,EQ,1927.8,1980.0,1909.0,1970.65,1975.0,1921.65,119805,232872421.35,04-OCT-2021,12812,INE410B01037,
VINDHYATEL,EQ,1119.2,1277.0,1118.85,1218.7,1225.0,1105.05,124878,153637318.8,04-OCT-2021,17842,INE707A01012,
VINEETLAB,EQ,77.0,77.55,75.0,77.05,77.45,76.85,8959,685126.15,04-OCT-2021,328,INE505Y01010,
VINYLINDIA,EQ,274.7,315.0,264.0,299.3,294.2,269.9,3309190,964943161.3,04-OCT-2021,125711,INE250B01029,
VIPCLOTHNG,BE,17.5,18.35,17.1,18.35,18.35,17.5,117818,2139194.95,04-OCT-2021,373,INE450G01024,
VIPIND,EQ,508.9,509.9,496.5,497.8,497.5,504.65,257266,129391856.05,04-OCT-2021,11084,INE054A01027,
VIPULLTD,EQ,28.95,30.45,28.95,29.6,29.8,29.5,7118,213104.85,04-OCT-2021,69,INE946H01037,
VISAKAIND,EQ,671.3,695.95,666.05,676.35,678.9,661.25,54536,37181195.75,04-OCT-2021,6321,INE392A01013,
VISASTEEL,EQ,12.6,13.2,12.6,13.2,13.2,12.6,109542,1443587.65,04-OCT-2021,285,INE286H01012,
VISESHINFO,BE,0.25,0.25,0.2,0.2,0.25,0.2,17017010,3772479.35,04-OCT-2021,2997,INE861A01058,
VISHAL,EQ,114.6,114.6,111.85,113.3,113.0,113.3,45910,5211074.3,04-OCT-2021,882,INE755Q01025,
VISHNU,EQ,793.55,804.8,768.65,787.65,786.5,766.65,30283,24000480.25,04-OCT-2021,1364,INE270I01014,
VISHWARAJ,EQ,146.45,154.9,146.05,153.4,154.0,145.45,370708,55856624.05,04-OCT-2021,5383,INE430N01014,
VIVIDHA,EQ,0.8,0.8,0.75,0.8,0.8,0.75,1813439,1404392.0,04-OCT-2021,1322,INE370E01029,
VIVIMEDLAB,EQ,20.75,20.85,20.3,20.7,20.55,20.25,257296,5289039.2,04-OCT-2021,871,INE526G01021,
VLSFINANCE,EQ,196.0,199.85,195.05,198.05,198.75,195.4,54711,10835438.65,04-OCT-2021,1481,INE709A01018,
VMART,EQ,3739.0,3749.95,3640.05,3699.45,3707.0,3654.65,28917,107177549.95,04-OCT-2021,7012,INE665J01013,
VOLTAMP,EQ,1530.0,1560.3,1513.3,1529.7,1518.1,1524.45,8880,13622943.0,04-OCT-2021,1606,INE540H01012,
VOLTAS,EQ,1215.25,1233.0,1206.65,1227.25,1228.7,1215.25,526778,644773932.25,04-OCT-2021,20454,INE226A01021,
VRLLOG,EQ,370.0,375.0,302.2,365.6,366.95,368.55,87216,32093827.75,04-OCT-2021,3861,INE366I01010,
VSSL,EQ,241.35,254.0,237.2,246.9,247.0,242.55,231244,56633894.25,04-OCT-2021,9075,INE050M01012,
VSTIND,EQ,3388.1,3540.0,3388.1,3505.35,3486.0,3399.15,15788,54875970.1,04-OCT-2021,4745,INE710A01016,
VSTTILLERS,EQ,2978.95,3258.75,2917.0,2960.6,2926.0,2962.5,182383,569483724.2,04-OCT-2021,29158,INE764D01017,
VTL,EQ,1847.0,1890.0,1830.0,1859.15,1870.0,1838.25,36146,67498100.4,04-OCT-2021,5373,INE825A01012,
WABAG,EQ,337.6,338.2,331.1,334.0,333.6,333.7,162474,54311401.6,04-OCT-2021,5232,INE956G01038,
WABCOINDIA,EQ,7289.4,7294.7,7122.1,7161.8,7166.0,7257.75,8602,62232948.65,04-OCT-2021,1427,INE342J01019,
WALCHANNAG,EQ,60.8,61.6,59.45,60.4,60.25,59.9,415372,25185500.5,04-OCT-2021,5823,INE711A01022,
WANBURY,BE,78.0,79.5,78.0,78.8,79.0,78.15,13438,1057370.4,04-OCT-2021,85,INE107F01022,
WATERBASE,EQ,114.3,116.0,114.3,114.8,115.0,114.05,84624,9731757.55,04-OCT-2021,1708,INE054C01015,
WEALTH,BE,259.9,259.9,240.0,248.9,248.9,248.35,288,69454.3,04-OCT-2021,8,INE658T01017,
WEBELSOLAR,EQ,65.0,66.0,63.6,64.25,64.35,64.3,282478,18218822.2,04-OCT-2021,2529,INE855C01015,
WEIZMANIND,EQ,48.7,48.75,46.15,48.25,48.35,47.35,8465,407751.25,04-OCT-2021,441,INE080A01014,
WELCORP,EQ,144.3,145.0,139.4,143.45,142.9,143.0,2635956,375230257.35,04-OCT-2021,23559,INE191B01025,
WELENT,EQ,108.5,109.25,107.55,107.85,107.8,108.4,135446,14646778.35,04-OCT-2021,2756,INE625G01013,
WELINV,EQ,328.2,334.8,322.8,331.7,334.0,324.6,966,317369.65,04-OCT-2021,119,INE389K01018,
WELSPUNIND,EQ,163.25,167.7,160.35,162.35,161.9,163.0,3646248,595966111.25,04-OCT-2021,36909,INE192B01031,
WENDT,EQ,4350.25,4368.55,4250.0,4283.85,4275.0,4288.85,700,3014348.85,04-OCT-2021,275,INE274C01019,
WESTLIFE,EQ,565.0,566.8,517.8,555.7,557.1,558.85,124068,68056592.95,04-OCT-2021,6665,INE274F01020,
WHEELS,EQ,784.7,798.0,774.0,778.2,780.0,778.4,18627,14560696.1,04-OCT-2021,1566,INE715A01015,
WHIRLPOOL,EQ,2295.0,2300.3,2264.0,2275.15,2277.0,2294.1,44694,101693085.85,04-OCT-2021,5971,INE716A01013,
WILLAMAGOR,EQ,20.4,21.0,20.0,20.8,20.5,20.1,11924,245046.55,04-OCT-2021,114,INE210A01017,
WINDLAS,EQ,359.9,384.0,355.55,368.65,370.3,358.45,135437,49104348.6,04-OCT-2021,5403,INE0H5O01029,
WINDMACHIN,EQ,30.85,30.85,29.8,29.95,30.0,30.5,48501,1467899.35,04-OCT-2021,320,INE052A01021,
WIPL,BE,64.05,64.05,60.05,63.55,64.0,61.0,620,38796.4,04-OCT-2021,25,INE215F01023,
WIPRO,EQ,639.9,643.6,635.95,641.05,643.35,636.25,5247122,3352073760.25,04-OCT-2021,122772,INE075A01022,
WOCKPHARMA,EQ,452.9,459.8,445.0,446.8,447.6,451.35,510275,230887376.25,04-OCT-2021,12687,INE049B01025,
WONDERLA,EQ,241.4,244.5,238.45,242.7,242.25,238.45,122911,29800541.1,04-OCT-2021,6371,INE066O01014,
WORTH,EQ,85.75,89.7,84.8,88.2,87.6,84.4,31364,2745215.2,04-OCT-2021,465,INE196Y01018,
WSI,BE,6.05,6.1,6.05,6.05,6.05,6.35,607,3677.35,04-OCT-2021,6,INE100D01014,
WSTCSTPAPR,EQ,267.25,274.0,266.4,271.8,272.25,265.9,398155,107956057.65,04-OCT-2021,8707,INE976A01021,
XCHANGING,EQ,108.75,110.9,108.7,109.85,110.0,108.2,228750,25126079.2,04-OCT-2021,2886,INE692G01013,
XELPMOC,BE,392.0,393.0,370.0,382.7,382.0,382.2,11152,4246962.05,04-OCT-2021,319,INE01P501012,
XPROINDIA,EQ,598.0,609.05,581.0,609.05,609.05,580.05,129791,78227374.05,04-OCT-2021,5114,INE445C01015,
YAARII,EQ,99.0,103.3,99.0,100.85,100.15,98.4,95123,9622602.55,04-OCT-2021,1506,INE126M01010,
YESBANK,EQ,13.05,13.2,13.0,13.1,13.15,12.85,88762032,1162327797.85,04-OCT-2021,118654,INE528G01035,
YUKEN,EQ,589.7,607.0,582.4,604.95,605.0,590.1,4711,2804470.55,04-OCT-2021,595,INE384C01016,
ZEEL,EQ,295.5,306.45,291.9,301.25,300.15,295.85,21838276,6551489729.5,04-OCT-2021,161838,INE256A01028,
ZEELEARN,EQ,14.25,14.5,14.2,14.35,14.35,14.25,1464159,20973654.3,04-OCT-2021,2533,INE565L01011,
ZEEMEDIA,EQ,15.15,15.25,14.9,15.25,15.25,14.55,4885860,74413975.45,04-OCT-2021,3046,INE966H01019,
ZENITHEXPO,EQ,87.95,89.0,86.05,88.75,89.0,87.75,3365,295309.3,04-OCT-2021,81,INE058B01018,
ZENITHSTL,BE,1.0,1.0,0.9,0.9,0.9,0.95,20419,19323.15,04-OCT-2021,21,INE318D01020,
ZENSARTECH,EQ,481.8,486.4,475.0,479.4,479.75,478.15,646237,310325268.0,04-OCT-2021,25107,INE520A01027,
ZENTEC,EQ,226.2,226.2,211.05,214.85,216.5,215.45,2773019,610397675.1,04-OCT-2021,55142,INE251B01027,
ZODIACLOTH,EQ,119.15,123.7,115.2,120.0,119.8,119.15,56443,6816844.8,04-OCT-2021,1628,INE206B01013,
ZOMATO,EQ,139.1,140.0,138.0,139.1,138.75,138.0,11995299,1669170566.25,04-OCT-2021,101302,INE758T01015,
ZOTA,EQ,403.0,432.0,401.75,426.95,426.0,395.7,184721,77972128.35,04-OCT-2021,9309,INE358U01012,
ZUARI,BE,127.0,128.5,125.0,128.0,128.25,127.85,31417,3998034.25,04-OCT-2021,374,INE840M01016,
ZUARIGLOB,BE,133.8,134.95,130.3,134.15,134.05,130.9,33070,4392092.85,04-OCT-2021,147,INE217A01012,
ZYDUSWELL,EQ,2339.0,2351.4,2301.0,2315.75,2311.0,2320.95,18960,44186945.75,04-OCT-2021,3682,INE768C01010,
