SYMBOL,SERIES,OPEN,HIGH,LOW,CLOSE,LAST,PREVCLOSE,TOTTRDQTY,TOTTRDVAL,TIMESTAMP,TOTALTRADES,ISIN,UNNAMED: 13
20MICRONS,EQ,52.1,53.0,51.1,51.55,51.4,52.1,51579,2691254.55,23-APR-2018,630,INE144J01027,
21STCENMGM,EQ,40.6,40.6,40.6,40.6,40.6,39.85,50,2030.0,23-APR-2018,1,INE253B01015,
3IINFOTECH,EQ,5.75,6.0,5.7,5.9,5.9,5.7,6619743,38971796.5,23-APR-2018,2849,INE748C01020,
3MINDIA,EQ,20469.0,20650.0,20405.75,20471.15,20450.0,20477.35,498,10229950.95,23-APR-2018,238,INE470A01017,
5PAISA,BE,349.0,358.2,335.0,358.15,358.2,341.15,29009,10351547.2,23-APR-2018,127,INE618L01018,
63MOONS,EQ,94.1,99.25,94.1,96.85,97.05,93.7,471813,46000544.3,23-APR-2018,5519,INE111B01023,
8KMILES,EQ,776.9,803.0,776.05,784.0,787.95,772.65,351521,277055742.95,23-APR-2018,12246,INE650K01021,
A2ZINFRA,EQ,28.0,28.15,27.7,27.75,27.8,27.8,260645,7276513.45,23-APR-2018,1277,INE619I01012,
AARTIDRUGS,EQ,560.35,574.0,551.1,565.1,565.8,554.15,6108,3433116.8,23-APR-2018,740,INE767A01016,
AARTIIND,EQ,1306.1,1360.0,1305.5,1325.45,1314.0,1306.1,50603,67234611.55,23-APR-2018,3199,INE769A01020,
AARVEEDEN,EQ,46.0,47.45,45.3,45.35,45.35,46.4,18422,851288.5,23-APR-2018,170,INE273D01019,
ABAN,EQ,174.0,175.9,172.45,173.2,173.0,175.35,554923,96299075.35,23-APR-2018,7534,INE421A01028,
ABB,EQ,1288.0,1350.0,1280.55,1333.3,1335.0,1274.4,252664,336531959.85,23-APR-2018,15170,INE117A01022,
ABBOTINDIA,EQ,6100.05,6209.0,6100.05,6158.15,6130.0,6150.0,19291,119477592.05,23-APR-2018,891,INE358A01014,
ABCAPITAL,EQ,156.0,159.75,156.0,158.65,158.0,156.15,1289982,203750357.75,23-APR-2018,25018,INE674K01013,
ABFRL,EQ,147.05,149.0,145.1,148.0,147.8,147.05,184263,27121201.15,23-APR-2018,2830,INE647O01011,
ABMINTLTD,BE,34.0,34.0,33.25,33.25,33.25,34.95,8,269.75,23-APR-2018,2,INE251C01017,
ACC,EQ,1560.0,1581.8,1552.0,1565.3,1570.0,1561.65,302886,474168705.65,23-APR-2018,11209,INE012A01025,
ACCELYA,EQ,1364.7,1419.0,1353.65,1393.65,1399.0,1358.0,15580,21707391.5,23-APR-2018,2041,INE793A01012,
ACE,EQ,179.75,197.85,178.1,193.4,193.55,180.25,3112533,595427914.25,23-APR-2018,27566,INE731H01025,
ADANIENT,EQ,139.0,142.0,137.6,139.75,139.35,137.7,4466205,623744160.15,23-APR-2018,24051,INE423A01024,
ADANIPORTS,EQ,381.45,389.55,375.55,386.35,387.25,381.15,3614484,1390187330.45,23-APR-2018,60308,INE742F01042,
ADANIPOWER,EQ,26.0,26.1,25.65,25.85,25.85,26.0,6136777,159029263.45,23-APR-2018,7099,INE814H01011,
ADANITRANS,EQ,172.5,175.35,168.6,170.7,170.4,172.35,3795969,649499139.5,23-APR-2018,19601,INE931S01010,
ADFFOODS,EQ,239.95,246.9,238.5,239.95,239.0,240.4,234672,57158481.6,23-APR-2018,4254,INE982B01019,
ADHUNIK,EQ,4.1,4.3,4.1,4.25,4.3,4.1,59555,250717.7,23-APR-2018,76,INE400H01019,
ADHUNIKIND,BE,86.65,86.65,83.0,83.0,83.0,82.7,1150,95523.5,23-APR-2018,11,INE452L01012,
ADLABS,EQ,54.1,55.35,53.5,54.0,53.9,54.3,43956,2393755.8,23-APR-2018,846,INE172N01012,
ADORWELD,EQ,416.05,423.0,414.1,417.5,415.25,415.05,4308,1800736.45,23-APR-2018,295,INE045A01017,
ADROITINFO,EQ,33.5,34.4,33.05,33.95,33.95,33.25,5877,198288.1,23-APR-2018,34,INE737B01033,
ADSL,EQ,23.0,23.3,22.4,22.8,22.9,22.8,34024,774317.8,23-APR-2018,164,INE102I01027,
ADVANIHOTR,EQ,68.25,69.15,64.3,67.05,66.85,68.25,31773,2125111.75,23-APR-2018,472,INE199C01026,
ADVENZYMES,EQ,233.35,238.6,232.45,235.15,235.2,232.35,126407,29814036.8,23-APR-2018,3388,INE837H01020,
AEGISCHEM,EQ,280.4,287.8,278.15,287.15,287.65,280.15,151353,43097542.35,23-APR-2018,3153,INE208C01025,
AFL,EQ,50.1,51.95,50.1,51.05,51.05,51.2,359,18370.9,23-APR-2018,5,INE020G01017,
AGARIND,BE,342.0,348.0,340.0,347.65,348.0,342.0,2386,819861.2,23-APR-2018,28,INE204E01012,
AGCNET,EQ,116.5,123.5,108.1,120.3,121.0,116.45,6503,767381.5,23-APR-2018,62,INE676A01019,
AGLSL,EQ,104.0,104.5,98.8,100.2,100.05,103.2,3365,344955.55,23-APR-2018,57,INE517U01013,
AGRITECH,EQ,145.75,145.75,140.3,140.8,140.7,143.75,26031,3692436.45,23-APR-2018,617,INE449G01018,
AHLEAST,BE,358.0,373.85,358.0,366.25,366.25,376.8,5119,1891545.65,23-APR-2018,54,INE926K01017,
AHLUCONT,EQ,418.55,424.45,418.1,421.35,422.15,419.0,13911,5855368.3,23-APR-2018,205,INE758C01029,
AHLWEST,EQ,409.9,424.0,405.0,410.9,412.0,404.6,7269,3028600.35,23-APR-2018,300,INE915K01010,
AIAENG,EQ,1417.2,1433.45,1396.05,1417.6,1410.5,1415.1,20402,28812980.25,23-APR-2018,1561,INE212H01026,
AICHAMP,BE,30.45,30.45,30.45,30.45,30.45,30.95,1,30.45,23-APR-2018,1,INE768E01024,
AIFL,EQ,464.3,478.25,464.3,471.45,471.0,464.85,161478,76397384.35,23-APR-2018,2160,INE428O01016,
AJANTPHARM,EQ,1364.0,1392.65,1338.0,1383.2,1377.0,1365.0,175230,239922277.85,23-APR-2018,7473,INE031B01049,
AJMERA,EQ,277.0,281.55,272.0,274.35,273.8,276.65,51439,14292837.7,23-APR-2018,1346,INE298G01027,
AKSHARCHEM,EQ,609.7,614.0,601.7,607.35,603.05,604.85,4502,2729293.95,23-APR-2018,244,INE542B01011,
AKSHOPTFBR,EQ,36.5,37.9,36.5,36.8,36.8,36.65,753049,27883834.55,23-APR-2018,1926,INE523B01011,
AKZOINDIA,EQ,1924.9,1936.0,1916.0,1917.3,1918.5,1922.25,4301,8266775.8,23-APR-2018,456,INE133A01011,
ALANKIT,EQ,44.9,44.9,40.15,42.85,42.7,44.6,147247,6245309.8,23-APR-2018,921,INE914E01040,
ALBERTDAVD,BE,375.05,380.0,375.0,376.5,376.5,378.75,1240,469115.5,23-APR-2018,19,INE155C01010,
ALBK,EQ,48.0,49.8,47.35,49.25,49.5,48.5,4132139,202148311.25,23-APR-2018,12262,INE428A01015,
ALCHEM,BE,9.1,9.4,8.65,8.8,8.8,9.05,4587,41713.05,23-APR-2018,27,INE964B01033,
ALEMBICLTD,EQ,56.15,58.6,55.9,56.6,56.9,56.4,279043,15917002.55,23-APR-2018,1751,INE426A01027,
ALICON,EQ,600.05,622.0,600.0,608.25,608.0,605.6,1216,743039.5,23-APR-2018,90,INE062D01024,
ALKALI,EQ,86.6,91.3,85.5,87.85,87.4,86.15,135385,11978289.3,23-APR-2018,1493,INE773I01017,
ALKEM,EQ,1775.0,1850.0,1775.0,1831.7,1840.05,1783.35,39257,71216141.2,23-APR-2018,4838,INE540L01014,
ALKYLAMINE,EQ,630.0,671.45,630.0,662.35,653.0,628.85,9850,6441578.3,23-APR-2018,399,INE150B01021,
ALLCARGO,EQ,151.1,154.45,150.45,151.25,151.2,149.75,239245,36395185.15,23-APR-2018,3345,INE418H01029,
ALLSEC,EQ,369.6,387.1,359.3,368.05,366.0,370.1,41013,15255662.65,23-APR-2018,2826,INE835G01018,
ALMONDZ,EQ,27.85,28.5,26.3,27.55,27.5,27.4,11096,303078.5,23-APR-2018,46,INE326B01027,
ALOKTEXT,EQ,2.8,2.8,2.8,2.8,2.8,2.9,2335624,6539747.2,23-APR-2018,904,INE270A01011,
ALPA,EQ,40.0,40.6,39.75,40.1,40.25,40.1,18314,735941.8,23-APR-2018,119,INE385I01010,
ALPHAGEO,EQ,785.0,790.0,768.05,772.7,769.0,780.3,15341,11967338.75,23-APR-2018,1317,INE137C01018,
ALPSINDUS,BE,3.0,3.25,2.95,2.95,2.95,3.1,43166,129395.75,23-APR-2018,43,INE093B01015,
AMARAJABAT,EQ,852.85,868.2,844.4,860.4,858.75,853.45,502976,432179683.45,23-APR-2018,12470,INE885A01032,
AMBER,EQ,1099.0,1110.0,1090.0,1104.6,1106.0,1097.75,13953,15332096.05,23-APR-2018,1202,INE371P01015,
AMBIKCO,EQ,1355.0,1379.15,1333.3,1348.9,1357.0,1368.35,4532,6137621.45,23-APR-2018,676,INE540G01014,
AMBUJACEM,EQ,245.4,249.0,245.25,247.6,247.4,246.6,1051719,260133215.5,23-APR-2018,19064,INE079A01024,
AMDIND,BE,29.2,30.2,29.2,29.5,29.35,30.3,2287,67799.1,23-APR-2018,28,INE005I01014,
AMJLAND,EQ,27.4,27.4,25.5,25.75,25.65,26.9,32443,849503.6,23-APR-2018,253,INE606A01024,
AMRUTANJAN,EQ,292.0,293.0,282.5,284.95,283.0,289.05,11359,3265731.05,23-APR-2018,639,INE098F01031,
ANANTRAJ,EQ,48.55,49.4,48.5,48.7,48.65,48.9,472859,23135889.0,23-APR-2018,1741,INE242C01024,
ANDHRABANK,EQ,39.0,39.7,37.85,39.4,39.4,39.15,5811838,226313750.85,23-APR-2018,10970,INE434A01013,
ANDHRACEMT,EQ,11.6,11.8,11.3,11.4,11.35,11.45,154817,1790942.85,23-APR-2018,335,INE666E01012,
ANDHRSUGAR,EQ,435.6,448.8,435.1,443.2,443.95,435.35,24558,10828419.7,23-APR-2018,959,INE715B01013,
ANGIND,BE,3.75,4.0,3.75,3.75,3.75,3.9,8333,31386.95,23-APR-2018,38,INE017D01010,
ANIKINDS,EQ,45.0,45.0,42.0,42.5,42.4,45.85,109538,4682233.45,23-APR-2018,1113,INE087B01017,
ANSALAPI,EQ,20.95,21.5,20.25,20.75,20.5,20.4,102109,2118392.95,23-APR-2018,286,INE436A01026,
ANSALHSG,EQ,20.25,21.25,20.25,20.4,20.35,20.25,47833,982968.75,23-APR-2018,319,INE880B01015,
ANTGRAPHIC,BE,0.9,0.9,0.85,0.9,0.85,0.9,9257,8171.0,23-APR-2018,8,INE414B01021,
APARINDS,EQ,789.0,798.0,776.3,785.05,785.0,786.0,15049,11845660.35,23-APR-2018,807,INE372A01015,
APCL,EQ,198.1,202.0,194.5,199.0,199.0,200.05,1193,236915.55,23-APR-2018,50,INE071F01012,
APCOTEXIND,EQ,565.0,585.0,561.0,569.75,568.65,564.65,38822,22426402.05,23-APR-2018,1536,INE116A01024,
APEX,EQ,673.0,689.0,668.5,671.05,670.0,678.85,154073,104674686.5,23-APR-2018,5054,INE346W01013,
APLAPOLLO,EQ,2129.85,2169.0,2110.0,2158.0,2163.0,2129.5,7142,15306309.1,23-APR-2018,906,INE702C01019,
APLLTD,EQ,505.9,508.1,502.0,505.3,505.0,500.45,18727,9467597.05,23-APR-2018,906,INE901L01018,
APOLLO,EQ,239.8,249.7,237.05,242.35,241.4,240.4,72064,17664834.85,23-APR-2018,2115,INE713T01010,
APOLLOHOSP,EQ,1130.1,1148.0,1121.65,1132.2,1128.0,1134.0,142729,162077317.8,23-APR-2018,7839,INE437A01024,
APOLLOTYRE,EQ,287.0,290.5,283.95,289.1,288.25,287.95,2374803,682515342.1,23-APR-2018,25042,INE438A01022,
APOLSINHOT,EQ,1392.0,1559.95,1392.0,1514.75,1495.0,1389.55,3276,4897842.2,23-APR-2018,305,INE451F01016,
APTECHT,EQ,290.0,302.45,289.0,292.3,293.0,289.25,1490296,440651634.05,23-APR-2018,17488,INE266F01018,
ARCHIDPLY,EQ,91.1,94.4,89.55,90.05,89.75,91.2,99752,9123323.7,23-APR-2018,1162,INE877I01016,
ARCHIES,EQ,43.25,43.45,39.8,41.45,41.45,43.55,476572,19920584.05,23-APR-2018,3464,INE731A01020,
ARCOTECH,EQ,32.0,32.35,30.0,30.15,30.15,31.95,597154,18471870.6,23-APR-2018,2623,INE574I01035,
ARIES,EQ,209.0,209.0,202.05,203.75,205.4,207.55,25713,5289476.35,23-APR-2018,650,INE298I01015,
ARIHANTSUP,EQ,137.1,140.55,135.85,136.3,136.15,136.45,37832,5194809.45,23-APR-2018,1811,INE643K01018,
ARMANFIN,EQ,415.0,435.0,410.25,428.8,430.05,420.8,13131,5557672.35,23-APR-2018,263,INE109C01017,
AROGRANITE,EQ,61.0,62.15,58.05,58.3,58.5,61.1,82176,4859580.95,23-APR-2018,796,INE210C01013,
ARROWGREEN,EQ,354.0,378.0,344.0,361.9,364.0,347.15,41350,15048035.8,23-APR-2018,1453,INE570D01018,
ARROWTEX,EQ,37.4,37.4,35.1,35.65,36.0,36.65,7964,287973.45,23-APR-2018,108,INE933J01015,
ARSHIYA,EQ,77.0,77.35,74.0,74.95,74.95,77.15,54882,4136163.55,23-APR-2018,594,INE968D01022,
ARSSINFRA,BE,48.0,52.2,47.5,49.2,48.5,49.75,7456,365012.1,23-APR-2018,89,INE267I01010,
ARVIND,EQ,422.0,428.8,419.25,425.2,425.2,422.0,1251242,531766019.55,23-APR-2018,21241,INE034A01011,
ARVSMART,EQ,185.15,192.5,182.5,191.65,192.0,182.95,37015,6998829.55,23-APR-2018,642,INE034S01021,
ASAHIINDIA,EQ,351.9,354.0,347.0,349.2,347.1,348.9,9950,3489554.8,23-APR-2018,609,INE439A01020,
ASAHISONG,EQ,351.6,352.9,339.0,339.2,339.1,353.1,17562,6025832.7,23-APR-2018,305,INE228I01012,
ASAL,EQ,80.2,81.9,78.2,79.25,78.2,80.2,17919,1433229.2,23-APR-2018,215,INE900C01027,
ASHAPURMIN,EQ,76.0,78.0,74.95,76.6,76.7,75.7,115115,8823568.6,23-APR-2018,991,INE348A01023,
ASHIANA,EQ,161.4,163.9,160.0,160.95,161.25,161.05,54823,8847043.65,23-APR-2018,1131,INE365D01021,
ASHIMASYN,EQ,31.0,32.2,30.5,30.75,30.75,31.0,168707,5272334.6,23-APR-2018,992,INE440A01010,
ASHOKA,EQ,267.1,268.45,263.5,265.4,264.8,266.9,61816,16439120.6,23-APR-2018,1684,INE442H01029,
ASHOKLEY,EQ,155.95,159.95,155.65,159.45,159.4,155.55,22119097,3489985986.35,23-APR-2018,77297,INE208A01029,
ASIANHOTNR,BE,316.35,319.95,301.15,319.15,319.3,316.6,5133,1628550.85,23-APR-2018,65,INE363A01022,
ASIANPAINT,EQ,1160.9,1181.4,1145.4,1178.7,1177.6,1159.35,554353,646671924.5,23-APR-2018,23507,INE021A01026,
ASIANTILES,EQ,482.0,489.7,477.65,482.4,482.5,486.65,55151,26626672.7,23-APR-2018,1034,INE022I01019,
ASPINWALL,EQ,393.9,393.95,387.0,393.0,393.0,388.35,412,160658.65,23-APR-2018,13,INE991I01015,
ASSAMCO,EQ,4.3,4.65,4.3,4.55,4.6,4.4,389243,1757987.1,23-APR-2018,311,INE442A01024,
ASTEC,EQ,605.95,609.15,602.0,607.1,605.55,604.5,9455,5736592.55,23-APR-2018,461,INE563J01010,
ASTERDM,EQ,166.45,167.75,165.65,166.15,166.6,166.45,63835,10608038.65,23-APR-2018,1458,INE914M01019,
ASTRAL,EQ,915.5,939.0,915.5,931.65,925.3,922.95,11877,11057216.3,23-APR-2018,1092,INE006I01046,
ASTRAMICRO,EQ,80.85,90.25,80.35,87.9,89.55,80.8,10064104,852127846.8,23-APR-2018,17730,INE386C01029,
ASTRAZEN,EQ,988.15,1020.0,980.0,1014.1,1010.15,986.75,4066,4108536.7,23-APR-2018,535,INE203A01020,
ASTRON,EQ,120.7,125.5,120.7,124.1,124.2,122.05,146728,18209817.85,23-APR-2018,1912,INE646X01014,
ATFL,EQ,783.75,804.8,761.4,787.9,788.0,781.75,105373,82600756.15,23-APR-2018,4069,INE209A01019,
ATLANTA,EQ,79.55,80.75,79.0,79.4,79.2,80.15,80860,6453568.65,23-APR-2018,858,INE285H01022,
ATLASCYCLE,BE,172.0,172.0,162.3,166.2,167.0,167.55,3566,593509.3,23-APR-2018,66,INE446A01025,
ATUL,EQ,2721.1,2774.95,2721.1,2765.8,2769.0,2721.7,1988,5478779.6,23-APR-2018,371,INE100A01010,
ATULAUTO,EQ,435.5,445.0,435.5,441.85,440.25,442.45,9941,4381341.5,23-APR-2018,477,INE951D01028,
AUBANK,EQ,655.0,659.75,650.0,656.8,655.0,653.95,63508,41616632.0,23-APR-2018,3705,INE949L01017,
AURIONPRO,EQ,234.55,249.5,231.25,241.05,240.1,237.9,76516,18608191.75,23-APR-2018,1351,INE132H01018,
AUROPHARMA,EQ,611.8,645.0,611.8,642.55,643.7,618.6,3138957,1996308693.95,23-APR-2018,59798,INE406A01037,
AUSOMENT,EQ,101.65,112.9,98.05,107.5,108.5,98.25,787548,83513251.4,23-APR-2018,7940,INE218C01016,
AUTOAXLES,EQ,1515.05,1540.0,1515.05,1527.1,1530.95,1529.85,17212,26398045.5,23-APR-2018,568,INE449A01011,
AUTOIND,EQ,75.2,77.0,73.95,75.35,75.1,76.95,17768,1339944.9,23-APR-2018,351,INE718H01014,
AUTOLITIND,EQ,76.0,77.8,75.1,75.7,75.4,76.05,21768,1669339.15,23-APR-2018,285,INE448A01013,
AVADHSUGAR,EQ,385.7,392.0,380.0,384.0,382.1,382.25,39416,15228151.7,23-APR-2018,1903,INE349W01017,
AVANTIFEED,EQ,2490.0,2498.0,2351.5,2364.8,2365.0,2357.05,411162,996840547.35,23-APR-2018,30895,INE871C01020,
AVTNPL,EQ,39.75,40.3,39.55,39.65,39.75,39.6,64294,2557417.85,23-APR-2018,371,INE488D01021,
AXISBANK,EQ,508.4,511.2,500.0,506.2,506.85,505.7,4766412,2414025792.6,23-APR-2018,64889,INE238A01034,
AXISCADES,EQ,174.0,180.9,172.4,173.85,173.5,175.4,267239,47511175.0,23-APR-2018,4156,INE555B01013,
AXISGOLD,EQ,2758.05,2758.05,2738.0,2738.75,2744.0,2758.05,194,532930.6,23-APR-2018,52,INF846K01347,
AXISNIFTY,EQ,1064.68,1065.29,1064.68,1065.29,1065.29,1066.47,25,26626.15,23-APR-2018,2,INF846K01ZL0,
AYMSYNTEX,EQ,64.05,71.0,62.95,70.1,70.0,63.7,108573,7377343.3,23-APR-2018,590,INE193B01039,
BAFNAPHARM,EQ,28.9,29.3,28.1,29.15,29.25,28.95,8487,245699.1,23-APR-2018,101,INE878I01014,
BAGFILMS,EQ,5.6,5.7,5.25,5.55,5.65,5.35,396778,2181772.4,23-APR-2018,479,INE116D01028,
BAJAJ-AUTO,EQ,2852.8,2880.0,2820.0,2852.15,2852.0,2852.7,235602,671324967.5,23-APR-2018,18961,INE917I01010,
BAJAJCORP,EQ,481.0,496.75,481.0,491.9,492.6,488.3,20726,10213723.8,23-APR-2018,1273,INE933K01021,
BAJAJELEC,EQ,646.95,694.8,637.9,682.0,684.9,643.65,1389590,935251290.9,23-APR-2018,31989,INE193E01025,
BAJAJFINSV,EQ,5298.85,5348.85,5256.65,5294.0,5291.2,5286.35,87805,465722994.4,23-APR-2018,13586,INE918I01018,
BAJAJHIND,EQ,8.95,9.15,8.85,8.95,8.95,8.9,1734430,15563458.05,23-APR-2018,2591,INE306A01021,
BAJAJHLDNG,EQ,2605.05,2621.65,2600.0,2602.4,2600.35,2620.95,6957,18123439.4,23-APR-2018,1400,INE118A01012,
BAJFINANCE,EQ,1880.0,1919.75,1860.8,1899.35,1899.0,1880.4,762125,1442053158.15,23-APR-2018,48306,INE296A01024,
BALAJITELE,EQ,134.95,137.25,132.2,133.15,133.35,134.4,181111,24409459.75,23-APR-2018,1404,INE794B01026,
BALAMINES,EQ,676.95,700.0,665.6,680.05,680.65,677.05,23411,15968813.6,23-APR-2018,665,INE050E01027,
BALKRISHNA,EQ,86.8,86.8,82.35,84.6,84.4,84.25,13787,1179021.35,23-APR-2018,120,INE875R01011,
BALKRISIND,EQ,1300.7,1303.75,1278.0,1281.7,1280.0,1298.8,383275,493244684.3,23-APR-2018,14980,INE787D01026,
BALLARPUR,EQ,13.5,13.9,13.3,13.7,13.75,13.55,809479,11057610.4,23-APR-2018,1900,INE294A01037,
BALMLAWRIE,EQ,220.0,222.5,218.55,219.15,219.5,219.95,44608,9820425.85,23-APR-2018,1155,INE164A01016,
BALPHARMA,EQ,84.2,86.45,81.7,84.2,84.05,83.45,14129,1191796.0,23-APR-2018,368,INE083D01012,
BALRAMCHIN,EQ,68.0,69.7,67.25,68.65,68.9,67.65,8051648,548841732.2,23-APR-2018,22008,INE119A01028,
BANARBEADS,EQ,58.4,61.8,58.3,59.65,59.35,61.5,1395,83141.1,23-APR-2018,25,INE655B01011,
BANARISUG,EQ,1775.95,1776.0,1681.7,1704.55,1681.7,1730.45,1627,2800903.4,23-APR-2018,73,INE459A01010,
BANCOINDIA,EQ,230.45,238.9,230.45,234.4,234.0,235.5,48440,11310585.1,23-APR-2018,1589,INE213C01025,
BANDHANBNK,EQ,496.0,504.3,481.75,498.35,497.95,495.05,2474228,1221379663.25,23-APR-2018,111869,INE545U01014,
BANG,EQ,35.6,37.0,34.3,36.8,36.9,36.1,11513,410429.2,23-APR-2018,114,INE863I01016,
BANKBARODA,EQ,143.95,145.8,141.5,144.15,144.3,143.6,7841803,1127639376.6,23-APR-2018,33989,INE028A01039,
BANKBEES,EQ,2535.0,2544.05,2511.18,2528.54,2527.85,2534.5,2660,6734973.44,23-APR-2018,125,INF732E01078,
BANKINDIA,EQ,101.95,104.0,99.95,102.5,102.0,102.35,9095306,931136019.1,23-APR-2018,33006,INE084A01016,
BANSWRAS,EQ,103.35,105.95,103.2,104.05,104.0,103.4,12215,1271154.95,23-APR-2018,71,INE629D01012,
BARTRONICS,EQ,12.4,12.45,12.35,12.45,12.45,11.35,98742,1226217.0,23-APR-2018,172,INE855F01034,
BASF,EQ,2088.6,2143.0,2053.45,2067.55,2058.0,2084.6,5386,11278833.7,23-APR-2018,1122,INE373A01013,
BASML,EQ,235.0,256.7,235.0,242.5,243.05,237.7,3155,771524.35,23-APR-2018,90,INE186H01014,
BATAINDIA,EQ,802.0,802.0,782.2,785.95,784.45,801.9,874732,693372086.2,23-APR-2018,28067,INE176A01028,
BAYERCROP,EQ,4585.0,4668.75,4540.9,4652.65,4655.0,4587.35,5562,25746605.0,23-APR-2018,1301,INE462A01022,
BBL,EQ,1634.6,1668.0,1633.2,1641.8,1641.0,1632.65,8278,13652602.8,23-APR-2018,696,INE464A01028,
BBTC,EQ,1533.0,1625.0,1503.6,1554.3,1564.0,1536.2,908959,1438191984.9,23-APR-2018,26941,INE050A01025,
BDL,EQ,415.8,421.0,406.5,408.1,407.0,415.6,151209,62825740.35,23-APR-2018,4513,INE171Z01018,
BEARDSELL,EQ,54.25,54.8,54.0,54.3,54.0,53.3,458,24873.8,23-APR-2018,15,INE520H01022,
BEDMUTHA,EQ,23.25,27.65,23.0,26.7,26.65,25.15,367317,9708013.3,23-APR-2018,2553,INE844K01012,
BEL,EQ,132.45,138.9,132.45,137.25,137.2,132.3,8725397,1192242717.35,23-APR-2018,64131,INE263A01024,
BEML,EQ,1090.1,1092.0,1061.45,1067.7,1065.0,1091.95,304820,326963815.35,23-APR-2018,8761,INE258A01016,
BEPL,EQ,213.0,214.5,207.75,208.6,208.25,211.9,648425,136744139.3,23-APR-2018,9067,INE922A01025,
BERGEPAINT,EQ,268.0,270.0,265.55,267.95,268.35,268.6,227450,60985813.05,23-APR-2018,3070,INE463A01038,
BFINVEST,EQ,305.1,311.0,300.5,302.3,303.1,305.45,73220,22394229.75,23-APR-2018,2020,INE878K01010,
BFUTILITIE,EQ,410.1,421.7,407.4,409.3,409.4,411.05,449308,185808952.2,23-APR-2018,9223,INE243D01012,
BGLOBAL,BE,4.6,4.7,4.45,4.7,4.7,4.5,23594,109809.6,23-APR-2018,25,INE224M01013,
BGRENERGY,EQ,111.75,113.0,109.3,109.85,109.7,112.35,54382,6019654.8,23-APR-2018,1015,INE661I01014,
BHAGERIA,EQ,325.0,329.25,316.4,327.4,328.0,319.65,32113,10410741.2,23-APR-2018,966,INE354C01027,
BHAGYANGR,EQ,50.55,52.2,47.45,49.9,49.75,50.5,254104,12803813.9,23-APR-2018,2228,INE458B01036,
BHAGYAPROP,EQ,24.9,26.75,23.6,26.1,26.35,25.45,95562,2481908.5,23-APR-2018,103,INE363W01018,
BHANDARI,EQ,3.25,3.4,3.2,3.35,3.4,3.3,153207,508044.45,23-APR-2018,149,INE474E01029,
BHARATFIN,EQ,1119.0,1166.0,1115.0,1159.55,1163.0,1116.8,1813562,2082688491.5,23-APR-2018,44174,INE180K01011,
BHARATFORG,EQ,764.45,765.0,755.75,759.9,760.0,762.95,549829,418048009.45,23-APR-2018,12852,INE465A01025,
BHARATGEAR,EQ,185.9,187.35,184.0,185.55,184.5,182.9,15083,2804785.3,23-APR-2018,401,INE561C01019,
BHARATRAS,EQ,5538.7,5540.0,5229.0,5425.4,5477.0,5547.7,4287,23047601.15,23-APR-2018,1054,INE838B01013,
BHARATWIRE,EQ,118.7,122.0,116.55,118.7,119.9,118.45,32600,3894801.3,23-APR-2018,468,INE316L01019,
BHARTIARTL,EQ,401.5,406.5,396.85,402.85,404.3,402.0,3780866,1525130499.2,23-APR-2018,43038,INE397D01024,
BHEL,EQ,89.65,90.45,89.05,89.3,89.2,89.35,3518684,315614781.25,23-APR-2018,12908,INE257A01026,
BHUSANSTL,EQ,35.0,35.85,32.5,32.65,32.65,36.05,6652228,222437435.3,23-APR-2018,23558,INE824B01021,
BIGBLOC,EQ,181.0,182.8,176.0,177.7,177.6,179.05,66704,11935383.65,23-APR-2018,838,INE412U01017,
BIL,EQ,406.0,412.7,402.65,403.7,402.95,406.65,2750,1115003.05,23-APR-2018,125,INE828A01016,
BILENERGY,EQ,0.6,0.7,0.6,0.65,0.65,0.65,188415,121008.4,23-APR-2018,148,INE607L01029,
BINANIIND,EQ,95.9,96.75,94.05,95.3,95.6,95.9,66435,6354333.4,23-APR-2018,750,INE071A01013,
BINDALAGRO,EQ,29.7,30.1,28.5,29.4,29.4,29.1,45383,1330046.05,23-APR-2018,472,INE143A01010,
BIOCON,EQ,636.0,640.55,627.0,636.0,637.85,637.55,1530050,969024382.6,23-APR-2018,23648,INE376G01013,
BIOFILCHEM,BE,15.5,15.5,14.3,15.0,15.0,14.8,4140,59300.0,23-APR-2018,19,INE829A01014,
BIRLACABLE,EQ,94.0,98.95,93.15,93.8,94.15,92.35,131669,12606595.3,23-APR-2018,1486,INE800A01015,
BIRLACORPN,EQ,745.0,745.05,737.65,743.05,743.0,743.35,26704,19837767.3,23-APR-2018,1399,INE340A01012,
BIRLAMONEY,BE,75.0,75.0,71.0,72.25,72.5,72.7,38336,2775369.85,23-APR-2018,402,INE865C01022,
BKMINDST,EQ,30.4,31.05,29.5,30.2,30.55,30.3,23333,712080.05,23-APR-2018,126,INE831Q01016,
BLBLIMITED,EQ,8.5,8.5,8.1,8.1,8.1,8.5,6063,49455.2,23-APR-2018,27,INE791A01024,
BLISSGVS,EQ,202.0,206.45,200.5,204.25,203.8,200.25,248502,50754799.25,23-APR-2018,3347,INE416D01022,
BLKASHYAP,EQ,46.9,47.45,46.15,46.7,46.9,47.1,108294,5057853.25,23-APR-2018,784,INE350H01032,
BLS,EQ,155.8,164.4,154.35,159.85,161.0,154.85,379931,60944329.85,23-APR-2018,4891,INE153T01027,
BLUEBLENDS,EQ,20.7,20.7,19.0,19.25,19.1,19.55,17747,338395.85,23-APR-2018,64,INE113O01014,
BLUECHIP,BE,0.25,0.3,0.25,0.3,0.3,0.25,2511,677.75,23-APR-2018,6,INE657B01025,
BLUECOAST,EQ,85.0,89.8,85.0,89.8,89.8,85.55,340,29572.0,23-APR-2018,7,INE472B01011,
BLUEDART,EQ,3847.0,3883.25,3828.05,3847.9,3851.1,3837.05,11711,45046044.8,23-APR-2018,705,INE233B01017,
BLUESTARCO,EQ,797.4,804.9,790.0,794.8,794.0,794.85,43733,34903881.25,23-APR-2018,3362,INE472A01039,
BODALCHEM,EQ,126.0,129.5,125.1,126.9,127.0,126.05,132722,16887842.4,23-APR-2018,2344,INE338D01028,
BOMDYEING,EQ,279.75,288.4,276.5,282.95,283.8,280.15,4296581,1219561702.6,23-APR-2018,26936,INE032A01023,
BOSCHLTD,EQ,19481.0,19819.95,19413.2,19693.1,19632.15,19481.6,21505,424073364.2,23-APR-2018,3838,INE323A01026,
BPCL,EQ,376.0,385.2,373.6,381.35,381.25,371.4,8684457,3293078782.05,23-APR-2018,89573,INE029A01011,
BPL,EQ,84.45,86.0,83.5,84.05,83.8,84.6,324904,27497091.1,23-APR-2018,3808,INE110A01019,
BRFL,EQ,31.5,31.6,29.9,29.9,29.9,31.45,162406,4943952.4,23-APR-2018,916,INE589G01011,
BRIGADE,EQ,252.8,261.05,248.1,249.9,251.0,251.65,54629,13963562.4,23-APR-2018,2307,INE791I01019,
BRITANNIA,EQ,5350.0,5364.8,5304.45,5313.05,5306.55,5322.35,90845,484561183.95,23-APR-2018,13962,INE216A01022,
BRNL,EQ,185.95,186.05,183.0,184.1,183.0,184.55,12559,2326815.35,23-APR-2018,196,INE727S01012,
BROOKS,EQ,90.0,108.8,89.05,108.8,108.8,90.7,629220,66409805.1,23-APR-2018,5215,INE650L01011,
BSE,EQ,823.8,823.8,807.95,813.1,812.65,818.5,59778,48702912.5,23-APR-2018,4044,INE118H01025,
BSELINFRA,EQ,4.5,4.5,4.3,4.35,4.35,4.5,54838,241084.0,23-APR-2018,92,INE395A01016,
BSL,EQ,66.2,68.9,65.8,66.35,66.0,66.55,4448,295938.55,23-APR-2018,93,INE594B01012,
BSLGOLDETF,EQ,2915.0,2954.0,2915.0,2954.0,2954.0,2915.0,6,17529.0,23-APR-2018,6,INF209K01HT2,
BSLNIFTY,EQ,105.25,106.49,105.0,105.01,105.01,105.35,289,30400.83,23-APR-2018,7,INF209K01IR4,
BURNPUR,BE,8.8,8.8,8.25,8.5,8.55,8.5,37259,314675.5,23-APR-2018,101,INE817H01014,
BUTTERFLY,EQ,515.95,520.0,507.05,513.1,512.0,507.05,22137,11325679.3,23-APR-2018,727,INE295F01017,
BVCL,BE,27.6,28.9,27.3,28.9,28.9,27.6,2301,64428.0,23-APR-2018,18,INE139I01011,
BYKE,EQ,200.0,200.0,194.4,194.9,194.5,200.6,31405,6160719.0,23-APR-2018,561,INE319B01014,
CADILAHC,EQ,387.0,401.95,386.1,398.95,398.5,385.15,2019759,802175573.35,23-APR-2018,29753,INE010B01027,
CALSOFT,EQ,28.15,30.6,28.15,30.6,30.6,29.15,17044,504063.1,23-APR-2018,158,INE526B01014,
CAMLINFINE,EQ,104.2,107.3,103.25,105.15,104.8,104.4,384842,40616022.8,23-APR-2018,4322,INE052I01032,
CANBK,EQ,255.3,265.0,251.05,263.15,263.25,258.7,14182770,3681276220.2,23-APR-2018,89904,INE476A01014,
CANDC,EQ,54.0,56.5,51.6,52.05,51.95,53.35,53916,2891583.25,23-APR-2018,273,INE874H01015,
CANFINHOME,EQ,437.8,439.0,431.1,435.4,434.9,433.65,485132,211126775.55,23-APR-2018,11735,INE477A01020,
CANTABIL,BE,141.0,141.0,131.1,138.55,139.0,136.25,13633,1888058.4,23-APR-2018,92,INE068L01016,
CAPACITE,EQ,357.1,369.4,357.1,361.35,361.15,364.1,187129,67916547.4,23-APR-2018,6039,INE264T01014,
CAPF,EQ,641.7,645.55,637.0,638.8,637.7,642.9,177441,113578138.25,23-APR-2018,3689,INE688I01017,
CAPLIPOINT,EQ,600.05,607.0,597.05,600.05,600.0,594.65,12030,7231176.85,23-APR-2018,771,INE475E01026,
CAPTRUST,EQ,427.85,429.95,416.05,417.6,417.0,428.7,1981,835098.55,23-APR-2018,102,INE707C01018,
CARBORUNIV,EQ,367.65,370.0,360.3,366.1,369.0,366.05,52429,19114097.4,23-APR-2018,1206,INE120A01034,
CAREERP,EQ,125.65,127.5,120.8,125.75,127.5,125.8,24142,3009780.35,23-APR-2018,535,INE521J01018,
CARERATING,EQ,1290.0,1290.0,1269.1,1280.55,1284.25,1290.75,18661,23839037.0,23-APR-2018,2992,INE752H01013,
CASTEXTECH,EQ,3.6,3.6,3.55,3.55,3.55,3.7,595818,2120957.55,23-APR-2018,252,INE068D01021,
CASTROLIND,EQ,202.6,203.25,200.0,200.75,200.8,202.2,1000263,201584347.3,23-APR-2018,7250,INE172A01027,
CCCL,EQ,4.05,4.2,3.9,3.9,4.0,3.95,85185,335173.8,23-APR-2018,57,INE429I01024,
CCHHL,EQ,13.0,13.2,12.1,13.0,12.95,13.05,37201,479081.4,23-APR-2018,143,INE652F01027,
CCL,EQ,292.7,292.7,289.8,291.55,290.5,290.3,47870,13932241.65,23-APR-2018,1016,INE421D01022,
CDSL,EQ,296.0,299.45,292.15,295.65,295.0,293.4,908812,268799554.65,23-APR-2018,16802,INE736A01011,
CEATLTD,EQ,1578.4,1578.4,1548.1,1557.75,1557.85,1583.4,646337,1008710902.7,23-APR-2018,18421,INE482A01020,
CEBBCO,EQ,15.9,16.5,14.4,15.1,15.15,15.95,165170,2464980.2,23-APR-2018,356,INE209L01016,
CELEBRITY,EQ,16.7,17.0,16.4,16.9,17.0,16.3,35234,592737.1,23-APR-2018,174,INE185H01016,
CELESTIAL,EQ,13.95,14.35,13.55,13.9,13.85,14.1,24880,346872.75,23-APR-2018,121,INE221I01017,
CENTENKA,EQ,381.2,385.0,374.25,376.4,375.0,377.35,81486,30951003.6,23-APR-2018,1855,INE485A01015,
CENTEXT,EQ,6.05,6.05,5.7,5.8,5.85,5.95,58698,343089.25,23-APR-2018,108,INE281A01026,
CENTRALBK,EQ,69.6,71.0,69.5,70.9,70.45,70.6,1567444,110290667.3,23-APR-2018,2386,INE483A01010,
CENTRUM,EQ,60.3,61.85,60.05,60.35,60.4,61.3,184460,11235456.15,23-APR-2018,2078,INE660C01027,
CENTUM,EQ,545.0,545.0,525.0,530.15,530.1,521.6,1570,833216.95,23-APR-2018,175,INE320B01020,
CENTURYPLY,EQ,349.8,357.0,345.5,353.45,353.0,349.8,184614,65247628.85,23-APR-2018,6586,INE348B01021,
CENTURYTEX,EQ,1213.0,1245.0,1213.0,1239.95,1237.15,1225.85,457842,564150662.6,23-APR-2018,12453,INE055A01016,
CERA,EQ,3177.85,3200.0,3135.0,3142.0,3141.0,3177.85,4415,13951408.8,23-APR-2018,630,INE739E01017,
CEREBRAINT,EQ,72.25,72.75,70.05,71.15,70.9,70.5,1803242,128571077.5,23-APR-2018,6526,INE345B01019,
CESC,EQ,1029.2,1047.4,1021.0,1034.65,1035.5,1027.85,388626,403273601.05,23-APR-2018,12507,INE486A01013,
CGCL,EQ,95.45,95.9,94.15,95.1,95.5,95.45,24084,2292605.7,23-APR-2018,140,INE180C01026,
CGPOWER,EQ,82.8,84.1,82.1,82.55,82.25,83.15,719577,59755436.95,23-APR-2018,3114,INE067A01029,
CHAMBLFERT,EQ,201.4,203.85,194.2,196.85,197.0,201.85,851267,169569596.75,23-APR-2018,9466,INE085A01013,
CHENNPETRO,EQ,327.9,333.0,325.8,330.75,330.4,327.05,387143,127579637.85,23-APR-2018,7848,INE178A01016,
CHOLAFIN,EQ,1562.0,1710.65,1550.75,1666.75,1705.85,1562.35,1368519,2244870267.7,23-APR-2018,43812,INE121A01016,
CHROMATIC,BE,2.15,2.15,2.0,2.0,2.0,2.1,38546,79799.4,23-APR-2018,23,INE662C01015,
CIGNITITEC,BE,239.0,239.0,232.0,233.0,233.0,239.5,4616,1075244.0,23-APR-2018,45,INE675C01017,
CIMMCO,EQ,87.8,95.25,87.5,91.6,91.3,86.6,424992,39985956.75,23-APR-2018,2021,INE184C01028,
CINELINE,EQ,79.4,81.4,78.2,79.8,79.8,79.4,16041,1277596.05,23-APR-2018,343,INE704H01022,
CINEVISTA,EQ,10.55,10.55,9.75,9.9,9.75,10.35,12454,125222.2,23-APR-2018,44,INE039B01026,
CIPLA,EQ,576.0,601.75,576.0,600.15,601.0,589.05,3016500,1789296636.2,23-APR-2018,51069,INE059A01026,
CLEDUCATE,EQ,210.0,215.85,204.3,205.65,207.4,208.35,2718,562461.0,23-APR-2018,943,INE201M01011,
CLNINDIA,EQ,539.95,548.0,534.95,544.55,543.25,539.55,8136,4413794.45,23-APR-2018,595,INE492A01029,
CMICABLES,EQ,276.95,306.0,273.9,302.8,303.9,275.5,489354,145335230.7,23-APR-2018,7757,INE981B01011,
CNOVAPETRO,EQ,36.85,37.0,33.35,35.3,35.3,35.05,1515,54584.8,23-APR-2018,41,INE672K01025,
COALINDIA,EQ,292.0,292.0,288.6,289.8,290.95,292.05,1181306,342533954.15,23-APR-2018,27625,INE522F01014,
COCHINSHIP,EQ,527.05,542.0,522.05,539.9,537.8,530.35,128882,69205724.95,23-APR-2018,3889,INE704P01017,
COFFEEDAY,EQ,309.0,331.9,309.0,325.75,325.0,309.45,1016178,328584072.85,23-APR-2018,11295,INE335K01011,
COLPAL,EQ,1102.1,1109.75,1100.3,1105.2,1106.5,1102.2,326504,361246948.95,23-APR-2018,15916,INE259A01022,
COMPINFO,EQ,43.6,43.6,41.25,41.6,41.25,41.85,41640,1773184.75,23-APR-2018,281,INE070C01037,
COMPUSOFT,EQ,14.9,15.0,13.35,14.25,14.35,14.8,60832,867140.2,23-APR-2018,310,INE453B01029,
CONCOR,EQ,1345.1,1351.0,1306.35,1330.25,1336.0,1344.6,477015,637044305.0,23-APR-2018,45687,INE111A01017,
CONSOFINVT,EQ,67.0,67.0,63.5,63.7,63.75,65.4,2104,136108.8,23-APR-2018,37,INE025A01027,
CONTROLPR,EQ,437.0,450.95,435.75,439.05,440.05,437.25,57868,25475500.75,23-APR-2018,727,INE663B01015,
CORALFINAC,EQ,30.8,31.4,30.0,30.75,30.8,30.95,17860,550390.25,23-APR-2018,296,INE558D01021,
CORDSCABLE,EQ,91.8,95.0,88.4,92.9,91.8,88.75,49183,4533185.9,23-APR-2018,283,INE792I01017,
COROMANDEL,EQ,534.0,541.85,527.0,528.95,527.45,530.0,75643,40389898.85,23-APR-2018,2467,INE169A01031,
CORPBANK,EQ,29.8,30.45,29.8,30.0,30.0,30.05,111058,3343877.75,23-APR-2018,477,INE112A01023,
COSMOFILMS,EQ,272.0,275.2,271.05,273.25,273.85,270.45,7522,2052502.1,23-APR-2018,300,INE757A01017,
COUNCODOS,EQ,3.05,3.05,2.95,3.0,3.0,3.05,2695,8076.0,23-APR-2018,11,INE695B01025,
COX&KINGS,EQ,236.8,238.45,233.85,235.95,235.6,235.05,54938,13011036.9,23-APR-2018,1462,INE008I01026,
CPSEETF,EQ,28.0,28.09,27.92,28.02,27.94,27.98,558971,15668995.75,23-APR-2018,1191,INF457M01133,
CREATIVEYE,EQ,4.05,4.05,4.0,4.05,4.05,3.9,5701,23086.55,23-APR-2018,8,INE230B01021,
CREST,EQ,216.0,222.8,210.55,212.35,214.0,210.5,9568,2059385.25,23-APR-2018,296,INE559D01011,
CRISIL,EQ,1957.8,1962.35,1920.0,1958.8,1955.0,1938.75,22691,44324094.7,23-APR-2018,1771,INE007A01025,
CRMFGETF,EQ,2960.0,3227.7,2850.0,2914.0,2914.0,2921.0,1032,3007886.4,23-APR-2018,10,INF760K01BR1,
CROMPTON,EQ,229.45,232.95,226.85,230.75,231.5,229.65,671342,155073537.05,23-APR-2018,9207,INE299U01018,
CTE,EQ,64.0,64.15,63.5,64.0,64.0,62.9,6857,438956.7,23-APR-2018,29,INE627H01017,
CUB,EQ,180.0,181.2,179.0,180.65,180.0,179.9,250605,45118448.5,23-APR-2018,16684,INE491A01021,
CUBEXTUB,BE,22.15,23.0,22.15,23.0,23.0,22.0,842,18886.5,23-APR-2018,12,INE144D01012,
CUMMINSIND,EQ,753.0,753.0,732.0,735.55,736.0,752.5,796666,590488642.75,23-APR-2018,10060,INE298A01020,
CUPID,EQ,284.25,292.0,281.0,281.95,281.5,283.75,20917,5938315.6,23-APR-2018,680,INE509F01011,
CYBERMEDIA,BE,12.0,12.0,12.0,12.0,12.0,12.0,410,4920.0,23-APR-2018,4,INE278G01037,
CYBERTECH,EQ,69.0,71.5,68.95,69.55,69.25,68.25,21530,1508701.35,23-APR-2018,183,INE214A01019,
CYIENT,EQ,701.8,729.0,701.75,717.25,718.55,710.15,1173321,845941134.75,23-APR-2018,45231,INE136B01020,
DAAWAT,EQ,94.8,94.8,92.75,93.15,92.95,94.8,734826,68965002.15,23-APR-2018,5361,INE818H01020,
DABUR,EQ,354.8,363.35,353.75,357.6,358.0,355.15,993987,356259614.85,23-APR-2018,25793,INE016A01026,
DALMIABHA,EQ,2911.0,3034.5,2911.0,3002.3,3000.05,2902.4,203084,608134773.15,23-APR-2018,19088,INE439L01019,
DALMIASUG,EQ,64.7,66.1,63.5,63.75,64.65,64.7,113997,7367492.7,23-APR-2018,1469,INE495A01022,
DAMODARIND,EQ,135.0,136.7,133.0,135.25,135.25,134.3,9024,1218638.7,23-APR-2018,160,INE497D01014,
DATAMATICS,EQ,132.0,139.5,131.1,136.45,137.0,130.9,553698,75512473.75,23-APR-2018,6535,INE365B01017,
DBCORP,EQ,312.0,317.8,308.2,316.25,317.8,312.75,21582,6780850.25,23-APR-2018,1206,INE950I01011,
DBL,EQ,1151.0,1162.0,1132.0,1134.4,1133.8,1129.25,157833,179992649.35,23-APR-2018,7558,INE917M01012,
DBREALTY,EQ,57.15,60.4,56.9,58.55,58.5,57.35,710501,41769897.4,23-APR-2018,5332,INE879I01012,
DBSTOCKBRO,EQ,8.6,8.6,8.6,8.6,8.6,8.6,20,172.0,23-APR-2018,1,INE921B01025,
DCAL,EQ,342.0,342.0,330.3,336.4,339.0,339.65,97406,32785837.05,23-APR-2018,4021,INE385W01011,
DCBBANK,EQ,194.85,200.25,192.55,196.45,195.8,194.5,2870957,566778057.6,23-APR-2018,19388,INE503A01015,
DCM,EQ,100.0,101.0,98.45,99.6,99.45,101.3,12482,1241727.6,23-APR-2018,168,INE498A01018,
DCMSHRIRAM,EQ,443.9,450.0,435.0,435.85,435.55,443.3,157268,69071554.4,23-APR-2018,3361,INE499A01024,
DCW,EQ,35.0,35.0,34.1,34.6,34.6,35.0,321678,11134331.55,23-APR-2018,1313,INE500A01029,
DECCANCE,EQ,507.0,513.0,503.05,508.05,508.8,507.45,1257,637655.9,23-APR-2018,84,INE583C01021,
DEEPAKFERT,EQ,390.2,390.8,380.6,383.25,386.0,390.55,158645,61191658.05,23-APR-2018,3195,INE501A01019,
DEEPAKNTR,EQ,248.5,259.8,246.9,258.45,259.8,249.75,375515,95454585.75,23-APR-2018,8609,INE288B01029,
DEEPIND,EQ,162.3,162.55,157.0,158.1,158.0,162.35,69817,11091892.2,23-APR-2018,1696,INE677H01012,
DELTACORP,EQ,287.95,291.9,280.1,284.65,287.5,287.45,2572446,740024512.25,23-APR-2018,25893,INE124G01033,
DEN,EQ,101.7,101.85,99.2,99.7,99.3,102.2,130150,13045938.25,23-APR-2018,1692,INE947J01015,
DENABANK,EQ,18.5,18.7,18.3,18.35,18.4,18.45,962972,17736032.85,23-APR-2018,1676,INE077A01010,
DENORA,BE,439.0,448.0,420.55,443.2,440.0,440.75,3615,1587502.1,23-APR-2018,144,INE244A01016,
DFMFOODS,EQ,1486.0,1499.1,1460.0,1468.2,1469.9,1485.0,813,1203527.05,23-APR-2018,101,INE456C01012,
DHAMPURSUG,EQ,99.0,104.0,96.0,97.4,98.2,99.4,1217078,121405101.35,23-APR-2018,11687,INE041A01016,
DHANBANK,EQ,22.0,22.45,21.75,22.0,21.95,22.05,152698,3345912.2,23-APR-2018,750,INE680A01011,
DHANUKA,EQ,586.3,602.0,586.3,597.5,598.25,591.35,9201,5501250.05,23-APR-2018,890,INE435G01025,
DHARSUGAR,BE,19.0,19.2,18.05,19.2,19.2,18.3,15005,285480.3,23-APR-2018,72,INE988C01014,
DHFL,EQ,587.0,600.0,577.35,581.35,581.15,585.3,4953546,2930550428.1,23-APR-2018,32937,INE202B01012,
DHUNINV,EQ,393.05,403.95,390.15,394.55,390.15,393.4,2112,841870.35,23-APR-2018,139,INE320L01011,
DIAMONDYD,EQ,1376.55,1420.0,1376.55,1393.1,1390.0,1401.95,3681,5161145.55,23-APR-2018,464,INE393P01035,
DIAPOWER,EQ,4.45,4.45,4.45,4.45,4.45,4.65,29869,132917.05,23-APR-2018,79,INE989C01012,
DICIND,EQ,475.4,508.0,466.15,475.9,480.0,471.7,1683,811740.8,23-APR-2018,185,INE303A01010,
DIGJAMLTD,EQ,10.45,10.7,9.8,10.45,10.55,10.05,84882,873177.4,23-APR-2018,330,INE731U01010,
DISHTV,EQ,78.3,80.0,77.1,77.75,77.3,78.4,5095979,401487676.95,23-APR-2018,19004,INE836F01026,
DIVISLAB,EQ,1199.95,1199.95,1175.05,1178.45,1176.5,1194.25,335330,396361389.9,23-APR-2018,11668,INE361B01024,
DIXON,EQ,3395.0,3516.0,3395.0,3415.95,3404.0,3394.65,15870,54676497.8,23-APR-2018,2659,INE935N01012,
DLF,EQ,210.6,214.55,209.0,212.05,211.6,210.75,4855224,1028982632.35,23-APR-2018,39189,INE271C01023,
DLINKINDIA,BE,102.6,109.0,101.7,108.65,108.55,103.85,133165,14334207.85,23-APR-2018,1219,INE250K01012,
DMART,EQ,1475.0,1496.4,1475.0,1489.5,1489.5,1475.4,374689,557524551.0,23-APR-2018,25846,INE192R01011,
DNAMEDIA,EQ,8.4,8.7,8.4,8.45,8.45,8.4,22882,196434.95,23-APR-2018,56,INE016M01021,
DOLLAR,EQ,422.05,431.95,422.05,428.4,429.7,422.75,6424,2753379.8,23-APR-2018,156,INE325C01035,
DOLPHINOFF,EQ,94.5,96.0,93.15,93.6,93.6,94.85,115596,10901550.0,23-APR-2018,2029,INE920A01011,
DONEAR,EQ,57.95,59.4,56.0,58.3,58.0,56.8,23817,1378062.3,23-APR-2018,140,INE668D01028,
DPL,EQ,141.55,147.95,140.0,141.45,140.5,142.95,14469,2068878.9,23-APR-2018,190,INE477B01010,
DPSCLTD,EQ,27.35,27.55,26.0,26.75,26.5,27.3,32927,883968.3,23-APR-2018,255,INE360C01024,
DQE,BE,12.9,13.55,12.7,13.45,13.45,13.3,3264,41786.7,23-APR-2018,14,INE656K01010,
DREDGECORP,EQ,623.0,629.0,619.0,623.9,623.9,624.8,97292,60676189.1,23-APR-2018,3899,INE506A01018,
DRREDDY,EQ,2123.4,2142.0,2095.0,2135.55,2138.9,2121.9,545145,1157598529.4,23-APR-2018,17961,INE089A01023,
DSSL,EQ,44.6,44.6,40.55,43.65,44.0,42.4,11261,492790.2,23-APR-2018,139,INE417B01040,
DTIL,EQ,297.0,317.45,297.0,307.9,312.0,293.45,7415,2275281.35,23-APR-2018,228,INE341R01014,
DUCON,EQ,31.1,31.1,29.9,30.15,30.25,30.4,145334,4399909.4,23-APR-2018,654,INE741L01018,
DWARKESH,EQ,24.0,25.5,24.0,24.85,25.2,23.9,999104,24672654.5,23-APR-2018,3532,INE366A01041,
DYNAMATECH,EQ,1925.05,1962.05,1925.0,1944.25,1930.05,1929.15,1312,2557658.35,23-APR-2018,165,INE221B01012,
DYNPRO,EQ,178.95,188.0,175.45,186.75,185.7,174.25,64342,11697849.45,23-APR-2018,1881,INE256H01015,
EASTSILK,EQ,3.65,3.85,3.55,3.6,3.7,3.75,58963,214057.0,23-APR-2018,99,INE962C01027,
EASUNREYRL,EQ,19.3,20.4,18.55,19.9,20.0,19.45,33790,674849.1,23-APR-2018,248,INE268C01029,
EBANK,EQ,2400.0,2400.0,2400.0,2400.0,2400.0,2400.0,5,12000.0,23-APR-2018,1,INF754K01EL1,
ECEIND,EQ,310.0,316.75,300.55,307.0,306.45,319.95,856,262839.55,23-APR-2018,56,INE588B01014,
ECLERX,EQ,1360.0,1397.0,1318.5,1343.05,1327.0,1350.55,104085,143039170.35,23-APR-2018,16512,INE738I01010,
EDELWEISS,EQ,266.4,273.45,265.25,268.0,268.55,269.55,2379478,637762520.1,23-APR-2018,27214,INE532F01054,
EDL,BE,32.25,33.45,31.5,31.65,31.65,32.4,16094,520965.25,23-APR-2018,63,INE180G01019,
EICHERMOT,EQ,31399.95,31399.95,31000.0,31065.2,31050.0,31148.7,25698,800618143.05,23-APR-2018,7035,INE066A01013,
EIDPARRY,EQ,267.8,276.85,267.8,273.0,274.0,267.65,52510,14344219.25,23-APR-2018,1285,INE126A01031,
EIHAHOTELS,EQ,610.85,627.0,593.6,602.5,602.0,610.85,64000,39047431.85,23-APR-2018,3569,INE276C01014,
EIHOTEL,EQ,193.0,196.5,190.9,191.65,191.1,193.5,563078,108392006.1,23-APR-2018,5596,INE230A01023,
EIMCOELECO,EQ,474.6,474.8,440.0,447.05,440.4,441.5,4728,2121933.3,23-APR-2018,104,INE158B01016,
EKC,EQ,53.65,54.4,52.6,53.0,52.8,53.75,450722,24160688.6,23-APR-2018,3565,INE184H01027,
ELAND,EQ,12.1,12.45,12.1,12.35,12.35,12.15,8720,107639.0,23-APR-2018,16,INE311H01018,
ELECON,EQ,85.85,86.0,84.3,84.55,84.55,85.85,182778,15576006.25,23-APR-2018,1969,INE205B01023,
ELECTCAST,EQ,30.15,31.85,30.15,31.05,31.15,30.95,310471,9727003.3,23-APR-2018,1227,INE086A01029,
ELECTHERM,EQ,164.8,167.65,158.15,160.4,160.0,163.55,7747,1252530.4,23-APR-2018,292,INE822G01016,
ELGIEQUIP,EQ,265.95,266.0,258.6,259.4,258.6,262.75,109451,28576869.35,23-APR-2018,893,INE285A01027,
ELGIRUBCO,EQ,41.6,42.75,41.4,41.45,41.4,41.75,18252,767903.05,23-APR-2018,134,INE819L01012,
EMAMIINFRA,EQ,293.2,302.8,291.85,293.9,294.0,291.8,75679,22496710.8,23-APR-2018,1882,INE778K01012,
EMAMILTD,EQ,1145.9,1151.0,1111.5,1141.55,1140.0,1145.55,122790,139767368.95,23-APR-2018,7221,INE548C01032,
EMCO,EQ,14.85,14.85,14.25,14.25,14.25,14.95,122141,1763174.05,23-APR-2018,252,INE078A01026,
EMKAY,EQ,165.25,166.95,162.0,163.35,162.5,164.65,14137,2318085.3,23-APR-2018,312,INE296H01011,
EMMBI,EQ,181.0,185.9,180.5,181.05,181.05,180.5,9420,1721492.5,23-APR-2018,246,INE753K01015,
ENDURANCE,EQ,1337.9,1345.0,1306.0,1326.3,1345.0,1310.35,57680,76090201.1,23-APR-2018,2451,INE913H01037,
ENERGYDEV,EQ,22.4,22.55,21.4,22.3,22.25,22.4,38780,846611.9,23-APR-2018,225,INE306C01019,
ENGINERSIN,EQ,153.5,154.25,150.75,153.65,153.5,152.35,1994177,303945215.3,23-APR-2018,17938,INE510A01028,
ENIL,EQ,690.6,702.0,690.5,691.45,691.1,690.4,6093,4228847.7,23-APR-2018,179,INE265F01028,
EON,EQ,86.85,87.0,84.0,85.65,85.8,84.65,7821,670875.05,23-APR-2018,107,INE076H01025,
EQ30,EQ,255.0,255.0,255.0,255.0,255.0,253.94,4,1020.0,23-APR-2018,1,INF754K01EM9,
EQUITAS,EQ,150.8,151.5,148.65,149.45,149.35,150.8,1084592,162361633.95,23-APR-2018,6018,INE988K01017,
ERIS,EQ,794.85,807.95,780.7,786.15,782.2,798.0,24521,19558697.3,23-APR-2018,824,INE406M01024,
EROSMEDIA,EQ,173.6,177.4,172.5,174.75,174.7,173.9,284693,49709590.1,23-APR-2018,4145,INE416L01017,
ESABINDIA,EQ,713.3,715.0,705.05,707.4,705.1,713.3,2631,1865554.6,23-APR-2018,128,INE284A01012,
ESCORTS,EQ,965.0,972.5,953.6,957.7,956.2,962.0,802061,773113380.85,23-APR-2018,23913,INE042A01014,
ESL,EQ,2.55,2.55,2.55,2.55,2.55,2.65,1121390,2859544.5,23-APR-2018,414,INE481K01013,
ESSARSHPNG,EQ,23.4,23.5,23.15,23.2,23.2,23.45,16158,377167.4,23-APR-2018,122,INE122M01019,
ESSDEE,BE,53.8,55.85,51.1,54.35,54.75,53.55,6630,352421.35,23-APR-2018,78,INE825H01017,
ESSELPACK,EQ,265.0,271.0,260.0,270.1,266.5,265.5,24524,6557109.75,23-APR-2018,963,INE255A01020,
ESTER,EQ,73.5,74.0,71.05,73.15,73.15,72.6,65782,4806514.85,23-APR-2018,532,INE778B01029,
EUROCERA,EQ,5.25,5.25,5.05,5.1,5.05,5.15,34636,177748.8,23-APR-2018,80,INE649H01011,
EUROTEXIND,EQ,34.2,36.95,34.0,34.1,34.1,35.1,2463,84574.1,23-APR-2018,63,INE022C01012,
EVEREADY,EQ,326.75,337.0,321.05,323.05,322.4,328.05,257350,84251611.75,23-APR-2018,5930,INE128A01029,
EVERESTIND,EQ,511.2,534.55,497.05,499.45,500.0,493.55,214342,109791860.5,23-APR-2018,5428,INE295A01018,
EXCEL,EQ,20.7,21.85,20.3,21.15,21.4,20.85,1052923,22669244.15,23-APR-2018,603,INE688J01015,
EXCELCROP,EQ,3620.0,3620.0,3530.5,3578.75,3577.0,3565.65,14651,52480480.75,23-APR-2018,519,INE223G01017,
EXCELINDUS,EQ,1317.55,1349.0,1300.1,1328.05,1348.9,1312.55,49372,65471380.7,23-APR-2018,2969,INE369A01029,
EXIDEIND,EQ,242.0,246.85,242.0,244.85,245.25,242.9,1948091,476205433.8,23-APR-2018,19549,INE302A01020,
FACT,EQ,55.7,56.65,55.3,55.8,55.8,55.9,86097,4809403.15,23-APR-2018,1014,INE188A01015,
FAIRCHEM,EQ,470.0,496.0,470.0,480.85,488.7,464.3,21513,10428366.7,23-APR-2018,767,INE959A01019,
FCL,EQ,82.0,83.4,81.2,81.7,81.2,82.5,676414,55520334.8,23-APR-2018,3780,INE045J01026,
FCONSUMER,EQ,58.7,59.6,58.2,58.9,58.6,58.95,2348865,138335276.45,23-APR-2018,6229,INE220J01025,
FCSSOFT,BE,0.35,0.35,0.3,0.35,0.35,0.3,364409,121502.45,23-APR-2018,108,INE512B01022,
FDC,EQ,257.65,258.85,255.2,256.5,256.65,258.4,19747,5084219.0,23-APR-2018,841,INE258B01022,
FEDDERELEC,EQ,69.45,71.55,68.4,69.9,70.2,68.3,148105,10399790.95,23-APR-2018,1193,INE249C01011,
FEDERALBNK,EQ,96.95,98.3,95.8,97.15,97.2,96.8,7381564,716372930.4,23-APR-2018,24419,INE171A01029,
FEL,EQ,37.35,38.25,37.2,37.95,38.05,37.6,597343,22520638.7,23-APR-2018,2918,INE623B01027,
FELDVR,EQ,37.65,38.4,37.05,37.6,38.05,37.65,9787,366555.8,23-APR-2018,130,IN9623B01058,
FIEMIND,EQ,943.0,943.0,930.0,935.0,935.0,938.35,2908,2717682.05,23-APR-2018,212,INE737H01014,
FILATEX,EQ,177.65,193.5,177.65,190.45,192.55,177.45,280777,52721988.5,23-APR-2018,5060,INE816B01019,
FINCABLES,EQ,691.15,694.5,686.0,688.0,689.0,691.7,12898,8887900.55,23-APR-2018,926,INE235A01022,
FINPIPE,EQ,658.7,665.0,657.9,659.3,659.0,657.85,14200,9388631.3,23-APR-2018,709,INE183A01016,
FLEXITUFF,EQ,69.0,70.75,65.5,66.35,67.25,66.05,8067,542711.1,23-APR-2018,168,INE060J01017,
FLFL,EQ,432.2,455.0,432.2,453.75,453.5,436.05,125541,56621106.8,23-APR-2018,7547,INE452O01016,
FMGOETZE,EQ,454.35,472.0,451.0,464.05,462.0,455.4,16876,7838181.95,23-APR-2018,2187,INE529A01010,
FMNL,EQ,136.8,144.0,133.15,140.8,140.15,136.6,313762,43895498.9,23-APR-2018,4522,INE360L01017,
FORTIS,EQ,149.5,151.95,149.0,150.45,150.8,149.65,3283918,494159201.85,23-APR-2018,27867,INE061F01013,
FORTUNEFIN,EQ,240.0,245.95,240.0,243.05,244.0,244.45,766,186385.9,23-APR-2018,34,INE924D01017,
FOSECOIND,EQ,1594.0,1605.0,1557.4,1575.9,1560.0,1578.35,2554,4051322.55,23-APR-2018,335,INE519A01011,
FRETAIL,EQ,595.5,609.0,588.7,605.65,605.0,597.9,257835,154686576.5,23-APR-2018,9965,INE752P01024,
FSC,EQ,710.0,726.0,700.0,710.05,713.85,707.0,59798,42587860.4,23-APR-2018,4935,INE935Q01015,
FSL,EQ,59.65,61.2,59.5,60.8,61.05,59.7,7198733,436476563.65,23-APR-2018,19268,INE684F01012,
GABRIEL,EQ,154.9,158.0,154.0,155.15,154.8,153.9,94317,14668121.7,23-APR-2018,2018,INE524A01029,
GAEL,EQ,276.0,303.9,276.0,297.05,300.0,276.25,841387,248572715.9,23-APR-2018,8834,INE036B01022,
GAIL,EQ,332.7,335.4,327.6,332.55,333.0,330.55,2550590,848186609.75,23-APR-2018,39070,INE129A01019,
GAL,BE,7.5,7.65,7.15,7.5,7.5,7.5,118193,887966.8,23-APR-2018,64,INE482J01021,
GALAXYSURF,EQ,1462.0,1525.0,1451.45,1489.5,1478.0,1452.7,47681,71346642.3,23-APR-2018,2981,INE600K01018,
GALLANTT,BE,40.0,41.7,39.5,41.7,41.7,40.4,19543,794611.65,23-APR-2018,69,INE297H01019,
GALLISPAT,EQ,305.0,315.85,300.0,307.2,308.0,307.85,4793,1459623.85,23-APR-2018,200,INE528K01011,
GAMMNINFRA,EQ,2.45,2.6,2.45,2.45,2.5,2.45,2514207,6332924.35,23-APR-2018,696,INE181G01025,
GANDHITUBE,EQ,383.9,389.9,382.1,383.1,383.15,383.75,3340,1283694.6,23-APR-2018,113,INE524B01027,
GANECOS,EQ,388.75,397.9,386.45,390.05,395.0,396.65,6427,2505492.75,23-APR-2018,274,INE845D01014,
GANESHHOUC,EQ,143.0,144.0,138.35,139.6,139.5,134.65,588468,82943133.75,23-APR-2018,6605,INE460C01014,
GANGESSECU,EQ,79.5,79.5,76.0,76.0,76.0,76.0,51,3879.5,23-APR-2018,3,INE335W01016,
GARDENSILK,EQ,35.9,36.5,35.1,35.65,35.65,35.9,25681,918600.55,23-APR-2018,272,INE526A01016,
GARWALLROP,EQ,960.0,982.0,951.15,975.5,975.95,951.6,37650,36697860.45,23-APR-2018,2861,INE276A01018,
GATI,EQ,100.95,101.0,99.5,100.75,100.6,100.15,233449,23421212.55,23-APR-2018,2503,INE152B01027,
GAYAPROJ,EQ,200.35,201.95,197.55,199.75,198.95,199.5,40801,8132634.7,23-APR-2018,589,INE336H01023,
GDL,EQ,180.9,180.9,177.8,179.8,179.8,179.6,23538,4214163.1,23-APR-2018,630,INE852F01015,
GEECEE,EQ,137.0,138.8,135.1,135.45,135.15,136.4,6789,923254.85,23-APR-2018,167,INE916G01016,
GEMINI,BE,1.0,1.0,0.95,1.0,1.0,1.0,1618,1613.0,23-APR-2018,6,INE878C01033,
GENESYS,EQ,280.0,289.75,275.0,285.2,287.0,279.5,100545,28697664.65,23-APR-2018,1516,INE727B01026,
GENUSPAPER,EQ,12.25,12.9,12.25,12.6,12.55,12.6,96533,1221177.05,23-APR-2018,246,INE949P01018,
GENUSPOWER,EQ,58.5,58.55,56.05,56.65,56.75,58.65,389623,22275595.75,23-APR-2018,2494,INE955D01029,
GEOJITFSL,EQ,101.4,106.95,101.4,106.2,106.25,101.15,295463,31115285.3,23-APR-2018,2761,INE007B01023,
GEPIL,EQ,854.0,885.0,854.0,881.45,881.0,852.85,12025,10497575.95,23-APR-2018,923,INE878A01011,
GESHIP,EQ,351.0,391.25,350.2,377.55,376.9,353.95,249257,93391151.15,23-APR-2018,14932,INE017A01032,
GET&D,EQ,384.0,388.75,375.8,383.2,382.0,384.0,23555,9032367.85,23-APR-2018,1098,INE200A01026,
GHCL,EQ,294.95,294.95,286.85,288.05,288.0,293.0,143405,41601491.2,23-APR-2018,2142,INE539A01019,
GICHSGFIN,EQ,402.0,405.7,398.0,399.95,399.55,402.05,82172,33035641.45,23-APR-2018,3087,INE289B01019,
GICRE,EQ,719.1,724.5,709.6,711.2,712.5,722.5,44376,31697404.15,23-APR-2018,2624,INE481Y01014,
GILLANDERS,EQ,71.0,73.0,70.1,72.6,72.9,71.85,2690,194979.2,23-APR-2018,25,INE047B01011,
GILLETTE,EQ,6554.0,6554.0,6530.0,6547.6,6542.5,6554.0,2765,18101635.9,23-APR-2018,824,INE322A01010,
GINNIFILA,EQ,31.45,32.35,31.05,31.55,31.55,31.55,131610,4187259.1,23-APR-2018,545,INE424C01010,
GIPCL,EQ,103.35,104.45,103.05,103.65,103.5,103.1,23450,2429316.8,23-APR-2018,350,INE162A01010,
GITANJALI,EQ,3.95,3.95,3.95,3.95,3.95,4.15,133094,525721.3,23-APR-2018,276,INE346H01014,
GKWLIMITED,EQ,592.7,592.7,552.1,552.1,552.1,564.3,681,383394.7,23-APR-2018,28,INE528A01020,
GLAXO,EQ,2435.75,2440.05,2405.0,2418.55,2405.0,2431.1,7848,19017082.65,23-APR-2018,1534,INE159A01016,
GLENMARK,EQ,570.0,583.4,568.85,579.65,580.5,571.2,551306,318450570.85,23-APR-2018,14041,INE935A01035,
GLOBALVECT,EQ,125.15,130.9,125.15,129.05,128.2,126.55,24099,3128068.75,23-APR-2018,300,INE792H01019,
GLOBOFFS,EQ,27.1,27.9,26.6,27.8,27.75,27.85,12944,355956.75,23-APR-2018,115,INE446C01013,
GLOBUSSPR,EQ,144.5,144.5,138.3,140.7,140.5,144.45,76801,10828743.8,23-APR-2018,1631,INE615I01010,
GMBREW,EQ,1036.6,1038.95,1022.0,1025.65,1024.0,1041.0,37558,38648873.95,23-APR-2018,3498,INE075D01018,
GMDCLTD,EQ,144.85,146.85,141.6,142.35,142.0,145.5,72454,10429891.1,23-APR-2018,1111,INE131A01031,
GMMPFAUDLR,EQ,739.0,778.0,739.0,767.3,765.05,735.05,7277,5517062.5,23-APR-2018,541,INE541A01023,
GMRINFRA,EQ,19.5,20.05,19.35,19.65,19.7,19.5,23490369,462865717.4,23-APR-2018,10828,INE776C01039,
GNA,EQ,553.0,572.0,547.0,567.6,569.05,549.85,210722,118649739.15,23-APR-2018,5343,INE934S01014,
GNFC,EQ,448.0,451.3,416.5,429.8,429.8,445.5,2246535,976236071.05,23-APR-2018,32772,INE113A01013,
GOACARBON,EQ,894.0,902.2,872.2,877.0,875.0,893.35,111356,98975570.2,23-APR-2018,4291,INE426D01013,
GOCLCORP,EQ,518.55,518.55,494.75,510.3,514.95,505.6,15412,7852660.35,23-APR-2018,404,INE077F01035,
GODFRYPHLP,EQ,897.75,899.95,885.75,892.15,894.0,896.2,40006,35660812.65,23-APR-2018,2083,INE260B01028,
GODREJAGRO,EQ,719.1,738.0,712.0,716.3,713.0,717.25,407389,296341302.35,23-APR-2018,11363,INE850D01014,
GODREJCP,EQ,1127.45,1139.8,1107.5,1114.85,1120.0,1119.55,375785,424631117.65,23-APR-2018,16009,INE102D01028,
GODREJIND,EQ,600.85,604.15,595.1,597.25,595.6,602.9,146781,87850804.95,23-APR-2018,3757,INE233A01035,
GODREJPROP,EQ,782.0,828.05,779.0,812.0,813.55,779.6,512881,416756652.2,23-APR-2018,48641,INE484J01027,
GOKEX,EQ,94.8,99.5,93.6,96.65,97.0,94.5,322171,31345468.55,23-APR-2018,2584,INE887G01027,
GOKUL,EQ,16.35,16.45,15.8,16.3,16.2,15.8,5396,87396.5,23-APR-2018,25,INE020J01029,
GOKULAGRO,EQ,23.3,23.35,22.05,22.8,23.0,22.8,57048,1307967.35,23-APR-2018,155,INE314T01025,
GOLDBEES,EQ,2804.0,2804.65,2794.4,2801.3,2801.65,2804.7,12778,35797189.65,23-APR-2018,1222,INF732E01102,
GOLDENTOBC,BE,61.0,65.3,61.0,62.1,62.1,62.2,560,34890.0,23-APR-2018,4,INE973A01010,
GOLDIAM,EQ,84.9,85.9,76.3,77.25,76.55,85.6,162262,12939469.35,23-APR-2018,2205,INE025B01017,
GOLDINFRA,EQ,177.9,177.9,171.65,173.5,174.5,176.75,39631,6888999.5,23-APR-2018,757,INE260D01016,
GOLDSHARE,EQ,2824.45,2825.0,2801.1,2821.65,2824.0,2827.75,968,2726073.15,23-APR-2018,110,INF789F01059,
GOLDTECH,EQ,12.35,13.5,12.35,13.1,13.35,13.5,15907,208461.25,23-APR-2018,37,INE805A01014,
GOODLUCK,BE,89.0,93.7,88.0,91.95,92.0,89.85,20228,1854268.1,23-APR-2018,133,INE127I01024,
GPIL,EQ,554.15,568.15,535.0,540.4,536.25,557.15,185788,102485923.85,23-APR-2018,3703,INE177H01013,
GPPL,EQ,142.25,142.35,140.15,140.65,140.35,142.2,67162,9472165.65,23-APR-2018,2820,INE517F01014,
GPTINFRA,EQ,189.0,189.0,181.8,183.5,182.35,185.6,18133,3358897.45,23-APR-2018,210,INE390G01014,
GRANULES,EQ,107.5,111.25,106.55,110.6,110.35,107.2,2414937,264670284.65,23-APR-2018,11978,INE101D01020,
GRAPHITE,EQ,712.4,718.65,695.0,698.7,697.45,706.3,1513726,1068850639.25,23-APR-2018,40407,INE371A01025,
GRASIM,EQ,1102.8,1106.05,1082.0,1085.1,1086.15,1100.8,674389,735796218.4,23-APR-2018,27154,INE047A01021,
GRAVITA,EQ,176.0,178.0,174.8,175.25,174.8,177.1,62111,10916728.75,23-APR-2018,1083,INE024L01027,
GREAVESCOT,EQ,128.0,128.95,125.65,127.55,126.6,127.8,375607,47762312.1,23-APR-2018,12528,INE224A01026,
GREENFIRE,BE,0.05,0.05,0.05,0.05,0.05,0.05,1000,50.0,23-APR-2018,1,INE217G01027,
GREENLAM,EQ,1210.1,1246.95,1194.65,1219.15,1210.05,1229.25,1196,1453466.55,23-APR-2018,154,INE544R01013,
GREENPLY,EQ,314.0,315.05,308.0,309.45,311.9,314.15,61188,19052838.65,23-APR-2018,3069,INE461C01038,
GREENPOWER,EQ,9.85,10.45,9.5,9.65,9.65,9.65,206017,2011557.8,23-APR-2018,311,INE999K01014,
GRINDWELL,EQ,510.0,514.9,501.4,510.25,510.0,509.15,11483,5846463.15,23-APR-2018,655,INE536A01023,
GROBTEA,BE,1200.0,1200.0,1145.0,1147.2,1145.0,1170.35,234,271058.8,23-APR-2018,31,INE646C01018,
GRPLTD,EQ,1299.0,1300.0,1265.3,1280.35,1280.0,1267.35,1076,1389845.25,23-APR-2018,46,INE137I01015,
GRUH,EQ,654.5,676.95,650.0,669.4,668.0,656.2,306225,204958805.8,23-APR-2018,8574,INE580B01029,
GSCLCEMENT,EQ,30.5,31.25,29.9,30.75,30.8,30.35,59959,1843583.5,23-APR-2018,212,INE542A01039,
GSFC,EQ,132.05,133.7,129.75,130.35,130.25,133.0,1109833,145743071.3,23-APR-2018,8719,INE026A01025,
GSKCONS,EQ,5951.0,5976.65,5917.0,5936.45,5930.0,5950.9,19318,114586454.85,23-APR-2018,1781,INE264A01014,
GSPL,EQ,188.0,192.0,186.15,188.25,186.15,188.15,607044,115126215.5,23-APR-2018,8125,INE246F01010,
GSS,EQ,69.0,75.65,69.0,70.05,70.05,69.35,2312373,165757547.25,23-APR-2018,10002,INE871H01011,
GTL,EQ,11.1,11.2,10.65,10.85,10.75,11.1,77810,847687.15,23-APR-2018,265,INE043A01012,
GTLINFRA,EQ,2.45,2.55,2.4,2.5,2.5,2.45,2811961,7070400.75,23-APR-2018,932,INE221H01019,
GTNIND,EQ,13.05,13.8,13.05,13.4,13.55,13.25,4970,66257.6,23-APR-2018,35,INE537A01013,
GTNTEX,EQ,17.6,18.9,16.75,16.8,16.75,18.2,21891,375782.2,23-APR-2018,81,INE302H01017,
GTPL,EQ,159.7,162.75,155.0,156.15,155.0,158.65,54357,8646155.4,23-APR-2018,890,INE869I01013,
GUFICBIO,EQ,126.5,126.5,122.0,122.85,122.9,124.05,40816,5056135.5,23-APR-2018,532,INE742B01025,
GUJALKALI,EQ,755.0,767.8,750.0,752.9,752.2,755.7,22071,16711983.2,23-APR-2018,1152,INE186A01019,
GUJAPOLLO,EQ,212.45,212.5,208.35,209.9,208.45,211.25,1251,263700.7,23-APR-2018,55,INE826C01016,
GUJFLUORO,EQ,852.6,864.0,847.75,855.85,855.0,851.6,19474,16702387.25,23-APR-2018,639,INE538A01037,
GUJGASLTD,EQ,860.05,867.0,851.6,863.8,867.0,860.05,6839,5889354.15,23-APR-2018,753,INE844O01022,
GULFOILLUB,EQ,880.0,897.25,866.15,892.05,895.0,883.85,38356,33683312.7,23-APR-2018,2406,INE635Q01029,
GULFPETRO,EQ,80.4,81.8,78.65,79.75,79.5,80.4,47781,3834056.6,23-APR-2018,424,INE586G01017,
GULPOLY,EQ,72.0,73.85,71.8,72.8,73.0,72.9,37751,2755962.95,23-APR-2018,354,INE255D01024,
GVKPIL,EQ,15.05,15.55,15.0,15.1,15.1,15.05,2203619,33709197.4,23-APR-2018,2585,INE251H01024,
HAL,EQ,1132.0,1149.0,1122.35,1131.3,1133.0,1125.55,39907,45258660.2,23-APR-2018,3278,INE066F01012,
HANUNG,BE,2.75,2.9,2.7,2.8,2.8,2.8,17279,49013.8,23-APR-2018,36,INE648H01013,
HARITASEAT,EQ,1002.2,1015.0,995.5,1010.15,1014.0,997.15,2264,2281228.65,23-APR-2018,200,INE939D01015,
HARRMALAYA,EQ,100.05,106.75,99.6,105.0,105.0,99.8,211575,22254186.4,23-APR-2018,2592,INE544A01019,
HATHWAY,EQ,38.5,39.4,38.1,38.35,38.4,38.7,980791,38075387.75,23-APR-2018,2496,INE982F01036,
HATSUN,EQ,768.95,768.95,746.9,751.85,750.6,756.45,7629,5759244.2,23-APR-2018,1500,INE473B01035,
HAVELLS,EQ,549.9,551.9,543.95,546.1,545.65,548.25,899035,492656066.9,23-APR-2018,11908,INE176B01034,
HAVISHA,BE,1.7,1.7,1.7,1.7,1.7,1.75,600,1020.0,23-APR-2018,2,INE293B01029,
HBLPOWER,EQ,49.5,50.5,49.05,49.85,49.85,49.6,193467,9642796.4,23-APR-2018,1246,INE292B01021,
HCC,EQ,24.1,24.9,24.05,24.45,24.45,24.15,3122222,76217241.9,23-APR-2018,5374,INE549A01026,
HCG,EQ,312.5,318.0,305.5,312.5,311.05,310.0,8874,2789088.1,23-APR-2018,373,INE075I01017,
HCL-INSYS,EQ,55.9,57.25,55.25,55.6,55.65,56.15,3102663,174745587.6,23-APR-2018,9711,INE236A01020,
HCLTECH,EQ,1062.0,1108.0,1055.0,1088.0,1081.0,1062.35,4543462,4950017041.7,23-APR-2018,119976,INE860A01027,
HDFC,EQ,1849.0,1849.0,1828.6,1830.85,1834.5,1834.15,2514450,4616383478.5,23-APR-2018,82407,INE001A01036,
HDFCBANK,EQ,1979.0,1979.0,1860.3,1935.75,1939.5,1955.9,3826155,7451481658.4,23-APR-2018,76106,INE040A01026,
HDFCLIFE,EQ,496.4,496.85,489.0,493.6,492.0,495.65,1348271,666610298.8,23-APR-2018,24581,INE795G01014,
HDFCMFGETF,EQ,2870.1,2880.0,2857.0,2860.45,2858.15,2871.35,1007,2883621.25,23-APR-2018,116,INF179K01CN1,
HDFCNIFETF,EQ,1085.0,1091.55,1085.0,1090.95,1090.95,1084.58,29,31562.3,23-APR-2018,9,INF179KB1KP3,
HDFCSENETF,EQ,3537.23,3540.0,3530.0,3532.34,3530.0,3524.11,82,289686.15,23-APR-2018,6,INF179KB1KQ1,
HDIL,EQ,40.5,40.5,39.1,39.3,39.2,40.15,7679063,303660194.85,23-APR-2018,16683,INE191I01012,
HEG,EQ,2810.0,2860.0,2772.0,2783.65,2780.0,2757.45,314583,883214278.6,23-APR-2018,23573,INE545A01016,
HEIDELBERG,EQ,154.4,159.55,154.3,155.95,156.05,154.95,174220,27262865.45,23-APR-2018,3166,INE578A01017,
HERCULES,EQ,137.75,142.0,134.1,135.6,135.35,136.95,31048,4285385.8,23-APR-2018,633,INE688E01024,
HERITGFOOD,EQ,725.5,730.0,706.0,710.15,709.95,725.85,24212,17269489.3,23-APR-2018,2098,INE978A01027,
HEROMOTOCO,EQ,3736.4,3736.4,3691.35,3718.2,3714.0,3742.7,236404,877202124.15,23-APR-2018,15003,INE158A01026,
HESTERBIO,EQ,1645.0,1645.0,1603.6,1609.8,1606.0,1646.3,2691,4350902.95,23-APR-2018,498,INE782E01017,
HEXATRADEX,BE,58.0,58.0,57.0,57.0,57.0,59.95,5945,341157.5,23-APR-2018,33,INE750M01017,
HEXAWARE,EQ,439.75,444.3,432.35,434.95,434.6,436.05,2224608,975070468.45,23-APR-2018,25982,INE093A01033,
HFCL,EQ,26.35,27.2,26.35,26.85,26.75,26.75,3038446,81594550.05,23-APR-2018,4472,INE548A01028,
HGINFRA,EQ,334.0,355.0,334.0,341.95,342.7,333.2,100266,34517040.2,23-APR-2018,2816,INE926X01010,
HGS,EQ,971.0,999.0,964.95,974.75,973.0,965.65,30270,29872451.8,23-APR-2018,2980,INE170I01016,
HIGHGROUND,EQ,12.9,13.75,12.4,13.75,13.75,12.5,911105,12239336.2,23-APR-2018,1121,INE361M01021,
HIKAL,EQ,249.0,265.5,246.35,259.5,259.55,246.1,1165976,301278533.2,23-APR-2018,12502,INE475B01022,
HIL,EQ,1982.0,2050.0,1968.8,2023.0,2029.0,1961.0,10414,21137296.6,23-APR-2018,1234,INE557A01011,
HILTON,EQ,38.15,41.7,38.15,39.45,39.1,37.95,561697,22487577.65,23-APR-2018,3802,INE788H01017,
HIMATSEIDE,EQ,395.1,397.65,390.0,395.05,396.45,395.0,42485,16748771.45,23-APR-2018,686,INE049A01027,
HINDALCO,EQ,263.0,264.95,254.3,255.6,255.0,262.1,9559885,2475477455.85,23-APR-2018,74897,INE038A01020,
HINDCOMPOS,EQ,451.0,464.5,440.35,448.05,447.05,450.85,5562,2493072.35,23-APR-2018,481,INE310C01029,
HINDCOPPER,EQ,77.3,78.5,76.2,76.65,76.7,77.05,3094016,238964914.3,23-APR-2018,12320,INE531E01026,
HINDDORROL,BE,2.85,2.95,2.75,2.95,2.85,2.85,78875,226539.35,23-APR-2018,110,INE551A01022,
HINDMOTORS,BE,7.7,7.7,7.5,7.55,7.6,7.65,43601,329406.15,23-APR-2018,110,INE253A01025,
HINDNATGLS,EQ,112.1,115.0,97.95,104.75,106.0,104.3,781,82227.9,23-APR-2018,43,INE952A01022,
HINDOILEXP,EQ,125.45,126.4,123.05,124.65,124.35,124.85,436795,54378012.95,23-APR-2018,3438,INE345A01011,
HINDPETRO,EQ,302.8,308.6,301.8,304.3,304.4,299.05,7132275,2177205389.8,23-APR-2018,71825,INE094A01015,
HINDSYNTEX,BE,6.35,6.35,6.35,6.35,6.35,6.65,10,63.5,23-APR-2018,1,INE155B01012,
HINDUJAVEN,EQ,832.2,864.8,808.6,826.4,830.0,824.85,11149,9342715.4,23-APR-2018,875,INE353A01023,
HINDUNILVR,EQ,1471.0,1471.0,1450.0,1452.75,1452.8,1467.8,395622,575670581.2,23-APR-2018,30417,INE030A01027,
HINDZINC,EQ,327.0,327.5,319.3,323.2,323.5,327.65,1774416,571437538.85,23-APR-2018,12830,INE267A01025,
HIRECT,EQ,141.9,160.0,140.0,157.6,154.6,141.85,82162,12229226.5,23-APR-2018,917,INE835D01023,
HISARMETAL,EQ,87.95,92.85,87.1,91.0,91.0,88.45,1810,163573.9,23-APR-2018,36,INE598C01011,
HITECHCORP,EQ,152.05,153.95,150.1,151.8,152.0,152.0,4654,709864.4,23-APR-2018,40,INE120D01012,
HITECHGEAR,EQ,446.95,464.0,444.05,458.2,463.4,447.15,7794,3541030.45,23-APR-2018,459,INE127B01011,
HMVL,EQ,227.0,230.4,225.0,229.35,230.4,226.75,9488,2165169.6,23-APR-2018,300,INE871K01015,
HNGSNGBEES,EQ,3502.0,3614.98,3502.0,3614.98,3614.98,3617.0,25,88095.94,23-APR-2018,14,INF732E01227,
HONAUT,EQ,18613.5,19050.0,18600.1,18875.9,18799.0,18684.75,996,18725653.35,23-APR-2018,306,INE671A01010,
HONDAPOWER,EQ,1454.6,1500.0,1448.15,1493.7,1483.1,1461.9,3615,5330432.6,23-APR-2018,346,INE634A01018,
HOTELEELA,EQ,19.6,20.2,19.25,19.35,19.35,19.7,600957,11851523.85,23-APR-2018,1261,INE102A01024,
HOVS,EQ,251.85,251.85,243.0,245.95,245.95,249.35,4044,997562.0,23-APR-2018,80,INE596H01014,
HPL,EQ,119.8,119.8,116.05,117.7,117.75,116.95,26417,3119167.0,23-APR-2018,471,INE495S01016,
HSCL,EQ,147.0,148.95,146.25,148.3,148.8,146.75,623048,92105665.3,23-APR-2018,5857,INE019C01026,
HSIL,EQ,397.0,398.95,391.2,393.15,392.6,393.8,33539,13222222.8,23-APR-2018,859,INE415A01038,
HTMEDIA,EQ,87.6,90.7,87.25,88.65,89.3,87.5,214636,19139814.05,23-APR-2018,1531,INE501G01024,
HUBTOWN,EQ,74.9,75.2,73.1,73.9,73.35,75.2,189486,14000217.65,23-APR-2018,2161,INE703H01016,
HUDCO,EQ,67.95,67.95,66.7,66.95,66.8,67.9,973717,65314260.3,23-APR-2018,4752,INE031A01017,
IBREALEST,EQ,195.45,199.85,192.75,193.7,193.5,195.35,4310842,846699359.6,23-APR-2018,26957,INE069I01010,
IBULHSGFIN,EQ,1385.0,1387.45,1312.3,1321.1,1322.0,1356.05,2369944,3215385082.6,23-APR-2018,67284,INE148I01020,
IBVENTURES,EQ,378.8,398.9,378.0,390.6,391.9,380.05,3640101,1423945621.5,23-APR-2018,49466,INE274G01010,
ICICIB22,EQ,35.89,36.39,35.7,36.11,36.12,36.11,542378,19607275.49,23-APR-2018,1376,INF109KB15Y7,
ICICIBANK,EQ,280.0,282.8,275.25,279.4,279.15,282.15,11620499,3243028501.6,23-APR-2018,80937,INE090A01021,
ICICIGI,EQ,769.95,770.0,756.5,760.35,763.0,770.2,148848,113533284.4,23-APR-2018,11121,INE765G01017,
ICICIGOLD,EQ,285.0,286.9,284.1,286.3,285.1,285.35,2476,706227.1,23-APR-2018,69,INF109KB1WF4,
ICICILOVOL,EQ,85.0,85.55,85.0,85.54,85.26,85.23,3742,319551.45,23-APR-2018,26,INF109KB10T8,
ICICIMCAP,EQ,73.35,73.47,73.18,73.27,73.27,73.35,2520,184898.65,23-APR-2018,71,INF109KB1XT3,
ICICINF100,EQ,117.0,117.0,115.42,115.82,115.82,115.0,598,69149.25,23-APR-2018,41,INF109KA1962,
ICICINIFTY,EQ,109.49,109.49,108.49,108.86,108.83,109.07,267448,29154535.54,23-APR-2018,4674,INF109K012R6,
ICICINV20,EQ,48.18,48.48,48.18,48.23,48.18,48.05,2464,118960.42,23-APR-2018,14,INF109KB1WY5,
ICICIPRULI,EQ,375.55,389.95,374.15,388.4,388.0,374.1,1664586,638355967.95,23-APR-2018,35998,INE726G01019,
ICICISENSX,EQ,359.85,361.92,359.85,361.32,360.94,359.84,148,53363.35,23-APR-2018,13,INF346A01034,
ICIL,EQ,96.2,96.3,94.1,94.75,94.5,96.35,152746,14534534.25,23-APR-2018,1669,INE483B01026,
ICRA,EQ,3840.65,3888.9,3840.65,3873.75,3850.0,3844.4,1970,7570797.0,23-APR-2018,140,INE725G01011,
ICSA,BE,2.8,2.85,2.75,2.75,2.75,2.85,7432,20550.0,23-APR-2018,18,INE306B01029,
IDBI,EQ,67.2,69.9,66.45,69.3,69.5,67.2,21225584,1450615365.6,23-APR-2018,33318,INE008A01015,
IDBIGOLD,EQ,2905.5,2984.0,2905.5,2946.85,2947.0,2949.3,382,1125885.9,23-APR-2018,27,INF397L01554,
IDEA,EQ,71.7,72.3,70.7,71.65,71.6,70.85,10058839,718416455.2,23-APR-2018,30670,INE669E01016,
IDFC,EQ,53.95,54.35,53.35,53.5,53.6,53.9,2673201,144088970.0,23-APR-2018,6448,INE043D01016,
IDFCBANK,EQ,48.8,49.25,48.3,48.5,48.5,48.65,5367087,260553502.4,23-APR-2018,13685,INE092T01019,
IDFNIFTYET,EQ,106.63,107.53,106.63,107.53,107.53,105.5,163,17381.59,23-APR-2018,7,INF194KA1U07,
IEX,EQ,1632.0,1656.1,1625.0,1633.6,1625.0,1638.3,9055,14910972.9,23-APR-2018,1929,INE022Q01012,
IFBAGRO,EQ,845.0,845.0,818.0,822.9,819.0,846.9,9132,7590343.55,23-APR-2018,804,INE076C01018,
IFBIND,EQ,1215.3,1239.0,1195.5,1203.9,1208.6,1209.8,8304,10040719.45,23-APR-2018,535,INE559A01017,
IFCI,EQ,20.4,20.65,20.25,20.4,20.35,20.45,3739951,76526104.35,23-APR-2018,4124,INE039A01010,
IFGLEXPOR,EQ,265.0,265.0,255.4,258.5,258.5,255.9,2247,582291.4,23-APR-2018,179,INE133Y01011,
IGARASHI,EQ,823.05,869.85,818.1,848.75,841.35,824.1,10503,8954729.6,23-APR-2018,839,INE188B01013,
IGL,EQ,294.1,296.8,290.85,294.95,294.95,294.4,2040541,599398151.4,23-APR-2018,19656,INE203G01027,
IGPL,EQ,762.0,792.0,753.4,781.65,782.0,756.9,82585,63905891.85,23-APR-2018,2684,INE204A01010,
IIFL,EQ,750.0,758.4,740.1,750.6,749.25,755.7,318466,236990551.8,23-APR-2018,5654,INE530B01024,
IITL,EQ,105.3,110.0,105.0,105.15,105.05,106.05,230,24204.15,23-APR-2018,5,INE886A01014,
IL&FSENGG,EQ,35.5,35.6,34.55,34.8,34.7,34.6,36053,1269421.3,23-APR-2018,259,INE369I01014,
IL&FSTRANS,EQ,62.5,64.1,62.2,62.55,62.4,63.6,250444,15777089.2,23-APR-2018,1237,INE975G01012,
IMFA,EQ,542.45,554.4,535.0,537.7,537.1,542.45,36120,19572737.4,23-APR-2018,1994,INE919H01018,
IMPAL,EQ,1153.0,1153.0,1105.6,1129.2,1134.0,1124.65,565,637411.6,23-APR-2018,126,INE547E01014,
IMPEXFERRO,BE,0.8,0.9,0.8,0.8,0.8,0.85,2454,2038.3,23-APR-2018,12,INE691G01015,
INDBANK,BE,19.6,20.5,19.6,20.0,19.95,20.2,30182,602080.95,23-APR-2018,88,INE841B01017,
INDHOTEL,EQ,147.7,151.5,146.1,149.6,149.0,146.9,1530202,229503857.7,23-APR-2018,13974,INE053A01029,
INDIACEM,EQ,150.0,152.65,149.5,150.2,150.3,150.25,1778759,268795029.05,23-APR-2018,11548,INE383A01012,
INDIAGLYCO,EQ,544.5,568.45,538.0,551.3,552.0,544.75,792643,440352345.5,23-APR-2018,14711,INE560A01015,
INDIANB,EQ,302.65,311.4,296.7,309.35,311.4,302.65,1868333,574394039.65,23-APR-2018,20324,INE562A01011,
INDIANCARD,EQ,167.8,169.5,158.2,159.55,158.5,161.3,4059,653680.1,23-APR-2018,89,INE061A01014,
INDIANHUME,EQ,368.0,373.95,349.0,352.9,353.0,342.3,261841,94425573.5,23-APR-2018,12159,INE323C01030,
INDIGO,EQ,1502.0,1506.0,1476.05,1486.4,1494.0,1503.35,406232,606210156.9,23-APR-2018,16376,INE646L01027,
INDLMETER,EQ,93.05,98.0,93.05,94.65,94.65,95.8,2553,249154.9,23-APR-2018,20,INE065B01013,
INDNIPPON,EQ,534.0,563.0,532.15,551.55,552.0,533.15,25025,13840460.9,23-APR-2018,903,INE092B01025,
INDOCO,EQ,212.45,219.7,212.45,218.65,217.75,213.75,58038,12689219.75,23-APR-2018,738,INE873D01024,
INDORAMA,EQ,32.8,32.8,31.6,31.95,31.9,32.0,47946,1541361.95,23-APR-2018,185,INE156A01020,
INDOSOLAR,BE,7.6,7.6,7.35,7.4,7.4,7.4,59351,439662.1,23-APR-2018,152,INE866K01015,
INDOTECH,EQ,180.25,198.5,180.25,188.15,187.6,180.2,24783,4700234.25,23-APR-2018,523,INE332H01014,
INDOTHAI,EQ,75.0,77.9,70.2,74.9,75.4,73.7,18052,1350127.4,23-APR-2018,285,INE337M01013,
INDOWIND,BE,7.75,8.1,7.75,8.0,8.0,7.9,58747,469368.15,23-APR-2018,150,INE227G01018,
INDRAMEDCO,EQ,49.8,50.0,49.15,49.35,49.5,49.8,92040,4562114.7,23-APR-2018,442,INE681B01017,
INDSWFTLAB,EQ,62.5,62.9,61.0,61.6,61.6,61.55,3584,219923.0,23-APR-2018,38,INE915B01019,
INDSWFTLTD,EQ,9.95,10.1,9.5,9.55,9.5,9.95,34645,333865.45,23-APR-2018,83,INE788B01028,
INDTERRAIN,EQ,191.0,194.8,190.0,192.5,193.45,192.95,4898,946470.1,23-APR-2018,250,INE611L01021,
INDUSINDBK,EQ,1814.4,1885.4,1808.8,1874.4,1880.6,1812.85,1620444,3025693097.35,23-APR-2018,72344,INE095A01012,
INEOSSTYRO,EQ,923.85,923.85,904.65,909.55,909.0,902.75,1810,1649171.7,23-APR-2018,141,INE189B01011,
INFIBEAM,EQ,171.15,173.6,169.25,169.6,169.6,171.15,4565967,779882812.45,23-APR-2018,62468,INE483S01020,
INFINITE,EQ,499.0,499.8,493.6,499.1,499.8,497.05,26223,13057660.45,23-APR-2018,838,INE486J01014,
INFOMEDIA,BE,4.5,4.5,4.5,4.5,4.5,4.3,17341,78034.5,23-APR-2018,12,INE669A01022,
INFRABEES,EQ,352.7,355.45,351.81,352.95,352.95,353.8,263,92783.48,23-APR-2018,9,INF732E01268,
INFRATEL,EQ,332.0,332.6,324.5,328.0,326.95,331.1,2475687,810783580.1,23-APR-2018,44644,INE121J01017,
INFY,EQ,1168.0,1214.4,1155.25,1187.7,1185.95,1178.45,10915319,12954180381.05,23-APR-2018,190031,INE009A01021,
INGERRAND,EQ,670.25,680.0,662.55,678.3,680.0,670.25,25182,16876915.5,23-APR-2018,642,INE177A01018,
INOXLEISUR,EQ,268.0,274.3,266.1,267.0,267.0,267.5,222723,59925345.25,23-APR-2018,3572,INE312H01016,
INOXWIND,EQ,113.7,116.3,113.7,115.4,115.1,113.7,170729,19679948.35,23-APR-2018,893,INE066P01011,
INSECTICID,EQ,710.45,718.95,702.4,712.05,713.0,709.45,120733,85842597.85,23-APR-2018,1281,INE070I01018,
INTEGRA,BE,2.25,2.25,2.25,2.25,2.25,2.15,326,733.5,23-APR-2018,4,INE418N01027,
INTELLECT,EQ,188.9,194.7,187.5,191.55,191.75,187.55,511551,98124810.1,23-APR-2018,6218,INE306R01017,
INTENTECH,EQ,74.0,76.0,71.65,72.7,73.0,73.55,41065,2999938.3,23-APR-2018,341,INE781A01025,
INVENTURE,BE,16.05,16.75,16.0,16.1,16.1,16.05,48893,789846.25,23-APR-2018,53,INE878H01016,
IOB,EQ,17.75,17.85,17.5,17.6,17.65,17.8,596535,10532064.2,23-APR-2018,2075,INE565A01014,
IOC,EQ,161.5,163.9,160.3,161.7,161.7,160.1,11318168,1834911917.6,23-APR-2018,65034,INE242A01010,
IOLCP,EQ,111.0,113.7,110.3,111.15,111.5,110.2,225883,25244176.9,23-APR-2018,2371,INE485C01011,
IPAPPM,EQ,318.25,321.85,317.0,318.2,320.5,318.3,15410,4917269.8,23-APR-2018,490,INE435A01028,
IPCALAB,EQ,700.0,720.7,697.25,718.85,719.0,699.85,181556,129025816.75,23-APR-2018,28749,INE571A01020,
IRB,EQ,263.8,271.9,260.1,264.45,264.3,264.4,5669745,1511095931.65,23-APR-2018,43029,INE821I01014,
ISEC,EQ,426.0,426.2,422.45,424.0,424.0,426.2,71568,30350216.45,23-APR-2018,2143,INE763G01038,
ISFT,EQ,668.0,680.0,650.0,652.2,653.95,670.8,9690,6430102.15,23-APR-2018,471,INE566K01011,
ISMTLTD,EQ,9.0,9.2,8.75,8.8,8.8,8.9,22007,194677.6,23-APR-2018,72,INE732F01019,
ITC,EQ,276.0,277.2,275.0,275.5,275.45,276.2,11746220,3240374914.2,23-APR-2018,62425,INE154A01025,
ITDC,EQ,483.3,493.0,481.0,482.5,481.75,483.15,18152,8802628.2,23-APR-2018,788,INE353K01014,
ITDCEM,EQ,167.75,171.0,165.1,168.55,168.0,167.75,60436,10211236.85,23-APR-2018,1581,INE686A01026,
ITI,EQ,123.8,127.3,122.6,125.55,125.8,123.45,725700,91222208.2,23-APR-2018,10012,INE248A01017,
IVC,EQ,18.6,19.25,18.25,18.45,18.35,18.6,452581,8459233.95,23-APR-2018,1173,INE050B01023,
IVP,EQ,198.05,214.0,192.6,208.2,208.0,199.0,7062,1473378.1,23-APR-2018,214,INE043C01018,
IVRCLINFRA,EQ,3.65,3.65,3.3,3.4,3.45,3.6,791532,2699354.3,23-APR-2018,418,INE875A01025,
IVZINGOLD,EQ,2880.0,2880.0,2865.0,2865.0,2865.0,2864.55,73,209190.0,23-APR-2018,3,INF205K01361,
IZMO,EQ,110.0,114.7,110.0,111.8,112.05,109.9,290008,32662451.05,23-APR-2018,2497,INE848A01014,
J&KBANK,EQ,58.5,59.0,58.3,58.85,58.9,58.15,126359,7414691.35,23-APR-2018,1398,INE168A01041,
JAGRAN,EQ,162.0,164.75,162.0,163.25,163.2,161.9,151846,24833303.95,23-APR-2018,1908,INE199G01027,
JAGSNPHARM,EQ,31.5,31.5,30.25,31.1,30.85,30.1,8494,261752.75,23-APR-2018,163,INE048B01027,
JAIBALAJI,EQ,13.0,13.55,12.35,12.65,12.8,13.15,19394,245972.6,23-APR-2018,77,INE091G01018,
JAICORPLTD,EQ,158.65,163.5,157.3,160.85,161.3,159.2,1943255,312010769.5,23-APR-2018,16760,INE070D01027,
JAIHINDPRO,EQ,4.8,4.8,4.8,4.8,4.8,4.8,359,1723.2,23-APR-2018,2,INE343D01010,
JAINSTUDIO,BE,3.1,3.1,3.1,3.1,3.1,3.25,200,620.0,23-APR-2018,2,INE486B01011,
JAMNAAUTO,EQ,95.8,98.45,95.0,97.2,97.55,95.9,2524920,243974306.45,23-APR-2018,13451,INE039C01032,
JAYAGROGN,EQ,326.7,335.0,323.7,328.7,329.9,323.6,12616,4162984.55,23-APR-2018,1234,INE785A01026,
JAYBARMARU,EQ,473.0,486.05,473.0,478.95,478.0,473.9,45441,21770298.5,23-APR-2018,2392,INE571B01028,
JAYNECOIND,EQ,8.0,8.25,7.8,7.85,7.85,8.1,62107,488088.35,23-APR-2018,138,INE854B01010,
JAYSREETEA,EQ,96.0,99.25,95.95,96.6,96.6,97.4,69891,6817831.55,23-APR-2018,932,INE364A01020,
JBCHEPHARM,EQ,312.3,317.0,309.5,310.6,309.5,315.65,42808,13416606.75,23-APR-2018,1950,INE572A01028,
JBFIND,EQ,110.8,111.7,107.45,107.85,107.95,110.55,81551,8849815.25,23-APR-2018,1178,INE187A01017,
JBMA,EQ,436.3,443.85,435.0,436.55,435.0,436.15,30113,13240574.25,23-APR-2018,797,INE927D01028,
JCHAC,EQ,2585.0,2640.0,2580.0,2624.9,2605.0,2610.2,3782,9899855.45,23-APR-2018,712,INE782A01015,
JETAIRWAYS,EQ,625.6,629.0,614.3,618.2,619.9,625.7,1904436,1179447202.95,23-APR-2018,22956,INE802G01018,
JHS,EQ,59.3,60.5,57.5,58.65,58.85,58.85,76545,4507015.45,23-APR-2018,920,INE544H01014,
JINDALPHOT,EQ,56.75,57.8,55.2,57.6,57.8,56.75,1260,71089.65,23-APR-2018,29,INE796G01012,
JINDALPOLY,EQ,325.1,331.7,323.8,325.05,324.8,326.6,43388,14176774.35,23-APR-2018,1866,INE197D01010,
JINDALSAW,EQ,129.05,130.0,127.5,127.95,127.65,129.7,893382,115176443.15,23-APR-2018,6277,INE324A01024,
JINDALSTEL,EQ,251.85,253.75,248.65,249.9,249.45,251.7,4013681,1007597235.7,23-APR-2018,24233,INE749A01030,
JINDRILL,EQ,168.4,169.85,166.05,167.25,167.8,167.15,141720,23754973.85,23-APR-2018,1261,INE742C01031,
JINDWORLD,EQ,603.85,604.8,593.1,595.8,596.0,600.4,73647,44168763.7,23-APR-2018,1178,INE247D01021,
JISLDVREQS,EQ,66.9,68.0,66.2,67.25,67.9,66.9,22514,1516093.05,23-APR-2018,277,IN9175A01010,
JISLJALEQS,EQ,112.0,113.4,111.5,112.55,113.0,111.95,2870129,322828248.2,23-APR-2018,11055,INE175A01038,
JITFINFRA,BE,35.45,35.5,34.9,35.0,35.0,35.4,5946,208555.5,23-APR-2018,44,INE863T01013,
JKCEMENT,EQ,957.5,971.8,948.85,967.3,964.0,958.2,28756,27704477.05,23-APR-2018,2063,INE823G01014,
JKIL,EQ,284.85,303.0,281.55,289.4,289.1,284.45,159457,46365217.2,23-APR-2018,2236,INE576I01022,
JKLAKSHMI,EQ,420.1,422.0,413.1,418.65,418.0,419.8,51687,21688152.75,23-APR-2018,2907,INE786A01032,
JKPAPER,EQ,143.9,147.1,143.1,144.6,144.0,142.95,319789,46486050.8,23-APR-2018,3225,INE789E01012,
JKTYRE,EQ,161.0,161.4,158.55,159.15,158.8,161.55,1188716,189525611.45,23-APR-2018,8737,INE573A01042,
JMA,EQ,250.05,264.85,250.05,252.1,252.0,251.6,735,186947.45,23-APR-2018,38,INE412C01015,
JMCPROJECT,EQ,642.7,648.0,633.8,636.55,633.8,643.85,2754,1762724.8,23-APR-2018,282,INE890A01016,
JMFINANCIL,EQ,136.9,138.65,133.8,134.15,134.0,136.1,592435,80291611.6,23-APR-2018,4641,INE780C01023,
JMTAUTOLTD,EQ,4.6,4.6,4.15,4.25,4.25,4.4,215819,924597.8,23-APR-2018,246,INE988E01036,
JOCIL,EQ,157.0,159.5,155.4,158.65,159.3,155.2,1399,221561.0,23-APR-2018,28,INE839G01010,
JPASSOCIAT,EQ,20.25,20.95,20.1,20.3,20.3,20.4,55366745,1132790570.8,23-APR-2018,27715,INE455F01025,
JPINFRATEC,EQ,6.6,6.6,6.6,6.6,6.6,6.9,627009,4138259.4,23-APR-2018,766,INE099J01015,
JPOLYINVST,EQ,58.5,61.4,58.5,59.6,61.3,60.2,233,13874.0,23-APR-2018,21,INE147P01019,
JPPOWER,EQ,4.25,4.4,4.2,4.3,4.3,4.25,5220649,22377702.35,23-APR-2018,4004,INE351F01018,
JSL,EQ,105.15,107.4,105.0,105.6,105.75,105.15,472778,50045038.85,23-APR-2018,4143,INE220G01021,
JSLHISAR,EQ,195.4,199.0,191.55,195.3,195.0,194.2,2126217,414526857.1,23-APR-2018,10704,INE455T01018,
JSWENERGY,EQ,83.3,84.4,82.25,83.5,83.4,83.6,725569,60658160.0,23-APR-2018,4112,INE121E01018,
JSWHL,EQ,1849.95,1913.45,1848.15,1897.6,1897.5,1850.25,4299,8126435.6,23-APR-2018,456,INE824G01012,
JSWSTEEL,EQ,321.95,327.45,319.5,321.8,321.8,322.85,3113729,1004299285.45,23-APR-2018,29757,INE019A01038,
JTEKTINDIA,EQ,117.0,120.75,117.0,118.75,118.45,117.6,256106,30645868.95,23-APR-2018,1329,INE643A01035,
JUBILANT,EQ,764.0,826.8,761.05,803.95,802.05,764.75,1024697,823768377.5,23-APR-2018,41056,INE700A01033,
JUBLFOOD,EQ,2451.0,2482.35,2421.65,2460.55,2465.0,2445.85,551997,1357188136.35,23-APR-2018,20361,INE797F01012,
JUBLINDS,EQ,172.75,177.8,172.25,176.3,175.9,172.75,7759,1359692.15,23-APR-2018,245,INE645L01011,
JUNIORBEES,EQ,307.5,310.5,307.5,309.07,309.1,307.61,22567,6986377.52,23-APR-2018,276,INF732E01045,
JUSTDIAL,EQ,454.6,465.15,450.0,451.15,450.35,456.1,2011242,915671475.95,23-APR-2018,28719,INE599M01018,
JVLAGRO,EQ,24.0,25.3,23.75,24.3,24.1,24.1,315004,7678342.8,23-APR-2018,1535,INE430G01026,
JYOTHYLAB,EQ,379.45,381.75,370.15,373.85,374.9,373.25,38562,14484103.65,23-APR-2018,1498,INE668F01031,
KABRAEXTRU,EQ,122.45,123.4,119.65,120.8,120.5,122.05,37064,4483536.9,23-APR-2018,402,INE900B01029,
KAJARIACER,EQ,560.0,568.0,559.2,564.75,564.25,560.55,99621,56104550.3,23-APR-2018,3070,INE217B01036,
KAKATCEM,EQ,330.0,346.3,316.25,321.75,319.7,315.5,693961,230700165.15,23-APR-2018,19134,INE437B01014,
KALPATPOWR,EQ,490.8,491.2,478.0,486.3,486.0,486.8,58543,28394005.9,23-APR-2018,2063,INE220B01022,
KALYANIFRG,BE,311.5,319.1,311.5,318.25,319.1,310.0,686,216407.25,23-APR-2018,12,INE314G01014,
KAMATHOTEL,EQ,114.75,116.0,111.2,111.95,112.0,113.05,108537,12292436.25,23-APR-2018,1439,INE967C01018,
KAMDHENU,EQ,247.0,254.5,244.25,252.3,254.4,246.0,9700,2420012.15,23-APR-2018,220,INE390H01012,
KANANIIND,EQ,8.7,8.85,8.4,8.8,8.8,8.55,6700,58053.7,23-APR-2018,18,INE879E01037,
KANORICHEM,EQ,77.0,77.4,75.4,76.45,76.2,76.65,31805,2439565.0,23-APR-2018,455,INE138C01024,
KANSAINER,EQ,490.3,490.3,481.0,484.05,483.2,488.65,81793,39679786.3,23-APR-2018,4046,INE531A01024,
KARDA,EQ,187.55,189.95,187.5,187.9,187.65,187.4,201799,37932092.45,23-APR-2018,1742,INE278R01018,
KARMAENG,EQ,31.0,32.8,30.05,31.3,31.3,30.45,869,26984.7,23-APR-2018,16,INE725L01011,
KARURVYSYA,EQ,105.7,106.5,103.8,104.5,104.3,106.5,507519,53412924.15,23-APR-2018,4275,INE036D01028,
KAUSHALYA,EQ,2.25,2.4,2.25,2.35,2.35,2.35,9758,21970.8,23-APR-2018,23,INE234I01010,
KAVVERITEL,EQ,10.75,10.75,9.2,9.85,9.85,10.0,19394,195319.0,23-APR-2018,78,INE641C01019,
KAYA,EQ,1204.8,1233.0,1162.5,1172.3,1168.7,1203.15,112650,135230783.45,23-APR-2018,7040,INE587G01015,
KCP,EQ,148.6,149.65,143.7,148.2,149.0,147.55,81999,12127330.6,23-APR-2018,1546,INE805C01028,
KCPSUGIND,EQ,25.25,25.6,24.75,25.05,24.85,25.25,328421,8274875.9,23-APR-2018,451,INE790B01024,
KDDL,EQ,497.0,507.7,495.0,503.7,505.0,496.35,5330,2664652.9,23-APR-2018,184,INE291D01011,
KEC,EQ,431.05,432.0,423.0,427.7,428.0,431.3,407381,173941459.05,23-APR-2018,4192,INE389H01022,
KECL,EQ,32.4,32.4,31.5,31.7,31.95,32.4,43164,1381118.95,23-APR-2018,336,INE134B01017,
KEI,EQ,436.5,445.4,428.0,442.65,441.25,432.9,220950,96882879.35,23-APR-2018,5469,INE878B01027,
KELLTONTEC,EQ,78.95,81.9,74.5,76.8,75.7,77.2,672997,52912321.1,23-APR-2018,2320,INE164B01022,
KESARENT,EQ,43.0,45.0,42.45,44.15,43.6,43.0,7920,343523.1,23-APR-2018,199,INE133B01019,
KESORAMIND,EQ,118.85,120.8,118.6,119.45,119.2,120.05,173668,20797787.25,23-APR-2018,2066,INE087A01019,
KEYCORPSER,EQ,62.0,62.0,62.0,62.0,62.0,62.55,10,620.0,23-APR-2018,1,INE681C01015,
KGL,BE,2.05,2.1,2.05,2.05,2.1,2.05,778143,1604425.5,23-APR-2018,286,INE299C01024,
KHADIM,EQ,761.05,786.0,760.55,775.85,777.0,769.2,76951,59844939.9,23-APR-2018,4902,INE834I01025,
KHANDSE,EQ,20.0,20.75,19.25,20.75,20.75,19.8,1927,39860.75,23-APR-2018,25,INE060B01014,
KICL,EQ,2532.0,2590.0,2519.25,2562.4,2550.0,2548.6,390,999313.85,23-APR-2018,106,INE029L01018,
KILITCH,EQ,85.95,87.9,82.55,86.65,87.0,86.7,10934,946186.1,23-APR-2018,203,INE729D01010,
KINGFA,BE,1164.5,1164.5,1130.0,1164.5,1164.5,1109.05,23791,27529778.3,23-APR-2018,425,INE473D01015,
KIOCL,EQ,269.7,269.7,252.75,256.7,256.8,264.9,44207,11455125.15,23-APR-2018,1823,INE880L01014,
KIRIINDUS,EQ,439.9,447.0,435.0,438.05,437.6,441.1,129416,56973572.85,23-APR-2018,2732,INE415I01015,
KIRLOSBROS,EQ,278.4,282.05,268.0,270.1,271.0,278.4,93051,25334172.25,23-APR-2018,2638,INE732A01036,
KIRLOSENG,EQ,340.7,351.95,340.7,349.3,349.05,343.6,19742,6854964.7,23-APR-2018,620,INE146L01010,
KIRLOSIND,EQ,1261.05,1299.0,1261.05,1285.4,1285.0,1299.55,284,364727.95,23-APR-2018,38,INE250A01039,
KITEX,EQ,241.0,245.0,240.0,241.65,242.0,239.45,45831,11130277.1,23-APR-2018,1305,INE602G01020,
KKCL,EQ,1630.0,1640.3,1560.0,1599.75,1560.0,1590.55,475,763854.5,23-APR-2018,114,INE401H01017,
KMSUGAR,EQ,11.35,11.9,11.15,11.4,11.3,11.4,316298,3633406.05,23-APR-2018,904,INE157H01023,
KNRCON,EQ,325.0,327.95,319.75,322.35,321.25,326.7,120736,39021063.9,23-APR-2018,3614,INE634I01029,
KOHINOOR,EQ,66.0,66.0,64.7,65.15,65.25,65.55,42928,2808273.35,23-APR-2018,360,INE080B01012,
KOKUYOCMLN,EQ,119.75,120.75,118.25,119.5,119.05,119.1,82044,9826930.65,23-APR-2018,904,INE760A01029,
KOLTEPATIL,EQ,332.85,354.0,327.3,342.1,340.65,336.3,414542,142983762.25,23-APR-2018,7953,INE094I01018,
KOPRAN,EQ,70.0,71.5,69.0,69.4,69.2,70.45,219756,15438642.4,23-APR-2018,1548,INE082A01010,
KOTAKBANK,EQ,1158.7,1177.15,1153.25,1169.0,1167.2,1152.85,1354154,1582179855.35,23-APR-2018,42199,INE237A01028,
KOTAKBKETF,EQ,252.99,264.5,251.4,254.47,254.48,254.36,7077,1797765.27,23-APR-2018,103,INF174K01F59,
KOTAKGOLD,EQ,278.25,278.25,275.55,275.75,275.55,278.25,14313,3953040.75,23-APR-2018,301,INF373I01049,
KOTAKNIFTY,EQ,107.49,107.93,105.45,107.57,107.16,107.61,149069,16004195.17,23-APR-2018,233,INF174K014P6,
KOTAKNV20,EQ,48.5,49.6,48.5,49.6,49.6,49.06,451,22060.05,23-APR-2018,8,INF174K01Z71,
KOTAKPSUBK,EQ,280.0,283.0,279.0,281.94,282.4,281.31,9174,2580647.04,23-APR-2018,91,INF373I01023,
KOTARISUG,EQ,12.9,12.9,12.25,12.35,12.5,12.85,19042,238318.6,23-APR-2018,93,INE419A01022,
KOTHARIPET,EQ,24.1,28.4,23.65,26.95,27.0,24.1,431476,11726984.5,23-APR-2018,1406,INE720A01015,
KOTHARIPRO,EQ,166.0,166.0,157.45,158.75,161.0,160.0,2697,429232.1,23-APR-2018,213,INE823A01017,
KPIT,EQ,243.1,250.9,241.35,245.8,246.5,243.1,4052351,1003813452.25,23-APR-2018,37571,INE836A01035,
KPRMILL,EQ,663.3,675.95,657.7,670.6,674.0,660.15,26822,17971007.65,23-APR-2018,2368,INE930H01023,
KRBL,EQ,438.0,441.65,430.0,437.9,440.65,435.1,126278,54988706.4,23-APR-2018,5755,INE001B01026,
KREBSBIO,BE,177.0,182.0,177.0,182.0,182.0,176.9,1049,189386.65,23-APR-2018,22,INE268B01013,
KRIDHANINF,EQ,104.35,106.7,104.0,104.65,104.65,104.7,162315,17104084.35,23-APR-2018,1714,INE524L01026,
KSBPUMPS,EQ,876.0,885.0,861.15,877.55,881.0,857.85,16647,14511945.8,23-APR-2018,1050,INE999A01015,
KSCL,EQ,528.5,545.5,523.3,540.7,538.75,530.3,410220,220048575.4,23-APR-2018,10204,INE455I01029,
KSERASERA,BE,0.25,0.25,0.2,0.25,0.2,0.25,722116,163720.05,23-APR-2018,133,INE216D01026,
KSK,BE,8.35,8.55,7.95,8.05,8.35,8.35,512462,4204604.3,23-APR-2018,611,INE143H01015,
KSL,EQ,319.0,329.45,317.15,326.05,325.75,319.55,76150,24766975.65,23-APR-2018,2156,INE907A01026,
KTIL,EQ,139.85,142.7,139.85,140.0,140.0,138.8,8791,1238005.1,23-APR-2018,79,INE096L01025,
KTKBANK,EQ,118.85,120.75,118.0,118.8,118.65,119.15,1596110,190720685.9,23-APR-2018,7738,INE614B01018,
KWALITY,EQ,54.0,55.0,49.0,53.65,53.7,54.0,6374739,344630677.5,23-APR-2018,12188,INE775B01025,
L&TFH,EQ,163.9,166.7,163.6,165.75,165.95,164.55,3186938,527510382.2,23-APR-2018,31019,INE498L01015,
LAKPRE,EQ,42.95,42.95,41.15,42.8,42.8,41.7,1000,42202.75,23-APR-2018,12,INE651C01018,
LAKSHMIEFL,EQ,18.05,18.05,16.7,16.9,16.9,17.45,221830,3802776.8,23-APR-2018,792,INE992B01026,
LAKSHVILAS,EQ,91.1,91.15,90.2,90.6,90.65,91.05,246257,22357032.95,23-APR-2018,1782,INE694C01018,
LALPATHLAB,EQ,840.0,851.15,840.0,846.9,848.0,846.3,20302,17216875.05,23-APR-2018,2441,INE600L01024,
LAMBODHARA,EQ,75.1,88.2,74.8,80.95,80.6,73.5,808480,68286516.5,23-APR-2018,8290,INE112F01022,
LAOPALA,EQ,283.7,286.8,281.2,282.55,282.1,285.0,7096,2010124.9,23-APR-2018,485,INE059D01020,
LASA,EQ,90.0,90.85,88.15,89.55,89.0,90.65,92484,8275596.5,23-APR-2018,843,INE670X01014,
LAURUSLABS,EQ,507.2,514.75,500.0,503.9,504.0,508.7,115807,58642272.2,23-APR-2018,3936,INE947Q01010,
LAXMIMACH,EQ,7350.25,7551.0,7329.0,7518.7,7520.0,7408.35,4627,34705553.4,23-APR-2018,1248,INE269B01029,
LEEL,EQ,240.0,247.4,239.65,244.15,245.3,241.05,130419,31911456.15,23-APR-2018,1952,INE245C01019,
LEMONTREE,EQ,83.0,90.9,80.4,83.95,84.05,83.7,17221425,1487687521.15,23-APR-2018,103513,INE970X01018,
LFIC,BE,87.05,90.8,85.0,86.45,86.45,87.3,3699,327003.85,23-APR-2018,131,INE850E01012,
LGBBROSLTD,EQ,1262.7,1282.0,1252.0,1265.1,1262.0,1249.35,7594,9631336.85,23-APR-2018,905,INE337A01034,
LIBERTSHOE,EQ,226.15,239.9,225.4,236.6,238.0,227.75,275269,64699697.3,23-APR-2018,4672,INE557B01019,
LICHSGFIN,EQ,540.0,556.0,536.1,550.45,551.0,540.85,2136054,1168575287.7,23-APR-2018,36263,INE115A01026,
LICNETFN50,EQ,108.9,109.25,106.9,108.32,106.9,108.65,164,17858.9,23-APR-2018,8,INF767K01OS7,
LICNFNHGP,EQ,110.82,113.58,110.82,113.58,113.58,110.34,825,93632.5,23-APR-2018,3,INF767K01PC8,
LINCOLN,EQ,238.05,239.9,232.05,233.3,232.5,239.25,18083,4264896.1,23-APR-2018,515,INE405C01035,
LINCPEN,EQ,411.0,423.95,411.0,418.15,418.0,416.65,1792,749276.2,23-APR-2018,93,INE802B01019,
LINDEINDIA,EQ,464.0,464.0,456.05,459.2,460.0,463.9,8075,3711931.05,23-APR-2018,331,INE473A01011,
LIQUIDBEES,EQ,1000.0,1000.01,997.55,1000.0,1000.0,1000.0,824255,824257273.11,23-APR-2018,2746,INF732E01037,
LIQUIDETF,EQ,1000.0,1000.0,1000.0,1000.0,1000.0,1000.01,29,29000.0,23-APR-2018,3,INF740KA1EU7,
LITL,BE,0.9,0.9,0.9,0.9,0.9,0.95,1727748,1554973.2,23-APR-2018,513,INE785C01048,
LML,EQ,5.85,5.9,5.7,5.75,5.8,5.95,228760,1320966.6,23-APR-2018,337,INE862A01015,
LOKESHMACH,EQ,61.45,62.25,59.4,60.3,59.75,61.5,20307,1235944.0,23-APR-2018,232,INE397H01017,
LOTUSEYE,EQ,28.85,32.5,28.85,30.5,30.5,31.55,12301,377248.0,23-APR-2018,52,INE947I01017,
LOVABLE,EQ,173.4,187.4,173.0,180.8,180.75,172.15,1142781,206968236.05,23-APR-2018,14388,INE597L01014,
LPDC,EQ,3.65,3.8,3.5,3.6,3.65,3.65,47636,171860.9,23-APR-2018,47,INE197J01017,
LSIL,BE,1.35,1.35,1.25,1.3,1.3,1.3,241255,310446.8,23-APR-2018,135,INE093R01011,
LT,EQ,1370.0,1378.0,1355.5,1360.0,1356.05,1365.05,1364935,1865323173.3,23-APR-2018,36951,INE018A01030,
LTI,EQ,1409.0,1567.0,1407.0,1533.25,1522.1,1399.0,732973,1107637186.1,23-APR-2018,38580,INE214T01019,
LTTS,EQ,1199.9,1284.0,1195.0,1246.1,1246.0,1194.05,344232,430111427.2,23-APR-2018,13990,INE010V01017,
LUMAXIND,EQ,2250.3,2290.05,2225.65,2263.8,2270.0,2258.35,2941,6626560.25,23-APR-2018,362,INE162B01018,
LUMAXTECH,EQ,899.0,899.0,886.1,888.95,890.0,905.8,5260,4699889.5,23-APR-2018,328,INE872H01019,
LUPIN,EQ,799.0,817.9,797.4,811.85,812.9,799.9,2168704,1756715136.2,23-APR-2018,43169,INE326A01037,
LUXIND,EQ,1788.0,1898.0,1787.95,1875.7,1875.0,1788.35,70921,132154641.2,23-APR-2018,3061,INE150G01020,
LYCOS,BE,4.85,4.85,4.6,4.65,4.65,4.8,253285,1174570.95,23-APR-2018,277,INE425B01027,
LYKALABS,EQ,49.8,50.5,48.2,48.45,48.5,49.55,37835,1865596.55,23-APR-2018,349,INE933A01014,
LYPSAGEMS,EQ,20.85,24.35,20.05,24.35,24.35,20.3,502267,12038549.85,23-APR-2018,1584,INE142K01011,
M&M,EQ,803.9,833.8,800.05,824.3,823.05,799.5,2751312,2255725375.85,23-APR-2018,73505,INE101A01026,
M&MFIN,EQ,508.0,518.35,503.5,511.85,518.0,504.6,1632292,832398284.0,23-APR-2018,23699,INE774D01024,
M100,EQ,20.85,20.95,20.55,20.66,20.8,20.56,14569,300862.92,23-APR-2018,115,INF247L01023,
M50,EQ,101.0,101.29,99.56,101.2,101.2,99.02,2151,216246.91,23-APR-2018,67,INF247L01536,
MAANALU,EQ,147.0,149.85,142.2,143.8,144.35,149.2,19306,2802728.45,23-APR-2018,491,INE215I01019,
MADHAV,EQ,54.2,55.8,52.3,53.3,53.45,54.85,10763,575705.3,23-APR-2018,181,INE925C01016,
MADHUCON,EQ,21.5,22.2,21.35,21.5,21.5,21.6,62726,1362707.25,23-APR-2018,381,INE378D01032,
MADRASFERT,EQ,37.45,39.0,36.8,37.65,37.7,37.25,261933,9983005.6,23-APR-2018,1511,INE414A01015,
MAGADSUGAR,EQ,94.6,103.1,93.4,95.2,95.1,94.6,10094,963270.85,23-APR-2018,177,INE347W01011,
MAGMA,EQ,172.0,173.0,170.25,172.0,172.7,172.4,237434,40649789.85,23-APR-2018,3108,INE511C01022,
MAGNUM,EQ,10.75,10.8,10.35,10.4,10.35,10.55,10818,113948.35,23-APR-2018,69,INE387I01016,
MAHABANK,EQ,14.2,14.3,14.0,14.1,14.2,14.0,268849,3799663.25,23-APR-2018,688,INE457A01014,
MAHAPEXLTD,BE,233.8,233.8,225.0,233.8,233.8,222.7,3087,720181.85,23-APR-2018,45,INE843B01013,
MAHASTEEL,EQ,66.15,67.2,65.35,65.5,65.4,66.5,6426,426345.95,23-APR-2018,186,INE451L01014,
MAHINDCIE,EQ,237.35,239.9,232.35,237.3,236.05,237.35,466641,110807369.35,23-APR-2018,12142,INE536H01010,
MAHLIFE,EQ,448.6,454.8,446.0,448.8,450.0,450.15,21122,9515134.45,23-APR-2018,1506,INE813A01018,
MAHLOG,EQ,487.5,489.55,484.0,484.9,484.25,485.5,10216,4956797.85,23-APR-2018,374,INE766P01016,
MAHSCOOTER,EQ,2391.35,2449.95,2379.95,2435.75,2440.0,2401.3,3772,9074600.75,23-APR-2018,255,INE288A01013,
MAHSEAMLES,EQ,473.85,485.0,465.05,475.4,471.0,472.0,172456,81109381.95,23-APR-2018,1110,INE271B01025,
MAITHANALL,EQ,892.0,898.0,884.5,888.6,895.0,886.3,37683,33545985.65,23-APR-2018,1625,INE683C01011,
MAJESCO,EQ,543.45,572.0,535.0,565.35,566.0,540.0,296799,166120437.3,23-APR-2018,8084,INE898S01029,
MALUPAPER,EQ,41.1,41.95,40.6,41.3,41.5,41.1,12163,501052.35,23-APR-2018,138,INE383H01017,
MANAKALUCO,EQ,11.55,11.7,10.75,10.95,11.05,11.55,52107,578236.7,23-APR-2018,126,INE859Q01017,
MANAKCOAT,EQ,15.45,15.45,14.7,14.8,14.8,15.0,4810,71389.45,23-APR-2018,55,INE830Q01018,
MANAKSIA,EQ,57.75,58.25,56.6,57.15,57.0,57.2,15801,910778.8,23-APR-2018,74,INE015D01022,
MANAKSTEEL,EQ,33.5,33.5,31.5,32.35,32.05,32.65,235546,7630701.1,23-APR-2018,364,INE824Q01011,
MANALIPETC,EQ,37.3,38.5,37.3,37.55,37.55,37.75,273424,10375189.25,23-APR-2018,1514,INE201A01024,
MANAPPURAM,EQ,118.9,120.4,118.1,119.7,119.6,119.2,1420680,169261021.2,23-APR-2018,9313,INE522D01027,
MANDHANA,EQ,5.9,6.1,5.9,6.1,6.1,5.85,34614,209399.3,23-APR-2018,95,INE087J01010,
MANGALAM,EQ,169.65,171.0,168.6,169.15,169.45,169.9,23614,4007873.5,23-APR-2018,565,INE584F01014,
MANGCHEFER,EQ,65.05,66.7,64.8,65.65,65.1,65.1,52238,3445366.85,23-APR-2018,395,INE558B01017,
MANGLMCEM,EQ,313.5,321.95,313.0,314.9,315.0,312.8,12629,3973765.65,23-APR-2018,333,INE347A01017,
MANGTIMBER,EQ,26.9,28.25,26.9,27.65,27.55,27.75,16188,451138.2,23-APR-2018,213,INE805B01012,
MANINDS,EQ,141.95,142.5,138.35,139.5,138.85,141.65,205638,28790761.25,23-APR-2018,1948,INE993A01026,
MANINFRA,EQ,53.15,54.45,53.0,53.25,53.4,53.5,148610,7982620.35,23-APR-2018,1712,INE949H01023,
MANPASAND,EQ,430.3,434.6,423.5,430.2,428.1,430.3,56342,24267106.7,23-APR-2018,2237,INE122R01018,
MANUGRAPH,EQ,48.2,51.6,45.9,50.15,50.6,48.85,31305,1551284.9,23-APR-2018,327,INE867A01022,
MARALOVER,EQ,35.25,37.9,34.6,35.0,34.65,35.25,16403,574667.8,23-APR-2018,121,INE882A01013,
MARATHON,EQ,227.4,240.0,227.4,235.75,236.0,232.95,9820,2319704.4,23-APR-2018,192,INE182D01020,
MARICO,EQ,317.95,320.6,316.0,316.95,317.4,316.9,484381,154320443.25,23-APR-2018,14911,INE196A01026,
MARKSANS,EQ,33.25,34.25,32.95,33.45,33.35,33.25,1594678,53643955.4,23-APR-2018,4993,INE750C01026,
MARUTI,EQ,9039.9,9125.0,9005.95,9064.85,9069.9,9025.0,302205,2742656125.3,23-APR-2018,43912,INE585B01010,
MASFIN,EQ,611.05,611.05,602.15,607.5,602.15,613.75,36120,21958872.9,23-APR-2018,429,INE348L01012,
MASTEK,EQ,601.8,620.0,596.55,606.9,606.0,601.3,590512,361109292.05,23-APR-2018,14576,INE759A01021,
MATRIMONY,EQ,817.5,835.0,810.1,819.15,825.0,808.35,2979,2468495.25,23-APR-2018,401,INE866R01028,
MAWANASUG,EQ,46.1,47.5,45.5,46.5,46.4,46.05,96888,4524331.35,23-APR-2018,714,INE636A01039,
MAXINDIA,EQ,83.25,84.9,82.0,82.9,82.8,83.0,90767,7591511.2,23-APR-2018,952,INE153U01017,
MAXVIL,EQ,72.95,74.2,71.65,72.3,72.3,72.8,51231,3724343.6,23-APR-2018,733,INE154U01015,
MAYURUNIQ,EQ,468.95,492.95,466.0,489.2,489.2,465.45,9176,4398215.5,23-APR-2018,561,INE040D01038,
MAZDA,EQ,392.0,398.0,388.0,392.7,390.1,390.65,4944,1943740.85,23-APR-2018,238,INE885E01034,
MBECL,EQ,58.15,59.95,58.15,58.35,58.25,59.45,8668,508433.85,23-APR-2018,131,INE748A01016,
MBLINFRA,EQ,25.05,27.55,24.95,27.05,27.15,26.25,404651,10606439.6,23-APR-2018,860,INE912H01013,
MCDHOLDING,EQ,41.3,42.0,40.6,40.75,40.85,42.95,76433,3149486.85,23-APR-2018,663,INE836H01014,
MCDOWELL-N,EQ,3445.0,3516.0,3425.5,3488.5,3477.3,3451.3,265380,921553542.3,23-APR-2018,19864,INE854D01016,
MCLEODRUSS,EQ,157.0,161.7,156.4,158.8,159.5,157.6,263081,41993406.1,23-APR-2018,1421,INE942G01012,
MCX,EQ,784.95,792.75,778.15,785.55,786.2,785.25,315660,248149588.55,23-APR-2018,9654,INE745G01035,
MEGASOFT,EQ,12.3,13.1,12.25,12.85,13.05,12.7,55671,719202.85,23-APR-2018,142,INE933B01012,
MEGH,EQ,103.0,103.9,102.0,102.3,102.15,103.25,837246,85903804.55,23-APR-2018,4972,INE974H01013,
MENONBE,EQ,104.55,109.2,104.55,108.05,107.4,106.65,33359,3582624.45,23-APR-2018,545,INE071D01033,
MEP,EQ,76.2,79.0,75.1,77.05,76.65,76.2,346211,26437814.15,23-APR-2018,3123,INE776I01010,
MERCATOR,EQ,32.4,32.6,31.55,31.85,31.9,32.45,943017,29977507.95,23-APR-2018,3112,INE934B01028,
MERCK,EQ,1784.0,2020.0,1766.0,1902.8,1900.1,1761.6,402355,770487506.95,23-APR-2018,26414,INE199A01012,
METALFORGE,EQ,25.95,25.95,25.95,25.95,25.95,27.3,8764,227425.8,23-APR-2018,68,INE425A01011,
METKORE,EQ,2.9,3.0,2.85,2.9,2.85,3.0,9060,26225.9,23-APR-2018,32,INE592I01029,
MFSL,EQ,473.65,509.0,472.0,500.5,500.85,478.65,1886785,939327243.5,23-APR-2018,48480,INE180A01020,
MGL,EQ,908.95,914.0,900.3,911.55,910.05,907.35,286832,260564288.9,23-APR-2018,11050,INE002S01010,
MHRIL,EQ,326.0,334.15,324.0,326.85,326.5,324.45,144057,47450079.2,23-APR-2018,3812,INE998I01010,
MIC,BE,5.4,5.8,5.4,5.4,5.4,5.65,78387,424844.65,23-APR-2018,172,INE287C01029,
MIDHANI,EQ,170.75,175.8,162.0,162.25,162.0,170.5,2313431,387887895.85,23-APR-2018,26719,INE099Z01011,
MINDACORP,EQ,176.9,207.6,176.85,201.2,200.6,175.85,5794266,1150580491.5,23-APR-2018,54378,INE842C01021,
MINDAIND,EQ,1152.0,1152.0,1127.05,1137.05,1134.5,1140.6,61820,70548353.75,23-APR-2018,2649,INE405E01023,
MINDTECK,EQ,72.05,74.0,71.05,72.05,71.4,72.75,10570,762761.6,23-APR-2018,266,INE110B01017,
MINDTREE,EQ,978.95,1027.7,966.3,1000.6,999.8,979.85,8986864,9058494220.75,23-APR-2018,142134,INE018I01017,
MIRCELECTR,EQ,48.6,49.7,47.85,48.1,48.1,48.5,611308,29853492.6,23-APR-2018,2986,INE831A01028,
MIRZAINT,EQ,137.45,142.7,135.55,142.0,141.7,137.15,431383,60508912.05,23-APR-2018,4171,INE771A01026,
MMFL,EQ,1078.0,1114.95,1063.05,1103.2,1100.55,1063.9,2365,2591561.7,23-APR-2018,278,INE227C01017,
MMTC,EQ,65.0,66.8,65.0,66.05,66.3,64.6,1820954,120383335.8,23-APR-2018,9249,INE123F01029,
MOHITIND,EQ,29.8,31.9,29.0,31.2,30.9,29.35,119135,3715709.9,23-APR-2018,735,INE954E01012,
MOHOTAIND,EQ,166.95,170.5,156.3,169.6,170.5,162.4,14956,2529094.95,23-APR-2018,211,INE313D01013,
MOIL,EQ,214.1,221.0,214.1,217.7,218.15,213.85,380822,83224827.85,23-APR-2018,6498,INE490G01020,
MOLDTECH,EQ,50.0,52.25,50.0,50.7,50.7,50.0,5616,286017.05,23-APR-2018,41,INE835B01035,
MOLDTKPAC,EQ,334.8,334.8,324.1,325.8,325.5,328.75,10855,3543285.55,23-APR-2018,1250,INE893J01029,
MONNETISPA,EQ,17.75,17.75,17.75,17.75,17.75,18.65,108710,1929602.5,23-APR-2018,351,INE743C01013,
MONSANTO,EQ,2655.85,2744.95,2645.05,2707.2,2706.0,2658.35,17502,47345242.2,23-APR-2018,783,INE274B01011,
MONTECARLO,EQ,550.05,557.05,541.85,544.3,544.5,550.05,28256,15553175.3,23-APR-2018,534,INE950M01013,
MORARJEE,EQ,42.05,43.8,42.05,42.7,42.85,42.75,4372,187048.75,23-APR-2018,72,INE161G01027,
MOREPENLAB,EQ,39.5,41.35,38.75,40.4,40.4,39.3,5996985,241772558.65,23-APR-2018,18539,INE083A01026,
MOSERBAER,BE,3.55,3.65,3.45,3.55,3.55,3.5,75235,266471.15,23-APR-2018,109,INE739A01015,
MOTHERSUMI,EQ,352.75,355.05,351.0,351.9,351.2,351.1,2065235,727539222.35,23-APR-2018,59751,INE775A01035,
MOTILALOFS,EQ,996.0,1023.65,991.1,994.9,995.0,995.65,141084,141466641.35,23-APR-2018,3542,INE338I01027,
MOTOGENFIN,EQ,39.0,42.2,39.0,40.25,40.05,40.5,411,16608.1,23-APR-2018,25,INE861B01015,
MPHASIS,EQ,909.8,944.75,908.95,931.8,932.0,903.9,542992,505307428.4,23-APR-2018,29039,INE356A01018,
MPSLTD,EQ,529.95,564.8,525.05,537.9,545.0,520.9,54669,29789298.8,23-APR-2018,1328,INE943D01017,
MRF,EQ,78300.0,78742.7,77600.0,77961.45,77800.0,78110.1,4238,331321731.75,23-APR-2018,2126,INE883A01011,
MRO-TEK,BE,21.0,21.0,20.0,20.3,20.0,20.0,5000,101431.0,23-APR-2018,5,INE398B01018,
MRPL,EQ,108.0,108.6,107.0,107.6,107.55,107.75,462630,49769624.45,23-APR-2018,5026,INE103A01014,
MSPL,EQ,18.15,19.1,17.9,18.15,17.9,18.7,3801,69736.5,23-APR-2018,24,INE752G01015,
MTEDUCARE,EQ,71.3,71.9,71.3,71.65,71.55,71.3,35529,2541652.6,23-APR-2018,479,INE472M01018,
MTNL,EQ,19.8,20.45,19.55,20.2,20.3,19.85,1192231,23932279.1,23-APR-2018,2738,INE153A01019,
MUKANDENGG,EQ,39.15,39.85,38.55,39.6,39.25,39.45,5292,207829.05,23-APR-2018,289,INE022B01014,
MUKANDLTD,EQ,70.8,71.5,68.6,69.15,69.0,70.4,57290,3982604.85,23-APR-2018,310,INE304A01026,
MUKTAARTS,EQ,66.85,66.85,63.75,65.45,64.55,65.1,64062,4187612.15,23-APR-2018,346,INE374B01019,
MUNJALAU,EQ,75.45,76.0,75.0,75.3,75.3,75.4,34342,2588745.7,23-APR-2018,408,INE672B01032,
MUNJALSHOW,EQ,233.0,233.0,226.25,228.2,227.1,229.25,20079,4599160.9,23-APR-2018,499,INE577A01027,
MURUDCERA,EQ,37.1,39.5,37.05,38.7,38.6,37.5,52682,2030876.65,23-APR-2018,432,INE692B01014,
MUTHOOTCAP,EQ,947.95,947.95,917.0,925.4,922.1,940.0,11364,10599407.6,23-APR-2018,751,INE296G01013,
MUTHOOTFIN,EQ,430.0,439.9,428.1,437.95,438.0,433.35,895976,389420328.95,23-APR-2018,19249,INE414G01012,
MVL,BE,0.45,0.45,0.35,0.4,0.4,0.4,36499,14864.95,23-APR-2018,31,INE744I01034,
N100,EQ,527.71,527.71,520.01,526.04,525.0,525.95,2281,1198368.74,23-APR-2018,96,INF247L01031,
NACLIND,EQ,44.35,44.35,42.5,42.6,42.65,43.35,63519,2740294.85,23-APR-2018,564,INE295D01020,
NAGAFERT,EQ,18.65,19.4,18.55,18.65,18.7,19.05,290993,5488760.6,23-APR-2018,928,INE454M01024,
NAGAROIL,EQ,3.3,3.3,2.85,2.85,2.85,3.55,4306212,12643403.55,23-APR-2018,2080,INE453M01018,
NAGREEKCAP,EQ,42.0,42.35,41.15,41.3,41.9,42.1,1415,59308.1,23-APR-2018,16,INE245I01016,
NAGREEKEXP,EQ,36.45,37.35,34.6,35.7,35.5,35.65,16664,601181.25,23-APR-2018,77,INE123B01028,
NAHARCAP,EQ,142.9,142.9,138.7,139.95,140.8,138.05,4323,606633.95,23-APR-2018,34,INE049I01012,
NAHARINDUS,EQ,82.85,82.85,79.5,79.95,79.5,81.75,10141,813182.8,23-APR-2018,177,INE289A01011,
NAHARPOLY,EQ,58.45,59.8,58.05,58.5,58.5,58.5,9219,540694.9,23-APR-2018,103,INE308A01027,
NAHARSPING,EQ,95.5,97.45,94.15,95.35,95.65,95.25,11772,1123032.55,23-APR-2018,526,INE290A01027,
NAKODA,BE,0.3,0.35,0.3,0.3,0.3,0.35,91940,28065.2,23-APR-2018,74,INE559B01023,
NATCOPHARM,EQ,807.0,817.9,798.75,812.05,812.0,802.7,148072,119639650.6,23-APR-2018,4922,INE987B01026,
NATHBIOGEN,EQ,537.8,547.7,525.1,529.35,531.0,537.8,48962,26344770.25,23-APR-2018,2934,INE448G01010,
NATIONALUM,EQ,86.4,87.05,84.55,84.85,84.7,86.05,11417218,977007347.3,23-APR-2018,28798,INE139A01034,
NATNLSTEEL,EQ,33.8,33.95,33.0,33.0,33.0,33.15,8171,271825.3,23-APR-2018,91,INE088B01015,
NAUKRI,EQ,1206.0,1218.0,1199.1,1212.6,1208.2,1204.75,246076,296912821.0,23-APR-2018,2207,INE663F01024,
NAVINFLUOR,EQ,765.95,786.0,761.95,774.7,777.9,761.95,27914,21690897.3,23-APR-2018,1515,INE048G01026,
NAVKARCORP,EQ,175.9,180.8,175.9,177.15,177.0,175.05,113011,20123504.9,23-APR-2018,1734,INE278M01019,
NAVNETEDUL,EQ,154.95,154.95,152.25,152.8,153.7,154.65,8185,1252996.95,23-APR-2018,251,INE060A01024,
NBCC,EQ,208.1,208.4,205.4,206.1,205.6,208.85,1143752,236413149.7,23-APR-2018,11393,INE095N01023,
NBIFIN,EQ,1389.65,1389.65,1354.0,1355.05,1355.05,1385.0,41,56106.9,23-APR-2018,12,INE365I01020,
NBVENTURES,EQ,147.0,152.7,146.0,151.75,150.95,146.0,345162,51843991.8,23-APR-2018,3073,INE725A01022,
NCC,EQ,131.1,133.55,128.35,129.2,129.8,132.0,2572766,337416927.05,23-APR-2018,11253,INE868B01028,
NCLIND,EQ,238.05,240.8,236.1,238.15,237.3,238.85,23239,5558310.35,23-APR-2018,440,INE732C01016,
NDGL,EQ,1560.0,1560.0,1500.0,1545.7,1550.0,1563.1,77,117687.85,23-APR-2018,23,INE756C01015,
NDL,EQ,130.9,131.75,129.75,130.15,130.3,130.15,23913,3124063.8,23-APR-2018,341,INE875G01030,
NDTV,EQ,41.55,43.3,41.55,42.3,42.2,42.05,19047,808676.4,23-APR-2018,146,INE155G01029,
NECCLTD,EQ,17.8,18.35,17.5,17.75,17.8,17.8,27393,489302.9,23-APR-2018,130,INE553C01016,
NECLIFE,EQ,27.9,27.95,27.0,27.2,27.1,27.4,147341,4051684.9,23-APR-2018,1087,INE023H01027,
NELCAST,EQ,90.0,90.0,87.9,88.5,88.85,89.0,82145,7251425.5,23-APR-2018,1895,INE189I01024,
NELCO,BE,191.5,192.0,184.5,190.55,191.0,190.4,50373,9534180.95,23-APR-2018,421,INE045B01015,
NESCO,EQ,552.0,564.4,544.1,560.95,560.0,557.15,17236,9628020.05,23-APR-2018,570,INE317F01035,
NESTLEIND,EQ,9161.1,9182.15,8880.05,8905.35,8950.0,9162.0,67578,609318355.7,23-APR-2018,16212,INE239A01016,
NETWORK18,EQ,57.75,59.2,57.2,58.35,58.35,57.75,603522,35294050.75,23-APR-2018,2995,INE870H01013,
NEULANDLAB,EQ,732.0,736.05,715.15,721.2,716.5,713.7,6612,4785731.7,23-APR-2018,365,INE794A01010,
NEWGEN,EQ,233.0,243.45,233.0,237.3,236.85,232.35,44551,10620159.3,23-APR-2018,1606,INE619B01017,
NEXTMEDIA,EQ,15.2,15.9,15.0,15.75,15.85,15.2,15198,236545.85,23-APR-2018,65,INE747B01016,
NFL,EQ,58.8,59.3,58.4,58.65,58.75,58.9,159197,9370770.6,23-APR-2018,969,INE870D01012,
NH,EQ,275.0,275.05,272.0,272.85,272.9,274.85,30840,8435963.65,23-APR-2018,523,INE410P01011,
NHPC,EQ,28.1,28.5,27.85,28.15,28.2,28.1,4794847,135085981.6,23-APR-2018,6716,INE848E01016,
NIACL,EQ,652.85,670.3,652.85,665.9,665.1,660.25,16146,10741150.95,23-APR-2018,1077,INE470Y01017,
NIBL,EQ,22.0,22.85,21.75,21.8,21.75,22.0,9679,214896.0,23-APR-2018,90,INE047O01014,
NIFTYBEES,EQ,1091.01,1099.0,1088.79,1094.72,1092.51,1090.04,42729,46845251.54,23-APR-2018,769,INF732E01011,
NIFTYEES,EQ,10250.0,10545.0,9954.0,10545.0,10545.0,10600.0,6,61367.0,23-APR-2018,6,INF754K01EK3,
NIITLTD,EQ,109.0,124.8,108.7,117.3,117.7,108.7,17436655,2083929160.65,23-APR-2018,95601,INE161A01038,
NIITTECH,EQ,993.15,1088.55,990.6,1035.7,1038.65,993.15,5462499,5770546539.1,23-APR-2018,108919,INE591G01017,
NILAINFRA,EQ,20.3,20.85,20.2,20.5,20.45,20.25,916097,18809091.75,23-APR-2018,1113,INE937C01029,
NILKAMAL,EQ,1698.7,1775.0,1681.0,1752.9,1753.0,1688.0,71118,124364715.45,23-APR-2018,5203,INE310A01015,
NIPPOBATRY,EQ,830.0,840.45,822.55,829.6,829.0,822.9,1069,890209.7,23-APR-2018,114,INE567A01010,
NITCO,EQ,97.0,101.0,95.55,97.3,97.0,97.25,140307,13766375.9,23-APR-2018,1729,INE858F01012,
NITESHEST,BE,12.6,12.7,12.05,12.1,12.05,12.6,53863,660171.5,23-APR-2018,148,INE639K01016,
NITINFIRE,BE,5.0,5.1,4.95,4.95,5.0,4.9,154330,780028.25,23-APR-2018,184,INE489H01020,
NITINSPIN,EQ,102.0,103.05,99.55,99.7,99.85,102.7,141628,14186741.95,23-APR-2018,2748,INE229H01012,
NKIND,EQ,47.2,49.0,46.75,46.9,46.75,47.75,857,40886.35,23-APR-2018,33,INE542C01019,
NLCINDIA,EQ,87.85,88.05,87.0,87.15,87.2,87.8,167837,14661896.45,23-APR-2018,2015,INE589A01014,
NMDC,EQ,123.45,125.4,122.05,124.5,123.8,123.0,2843083,352403204.75,23-APR-2018,15400,INE584A01023,
NOCIL,EQ,218.9,226.5,216.0,224.4,224.0,218.75,1641847,365886914.4,23-APR-2018,15240,INE163A01018,
NOIDATOLL,EQ,11.9,11.9,11.5,11.55,11.5,11.6,36053,418898.25,23-APR-2018,140,INE781B01015,
NORBTEAEXP,BE,7.8,8.05,7.8,8.0,8.0,7.7,4027,32018.5,23-APR-2018,19,INE369C01017,
NRAIL,EQ,506.55,528.9,503.65,522.45,524.25,515.7,17527,9102351.85,23-APR-2018,867,INE740D01017,
NRBBEARING,EQ,176.5,180.0,176.05,177.2,177.0,174.6,702925,125475057.95,23-APR-2018,17957,INE349A01021,
NSIL,EQ,1228.0,1235.0,1204.65,1216.0,1220.0,1227.05,418,506584.5,23-APR-2018,66,INE023A01030,
NTL,EQ,3.8,3.8,3.3,3.35,3.35,3.5,20148,66990.05,23-APR-2018,48,INE333I01036,
NTPC,EQ,174.05,175.5,173.15,173.6,173.9,174.35,2974188,517415568.75,23-APR-2018,28940,INE733E01010,
NUCLEUS,EQ,449.5,483.0,448.0,467.1,467.0,447.35,118436,55714980.2,23-APR-2018,4480,INE096B01018,
NUTEK,EQ,0.85,0.9,0.85,0.85,0.85,0.85,124326,108631.3,23-APR-2018,101,INE318J01027,
OBEROIRLTY,EQ,525.9,592.0,525.9,577.15,590.45,521.25,2314914,1297148544.65,23-APR-2018,45029,INE093I01010,
OCCL,EQ,1165.0,1175.05,1125.1,1157.45,1159.0,1141.95,6748,7743495.3,23-APR-2018,765,INE321D01016,
OCL,EQ,1381.45,1418.95,1381.45,1397.8,1400.0,1379.1,12130,17004512.75,23-APR-2018,663,INE290B01025,
OFSS,EQ,4306.45,4363.0,4215.35,4244.9,4288.0,4306.05,54999,236351860.2,23-APR-2018,5593,INE881D01027,
OIL,EQ,230.25,233.45,227.25,231.6,231.45,230.45,897579,207882341.35,23-APR-2018,11478,INE274J01014,
OILCOUNTUB,EQ,30.1,30.1,28.95,29.25,29.0,29.8,85606,2502247.9,23-APR-2018,433,INE591A01010,
OISL,EQ,3.5,3.65,3.5,3.5,3.5,3.65,10428,36520.05,23-APR-2018,23,INE196J01019,
OMAXAUTO,BE,173.75,183.0,173.0,178.5,179.0,177.85,35459,6391577.95,23-APR-2018,371,INE090B01011,
OMAXE,EQ,220.65,222.65,217.6,220.15,222.5,220.5,577959,127342218.6,23-APR-2018,3200,INE800H01010,
OMKARCHEM,EQ,24.25,24.25,24.25,24.25,24.25,25.5,26809,650118.25,23-APR-2018,206,INE474L01016,
OMMETALS,EQ,55.9,56.8,55.15,55.4,55.7,55.9,49980,2791854.15,23-APR-2018,532,INE239D01028,
ONELIFECAP,EQ,26.65,28.85,26.1,26.8,26.8,26.9,9673,259045.7,23-APR-2018,63,INE912L01015,
ONGC,EQ,183.4,183.75,179.4,181.05,181.0,182.35,3930421,711417739.55,23-APR-2018,70498,INE213A01029,
ONMOBILE,EQ,45.35,46.5,44.75,45.2,45.2,45.25,293972,13361964.0,23-APR-2018,2265,INE809I01019,
ONWARDTEC,EQ,94.0,95.5,90.1,91.9,91.5,92.95,35962,3350031.2,23-APR-2018,547,INE229A01017,
OPTIEMUS,BE,244.2,245.1,230.35,245.0,245.0,242.45,22590,5454243.1,23-APR-2018,381,INE350C01017,
OPTOCIRCUI,EQ,10.1,10.55,9.9,10.0,10.0,10.1,1591989,16297214.7,23-APR-2018,1925,INE808B01016,
ORBTEXP,EQ,143.0,144.8,139.5,143.4,144.8,140.45,6935,979991.2,23-APR-2018,137,INE231G01010,
ORICONENT,EQ,56.4,56.65,55.35,55.9,55.85,56.8,168689,9432507.65,23-APR-2018,1429,INE730A01022,
ORIENTABRA,EQ,45.0,45.0,42.0,42.95,42.7,43.45,40041,1723679.55,23-APR-2018,302,INE569C01020,
ORIENTALTL,EQ,14.0,14.0,13.05,13.35,13.1,13.55,2276,30020.4,23-APR-2018,22,INE998H01012,
ORIENTBANK,EQ,89.4,91.8,88.0,89.95,89.8,90.2,3451821,311009278.5,23-APR-2018,13863,INE141A01014,
ORIENTBELL,EQ,325.0,325.0,310.0,322.45,322.9,320.0,7562,2419272.45,23-APR-2018,568,INE607D01018,
ORIENTCEM,EQ,143.0,145.15,140.65,143.4,143.9,142.7,30721,4396139.05,23-APR-2018,640,INE876N01018,
ORIENTHOT,EQ,54.15,56.25,54.15,55.5,55.4,54.45,423877,23584010.05,23-APR-2018,2373,INE750A01020,
ORIENTLTD,EQ,319.0,321.7,313.0,318.4,317.95,309.45,45691,14500970.35,23-APR-2018,1101,INE609C01024,
ORIENTPPR,EQ,43.7,44.45,43.1,43.8,44.35,43.6,77920,3397450.3,23-APR-2018,713,INE592A01026,
ORIENTREF,EQ,169.15,169.15,162.75,165.95,166.5,163.0,74713,12227938.8,23-APR-2018,351,INE743M01012,
ORISSAMINE,EQ,1729.85,1781.1,1725.1,1732.25,1731.1,1729.25,3987,6970154.75,23-APR-2018,1017,INE725E01024,
ORTEL,EQ,22.4,22.4,21.3,21.35,21.3,21.4,4198,90434.95,23-APR-2018,38,INE849L01019,
ORTINLABSS,EQ,18.35,18.5,17.65,18.4,18.35,18.0,13364,241292.45,23-APR-2018,69,INE749B01012,
OSWALAGRO,BE,13.5,13.5,12.3,12.55,12.85,12.9,1978,24743.1,23-APR-2018,32,INE142A01012,
PAEL,BE,4.55,4.55,4.55,4.55,4.55,4.55,101,459.55,23-APR-2018,2,INE766A01018,
PAGEIND,EQ,24300.0,24438.9,23851.05,23955.75,23993.9,24321.95,11775,283058919.85,23-APR-2018,4994,INE761H01022,
PAISALO,EQ,306.8,306.8,299.5,299.65,299.65,299.7,325,97878.7,23-APR-2018,12,INE420C01042,
PALASHSECU,EQ,57.2,59.9,57.2,59.9,59.9,58.25,3235,187643.05,23-APR-2018,41,INE471W01019,
PALREDTEC,EQ,81.9,83.15,80.05,81.15,80.05,80.05,4609,375797.7,23-APR-2018,86,INE218G01033,
PANACEABIO,EQ,294.0,295.45,288.1,290.3,289.6,293.1,99570,29019641.7,23-APR-2018,1721,INE922B01023,
PANAMAPET,EQ,221.05,229.0,221.05,225.95,226.9,225.4,16524,3721896.45,23-APR-2018,622,INE305C01029,
PANORAMUNI,EQ,8.7,8.8,8.2,8.3,8.3,8.75,18767,159832.45,23-APR-2018,72,INE194B01029,
PAPERPROD,EQ,359.0,360.8,353.2,357.55,355.0,358.45,5379,1929344.75,23-APR-2018,273,INE275B01026,
PARABDRUGS,EQ,6.45,6.75,6.45,6.6,6.6,6.7,207759,1381438.65,23-APR-2018,19,INE618H01016,
PARACABLES,EQ,15.05,15.4,14.8,15.05,15.25,15.25,99922,1512989.3,23-APR-2018,240,INE074B01023,
PARAGMILK,EQ,298.0,299.8,293.2,295.6,295.3,298.55,764684,226324034.8,23-APR-2018,7569,INE883N01014,
PARSVNATH,EQ,14.0,14.8,13.9,13.95,13.95,14.25,64889,921571.1,23-APR-2018,369,INE561H01026,
PATELENG,EQ,65.5,66.5,65.3,65.7,65.65,65.6,69037,4552570.65,23-APR-2018,656,INE244B01030,
PATINTLOG,EQ,60.55,60.55,59.55,59.75,59.65,60.2,14177,850287.15,23-APR-2018,218,INE529D01014,
PATSPINLTD,EQ,17.0,17.1,16.2,17.05,16.75,17.0,5202,86828.15,23-APR-2018,45,INE790C01014,
PBAINFRA,EQ,11.8,12.0,11.35,11.35,11.35,11.9,21717,248839.0,23-APR-2018,65,INE160H01019,
PCJEWELLER,EQ,297.0,302.4,293.6,294.7,293.65,295.8,3208717,954117503.35,23-APR-2018,45635,INE785M01013,
PDMJEPAPER,EQ,30.6,31.0,29.15,30.1,30.1,30.55,76982,2336654.5,23-APR-2018,411,INE865T01018,
PDPL,EQ,15.7,16.4,15.15,15.65,15.2,15.8,8130,127966.65,23-APR-2018,42,INE904D01019,
PDSMFL,EQ,314.05,314.05,314.0,314.0,314.0,313.3,160,50240.05,23-APR-2018,10,INE111Q01013,
PDUMJEIND,EQ,14.1,15.2,13.9,15.2,15.2,14.0,19566,283406.75,23-APR-2018,79,INE105C01023,
PEARLPOLY,BE,22.15,23.2,21.15,23.2,23.2,22.1,5859,131607.2,23-APR-2018,53,INE844A01013,
PEL,EQ,2553.0,2638.85,2553.0,2602.65,2607.0,2568.5,112226,293199307.35,23-APR-2018,9775,INE140A01024,
PENIND,EQ,54.05,55.45,54.05,55.05,54.9,54.9,200635,11026102.05,23-APR-2018,2697,INE932A01024,
PENINLAND,EQ,24.75,24.75,23.9,24.05,24.0,24.4,381059,9260590.1,23-APR-2018,1636,INE138A01028,
PENPEBS,EQ,78.7,83.4,78.25,81.3,81.0,78.2,30814,2487331.1,23-APR-2018,409,INE455O01019,
PERSISTENT,EQ,732.8,780.6,732.8,746.75,742.0,733.95,530189,399334434.05,23-APR-2018,14804,INE262H01013,
PETRONENGG,BE,88.0,88.0,80.55,83.8,83.0,84.2,1827,152435.1,23-APR-2018,37,INE742A01019,
PETRONET,EQ,242.0,242.0,236.0,237.05,237.0,239.7,2389971,567035651.2,23-APR-2018,37948,INE347G01014,
PFC,EQ,85.55,86.55,85.25,85.65,85.7,85.35,2489151,213949252.15,23-APR-2018,9551,INE134E01011,
PFIZER,EQ,2234.2,2274.4,2220.0,2238.25,2220.0,2234.2,13507,30302638.65,23-APR-2018,1957,INE182A01018,
PFOCUS,EQ,88.5,94.0,88.1,93.2,93.0,88.5,146275,13399077.75,23-APR-2018,1115,INE367G01038,
PFS,EQ,25.2,26.7,24.9,26.4,26.45,25.1,1627989,42527970.75,23-APR-2018,3728,INE560K01014,
PGEL,EQ,295.4,303.0,290.2,292.85,293.0,292.65,28068,8312365.4,23-APR-2018,654,INE457L01011,
PGHH,EQ,9792.35,9793.95,9727.6,9759.5,9792.0,9752.0,1020,9951350.35,23-APR-2018,411,INE179A01014,
PGIL,EQ,125.0,127.95,120.8,121.95,122.0,127.25,13455,1653971.85,23-APR-2018,320,INE940H01014,
PHILIPCARB,EQ,254.65,261.15,250.1,261.15,261.15,248.75,1061449,274615832.0,23-APR-2018,9753,INE602A01023,
PHOENIXLTD,EQ,650.0,653.45,603.0,610.35,607.2,634.0,180329,114227537.55,23-APR-2018,9295,INE211B01039,
PIDILITIND,EQ,1065.0,1072.6,1063.25,1068.05,1069.0,1062.35,197511,211050592.65,23-APR-2018,6974,INE318A01026,
PIIND,EQ,871.65,876.0,856.0,865.0,864.05,865.45,204312,176968739.4,23-APR-2018,2677,INE603J01030,
PILANIINVS,BE,2739.95,2739.95,2710.0,2710.0,2710.0,2749.85,171,463980.15,23-APR-2018,9,INE417C01014,
PILITA,BE,12.6,13.0,12.45,12.55,12.75,12.55,8785,110605.3,23-APR-2018,30,INE600A01035,
PINCON,EQ,28.4,29.2,27.05,27.9,27.9,28.15,298247,8354357.2,23-APR-2018,1583,INE675G01018,
PIONDIST,EQ,207.6,207.7,200.1,201.35,202.1,205.75,23457,4758079.95,23-APR-2018,727,INE889E01010,
PIONEEREMB,EQ,30.3,31.85,30.2,31.6,31.7,30.5,12871,399504.65,23-APR-2018,152,INE156C01018,
PIRPHYTO,BE,38.0,40.2,36.45,40.2,40.2,38.3,3136,120637.15,23-APR-2018,10,INE122J01015,
PITTILAM,EQ,99.65,99.7,97.0,97.25,97.35,99.2,54915,5407557.35,23-APR-2018,873,INE450D01021,
PKTEA,BE,315.0,315.0,307.5,307.5,307.5,319.0,298,92237.5,23-APR-2018,10,INE431F01018,
PLASTIBLEN,EQ,212.95,212.95,206.5,207.65,207.4,209.7,6152,1279846.1,23-APR-2018,114,INE083C01022,
PNB,EQ,93.9,95.4,93.25,94.1,94.05,93.6,15414423,1452707301.6,23-APR-2018,49180,INE160A01022,
PNBGILTS,EQ,37.4,37.7,36.95,37.2,37.1,37.3,167110,6223473.2,23-APR-2018,1172,INE859A01011,
PNBHOUSING,EQ,1358.25,1359.0,1335.35,1353.2,1355.0,1360.45,28502,38381269.4,23-APR-2018,1924,INE572E01012,
PNC,EQ,17.7,17.7,16.4,17.65,17.65,17.2,164,2781.45,23-APR-2018,8,INE392B01011,
PNCINFRA,EQ,176.95,177.75,173.25,174.1,174.0,176.45,84700,14883010.25,23-APR-2018,1789,INE195J01029,
POCHIRAJU,BE,4.65,4.65,4.4,4.55,4.65,4.5,2550,11763.75,23-APR-2018,7,INE332G01032,
PODDARHOUS,EQ,985.0,985.0,950.0,960.55,952.0,966.5,1478,1410814.75,23-APR-2018,65,INE888B01018,
PODDARMENT,EQ,291.4,295.0,285.05,286.0,285.05,288.2,4559,1320994.75,23-APR-2018,246,INE371C01013,
POKARNA,EQ,185.05,186.75,183.8,184.5,184.0,185.45,30048,5561122.5,23-APR-2018,518,INE637C01025,
POLARIS,EQ,471.65,472.95,470.05,472.5,472.5,470.25,26138,12343257.35,23-APR-2018,1494,INE763A01023,
POLYMED,EQ,246.25,264.9,246.25,256.95,256.0,255.8,28787,7382665.2,23-APR-2018,766,INE205C01021,
POLYPLEX,EQ,489.95,518.8,486.05,491.7,490.0,487.9,20385,10007273.05,23-APR-2018,770,INE633B01018,
PONNIERODE,EQ,149.05,149.85,145.05,146.8,146.25,148.0,1343,195803.1,23-APR-2018,71,INE838E01017,
POWERGRID,EQ,207.9,207.9,205.2,206.8,207.05,207.2,2328743,480823868.8,23-APR-2018,29438,INE752E01010,
POWERMECH,EQ,1024.7,1073.4,1003.65,1037.7,1036.6,1019.65,110223,114346568.6,23-APR-2018,5213,INE211R01019,
PPAP,EQ,587.25,601.3,587.15,596.35,600.0,587.25,6433,3837053.8,23-APR-2018,410,INE095I01015,
PRABHAT,EQ,182.0,188.8,180.1,184.25,183.3,182.55,63314,11706569.35,23-APR-2018,1408,INE302M01033,
PRADIP,BE,1.7,1.7,1.65,1.65,1.65,1.7,10503,17754.95,23-APR-2018,6,INE495J01015,
PRAENG,EQ,11.85,12.1,11.25,11.35,11.35,11.65,18328,212088.25,23-APR-2018,84,INE505C01016,
PRAJIND,EQ,93.85,97.25,92.45,94.2,94.4,94.1,1374044,130110162.4,23-APR-2018,10092,INE074A01025,
PRAKASH,EQ,205.0,208.2,204.6,205.55,205.0,207.05,1204326,248358184.6,23-APR-2018,15305,INE603A01013,
PRAKASHCON,EQ,8.4,8.4,8.15,8.4,8.4,8.0,504540,4234073.25,23-APR-2018,248,INE023M01027,
PRAKASHSTL,BE,0.2,0.25,0.2,0.25,0.25,0.2,26511,6302.15,23-APR-2018,7,INE696K01024,
PRATIBHA,EQ,5.7,5.9,5.45,5.75,5.9,5.85,206401,1160772.05,23-APR-2018,303,INE308H01022,
PRAXIS,EQ,240.25,251.0,230.15,231.75,232.4,240.75,58209,13870046.45,23-APR-2018,1100,INE546Y01022,
PRECAM,EQ,103.15,104.45,103.0,103.75,104.15,103.2,24635,2558092.25,23-APR-2018,447,INE484I01029,
PRECOT,EQ,60.5,60.5,58.8,60.0,60.0,61.45,807,48143.3,23-APR-2018,23,INE283A01014,
PRECWIRE,EQ,309.9,329.3,309.9,319.2,318.6,308.6,51807,16655352.25,23-APR-2018,1895,INE372C01029,
PREMEXPLN,EQ,359.5,363.45,350.0,354.85,354.5,355.75,3539,1257880.05,23-APR-2018,150,INE863B01011,
PREMIER,EQ,22.05,22.95,21.05,21.3,21.4,21.5,3057,65945.1,23-APR-2018,49,INE342A01018,
PREMIERPOL,EQ,41.5,43.5,39.4,40.65,40.65,42.4,1010,40857.1,23-APR-2018,32,INE309M01012,
PRESSMN,EQ,50.0,51.25,50.0,50.8,51.0,50.1,22125,1121383.9,23-APR-2018,204,INE980A01023,
PRESTIGE,EQ,303.95,310.0,301.55,307.2,307.4,303.95,264001,80755168.4,23-APR-2018,7049,INE811K01011,
PRICOLLTD,EQ,97.1,99.5,95.25,96.85,97.0,96.8,275972,26796361.1,23-APR-2018,1535,INE726V01018,
PRIMESECU,EQ,49.0,49.8,47.7,48.05,47.7,49.55,15539,753832.45,23-APR-2018,174,INE032B01021,
PRISMCEM,EQ,121.0,121.95,120.05,120.75,120.5,121.4,205316,24855693.35,23-APR-2018,2255,INE010A01011,
PROVOGE,EQ,4.65,4.7,4.5,4.7,4.65,4.6,45340,209933.85,23-APR-2018,86,INE968G01033,
PROZONINTU,EQ,51.25,52.0,50.5,51.1,51.1,51.0,100814,5174931.65,23-APR-2018,434,INE195N01013,
PSB,EQ,36.2,36.8,36.2,36.5,36.5,36.5,18974,692919.35,23-APR-2018,206,INE608A01012,
PSL,BE,3.6,3.6,3.45,3.45,3.45,3.6,26590,92591.85,23-APR-2018,35,INE474B01017,
PSPPROJECT,EQ,575.0,584.3,569.2,577.85,583.05,565.75,85640,49627447.65,23-APR-2018,4738,INE488V01015,
PSUBNKBEES,EQ,331.92,331.92,310.0,311.61,313.82,311.93,6189,1938302.22,23-APR-2018,79,INF732E01110,
PTC,EQ,91.8,93.25,91.1,91.55,91.5,91.8,1155946,106499324.25,23-APR-2018,4120,INE877F01012,
PTL,EQ,52.15,52.15,50.2,50.7,50.9,50.7,8399,425167.65,23-APR-2018,77,INE034D01031,
PUNJABCHEM,EQ,476.8,500.0,472.4,484.4,487.0,476.8,30663,15104067.35,23-APR-2018,1165,INE277B01014,
PUNJLLOYD,EQ,17.95,18.3,17.6,18.0,17.9,17.9,822067,14668250.65,23-APR-2018,1927,INE701B01021,
PURVA,EQ,161.85,163.9,157.0,158.05,157.2,161.4,315382,50710710.45,23-APR-2018,4578,INE323I01011,
PVP,EQ,6.2,6.2,5.9,6.1,6.15,5.9,76820,466492.3,23-APR-2018,143,INE362A01016,
PVR,EQ,1330.0,1378.0,1310.3,1374.25,1374.0,1317.4,488570,665738136.4,23-APR-2018,10499,INE191H01014,
QGOLDHALF,EQ,1390.95,1391.9,1380.0,1389.25,1386.0,1396.15,506,701512.6,23-APR-2018,97,INF082J01010,
QNIFTY,EQ,1061.7,1061.7,1061.7,1061.7,1061.7,1061.7,20,21234.0,23-APR-2018,1,INF082J01028,
QUESS,EQ,1053.9,1075.0,1048.0,1063.45,1055.15,1053.9,139104,148336868.7,23-APR-2018,3134,INE615P01015,
QUICKHEAL,EQ,327.5,333.0,321.9,327.5,328.1,325.2,517950,170222685.95,23-APR-2018,7668,INE306L01010,
RADAAN,EQ,1.8,1.8,1.8,1.8,1.8,1.8,455,819.0,23-APR-2018,1,INE874F01027,
RADICO,EQ,438.2,439.9,420.2,423.6,426.0,436.5,1263784,541930141.1,23-APR-2018,21314,INE944F01028,
RADIOCITY,EQ,388.2,393.2,382.5,385.55,382.5,387.4,5894,2288471.8,23-APR-2018,166,INE919I01016,
RAIN,EQ,353.7,354.7,339.1,340.55,340.2,355.0,2291320,790598601.75,23-APR-2018,37701,INE855B01025,
RAINBOWPAP,BE,2.65,2.65,2.5,2.5,2.5,2.6,90311,226332.6,23-APR-2018,103,INE028D01025,
RAJESHEXPO,EQ,698.0,699.6,692.8,698.5,698.8,692.15,223468,155678616.25,23-APR-2018,4296,INE343B01030,
RAJRAYON,BE,0.3,0.35,0.25,0.35,0.3,0.3,253935,81674.6,23-APR-2018,63,INE533D01024,
RAJSREESUG,EQ,32.75,33.05,31.0,32.1,32.3,31.6,42342,1355288.35,23-APR-2018,303,INE562B01019,
RAJTV,EQ,57.5,57.5,55.5,56.15,55.9,57.85,5685,318974.0,23-APR-2018,167,INE952H01027,
RALLIS,EQ,237.8,244.95,235.0,239.85,239.4,234.4,844621,203516127.5,23-APR-2018,18569,INE613A01020,
RAMANEWS,EQ,27.25,27.35,26.0,26.65,26.75,26.8,60102,1601784.95,23-APR-2018,243,INE278B01020,
RAMASTEEL,BE,189.4,189.6,185.5,186.0,188.0,188.95,24678,4622118.45,23-APR-2018,65,INE230R01027,
RAMCOCEM,EQ,855.0,879.1,847.7,855.8,861.0,844.75,698457,606050579.7,23-APR-2018,15899,INE331A01037,
RAMCOIND,EQ,274.0,277.9,271.5,273.05,273.0,274.35,63915,17521130.0,23-APR-2018,914,INE614A01028,
RAMCOSYS,EQ,487.9,515.0,479.15,498.8,500.0,483.8,294016,147531238.8,23-APR-2018,7970,INE246B01019,
RAMGOPOLY,BE,7.6,7.6,7.6,7.6,7.6,7.25,1270,9652.0,23-APR-2018,6,INE410D01017,
RAMKY,EQ,200.0,210.5,197.0,204.75,206.0,200.05,579355,119441050.3,23-APR-2018,7019,INE874I01013,
RAMSARUP,BE,1.15,1.15,1.15,1.15,1.15,1.2,1232,1416.8,23-APR-2018,8,INE005D01015,
RANASUG,EQ,5.2,5.3,5.0,5.05,5.1,5.1,404561,2069735.6,23-APR-2018,379,INE625B01014,
RANEENGINE,EQ,513.0,540.0,513.0,527.25,530.0,517.2,1168,616972.5,23-APR-2018,136,INE222J01013,
RANEHOLDIN,EQ,2780.0,2780.0,2710.15,2725.1,2710.55,2738.1,4581,12600614.9,23-APR-2018,747,INE384A01010,
RATNAMANI,EQ,981.0,985.8,963.0,973.4,970.0,980.3,3071,2998684.8,23-APR-2018,244,INE703B01027,
RAYMOND,EQ,1051.65,1055.6,1033.0,1044.25,1047.0,1047.0,358045,374171170.45,23-APR-2018,10541,INE301A01014,
RBL,EQ,1000.0,1002.2,976.6,985.7,981.15,996.05,8806,8704398.9,23-APR-2018,1166,INE244J01017,
RBLBANK,EQ,508.0,510.5,501.1,502.45,502.0,507.35,556274,281124115.15,23-APR-2018,10198,INE976G01028,
RCF,EQ,82.2,82.5,80.65,81.1,81.35,82.6,1433611,117073244.4,23-APR-2018,6424,INE027A01015,
RCOM,EQ,20.3,20.75,19.8,19.95,19.9,20.4,32593683,658844748.8,23-APR-2018,24067,INE330H01018,
RECLTD,EQ,129.1,130.3,127.55,128.1,127.7,129.5,1612211,207914844.4,23-APR-2018,9032,INE020B01018,
REDINGTON,EQ,147.0,154.0,146.5,151.95,151.45,146.6,69764,10582890.75,23-APR-2018,2139,INE891D01026,
REFEX,EQ,15.95,16.65,15.75,15.9,15.8,16.0,16343,261415.3,23-APR-2018,83,INE056I01017,
REGENCERAM,BE,4.9,4.9,4.9,4.9,4.9,4.9,27,132.3,23-APR-2018,2,INE277C01012,
RELAXO,EQ,675.9,691.3,675.0,686.45,686.0,675.45,4244,2910044.5,23-APR-2018,515,INE131B01039,
RELCAPITAL,EQ,425.8,434.7,421.1,429.45,429.15,425.05,2961334,1271019518.45,23-APR-2018,28229,INE013A01015,
RELCNX100,EQ,112.99,113.14,112.88,112.99,112.99,111.7,151,17060.54,23-APR-2018,5,INF204K014N5,
RELCONS,EQ,52.25,52.51,51.96,52.3,52.3,52.29,819,42935.01,23-APR-2018,11,INF204KA1LD7,
RELDIVOPP,EQ,29.99,29.99,29.99,29.99,29.99,29.65,130,3898.7,23-APR-2018,1,INF204KA1MS3,
RELIANCE,EQ,930.0,944.35,928.5,936.0,935.0,927.9,3508515,3284954148.55,23-APR-2018,74884,INE002A01018,
RELIGARE,EQ,57.8,58.65,56.5,56.75,56.55,57.8,376743,21690578.25,23-APR-2018,1307,INE621H01010,
RELINFRA,EQ,448.9,454.3,447.3,449.75,449.0,448.6,1403296,632280171.9,23-APR-2018,21156,INE036A01016,
RELNV20,EQ,493.46,493.46,493.46,493.46,493.46,491.1,2,986.92,23-APR-2018,1,INF204KA17D8,
REMSONSIND,EQ,84.5,90.45,83.7,89.95,90.45,86.15,12574,1108322.6,23-APR-2018,78,INE474C01015,
RENUKA,EQ,15.6,15.7,15.55,15.65,15.6,15.6,1262315,19720211.05,23-APR-2018,636,INE087H01022,
REPCOHOME,EQ,611.1,618.1,607.1,612.7,613.0,611.1,224812,137494195.7,23-APR-2018,19251,INE612J01015,
REPRO,EQ,674.0,707.0,674.0,684.85,685.0,691.3,5569,3859301.9,23-APR-2018,279,INE461B01014,
RESPONIND,EQ,72.25,74.9,71.4,73.3,72.1,72.2,217321,15968045.8,23-APR-2018,513,INE688D01026,
REVATHI,EQ,564.0,564.0,561.0,563.25,564.0,564.85,215,120841.2,23-APR-2018,16,INE617A01013,
RHFL,EQ,62.55,64.1,62.15,63.85,63.9,62.55,413763,26256462.85,23-APR-2018,2661,INE217K01011,
RICOAUTO,EQ,79.3,81.1,79.3,79.85,79.55,79.45,272473,21851098.85,23-APR-2018,2167,INE209B01025,
RIIL,EQ,456.65,461.5,452.0,453.75,453.5,455.95,255953,116732956.05,23-APR-2018,6749,INE046A01015,
RJL,EQ,312.95,318.0,296.95,310.35,310.0,310.05,5172,1612488.15,23-APR-2018,230,INE722H01016,
RKDL,EQ,14.25,14.35,13.6,13.9,13.6,14.2,6964,98311.05,23-APR-2018,31,INE722J01012,
RKFORGE,EQ,825.0,838.95,825.0,833.25,827.5,833.45,12990,10826737.85,23-APR-2018,562,INE399G01015,
RMCL,EQ,28.6,29.4,28.35,28.75,28.75,28.35,1277473,36638781.75,23-APR-2018,3061,INE172H01014,
RML,EQ,975.0,1038.0,972.95,996.0,995.0,975.35,49735,49776272.8,23-APR-2018,2866,INE050H01012,
RNAM,EQ,256.5,268.0,255.1,257.05,258.55,256.25,315134,81988818.95,23-APR-2018,4461,INE298J01013,
RNAVAL,EQ,28.3,28.45,26.05,26.95,26.85,28.2,8077574,219350932.6,23-APR-2018,21236,INE542F01012,
ROHITFERRO,EQ,3.0,3.15,2.9,2.9,2.9,3.05,24615,72215.0,23-APR-2018,57,INE248H01012,
ROHLTD,EQ,211.7,215.9,205.65,207.55,206.0,210.5,208207,44013254.85,23-APR-2018,3456,INE283H01019,
ROLLT,EQ,4.95,5.1,4.9,5.05,5.05,5.15,29809,147643.95,23-APR-2018,46,INE927A01040,
ROLTA,EQ,65.15,68.7,65.0,66.55,66.75,65.15,2022478,136027721.35,23-APR-2018,10606,INE293A01013,
ROSSELLIND,EQ,99.95,99.95,97.6,98.0,98.0,98.95,2590,254647.85,23-APR-2018,44,INE847C01020,
RPGLIFE,EQ,415.5,433.5,415.0,417.65,417.05,415.2,28415,12061475.9,23-APR-2018,988,INE105J01010,
RPOWER,EQ,38.15,38.55,37.8,38.3,38.3,38.2,3651237,139153482.8,23-APR-2018,7952,INE614G01033,
RPPINFRA,EQ,275.1,276.5,266.0,267.7,267.0,277.1,207777,56280931.55,23-APR-2018,976,INE324L01013,
RRSLGETF,EQ,16.83,16.87,16.83,16.87,16.87,16.87,304,5116.92,23-APR-2018,7,INF204KB1882,
RSSOFTWARE,EQ,53.65,57.35,53.65,54.65,54.5,53.5,134070,7439075.7,23-APR-2018,1312,INE165B01029,
RSWM,EQ,332.0,332.0,324.0,325.15,324.5,328.15,9003,2939836.5,23-APR-2018,326,INE611A01016,
RSYSTEMS,EQ,37.75,38.8,37.1,37.5,37.55,37.35,29494,1115078.3,23-APR-2018,192,INE411H01032,
RTNINFRA,EQ,5.25,5.45,5.25,5.3,5.35,5.3,748074,3971729.6,23-APR-2018,330,INE834M01019,
RTNPOWER,EQ,5.3,5.4,5.3,5.35,5.4,5.35,1560035,8357684.25,23-APR-2018,1278,INE399K01017,
RUBYMILLS,EQ,410.0,412.05,390.1,392.85,390.1,407.3,35167,14064948.25,23-APR-2018,1198,INE301D01026,
RUCHINFRA,BE,3.9,3.9,3.85,3.9,3.9,3.95,900,3470.0,23-APR-2018,4,INE413B01023,
RUCHIRA,EQ,168.0,168.0,164.5,165.65,165.5,166.9,46561,7758436.9,23-APR-2018,630,INE803H01014,
RUCHISOYA,EQ,16.6,17.5,16.25,16.5,16.5,16.0,6437742,107601447.95,23-APR-2018,6751,INE619A01027,
RUPA,EQ,434.65,450.95,431.8,441.4,443.7,432.05,105585,46979552.35,23-APR-2018,3144,INE895B01021,
RUSHIL,EQ,809.05,813.85,804.65,806.1,805.0,802.7,2563,2068367.35,23-APR-2018,241,INE573K01017,
SABEVENTS,BE,8.45,9.25,8.45,9.25,9.25,8.85,12428,109314.35,23-APR-2018,43,INE860T01019,
SABTN,BE,16.3,16.3,15.55,15.75,15.95,16.3,43592,691259.0,23-APR-2018,138,INE416A01036,
SADBHAV,EQ,399.1,399.5,386.8,388.95,387.05,398.85,49719,19509627.1,23-APR-2018,3226,INE226H01026,
SADBHIN,EQ,135.6,138.45,133.35,134.0,133.65,136.6,53134,7226147.8,23-APR-2018,583,INE764L01010,
SAGCEM,EQ,958.9,958.9,934.25,940.65,937.0,942.65,1814,1718915.55,23-APR-2018,187,INE229C01013,
SAIL,EQ,79.75,80.6,79.2,79.55,79.4,79.7,9298555,742355727.3,23-APR-2018,26681,INE114A01011,
SAKHTISUG,EQ,17.9,18.3,17.1,18.0,18.05,17.45,47584,857924.6,23-APR-2018,311,INE623A01011,
SAKSOFT,EQ,264.9,277.0,258.25,261.95,261.2,254.35,140709,37769811.35,23-APR-2018,2699,INE667G01015,
SAKUMA,EQ,196.35,203.85,196.25,197.85,197.1,200.85,6806,1356109.85,23-APR-2018,392,INE190H01016,
SALASAR,EQ,360.0,399.65,355.0,392.7,395.2,356.6,476744,183272286.2,23-APR-2018,8971,INE170V01019,
SALONA,EQ,118.0,119.7,110.35,116.15,114.25,116.0,2563,293170.45,23-APR-2018,48,INE498E01010,
SALORAINTL,EQ,48.65,48.65,41.05,43.25,43.25,44.25,1449,64559.1,23-APR-2018,17,INE924A01013,
SALSTEEL,EQ,9.2,9.2,8.9,8.95,9.05,9.15,88786,800846.7,23-APR-2018,123,INE658G01014,
SALZERELEC,EQ,200.5,207.5,199.0,202.2,202.0,198.9,25877,5246361.25,23-APR-2018,510,INE457F01013,
SAMBHAAV,EQ,8.75,9.1,8.7,8.95,8.9,8.8,29758,267090.1,23-APR-2018,54,INE699B01027,
SANCO,EQ,29.5,29.5,28.5,29.05,29.3,29.5,9155,266362.15,23-APR-2018,104,INE782L01012,
SANDESH,EQ,1070.1,1110.0,1061.1,1068.8,1061.1,1090.8,1159,1257077.4,23-APR-2018,151,INE583B01015,
SANDHAR,EQ,367.55,375.0,363.65,368.4,367.8,366.15,161083,59466017.35,23-APR-2018,2628,INE278H01035,
SANGAMIND,EQ,125.0,126.05,123.1,123.75,123.6,125.0,21117,2640979.95,23-APR-2018,232,INE495C01010,
SANGHIIND,EQ,116.35,117.05,113.55,115.1,114.9,116.25,141503,16351377.6,23-APR-2018,1102,INE999B01013,
SANGHVIFOR,EQ,30.0,30.45,29.3,29.85,29.85,31.0,2964,88314.9,23-APR-2018,52,INE263L01013,
SANGHVIMOV,EQ,209.0,210.5,207.15,207.85,207.15,207.7,201692,42275193.5,23-APR-2018,1012,INE989A01024,
SANOFI,EQ,5006.05,5035.9,4905.6,4920.8,4925.0,4998.05,6512,32354420.05,23-APR-2018,1606,INE058A01010,
SANWARIA,EQ,20.0,20.45,19.2,19.8,19.8,19.9,7998299,158222352.05,23-APR-2018,9489,INE890C01046,
SARDAEN,EQ,501.7,501.7,488.0,490.8,490.7,497.2,50242,24860435.1,23-APR-2018,1554,INE385C01013,
SAREGAMA,EQ,738.0,747.95,729.75,737.15,733.0,737.9,28546,21103017.55,23-APR-2018,1468,INE979A01017,
SARLAPOLY,EQ,55.8,55.8,54.0,54.2,54.15,54.65,41290,2256003.15,23-APR-2018,341,INE453D01025,
SASKEN,EQ,765.0,901.5,765.0,877.1,875.0,751.25,1362793,1177613563.3,23-APR-2018,38965,INE231F01020,
SASTASUNDR,EQ,120.0,120.0,113.25,116.4,116.95,113.25,1993,230434.45,23-APR-2018,24,INE019J01013,
SATHAISPAT,EQ,16.85,17.25,16.35,16.8,16.6,16.85,17548,292887.55,23-APR-2018,147,INE176C01016,
SATIN,EQ,422.55,432.2,416.25,427.75,426.0,422.55,21718,9260208.55,23-APR-2018,1467,INE836B01017,
SBILIFE,EQ,712.1,725.0,712.1,716.95,721.05,716.15,523622,376424137.6,23-APR-2018,26597,INE123W01016,
SBIN,EQ,241.9,244.85,239.3,242.45,242.4,241.2,12111837,2937773831.95,23-APR-2018,75286,INE062A01020,
SCAPDVR,BE,3.3,3.45,3.15,3.15,3.15,3.3,116380,368477.2,23-APR-2018,29,INE224E01036,
SCHAEFFLER,EQ,5354.95,5354.95,5250.0,5297.85,5300.0,5299.9,3109,16444470.45,23-APR-2018,947,INE513A01014,
SCHAND,EQ,396.95,404.2,394.55,400.45,404.2,396.95,6975,2782587.0,23-APR-2018,339,INE807K01035,
SCHNEIDER,EQ,116.75,119.5,115.9,116.8,116.95,118.1,68133,7999050.55,23-APR-2018,825,INE839M01018,
SCI,EQ,73.85,74.15,72.3,72.75,72.9,74.0,653312,47662867.65,23-APR-2018,4115,INE109A01011,
SDBL,EQ,274.1,284.5,269.0,271.45,273.2,274.6,307427,85326086.35,23-APR-2018,4136,INE480C01012,
SEAMECLTD,EQ,224.85,224.85,207.6,209.65,207.6,218.45,6425,1370674.9,23-APR-2018,186,INE497B01018,
SELAN,EQ,231.2,232.2,227.0,227.4,227.4,229.4,39451,9057092.85,23-APR-2018,729,INE818A01017,
SELMCL,EQ,2.25,2.4,2.25,2.3,2.35,2.35,274963,634083.5,23-APR-2018,190,INE105I01012,
SEPOWER,EQ,7.3,7.3,6.85,7.25,7.25,7.1,1655,11771.7,23-APR-2018,10,INE735M01018,
SEQUENT,EQ,73.4,74.75,71.5,72.95,73.3,72.05,299614,21783647.75,23-APR-2018,4139,INE807F01027,
SESHAPAPER,EQ,934.0,955.0,922.0,933.05,931.95,927.85,2786,2617918.0,23-APR-2018,222,INE630A01016,
SETCO,EQ,62.25,63.05,60.35,61.0,60.95,62.1,833553,51753956.65,23-APR-2018,4143,INE878E01021,
SETFGOLD,EQ,2843.35,2850.0,2833.8,2846.3,2840.55,2847.9,6052,17214713.1,23-APR-2018,264,INF200K01099,
SETFNIF50,EQ,106.35,106.85,106.0,106.26,106.31,106.15,4986,531568.83,23-APR-2018,65,INF200KA1FS1,
SETFNIFBK,EQ,251.0,252.0,249.42,251.44,251.44,251.16,545,136867.72,23-APR-2018,29,INF200KA1580,
SETFNN50,EQ,305.0,309.0,304.56,305.68,305.68,305.05,2981,914589.23,23-APR-2018,55,INF200KA1598,
SFL,EQ,1516.05,1534.0,1501.1,1506.2,1509.95,1517.95,199,300845.0,23-APR-2018,72,INE916U01025,
SGL,EQ,16.4,17.4,16.05,16.35,16.35,16.75,30372,497482.75,23-APR-2018,50,INE353H01010,
SHAHALLOYS,EQ,42.0,42.6,40.65,40.9,40.7,42.55,37155,1534711.65,23-APR-2018,273,INE640C01011,
SHAKTIPUMP,EQ,744.4,748.0,721.2,726.35,726.25,742.45,199430,145724322.65,23-APR-2018,6490,INE908D01010,
SHALBY,EQ,226.8,227.5,221.0,223.45,223.0,227.45,166716,37394025.9,23-APR-2018,4107,INE597J01018,
SHALPAINTS,EQ,151.75,156.5,143.5,153.55,152.5,152.7,58028,8841231.1,23-APR-2018,748,INE849C01026,
SHANKARA,EQ,1815.0,1828.0,1802.0,1804.15,1803.0,1802.15,27232,49411155.2,23-APR-2018,3114,INE274V01019,
SHANTIGEAR,EQ,138.95,138.95,133.6,134.0,134.0,134.3,12711,1704622.8,23-APR-2018,161,INE631A01022,
SHARDACROP,EQ,412.8,413.0,406.55,408.05,410.0,407.6,6783,2779843.85,23-APR-2018,319,INE221J01015,
SHARDAMOTR,EQ,1987.85,1987.85,1925.95,1937.55,1930.0,1937.6,3094,5996508.75,23-APR-2018,234,INE597I01010,
SHARIABEES,EQ,258.0,258.0,242.1,242.1,242.1,246.0,8,1990.79,23-APR-2018,5,INF732E01128,
SHEMAROO,EQ,502.5,506.9,496.0,501.5,504.0,501.5,8896,4477765.5,23-APR-2018,437,INE363M01019,
SHILPAMED,EQ,455.0,473.9,454.75,471.9,473.9,453.65,43306,20197649.2,23-APR-2018,1895,INE790G01031,
SHILPI,BE,8.95,9.5,8.95,9.2,9.1,9.35,40018,363848.95,23-APR-2018,172,INE510K01019,
SHIRPUR-G,EQ,131.65,136.0,130.75,133.25,132.5,129.9,5031,670003.4,23-APR-2018,108,INE196B01016,
SHIVAMAUTO,EQ,78.5,79.9,78.2,78.6,78.7,78.4,45642,3609927.6,23-APR-2018,683,INE637H01024,
SHIVAMILLS,EQ,58.9,58.9,53.55,53.8,53.55,56.1,1686,93141.35,23-APR-2018,52,INE644Y01017,
SHIVATEX,EQ,501.0,510.0,499.0,500.75,501.95,510.0,958,485573.7,23-APR-2018,28,INE705C01020,
SHK,EQ,244.8,246.0,241.9,242.4,241.95,244.3,113640,27677676.45,23-APR-2018,998,INE500L01026,
SHOPERSTOP,EQ,565.85,576.95,564.05,571.45,568.0,565.85,79864,45760800.75,23-APR-2018,7470,INE498B01024,
SHREECEM,EQ,17100.0,17209.9,16910.05,17117.25,17090.0,16999.85,10349,176982085.5,23-APR-2018,4468,INE070A01015,
SHREEPUSHK,EQ,218.4,227.5,217.55,223.75,224.0,218.0,130918,29158024.9,23-APR-2018,2232,INE712K01011,
SHREERAMA,EQ,13.75,13.8,13.1,13.1,13.1,13.25,90264,1194484.65,23-APR-2018,64,INE879A01019,
SHREYANIND,EQ,179.0,179.0,170.0,175.95,176.0,172.95,57240,10065272.1,23-APR-2018,965,INE231C01019,
SHREYAS,EQ,549.0,578.0,549.0,558.45,557.5,555.05,21008,11921079.85,23-APR-2018,253,INE757B01015,
SHRIPISTON,BE,1585.0,1585.0,1511.0,1550.0,1550.0,1565.65,269,419073.0,23-APR-2018,28,INE526E01018,
SHRIRAMCIT,EQ,2271.05,2329.9,2257.2,2308.3,2310.0,2270.75,14408,33160458.85,23-APR-2018,1527,INE722A01011,
SHRIRAMEPC,EQ,26.6,27.4,26.2,26.8,26.9,26.4,59991,1612596.0,23-APR-2018,352,INE964H01014,
SHYAMCENT,EQ,13.85,13.85,13.85,13.85,13.85,13.2,11665,161560.25,23-APR-2018,32,INE979R01011,
SHYAMTEL,EQ,14.85,14.85,14.85,14.85,14.85,15.6,200,2970.0,23-APR-2018,1,INE635A01023,
SICAGEN,EQ,39.5,40.25,39.1,39.4,39.2,39.5,14947,592171.7,23-APR-2018,135,INE176J01011,
SICAL,EQ,205.05,208.15,203.1,205.8,205.8,206.0,22492,4622007.05,23-APR-2018,351,INE075B01012,
SIEMENS,EQ,1072.75,1094.4,1068.95,1088.75,1084.0,1072.05,267659,289766833.65,23-APR-2018,8721,INE003A01024,
SIGNET,EQ,7.3,7.6,7.25,7.3,7.3,7.5,228654,1681283.7,23-APR-2018,241,INE529F01027,
SIL,BE,20.65,21.5,20.5,21.5,21.5,21.45,21668,449877.3,23-APR-2018,28,INE173A01025,
SILINV,EQ,405.0,414.95,400.0,409.1,409.9,406.4,10019,4106951.35,23-APR-2018,462,INE923A01015,
SIMBHALS,EQ,13.4,13.5,12.85,13.2,13.25,13.3,35192,463256.7,23-APR-2018,144,INE748T01016,
SIMPLEX,EQ,26.0,28.05,26.0,27.35,27.2,26.7,11095,303864.15,23-APR-2018,56,INE898F01018,
SIMPLEXINF,EQ,600.05,611.05,588.95,605.05,610.0,599.1,88894,53720945.55,23-APR-2018,2112,INE059B01024,
SINTEX,EQ,18.2,18.7,18.1,18.25,18.25,18.35,2356743,43186049.7,23-APR-2018,4398,INE429C01035,
SIS,EQ,1090.0,1104.0,1065.0,1077.35,1076.9,1078.2,3469,3768795.55,23-APR-2018,762,INE285J01010,
SITASHREE,BE,2.95,2.95,2.9,2.9,2.9,2.95,1865,5470.7,23-APR-2018,7,INE686I01011,
SITINET,EQ,15.9,16.1,15.65,16.0,16.05,16.05,48078,763739.25,23-APR-2018,377,INE965H01011,
SIYSIL,EQ,682.0,705.0,682.0,700.6,701.95,689.35,4856,3390054.95,23-APR-2018,369,INE076B01028,
SJVN,EQ,33.4,33.8,33.25,33.5,33.45,33.2,965424,32449515.2,23-APR-2018,3731,INE002L01015,
SKFINDIA,EQ,1860.0,1862.9,1825.1,1832.15,1825.2,1859.15,2944,5420910.95,23-APR-2018,517,INE640A01023,
SKIL,BE,29.4,29.45,27.5,29.35,29.45,28.5,5251,151490.55,23-APR-2018,40,INE429F01012,
SKIPPER,EQ,219.05,226.75,211.55,215.45,214.5,218.75,135197,29496731.9,23-APR-2018,2728,INE439E01022,
SKMEGGPROD,EQ,111.9,127.8,110.0,127.8,127.8,106.5,3993700,495928433.9,23-APR-2018,29608,INE411D01015,
SMARTLINK,EQ,105.4,106.6,104.9,105.9,105.7,105.05,36820,3896922.75,23-APR-2018,426,INE178C01020,
SMLISUZU,EQ,836.4,903.0,826.3,883.65,883.1,831.3,190431,166703497.7,23-APR-2018,11229,INE294B01019,
SMPL,EQ,1.05,1.15,1.05,1.15,1.15,1.05,32979,37227.4,23-APR-2018,28,INE215G01021,
SMSLIFE,EQ,412.05,420.0,412.0,419.15,420.0,414.55,738,306615.2,23-APR-2018,22,INE320X01016,
SMSPHARMA,EQ,78.45,81.3,77.5,78.6,79.0,79.1,26529,2104085.25,23-APR-2018,431,INE812G01025,
SNOWMAN,EQ,47.65,48.65,47.35,47.6,47.75,47.6,165443,7927716.9,23-APR-2018,1056,INE734N01019,
SOBHA,EQ,546.0,554.7,543.4,550.4,550.5,545.6,108532,59636732.25,23-APR-2018,10257,INE671H01015,
SOLARINDS,EQ,1055.0,1055.0,1031.0,1042.75,1045.05,1044.2,18154,18880122.15,23-APR-2018,492,INE343H01029,
SOMANYCERA,EQ,662.9,680.0,641.7,644.15,643.0,649.6,12676,8237223.55,23-APR-2018,682,INE355A01028,
SOMATEX,EQ,14.25,14.7,13.95,14.05,14.25,14.45,4221,59498.2,23-APR-2018,41,INE314C01013,
SOMICONVEY,EQ,52.45,52.45,51.1,51.55,51.95,51.65,3119,160547.65,23-APR-2018,38,INE323J01019,
SONATSOFTW,EQ,347.85,362.5,346.0,358.25,359.0,346.15,889558,317708764.9,23-APR-2018,14365,INE269A01021,
SORILHOLD,EQ,336.6,336.6,336.6,336.6,336.6,320.6,36687,12348844.2,23-APR-2018,196,INE126M01010,
SORILINFRA,EQ,335.4,345.5,331.0,335.35,337.0,329.75,732212,247369565.6,23-APR-2018,12242,INE034H01016,
SOTL,EQ,1426.0,1450.85,1422.2,1449.9,1427.0,1428.05,2666,3862182.7,23-APR-2018,326,INE035D01012,
SOUTHBANK,EQ,25.85,26.15,25.55,25.65,25.7,26.05,7164684,184743607.95,23-APR-2018,9629,INE683A01023,
SPAL,EQ,370.0,373.2,360.1,371.0,368.5,371.05,12201,4494562.25,23-APR-2018,456,INE212I01016,
SPARC,EQ,411.3,431.6,411.3,423.3,422.0,413.1,410066,174178600.05,23-APR-2018,8646,INE232I01014,
SPECIALITY,EQ,135.85,142.45,135.1,137.1,137.45,134.75,219574,30699539.5,23-APR-2018,2099,INE247M01014,
SPENTEX,BE,3.8,3.95,3.8,3.8,3.8,4.0,6754,26122.85,23-APR-2018,15,INE376C01020,
SPIC,EQ,38.0,39.7,37.55,38.7,38.8,38.0,539410,20978991.3,23-APR-2018,2323,INE147A01011,
SPICEMOBI,EQ,16.95,17.0,16.5,16.8,16.7,17.05,5655,95123.2,23-APR-2018,54,INE927C01020,
SPLIL,EQ,24.0,26.5,24.0,25.0,25.5,24.8,4392,110400.8,23-APR-2018,46,INE978G01016,
SPMLINFRA,EQ,93.0,93.7,91.1,91.7,91.1,93.2,11360,1049900.0,23-APR-2018,183,INE937A01023,
SPTL,EQ,58.5,58.9,57.6,58.05,57.85,58.9,1579451,91700059.85,23-APR-2018,8187,INE501W01021,
SPYL,BE,0.35,0.45,0.35,0.4,0.45,0.4,113513,46617.75,23-APR-2018,25,INE268L01020,
SQSBFSI,EQ,508.25,525.0,506.0,514.0,512.2,513.4,30816,16060656.4,23-APR-2018,544,INE201K01015,
SREEL,EQ,265.75,272.75,265.0,267.25,267.0,268.25,17169,4606483.7,23-APR-2018,502,INE099F01013,
SREINFRA,EQ,80.0,87.5,80.0,87.0,87.05,84.95,1967681,169827236.8,23-APR-2018,7201,INE872A01014,
SRF,EQ,2225.0,2231.7,2200.05,2213.3,2211.15,2218.75,115447,255537774.0,23-APR-2018,4386,INE647A01010,
SRHHYPOLTD,EQ,163.45,163.5,156.8,159.25,160.8,161.7,2693,432432.45,23-APR-2018,105,INE917H01012,
SRIPIPES,EQ,391.9,396.35,375.0,376.8,376.05,390.0,331556,127267590.85,23-APR-2018,4933,INE943C01027,
SRSLTD,EQ,0.65,0.65,0.6,0.6,0.65,0.65,2171406,1314580.95,23-APR-2018,675,INE219H01039,
SRTRANSFIN,EQ,1573.0,1612.0,1562.15,1589.4,1612.0,1572.25,377882,597670905.45,23-APR-2018,16841,INE721A01013,
SSWL,EQ,1303.0,1374.9,1290.0,1366.0,1374.9,1295.25,79308,107090681.9,23-APR-2018,3055,INE802C01017,
STAMPEDE,BE,6.8,6.8,6.7,6.8,6.8,6.5,246878,1674454.15,23-APR-2018,142,INE224E01028,
STAR,EQ,637.95,653.0,634.1,648.25,647.1,633.95,469464,303172239.15,23-APR-2018,15014,INE939A01011,
STARCEMENT,EQ,127.1,132.0,127.1,130.7,130.0,129.95,45221,5905223.35,23-APR-2018,483,INE460H01021,
STARPAPER,EQ,221.4,236.0,219.0,229.95,229.5,220.1,216841,49884251.05,23-APR-2018,3534,INE733A01018,
STCINDIA,EQ,174.95,179.25,171.7,173.0,173.1,174.95,196277,34501492.2,23-APR-2018,3491,INE655A01013,
STEELXIND,EQ,28.0,28.0,27.0,27.45,27.45,28.15,46418,1274225.15,23-APR-2018,269,INE503B01013,
STEL,EQ,112.15,114.1,111.3,112.4,112.5,112.95,5602,629752.2,23-APR-2018,67,INE577L01016,
STERTOOLS,EQ,411.0,411.0,400.0,400.15,400.0,400.35,7483,3006732.1,23-APR-2018,263,INE334A01023,
STINDIA,EQ,14.25,16.3,13.4,14.55,15.35,14.85,3323,49323.25,23-APR-2018,41,INE090C01019,
STRTECH,EQ,342.0,355.9,342.0,350.6,352.7,338.0,3005207,1051771110.3,23-APR-2018,37180,INE089C01029,
SUBEX,EQ,8.0,8.15,7.6,7.8,7.75,8.05,2283302,18039755.75,23-APR-2018,1539,INE754A01014,
SUBROS,EQ,332.0,332.0,322.0,325.4,323.9,328.5,31042,10166671.0,23-APR-2018,1201,INE287B01021,
SUDARSCHEM,EQ,581.9,585.0,570.0,577.2,576.0,577.95,125474,72751369.75,23-APR-2018,5005,INE659A01023,
SUJANAUNI,BE,0.7,0.7,0.65,0.65,0.65,0.7,35299,23343.85,23-APR-2018,19,INE216G01011,
SUMEETINDS,EQ,16.7,17.35,16.35,16.85,16.85,17.05,384403,6502428.6,23-APR-2018,1478,INE235C01010,
SUMMITSEC,EQ,860.0,869.8,840.55,849.7,857.0,859.45,473,408817.75,23-APR-2018,58,INE519C01017,
SUNCLAYLTD,EQ,5063.0,5063.0,4966.0,4998.0,4970.5,5000.45,5713,28557165.15,23-APR-2018,314,INE105A01035,
SUNDARAM,EQ,3.05,3.15,3.05,3.05,3.1,3.1,1032485,3160435.8,23-APR-2018,649,INE108E01023,
SUNDARMFIN,EQ,1717.75,1717.75,1687.0,1709.55,1709.8,1684.3,22252,37883724.4,23-APR-2018,903,INE660A01013,
SUNDARMHLD,BE,148.5,150.0,144.25,146.85,146.8,150.65,537667,79366652.55,23-APR-2018,2412,INE202Z01029,
SUNDRMBRAK,EQ,554.55,568.5,551.05,560.35,564.0,554.75,1773,992884.75,23-APR-2018,123,INE073D01013,
SUNDRMFAST,EQ,601.0,601.05,590.65,595.2,596.0,597.55,92627,55233750.7,23-APR-2018,3953,INE387A01021,
SUNFLAG,EQ,90.15,90.8,88.55,89.2,89.0,90.4,339898,30396556.6,23-APR-2018,3521,INE947A01014,
SUNILHITEC,EQ,7.55,7.55,7.35,7.5,7.5,7.55,1478695,11075061.55,23-APR-2018,1103,INE305H01028,
SUNPHARMA,EQ,505.0,515.5,505.0,514.25,515.3,505.3,2424057,1241411855.95,23-APR-2018,35519,INE044A01036,
SUNTECK,EQ,434.7,463.5,425.75,448.6,449.7,436.55,658148,295275147.15,23-APR-2018,15099,INE805D01034,
SUNTV,EQ,889.0,890.9,875.4,879.4,877.9,885.4,920163,811427852.8,23-APR-2018,24407,INE424H01027,
SUPERHOUSE,EQ,142.0,146.8,141.4,145.15,144.4,142.45,13970,2017247.15,23-APR-2018,332,INE712B01010,
SUPERSPIN,BE,13.2,13.7,13.2,13.65,13.65,13.2,3500,47088.5,23-APR-2018,17,INE662A01027,
SUPPETRO,EQ,340.0,349.95,339.05,345.15,348.8,341.7,52287,18044514.85,23-APR-2018,605,INE663A01017,
SUPRAJIT,EQ,276.4,282.0,276.0,279.9,279.5,276.7,15822,4431540.0,23-APR-2018,494,INE399C01030,
SUPREMEIND,EQ,1293.4,1299.35,1271.0,1284.55,1276.0,1281.85,10436,13445525.95,23-APR-2018,1012,INE195A01028,
SUPREMEINF,EQ,44.55,45.25,43.75,44.65,45.0,44.65,31385,1396726.55,23-APR-2018,253,INE550H01011,
SUPREMETEX,BE,1.2,1.25,1.2,1.2,1.2,1.25,18944,23156.5,23-APR-2018,22,INE651G01027,
SURANAIND,BE,2.0,2.0,2.0,2.0,2.0,2.1,5,10.0,23-APR-2018,1,INE659D01019,
SURANASOL,EQ,12.75,13.45,12.75,13.1,13.0,12.75,21115,279655.95,23-APR-2018,53,INE272L01022,
SURANAT&P,EQ,4.95,5.0,4.95,5.0,5.0,5.0,18172,90161.95,23-APR-2018,24,INE130B01031,
SURYALAXMI,EQ,68.75,68.75,66.05,67.05,66.55,67.55,5431,366012.4,23-APR-2018,114,INE713B01026,
SURYAROSNI,EQ,416.05,437.9,414.05,434.3,436.0,418.15,681245,293552400.1,23-APR-2018,9942,INE335A01012,
SUTLEJTEX,EQ,75.7,76.65,73.35,74.3,74.2,75.6,28390,2110703.25,23-APR-2018,527,INE645H01027,
SUVEN,EQ,191.2,201.5,191.2,197.6,197.1,193.1,885486,174490153.25,23-APR-2018,8116,INE495B01038,
SUZLON,EQ,11.4,11.5,11.2,11.4,11.4,11.5,17719061,201922749.65,23-APR-2018,7193,INE040H01021,
SWANENERGY,EQ,169.45,174.8,169.45,173.95,172.3,170.2,148714,25703435.5,23-APR-2018,1799,INE665A01038,
SWARAJENG,EQ,2047.0,2094.95,2035.0,2070.75,2084.0,2038.45,13817,28518460.75,23-APR-2018,1213,INE277A01016,
SWELECTES,EQ,400.5,405.0,395.5,402.2,401.0,400.15,3281,1313502.0,23-APR-2018,182,INE409B01013,
SYMPHONY,EQ,1880.3,1894.75,1870.0,1876.35,1875.0,1876.2,15183,28554006.0,23-APR-2018,1703,INE225D01027,
SYNCOM,EQ,5.0,5.1,4.95,5.0,4.95,4.95,23385,117877.2,23-APR-2018,67,INE602K01014,
SYNDIBANK,EQ,55.1,55.7,54.75,55.2,55.1,55.4,3279619,181048636.05,23-APR-2018,7761,INE667A01018,
SYNGENE,EQ,647.95,650.8,639.65,642.55,645.0,645.05,34934,22531075.85,23-APR-2018,1480,INE398R01022,
TAINWALCHM,EQ,122.2,124.55,115.15,124.55,124.55,118.65,13772,1695525.35,23-APR-2018,152,INE123C01018,
TAJGVK,EQ,232.0,246.7,225.0,233.35,233.0,232.35,563618,133349017.8,23-APR-2018,9373,INE586B01026,
TAKE,EQ,208.0,213.0,203.45,206.25,206.3,207.65,1012630,211165075.05,23-APR-2018,22883,INE142I01023,
TALBROAUTO,EQ,326.7,334.0,325.0,330.55,332.05,323.05,51217,16822242.5,23-APR-2018,1262,INE187D01011,
TALWALKARS,EQ,68.2,75.3,68.2,75.3,75.3,71.75,883525,64179336.4,23-APR-2018,7145,INE502K01016,
TANLA,BE,36.8,38.6,35.6,38.2,38.25,36.8,403076,15293157.75,23-APR-2018,816,INE483C01032,
TANTIACONS,BE,13.1,13.15,12.5,13.05,13.15,13.1,1538,19836.15,23-APR-2018,19,INE388G01018,
TARAJEWELS,EQ,11.8,11.8,10.85,11.4,11.45,11.75,67125,762508.35,23-APR-2018,276,INE799L01016,
TARAPUR,EQ,5.25,5.5,5.25,5.3,5.3,5.5,1423,7523.7,23-APR-2018,12,INE747K01017,
TARMAT,EQ,57.05,60.0,56.5,57.75,58.0,58.3,26825,1540358.65,23-APR-2018,427,INE924H01018,
TASTYBITE,EQ,8862.8,9001.0,8820.1,8897.7,8919.0,8874.1,482,4308812.4,23-APR-2018,174,INE488B01017,
TATACHEM,EQ,734.8,735.95,729.35,731.75,732.1,734.8,250258,183509641.9,23-APR-2018,4463,INE092A01019,
TATACOFFEE,EQ,132.65,133.25,130.0,130.6,130.25,132.8,377556,49702619.95,23-APR-2018,3125,INE493A01027,
TATACOMM,EQ,630.0,639.9,626.85,633.6,634.6,629.4,176956,112307219.55,23-APR-2018,5502,INE151A01013,
TATAELXSI,EQ,1143.0,1244.5,1140.05,1203.3,1206.05,1142.75,3824215,4608308928.15,23-APR-2018,89747,INE670A01012,
TATAGLOBAL,EQ,287.7,287.8,282.65,283.6,283.2,286.3,1687369,479416382.35,23-APR-2018,14408,INE192A01025,
TATAINVEST,EQ,835.0,877.9,821.0,840.75,839.05,830.85,553445,473945150.2,23-APR-2018,10503,INE672A01018,
TATAMETALI,EQ,829.4,840.0,822.0,828.15,827.0,824.9,106866,89011502.3,23-APR-2018,3229,INE056C01010,
TATAMOTORS,EQ,335.95,339.5,333.0,334.05,333.65,336.0,8056732,2707028956.65,23-APR-2018,83673,INE155A01022,
TATAMTRDVR,EQ,190.0,191.8,187.9,188.1,188.05,190.8,2539162,480250687.3,23-APR-2018,12632,IN9155A01020,
TATAPOWER,EQ,85.5,86.1,84.6,85.4,85.45,85.9,4863546,414720452.4,23-APR-2018,11436,INE245A01021,
TATASPONGE,EQ,1123.95,1137.0,1113.25,1119.7,1118.5,1127.15,167264,187889943.45,23-APR-2018,6840,INE674A01014,
TATASTEEL,EQ,608.3,611.0,600.1,606.6,605.5,606.2,4591161,2784898176.65,23-APR-2018,64401,INE081A01012,
TBZ,EQ,104.8,106.45,102.05,104.35,104.1,103.7,199707,20847608.75,23-APR-2018,2456,INE760L01018,
TCI,EQ,275.15,276.85,272.15,273.05,272.45,274.3,10082,2766864.95,23-APR-2018,411,INE688A01022,
TCIEXP,EQ,502.0,510.0,495.1,506.6,510.0,501.2,57663,29122462.65,23-APR-2018,496,INE586V01016,
TCIFINANCE,EQ,28.25,29.65,28.2,28.5,28.3,28.4,142530,4125674.05,23-APR-2018,871,INE911B01018,
TCPLPACK,EQ,583.5,583.5,565.0,566.0,565.0,567.35,1616,915634.95,23-APR-2018,122,INE822C01015,
TCS,EQ,3424.0,3557.9,3389.55,3408.65,3395.9,3402.45,7592955,26408656911.8,23-APR-2018,296796,INE467B01029,
TDPOWERSYS,EQ,208.0,213.0,205.0,207.45,206.5,207.5,36004,7540945.8,23-APR-2018,467,INE419M01019,
TEAMLEASE,EQ,2239.95,2265.0,2199.0,2251.85,2242.85,2204.75,10490,23515255.0,23-APR-2018,1319,INE985S01024,
TECHIN,BE,8.2,8.6,8.2,8.5,8.6,8.25,2032,17060.1,23-APR-2018,7,INE778A01021,
TECHM,EQ,694.55,729.5,690.6,702.0,700.0,700.5,6998046,4988853390.85,23-APR-2018,102343,INE669C01036,
TECHNO,EQ,350.3,359.45,350.3,355.35,352.1,355.95,6126,2182916.55,23-APR-2018,307,INE286K01024,
TECHNOFAB,EQ,226.15,232.9,224.05,226.35,227.0,233.45,5818,1315342.55,23-APR-2018,110,INE509K01011,
TEJASNET,EQ,339.1,353.95,339.1,347.9,347.05,338.95,131097,45710896.1,23-APR-2018,3037,INE010J01012,
TERASOFT,BE,45.55,47.85,45.55,47.85,47.85,45.6,8789,417127.15,23-APR-2018,79,INE482B01010,
TEXINFRA,EQ,65.35,66.0,64.2,65.0,64.5,65.1,50630,3320510.4,23-APR-2018,688,INE435C01024,
TEXMOPIPES,EQ,23.2,23.9,22.7,22.75,22.7,23.05,29885,691326.6,23-APR-2018,116,INE141K01013,
TEXRAIL,EQ,86.8,89.4,86.3,87.65,87.6,86.7,260804,22903791.9,23-APR-2018,2502,INE621L01012,
TFCILTD,EQ,160.2,163.0,158.4,161.05,161.85,161.4,263329,42342190.1,23-APR-2018,1220,INE305A01015,
TFL,EQ,6.75,6.75,6.15,6.15,6.15,6.45,26375,167606.25,23-APR-2018,39,INE804H01012,
TGBHOTELS,EQ,39.3,41.95,38.8,40.1,40.0,39.4,34602,1397613.05,23-APR-2018,425,INE797H01018,
THANGAMAYL,EQ,537.5,545.9,537.5,537.95,537.5,542.95,2165,1171880.95,23-APR-2018,112,INE085J01014,
THEMISMED,EQ,551.05,567.3,551.0,558.8,555.0,563.6,636,354021.45,23-APR-2018,37,INE083B01016,
THERMAX,EQ,1115.0,1135.0,1110.8,1131.05,1130.0,1124.45,150159,167927609.85,23-APR-2018,3826,INE152A01029,
THIRUSUGAR,EQ,33.65,34.0,32.75,33.95,33.35,32.95,6178,208786.9,23-APR-2018,79,INE409A01015,
THOMASCOOK,EQ,279.25,290.7,279.2,283.7,283.7,278.25,2230508,637977327.2,23-APR-2018,25043,INE332A01027,
THOMASCOTT,BE,13.25,13.25,13.2,13.2,13.2,13.65,150,1985.0,23-APR-2018,2,INE480M01011,
THYROCARE,EQ,677.95,690.0,672.0,676.1,675.0,675.15,33377,22646522.45,23-APR-2018,1166,INE594H01019,
TI,EQ,21.0,21.5,20.7,21.0,21.0,21.0,73756,1547264.15,23-APR-2018,197,INE133E01013,
TIDEWATER,EQ,6394.0,6397.0,6294.05,6307.7,6320.0,6339.05,774,4901530.45,23-APR-2018,284,INE484C01022,
TIFIN,EQ,715.0,715.0,692.8,705.2,703.25,705.4,100856,71089664.85,23-APR-2018,1686,INE149A01033,
TIIL,EQ,505.0,509.0,500.5,502.75,505.0,503.45,6446,3263501.05,23-APR-2018,258,INE545H01011,
TIINDIA,EQ,233.8,241.5,231.05,240.0,240.0,234.45,104839,24890147.45,23-APR-2018,2978,INE974X01010,
TIJARIA,BE,11.0,11.0,11.0,11.0,11.0,11.0,10,110.0,23-APR-2018,1,INE440L01017,
TIL,EQ,490.6,538.55,490.55,520.95,519.0,491.3,25514,13249135.85,23-APR-2018,1597,INE806C01018,
TIMESGTY,EQ,52.7,52.75,50.05,50.75,50.75,50.25,1403,72513.05,23-APR-2018,15,INE289C01025,
TIMETECHNO,EQ,176.45,181.0,174.05,176.05,176.0,174.95,135587,23857466.85,23-APR-2018,2131,INE508G01029,
TIMKEN,EQ,703.65,710.0,688.55,693.25,689.0,703.0,43955,30643211.5,23-APR-2018,2191,INE325A01013,
TINPLATE,EQ,248.6,253.45,247.55,249.3,248.65,248.6,1803065,451401001.55,23-APR-2018,20697,INE422C01014,
TIPSINDLTD,EQ,117.0,119.0,113.6,114.65,116.0,115.9,13331,1546749.15,23-APR-2018,76,INE716B01011,
TIRUMALCHM,EQ,2210.0,2423.0,2176.0,2356.6,2357.0,2150.0,403492,933940443.8,23-APR-2018,23849,INE338A01016,
TITAN,EQ,960.0,973.2,948.6,962.95,963.0,956.55,2295872,2209675930.95,23-APR-2018,47012,INE280A01028,
TMRVL,EQ,105.0,105.5,101.65,104.55,104.6,102.4,19076,1989249.25,23-APR-2018,346,INE759V01019,
TNPETRO,EQ,57.5,59.0,56.6,56.95,57.0,57.3,205868,11921843.15,23-APR-2018,1300,INE148A01019,
TNPL,EQ,354.0,365.0,346.6,348.3,347.0,358.65,62096,22167553.55,23-APR-2018,4266,INE107A01015,
TNTELE,BE,2.9,2.9,2.9,2.9,2.9,3.05,1798,5214.2,23-APR-2018,14,INE141D01018,
TOKYOPLAST,EQ,93.65,93.65,87.65,90.1,89.8,91.65,6754,614031.8,23-APR-2018,172,INE932C01012,
TORNTPHARM,EQ,1399.6,1414.45,1392.85,1401.0,1401.8,1400.25,144998,203403992.5,23-APR-2018,12749,INE685A01028,
TORNTPOWER,EQ,232.4,242.0,231.8,240.2,240.65,232.75,2374664,563329215.2,23-APR-2018,19862,INE813H01021,
TPLPLASTEH,EQ,363.0,376.0,358.0,360.25,362.0,360.9,20868,7658864.0,23-APR-2018,1146,INE413G01014,
TREEHOUSE,EQ,9.4,10.1,9.4,9.8,9.7,9.9,34255,335368.75,23-APR-2018,136,INE040M01013,
TRENT,EQ,347.85,351.95,341.6,350.3,350.95,346.05,60830,21123700.5,23-APR-2018,1785,INE849A01020,
TRF,EQ,256.4,273.9,256.0,273.9,273.9,249.0,334560,91038306.5,23-APR-2018,2097,INE391D01019,
TRIDENT,EQ,70.9,73.1,70.85,71.7,71.65,71.0,424065,30588424.35,23-APR-2018,3081,INE064C01014,
TRIGYN,EQ,153.0,166.45,153.0,162.8,163.7,153.25,749716,120978620.45,23-APR-2018,9366,INE948A01012,
TRIL,EQ,27.5,29.35,27.1,28.2,28.1,27.3,167989,4747545.15,23-APR-2018,800,INE763I01026,
TRITURBINE,EQ,102.0,102.0,97.15,98.9,98.95,99.85,24683,2457986.05,23-APR-2018,662,INE152M01016,
TRIVENI,EQ,39.1,40.05,38.9,39.45,39.6,39.05,539376,21408531.8,23-APR-2018,3202,INE256C01024,
TTKHLTCARE,EQ,1072.8,1115.0,1056.35,1082.25,1080.0,1064.35,13685,14833607.2,23-APR-2018,1683,INE910C01018,
TTKPRESTIG,EQ,6349.9,6414.15,6260.05,6363.25,6350.0,6358.25,3533,22391028.7,23-APR-2018,1221,INE690A01010,
TTL,EQ,92.0,97.0,90.1,94.9,95.4,90.6,57136,5455915.3,23-APR-2018,631,INE592B01016,
TTML,EQ,5.65,5.7,5.55,5.65,5.7,5.7,510237,2871916.5,23-APR-2018,567,INE517B01013,
TV18BRDCST,EQ,67.75,68.65,66.8,67.15,67.1,67.3,8288507,559399434.85,23-APR-2018,24605,INE886H01027,
TVSELECT,EQ,497.05,547.7,493.65,527.5,527.25,494.2,1698514,892497059.8,23-APR-2018,40349,INE236G01019,
TVSMOTOR,EQ,668.0,681.0,661.0,663.45,661.95,667.55,834179,560757688.95,23-APR-2018,12199,INE494B01023,
TVSSRICHAK,EQ,3600.0,3650.35,3570.05,3615.6,3619.0,3607.05,1331,4812332.3,23-APR-2018,403,INE421C01016,
TVTODAY,EQ,472.15,477.0,462.4,469.95,471.0,470.95,178298,83800890.25,23-APR-2018,10698,INE038F01029,
TVVISION,EQ,14.3,15.75,13.15,14.4,14.25,14.35,197862,2894739.7,23-APR-2018,526,INE871L01013,
TWL,EQ,117.5,122.0,117.4,120.9,121.25,116.05,1282233,154196244.85,23-APR-2018,10321,INE615H01020,
UBL,EQ,1128.0,1134.3,1111.4,1117.2,1113.95,1127.6,152906,171437014.9,23-APR-2018,6956,INE686F01025,
UCALFUEL,EQ,254.5,258.4,254.5,256.55,256.05,255.1,17732,4543488.4,23-APR-2018,555,INE139B01016,
UCOBANK,EQ,20.25,20.4,20.0,20.3,20.25,20.3,636701,12912284.0,23-APR-2018,2826,INE691A01018,
UFLEX,EQ,366.9,368.55,361.7,362.65,363.0,367.6,90883,33056556.9,23-APR-2018,2944,INE516A01017,
UFO,EQ,401.35,401.35,395.8,399.45,400.0,399.55,12042,4809127.0,23-APR-2018,353,INE527H01019,
UGARSUGAR,EQ,15.8,16.5,15.55,15.95,15.9,15.9,52389,840532.4,23-APR-2018,253,INE071E01023,
UJAAS,EQ,18.25,18.65,18.05,18.1,18.2,18.25,216495,3947938.25,23-APR-2018,800,INE899L01022,
UJJIVAN,EQ,389.8,405.3,385.55,401.2,401.75,391.35,1563809,624783240.6,23-APR-2018,22907,INE334L01012,
ULTRACEMCO,EQ,4072.1,4162.65,4072.1,4143.7,4150.0,4080.9,111251,460856802.45,23-APR-2018,13585,INE481G01011,
UMANGDAIRY,EQ,87.95,88.5,86.75,87.3,86.75,87.5,26422,2316985.45,23-APR-2018,340,INE864B01027,
UMESLTD,EQ,1.25,1.25,1.15,1.2,1.2,1.2,6648,8300.1,23-APR-2018,9,INE240C01028,
UNICHEMLAB,EQ,273.0,283.1,271.85,277.6,278.5,260.45,688201,191704848.8,23-APR-2018,12973,INE351A01035,
UNIENTER,EQ,88.0,91.35,84.0,85.65,86.0,85.65,4701,408178.6,23-APR-2018,52,INE037A01022,
UNIONBANK,EQ,91.0,94.5,89.5,93.85,93.65,91.65,11830042,1096380145.7,23-APR-2018,43416,INE692A01016,
UNIPLY,EQ,438.0,444.0,430.15,440.05,442.0,433.1,108609,47815850.2,23-APR-2018,1898,INE950G01015,
UNITECH,EQ,6.0,6.2,5.95,6.05,6.05,6.05,6248651,38058917.2,23-APR-2018,3590,INE694A01020,
UNITEDBNK,EQ,12.8,13.15,12.4,13.05,13.1,12.8,525683,6777985.7,23-APR-2018,819,INE695A01019,
UNITY,EQ,4.4,4.4,4.1,4.35,4.35,4.35,7450,32176.25,23-APR-2018,20,INE466H01028,
UNIVCABLES,EQ,149.6,161.75,149.55,156.75,157.0,150.6,161302,25442120.05,23-APR-2018,2578,INE279A01012,
UPL,EQ,768.0,774.4,751.8,753.8,752.0,765.75,1065116,808513286.4,23-APR-2018,31860,INE628A01036,
URJA,BE,5.15,5.15,4.85,5.0,5.05,4.95,1008846,5050271.3,23-APR-2018,1307,INE550C01020,
USHAMART,EQ,23.6,25.1,23.6,24.6,24.55,23.95,665058,16337199.45,23-APR-2018,1550,INE228A01035,
USHERAGRO,EQ,4.65,4.65,4.65,4.65,4.65,4.85,17588,81784.2,23-APR-2018,20,INE235G01011,
UTINEXT50,EQ,305.75,306.4,300.0,300.05,300.05,301.85,1943,589709.25,23-APR-2018,39,INF789FC1N82,
UTINIFTETF,EQ,1098.2,1100.0,1090.0,1090.1,1090.0,1095.85,269,295319.6,23-APR-2018,15,INF789FB1X41,
UTISENSETF,EQ,358.25,359.5,358.25,359.5,359.5,358.25,3,1077.25,23-APR-2018,3,INF789FB1X58,
UTTAMSTL,BE,14.0,14.25,13.6,13.85,14.0,13.95,90936,1271667.0,23-APR-2018,238,INE699A01011,
UTTAMSUGAR,EQ,93.0,94.0,90.15,92.1,92.55,91.1,22579,2100388.4,23-APR-2018,489,INE786F01031,
UVSL,BE,0.2,0.2,0.15,0.2,0.2,0.2,7443659,1475981.9,23-APR-2018,288,INE292A01023,
V2RETAIL,EQ,441.0,458.5,441.0,449.35,449.05,440.85,85655,38720314.5,23-APR-2018,3335,INE945H01013,
VADILALIND,EQ,890.65,939.0,874.95,894.65,892.15,873.15,198765,181446663.95,23-APR-2018,10416,INE694D01016,
VAIBHAVGBL,EQ,726.05,736.0,726.0,730.05,732.0,725.9,53792,39327469.95,23-APR-2018,785,INE884A01019,
VAKRANGEE,EQ,138.0,138.8,129.05,129.05,129.05,135.8,6096305,804473171.4,23-APR-2018,36702,INE051B01021,
VARDHACRLC,EQ,49.45,52.0,49.05,51.7,50.55,49.4,19806,1005574.9,23-APR-2018,99,INE116G01013,
VARDMNPOLY,EQ,19.8,21.0,19.35,20.4,20.2,19.75,11284,227980.4,23-APR-2018,123,INE835A01011,
VASCONEQ,EQ,35.15,35.5,34.6,34.8,34.65,35.2,364857,12747247.05,23-APR-2018,2029,INE893I01013,
VASWANI,EQ,15.15,15.6,15.1,15.3,15.4,15.1,41976,641826.05,23-APR-2018,156,INE590L01019,
VBL,EQ,631.0,647.95,631.0,640.6,644.4,636.35,28124,18012683.45,23-APR-2018,1005,INE200M01013,
VEDL,EQ,307.7,311.45,304.0,305.05,304.3,308.6,7058597,2171092295.45,23-APR-2018,54234,INE205A01025,
VENKEYS,EQ,4470.0,4540.0,4405.05,4443.9,4434.0,4438.3,117125,524031414.8,23-APR-2018,12794,INE398A01010,
VENUSREM,EQ,72.4,75.8,72.05,74.15,74.2,72.85,85419,6338423.75,23-APR-2018,1216,INE411B01019,
VESUVIUS,EQ,1310.0,1370.0,1298.0,1366.95,1369.75,1313.8,7875,10667444.3,23-APR-2018,828,INE386A01015,
VETO,EQ,214.7,220.0,212.65,213.95,214.2,214.65,146200,31819946.2,23-APR-2018,1369,INE918N01018,
VGUARD,EQ,249.0,249.6,242.4,244.2,243.5,249.9,1117591,274007648.15,23-APR-2018,17907,INE951I01027,
VHL,EQ,4001.1,4082.7,3921.0,3929.5,3923.5,3993.45,359,1424215.65,23-APR-2018,147,INE701A01023,
VICEROY,EQ,13.8,14.1,13.65,13.8,13.9,13.9,169548,2353158.75,23-APR-2018,616,INE048C01017,
VIDEOIND,EQ,13.0,13.0,12.6,12.8,12.7,12.85,709136,9133673.05,23-APR-2018,1508,INE703A01011,
VIDHIING,EQ,103.1,106.3,100.1,104.2,104.0,103.2,296484,30741686.35,23-APR-2018,2977,INE632C01026,
VIJAYABANK,EQ,58.1,58.45,57.55,58.05,58.15,58.1,330508,19181126.95,23-APR-2018,2243,INE705A01016,
VIJIFIN,BE,4.05,4.2,4.0,4.0,4.0,4.2,58511,234854.85,23-APR-2018,105,INE159N01027,
VIJSHAN,EQ,16.9,16.9,16.5,16.7,16.85,16.8,22524,376670.5,23-APR-2018,125,INE806F01011,
VIKASECO,EQ,35.6,35.9,35.25,35.4,35.45,35.55,591960,21033945.15,23-APR-2018,2615,INE806A01020,
VIMALOIL,BE,10.0,10.0,10.0,10.0,10.0,10.0,5,50.0,23-APR-2018,1,INE067D01015,
VIMTALABS,BE,224.0,231.3,216.0,218.95,220.0,221.25,15108,3420942.2,23-APR-2018,285,INE579C01029,
VINATIORGA,EQ,897.0,910.0,894.1,895.3,894.1,904.1,5888,5297302.55,23-APR-2018,367,INE410B01029,
VINDHYATEL,EQ,1139.95,1220.5,1130.0,1177.85,1174.0,1126.0,56621,67133158.0,23-APR-2018,3120,INE707A01012,
VINYLINDIA,EQ,109.05,111.5,107.5,108.8,108.3,108.5,50404,5482468.1,23-APR-2018,723,INE250B01029,
VIPCLOTHNG,EQ,65.0,68.9,65.0,68.3,68.5,65.25,305578,20783735.05,23-APR-2018,1911,INE450G01024,
VIPIND,EQ,415.05,425.0,410.1,419.95,421.65,413.0,608196,253595845.4,23-APR-2018,11258,INE054A01027,
VIPULLTD,EQ,59.7,59.85,57.1,57.6,57.5,58.3,8617,502750.25,23-APR-2018,208,INE946H01037,
VISAKAIND,EQ,717.0,734.95,713.3,729.15,730.0,713.3,51338,37282199.6,23-APR-2018,1566,INE392A01013,
VISASTEEL,EQ,13.7,13.85,13.35,13.55,13.65,13.85,18769,254381.55,23-APR-2018,93,INE286H01012,
VISESHINFO,BE,0.15,0.15,0.1,0.1,0.15,0.1,2583127,326625.3,23-APR-2018,246,INE861A01058,
VISHNU,EQ,305.0,314.0,296.5,301.4,300.05,304.05,17441,5380882.45,23-APR-2018,483,INE270I01014,
VIVIDHA,EQ,1.05,1.1,1.05,1.05,1.05,1.1,206216,218832.3,23-APR-2018,72,INE370E01029,
VIVIMEDLAB,EQ,75.2,76.5,74.4,75.45,75.55,75.15,176995,13336677.25,23-APR-2018,1861,INE526G01021,
VLSFINANCE,EQ,77.3,81.0,76.95,78.55,78.6,77.95,24904,1966066.25,23-APR-2018,404,INE709A01018,
VMART,EQ,2147.0,2188.65,2096.0,2108.25,2119.9,2158.5,22942,49067565.1,23-APR-2018,2612,INE665J01013,
VOLTAMP,EQ,1210.0,1277.0,1180.75,1220.2,1215.0,1191.55,43127,53265915.4,23-APR-2018,2943,INE540H01012,
VOLTAS,EQ,635.0,664.7,632.3,654.6,653.25,635.9,2856205,1868789438.3,23-APR-2018,54040,INE226A01021,
VRLLOG,EQ,418.0,422.0,411.0,418.75,416.55,416.45,21738,9079287.9,23-APR-2018,899,INE366I01010,
VSSL,EQ,154.0,156.4,152.5,154.05,155.0,153.2,6498,1003278.65,23-APR-2018,131,INE050M01012,
VSTIND,EQ,3126.0,3126.0,3089.0,3095.0,3091.1,3082.95,525,1627709.5,23-APR-2018,98,INE710A01016,
VSTTILLERS,EQ,2811.25,2999.5,2780.4,2961.2,2958.0,2806.95,19777,57902414.15,23-APR-2018,3147,INE764D01017,
VTL,EQ,1195.0,1209.3,1174.95,1193.45,1195.0,1193.6,12200,14512009.6,23-APR-2018,1827,INE825A01012,
WABAG,EQ,531.7,535.85,524.2,526.0,525.1,528.75,96467,51041594.25,23-APR-2018,4633,INE956G01038,
WABCOINDIA,EQ,8065.0,8065.0,7894.0,7922.9,7894.0,7924.8,505,4016767.85,23-APR-2018,188,INE342J01019,
WALCHANNAG,EQ,180.0,184.3,180.0,181.0,181.1,181.05,176727,32116322.6,23-APR-2018,3791,INE711A01022,
WANBURY,BE,33.0,34.3,33.0,33.1,33.1,34.2,4438,147440.65,23-APR-2018,19,INE107F01022,
WEBELSOLAR,EQ,86.55,89.6,85.8,86.3,86.5,86.5,107590,9391695.75,23-APR-2018,1073,INE855C01015,
WEIZFOREX,EQ,1054.5,1116.2,1054.5,1088.5,1095.0,1065.25,3530,3832158.9,23-APR-2018,355,INE726L01019,
WEIZMANIND,EQ,48.0,49.95,45.75,47.7,48.0,48.15,13722,654284.9,23-APR-2018,194,INE080A01014,
WELCORP,EQ,148.7,150.7,147.15,148.75,149.5,148.75,146479,21865521.05,23-APR-2018,2652,INE191B01025,
WELENT,EQ,148.65,149.4,146.0,148.05,147.65,148.35,203238,30034029.9,23-APR-2018,2269,INE625G01013,
WELINV,EQ,140.05,159.8,140.05,150.9,145.3,150.25,920,137186.7,23-APR-2018,57,INE389K01018,
WELSPUNIND,EQ,58.05,60.9,58.05,60.2,60.05,58.05,6269485,374052513.45,23-APR-2018,28044,INE192B01031,
WENDT,EQ,3200.0,3279.9,3158.0,3211.6,3220.0,3204.5,853,2728767.9,23-APR-2018,162,INE274C01019,
WHEELS,EQ,2181.0,2193.1,2167.5,2174.3,2170.1,2154.2,170,370583.1,23-APR-2018,77,INE715A01015,
WHIRLPOOL,EQ,1575.05,1596.0,1560.55,1591.0,1589.95,1576.25,7821,12387821.75,23-APR-2018,1089,INE716A01013,
WILLAMAGOR,BE,82.6,88.0,82.6,85.1,85.1,86.4,930,78505.5,23-APR-2018,8,INE210A01017,
WINDMACHIN,EQ,113.15,116.55,113.1,114.0,113.8,113.7,199490,22768842.6,23-APR-2018,1405,INE052A01021,
WINSOME,BE,1.8,1.8,1.8,1.8,1.8,1.85,1601,2881.8,23-APR-2018,5,INE784B01035,
WIPL,BE,51.05,51.05,48.15,51.0,51.0,48.65,564,28773.35,23-APR-2018,7,INE215F01023,
WIPRO,EQ,299.8,301.0,293.8,297.35,294.65,298.05,3997685,1188976655.25,23-APR-2018,48945,INE075A01022,
WOCKPHARMA,EQ,796.05,819.7,787.35,792.25,790.35,797.25,2313519,1864068258.7,23-APR-2018,40064,INE049B01025,
WONDERLA,EQ,363.6,368.4,363.25,367.3,368.0,363.6,9477,3467022.65,23-APR-2018,686,INE066O01014,
WSI,EQ,7.65,7.65,7.1,7.3,7.45,7.4,9609,70384.7,23-APR-2018,38,INE100D01014,
WSTCSTPAPR,EQ,284.95,295.5,284.2,291.3,289.75,284.25,76390,22314000.05,23-APR-2018,2340,INE976A01021,
XCHANGING,EQ,59.3,59.6,59.1,59.3,59.3,59.5,4096,242912.1,23-APR-2018,29,INE692G01013,
XLENERGY,BE,1.85,1.85,1.8,1.85,1.8,1.85,4040,7426.05,23-APR-2018,8,INE183H01011,
XPROINDIA,EQ,56.0,58.4,54.0,57.6,58.4,54.95,8505,476497.3,23-APR-2018,91,INE445C01015,
YESBANK,EQ,310.9,317.0,309.0,313.05,314.0,308.55,10927239,3434809173.4,23-APR-2018,102364,INE528G01027,
ZANDUREALT,EQ,2007.0,2151.0,1982.15,2027.45,2021.0,2011.25,1892,3881445.1,23-APR-2018,462,INE719A01017,
ZEEL,EQ,589.35,602.0,588.0,595.25,592.8,587.7,1535205,916949032.7,23-APR-2018,43356,INE256A01028,
ZEELEARN,EQ,37.0,37.1,36.25,36.4,36.5,36.7,183909,6729107.25,23-APR-2018,1099,INE565L01011,
ZEEMEDIA,EQ,38.15,38.45,37.35,37.6,37.65,38.05,370167,14036213.0,23-APR-2018,1276,INE966H01019,
ZENITHBIR,BE,1.15,1.15,1.15,1.15,1.15,1.2,22885,26317.75,23-APR-2018,32,INE318D01020,
ZENITHEXPO,EQ,120.75,120.75,120.75,120.75,120.75,115.0,2676,323127.0,23-APR-2018,55,INE058B01018,
ZENSARTECH,EQ,1019.0,1095.0,1008.0,1066.35,1070.0,1012.5,210127,223125050.0,23-APR-2018,7745,INE520A01019,
ZENTEC,EQ,121.6,131.4,121.6,129.4,128.95,122.85,553483,70831794.35,23-APR-2018,5118,INE251B01027,
ZICOM,EQ,17.2,18.45,17.05,17.6,17.5,17.4,76429,1348818.85,23-APR-2018,497,INE871B01014,
ZODIACLOTH,EQ,168.0,173.5,167.95,171.05,168.5,169.4,2747,464574.3,23-APR-2018,123,INE206B01013,
ZODJRDMKJ,EQ,43.6,44.9,40.4,42.75,40.5,40.6,1068,45681.4,23-APR-2018,9,INE077B01018,
ZUARI,EQ,525.0,536.7,516.6,519.05,520.0,526.35,39390,20721611.2,23-APR-2018,1283,INE840M01016,
ZUARIGLOB,EQ,203.7,206.9,198.4,200.85,200.55,202.6,50504,10251898.9,23-APR-2018,1002,INE217A01012,
ZYDUSWELL,EQ,1221.5,1229.0,1189.75,1197.65,1199.0,1215.15,4533,5472031.55,23-APR-2018,461,INE768C01010,
ZYLOG,BE,2.45,2.55,2.4,2.55,2.55,2.5,15212,37236.6,23-APR-2018,36,INE225I01026,
