SYMBOL,SERIES,OPEN,HIGH,LOW,CLOSE,LAST,PREVCLOSE,TOTTRDQTY,TOTTRDVAL,TIMESTAMP,TOTALTRADES,ISIN,UNNAMED: 13
20MICRONS,EQ,42.5,42.95,40.1,41.3,40.85,42.5,32714,1363357.5,23-JAN-2015,379,INE144J01027,
3IINFOTECH,EQ,8.8,9.25,8.3,8.8,8.85,8.7,2226049,19537545.65,23-JAN-2015,2767,INE748C01020,
3MINDIA,EQ,6890.05,6926.95,6811.0,6821.15,6850.0,6879.6,518,3553892.6,23-JAN-2015,132,INE470A01017,
8KMILES,EQ,668.75,684.0,637.2,653.8,655.0,662.95,76822,50733294.45,23-JAN-2015,4509,INE650K01013,
A2ZINFRA,EQ,18.65,18.65,17.7,18.1,18.15,18.45,134881,2448576.8,23-JAN-2015,505,INE619I01012,
AARTIDRUGS,EQ,1105.0,1105.0,1083.6,1092.8,1089.4,1089.6,11379,12439405.0,23-JAN-2015,747,INE767A01016,
AARTIIND,EQ,284.95,287.4,278.95,286.7,287.0,279.8,93184,26556819.2,23-JAN-2015,2300,INE769A01020,
AARVEEDEN,EQ,55.45,55.45,50.1,50.85,51.35,52.55,2926,152114.85,23-JAN-2015,106,INE273D01019,
ABAN,EQ,496.8,496.8,468.0,471.15,469.0,489.75,1300600,623180082.7,23-JAN-2015,26809,INE421A01028,
ABB,EQ,1283.0,1318.8,1283.0,1296.4,1296.5,1275.9,154046,200336923.3,23-JAN-2015,7359,INE117A01022,
ABBOTINDIA,EQ,4064.9,4064.9,3930.0,3976.75,3981.85,3997.4,4533,18023133.3,23-JAN-2015,791,INE358A01014,
ABCIL,EQ,215.0,217.95,208.5,210.95,210.4,213.45,9470,1995604.95,23-JAN-2015,321,INE605B01016,
ABGSHIP,EQ,212.0,212.8,207.15,208.4,208.0,209.95,89059,18613270.5,23-JAN-2015,1241,INE067H01016,
ABIRLANUVO,EQ,1830.2,1849.9,1818.0,1830.6,1832.9,1829.65,115161,211087410.8,23-JAN-2015,8431,INE069A01017,
ACC,EQ,1569.0,1569.0,1532.05,1542.05,1540.5,1558.8,426991,658426772.15,23-JAN-2015,16864,INE012A01025,
ACCELYA,EQ,1037.9,1037.9,970.1,1013.1,1016.5,1013.05,12548,12577499.9,23-JAN-2015,1218,INE793A01012,
ACE,EQ,39.0,39.15,37.1,37.55,37.65,38.7,171570,6506041.15,23-JAN-2015,979,INE731H01025,
ACROPETAL,BE,3.95,3.95,3.65,3.95,3.95,3.8,40681,155490.7,23-JAN-2015,46,INE055L01013,
ADANIENT,EQ,525.0,574.4,524.3,563.85,561.3,518.6,6971858,3855611087.3,23-JAN-2015,108462,INE423A01024,
ADANIPORTS,EQ,332.0,352.75,330.1,346.9,345.3,329.4,7519790,2573549790.95,23-JAN-2015,124460,INE742F01042,
ADANIPOWER,EQ,48.0,51.35,47.4,50.85,50.75,47.25,16688620,830179697.6,23-JAN-2015,49084,INE814H01011,
ADFFOODS,EQ,73.5,74.15,70.5,71.15,71.75,72.85,65677,4690663.3,23-JAN-2015,810,INE982B01019,
ADHUNIK,EQ,21.6,22.3,21.1,21.2,21.25,21.6,50062,1075203.05,23-JAN-2015,519,INE400H01019,
ADORWELD,EQ,225.05,227.75,219.1,222.0,222.0,226.7,3753,841597.65,23-JAN-2015,200,INE045A01017,
ADSL,EQ,29.5,30.4,27.5,27.9,28.25,29.25,218757,6192387.0,23-JAN-2015,1427,INE102I01027,
ADVANIHOTR,EQ,51.0,52.15,47.9,48.9,48.6,51.75,2062,103507.15,23-JAN-2015,39,INE199C01026,
ADVANTA,EQ,350.85,351.0,345.1,346.4,346.6,350.1,8649,3015934.25,23-JAN-2015,342,INE517H01028,
AEGISCHEM,EQ,458.0,459.95,444.0,445.85,444.1,454.25,14850,6698936.15,23-JAN-2015,786,INE208C01017,
AFL,EQ,92.0,93.0,87.7,88.5,88.3,92.3,16912,1534119.15,23-JAN-2015,193,INE020G01017,
AFTEK,BE,6.65,6.95,6.65,6.65,6.65,7.0,114414,761297.6,23-JAN-2015,106,INE796A01023,
AGARIND,EQ,143.55,150.0,133.75,136.9,138.0,138.0,193431,27020711.6,23-JAN-2015,1867,INE204E01012,
AGCNET,EQ,96.9,96.9,86.3,91.15,91.15,92.5,63202,5746250.05,23-JAN-2015,1322,INE676A01019,
AGRITECH,BE,6.05,6.3,6.05,6.3,6.3,6.35,635,3892.5,23-JAN-2015,5,INE449G01018,
AGRODUTCH,EQ,3.25,3.5,3.25,3.4,3.5,3.35,7410,25141.35,23-JAN-2015,33,INE135B01014,
AHLEAST,EQ,171.05,179.95,170.5,176.9,178.0,170.75,1152,200204.15,23-JAN-2015,159,INE926K01017,
AHLUCONT,EQ,243.0,247.65,235.25,242.55,240.35,245.7,90865,21806281.1,23-JAN-2015,1706,INE758C01029,
AHLWEST,EQ,119.0,122.0,115.25,118.35,118.35,121.8,1115,131588.7,23-JAN-2015,53,INE915K01010,
AHMEDFORGE,EQ,344.0,347.0,335.1,337.3,337.0,341.4,101921,34672417.5,23-JAN-2015,2460,INE425A01011,
AIAENG,EQ,1184.9,1189.4,1125.0,1138.6,1140.0,1172.05,94506,108971410.15,23-JAN-2015,5330,INE212H01026,
AICHAMP,BE,19.0,19.6,19.0,19.6,19.6,19.0,1100,20957.6,23-JAN-2015,2,INE768E01024,
AIL,EQ,722.85,729.4,668.0,697.15,670.0,713.15,242661,171109934.7,23-JAN-2015,8713,INE878A01011,
AJANTPHARM,EQ,2457.0,2465.0,2350.0,2399.85,2400.0,2454.4,38274,91818513.7,23-JAN-2015,3741,INE031B01031,
AJMERA,EQ,104.5,107.2,98.9,100.75,99.95,103.35,41454,4229341.65,23-JAN-2015,1193,INE298G01027,
AKSHOPTFBR,EQ,17.0,17.15,16.15,16.4,16.5,16.9,308910,5116501.55,23-JAN-2015,919,INE523B01011,
AKZOINDIA,EQ,1451.0,1460.5,1411.0,1416.2,1418.0,1446.55,17976,25612799.75,23-JAN-2015,1327,INE133A01011,
ALBK,EQ,129.9,130.5,125.45,126.45,126.35,128.1,1989983,252936009.25,23-JAN-2015,21825,INE428A01015,
ALCHEM,EQ,40.6,46.1,40.0,41.05,41.0,38.45,292731,12696261.75,23-JAN-2015,2476,INE964B01033,
ALEMBICLTD,EQ,46.0,46.0,42.9,43.75,43.85,46.15,1583444,69996980.05,23-JAN-2015,9645,INE426A01027,
ALICON,EQ,313.0,325.95,292.5,305.05,307.85,317.6,11886,3671671.4,23-JAN-2015,705,INE062D01024,
ALKALI,EQ,37.95,37.95,34.3,35.05,34.9,37.15,36387,1292272.85,23-JAN-2015,653,INE773I01017,
ALKYLAMINE,EQ,385.0,385.0,364.0,373.2,370.0,385.05,6827,2532760.7,23-JAN-2015,283,INE150B01021,
ALLCARGO,EQ,340.7,340.8,323.15,331.85,334.0,337.1,74157,24552037.15,23-JAN-2015,1440,INE418H01029,
ALLSEC,EQ,26.75,26.75,25.5,25.5,25.5,25.9,1666,43213.75,23-JAN-2015,26,INE835G01018,
ALMONDZ,EQ,13.8,13.8,13.05,13.4,13.4,14.0,10470,139648.25,23-JAN-2015,9,INE326B01027,
ALOKTEXT,EQ,10.15,10.25,9.9,10.0,10.0,10.1,6025807,60382854.95,23-JAN-2015,7818,INE270A01011,
ALPA,BE,12.9,13.25,12.9,12.9,12.9,12.9,1670,21750.0,23-JAN-2015,8,INE385I01010,
ALPHAGEO,EQ,542.0,588.0,530.05,543.9,535.85,568.5,18980,10523248.45,23-JAN-2015,1453,INE137C01018,
ALPSINDUS,EQ,1.55,1.55,1.55,1.55,1.55,1.65,341,528.55,23-JAN-2015,3,INE093B01015,
ALSTOMT&D,EQ,489.85,497.0,478.7,491.1,490.0,483.15,104050,50898400.8,23-JAN-2015,4438,INE200A01026,
AMARAJABAT,EQ,826.0,868.4,816.0,849.4,848.2,823.05,367636,310691231.05,23-JAN-2015,14242,INE885A01032,
AMARJOTHI,EQ,105.0,105.0,95.0,95.0,95.0,97.55,2760,268036.6,23-JAN-2015,104,INE484D01012,
AMBIKCO,EQ,523.0,566.9,509.6,539.0,540.0,522.75,19240,10417154.05,23-JAN-2015,1206,INE540G01014,
AMBUJACEM,EQ,250.1,253.4,245.3,252.5,251.5,249.0,2926698,729473768.3,23-JAN-2015,47144,INE079A01024,
AMDIND,EQ,25.5,25.7,22.65,24.05,24.15,24.9,9653,230933.7,23-JAN-2015,143,INE005I01014,
AMRUTANJAN,BE,426.0,429.0,414.05,416.45,419.0,425.6,43341,18290509.35,23-JAN-2015,440,INE098F01023,
AMTEKAUTO,EQ,181.0,181.5,176.65,177.55,177.6,178.9,681718,121559416.0,23-JAN-2015,7551,INE130C01021,
AMTEKINDIA,EQ,69.45,69.5,68.1,68.35,68.15,68.45,182937,12562007.75,23-JAN-2015,1246,INE068D01021,
AMTL,EQ,17.3,17.9,16.4,16.7,16.7,18.0,1426,24012.5,23-JAN-2015,26,INE436N01029,
ANANTRAJ,EQ,47.45,47.65,45.55,46.3,46.1,47.05,1256296,58451542.3,23-JAN-2015,5795,INE242C01024,
ANDHRABANK,EQ,92.65,93.45,90.6,91.5,91.6,91.95,2799605,256492290.45,23-JAN-2015,15490,INE434A01013,
ANDHRACEMT,EQ,11.0,11.15,10.75,11.05,11.1,11.05,49550,541916.25,23-JAN-2015,162,INE666E01012,
ANDHRSUGAR,EQ,118.0,119.5,117.0,117.85,118.5,118.05,10036,1181991.45,23-JAN-2015,204,INE715B01013,
ANGIND,EQ,49.1,50.1,48.05,48.9,49.0,48.9,93347,4601045.75,23-JAN-2015,611,INE017D01010,
ANIKINDS,BE,28.75,28.75,26.85,27.05,27.0,27.5,5875,163088.0,23-JAN-2015,22,INE087B01017,
ANKITMETAL,EQ,3.75,3.85,3.7,3.8,3.8,3.95,54178,203849.55,23-JAN-2015,39,INE106I01010,
ANSALAPI,EQ,27.0,27.2,26.15,26.4,26.35,26.75,77368,2054142.85,23-JAN-2015,452,INE436A01026,
ANSALHSG,EQ,33.8,34.2,32.3,33.5,33.45,33.8,78432,2611451.45,23-JAN-2015,585,INE880B01015,
ANTGRAPHIC,BE,0.15,0.2,0.15,0.15,0.15,0.2,14123,2123.45,23-JAN-2015,7,INE414B01021,
APARINDS,EQ,389.0,391.5,380.0,382.65,382.0,385.35,63058,24285023.6,23-JAN-2015,5868,INE372A01015,
APCOTEXIND,EQ,560.95,561.05,541.1,546.65,545.0,554.05,8946,4900305.95,23-JAN-2015,500,INE116A01024,
APLAB,BE,31.0,31.0,31.0,31.0,31.0,32.0,100,3100.0,23-JAN-2015,1,INE273A01015,
APLAPOLLO,EQ,380.15,393.15,373.25,382.95,385.0,385.3,4495,1717560.0,23-JAN-2015,202,INE702C01019,
APLLTD,EQ,487.0,493.0,475.0,477.85,475.0,483.35,61991,29823310.45,23-JAN-2015,1736,INE901L01018,
APOLLOHOSP,EQ,1246.0,1307.8,1242.05,1294.1,1298.0,1241.7,241916,307477602.7,23-JAN-2015,21799,INE437A01024,
APOLLOTYRE,EQ,232.0,233.15,225.05,225.8,225.9,231.05,2269971,515968728.55,23-JAN-2015,29714,INE438A01022,
APTECHT,EQ,67.85,68.35,67.0,67.3,67.2,67.3,175437,11852900.0,23-JAN-2015,992,INE266F01018,
ARCHIDPLY,EQ,45.95,45.95,41.95,42.85,43.0,43.95,80223,3474574.0,23-JAN-2015,758,INE877I01016,
ARCHIES,EQ,26.7,27.8,26.4,26.9,26.85,26.75,145140,3900852.65,23-JAN-2015,660,INE731A01020,
ARCOTECH,EQ,327.0,336.1,324.15,329.2,331.7,325.3,34880,11532178.25,23-JAN-2015,696,INE574I01027,
ARIES,EQ,146.7,151.6,142.0,145.85,146.0,144.55,200128,29418315.7,23-JAN-2015,3121,INE298I01015,
ARIHANT,EQ,51.95,54.85,51.0,52.25,52.25,55.0,4063,217024.85,23-JAN-2015,22,INE413D01011,
AROGRANITE,EQ,81.45,83.5,80.7,82.45,83.5,79.1,15088,1234236.15,23-JAN-2015,235,INE210C01013,
ARROWTEX,EQ,29.65,30.35,27.55,28.45,28.25,28.95,187960,5572933.2,23-JAN-2015,999,INE933J01015,
ARSHIYA,EQ,23.65,24.5,23.0,23.45,23.0,23.8,45194,1070689.5,23-JAN-2015,211,INE968D01022,
ARSSINFRA,EQ,45.1,47.0,45.1,45.7,45.5,45.45,115438,5304237.05,23-JAN-2015,988,INE267I01010,
ARVIND,EQ,275.9,277.0,268.65,270.3,269.5,272.95,1490537,404903177.9,23-JAN-2015,20643,INE034A01011,
ARVINDREM,EQ,26.0,26.25,25.1,25.2,25.25,25.65,763145,19351363.85,23-JAN-2015,3362,INE211C01037,
ASAHIINDIA,EQ,129.05,134.8,129.05,132.55,134.5,129.5,77917,10349931.4,23-JAN-2015,1211,INE439A01020,
ASAHISONG,EQ,158.9,160.5,155.3,155.75,155.4,155.45,15965,2509542.25,23-JAN-2015,244,INE228I01012,
ASAL,EQ,53.8,56.55,53.75,53.85,53.75,54.8,800,43642.1,23-JAN-2015,11,INE900C01027,
ASHAPURMIN,EQ,62.35,62.5,60.1,60.55,60.4,61.3,92220,5643520.7,23-JAN-2015,1197,INE348A01023,
ASHIANA,EQ,220.0,224.0,220.0,220.7,220.0,223.8,13742,3038802.9,23-JAN-2015,396,INE365D01021,
ASHIMASYN,EQ,10.05,10.05,8.9,9.3,9.35,9.95,33944,318192.7,23-JAN-2015,99,INE440A01010,
ASHOKA,EQ,148.85,150.25,143.15,143.75,143.8,146.6,110973,16113014.95,23-JAN-2015,1530,INE442H01029,
ASHOKLEY,EQ,63.85,64.9,62.9,64.3,64.15,63.1,15263906,976528750.2,23-JAN-2015,41798,INE208A01029,
ASIANHOTNR,EQ,126.7,128.0,122.05,127.45,128.0,125.75,14300,1771657.3,23-JAN-2015,117,INE363A01022,
ASIANPAINT,EQ,870.8,879.95,860.1,862.1,860.9,867.15,1531430,1327639243.45,23-JAN-2015,36730,INE021A01026,
ASIANTILES,EQ,157.9,157.9,151.2,152.9,152.75,156.3,168621,25943459.7,23-JAN-2015,981,INE022I01019,
ASSAMCO,EQ,5.0,5.05,4.75,4.8,4.9,4.95,754969,3696120.6,23-JAN-2015,539,INE442A01024,
ASTEC,EQ,108.0,115.75,104.0,113.65,113.05,107.35,903141,99877589.55,23-JAN-2015,11322,INE563J01010,
ASTRAL,EQ,392.85,392.85,379.3,382.1,381.5,387.15,142561,54633451.45,23-JAN-2015,998,INE006I01046,
ASTRAMICRO,EQ,137.55,138.85,134.1,135.3,135.95,136.8,860277,116816708.0,23-JAN-2015,9106,INE386C01029,
ASTRAZEN,EQ,880.0,895.0,862.8,867.75,862.8,879.95,5166,4528478.45,23-JAN-2015,477,INE203A01020,
ATFL,EQ,696.0,696.0,664.95,679.05,683.0,699.45,51333,34603634.1,23-JAN-2015,1915,INE209A01019,
ATLANTA,EQ,68.0,72.35,65.5,69.9,70.25,67.0,225824,15923541.7,23-JAN-2015,2047,INE285H01022,
ATLASCYCLE,EQ,244.25,246.5,239.1,240.05,240.1,242.75,16686,4038451.75,23-JAN-2015,564,INE446A01017,
ATNINTER,BE,0.25,0.3,0.25,0.25,0.25,0.3,3503,880.75,23-JAN-2015,7,INE803A01027,
ATUL,EQ,1393.0,1410.0,1304.0,1324.1,1326.0,1383.05,146744,196839056.7,23-JAN-2015,9478,INE100A01010,
ATULAUTO,EQ,659.0,663.2,627.45,634.2,632.85,651.65,101983,65846038.25,23-JAN-2015,3922,INE951D01028,
AURIONPRO,EQ,290.8,290.8,279.0,282.4,280.0,286.25,44418,12657290.4,23-JAN-2015,469,INE132H01018,
AUROPHARMA,EQ,1187.0,1189.15,1165.0,1179.85,1176.5,1181.1,680189,802019531.45,23-JAN-2015,23559,INE406A01037,
AUSOMENT,BE,32.8,32.8,32.8,32.8,32.8,31.25,1,32.8,23-JAN-2015,1,INE218C01016,
AUSTRAL,EQ,0.6,0.6,0.55,0.55,0.55,0.6,1863479,1070763.85,23-JAN-2015,54,INE455J01027,
AUTOAXLES,EQ,726.0,749.0,716.0,724.4,721.0,720.35,5149,3788741.3,23-JAN-2015,440,INE449A01011,
AUTOIND,EQ,72.7,73.7,71.8,72.1,71.8,72.15,46773,3385486.3,23-JAN-2015,664,INE718H01014,
AUTOLITIND,EQ,34.0,34.55,33.0,33.95,34.55,34.2,4714,159292.15,23-JAN-2015,34,INE448A01013,
AVANTI,EQ,1576.5,1590.0,1552.9,1567.3,1556.0,1569.15,5162,8087676.05,23-JAN-2015,502,INE871C01012,
AVTNPL,EQ,38.0,38.45,36.15,36.8,36.8,38.05,63480,2345159.75,23-JAN-2015,431,INE488D01021,
AXISBANK,EQ,571.0,577.4,560.3,565.15,566.0,564.75,4975114,2822942833.55,23-JAN-2015,68377,INE238A01034,
AXISCADES,EQ,182.8,184.0,177.85,178.85,179.35,181.2,62076,11198846.7,23-JAN-2015,1188,INE555B01013,
AXISGOLD,EQ,2630.0,2639.8,2615.75,2634.5,2634.85,2635.3,455,1196792.35,23-JAN-2015,105,INF846K01347,
BAFNAPHARM,EQ,30.75,31.8,30.3,30.55,30.5,30.7,25041,769197.8,23-JAN-2015,217,INE878I01014,
BAGFILMS,EQ,3.15,3.25,3.1,3.15,3.2,3.25,17177,54124.2,23-JAN-2015,70,INE116D01028,
BAJAJ-AUTO,EQ,2470.9,2474.0,2420.0,2441.5,2437.8,2444.3,356732,872317421.55,23-JAN-2015,22736,INE917I01010,
BAJAJCORP,EQ,430.9,431.9,405.0,407.55,407.85,423.5,161171,66560416.55,23-JAN-2015,6607,INE933K01021,
BAJAJELEC,EQ,240.0,242.45,234.3,235.65,235.0,238.65,94517,22399328.1,23-JAN-2015,1880,INE193E01025,
BAJAJFINSV,EQ,1302.4,1329.0,1295.8,1312.2,1322.0,1298.2,25502,33463279.5,23-JAN-2015,2648,INE918I01018,
BAJAJHIND,EQ,19.25,19.4,18.65,18.8,18.85,19.2,1200117,22685095.65,23-JAN-2015,2759,INE306A01021,
BAJAJHLDNG,EQ,1412.0,1433.6,1396.1,1402.85,1401.25,1407.55,11183,15728719.65,23-JAN-2015,1519,INE118A01012,
BAJFINANCE,EQ,3896.8,3896.8,3821.0,3870.15,3870.0,3840.65,42418,163842927.55,23-JAN-2015,2801,INE296A01016,
BALAJITELE,EQ,72.0,73.15,71.0,71.7,71.2,72.55,54728,3925537.25,23-JAN-2015,842,INE794B01026,
BALAMINES,EQ,76.05,78.0,76.0,77.35,77.35,75.6,20810,1608658.5,23-JAN-2015,177,INE050E01027,
BALKRISIND,EQ,657.0,658.15,637.5,644.7,642.0,654.9,35774,23126929.8,23-JAN-2015,1837,INE787D01026,
BALLARPUR,EQ,16.65,16.8,15.95,16.05,15.95,16.65,913586,14818205.75,23-JAN-2015,1312,INE294A01037,
BALMLAWRIE,EQ,614.45,616.25,592.1,594.7,594.9,605.85,29103,17515213.15,23-JAN-2015,1441,INE164A01016,
BALPHARMA,EQ,70.0,72.9,68.0,68.65,69.0,69.1,31778,2241558.85,23-JAN-2015,332,INE083D01012,
BALRAMCHIN,EQ,61.7,61.9,60.0,60.1,60.4,61.4,165223,10010060.55,23-JAN-2015,1118,INE119A01028,
BANARBEADS,EQ,44.8,44.85,37.15,40.65,40.6,45.15,18166,746270.95,23-JAN-2015,216,INE655B01011,
BANARISUG,EQ,1201.05,1219.0,1200.0,1200.0,1200.0,1200.0,116,139327.45,23-JAN-2015,13,INE459A01010,
BANCOINDIA,EQ,150.0,151.8,147.0,149.4,150.0,148.1,31284,4658023.2,23-JAN-2015,618,INE213C01025,
BANG,EQ,10.55,10.55,10.1,10.15,10.15,10.65,7269,75590.05,23-JAN-2015,38,INE863I01016,
BANKBARODA,EQ,227.45,228.9,219.7,223.1,222.95,223.85,4098897,914316349.5,23-JAN-2015,45856,INE028A01039,
BANKBEES,EQ,2015.0,2030.0,2015.0,2022.56,2020.1,2005.82,1935,3914700.35,23-JAN-2015,156,INF732E01078,
BANKINDIA,EQ,301.95,304.0,292.25,294.3,293.9,298.7,3224128,953509493.65,23-JAN-2015,36181,INE084A01016,
BANSWRAS,EQ,78.0,78.5,76.0,78.3,78.3,80.0,307,24040.4,23-JAN-2015,9,INE629D01012,
BARTRONICS,EQ,12.85,13.5,12.65,12.8,12.95,12.85,193229,2545489.25,23-JAN-2015,938,INE855F01034,
BASF,EQ,1311.0,1340.0,1300.0,1306.55,1300.3,1306.75,20640,27101124.5,23-JAN-2015,1343,INE373A01013,
BASML,EQ,165.1,166.0,162.1,163.55,163.5,166.75,8125,1330348.15,23-JAN-2015,81,INE186H01014,
BATAINDIA,EQ,1477.0,1479.9,1445.1,1450.45,1454.7,1468.3,145918,212258338.85,23-JAN-2015,11778,INE176A01010,
BAYERCROP,EQ,3470.0,3500.0,3419.0,3452.25,3480.0,3449.95,50713,175702114.9,23-JAN-2015,1334,INE462A01022,
BBL,EQ,702.0,717.5,662.0,678.95,678.65,699.5,13769,9571848.0,23-JAN-2015,1067,INE464A01028,
BBTC,EQ,469.0,472.8,451.25,457.45,461.65,464.7,117947,54424527.8,23-JAN-2015,3393,INE050A01025,
BEDMUTHA,EQ,18.5,18.6,17.65,17.9,18.5,18.4,10207,184526.65,23-JAN-2015,77,INE844K01012,
BEL,EQ,3239.0,3280.0,3180.95,3216.7,3205.0,3208.45,284166,921046922.6,23-JAN-2015,22200,INE263A01016,
BEML,EQ,922.0,927.0,907.75,912.25,911.65,913.45,475032,434861405.6,23-JAN-2015,13436,INE258A01016,
BEPL,EQ,14.25,14.5,14.25,14.25,14.25,14.25,1805,25855.0,23-JAN-2015,4,INE922A01025,
BERGEPAINT,EQ,231.0,231.4,223.3,224.7,224.6,228.1,490509,110929646.45,23-JAN-2015,5789,INE463A01038,
BFINVEST,EQ,109.0,109.0,106.65,107.05,107.2,106.7,8198,882426.25,23-JAN-2015,234,INE878K01010,
BFUTILITIE,EQ,614.0,616.0,596.15,599.25,596.85,609.0,172031,104037405.45,23-JAN-2015,6714,INE243D01012,
BGLOBAL,BE,2.9,3.1,2.9,3.05,3.0,3.05,3699,10747.1,23-JAN-2015,15,INE224M01013,
BGRENERGY,EQ,163.4,163.4,157.7,160.1,160.0,161.25,163994,26324574.55,23-JAN-2015,2664,INE661I01014,
BHAGYNAGAR,EQ,17.7,18.4,17.1,17.9,18.0,17.6,7675,135911.4,23-JAN-2015,71,INE458B01028,
BHARATFORG,EQ,1029.9,1034.0,999.0,1005.15,1010.0,1019.1,606320,613092236.75,23-JAN-2015,30485,INE465A01025,
BHARATGEAR,EQ,89.0,89.9,81.2,81.45,81.25,89.0,152619,12856159.25,23-JAN-2015,1519,INE561C01019,
BHARATRAS,EQ,1152.2,1220.0,1152.2,1183.25,1186.55,1194.45,273,325679.7,23-JAN-2015,81,INE838B01013,
BHARTIARTL,EQ,372.95,387.75,372.0,384.1,383.25,370.0,5650375,2160639782.35,23-JAN-2015,84384,INE397D01024,
BHEL,EQ,286.05,288.4,277.3,279.1,279.05,284.45,5027323,1420533038.45,23-JAN-2015,54468,INE257A01026,
BHUSANSTL,EQ,87.9,87.9,84.55,85.55,85.9,86.0,96802,8295208.3,23-JAN-2015,1187,INE824B01021,
BIL,EQ,404.0,414.0,402.55,406.25,404.0,406.85,22040,8982206.6,23-JAN-2015,337,INE828A01016,
BILENERGY,EQ,1.0,1.05,0.95,0.95,1.05,1.05,2522,2430.55,23-JAN-2015,8,INE607L01029,
BILPOWER,EQ,1.4,1.55,1.4,1.55,1.55,1.55,20363,28523.2,23-JAN-2015,12,INE952D01018,
BIMETAL,EQ,489.7,489.7,464.05,478.6,473.5,474.65,9763,4645041.9,23-JAN-2015,620,INE469A01019,
BINANIIND,EQ,117.45,118.5,110.65,111.9,111.3,116.1,74477,8431688.1,23-JAN-2015,1242,INE071A01013,
BINDALAGRO,EQ,28.4,28.7,28.05,28.1,28.1,28.2,76724,2168779.8,23-JAN-2015,369,INE143A01010,
BIOCON,EQ,422.5,423.0,410.8,413.1,413.05,425.35,1590493,658242601.0,23-JAN-2015,40821,INE376G01013,
BIRLACORPN,EQ,532.65,542.0,525.85,533.05,533.0,541.05,68158,36541677.9,23-JAN-2015,1310,INE340A01012,
BIRLACOT,BE,0.1,0.15,0.1,0.15,0.1,0.15,585778,68227.9,23-JAN-2015,50,INE655I01024,
BIRLAERIC,BE,73.9,74.35,72.15,74.3,74.35,70.85,53415,3956587.3,23-JAN-2015,336,INE800A01015,
BIRLAMONEY,EQ,32.1,32.65,31.35,31.6,31.55,31.35,18811,596088.6,23-JAN-2015,105,INE865C01022,
BLBLIMITED,EQ,5.8,6.0,5.2,5.9,5.9,5.95,2993,16848.8,23-JAN-2015,17,INE791A01024,
BLISSGVS,EQ,81.0,83.5,80.2,81.75,82.0,80.1,122118,10009049.0,23-JAN-2015,1190,INE416D01022,
BLKASHYAP,EQ,15.75,15.85,14.8,15.05,14.95,15.2,132993,2043241.5,23-JAN-2015,549,INE350H01032,
BLUEDART,EQ,7418.05,7615.0,7310.0,7393.05,7440.0,7404.05,6362,47481494.85,23-JAN-2015,2859,INE233B01017,
BLUESTARCO,EQ,347.7,348.85,336.0,337.75,338.0,341.3,43883,14930541.4,23-JAN-2015,2671,INE472A01039,
BLUESTINFO,EQ,215.45,215.5,202.25,204.55,203.35,215.95,13311,2754922.6,23-JAN-2015,583,INE504B01011,
BODALCHEM,EQ,41.9,43.7,41.25,43.45,43.7,41.65,258022,10986130.55,23-JAN-2015,1230,INE338D01028,
BODHTREE,BE,13.8,13.8,13.8,13.8,13.8,14.5,3,41.4,23-JAN-2015,1,INE104F01011,
BOMDYEING,EQ,79.15,80.4,75.1,77.75,77.3,79.0,2814934,219253292.0,23-JAN-2015,15332,INE032A01023,
BOSCHLTD,EQ,21894.0,21998.7,21593.0,21834.25,21790.05,21677.4,19476,424550565.95,23-JAN-2015,5236,INE323A01026,
BPCL,EQ,663.4,682.35,657.55,674.75,674.0,657.05,1451013,974265675.9,23-JAN-2015,38822,INE029A01011,
BPL,EQ,34.95,35.5,32.25,33.0,32.7,34.8,229310,7694780.05,23-JAN-2015,1426,INE110A01019,
BRANDHOUSE,EQ,1.65,1.7,1.6,1.65,1.65,1.65,26847,44354.15,23-JAN-2015,22,INE317J01011,
BRFL,EQ,130.5,132.0,128.0,128.0,129.5,130.55,26607,3407756.95,23-JAN-2015,309,INE589G01011,
BRIGADE,EQ,170.1,172.25,166.3,167.15,166.35,170.0,72014,12117388.65,23-JAN-2015,2068,INE791I01019,
BRITANNIA,EQ,1920.0,1927.0,1906.0,1914.65,1910.0,1901.15,230051,440435965.55,23-JAN-2015,15167,INE216A01022,
BROADCAST,EQ,4.15,4.15,3.95,3.95,3.95,4.15,485,1955.75,23-JAN-2015,7,INE698H01018,
BROOKS,EQ,42.1,42.95,41.05,41.35,41.4,42.35,47323,1968587.6,23-JAN-2015,294,INE650L01011,
BSELINFRA,EQ,2.8,2.8,2.65,2.75,2.8,2.75,45588,124630.15,23-JAN-2015,65,INE395A01016,
BSL,EQ,41.0,41.4,40.0,40.55,40.5,41.2,7509,305204.7,23-JAN-2015,133,INE594B01012,
BSLGOLDETF,EQ,2653.05,2710.0,2653.05,2690.0,2690.0,2690.0,89,239220.4,23-JAN-2015,22,INF209K01HT2,
BSLIMITED,EQ,22.5,23.5,22.1,22.25,22.15,22.45,532797,11994010.4,23-JAN-2015,1172,INE043K01029,
BSLNIFTY,EQ,97.0,98.6,94.0,94.0,94.0,94.0,567,55175.7,23-JAN-2015,10,INF209K01IR4,
BURNPUR,EQ,10.75,10.95,10.3,10.35,10.4,10.8,148030,1549469.65,23-JAN-2015,538,INE817H01014,
BUTTERFLY,EQ,256.8,256.8,243.05,245.4,244.0,248.15,985,242405.45,23-JAN-2015,85,INE295F01017,
BVCL,EQ,13.55,13.65,13.0,13.4,13.4,13.65,6232,83500.1,23-JAN-2015,32,INE139I01011,
CADILAHC,EQ,1665.0,1693.35,1645.0,1647.4,1645.05,1643.35,107401,178330913.7,23-JAN-2015,11414,INE010B01019,
CAIRN,EQ,238.8,250.0,235.25,248.35,248.0,238.5,4350501,1060012167.85,23-JAN-2015,58129,INE910H01017,
CAMLINFINE,EQ,95.0,95.0,90.4,91.15,90.55,94.75,57503,5341151.45,23-JAN-2015,716,INE052I01032,
CANBK,EQ,471.7,473.0,461.05,469.0,468.0,465.5,1323553,617454613.4,23-JAN-2015,21962,INE476A01014,
CANDC,EQ,29.15,29.15,28.5,28.95,28.8,29.35,5827,168353.85,23-JAN-2015,53,INE874H01015,
CANFINHOME,EQ,638.0,649.0,620.0,626.6,622.0,695.5,168487,106632919.15,23-JAN-2015,6045,INE477A01012,
CANTABIL,EQ,41.5,41.5,39.2,40.0,40.0,40.45,20693,833253.25,23-JAN-2015,97,INE068L01016,
CAPF,EQ,414.9,417.0,390.1,398.05,398.2,409.2,259186,103982125.55,23-JAN-2015,5641,INE688I01017,
CAPLIPOINT,EQ,430.0,435.0,419.0,430.95,435.0,425.65,10795,4611860.75,23-JAN-2015,514,INE475E01018,
CARBORUNIV,EQ,175.3,176.8,175.0,175.3,175.0,175.9,40265,7053767.95,23-JAN-2015,400,INE120A01034,
CAREERP,EQ,168.1,172.5,166.5,168.2,167.25,168.7,42895,7241781.4,23-JAN-2015,963,INE521J01018,
CARERATING,EQ,1625.0,1638.0,1556.25,1562.8,1565.0,1619.45,52712,83558946.35,23-JAN-2015,4999,INE752H01013,
CASTROLIND,EQ,504.0,504.0,489.65,490.45,490.0,498.05,250293,123753842.6,23-JAN-2015,5738,INE172A01027,
CCCL,EQ,5.75,6.15,5.3,6.0,6.0,5.75,194864,1122883.75,23-JAN-2015,521,INE429I01024,
CCL,EQ,185.6,190.95,183.5,188.4,187.6,184.55,651563,122676788.9,23-JAN-2015,7307,INE421D01022,
CEATLTD,EQ,818.0,819.45,790.1,795.0,792.55,811.45,217583,174072341.1,23-JAN-2015,9444,INE482A01020,
CEBBCO,EQ,25.2,26.6,22.8,23.9,24.0,25.95,154811,3749674.8,23-JAN-2015,1238,INE209L01016,
CELEBRITY,EQ,13.0,13.4,12.9,13.1,13.1,13.15,3485,45776.95,23-JAN-2015,28,INE185H01016,
CELESTIAL,EQ,50.25,52.0,48.0,50.25,50.25,51.1,158181,8057443.4,23-JAN-2015,543,INE221I01017,
CENTENKA,EQ,174.95,178.0,172.0,173.5,173.0,172.0,30073,5240337.1,23-JAN-2015,811,INE485A01015,
CENTEXT,EQ,1.9,1.9,1.75,1.8,1.8,1.8,20323,37368.4,23-JAN-2015,13,INE281A01026,
CENTRALBK,EQ,104.45,105.25,103.75,103.9,103.8,104.1,890944,92782289.2,23-JAN-2015,3410,INE483A01010,
CENTUM,EQ,736.0,748.95,732.05,739.6,739.0,733.75,7835,5800161.0,23-JAN-2015,574,INE320B01020,
CENTURYPLY,EQ,186.9,187.85,176.3,178.35,177.15,185.45,579105,104933200.7,23-JAN-2015,10225,INE348B01021,
CENTURYTEX,EQ,569.0,571.9,557.15,564.25,561.6,564.75,678379,383145846.05,23-JAN-2015,10579,INE055A01016,
CERA,EQ,2112.65,2120.0,2059.9,2106.85,2117.0,2113.2,5137,10714065.3,23-JAN-2015,701,INE739E01017,
CEREBRAINT,EQ,14.7,15.4,14.2,14.75,14.75,14.15,119046,1736597.95,23-JAN-2015,319,INE345B01019,
CESC,EQ,727.85,739.95,711.05,714.1,712.9,717.65,606252,438070905.6,23-JAN-2015,14742,INE486A01013,
CGCL,EQ,220.0,224.0,209.5,210.7,209.5,211.5,2778,597716.1,23-JAN-2015,101,INE180C01018,
CHAMBLFERT,EQ,65.9,66.25,64.3,65.2,65.0,64.3,676795,44129521.35,23-JAN-2015,5053,INE085A01013,
CHEMFALKAL,EQ,83.8,83.8,82.3,82.7,82.3,83.6,1458,120795.3,23-JAN-2015,50,INE479E01028,
CHENNPETRO,EQ,71.7,71.95,69.75,70.7,70.5,70.95,183873,12975534.1,23-JAN-2015,1611,INE178A01016,
CHESLINTEX,EQ,8.4,8.45,8.4,8.45,8.45,8.8,3000,25250.0,23-JAN-2015,4,INE217C01018,
CHOLAFIN,EQ,510.15,518.9,504.5,515.3,514.0,515.15,100572,51311892.25,23-JAN-2015,2584,INE121A01016,
CHROMATIC,EQ,3.9,3.9,3.7,3.75,3.8,3.8,69590,264446.2,23-JAN-2015,30,INE662C01015,
CIGNITITEC,EQ,440.0,445.0,432.9,439.45,440.0,437.0,46883,20571352.85,23-JAN-2015,421,INE675C01017,
CIMMCO,EQ,78.0,78.0,72.55,73.5,73.9,76.2,17968,1345253.45,23-JAN-2015,175,INE184C01028,
CINELINE,EQ,14.5,15.1,14.1,14.35,14.2,14.5,24507,351430.1,23-JAN-2015,75,INE704H01022,
CINEVISTA,EQ,3.4,3.65,3.4,3.65,3.45,3.9,1013,3491.0,23-JAN-2015,13,INE039B01026,
CIPLA,EQ,659.9,686.5,654.6,677.65,681.95,654.8,2255956,1507647243.7,23-JAN-2015,44886,INE059A01026,
CLASSIC,BE,2.3,2.3,2.1,2.1,2.1,2.2,1809,3821.9,23-JAN-2015,6,INE987C01024,
CLNINDIA,EQ,959.0,969.95,955.55,963.65,955.55,961.6,23182,22356761.05,23-JAN-2015,979,INE492A01029,
CLUTCHAUTO,EQ,23.0,23.0,21.0,21.65,21.8,22.6,22181,482676.95,23-JAN-2015,172,INE779B01019,
CMAHENDRA,EQ,13.9,13.9,12.85,13.0,12.9,13.35,138992,1821801.0,23-JAN-2015,706,INE378J01013,
CMC,EQ,1892.6,1904.85,1881.25,1889.45,1891.0,1890.8,19555,36967193.7,23-JAN-2015,1462,INE314A01017,
CNOVAPETRO,EQ,19.05,20.0,18.75,20.0,20.0,19.05,370,6992.5,23-JAN-2015,4,INE672K01025,
COALINDIA,EQ,398.0,400.0,390.6,394.7,392.55,396.4,1892706,747804003.35,23-JAN-2015,28446,INE522F01014,
COLPAL,EQ,1937.5,1942.1,1880.0,1912.85,1911.0,1922.8,420458,806538182.65,23-JAN-2015,25866,INE259A01022,
COMPUAGE,EQ,141.15,172.0,130.0,162.0,155.0,144.95,95597,15035722.5,23-JAN-2015,2003,INE070C01029,
COMPUSOFT,EQ,11.4,11.7,11.3,11.55,11.7,11.45,42367,489261.95,23-JAN-2015,74,INE453B01029,
CONCOR,EQ,1448.95,1450.0,1415.0,1424.45,1423.95,1442.15,31130,44527861.1,23-JAN-2015,3574,INE111A01017,
CONSOFINVT,EQ,43.5,44.1,43.1,44.0,44.0,44.0,1415,61694.5,23-JAN-2015,13,INE025A01027,
CORDSCABLE,EQ,26.0,26.45,25.5,25.9,25.85,26.3,3432,89464.7,23-JAN-2015,30,INE792I01017,
COREEDUTEC,EQ,12.8,12.8,11.55,11.8,11.9,12.4,251419,3016031.2,23-JAN-2015,1577,INE247G01024,
COROENGG,EQ,43.85,44.0,42.65,42.8,42.65,42.95,9252,401747.7,23-JAN-2015,83,INE312J01012,
COROMANDEL,EQ,308.0,308.0,291.4,294.85,292.2,300.2,720969,214751319.0,23-JAN-2015,8233,INE169A01031,
CORPBANK,EQ,75.0,75.65,71.8,72.05,72.25,74.3,840370,61484998.0,23-JAN-2015,6214,INE112A01023,
COSMOFILMS,EQ,97.95,98.2,95.0,95.35,95.5,97.05,8486,814787.0,23-JAN-2015,162,INE757A01017,
COUNCODOS,EQ,1.95,1.95,1.85,1.9,1.85,1.9,3570,6820.5,23-JAN-2015,11,INE695B01025,
COX&KINGS,EQ,316.95,318.5,311.05,312.25,311.85,313.75,180259,56694900.6,23-JAN-2015,4693,INE008I01026,
CPSEETF,EQ,25.35,25.35,24.9,25.0,25.13,25.15,1087785,27318382.88,23-JAN-2015,446,INF457M01133,
CREATIVEYE,EQ,4.05,4.25,4.05,4.1,4.1,4.25,2886,11845.3,23-JAN-2015,13,INE230B01021,
CREST,EQ,47.25,48.9,47.2,48.0,47.55,48.0,79,3753.5,23-JAN-2015,4,INE559D01011,
CRISIL,EQ,2110.0,2129.0,2065.0,2100.45,2109.9,2105.2,16461,34481084.75,23-JAN-2015,2076,INE007A01025,
CRMFGETF,EQ,2695.0,2710.0,2692.0,2706.4,2710.0,2690.0,3017,8121895.0,23-JAN-2015,34,INF760K01BR1,
CROMPGREAV,EQ,196.0,196.45,192.0,193.8,193.35,194.3,2382126,462669104.8,23-JAN-2015,18727,INE067A01029,
CTE,EQ,12.75,14.05,12.75,13.2,13.6,13.4,11466,151800.85,23-JAN-2015,102,INE627H01017,
CUB,EQ,94.85,95.45,92.5,93.2,93.35,93.85,319096,29862833.2,23-JAN-2015,2243,INE491A01021,
CUMMINSIND,EQ,888.0,897.5,880.0,883.0,882.0,884.55,147616,130623389.35,23-JAN-2015,13525,INE298A01020,
CURATECH,EQ,15.25,15.25,15.25,15.25,15.25,16.0,200,3050.0,23-JAN-2015,2,INE117B01012,
CYBERTECH,EQ,45.4,46.15,45.0,45.3,45.0,45.3,14634,662247.4,23-JAN-2015,157,INE214A01019,
CYIENT,EQ,565.0,565.0,544.95,551.2,556.5,561.45,80045,44078563.9,23-JAN-2015,2248,INE136B01020,
DAAWAT,EQ,120.6,121.1,117.0,118.0,117.1,120.35,7144,852233.8,23-JAN-2015,225,INE818H01012,
DABUR,EQ,251.55,253.15,246.35,249.6,248.25,250.2,1352803,337269815.05,23-JAN-2015,28444,INE016A01026,
DALMIABHA,EQ,464.35,484.0,464.35,469.6,470.0,463.8,14148,6740092.05,23-JAN-2015,415,INE439L01019,
DALMIASUG,EQ,21.6,21.95,21.0,21.45,21.55,21.6,12879,274806.8,23-JAN-2015,68,INE495A01022,
DATAMATICS,EQ,81.5,82.95,77.25,80.5,80.4,82.15,102767,8197915.25,23-JAN-2015,1257,INE365B01017,
DBCORP,EQ,400.0,400.95,392.1,395.15,397.9,399.95,15461,6132455.65,23-JAN-2015,928,INE950I01011,
DBREALTY,EQ,83.3,87.25,80.8,83.7,83.4,79.35,3720467,318021315.7,23-JAN-2015,18877,INE879I01012,
DBSTOCKBRO,EQ,53.35,53.45,53.25,53.35,53.35,53.35,32450,1732816.0,23-JAN-2015,394,INE921B01025,
DCBBANK,EQ,116.5,117.8,113.85,115.45,115.2,115.4,1433980,165653397.55,23-JAN-2015,11872,INE503A01015,
DCM,EQ,100.1,104.0,98.7,99.25,99.5,100.7,27419,2740431.6,23-JAN-2015,274,INE498A01018,
DCMSHRIRAM,EQ,149.5,149.5,141.0,142.1,141.0,146.8,41825,6040617.3,23-JAN-2015,1005,INE499A01024,
DCW,EQ,19.6,19.7,18.7,18.95,18.95,19.35,570251,10908785.55,23-JAN-2015,2279,INE500A01029,
DECCANCE,EQ,427.95,427.95,394.5,400.35,399.05,403.1,922,370000.1,23-JAN-2015,62,INE583C01013,
DECOLIGHT,BE,1.5,1.6,1.5,1.6,1.6,1.55,4392,6766.0,23-JAN-2015,11,INE172I01012,
DEEPAKFERT,EQ,138.15,139.9,137.1,139.25,139.85,137.9,92292,12819992.05,23-JAN-2015,1078,INE501A01019,
DEEPAKNTR,EQ,83.75,83.75,80.7,81.2,81.25,81.75,69904,5706501.2,23-JAN-2015,891,INE288B01029,
DEEPIND,EQ,64.55,65.9,63.5,63.95,63.8,64.95,16610,1069255.25,23-JAN-2015,174,INE677H01012,
DELTACORP,EQ,98.4,98.4,95.2,95.85,95.6,97.5,1190471,115065676.9,23-JAN-2015,6868,INE124G01033,
DELTAMAGNT,EQ,40.0,42.55,40.0,42.55,42.55,45.95,450,18505.0,23-JAN-2015,5,INE393A01011,
DEN,EQ,123.0,124.05,119.15,120.25,120.65,122.6,130431,15846674.15,23-JAN-2015,2852,INE947J01015,
DENABANK,EQ,59.65,60.0,58.0,58.55,58.6,59.05,944663,55611412.65,23-JAN-2015,7106,INE077A01010,
DENORA,EQ,150.0,153.75,149.5,149.85,149.6,149.3,2018,306013.65,23-JAN-2015,77,INE244A01016,
DHAMPURSUG,EQ,43.25,43.7,42.1,43.1,43.05,43.3,52508,2253981.15,23-JAN-2015,431,INE041A01016,
DHANBANK,EQ,38.65,39.15,37.9,37.95,38.0,38.4,663390,25377963.4,23-JAN-2015,3622,INE680A01011,
DHANUKA,EQ,527.0,531.0,521.0,523.45,523.95,523.6,11856,6223158.7,23-JAN-2015,513,INE435G01025,
DHARSUGAR,EQ,17.0,17.55,16.85,17.05,17.05,17.25,3495,60886.15,23-JAN-2015,13,INE988C01014,
DHFL,EQ,487.5,498.0,482.0,483.65,484.0,484.05,815433,398969944.45,23-JAN-2015,17811,INE202B01012,
DHUNINV,EQ,118.9,126.0,118.0,125.2,125.0,120.25,843,104153.75,23-JAN-2015,32,INE320L01011,
DIAPOWER,EQ,77.4,78.25,72.0,73.65,74.0,75.6,108667,8068001.85,23-JAN-2015,948,INE989C01012,
DICIND,EQ,383.0,395.0,381.4,385.4,381.4,385.8,6132,2380898.45,23-JAN-2015,421,INE303A01010,
DIGJAM,EQ,9.2,9.7,8.85,8.9,9.0,9.4,163273,1480010.15,23-JAN-2015,464,INE471A01023,
DISHMAN,EQ,135.5,139.5,135.5,136.25,136.0,132.85,1501441,206165269.7,23-JAN-2015,17596,INE353G01020,
DISHTV,EQ,76.0,81.25,75.9,79.4,79.55,74.45,17521181,1382368294.65,23-JAN-2015,57737,INE836F01026,
DIVISLAB,EQ,1661.0,1684.9,1661.0,1678.45,1680.25,1656.0,142212,238353244.25,23-JAN-2015,14889,INE361B01024,
DLF,EQ,150.9,157.9,148.85,156.7,157.0,148.6,14722411,2261751899.05,23-JAN-2015,77408,INE271C01023,
DLINKINDIA,EQ,164.7,168.9,164.7,167.35,167.9,166.4,57229,9553539.7,23-JAN-2015,975,INE250K01012,
DOLPHINOFF,EQ,159.0,160.45,153.2,154.85,154.9,157.75,235585,36626715.5,23-JAN-2015,3297,INE920A01011,
DONEAR,EQ,19.2,19.2,17.3,17.45,17.3,19.2,33560,601151.3,23-JAN-2015,148,INE668D01028,
DPL,EQ,76.6,76.6,72.55,74.45,74.0,75.15,15847,1174607.9,23-JAN-2015,239,INE477B01010,
DPSCLTD,EQ,17.55,18.05,17.1,17.2,17.1,17.2,209211,3607990.95,23-JAN-2015,41,INE360C01024,
DQE,EQ,27.15,27.2,25.65,25.85,26.0,27.0,54409,1422321.35,23-JAN-2015,262,INE656K01010,
DRDATSONS,EQ,9.45,9.6,8.85,9.2,9.25,9.45,2450618,22397725.7,23-JAN-2015,5166,INE928K01013,
DREDGECORP,EQ,412.0,413.25,396.0,401.2,400.05,408.4,58431,23655774.95,23-JAN-2015,2977,INE506A01018,
DRREDDY,EQ,3389.75,3389.75,3335.0,3349.6,3335.0,3361.25,441479,1483691149.35,23-JAN-2015,44232,INE089A01023,
DSKULKARNI,EQ,91.0,91.0,86.75,89.35,89.0,90.35,11354,1010495.85,23-JAN-2015,226,INE891A01014,
DTIL,BE,246.4,246.4,246.4,246.4,246.4,234.7,8182,2016044.8,23-JAN-2015,35,INE341R01014,
DUNCANSLTD,BE,16.8,17.5,16.7,16.8,16.8,17.5,17012,288399.2,23-JAN-2015,54,INE508A01022,
DWARKESH,EQ,30.5,31.4,30.35,30.55,30.5,31.8,8126,251017.75,23-JAN-2015,145,INE366A01033,
DYNAMATECH,EQ,2450.0,2450.0,2310.0,2392.15,2405.0,2435.3,3065,7317195.45,23-JAN-2015,456,INE221B01012,
DYNATECH,EQ,2.75,2.85,2.6,2.6,2.6,2.8,8675,23256.6,23-JAN-2015,25,INE741L01018,
EASTSILK,EQ,2.2,2.25,2.05,2.15,2.15,2.2,32852,70845.35,23-JAN-2015,32,INE962C01027,
EASUNREYRL,EQ,59.3,59.3,56.1,57.1,58.2,58.4,21136,1202763.55,23-JAN-2015,282,INE268C01029,
ECEIND,EQ,139.95,140.0,134.0,134.35,134.2,136.95,1433,192746.75,23-JAN-2015,60,INE588B01014,
ECLERX,EQ,1301.3,1316.85,1264.6,1278.45,1278.0,1300.3,9140,11797432.1,23-JAN-2015,2392,INE738I01010,
EDELWEISS,EQ,69.6,72.0,68.1,70.05,70.6,68.85,6455493,454534186.55,23-JAN-2015,36735,INE532F01054,
EDL,EQ,29.0,30.05,28.5,28.95,29.0,29.6,33572,974860.95,23-JAN-2015,253,INE180G01019,
EDUCOMP,EQ,26.9,26.9,25.6,25.9,25.8,26.55,437658,11452436.15,23-JAN-2015,3419,INE216H01027,
EICHERMOT,EQ,15372.0,15420.1,15113.0,15145.95,15160.0,15314.95,104097,1578165303.5,23-JAN-2015,7407,INE066A01013,
EIDPARRY,EQ,191.6,194.9,186.25,187.65,188.0,191.8,66119,12563678.3,23-JAN-2015,944,INE126A01031,
EIHAHOTELS,EQ,222.15,233.9,221.4,230.5,233.8,226.05,3767,865126.45,23-JAN-2015,83,INE276C01014,
EIHOTEL,EQ,117.0,121.45,110.2,113.0,112.15,116.2,5252935,627838167.85,23-JAN-2015,7165,INE230A01023,
EIMCOELECO,BE,449.9,463.5,449.9,450.0,450.0,458.0,186,83709.5,23-JAN-2015,5,INE158B01016,
EKC,EQ,11.7,12.0,10.9,11.2,11.2,11.65,115111,1320605.35,23-JAN-2015,432,INE184H01027,
ELDERPHARM,EQ,134.7,134.9,130.0,130.3,130.5,132.0,101026,13277371.15,23-JAN-2015,2029,INE975A01015,
ELECON,EQ,53.0,53.3,51.4,51.65,51.6,52.4,162087,8456716.9,23-JAN-2015,1228,INE205B01023,
ELECTCAST,EQ,17.75,17.75,16.9,17.05,17.0,17.05,162493,2779062.2,23-JAN-2015,693,INE086A01029,
ELECTHERM,EQ,21.15,24.2,21.15,24.2,24.2,22.0,2285,54484.3,23-JAN-2015,11,INE822G01016,
ELFORGE,BE,6.35,6.35,6.35,6.35,6.35,6.65,101,641.35,23-JAN-2015,2,INE158F01017,
ELGIEQUIP,EQ,160.0,164.0,159.05,160.05,160.0,160.0,16596,2668527.25,23-JAN-2015,321,INE285A01027,
ELGIRUBCO,EQ,33.6,33.65,32.15,32.95,32.8,33.0,8473,279440.1,23-JAN-2015,101,INE819L01012,
EMAMIINFRA,EQ,38.65,39.85,36.1,38.0,38.0,38.65,23363,888406.6,23-JAN-2015,196,INE778K01012,
EMAMILTD,EQ,909.9,909.9,889.45,898.15,900.0,891.1,115288,103624568.75,23-JAN-2015,5913,INE548C01032,
EMCO,EQ,40.8,43.2,39.55,42.55,42.65,39.95,650397,27143624.15,23-JAN-2015,4034,INE078A01026,
EMKAY,EQ,56.0,56.9,54.25,55.3,54.65,56.45,9435,526498.6,23-JAN-2015,71,INE296H01011,
EMMBI,EQ,15.25,16.15,15.25,15.7,15.6,15.4,20416,321966.3,23-JAN-2015,91,INE753K01015,
ENERGYDEV,EQ,19.7,20.0,19.0,19.25,19.3,20.0,1732,33707.7,23-JAN-2015,38,INE306C01019,
ENGINERSIN,EQ,229.0,229.05,222.15,224.1,224.5,226.6,405470,91254480.6,23-JAN-2015,5038,INE510A01028,
ENIL,EQ,588.0,601.95,561.15,569.1,563.2,569.75,36805,21515618.7,23-JAN-2015,2308,INE265F01028,
ENTEGRA,BE,3.7,3.95,3.65,3.85,3.85,3.8,1252,4659.9,23-JAN-2015,8,INE826A01028,
EON,EQ,50.25,53.9,49.75,50.45,50.05,51.8,16273,832740.15,23-JAN-2015,319,INE076H01025,
ERAINFRA,EQ,9.85,10.0,9.1,9.1,9.1,9.55,3278518,30683809.4,23-JAN-2015,3878,INE039E01020,
EROSMEDIA,EQ,387.0,393.9,369.0,371.6,372.0,386.0,229341,87366177.85,23-JAN-2015,9901,INE416L01017,
ESABINDIA,EQ,690.4,698.85,680.0,682.6,680.0,691.8,961,660177.1,23-JAN-2015,75,INE284A01012,
ESCORTS,EQ,130.95,131.35,126.6,127.15,126.95,129.8,531916,68246396.0,23-JAN-2015,5075,INE042A01014,
ESL,EQ,4.3,4.4,4.25,4.25,4.3,4.35,230565,993499.15,23-JAN-2015,210,INE481K01013,
ESSAROIL,EQ,112.35,113.45,110.3,111.15,111.0,110.85,153637,17111454.25,23-JAN-2015,1463,INE011A01019,
ESSARPORTS,EQ,115.15,116.9,106.8,108.75,108.3,114.7,73442,8269133.25,23-JAN-2015,1332,INE282A01024,
ESSARSHPNG,EQ,22.0,22.6,22.0,22.45,22.2,22.15,21749,485502.4,23-JAN-2015,87,INE122M01019,
ESSDEE,EQ,281.3,300.0,266.2,289.55,288.0,281.35,441286,123358702.95,23-JAN-2015,9739,INE825H01017,
ESSELPACK,EQ,132.7,132.7,128.35,129.25,130.0,131.3,116673,15176026.3,23-JAN-2015,1605,INE255A01020,
ESTER,EQ,20.85,21.4,20.3,20.9,20.7,20.85,15299,317542.55,23-JAN-2015,79,INE778B01029,
EUROCERA,EQ,5.45,5.45,4.95,5.15,5.15,5.2,7061,36979.15,23-JAN-2015,27,INE649H01011,
EUROMULTI,EQ,1.95,1.95,1.9,1.9,1.9,1.9,3450,6617.5,23-JAN-2015,4,INE063J01011,
EUROTEXIND,EQ,23.5,24.95,22.55,23.3,23.3,23.15,2246,53014.95,23-JAN-2015,36,INE022C01012,
EVEREADY,EQ,215.4,218.9,211.8,216.3,215.25,213.65,607484,131054094.65,23-JAN-2015,7806,INE128A01029,
EVERESTIND,EQ,331.0,338.0,320.2,327.45,328.0,329.75,20432,6682025.95,23-JAN-2015,718,INE295A01018,
EVERONN,EQ,38.0,38.3,36.8,37.1,36.8,37.75,66554,2477022.3,23-JAN-2015,567,INE678H01010,
EXCELCROP,EQ,1013.0,1020.0,971.7,994.05,999.95,999.15,3963,3945196.95,23-JAN-2015,684,INE223G01017,
EXCELINDUS,EQ,353.1,362.0,346.75,351.6,350.0,354.2,18356,6492904.6,23-JAN-2015,910,INE369A01029,
EXCELINFO,EQ,24.05,25.0,23.2,23.9,24.0,24.65,9032,214432.9,23-JAN-2015,96,INE688J01015,
EXIDEIND,EQ,194.0,202.25,193.85,201.75,201.25,192.05,6030618,1198102220.65,23-JAN-2015,40264,INE302A01020,
FACT,EQ,33.4,33.8,32.65,32.75,32.65,32.9,52435,1738855.5,23-JAN-2015,403,INE188A01015,
FAGBEARING,EQ,3670.65,3770.0,3606.75,3720.1,3727.0,3623.55,2434,8987431.9,23-JAN-2015,292,INE513A01014,
FARMAXIND,EQ,1.4,1.45,1.35,1.35,1.4,1.45,75696,103539.95,23-JAN-2015,58,INE890I01035,
FCEL,EQ,12.3,12.6,11.5,12.1,12.1,12.25,1165244,14120260.35,23-JAN-2015,2604,INE220J01025,
FCL,EQ,242.7,242.7,239.5,242.45,240.0,220.65,535,129361.0,23-JAN-2015,61,INE045J01018,
FCSSOFT,EQ,0.35,0.4,0.35,0.35,0.35,0.35,347946,123948.85,23-JAN-2015,125,INE512B01022,
FDC,EQ,157.05,159.9,156.75,157.15,157.2,157.5,50381,7926759.1,23-JAN-2015,541,INE258B01022,
FEDDERLOYD,EQ,74.45,77.0,74.0,74.55,74.1,74.3,71523,5382530.45,23-JAN-2015,923,INE249C01011,
FEDERALBNK,EQ,145.8,145.9,143.3,143.9,144.0,143.85,3343453,482487274.55,23-JAN-2015,41866,INE171A01029,
FIEMIND,EQ,907.8,912.0,880.1,900.05,892.0,904.6,37090,33437847.75,23-JAN-2015,3187,INE737H01014,
FILATEX,EQ,29.1,30.7,29.1,30.7,30.7,29.4,603,18347.1,23-JAN-2015,3,INE816B01019,
FINANTECH,EQ,203.9,204.25,195.35,197.1,196.55,201.65,277228,55026548.1,23-JAN-2015,5969,INE111B01023,
FINCABLES,EQ,267.0,269.4,258.5,260.2,258.6,264.65,107400,28232750.15,23-JAN-2015,2705,INE235A01022,
FINPIPE,EQ,292.0,311.75,290.05,307.4,305.1,290.85,322637,98200148.2,23-JAN-2015,6146,INE183A01016,
FLEXITUFF,EQ,218.0,229.95,216.4,218.3,218.0,218.95,20923,4608476.6,23-JAN-2015,335,INE060J01017,
FLFL,EQ,79.05,80.05,76.3,76.95,77.45,80.0,140168,10820616.65,23-JAN-2015,371,INE452O01016,
FMGOETZE,EQ,423.95,423.95,405.1,409.25,409.95,413.8,6958,2855348.3,23-JAN-2015,371,INE529A01010,
FMNL,EQ,11.2,11.4,11.0,11.35,11.4,11.4,6892,76773.85,23-JAN-2015,49,INE360L01017,
FORTIS,EQ,117.2,117.75,113.5,113.9,113.6,117.15,277676,31902832.55,23-JAN-2015,3432,INE061F01013,
FOSECOIND,EQ,1202.65,1202.65,1149.95,1165.25,1174.85,1212.95,4212,4934140.85,23-JAN-2015,373,INE519A01011,
FRL,EQ,113.5,114.25,111.25,114.0,114.05,113.15,1041186,117716615.1,23-JAN-2015,6141,INE623B01027,
FRLDVR,EQ,53.75,53.75,52.55,52.65,52.65,52.65,35324,1860681.35,23-JAN-2015,56,IN9623B01058,
FSL,EQ,30.55,30.7,29.4,29.6,29.55,30.15,1640128,49084062.3,23-JAN-2015,6553,INE684F01012,
GABRIEL,EQ,103.3,103.85,98.1,100.65,100.1,102.55,660821,66778960.95,23-JAN-2015,6150,INE524A01029,
GAEL,EQ,51.8,51.95,49.05,49.45,49.3,51.2,60790,3034268.95,23-JAN-2015,569,INE036B01022,
GAIL,EQ,433.9,433.9,420.35,422.95,423.0,431.05,1855869,786351159.4,23-JAN-2015,33297,INE129A01019,
GAL,EQ,33.85,34.0,33.0,33.8,33.1,33.6,8482,285961.75,23-JAN-2015,118,INE482J01013,
GALLANTT,EQ,24.4,26.5,24.05,25.75,26.0,24.3,51108,1302943.95,23-JAN-2015,175,INE297H01019,
GALLISPAT,EQ,402.55,404.5,401.75,403.55,404.25,402.55,52007,20965564.65,23-JAN-2015,1407,INE528K01011,
GAMMNINFRA,EQ,16.25,16.25,15.0,15.2,15.1,15.55,701425,10980022.1,23-JAN-2015,2394,INE181G01025,
GAMMONIND,EQ,23.0,23.5,22.5,23.0,22.9,22.95,335020,7680973.85,23-JAN-2015,1737,INE259B01020,
GANDHITUBE,EQ,279.0,279.0,265.0,269.9,266.0,272.6,9027,2443720.2,23-JAN-2015,257,INE524B01027,
GANESHHOUC,EQ,148.2,151.0,144.75,147.75,147.0,144.8,74473,10988903.8,23-JAN-2015,1971,INE460C01014,
GANGOTRI,EQ,1.35,1.35,1.35,1.35,1.35,1.35,1000,1350.0,23-JAN-2015,3,INE670B01028,
GARDENSILK,EQ,30.6,30.85,30.3,30.55,30.85,30.75,4979,151910.35,23-JAN-2015,56,INE526A01016,
GARWALLROP,EQ,214.65,215.95,205.0,207.4,207.5,210.15,19191,4028278.05,23-JAN-2015,398,INE276A01018,
GATI,EQ,289.9,291.1,272.8,275.1,274.5,288.2,1368878,383161172.8,23-JAN-2015,30563,INE152B01027,
GAYAPROJ,EQ,174.9,180.0,168.5,174.95,173.2,169.95,112229,19592950.0,23-JAN-2015,2209,INE336H01015,
GDL,EQ,390.8,396.0,376.0,380.95,380.75,383.45,191660,73639534.1,23-JAN-2015,5680,INE852F01015,
GEECEE,EQ,43.5,44.45,42.05,43.1,42.05,44.1,3370,146284.6,23-JAN-2015,36,INE916G01016,
GEINDSYS,EQ,26.6,26.6,25.05,25.6,25.7,25.55,2800,72141.1,23-JAN-2015,18,INE599B01011,
GEMINI,EQ,1.4,1.45,1.35,1.4,1.4,1.4,5859,8143.85,23-JAN-2015,11,INE878C01033,
GENESYS,EQ,62.4,62.4,57.0,57.2,58.4,58.1,2562,147988.35,23-JAN-2015,103,INE727B01026,
GENUSPOWER,EQ,26.55,27.0,26.15,26.5,26.3,26.6,117635,3114821.4,23-JAN-2015,581,INE955D01029,
GEOJITBNPP,EQ,37.65,39.15,37.65,38.1,38.4,37.9,189577,7278665.1,23-JAN-2015,667,INE007B01023,
GEOMETRIC,EQ,139.05,139.85,135.1,136.75,135.9,139.05,258123,35470235.1,23-JAN-2015,3643,INE797A01021,
GESHIP,EQ,352.05,359.9,352.0,356.35,356.95,350.7,53400,19043677.1,23-JAN-2015,2373,INE017A01032,
GHCL,EQ,72.6,73.45,71.0,71.35,71.2,71.7,139802,10068727.4,23-JAN-2015,1452,INE539A01019,
GICHSGFIN,EQ,271.8,278.25,267.0,269.25,268.0,269.6,295191,80363613.95,23-JAN-2015,5603,INE289B01019,
GILLANDERS,EQ,64.1,64.2,62.7,63.15,63.0,64.25,3953,250265.0,23-JAN-2015,131,INE047B01011,
GILLETTE,EQ,3422.15,3431.45,3400.0,3405.2,3406.0,3410.85,2996,10226123.25,23-JAN-2015,886,INE322A01010,
GINNIFILA,EQ,12.25,12.25,11.15,11.3,11.2,11.55,22605,257638.0,23-JAN-2015,82,INE424C01010,
GIPCL,EQ,86.8,88.0,85.95,86.8,86.95,86.8,29801,2587029.45,23-JAN-2015,474,INE162A01010,
GITANJALI,EQ,52.4,52.6,50.6,50.95,50.75,52.05,932367,47690766.55,23-JAN-2015,17063,INE346H01014,
GKB,EQ,83.25,83.25,83.2,83.25,83.25,79.3,22963,1911669.65,23-JAN-2015,65,INE265D01015,
GKWLIMITED,EQ,1237.0,1237.0,1138.05,1173.5,1188.95,1193.8,3294,3955928.65,23-JAN-2015,127,INE528A01020,
GLAXO,EQ,3152.2,3525.0,3149.4,3343.05,3344.0,3154.0,130958,445573386.05,23-JAN-2015,14667,INE159A01016,
GLENMARK,EQ,752.0,754.9,720.2,724.25,725.0,744.4,872896,636768382.3,23-JAN-2015,17210,INE935A01035,
GLOBALVECT,EQ,61.75,62.7,61.0,61.45,62.7,62.15,1996,123001.65,23-JAN-2015,43,INE792H01019,
GLOBOFFS,EQ,807.6,807.6,783.45,792.6,794.75,798.5,47342,37592310.45,23-JAN-2015,1793,INE446C01013,
GLOBUSSPR,EQ,62.5,62.85,60.2,60.95,61.0,62.2,40188,2467542.5,23-JAN-2015,677,INE615I01010,
GLODYNE,BE,3.05,3.25,3.05,3.25,3.25,3.15,15893,49871.95,23-JAN-2015,30,INE932G01021,
GMBREW,EQ,127.85,127.9,118.15,119.3,119.1,125.9,36842,4498413.95,23-JAN-2015,1095,INE075D01018,
GMDCLTD,EQ,134.0,136.45,130.25,131.05,130.5,132.25,151909,20146406.0,23-JAN-2015,1895,INE131A01031,
GMRINFRA,EQ,17.2,17.3,16.5,16.8,16.8,16.95,17740901,298408180.5,23-JAN-2015,17598,INE776C01039,
GNFC,EQ,93.0,95.0,90.0,90.4,90.8,92.65,273847,25195841.85,23-JAN-2015,2397,INE113A01013,
GOACARBON,EQ,92.3,93.75,88.75,89.25,89.0,93.75,124163,11319357.7,23-JAN-2015,2252,INE426D01013,
GODFRYPHLP,EQ,565.0,565.0,550.05,553.7,553.6,562.55,9222,5132886.75,23-JAN-2015,811,INE260B01028,
GODREJCP,EQ,1087.0,1110.0,1075.15,1100.2,1100.0,1090.35,149437,163906550.2,23-JAN-2015,16590,INE102D01028,
GODREJIND,EQ,311.2,317.65,304.05,314.55,312.3,309.1,378832,118276429.95,23-JAN-2015,7055,INE233A01035,
GODREJPROP,EQ,268.2,273.5,265.0,266.65,267.0,267.95,112797,30278880.15,23-JAN-2015,2094,INE484J01027,
GOKEX,EQ,62.95,65.0,59.6,59.9,59.95,62.95,91487,5595970.55,23-JAN-2015,696,INE887G01027,
GOKUL,EQ,19.4,19.45,17.0,18.25,18.3,17.65,6700,127385.35,23-JAN-2015,28,INE020J01029,
GOLDBEES,EQ,2573.25,2585.4,2571.6,2577.3,2581.0,2570.95,15627,40272884.7,23-JAN-2015,1989,INF732E01102,
GOLDENTOBC,EQ,52.75,53.85,50.6,52.35,52.5,53.5,24004,1250794.8,23-JAN-2015,298,INE973A01010,
GOLDIAM,EQ,28.15,28.5,27.3,28.0,28.0,27.05,10811,301552.8,23-JAN-2015,101,INE025B01017,
GOLDINFRA,EQ,15.7,15.75,15.3,15.3,15.3,15.8,5585,87060.5,23-JAN-2015,34,INE260D01016,
GOLDSHARE,EQ,2555.0,2585.65,2547.55,2564.0,2552.0,2555.05,4504,11533236.75,23-JAN-2015,373,INF789F01059,
GOLDTECH,EQ,6.8,6.95,6.6,6.75,6.75,7.1,5974,40744.05,23-JAN-2015,26,INE805A01014,
GOODLUCK,EQ,79.7,80.0,76.2,76.9,76.3,78.15,228679,17924693.0,23-JAN-2015,1802,INE127I01024,
GPIL,EQ,121.8,121.85,117.85,118.45,118.75,122.1,19042,2275443.35,23-JAN-2015,377,INE177H01013,
GPPL,EQ,208.3,208.5,201.3,204.0,202.95,205.55,1555927,315458135.25,23-JAN-2015,10778,INE517F01014,
GRANULES,EQ,849.9,849.9,820.0,826.1,825.0,842.65,73945,61304512.8,23-JAN-2015,4215,INE101D01012,
GRAPHITE,EQ,85.5,86.75,83.75,84.8,84.9,85.9,38029,3220980.6,23-JAN-2015,518,INE371A01025,
GRASIM,EQ,3840.0,3841.65,3757.1,3793.05,3771.05,3809.4,92758,352053936.5,23-JAN-2015,4546,INE047A01013,
GRAVITA,EQ,59.1,59.15,56.5,56.8,57.0,58.45,49362,2840868.95,23-JAN-2015,629,INE024L01027,
GREAVESCOT,EQ,141.75,143.0,138.0,139.55,139.0,141.35,130308,18313014.85,23-JAN-2015,1762,INE224A01026,
GREENFIRE,EQ,0.55,0.55,0.55,0.55,0.55,0.6,2000,1100.0,23-JAN-2015,1,INE217G01027,
GREENPLY,EQ,899.2,925.0,890.05,914.95,903.3,899.2,2155,1962887.95,23-JAN-2015,131,INE461C01020,
GREENPOWER,EQ,16.6,17.4,15.9,16.9,16.9,16.05,1249426,20674694.6,23-JAN-2015,5390,INE999K01014,
GRINDWELL,EQ,619.75,636.0,605.0,623.9,622.2,605.85,23569,14470898.15,23-JAN-2015,810,INE536A01023,
GRUH,EQ,310.8,310.8,305.0,306.85,308.5,306.95,175055,53764955.6,23-JAN-2015,3125,INE580B01029,
GSCLCEMENT,EQ,32.2,32.2,30.95,31.05,31.0,31.6,64362,2015435.15,23-JAN-2015,432,INE542A01039,
GSFC,EQ,118.5,124.4,117.05,122.3,121.0,116.75,4725750,574488019.25,23-JAN-2015,32668,INE026A01025,
GSKCONS,EQ,5723.95,5731.65,5681.0,5715.5,5700.0,5717.2,77170,440809000.65,23-JAN-2015,3253,INE264A01014,
GSPL,EQ,118.5,119.2,115.0,117.25,117.25,116.95,328271,38317494.75,23-JAN-2015,3692,INE246F01010,
GSS,EQ,28.15,28.5,27.5,28.0,28.0,27.95,4253,119148.35,23-JAN-2015,45,INE871H01011,
GTL,EQ,17.0,17.2,15.8,16.1,16.1,16.7,176056,2899829.25,23-JAN-2015,768,INE043A01012,
GTLINFRA,EQ,2.4,2.4,2.3,2.35,2.35,2.35,1159167,2739659.4,23-JAN-2015,430,INE221H01019,
GTNIND,EQ,12.1,14.0,12.1,12.6,13.0,12.0,2134,27110.7,23-JAN-2015,27,INE537A01013,
GTNTEX,EQ,10.5,11.5,10.5,11.1,11.1,10.8,1781,19342.2,23-JAN-2015,19,INE302H01017,
GTOFFSHORE,EQ,69.8,71.0,67.65,68.35,68.7,69.55,64989,4465353.3,23-JAN-2015,1581,INE892H01017,
GUFICBIO,EQ,17.15,17.25,16.75,16.8,17.0,17.25,33083,560526.25,23-JAN-2015,198,INE742B01025,
GUJALKALI,EQ,192.9,193.55,185.5,191.7,192.0,188.8,51017,9739616.55,23-JAN-2015,1028,INE186A01019,
GUJAPOLLO,EQ,141.0,144.0,137.5,139.45,138.95,141.75,17552,2484284.3,23-JAN-2015,445,INE826C01016,
GUJFLUORO,EQ,753.9,753.9,725.0,731.3,730.0,736.8,11360,8307741.25,23-JAN-2015,933,INE538A01037,
GUJNRECOKE,EQ,5.2,5.25,5.05,5.15,5.1,5.2,2029228,10395350.6,23-JAN-2015,1445,INE110D01013,
GUJNREDVR,EQ,2.7,2.75,2.65,2.75,2.75,2.7,23018,62939.45,23-JAN-2015,49,IN9110D01011,
GUJRATGAS,EQ,732.45,732.45,702.95,711.35,707.9,723.7,120287,86367419.9,23-JAN-2015,3689,INE374A01029,
GULFCORP,EQ,173.8,174.95,165.35,167.1,166.25,173.8,40169,6767898.25,23-JAN-2015,1024,INE077F01035,
GULFOILLUB,EQ,528.0,529.0,518.5,525.3,526.0,530.15,29840,15617426.6,23-JAN-2015,1235,INE635Q01029,
GVKPIL,EQ,10.05,10.3,9.5,10.05,10.05,9.85,5932781,59094052.6,23-JAN-2015,4375,INE251H01024,
HANUNG,EQ,23.25,23.25,21.9,22.2,22.2,22.5,47402,1054920.25,23-JAN-2015,281,INE648H01013,
HARITASEAT,EQ,204.5,204.5,195.5,198.9,199.0,196.75,16519,3291476.3,23-JAN-2015,298,INE939D01015,
HARRMALAYA,EQ,52.95,52.95,50.2,50.5,50.4,52.05,22701,1158941.55,23-JAN-2015,306,INE544A01019,
HATHWAY,EQ,65.4,65.4,63.1,63.6,63.4,64.85,317065,20296320.25,23-JAN-2015,2224,INE982F01036,
HATSUN,EQ,330.0,350.95,329.2,337.45,337.15,329.2,25467,8617319.5,23-JAN-2015,593,INE473B01035,
HAVELLS,EQ,284.0,284.9,275.0,280.2,280.0,280.2,2536747,711591015.6,23-JAN-2015,46037,INE176B01034,
HBLPOWER,EQ,38.0,38.0,33.9,36.75,36.6,36.9,1178972,42684000.75,23-JAN-2015,3987,INE292B01021,
HBSTOCK,EQ,13.95,13.95,12.65,13.3,13.3,13.0,3535,45882.25,23-JAN-2015,35,INE550B01014,
HCC,EQ,29.8,29.9,28.5,29.3,29.2,29.15,2041057,59333506.2,23-JAN-2015,8275,INE549A01026,
HCIL,EQ,24.35,24.85,23.5,23.75,24.0,24.6,40375,969575.4,23-JAN-2015,244,INE019C01026,
HCL-INSYS,EQ,49.55,49.7,43.7,44.3,44.3,49.6,4327761,195369480.8,23-JAN-2015,24530,INE236A01020,
HCLTECH,EQ,1663.1,1668.9,1631.3,1646.65,1646.0,1665.7,1170769,1928734683.25,23-JAN-2015,92707,INE860A01027,
HDFC,EQ,1288.7,1340.95,1280.2,1290.1,1281.6,1279.65,4046463,5278817073.45,23-JAN-2015,163681,INE001A01036,
HDFCBANK,EQ,1030.0,1048.0,1024.4,1042.8,1042.0,1021.25,2496978,2602279882.25,23-JAN-2015,31128,INE040A01026,
HDFCMFGETF,EQ,2652.0,2665.0,2650.8,2663.1,2660.05,2651.3,1763,4684575.95,23-JAN-2015,237,INF179K01CN1,
HDIL,EQ,79.7,81.4,77.8,79.9,79.7,78.65,14185504,1131228120.1,23-JAN-2015,47319,INE191I01012,
HEG,EQ,235.45,235.45,230.0,231.3,231.0,232.1,15378,3563625.2,23-JAN-2015,756,INE545A01016,
HEIDELBERG,EQ,91.0,91.0,87.0,87.35,87.4,90.25,348250,30908937.65,23-JAN-2015,2411,INE578A01017,
HELIOSMATH,EQ,67.45,68.4,58.5,60.7,60.55,66.9,680907,41453437.4,23-JAN-2015,7511,INE674B01012,
HERCULES,EQ,214.75,215.4,210.15,210.95,211.5,213.4,21352,4526030.0,23-JAN-2015,618,INE688E01024,
HERITGFOOD,EQ,399.95,402.0,391.25,395.2,396.0,396.15,20355,8040765.55,23-JAN-2015,723,INE978A01019,
HEROMOTOCO,EQ,2870.0,2895.6,2851.0,2862.8,2867.15,2838.85,616170,1767778874.15,23-JAN-2015,38223,INE158A01026,
HEXATRADEX,EQ,30.0,30.0,27.4,27.45,27.4,30.4,59160,1661549.5,23-JAN-2015,497,INE750M01017,
HEXAWARE,EQ,221.6,225.25,218.05,221.95,222.35,220.75,1333993,295075193.05,23-JAN-2015,13369,INE093A01033,
HFCL,EQ,17.1,17.8,16.4,17.4,17.4,16.9,4768542,81974669.75,23-JAN-2015,6102,INE548A01028,
HGS,EQ,637.05,650.0,634.7,645.7,650.0,636.6,4659,2989846.9,23-JAN-2015,197,INE170I01016,
HIKAL,EQ,769.3,784.55,766.5,770.85,772.0,769.3,4578,3532975.7,23-JAN-2015,240,INE475B01014,
HIL,EQ,662.0,669.0,643.15,647.1,644.1,660.9,15205,9888600.1,23-JAN-2015,728,INE557A01011,
HILTON,EQ,18.05,18.8,17.3,17.85,17.3,18.0,1222,22055.6,23-JAN-2015,24,INE788H01017,
HIMATSEIDE,EQ,88.55,88.85,87.05,87.75,87.65,88.1,76165,6678219.1,23-JAN-2015,648,INE049A01027,
HINDALCO,EQ,145.6,146.25,142.1,144.8,144.6,143.45,6943971,1003075109.1,23-JAN-2015,47024,INE038A01020,
HINDCOMPOS,EQ,1405.0,1416.25,1370.0,1395.25,1391.1,1348.85,3007,4201193.4,23-JAN-2015,340,INE310C01011,
HINDCOPPER,EQ,71.5,71.85,70.2,70.65,70.75,71.0,159827,11331521.9,23-JAN-2015,2248,INE531E01026,
HINDDORROL,EQ,23.05,23.9,21.55,21.8,22.0,23.0,142842,3203462.65,23-JAN-2015,786,INE551A01022,
HINDMOTORS,EQ,7.85,8.0,7.7,7.85,7.8,7.85,114072,894335.1,23-JAN-2015,295,INE253A01025,
HINDNATGLS,EQ,125.0,127.95,124.9,127.95,127.95,125.15,162,20540.0,23-JAN-2015,7,INE952A01022,
HINDOILEXP,EQ,34.2,34.2,33.0,33.35,33.5,33.4,423287,14104357.1,23-JAN-2015,2230,INE345A01011,
HINDPETRO,EQ,565.0,584.5,559.2,577.6,577.0,559.4,2321046,1324123836.75,23-JAN-2015,43600,INE094A01015,
HINDUJAFO,EQ,41.85,41.9,40.05,41.65,41.8,40.85,2038,84653.85,23-JAN-2015,19,INE291F01016,
HINDUJAVEN,EQ,345.9,345.95,332.1,339.25,340.0,341.05,14859,5036949.75,23-JAN-2015,639,INE353A01023,
HINDUNILVR,EQ,947.0,968.85,944.65,965.3,963.5,944.65,2450001,2348368330.95,23-JAN-2015,58104,INE030A01027,
HINDZINC,EQ,166.0,166.8,164.5,166.05,165.8,165.2,1062976,176266857.15,23-JAN-2015,10937,INE267A01025,
HIRECT,EQ,91.05,92.25,89.05,89.65,89.3,91.2,11449,1041986.8,23-JAN-2015,293,INE835D01023,
HITACHIHOM,EQ,1260.0,1310.0,1101.1,1132.8,1122.0,1169.0,957526,1156984317.5,23-JAN-2015,50419,INE782A01015,
HITECHGEAR,EQ,327.6,330.9,317.4,321.05,321.0,326.55,16624,5354659.25,23-JAN-2015,546,INE127B01011,
HITECHPLAS,EQ,133.6,133.6,127.1,132.1,131.0,134.7,10806,1411211.95,23-JAN-2015,469,INE120D01012,
HMT,EQ,67.2,67.95,65.05,65.65,65.1,66.6,422877,27965705.85,23-JAN-2015,3102,INE262A01018,
HMVL,EQ,232.35,236.65,230.55,232.65,234.75,236.5,39905,9314815.1,23-JAN-2015,852,INE871K01015,
HNGSNGBEES,EQ,2021.0,2021.0,2002.0,2020.0,2020.0,2021.0,49,98650.0,23-JAN-2015,22,INF732E01227,
HOCL,EQ,22.2,22.25,20.8,20.95,20.95,21.55,52995,1120439.7,23-JAN-2015,267,INE048A01011,
HONAUT,EQ,7315.0,7399.0,7070.1,7258.6,7299.0,7202.45,986,7112593.7,23-JAN-2015,274,INE671A01010,
HONDAPOWER,EQ,887.05,894.0,856.0,860.3,860.0,890.55,9326,8090677.85,23-JAN-2015,842,INE634A01018,
HOTELEELA,EQ,22.55,23.15,22.4,22.65,22.65,22.55,705505,15985849.15,23-JAN-2015,1883,INE102A01024,
HOTELRUGBY,EQ,5.05,5.05,5.05,5.05,5.05,5.3,94,474.7,23-JAN-2015,1,INE275F01019,
HOVS,EQ,162.05,167.8,158.5,159.75,158.75,162.1,35381,5708077.05,23-JAN-2015,687,INE596H01014,
HSIL,EQ,413.0,415.55,401.1,406.9,406.0,409.45,65062,26508733.0,23-JAN-2015,2264,INE415A01038,
HTMEDIA,EQ,130.0,131.05,128.4,129.15,129.0,130.05,60657,7834568.85,23-JAN-2015,844,INE501G01024,
HUBTOWN,EQ,105.2,105.6,103.5,104.1,104.0,104.15,38703,4042822.65,23-JAN-2015,860,INE703H01016,
HYDROS&S,EQ,254.65,278.7,254.0,268.55,266.0,259.35,7444,1982791.45,23-JAN-2015,270,INE473D01015,
IBREALEST,EQ,73.25,76.75,73.0,75.9,75.75,71.9,15929241,1186988295.7,23-JAN-2015,48129,INE069I01010,
IBSEC,EQ,28.6,31.3,28.55,30.7,31.0,28.75,4259183,127441036.5,23-JAN-2015,8804,INE274G01010,
IBULHSGFIN,EQ,588.4,597.8,581.6,585.85,586.1,586.2,904391,532101159.3,23-JAN-2015,25633,INE148I01020,
IBWSL,EQ,13.5,13.75,13.2,13.3,13.2,13.5,82470,1101778.3,23-JAN-2015,233,INE126M01010,
ICICIBANK,EQ,374.9,375.5,368.7,370.7,369.0,369.8,12295955,4569516253.1,23-JAN-2015,112767,INE090A01021,
ICIL,EQ,382.0,385.0,370.05,377.55,378.8,376.65,30433,11456925.95,23-JAN-2015,714,INE483B01018,
ICNX100,EQ,89.22,89.22,89.1,89.13,89.1,89.25,181,16133.9,23-JAN-2015,6,INF109KA1962,
ICRA,EQ,3387.95,3387.95,3285.6,3300.6,3300.0,3300.3,1913,6361513.1,23-JAN-2015,310,INE725G01011,
ICSA,EQ,4.5,4.5,4.35,4.4,4.4,4.55,76546,334795.15,23-JAN-2015,121,INE306B01029,
IDBI,EQ,76.75,76.75,74.5,75.8,75.65,75.75,3615928,272377479.85,23-JAN-2015,16312,INE008A01015,
IDBIGOLD,EQ,2680.0,2700.0,2670.0,2694.45,2700.0,2680.0,435,1165466.6,23-JAN-2015,55,INF397L01554,
IDEA,EQ,166.45,169.45,164.0,168.85,169.0,165.9,4583020,768426054.9,23-JAN-2015,41021,INE669E01016,
IDFC,EQ,176.0,177.25,173.25,174.3,174.15,174.8,7950528,1392206663.55,23-JAN-2015,34061,INE043D01016,
IFBAGRO,EQ,340.85,345.9,331.25,333.55,332.65,336.1,22441,7547582.9,23-JAN-2015,1322,INE076C01018,
IFBIND,EQ,500.0,508.4,482.0,493.75,496.0,495.6,84687,41867252.2,23-JAN-2015,1680,INE559A01017,
IFCI,EQ,37.6,38.15,37.0,37.9,37.7,37.45,5995565,225577421.5,23-JAN-2015,13801,INE039A01010,
IFGLREFRAC,EQ,148.3,152.6,146.1,147.25,146.5,149.85,57843,8648126.6,23-JAN-2015,502,INE023B01012,
IGARASHI,EQ,363.95,365.0,340.25,344.85,343.1,348.05,107329,37771853.15,23-JAN-2015,3194,INE188B01013,
IGL,EQ,477.0,483.95,468.0,470.5,469.8,474.6,433978,204875962.85,23-JAN-2015,18586,INE203G01019,
IGOLD,EQ,2674.0,2674.0,2650.05,2658.9,2655.0,2650.2,141,374684.6,23-JAN-2015,36,INF109K01FV4,
IGPL,EQ,56.0,56.5,52.15,52.65,52.85,54.7,8851,471615.6,23-JAN-2015,101,INE204A01010,
IIFL,EQ,167.05,176.0,166.1,171.75,175.0,168.7,96381,16455077.5,23-JAN-2015,1691,INE530B01024,
IIFLNIFTY,EQ,910.0,910.0,904.0,907.1,907.0,902.9,75,68001.35,23-JAN-2015,14,INF579M01019,
IITL,EQ,90.45,90.45,88.3,89.9,89.95,87.65,350,31335.0,23-JAN-2015,5,INE886A01014,
IL&FSENGG,EQ,59.75,59.75,57.55,58.55,58.6,58.6,36015,2106577.7,23-JAN-2015,342,INE369I01014,
IL&FSTRANS,EQ,206.75,206.95,200.8,204.05,203.0,205.4,200266,40921101.9,23-JAN-2015,3277,INE975G01012,
IMFA,EQ,212.4,220.0,209.25,211.45,212.55,216.0,1918,406848.45,23-JAN-2015,589,INE919H01018,
IMPAL,EQ,715.9,740.0,701.95,705.55,702.0,711.55,1362,967891.25,23-JAN-2015,247,INE547E01014,
IMPEXFERRO,EQ,2.55,2.65,2.5,2.55,2.55,2.55,22217,56973.65,23-JAN-2015,66,INE691G01015,
INDBANK,EQ,13.65,13.9,13.1,13.5,13.55,13.2,100621,1365745.85,23-JAN-2015,451,INE841B01017,
INDHOTEL,EQ,119.95,120.95,118.0,118.6,118.5,118.3,399343,47735440.9,23-JAN-2015,2965,INE053A01029,
INDIACEM,EQ,111.0,112.0,106.0,107.8,107.95,110.85,5828305,633245432.9,23-JAN-2015,34329,INE383A01012,
INDIAGLYCO,EQ,103.6,104.85,102.0,102.35,102.15,103.95,42558,4383121.05,23-JAN-2015,873,INE560A01015,
INDIANB,EQ,214.65,215.55,210.0,211.45,211.0,211.85,86680,18355677.85,23-JAN-2015,1662,INE562A01011,
INDIANCARD,EQ,126.9,127.0,121.5,124.85,125.5,120.75,7479,935354.35,23-JAN-2015,118,INE061A01014,
INDIANHUME,EQ,344.0,351.0,344.0,346.5,349.0,343.75,103539,35835709.2,23-JAN-2015,388,INE323C01030,
INDLMETER,EQ,79.9,80.4,75.55,76.2,76.4,78.9,8328,642193.95,23-JAN-2015,167,INE065B01013,
INDNIPPON,EQ,469.0,470.4,455.0,458.3,455.0,471.2,5458,2528030.55,23-JAN-2015,267,INE092B01017,
INDOCO,EQ,323.0,323.0,317.8,319.45,319.4,317.0,87317,27993329.45,23-JAN-2015,2024,INE873D01024,
INDORAMA,EQ,21.9,22.15,21.3,21.45,21.4,22.15,30532,656985.4,23-JAN-2015,143,INE156A01020,
INDOSOLAR,EQ,12.9,12.9,12.8,12.9,12.9,12.3,1013463,13072137.75,23-JAN-2015,854,INE866K01015,
INDOTECH,EQ,220.0,221.55,215.3,217.65,217.25,220.3,11268,2472505.6,23-JAN-2015,215,INE332H01014,
INDOTHAI,EQ,15.0,15.0,15.0,15.0,15.0,15.0,20,300.0,23-JAN-2015,2,INE337M01013,
INDOWIND,BE,5.5,5.8,5.4,5.6,5.65,5.6,94347,523746.4,23-JAN-2015,144,INE227G01018,
INDRAMEDCO,EQ,71.25,72.25,70.15,70.6,70.25,70.75,182297,12952589.45,23-JAN-2015,1741,INE681B01017,
INDSWFTLAB,EQ,32.0,32.25,30.45,30.7,30.7,31.3,67775,2114119.9,23-JAN-2015,672,INE915B01019,
INDSWFTLTD,BE,6.15,6.15,5.75,5.8,5.8,5.9,7078,42005.2,23-JAN-2015,19,INE788B01028,
INDTERRAIN,EQ,590.0,590.0,536.0,540.65,538.9,580.35,485817,263851599.5,23-JAN-2015,2876,INE611L01013,
INDUSFILA,BE,2.85,2.85,2.75,2.75,2.75,2.85,525,1446.25,23-JAN-2015,2,INE025I01012,
INDUSINDBK,EQ,853.0,863.95,851.0,857.35,856.95,846.25,1179588,1010962510.75,23-JAN-2015,22942,INE095A01012,
INFINITE,EQ,144.1,151.7,143.1,145.5,145.7,143.3,121233,17920877.9,23-JAN-2015,2983,INE486J01014,
INFODRIVE,EQ,0.7,0.7,0.65,0.65,0.7,0.7,325560,213617.75,23-JAN-2015,135,INE804D01029,
INFOMEDIA,EQ,4.2,4.35,4.0,4.05,4.15,4.2,28208,117505.25,23-JAN-2015,33,INE669A01022,
INFRABEES,EQ,325.05,333.0,322.2,328.77,329.1,322.52,1239,405793.2,23-JAN-2015,73,INF732E01268,
INFRATEL,EQ,364.0,373.3,359.45,368.5,369.0,360.7,1165896,427991113.6,23-JAN-2015,34142,INE121J01017,
INFY,EQ,2200.0,2225.0,2165.1,2215.05,2211.9,2196.45,2371582,5204623922.9,23-JAN-2015,78929,INE009A01021,
INGERRAND,EQ,877.15,886.8,871.0,873.0,872.0,872.45,8774,7680336.35,23-JAN-2015,595,INE177A01018,
INGVYSYABK,EQ,985.0,986.25,970.7,972.35,970.7,978.7,145681,141870427.8,23-JAN-2015,3237,INE166A01011,
INIFTY,EQ,88.95,90.75,88.5,88.55,88.55,87.53,1265,113854.8,23-JAN-2015,28,INF109K012R6,
INNOIND,EQ,14.85,15.35,14.1,14.8,14.65,15.4,9040,132019.9,23-JAN-2015,34,INE549I01011,
INOXLEISUR,EQ,183.65,183.65,177.0,178.6,178.15,182.5,1580575,286674184.95,23-JAN-2015,3897,INE312H01016,
INSECTICID,EQ,880.0,889.5,855.2,863.95,856.0,871.05,18801,16399609.05,23-JAN-2015,1061,INE070I01018,
INTELLECT,EQ,119.0,119.6,109.8,111.25,111.0,117.1,1194355,135136518.35,23-JAN-2015,8558,INE306R01017,
INVENTURE,EQ,12.95,12.95,11.2,11.8,11.8,11.95,3692,43684.6,23-JAN-2015,54,INE878H01016,
IOB,EQ,60.0,60.3,58.6,59.4,59.35,59.45,1156415,68731641.25,23-JAN-2015,4920,INE565A01014,
IOC,EQ,332.9,333.45,326.65,331.0,330.45,331.65,1166620,384740511.35,23-JAN-2015,27864,INE242A01010,
IOLCP,EQ,51.65,52.35,47.0,49.8,49.8,51.65,17096,862853.1,23-JAN-2015,215,INE485C01011,
IPAPPM,EQ,284.5,297.4,275.25,278.45,278.1,278.6,137674,39196874.2,23-JAN-2015,3294,INE435A01028,
IPCALAB,EQ,652.0,682.0,636.0,638.8,637.85,698.95,2410014,1569508348.3,23-JAN-2015,57415,INE571A01020,
IPRINGLTD,EQ,119.7,139.65,118.0,137.0,136.15,117.6,511975,67849654.45,23-JAN-2015,6868,INE558A01019,
IRB,EQ,255.7,256.2,245.2,247.2,246.7,253.75,1583277,393764439.45,23-JAN-2015,19986,INE821I01014,
ISFT,EQ,108.7,111.55,107.1,111.55,111.55,106.25,54875,6113352.3,23-JAN-2015,285,INE566K01011,
ISMTLTD,EQ,17.25,17.3,15.7,15.8,15.9,17.1,247020,3960986.7,23-JAN-2015,882,INE732F01019,
ITC,EQ,353.45,355.95,348.8,349.45,349.45,350.65,11164999,3920989263.7,23-JAN-2015,115819,INE154A01025,
ITDCEM,EQ,511.6,512.0,492.5,498.55,500.0,508.05,3410,1711815.2,23-JAN-2015,155,INE686A01018,
ITI,EQ,32.1,32.8,31.4,31.8,32.05,31.9,288696,9196904.45,23-JAN-2015,1442,INE248A01017,
IVC,EQ,17.1,17.45,16.9,17.0,17.15,17.2,440137,7508934.1,23-JAN-2015,1040,INE050B01023,
IVP,EQ,50.5,52.9,50.5,50.5,50.5,50.15,1700,86857.25,23-JAN-2015,14,INE043C01018,
IVRCLINFRA,EQ,17.85,18.0,17.15,17.35,17.15,17.65,1049242,18405361.2,23-JAN-2015,2459,INE875A01025,
J&KBANK,EQ,156.25,156.85,152.0,154.45,152.75,156.35,273252,42136309.75,23-JAN-2015,3038,INE168A01041,
JAGRAN,EQ,136.0,137.0,133.7,135.35,134.4,136.3,53751,7255322.55,23-JAN-2015,871,INE199G01027,
JAGSNPHARM,EQ,37.0,37.2,35.1,35.35,35.15,36.4,50269,1797594.85,23-JAN-2015,461,INE048B01027,
JAIBALAJI,EQ,15.0,15.5,14.5,15.05,15.05,15.4,11270,167869.15,23-JAN-2015,43,INE091G01018,
JAICORPLTD,EQ,74.35,75.4,72.5,73.3,73.2,73.65,755449,55783186.6,23-JAN-2015,7877,INE070D01027,
JAIHINDPRO,EQ,15.85,15.85,15.3,15.3,15.3,15.75,977,15165.6,23-JAN-2015,8,INE343D01010,
JAINSTUDIO,BE,5.85,5.85,5.85,5.85,5.85,6.05,50,292.5,23-JAN-2015,1,INE486B01011,
JAMNAAUTO,EQ,155.05,157.5,155.0,156.5,156.5,155.25,3459,540216.1,23-JAN-2015,87,INE039C01016,
JAYAGROGN,EQ,123.5,127.9,122.9,124.6,125.0,123.4,11899,1480968.9,23-JAN-2015,180,INE785A01026,
JAYBARMARU,EQ,137.8,152.0,137.25,145.35,145.1,138.45,40531,5872899.25,23-JAN-2015,1042,INE571B01028,
JAYNECOIND,EQ,12.4,12.4,11.85,12.0,11.9,12.0,57449,688619.05,23-JAN-2015,106,INE854B01010,
JAYSREETEA,EQ,85.05,85.95,83.1,84.2,84.75,84.6,34214,2892502.3,23-JAN-2015,480,INE364A01020,
JBCHEPHARM,EQ,196.5,202.65,194.15,195.2,195.1,196.8,99837,19784882.05,23-JAN-2015,5857,INE572A01028,
JBFIND,EQ,254.3,254.9,242.1,246.85,247.4,252.0,215021,53284580.35,23-JAN-2015,6173,INE187A01017,
JBMA,EQ,206.0,216.0,203.35,207.5,207.0,202.5,179382,37831620.0,23-JAN-2015,4022,INE927D01028,
JCTEL,EQ,0.65,0.7,0.65,0.65,0.65,0.65,14928,10003.2,23-JAN-2015,7,INE264B01020,
JENSONICOL,EQ,5.75,5.8,5.55,5.55,5.55,5.8,36079,201960.25,23-JAN-2015,62,INE819B01021,
JETAIRWAYS,EQ,442.0,442.4,428.1,435.1,436.9,438.15,757113,329171395.25,23-JAN-2015,14011,INE802G01018,
JIKIND,EQ,0.85,1.2,0.85,1.2,1.2,1.0,301,256.2,23-JAN-2015,4,INE026B01049,
JINDALPHOT,EQ,162.0,163.5,157.0,158.0,158.0,164.3,10165,1626567.2,23-JAN-2015,380,INE796G01012,
JINDALPOLY,EQ,260.0,261.05,250.05,251.2,250.05,257.0,75362,19138607.45,23-JAN-2015,1803,INE197D01010,
JINDALSAW,EQ,84.45,86.75,83.7,84.7,84.55,83.7,1189273,101332541.5,23-JAN-2015,8108,INE324A01024,
JINDALSTEL,EQ,156.0,160.25,151.95,158.4,159.3,153.65,6530249,1020605759.35,23-JAN-2015,35765,INE749A01030,
JINDCOT,EQ,12.0,12.2,11.55,11.8,11.65,11.95,35474,416453.7,23-JAN-2015,228,INE904J01016,
JINDRILL,EQ,165.05,169.3,164.05,165.35,165.25,165.85,2979,495521.6,23-JAN-2015,70,INE742C01031,
JINDWORLD,EQ,114.0,114.0,114.0,114.0,114.0,111.6,42,4788.0,23-JAN-2015,5,INE247D01013,
JISLDVREQS,EQ,51.5,51.5,50.0,50.4,50.3,51.3,19049,967492.6,23-JAN-2015,192,IN9175A01010,
JISLJALEQS,EQ,67.4,68.35,66.3,66.9,66.8,66.85,1858617,125060057.5,23-JAN-2015,9430,INE175A01038,
JKCEMENT,EQ,720.95,723.75,700.0,715.25,715.0,715.55,80878,57635231.35,23-JAN-2015,3451,INE823G01014,
JKIL,EQ,485.0,485.0,476.1,479.4,482.0,479.55,12778,6145053.2,23-JAN-2015,1549,INE576I01014,
JKLAKSHMI,EQ,419.35,422.95,406.0,407.5,408.6,418.95,260404,107617175.25,23-JAN-2015,11855,INE786A01032,
JKPAPER,EQ,35.55,35.95,34.4,34.6,34.45,35.95,79237,2784054.0,23-JAN-2015,707,INE789E01012,
JKTYRE,EQ,125.0,126.65,121.85,125.6,125.1,124.35,1469827,182916248.5,23-JAN-2015,14748,INE573A01042,
JMCPROJECT,EQ,175.45,176.1,168.2,171.0,174.8,174.9,7167,1233710.0,23-JAN-2015,295,INE890A01016,
JMFINANCIL,EQ,51.7,52.0,49.85,50.4,50.5,51.2,456988,23177364.7,23-JAN-2015,2171,INE780C01023,
JMTAUTOLTD,EQ,169.85,169.85,149.8,149.9,149.8,166.4,52083,8103250.35,23-JAN-2015,1322,INE988E01010,
JOCIL,EQ,128.0,128.0,126.6,127.9,127.95,128.85,1667,211879.05,23-JAN-2015,25,INE839G01010,
JPASSOCIAT,EQ,26.0,26.8,25.2,26.6,26.5,25.7,29477358,771668597.2,23-JAN-2015,51936,INE455F01025,
JPINFRATEC,EQ,20.5,20.6,19.8,20.2,20.1,20.3,1448151,29285992.1,23-JAN-2015,2804,INE099J01015,
JPOLYINVST,EQ,98.0,98.25,94.0,95.1,95.0,97.15,2256,216387.7,23-JAN-2015,92,INE147P01019,
JPPOWER,EQ,11.95,12.2,11.75,12.1,12.05,11.8,8082933,97052597.5,23-JAN-2015,9911,INE351F01018,
JSL,EQ,36.0,36.05,34.75,35.0,35.2,35.45,141311,4981481.75,23-JAN-2015,592,INE220G01021,
JSWENERGY,EQ,110.8,113.2,109.55,112.3,112.05,110.55,2840160,316738252.55,23-JAN-2015,12295,INE121E01018,
JSWHL,EQ,985.0,989.7,972.0,980.9,984.0,975.9,9389,9204774.4,23-JAN-2015,1052,INE824G01012,
JSWSTEEL,EQ,1010.0,1021.0,995.0,1015.3,1009.7,993.25,548505,552792793.0,23-JAN-2015,26304,INE019A01020,
JUBILANT,EQ,172.0,172.0,164.3,165.45,166.0,169.4,241810,40475081.3,23-JAN-2015,4365,INE700A01033,
JUBLFOOD,EQ,1405.0,1416.0,1383.0,1394.35,1392.3,1405.0,79143,110862319.0,23-JAN-2015,7820,INE797F01012,
JUBLINDS,EQ,76.0,79.0,74.2,74.5,74.2,76.15,3401,256907.35,23-JAN-2015,140,INE645L01011,
JUNIORBEES,EQ,194.0,195.74,192.52,194.65,194.65,192.14,9023,1752538.62,23-JAN-2015,202,INF732E01045,
JUSTDIAL,EQ,1580.0,1582.0,1550.0,1568.85,1569.0,1560.8,149773,234657810.65,23-JAN-2015,8437,INE599M01018,
JVLAGRO,EQ,20.05,20.05,19.7,19.75,19.8,19.85,54730,1090009.7,23-JAN-2015,154,INE430G01026,
JYOTHYLAB,EQ,274.0,285.8,268.2,279.85,279.25,269.35,279462,77959170.25,23-JAN-2015,5145,INE668F01031,
JYOTISTRUC,EQ,37.35,37.8,36.6,36.8,36.9,36.8,277693,10291292.7,23-JAN-2015,1456,INE197A01024,
KABRAEXTRU,EQ,96.1,97.5,94.25,94.95,94.55,96.1,14558,1392177.65,23-JAN-2015,311,INE900B01029,
KAJARIACER,EQ,734.9,737.05,692.3,700.65,701.65,729.95,73335,52074136.55,23-JAN-2015,2973,INE217B01028,
KAKATCEM,EQ,115.05,117.0,111.15,113.65,113.25,115.05,2146,244876.6,23-JAN-2015,85,INE437B01014,
KALINDEE,EQ,146.25,147.6,137.35,141.65,140.15,144.85,922040,132007919.3,23-JAN-2015,11466,INE178D01010,
KALPATPOWR,EQ,240.95,242.95,236.0,237.5,237.25,237.05,163767,39048458.9,23-JAN-2015,2496,INE220B01022,
KALYANIFRG,BE,304.0,304.0,290.7,290.7,290.7,306.0,3,897.7,23-JAN-2015,3,INE314G01014,
KAMATHOTEL,EQ,72.0,73.5,71.5,72.0,72.0,68.65,2167,157696.6,23-JAN-2015,35,INE967C01018,
KANANIIND,EQ,9.0,9.7,9.0,9.2,9.2,8.85,17044,160642.5,23-JAN-2015,22,INE879E01037,
KANDAGIRI,EQ,78.0,78.25,70.2,70.2,70.2,78.0,3,226.45,23-JAN-2015,3,INE292D01019,
KANORICHEM,EQ,38.05,38.1,35.7,35.85,35.85,36.85,26236,949917.6,23-JAN-2015,341,INE138C01024,
KANSAINER,EQ,2396.0,2495.0,2396.0,2466.75,2480.5,2391.45,126398,309490557.35,23-JAN-2015,7251,INE531A01016,
KARMAENG,EQ,29.5,30.55,25.8,30.05,30.0,27.8,4446,132435.35,23-JAN-2015,29,INE725L01011,
KARURKCP,EQ,48.0,60.35,48.0,60.0,60.35,50.3,20082,1143120.7,23-JAN-2015,222,INE727F01019,
KARURVYSYA,EQ,610.3,613.95,599.1,601.55,605.0,605.3,84232,50819983.7,23-JAN-2015,2306,INE036D01010,
KAUSHALYA,EQ,6.8,7.7,6.75,7.45,7.7,6.85,104926,763555.6,23-JAN-2015,170,INE234I01010,
KAVVERITEL,EQ,13.85,14.9,13.75,14.35,14.55,14.4,756,10965.6,23-JAN-2015,13,INE641C01019,
KBIL,EQ,4112.1,4200.0,4111.15,4195.55,4200.0,4220.0,100,414561.8,23-JAN-2015,30,INE920K01010,
KCP,EQ,80.5,82.0,77.3,78.95,79.0,80.35,122183,9690617.0,23-JAN-2015,1065,INE805C01028,
KCPSUGIND,EQ,24.1,24.1,23.05,23.25,23.2,23.65,96661,2272842.45,23-JAN-2015,198,INE790B01024,
KEC,EQ,90.5,92.65,88.0,90.1,90.35,89.9,1458173,131445345.9,23-JAN-2015,7789,INE389H01022,
KECL,EQ,31.4,32.2,30.2,30.75,31.0,31.25,10389,320651.0,23-JAN-2015,166,INE134B01017,
KEI,EQ,56.05,57.4,54.2,54.8,54.6,56.05,201011,11193401.1,23-JAN-2015,981,INE878B01027,
KEMROCK,EQ,28.9,28.9,27.0,27.1,27.05,27.6,10448,286382.55,23-JAN-2015,113,INE990B01012,
KERNEX,BE,62.6,63.5,59.75,62.1,60.4,60.5,77838,4810533.5,23-JAN-2015,502,INE202H01019,
KESARENT,EQ,25.1,26.75,25.05,25.05,25.05,26.35,230,5780.0,23-JAN-2015,3,INE133B01019,
KESORAMIND,EQ,133.8,138.25,131.2,131.8,131.2,134.3,495218,66350723.4,23-JAN-2015,5041,INE087A01019,
KGL,EQ,1.35,1.4,1.3,1.35,1.4,1.3,536950,725885.8,23-JAN-2015,220,INE299C01024,
KHAITANELE,EQ,53.4,53.4,48.15,48.5,48.15,50.0,1047,51058.3,23-JAN-2015,47,INE761A01019,
KHANDSE,EQ,17.2,17.5,17.2,17.5,17.5,18.0,204,3538.4,23-JAN-2015,3,INE060B01014,
KICL,EQ,1385.0,1394.0,1350.0,1365.75,1351.65,1385.0,1036,1416731.75,23-JAN-2015,129,INE029L01018,
KIL,EQ,48.4,48.4,43.0,43.75,43.7,46.4,34288,1524932.1,23-JAN-2015,339,INE390H01012,
KILITCH,EQ,49.9,50.0,46.3,46.8,46.95,48.15,19920,961890.5,23-JAN-2015,336,INE729D01010,
KIRIINDUS,EQ,68.0,69.5,64.8,65.15,65.0,68.0,35011,2331142.05,23-JAN-2015,607,INE415I01015,
KIRLOSBROS,EQ,216.95,216.95,210.0,212.2,212.0,214.6,1803,384587.45,23-JAN-2015,68,INE732A01036,
KIRLOSENG,EQ,269.05,269.9,268.6,269.1,269.0,269.3,8037,2162173.55,23-JAN-2015,402,INE146L01010,
KIRLOSIND,EQ,573.0,584.95,570.0,574.35,584.0,585.7,165,94589.85,23-JAN-2015,22,INE250A01039,
KITEX,EQ,546.0,556.95,525.0,534.0,531.75,543.85,78444,42137303.6,23-JAN-2015,4170,INE602G01020,
KKCL,EQ,1910.0,1935.0,1910.0,1920.0,1920.0,1920.35,478,919940.25,23-JAN-2015,40,INE401H01017,
KLRF,EQ,34.0,35.0,32.5,34.2,35.0,33.95,2311,78305.3,23-JAN-2015,19,INE014E01015,
KMSUGAR,EQ,4.0,4.1,3.9,4.0,4.0,4.25,36381,145658.95,23-JAN-2015,70,INE157H01023,
KNRCON,EQ,379.0,381.95,375.0,376.25,376.0,376.3,14099,5344885.7,23-JAN-2015,458,INE634I01011,
KOHINOOR,EQ,54.95,54.95,50.5,50.65,50.55,54.85,411283,21306943.7,23-JAN-2015,3428,INE080B01012,
KOKUYOCMLN,EQ,69.95,69.95,66.1,66.7,66.95,68.55,81758,5517730.4,23-JAN-2015,428,INE760A01029,
KOLTEPATIL,EQ,188.8,192.3,185.0,185.7,185.5,187.75,541626,101743990.0,23-JAN-2015,6720,INE094I01018,
KOPRAN,EQ,53.5,56.4,53.5,54.3,54.1,55.45,325486,17812640.75,23-JAN-2015,2061,INE082A01010,
KOTAKBANK,EQ,1392.1,1395.75,1382.0,1385.3,1383.95,1387.65,777406,1078732327.55,23-JAN-2015,51659,INE237A01028,
KOTAKBKETF,EQ,202.0,207.0,201.0,201.0,201.0,199.0,927,189564.01,23-JAN-2015,17,INF174K01F59,
KOTAKGOLD,EQ,2577.0,2579.6,2566.6,2573.15,2566.6,2565.5,3854,9918956.45,23-JAN-2015,305,INF373I01015,
KOTAKNIFTY,EQ,878.0,886.0,878.0,881.19,879.01,875.41,3369,2967848.5,23-JAN-2015,112,INF174K01518,
KOTAKPSUBK,EQ,440.25,447.0,436.01,440.64,439.0,440.25,16725,7389323.11,23-JAN-2015,163,INF373I01023,
KOTARISUG,EQ,7.8,7.95,7.8,7.85,7.8,7.85,2370,18619.05,23-JAN-2015,20,INE419A01022,
KOTHARIPET,EQ,15.95,15.95,15.35,15.4,15.4,16.2,4203,65521.85,23-JAN-2015,25,INE720A01015,
KOTHARIPRO,EQ,238.0,238.0,230.0,231.5,230.0,232.15,5401,1252118.8,23-JAN-2015,162,INE823A01017,
KOVAI,BE,597.5,605.35,597.5,605.35,605.35,576.55,4052,2451078.45,23-JAN-2015,69,INE177F01017,
KPIT,EQ,212.9,232.4,211.95,219.0,218.3,212.2,16942562,3691974052.35,23-JAN-2015,91571,INE836A01035,
KPRMILL,EQ,391.45,391.45,373.85,384.3,385.8,389.45,30484,11622654.0,23-JAN-2015,850,INE930H01015,
KRBL,EQ,115.5,117.3,114.9,115.4,116.0,115.7,115151,13311458.3,23-JAN-2015,1475,INE001B01026,
KRISHNAENG,EQ,0.7,0.7,0.7,0.7,0.7,0.65,70,49.0,23-JAN-2015,1,INE409C01011,
KRITIIND,EQ,8.95,8.95,7.75,7.8,7.8,7.55,1650,12883.0,23-JAN-2015,7,INE479D01038,
KSBPUMPS,EQ,642.7,642.7,633.75,638.95,642.0,639.0,5707,3644947.85,23-JAN-2015,654,INE999A01015,
KSCL,EQ,778.0,778.0,755.1,762.8,758.15,768.6,465605,357258888.75,23-JAN-2015,34684,INE455I01029,
KSE,BE,576.5,603.75,576.5,603.6,603.75,575.0,3720,2232502.75,23-JAN-2015,113,INE953E01014,
KSERASERA,EQ,3.2,3.2,3.2,3.2,3.2,3.05,1156399,3700476.8,23-JAN-2015,169,INE216D01018,
KSK,EQ,76.0,76.9,74.55,76.35,76.3,73.2,129476,9824594.65,23-JAN-2015,2069,INE143H01015,
KSL,EQ,160.0,161.4,155.5,156.4,156.0,159.4,67384,10610984.0,23-JAN-2015,1694,INE907A01026,
KTIL,EQ,549.8,549.8,510.1,522.25,525.0,539.85,13332,7075760.4,23-JAN-2015,869,INE096L01017,
KTKBANK,EQ,150.85,151.4,147.0,148.0,148.3,149.4,1503462,223832964.5,23-JAN-2015,10044,INE614B01018,
KWALITY,EQ,40.2,40.2,38.0,39.25,39.4,39.4,258325,10104603.3,23-JAN-2015,1247,INE775B01025,
L&TFH,EQ,72.45,72.45,70.25,70.8,70.85,71.55,7030753,499969122.0,23-JAN-2015,21484,INE498L01015,
LAKPRE,EQ,45.95,45.95,45.55,45.85,45.85,46.05,1617,74244.6,23-JAN-2015,11,INE651C01018,
LAKSHMIEFL,EQ,13.15,13.15,12.3,12.5,12.4,12.8,38145,482594.05,23-JAN-2015,202,INE992B01026,
LAKSHMIMIL,EQ,2455.0,2470.0,2200.0,2456.0,2450.0,2460.3,133,325929.55,23-JAN-2015,35,INE938C01019,
LAKSHVILAS,EQ,91.8,92.0,87.6,89.65,89.25,90.75,800228,71694357.65,23-JAN-2015,3846,INE694C01018,
LAOPALA,EQ,434.7,435.05,423.05,425.7,425.0,431.5,28501,12206711.15,23-JAN-2015,1771,INE059D01020,
LAXMIMACH,EQ,4109.95,4120.05,3870.0,3899.9,3938.95,4073.4,10681,41973282.95,23-JAN-2015,1321,INE269B01029,
LCCINFOTEC,BE,0.4,0.4,0.4,0.4,0.4,0.45,5000,2000.0,23-JAN-2015,6,INE938A01021,
LGBBROSLTD,EQ,635.0,645.75,622.0,631.65,634.0,636.1,6110,3860591.65,23-JAN-2015,350,INE337A01034,
LGBFORGE,EQ,5.0,5.1,4.75,5.0,4.95,4.95,74953,371609.55,23-JAN-2015,154,INE201J01017,
LIBERTSHOE,EQ,282.0,307.45,282.0,288.75,287.45,279.35,1573700,466937782.1,23-JAN-2015,33274,INE557B01019,
LICHSGFIN,EQ,485.0,495.0,481.55,486.1,484.0,481.9,2758465,1344770316.45,23-JAN-2015,45007,INE115A01026,
LICNMFET,EQ,13.7,13.7,13.7,13.7,13.7,13.76,50500,691850.0,23-JAN-2015,3,INF767K01MV5,
LINDEINDIA,EQ,444.95,446.7,432.1,435.15,434.0,435.85,7097,3116661.75,23-JAN-2015,582,INE473A01011,
LIQUIDBEES,EQ,1000.0,1000.01,999.99,1000.0,1000.0,999.99,147923,147923211.98,23-JAN-2015,1421,INF732E01037,
LITL,EQ,6.0,6.1,5.8,6.0,6.05,6.0,6485621,38788469.6,23-JAN-2015,2946,INE785C01048,
LLOYDELENG,EQ,155.6,160.6,147.15,149.25,148.0,154.8,172972,26760294.25,23-JAN-2015,2314,INE245C01019,
LML,EQ,8.95,8.95,8.65,8.7,8.7,8.75,205314,1803736.4,23-JAN-2015,398,INE862A01015,
LOGIXMICRO,EQ,22.3,22.75,21.6,22.15,22.75,22.05,8838,196308.1,23-JAN-2015,76,INE848A01014,
LOKESHMACH,EQ,40.5,44.6,37.55,38.05,38.6,40.15,6405,254148.35,23-JAN-2015,124,INE397H01017,
LOTUSEYE,EQ,11.2,11.4,10.8,11.0,11.0,10.9,52748,591726.4,23-JAN-2015,130,INE947I01017,
LOVABLE,EQ,403.85,404.0,392.3,394.45,394.0,400.45,69927,27805037.65,23-JAN-2015,3021,INE597L01014,
LPDC,EQ,4.55,5.2,4.55,4.9,4.9,5.0,6114,29386.05,23-JAN-2015,35,INE197J01017,
LT,EQ,1675.0,1715.95,1675.0,1711.3,1712.0,1663.3,2916141,4972944425.75,23-JAN-2015,96140,INE018A01030,
LUMAXAUTO,EQ,51.2,52.95,50.0,50.65,50.0,51.9,7892,404389.65,23-JAN-2015,224,INE547G01019,
LUMAXIND,EQ,430.0,430.0,408.2,414.55,414.95,416.4,8729,3638148.35,23-JAN-2015,315,INE162B01018,
LUMAXTECH,EQ,374.7,374.7,355.2,356.95,356.05,369.35,12815,4610674.95,23-JAN-2015,1008,INE872H01019,
LUPIN,EQ,1524.45,1524.45,1470.0,1489.45,1484.0,1503.45,617287,921410910.45,23-JAN-2015,35948,INE326A01037,
LYKALABS,EQ,39.1,40.75,37.65,37.85,37.65,39.6,283458,10838914.45,23-JAN-2015,1333,INE933A01014,
LYPSAGEMS,EQ,64.0,68.55,62.15,66.8,65.55,62.6,25524,1612798.95,23-JAN-2015,168,INE142K01011,
M&M,EQ,1336.0,1375.65,1331.3,1361.9,1356.1,1329.95,2281598,3093878876.0,23-JAN-2015,65283,INE101A01026,
M&MFIN,EQ,266.9,266.9,250.2,251.8,251.65,263.3,8704089,2217352774.1,23-JAN-2015,124004,INE774D01024,
M100,EQ,13.25,13.48,13.25,13.4,13.46,13.34,37719,504749.84,23-JAN-2015,59,INF247L01023,
M50,EQ,82.95,84.5,82.95,83.64,84.09,82.5,5534,462874.33,23-JAN-2015,43,INF247L01536,
MAANALU,EQ,38.7,39.85,38.7,39.85,39.85,39.0,412,16351.9,23-JAN-2015,5,INE215I01019,
MADHAV,EQ,42.35,43.95,42.0,42.15,42.1,42.9,6526,277541.75,23-JAN-2015,72,INE925C01016,
MADHUCON,EQ,35.3,35.75,35.0,35.5,35.5,35.3,121320,4289549.5,23-JAN-2015,554,INE378D01032,
MADRASFERT,EQ,19.65,20.7,19.6,19.85,19.7,19.5,109732,2185979.5,23-JAN-2015,243,INE414A01015,
MAGMA,EQ,111.2,114.0,108.0,109.05,109.0,111.2,468814,51568914.5,23-JAN-2015,3481,INE511C01022,
MAGNUM,EQ,2.75,2.95,2.75,2.95,2.95,2.85,2640,7710.0,23-JAN-2015,6,INE387I01016,
MAHABANK,EQ,43.3,43.8,42.65,42.8,42.95,43.0,143905,6195458.75,23-JAN-2015,1032,INE457A01014,
MAHINDCIE,EQ,241.9,243.8,232.3,234.0,233.6,239.65,522984,123085299.25,23-JAN-2015,6107,INE536H01010,
MAHLIFE,EQ,495.0,502.0,492.0,494.65,494.2,493.05,10986,5467430.5,23-JAN-2015,444,INE813A01018,
MAHSCOOTER,EQ,990.05,997.1,968.55,974.4,975.0,973.85,1050,1035927.95,23-JAN-2015,186,INE288A01013,
MAHSEAMLES,EQ,223.0,223.8,220.5,221.85,221.65,222.3,26686,5919990.4,23-JAN-2015,667,INE271B01025,
MAITHANALL,EQ,185.05,189.0,175.55,181.35,183.0,185.05,2006,362382.05,23-JAN-2015,92,INE683C01011,
MAKE,EQ,1178.0,1209.0,1135.5,1145.2,1138.0,1176.9,52312,60769608.45,23-JAN-2015,3826,INE432P01015,
MALUPAPER,EQ,9.6,11.25,9.6,11.25,11.25,10.25,1134,12714.55,23-JAN-2015,10,INE383H01017,
MALWACOTT,BE,11.6,11.65,11.6,11.65,11.65,12.2,300,3490.0,23-JAN-2015,3,INE272B01015,
MANAKSIA,EQ,50.5,52.9,50.2,50.45,50.35,51.05,4037,205250.7,23-JAN-2015,148,INE015D01022,
MANALIPETC,EQ,16.3,16.35,15.85,16.0,15.9,16.2,267223,4278136.9,23-JAN-2015,1309,INE201A01024,
MANAPPURAM,EQ,34.25,34.35,32.95,33.2,33.15,33.9,1742214,58083712.1,23-JAN-2015,7020,INE522D01027,
MANDHANA,EQ,281.5,289.0,278.6,280.3,281.75,280.35,40317,11287913.25,23-JAN-2015,350,INE087J01010,
MANGALAM,EQ,20.9,21.65,20.25,21.15,21.3,20.3,62492,1310723.9,23-JAN-2015,188,INE584F01014,
MANGCHEFER,EQ,91.5,93.5,89.25,91.0,91.25,90.7,66126,6023030.4,23-JAN-2015,1639,INE558B01017,
MANGLMCEM,EQ,339.95,339.95,330.05,333.45,331.25,334.75,38183,12757060.95,23-JAN-2015,1357,INE347A01017,
MANGTIMBER,EQ,12.0,12.05,11.8,12.05,12.05,12.6,2432,29168.4,23-JAN-2015,13,INE805B01012,
MANINDS,EQ,59.65,59.7,57.5,57.8,57.9,59.25,86081,5027970.75,23-JAN-2015,807,INE993A01026,
MANINFRA,EQ,37.75,37.75,35.4,36.05,36.3,36.95,610863,22292374.75,23-JAN-2015,2265,INE949H01023,
MANJEERA,EQ,53.8,62.2,53.8,62.2,62.2,59.7,36,1950.4,23-JAN-2015,5,INE320D01018,
MANJUSHREE,EQ,439.9,440.0,432.0,434.95,435.0,432.95,47715,20703812.8,23-JAN-2015,228,INE435H01015,
MANUGRAPH,EQ,46.05,46.4,44.7,45.3,45.4,46.85,13792,623589.45,23-JAN-2015,182,INE867A01022,
MARALOVER,EQ,24.8,25.05,23.6,24.05,24.1,24.05,64568,1557120.85,23-JAN-2015,235,INE882A01013,
MARG,EQ,14.85,14.95,13.9,14.15,14.1,14.5,50974,727633.3,23-JAN-2015,256,INE941E01019,
MARICO,EQ,365.4,366.7,353.5,358.65,358.9,361.95,965389,347127106.15,23-JAN-2015,21393,INE196A01026,
MARKSANS,EQ,59.95,62.0,59.65,60.15,60.5,59.15,1520243,92288620.45,23-JAN-2015,6994,INE750C01026,
MARUTI,EQ,3634.0,3639.75,3575.0,3606.7,3603.05,3597.25,337571,1216979140.2,23-JAN-2015,13842,INE585B01010,
MASTEK,EQ,426.8,426.95,405.5,407.65,407.0,421.2,352948,146185438.8,23-JAN-2015,9222,INE759A01021,
MAWANASUG,EQ,10.0,10.7,9.75,10.2,10.0,10.1,17196,174844.4,23-JAN-2015,84,INE636A01039,
MAX,EQ,424.95,469.9,423.05,454.05,459.0,421.45,3098152,1378642890.45,23-JAN-2015,41381,INE180A01020,
MAXWELL,EQ,46.5,49.5,45.6,47.8,47.15,47.7,691581,32871310.1,23-JAN-2015,4374,INE450G01024,
MAYURUNIQ,EQ,486.0,487.95,453.0,473.65,473.5,480.9,38323,18086322.05,23-JAN-2015,2194,INE040D01038,
MBECL,EQ,87.25,89.55,87.2,88.9,88.9,87.3,27311,2423937.7,23-JAN-2015,180,INE748A01016,
MBLINFRA,EQ,449.9,449.9,437.55,441.35,442.9,445.05,5922,2616207.15,23-JAN-2015,214,INE912H01013,
MCDHOLDING,EQ,38.0,38.65,36.5,37.05,36.6,37.25,48877,1826889.2,23-JAN-2015,743,INE836H01014,
MCDOWELL-N,EQ,3550.15,3585.95,3450.0,3524.95,3502.65,3549.05,489254,1719380659.65,23-JAN-2015,36739,INE854D01016,
MCLEODRUSS,EQ,214.0,215.8,211.0,211.65,211.0,212.85,171675,36494497.25,23-JAN-2015,4091,INE942G01012,
MCX,EQ,872.0,885.0,851.7,870.5,870.0,868.25,536615,468472875.55,23-JAN-2015,15738,INE745G01035,
MEGASOFT,EQ,5.35,5.55,5.25,5.35,5.35,5.35,26019,139541.75,23-JAN-2015,31,INE933B01012,
MEGH,EQ,24.65,25.0,23.75,23.95,23.9,24.35,546865,13258271.7,23-JAN-2015,2021,INE974H01013,
MELSTAR,EQ,4.95,5.0,4.95,5.0,5.0,5.2,4482,22350.0,23-JAN-2015,12,INE817A01019,
MERCATOR,EQ,22.3,22.85,21.15,22.3,22.65,22.15,1084234,23846057.3,23-JAN-2015,3549,INE934B01028,
MERCK,EQ,922.0,928.0,902.35,909.75,906.0,918.35,22795,20845491.2,23-JAN-2015,1791,INE199A01012,
METKORE,EQ,8.0,8.3,8.0,8.0,8.0,8.3,2372,18980.2,23-JAN-2015,17,INE592I01029,
MGOLD,EQ,2651.1,2660.0,2641.3,2659.6,2644.15,2650.1,149,395371.1,23-JAN-2015,41,INF247L01072,
MHRIL,EQ,280.9,283.5,269.25,271.4,269.8,270.25,137825,37920833.5,23-JAN-2015,2720,INE998I01010,
MIC,EQ,8.75,9.15,8.65,8.7,8.75,8.95,294366,2607571.85,23-JAN-2015,637,INE287C01029,
MICROSEC,EQ,73.5,74.0,72.1,72.95,72.95,73.6,7460,542662.85,23-JAN-2015,80,INE019J01013,
MINDACORP,EQ,81.1,81.1,77.05,77.05,77.05,81.1,8445,657989.6,23-JAN-2015,172,INE842C01021,
MINDAIND,EQ,627.95,635.0,608.0,611.75,611.0,624.8,9024,5593149.3,23-JAN-2015,458,INE405E01015,
MINDTREE,EQ,1330.0,1336.95,1307.8,1314.6,1312.5,1315.25,134596,177417969.8,23-JAN-2015,11191,INE018I01017,
MIRCELECTR,EQ,11.65,12.2,10.75,10.95,10.75,11.9,279666,3181584.25,23-JAN-2015,828,INE831A01028,
MIRZAINT,EQ,86.0,88.35,82.25,84.2,83.3,85.65,2517807,216354288.6,23-JAN-2015,16858,INE771A01026,
MMFL,EQ,595.0,595.0,568.95,571.65,570.1,583.1,13273,7642718.55,23-JAN-2015,797,INE227C01017,
MMTC,EQ,59.65,59.65,57.4,57.85,57.6,58.85,666053,38836753.25,23-JAN-2015,5100,INE123F01029,
MMWL,EQ,6.1,6.25,6.0,6.1,6.25,6.2,6050,36800.0,23-JAN-2015,12,INE200D01020,
MOHITIND,EQ,50.4,51.05,49.35,50.85,50.85,50.9,24722,1246950.75,23-JAN-2015,111,INE954E01012,
MOIL,EQ,304.5,304.5,297.5,299.15,299.5,299.8,48453,14514574.55,23-JAN-2015,2238,INE490G01020,
MONNETISPA,EQ,62.0,63.55,61.3,61.85,61.7,61.35,126090,7855451.85,23-JAN-2015,1260,INE743C01013,
MONSANTO,EQ,3249.0,3270.0,3147.0,3187.05,3180.0,3228.9,25155,80287492.45,23-JAN-2015,2046,INE274B01011,
MONTECARLO,EQ,490.0,494.8,482.45,486.2,487.1,487.0,86394,42063391.0,23-JAN-2015,3326,INE950M01013,
MORARJEE,EQ,43.55,44.5,43.5,43.55,43.55,44.25,8230,359612.5,23-JAN-2015,74,INE161G01027,
MOREPENLAB,EQ,10.3,10.5,9.7,9.8,9.9,10.25,592998,5908984.5,23-JAN-2015,1807,INE083A01026,
MOSERBAER,EQ,10.35,10.5,9.85,10.0,9.95,10.25,883790,8934900.4,23-JAN-2015,1620,INE739A01015,
MOTHERSUMI,EQ,481.45,487.8,471.55,474.65,473.0,476.75,1199651,575034110.65,23-JAN-2015,28236,INE775A01035,
MOTILALOFS,EQ,291.0,306.0,291.0,302.35,301.0,299.75,36586,11114619.95,23-JAN-2015,1227,INE338I01027,
MOTOGENFIN,BE,45.0,46.0,43.25,43.35,43.35,44.65,4610,210536.1,23-JAN-2015,38,INE861B01015,
MPHASIS,EQ,366.0,369.65,360.95,363.2,367.0,362.2,55015,20069550.1,23-JAN-2015,2929,INE356A01018,
MPSLTD,EQ,984.75,1018.0,960.0,990.7,982.2,971.7,52266,51978052.45,23-JAN-2015,3019,INE943D01017,
MRF,EQ,39550.0,39599.0,38420.0,38728.15,38651.0,39146.55,10573,410758332.5,23-JAN-2015,4619,INE883A01011,
MRO-TEK,EQ,17.0,17.0,16.25,16.5,16.5,16.7,20699,340276.6,23-JAN-2015,123,INE398B01018,
MRPL,EQ,48.1,51.1,47.8,50.5,51.0,48.05,930999,46330860.25,23-JAN-2015,4585,INE103A01014,
MSPL,EQ,16.65,16.65,15.2,15.6,15.6,16.0,6463,101521.2,23-JAN-2015,45,INE752G01015,
MTEDUCARE,EQ,120.65,120.65,116.25,117.65,118.5,119.2,48204,5718123.0,23-JAN-2015,681,INE472M01018,
MTNL,EQ,27.75,28.5,27.2,27.55,27.6,27.65,1074611,29800284.55,23-JAN-2015,3722,INE153A01019,
MUDRA,EQ,11.5,11.5,9.65,10.35,10.3,10.4,6270,67387.75,23-JAN-2015,42,INE311H01018,
MUKANDENGG,EQ,36.75,36.75,35.0,35.1,35.1,36.2,12457,443171.4,23-JAN-2015,140,INE022B01014,
MUKANDLTD,EQ,58.95,59.9,56.1,56.5,56.4,58.45,76767,4386952.35,23-JAN-2015,675,INE304A01026,
MUKTAARTS,EQ,27.2,27.2,26.25,26.95,26.95,27.3,1916,51119.65,23-JAN-2015,29,INE374B01019,
MUNJALAU,EQ,114.7,117.0,109.5,110.85,110.4,113.3,65300,7330149.85,23-JAN-2015,1185,INE672B01032,
MUNJALSHOW,EQ,206.2,209.7,201.95,206.05,208.9,206.8,33381,6867432.75,23-JAN-2015,596,INE577A01027,
MURLIIND,BE,5.7,5.7,5.45,5.45,5.45,5.7,713,3886.1,23-JAN-2015,2,INE806B01028,
MURUDCERA,EQ,21.5,22.0,20.4,20.8,21.0,21.3,16933,358446.3,23-JAN-2015,81,INE692B01014,
MUTHOOTFIN,EQ,226.0,227.1,212.05,222.85,225.0,228.5,1550258,340093193.25,23-JAN-2015,16355,INE414G01012,
MVL,EQ,0.75,0.75,0.7,0.75,0.75,0.75,477141,336826.2,23-JAN-2015,80,INE744I01034,
MYSOREBANK,EQ,579.0,583.8,563.05,568.6,567.5,575.05,16954,9716195.45,23-JAN-2015,719,INE651A01020,
N100,EQ,255.0,257.59,251.52,253.01,253.89,252.52,1858,473051.27,23-JAN-2015,90,INF247L01031,
NAGAROIL,EQ,3.65,3.7,3.55,3.6,3.65,3.65,182568,659826.4,23-JAN-2015,200,INE453M01018,
NAGREEKCAP,EQ,17.1,17.1,17.1,17.1,17.1,18.0,300,5130.0,23-JAN-2015,2,INE245I01016,
NAGREEKEXP,EQ,26.2,26.2,25.1,26.0,26.0,26.7,1401,36338.4,23-JAN-2015,10,INE123B01028,
NAHARCAP,EQ,77.0,78.4,76.7,77.5,77.5,76.75,1786,138157.5,23-JAN-2015,19,INE049I01012,
NAHARINDUS,EQ,55.65,56.8,55.15,55.7,55.2,56.0,3544,197819.95,23-JAN-2015,106,INE289A01011,
NAHARPOLY,EQ,26.1,28.45,26.1,26.3,26.25,26.2,1431,37992.7,23-JAN-2015,9,INE308A01027,
NAHARSPING,EQ,94.5,94.5,92.15,92.65,92.5,93.95,13393,1246365.75,23-JAN-2015,366,INE290A01027,
NAKODA,EQ,2.2,2.2,2.1,2.1,2.1,2.2,72276,152547.95,23-JAN-2015,67,INE559B01023,
NATCOPHARM,EQ,1420.35,1432.4,1350.05,1362.25,1358.0,1410.9,263325,370974863.05,23-JAN-2015,6875,INE987B01018,
NATHBIOGEN,BE,121.5,122.0,117.8,118.2,119.0,124.0,5670,676442.8,23-JAN-2015,89,INE448G01010,
NATIONALUM,EQ,48.25,49.2,47.9,48.6,48.4,47.75,1487221,72255355.55,23-JAN-2015,11055,INE139A01034,
NATNLSTEEL,BE,19.6,19.6,18.8,18.8,18.8,19.25,10855,205397.4,23-JAN-2015,25,INE088B01015,
NAUKRI,EQ,785.0,804.0,776.0,778.55,784.0,782.45,209017,163052489.3,23-JAN-2015,6864,INE663F01024,
NAVINFLUOR,EQ,740.0,745.0,716.65,718.65,718.55,737.55,20650,14992624.15,23-JAN-2015,985,INE048G01018,
NAVNETEDUL,EQ,111.95,112.0,108.7,109.8,111.4,111.05,27095,2981149.1,23-JAN-2015,499,INE060A01024,
NBCC,EQ,840.0,840.0,816.4,820.45,820.0,831.85,216347,178595129.45,23-JAN-2015,6287,INE095N01015,
NBVENTURES,EQ,193.0,199.5,191.05,195.35,193.25,193.3,13560,2647455.35,23-JAN-2015,389,INE725A01022,
NCC,EQ,75.35,75.5,69.0,72.05,71.9,73.95,4025640,290835653.35,23-JAN-2015,25626,INE868B01028,
NCLIND,EQ,43.4,43.45,42.0,42.1,42.1,42.35,7663,324062.75,23-JAN-2015,76,INE732C01016,
NCOPPER,EQ,2.3,2.4,2.25,2.25,2.35,2.3,7843,17988.0,23-JAN-2015,40,INE846H01039,
NDL,EQ,71.15,71.85,68.25,68.85,68.5,70.45,109990,7633397.4,23-JAN-2015,1291,INE875G01030,
NDTV,EQ,114.0,115.25,110.7,111.9,111.3,113.25,68034,7684820.45,23-JAN-2015,813,INE155G01029,
NECLIFE,EQ,37.8,38.75,36.2,36.65,36.85,35.55,1908697,70874536.35,23-JAN-2015,11030,INE023H01027,
NEHAINT,EQ,8.0,8.4,6.75,8.1,8.15,8.2,26582,206686.2,23-JAN-2015,97,INE874D01022,
NELCAST,EQ,39.0,40.25,38.0,39.35,38.3,38.7,27748,1085056.75,23-JAN-2015,280,INE189I01024,
NELCO,EQ,89.0,97.7,88.35,94.75,93.2,88.25,816350,76760802.35,23-JAN-2015,7449,INE045B01015,
NEOCORP,BE,40.0,41.0,38.2,39.6,39.35,40.2,22647,894143.9,23-JAN-2015,60,INE851C01014,
NEPCMICON,BE,2.6,2.8,2.6,2.8,2.8,2.7,40113,110939.75,23-JAN-2015,56,INE588A01016,
NESCO,EQ,1698.0,1698.0,1655.1,1662.6,1665.0,1669.5,2983,4968274.7,23-JAN-2015,237,INE317F01027,
NESTLEIND,EQ,7148.0,7290.0,7148.0,7258.35,7254.0,7097.05,45866,332684003.6,23-JAN-2015,7743,INE239A01016,
NET4,EQ,4.35,4.35,4.15,4.15,4.15,4.35,2686,11336.9,23-JAN-2015,6,INE553E01012,
NETWORK18,EQ,62.4,62.4,58.75,59.45,59.25,60.85,801718,47913766.25,23-JAN-2015,2798,INE870H01013,
NEULANDLAB,EQ,509.45,514.0,499.05,502.65,504.9,509.45,11530,5804900.8,23-JAN-2015,301,INE794A01010,
NEXTMEDIA,EQ,20.45,21.5,19.0,19.3,19.1,19.65,169318,3390963.5,23-JAN-2015,542,INE747B01016,
NEYVELILIG,EQ,79.65,79.9,77.35,78.75,78.8,78.4,112469,8813456.5,23-JAN-2015,1521,INE589A01014,
NFL,EQ,38.7,39.3,37.75,37.9,37.8,38.4,361901,13879543.05,23-JAN-2015,1446,INE870D01012,
NGCT,EQ,0.75,0.75,0.75,0.75,0.75,0.8,17071,12803.25,23-JAN-2015,12,INE970N01019,
NHPC,EQ,19.95,20.1,19.6,19.85,19.85,19.9,4099924,81277626.4,23-JAN-2015,10737,INE848E01016,
NIBL,BE,37.25,39.5,37.25,38.65,38.55,39.0,5863,226345.4,23-JAN-2015,28,INE047O01014,
NICCO,EQ,0.65,0.7,0.65,0.7,0.7,0.7,5326,3562.4,23-JAN-2015,9,INE241C01026,
NIFTYBEES,EQ,900.0,900.0,888.0,892.02,889.5,883.46,43441,38719956.76,23-JAN-2015,1142,INF732E01011,
NIITLTD,EQ,46.25,47.0,44.9,45.5,45.3,46.15,420827,19166811.1,23-JAN-2015,3347,INE161A01038,
NIITTECH,EQ,375.0,375.0,356.9,365.4,358.0,371.35,79506,29331441.8,23-JAN-2015,2713,INE591G01017,
NILKAMAL,EQ,459.7,460.95,442.0,444.8,444.5,454.1,46090,20710963.6,23-JAN-2015,1771,INE310A01015,
NIPPOBATRY,EQ,809.25,809.25,761.0,771.85,766.25,788.5,3465,2696609.15,23-JAN-2015,291,INE567A01010,
NITCO,EQ,24.9,25.4,23.0,23.6,23.8,24.0,110906,2661512.2,23-JAN-2015,637,INE858F01012,
NITESHEST,EQ,11.1,11.35,10.7,10.95,11.1,11.1,86504,950819.7,23-JAN-2015,259,INE639K01016,
NITINFIRE,EQ,36.0,36.9,34.6,34.9,34.8,36.3,130688,4644130.8,23-JAN-2015,953,INE489H01020,
NITINSPIN,EQ,28.75,29.7,28.4,29.15,29.1,28.7,66478,1918816.65,23-JAN-2015,246,INE229H01012,
NMDC,EQ,138.0,139.95,135.2,139.3,139.5,137.0,2020486,278814040.1,23-JAN-2015,20942,INE584A01023,
NOCIL,EQ,42.5,42.65,40.0,40.8,40.75,41.8,2025416,83876145.0,23-JAN-2015,8283,INE163A01018,
NOIDATOLL,EQ,35.0,36.1,35.0,35.6,35.3,35.0,891665,31645696.5,23-JAN-2015,2946,INE781B01015,
NOL,EQ,48.0,48.1,48.0,48.1,48.1,48.05,18,864.8,23-JAN-2015,2,INE296D01010,
NORBTEAEXP,EQ,6.3,6.5,6.3,6.3,6.3,6.3,4649,29289.7,23-JAN-2015,5,INE369C01017,
NRBBEARING,EQ,136.95,137.9,134.2,135.3,135.0,136.8,36058,4876202.55,23-JAN-2015,1046,INE349A01021,
NSIL,EQ,785.0,785.0,750.0,766.6,770.0,760.25,523,398851.25,23-JAN-2015,61,INE023A01030,
NTPC,EQ,141.6,142.2,140.45,141.9,141.75,140.2,7537705,1065397361.8,23-JAN-2015,38004,INE733E01010,
NUCLEUS,EQ,193.2,196.2,188.5,190.05,189.5,191.9,34958,6682444.25,23-JAN-2015,1089,INE096B01018,
NUTEK,EQ,0.65,0.65,0.6,0.6,0.6,0.6,160754,97792.4,23-JAN-2015,50,INE318J01027,
OBEROIRLTY,EQ,288.7,291.85,277.45,286.0,290.0,283.6,339812,96612093.15,23-JAN-2015,8960,INE093I01010,
OCL,EQ,509.95,514.1,508.0,511.15,512.05,509.4,8451,4325809.7,23-JAN-2015,324,INE290B01025,
OFSS,EQ,3364.0,3382.95,3305.0,3322.15,3330.0,3346.05,11270,37602685.6,23-JAN-2015,2471,INE881D01027,
OIL,EQ,548.0,555.0,545.2,553.2,551.15,544.15,227282,125183352.75,23-JAN-2015,8972,INE274J01014,
OILCOUNTUB,EQ,36.0,36.0,34.65,35.1,35.2,35.7,11332,398464.45,23-JAN-2015,167,INE591A01010,
OISL,EQ,19.3,19.5,18.5,18.65,18.85,18.8,14115,262938.65,23-JAN-2015,39,INE196J01019,
OMAXAUTO,EQ,61.6,64.6,61.25,63.3,63.5,62.0,60768,3853775.2,23-JAN-2015,658,INE090B01011,
OMAXE,EQ,127.65,129.35,127.65,128.75,129.0,127.45,334290,42957244.55,23-JAN-2015,3824,INE800H01010,
OMKARCHEM,EQ,174.9,174.9,168.7,169.85,170.05,171.55,84159,14302133.5,23-JAN-2015,1716,INE474L01016,
OMMETALS,EQ,34.25,35.1,33.6,34.25,34.25,34.25,161700,5578616.1,23-JAN-2015,785,INE239D01028,
OMNITECH,EQ,8.6,8.8,8.5,8.6,8.5,8.8,12508,106710.45,23-JAN-2015,31,INE810H01019,
ONELIFECAP,EQ,139.45,139.45,135.0,135.8,135.05,137.55,10514,1431115.45,23-JAN-2015,539,INE912L01015,
ONGC,EQ,355.0,356.0,347.55,348.8,349.55,352.9,4282933,1506969580.25,23-JAN-2015,56576,INE213A01029,
ONMOBILE,EQ,78.4,78.8,74.6,75.85,75.25,77.3,686966,52187596.9,23-JAN-2015,4910,INE809I01019,
ONWARDTEC,EQ,54.1,54.4,51.95,53.25,53.75,54.25,5409,286329.45,23-JAN-2015,45,INE229A01017,
OPTOCIRCUI,EQ,25.15,25.4,24.25,24.35,24.35,24.75,937514,23018842.05,23-JAN-2015,4670,INE808B01016,
ORBITCORP,EQ,13.15,13.3,12.75,12.9,12.95,13.05,439016,5705409.55,23-JAN-2015,1128,INE628H01015,
ORBTEXP,EQ,384.0,389.9,375.8,378.8,380.0,384.65,5747,2191374.0,23-JAN-2015,302,INE231G01010,
ORCHIDCHEM,EQ,65.5,65.7,63.65,63.85,63.8,64.65,306437,19728698.75,23-JAN-2015,3438,INE191A01019,
ORIENTABRA,EQ,22.8,23.65,22.4,22.65,22.6,22.9,18584,421919.9,23-JAN-2015,98,INE569C01020,
ORIENTALTL,EQ,2.4,2.4,2.4,2.4,2.4,2.45,100,240.0,23-JAN-2015,1,INE998H01012,
ORIENTBANK,EQ,330.0,330.55,319.5,322.15,322.0,325.05,1014753,327942466.45,23-JAN-2015,13406,INE141A01014,
ORIENTBELL,EQ,100.2,103.85,100.2,102.3,102.05,102.15,5483,560816.5,23-JAN-2015,171,INE607D01018,
ORIENTCEM,EQ,194.0,195.0,182.55,184.15,183.1,190.2,816201,154298670.25,23-JAN-2015,2512,INE876N01018,
ORIENTHOT,EQ,23.75,24.25,23.25,24.1,24.25,23.8,8759,207634.1,23-JAN-2015,42,INE750A01020,
ORIENTLTD,EQ,94.45,94.45,81.2,87.85,93.15,82.35,1605,142162.65,23-JAN-2015,28,INE609C01024,
ORIENTPPR,EQ,27.05,27.85,25.8,26.25,26.25,27.0,222959,5989625.25,23-JAN-2015,893,INE592A01026,
ORIENTREF,EQ,101.95,102.25,100.0,101.1,101.0,101.85,13476,1362601.1,23-JAN-2015,283,INE743M01012,
ORISSAMINE,EQ,3100.0,3125.0,3025.0,3048.9,3044.95,3073.15,2570,7863313.45,23-JAN-2015,753,INE725E01024,
OSWALMIN,EQ,29.0,29.45,28.0,28.5,29.45,29.45,93,2651.85,23-JAN-2015,7,INE469B01017,
OUDHSUG,EQ,20.7,20.75,19.05,19.1,19.1,19.8,3314,64997.5,23-JAN-2015,39,INE594A01014,
PAEL,EQ,18.25,18.95,18.05,18.2,18.2,19.0,3775,68608.25,23-JAN-2015,35,INE766A01018,
PAGEIND,EQ,11829.65,11946.0,11723.95,11893.6,11850.0,11783.35,13519,160215131.0,23-JAN-2015,3939,INE761H01022,
PALRED,EQ,19.7,19.7,18.15,18.35,18.25,18.8,59475,1116677.3,23-JAN-2015,284,INE218G01017,
PANACEABIO,EQ,141.6,143.95,138.0,139.5,139.85,141.7,24572,3437319.2,23-JAN-2015,743,INE922B01023,
PANAMAPET,EQ,58.0,59.9,56.65,58.0,58.0,58.65,5911,345160.05,23-JAN-2015,32,INE305C01029,
PANASONIC,EQ,320.0,325.0,310.0,321.7,323.8,310.4,18414,5890180.9,23-JAN-2015,270,INE841C01015,
PANCHSHEEL,EQ,30.0,30.0,30.0,30.0,30.0,32.45,100,3000.0,23-JAN-2015,1,INE316G01019,
PANORAMUNI,EQ,12.0,12.0,11.4,11.55,11.55,11.85,4282,49926.1,23-JAN-2015,54,INE194B01029,
PAPERPROD,EQ,201.8,206.95,199.2,201.15,201.0,199.95,90504,18360126.9,23-JAN-2015,1632,INE275B01026,
PARABDRUGS,EQ,8.85,9.25,8.8,9.0,9.1,9.1,23940,215239.5,23-JAN-2015,72,INE618H01016,
PARACABLES,EQ,2.65,2.7,2.55,2.65,2.7,2.6,30224,79709.25,23-JAN-2015,37,INE074B01023,
PARASPETRO,BE,0.25,0.3,0.25,0.25,0.25,0.25,33924,8572.2,23-JAN-2015,14,INE162C01024,
PARRYSUGAR,EQ,20.6,22.0,20.3,20.6,20.3,21.65,3007,62243.85,23-JAN-2015,33,INE353B01021,
PARSVNATH,EQ,17.9,18.0,17.3,17.5,17.45,17.75,347353,6127628.1,23-JAN-2015,897,INE561H01026,
PATELENG,EQ,95.0,95.9,92.2,92.85,92.25,94.25,147288,13741605.35,23-JAN-2015,2009,INE244B01030,
PATINTLOG,EQ,142.0,142.85,135.1,137.05,137.15,140.7,125754,17461234.1,23-JAN-2015,1748,INE529D01014,
PATSPINLTD,EQ,7.9,8.5,7.9,8.05,8.05,8.1,1723,13688.3,23-JAN-2015,23,INE790C01014,
PBAINFRA,EQ,18.5,19.0,16.6,17.1,17.1,17.75,1374,23754.95,23-JAN-2015,17,INE160H01019,
PCJEWELLER,EQ,260.2,264.6,255.15,262.7,262.0,260.5,187572,48858621.95,23-JAN-2015,4425,INE785M01013,
PDPL,EQ,22.6,22.95,22.1,22.3,22.3,22.8,9254,207236.1,23-JAN-2015,51,INE904D01019,
PDSMFL,EQ,209.0,209.0,205.0,206.0,207.8,209.35,4164,860561.5,23-JAN-2015,79,INE111Q01013,
PDUMJEIND,EQ,9.7,10.35,9.5,9.9,10.35,10.35,2610,25813.05,23-JAN-2015,18,INE105C01023,
PDUMJEPULP,EQ,15.55,16.0,14.8,14.9,14.8,15.8,32855,510100.15,23-JAN-2015,118,INE606A01024,
PEARLPOLY,EQ,18.7,18.7,16.5,17.35,17.55,18.5,6026,105219.7,23-JAN-2015,32,INE844A01013,
PEL,EQ,832.95,849.95,829.2,834.95,838.0,829.65,61040,51041552.95,23-JAN-2015,5762,INE140A01024,
PENIND,EQ,64.7,65.0,61.6,62.05,61.7,64.05,787768,49620293.45,23-JAN-2015,3200,INE932A01024,
PENINLAND,EQ,35.45,37.9,35.4,36.45,36.15,35.45,552688,20322974.1,23-JAN-2015,2536,INE138A01028,
PERIATEA,BE,124.9,124.95,114.0,124.3,124.4,119.7,2835,340792.95,23-JAN-2015,17,INE431F01018,
PERSISTENT,EQ,1860.05,1894.4,1812.0,1832.0,1825.0,1844.45,49741,91558241.5,23-JAN-2015,6722,INE262H01013,
PETRONENGG,EQ,163.85,163.85,154.0,156.5,154.0,161.45,2684,421310.3,23-JAN-2015,69,INE742A01019,
PETRONET,EQ,189.5,190.95,187.05,188.5,188.25,188.85,890538,168276026.15,23-JAN-2015,12220,INE347G01014,
PFC,EQ,283.0,287.9,275.6,281.5,282.0,279.5,3618723,1019819062.85,23-JAN-2015,49232,INE134E01011,
PFIZER,EQ,2158.0,2162.7,2111.0,2140.2,2131.0,2141.7,17832,38252685.5,23-JAN-2015,1263,INE182A01018,
PFOCUS,EQ,48.6,49.5,44.75,45.15,44.75,47.75,212877,9717619.4,23-JAN-2015,1366,INE367G01038,
PFRL,EQ,118.0,127.95,118.0,124.3,124.0,118.05,48495,6014615.35,23-JAN-2015,580,INE647O01011,
PFS,EQ,62.8,64.8,59.7,64.0,63.7,61.85,5041924,315447042.0,23-JAN-2015,19467,INE560K01014,
PGEL,EQ,70.9,71.4,68.5,68.65,68.5,68.9,4241,295116.3,23-JAN-2015,117,INE457L01011,
PGHH,EQ,6151.55,6200.05,6011.9,6120.8,6100.0,6166.75,9467,57516646.4,23-JAN-2015,3187,INE179A01014,
PGIL,EQ,234.0,234.0,230.0,230.0,230.0,232.0,3161,732696.9,23-JAN-2015,48,INE940H01014,
PHILIPCARB,EQ,170.0,171.85,156.8,159.25,158.0,164.6,1046553,170354024.3,23-JAN-2015,11210,INE602A01015,
PHOENIXLL,EQ,113.6,114.6,111.0,112.7,112.5,110.3,910819,102861241.55,23-JAN-2015,4311,INE455B01016,
PHOENIXLTD,EQ,380.95,385.05,376.95,380.8,380.0,378.85,518273,196345009.6,23-JAN-2015,2254,INE211B01039,
PIDILITIND,EQ,581.0,585.8,566.5,569.8,569.5,578.9,472188,271001944.15,23-JAN-2015,14398,INE318A01026,
PIIND,EQ,507.9,522.0,506.05,510.8,511.15,505.6,50920,26215199.35,23-JAN-2015,1895,INE603J01030,
PILANIINV,BE,1430.0,1475.0,1420.0,1470.0,1470.0,1438.0,405,581582.5,23-JAN-2015,17,INE417C01014,
PILIND,EQ,21.4,22.0,19.65,19.95,19.95,21.5,18869,392182.7,23-JAN-2015,187,INE600A01027,
PIONDIST,EQ,66.0,67.75,65.5,67.75,67.75,64.55,2602,174942.6,23-JAN-2015,35,INE889E01010,
PIONEEREMB,EQ,25.0,25.7,24.6,24.6,24.6,25.85,9417,232309.7,23-JAN-2015,31,INE156C01018,
PIPAVAVDOC,EQ,48.4,52.1,46.7,50.2,50.4,47.85,7787206,394273024.65,23-JAN-2015,33316,INE542F01012,
PIRPHYTO,EQ,40.7,40.75,39.0,39.1,39.0,40.35,8690,343872.1,23-JAN-2015,88,INE122J01015,
PITTILAM,EQ,93.0,95.0,88.6,90.8,92.0,91.1,25739,2365711.8,23-JAN-2015,286,INE450D01013,
PLASTIBLEN,EQ,248.0,251.0,240.25,243.05,242.0,246.55,8314,2023429.0,23-JAN-2015,512,INE083C01022,
PLETHICO,EQ,38.65,39.2,37.05,38.2,38.2,38.6,44438,1700594.95,23-JAN-2015,429,INE491H01018,
PNB,EQ,215.95,216.9,206.7,207.15,207.1,212.8,5986702,1251016016.1,23-JAN-2015,48009,INE160A01022,
PNBGILTS,EQ,32.2,32.65,31.1,31.45,31.55,32.15,509367,16152480.9,23-JAN-2015,2191,INE859A01011,
PNC,EQ,15.25,15.25,13.5,14.55,14.8,14.8,11574,168180.85,23-JAN-2015,113,INE392B01011,
POCHIRAJU,EQ,35.75,37.8,34.7,37.15,37.2,35.8,47921,1740090.7,23-JAN-2015,507,INE332G01032,
POLARIS,EQ,169.8,169.8,155.4,158.85,158.5,170.3,1451904,233067638.5,23-JAN-2015,20525,INE763A01023,
POLYMED,EQ,984.0,998.7,964.1,991.5,989.9,967.0,12141,11916710.65,23-JAN-2015,1202,INE205C01013,
POLYPLEX,EQ,213.6,215.0,211.2,212.85,212.35,214.6,23953,5100792.4,23-JAN-2015,288,INE633B01018,
PONNIERODE,EQ,144.1,159.5,143.6,143.6,143.6,149.0,190,27922.75,23-JAN-2015,8,INE838E01017,
POWERGRID,EQ,148.8,150.0,147.2,149.55,149.25,148.35,2559074,381792772.7,23-JAN-2015,16268,INE752E01010,
PPAP,EQ,112.0,112.05,103.65,107.7,107.0,108.95,7136,766410.3,23-JAN-2015,130,INE095I01015,
PRADIP,EQ,2.65,2.7,2.45,2.55,2.5,2.55,10932,28000.0,23-JAN-2015,22,INE495J01015,
PRAENG,EQ,8.25,8.5,8.25,8.25,8.25,8.35,7259,60191.35,23-JAN-2015,28,INE505C01016,
PRAJIND,EQ,55.6,56.2,54.9,55.85,55.6,54.9,1143378,63760775.5,23-JAN-2015,10154,INE074A01025,
PRAKASH,EQ,54.15,54.65,53.2,53.35,53.25,54.05,102840,5508024.85,23-JAN-2015,743,INE603A01013,
PRAKASHCON,EQ,2.1,2.1,1.9,1.95,1.95,2.0,41936,84255.2,23-JAN-2015,24,INE023M01027,
PRAKASHSTL,EQ,124.0,124.95,118.35,119.1,120.0,121.65,75775,9153550.95,23-JAN-2015,102,INE696K01016,
PRATIBHA,EQ,39.75,40.5,37.3,37.75,37.9,39.7,283819,10832951.45,23-JAN-2015,1870,INE308H01022,
PRECOT,EQ,70.0,71.0,69.2,70.2,69.2,69.85,2542,179211.15,23-JAN-2015,38,INE283A01014,
PRECWIRE,EQ,161.7,162.45,154.15,157.7,157.6,163.95,32631,5165721.75,23-JAN-2015,867,INE372C01011,
PREMIER,EQ,55.05,55.45,52.35,53.0,53.2,55.15,7592,405551.0,23-JAN-2015,345,INE342A01018,
PREMIERPOL,EQ,8.35,8.35,8.35,8.35,8.35,8.0,95,793.25,23-JAN-2015,1,INE309M01012,
PRESSMN,EQ,34.75,35.55,34.15,34.25,34.15,35.5,4668,161341.0,23-JAN-2015,42,INE980A01023,
PRESTIGE,EQ,284.6,285.0,257.3,260.05,260.9,272.95,803930,216061879.9,23-JAN-2015,20378,INE811K01011,
PRICOL,EQ,44.1,44.45,43.0,43.05,43.15,43.95,304572,13257670.0,23-JAN-2015,1235,INE605A01026,
PRIMESECU,EQ,5.1,5.6,5.1,5.55,5.6,5.2,8735,47585.55,23-JAN-2015,35,INE032B01021,
PRISMCEM,EQ,106.3,106.45,102.0,102.8,102.6,105.7,515717,53504051.55,23-JAN-2015,5847,INE010A01011,
PRITHVISOF,EQ,27.25,27.5,27.0,27.5,27.5,28.3,824,22453.5,23-JAN-2015,7,INE621B01021,
PROVOGE,EQ,7.15,7.4,6.95,7.0,7.0,7.05,173664,1228298.1,23-JAN-2015,403,INE968G01033,
PROZONINTU,EQ,34.2,35.9,34.1,34.15,34.2,35.85,177030,6107882.1,23-JAN-2015,780,INE195N01013,
PSB,EQ,63.8,64.95,62.5,62.7,62.8,63.65,159488,10054813.6,23-JAN-2015,1184,INE608A01012,
PSL,EQ,17.3,17.5,16.5,16.6,16.5,17.2,138799,2330221.2,23-JAN-2015,822,INE474B01017,
PSUBNKBEES,EQ,490.95,491.0,465.0,469.23,470.0,480.46,3105,1461388.46,23-JAN-2015,139,INF732E01110,
PTC,EQ,93.4,95.2,91.1,94.5,94.5,92.4,3248079,304676976.4,23-JAN-2015,13905,INE877F01012,
PTL,EQ,38.2,38.3,37.25,37.3,37.3,38.15,44026,1642809.25,23-JAN-2015,56,INE034D01031,
PUNJABCHEM,EQ,111.1,112.0,109.0,111.8,111.8,112.9,2619,292919.3,23-JAN-2015,30,INE277B01014,
PUNJLLOYD,EQ,37.05,37.4,36.3,36.55,36.45,36.8,933714,34271238.7,23-JAN-2015,4585,INE701B01021,
PURVA,EQ,83.0,85.0,81.0,82.85,83.2,81.25,166118,13862358.2,23-JAN-2015,3269,INE323I01011,
PVP,EQ,7.5,7.75,7.45,7.5,7.45,7.6,54241,409493.6,23-JAN-2015,170,INE362A01016,
PVR,EQ,701.0,701.7,681.15,687.5,685.05,697.95,163016,112711498.95,23-JAN-2015,1901,INE191H01014,
QGOLDHALF,EQ,1281.8,1289.95,1280.05,1284.95,1289.85,1285.1,343,440651.25,23-JAN-2015,121,INF082J01010,
QNIFTY,EQ,916.4,922.4,916.4,922.4,922.4,916.4,15,13824.0,23-JAN-2015,3,INF082J01028,
QUINTEGRA,EQ,1.25,1.25,1.25,1.25,1.25,1.2,2457,3071.25,23-JAN-2015,6,INE033B01011,
RADICO,EQ,89.95,92.6,86.8,87.85,87.0,89.15,454455,40909306.95,23-JAN-2015,4188,INE944F01028,
RAIN,EQ,40.5,40.5,37.5,38.2,38.4,39.85,271881,10433192.2,23-JAN-2015,2480,INE855B01025,
RAINBOWPAP,EQ,67.8,79.6,67.3,70.35,70.0,68.0,150010,11250065.75,23-JAN-2015,1388,INE028D01025,
RAIREKMOH,EQ,140.0,140.0,135.0,138.45,138.45,137.25,760,104184.65,23-JAN-2015,51,INE313D01013,
RAJESHEXPO,EQ,159.0,162.5,155.3,159.6,160.0,158.65,209668,33477915.25,23-JAN-2015,3139,INE343B01030,
RAJOIL,BE,1.5,1.55,1.5,1.5,1.5,1.55,16839,25455.05,23-JAN-2015,20,INE294G01018,
RAJPALAYAM,EQ,317.05,322.7,310.0,316.0,316.0,320.1,789,249479.35,23-JAN-2015,35,INE296E01026,
RAJRAYON,EQ,0.5,0.6,0.5,0.5,0.5,0.55,3870,2035.0,23-JAN-2015,5,INE533D01024,
RAJSREESUG,EQ,23.0,23.3,22.35,22.7,22.7,23.4,4705,107135.6,23-JAN-2015,46,INE562B01019,
RAJTV,EQ,118.9,118.9,117.1,117.6,117.15,117.1,354825,41790138.2,23-JAN-2015,1376,INE952H01027,
RAJVIR,EQ,47.85,53.9,47.85,49.0,49.0,50.05,634,32144.2,23-JAN-2015,8,INE011H01014,
RALLIS,EQ,231.3,239.5,225.1,233.1,232.4,230.95,523570,121709068.15,23-JAN-2015,9829,INE613A01020,
RAMANEWS,EQ,7.5,7.7,7.3,7.3,7.35,7.5,52924,390341.05,23-JAN-2015,152,INE278B01020,
RAMCOCEM,EQ,353.9,354.9,333.3,339.85,338.0,347.45,196902,67104485.5,23-JAN-2015,9191,INE331A01037,
RAMCOIND,EQ,91.5,93.15,88.1,88.85,88.35,92.05,184806,16641164.4,23-JAN-2015,1455,INE614A01028,
RAMCOSYS,EQ,431.05,442.0,420.95,430.8,428.05,436.8,3592,1553732.55,23-JAN-2015,201,INE246B01019,
RAMKY,EQ,50.1,52.9,48.6,49.0,48.6,50.4,23957,1191999.15,23-JAN-2015,427,INE874I01013,
RAMSARUP,BE,2.15,2.3,2.15,2.2,2.3,2.25,4100,9008.75,23-JAN-2015,10,INE005D01015,
RANASUG,EQ,3.05,3.1,2.95,3.0,3.0,3.05,175696,529488.9,23-JAN-2015,132,INE625B01014,
RANBAXY,EQ,705.0,714.65,700.0,706.6,705.3,697.1,715917,506409076.35,23-JAN-2015,19383,INE015A01028,
RANEENGINE,EQ,588.95,600.0,581.15,592.5,596.0,588.95,451,266685.55,23-JAN-2015,19,INE222J01013,
RANEHOLDIN,EQ,698.0,705.0,672.0,677.85,680.0,684.0,5150,3540200.45,23-JAN-2015,209,INE384A01010,
RASOYPR,EQ,0.75,0.75,0.7,0.7,0.7,0.75,3206344,2249387.4,23-JAN-2015,635,INE904G01038,
RATNAMANI,EQ,722.9,745.0,695.0,725.7,720.0,715.45,90522,65191244.1,23-JAN-2015,2694,INE703B01027,
RAYMOND,EQ,527.5,528.0,506.3,510.75,509.0,521.2,142952,73763693.0,23-JAN-2015,4463,INE301A01014,
RBL,EQ,298.95,309.8,292.4,295.35,294.8,293.95,844,251456.0,23-JAN-2015,43,INE244J01017,
RCF,EQ,68.1,69.2,66.7,67.05,66.9,66.15,2697987,183168193.3,23-JAN-2015,13590,INE027A01015,
RCOM,EQ,80.0,82.75,78.6,82.2,81.8,79.8,6794137,551375411.6,23-JAN-2015,32423,INE330H01018,
RECLTD,EQ,321.5,326.1,315.0,318.15,317.95,318.45,2424745,774926067.5,23-JAN-2015,96613,INE020B01018,
REDINGTON,EQ,135.3,135.75,129.5,132.0,133.0,134.0,1128768,148981121.65,23-JAN-2015,11791,INE891D01026,
REFEX,EQ,12.0,12.6,10.55,11.1,11.7,11.7,381989,4311277.4,23-JAN-2015,1405,INE056I01017,
REGENCERAM,BE,4.0,4.0,3.75,3.75,3.75,3.85,2085,8318.75,23-JAN-2015,3,INE277C01012,
REIAGROLTD,EQ,1.15,1.2,1.15,1.15,1.15,1.2,2974569,3424568.45,23-JAN-2015,587,INE385B01031,
REISIXTEN,EQ,0.35,0.4,0.35,0.35,0.35,0.4,3000,1100.0,23-JAN-2015,5,INE849J01021,
RELAXO,EQ,690.0,709.0,682.0,686.25,689.9,687.5,3837,2646823.55,23-JAN-2015,823,INE131B01039,
RELBANK,EQ,2220.0,2250.0,2100.0,2163.81,2195.0,2114.61,232,498635.07,23-JAN-2015,63,INF733I01028,
RELCAPITAL,EQ,468.8,480.9,457.2,476.05,475.5,462.9,4540007,2135217513.75,23-JAN-2015,76256,INE013A01015,
RELCNX100,EQ,84.1,84.1,81.66,82.0,82.0,84.0,280,22962.9,23-JAN-2015,5,INF204K014N5,
RELCONS,EQ,37.45,37.45,35.05,35.05,35.05,34.9,53,1864.85,23-JAN-2015,3,INF204KA1LD7,
RELGOLD,EQ,2505.55,2515.0,2491.0,2513.0,2514.7,2501.15,2502,6276473.15,23-JAN-2015,334,INF733I01010,
RELIANCE,EQ,890.0,897.8,877.0,886.9,886.85,883.75,4132897,3667065182.3,23-JAN-2015,96749,INE002A01018,
RELIGARE,EQ,355.6,360.0,351.7,357.6,360.0,356.1,45420,16120116.3,23-JAN-2015,1648,INE621H01010,
RELIGAREGO,EQ,2627.35,2675.0,2627.35,2644.85,2649.0,2655.0,37,97991.55,23-JAN-2015,15,INF205K01361,
RELINFRA,EQ,483.0,488.2,465.3,484.25,483.35,477.1,3265868,1562560408.75,23-JAN-2015,58951,INE036A01016,
RELNIFTY,EQ,90.0,90.0,89.0,89.0,89.0,88.4,43,3858.0,23-JAN-2015,3,INF204KA1EU6,
RENUKA,EQ,16.15,16.2,15.65,15.75,15.75,16.0,2456595,38913844.05,23-JAN-2015,3751,INE087H01022,
REPCOHOME,EQ,698.8,698.8,667.0,669.5,668.75,692.0,177555,120443013.35,23-JAN-2015,6441,INE612J01015,
REPRO,EQ,301.5,301.5,290.0,290.6,290.05,295.05,5397,1573993.35,23-JAN-2015,267,INE461B01014,
RESPONIND,EQ,98.0,98.0,92.0,96.25,94.5,93.55,40294,3802195.4,23-JAN-2015,310,INE688D01026,
REVATHI,EQ,383.0,386.0,380.05,380.2,380.2,391.9,64,24541.65,23-JAN-2015,13,INE617A01013,
RICOAUTO,EQ,47.1,49.3,46.3,47.2,47.35,45.65,1650695,78790359.25,23-JAN-2015,7406,INE209B01025,
RIIL,EQ,470.0,473.8,458.0,464.0,462.5,464.2,250332,116760237.4,23-JAN-2015,7936,INE046A01015,
RJL,EQ,60.75,60.95,59.7,60.2,60.3,61.25,3077,185515.85,23-JAN-2015,62,INE722H01016,
RKDL,EQ,6.15,7.2,6.15,6.15,6.15,6.25,2879,17858.35,23-JAN-2015,27,INE722J01012,
RKFORGE,EQ,429.95,438.0,417.2,425.7,426.6,426.0,69629,29842943.45,23-JAN-2015,1783,INE399G01015,
RMCL,EQ,47.4,47.7,45.1,45.5,45.1,47.35,229566,10661239.9,23-JAN-2015,1011,INE172H01014,
RML,EQ,406.0,406.0,372.0,388.9,382.0,407.65,15363,5936108.85,23-JAN-2015,448,INE050H01012,
RMMIL,EQ,1.4,1.5,1.35,1.4,1.4,1.4,149499,209157.2,23-JAN-2015,73,INE774I01031,
ROHITFERRO,EQ,8.0,8.05,7.8,7.9,8.0,7.9,73998,588376.95,23-JAN-2015,135,INE248H01012,
ROHLTD,EQ,44.5,44.5,43.1,43.6,43.25,44.95,2784,122132.95,23-JAN-2015,45,INE283H01019,
ROLTA,EQ,105.05,105.8,102.5,104.7,104.85,104.2,599355,62559106.15,23-JAN-2015,5280,INE293A01013,
ROSSELLIND,EQ,86.35,92.75,86.25,90.95,91.5,90.4,4372,395071.35,23-JAN-2015,69,INE847C01020,
RPGLIFE,EQ,104.35,107.0,98.15,99.25,98.8,103.25,322933,33468314.6,23-JAN-2015,4429,INE105J01010,
RPOWER,EQ,62.5,65.45,60.8,64.8,64.75,62.0,10157443,645290563.35,23-JAN-2015,45686,INE614G01033,
RPPINFRA,EQ,146.95,151.0,145.5,149.05,149.0,144.15,97050,14394106.85,23-JAN-2015,712,INE324L01013,
RSSOFTWARE,EQ,280.35,281.8,261.6,263.8,262.4,279.95,256517,68709459.8,23-JAN-2015,6325,INE165B01029,
RSWM,EQ,206.95,206.95,199.35,199.95,201.0,205.3,28781,5793679.1,23-JAN-2015,683,INE611A01016,
RSYSTEMS,EQ,87.5,89.2,85.8,87.15,87.05,87.7,47053,4108580.1,23-JAN-2015,346,INE411H01032,
RTNINFRA,EQ,2.35,2.8,2.25,2.75,2.65,2.35,3738997,9762399.25,23-JAN-2015,2200,INE834M01019,
RTNPOWER,EQ,9.5,10.5,9.35,10.35,10.45,9.55,3532725,35524672.2,23-JAN-2015,4211,INE399K01017,
RUBYMILLS,EQ,296.8,296.8,285.5,289.65,292.0,289.15,2715,789720.05,23-JAN-2015,263,INE301D01026,
RUCHINFRA,BE,10.6,10.7,10.3,10.3,10.3,10.3,1150,12060.0,23-JAN-2015,11,INE413B01023,
RUCHIRA,EQ,34.45,34.8,33.3,33.6,33.3,33.95,61271,2082115.9,23-JAN-2015,446,INE803H01014,
RUCHISOYA,EQ,35.0,35.4,34.5,34.85,34.65,35.0,72146,2518850.8,23-JAN-2015,681,INE619A01027,
RUPA,EQ,232.5,234.8,229.95,232.5,230.0,230.25,2172,504026.95,23-JAN-2015,30,INE895B01021,
RUSHIL,EQ,54.5,56.8,54.05,54.2,54.2,53.45,12155,668761.7,23-JAN-2015,384,INE573K01017,
SABTN,EQ,240.0,246.0,231.65,239.4,238.05,234.3,17497,4175569.1,23-JAN-2015,461,INE416A01036,
SADBHAV,EQ,267.9,267.9,258.05,259.35,260.0,265.35,47118,12331392.35,23-JAN-2015,1770,INE226H01026,
SAGCEM,EQ,330.0,345.0,320.1,342.9,345.0,330.0,3885,1304704.05,23-JAN-2015,69,INE229C01013,
SAHPETRO,EQ,42.0,42.95,40.75,41.2,41.0,42.25,47836,1983433.1,23-JAN-2015,368,INE586G01017,
SAIL,EQ,78.7,78.75,77.0,78.15,78.15,77.9,2442104,189825190.6,23-JAN-2015,10905,INE114A01011,
SAKHTISUG,EQ,16.6,16.7,16.1,16.25,16.25,16.45,44910,732538.2,23-JAN-2015,171,INE623A01011,
SAKSOFT,EQ,185.0,186.0,165.2,174.35,175.0,181.55,5627,984261.3,23-JAN-2015,236,INE667G01015,
SAKUMA,EQ,21.0,21.25,20.55,21.05,20.8,21.3,2626,55120.2,23-JAN-2015,14,INE190H01016,
SALONACOT,EQ,29.8,29.8,29.8,29.8,29.8,28.0,500,14900.0,23-JAN-2015,1,INE498E01010,
SALORAINTL,EQ,52.95,55.0,50.9,51.35,51.0,50.15,61568,3267564.6,23-JAN-2015,745,INE924A01013,
SALSTEEL,EQ,2.6,2.6,2.4,2.4,2.4,2.5,11257,27833.8,23-JAN-2015,37,INE658G01014,
SAMBANDAM,EQ,77.05,83.2,77.05,83.2,83.2,80.0,200,16025.0,23-JAN-2015,2,INE304D01012,
SAMTEL,EQ,1.25,1.3,1.25,1.3,1.25,1.3,44656,57921.25,23-JAN-2015,32,INE381A01016,
SANDESH,EQ,532.95,544.0,514.0,532.45,536.55,527.65,3087,1629903.45,23-JAN-2015,494,INE583B01015,
SANGAMIND,EQ,71.0,72.7,69.95,70.3,70.3,70.15,14660,1041806.3,23-JAN-2015,248,INE495C01010,
SANGHIIND,BE,60.5,61.25,58.5,60.3,60.05,58.35,412457,24850851.0,23-JAN-2015,836,INE999B01013,
SANGHVIFOR,EQ,39.3,39.3,36.5,37.9,38.0,39.0,22799,862978.8,23-JAN-2015,141,INE263L01013,
SANGHVIMOV,EQ,205.0,208.1,199.5,206.8,207.0,204.55,11848,2421110.4,23-JAN-2015,221,INE989A01024,
SANOFI,EQ,3548.0,3548.0,3443.0,3449.65,3450.0,3494.9,11128,38621076.45,23-JAN-2015,915,INE058A01010,
SANWARIA,EQ,7.2,7.25,6.95,7.15,7.1,7.15,81956,580403.75,23-JAN-2015,163,INE890C01046,
SARDAEN,EQ,176.5,180.0,168.65,177.35,177.0,175.65,18143,3183549.95,23-JAN-2015,629,INE385C01013,
SAREGAMA,EQ,169.0,173.8,169.0,170.85,171.0,172.7,6546,1119679.3,23-JAN-2015,134,INE979A01017,
SARLAPOLY,EQ,419.0,425.0,411.0,415.5,411.85,420.75,9538,3976573.05,23-JAN-2015,105,INE453D01017,
SASKEN,EQ,234.7,235.6,227.1,228.3,228.2,233.9,53115,12228653.6,23-JAN-2015,1835,INE231F01020,
SATHAISPAT,EQ,39.3,44.45,37.95,43.6,44.45,39.45,53313,2295698.8,23-JAN-2015,167,INE176C01016,
SAVERA,EQ,43.0,44.8,42.5,43.45,44.8,42.35,3837,164928.3,23-JAN-2015,13,INE104E01014,
SBBJ,EQ,702.0,707.0,692.0,696.5,695.25,699.2,29606,20605412.45,23-JAN-2015,1121,INE648A01026,
SBIGETS,EQ,2626.0,2645.0,2626.0,2640.05,2638.0,2632.35,5089,13407478.25,23-JAN-2015,427,INF200K01099,
SBIN,EQ,328.25,332.55,324.65,327.45,327.05,324.65,17127278,5629290865.05,23-JAN-2015,151074,INE062A01020,
SBT,EQ,561.05,562.7,557.05,559.25,557.25,559.0,28973,16252353.7,23-JAN-2015,688,INE654A01024,
SCHNEIDER,EQ,151.05,152.45,148.05,149.1,148.5,150.2,31310,4696397.35,23-JAN-2015,588,INE839M01018,
SCI,EQ,58.8,58.8,57.3,57.5,57.45,58.15,409137,23698289.8,23-JAN-2015,3666,INE109A01011,
SDBL,EQ,204.05,207.6,198.3,202.25,198.3,202.15,21124,4292248.35,23-JAN-2015,120,INE480C01012,
SEAMECLTD,EQ,100.05,102.45,100.0,101.65,102.0,100.7,36821,3731528.75,23-JAN-2015,321,INE497B01018,
SEINV,EQ,283.9,284.0,270.0,279.25,279.0,281.75,16434,4558251.15,23-JAN-2015,382,INE420C01042,
SELAN,EQ,313.45,313.45,298.7,301.35,300.2,306.7,51416,15542384.85,23-JAN-2015,1876,INE818A01017,
SELMCL,EQ,3.85,3.9,3.75,3.8,3.85,3.85,221419,846780.9,23-JAN-2015,195,INE105I01012,
SEPOWER,EQ,5.7,6.1,5.6,5.95,5.95,5.8,4375,24974.65,23-JAN-2015,16,INE735M01018,
SERVALL,EQ,4.1,4.5,4.0,4.35,4.5,4.05,15448,65583.2,23-JAN-2015,19,INE431L01016,
SESHAPAPER,EQ,234.0,243.7,230.25,239.85,240.0,235.65,3031,722096.6,23-JAN-2015,106,INE630A01016,
SEZAL,EQ,5.85,5.85,5.45,5.45,5.45,5.7,1990,11045.5,23-JAN-2015,8,INE955I01036,
SFCL,EQ,104.0,104.0,99.0,100.65,99.0,103.4,20610,2105507.75,23-JAN-2015,314,INE935O01010,
SGFL,BE,3.0,3.0,2.8,2.95,2.95,2.9,2420,7009.5,23-JAN-2015,13,INE883G01018,
SGJHL,EQ,27.2,28.7,26.7,27.0,26.7,26.75,72164,2000645.65,23-JAN-2015,579,INE553K01019,
SHAHALLOYS,EQ,6.6,6.6,6.0,6.15,6.2,6.15,927,5778.0,23-JAN-2015,9,INE640C01011,
SHAKTIPUMP,EQ,235.0,235.8,226.7,229.15,227.7,232.5,64774,15106497.3,23-JAN-2015,1310,INE908D01010,
SHALPAINTS,EQ,166.8,167.5,160.25,161.6,161.9,164.45,36397,5943453.85,23-JAN-2015,723,INE849C01026,
SHANTIGEAR,EQ,148.75,150.95,144.1,145.55,145.4,149.55,255433,37731296.15,23-JAN-2015,3879,INE631A01022,
SHARDACROP,EQ,260.7,263.3,256.8,258.65,262.25,257.05,153081,39544576.15,23-JAN-2015,2558,INE221J01015,
SHARIABEES,EQ,182.0,185.0,173.5,179.0,179.0,182.0,347,61820.8,23-JAN-2015,15,INF732E01128,
SHARONBIO,EQ,26.5,27.95,26.05,27.9,27.95,26.65,1327107,36889641.15,23-JAN-2015,3147,INE028B01029,
SHASUNPHAR,EQ,293.0,293.95,282.3,283.6,284.8,291.1,125178,36091077.75,23-JAN-2015,4151,INE317A01028,
SHEMAROO,EQ,250.0,293.0,247.95,265.9,264.0,248.25,1021658,276614755.65,23-JAN-2015,28156,INE363M01019,
SHILPAMED,EQ,970.75,980.0,921.1,936.3,938.0,965.5,42293,39816890.0,23-JAN-2015,2890,INE790G01023,
SHILPI,EQ,45.55,45.6,43.4,44.2,44.3,45.65,126077,5607030.15,23-JAN-2015,1179,INE510K01019,
SHIRPUR-G,EQ,77.0,77.35,74.1,75.1,75.5,76.15,7087,534921.7,23-JAN-2015,133,INE196B01016,
SHIV-VANI,EQ,9.95,10.95,9.95,10.1,9.95,10.45,695941,7240634.75,23-JAN-2015,1726,INE756B01017,
SHIVAMAUTO,EQ,80.0,80.6,77.3,78.8,78.75,80.45,44766,3517322.4,23-JAN-2015,624,INE637H01024,
SHIVTEX,EQ,45.0,45.25,42.2,42.75,42.2,45.45,23777,1033512.1,23-JAN-2015,353,INE705C01012,
SHLAKSHMI,EQ,3.8,3.8,3.8,3.8,3.8,3.65,2879,10940.2,23-JAN-2015,12,INE851B01016,
SHOPERSTOP,EQ,483.05,486.9,472.5,478.8,480.85,478.05,21728,10405859.85,23-JAN-2015,1668,INE498B01024,
SHREECEM,EQ,11125.0,11132.0,10801.0,11029.95,11066.0,10904.15,46747,514100167.95,23-JAN-2015,7071,INE070A01015,
SHREERAMA,BE,6.2,6.4,6.1,6.4,6.4,6.2,5904,36215.6,23-JAN-2015,9,INE879A01019,
SHRENUJ,EQ,53.5,53.9,51.05,51.7,52.0,52.4,78639,4118864.05,23-JAN-2015,323,INE633A01028,
SHREYAS,BE,334.0,334.25,320.0,334.25,334.25,318.35,39659,13199434.15,23-JAN-2015,277,INE757B01015,
SHRIASTER,EQ,7.15,7.55,7.15,7.55,7.55,7.25,3200,22920.0,23-JAN-2015,6,INE900K01012,
SHRIRAMCIT,EQ,2078.0,2078.0,1967.1,1989.95,1980.0,1997.15,11851,23687149.2,23-JAN-2015,1589,INE722A01011,
SHRIRAMEPC,EQ,38.15,38.2,35.55,35.8,35.7,37.25,59629,2194584.4,23-JAN-2015,536,INE964H01014,
SHYAMTEL,EQ,33.6,33.6,30.6,31.35,31.25,31.7,3366,105639.25,23-JAN-2015,97,INE635A01023,
SICAGEN,EQ,16.4,17.0,15.85,16.05,16.05,16.2,44610,733027.7,23-JAN-2015,199,INE176J01011,
SICAL,EQ,168.55,174.7,165.15,173.1,173.0,168.55,54250,9273959.85,23-JAN-2015,1039,INE075B01012,
SIEMENS,EQ,1017.1,1043.85,1009.0,1039.0,1035.0,1010.65,501336,515207134.65,23-JAN-2015,25004,INE003A01024,
SIGNETIND,EQ,119.0,125.0,110.0,117.4,114.0,119.55,6318,751143.95,23-JAN-2015,76,INE529F01019,
SIL,BE,22.6,22.6,22.6,22.6,22.6,21.55,18351,414732.6,23-JAN-2015,21,INE173A01025,
SILINV,EQ,75.0,76.0,75.0,76.0,76.0,77.0,411,30874.0,23-JAN-2015,4,INE923A01015,
SIMBHSUGAR,EQ,13.3,13.3,12.65,13.05,13.25,13.5,6368,83457.7,23-JAN-2015,63,INE270C01017,
SIMPLEX,EQ,44.6,46.0,44.05,44.35,44.15,44.55,383,16932.65,23-JAN-2015,8,INE898F01018,
SIMPLEXINF,EQ,368.95,377.0,362.2,368.25,366.5,368.6,56194,20809884.35,23-JAN-2015,2050,INE059B01024,
SINTEX,EQ,105.2,108.3,104.15,106.4,105.9,103.85,6624202,705282891.95,23-JAN-2015,33210,INE429C01035,
SIRPAPER,EQ,14.0,14.2,13.8,14.2,14.2,14.7,18,253.05,23-JAN-2015,7,INE202C01010,
SITASHREE,BE,12.8,12.8,12.2,12.2,12.5,12.8,13615,166589.4,23-JAN-2015,44,INE686I01011,
SITICABLE,EQ,35.0,36.5,34.55,36.15,35.85,35.35,664602,23757066.65,23-JAN-2015,3511,INE965H01011,
SIYSIL,EQ,985.0,1000.0,979.0,994.7,991.0,982.0,4833,4776446.2,23-JAN-2015,235,INE076B01010,
SJVN,EQ,25.0,25.05,24.75,24.9,24.9,24.8,443139,11044303.7,23-JAN-2015,1079,INE002L01015,
SKFINDIA,EQ,1396.0,1425.0,1389.95,1402.05,1403.0,1391.6,24025,33728714.15,23-JAN-2015,1828,INE640A01023,
SKIL,EQ,21.0,21.35,20.3,20.45,20.5,21.0,87666,1822598.7,23-JAN-2015,182,INE429F01012,
SKMEGGPROD,EQ,173.7,174.9,151.25,163.5,162.0,168.05,481903,78259069.7,23-JAN-2015,5690,INE411D01015,
SKSMICRO,EQ,445.6,449.0,434.85,440.7,437.75,442.2,3393102,1497596793.85,23-JAN-2015,52331,INE180K01011,
SKUMARSYNF,EQ,3.45,3.45,3.25,3.25,3.35,3.4,447459,1487687.25,23-JAN-2015,304,INE772A01016,
SMARTLINK,EQ,79.65,81.0,77.1,77.5,77.75,77.45,42055,3290011.35,23-JAN-2015,545,INE178C01020,
SMLISUZU,EQ,945.0,962.35,940.1,954.45,950.0,941.75,15050,14325194.6,23-JAN-2015,1509,INE294B01019,
SMPL,EQ,3.4,3.45,3.25,3.25,3.25,3.4,77490,254806.35,23-JAN-2015,116,INE215G01021,
SMSPHARMA,EQ,460.0,470.7,453.4,458.3,457.1,458.3,4824,2218494.35,23-JAN-2015,201,INE812G01017,
SNOWMAN,EQ,99.0,99.25,95.85,96.55,96.3,98.05,652508,63348847.2,23-JAN-2015,5803,INE734N01019,
SOBHA,EQ,499.8,507.95,485.15,497.05,495.15,497.5,93279,46342891.25,23-JAN-2015,7626,INE671H01015,
SOLARINDS,EQ,3094.95,3105.0,3021.05,3090.5,3060.0,3053.8,3202,9874006.0,23-JAN-2015,459,INE343H01011,
SOMANYCERA,EQ,352.05,354.0,331.0,332.55,331.0,349.15,44074,15205677.05,23-JAN-2015,1761,INE355A01028,
SOMATEX,EQ,2.9,3.2,2.9,3.2,3.2,3.0,2900,8797.5,23-JAN-2015,8,INE314C01013,
SONASTEER,EQ,60.5,61.5,57.65,58.35,58.3,59.95,204136,12074942.15,23-JAN-2015,1273,INE643A01035,
SONATSOFTW,EQ,126.9,127.95,123.0,124.35,125.0,125.9,90373,11233330.4,23-JAN-2015,1770,INE269A01021,
SOTL,EQ,735.3,760.0,730.0,731.35,730.0,752.65,1280,943112.35,23-JAN-2015,118,INE035D01012,
SOUISPAT,EQ,0.15,0.15,0.1,0.15,0.15,0.15,5523716,820008.65,23-JAN-2015,161,INE943B01029,
SOUTHBANK,EQ,28.1,28.4,27.35,27.95,27.8,27.85,7774677,216767697.7,23-JAN-2015,10297,INE683A01023,
SPARC,EQ,281.0,335.3,277.1,334.75,335.3,279.45,13864608,4360519937.85,23-JAN-2015,218812,INE232I01014,
SPECIALITY,EQ,187.9,188.0,183.5,185.3,183.55,185.25,9220,1708987.5,23-JAN-2015,274,INE247M01014,
SPENTEX,EQ,4.3,4.8,4.3,4.7,4.7,4.9,3224,14981.9,23-JAN-2015,20,INE376C01020,
SPIC,EQ,21.85,21.9,21.05,21.2,21.2,21.55,303144,6472707.4,23-JAN-2015,965,INE147A01011,
SPICEMOBI,EQ,29.3,29.3,27.9,28.45,28.5,28.15,38614,1090880.45,23-JAN-2015,621,INE927C01020,
SPLIL,EQ,9.1,10.35,9.1,10.15,10.15,9.65,2779,27980.9,23-JAN-2015,18,INE978G01016,
SPMLINFRA,EQ,82.9,83.8,78.0,79.55,78.0,81.4,8859,710174.25,23-JAN-2015,162,INE937A01023,
SPYL,EQ,1.35,1.45,1.35,1.4,1.4,1.4,7888,10968.2,23-JAN-2015,4,INE268L01020,
SQSBFSI,EQ,582.45,610.65,582.45,597.65,599.0,599.1,42202,25419075.9,23-JAN-2015,3121,INE201K01015,
SREINFRA,EQ,46.35,47.0,45.7,46.3,46.35,46.0,434200,20100035.8,23-JAN-2015,2904,INE872A01014,
SRF,EQ,948.9,979.0,937.05,955.0,956.0,939.4,269311,257588044.65,23-JAN-2015,12238,INE647A01010,
SRGINFOTEC,BE,0.3,0.3,0.25,0.25,0.25,0.25,8804,2206.05,23-JAN-2015,6,INE376A01032,
SRHHYPOLTD,EQ,45.2,45.45,44.0,44.9,44.7,45.2,1581,70862.6,23-JAN-2015,22,INE917H01012,
SRICHAMUND,EQ,17.45,17.45,17.45,17.45,17.45,17.5,258,4502.1,23-JAN-2015,1,INE004H01019,
SRIPIPES,EQ,84.45,85.0,81.25,82.45,81.25,83.45,117433,9828477.25,23-JAN-2015,867,INE943C01027,
SRSLTD,EQ,25.6,25.8,25.15,25.25,25.3,25.35,96611,2456106.75,23-JAN-2015,399,INE219H01039,
SRTRANSFIN,EQ,1133.0,1141.6,1078.1,1095.45,1080.0,1122.85,877700,975700988.0,23-JAN-2015,57196,INE721A01013,
SSLT,EQ,203.5,206.7,200.4,205.4,205.15,201.1,5078703,1035217378.7,23-JAN-2015,49715,INE205A01025,
SSWL,EQ,364.3,375.0,352.0,353.7,352.0,359.6,17644,6360842.15,23-JAN-2015,697,INE802C01017,
STAR,EQ,936.0,936.9,919.5,922.8,921.05,931.55,271565,252183673.4,23-JAN-2015,14278,INE939A01011,
STARPAPER,EQ,21.0,21.0,19.05,20.65,20.05,20.25,6982,142384.85,23-JAN-2015,63,INE733A01018,
STCINDIA,EQ,187.55,189.45,184.05,186.65,187.0,186.75,77002,14421076.7,23-JAN-2015,2084,INE655A01013,
STEL,BE,29.15,29.2,28.4,28.5,28.5,29.55,2889,83101.8,23-JAN-2015,22,INE577L01016,
STERLINBIO,EQ,6.9,6.9,6.65,6.75,6.7,6.75,99874,673803.9,23-JAN-2015,288,INE324C01038,
STERTOOLS,EQ,329.5,333.9,321.0,323.7,321.0,331.15,2783,910217.2,23-JAN-2015,148,INE334A01015,
STINDIA,EQ,7.8,7.8,7.8,7.8,7.8,7.75,200,1560.0,23-JAN-2015,2,INE090C01019,
STOREONE,EQ,41.65,41.65,38.5,39.0,39.0,38.45,8069,316117.55,23-JAN-2015,220,INE034H01016,
STRTECH,EQ,68.7,69.9,65.8,66.3,65.95,67.6,2961937,201003463.6,23-JAN-2015,18202,INE089C01029,
STYABS,EQ,721.0,721.3,696.0,713.05,712.85,717.85,15877,11300154.65,23-JAN-2015,932,INE189B01011,
SUBEX,EQ,11.7,11.9,10.95,11.2,11.2,11.6,1412095,15961074.4,23-JAN-2015,2743,INE754A01014,
SUBROS,EQ,70.8,72.25,67.1,69.35,68.8,71.15,70870,4931327.85,23-JAN-2015,1016,INE287B01021,
SUDAR,EQ,36.1,36.1,32.3,34.9,35.0,35.9,84035,2918297.15,23-JAN-2015,701,INE384L01017,
SUDARSCHEM,EQ,111.95,111.95,107.1,107.85,108.0,109.95,79362,8627444.45,23-JAN-2015,770,INE659A01023,
SUJANATWR,EQ,17.4,18.2,16.7,16.85,16.75,17.5,106771,1849479.5,23-JAN-2015,433,INE333I01036,
SUJANAUNI,EQ,1.95,2.1,1.9,1.9,2.0,1.95,198955,387262.55,23-JAN-2015,87,INE216G01011,
SUMEETINDS,EQ,13.8,13.95,13.5,13.65,13.85,13.75,23400,319758.95,23-JAN-2015,120,INE235C01010,
SUMMITSEC,EQ,244.35,247.1,240.5,242.0,241.4,249.8,838,204226.25,23-JAN-2015,69,INE519C01017,
SUNCLAYLTD,EQ,1758.7,1874.0,1741.0,1806.65,1810.0,1758.7,1458,2617469.95,23-JAN-2015,243,INE105A01035,
SUNDARAM,EQ,3.35,3.35,3.35,3.35,3.35,3.5,266607,893133.45,23-JAN-2015,103,INE108E01023,
SUNDARMFIN,EQ,1449.0,1453.9,1410.0,1447.4,1450.0,1444.5,23358,33644161.05,23-JAN-2015,1620,INE660A01013,
SUNDRMBRAK,EQ,439.4,449.0,427.0,435.7,435.1,431.05,18190,8039154.85,23-JAN-2015,458,INE073D01013,
SUNDRMFAST,EQ,205.35,209.5,200.6,203.4,202.7,203.95,86090,17560065.45,23-JAN-2015,2062,INE387A01021,
SUNFLAG,EQ,27.5,28.45,27.15,27.4,27.6,27.95,42187,1160880.1,23-JAN-2015,326,INE947A01014,
SUNILHITEC,EQ,152.4,155.8,148.0,154.2,153.2,151.25,123263,18857298.7,23-JAN-2015,1665,INE305H01010,
SUNPHARMA,EQ,921.5,938.7,918.0,926.8,927.4,920.05,2835629,2630758583.95,23-JAN-2015,76244,INE044A01036,
SUNTECK,EQ,267.8,274.2,251.0,261.1,260.0,263.45,134891,35589210.7,23-JAN-2015,3692,INE805D01026,
SUNTV,EQ,398.0,402.8,384.4,397.95,396.15,391.5,1030541,407896295.85,23-JAN-2015,22239,INE424H01027,
SUPERHOUSE,EQ,259.95,263.8,255.05,258.1,258.0,256.65,8708,2260075.05,23-JAN-2015,529,INE712B01010,
SUPERSPIN,EQ,7.55,7.55,7.15,7.3,7.3,7.45,13201,97736.2,23-JAN-2015,32,INE662A01027,
SUPPETRO,EQ,69.7,69.95,67.1,67.9,68.0,68.5,36483,2494709.55,23-JAN-2015,497,INE663A01017,
SUPRAJIT,EQ,156.0,159.1,148.65,150.15,150.55,155.45,195757,29575037.1,23-JAN-2015,3332,INE399C01030,
SUPREMEIND,EQ,597.15,599.85,583.4,593.5,594.0,595.75,142571,84641012.35,23-JAN-2015,6271,INE195A01028,
SUPREMEINF,EQ,270.0,273.9,260.0,264.85,265.15,270.6,98759,26280898.95,23-JAN-2015,1004,INE550H01011,
SUPREMETEX,BE,13.3,13.3,12.1,13.25,13.3,12.7,63311,838285.2,23-JAN-2015,97,INE651G01027,
SURANACORP,EQ,11.1,11.1,11.1,11.1,11.1,12.0,40,444.0,23-JAN-2015,1,INE357D01010,
SURANASOL,EQ,70.4,71.0,57.55,66.4,66.5,68.5,50698,3341445.2,23-JAN-2015,417,INE272L01022,
SURANAT&P,EQ,12.2,12.45,11.65,11.8,11.8,11.95,71269,852677.3,23-JAN-2015,187,INE130B01031,
SURYAJYOTI,EQ,9.2,9.25,8.45,8.55,8.45,8.65,2382,21799.35,23-JAN-2015,11,INE411C01017,
SURYALAXMI,EQ,103.2,107.4,101.05,102.1,101.15,103.6,17589,1824562.1,23-JAN-2015,358,INE713B01026,
SURYAROSNI,EQ,130.5,132.95,124.5,125.95,125.35,129.35,422764,53994528.1,23-JAN-2015,5570,INE335A01012,
SUTLEJTEX,EQ,362.0,375.0,362.0,369.05,369.1,370.3,10488,3868978.95,23-JAN-2015,244,INE645H01019,
SUVEN,EQ,218.65,221.4,213.05,214.25,214.0,219.1,327215,70789523.4,23-JAN-2015,5861,INE495B01038,
SUZLON,EQ,16.05,16.15,14.1,14.85,14.9,16.0,75778942,1131093000.65,23-JAN-2015,79081,INE040H01021,
SWANENERGY,EQ,55.6,56.0,55.05,55.55,55.8,55.15,276201,15244816.0,23-JAN-2015,568,INE665A01038,
SWARAJENG,EQ,930.85,954.7,930.85,946.15,948.0,935.85,8231,7799047.7,23-JAN-2015,332,INE277A01016,
SWELECTES,EQ,522.5,525.0,506.0,508.7,508.0,518.75,6949,3582729.95,23-JAN-2015,531,INE409B01013,
SYMPHONY,EQ,2201.0,2254.35,2170.0,2228.4,2222.25,2192.6,92681,206400724.35,23-JAN-2015,3266,INE225D01027,
SYNCOM,EQ,7.35,7.65,7.25,7.3,7.25,7.3,121268,899146.75,23-JAN-2015,174,INE602K01014,
SYNDIBANK,EQ,128.95,129.3,125.1,126.45,126.15,127.3,1292851,163855793.9,23-JAN-2015,10026,INE667A01018,
TAINWALCHM,EQ,23.7,24.5,22.05,24.0,24.0,24.3,2124,49761.05,23-JAN-2015,20,INE123C01018,
TAJGVK,EQ,90.0,90.95,87.4,88.1,87.65,89.0,18192,1614495.25,23-JAN-2015,412,INE586B01026,
TAKE,EQ,98.35,103.0,95.0,97.15,95.2,98.65,1709396,168138231.05,23-JAN-2015,12718,INE142I01023,
TALBROAUTO,EQ,115.0,117.5,111.2,113.65,111.5,114.95,37267,4286095.65,23-JAN-2015,698,INE187D01011,
TALWALKARS,EQ,362.05,363.6,350.0,355.75,352.7,364.15,166746,59172806.3,23-JAN-2015,3643,INE502K01016,
TANLA,EQ,17.7,18.45,17.7,18.05,18.2,17.95,404191,7334941.0,23-JAN-2015,727,INE483C01032,
TANTIACONS,EQ,20.8,21.0,19.8,20.1,19.8,21.0,976,19657.4,23-JAN-2015,31,INE388G01018,
TARAJEWELS,EQ,84.05,84.3,81.5,82.1,82.0,84.75,4671,386695.9,23-JAN-2015,83,INE799L01016,
TARAPUR,EQ,6.65,7.5,6.65,7.05,7.05,6.85,7558,52284.9,23-JAN-2015,26,INE747K01017,
TATACHEM,EQ,444.0,445.25,438.3,440.65,440.0,441.6,469239,207493849.5,23-JAN-2015,6054,INE092A01019,
TATACOFFEE,EQ,102.0,106.4,101.0,102.3,102.0,1004.9,2645374,273768812.75,23-JAN-2015,22912,INE493A01019,
TATACOMM,EQ,420.55,424.75,411.1,416.25,415.2,418.15,596916,248370728.95,23-JAN-2015,18725,INE151A01013,
TATAELXSI,EQ,799.95,804.5,768.9,779.1,777.2,796.8,506524,396875798.2,23-JAN-2015,13817,INE670A01012,
TATAGLOBAL,EQ,159.15,162.15,156.9,161.15,160.5,158.85,2437301,389241451.7,23-JAN-2015,15494,INE192A01025,
TATAINVEST,EQ,581.55,585.95,575.0,578.75,577.5,573.05,70452,40879192.3,23-JAN-2015,2662,INE672A01018,
TATAMETALI,EQ,147.15,147.15,135.0,135.9,135.95,148.5,809982,112535688.5,23-JAN-2015,10983,INE056C01010,
TATAMOTORS,EQ,575.0,591.15,574.0,588.45,586.1,566.5,7682336,4474984692.15,23-JAN-2015,92066,INE155A01022,
TATAMTRDVR,EQ,369.8,374.85,364.45,373.75,374.85,364.45,2876418,1064424643.9,23-JAN-2015,28703,IN9155A01020,
TATAPOWER,EQ,83.9,90.85,82.8,88.85,88.5,83.3,7726076,672422812.15,23-JAN-2015,34986,INE245A01021,
TATASPONGE,EQ,640.1,662.0,639.05,644.4,644.0,635.95,388348,251969926.5,23-JAN-2015,13209,INE674A01014,
TATASTEEL,EQ,410.0,412.0,399.0,403.1,401.6,403.4,4526581,1830220898.65,23-JAN-2015,68407,INE081A01012,
TBZ,EQ,163.1,169.75,161.55,162.75,161.7,168.35,105672,17426151.4,23-JAN-2015,2619,INE760L01018,
TCI,EQ,282.9,285.75,270.05,271.85,272.7,280.25,51493,14205606.0,23-JAN-2015,1514,INE688A01022,
TCIDEVELOP,EQ,291.0,306.0,291.0,299.75,306.0,297.45,244,72848.35,23-JAN-2015,13,INE662L01016,
TCIFINANCE,EQ,41.0,41.35,38.55,39.0,38.6,40.5,35256,1396982.95,23-JAN-2015,197,INE911B01018,
TCS,EQ,2514.0,2532.05,2496.1,2503.6,2504.1,2513.55,1575190,3949529682.5,23-JAN-2015,94619,INE467B01029,
TDPOWERSYS,EQ,410.0,414.7,400.05,401.9,401.5,409.65,23811,9669049.65,23-JAN-2015,794,INE419M01019,
TECHIN,BE,5.4,5.85,5.4,5.85,5.85,5.6,1388,7603.5,23-JAN-2015,7,INE778A01021,
TECHM,EQ,2770.85,2804.0,2760.0,2780.75,2766.0,2758.1,499377,1391585301.85,23-JAN-2015,38650,INE669C01028,
TECHNO,EQ,416.05,416.05,407.0,410.25,410.05,416.3,7367,3030045.25,23-JAN-2015,434,INE286K01024,
TECHNOFAB,EQ,140.05,143.0,136.0,138.65,136.3,142.25,14470,2051232.1,23-JAN-2015,50,INE509K01011,
TECPRO,EQ,13.75,13.85,11.05,13.3,13.55,13.8,57819,766385.45,23-JAN-2015,311,INE904H01010,
TEXINFRA,EQ,48.0,48.4,46.05,46.45,46.5,47.55,200376,9426616.05,23-JAN-2015,1321,INE435C01024,
TEXMOPIPES,EQ,14.6,15.05,14.55,14.6,14.55,14.65,72044,1060473.85,23-JAN-2015,143,INE141K01013,
TEXRAIL,EQ,147.9,150.85,140.55,145.55,145.35,146.9,1944768,285208800.5,23-JAN-2015,17049,INE621L01012,
TFCILTD,EQ,89.5,92.35,88.8,90.7,90.3,88.6,762272,69171778.05,23-JAN-2015,5150,INE305A01015,
TFL,EQ,7.0,7.4,6.9,7.25,7.4,7.4,1180,8376.35,23-JAN-2015,8,INE804H01012,
TGBHOTELS,EQ,75.65,77.3,68.75,70.3,70.0,71.9,39147,2864996.95,23-JAN-2015,258,INE797H01018,
THANGAMAYL,EQ,234.0,235.0,227.1,227.55,227.5,233.5,1036,238060.2,23-JAN-2015,59,INE085J01014,
THEBYKE,EQ,160.15,160.85,158.9,159.9,159.8,159.55,172284,27573483.0,23-JAN-2015,3774,INE319B01014,
THEMISMED,BE,175.75,175.75,174.1,174.1,174.1,181.45,700,122760.0,23-JAN-2015,9,INE083B01016,
THERMAX,EQ,1126.0,1145.0,1080.0,1101.9,1090.0,1124.4,54555,60344083.95,23-JAN-2015,3824,INE152A01029,
THIRUSUGAR,EQ,42.5,42.55,41.0,41.25,41.25,42.05,14739,609954.85,23-JAN-2015,227,INE409A01015,
THOMASCOOK,EQ,201.5,207.8,200.0,203.25,203.5,199.95,430523,87762950.65,23-JAN-2015,9885,INE332A01027,
TI,EQ,31.5,31.5,30.3,30.45,30.55,30.95,539365,16576535.5,23-JAN-2015,2250,INE133E01013,
TIDEWATER,EQ,18737.35,18884.0,18503.3,18629.15,18675.0,18673.1,466,8715764.4,23-JAN-2015,264,INE484C01014,
TIIL,EQ,200.35,203.25,196.95,200.05,199.0,202.55,45240,9085956.2,23-JAN-2015,686,INE545H01011,
TIJARIA,EQ,3.4,3.4,3.05,3.05,3.05,3.05,250,832.5,23-JAN-2015,4,INE440L01017,
TIL,EQ,571.0,574.75,533.25,539.1,539.95,567.05,24929,13697056.05,23-JAN-2015,1493,INE806C01018,
TIMBOR,BE,5.05,5.25,5.05,5.05,5.2,5.3,1081,5462.55,23-JAN-2015,8,INE346L01016,
TIMESGTY,EQ,27.9,28.1,27.9,28.1,28.1,30.9,140,3914.0,23-JAN-2015,2,INE289C01025,
TIMETECHNO,EQ,53.45,53.45,51.75,52.15,52.0,52.5,253622,13304437.3,23-JAN-2015,1082,INE508G01029,
TIMKEN,EQ,517.05,524.9,509.15,511.7,515.0,515.9,124747,64426526.75,23-JAN-2015,3308,INE325A01013,
TINPLATE,EQ,65.0,65.15,62.2,62.5,62.35,65.5,171879,10902044.3,23-JAN-2015,1686,INE422C01014,
TIPSINDLTD,EQ,62.55,62.75,59.75,62.4,62.1,63.3,10113,625289.75,23-JAN-2015,92,INE716B01011,
TIRUMALCHM,EQ,96.0,96.8,94.05,94.25,94.05,95.5,10344,981714.35,23-JAN-2015,237,INE338A01016,
TITAN,EQ,403.15,405.45,394.0,398.85,399.0,399.75,709214,282767852.55,23-JAN-2015,9405,INE280A01028,
TNPETRO,EQ,12.1,12.15,11.4,11.6,11.65,11.8,33516,390726.35,23-JAN-2015,126,INE148A01019,
TNPL,EQ,139.3,139.95,136.0,137.45,137.1,138.65,23413,3224324.45,23-JAN-2015,426,INE107A01015,
TOKYOPLAST,EQ,32.0,32.25,30.5,31.9,31.3,32.5,10423,325404.0,23-JAN-2015,134,INE932C01012,
TORNTPHARM,EQ,1154.7,1154.7,1128.0,1143.25,1154.0,1145.8,45123,51380063.3,23-JAN-2015,3834,INE685A01028,
TORNTPOWER,EQ,168.9,175.4,164.25,174.15,173.35,167.15,1157227,199061720.9,23-JAN-2015,11300,INE813H01021,
TREEHOUSE,EQ,438.9,499.0,432.35,462.8,464.5,437.7,553198,264670274.45,23-JAN-2015,12688,INE040M01013,
TRENT,EQ,1444.0,1493.15,1430.0,1445.05,1432.0,1419.2,56334,82812441.05,23-JAN-2015,4606,INE849A01012,
TRF,EQ,398.0,399.6,381.85,383.5,383.0,394.5,25631,9982006.15,23-JAN-2015,1268,INE391D01019,
TRICOM,EQ,1.3,1.3,1.3,1.3,1.3,1.35,30000,39000.0,23-JAN-2015,7,INE771B01032,
TRIDENT,EQ,24.1,24.3,23.7,23.85,23.85,24.05,77096,1842485.75,23-JAN-2015,340,INE064C01014,
TRIGYN,EQ,37.55,38.8,36.15,36.7,36.6,37.8,24314,904250.15,23-JAN-2015,278,INE948A01012,
TRIL,EQ,203.65,208.8,201.2,203.4,202.0,205.4,10336,2119067.05,23-JAN-2015,531,INE763I01018,
TRITURBINE,EQ,107.0,111.9,103.8,109.55,109.05,107.7,179500,19595568.95,23-JAN-2015,3574,INE152M01016,
TRIVENI,EQ,25.2,25.25,24.1,24.2,24.15,24.9,59000,1438034.4,23-JAN-2015,297,INE256C01024,
TTKPRESTIG,EQ,3570.0,3595.0,3481.2,3499.35,3492.0,3541.35,16185,57050324.85,23-JAN-2015,2382,INE690A01010,
TTL,EQ,50.7,51.5,48.2,48.65,48.6,49.95,32577,1615617.25,23-JAN-2015,462,INE592B01016,
TTML,EQ,9.95,10.05,9.5,9.6,9.65,9.9,2276195,22103680.7,23-JAN-2015,2511,INE517B01013,
TUBEINVEST,EQ,349.7,355.0,343.0,347.95,347.95,349.7,51169,17820905.35,23-JAN-2015,1264,INE149A01025,
TULSI,EQ,4.2,4.8,4.05,4.35,4.35,4.15,47948,208552.65,23-JAN-2015,244,INE474I01012,
TV18BRDCST,EQ,34.7,35.65,33.6,35.2,35.0,34.65,6061105,211433937.6,23-JAN-2015,14027,INE886H01027,
TVSELECT,EQ,40.3,41.45,39.2,40.4,40.8,40.25,17143,690762.25,23-JAN-2015,146,INE236G01019,
TVSMOTOR,EQ,303.45,309.4,300.0,306.45,307.0,300.6,2822168,862720366.65,23-JAN-2015,35728,INE494B01023,
TVSSRICHAK,EQ,1690.0,1701.0,1625.0,1636.45,1647.0,1684.65,6038,9947650.05,23-JAN-2015,579,INE421C01016,
TVTODAY,EQ,227.5,229.7,220.7,222.2,222.0,225.9,252370,56559739.85,23-JAN-2015,3444,INE038F01029,
TWL,EQ,353.8,363.0,338.1,353.8,352.5,351.25,506046,179268643.0,23-JAN-2015,11733,INE615H01012,
UBHOLDINGS,EQ,25.4,25.75,23.95,24.15,24.2,24.85,640057,15680024.55,23-JAN-2015,3260,INE696A01025,
UBL,EQ,999.0,1050.0,994.4,1040.25,1045.0,992.75,373448,382515163.25,23-JAN-2015,15980,INE686F01025,
UCALFUEL,EQ,153.2,154.3,146.2,147.25,146.7,151.3,35543,5312566.55,23-JAN-2015,1184,INE139B01016,
UCOBANK,EQ,81.85,81.85,78.6,79.75,79.5,80.75,2275266,181551354.1,23-JAN-2015,10029,INE691A01018,
UFLEX,EQ,162.1,162.8,157.55,158.25,158.05,160.65,56196,8960199.15,23-JAN-2015,731,INE516A01017,
UGARSUGAR,BE,9.3,9.3,9.05,9.25,9.25,9.1,3587,32632.15,23-JAN-2015,17,INE071E01023,
UJAAS,EQ,18.3,18.75,17.2,17.8,17.85,18.3,469783,8426283.6,23-JAN-2015,1360,INE899L01022,
ULTRACEMCO,EQ,3168.0,3185.75,3130.0,3147.9,3150.0,3122.45,414381,1309620402.95,23-JAN-2015,26401,INE481G01011,
UMESLTD,EQ,3.4,3.45,3.15,3.4,3.3,3.3,6751,22545.75,23-JAN-2015,18,INE240C01028,
UNICHEMLAB,EQ,226.9,228.5,222.5,223.9,224.6,224.15,29372,6585908.1,23-JAN-2015,895,INE351A01035,
UNIENTER,EQ,26.25,27.5,26.15,26.85,27.4,26.75,5979,160555.05,23-JAN-2015,45,INE037A01022,
UNIONBANK,EQ,250.0,253.5,240.3,251.4,251.4,246.7,4279249,1058258243.55,23-JAN-2015,36918,INE692A01016,
UNIPLY,EQ,13.45,13.45,13.1,13.45,13.45,12.85,10506,140885.7,23-JAN-2015,27,INE950G01015,
UNITECH,EQ,17.0,17.15,16.45,16.95,16.95,16.75,54940559,926111868.6,23-JAN-2015,35948,INE694A01020,
UNITEDBNK,EQ,42.1,42.4,41.1,41.4,41.4,41.6,261294,10856438.9,23-JAN-2015,1740,INE695A01019,
UNITEDTEA,EQ,204.25,204.25,204.0,204.0,204.0,206.75,200,40812.5,23-JAN-2015,4,INE458F01011,
UNITY,EQ,25.35,25.4,23.7,23.85,23.8,24.2,232249,5638137.75,23-JAN-2015,1724,INE466H01028,
UNIVCABLES,BE,52.05,52.05,50.5,50.75,51.95,52.05,2567,131171.75,23-JAN-2015,11,INE279A01012,
UPERGANGES,EQ,39.9,39.9,38.0,38.15,38.15,39.9,834,31877.0,23-JAN-2015,10,INE018B01012,
UPL,EQ,363.75,365.55,356.3,358.05,357.3,360.35,1025195,369056463.0,23-JAN-2015,34082,INE628A01036,
USHAMART,EQ,29.2,29.8,28.25,29.5,29.1,29.3,278634,8144623.7,23-JAN-2015,781,INE228A01035,
USHERAGRO,EQ,53.0,54.7,50.0,54.0,54.05,52.5,295475,15537918.45,23-JAN-2015,1489,INE235G01011,
UTTAMSTL,EQ,69.8,70.3,67.1,67.9,67.75,68.5,61437,4193094.75,23-JAN-2015,683,INE699A01011,
UTTAMSUGAR,EQ,15.0,15.4,14.5,14.65,14.65,15.1,4394,65084.95,23-JAN-2015,49,INE786F01031,
UTTAMVALUE,EQ,6.15,6.3,6.0,6.0,6.0,6.1,104358,632144.0,23-JAN-2015,169,INE292A01015,
V2RETAIL,BE,39.0,41.35,39.0,39.55,39.25,40.95,32104,1286134.4,23-JAN-2015,165,INE945H01013,
VADILALIND,EQ,259.1,263.2,250.25,255.35,254.15,258.65,9316,2384950.7,23-JAN-2015,554,INE694D01016,
VAIBHAVGBL,EQ,763.0,767.3,759.0,762.7,760.0,759.85,2590,1973269.25,23-JAN-2015,220,INE884A01019,
VAKRANGEE,EQ,130.9,132.5,129.1,129.8,129.65,128.8,623228,81399243.75,23-JAN-2015,2942,INE051B01021,
VALECHAENG,EQ,101.0,103.0,99.0,99.35,99.0,100.4,127741,12856788.55,23-JAN-2015,1130,INE624C01015,
VALUEIND,EQ,10.25,11.0,10.25,10.55,10.8,11.0,6466,68341.65,23-JAN-2015,75,INE352A01017,
VARDHACRLC,EQ,30.55,31.0,29.25,29.5,29.65,30.25,134830,4055531.95,23-JAN-2015,290,INE116G01013,
VASCONEQ,EQ,23.15,23.95,23.1,23.1,23.1,23.35,2387,55957.55,23-JAN-2015,29,INE893I01013,
VASWANI,EQ,3.7,3.7,3.55,3.7,3.7,3.7,2758,10064.95,23-JAN-2015,7,INE590L01019,
VENKEYS,EQ,386.3,389.7,383.0,383.25,383.0,386.35,9770,3764077.85,23-JAN-2015,376,INE398A01010,
VENUSREM,EQ,207.0,207.5,200.65,201.25,201.0,205.25,53167,10777561.55,23-JAN-2015,1670,INE411B01019,
VESUVIUS,EQ,692.55,715.0,688.0,709.85,713.0,692.7,1735,1219125.15,23-JAN-2015,128,INE386A01015,
VGUARD,EQ,1045.0,1056.65,1023.0,1031.05,1030.0,1041.05,29265,30236126.45,23-JAN-2015,2142,INE951I01019,
VHL,EQ,720.0,735.0,720.0,721.25,721.25,720.3,40,28962.5,23-JAN-2015,4,INE701A01023,
VICEROY,EQ,18.3,18.85,17.6,17.65,17.75,18.3,61644,1111427.35,23-JAN-2015,420,INE048C01017,
VIDEOIND,EQ,165.8,165.8,161.2,161.7,162.0,163.65,212422,34579622.55,23-JAN-2015,3285,INE703A01011,
VIJAYABANK,EQ,50.3,50.5,49.75,50.05,50.0,50.05,352239,17627322.5,23-JAN-2015,1623,INE705A01016,
VIJSHAN,EQ,11.9,12.2,11.5,11.7,12.0,11.65,14314,170470.3,23-JAN-2015,82,INE806F01011,
VIKASGLOB,EQ,8.25,8.25,7.8,7.85,7.85,7.9,93254,740591.0,23-JAN-2015,180,INE806A01020,
VIMALOIL,EQ,258.45,258.95,253.9,254.55,254.5,256.65,2873,738350.55,23-JAN-2015,59,INE067D01015,
VIMTALABS,EQ,66.9,67.6,64.7,65.55,65.5,66.6,13870,915451.7,23-JAN-2015,320,INE579C01029,
VINATIORGA,EQ,525.0,530.1,511.5,523.95,520.0,524.35,34017,17711610.3,23-JAN-2015,1841,INE410B01029,
VINDHYATEL,EQ,573.0,580.0,536.15,556.6,570.0,558.75,5765,3209560.55,23-JAN-2015,123,INE707A01012,
VINYLINDIA,EQ,91.55,92.4,86.0,88.15,86.0,90.9,38042,3422961.9,23-JAN-2015,1011,INE250B01029,
VIPIND,EQ,117.8,120.5,116.0,118.0,117.1,118.35,310621,36706822.35,23-JAN-2015,4122,INE054A01027,
VIPUL,EQ,42.0,49.5,42.0,48.85,49.3,45.55,228087,10885858.4,23-JAN-2015,912,INE946H01037,
VISAKAIND,EQ,127.8,127.8,122.75,123.4,122.75,126.7,25657,3192548.05,23-JAN-2015,583,INE392A01013,
VISASTEEL,EQ,17.65,17.65,17.0,17.35,17.5,17.6,8373,144285.75,23-JAN-2015,92,INE286H01012,
VISESHINFO,EQ,0.15,0.15,0.1,0.1,0.15,0.1,1576544,198971.8,23-JAN-2015,67,INE861A01058,
VISUINTL,EQ,0.8,0.8,0.8,0.8,0.8,0.7,15799,12639.2,23-JAN-2015,11,INE965A01016,
VIVIDHA,EQ,597.9,597.9,545.0,572.6,571.25,573.95,5892,3328547.2,23-JAN-2015,206,INE370E01029,
VIVIMEDLAB,EQ,349.0,362.5,346.1,349.2,348.05,349.8,18372,6464019.9,23-JAN-2015,798,INE526G01013,
VKSPL,EQ,0.25,0.25,0.2,0.2,0.2,0.25,1862731,418966.2,23-JAN-2015,20,INE213M01024,
VLSFINANCE,EQ,42.45,45.4,41.5,42.75,42.05,43.65,369734,15800159.9,23-JAN-2015,2353,INE709A01018,
VMART,EQ,584.15,594.95,525.0,536.0,532.25,525.8,101853,56496938.45,23-JAN-2015,4889,INE665J01013,
VOLTAMP,EQ,738.0,753.2,728.9,732.35,730.4,732.8,68596,50810248.2,23-JAN-2015,2287,INE540H01012,
VOLTAS,EQ,254.8,259.0,252.15,256.75,256.75,253.05,1957883,499661249.3,23-JAN-2015,18863,INE226A01021,
VSSL,EQ,34.2,35.9,34.15,35.9,35.9,34.15,360,12329.5,23-JAN-2015,7,INE050M01012,
VSTIND,EQ,1870.0,1910.0,1835.0,1894.35,1910.0,1888.3,17003,31717059.7,23-JAN-2015,695,INE710A01016,
VSTTILLERS,EQ,1528.4,1528.4,1451.0,1520.05,1525.0,1520.7,7908,11832459.05,23-JAN-2015,1397,INE764D01017,
VTL,EQ,470.0,478.35,462.8,474.9,470.1,473.35,39116,18598243.4,23-JAN-2015,1027,INE825A01012,
VTMLTD,EQ,24.2,24.25,22.3,23.15,23.5,24.0,3013,69622.1,23-JAN-2015,36,INE222F01029,
VTXIND,BE,3.65,3.65,3.65,3.65,3.65,3.6,10,36.5,23-JAN-2015,1,INE119G01025,
WABAG,EQ,1628.9,1629.0,1580.05,1595.8,1605.0,1614.2,34299,55195336.6,23-JAN-2015,4237,INE956G01038,
WABCOINDIA,EQ,5079.0,5110.0,4997.15,5049.5,5010.0,5000.2,11621,58732662.05,23-JAN-2015,890,INE342J01019,
WALCHANNAG,EQ,211.25,247.7,209.6,242.4,238.35,209.1,4401849,1040748515.4,23-JAN-2015,64287,INE711A01022,
WANBURY,BE,29.75,30.85,28.5,29.3,29.3,29.85,13393,394290.95,23-JAN-2015,77,INE107F01022,
WEBELSOLAR,EQ,33.1,33.1,31.45,31.8,31.7,32.95,34281,1097624.9,23-JAN-2015,201,INE855C01015,
WEIZFOREX,EQ,315.0,320.7,305.0,307.05,305.0,307.95,5569,1750496.1,23-JAN-2015,115,INE726L01019,
WEIZMANIND,EQ,11.75,12.6,11.45,11.9,11.45,12.7,4144,49026.8,23-JAN-2015,18,INE080A01014,
WELCORP,EQ,66.85,68.0,66.05,66.45,66.3,66.85,69736,4641831.25,23-JAN-2015,869,INE191B01025,
WELENTRP,EQ,282.2,300.0,282.2,295.5,297.6,289.25,1217,356698.85,23-JAN-2015,135,INE072P01019,
WELINV,EQ,37.25,38.4,37.25,38.4,38.4,38.0,189,7063.1,23-JAN-2015,9,INE389K01018,
WELPROJ,EQ,26.05,26.9,25.5,26.05,26.0,26.4,13507,352331.4,23-JAN-2015,69,INE625G01013,
WELSPUNIND,EQ,341.05,350.8,338.05,342.0,343.9,340.6,15330,5227738.6,23-JAN-2015,590,INE192B01023,
WENDT,EQ,1985.5,2025.0,1980.0,1996.6,1987.0,1986.3,717,1431348.3,23-JAN-2015,88,INE274C01019,
WHEELS,EQ,1105.0,1149.8,1051.0,1136.6,1132.0,1081.5,21414,23989840.85,23-JAN-2015,1758,INE715A01015,
WHIRLPOOL,EQ,729.8,732.65,710.0,721.55,718.55,725.25,118468,85606735.25,23-JAN-2015,3195,INE716A01013,
WILLAMAGOR,EQ,65.3,65.3,64.0,64.7,65.0,64.0,1309,84805.15,23-JAN-2015,18,INE210A01017,
WINDMACHIN,EQ,26.8,26.95,26.3,26.5,26.55,26.55,4476,118972.65,23-JAN-2015,67,INE052A01021,
WINSOME,EQ,1.4,1.4,1.35,1.35,1.35,1.35,6506,8813.3,23-JAN-2015,15,INE784B01035,
WINSOMEDJ,EQ,0.75,0.75,0.65,0.65,0.65,0.7,184889,130515.25,23-JAN-2015,49,INE664A01015,
WIPRO,EQ,599.2,604.0,590.25,601.8,599.75,594.55,3614595,2163182479.7,23-JAN-2015,74035,INE075A01022,
WOCKPHARMA,EQ,1118.6,1135.0,1098.0,1121.8,1119.3,1109.35,1077951,1207341321.1,23-JAN-2015,29308,INE049B01025,
WONDERLA,EQ,342.65,348.5,334.0,344.4,338.0,341.2,518536,177244986.8,23-JAN-2015,7309,INE066O01014,
WSI,EQ,15.8,16.4,15.75,16.0,16.0,17.0,3300,53311.5,23-JAN-2015,10,INE100D01014,
WSTCSTPAPR,EQ,59.4,61.05,58.05,59.05,59.05,59.25,114764,6806998.5,23-JAN-2015,819,INE976A01021,
XCHANGING,EQ,38.3,41.4,37.85,38.45,38.5,38.9,7950,303814.9,23-JAN-2015,155,INE692G01013,
XLENERGY,EQ,3.6,3.65,3.5,3.65,3.65,3.85,11839,41846.35,23-JAN-2015,20,INE183H01011,
XPROINDIA,EQ,38.75,39.65,37.5,37.7,37.75,38.65,4299,163056.65,23-JAN-2015,76,INE445C01015,
YESBANK,EQ,864.4,881.75,857.5,876.2,877.15,852.0,3743139,3255040863.35,23-JAN-2015,117500,INE528G01019,
ZANDUREALT,EQ,1886.8,1918.0,1863.0,1875.45,1863.0,1877.8,4702,8899746.75,23-JAN-2015,824,INE719A01017,
ZEEL,EQ,394.0,394.4,387.25,390.75,391.0,389.5,1321254,516043791.3,23-JAN-2015,35061,INE256A01028,
ZEELEARN,EQ,31.05,32.05,30.85,31.6,31.5,31.3,144723,4534735.55,23-JAN-2015,664,INE565L01011,
ZEEMEDIA,EQ,18.7,19.15,18.1,18.35,18.3,18.7,1114669,20647066.15,23-JAN-2015,2385,INE966H01019,
ZENITHBIR,EQ,0.9,1.0,0.9,0.9,0.9,1.0,25883,24248.6,23-JAN-2015,17,INE318D01020,
ZENITHCOMP,EQ,3.45,3.55,3.45,3.5,3.5,3.5,1550,5475.0,23-JAN-2015,4,INE598B01013,
ZENSARTECH,EQ,679.0,683.35,662.25,676.75,681.0,676.7,28750,19319302.05,23-JAN-2015,1513,INE520A01019,
ZICOM,EQ,190.9,191.45,182.3,183.9,183.7,188.65,119894,22394898.4,23-JAN-2015,1856,INE871B01014,
ZODIACLOTH,EQ,371.7,371.7,371.7,371.7,371.7,371.0,1,371.7,23-JAN-2015,1,INE206B01013,
ZODJRDMKJ,EQ,44.5,46.0,43.4,43.55,43.55,45.1,451,19701.25,23-JAN-2015,5,INE077B01018,
ZUARI,EQ,289.4,291.0,249.1,252.45,252.55,287.7,57657,15238134.4,23-JAN-2015,2083,INE840M01016,
ZUARIGLOB,EQ,104.0,106.0,102.5,102.7,102.5,104.1,5828,604279.8,23-JAN-2015,264,INE217A01012,
ZYDUSWELL,EQ,822.0,828.9,808.6,812.5,815.0,816.3,8617,7035154.5,23-JAN-2015,779,INE768C01010,
ZYLOG,EQ,6.4,6.5,6.3,6.35,6.35,6.45,59591,382064.45,23-JAN-2015,176,INE225I01026,
