SYMBOL,SERIES,OPEN,HIGH,LOW,CLOSE,LAST,PREVCLOSE,TOTTRDQTY,TOTTRDVAL,TIMESTAMP,TOTALTRADES,ISIN,UNNAMED: 13
20MICRONS,EQ,33.0,34.5,32.0,33.95,34.2,33.45,16684,554480.35,12-JUN-2015,136,INE144J01027,
3IINFOTECH,EQ,4.3,4.45,4.15,4.45,4.45,4.25,10610349,46270382.75,12-JUN-2015,9778,INE748C01020,
3MINDIA,EQ,8499.0,8499.0,8161.95,8204.65,8200.0,8319.75,521,4290230.65,12-JUN-2015,125,INE470A01017,
8KMILES,EQ,649.0,658.7,639.95,648.2,656.95,650.0,4786,3099657.95,12-JUN-2015,433,INE650K01013,
A2ZINFRA,EQ,12.5,12.8,12.1,12.45,12.4,12.65,266830,3312006.45,12-JUN-2015,998,INE619I01012,
AARTIDRUGS,EQ,560.05,560.25,537.05,550.15,550.0,558.5,14509,7953279.0,12-JUN-2015,851,INE767A01016,
AARTIIND,EQ,315.95,324.4,314.4,315.4,314.5,315.45,27965,8893922.0,12-JUN-2015,2141,INE769A01020,
AARVEEDEN,EQ,40.5,41.0,39.7,41.0,41.0,41.0,354,14310.2,12-JUN-2015,9,INE273D01019,
ABAN,EQ,306.35,308.0,299.5,303.25,302.0,308.95,590535,178983766.9,12-JUN-2015,14853,INE421A01028,
ABB,EQ,1259.6,1283.8,1252.0,1263.35,1260.0,1264.75,14369,18186593.1,12-JUN-2015,1717,INE117A01022,
ABBOTINDIA,EQ,3870.05,3925.0,3824.95,3904.25,3875.55,3897.35,814,3150072.6,12-JUN-2015,249,INE358A01014,
ABCIL,EQ,208.0,208.95,203.05,204.65,205.0,208.25,6098,1250401.25,12-JUN-2015,89,INE605B01016,
ABGSHIP,EQ,171.8,186.9,171.8,180.85,180.4,167.4,3501669,631163543.1,12-JUN-2015,47757,INE067H01016,
ABIRLANUVO,EQ,1701.3,1728.5,1686.1,1706.8,1702.25,1710.85,89762,153412699.0,12-JUN-2015,8481,INE069A01017,
ACC,EQ,1407.0,1408.1,1376.1,1402.15,1405.95,1407.7,164349,229228928.55,12-JUN-2015,12150,INE012A01025,
ACCELYA,EQ,979.95,989.9,971.0,985.65,989.0,981.05,5370,5254875.75,12-JUN-2015,315,INE793A01012,
ACE,EQ,39.0,40.0,38.25,39.45,39.15,38.9,138765,5465559.9,12-JUN-2015,1128,INE731H01025,
ACROPETAL,EQ,2.25,2.45,2.15,2.35,2.35,2.4,13320,31588.35,12-JUN-2015,35,INE055L01013,
ADANIENT,EQ,97.0,97.05,93.1,93.95,94.0,97.9,5172752,489532837.05,12-JUN-2015,37751,INE423A01024,
ADANIPORTS,EQ,303.0,313.05,300.0,312.05,312.1,304.25,2854243,880615063.4,12-JUN-2015,48204,INE742F01042,
ADANIPOWER,EQ,29.55,29.7,28.4,29.2,29.25,29.4,3822456,111237103.75,12-JUN-2015,10758,INE814H01011,
ADFFOODS,EQ,62.0,64.9,62.0,63.15,63.4,63.1,11986,758220.0,12-JUN-2015,289,INE982B01019,
ADHUNIK,EQ,15.2,15.5,14.8,14.95,14.8,15.2,25187,379321.65,12-JUN-2015,544,INE400H01019,
ADI,EQ,281.0,281.0,273.7,279.4,279.4,270.3,105,28773.4,12-JUN-2015,3,INE959A01019,
ADLABS,EQ,127.35,140.0,127.35,137.45,138.4,130.7,79402,10893936.4,12-JUN-2015,2698,INE172N01012,
ADORWELD,EQ,218.95,220.0,210.25,215.4,214.3,215.8,2437,528106.35,12-JUN-2015,106,INE045A01017,
ADSL,EQ,19.4,20.15,19.0,19.4,19.3,19.65,24044,468268.9,12-JUN-2015,203,INE102I01027,
ADVANIHOTR,EQ,58.5,60.4,55.65,58.55,57.0,57.5,4338,253645.0,12-JUN-2015,64,INE199C01026,
ADVANTA,EQ,408.0,433.0,395.55,411.15,411.35,407.05,72377,30065381.95,12-JUN-2015,4236,INE517H01028,
AEGISCHEM,EQ,713.0,746.0,713.0,734.25,735.0,723.4,46319,33892884.55,12-JUN-2015,1557,INE208C01017,
AFL,EQ,65.2,67.0,65.2,66.5,66.5,66.1,10873,722965.5,12-JUN-2015,22,INE020G01017,
AGARIND,EQ,100.0,103.95,98.5,99.6,100.0,99.1,1103,109616.65,12-JUN-2015,50,INE204E01012,
AGCNET,EQ,100.05,103.75,100.05,100.9,100.3,101.0,10938,1104814.0,12-JUN-2015,228,INE676A01019,
AGRODUTCH,BE,4.3,4.3,3.95,3.95,3.95,4.15,13183,52472.15,12-JUN-2015,30,INE135B01014,
AHLEAST,EQ,173.0,174.4,171.0,171.0,171.0,176.3,714,123135.2,12-JUN-2015,25,INE926K01017,
AHLUCONT,EQ,201.0,202.0,195.0,198.65,200.0,200.2,29070,5790374.35,12-JUN-2015,953,INE758C01029,
AHLWEST,EQ,129.4,129.4,112.0,112.15,112.0,114.0,655,76912.05,12-JUN-2015,52,INE915K01010,
AIAENG,EQ,978.0,990.0,959.0,971.55,972.0,978.55,55641,54108543.7,12-JUN-2015,9644,INE212H01026,
AIL,EQ,717.5,719.0,710.0,711.45,712.95,714.85,5730,4087605.6,12-JUN-2015,1302,INE878A01011,
AJANTPHARM,EQ,1475.0,1494.7,1435.0,1455.7,1453.2,1478.15,173094,252530844.95,12-JUN-2015,10689,INE031B01049,
AJMERA,EQ,143.9,146.0,136.5,140.6,140.45,142.15,130158,18407700.0,12-JUN-2015,2633,INE298G01027,
AKSHOPTFBR,EQ,13.5,13.6,12.9,13.4,13.35,13.3,89584,1189703.75,12-JUN-2015,336,INE523B01011,
AKZOINDIA,EQ,1297.0,1303.75,1265.0,1279.1,1282.0,1278.1,7339,9432438.6,12-JUN-2015,971,INE133A01011,
ALBK,EQ,90.8,92.65,89.65,92.35,92.55,90.85,1492225,136026371.05,12-JUN-2015,10401,INE428A01015,
ALCHEM,EQ,20.85,23.2,20.85,22.8,23.0,20.85,23463,524226.2,12-JUN-2015,205,INE964B01033,
ALEMBICLTD,EQ,31.95,31.95,30.0,31.2,31.8,31.25,322283,9957036.65,12-JUN-2015,2093,INE426A01027,
ALICON,EQ,252.95,262.9,252.95,255.1,255.0,255.1,2873,739391.85,12-JUN-2015,138,INE062D01024,
ALKALI,EQ,40.0,41.6,34.65,36.5,36.1,38.55,14076,512248.65,12-JUN-2015,245,INE773I01017,
ALKYLAMINE,EQ,260.15,265.0,260.0,260.0,260.0,259.2,2278,596081.05,12-JUN-2015,20,INE150B01021,
ALLCARGO,EQ,320.0,321.0,311.55,319.45,320.4,318.15,36772,11717599.05,12-JUN-2015,870,INE418H01029,
ALLSEC,EQ,22.75,23.25,22.5,22.6,22.5,22.85,852,19673.7,12-JUN-2015,11,INE835G01018,
ALMONDZ,EQ,10.0,10.05,10.0,10.0,10.0,10.0,2050,20505.0,12-JUN-2015,6,INE326B01027,
ALOKTEXT,EQ,6.0,6.05,5.75,5.8,5.8,6.0,3373164,19882430.7,12-JUN-2015,2183,INE270A01011,
ALPA,BE,11.5,12.3,11.5,12.0,12.1,11.75,15981,187870.6,12-JUN-2015,18,INE385I01010,
ALPHAGEO,EQ,391.45,401.2,385.0,399.9,398.8,387.75,3074,1211891.5,12-JUN-2015,114,INE137C01018,
ALPSINDUS,EQ,1.9,1.9,1.6,1.6,1.6,1.95,1050,1980.0,12-JUN-2015,4,INE093B01015,
ALSTOMT&D,EQ,517.9,517.9,502.8,509.5,509.0,516.85,15838,8077670.15,12-JUN-2015,1862,INE200A01026,
AMARAJABAT,EQ,874.0,874.65,825.0,846.6,846.9,875.5,185882,157565475.9,12-JUN-2015,12760,INE885A01032,
AMBIKCO,EQ,956.45,956.45,915.0,922.45,920.25,949.55,5897,5458815.75,12-JUN-2015,847,INE540G01014,
AMBUJACEM,EQ,220.0,221.5,214.8,218.45,219.2,221.9,2071964,450253946.2,12-JUN-2015,26367,INE079A01024,
AMDIND,EQ,20.95,20.95,20.45,20.75,20.75,21.0,443,9113.95,12-JUN-2015,11,INE005I01014,
AMRUTANJAN,EQ,410.0,410.0,397.5,406.1,406.0,413.2,12686,5131909.75,12-JUN-2015,904,INE098F01023,
AMTEKAUTO,EQ,140.1,148.65,138.7,147.65,147.75,140.65,3171295,457403948.8,12-JUN-2015,16400,INE130C01021,
AMTL,EQ,15.0,15.75,14.7,15.5,15.75,14.5,2626,39677.35,12-JUN-2015,11,INE436N01029,
ANANTRAJ,EQ,36.3,39.95,35.5,38.15,38.65,36.55,1097635,41873072.0,12-JUN-2015,6998,INE242C01024,
ANDHRABANK,EQ,67.95,69.25,67.35,68.7,68.6,68.15,1320588,90334215.5,12-JUN-2015,8386,INE434A01013,
ANDHRACEMT,EQ,7.1,7.25,6.7,6.8,6.7,7.15,53188,369938.4,12-JUN-2015,140,INE666E01012,
ANDHRSUGAR,EQ,93.7,93.7,90.55,91.55,92.05,91.85,4282,391731.65,12-JUN-2015,87,INE715B01013,
ANGIND,EQ,31.15,31.15,30.1,30.45,30.5,30.7,88577,2703268.7,12-JUN-2015,249,INE017D01010,
ANIKINDS,BE,24.55,24.55,24.55,24.55,24.55,23.8,50,1227.5,12-JUN-2015,1,INE087B01017,
ANKITMETAL,EQ,2.35,2.35,2.25,2.3,2.35,2.35,39401,89194.45,12-JUN-2015,39,INE106I01010,
ANSALAPI,EQ,19.25,19.6,18.3,18.7,18.8,19.2,98535,1860119.35,12-JUN-2015,915,INE436A01026,
ANSALHSG,EQ,24.0,24.0,23.25,23.65,23.9,23.55,17038,402932.25,12-JUN-2015,51,INE880B01015,
ANTGRAPHIC,BE,0.1,0.15,0.1,0.1,0.1,0.1,7928,1136.7,12-JUN-2015,5,INE414B01021,
APARINDS,EQ,329.0,332.6,326.65,331.8,331.9,331.8,14983,4955852.7,12-JUN-2015,814,INE372A01015,
APCOTEXIND,EQ,441.0,444.9,432.0,435.55,433.0,440.0,2659,1156739.15,12-JUN-2015,129,INE116A01024,
APLAPOLLO,EQ,396.9,396.9,381.95,385.15,387.25,389.8,2190,848375.5,12-JUN-2015,218,INE702C01019,
APLLTD,EQ,546.05,568.0,540.0,562.05,564.3,549.45,102514,56672145.35,12-JUN-2015,4770,INE901L01018,
APOLLOHOSP,EQ,1214.0,1217.8,1171.0,1178.35,1179.0,1219.25,129271,152836638.0,12-JUN-2015,10359,INE437A01024,
APOLLOTYRE,EQ,160.45,165.5,160.45,164.2,164.5,162.5,1740678,284375251.0,12-JUN-2015,16070,INE438A01022,
APOLSINHOT,BE,185.0,185.0,172.0,173.0,173.0,179.0,117,20265.0,12-JUN-2015,13,INE451F01016,
APTECHT,EQ,52.0,52.9,51.65,52.15,52.0,52.2,40387,2109455.4,12-JUN-2015,545,INE266F01018,
ARCHIDPLY,EQ,33.95,33.95,31.65,32.4,32.35,33.2,13459,440941.5,12-JUN-2015,173,INE877I01016,
ARCHIES,EQ,18.1,18.8,17.75,17.95,17.95,18.2,73507,1333189.1,12-JUN-2015,473,INE731A01020,
ARCOTECH,EQ,350.6,352.0,346.5,348.85,348.05,349.05,49936,17411619.2,12-JUN-2015,1357,INE574I01027,
ARIES,EQ,91.75,94.45,90.1,91.55,91.25,91.75,31174,2856272.0,12-JUN-2015,550,INE298I01015,
AROGRANITE,EQ,51.05,51.05,49.4,50.5,50.5,52.0,3612,182312.9,12-JUN-2015,56,INE210C01013,
ARROWCOAT,EQ,388.0,414.95,370.05,379.8,376.25,395.7,1086,423629.45,12-JUN-2015,127,INE570D01018,
ARROWTEX,EQ,20.5,21.0,19.75,20.55,20.9,20.75,3569,72876.45,12-JUN-2015,52,INE933J01015,
ARSHIYA,EQ,35.0,38.2,33.55,37.05,37.9,34.95,315098,11398905.85,12-JUN-2015,1539,INE968D01022,
ARSSINFRA,EQ,27.95,27.95,27.0,27.1,27.15,27.45,39867,1083437.25,12-JUN-2015,301,INE267I01010,
ARVIND,EQ,228.95,237.3,228.15,235.4,236.0,230.65,1118895,259798416.75,12-JUN-2015,30574,INE034A01011,
ARVINDREM,EQ,13.65,13.65,12.7,13.1,13.1,13.3,238418,3109919.1,12-JUN-2015,948,INE211C01037,
ASAHIINDIA,EQ,156.0,156.5,153.95,155.45,155.0,157.0,14787,2290065.45,12-JUN-2015,352,INE439A01020,
ASAHISONG,EQ,119.45,119.45,113.15,115.1,114.9,115.2,2615,301026.1,12-JUN-2015,82,INE228I01012,
ASHAPURMIN,EQ,60.0,61.2,58.2,58.75,59.0,60.35,34598,2049558.8,12-JUN-2015,374,INE348A01023,
ASHIANA,EQ,220.05,226.1,219.15,222.65,221.15,221.0,25623,5712467.65,12-JUN-2015,2227,INE365D01021,
ASHIMASYN,EQ,8.35,8.5,8.35,8.4,8.4,8.65,6850,57595.0,12-JUN-2015,13,INE440A01010,
ASHOKA,EQ,161.7,164.3,161.0,162.35,163.0,161.9,37370,6073918.25,12-JUN-2015,777,INE442H01029,
ASHOKLEY,EQ,64.95,66.2,64.65,65.8,65.8,65.65,7346855,482540110.4,12-JUN-2015,19619,INE208A01029,
ASIANHOTNR,EQ,102.9,103.0,100.05,100.05,100.05,102.55,672,67824.3,12-JUN-2015,5,INE363A01022,
ASIANPAINT,EQ,709.0,722.8,702.0,705.65,707.0,708.4,1168519,831813523.1,12-JUN-2015,35211,INE021A01026,
ASIANTILES,EQ,104.0,117.0,104.0,110.0,110.3,105.85,37693,4216130.7,12-JUN-2015,1195,INE022I01019,
ASSAMCO,EQ,3.55,3.6,3.3,3.35,3.3,3.55,440442,1492639.2,12-JUN-2015,256,INE442A01024,
ASTEC,EQ,184.0,189.65,183.1,185.3,186.25,184.45,148322,27577370.6,12-JUN-2015,2994,INE563J01010,
ASTRAL,EQ,385.05,388.75,373.3,378.65,380.05,386.15,52593,20187007.15,12-JUN-2015,610,INE006I01046,
ASTRAMICRO,EQ,103.3,104.95,103.1,103.65,103.55,104.7,102384,10635204.15,12-JUN-2015,1735,INE386C01029,
ASTRAZEN,EQ,1150.0,1189.0,1080.0,1098.85,1085.05,1145.5,226927,252984301.85,12-JUN-2015,16026,INE203A01020,
ATFL,EQ,575.0,588.0,575.0,586.25,588.0,579.85,1614,936880.2,12-JUN-2015,98,INE209A01019,
ATLANTA,EQ,48.45,48.75,44.4,47.35,47.4,47.5,80532,3726818.2,12-JUN-2015,1454,INE285H01022,
ATLASCYCLE,EQ,199.55,202.6,197.0,198.6,198.5,199.55,2705,539017.45,12-JUN-2015,137,INE446A01017,
ATNINTER,BE,0.25,0.25,0.25,0.25,0.25,0.25,5000,1250.0,12-JUN-2015,1,INE803A01027,
ATUL,EQ,1110.0,1115.8,1089.4,1096.25,1101.0,1096.0,4350,4773105.75,12-JUN-2015,303,INE100A01010,
ATULAUTO,EQ,381.5,389.0,366.1,378.65,388.0,382.7,113125,42272120.9,12-JUN-2015,6743,INE951D01028,
AURIONPRO,EQ,173.0,175.9,170.5,172.05,172.5,174.9,6279,1090729.4,12-JUN-2015,367,INE132H01018,
AUROPHARMA,EQ,1264.4,1283.45,1240.1,1278.45,1279.0,1266.55,851446,1077205093.4,12-JUN-2015,26007,INE406A01037,
AUSOMENT,EQ,25.95,26.9,25.95,26.45,26.9,26.0,20,529.25,12-JUN-2015,3,INE218C01016,
AUSTRAL,EQ,0.5,0.55,0.45,0.5,0.55,0.5,131198,70890.5,12-JUN-2015,67,INE455J01027,
AUTOAXLES,EQ,700.0,719.9,690.0,699.45,691.0,707.9,290,204358.15,12-JUN-2015,96,INE449A01011,
AUTOIND,EQ,52.85,54.0,51.7,53.05,52.95,52.75,11154,591144.55,12-JUN-2015,205,INE718H01014,
AUTOLITIND,EQ,41.4,41.4,39.8,40.25,40.25,41.1,2776,112010.65,12-JUN-2015,29,INE448A01013,
AVANTIFEED,EQ,1500.0,1500.05,1479.0,1490.95,1490.55,1508.6,3829,5705800.55,12-JUN-2015,326,INE871C01012,
AVTNPL,EQ,30.7,33.5,29.8,30.65,30.8,31.0,104407,3244221.6,12-JUN-2015,588,INE488D01021,
AXISBANK,EQ,547.0,552.5,540.8,551.45,551.9,546.75,5518696,3020758174.85,12-JUN-2015,117105,INE238A01034,
AXISCADES,EQ,202.0,208.0,191.15,198.15,200.8,202.75,49609,9928313.9,12-JUN-2015,1855,INE555B01013,
AXISGOLD,EQ,2472.0,2504.75,2472.0,2495.0,2495.0,2476.25,130,324241.4,12-JUN-2015,40,INF846K01347,
BAFNAPHARM,EQ,26.45,26.5,25.05,25.95,26.0,25.85,22170,573530.05,12-JUN-2015,338,INE878I01014,
BAGFILMS,EQ,2.5,2.75,2.4,2.65,2.7,2.45,90111,235222.85,12-JUN-2015,101,INE116D01028,
BAJAJ-AUTO,EQ,2220.0,2297.0,2201.4,2286.3,2282.0,2213.55,575268,1305848408.05,12-JUN-2015,34017,INE917I01010,
BAJAJCORP,EQ,425.0,427.0,415.05,416.95,416.0,424.25,31279,13104574.4,12-JUN-2015,2990,INE933K01021,
BAJAJELEC,EQ,280.0,296.8,279.0,294.05,294.0,281.3,467782,136009913.8,12-JUN-2015,8758,INE193E01025,
BAJAJFINSV,EQ,1501.1,1530.05,1491.0,1501.2,1501.0,1539.85,32053,48394359.0,12-JUN-2015,1859,INE918I01018,
BAJAJHIND,EQ,14.15,14.15,13.35,13.5,13.4,13.75,676603,9194153.4,12-JUN-2015,5559,INE306A01021,
BAJAJHLDNG,EQ,1320.05,1345.0,1315.95,1338.15,1328.0,1327.8,3103,4132952.35,12-JUN-2015,266,INE118A01012,
BAJFINANCE,EQ,4665.0,4714.1,4509.0,4676.45,4651.0,4665.3,38900,181588691.1,12-JUN-2015,4875,INE296A01016,
BALAJITELE,EQ,64.1,67.25,64.1,66.8,67.2,65.0,84825,5568186.0,12-JUN-2015,986,INE794B01026,
BALAMINES,EQ,110.0,113.2,109.3,110.95,111.05,110.25,7672,850934.45,12-JUN-2015,52,INE050E01027,
BALKRISIND,EQ,697.0,701.6,691.25,699.85,695.05,699.95,70774,49523006.45,12-JUN-2015,2940,INE787D01026,
BALLARPUR,EQ,12.9,13.2,12.65,12.8,13.05,12.8,549890,7050208.1,12-JUN-2015,771,INE294A01037,
BALMLAWRIE,EQ,554.95,562.0,548.65,551.45,553.9,551.45,5185,2858582.4,12-JUN-2015,508,INE164A01016,
BALPHARMA,EQ,52.0,53.4,50.1,52.5,52.0,51.85,6352,330167.65,12-JUN-2015,148,INE083D01012,
BALRAMCHIN,EQ,40.6,40.9,39.55,39.75,39.8,40.35,206360,8210028.95,12-JUN-2015,1733,INE119A01028,
BANARBEADS,EQ,29.1,30.8,29.0,29.0,29.0,30.0,3094,90738.55,12-JUN-2015,39,INE655B01011,
BANARISUG,EQ,780.0,813.95,753.7,779.55,792.0,779.15,203,158405.1,12-JUN-2015,48,INE459A01010,
BANCOINDIA,EQ,94.5,94.9,92.05,92.75,92.05,95.0,7686,717225.05,12-JUN-2015,237,INE213C01025,
BANKBARODA,EQ,148.0,148.9,145.0,146.95,146.7,148.5,5128967,752905601.8,12-JUN-2015,38672,INE028A01039,
BANKBEES,EQ,1750.0,1763.69,1728.25,1759.13,1759.0,1747.16,3408,5932205.46,12-JUN-2015,280,INF732E01078,
BANKINDIA,EQ,172.3,174.65,171.0,173.35,173.95,173.15,2341520,404209031.9,12-JUN-2015,16311,INE084A01016,
BANSWRAS,EQ,64.7,64.75,64.7,64.75,64.75,61.1,200,12946.75,12-JUN-2015,2,INE629D01012,
BARTRONICS,EQ,9.0,9.45,8.7,9.1,9.35,9.15,23417,211734.15,12-JUN-2015,142,INE855F01034,
BASF,EQ,1040.65,1073.9,1032.0,1045.75,1065.0,1041.25,10295,10860362.85,12-JUN-2015,853,INE373A01013,
BASML,EQ,170.0,175.0,170.0,174.95,174.95,175.65,528,90275.5,12-JUN-2015,14,INE186H01014,
BATAINDIA,EQ,995.0,1002.0,975.2,992.2,988.1,994.95,169291,167297950.2,12-JUN-2015,10126,INE176A01010,
BAYERCROP,EQ,3795.0,3795.0,3708.8,3747.1,3750.0,3747.1,4570,17086376.3,12-JUN-2015,889,INE462A01022,
BBL,EQ,541.4,567.0,538.0,545.4,550.0,548.5,2391,1318864.85,12-JUN-2015,172,INE464A01028,
BBTC,EQ,479.5,487.5,471.2,473.75,472.9,480.9,141820,67801481.6,12-JUN-2015,4209,INE050A01025,
BEARDSELL,EQ,60.0,60.0,60.0,60.0,60.0,60.5,2,120.0,12-JUN-2015,1,INE520H01014,
BEDMUTHA,EQ,11.9,13.4,11.8,12.25,12.4,12.25,2251,27368.35,12-JUN-2015,40,INE844K01012,
BEL,EQ,3218.0,3260.0,3173.05,3249.25,3259.0,3206.95,90662,291173332.6,12-JUN-2015,8721,INE263A01016,
BEML,EQ,1228.0,1247.75,1182.05,1241.95,1241.1,1227.7,363860,443648574.5,12-JUN-2015,23100,INE258A01016,
BEPL,EQ,15.9,15.9,15.35,15.5,15.5,15.9,610,9640.0,12-JUN-2015,3,INE922A01025,
BERGEPAINT,EQ,187.9,189.45,175.15,180.7,181.0,189.65,1188249,214367953.0,12-JUN-2015,16696,INE463A01038,
BFINVEST,EQ,148.3,152.15,145.9,147.15,146.1,148.25,8176,1211325.0,12-JUN-2015,200,INE878K01010,
BFUTILITIE,EQ,514.0,517.55,501.0,508.85,506.7,514.95,315216,160276311.4,12-JUN-2015,10151,INE243D01012,
BGLOBAL,BE,4.45,4.45,4.05,4.05,4.05,4.25,17343,73418.65,12-JUN-2015,28,INE224M01013,
BGRENERGY,EQ,103.25,103.65,100.0,100.9,101.0,103.35,151085,15338527.6,12-JUN-2015,2254,INE661I01014,
BHAGYNAGAR,EQ,16.4,16.4,16.1,16.15,16.1,16.45,7137,115657.2,12-JUN-2015,25,INE458B01028,
BHARATFORG,EQ,1105.0,1116.2,1081.25,1107.75,1115.1,1104.25,788245,863247704.3,12-JUN-2015,27436,INE465A01025,
BHARATGEAR,EQ,63.0,65.95,63.0,64.5,64.4,63.3,1023,66172.25,12-JUN-2015,25,INE561C01019,
BHARATRAS,EQ,756.05,829.7,756.05,811.05,810.0,800.85,591,474849.6,12-JUN-2015,62,INE838B01013,
BHARTIARTL,EQ,411.1,421.35,407.55,414.8,415.45,410.55,2279478,941570756.45,12-JUN-2015,65164,INE397D01024,
BHEL,EQ,243.0,249.5,241.9,248.3,248.5,243.75,2399888,591081479.8,12-JUN-2015,25980,INE257A01026,
BHUSANSTL,EQ,59.55,60.4,56.0,57.65,58.3,60.4,623253,35938914.6,12-JUN-2015,6453,INE824B01021,
BIL,EQ,458.0,462.9,442.15,447.3,456.9,461.95,14129,6459803.2,12-JUN-2015,782,INE828A01016,
BILENERGY,EQ,0.9,0.95,0.85,0.85,0.95,0.95,1823,1619.9,12-JUN-2015,14,INE607L01029,
BINANIIND,EQ,84.15,85.7,83.15,83.75,84.5,84.35,10060,843298.1,12-JUN-2015,277,INE071A01013,
BINDALAGRO,EQ,31.4,31.6,28.2,28.2,28.2,31.3,84123,2444100.45,12-JUN-2015,607,INE143A01010,
BIOCON,EQ,448.8,450.9,441.75,446.35,445.65,449.85,294661,131677368.6,12-JUN-2015,8405,INE376G01013,
BIRLACORPN,EQ,409.65,409.65,396.0,401.5,404.95,403.45,1566,625638.2,12-JUN-2015,109,INE340A01012,
BIRLACOT,EQ,0.15,0.15,0.05,0.1,0.1,0.1,584417,64282.15,12-JUN-2015,99,INE655I01024,
BIRLAERIC,BE,50.1,52.3,50.0,51.15,51.0,50.25,1629,83069.6,12-JUN-2015,16,INE800A01015,
BIRLAMONEY,EQ,25.8,25.8,24.05,24.2,24.2,24.25,2010,49042.7,12-JUN-2015,30,INE865C01022,
BLBLIMITED,EQ,3.45,3.45,3.45,3.45,3.45,3.55,5,17.25,12-JUN-2015,1,INE791A01024,
BLISSGVS,EQ,112.0,114.45,109.5,110.4,110.25,113.25,41340,4635144.35,12-JUN-2015,682,INE416D01022,
BLKASHYAP,EQ,9.6,10.15,9.35,9.65,10.0,9.75,55813,539146.7,12-JUN-2015,237,INE350H01032,
BLUECHIP,EQ,0.2,0.2,0.2,0.2,0.2,0.2,800,160.0,12-JUN-2015,1,INE657B01025,
BLUEDART,EQ,6011.0,6097.9,5963.5,6035.35,6007.0,6067.4,1561,9434698.2,12-JUN-2015,698,INE233B01017,
BLUESTARCO,EQ,335.0,335.0,323.0,327.85,331.0,329.45,33477,10926609.3,12-JUN-2015,1134,INE472A01039,
BLUESTINFO,EQ,164.0,166.8,164.0,165.3,164.2,165.3,1338,221638.65,12-JUN-2015,81,INE504B01011,
BODALCHEM,EQ,25.6,26.9,25.5,26.1,25.5,26.15,82392,2166403.85,12-JUN-2015,462,INE338D01028,
BOMDYEING,EQ,60.3,60.5,58.6,59.1,59.0,60.3,279410,16578985.0,12-JUN-2015,2360,INE032A01023,
BOSCHLTD,EQ,20399.5,20520.0,19625.05,20283.9,20323.0,20432.15,31912,642389017.45,12-JUN-2015,9764,INE323A01026,
BPCL,EQ,842.4,854.25,830.25,837.5,839.9,842.4,1099401,928680754.7,12-JUN-2015,49634,INE029A01011,
BPL,EQ,22.9,23.2,22.25,22.4,22.7,22.85,20765,467356.15,12-JUN-2015,153,INE110A01019,
BRFL,EQ,116.0,122.5,115.05,117.95,122.0,117.2,1476,173673.15,12-JUN-2015,50,INE589G01011,
BRIGADE,EQ,138.05,140.1,137.5,138.0,138.5,138.75,13789,1909754.45,12-JUN-2015,982,INE791I01019,
BRITANNIA,EQ,2606.7,2630.0,2594.8,2605.5,2599.9,2602.65,151819,396650665.45,12-JUN-2015,18388,INE216A01022,
BROOKS,EQ,46.8,48.9,44.4,44.75,44.9,46.75,234253,10891005.75,12-JUN-2015,2766,INE650L01011,
BSELINFRA,EQ,1.9,2.1,1.9,2.0,2.0,1.95,5630,11053.35,12-JUN-2015,34,INE395A01016,
BSL,EQ,39.5,39.5,34.15,35.4,35.05,35.6,6707,240859.75,12-JUN-2015,78,INE594B01012,
BSLGOLDETF,EQ,2550.0,2550.0,2521.25,2550.0,2550.0,2520.0,59,150091.2,12-JUN-2015,24,INF209K01HT2,
BSLIMITED,EQ,26.3,26.5,23.7,23.95,23.85,25.6,835586,20249376.8,12-JUN-2015,1456,INE043K01029,
BURNPUR,EQ,7.6,7.75,7.35,7.4,7.4,7.6,32502,242491.35,12-JUN-2015,118,INE817H01014,
BUTTERFLY,EQ,137.05,143.5,137.0,143.0,143.0,139.85,993,138814.45,12-JUN-2015,43,INE295F01017,
BVCL,EQ,14.85,15.35,14.85,15.35,15.35,15.25,721,10709.4,12-JUN-2015,4,INE139I01011,
BYKE,EQ,160.05,161.05,155.7,157.1,157.1,160.85,192355,30368176.2,12-JUN-2015,2727,INE319B01014,
CADILAHC,EQ,1760.0,1760.0,1731.05,1744.65,1745.0,1753.55,74985,130896985.55,12-JUN-2015,10761,INE010B01019,
CAIRN,EQ,180.0,183.05,179.35,180.75,179.35,180.8,2173027,393558051.7,12-JUN-2015,20139,INE910H01017,
CAMLINFINE,EQ,88.05,91.45,87.25,89.25,88.5,88.5,4887,437369.05,12-JUN-2015,249,INE052I01032,
CANBK,EQ,289.2,298.0,289.1,294.7,294.7,293.2,2275068,668533385.05,12-JUN-2015,24144,INE476A01014,
CANDC,EQ,15.7,15.75,15.0,15.7,15.7,15.1,7223,112695.65,12-JUN-2015,50,INE874H01015,
CANFINHOME,EQ,650.0,667.9,648.0,654.75,658.0,657.9,16732,10958425.05,12-JUN-2015,1085,INE477A01012,
CANTABIL,EQ,55.2,58.5,55.15,57.35,56.6,56.45,3363,192672.3,12-JUN-2015,104,INE068L01016,
CAPF,EQ,359.5,359.8,348.0,356.85,359.4,355.3,76952,27408042.3,12-JUN-2015,2379,INE688I01017,
CAPLIPOINT,EQ,913.0,929.9,873.25,879.85,882.0,912.05,11687,10482739.6,12-JUN-2015,1513,INE475E01018,
CARBORUNIV,EQ,164.3,165.8,161.1,164.0,162.0,164.3,25223,4135957.6,12-JUN-2015,158,INE120A01034,
CAREERP,EQ,154.7,154.7,147.05,149.7,149.5,151.35,7258,1087335.0,12-JUN-2015,500,INE521J01018,
CARERATING,EQ,1479.75,1479.75,1455.1,1474.4,1475.0,1470.55,16069,23562987.7,12-JUN-2015,1097,INE752H01013,
CASTEXTECH,BE,176.5,180.35,170.05,178.25,175.0,178.7,226431,40515005.9,12-JUN-2015,432,INE068D01021,
CASTROLIND,EQ,427.05,432.0,423.1,426.85,429.8,427.3,117349,50080111.8,12-JUN-2015,9748,INE172A01027,
CCCL,EQ,3.8,3.95,3.75,3.9,3.9,3.85,10765,40980.15,12-JUN-2015,34,INE429I01024,
CCHHL,EQ,9.3,9.85,9.3,9.5,9.6,9.45,5186,49485.65,12-JUN-2015,29,INE652F01027,
CCL,EQ,182.05,184.4,180.5,183.7,184.0,183.0,226943,41529221.35,12-JUN-2015,3333,INE421D01022,
CEATLTD,EQ,638.9,640.0,617.25,624.35,624.8,634.3,375222,234249114.55,12-JUN-2015,9710,INE482A01020,
CEBBCO,EQ,17.5,19.0,17.2,18.55,18.5,17.05,55957,1026905.9,12-JUN-2015,524,INE209L01016,
CELEBRITY,EQ,11.8,12.0,11.45,11.6,12.0,12.45,1406,16207.9,12-JUN-2015,15,INE185H01016,
CELESTIAL,EQ,20.95,20.95,20.95,20.95,20.95,22.05,3891,81516.45,12-JUN-2015,21,INE221I01017,
CENTENKA,EQ,149.05,149.9,147.25,147.85,147.55,148.9,14823,2195531.1,12-JUN-2015,497,INE485A01015,
CENTEXT,EQ,1.2,1.25,1.15,1.15,1.15,1.2,886,1036.9,12-JUN-2015,7,INE281A01026,
CENTRALBK,EQ,97.85,99.95,95.1,99.1,98.35,97.9,1087411,106318722.45,12-JUN-2015,3109,INE483A01010,
CENTUM,EQ,696.0,704.95,686.0,700.35,704.0,698.35,5125,3551284.25,12-JUN-2015,346,INE320B01020,
CENTURYPLY,EQ,175.9,181.9,169.1,170.5,172.0,176.15,546459,95228911.35,12-JUN-2015,7502,INE348B01021,
CENTURYTEX,EQ,584.0,609.85,580.5,602.75,608.05,584.3,1142454,675917027.15,12-JUN-2015,24491,INE055A01016,
CERA,EQ,1999.0,2020.0,1944.0,1953.0,1955.95,1991.9,7418,14595345.8,12-JUN-2015,1497,INE739E01017,
CEREBRAINT,EQ,9.25,11.0,9.0,10.5,10.5,9.5,424252,4304267.85,12-JUN-2015,835,INE345B01019,
CESC,EQ,511.0,529.7,511.0,527.85,529.0,516.95,216363,112670222.25,12-JUN-2015,6887,INE486A01013,
CGCL,EQ,141.0,150.9,138.95,144.35,144.0,140.35,2545,363232.2,12-JUN-2015,81,INE180C01018,
CHAMBLFERT,EQ,59.8,61.5,58.1,58.5,58.5,59.45,144384,8525096.5,12-JUN-2015,2368,INE085A01013,
CHEMFALKAL,EQ,68.0,68.0,67.5,67.5,67.5,68.8,609,41112.4,12-JUN-2015,10,INE479E01028,
CHENNPETRO,EQ,132.4,141.4,127.7,134.15,133.3,133.1,3980321,537769263.8,12-JUN-2015,40435,INE178A01016,
CHOLAFIN,EQ,605.2,615.0,589.0,591.75,597.0,609.85,19853,12004220.5,12-JUN-2015,858,INE121A01016,
CHROMATIC,EQ,2.85,3.05,2.85,2.95,2.95,3.1,12324,36267.8,12-JUN-2015,19,INE662C01015,
CIGNITITEC,EQ,308.0,315.0,287.0,292.1,288.0,301.05,46817,13973709.0,12-JUN-2015,518,INE675C01017,
CIMMCO,EQ,85.25,86.8,81.25,82.3,83.0,85.25,27434,2297964.4,12-JUN-2015,624,INE184C01028,
CINELINE,EQ,13.5,14.45,13.5,13.5,13.5,13.7,3055,41334.45,12-JUN-2015,29,INE704H01022,
CINEVISTA,EQ,2.7,2.7,2.7,2.7,2.7,2.8,405,1093.5,12-JUN-2015,3,INE039B01026,
CIPLA,EQ,574.1,586.0,571.8,581.65,581.9,574.35,1768081,1025653709.25,12-JUN-2015,43705,INE059A01026,
CLNINDIA,EQ,845.0,858.0,842.15,844.3,845.0,850.1,14644,12452284.8,12-JUN-2015,843,INE492A01029,
CMAHENDRA,EQ,6.85,6.95,6.5,6.65,6.7,6.85,323163,2163453.2,12-JUN-2015,674,INE378J01013,
CMC,EQ,1999.9,2001.75,1918.3,1941.95,1951.0,1982.0,16355,31925240.05,12-JUN-2015,1365,INE314A01017,
CNOVAPETRO,EQ,19.45,19.45,19.45,19.45,19.45,18.65,100,1945.0,12-JUN-2015,1,INE672K01025,
COALINDIA,EQ,400.1,401.0,393.6,396.1,396.0,400.1,3609449,1430525248.2,12-JUN-2015,66632,INE522F01014,
COLPAL,EQ,1877.0,1910.1,1867.45,1899.5,1895.0,1876.0,87740,166356531.05,12-JUN-2015,8134,INE259A01022,
COMPUSOFT,EQ,8.35,8.5,8.0,8.35,8.35,8.3,8783,72924.45,12-JUN-2015,61,INE453B01029,
CONCOR,EQ,1684.5,1784.0,1660.5,1745.15,1737.5,1682.9,94340,162165251.9,12-JUN-2015,8837,INE111A01017,
CONSOFINVT,EQ,33.1,35.0,33.1,34.05,35.0,34.0,30,1012.5,12-JUN-2015,3,INE025A01027,
CORDSCABLE,EQ,22.0,23.8,21.4,21.4,21.4,21.25,616,13905.3,12-JUN-2015,27,INE792I01017,
COREEDUTEC,EQ,6.0,6.25,5.85,6.15,6.1,6.15,67947,413726.0,12-JUN-2015,342,INE247G01024,
COROMANDEL,EQ,233.0,237.0,230.5,234.3,234.3,234.8,451969,106419555.2,12-JUN-2015,12551,INE169A01031,
CORPBANK,EQ,51.0,51.5,50.0,50.7,50.8,50.95,145010,7311313.3,12-JUN-2015,2753,INE112A01023,
COSMOFILMS,EQ,102.0,103.55,101.0,102.2,102.5,102.45,12372,1270596.95,12-JUN-2015,158,INE757A01017,
COUNCODOS,EQ,2.5,3.0,2.5,3.0,3.0,2.75,29343,86276.0,12-JUN-2015,36,INE695B01025,
COX&KINGS,EQ,258.0,264.5,253.2,261.5,261.0,260.4,348937,90016704.8,12-JUN-2015,5389,INE008I01026,
CPSEETF,EQ,24.23,24.4,24.22,24.31,24.4,24.28,124603,3026535.6,12-JUN-2015,154,INF457M01133,
CREATIVEYE,EQ,2.7,3.1,2.7,3.05,3.05,3.1,642,1927.6,12-JUN-2015,10,INE230B01021,
CRISIL,EQ,1900.0,1930.8,1890.0,1924.95,1928.0,1908.25,7331,14016588.45,12-JUN-2015,1797,INE007A01025,
CRMFGETF,EQ,2555.0,2570.0,2555.0,2570.0,2570.0,2570.0,61,156690.0,12-JUN-2015,6,INF760K01BR1,
CROMPGREAV,EQ,158.0,162.1,157.25,160.2,160.1,159.15,1478325,236319717.7,12-JUN-2015,13038,INE067A01029,
CTE,EQ,24.65,25.1,24.35,25.1,25.1,23.95,10818,269803.25,12-JUN-2015,67,INE627H01017,
CUB,EQ,100.2,101.9,98.45,99.4,99.0,100.6,4150653,415404282.35,12-JUN-2015,3643,INE491A01021,
CUMMINSIND,EQ,816.9,908.4,816.9,895.0,896.0,886.1,262492,234544031.85,12-JUN-2015,8980,INE298A01020,
CURATECH,EQ,7.7,7.75,5.75,7.35,7.35,6.65,6697,45821.3,12-JUN-2015,25,INE117B01012,
CYBERTECH,EQ,27.75,27.75,26.25,26.65,26.55,27.85,9132,245159.55,12-JUN-2015,73,INE214A01019,
CYIENT,EQ,526.5,541.45,525.15,537.0,532.9,529.0,6827,3652434.5,12-JUN-2015,546,INE136B01020,
DAAWAT,EQ,151.7,156.35,148.0,153.15,154.0,152.9,14726,2252911.25,12-JUN-2015,691,INE818H01012,
DABUR,EQ,252.2,253.75,250.0,252.0,252.6,251.4,516031,130086546.6,12-JUN-2015,14797,INE016A01026,
DALMIABHA,EQ,583.0,604.75,580.1,586.45,587.9,587.25,14594,8631222.65,12-JUN-2015,1341,INE439L01019,
DALMIASUG,EQ,21.25,21.25,19.6,19.75,20.2,19.7,2109,41965.8,12-JUN-2015,17,INE495A01022,
DATAMATICS,EQ,51.4,52.25,50.65,51.2,51.0,51.15,11973,616205.45,12-JUN-2015,111,INE365B01017,
DBCORP,EQ,331.0,339.0,331.0,335.05,335.0,335.3,2651,888184.85,12-JUN-2015,283,INE950I01011,
DBREALTY,EQ,60.3,61.9,58.4,59.85,59.3,60.95,170509,10194532.65,12-JUN-2015,1643,INE879I01012,
DBSTOCKBRO,EQ,31.4,31.45,31.2,31.25,31.25,31.55,19998,626755.5,12-JUN-2015,3790,INE921B01025,
DCBBANK,EQ,122.2,123.8,120.8,122.3,122.3,123.9,703063,85827805.8,12-JUN-2015,6211,INE503A01015,
DCM,EQ,89.05,90.5,87.3,87.65,87.7,89.4,13507,1198620.3,12-JUN-2015,579,INE498A01018,
DCMSHRIRAM,EQ,108.05,109.9,106.1,107.0,106.15,109.1,3793,411606.95,12-JUN-2015,183,INE499A01024,
DCW,EQ,15.7,15.9,14.95,15.3,15.3,15.7,239060,3676217.2,12-JUN-2015,720,INE500A01029,
DECCANCE,EQ,399.0,399.0,372.15,379.7,372.3,374.4,525,200814.1,12-JUN-2015,46,INE583C01013,
DEEPAKFERT,EQ,115.05,116.45,111.65,112.95,114.0,115.4,58068,6621580.65,12-JUN-2015,1563,INE501A01019,
DEEPAKNTR,EQ,64.9,66.9,63.65,64.05,64.0,63.65,6383,410945.75,12-JUN-2015,215,INE288B01029,
DEEPIND,EQ,77.35,78.2,76.65,77.1,77.0,77.35,11747,904151.05,12-JUN-2015,191,INE677H01012,
DELTACORP,EQ,71.5,73.5,70.6,71.8,71.2,71.95,786761,56630365.45,12-JUN-2015,21711,INE124G01033,
DELTAMAGNT,EQ,32.95,32.95,32.95,32.95,32.95,30.55,150,4942.5,12-JUN-2015,1,INE393A01011,
DEN,EQ,140.0,142.0,137.05,139.05,137.8,141.7,119374,16562553.6,12-JUN-2015,1525,INE947J01015,
DENABANK,EQ,44.5,44.6,44.0,44.2,44.5,44.6,317065,14044661.55,12-JUN-2015,1799,INE077A01010,
DENORA,EQ,139.0,139.0,130.0,131.75,130.1,134.1,2470,325431.5,12-JUN-2015,76,INE244A01016,
DHAMPURSUG,EQ,29.3,30.0,29.3,29.55,29.7,29.75,16689,493669.25,12-JUN-2015,181,INE041A01016,
DHANBANK,EQ,30.45,31.4,30.0,30.85,30.7,30.5,240925,7372217.9,12-JUN-2015,1429,INE680A01011,
DHANUKA,EQ,597.95,600.35,578.6,590.35,585.25,586.75,10379,6100059.85,12-JUN-2015,744,INE435G01025,
DHARSUGAR,EQ,12.1,12.65,12.1,12.3,12.65,12.05,4005,49253.0,12-JUN-2015,24,INE988C01014,
DHFL,EQ,382.1,390.9,382.1,386.9,389.0,388.2,212223,81965861.6,12-JUN-2015,8243,INE202B01012,
DHUNINV,EQ,109.0,109.0,104.0,106.05,107.9,105.0,181,19093.7,12-JUN-2015,12,INE320L01011,
DIAPOWER,EQ,43.0,43.5,41.25,41.25,41.25,43.4,34783,1448608.5,12-JUN-2015,550,INE989C01012,
DICIND,EQ,430.4,437.0,425.1,435.9,436.7,428.15,2664,1147987.45,12-JUN-2015,111,INE303A01010,
DIGJAM,EQ,6.5,6.7,6.25,6.45,6.45,6.55,29092,188993.7,12-JUN-2015,93,INE471A01023,
DISHMAN,EQ,139.1,140.5,135.65,139.45,139.9,139.1,289588,40134397.3,12-JUN-2015,4665,INE353G01020,
DISHTV,EQ,103.0,107.2,103.0,105.8,107.05,102.25,14761984,1548041968.8,12-JUN-2015,65871,INE836F01026,
DIVISLAB,EQ,1770.0,1788.3,1759.0,1764.3,1767.9,1762.8,65624,116145984.35,12-JUN-2015,7452,INE361B01024,
DLF,EQ,108.4,109.4,104.65,107.55,107.95,107.9,6846005,732670190.6,12-JUN-2015,36820,INE271C01023,
DLINKINDIA,EQ,169.9,188.0,166.0,181.1,180.6,169.0,121881,21541799.6,12-JUN-2015,2996,INE250K01012,
DOLPHINOFF,EQ,88.3,90.65,86.05,87.8,87.3,88.15,47292,4188436.65,12-JUN-2015,741,INE920A01011,
DONEAR,EQ,10.15,10.45,10.15,10.35,10.3,10.15,2175,22331.9,12-JUN-2015,17,INE668D01028,
DPL,EQ,73.0,77.4,72.25,74.7,75.5,73.7,19382,1446794.8,12-JUN-2015,235,INE477B01010,
DPSCLTD,EQ,13.2,13.85,13.0,13.85,13.85,13.4,252,3446.45,12-JUN-2015,6,INE360C01024,
DQE,EQ,19.0,20.1,18.25,19.5,19.85,18.8,53892,1038235.7,12-JUN-2015,396,INE656K01010,
DREDGECORP,EQ,345.65,349.05,341.0,344.1,346.0,346.75,24249,8328775.95,12-JUN-2015,3061,INE506A01018,
DRREDDY,EQ,3316.2,3339.95,3303.85,3317.55,3317.0,3312.75,155667,516427181.9,12-JUN-2015,17025,INE089A01023,
DSKULKARNI,EQ,76.3,77.7,70.7,71.35,71.0,77.05,15950,1159802.1,12-JUN-2015,238,INE891A01014,
DTIL,EQ,207.15,213.05,205.0,211.8,212.75,209.45,1024,216589.5,12-JUN-2015,58,INE341R01014,
DUNCANSLTD,BE,14.25,15.0,14.15,15.0,15.0,14.55,404,6056.7,12-JUN-2015,3,INE508A01022,
DWARKESH,EQ,21.0,21.75,20.1,20.8,20.9,21.55,4392,92884.2,12-JUN-2015,62,INE366A01033,
DYNAMATECH,EQ,2778.85,2885.0,2752.45,2861.95,2860.0,2775.0,3084,8796257.3,12-JUN-2015,579,INE221B01012,
DYNATECH,EQ,2.7,2.85,2.65,2.85,2.85,2.75,2886,8093.1,12-JUN-2015,7,INE741L01018,
EASTSILK,EQ,1.7,1.8,1.7,1.7,1.7,1.8,562,975.4,12-JUN-2015,6,INE962C01027,
EASUNREYRL,EQ,36.1,38.0,35.15,35.7,35.25,36.4,16342,592222.0,12-JUN-2015,177,INE268C01029,
ECEIND,EQ,125.05,128.45,122.15,126.75,126.6,128.7,436,55161.8,12-JUN-2015,28,INE588B01014,
ECLERX,EQ,1572.45,1586.0,1531.0,1543.5,1542.0,1555.2,3262,5079674.0,12-JUN-2015,1327,INE738I01010,
EDELWEISS,EQ,58.1,59.45,57.7,58.8,58.65,58.25,322770,18971399.2,12-JUN-2015,1527,INE532F01054,
EDL,EQ,26.2,27.8,25.8,26.05,26.35,26.55,19968,525656.5,12-JUN-2015,275,INE180G01019,
EDUCOMP,EQ,10.6,10.65,9.9,10.0,10.0,10.6,934490,9466889.2,12-JUN-2015,4815,INE216H01027,
EICHERMOT,EQ,17249.85,17477.1,17100.0,17404.1,17415.0,17244.35,45536,789182738.25,12-JUN-2015,13929,INE066A01013,
EIDPARRY,EQ,152.8,160.75,152.2,152.8,153.0,152.75,71661,11217245.35,12-JUN-2015,2202,INE126A01031,
EIHAHOTELS,EQ,202.0,202.0,195.05,197.0,197.0,199.0,613,121500.05,12-JUN-2015,9,INE276C01014,
EIHOTEL,EQ,101.0,102.7,99.05,99.25,99.25,102.05,37844,3794853.85,12-JUN-2015,415,INE230A01023,
EIMCOELECO,BE,440.0,440.0,438.2,440.0,440.0,436.15,287,126069.6,12-JUN-2015,15,INE158B01016,
EKC,EQ,8.2,8.25,8.1,8.1,8.1,8.2,35076,285642.85,12-JUN-2015,149,INE184H01027,
ELAND,EQ,22.35,24.3,22.3,23.45,24.15,23.45,158217,3575826.4,12-JUN-2015,602,INE311H01018,
ELDERPHARM,EQ,71.0,79.35,70.0,79.35,79.35,72.15,205190,15592967.05,12-JUN-2015,2226,INE975A01015,
ELECON,EQ,62.0,66.9,61.45,65.7,66.1,62.75,658369,42415978.55,12-JUN-2015,6011,INE205B01023,
ELECTCAST,EQ,18.6,19.15,18.3,18.5,18.5,18.6,254844,4791424.05,12-JUN-2015,876,INE086A01029,
ELECTHERM,EQ,22.0,23.8,21.0,21.9,23.8,22.3,712,15245.1,12-JUN-2015,21,INE822G01016,
ELGIEQUIP,EQ,124.0,126.0,123.05,125.1,125.0,124.95,4877,608860.75,12-JUN-2015,183,INE285A01027,
ELGIRUBCO,EQ,23.0,26.0,22.5,24.05,24.0,23.25,31747,787573.1,12-JUN-2015,121,INE819L01012,
EMAMIINFRA,EQ,34.85,34.85,33.15,33.8,34.0,33.95,4165,140933.9,12-JUN-2015,22,INE778K01012,
EMAMILTD,EQ,1080.0,1090.05,1059.0,1068.8,1059.0,1093.95,85265,91695450.6,12-JUN-2015,8148,INE548C01032,
EMCO,EQ,26.25,27.1,25.9,26.8,26.85,26.45,33148,879775.2,12-JUN-2015,191,INE078A01026,
EMKAY,EQ,64.6,65.0,63.75,63.8,64.9,62.95,1440,92225.9,12-JUN-2015,14,INE296H01011,
EMMBI,EQ,20.4,20.9,20.0,20.45,20.5,20.3,13216,268711.1,12-JUN-2015,93,INE753K01015,
ENERGYDEV,EQ,16.0,17.0,16.0,16.5,16.85,16.6,3076,51583.45,12-JUN-2015,13,INE306C01019,
ENGINERSIN,EQ,199.0,204.0,196.7,199.0,198.95,200.35,381241,76449519.7,12-JUN-2015,7132,INE510A01028,
ENIL,EQ,602.05,614.9,588.5,613.75,614.0,601.7,5308,3189401.3,12-JUN-2015,276,INE265F01028,
ENTEGRA,BE,3.05,3.35,3.05,3.35,3.35,3.2,635,1947.25,12-JUN-2015,5,INE826A01028,
EON,EQ,34.05,34.05,33.25,33.55,33.65,34.7,963,32546.45,12-JUN-2015,18,INE076H01025,
ERAINFRA,EQ,4.5,4.65,4.2,4.45,4.45,4.5,102188,454492.3,12-JUN-2015,222,INE039E01020,
EROSMEDIA,EQ,490.0,510.0,490.0,499.15,499.0,493.25,351483,176434874.95,12-JUN-2015,9867,INE416L01017,
ESABINDIA,EQ,636.0,724.9,625.5,651.75,651.95,641.95,20677,14220691.05,12-JUN-2015,2001,INE284A01012,
ESCORTS,EQ,104.3,105.05,102.1,102.85,102.95,104.0,462380,47609670.45,12-JUN-2015,6058,INE042A01014,
ESL,EQ,4.2,4.3,3.95,4.05,4.0,4.0,2507044,10387124.95,12-JUN-2015,1816,INE481K01013,
ESSAROIL,EQ,117.0,141.05,117.0,139.65,141.05,117.55,12056918,1597703921.15,12-JUN-2015,101284,INE011A01019,
ESSARPORTS,EQ,98.5,111.35,96.25,106.4,105.3,96.7,462762,48800526.2,12-JUN-2015,6712,INE282A01024,
ESSARSHPNG,EQ,19.75,21.5,19.75,21.0,20.8,19.9,96665,2023385.75,12-JUN-2015,449,INE122M01019,
ESSDEE,EQ,248.0,251.0,244.0,247.45,248.0,247.7,65948,16273401.1,12-JUN-2015,2522,INE825H01017,
ESSELPACK,EQ,121.15,123.5,121.05,122.8,123.4,122.15,18830,2300661.05,12-JUN-2015,737,INE255A01020,
ESTER,EQ,21.55,22.9,21.55,21.9,21.8,22.2,157642,3466910.1,12-JUN-2015,269,INE778B01029,
EUROCERA,EQ,4.9,4.9,4.55,4.85,4.85,5.05,1820,8402.5,12-JUN-2015,7,INE649H01011,
EUROTEXIND,EQ,20.4,20.4,19.3,19.6,19.6,20.8,301,5874.05,12-JUN-2015,9,INE022C01012,
EVEREADY,EQ,285.3,295.0,285.3,291.0,290.9,291.75,148686,43215271.05,12-JUN-2015,3233,INE128A01029,
EVERESTIND,EQ,305.05,306.95,303.45,303.95,304.0,307.4,779,237231.95,12-JUN-2015,93,INE295A01018,
EVERONN,EQ,20.0,20.85,19.6,20.1,20.1,20.3,27195,547049.0,12-JUN-2015,266,INE678H01010,
EXCEL,EQ,16.6,16.6,14.7,15.15,15.7,16.15,1250,19217.6,12-JUN-2015,34,INE688J01015,
EXCELCROP,EQ,909.0,914.0,900.0,900.55,900.6,908.55,3854,3475686.1,12-JUN-2015,185,INE223G01017,
EXCELINDUS,EQ,272.75,279.35,266.25,271.35,271.05,274.2,13774,3745366.4,12-JUN-2015,531,INE369A01029,
EXIDEIND,EQ,142.5,144.15,139.8,142.0,141.95,142.8,1167270,165809555.95,12-JUN-2015,7772,INE302A01020,
FACT,EQ,22.0,22.1,21.4,21.6,21.5,21.95,16208,351423.0,12-JUN-2015,114,INE188A01015,
FAGBEARING,EQ,4052.0,4099.0,3962.7,4063.55,4050.0,4051.0,2256,9141876.4,12-JUN-2015,162,INE513A01014,
FARMAXIND,EQ,0.55,0.55,0.5,0.55,0.55,0.55,200192,105751.05,12-JUN-2015,27,INE890I01035,
FCEL,EQ,11.25,11.3,11.0,11.05,11.05,11.15,191619,2128220.8,12-JUN-2015,427,INE220J01025,
FCL,EQ,33.7,33.85,32.1,33.25,33.0,33.9,360818,11974044.55,12-JUN-2015,352,INE045J01026,
FCSSOFT,EQ,0.2,0.3,0.2,0.25,0.3,0.25,313011,77731.75,12-JUN-2015,65,INE512B01022,
FDC,EQ,147.5,147.8,145.0,145.8,145.55,147.65,15423,2249502.95,12-JUN-2015,364,INE258B01022,
FEDDERLOYD,EQ,69.0,69.85,67.5,67.8,68.0,69.4,26031,1771977.55,12-JUN-2015,384,INE249C01011,
FEDERALBNK,EQ,131.8,133.2,130.1,131.75,132.25,131.95,1092054,143515101.95,12-JUN-2015,7990,INE171A01029,
FIEMIND,EQ,552.0,558.0,532.1,539.6,537.45,553.4,20598,11283190.15,12-JUN-2015,1574,INE737H01014,
FILATEX,EQ,29.5,32.9,28.5,32.9,32.9,29.95,31556,1005488.3,12-JUN-2015,207,INE816B01019,
FINANTECH,EQ,139.4,140.75,137.75,138.15,139.0,139.45,90010,12453259.8,12-JUN-2015,2903,INE111B01023,
FINCABLES,EQ,223.0,226.15,217.3,223.45,223.1,226.6,93368,20725692.3,12-JUN-2015,2423,INE235A01022,
FINPIPE,EQ,273.0,273.0,266.05,269.1,268.2,272.55,11630,3128488.6,12-JUN-2015,590,INE183A01016,
FIRSTWIN,EQ,3.55,3.55,3.55,3.55,3.55,3.4,78,276.9,12-JUN-2015,2,INE315J01015,
FLEXITUFF,EQ,223.0,237.95,221.2,232.7,237.0,221.2,51654,11652977.4,12-JUN-2015,284,INE060J01017,
FLFL,EQ,68.75,68.75,67.5,68.0,68.1,68.75,19544,1329559.85,12-JUN-2015,178,INE452O01016,
FMGOETZE,EQ,425.0,425.0,406.25,412.5,412.0,415.9,2079,856300.95,12-JUN-2015,366,INE529A01010,
FMNL,EQ,12.0,13.15,11.95,12.4,11.95,12.55,7805,97242.0,12-JUN-2015,109,INE360L01017,
FORTIS,EQ,154.4,155.45,151.6,154.3,155.0,153.75,419366,64541214.3,12-JUN-2015,4610,INE061F01013,
FOSECOIND,EQ,1091.4,1121.0,1090.0,1109.9,1115.0,1085.5,269,297962.45,12-JUN-2015,75,INE519A01011,
FRL,EQ,96.25,104.0,93.8,103.1,102.35,96.9,2451518,242760669.15,12-JUN-2015,11778,INE623B01027,
FRLDVR,EQ,85.5,88.9,77.0,85.6,85.8,81.65,16187,1350097.8,12-JUN-2015,312,IN9623B01058,
FSL,EQ,29.2,29.2,28.7,29.0,29.05,28.95,533254,15419272.65,12-JUN-2015,1379,INE684F01012,
GABRIEL,EQ,78.55,79.0,75.5,76.95,77.0,79.25,169346,13094831.1,12-JUN-2015,2306,INE524A01029,
GAEL,EQ,34.1,34.9,33.6,34.15,34.45,34.45,6745,229589.25,12-JUN-2015,90,INE036B01022,
GAIL,EQ,394.1,397.75,390.05,396.15,396.1,394.6,1309592,518121674.3,12-JUN-2015,43330,INE129A01019,
GAL,EQ,54.9,54.9,50.0,51.95,52.05,51.9,31235,1624865.95,12-JUN-2015,267,INE482J01013,
GALLANTT,EQ,22.6,23.45,22.6,22.95,23.0,22.9,13283,304930.05,12-JUN-2015,259,INE297H01019,
GALLISPAT,EQ,407.5,407.95,407.0,407.3,407.95,407.35,19791,8063500.0,12-JUN-2015,320,INE528K01011,
GAMMNINFRA,EQ,9.6,9.6,8.65,9.3,9.3,9.4,218929,2025150.6,12-JUN-2015,730,INE181G01025,
GAMMONIND,EQ,16.85,16.95,15.55,16.2,16.25,16.45,137475,2222960.2,12-JUN-2015,658,INE259B01020,
GANDHITUBE,EQ,234.0,241.95,234.0,239.6,235.0,239.95,462,109969.75,12-JUN-2015,19,INE524B01027,
GANECOS,EQ,156.0,158.05,151.0,151.8,151.0,157.9,14082,2154712.6,12-JUN-2015,173,INE845D01014,
GANESHHOUC,EQ,99.5,99.5,97.05,98.0,98.5,98.7,7233,710882.65,12-JUN-2015,112,INE460C01014,
GARDENSILK,EQ,24.5,25.45,24.0,24.05,24.0,24.7,14197,345236.85,12-JUN-2015,158,INE526A01016,
GARWALLROP,EQ,194.0,197.8,189.3,194.2,195.0,194.15,7485,1441585.25,12-JUN-2015,299,INE276A01018,
GATI,EQ,162.5,164.4,156.0,160.1,160.3,162.9,860386,137254173.35,12-JUN-2015,9449,INE152B01027,
GAYAPROJ,EQ,201.25,205.8,198.0,202.6,205.8,200.85,10366,2085244.55,12-JUN-2015,174,INE336H01015,
GDL,EQ,352.0,365.5,350.25,364.3,364.0,359.3,135652,49088808.05,12-JUN-2015,5547,INE852F01015,
GEECEE,EQ,58.5,61.75,58.35,60.15,59.5,59.1,7802,467743.65,12-JUN-2015,129,INE916G01016,
GEINDSYS,EQ,8.5,9.35,8.5,9.3,9.3,9.05,1300,11216.75,12-JUN-2015,6,INE599B01011,
GENESYS,EQ,50.55,50.6,49.0,50.4,50.6,49.4,7,351.45,12-JUN-2015,6,INE727B01026,
GENUSPAPER,EQ,1.9,2.2,1.85,2.0,2.1,1.85,96590,196694.8,12-JUN-2015,117,INE949P01018,
GENUSPOWER,EQ,23.1,23.1,22.05,22.25,22.4,23.3,96867,2178761.85,12-JUN-2015,462,INE955D01029,
GEOJITBNPP,EQ,52.0,52.9,51.0,52.55,52.55,52.0,48800,2538247.95,12-JUN-2015,279,INE007B01023,
GEOMETRIC,EQ,109.0,110.35,103.9,105.15,105.5,109.55,385850,41066852.9,12-JUN-2015,4280,INE797A01021,
GESHIP,EQ,350.1,355.0,346.85,348.0,347.55,354.5,20291,7080628.7,12-JUN-2015,3186,INE017A01032,
GHCL,EQ,68.95,71.65,66.7,70.0,71.65,69.05,256649,17656146.55,12-JUN-2015,2679,INE539A01019,
GICHSGFIN,EQ,195.65,204.8,194.0,203.0,204.5,196.8,116936,23337891.2,12-JUN-2015,2714,INE289B01019,
GILLANDERS,EQ,47.5,48.75,47.0,47.4,47.2,48.0,1366,65837.5,12-JUN-2015,22,INE047B01011,
GILLETTE,EQ,4489.9,4489.9,4378.1,4396.85,4390.0,4439.35,3117,13720827.05,12-JUN-2015,967,INE322A01010,
GINNIFILA,EQ,15.0,15.3,14.6,14.8,14.75,14.7,21393,319599.4,12-JUN-2015,117,INE424C01010,
GIPCL,EQ,81.1,82.0,80.5,81.4,81.6,81.9,27823,2255271.05,12-JUN-2015,252,INE162A01010,
GITANJALI,EQ,41.3,41.3,39.3,39.5,39.8,40.5,144148,5733499.1,12-JUN-2015,1776,INE346H01014,
GKWLIMITED,EQ,471.0,500.0,471.0,482.5,500.0,487.75,30,14442.3,12-JUN-2015,9,INE528A01020,
GLAXO,EQ,3155.0,3281.0,3155.0,3233.35,3250.0,3209.0,6524,20923854.7,12-JUN-2015,1396,INE159A01016,
GLENMARK,EQ,874.0,881.0,852.1,879.6,877.0,866.1,666089,578857016.7,12-JUN-2015,23608,INE935A01035,
GLOBALVECT,EQ,67.0,68.9,64.4,64.4,64.4,71.55,68281,4470357.25,12-JUN-2015,435,INE792H01019,
GLOBOFFS,EQ,644.4,644.4,592.1,635.65,630.1,617.5,77002,47793341.3,12-JUN-2015,3635,INE446C01013,
GLOBUSSPR,EQ,47.3,47.85,42.0,45.0,44.9,47.55,34215,1530729.45,12-JUN-2015,631,INE615I01010,
GMBREW,EQ,108.45,112.5,108.4,110.2,110.95,109.0,13530,1488977.4,12-JUN-2015,268,INE075D01018,
GMDCLTD,EQ,100.0,100.0,98.0,98.65,98.9,99.4,32283,3187056.95,12-JUN-2015,911,INE131A01031,
GMRINFRA,EQ,12.65,12.8,11.95,12.55,12.7,12.5,13996270,173057654.8,12-JUN-2015,14081,INE776C01039,
GNFC,EQ,59.3,60.15,59.0,59.1,59.25,59.3,23313,1385007.55,12-JUN-2015,518,INE113A01013,
GOACARBON,EQ,69.0,69.45,67.8,68.5,68.5,69.45,9487,652482.55,12-JUN-2015,194,INE426D01013,
GODFRYPHLP,EQ,467.1,474.9,461.1,465.05,467.0,470.8,1818,849923.3,12-JUN-2015,154,INE260B01028,
GODREJCP,EQ,1125.0,1196.0,1118.45,1124.55,1125.0,1124.65,84850,96197923.35,12-JUN-2015,8556,INE102D01028,
GODREJIND,EQ,329.0,332.7,324.5,331.45,332.3,329.3,275571,90455826.5,12-JUN-2015,6812,INE233A01035,
GODREJPROP,EQ,252.0,254.9,249.05,250.1,250.0,255.25,140152,35077249.5,12-JUN-2015,1361,INE484J01027,
GOKEX,EQ,50.85,50.95,48.85,48.9,48.85,49.0,11307,564579.25,12-JUN-2015,79,INE887G01027,
GOKUL,EQ,14.3,14.6,14.1,14.4,14.4,14.65,50,721.4,12-JUN-2015,9,INE020J01029,
GOLDBEES,EQ,2439.4,2449.0,2431.1,2444.45,2448.0,2428.45,14457,35347688.65,12-JUN-2015,1116,INF732E01102,
GOLDENTOBC,EQ,37.05,37.6,36.45,36.65,36.7,38.25,2790,104207.4,12-JUN-2015,31,INE973A01010,
GOLDIAM,EQ,25.85,26.85,25.85,26.2,26.5,25.7,1419,37244.45,12-JUN-2015,17,INE025B01017,
GOLDINFRA,EQ,14.4,14.4,14.2,14.2,14.2,14.15,1360,19512.0,12-JUN-2015,3,INE260D01016,
GOLDSHARE,EQ,2438.65,2443.5,2426.1,2437.2,2428.1,2427.15,1161,2825898.1,12-JUN-2015,182,INF789F01059,
GOLDTECH,EQ,4.1,4.1,4.0,4.1,4.1,4.4,106,434.1,12-JUN-2015,6,INE805A01014,
GOODLUCK,EQ,87.0,88.9,84.7,86.45,86.0,87.05,67047,5803796.55,12-JUN-2015,1039,INE127I01024,
GPIL,EQ,79.5,79.8,74.5,75.95,75.65,80.05,31437,2408293.45,12-JUN-2015,793,INE177H01013,
GPPL,EQ,210.5,210.7,204.0,207.15,207.8,210.9,248473,51781300.5,12-JUN-2015,8086,INE517F01014,
GRANULES,EQ,79.4,79.4,75.3,77.65,78.3,79.55,702831,54136935.35,12-JUN-2015,5972,INE101D01020,
GRAPHITE,EQ,79.35,84.8,79.25,80.6,80.5,79.0,129872,10781108.3,12-JUN-2015,1722,INE371A01025,
GRASIM,EQ,3361.1,3375.0,3320.2,3355.3,3366.0,3364.85,42745,143444040.9,12-JUN-2015,6537,INE047A01013,
GRAVITA,EQ,29.9,30.35,29.35,29.6,29.35,30.25,6416,190520.95,12-JUN-2015,106,INE024L01027,
GREAVESCOT,EQ,121.2,127.95,121.2,126.05,126.0,124.15,44861,5576591.6,12-JUN-2015,1321,INE224A01026,
GREENFIRE,EQ,0.6,0.6,0.6,0.6,0.6,0.65,1050,630.0,12-JUN-2015,2,INE217G01027,
GREENLAM,EQ,352.4,379.8,352.4,360.2,360.0,380.6,3450,1248277.95,12-JUN-2015,125,INE544R01013,
GREENPLY,EQ,891.0,916.75,860.0,889.8,885.0,901.4,2214,1962525.9,12-JUN-2015,171,INE461C01020,
GREENPOWER,EQ,14.3,14.35,12.75,13.5,13.65,14.05,368069,5123630.6,12-JUN-2015,1384,INE999K01014,
GRINDWELL,EQ,729.95,745.0,712.2,737.95,744.9,726.75,3432,2529735.8,12-JUN-2015,504,INE536A01023,
GRUH,EQ,219.0,221.2,215.5,218.6,219.7,220.0,117235,25632254.0,12-JUN-2015,2712,INE580B01029,
GSCLCEMENT,EQ,20.0,20.0,19.5,19.8,19.6,19.8,17200,339386.6,12-JUN-2015,119,INE542A01039,
GSFC,EQ,67.95,68.8,66.5,68.25,67.85,68.1,232634,15759831.05,12-JUN-2015,1818,INE026A01025,
GSKCONS,EQ,6147.85,6220.0,6050.0,6111.9,6090.25,6120.45,8810,53897150.6,12-JUN-2015,1430,INE264A01014,
GSPL,EQ,118.75,119.1,117.25,117.85,118.0,117.55,93935,11068574.1,12-JUN-2015,2311,INE246F01010,
GSS,EQ,13.95,14.2,13.95,14.2,14.2,13.55,2310,32541.25,12-JUN-2015,14,INE871H01011,
GTL,EQ,11.15,11.3,10.6,10.9,11.1,10.95,148729,1624361.65,12-JUN-2015,650,INE043A01012,
GTLINFRA,EQ,2.05,2.15,2.0,2.05,2.1,2.0,1199666,2482834.6,12-JUN-2015,435,INE221H01019,
GTNIND,EQ,10.0,10.8,9.15,9.65,9.65,10.0,485,4832.0,12-JUN-2015,9,INE537A01013,
GTOFFSHORE,EQ,47.5,47.5,44.1,45.4,46.15,46.3,38103,1753635.7,12-JUN-2015,782,INE892H01017,
GUFICBIO,EQ,13.0,13.8,12.8,12.95,12.9,13.15,10174,133397.4,12-JUN-2015,84,INE742B01025,
GUJALKALI,EQ,162.1,172.8,158.6,162.2,162.0,164.1,11021,1788936.6,12-JUN-2015,1853,INE186A01019,
GUJAPOLLO,EQ,127.0,129.6,127.0,128.45,128.95,127.6,2003,257409.8,12-JUN-2015,26,INE826C01016,
GUJFLUORO,EQ,643.0,643.0,607.6,624.85,622.0,615.95,10844,6770913.3,12-JUN-2015,1107,INE538A01037,
GUJNRECOKE,EQ,3.6,3.65,3.35,3.45,3.5,3.45,1574907,5443922.9,12-JUN-2015,947,INE110D01013,
GUJNREDVR,EQ,2.5,2.75,2.5,2.65,2.75,2.65,14616,37806.3,12-JUN-2015,48,IN9110D01011,
GULFCORP,EQ,135.0,136.0,131.0,135.15,135.2,136.1,7624,1027950.55,12-JUN-2015,146,INE077F01035,
GULFOILLUB,EQ,419.0,424.0,388.95,409.8,407.9,420.35,19076,7863515.55,12-JUN-2015,779,INE635Q01029,
GULFPETRO,EQ,34.0,34.0,32.2,32.75,33.0,32.85,12562,416034.55,12-JUN-2015,71,INE586G01017,
GULPOLY,EQ,298.9,298.9,280.0,289.0,289.0,283.75,2437,701161.8,12-JUN-2015,268,INE255D01016,
GVKPIL,EQ,7.8,7.95,7.6,7.75,7.7,7.75,1814431,14106517.75,12-JUN-2015,1413,INE251H01024,
HANUNG,EQ,7.95,8.1,7.55,7.95,7.9,7.9,28374,221863.05,12-JUN-2015,167,INE648H01013,
HARITASEAT,EQ,160.0,160.0,158.05,158.05,158.05,164.0,4,638.05,12-JUN-2015,4,INE939D01015,
HARRMALAYA,EQ,40.5,41.4,39.75,39.8,40.0,40.25,5185,208094.1,12-JUN-2015,92,INE544A01019,
HATHWAY,EQ,47.15,48.5,47.1,47.4,47.7,48.3,30155,1435813.35,12-JUN-2015,411,INE982F01036,
HATSUN,EQ,317.55,319.0,317.55,317.75,317.75,317.55,5684,1805286.6,12-JUN-2015,52,INE473B01035,
HAVELLS,EQ,265.6,272.3,261.35,266.65,271.0,266.05,619359,163991999.4,12-JUN-2015,11508,INE176B01034,
HBLPOWER,EQ,46.5,47.65,46.35,47.0,47.05,46.35,323812,15206815.35,12-JUN-2015,1592,INE292B01021,
HBSTOCK,EQ,8.5,9.45,8.15,8.8,9.1,9.05,5900,52184.6,12-JUN-2015,63,INE550B01014,
HCC,EQ,20.4,21.45,20.3,21.25,21.3,20.45,4961922,103896342.2,12-JUN-2015,14149,INE549A01026,
HCIL,EQ,15.4,15.45,14.85,15.0,15.0,15.4,10110,151863.6,12-JUN-2015,233,INE019C01026,
HCL-INSYS,EQ,32.6,32.95,31.2,31.5,31.3,32.8,1068728,34006745.7,12-JUN-2015,4568,INE236A01020,
HCLTECH,EQ,913.9,913.9,882.75,896.35,901.1,914.8,1846528,1660561755.95,12-JUN-2015,66824,INE860A01027,
HDFC,EQ,1156.0,1194.9,1156.0,1190.4,1190.05,1164.3,2189916,2592994175.05,12-JUN-2015,80043,INE001A01036,
HDFCBANK,EQ,1001.0,1010.85,990.15,1009.15,1006.95,1000.2,1632086,1633412350.55,12-JUN-2015,34023,INE040A01026,
HDFCMFGETF,EQ,2505.0,2529.0,2501.15,2514.95,2517.8,2509.75,2138,5386393.8,12-JUN-2015,204,INF179K01CN1,
HDIL,EQ,89.0,90.6,85.05,88.05,88.6,90.65,16343775,1431876901.6,12-JUN-2015,74024,INE191I01012,
HEG,EQ,194.0,196.8,188.8,191.15,189.25,196.1,15160,2896112.2,12-JUN-2015,533,INE545A01016,
HEIDELBERG,EQ,61.5,62.5,61.2,61.4,61.4,61.9,48961,3026553.95,12-JUN-2015,491,INE578A01017,
HELIOSMATH,EQ,23.25,23.25,23.25,23.25,23.25,24.45,18543,431124.75,12-JUN-2015,74,INE674B01012,
HERCULES,EQ,150.05,151.45,147.95,148.85,148.65,151.9,13717,2044382.7,12-JUN-2015,456,INE688E01024,
HERITGFOOD,EQ,369.0,383.8,369.0,375.9,378.2,375.15,24315,9159489.6,12-JUN-2015,1520,INE978A01019,
HEROMOTOCO,EQ,2490.0,2524.6,2484.2,2503.55,2500.0,2504.2,332914,834168528.15,12-JUN-2015,21088,INE158A01026,
HESTERBIO,EQ,553.05,565.0,541.25,547.75,541.25,566.9,1716,957815.55,12-JUN-2015,145,INE782E01017,
HEXATRADEX,EQ,18.0,19.7,17.75,17.75,17.75,18.7,1119,20076.9,12-JUN-2015,43,INE750M01017,
HEXAWARE,EQ,268.05,276.8,266.0,272.2,272.2,272.05,971810,264482571.4,12-JUN-2015,13319,INE093A01033,
HFCL,EQ,10.5,12.1,10.2,11.95,11.9,10.1,14998894,174466753.75,12-JUN-2015,16922,INE548A01028,
HGS,EQ,501.0,504.5,492.0,497.8,499.5,505.65,5846,2913383.45,12-JUN-2015,238,INE170I01016,
HIKAL,EQ,122.0,123.0,119.0,121.4,122.0,123.3,1828,221216.1,12-JUN-2015,84,INE475B01022,
HIL,EQ,585.05,595.0,580.95,585.45,590.9,587.15,17277,10130451.45,12-JUN-2015,217,INE557A01011,
HILTON,EQ,15.95,16.75,14.85,14.85,14.85,15.65,3495,53966.75,12-JUN-2015,45,INE788H01017,
HIMATSEIDE,EQ,75.9,76.5,74.95,75.5,75.25,74.95,15374,1164096.7,12-JUN-2015,314,INE049A01027,
HINDALCO,EQ,118.75,119.25,116.1,116.75,116.5,119.2,5422403,634924962.9,12-JUN-2015,45375,INE038A01020,
HINDCOMPOS,EQ,960.0,1000.0,960.0,999.95,999.95,966.65,226,222230.3,12-JUN-2015,14,INE310C01011,
HINDCOPPER,EQ,58.45,59.45,57.1,58.0,58.0,59.0,41026,2377169.3,12-JUN-2015,591,INE531E01026,
HINDDORROL,EQ,13.0,14.0,12.55,13.85,13.85,13.1,12959,174260.15,12-JUN-2015,115,INE551A01022,
HINDMOTORS,EQ,5.95,6.0,5.65,5.75,5.7,5.8,79427,459591.75,12-JUN-2015,207,INE253A01025,
HINDNATGLS,EQ,110.8,110.8,110.8,110.8,110.8,112.0,250,27700.0,12-JUN-2015,4,INE952A01022,
HINDOILEXP,EQ,34.2,35.75,33.5,34.95,34.9,34.45,786795,27422584.95,12-JUN-2015,4059,INE345A01011,
HINDPETRO,EQ,686.15,699.75,680.65,689.05,690.8,691.05,778400,538913023.6,12-JUN-2015,21528,INE094A01015,
HINDSYNTEX,EQ,8.65,9.0,8.6,9.0,9.0,9.5,454,3984.6,12-JUN-2015,3,INE155B01012,
HINDUJAFO,EQ,32.85,32.85,29.8,30.15,30.5,31.0,21022,639698.9,12-JUN-2015,64,INE291F01016,
HINDUJAVEN,EQ,378.0,388.9,376.1,385.0,387.3,382.15,2069,793818.3,12-JUN-2015,149,INE353A01023,
HINDUNILVR,EQ,813.35,821.5,810.85,814.5,812.5,816.7,833644,679591239.7,12-JUN-2015,39462,INE030A01027,
HINDZINC,EQ,165.0,168.0,162.65,164.55,164.0,164.0,511304,84126833.1,12-JUN-2015,6813,INE267A01025,
HIRECT,EQ,65.0,65.0,52.55,62.95,63.0,65.65,13688,838297.95,12-JUN-2015,340,INE835D01023,
HITACHIHOM,EQ,1515.0,1522.95,1460.3,1474.45,1468.0,1508.7,27989,41289688.9,12-JUN-2015,2036,INE782A01015,
HITECHGEAR,EQ,242.0,251.75,238.0,241.55,242.0,244.6,7123,1739961.65,12-JUN-2015,168,INE127B01011,
HITECHPLAS,EQ,84.2,85.0,84.0,84.3,85.0,85.05,6560,551371.15,12-JUN-2015,66,INE120D01012,
HMT,EQ,34.5,36.4,34.3,34.6,34.5,34.7,61173,2154467.5,12-JUN-2015,779,INE262A01018,
HMVL,EQ,207.5,210.0,200.25,207.45,206.3,207.3,14762,3032985.1,12-JUN-2015,424,INE871K01015,
HNGSNGBEES,EQ,2499.99,2500.0,2460.01,2460.01,2460.01,2500.0,30,74559.94,12-JUN-2015,27,INF732E01227,
HOCL,EQ,13.25,13.75,13.0,13.25,13.2,13.35,3639,48051.5,12-JUN-2015,44,INE048A01011,
HONAUT,EQ,7241.25,7369.5,7241.25,7327.65,7290.0,7343.1,565,4132571.1,12-JUN-2015,225,INE671A01010,
HONDAPOWER,EQ,1053.95,1144.0,1053.9,1134.8,1138.0,1061.6,6644,7439034.25,12-JUN-2015,630,INE634A01018,
HOTELEELA,EQ,18.6,19.5,18.15,19.3,19.35,18.5,476902,9049644.7,12-JUN-2015,1238,INE102A01024,
HOVS,EQ,70.8,74.85,68.6,71.5,71.3,69.05,9032,653292.65,12-JUN-2015,334,INE596H01014,
HSIL,EQ,327.9,330.8,320.05,325.55,325.9,327.85,100863,32724085.4,12-JUN-2015,1206,INE415A01038,
HTMEDIA,EQ,92.95,94.4,91.4,91.65,91.4,92.95,145681,13403953.85,12-JUN-2015,323,INE501G01024,
HUBTOWN,EQ,93.05,94.55,92.1,93.3,93.8,93.05,6485,604846.2,12-JUN-2015,132,INE703H01016,
IBREALEST,EQ,44.6,45.4,41.7,44.15,44.5,44.95,8828613,382666957.3,12-JUN-2015,24798,INE069I01010,
IBULHSGFIN,EQ,581.15,587.1,574.3,577.6,576.65,579.4,786346,457922785.25,12-JUN-2015,25474,INE148I01020,
IBVENTURES,EQ,33.5,33.5,32.3,32.55,32.6,33.0,343428,11204459.7,12-JUN-2015,1041,INE274G01010,
IBWSL,EQ,9.8,10.0,9.2,9.7,9.7,10.0,27654,266368.55,12-JUN-2015,128,INE126M01010,
ICICIBANK,EQ,289.5,297.0,287.15,295.95,296.15,288.5,18862337,5503640851.65,12-JUN-2015,136711,INE090A01021,
ICIL,EQ,613.75,621.9,607.0,619.3,620.0,616.75,24340,15042315.05,12-JUN-2015,1470,INE483B01018,
ICNX100,EQ,84.0,85.0,83.9,85.0,85.0,84.0,90,7612.0,12-JUN-2015,7,INF109KA1962,
ICRA,EQ,4163.8,4205.0,4160.05,4199.5,4182.05,4200.8,2106,8833314.5,12-JUN-2015,395,INE725G01011,
ICSA,EQ,2.65,2.9,2.65,2.7,2.75,2.8,7898,21668.0,12-JUN-2015,24,INE306B01029,
IDBI,EQ,60.3,60.8,58.7,59.9,60.0,60.15,3234326,193151972.35,12-JUN-2015,13955,INE008A01015,
IDBIGOLD,EQ,2521.0,2553.05,2518.05,2550.0,2550.0,2554.45,72,183013.8,12-JUN-2015,15,INF397L01554,
IDEA,EQ,166.0,172.05,165.0,170.45,171.35,167.5,4511729,756922430.7,12-JUN-2015,44417,INE669E01016,
IDFC,EQ,146.75,146.75,143.3,145.4,145.8,146.65,3715010,538261905.25,12-JUN-2015,20981,INE043D01016,
IFBAGRO,EQ,242.0,250.0,237.1,245.85,249.9,244.7,2967,720439.45,12-JUN-2015,123,INE076C01018,
IFBIND,EQ,451.55,451.55,426.0,437.75,438.0,451.3,63779,27790250.05,12-JUN-2015,2463,INE559A01017,
IFCI,EQ,25.15,26.15,24.8,26.05,26.0,24.95,4912783,125344177.95,12-JUN-2015,11194,INE039A01010,
IFGLREFRAC,EQ,114.75,116.0,110.0,114.05,114.0,112.5,24937,2831725.8,12-JUN-2015,344,INE023B01012,
IGARASHI,EQ,449.8,456.9,434.0,443.2,444.05,447.0,54092,24100041.25,12-JUN-2015,2295,INE188B01013,
IGL,EQ,384.4,393.5,381.6,387.7,390.1,385.0,358581,138981349.75,12-JUN-2015,12984,INE203G01019,
IGOLD,EQ,2501.0,2524.0,2501.0,2511.5,2515.0,2501.5,214,537184.4,12-JUN-2015,29,INF109K01FV4,
IGPL,EQ,71.75,72.4,70.55,71.15,70.55,72.2,6391,457594.35,12-JUN-2015,100,INE204A01010,
IIFL,EQ,187.0,187.0,176.0,179.35,178.65,176.6,23881,4271332.8,12-JUN-2015,2608,INE530B01024,
IIFLNIFTY,EQ,825.0,825.0,825.0,825.0,825.0,827.1,35,28875.0,12-JUN-2015,7,INF579M01019,
IL&FSENGG,EQ,68.3,69.45,65.1,67.85,68.0,68.3,73951,5019507.15,12-JUN-2015,767,INE369I01014,
IL&FSTRANS,EQ,142.0,145.65,141.0,142.1,141.5,143.2,44451,6363650.85,12-JUN-2015,798,INE975G01012,
IMFA,EQ,163.0,169.65,155.1,161.6,162.0,163.25,1129,182497.6,12-JUN-2015,71,INE919H01018,
IMPAL,EQ,670.05,673.4,670.0,670.0,673.0,670.0,1048,702578.15,12-JUN-2015,37,INE547E01014,
IMPEXFERRO,EQ,1.8,2.1,1.75,1.9,1.9,2.0,11979,22811.75,12-JUN-2015,38,INE691G01015,
INDBANK,EQ,9.35,9.35,8.7,9.0,9.15,9.0,11280,100571.3,12-JUN-2015,97,INE841B01017,
INDHOTEL,EQ,96.15,96.9,95.0,95.1,95.1,95.9,474176,45311213.5,12-JUN-2015,1270,INE053A01029,
INDIACEM,EQ,76.2,77.4,74.75,76.6,76.8,75.3,1894679,143278876.35,12-JUN-2015,14139,INE383A01012,
INDIAGLYCO,EQ,78.0,80.2,78.0,79.15,78.8,78.85,12592,997253.45,12-JUN-2015,165,INE560A01015,
INDIANB,EQ,142.9,144.0,140.0,142.45,143.0,141.8,43994,6256409.25,12-JUN-2015,1509,INE562A01011,
INDIANCARD,EQ,98.35,100.0,94.5,99.65,99.95,98.5,155,15220.6,12-JUN-2015,23,INE061A01014,
INDIANHUME,EQ,288.05,289.95,282.0,283.9,285.0,288.0,2353,671833.45,12-JUN-2015,113,INE323C01030,
INDLMETER,EQ,67.0,69.2,66.1,67.25,69.2,67.75,213,14213.95,12-JUN-2015,6,INE065B01013,
INDNIPPON,EQ,382.0,382.0,365.25,370.4,370.0,374.5,1105,413447.95,12-JUN-2015,80,INE092B01017,
INDOCO,EQ,361.0,361.0,288.05,353.15,351.95,360.05,61070,20961657.45,12-JUN-2015,4091,INE873D01024,
INDORAMA,EQ,22.8,24.0,22.55,23.0,23.0,23.05,82061,1898321.1,12-JUN-2015,215,INE156A01020,
INDOSOLAR,EQ,12.95,13.25,12.05,12.5,12.65,12.95,783758,9937036.85,12-JUN-2015,1912,INE866K01015,
INDOTECH,EQ,155.25,155.25,146.3,149.75,152.25,150.6,2464,372181.3,12-JUN-2015,112,INE332H01014,
INDOTHAI,EQ,17.0,17.0,17.0,17.0,17.0,17.0,62,1054.0,12-JUN-2015,3,INE337M01013,
INDOWIND,BE,4.0,4.05,3.9,4.05,4.05,4.0,12888,51397.35,12-JUN-2015,27,INE227G01018,
INDRAMEDCO,EQ,50.2,50.8,50.0,50.4,50.5,50.85,39118,1973510.6,12-JUN-2015,417,INE681B01017,
INDSWFTLAB,EQ,29.0,29.55,28.2,28.55,28.5,30.0,243833,7091549.75,12-JUN-2015,982,INE915B01019,
INDSWFTLTD,BE,4.3,4.35,4.3,4.3,4.3,4.15,2541,10947.1,12-JUN-2015,6,INE788B01028,
INDTERRAIN,EQ,595.0,644.9,575.0,618.95,620.5,609.15,11419,6972414.7,12-JUN-2015,425,INE611L01013,
INDUSINDBK,EQ,790.0,814.0,784.0,810.8,810.9,795.1,1006880,804103009.2,12-JUN-2015,32526,INE095A01012,
INFINITE,EQ,139.9,144.5,135.35,144.5,144.5,137.65,144245,20403587.4,12-JUN-2015,3348,INE486J01014,
INFOMEDIA,EQ,3.15,3.15,2.6,2.7,2.85,2.9,12469,35555.05,12-JUN-2015,19,INE669A01022,
INFRABEES,EQ,322.0,330.99,320.0,326.81,326.9,322.0,727,234658.45,12-JUN-2015,45,INF732E01268,
INFRATEL,EQ,456.0,456.0,436.4,441.3,439.75,456.7,1097347,485262654.65,12-JUN-2015,46863,INE121J01017,
INFY,EQ,2005.0,2025.55,1955.5,1975.05,1978.05,1997.65,2463231,4905085617.85,12-JUN-2015,104931,INE009A01021,
INGERRAND,EQ,874.0,883.5,869.1,874.95,875.0,873.8,2093,1829796.45,12-JUN-2015,284,INE177A01018,
INIFTY,EQ,84.5,84.7,83.01,83.01,83.01,83.0,1358,114193.9,12-JUN-2015,28,INF109K012R6,
INNOIND,EQ,9.3,9.3,8.75,8.85,9.05,8.7,4304,38164.9,12-JUN-2015,37,INE549I01011,
INOXLEISUR,EQ,160.0,162.05,158.95,160.85,160.0,160.05,10020,1614138.45,12-JUN-2015,292,INE312H01016,
INOXWIND,EQ,394.0,415.6,388.3,410.15,412.25,390.65,1000566,401518210.35,12-JUN-2015,6949,INE066P01011,
INSECTICID,EQ,493.35,502.45,484.0,488.45,484.0,494.75,19271,9504672.05,12-JUN-2015,1073,INE070I01018,
INTEGRA,EQ,1.8,1.8,1.8,1.8,1.8,1.85,25,45.0,12-JUN-2015,1,INE418N01027,
INTELLECT,EQ,99.4,100.5,98.2,98.7,98.75,99.65,160089,15837633.5,12-JUN-2015,1843,INE306R01017,
INVENTURE,EQ,10.75,10.75,10.5,10.55,10.55,10.95,2004,21542.4,12-JUN-2015,31,INE878H01016,
IOB,EQ,36.3,36.9,35.9,36.75,36.65,36.65,1198876,43698632.1,12-JUN-2015,4761,INE565A01014,
IOC,EQ,342.0,351.9,341.7,350.8,351.0,339.85,1219023,425245906.85,12-JUN-2015,21729,INE242A01010,
IOLCP,EQ,57.1,58.4,55.8,57.9,57.2,57.25,162404,9335956.7,12-JUN-2015,1120,INE485C01011,
IPAPPM,EQ,282.1,295.0,280.25,292.7,291.1,284.5,60657,17435770.35,12-JUN-2015,1227,INE435A01028,
IPCALAB,EQ,650.0,650.0,639.0,643.9,646.45,646.8,47631,30662910.05,12-JUN-2015,2096,INE571A01020,
IRB,EQ,219.8,224.0,217.85,221.0,220.9,219.8,812081,179549144.15,12-JUN-2015,13856,INE821I01014,
ISFT,EQ,291.55,294.0,286.4,288.2,287.15,289.3,9270,2682020.75,12-JUN-2015,349,INE566K01011,
ISMTLTD,EQ,8.0,8.15,7.95,8.05,8.0,8.0,16229,130816.55,12-JUN-2015,49,INE732F01019,
ITC,EQ,296.8,300.15,295.0,297.55,296.7,297.05,5554762,1656499587.75,12-JUN-2015,60443,INE154A01025,
ITDCEM,EQ,613.0,620.0,594.0,595.75,600.5,615.65,12947,7806131.6,12-JUN-2015,480,INE686A01018,
ITI,EQ,19.5,19.8,19.2,19.55,19.65,19.6,88722,1731554.8,12-JUN-2015,463,INE248A01017,
IVC,EQ,19.55,19.9,19.45,19.75,19.75,19.6,115906,2284755.2,12-JUN-2015,371,INE050B01023,
IVP,EQ,55.35,55.45,53.1,54.0,54.0,55.45,1625,88477.55,12-JUN-2015,22,INE043C01018,
IVRCLINFRA,EQ,10.45,10.6,9.55,9.95,10.1,10.35,2553107,25482896.1,12-JUN-2015,12222,INE875A01025,
IZMO,EQ,42.0,42.8,37.8,38.5,38.55,38.95,363414,15150731.65,12-JUN-2015,2206,INE848A01014,
J&KBANK,EQ,110.95,113.9,108.35,110.6,110.6,110.55,982071,108537752.35,12-JUN-2015,8207,INE168A01041,
JAGRAN,EQ,114.1,115.8,113.5,114.35,114.25,113.55,23926,2739214.7,12-JUN-2015,386,INE199G01027,
JAGSNPHARM,EQ,25.4,25.4,21.05,21.3,21.25,22.55,16234,354485.8,12-JUN-2015,180,INE048B01027,
JAIBALAJI,EQ,8.85,9.2,8.5,9.0,9.15,8.55,15914,137136.45,12-JUN-2015,26,INE091G01018,
JAICORPLTD,EQ,49.0,50.65,48.35,49.55,49.7,49.6,377036,18575538.4,12-JUN-2015,3360,INE070D01027,
JAIHINDPRO,EQ,22.1,23.3,20.95,21.8,21.6,23.15,1350,29557.6,12-JUN-2015,16,INE343D01010,
JAMNAAUTO,EQ,200.0,203.0,193.25,194.75,193.9,198.0,6039,1184469.35,12-JUN-2015,283,INE039C01016,
JAYAGROGN,EQ,95.5,101.45,94.25,95.05,96.0,97.0,1277,122619.65,12-JUN-2015,104,INE785A01026,
JAYBARMARU,EQ,128.1,132.75,127.55,131.0,132.75,128.95,1775,231155.85,12-JUN-2015,55,INE571B01028,
JAYNECOIND,EQ,8.05,8.1,7.5,7.55,7.55,7.7,7168,54841.65,12-JUN-2015,49,INE854B01010,
JAYSREETEA,EQ,63.3,64.0,63.0,63.3,63.2,63.85,10530,666293.2,12-JUN-2015,85,INE364A01020,
JBCHEPHARM,EQ,226.0,228.35,222.05,224.9,225.0,226.75,57065,12851823.1,12-JUN-2015,2393,INE572A01028,
JBFIND,EQ,193.4,227.0,192.0,202.05,205.0,193.6,77202,15356740.6,12-JUN-2015,2705,INE187A01017,
JBMA,EQ,180.0,185.4,174.2,179.2,178.65,179.7,47990,8584278.0,12-JUN-2015,1263,INE927D01028,
JCTEL,EQ,0.4,0.4,0.3,0.35,0.4,0.35,15224,5295.9,12-JUN-2015,9,INE264B01020,
JENSONICOL,EQ,7.15,7.6,7.05,7.2,7.35,7.4,51313,377159.0,12-JUN-2015,173,INE819B01021,
JETAIRWAYS,EQ,275.5,278.9,258.65,264.45,263.2,273.15,911413,243344875.15,12-JUN-2015,18850,INE802G01018,
JINDALPHOT,EQ,117.0,118.0,113.6,113.95,113.6,115.75,1585,182512.7,12-JUN-2015,56,INE796G01012,
JINDALPOLY,EQ,230.05,242.85,230.0,239.5,242.0,233.55,55562,13170863.2,12-JUN-2015,2051,INE197D01010,
JINDALSAW,EQ,52.65,53.5,51.0,51.65,51.7,52.9,376749,19576768.25,12-JUN-2015,3298,INE324A01024,
JINDALSTEL,EQ,96.0,96.0,92.0,94.7,95.0,96.0,6683776,628529046.85,12-JUN-2015,36668,INE749A01030,
JINDCOT,EQ,6.3,6.75,6.25,6.3,6.3,6.5,25003,158867.1,12-JUN-2015,59,INE904J01016,
JINDRILL,EQ,153.0,159.65,150.3,151.5,151.1,153.6,1309,199535.8,12-JUN-2015,79,INE742C01031,
JINDWORLD,EQ,93.0,93.0,91.2,92.65,91.2,94.0,214,19841.95,12-JUN-2015,12,INE247D01013,
JISLDVREQS,EQ,35.5,35.5,33.3,34.75,35.15,34.6,23305,803197.5,12-JUN-2015,167,IN9175A01010,
JISLJALEQS,EQ,61.5,62.75,61.25,62.35,62.1,61.7,1887598,117174363.85,12-JUN-2015,6025,INE175A01038,
JKCEMENT,EQ,589.0,593.0,575.25,587.6,582.0,589.55,2717,1587896.7,12-JUN-2015,388,INE823G01014,
JKIL,EQ,613.0,613.0,590.0,600.85,600.3,604.25,10976,6594714.15,12-JUN-2015,374,INE576I01014,
JKLAKSHMI,EQ,305.0,319.6,301.65,316.25,317.85,316.6,77734,24276402.6,12-JUN-2015,3372,INE786A01032,
JKPAPER,EQ,33.8,33.8,30.75,31.7,31.8,33.6,478543,15330270.55,12-JUN-2015,3059,INE789E01012,
JKTYRE,EQ,90.65,90.65,86.75,87.2,87.0,90.25,1028250,90357813.25,12-JUN-2015,7766,INE573A01042,
JMA,EQ,151.9,152.5,151.9,152.5,152.5,147.2,100,15220.0,12-JUN-2015,2,INE412C01015,
JMCPROJECT,EQ,190.05,193.9,189.6,190.0,190.0,190.0,52599,9999844.05,12-JUN-2015,245,INE890A01016,
JMFINANCIL,EQ,44.95,45.7,43.75,44.75,45.0,44.9,559742,25103144.1,12-JUN-2015,1719,INE780C01023,
JMTAUTOLTD,EQ,143.0,148.4,134.5,148.1,145.0,145.7,27353,3978425.55,12-JUN-2015,281,INE988E01010,
JOCIL,EQ,125.0,125.0,123.65,124.2,124.6,123.15,471,58544.55,12-JUN-2015,21,INE839G01010,
JPASSOCIAT,EQ,11.35,11.5,10.15,10.75,10.8,11.35,42420510,453578691.05,12-JUN-2015,46347,INE455F01025,
JPINFRATEC,EQ,12.35,12.7,11.6,11.95,11.95,12.35,1125295,13501134.45,12-JUN-2015,2521,INE099J01015,
JPOLYINVST,EQ,72.0,72.65,72.0,72.6,72.6,73.3,1252,90642.5,12-JUN-2015,13,INE147P01019,
JPPOWER,EQ,6.0,6.0,5.6,5.7,5.7,5.9,4042736,23269385.45,12-JUN-2015,8461,INE351F01018,
JSL,EQ,39.2,40.5,38.9,39.4,39.35,39.15,304207,12072051.5,12-JUN-2015,1048,INE220G01021,
JSWENERGY,EQ,98.4,99.4,94.55,97.85,97.4,99.65,1691834,163266081.05,12-JUN-2015,12458,INE121E01018,
JSWHL,EQ,1174.4,1177.8,1113.2,1126.3,1129.0,1183.85,4099,4654162.85,12-JUN-2015,572,INE824G01012,
JSWSTEEL,EQ,871.8,876.0,837.4,843.2,843.0,873.15,458026,390115352.4,12-JUN-2015,18275,INE019A01020,
JUBILANT,EQ,168.55,176.0,166.25,170.9,171.15,167.05,664377,114545090.15,12-JUN-2015,11704,INE700A01033,
JUBLFOOD,EQ,1705.95,1741.5,1700.05,1735.3,1737.95,1700.35,151045,260290796.7,12-JUN-2015,11215,INE797F01012,
JUBLINDS,EQ,146.0,149.8,145.0,148.1,146.3,146.9,10450,1547017.15,12-JUN-2015,158,INE645L01011,
JUNIORBEES,EQ,190.0,191.4,189.9,190.64,191.35,191.07,7087,1350941.96,12-JUN-2015,170,INF732E01045,
JUSTDIAL,EQ,1105.9,1115.0,1092.8,1110.55,1113.0,1102.55,253149,279987524.3,12-JUN-2015,14891,INE599M01018,
JVLAGRO,EQ,13.5,13.9,13.3,13.7,13.6,13.65,29484,398839.25,12-JUN-2015,201,INE430G01026,
JYOTHYLAB,EQ,281.0,303.9,277.65,296.5,292.1,283.2,188553,55294542.2,12-JUN-2015,5572,INE668F01031,
JYOTISTRUC,EQ,21.9,21.9,20.95,21.15,21.2,21.9,235225,5011504.3,12-JUN-2015,1802,INE197A01024,
KABRAEXTRU,EQ,69.65,70.5,69.05,70.0,70.0,70.55,2542,177490.2,12-JUN-2015,87,INE900B01029,
KAJARIACER,EQ,765.0,772.8,750.0,758.7,757.0,762.25,33291,25400998.3,12-JUN-2015,3078,INE217B01028,
KAKATCEM,EQ,111.15,111.8,108.0,109.65,109.0,111.05,2810,310190.35,12-JUN-2015,30,INE437B01014,
KALINDEE,EQ,111.0,111.45,106.2,106.55,106.3,109.05,44681,4817203.15,12-JUN-2015,683,INE178D01010,
KALPATPOWR,EQ,226.5,242.35,226.25,232.45,233.0,227.35,491507,114684388.45,12-JUN-2015,8301,INE220B01022,
KALYANIFRG,BE,259.0,259.0,259.0,259.0,259.0,257.5,20,5180.0,12-JUN-2015,2,INE314G01014,
KAMATHOTEL,EQ,58.5,58.5,55.0,55.05,55.0,53.15,600,33745.5,12-JUN-2015,32,INE967C01018,
KANANIIND,EQ,6.0,6.0,6.0,6.0,6.0,6.25,24,144.0,12-JUN-2015,1,INE879E01037,
KANORICHEM,EQ,37.05,37.1,36.1,36.45,36.55,36.4,9270,339322.1,12-JUN-2015,167,INE138C01024,
KANSAINER,EQ,208.95,209.0,203.8,204.55,204.95,206.75,50844,10434548.9,12-JUN-2015,2041,INE531A01024,
KARMAENG,EQ,18.3,18.3,16.7,17.6,17.6,19.3,6,104.4,12-JUN-2015,6,INE725L01011,
KARURVYSYA,EQ,457.8,457.8,451.1,454.75,454.5,455.55,61249,27840045.6,12-JUN-2015,1549,INE036D01010,
KAUSHALYA,EQ,5.6,6.65,5.55,6.1,6.1,5.8,25399,154474.7,12-JUN-2015,108,INE234I01010,
KAVVERITEL,EQ,10.0,10.0,8.5,9.1,9.0,10.1,1975,18159.9,12-JUN-2015,19,INE641C01019,
KBIL,EQ,3850.0,3940.0,3850.0,3940.0,3940.0,3850.0,57,223950.0,12-JUN-2015,17,INE920K01010,
KCP,EQ,60.8,60.9,59.0,59.3,59.65,61.3,19899,1186618.15,12-JUN-2015,257,INE805C01028,
KCPSUGIND,EQ,16.4,16.45,15.75,15.95,16.0,16.1,38797,619682.25,12-JUN-2015,112,INE790B01024,
KEC,EQ,117.0,123.8,116.0,121.0,120.8,117.4,1906530,230215670.4,12-JUN-2015,19981,INE389H01022,
KECL,EQ,23.3,23.35,22.65,23.2,23.35,23.5,2099,48494.0,12-JUN-2015,47,INE134B01017,
KEI,EQ,60.9,62.8,60.15,62.15,62.65,60.9,161867,9978828.75,12-JUN-2015,1022,INE878B01027,
KEMROCK,EQ,16.3,16.8,15.5,16.15,16.15,16.85,19371,307015.2,12-JUN-2015,114,INE990B01012,
KERNEX,BE,40.0,41.8,40.0,40.5,40.5,41.0,16427,671840.6,12-JUN-2015,89,INE202H01019,
KESARENT,EQ,15.35,15.35,15.35,15.35,15.35,17.05,40,614.0,12-JUN-2015,2,INE133B01019,
KESORAMIND,EQ,74.0,74.0,69.85,70.5,71.0,74.0,655678,46996238.75,12-JUN-2015,8291,INE087A01019,
KGL,EQ,2.5,2.55,2.4,2.45,2.4,2.45,575266,1431865.3,12-JUN-2015,250,INE299C01024,
KHAITANELE,EQ,47.5,50.7,47.45,47.5,47.45,49.9,862,40954.55,12-JUN-2015,28,INE761A01019,
KICL,EQ,2360.35,2599.9,2360.3,2582.35,2583.0,2504.0,2823,7279356.95,12-JUN-2015,820,INE029L01018,
KIL,EQ,39.4,40.2,37.5,38.65,38.9,39.75,7470,289536.45,12-JUN-2015,72,INE390H01012,
KILITCH,EQ,25.5,27.5,25.5,25.8,26.35,26.25,5603,145380.6,12-JUN-2015,113,INE729D01010,
KIRIINDUS,EQ,95.9,96.0,92.75,93.7,93.75,95.25,16690,1574528.4,12-JUN-2015,381,INE415I01015,
KIRLOSBROS,EQ,185.9,188.0,178.0,185.0,186.9,183.2,1094,200019.7,12-JUN-2015,91,INE732A01036,
KIRLOSENG,EQ,270.15,271.0,268.0,269.05,269.0,270.1,3034,818009.9,12-JUN-2015,102,INE146L01010,
KIRLOSIND,EQ,579.15,579.15,560.0,567.8,569.0,535.85,1200,677802.05,12-JUN-2015,51,INE250A01039,
KITEX,EQ,897.5,897.5,870.1,877.8,880.0,887.3,60104,52847554.9,12-JUN-2015,2728,INE602G01020,
KKCL,EQ,2220.0,2220.0,2200.0,2200.0,2200.0,2220.0,112,246700.0,12-JUN-2015,12,INE401H01017,
KMSUGAR,EQ,2.1,2.25,2.0,2.05,2.05,2.2,4004,8403.95,12-JUN-2015,12,INE157H01023,
KNRCON,EQ,505.25,520.55,493.0,517.05,514.9,508.5,10208,5200520.45,12-JUN-2015,742,INE634I01011,
KOHINOOR,EQ,42.4,42.65,41.45,41.65,41.5,41.9,26457,1103610.7,12-JUN-2015,173,INE080B01012,
KOKUYOCMLN,EQ,77.0,80.2,77.0,78.45,78.8,77.4,56975,4477385.4,12-JUN-2015,527,INE760A01029,
KOLTEPATIL,EQ,204.0,206.5,202.4,204.75,204.9,204.75,30384,6229872.25,12-JUN-2015,994,INE094I01018,
KOPRAN,EQ,46.0,46.75,45.0,45.95,46.75,46.35,130792,5979432.1,12-JUN-2015,1300,INE082A01010,
KOTAKBANK,EQ,1272.2,1319.7,1264.2,1311.1,1313.25,1280.9,789481,1018036332.2,12-JUN-2015,19031,INE237A01028,
KOTAKBKETF,EQ,174.0,175.0,172.03,175.0,175.0,173.0,554,96387.61,12-JUN-2015,33,INF174K01F59,
KOTAKGOLD,EQ,241.05,242.7,241.0,241.8,241.65,241.6,40408,9770513.65,12-JUN-2015,494,INF373I01049,
KOTAKNIFTY,EQ,803.01,806.0,798.06,801.11,802.15,811.28,41874,33517326.13,12-JUN-2015,215,INF174K01518,
KOTAKPSUBK,EQ,330.0,330.0,320.0,323.32,324.0,322.0,659,212066.21,12-JUN-2015,34,INF373I01023,
KOTARISUG,EQ,5.65,5.7,5.3,5.45,5.6,5.6,7111,39770.1,12-JUN-2015,40,INE419A01022,
KOTHARIPET,EQ,13.3,13.3,12.7,12.8,12.75,12.9,2614,33879.9,12-JUN-2015,9,INE720A01015,
KOTHARIPRO,EQ,198.0,200.0,198.0,200.0,200.0,197.55,70,13979.5,12-JUN-2015,5,INE823A01017,
KPIT,EQ,101.9,102.4,99.6,100.95,101.0,101.95,259771,26170841.4,12-JUN-2015,4889,INE836A01035,
KPRMILL,EQ,561.0,591.0,546.0,572.35,569.3,569.15,38156,21854056.7,12-JUN-2015,2364,INE930H01015,
KRBL,EQ,166.0,170.0,161.2,167.3,166.65,166.0,95873,16017687.25,12-JUN-2015,1927,INE001B01026,
KSBPUMPS,EQ,551.95,566.5,547.9,551.75,554.0,557.4,2204,1218574.4,12-JUN-2015,221,INE999A01015,
KSCL,EQ,806.0,810.8,761.05,782.45,780.2,805.0,134618,105355272.4,12-JUN-2015,6426,INE455I01029,
KSERASERA,EQ,0.3,0.3,0.25,0.3,0.3,0.3,236106,65921.1,12-JUN-2015,75,INE216D01026,
KSK,EQ,41.1,41.75,39.05,39.8,39.8,41.3,87424,3514503.6,12-JUN-2015,958,INE143H01015,
KSL,EQ,110.25,112.3,109.5,110.45,110.0,111.3,18330,2024040.7,12-JUN-2015,421,INE907A01026,
KTIL,EQ,343.0,347.95,325.05,333.6,335.1,346.3,9046,3015454.8,12-JUN-2015,609,INE096L01017,
KTKBANK,EQ,127.8,128.5,126.4,127.95,128.3,127.85,1231103,156825018.35,12-JUN-2015,9031,INE614B01018,
KWALITY,EQ,48.0,49.35,47.0,48.4,48.4,47.35,293614,14249432.5,12-JUN-2015,2092,INE775B01025,
L&TFH,EQ,60.2,60.5,59.45,59.95,60.15,60.25,1839393,110248292.55,12-JUN-2015,13192,INE498L01015,
LAKPRE,EQ,37.0,37.0,36.1,36.1,36.1,38.0,102,3684.9,12-JUN-2015,6,INE651C01018,
LAKSHMIEFL,EQ,8.8,9.05,8.4,8.7,8.9,9.0,12502,110281.65,12-JUN-2015,95,INE992B01026,
LAKSHVILAS,EQ,92.35,92.45,90.95,92.2,91.7,92.35,449482,41272646.4,12-JUN-2015,4145,INE694C01018,
LAMBODHARA,EQ,656.5,673.0,627.2,638.5,641.95,651.3,237038,152857083.15,12-JUN-2015,10595,INE112F01014,
LAOPALA,EQ,345.2,354.4,345.0,351.6,352.0,347.15,30041,10509791.8,12-JUN-2015,1675,INE059D01020,
LAXMIMACH,EQ,3752.95,3804.95,3752.95,3784.0,3775.0,3771.45,1304,4947480.05,12-JUN-2015,331,INE269B01029,
LGBBROSLTD,EQ,469.95,478.55,460.0,471.8,475.0,467.6,1704,798414.25,12-JUN-2015,206,INE337A01034,
LGBFORGE,EQ,5.35,5.35,4.7,4.7,4.7,4.9,15333,74483.6,12-JUN-2015,42,INE201J01017,
LIBERTSHOE,EQ,213.6,213.75,209.3,210.6,210.05,215.4,30190,6385207.1,12-JUN-2015,858,INE557B01019,
LICHSGFIN,EQ,394.0,401.25,391.1,399.85,400.8,395.75,986260,392226405.55,12-JUN-2015,18270,INE115A01026,
LINCPEN,EQ,146.05,152.9,146.05,150.6,152.9,148.35,4274,640452.4,12-JUN-2015,75,INE802B01019,
LINDEINDIA,EQ,378.15,384.9,366.15,375.25,375.0,374.0,2487,934319.45,12-JUN-2015,630,INE473A01011,
LIQUIDBEES,EQ,999.99,1000.01,999.99,1000.0,1000.01,1000.0,574024,574024881.53,12-JUN-2015,7342,INF732E01037,
LITL,EQ,4.05,4.1,3.95,3.95,4.0,4.0,2334421,9342040.5,12-JUN-2015,1050,INE785C01048,
LLOYDELENG,EQ,186.0,186.7,183.15,185.0,186.6,187.4,100324,18572491.95,12-JUN-2015,1475,INE245C01019,
LML,EQ,6.05,6.1,5.95,6.05,6.05,6.05,104423,630960.05,12-JUN-2015,262,INE862A01015,
LOKESHMACH,EQ,70.0,71.0,68.7,70.6,70.9,70.0,6096,426179.05,12-JUN-2015,145,INE397H01017,
LOTUSEYE,EQ,12.75,12.75,10.7,11.0,11.0,11.45,12218,136382.4,12-JUN-2015,53,INE947I01017,
LOVABLE,EQ,266.05,266.05,257.0,259.7,259.65,265.65,42328,11037921.8,12-JUN-2015,1366,INE597L01014,
LPDC,EQ,3.0,3.55,3.0,3.2,3.2,3.2,4315,14041.1,12-JUN-2015,16,INE197J01017,
LT,EQ,1674.6,1683.2,1650.0,1657.45,1663.0,1676.15,1223406,2034311187.55,12-JUN-2015,57015,INE018A01030,
LUMAXAUTO,EQ,26.5,28.0,26.0,27.3,27.95,27.05,1014,27771.3,12-JUN-2015,44,INE547G01019,
LUMAXIND,EQ,298.05,302.95,286.0,293.1,298.0,292.2,1055,311139.8,12-JUN-2015,229,INE162B01018,
LUMAXTECH,EQ,230.1,233.9,220.55,227.2,227.9,230.05,6274,1420438.0,12-JUN-2015,452,INE872H01019,
LUPIN,EQ,1714.0,1728.5,1692.1,1721.6,1720.2,1705.65,676602,1158825970.5,12-JUN-2015,27724,INE326A01037,
LYCOS,EQ,41.9,41.9,41.9,41.9,41.9,44.1,14710,616349.0,12-JUN-2015,79,INE425B01027,
LYKALABS,EQ,59.95,62.9,57.1,58.15,58.0,60.25,99872,5903404.3,12-JUN-2015,969,INE933A01014,
LYPSAGEMS,EQ,62.5,63.9,62.0,62.1,62.1,62.15,20635,1298680.55,12-JUN-2015,105,INE142K01011,
M&M,EQ,1190.0,1199.0,1176.0,1192.95,1197.0,1187.6,603364,716105803.85,12-JUN-2015,38613,INE101A01026,
M&MFIN,EQ,235.7,239.9,235.25,237.8,238.5,236.75,830709,198006883.8,12-JUN-2015,15319,INE774D01024,
M100,EQ,13.24,13.24,12.7,12.85,12.88,12.9,20153,257840.99,12-JUN-2015,58,INF247L01023,
M50,EQ,75.28,76.49,75.28,75.79,75.79,76.43,2835,214715.07,12-JUN-2015,43,INF247L01536,
MAANALU,EQ,37.0,37.0,35.95,35.95,35.95,33.0,185,6687.5,12-JUN-2015,5,INE215I01019,
MADHAV,EQ,40.1,41.0,40.0,40.45,40.2,41.15,3346,135814.9,12-JUN-2015,41,INE925C01016,
MADHUCON,EQ,57.0,59.0,56.5,58.4,58.05,57.5,137756,8037937.1,12-JUN-2015,1798,INE378D01032,
MADRASFERT,EQ,14.25,14.6,14.2,14.5,14.6,14.45,5040,72666.75,12-JUN-2015,32,INE414A01015,
MAGMA,EQ,87.05,89.7,85.3,89.3,89.6,87.35,20173,1777148.65,12-JUN-2015,471,INE511C01022,
MAGNUM,EQ,2.4,2.4,2.4,2.4,2.4,2.7,56,134.4,12-JUN-2015,1,INE387I01016,
MAHABANK,EQ,35.9,36.0,34.9,35.6,35.45,35.3,68832,2434584.55,12-JUN-2015,646,INE457A01014,
MAHINDCIE,EQ,201.35,206.9,197.35,198.35,198.0,203.2,138183,27846570.9,12-JUN-2015,5515,INE536H01010,
MAHLIFE,EQ,426.0,430.8,425.0,426.2,425.5,430.15,5276,2251726.45,12-JUN-2015,488,INE813A01018,
MAHSCOOTER,EQ,990.5,997.9,976.2,983.95,987.95,987.25,4955,4897535.85,12-JUN-2015,513,INE288A01013,
MAHSEAMLES,EQ,198.95,198.95,186.4,188.0,187.0,189.35,9233,1742802.95,12-JUN-2015,321,INE271B01025,
MAITHANALL,EQ,215.0,215.5,207.0,209.5,207.55,209.6,2044,433428.2,12-JUN-2015,83,INE683C01011,
MANAKALUCO,EQ,4.5,4.75,4.35,4.45,4.45,4.55,316,1415.4,12-JUN-2015,7,INE859Q01017,
MANAKCOAT,EQ,3.75,3.75,3.75,3.75,3.75,3.9,103,386.25,12-JUN-2015,4,INE830Q01018,
MANAKINDST,EQ,7.35,7.4,6.75,7.35,6.85,7.05,4802,35102.8,12-JUN-2015,18,INE831Q01016,
MANAKSIA,EQ,45.5,46.45,45.05,46.0,46.0,45.75,3163,145041.05,12-JUN-2015,25,INE015D01022,
MANAKSTEEL,EQ,7.95,7.95,7.95,7.95,7.95,8.35,165,1311.75,12-JUN-2015,7,INE824Q01011,
MANALIPETC,EQ,14.75,15.3,14.75,14.95,15.0,14.7,238527,3588036.45,12-JUN-2015,621,INE201A01024,
MANAPPURAM,EQ,27.15,28.85,26.6,28.05,27.95,27.1,1345373,37245537.2,12-JUN-2015,8419,INE522D01027,
MANDHANA,EQ,248.0,260.0,242.4,253.6,256.0,246.1,14199,3596953.25,12-JUN-2015,235,INE087J01010,
MANGALAM,EQ,74.7,74.7,74.7,74.7,74.7,78.6,9009,672972.3,12-JUN-2015,55,INE584F01014,
MANGCHEFER,EQ,57.6,58.95,56.1,56.8,56.5,56.2,99847,5720796.5,12-JUN-2015,2063,INE558B01017,
MANGLMCEM,EQ,225.7,239.45,224.1,229.95,233.5,225.65,42593,9781388.8,12-JUN-2015,1256,INE347A01017,
MANGTIMBER,EQ,8.0,9.2,8.0,9.2,9.2,8.45,4162,37490.8,12-JUN-2015,13,INE805B01012,
MANINDS,EQ,72.55,74.9,71.1,73.45,74.0,72.5,245719,17987918.8,12-JUN-2015,2398,INE993A01026,
MANINFRA,EQ,44.5,45.25,44.0,44.75,44.9,44.65,457513,20413669.4,12-JUN-2015,1575,INE949H01023,
MANUGRAPH,EQ,33.8,33.8,31.2,32.0,32.0,31.55,5278,167438.35,12-JUN-2015,25,INE867A01022,
MARALOVER,EQ,24.05,25.4,23.25,25.0,25.0,24.5,24566,605525.1,12-JUN-2015,119,INE882A01013,
MARICO,EQ,405.0,416.9,405.0,413.75,414.5,405.65,334403,138126231.75,12-JUN-2015,15208,INE196A01026,
MARKSANS,EQ,57.5,57.9,56.5,57.65,57.6,57.35,727935,41756487.55,12-JUN-2015,3500,INE750C01026,
MARUTI,EQ,3701.1,3755.0,3695.5,3736.8,3754.0,3701.4,173412,645358714.5,12-JUN-2015,12190,INE585B01010,
MASTEK,BE,150.0,155.0,142.5,148.95,149.0,438.05,275509,40350943.05,12-JUN-2015,3450,INE759A01021,
MAWANASUG,EQ,7.9,7.9,7.05,7.65,7.65,7.65,14744,112986.75,12-JUN-2015,53,INE636A01039,
MAX,EQ,479.0,481.2,464.0,467.2,467.0,481.4,269640,127666416.5,12-JUN-2015,8083,INE180A01020,
MAXWELL,EQ,58.5,59.7,57.5,57.7,57.5,58.75,256574,14988212.75,12-JUN-2015,1760,INE450G01024,
MAYURUNIQ,EQ,404.05,405.0,399.55,404.25,405.0,405.0,11190,4514201.2,12-JUN-2015,495,INE040D01038,
MBECL,EQ,66.25,67.7,65.1,65.9,65.8,66.55,28861,1914238.2,12-JUN-2015,328,INE748A01016,
MBLINFRA,EQ,508.1,520.0,500.95,510.0,503.05,510.25,32376,16546501.2,12-JUN-2015,402,INE912H01013,
MCDHOLDING,EQ,27.4,27.45,25.75,26.1,26.0,27.6,18266,483160.55,12-JUN-2015,157,INE836H01014,
MCDOWELL-N,EQ,3549.05,3595.0,3500.0,3577.65,3586.0,3549.05,109244,389012107.15,12-JUN-2015,11806,INE854D01016,
MCLEODRUSS,EQ,233.5,235.45,229.6,232.15,231.1,234.15,82888,19232250.5,12-JUN-2015,5065,INE942G01012,
MCX,EQ,965.7,972.9,950.0,954.95,952.75,962.9,185018,177611588.25,12-JUN-2015,7445,INE745G01035,
MEGASOFT,EQ,4.65,5.0,4.3,5.0,4.9,4.85,16385,78048.8,12-JUN-2015,48,INE933B01012,
MEGH,EQ,15.0,15.25,14.9,15.0,15.0,15.0,105266,1582678.35,12-JUN-2015,375,INE974H01013,
MENONBE,EQ,38.5,39.5,37.0,37.6,37.55,38.4,5131,193504.25,12-JUN-2015,30,INE071D01033,
MEP,EQ,52.1,53.0,50.5,51.6,51.0,53.05,359642,18782649.6,12-JUN-2015,772,INE776I01010,
MERCATOR,EQ,16.0,16.15,15.7,15.75,15.75,16.0,257322,4067868.85,12-JUN-2015,863,INE934B01028,
MERCK,EQ,825.0,850.95,813.25,826.95,826.5,831.35,18539,15398100.6,12-JUN-2015,1380,INE199A01012,
METALFORGE,EQ,151.2,153.75,143.0,144.55,145.7,152.15,180238,26284564.4,12-JUN-2015,3010,INE425A01011,
METKORE,EQ,4.75,5.1,4.4,4.45,4.5,4.85,113839,518663.9,12-JUN-2015,463,INE592I01029,
MHRIL,EQ,243.0,243.0,235.05,238.0,239.3,240.95,24944,5938490.6,12-JUN-2015,634,INE998I01010,
MIC,EQ,11.95,12.95,11.95,12.2,12.3,12.1,642514,7969594.8,12-JUN-2015,1277,INE287C01029,
MICROSEC,EQ,77.85,78.0,75.05,75.95,76.0,77.15,4273,327661.55,12-JUN-2015,98,INE019J01013,
MINDACORP,EQ,90.05,94.0,90.0,92.1,92.0,90.1,28219,2604551.6,12-JUN-2015,274,INE842C01021,
MINDAIND,EQ,499.95,510.0,476.05,480.9,478.0,505.35,3035,1488235.85,12-JUN-2015,303,INE405E01015,
MINDTREE,EQ,1331.0,1360.0,1271.0,1297.25,1301.6,1349.0,199128,260961190.85,12-JUN-2015,16173,INE018I01017,
MIRCELECTR,EQ,11.8,12.35,11.4,12.35,12.35,11.8,107396,1303770.8,12-JUN-2015,434,INE831A01028,
MIRZAINT,EQ,75.55,75.55,72.6,73.4,73.3,75.55,217326,16023002.1,12-JUN-2015,2442,INE771A01026,
MMFL,EQ,571.0,589.0,561.0,580.15,584.25,577.2,5477,3147266.55,12-JUN-2015,469,INE227C01017,
MMTC,EQ,42.95,42.95,41.5,41.95,41.85,43.0,244590,10290342.8,12-JUN-2015,1958,INE123F01029,
MOHITIND,EQ,55.0,56.9,52.25,54.15,52.5,54.35,26684,1443886.7,12-JUN-2015,277,INE954E01012,
MOIL,EQ,251.05,251.05,241.1,246.05,246.0,249.75,257104,63713049.4,12-JUN-2015,3812,INE490G01020,
MOLDTKPAC,EQ,181.0,185.95,180.0,181.65,182.7,182.45,3642,665231.2,12-JUN-2015,173,INE893J01011,
MONNETISPA,EQ,31.9,32.05,30.1,30.5,30.5,31.8,123063,3779892.5,12-JUN-2015,1386,INE743C01013,
MONSANTO,EQ,2631.0,2687.0,2630.0,2682.4,2683.0,2669.75,17595,46978495.5,12-JUN-2015,2365,INE274B01011,
MONTECARLO,EQ,517.75,519.95,503.0,513.35,515.95,518.65,6351,3251785.6,12-JUN-2015,782,INE950M01013,
MORARJEE,EQ,40.5,41.5,40.4,41.3,41.5,41.3,2297,94595.35,12-JUN-2015,19,INE161G01027,
MOREPENLAB,EQ,11.7,12.0,10.9,11.65,11.95,11.45,1061735,12192361.15,12-JUN-2015,1750,INE083A01026,
MOSERBAER,EQ,10.65,10.8,10.4,10.55,10.45,10.55,483626,5109038.85,12-JUN-2015,1112,INE739A01015,
MOTHERSUMI,EQ,475.8,482.45,471.25,472.4,473.0,476.3,729026,346969641.4,12-JUN-2015,19338,INE775A01035,
MOTILALOFS,EQ,294.2,295.05,282.0,284.8,287.95,287.35,35061,10029118.6,12-JUN-2015,441,INE338I01027,
MPHASIS,EQ,375.05,379.0,374.5,375.05,375.9,377.2,24418,9179690.65,12-JUN-2015,1186,INE356A01018,
MPSLTD,EQ,826.05,843.8,814.1,824.5,818.1,830.1,3342,2774826.55,12-JUN-2015,350,INE943D01017,
MRF,EQ,31995.0,32149.9,31360.0,31878.05,31950.0,31856.4,8506,270552784.65,12-JUN-2015,3717,INE883A01011,
MRO-TEK,EQ,10.2,10.85,10.2,10.4,10.35,10.4,1904,20328.15,12-JUN-2015,28,INE398B01018,
MRPL,EQ,66.0,75.0,66.0,71.5,70.65,66.1,4010982,288297304.0,12-JUN-2015,25492,INE103A01014,
MSPL,EQ,12.1,13.4,11.65,13.15,13.4,12.75,6777,87262.2,12-JUN-2015,48,INE752G01015,
MTEDUCARE,EQ,106.75,107.15,103.45,104.1,104.3,107.1,27318,2881485.35,12-JUN-2015,576,INE472M01018,
MTNL,EQ,15.35,15.35,14.8,14.95,15.0,15.15,323947,4860126.65,12-JUN-2015,1268,INE153A01019,
MUKANDENGG,EQ,22.05,22.2,21.75,22.2,22.2,21.75,2027,44494.0,12-JUN-2015,17,INE022B01014,
MUKANDLTD,EQ,35.25,35.95,34.2,35.6,35.05,35.15,8644,302365.2,12-JUN-2015,100,INE304A01026,
MUKTAARTS,EQ,27.6,29.0,27.6,29.0,29.0,28.0,20,566.0,12-JUN-2015,2,INE374B01019,
MUNJALAU,EQ,69.8,71.0,69.1,70.7,70.8,70.2,12793,896006.8,12-JUN-2015,172,INE672B01032,
MUNJALSHOW,EQ,160.0,163.3,157.1,159.4,160.1,159.4,15486,2483200.65,12-JUN-2015,397,INE577A01027,
MURLIIND,BE,4.8,4.8,4.8,4.8,4.8,4.85,101,484.8,12-JUN-2015,2,INE806B01028,
MURUDCERA,EQ,19.0,19.25,18.65,19.15,19.2,19.0,10884,207067.25,12-JUN-2015,42,INE692B01014,
MUTHOOTFIN,EQ,185.0,187.25,182.85,186.0,186.0,185.2,77128,14280056.65,12-JUN-2015,2204,INE414G01012,
MVL,EQ,0.2,0.25,0.15,0.2,0.2,0.2,906480,176545.3,12-JUN-2015,118,INE744I01034,
MYSOREBANK,EQ,451.05,455.8,447.5,452.95,450.7,451.65,1382,623854.3,12-JUN-2015,141,INE651A01020,
N100,EQ,284.79,284.8,278.7,279.8,281.4,280.19,2625,735726.53,12-JUN-2015,79,INF247L01031,
NAGAROIL,EQ,3.8,4.0,3.7,3.75,3.75,3.85,138218,524914.5,12-JUN-2015,160,INE453M01018,
NAGREEKCAP,EQ,14.05,15.35,14.05,15.2,14.05,14.75,541,7909.05,12-JUN-2015,7,INE245I01016,
NAGREEKEXP,EQ,18.0,20.65,16.7,19.45,18.25,18.5,166,2932.3,12-JUN-2015,15,INE123B01028,
NAHARCAP,EQ,65.0,65.0,65.0,65.0,65.0,65.0,2887,187655.0,12-JUN-2015,6,INE049I01012,
NAHARINDUS,EQ,48.0,48.5,45.0,46.55,46.5,47.0,7876,373973.35,12-JUN-2015,50,INE289A01011,
NAHARPOLY,EQ,24.3,24.55,24.25,24.55,24.55,24.4,2194,53554.5,12-JUN-2015,4,INE308A01027,
NAHARSPING,EQ,91.4,91.4,89.1,89.4,89.1,90.05,5214,469511.5,12-JUN-2015,135,INE290A01027,
NAKODA,EQ,0.9,0.95,0.85,0.9,0.95,0.9,428816,396124.55,12-JUN-2015,267,INE559B01023,
NATCOPHARM,EQ,2050.1,2055.6,1950.0,2020.95,2033.0,2050.1,49242,99327980.45,12-JUN-2015,4306,INE987B01018,
NATHBIOGEN,EQ,95.15,99.0,95.15,97.7,98.5,95.55,4388,426431.25,12-JUN-2015,41,INE448G01010,
NATIONALUM,EQ,41.0,42.5,40.75,40.9,40.85,41.65,1148585,47538307.6,12-JUN-2015,12750,INE139A01034,
NATNLSTEEL,BE,13.15,14.4,13.15,13.95,14.25,13.75,21545,285364.2,12-JUN-2015,52,INE088B01015,
NAUKRI,EQ,818.9,833.7,803.1,821.0,820.0,814.35,82147,67059158.15,12-JUN-2015,8379,INE663F01024,
NAVINFLUOR,EQ,891.0,897.8,869.95,877.2,884.7,882.75,3095,2710988.1,12-JUN-2015,219,INE048G01018,
NAVNETEDUL,EQ,92.8,95.0,92.0,94.9,94.9,92.9,24454,2301743.5,12-JUN-2015,554,INE060A01024,
NBCC,EQ,743.0,758.0,734.9,753.4,758.0,742.35,255898,191460929.5,12-JUN-2015,10232,INE095N01015,
NBVENTURES,EQ,148.1,151.05,145.0,145.5,145.8,147.45,5601,826240.55,12-JUN-2015,242,INE725A01022,
NCC,EQ,71.6,71.7,57.7,70.25,70.35,72.1,4042773,283806019.0,12-JUN-2015,21529,INE868B01028,
NCLIND,EQ,57.2,57.95,56.05,56.4,56.2,57.2,10238,581574.55,12-JUN-2015,152,INE732C01016,
NCOPPER,BE,1.5,1.5,1.5,1.5,1.5,1.55,3620,5430.0,12-JUN-2015,9,INE846H01039,
NDL,EQ,81.45,82.05,79.6,81.8,81.7,81.0,51117,4145918.05,12-JUN-2015,853,INE875G01030,
NDTV,EQ,101.0,103.15,97.0,99.75,101.1,100.55,159038,15934447.45,12-JUN-2015,2933,INE155G01029,
NECLIFE,EQ,29.8,30.5,28.7,29.25,29.15,30.3,334995,9904230.3,12-JUN-2015,1481,INE023H01027,
NELCAST,EQ,34.0,34.4,32.75,33.85,33.95,32.95,3897,130962.65,12-JUN-2015,81,INE189I01024,
NELCO,EQ,61.95,62.35,59.45,60.35,60.3,61.25,39902,2430995.25,12-JUN-2015,532,INE045B01015,
NEPCMICON,BE,1.9,2.0,1.9,1.9,1.9,1.95,2225,4335.5,12-JUN-2015,9,INE588A01016,
NESCO,EQ,1539.95,1554.05,1503.55,1516.35,1516.0,1552.55,855,1301655.0,12-JUN-2015,158,INE317F01027,
NESTLEIND,EQ,6184.5,6184.5,5925.35,6087.2,6085.0,6164.7,104699,637921496.65,12-JUN-2015,17079,INE239A01016,
NET4,EQ,2.7,2.7,2.7,2.7,2.7,2.8,100,270.0,12-JUN-2015,1,INE553E01012,
NETWORK18,EQ,49.7,53.5,49.7,51.1,51.2,50.25,777601,40430452.45,12-JUN-2015,5102,INE870H01013,
NEULANDLAB,EQ,337.0,353.0,325.1,349.75,349.2,340.7,9699,3297213.8,12-JUN-2015,355,INE794A01010,
NEXTMEDIA,EQ,9.25,9.25,8.6,8.95,8.75,9.0,5350,47440.15,12-JUN-2015,44,INE747B01016,
NEYVELILIG,EQ,75.3,77.9,75.3,76.6,77.0,75.9,79105,6058281.75,12-JUN-2015,1038,INE589A01014,
NFL,EQ,25.25,25.5,25.05,25.25,25.45,25.5,58637,1480149.7,12-JUN-2015,284,INE870D01012,
NGCT,EQ,0.75,0.75,0.75,0.75,0.75,0.75,5000,3750.0,12-JUN-2015,1,INE970N01019,
NHPC,EQ,18.85,19.15,18.8,19.0,19.05,18.85,1184772,22374159.5,12-JUN-2015,17366,INE848E01016,
NIBL,EQ,28.05,33.9,28.05,32.35,32.75,29.05,19914,615246.85,12-JUN-2015,129,INE047O01014,
NICCO,EQ,0.3,0.35,0.3,0.35,0.35,0.35,22000,6700.0,12-JUN-2015,3,INE241C01026,
NIFTYBEES,EQ,802.01,806.9,801.01,805.87,805.96,804.66,39443,31736244.69,12-JUN-2015,1412,INF732E01011,
NIITLTD,EQ,38.7,38.7,37.25,37.6,37.95,37.95,127086,4794879.15,12-JUN-2015,1159,INE161A01038,
NIITTECH,EQ,386.9,386.9,381.4,383.15,382.5,384.95,4545,1741155.5,12-JUN-2015,245,INE591G01017,
NILAINFRA,EQ,6.4,7.4,6.4,7.0,7.0,6.8,2624,17464.5,12-JUN-2015,15,INE937C01029,
NILKAMAL,EQ,526.9,544.0,522.0,534.95,534.25,530.85,81822,43839251.95,12-JUN-2015,3182,INE310A01015,
NIPPOBATRY,EQ,665.0,682.9,663.4,675.0,675.0,672.15,406,274233.45,12-JUN-2015,27,INE567A01010,
NITCO,EQ,17.6,17.6,16.6,17.05,17.45,17.5,13548,233619.35,12-JUN-2015,117,INE858F01012,
NITESHEST,EQ,13.6,14.0,13.6,13.85,14.0,13.6,48110,661840.25,12-JUN-2015,218,INE639K01016,
NITINFIRE,EQ,28.2,28.3,27.0,27.75,27.9,28.15,159838,4441275.65,12-JUN-2015,719,INE489H01020,
NITINSPIN,EQ,52.8,57.5,52.8,55.35,55.35,53.75,248151,13695916.0,12-JUN-2015,2260,INE229H01012,
NMDC,EQ,117.1,118.05,114.4,115.1,115.4,118.15,1428222,164770505.75,12-JUN-2015,13923,INE584A01023,
NOCIL,EQ,39.45,39.75,38.75,39.4,39.4,39.4,350992,13822916.05,12-JUN-2015,1550,INE163A01018,
NOESISIND,EQ,0.3,0.3,0.3,0.3,0.3,0.25,181,54.3,12-JUN-2015,1,INE141B01020,
NOIDATOLL,EQ,31.6,31.9,31.6,31.75,31.75,31.8,49658,1572985.75,12-JUN-2015,182,INE781B01015,
NRBBEARING,EQ,97.5,98.9,96.0,97.45,97.55,97.95,10307,1005395.45,12-JUN-2015,173,INE349A01021,
NSIL,EQ,615.0,615.0,610.05,611.1,610.05,629.0,129,79222.65,12-JUN-2015,5,INE023A01030,
NTPC,EQ,136.0,137.5,135.6,136.5,136.55,136.55,3900565,532738018.65,12-JUN-2015,17289,INE733E01010,
NUCLEUS,EQ,247.7,253.85,238.2,241.7,242.0,247.7,147507,36089154.5,12-JUN-2015,4256,INE096B01018,
NUTEK,EQ,0.45,0.5,0.45,0.45,0.5,0.45,57252,27453.7,12-JUN-2015,26,INE318J01027,
OBEROIRLTY,EQ,289.0,289.45,277.35,285.8,285.05,281.35,42216,12012822.1,12-JUN-2015,2586,INE093I01010,
OCL,EQ,486.7,497.0,475.0,483.6,476.0,494.25,1468,709182.85,12-JUN-2015,206,INE290B01025,
OFSS,EQ,3550.0,3656.0,3481.35,3611.4,3609.0,3530.7,70835,255072478.65,12-JUN-2015,6767,INE881D01027,
OIL,EQ,467.0,474.5,467.0,470.1,470.5,467.8,276087,129914186.75,12-JUN-2015,12919,INE274J01014,
OILCOUNTUB,EQ,28.4,28.5,27.25,27.55,27.75,27.75,4226,117482.6,12-JUN-2015,70,INE591A01010,
OISL,EQ,23.8,25.0,22.55,24.95,24.95,24.2,19670,479438.35,12-JUN-2015,162,INE196J01019,
OMAXAUTO,EQ,41.5,42.9,40.15,40.15,40.15,41.0,2101,85381.25,12-JUN-2015,29,INE090B01011,
OMAXE,EQ,132.45,132.85,131.7,132.15,132.05,132.0,332478,43963576.8,12-JUN-2015,4610,INE800H01010,
OMKARCHEM,EQ,156.5,158.35,152.1,157.4,157.0,157.35,59232,9107448.8,12-JUN-2015,1076,INE474L01016,
OMMETALS,EQ,30.1,30.9,28.5,29.8,29.7,30.3,28203,837169.35,12-JUN-2015,320,INE239D01028,
OMNITECH,EQ,5.8,6.9,5.55,6.0,6.0,5.95,6527,40859.05,12-JUN-2015,26,INE810H01019,
ONELIFECAP,EQ,64.45,65.9,61.0,61.9,62.0,63.35,93295,5849450.2,12-JUN-2015,1607,INE912L01015,
ONGC,EQ,301.0,302.95,299.5,300.4,301.25,301.0,1949630,587316593.0,12-JUN-2015,27757,INE213A01029,
ONMOBILE,EQ,80.0,82.9,78.5,81.2,80.7,80.0,528805,42751725.95,12-JUN-2015,5000,INE809I01019,
ONWARDTEC,EQ,49.25,49.25,44.25,46.0,46.75,45.1,2717,126236.25,12-JUN-2015,35,INE229A01017,
OPTOCIRCUI,EQ,18.5,18.65,18.2,18.25,18.25,18.55,450476,8266429.7,12-JUN-2015,1344,INE808B01016,
ORBITCORP,EQ,7.5,7.55,7.1,7.5,7.5,7.55,330937,2431018.4,12-JUN-2015,1037,INE628H01015,
ORBTEXP,EQ,370.1,378.0,365.0,373.35,374.8,370.45,1430,529234.85,12-JUN-2015,53,INE231G01010,
ORCHIDCHEM,EQ,44.4,45.8,43.6,44.95,44.55,42.85,1099702,49298218.25,12-JUN-2015,9646,INE191A01019,
ORIENTABRA,EQ,25.1,25.35,25.1,25.3,25.35,25.25,94567,2386958.4,12-JUN-2015,129,INE569C01020,
ORIENTALTL,EQ,1.9,1.9,1.9,1.9,1.9,2.0,1000,1900.0,12-JUN-2015,2,INE998H01012,
ORIENTBANK,EQ,174.5,176.6,171.4,174.4,174.55,174.7,1540281,268032214.85,12-JUN-2015,14570,INE141A01014,
ORIENTBELL,EQ,128.7,133.9,127.4,129.8,129.5,129.55,12043,1568949.25,12-JUN-2015,369,INE607D01018,
ORIENTCEM,EQ,163.5,165.45,153.55,164.1,164.0,163.55,209978,33968683.25,12-JUN-2015,1943,INE876N01018,
ORIENTHOT,EQ,19.0,19.0,19.0,19.0,19.0,18.9,200,3800.0,12-JUN-2015,1,INE750A01020,
ORIENTLTD,EQ,65.0,65.0,61.0,61.85,61.0,66.95,33,2084.4,12-JUN-2015,6,INE609C01024,
ORIENTPPR,EQ,23.4,23.4,22.15,22.5,22.6,22.7,26677,603874.95,12-JUN-2015,259,INE592A01026,
ORIENTREF,EQ,88.0,90.7,87.05,88.8,88.15,88.55,3125,278702.6,12-JUN-2015,64,INE743M01012,
ORISSAMINE,EQ,2250.0,2271.1,2215.0,2235.15,2230.0,2263.35,2502,5592949.45,12-JUN-2015,693,INE725E01024,
ORTEL,EQ,166.05,172.5,166.05,171.1,171.9,173.05,868,146455.45,12-JUN-2015,23,INE849L01019,
OUDHSUG,EQ,16.0,16.65,16.0,16.25,16.25,16.05,3811,61751.0,12-JUN-2015,62,INE594A01014,
PAEL,EQ,16.25,17.15,16.25,16.25,16.25,16.75,2102,34158.4,12-JUN-2015,7,INE766A01018,
PAGEIND,EQ,14000.0,14021.0,13500.0,13866.5,13830.0,14022.55,15845,218876108.45,12-JUN-2015,4530,INE761H01022,
PALRED,EQ,34.0,35.45,32.15,35.45,35.45,33.8,476934,16331877.45,12-JUN-2015,2910,INE218G01017,
PANACEABIO,EQ,122.05,125.7,121.5,122.9,122.55,122.95,20277,2502114.5,12-JUN-2015,610,INE922B01023,
PANAMAPET,EQ,57.0,57.2,54.6,54.75,54.75,57.95,453,25635.55,12-JUN-2015,12,INE305C01029,
PANORAMUNI,EQ,9.9,9.9,9.25,9.5,9.75,9.85,36535,347427.05,12-JUN-2015,156,INE194B01029,
PAPERPROD,EQ,219.0,222.0,215.35,216.3,216.0,220.9,18916,4139234.2,12-JUN-2015,317,INE275B01026,
PARABDRUGS,EQ,8.65,8.65,8.05,8.1,8.15,8.45,153015,1262735.05,12-JUN-2015,178,INE618H01016,
PARACABLES,EQ,2.45,2.65,2.45,2.55,2.65,2.55,38526,94624.65,12-JUN-2015,21,INE074B01023,
PARASPETRO,BE,0.15,0.2,0.15,0.2,0.2,0.15,11786,2072.4,12-JUN-2015,8,INE162C01024,
PARRYSUGAR,EQ,15.6,15.6,14.35,14.7,14.85,15.55,4334,64382.15,12-JUN-2015,23,INE353B01021,
PARSVNATH,EQ,20.35,21.35,20.25,21.15,21.25,20.75,244347,5114444.2,12-JUN-2015,752,INE561H01026,
PATELENG,EQ,67.4,68.0,66.15,67.25,67.2,67.45,63527,4260264.05,12-JUN-2015,964,INE244B01030,
PATINTLOG,EQ,90.0,91.7,89.05,90.45,90.3,90.15,40469,3669397.35,12-JUN-2015,650,INE529D01014,
PBAINFRA,EQ,13.9,14.4,12.8,13.65,13.75,13.95,4798,63794.4,12-JUN-2015,69,INE160H01019,
PCJEWELLER,EQ,332.0,333.3,318.1,326.6,326.0,327.1,71033,23061785.0,12-JUN-2015,2712,INE785M01013,
PDPL,EQ,21.6,21.6,21.0,21.0,21.5,21.2,4665,98362.5,12-JUN-2015,26,INE904D01019,
PDSMFL,EQ,200.0,210.0,199.0,206.7,210.0,200.0,2133,432413.4,12-JUN-2015,37,INE111Q01013,
PDUMJEPULP,EQ,25.5,26.3,25.5,26.05,25.75,26.0,26455,685819.95,12-JUN-2015,103,INE606A01024,
PEARLPOLY,EQ,11.9,11.9,10.45,11.4,11.4,11.95,1008,11289.15,12-JUN-2015,16,INE844A01013,
PEL,EQ,949.95,962.9,932.0,937.95,943.9,944.7,45079,42628420.95,12-JUN-2015,4406,INE140A01024,
PENIND,EQ,44.8,45.3,43.4,44.5,44.25,44.9,220933,9813055.2,12-JUN-2015,1127,INE932A01024,
PENINLAND,EQ,23.0,23.0,22.25,22.5,22.65,23.25,115242,2596598.1,12-JUN-2015,726,INE138A01028,
PERSISTENT,EQ,739.45,741.95,711.55,726.55,729.0,739.45,40866,29743466.5,12-JUN-2015,4088,INE262H01013,
PETRONENGG,EQ,225.25,229.0,218.5,222.8,224.0,225.3,696,155365.6,12-JUN-2015,41,INE742A01019,
PETRONET,EQ,175.05,176.4,173.05,175.25,175.4,175.9,437600,76446208.05,12-JUN-2015,6426,INE347G01014,
PFC,EQ,256.0,262.2,255.55,258.95,259.0,258.0,774001,200209198.55,12-JUN-2015,16476,INE134E01011,
PFIZER,EQ,1961.5,1968.0,1905.0,1938.0,1938.9,1970.85,17608,34109927.45,12-JUN-2015,2274,INE182A01018,
PFOCUS,EQ,40.75,41.8,39.75,40.9,41.1,40.4,43543,1771402.6,12-JUN-2015,387,INE367G01038,
PFRL,EQ,167.25,170.0,164.0,169.1,169.05,166.95,35057,5873841.55,12-JUN-2015,763,INE647O01011,
PFS,EQ,38.7,38.9,37.6,38.4,38.7,38.75,1313355,50168859.45,12-JUN-2015,5335,INE560K01014,
PGEL,EQ,86.2,90.0,83.0,85.95,84.5,87.65,31805,2719312.5,12-JUN-2015,161,INE457L01011,
PGHH,EQ,6375.0,6375.0,6205.0,6261.45,6260.0,6306.65,1949,12172011.5,12-JUN-2015,950,INE179A01014,
PGIL,EQ,222.0,231.0,205.75,225.7,231.0,220.05,4861,1076999.1,12-JUN-2015,64,INE940H01014,
PHILIPCARB,EQ,104.65,106.6,103.1,103.95,105.0,104.65,28006,2930195.8,12-JUN-2015,391,INE602A01015,
PHOENIXLL,EQ,108.0,109.7,107.05,107.5,107.25,107.6,26070,2827488.15,12-JUN-2015,388,INE455B01016,
PHOENIXLTD,EQ,341.45,367.0,341.45,361.2,364.0,344.35,17529,6229467.25,12-JUN-2015,399,INE211B01039,
PIDILITIND,EQ,539.3,541.9,535.2,537.8,538.8,539.35,262965,141514685.85,12-JUN-2015,2840,INE318A01026,
PIIND,EQ,625.0,644.0,599.05,614.6,616.2,633.65,106407,65265775.25,12-JUN-2015,6936,INE603J01030,
PILIND,EQ,17.4,17.5,16.1,16.3,16.2,16.95,30003,500837.2,12-JUN-2015,149,INE600A01027,
PIONDIST,EQ,70.7,71.4,68.95,69.2,71.4,68.05,3006,207950.7,12-JUN-2015,41,INE889E01010,
PIONEEREMB,EQ,32.15,34.4,32.15,33.15,33.0,33.3,24703,818338.25,12-JUN-2015,315,INE156C01018,
PIPAVAVDOC,EQ,59.45,59.6,59.1,59.3,59.35,59.45,318017,18876234.55,12-JUN-2015,1369,INE542F01012,
PIRPHYTO,EQ,34.5,35.5,33.6,35.25,35.4,34.05,6312,217068.4,12-JUN-2015,84,INE122J01015,
PITTILAM,EQ,54.0,54.8,50.55,53.95,54.4,53.2,35157,1876259.95,12-JUN-2015,709,INE450D01021,
PLASTIBLEN,EQ,261.0,268.0,255.0,262.45,260.0,264.8,9073,2391076.35,12-JUN-2015,290,INE083C01022,
PLETHICO,EQ,29.0,29.85,26.5,27.0,26.8,29.3,79990,2273761.0,12-JUN-2015,662,INE491H01018,
PNB,EQ,131.75,134.15,131.25,131.9,132.15,132.45,3774860,499736175.7,12-JUN-2015,28485,INE160A01022,
PNBGILTS,EQ,26.9,27.0,26.4,26.6,26.7,26.85,120162,3207986.6,12-JUN-2015,712,INE859A01011,
PNC,EQ,10.65,10.65,10.65,10.65,10.65,11.0,4,42.6,12-JUN-2015,1,INE392B01011,
PNCINFRA,EQ,375.0,379.5,371.6,376.05,372.5,374.6,90091,33711353.8,12-JUN-2015,627,INE195J01011,
POCHIRAJU,EQ,26.2,26.2,26.2,26.2,26.2,27.55,19306,505817.2,12-JUN-2015,41,INE332G01032,
POLARIS,EQ,169.7,171.8,160.4,161.3,161.3,169.7,433472,71407024.45,12-JUN-2015,8409,INE763A01023,
POLYMED,EQ,482.2,493.5,471.0,488.0,490.0,488.05,6547,3171976.75,12-JUN-2015,448,INE205C01021,
POLYPLEX,EQ,182.25,182.55,176.05,179.5,180.0,181.25,16482,2956059.5,12-JUN-2015,480,INE633B01018,
PONNIERODE,EQ,130.0,134.95,130.0,132.7,132.5,139.45,355,46787.3,12-JUN-2015,7,INE838E01017,
POWERGRID,EQ,145.5,145.95,142.25,145.4,145.7,146.0,1470673,212433903.15,12-JUN-2015,7488,INE752E01010,
PPAP,EQ,92.05,93.95,91.1,92.7,93.95,92.75,207,19059.1,12-JUN-2015,6,INE095I01015,
PRAENG,EQ,5.2,5.85,5.1,5.65,5.65,5.35,26009,146498.3,12-JUN-2015,101,INE505C01016,
PRAJIND,EQ,82.45,90.8,81.5,89.55,90.0,82.55,3415194,299502128.6,12-JUN-2015,20835,INE074A01025,
PRAKASH,EQ,33.6,33.6,30.8,30.95,31.2,32.5,138253,4338134.95,12-JUN-2015,1623,INE603A01013,
PRAKASHCON,EQ,1.8,1.8,1.75,1.75,1.75,1.8,27157,47539.75,12-JUN-2015,15,INE023M01027,
PRAKASHSTL,EQ,115.0,119.6,111.0,114.95,111.25,114.0,33708,3844424.45,12-JUN-2015,140,INE696K01016,
PRATIBHA,EQ,36.3,36.8,35.55,35.8,36.0,36.3,120603,4350248.7,12-JUN-2015,713,INE308H01022,
PRECOT,EQ,51.5,51.5,51.15,51.15,51.15,53.0,90,4609.0,12-JUN-2015,3,INE283A01014,
PRECWIRE,EQ,114.0,114.05,110.2,113.6,112.0,112.45,4615,523658.7,12-JUN-2015,58,INE372C01011,
PREMIER,EQ,34.5,34.8,32.7,33.4,33.95,34.6,3828,127996.3,12-JUN-2015,72,INE342A01018,
PRESSMN,EQ,35.35,35.35,33.0,33.15,33.0,34.05,1280,42847.85,12-JUN-2015,18,INE980A01023,
PRESTIGE,EQ,252.4,256.45,248.3,253.45,255.8,258.35,55751,14106267.3,12-JUN-2015,2508,INE811K01011,
PRICOL,EQ,31.0,32.45,30.45,31.3,31.4,31.0,117686,3722737.15,12-JUN-2015,837,INE605A01026,
PRIMESECU,EQ,4.1,4.3,4.0,4.15,4.15,4.25,1455,6054.15,12-JUN-2015,10,INE032B01021,
PRISMCEM,EQ,107.7,110.0,104.05,107.55,110.0,108.1,142644,15158751.6,12-JUN-2015,3080,INE010A01011,
PROVOGE,EQ,5.0,5.3,5.0,5.2,5.25,5.1,45601,233461.45,12-JUN-2015,93,INE968G01033,
PROZONINTU,EQ,29.1,29.1,27.95,28.2,28.1,29.3,54200,1531589.7,12-JUN-2015,284,INE195N01013,
PSB,EQ,41.5,42.1,41.3,41.75,41.7,42.2,75359,3141866.8,12-JUN-2015,776,INE608A01012,
PSL,EQ,8.05,8.15,7.6,7.95,7.8,7.9,26469,207115.0,12-JUN-2015,142,INE474B01017,
PSUBNKBEES,EQ,351.0,354.0,346.04,350.68,351.0,354.05,968,339971.54,12-JUN-2015,50,INF732E01110,
PTC,EQ,59.5,61.0,59.05,60.45,60.35,59.95,1123858,67622316.35,12-JUN-2015,7225,INE877F01012,
PTL,EQ,39.4,39.4,34.85,34.85,35.1,34.75,926,33631.0,12-JUN-2015,25,INE034D01031,
PUNJABCHEM,EQ,215.05,224.7,215.05,221.0,220.4,216.65,15029,3302298.85,12-JUN-2015,720,INE277B01014,
PUNJLLOYD,EQ,21.45,21.6,21.05,21.25,21.3,21.4,1612949,34252834.6,12-JUN-2015,6458,INE701B01021,
PURVA,EQ,65.95,66.3,64.05,64.35,64.6,66.7,29609,1921756.6,12-JUN-2015,1686,INE323I01011,
PVP,EQ,4.4,4.6,4.3,4.45,4.45,4.5,115639,509599.5,12-JUN-2015,168,INE362A01016,
PVR,EQ,650.5,678.0,640.0,649.25,647.0,646.9,209181,138037060.65,12-JUN-2015,7793,INE191H01014,
QGOLDHALF,EQ,1218.1,1236.95,1215.05,1222.6,1222.0,1220.8,274,335017.75,12-JUN-2015,126,INF082J01010,
QNIFTY,EQ,968.0,968.0,836.1,837.8,837.8,842.0,77,65802.6,12-JUN-2015,11,INF082J01028,
QUINTEGRA,EQ,1.15,1.15,1.15,1.15,1.15,1.15,9,10.35,12-JUN-2015,1,INE033B01011,
RADICO,EQ,82.35,82.95,80.0,80.2,80.3,82.65,101774,8250020.45,12-JUN-2015,1132,INE944F01028,
RAIN,EQ,36.5,36.95,34.25,36.2,36.5,36.75,107157,3843880.0,12-JUN-2015,778,INE855B01025,
RAINBOWPAP,EQ,70.25,70.5,69.0,70.45,70.4,70.2,40725,2853877.25,12-JUN-2015,175,INE028D01025,
RAIREKMOH,EQ,216.0,234.0,215.0,231.5,231.5,225.25,2541,584014.65,12-JUN-2015,58,INE313D01013,
RAJESHEXPO,EQ,236.5,242.0,236.5,237.55,237.5,238.05,157247,37549644.75,12-JUN-2015,2740,INE343B01030,
RAJOIL,BE,0.9,0.95,0.9,0.9,0.95,0.95,6364,5834.0,12-JUN-2015,16,INE294G01018,
RAJSREESUG,EQ,16.5,16.55,15.55,16.05,16.55,15.4,1942,31698.05,12-JUN-2015,12,INE562B01019,
RAJTV,EQ,111.9,113.4,111.85,111.9,111.85,111.6,253372,28365595.45,12-JUN-2015,352,INE952H01027,
RAJVIR,EQ,41.6,41.8,36.0,36.25,36.0,38.0,652,23653.4,12-JUN-2015,5,INE011H01014,
RALLIS,EQ,213.5,225.8,213.5,223.1,222.0,216.0,137972,30691605.1,12-JUN-2015,2297,INE613A01020,
RAMANEWS,EQ,9.65,9.7,9.65,9.65,9.65,9.7,25490,246282.5,12-JUN-2015,31,INE278B01020,
RAMCOCEM,EQ,316.75,318.0,309.05,314.4,315.0,312.9,80354,25302914.3,12-JUN-2015,1951,INE331A01037,
RAMCOIND,EQ,79.0,80.3,77.25,78.05,78.2,78.4,49619,3919291.5,12-JUN-2015,577,INE614A01028,
RAMCOSYS,EQ,618.15,634.9,618.15,622.45,628.0,629.3,9534,5941941.45,12-JUN-2015,482,INE246B01019,
RAMKY,EQ,29.95,30.0,28.15,28.75,28.5,29.05,5302,153622.8,12-JUN-2015,127,INE874I01013,
RAMSARUP,BE,1.35,1.35,1.35,1.35,1.35,1.4,22000,29700.0,12-JUN-2015,8,INE005D01015,
RANASUG,EQ,2.5,2.6,2.5,2.5,2.6,2.55,59584,151177.1,12-JUN-2015,68,INE625B01014,
RANEENGINE,EQ,520.0,520.05,520.0,520.0,520.0,530.0,178,92560.25,12-JUN-2015,8,INE222J01013,
RANEHOLDIN,EQ,572.1,596.95,570.0,595.0,595.0,585.05,4514,2665638.6,12-JUN-2015,811,INE384A01010,
RASOYPR,EQ,0.35,0.35,0.3,0.3,0.35,0.35,1833479,588612.1,12-JUN-2015,215,INE904G01038,
RATNAMANI,EQ,530.0,535.0,521.45,531.15,531.05,532.1,2524,1329328.55,12-JUN-2015,127,INE703B01027,
RAYMOND,EQ,444.7,451.0,435.25,447.8,450.5,444.85,132512,58585360.65,12-JUN-2015,4842,INE301A01014,
RBL,EQ,275.0,280.0,257.0,278.75,279.0,282.15,687,187118.7,12-JUN-2015,29,INE244J01017,
RCF,EQ,53.3,53.55,52.65,53.15,52.9,53.3,179801,9544186.9,12-JUN-2015,1404,INE027A01015,
RCOM,EQ,57.7,60.15,56.55,58.55,58.85,57.55,11917295,691897670.9,12-JUN-2015,28830,INE330H01018,
RECLTD,EQ,274.0,276.0,271.1,272.7,274.8,274.35,1547614,422901003.45,12-JUN-2015,22628,INE020B01018,
REDINGTON,EQ,107.0,107.0,104.1,104.85,104.75,107.2,133042,14074590.7,12-JUN-2015,1764,INE891D01026,
REFEX,EQ,10.1,10.45,10.1,10.3,10.3,10.6,4453,45006.05,12-JUN-2015,13,INE056I01017,
REGENCERAM,BE,3.0,3.0,3.0,3.0,3.0,3.05,5,15.0,12-JUN-2015,1,INE277C01012,
REIAGROLTD,EQ,0.6,0.65,0.55,0.65,0.6,0.6,2129295,1278020.3,12-JUN-2015,400,INE385B01031,
REISIXTEN,EQ,0.35,0.4,0.35,0.4,0.4,0.35,1010,354.0,12-JUN-2015,3,INE849J01021,
RELAXO,EQ,843.3,847.8,842.0,842.35,842.25,844.7,4618,3893859.5,12-JUN-2015,265,INE131B01039,
RELBANK,EQ,1856.7,1876.8,1856.5,1856.5,1856.5,1869.95,23,42900.8,12-JUN-2015,5,INF733I01028,
RELCAPITAL,EQ,344.0,350.0,341.25,347.6,349.3,344.4,1600067,552772558.75,12-JUN-2015,28967,INE013A01015,
RELCNX100,EQ,81.25,81.25,81.0,81.0,81.0,80.15,31,2513.75,12-JUN-2015,2,INF204K014N5,
RELCONS,EQ,33.85,33.86,33.85,33.85,33.86,30.55,10,338.55,12-JUN-2015,2,INF204KA1LD7,
RELDIVOPP,EQ,17.9,19.67,17.9,19.22,19.5,17.56,2371,44514.44,12-JUN-2015,15,INF204KA1MS3,
RELGOLD,EQ,2379.95,2389.0,2362.05,2377.3,2380.05,2369.45,1128,2687471.85,12-JUN-2015,201,INF733I01010,
RELGRNIFTY,EQ,809.9,809.9,809.9,809.9,809.9,802.0,7,5669.3,12-JUN-2015,1,INF205K01DA9,
RELIANCE,EQ,879.0,892.7,878.25,889.85,891.5,877.15,4924556,4372756582.25,12-JUN-2015,103898,INE002A01018,
RELIGARE,EQ,316.1,324.35,316.1,319.7,321.0,321.6,23867,7660250.8,12-JUN-2015,917,INE621H01010,
RELIGAREGO,EQ,2501.0,2530.0,2482.75,2525.0,2525.0,2498.4,190,477414.0,12-JUN-2015,19,INF205K01361,
RELINFRA,EQ,361.0,364.8,353.75,361.95,363.3,359.9,1913327,687728894.7,12-JUN-2015,35726,INE036A01016,
RELNIFTY,EQ,81.42,81.42,80.0,80.0,80.0,82.22,35,2828.55,12-JUN-2015,9,INF204KA1EU6,
REMSONSIND,EQ,35.5,36.0,35.5,36.0,36.0,36.0,250,8900.0,12-JUN-2015,2,INE474C01015,
RENUKA,EQ,10.2,10.5,10.0,10.15,10.15,10.35,1881469,19245286.3,12-JUN-2015,3215,INE087H01022,
REPCOHOME,EQ,584.0,601.5,577.15,583.0,584.4,587.3,84711,50068205.15,12-JUN-2015,2336,INE612J01015,
REPRO,EQ,444.95,449.0,433.55,439.6,438.5,442.5,10467,4612047.65,12-JUN-2015,698,INE461B01014,
RESPONIND,EQ,156.15,182.4,155.0,177.95,182.4,152.0,130673,21940973.95,12-JUN-2015,2300,INE688D01026,
REVATHI,EQ,474.95,505.0,455.4,496.4,485.0,474.4,3849,1874076.15,12-JUN-2015,230,INE617A01013,
RICOAUTO,EQ,39.75,40.2,39.0,39.5,39.8,39.35,127344,5022506.65,12-JUN-2015,993,INE209B01025,
RIIL,EQ,331.9,341.0,327.25,331.05,330.65,329.75,129472,43135396.05,12-JUN-2015,4545,INE046A01015,
RJL,EQ,62.15,64.0,62.15,63.25,62.5,63.15,1634,102580.45,12-JUN-2015,37,INE722H01016,
RKDL,EQ,4.45,4.5,4.1,4.4,4.5,4.4,5181,22816.75,12-JUN-2015,19,INE722J01012,
RKFORGE,EQ,503.4,512.85,501.95,505.6,506.9,507.85,20539,10380015.45,12-JUN-2015,727,INE399G01015,
RMCL,EQ,27.3,27.6,26.2,26.7,26.35,27.4,182743,4911257.95,12-JUN-2015,1142,INE172H01014,
RML,EQ,302.65,314.9,302.6,310.0,307.0,309.25,6233,1933556.0,12-JUN-2015,26,INE050H01012,
RMMIL,EQ,0.9,0.95,0.9,0.9,0.9,0.95,70007,63206.3,12-JUN-2015,27,INE774I01031,
ROHITFERRO,EQ,5.7,6.6,5.7,6.35,6.4,5.85,66599,412619.7,12-JUN-2015,150,INE248H01012,
ROHLTD,EQ,39.7,40.9,39.55,40.65,39.8,39.25,1029,41053.9,12-JUN-2015,14,INE283H01019,
ROLTA,EQ,102.6,104.25,101.5,102.5,102.45,102.95,431635,44328286.8,12-JUN-2015,5503,INE293A01013,
ROSSELLIND,EQ,90.0,90.0,86.1,88.05,88.0,90.3,339,30039.4,12-JUN-2015,44,INE847C01020,
RPGLIFE,EQ,161.0,165.0,155.1,158.4,160.3,160.1,34381,5491308.15,12-JUN-2015,969,INE105J01010,
RPOWER,EQ,43.8,44.25,43.0,43.8,43.8,43.9,3561941,155315031.8,12-JUN-2015,20958,INE614G01033,
RPPINFRA,EQ,122.05,124.5,108.0,109.3,110.0,121.3,40188,4527977.55,12-JUN-2015,1988,INE324L01013,
RSSOFTWARE,EQ,154.0,158.8,154.0,155.55,155.0,155.75,55205,8623061.2,12-JUN-2015,1191,INE165B01029,
RSWM,EQ,220.05,223.3,219.8,221.95,222.95,222.4,42321,9323071.65,12-JUN-2015,730,INE611A01016,
RSYSTEMS,EQ,67.55,68.5,67.1,67.15,67.1,67.3,6113,410825.1,12-JUN-2015,117,INE411H01032,
RTNINFRA,EQ,2.0,2.05,2.0,2.0,2.0,2.05,861132,1723110.3,12-JUN-2015,132,INE834M01019,
RTNPOWER,EQ,7.05,7.2,6.75,6.9,6.95,7.2,1371384,9507611.65,12-JUN-2015,2945,INE399K01017,
RUBYMILLS,EQ,252.1,259.4,252.0,254.05,252.0,253.0,748,190300.65,12-JUN-2015,56,INE301D01026,
RUCHINFRA,BE,7.55,7.85,7.15,7.7,7.7,7.5,2130,16177.65,12-JUN-2015,11,INE413B01023,
RUCHIRA,EQ,28.3,28.5,27.05,27.65,27.8,28.5,967,26776.45,12-JUN-2015,23,INE803H01014,
RUCHISOYA,EQ,40.6,42.0,40.0,40.5,40.5,40.55,79692,3246620.25,12-JUN-2015,547,INE619A01027,
RUPA,EQ,312.6,330.05,312.55,320.7,323.05,329.0,25498,8170004.45,12-JUN-2015,533,INE895B01021,
RUSHIL,EQ,67.05,72.0,67.0,67.75,68.0,68.9,130945,9131795.0,12-JUN-2015,706,INE573K01017,
SABTN,EQ,250.0,252.1,243.1,248.3,248.0,250.0,14493,3626255.9,12-JUN-2015,393,INE416A01036,
SADBHAV,EQ,295.0,299.5,278.15,283.0,283.25,295.2,272997,77737501.35,12-JUN-2015,7253,INE226H01026,
SAGCEM,EQ,350.55,378.95,350.55,361.25,361.0,357.95,490,179840.9,12-JUN-2015,41,INE229C01013,
SAIL,EQ,60.85,60.9,59.3,60.25,60.5,60.85,1765061,106071908.1,12-JUN-2015,10774,INE114A01011,
SAKHTISUG,EQ,15.1,15.1,14.2,14.3,14.35,14.5,21410,309296.5,12-JUN-2015,138,INE623A01011,
SAKSOFT,EQ,143.7,143.7,133.1,133.45,135.0,133.45,547,72971.7,12-JUN-2015,27,INE667G01015,
SAKUMA,EQ,26.9,28.4,26.9,27.45,27.45,28.0,4315,119439.1,12-JUN-2015,30,INE190H01016,
SALORAINTL,EQ,47.6,52.85,47.55,51.35,52.25,48.65,210,10553.95,12-JUN-2015,9,INE924A01013,
SALSTEEL,EQ,1.45,1.7,1.45,1.65,1.7,1.65,9761,16165.05,12-JUN-2015,27,INE658G01014,
SAMTEL,EQ,0.5,0.5,0.5,0.5,0.5,0.45,2682,1341.0,12-JUN-2015,5,INE381A01016,
SANDESH,EQ,527.65,527.7,505.0,517.9,520.0,521.95,1311,676777.15,12-JUN-2015,109,INE583B01015,
SANGAMIND,EQ,115.35,120.95,114.0,114.6,114.5,116.75,71249,8299769.85,12-JUN-2015,638,INE495C01010,
SANGHIIND,EQ,52.15,53.9,52.1,53.65,53.9,53.15,13104,698332.45,12-JUN-2015,158,INE999B01013,
SANGHVIFOR,EQ,52.95,53.0,50.6,51.3,50.65,53.1,20077,1034306.1,12-JUN-2015,242,INE263L01013,
SANGHVIMOV,EQ,332.5,340.0,326.0,335.8,336.0,333.75,34824,11681528.7,12-JUN-2015,985,INE989A01024,
SANOFI,EQ,3409.05,3450.0,3365.05,3385.55,3368.0,3407.15,2300,7824943.4,12-JUN-2015,240,INE058A01010,
SANWARIA,EQ,5.1,5.55,5.1,5.25,5.25,5.25,146424,767572.3,12-JUN-2015,219,INE890C01046,
SARDAEN,EQ,115.0,116.95,111.05,111.8,112.4,115.45,22161,2490399.7,12-JUN-2015,188,INE385C01013,
SAREGAMA,EQ,180.0,185.0,177.15,181.9,180.6,180.7,19898,3612247.0,12-JUN-2015,343,INE979A01017,
SARLAPOLY,EQ,429.9,429.9,428.0,428.0,428.0,417.25,29,12433.9,12-JUN-2015,3,INE453D01017,
SASKEN,EQ,220.3,220.5,215.2,215.95,215.55,218.9,29652,6431299.05,12-JUN-2015,436,INE231F01020,
SATHAISPAT,EQ,33.4,33.4,32.0,33.35,32.05,33.75,1008,33660.15,12-JUN-2015,17,INE176C01016,
SBBJ,EQ,531.05,531.05,524.0,527.1,527.1,530.4,4727,2488212.5,12-JUN-2015,256,INE648A01026,
SBIGETS,EQ,2485.05,2507.0,2485.05,2491.45,2493.0,2495.5,6896,17237564.85,12-JUN-2015,1169,INF200K01099,
SBIN,EQ,254.05,255.5,251.8,253.95,254.45,254.0,11440479,2903040734.5,12-JUN-2015,89672,INE062A01020,
SBT,EQ,425.9,425.95,406.0,408.7,406.5,420.05,40102,16442746.55,12-JUN-2015,964,INE654A01024,
SCHNEIDER,EQ,213.0,213.0,204.15,206.8,206.8,207.4,66083,13761257.45,12-JUN-2015,1718,INE839M01018,
SCI,EQ,46.6,47.25,46.1,46.55,46.45,46.7,339134,15811768.55,12-JUN-2015,3575,INE109A01011,
SDBL,EQ,201.0,209.8,191.3,197.75,199.75,199.9,21338,4256941.3,12-JUN-2015,178,INE480C01012,
SEAMECLTD,EQ,110.5,111.7,110.1,110.8,111.3,110.9,14275,1583480.0,12-JUN-2015,92,INE497B01018,
SEINV,EQ,208.0,217.0,195.1,197.75,200.0,204.9,549,109851.3,12-JUN-2015,98,INE420C01042,
SELAN,EQ,249.15,254.6,243.0,245.25,246.0,248.4,42856,10659818.4,12-JUN-2015,2157,INE818A01017,
SELMCL,EQ,2.8,2.95,2.8,2.85,2.9,2.85,113219,327489.35,12-JUN-2015,112,INE105I01012,
SEPOWER,EQ,4.55,4.55,4.55,4.55,4.55,4.6,15,68.25,12-JUN-2015,2,INE735M01018,
SERVALL,EQ,3.85,3.9,3.5,3.9,3.6,3.8,4371,16757.6,12-JUN-2015,15,INE431L01016,
SESHAPAPER,EQ,196.0,204.0,192.45,204.0,204.0,198.05,504,98385.65,12-JUN-2015,9,INE630A01016,
SETFBANK,EQ,172.5,188.0,172.5,183.75,183.75,175.5,81,14767.6,12-JUN-2015,13,INF200KA1580,
SFCL,EQ,156.0,156.0,151.3,155.35,155.0,152.4,10787,1660071.6,12-JUN-2015,163,INE935O01010,
SGFL,BE,3.5,3.5,3.5,3.5,3.5,3.65,5,17.5,12-JUN-2015,1,INE883G01018,
SGJHL,EQ,12.6,13.15,12.2,12.55,13.0,12.8,13987,177316.7,12-JUN-2015,114,INE553K01019,
SHAHALLOYS,EQ,4.2,4.25,4.2,4.25,4.25,4.35,543,2302.75,12-JUN-2015,8,INE640C01011,
SHAKTIPUMP,EQ,186.0,199.8,185.05,197.5,197.2,187.5,91631,17835270.2,12-JUN-2015,2848,INE908D01010,
SHALPAINTS,EQ,115.35,119.0,110.5,112.35,111.4,115.95,11636,1312083.65,12-JUN-2015,344,INE849C01026,
SHANTIGEAR,EQ,93.25,96.5,92.1,93.5,92.1,93.7,4707,444566.3,12-JUN-2015,707,INE631A01022,
SHARDACROP,EQ,290.0,296.5,281.25,284.85,284.85,293.35,68938,19839217.45,12-JUN-2015,2414,INE221J01015,
SHARIABEES,EQ,186.0,188.99,184.4,184.4,184.4,185.5,141,26131.3,12-JUN-2015,11,INF732E01128,
SHARONBIO,EQ,13.9,14.4,13.6,14.0,14.25,14.0,193685,2697813.7,12-JUN-2015,810,INE028B01029,
SHASUNPHAR,EQ,344.9,344.9,333.5,340.8,341.0,336.7,73220,24836917.35,12-JUN-2015,2398,INE317A01028,
SHEMAROO,EQ,212.0,216.0,195.55,206.95,205.5,211.0,15422,3246953.2,12-JUN-2015,539,INE363M01019,
SHILPAMED,EQ,855.0,873.95,832.0,854.25,859.5,866.15,12321,10469763.55,12-JUN-2015,1198,INE790G01023,
SHILPI,EQ,32.7,34.0,32.7,32.85,32.95,32.65,19238,636506.7,12-JUN-2015,181,INE510K01019,
SHIRPUR-G,EQ,57.05,60.25,56.0,58.8,59.9,57.0,5544,325486.65,12-JUN-2015,53,INE196B01016,
SHIV-VANI,EQ,8.0,8.4,8.0,8.15,8.15,8.05,24600,199623.85,12-JUN-2015,91,INE756B01017,
SHIVAMAUTO,EQ,111.9,111.9,106.5,109.35,109.95,113.25,47234,5170850.2,12-JUN-2015,1118,INE637H01024,
SHIVTEX,EQ,37.5,37.5,37.0,37.0,37.0,36.2,153,5726.0,12-JUN-2015,3,INE705C01012,
SHLAKSHMI,EQ,3.6,4.15,3.6,3.9,3.65,3.9,259,945.35,12-JUN-2015,6,INE851B01016,
SHOPERSTOP,EQ,382.45,391.8,373.3,385.4,387.0,382.45,7008,2684019.75,12-JUN-2015,807,INE498B01024,
SHREECEM,EQ,10778.0,10879.95,10450.0,10601.05,10740.0,10786.3,4917,52042525.35,12-JUN-2015,2341,INE070A01015,
SHREERAMA,BE,3.65,3.65,3.65,3.65,3.65,3.8,1000,3650.0,12-JUN-2015,1,INE879A01019,
SHRENUJ,EQ,36.95,42.4,35.1,40.9,40.55,36.05,90066,3602744.0,12-JUN-2015,899,INE633A01028,
SHREYANIND,EQ,37.0,37.0,31.6,32.25,32.25,35.35,2743,94487.85,12-JUN-2015,54,INE231C01019,
SHREYAS,EQ,685.0,710.0,680.0,688.3,685.0,682.25,21427,14960976.5,12-JUN-2015,1317,INE757B01015,
SHRIASTER,EQ,6.8,6.8,6.05,6.6,6.65,6.9,3244,20978.65,12-JUN-2015,14,INE900K01012,
SHRIRAMCIT,EQ,1619.95,1619.95,1585.0,1600.45,1600.0,1600.3,60092,96401874.25,12-JUN-2015,1408,INE722A01011,
SHRIRAMEPC,EQ,28.95,29.3,28.5,28.95,28.8,28.95,16038,466832.65,12-JUN-2015,147,INE964H01014,
SHYAMTEL,EQ,26.65,27.2,25.55,26.8,26.9,27.1,3881,102980.9,12-JUN-2015,67,INE635A01023,
SICAGEN,EQ,13.2,13.85,13.2,13.45,13.45,13.5,13449,181292.35,12-JUN-2015,67,INE176J01011,
SICAL,EQ,114.35,119.6,114.1,116.35,115.05,115.05,34975,4064385.85,12-JUN-2015,395,INE075B01012,
SIEMENS,EQ,1295.0,1307.65,1281.0,1292.75,1292.0,1294.95,171339,221903348.6,12-JUN-2015,8434,INE003A01024,
SIGNET,EQ,206.4,215.0,206.4,211.1,215.0,210.75,2346,493551.5,12-JUN-2015,61,INE529F01019,
SIL,BE,20.0,20.05,19.5,19.5,19.5,19.55,617,12174.45,12-JUN-2015,11,INE173A01025,
SILINV,EQ,67.0,69.0,64.45,68.95,68.95,70.55,30,1952.95,12-JUN-2015,10,INE923A01015,
SIMBHSUGAR,EQ,9.85,9.85,9.55,9.55,9.55,9.45,463,4532.85,12-JUN-2015,6,INE270C01017,
SIMPLEX,EQ,27.8,28.2,26.85,27.1,27.25,29.1,638,17788.9,12-JUN-2015,38,INE898F01018,
SIMPLEXINF,EQ,392.95,407.95,385.0,402.1,402.0,384.6,7791,3091716.9,12-JUN-2015,491,INE059B01024,
SINTEX,EQ,95.4,98.4,95.4,97.7,97.55,96.9,1990509,193589814.95,12-JUN-2015,13430,INE429C01035,
SIRPAPER,EQ,9.6,10.45,9.6,9.6,9.6,9.8,674,6690.15,12-JUN-2015,9,INE202C01010,
SITASHREE,BE,12.15,12.5,11.9,12.4,12.45,12.15,1145,13835.4,12-JUN-2015,17,INE686I01011,
SITICABLE,EQ,35.6,35.6,34.75,35.0,34.85,35.2,365854,12815230.5,12-JUN-2015,1545,INE965H01011,
SIYSIL,EQ,1059.25,1100.0,1051.0,1093.0,1099.0,1090.65,2405,2604536.9,12-JUN-2015,129,INE076B01010,
SJVN,EQ,24.0,24.0,23.6,23.7,23.7,23.85,173140,4112380.1,12-JUN-2015,752,INE002L01015,
SKFINDIA,EQ,1399.7,1399.7,1375.0,1379.7,1380.0,1394.4,917,1271956.15,12-JUN-2015,157,INE640A01023,
SKIL,EQ,20.5,20.5,19.0,19.0,19.0,19.95,93604,1818752.1,12-JUN-2015,174,INE429F01012,
SKIPPER,EQ,153.5,161.9,150.1,154.2,152.5,156.8,2270,352060.6,12-JUN-2015,27,INE439E01022,
SKMEGGPROD,EQ,119.95,120.5,110.1,113.2,113.45,119.55,87535,9959589.1,12-JUN-2015,1180,INE411D01015,
SKSMICRO,EQ,425.0,429.8,420.1,426.15,429.05,425.05,578623,245979368.45,12-JUN-2015,11049,INE180K01011,
SMARTLINK,EQ,58.6,61.0,58.6,59.6,59.7,59.15,25253,1509242.15,12-JUN-2015,321,INE178C01020,
SMLISUZU,EQ,1088.45,1097.8,1071.0,1077.35,1075.35,1096.8,15079,16351025.15,12-JUN-2015,1023,INE294B01019,
SMPL,EQ,2.35,2.5,2.35,2.4,2.35,2.45,129725,316420.85,12-JUN-2015,93,INE215G01021,
SMSPHARMA,EQ,586.95,586.95,551.9,554.5,553.5,563.8,6028,3350829.2,12-JUN-2015,367,INE812G01017,
SNOWMAN,EQ,86.0,90.2,84.85,89.2,89.1,86.5,787229,69385592.85,12-JUN-2015,7817,INE734N01019,
SOBHA,EQ,378.0,378.0,366.0,369.75,370.0,375.55,45353,16843076.6,12-JUN-2015,2584,INE671H01015,
SOLARINDS,EQ,3477.6,3550.0,3474.0,3542.75,3549.9,3514.45,40314,141505071.4,12-JUN-2015,130,INE343H01011,
SOMANYCERA,EQ,343.5,345.95,333.0,338.4,338.2,346.1,5726,1943387.75,12-JUN-2015,393,INE355A01028,
SONASTEER,EQ,50.05,50.8,50.0,50.25,50.05,50.15,30096,1515153.95,12-JUN-2015,240,INE643A01035,
SONATSOFTW,EQ,134.55,136.3,128.5,130.7,129.5,134.55,166652,22060254.35,12-JUN-2015,5213,INE269A01021,
SOTL,EQ,486.0,486.0,486.0,486.0,486.0,485.5,10,4860.0,12-JUN-2015,1,INE035D01012,
SOUTHBANK,EQ,23.15,23.8,23.15,23.6,23.75,23.2,1525956,35744796.5,12-JUN-2015,3083,INE683A01023,
SPARC,EQ,397.0,397.0,384.5,391.6,392.9,398.25,558900,218426051.2,12-JUN-2015,16938,INE232I01014,
SPECIALITY,EQ,148.0,171.7,135.2,141.85,136.5,143.5,195940,29923252.25,12-JUN-2015,4253,INE247M01014,
SPENTEX,EQ,3.35,3.95,3.35,3.35,3.4,3.75,9752,33015.45,12-JUN-2015,33,INE376C01020,
SPIC,EQ,17.65,18.0,17.05,17.15,17.15,17.7,152865,2655824.25,12-JUN-2015,689,INE147A01011,
SPICEMOBI,EQ,22.5,22.75,21.5,21.8,21.8,22.9,4542,100538.85,12-JUN-2015,40,INE927C01020,
SPLIL,EQ,10.4,10.4,10.4,10.4,10.4,10.45,100,1040.0,12-JUN-2015,1,INE978G01016,
SPMLINFRA,EQ,62.45,62.45,61.0,62.3,62.3,61.15,640,39667.0,12-JUN-2015,6,INE937A01023,
SPYL,EQ,1.35,1.35,1.25,1.25,1.25,1.3,6232,8237.6,12-JUN-2015,7,INE268L01020,
SQSBFSI,EQ,670.0,695.0,655.6,656.05,658.0,670.2,2860,1915088.45,12-JUN-2015,329,INE201K01015,
SREINFRA,EQ,31.15,31.15,30.1,30.7,30.95,31.2,297011,9061736.6,12-JUN-2015,2017,INE872A01014,
SRF,EQ,1029.8,1059.0,1008.0,1025.15,1031.0,1033.95,100498,103853045.3,12-JUN-2015,6261,INE647A01010,
SRGINFOTEC,BE,0.2,0.25,0.2,0.2,0.25,0.2,4658,1102.0,12-JUN-2015,9,INE376A01032,
SRHHYPOLTD,EQ,51.0,51.0,49.0,50.0,50.0,50.5,430,21196.5,12-JUN-2015,8,INE917H01012,
SRIPIPES,EQ,166.25,167.8,160.2,163.65,163.9,167.95,133984,21934613.5,12-JUN-2015,2140,INE943C01027,
SRSLTD,EQ,20.25,21.5,20.2,20.7,21.5,20.35,90733,1872544.85,12-JUN-2015,317,INE219H01039,
SRTRANSFIN,EQ,785.0,819.75,775.65,814.85,810.0,791.8,912325,733691707.1,12-JUN-2015,25241,INE721A01013,
SSWL,EQ,272.15,273.9,265.0,267.45,266.6,273.05,4064,1088610.15,12-JUN-2015,267,INE802C01017,
STAR,EQ,1098.0,1119.6,1085.0,1113.65,1115.0,1100.35,300828,332942703.65,12-JUN-2015,13581,INE939A01011,
STARPAPER,EQ,20.8,21.0,19.55,20.5,20.5,21.25,1512,31212.6,12-JUN-2015,27,INE733A01018,
STCINDIA,EQ,133.2,134.4,131.4,132.95,133.4,133.9,21896,2920354.65,12-JUN-2015,606,INE655A01013,
STEL,BE,21.2,23.35,21.15,23.35,23.35,22.25,2203,47732.15,12-JUN-2015,12,INE577L01016,
STERLINBIO,EQ,6.1,6.4,6.05,6.1,6.05,6.25,131358,807444.8,12-JUN-2015,331,INE324C01038,
STERTOOLS,EQ,283.2,290.0,273.25,284.5,280.25,285.9,167,46952.95,12-JUN-2015,17,INE334A01015,
STOREONE,EQ,26.2,26.2,24.1,25.35,25.85,25.45,4703,118214.8,12-JUN-2015,45,INE034H01016,
STRTECH,EQ,66.0,66.4,64.25,64.75,64.45,66.25,382197,24946463.7,12-JUN-2015,4026,INE089C01029,
STYABS,EQ,557.05,566.95,551.25,553.65,554.8,567.05,4422,2467751.0,12-JUN-2015,231,INE189B01011,
SUBEX,EQ,10.6,11.0,10.5,10.75,10.8,10.6,699894,7515507.75,12-JUN-2015,1463,INE754A01014,
SUBROS,EQ,53.05,54.0,50.4,52.4,52.5,53.1,32430,1673325.1,12-JUN-2015,379,INE287B01021,
SUDAR,EQ,11.0,11.0,9.8,9.8,9.8,10.85,101102,1011211.0,12-JUN-2015,417,INE384L01017,
SUDARSCHEM,EQ,90.3,93.8,90.3,91.4,91.7,91.85,20279,1858965.6,12-JUN-2015,581,INE659A01023,
SUJANATWR,EQ,10.3,10.4,10.1,10.15,10.2,10.4,32724,334324.45,12-JUN-2015,109,INE333I01036,
SUJANAUNI,EQ,1.25,1.3,1.15,1.25,1.25,1.2,73013,89767.15,12-JUN-2015,60,INE216G01011,
SUMEETINDS,EQ,11.45,11.75,11.05,11.3,11.3,11.45,27654,311033.2,12-JUN-2015,173,INE235C01010,
SUMMITSEC,EQ,201.3,217.4,201.3,210.7,213.0,207.25,2000,419208.35,12-JUN-2015,59,INE519C01017,
SUNCLAYLTD,EQ,1803.0,1888.0,1803.0,1876.7,1878.95,1875.8,381,713742.65,12-JUN-2015,136,INE105A01035,
SUNDARAM,EQ,2.05,2.05,2.05,2.05,2.05,2.1,19036,39023.8,12-JUN-2015,12,INE108E01023,
SUNDARMFIN,EQ,1477.45,1484.2,1453.5,1469.8,1472.0,1461.95,7894,11603897.8,12-JUN-2015,1030,INE660A01013,
SUNDRMBRAK,EQ,259.05,269.8,259.0,267.15,269.2,259.65,761,201928.05,12-JUN-2015,199,INE073D01013,
SUNDRMFAST,EQ,162.85,162.85,155.1,155.7,155.9,157.6,24910,3913524.2,12-JUN-2015,1061,INE387A01021,
SUNFLAG,EQ,18.5,18.5,17.65,17.75,17.75,18.25,60551,1092753.8,12-JUN-2015,212,INE947A01014,
SUNILHITEC,EQ,191.05,194.75,187.2,190.6,192.9,192.05,42018,8049136.25,12-JUN-2015,1099,INE305H01010,
SUNPHARMA,EQ,824.75,824.75,807.25,813.55,814.9,819.55,2398615,1951886844.2,12-JUN-2015,81375,INE044A01036,
SUNTECK,EQ,264.95,266.75,255.6,257.45,256.25,264.95,24560,6466833.35,12-JUN-2015,886,INE805D01026,
SUNTV,EQ,287.5,294.1,282.0,287.0,288.9,287.85,2639802,757450863.45,12-JUN-2015,76098,INE424H01027,
SUPERHOUSE,EQ,155.05,158.25,148.1,150.55,150.0,155.0,1744,262164.7,12-JUN-2015,85,INE712B01010,
SUPERSPIN,EQ,6.8,7.1,6.5,6.85,6.85,7.15,9970,70253.25,12-JUN-2015,27,INE662A01027,
SUPPETRO,EQ,77.0,78.0,74.5,75.2,75.0,75.95,15187,1156319.85,12-JUN-2015,325,INE663A01017,
SUPRAJIT,EQ,121.8,122.0,119.1,120.3,120.0,120.0,14482,1743776.1,12-JUN-2015,216,INE399C01030,
SUPREMEIND,EQ,684.0,684.0,656.0,667.3,666.0,670.75,41524,27811464.85,12-JUN-2015,1033,INE195A01028,
SUPREMEINF,EQ,145.5,145.5,136.0,138.25,136.8,142.65,22998,3198007.8,12-JUN-2015,903,INE550H01011,
SUPREMETEX,EQ,3.5,3.5,3.25,3.25,3.25,3.4,2022,7071.95,12-JUN-2015,5,INE651G01027,
SURANACORP,EQ,3.9,4.0,3.8,3.85,4.0,4.2,4941,19157.4,12-JUN-2015,17,INE357D01010,
SURANASOL,EQ,33.15,33.15,33.15,33.15,33.15,36.8,24618,816086.7,12-JUN-2015,130,INE272L01022,
SURANAT&P,EQ,7.85,8.55,6.3,6.3,6.3,7.85,144733,1027245.2,12-JUN-2015,277,INE130B01031,
SURYALAXMI,EQ,87.0,89.0,83.35,86.5,87.0,85.35,3178,269164.05,12-JUN-2015,101,INE713B01026,
SURYAROSNI,EQ,106.3,107.8,105.15,106.65,106.85,105.6,94232,10052593.6,12-JUN-2015,1116,INE335A01012,
SUTLEJTEX,EQ,343.3,351.9,337.1,342.35,341.75,354.15,3285,1125196.55,12-JUN-2015,90,INE645H01019,
SUVEN,EQ,231.5,232.55,225.2,230.75,231.9,232.15,420782,96382365.95,12-JUN-2015,6989,INE495B01038,
SUZLON,EQ,21.35,21.95,21.25,21.8,21.8,21.25,26547899,576214132.0,12-JUN-2015,25903,INE040H01021,
SWANENERGY,EQ,61.75,61.75,60.0,60.05,60.0,60.0,317440,19133036.75,12-JUN-2015,1106,INE665A01038,
SWARAJENG,EQ,800.0,820.5,794.0,805.5,800.25,797.1,3042,2443430.95,12-JUN-2015,205,INE277A01016,
SWELECTES,EQ,474.85,474.85,462.5,463.55,462.6,465.7,1297,606177.3,12-JUN-2015,162,INE409B01013,
SYMPHONY,EQ,2239.0,2248.95,2082.55,2098.8,2110.0,2222.6,39201,84576504.6,12-JUN-2015,4121,INE225D01027,
SYNCOM,EQ,5.45,5.45,4.4,4.8,4.85,5.25,372665,1734744.75,12-JUN-2015,386,INE602K01014,
SYNDIBANK,EQ,105.8,107.2,104.6,106.7,107.15,106.0,1427976,151640608.55,12-JUN-2015,15027,INE667A01018,
TAINWALCHM,EQ,20.2,21.1,20.2,21.1,21.1,21.55,31,636.05,12-JUN-2015,5,INE123C01018,
TAJGVK,EQ,64.5,64.5,62.55,63.6,63.95,63.4,6186,390851.55,12-JUN-2015,269,INE586B01026,
TAKE,EQ,90.1,96.85,90.1,93.8,94.5,92.2,243841,23023307.35,12-JUN-2015,3449,INE142I01023,
TALBROAUTO,EQ,114.25,116.0,103.6,105.7,105.8,114.1,54588,5900360.45,12-JUN-2015,807,INE187D01011,
TALWALKARS,EQ,295.0,319.9,293.0,309.85,308.0,299.7,219649,67188160.6,12-JUN-2015,5037,INE502K01016,
TANLA,EQ,15.8,16.1,15.45,15.5,15.6,15.8,185218,2895496.85,12-JUN-2015,438,INE483C01032,
TANTIACONS,EQ,18.65,18.65,16.0,17.15,17.25,17.0,2113,35706.95,12-JUN-2015,24,INE388G01018,
TARAJEWELS,EQ,58.0,60.25,56.25,57.75,57.8,58.65,1236,71751.5,12-JUN-2015,96,INE799L01016,
TARAPUR,EQ,5.0,5.1,5.0,5.1,5.1,5.1,612,3075.6,12-JUN-2015,9,INE747K01017,
TARMAT,EQ,22.0,24.0,22.0,24.0,24.0,22.8,250,5600.0,12-JUN-2015,3,INE924H01018,
TATACHEM,EQ,408.5,415.0,403.35,411.2,412.05,408.65,278400,114211834.6,12-JUN-2015,16932,INE092A01019,
TATACOFFEE,EQ,85.4,85.7,84.4,84.95,84.85,85.35,148312,12621820.95,12-JUN-2015,1529,INE493A01027,
TATACOMM,EQ,404.5,414.75,403.5,411.15,414.0,404.6,349571,142703233.8,12-JUN-2015,8372,INE151A01013,
TATAELXSI,EQ,1076.7,1110.0,1060.2,1083.9,1085.2,1075.15,370453,402517283.25,12-JUN-2015,19272,INE670A01012,
TATAGLOBAL,EQ,133.6,134.45,125.7,128.15,127.9,134.4,2641286,342209661.35,12-JUN-2015,16253,INE192A01025,
TATAINVEST,EQ,580.35,583.45,571.55,574.0,578.85,579.45,12019,6935455.35,12-JUN-2015,629,INE672A01018,
TATAMETALI,EQ,99.0,99.4,89.0,93.65,93.25,99.45,143369,13600439.85,12-JUN-2015,1892,INE056C01010,
TATAMOTORS,EQ,426.55,429.5,417.25,421.8,422.95,430.2,10871836,4588539522.95,12-JUN-2015,110127,INE155A01022,
TATAMTRDVR,EQ,267.6,268.5,260.65,266.0,266.8,269.65,2876676,762505701.8,12-JUN-2015,54190,IN9155A01020,
TATAPOWER,EQ,70.0,73.0,69.7,72.65,72.95,70.0,4929775,353707037.65,12-JUN-2015,20964,INE245A01021,
TATASPONGE,EQ,503.75,503.75,492.0,497.65,497.0,504.65,153219,76239763.3,12-JUN-2015,5956,INE674A01014,
TATASTEEL,EQ,298.0,300.9,294.15,297.55,298.05,298.7,2718499,808435535.55,12-JUN-2015,39721,INE081A01012,
TBZ,EQ,141.0,142.55,139.8,140.35,139.8,141.7,5538,778744.55,12-JUN-2015,204,INE760L01018,
TCI,EQ,208.0,216.45,208.0,215.15,215.15,207.6,29769,6358409.25,12-JUN-2015,1301,INE688A01022,
TCIDEVELOP,EQ,263.0,271.85,263.0,269.9,269.9,253.0,71,19237.6,12-JUN-2015,11,INE662L01016,
TCIFINANCE,EQ,35.35,36.1,34.7,36.05,36.05,36.05,9167,329971.35,12-JUN-2015,41,INE911B01018,
TCS,EQ,2571.9,2588.95,2476.8,2505.8,2520.0,2571.3,1285728,3248652193.85,12-JUN-2015,80056,INE467B01029,
TDPOWERSYS,EQ,279.0,279.1,271.05,274.5,276.0,275.95,1588,438103.2,12-JUN-2015,105,INE419M01019,
TECHM,EQ,552.0,558.5,543.4,551.45,552.3,557.55,1974142,1089587482.95,12-JUN-2015,46197,INE669C01036,
TECHNO,EQ,426.15,434.8,414.55,420.3,420.0,430.45,2239,941272.75,12-JUN-2015,156,INE286K01024,
TECHNOFAB,EQ,160.0,163.0,158.2,160.05,160.05,161.55,1318,209677.15,12-JUN-2015,17,INE509K01011,
TEXINFRA,EQ,28.0,29.75,27.5,28.8,29.5,28.05,39732,1116987.2,12-JUN-2015,291,INE435C01024,
TEXMOPIPES,EQ,11.15,11.3,10.55,10.8,10.85,11.3,44270,487578.95,12-JUN-2015,130,INE141K01013,
TEXRAIL,EQ,114.5,114.5,110.0,111.25,111.4,114.0,91167,10198117.85,12-JUN-2015,1367,INE621L01012,
TFCILTD,EQ,56.7,57.4,54.7,55.65,55.9,57.15,176474,9817301.85,12-JUN-2015,894,INE305A01015,
TFL,EQ,5.3,5.65,5.1,5.45,5.65,5.65,2647,14047.15,12-JUN-2015,11,INE804H01012,
TGBHOTELS,EQ,64.55,68.45,64.35,67.65,68.45,67.45,18514,1240114.7,12-JUN-2015,173,INE797H01018,
THANGAMAYL,EQ,180.05,182.85,178.0,178.25,178.25,180.0,1471,264511.35,12-JUN-2015,20,INE085J01014,
THEMISMED,BE,132.5,132.5,132.5,132.5,132.5,139.45,100,13250.0,12-JUN-2015,1,INE083B01016,
THERMAX,EQ,953.45,960.0,931.0,947.2,939.9,950.65,8919,8490750.7,12-JUN-2015,1331,INE152A01029,
THIRUSUGAR,EQ,28.3,29.9,27.5,27.5,27.5,27.65,2800,78685.0,12-JUN-2015,14,INE409A01015,
THOMASCOOK,EQ,228.65,228.65,213.1,214.8,214.75,228.15,121599,26634917.9,12-JUN-2015,5109,INE332A01027,
TI,EQ,19.7,19.95,19.5,19.65,19.7,19.9,92638,1825655.0,12-JUN-2015,468,INE133E01013,
TIDEWATER,EQ,14338.0,14600.0,14205.0,14455.1,14600.0,14483.2,459,6587643.6,12-JUN-2015,142,INE484C01014,
TIIL,EQ,165.0,182.7,164.7,169.2,168.5,166.2,13669,2350179.3,12-JUN-2015,1109,INE545H01011,
TIL,EQ,514.5,609.15,501.1,563.35,563.1,507.65,233078,137539070.45,12-JUN-2015,11296,INE806C01018,
TIMESGTY,EQ,20.0,20.0,20.0,20.0,20.0,20.05,70,1400.0,12-JUN-2015,1,INE289C01025,
TIMETECHNO,EQ,47.95,47.95,46.35,46.75,46.45,47.2,130614,6128502.6,12-JUN-2015,676,INE508G01029,
TIMKEN,EQ,577.0,577.0,555.05,562.95,561.75,576.3,31875,17959894.5,12-JUN-2015,1327,INE325A01013,
TINPLATE,EQ,53.45,53.75,53.1,53.2,53.35,53.7,21326,1139158.0,12-JUN-2015,277,INE422C01014,
TIPSINDLTD,EQ,37.55,39.3,36.7,38.5,39.0,38.0,4648,176179.95,12-JUN-2015,38,INE716B01011,
TIRUMALCHM,EQ,115.0,115.0,110.8,112.4,113.0,111.95,7166,801964.65,12-JUN-2015,113,INE338A01016,
TITAN,EQ,353.45,356.0,345.1,347.95,347.0,353.7,306206,106734604.35,12-JUN-2015,6024,INE280A01028,
TNPETRO,EQ,18.15,19.4,17.75,18.35,18.25,17.95,315256,5875000.05,12-JUN-2015,1555,INE148A01019,
TNPL,EQ,150.95,150.95,145.0,147.85,148.6,147.65,11915,1747846.55,12-JUN-2015,250,INE107A01015,
TNTELE,BE,3.6,3.6,3.6,3.6,3.6,3.45,25,90.0,12-JUN-2015,1,INE141D01018,
TODAYS,EQ,3.8,4.05,3.8,4.05,4.05,3.9,2300,9240.0,12-JUN-2015,3,INE944B01019,
TOKYOPLAST,EQ,22.6,23.85,20.85,21.3,21.1,21.65,3066,67978.0,12-JUN-2015,44,INE932C01012,
TORNTPHARM,EQ,1290.0,1290.15,1256.25,1280.6,1270.25,1287.35,40721,51866690.55,12-JUN-2015,7524,INE685A01028,
TORNTPOWER,EQ,145.95,146.5,140.5,140.95,141.0,146.5,126700,18064608.55,12-JUN-2015,1848,INE813H01021,
TPLPLASTEH,EQ,185.0,190.0,185.0,189.1,189.1,187.85,5101,959671.6,12-JUN-2015,87,INE413G01014,
TREEHOUSE,EQ,382.5,406.5,382.5,396.3,395.9,391.85,32753,12955644.9,12-JUN-2015,2182,INE040M01013,
TRENT,EQ,1130.0,1152.0,1125.0,1144.0,1152.0,1146.55,4576,5216151.75,12-JUN-2015,275,INE849A01012,
TRF,EQ,309.2,353.9,305.3,337.4,337.0,308.4,173852,59146422.35,12-JUN-2015,6750,INE391D01019,
TRICOM,EQ,1.75,1.75,1.75,1.75,1.75,1.8,1,1.75,12-JUN-2015,1,INE771B01032,
TRIDENT,EQ,23.5,23.6,22.55,22.75,22.55,23.4,97610,2242726.75,12-JUN-2015,362,INE064C01014,
TRIGYN,EQ,28.2,29.0,28.0,28.05,28.0,28.2,5920,167618.75,12-JUN-2015,50,INE948A01012,
TRIL,EQ,245.0,248.0,240.2,241.95,240.2,241.75,3572,866164.25,12-JUN-2015,117,INE763I01018,
TRITURBINE,EQ,105.05,105.9,103.2,105.3,105.85,105.05,12816,1347037.25,12-JUN-2015,278,INE152M01016,
TRIVENI,EQ,16.1,16.75,16.1,16.3,16.2,16.55,39306,645988.85,12-JUN-2015,372,INE256C01024,
TTKPRESTIG,EQ,3695.0,3700.5,3604.0,3640.35,3649.9,3686.3,3466,12634884.55,12-JUN-2015,842,INE690A01010,
TTL,EQ,46.5,48.85,45.5,47.0,46.8,46.65,3515,163664.85,12-JUN-2015,119,INE592B01016,
TTML,EQ,6.55,6.55,6.4,6.45,6.45,6.45,610178,3936796.75,12-JUN-2015,1004,INE517B01013,
TUBEINVEST,EQ,346.95,351.05,342.45,348.35,347.0,344.0,13410,4671286.0,12-JUN-2015,485,INE149A01025,
TULSI,EQ,2.4,2.45,2.4,2.45,2.45,2.4,257,619.65,12-JUN-2015,2,INE474I01012,
TV18BRDCST,EQ,32.55,33.65,30.5,32.9,32.8,32.55,1579659,51861333.4,12-JUN-2015,3765,INE886H01027,
TVSELECT,EQ,40.55,41.35,39.7,39.95,40.0,40.45,11980,481391.2,12-JUN-2015,107,INE236G01019,
TVSMOTOR,EQ,226.85,228.5,219.05,224.6,228.05,227.05,1323415,295759292.35,12-JUN-2015,22345,INE494B01023,
TVSSRICHAK,EQ,1698.9,1750.0,1620.65,1709.7,1725.0,1678.4,6038,10116686.0,12-JUN-2015,480,INE421C01016,
TVTODAY,EQ,166.4,180.85,165.0,176.4,176.25,167.4,454680,80211100.4,12-JUN-2015,7254,INE038F01029,
TWL,EQ,100.2,102.45,98.0,99.15,98.6,100.25,341966,34158537.3,12-JUN-2015,4158,INE615H01020,
UBHOLDINGS,EQ,18.15,18.15,17.5,18.05,17.9,17.9,120266,2150913.7,12-JUN-2015,643,INE696A01025,
UBL,EQ,900.0,900.0,880.6,891.35,894.0,894.55,204452,181919832.85,12-JUN-2015,8318,INE686F01025,
UCALFUEL,EQ,89.35,90.8,86.9,87.9,88.7,89.35,10502,930481.35,12-JUN-2015,338,INE139B01016,
UCOBANK,EQ,55.4,57.2,55.05,56.75,56.7,55.95,1476839,82907173.6,12-JUN-2015,7133,INE691A01018,
UFLEX,EQ,116.0,116.0,112.05,112.5,112.9,114.35,37254,4214241.1,12-JUN-2015,813,INE516A01017,
UFO,EQ,554.0,562.0,548.0,552.0,553.65,558.3,20792,11470218.5,12-JUN-2015,781,INE527H01019,
UGARSUGAR,BE,8.45,8.45,7.85,7.85,7.85,8.05,2325,18524.0,12-JUN-2015,12,INE071E01023,
UJAAS,EQ,14.2,14.5,13.6,13.85,13.85,14.2,199600,2785818.7,12-JUN-2015,471,INE899L01022,
ULTRACEMCO,EQ,2705.0,2767.6,2680.0,2748.5,2756.0,2701.65,178572,486500958.9,12-JUN-2015,14113,INE481G01011,
UMESLTD,EQ,3.1,3.5,2.65,3.0,3.25,3.3,13523,40743.15,12-JUN-2015,20,INE240C01028,
UNICHEMLAB,EQ,178.95,180.4,177.7,179.75,179.0,177.95,37565,6722137.05,12-JUN-2015,975,INE351A01035,
UNIENTER,EQ,33.0,35.5,33.0,34.55,35.4,35.3,3615,125188.95,12-JUN-2015,41,INE037A01022,
UNIONBANK,EQ,141.35,145.7,140.65,144.75,145.3,141.85,4073930,583606431.6,12-JUN-2015,36941,INE692A01016,
UNIPLY,BE,48.1,48.1,46.6,48.1,48.1,45.85,243196,11697121.1,12-JUN-2015,220,INE950G01015,
UNITECH,EQ,7.2,7.65,7.15,7.55,7.6,7.15,64840946,482267302.35,12-JUN-2015,45712,INE694A01020,
UNITEDBNK,EQ,22.35,22.35,21.8,22.2,22.25,22.25,327029,7249987.25,12-JUN-2015,1368,INE695A01019,
UNITY,EQ,11.95,12.0,11.1,11.25,11.3,11.8,99451,1145564.8,12-JUN-2015,367,INE466H01028,
UNIVCABLES,BE,39.0,39.0,35.85,35.85,35.85,37.7,1095,39670.75,12-JUN-2015,7,INE279A01012,
UPERGANGES,EQ,33.0,34.9,32.8,33.5,32.9,34.5,2104,70871.8,12-JUN-2015,26,INE018B01012,
UPL,EQ,506.4,526.95,501.4,524.05,525.65,506.55,1309872,677627347.8,12-JUN-2015,33209,INE628A01036,
USHAMART,EQ,18.2,18.65,17.5,17.7,17.7,18.1,117222,2100170.35,12-JUN-2015,606,INE228A01035,
USHERAGRO,EQ,33.7,33.7,30.2,31.1,31.1,33.5,88314,2772576.85,12-JUN-2015,641,INE235G01011,
UTTAMSTL,EQ,42.05,42.5,37.4,38.2,38.15,42.75,380761,14769291.7,12-JUN-2015,1880,INE699A01011,
UTTAMSUGAR,EQ,10.4,10.75,10.1,10.6,10.75,10.65,2555,26577.55,12-JUN-2015,23,INE786F01031,
UTTAMVALUE,EQ,4.05,4.2,3.9,3.95,3.95,4.1,89356,354280.7,12-JUN-2015,137,INE292A01015,
V2RETAIL,EQ,34.75,36.8,34.75,35.5,35.95,35.7,16497,582426.8,12-JUN-2015,111,INE945H01013,
VADILALIND,EQ,502.0,506.15,490.0,497.45,498.15,501.6,17506,8743694.4,12-JUN-2015,922,INE694D01016,
VAIBHAVGBL,EQ,543.05,548.1,536.0,539.25,546.7,542.5,11572,6251053.15,12-JUN-2015,777,INE884A01019,
VAKRANGEE,EQ,103.55,105.35,102.0,104.15,103.55,103.5,1084934,112748807.85,12-JUN-2015,3977,INE051B01021,
VALECHAENG,EQ,64.5,69.0,64.0,66.05,66.0,64.1,124468,8335547.55,12-JUN-2015,2168,INE624C01015,
VALUEIND,EQ,9.2,9.2,8.85,9.0,9.0,9.5,12103,109101.65,12-JUN-2015,48,INE352A01017,
VARDHACRLC,EQ,26.05,26.4,25.9,26.0,26.0,26.05,28331,739361.7,12-JUN-2015,37,INE116G01013,
VARDMNPOLY,EQ,37.0,37.0,34.55,35.0,35.0,35.6,206,7182.35,12-JUN-2015,12,INE835A01011,
VARUNSHIP,EQ,8.65,8.75,8.65,8.75,8.75,8.35,97307,851333.75,12-JUN-2015,98,INE702A01013,
VASCONEQ,EQ,17.6,18.8,16.0,17.0,16.7,17.6,36398,616523.4,12-JUN-2015,176,INE893I01013,
VASWANI,EQ,2.55,2.55,2.55,2.55,2.55,2.45,18205,46422.75,12-JUN-2015,12,INE590L01019,
VEDL,EQ,186.7,187.4,181.55,183.8,183.7,188.0,3941272,724542022.35,12-JUN-2015,28654,INE205A01025,
VENKEYS,EQ,289.0,295.0,281.1,287.05,287.0,288.65,4860,1389317.3,12-JUN-2015,442,INE398A01010,
VENUSREM,EQ,131.5,133.9,128.15,128.7,129.7,131.7,63616,8314414.9,12-JUN-2015,1639,INE411B01019,
VESUVIUS,EQ,690.0,692.4,650.1,684.45,688.0,674.2,516,351227.5,12-JUN-2015,152,INE386A01015,
VETO,EQ,78.5,78.5,78.5,78.5,78.5,79.35,500,39250.0,12-JUN-2015,1,INE918N01018,
VGUARD,EQ,881.0,887.2,870.1,884.05,885.0,881.0,4855,4274857.1,12-JUN-2015,551,INE951I01019,
VHL,EQ,961.1,962.05,950.1,950.1,950.1,986.4,159,152354.55,12-JUN-2015,10,INE701A01023,
VICEROY,EQ,13.3,13.35,12.8,13.15,13.3,13.25,36181,476213.6,12-JUN-2015,123,INE048C01017,
VIDEOIND,EQ,145.35,145.35,139.0,140.0,139.4,146.55,476939,67386298.75,12-JUN-2015,4006,INE703A01011,
VIJAYABANK,EQ,42.1,42.5,41.0,41.7,41.6,43.45,371656,15490643.95,12-JUN-2015,2488,INE705A01016,
VIJSHAN,EQ,8.55,9.0,8.4,8.85,9.0,8.55,11422,99084.5,12-JUN-2015,51,INE806F01011,
VIKASGLOB,EQ,6.4,6.4,6.3,6.35,6.4,6.35,14385,91656.4,12-JUN-2015,29,INE806A01020,
VIMALOIL,EQ,182.4,182.65,175.0,181.2,181.0,182.05,14467,2613887.3,12-JUN-2015,80,INE067D01015,
VIMTALABS,EQ,60.0,61.7,59.1,60.95,61.0,60.35,12027,728954.75,12-JUN-2015,293,INE579C01029,
VINATIORGA,EQ,496.3,501.75,490.1,493.7,493.0,499.75,14221,7053910.75,12-JUN-2015,1233,INE410B01029,
VINDHYATEL,EQ,670.0,689.9,670.0,676.35,675.0,686.6,2607,1752492.3,12-JUN-2015,154,INE707A01012,
VINYLINDIA,EQ,71.35,71.35,66.15,68.6,68.7,68.55,11154,763187.6,12-JUN-2015,228,INE250B01029,
VIPIND,EQ,94.0,97.05,93.8,96.5,96.25,94.6,147644,14070183.2,12-JUN-2015,1973,INE054A01027,
VIPULLTD,EQ,55.0,56.0,53.0,54.85,54.25,56.25,164424,9035370.6,12-JUN-2015,6134,INE946H01037,
VISAKAIND,EQ,107.35,107.35,104.5,105.95,106.05,107.35,8769,928570.65,12-JUN-2015,181,INE392A01013,
VISASTEEL,EQ,19.0,19.0,17.0,17.25,17.25,17.9,4436,76891.75,12-JUN-2015,59,INE286H01012,
VISESHINFO,EQ,0.1,0.15,0.1,0.1,0.1,0.1,468134,56186.3,12-JUN-2015,32,INE861A01058,
VISHNU,EQ,166.0,172.0,160.0,170.85,170.8,165.1,11435,1934329.6,12-JUN-2015,195,INE270I01014,
VIVIDHA,EQ,93.2,98.0,84.0,87.25,84.1,98.2,40247,3586418.35,12-JUN-2015,749,INE370E01029,
VIVIMEDLAB,EQ,190.85,196.95,187.0,189.55,189.1,188.0,21912,4194852.9,12-JUN-2015,1331,INE526G01013,
VKSPL,EQ,0.15,0.2,0.15,0.2,0.2,0.2,151393,28227.0,12-JUN-2015,19,INE213M01024,
VLSFINANCE,EQ,33.5,34.5,33.0,33.6,33.9,33.85,12996,437767.0,12-JUN-2015,172,INE709A01018,
VMART,EQ,466.0,477.9,455.05,470.15,470.0,470.65,5261,2468797.95,12-JUN-2015,274,INE665J01013,
VOLTAMP,EQ,622.05,629.7,616.6,620.8,618.55,624.25,2810,1747500.2,12-JUN-2015,304,INE540H01012,
VOLTAS,EQ,333.05,334.8,325.4,329.8,329.5,333.05,1608839,530561629.05,12-JUN-2015,28491,INE226A01021,
VRLLOG,EQ,284.25,288.0,282.25,283.25,285.0,285.4,214550,61155867.0,12-JUN-2015,3165,INE366I01010,
VSSL,EQ,34.4,34.9,34.4,34.9,34.9,35.55,65,2250.0,12-JUN-2015,3,INE050M01012,
VSTIND,EQ,1585.0,1605.0,1581.0,1593.55,1591.0,1577.85,3051,4877823.2,12-JUN-2015,427,INE710A01016,
VSTTILLERS,EQ,1391.2,1410.0,1391.2,1409.65,1409.0,1412.65,650,912546.15,12-JUN-2015,56,INE764D01017,
VTL,EQ,670.0,670.0,636.25,649.3,651.8,651.45,13902,9050193.6,12-JUN-2015,755,INE825A01012,
WABAG,EQ,709.0,709.0,685.1,691.5,691.0,698.9,25645,17775732.2,12-JUN-2015,2043,INE956G01038,
WABCOINDIA,EQ,5500.0,5544.0,5250.0,5324.25,5324.95,5464.15,12873,69191471.95,12-JUN-2015,851,INE342J01019,
WALCHANNAG,EQ,153.0,154.2,148.5,150.6,150.05,153.65,130862,19795455.45,12-JUN-2015,2573,INE711A01022,
WANBURY,BE,52.0,53.5,51.1,52.6,53.5,52.7,3335,173844.45,12-JUN-2015,48,INE107F01022,
WEBELSOLAR,EQ,16.45,17.4,16.45,16.85,16.85,17.1,5351,91557.5,12-JUN-2015,25,INE855C01015,
WEIZFOREX,EQ,234.25,248.35,230.1,238.35,247.5,228.9,2586,607893.15,12-JUN-2015,56,INE726L01019,
WEIZMANIND,EQ,13.0,15.1,12.5,13.4,12.5,13.0,855,11464.0,12-JUN-2015,10,INE080A01014,
WELCORP,EQ,74.0,77.0,73.65,74.25,74.25,74.25,102342,7649040.55,12-JUN-2015,1524,INE191B01025,
WELINV,EQ,36.55,38.0,36.5,38.0,38.0,38.1,57,2086.65,12-JUN-2015,6,INE389K01018,
WELPROJ,EQ,36.5,39.5,35.7,37.65,38.0,37.15,34411,1297022.75,12-JUN-2015,224,INE625G01013,
WELSPUNIND,EQ,514.9,529.8,470.0,516.25,515.0,514.85,78981,40739433.75,12-JUN-2015,4174,INE192B01023,
WENDT,EQ,1733.0,1739.9,1668.0,1707.0,1719.0,1733.05,230,389293.1,12-JUN-2015,50,INE274C01019,
WHEELS,EQ,1209.0,1238.0,1161.1,1189.7,1195.0,1208.1,32421,38997891.7,12-JUN-2015,4147,INE715A01015,
WHIRLPOOL,EQ,700.05,712.8,690.7,705.75,705.95,701.6,14680,10235189.4,12-JUN-2015,1209,INE716A01013,
WILLAMAGOR,EQ,61.0,61.9,59.8,61.9,61.9,60.5,1440,88493.05,12-JUN-2015,18,INE210A01017,
WINDMACHIN,EQ,18.5,19.5,18.4,19.0,19.0,19.15,601,11396.2,12-JUN-2015,19,INE052A01021,
WINSOME,EQ,0.7,0.8,0.7,0.8,0.8,0.75,720,554.0,12-JUN-2015,4,INE784B01035,
WIPRO,EQ,546.05,554.4,529.0,537.35,538.8,546.05,2215415,1195388089.85,12-JUN-2015,56087,INE075A01022,
WOCKPHARMA,EQ,1322.0,1335.0,1290.0,1317.25,1317.6,1321.5,1441154,1889186739.65,12-JUN-2015,50558,INE049B01025,
WONDERLA,EQ,247.55,250.0,243.5,246.1,245.0,250.65,65680,16122749.05,12-JUN-2015,1672,INE066O01014,
WSTCSTPAPR,EQ,55.25,56.25,55.25,55.4,55.4,55.9,22148,1228046.4,12-JUN-2015,370,INE976A01021,
XCHANGING,EQ,25.05,26.45,24.2,24.85,24.7,25.3,2270,56678.45,12-JUN-2015,25,INE692G01013,
XLENERGY,EQ,2.5,2.5,2.5,2.5,2.5,2.25,1200,3000.0,12-JUN-2015,2,INE183H01011,
XPROINDIA,EQ,33.7,34.9,32.05,33.0,33.5,33.3,1495,49096.85,12-JUN-2015,31,INE445C01015,
YESBANK,EQ,798.9,810.85,794.0,805.45,806.0,804.6,3037849,2435645166.25,12-JUN-2015,96529,INE528G01019,
ZANDUREALT,EQ,1343.95,1343.95,1301.1,1307.9,1305.05,1323.5,822,1082564.25,12-JUN-2015,292,INE719A01017,
ZEEL,EQ,335.75,336.1,330.65,333.7,335.6,332.95,779489,259993843.2,12-JUN-2015,11669,INE256A01028,
ZEELEARN,EQ,36.0,36.25,35.6,35.85,35.95,35.95,45173,1622008.4,12-JUN-2015,316,INE565L01011,
ZEEMEDIA,EQ,16.05,16.3,15.85,16.0,16.0,15.85,193162,3100392.7,12-JUN-2015,478,INE966H01019,
ZENITHBIR,EQ,0.65,0.75,0.65,0.75,0.75,0.65,8381,6107.2,12-JUN-2015,20,INE318D01020,
ZENSARTECH,EQ,678.45,678.45,651.1,655.3,653.3,663.55,12735,8401296.4,12-JUN-2015,1641,INE520A01019,
ZENTEC,BE,71.0,72.9,69.9,70.5,70.0,71.95,35864,2553153.55,12-JUN-2015,148,INE251B01027,
ZICOM,EQ,139.95,141.0,135.0,140.15,141.0,138.45,22454,3106067.2,12-JUN-2015,339,INE871B01014,
ZODIACLOTH,EQ,279.0,285.0,276.0,278.15,278.15,285.0,16,4454.6,12-JUN-2015,5,INE206B01013,
ZODJRDMKJ,EQ,53.9,54.4,50.05,54.1,54.25,53.9,1148,60370.55,12-JUN-2015,16,INE077B01018,
ZUARI,EQ,194.5,195.65,188.6,189.75,189.0,192.5,41935,7963397.85,12-JUN-2015,123,INE840M01016,
ZUARIGLOB,EQ,91.1,92.2,89.0,91.25,91.25,91.75,1128,102685.0,12-JUN-2015,48,INE217A01012,
ZYDUSWELL,EQ,872.15,970.0,853.0,925.35,930.0,861.15,267422,251386516.2,12-JUN-2015,18001,INE768C01010,
ZYLOG,EQ,3.9,3.9,3.55,3.75,3.75,3.65,28947,107395.25,12-JUN-2015,74,INE225I01026,
