SYMBOL,SERIES,OPEN,HIGH,LOW,CLOSE,LAST,PREVCLOSE,TOTTRDQTY,TOTTRDVAL,TIMESTAMP,TOTALTRADES,ISIN,UNNAMED: 13
20MICRONS,EQ,26.6,26.95,26.0,26.2,26.35,26.8,18101,475010.7,12-MAY-2020,298,INE144J01027,
21STCENMGM,EQ,10.55,10.55,10.35,10.4,10.4,10.55,1670,17309.7,12-MAY-2020,9,INE253B01015,
3IINFOTECH,EQ,1.5,1.5,1.5,1.5,1.5,1.45,939859,1409788.5,12-MAY-2020,270,INE748C01020,
3MINDIA,EQ,18000.0,18299.0,17750.0,18107.1,18180.0,18179.1,2964,53203675.75,12-MAY-2020,1817,INE470A01017,
5PAISA,EQ,163.0,169.95,150.0,151.15,152.95,163.05,46726,7154872.7,12-MAY-2020,1090,INE618L01018,
63MOONS,BE,53.1,55.0,53.0,54.05,54.3,55.1,5775,308764.95,12-MAY-2020,623,INE111B01023,
A2ZINFRA,EQ,4.1,4.1,3.8,3.8,3.8,4.0,293260,1133896.4,12-MAY-2020,354,INE619I01012,
AARTIDRUGS,EQ,770.0,779.0,750.0,770.1,770.0,767.6,61864,47455529.2,12-MAY-2020,5661,INE767A01016,
AARTIIND,EQ,1023.9,1059.95,1015.3,1035.05,1040.0,1024.7,605498,626812082.25,12-MAY-2020,53660,INE769A01020,
AARVEEDEN,EQ,9.05,9.05,8.55,8.75,8.55,8.95,6221,53996.5,12-MAY-2020,73,INE273D01019,
AAVAS,EQ,1022.0,1027.9,978.7,981.7,980.1,1030.2,34588,34014892.3,12-MAY-2020,3469,INE216P01012,
ABAN,BE,18.8,18.8,18.45,18.55,18.6,19.2,18106,337334.55,12-MAY-2020,155,INE421A01028,
ABB,EQ,860.0,860.35,850.0,852.0,853.0,866.9,18231,15549843.35,12-MAY-2020,1590,INE117A01022,
ABBOTINDIA,EQ,18170.0,18679.75,17825.55,18081.9,18097.0,17907.8,23041,416979359.65,12-MAY-2020,8127,INE358A01014,
ABCAPITAL,EQ,42.2,42.8,41.2,42.4,42.75,42.7,1468963,61428501.5,12-MAY-2020,20506,INE674K01013,
ABFRL,EQ,105.5,106.0,101.75,104.0,104.5,105.65,1624133,167920425.4,12-MAY-2020,15254,INE647O01011,
ABSLBANETF,EQ,182.7,188.96,176.09,188.96,188.96,182.7,281,50597.53,12-MAY-2020,11,INF209KB1O58,
ABSLNN50ET,EQ,232.65,247.4,232.65,235.0,235.0,249.8,103,24734.17,12-MAY-2020,24,INF209KB1B87,
ACC,EQ,1165.8,1172.4,1147.2,1167.6,1166.0,1170.2,726718,843617116.85,12-MAY-2020,26474,INE012A01025,
ACCELYA,EQ,908.15,912.55,901.1,903.3,905.0,908.15,4003,3626514.45,12-MAY-2020,1250,INE793A01012,
ACE,EQ,43.45,43.45,41.6,42.4,42.65,43.15,132519,5610207.45,12-MAY-2020,1657,INE731H01025,
ADANIENT,EQ,138.5,140.7,133.2,139.9,139.75,140.05,2901951,398898510.4,12-MAY-2020,20537,INE423A01024,
ADANIGAS,EQ,104.45,106.5,102.5,104.6,104.75,106.45,1317098,137020886.8,12-MAY-2020,11920,INE399L01023,
ADANIGREEN,EQ,222.0,229.9,219.1,226.05,224.85,222.6,667224,150849317.1,12-MAY-2020,19946,INE364U01010,
ADANIPORTS,EQ,289.0,292.8,285.25,291.5,292.0,289.7,4602741,1332757574.75,12-MAY-2020,40291,INE742F01042,
ADANIPOWER,EQ,29.6,30.0,29.05,29.85,29.9,29.6,3729943,110274128.05,12-MAY-2020,8005,INE814H01011,
ADANITRANS,EQ,196.8,196.8,190.95,193.25,193.0,197.1,45189,8729454.4,12-MAY-2020,1734,INE931S01010,
ADFFOODS,EQ,206.75,206.75,206.75,206.75,206.75,196.95,9739,2013538.25,12-MAY-2020,97,INE982B01019,
ADHUNIKIND,EQ,19.55,19.55,19.55,19.55,19.55,20.55,3610,70575.5,12-MAY-2020,45,INE452L01012,
ADORWELD,EQ,245.15,247.7,241.1,243.05,243.0,252.15,9451,2303133.75,12-MAY-2020,421,INE045A01017,
ADROITINFO,BE,5.5,5.85,5.4,5.8,5.65,5.65,13184,74916.65,12-MAY-2020,116,INE737B01033,
ADSL,EQ,12.5,12.6,11.85,12.25,12.25,12.4,4520,55159.7,12-MAY-2020,95,INE102I01027,
ADVANIHOTR,EQ,37.0,38.5,37.0,38.05,38.0,37.5,9752,370168.45,12-MAY-2020,63,INE199C01026,
ADVENZYMES,EQ,138.0,142.0,135.0,140.45,140.25,138.8,76160,10505947.8,12-MAY-2020,3905,INE837H01020,
AEGISCHEM,EQ,180.8,182.6,165.35,170.2,169.35,180.6,411738,70789862.45,12-MAY-2020,13717,INE208C01025,
AFFLE,BE,1307.0,1339.95,1305.0,1311.55,1310.0,1341.75,23333,30730266.2,12-MAY-2020,4477,INE00WC01019,
AGARIND,EQ,62.95,62.95,59.15,60.9,61.5,58.3,24708,1510958.0,12-MAY-2020,562,INE204E01012,
AGCNET,BE,250.0,255.0,242.05,245.5,250.0,249.3,988,246071.5,12-MAY-2020,29,INE676A01019,
AGRITECH,BE,30.0,31.95,29.5,30.6,30.1,31.0,1406,42395.15,12-MAY-2020,27,INE449G01018,
AGROPHOS,EQ,11.2,11.2,11.2,11.2,11.2,11.75,3987,44654.4,12-MAY-2020,37,INE740V01019,
AHLEAST,EQ,135.45,136.0,130.0,134.7,136.0,136.0,882,117024.8,12-MAY-2020,74,INE926K01017,
AHLUCONT,EQ,183.0,183.0,175.1,175.95,175.1,180.05,2678,471488.65,12-MAY-2020,172,INE758C01029,
AHLWEST,BE,233.0,233.0,233.0,233.0,233.0,222.05,36,8388.0,12-MAY-2020,2,INE915K01010,
AIAENG,EQ,1551.1,1692.0,1533.3,1651.9,1692.0,1570.95,40103,64949461.4,12-MAY-2020,5647,INE212H01026,
AIONJSW,BE,11.0,11.45,10.45,11.0,11.0,11.0,16163,177284.4,12-MAY-2020,62,INE743C01021,
AIRAN,EQ,9.9,9.95,9.55,9.7,9.85,9.75,16607,161839.75,12-MAY-2020,85,INE645W01026,
AJANTPHARM,EQ,1480.45,1480.45,1430.0,1440.65,1445.0,1480.45,86024,124404894.15,12-MAY-2020,5713,INE031B01049,
AJMERA,EQ,76.65,78.45,74.05,76.85,77.2,78.7,48964,3727293.45,12-MAY-2020,1042,INE298G01027,
AKASH,BE,89.0,89.0,84.55,84.55,84.55,89.0,252,21405.5,12-MAY-2020,3,INE737W01013,
AKSHARCHEM,EQ,188.05,191.5,181.25,185.35,183.25,187.05,5729,1058884.75,12-MAY-2020,426,INE542B01011,
AKSHOPTFBR,EQ,4.7,4.7,4.55,4.55,4.55,4.75,83023,378080.15,12-MAY-2020,181,INE523B01011,
AKZOINDIA,EQ,1880.0,1884.85,1818.0,1832.05,1834.0,1888.3,9416,17298914.35,12-MAY-2020,2223,INE133A01011,
ALANKIT,EQ,16.3,16.3,14.8,16.3,16.3,15.55,141529,2265504.0,12-MAY-2020,688,INE914E01040,
ALBERTDAVD,EQ,456.85,469.7,444.0,456.1,457.0,456.9,12259,5611873.55,12-MAY-2020,882,INE155C01010,
ALCHEM,BE,2.9,2.9,2.9,2.9,2.9,2.8,6960,20184.0,12-MAY-2020,16,INE964B01033,
ALEMBICLTD,EQ,47.15,48.45,46.0,48.05,48.3,47.9,120322,5694683.9,12-MAY-2020,1486,INE426A01027,
ALICON,EQ,220.6,220.6,215.0,220.0,220.0,218.3,464,101555.0,12-MAY-2020,39,INE062D01024,
ALKALI,EQ,38.75,40.25,38.65,39.5,39.15,39.4,3348,131231.7,12-MAY-2020,69,INE773I01017,
ALKEM,EQ,2608.0,2608.0,2522.55,2577.7,2579.0,2599.6,134787,345989282.8,12-MAY-2020,14494,INE540L01014,
ALKYLAMINE,EQ,1779.0,1850.0,1731.0,1773.7,1766.05,1770.65,42574,75729911.05,12-MAY-2020,5895,INE150B01021,
ALLCARGO,EQ,67.5,69.7,65.7,66.2,66.45,67.4,130284,8725493.35,12-MAY-2020,1899,INE418H01029,
ALLSEC,EQ,160.25,169.2,156.45,165.05,167.0,161.85,634,103901.25,12-MAY-2020,57,INE835G01018,
ALMONDZ,EQ,11.0,11.0,10.9,11.0,11.0,10.5,247,2716.9,12-MAY-2020,5,INE326B01027,
ALOKINDS,EQ,10.0,10.0,10.0,10.0,10.0,9.55,849695,8496950.0,12-MAY-2020,869,INE270A01029,
ALPA,EQ,17.5,18.0,17.1,17.85,17.95,17.75,23371,414369.35,12-MAY-2020,123,INE385I01010,
ALPHAGEO,EQ,155.95,155.95,148.0,149.7,150.0,155.25,12573,1889223.1,12-MAY-2020,562,INE137C01018,
ALPSINDUS,BE,0.75,0.8,0.75,0.8,0.75,0.8,7131,5555.65,12-MAY-2020,22,INE093B01015,
AMARAJABAT,EQ,570.0,584.0,552.85,558.65,558.0,568.55,3302796,1874115770.65,12-MAY-2020,58036,INE885A01032,
AMBER,EQ,1074.9,1090.0,1058.3,1070.95,1074.9,1073.95,42934,45989663.5,12-MAY-2020,6226,INE371P01015,
AMBIKCO,EQ,657.85,665.0,644.0,658.2,650.0,657.35,1691,1101815.45,12-MAY-2020,318,INE540G01014,
AMBUJACEM,EQ,173.5,176.3,170.65,175.2,175.2,173.95,3911751,681672698.45,12-MAY-2020,38966,INE079A01024,
AMDIND,EQ,12.2,12.45,11.75,12.0,12.0,12.15,1404,16697.25,12-MAY-2020,18,INE005I01014,
AMJLAND,EQ,15.65,15.65,14.7,14.7,14.7,15.1,6087,89835.2,12-MAY-2020,27,INE606A01024,
AMRUTANJAN,EQ,341.05,342.2,335.0,340.2,340.9,341.3,26747,9064978.9,12-MAY-2020,1369,INE098F01031,
ANANTRAJ,EQ,15.4,15.4,14.7,14.95,15.0,15.0,106198,1587043.15,12-MAY-2020,389,INE242C01024,
ANDHRACEMT,BE,2.95,2.95,2.95,2.95,2.95,2.85,98414,290321.3,12-MAY-2020,105,INE666E01012,
ANDHRAPAP,EQ,174.9,175.5,169.05,173.95,173.95,172.7,2391,413048.55,12-MAY-2020,129,INE435A01028,
ANDHRSUGAR,EQ,220.0,221.0,211.55,218.25,219.0,222.65,21489,4619000.75,12-MAY-2020,896,INE715B01013,
ANIKINDS,BE,8.7,9.45,8.65,9.35,9.35,9.0,1311,11872.75,12-MAY-2020,22,INE087B01017,
ANKITMETAL,EQ,0.4,0.4,0.4,0.4,0.4,0.4,1000,400.0,12-MAY-2020,2,INE106I01010,
ANSALAPI,BE,5.7,5.9,5.45,5.45,5.45,5.7,45101,254717.05,12-MAY-2020,67,INE436A01026,
ANSALHSG,EQ,3.15,3.2,3.1,3.1,3.15,3.15,13589,42446.5,12-MAY-2020,32,INE880B01015,
ANUP,EQ,270.95,277.65,266.5,272.3,272.0,270.9,2972,801504.95,12-MAY-2020,235,INE294Z01018,
APARINDS,EQ,290.45,290.5,280.25,285.35,284.9,290.45,15683,4461502.75,12-MAY-2020,917,INE372A01015,
APCL,EQ,108.0,109.35,104.0,104.95,107.0,107.45,3746,395124.7,12-MAY-2020,240,INE071F01012,
APCOTEXIND,EQ,98.25,98.5,94.25,95.05,94.4,97.8,10758,1032426.0,12-MAY-2020,367,INE116A01032,
APEX,EQ,191.0,191.4,183.6,184.75,185.0,189.75,89511,16669995.6,12-MAY-2020,2755,INE346W01013,
APLAPOLLO,EQ,1219.0,1229.95,1155.55,1199.55,1210.0,1210.65,33166,39537230.7,12-MAY-2020,3958,INE702C01019,
APLLTD,EQ,780.4,810.0,779.0,803.35,801.0,777.3,471230,374563055.75,12-MAY-2020,23083,INE901L01018,
APOLLO,EQ,74.0,74.5,66.85,70.55,70.3,72.55,51043,3652190.05,12-MAY-2020,1221,INE713T01010,
APOLLOHOSP,EQ,1296.1,1320.0,1280.95,1301.1,1300.55,1304.2,663107,862676870.7,12-MAY-2020,53350,INE437A01024,
APOLLOPIPE,EQ,336.95,336.95,320.0,326.9,327.0,331.7,35351,11535932.25,12-MAY-2020,1550,INE126J01016,
APOLLOTYRE,EQ,92.9,92.9,88.0,90.95,91.1,93.1,8357476,753852738.35,12-MAY-2020,41136,INE438A01022,
APOLSINHOT,EQ,424.0,424.0,399.0,408.05,407.6,418.75,66,27053.2,12-MAY-2020,43,INE451F01024,
APTECHT,EQ,101.9,104.5,99.0,101.6,102.0,101.65,126692,12941834.55,12-MAY-2020,1982,INE266F01018,
ARCHIDPLY,EQ,17.3,18.8,17.3,18.25,18.15,17.7,8964,162686.55,12-MAY-2020,96,INE877I01016,
ARCHIES,BE,11.4,11.8,10.9,11.15,11.55,11.4,9044,101722.4,12-MAY-2020,63,INE731A01020,
ARCOTECH,BE,1.9,1.95,1.85,1.95,1.95,1.9,56232,107820.0,12-MAY-2020,67,INE574I01035,
ARENTERP,EQ,9.2,9.65,8.9,9.2,9.2,9.2,520,4784.45,12-MAY-2020,12,INE610C01014,
ARIES,EQ,54.85,54.85,52.5,53.95,54.1,54.75,18231,976871.85,12-MAY-2020,335,INE298I01015,
ARIHANT,EQ,13.3,14.6,13.3,14.6,14.6,13.3,5104,72819.4,12-MAY-2020,80,INE413D01011,
ARIHANTSUP,EQ,18.9,19.85,18.9,19.0,19.0,19.0,8143,154689.4,12-MAY-2020,58,INE643K01018,
ARMANFIN,EQ,328.55,335.0,310.0,328.75,334.7,322.4,10216,3250550.65,12-MAY-2020,638,INE109C01017,
AROGRANITE,EQ,24.8,24.8,22.7,23.0,23.25,23.85,4410,101235.85,12-MAY-2020,46,INE210C01013,
ARROWGREEN,BE,33.0,33.0,32.25,33.0,33.0,33.75,1000,32915.6,12-MAY-2020,19,INE570D01018,
ARSHIYA,BE,11.25,11.6,10.7,11.4,11.6,11.25,15288,164288.4,12-MAY-2020,51,INE968D01022,
ARSSINFRA,BE,11.75,12.5,11.65,12.4,12.4,12.25,7441,87006.85,12-MAY-2020,31,INE267I01010,
ARTEMISMED,EQ,150.5,161.8,149.95,151.3,150.0,152.85,1869,284400.05,12-MAY-2020,71,INE025R01013,
ARVIND,EQ,20.75,20.9,19.9,20.0,20.0,20.95,2482832,50053234.3,12-MAY-2020,7900,INE034A01011,
ARVINDFASN,EQ,132.0,133.0,130.05,132.0,133.0,131.95,11068,1452365.4,12-MAY-2020,370,INE955V01021,
ARVSMART,EQ,63.0,64.0,62.25,63.2,63.0,63.9,4845,304163.6,12-MAY-2020,160,INE034S01021,
ASAHIINDIA,EQ,156.95,159.3,154.0,154.85,156.5,158.5,5903,917955.4,12-MAY-2020,339,INE439A01020,
ASAHISONG,EQ,99.85,102.95,93.35,98.2,98.05,103.4,8489,830187.55,12-MAY-2020,443,INE228I01012,
ASAL,EQ,14.05,14.25,13.8,13.85,13.8,14.45,3250,45170.35,12-MAY-2020,28,INE900C01027,
ASALCBR,EQ,189.85,189.85,176.15,188.4,189.45,185.8,47131,8682420.85,12-MAY-2020,2496,INE073G01016,
ASHAPURMIN,EQ,27.15,27.15,24.9,25.1,25.1,26.2,23383,586310.85,12-MAY-2020,124,INE348A01023,
ASHIANA,EQ,40.65,43.25,40.0,42.25,41.55,42.15,46514,1933040.85,12-MAY-2020,300,INE365D01021,
ASHIMASYN,BE,4.0,4.2,4.0,4.15,4.15,4.05,2992,12253.2,12-MAY-2020,22,INE440A01010,
ASHOKA,EQ,58.25,58.25,55.4,56.2,56.75,58.4,329374,18454596.5,12-MAY-2020,3558,INE442H01029,
ASHOKLEY,EQ,48.7,49.1,46.65,48.6,48.8,48.75,24434204,1169147892.75,12-MAY-2020,60475,INE208A01029,
ASIANHOTNR,EQ,65.0,65.0,57.15,58.5,59.0,62.0,155040,9254057.5,12-MAY-2020,404,INE363A01022,
ASIANPAINT,EQ,1539.0,1543.75,1512.0,1523.35,1523.0,1569.6,4504103,6866303712.55,12-MAY-2020,169946,INE021A01026,
ASIANTILES,EQ,137.7,139.8,130.0,136.9,139.0,135.35,31389,4200831.2,12-MAY-2020,1157,INE022I01019,
ASPINWALL,EQ,108.95,108.95,103.25,107.3,107.85,104.95,623,66263.5,12-MAY-2020,79,INE991I01015,
ASTEC,EQ,579.0,603.0,551.5,578.8,574.0,587.0,328796,190606115.25,12-MAY-2020,10793,INE563J01010,
ASTERDM,EQ,97.4,97.4,94.35,94.9,95.0,97.3,61727,5870796.35,12-MAY-2020,1373,INE914M01019,
ASTRAL,EQ,900.0,909.0,868.05,874.25,871.25,880.5,65062,57114495.85,12-MAY-2020,13803,INE006I01046,
ASTRAMICRO,EQ,57.1,62.5,57.1,62.0,62.0,60.1,195424,11636430.25,12-MAY-2020,2098,INE386C01029,
ASTRAZEN,EQ,3085.0,3085.0,3007.0,3060.2,3052.0,3080.15,15829,48233532.85,12-MAY-2020,2503,INE203A01020,
ASTRON,EQ,28.5,28.5,27.65,28.0,28.0,28.55,62421,1747739.95,12-MAY-2020,225,INE646X01014,
ATFL,EQ,491.9,539.95,476.5,518.6,519.0,492.15,58837,30458256.55,12-MAY-2020,2371,INE209A01019,
ATLANTA,EQ,7.95,7.95,7.25,7.25,7.25,7.6,81799,633592.35,12-MAY-2020,271,INE285H01022,
ATLASCYCLE,BE,34.35,36.05,33.0,36.0,35.25,34.35,3530,125579.1,12-MAY-2020,50,INE446A01025,
ATUL,EQ,4660.0,4660.0,4525.05,4549.0,4550.0,4643.85,10876,49650175.9,12-MAY-2020,2774,INE100A01010,
ATULAUTO,EQ,158.25,166.15,156.55,161.75,159.95,158.25,154124,24725282.1,12-MAY-2020,863,INE951D01028,
AUBANK,EQ,390.0,393.0,380.15,380.15,380.15,400.15,1119825,426879026.35,12-MAY-2020,19779,INE949L01017,
AURIONPRO,EQ,37.3,39.95,37.25,39.2,39.6,39.9,3354,128278.05,12-MAY-2020,125,INE132H01018,
AUROPHARMA,EQ,663.95,695.0,659.0,690.9,690.55,664.5,10921194,7419678738.05,12-MAY-2020,181981,INE406A01037,
AUSOMENT,EQ,25.5,26.5,25.5,26.5,26.5,26.35,73,1866.5,12-MAY-2020,2,INE218C01016,
AUTOAXLES,EQ,465.4,469.75,451.1,462.9,463.95,467.6,4114,1892389.4,12-MAY-2020,480,INE449A01011,
AUTOIND,BE,15.0,15.2,14.0,14.9,15.2,14.5,13823,206574.2,12-MAY-2020,98,INE718H01014,
AUTOLITIND,EQ,15.3,16.1,15.2,15.3,15.7,16.0,2003,30991.75,12-MAY-2020,64,INE448A01013,
AVADHSUGAR,EQ,130.0,130.0,125.0,127.25,127.0,130.15,15756,2001935.35,12-MAY-2020,376,INE349W01017,
AVANTIFEED,EQ,394.1,397.0,380.0,384.6,384.85,394.1,318168,123356557.1,12-MAY-2020,10413,INE871C01038,
AVTNPL,EQ,31.0,33.0,30.15,32.2,32.1,30.8,122877,3876336.65,12-MAY-2020,735,INE488D01021,
AXISBANK,EQ,376.3,391.8,370.0,386.85,386.2,379.55,38411667,14525742513.25,12-MAY-2020,379557,INE238A01034,
AXISCADES,EQ,30.7,31.4,30.15,31.15,31.2,30.7,8135,252013.25,12-MAY-2020,101,INE555B01013,
AXISGOLD,EQ,4165.0,4165.0,4090.05,4098.9,4097.0,4166.8,7254,29816667.5,12-MAY-2020,421,INF846K01347,
AXISNIFTY,EQ,1120.0,1131.0,1103.0,1131.0,1131.0,1120.0,24,26871.0,12-MAY-2020,11,INF846K01ZL0,
AYMSYNTEX,EQ,15.1,15.1,14.3,14.9,14.95,14.7,2699,39611.4,12-MAY-2020,47,INE193B01039,
BAGFILMS,BE,1.55,1.55,1.45,1.55,1.55,1.5,88478,135145.25,12-MAY-2020,48,INE116D01028,
BAJAJ-AUTO,EQ,2531.0,2655.9,2494.25,2628.85,2654.0,2566.3,1335103,3440739903.25,12-MAY-2020,83849,INE917I01010,
BAJAJCON,EQ,133.5,136.85,133.5,134.65,134.3,134.35,147232,19824789.35,12-MAY-2020,3484,INE933K01021,
BAJAJELEC,EQ,365.3,370.0,353.0,360.1,358.0,361.05,222327,79942518.9,12-MAY-2020,7985,INE193E01025,
BAJAJFINSV,EQ,4528.0,4715.8,4455.5,4668.2,4709.0,4558.0,1018893,4682338827.05,12-MAY-2020,101764,INE918I01018,
BAJAJHIND,EQ,4.05,4.05,4.05,4.05,4.05,4.25,689538,2792628.9,12-MAY-2020,1483,INE306A01021,
BAJAJHLDNG,EQ,1890.0,1925.5,1875.0,1920.4,1920.35,1904.55,20852,39676453.1,12-MAY-2020,4854,INE118A01012,
BAJFINANCE,EQ,1989.7,2080.0,1977.1,2069.7,2075.0,2015.05,10336528,21016238122.5,12-MAY-2020,386836,INE296A01024,
BALAJITELE,EQ,58.0,64.1,57.2,63.6,64.1,58.3,242273,15112478.75,12-MAY-2020,1465,INE794B01026,
BALAMINES,EQ,378.1,384.0,357.3,376.7,375.0,376.2,69368,25516298.55,12-MAY-2020,2657,INE050E01027,
BALAXI,BE,68.1,72.1,68.1,71.55,72.1,70.0,1016,70120.0,12-MAY-2020,14,INE618N01014,
BALKRISHNA,EQ,12.4,12.45,11.5,11.8,11.75,12.1,4400,53035.1,12-MAY-2020,55,INE875R01011,
BALKRISIND,EQ,925.0,937.0,902.25,924.65,927.5,926.85,926678,853720666.65,12-MAY-2020,29928,INE787D01026,
BALLARPUR,EQ,0.45,0.5,0.45,0.5,0.45,0.45,1041399,490032.0,12-MAY-2020,358,INE294A01037,
BALMLAWRIE,EQ,93.75,93.75,91.6,92.65,92.55,93.6,84007,7761916.85,12-MAY-2020,1782,INE164A01016,
BALPHARMA,BE,36.3,36.3,34.6,35.15,35.9,36.3,6565,230652.75,12-MAY-2020,98,INE083D01012,
BALRAMCHIN,EQ,95.1,95.25,92.35,92.8,93.15,95.1,354960,32995641.65,12-MAY-2020,7409,INE119A01028,
BANARBEADS,EQ,32.05,32.05,32.0,32.0,32.0,32.0,347,11104.05,12-MAY-2020,7,INE655B01011,
BANARISUG,EQ,878.0,878.0,831.45,869.2,870.0,865.45,47,40704.15,12-MAY-2020,15,INE459A01010,
BANCOINDIA,EQ,64.45,65.0,63.75,64.5,64.65,64.7,29036,1866797.25,12-MAY-2020,729,INE213C01025,
BANDHANBNK,EQ,238.0,238.65,229.0,233.9,235.9,239.85,13232702,3082866627.85,12-MAY-2020,158007,INE545U01014,
BANG,EQ,15.45,15.45,15.45,15.45,15.45,15.7,50,772.5,12-MAY-2020,1,INE863I01016,
BANKBARODA,EQ,40.6,41.55,39.35,41.05,41.05,41.0,24650912,992506641.5,12-MAY-2020,70181,INE028A01039,
BANKBEES,EQ,191.4,191.62,184.6,190.27,190.2,191.42,992421,185530752.25,12-MAY-2020,12249,INF204KB15I9,
BANKINDIA,EQ,32.55,33.1,31.85,32.85,32.9,32.65,1975008,63903651.15,12-MAY-2020,4922,INE084A01016,
BANSWRAS,EQ,72.3,72.8,71.05,71.6,71.65,72.3,1788,128359.65,12-MAY-2020,78,INE629D01012,
BASF,EQ,1004.6,1005.0,985.0,999.15,1001.5,1004.6,6513,6491028.5,12-MAY-2020,807,INE373A01013,
BASML,EQ,71.9,77.0,70.15,77.0,77.0,74.15,1109,84107.7,12-MAY-2020,36,INE186H01014,
BATAINDIA,EQ,1310.0,1329.55,1286.05,1323.75,1319.95,1321.0,614808,801676096.4,12-MAY-2020,20383,INE176A01028,
BAYERCROP,EQ,4646.55,4665.0,4422.25,4448.6,4448.0,4645.15,11245,50429784.35,12-MAY-2020,3845,INE462A01022,
BBL,EQ,641.05,655.2,635.0,648.9,652.0,649.5,5501,3537761.7,12-MAY-2020,460,INE464A01028,
BBTC,EQ,855.0,856.0,832.0,845.2,846.0,857.45,29908,25202574.35,12-MAY-2020,2453,INE050A01025,
BCG,EQ,4.6,4.65,4.4,4.4,4.4,4.6,833029,3698128.2,12-MAY-2020,422,INE425B01027,
BCP,EQ,9.45,10.0,9.2,9.85,9.55,9.6,383362,3575973.05,12-MAY-2020,52,INE905P01028,
BDL,EQ,223.0,225.9,216.0,218.8,217.8,228.75,90860,19946856.5,12-MAY-2020,3038,INE171Z01018,
BEARDSELL,EQ,10.0,10.0,9.1,9.2,9.1,9.55,37899,364819.6,12-MAY-2020,189,INE520H01022,
BEDMUTHA,EQ,11.8,12.2,11.2,11.95,11.6,11.8,11299,131488.15,12-MAY-2020,100,INE844K01012,
BEL,EQ,59.7,61.2,57.75,60.55,61.15,60.15,13388818,793127812.3,12-MAY-2020,61394,INE263A01024,
BEML,EQ,555.0,571.7,540.05,562.65,570.0,559.3,649560,360098062.6,12-MAY-2020,20925,INE258A01016,
BEPL,EQ,35.45,36.0,34.5,35.0,34.9,35.3,288480,10184603.2,12-MAY-2020,2516,INE922A01025,
BERGEPAINT,EQ,446.0,459.0,443.2,457.3,458.85,452.55,1321365,596283623.55,12-MAY-2020,20340,INE463A01038,
BFINVEST,EQ,239.05,239.05,236.15,238.15,238.0,235.5,5226,1244322.55,12-MAY-2020,190,INE878K01010,
BFUTILITIE,EQ,163.0,164.1,157.95,160.25,160.95,163.7,63286,10158488.9,12-MAY-2020,1210,INE243D01012,
BGRENERGY,EQ,22.7,22.95,21.85,22.15,22.1,23.05,105152,2331108.95,12-MAY-2020,589,INE661I01014,
BHAGERIA,EQ,107.7,108.95,104.25,106.05,105.5,109.3,37496,3981929.25,12-MAY-2020,1039,INE354C01027,
BHAGYANGR,EQ,14.5,15.15,13.9,14.6,14.6,14.7,17736,260136.1,12-MAY-2020,126,INE458B01036,
BHAGYAPROP,EQ,18.55,19.0,18.1,18.6,18.1,18.55,118,2189.55,12-MAY-2020,6,INE363W01018,
BHANDARI,EQ,0.85,0.9,0.85,0.85,0.85,0.9,54959,48240.1,12-MAY-2020,224,INE474E01029,
BHARATFORG,EQ,283.0,287.55,270.1,284.0,286.85,286.55,2888134,801710080.05,12-MAY-2020,42547,INE465A01025,
BHARATGEAR,BE,35.95,36.25,34.6,35.3,35.5,36.4,4953,175481.55,12-MAY-2020,39,INE561C01019,
BHARATRAS,EQ,6364.5,6500.0,6200.0,6395.35,6423.0,6378.75,1779,11343681.9,12-MAY-2020,694,INE838B01013,
BHARATWIRE,EQ,16.0,16.85,15.5,16.85,16.85,16.05,22154,367178.7,12-MAY-2020,162,INE316L01019,
BHARTIARTL,EQ,533.0,564.0,530.5,559.85,559.9,536.2,22616586,12429164473.15,12-MAY-2020,270556,INE397D01024,
BHEL,EQ,22.4,22.4,21.4,21.5,21.55,22.55,42068839,912693831.5,12-MAY-2020,65915,INE257A01026,
BIGBLOC,EQ,28.45,28.45,24.7,26.5,26.5,27.0,5388,139412.05,12-MAY-2020,40,INE412U01017,
BIL,EQ,95.0,98.8,95.0,95.0,95.0,100.0,2380,226253.6,12-MAY-2020,51,INE828A01016,
BILENERGY,EQ,0.6,0.65,0.55,0.65,0.65,0.6,837633,505052.2,12-MAY-2020,188,INE607L01029,
BINDALAGRO,EQ,10.0,10.25,9.6,10.2,10.25,10.1,8734,87509.65,12-MAY-2020,102,INE143A01010,
BIOCON,EQ,354.0,356.8,337.65,343.45,343.5,351.6,7690803,2656298502.8,12-MAY-2020,101733,INE376G01013,
BIOFILCHEM,EQ,11.8,11.8,11.15,11.2,11.45,11.65,4877,55384.35,12-MAY-2020,100,INE829A01014,
BIRLACABLE,EQ,38.85,40.7,37.35,39.55,39.4,38.85,21495,835732.15,12-MAY-2020,391,INE800A01015,
BIRLACORPN,EQ,392.25,400.85,384.8,397.55,397.0,397.5,135911,53245376.7,12-MAY-2020,5414,INE340A01012,
BIRLAMONEY,EQ,25.65,26.0,24.7,25.15,25.2,26.0,145150,3664642.3,12-MAY-2020,1366,INE865C01022,
BIRLATYRE,EQ,9.1,9.1,9.1,9.1,9.1,8.7,32300,293930.0,12-MAY-2020,47,INE0AEJ01013,
BKMINDST,BE,0.6,0.6,0.55,0.55,0.6,0.6,24151,13665.9,12-MAY-2020,42,INE831Q01016,
BLBLIMITED,EQ,3.1,3.15,3.0,3.1,3.1,3.1,1006,3092.4,12-MAY-2020,16,INE791A01024,
BLISSGVS,EQ,95.3,95.85,93.45,94.85,94.95,95.25,59461,5629615.1,12-MAY-2020,1267,INE416D01022,
BLKASHYAP,BE,4.5,4.7,4.4,4.7,4.45,4.5,18793,85977.25,12-MAY-2020,51,INE350H01032,
BLS,EQ,29.7,30.15,29.0,29.25,29.0,29.75,43627,1291478.75,12-MAY-2020,307,INE153T01027,
BLUECOAST,BE,3.75,3.75,3.75,3.75,3.75,3.75,100,375.0,12-MAY-2020,1,INE472B01011,
BLUEDART,EQ,2122.7,2142.0,2081.5,2105.9,2100.0,2136.6,4977,10469036.25,12-MAY-2020,888,INE233B01017,
BLUESTARCO,EQ,473.6,484.95,457.0,474.45,473.65,470.4,63588,29915924.15,12-MAY-2020,5063,INE472A01039,
BODALCHEM,EQ,47.5,48.25,46.2,46.45,46.45,48.85,431095,20114859.25,12-MAY-2020,4364,INE338D01028,
BOMDYEING,EQ,46.95,47.4,45.55,46.95,46.9,46.95,367830,17085516.3,12-MAY-2020,2783,INE032A01023,
BORORENEW,EQ,35.2,37.3,34.35,36.2,35.85,35.5,126211,4483169.0,12-MAY-2020,1219,INE666D01022,
BOSCHLTD,EQ,9825.0,9861.0,9652.55,9767.4,9767.45,9861.5,35394,345219624.45,12-MAY-2020,8461,INE323A01026,
BPCL,EQ,310.5,319.8,308.6,312.5,312.35,314.8,8311620,2599301565.3,12-MAY-2020,133538,INE029A01011,
BPL,BE,15.0,15.1,14.3,14.5,14.55,14.95,18024,263808.35,12-MAY-2020,91,INE110A01019,
BRFL,BE,4.2,4.35,4.0,4.0,4.0,4.2,33778,135423.3,12-MAY-2020,108,INE589G01011,
BRIGADE,EQ,101.5,104.55,98.15,102.65,102.0,101.35,149993,15283868.8,12-MAY-2020,2738,INE791I01019,
BRITANNIA,EQ,3048.95,3123.2,3031.3,3107.3,3115.0,3053.95,1329390,4105455983.9,12-MAY-2020,98174,INE216A01030,
BRNL,EQ,38.65,40.65,38.2,40.4,40.4,39.6,1961,78236.0,12-MAY-2020,42,INE727S01012,
BROOKS,BE,29.95,29.95,29.95,29.95,29.95,31.5,1989,59570.55,12-MAY-2020,23,INE650L01011,
BSE,EQ,385.0,387.0,376.85,380.95,380.0,388.45,103420,39427584.55,12-MAY-2020,5335,INE118H01025,
BSELINFRA,EQ,0.85,0.85,0.85,0.85,0.85,0.85,22593,19204.05,12-MAY-2020,9,INE395A01016,
BSL,EQ,20.55,21.15,20.0,20.35,20.15,20.5,1120,23009.8,12-MAY-2020,33,INE594B01012,
BSLGOLDETF,EQ,4299.8,4317.95,4251.3,4290.35,4280.0,4307.2,226,969500.8,12-MAY-2020,116,INF209K01HT2,
BSLNIFTY,EQ,106.99,107.0,105.05,106.99,107.0,107.01,94,10054.01,12-MAY-2020,11,INF209K01IR4,
BSOFT,EQ,70.4,71.0,68.55,70.15,71.0,70.45,185226,12945678.6,12-MAY-2020,2053,INE836A01035,
BURNPUR,EQ,0.7,0.75,0.7,0.7,0.7,0.75,14310,10067.0,12-MAY-2020,15,INE817H01014,
BUTTERFLY,EQ,101.45,101.45,97.25,99.9,99.8,100.8,35851,3559187.4,12-MAY-2020,1021,INE295F01017,
BVCL,BE,9.0,9.6,8.75,9.1,9.6,9.2,1936,17202.1,12-MAY-2020,16,INE139I01011,
BYKE,EQ,8.95,9.9,8.65,9.45,9.5,8.9,95555,872250.35,12-MAY-2020,466,INE319B01014,
CADILAHC,EQ,325.95,330.2,322.3,323.7,324.25,328.4,2547712,828233547.35,12-MAY-2020,27739,INE010B01027,
CALSOFT,BE,8.85,8.85,8.1,8.1,8.1,8.5,9818,79571.9,12-MAY-2020,46,INE526B01014,
CAMLINFINE,EQ,36.6,38.2,35.6,37.7,37.6,36.65,153423,5632794.75,12-MAY-2020,2662,INE052I01032,
CANBK,EQ,78.95,80.6,76.0,79.8,80.1,78.85,9185494,715878076.85,12-MAY-2020,39112,INE476A01014,
CANFINHOME,EQ,301.4,306.0,292.95,296.0,294.75,307.0,200372,59581226.0,12-MAY-2020,5637,INE477A01020,
CANTABIL,EQ,231.75,232.6,222.15,225.9,225.3,230.7,30422,6976156.9,12-MAY-2020,1142,INE068L01016,
CAPACITE,EQ,73.0,76.2,72.1,75.45,76.0,73.6,15087,1109138.75,12-MAY-2020,561,INE264T01014,
CAPLIPOINT,EQ,326.0,332.35,311.2,323.7,323.6,324.75,63422,20508596.35,12-MAY-2020,2984,INE475E01026,
CAPTRUST,EQ,60.5,63.0,59.1,61.8,61.95,60.7,358,21991.4,12-MAY-2020,44,INE707C01018,
CARBORUNIV,EQ,213.9,215.95,210.3,212.35,213.85,213.9,14638,3124550.3,12-MAY-2020,1317,INE120A01034,
CAREERP,EQ,168.6,169.45,158.0,165.25,165.0,168.0,37157,6066190.1,12-MAY-2020,1002,INE521J01018,
CARERATING,EQ,366.65,376.95,351.1,373.65,372.2,369.95,61112,22271947.85,12-MAY-2020,3252,INE752H01013,
CASTEXTECH,BE,0.35,0.35,0.3,0.3,0.3,0.35,12117,4205.1,12-MAY-2020,21,INE068D01021,
CASTROLIND,EQ,119.05,123.05,118.55,121.35,121.45,119.65,888105,107725055.95,12-MAY-2020,29592,INE172A01027,
CCHHL,BE,2.35,2.35,2.15,2.15,2.15,2.25,37777,83100.7,12-MAY-2020,61,INE652F01027,
CCL,EQ,188.7,192.0,185.3,190.4,190.0,190.15,70818,13418779.2,12-MAY-2020,3367,INE421D01022,
CDSL,EQ,216.0,218.2,214.1,217.1,216.8,216.9,123341,26654563.55,12-MAY-2020,3035,INE736A01011,
CEATLTD,EQ,730.0,738.8,723.2,735.1,735.7,738.7,94542,69021319.65,12-MAY-2020,4556,INE482A01020,
CEBBCO,EQ,8.15,8.2,7.6,7.75,7.75,8.2,23612,182677.7,12-MAY-2020,140,INE209L01016,
CELEBRITY,EQ,4.45,4.45,4.15,4.3,4.2,4.35,10944,45918.95,12-MAY-2020,31,INE185H01016,
CENTENKA,EQ,129.1,129.1,125.5,127.2,127.75,128.95,7488,949579.4,12-MAY-2020,353,INE485A01015,
CENTEXT,EQ,2.3,2.35,2.2,2.25,2.25,2.3,46558,105968.3,12-MAY-2020,72,INE281A01026,
CENTRALBK,EQ,14.65,14.7,14.25,14.55,14.55,14.7,478488,6913172.2,12-MAY-2020,1534,INE483A01010,
CENTRUM,EQ,10.15,10.15,9.8,10.15,10.15,10.2,24352,243833.65,12-MAY-2020,151,INE660C01027,
CENTUM,EQ,237.0,239.0,223.0,228.0,229.9,237.05,969,221491.75,12-MAY-2020,110,INE320B01020,
CENTURYPLY,EQ,107.1,108.7,100.7,104.9,105.0,109.45,405019,42656449.6,12-MAY-2020,7577,INE348B01021,
CENTURYTEX,EQ,270.8,271.55,256.8,266.35,267.0,271.35,1192809,312862717.65,12-MAY-2020,17392,INE055A01016,
CERA,EQ,2154.0,2233.0,2129.95,2201.95,2210.0,2175.0,2764,6031773.3,12-MAY-2020,806,INE739E01017,
CEREBRAINT,BE,25.45,25.45,24.0,24.05,24.05,24.9,5301,127937.05,12-MAY-2020,23,INE345B01019,
CESC,EQ,601.0,603.95,584.55,598.65,597.5,606.8,932557,553778844.5,12-MAY-2020,22370,INE486A01013,
CESCVENT,EQ,124.65,124.65,117.65,120.95,121.5,123.8,15982,1908974.2,12-MAY-2020,470,INE425Y01011,
CGCL,EQ,141.85,141.85,135.1,137.65,137.1,138.75,171300,23592180.75,12-MAY-2020,2441,INE180C01026,
CGPOWER,EQ,6.65,6.65,6.35,6.35,6.35,6.65,744622,4744519.6,12-MAY-2020,1298,INE067A01029,
CHALET,EQ,133.9,133.9,126.35,129.55,128.7,131.7,14462,1866175.25,12-MAY-2020,1685,INE427F01016,
CHAMBLFERT,EQ,126.0,129.25,125.2,128.4,128.1,127.1,566385,72136325.45,12-MAY-2020,11547,INE085A01013,
CHEMBOND,EQ,144.0,147.0,139.0,140.65,139.0,145.3,626,88909.5,12-MAY-2020,90,INE995D01025,
CHEMFAB,EQ,125.7,130.7,120.0,122.25,124.0,125.7,4715,586619.65,12-MAY-2020,220,INE783X01023,
CHENNPETRO,EQ,57.4,57.9,56.25,56.7,56.6,57.25,359803,20453564.6,12-MAY-2020,5767,INE178A01016,
CHOLAFIN,EQ,148.0,151.9,141.5,150.9,150.75,151.9,18182112,2657324047.95,12-MAY-2020,96821,INE121A01024,
CHOLAHLDNG,EQ,271.0,271.0,263.9,266.05,266.1,269.95,34823,9245779.5,12-MAY-2020,3393,INE149A01033,
CIGNITITEC,EQ,310.05,315.0,304.45,313.7,312.0,304.7,17430,5435576.15,12-MAY-2020,553,INE675C01017,
CIMMCO,EQ,14.5,14.9,14.4,14.5,14.5,15.0,2026,29540.65,12-MAY-2020,32,INE184C01028,
CINELINE,EQ,18.3,19.55,18.3,19.15,18.85,19.2,5593,106954.6,12-MAY-2020,146,INE704H01022,
CINEVISTA,BE,5.5,5.75,5.25,5.3,5.75,5.5,7598,42503.5,12-MAY-2020,18,INE039B01026,
CIPLA,EQ,587.0,593.8,566.2,570.15,570.5,586.05,8868988,5103089279.3,12-MAY-2020,176690,INE059A01026,
CLEDUCATE,EQ,33.4,35.9,33.4,35.4,35.9,35.0,75625,2583566.4,12-MAY-2020,138,INE201M01011,
CLNINDIA,EQ,315.0,322.75,313.25,318.3,318.0,320.15,9865,3135782.35,12-MAY-2020,556,INE492A01029,
CMICABLES,EQ,23.75,23.75,22.25,22.75,23.0,23.4,14916,336683.1,12-MAY-2020,174,INE981B01011,
CNOVAPETRO,BE,5.9,5.9,5.85,5.85,5.9,5.65,722,4235.15,12-MAY-2020,10,INE672K01025,
COALINDIA,EQ,128.2,129.05,125.3,126.85,127.0,128.45,8128532,1030395009.35,12-MAY-2020,67381,INE522F01014,
COCHINSHIP,EQ,243.4,257.0,243.4,246.5,247.55,240.5,1625842,402912986.85,12-MAY-2020,33210,INE704P01017,
COLPAL,EQ,1346.65,1351.45,1312.15,1338.75,1331.1,1354.8,744629,989906802.45,12-MAY-2020,61586,INE259A01022,
COMPINFO,EQ,9.2,9.6,8.4,8.8,8.8,9.3,58961,527976.1,12-MAY-2020,215,INE070C01037,
COMPUSOFT,BE,9.05,9.05,8.25,8.25,8.25,8.65,176126,1491908.0,12-MAY-2020,1000,INE453B01029,
CONCOR,EQ,366.9,375.0,359.4,362.3,361.1,364.95,1266342,461076478.25,12-MAY-2020,58768,INE111A01025,
CONFIPET,EQ,18.35,18.9,18.35,18.85,18.9,18.65,38919,728273.6,12-MAY-2020,205,INE552D01024,
CONSOFINVT,EQ,23.55,24.5,22.5,23.4,22.5,23.25,580,13561.5,12-MAY-2020,11,INE025A01027,
CONTROLPR,EQ,196.6,197.5,191.4,196.0,195.0,195.95,13807,2701919.35,12-MAY-2020,191,INE663B01015,
CORALFINAC,EQ,12.4,12.4,11.9,12.2,12.2,12.05,4263,52111.05,12-MAY-2020,53,INE558D01021,
CORDSCABLE,EQ,29.7,29.7,28.8,28.95,28.8,29.9,1422,41324.55,12-MAY-2020,48,INE792I01017,
COROMANDEL,EQ,615.0,617.4,600.5,603.5,603.5,618.6,120865,73056796.95,12-MAY-2020,11971,INE169A01031,
COSMOFILMS,EQ,240.15,252.0,240.15,245.4,244.4,244.6,46796,11532067.65,12-MAY-2020,1509,INE757A01017,
COUNCODOS,EQ,1.15,1.15,1.05,1.05,1.15,1.1,12241,13487.6,12-MAY-2020,17,INE695B01025,
CPSEETF,EQ,16.23,16.28,15.86,16.19,16.28,16.12,2283983,36761254.97,12-MAY-2020,15092,INF457M01133,
CREATIVE,EQ,81.0,83.35,76.25,80.55,83.35,79.6,5745,450304.15,12-MAY-2020,16,INE985W01018,
CREATIVEYE,EQ,1.2,1.2,1.2,1.2,1.2,1.2,350,420.0,12-MAY-2020,1,INE230B01021,
CREDITACC,EQ,394.05,400.0,383.45,383.45,383.45,403.6,48279,18623616.25,12-MAY-2020,1828,INE741K01010,
CREST,EQ,64.8,64.8,61.6,61.6,61.6,64.8,5653,349608.75,12-MAY-2020,101,INE559D01011,
CRISIL,EQ,1513.0,1525.0,1458.4,1463.75,1470.0,1524.35,11997,17686101.2,12-MAY-2020,1903,INE007A01025,
CROMPTON,EQ,211.0,217.75,210.2,216.35,215.0,213.7,575358,123021139.7,12-MAY-2020,15749,INE299U01018,
CSBBANK,EQ,115.5,118.3,113.4,117.3,117.1,116.8,237608,27384170.45,12-MAY-2020,4527,INE679A01013,
CTE,EQ,15.3,15.75,14.3,14.85,15.2,15.0,4094,61580.9,12-MAY-2020,62,INE627H01017,
CUB,EQ,133.5,134.5,126.0,127.55,127.8,133.75,888137,113666174.35,12-MAY-2020,36361,INE491A01021,
CUBEXTUB,BE,10.5,10.5,9.85,10.0,10.5,10.3,809,8091.5,12-MAY-2020,20,INE144D01012,
CUMMINSIND,EQ,364.15,367.5,347.05,354.35,353.6,368.95,2190667,776531252.35,12-MAY-2020,24359,INE298A01020,
CUPID,EQ,166.4,166.4,155.05,161.3,160.0,162.8,18155,2901985.55,12-MAY-2020,768,INE509F01011,
CYBERTECH,EQ,32.95,32.95,29.25,30.6,30.35,31.2,13040,404881.55,12-MAY-2020,251,INE214A01019,
CYIENT,EQ,202.0,207.85,199.25,206.65,207.5,201.05,991388,202068136.4,12-MAY-2020,26383,INE136B01020,
DAAWAT,EQ,20.4,20.7,20.05,20.4,20.45,20.45,291283,5902355.15,12-MAY-2020,1475,INE818H01020,
DABUR,EQ,447.0,451.75,439.2,443.15,442.05,446.55,2465976,1091875299.5,12-MAY-2020,43761,INE016A01026,
DALBHARAT,EQ,504.0,509.7,497.15,505.75,507.5,505.1,267829,134345459.8,12-MAY-2020,10435,INE00R701025,
DALMIASUG,EQ,58.55,59.5,57.15,58.05,58.05,58.95,43667,2520725.8,12-MAY-2020,2298,INE495A01022,
DAMODARIND,EQ,19.0,19.8,17.7,19.0,19.0,18.8,3402,62904.15,12-MAY-2020,62,INE497D01022,
DATAMATICS,EQ,45.5,46.95,44.2,46.6,46.5,45.35,18548,841973.6,12-MAY-2020,302,INE365B01017,
DBCORP,EQ,67.0,68.4,65.2,65.85,65.9,67.1,100759,6646771.6,12-MAY-2020,1345,INE950I01011,
DBL,EQ,239.0,239.0,232.5,235.45,236.0,240.7,94809,22276470.95,12-MAY-2020,2658,INE917M01012,
DBREALTY,EQ,5.75,5.75,5.75,5.75,5.75,5.5,90544,520628.0,12-MAY-2020,141,INE879I01012,
DBSTOCKBRO,EQ,7.5,7.5,7.5,7.5,7.5,7.5,100,750.0,12-MAY-2020,1,INE921B01025,
DCAL,EQ,77.4,77.4,74.0,75.55,74.25,77.2,51266,3881470.2,12-MAY-2020,936,INE385W01011,
DCBBANK,EQ,63.65,67.4,61.35,66.0,67.1,63.65,3862235,246768952.6,12-MAY-2020,30029,INE503A01015,
DCM,EQ,17.35,18.4,17.0,17.2,17.75,17.55,11527,199563.8,12-MAY-2020,162,INE498A01018,
DCMNVL,EQ,24.35,25.0,23.15,24.45,23.95,23.25,460,11163.75,12-MAY-2020,21,INE08KP01019,
DCMSHRIRAM,EQ,242.5,247.05,236.0,243.05,242.95,241.25,58474,14128134.1,12-MAY-2020,5255,INE499A01024,
DCW,EQ,9.7,9.85,9.5,9.55,9.65,9.8,118926,1140714.1,12-MAY-2020,340,INE500A01029,
DECCANCE,EQ,198.25,198.3,192.1,194.9,195.0,196.9,4810,937703.35,12-MAY-2020,142,INE583C01021,
DEEPAKFERT,EQ,97.55,106.7,95.15,105.45,105.45,98.3,2335468,241929752.65,12-MAY-2020,19962,INE501A01019,
DEEPAKNTR,EQ,517.0,529.8,499.0,510.3,510.5,518.1,1283362,654919767.55,12-MAY-2020,37961,INE288B01029,
DEEPIND,EQ,68.1,70.4,64.1,66.85,66.55,70.45,53633,3590479.5,12-MAY-2020,1067,INE677H01012,
DELTACORP,EQ,68.0,68.5,67.2,67.75,68.5,68.55,1442870,97690767.05,12-MAY-2020,8570,INE124G01033,
DELTAMAGNT,BE,17.7,18.7,17.7,17.9,17.9,18.5,1130,20635.0,12-MAY-2020,22,INE393A01011,
DEN,EQ,51.15,51.15,51.15,51.15,51.15,48.75,12704,649809.6,12-MAY-2020,162,INE947J01015,
DENORA,EQ,162.05,165.0,155.0,163.0,164.0,157.35,1145,185947.6,12-MAY-2020,86,INE244A01016,
DFMFOODS,EQ,196.0,198.2,185.2,192.55,190.5,193.85,42244,8071964.8,12-MAY-2020,1408,INE456C01020,
DGCONTENT,EQ,4.5,4.75,4.45,4.45,4.45,4.65,2862,12892.0,12-MAY-2020,18,INE03JI01017,
DHAMPURSUG,EQ,94.3,94.4,92.25,93.4,93.3,94.75,88863,8279548.95,12-MAY-2020,1465,INE041A01016,
DHANBANK,EQ,9.7,9.7,9.25,9.4,9.4,9.55,161918,1522674.05,12-MAY-2020,466,INE680A01011,
DHANUKA,EQ,453.8,453.8,438.0,448.05,449.0,449.6,18975,8443029.05,12-MAY-2020,1886,INE435G01025,
DHFL,EQ,12.0,12.0,11.3,11.45,11.55,11.7,884382,10139927.15,12-MAY-2020,2511,INE202B01012,
DHUNINV,EQ,163.1,177.0,163.05,166.25,168.0,167.15,10392,1772449.75,12-MAY-2020,1103,INE320L01011,
DIAMONDYD,EQ,439.0,501.35,435.1,479.8,477.75,442.95,227553,109136367.2,12-MAY-2020,9942,INE393P01035,
DICIND,EQ,302.3,302.3,289.7,294.0,294.0,295.25,299,87668.15,12-MAY-2020,69,INE303A01010,
DIGISPICE,EQ,4.45,4.65,4.35,4.45,4.6,4.45,6766,31015.1,12-MAY-2020,68,INE927C01020,
DISHTV,EQ,4.7,4.75,4.55,4.7,4.7,4.65,2297005,10629839.3,12-MAY-2020,2371,INE836F01026,
DIVISLAB,EQ,2330.0,2374.35,2303.05,2363.55,2363.6,2326.9,676618,1588358193.25,12-MAY-2020,43952,INE361B01024,
DIXON,EQ,4240.6,4328.0,4185.0,4207.95,4219.9,4235.2,30103,127727269.2,12-MAY-2020,7053,INE935N01012,
DLF,EQ,131.75,137.85,130.15,136.95,136.45,133.35,7708941,1029676400.85,12-MAY-2020,47058,INE271C01023,
DLINKINDIA,EQ,70.25,72.35,69.5,71.1,70.9,72.55,68709,4863767.95,12-MAY-2020,814,INE250K01012,
DMART,BE,2320.55,2347.0,2286.9,2303.35,2320.0,2313.55,277808,639711471.45,12-MAY-2020,46104,INE192R01011,
DNAMEDIA,BE,0.45,0.5,0.45,0.5,0.45,0.5,33415,15930.65,12-MAY-2020,32,INE016M01021,
DOLAT,EQ,37.1,37.8,36.3,37.4,37.5,37.35,14135,526190.0,12-MAY-2020,238,INE966A01022,
DOLLAR,EQ,115.0,115.0,107.1,107.65,107.9,112.2,54326,5896453.95,12-MAY-2020,1090,INE325C01035,
DONEAR,EQ,24.05,24.4,23.9,24.15,24.1,24.4,7289,175976.05,12-MAY-2020,168,INE668D01028,
DPSCLTD,EQ,7.5,7.5,7.0,7.4,7.25,7.5,8008,58114.0,12-MAY-2020,80,INE360C01024,
DPWIRES,EQ,58.5,60.4,56.25,60.4,60.4,59.2,52,3109.55,12-MAY-2020,4,INE864X01013,
DQE,BE,1.25,1.3,1.25,1.25,1.25,1.3,2265,2831.5,12-MAY-2020,14,INE656K01010,
DREDGECORP,EQ,215.0,215.95,207.0,212.05,211.95,217.5,76485,16191615.25,12-MAY-2020,2017,INE506A01018,
DRREDDY,EQ,3863.2,3909.6,3759.15,3773.4,3785.0,3862.0,1078501,4102450731.65,12-MAY-2020,75735,INE089A01023,
DSSL,EQ,17.1,17.8,16.5,16.9,16.5,17.35,2086,35175.25,12-MAY-2020,28,INE417B01040,
DTIL,EQ,144.15,149.2,144.15,147.05,147.3,146.35,607,88003.5,12-MAY-2020,30,INE341R01014,
DUCON,BE,2.75,2.85,2.65,2.65,2.65,2.75,44654,119428.25,12-MAY-2020,81,INE741L01018,
DVL,EQ,51.15,53.0,50.8,51.0,51.0,51.9,2882,148269.2,12-MAY-2020,54,INE477B01010,
DWARKESH,EQ,17.15,17.25,16.75,17.05,17.0,17.05,255909,4346996.8,12-MAY-2020,886,INE366A01041,
DYNAMATECH,EQ,490.3,500.0,489.95,497.9,500.0,502.55,2061,1024687.6,12-MAY-2020,94,INE221B01012,
DYNPRO,EQ,108.25,109.05,105.05,107.3,107.0,108.2,7890,845423.7,12-MAY-2020,328,INE256H01015,
EASTSILK,EQ,0.7,0.7,0.7,0.7,0.7,0.7,1734,1213.8,12-MAY-2020,3,INE962C01027,
EBBETF0423,EQ,1022.0,1026.0,1021.4,1023.49,1026.0,1021.24,228456,233646212.16,12-MAY-2020,243,INF754K01KN4,
EBBETF0430,EQ,1048.0,1052.75,1048.0,1051.73,1052.0,1049.69,51692,54327704.71,12-MAY-2020,151,INF754K01KO2,
EBIXFOREX,BE,400.0,414.0,395.6,400.85,400.5,416.4,547,219203.5,12-MAY-2020,46,INE726L01019,
ECLERX,EQ,431.0,435.6,426.0,432.45,432.85,431.5,22385,9664044.9,12-MAY-2020,1543,INE738I01010,
EDELWEISS,EQ,40.7,42.15,38.25,42.15,42.15,40.15,3381082,139275387.15,12-MAY-2020,16111,INE532F01054,
EICHERMOT,EQ,14240.0,14269.45,13789.0,14167.05,14189.95,14288.95,147905,2072777074.6,12-MAY-2020,33500,INE066A01013,
EIDPARRY,EQ,156.3,158.6,152.25,155.65,155.95,158.1,118525,18377850.7,12-MAY-2020,3171,INE126A01031,
EIHAHOTELS,EQ,193.5,193.5,182.6,190.95,191.0,189.2,1575,295622.5,12-MAY-2020,93,INE276C01014,
EIHOTEL,EQ,63.0,63.7,61.7,61.9,61.85,64.0,101294,6302101.5,12-MAY-2020,5326,INE230A01023,
EIMCOELECO,EQ,235.0,235.0,227.0,228.45,228.5,224.35,1125,261891.3,12-MAY-2020,79,INE158B01016,
EKC,EQ,14.95,14.95,14.5,14.65,14.5,14.95,9475,139076.8,12-MAY-2020,106,INE184H01027,
ELECON,EQ,19.75,19.9,18.3,18.75,18.7,19.65,129508,2487145.7,12-MAY-2020,1279,INE205B01023,
ELECTCAST,EQ,9.4,9.4,8.85,9.0,8.95,9.45,221924,1999520.85,12-MAY-2020,480,INE086A01029,
ELECTHERM,EQ,87.7,87.7,83.05,86.0,86.85,86.4,59075,5044647.95,12-MAY-2020,404,INE822G01016,
ELGIEQUIP,EQ,129.0,129.05,127.25,128.15,128.9,128.4,5786,742119.15,12-MAY-2020,237,INE285A01027,
ELGIRUBCO,EQ,10.6,10.95,10.6,10.95,10.95,10.65,1251,13428.95,12-MAY-2020,16,INE819L01012,
EMAMILTD,EQ,186.9,188.0,175.5,182.25,181.05,181.3,450832,81008551.8,12-MAY-2020,18003,INE548C01032,
EMAMIPAP,EQ,78.0,78.0,73.65,75.05,75.8,77.5,9451,705386.15,12-MAY-2020,246,INE830C01026,
EMAMIREAL,EQ,23.05,23.5,22.5,23.3,23.4,23.5,24105,554647.2,12-MAY-2020,220,INE778K01012,
EMKAY,EQ,35.9,35.9,33.65,34.25,34.15,34.6,5621,192750.95,12-MAY-2020,104,INE296H01011,
EMMBI,EQ,55.0,56.25,53.3,54.65,54.75,54.85,2336,126405.35,12-MAY-2020,100,INE753K01015,
ENDURANCE,EQ,636.0,639.65,617.7,625.3,630.1,634.9,151078,94414402.6,12-MAY-2020,7595,INE913H01037,
ENERGYDEV,BE,4.9,4.95,4.75,4.9,4.9,4.85,10671,51891.4,12-MAY-2020,21,INE306C01019,
ENGINERSIN,EQ,62.4,62.4,59.5,59.85,59.9,61.15,594993,35785636.15,12-MAY-2020,12057,INE510A01028,
ENIL,EQ,119.5,128.75,119.1,125.4,124.4,125.65,1060,132126.1,12-MAY-2020,69,INE265F01028,
EQ30,EQ,255.0,270.0,255.0,270.0,270.0,290.0,125,32393.82,12-MAY-2020,20,INF754K01EM9,
EQUITAS,EQ,48.9,49.5,46.7,48.95,49.0,49.25,10251902,494080251.95,12-MAY-2020,35234,INE988K01017,
ERIS,EQ,496.9,504.5,475.0,494.85,498.0,490.15,30921,15057868.85,12-MAY-2020,2134,INE406M01024,
EROSMEDIA,EQ,16.15,16.4,15.4,16.15,16.1,16.15,462699,7320593.0,12-MAY-2020,1411,INE416L01017,
ESABINDIA,EQ,1073.0,1073.0,1025.15,1053.35,1057.8,1063.05,1567,1630082.65,12-MAY-2020,288,INE284A01012,
ESCORTS,EQ,751.8,769.45,736.4,765.15,766.55,755.15,2596808,1953374909.7,12-MAY-2020,64043,INE042A01014,
ESSARSHPNG,BE,7.2,7.2,6.7,6.7,6.7,7.05,24027,162279.5,12-MAY-2020,107,INE122M01019,
ESSELPACK,EQ,175.0,175.05,167.7,170.0,170.8,175.2,33032,5636354.45,12-MAY-2020,981,INE255A01020,
ESTER,EQ,29.25,29.75,28.0,28.8,28.6,29.25,53220,1519541.65,12-MAY-2020,458,INE778B01029,
EUROMULTI,BE,0.35,0.35,0.35,0.35,0.35,0.35,5483,1919.05,12-MAY-2020,5,INE063J01011,
EVEREADY,BE,64.0,69.0,64.0,66.75,66.85,65.75,92245,6213879.2,12-MAY-2020,264,INE128A01029,
EVERESTIND,EQ,186.55,186.55,180.0,182.55,182.55,187.5,152558,27832958.7,12-MAY-2020,4413,INE295A01018,
EXCELINDUS,EQ,631.0,632.0,606.45,614.95,614.0,629.4,11154,6888138.35,12-MAY-2020,1593,INE369A01029,
EXIDEIND,EQ,147.5,153.95,145.65,152.35,152.7,148.3,4756042,718152119.0,12-MAY-2020,40545,INE302A01020,
EXPLEOSOL,EQ,164.5,165.0,158.5,159.5,159.5,164.9,7795,1247092.9,12-MAY-2020,189,INE201K01015,
FACT,EQ,39.8,41.8,38.8,41.4,41.6,39.8,265513,10834423.35,12-MAY-2020,2012,INE188A01015,
FAIRCHEM,EQ,437.0,437.0,411.0,418.5,416.7,434.8,29263,12265807.75,12-MAY-2020,1469,INE959A01019,
FCL,EQ,26.0,26.1,24.55,24.85,25.3,25.75,146764,3648813.1,12-MAY-2020,1032,INE045J01026,
FCONSUMER,EQ,8.5,8.5,8.5,8.5,8.5,8.9,643480,5469580.0,12-MAY-2020,1657,INE220J01025,
FCSSOFT,EQ,0.25,0.25,0.2,0.25,0.25,0.25,1032712,228977.45,12-MAY-2020,339,INE512B01022,
FDC,EQ,250.4,250.4,239.0,242.55,242.0,249.8,96286,23403252.2,12-MAY-2020,2914,INE258B01022,
FEDERALBNK,EQ,42.5,42.55,40.3,41.45,41.5,43.1,36707579,1513169333.35,12-MAY-2020,81667,INE171A01029,
FEL,EQ,10.7,10.7,10.65,10.65,10.65,11.2,95371,1015994.9,12-MAY-2020,332,INE623B01027,
FELDVR,EQ,11.8,12.25,11.8,12.1,12.25,12.4,22365,266316.0,12-MAY-2020,121,IN9623B01058,
FIEMIND,EQ,287.65,306.0,272.2,296.7,300.1,292.2,212377,62674323.4,12-MAY-2020,4566,INE737H01014,
FILATEX,EQ,28.9,28.9,27.65,27.75,28.3,28.95,8421,236028.75,12-MAY-2020,79,INE816B01027,
FINCABLES,EQ,225.1,225.1,214.0,216.65,216.9,223.95,60803,13230113.3,12-MAY-2020,7154,INE235A01022,
FINEORG,EQ,1900.0,1912.55,1825.0,1871.5,1874.7,1912.5,17673,32921923.95,12-MAY-2020,2847,INE686Y01026,
FINPIPE,EQ,359.85,367.5,359.5,364.05,364.7,359.85,19720,7175290.55,12-MAY-2020,2199,INE183A01016,
FLEXITUFF,BE,5.05,5.05,5.05,5.05,5.05,5.3,1595,8054.75,12-MAY-2020,6,INE060J01017,
FLFL,EQ,149.0,153.0,144.6,150.75,151.45,151.7,42032,6280819.05,12-MAY-2020,1650,INE452O01016,
FLUOROCHEM,EQ,321.9,321.9,307.0,312.2,317.0,318.45,7421,2315891.3,12-MAY-2020,350,INE09N301011,
FMGOETZE,EQ,350.0,350.0,340.0,341.85,341.05,344.5,459,157394.95,12-MAY-2020,108,INE529A01010,
FMNL,EQ,16.1,16.65,16.05,16.05,16.05,16.85,10528,169318.7,12-MAY-2020,79,INE360L01017,
FORCEMOT,EQ,817.9,824.65,801.0,816.7,819.4,817.9,17641,14320099.8,12-MAY-2020,1547,INE451A01017,
FORTIS,EQ,123.8,124.2,119.85,120.2,120.3,124.5,644668,78525998.95,12-MAY-2020,6986,INE061F01013,
FOSECOIND,EQ,983.45,999.7,964.95,999.6,999.0,1000.4,950,938169.35,12-MAY-2020,145,INE519A01011,
FRETAIL,EQ,84.95,84.95,79.95,81.9,82.5,84.15,1807170,146491683.85,12-MAY-2020,11065,INE752P01024,
FSC,EQ,138.5,138.5,128.5,132.45,132.05,132.95,33941,4517167.6,12-MAY-2020,872,INE935Q01015,
FSL,EQ,30.7,31.65,30.0,30.6,30.6,31.4,1050622,31894836.7,12-MAY-2020,4938,INE684F01012,
GABRIEL,EQ,77.0,77.95,73.3,75.15,75.45,77.15,51479,3844265.0,12-MAY-2020,949,INE524A01029,
GAEL,EQ,112.05,113.35,109.35,112.9,112.7,112.65,38529,4299243.75,12-MAY-2020,972,INE036B01022,
GAIL,EQ,91.95,94.1,88.25,88.7,88.65,92.05,14162770,1271240657.1,12-MAY-2020,80449,INE129A01019,
GAL,EQ,1.35,1.35,1.35,1.35,1.35,1.4,5137,6934.95,12-MAY-2020,20,INE482J01021,
GALAXYSURF,EQ,1338.05,1349.95,1290.0,1311.8,1313.0,1335.4,16418,21603708.7,12-MAY-2020,2999,INE600K01018,
GALLANTT,EQ,22.85,23.5,22.6,23.45,23.45,23.0,2222,51542.85,12-MAY-2020,47,INE297H01019,
GALLISPAT,EQ,21.3,21.5,19.95,21.45,21.5,21.0,25944,550298.0,12-MAY-2020,111,INE528K01029,
GAMMNINFRA,EQ,0.5,0.5,0.45,0.5,0.5,0.45,7758342,3848771.85,12-MAY-2020,1292,INE181G01025,
GANDHITUBE,EQ,168.65,174.5,164.9,173.55,174.5,172.0,1819,304117.5,12-MAY-2020,84,INE524B01027,
GANECOS,EQ,167.0,169.0,161.6,167.7,166.2,167.1,3209,534349.95,12-MAY-2020,99,INE845D01014,
GANESHHOUC,EQ,24.0,24.0,21.35,22.35,23.25,23.15,6187,136423.25,12-MAY-2020,138,INE460C01014,
GANGESSECU,EQ,21.15,21.15,21.1,21.15,21.15,21.6,1065,22476.0,12-MAY-2020,5,INE335W01016,
GARDENSILK,EQ,5.65,5.9,5.6,5.8,5.9,5.75,6730,38602.2,12-MAY-2020,37,INE526A01016,
GARFIBRES,EQ,1242.8,1289.5,1242.8,1273.6,1289.5,1272.95,2725,3482706.95,12-MAY-2020,360,INE276A01018,
GATI,EQ,36.95,36.95,35.25,36.2,36.3,36.75,132161,4782125.05,12-MAY-2020,1036,INE152B01027,
GAYAHWS,BE,0.3,0.3,0.3,0.3,0.3,0.25,156906,47071.8,12-MAY-2020,76,INE287Z01012,
GAYAPROJ,BE,16.1,16.1,16.1,16.1,16.1,16.9,44301,713246.1,12-MAY-2020,185,INE336H01023,
GBGLOBAL,BE,6.75,6.75,6.75,6.75,6.75,7.1,1400,9450.0,12-MAY-2020,8,INE087J01028,
GDL,EQ,84.5,85.3,81.0,82.25,82.3,84.55,306555,25433759.0,12-MAY-2020,1622,INE852F01015,
GEECEE,EQ,48.05,49.0,46.45,46.95,46.6,48.2,2127,100767.05,12-MAY-2020,154,INE916G01016,
GEEKAYWIRE,EQ,54.0,59.0,49.6,57.05,52.1,54.85,5864,324065.6,12-MAY-2020,66,INE669X01016,
GENESYS,EQ,29.45,30.7,29.25,29.95,29.95,30.75,7118,210699.5,12-MAY-2020,89,INE727B01026,
GENUSPAPER,EQ,3.75,3.75,3.5,3.55,3.55,3.65,39645,143524.4,12-MAY-2020,106,INE949P01018,
GENUSPOWER,EQ,14.95,14.95,13.95,14.25,14.15,14.5,92663,1320563.75,12-MAY-2020,330,INE955D01029,
GEOJITFSL,EQ,20.0,20.25,19.5,20.0,19.85,19.9,421040,8402474.35,12-MAY-2020,1056,INE007B01023,
GEPIL,EQ,399.95,400.0,375.0,386.75,387.5,400.0,29037,11198983.8,12-MAY-2020,1961,INE878A01011,
GESHIP,EQ,213.2,218.0,200.0,206.4,206.75,214.4,166786,34328389.1,12-MAY-2020,23698,INE017A01032,
GET&D,EQ,71.65,72.8,68.15,70.15,70.0,71.45,32331,2272910.7,12-MAY-2020,1322,INE200A01026,
GFLLIMITED,EQ,77.3,78.3,74.75,76.4,75.7,76.2,9312,713099.1,12-MAY-2020,472,INE538A01037,
GFSTEELS,BE,2.4,2.4,2.4,2.4,2.4,2.3,397,952.8,12-MAY-2020,4,INE534A01028,
GHCL,EQ,97.85,97.95,95.1,96.4,96.65,98.2,68639,6600565.75,12-MAY-2020,1437,INE539A01019,
GICHSGFIN,EQ,65.45,65.75,63.5,65.15,65.4,65.15,78028,5027362.9,12-MAY-2020,1065,INE289B01019,
GICRE,EQ,131.15,136.65,127.05,135.7,136.65,130.15,164085,21898198.15,12-MAY-2020,2793,INE481Y01014,
GILLANDERS,BE,19.0,19.0,18.05,18.35,18.35,19.0,2646,48658.2,12-MAY-2020,36,INE047B01011,
GILLETTE,EQ,4886.0,4914.2,4851.0,4875.65,4895.0,4885.7,3937,19183071.35,12-MAY-2020,1438,INE322A01010,
GINNIFILA,EQ,6.5,6.5,6.2,6.3,6.35,6.45,24084,151015.75,12-MAY-2020,95,INE424C01010,
GIPCL,EQ,56.2,56.2,52.9,53.85,54.45,55.75,60471,3261198.05,12-MAY-2020,540,INE162A01010,
GKWLIMITED,EQ,411.0,476.65,411.0,475.7,475.95,471.0,109,51789.65,12-MAY-2020,5,INE528A01020,
GLAXO,EQ,1421.5,1429.6,1373.0,1378.85,1373.8,1421.2,34270,47660875.8,12-MAY-2020,3982,INE159A01016,
GLENMARK,EQ,336.4,342.95,329.55,332.15,333.1,335.2,3147540,1052763888.45,12-MAY-2020,41928,INE935A01035,
GLOBALVECT,EQ,47.0,47.65,46.0,46.65,46.5,47.6,5865,274561.45,12-MAY-2020,168,INE792H01019,
GLOBOFFS,EQ,3.1,3.4,3.1,3.4,3.4,3.1,910,2851.0,12-MAY-2020,9,INE446C01013,
GLOBUSSPR,EQ,92.0,93.75,90.15,92.85,93.0,93.15,31425,2888352.9,12-MAY-2020,863,INE615I01010,
GMBREW,EQ,400.45,400.45,383.2,391.45,394.4,400.45,93295,36293744.8,12-MAY-2020,3654,INE075D01018,
GMDCLTD,EQ,35.55,36.15,34.65,35.2,35.45,35.9,341996,11961985.1,12-MAY-2020,2652,INE131A01031,
GMMPFAUDLR,EQ,3666.95,3666.95,3532.55,3575.85,3562.0,3630.3,30326,108911932.05,12-MAY-2020,6682,INE541A01023,
GMRINFRA,EQ,17.9,17.95,17.5,17.7,17.9,17.9,9785322,173343077.0,12-MAY-2020,31862,INE776C01039,
GNA,EQ,177.4,179.7,170.35,172.7,173.35,181.4,73587,12732569.6,12-MAY-2020,2408,INE934S01014,
GNFC,EQ,133.9,136.9,130.5,135.3,134.85,134.2,571792,76574283.0,12-MAY-2020,8288,INE113A01013,
GOACARBON,BE,190.0,190.0,175.35,180.35,180.0,184.55,5845,1040298.25,12-MAY-2020,229,INE426D01013,
GOCLCORP,EQ,150.05,152.9,148.85,152.05,152.85,150.6,3309,497496.05,12-MAY-2020,73,INE077F01035,
GODFRYPHLP,EQ,953.0,953.0,920.05,942.4,944.0,951.2,60199,56255167.4,12-MAY-2020,4899,INE260B01028,
GODREJAGRO,EQ,405.0,405.0,378.5,387.0,387.0,395.2,347230,136095499.0,12-MAY-2020,12730,INE850D01014,
GODREJCP,EQ,518.7,524.7,510.0,517.85,519.05,516.8,2022416,1045178701.0,12-MAY-2020,51170,INE102D01028,
GODREJIND,EQ,255.5,256.5,250.05,252.9,253.9,255.05,165288,41768297.2,12-MAY-2020,9560,INE233A01035,
GODREJPROP,EQ,620.0,625.0,610.0,621.2,623.0,620.9,515902,319185883.6,12-MAY-2020,26559,INE484J01027,
GOKEX,EQ,30.5,30.5,28.6,29.95,29.75,29.9,49151,1451359.3,12-MAY-2020,1008,INE887G01027,
GOKUL,EQ,9.6,10.1,9.2,9.9,10.0,9.6,8400,81677.75,12-MAY-2020,82,INE020J01029,
GOKULAGRO,EQ,10.35,10.85,10.1,10.7,10.85,10.35,29333,312690.9,12-MAY-2020,158,INE314T01025,
GOLDBEES,EQ,41.44,41.45,41.15,41.24,41.2,41.17,5082201,209663917.53,12-MAY-2020,13811,INF204KB17I5,
GOLDENTOBC,EQ,25.8,25.8,23.5,24.05,24.05,24.7,2235,54448.1,12-MAY-2020,55,INE973A01010,
GOLDIAM,EQ,82.1,82.85,79.65,80.8,80.0,82.05,26036,2110544.7,12-MAY-2020,443,INE025B01017,
GOLDSHARE,EQ,4308.25,4308.25,4250.0,4278.4,4279.4,4263.35,802,3430159.4,12-MAY-2020,212,INF789F01059,
GOLDTECH,EQ,8.1,8.85,8.1,8.7,8.8,8.6,5775,49293.9,12-MAY-2020,58,INE805A01014,
GOODLUCK,EQ,30.65,31.7,29.0,29.45,29.4,30.65,25932,773418.35,12-MAY-2020,436,INE127I01024,
GPIL,EQ,116.8,116.8,111.55,112.95,112.7,115.15,92200,10423933.75,12-MAY-2020,2344,INE177H01013,
GPPL,EQ,54.6,54.9,53.55,54.05,54.0,54.8,220047,11891527.8,12-MAY-2020,3039,INE517F01014,
GPTINFRA,EQ,17.0,17.6,16.2,16.8,17.4,17.2,12328,207450.55,12-MAY-2020,137,INE390G01014,
GRANULES,EQ,154.9,158.7,154.1,156.3,156.5,155.7,1008280,157559292.3,12-MAY-2020,9710,INE101D01020,
GRAPHITE,EQ,182.25,182.25,174.5,179.05,179.5,182.25,369517,65705368.8,12-MAY-2020,8455,INE371A01025,
GRASIM,EQ,502.7,521.0,492.1,517.95,517.8,504.45,3110556,1574612239.3,12-MAY-2020,56896,INE047A01021,
GRAVITA,EQ,34.15,34.15,33.0,33.85,33.55,34.05,13053,437575.45,12-MAY-2020,214,INE024L01027,
GREAVESCOT,EQ,75.25,77.15,73.2,76.45,75.8,74.85,178061,13363963.25,12-MAY-2020,2594,INE224A01026,
GREENLAM,EQ,572.0,580.5,565.05,574.4,580.5,576.25,695,397989.45,12-MAY-2020,84,INE544R01013,
GREENPANEL,EQ,26.15,26.15,24.15,24.25,24.4,25.4,55602,1362794.75,12-MAY-2020,358,INE08ZM01014,
GREENPLY,EQ,87.85,89.4,85.25,86.65,87.45,87.8,43889,3809637.9,12-MAY-2020,1168,INE461C01038,
GREENPOWER,EQ,1.85,1.85,1.75,1.85,1.85,1.8,26575,49102.25,12-MAY-2020,52,INE999K01014,
GRINDWELL,EQ,495.9,497.0,481.75,487.85,485.0,496.05,8502,4165457.1,12-MAY-2020,811,INE536A01023,
GROBTEA,EQ,343.75,344.0,343.7,343.75,343.7,354.1,51,17530.9,12-MAY-2020,9,INE646C01018,
GRPLTD,EQ,605.15,640.0,605.1,615.1,607.2,624.85,168,103437.75,12-MAY-2020,54,INE137I01015,
GRSE,EQ,139.45,139.45,134.2,137.55,137.5,138.85,58328,7952547.4,12-MAY-2020,1573,INE382Z01011,
GSCLCEMENT,EQ,18.5,19.1,17.75,18.15,18.2,18.85,22479,407153.35,12-MAY-2020,259,INE542A01039,
GSFC,EQ,40.5,41.35,39.55,40.6,40.5,40.55,902114,36220610.4,12-MAY-2020,3003,INE026A01025,
GSPL,EQ,190.95,190.95,187.0,189.05,189.4,189.85,343982,64725603.95,12-MAY-2020,26738,INE246F01010,
GSS,EQ,21.7,22.6,20.7,21.05,21.0,21.7,21648,463679.8,12-MAY-2020,185,INE871H01011,
GTL,BE,1.2,1.2,1.15,1.15,1.15,1.2,39384,45736.8,12-MAY-2020,21,INE043A01012,
GTLINFRA,BE,0.35,0.35,0.3,0.3,0.3,0.3,3582281,1155605.15,12-MAY-2020,533,INE221H01019,
GTNIND,EQ,5.95,5.95,5.95,5.95,5.95,5.95,10,59.5,12-MAY-2020,1,INE537A01013,
GTNTEX,BE,5.55,5.55,5.35,5.5,5.5,5.55,771,4206.35,12-MAY-2020,11,INE302H01017,
GTPL,EQ,43.5,45.4,43.35,45.4,45.4,43.25,67772,3049489.15,12-MAY-2020,250,INE869I01013,
GUFICBIO,EQ,56.05,57.6,56.0,56.4,57.0,56.9,16155,914596.6,12-MAY-2020,435,INE742B01025,
GUJALKALI,EQ,316.2,323.85,310.2,320.9,322.0,318.95,74613,23538434.35,12-MAY-2020,2467,INE186A01019,
GUJAPOLLO,EQ,163.0,166.7,154.1,161.95,162.75,171.2,63801,10150288.4,12-MAY-2020,1607,INE826C01016,
GUJGASLTD,EQ,251.0,252.25,243.1,246.8,246.5,252.25,188829,46696381.65,12-MAY-2020,6095,INE844O01030,
GUJRAFFIA,BE,10.3,10.65,10.3,10.65,10.65,10.15,2159,22371.75,12-MAY-2020,14,INE610B01024,
GULFOILLUB,EQ,540.0,572.0,540.0,563.8,561.95,553.95,3801,2123545.75,12-MAY-2020,752,INE635Q01029,
GULFPETRO,EQ,44.0,45.2,41.05,43.6,43.3,43.4,25891,1103430.45,12-MAY-2020,578,INE586G01017,
GULPOLY,EQ,26.65,27.6,25.7,26.05,26.6,26.65,2891,76131.45,12-MAY-2020,45,INE255D01024,
GVKPIL,EQ,2.65,2.65,2.55,2.6,2.6,2.65,1368060,3537491.95,12-MAY-2020,745,INE251H01024,
HAL,EQ,496.0,499.9,489.05,493.4,495.1,496.7,28454,14018281.05,12-MAY-2020,2480,INE066F01012,
HARITASEAT,EQ,336.65,361.45,335.0,354.25,353.9,340.1,1709,592429.8,12-MAY-2020,249,INE939D01015,
HARRMALAYA,EQ,58.5,58.5,57.35,57.9,57.95,58.5,28169,1629705.35,12-MAY-2020,563,INE544A01019,
HATHWAY,EQ,24.35,27.15,23.6,27.15,27.15,22.65,10696797,275276798.05,12-MAY-2020,26611,INE982F01036,
HATSUN,EQ,545.1,568.45,540.0,561.6,559.65,557.15,25559,14180507.45,12-MAY-2020,1825,INE473B01035,
HAVELLS,EQ,484.35,485.8,471.2,480.55,480.5,488.45,2708244,1293845786.35,12-MAY-2020,61774,INE176B01034,
HAVISHA,BE,0.55,0.6,0.5,0.6,0.6,0.55,37971,20420.0,12-MAY-2020,33,INE293B01029,
HBLPOWER,EQ,12.15,12.6,11.9,12.5,12.6,12.1,122132,1500962.7,12-MAY-2020,450,INE292B01021,
HBSL,EQ,6.25,6.25,6.25,6.25,6.25,6.55,5,31.25,12-MAY-2020,1,INE550B01022,
HCC,EQ,4.65,4.75,4.55,4.6,4.65,4.7,610270,2804426.3,12-MAY-2020,792,INE549A01026,
HCG,EQ,87.85,87.85,83.35,85.4,85.0,87.3,1290990,110260169.3,12-MAY-2020,2460,INE075I01017,
HCL-INSYS,BE,6.2,6.25,5.7,5.85,5.8,6.0,208391,1212853.6,12-MAY-2020,593,INE236A01020,
HCLTECH,EQ,525.45,540.0,520.0,527.4,527.3,527.55,6440027,3420566835.55,12-MAY-2020,123687,INE860A01027,
HDFC,EQ,1630.0,1682.8,1587.1,1674.1,1671.9,1658.45,7019332,11417987222.9,12-MAY-2020,244690,INE001A01036,
HDFCAMC,EQ,2558.0,2559.95,2474.05,2532.85,2520.0,2542.75,268965,675504968.3,12-MAY-2020,27802,INE127D01025,
HDFCBANK,EQ,901.0,909.4,871.1,901.55,902.5,915.8,24784324,22016571132.5,12-MAY-2020,516512,INE040A01034,
HDFCLIFE,EQ,521.45,536.6,517.3,526.8,527.65,525.2,3693398,1947887440.95,12-MAY-2020,83716,INE795G01014,
HDFCMFGETF,EQ,4271.95,4271.95,4213.0,4219.95,4218.0,4263.15,35195,148714568.55,12-MAY-2020,1337,INF179K01CN1,
HDFCNIFETF,EQ,953.87,979.0,950.0,971.08,969.0,971.68,1474,1414045.24,12-MAY-2020,179,INF179KB1KP3,
HDFCSENETF,EQ,3409.99,3409.99,3280.0,3323.0,3335.0,3355.24,376,1242204.5,12-MAY-2020,90,INF179KB1KQ1,
HEG,EQ,747.0,760.95,725.65,739.1,741.0,753.8,99151,73336443.75,12-MAY-2020,6819,INE545A01016,
HEIDELBERG,EQ,155.1,157.7,146.65,149.25,148.9,154.3,614500,92742080.9,12-MAY-2020,11325,INE578A01017,
HERCULES,EQ,69.05,69.05,65.1,67.05,66.0,69.05,46093,3062379.95,12-MAY-2020,1371,INE688E01024,
HERITGFOOD,EQ,250.0,250.0,233.9,237.55,240.0,246.2,31367,7421330.65,12-MAY-2020,1808,INE978A01027,
HEROMOTOCO,EQ,2093.0,2134.0,2020.0,2114.3,2115.1,2088.65,2919975,6071923376.05,12-MAY-2020,127812,INE158A01026,
HESTERBIO,EQ,1106.1,1124.8,1080.15,1104.6,1100.05,1129.45,14432,15810473.75,12-MAY-2020,1636,INE782E01017,
HEXATRADEX,BE,6.45,7.05,6.45,6.95,6.9,6.75,23,159.6,12-MAY-2020,7,INE750M01017,
HEXAWARE,EQ,250.0,261.5,250.0,258.7,258.95,250.5,1062898,273020267.6,12-MAY-2020,24543,INE093A01033,
HFCL,EQ,10.25,10.25,9.95,10.05,10.05,10.25,727030,7324230.85,12-MAY-2020,1375,INE548A01028,
HGINFRA,EQ,168.0,170.0,165.0,166.35,170.0,169.8,8179,1359745.25,12-MAY-2020,511,INE926X01010,
HGS,EQ,537.65,537.7,520.45,529.35,530.05,526.0,4660,2447381.3,12-MAY-2020,366,INE170I01016,
HIKAL,EQ,102.75,102.75,97.1,99.0,98.7,100.45,59088,5812283.85,12-MAY-2020,1070,INE475B01022,
HIL,EQ,775.0,776.0,747.5,764.25,771.8,770.25,7105,5402423.05,12-MAY-2020,745,INE557A01011,
HILTON,EQ,8.8,9.65,8.8,8.9,8.8,9.25,3762,33696.3,12-MAY-2020,32,INE788H01017,
HIMATSEIDE,EQ,48.95,50.5,48.05,48.45,48.75,48.45,33429,1619546.55,12-MAY-2020,336,INE049A01027,
HINDALCO,EQ,118.9,122.25,116.4,121.1,120.75,119.75,13673763,1634520433.05,12-MAY-2020,89266,INE038A01020,
HINDCOMPOS,EQ,124.55,124.55,121.05,122.15,122.0,125.7,662,80663.7,12-MAY-2020,43,INE310C01029,
HINDCOPPER,EQ,23.8,24.2,23.45,23.8,23.8,23.8,372602,8842882.0,12-MAY-2020,2027,INE531E01026,
HINDMOTORS,EQ,3.95,3.95,3.6,3.85,3.85,3.9,137098,523722.2,12-MAY-2020,323,INE253A01025,
HINDNATGLS,EQ,27.95,27.95,27.0,27.85,27.55,28.0,211,5865.8,12-MAY-2020,16,INE952A01022,
HINDOILEXP,EQ,40.4,40.5,38.45,39.6,39.55,40.45,108760,4319043.15,12-MAY-2020,1198,INE345A01011,
HINDPETRO,EQ,192.0,195.05,187.0,189.95,190.5,192.65,3897833,744449996.95,12-MAY-2020,33675,INE094A01015,
HINDUNILVR,EQ,2020.0,2027.85,1985.0,2011.55,2013.0,2048.0,14881259,29804577535.1,12-MAY-2020,466557,INE030A01027,
HINDZINC,EQ,182.2,184.6,177.05,179.95,179.3,181.85,902232,163192637.85,12-MAY-2020,24576,INE267A01025,
HIRECT,EQ,117.95,120.4,115.75,117.8,117.0,117.95,3692,435545.45,12-MAY-2020,124,INE835D01023,
HISARMETAL,EQ,51.55,54.8,51.55,52.0,52.0,51.75,1926,101624.9,12-MAY-2020,26,INE598C01011,
HITECH,EQ,75.15,77.4,68.7,72.35,72.0,76.3,15176,1068104.55,12-MAY-2020,203,INE106T01017,
HITECHCORP,EQ,54.0,59.8,53.0,57.4,59.8,55.0,576,32795.95,12-MAY-2020,15,INE120D01012,
HITECHGEAR,EQ,85.75,92.0,85.45,89.6,89.5,89.9,3703,321914.2,12-MAY-2020,128,INE127B01011,
HLVLTD,EQ,3.5,3.5,3.3,3.45,3.5,3.45,55710,191072.45,12-MAY-2020,169,INE102A01024,
HMVL,EQ,42.6,43.75,42.6,43.0,43.0,43.55,1992,85655.15,12-MAY-2020,82,INE871K01015,
HNDFDS,EQ,488.0,506.95,478.0,496.75,497.0,483.0,3710,1833742.2,12-MAY-2020,310,INE254N01018,
HNGSNGBEES,EQ,351.99,357.66,351.99,357.65,357.65,354.0,262,92744.65,12-MAY-2020,20,INF204KB19I1,
HONAUT,EQ,26900.0,26999.7,26340.0,26846.85,26939.9,26929.25,2900,77419226.25,12-MAY-2020,1703,INE671A01010,
HONDAPOWER,EQ,847.45,847.45,810.0,817.25,819.9,827.95,4202,3431004.8,12-MAY-2020,438,INE634A01018,
HOVS,BE,35.6,35.6,35.0,35.4,35.4,33.95,4660,164424.3,12-MAY-2020,43,INE596H01014,
HPL,EQ,23.3,23.8,22.35,23.4,23.6,23.15,17374,398267.85,12-MAY-2020,254,INE495S01016,
HSCL,EQ,45.2,45.5,43.2,44.3,44.3,45.45,322319,14187140.2,12-MAY-2020,3153,INE019C01026,
HSIL,EQ,48.5,48.95,47.75,48.05,47.95,49.25,51063,2460459.35,12-MAY-2020,499,INE415A01038,
HTMEDIA,BE,11.15,11.45,10.6,11.15,10.9,11.15,41328,453467.15,12-MAY-2020,124,INE501G01024,
HUBTOWN,BE,9.9,10.35,9.8,10.3,10.35,9.9,8493,86791.85,12-MAY-2020,54,INE703H01016,
HUDCO,EQ,21.3,21.8,20.65,21.45,21.35,21.25,1015766,21514814.0,12-MAY-2020,5040,INE031A01017,
IBMFNIFTY,EQ,100.0,112.89,100.0,106.0,101.5,103.11,2857,298613.45,12-MAY-2020,230,INF666M01FS5,
IBREALEST,EQ,46.9,46.9,44.75,45.05,44.75,47.1,652581,29520630.1,12-MAY-2020,3575,INE069I01010,
IBULHSGFIN,EQ,120.0,120.3,112.7,119.0,119.2,122.5,21614886,2509499117.3,12-MAY-2020,136286,INE148I01020,
IBULISL,EQ,38.8,38.8,36.8,37.55,37.6,38.5,115119,4296654.25,12-MAY-2020,1029,INE126M01010,
IBVENTURES,EQ,98.5,98.5,94.6,94.6,94.6,99.55,807969,76803879.6,12-MAY-2020,10732,INE274G01010,
ICICI500,EQ,121.8,123.0,121.31,122.97,123.0,121.8,480,58911.95,12-MAY-2020,46,INF109KC1CZ3,
ICICIB22,EQ,22.55,22.85,22.05,22.58,22.85,22.47,224854,5012897.49,12-MAY-2020,5619,INF109KB15Y7,
ICICIBANK,EQ,318.3,324.4,308.0,321.2,322.8,320.15,69072372,21742502518.65,12-MAY-2020,624472,INE090A01021,
ICICIBANKN,EQ,191.0,191.0,182.0,188.06,187.5,188.91,50784,9336190.73,12-MAY-2020,500,INF109KC1E27,
ICICIBANKP,EQ,104.88,107.9,101.07,105.13,106.45,104.88,6962,722266.49,12-MAY-2020,141,INF109KC1E35,
ICICIGI,EQ,1289.6,1342.95,1274.0,1333.3,1335.0,1297.3,682535,896863456.9,12-MAY-2020,63000,INE765G01017,
ICICIGOLD,EQ,41.11,42.99,41.11,42.4,42.44,42.28,165955,7040388.18,12-MAY-2020,858,INF109KC1NT3,
ICICILIQ,EQ,999.94,1000.0,999.94,999.99,999.99,999.99,23942,23941979.64,12-MAY-2020,40,INF109KC1KT9,
ICICILOVOL,EQ,81.5,81.5,78.0,79.7,80.3,79.46,1891,150434.55,12-MAY-2020,169,INF109KB10T8,
ICICIM150,EQ,49.0,50.5,48.95,49.18,49.0,50.3,590,28933.01,12-MAY-2020,16,INF109KC1G82,
ICICIMCAP,EQ,51.9,51.9,50.05,50.81,50.84,50.82,3987,202437.43,12-MAY-2020,113,INF109KB1XT3,
ICICINF100,EQ,109.0,110.75,105.03,106.13,110.0,107.07,1576,171179.93,12-MAY-2020,79,INF109KA1962,
ICICINIFTY,EQ,90.9,97.5,90.9,97.06,97.4,97.69,230594,22223435.48,12-MAY-2020,4543,INF109K012R6,
ICICINV20,EQ,48.0,48.95,46.38,48.24,48.28,47.6,2839,136046.78,12-MAY-2020,194,INF109KB1WY5,
ICICINXT50,EQ,24.02,25.2,24.02,24.55,24.59,24.58,8640,211924.99,12-MAY-2020,134,INF109KC1NS5,
ICICIPRULI,EQ,397.0,405.45,391.05,399.15,399.0,398.15,1968126,783453312.25,12-MAY-2020,45442,INE726G01019,
ICICISENSX,EQ,336.0,342.84,333.3,335.51,336.87,339.0,1176,394657.07,12-MAY-2020,158,INF346A01034,
ICIL,EQ,24.0,24.75,23.5,24.45,24.4,24.05,60272,1470373.75,12-MAY-2020,273,INE483B01026,
ICRA,EQ,2504.95,2615.0,2411.6,2565.1,2615.0,2556.65,968,2418544.25,12-MAY-2020,531,INE725G01011,
IDBI,EQ,19.9,20.35,19.4,20.15,20.35,19.95,1475607,29229334.25,12-MAY-2020,4744,INE008A01015,
IDBIGOLD,EQ,4398.6,4400.0,4331.0,4331.0,4331.0,4399.95,36,157828.0,12-MAY-2020,16,INF397L01554,
IDEA,EQ,4.65,5.0,4.5,4.95,5.0,4.6,587165672,2797912786.9,12-MAY-2020,198142,INE669E01016,
IDFC,EQ,14.05,14.15,13.8,13.9,13.9,13.95,4690071,65187727.9,12-MAY-2020,10675,INE043D01016,
IDFCFIRSTB,EQ,20.35,20.45,19.85,20.2,20.25,20.4,21908891,440372002.1,12-MAY-2020,59471,INE092T01019,
IDFNIFTYET,EQ,93.05,93.05,93.05,93.05,93.05,93.81,96,8932.8,12-MAY-2020,20,INF194KA1U07,
IEX,EQ,146.0,148.0,141.6,144.5,144.5,145.05,237020,34298071.95,12-MAY-2020,3699,INE022Q01020,
IFBAGRO,EQ,294.9,295.0,288.15,292.1,292.5,290.45,4022,1177329.9,12-MAY-2020,178,INE076C01018,
IFBIND,EQ,380.85,380.85,366.5,369.65,370.0,379.3,14797,5482759.95,12-MAY-2020,1024,INE559A01017,
IFCI,EQ,3.9,3.95,3.75,3.85,3.9,3.9,1914790,7329062.55,12-MAY-2020,34225,INE039A01010,
IFGLEXPOR,EQ,100.65,101.6,96.0,96.85,97.5,100.65,1300,126349.3,12-MAY-2020,31,INE133Y01011,
IGARASHI,EQ,228.7,228.7,220.0,225.9,226.05,231.45,64559,14459748.45,12-MAY-2020,2471,INE188B01013,
IGL,EQ,495.15,495.15,477.4,480.95,479.5,495.95,2913411,1413144657.05,12-MAY-2020,73115,INE203G01027,
IGPL,EQ,131.5,131.5,125.0,130.9,131.5,130.1,6721,863556.5,12-MAY-2020,152,INE204A01010,
IIFL,EQ,68.4,68.4,63.8,65.45,65.6,67.0,113236,7358743.25,12-MAY-2020,1887,INE530B01024,
IIFLSEC,EQ,32.25,32.25,30.55,31.6,31.55,31.75,142028,4431755.15,12-MAY-2020,753,INE489L01022,
IIFLWAM,EQ,851.0,874.95,851.0,854.45,855.0,861.25,14377,12316887.05,12-MAY-2020,800,INE466L01020,
IITL,BE,63.0,63.0,63.0,63.0,63.0,63.0,10,630.0,12-MAY-2020,1,INE886A01014,
IMAGICAA,BE,3.55,3.65,3.45,3.6,3.55,3.6,60475,216194.7,12-MAY-2020,91,INE172N01012,
IMFA,EQ,133.85,133.9,127.2,131.7,132.0,129.8,4451,577464.2,12-MAY-2020,140,INE919H01018,
IMPAL,EQ,478.1,484.3,478.0,483.45,482.4,478.1,672,321638.7,12-MAY-2020,40,INE547E01014,
INDBANK,EQ,5.2,5.2,4.75,4.95,4.9,5.0,31686,157003.3,12-MAY-2020,160,INE841B01017,
INDHOTEL,EQ,66.1,66.45,64.5,64.9,65.1,66.05,1186697,77227498.7,12-MAY-2020,13871,INE053A01029,
INDIACEM,EQ,99.65,100.9,97.2,99.25,99.6,100.6,915286,90311850.25,12-MAY-2020,7648,INE383A01012,
INDIAGLYCO,EQ,267.7,269.1,256.95,257.9,256.95,267.8,151220,39520971.7,12-MAY-2020,3806,INE560A01015,
INDIAMART,EQ,2270.0,2274.8,2127.05,2194.4,2198.0,2253.0,47123,103321677.45,12-MAY-2020,6488,INE933S01016,
INDIANB,EQ,46.0,47.3,44.6,46.8,47.05,46.35,1213750,55642578.0,12-MAY-2020,8351,INE562A01011,
INDIANCARD,EQ,87.6,87.6,81.6,85.9,85.9,85.5,446,36464.3,12-MAY-2020,36,INE061A01014,
INDIANHUME,EQ,142.85,145.0,140.0,142.7,143.0,142.75,29171,4144437.25,12-MAY-2020,703,INE323C01030,
INDIGO,EQ,943.4,1020.0,943.4,1008.6,1018.0,960.2,5475423,5446609639.4,12-MAY-2020,171448,INE646L01027,
INDLMETER,BE,16.1,17.15,16.1,16.15,16.15,16.9,393,6523.65,12-MAY-2020,10,INE065B01013,
INDNIPPON,EQ,259.95,259.95,251.0,254.7,252.6,258.65,7643,1942775.65,12-MAY-2020,261,INE092B01025,
INDOCO,EQ,230.0,239.9,229.15,233.65,235.25,231.9,131726,30583336.05,12-MAY-2020,518,INE873D01024,
INDORAMA,EQ,11.5,12.2,11.5,12.0,12.15,12.1,1535,18204.6,12-MAY-2020,49,INE156A01020,
INDOSTAR,EQ,277.25,277.7,274.45,275.8,275.55,275.75,12184,3359067.65,12-MAY-2020,1190,INE896L01010,
INDOTECH,EQ,75.45,75.45,69.0,71.8,71.65,72.85,4348,309737.0,12-MAY-2020,84,INE332H01014,
INDOTHAI,EQ,14.75,15.95,14.35,15.65,15.95,14.8,3356,51851.75,12-MAY-2020,157,INE337M01013,
INDOWIND,EQ,2.25,2.3,1.95,2.1,2.05,2.1,184940,389539.4,12-MAY-2020,129,INE227G01018,
INDRAMEDCO,EQ,38.2,38.7,37.8,38.0,38.0,38.6,62786,2396365.8,12-MAY-2020,600,INE681B01017,
INDSWFTLAB,BE,21.8,21.8,21.8,21.8,21.8,20.8,6231,135835.8,12-MAY-2020,32,INE915B01019,
INDSWFTLTD,BE,2.25,2.35,2.15,2.35,2.35,2.25,26590,59660.9,12-MAY-2020,14,INE788B01028,
INDTERRAIN,EQ,27.75,28.9,26.6,27.1,27.3,27.85,9602,260146.85,12-MAY-2020,148,INE611L01021,
INDUSINDBK,EQ,429.8,450.0,425.0,446.2,447.4,433.4,26126578,11405595637.05,12-MAY-2020,390262,INE095A01012,
INEOSSTYRO,EQ,567.75,568.95,563.8,564.0,564.0,573.5,2344,1325756.45,12-MAY-2020,69,INE189B01011,
INFIBEAM,EQ,52.5,53.9,51.65,53.9,53.9,51.35,1847142,98781412.5,12-MAY-2020,2923,INE483S01020,
INFOBEAN,BE,99.0,102.85,95.55,99.45,99.9,98.7,4375,435239.4,12-MAY-2020,68,INE344S01016,
INFOMEDIA,BE,4.25,4.25,4.25,4.25,4.25,4.05,12903,54837.75,12-MAY-2020,29,INE669A01022,
INFRABEES,EQ,277.66,281.66,276.7,281.44,281.55,281.0,294,81970.14,12-MAY-2020,19,INF732E01268,
INFRATEL,EQ,185.0,192.6,178.45,189.6,189.5,183.6,13981599,2598958479.5,12-MAY-2020,127907,INE121J01017,
INFY,EQ,678.5,691.0,675.5,687.65,687.0,682.9,7356063,5037715533.35,12-MAY-2020,165655,INE009A01021,
INGERRAND,EQ,625.6,628.5,625.2,626.2,626.4,625.25,3306,2070059.95,12-MAY-2020,159,INE177A01018,
INOXLEISUR,EQ,202.0,205.7,200.55,203.4,203.2,203.55,265980,53852027.1,12-MAY-2020,9138,INE312H01016,
INOXWIND,EQ,25.6,26.3,24.75,25.9,26.25,25.05,631043,15935517.9,12-MAY-2020,805,INE066P01011,
INSECTICID,EQ,398.0,398.0,385.0,391.0,393.6,394.3,6526,2556984.6,12-MAY-2020,298,INE070I01018,
INSPIRISYS,EQ,20.75,20.8,19.25,19.5,19.3,20.2,1646,32132.15,12-MAY-2020,53,INE020G01017,
INTELLECT,EQ,74.05,74.05,67.15,72.45,72.0,70.55,176023,12499692.35,12-MAY-2020,1534,INE306R01017,
INTENTECH,EQ,18.5,18.5,17.5,18.15,18.4,18.35,7301,132087.8,12-MAY-2020,61,INE781A01025,
INVENTURE,BE,11.9,11.9,11.7,11.7,11.7,11.7,106,1260.2,12-MAY-2020,4,INE878H01016,
IOB,EQ,7.15,7.2,7.05,7.15,7.1,7.15,449159,3192948.8,12-MAY-2020,980,INE565A01014,
IOC,EQ,75.85,76.7,74.6,74.9,74.95,75.35,16302858,1228759001.5,12-MAY-2020,77409,INE242A01010,
IOLCP,EQ,331.55,368.8,330.45,363.45,368.55,330.35,4584328,1619560840.2,12-MAY-2020,80201,INE485C01011,
IPCALAB,EQ,1560.5,1569.9,1537.6,1545.55,1548.1,1554.75,184667,286487398.95,12-MAY-2020,15303,INE571A01020,
IRB,EQ,62.55,62.65,60.0,61.25,61.2,62.65,860870,52324622.85,12-MAY-2020,5763,INE821I01014,
IRCON,EQ,86.0,89.95,85.7,88.6,88.6,86.15,2317303,204883965.4,12-MAY-2020,18734,INE962Y01021,
IRCTC,EQ,1368.7,1368.7,1368.7,1368.7,1368.7,1303.55,172092,235542320.4,12-MAY-2020,5652,INE335Y01012,
ISEC,EQ,359.95,368.0,352.5,361.95,361.0,361.6,389802,140584143.25,12-MAY-2020,12130,INE763G01038,
ISFT,EQ,49.95,49.95,49.95,49.95,49.95,47.6,1670,83416.5,12-MAY-2020,13,INE566K01011,
ISMTLTD,EQ,3.55,3.75,3.3,3.6,3.6,3.65,114261,396281.95,12-MAY-2020,157,INE732F01019,
ITC,EQ,158.45,165.9,157.5,165.05,165.5,158.45,21387983,3450209830.5,12-MAY-2020,166733,INE154A01025,
ITDC,EQ,147.0,147.0,141.65,144.8,144.15,146.6,11372,1633447.5,12-MAY-2020,648,INE353K01014,
ITDCEM,EQ,35.3,35.3,33.75,34.25,34.05,35.35,73606,2510423.05,12-MAY-2020,906,INE686A01026,
ITI,EQ,80.5,83.1,78.65,82.35,82.55,80.8,599537,48578614.25,12-MAY-2020,6825,INE248A01017,
IVC,EQ,2.25,2.3,2.25,2.3,2.3,2.3,32668,74555.2,12-MAY-2020,63,INE050B01023,
IVP,BE,33.6,33.75,33.6,33.75,33.75,32.6,292,9840.0,12-MAY-2020,9,INE043C01018,
IVZINGOLD,EQ,4290.0,4290.0,4220.0,4290.0,4290.0,4264.35,33,141473.0,12-MAY-2020,8,INF205K01361,
IZMO,BE,14.0,14.05,14.0,14.05,14.05,14.5,310,4340.5,12-MAY-2020,5,INE848A01014,
J&KBANK,EQ,12.65,12.65,12.15,12.15,12.15,12.75,3749372,45647639.15,12-MAY-2020,5913,INE168A01041,
JAGRAN,EQ,39.85,40.2,37.0,37.3,37.5,39.85,560939,21243130.1,12-MAY-2020,8030,INE199G01027,
JAGSNPHARM,EQ,23.85,24.65,23.0,24.35,24.6,23.5,10700,255882.5,12-MAY-2020,192,INE048B01027,
JAIBALAJI,BE,17.85,17.85,17.0,17.0,17.0,17.85,48150,819670.65,12-MAY-2020,29,INE091G01018,
JAICORPLTD,EQ,65.1,67.5,62.55,66.5,67.2,66.0,1171970,75685607.0,12-MAY-2020,6651,INE070D01027,
JAMNAAUTO,EQ,24.3,24.55,23.6,23.7,23.75,24.7,1197851,28528516.75,12-MAY-2020,5769,INE039C01032,
JASH,BE,94.05,103.5,94.05,103.5,103.5,99.0,59,5644.65,12-MAY-2020,5,INE039O01011,
JAYAGROGN,BE,73.35,73.35,66.55,68.7,69.9,69.95,1449,97947.15,12-MAY-2020,29,INE785A01026,
JAYBARMARU,EQ,144.5,145.2,138.0,141.15,141.85,141.85,18713,2649398.7,12-MAY-2020,714,INE571B01028,
JAYNECOIND,BE,2.75,2.95,2.75,2.95,2.95,2.85,9501,26663.45,12-MAY-2020,16,INE854B01010,
JAYSREETEA,BE,35.9,35.9,34.15,35.2,35.0,35.1,6592,230597.0,12-MAY-2020,92,INE364A01020,
JBCHEPHARM,EQ,636.05,647.65,611.25,641.75,645.0,645.5,446480,283312337.25,12-MAY-2020,19361,INE572A01028,
JBFIND,BE,6.8,6.8,6.45,6.6,6.6,6.6,46020,300662.45,12-MAY-2020,412,INE187A01017,
JBMA,EQ,153.6,164.95,153.6,159.9,159.15,159.45,7363,1175032.35,12-MAY-2020,237,INE927D01028,
JCHAC,EQ,2275.0,2275.0,2200.0,2221.25,2224.0,2262.05,2413,5366038.05,12-MAY-2020,521,INE782A01015,
JHS,EQ,9.0,9.35,8.8,9.15,9.05,9.2,15206,137576.35,12-MAY-2020,115,INE544H01014,
JIKIND,BE,0.4,0.4,0.35,0.4,0.4,0.4,21109,7421.1,12-MAY-2020,11,INE026B01049,
JINDALPHOT,BE,11.65,12.8,11.65,11.95,12.35,12.25,3301,39815.25,12-MAY-2020,27,INE796G01012,
JINDALPOLY,EQ,240.05,246.0,239.15,244.9,245.0,246.3,13322,3242506.5,12-MAY-2020,256,INE197D01010,
JINDALSAW,EQ,50.3,50.3,48.9,49.8,49.8,50.45,265145,13171142.15,12-MAY-2020,2376,INE324A01024,
JINDALSTEL,EQ,89.0,90.6,84.25,89.75,89.95,89.6,16957849,1484130055.75,12-MAY-2020,74219,INE749A01030,
JINDRILL,EQ,46.0,52.25,46.0,52.25,52.25,47.5,29965,1524003.25,12-MAY-2020,467,INE742C01031,
JINDWORLD,EQ,27.45,27.45,25.7,26.5,26.85,26.15,8572,226760.4,12-MAY-2020,270,INE247D01039,
JISLDVREQS,BE,7.9,7.9,7.9,7.9,7.9,8.3,143633,1134700.7,12-MAY-2020,108,IN9175A01010,
JISLJALEQS,BE,8.05,8.05,8.05,8.05,8.05,8.45,358809,2888412.45,12-MAY-2020,851,INE175A01038,
JITFINFRA,BE,4.3,4.3,3.9,3.9,3.9,4.1,8336,32763.8,12-MAY-2020,20,INE863T01013,
JIYAECO,EQ,9.6,9.6,9.6,9.6,9.6,9.45,23800,228480.0,12-MAY-2020,30,INE023S01016,
JKCEMENT,EQ,1080.0,1080.0,1040.65,1055.6,1061.5,1070.15,13766,14508725.1,12-MAY-2020,2519,INE823G01014,
JKIL,EQ,73.15,75.9,72.05,75.5,75.5,74.75,113357,8373476.7,12-MAY-2020,1744,INE576I01022,
JKLAKSHMI,EQ,190.0,193.35,186.05,190.65,189.9,191.55,89909,17058482.0,12-MAY-2020,3316,INE786A01032,
JKPAPER,EQ,96.4,97.2,94.4,95.85,95.85,95.55,829830,79485615.75,12-MAY-2020,7069,INE789E01012,
JKTYRE,EQ,51.8,52.0,49.2,50.75,50.6,52.0,590673,29688913.2,12-MAY-2020,6046,INE573A01042,
JMA,EQ,17.9,17.9,17.9,17.9,17.9,17.9,44,787.6,12-MAY-2020,1,INE412C01023,
JMCPROJECT,EQ,37.15,38.5,37.0,38.15,38.25,38.45,53854,2018758.5,12-MAY-2020,429,INE890A01024,
JMFINANCIL,EQ,63.9,64.75,60.35,64.15,64.6,64.05,973212,61244086.8,12-MAY-2020,14699,INE780C01023,
JMTAUTOLTD,BE,2.1,2.1,2.1,2.1,2.1,2.0,137452,288649.2,12-MAY-2020,379,INE988E01036,
JOCIL,EQ,179.8,179.8,165.0,165.7,165.0,173.65,69222,11636702.8,12-MAY-2020,1595,INE839G01010,
JPASSOCIAT,EQ,1.5,1.5,1.4,1.5,1.45,1.45,10617641,15541387.7,12-MAY-2020,3441,INE455F01025,
JPINFRATEC,BE,0.85,0.9,0.8,0.85,0.85,0.85,1017220,858897.9,12-MAY-2020,338,INE099J01015,
JPOLYINVST,EQ,8.95,8.95,8.95,8.95,8.95,9.4,56,501.2,12-MAY-2020,3,INE147P01019,
JPPOWER,BE,0.85,0.85,0.8,0.85,0.85,0.8,7306961,6198761.9,12-MAY-2020,1145,INE351F01018,
JSL,EQ,28.75,28.75,28.0,28.3,28.35,28.5,146555,4151014.6,12-MAY-2020,2446,INE220G01021,
JSLHISAR,EQ,42.4,42.4,41.1,41.7,41.55,42.5,24107,1002162.0,12-MAY-2020,264,INE455T01018,
JSWENERGY,EQ,39.6,40.0,38.8,39.85,39.9,39.8,562626,22175412.15,12-MAY-2020,2882,INE121E01018,
JSWHL,EQ,1585.05,1608.95,1560.0,1586.35,1590.0,1584.15,127,200300.9,12-MAY-2020,45,INE824G01012,
JSWSTEEL,EQ,172.0,179.6,167.05,178.2,178.5,174.55,11889850,2054759537.8,12-MAY-2020,75361,INE019A01038,
JTEKTINDIA,EQ,48.65,48.65,46.55,47.5,47.45,48.2,121864,5767695.45,12-MAY-2020,1331,INE643A01035,
JUBILANT,EQ,400.35,416.9,382.0,408.15,409.5,400.35,330726,133128265.95,12-MAY-2020,12976,INE700A01033,
JUBLFOOD,EQ,1575.0,1606.7,1541.0,1593.4,1596.9,1569.45,867101,1360046882.6,12-MAY-2020,62760,INE797F01012,
JUBLINDS,EQ,92.0,92.0,86.4,87.95,88.7,88.45,13732,1204930.5,12-MAY-2020,478,INE645L01011,
JUMPNET,EQ,50.6,50.6,48.05,48.7,48.75,48.6,509014,24667581.2,12-MAY-2020,381,INE974C01022,
JUNIORBEES,EQ,242.0,242.87,238.0,241.66,241.48,242.14,41391,9936269.57,12-MAY-2020,1922,INF732E01045,
JUSTDIAL,EQ,341.0,351.75,336.6,347.95,348.0,345.35,3174181,1091043858.1,12-MAY-2020,47188,INE599M01018,
JYOTHYLAB,EQ,102.6,104.75,102.05,103.7,104.5,104.1,188532,19417422.9,12-MAY-2020,12520,INE668F01031,
KABRAEXTRU,EQ,44.95,45.4,44.85,45.4,45.4,45.0,1075,48538.75,12-MAY-2020,36,INE900B01029,
KAJARIACER,EQ,332.5,332.5,322.1,325.1,325.0,331.3,258179,84043129.3,12-MAY-2020,10723,INE217B01036,
KAKATCEM,EQ,119.95,122.4,116.5,117.2,117.15,118.95,7279,857565.35,12-MAY-2020,380,INE437B01014,
KALPATPOWR,EQ,199.2,199.9,191.25,194.6,196.0,199.2,238407,46235817.8,12-MAY-2020,6456,INE220B01022,
KALYANIFRG,BE,121.65,121.65,116.65,116.65,116.65,115.9,2340,279858.65,12-MAY-2020,41,INE314G01014,
KAMATHOTEL,EQ,18.75,19.95,18.45,19.7,19.5,18.85,23627,455241.85,12-MAY-2020,279,INE967C01018,
KAMDHENU,EQ,48.3,50.95,47.65,49.1,48.35,49.4,11745,576554.6,12-MAY-2020,295,INE390H01012,
KANANIIND,BE,2.35,2.35,2.25,2.25,2.25,2.35,1270,2858.1,12-MAY-2020,7,INE879E01037,
KANORICHEM,EQ,29.5,29.5,27.7,28.4,28.45,28.35,5040,142913.9,12-MAY-2020,219,INE138C01024,
KANSAINER,EQ,358.75,366.0,351.0,360.35,360.3,360.85,191300,68910595.7,12-MAY-2020,11129,INE531A01024,
KARDA,EQ,134.15,136.2,130.0,130.75,130.3,136.55,37291,4966498.1,12-MAY-2020,360,INE278R01018,
KARMAENG,EQ,9.05,9.7,9.05,9.25,9.6,9.5,2145,20165.15,12-MAY-2020,20,INE725L01011,
KARURVYSYA,EQ,25.0,25.45,24.4,25.0,24.65,25.05,655423,16279326.8,12-MAY-2020,10944,INE036D01028,
KAUSHALYA,EQ,0.35,0.35,0.35,0.35,0.35,0.4,550,192.5,12-MAY-2020,2,INE234I01010,
KAYA,EQ,133.0,133.9,130.0,132.9,133.9,133.7,4780,627358.3,12-MAY-2020,137,INE587G01015,
KCP,EQ,39.5,41.0,38.3,39.75,39.6,39.6,42293,1665059.8,12-MAY-2020,442,INE805C01028,
KCPSUGIND,EQ,12.15,12.2,12.0,12.15,12.2,12.25,48315,583496.5,12-MAY-2020,184,INE790B01024,
KDDL,EQ,112.2,115.0,107.75,112.8,112.0,112.2,1530,172154.2,12-MAY-2020,90,INE291D01011,
KEC,EQ,198.15,198.65,190.0,195.25,196.25,198.15,210601,40683736.35,12-MAY-2020,5727,INE389H01022,
KECL,EQ,9.1,9.2,8.75,9.1,9.2,8.9,19786,177748.35,12-MAY-2020,109,INE134B01017,
KEI,EQ,260.1,262.0,249.0,254.0,255.4,261.75,114559,29048115.55,12-MAY-2020,7182,INE878B01027,
KELLTONTEC,EQ,12.5,13.25,12.05,13.25,13.25,12.65,105213,1326483.55,12-MAY-2020,192,INE164B01022,
KENNAMET,EQ,701.6,730.0,697.35,717.55,714.1,701.55,1090,774219.45,12-MAY-2020,222,INE717A01029,
KERNEX,BE,13.5,13.5,12.35,12.9,12.9,12.95,11602,151112.0,12-MAY-2020,54,INE202H01019,
KESORAMIND,EQ,24.15,24.55,23.25,24.15,24.4,24.5,40149,966835.2,12-MAY-2020,295,INE087A01019,
KEYFINSERV,BE,31.3,32.85,29.75,29.75,29.75,31.3,228,7248.0,12-MAY-2020,7,INE681C01015,
KHADIM,EQ,93.05,94.5,88.0,88.35,88.85,90.6,358183,32612473.75,12-MAY-2020,6588,INE834I01025,
KICL,EQ,1048.9,1074.95,1005.05,1064.3,1063.0,1027.9,565,590131.4,12-MAY-2020,93,INE029L01018,
KILITCH,EQ,97.5,97.5,96.0,96.2,96.6,98.4,2207,212959.85,12-MAY-2020,157,INE729D01010,
KINGFA,EQ,425.0,503.95,425.0,474.85,478.0,424.85,86405,41411813.55,12-MAY-2020,6800,INE473D01015,
KIOCL,EQ,74.0,76.9,71.25,76.25,76.35,74.2,5679,421046.95,12-MAY-2020,291,INE880L01014,
KIRIINDUS,EQ,286.0,287.1,285.0,285.35,285.05,285.4,43023,12278731.15,12-MAY-2020,899,INE415I01015,
KIRLFER,EQ,53.8,55.8,51.8,54.0,54.55,54.8,11481,609487.3,12-MAY-2020,89,INE884B01025,
KIRLOSBROS,EQ,94.5,94.5,89.0,89.95,90.0,92.65,38114,3436355.5,12-MAY-2020,1285,INE732A01036,
KIRLOSENG,EQ,112.85,112.85,105.0,106.15,106.4,108.4,8089,860681.1,12-MAY-2020,474,INE146L01010,
KIRLOSIND,EQ,519.5,519.5,490.0,500.7,518.6,510.5,561,282994.1,12-MAY-2020,377,INE250A01039,
KITEX,EQ,98.95,104.0,95.5,101.05,100.3,97.65,103412,10281931.95,12-MAY-2020,887,INE602G01020,
KKCL,EQ,764.65,764.7,729.95,742.45,744.0,749.75,603,447759.75,12-MAY-2020,254,INE401H01017,
KMSUGAR,EQ,6.4,6.5,6.25,6.3,6.3,6.45,33213,210683.15,12-MAY-2020,119,INE157H01023,
KNRCON,EQ,185.0,187.6,180.3,184.45,184.95,186.65,123658,22734009.85,12-MAY-2020,3805,INE634I01029,
KOKUYOCMLN,EQ,46.6,47.0,44.9,46.0,46.15,47.4,87694,4004785.85,12-MAY-2020,1304,INE760A01029,
KOLTEPATIL,EQ,153.4,155.8,152.0,153.2,153.0,155.6,18630,2859395.75,12-MAY-2020,876,INE094I01018,
KOPRAN,EQ,24.0,24.0,22.65,23.0,23.1,23.8,119988,2735915.1,12-MAY-2020,578,INE082A01010,
KOTAKBANK,EQ,1178.0,1178.0,1137.0,1157.2,1157.95,1188.45,10268551,11804142282.6,12-MAY-2020,294134,INE237A01028,
KOTAKBKETF,EQ,190.0,193.0,184.72,191.18,191.7,192.29,83502,15637275.7,12-MAY-2020,1442,INF174K01F59,
KOTAKGOLD,EQ,416.9,420.6,414.5,415.95,414.5,417.15,106898,44579210.7,12-MAY-2020,1408,INF373I01049,
KOTAKNIFTY,EQ,95.3,96.1,94.0,95.62,95.92,95.77,66482,6302681.84,12-MAY-2020,968,INF174K014P6,
KOTAKNV20,EQ,46.51,48.49,46.51,47.49,47.31,47.51,4489,213001.46,12-MAY-2020,95,INF174K01Z71,
KOTAKPSUBK,EQ,116.59,116.6,105.5,115.12,115.0,113.33,6578,741871.07,12-MAY-2020,232,INF373I01023,
KOTARISUG,EQ,9.45,9.45,8.8,8.9,8.85,9.25,30397,273641.2,12-MAY-2020,136,INE419A01022,
KOTHARIPET,EQ,12.35,12.4,11.5,11.9,12.0,12.3,6072,72602.1,12-MAY-2020,75,INE720A01015,
KOTHARIPRO,EQ,43.7,43.95,42.0,42.85,42.6,44.15,1486,63196.6,12-MAY-2020,48,INE823A01017,
KPITTECH,EQ,50.55,51.0,48.05,50.15,50.1,50.55,202449,9934451.05,12-MAY-2020,4407,INE04I401011,
KPRMILL,EQ,421.3,429.0,409.05,426.7,429.0,417.9,2763,1156640.7,12-MAY-2020,424,INE930H01023,
KRBL,EQ,183.5,185.9,179.85,183.05,183.8,184.2,79755,14522627.9,12-MAY-2020,1490,INE001B01026,
KREBSBIO,EQ,74.8,74.8,71.1,71.85,72.5,72.3,2776,200759.45,12-MAY-2020,95,INE268B01013,
KRIDHANINF,BE,2.6,2.6,2.5,2.55,2.6,2.5,202949,525856.5,12-MAY-2020,277,INE524L01026,
KRISHANA,BE,44.65,45.0,44.65,44.65,44.65,47.0,1075,48348.75,12-MAY-2020,3,INE506W01012,
KSB,EQ,442.0,443.7,426.9,438.15,441.0,444.95,13657,5898025.1,12-MAY-2020,1136,INE999A01015,
KSCL,EQ,366.95,369.75,356.0,360.35,358.7,364.15,91964,33207679.75,12-MAY-2020,4317,INE455I01029,
KSERASERA,BE,0.3,0.3,0.25,0.25,0.25,0.3,9375273,2374474.6,12-MAY-2020,1022,INE216D01026,
KSK,EQ,0.35,0.35,0.3,0.35,0.3,0.35,762210,252927.5,12-MAY-2020,444,INE143H01015,
KSL,EQ,141.1,144.15,137.0,142.3,142.2,140.05,25818,3618974.8,12-MAY-2020,951,INE907A01026,
KTKBANK,EQ,37.9,38.2,36.5,37.4,37.6,38.25,2506043,93089425.35,12-MAY-2020,24315,INE614B01018,
KUANTUM,EQ,348.5,374.8,348.5,350.95,352.0,350.15,172,60668.3,12-MAY-2020,17,INE529I01013,
KWALITY,BE,2.2,2.2,2.2,2.2,2.2,2.1,172512,379526.4,12-MAY-2020,196,INE775B01025,
L&TFH,EQ,56.45,58.15,54.0,57.25,57.05,57.2,18153466,1010958071.35,12-MAY-2020,63433,INE498L01015,
LAKSHVILAS,EQ,13.5,13.5,13.0,13.3,13.5,13.55,304610,4026160.0,12-MAY-2020,936,INE694C01018,
LALPATHLAB,EQ,1554.0,1595.0,1535.55,1589.85,1577.0,1553.4,61228,96195573.75,12-MAY-2020,7315,INE600L01024,
LAMBODHARA,EQ,22.8,23.95,21.1,22.05,22.0,21.7,2933,64001.95,12-MAY-2020,85,INE112F01022,
LAOPALA,EQ,165.0,175.85,161.0,172.75,170.85,164.25,97107,16495617.35,12-MAY-2020,2273,INE059D01020,
LASA,BE,33.15,33.3,31.25,32.3,32.25,32.55,16718,537948.95,12-MAY-2020,88,INE670X01014,
LAURUSLABS,EQ,426.0,447.4,423.3,443.5,444.9,429.3,2488634,1095727740.05,12-MAY-2020,56006,INE947Q01010,
LAXMIMACH,EQ,2489.7,2518.85,2450.55,2505.1,2517.0,2502.7,2136,5304276.5,12-MAY-2020,513,INE269B01029,
LEMONTREE,EQ,16.7,16.9,16.2,16.6,16.7,16.65,803656,13245869.65,12-MAY-2020,5152,INE970X01018,
LFIC,EQ,43.1,45.0,43.1,45.0,45.0,44.85,11,483.6,12-MAY-2020,2,INE850E01012,
LGBBROSLTD,EQ,200.95,201.2,190.45,193.25,193.45,198.0,8798,1701195.85,12-MAY-2020,551,INE337A01034,
LGBFORGE,EQ,1.85,1.85,1.8,1.8,1.8,1.85,16077,29003.15,12-MAY-2020,61,INE201J01017,
LIBAS,BE,36.5,38.4,36.4,37.65,36.4,38.3,1560,58609.2,12-MAY-2020,19,INE908V01012,
LIBERTSHOE,EQ,105.0,105.5,102.25,103.65,103.2,108.9,370270,38421489.75,12-MAY-2020,5775,INE557B01019,
LICHSGFIN,EQ,265.95,270.85,259.0,264.0,263.55,268.25,4606826,1213270508.85,12-MAY-2020,54034,INE115A01026,
LICNETFGSC,EQ,21.48,21.96,21.0,21.82,21.82,21.46,6232,132484.12,12-MAY-2020,68,INF767K01MV5,
LICNETFN50,EQ,98.99,98.99,93.5,95.3,95.1,96.07,946,90976.94,12-MAY-2020,79,INF767K01OS7,
LICNFNHGP,EQ,97.5,102.0,97.0,99.85,99.85,95.22,1946,195056.45,12-MAY-2020,177,INF767K01PC8,
LINCOLN,EQ,153.95,157.05,150.1,155.9,155.5,152.25,67434,10385701.45,12-MAY-2020,2303,INE405C01035,
LINCPEN,EQ,124.2,134.0,124.2,129.05,130.35,129.25,2064,267794.85,12-MAY-2020,66,INE802B01019,
LINDEINDIA,EQ,523.05,523.7,508.0,513.9,513.5,524.85,16134,8278531.9,12-MAY-2020,1086,INE473A01011,
LIQUIDBEES,EQ,1000.0,1000.01,999.99,1000.0,1000.01,999.99,773193,773192681.37,12-MAY-2020,3527,INF732E01037,
LIQUIDETF,EQ,999.99,1000.01,999.99,999.99,1000.0,999.99,54201,54201339.16,12-MAY-2020,78,INF740KA1EU7,
LOKESHMACH,EQ,14.9,14.9,14.3,14.8,14.9,14.9,3074,45065.05,12-MAY-2020,80,INE397H01017,
LOTUSEYE,EQ,24.8,24.8,22.5,24.2,24.75,24.7,3793,89180.4,12-MAY-2020,83,INE947I01017,
LOVABLE,EQ,50.9,50.9,47.7,48.75,48.75,49.55,22797,1109835.05,12-MAY-2020,258,INE597L01014,
LPDC,BE,1.15,1.25,1.15,1.25,1.25,1.2,6705,7751.25,12-MAY-2020,6,INE197J01017,
LSIL,EQ,0.65,0.65,0.6,0.65,0.65,0.6,4584826,2979535.75,12-MAY-2020,840,INE093R01011,
LT,EQ,817.0,819.25,804.0,814.8,816.0,821.6,3024386,2449978487.85,12-MAY-2020,112515,INE018A01030,
LTI,EQ,1614.0,1655.0,1590.8,1648.35,1646.0,1614.2,82164,134075888.65,12-MAY-2020,10793,INE214T01019,
LTTS,EQ,1179.0,1179.0,1125.0,1128.85,1128.7,1179.5,152864,173346762.05,12-MAY-2020,13853,INE010V01017,
LUMAXIND,EQ,998.0,998.0,948.05,948.05,948.05,997.9,4124,3970864.6,12-MAY-2020,1070,INE162B01018,
LUMAXTECH,EQ,68.0,69.4,65.55,66.65,66.2,68.7,35199,2341401.0,12-MAY-2020,454,INE872H01027,
LUPIN,EQ,850.0,860.6,845.0,851.85,851.9,849.3,2001947,1705725781.85,12-MAY-2020,62546,INE326A01037,
LUXIND,EQ,890.0,895.65,871.0,877.05,874.5,895.8,51115,45060779.9,12-MAY-2020,1968,INE150G01020,
LYKALABS,EQ,15.75,15.75,15.05,15.15,15.1,15.3,11153,171444.15,12-MAY-2020,162,INE933A01014,
LYPSAGEMS,EQ,3.1,3.3,3.05,3.05,3.05,3.2,13170,40606.75,12-MAY-2020,26,INE142K01011,
M&M,EQ,388.9,395.2,380.2,393.05,394.25,390.1,4686856,1811143796.15,12-MAY-2020,88743,INE101A01026,
M&MFIN,EQ,155.0,164.0,154.15,162.55,162.85,157.85,9260253,1477326460.9,12-MAY-2020,62932,INE774D01024,
M100,EQ,13.64,13.84,13.51,13.79,13.8,13.64,30655,419165.71,12-MAY-2020,251,INF247L01023,
M50,EQ,88.0,91.01,88.0,89.73,89.73,89.73,324,29006.36,12-MAY-2020,22,INF247L01536,
MAANALU,EQ,35.1,36.9,34.0,34.6,35.15,35.75,2117,74111.45,12-MAY-2020,95,INE215I01019,
MADHAV,EQ,18.5,18.5,17.75,17.9,18.35,18.6,6852,123741.8,12-MAY-2020,52,INE925C01016,
MADHUCON,BE,1.9,1.9,1.9,1.9,1.9,1.95,1970,3743.0,12-MAY-2020,16,INE378D01032,
MADRASFERT,BE,13.6,14.25,13.35,13.9,13.85,13.9,24473,335156.85,12-MAY-2020,150,INE414A01015,
MAGADSUGAR,EQ,73.95,74.0,70.55,72.65,73.0,74.25,24189,1745198.1,12-MAY-2020,449,INE347W01011,
MAGMA,EQ,15.0,15.2,14.1,14.1,14.1,14.8,976984,13884002.55,12-MAY-2020,2733,INE511C01022,
MAGNUM,BE,2.7,2.7,2.6,2.7,2.6,2.7,1925,5196.5,12-MAY-2020,7,INE387I01016,
MAHABANK,EQ,8.8,8.85,8.65,8.8,8.8,8.85,273840,2396541.2,12-MAY-2020,1130,INE457A01014,
MAHAPEXLTD,BE,61.75,64.8,58.7,59.05,59.05,61.75,2308,141935.25,12-MAY-2020,22,INE843B01013,
MAHASTEEL,BE,63.0,66.7,62.0,65.6,65.9,64.3,1779,113479.6,12-MAY-2020,37,INE451L01014,
MAHEPC,EQ,102.3,107.85,98.25,104.75,104.95,100.0,160682,16674324.75,12-MAY-2020,2326,INE215D01010,
MAHESHWARI,EQ,149.95,158.3,149.95,150.7,150.5,153.9,103,15611.85,12-MAY-2020,25,INE263W01010,
MAHINDCIE,EQ,98.0,98.0,93.1,93.1,93.1,98.0,36001,3366346.85,12-MAY-2020,924,INE536H01010,
MAHLIFE,EQ,185.8,185.8,175.0,179.95,181.95,178.7,9176,1638138.55,12-MAY-2020,620,INE813A01018,
MAHLOG,EQ,252.85,260.0,248.0,256.0,253.2,252.35,43378,11030666.8,12-MAY-2020,1648,INE766P01016,
MAHSCOOTER,EQ,1980.05,2007.3,1970.0,1988.35,1981.1,1997.3,4462,8858738.1,12-MAY-2020,667,INE288A01013,
MAHSEAMLES,EQ,194.6,198.8,194.05,195.6,195.0,194.35,43092,8434126.95,12-MAY-2020,1159,INE271B01025,
MAITHANALL,EQ,369.95,369.95,358.0,359.9,360.0,365.05,11917,4289300.25,12-MAY-2020,445,INE683C01011,
MAJESCO,EQ,291.0,293.0,275.0,286.55,278.0,287.9,25382,7241156.05,12-MAY-2020,618,INE898S01029,
MALUPAPER,EQ,27.35,27.85,26.6,27.1,27.35,27.5,11006,298809.9,12-MAY-2020,147,INE383H01017,
MAN50ETF,EQ,93.0,93.5,91.6,93.06,93.0,93.51,12159,1116581.95,12-MAY-2020,57,INF769K01EG9,
MANAKALUCO,EQ,4.55,4.55,4.4,4.4,4.45,4.55,18111,80305.85,12-MAY-2020,20,INE859Q01017,
MANAKCOAT,EQ,3.9,3.9,3.75,3.75,3.9,3.9,6425,24844.95,12-MAY-2020,9,INE830Q01018,
MANAKSIA,BE,30.6,32.45,30.6,32.2,32.2,32.0,4869,151191.8,12-MAY-2020,34,INE015D01022,
MANAKSTEEL,EQ,8.45,8.5,8.1,8.15,8.15,8.45,5590,46097.75,12-MAY-2020,132,INE824Q01011,
MANALIPETC,EQ,14.7,14.7,14.05,14.55,14.5,14.65,78326,1125174.65,12-MAY-2020,492,INE201A01024,
MANAPPURAM,EQ,114.0,118.75,111.25,117.55,117.3,116.75,9781362,1125508831.15,12-MAY-2020,48062,INE522D01027,
MANGALAM,BE,101.7,101.7,92.1,92.1,92.1,96.9,174908,17410136.55,12-MAY-2020,1257,INE584F01014,
MANGCHEFER,EQ,33.0,34.45,32.25,33.45,33.4,33.65,83802,2771581.0,12-MAY-2020,700,INE558B01017,
MANGLMCEM,EQ,154.0,154.0,142.45,148.25,147.85,154.2,45017,6634858.45,12-MAY-2020,833,INE347A01017,
MANINDS,EQ,38.55,38.8,36.95,38.4,38.25,39.1,91124,3461607.45,12-MAY-2020,565,INE993A01026,
MANINFRA,EQ,16.3,16.7,15.75,16.4,16.35,16.45,99107,1604017.05,12-MAY-2020,554,INE949H01023,
MANUGRAPH,EQ,7.0,7.0,6.5,6.55,6.5,6.8,50318,330503.15,12-MAY-2020,102,INE867A01022,
MANXT50,EQ,231.0,233.4,229.8,232.8,232.8,233.3,651,150463.95,12-MAY-2020,22,INF769K01FN2,
MARALOVER,EQ,11.1,11.6,11.1,11.35,11.45,11.65,2155,24036.2,12-MAY-2020,12,INE882A01013,
MARATHON,EQ,45.25,45.3,43.0,44.8,44.0,44.35,629,27834.8,12-MAY-2020,34,INE182D01020,
MARICO,EQ,299.0,304.0,297.55,299.25,298.7,303.1,1977948,594023979.3,12-MAY-2020,27196,INE196A01026,
MARKSANS,EQ,18.95,18.95,18.05,18.4,18.55,18.8,613530,11266647.9,12-MAY-2020,3241,INE750C01026,
MARUTI,EQ,4914.0,4985.0,4690.05,4951.3,4951.95,4937.8,3124772,15149326903.7,12-MAY-2020,229570,INE585B01010,
MASFIN,EQ,560.3,579.0,532.2,562.95,564.0,560.2,9285,5151205.8,12-MAY-2020,719,INE348L01012,
MASTEK,EQ,264.5,264.9,249.6,260.1,260.0,263.95,27610,7062045.65,12-MAY-2020,2446,INE759A01021,
MATRIMONY,EQ,317.95,331.6,315.0,323.3,320.05,320.4,1326,425530.55,12-MAY-2020,490,INE866R01028,
MAWANASUG,EQ,22.9,22.9,22.0,22.35,22.2,22.7,13310,295399.7,12-MAY-2020,141,INE636A01039,
MAXINDIA,EQ,59.9,59.9,57.85,59.2,59.7,59.45,67098,3932373.95,12-MAY-2020,877,INE153U01017,
MAXVIL,EQ,29.2,29.25,27.25,29.0,29.15,28.75,36791,1058065.5,12-MAY-2020,263,INE154U01015,
MAYURUNIQ,EQ,148.75,151.95,140.1,146.85,147.0,145.15,27406,3970853.4,12-MAY-2020,1318,INE040D01038,
MAZDA,EQ,250.05,250.05,242.5,245.45,247.45,246.65,9069,2216819.7,12-MAY-2020,232,INE885E01034,
MBECL,BE,2.75,2.85,2.7,2.85,2.85,2.75,19312,53270.65,12-MAY-2020,25,INE748A01016,
MBLINFRA,BE,4.65,4.65,4.45,4.6,4.6,4.55,33135,151639.15,12-MAY-2020,58,INE912H01013,
MCDHOLDING,BE,18.6,19.3,18.55,19.15,19.15,19.5,6629,124605.1,12-MAY-2020,65,INE836H01014,
MCDOWELL-N,EQ,490.0,508.4,487.7,505.5,505.25,493.2,3129346,1558259754.95,12-MAY-2020,64236,INE854D01024,
MCLEODRUSS,BE,5.3,5.3,4.8,4.85,4.9,5.05,953529,4828871.0,12-MAY-2020,1586,INE942G01012,
MCX,EQ,1114.8,1125.4,1100.85,1110.55,1114.9,1116.15,113635,126357347.95,12-MAY-2020,8121,INE745G01035,
MEGASOFT,EQ,5.85,6.0,5.8,6.0,6.0,6.0,13032,77622.85,12-MAY-2020,20,INE933B01012,
MEGH,EQ,45.1,46.9,44.2,46.3,46.8,45.5,457600,20774976.2,12-MAY-2020,2840,INE974H01013,
MENONBE,EQ,32.0,33.0,31.3,32.8,32.8,32.2,10922,355717.8,12-MAY-2020,138,INE071D01033,
MEP,BE,17.25,17.95,17.0,17.65,17.4,17.85,48212,841254.4,12-MAY-2020,205,INE776I01010,
MERCATOR,BE,0.7,0.7,0.65,0.7,0.65,0.7,108718,74984.4,12-MAY-2020,112,INE934B01028,
METALFORGE,BE,4.0,4.25,3.85,3.85,3.85,4.05,1726,6919.55,12-MAY-2020,15,INE425A01011,
METROPOLIS,EQ,1211.95,1229.0,1201.1,1226.2,1221.0,1210.2,58889,71803344.1,12-MAY-2020,4101,INE112L01020,
MFSL,EQ,441.0,453.55,441.0,446.9,445.3,441.0,1376291,615328411.85,12-MAY-2020,23740,INE180A01020,
MGL,EQ,895.0,915.15,877.65,906.6,910.0,900.1,421098,376918415.85,12-MAY-2020,12913,INE002S01010,
MHRIL,EQ,146.7,158.0,140.4,148.6,151.0,148.35,415852,61668438.95,12-MAY-2020,8876,INE998I01010,
MIC,BE,0.55,0.65,0.55,0.55,0.55,0.6,54758,31710.5,12-MAY-2020,38,INE287C01029,
MIDHANI,EQ,199.5,201.8,196.0,200.0,199.7,202.15,328888,65417868.7,12-MAY-2020,5897,INE099Z01011,
MINDACORP,EQ,57.9,58.0,54.7,55.85,55.95,58.1,442290,24588074.25,12-MAY-2020,4597,INE842C01021,
MINDAIND,EQ,244.5,247.75,238.5,244.0,244.95,245.3,239910,58377755.0,12-MAY-2020,8268,INE405E01023,
MINDTECK,EQ,18.95,19.0,17.45,18.8,18.95,19.0,2362,43333.65,12-MAY-2020,55,INE110B01017,
MINDTREE,EQ,890.85,903.0,867.75,887.4,885.0,890.6,611235,543007444.1,12-MAY-2020,18624,INE018I01017,
MIRCELECTR,EQ,4.85,4.85,4.65,4.65,4.65,4.85,203346,952157.15,12-MAY-2020,310,INE831A01028,
MIRZAINT,EQ,38.6,39.0,37.25,37.9,37.9,39.25,150401,5714175.45,12-MAY-2020,1404,INE771A01026,
MITTAL,EQ,117.0,118.5,116.5,118.35,118.5,116.2,155488,18299081.85,12-MAY-2020,1205,INE997Y01019,
MMFL,EQ,171.0,171.0,162.0,167.3,167.85,165.4,1773,290898.1,12-MAY-2020,126,INE227C01017,
MMP,EQ,49.0,50.0,46.55,49.85,50.0,49.3,3138,154952.55,12-MAY-2020,52,INE511Y01018,
MMTC,EQ,13.8,13.9,13.2,13.4,13.45,13.8,387362,5187628.55,12-MAY-2020,1179,INE123F01029,
MOHITIND,EQ,3.05,3.15,3.05,3.15,3.15,3.0,3578,10913.9,12-MAY-2020,3,INE954E01012,
MOHOTAIND,EQ,6.0,6.0,6.0,6.0,6.0,6.3,1385,8310.0,12-MAY-2020,14,INE313D01013,
MOIL,EQ,124.45,124.65,121.2,121.65,121.6,124.7,271993,33309735.85,12-MAY-2020,6149,INE490G01020,
MOLDTECH,EQ,32.0,33.25,31.35,32.05,32.95,32.95,9162,295412.7,12-MAY-2020,185,INE835B01035,
MOLDTKPAC,EQ,176.95,180.0,175.0,178.9,179.5,177.6,12932,2295492.4,12-MAY-2020,491,INE893J01029,
MONTECARLO,EQ,144.05,146.35,140.25,143.0,142.85,144.55,3309,472023.9,12-MAY-2020,267,INE950M01013,
MORARJEE,EQ,9.35,9.35,9.0,9.05,9.3,9.45,173,1583.05,12-MAY-2020,9,INE161G01027,
MOREPENLAB,EQ,16.5,16.55,15.75,15.95,16.1,16.55,965530,15388315.1,12-MAY-2020,3120,INE083A01026,
MOTHERSUMI,EQ,80.7,82.9,77.7,82.05,82.3,80.45,26806988,2134950856.15,12-MAY-2020,90891,INE775A01035,
MOTILALOFS,EQ,497.55,507.0,480.2,502.4,507.0,512.3,195905,97184134.65,12-MAY-2020,5619,INE338I01027,
MOTOGENFIN,EQ,31.95,31.95,28.4,31.05,31.0,30.9,2396,73926.45,12-MAY-2020,59,INE861B01015,
MPHASIS,EQ,775.1,811.55,752.95,806.4,809.5,777.7,376055,300064744.15,12-MAY-2020,15478,INE356A01018,
MPSLTD,EQ,251.7,251.7,240.55,246.3,245.05,247.85,1533,375885.65,12-MAY-2020,147,INE943D01017,
MRF,EQ,58500.0,58629.9,57318.85,57632.1,57505.05,58791.2,8179,473297313.65,12-MAY-2020,5954,INE883A01011,
MRO-TEK,EQ,20.75,20.75,20.75,20.75,20.75,21.8,402,8341.5,12-MAY-2020,4,INE398B01018,
MRPL,EQ,28.65,28.95,27.6,27.8,28.0,28.65,502819,14176940.1,12-MAY-2020,2677,INE103A01014,
MSPL,BE,4.5,4.5,4.3,4.3,4.3,4.5,348,1536.6,12-MAY-2020,10,INE752G01015,
MSTCLTD,EQ,92.6,96.0,90.9,93.6,94.5,94.75,87174,8132208.7,12-MAY-2020,1069,INE255X01014,
MTEDUCARE,EQ,10.45,10.6,9.7,10.25,10.15,10.15,28202,282642.7,12-MAY-2020,121,INE472M01018,
MTNL,EQ,6.85,6.9,6.7,6.85,6.8,6.85,373768,2545071.25,12-MAY-2020,6379,INE153A01019,
MUKANDENGG,BE,7.25,7.6,7.25,7.6,7.6,7.25,92,672.95,12-MAY-2020,5,INE022B01014,
MUKANDLTD,EQ,17.95,18.75,17.1,17.55,17.8,17.95,15365,267344.55,12-MAY-2020,86,INE304A01026,
MUKTAARTS,EQ,19.4,19.45,18.35,18.95,19.0,19.1,3738,70715.15,12-MAY-2020,150,INE374B01019,
MUNJALAU,EQ,35.1,35.7,34.55,35.35,35.35,35.85,62324,2186068.9,12-MAY-2020,729,INE672B01032,
MUNJALSHOW,EQ,71.65,75.95,71.4,74.2,75.5,72.35,8326,609662.9,12-MAY-2020,193,INE577A01027,
MURUDCERA,EQ,11.9,11.9,11.25,11.6,11.8,11.9,11058,127367.6,12-MAY-2020,110,INE692B01014,
MUTHOOTCAP,EQ,268.0,268.0,260.0,261.0,260.0,267.5,7378,1937087.9,12-MAY-2020,381,INE296G01013,
MUTHOOTFIN,EQ,823.0,827.0,798.0,816.1,819.9,825.55,1377777,1121880577.95,12-MAY-2020,41494,INE414G01012,
N100,EQ,699.95,766.1,683.0,689.1,689.0,684.04,39864,27526879.23,12-MAY-2020,1854,INF247L01031,
NACLIND,EQ,24.15,24.8,23.9,24.45,24.45,24.6,8696,209966.1,12-MAY-2020,100,INE295D01020,
NAGAFERT,BE,4.0,4.0,3.75,3.85,3.8,3.9,102148,390501.2,12-MAY-2020,218,INE454M01024,
NAGREEKEXP,EQ,10.0,10.2,9.45,9.65,9.95,10.35,3435,33364.25,12-MAY-2020,36,INE123B01028,
NAHARCAP,EQ,57.0,57.0,52.55,53.85,54.9,54.5,1584,86497.9,12-MAY-2020,62,INE049I01012,
NAHARINDUS,EQ,19.8,21.0,19.75,20.7,21.0,20.35,1664,34205.1,12-MAY-2020,53,INE289A01011,
NAHARPOLY,EQ,39.0,39.0,37.1,38.85,37.65,39.05,9915,377629.3,12-MAY-2020,141,INE308A01027,
NAHARSPING,EQ,31.0,32.0,29.85,31.7,31.65,31.1,5461,169428.6,12-MAY-2020,104,INE290A01027,
NAM-INDIA,EQ,237.9,240.7,230.5,239.1,239.5,238.55,879601,207664529.05,12-MAY-2020,13934,INE298J01013,
NATCOPHARM,EQ,616.0,619.0,602.5,611.15,612.0,614.15,105955,64701899.05,12-MAY-2020,6019,INE987B01026,
NATHBIOGEN,EQ,284.25,302.25,284.2,301.15,302.25,287.9,58781,17268283.3,12-MAY-2020,645,INE448G01010,
NATIONALUM,EQ,27.8,28.0,26.9,27.1,27.2,27.95,14291470,387863784.5,12-MAY-2020,94434,INE139A01034,
NATNLSTEEL,EQ,1.85,1.85,1.85,1.85,1.85,1.8,100,185.0,12-MAY-2020,2,INE088B01015,
NAUKRI,EQ,2570.0,2623.85,2500.0,2525.45,2542.0,2570.95,322142,819919775.1,12-MAY-2020,31253,INE663F01024,
NAVINFLUOR,EQ,1428.0,1428.0,1394.0,1409.6,1419.9,1429.4,86696,122016944.1,12-MAY-2020,12329,INE048G01026,
NAVKARCORP,EQ,23.3,23.35,22.3,22.5,22.4,23.2,457269,10437753.0,12-MAY-2020,1974,INE278M01019,
NAVNETEDUL,EQ,71.0,71.6,69.65,70.9,70.7,70.7,33831,2391799.45,12-MAY-2020,305,INE060A01024,
NBCC,EQ,17.9,17.9,17.35,17.7,17.75,18.0,3421959,60069447.1,12-MAY-2020,13459,INE095N01031,
NBIFIN,EQ,1300.2,1369.9,1285.2,1300.6,1300.0,1350.85,62,82082.45,12-MAY-2020,21,INE365I01020,
NBVENTURES,EQ,34.9,35.1,34.05,35.0,35.0,34.95,65624,2286300.05,12-MAY-2020,432,INE725A01022,
NCC,EQ,23.3,23.6,21.25,23.35,23.35,23.5,28996790,650184610.05,12-MAY-2020,47535,INE868B01028,
NCLIND,EQ,66.0,66.9,64.2,65.2,65.15,66.9,33185,2156196.6,12-MAY-2020,614,INE732C01016,
NDGL,EQ,420.0,465.9,418.0,425.55,418.0,432.05,109,46739.35,12-MAY-2020,23,INE756C01015,
NDL,EQ,14.2,14.7,14.1,14.4,14.35,14.4,25011,358225.35,12-MAY-2020,123,INE875G01030,
NDTV,EQ,31.85,36.15,31.85,36.15,36.15,30.15,613979,21629857.6,12-MAY-2020,3554,INE155G01029,
NECCLTD,EQ,5.4,5.45,5.05,5.2,5.2,5.2,6980,36361.75,12-MAY-2020,42,INE553C01016,
NECLIFE,EQ,13.2,13.35,12.8,13.05,13.1,13.15,61388,799081.7,12-MAY-2020,304,INE023H01027,
NELCAST,EQ,39.25,39.95,37.5,38.4,38.5,39.6,48448,1852945.45,12-MAY-2020,649,INE189I01024,
NELCO,BE,160.0,164.9,158.25,160.4,160.0,161.15,4696,755751.15,12-MAY-2020,117,INE045B01015,
NEOGEN,BE,444.0,444.0,417.0,425.2,434.9,438.2,6931,2931791.2,12-MAY-2020,446,INE136S01016,
NESCO,EQ,411.25,414.2,401.95,408.05,407.0,412.45,98593,40262324.25,12-MAY-2020,2510,INE317F01035,
NESTLEIND,EQ,17609.0,17777.0,17385.0,17461.95,17455.35,17562.1,238937,4186280982.85,12-MAY-2020,51356,INE239A01016,
NETF,EQ,108.0,109.5,102.4,105.0,105.0,107.96,20,2118.7,12-MAY-2020,8,INF277K015R5,
NETFCONSUM,EQ,53.0,53.0,50.66,52.0,52.0,52.72,1365,70447.93,12-MAY-2020,52,INF204KA1LD7,
NETFDIVOPP,EQ,24.22,25.69,23.9,24.59,25.0,24.25,4124,100645.15,12-MAY-2020,37,INF204KA1MS3,
NETFLTGILT,EQ,21.83,22.3,21.43,21.92,21.9,21.7,16162,354364.58,12-MAY-2020,162,INF204KB1882,
NETFMID150,EQ,49.55,50.09,48.81,49.27,49.3,49.54,21791,1069600.5,12-MAY-2020,215,INF204KB1V68,
NETFNIF100,EQ,103.0,106.22,99.3,104.75,104.75,100.58,1110,114752.03,12-MAY-2020,62,INF204K014N5,
NETFNV20,EQ,48.42,49.22,47.27,48.95,49.22,48.09,6181,297210.1,12-MAY-2020,74,INF204KB18I3,
NETWORK18,EQ,24.35,24.65,23.55,24.65,24.65,23.5,1536775,37541180.7,12-MAY-2020,2423,INE870H01013,
NEULANDLAB,EQ,419.0,425.0,415.05,420.85,423.9,419.1,5424,2272984.05,12-MAY-2020,270,INE794A01010,
NEWGEN,EQ,150.0,153.0,136.0,147.5,149.0,150.25,21384,3072837.35,12-MAY-2020,767,INE619B01017,
NEXTMEDIA,BE,4.5,4.5,4.15,4.5,4.5,4.3,1961,8474.5,12-MAY-2020,4,INE747B01016,
NFL,EQ,23.95,24.3,23.25,24.0,23.9,23.95,709710,16813744.45,12-MAY-2020,2671,INE870D01012,
NH,EQ,272.0,272.9,263.05,266.1,266.05,269.9,30749,8157428.35,12-MAY-2020,3273,INE410P01011,
NHPC,EQ,19.95,19.95,19.4,19.45,19.45,20.0,4118342,80510282.15,12-MAY-2020,14538,INE848E01016,
NIACL,EQ,119.9,124.9,114.85,119.8,119.2,119.1,202252,24020107.45,12-MAY-2020,4720,INE470Y01017,
NIBL,BE,4.6,4.6,4.2,4.2,4.2,4.4,1109,4708.7,12-MAY-2020,11,INE047O01014,
NIFTYBEES,EQ,98.19,98.85,96.21,97.96,97.99,98.21,1596323,155008322.19,12-MAY-2020,14095,INF204KB14I2,
NIFTYEES,EQ,10600.0,12009.57,10600.0,12009.57,12009.57,11910.0,3,34618.57,12-MAY-2020,3,INF754K01EK3,
NIITLTD,EQ,83.95,87.85,83.05,86.5,86.8,84.05,2292647,199041584.95,12-MAY-2020,20764,INE161A01038,
NIITTECH,EQ,1420.0,1454.9,1396.1,1431.0,1427.1,1436.6,649246,928080350.5,12-MAY-2020,43251,INE591G01017,
NILAINFRA,EQ,2.95,3.05,2.9,3.0,3.05,2.95,101556,302310.4,12-MAY-2020,122,INE937C01029,
NILASPACES,EQ,0.7,0.7,0.65,0.7,0.65,0.65,182060,124646.05,12-MAY-2020,54,INE00S901012,
NILKAMAL,EQ,1012.85,1019.2,1000.0,1002.8,1003.0,1010.6,5242,5283404.0,12-MAY-2020,652,INE310A01015,
NIPPOBATRY,EQ,445.0,455.0,442.0,451.25,446.5,451.6,449,200594.6,12-MAY-2020,69,INE567A01010,
NITCO,EQ,15.3,15.3,14.65,14.95,15.0,15.15,6286,93235.85,12-MAY-2020,75,INE858F01012,
NITINSPIN,EQ,29.45,30.0,29.4,29.5,29.45,29.7,10384,308160.0,12-MAY-2020,122,INE229H01012,
NKIND,EQ,11.65,11.65,11.65,11.65,11.65,11.1,1521,17719.65,12-MAY-2020,9,INE542C01019,
NLCINDIA,EQ,42.7,42.7,41.9,42.0,42.0,42.7,383864,16126894.95,12-MAY-2020,4409,INE589A01014,
NMDC,EQ,72.1,72.7,69.85,70.95,71.1,72.4,3739093,265429073.7,12-MAY-2020,27254,INE584A01023,
NOCIL,EQ,83.9,84.7,81.2,83.2,83.2,84.55,1385000,114465337.95,12-MAY-2020,9529,INE163A01018,
NOIDATOLL,EQ,3.2,3.2,3.1,3.15,3.1,3.2,28315,88776.5,12-MAY-2020,65,INE781B01015,
NPBET,EQ,105.0,105.0,105.0,105.0,105.0,108.67,505,53025.0,12-MAY-2020,10,INF277K010X4,
NRAIL,EQ,178.35,178.35,171.0,171.65,171.4,175.0,4695,809950.25,12-MAY-2020,312,INE740D01017,
NRBBEARING,EQ,63.05,63.9,61.1,62.4,62.2,63.9,73478,4557889.45,12-MAY-2020,1813,INE349A01021,
NSIL,EQ,591.95,619.0,591.0,616.5,619.0,602.9,82,49495.25,12-MAY-2020,30,INE023A01030,
NTL,EQ,0.6,0.6,0.6,0.6,0.6,0.6,100,60.0,12-MAY-2020,1,INE333I01036,
NTPC,EQ,86.5,93.25,85.65,91.65,91.8,86.65,18125053,1623391859.7,12-MAY-2020,142943,INE733E01010,
NUCLEUS,EQ,216.95,216.95,209.1,212.9,213.3,213.85,11345,2398903.55,12-MAY-2020,506,INE096B01018,
NXTDIGITAL,EQ,316.2,319.65,316.0,316.5,316.0,319.65,2552,807224.7,12-MAY-2020,78,INE353A01023,
OAL,EQ,152.05,153.0,148.2,152.55,153.0,153.5,597,90489.1,12-MAY-2020,27,INE959C01023,
OBEROIRLTY,EQ,326.05,337.0,315.05,334.45,335.0,328.45,285860,93341846.35,12-MAY-2020,11389,INE093I01010,
OCCL,EQ,591.1,596.0,586.0,590.95,586.0,591.1,6028,3538983.95,12-MAY-2020,214,INE321D01016,
OFSS,EQ,2520.0,2555.7,2481.2,2541.35,2549.0,2490.4,106452,269071027.1,12-MAY-2020,9148,INE881D01027,
OIL,EQ,88.6,88.6,85.0,85.05,85.1,87.8,986569,84358990.0,12-MAY-2020,9980,INE274J01014,
OILCOUNTUB,BE,4.15,4.35,4.15,4.25,4.25,4.35,4968,21067.65,12-MAY-2020,16,INE591A01010,
OISL,BE,1.9,1.9,1.9,1.9,1.9,2.0,11363,21589.7,12-MAY-2020,28,INE196J01019,
OLECTRA,EQ,65.5,69.0,63.65,64.5,64.2,66.95,25482,1661996.9,12-MAY-2020,423,INE260D01016,
OMAXAUTO,EQ,22.3,23.9,22.2,22.9,22.9,23.3,5704,128674.1,12-MAY-2020,100,INE090B01011,
OMAXE,EQ,162.0,163.2,157.8,162.75,163.2,159.45,283959,45614155.5,12-MAY-2020,3608,INE800H01010,
OMKARCHEM,BE,4.0,4.0,4.0,4.0,4.0,4.2,10,40.0,12-MAY-2020,1,INE474L01016,
OMMETALS,EQ,12.4,12.4,11.75,11.9,11.9,11.9,34687,414864.2,12-MAY-2020,126,INE239D01028,
ONELIFECAP,EQ,6.9,6.9,6.7,6.7,6.7,6.6,2381,16372.7,12-MAY-2020,14,INE912L01015,
ONEPOINT,EQ,12.25,12.85,11.7,12.65,12.75,12.25,17559,218624.7,12-MAY-2020,43,INE840Y01011,
ONGC,EQ,76.95,77.35,74.5,76.3,76.5,77.05,14186808,1077427291.05,12-MAY-2020,59086,INE213A01029,
ONMOBILE,EQ,26.85,27.2,25.85,27.1,27.0,26.45,125942,3375780.7,12-MAY-2020,284,INE809I01019,
ONWARDTEC,EQ,42.9,42.9,40.6,42.7,42.75,41.65,3503,146388.85,12-MAY-2020,117,INE229A01017,
OPTIEMUS,BE,19.75,19.75,19.75,19.75,19.75,20.75,534,10546.5,12-MAY-2020,12,INE350C01017,
OPTOCIRCUI,BE,4.25,4.25,4.25,4.25,4.25,4.05,123210,523642.5,12-MAY-2020,97,INE808B01016,
ORBTEXP,EQ,57.5,57.5,48.8,52.8,52.05,55.45,44605,2320881.3,12-MAY-2020,924,INE231G01010,
ORICONENT,EQ,12.9,12.9,12.1,12.45,12.45,12.75,39622,489880.25,12-MAY-2020,165,INE730A01022,
ORIENTABRA,EQ,13.5,13.6,12.6,12.9,13.0,13.55,10354,133793.5,12-MAY-2020,167,INE569C01020,
ORIENTALTL,EQ,6.5,6.95,6.5,6.5,6.65,6.75,1694,11149.7,12-MAY-2020,16,INE998H01012,
ORIENTBELL,EQ,60.95,60.95,54.0,54.7,54.85,59.95,75281,4109493.65,12-MAY-2020,988,INE607D01018,
ORIENTCEM,EQ,36.05,36.45,35.1,36.0,36.0,35.95,296753,10656248.95,12-MAY-2020,3044,INE876N01018,
ORIENTELEC,EQ,170.0,171.0,167.05,168.5,168.0,170.0,252304,42780637.75,12-MAY-2020,5778,INE142Z01019,
ORIENTHOT,EQ,16.15,17.5,16.15,17.45,17.5,16.8,20324,348731.0,12-MAY-2020,175,INE750A01020,
ORIENTLTD,EQ,61.2,66.85,61.2,66.75,66.8,63.7,135,8799.2,12-MAY-2020,17,INE609C01024,
ORIENTPPR,EQ,17.6,17.8,16.4,16.5,16.5,17.65,1514166,25135850.0,12-MAY-2020,14506,INE592A01026,
ORIENTREF,EQ,141.95,141.95,132.0,133.1,133.0,138.75,23945,3206603.3,12-MAY-2020,673,INE743M01012,
ORISSAMINE,EQ,1285.05,1347.15,1272.0,1320.5,1322.0,1300.25,3530,4611122.3,12-MAY-2020,847,INE725E01024,
ORTINLABSS,BE,13.45,13.45,13.45,13.45,13.45,12.85,10698,143888.1,12-MAY-2020,60,INE749B01012,
OSWALAGRO,EQ,6.1,6.5,5.9,6.15,6.25,6.3,56538,347801.95,12-MAY-2020,174,INE142A01012,
PAEL,EQ,1.9,1.9,1.9,1.9,1.9,1.9,500,950.0,12-MAY-2020,2,INE766A01018,
PAGEIND,EQ,17445.05,17445.1,16855.8,17022.05,17023.0,17379.95,21146,360989973.6,12-MAY-2020,8132,INE761H01022,
PAISALO,EQ,159.15,159.15,153.15,155.0,154.4,159.9,279,43371.45,12-MAY-2020,56,INE420C01042,
PALASHSECU,EQ,19.0,19.95,18.1,19.95,19.95,19.0,4372,81730.25,12-MAY-2020,25,INE471W01019,
PALREDTEC,EQ,12.3,12.45,11.8,12.45,12.45,12.4,834,10006.25,12-MAY-2020,6,INE218G01033,
PANACEABIO,EQ,163.7,163.7,153.0,163.7,163.7,155.95,236275,38170983.1,12-MAY-2020,4676,INE922B01023,
PANACHE,EQ,33.5,36.15,33.3,33.35,33.3,35.05,8868,309092.95,12-MAY-2020,23,INE895W01019,
PANAMAPET,EQ,32.55,33.65,32.25,32.55,32.95,33.9,14446,469266.1,12-MAY-2020,140,INE305C01029,
PAPERPROD,EQ,200.3,200.3,196.55,198.5,200.0,200.25,18904,3749677.7,12-MAY-2020,1150,INE275B01026,
PARACABLES,EQ,6.3,6.45,6.1,6.15,6.2,6.25,42996,265571.15,12-MAY-2020,117,INE074B01023,
PARAGMILK,EQ,86.95,87.5,82.95,86.85,87.4,86.95,157758,13438330.75,12-MAY-2020,2496,INE883N01014,
PARSVNATH,BE,2.35,2.35,2.2,2.2,2.2,2.3,81103,180617.05,12-MAY-2020,92,INE561H01026,
PATELENG,EQ,11.2,11.7,10.75,11.35,11.45,11.2,131996,1457484.45,12-MAY-2020,521,INE244B01030,
PATINTLOG,EQ,17.95,18.0,16.7,17.45,18.0,17.45,10569,181505.65,12-MAY-2020,53,INE529D01014,
PATSPINLTD,BE,2.65,2.85,2.65,2.85,2.85,2.75,3001,8152.65,12-MAY-2020,4,INE790C01014,
PCJEWELLER,BE,11.2,11.2,10.6,10.85,10.9,11.05,519836,5637162.45,12-MAY-2020,2148,INE785M01013,
PDMJEPAPER,EQ,12.0,12.0,11.6,11.7,11.65,12.0,25078,293995.55,12-MAY-2020,105,INE865T01018,
PDSMFL,EQ,253.5,268.6,240.2,244.5,248.65,252.05,3296,822911.2,12-MAY-2020,210,INE111Q01013,
PEARLPOLY,EQ,11.25,11.7,11.2,11.3,11.6,11.7,623,7146.1,12-MAY-2020,10,INE844A01013,
PEL,EQ,873.0,913.6,802.3,897.95,906.5,931.6,8409962,7269233820.85,12-MAY-2020,264880,INE140A01024,
PENIND,EQ,17.25,17.5,16.65,17.05,17.05,17.3,186317,3218027.2,12-MAY-2020,364,INE932A01024,
PENINLAND,BE,2.75,2.95,2.75,2.95,2.95,2.85,62149,178410.15,12-MAY-2020,62,INE138A01028,
PERSISTENT,EQ,522.1,530.0,517.0,521.9,522.0,528.55,127983,66955341.2,12-MAY-2020,8349,INE262H01013,
PETRONET,EQ,230.15,233.75,228.85,231.1,231.3,234.25,1738509,402524995.65,12-MAY-2020,33579,INE347G01014,
PFC,EQ,83.25,83.65,81.65,82.7,83.05,84.05,4773617,394407606.1,12-MAY-2020,36720,INE134E01011,
PFIZER,EQ,4498.5,4498.85,4337.0,4362.2,4363.55,4512.2,67512,295855943.05,12-MAY-2020,12327,INE182A01018,
PFOCUS,EQ,27.85,28.0,27.0,27.95,28.0,28.05,16017,442938.45,12-MAY-2020,134,INE367G01038,
PFS,EQ,8.65,8.65,8.4,8.5,8.5,8.6,243997,2064610.45,12-MAY-2020,676,INE560K01014,
PGEL,EQ,37.05,37.05,34.7,35.75,35.0,36.2,15214,536939.4,12-MAY-2020,319,INE457L01011,
PGHH,EQ,10139.95,10225.0,9924.0,10189.35,10224.5,10048.75,2687,27025301.65,12-MAY-2020,1261,INE179A01014,
PGHL,EQ,4099.0,4149.0,4040.4,4118.65,4109.0,4096.9,11462,46804339.95,12-MAY-2020,1857,INE199A01012,
PGIL,EQ,96.45,96.75,93.1,95.0,94.95,93.3,245,23251.25,12-MAY-2020,40,INE940H01014,
PHILIPCARB,EQ,74.8,75.0,71.6,74.1,74.15,75.05,165453,12137351.75,12-MAY-2020,2455,INE602A01023,
PHOENIXLTD,EQ,515.5,524.9,512.3,518.85,521.0,523.0,61820,32024593.05,12-MAY-2020,5893,INE211B01039,
PIDILITIND,EQ,1370.0,1379.85,1335.75,1356.0,1354.2,1377.45,667788,905830882.55,12-MAY-2020,36554,INE318A01026,
PIIND,EQ,1524.9,1539.0,1510.0,1512.85,1511.0,1519.4,94437,143713796.8,12-MAY-2020,10125,INE603J01030,
PILANIINVS,EQ,1240.05,1240.05,1220.0,1231.95,1231.0,1253.65,138,169589.05,12-MAY-2020,34,INE417C01014,
PILITA,EQ,4.0,4.0,3.3,3.85,3.85,4.0,15737,59203.7,12-MAY-2020,104,INE600A01035,
PIONDIST,BE,97.8,99.65,95.0,98.45,98.45,97.85,1327,127728.25,12-MAY-2020,37,INE889E01010,
PIONEEREMB,EQ,17.0,17.0,16.5,16.5,16.5,16.85,626,10381.4,12-MAY-2020,16,INE156C01018,
PITTIENG,EQ,22.5,22.9,20.25,22.25,22.7,22.15,11403,252095.35,12-MAY-2020,97,INE450D01021,
PKTEA,BE,82.95,91.6,82.95,87.0,87.0,87.25,185,16316.2,12-MAY-2020,10,INE431F01018,
PLASTIBLEN,EQ,130.05,131.65,126.05,128.85,129.5,131.7,2549,326329.35,12-MAY-2020,152,INE083C01022,
PNB,EQ,28.5,29.2,27.9,28.7,28.7,28.8,21778060,618405826.85,12-MAY-2020,37967,INE160A01022,
PNBGILTS,EQ,25.25,25.5,24.85,25.4,25.4,25.3,77143,1938414.75,12-MAY-2020,370,INE859A01011,
PNBHOUSING,EQ,170.55,177.95,167.7,175.8,176.0,175.0,1024454,175697496.55,12-MAY-2020,4915,INE572E01012,
PNC,EQ,11.35,11.55,10.6,11.2,11.2,11.35,5693,63208.55,12-MAY-2020,39,INE392B01011,
PNCINFRA,EQ,105.7,108.7,102.2,106.25,107.5,106.2,54713,5724343.2,12-MAY-2020,1381,INE195J01029,
PODDARHOUS,EQ,167.0,167.0,154.05,158.9,155.4,160.35,255,40062.05,12-MAY-2020,35,INE888B01018,
PODDARMENT,EQ,139.05,139.05,131.0,137.35,138.7,140.05,4218,567839.7,12-MAY-2020,283,INE371C01013,
POKARNA,BE,119.25,119.25,107.95,116.75,117.0,113.6,259509,29267329.3,12-MAY-2020,801,INE637C01025,
POLYCAB,EQ,675.8,675.8,662.0,668.35,671.05,674.15,120429,80370801.0,12-MAY-2020,12795,INE455K01017,
POLYMED,EQ,234.7,247.65,228.95,243.8,244.9,233.55,152498,36760090.45,12-MAY-2020,5655,INE205C01021,
POLYPLEX,EQ,426.0,429.0,422.05,425.3,426.0,428.15,18581,7882650.7,12-MAY-2020,1780,INE633B01018,
PONNIERODE,EQ,129.5,129.5,120.15,126.05,129.0,124.85,3265,407686.15,12-MAY-2020,97,INE838E01017,
POWERGRID,EQ,158.5,165.0,157.7,163.3,164.4,158.8,11243145,1803950119.95,12-MAY-2020,74240,INE752E01010,
POWERINDIA,EQ,806.0,809.0,801.55,806.05,804.2,803.75,22239,17902506.1,12-MAY-2020,1532,INE07Y701011,
POWERMECH,EQ,335.95,344.2,334.0,338.6,340.55,335.65,9141,3100662.35,12-MAY-2020,718,INE211R01019,
PPAP,EQ,160.95,170.0,159.0,168.35,166.4,162.8,8239,1362614.0,12-MAY-2020,416,INE095I01015,
PPL,EQ,40.8,41.0,39.15,39.5,39.45,41.15,32234,1276870.2,12-MAY-2020,265,INE050001010,
PRABHAT,EQ,64.1,64.55,64.05,64.3,64.15,64.15,19554,1255406.05,12-MAY-2020,92,INE302M01033,
PRAENG,EQ,6.45,6.65,6.05,6.05,6.05,6.7,66094,411416.35,12-MAY-2020,210,INE505C01016,
PRAJIND,EQ,55.7,56.0,53.85,54.5,54.45,56.25,1006629,55038633.35,12-MAY-2020,7139,INE074A01025,
PRAKASH,EQ,27.4,27.5,26.8,27.35,27.5,27.7,163904,4433002.95,12-MAY-2020,819,INE603A01013,
PRAKASHSTL,BE,0.3,0.3,0.25,0.3,0.3,0.3,327553,94092.3,12-MAY-2020,57,INE696K01024,
PRAXIS,EQ,26.85,27.05,24.55,24.55,24.55,25.8,24886,615958.25,12-MAY-2020,236,INE546Y01022,
PRECAM,EQ,26.0,27.0,24.55,25.6,25.0,26.0,18227,458303.7,12-MAY-2020,279,INE484I01029,
PRECOT,EQ,21.0,21.0,20.7,20.7,20.7,21.1,11,228.0,12-MAY-2020,4,INE283A01014,
PRECWIRE,EQ,81.7,81.75,77.05,79.85,80.0,79.0,3432,272201.8,12-MAY-2020,128,INE372C01029,
PREMEXPLN,BE,70.55,74.8,68.5,72.0,72.0,72.0,1061,75132.1,12-MAY-2020,34,INE863B01011,
PREMIER,EQ,1.25,1.35,1.25,1.35,1.35,1.3,2052,2725.1,12-MAY-2020,4,INE342A01018,
PREMIERPOL,EQ,21.9,21.9,18.55,18.95,18.95,20.5,1422,26882.1,12-MAY-2020,27,INE309M01012,
PRESSMN,EQ,15.8,16.4,15.2,15.35,15.35,15.7,20362,318751.3,12-MAY-2020,129,INE980A01023,
PRESTIGE,EQ,156.5,158.0,151.25,153.55,153.7,159.15,578320,88718863.15,12-MAY-2020,19274,INE811K01011,
PRICOLLTD,BE,42.4,42.4,40.0,41.55,41.7,41.0,14441,591463.85,12-MAY-2020,94,INE726V01018,
PRIMESECU,EQ,28.5,28.95,28.15,28.4,28.35,28.5,2060,58421.65,12-MAY-2020,129,INE032B01021,
PRINCEPIPE,EQ,85.5,85.5,80.8,83.15,83.45,85.9,128766,10609385.45,12-MAY-2020,3100,INE689W01016,
PROSEED,EQ,0.25,0.3,0.25,0.3,0.3,0.3,53691,13457.25,12-MAY-2020,14,INE217G01027,
PROZONINTU,BE,11.9,11.9,11.05,11.9,11.9,11.35,53799,634385.15,12-MAY-2020,254,INE195N01013,
PRSMJOHNSN,EQ,32.4,32.75,30.6,31.6,32.0,31.85,169356,5311438.8,12-MAY-2020,3086,INE010A01011,
PSB,EQ,13.0,13.0,12.5,12.8,12.9,13.1,83094,1056881.95,12-MAY-2020,488,INE608A01012,
PSPPROJECT,EQ,333.65,345.1,323.1,332.2,337.0,340.25,34850,11493418.4,12-MAY-2020,1659,INE488V01015,
PSUBNKBEES,EQ,12.83,12.93,12.5,12.85,12.9,12.83,122072,1548457.89,12-MAY-2020,417,INF204KB16I7,
PTC,EQ,37.25,37.45,36.85,37.05,37.4,37.45,435385,16129030.95,12-MAY-2020,2483,INE877F01012,
PTL,EQ,28.0,28.6,27.25,27.9,28.2,28.85,11626,324298.2,12-MAY-2020,155,INE034D01031,
PUNJABCHEM,EQ,430.05,434.95,416.0,425.2,427.95,430.05,499,211300.75,12-MAY-2020,74,INE277B01014,
PURVA,EQ,39.0,40.35,37.8,40.1,39.95,39.35,65229,2547669.4,12-MAY-2020,1170,INE323I01011,
PVR,EQ,895.0,914.95,875.25,909.15,908.65,902.6,1227844,1093025775.5,12-MAY-2020,44933,INE191H01014,
QGOLDHALF,EQ,2033.0,2038.0,2032.0,2037.0,2036.0,2036.7,1418,2887546.3,12-MAY-2020,52,INF082J01010,
QNIFTY,EQ,950.0,1020.2,934.0,945.0,945.0,950.0,363,343888.15,12-MAY-2020,42,INF082J01028,
QUESS,EQ,175.9,176.0,167.9,170.85,171.0,176.7,296793,50440507.95,12-MAY-2020,6145,INE615P01015,
QUICKHEAL,EQ,113.25,114.7,110.5,111.3,111.35,113.25,236578,26478070.55,12-MAY-2020,4089,INE306L01010,
RADAAN,EQ,1.15,1.15,1.15,1.15,1.15,1.2,500,575.0,12-MAY-2020,1,INE874F01027,
RADICO,EQ,299.1,300.95,294.0,298.0,298.8,303.85,448455,133670972.7,12-MAY-2020,11848,INE944F01028,
RADIOCITY,EQ,13.2,13.75,13.2,13.5,13.6,13.5,168212,2283248.1,12-MAY-2020,404,INE919I01024,
RAIN,EQ,69.45,70.25,68.05,68.6,68.55,69.65,1068343,73494067.4,12-MAY-2020,14737,INE855B01025,
RAJESHEXPO,EQ,543.7,544.0,527.15,529.5,530.9,539.25,57892,30816251.8,12-MAY-2020,4135,INE343B01030,
RAJSREESUG,BE,12.0,12.95,12.0,12.75,12.45,12.6,8415,106703.95,12-MAY-2020,34,INE562B01019,
RAJTV,EQ,31.9,38.25,31.0,38.25,38.25,31.9,27657,1020357.1,12-MAY-2020,450,INE952H01027,
RALLIS,EQ,218.5,218.8,211.45,213.75,214.0,218.5,361728,77369711.3,12-MAY-2020,16410,INE613A01020,
RAMANEWS,EQ,12.0,12.4,11.8,12.2,12.1,12.45,19501,236064.45,12-MAY-2020,193,INE278B01020,
RAMASTEEL,EQ,24.1,26.05,24.1,25.9,26.05,25.1,983,24797.35,12-MAY-2020,20,INE230R01027,
RAMCOCEM,EQ,528.05,528.85,509.85,521.25,522.7,530.25,1210435,625584014.2,12-MAY-2020,28587,INE331A01037,
RAMCOIND,EQ,118.8,119.8,112.65,113.5,113.2,120.4,85391,9775082.85,12-MAY-2020,1528,INE614A01028,
RAMCOSYS,EQ,73.6,75.4,73.2,74.2,73.6,74.4,19610,1457603.75,12-MAY-2020,448,INE246B01019,
RAMKY,EQ,28.85,29.45,28.05,29.3,29.45,28.85,22647,647234.9,12-MAY-2020,147,INE874I01013,
RANASUG,BE,2.95,2.95,2.8,2.85,2.85,2.9,145236,409749.0,12-MAY-2020,201,INE625B01014,
RANEENGINE,BE,182.45,182.45,165.25,178.0,178.0,173.8,104,17493.05,12-MAY-2020,14,INE222J01013,
RANEHOLDIN,EQ,370.0,370.0,365.0,370.0,368.8,370.15,3616,1333725.55,12-MAY-2020,101,INE384A01010,
RATNAMANI,EQ,887.5,887.5,875.05,883.35,885.0,887.5,4858,4286158.0,12-MAY-2020,1363,INE703B01027,
RAYMOND,EQ,225.95,225.95,220.05,224.45,225.0,224.85,137760,30801167.85,12-MAY-2020,3900,INE301A01014,
RBL,EQ,419.5,424.0,411.05,415.6,416.0,419.5,4984,2075042.65,12-MAY-2020,484,INE244J01017,
RBLBANK,EQ,114.85,118.4,111.2,116.75,116.95,117.1,37718421,4297653097.55,12-MAY-2020,183617,INE976G01028,
RCF,EQ,37.2,38.45,36.25,38.0,38.0,37.2,1910631,71682549.75,12-MAY-2020,7317,INE027A01015,
RCOM,BE,0.8,0.85,0.75,0.8,0.75,0.8,5611553,4391338.35,12-MAY-2020,2581,INE330H01018,
RECLTD,EQ,88.5,90.55,87.25,89.45,89.3,89.15,7238441,643080235.45,12-MAY-2020,42996,INE020B01018,
REDINGTON,EQ,86.0,89.2,84.25,86.75,86.2,85.55,1198928,104121073.9,12-MAY-2020,19029,INE891D01026,
REFEX,EQ,48.2,49.9,47.5,48.15,47.6,50.0,198262,9532416.5,12-MAY-2020,1405,INE056I01017,
RELAXO,EQ,614.85,616.9,605.0,612.8,615.0,612.3,105907,64650093.55,12-MAY-2020,6220,INE131B01039,
RELCAPITAL,BE,7.8,7.8,7.8,7.8,7.8,8.2,414867,3235962.6,12-MAY-2020,992,INE013A01015,
RELIANCE,EQ,1564.8,1568.35,1465.0,1479.25,1486.45,1576.8,46029119,69568011663.15,12-MAY-2020,807575,INE002A01018,
RELIGARE,EQ,23.8,23.8,22.7,23.25,23.5,23.55,40271,930631.0,12-MAY-2020,337,INE621H01010,
RELINFRA,BE,18.0,18.35,17.45,17.45,17.45,18.35,524995,9225536.25,12-MAY-2020,1646,INE036A01016,
REMSONSIND,EQ,56.4,56.45,52.75,54.7,54.7,53.1,3121,167118.8,12-MAY-2020,15,INE474C01015,
RENUKA,EQ,4.6,4.7,4.5,4.5,4.5,4.7,710762,3214781.35,12-MAY-2020,832,INE087H01022,
REPCOHOME,EQ,119.0,124.0,116.8,118.55,119.0,122.9,79710,9375181.05,12-MAY-2020,1982,INE612J01015,
REPRO,EQ,352.45,352.45,335.3,342.95,347.7,358.35,2577,879448.45,12-MAY-2020,261,INE461B01014,
RESPONIND,EQ,81.9,82.4,80.5,81.2,81.8,82.15,101489,8259376.55,12-MAY-2020,881,INE688D01026,
REVATHI,EQ,299.05,300.0,281.45,296.05,296.25,288.85,104,30413.9,12-MAY-2020,26,INE617A01013,
RGL,EQ,206.8,206.8,193.0,197.35,197.0,198.55,842,165394.05,12-MAY-2020,44,INE722H01016,
RHFL,BE,1.15,1.15,1.15,1.15,1.15,1.2,265063,304822.45,12-MAY-2020,403,INE217K01011,
RICOAUTO,EQ,27.1,27.5,26.1,26.65,26.75,27.0,191003,5119224.95,12-MAY-2020,1268,INE209B01025,
RIIL,EQ,277.85,279.6,262.55,271.15,272.5,277.5,206424,55614504.6,12-MAY-2020,5308,INE046A01015,
RITES,EQ,239.8,243.0,236.3,238.4,237.7,240.9,531598,127536370.9,12-MAY-2020,14866,INE320J01015,
RKDL,EQ,8.55,8.55,8.5,8.55,8.55,8.15,29292,250396.6,12-MAY-2020,86,INE722J01012,
RKFORGE,EQ,164.85,166.1,160.0,163.55,165.8,164.85,12970,2139947.35,12-MAY-2020,281,INE399G01015,
RMCL,BE,3.4,3.6,3.4,3.55,3.5,3.5,8681,30803.5,12-MAY-2020,18,INE172H01014,
RML,EQ,177.15,180.0,175.0,178.3,179.45,179.45,2350,416835.85,12-MAY-2020,176,INE050H01012,
RNAVAL,BE,1.0,1.05,0.95,1.0,1.05,1.0,5801141,5811548.55,12-MAY-2020,1311,INE542F01012,
ROHITFERRO,BE,0.45,0.5,0.45,0.45,0.45,0.45,6828,3323.4,12-MAY-2020,10,INE248H01012,
ROHLTD,EQ,42.0,42.0,39.7,41.05,41.0,42.05,55839,2272868.95,12-MAY-2020,564,INE283H01019,
ROLLT,BE,1.35,1.4,1.3,1.35,1.35,1.35,7662,10314.15,12-MAY-2020,17,INE927A01040,
ROLTA,BE,4.05,4.1,3.9,4.05,4.0,4.05,178398,711516.45,12-MAY-2020,171,INE293A01013,
ROSSELLIND,EQ,37.5,39.3,36.15,37.5,37.5,37.55,1676,62164.8,12-MAY-2020,47,INE847C01020,
RPGLIFE,EQ,237.95,239.75,225.95,233.95,232.6,239.75,37291,8634576.55,12-MAY-2020,1241,INE105J01010,
RPOWER,EQ,1.75,1.75,1.75,1.75,1.75,1.8,1500967,2626692.25,12-MAY-2020,1831,INE614G01033,
RPPINFRA,EQ,46.4,46.4,42.0,42.7,42.2,45.25,5973,259578.1,12-MAY-2020,46,INE324L01013,
RSSOFTWARE,EQ,14.45,14.5,14.1,14.1,14.15,14.45,3723,52927.85,12-MAY-2020,52,INE165B01029,
RSWM,EQ,65.0,65.0,63.55,63.8,64.0,65.65,10264,658137.35,12-MAY-2020,271,INE611A01016,
RSYSTEMS,EQ,84.3,86.25,83.95,84.7,86.2,84.5,11892,1002038.05,12-MAY-2020,326,INE411H01032,
RTNINFRA,BE,1.6,1.65,1.6,1.6,1.6,1.65,197471,316890.7,12-MAY-2020,87,INE834M01019,
RTNPOWER,EQ,1.25,1.25,1.2,1.2,1.25,1.25,1001860,1214432.85,12-MAY-2020,351,INE399K01017,
RUBYMILLS,EQ,126.0,129.8,124.05,127.3,126.6,129.7,993,125357.5,12-MAY-2020,89,INE301D01026,
RUCHI,BE,581.7,581.7,581.7,581.7,581.7,554.0,9607,5588391.9,12-MAY-2020,264,INE619A01035,
RUCHINFRA,BE,4.85,4.85,4.85,4.85,4.85,4.65,16151,78332.35,12-MAY-2020,22,INE413B01023,
RUCHIRA,EQ,38.25,38.8,37.8,38.5,38.4,38.45,16679,639987.15,12-MAY-2020,193,INE803H01014,
RUPA,EQ,142.85,146.1,139.25,144.3,144.2,142.75,11934,1711882.55,12-MAY-2020,504,INE895B01021,
RUSHIL,EQ,115.15,115.15,104.75,111.65,111.9,109.7,11541,1276956.05,12-MAY-2020,340,INE573K01017,
RVNL,EQ,18.0,18.0,17.25,18.0,18.0,17.15,12232951,218224380.9,12-MAY-2020,18013,INE415G01027,
S&SPOWER,BE,21.6,21.6,21.6,21.6,21.6,22.7,2312,49939.2,12-MAY-2020,9,INE902B01017,
SABEVENTS,BE,0.85,0.85,0.85,0.85,0.85,0.85,100,85.0,12-MAY-2020,1,INE860T01019,
SADBHAV,BE,64.9,65.65,59.45,59.45,59.45,62.55,333522,20673052.8,12-MAY-2020,1478,INE226H01026,
SADBHIN,EQ,25.7,25.7,23.3,23.3,23.3,24.5,284414,7057523.45,12-MAY-2020,1059,INE764L01010,
SAFARI,EQ,333.0,341.9,325.0,339.55,340.0,338.7,2447,822685.9,12-MAY-2020,260,INE429E01023,
SAGARDEEP,BE,63.65,68.95,63.65,67.0,68.95,67.0,53,3551.8,12-MAY-2020,15,INE976T01013,
SAGCEM,EQ,286.95,287.2,282.35,284.55,283.0,284.25,1055,300178.9,12-MAY-2020,100,INE229C01013,
SAIL,EQ,28.0,28.0,27.25,27.65,27.7,28.4,12003351,331697253.25,12-MAY-2020,37601,INE114A01011,
SAKAR,EQ,50.1,51.4,46.4,50.95,50.95,51.5,1143,58310.05,12-MAY-2020,11,INE732S01012,
SAKHTISUG,BE,7.9,7.9,7.5,7.7,7.6,7.7,17143,131647.6,12-MAY-2020,63,INE623A01011,
SAKSOFT,EQ,138.0,138.0,128.6,134.9,135.4,134.15,4011,534266.35,12-MAY-2020,269,INE667G01015,
SAKUMA,EQ,6.15,6.75,6.15,6.75,6.75,6.45,732120,4665990.35,12-MAY-2020,944,INE190H01024,
SALASAR,EQ,81.25,82.4,78.05,81.15,81.9,80.4,22440,1812161.65,12-MAY-2020,440,INE170V01019,
SALONA,EQ,39.5,39.5,39.5,39.5,39.5,39.5,10,395.0,12-MAY-2020,1,INE498E01010,
SALSTEEL,BE,2.0,2.15,2.0,2.15,2.15,2.1,4097,8337.25,12-MAY-2020,16,INE658G01014,
SALZERELEC,EQ,63.55,66.6,61.7,62.65,62.5,63.55,11559,725722.7,12-MAY-2020,349,INE457F01013,
SAMBHAAV,EQ,1.9,2.1,1.9,1.9,1.9,2.1,53951,103263.55,12-MAY-2020,94,INE699B01027,
SANCO,EQ,9.95,10.05,9.1,9.45,9.1,9.95,16120,152449.2,12-MAY-2020,165,INE782L01012,
SANDESH,EQ,427.7,451.9,427.7,438.85,440.0,440.05,143,62720.35,12-MAY-2020,16,INE583B01015,
SANDHAR,EQ,145.0,145.0,140.05,141.15,140.1,143.75,515,73120.1,12-MAY-2020,83,INE278H01035,
SANGAMIND,EQ,37.55,38.6,36.5,37.4,37.25,38.25,3916,146003.6,12-MAY-2020,55,INE495C01010,
SANGHIIND,EQ,16.2,16.75,15.8,15.95,16.0,16.45,179742,2888462.85,12-MAY-2020,2432,INE999B01013,
SANGHVIFOR,BE,14.0,14.0,12.9,13.75,13.45,13.5,588,7866.85,12-MAY-2020,6,INE263L01013,
SANGHVIMOV,EQ,54.8,54.8,50.0,50.45,50.3,52.45,9069,457824.7,12-MAY-2020,272,INE989A01024,
SANGINITA,EQ,90.0,90.0,84.1,85.65,85.0,88.5,33089,2890437.0,12-MAY-2020,491,INE753W01010,
SANOFI,EQ,7933.5,8044.0,7823.0,7979.9,7960.25,7939.6,14127,112102939.35,12-MAY-2020,5193,INE058A01010,
SANWARIA,BE,2.6,2.6,2.6,2.6,2.6,2.5,141281,367330.6,12-MAY-2020,117,INE890C01046,
SARDAEN,EQ,130.7,132.95,129.1,131.35,132.95,130.7,15033,1968237.95,12-MAY-2020,375,INE385C01013,
SAREGAMA,EQ,278.0,284.8,263.6,268.1,269.25,290.75,98585,26963382.6,12-MAY-2020,4947,INE979A01017,
SARLAPOLY,EQ,13.85,13.9,13.0,13.15,13.15,13.8,21941,290825.8,12-MAY-2020,156,INE453D01025,
SASKEN,EQ,401.0,413.95,396.0,406.6,407.0,403.9,8918,3582844.95,12-MAY-2020,1708,INE231F01020,
SASTASUNDR,BE,61.8,61.8,57.4,57.4,57.4,60.4,167,9629.95,12-MAY-2020,6,INE019J01013,
SATHAISPAT,EQ,2.0,2.0,1.95,2.0,2.0,1.95,6433,12855.0,12-MAY-2020,13,INE176C01016,
SATIA,EQ,68.0,68.75,66.15,67.35,68.5,68.2,3970,268204.95,12-MAY-2020,99,INE170E01023,
SATIN,EQ,52.9,54.3,50.3,51.1,51.0,52.9,150579,7743352.0,12-MAY-2020,1168,INE836B01017,
SBICARD,EQ,542.0,548.35,530.2,543.1,542.0,548.5,2115701,1137099953.3,12-MAY-2020,111780,INE018E01016,
SBIETFQLTY,EQ,86.98,86.98,84.6,85.59,85.8,85.68,1226,104579.03,12-MAY-2020,72,INF200KA1WX6,
SBILIFE,EQ,747.0,755.6,735.1,744.6,744.65,750.5,1116023,834044096.5,12-MAY-2020,65558,INE123W01016,
SBIN,EQ,164.2,168.5,160.85,166.9,167.1,165.45,70752913,11582474386.95,12-MAY-2020,412383,INE062A01020,
SCAPDVR,BE,0.3,0.35,0.25,0.3,0.3,0.3,106131,30222.0,12-MAY-2020,45,INE224E01036,
SCHAEFFLER,EQ,3300.0,3304.95,3251.45,3300.35,3304.0,3311.35,3684,12127145.05,12-MAY-2020,943,INE513A01014,
SCHAND,BE,51.1,51.1,49.6,49.8,49.65,52.2,10620,529699.85,12-MAY-2020,164,INE807K01035,
SCHNEIDER,EQ,75.75,75.9,73.1,74.3,74.55,75.7,101968,7560747.25,12-MAY-2020,1607,INE839M01018,
SCI,EQ,40.35,40.45,39.3,40.1,40.2,39.95,667706,26631844.25,12-MAY-2020,4442,INE109A01011,
SDBL,BE,77.0,77.0,74.05,74.95,74.6,77.75,2437,183094.2,12-MAY-2020,83,INE480C01012,
SEAMECLTD,EQ,314.8,315.15,310.0,314.8,314.15,300.15,11940,3748644.65,12-MAY-2020,482,INE497B01018,
SELAN,EQ,82.1,82.25,77.35,79.35,79.95,81.4,13308,1050921.45,12-MAY-2020,338,INE818A01017,
SEPOWER,BE,4.2,4.2,3.85,3.85,3.85,4.05,96767,380147.1,12-MAY-2020,303,INE735M01018,
SEQUENT,EQ,83.0,83.35,80.55,81.3,81.3,82.2,977027,79477958.7,12-MAY-2020,3426,INE807F01027,
SESHAPAPER,EQ,129.65,129.7,125.5,126.85,126.0,128.25,9978,1267045.9,12-MAY-2020,529,INE630A01024,
SETCO,EQ,9.0,9.3,8.5,8.55,8.7,8.9,50221,438653.25,12-MAY-2020,254,INE878E01021,
SETF10GILT,EQ,195.0,195.9,195.0,195.49,195.5,194.9,176,34394.85,12-MAY-2020,10,INF200KA1JT1,
SETFGOLD,EQ,4234.0,4340.0,4201.5,4308.9,4318.85,4234.6,23401,99356661.05,12-MAY-2020,2362,INF200K01099,
SETFNIF50,EQ,95.25,95.6,93.5,95.05,95.15,95.45,406137,38262804.85,12-MAY-2020,1953,INF200KA1FS1,
SETFNIFBK,EQ,188.0,190.0,183.2,188.49,189.3,189.54,118228,21910028.71,12-MAY-2020,1889,INF200KA1580,
SETFNN50,EQ,238.65,239.8,234.0,238.9,239.0,238.65,10739,2541302.81,12-MAY-2020,272,INF200KA1598,
SETUINFRA,BE,0.7,0.8,0.7,0.75,0.7,0.75,60689,44066.55,12-MAY-2020,39,INE023M01027,
SEYAIND,EQ,38.9,39.15,37.05,37.9,37.8,38.75,24990,940385.45,12-MAY-2020,272,INE573R01012,
SFL,EQ,1365.9,1407.0,1364.05,1368.4,1375.8,1381.65,3602,4966362.2,12-MAY-2020,1333,INE916U01025,
SGL,EQ,6.15,6.3,5.85,6.2,6.2,6.25,2968,17934.1,12-MAY-2020,48,INE353H01010,
SHAHALLOYS,EQ,6.6,6.6,6.6,6.6,6.6,6.65,10,66.0,12-MAY-2020,2,INE640C01011,
SHAKTIPUMP,BE,149.0,149.0,138.0,140.4,140.5,145.25,11694,1636468.3,12-MAY-2020,447,INE908D01010,
SHALBY,EQ,60.55,63.8,58.55,62.95,62.85,61.75,227154,13629711.5,12-MAY-2020,1999,INE597J01018,
SHALPAINTS,EQ,55.95,55.95,54.3,54.65,54.65,55.6,23935,1310183.7,12-MAY-2020,513,INE849C01026,
SHANKARA,EQ,251.0,254.0,238.4,241.45,242.0,250.9,35935,8648000.15,12-MAY-2020,1071,INE274V01019,
SHANTIGEAR,EQ,82.5,83.0,77.2,80.5,80.1,82.5,27911,2239639.25,12-MAY-2020,815,INE631A01022,
SHARDACROP,EQ,131.5,137.95,131.35,132.25,132.0,138.25,21209,2809662.25,12-MAY-2020,415,INE221J01015,
SHARDAMOTR,EQ,660.0,660.0,633.65,656.1,657.0,662.5,364,235788.85,12-MAY-2020,96,INE597I01010,
SHARIABEES,EQ,249.88,273.98,230.65,232.3,232.3,231.65,229,55343.98,12-MAY-2020,34,INF732E01128,
SHEMAROO,EQ,76.95,76.95,76.95,76.95,76.95,80.95,8814,678237.3,12-MAY-2020,83,INE363M01019,
SHIL,EQ,66.95,66.95,61.35,64.5,64.0,63.85,10821,690372.55,12-MAY-2020,133,INE05AN01011,
SHILPAMED,EQ,361.0,365.8,355.0,358.3,359.9,360.95,16668,6009546.35,12-MAY-2020,1572,INE790G01031,
SHIRPUR-G,EQ,6.9,6.9,6.4,6.9,6.9,6.6,23115,156146.25,12-MAY-2020,73,INE196B01016,
SHIVAMAUTO,EQ,10.5,10.55,10.2,10.35,10.5,10.55,17977,187172.3,12-MAY-2020,146,INE637H01024,
SHIVAMILLS,EQ,21.0,21.95,20.0,20.85,20.85,21.5,2465,50728.55,12-MAY-2020,27,INE644Y01017,
SHIVATEX,BE,82.9,82.9,82.9,82.9,82.9,83.0,3,248.7,12-MAY-2020,1,INE705C01020,
SHK,EQ,51.0,51.1,47.5,48.9,48.85,51.3,567428,27786663.1,12-MAY-2020,10965,INE500L01026,
SHOPERSTOP,EQ,165.85,165.85,158.3,161.35,161.9,163.15,32857,5304665.55,12-MAY-2020,1194,INE498B01024,
SHREDIGCEM,EQ,26.25,27.5,26.05,26.95,27.0,26.9,397466,10693800.75,12-MAY-2020,1604,INE232A01011,
SHREECEM,EQ,18845.25,19232.0,18416.5,19127.2,19130.0,18914.9,45808,862301842.9,12-MAY-2020,12101,INE070A01015,
SHREEPUSHK,EQ,76.9,78.0,74.2,75.2,74.6,76.95,20846,1582058.8,12-MAY-2020,2151,INE712K01011,
SHREERAMA,EQ,3.8,4.05,3.8,4.0,4.05,3.95,6803,26706.5,12-MAY-2020,16,INE879A01019,
SHRENIK,EQ,23.0,23.6,21.4,23.0,23.0,22.5,6418,145415.55,12-MAY-2020,33,INE632X01022,
SHREYANIND,EQ,75.7,77.35,75.3,76.5,76.9,76.15,11764,897918.65,12-MAY-2020,316,INE231C01019,
SHREYAS,EQ,46.0,46.75,44.6,44.85,44.6,46.9,12965,587010.05,12-MAY-2020,249,INE757B01015,
SHRIPISTON,BE,536.05,550.0,530.0,547.95,547.95,554.0,222,118370.45,12-MAY-2020,12,INE526E01018,
SHRIRAMCIT,EQ,705.0,713.95,679.0,690.55,685.0,709.85,9214,6345549.25,12-MAY-2020,1218,INE722A01011,
SHRIRAMEPC,EQ,2.85,2.9,2.75,2.75,2.75,2.85,118727,328354.75,12-MAY-2020,142,INE964H01014,
SHYAMCENT,EQ,2.3,2.4,2.3,2.4,2.4,2.3,2653,6354.2,12-MAY-2020,12,INE979R01011,
SICAGEN,EQ,11.35,11.4,10.55,10.95,10.95,11.15,6471,71067.6,12-MAY-2020,52,INE176J01011,
SICAL,BE,9.35,9.45,8.9,8.95,8.95,9.35,71033,640196.7,12-MAY-2020,171,INE075B01012,
SIEMENS,EQ,1026.1,1035.4,996.3,1015.25,1014.7,1030.1,544630,551439497.45,12-MAY-2020,26497,INE003A01024,
SIGIND,EQ,17.55,18.3,17.1,17.3,17.3,17.5,2176,38462.55,12-MAY-2020,57,INE529F01035,
SIL,BE,10.25,10.25,10.0,10.0,10.0,10.25,382,3856.5,12-MAY-2020,4,INE173A01025,
SILINV,EQ,105.7,111.95,102.85,106.5,103.35,107.95,2122,225782.7,12-MAY-2020,31,INE923A01015,
SIMBHALS,EQ,5.0,5.25,4.9,5.25,5.25,5.0,29140,152403.55,12-MAY-2020,54,INE748T01016,
SIMPLEXINF,EQ,26.25,26.25,24.1,25.35,25.2,25.35,238526,5870792.7,12-MAY-2020,908,INE059B01024,
SINTEX,EQ,1.0,1.0,0.9,0.9,0.9,0.95,3053422,2884829.15,12-MAY-2020,1495,INE429C01035,
SIRCA,EQ,161.5,167.2,158.0,163.75,163.0,161.5,11359,1834518.95,12-MAY-2020,491,INE792Z01011,
SIS,EQ,365.0,387.0,362.6,379.3,377.55,365.45,92793,34829302.3,12-MAY-2020,5050,INE285J01028,
SITINET,BE,1.55,1.55,1.55,1.55,1.55,1.5,35352,54795.6,12-MAY-2020,34,INE965H01011,
SIYSIL,EQ,110.9,110.9,105.85,108.75,108.55,110.05,40836,4408281.75,12-MAY-2020,1496,INE076B01028,
SJVN,EQ,20.35,21.6,20.1,20.85,20.5,20.3,1321612,27178443.45,12-MAY-2020,4072,INE002L01015,
SKFINDIA,EQ,1440.0,1500.0,1422.0,1441.75,1441.25,1443.2,11798,17001753.45,12-MAY-2020,1762,INE640A01023,
SKIL,BE,4.5,4.55,4.3,4.3,4.3,4.5,3408,15027.3,12-MAY-2020,24,INE429F01012,
SKIPPER,EQ,21.75,21.75,20.05,20.3,20.5,20.9,40129,819223.9,12-MAY-2020,1249,INE439E01022,
SKMEGGPROD,EQ,29.1,29.3,28.05,29.1,29.2,29.0,6375,183602.2,12-MAY-2020,106,INE411D01015,
SMARTLINK,EQ,66.15,66.45,62.9,63.8,63.85,66.1,3197,202475.9,12-MAY-2020,128,INE178C01020,
SMLISUZU,EQ,382.0,382.0,365.5,371.5,372.3,382.45,38082,14197637.05,12-MAY-2020,2048,INE294B01019,
SMSLIFE,EQ,242.85,242.9,227.4,236.1,235.05,240.0,6470,1514758.0,12-MAY-2020,306,INE320X01016,
SMSPHARMA,EQ,39.95,39.95,38.3,38.8,38.8,39.95,99916,3865160.55,12-MAY-2020,744,INE812G01025,
SNOWMAN,EQ,26.3,26.3,24.7,25.05,25.05,27.4,707715,17935911.1,12-MAY-2020,3408,INE734N01019,
SOBHA,EQ,195.65,195.65,190.0,195.65,195.65,186.35,504522,98412474.95,12-MAY-2020,3223,INE671H01015,
SOLARA,EQ,477.3,477.3,450.05,468.5,470.0,477.3,40172,18728371.3,12-MAY-2020,2221,INE624Z01016,
SOLARINDS,EQ,865.05,868.0,851.05,856.45,855.0,875.4,4017,3446863.7,12-MAY-2020,349,INE343H01029,
SOMANYCERA,EQ,97.2,97.85,94.05,94.8,94.55,98.0,43343,4114574.0,12-MAY-2020,733,INE355A01028,
SOMATEX,EQ,1.8,1.8,1.8,1.8,1.8,1.8,4,7.2,12-MAY-2020,2,INE314C01013,
SOMICONVEY,EQ,12.35,12.35,11.45,11.45,11.45,11.8,235,2793.35,12-MAY-2020,8,INE323J01019,
SONATSOFTW,EQ,198.9,203.9,195.7,197.45,197.2,207.55,386376,77025988.9,12-MAY-2020,9043,INE269A01021,
SORILINFRA,EQ,45.9,46.0,45.25,45.25,45.25,47.6,15316,693859.5,12-MAY-2020,123,INE034H01016,
SOTL,EQ,640.1,645.9,613.9,628.6,621.0,659.75,2094,1321010.1,12-MAY-2020,318,INE035D01012,
SOUTHBANK,EQ,5.35,5.4,5.2,5.35,5.4,5.35,6957232,36591123.55,12-MAY-2020,8209,INE683A01023,
SOUTHWEST,EQ,17.75,17.8,14.2,17.25,17.4,17.0,75828,1285119.3,12-MAY-2020,221,INE980Y01015,
SPAL,EQ,69.75,69.75,66.3,66.3,66.3,69.75,8242,547502.8,12-MAY-2020,121,INE212I01016,
SPANDANA,EQ,450.0,450.0,436.55,439.7,438.0,459.5,17019,7478644.6,12-MAY-2020,955,INE572J01011,
SPARC,EQ,132.1,133.9,128.8,131.35,131.25,132.15,403265,52953406.35,12-MAY-2020,5705,INE232I01014,
SPECIALITY,EQ,28.3,29.0,27.55,28.75,29.0,27.6,109667,3117195.25,12-MAY-2020,719,INE247M01014,
SPENCERS,EQ,74.0,75.4,73.5,74.3,74.2,73.1,481910,35857762.95,12-MAY-2020,4762,INE020801028,
SPENTEX,BE,0.3,0.35,0.3,0.35,0.35,0.3,61721,20714.6,12-MAY-2020,63,INE376C01020,
SPIC,EQ,14.1,14.4,13.85,14.2,14.25,14.4,27380,387906.75,12-MAY-2020,237,INE147A01011,
SPICEJET,EQ,42.4,42.8,41.0,42.8,42.8,40.8,6181963,263327451.95,12-MAY-2020,15682,INE285B01017,
SPLIL,EQ,20.8,20.8,19.45,19.8,19.8,20.1,3843,76069.55,12-MAY-2020,79,INE978G01016,
SPMLINFRA,EQ,7.8,7.8,7.1,7.3,7.15,7.45,21678,162324.45,12-MAY-2020,199,INE937A01023,
SPTL,BE,1.25,1.3,1.2,1.25,1.2,1.25,3793130,4678514.95,12-MAY-2020,1181,INE501W01021,
SPYL,BE,0.3,0.35,0.3,0.3,0.3,0.35,208290,63067.45,12-MAY-2020,67,INE268L01020,
SREEL,EQ,117.0,119.4,111.2,113.9,114.0,116.0,4690,530672.05,12-MAY-2020,199,INE099F01013,
SREINFRA,EQ,3.8,3.8,3.7,3.75,3.7,3.75,773712,2892879.15,12-MAY-2020,568,INE872A01014,
SRF,EQ,3566.9,3588.3,3471.0,3537.35,3530.0,3576.85,267040,943698364.15,12-MAY-2020,22109,INE647A01010,
SRHHYPOLTD,EQ,99.1,99.9,93.2,95.85,96.75,97.8,5851,555842.9,12-MAY-2020,139,INE917H01012,
SRIPIPES,EQ,130.0,132.9,128.5,131.55,131.5,131.25,27989,3639669.65,12-MAY-2020,615,INE943C01027,
SRTRANSFIN,EQ,709.0,709.35,644.0,670.1,670.0,736.15,7482260,4996602477.15,12-MAY-2020,200462,INE721A01013,
SSWL,EQ,364.1,364.3,353.0,357.1,358.0,359.4,599,213809.7,12-MAY-2020,112,INE802C01017,
STAMPEDE,EQ,0.35,0.4,0.35,0.4,0.4,0.35,12814,4859.9,12-MAY-2020,8,INE224E01028,
STAR,EQ,418.95,427.0,405.05,409.5,410.0,416.05,795398,329058226.4,12-MAY-2020,20836,INE939A01011,
STARCEMENT,EQ,68.75,70.4,66.5,69.55,70.35,68.25,43375,2977287.5,12-MAY-2020,799,INE460H01021,
STARPAPER,EQ,92.9,94.9,91.1,93.7,93.8,93.6,101126,9407317.25,12-MAY-2020,2374,INE733A01018,
STCINDIA,BE,35.0,36.0,33.6,34.7,33.65,35.2,4526,158577.3,12-MAY-2020,79,INE655A01013,
STEELCITY,EQ,19.75,19.75,18.7,18.95,18.75,19.1,4527,85865.85,12-MAY-2020,29,INE395H01011,
STEELXIND,EQ,12.85,12.95,12.35,12.55,12.5,12.5,15884,198975.25,12-MAY-2020,71,INE503B01013,
STEL,EQ,47.0,47.1,44.2,44.45,44.4,45.45,1476,65810.05,12-MAY-2020,58,INE577L01016,
STERTOOLS,EQ,131.55,131.55,122.35,128.0,127.15,129.25,9833,1252469.45,12-MAY-2020,457,INE334A01023,
STINDIA,EQ,4.8,5.0,4.8,5.0,5.0,4.8,2851,13867.8,12-MAY-2020,21,INE090C01019,
STRTECH,EQ,95.5,98.7,91.4,96.8,96.8,95.2,5512161,526741109.15,12-MAY-2020,35892,INE089C01029,
SUBEX,EQ,4.1,4.1,4.1,4.1,4.1,3.95,230809,946316.9,12-MAY-2020,89,INE754A01014,
SUBROS,EQ,163.0,166.0,158.1,162.6,162.5,163.4,67722,10957813.2,12-MAY-2020,1588,INE287B01021,
SUDARSCHEM,EQ,369.95,375.0,360.0,366.45,370.0,371.2,102070,37150089.1,12-MAY-2020,5276,INE659A01023,
SUJANAUNI,BE,0.35,0.35,0.35,0.35,0.35,0.3,537730,188205.5,12-MAY-2020,263,INE216G01011,
SUMEETINDS,EQ,1.45,1.45,1.35,1.4,1.35,1.4,225256,311807.4,12-MAY-2020,127,INE235C01010,
SUMICHEM,EQ,226.7,229.35,221.0,227.25,226.4,229.2,111988,25171399.3,12-MAY-2020,2385,INE258G01013,
SUMIT,BE,11.5,11.5,11.2,11.2,11.2,11.75,4424,49623.8,12-MAY-2020,21,INE748Z01013,
SUMMITSEC,EQ,287.25,308.0,285.2,301.05,303.0,300.15,4124,1236361.85,12-MAY-2020,286,INE519C01017,
SUNCLAYLTD,EQ,1369.7,1374.95,1330.2,1367.7,1374.95,1341.0,355,482628.85,12-MAY-2020,103,INE105A01035,
SUNDARAM,EQ,1.1,1.15,1.05,1.1,1.1,1.1,347763,377099.5,12-MAY-2020,120,INE108E01023,
SUNDARMFIN,EQ,1203.05,1221.2,1182.0,1215.25,1200.0,1219.85,496518,596412915.4,12-MAY-2020,8713,INE660A01013,
SUNDARMHLD,EQ,43.1,44.3,42.3,43.1,43.55,43.3,3474,151036.45,12-MAY-2020,96,INE202Z01029,
SUNDRMBRAK,EQ,161.2,168.9,160.0,161.1,161.0,163.4,1538,250376.7,12-MAY-2020,103,INE073D01013,
SUNDRMFAST,EQ,302.05,306.75,293.5,295.75,295.5,304.05,46021,13658746.75,12-MAY-2020,5594,INE387A01021,
SUNFLAG,EQ,29.55,30.7,27.7,28.3,28.8,29.3,527660,15446845.95,12-MAY-2020,3481,INE947A01014,
SUNPHARMA,EQ,465.0,468.8,455.3,463.9,464.3,463.85,9507982,4390084052.9,12-MAY-2020,127499,INE044A01036,
SUNTECK,EQ,158.75,168.0,156.0,165.6,165.0,162.3,247262,40071756.75,12-MAY-2020,5025,INE805D01034,
SUNTV,EQ,388.8,415.0,381.6,408.3,402.7,392.5,3748028,1484729846.2,12-MAY-2020,53694,INE424H01027,
SUPERHOUSE,EQ,66.0,67.5,63.05,64.05,64.05,65.75,7265,467082.05,12-MAY-2020,253,INE712B01010,
SUPERSPIN,BE,3.25,3.5,3.25,3.4,3.4,3.4,6387,21751.15,12-MAY-2020,24,INE662A01027,
SUPPETRO,EQ,159.0,159.5,151.6,154.35,154.9,158.4,15077,2323006.15,12-MAY-2020,655,INE663A01017,
SUPRAJIT,EQ,113.0,115.6,111.3,114.8,114.55,113.45,40773,4621423.2,12-MAY-2020,1052,INE399C01030,
SUPREMEIND,EQ,966.5,970.0,915.05,931.7,932.0,973.5,90971,84986222.7,12-MAY-2020,24103,INE195A01028,
SURANASOL,EQ,5.5,5.65,5.35,5.45,5.45,5.5,7566,41993.55,12-MAY-2020,49,INE272L01022,
SURANAT&P,EQ,3.5,3.5,3.2,3.45,3.5,3.5,23740,79189.35,12-MAY-2020,79,INE130B01031,
SURYALAXMI,BE,16.8,17.5,16.65,16.7,16.65,17.5,4320,72697.6,12-MAY-2020,77,INE713B01026,
SURYAROSNI,EQ,83.0,83.25,81.3,82.6,83.0,82.75,23007,1889911.1,12-MAY-2020,393,INE335A01012,
SUTLEJTEX,EQ,20.65,21.15,19.95,20.05,20.0,20.95,9141,184283.25,12-MAY-2020,185,INE645H01027,
SUVEN,EQ,38.7,40.0,36.7,39.5,39.25,38.6,1480515,56762596.7,12-MAY-2020,7334,INE495B01038,
SUVENPHAR,EQ,288.0,319.3,287.75,310.8,311.5,290.3,608468,190341177.85,12-MAY-2020,9020,INE03QK01018,
SUZLON,EQ,2.6,2.65,2.5,2.55,2.5,2.6,5248114,13323941.55,12-MAY-2020,72515,INE040H01021,
SWANENERGY,EQ,100.0,101.75,99.5,100.4,100.4,100.05,91315,9150518.45,12-MAY-2020,654,INE665A01038,
SWARAJENG,EQ,998.95,1026.0,984.2,1021.1,1008.0,1001.35,2489,2500259.8,12-MAY-2020,278,INE277A01016,
SWELECTES,EQ,82.45,82.45,78.15,80.3,81.0,80.2,2087,167351.05,12-MAY-2020,91,INE409B01013,
SWSOLAR,EQ,121.0,124.0,118.05,119.9,118.95,124.25,534629,63570794.8,12-MAY-2020,2844,INE00M201021,
SYMPHONY,EQ,833.9,839.75,824.95,832.7,836.0,828.95,14595,12122654.45,12-MAY-2020,1511,INE225D01027,
SYNCOM,BE,1.5,1.5,1.5,1.5,1.5,1.45,44451,66676.5,12-MAY-2020,49,INE602K01014,
SYNGENE,EQ,318.0,325.0,311.25,319.65,322.0,317.55,473342,149499120.6,12-MAY-2020,6961,INE398R01022,
TAINWALCHM,EQ,39.8,39.8,36.65,37.0,37.3,38.9,7666,291747.65,12-MAY-2020,197,INE123C01018,
TAJGVK,EQ,120.45,122.0,117.0,118.95,120.3,120.45,16985,2011306.05,12-MAY-2020,623,INE586B01026,
TAKE,EQ,55.5,56.9,52.25,53.6,53.7,55.0,57543,3085620.55,12-MAY-2020,682,INE142I01023,
TALBROAUTO,EQ,77.05,78.8,75.0,77.85,78.05,77.7,8348,638162.65,12-MAY-2020,185,INE187D01011,
TANLA,EQ,64.25,64.25,63.25,63.55,63.85,63.3,52018,3302526.75,12-MAY-2020,479,INE483C01032,
TARMAT,EQ,20.5,20.5,20.0,20.05,20.05,20.5,1868,37745.55,12-MAY-2020,8,INE924H01018,
TASTYBITE,EQ,10001.35,10001.35,9600.0,9816.6,9780.0,9942.5,1694,16531280.25,12-MAY-2020,561,INE488B01017,
TATACHEM,EQ,289.75,292.0,279.8,285.0,283.5,288.7,1368156,391632997.5,12-MAY-2020,20486,INE092A01019,
TATACOFFEE,EQ,71.85,71.85,69.0,70.75,70.75,72.05,373157,26242295.95,12-MAY-2020,4453,INE493A01027,
TATACOMM,EQ,412.0,424.0,405.0,417.25,421.0,417.4,35863,14792581.55,12-MAY-2020,1118,INE151A01013,
TATACONSUM,EQ,354.45,363.3,346.65,358.7,358.5,355.0,3258000,1159021154.55,12-MAY-2020,92237,INE192A01025,
TATAELXSI,EQ,778.0,805.0,762.65,785.15,796.0,776.75,254500,197529941.8,12-MAY-2020,11393,INE670A01012,
TATAINVEST,EQ,690.0,693.55,675.05,687.15,688.4,688.75,10933,7469193.05,12-MAY-2020,1057,INE672A01018,
TATAMETALI,EQ,436.0,436.0,425.0,428.25,426.35,429.45,7685,3291469.9,12-MAY-2020,625,INE056C01010,
TATAMOTORS,EQ,85.95,87.7,83.5,86.2,86.45,86.1,77552355,6593767114.5,12-MAY-2020,245351,INE155A01022,
TATAMTRDVR,EQ,35.5,36.4,34.8,36.0,36.1,35.95,2910587,103486896.75,12-MAY-2020,13241,IN9155A01020,
TATAPOWER,EQ,27.25,28.6,27.0,28.4,28.55,27.3,27227530,763712977.55,12-MAY-2020,56555,INE245A01021,
TATASTEEL,EQ,273.3,276.8,264.5,273.95,275.25,276.2,15040334,4051062305.45,12-MAY-2020,154012,INE081A01012,
TATASTLBSL,EQ,16.85,16.9,16.1,16.75,16.8,16.85,1821032,29856035.5,12-MAY-2020,6115,INE824B01021,
TATASTLLP,EQ,222.9,222.9,214.05,218.1,217.0,218.25,12516,2721932.85,12-MAY-2020,877,INE674A01014,
TBZ,EQ,21.7,21.7,21.1,21.2,21.3,21.85,10968,233031.7,12-MAY-2020,200,INE760L01018,
TCI,EQ,160.95,160.95,153.0,154.0,154.95,159.2,31670,4915274.5,12-MAY-2020,1064,INE688A01022,
TCIDEVELOP,EQ,345.0,355.0,336.5,343.55,345.05,373.85,9978,3395967.85,12-MAY-2020,558,INE662L01016,
TCIEXP,EQ,608.0,636.05,608.0,615.75,615.0,606.55,85903,53291972.15,12-MAY-2020,5593,INE586V01016,
TCIFINANCE,EQ,5.1,5.6,5.1,5.55,5.55,5.35,5165,27381.25,12-MAY-2020,28,INE911B01018,
TCNSBRANDS,EQ,377.7,390.45,367.9,373.35,375.95,376.7,263702,97581887.0,12-MAY-2020,1406,INE778U01029,
TCPLPACK,EQ,225.0,225.0,216.2,223.0,223.0,220.0,2180,487093.5,12-MAY-2020,42,INE822C01015,
TCS,EQ,1933.4,1956.5,1910.25,1949.5,1948.0,1935.3,3256630,6321867053.1,12-MAY-2020,177881,INE467B01029,
TDPOWERSYS,EQ,82.25,84.8,79.9,82.1,81.1,83.1,5273,428508.5,12-MAY-2020,160,INE419M01019,
TEAMLEASE,EQ,1551.0,1551.0,1501.6,1507.1,1502.2,1539.15,2841,4306340.25,12-MAY-2020,626,INE985S01024,
TECHM,EQ,525.0,539.5,525.0,533.25,532.0,530.2,5692069,3047546423.5,12-MAY-2020,188777,INE669C01036,
TECHNOE,EQ,198.95,200.7,192.5,198.3,196.6,198.85,8961,1775851.05,12-MAY-2020,251,INE285K01026,
TECHNOFAB,EQ,5.3,5.5,5.15,5.3,5.3,5.3,5740,30349.4,12-MAY-2020,34,INE509K01011,
TEJASNET,BE,35.0,36.0,33.05,33.7,33.5,34.65,109238,3665438.25,12-MAY-2020,562,INE010J01012,
TERASOFT,EQ,18.95,18.95,17.1,18.25,18.15,17.8,18300,326604.5,12-MAY-2020,228,INE482B01010,
TEXINFRA,EQ,32.7,32.7,31.1,31.95,32.0,32.15,3684,117448.65,12-MAY-2020,105,INE435C01024,
TEXMOPIPES,EQ,9.8,9.8,9.2,9.4,9.35,9.65,15540,145354.45,12-MAY-2020,92,INE141K01013,
TEXRAIL,EQ,22.6,22.7,21.6,22.5,22.5,22.3,70582,1576238.0,12-MAY-2020,472,INE621L01012,
TFCILTD,EQ,31.65,32.5,31.1,31.65,31.8,32.05,162351,5110382.55,12-MAY-2020,1099,INE305A01015,
TGBHOTELS,EQ,2.1,2.2,2.1,2.2,2.2,2.2,320,674.0,12-MAY-2020,4,INE797H01018,
THANGAMAYL,EQ,248.8,248.8,237.0,238.8,239.85,247.65,5004,1198014.25,12-MAY-2020,172,INE085J01014,
THEINVEST,EQ,86.95,91.85,86.75,89.45,89.75,89.7,577,50881.6,12-MAY-2020,28,INE924D01017,
THEMISMED,BE,319.0,319.0,300.0,304.7,315.0,310.15,1205,370625.4,12-MAY-2020,46,INE083B01016,
THERMAX,EQ,702.0,704.75,700.0,702.6,701.0,701.85,376856,263838410.7,12-MAY-2020,1202,INE152A01029,
THOMASCOOK,EQ,23.85,23.85,22.0,23.1,23.2,23.0,246503,5547974.35,12-MAY-2020,1102,INE332A01027,
THYROCARE,EQ,502.0,512.0,498.0,511.0,510.55,503.4,98853,49836727.35,12-MAY-2020,1916,INE594H01019,
TI,EQ,17.45,18.35,17.0,17.5,17.65,17.85,85199,1488958.8,12-MAY-2020,310,INE133E01013,
TIDEWATER,EQ,3403.1,3440.0,3380.0,3398.2,3400.0,3427.75,702,2387276.3,12-MAY-2020,205,INE484C01022,
TIIL,EQ,204.5,213.0,200.55,202.85,207.85,211.1,4515,914345.85,12-MAY-2020,143,INE545H01011,
TIINDIA,EQ,355.7,355.7,331.4,334.85,333.05,352.6,38511,12974024.25,12-MAY-2020,6998,INE974X01010,
TIJARIA,EQ,5.55,5.75,5.25,5.75,5.75,5.5,7345,40433.05,12-MAY-2020,26,INE440L01017,
TIL,EQ,120.55,122.55,117.5,119.4,119.0,123.9,3021,362874.4,12-MAY-2020,119,INE806C01018,
TIMESGTY,EQ,20.3,20.5,19.3,19.5,19.5,19.8,2129,42447.45,12-MAY-2020,11,INE289C01025,
TIMETECHNO,EQ,31.4,31.4,29.6,29.95,30.0,31.05,86165,2580766.25,12-MAY-2020,755,INE508G01029,
TIMKEN,EQ,846.95,859.0,825.1,839.9,840.0,849.65,40001,33713958.8,12-MAY-2020,2796,INE325A01013,
TINPLATE,EQ,78.4,80.4,77.4,79.4,79.5,80.0,77883,6129685.85,12-MAY-2020,1847,INE422C01014,
TIPSINDLTD,EQ,103.95,103.95,95.25,97.5,96.35,99.75,7231,718354.2,12-MAY-2020,208,INE716B01011,
TIRUMALCHM,EQ,40.05,40.5,39.05,39.7,39.75,40.5,95621,3781711.55,12-MAY-2020,1036,INE338A01024,
TITAN,EQ,827.0,851.0,822.25,846.45,848.0,829.6,5287713,4426744036.1,12-MAY-2020,189051,INE280A01028,
TMRVL,BE,7.95,7.95,7.95,7.95,7.95,8.35,30981,246298.95,12-MAY-2020,158,INE759V01019,
TNPETRO,EQ,30.9,30.9,29.05,30.05,30.25,29.75,24172,715645.05,12-MAY-2020,324,INE148A01019,
TNPL,EQ,88.45,89.4,87.0,88.4,88.95,88.45,168823,14839366.75,12-MAY-2020,2126,INE107A01015,
TNTELE,BE,1.2,1.3,1.2,1.3,1.3,1.25,44,56.9,12-MAY-2020,3,INE141D01018,
TOKYOPLAST,EQ,62.95,62.95,56.0,60.45,62.3,57.5,4135,244844.55,12-MAY-2020,89,INE932C01012,
TORNTPHARM,EQ,2518.0,2525.0,2398.55,2445.3,2440.35,2495.9,657312,1619890293.7,12-MAY-2020,49285,INE685A01028,
TORNTPOWER,EQ,299.8,304.0,295.6,299.85,299.0,300.8,1311962,393704320.55,12-MAY-2020,16048,INE813H01021,
TOUCHWOOD,EQ,51.9,51.9,48.2,50.5,50.5,50.75,8541,433270.2,12-MAY-2020,24,INE486Y01013,
TPLPLASTEH,EQ,82.55,86.45,82.15,84.55,84.95,84.9,2479,209853.75,12-MAY-2020,210,INE413G01014,
TREEHOUSE,EQ,4.15,4.15,4.0,4.1,4.1,4.0,8353,33465.95,12-MAY-2020,30,INE040M01013,
TREJHARA,BE,5.35,5.35,5.1,5.1,5.1,5.35,900,4740.0,12-MAY-2020,7,INE00CA01015,
TRENT,EQ,454.4,458.0,443.7,448.7,447.0,450.55,127925,57492516.1,12-MAY-2020,5078,INE849A01020,
TRF,BE,65.1,66.65,63.55,65.75,66.0,66.4,3241,211767.65,12-MAY-2020,64,INE391D01019,
TRIDENT,EQ,4.7,4.7,4.55,4.65,4.65,4.7,3956580,18233152.3,12-MAY-2020,11352,INE064C01022,
TRIGYN,EQ,30.0,30.0,28.0,29.25,29.35,28.7,8337,238957.25,12-MAY-2020,245,INE948A01012,
TRIL,EQ,6.8,6.95,6.65,6.8,6.8,6.8,28186,190214.95,12-MAY-2020,167,INE763I01026,
TRITURBINE,EQ,63.45,68.0,61.0,63.25,62.5,63.85,43918,2815904.65,12-MAY-2020,938,INE152M01016,
TRIVENI,EQ,36.2,36.45,35.35,35.5,35.45,36.75,160284,5729641.35,12-MAY-2020,1059,INE256C01024,
TTKHLTCARE,EQ,417.0,434.35,417.0,421.5,421.0,434.95,609,258445.4,12-MAY-2020,68,INE910C01018,
TTKPRESTIG,EQ,4790.0,4800.0,4702.55,4734.35,4725.15,4763.6,2307,10954717.0,12-MAY-2020,935,INE690A01010,
TTL,EQ,28.85,29.1,27.8,27.9,27.85,28.75,3317,93620.4,12-MAY-2020,116,INE592B01016,
TTML,BE,2.6,2.6,2.55,2.6,2.6,2.5,745972,1939527.0,12-MAY-2020,776,INE517B01013,
TV18BRDCST,EQ,21.45,23.7,20.75,22.95,23.1,21.05,21514877,487175302.4,12-MAY-2020,32211,INE886H01027,
TVSELECT,EQ,68.0,71.45,66.45,69.4,70.5,68.6,15743,1081888.95,12-MAY-2020,281,INE236G01019,
TVSMOTOR,EQ,329.0,344.5,321.5,338.15,329.25,333.8,4095397,1353812946.1,12-MAY-2020,58421,INE494B01023,
TVSSRICHAK,EQ,1073.0,1080.0,1041.1,1072.5,1068.55,1073.3,2577,2726273.35,12-MAY-2020,541,INE421C01016,
TVTODAY,EQ,183.95,187.7,180.2,183.85,182.5,183.8,36300,6639983.9,12-MAY-2020,2392,INE038F01029,
TVVISION,BE,1.3,1.35,1.3,1.3,1.3,1.3,3301,4351.3,12-MAY-2020,8,INE871L01013,
TWL,EQ,33.55,34.0,32.8,33.55,33.6,33.55,134686,4489112.1,12-MAY-2020,702,INE615H01020,
UBL,EQ,884.0,906.0,871.0,894.55,905.0,885.6,439496,389155947.1,12-MAY-2020,18264,INE686F01025,
UCALFUEL,EQ,96.05,97.45,93.55,95.1,94.8,96.8,11855,1123930.7,12-MAY-2020,420,INE139B01016,
UCOBANK,EQ,11.5,11.5,11.1,11.3,11.45,11.65,747651,8410141.9,12-MAY-2020,2528,INE691A01018,
UFLEX,EQ,172.0,172.05,167.3,170.3,170.9,172.5,37888,6406570.4,12-MAY-2020,1472,INE516A01017,
UFO,EQ,68.0,68.8,65.0,66.3,66.25,67.75,48513,3203516.95,12-MAY-2020,1078,INE527H01019,
UGARSUGAR,EQ,12.2,12.75,12.1,12.35,12.55,12.45,40641,497800.65,12-MAY-2020,255,INE071E01023,
UJAAS,EQ,3.15,3.2,3.05,3.1,3.2,3.15,174652,541931.85,12-MAY-2020,378,INE899L01022,
UJJIVAN,EQ,167.0,169.2,160.5,167.35,167.5,170.25,3994447,655109262.65,12-MAY-2020,31584,INE334L01012,
UJJIVANSFB,EQ,26.5,26.55,25.9,26.35,26.55,26.55,664800,17391795.95,12-MAY-2020,5071,INE551W01018,
ULTRACEMCO,EQ,3344.0,3405.5,3275.55,3349.35,3345.95,3360.75,557262,1858440172.85,12-MAY-2020,42480,INE481G01011,
UMANGDAIRY,EQ,36.55,38.0,35.0,36.4,36.8,36.8,6970,253548.75,12-MAY-2020,216,INE864B01027,
UMESLTD,BE,0.85,0.9,0.85,0.9,0.9,0.85,10015,8843.5,12-MAY-2020,6,INE240C01028,
UNICHEMLAB,EQ,135.35,136.35,130.0,131.7,133.4,134.65,23667,3117184.75,12-MAY-2020,691,INE351A01035,
UNIENTER,EQ,44.6,46.0,44.6,46.0,45.65,46.0,928,42072.75,12-MAY-2020,37,INE037A01022,
UNIONBANK,EQ,23.55,24.1,23.25,23.95,24.0,23.85,2397272,56553311.0,12-MAY-2020,9586,INE692A01016,
UNIPLY,EQ,6.65,6.8,6.25,6.4,6.45,6.55,67100,425335.05,12-MAY-2020,231,INE950G01023,
UNITEDTEA,EQ,218.3,218.3,211.0,214.85,215.0,219.5,317,67996.35,12-MAY-2020,42,INE458F01011,
UNIVCABLES,EQ,90.75,92.05,88.0,91.15,91.2,89.9,10089,904286.2,12-MAY-2020,323,INE279A01012,
UNIVPHOTO,EQ,77.0,85.2,70.0,84.2,85.2,71.0,6592,524167.35,12-MAY-2020,153,INE03V001013,
UPL,EQ,368.5,382.45,363.9,374.55,374.9,368.1,9371378,3531033527.75,12-MAY-2020,156432,INE628A01036,
URJA,BE,1.7,1.7,1.65,1.7,1.7,1.65,1280354,2173289.15,12-MAY-2020,1405,INE550C01020,
USHAMART,EQ,13.9,14.6,13.9,14.3,14.25,14.25,60129,849149.05,12-MAY-2020,372,INE228A01035,
UTINEXT50,EQ,248.86,250.0,237.5,247.97,250.0,249.9,1208,297592.29,12-MAY-2020,50,INF789FC1N82,
UTINIFTETF,EQ,980.0,980.0,961.75,978.43,979.2,980.47,307,297250.45,12-MAY-2020,56,INF789FB1X41,
UTISENSETF,EQ,336.6,342.99,330.0,334.87,333.5,341.73,1320,442132.79,12-MAY-2020,113,INF789FB1X58,
UTISXN50,EQ,270.89,270.89,222.27,257.01,258.0,254.99,63,15618.93,12-MAY-2020,19,INF789F1AHR6,
UTTAMSTL,BE,6.2,6.4,6.2,6.2,6.2,6.5,105896,657453.15,12-MAY-2020,228,INE699A01011,
UTTAMSUGAR,EQ,56.15,59.0,56.15,57.5,57.9,58.45,5050,289828.65,12-MAY-2020,155,INE786F01031,
UVSL,BE,0.4,0.45,0.35,0.35,0.35,0.4,71403226,26087502.35,12-MAY-2020,7683,INE292A01023,
V2RETAIL,EQ,56.5,57.8,55.55,57.75,57.8,55.05,145760,8332536.65,12-MAY-2020,1170,INE945H01013,
VADILALIND,EQ,496.9,498.0,473.3,484.9,490.0,498.2,4432,2154074.0,12-MAY-2020,301,INE694D01016,
VAIBHAVGBL,EQ,1006.75,1006.75,985.0,990.3,986.1,992.2,4380,4349017.35,12-MAY-2020,807,INE884A01019,
VAISHALI,EQ,47.4,47.4,43.25,45.7,46.8,45.75,12516,580247.65,12-MAY-2020,92,INE972X01014,
VAKRANGEE,EQ,28.95,29.0,27.0,27.35,27.15,28.2,1788272,49301426.55,12-MAY-2020,9513,INE051B01021,
VARDHACRLC,EQ,28.15,28.15,26.2,26.75,26.75,27.45,8701,231127.95,12-MAY-2020,96,INE116G01013,
VARDMNPOLY,BE,2.95,3.0,2.9,2.9,2.9,3.05,1048,3063.2,12-MAY-2020,16,INE835A01011,
VARROC,EQ,141.9,141.95,134.0,137.55,138.0,140.8,174244,23752796.95,12-MAY-2020,5036,INE665L01035,
VASCONEQ,EQ,7.5,7.55,7.3,7.35,7.5,7.55,75442,558456.65,12-MAY-2020,210,INE893I01013,
VASWANI,EQ,3.2,3.2,3.05,3.2,3.2,3.2,2747,8500.4,12-MAY-2020,8,INE590L01019,
VBL,EQ,619.0,629.9,605.2,623.7,627.45,617.2,212941,131516936.0,12-MAY-2020,10623,INE200M01013,
VEDL,EQ,79.45,90.5,79.05,89.05,89.5,79.6,112770254,9600205584.05,12-MAY-2020,323785,INE205A01025,
VENKEYS,EQ,1065.0,1085.75,1041.65,1058.0,1064.95,1056.85,45838,48665207.15,12-MAY-2020,4717,INE398A01010,
VENUSREM,BE,59.0,59.0,59.0,59.0,59.0,62.1,16449,970491.0,12-MAY-2020,78,INE411B01019,
VESUVIUS,EQ,871.15,879.9,851.3,859.8,858.0,881.75,1789,1542300.1,12-MAY-2020,292,INE386A01015,
VETO,EQ,32.15,32.15,31.25,31.95,31.75,32.65,1852,58820.2,12-MAY-2020,62,INE918N01018,
VGUARD,EQ,169.9,169.9,166.15,167.65,167.4,169.6,161728,27149630.2,12-MAY-2020,6818,INE951I01027,
VHL,EQ,1011.0,1014.4,966.65,988.75,980.0,1014.0,361,354995.05,12-MAY-2020,73,INE701A01023,
VICEROY,BE,1.95,1.95,1.95,1.95,1.95,1.9,34466,67208.7,12-MAY-2020,47,INE048C01017,
VIDHIING,EQ,58.5,59.2,58.05,58.35,58.55,58.1,21727,1270755.75,12-MAY-2020,410,INE632C01026,
VIJIFIN,EQ,0.35,0.35,0.3,0.35,0.35,0.35,25878,8860.7,12-MAY-2020,33,INE159N01027,
VIKASECO,EQ,2.2,2.2,2.2,2.2,2.2,2.1,172475,379445.0,12-MAY-2020,90,INE806A01020,
VIKASMCORP,BE,1.85,1.9,1.8,1.85,1.8,1.85,474131,867687.4,12-MAY-2020,170,INE161L01027,
VIKASPROP,EQ,3.25,3.25,3.25,3.25,3.25,3.3,162599,528446.75,12-MAY-2020,419,INE767B01022,
VIKASWSP,EQ,4.55,4.55,4.25,4.4,4.4,4.55,268466,1174564.9,12-MAY-2020,309,INE706A01022,
VIMTALABS,EQ,72.0,72.0,67.25,68.85,68.9,69.7,27924,1915047.65,12-MAY-2020,643,INE579C01029,
VINATIORGA,EQ,980.0,982.25,961.0,965.95,966.0,986.0,78514,76209942.3,12-MAY-2020,5290,INE410B01037,
VINDHYATEL,EQ,528.85,549.0,518.5,542.1,544.8,529.75,4364,2337400.35,12-MAY-2020,424,INE707A01012,
VINYLINDIA,EQ,60.05,60.05,56.8,58.55,58.9,60.0,16953,981783.35,12-MAY-2020,543,INE250B01029,
VIPCLOTHNG,EQ,5.4,5.5,5.25,5.35,5.35,5.35,25723,137906.95,12-MAY-2020,107,INE450G01024,
VIPIND,EQ,228.0,237.45,220.35,224.6,224.5,223.85,2536892,580472617.6,12-MAY-2020,39953,INE054A01027,
VIPULLTD,EQ,14.3,15.7,14.3,15.15,15.45,15.05,4313,64364.15,12-MAY-2020,38,INE946H01037,
VISAKAIND,EQ,169.0,171.0,160.25,163.0,163.9,168.05,39532,6508037.55,12-MAY-2020,686,INE392A01013,
VISASTEEL,BE,4.0,4.0,3.8,3.8,3.8,4.0,4492,17470.4,12-MAY-2020,7,INE286H01012,
VISHAL,BE,218.0,218.0,218.0,218.0,218.0,218.0,11,2398.0,12-MAY-2020,11,INE755Q01025,
VISHNU,EQ,117.8,121.4,114.25,120.15,120.0,117.75,10415,1236533.9,12-MAY-2020,222,INE270I01014,
VISHWARAJ,EQ,65.0,67.7,63.0,67.2,66.45,63.8,16079,1045215.45,12-MAY-2020,218,INE430N01014,
VIVIDHA,EQ,0.2,0.2,0.2,0.2,0.2,0.2,92019,18403.8,12-MAY-2020,20,INE370E01029,
VIVIMEDLAB,BE,11.25,11.55,10.7,11.2,11.15,11.25,92000,1004217.6,12-MAY-2020,275,INE526G01021,
VLSFINANCE,EQ,35.0,35.35,33.75,34.9,35.1,34.6,9238,318164.95,12-MAY-2020,170,INE709A01018,
VMART,EQ,1678.9,1678.95,1601.0,1632.9,1640.0,1633.15,65805,107588819.25,12-MAY-2020,2311,INE665J01013,
VOLTAMP,EQ,880.9,880.9,855.0,865.6,862.05,872.75,7508,6504583.25,12-MAY-2020,865,INE540H01012,
VOLTAS,EQ,467.45,474.2,457.25,460.2,460.2,468.95,3635085,1694338693.4,12-MAY-2020,52793,INE226A01021,
VRLLOG,EQ,155.9,155.9,150.5,153.6,153.2,154.5,45240,6911690.35,12-MAY-2020,1440,INE366I01010,
VSSL,EQ,44.7,44.95,42.5,42.85,42.65,45.05,4220,181943.2,12-MAY-2020,120,INE050M01012,
VSTIND,EQ,2807.0,2845.6,2792.0,2813.25,2832.9,2805.95,6093,17162219.95,12-MAY-2020,1217,INE710A01016,
VSTTILLERS,EQ,900.0,916.5,872.25,888.1,884.8,906.25,4577,4082965.9,12-MAY-2020,477,INE764D01017,
VTL,EQ,623.3,639.75,610.0,614.95,613.0,627.7,102475,63022402.75,12-MAY-2020,920,INE825A01012,
WABAG,EQ,109.0,110.15,104.6,106.15,107.95,108.95,134745,14348704.15,12-MAY-2020,3016,INE956G01038,
WABCOINDIA,EQ,6249.95,6267.95,6206.85,6249.45,6264.35,6250.95,2260,14116382.65,12-MAY-2020,445,INE342J01019,
WALCHANNAG,BE,33.0,33.5,32.1,33.45,33.45,33.0,27720,913493.9,12-MAY-2020,183,INE711A01022,
WANBURY,BE,19.0,19.9,18.8,18.9,18.9,19.75,3391,64251.85,12-MAY-2020,34,INE107F01022,
WATERBASE,EQ,91.9,94.35,90.55,91.1,90.8,90.85,203472,18710716.75,12-MAY-2020,2704,INE054C01015,
WEBELSOLAR,BE,13.95,15.0,13.85,14.0,14.0,14.35,14719,208102.15,12-MAY-2020,48,INE855C01015,
WEIZMANIND,EQ,22.1,23.95,22.1,23.05,23.2,23.05,2091,48286.05,12-MAY-2020,43,INE080A01014,
WELCORP,EQ,60.65,61.9,59.45,60.9,60.9,60.75,314631,19068037.45,12-MAY-2020,3111,INE191B01025,
WELENT,EQ,52.75,53.7,51.25,52.95,53.0,53.65,55318,2904960.65,12-MAY-2020,551,INE625G01013,
WELINV,EQ,148.0,148.0,137.6,143.75,143.75,144.8,186,26330.75,12-MAY-2020,8,INE389K01018,
WELSPUNIND,EQ,24.0,24.9,23.8,24.6,24.7,24.0,315408,7713957.3,12-MAY-2020,1542,INE192B01031,
WENDT,EQ,1964.95,1997.05,1962.0,1982.0,1982.0,1987.85,179,353956.3,12-MAY-2020,154,INE274C01019,
WESTLIFE,EQ,289.9,292.5,284.0,290.75,291.0,286.8,61475,17715543.05,12-MAY-2020,2980,INE274F01020,
WHEELS,EQ,383.3,386.0,362.35,370.95,370.0,389.3,4923,1820176.55,12-MAY-2020,789,INE715A01015,
WHIRLPOOL,EQ,1885.0,1894.9,1845.45,1855.2,1860.0,1893.45,24696,46078946.75,12-MAY-2020,3809,INE716A01013,
WILLAMAGOR,EQ,14.05,14.05,13.0,13.0,13.0,13.5,1686,22338.65,12-MAY-2020,26,INE210A01017,
WINDMACHIN,BE,12.5,12.5,11.4,11.45,11.9,12.0,5232,60616.2,12-MAY-2020,47,INE052A01021,
WIPL,BE,50.0,50.0,50.0,50.0,50.0,50.0,4,200.0,12-MAY-2020,1,INE215F01023,
WIPRO,EQ,184.2,188.0,182.6,187.05,186.5,184.7,3515679,653261536.2,12-MAY-2020,47880,INE075A01022,
WOCKPHARMA,EQ,256.85,256.85,244.35,244.5,244.35,257.2,685650,170035798.75,12-MAY-2020,9631,INE049B01025,
WONDERLA,EQ,122.5,122.5,113.0,114.75,115.2,119.5,79453,9127761.2,12-MAY-2020,3921,INE066O01014,
WSI,BE,0.8,0.85,0.8,0.85,0.85,0.8,2710,2169.15,12-MAY-2020,9,INE100D01014,
WSTCSTPAPR,EQ,134.0,134.0,126.5,131.7,130.5,132.95,23004,3014143.75,12-MAY-2020,744,INE976A01021,
XCHANGING,EQ,38.85,38.85,36.3,37.15,36.9,37.4,7577,281253.9,12-MAY-2020,137,INE692G01013,
XELPMOC,EQ,49.6,51.85,47.75,48.15,48.1,48.95,2349,116596.55,12-MAY-2020,61,INE01P501012,
XPROINDIA,EQ,15.9,16.45,15.35,16.0,16.05,16.1,844,13270.4,12-MAY-2020,26,INE445C01015,
YESBANK,EQ,27.7,28.4,26.85,27.95,27.95,27.8,21395834,593995890.3,12-MAY-2020,74548,INE528G01035,
ZEEL,EQ,155.25,156.4,148.05,155.05,155.65,155.4,17380917,2632956001.0,12-MAY-2020,115644,INE256A01028,
ZEELEARN,EQ,13.25,13.5,12.85,13.15,13.2,13.2,455754,5982158.15,12-MAY-2020,1445,INE565L01011,
ZEEMEDIA,BE,5.5,5.5,5.25,5.4,5.45,5.4,327910,1768906.15,12-MAY-2020,536,INE966H01019,
ZENITHBIR,BE,0.4,0.4,0.35,0.35,0.35,0.4,58493,20872.5,12-MAY-2020,54,INE318D01020,
ZENITHEXPO,EQ,41.7,43.4,41.4,41.8,41.4,43.55,1654,69049.7,12-MAY-2020,35,INE058B01018,
ZENSARTECH,EQ,82.2,82.2,80.0,80.45,80.0,82.85,150840,12255912.65,12-MAY-2020,2136,INE520A01027,
ZENTEC,EQ,35.75,35.75,33.2,34.1,33.9,34.7,14428,490548.3,12-MAY-2020,187,INE251B01027,
ZICOM,EQ,1.0,1.05,1.0,1.05,1.05,1.0,4697,4920.15,12-MAY-2020,9,INE871B01014,
ZODIACLOTH,EQ,110.4,114.95,105.5,107.5,108.65,115.55,3669,397941.95,12-MAY-2020,162,INE206B01013,
ZODJRDMKJ,EQ,25.3,25.3,22.3,23.5,23.5,23.5,808,18061.15,12-MAY-2020,12,INE077B01018,
ZOTA,EQ,136.0,136.0,131.1,134.4,134.5,134.15,31197,4186644.9,12-MAY-2020,104,INE358U01012,
ZUARI,BE,80.0,83.0,79.05,82.65,83.0,81.95,3382,274174.75,12-MAY-2020,76,INE840M01016,
ZUARIGLOB,EQ,38.0,38.5,37.05,37.85,38.5,38.0,10417,391038.25,12-MAY-2020,122,INE217A01012,
ZYDUSWELL,EQ,1270.0,1273.95,1250.25,1269.25,1273.0,1279.85,62097,78708698.75,12-MAY-2020,2965,INE768C01010,
