SYMBOL,SERIES,OPEN,HIGH,LOW,CLOSE,LAST,PREVCLOSE,TOTTRDQTY,TOTTRDVAL,TIMESTAMP,TOTALTRADES,ISIN,UNNAMED: 13
20MICRONS,EQ,56.2,57.05,56.0,56.45,56.0,56.7,143760,8170251.45,22-SEP-2011,349,INE144J01019,
3IINFOTECH,EQ,28.5,28.5,27.3,27.5,27.35,28.9,619182,17280610.95,22-SEP-2011,3312,INE748C01020,
3MINDIA,EQ,4332.0,4355.0,4200.0,4278.2,4300.0,4313.85,453,1948833.75,22-SEP-2011,87,INE470A01017,
A2ZMES,EQ,229.9,229.9,214.35,217.4,216.0,233.0,123656,27704588.15,22-SEP-2011,4027,INE619I01012,
AANJANEYA,EQ,504.9,511.9,472.2,486.7,477.0,515.1,253449,125855490.15,22-SEP-2011,4334,INE928K01013,
AARTIDRUGS,EQ,116.8,116.8,108.2,108.35,108.75,112.15,2213,242655.1,22-SEP-2011,143,INE767A01016,
AARTIIND,EQ,48.5,48.5,46.6,46.9,47.1,47.85,25886,1224286.05,22-SEP-2011,149,INE769A01020,
AARVEEDEN,EQ,36.35,36.95,35.35,35.6,35.9,36.15,1694,61023.65,22-SEP-2011,446,INE273D01019,
ABAN,EQ,381.25,385.9,370.0,371.9,371.05,390.4,556932,210198380.9,22-SEP-2011,16170,INE421A01028,
ABB,EQ,810.1,816.0,781.0,794.85,789.0,814.4,92500,74448802.55,22-SEP-2011,5219,INE117A01022,
ABBOTINDIA,EQ,1495.0,1510.0,1468.05,1477.4,1470.0,1512.3,1370,2042148.6,22-SEP-2011,105,INE358A01014,
ABCIL,EQ,102.3,104.85,99.8,100.6,100.5,102.55,13176,1344132.7,22-SEP-2011,401,INE605B01016,
ABGSHIP,EQ,382.0,385.0,374.1,379.65,377.0,384.8,156185,59518959.55,22-SEP-2011,4291,INE067H01016,
ABHISHEK,EQ,10.5,10.65,10.0,10.2,10.05,10.9,6252,63793.9,22-SEP-2011,61,INE004I01017,
ABIRLANUVO,EQ,949.8,954.05,924.3,926.35,927.0,955.0,76995,71835144.4,22-SEP-2011,4975,INE069A01017,
ACC,EQ,1057.05,1084.8,1048.85,1068.4,1068.6,1071.7,550496,589087964.35,22-SEP-2011,18801,INE012A01025,
ACE,EQ,46.1,47.8,46.1,46.65,47.45,47.95,119169,5575896.8,22-SEP-2011,1724,INE731H01025,
ACKRUTI,EQ,193.0,197.0,188.1,190.05,190.0,195.5,7527,1438967.7,22-SEP-2011,544,INE703H01016,
ACROPETAL,EQ,16.5,17.0,16.2,16.2,16.2,17.05,121538,1998906.65,22-SEP-2011,1992,INE055L01013,
ADANIENT,EQ,611.0,611.0,581.0,583.9,585.3,618.95,404317,239593721.9,22-SEP-2011,13217,INE423A01024,
ADANIPOWER,EQ,85.6,87.75,80.1,83.8,84.0,88.85,609226,51793871.2,22-SEP-2011,6087,INE814H01011,
ADFFOODS,EQ,70.0,70.0,59.2,60.05,59.25,63.0,9818,612579.3,22-SEP-2011,266,INE982B01019,
ADHUNIK,EQ,49.5,51.45,48.7,49.1,48.7,51.9,92357,4603812.4,22-SEP-2011,1680,INE400H01019,
ADORWELD,EQ,160.0,163.9,155.0,155.75,156.0,161.1,23626,3760746.0,22-SEP-2011,673,INE045A01017,
ADSL,EQ,29.5,30.4,28.85,29.15,29.35,30.3,187119,5544247.3,22-SEP-2011,1244,INE102I01027,
ADVANIHOTR,EQ,35.0,35.0,35.0,35.0,35.0,35.35,200,7000.0,22-SEP-2011,2,INE199C01026,
ADVANTA,EQ,397.0,408.0,378.35,390.45,398.0,400.2,61701,24564421.4,22-SEP-2011,2564,INE517H01010,
AEGISCHEM,EQ,206.0,209.9,192.2,196.9,195.8,212.05,13188,2659097.1,22-SEP-2011,680,INE208C01017,
AFL,EQ,39.0,39.0,37.65,37.95,37.65,39.1,4021,153963.5,22-SEP-2011,60,INE020G01017,
AFTEK,EQ,11.55,11.55,11.05,11.15,11.2,11.55,121414,1369465.4,22-SEP-2011,574,INE796A01023,
AGCNET,EQ,123.1,126.6,121.5,122.4,121.5,125.05,1269,156022.6,22-SEP-2011,55,INE676A01019,
AGRE,EQ,42.05,44.0,40.05,41.1,40.6,42.2,2739,114054.35,22-SEP-2011,46,INE360L01017,
AGRODUTCH,EQ,7.3,8.05,7.3,7.7,7.65,7.75,11326,88425.05,22-SEP-2011,75,INE135B01014,
AHLEAST,EQ,295.0,295.0,293.0,293.0,293.0,297.5,260,76340.0,22-SEP-2011,7,INE926K01017,
AHLUCONT,EQ,113.9,114.0,111.0,112.2,113.5,114.7,690,77632.45,22-SEP-2011,117,INE758C01029,
AHLWEST,EQ,163.9,163.9,158.15,159.1,160.0,163.6,935,149231.9,22-SEP-2011,89,INE915K01010,
AHMEDFORGE,EQ,109.95,109.95,103.75,105.2,106.0,109.45,9978,1062749.3,22-SEP-2011,240,INE425A01011,
AIAENG,EQ,308.15,311.85,308.15,310.0,310.0,312.1,105979,32885097.2,22-SEP-2011,215,INE212H01026,
AJANTPHARM,EQ,322.0,323.75,311.1,312.95,313.85,321.4,3896,1232209.7,22-SEP-2011,343,INE031B01015,
AJMERA,EQ,128.0,130.8,126.0,126.45,126.0,130.85,21644,2766697.85,22-SEP-2011,351,INE298G01027,
AKSHOPTFBR,EQ,6.55,6.6,6.1,6.25,6.25,6.55,22633,143831.35,22-SEP-2011,147,INE523B01011,
AKZOINDIA,EQ,935.0,955.95,935.0,942.05,945.0,944.9,42169,39849193.5,22-SEP-2011,252,INE133A01011,
ALBK,EQ,165.4,166.0,159.1,160.15,159.5,167.15,502826,81683542.1,22-SEP-2011,13348,INE428A01015,
ALCHEM,EQ,263.6,264.5,261.15,261.55,262.0,262.8,94164,24706529.45,22-SEP-2011,622,INE964B01033,
ALEMBICLTD,EQ,19.0,19.8,19.0,19.2,19.1,19.65,35719,694304.3,22-SEP-2011,467,INE426A01027,
ALFALAVAL,EQ,2240.05,2260.0,2195.0,2201.3,2201.0,2249.3,10023,22221173.05,22-SEP-2011,1349,INE427A01017,
ALKALI,EQ,41.9,41.9,39.7,39.9,39.7,40.9,3573,143951.6,22-SEP-2011,116,INE773I01017,
ALKYLAMINE,EQ,85.2,87.9,84.2,84.3,84.3,85.2,1193,103327.95,22-SEP-2011,14,INE150B01013,
ALLCARGO,EQ,154.0,154.0,142.8,145.9,143.5,152.35,398482,60512064.8,22-SEP-2011,519,INE418H01029,
ALLSEC,EQ,13.85,13.85,13.2,13.3,13.5,14.15,13491,179854.3,22-SEP-2011,313,INE835G01018,
ALMONDZ,EQ,22.7,22.7,22.35,22.35,22.35,23.0,806,18171.6,22-SEP-2011,8,INE326B01027,
ALOKTEXT,EQ,18.5,18.5,17.1,17.4,17.2,18.75,8209424,147219817.4,22-SEP-2011,15491,INE270A01011,
ALPA,EQ,8.45,8.45,7.8,7.9,8.1,8.35,4898,39206.95,22-SEP-2011,130,INE385I01010,
ALPHAGEO,EQ,101.0,102.0,95.8,97.6,99.0,100.5,2957,294160.2,22-SEP-2011,49,INE137C01018,
ALPSINDUS,BE,3.0,3.1,2.95,2.95,3.1,3.05,11932,35918.2,22-SEP-2011,22,INE093B01015,
AMAR,EQ,109.0,110.8,106.35,107.5,108.7,110.6,35957,3910966.3,22-SEP-2011,671,INE787G01011,
AMARAJABAT,EQ,211.1,214.85,206.15,210.95,209.0,211.25,34385,7211502.6,22-SEP-2011,842,INE885A01024,
AMARJOTHI,EQ,56.6,56.6,53.95,53.95,53.95,54.15,2,110.55,22-SEP-2011,2,INE484D01012,
AMBIKCO,EQ,190.0,190.0,172.0,172.15,175.25,178.1,1700,295229.85,22-SEP-2011,47,INE540G01014,
AMBUJACEM,EQ,144.7,147.3,142.3,143.45,143.7,149.85,1284915,186765798.35,22-SEP-2011,10809,INE079A01024,
AMDIND,EQ,20.6,20.6,20.1,20.25,20.5,20.75,4609,93603.9,22-SEP-2011,45,INE005I01014,
AMLSTEEL,EQ,12.2,12.2,12.0,12.0,12.0,12.4,662,8004.65,22-SEP-2011,6,INE577F01018,
AMRUTANJAN,EQ,800.15,819.0,781.15,787.85,792.0,824.6,87774,70441816.7,22-SEP-2011,4617,INE098F01015,
AMTEKAUTO,EQ,137.75,140.1,132.0,133.85,133.5,138.8,1049506,141271419.25,22-SEP-2011,2687,INE130C01021,
AMTEKINDIA,EQ,118.1,123.75,112.0,119.75,117.0,119.5,282078,33772489.6,22-SEP-2011,3668,INE068D01021,
ANANTRAJ,EQ,60.6,60.6,58.05,58.6,58.05,61.8,201910,12013243.4,22-SEP-2011,2571,INE242C01024,
ANDHRABANK,EQ,124.0,124.0,119.5,120.05,119.5,124.7,606799,73543839.9,22-SEP-2011,6135,INE434A01013,
ANDHRACEMT,BE,10.6,11.5,10.6,10.85,10.7,11.15,15695,171354.7,22-SEP-2011,70,INE666E01012,
ANDHRSUGAR,EQ,99.2,99.5,98.0,98.05,98.0,100.15,30494,3009370.65,22-SEP-2011,327,INE715B01013,
ANGIND,EQ,22.0,22.0,20.3,20.55,21.2,21.25,2028,41924.45,22-SEP-2011,42,INE017D01010,
ANIKINDS,EQ,35.35,35.4,34.0,34.4,34.4,34.55,299,10345.7,22-SEP-2011,12,INE087B01017,
ANKURDRUGS,BE,32.4,33.35,32.0,32.4,32.2,31.75,43022,1411966.4,22-SEP-2011,333,INE238D01012,
ANSALAPI,EQ,35.2,35.2,33.1,33.6,33.7,35.55,204583,6983834.9,22-SEP-2011,2039,INE436A01026,
ANSALHSG,EQ,40.5,40.95,39.15,39.75,39.95,41.1,9227,367286.0,22-SEP-2011,128,INE880B01015,
ANTGRAPHIC,BE,0.2,0.3,0.2,0.2,0.2,0.25,11637,2577.5,22-SEP-2011,12,INE414B01021,
APARINDS,EQ,169.0,171.85,166.0,170.15,169.85,171.3,3931,666208.15,22-SEP-2011,170,INE372A01015,
APCOTEXIND,EQ,167.15,170.0,166.0,167.35,166.5,169.3,309,52013.35,22-SEP-2011,120,INE116A01016,
APIL,EQ,532.6,540.55,528.0,531.85,532.5,546.85,42251,22508061.0,22-SEP-2011,2708,INE878A01011,
APLAB,EQ,33.35,35.0,33.3,34.1,33.9,35.95,100,3411.95,22-SEP-2011,12,INE273A01015,
APLLTD,BE,46.5,48.0,45.4,46.95,47.3,47.75,69493,3235324.85,22-SEP-2011,323,INE901L01018,
APOLLOHOSP,EQ,520.0,525.7,519.0,522.15,524.0,520.1,343995,179886097.95,22-SEP-2011,4230,INE437A01024,
APOLLOTYRE,EQ,59.5,60.0,57.85,58.65,58.0,60.35,2152168,126615341.3,22-SEP-2011,16108,INE438A01022,
APPAPER,EQ,360.0,360.0,293.95,308.85,316.0,367.4,120205,37899476.7,22-SEP-2011,4131,INE435A01028,
APTECHT,EQ,131.3,131.3,118.5,119.35,119.0,133.1,1117141,138213442.55,22-SEP-2011,15768,INE266F01018,
AQUA,EQ,14.5,14.5,13.15,13.4,13.25,14.3,366369,4926858.3,22-SEP-2011,196,INE544K01026,
ARCHIDPLY,BE,14.95,15.65,14.35,15.35,15.65,14.9,8487,128647.95,22-SEP-2011,69,INE877I01016,
ARCHIES,EQ,40.5,41.6,39.7,40.2,40.1,41.55,49138,2007356.35,22-SEP-2011,548,INE731A01020,
AREVAT&D,EQ,219.75,224.8,216.5,222.2,222.4,221.3,63212,13912133.2,22-SEP-2011,1350,INE200A01026,
ARIES,EQ,98.0,113.7,95.3,98.05,97.4,98.25,684402,73430848.8,22-SEP-2011,15200,INE298I01015,
ARIHANT,EQ,66.05,68.75,66.05,68.75,68.75,69.5,174,11519.7,22-SEP-2011,2,INE413D01011,
ARL,EQ,2.25,2.3,2.15,2.25,2.25,2.25,200602,448129.7,22-SEP-2011,84,INE211C01029,
AROGRANITE,EQ,37.3,38.8,37.05,37.35,37.05,37.5,1287,48131.75,22-SEP-2011,20,INE210C01013,
ARROWTEX,EQ,9.15,9.9,9.1,9.65,9.85,10.05,5706,54223.9,22-SEP-2011,54,INE933J01015,
ARSHIYA,EQ,147.0,154.9,140.0,141.9,142.0,147.45,490246,72648027.2,22-SEP-2011,12269,INE968D01022,
ARSSINFRA,EQ,360.1,383.35,353.65,361.15,359.9,375.6,803334,300002822.1,22-SEP-2011,21643,INE267I01010,
ARVIND,EQ,97.4,100.4,94.3,95.3,95.4,98.15,11213900,1101060144.5,22-SEP-2011,66730,INE034A01011,
ASAHIINDIA,EQ,70.5,71.5,66.1,66.75,66.7,71.55,55024,3701561.7,22-SEP-2011,452,INE439A01020,
ASAHISONG,EQ,102.0,102.95,94.05,95.9,94.05,104.85,1965,191166.5,22-SEP-2011,40,INE228I01012,
ASAL,EQ,53.0,56.5,52.85,54.05,54.0,54.8,1708,93676.2,22-SEP-2011,58,INE900C01027,
ASHAPURMIN,EQ,17.0,17.4,16.5,16.75,16.95,17.75,18326,310644.65,22-SEP-2011,205,INE348A01023,
ASHCONIUL,EQ,2.1,2.2,1.9,2.0,2.05,2.15,39047,78628.25,22-SEP-2011,56,INE714F01033,
ASHIANA,EQ,150.0,152.5,146.15,148.95,150.0,151.45,6340,946604.9,22-SEP-2011,46,INE365D01013,
ASHIMASYN,EQ,4.9,5.0,4.75,4.95,4.95,4.65,9997,49106.1,22-SEP-2011,25,INE440A01010,
ASHOKA,EQ,256.1,264.0,248.0,250.0,250.0,256.05,23971,5994338.8,22-SEP-2011,123,INE442H01011,
ASHOKLEY,EQ,26.2,26.65,25.9,26.2,26.15,26.55,8539955,224332624.65,22-SEP-2011,23998,INE208A01029,
ASIANELEC,BE,7.7,8.0,7.7,7.75,7.75,7.95,11530,90103.95,22-SEP-2011,44,INE441A01026,
ASIANHOTNR,EQ,191.4,191.4,184.3,184.6,184.55,186.35,774,143215.05,22-SEP-2011,68,INE363A01022,
ASIANPAINT,EQ,3050.15,3130.0,3050.15,3101.4,3100.1,3093.5,42871,133067095.5,22-SEP-2011,4975,INE021A01018,
ASIANTILES,EQ,41.1,43.0,38.15,39.1,39.75,42.5,2691,108969.95,22-SEP-2011,49,INE022I01019,
ASSAMCO,EQ,11.75,12.05,11.6,11.65,11.7,12.1,94625,1113997.7,22-SEP-2011,315,INE442A01024,
ASTEC,EQ,38.0,39.25,36.55,37.35,38.4,38.4,8727,334417.85,22-SEP-2011,157,INE563J01010,
ASTERSILI,EQ,18.65,19.4,18.3,18.85,18.65,18.75,9926,187309.45,22-SEP-2011,117,INE900K01012,
ASTRAL,EQ,191.3,219.15,191.3,217.45,217.0,182.6,506349,109818633.35,22-SEP-2011,8666,INE006I01020,
ASTRAMICRO,EQ,25.8,26.0,24.75,25.15,24.8,26.0,19930,501624.95,22-SEP-2011,223,INE386C01029,
ASTRAZEN,EQ,1305.0,1320.0,1265.05,1266.45,1265.15,1319.0,581,754470.25,22-SEP-2011,62,INE203A01020,
ATFL,EQ,429.95,430.95,408.3,412.65,412.0,430.45,17075,7096360.35,22-SEP-2011,378,INE209A01019,
ATLANTA,EQ,66.1,66.55,64.0,64.1,64.0,66.7,65390,4251087.4,22-SEP-2011,1274,INE285H01022,
ATLASCYCLE,EQ,365.0,366.0,340.3,342.8,342.0,369.6,30231,10675627.55,22-SEP-2011,1582,INE446A01017,
ATNINTER,EQ,1.0,1.0,0.85,0.85,0.85,0.95,1150,1015.45,22-SEP-2011,6,INE803A01027,
ATUL,EQ,217.8,220.8,207.4,209.9,212.65,218.95,41818,8961448.3,22-SEP-2011,703,INE100A01010,
AURIONPRO,EQ,148.0,150.9,147.0,148.75,148.75,150.7,5887,880675.8,22-SEP-2011,47,INE132H01018,
AUROPHARMA,EQ,139.55,140.5,133.8,135.7,134.15,142.8,1265376,173549402.5,22-SEP-2011,13783,INE406A01037,
AUSTRAL,BE,2.05,2.05,2.0,2.0,2.0,2.05,233957,471343.95,22-SEP-2011,194,INE455J01027,
AUTOAXLES,EQ,410.0,410.9,406.0,406.0,406.0,410.4,60,24464.6,22-SEP-2011,8,INE449A01011,
AUTOIND,EQ,118.8,119.2,116.0,116.5,116.3,119.25,24243,2851068.0,22-SEP-2011,823,INE718H01014,
AUTOLITIND,EQ,16.45,16.85,16.25,16.35,16.65,16.4,8861,146129.0,22-SEP-2011,321,INE448A01013,
AVANTI,BE,84.0,84.0,76.35,77.0,77.0,80.35,1207,94414.45,22-SEP-2011,27,INE871C01012,
AVENTIS,EQ,2234.6,2285.0,2230.0,2275.45,2275.0,2274.55,578,1313858.1,22-SEP-2011,61,INE058A01010,
AVTNPL,EQ,393.75,407.0,393.65,393.65,393.65,414.35,6862,2722564.35,22-SEP-2011,321,INE488D01013,
AXIS-IT&T,EQ,118.7,122.1,112.0,118.0,119.95,111.0,290265,34839253.55,22-SEP-2011,6092,INE555B01013,
AXISBANK,EQ,1131.0,1135.9,1107.0,1112.4,1119.0,1156.6,1995895,2243545121.2,22-SEP-2011,55460,INE238A01026,
AXISGOLD,EQ,2776.0,2780.0,2762.1,2763.3,2762.1,2783.45,654,1811691.3,22-SEP-2011,85,INF846K01347,
BAGFILMS,EQ,6.1,6.1,5.75,5.8,5.75,6.1,98314,577346.0,22-SEP-2011,210,INE116D01028,
BAJAJ-AUTO,EQ,1595.0,1595.0,1536.6,1542.35,1539.8,1603.1,565257,879192030.9,22-SEP-2011,25477,INE917I01010,
BAJAJCORP,EQ,121.0,121.0,116.0,117.0,116.55,119.65,18483,2169261.15,22-SEP-2011,922,INE933K01021,
BAJAJELEC,EQ,179.7,190.9,178.1,180.15,179.6,182.35,465605,86008609.3,22-SEP-2011,10124,INE193E01025,
BAJAJFINSV,EQ,546.25,568.7,541.3,544.0,542.45,561.2,87409,48586932.8,22-SEP-2011,3826,INE918I01018,
BAJAJHIND,EQ,42.5,42.65,40.25,40.5,40.25,43.15,3700795,153330155.35,22-SEP-2011,25831,INE306A01021,
BAJAJHLDNG,EQ,740.05,740.05,735.0,737.15,738.0,740.5,101137,74570074.3,22-SEP-2011,1958,INE118A01012,
BAJFINANCE,EQ,644.5,648.0,625.0,628.5,637.0,645.8,16472,10540684.65,22-SEP-2011,374,INE296A01016,
BALAJITELE,EQ,32.1,33.4,32.0,32.25,32.1,33.2,62086,2027623.55,22-SEP-2011,730,INE794B01026,
BALAMINES,EQ,36.8,36.8,34.1,34.7,34.8,35.75,7388,257360.4,22-SEP-2011,94,INE050E01027,
BALKRISIND,EQ,182.0,184.95,180.0,181.1,181.5,184.2,14933,2717377.45,22-SEP-2011,274,INE787D01026,
BALLARPUR,EQ,26.05,26.05,25.8,26.0,26.0,26.35,962876,25030383.1,22-SEP-2011,1876,INE294A01037,
BALMLAWRIE,EQ,632.0,636.0,622.0,625.75,623.0,635.7,5359,3367038.05,22-SEP-2011,396,INE164A01016,
BALPHARMA,EQ,23.5,24.1,23.0,23.25,23.05,24.25,2155,50303.35,22-SEP-2011,28,INE083D01012,
BALRAMCHIN,EQ,51.45,51.9,49.85,50.15,50.25,51.45,2709463,138584184.45,22-SEP-2011,12683,INE119A01028,
BANARISUG,EQ,620.0,622.0,620.0,620.35,620.0,620.0,307,190342.0,22-SEP-2011,6,INE459A01010,
BANCOINDIA,EQ,72.95,74.9,72.0,72.0,72.0,72.85,24322,1783170.75,22-SEP-2011,289,INE213C01025,
BANG,EQ,25.5,25.5,23.0,23.1,23.15,24.1,3751,89862.1,22-SEP-2011,38,INE863I01016,
BANKBARODA,EQ,780.3,785.8,757.2,764.05,767.8,793.0,326027,252767354.2,22-SEP-2011,13530,INE028A01013,
BANKBEES,EQ,977.5,989.5,968.0,971.52,970.0,998.53,1073,1046594.12,22-SEP-2011,105,INF732E01078,
BANKINDIA,EQ,314.75,315.75,307.0,308.65,309.0,317.9,450921,140536858.05,22-SEP-2011,13301,INE084A01016,
BANSWRAS,EQ,92.35,93.75,92.1,92.25,92.25,92.65,12444,1150429.85,22-SEP-2011,57,INE629D01012,
BARTRONICS,EQ,54.5,55.5,52.75,53.55,53.05,55.5,66389,3619975.55,22-SEP-2011,734,INE855F01034,
BASF,EQ,621.7,630.0,615.6,620.15,619.0,623.9,10010,6234022.6,22-SEP-2011,1139,INE373A01013,
BASML,EQ,69.5,70.0,65.0,65.45,65.0,67.85,372,24510.65,22-SEP-2011,31,INE186H01014,
BATAINDIA,EQ,690.0,701.4,670.0,673.7,670.2,703.15,431282,297624655.15,22-SEP-2011,13028,INE176A01010,
BATLIBOI,EQ,16.1,18.0,16.1,17.35,17.3,17.8,1497,26611.65,22-SEP-2011,15,INE177C01022,
BAYERCROP,EQ,832.8,839.0,819.05,820.3,819.1,834.3,1886,1559970.3,22-SEP-2011,128,INE462A01022,
BBL,EQ,715.15,718.6,702.05,706.6,702.2,718.55,2342,1661719.7,22-SEP-2011,219,INE464A01028,
BBTC,EQ,432.05,432.05,415.0,417.25,416.0,435.1,2265,950782.45,22-SEP-2011,129,INE050A01017,
BEARDSELL,EQ,42.0,42.0,42.0,42.0,42.0,42.2,50,2100.0,22-SEP-2011,1,INE520H01014,
BEDMUTHA,EQ,121.0,121.75,115.0,115.7,116.0,121.35,22762,2678018.5,22-SEP-2011,479,INE844K01012,
BEL,EQ,1547.0,1609.3,1544.25,1590.7,1585.0,1587.85,17217,27436536.3,22-SEP-2011,1472,INE263A01016,
BELLCERATL,EQ,12.9,14.55,12.9,13.45,13.2,13.5,2201,30142.35,22-SEP-2011,14,INE403A01026,
BEML,EQ,485.0,485.0,461.1,469.0,470.0,491.7,109307,51804167.8,22-SEP-2011,4761,INE258A01016,
BEPL,EQ,25.5,27.25,25.5,26.45,26.05,26.95,3416,91184.85,22-SEP-2011,93,INE922A01025,
BERGEPAINT,EQ,102.0,104.6,101.1,102.6,102.1,103.65,215830,22095836.05,22-SEP-2011,4693,INE463A01020,
BFINVEST,EQ,57.1,57.1,52.15,53.55,53.5,57.05,14360,788759.5,22-SEP-2011,205,INE878K01010,
BFUTILITIE,EQ,534.8,537.5,495.5,502.65,497.55,545.95,451929,234687766.5,22-SEP-2011,18417,INE243D01012,
BGLOBAL,EQ,15.35,16.1,14.9,14.9,14.9,15.65,28905,434197.2,22-SEP-2011,162,INE224M01013,
BGRENERGY,EQ,354.95,368.0,342.0,345.3,344.0,360.9,1074223,383837163.95,22-SEP-2011,32967,INE661I01014,
BHAGWATIHO,EQ,79.9,81.45,78.0,79.1,79.0,81.45,15537,1238451.75,22-SEP-2011,519,INE797H01018,
BHAGYNAGAR,EQ,15.0,15.5,14.5,14.65,14.8,15.2,6086,91807.75,22-SEP-2011,61,INE458B01028,
BHARATFORG,EQ,290.0,290.0,273.15,277.35,277.0,290.45,295244,82622586.65,22-SEP-2011,7674,INE465A01025,
BHARATGEAR,EQ,51.9,51.9,49.3,49.7,50.05,50.9,2461,122626.05,22-SEP-2011,39,INE561C01019,
BHARATRAS,EQ,106.0,106.95,100.7,101.45,101.0,109.0,439,45328.95,22-SEP-2011,14,INE838B01013,
BHARTIARTL,EQ,388.7,388.7,368.05,372.8,373.65,393.25,4916728,1854562050.95,22-SEP-2011,66828,INE397D01024,
BHARTISHIP,EQ,101.5,102.9,97.05,97.6,97.4,103.35,149265,14866867.7,22-SEP-2011,2174,INE673G01013,
BHEL,EQ,1619.0,1624.45,1601.0,1603.75,1604.0,1635.2,572354,921487613.9,22-SEP-2011,42794,INE257A01018,
BHUSANSTL,EQ,339.2,339.2,328.9,331.25,328.9,343.45,146878,49016894.05,22-SEP-2011,4519,INE824B01021,
BIL,EQ,49.8,50.9,47.9,48.25,47.9,50.0,10353,511833.05,22-SEP-2011,194,INE828A01016,
BILENERGY,BE,50.9,55.7,50.75,54.9,54.95,53.3,5426,295914.0,22-SEP-2011,27,INE607L01011,
BILPOWER,EQ,87.5,87.5,83.0,83.8,84.35,88.85,1250,105862.4,22-SEP-2011,254,INE952D01018,
BIMETAL,EQ,257.05,257.05,252.25,254.95,252.25,260.0,280,71694.8,22-SEP-2011,20,INE469A01019,
BINANIIND,EQ,139.0,140.5,135.9,136.45,136.5,141.0,11828,1638977.55,22-SEP-2011,360,INE071A01013,
BINDALAGRO,EQ,68.0,68.5,63.15,64.2,64.8,69.2,84173,5552047.3,22-SEP-2011,880,INE143A01010,
BIOCON,EQ,336.0,337.55,332.35,334.0,334.4,339.35,208578,69748525.15,22-SEP-2011,3490,INE376G01013,
BIRLACORPN,EQ,323.0,325.6,322.5,323.85,322.75,325.6,811,262366.0,22-SEP-2011,81,INE340A01012,
BIRLACOT,EQ,0.4,0.4,0.35,0.35,0.35,0.4,399243,145940.65,22-SEP-2011,110,INE655I01024,
BIRLAERIC,EQ,12.55,13.7,12.5,12.6,12.6,12.95,6390,83656.65,22-SEP-2011,52,INE800A01015,
BIRLAMONEY,BE,18.55,19.25,18.55,19.0,19.0,19.3,2386,44737.6,22-SEP-2011,9,INE865C01022,
BIRLAPOWER,EQ,0.75,0.75,0.7,0.7,0.7,0.75,1521966,1081395.8,22-SEP-2011,522,INE224B01024,
BLBLIMITED,EQ,4.0,4.0,3.85,3.95,3.9,3.9,7159,28365.2,22-SEP-2011,11,INE791A01024,
BLISSGVS,EQ,21.1,21.7,20.5,20.65,20.7,21.7,15390,320747.2,22-SEP-2011,165,INE416D01022,
BLKASHYAP,EQ,11.25,11.5,10.75,10.85,10.9,11.6,679315,7537932.95,22-SEP-2011,1700,INE350H01032,
BLUECHIP,EQ,1.0,1.1,1.0,1.05,1.05,1.05,6637,6841.5,22-SEP-2011,9,INE657B01025,
BLUEDART,EQ,1669.7,1680.0,1637.0,1641.0,1654.75,1668.85,1078,1786892.65,22-SEP-2011,181,INE233B01017,
BLUESTARCO,EQ,237.4,242.35,237.0,238.15,238.0,239.5,66222,15934000.3,22-SEP-2011,438,INE472A01039,
BLUESTINFO,EQ,73.2,73.2,72.75,72.75,72.75,72.95,123,8998.55,22-SEP-2011,6,INE504B01011,
BOC,EQ,304.0,306.9,296.0,299.6,301.0,301.0,48213,14631972.9,22-SEP-2011,1194,INE473A01011,
BODALCHEM,EQ,16.25,17.15,16.25,16.95,16.95,16.9,482,8044.05,22-SEP-2011,14,INE338D01028,
BOMDYEING,EQ,357.0,364.5,342.15,345.0,348.0,358.75,572175,203237989.65,22-SEP-2011,16276,INE032A01015,
BOSCHLTD,EQ,7175.0,7175.0,7031.05,7111.9,7110.0,7143.5,1097,7802029.6,22-SEP-2011,352,INE323A01026,
BPCL,EQ,663.75,673.8,656.0,659.35,661.0,663.35,377620,252131271.35,22-SEP-2011,12296,INE029A01011,
BPL,EQ,21.4,21.8,20.65,21.05,20.65,21.7,32649,690813.6,22-SEP-2011,267,INE110A01019,
BRANDHOUSE,EQ,15.45,15.8,14.9,15.05,15.2,15.7,60769,934142.0,22-SEP-2011,371,INE317J01011,
BRFL,EQ,279.0,283.9,278.25,279.75,279.15,281.75,47974,13475301.25,22-SEP-2011,1430,INE589G01011,
BRIGADE,EQ,72.0,72.4,67.6,68.25,67.85,72.35,12756,887679.45,22-SEP-2011,463,INE791I01019,
BRITANNIA,EQ,460.45,463.4,453.0,455.0,453.0,463.45,13462,6144668.65,22-SEP-2011,1227,INE216A01022,
BROADCAST,EQ,7.7,8.45,7.65,7.8,7.65,8.25,2801,21933.45,22-SEP-2011,8,INE698H01018,
BROOKS,EQ,30.0,30.25,29.15,29.15,29.15,30.65,270591,8006106.05,22-SEP-2011,1951,INE650L01011,
BSELINFRA,EQ,3.9,4.05,3.8,3.8,3.8,4.05,38477,150747.9,22-SEP-2011,85,INE395A01016,
BSL,EQ,21.2,22.5,21.2,21.5,21.95,22.5,2539,54961.3,22-SEP-2011,30,INE594B01012,
BSLGOLDETF,EQ,2802.0,2845.0,2777.0,2800.0,2800.0,2820.05,35,98228.8,22-SEP-2011,16,INF209K01HT2,
BSLNIFTY,EQ,50.29,51.0,49.5,49.5,49.5,50.5,406,20370.59,22-SEP-2011,5,INF209K01IR4,
BSTRANSCOM,EQ,95.05,98.0,95.05,96.4,96.5,99.8,17429,1684056.6,22-SEP-2011,350,INE043K01011,
BURNPUR,BE,8.1,8.45,8.1,8.15,8.15,8.35,19238,157615.85,22-SEP-2011,46,INE817H01014,
BVCL,EQ,15.75,15.75,15.0,15.75,15.75,15.55,1767,26978.05,22-SEP-2011,66,INE139I01011,
CADILAHC,EQ,840.0,844.95,820.0,823.35,824.0,840.8,12425,10260914.6,22-SEP-2011,819,INE010B01019,
CAIRN,EQ,294.5,298.15,283.0,284.9,283.5,298.15,1716735,497705461.6,22-SEP-2011,20704,INE910H01017,
CALSOFT,EQ,29.75,29.8,29.75,29.75,29.8,28.55,815,24254.5,22-SEP-2011,8,INE526B01014,
CAMBRIDGE,EQ,25.65,25.65,23.15,24.35,24.35,23.95,1494,36167.7,22-SEP-2011,28,INE692G01013,
CAMLIN,EQ,72.25,72.45,71.05,71.95,72.0,72.25,130759,9398768.0,22-SEP-2011,538,INE760A01029,
CANBK,EQ,432.5,433.95,422.0,424.95,424.2,438.1,359566,153514549.3,22-SEP-2011,7781,INE476A01014,
CANDC,EQ,119.95,121.85,117.5,119.05,118.8,118.2,19276,2293462.55,22-SEP-2011,290,INE874H01015,
CANFINHOME,EQ,97.5,98.5,95.0,95.2,95.65,98.8,8989,868900.5,22-SEP-2011,318,INE477A01012,
CANTABIL,EQ,27.0,27.35,26.5,26.8,26.8,27.1,31463,848580.35,22-SEP-2011,179,INE068L01016,
CARBORUNIV,EQ,302.3,313.9,302.3,311.5,311.0,312.6,11763,3670769.9,22-SEP-2011,241,INE120A01026,
CAROLINFO,EQ,175.95,175.95,170.1,171.5,173.0,175.95,1017,174763.4,22-SEP-2011,31,INE198A01014,
CASTROL,EQ,502.0,515.0,502.0,510.15,510.0,521.2,35621,18193327.8,22-SEP-2011,1463,INE172A01019,
CCCL,EQ,20.4,20.4,19.05,19.9,20.0,20.1,61522,1224771.6,22-SEP-2011,857,INE429I01024,
CCL,EQ,183.65,185.1,175.0,175.45,175.0,185.7,25715,4598446.95,22-SEP-2011,902,INE421D01014,
CEATLTD,EQ,81.1,82.0,79.2,79.8,79.8,82.3,56465,4549752.4,22-SEP-2011,1335,INE482A01020,
CEBBCO,EQ,34.05,35.3,32.5,34.85,35.0,35.05,28702,994638.0,22-SEP-2011,295,INE209L01016,
CELEBRITY,EQ,7.0,7.0,6.7,6.7,6.9,7.15,3078,20830.0,22-SEP-2011,14,INE185H01016,
CELESTIAL,EQ,24.95,25.8,24.25,24.25,24.25,24.65,23384,580063.05,22-SEP-2011,162,INE221I01017,
CENTENKA,EQ,155.0,155.0,150.3,151.05,151.45,155.85,3328,506476.3,22-SEP-2011,221,INE485A01015,
CENTEXT,EQ,3.0,3.35,2.85,2.95,2.9,3.0,41861,129968.55,22-SEP-2011,108,INE281A01026,
CENTRALBK,EQ,105.0,105.0,99.05,100.65,99.9,105.85,384583,39361472.25,22-SEP-2011,7411,INE483A01010,
CENTUM,EQ,84.0,84.0,80.25,80.5,83.0,81.55,1319,106554.7,22-SEP-2011,32,INE320B01020,
CENTURYPLY,EQ,62.6,63.65,60.75,61.05,61.0,63.25,51780,3193020.7,22-SEP-2011,370,INE348B01021,
CENTURYTEX,EQ,301.2,304.2,288.25,291.0,288.35,305.45,491560,145686376.2,22-SEP-2011,10171,INE055A01016,
CERA,EQ,198.1,198.1,192.0,194.3,193.25,198.3,2910,569885.95,22-SEP-2011,110,INE739E01017,
CESC,EQ,289.85,289.85,282.9,284.55,285.0,293.1,124495,35456235.6,22-SEP-2011,2368,INE486A01013,
CHAMBLFERT,EQ,109.0,109.0,106.35,107.1,107.0,110.0,1699548,182457201.8,22-SEP-2011,16097,INE085A01013,
CHEMFALKAL,EQ,44.0,44.15,44.0,44.15,44.15,45.3,21,924.15,22-SEP-2011,3,INE479E01028,
CHEMPLAST,EQ,6.05,6.1,5.85,5.95,6.0,6.15,36447,217372.6,22-SEP-2011,90,INE488A01027,
CHENNPETRO,EQ,205.1,212.95,203.6,207.35,206.1,208.0,167937,35138677.9,22-SEP-2011,4457,INE178A01016,
CHESLINTEX,EQ,11.2,12.05,11.2,11.8,11.7,12.0,6,70.05,22-SEP-2011,4,INE217C01018,
CHETTINAD,EQ,471.55,472.0,455.0,457.35,455.0,447.5,98,45577.05,22-SEP-2011,31,INE132B01011,
CHOLAFIN,EQ,158.1,163.9,158.1,159.9,160.0,161.0,8336,1339714.8,22-SEP-2011,221,INE121A01016,
CILNOVA,EQ,17.5,17.5,17.3,17.3,17.3,17.85,1000,17400.0,22-SEP-2011,2,INE672K01017,
CIMMCO,EQ,87.0,87.0,87.0,87.0,87.0,87.3,50,4350.0,22-SEP-2011,2,INE184C01028,
CINEMAX,EQ,37.0,39.25,34.15,35.25,35.9,37.15,515449,19274607.65,22-SEP-2011,4453,INE704H01014,
CINEVISTA,EQ,3.45,3.45,3.2,3.35,3.4,3.35,14966,49672.4,22-SEP-2011,34,INE039B01026,
CIPLA,EQ,281.0,284.2,276.35,277.75,277.65,283.5,876968,246055655.15,22-SEP-2011,13730,INE059A01026,
CLASSIC,EQ,11.25,11.3,10.25,10.5,10.45,11.2,17739,191035.65,22-SEP-2011,139,INE987C01024,
CLNINDIA,EQ,729.1,731.5,721.55,724.35,722.5,736.8,3496,2542310.35,22-SEP-2011,101,INE492A01029,
CLUTCHAUTO,EQ,37.15,37.25,36.5,36.65,36.9,37.8,4625,170307.1,22-SEP-2011,66,INE779B01019,
CMAHENDRA,EQ,197.0,206.8,177.75,181.35,179.15,193.9,205312,40586672.3,22-SEP-2011,5480,INE378J01013,
CMC,EQ,853.0,853.0,825.1,837.65,846.05,858.4,11949,10001559.8,22-SEP-2011,1658,INE314A01017,
COALINDIA,EQ,379.95,381.2,374.05,375.35,375.8,384.45,1916877,722354020.45,22-SEP-2011,31124,INE522F01014,
COLPAL,EQ,999.0,999.0,971.1,975.0,975.1,999.7,33505,32990332.05,22-SEP-2011,2320,INE259A01022,
COMPUAGE,EQ,113.45,113.45,107.45,107.85,107.6,113.45,624,69421.8,22-SEP-2011,16,INE070C01029,
CONCOR,EQ,895.0,904.85,875.0,885.25,881.0,905.3,17561,15731209.35,22-SEP-2011,805,INE111A01017,
CONSOFINVT,EQ,65.65,65.65,59.55,59.55,59.55,62.55,977,58980.45,22-SEP-2011,25,INE025A01027,
CORAL-HUB,EQ,5.0,5.15,4.8,5.0,5.0,5.1,6545,32519.5,22-SEP-2011,49,INE108J01030,
CORDSCABLE,EQ,33.8,33.8,33.0,33.15,33.1,33.9,1451,48368.7,22-SEP-2011,37,INE792I01017,
COREEDUTEC,EQ,285.9,285.9,282.0,284.35,284.55,287.3,60166,17073591.9,22-SEP-2011,1950,INE247G01024,
COROMANDEL,EQ,306.75,312.0,302.1,303.9,305.0,309.85,32327,9835145.1,22-SEP-2011,829,INE169A01031,
CORPBANK,EQ,437.95,437.95,433.0,433.55,434.0,438.5,14072,6112937.6,22-SEP-2011,1012,INE112A01015,
COSMOFILMS,EQ,88.0,88.35,86.0,86.35,86.5,87.9,22279,1940367.9,22-SEP-2011,236,INE757A01017,
COX&KINGS,EQ,212.3,214.55,202.55,205.05,205.75,215.1,127554,26768919.7,22-SEP-2011,3462,INE008I01026,
CPIL,EQ,290.3,295.5,271.5,275.65,273.0,299.7,58910,16822103.7,22-SEP-2011,2947,INE521J01018,
CREATIVEYE,EQ,5.2,5.5,5.2,5.2,5.2,5.4,4408,23649.95,22-SEP-2011,30,INE230B01021,
CRESTANI,EQ,35.05,36.4,32.25,32.85,32.5,35.5,77744,2693122.2,22-SEP-2011,726,INE774A01012,
CREWBOS,EQ,40.5,40.5,38.4,38.6,38.8,40.4,89912,3521860.95,22-SEP-2011,1088,INE514G01019,
CRISIL,EQ,8495.0,8495.0,8304.05,8363.5,8400.0,8444.7,1845,15484024.3,22-SEP-2011,509,INE007A01017,
CROMPGREAV,EQ,158.0,158.0,149.6,150.1,150.0,159.8,1471879,224626660.25,22-SEP-2011,17413,INE067A01029,
CRONIMET,EQ,101.8,106.5,101.8,104.1,103.55,105.4,2190,230075.2,22-SEP-2011,76,INE592I01011,
CTE,EQ,7.1,7.55,6.75,7.05,7.4,7.45,6899,48593.75,22-SEP-2011,36,INE627H01017,
CUB,EQ,45.25,45.8,44.15,44.4,44.6,46.2,208345,9360458.75,22-SEP-2011,1453,INE491A01021,
CUBEXTUB,EQ,12.35,12.35,11.5,11.5,11.5,11.5,2500,30350.0,22-SEP-2011,7,INE144D01012,
CUMMINSIND,EQ,421.2,432.65,417.1,419.45,418.1,431.15,124363,52753389.95,22-SEP-2011,6607,INE298A01020,
CURATECH,EQ,159.95,160.0,155.0,155.0,155.0,157.95,88,13933.25,22-SEP-2011,4,INE117B01012,
CYBERMEDIA,EQ,14.05,14.05,14.0,14.0,14.0,14.05,156,2184.2,22-SEP-2011,2,INE278G01037,
CYBERTECH,EQ,12.05,12.05,11.35,11.4,11.4,11.9,6949,80948.7,22-SEP-2011,75,INE214A01019,
DAAWAT,EQ,47.25,47.35,45.2,45.4,45.4,48.05,30765,1424633.65,22-SEP-2011,533,INE818H01012,
DABUR,EQ,106.0,106.85,103.4,104.1,103.5,107.0,536990,56386710.4,22-SEP-2011,5775,INE016A01026,
DALMIABEL,EQ,114.9,114.9,108.5,109.5,109.95,112.95,4528,499161.3,22-SEP-2011,174,INE439L01019,
DALMIASUG,EQ,18.0,18.8,17.6,17.95,18.0,18.0,4899,87890.45,22-SEP-2011,50,INE495A01022,
DATAMATICS,EQ,28.0,28.35,27.6,27.7,28.35,27.95,3448,96388.85,22-SEP-2011,18,INE365B01017,
DBCORP,EQ,221.0,221.0,216.0,218.65,218.0,221.45,29727,6499972.65,22-SEP-2011,576,INE950I01011,
DBREALTY,EQ,59.0,59.3,56.0,56.4,56.15,59.95,515764,29641912.2,22-SEP-2011,4890,INE879I01012,
DCB,EQ,48.4,48.4,46.2,46.55,46.2,48.85,1394558,65717814.55,22-SEP-2011,9830,INE503A01015,
DCHL,EQ,60.4,60.75,56.2,56.95,57.05,61.9,332946,19473695.6,22-SEP-2011,3784,INE137G01027,
DCM,EQ,51.0,52.0,49.95,50.45,50.25,52.3,13550,691464.55,22-SEP-2011,293,INE498A01018,
DCMSRMCONS,EQ,44.25,45.8,44.25,44.45,45.1,44.9,48857,2190698.4,22-SEP-2011,349,INE499A01024,
DCW,EQ,9.3,9.55,9.1,9.2,9.2,9.7,114201,1062785.8,22-SEP-2011,292,INE500A01029,
DECCANCE,EQ,146.0,150.0,146.0,148.0,148.0,148.0,1823,269275.55,22-SEP-2011,55,INE583C01013,
DECOLIGHT,EQ,4.6,4.65,4.35,4.45,4.35,4.55,7150,32144.75,22-SEP-2011,50,INE172I01012,
DEEPAKFERT,EQ,164.5,168.5,163.55,166.3,165.0,165.2,207264,34207781.85,22-SEP-2011,755,INE501A01019,
DEEPAKNTR,EQ,177.0,177.0,173.0,174.95,175.0,179.5,140,24409.5,22-SEP-2011,7,INE288B01011,
DEEPIND,EQ,85.4,90.5,80.1,81.5,81.0,83.15,172425,14776277.05,22-SEP-2011,2657,INE677H01012,
DELTACORP,EQ,110.8,111.35,101.25,102.65,102.35,112.65,7984925,852342162.05,22-SEP-2011,45505,INE124G01033,
DEN,EQ,58.05,59.75,54.5,55.7,55.0,59.0,332482,19116250.7,22-SEP-2011,2091,INE947J01015,
DENABANK,EQ,82.9,82.9,79.25,79.5,79.9,84.0,1495468,120976698.4,22-SEP-2011,10566,INE077A01010,
DENORA,EQ,82.0,82.0,80.0,80.3,80.15,83.95,3239,261881.8,22-SEP-2011,33,INE244A01016,
DENSO,EQ,57.95,58.0,54.2,54.95,54.2,58.0,776,43300.75,22-SEP-2011,40,INE502A01017,
DEWANHOUS,EQ,221.8,221.8,211.15,211.85,212.5,222.6,21040,4523505.6,22-SEP-2011,1313,INE202B01012,
DHAMPURSUG,EQ,43.1,44.1,43.0,43.25,43.1,44.3,59735,2601698.4,22-SEP-2011,989,INE041A01016,
DHANBANK,EQ,79.0,79.9,75.5,76.5,76.2,79.95,342129,26632274.2,22-SEP-2011,4064,INE680A01011,
DHANUKA,EQ,105.5,105.5,99.0,100.2,100.5,102.7,39798,4021999.85,22-SEP-2011,226,INE435G01025,
DHANUS,BE,4.05,4.1,3.95,4.0,4.0,4.15,13053,52053.6,22-SEP-2011,44,INE406H01016,
DHARSUGAR,EQ,28.5,29.6,28.0,28.45,28.6,29.0,4295,122903.4,22-SEP-2011,52,INE988C01014,
DHUNINV,EQ,84.5,85.6,84.5,85.6,85.6,85.5,58,4909.8,22-SEP-2011,4,INE320L01011,
DIAPOWER,EQ,101.0,107.75,101.0,103.65,103.0,108.5,13924,1458599.3,22-SEP-2011,314,INE989C01012,
DICIND,EQ,244.0,244.0,232.1,239.15,237.85,244.2,714,171531.5,22-SEP-2011,51,INE303A01010,
DIGJAM,EQ,9.35,9.65,9.3,9.35,9.35,9.65,25494,239372.1,22-SEP-2011,116,INE471A01023,
DISHMAN,EQ,65.0,66.0,63.05,63.45,63.5,66.0,52282,3379818.75,22-SEP-2011,896,INE353G01020,
DISHTV,EQ,78.0,78.0,73.7,75.5,76.05,78.65,4695033,356672256.3,22-SEP-2011,21646,INE836F01026,
DIVISLAB,EQ,735.1,739.85,710.55,717.35,713.0,744.7,96969,70587408.35,22-SEP-2011,4973,INE361B01024,
DLF,EQ,207.25,208.2,196.1,197.9,196.45,213.15,5215158,1057027738.45,22-SEP-2011,51064,INE271C01023,
DLINKINDIA,EQ,22.5,22.5,21.6,22.0,22.5,22.45,2850,62992.4,22-SEP-2011,60,INE250K01012,
DOLPHINOFF,EQ,140.0,140.0,126.7,128.35,128.9,138.8,17465,2287090.55,22-SEP-2011,575,INE920A01011,
DONEAR,EQ,20.6,20.65,20.0,20.35,20.0,21.0,2540,51806.0,22-SEP-2011,20,INE668D01028,
DPSCLTD,EQ,2070.0,2070.0,1900.0,1933.0,1946.0,1975.0,50,97831.0,22-SEP-2011,30,INE360C01016,
DPTL,EQ,132.0,136.95,132.0,134.1,134.0,135.65,2059,276998.7,22-SEP-2011,43,INE477B01010,
DQE,EQ,37.5,41.2,36.25,39.9,39.8,38.1,116393,4552337.65,22-SEP-2011,662,INE656K01010,
DREDGECORP,EQ,275.35,279.9,263.55,266.7,263.55,285.25,11597,3177588.6,22-SEP-2011,631,INE506A01018,
DRREDDY,EQ,1522.0,1526.65,1490.5,1503.95,1490.5,1530.8,264178,399036759.25,22-SEP-2011,18536,INE089A01023,
DSKULKARNI,EQ,61.8,62.9,59.0,59.7,59.7,60.4,33824,2024122.65,22-SEP-2011,268,INE891A01014,
DUNCANSIND,EQ,10.0,10.35,9.85,9.95,10.0,10.1,23131,232184.75,22-SEP-2011,141,INE508A01014,
DWARKESH,EQ,44.0,44.0,42.5,42.95,43.2,44.9,8770,380216.0,22-SEP-2011,144,INE366A01033,
DYNAMATECH,EQ,999.0,1018.5,950.0,961.95,950.0,1002.45,895,876725.95,22-SEP-2011,65,INE221B01012,
DYNASYS,EQ,0.65,0.7,0.65,0.65,0.65,0.65,4360,2894.1,22-SEP-2011,5,INE417B01032,
EASTSILK,EQ,6.2,6.4,6.15,6.2,6.25,6.45,15325,95781.25,22-SEP-2011,50,INE962C01027,
EASUNREYRL,BE,70.0,73.95,70.0,72.65,73.0,73.35,16770,1211962.6,22-SEP-2011,65,INE268C01029,
ECEIND,EQ,108.0,108.0,104.2,104.3,104.3,109.85,556,57994.75,22-SEP-2011,26,INE588B01014,
ECLERX,EQ,738.0,739.95,722.4,729.8,731.0,736.65,4932,3614869.2,22-SEP-2011,448,INE738I01010,
EDELWEISS,EQ,28.15,28.4,27.25,27.95,28.3,28.45,120433,3347412.9,22-SEP-2011,1208,INE532F01054,
EDL,EQ,95.0,96.35,91.3,92.75,92.65,96.05,10135,957994.1,22-SEP-2011,303,INE180G01019,
EDSERV,EQ,104.75,106.5,99.7,100.6,100.05,106.9,138262,14170383.75,22-SEP-2011,2475,INE889J01019,
EDUCOMP,EQ,241.0,241.0,220.0,221.85,220.4,245.25,2945806,678814224.2,22-SEP-2011,49972,INE216H01027,
EICHERMOT,EQ,1614.0,1650.0,1555.15,1573.65,1572.0,1615.15,61033,98892035.95,22-SEP-2011,6020,INE066A01013,
EIDPARRY,EQ,238.05,242.0,222.0,233.3,230.0,242.1,89466,20786798.85,22-SEP-2011,2378,INE126A01031,
EIHAHOTELS,EQ,152.6,157.85,152.6,154.45,157.85,155.0,4138,638899.2,22-SEP-2011,285,INE276C01014,
EIHOTEL,EQ,87.5,88.75,85.0,85.7,85.4,89.4,46350,4025203.8,22-SEP-2011,745,INE230A01023,
EIMCOELECO,EQ,187.0,187.0,171.15,177.7,182.5,190.0,1686,302988.5,22-SEP-2011,286,INE158B01016,
EKC,EQ,76.1,76.25,72.0,72.9,74.05,77.5,174988,13009515.8,22-SEP-2011,2716,INE184H01027,
ELDERPHARM,EQ,380.0,380.1,373.0,375.8,377.45,381.65,30408,11466994.8,22-SEP-2011,888,INE975A01015,
ELECON,EQ,72.9,72.9,71.3,71.7,71.65,72.9,30325,2181339.0,22-SEP-2011,652,INE205B01023,
ELECTCAST,EQ,29.5,29.5,29.1,29.2,29.2,29.5,96829,2832460.1,22-SEP-2011,581,INE086A01029,
ELECTHERM,EQ,120.1,125.25,120.1,122.0,121.65,123.4,8833,1090338.25,22-SEP-2011,258,INE822G01016,
ELFORGE,EQ,10.35,11.0,10.35,10.55,10.55,11.0,1065,11686.5,22-SEP-2011,9,INE158F01017,
ELGIEQUIP,EQ,72.0,72.8,70.5,70.7,70.6,72.7,81832,5811779.2,22-SEP-2011,552,INE285A01027,
ELGIRUBCO,EQ,26.65,27.4,24.65,25.15,26.2,27.6,26348,670247.1,22-SEP-2011,145,INE819L01012,
ELNET,EQ,34.2,34.8,33.2,34.15,34.2,33.35,2466,84294.25,22-SEP-2011,46,INE033C01019,
EMAMIINFRA,EQ,39.0,40.6,38.15,39.4,39.5,39.85,39386,1568892.7,22-SEP-2011,183,INE778K01012,
EMAMILTD,EQ,446.7,451.95,440.0,441.7,444.5,449.1,13262,5903997.25,22-SEP-2011,734,INE548C01032,
EMCO,EQ,51.5,53.0,50.0,50.75,50.0,51.85,23039,1182854.6,22-SEP-2011,355,INE078A01026,
EMKAY,EQ,47.5,47.5,46.15,46.7,47.0,47.0,5128,239694.0,22-SEP-2011,18,INE296H01011,
EMMBI,EQ,14.0,14.45,13.9,14.0,14.0,14.4,15468,218666.0,22-SEP-2011,106,INE753K01015,
EMPEESUG,EQ,19.7,20.0,18.65,18.8,18.65,19.7,5575,107471.0,22-SEP-2011,38,INE928B01012,
ENERGYDEV,EQ,40.75,40.75,37.3,38.85,38.05,40.9,3472,132168.15,22-SEP-2011,54,INE306C01019,
ENGINERSIN,EQ,260.0,262.1,253.0,254.0,253.15,263.65,333306,86558326.05,22-SEP-2011,1348,INE510A01028,
ENIL,EQ,265.25,276.6,258.15,262.85,262.15,267.35,112220,30015174.0,22-SEP-2011,4179,INE265F01028,
ENTEGRA,EQ,26.25,27.5,23.55,24.05,24.1,27.2,130644,3257108.5,22-SEP-2011,1437,INE826A01028,
EONELECT,EQ,62.5,62.5,60.0,60.3,60.3,63.55,10121,616045.35,22-SEP-2011,244,INE076H01017,
ERAINFRA,EQ,154.8,154.85,154.0,154.2,154.65,154.85,264714,40854470.75,22-SEP-2011,3915,INE039E01020,
EROSMEDIA,EQ,252.75,267.3,252.75,254.85,254.75,256.1,1106502,289712342.7,22-SEP-2011,22930,INE416L01017,
ESABINDIA,EQ,536.0,546.0,531.05,535.75,535.1,540.05,8483,4573950.35,22-SEP-2011,574,INE284A01012,
ESCORTS,EQ,76.0,76.4,71.7,72.0,72.15,77.0,1385089,102441921.5,22-SEP-2011,15045,INE042A01014,
ESL,EQ,7.0,7.0,6.75,6.8,6.8,6.95,346995,2386290.1,22-SEP-2011,311,INE481K01013,
ESSAROIL,EQ,92.8,92.8,88.0,89.25,88.2,93.5,804297,72959549.25,22-SEP-2011,9632,INE011A01019,
ESSARPORTS,EQ,67.95,68.5,64.65,65.3,65.4,67.95,49374,3257977.4,22-SEP-2011,796,INE282A01024,
ESSDEE,EQ,208.0,209.0,197.7,199.85,198.0,210.6,25855,5301456.75,22-SEP-2011,1354,INE825H01017,
ESSELPACK,EQ,38.1,38.2,37.0,37.05,37.2,38.15,15437,577962.85,22-SEP-2011,230,INE255A01020,
ESTER,EQ,29.25,29.5,28.4,28.55,28.8,29.3,14650,420938.35,22-SEP-2011,128,INE778B01029,
EUROCERA,BE,22.25,22.95,21.8,22.95,22.95,22.25,435,9778.0,22-SEP-2011,4,INE649H01011,
EUROMULTI,EQ,8.1,8.3,8.0,8.05,8.05,8.2,5066,40999.75,22-SEP-2011,17,INE063J01011,
EUROTEXIND,EQ,19.7,19.85,19.4,19.8,19.8,19.7,522,10253.6,22-SEP-2011,15,INE022C01012,
EVEREADY,EQ,39.2,39.95,37.8,38.0,38.0,40.1,93802,3613840.0,22-SEP-2011,942,INE128A01029,
EVERESTIND,EQ,155.0,155.0,151.05,151.8,151.5,156.0,21735,3307512.7,22-SEP-2011,376,INE295A01018,
EVERONN,EQ,404.9,404.9,392.25,403.75,404.9,385.6,776677,313994999.7,22-SEP-2011,5844,INE678H01010,
EVINIX,BE,0.75,0.75,0.7,0.7,0.7,0.75,35849,25886.75,22-SEP-2011,20,INE961H01028,
EXCELCROP,EQ,135.2,139.2,134.0,134.45,135.0,138.35,5836,795551.45,22-SEP-2011,147,INE223G01017,
EXCELINDUS,EQ,65.25,67.85,64.35,67.1,64.65,65.5,473,30706.85,22-SEP-2011,34,INE369A01029,
EXCELINFO,EQ,13.2,13.2,12.55,12.75,12.8,13.05,25300,324387.8,22-SEP-2011,352,INE688J01015,
EXIDEIND,EQ,134.9,136.3,133.15,134.15,134.05,137.05,2174417,292572713.6,22-SEP-2011,22007,INE302A01020,
FACT,EQ,36.45,37.0,36.35,36.4,36.6,37.15,15221,555842.35,22-SEP-2011,191,INE188A01015,
FAGBEARING,EQ,1236.2,1255.0,1205.25,1236.2,1231.0,1255.35,1876,2332560.4,22-SEP-2011,98,INE513A01014,
FAME,EQ,48.4,51.9,46.55,49.0,48.65,47.15,61871,3124872.55,22-SEP-2011,1130,INE886G01011,
FARMAXIND,EQ,2.65,2.75,2.5,2.7,2.7,2.5,202545,549800.4,22-SEP-2011,278,INE890I01035,
FCH,EQ,154.3,155.0,148.1,148.85,148.9,156.35,71146,10752744.55,22-SEP-2011,2214,INE688I01017,
FCSSOFT,EQ,0.7,0.7,0.65,0.65,0.7,0.7,474115,319427.95,22-SEP-2011,284,INE512B01022,
FDC,EQ,89.5,91.5,89.0,90.35,91.0,90.05,33101,2962978.3,22-SEP-2011,359,INE258B01022,
FEDDERLOYD,EQ,67.05,68.7,65.7,66.05,65.75,67.85,3500,235307.75,22-SEP-2011,161,INE249C01011,
FEDERALBNK,EQ,371.25,371.5,357.45,361.85,363.0,376.7,345482,125489269.95,22-SEP-2011,6861,INE171A01011,
FIEMIND,EQ,163.0,163.0,158.0,158.05,158.05,163.9,898,142737.3,22-SEP-2011,84,INE737H01014,
FINANTECH,EQ,885.0,887.7,832.05,840.0,832.5,893.55,277806,237872524.75,22-SEP-2011,12066,INE111B01023,
FINCABLES,EQ,39.5,39.95,38.5,38.75,38.85,40.05,39108,1526354.45,22-SEP-2011,482,INE235A01022,
FINPIPE,EQ,67.05,68.4,64.5,64.95,64.8,68.05,48350,3188924.7,22-SEP-2011,699,INE183A01016,
FIRSTLEASE,EQ,75.0,77.05,73.0,73.55,74.0,76.1,11132,826340.3,22-SEP-2011,343,INE492B01019,
FIRSTWIN,EQ,14.75,14.85,14.75,14.85,14.85,15.25,208,3068.8,22-SEP-2011,4,INE315J01015,
FKONCO,EQ,117.0,122.35,115.0,116.9,117.35,118.45,38439,4542382.05,22-SEP-2011,705,INE575G01010,
FMGOETZE,EQ,225.25,235.95,225.1,235.0,232.0,228.9,4683,1094266.15,22-SEP-2011,214,INE529A01010,
FORTIS,EQ,137.65,138.85,135.05,135.25,135.1,139.05,672455,91972759.95,22-SEP-2011,9039,INE061F01013,
FOSECOIND,EQ,537.9,540.0,528.2,531.0,537.0,548.85,432,231890.5,22-SEP-2011,122,INE519A01011,
FOURSOFT,BE,10.35,10.8,10.35,10.35,10.35,10.35,3915,40647.25,22-SEP-2011,18,INE218G01017,
FSL,EQ,11.85,12.6,11.75,11.9,11.8,12.75,2049737,24988426.5,22-SEP-2011,9921,INE684F01012,
FUTUREVENT,EQ,9.3,9.6,9.1,9.5,9.5,9.35,1397728,13234536.7,22-SEP-2011,1553,INE220J01017,
GABRIEL,EQ,40.15,41.4,40.0,40.4,40.45,41.35,8427,341024.5,22-SEP-2011,82,INE524A01029,
GAEL,EQ,23.2,24.0,22.7,23.65,24.0,23.5,35181,824574.15,22-SEP-2011,259,INE036B01022,
GAIL,EQ,428.6,428.9,417.1,423.35,426.25,431.15,528622,223416115.7,22-SEP-2011,10783,INE129A01019,
GAL,EQ,11.0,12.35,10.8,11.85,11.65,11.35,141865,1655459.25,22-SEP-2011,595,INE482J01013,
GALLANTT,EQ,14.5,15.0,14.5,14.95,14.95,14.65,5422,79363.1,22-SEP-2011,20,INE297H01019,
GALLISPAT,EQ,91.5,92.55,90.35,91.25,91.6,91.95,143461,13123362.0,22-SEP-2011,738,INE528K01011,
GAMMNINFRA,EQ,14.15,14.4,14.0,14.2,14.0,14.15,68679,973845.55,22-SEP-2011,369,INE181G01025,
GAMMONIND,EQ,81.0,81.0,77.15,78.0,77.75,80.3,7711,606164.2,22-SEP-2011,339,INE259B01020,
GANDHITUBE,EQ,126.0,126.0,126.0,126.0,126.0,122.25,500,63000.0,22-SEP-2011,1,INE524B01027,
GANESHHOUC,EQ,140.0,140.0,129.1,135.65,133.0,138.25,13190,1767559.95,22-SEP-2011,788,INE460C01014,
GANGOTRI,EQ,4.5,5.0,4.35,4.45,4.6,4.8,9620,43191.4,22-SEP-2011,93,INE670B01028,
GARDENSILK,EQ,75.95,76.0,73.0,73.7,74.0,76.95,10885,815977.45,22-SEP-2011,286,INE526A01016,
GARWALLROP,EQ,56.0,56.0,54.5,54.55,55.3,55.35,4710,257835.8,22-SEP-2011,50,INE276A01018,
GATI,EQ,57.65,58.0,54.9,55.2,54.9,58.35,163499,9205109.8,22-SEP-2011,1636,INE152B01027,
GAYAPROJ,EQ,155.0,155.0,142.0,144.8,145.5,147.9,14477,2162975.8,22-SEP-2011,106,INE336H01015,
GDL,EQ,140.0,140.0,136.5,137.1,137.0,140.55,44291,6100208.05,22-SEP-2011,1033,INE852F01015,
GEECEE,EQ,33.6,33.6,31.15,31.15,31.15,31.85,3743,120115.55,22-SEP-2011,33,INE916G01016,
GEINDSYS,EQ,137.15,139.25,130.55,133.8,132.0,139.4,13923,1907838.65,22-SEP-2011,139,INE599B01011,
GEMINI,EQ,25.0,26.35,23.6,23.95,23.7,24.8,43353,1080557.9,22-SEP-2011,332,INE878C01033,
GENESYS,EQ,215.0,215.0,205.0,207.35,207.5,218.95,1151,241737.85,22-SEP-2011,123,INE727B01026,
GENUSPOWER,EQ,14.0,15.0,14.0,14.25,14.25,14.55,37334,532367.0,22-SEP-2011,183,INE955D01029,
GEODESIC,EQ,57.45,58.0,56.5,56.75,56.55,58.0,109610,6259385.55,22-SEP-2011,1047,INE371D01029,
GEOJITBNPP,EQ,19.75,19.75,19.05,19.1,19.05,19.8,49510,957654.15,22-SEP-2011,313,INE007B01023,
GEOMETRIC,EQ,45.0,46.0,43.5,44.1,43.5,45.7,20717,923129.9,22-SEP-2011,406,INE797A01021,
GESHIP,EQ,258.0,259.05,251.1,254.15,255.0,261.9,169246,43193354.2,22-SEP-2011,6395,INE017A01032,
GHCL,EQ,39.0,39.25,38.1,38.4,38.4,39.25,34290,1328559.1,22-SEP-2011,427,INE539A01019,
GICHSGFIN,EQ,88.7,93.75,86.55,89.35,88.8,89.3,432163,39475896.55,22-SEP-2011,5657,INE289B01019,
GILLANDERS,EQ,87.0,88.85,85.25,86.6,85.45,87.05,3832,333887.2,22-SEP-2011,161,INE047B01011,
GILLETTE,EQ,2055.0,2099.95,2035.0,2046.85,2035.0,2072.0,1280,2631746.6,22-SEP-2011,144,INE322A01010,
GINNIFILA,EQ,8.0,8.45,7.5,7.85,7.85,7.7,2206,17824.1,22-SEP-2011,28,INE424C01010,
GIPCL,EQ,83.7,83.7,81.0,81.1,81.5,83.5,21661,1779313.8,22-SEP-2011,424,INE162A01010,
GISOLUTION,EQ,11.15,13.5,11.15,12.2,12.2,11.55,907,11530.8,22-SEP-2011,29,INE065J01016,
GITANJALI,EQ,365.0,367.7,351.15,357.35,360.7,365.15,717116,258817548.65,22-SEP-2011,14056,INE346H01014,
GKB,EQ,38.5,38.5,37.5,37.5,37.5,40.5,66,2539.5,22-SEP-2011,3,INE265D01015,
GKWLIMITED,EQ,471.0,471.0,471.0,471.0,471.0,485.0,4,1884.0,22-SEP-2011,2,INE528A01020,
GLAXO,EQ,2040.5,2059.95,2031.1,2051.35,2050.0,2069.75,106877,218389713.4,22-SEP-2011,725,INE159A01016,
GLENMARK,EQ,324.8,329.0,324.75,326.05,325.55,326.15,252503,82497854.2,22-SEP-2011,6239,INE935A01035,
GLFL,EQ,3.3,3.3,3.3,3.3,3.3,3.5,900,2970.0,22-SEP-2011,2,INE540A01017,
GLOBALVECT,EQ,20.1,20.9,20.0,20.85,20.1,20.95,128,2648.7,22-SEP-2011,10,INE792H01019,
GLOBOFFS,EQ,95.0,96.75,95.0,96.5,96.5,96.4,290,27820.0,22-SEP-2011,6,INE446C01013,
GLOBUSSPR,EQ,115.2,116.25,110.15,112.05,110.15,115.75,6533,744927.75,22-SEP-2011,203,INE615I01010,
GLODYNE,EQ,365.95,376.0,341.2,353.15,348.7,374.65,192853,69123716.85,22-SEP-2011,5256,INE932G01021,
GLORY,EQ,3.85,3.85,3.65,3.7,3.75,3.9,109325,409921.4,22-SEP-2011,108,INE408H01012,
GMBREW,EQ,97.55,97.55,94.35,94.75,95.8,98.5,2567,245908.0,22-SEP-2011,95,INE075D01018,
GMDCLTD,EQ,170.25,182.45,170.25,177.85,180.1,182.8,517063,92964210.75,22-SEP-2011,9282,INE131A01031,
GMRINFRA,EQ,29.65,29.85,28.1,28.35,28.25,30.15,3247750,94516933.9,22-SEP-2011,9796,INE776C01039,
GNFC,EQ,93.0,93.5,91.15,91.65,91.5,93.55,38580,3560047.75,22-SEP-2011,766,INE113A01013,
GOACARBON,EQ,79.5,80.8,77.7,78.4,79.5,80.8,5412,428510.55,22-SEP-2011,189,INE426D01013,
GODFRYPHLP,EQ,3649.0,3659.0,3470.0,3498.55,3479.95,3662.95,1914,6845387.85,22-SEP-2011,429,INE260B01010,
GODREJCP,EQ,420.0,426.0,419.15,420.9,420.0,423.75,122286,51824407.45,22-SEP-2011,2676,INE102D01028,
GODREJIND,EQ,205.95,206.0,188.85,190.4,189.2,208.3,688907,135142872.45,22-SEP-2011,11237,INE233A01035,
GODREJPROP,EQ,659.95,659.95,635.0,641.85,645.0,661.15,10851,7009625.35,22-SEP-2011,1423,INE484J01019,
GOENKA,EQ,42.0,43.45,41.5,41.9,42.35,42.5,71367,2996480.4,22-SEP-2011,244,INE516K01016,
GOKEX,EQ,91.0,91.0,85.05,85.95,85.05,91.1,9199,802062.3,22-SEP-2011,227,INE887G01027,
GOKUL,EQ,85.5,85.5,83.2,84.55,84.6,86.0,15997,1351642.95,22-SEP-2011,198,INE020J01029,
GOLDBEES,EQ,2737.0,2737.0,2699.0,2704.3,2703.0,2717.5,216090,585229137.15,22-SEP-2011,9528,INF732E01102,
GOLDENTOBC,EQ,60.05,61.45,59.7,60.55,60.55,60.1,4827,291953.15,22-SEP-2011,71,INE973A01010,
GOLDIAM,EQ,34.35,34.6,34.0,34.0,34.0,35.1,4788,163515.15,22-SEP-2011,28,INE025B01017,
GOLDINFRA,EQ,13.85,14.4,13.7,13.85,13.9,14.25,3583,50006.25,22-SEP-2011,54,INE260D01016,
GOLDSHARE,EQ,2699.0,2720.0,2699.0,2708.1,2707.1,2719.3,8244,22354160.0,22-SEP-2011,1120,INF789F01059,
GOLDTECH,EQ,9.0,9.05,8.6,8.65,8.65,9.1,15482,136334.25,22-SEP-2011,96,INE805A01014,
GPIL,EQ,136.1,136.5,132.35,133.4,134.9,137.25,36157,4856939.15,22-SEP-2011,734,INE177H01013,
GPPL,EQ,66.2,66.9,65.5,66.0,65.55,66.6,42962,2835116.0,22-SEP-2011,309,INE517F01014,
GRABALALK,EQ,18.5,19.0,17.6,17.75,17.6,19.4,5620,99798.2,22-SEP-2011,22,INE012D01011,
GRANULES,EQ,67.5,67.5,65.35,66.15,66.0,67.55,1651,109905.8,22-SEP-2011,83,INE101D01012,
GRAPHITE,EQ,77.0,77.4,76.45,76.85,76.55,77.5,15801,1214146.05,22-SEP-2011,308,INE371A01025,
GRASIM,EQ,2339.95,2339.95,2276.3,2313.2,2305.0,2356.05,102132,236519034.6,22-SEP-2011,6461,INE047A01013,
GRAVITA,EQ,414.9,434.8,412.3,424.75,418.0,420.3,2614014,1109558888.5,22-SEP-2011,79250,INE024L01019,
GREAVESCOT,EQ,90.8,91.5,88.5,89.85,90.0,91.7,24345,2191132.9,22-SEP-2011,328,INE224A01026,
GREENPLY,EQ,200.0,200.0,196.0,196.05,196.0,201.0,1122,220097.0,22-SEP-2011,37,INE461C01020,
GREENPOWER,EQ,15.45,15.5,14.3,14.65,14.8,15.6,750237,11139089.8,22-SEP-2011,1768,INE999K01014,
GRINDWELL,EQ,242.0,242.0,235.2,237.6,235.2,242.2,1529,364373.2,22-SEP-2011,65,INE536A01023,
GRUH,EQ,504.4,504.5,491.1,493.55,493.0,504.7,6183,3082101.55,22-SEP-2011,444,INE580B01011,
GSFC,EQ,457.4,457.4,442.0,445.95,448.8,461.55,127498,56846380.4,22-SEP-2011,4697,INE026A01017,
GSKCONS,EQ,2336.2,2398.0,2336.2,2358.3,2363.0,2386.35,1835,4365773.05,22-SEP-2011,379,INE264A01014,
GSLNOVA,EQ,2.65,2.8,2.6,2.6,2.6,2.75,3853,10183.2,22-SEP-2011,19,INE787A01022,
GSPL,EQ,105.7,106.55,101.6,102.75,102.75,106.9,1198440,124723822.95,22-SEP-2011,8538,INE246F01010,
GSS,EQ,133.15,135.85,130.15,131.35,131.7,134.4,3031,405000.95,22-SEP-2011,129,INE871H01011,
GTL,EQ,66.8,69.8,64.5,65.45,65.25,67.95,4437768,300463977.9,22-SEP-2011,36015,INE043A01012,
GTLINFRA,EQ,13.0,13.6,12.65,12.8,12.75,13.25,1562899,20494137.45,22-SEP-2011,3880,INE221H01019,
GTNIND,EQ,14.5,14.85,14.2,14.2,14.2,14.75,620,8872.5,22-SEP-2011,6,INE537A01013,
GTNTEX,EQ,12.0,12.9,11.2,12.85,12.85,12.6,21,261.6,22-SEP-2011,7,INE302H01017,
GTOFFSHORE,EQ,139.8,139.8,132.5,133.4,133.0,141.65,132587,17989030.95,22-SEP-2011,3748,INE892H01017,
GUFICBIO,EQ,7.65,7.65,7.05,7.35,7.25,7.4,13095,95483.8,22-SEP-2011,41,INE742B01025,
GUJALKALI,EQ,142.9,144.5,140.0,140.55,141.0,142.75,44462,6314815.75,22-SEP-2011,958,INE186A01019,
GUJAPOLLO,EQ,124.95,127.0,124.5,125.15,126.45,125.3,4336,542270.55,22-SEP-2011,57,INE826C01016,
GUJFLUORO,EQ,545.15,560.0,532.5,535.55,537.0,550.9,180903,99381635.8,22-SEP-2011,6540,INE538A01037,
GUJNRECOKE,EQ,26.0,26.25,25.25,25.4,25.35,26.3,1834196,47230973.45,22-SEP-2011,9398,INE110D01013,
GUJNREDVR,EQ,17.05,17.7,16.5,16.7,16.85,17.15,95855,1628994.7,22-SEP-2011,449,IN9110D01011,
GUJRATGAS,EQ,437.0,440.0,436.0,436.25,436.1,440.7,19729,8617688.3,22-SEP-2011,641,INE374A01029,
GUJSIDHCEM,EQ,9.3,9.3,8.8,8.85,8.9,9.3,98412,884233.45,22-SEP-2011,296,INE542A01013,
GULFOILCOR,EQ,76.5,77.45,75.35,75.8,76.3,77.15,20368,1553879.95,22-SEP-2011,372,INE077F01027,
GVKPIL,EQ,17.3,17.8,16.6,16.7,16.65,17.45,9841184,167127937.1,22-SEP-2011,20592,INE251H01024,
HALONIX,EQ,70.0,70.0,66.5,66.5,66.5,70.5,1767,118733.35,22-SEP-2011,42,INE455B01016,
HANUNG,EQ,117.0,117.2,111.55,112.6,112.0,119.15,215865,24745639.5,22-SEP-2011,5042,INE648H01013,
HARITASEAT,EQ,69.5,72.9,69.05,72.9,72.9,69.15,153,10609.05,22-SEP-2011,6,INE939D01015,
HARRMALAYA,EQ,64.1,64.1,61.6,62.5,62.5,64.6,7997,505433.6,22-SEP-2011,351,INE544A01019,
HATHWAY,EQ,87.5,87.9,82.6,83.5,83.0,88.5,30212,2572677.25,22-SEP-2011,629,INE982F01028,
HAVELLS,EQ,361.25,373.5,357.0,368.2,370.4,370.25,422706,155973454.8,22-SEP-2011,8010,INE176B01026,
HBLPOWER,EQ,17.2,17.95,17.1,17.75,17.75,18.0,39879,706957.9,22-SEP-2011,100,INE292B01021,
HBSTOCK,EQ,13.35,13.4,13.3,13.3,13.3,13.6,77,1025.5,22-SEP-2011,4,INE550B01014,
HCC,EQ,29.8,30.1,28.35,28.65,28.5,30.35,2292332,66919529.05,22-SEP-2011,8776,INE549A01026,
HCIL,EQ,49.1,49.1,47.95,48.0,48.25,49.6,10209,494969.65,22-SEP-2011,127,INE019C01026,
HCL-INSYS,EQ,60.15,62.1,60.15,61.0,60.85,61.9,91136,5588425.35,22-SEP-2011,1400,INE236A01020,
HCLTECH,EQ,396.0,399.9,378.7,382.75,385.05,405.1,867002,338695055.85,22-SEP-2011,19784,INE860A01027,
HDFC,EQ,664.0,669.9,641.1,643.5,646.4,674.1,1815085,1188427161.15,22-SEP-2011,46271,INE001A01036,
HDFCBANK,EQ,487.9,489.0,465.5,472.3,477.05,494.5,2547772,1215543790.4,22-SEP-2011,36090,INE040A01026,
HDFCMFGETF,EQ,2777.2,2779.5,2755.55,2768.85,2770.0,2779.5,4554,12600289.45,22-SEP-2011,622,INF179K01CN1,
HDIL,EQ,111.0,111.0,102.75,103.55,102.9,113.0,7036190,749033905.65,22-SEP-2011,47579,INE191I01012,
HEG,EQ,219.0,221.9,217.2,218.45,218.05,220.5,29316,6422281.55,22-SEP-2011,801,INE545A01016,
HEIDELBERG,EQ,36.1,38.8,36.1,37.05,37.1,39.05,86795,3286784.0,22-SEP-2011,531,INE578A01017,
HELIOSMATH,EQ,25.4,25.4,24.6,24.75,24.75,25.3,8045,201754.4,22-SEP-2011,68,INE674B01012,
HERCULES,EQ,252.75,254.5,236.65,240.95,241.05,256.1,50879,12535220.9,22-SEP-2011,2226,INE688E01024,
HERITGFOOD,EQ,182.0,183.0,178.0,179.65,178.0,185.8,255,46176.75,22-SEP-2011,17,INE978A01019,
HEROMOTOCO,EQ,2095.0,2119.95,2077.5,2086.95,2080.25,2134.3,334283,702593680.1,22-SEP-2011,21405,INE158A01026,
HEXAWARE,EQ,74.8,76.55,73.25,74.85,74.8,76.3,2526058,189340532.65,22-SEP-2011,19570,INE093A01033,
HFCL,EQ,12.6,12.6,11.75,11.95,11.8,12.75,1081245,13075184.15,22-SEP-2011,1606,INE548A01028,
HGSL,EQ,320.5,341.0,320.5,335.3,339.0,340.2,2259,749922.55,22-SEP-2011,342,INE170I01016,
HIKAL,EQ,275.55,279.8,272.35,275.5,272.35,279.25,1558,429977.65,22-SEP-2011,123,INE475B01014,
HILTON,EQ,14.65,14.65,14.65,14.65,14.65,15.1,338,4951.7,22-SEP-2011,10,INE788H01017,
HIMATSEIDE,EQ,35.25,36.15,34.2,34.45,34.35,35.75,24768,870086.3,22-SEP-2011,208,INE049A01027,
HINDALCO,EQ,142.4,142.4,138.45,139.4,139.1,145.65,6272905,882281930.6,22-SEP-2011,49239,INE038A01020,
HINDCOMPOS,EQ,485.1,485.1,485.1,485.1,485.1,486.05,19,9216.9,22-SEP-2011,1,INE310C01011,
HINDCOPPER,EQ,232.0,232.0,225.0,225.6,225.0,234.45,37276,8507107.3,22-SEP-2011,1785,INE531E01026,
HINDDORROL,EQ,43.4,46.2,42.5,43.1,42.7,43.25,718415,31955527.3,22-SEP-2011,7047,INE551A01022,
HINDMOTORS,EQ,14.3,14.4,13.55,13.7,13.75,14.55,163543,2288961.5,22-SEP-2011,741,INE253A01025,
HINDNATGLS,EQ,198.0,198.0,190.05,190.8,191.85,194.5,574,110280.3,22-SEP-2011,61,INE952A01022,
HINDOILEXP,EQ,125.5,125.8,119.2,120.8,119.45,127.9,577707,71323825.2,22-SEP-2011,8173,INE345A01011,
HINDPETRO,EQ,370.15,376.0,369.95,373.35,372.7,370.15,582550,217735467.9,22-SEP-2011,10081,INE094A01015,
HINDUJAFO,EQ,72.05,73.95,68.5,69.0,69.0,74.3,10693,743656.0,22-SEP-2011,29,INE291F01016,
HINDUJAVEN,EQ,307.0,313.5,304.1,310.45,313.4,313.2,1163,360245.8,22-SEP-2011,104,INE353A01023,
HINDUNILVR,EQ,336.0,337.75,331.05,331.9,331.35,338.75,2452724,820225706.85,22-SEP-2011,44548,INE030A01027,
HINDZINC,EQ,130.95,131.3,125.5,126.6,127.0,132.0,672818,86012152.4,22-SEP-2011,7233,INE267A01025,
HIRECT,EQ,45.2,45.2,43.1,43.7,43.25,46.05,1466,65082.05,22-SEP-2011,47,INE835D01023,
HITACHIHOM,EQ,168.5,171.4,165.0,165.5,166.0,169.45,30996,5210740.7,22-SEP-2011,958,INE782A01015,
HITECHGEAR,EQ,129.0,133.7,129.0,130.05,130.0,131.9,11158,1451933.85,22-SEP-2011,115,INE127B01011,
HITECHPLAS,EQ,76.55,81.0,76.55,77.4,78.75,80.25,261,20579.15,22-SEP-2011,21,INE120D01012,
HMT,EQ,44.0,44.5,41.4,41.7,41.5,44.8,60771,2601321.75,22-SEP-2011,1165,INE262A01018,
HMVL,EQ,137.5,138.0,136.55,138.0,138.0,138.25,386,53029.2,22-SEP-2011,41,INE871K01015,
HNGSNGBEES,EQ,1210.0,1210.0,1177.26,1199.99,1200.0,1219.99,19817,23404337.29,22-SEP-2011,51,INF732E01227,
HOCL,EQ,24.5,24.5,23.2,23.3,23.5,24.9,56966,1355113.85,22-SEP-2011,307,INE048A01011,
HONAUT,EQ,2564.0,2660.0,2525.0,2566.15,2535.0,2656.15,1120,2893547.15,22-SEP-2011,139,INE671A01010,
HONDAPOWER,EQ,387.15,389.8,384.0,385.05,385.0,395.0,1949,752941.75,22-SEP-2011,135,INE634A01018,
HOPFL,EQ,57.6,58.7,57.6,58.0,58.0,59.1,693,40319.05,22-SEP-2011,10,INE940H01014,
HORIZONINF,EQ,328.0,328.0,302.0,302.15,302.0,325.8,1141,361405.65,22-SEP-2011,19,INE429F01012,
HOTELEELA,EQ,38.0,38.0,36.6,36.8,36.65,37.7,150342,5576261.5,22-SEP-2011,1223,INE102A01024,
HOTELRUGBY,EQ,8.75,8.75,8.3,8.3,8.3,8.7,12455,104560.25,22-SEP-2011,62,INE275F01019,
HOVS,EQ,61.0,63.05,58.25,59.0,59.0,60.05,198394,12177146.3,22-SEP-2011,2384,INE596H01014,
HSIL,EQ,192.15,197.45,177.95,185.1,185.0,197.55,115638,21903370.75,22-SEP-2011,1766,INE415A01038,
HTMEDIA,EQ,142.0,144.45,140.6,142.75,143.9,143.1,4115,585207.5,22-SEP-2011,156,INE501G01024,
HYDRBADIND,EQ,329.0,330.95,320.1,321.55,320.1,334.8,7307,2371259.65,22-SEP-2011,403,INE557A01011,
HYDROS&S,EQ,20.0,20.0,19.8,20.0,20.0,20.85,404,8079.55,22-SEP-2011,255,INE473D01015,
IBPOW,EQ,15.0,15.0,14.0,14.2,14.1,14.7,212801,3063155.25,22-SEP-2011,701,INE399K01017,
IBREALEST,EQ,82.0,82.0,75.65,76.3,75.95,82.2,2731768,214093319.3,22-SEP-2011,18176,INE069I01010,
IBSEC,EQ,8.7,8.75,8.5,8.55,8.5,8.75,411989,3552327.65,22-SEP-2011,1018,INE274G01010,
IBWSL,EQ,4.2,4.2,3.8,4.05,4.2,4.0,4497465,18591668.9,22-SEP-2011,2540,INE126M01010,
ICICIBANK,EQ,880.1,883.6,853.75,862.35,858.5,901.2,2940314,2566189888.85,22-SEP-2011,57578,INE090A01013,
ICIL,EQ,9.1,10.0,9.05,10.0,10.0,10.0,20,190.55,22-SEP-2011,3,INE483B01018,
ICRA,EQ,947.9,972.9,938.0,943.15,940.1,967.2,5644,5345046.9,22-SEP-2011,300,INE725G01011,
ICSA,EQ,68.95,69.55,67.2,67.45,67.55,69.75,31253,2130544.5,22-SEP-2011,658,INE306B01029,
IDBI,EQ,108.0,108.0,104.2,104.8,104.65,109.1,1535712,162672666.3,22-SEP-2011,13457,INE008A01015,
IDEA,EQ,95.1,99.1,94.0,95.05,95.3,99.0,4907999,474220636.95,22-SEP-2011,21441,INE669E01016,
IDFC,EQ,113.35,113.35,108.5,109.15,108.85,115.05,6688430,737992324.35,22-SEP-2011,45175,INE043D01016,
IFBAGRO,BE,138.0,143.75,138.0,140.25,140.0,141.8,2380,336505.75,22-SEP-2011,48,INE076C01018,
IFBIND,EQ,117.0,118.9,114.5,115.2,116.0,118.45,19445,2271246.65,22-SEP-2011,383,INE559A01017,
IFCI,EQ,34.2,34.4,33.0,33.3,33.15,34.7,11070358,373869634.15,22-SEP-2011,31713,INE039A01010,
IFGLREFRAC,EQ,33.35,35.7,33.35,34.0,33.35,35.3,4569,155809.8,22-SEP-2011,70,INE023B01012,
IGARASHI,EQ,45.0,45.45,43.1,43.4,43.75,44.15,3304,145321.8,22-SEP-2011,42,INE188B01013,
IGL,EQ,435.05,437.8,428.0,430.35,431.8,439.55,141455,61082121.3,22-SEP-2011,5423,INE203G01019,
IGPL,EQ,24.0,24.0,24.0,24.0,24.0,23.55,100,2400.0,22-SEP-2011,2,INE204A01010,
IITL,EQ,120.95,120.95,120.95,120.95,120.95,127.3,1,120.95,22-SEP-2011,1,INE886A01014,
IL&FSENGG,EQ,99.8,99.8,94.5,95.1,94.5,99.3,16462,1586898.35,22-SEP-2011,359,INE369I01014,
IL&FSTRANS,EQ,208.0,208.75,204.0,206.15,206.5,211.0,161340,33506981.9,22-SEP-2011,1655,INE975G01012,
IMFA,EQ,334.5,347.0,330.5,332.45,330.5,332.35,411,137543.4,22-SEP-2011,56,INE919H01018,
IMPAL,EQ,635.0,635.0,630.0,630.0,630.0,631.0,272,171406.8,22-SEP-2011,9,INE547E01014,
IMPEXFERRO,EQ,8.0,8.0,7.5,8.0,8.0,7.7,4030,32225.0,22-SEP-2011,21,INE691G01015,
INDBANK,EQ,8.7,8.7,8.25,8.45,8.6,8.75,16820,141645.0,22-SEP-2011,218,INE841B01017,
INDHOTEL,EQ,72.0,72.5,69.7,70.15,70.5,72.75,626663,44677282.4,22-SEP-2011,3898,INE053A01029,
INDIABULLS,EQ,164.0,164.0,154.6,156.5,155.05,164.35,342708,54459186.1,22-SEP-2011,7047,INE894F01025,
INDIACEM,EQ,74.9,77.3,70.0,70.3,70.15,76.35,3090961,228096541.6,22-SEP-2011,28210,INE383A01012,
INDIAGLYCO,EQ,133.25,135.0,131.05,131.45,131.2,135.75,19902,2642257.65,22-SEP-2011,432,INE560A01015,
INDIAINFO,EQ,74.45,74.45,70.5,72.0,72.5,75.6,487059,35094578.35,22-SEP-2011,3700,INE530B01024,
INDIANB,EQ,205.1,211.0,204.2,206.9,208.5,210.4,159280,33056630.2,22-SEP-2011,5633,INE562A01011,
INDIANCARD,EQ,90.05,91.55,90.05,90.15,90.15,93.5,679,61599.4,22-SEP-2011,11,INE061A01014,
INDIANHUME,EQ,125.1,127.0,123.0,124.45,123.0,127.7,854,106688.35,22-SEP-2011,47,INE323C01030,
INDLMETER,EQ,75.35,75.35,70.0,71.3,71.25,75.2,1303,96997.55,22-SEP-2011,24,INE065B01013,
INDNIPPON,EQ,186.0,186.0,172.5,177.65,176.15,187.85,1229,220707.15,22-SEP-2011,85,INE092B01017,
INDOCO,EQ,400.0,407.75,400.0,400.0,400.0,401.9,1091,436554.25,22-SEP-2011,109,INE873D01016,
INDORAMA,EQ,35.4,35.45,34.05,34.3,34.4,35.7,23651,818780.85,22-SEP-2011,207,INE156A01020,
INDOSOLAR,EQ,10.05,10.3,9.5,9.6,9.5,10.35,248458,2449289.65,22-SEP-2011,921,INE866K01015,
INDOTECH,EQ,115.35,116.3,112.0,112.6,113.55,116.1,4789,546574.35,22-SEP-2011,189,INE332H01014,
INDOWIND,EQ,14.35,14.35,13.1,13.1,13.1,14.55,2044815,28098787.7,22-SEP-2011,4161,INE227G01018,
INDRAMEDCO,EQ,34.2,34.45,34.0,34.3,34.15,34.45,54260,1859709.25,22-SEP-2011,268,INE681B01017,
INDSWFTLAB,EQ,87.5,88.05,86.1,86.25,86.8,88.25,23665,2059118.15,22-SEP-2011,367,INE915B01019,
INDSWFTLTD,EQ,31.05,31.85,31.0,31.25,31.4,32.1,12508,392652.95,22-SEP-2011,87,INE788B01028,
INDTERRAIN,EQ,110.0,115.7,103.5,103.5,103.5,115.0,118,12898.35,22-SEP-2011,8,INE611L01013,
INDUSFILA,EQ,15.5,15.65,14.5,14.5,14.9,15.5,7889,117203.4,22-SEP-2011,64,INE025I01012,
INDUSINDBK,EQ,267.0,267.0,256.55,257.75,257.1,269.45,386992,100836942.35,22-SEP-2011,5923,INE095A01012,
INEABS,EQ,596.9,596.9,577.65,578.05,577.65,594.5,2346,1366908.15,22-SEP-2011,106,INE189B01011,
INFINITE,EQ,107.4,113.1,106.3,110.05,109.0,107.7,139825,15509592.55,22-SEP-2011,1953,INE486J01014,
INFODRIVE,EQ,10.0,10.25,10.0,10.1,10.25,10.1,14983,151503.2,22-SEP-2011,70,INE804D01011,
INFOMEDIA,EQ,12.5,12.9,12.5,12.6,12.6,13.05,16280,206462.25,22-SEP-2011,32,INE669A01022,
INFOTECENT,EQ,119.05,121.0,114.8,115.2,115.9,120.25,163852,18853773.6,22-SEP-2011,2201,INE136B01020,
INFRABEES,EQ,272.4,272.4,266.5,266.5,266.5,277.29,464,124266.85,22-SEP-2011,28,INF732E01268,
INFY,EQ,2384.0,2411.8,2336.65,2352.6,2350.0,2435.65,1129732,2691267745.55,22-SEP-2011,45764,INE009A01021,
INGERRAND,EQ,512.5,522.0,508.2,515.05,515.9,526.6,9762,5017104.55,22-SEP-2011,481,INE177A01018,
INGVYSYABK,EQ,290.0,291.0,287.35,289.9,289.25,292.1,25722,7447968.4,22-SEP-2011,674,INE166A01011,
INNOIND,EQ,86.2,89.9,85.5,88.35,88.9,87.35,5425,479342.9,22-SEP-2011,119,INE549I01011,
INOXLEISUR,EQ,54.4,59.5,53.05,53.6,53.8,55.25,1950420,110559910.5,22-SEP-2011,18256,INE312H01016,
INSECTICID,EQ,378.55,384.45,362.55,367.95,364.0,386.85,112683,42294169.95,22-SEP-2011,2995,INE070I01018,
INVENTURE,EQ,148.15,150.9,145.0,147.35,146.5,151.1,46371,6884097.4,22-SEP-2011,701,INE878H01016,
IOB,EQ,99.0,99.0,96.1,96.45,96.15,100.05,1413636,137514426.6,22-SEP-2011,13241,INE565A01014,
IOC,EQ,307.1,313.4,305.15,310.2,311.75,308.05,561034,174524740.05,22-SEP-2011,10277,INE242A01010,
IOLCP,EQ,30.0,30.25,29.2,29.4,30.0,29.45,377,11318.95,22-SEP-2011,14,INE485C01011,
IOLN,EQ,6.55,6.7,6.55,6.6,6.6,6.9,4358,28786.45,22-SEP-2011,17,INE517C01011,
IPCALAB,EQ,264.65,269.8,260.1,266.45,267.9,265.15,75706,20150242.2,22-SEP-2011,3729,INE571A01020,
IPGETF,EQ,2790.0,2790.0,2766.2,2774.95,2784.5,2792.5,417,1158609.45,22-SEP-2011,47,INF109K01FV4,
IPRINGLTD,EQ,68.0,68.0,67.0,67.0,67.0,69.95,244,16468.0,22-SEP-2011,11,INE558A01019,
IRB,EQ,174.45,174.45,161.75,162.8,162.6,173.7,878260,145633704.55,22-SEP-2011,15173,INE821I01014,
ISFT,EQ,56.0,56.5,55.0,55.3,55.0,56.15,912,50740.95,22-SEP-2011,55,INE566K01011,
ISMTLTD,EQ,37.6,37.6,34.25,34.5,34.7,37.95,195532,6948687.4,22-SEP-2011,2403,INE732F01019,
ITC,EQ,196.35,196.8,190.05,190.95,190.25,197.6,7567956,1460335270.75,22-SEP-2011,49580,INE154A01025,
ITDCEM,EQ,142.65,151.45,142.65,144.65,144.65,147.1,313,45799.7,22-SEP-2011,12,INE686A01018,
ITI,EQ,25.1,26.4,23.65,23.75,23.7,24.7,67227,1619340.45,22-SEP-2011,605,INE248A01017,
IVC,EQ,30.95,31.2,29.7,29.8,29.8,30.9,12346,375453.55,22-SEP-2011,141,INE050B01023,
IVP,EQ,51.0,51.0,46.05,48.95,48.95,49.25,11,528.9,22-SEP-2011,6,INE043C01018,
IVRCLAH,EQ,30.25,30.95,28.4,28.75,28.65,30.8,97098,2915937.05,22-SEP-2011,620,INE414I01018,
IVRCLINFRA,EQ,40.0,40.35,37.2,37.6,37.5,40.95,8016203,313918213.2,22-SEP-2011,32307,INE875A01025,
J&KBANK,EQ,812.0,823.75,810.0,814.95,812.0,835.85,25376,20745304.3,22-SEP-2011,976,INE168A01017,
JAGRAN,EQ,106.65,107.5,104.7,105.25,105.0,106.65,25445,2698881.5,22-SEP-2011,392,INE199G01027,
JAGSNPHARM,EQ,13.65,14.0,13.65,13.85,13.85,14.3,1113,15565.7,22-SEP-2011,6,INE048B01027,
JAIBALAJI,EQ,120.0,124.4,115.0,115.7,116.0,120.75,45262,5376328.45,22-SEP-2011,1128,INE091G01018,
JAICORPLTD,EQ,91.0,91.15,83.85,84.9,85.1,91.15,422756,36913669.95,22-SEP-2011,7143,INE070D01027,
JAINSTUDIO,EQ,8.95,9.35,8.8,8.95,8.8,9.45,325,2921.0,22-SEP-2011,5,INE486B01011,
JAMNAAUTO,EQ,122.45,122.45,112.65,120.0,120.0,120.05,598,71189.0,22-SEP-2011,15,INE039C01016,
JAYAGROGN,EQ,83.85,88.25,83.85,84.95,85.0,88.3,8597,734661.4,22-SEP-2011,204,INE785A01026,
JAYBARMARU,EQ,61.0,61.8,59.0,60.55,60.55,62.5,1771,108426.7,22-SEP-2011,74,INE571B01028,
JAYNECOIND,EQ,18.95,19.0,18.2,18.45,18.2,19.3,44934,836977.15,22-SEP-2011,249,INE854B01010,
JAYSREETEA,EQ,139.0,139.1,134.75,135.6,134.75,139.7,7912,1083685.5,22-SEP-2011,344,INE364A01020,
JBCHEPHARM,EQ,80.0,80.5,76.8,77.2,77.9,80.75,152540,11974311.95,22-SEP-2011,4264,INE572A01028,
JBFIND,EQ,135.0,136.85,131.55,132.6,132.35,136.55,70398,9499809.45,22-SEP-2011,987,INE187A01017,
JCTEL,EQ,1.3,1.3,1.3,1.3,1.3,1.35,2521,3277.3,22-SEP-2011,6,INE264B01020,
JENSONICOL,EQ,3.8,3.95,3.8,3.85,3.85,3.85,4195,16276.25,22-SEP-2011,23,INE819B01021,
JETAIRWAYS,EQ,279.0,286.8,261.4,264.15,262.15,280.95,1975502,548786610.55,22-SEP-2011,41802,INE802G01018,
JEYPORE,BE,124.0,124.0,124.0,124.0,124.0,118.7,1,124.0,22-SEP-2011,1,INE180E01014,
JHS,EQ,36.5,37.0,35.0,35.35,35.4,37.0,31240,1114760.25,22-SEP-2011,304,INE544H01014,
JIKIND,EQ,6.2,6.2,6.2,6.2,6.2,6.3,850,5270.0,22-SEP-2011,5,INE026B01049,
JINDALPHOT,EQ,158.05,163.8,156.0,156.25,156.0,161.4,110189,17656326.7,22-SEP-2011,2305,INE796G01012,
JINDALPOLY,EQ,223.9,228.4,215.0,216.0,216.0,224.9,732347,163480293.8,22-SEP-2011,19122,INE197D01010,
JINDALSAW,EQ,131.5,131.5,126.15,127.4,128.4,131.2,453898,57942154.55,22-SEP-2011,6687,INE324A01024,
JINDALSTEL,EQ,547.95,554.4,526.2,531.3,533.5,556.45,4208511,2265225688.3,22-SEP-2011,42716,INE749A01030,
JINDALSWHL,EQ,644.95,644.95,608.6,613.6,611.0,650.7,36611,22908729.05,22-SEP-2011,2191,INE824G01012,
JINDCOT,EQ,92.5,94.3,86.5,89.95,89.3,92.3,59551,5377547.15,22-SEP-2011,790,INE904J01016,
JINDRILL,EQ,358.0,358.0,338.4,342.6,342.0,360.4,4864,1693748.05,22-SEP-2011,354,INE742C01031,
JINDWORLD,EQ,135.0,141.35,129.2,131.15,129.25,137.05,21833,2984097.85,22-SEP-2011,1084,INE247D01013,
JISLJALEQS,EQ,161.7,170.9,161.7,165.35,164.05,170.2,611206,102004049.15,22-SEP-2011,11841,INE175A01038,
JKCEMENT,EQ,123.0,123.0,117.0,118.05,117.5,124.0,7951,950907.55,22-SEP-2011,399,INE823G01014,
JKIL,EQ,119.0,124.45,117.5,118.7,121.0,123.0,23623,2829541.8,22-SEP-2011,1038,INE576I01014,
JKLAKSHMI,EQ,43.0,43.0,41.1,41.2,41.4,43.45,65836,2757658.15,22-SEP-2011,663,INE786A01032,
JKPAPER,EQ,41.6,42.0,41.2,41.25,41.4,42.05,50256,2085790.0,22-SEP-2011,463,INE789E01012,
JKTYRE,EQ,80.0,80.0,78.0,78.15,78.25,79.45,36481,2865498.2,22-SEP-2011,812,INE573A01034,
JMCPROJECT,EQ,132.6,136.85,130.5,132.55,133.0,135.6,6448,859354.5,22-SEP-2011,200,INE890A01016,
JMFINANCIL,EQ,18.45,18.8,17.95,18.05,18.15,18.65,205513,3733777.5,22-SEP-2011,730,INE780C01023,
JMTAUTOLTD,EQ,65.3,65.3,61.5,63.75,63.75,65.55,116,7155.95,22-SEP-2011,46,INE988E01010,
JOCIL,EQ,299.9,299.95,282.75,285.05,284.05,293.6,2890,835175.3,22-SEP-2011,203,INE839G01010,
JPASSOCIAT,EQ,71.5,72.65,66.45,67.0,66.65,73.9,18644822,1299806164.95,22-SEP-2011,77914,INE455F01025,
JPINFRATEC,EQ,51.6,51.9,48.2,48.6,48.5,51.65,454422,22574108.65,22-SEP-2011,5340,INE099J01015,
JPPOWER,EQ,33.2,33.75,32.5,32.6,32.55,34.05,327642,10844527.95,22-SEP-2011,1852,INE351F01018,
JSL,EQ,109.5,109.5,103.3,106.0,104.5,110.4,69383,7370933.3,22-SEP-2011,1044,INE220G01021,
JSWENERGY,EQ,61.0,61.6,58.55,58.8,58.55,62.35,480266,28817718.0,22-SEP-2011,7020,INE121E01018,
JSWISPAT,EQ,15.05,15.2,14.6,14.7,14.7,15.35,2485378,36998395.4,22-SEP-2011,3161,INE136A01022,
JSWSTEEL,EQ,675.0,675.0,631.0,634.1,633.0,679.0,2354213,1520176659.05,22-SEP-2011,49673,INE019A01020,
JUBILANT,EQ,212.35,213.6,192.1,195.3,197.0,214.1,149451,29953282.4,22-SEP-2011,5637,INE700A01033,
JUBLFOOD,EQ,885.0,889.6,852.55,874.75,875.0,896.9,445149,390933821.6,22-SEP-2011,17093,INE797F01012,
JUBLINDS,EQ,186.9,188.0,180.0,183.15,185.0,186.7,8950,1643316.05,22-SEP-2011,201,INE645L01011,
JUMBO,EQ,18.0,18.0,17.3,18.0,18.0,18.0,1118,20106.6,22-SEP-2011,11,INE699D01015,
JUNIORBEES,EQ,103.0,103.0,99.25,99.82,99.8,103.28,32281,3243477.92,22-SEP-2011,391,INF732E01045,
JUPITER,EQ,18.0,18.2,17.5,17.6,17.55,18.45,335662,5995153.3,22-SEP-2011,1061,INE918B01013,
JVLAGRO,EQ,16.0,16.0,15.4,15.8,15.8,16.2,37608,593900.55,22-SEP-2011,158,INE430G01026,
JYOTHYLAB,EQ,167.0,171.95,166.1,166.8,166.95,169.1,34864,5861514.2,22-SEP-2011,710,INE668F01031,
JYOTISTRUC,EQ,67.5,68.4,66.3,66.75,66.55,68.5,73579,4959304.55,22-SEP-2011,1405,INE197A01024,
KABRAEXTRU,EQ,41.4,41.4,39.5,40.3,40.7,40.75,2255,91076.2,22-SEP-2011,55,INE900B01029,
KAJARIACER,EQ,116.0,116.8,114.65,115.35,115.35,117.45,89739,10358882.4,22-SEP-2011,3458,INE217B01028,
KAKATCEM,EQ,73.4,73.45,71.0,71.4,71.4,73.85,2083,150345.7,22-SEP-2011,66,INE437B01014,
KALECONSUL,EQ,86.75,88.35,83.5,84.8,83.9,90.15,140869,12199748.9,22-SEP-2011,2466,INE793A01012,
KALINDEE,EQ,118.1,119.5,114.5,115.1,115.1,120.55,117444,13731132.2,22-SEP-2011,2486,INE178D01010,
KALPATPOWR,EQ,111.6,113.0,110.1,112.05,111.5,113.5,40889,4574369.75,22-SEP-2011,1896,INE220B01022,
KALYANIFRG,BE,168.1,168.1,168.1,168.1,168.1,176.95,5,840.5,22-SEP-2011,1,INE314G01014,
KAMATHOTEL,EQ,90.0,91.65,86.1,87.7,88.0,91.4,19286,1726859.7,22-SEP-2011,203,INE967C01018,
KANORICHEM,EQ,32.7,33.1,32.5,32.55,32.6,33.0,11609,378882.1,22-SEP-2011,123,INE138C01024,
KANSAINER,EQ,825.15,852.0,815.1,841.8,850.0,836.15,2154,1806206.5,22-SEP-2011,181,INE531A01016,
KARMAENG,EQ,11.65,13.15,11.65,12.25,12.55,12.55,7267,89563.55,22-SEP-2011,36,INE725L01011,
KARURKCP,EQ,30.1,30.15,30.1,30.1,30.1,32.0,235,7075.25,22-SEP-2011,3,INE727F01019,
KARURVYSYA,EQ,370.0,394.9,366.0,380.05,380.4,371.85,298938,112525203.75,22-SEP-2011,7443,INE036D01010,
KAUSHALYA,EQ,8.45,8.65,8.3,8.35,8.3,8.6,3986,33385.7,22-SEP-2011,94,INE234I01010,
KAVVERITEL,EQ,138.0,140.6,131.0,132.65,132.05,140.6,26755,3652136.8,22-SEP-2011,459,INE641C01019,
KBIL,EQ,633.55,655.0,633.55,655.0,655.0,659.95,80,52377.55,22-SEP-2011,4,INE920K01010,
KCP,EQ,25.15,25.35,24.95,25.05,24.95,25.35,32799,825570.5,22-SEP-2011,167,INE805C01028,
KCPSUGIND,EQ,15.0,15.15,14.25,14.55,14.25,15.1,18805,277655.15,22-SEP-2011,92,INE790B01024,
KEC,EQ,58.0,58.1,56.65,57.2,57.15,58.2,377794,21621283.3,22-SEP-2011,1390,INE389H01022,
KECL,EQ,36.0,36.0,35.0,35.05,35.1,35.9,783,27963.8,22-SEP-2011,30,INE134B01017,
KEI,EQ,16.4,16.8,16.05,16.15,16.25,16.7,32492,534483.9,22-SEP-2011,135,INE878B01027,
KEMROCK,EQ,516.0,522.0,511.0,515.45,511.0,514.95,27310,14104450.6,22-SEP-2011,318,INE990B01012,
KERNEX,EQ,99.0,99.4,94.0,95.05,94.6,100.15,31539,3052305.35,22-SEP-2011,567,INE202H01019,
KESARENT,EQ,52.2,55.0,48.7,50.65,51.95,51.95,2024,104078.55,22-SEP-2011,105,INE133B01019,
KESORAMIND,EQ,136.0,139.4,128.05,130.15,129.3,138.1,33517,4490180.55,22-SEP-2011,866,INE087A01019,
KFA,EQ,25.6,26.1,24.5,24.9,25.15,25.8,2230681,56706946.3,22-SEP-2011,10574,INE438H01019,
KGL,EQ,9.0,9.05,8.5,8.65,8.8,9.05,857783,7491685.8,22-SEP-2011,1721,INE299C01024,
KHAITANELE,EQ,93.0,99.9,93.0,94.75,93.75,97.45,435,41306.1,22-SEP-2011,72,INE761A01019,
KHAITANLTD,EQ,26.4,26.45,23.7,25.9,25.9,25.8,104,2615.9,22-SEP-2011,4,INE731C01018,
KHANDSE,EQ,19.0,19.0,15.3,17.4,17.4,17.05,848,14149.05,22-SEP-2011,10,INE060B01014,
KICL,EQ,470.1,521.2,470.1,481.65,521.2,482.0,315,150888.3,22-SEP-2011,38,INE029L01018,
KIL,EQ,13.95,13.95,13.55,13.75,13.75,14.05,5970,81059.0,22-SEP-2011,27,INE390H01012,
KILITCH,EQ,74.0,74.0,72.0,73.2,74.0,74.0,580,42205.45,22-SEP-2011,15,INE729D01010,
KINETICMOT,EQ,17.4,17.4,15.75,15.85,16.05,16.6,13990,226408.25,22-SEP-2011,82,INE267B01015,
KIRIINDUS,EQ,156.0,156.0,140.5,142.05,142.1,155.25,41210,6107240.05,22-SEP-2011,1728,INE415I01015,
KIRLOSBROS,EQ,155.0,155.9,150.55,152.55,152.5,154.2,1827,278780.2,22-SEP-2011,152,INE732A01036,
KIRLOSENG,EQ,131.0,131.0,124.05,128.85,126.25,131.7,2177,278571.65,22-SEP-2011,64,INE146L01010,
KIRLOSIND,EQ,294.0,294.0,265.15,270.65,272.0,285.8,4543,1253959.3,22-SEP-2011,261,INE250A01039,
KITPLYIND,EQ,3.75,3.85,3.5,3.75,3.75,3.75,7769,28086.75,22-SEP-2011,21,INE147B01019,
KKCL,EQ,850.0,850.0,839.0,839.75,844.0,846.8,2851,2395781.6,22-SEP-2011,92,INE401H01017,
KLGSYSTEL,EQ,38.0,38.0,34.3,35.15,34.45,37.9,19511,709573.05,22-SEP-2011,320,INE799A01019,
KLRF,EQ,25.15,25.2,24.95,25.05,24.95,26.0,299,7491.1,22-SEP-2011,10,INE014E01015,
KMSUGAR,EQ,2.85,2.85,2.8,2.8,2.8,2.9,2110,5963.0,22-SEP-2011,10,INE157H01023,
KNRCON,EQ,110.0,111.85,102.05,103.8,103.0,111.35,7155,753654.7,22-SEP-2011,172,INE634I01011,
KOHINOOR,EQ,49.2,49.25,46.55,46.75,46.9,50.0,73411,3499051.6,22-SEP-2011,1052,INE080B01012,
KOLTEPATIL,EQ,37.0,37.75,36.7,37.2,36.9,37.9,30247,1123596.45,22-SEP-2011,317,INE094I01018,
KOPDRUGS,EQ,5.3,5.3,5.3,5.3,5.3,5.3,1100,5830.0,22-SEP-2011,4,INE746A01010,
KOPRAN,EQ,22.6,23.45,22.3,22.5,22.35,23.1,17751,402331.2,22-SEP-2011,216,INE082A01010,
KOTAKBANK,EQ,471.0,474.0,454.15,456.9,456.1,480.55,502904,232510039.9,22-SEP-2011,11533,INE237A01028,
KOTAKGOLD,EQ,2737.0,2737.0,2704.0,2710.85,2717.5,2722.1,23998,65038425.2,22-SEP-2011,1106,INF373I01015,
KOTAKNIFTY,EQ,512.0,512.0,503.0,503.35,505.0,517.45,895,456804.65,22-SEP-2011,28,INF174K01518,
KOTAKPSUBK,EQ,336.0,340.0,336.0,340.0,340.0,340.49,205,69524.0,22-SEP-2011,27,INF373I01023,
KOTARISUG,EQ,6.2,6.2,6.05,6.1,6.1,6.15,27865,168652.7,22-SEP-2011,35,INE419A01022,
KOTHARIPET,EQ,7.2,7.7,7.2,7.4,7.4,7.5,4055,30199.7,22-SEP-2011,10,INE720A01015,
KOTHARIPRO,EQ,518.0,543.5,510.0,517.3,519.9,531.0,3434,1815594.6,22-SEP-2011,282,INE823A01017,
KOUTONS,EQ,20.85,23.9,20.55,21.9,22.0,21.05,560157,12509460.75,22-SEP-2011,4090,INE406I01014,
KOVAI,BE,117.0,118.9,114.75,118.9,118.9,120.75,305,35183.25,22-SEP-2011,7,INE177F01017,
KPIT,EQ,147.5,149.75,143.2,148.15,147.7,150.55,143886,21268443.6,22-SEP-2011,1614,INE836A01035,
KPRMILL,EQ,103.0,105.5,96.0,98.0,98.95,105.0,16492,1630644.25,22-SEP-2011,331,INE930H01015,
KRBL,EQ,27.9,28.0,26.3,26.5,26.65,28.4,961669,26015816.35,22-SEP-2011,4490,INE001B01026,
KRISHNAENG,EQ,3.45,4.2,3.4,4.15,4.2,4.2,8995,34750.1,22-SEP-2011,30,INE409C01011,
KSBPUMPS,EQ,221.85,221.85,216.15,217.3,217.1,219.95,2227,486361.7,22-SEP-2011,58,INE999A01015,
KSCL,EQ,455.0,458.0,442.0,444.6,443.2,457.05,11623,5243891.9,22-SEP-2011,319,INE455I01011,
KSE,EQ,216.0,216.0,209.0,210.4,210.4,214.0,119,24992.0,22-SEP-2011,17,INE953E01014,
KSERASERA,BE,10.75,10.75,10.75,10.75,10.75,11.3,43965,472623.75,22-SEP-2011,50,INE216D01018,
KSK,EQ,103.3,104.0,102.9,103.4,103.25,104.6,640013,66217663.35,22-SEP-2011,767,INE143H01015,
KSL,EQ,55.75,55.85,54.0,54.2,54.0,56.1,12047,659098.15,22-SEP-2011,442,INE907A01026,
KSOILS,EQ,10.7,11.55,10.2,11.0,11.0,11.05,36779356,408410264.65,22-SEP-2011,57059,INE727D01022,
KTIL,EQ,70.0,73.95,70.0,73.95,73.95,74.7,2438,170697.9,22-SEP-2011,21,INE096L01017,
KTKBANK,EQ,91.1,91.5,89.5,89.9,90.0,92.35,635608,57560834.8,22-SEP-2011,6351,INE614B01018,
KWALITY,EQ,167.3,169.0,167.15,167.3,167.3,168.8,615840,103062906.6,22-SEP-2011,1846,INE775B01025,
L&TFH,EQ,50.0,50.3,49.0,49.1,49.1,50.55,1156544,57389773.65,22-SEP-2011,9491,INE498L01015,
LAKPRE,EQ,39.2,43.95,39.2,43.05,43.95,40.7,1154,47226.05,22-SEP-2011,13,INE651C01018,
LAKSHMIEFL,EQ,26.0,26.2,25.1,25.3,25.1,26.6,73631,1898551.3,22-SEP-2011,481,INE992B01026,
LAKSHMIFIN,BE,30.0,30.9,30.0,30.9,30.9,29.5,393,11970.0,22-SEP-2011,2,INE850E01012,
LAKSHMIMIL,EQ,1700.0,1700.0,1680.0,1695.1,1695.1,1748.0,8,13505.25,22-SEP-2011,6,INE938C01019,
LAKSHVILAS,EQ,101.1,102.9,100.0,100.1,100.1,102.6,56189,5668345.85,22-SEP-2011,781,INE694C01018,
LANCOIN,EQ,34.5,35.0,34.0,34.45,34.35,35.3,3991,138064.65,22-SEP-2011,96,INE943C01027,
LAOPALA,EQ,115.1,119.0,108.1,110.45,112.0,118.15,38940,4419899.65,22-SEP-2011,859,INE059D01012,
LAXMIMACH,EQ,2001.1,2010.0,1950.0,1965.05,1969.7,2034.55,9472,18702869.4,22-SEP-2011,655,INE269B01029,
LCCINFOTEC,EQ,0.5,0.6,0.5,0.55,0.6,0.6,14143,7614.55,22-SEP-2011,20,INE938A01021,
LGBBROSLTD,EQ,292.0,307.5,292.0,297.0,295.2,298.9,5613,1681226.6,22-SEP-2011,330,INE337A01034,
LGBFORGE,BE,2.55,2.55,2.45,2.45,2.45,2.55,22765,56301.0,22-SEP-2011,24,INE201J01017,
LIBERTSHOE,EQ,88.0,93.25,85.95,86.65,86.2,88.25,80841,7272410.6,22-SEP-2011,1926,INE557B01019,
LICHSGFIN,EQ,215.0,215.0,207.65,208.6,208.0,216.8,1955389,411515518.55,22-SEP-2011,26088,INE115A01026,
LIQUIDBEES,EQ,999.99,1000.01,999.99,1000.0,1000.0,999.99,151247,151247936.43,22-SEP-2011,1224,INF732E01037,
LITL,EQ,17.9,17.9,16.2,16.35,16.4,18.0,11762943,199381955.8,22-SEP-2011,21937,INE785C01048,
LLOYDELENG,EQ,52.45,52.75,51.1,51.8,51.75,53.45,16372,852243.4,22-SEP-2011,213,INE245C01019,
LLOYDFIN,EQ,0.95,1.05,0.95,1.0,1.0,1.0,3165,3174.95,22-SEP-2011,9,INE174A01015,
LLOYDSTEEL,EQ,14.4,14.4,13.75,13.9,14.0,14.4,167169,2347103.3,22-SEP-2011,766,INE292A01015,
LML,EQ,9.35,9.4,9.05,9.1,9.15,9.4,155584,1436023.15,22-SEP-2011,327,INE862A01015,
LOGIXMICRO,EQ,13.15,16.4,13.0,16.3,16.4,13.65,102029,1613286.6,22-SEP-2011,941,INE848A01014,
LOKESHMACH,EQ,41.25,43.35,41.0,42.0,42.0,43.05,2776,117204.75,22-SEP-2011,55,INE397H01017,
LOTUSEYE,EQ,10.25,10.25,9.6,9.65,10.05,9.75,14476,142815.1,22-SEP-2011,54,INE947I01017,
LOVABLE,EQ,525.0,532.4,485.5,493.1,497.2,535.45,1049558,532793977.7,22-SEP-2011,37958,INE597L01014,
LPDC,EQ,3.05,3.05,2.8,2.95,3.0,2.9,10419,30225.65,22-SEP-2011,23,INE197J01017,
LT,EQ,1542.6,1542.6,1480.1,1491.55,1483.7,1559.0,3444665,5198108544.3,22-SEP-2011,155795,INE018A01030,
LUMAXAUTO,EQ,29.15,29.95,28.65,28.8,28.7,30.55,1395,40263.65,22-SEP-2011,34,INE547G01019,
LUMAXIND,EQ,382.9,387.7,362.0,367.75,365.05,395.3,61496,23307182.95,22-SEP-2011,2622,INE162B01018,
LUMAXTECH,EQ,167.25,174.95,167.25,168.7,168.1,170.1,14018,2413942.55,22-SEP-2011,128,INE872H01019,
LUPIN,EQ,485.0,487.45,477.4,479.75,479.15,487.8,563628,271749973.2,22-SEP-2011,25649,INE326A01037,
LYKALABS,EQ,16.0,16.0,15.05,15.2,15.3,15.8,9115,139083.5,22-SEP-2011,76,INE933A01014,
M&M,EQ,803.45,808.25,778.6,783.55,787.0,814.5,1297357,1026466261.95,22-SEP-2011,37278,INE101A01026,
M&MFIN,EQ,685.0,685.0,655.15,664.4,655.3,685.85,17569,11806466.6,22-SEP-2011,1776,INE774D01016,
M100,EQ,7.4,7.4,7.12,7.15,7.12,7.3,82369,594124.72,22-SEP-2011,288,INF247L01023,
M50,EQ,69.69,69.69,64.1,65.41,65.0,67.95,42044,2834207.15,22-SEP-2011,723,INF247L01015,
MAANALU,EQ,51.5,51.5,49.0,49.15,49.5,49.5,450,22825.0,22-SEP-2011,16,INE215I01019,
MADHAV,EQ,18.2,18.2,17.55,17.7,17.7,19.2,259,4666.35,22-SEP-2011,10,INE925C01016,
MADHUCON,EQ,75.5,75.5,69.65,70.65,70.8,75.65,10304,747166.8,22-SEP-2011,339,INE378D01032,
MADRASCEM,EQ,105.0,105.0,100.5,101.7,101.45,105.0,140322,14402940.85,22-SEP-2011,2847,INE331A01037,
MADRASFERT,EQ,23.1,24.3,22.05,22.35,22.25,22.85,96471,2186421.3,22-SEP-2011,326,INE414A01015,
MAGMA,EQ,73.7,73.7,72.0,72.4,73.0,73.7,16131,1169101.6,22-SEP-2011,238,INE511C01022,
MAGNUM,EQ,5.2,5.2,4.8,5.2,5.2,4.85,2636,12822.2,22-SEP-2011,7,INE387I01016,
MAHABANK,EQ,49.7,49.7,48.1,48.25,48.5,49.75,104929,5094315.9,22-SEP-2011,1290,INE457A01014,
MAHINDFORG,EQ,65.5,65.5,63.0,63.25,63.05,66.55,12855,826960.95,22-SEP-2011,246,INE536H01010,
MAHINDUGIN,EQ,45.6,47.2,45.6,45.75,45.75,46.45,3309,153088.75,22-SEP-2011,28,INE850A01010,
MAHLIFE,EQ,289.2,299.75,289.2,292.85,291.8,300.45,6878,2026627.8,22-SEP-2011,346,INE813A01018,
MAHSCOOTER,EQ,334.1,338.0,324.15,327.4,328.95,340.05,1367,456326.65,22-SEP-2011,45,INE288A01013,
MAHSEAMLES,EQ,367.0,370.0,367.0,368.35,368.35,370.0,15743,5807736.55,22-SEP-2011,204,INE271B01025,
MAITHANALL,EQ,100.0,100.0,97.15,97.6,97.15,101.0,201,19673.1,22-SEP-2011,6,INE683C01011,
MALUPAPER,EQ,12.4,13.85,12.4,13.0,13.3,13.3,10036,132284.9,22-SEP-2011,58,INE383H01017,
MALWACOTT,EQ,30.6,30.6,28.5,28.65,29.0,30.0,2983,87125.3,22-SEP-2011,266,INE272B01015,
MANAKSIA,EQ,59.0,60.4,58.3,58.9,59.1,60.05,4154,244919.6,22-SEP-2011,67,INE015D01022,
MANALIPETC,EQ,11.7,11.7,11.3,11.35,11.3,11.7,61902,708788.05,22-SEP-2011,228,INE201A01024,
MANAPPURAM,EQ,56.7,57.0,55.1,55.45,55.65,57.4,491689,27604142.3,22-SEP-2011,3910,INE522D01027,
MANDHANA,EQ,222.0,222.0,205.3,216.0,213.7,221.8,94519,20558044.25,22-SEP-2011,754,INE087J01010,
MANGALAM,EQ,13.9,14.0,13.7,13.85,13.7,13.55,800,11083.5,22-SEP-2011,6,INE584F01014,
MANGCHEFER,EQ,33.0,33.05,31.9,32.05,32.2,33.65,170464,5550405.5,22-SEP-2011,1150,INE558B01017,
MANGLMCEM,EQ,105.0,105.0,102.0,102.4,102.0,105.85,11288,1163696.75,22-SEP-2011,320,INE347A01017,
MANGTIMBER,EQ,17.8,18.5,17.8,18.15,18.3,17.45,14025,257884.2,22-SEP-2011,41,INE805B01012,
MANINDS,EQ,131.0,135.7,131.0,134.3,134.8,134.9,4303,578066.4,22-SEP-2011,85,INE993A01026,
MANINFRA,EQ,138.0,140.95,133.95,135.75,134.0,143.3,28056,3855524.6,22-SEP-2011,758,INE949H01015,
MANJEERA,EQ,90.0,90.1,82.8,84.85,83.85,96.95,421,37432.55,22-SEP-2011,107,INE320D01018,
MANJUSHREE,EQ,94.6,95.3,92.05,92.25,92.95,95.3,6303,592178.15,22-SEP-2011,92,INE435H01015,
MANUGRAPH,EQ,47.0,47.5,46.95,47.05,47.5,47.5,9008,423870.2,22-SEP-2011,31,INE867A01022,
MARALOVER,EQ,12.05,12.95,12.05,12.45,12.5,12.35,14485,181817.25,22-SEP-2011,24,INE882A01013,
MARG,EQ,91.0,91.55,85.1,86.25,86.0,92.65,38316,3372818.1,22-SEP-2011,876,INE941E01019,
MARICO,EQ,144.0,147.45,142.2,144.5,145.4,145.65,417848,60716056.9,22-SEP-2011,5681,INE196A01026,
MARKSANS,EQ,2.25,2.3,2.2,2.25,2.25,2.3,75301,168078.35,22-SEP-2011,57,INE750C01026,
MARUTI,EQ,1110.0,1114.8,1080.0,1087.1,1080.95,1122.7,569850,623287277.9,22-SEP-2011,21597,INE585B01010,
MASTEK,EQ,94.0,94.8,92.3,93.4,93.0,95.45,252811,23752127.0,22-SEP-2011,633,INE759A01021,
MAWANASUG,EQ,17.95,18.25,17.9,17.95,18.05,18.15,1745,31493.65,22-SEP-2011,21,INE636A01039,
MAX,EQ,207.5,209.6,194.55,199.9,198.6,209.85,1607148,321761684.15,22-SEP-2011,6527,INE180A01020,
MAXWELL,EQ,28.9,30.2,27.9,28.4,28.0,29.15,127714,3719134.25,22-SEP-2011,487,INE450G01024,
MBECL,EQ,128.0,130.5,125.75,126.3,126.0,130.6,6015,771620.8,22-SEP-2011,216,INE748A01016,
MBLINFRA,EQ,129.0,131.0,126.95,128.0,127.2,132.6,15429,1974954.95,22-SEP-2011,453,INE912H01013,
MCDHOLDING,EQ,60.55,61.25,59.05,59.55,59.35,61.6,5907,353706.95,22-SEP-2011,110,INE836H01014,
MCDOWELL-N,EQ,799.7,819.0,776.0,784.6,778.8,805.2,435348,348779614.65,22-SEP-2011,20785,INE854D01016,
MCLEODRUSS,EQ,255.0,255.0,250.3,251.95,251.1,255.75,118674,29911397.7,22-SEP-2011,2225,INE942G01012,
MEGASOFT,EQ,18.2,19.35,17.7,18.0,17.7,18.85,7941,144766.15,22-SEP-2011,56,INE933B01012,
MEGH,EQ,9.9,9.9,9.5,9.55,9.5,10.0,92290,887314.05,22-SEP-2011,237,INE974H01013,
MERCK,EQ,645.1,653.7,637.5,639.5,640.05,649.15,4096,2640787.0,22-SEP-2011,201,INE199A01012,
MHRIL,EQ,323.0,324.95,319.0,322.5,324.25,326.95,4463,1437512.0,22-SEP-2011,216,INE998I01010,
MIC,EQ,12.0,12.4,11.95,12.0,12.0,12.35,111772,1356129.7,22-SEP-2011,467,INE287C01029,
MICROSEC,EQ,30.1,30.7,29.5,29.75,29.8,30.85,5784,173911.4,22-SEP-2011,85,INE019J01013,
MICROTECH,EQ,124.0,126.85,121.0,123.8,125.0,126.2,16208,2008300.35,22-SEP-2011,545,INE358B01012,
MINDAIND,EQ,184.3,184.3,180.0,180.05,180.05,189.75,32,5824.5,22-SEP-2011,21,INE405E01015,
MINDTREE,EQ,344.3,362.0,344.0,355.4,356.75,350.7,71426,25307352.3,22-SEP-2011,1829,INE018I01017,
MIRCELECTR,EQ,20.4,20.6,19.5,19.65,19.65,20.7,205915,4151845.9,22-SEP-2011,1360,INE831A01028,
MIRZAINT,EQ,17.6,21.85,17.6,21.75,21.5,18.2,1909899,41175846.1,22-SEP-2011,7108,INE771A01026,
MLL,EQ,26.15,26.3,24.9,25.1,24.9,26.55,1769132,45307666.3,22-SEP-2011,7374,INE934B01028,
MMFL,EQ,98.2,102.8,98.2,100.75,100.5,101.9,4426,448531.35,22-SEP-2011,92,INE227C01017,
MMFSL,EQ,100.15,103.85,98.0,99.45,100.0,103.05,10636,1074176.85,22-SEP-2011,295,INE180C01018,
MMTC,EQ,700.0,714.8,690.0,691.3,690.0,707.85,6130,4274939.9,22-SEP-2011,797,INE123F01029,
MOIL,EQ,297.05,301.0,294.6,295.0,295.0,300.7,115967,34453879.25,22-SEP-2011,3410,INE490G01020,
MONNETISPA,EQ,490.0,498.45,490.0,490.55,490.0,499.65,5611,2765652.85,22-SEP-2011,262,INE743C01013,
MONSANTO,EQ,1761.0,1791.9,1761.0,1775.5,1774.0,1786.2,2009,3573661.35,22-SEP-2011,167,INE274B01011,
MORARJETEX,EQ,14.3,14.3,13.55,13.65,13.55,13.95,410,5608.0,22-SEP-2011,6,INE161G01019,
MOREPENLAB,EQ,4.0,4.0,3.85,3.9,3.95,4.0,130340,509820.25,22-SEP-2011,173,INE083A01026,
MOSERBAER,EQ,23.1,23.1,22.0,22.1,22.0,23.2,641741,14389226.65,22-SEP-2011,3167,INE739A01015,
MOTHERSUMI,EQ,185.65,189.8,185.0,188.05,187.6,188.45,108529,20319690.6,22-SEP-2011,1085,INE775A01035,
MOTILALOFS,EQ,81.0,83.95,78.05,78.95,79.85,81.9,22618,1822890.15,22-SEP-2011,443,INE338I01027,
MOTOGENFIN,EQ,40.0,42.4,37.05,39.65,40.0,40.5,1049,40952.9,22-SEP-2011,120,INE861B01015,
MPHASIS,EQ,342.0,343.25,317.1,321.95,318.0,344.45,183435,60972347.35,22-SEP-2011,6310,INE356A01018,
MPSLTD,EQ,34.5,36.25,34.5,35.8,36.25,36.3,158,5562.0,22-SEP-2011,6,INE943D01017,
MRF,EQ,6929.0,6990.0,6683.0,6737.2,6754.0,7032.9,12352,83993223.2,22-SEP-2011,3354,INE883A01011,
MRO-TEK,EQ,12.0,12.0,10.9,11.2,11.3,11.35,5174,57986.05,22-SEP-2011,38,INE398B01018,
MRPL,EQ,66.3,66.85,64.2,64.55,64.2,67.4,244457,16037750.6,22-SEP-2011,2712,INE103A01014,
MSPL,EQ,46.8,46.8,43.55,44.15,44.0,44.45,9104,400755.1,22-SEP-2011,263,INE752G01015,
MTNL,EQ,35.9,35.9,34.1,34.35,34.25,35.9,517252,17993822.65,22-SEP-2011,6366,INE153A01019,
MUDRA,EQ,24.55,25.25,24.25,24.65,24.3,25.6,7195,179433.95,22-SEP-2011,115,INE311H01018,
MUKANDENGG,EQ,28.45,28.45,27.6,27.75,28.2,28.2,1805,50218.2,22-SEP-2011,44,INE022B01014,
MUKANDLTD,EQ,37.85,37.85,35.6,35.85,35.9,37.25,2541,92336.4,22-SEP-2011,81,INE304A01026,
MUKTAARTS,EQ,40.85,42.45,38.05,39.1,38.9,40.0,7088,289543.25,22-SEP-2011,188,INE374B01019,
MUNDRAPORT,EQ,156.1,156.1,142.2,146.45,147.15,157.1,2453772,365483203.7,22-SEP-2011,20525,INE742F01042,
MUNJALAU,EQ,173.0,177.0,163.95,169.75,169.75,176.0,14718,2543266.25,22-SEP-2011,418,INE672B01024,
MUNJALSHOW,EQ,59.1,64.0,59.1,62.85,63.0,62.9,72626,4573450.05,22-SEP-2011,200,INE577A01027,
MURLIIND,EQ,24.0,25.0,23.0,23.6,23.3,23.9,5561,131393.85,22-SEP-2011,40,INE806B01028,
MURUDCERA,EQ,18.6,18.6,17.3,17.3,17.3,17.9,912,15783.55,22-SEP-2011,10,INE692B01014,
MUTHOOTFIN,EQ,169.7,171.5,165.55,166.8,166.75,171.05,180369,30171395.85,22-SEP-2011,3631,INE414G01012,
MVL,EQ,24.15,24.6,23.25,23.7,23.7,24.55,225063,5361845.6,22-SEP-2011,334,INE744I01034,
MVLIND,EQ,13.5,13.55,13.0,13.15,13.5,13.75,3650,48272.3,22-SEP-2011,24,INE141B01020,
MYSOREBANK,EQ,590.0,594.0,586.0,586.7,586.0,595.3,1842,1084421.25,22-SEP-2011,197,INE651A01020,
N100,EQ,107.5,116.8,103.3,105.03,107.0,106.9,57438,6003010.87,22-SEP-2011,105,INF247L01031,
NAGREEKCAP,EQ,22.6,24.0,22.55,23.0,23.0,23.45,2627,61146.75,22-SEP-2011,24,INE245I01016,
NAGREEKEXP,EQ,22.5,23.7,21.65,22.4,21.7,23.45,3361,75570.0,22-SEP-2011,58,INE123B01028,
NAHARCAP,EQ,53.5,55.0,50.75,50.75,50.75,51.75,240,12620.6,22-SEP-2011,25,INE049I01012,
NAHARINDUS,EQ,44.5,44.95,41.65,44.25,44.85,45.7,4145,183777.3,22-SEP-2011,41,INE289A01011,
NAHARPOLY,EQ,26.0,26.0,23.5,23.5,23.5,24.6,1651,39116.8,22-SEP-2011,11,INE308A01027,
NAHARSPING,EQ,64.0,66.45,62.45,63.05,63.0,65.4,4261,270666.2,22-SEP-2011,125,INE290A01027,
NANDAN,EQ,2.5,2.5,2.4,2.45,2.45,2.55,207419,507995.8,22-SEP-2011,46,INE875G01022,
NATCOPHARM,EQ,236.05,238.25,233.0,234.25,234.0,239.45,8337,1962566.4,22-SEP-2011,633,INE987B01018,
NATHSEED,EQ,17.0,18.0,16.0,16.15,16.0,15.65,110200,1866157.15,22-SEP-2011,883,INE778A01021,
NATIONALUM,EQ,65.75,69.1,62.2,64.5,64.55,64.4,484283,31111242.9,22-SEP-2011,2303,INE139A01034,
NATNLSTEEL,EQ,16.0,17.3,16.0,16.35,16.35,17.45,6795,113634.4,22-SEP-2011,84,INE088B01015,
NAUKRI,EQ,694.35,694.35,675.05,684.1,676.2,694.35,513,352486.7,22-SEP-2011,49,INE663F01024,
NAVINFLUOR,EQ,367.0,372.5,355.0,360.3,355.3,374.1,16903,6175726.45,22-SEP-2011,498,INE048G01018,
NAVNETPUBL,EQ,68.0,69.5,66.85,67.45,67.25,69.3,313591,21301678.8,22-SEP-2011,2867,INE060A01024,
NBVENTURES,EQ,200.0,204.0,195.0,196.6,197.0,206.8,10156,2004965.4,22-SEP-2011,639,INE725A01022,
NCC,EQ,70.0,71.15,66.0,66.95,66.7,71.75,754211,51638374.85,22-SEP-2011,9201,INE868B01028,
NCLIND,EQ,40.0,40.0,36.25,36.65,36.65,39.15,27682,1035539.85,22-SEP-2011,270,INE732C01016,
NDTV,EQ,56.4,56.95,53.1,53.8,53.7,58.3,343669,19002561.55,22-SEP-2011,4028,INE155G01029,
NECLIFE,EQ,21.35,21.35,18.7,19.6,19.85,20.75,53135,1053827.9,22-SEP-2011,498,INE023H01027,
NEHAINT,BE,102.55,104.0,102.55,102.6,102.55,107.95,11251,1154630.3,22-SEP-2011,72,INE874D01022,
NELCAST,EQ,20.6,20.85,20.2,20.35,20.2,20.6,9793,200166.5,22-SEP-2011,105,INE189I01024,
NELCO,EQ,60.05,61.3,56.3,57.0,57.05,61.55,89107,5226055.1,22-SEP-2011,1454,INE045B01015,
NEOCURE,EQ,2.75,2.95,2.75,2.8,2.8,2.85,2120,6135.05,22-SEP-2011,4,INE695B01025,
NEPCMICON,EQ,3.9,4.1,3.7,3.9,3.9,4.0,33356,129366.15,22-SEP-2011,83,INE588A01016,
NESCO,EQ,589.65,595.0,570.0,572.45,575.9,594.45,17233,10032661.95,22-SEP-2011,1158,INE317F01027,
NESTLEIND,EQ,4168.0,4270.0,4168.0,4254.75,4270.0,4283.45,23802,100769515.9,22-SEP-2011,1861,INE239A01016,
NET4,EQ,147.9,147.95,144.75,144.95,145.0,145.9,23386,3394131.25,22-SEP-2011,463,INE553E01012,
NETWORK18,EQ,92.0,92.0,88.55,91.55,91.1,92.85,95215,8608554.6,22-SEP-2011,469,INE870H01013,
NEULANDLAB,EQ,91.05,92.0,91.0,91.0,91.0,91.5,63,5783.15,22-SEP-2011,10,INE794A01010,
NEXTMEDIA,EQ,4.85,5.0,4.6,4.8,4.75,4.85,12619,61041.3,22-SEP-2011,47,INE747B01016,
NEYVELILIG,EQ,85.2,86.8,83.3,83.7,83.7,87.35,95175,8081270.35,22-SEP-2011,1356,INE589A01014,
NFL,EQ,76.4,77.05,74.7,74.95,75.0,76.9,40429,3053397.6,22-SEP-2011,678,INE870D01012,
NHPC,EQ,24.2,24.4,24.0,24.05,24.05,24.5,2612726,63110421.55,22-SEP-2011,5301,INE848E01016,
NICCO,EQ,2.7,2.8,2.6,2.75,2.8,2.8,19567,53273.25,22-SEP-2011,19,INE241C01026,
NIFTYBEES,EQ,512.1,513.5,500.02,502.34,502.0,519.47,149437,75660902.07,22-SEP-2011,4968,INF732E01011,
NIITLTD,EQ,45.5,46.6,44.35,44.8,44.4,46.45,53873,2451105.2,22-SEP-2011,950,INE161A01038,
NIITTECH,EQ,208.0,212.85,203.3,205.5,205.0,211.9,45517,9356221.2,22-SEP-2011,1635,INE591G01017,
NILKAMAL,EQ,265.1,268.0,260.0,261.05,260.25,268.8,824,216252.6,22-SEP-2011,186,INE310A01015,
NIPPOBATRY,EQ,393.05,402.0,393.05,394.45,394.0,400.7,211,83580.0,22-SEP-2011,12,INE567A01010,
NISSAN,EQ,2.3,2.35,2.25,2.25,2.3,2.35,102706,235454.75,22-SEP-2011,59,INE846H01021,
NITCO,EQ,51.0,51.0,48.3,49.0,49.0,51.75,9964,496128.25,22-SEP-2011,212,INE858F01012,
NITESHEST,EQ,18.05,18.2,17.75,17.9,17.95,18.2,109437,1965329.8,22-SEP-2011,347,INE639K01016,
NITINFIRE,EQ,45.0,46.8,40.5,43.65,43.3,138.8,2940939,131499871.4,22-SEP-2011,19874,INE489H01020,
NITINSPIN,EQ,6.65,6.95,6.65,6.8,6.75,7.0,2361,16040.8,22-SEP-2011,13,INE229H01012,
NMDC,EQ,247.9,254.25,236.0,239.4,239.8,252.15,422095,104612107.7,22-SEP-2011,11171,INE584A01023,
NOCIL,EQ,17.5,17.7,16.55,16.7,16.75,18.05,447527,7634078.4,22-SEP-2011,1606,INE163A01018,
NOIDATOLL,EQ,23.4,23.7,22.55,22.7,22.8,23.7,99734,2294340.35,22-SEP-2011,1045,INE781B01015,
NOL,EQ,44.7,44.7,38.1,41.7,42.0,42.2,1653,69362.3,22-SEP-2011,9,INE296D01010,
NORBTEAEXP,EQ,5.15,5.65,5.15,5.3,5.25,5.6,6465,34063.15,22-SEP-2011,29,INE369C01017,
NORTHGATE,EQ,13.95,14.0,12.9,13.15,12.95,13.95,62890,841397.4,22-SEP-2011,359,INE217G01019,
NOVOPANIND,EQ,41.2,42.0,41.2,41.6,42.0,42.5,6,249.6,22-SEP-2011,2,INE460B01016,
NRBBEARING,EQ,45.0,45.0,42.5,43.15,42.9,45.5,9503,417094.85,22-SEP-2011,156,INE349A01021,
NRC,EQ,4.4,4.8,3.75,3.95,3.9,4.6,73337,292153.9,22-SEP-2011,324,INE953C01018,
NSIL,EQ,634.0,651.0,625.0,625.6,625.0,642.9,96,61333.95,22-SEP-2011,37,INE023A01030,
NTPC,EQ,171.4,171.6,165.05,165.75,166.7,173.3,1555134,259913318.15,22-SEP-2011,14755,INE733E01010,
NUCENT,EQ,2.3,2.3,2.3,2.3,2.3,2.35,900,2070.0,22-SEP-2011,1,INE980A01023,
NUCHEM,EQ,3.3,3.35,3.1,3.2,3.2,3.15,14821,47931.85,22-SEP-2011,54,INE946A01016,
NUCLEUS,EQ,69.85,69.85,66.1,66.6,67.0,69.15,6916,463436.55,22-SEP-2011,157,INE096B01018,
NUMERICPW,EQ,193.6,196.0,191.5,192.8,194.95,195.95,2222,428668.45,22-SEP-2011,115,INE409B01013,
NUTEK,EQ,3.05,3.05,2.85,2.85,2.85,3.05,1537194,4470957.3,22-SEP-2011,846,INE318J01027,
OBEROIRLTY,EQ,223.5,226.4,220.0,221.3,220.55,225.45,11308,2521688.0,22-SEP-2011,522,INE093I01010,
OCL,EQ,96.7,97.5,94.6,95.2,95.0,97.1,2933,280481.6,22-SEP-2011,79,INE290B01025,
OFSS,EQ,1947.0,1949.0,1890.0,1907.05,1910.0,1935.85,107368,204998436.1,22-SEP-2011,3752,INE881D01027,
OIL,EQ,1315.0,1335.0,1312.55,1317.95,1317.0,1324.7,25611,33865914.6,22-SEP-2011,2206,INE274J01014,
OILCOUNTUB,EQ,65.0,66.8,62.9,63.75,63.05,66.05,4659,304026.4,22-SEP-2011,185,INE591A01010,
OISL,EQ,50.85,52.25,50.85,51.4,51.05,50.9,206401,10679211.4,22-SEP-2011,215,INE196J01019,
OMAXAUTO,EQ,39.55,40.5,39.2,39.45,39.2,41.75,14414,574229.7,22-SEP-2011,186,INE090B01011,
OMAXE,EQ,143.3,143.3,136.5,139.2,138.7,143.1,140168,19793683.8,22-SEP-2011,1250,INE800H01010,
OMKARCHEM,EQ,70.5,70.5,67.55,68.4,68.25,71.4,3708,255723.7,22-SEP-2011,63,INE474L01016,
OMNITECH,EQ,143.1,146.95,141.5,144.25,142.5,144.45,91571,13208068.75,22-SEP-2011,1159,INE810H01019,
ONGC,EQ,259.2,262.75,257.1,257.8,257.75,261.05,5219796,1352304870.55,22-SEP-2011,65422,INE213A01029,
ONMOBILE,EQ,61.9,62.9,56.5,58.55,58.85,62.9,520814,31149377.8,22-SEP-2011,5632,INE809I01019,
ONWARDTEC,EQ,36.6,37.5,36.5,37.0,37.5,37.5,4777,178827.55,22-SEP-2011,21,INE229A01017,
OPTOCIRCUI,EQ,233.0,233.0,220.2,221.0,221.75,233.5,801743,179890689.15,22-SEP-2011,18978,INE808B01016,
ORBITCORP,EQ,34.1,35.65,34.1,34.65,34.55,35.9,264586,9253803.9,22-SEP-2011,1858,INE628H01015,
ORCHIDCHEM,EQ,200.0,201.5,184.1,186.45,185.2,203.35,2335571,449854884.5,22-SEP-2011,27987,INE191A01019,
ORIENTABRA,EQ,38.0,38.3,37.0,37.75,38.0,38.15,89907,3391789.05,22-SEP-2011,378,INE569C01020,
ORIENTALTL,EQ,8.25,8.5,8.0,8.45,8.45,8.65,4561,38649.5,22-SEP-2011,18,INE998H01012,
ORIENTBANK,EQ,289.85,289.85,281.35,283.95,281.35,292.95,465857,132872907.2,22-SEP-2011,13381,INE141A01014,
ORIENTCERA,EQ,50.5,50.5,49.0,49.0,49.0,49.0,358,17579.9,22-SEP-2011,7,INE607D01018,
ORIENTHOT,EQ,27.3,27.3,26.55,26.8,27.0,27.25,1399,37533.9,22-SEP-2011,20,INE750A01020,
ORIENTLTD,EQ,71.05,71.05,70.25,70.25,70.25,73.4,565,40128.75,22-SEP-2011,5,INE609C01024,
ORIENTPPR,EQ,61.05,61.5,59.6,60.15,60.0,62.05,42795,2579382.95,22-SEP-2011,455,INE592A01026,
ORISSAMINE,EQ,49501.0,50124.9,47535.35,47926.1,47986.7,50223.9,1557,76299649.75,22-SEP-2011,1375,INE725E01016,
OSWALMIN,EQ,39.95,39.95,36.15,36.5,36.5,38.05,3636,141292.0,22-SEP-2011,62,INE469B01017,
OUDHSUG,EQ,23.0,23.45,22.5,23.3,23.4,23.5,3817,88243.7,22-SEP-2011,45,INE594A01014,
PAEL,EQ,23.45,23.45,21.8,22.5,22.4,22.85,1135,25741.7,22-SEP-2011,29,INE766A01018,
PAGEIND,EQ,2650.0,2689.0,2627.5,2662.9,2677.0,2683.3,3363,8948995.95,22-SEP-2011,448,INE761H01022,
PANACEABIO,EQ,134.55,135.0,131.1,131.75,131.9,135.7,6224,825651.7,22-SEP-2011,571,INE922B01023,
PANASONIC,EQ,116.0,116.0,113.55,114.05,114.0,116.1,197,22651.65,22-SEP-2011,29,INE841C01015,
PANCARBON,EQ,130.15,132.0,130.0,130.2,130.0,135.05,355,46290.0,22-SEP-2011,6,INE013E01017,
PANORAMUNI,EQ,11.5,12.05,11.0,11.85,11.95,11.95,14549,172287.9,22-SEP-2011,70,INE194B01029,
PANTALOONR,EQ,250.0,255.0,236.55,238.25,237.0,257.3,1075260,262554729.35,22-SEP-2011,15761,INE623B01027,
PAPERPROD,EQ,79.0,79.35,77.45,78.4,78.05,78.85,35449,2769455.05,22-SEP-2011,291,INE275B01026,
PARABDRUGS,EQ,30.2,30.8,29.55,29.8,29.9,30.95,82849,2483551.55,22-SEP-2011,403,INE618H01016,
PARACABLES,EQ,3.2,3.3,3.1,3.15,3.25,3.3,21383,68743.6,22-SEP-2011,53,INE074B01023,
PARAL,EQ,247.05,248.9,235.0,240.4,235.5,249.95,5145,1246112.1,22-SEP-2011,241,INE620C01013,
PARAPRINT,EQ,23.05,23.65,22.25,22.8,22.3,23.45,63904,1461196.2,22-SEP-2011,234,INE702L01010,
PARASPETRO,EQ,0.5,0.55,0.45,0.45,0.5,0.55,42798,21202.4,22-SEP-2011,36,INE162C01024,
PAREKHPLAT,BE,3.5,3.65,3.5,3.65,3.65,3.5,1502,5462.3,22-SEP-2011,5,INE598A01015,
PARRYSUGAR,EQ,96.0,96.0,96.0,96.0,96.0,94.0,10,960.0,22-SEP-2011,1,INE353B01021,
PARSVNATH,EQ,66.65,67.9,65.05,66.0,66.25,68.8,2411337,159800815.9,22-SEP-2011,6253,INE561H01026,
PATELENG,EQ,101.05,103.0,97.1,98.55,97.5,105.1,422920,42550366.35,22-SEP-2011,8060,INE244B01030,
PATINTLOG,EQ,35.05,36.45,32.9,34.0,33.0,36.35,155766,5468829.25,22-SEP-2011,606,INE529D01014,
PATNI,EQ,294.9,294.9,280.45,283.6,285.0,297.3,72388,20833818.9,22-SEP-2011,4210,INE660F01012,
PATSPINLTD,EQ,11.6,13.5,11.6,13.3,13.3,12.8,4470,58815.55,22-SEP-2011,36,INE790C01014,
PBAINFRA,EQ,45.5,46.6,43.1,44.5,43.1,46.55,5111,231411.45,22-SEP-2011,129,INE160H01019,
PDPL,EQ,115.0,115.0,104.8,104.8,104.8,116.4,61462,6450592.9,22-SEP-2011,143,INE904D01019,
PDUMJEIND,EQ,16.05,18.0,16.05,17.15,17.1,17.5,28,478.7,22-SEP-2011,12,INE105C01023,
PDUMJEPULP,EQ,18.85,18.85,17.75,17.9,17.85,18.2,8319,148618.25,22-SEP-2011,38,INE606A01024,
PEACOCKIND,EQ,3.05,3.1,3.0,3.0,3.0,2.85,5001,15500.45,22-SEP-2011,3,INE600A01019,
PEARLPOLY,EQ,22.15,22.95,21.9,22.15,22.15,23.05,1061,23379.3,22-SEP-2011,15,INE844A01013,
PENIND,EQ,38.5,39.45,37.8,38.2,38.6,39.6,5805,224587.55,22-SEP-2011,54,INE932A01024,
PENINLAND,EQ,44.0,44.7,42.5,44.0,44.0,44.5,29767,1311135.55,22-SEP-2011,854,INE138A01028,
PERIATEA,EQ,140.0,141.0,139.0,139.9,139.9,139.0,167,23369.5,22-SEP-2011,10,INE431F01018,
PERSISTENT,EQ,301.0,302.3,300.0,301.15,302.0,302.9,6300,1895262.0,22-SEP-2011,485,INE262H01013,
PETRONENGG,EQ,319.0,323.0,302.0,304.25,304.2,318.2,5306,1671615.15,22-SEP-2011,336,INE742A01019,
PETRONET,EQ,177.0,177.0,165.35,166.85,167.25,177.95,2640862,449477896.45,22-SEP-2011,30625,INE347G01014,
PFC,EQ,160.15,162.45,151.45,153.15,152.75,163.95,2863004,445298297.1,22-SEP-2011,32297,INE134E01011,
PFIZER,EQ,1377.7,1438.9,1354.0,1364.85,1378.0,1365.75,1854,2534351.9,22-SEP-2011,271,INE182A01018,
PFOCUS,EQ,64.0,65.75,60.3,60.9,60.5,64.5,1554628,97866384.75,22-SEP-2011,8097,INE367G01038,
PFS,EQ,16.3,16.55,16.0,16.05,16.05,16.55,71581,1158139.1,22-SEP-2011,283,INE560K01014,
PGHH,EQ,1902.0,1953.05,1875.0,1914.4,1927.95,1920.75,1627,3100216.6,22-SEP-2011,303,INE179A01014,
PHILIPCARB,EQ,150.0,155.0,143.0,144.75,144.0,156.0,41773,6252378.7,22-SEP-2011,635,INE602A01015,
PHOENIXLTD,EQ,212.0,219.45,211.0,214.4,211.0,217.0,6586,1415395.5,22-SEP-2011,174,INE211B01039,
PIDILITIND,EQ,165.0,167.9,160.0,166.9,167.0,166.5,74391,12365386.15,22-SEP-2011,907,INE318A01026,
PIIND,EQ,612.0,612.0,556.35,569.3,579.95,600.1,7381,4310586.9,22-SEP-2011,646,INE603J01022,
PIONDIST,EQ,49.45,49.45,46.0,46.0,46.0,46.1,499,23301.5,22-SEP-2011,4,INE889E01010,
PIONEEREMB,EQ,11.0,12.0,11.0,11.55,11.55,11.95,3481,40733.45,22-SEP-2011,26,INE156C01018,
PIPAVAVYD,EQ,82.5,83.45,81.1,81.7,81.15,83.95,1907636,157493828.55,22-SEP-2011,6381,INE542F01012,
PIRGLASS,EQ,131.0,134.0,131.0,131.3,131.6,134.85,8623,1137540.75,22-SEP-2011,196,INE748E01018,
PIRHEALTH,EQ,352.5,356.5,346.7,352.35,353.0,358.45,136890,48316392.6,22-SEP-2011,3777,INE140A01024,
PIRLIFE,EQ,88.8,89.9,86.2,87.15,87.5,88.8,9479,832133.5,22-SEP-2011,114,INE122J01015,
PITTILAM,EQ,48.0,48.9,46.6,46.9,46.8,49.35,24019,1149425.9,22-SEP-2011,158,INE450D01013,
PLASTIBLEN,EQ,178.2,178.2,178.2,178.2,178.2,180.0,4,712.8,22-SEP-2011,4,INE083C01014,
PLETHICO,EQ,373.7,373.7,369.0,369.1,369.0,370.95,51217,18974495.95,22-SEP-2011,504,INE491H01018,
PNB,EQ,990.0,992.8,952.25,959.9,955.0,999.75,223612,217819115.7,22-SEP-2011,8923,INE160A01014,
PNBGILTS,EQ,24.5,24.55,24.15,24.3,24.25,24.5,45693,1111945.55,22-SEP-2011,390,INE859A01011,
PNC,EQ,14.2,15.5,13.7,14.2,14.1,14.7,7356,105028.0,22-SEP-2011,138,INE392B01011,
POCHIRAJU,EQ,14.0,14.0,13.1,13.2,13.15,13.45,5693,75444.6,22-SEP-2011,85,INE332G01032,
POLARIND,EQ,3.95,4.05,3.9,3.95,3.95,4.05,18766,73626.25,22-SEP-2011,40,INE057B01010,
POLARIS,EQ,130.7,131.85,126.4,127.35,126.55,134.45,443636,57021195.15,22-SEP-2011,6602,INE763A01023,
POLYPLEX,EQ,198.0,198.0,188.1,189.5,189.0,203.3,86250,16628220.4,22-SEP-2011,2805,INE633B01018,
PONDYOXIDE,EQ,31.1,32.9,31.1,32.35,32.7,34.2,7730,249464.85,22-SEP-2011,97,INE063E01038,
PONNIERODE,EQ,78.0,81.9,78.0,78.9,80.0,80.5,334,26403.5,22-SEP-2011,17,INE838E01017,
POWERGRID,EQ,98.4,98.45,95.7,96.25,96.6,99.25,2133097,206975501.15,22-SEP-2011,12392,INE752E01010,
PPAP,EQ,88.5,88.5,83.1,83.8,84.0,88.55,3418,289687.35,22-SEP-2011,281,INE095I01015,
PRADIP,EQ,68.5,69.75,65.5,68.05,65.5,69.5,9743,668171.65,22-SEP-2011,431,INE495J01015,
PRAENG,EQ,7.7,7.7,7.05,7.15,7.1,7.65,62214,451254.8,22-SEP-2011,221,INE505C01016,
PRAJIND,EQ,76.7,76.9,70.2,71.2,70.75,77.45,2120278,158070161.8,22-SEP-2011,19233,INE074A01025,
PRAKASH,EQ,57.4,57.9,55.1,55.45,55.5,58.6,296200,16787361.75,22-SEP-2011,3861,INE603A01013,
PRAKASHSTL,EQ,124.5,124.9,121.85,122.8,121.85,126.5,1149,141414.55,22-SEP-2011,118,INE696K01016,
PRATIBHA,EQ,48.0,48.0,46.5,46.9,46.9,48.65,15752,743604.2,22-SEP-2011,303,INE308H01022,
PRECOT,EQ,112.5,114.0,107.3,110.7,111.8,114.95,654,72906.35,22-SEP-2011,32,INE283A01014,
PRECWIRE,EQ,95.1,95.1,93.3,94.9,94.9,95.0,961,90963.5,22-SEP-2011,13,INE372C01011,
PREMIER,EQ,84.0,85.0,82.5,84.0,83.4,85.45,8153,682105.35,22-SEP-2011,175,INE342A01018,
PRESTIGE,EQ,90.8,94.0,89.0,89.65,89.95,91.9,110003,10103362.55,22-SEP-2011,2700,INE811K01011,
PRETAILDVR,EQ,175.0,178.4,170.05,177.7,177.9,178.85,7764,1372601.7,22-SEP-2011,120,IN9623B01058,
PRICOL,EQ,15.65,16.55,15.65,16.1,16.0,16.2,11830,190184.05,22-SEP-2011,110,INE605A01026,
PRIMESECU,EQ,20.05,21.4,19.9,20.3,20.35,21.1,19131,391879.75,22-SEP-2011,218,INE032B01021,
PRISMCEM,EQ,46.7,46.7,43.0,44.4,44.1,47.55,4935259,213466568.8,22-SEP-2011,3630,INE010A01011,
PRITHVI,EQ,21.5,21.75,21.05,21.15,21.05,21.5,3839,81652.15,22-SEP-2011,65,INE700C01013,
PRITHVISOF,EQ,14.75,14.95,14.25,14.65,14.95,15.0,1135,16292.75,22-SEP-2011,19,INE621B01021,
PROVOGUE,EQ,32.9,33.4,30.25,30.75,30.8,33.6,558281,17824953.25,22-SEP-2011,2009,INE968G01025,
PSB,EQ,69.9,69.9,66.7,66.95,66.75,70.2,278661,18868962.9,22-SEP-2011,2794,INE608A01012,
PSL,EQ,63.5,64.9,62.2,62.7,63.0,64.65,61182,3867242.05,22-SEP-2011,932,INE474B01017,
PSUBNKBEES,EQ,331.35,337.0,329.1,330.28,329.1,339.51,1086,361271.55,22-SEP-2011,64,INF732E01110,
PTC,EQ,72.0,72.0,69.5,69.95,70.0,72.35,663484,46679302.25,22-SEP-2011,6320,INE877F01012,
PTL,EQ,40.05,43.0,37.35,38.7,39.0,39.25,126984,5020931.95,22-SEP-2011,983,INE034D01031,
PUNJABCHEM,EQ,71.0,71.0,69.2,69.75,69.95,70.95,2122,149024.75,22-SEP-2011,37,INE277B01014,
PUNJLLOYD,EQ,60.8,60.9,56.6,57.7,57.05,62.1,3600508,212781062.2,22-SEP-2011,20857,INE701B01021,
PURVA,EQ,68.0,68.0,65.55,66.15,65.55,69.0,7636,510994.2,22-SEP-2011,187,INE323I01011,
PVP,EQ,6.6,6.6,5.8,5.85,5.8,6.6,68395,414213.15,22-SEP-2011,275,INE362A01016,
PVR,EQ,124.75,126.7,118.0,123.2,122.9,121.8,216272,26677573.3,22-SEP-2011,3340,INE191H01014,
QGOLDHALF,EQ,1354.95,1358.9,1346.0,1350.75,1350.65,1356.2,1109,1499073.75,22-SEP-2011,210,INF082J01010,
QNIFTY,EQ,510.5,511.5,503.25,503.25,503.25,520.0,44,22321.75,22-SEP-2011,5,INF082J01028,
QUINTEGRA,EQ,3.0,3.35,2.85,2.95,2.95,3.15,19034,58672.5,22-SEP-2011,79,INE033B01011,
RADAAN,EQ,2.4,2.4,2.2,2.2,2.2,2.3,17194,38773.0,22-SEP-2011,62,INE874F01027,
RADICO,EQ,124.8,124.8,122.0,122.65,122.45,123.9,66844,8212062.25,22-SEP-2011,470,INE944F01028,
RAINBOWPAP,EQ,67.55,68.55,66.9,67.05,67.5,68.35,86632,5844125.85,22-SEP-2011,653,INE028D01025,
RAINCOM,EQ,29.5,29.65,27.3,27.9,28.1,29.7,262667,7422156.95,22-SEP-2011,2194,INE855B01025,
RAJESHEXPO,EQ,131.75,133.35,125.0,126.2,125.85,134.6,671066,87092867.45,22-SEP-2011,11721,INE343B01030,
RAJOIL,EQ,21.15,24.9,20.9,23.4,23.2,21.3,467478,11079816.95,22-SEP-2011,4037,INE294G01018,
RAJPALAYAM,EQ,209.0,219.65,209.0,211.1,213.05,213.05,529,112241.45,22-SEP-2011,47,INE296E01026,
RAJRAYON,EQ,10.25,10.95,10.25,10.45,10.35,10.85,1203,12561.3,22-SEP-2011,14,INE533D01016,
RAJSREESUG,EQ,38.0,39.95,38.0,38.5,38.3,38.95,4201,161115.5,22-SEP-2011,51,INE562B01019,
RAJTV,EQ,55.0,56.0,54.0,54.55,54.9,56.15,15518,853335.3,22-SEP-2011,254,INE952H01019,
RAJVIR,EQ,117.1,120.8,114.0,114.95,114.0,118.1,511,59590.4,22-SEP-2011,200,INE011H01014,
RALLIS,EQ,174.05,182.0,174.05,177.1,177.0,179.85,265695,47564409.8,22-SEP-2011,5061,INE613A01020,
RAMANEWS,EQ,12.5,12.5,11.7,11.75,11.75,12.25,8478,101145.75,22-SEP-2011,63,INE278B01020,
RAMCOIND,EQ,41.5,41.8,40.9,41.05,41.05,41.95,23126,951329.5,22-SEP-2011,127,INE614A01028,
RAMCOSYS,EQ,65.95,66.0,61.3,62.2,62.4,65.8,2760,174124.35,22-SEP-2011,456,INE246B01019,
RAMKY,EQ,223.1,227.0,221.0,222.7,223.75,225.65,4326,964610.85,22-SEP-2011,257,INE874I01013,
RAMSARUP,EQ,10.25,10.3,9.9,9.9,9.9,10.55,34321,345107.0,22-SEP-2011,159,INE005D01015,
RANASUG,EQ,4.05,4.1,4.0,4.0,4.0,4.1,246155,991321.8,22-SEP-2011,175,INE625B01014,
RANBAXY,EQ,485.1,488.9,477.15,480.2,480.0,490.75,399112,192390432.65,22-SEP-2011,8580,INE015A01028,
RANEENGINE,EQ,214.0,214.0,210.0,210.0,210.0,218.0,8,1690.1,22-SEP-2011,8,INE222J01013,
RANEHOLDIN,EQ,220.0,220.0,199.0,203.05,204.05,222.3,3899,805618.8,22-SEP-2011,227,INE384A01010,
RANKLIN,EQ,14.05,14.75,14.0,14.05,14.1,15.0,23619,335774.95,22-SEP-2011,113,INE619C01015,
RATNAMANI,EQ,105.0,105.0,104.1,104.2,104.2,106.7,89,9268.45,22-SEP-2011,12,INE703B01027,
RAYMOND,EQ,351.2,354.9,333.25,339.85,333.25,357.5,256467,89208171.4,22-SEP-2011,8708,INE301A01014,
RBL,EQ,107.25,109.55,107.25,107.25,107.25,108.6,79,8526.95,22-SEP-2011,6,INE244J01017,
RBN,EQ,85.5,86.8,83.2,84.1,83.35,87.0,21239,1805588.55,22-SEP-2011,354,INE445K01018,
RCF,EQ,76.75,77.2,72.45,74.55,74.8,77.6,751375,55973790.8,22-SEP-2011,6852,INE027A01015,
RCOM,EQ,83.5,83.5,78.0,78.6,78.3,85.35,9443055,761775309.85,22-SEP-2011,49714,INE330H01018,
RECLTD,EQ,184.95,185.0,176.0,177.3,177.5,186.9,1120488,201308500.75,22-SEP-2011,14714,INE020B01018,
REDINGTON,EQ,94.0,96.2,92.0,92.8,93.0,93.75,184885,17306007.3,22-SEP-2011,3080,INE891D01026,
REFEX,EQ,13.75,14.35,13.1,13.25,13.5,14.35,5538,74445.5,22-SEP-2011,56,INE056I01017,
REGENCERAM,BE,5.8,6.1,5.6,5.75,5.75,5.8,1493,8661.15,22-SEP-2011,11,INE277C01012,
REIAGROLTD,EQ,25.9,26.05,25.3,25.5,25.75,26.3,213343,5462977.6,22-SEP-2011,1268,INE385B01031,
REISIXTEN,EQ,26.1,26.5,25.05,26.0,25.05,26.6,4748,123690.25,22-SEP-2011,66,INE849J01021,
RELAXO,EQ,416.05,416.05,400.1,407.65,402.0,415.8,6453,2670446.8,22-SEP-2011,68,INE131B01021,
RELBANK,EQ,881.0,918.95,881.0,904.49,909.99,923.94,39,35351.54,22-SEP-2011,16,INF733I01028,
RELCAPITAL,EQ,414.65,417.9,395.0,397.6,395.25,422.55,2457090,1001835308.45,22-SEP-2011,48584,INE013A01015,
RELGOLD,EQ,2654.9,2654.9,2633.0,2642.25,2648.0,2655.35,7203,19045933.7,22-SEP-2011,1150,INF733I01010,
RELGRNIFTY,EQ,486.0,490.0,486.0,490.0,490.0,506.44,21,10226.0,22-SEP-2011,4,INF205K01DA9,
RELIANCE,EQ,823.95,827.9,780.0,786.35,780.25,837.6,6239874,5010973317.4,22-SEP-2011,139705,INE002A01018,
RELIGARE,EQ,437.0,438.0,420.0,420.7,427.9,438.0,1478,627498.0,22-SEP-2011,241,INE621H01010,
RELIGAREGO,EQ,2797.0,2830.0,2770.4,2792.4,2799.85,2796.65,573,1597583.55,22-SEP-2011,92,INF205K01361,
RELINFRA,EQ,449.75,452.75,430.8,433.75,432.5,458.7,1374069,607524955.85,22-SEP-2011,33271,INE036A01016,
RELMEDIA,EQ,109.75,109.75,101.5,102.55,102.0,111.35,582021,61648274.8,22-SEP-2011,8566,INE540B01015,
RENUKA,EQ,62.75,62.75,57.0,57.9,57.2,63.65,8105148,486970425.75,22-SEP-2011,47052,INE087H01022,
REPRO,EQ,146.0,148.9,141.95,144.2,144.1,150.05,12087,1752749.1,22-SEP-2011,371,INE461B01014,
RESPONIND,EQ,106.0,110.0,105.9,107.35,107.7,107.7,7766,830758.85,22-SEP-2011,63,INE688D01026,
RESURGERE,EQ,0.3,0.35,0.3,0.35,0.35,0.3,2020120,634127.5,22-SEP-2011,397,INE774I01023,
REVATHI,EQ,347.1,357.45,347.1,349.05,357.45,352.0,444,155298.75,22-SEP-2011,106,INE617A01013,
RICOAUTO,EQ,11.6,11.9,11.3,11.45,11.45,11.9,77900,897343.9,22-SEP-2011,267,INE209B01025,
RIIL,EQ,437.0,441.0,417.0,420.4,417.05,444.9,156707,67501927.95,22-SEP-2011,7277,INE046A01015,
RJL,EQ,92.6,102.95,90.95,95.9,97.0,94.55,6242,583184.75,22-SEP-2011,64,INE722H01016,
RKDL,EQ,19.15,19.5,18.0,18.4,18.25,19.15,49356,916877.85,22-SEP-2011,332,INE722J01012,
RKFORGE,EQ,101.25,101.25,101.0,101.0,101.0,101.3,236,23845.0,22-SEP-2011,2,INE399G01015,
RMCL,EQ,5.55,5.9,5.55,5.8,5.8,5.75,8322,47651.5,22-SEP-2011,34,INE172H01014,
RML,EQ,117.15,122.5,117.15,119.3,119.3,121.05,221,26483.2,22-SEP-2011,5,INE050H01012,
ROHITFERRO,EQ,29.7,29.7,28.35,28.55,28.35,29.85,45454,1314109.55,22-SEP-2011,271,INE248H01012,
ROHLTD,EQ,54.5,55.4,53.5,54.0,54.0,55.3,4331,236057.8,22-SEP-2011,68,INE283H01019,
ROLTA,EQ,98.5,98.5,93.5,94.35,94.0,98.9,374490,35872340.95,22-SEP-2011,10363,INE293A01013,
ROMAN,EQ,22.45,22.45,22.45,22.45,22.45,23.75,30,673.5,22-SEP-2011,1,INE924H01018,
RPGLIFE,EQ,82.0,82.2,79.5,80.05,80.0,81.95,2484,200360.6,22-SEP-2011,37,INE105J01010,
RPOWER,EQ,81.85,81.85,78.15,78.7,78.4,83.05,2413693,193360748.8,22-SEP-2011,19530,INE614G01033,
RPPINFRA,EQ,67.0,69.55,65.55,66.3,66.35,68.0,15307,1038343.95,22-SEP-2011,214,INE324L01013,
RSSOFTWARE,EQ,53.0,55.45,53.0,53.9,54.1,54.2,5466,294286.75,22-SEP-2011,47,INE165B01011,
RSWM,EQ,98.0,98.5,91.0,91.6,91.5,99.55,12404,1157277.25,22-SEP-2011,337,INE611A01016,
RSYSTEMS,EQ,105.0,107.0,105.0,106.7,106.7,106.7,215,22909.6,22-SEP-2011,12,INE411H01024,
RUBYMILLS,EQ,931.0,937.75,899.9,902.85,901.0,955.5,1579,1448931.15,22-SEP-2011,206,INE301D01018,
RUCHINFRA,EQ,18.0,18.95,17.65,18.0,18.0,18.9,15656,284797.7,22-SEP-2011,135,INE413B01023,
RUCHIRA,EQ,9.7,9.7,8.95,9.05,9.45,9.4,3527,32378.2,22-SEP-2011,39,INE803H01014,
RUCHISOYA,EQ,110.55,113.25,109.5,111.9,111.8,114.05,332668,37271402.65,22-SEP-2011,4078,INE619A01027,
RUSHIL,EQ,170.15,173.0,164.6,167.0,164.9,173.8,732491,123859306.85,22-SEP-2011,9415,INE573K01017,
SABERORGAN,EQ,122.1,124.4,121.85,122.65,122.05,124.45,7055,862764.4,22-SEP-2011,94,INE243A01018,
SABTN,BE,70.0,70.55,68.9,68.95,69.0,72.5,21152,1477322.7,22-SEP-2011,98,INE416A01036,
SADBHAV,EQ,133.1,137.95,133.1,134.8,133.6,137.95,14067,1886081.25,22-SEP-2011,195,INE226H01026,
SAGCEM,EQ,135.1,136.15,135.0,136.15,136.15,140.85,1325,179123.65,22-SEP-2011,24,INE229C01013,
SAHPETRO,EQ,30.2,32.6,30.2,31.35,31.0,32.25,504,15954.9,22-SEP-2011,14,INE586G01017,
SAIL,EQ,111.0,111.0,106.2,107.75,108.15,113.6,3061556,331918127.75,22-SEP-2011,25857,INE114A01011,
SAKHTISUG,EQ,28.85,28.85,27.55,27.7,27.55,28.75,38115,1070734.15,22-SEP-2011,340,INE623A01011,
SAKSOFT,EQ,74.9,74.9,69.0,69.85,69.0,72.85,2346,170341.45,22-SEP-2011,26,INE667G01015,
SAKTHIFIN,BE,11.0,11.0,10.3,10.3,10.3,10.6,1101,11496.2,22-SEP-2011,6,INE302E01014,
SAKUMA,EQ,14.45,14.75,13.6,13.65,13.65,13.8,2418,33505.3,22-SEP-2011,22,INE190H01016,
SALSTEEL,EQ,5.8,5.8,5.1,5.3,5.2,5.8,45701,248840.15,22-SEP-2011,223,INE658G01014,
SAMBANDAM,EQ,79.0,84.65,79.0,79.05,79.05,80.0,36,2985.3,22-SEP-2011,6,INE304D01012,
SAMBHAAV,EQ,1.2,1.35,1.2,1.25,1.35,1.4,84,101.1,22-SEP-2011,4,INE699B01027,
SAMTEL,BE,4.3,4.6,4.25,4.5,4.5,4.35,5166,23318.5,22-SEP-2011,19,INE381A01016,
SANDESH,EQ,281.0,284.95,276.0,276.4,276.25,290.8,250,69285.15,22-SEP-2011,34,INE583B01015,
SANGAMIND,EQ,30.2,31.45,30.0,30.4,30.25,30.5,11766,362002.95,22-SEP-2011,105,INE495C01010,
SANGHIIND,BE,14.85,14.85,14.3,14.35,14.3,14.95,974,14232.8,22-SEP-2011,8,INE999B01013,
SANGHIPOLY,EQ,1.55,1.55,1.4,1.45,1.5,1.65,17558,25825.6,22-SEP-2011,24,INE146A01013,
SANGHVIFOR,EQ,28.3,29.1,27.05,28.15,27.5,28.35,11859,329597.6,22-SEP-2011,185,INE263L01013,
SANGHVIMOV,EQ,127.5,129.9,121.5,125.75,128.0,128.7,18994,2370974.45,22-SEP-2011,338,INE989A01024,
SANWARIA,EQ,21.7,21.7,20.6,20.95,21.2,21.8,100673,2111756.7,22-SEP-2011,711,INE890C01046,
SARDAEN,EQ,144.75,144.9,138.2,139.3,140.0,146.9,14020,1972718.7,22-SEP-2011,396,INE385C01013,
SAREGAMA,EQ,78.5,80.7,72.0,75.45,74.8,81.05,378920,29733981.3,22-SEP-2011,6311,INE979A01017,
SASKEN,EQ,105.45,108.8,104.1,106.8,106.9,106.6,44534,4749329.8,22-SEP-2011,2214,INE231F01020,
SATHAISPAT,EQ,40.0,40.0,38.1,38.15,38.2,40.45,21383,830407.75,22-SEP-2011,204,INE176C01016,
SATYAMCOMP,EQ,67.1,71.8,67.1,69.6,69.15,69.95,8679514,609711304.15,22-SEP-2011,47647,INE275A01028,
SAVERA,EQ,37.5,37.95,37.05,37.95,37.95,37.35,74,2775.0,22-SEP-2011,15,INE104E01014,
SB&TINTL,EQ,19.0,20.0,18.75,19.15,18.75,20.0,34216,670917.05,22-SEP-2011,175,INE465B01015,
SBBJ,EQ,414.1,417.85,405.9,409.0,411.95,419.7,10988,4514129.3,22-SEP-2011,762,INE648A01026,
SBIGETS,EQ,2777.2,2779.0,2763.0,2772.05,2778.85,2779.6,6217,17228029.3,22-SEP-2011,1062,INF200K01099,
SBIN,EQ,1962.25,1973.9,1930.0,1937.55,1932.05,2009.6,2741830,5341132534.15,22-SEP-2011,114432,INE062A01012,
SBT,EQ,625.0,630.0,615.05,617.75,619.0,631.25,5974,3725720.1,22-SEP-2011,487,INE654A01024,
SCI,EQ,86.7,86.7,84.0,84.5,84.2,87.3,212993,18139639.0,22-SEP-2011,2236,INE109A01011,
SEAMECLTD,EQ,102.1,104.8,100.0,101.1,102.45,102.45,7980,807152.65,22-SEP-2011,112,INE497B01018,
SEINVEST,EQ,12.0,12.0,11.0,11.8,11.8,11.4,349914,4157902.65,22-SEP-2011,1406,INE420C01034,
SELAN,EQ,302.05,303.0,292.35,294.85,294.1,305.65,16882,5018648.45,22-SEP-2011,683,INE818A01017,
SELMCL,EQ,13.1,13.25,12.75,12.85,12.8,13.2,228100,2950245.35,22-SEP-2011,1165,INE105I01012,
SENTINEL,EQ,14.05,14.95,14.05,14.65,14.8,14.95,3915,57329.3,22-SEP-2011,32,INE577L01016,
SERVALL,EQ,7.3,7.35,7.0,7.05,7.0,7.3,47647,339636.0,22-SEP-2011,137,INE431L01016,
SESAGOA,EQ,215.75,217.1,211.1,213.1,213.95,220.15,2388859,510347337.65,22-SEP-2011,31708,INE205A01025,
SESHAPAPER,EQ,206.0,227.0,200.0,207.35,208.0,202.45,2420,522608.7,22-SEP-2011,120,INE630A01016,
SEZALGLASS,EQ,2.75,2.85,2.6,2.65,2.85,2.65,44625,122519.35,22-SEP-2011,75,INE955I01028,
SGJHL,EQ,157.15,163.15,150.65,152.1,151.9,158.8,377464,59916872.95,22-SEP-2011,9934,INE553K01019,
SGL,EQ,4.1,4.45,4.05,4.1,4.15,4.5,2775,11266.75,22-SEP-2011,15,INE353H01010,
SHAHALLOYS,EQ,11.7,11.7,10.05,10.5,10.55,10.35,1265,13153.75,22-SEP-2011,21,INE640C01011,
SHALPAINTS,EQ,550.0,568.75,538.85,540.5,538.85,567.2,10194,5630365.5,22-SEP-2011,873,INE849C01018,
SHANTIGEAR,EQ,41.15,41.75,40.3,41.15,41.0,41.55,41112,1697916.8,22-SEP-2011,304,INE631A01022,
SHARIABEES,EQ,114.2,114.2,111.35,111.53,111.6,114.4,190,21272.6,22-SEP-2011,7,INF732E01128,
SHARRESLTD,EQ,57.5,57.5,54.0,54.25,54.25,59.25,25069,1403771.35,22-SEP-2011,23,INE559D01011,
SHASUNPHAR,EQ,71.0,71.0,68.75,69.1,68.8,72.25,9913,688951.2,22-SEP-2011,152,INE317A01028,
SHILPAMED,EQ,223.0,224.0,213.0,220.95,222.3,224.75,1649,362623.6,22-SEP-2011,145,INE790G01023,
SHILPI,EQ,13.5,14.0,13.5,13.85,13.8,14.15,17330,239232.15,22-SEP-2011,173,INE510K01019,
SHIV-VANI,EQ,190.5,194.95,187.15,189.1,188.0,191.85,68043,12911000.2,22-SEP-2011,2266,INE756B01017,
SHIVAMAUTO,EQ,128.0,128.9,124.0,124.6,124.0,128.8,4163,524936.05,22-SEP-2011,56,INE637H01016,
SHIVTEX,EQ,25.0,25.5,24.4,25.0,25.0,26.0,2262,56565.35,22-SEP-2011,29,INE705C01012,
SHLAKSHMI,EQ,103.5,103.5,96.3,98.05,97.2,103.95,69790,6996289.9,22-SEP-2011,1287,INE851B01016,
SHOPERSTOP,EQ,384.95,384.95,368.0,372.3,371.0,385.35,24512,9157937.5,22-SEP-2011,704,INE498B01024,
SHPRE,BE,6.75,7.0,6.45,6.5,7.0,6.75,5738,37477.35,22-SEP-2011,26,INE318K01017,
SHREEASHTA,EQ,6.0,6.05,5.85,5.9,5.85,6.05,4155135,24790814.75,22-SEP-2011,3253,INE538H01024,
SHREECEM,EQ,1785.0,1860.0,1778.0,1846.55,1848.0,1821.3,12839,23619277.8,22-SEP-2011,820,INE070A01015,
SHREERAMA,EQ,4.9,4.9,4.5,4.5,4.5,4.75,38424,179284.9,22-SEP-2011,36,INE879A01019,
SHRENUJ,EQ,65.0,65.9,59.5,60.25,60.0,66.1,29940,1859719.7,22-SEP-2011,636,INE633A01028,
SHREYAS,EQ,36.0,42.0,35.2,39.4,39.6,37.9,91911,3529815.75,22-SEP-2011,2112,INE757B01015,
SHRIRAMCIT,EQ,530.0,539.9,502.0,528.05,529.0,535.75,8456,4473277.2,22-SEP-2011,113,INE722A01011,
SHRIRAMEPC,EQ,124.0,125.85,122.75,122.95,124.45,125.05,5590,692983.2,22-SEP-2011,144,INE964H01014,
SHYAMTEL,EQ,39.0,39.0,37.2,37.7,37.2,39.1,5169,197118.1,22-SEP-2011,94,INE635A01023,
SICAGEN,EQ,19.55,19.8,18.5,18.85,19.1,19.7,18671,358155.05,22-SEP-2011,140,INE176J01011,
SICAL,EQ,71.0,72.0,70.5,70.8,70.5,71.9,41348,2935838.0,22-SEP-2011,119,INE075B01012,
SIEMENS,EQ,873.35,883.0,846.0,854.15,851.0,897.9,158365,137970499.0,22-SEP-2011,8494,INE003A01024,
SIL,BE,26.05,27.0,25.8,25.8,25.8,26.1,7884,210640.45,22-SEP-2011,25,INE173A01025,
SILINV,EQ,92.95,92.95,92.0,92.0,92.0,90.25,2,184.95,22-SEP-2011,2,INE923A01015,
SIMBHSUGAR,EQ,30.2,30.5,29.5,29.7,29.8,30.45,8259,247308.65,22-SEP-2011,79,INE270C01017,
SIMPLEX,EQ,85.55,85.95,82.75,83.15,84.8,87.45,975,82319.9,22-SEP-2011,135,INE898F01018,
SIMPLEXINF,EQ,235.0,244.95,230.0,235.5,234.0,241.75,439,103392.35,22-SEP-2011,47,INE059B01024,
SINTEX,EQ,149.0,149.45,144.05,145.4,144.7,151.35,1347544,197975235.7,22-SEP-2011,17702,INE429C01035,
SIRPAPER,EQ,49.0,50.5,47.05,48.0,48.0,51.0,333,16471.5,22-SEP-2011,16,INE202C01010,
SITASHREE,EQ,8.5,9.5,7.5,9.0,9.5,9.0,13199,114644.1,22-SEP-2011,69,INE686I01011,
SIYSIL,EQ,311.0,312.0,303.55,307.3,307.0,316.65,465,142930.05,22-SEP-2011,119,INE076B01010,
SJVN,EQ,22.0,22.25,22.0,22.0,22.0,22.05,251333,5539099.75,22-SEP-2011,563,INE002L01015,
SKFINDIA,EQ,679.9,679.9,661.95,673.2,670.0,680.5,16029,10729313.2,22-SEP-2011,616,INE640A01023,
SKMEGGPROD,EQ,7.65,8.0,7.65,7.9,7.95,7.85,5873,45603.25,22-SEP-2011,57,INE411D01015,
SKSMICRO,EQ,312.0,314.7,300.2,300.35,300.2,316.0,180473,55386193.25,22-SEP-2011,7203,INE180K01011,
SKUMARSYNF,EQ,50.1,50.85,45.7,46.4,46.0,51.4,2482101,120431934.25,22-SEP-2011,13480,INE772A01016,
SMARTLINK,EQ,40.8,41.4,40.25,40.9,40.8,41.45,4562,186459.65,22-SEP-2011,103,INE178C01020,
SMLISUZU,EQ,385.0,388.0,376.1,380.0,380.0,391.0,584,224064.4,22-SEP-2011,39,INE294B01019,
SMOBILITY,EQ,103.0,103.0,99.0,99.4,99.0,101.95,88508,8907151.2,22-SEP-2011,436,INE927C01020,
SMPL,EQ,8.0,8.05,7.6,7.75,7.9,8.1,112848,889275.5,22-SEP-2011,288,INE215G01021,
SMSPHARMA,EQ,170.9,173.0,170.9,173.0,173.0,168.1,9,1543.1,22-SEP-2011,9,INE812G01017,
SOBHA,EQ,223.0,225.3,217.25,221.7,225.3,223.6,257560,57376313.4,22-SEP-2011,6065,INE671H01015,
SOFTTECHGR,EQ,4.95,4.95,4.5,4.55,4.55,4.85,2070,9621.0,22-SEP-2011,16,INE863A01013,
SOLARINDS,EQ,753.3,779.0,753.0,763.2,760.0,772.35,5208,3982355.2,22-SEP-2011,207,INE343H01011,
SOMANYCERA,EQ,43.0,44.95,42.1,42.4,42.4,44.1,1743,74325.55,22-SEP-2011,22,INE355A01028,
SOMATEX,EQ,6.15,6.4,6.05,6.05,6.05,6.4,1861,11559.1,22-SEP-2011,9,INE314C01013,
SONASTEER,EQ,15.25,15.25,14.6,14.7,14.8,15.1,66321,977626.95,22-SEP-2011,217,INE643A01035,
SONATSOFTW,EQ,30.45,30.55,29.1,29.45,29.45,30.8,114266,3417420.9,22-SEP-2011,860,INE269A01021,
SOTL,EQ,582.0,582.95,561.2,571.45,561.2,580.3,2947,1690825.75,22-SEP-2011,143,INE035D01012,
SOUISPAT,EQ,6.25,6.35,5.7,5.7,5.7,6.3,479441,2762295.85,22-SEP-2011,568,INE943B01011,
SOUTHBANK,EQ,23.25,23.35,22.2,22.4,22.3,23.5,2754992,62541687.8,22-SEP-2011,12580,INE683A01023,
SPANCO,EQ,123.0,123.0,117.2,118.1,119.0,125.45,23519,2831402.5,22-SEP-2011,436,INE360B01026,
SPARC,EQ,80.05,80.75,77.15,77.6,77.35,82.15,213521,16853357.9,22-SEP-2011,1866,INE232I01014,
SPECTACLE,BE,14.65,14.65,13.5,13.55,13.5,14.15,4061,56755.4,22-SEP-2011,16,INE409H01028,
SPENTEX,EQ,9.85,10.25,9.6,9.65,9.6,9.85,9367,92993.05,22-SEP-2011,58,INE376C01020,
SPIC,EQ,27.7,27.85,25.2,26.1,25.7,27.9,646591,17272011.75,22-SEP-2011,1801,INE147A01011,
SPLIL,BE,2.85,2.85,2.75,2.75,2.75,2.9,52201,145352.75,22-SEP-2011,47,INE978G01016,
SPMLINFRA,EQ,136.0,137.9,130.1,131.0,130.15,137.95,904,121245.7,22-SEP-2011,74,INE937A01023,
SPYL,EQ,21.55,23.0,21.5,22.6,22.4,22.75,3194,71818.1,22-SEP-2011,24,INE268L01012,
SREINFRA,EQ,34.3,34.4,32.9,33.1,33.0,34.7,1203476,40461025.1,22-SEP-2011,6570,INE872A01014,
SRF,EQ,312.35,317.0,311.0,315.6,316.0,319.15,96619,30366523.15,22-SEP-2011,2217,INE647A01010,
SRGINFOTEC,EQ,0.5,0.5,0.45,0.45,0.5,0.5,30498,15093.7,22-SEP-2011,18,INE376A01032,
SRHHLINDST,EQ,3.75,4.15,3.75,4.0,4.1,4.0,6209,24936.95,22-SEP-2011,89,INE724B01023,
SRHHYPOLTD,EQ,38.25,40.0,38.2,39.3,39.3,39.6,246,9551.5,22-SEP-2011,7,INE917H01012,
SRICHAMUND,EQ,36.0,36.0,36.0,36.0,36.0,37.5,50,1800.0,22-SEP-2011,1,INE004H01019,
SRSLTD,EQ,35.3,35.9,34.1,34.8,34.4,35.4,1859853,65320465.95,22-SEP-2011,8323,INE219H01039,
SRTRANSFIN,EQ,630.5,634.95,602.0,607.9,607.8,638.55,507242,310633897.25,22-SEP-2011,17911,INE721A01013,
SSWL,EQ,235.5,242.3,235.05,236.4,235.1,242.7,3328,792581.9,22-SEP-2011,314,INE802C01017,
STAR,EQ,332.05,351.2,328.0,339.3,340.0,339.7,1301035,440580934.45,22-SEP-2011,28230,INE939A01011,
STARPAPER,EQ,24.0,25.4,20.5,24.2,24.6,24.9,34778,803917.4,22-SEP-2011,324,INE733A01018,
STCINDIA,EQ,173.45,173.45,165.1,167.05,167.5,176.65,65693,11175785.35,22-SEP-2011,2385,INE655A01013,
STER,EQ,130.55,131.1,124.0,124.85,124.35,134.1,7063473,896041218.2,22-SEP-2011,58147,INE268A01049,
STERLINBIO,EQ,73.0,76.0,72.05,72.9,73.7,76.75,409865,30105304.4,22-SEP-2011,1761,INE324C01038,
STERTOOLS,EQ,108.1,113.85,108.05,108.1,108.1,110.6,541,59562.5,22-SEP-2011,24,INE334A01015,
STINDIA,BE,25.35,25.35,25.35,25.35,25.35,24.95,1,25.35,22-SEP-2011,1,INE090C01019,
STOREONE,EQ,13.3,13.65,12.75,13.5,13.65,13.3,15495,208405.5,22-SEP-2011,55,INE034H01016,
STRTECH,EQ,41.2,41.3,38.6,38.95,38.6,41.7,589413,23479548.0,22-SEP-2011,5925,INE089C01029,
SUBEX,EQ,46.6,46.75,44.4,44.85,44.95,47.65,447463,20452111.95,22-SEP-2011,4719,INE754A01014,
SUBROS,BE,29.05,29.25,28.5,28.55,28.5,29.55,8618,247805.1,22-SEP-2011,69,INE287B01021,
SUDAR,EQ,79.5,80.9,75.25,75.95,75.8,80.95,252478,19547356.9,22-SEP-2011,1751,INE384L01017,
SUDARSCHEM,EQ,707.0,707.0,707.0,707.0,707.0,706.95,5,3535.0,22-SEP-2011,1,INE659A01015,
SUJANATOW,EQ,28.9,28.9,27.25,27.55,27.5,29.5,1655880,46375923.4,22-SEP-2011,3455,INE333I01028,
SUJANAUNI,EQ,5.0,5.05,4.85,4.85,4.85,5.05,22664,111652.45,22-SEP-2011,53,INE216G01011,
SUMEETINDS,EQ,27.85,27.85,26.2,26.5,26.5,27.55,11171,300429.8,22-SEP-2011,177,INE235C01010,
SUMMITSEC,EQ,82.5,82.5,75.6,78.3,79.95,81.2,2245,177747.3,22-SEP-2011,52,INE519C01017,
SUNCLAYTON,EQ,138.75,138.75,134.9,135.3,134.9,138.8,1982,270989.85,22-SEP-2011,60,INE105A01027,
SUNDARAM,EQ,42.5,46.95,42.05,42.2,42.4,42.5,97169,4107340.75,22-SEP-2011,319,INE108E01023,
SUNDARMFIN,EQ,530.05,530.05,522.55,525.05,529.0,533.3,3695,1945130.75,22-SEP-2011,148,INE660A01013,
SUNDRMBRAK,EQ,155.0,155.0,147.0,150.0,150.0,155.8,1021,153014.7,22-SEP-2011,87,INE073D01013,
SUNDRMFAST,EQ,60.8,61.0,59.4,59.8,59.45,61.0,15468,935225.7,22-SEP-2011,176,INE387A01021,
SUNFLAG,EQ,27.2,31.0,26.65,28.5,28.3,27.5,1240730,36741306.25,22-SEP-2011,7451,INE947A01014,
SUNILHITEC,EQ,93.55,93.55,88.0,88.4,88.0,93.55,9544,861130.75,22-SEP-2011,475,INE305H01010,
SUNPHARMA,EQ,479.8,479.8,464.6,469.05,468.3,484.2,843276,397230874.2,22-SEP-2011,21039,INE044A01036,
SUNTECK,EQ,296.0,299.35,291.9,295.8,291.9,298.05,20582,6078906.65,22-SEP-2011,379,INE805D01026,
SUNTV,EQ,298.0,302.5,290.25,293.1,292.7,299.3,244661,72050984.3,22-SEP-2011,9520,INE424H01027,
SUPER,EQ,180.0,180.95,170.3,172.95,172.0,173.55,14533,2540164.55,22-SEP-2011,53,INE091C01017,
SUPERSPIN,EQ,8.1,8.8,8.1,8.5,8.55,8.15,18491,153571.0,22-SEP-2011,79,INE662A01027,
SUPPETRO,EQ,73.0,74.0,73.0,73.0,73.0,73.0,33370,2437788.8,22-SEP-2011,97,INE663A01017,
SUPRAJIT,EQ,18.6,19.5,18.1,19.0,19.05,19.3,10861,206494.15,22-SEP-2011,82,INE399C01030,
SUPREMEIND,EQ,202.8,202.95,198.9,199.75,199.5,203.15,19989,4007766.15,22-SEP-2011,362,INE195A01028,
SUPREMEINF,EQ,236.5,244.95,235.1,238.4,240.0,245.85,7114,1703455.5,22-SEP-2011,238,INE550H01011,
SUPREMETEX,BE,9.0,9.0,9.0,9.0,9.0,9.05,200,1800.0,22-SEP-2011,1,INE651G01027,
SURAJDIAMN,EQ,49.0,49.5,46.1,46.7,47.35,49.55,51203,2438768.6,22-SEP-2011,519,INE664A01015,
SURANAIND,EQ,438.0,442.0,438.0,439.2,441.0,439.45,16481,7248342.4,22-SEP-2011,201,INE659D01019,
SURANAT&P,EQ,14.5,14.6,14.5,14.55,14.55,15.1,646,9414.3,22-SEP-2011,4,INE130B01023,
SURANAVEL,EQ,30.75,32.0,30.75,32.0,32.0,32.05,527,16301.5,22-SEP-2011,3,INE272L01014,
SURYAJYOTI,EQ,24.0,24.9,23.05,23.75,23.7,24.9,15130,359741.3,22-SEP-2011,154,INE411C01017,
SURYALAXMI,EQ,62.0,64.9,60.65,60.7,60.7,62.8,1219,74663.15,22-SEP-2011,56,INE713B01026,
SURYAPHARM,EQ,16.5,16.7,15.9,16.1,16.25,16.75,111224,1801108.4,22-SEP-2011,346,INE249G01020,
SURYAROSNI,EQ,67.0,67.0,65.15,65.65,65.2,67.5,1940,128049.95,22-SEP-2011,80,INE335A01012,
SUTLEJTEX,EQ,191.6,192.95,185.25,185.85,189.95,191.6,1791,339459.95,22-SEP-2011,78,INE645H01019,
SUVEN,EQ,17.5,17.85,17.25,17.45,17.5,17.65,87721,1538243.75,22-SEP-2011,412,INE495B01038,
SUZLON,EQ,40.2,40.4,37.75,38.05,37.75,41.2,17389556,680810571.55,22-SEP-2011,44860,INE040H01021,
SWARAJENG,EQ,464.0,464.0,456.0,457.45,458.95,464.15,4037,1852191.7,22-SEP-2011,110,INE277A01016,
SYMPHONY,EQ,1377.7,1377.7,1315.0,1333.65,1335.0,1376.25,459,619889.55,22-SEP-2011,69,INE225D01019,
SYNCOM,EQ,16.4,16.4,15.75,15.95,15.8,16.5,13741,220492.85,22-SEP-2011,103,INE602K01014,
SYNDIBANK,EQ,104.9,104.9,100.2,100.95,100.2,106.0,231354,23678648.55,22-SEP-2011,5593,INE667A01018,
TAINWALCHM,EQ,24.95,24.95,23.85,23.85,23.85,25.1,1125,26981.3,22-SEP-2011,10,INE123C01018,
TAJGVK,EQ,97.0,97.15,95.0,95.25,95.25,97.75,34402,3297025.2,22-SEP-2011,507,INE586B01026,
TAKE,EQ,32.5,32.5,31.0,31.6,31.85,32.2,60703,1916937.2,22-SEP-2011,487,INE142I01023,
TALBROAUTO,EQ,40.75,40.75,39.5,39.75,39.5,39.9,351,14133.15,22-SEP-2011,20,INE187D01011,
TALWALKARS,EQ,189.7,190.8,183.5,184.65,185.5,192.9,43599,8124730.15,22-SEP-2011,1268,INE502K01016,
TANLA,EQ,8.6,9.5,8.6,9.05,9.0,9.45,157841,1441486.0,22-SEP-2011,562,INE483C01032,
TANTIACONS,EQ,52.35,53.45,51.35,51.55,51.5,53.2,2561,133306.15,22-SEP-2011,66,INE388G01018,
TARAPUR,EQ,19.0,19.8,18.7,18.85,18.7,19.55,17206,332607.25,22-SEP-2011,105,INE747K01017,
TATACHEM,EQ,334.55,336.0,327.0,332.3,333.0,337.45,445100,147212515.55,22-SEP-2011,7710,INE092A01019,
TATACOFFEE,EQ,879.7,879.7,834.5,838.7,836.45,886.9,271740,233707271.1,22-SEP-2011,13228,INE493A01019,
TATACOMM,EQ,202.9,202.9,191.75,192.95,194.25,202.9,252858,49261161.25,22-SEP-2011,4609,INE151A01013,
TATAELXSI,EQ,211.35,214.0,205.0,206.4,206.8,216.15,26082,5465893.15,22-SEP-2011,938,INE670A01012,
TATAGLOBAL,EQ,91.5,91.7,85.6,86.2,86.0,92.8,1597785,140903986.55,22-SEP-2011,12240,INE192A01025,
TATAINVEST,EQ,517.75,522.0,505.0,507.4,508.45,524.3,4295,2196080.15,22-SEP-2011,247,INE672A01018,
TATAMETALI,EQ,81.55,82.0,78.6,79.0,79.4,82.3,29849,2395261.85,22-SEP-2011,706,INE056C01010,
TATAMOTORS,EQ,160.7,161.55,153.6,154.65,154.7,164.85,11465750,1801047327.95,22-SEP-2011,98454,INE155A01022,
TATAMTRDVR,EQ,93.0,93.0,88.4,89.1,88.5,94.7,766530,69136799.8,22-SEP-2011,10020,IN9155A01020,
TATAPOWER,EQ,992.0,1010.9,966.25,978.65,973.0,998.8,601781,596727693.7,22-SEP-2011,25393,INE245A01013,
TATASPONGE,EQ,300.95,309.9,295.7,300.8,300.0,301.8,4358,1310719.5,22-SEP-2011,313,INE674A01014,
TATASTEEL,EQ,451.0,451.0,440.0,442.4,440.4,458.5,4434618,1967466933.25,22-SEP-2011,93995,INE081A01012,
TCI,EQ,86.0,86.9,84.25,84.4,84.5,86.65,10093,857980.2,22-SEP-2011,153,INE688A01022,
TCIDEVELOP,EQ,170.2,175.0,166.0,166.65,170.0,171.95,391,65236.9,22-SEP-2011,18,INE662L01016,
TCIFINANCE,EQ,35.3,35.3,33.2,33.9,34.1,34.7,5695,192661.15,22-SEP-2011,54,INE911B01018,
TCS,EQ,1023.0,1034.0,986.2,994.4,996.0,1043.5,1570785,1587731289.7,22-SEP-2011,51531,INE467B01029,
TDPOWERSYS,EQ,276.0,278.1,262.3,265.05,264.0,279.9,279982,75462343.3,22-SEP-2011,5070,INE419M01019,
TECHM,EQ,641.05,648.0,625.0,627.4,625.9,650.15,103105,65759093.9,22-SEP-2011,5943,INE669C01028,
TECHNO,EQ,229.7,237.8,226.05,229.75,227.7,235.45,27623,6391663.45,22-SEP-2011,596,INE286K01024,
TECHNOFAB,EQ,136.0,138.9,134.05,135.8,134.1,137.05,4916,673568.0,22-SEP-2011,179,INE509K01011,
TECPRO,EQ,236.0,241.8,233.5,234.8,233.7,242.65,9587,2279401.8,22-SEP-2011,274,INE904H01010,
TELEDATAIT,EQ,0.35,0.35,0.3,0.35,0.35,0.3,273308,93278.45,22-SEP-2011,66,INE391I01018,
TELEMARINE,EQ,0.65,0.65,0.55,0.55,0.55,0.55,40257,23176.65,22-SEP-2011,52,INE473I01014,
TEXMACOLTD,EQ,33.9,33.9,32.1,32.5,32.25,33.95,84117,2796788.65,22-SEP-2011,654,INE435C01024,
TEXMOPIPES,EQ,39.0,39.95,38.0,38.3,38.0,40.25,72718,2819488.6,22-SEP-2011,823,INE141K01013,
TEXRAIL,EQ,81.0,82.9,78.9,81.45,82.5,82.1,23642,1914899.1,22-SEP-2011,329,INE621L01012,
TFCILTD,EQ,29.3,29.3,28.8,29.1,29.2,29.4,19675,571268.05,22-SEP-2011,68,INE305A01015,
TFL,EQ,14.2,14.2,14.2,14.2,14.2,15.0,100,1420.0,22-SEP-2011,1,INE804H01012,
THANGAMAYL,EQ,147.55,148.4,147.1,147.1,147.1,148.7,1286,189638.15,22-SEP-2011,62,INE085J01014,
THEMISMED,EQ,117.25,117.4,102.25,106.95,106.1,117.25,4562,494210.95,22-SEP-2011,247,INE083B01016,
THERMAX,EQ,497.1,502.0,487.5,490.75,488.0,504.8,242929,119755969.35,22-SEP-2011,3974,INE152A01029,
THINKSOFT,EQ,37.5,37.5,35.5,35.65,35.5,37.15,19414,702067.0,22-SEP-2011,308,INE201K01015,
THOMASCOOK,EQ,50.65,50.9,48.05,48.75,49.0,51.4,261618,12992525.8,22-SEP-2011,2579,INE332A01027,
TI,EQ,31.95,32.7,30.45,30.6,30.65,31.9,397832,12484039.6,22-SEP-2011,3705,INE133E01013,
TIDEWATER,EQ,6862.0,6900.0,6698.05,6718.9,6710.0,6888.0,748,5058981.1,22-SEP-2011,321,INE484C01014,
TIIL,EQ,41.75,41.75,40.05,40.6,40.6,41.75,1918,79043.65,22-SEP-2011,32,INE545H01011,
TIL,EQ,400.0,403.95,398.05,401.3,403.75,408.0,2914,1169147.0,22-SEP-2011,145,INE806C01018,
TIMBOR,BE,34.6,34.6,32.5,32.5,32.5,33.95,2733,89657.55,22-SEP-2011,54,INE346L01016,
TIMESGTY,EQ,34.95,39.0,34.95,34.95,34.95,38.8,545,19829.7,22-SEP-2011,15,INE289C01025,
TIMETECHNO,EQ,68.0,68.7,67.45,67.5,67.45,68.1,17261,1175570.7,22-SEP-2011,159,INE508G01029,
TIMKEN,EQ,217.7,225.0,206.15,208.1,208.65,219.25,500409,109157353.5,22-SEP-2011,13482,INE325A01013,
TINPLATE,EQ,49.75,50.3,48.55,48.9,48.95,50.55,30163,1489322.55,22-SEP-2011,488,INE422C01014,
TIPSINDLTD,EQ,27.5,30.45,27.5,28.5,28.8,30.85,26848,787778.65,22-SEP-2011,307,INE716B01011,
TIRUMALCHM,EQ,74.5,76.0,73.0,74.0,74.0,75.4,339,25172.25,22-SEP-2011,112,INE338A01016,
TITAN,EQ,233.65,233.65,224.35,225.8,225.35,235.75,3813840,874774502.9,22-SEP-2011,42705,INE280A01028,
TNPETRO,EQ,15.25,15.4,15.0,15.05,15.1,15.3,29797,449867.6,22-SEP-2011,135,INE148A01019,
TNPL,EQ,100.5,104.95,99.45,102.15,102.0,101.65,21905,2226679.35,22-SEP-2011,523,INE107A01015,
TNTELE,BE,4.65,4.65,4.65,4.65,4.65,4.75,2010,9346.5,22-SEP-2011,3,INE141D01018,
TODAYS,EQ,5.5,5.6,5.2,5.3,5.55,5.3,4787,25535.35,22-SEP-2011,49,INE944B01019,
TORNTPHARM,EQ,587.25,589.9,583.0,583.45,584.5,588.45,2502,1464336.35,22-SEP-2011,196,INE685A01028,
TORNTPOWER,EQ,236.8,236.8,223.3,226.4,223.5,239.3,47392,10921340.35,22-SEP-2011,1790,INE813H01021,
TREEHOUSE,EQ,164.9,183.75,155.65,161.2,164.5,168.15,7638549,1312312363.3,22-SEP-2011,145736,INE040M01013,
TRENT,EQ,1080.0,1142.0,1074.95,1085.35,1079.0,1108.85,23114,25892230.7,22-SEP-2011,1902,INE849A01012,
TRF,EQ,349.9,354.0,337.1,340.85,338.0,352.45,9854,3405979.4,22-SEP-2011,474,INE391D01019,
TRICOM,EQ,12.15,12.15,11.9,11.9,11.9,12.25,1600,19065.0,22-SEP-2011,4,INE771B01032,
TRIDENT,EQ,12.2,13.0,12.2,12.5,12.55,14.0,85031,1074709.15,22-SEP-2011,415,INE064C01014,
TRIGYN,EQ,14.2,14.25,13.05,13.4,13.7,13.8,5310,72087.25,22-SEP-2011,52,INE948A01012,
TRIL,EQ,215.6,223.7,215.6,217.45,216.6,222.45,3589,787510.7,22-SEP-2011,122,INE763I01018,
TRIVENI,EQ,24.15,24.45,22.5,22.75,22.85,24.65,523035,12240969.4,22-SEP-2011,2843,INE256C01024,
TTKHEALTH,EQ,521.55,525.0,501.05,506.4,505.5,523.95,46835,23979752.0,22-SEP-2011,2062,INE910C01018,
TTKPRESTIG,EQ,2800.0,2817.1,2675.25,2700.15,2688.0,2817.35,87731,240718615.05,22-SEP-2011,9908,INE690A01010,
TTL,EQ,24.6,25.9,24.1,24.25,24.2,25.25,9231,227939.25,22-SEP-2011,96,INE592B01016,
TTML,EQ,18.2,18.2,16.8,17.1,17.15,18.55,3332957,58465914.8,22-SEP-2011,5467,INE517B01013,
TUBEINVEST,EQ,149.0,150.6,143.0,143.9,143.5,151.4,48005,7033847.05,22-SEP-2011,1223,INE149A01025,
TULIP,EQ,155.0,158.45,153.0,154.7,155.9,157.5,185638,28950857.8,22-SEP-2011,4350,INE122H01027,
TULSI,EQ,12.1,12.6,11.95,12.2,12.35,12.6,68330,834750.1,22-SEP-2011,436,INE474I01012,
TULSYAN,EQ,39.5,39.5,39.5,39.5,39.5,40.05,100,3950.0,22-SEP-2011,5,INE463D01016,
TV18BRDCST,EQ,41.3,42.05,40.3,40.7,40.35,42.0,156698,6455149.9,22-SEP-2011,1093,INE886H01027,
TVSELECT,EQ,19.5,20.85,19.5,19.75,19.75,20.6,3681,73770.5,22-SEP-2011,83,INE236G01019,
TVSMOTOR,EQ,63.0,63.0,58.3,58.85,58.8,62.5,1642622,98800074.8,22-SEP-2011,20166,INE494B01023,
TVSSRICHAK,EQ,366.45,379.0,366.45,369.25,370.35,366.35,1981,738302.25,22-SEP-2011,139,INE421C01016,
TVTODAY,EQ,56.2,56.5,53.0,53.35,53.4,57.5,45898,2517062.55,22-SEP-2011,798,INE038F01029,
TWILITAKA,EQ,40.0,41.15,38.05,38.85,39.0,41.0,79639,3164874.4,22-SEP-2011,682,INE783B01029,
TWL,EQ,406.0,413.0,393.4,395.95,393.4,414.15,13438,5416918.4,22-SEP-2011,815,INE615H01012,
UBENGG,EQ,54.6,54.75,51.7,52.3,52.5,54.95,31183,1662579.75,22-SEP-2011,523,INE328C01013,
UBHOLDINGS,EQ,119.0,120.5,116.05,118.1,117.95,121.2,48264,5703360.95,22-SEP-2011,773,INE696A01025,
UBL,EQ,400.1,401.0,387.1,390.2,392.0,402.55,36481,14385623.9,22-SEP-2011,3716,INE686F01025,
UCALFUEL,EQ,84.0,84.6,81.5,82.45,82.8,84.6,35141,2926870.3,22-SEP-2011,475,INE139B01016,
UCOBANK,EQ,69.0,69.0,65.65,66.05,65.7,70.0,2116359,142123075.55,22-SEP-2011,14335,INE691A01018,
UFLEX,EQ,168.45,169.9,161.15,162.35,162.0,171.75,362429,59820447.65,22-SEP-2011,7861,INE516A01017,
UGARSUGAR,EQ,12.55,13.9,12.55,13.45,13.8,13.6,8470,114152.75,22-SEP-2011,89,INE071E01023,
ULTRACEMCO,EQ,1158.0,1172.9,1145.2,1155.55,1158.0,1168.45,96944,112194543.1,22-SEP-2011,6567,INE481G01011,
UMESLTD,EQ,18.5,18.5,17.15,17.5,18.0,18.15,4016,71694.15,22-SEP-2011,45,INE240C01028,
UNICHEMLAB,EQ,144.2,146.95,143.85,145.1,145.0,144.2,9583,1388519.85,22-SEP-2011,270,INE351A01035,
UNIENTER,EQ,29.05,30.0,28.6,29.0,28.6,29.85,4135,121289.35,22-SEP-2011,29,INE037A01022,
UNIONBANK,EQ,240.15,244.5,231.3,234.8,232.7,242.2,1007362,242589344.7,22-SEP-2011,24560,INE692A01016,
UNIPHOS,EQ,153.8,155.9,142.9,145.55,145.6,155.85,1212049,179455186.45,22-SEP-2011,13050,INE628A01036,
UNIPLY,EQ,11.35,11.45,11.2,11.45,11.45,11.55,1959,22072.7,22-SEP-2011,15,INE950G01015,
UNITECH,EQ,29.45,29.45,27.65,27.8,27.85,29.45,29423756,828808288.6,22-SEP-2011,60695,INE694A01020,
UNITEDBNK,EQ,77.45,77.45,76.1,76.25,76.25,77.9,36220,2767402.65,22-SEP-2011,852,INE695A01019,
UNITY,EQ,50.0,50.1,48.5,48.8,48.7,50.65,38745,1904535.5,22-SEP-2011,410,INE466H01028,
UNIVCABLES,EQ,53.6,53.6,52.15,52.4,52.15,53.75,4,210.75,22-SEP-2011,4,INE279A01012,
UPERGANGES,EQ,46.0,46.5,45.1,45.35,45.2,47.5,631,28715.8,22-SEP-2011,28,INE018B01012,
USHAMART,EQ,36.5,36.6,35.75,35.85,35.9,36.55,100711,3633532.1,22-SEP-2011,873,INE228A01035,
USHERAGRO,EQ,126.35,128.85,123.1,124.9,125.75,127.5,92674,11710293.95,22-SEP-2011,980,INE235G01011,
UTISUNDER,EQ,869.95,900.0,827.1,843.0,843.0,869.95,17,14945.95,22-SEP-2011,9,INF789F01042,
UTTAMSTL,EQ,78.15,79.95,75.0,75.9,75.05,80.5,22556,1750926.35,22-SEP-2011,897,INE699A01011,
UTTAMSUGAR,EQ,30.9,30.9,29.75,30.05,29.75,31.0,3520,106811.75,22-SEP-2011,47,INE786F01031,
UTVSOF,EQ,962.55,972.0,962.55,965.6,963.0,967.6,41512,40062917.85,22-SEP-2011,1258,INE507B01022,
VADILALIND,EQ,133.35,140.05,127.25,129.8,129.9,133.95,3999,536578.75,22-SEP-2011,224,INE694D01016,
VAIBHAVGEM,EQ,36.9,37.7,35.5,36.15,36.0,37.5,2730,98772.35,22-SEP-2011,56,INE884A01019,
VAKRANSOFT,EQ,377.2,379.0,371.0,372.2,371.0,380.0,5472,2043936.9,22-SEP-2011,153,INE051B01013,
VALECHAENG,EQ,80.0,80.8,76.3,77.2,77.05,81.1,39362,3089103.0,22-SEP-2011,921,INE624C01015,
VALUEIND,EQ,17.9,17.9,16.75,17.15,17.05,17.45,155221,2669034.9,22-SEP-2011,182,INE352A01017,
VARDHACRLC,EQ,9.45,9.65,9.3,9.4,9.4,9.65,49685,469460.75,22-SEP-2011,61,INE116G01013,
VARDMNPOLY,EQ,107.9,107.9,103.35,104.0,104.2,107.15,32781,3455237.9,22-SEP-2011,526,INE835A01011,
VARUN,EQ,254.0,257.1,252.0,254.1,254.0,259.9,93559,23883909.95,22-SEP-2011,1047,INE032G01012,
VARUNSHIP,EQ,20.95,21.0,19.8,20.2,20.25,20.95,43434,880931.55,22-SEP-2011,412,INE702A01013,
VASCONEQ,EQ,47.9,47.9,45.6,46.0,46.25,48.55,29630,1389649.95,22-SEP-2011,273,INE893I01013,
VENKEYS,EQ,410.65,427.0,403.05,405.2,404.0,415.65,130296,54246430.5,22-SEP-2011,5549,INE398A01010,
VENUSREM,EQ,211.05,214.0,205.5,206.35,206.0,214.85,2381,496211.2,22-SEP-2011,165,INE411B01019,
VESUVIUS,EQ,387.0,388.9,378.0,378.0,378.0,386.55,379,145314.5,22-SEP-2011,41,INE386A01015,
VGUARD,EQ,222.3,229.3,216.1,218.15,219.45,226.0,86422,19134889.3,22-SEP-2011,1632,INE951I01019,
VHL,EQ,368.15,425.0,368.15,370.95,370.1,384.25,1090,433085.45,22-SEP-2011,25,INE701A01023,
VICEROY,EQ,25.9,26.5,24.5,25.05,25.05,26.55,23300,593197.05,22-SEP-2011,242,INE048C01017,
VIDEOIND,EQ,176.0,182.7,172.8,175.4,173.55,177.15,1468243,261965484.6,22-SEP-2011,19951,INE703A01011,
VIJAYABANK,EQ,58.6,58.95,56.25,56.75,56.75,59.75,1580172,90774411.9,22-SEP-2011,10642,INE705A01016,
VIJSHAN,EQ,16.15,17.0,16.15,16.55,16.5,16.4,367,6071.9,22-SEP-2011,16,INE806F01011,
VIKASHMET,EQ,11.0,11.0,10.45,10.55,10.5,11.0,65141,693982.45,22-SEP-2011,429,INE158H01013,
VIMTALABS,EQ,24.15,25.0,23.5,23.8,24.25,25.0,24121,587693.2,22-SEP-2011,106,INE579C01029,
VINATIORGA,EQ,69.5,69.85,67.0,67.5,67.0,69.45,13724,933717.35,22-SEP-2011,176,INE410B01029,
VINDHYATEL,EQ,152.1,152.5,152.1,152.5,152.5,160.0,174,26500.6,22-SEP-2011,6,INE707A01012,
VINYLINDIA,EQ,9.55,10.0,9.55,9.65,9.6,9.95,3644,35197.45,22-SEP-2011,41,INE250B01029,
VIPIND,EQ,1014.0,1014.0,972.1,983.5,987.0,1021.65,876641,871719010.0,22-SEP-2011,40047,INE054A01019,
VIPUL,EQ,10.8,11.0,10.7,10.7,10.7,11.1,2557,27420.65,22-SEP-2011,20,INE946H01037,
VISAKAIND,EQ,93.5,93.55,92.1,93.2,93.0,94.45,5907,550027.95,22-SEP-2011,351,INE392A01013,
VISASTEEL,EQ,59.9,59.9,58.5,58.55,58.55,58.6,6386,373848.05,22-SEP-2011,62,INE286H01012,
VISESHINFO,EQ,3.8,3.8,3.65,3.65,3.65,3.65,16490,60953.15,22-SEP-2011,30,INE861A01017,
VISHALRET,EQ,25.0,27.0,24.6,25.1,25.0,25.6,72397,1858911.35,22-SEP-2011,782,INE945H01013,
VISUINTL,EQ,2.1,2.2,2.0,2.05,2.0,2.2,12004,25016.5,22-SEP-2011,45,INE965A01016,
VIVIMEDLAB,EQ,255.0,258.0,245.45,248.45,251.95,258.2,17584,4422868.45,22-SEP-2011,771,INE526G01013,
VLSFINANCE,EQ,11.3,11.75,11.3,11.35,11.75,11.8,7932,90538.15,22-SEP-2011,90,INE709A01018,
VOLTAMP,EQ,513.25,515.0,510.0,510.0,510.0,516.15,8669,4423433.45,22-SEP-2011,306,INE540H01012,
VOLTAS,EQ,120.5,121.0,118.1,118.8,118.9,121.1,731827,87195789.6,22-SEP-2011,8356,INE226A01021,
VSTIND,EQ,1410.1,1428.0,1345.0,1360.5,1380.0,1430.95,9637,13305023.6,22-SEP-2011,1067,INE710A01016,
VSTTILLERS,EQ,504.25,508.0,500.1,505.25,506.0,504.25,1290,652745.0,22-SEP-2011,42,INE764D01017,
VTL,EQ,184.05,192.65,184.05,189.9,190.0,190.0,12271,2324404.25,22-SEP-2011,418,INE825A01012,
VTXIND,EQ,16.85,16.85,14.0,14.0,14.0,14.25,704,10095.1,22-SEP-2011,88,INE119G01025,
WABAG,EQ,372.0,378.0,370.0,375.5,377.0,374.5,4481,1678106.85,22-SEP-2011,292,INE956G01038,
WABCOINDIA,EQ,1285.0,1332.0,1265.1,1309.05,1316.95,1305.9,1653,2166545.2,22-SEP-2011,127,INE342J01019,
WALCHANNAG,EQ,98.0,98.45,95.8,96.2,96.3,98.95,25624,2491964.9,22-SEP-2011,709,INE711A01022,
WANBURY,EQ,27.05,27.05,26.15,26.45,26.45,26.9,1413,37204.25,22-SEP-2011,39,INE107F01022,
WEBELSOLAR,EQ,39.45,40.35,39.25,39.85,39.95,40.05,3851,152922.05,22-SEP-2011,88,INE855C01015,
WEIZFOREX,EQ,83.0,83.0,77.0,79.9,79.9,78.35,1359,105495.8,22-SEP-2011,12,INE726L01019,
WEIZMANIND,EQ,9.65,10.0,9.5,9.6,9.6,10.0,714,6872.05,22-SEP-2011,20,INE080A01014,
WELCORP,EQ,122.05,123.9,118.1,119.65,118.7,126.05,962775,116888449.75,22-SEP-2011,19687,INE191B01025,
WELGLOB,EQ,48.0,49.05,48.0,49.05,49.0,49.1,107,5236.85,22-SEP-2011,9,INE390K01016,
WELINV,EQ,45.0,48.5,44.0,44.1,44.0,45.55,170,7676.3,22-SEP-2011,34,INE389K01018,
WELPROJ,EQ,45.0,45.6,43.05,44.0,43.1,45.75,7526,336200.1,22-SEP-2011,158,INE625G01013,
WELSPUNIND,BE,30.0,30.0,28.6,29.1,28.6,29.75,22944,675346.5,22-SEP-2011,117,INE192B01023,
WENDT,EQ,1650.0,1688.0,1630.05,1637.45,1639.85,1652.05,541,899286.35,22-SEP-2011,170,INE274C01019,
WHEELS,EQ,254.55,268.5,254.55,260.0,260.0,269.5,152,39686.35,22-SEP-2011,17,INE715A01015,
WHIRLPOOL,EQ,227.95,228.4,218.7,220.8,222.0,229.05,14557,3263496.8,22-SEP-2011,568,INE716A01013,
WILLAMAGOR,EQ,51.15,52.4,51.05,51.05,51.05,51.9,2075,106773.1,22-SEP-2011,23,INE210A01017,
WINDMACHIN,EQ,24.4,24.7,23.5,23.7,23.7,24.8,4040,97060.7,22-SEP-2011,40,INE052A01021,
WINSOME,EQ,27.35,27.35,26.4,26.4,26.4,27.35,201,5382.4,22-SEP-2011,5,INE784B01035,
WIPRO,EQ,350.75,352.7,337.15,340.35,340.5,356.65,1568181,545533515.15,22-SEP-2011,28290,INE075A01022,
WOCKPHARMA,EQ,412.5,416.0,388.1,390.5,388.95,415.8,139354,55847801.95,22-SEP-2011,4079,INE049B01025,
WSI,EQ,16.7,17.5,16.05,16.5,16.5,17.1,4161,67879.05,22-SEP-2011,142,INE100D01014,
WSTCSTPAPR,EQ,72.0,73.95,72.0,72.6,72.65,73.0,2156,156981.35,22-SEP-2011,73,INE976A01021,
WWIL,EQ,6.8,7.15,6.8,6.95,6.95,7.2,635370,4466024.45,22-SEP-2011,655,INE965H01011,
WYETH,EQ,981.7,997.45,971.0,976.35,975.05,989.25,1011,992220.65,22-SEP-2011,70,INE378A01012,
XLENERGY,EQ,7.8,7.95,7.2,7.5,7.35,7.95,27132,207059.45,22-SEP-2011,127,INE183H01011,
XPROINDIA,EQ,54.5,58.4,53.2,53.95,53.7,55.1,32449,1824432.2,22-SEP-2011,628,INE445C01015,
YESBANK,EQ,281.4,281.4,269.0,270.75,271.45,285.2,2359780,647940681.35,22-SEP-2011,33339,INE528G01019,
ZANDUREALT,EQ,1900.0,2169.7,1900.0,1993.85,2006.0,2068.5,84378,176844590.1,22-SEP-2011,17404,INE719A01017,
ZEEL,EQ,115.15,117.7,112.5,113.1,113.2,116.5,799448,91940980.7,22-SEP-2011,8931,INE256A01028,
ZEELEARN,EQ,20.55,20.75,19.5,19.75,19.55,21.05,1164878,23567163.2,22-SEP-2011,4847,INE565L01011,
ZEENEWS,EQ,12.9,12.9,12.6,12.6,12.6,12.9,687829,8739707.35,22-SEP-2011,620,INE966H01019,
ZENITHBIR,EQ,5.05,5.1,4.9,4.95,4.9,5.05,173686,872171.0,22-SEP-2011,263,INE318D01020,
ZENITHCOMP,EQ,15.2,15.5,15.2,15.4,15.5,15.5,4257,65410.5,22-SEP-2011,39,INE598B01013,
ZENITHINFO,EQ,190.0,214.0,186.0,197.3,190.0,190.35,821,155861.4,22-SEP-2011,56,INE899A01017,
ZENSARTECH,EQ,135.0,135.0,122.1,122.2,122.9,125.85,6660,823547.95,22-SEP-2011,432,INE520A01019,
ZICOM,EQ,37.0,37.0,35.75,36.05,36.0,37.65,18867,686181.15,22-SEP-2011,300,INE871B01014,
ZODIACLOTH,EQ,364.0,375.0,363.4,367.5,369.0,365.5,1776,655074.95,22-SEP-2011,114,INE206B01013,
ZODJRDMKJ,EQ,23.45,23.45,23.0,23.0,23.0,25.5,501,11593.45,22-SEP-2011,6,INE077B01018,
ZUARIAGRO,EQ,578.0,589.9,574.1,582.2,585.0,584.25,6613,3842092.95,22-SEP-2011,441,INE217A01012,
ZYDUSWELL,EQ,589.0,589.0,582.0,582.3,582.0,589.1,2978,1736306.7,22-SEP-2011,178,INE768C01010,
ZYLOG,EQ,424.9,424.9,412.0,416.25,412.0,433.6,47974,20027365.95,22-SEP-2011,1155,INE225I01018,
