SYMBOL,SERIES,OPEN,HIGH,LOW,CLOSE,LAST,PREVCLOSE,TOTTRDQTY,TOTTRDVAL,TIMESTAMP,TOTALTRADES,ISIN,UNNAMED: 13
20MICRONS,EQ,39.55,40.3,39.0,39.6,39.3,39.9,147302,5847418.45,25-OCT-2016,597,INE144J01027,
3IINFOTECH,EQ,6.55,6.55,6.15,6.3,6.35,6.55,5075551,31959126.1,25-OCT-2016,1713,INE748C01020,
3MINDIA,EQ,13100.0,13100.0,13000.0,13047.0,13090.0,13002.15,310,4041066.55,25-OCT-2016,139,INE470A01017,
8KMILES,EQ,771.5,774.95,752.0,755.6,757.5,771.9,24413,18569093.5,25-OCT-2016,1691,INE650K01021,
A2ZINFRA,EQ,39.35,43.0,38.15,41.8,42.85,39.0,2428685,99287965.05,25-OCT-2016,8946,INE619I01012,
AARTIDRUGS,EQ,647.0,656.85,642.05,652.75,652.0,645.45,27410,17830944.55,25-OCT-2016,1016,INE767A01016,
AARTIIND,EQ,733.5,761.9,733.5,757.6,760.0,735.75,83071,62525220.6,25-OCT-2016,2498,INE769A01020,
AARVEEDEN,EQ,96.5,99.3,92.5,93.35,92.5,97.05,43891,4145950.95,25-OCT-2016,600,INE273D01019,
ABAN,EQ,279.0,285.95,275.6,277.4,277.3,279.0,3580543,1006681539.1,25-OCT-2016,41251,INE421A01028,
ABB,EQ,1095.0,1110.0,1076.0,1080.6,1076.0,1092.1,46567,50531478.15,25-OCT-2016,4021,INE117A01022,
ABBOTINDIA,EQ,4726.95,4730.0,4695.0,4719.55,4728.0,4746.4,1316,6201051.4,25-OCT-2016,283,INE358A01014,
ABFRL,EQ,156.25,167.8,155.0,163.3,163.85,156.25,1990975,322561586.7,25-OCT-2016,18468,INE647O01011,
ABGSHIP,EQ,37.7,37.85,36.0,36.75,36.75,37.15,705852,26122410.7,25-OCT-2016,4064,INE067H01016,
ABIRLANUVO,EQ,1392.4,1394.95,1377.55,1386.75,1387.5,1384.75,165455,229539062.7,25-OCT-2016,5548,INE069A01017,
ABMINTLTD,BE,95.0,95.0,95.0,95.0,95.0,100.0,90,8550.0,25-OCT-2016,2,INE251C01017,
ACC,EQ,1568.0,1568.0,1547.6,1551.65,1554.9,1565.9,210532,327090257.75,25-OCT-2016,14923,INE012A01025,
ACCELYA,EQ,1352.0,1390.0,1352.0,1379.9,1370.0,1367.75,618,849947.5,25-OCT-2016,104,INE793A01012,
ACE,EQ,44.5,47.9,44.25,46.25,46.6,44.5,458046,21272649.75,25-OCT-2016,2733,INE731H01025,
ADANIENT,EQ,70.0,70.5,66.8,67.5,67.6,71.4,6806517,461145783.7,25-OCT-2016,23829,INE423A01024,
ADANIPORTS,EQ,286.65,317.0,280.55,312.8,310.65,285.65,20614093,6254968629.0,25-OCT-2016,147420,INE742F01042,
ADANIPOWER,EQ,26.95,27.1,25.6,25.8,25.9,26.95,24281634,628321057.25,25-OCT-2016,18416,INE814H01011,
ADANITRANS,EQ,42.55,43.75,41.85,43.45,43.75,44.05,1555481,66706767.0,25-OCT-2016,6991,INE931S01010,
ADFFOODS,EQ,156.0,156.9,150.35,151.6,151.5,155.55,249422,38156748.85,25-OCT-2016,3417,INE982B01019,
ADHUNIK,EQ,8.2,9.0,8.1,8.35,8.3,8.05,476517,4066113.6,25-OCT-2016,1495,INE400H01019,
ADHUNIKIND,EQ,114.0,114.9,111.0,113.75,113.75,111.75,28982,3282343.95,25-OCT-2016,63,INE452L01012,
ADI,EQ,491.0,520.0,462.6,503.7,510.0,502.6,44433,21678250.5,25-OCT-2016,1915,INE959A01019,
ADLABS,EQ,107.5,111.75,106.7,110.85,110.65,106.9,1610801,177330680.3,25-OCT-2016,12725,INE172N01012,
ADORWELD,EQ,285.1,338.4,284.35,325.2,321.25,282.0,456802,147609585.6,25-OCT-2016,10432,INE045A01017,
ADSL,EQ,34.4,34.8,33.0,33.3,33.1,34.45,152880,5161274.1,25-OCT-2016,704,INE102I01027,
ADVANIHOTR,EQ,58.0,59.7,57.55,58.3,57.75,59.05,3088,179501.7,25-OCT-2016,35,INE199C01026,
ADVENZYMES,EQ,2313.0,2375.5,2306.1,2352.75,2359.0,2297.1,322167,755852467.65,25-OCT-2016,24199,INE837H01012,
AEGISCHEM,EQ,157.45,159.0,154.55,157.7,157.1,157.6,179814,28278406.6,25-OCT-2016,2943,INE208C01025,
AFL,EQ,60.35,61.0,60.0,60.1,60.9,60.55,39470,2375606.6,25-OCT-2016,132,INE020G01017,
AGARIND,EQ,300.0,304.2,295.3,297.65,299.0,300.45,16242,4874521.15,25-OCT-2016,721,INE204E01012,
AGCNET,EQ,85.5,87.8,82.7,84.35,84.0,88.05,7752,658262.7,25-OCT-2016,91,INE676A01019,
AGRITECH,EQ,42.85,44.85,41.3,41.3,41.3,43.45,37728,1598329.6,25-OCT-2016,134,INE449G01018,
AHLEAST,EQ,210.0,216.4,208.15,216.4,216.4,210.0,259,54840.35,25-OCT-2016,11,INE926K01017,
AHLUCONT,EQ,290.9,295.8,289.1,291.25,294.45,293.8,11472,3339941.2,25-OCT-2016,326,INE758C01029,
AHLWEST,EQ,201.0,209.95,201.0,207.1,209.95,202.0,863,177355.85,25-OCT-2016,9,INE915K01010,
AIAENG,EQ,1269.9,1269.9,1250.0,1253.5,1254.0,1262.05,18333,23096231.1,25-OCT-2016,1050,INE212H01026,
AICHAMP,BE,24.7,24.7,24.65,24.65,24.65,24.7,6,147.95,25-OCT-2016,2,INE768E01024,
AIFL,EQ,439.0,465.5,425.5,432.5,431.55,434.4,60647,26381276.15,25-OCT-2016,1204,INE428O01016,
AJANTPHARM,EQ,1968.0,2004.0,1961.25,1996.5,2001.95,1967.25,101771,202197610.0,25-OCT-2016,9104,INE031B01049,
AJMERA,EQ,159.0,164.5,151.65,159.0,157.5,157.6,608933,97058278.05,25-OCT-2016,7948,INE298G01027,
AKSHOPTFBR,EQ,27.0,27.0,25.75,26.25,26.25,27.05,5728929,150733636.25,25-OCT-2016,9935,INE523B01011,
AKZOINDIA,EQ,1658.0,1670.0,1642.0,1645.95,1645.0,1658.3,8811,14563111.1,25-OCT-2016,1217,INE133A01011,
ALANKIT,EQ,76.9,77.0,72.65,73.4,73.0,74.85,449849,32957811.8,25-OCT-2016,1853,INE914E01032,
ALBERTDAVD,EQ,412.0,425.0,385.15,393.8,395.0,397.7,141873,57991180.25,25-OCT-2016,4263,INE155C01010,
ALBK,EQ,78.7,79.2,77.8,78.15,78.0,78.2,2631311,206389887.85,25-OCT-2016,9440,INE428A01015,
ALCHEM,EQ,26.8,27.0,26.4,26.55,26.4,26.95,2353,62843.3,25-OCT-2016,24,INE964B01033,
ALEMBICLTD,EQ,43.9,43.9,42.2,42.65,42.4,43.25,237143,10206524.65,25-OCT-2016,1280,INE426A01027,
ALICON,EQ,461.9,474.95,451.5,455.9,455.25,457.45,11428,5285567.95,25-OCT-2016,483,INE062D01024,
ALKALI,EQ,89.05,94.8,88.05,90.55,90.5,88.75,36902,3343614.55,25-OCT-2016,532,INE773I01017,
ALKEM,EQ,1680.0,1684.0,1660.0,1663.65,1662.0,1675.1,13193,22018353.7,25-OCT-2016,1963,INE540L01014,
ALKYLAMINE,EQ,389.9,394.0,373.6,380.75,378.05,387.1,45777,17437558.1,25-OCT-2016,1467,INE150B01021,
ALLCARGO,EQ,180.4,182.0,179.15,180.65,180.55,181.5,56925,10274232.65,25-OCT-2016,846,INE418H01029,
ALLSEC,EQ,254.7,305.8,252.75,305.8,305.8,254.85,140657,42160804.4,25-OCT-2016,2562,INE835G01018,
ALMONDZ,EQ,17.6,19.85,16.8,17.15,17.35,16.55,556943,10454387.7,25-OCT-2016,1951,INE326B01027,
ALOKTEXT,EQ,3.6,3.6,3.45,3.5,3.55,3.55,4125361,14521029.25,25-OCT-2016,839,INE270A01011,
ALPA,BE,43.7,43.7,43.7,43.7,43.7,41.65,4125,180262.5,25-OCT-2016,31,INE385I01010,
ALPHAGEO,EQ,1070.05,1094.0,1060.0,1063.45,1067.0,1071.6,19502,20975782.5,25-OCT-2016,1775,INE137C01018,
ALPSINDUS,EQ,7.55,7.6,7.25,7.55,7.5,7.5,192088,1433919.5,25-OCT-2016,269,INE093B01015,
AMARAJABAT,EQ,1045.0,1054.0,1029.75,1032.3,1035.6,1038.1,313302,326531952.05,25-OCT-2016,9434,INE885A01032,
AMBIKCO,EQ,1021.75,1029.95,980.3,1005.65,1009.4,1025.95,13237,13297268.7,25-OCT-2016,1730,INE540G01014,
AMBUJACEM,EQ,248.25,249.5,246.25,248.35,248.95,247.4,868665,215223577.95,25-OCT-2016,11440,INE079A01024,
AMDIND,EQ,35.9,37.2,35.2,36.95,36.75,36.45,48067,1761851.0,25-OCT-2016,233,INE005I01014,
AMRUTANJAN,EQ,631.05,638.5,620.0,622.95,623.25,625.95,43305,27154129.9,25-OCT-2016,1638,INE098F01023,
AMTEKAUTO,EQ,45.2,45.7,44.5,44.85,45.05,45.05,930207,41903824.15,25-OCT-2016,3475,INE130C01021,
AMTL,EQ,32.1,32.5,31.0,31.45,31.35,32.1,5537,176306.4,25-OCT-2016,57,INE436N01029,
ANANTRAJ,EQ,56.95,56.95,55.7,55.95,56.2,56.65,595595,33576691.35,25-OCT-2016,2187,INE242C01024,
ANDHRABANK,EQ,57.55,57.75,56.85,57.3,57.35,57.5,1739102,99603620.15,25-OCT-2016,3761,INE434A01013,
ANDHRACEMT,EQ,8.9,9.05,8.6,8.7,8.7,8.9,170911,1508272.6,25-OCT-2016,371,INE666E01012,
ANDHRSUGAR,EQ,234.45,234.5,226.0,229.9,229.05,231.3,48114,11112477.65,25-OCT-2016,779,INE715B01013,
ANGIND,EQ,16.25,17.15,16.0,16.85,17.0,15.6,706523,11910398.55,25-OCT-2016,2039,INE017D01010,
ANKITMETAL,EQ,2.2,2.3,2.15,2.2,2.25,2.25,153877,345015.45,25-OCT-2016,106,INE106I01010,
ANSALAPI,EQ,19.4,19.55,19.05,19.25,19.2,19.45,97461,1884241.25,25-OCT-2016,423,INE436A01026,
ANSALHSG,EQ,26.9,27.6,26.75,26.95,27.3,27.1,19214,523672.85,25-OCT-2016,85,INE880B01015,
ANTGRAPHIC,BE,1.5,1.5,1.4,1.5,1.5,1.45,290365,432873.8,25-OCT-2016,146,INE414B01021,
APARINDS,EQ,590.25,599.9,585.85,594.2,597.5,592.35,15465,9211966.1,25-OCT-2016,664,INE372A01015,
APCOTEXIND,EQ,363.25,373.85,363.25,368.85,367.15,367.65,9944,3666028.75,25-OCT-2016,365,INE116A01024,
APLAPOLLO,EQ,941.0,941.0,919.05,922.1,920.0,940.95,3436,3180769.4,25-OCT-2016,521,INE702C01019,
APLLTD,EQ,682.7,694.0,646.1,672.4,678.0,676.85,393374,263953760.1,25-OCT-2016,11279,INE901L01018,
APOLLOHOSP,EQ,1330.0,1331.5,1318.05,1320.4,1324.0,1323.5,122050,161600331.5,25-OCT-2016,10233,INE437A01024,
APOLLOTYRE,EQ,209.8,213.75,209.2,212.05,211.8,209.8,2096346,444619529.85,25-OCT-2016,25984,INE438A01022,
APOLSINHOT,EQ,319.55,319.55,319.5,319.5,319.5,336.0,50,15976.25,25-OCT-2016,2,INE451F01016,
APTECHT,EQ,213.8,224.6,212.9,216.8,217.25,208.75,3021428,665546486.1,25-OCT-2016,34818,INE266F01018,
ARCHIDPLY,EQ,74.0,74.0,71.0,71.75,71.55,73.35,86878,6267009.65,25-OCT-2016,1030,INE877I01016,
ARCHIES,EQ,26.95,27.0,26.25,26.55,26.5,26.95,78378,2081579.2,25-OCT-2016,320,INE731A01020,
ARCOTECH,EQ,368.05,370.0,362.0,368.5,366.2,366.05,104015,38043497.4,25-OCT-2016,3820,INE574I01027,
ARIES,EQ,141.05,141.45,137.0,138.4,138.5,141.05,41222,5738920.6,25-OCT-2016,855,INE298I01015,
ARIHANT,EQ,73.95,73.95,69.05,70.85,70.95,73.6,1693,121055.4,25-OCT-2016,51,INE413D01011,
ARMANFIN,EQ,289.0,289.0,279.45,282.1,281.9,285.9,14561,4123474.6,25-OCT-2016,447,INE109C01017,
AROGRANITE,EQ,78.05,79.4,75.6,76.6,76.85,78.3,95951,7384107.6,25-OCT-2016,1578,INE210C01013,
ARROWGREEN,EQ,463.0,465.0,455.05,457.75,455.1,459.95,3368,1547166.25,25-OCT-2016,249,INE570D01018,
ARROWTEX,EQ,44.1,44.5,43.4,43.85,44.0,44.1,25625,1125016.4,25-OCT-2016,143,INE933J01015,
ARSHIYA,EQ,31.0,32.1,30.95,31.8,31.5,31.0,63017,1981617.55,25-OCT-2016,285,INE968D01022,
ARSSINFRA,EQ,79.75,82.9,78.8,81.2,81.55,79.3,330546,26922140.6,25-OCT-2016,3581,INE267I01010,
ARVIND,EQ,365.0,407.5,350.1,403.45,404.95,360.4,29117833,11254013260.55,25-OCT-2016,249634,INE034A01011,
ARVINFRA,EQ,96.95,99.5,93.55,96.15,96.0,95.5,578674,56426582.8,25-OCT-2016,4507,INE034S01021,
ASAHIINDIA,EQ,201.45,204.0,200.0,200.1,200.0,200.0,33200,6677421.05,25-OCT-2016,343,INE439A01020,
ASAHISONG,EQ,246.9,249.9,245.0,246.7,247.75,245.05,22387,5544027.15,25-OCT-2016,725,INE228I01012,
ASAL,EQ,66.5,68.25,64.9,66.0,67.0,66.85,6638,436735.4,25-OCT-2016,106,INE900C01027,
ASHAPURMIN,EQ,67.65,73.95,67.0,71.3,71.65,67.6,918114,65668342.9,25-OCT-2016,6936,INE348A01023,
ASHIANA,EQ,144.1,147.6,144.1,145.95,146.0,144.9,6055,886657.95,25-OCT-2016,167,INE365D01021,
ASHIMASYN,EQ,18.15,19.75,17.75,19.4,19.4,18.1,1579795,29879664.0,25-OCT-2016,2302,INE440A01010,
ASHOKA,EQ,165.2,168.25,164.1,167.15,165.8,164.85,51795,8595479.85,25-OCT-2016,901,INE442H01029,
ASHOKLEY,EQ,88.0,88.15,86.35,87.65,87.6,88.05,6574506,572681137.2,25-OCT-2016,38423,INE208A01029,
ASIANHOTNR,EQ,115.9,115.9,110.05,110.05,110.05,114.0,574,64155.65,25-OCT-2016,29,INE363A01022,
ASIANPAINT,EQ,1131.95,1158.3,1117.1,1139.75,1153.15,1127.5,3014876,3416377761.2,25-OCT-2016,99461,INE021A01026,
ASIANTILES,EQ,277.2,279.0,273.05,275.8,276.5,275.45,135111,37262683.9,25-OCT-2016,1455,INE022I01019,
ASPINWALL,BE,211.0,212.05,210.0,210.45,212.0,219.0,9875,2075693.5,25-OCT-2016,63,INE991I01015,
ASSAMCO,EQ,5.6,5.6,5.45,5.5,5.55,5.55,394056,2164943.9,25-OCT-2016,277,INE442A01024,
ASTEC,EQ,465.85,467.75,454.1,459.7,459.05,464.45,18640,8575925.6,25-OCT-2016,1145,INE563J01010,
ASTRAL,EQ,432.95,437.25,422.25,435.25,435.0,427.65,16589,7178845.0,25-OCT-2016,974,INE006I01046,
ASTRAMICRO,EQ,119.7,120.7,118.0,118.4,118.2,120.2,103143,12257220.25,25-OCT-2016,1056,INE386C01029,
ASTRAZEN,EQ,1024.95,1024.95,992.2,1007.65,1016.0,1011.35,8179,8245200.35,25-OCT-2016,685,INE203A01020,
ATFL,EQ,493.05,493.05,483.0,484.3,486.0,488.4,7000,3396028.9,25-OCT-2016,240,INE209A01019,
ATLANTA,EQ,79.45,79.5,76.4,76.75,77.0,78.9,309012,24100780.55,25-OCT-2016,1913,INE285H01022,
ATLASCYCLE,EQ,430.75,433.75,418.35,419.9,420.0,428.4,78448,33229917.95,25-OCT-2016,2386,INE446A01017,
ATUL,EQ,2357.3,2410.0,2356.0,2380.8,2361.5,2353.15,9112,21768797.2,25-OCT-2016,978,INE100A01010,
ATULAUTO,EQ,478.0,480.0,469.0,470.15,469.8,474.45,16804,7957716.1,25-OCT-2016,1117,INE951D01028,
AURIONPRO,EQ,124.2,127.0,123.0,123.45,123.95,125.8,24218,2998908.8,25-OCT-2016,132,INE132H01018,
AUROPHARMA,EQ,819.5,831.25,819.0,824.9,827.0,818.4,1027160,847771856.65,25-OCT-2016,28631,INE406A01037,
AUSOMENT,EQ,25.0,25.5,23.5,25.0,25.0,24.05,1450,36055.55,25-OCT-2016,11,INE218C01016,
AUSTRAL,EQ,0.35,0.4,0.35,0.35,0.35,0.35,32886,11651.35,25-OCT-2016,21,INE455J01027,
AUTOAXLES,EQ,720.0,732.95,710.1,714.95,717.0,722.5,11335,8108628.8,25-OCT-2016,982,INE449A01011,
AUTOIND,EQ,58.9,60.0,57.7,59.3,59.6,58.9,32470,1917434.6,25-OCT-2016,315,INE718H01014,
AUTOLITIND,EQ,64.8,64.8,62.5,62.95,63.2,63.75,16983,1070696.35,25-OCT-2016,139,INE448A01013,
AVANTIFEED,EQ,608.95,614.0,602.95,606.35,610.0,609.0,14475,8782947.6,25-OCT-2016,814,INE871C01020,
AVTNPL,EQ,39.6,39.75,38.0,38.1,38.2,38.85,157546,6074928.0,25-OCT-2016,876,INE488D01021,
AXISBANK,EQ,520.9,531.5,520.1,529.1,530.5,521.55,7356952,3876880622.4,25-OCT-2016,75959,INE238A01034,
AXISCADES,EQ,218.0,234.8,218.0,228.7,228.9,218.5,681341,156070562.75,25-OCT-2016,10288,INE555B01013,
AXISGOLD,EQ,2838.0,2838.0,2768.0,2782.0,2783.0,2772.4,102,285051.8,25-OCT-2016,38,INF846K01347,
AYMSYNTEX,EQ,88.5,90.85,86.8,88.55,88.5,89.95,52328,4632881.35,25-OCT-2016,1096,INE193B01039,
BAFNAPHARM,EQ,31.5,35.95,31.15,33.6,33.55,31.0,506903,17367479.25,25-OCT-2016,2680,INE878I01014,
BAGFILMS,EQ,5.3,5.4,5.15,5.35,5.35,5.3,306010,1623175.3,25-OCT-2016,330,INE116D01028,
BAJAJ-AUTO,EQ,2797.0,2811.5,2786.0,2801.55,2801.0,2790.0,207170,580008546.25,25-OCT-2016,9045,INE917I01010,
BAJAJCORP,EQ,401.45,406.0,400.05,402.05,401.05,404.15,22787,9172716.4,25-OCT-2016,1118,INE933K01021,
BAJAJELEC,EQ,264.75,268.25,258.0,259.7,258.55,264.75,226619,59458794.3,25-OCT-2016,3229,INE193E01025,
BAJAJFINSV,EQ,3234.0,3274.0,3186.3,3248.6,3246.5,3220.95,124434,403025839.8,25-OCT-2016,26104,INE918I01018,
BAJAJHIND,EQ,17.05,17.15,16.8,16.8,16.85,16.9,843909,14277835.8,25-OCT-2016,1140,INE306A01021,
BAJAJHLDNG,EQ,2145.0,2197.95,2139.95,2169.15,2168.0,2155.0,68630,149325626.15,25-OCT-2016,5558,INE118A01012,
BAJFINANCE,EQ,1128.0,1145.0,1115.1,1141.7,1144.0,1128.95,417201,471232010.45,25-OCT-2016,20188,INE296A01024,
BALAJITELE,EQ,95.25,95.25,92.0,92.8,92.6,93.25,58065,5406931.85,25-OCT-2016,1463,INE794B01026,
BALAMINES,EQ,365.0,365.0,309.95,332.0,331.95,369.5,183833,61270155.05,25-OCT-2016,5486,INE050E01027,
BALKRISHNA,EQ,104.8,108.0,96.65,101.1,102.0,104.2,105090,11005214.95,25-OCT-2016,1695,INE875R01011,
BALKRISIND,EQ,1084.0,1098.4,1080.1,1088.45,1090.0,1088.4,31891,34775974.95,25-OCT-2016,2017,INE787D01026,
BALLARPUR,EQ,17.0,17.35,16.75,16.9,16.85,17.05,1964943,33443746.2,25-OCT-2016,1685,INE294A01037,
BALMLAWRIE,EQ,710.0,716.8,702.35,713.1,715.0,708.85,13325,9463794.15,25-OCT-2016,616,INE164A01016,
BALPHARMA,EQ,118.7,119.3,115.55,117.15,117.45,118.45,163492,19138218.55,25-OCT-2016,1096,INE083D01012,
BALRAMCHIN,EQ,120.8,120.9,115.15,117.05,117.05,120.85,1037288,122470128.25,25-OCT-2016,11958,INE119A01028,
BANARBEADS,EQ,48.05,50.0,47.6,50.0,50.0,48.4,4659,225892.75,25-OCT-2016,62,INE655B01011,
BANARISUG,EQ,1958.0,1979.0,1930.0,1960.35,1950.0,1931.45,631,1226929.3,25-OCT-2016,107,INE459A01010,
BANCOINDIA,EQ,232.5,233.5,224.35,227.5,227.5,232.2,113306,25768091.7,25-OCT-2016,1655,INE213C01025,
BANG,EQ,25.95,27.0,24.8,25.75,26.35,24.6,7518,192611.5,25-OCT-2016,38,INE863I01016,
BANKBARODA,EQ,159.0,159.5,155.55,156.55,156.5,158.4,2847649,447485664.95,25-OCT-2016,22124,INE028A01039,
BANKBEES,EQ,2007.8,2007.8,1992.25,2003.54,2001.0,2000.3,146,292194.23,25-OCT-2016,63,INF732E01078,
BANKINDIA,EQ,115.15,115.65,113.65,114.05,114.1,114.95,2253616,257560163.7,25-OCT-2016,11195,INE084A01016,
BANSWRAS,EQ,186.25,188.0,180.0,185.65,186.0,185.1,13647,2516351.8,25-OCT-2016,246,INE629D01012,
BARTRONICS,EQ,13.6,16.2,13.3,16.2,16.2,13.5,1262676,19396923.35,25-OCT-2016,2930,INE855F01034,
BASF,EQ,1252.0,1269.8,1233.8,1240.0,1235.0,1252.45,4422,5523190.15,25-OCT-2016,573,INE373A01013,
BASML,EQ,350.0,350.0,339.75,340.35,340.0,340.4,1128,386569.15,25-OCT-2016,65,INE186H01014,
BATAINDIA,EQ,491.0,491.95,480.6,481.9,483.1,488.5,437832,211698928.25,25-OCT-2016,8709,INE176A01028,
BAYERCROP,EQ,4324.0,4370.45,4212.5,4254.4,4241.15,4324.65,12983,55026653.85,25-OCT-2016,2154,INE462A01022,
BBL,EQ,814.85,820.5,792.35,795.35,795.0,806.5,24536,19644267.0,25-OCT-2016,1095,INE464A01028,
BBTC,EQ,628.05,641.0,624.5,626.25,626.2,627.7,58045,36680010.0,25-OCT-2016,1721,INE050A01025,
BEARDSELL,BE,446.6,446.6,446.6,446.6,446.6,425.35,11,4912.6,25-OCT-2016,2,INE520H01014,
BEDMUTHA,EQ,28.5,29.9,27.5,28.1,28.0,28.85,43070,1239980.15,25-OCT-2016,235,INE844K01012,
BEL,EQ,1269.0,1274.0,1260.0,1268.25,1264.5,1268.55,64073,81137037.7,25-OCT-2016,5022,INE263A01016,
BEML,EQ,922.5,939.2,910.0,935.1,930.0,928.0,214683,199364997.7,25-OCT-2016,8970,INE258A01016,
BEPL,EQ,24.75,26.2,24.5,25.7,25.5,24.6,2549672,65512191.75,25-OCT-2016,3842,INE922A01025,
BERGEPAINT,EQ,259.9,261.45,257.0,257.8,257.95,258.85,241142,62312793.95,25-OCT-2016,10990,INE463A01038,
BFINVEST,EQ,165.05,167.5,162.5,163.65,164.3,164.45,65256,10734646.1,25-OCT-2016,1592,INE878K01010,
BFUTILITIE,EQ,571.0,572.9,563.0,568.6,570.45,569.55,195275,111012737.0,25-OCT-2016,5330,INE243D01012,
BGLOBAL,BE,5.3,5.3,5.3,5.3,5.3,5.05,13954,73956.2,25-OCT-2016,8,INE224M01013,
BGRENERGY,EQ,115.55,117.15,114.0,116.4,116.5,115.15,166341,19280047.25,25-OCT-2016,1567,INE661I01014,
BHAGERIA,EQ,710.55,710.55,689.95,710.55,710.55,676.75,219241,154795031.35,25-OCT-2016,3741,INE354C01019,
BHAGYNAGAR,EQ,19.6,19.65,18.5,18.85,18.75,18.7,14977,286863.25,25-OCT-2016,60,INE458B01028,
BHARATFIN,EQ,912.65,918.45,897.7,912.7,911.6,909.5,918554,831935308.15,25-OCT-2016,31930,INE180K01011,
BHARATFORG,EQ,887.75,888.8,871.65,876.3,877.05,886.75,439198,385156503.85,25-OCT-2016,13689,INE465A01025,
BHARATGEAR,EQ,152.85,154.65,148.5,149.95,150.0,152.8,36744,5559841.0,25-OCT-2016,674,INE561C01019,
BHARATIDIL,EQ,18.0,18.2,17.9,17.95,18.2,17.95,37902,682320.95,25-OCT-2016,151,INE673G01013,
BHARATRAS,EQ,1899.85,1900.0,1848.3,1872.4,1875.0,1882.95,1088,2043937.1,25-OCT-2016,117,INE838B01013,
BHARATWIRE,EQ,47.25,50.75,47.0,48.55,49.0,47.1,165652,8139067.45,25-OCT-2016,1181,INE316L01019,
BHARTIARTL,EQ,303.5,312.4,301.7,311.8,311.4,306.65,3627374,1112973226.1,25-OCT-2016,48235,INE397D01024,
BHEL,EQ,141.4,142.3,138.65,140.1,140.3,141.25,3889544,546928170.05,25-OCT-2016,19990,INE257A01026,
BHUSANSTL,EQ,48.45,51.3,47.5,48.35,48.3,45.9,3210875,159149717.75,25-OCT-2016,17502,INE824B01021,
BIGBLOC,EQ,72.5,74.4,68.6,70.7,70.0,72.0,188786,13694740.15,25-OCT-2016,673,INE412U01017,
BIL,EQ,575.25,585.85,573.0,578.65,580.1,574.35,16025,9276722.05,25-OCT-2016,324,INE828A01016,
BILENERGY,EQ,0.7,0.75,0.7,0.75,0.75,0.8,15044,10956.9,25-OCT-2016,8,INE607L01029,
BILPOWER,EQ,1.15,1.15,1.15,1.15,1.15,1.2,31,35.65,25-OCT-2016,1,INE952D01018,
BINANIIND,EQ,104.9,111.0,102.6,106.9,106.2,104.15,184890,19890132.5,25-OCT-2016,1877,INE071A01013,
BINDALAGRO,EQ,32.65,32.7,31.1,31.8,32.0,32.05,234853,7466857.3,25-OCT-2016,1272,INE143A01010,
BIOCON,EQ,974.0,974.0,937.5,939.5,937.5,970.65,1656565,1569576391.2,25-OCT-2016,45111,INE376G01013,
BIRLACABLE,BE,45.1,46.5,45.1,46.5,46.5,44.3,52327,2429483.95,25-OCT-2016,52,INE800A01015,
BIRLACORPN,EQ,750.0,752.0,731.9,744.6,742.0,746.3,74942,55560928.9,25-OCT-2016,1863,INE340A01012,
BIRLACOT,BE,0.05,0.1,0.05,0.1,0.05,0.05,1366119,101202.35,25-OCT-2016,93,INE655I01024,
BIRLAMONEY,EQ,30.7,30.7,28.7,29.6,30.4,30.1,63717,1899606.4,25-OCT-2016,459,INE865C01022,
BLBLIMITED,EQ,5.6,5.8,5.0,5.35,5.45,5.25,45532,245048.3,25-OCT-2016,72,INE791A01024,
BLISSGVS,EQ,169.3,181.6,165.9,178.65,179.95,168.75,1251508,219145066.55,25-OCT-2016,12034,INE416D01022,
BLKASHYAP,EQ,24.8,26.2,23.7,24.35,24.4,24.35,665447,16695241.35,25-OCT-2016,2651,INE350H01032,
BLS,BE,1860.0,1860.0,1840.0,1848.1,1845.0,1859.8,3372,6218855.0,25-OCT-2016,40,INE153T01019,
BLUEBLENDS,EQ,65.0,65.0,61.1,62.4,62.0,64.45,9580,600133.4,25-OCT-2016,254,INE113O01014,
BLUECHIP,EQ,0.45,0.45,0.45,0.45,0.45,0.4,8590,3865.5,25-OCT-2016,2,INE657B01025,
BLUECOAST,EQ,118.0,121.0,118.0,118.55,118.55,116.0,139,16484.1,25-OCT-2016,8,INE472B01011,
BLUEDART,EQ,5100.0,5150.0,5031.4,5057.55,5051.0,5046.7,2956,14994529.75,25-OCT-2016,829,INE233B01017,
BLUESTARCO,EQ,537.9,544.8,536.0,541.6,542.8,535.75,22942,12420724.95,25-OCT-2016,1475,INE472A01039,
BODALCHEM,EQ,141.85,142.1,138.2,140.85,141.2,140.6,696995,97992114.85,25-OCT-2016,5564,INE338D01028,
BOMDYEING,EQ,59.75,59.95,58.2,58.5,58.5,59.6,2053726,120801931.55,25-OCT-2016,6762,INE032A01023,
BOSCHLTD,EQ,22936.4,22938.65,22551.0,22622.55,22551.0,22936.35,6098,138323872.35,25-OCT-2016,2512,INE323A01026,
BPCL,EQ,681.1,687.5,673.3,685.45,686.45,686.2,1785357,1216966085.0,25-OCT-2016,105381,INE029A01011,
BPL,EQ,89.2,92.5,88.2,90.45,90.45,88.9,787778,71570617.1,25-OCT-2016,6371,INE110A01019,
BRFL,EQ,157.0,160.95,157.0,159.05,158.05,157.05,4234,671379.65,25-OCT-2016,63,INE589G01011,
BRIGADE,EQ,178.05,180.95,178.0,178.0,178.0,179.05,6366,1134648.5,25-OCT-2016,178,INE791I01019,
BRITANNIA,EQ,3308.4,3322.65,3279.95,3295.35,3293.25,3307.9,91094,300466464.2,25-OCT-2016,22860,INE216A01022,
BROOKS,EQ,183.05,189.7,178.3,184.45,184.9,182.65,1028919,191089656.6,25-OCT-2016,14607,INE650L01011,
BSELINFRA,EQ,4.3,4.6,4.25,4.45,4.5,4.25,344489,1545868.45,25-OCT-2016,480,INE395A01016,
BSL,EQ,91.5,92.0,84.2,85.55,84.55,91.3,52425,4549839.2,25-OCT-2016,1124,INE594B01012,
BSLGOLDETF,EQ,2825.0,2825.05,2825.0,2825.0,2825.0,2825.0,8,22600.1,25-OCT-2016,4,INF209K01HT2,
BSLIMITED,EQ,5.65,6.35,5.35,6.35,6.35,5.3,22522415,137470375.85,25-OCT-2016,13493,INE043K01029,
BSLNIFTY,EQ,92.9,92.99,92.9,92.99,92.99,91.0,22,2045.69,25-OCT-2016,3,INF209K01IR4,
BURNPUR,EQ,15.55,15.6,15.25,15.35,15.3,15.45,1494441,22951738.45,25-OCT-2016,1320,INE817H01014,
BUTTERFLY,EQ,257.9,274.6,257.0,266.7,268.0,256.4,171016,45853226.2,25-OCT-2016,3546,INE295F01017,
BVCL,EQ,25.5,26.0,25.1,26.0,26.0,25.5,1139,29271.7,25-OCT-2016,12,INE139I01011,
BYKE,EQ,183.25,186.0,181.9,182.25,182.0,182.3,95871,17598819.6,25-OCT-2016,1883,INE319B01014,
CADILAHC,EQ,389.9,409.8,389.0,407.85,408.6,389.3,1079617,433450594.25,25-OCT-2016,27608,INE010B01027,
CAIRN,EQ,231.0,232.45,226.4,230.55,230.5,231.45,3203252,736537135.8,25-OCT-2016,33850,INE910H01017,
CALSOFT,EQ,7.3,7.3,6.85,6.85,6.85,7.15,702,5123.7,25-OCT-2016,5,INE526B01014,
CAMLINFINE,EQ,113.0,118.3,109.1,116.4,116.0,114.35,2323633,265485556.25,25-OCT-2016,15637,INE052I01032,
CANBK,EQ,325.5,326.95,321.7,323.5,324.0,325.5,1997133,646821059.05,25-OCT-2016,14731,INE476A01014,
CANDC,EQ,24.0,24.35,23.2,23.5,23.45,23.55,43501,1023956.1,25-OCT-2016,163,INE874H01015,
CANFINHOME,EQ,1847.85,1850.0,1826.1,1846.4,1831.0,1847.55,32589,59992748.05,25-OCT-2016,2265,INE477A01012,
CANTABIL,EQ,71.0,72.5,70.2,71.05,70.9,72.4,3630,257141.35,25-OCT-2016,46,INE068L01016,
CAPF,EQ,763.95,766.7,750.9,752.4,751.1,761.55,58215,44090562.6,25-OCT-2016,2715,INE688I01017,
CAPLIPOINT,EQ,378.0,379.9,353.0,355.3,356.0,377.4,142770,51870020.4,25-OCT-2016,4640,INE475E01026,
CARBORUNIV,EQ,289.95,290.5,282.0,283.9,284.0,289.1,82158,23378127.65,25-OCT-2016,2151,INE120A01034,
CAREERP,EQ,125.25,127.2,125.0,126.15,126.6,125.3,28362,3579734.25,25-OCT-2016,462,INE521J01018,
CARERATING,EQ,1528.0,1542.95,1506.0,1519.8,1520.0,1528.45,81211,123807409.55,25-OCT-2016,3218,INE752H01013,
CASTEXTECH,EQ,9.65,9.7,9.15,9.25,9.3,9.5,2872597,26822292.15,25-OCT-2016,2522,INE068D01021,
CASTROLIND,EQ,469.5,471.0,465.45,468.35,467.55,467.4,406933,190549468.75,25-OCT-2016,8193,INE172A01027,
CCCL,EQ,4.8,4.95,4.25,4.4,4.4,4.6,253973,1134338.15,25-OCT-2016,468,INE429I01024,
CCHHL,EQ,15.7,16.9,15.3,16.05,16.0,14.8,1151681,18739396.75,25-OCT-2016,3443,INE652F01027,
CCL,EQ,249.95,250.2,248.0,249.1,248.15,248.85,33923,8452959.85,25-OCT-2016,409,INE421D01022,
CEATLTD,EQ,1260.0,1281.4,1246.65,1263.6,1261.0,1268.0,1111352,1405016979.75,25-OCT-2016,28517,INE482A01020,
CEBBCO,EQ,14.0,16.55,13.6,16.5,16.55,13.8,2182729,35185377.45,25-OCT-2016,4303,INE209L01016,
CELEBRITY,EQ,13.0,14.05,12.75,13.5,13.35,12.9,486880,6619473.5,25-OCT-2016,1148,INE185H01016,
CELESTIAL,EQ,27.7,28.05,26.5,26.7,26.6,27.65,51160,1386768.1,25-OCT-2016,225,INE221I01017,
CENTENKA,EQ,310.35,314.9,305.1,312.75,312.25,308.45,145846,45375772.15,25-OCT-2016,4966,INE485A01015,
CENTEXT,EQ,8.7,9.2,8.6,8.7,8.7,9.05,725234,6331228.75,25-OCT-2016,946,INE281A01026,
CENTRALBK,EQ,92.0,92.4,91.1,91.25,91.2,91.9,165561,15151272.1,25-OCT-2016,1008,INE483A01010,
CENTUM,EQ,563.0,563.0,542.0,545.25,543.2,560.85,9353,5137289.45,25-OCT-2016,492,INE320B01020,
CENTURYPLY,EQ,247.5,254.9,246.0,251.85,250.6,249.15,91277,22856658.3,25-OCT-2016,2079,INE348B01021,
CENTURYTEX,EQ,920.15,926.95,914.0,917.05,915.0,917.65,978602,899945140.0,25-OCT-2016,15435,INE055A01016,
CERA,EQ,2572.0,2644.9,2564.95,2586.5,2578.0,2572.0,9938,25866630.45,25-OCT-2016,1277,INE739E01017,
CEREBRAINT,EQ,24.25,24.25,20.6,23.5,23.55,23.7,1611118,37041111.3,25-OCT-2016,3220,INE345B01019,
CESC,EQ,618.0,621.55,609.05,617.3,615.1,615.2,110859,68359301.45,25-OCT-2016,7875,INE486A01013,
CGCL,EQ,354.55,359.5,348.0,351.95,353.0,351.85,7373,2599029.25,25-OCT-2016,271,INE180C01018,
CHAMBLFERT,EQ,62.6,62.6,60.5,61.8,62.2,62.3,1027700,63459776.8,25-OCT-2016,5764,INE085A01013,
CHEMFALKAL,EQ,308.0,316.0,300.15,306.75,306.7,305.65,77348,23953919.25,25-OCT-2016,2280,INE479E01028,
CHENNPETRO,EQ,293.0,293.0,286.5,287.2,287.1,291.45,184262,53164768.2,25-OCT-2016,4651,INE178A01016,
CHOLAFIN,EQ,1189.0,1198.9,1168.4,1175.7,1174.0,1189.75,88409,104049659.9,25-OCT-2016,2138,INE121A01016,
CHROMATIC,EQ,3.4,3.4,3.25,3.35,3.3,3.35,482662,1608084.6,25-OCT-2016,246,INE662C01015,
CIGNITITEC,EQ,426.0,427.7,420.1,425.5,424.0,422.05,39095,16591491.4,25-OCT-2016,635,INE675C01017,
CIMMCO,EQ,72.3,72.55,71.25,71.4,71.4,73.1,5565,399037.4,25-OCT-2016,109,INE184C01028,
CINELINE,EQ,72.7,74.4,72.15,72.45,72.5,72.65,51946,3802820.8,25-OCT-2016,629,INE704H01022,
CINEVISTA,EQ,6.6,7.2,6.6,7.2,7.2,6.8,9879,69514.5,25-OCT-2016,58,INE039B01026,
CIPLA,EQ,586.0,594.5,582.7,584.5,584.0,584.7,831989,488574525.75,25-OCT-2016,22048,INE059A01026,
CLNINDIA,EQ,807.1,812.0,796.5,800.55,798.6,805.35,5074,4065486.95,25-OCT-2016,552,INE492A01029,
CNOVAPETRO,EQ,35.05,35.05,31.75,31.75,31.75,33.4,40739,1341257.65,25-OCT-2016,113,INE672K01025,
COALINDIA,EQ,323.9,323.9,318.05,319.65,319.9,321.25,2235089,714472149.45,25-OCT-2016,33964,INE522F01014,
COFFEEDAY,EQ,224.0,225.9,223.4,224.3,224.9,224.8,260777,58431625.65,25-OCT-2016,995,INE335K01011,
COLPAL,EQ,964.25,964.25,940.05,944.1,944.9,963.2,182264,172189381.0,25-OCT-2016,6691,INE259A01022,
COMPINFO,EQ,240.7,244.45,230.1,238.6,238.5,238.65,12766,3060405.15,25-OCT-2016,204,INE070C01029,
COMPUSOFT,EQ,14.2,14.2,13.1,13.9,14.05,14.05,91385,1271840.75,25-OCT-2016,353,INE453B01029,
CONCOR,EQ,1348.25,1358.4,1343.0,1349.65,1348.0,1348.25,51152,69020266.25,25-OCT-2016,4197,INE111A01017,
CONSOFINVT,EQ,68.45,69.95,67.55,68.4,68.5,68.5,11363,782454.25,25-OCT-2016,148,INE025A01027,
CONTROLPR,EQ,289.9,298.0,285.6,291.85,293.8,289.95,16397,4778460.65,25-OCT-2016,562,INE663B01015,
CORDSCABLE,EQ,55.85,56.4,54.1,55.7,55.25,55.0,7954,437772.35,25-OCT-2016,92,INE792I01017,
COROMANDEL,EQ,281.9,284.5,276.0,279.35,278.5,281.65,235463,66296240.45,25-OCT-2016,4646,INE169A01031,
CORPBANK,EQ,42.9,43.15,41.9,42.25,42.05,42.85,190419,8074752.8,25-OCT-2016,970,INE112A01023,
COSMOFILMS,EQ,420.85,421.0,413.1,414.5,413.2,420.1,38817,16170725.05,25-OCT-2016,917,INE757A01017,
COUNCODOS,EQ,4.75,4.75,3.8,4.55,4.6,4.65,54275,242161.0,25-OCT-2016,64,INE695B01025,
COX&KINGS,EQ,229.8,230.5,223.0,224.05,223.85,228.55,236842,53460067.45,25-OCT-2016,3558,INE008I01026,
CPSEETF,EQ,26.0,26.0,25.71,25.74,25.74,25.96,525238,13533879.96,25-OCT-2016,348,INF457M01133,
CREATIVEYE,EQ,3.75,3.75,3.65,3.65,3.65,3.75,501,1878.65,25-OCT-2016,3,INE230B01021,
CREST,EQ,66.0,67.95,64.25,65.35,66.0,65.15,8605,565369.3,25-OCT-2016,89,INE559D01011,
CRISIL,EQ,2258.85,2267.9,2230.0,2242.85,2235.0,2252.9,5975,13440964.3,25-OCT-2016,1732,INE007A01025,
CRMFGETF,EQ,2865.0,2865.0,2865.0,2865.0,2865.0,2860.0,2,5730.0,25-OCT-2016,1,INF760K01BR1,
CROMPGREAV,EQ,76.7,77.2,75.85,76.25,76.1,76.75,3659536,280408647.25,25-OCT-2016,13054,INE067A01029,
CROMPTON,EQ,187.8,191.35,185.1,188.75,187.45,186.6,1524453,287778176.0,25-OCT-2016,5438,INE299U01018,
CTE,EQ,119.15,119.15,119.15,119.15,119.15,116.85,6315,752432.25,25-OCT-2016,24,INE627H01017,
CUB,EQ,143.0,145.4,142.95,143.95,144.5,142.5,430459,62009544.7,25-OCT-2016,6285,INE491A01021,
CUBEXTUB,BE,16.0,16.05,16.0,16.05,16.05,16.0,253,4055.65,25-OCT-2016,5,INE144D01012,
CUMMINSIND,EQ,854.0,874.7,849.75,867.2,867.0,851.2,184526,159469080.05,25-OCT-2016,9153,INE298A01020,
CUPID,EQ,316.05,320.0,315.0,318.55,319.0,317.55,16976,5408768.4,25-OCT-2016,344,INE509F01011,
CURATECH,EQ,4.2,4.2,4.2,4.2,4.2,4.0,100,420.0,25-OCT-2016,1,INE117B01012,
CYBERMEDIA,BE,10.1,10.4,10.1,10.1,10.1,10.4,560,5674.0,25-OCT-2016,3,INE278G01037,
CYBERTECH,EQ,91.8,99.45,91.4,97.75,98.0,91.15,421567,40811824.45,25-OCT-2016,4396,INE214A01019,
CYIENT,EQ,505.0,507.95,497.4,503.0,503.75,503.3,24295,12218071.9,25-OCT-2016,1336,INE136B01020,
DAAWAT,EQ,271.25,274.0,268.0,270.35,272.0,269.65,4936,1339420.7,25-OCT-2016,279,INE818H01012,
DABUR,EQ,283.85,285.9,282.55,285.1,285.0,284.05,617238,175188679.35,25-OCT-2016,16025,INE016A01026,
DALMIABHA,EQ,1979.0,2003.0,1975.0,1990.8,1985.5,1979.75,20724,41257504.1,25-OCT-2016,2778,INE439L01019,
DALMIASUG,EQ,114.4,115.0,112.95,113.5,113.7,113.8,110200,12563832.4,25-OCT-2016,1229,INE495A01022,
DAMODARIND,EQ,82.0,82.9,82.0,82.4,82.0,81.85,1422,117099.7,25-OCT-2016,13,INE497D01014,
DATAMATICS,EQ,91.5,95.0,90.1,90.75,90.55,90.8,564021,52086798.55,25-OCT-2016,4107,INE365B01017,
DBCORP,EQ,390.65,392.0,385.0,386.35,385.85,390.9,40970,15871925.6,25-OCT-2016,1514,INE950I01011,
DBL,EQ,227.7,234.4,227.55,231.95,231.75,228.55,98448,22825382.65,25-OCT-2016,2648,INE917M01012,
DBREALTY,EQ,48.3,48.35,47.5,47.75,47.65,48.1,185130,8870171.2,25-OCT-2016,1239,INE879I01012,
DBSTOCKBRO,EQ,16.3,16.3,16.3,16.3,16.3,16.5,5,81.5,25-OCT-2016,2,INE921B01025,
DCBBANK,EQ,128.0,129.0,127.4,128.2,128.7,128.3,371688,47666797.7,25-OCT-2016,2841,INE503A01015,
DCM,EQ,151.5,156.6,145.0,147.9,146.5,151.75,462343,69343436.85,25-OCT-2016,6299,INE498A01018,
DCMSHRIRAM,EQ,276.2,286.7,276.0,281.4,281.0,275.3,341896,96408478.5,25-OCT-2016,5994,INE499A01024,
DCW,EQ,37.9,38.0,36.75,37.05,36.85,37.85,1318085,49046719.35,25-OCT-2016,2736,INE500A01029,
DECCANCE,EQ,1150.55,1184.6,1150.0,1173.5,1179.95,1151.05,5974,6966151.6,25-OCT-2016,357,INE583C01013,
DEEPAKFERT,EQ,228.0,233.45,224.0,230.15,231.0,227.0,95067,21877525.9,25-OCT-2016,1706,INE501A01019,
DEEPAKNTR,EQ,123.4,123.4,119.75,120.35,120.4,121.55,69263,8359169.45,25-OCT-2016,1364,INE288B01029,
DEEPIND,EQ,276.4,288.9,272.05,275.0,276.2,275.6,2166494,608755073.9,25-OCT-2016,28392,INE677H01012,
DELTACORP,EQ,185.8,186.7,180.4,183.1,183.7,185.2,3378435,620225457.35,25-OCT-2016,20841,INE124G01033,
DELTAMAGNT,BE,34.15,34.15,34.15,34.15,34.15,32.55,450,15367.5,25-OCT-2016,2,INE393A01011,
DEN,EQ,77.7,79.0,77.05,77.6,77.45,77.0,215623,16793864.85,25-OCT-2016,1612,INE947J01015,
DENABANK,EQ,37.75,38.0,37.05,37.3,37.3,37.65,319989,11974919.9,25-OCT-2016,3970,INE077A01010,
DENORA,EQ,316.3,356.1,316.2,341.9,339.1,319.15,113577,39059699.05,25-OCT-2016,3389,INE244A01016,
DHAMPURSUG,EQ,124.0,125.2,122.4,122.75,122.45,123.2,130337,16107589.45,25-OCT-2016,1190,INE041A01016,
DHANBANK,EQ,24.1,24.9,24.0,24.65,24.7,24.3,436342,10648850.65,25-OCT-2016,1029,INE680A01011,
DHANUKA,EQ,657.55,664.55,647.75,653.75,654.0,662.85,17765,11636642.35,25-OCT-2016,1123,INE435G01025,
DHARSUGAR,EQ,43.5,43.5,42.1,42.45,42.3,43.25,34753,1484079.2,25-OCT-2016,223,INE988C01014,
DHFL,EQ,330.0,330.8,325.0,325.85,326.75,328.95,1633696,533420055.55,25-OCT-2016,18340,INE202B01012,
DHUNINV,EQ,145.25,154.0,145.25,152.45,154.0,149.8,1418,214033.5,25-OCT-2016,36,INE320L01011,
DIAPOWER,EQ,57.55,61.3,56.6,58.9,58.95,57.2,1338663,79442831.65,25-OCT-2016,5963,INE989C01012,
DICIND,EQ,585.05,585.05,570.0,570.9,572.75,570.45,1347,770872.4,25-OCT-2016,297,INE303A01010,
DIGJAMLTD,EQ,16.45,17.4,15.8,16.5,16.45,16.4,1070994,17955550.65,25-OCT-2016,2382,INE731U01010,
DISHMAN,EQ,239.5,239.6,229.25,231.75,231.35,237.75,1195360,277949865.25,25-OCT-2016,23468,INE353G01020,
DISHTV,EQ,97.45,100.0,95.65,99.5,99.8,97.05,6228233,614223116.05,25-OCT-2016,34662,INE836F01026,
DIVISLAB,EQ,1262.15,1296.9,1262.15,1277.6,1280.1,1266.3,396724,509056326.5,25-OCT-2016,17514,INE361B01024,
DLF,EQ,155.6,155.7,153.1,154.1,154.0,155.15,3427736,529006373.3,25-OCT-2016,17559,INE271C01023,
DLINKINDIA,EQ,88.15,92.45,88.15,89.75,89.0,89.75,151191,13686733.95,25-OCT-2016,1860,INE250K01012,
DOLPHINOFF,EQ,106.4,108.4,102.7,104.45,105.0,106.35,354725,37550164.1,25-OCT-2016,4471,INE920A01011,
DONEAR,EQ,66.7,68.5,64.65,68.5,68.5,65.25,462802,31497010.4,25-OCT-2016,1447,INE668D01028,
DPL,EQ,79.1,80.95,79.0,79.95,80.0,79.95,15512,1238755.25,25-OCT-2016,110,INE477B01010,
DPSCLTD,EQ,35.6,37.75,35.6,37.3,37.15,37.25,31742,1186040.55,25-OCT-2016,84,INE360C01024,
DQE,EQ,29.0,29.0,27.25,28.15,28.95,28.7,192753,5382980.85,25-OCT-2016,776,INE656K01010,
DREDGECORP,EQ,395.0,412.65,392.0,405.45,407.0,394.5,56222,22738730.35,25-OCT-2016,2252,INE506A01018,
DRREDDY,EQ,3108.9,3209.0,3068.5,3200.6,3198.0,3089.25,1112884,3495126470.05,25-OCT-2016,68284,INE089A01023,
DSKULKARNI,EQ,77.1,85.8,77.1,80.2,80.0,77.1,257819,21363836.2,25-OCT-2016,1971,INE891A01014,
DSSL,EQ,23.3,23.3,23.3,23.3,23.3,22.2,20,466.0,25-OCT-2016,1,INE417B01040,
DTIL,EQ,319.0,319.9,306.1,309.85,311.0,319.85,3566,1115007.7,25-OCT-2016,183,INE341R01014,
DUCON,EQ,62.4,62.4,62.4,62.4,62.4,59.45,22388,1397011.2,25-OCT-2016,69,INE741L01018,
DWARKESH,EQ,256.25,262.0,251.5,253.4,253.0,257.45,103231,26500175.05,25-OCT-2016,1840,INE366A01033,
DYNAMATECH,EQ,3375.1,3402.6,3302.5,3354.05,3370.0,3368.8,2791,9381015.15,25-OCT-2016,940,INE221B01012,
EASTSILK,EQ,3.3,3.6,3.05,3.6,3.6,3.3,342870,1148652.95,25-OCT-2016,206,INE962C01027,
EASUNREYRL,EQ,34.4,34.95,32.7,33.25,33.2,33.85,18999,640835.25,25-OCT-2016,168,INE268C01029,
ECEIND,EQ,342.05,347.8,337.0,342.05,344.5,350.5,7527,2568647.45,25-OCT-2016,183,INE588B01014,
ECLERX,EQ,1650.0,1664.0,1638.3,1660.6,1660.7,1642.6,75930,125445594.25,25-OCT-2016,8180,INE738I01010,
EDELWEISS,EQ,124.7,125.2,122.5,123.75,124.0,125.0,659829,81582424.6,25-OCT-2016,5730,INE532F01054,
EDL,EQ,64.4,66.8,63.5,64.9,65.6,63.8,128699,8414073.8,25-OCT-2016,1071,INE180G01019,
EDUCOMP,EQ,12.45,12.55,12.2,12.25,12.3,12.4,307289,3785039.25,25-OCT-2016,603,INE216H01027,
EICHERMOT,EQ,24920.0,25023.9,24599.7,24631.0,24628.4,24914.4,33405,823907130.1,25-OCT-2016,8898,INE066A01013,
EIDPARRY,EQ,258.6,261.5,255.45,258.65,258.75,257.75,101463,26255041.3,25-OCT-2016,1503,INE126A01031,
EIHAHOTELS,EQ,321.0,321.0,318.1,319.05,318.1,319.55,498,158949.9,25-OCT-2016,11,INE276C01014,
EIHOTEL,EQ,109.45,109.9,109.0,109.4,109.5,109.55,13620,1487811.65,25-OCT-2016,206,INE230A01023,
EIMCOELECO,BE,414.0,429.95,414.0,429.95,429.95,433.85,167,70253.95,25-OCT-2016,9,INE158B01016,
EKC,EQ,39.5,42.2,39.5,40.75,40.55,40.0,1610226,65804349.8,25-OCT-2016,7521,INE184H01027,
ELAND,EQ,31.5,31.7,29.9,30.75,30.8,30.95,208595,6455085.65,25-OCT-2016,1245,INE311H01018,
ELECON,EQ,67.1,69.7,67.1,68.1,67.75,66.9,290679,19849857.05,25-OCT-2016,1843,INE205B01023,
ELECTCAST,EQ,29.65,30.25,28.5,29.35,29.5,29.55,1235888,36230768.7,25-OCT-2016,3683,INE086A01029,
ELECTHERM,EQ,214.95,232.7,201.5,232.7,232.7,211.55,48268,10576025.55,25-OCT-2016,1198,INE822G01016,
ELGIEQUIP,EQ,194.3,196.5,192.15,195.5,196.0,193.85,9749,1903965.85,25-OCT-2016,248,INE285A01027,
ELGIRUBCO,EQ,45.55,49.0,45.05,48.0,48.1,45.9,308264,14703540.55,25-OCT-2016,1203,INE819L01012,
EMAMIINFRA,EQ,76.05,76.45,74.5,75.3,75.0,75.75,17925,1351386.3,25-OCT-2016,171,INE778K01012,
EMAMILTD,EQ,1172.5,1187.95,1158.0,1178.35,1178.7,1173.1,78911,92950082.6,25-OCT-2016,4277,INE548C01032,
EMCO,EQ,32.8,33.35,32.15,32.35,32.45,32.95,76538,2502927.1,25-OCT-2016,437,INE078A01026,
EMKAY,EQ,70.6,71.6,68.6,68.9,68.8,70.15,8585,599660.95,25-OCT-2016,103,INE296H01011,
EMMBI,EQ,135.4,140.0,133.25,134.1,133.55,134.4,215909,29631853.1,25-OCT-2016,2522,INE753K01015,
ENDURANCE,EQ,627.4,634.45,618.75,626.4,627.0,627.4,633022,397141313.45,25-OCT-2016,13224,INE913H01037,
ENERGYDEV,EQ,237.85,239.75,229.65,232.75,230.0,236.65,179703,42474484.4,25-OCT-2016,1371,INE306C01019,
ENGINERSIN,EQ,277.85,278.95,271.0,272.95,273.05,276.65,1976963,541821934.3,25-OCT-2016,27728,INE510A01028,
ENIL,EQ,802.8,811.0,800.05,807.8,810.0,811.4,1656,1338050.3,25-OCT-2016,103,INE265F01028,
EON,EQ,72.45,74.75,70.6,74.3,74.25,72.2,102971,7519669.5,25-OCT-2016,1229,INE076H01025,
EQUITAS,EQ,177.0,181.9,176.6,177.9,177.35,176.35,1446560,259592868.65,25-OCT-2016,10838,INE988K01017,
EROSMEDIA,EQ,205.25,206.7,199.25,202.4,202.8,203.35,239898,48801573.35,25-OCT-2016,5393,INE416L01017,
ESABINDIA,EQ,580.4,586.95,577.05,580.9,577.05,581.8,1392,810578.35,25-OCT-2016,67,INE284A01012,
ESCORTS,EQ,397.5,399.0,393.0,395.35,395.5,397.95,502899,198920170.6,25-OCT-2016,7107,INE042A01014,
ESL,EQ,3.2,3.5,3.2,3.4,3.4,3.15,4423995,14917128.55,25-OCT-2016,1408,INE481K01013,
ESSARSHPNG,EQ,30.45,31.3,30.1,30.55,30.6,30.45,1193267,36559339.75,25-OCT-2016,1100,INE122M01019,
ESSDEE,BE,58.5,58.5,56.05,57.0,57.0,57.1,9736,555259.25,25-OCT-2016,92,INE825H01017,
ESSELPACK,EQ,245.0,247.9,242.05,244.85,243.0,244.05,55987,13708187.1,25-OCT-2016,1598,INE255A01020,
ESTER,EQ,53.95,54.8,52.55,53.3,53.3,53.55,204640,10949246.6,25-OCT-2016,1483,INE778B01029,
EUROCERA,EQ,7.0,7.4,6.6,7.4,7.4,6.75,54794,401922.55,25-OCT-2016,82,INE649H01011,
EUROMULTI,EQ,1.4,1.4,1.4,1.4,1.4,1.4,719,1006.6,25-OCT-2016,5,INE063J01011,
EUROTEXIND,EQ,30.2,30.2,27.4,28.9,28.95,30.2,3064,86903.75,25-OCT-2016,39,INE022C01012,
EVEREADY,EQ,255.0,255.95,252.4,254.7,254.0,254.55,62372,15869813.5,25-OCT-2016,1048,INE128A01029,
EVERESTIND,EQ,236.15,244.0,236.15,241.8,241.6,235.5,71376,17203368.85,25-OCT-2016,1558,INE295A01018,
EVERONN,EQ,18.6,18.75,18.35,18.55,18.55,18.7,84438,1566538.35,25-OCT-2016,247,INE678H01010,
EXCEL,EQ,51.2,53.0,50.5,51.85,51.9,51.05,562713,29164130.2,25-OCT-2016,2096,INE688J01015,
EXCELCROP,EQ,1854.85,1863.9,1764.0,1809.95,1790.25,1853.55,18388,33300186.9,25-OCT-2016,1230,INE223G01017,
EXCELINDUS,EQ,452.55,457.9,452.4,456.15,457.9,454.35,14019,6386781.25,25-OCT-2016,406,INE369A01029,
EXIDEIND,EQ,202.25,204.15,201.3,203.5,203.7,202.25,1320176,268143037.75,25-OCT-2016,11037,INE302A01020,
FACT,EQ,23.75,24.9,23.75,24.35,24.3,24.25,98448,2402555.15,25-OCT-2016,520,INE188A01015,
FAGBEARING,EQ,4351.35,4406.0,4330.0,4355.2,4338.0,4398.75,25449,111959352.7,25-OCT-2016,132,INE513A01014,
FARMAXIND,EQ,0.15,0.15,0.15,0.15,0.15,0.15,195234,29285.1,25-OCT-2016,14,INE890I01035,
FCL,EQ,35.75,36.25,34.6,35.9,35.85,35.1,712466,25405114.05,25-OCT-2016,3017,INE045J01026,
FCONSUMER,EQ,22.9,23.65,22.15,23.45,23.5,23.05,5586788,129407700.15,25-OCT-2016,6420,INE220J01025,
FCSSOFT,EQ,0.3,0.35,0.3,0.3,0.35,0.35,171711,52386.5,25-OCT-2016,4884,INE512B01022,
FDC,EQ,220.0,232.0,219.1,223.65,223.5,219.5,121526,27602467.4,25-OCT-2016,2533,INE258B01022,
FEDDERLOYD,EQ,84.0,84.25,82.2,83.4,83.0,83.55,76929,6407502.7,25-OCT-2016,861,INE249C01011,
FEDERALBNK,EQ,75.0,81.8,74.1,81.2,81.15,75.0,31819592,2505349520.0,25-OCT-2016,72282,INE171A01029,
FEL,EQ,16.0,16.05,15.8,15.9,15.8,15.9,1530904,24457564.8,25-OCT-2016,1248,INE623B01027,
FELDVR,EQ,16.4,16.4,15.5,15.9,15.85,16.05,42893,687278.95,25-OCT-2016,69,IN9623B01058,
FIEMIND,EQ,1375.6,1430.0,1375.6,1414.4,1417.0,1385.85,17808,24936578.95,25-OCT-2016,3055,INE737H01014,
FILATEX,EQ,87.3,87.4,83.25,84.2,83.75,86.5,258793,21926846.5,25-OCT-2016,2927,INE816B01019,
FINANTECH,EQ,82.9,84.85,81.6,83.15,83.0,82.8,284755,23744972.75,25-OCT-2016,3662,INE111B01023,
FINCABLES,EQ,440.0,443.9,434.0,437.1,437.0,439.45,12442,5448217.5,25-OCT-2016,632,INE235A01022,
FINPIPE,EQ,452.5,463.0,452.5,456.0,455.0,460.4,14744,6745556.9,25-OCT-2016,1791,INE183A01016,
FIRSTWIN,EQ,2.7,2.7,2.7,2.7,2.7,2.8,1905,5143.5,25-OCT-2016,5,INE315J01015,
FLEXITUFF,EQ,196.1,198.4,193.05,193.75,193.05,196.15,21226,4158634.05,25-OCT-2016,309,INE060J01017,
FLFL,EQ,134.3,137.5,128.7,136.35,136.5,132.8,190893,25696278.85,25-OCT-2016,1659,INE452O01016,
FMGOETZE,EQ,495.0,499.95,483.5,486.6,484.0,490.8,3625,1780727.6,25-OCT-2016,536,INE529A01010,
FMNL,EQ,37.4,38.5,35.5,36.95,35.85,35.4,214332,7973205.7,25-OCT-2016,1225,INE360L01017,
FORTIS,EQ,179.45,179.85,176.5,177.8,178.2,178.85,326564,58144621.2,25-OCT-2016,3632,INE061F01013,
FOSECOIND,EQ,1449.45,1460.0,1437.0,1440.5,1448.0,1449.05,486,703366.1,25-OCT-2016,90,INE519A01011,
FRETAIL,EQ,175.0,175.0,165.0,168.55,169.0,174.6,228432,38585544.45,25-OCT-2016,4947,INE752P01024,
FSL,EQ,41.3,41.6,40.4,40.65,40.65,40.95,1566464,63999716.25,25-OCT-2016,4142,INE684F01012,
GABRIEL,EQ,120.25,125.6,119.1,124.85,124.85,120.3,756945,93316271.7,25-OCT-2016,6973,INE524A01029,
GAEL,EQ,95.9,95.9,93.5,94.15,94.0,94.25,65667,6197574.15,25-OCT-2016,568,INE036B01022,
GAIL,EQ,445.4,445.6,433.2,435.05,435.0,444.05,1624269,708113397.95,25-OCT-2016,25090,INE129A01019,
GAL,EQ,12.75,13.7,12.75,13.2,13.2,13.0,2099286,27685137.25,25-OCT-2016,1674,INE482J01021,
GALLANTT,EQ,51.45,52.5,49.1,51.5,51.7,51.85,38944,2005795.15,25-OCT-2016,424,INE297H01019,
GALLISPAT,EQ,525.0,525.35,523.85,524.2,525.0,524.55,11089,5817520.75,25-OCT-2016,232,INE528K01011,
GAMMNINFRA,EQ,5.05,5.05,4.9,4.95,4.95,5.0,1064302,5283923.35,25-OCT-2016,592,INE181G01025,
GAMMONIND,EQ,16.55,16.55,16.0,16.05,16.1,16.3,261934,4251513.9,25-OCT-2016,391,INE259B01020,
GANDHITUBE,EQ,335.05,340.0,321.0,325.25,324.0,335.3,4306,1422266.7,25-OCT-2016,312,INE524B01027,
GANECOS,EQ,228.0,228.0,223.1,224.25,224.95,227.9,14704,3301549.95,25-OCT-2016,515,INE845D01014,
GANESHHOUC,EQ,83.5,83.9,81.55,82.65,82.5,81.95,61122,5066354.85,25-OCT-2016,635,INE460C01014,
GARDENSILK,EQ,34.35,36.25,33.0,35.1,34.5,34.35,334870,11596503.6,25-OCT-2016,2189,INE526A01016,
GARWALLROP,EQ,537.8,555.0,529.95,553.15,554.0,536.85,19595,10678416.95,25-OCT-2016,800,INE276A01018,
GATI,EQ,136.9,141.65,134.8,138.2,138.2,136.85,890166,123386197.75,25-OCT-2016,9423,INE152B01027,
GAYAPROJ,EQ,660.0,664.95,655.0,659.25,657.1,665.15,1851,1218762.4,25-OCT-2016,145,INE336H01015,
GDL,EQ,255.35,255.35,250.55,253.0,253.4,253.85,56043,14169903.8,25-OCT-2016,1807,INE852F01015,
GEECEE,EQ,154.4,154.4,140.1,143.05,141.2,164.95,397005,57994022.1,25-OCT-2016,5474,INE916G01016,
GEMINI,EQ,2.35,2.7,2.3,2.7,2.7,2.25,458080,1194293.15,25-OCT-2016,421,INE878C01033,
GENESYS,EQ,98.2,102.0,98.0,100.65,101.8,99.45,10607,1061245.45,25-OCT-2016,84,INE727B01026,
GENUSPAPER,EQ,6.45,6.45,5.8,6.15,6.1,6.35,689230,4172789.6,25-OCT-2016,740,INE949P01018,
GENUSPOWER,EQ,49.0,49.35,47.05,47.4,47.4,48.85,265251,12714152.0,25-OCT-2016,1330,INE955D01029,
GEOJITBNPP,EQ,39.6,41.9,39.45,41.15,41.05,39.65,447976,18474112.6,25-OCT-2016,1644,INE007B01023,
GEOMETRIC,EQ,241.15,250.0,232.55,240.75,240.25,239.05,651016,157322259.8,25-OCT-2016,12423,INE797A01021,
GEPIL,EQ,507.5,518.95,498.5,510.95,512.0,512.2,53578,26967050.2,25-OCT-2016,767,INE878A01011,
GESHIP,EQ,373.95,375.25,366.0,367.75,367.45,373.55,26093,9639561.95,25-OCT-2016,1033,INE017A01032,
GET&D,EQ,346.45,346.9,340.1,341.65,341.5,346.5,7706,2635434.3,25-OCT-2016,541,INE200A01026,
GHCL,EQ,273.95,283.0,273.9,278.8,279.5,273.75,468595,130816893.7,25-OCT-2016,5954,INE539A01019,
GICHSGFIN,EQ,343.3,344.0,335.45,337.75,337.0,341.85,58452,19811738.45,25-OCT-2016,1723,INE289B01019,
GILLANDERS,EQ,70.0,71.4,68.25,69.0,69.0,70.8,3288,227369.6,25-OCT-2016,66,INE047B01011,
GILLETTE,EQ,4365.0,4365.0,4290.1,4320.45,4300.0,4359.95,2240,9681552.8,25-OCT-2016,263,INE322A01010,
GINNIFILA,EQ,25.7,25.75,24.5,25.05,24.8,25.6,97289,2453664.75,25-OCT-2016,542,INE424C01010,
GIPCL,EQ,93.3,93.85,92.25,93.3,93.0,92.5,40562,3781675.55,25-OCT-2016,755,INE162A01010,
GITANJALI,EQ,80.3,81.4,77.7,79.05,79.05,79.8,1564584,124167084.8,25-OCT-2016,12309,INE346H01014,
GKWLIMITED,EQ,533.3,550.0,533.05,549.9,550.0,531.25,175,95598.05,25-OCT-2016,17,INE528A01020,
GLAXO,EQ,2962.0,2966.65,2933.0,2952.25,2964.8,2961.8,4439,13082078.7,25-OCT-2016,886,INE159A01016,
GLENMARK,EQ,945.0,945.0,925.4,933.6,931.0,934.65,320460,299229816.5,25-OCT-2016,8791,INE935A01035,
GLFL,EQ,2.0,2.0,2.0,2.0,2.0,1.95,17313,34626.0,25-OCT-2016,6,INE540A01017,
GLOBALVECT,EQ,96.8,99.7,92.8,96.2,95.5,96.1,119545,11615922.05,25-OCT-2016,1578,INE792H01019,
GLOBOFFS,EQ,129.2,130.1,127.2,128.2,127.3,129.25,35080,4517174.0,25-OCT-2016,893,INE446C01013,
GLOBUSSPR,EQ,110.0,111.4,107.75,108.45,108.9,109.4,228983,25115181.9,25-OCT-2016,2805,INE615I01010,
GMBREW,EQ,574.7,574.7,560.15,562.2,561.05,570.9,23896,13513224.25,25-OCT-2016,1291,INE075D01018,
GMDCLTD,EQ,107.6,107.8,104.0,106.0,106.5,107.6,548852,58039737.5,25-OCT-2016,5524,INE131A01031,
GMRINFRA,EQ,13.45,13.5,13.1,13.2,13.2,13.4,6194390,82195924.0,25-OCT-2016,3998,INE776C01039,
GNA,EQ,256.0,258.0,248.0,248.85,248.3,254.9,74658,18755670.35,25-OCT-2016,1159,INE934S01014,
GNFC,EQ,282.5,292.0,271.65,282.6,282.0,280.15,4721371,1340598445.6,25-OCT-2016,47802,INE113A01013,
GOACARBON,EQ,126.5,129.35,125.4,125.95,125.4,126.55,70541,8939878.7,25-OCT-2016,866,INE426D01013,
GOCLCORP,EQ,360.0,364.7,342.0,348.75,355.0,358.3,10860,3854325.45,25-OCT-2016,584,INE077F01035,
GODFRYPHLP,EQ,1507.0,1507.0,1455.0,1469.85,1470.0,1499.55,76027,112473750.25,25-OCT-2016,5590,INE260B01028,
GODREJCP,EQ,1605.35,1629.0,1596.05,1622.5,1615.0,1595.9,83803,135594310.25,25-OCT-2016,13386,INE102D01028,
GODREJIND,EQ,452.7,454.9,446.9,448.55,447.35,453.05,74377,33409031.9,25-OCT-2016,2452,INE233A01035,
GODREJPROP,EQ,367.0,368.0,360.6,364.55,365.0,365.65,90909,33121325.6,25-OCT-2016,1763,INE484J01027,
GOKEX,EQ,89.65,89.7,86.0,86.55,86.85,89.05,398740,34916920.8,25-OCT-2016,3042,INE887G01027,
GOKUL,EQ,16.4,16.4,15.4,15.65,15.65,15.95,15166,238354.65,25-OCT-2016,91,INE020J01029,
GOKULAGRO,EQ,20.5,20.5,19.1,19.3,19.15,20.25,36710,714398.9,25-OCT-2016,202,INE314T01025,
GOLDBEES,EQ,2735.0,2736.8,2721.2,2726.9,2723.25,2735.15,14046,38305758.35,25-OCT-2016,1156,INF732E01102,
GOLDENTOBC,EQ,45.0,45.0,43.75,44.05,43.75,45.2,4208,186667.65,25-OCT-2016,54,INE973A01010,
GOLDIAM,EQ,84.6,84.6,79.1,80.6,80.5,83.3,37290,3027162.6,25-OCT-2016,545,INE025B01017,
GOLDINFRA,EQ,23.1,23.65,22.7,22.85,22.75,23.05,23566,547057.9,25-OCT-2016,36,INE260D01016,
GOLDIWIN,EQ,281.9,281.95,276.1,280.5,280.5,279.7,1603,445791.85,25-OCT-2016,43,INF109KB1WF4,
GOLDSHARE,EQ,2714.0,2723.5,2699.95,2701.0,2700.0,2714.35,2585,6988599.8,25-OCT-2016,232,INF789F01059,
GOLDTECH,EQ,6.9,6.9,6.5,6.65,6.65,6.65,14489,95526.85,25-OCT-2016,20,INE805A01014,
GOODLUCK,EQ,115.7,117.0,113.55,114.55,115.0,114.9,46333,5335863.6,25-OCT-2016,448,INE127I01024,
GPIL,EQ,76.9,79.8,76.25,76.95,77.35,76.15,159825,12410333.3,25-OCT-2016,1257,INE177H01013,
GPPL,EQ,169.35,171.0,167.8,169.45,169.7,169.2,172288,29206365.6,25-OCT-2016,2471,INE517F01014,
GPTINFRA,EQ,285.0,285.5,277.0,279.0,280.0,281.3,5314,1501154.75,25-OCT-2016,25,INE390G01014,
GRANULES,EQ,125.95,127.8,123.85,125.0,124.05,125.1,3550697,446390075.5,25-OCT-2016,15457,INE101D01020,
GRAPHITE,EQ,79.55,80.35,78.2,78.55,78.5,79.6,38050,2997334.95,25-OCT-2016,274,INE371A01025,
GRASIM,EQ,974.5,977.0,962.7,972.95,975.0,972.05,580466,563570052.85,25-OCT-2016,6746,INE047A01021,
GRAVITA,EQ,34.0,36.9,33.1,36.7,36.8,33.65,674917,24001910.2,25-OCT-2016,3049,INE024L01027,
GREAVESCOT,EQ,135.0,142.7,134.25,139.0,139.0,133.7,873404,121889738.85,25-OCT-2016,8543,INE224A01026,
GREENFIRE,EQ,1.6,1.7,1.6,1.6,1.6,1.6,54313,89691.9,25-OCT-2016,50,INE217G01027,
GREENLAM,EQ,739.45,740.0,717.1,734.95,736.0,731.9,752,552034.45,25-OCT-2016,72,INE544R01013,
GREENPLY,EQ,287.4,287.4,281.0,283.1,283.0,283.95,43397,12308750.6,25-OCT-2016,1744,INE461C01038,
GREENPOWER,EQ,10.45,10.65,10.15,10.5,10.5,10.3,211449,2204224.9,25-OCT-2016,451,INE999K01014,
GRINDWELL,EQ,329.95,329.95,322.0,324.75,324.95,327.05,5157,1678020.5,25-OCT-2016,312,INE536A01023,
GROBTEA,BE,250.0,250.0,247.0,247.0,247.0,260.0,90,22262.5,25-OCT-2016,6,INE646C01018,
GRPLTD,EQ,1517.05,1521.0,1517.05,1518.0,1518.0,1548.0,73,110870.45,25-OCT-2016,7,INE137I01015,
GRUH,EQ,338.05,341.65,332.0,332.6,332.5,339.45,67605,22688469.35,25-OCT-2016,1619,INE580B01029,
GSCLCEMENT,EQ,32.1,32.1,29.0,29.4,29.5,32.2,430248,12965009.65,25-OCT-2016,1748,INE542A01039,
GSFC,EQ,95.7,95.7,91.6,92.1,92.0,98.45,4932899,460436650.35,25-OCT-2016,22141,INE026A01025,
GSKCONS,EQ,6183.0,6246.65,6082.8,6106.55,6110.0,6209.65,13195,80900712.65,25-OCT-2016,5937,INE264A01014,
GSPL,EQ,166.0,168.15,164.25,166.7,166.4,164.05,624444,103499001.5,25-OCT-2016,5331,INE246F01010,
GSS,EQ,35.6,38.5,35.6,37.35,37.4,35.65,54413,2009124.35,25-OCT-2016,398,INE871H01011,
GTL,EQ,19.0,20.1,18.1,18.6,18.65,19.1,908305,17305317.8,25-OCT-2016,2864,INE043A01012,
GTLINFRA,EQ,5.75,5.75,5.4,5.4,5.4,5.65,4999567,27469209.85,25-OCT-2016,1239,INE221H01019,
GTNIND,EQ,15.5,15.95,14.75,15.05,14.9,15.0,8598,130258.25,25-OCT-2016,38,INE537A01013,
GTNTEX,EQ,18.1,18.1,16.4,16.95,17.0,17.6,8913,152858.65,25-OCT-2016,100,INE302H01017,
GTOFFSHORE,EQ,29.45,29.75,28.65,28.75,28.75,29.35,436442,12752753.55,25-OCT-2016,1951,INE892H01017,
GUFICBIO,EQ,48.65,49.2,45.45,46.2,46.25,48.7,419343,19818080.15,25-OCT-2016,2978,INE742B01025,
GUJALKALI,EQ,361.0,368.8,356.25,365.85,367.0,359.6,340802,123682107.3,25-OCT-2016,8121,INE186A01019,
GUJAPOLLO,EQ,131.1,133.0,130.0,132.05,132.95,131.1,6885,909342.15,25-OCT-2016,40,INE826C01016,
GUJFLUORO,EQ,531.85,532.0,518.0,519.35,519.5,529.75,19048,9959649.0,25-OCT-2016,761,INE538A01037,
GUJGASLTD,EQ,583.65,586.5,573.0,578.2,578.0,580.2,215052,125727690.75,25-OCT-2016,921,INE844O01022,
GUJNRECOKE,EQ,4.1,4.1,3.95,4.0,4.0,4.05,3100982,12417978.5,25-OCT-2016,980,INE110D01013,
GUJNREDVR,EQ,3.6,3.65,3.4,3.5,3.5,3.6,171141,610671.7,25-OCT-2016,110,IN9110D01011,
GULFOILLUB,EQ,752.1,755.0,732.0,743.2,741.5,740.85,5216,3864945.55,25-OCT-2016,328,INE635Q01029,
GULFPETRO,EQ,82.3,82.7,80.5,80.8,80.5,81.55,66666,5440529.2,25-OCT-2016,643,INE586G01017,
GULPOLY,EQ,420.35,428.0,412.0,417.4,417.0,420.35,2541,1061303.25,25-OCT-2016,203,INE255D01016,
GVKPIL,EQ,6.8,6.9,6.75,6.8,6.85,6.8,1396753,9530802.9,25-OCT-2016,637,INE251H01024,
HANUNG,EQ,5.55,5.75,5.4,5.65,5.65,5.5,136993,774217.75,25-OCT-2016,412,INE648H01013,
HARITASEAT,EQ,679.0,680.0,640.2,660.9,661.0,673.8,20110,13328451.7,25-OCT-2016,1822,INE939D01015,
HARRMALAYA,EQ,74.4,74.8,73.5,73.9,74.35,74.4,23218,1716489.45,25-OCT-2016,326,INE544A01019,
HATHWAY,EQ,31.25,31.45,30.85,31.05,31.0,31.15,332972,10365897.15,25-OCT-2016,4535,INE982F01036,
HATSUN,EQ,353.75,354.0,341.05,344.95,345.0,354.15,7789,2688618.55,25-OCT-2016,398,INE473B01035,
HAVELLS,EQ,407.1,411.2,407.1,407.95,407.5,408.0,645015,263639162.6,25-OCT-2016,22707,INE176B01034,
HBLPOWER,EQ,46.7,46.7,44.55,44.85,44.55,46.6,664777,30200727.05,25-OCT-2016,2048,INE292B01021,
HBSTOCK,EQ,17.95,18.5,16.0,17.0,16.75,15.95,198067,3440995.9,25-OCT-2016,698,INE550B01014,
HCC,EQ,37.45,38.1,37.15,37.65,37.45,37.55,4769814,179600519.9,25-OCT-2016,9676,INE549A01026,
HCG,EQ,242.0,243.35,235.0,241.9,241.25,241.3,69617,16631933.05,25-OCT-2016,1502,INE075I01017,
HCL-INSYS,EQ,55.2,55.75,53.35,54.2,54.3,55.2,2746786,149421003.65,25-OCT-2016,10921,INE236A01020,
HCLTECH,EQ,806.75,811.5,802.5,804.55,803.5,810.65,1734565,1397503849.55,25-OCT-2016,78941,INE860A01027,
HDFC,EQ,1344.8,1349.25,1327.5,1340.1,1338.0,1344.0,1051311,1408244258.1,25-OCT-2016,54464,INE001A01036,
HDFCBANK,EQ,1268.0,1268.0,1244.05,1250.3,1247.55,1263.55,1375449,1723734478.35,25-OCT-2016,31031,INE040A01026,
HDFCMFGETF,EQ,2804.95,2809.0,2792.25,2797.25,2797.0,2806.8,1375,3851912.4,25-OCT-2016,198,INF179K01CN1,
HDFCNIFETF,EQ,877.1,878.6,876.99,878.6,878.6,880.33,8,7020.97,25-OCT-2016,4,INF179KB1KP3,
HDFCSENETF,EQ,2855.5,2855.5,2855.5,2855.5,2855.5,2829.0,1,2855.5,25-OCT-2016,1,INF179KB1KQ1,
HDIL,EQ,80.8,80.8,79.3,80.2,80.15,80.75,4343813,348286561.75,25-OCT-2016,13725,INE191I01012,
HEG,EQ,171.5,174.6,171.0,171.7,172.0,172.35,13667,2360569.05,25-OCT-2016,166,INE545A01016,
HEIDELBERG,EQ,142.5,145.0,141.2,143.65,143.3,142.5,127610,18178708.75,25-OCT-2016,1061,INE578A01017,
HERCULES,EQ,182.55,184.25,178.1,180.3,180.6,182.95,31063,5628151.05,25-OCT-2016,763,INE688E01024,
HERITGFOOD,EQ,909.4,927.65,904.2,913.6,908.55,909.4,79007,72432582.15,25-OCT-2016,3443,INE978A01019,
HEROMOTOCO,EQ,3337.0,3365.0,3332.1,3355.55,3363.8,3334.85,469396,1571682706.1,25-OCT-2016,40366,INE158A01026,
HESTERBIO,EQ,760.65,765.0,758.0,762.4,762.0,761.75,4166,3169072.25,25-OCT-2016,129,INE782E01017,
HEXATRADEX,EQ,18.15,20.25,17.6,19.95,20.2,18.05,319095,6233308.6,25-OCT-2016,423,INE750M01017,
HEXAWARE,EQ,197.5,210.5,194.8,202.95,201.85,197.1,5460902,1114940585.7,25-OCT-2016,45926,INE093A01033,
HFCL,EQ,15.7,15.9,15.35,15.4,15.4,15.7,1626173,25227345.4,25-OCT-2016,1718,INE548A01028,
HGS,EQ,575.0,588.0,570.0,572.35,572.1,581.3,18582,10727575.85,25-OCT-2016,1106,INE170I01016,
HIKAL,EQ,224.8,227.0,219.0,220.2,221.0,222.5,90805,20253406.7,25-OCT-2016,1499,INE475B01022,
HIL,EQ,678.9,678.9,663.1,669.0,667.2,678.75,10584,7090726.5,25-OCT-2016,544,INE557A01011,
HILTON,EQ,17.0,17.5,17.0,17.25,17.25,17.0,3693,63662.05,25-OCT-2016,24,INE788H01017,
HIMATSEIDE,EQ,269.35,287.65,269.35,278.15,276.9,272.75,891489,251284547.85,25-OCT-2016,13755,INE049A01027,
HINDALCO,EQ,151.2,152.5,147.65,150.5,150.5,150.85,8898884,1336451235.55,25-OCT-2016,39047,INE038A01020,
HINDCOMPOS,EQ,1909.85,1964.0,1876.7,1934.5,1921.0,1889.8,4526,8720492.4,25-OCT-2016,857,INE310C01011,
HINDCOPPER,EQ,58.5,61.9,58.3,61.35,61.2,58.9,1155329,70168642.55,25-OCT-2016,5069,INE531E01026,
HINDDORROL,EQ,15.9,15.95,15.05,15.6,15.9,15.95,282215,4344003.85,25-OCT-2016,640,INE551A01022,
HINDMOTORS,EQ,9.6,10.6,9.5,10.4,10.5,9.7,5003710,51019524.9,25-OCT-2016,5351,INE253A01025,
HINDNATGLS,EQ,106.0,107.3,106.0,107.3,107.3,107.3,229,24439.2,25-OCT-2016,7,INE952A01022,
HINDOILEXP,EQ,63.6,65.5,62.75,63.55,63.5,63.6,1890828,121104277.35,25-OCT-2016,7271,INE345A01011,
HINDPETRO,EQ,457.0,464.0,451.55,463.0,462.5,457.2,2516682,1155308222.85,25-OCT-2016,41064,INE094A01015,
HINDSYNTEX,EQ,15.15,15.15,13.75,13.95,13.8,15.15,14958,210016.55,25-OCT-2016,55,INE155B01012,
HINDUJAFO,EQ,35.0,35.3,34.35,34.85,35.2,34.85,3219,112042.95,25-OCT-2016,70,INE291F01016,
HINDUJAVEN,EQ,537.9,538.0,522.0,526.75,525.3,533.2,7105,3752233.95,25-OCT-2016,320,INE353A01023,
HINDUNILVR,EQ,847.1,849.8,829.55,832.35,831.5,848.35,1925999,1613439156.7,25-OCT-2016,48092,INE030A01027,
HINDZINC,EQ,254.0,257.8,251.3,254.65,253.6,253.25,2220816,565951323.6,25-OCT-2016,24645,INE267A01025,
HIRECT,EQ,93.9,94.05,92.25,92.55,92.55,92.0,2363,221477.55,25-OCT-2016,29,INE835D01023,
HITECHGEAR,EQ,383.55,394.0,379.0,385.35,384.0,378.95,51801,19991249.65,25-OCT-2016,2485,INE127B01011,
HITECHPLAS,EQ,210.0,214.0,206.25,208.3,208.9,212.1,19403,4067483.8,25-OCT-2016,449,INE120D01012,
HMT,BE,41.35,41.35,40.05,40.6,40.2,41.2,11624,473437.75,25-OCT-2016,70,INE262A01018,
HMVL,EQ,305.85,305.85,300.3,302.7,301.5,302.95,17694,5345306.65,25-OCT-2016,318,INE871K01015,
HNGSNGBEES,EQ,2033.1,2033.1,2000.5,2000.5,2000.5,2018.02,19,38042.1,25-OCT-2016,4,INF732E01227,
HOCL,EQ,26.1,26.55,24.1,26.1,25.95,26.15,471013,12158967.55,25-OCT-2016,2291,INE048A01011,
HONAUT,EQ,9001.0,9034.0,8735.0,8849.15,8900.0,9046.8,9156,81046835.25,25-OCT-2016,364,INE671A01010,
HONDAPOWER,EQ,1524.0,1537.0,1503.6,1521.15,1530.0,1524.0,2564,3897686.65,25-OCT-2016,264,INE634A01018,
HOTELEELA,EQ,18.4,18.4,17.8,18.2,18.15,18.2,159605,2900120.9,25-OCT-2016,442,INE102A01024,
HOTELRUGBY,EQ,5.9,6.35,5.8,6.2,6.3,5.9,17793,106987.65,25-OCT-2016,49,INE275F01019,
HOVS,EQ,115.65,129.35,112.85,121.7,122.7,114.8,499756,62063058.75,25-OCT-2016,6698,INE596H01014,
HPL,EQ,185.2,186.95,182.4,183.15,182.8,184.95,132849,24514495.35,25-OCT-2016,2090,INE495S01016,
HSCL,EQ,45.7,47.4,44.75,46.85,47.3,45.65,1058615,48842000.95,25-OCT-2016,3170,INE019C01026,
HSIL,EQ,350.25,352.3,345.0,347.6,347.0,350.25,29087,10107193.75,25-OCT-2016,605,INE415A01038,
HTMEDIA,EQ,91.65,93.2,90.2,91.4,90.7,91.65,72926,6659323.15,25-OCT-2016,845,INE501G01024,
HUBTOWN,EQ,89.95,106.5,89.95,106.5,106.5,88.75,103517,10638127.3,25-OCT-2016,1363,INE703H01016,
IBREALEST,EQ,86.3,86.3,84.7,85.75,86.0,86.5,3710126,317257064.9,25-OCT-2016,10417,INE069I01010,
IBULHSGFIN,EQ,870.0,874.95,861.25,868.05,867.75,871.6,687026,594782172.4,25-OCT-2016,28179,INE148I01020,
IBVENTURES,EQ,26.8,26.85,26.25,26.35,26.35,26.6,263610,6968378.2,25-OCT-2016,667,INE274G01010,
IBWSL,EQ,23.3,23.7,23.1,23.3,23.5,23.5,62515,1463982.45,25-OCT-2016,249,INE126M01010,
ICICIBANK,EQ,289.2,291.6,284.6,289.25,290.3,284.55,22809701,6563738125.9,25-OCT-2016,150750,INE090A01021,
ICICIPRULI,EQ,324.4,328.0,323.15,324.15,323.5,323.9,964425,314083384.8,25-OCT-2016,14795,INE726G01019,
ICIL,EQ,782.0,823.9,774.3,820.0,821.0,776.9,409586,327781926.95,25-OCT-2016,10947,INE483B01018,
ICRA,EQ,4156.45,4226.05,4156.45,4213.0,4202.0,4172.3,12313,51729415.8,25-OCT-2016,2688,INE725G01011,
ICSA,EQ,3.5,3.7,3.35,3.55,3.6,3.45,116526,415732.25,25-OCT-2016,198,INE306B01029,
IDBI,EQ,76.55,77.55,73.05,74.3,74.15,76.55,10204827,765015323.5,25-OCT-2016,35940,INE008A01015,
IDBIGOLD,EQ,2824.0,2834.0,2776.0,2788.8,2783.1,2781.0,66,183924.7,25-OCT-2016,30,INF397L01554,
IDEA,EQ,74.05,76.95,74.05,75.3,75.2,76.8,20412117,1537603064.45,25-OCT-2016,61672,INE669E01016,
IDFC,EQ,70.0,70.25,68.3,68.55,68.65,69.85,2290316,158477996.2,25-OCT-2016,8162,INE043D01016,
IDFCBANK,EQ,78.45,79.8,77.55,78.25,78.0,78.25,11466852,902501665.1,25-OCT-2016,30929,INE092T01019,
IDFNIFTYET,EQ,87.05,87.05,86.67,86.67,86.67,86.6,200,17372.0,25-OCT-2016,2,INF194KA1U07,
IFBAGRO,EQ,416.95,416.95,405.65,415.15,416.0,411.2,13312,5477594.6,25-OCT-2016,341,INE076C01018,
IFBIND,EQ,509.95,512.0,495.0,506.6,505.05,505.55,23158,11689365.25,25-OCT-2016,928,INE559A01017,
IFCI,EQ,26.8,26.95,26.45,26.8,26.9,26.75,3924455,104849834.35,25-OCT-2016,7131,INE039A01010,
IFGLREFRAC,EQ,162.85,166.6,160.0,160.65,160.0,161.9,46255,7563982.4,25-OCT-2016,628,INE023B01012,
IGARASHI,EQ,811.95,828.9,805.5,810.35,813.25,809.7,61059,50013592.3,25-OCT-2016,1550,INE188B01013,
IGL,EQ,863.5,872.1,860.6,865.15,865.0,865.2,745157,645162572.3,25-OCT-2016,13011,INE203G01019,
IGPL,EQ,233.45,239.9,225.6,233.5,234.0,233.45,73560,17195646.45,25-OCT-2016,1971,INE204A01010,
IIFL,EQ,286.6,290.0,281.0,287.35,288.25,283.6,88034,25265072.35,25-OCT-2016,1351,INE530B01024,
IITL,EQ,72.55,75.45,72.55,74.05,75.45,74.0,1050,77700.0,25-OCT-2016,3,INE886A01014,
IL&FSENGG,EQ,54.5,54.5,53.5,54.1,54.0,54.3,46343,2504607.05,25-OCT-2016,409,INE369I01014,
IL&FSTRANS,EQ,113.25,116.8,109.15,115.75,114.8,113.45,910351,103465869.25,25-OCT-2016,8221,INE975G01012,
IMFA,EQ,373.0,382.8,355.0,362.75,358.75,369.4,318450,117537366.5,25-OCT-2016,9024,INE919H01018,
IMPAL,EQ,870.0,870.0,853.0,857.5,855.0,867.8,859,739477.7,25-OCT-2016,79,INE547E01014,
IMPEXFERRO,EQ,1.45,1.5,1.45,1.5,1.5,1.45,49417,73613.0,25-OCT-2016,26,INE691G01015,
INDBANK,EQ,13.65,13.65,13.1,13.35,13.5,13.3,46399,617802.5,25-OCT-2016,116,INE841B01017,
INDHOTEL,EQ,127.45,127.8,124.1,125.5,126.0,129.35,796264,99939872.15,25-OCT-2016,7138,INE053A01029,
INDIACEM,EQ,158.0,159.0,155.25,158.5,158.5,156.7,2391423,375991894.8,25-OCT-2016,14990,INE383A01012,
INDIAGLYCO,EQ,142.0,142.9,137.75,141.2,141.55,140.35,126887,17867435.0,25-OCT-2016,1663,INE560A01015,
INDIANB,EQ,231.35,231.85,225.1,227.9,227.15,229.85,175318,40042605.25,25-OCT-2016,3125,INE562A01011,
INDIANCARD,EQ,249.0,251.5,245.0,248.6,249.0,250.6,2704,673783.85,25-OCT-2016,101,INE061A01014,
INDIANHUME,EQ,851.0,879.5,851.0,862.0,862.0,861.6,32842,28409562.6,25-OCT-2016,2387,INE323C01030,
INDIGO,EQ,932.0,940.0,923.0,925.5,926.0,931.95,72409,67309471.3,25-OCT-2016,2853,INE646L01027,
INDLMETER,EQ,96.3,96.3,95.0,96.0,96.0,95.65,4510,429211.25,25-OCT-2016,23,INE065B01013,
INDNIPPON,EQ,668.0,695.0,636.0,639.6,637.95,653.4,53915,35549763.35,25-OCT-2016,2768,INE092B01017,
INDOCO,EQ,306.65,306.75,295.0,299.3,299.85,305.45,22892,6870536.55,25-OCT-2016,825,INE873D01024,
INDORAMA,EQ,38.65,39.0,37.6,38.45,38.6,38.6,152637,5853308.2,25-OCT-2016,803,INE156A01020,
INDOSOLAR,EQ,7.4,7.5,7.25,7.4,7.4,7.3,356701,2637491.7,25-OCT-2016,395,INE866K01015,
INDOTECH,EQ,266.0,268.0,255.6,258.0,259.0,265.65,22022,5769813.0,25-OCT-2016,1043,INE332H01014,
INDOTHAI,EQ,23.4,23.8,23.35,23.75,23.75,24.2,7362,173077.95,25-OCT-2016,36,INE337M01013,
INDOWIND,BE,4.6,4.6,4.3,4.4,4.4,4.5,92098,397751.35,25-OCT-2016,97,INE227G01018,
INDRAMEDCO,EQ,58.75,60.0,57.2,59.65,59.7,58.3,267900,15772702.5,25-OCT-2016,3026,INE681B01017,
INDSWFTLAB,EQ,42.9,42.9,41.3,41.75,42.0,41.75,59521,2484129.5,25-OCT-2016,408,INE915B01019,
INDSWFTLTD,EQ,7.85,7.95,7.5,7.55,7.5,7.8,33805,259920.95,25-OCT-2016,76,INE788B01028,
INDTERRAIN,EQ,159.8,162.0,154.1,159.6,161.5,159.4,59771,9530691.9,25-OCT-2016,1931,INE611L01021,
INDUSINDBK,EQ,1216.0,1219.8,1204.85,1209.3,1205.15,1216.35,1022585,1239398665.85,25-OCT-2016,24847,INE095A01012,
INEOSSTYRO,EQ,653.95,653.95,640.0,645.95,648.0,648.0,3901,2521630.15,25-OCT-2016,287,INE189B01011,
INFIBEAM,EQ,852.0,870.0,821.0,864.75,863.0,859.6,353418,304522322.7,25-OCT-2016,7019,INE483S01012,
INFINITE,EQ,235.0,238.5,234.35,237.0,237.0,234.9,25001,5912715.15,25-OCT-2016,730,INE486J01014,
INFOMEDIA,EQ,4.85,5.6,4.85,5.4,5.5,5.1,126805,660271.2,25-OCT-2016,205,INE669A01022,
INFRATEL,EQ,380.0,384.9,369.5,379.35,378.85,369.8,12096587,4552717149.9,25-OCT-2016,40061,INE121J01017,
INFY,EQ,1036.5,1038.9,1015.2,1017.2,1017.35,1027.1,2818007,2881233443.15,25-OCT-2016,80752,INE009A01021,
INGERRAND,EQ,729.95,735.5,721.7,723.45,724.8,726.45,32425,23662284.65,25-OCT-2016,1019,INE177A01018,
INOXLEISUR,EQ,270.2,272.7,268.95,269.95,269.95,268.85,76485,20701922.4,25-OCT-2016,1042,INE312H01016,
INOXWIND,EQ,225.0,225.4,218.25,219.9,219.5,224.1,182883,40382129.4,25-OCT-2016,2686,INE066P01011,
INSECTICID,EQ,485.65,490.45,484.2,485.75,487.6,491.6,4369,2125242.4,25-OCT-2016,208,INE070I01018,
INTELLECT,EQ,181.9,182.6,177.85,179.3,179.7,181.2,186273,33484438.15,25-OCT-2016,2844,INE306R01017,
INVENTURE,EQ,18.05,18.45,18.0,18.05,18.0,18.0,137938,2486950.95,25-OCT-2016,160,INE878H01016,
IOB,EQ,25.8,25.8,25.55,25.7,25.75,25.7,965741,24804141.45,25-OCT-2016,5057,INE565A01014,
IOC,EQ,328.4,328.65,323.65,326.9,327.45,327.25,2502881,816121115.05,25-OCT-2016,34573,INE242A01010,
IOLCP,EQ,133.5,133.95,129.5,131.2,129.5,133.35,54326,7139930.6,25-OCT-2016,571,INE485C01011,
IPAPPM,EQ,317.0,317.0,312.5,314.7,315.0,315.75,29676,9352289.7,25-OCT-2016,525,INE435A01028,
IPCALAB,EQ,634.0,644.0,630.1,632.65,631.0,633.15,47805,30349969.4,25-OCT-2016,2078,INE571A01020,
IRB,EQ,251.0,251.8,245.5,246.55,246.0,251.0,544356,134742843.75,25-OCT-2016,6954,INE821I01014,
ISFT,EQ,500.0,530.0,492.0,511.8,512.0,506.8,88329,45612230.55,25-OCT-2016,2866,INE566K01011,
ISMTLTD,EQ,10.9,11.1,10.7,10.9,10.9,10.65,142718,1559978.15,25-OCT-2016,345,INE732F01019,
ITC,EQ,242.9,242.9,238.15,238.75,238.9,241.35,5948249,1428789510.55,25-OCT-2016,40695,INE154A01025,
ITDCEM,EQ,146.9,147.0,141.55,143.7,143.45,144.6,101766,14729167.15,25-OCT-2016,1873,INE686A01026,
ITI,EQ,30.5,30.9,30.1,30.2,30.2,30.7,419347,12756876.0,25-OCT-2016,2377,INE248A01017,
IVC,EQ,16.15,16.15,15.75,15.85,15.85,16.0,264992,4199546.05,25-OCT-2016,430,INE050B01023,
IVP,EQ,147.0,147.8,140.5,141.9,142.0,143.85,27031,3870227.55,25-OCT-2016,588,INE043C01018,
IVRCLINFRA,EQ,5.0,5.05,4.8,4.9,4.9,4.95,1190112,5837821.5,25-OCT-2016,498,INE875A01025,
IVZINGOLD,EQ,2741.1,2790.0,2721.05,2788.1,2790.0,2758.8,13,35923.05,25-OCT-2016,10,INF205K01361,
IZMO,EQ,53.25,53.85,52.5,52.6,52.75,53.25,17440,922489.65,25-OCT-2016,180,INE848A01014,
J&KBANK,EQ,69.65,69.65,68.0,68.7,68.55,69.2,733972,50408114.65,25-OCT-2016,3646,INE168A01041,
JAGRAN,EQ,203.5,203.5,198.2,198.95,198.65,201.9,93744,18749782.45,25-OCT-2016,2526,INE199G01027,
JAGSNPHARM,EQ,40.9,41.5,40.8,41.0,41.0,41.2,11264,463503.7,25-OCT-2016,84,INE048B01027,
JAIBALAJI,EQ,11.7,12.1,11.5,11.95,12.1,11.65,11857,139426.0,25-OCT-2016,38,INE091G01018,
JAICORPLTD,EQ,73.2,74.5,72.3,74.05,74.3,73.15,653371,47976599.25,25-OCT-2016,3219,INE070D01027,
JAIHINDPRO,EQ,6.55,6.55,6.5,6.5,6.5,6.3,8900,57850.5,25-OCT-2016,10,INE343D01010,
JAMNAAUTO,EQ,229.65,229.65,224.75,226.25,227.5,228.9,109613,24846654.05,25-OCT-2016,2452,INE039C01024,
JAYAGROGN,EQ,457.75,471.0,453.05,460.05,458.0,456.0,134114,61968686.5,25-OCT-2016,5015,INE785A01026,
JAYBARMARU,EQ,331.0,359.95,323.3,344.9,349.25,336.15,797175,276759790.85,25-OCT-2016,18852,INE571B01028,
JAYNECOIND,EQ,8.8,9.3,8.5,8.65,8.55,8.65,315646,2788892.95,25-OCT-2016,567,INE854B01010,
JAYSREETEA,EQ,104.3,104.85,103.3,104.1,104.0,104.0,36593,3806064.25,25-OCT-2016,333,INE364A01020,
JBCHEPHARM,EQ,399.4,399.4,384.3,386.55,387.9,394.7,84308,32836286.0,25-OCT-2016,2000,INE572A01028,
JBFIND,EQ,247.0,248.4,238.55,239.65,240.0,246.55,88649,21490581.7,25-OCT-2016,1410,INE187A01017,
JBMA,EQ,296.7,304.75,286.95,291.45,292.35,296.3,425660,126212454.1,25-OCT-2016,9482,INE927D01028,
JCHAC,EQ,1540.0,1548.0,1512.0,1526.1,1539.9,1554.4,7160,10935795.4,25-OCT-2016,1153,INE782A01015,
JENSONICOL,EQ,10.05,10.15,9.8,9.9,9.9,10.1,48920,485734.35,25-OCT-2016,183,INE819B01021,
JETAIRWAYS,EQ,473.0,478.0,462.4,464.85,465.55,471.85,1379357,646441060.25,25-OCT-2016,18934,INE802G01018,
JHS,EQ,36.9,37.7,36.0,37.2,37.6,36.35,141215,5221532.85,25-OCT-2016,716,INE544H01014,
JINDALPHOT,EQ,89.15,90.05,86.05,88.9,88.9,89.8,5374,478829.1,25-OCT-2016,106,INE796G01012,
JINDALPOLY,EQ,431.45,441.0,426.25,432.55,431.1,431.5,47405,20562752.85,25-OCT-2016,1922,INE197D01010,
JINDALSAW,EQ,66.4,66.4,64.3,65.3,65.6,65.95,482834,31532619.8,25-OCT-2016,2197,INE324A01024,
JINDALSTEL,EQ,78.0,78.8,76.35,76.8,76.5,76.95,8460224,657131968.25,25-OCT-2016,22005,INE749A01030,
JINDCOT,EQ,19.1,19.45,18.5,18.9,18.75,19.25,49661,946375.7,25-OCT-2016,193,INE904J01016,
JINDRILL,EQ,209.0,209.45,203.0,203.75,203.0,206.85,62713,12957944.25,25-OCT-2016,1391,INE742C01031,
JINDWORLD,EQ,187.85,187.85,168.0,181.05,184.6,181.3,1275,227725.3,25-OCT-2016,54,INE247D01013,
JISLDVREQS,EQ,62.5,62.5,60.55,60.7,60.55,61.85,28509,1740133.95,25-OCT-2016,251,IN9175A01010,
JISLJALEQS,EQ,106.25,106.5,103.75,105.0,104.8,106.2,3667285,385157772.7,25-OCT-2016,15815,INE175A01038,
JKCEMENT,EQ,947.05,948.35,932.2,937.0,935.0,938.4,5045,4737551.55,25-OCT-2016,542,INE823G01014,
JKIL,EQ,217.4,223.9,214.55,218.5,219.0,214.4,703685,152979130.15,25-OCT-2016,7397,INE576I01022,
JKLAKSHMI,EQ,506.0,509.0,494.05,500.45,500.0,506.15,51467,25846960.45,25-OCT-2016,3303,INE786A01032,
JKPAPER,EQ,83.8,85.9,83.7,84.45,84.75,83.25,1178668,99823456.05,25-OCT-2016,7553,INE789E01012,
JKTYRE,EQ,149.55,149.7,146.4,147.45,147.0,148.6,972574,144111854.7,25-OCT-2016,9168,INE573A01042,
JMA,EQ,202.4,205.0,202.0,204.5,202.75,202.2,1513,307797.05,25-OCT-2016,34,INE412C01015,
JMCPROJECT,EQ,256.0,258.85,253.05,255.75,256.75,257.8,6487,1660070.5,25-OCT-2016,336,INE890A01016,
JMFINANCIL,EQ,84.35,86.3,81.7,84.85,84.9,83.85,1472113,124240757.2,25-OCT-2016,7527,INE780C01023,
JMTAUTOLTD,EQ,26.0,29.1,25.8,28.6,28.5,25.75,2443953,68789768.2,25-OCT-2016,4960,INE988E01036,
JOCIL,EQ,225.5,228.9,225.0,226.95,226.8,226.4,2559,580053.8,25-OCT-2016,49,INE839G01010,
JPASSOCIAT,EQ,11.6,11.6,11.3,11.4,11.4,11.5,18791878,214679183.9,25-OCT-2016,5937,INE455F01025,
JPINFRATEC,EQ,8.95,9.0,8.55,8.75,8.8,8.9,1902123,16587025.1,25-OCT-2016,1247,INE099J01015,
JPOLYINVST,EQ,94.4,94.4,92.05,92.95,92.7,94.45,2528,235651.95,25-OCT-2016,30,INE147P01019,
JPPOWER,EQ,4.65,4.7,4.5,4.6,4.6,4.6,1454666,6700072.5,25-OCT-2016,741,INE351F01018,
JSL,EQ,40.9,41.5,39.25,39.85,40.0,41.35,671599,27140009.1,25-OCT-2016,2256,INE220G01021,
JSLHISAR,EQ,104.6,105.7,98.2,99.65,99.75,105.35,679372,68552103.1,25-OCT-2016,5909,INE455T01018,
JSWENERGY,EQ,71.0,71.2,69.0,70.0,70.1,70.75,2446309,171337858.85,25-OCT-2016,5947,INE121E01018,
JSWHL,EQ,1268.5,1280.0,1248.0,1260.5,1262.0,1267.55,4536,5724022.8,25-OCT-2016,395,INE824G01012,
JSWSTEEL,EQ,1714.9,1729.0,1696.0,1709.4,1705.0,1711.7,695362,1191861334.05,25-OCT-2016,21460,INE019A01020,
JUBILANT,EQ,690.0,693.0,684.55,688.15,688.6,687.25,349421,240611876.3,25-OCT-2016,7034,INE700A01033,
JUBLFOOD,EQ,1109.9,1163.5,1094.15,1147.05,1160.4,1107.05,571511,643483876.35,25-OCT-2016,20876,INE797F01012,
JUBLINDS,EQ,215.8,216.7,210.3,212.15,212.0,214.1,15832,3383074.15,25-OCT-2016,400,INE645L01011,
JUNIORBEES,EQ,239.88,239.88,237.1,238.36,238.0,237.56,2931,699426.41,25-OCT-2016,97,INF732E01045,
JUSTDIAL,EQ,449.95,450.9,443.05,448.2,447.0,449.45,438224,196249202.05,25-OCT-2016,7312,INE599M01018,
JYOTHYLAB,EQ,361.0,366.9,351.85,356.9,355.0,360.05,90074,32185181.35,25-OCT-2016,2536,INE668F01031,
JYOTISTRUC,EQ,13.5,13.5,13.0,13.1,13.15,13.35,225178,2966676.5,25-OCT-2016,627,INE197A01024,
KABRAEXTRU,EQ,136.0,137.45,135.65,135.95,135.85,136.2,5650,769045.45,25-OCT-2016,58,INE900B01029,
KAJARIACER,EQ,620.9,623.0,595.0,596.4,596.3,619.85,333677,200983915.2,25-OCT-2016,11018,INE217B01036,
KAKATCEM,EQ,393.8,396.0,388.0,388.65,388.0,391.3,30701,12014835.05,25-OCT-2016,924,INE437B01014,
KALINDEE,EQ,115.1,116.85,115.0,115.25,115.2,116.6,55424,6404246.6,25-OCT-2016,577,INE178D01010,
KALPATPOWR,EQ,260.9,261.0,253.25,254.4,254.9,257.15,35026,8976005.25,25-OCT-2016,4321,INE220B01022,
KALYANIFRG,BE,304.0,304.0,289.0,300.0,300.0,304.0,87,26082.0,25-OCT-2016,8,INE314G01014,
KAMATHOTEL,EQ,36.0,36.0,34.7,35.1,35.15,35.25,8475,295669.55,25-OCT-2016,478,INE967C01018,
KAMDHENU,EQ,81.0,81.0,78.3,79.3,79.75,79.95,49317,3917883.9,25-OCT-2016,704,INE390H01012,
KANANIIND,EQ,24.35,24.35,22.7,23.25,23.35,23.1,113494,2636598.45,25-OCT-2016,549,INE879E01037,
KANORICHEM,EQ,85.1,91.9,85.0,90.5,90.55,84.55,1286064,115511105.65,25-OCT-2016,10932,INE138C01024,
KANSAINER,EQ,375.15,379.0,369.05,371.3,372.2,375.15,245692,91542066.8,25-OCT-2016,6369,INE531A01024,
KARMAENG,EQ,35.5,37.4,35.2,37.4,37.4,34.0,73962,2723002.95,25-OCT-2016,279,INE725L01011,
KARURVYSYA,EQ,503.9,503.9,497.1,500.0,499.8,499.65,214960,107646098.45,25-OCT-2016,4619,INE036D01010,
KAUSHALYA,EQ,5.35,5.45,5.05,5.1,5.05,5.3,67336,351526.7,25-OCT-2016,67,INE234I01010,
KAVVERITEL,EQ,14.15,14.15,13.3,13.7,13.5,13.65,1025,14033.6,25-OCT-2016,16,INE641C01019,
KAYA,EQ,902.0,925.95,901.0,904.05,904.95,911.35,11084,10086233.8,25-OCT-2016,915,INE587G01015,
KCP,EQ,113.95,114.0,111.6,111.95,111.7,113.4,87080,9795985.3,25-OCT-2016,627,INE805C01028,
KCPSUGIND,EQ,31.25,32.0,31.0,31.15,31.2,31.3,192006,6013850.1,25-OCT-2016,704,INE790B01024,
KDDL,EQ,234.5,244.9,230.15,236.1,237.9,237.35,6952,1633182.05,25-OCT-2016,150,INE291D01011,
KEC,EQ,126.9,130.35,126.25,127.6,127.3,126.65,416541,53374464.2,25-OCT-2016,4622,INE389H01022,
KECL,EQ,70.9,73.65,67.8,70.95,71.35,70.35,998417,71579948.2,25-OCT-2016,5477,INE134B01017,
KEI,EQ,118.6,120.05,118.6,119.05,119.0,119.9,82722,9874094.8,25-OCT-2016,1438,INE878B01027,
KELLTONTEC,EQ,116.95,117.4,110.0,110.7,110.8,116.0,194206,21709597.3,25-OCT-2016,2656,INE164B01022,
KERNEX,BE,40.05,40.9,40.05,40.4,40.4,40.7,1977,80010.95,25-OCT-2016,21,INE202H01019,
KESARENT,EQ,51.95,52.75,49.6,50.6,50.65,52.05,7068,358098.7,25-OCT-2016,101,INE133B01019,
KESORAMIND,EQ,175.9,179.8,173.65,174.95,174.1,175.7,847248,149463019.0,25-OCT-2016,6937,INE087A01019,
KGL,EQ,1.75,1.95,1.6,1.9,1.9,1.75,6586114,12144901.25,25-OCT-2016,931,INE299C01024,
KHAITANELE,EQ,36.0,36.0,33.5,33.9,33.75,34.4,5106,173074.25,25-OCT-2016,48,INE761A01019,
KHANDSE,EQ,17.05,17.95,17.05,17.95,17.95,17.85,74,1306.7,25-OCT-2016,2,INE060B01014,
KICL,EQ,1376.0,1390.0,1351.0,1370.6,1370.0,1376.7,877,1206384.2,25-OCT-2016,104,INE029L01018,
KILITCH,EQ,46.3,48.05,46.05,46.95,47.1,47.05,11261,534971.55,25-OCT-2016,123,INE729D01010,
KIRIINDUS,EQ,346.5,348.6,334.8,337.35,336.9,345.6,528408,180213201.2,25-OCT-2016,7069,INE415I01015,
KIRLOSBROS,EQ,175.95,177.8,173.55,174.65,175.0,173.95,31912,5601923.45,25-OCT-2016,600,INE732A01036,
KIRLOSENG,EQ,351.45,353.5,343.5,350.0,350.0,349.9,84657,29622258.55,25-OCT-2016,913,INE146L01010,
KIRLOSIND,EQ,899.5,925.0,857.0,901.2,909.0,874.35,1459,1320491.5,25-OCT-2016,194,INE250A01039,
KITEX,EQ,515.85,525.7,510.0,516.9,515.1,514.8,168803,87615007.85,25-OCT-2016,5800,INE602G01020,
KKCL,EQ,1882.4,1919.0,1865.0,1877.4,1865.0,1882.7,213,402626.9,25-OCT-2016,31,INE401H01017,
KMSUGAR,EQ,25.75,27.0,25.3,26.8,27.0,25.75,1489188,39280976.05,25-OCT-2016,2065,INE157H01023,
KNRCON,EQ,769.1,781.2,769.1,774.05,775.0,775.35,1748,1354200.0,25-OCT-2016,184,INE634I01011,
KOHINOOR,EQ,57.4,57.6,56.25,56.95,56.85,56.8,148194,8416257.65,25-OCT-2016,1310,INE080B01012,
KOKUYOCMLN,EQ,89.8,90.9,84.65,87.8,87.55,89.0,133234,11712712.9,25-OCT-2016,1350,INE760A01029,
KOLTEPATIL,EQ,130.35,131.1,127.0,128.05,128.0,129.9,35484,4557508.7,25-OCT-2016,679,INE094I01018,
KOPRAN,EQ,62.8,63.1,61.2,61.55,61.6,62.55,358362,22267474.25,25-OCT-2016,1951,INE082A01010,
KOTAKBANK,EQ,789.95,793.0,780.55,786.55,785.0,787.35,3267465,2573952215.15,25-OCT-2016,32313,INE237A01028,
KOTAKBKETF,EQ,201.76,202.0,200.0,200.98,200.99,202.88,1356655,271878515.8,25-OCT-2016,297,INF174K01F59,
KOTAKGOLD,EQ,275.05,277.6,273.05,276.75,276.55,275.0,11535,3172063.35,25-OCT-2016,302,INF373I01049,
KOTAKNIFTY,EQ,883.0,883.0,878.0,881.85,882.0,881.34,3769,3315306.91,25-OCT-2016,132,INF174K01518,
KOTAKNV20,EQ,38.5,38.7,38.3,38.3,38.3,38.4,512,19643.6,25-OCT-2016,7,INF174K01Z71,
KOTAKPSUBK,EQ,332.0,334.0,329.0,330.0,330.0,333.01,2160,714734.5,25-OCT-2016,43,INF373I01023,
KOTARISUG,EQ,15.9,16.15,15.55,15.7,15.8,15.9,57155,903375.75,25-OCT-2016,208,INE419A01022,
KOTHARIPET,EQ,26.4,26.6,26.0,26.25,26.35,26.4,20486,538560.55,25-OCT-2016,91,INE720A01015,
KOTHARIPRO,EQ,177.15,214.2,177.15,214.2,214.2,178.5,306713,63124738.05,25-OCT-2016,7453,INE823A01017,
KPIT,EQ,142.65,147.0,142.3,146.25,146.3,142.4,2212072,321173286.0,25-OCT-2016,22761,INE836A01035,
KPRMILL,EQ,1176.0,1200.0,1159.6,1172.35,1176.0,1189.1,18913,22279337.15,25-OCT-2016,1854,INE930H01015,
KRBL,EQ,247.3,248.95,246.5,246.75,246.95,247.2,53250,13185737.35,25-OCT-2016,726,INE001B01026,
KRIDHANINF,EQ,65.3,65.3,63.2,63.9,63.5,64.4,134366,8624218.35,25-OCT-2016,1016,INE524L01026,
KSBPUMPS,EQ,594.8,597.0,574.5,584.3,586.0,589.35,17904,10497112.6,25-OCT-2016,1182,INE999A01015,
KSCL,EQ,441.4,442.5,423.0,440.5,442.0,442.2,1007070,437755800.3,25-OCT-2016,14173,INE455I01029,
KSERASERA,EQ,0.2,0.25,0.15,0.2,0.2,0.2,554854,116250.3,25-OCT-2016,53,INE216D01026,
KSK,EQ,26.45,26.5,26.2,26.3,26.25,26.35,64111,1691739.45,25-OCT-2016,451,INE143H01015,
KSL,EQ,327.9,332.0,322.0,323.05,323.8,323.05,196998,64286042.25,25-OCT-2016,4575,INE907A01026,
KTIL,EQ,252.95,252.95,247.0,250.15,250.05,250.6,8344,2085906.4,25-OCT-2016,324,INE096L01025,
KTKBANK,EQ,129.0,129.85,126.75,127.35,127.3,128.3,1515461,193512485.1,25-OCT-2016,7424,INE614B01018,
KWALITY,EQ,148.0,149.9,145.1,145.95,146.3,147.8,441744,65165833.8,25-OCT-2016,5225,INE775B01025,
L&TFH,EQ,102.3,103.6,100.8,102.85,102.6,101.75,5614952,573177842.75,25-OCT-2016,26542,INE498L01015,
LAKPRE,EQ,42.6,42.95,42.6,42.95,42.95,43.4,1000,42755.0,25-OCT-2016,5,INE651C01018,
LAKSHMIEFL,EQ,59.05,64.8,58.6,63.2,62.75,58.85,2317402,144171126.2,25-OCT-2016,7653,INE992B01026,
LAKSHVILAS,EQ,154.7,154.95,151.0,151.65,151.2,152.75,200059,30486046.75,25-OCT-2016,3319,INE694C01018,
LALPATHLAB,EQ,1184.0,1188.75,1144.05,1150.7,1148.1,1180.0,59834,69640608.5,25-OCT-2016,4351,INE600L01024,
LAMBODHARA,EQ,96.8,96.8,94.1,94.55,94.3,93.8,17544,1661319.45,25-OCT-2016,259,INE112F01022,
LAOPALA,EQ,563.35,563.35,551.05,558.35,559.5,558.6,16122,8992306.2,25-OCT-2016,1232,INE059D01020,
LAXMIMACH,EQ,4570.0,4666.5,4533.2,4604.05,4600.0,4556.9,33057,152092231.8,25-OCT-2016,3705,INE269B01029,
LCCINFOTEC,EQ,0.35,0.35,0.35,0.35,0.35,0.35,5000,1750.0,25-OCT-2016,2,INE938A01021,
LFIC,BE,45.7,47.8,45.7,47.8,47.8,47.5,211,9660.3,25-OCT-2016,7,INE850E01012,
LGBBROSLTD,EQ,672.0,705.15,652.25,681.45,681.0,670.55,82214,55788838.2,25-OCT-2016,4858,INE337A01034,
LGBFORGE,EQ,7.3,7.3,7.0,7.0,7.0,7.15,192353,1362104.45,25-OCT-2016,278,INE201J01017,
LIBERTSHOE,EQ,170.05,171.8,167.1,167.95,168.0,170.95,30121,5085678.65,25-OCT-2016,876,INE557B01019,
LICHSGFIN,EQ,603.0,605.0,595.5,597.85,597.3,602.8,1460675,873251751.6,25-OCT-2016,41408,INE115A01026,
LICNETFGSC,EQ,15.8,16.19,15.8,16.18,16.18,16.41,32,517.2,25-OCT-2016,3,INF767K01MV5,
LICNETFN50,EQ,88.1,88.1,88.1,88.1,88.1,87.6,1,88.1,25-OCT-2016,1,INF767K01OS7,
LINCOLN,EQ,247.9,248.0,242.1,246.3,246.1,246.55,140941,34661755.3,25-OCT-2016,2814,INE405C01035,
LINCPEN,EQ,263.0,263.0,258.45,259.8,260.0,260.0,3514,911759.35,25-OCT-2016,67,INE802B01019,
LINDEINDIA,EQ,390.35,395.9,381.7,390.7,390.0,390.35,5624,2185395.25,25-OCT-2016,299,INE473A01011,
LIQUIDBEES,EQ,1000.0,1000.01,999.99,999.99,999.99,1000.0,473732,473732300.41,25-OCT-2016,2594,INF732E01037,
LITL,EQ,4.3,4.35,4.2,4.25,4.25,4.3,1478903,6288096.7,25-OCT-2016,482,INE785C01048,
LLOYDELENG,EQ,334.95,334.95,323.0,326.25,326.35,334.15,242193,79131568.95,25-OCT-2016,4584,INE245C01019,
LML,EQ,15.5,16.55,15.3,16.55,16.55,15.05,4579985,74348003.25,25-OCT-2016,6890,INE862A01015,
LOKESHMACH,EQ,78.0,89.5,76.8,85.95,87.0,77.2,438931,37699185.0,25-OCT-2016,4712,INE397H01017,
LOTUSEYE,EQ,22.2,22.35,21.05,22.0,21.95,21.2,60067,1296009.85,25-OCT-2016,231,INE947I01017,
LOVABLE,EQ,267.75,271.8,264.7,269.1,271.5,266.5,51083,13662014.75,25-OCT-2016,769,INE597L01014,
LPDC,EQ,3.85,4.2,3.85,4.1,4.1,4.2,4085,16620.7,25-OCT-2016,18,INE197J01017,
LSIL,EQ,1.25,1.35,1.2,1.3,1.35,1.25,267220,343753.7,25-OCT-2016,116,INE093R01011,
LT,EQ,1495.0,1499.35,1478.7,1484.1,1485.0,1492.65,558804,830206412.95,25-OCT-2016,27327,INE018A01030,
LTI,EQ,627.9,656.0,622.5,649.25,648.9,626.45,154266,99457122.0,25-OCT-2016,6092,INE214T01019,
LTTS,EQ,850.05,852.0,845.0,846.35,846.0,850.65,111286,94500877.35,25-OCT-2016,4827,INE010V01017,
LUMAXIND,EQ,884.5,895.0,875.0,883.35,887.0,884.5,6102,5393088.85,25-OCT-2016,975,INE162B01018,
LUMAXTECH,EQ,518.0,518.0,505.5,506.4,506.5,510.3,13499,6878512.7,25-OCT-2016,389,INE872H01019,
LUPIN,EQ,1532.0,1544.0,1520.55,1526.25,1525.5,1528.4,574243,880059178.65,25-OCT-2016,17568,INE326A01037,
LUXIND,EQ,738.95,755.8,732.15,746.2,745.05,731.35,24126,18012174.55,25-OCT-2016,625,INE150G01020,
LYCOS,EQ,8.75,9.2,8.65,9.2,9.2,8.8,1751271,15985028.95,25-OCT-2016,1208,INE425B01027,
LYKALABS,EQ,68.85,69.15,67.15,67.55,67.3,68.6,57905,3927658.5,25-OCT-2016,392,INE933A01014,
LYPSAGEMS,EQ,62.3,63.3,60.85,62.1,62.55,61.95,71573,4462022.75,25-OCT-2016,837,INE142K01011,
M&M,EQ,1340.0,1340.85,1299.3,1303.9,1304.0,1339.25,1452754,1905251773.6,25-OCT-2016,58380,INE101A01026,
M&MFIN,EQ,354.1,360.25,354.1,356.05,357.25,357.1,1527945,544601612.6,25-OCT-2016,22553,INE774D01024,
M100,EQ,16.87,16.87,16.31,16.7,16.74,16.65,5784,96021.07,25-OCT-2016,31,INF247L01023,
M50,EQ,82.97,83.25,82.31,83.06,83.23,82.26,1694,140168.58,25-OCT-2016,25,INF247L01536,
MAANALU,EQ,71.0,73.0,70.2,70.8,70.2,72.15,2958,210784.65,25-OCT-2016,42,INE215I01019,
MADHAV,EQ,62.55,63.15,60.6,60.95,61.0,62.55,22856,1410794.8,25-OCT-2016,295,INE925C01016,
MADHUCON,EQ,45.65,45.7,44.8,45.5,45.3,45.65,57432,2600163.5,25-OCT-2016,382,INE378D01032,
MADRASFERT,EQ,15.55,16.1,15.3,15.6,15.4,15.75,164792,2599245.35,25-OCT-2016,316,INE414A01015,
MAGMA,EQ,119.95,124.2,119.9,120.75,121.1,119.85,995436,121758212.05,25-OCT-2016,7772,INE511C01022,
MAGNUM,EQ,4.8,5.25,4.75,5.0,5.0,5.25,64739,322727.5,25-OCT-2016,100,INE387I01016,
MAHABANK,EQ,30.8,30.95,30.5,30.6,30.55,30.8,25128,770942.9,25-OCT-2016,210,INE457A01014,
MAHASTEEL,EQ,187.0,189.3,187.0,189.3,189.3,180.3,43549,8240505.85,25-OCT-2016,356,INE451L01014,
MAHINDCIE,EQ,198.55,198.55,193.45,194.15,194.35,193.7,241987,47332034.3,25-OCT-2016,4548,INE536H01010,
MAHLIFE,EQ,436.25,441.95,433.05,438.45,439.95,436.2,8891,3888377.45,25-OCT-2016,339,INE813A01018,
MAHSCOOTER,EQ,1993.0,2057.95,1954.35,2047.8,2047.0,1970.25,28389,57311722.55,25-OCT-2016,2728,INE288A01013,
MAHSEAMLES,EQ,270.5,275.0,263.1,273.6,274.0,270.1,144874,39192268.05,25-OCT-2016,2596,INE271B01025,
MAITHANALL,EQ,275.45,275.5,265.0,266.55,265.0,271.05,21206,5711188.4,25-OCT-2016,482,INE683C01011,
MAJESCO,EQ,451.8,451.8,440.85,443.7,442.8,450.45,31740,14080264.35,25-OCT-2016,1421,INE898S01029,
MALUPAPER,EQ,34.65,34.65,34.65,34.65,34.65,36.45,9305,322418.25,25-OCT-2016,46,INE383H01017,
MALWACOTT,BE,7.0,7.0,7.0,7.0,7.0,6.7,100,700.0,25-OCT-2016,3,INE272B01015,
MANAKALUCO,EQ,7.2,7.2,6.45,6.75,6.9,6.35,13435,90913.4,25-OCT-2016,48,INE859Q01017,
MANAKCOAT,EQ,9.0,9.0,8.5,8.6,8.5,8.7,2029,17887.6,25-OCT-2016,16,INE830Q01018,
MANAKINDST,EQ,15.1,15.1,14.5,15.0,15.1,14.95,6940,103728.0,25-OCT-2016,14,INE831Q01016,
MANAKSIA,EQ,58.8,59.0,55.05,56.1,56.0,58.95,54613,3094223.95,25-OCT-2016,518,INE015D01022,
MANAKSTEEL,EQ,10.0,10.0,9.2,9.25,9.25,9.2,10297,97449.7,25-OCT-2016,73,INE824Q01011,
MANALIPETC,EQ,46.65,47.0,45.0,45.4,45.2,46.35,620695,28414391.35,25-OCT-2016,2470,INE201A01024,
MANAPPURAM,EQ,99.0,106.9,98.45,104.55,104.2,98.4,9565636,998679613.4,25-OCT-2016,36941,INE522D01027,
MANDHANA,EQ,31.0,31.0,30.3,30.5,30.65,30.85,172163,5265942.2,25-OCT-2016,746,INE087J01010,
MANGALAM,EQ,162.7,163.5,160.5,160.9,161.0,161.3,51811,8372730.55,25-OCT-2016,750,INE584F01014,
MANGCHEFER,EQ,58.1,59.9,56.3,57.25,56.6,58.4,89887,5226050.05,25-OCT-2016,778,INE558B01017,
MANGLMCEM,EQ,358.2,366.0,347.2,347.9,347.5,359.1,97782,34576563.5,25-OCT-2016,1588,INE347A01017,
MANGTIMBER,EQ,33.55,33.55,32.6,32.9,32.85,33.45,23541,775126.65,25-OCT-2016,133,INE805B01012,
MANINDS,EQ,55.55,57.8,54.15,54.8,54.75,55.45,508174,28586502.8,25-OCT-2016,3879,INE993A01026,
MANINFRA,EQ,53.35,54.25,51.75,53.6,52.9,53.2,2387274,126792187.35,25-OCT-2016,5111,INE949H01023,
MANPASAND,EQ,733.7,733.7,721.0,723.65,723.3,729.45,9746,7060010.6,25-OCT-2016,886,INE122R01018,
MANUGRAPH,EQ,58.95,59.65,57.15,58.45,58.3,57.85,35260,2067916.35,25-OCT-2016,299,INE867A01022,
MARALOVER,EQ,36.9,36.9,34.0,35.65,35.8,36.9,69963,2480277.1,25-OCT-2016,386,INE882A01013,
MARATHON,EQ,299.45,299.5,270.0,274.75,279.95,275.0,22483,6237412.8,25-OCT-2016,218,INE182D01012,
MARICO,EQ,284.15,285.75,281.05,285.05,284.4,283.45,534329,151839222.05,25-OCT-2016,9316,INE196A01026,
MARKSANS,EQ,51.5,51.6,50.5,50.65,50.65,51.7,1750070,89137601.95,25-OCT-2016,11192,INE750C01026,
MARUTI,EQ,5734.0,5799.0,5725.65,5781.45,5798.0,5713.9,339506,1956281753.9,25-OCT-2016,28118,INE585B01010,
MASTEK,EQ,145.6,147.0,144.1,145.15,145.05,144.4,169087,24576096.45,25-OCT-2016,3063,INE759A01021,
MAWANASUG,EQ,54.95,55.15,54.0,54.05,54.0,54.55,60652,3290436.45,25-OCT-2016,424,INE636A01039,
MAXINDIA,EQ,140.4,142.8,138.5,140.55,138.6,140.0,955733,134373568.5,25-OCT-2016,12722,INE153U01017,
MAXVIL,EQ,57.45,57.45,55.05,55.75,55.55,56.95,298908,16725652.35,25-OCT-2016,3128,INE154U01015,
MAXWELL,EQ,62.7,66.15,62.0,65.5,65.95,62.75,424470,27562199.3,25-OCT-2016,2572,INE450G01024,
MAYURUNIQ,EQ,438.4,438.4,432.5,435.6,433.6,435.9,5217,2277229.85,25-OCT-2016,211,INE040D01038,
MBECL,EQ,63.25,63.95,62.65,63.35,63.55,63.8,25074,1589267.75,25-OCT-2016,213,INE748A01016,
MBLINFRA,EQ,104.0,104.5,101.25,101.95,102.3,103.45,154566,15804271.15,25-OCT-2016,1109,INE912H01013,
MCDHOLDING,EQ,51.95,53.75,50.65,52.85,53.25,52.05,436830,22801590.7,25-OCT-2016,2513,INE836H01014,
MCDOWELL-N,EQ,2366.9,2398.75,2362.05,2374.15,2374.9,2368.45,158677,377325868.15,25-OCT-2016,10171,INE854D01016,
MCLEODRUSS,EQ,172.5,173.2,168.95,170.5,170.3,172.3,682653,116727186.7,25-OCT-2016,17673,INE942G01012,
MCX,EQ,1299.95,1300.0,1270.5,1274.45,1273.05,1298.55,136689,174969061.35,25-OCT-2016,5826,INE745G01035,
MEGASOFT,EQ,23.9,24.7,22.55,23.7,23.5,23.25,323291,7677422.35,25-OCT-2016,1243,INE933B01012,
MEGH,EQ,49.55,50.0,45.25,46.4,46.7,49.4,2957333,140425164.3,25-OCT-2016,10128,INE974H01013,
MELSTAR,EQ,4.8,5.05,4.8,5.05,5.05,4.95,235,1136.75,25-OCT-2016,3,INE817A01019,
MENONBE,EQ,85.9,85.9,81.05,82.8,83.0,84.15,44422,3677418.9,25-OCT-2016,720,INE071D01033,
MEP,EQ,43.3,43.7,42.4,42.65,42.5,42.95,783630,33674145.7,25-OCT-2016,1136,INE776I01010,
MERCATOR,EQ,48.0,48.15,46.85,47.2,47.35,47.85,1023554,48511230.65,25-OCT-2016,3458,INE934B01028,
MERCK,EQ,846.7,846.7,811.9,820.3,817.0,844.25,116929,96402848.35,25-OCT-2016,5853,INE199A01012,
METALFORGE,EQ,74.85,75.95,73.25,73.9,74.2,75.05,77705,5788309.1,25-OCT-2016,625,INE425A01011,
METKORE,EQ,2.0,2.1,2.0,2.05,2.05,2.05,24402,50479.15,25-OCT-2016,16,INE592I01029,
MFSL,EQ,555.0,560.0,551.2,555.3,554.5,558.55,122347,67817335.15,25-OCT-2016,4948,INE180A01020,
MGL,EQ,790.0,794.6,766.1,769.1,770.0,791.15,305433,235773216.25,25-OCT-2016,21526,INE002S01010,
MHRIL,EQ,466.0,466.9,453.15,458.2,459.0,463.05,302970,138270850.9,25-OCT-2016,2842,INE998I01010,
MIC,EQ,17.75,17.95,17.45,17.75,17.8,17.45,1112502,19687328.3,25-OCT-2016,2345,INE287C01029,
MICROSEC,EQ,50.0,52.5,50.0,51.5,52.4,50.6,9858,500147.3,25-OCT-2016,73,INE019J01013,
MIDCAPIWIN,EQ,58.15,58.15,58.03,58.15,58.15,58.41,109,6338.23,25-OCT-2016,3,INF109KB1XT3,
MINDACORP,EQ,116.3,116.3,113.55,114.2,114.2,115.4,127339,14625092.55,25-OCT-2016,1396,INE842C01021,
MINDAIND,EQ,350.0,378.0,347.75,370.55,372.0,350.1,252671,92609637.5,25-OCT-2016,5973,INE405E01023,
MINDTECK,EQ,95.05,96.45,91.85,93.6,93.4,93.9,41910,3933714.5,25-OCT-2016,465,INE110B01017,
MINDTREE,EQ,456.05,458.4,450.5,454.9,455.5,456.0,1282622,582476229.8,25-OCT-2016,17536,INE018I01017,
MIRCELECTR,EQ,17.55,17.9,17.05,17.25,17.3,17.35,528385,9165090.85,25-OCT-2016,1261,INE831A01028,
MIRZAINT,EQ,95.55,95.55,93.1,94.35,94.15,95.15,149560,14116660.6,25-OCT-2016,1448,INE771A01026,
MMFL,EQ,450.45,456.8,447.0,449.85,451.0,447.75,4359,1958129.65,25-OCT-2016,1583,INE227C01017,
MMTC,EQ,45.7,48.6,45.15,47.95,47.85,45.5,2077901,98347849.1,25-OCT-2016,9690,INE123F01029,
MOHITIND,EQ,41.9,41.9,40.5,40.8,41.3,41.1,55586,2288066.6,25-OCT-2016,197,INE954E01012,
MOIL,EQ,314.0,318.0,310.1,311.95,311.0,305.2,424360,133126876.6,25-OCT-2016,8061,INE490G01020,
MOLDTECH,EQ,51.5,56.3,49.5,52.0,51.75,50.2,277464,14964787.5,25-OCT-2016,1589,INE835B01035,
MOLDTKPAC,EQ,226.2,227.0,220.35,226.1,225.6,223.7,44132,9932302.8,25-OCT-2016,1239,INE893J01029,
MONNETISPA,EQ,26.9,28.25,26.6,27.35,27.55,25.25,1500863,41075817.45,25-OCT-2016,6710,INE743C01013,
MONSANTO,EQ,2350.0,2372.0,2350.0,2353.15,2359.5,2360.7,15681,36978174.95,25-OCT-2016,1191,INE274B01011,
MONTECARLO,EQ,462.7,499.0,456.2,485.4,485.0,460.5,114876,55626056.45,25-OCT-2016,4642,INE950M01013,
MORARJEE,EQ,69.5,70.0,66.65,67.7,67.35,69.25,95100,6514273.05,25-OCT-2016,1297,INE161G01027,
MOREPENLAB,EQ,24.9,24.95,23.3,24.2,24.1,24.7,778963,18903333.4,25-OCT-2016,2675,INE083A01026,
MOSERBAER,EQ,8.15,8.15,8.0,8.05,8.05,8.05,358091,2890558.7,25-OCT-2016,424,INE739A01015,
MOTHERSUMI,EQ,331.5,334.5,326.85,330.1,331.3,332.45,1031561,339741313.75,25-OCT-2016,16125,INE775A01035,
MOTILALOFS,EQ,617.0,636.0,611.0,622.8,620.0,618.1,260839,163788519.75,25-OCT-2016,7429,INE338I01027,
MOTOGENFIN,BE,42.3,42.3,42.3,42.3,42.3,40.4,1,42.3,25-OCT-2016,1,INE861B01015,
MPHASIS,EQ,513.9,513.9,505.0,506.55,506.5,510.45,43384,22051525.65,25-OCT-2016,2666,INE356A01018,
MPSLTD,EQ,708.4,710.1,678.0,680.7,680.0,700.9,39699,27699981.85,25-OCT-2016,1848,INE943D01017,
MRF,EQ,50059.0,50300.0,49710.0,50100.05,50100.0,49949.85,9424,471769727.3,25-OCT-2016,4840,INE883A01011,
MRO-TEK,EQ,74.1,76.0,71.3,73.75,73.85,73.5,30523,2259286.2,25-OCT-2016,290,INE398B01018,
MRPL,EQ,90.5,94.5,89.75,92.9,92.9,90.15,1174830,108777303.2,25-OCT-2016,9133,INE103A01014,
MSPL,EQ,14.1,16.85,14.1,16.85,16.85,14.05,345279,5655740.85,25-OCT-2016,1012,INE752G01015,
MTEDUCARE,EQ,137.35,139.15,135.85,136.45,136.5,137.9,58668,8070846.9,25-OCT-2016,748,INE472M01018,
MTNL,EQ,20.0,20.4,19.8,20.0,19.9,20.05,690819,13842785.5,25-OCT-2016,1609,INE153A01019,
MUKANDENGG,EQ,38.5,39.85,36.8,38.85,39.05,38.9,44894,1736431.2,25-OCT-2016,441,INE022B01014,
MUKANDLTD,EQ,70.1,75.7,68.65,73.2,73.4,70.4,604614,44374844.35,25-OCT-2016,4111,INE304A01026,
MUKTAARTS,EQ,122.9,124.75,120.1,122.55,123.0,121.95,86755,10611639.8,25-OCT-2016,1196,INE374B01019,
MUNJALAU,EQ,110.0,113.9,108.5,112.5,112.35,108.9,330680,37026911.4,25-OCT-2016,4078,INE672B01032,
MUNJALSHOW,EQ,245.8,258.7,245.1,251.55,250.3,244.15,257012,64562985.0,25-OCT-2016,5377,INE577A01027,
MURUDCERA,EQ,37.0,37.0,35.15,35.55,35.35,36.4,56367,2013966.9,25-OCT-2016,438,INE692B01014,
MUTHOOTCAP,EQ,293.0,330.65,285.25,327.15,330.65,275.55,528887,168122873.3,25-OCT-2016,10837,INE296G01013,
MUTHOOTFIN,EQ,369.0,377.35,367.2,369.85,369.5,365.65,1128239,420332475.0,25-OCT-2016,21972,INE414G01012,
MVL,EQ,0.45,0.45,0.4,0.45,0.45,0.45,64932,26182.2,25-OCT-2016,35,INE744I01034,
MYSOREBANK,EQ,558.55,562.3,549.0,555.6,556.05,557.95,9544,5311844.6,25-OCT-2016,453,INE651A01020,
N100,EQ,314.5,317.0,310.0,311.41,316.9,313.99,1470,461607.34,25-OCT-2016,92,INF247L01031,
NAGAFERT,BE,12.85,12.95,12.45,12.5,12.5,12.95,97136,1220309.75,25-OCT-2016,270,INE454M01024,
NAGAROIL,EQ,6.5,6.5,5.95,6.05,6.05,6.55,946282,5872371.0,25-OCT-2016,1223,INE453M01018,
NAGREEKCAP,EQ,13.1,13.15,13.1,13.1,13.1,13.4,300,3935.0,25-OCT-2016,3,INE245I01016,
NAGREEKEXP,EQ,42.85,42.85,38.45,39.55,39.55,41.5,3428,137288.8,25-OCT-2016,56,INE123B01028,
NAHARCAP,EQ,92.1,93.95,91.5,92.6,93.0,92.9,6392,593638.4,25-OCT-2016,50,INE049I01012,
NAHARINDUS,EQ,120.75,123.0,117.05,118.6,118.6,121.25,46742,5586022.1,25-OCT-2016,614,INE289A01011,
NAHARPOLY,EQ,71.9,71.9,67.0,68.1,67.95,72.1,201604,13832873.55,25-OCT-2016,1839,INE308A01027,
NAHARSPING,EQ,137.15,137.95,132.05,133.0,133.9,136.9,80259,10739166.9,25-OCT-2016,1499,INE290A01027,
NAKODA,EQ,0.4,0.4,0.35,0.4,0.4,0.4,93210,33930.5,25-OCT-2016,23,INE559B01023,
NATCOPHARM,EQ,601.95,601.95,593.0,597.7,599.0,597.35,115349,68945706.55,25-OCT-2016,6649,INE987B01026,
NATHBIOGEN,EQ,174.6,175.0,165.2,167.15,167.95,172.65,39658,6715028.65,25-OCT-2016,717,INE448G01010,
NATIONALUM,EQ,50.6,50.75,49.3,49.95,49.9,50.4,568634,28437383.3,25-OCT-2016,2104,INE139A01034,
NATNLSTEEL,BE,23.95,24.0,23.0,23.6,23.45,23.35,15789,373151.55,25-OCT-2016,54,INE088B01015,
NAUKRI,EQ,879.95,888.75,868.0,880.85,885.0,879.95,7731,6809295.55,25-OCT-2016,752,INE663F01024,
NAVINFLUOR,EQ,2835.0,2838.0,2653.3,2696.3,2680.35,2815.2,42177,115326214.9,25-OCT-2016,5799,INE048G01018,
NAVKARCORP,EQ,201.95,201.95,199.0,199.75,200.0,199.85,13382,2675745.4,25-OCT-2016,399,INE278M01019,
NAVNETEDUL,EQ,101.8,111.3,100.0,109.1,109.5,100.6,499526,54240813.1,25-OCT-2016,4847,INE060A01024,
NBCC,EQ,237.0,243.4,237.0,241.85,242.15,236.8,3209813,772929781.7,25-OCT-2016,25890,INE095N01023,
NBVENTURES,EQ,139.45,144.4,139.2,141.75,141.85,137.5,1493772,212445579.45,25-OCT-2016,15271,INE725A01022,
NCC,EQ,92.5,95.0,90.85,94.65,94.75,92.5,11056858,1030887373.15,25-OCT-2016,49547,INE868B01028,
NCLIND,EQ,147.05,148.3,145.25,145.7,145.9,147.5,67967,9936504.1,25-OCT-2016,866,INE732C01016,
NDGL,EQ,302.5,315.95,302.5,315.95,315.95,302.0,60,18553.5,25-OCT-2016,3,INE756C01015,
NDL,EQ,137.85,140.8,136.65,139.4,139.95,137.1,253687,35149959.85,25-OCT-2016,4882,INE875G01030,
NDTV,EQ,85.0,85.0,83.0,83.6,83.65,84.3,41992,3524111.65,25-OCT-2016,416,INE155G01029,
NECCLTD,EQ,40.35,40.45,40.35,40.45,40.45,40.6,505,20426.75,25-OCT-2016,2,INE553C01016,
NECLIFE,EQ,36.3,36.3,35.7,35.8,35.8,35.9,267602,9598509.25,25-OCT-2016,1248,INE023H01027,
NELCAST,EQ,65.8,66.1,62.0,64.15,64.6,64.95,50700,3229636.5,25-OCT-2016,468,INE189I01024,
NELCO,EQ,94.2,95.45,92.05,92.4,92.45,94.95,211738,19826372.95,25-OCT-2016,2315,INE045B01015,
NEPCMICON,BE,1.8,1.8,1.7,1.75,1.8,1.75,42651,74731.55,25-OCT-2016,81,INE588A01016,
NESCO,EQ,1890.0,1948.9,1880.0,1923.8,1913.0,1878.3,2753,5280723.55,25-OCT-2016,297,INE317F01027,
NESTLEIND,EQ,6825.0,6865.8,6777.0,6793.95,6791.9,6853.35,77752,528122642.75,25-OCT-2016,1800,INE239A01016,
NETWORK18,EQ,42.95,43.1,42.3,42.65,42.8,42.8,226140,9652445.25,25-OCT-2016,1636,INE870H01013,
NEULANDLAB,EQ,962.55,974.05,958.0,966.1,969.9,967.4,12404,11970583.3,25-OCT-2016,235,INE794A01010,
NEXTMEDIA,EQ,19.9,19.9,19.15,19.3,19.45,19.8,94788,1838248.4,25-OCT-2016,330,INE747B01016,
NFL,EQ,34.35,35.35,34.0,35.0,35.1,34.25,479826,16721767.05,25-OCT-2016,2444,INE870D01012,
NH,EQ,351.25,364.0,350.7,362.0,360.0,355.95,58412,20912637.05,25-OCT-2016,2860,INE410P01011,
NHPC,EQ,25.85,26.05,25.65,25.9,25.95,25.85,6377232,164786044.4,25-OCT-2016,6687,INE848E01016,
NIBL,EQ,49.95,50.0,48.1,48.5,48.5,48.5,19586,971991.55,25-OCT-2016,121,INE047O01014,
NICCO,BE,0.45,0.45,0.4,0.4,0.4,0.4,1798,745.45,25-OCT-2016,5,INE241C01026,
NIF100IWIN,EQ,93.77,93.77,93.36,93.67,93.67,93.21,356,33318.26,25-OCT-2016,13,INF109KA1962,
NIFTYBEES,EQ,887.97,888.1,883.18,887.03,886.0,887.73,10761,9533491.53,25-OCT-2016,461,INF732E01011,
NIFTYIWIN,EQ,90.0,90.0,87.96,88.33,88.59,88.5,4757,420601.26,25-OCT-2016,462,INF109K012R6,
NIITLTD,EQ,88.8,89.5,87.5,87.7,87.7,88.5,600692,53191362.9,25-OCT-2016,4380,INE161A01038,
NIITTECH,EQ,429.0,431.6,417.5,423.55,423.9,428.05,158955,67324092.5,25-OCT-2016,3915,INE591G01017,
NILAINFRA,EQ,15.65,16.0,15.3,15.45,15.5,15.75,200546,3118205.45,25-OCT-2016,467,INE937C01029,
NILKAMAL,EQ,1790.9,1810.0,1746.65,1758.05,1760.4,1783.1,216159,383567803.2,25-OCT-2016,10272,INE310A01015,
NIPPOBATRY,EQ,1055.0,1198.0,1039.05,1134.2,1136.0,1046.15,35560,40926466.65,25-OCT-2016,4282,INE567A01010,
NITCO,EQ,77.2,77.95,74.0,74.4,74.25,77.0,221944,16812699.6,25-OCT-2016,1735,INE858F01012,
NITESHEST,EQ,13.15,13.3,12.9,13.0,12.9,13.05,232992,3042964.85,25-OCT-2016,394,INE639K01016,
NITINFIRE,EQ,33.55,33.9,32.5,33.2,33.15,33.45,1683233,55906780.6,25-OCT-2016,6138,INE489H01020,
NITINSPIN,EQ,71.15,72.05,70.4,70.9,71.0,71.1,69696,4961192.75,25-OCT-2016,599,INE229H01012,
NLCINDIA,EQ,81.7,82.0,78.7,79.9,79.55,81.6,172914,13825014.05,25-OCT-2016,1470,INE589A01014,
NMDC,EQ,122.0,124.15,121.0,122.85,122.7,122.4,2667254,326654682.25,25-OCT-2016,17212,INE584A01023,
NOCIL,EQ,79.0,79.0,76.3,76.55,76.55,78.55,1390954,107549933.75,25-OCT-2016,7437,INE163A01018,
NOIDATOLL,EQ,22.7,22.8,22.15,22.25,22.2,22.4,388281,8688645.35,25-OCT-2016,1568,INE781B01015,
NORBTEAEXP,EQ,8.7,8.7,8.35,8.35,8.35,8.3,3400,29330.0,25-OCT-2016,12,INE369C01017,
NRBBEARING,EQ,132.0,133.0,129.05,130.35,130.0,131.7,9608,1251080.3,25-OCT-2016,222,INE349A01021,
NSIL,EQ,780.0,780.0,762.0,770.1,770.05,793.0,317,245165.3,25-OCT-2016,29,INE023A01030,
NTPC,EQ,150.6,152.55,149.55,152.0,152.15,151.35,1694968,256214070.05,25-OCT-2016,26481,INE733E01010,
NUCLEUS,EQ,222.9,227.0,217.1,219.85,220.3,222.55,199994,44267233.35,25-OCT-2016,4011,INE096B01018,
NUTEK,EQ,1.0,1.1,1.0,1.1,1.1,0.95,1075840,1173157.2,25-OCT-2016,405,INE318J01027,
OBEROIRLTY,EQ,343.9,343.9,334.5,339.3,342.0,341.6,153911,52090701.1,25-OCT-2016,5349,INE093I01010,
OCCL,EQ,764.8,778.0,731.35,775.8,776.0,746.15,12657,9641552.35,25-OCT-2016,677,INE321D01016,
OCL,EQ,908.0,908.0,876.0,890.6,895.0,893.7,16097,14366026.0,25-OCT-2016,729,INE290B01025,
OFSS,EQ,3240.0,3240.05,3191.0,3212.7,3210.0,3228.5,145768,467246746.35,25-OCT-2016,5820,INE881D01027,
OIL,EQ,417.0,419.75,413.3,414.9,414.3,417.25,136358,56657043.95,25-OCT-2016,6491,INE274J01014,
OILCOUNTUB,EQ,33.7,34.0,33.5,33.6,33.55,33.6,11730,395813.85,25-OCT-2016,126,INE591A01010,
OISL,EQ,8.7,8.7,8.4,8.5,8.6,8.45,2646015,22389100.2,25-OCT-2016,388,INE196J01019,
OMAXAUTO,EQ,98.95,99.75,97.0,97.95,97.85,98.45,43356,4259324.2,25-OCT-2016,531,INE090B01011,
OMAXE,EQ,170.45,170.45,169.3,169.7,169.5,170.2,377248,64005491.5,25-OCT-2016,4177,INE800H01010,
OMKARCHEM,EQ,170.5,172.0,167.3,168.0,168.25,170.2,156762,26514683.7,25-OCT-2016,1526,INE474L01016,
OMMETALS,EQ,50.0,50.5,48.55,49.25,49.5,49.55,104328,5151429.85,25-OCT-2016,868,INE239D01028,
OMNITECH,EQ,3.05,3.05,3.05,3.05,3.05,3.05,25,76.25,25-OCT-2016,1,INE810H01019,
ONELIFECAP,EQ,26.55,27.4,26.25,26.65,26.65,26.8,8399,223938.3,25-OCT-2016,90,INE912L01015,
ONGC,EQ,293.0,293.7,287.6,288.75,288.25,292.35,7766694,2253218768.85,25-OCT-2016,82928,INE213A01029,
ONMOBILE,EQ,113.0,113.5,109.0,109.65,109.4,113.55,526165,58242572.15,25-OCT-2016,5287,INE809I01019,
ONWARDTEC,EQ,70.0,75.0,68.25,72.55,72.0,71.1,165380,12070519.6,25-OCT-2016,4542,INE229A01017,
OPTOCIRCUI,EQ,12.25,12.65,12.1,12.3,12.35,12.15,1008091,12481902.0,25-OCT-2016,1443,INE808B01016,
ORBITCORP,EQ,5.5,5.65,5.35,5.55,5.5,5.55,221213,1218205.65,25-OCT-2016,380,INE628H01015,
ORBTEXP,EQ,268.7,269.0,260.55,267.3,265.5,268.7,3099,817192.25,25-OCT-2016,167,INE231G01010,
ORCHIDPHAR,EQ,38.35,38.55,37.75,38.0,38.1,38.1,521336,19906026.9,25-OCT-2016,2054,INE191A01019,
ORICONENT,EQ,58.6,62.25,57.0,61.6,61.2,58.35,1633954,99012418.4,25-OCT-2016,5497,INE730A01022,
ORIENTABRA,EQ,39.9,41.8,38.25,38.85,38.85,40.5,536807,21194848.9,25-OCT-2016,3229,INE569C01020,
ORIENTALTL,EQ,7.25,7.5,6.9,6.95,7.0,7.25,24089,169042.9,25-OCT-2016,38,INE998H01012,
ORIENTBANK,EQ,137.2,137.95,133.0,133.9,133.25,137.7,5408536,730119058.25,25-OCT-2016,22118,INE141A01014,
ORIENTBELL,EQ,205.0,211.4,200.15,205.45,205.8,206.1,28357,5864830.95,25-OCT-2016,806,INE607D01018,
ORIENTCEM,EQ,178.25,180.8,173.6,175.2,174.95,179.0,586075,105243321.65,25-OCT-2016,1515,INE876N01018,
ORIENTHOT,EQ,27.7,27.9,27.05,27.35,27.35,27.8,8419,230314.3,25-OCT-2016,74,INE750A01020,
ORIENTPPR,EQ,87.6,87.6,85.3,85.8,85.9,86.75,259618,22304465.0,25-OCT-2016,1908,INE592A01026,
ORIENTREF,EQ,114.3,115.5,112.7,114.85,115.35,112.2,46892,5364846.15,25-OCT-2016,366,INE743M01012,
ORISSAMINE,EQ,2144.85,2164.0,2062.2,2116.2,2108.0,2144.85,7233,15303967.7,25-OCT-2016,1409,INE725E01024,
ORTEL,EQ,153.3,153.3,146.0,149.2,149.0,146.15,1018,150792.3,25-OCT-2016,26,INE849L01019,
ORTINLABSS,EQ,24.0,24.35,22.5,22.9,22.9,24.1,109921,2526337.2,25-OCT-2016,715,INE749B01012,
OUDHSUG,EQ,114.25,114.25,110.1,110.85,110.3,111.9,29877,3335241.3,25-OCT-2016,456,INE594A01014,
PAEL,EQ,14.0,14.5,13.15,13.8,13.7,14.6,35359,490762.5,25-OCT-2016,308,INE766A01018,
PAGEIND,EQ,16864.0,16952.2,16606.0,16719.2,16793.75,16847.05,9009,151005817.45,25-OCT-2016,4039,INE761H01022,
PALREDTEC,EQ,81.0,81.0,79.1,80.2,80.2,82.4,227,18208.5,25-OCT-2016,13,INE218G01033,
PANACEABIO,EQ,107.4,111.8,107.35,108.95,108.65,108.15,24365,2669186.05,25-OCT-2016,398,INE922B01023,
PANAMAPET,EQ,83.9,83.9,80.1,81.9,81.5,81.8,5614,458451.55,25-OCT-2016,81,INE305C01029,
PANORAMUNI,EQ,11.5,12.1,11.25,11.65,11.55,11.5,73118,852175.65,25-OCT-2016,204,INE194B01029,
PAPERPROD,EQ,290.0,290.0,283.0,289.05,288.6,289.3,14548,4175894.3,25-OCT-2016,960,INE275B01026,
PARABDRUGS,EQ,8.45,8.55,7.95,8.0,8.1,8.4,99424,806043.55,25-OCT-2016,289,INE618H01016,
PARACABLES,EQ,4.0,4.0,3.6,3.85,3.85,3.8,8984,34406.75,25-OCT-2016,30,INE074B01023,
PARAGMILK,EQ,321.25,324.0,313.0,313.85,313.5,324.1,97330,30726257.1,25-OCT-2016,2217,INE883N01014,
PARASPETRO,BE,0.25,0.25,0.2,0.2,0.2,0.2,20000,4150.0,25-OCT-2016,5,INE162C01024,
PARRYSUGAR,EQ,44.25,44.25,40.7,41.4,41.6,43.75,17491,725915.4,25-OCT-2016,189,INE353B01021,
PARSVNATH,EQ,13.8,13.8,13.65,13.7,13.7,13.7,122278,1674730.05,25-OCT-2016,325,INE561H01026,
PATELENG,EQ,82.4,84.35,81.1,83.0,83.35,82.05,656996,54294443.8,25-OCT-2016,4290,INE244B01030,
PATINTLOG,EQ,87.35,89.2,85.55,86.55,86.5,87.05,61959,5398082.1,25-OCT-2016,697,INE529D01014,
PATSPINLTD,EQ,11.55,12.65,11.2,12.35,12.55,11.6,62354,762625.65,25-OCT-2016,184,INE790C01014,
PBAINFRA,EQ,19.4,21.0,19.4,20.5,20.8,20.25,12596,257266.45,25-OCT-2016,61,INE160H01019,
PCJEWELLER,EQ,508.8,512.5,504.1,508.95,512.45,508.65,158882,80904087.65,25-OCT-2016,3624,INE785M01013,
PDMJEPAPER,EQ,22.75,22.75,20.8,21.6,21.8,22.05,55834,1201776.15,25-OCT-2016,481,INE865T01018,
PDPL,EQ,26.2,27.1,26.1,27.05,27.1,26.4,19300,516388.85,25-OCT-2016,80,INE904D01019,
PDSMFL,EQ,171.0,171.0,169.0,169.0,169.0,172.0,320,54400.5,25-OCT-2016,10,INE111Q01013,
PDUMJEIND,EQ,17.0,17.0,16.05,16.5,16.65,17.2,20057,329706.6,25-OCT-2016,116,INE105C01023,
PDUMJEPULP,EQ,23.5,23.85,22.25,23.1,23.0,23.1,66290,1537727.55,25-OCT-2016,325,INE606A01024,
PEARLPOLY,EQ,26.8,27.0,24.4,24.8,24.95,26.8,79335,2014035.65,25-OCT-2016,569,INE844A01013,
PEL,EQ,1842.0,1855.95,1823.35,1841.35,1842.1,1819.5,91497,169137331.7,25-OCT-2016,10588,INE140A01024,
PENIND,EQ,50.9,53.2,50.5,51.2,51.05,50.5,549039,28503400.55,25-OCT-2016,2577,INE932A01024,
PENINLAND,EQ,21.7,21.75,20.6,21.2,21.15,21.65,1046623,22180704.7,25-OCT-2016,2788,INE138A01028,
PENPEBS,EQ,178.0,183.0,174.65,181.3,182.0,181.85,2829,507936.95,25-OCT-2016,39,INE455O01019,
PERSISTENT,EQ,665.0,665.0,653.0,658.45,656.85,659.9,37018,24402059.25,25-OCT-2016,2708,INE262H01013,
PETRONENGG,EQ,183.0,186.0,182.0,182.9,184.0,183.25,8887,1633053.45,25-OCT-2016,530,INE742A01019,
PETRONET,EQ,387.1,389.05,376.05,381.7,382.4,387.0,1829320,696418612.05,25-OCT-2016,31541,INE347G01014,
PFC,EQ,128.2,128.35,125.75,126.4,126.2,127.3,1942847,246416726.6,25-OCT-2016,22984,INE134E01011,
PFIZER,EQ,1844.0,1844.05,1821.0,1826.2,1826.0,1831.15,9816,17945883.85,25-OCT-2016,896,INE182A01018,
PFOCUS,EQ,73.0,77.5,72.0,74.4,74.7,72.6,285245,21533022.75,25-OCT-2016,2283,INE367G01038,
PFS,EQ,39.15,39.25,38.6,38.7,38.6,39.0,444591,17270499.5,25-OCT-2016,1460,INE560K01014,
PGEL,EQ,168.0,178.4,166.5,175.15,175.0,168.75,242931,41889978.3,25-OCT-2016,1740,INE457L01011,
PGHH,EQ,7055.0,7073.35,6994.9,7042.25,7050.0,7055.95,2081,14659317.05,25-OCT-2016,264,INE179A01014,
PGIL,EQ,174.0,178.0,167.0,170.1,169.05,176.1,21541,3710131.2,25-OCT-2016,402,INE940H01014,
PHILIPCARB,EQ,257.0,259.45,254.75,257.3,257.5,257.55,57938,14914643.55,25-OCT-2016,1682,INE602A01015,
PHOENIXLL,EQ,162.5,165.0,160.6,164.0,163.0,162.4,22225,3624916.15,25-OCT-2016,471,INE455B01016,
PHOENIXLTD,EQ,377.8,377.8,366.1,367.65,367.0,371.25,17443,6485724.15,25-OCT-2016,322,INE211B01039,
PIDILITIND,EQ,712.85,717.5,710.0,713.2,711.95,713.35,195273,139168132.85,25-OCT-2016,10784,INE318A01026,
PIIND,EQ,830.95,834.7,822.05,829.45,831.8,826.35,42820,35504854.2,25-OCT-2016,1423,INE603J01030,
PILANIINVS,BE,1600.0,1629.0,1591.0,1600.5,1605.0,1616.65,324,521828.9,25-OCT-2016,31,INE417C01014,
PILITA,EQ,14.8,14.95,14.65,14.75,14.75,14.75,83349,1233493.5,25-OCT-2016,219,INE600A01035,
PINCON,EQ,75.4,75.8,73.55,74.4,74.5,75.25,349412,26043595.05,25-OCT-2016,1442,INE675G01018,
PIONDIST,EQ,215.0,219.5,213.0,215.8,215.0,213.8,14282,3097523.15,25-OCT-2016,284,INE889E01010,
PIONEEREMB,EQ,73.55,75.0,69.0,69.85,69.5,70.95,957976,68936003.5,25-OCT-2016,5977,INE156C01018,
PIRPHYTO,EQ,105.3,105.3,102.7,103.45,103.5,104.6,29085,3008226.95,25-OCT-2016,480,INE122J01015,
PITTILAM,EQ,59.5,61.0,58.75,59.45,59.5,60.2,29832,1782842.35,25-OCT-2016,373,INE450D01021,
PKTEA,EQ,155.15,155.15,147.0,149.45,154.05,148.4,1624,248718.4,25-OCT-2016,44,INE431F01018,
PLASTIBLEN,EQ,471.95,493.95,465.0,490.35,486.1,463.45,16359,7900422.05,25-OCT-2016,992,INE083C01022,
PNB,EQ,147.7,148.45,145.95,146.3,146.4,147.05,5409087,795291867.0,25-OCT-2016,26770,INE160A01022,
PNBGILTS,EQ,30.7,31.4,29.55,30.1,30.0,30.45,862466,26200165.6,25-OCT-2016,2903,INE859A01011,
PNC,EQ,22.4,22.4,20.95,21.0,21.0,21.7,18673,398029.6,25-OCT-2016,78,INE392B01011,
PNCINFRA,EQ,123.7,125.0,122.5,122.85,123.0,123.65,60610,7462476.7,25-OCT-2016,561,INE195J01029,
PNEUMATIC,EQ,990.0,1000.9,975.1,1000.9,1000.9,1009.95,630,617165.8,25-OCT-2016,9,INE096T01010,
POCHIRAJU,EQ,8.0,9.45,7.85,9.45,9.45,7.9,180503,1639642.25,25-OCT-2016,428,INE332G01032,
POKARNA,EQ,894.5,909.0,870.0,899.7,895.1,887.2,14260,12666343.75,25-OCT-2016,508,INE637C01017,
POLARIS,EQ,163.4,164.5,161.15,163.0,162.45,163.05,80422,13124179.4,25-OCT-2016,2726,INE763A01023,
POLYMED,EQ,420.0,420.05,412.0,418.9,420.0,417.75,5770,2399329.0,25-OCT-2016,95,INE205C01021,
POLYPLEX,EQ,373.5,375.8,363.95,368.4,370.0,369.65,25157,9307336.2,25-OCT-2016,1309,INE633B01018,
PONNIERODE,EQ,202.9,203.9,201.0,202.25,201.9,201.0,4052,820336.8,25-OCT-2016,107,INE838E01017,
POWERGRID,EQ,176.55,178.95,175.6,178.35,178.6,176.1,1689115,299956410.0,25-OCT-2016,15802,INE752E01010,
POWERMECH,EQ,526.0,526.0,501.0,512.15,512.0,516.5,22671,11633947.1,25-OCT-2016,1136,INE211R01019,
PPAP,EQ,191.0,197.8,188.0,196.05,196.5,189.95,38145,7408899.25,25-OCT-2016,744,INE095I01015,
PRABHAT,EQ,124.7,125.25,119.6,120.4,119.65,124.1,197297,24077069.0,25-OCT-2016,2585,INE302M01033,
PRADIP,EQ,2.2,2.2,2.2,2.2,2.2,2.2,250,550.0,25-OCT-2016,2,INE495J01015,
PRAENG,EQ,12.2,12.65,11.7,12.35,12.5,11.9,289034,3526254.9,25-OCT-2016,680,INE505C01016,
PRAJIND,EQ,83.9,84.3,82.2,83.45,83.05,83.5,911267,75950453.65,25-OCT-2016,6550,INE074A01025,
PRAKASH,EQ,62.6,63.0,60.3,60.9,60.8,62.3,626428,38471210.75,25-OCT-2016,7270,INE603A01013,
PRAKASHCON,EQ,20.25,20.25,19.4,19.6,19.45,20.05,1030932,20365183.6,25-OCT-2016,896,INE023M01027,
PRAKASHSTL,EQ,1.6,1.7,1.6,1.65,1.65,1.6,457571,753663.75,25-OCT-2016,137,INE696K01024,
PRATIBHA,EQ,16.15,16.15,15.85,16.0,16.0,16.0,457237,7312921.05,25-OCT-2016,792,INE308H01022,
PRECAM,EQ,183.8,188.85,181.8,183.9,184.5,181.8,194361,36068377.4,25-OCT-2016,3771,INE484I01029,
PRECOT,EQ,70.0,71.0,68.0,68.2,68.0,68.75,2804,193986.65,25-OCT-2016,39,INE283A01014,
PRECWIRE,EQ,125.0,126.5,123.65,124.85,124.6,126.25,9746,1217508.3,25-OCT-2016,272,INE372C01029,
PREMEXPLN,EQ,369.0,375.0,364.0,366.45,364.0,370.0,6942,2564339.65,25-OCT-2016,248,INE863B01011,
PREMIER,EQ,35.2,37.5,34.4,36.2,36.8,35.2,29860,1085272.15,25-OCT-2016,329,INE342A01018,
PREMIERPOL,EQ,33.8,33.8,33.8,33.8,33.8,33.8,210,7098.0,25-OCT-2016,5,INE309M01012,
PRESSMN,EQ,46.3,48.95,46.3,48.4,48.15,46.5,45694,2209144.15,25-OCT-2016,476,INE980A01023,
PRESTIGE,EQ,188.95,193.75,185.0,192.4,193.1,188.95,161861,30673268.65,25-OCT-2016,2069,INE811K01011,
PRICOL,EQ,127.4,128.9,125.6,128.3,128.55,126.5,672945,85902984.95,25-OCT-2016,4775,INE605A01026,
PRIMESECU,EQ,40.2,44.4,40.2,44.4,44.4,42.3,689604,29007699.65,25-OCT-2016,1934,INE032B01021,
PRISMCEM,EQ,107.85,108.25,105.65,106.3,106.75,107.6,128416,13664869.6,25-OCT-2016,2732,INE010A01011,
PROVOGE,EQ,5.5,5.5,5.0,5.35,5.4,5.35,257221,1352374.25,25-OCT-2016,349,INE968G01033,
PROZONINTU,EQ,38.6,41.4,37.8,41.4,41.4,37.65,2758424,110933017.35,25-OCT-2016,9589,INE195N01013,
PSB,EQ,54.0,54.1,52.35,52.95,52.75,53.4,181615,9602419.35,25-OCT-2016,1321,INE608A01012,
PSL,EQ,6.95,7.15,6.85,6.9,6.9,6.9,132671,924247.25,25-OCT-2016,245,INE474B01017,
PSUBNKBEES,EQ,358.35,361.29,352.46,355.92,356.01,361.4,3061,1092734.0,25-OCT-2016,71,INF732E01110,
PTC,EQ,74.0,74.7,72.85,74.4,74.5,73.9,682422,50367110.3,25-OCT-2016,3425,INE877F01012,
PTL,EQ,125.0,127.85,123.2,125.15,125.15,126.45,3825,478079.6,25-OCT-2016,59,INE034D01031,
PUNJABCHEM,EQ,200.5,202.0,199.0,199.65,200.95,200.5,2952,590976.8,25-OCT-2016,120,INE277B01014,
PUNJLLOYD,EQ,23.85,23.9,23.1,23.3,23.35,23.6,754800,17615252.3,25-OCT-2016,1814,INE701B01021,
PURVA,EQ,48.9,49.25,47.7,47.95,48.0,48.3,158666,7680699.55,25-OCT-2016,1508,INE323I01011,
PVP,EQ,5.6,5.6,5.05,5.25,5.4,5.3,145866,770020.0,25-OCT-2016,251,INE362A01016,
PVR,EQ,1218.0,1236.85,1218.0,1224.15,1220.25,1217.85,53555,65739844.2,25-OCT-2016,1094,INE191H01014,
QGOLDHALF,EQ,1380.0,1380.0,1367.15,1379.05,1377.0,1374.95,356,490748.3,25-OCT-2016,98,INF082J01010,
QUESS,EQ,609.0,611.0,591.8,593.8,593.0,604.6,109588,65778640.55,25-OCT-2016,3488,INE615P01015,
QUICKHEAL,EQ,258.15,258.85,252.0,253.4,253.1,256.9,121296,30919981.25,25-OCT-2016,2390,INE306L01010,
RADAAN,EQ,1.95,1.95,1.95,1.95,1.95,1.95,110,214.5,25-OCT-2016,2,INE874F01027,
RADICO,EQ,139.8,141.65,137.2,138.0,137.65,139.35,243123,33866247.8,25-OCT-2016,2250,INE944F01028,
RAIN,EQ,53.85,53.9,52.3,53.05,53.2,53.75,238710,12633846.45,25-OCT-2016,1256,INE855B01025,
RAINBOWPAP,BE,4.05,4.05,4.05,4.05,4.05,4.25,40365,163478.25,25-OCT-2016,41,INE028D01025,
RAIREKMOH,EQ,77.35,84.9,74.0,83.45,82.3,77.35,32792,2716161.2,25-OCT-2016,401,INE313D01013,
RAJESHEXPO,EQ,490.85,496.5,482.45,487.9,487.05,490.3,302089,147621607.85,25-OCT-2016,6892,INE343B01030,
RAJOIL,EQ,2.85,2.85,2.5,2.85,2.85,2.6,725495,2029249.65,25-OCT-2016,598,INE294G01018,
RAJRAYON,EQ,0.3,0.35,0.3,0.35,0.35,0.35,80553,27725.9,25-OCT-2016,16,INE533D01024,
RAJSREESUG,EQ,61.0,62.0,59.8,60.2,60.2,61.35,13688,835267.6,25-OCT-2016,97,INE562B01019,
RAJTV,EQ,64.0,64.0,63.0,63.2,63.2,63.5,6071,384550.9,25-OCT-2016,77,INE952H01027,
RAJVIR,BE,43.0,43.0,41.0,41.0,41.0,41.65,251,10293.0,25-OCT-2016,2,INE011H01014,
RALLIS,EQ,240.0,241.95,231.1,232.0,231.5,235.95,449361,105625266.7,25-OCT-2016,6790,INE613A01020,
RAMANEWS,EQ,27.8,29.7,27.65,29.0,28.9,27.75,131026,3803553.05,25-OCT-2016,648,INE278B01020,
RAMASTEEL,EQ,140.05,145.0,136.6,143.75,144.2,139.8,63717,9087652.0,25-OCT-2016,370,INE230R01027,
RAMCOCEM,EQ,621.2,635.0,618.25,630.2,635.0,620.7,34571,21596108.1,25-OCT-2016,1587,INE331A01037,
RAMCOIND,EQ,259.0,265.0,250.0,251.85,251.0,257.7,219915,56446831.0,25-OCT-2016,6058,INE614A01028,
RAMCOSYS,EQ,478.0,478.0,466.5,468.25,467.0,471.65,32940,15488632.0,25-OCT-2016,389,INE246B01019,
RAMKY,EQ,83.5,83.95,79.6,80.3,80.4,82.75,75502,6130098.5,25-OCT-2016,824,INE874I01013,
RAMSARUP,BE,2.1,2.2,2.1,2.2,2.2,2.1,14776,32406.9,25-OCT-2016,16,INE005D01015,
RANASUG,EQ,10.6,10.65,10.4,10.6,10.65,10.5,511576,5407692.45,25-OCT-2016,774,INE625B01014,
RANEENGINE,EQ,753.0,765.0,730.0,735.4,731.0,751.3,14826,11076226.4,25-OCT-2016,1337,INE222J01013,
RANEHOLDIN,EQ,899.0,919.0,878.0,883.15,882.0,899.25,8387,7572602.7,25-OCT-2016,804,INE384A01010,
RASOYPR,EQ,0.2,0.2,0.15,0.2,0.2,0.15,865107,158703.2,25-OCT-2016,91,INE904G01038,
RATNAMANI,EQ,640.0,645.0,631.55,641.6,645.0,641.3,10479,6700398.85,25-OCT-2016,420,INE703B01027,
RAYMOND,EQ,625.0,640.0,613.0,628.0,627.0,627.7,420026,264021174.5,25-OCT-2016,8323,INE301A01014,
RBL,EQ,1284.0,1333.0,1255.0,1269.4,1261.0,1279.75,215557,280098318.25,25-OCT-2016,14689,INE244J01017,
RBLBANK,EQ,334.0,346.0,332.2,344.5,345.4,333.6,2684845,916316267.9,25-OCT-2016,28857,INE976G01028,
RCF,EQ,49.2,50.8,48.6,49.55,49.55,49.2,2029037,101050866.85,25-OCT-2016,7536,INE027A01015,
RCOM,EQ,47.5,47.5,46.7,47.0,46.95,47.5,5761464,271050492.45,25-OCT-2016,10154,INE330H01018,
RDEL,EQ,60.4,61.3,60.2,60.45,60.4,60.4,969744,58845001.85,25-OCT-2016,3614,INE542F01012,
RECLTD,EQ,137.3,137.9,135.05,137.2,137.0,137.5,2512649,342742817.9,25-OCT-2016,14428,INE020B01018,
REDINGTON,EQ,107.9,108.8,106.1,106.8,106.35,107.95,79661,8571550.75,25-OCT-2016,1312,INE891D01026,
REFEX,EQ,18.25,18.25,17.3,17.4,17.4,18.15,47325,838765.05,25-OCT-2016,156,INE056I01017,
REGENCERAM,BE,6.75,6.75,6.75,6.75,6.75,6.45,2955,19946.25,25-OCT-2016,16,INE277C01012,
REIAGROLTD,EQ,0.6,0.65,0.55,0.6,0.55,0.6,1580540,949377.9,25-OCT-2016,230,INE385B01031,
REISIXTEN,EQ,0.65,0.65,0.65,0.65,0.65,0.6,71280,46332.0,25-OCT-2016,14,INE849J01021,
RELAXO,EQ,438.9,438.9,428.8,431.3,433.0,434.7,4514,1960343.45,25-OCT-2016,194,INE131B01039,
RELCAPITAL,EQ,550.0,550.6,540.0,541.25,540.4,547.7,1868425,1015560048.65,25-OCT-2016,28439,INE013A01015,
RELCNX100,EQ,91.42,91.42,90.8,90.8,90.8,91.68,274,24939.78,25-OCT-2016,4,INF204K014N5,
RELCONS,EQ,39.5,39.53,39.5,39.5,39.5,39.76,733,28961.0,25-OCT-2016,3,INF204KA1LD7,
RELDIVOPP,EQ,25.4,27.4,22.69,23.04,23.04,22.73,2966,69896.49,25-OCT-2016,22,INF204KA1MS3,
RELGOLD,EQ,2640.55,2694.0,2632.2,2676.35,2693.95,2642.95,3402,9044577.8,25-OCT-2016,554,INF733I01010,
RELIANCE,EQ,1065.0,1065.25,1054.2,1060.85,1063.5,1063.3,1750711,1855315527.65,25-OCT-2016,69996,INE002A01018,
RELIGARE,EQ,272.0,274.7,266.0,267.4,268.0,272.0,4548,1220334.95,25-OCT-2016,316,INE621H01010,
RELINFRA,EQ,579.95,580.85,571.7,574.8,574.65,579.8,958821,552168318.6,25-OCT-2016,13870,INE036A01016,
RELNIFTY,EQ,90.45,90.63,90.45,90.6,90.6,90.53,560001,50735330.45,25-OCT-2016,23,INF204KA1EU6,
REMSONSIND,EQ,61.0,62.0,59.6,62.0,62.0,61.0,1673,102286.5,25-OCT-2016,24,INE474C01015,
RENUKA,EQ,15.85,16.0,15.5,15.7,15.7,15.8,1525279,24065568.05,25-OCT-2016,1961,INE087H01022,
REPCOHOME,EQ,782.0,782.0,768.0,772.45,768.5,781.85,69823,54111926.8,25-OCT-2016,1462,INE612J01015,
REPRO,EQ,462.5,462.9,438.1,441.7,445.5,458.45,24119,10837231.45,25-OCT-2016,2513,INE461B01014,
RESPONIND,EQ,72.7,75.1,68.2,70.5,72.0,73.9,3414,242124.3,25-OCT-2016,77,INE688D01026,
REVATHI,EQ,718.3,740.0,718.3,740.0,740.0,736.65,30,21982.0,25-OCT-2016,3,INE617A01013,
RICOAUTO,EQ,69.4,69.4,67.8,68.25,68.4,69.15,490070,33485330.85,25-OCT-2016,2775,INE209B01025,
RIIL,EQ,424.9,424.9,419.15,422.55,422.15,424.2,130875,55244501.4,25-OCT-2016,3225,INE046A01015,
RJL,EQ,155.0,162.0,151.75,156.45,155.65,149.05,108345,17053394.55,25-OCT-2016,1586,INE722H01016,
RKDL,EQ,12.8,13.8,12.75,13.25,13.2,12.95,61465,818718.1,25-OCT-2016,181,INE722J01012,
RKFORGE,EQ,320.0,328.5,310.1,323.85,325.0,312.05,48463,15338659.95,25-OCT-2016,572,INE399G01015,
RMCL,EQ,9.7,11.55,9.7,10.95,11.05,9.75,2388063,25790619.1,25-OCT-2016,5372,INE172H01014,
RML,EQ,538.95,545.0,530.0,532.25,535.0,534.2,35867,19242804.15,25-OCT-2016,1859,INE050H01012,
ROHITFERRO,EQ,6.75,6.75,5.9,6.0,5.9,6.4,171721,1059047.5,25-OCT-2016,374,INE248H01012,
ROHLTD,EQ,71.0,71.65,70.6,71.35,70.65,71.65,16490,1169053.85,25-OCT-2016,116,INE283H01019,
ROLTA,EQ,64.2,64.2,63.15,63.3,63.25,64.0,185193,11769828.7,25-OCT-2016,2215,INE293A01013,
ROSSELLIND,EQ,106.0,106.45,102.3,104.65,105.4,104.65,12555,1308942.6,25-OCT-2016,169,INE847C01020,
RPGLIFE,EQ,501.0,511.0,493.0,496.25,494.0,500.9,67461,33787794.2,25-OCT-2016,2166,INE105J01010,
RPOWER,EQ,48.45,48.7,47.9,48.15,48.25,48.45,1124538,54159914.5,25-OCT-2016,2969,INE614G01033,
RPPINFRA,EQ,192.95,196.0,191.6,194.1,193.7,194.0,161100,31186628.65,25-OCT-2016,1422,INE324L01013,
RSSOFTWARE,EQ,68.4,70.85,66.6,70.15,70.3,68.0,230410,15977962.35,25-OCT-2016,2691,INE165B01029,
RSWM,EQ,468.0,468.25,454.0,457.8,456.3,464.8,13014,5983379.25,25-OCT-2016,993,INE611A01016,
RSYSTEMS,EQ,58.15,60.8,58.15,58.9,58.85,58.7,16608,980016.25,25-OCT-2016,158,INE411H01032,
RTNINFRA,EQ,3.4,3.4,3.3,3.3,3.3,3.35,620096,2054833.05,25-OCT-2016,111,INE834M01019,
RTNPOWER,EQ,8.7,8.8,8.45,8.6,8.55,8.75,4808783,41271276.1,25-OCT-2016,3928,INE399K01017,
RUBYMILLS,EQ,475.0,480.0,460.3,462.35,462.0,472.05,16500,7694219.95,25-OCT-2016,499,INE301D01026,
RUCHINFRA,BE,4.4,4.4,4.3,4.4,4.4,4.35,5549,24385.6,25-OCT-2016,14,INE413B01023,
RUCHIRA,EQ,119.25,119.25,115.0,115.65,116.0,117.8,299067,34933026.9,25-OCT-2016,3459,INE803H01014,
RUCHISOYA,EQ,23.75,23.75,23.05,23.45,23.6,23.5,152769,3582447.5,25-OCT-2016,453,INE619A01027,
RUPA,EQ,283.75,287.0,282.15,284.45,286.0,282.2,2847,805422.9,25-OCT-2016,66,INE895B01021,
RUSHIL,EQ,663.0,669.4,655.0,662.05,658.75,660.65,224036,148474938.35,25-OCT-2016,3452,INE573K01017,
SABEVENTS,EQ,53.0,53.95,52.1,52.9,53.5,52.35,7593,401706.35,25-OCT-2016,118,INE860T01019,
SABTN,EQ,262.0,264.55,262.0,262.2,262.0,261.1,25238,6638076.1,25-OCT-2016,518,INE416A01036,
SADBHAV,EQ,278.5,278.5,273.35,275.8,276.0,277.55,41430,11387442.7,25-OCT-2016,1294,INE226H01026,
SADBHIN,EQ,105.25,107.95,105.25,106.0,106.5,105.45,31353,3349605.5,25-OCT-2016,187,INE764L01010,
SAGCEM,EQ,771.0,771.0,740.05,748.6,741.05,758.65,3046,2297842.2,25-OCT-2016,264,INE229C01013,
SAIL,EQ,49.1,51.4,48.9,50.6,50.55,49.65,9615932,485554887.55,25-OCT-2016,21903,INE114A01011,
SAKHTISUG,EQ,37.65,38.0,36.9,37.0,36.9,37.45,118734,4425236.65,25-OCT-2016,648,INE623A01011,
SAKSOFT,EQ,211.0,213.0,206.2,210.1,210.25,210.5,2413,506343.2,25-OCT-2016,141,INE667G01015,
SAKUMA,EQ,66.6,68.0,64.0,64.65,64.7,67.15,30199,1974752.05,25-OCT-2016,309,INE190H01016,
SALONA,EQ,38.9,38.9,37.6,37.6,37.6,39.0,10,382.5,25-OCT-2016,2,INE498E01010,
SALORAINTL,EQ,60.2,60.2,59.2,59.5,59.4,60.7,1325,79321.4,25-OCT-2016,16,INE924A01013,
SALSTEEL,EQ,3.5,4.35,3.5,4.35,4.35,3.65,226106,954437.1,25-OCT-2016,307,INE658G01014,
SALZERELEC,EQ,233.05,234.7,221.2,228.55,226.0,235.05,42778,9750422.4,25-OCT-2016,1007,INE457F01013,
SAMBHAAV,EQ,6.5,7.75,6.3,7.3,7.3,6.7,116417,829915.7,25-OCT-2016,185,INE699B01027,
SAMTEL,EQ,0.6,0.6,0.5,0.5,0.5,0.55,5305,3152.5,25-OCT-2016,7,INE381A01016,
SANDESH,EQ,1031.75,1050.0,1018.0,1022.3,1019.0,1021.95,1367,1398112.6,25-OCT-2016,381,INE583B01015,
SANGAMIND,EQ,314.95,314.95,305.0,306.85,307.0,312.95,77001,23681533.2,25-OCT-2016,1298,INE495C01010,
SANGHIIND,EQ,73.7,74.45,71.55,72.25,73.0,73.05,301004,21863607.15,25-OCT-2016,1741,INE999B01013,
SANGHVIFOR,EQ,39.75,40.75,38.35,39.95,40.0,38.3,2945,116739.2,25-OCT-2016,59,INE263L01013,
SANGHVIMOV,EQ,272.5,273.75,267.25,269.1,269.0,270.5,86105,23288169.45,25-OCT-2016,1688,INE989A01024,
SANOFI,EQ,4310.05,4363.95,4302.5,4324.35,4310.05,4327.35,15757,68141919.7,25-OCT-2016,754,INE058A01010,
SANWARIA,EQ,6.6,6.6,6.25,6.55,6.55,6.55,109038,696511.45,25-OCT-2016,235,INE890C01046,
SARDAEN,EQ,242.0,245.0,237.4,241.05,241.45,239.75,117724,28396875.35,25-OCT-2016,3162,INE385C01013,
SAREGAMA,EQ,245.0,245.55,239.35,241.8,240.45,242.7,16103,3933203.2,25-OCT-2016,285,INE979A01017,
SARLAPOLY,EQ,74.4,74.5,73.0,73.7,73.55,73.4,37113,2733123.3,25-OCT-2016,410,INE453D01025,
SASKEN,EQ,424.0,440.0,414.0,430.0,431.0,405.25,443907,190288380.55,25-OCT-2016,13714,INE231F01020,
SATHAISPAT,EQ,91.6,97.05,88.4,93.15,94.9,95.8,228031,21427429.85,25-OCT-2016,1734,INE176C01016,
SATIN,EQ,581.55,585.0,571.9,582.95,584.75,580.1,110602,63922424.55,25-OCT-2016,2985,INE836B01017,
SBBJ,EQ,712.25,714.0,705.1,707.65,709.0,711.35,29496,20894814.75,25-OCT-2016,830,INE648A01026,
SBIN,EQ,264.0,264.55,260.75,261.45,261.5,262.95,9079178,2379356465.55,25-OCT-2016,60368,INE062A01020,
SBT,EQ,558.05,562.0,554.0,557.9,557.0,557.65,39293,21893673.15,25-OCT-2016,993,INE654A01024,
SCHNEIDER,EQ,161.0,163.8,159.2,159.95,159.55,161.3,89310,14375476.7,25-OCT-2016,1296,INE839M01018,
SCI,EQ,69.95,70.2,68.8,69.25,69.4,69.6,324498,22506820.65,25-OCT-2016,1914,INE109A01011,
SDBL,EQ,165.1,165.1,160.0,162.4,162.0,164.95,27040,4432223.3,25-OCT-2016,396,INE480C01012,
SEAMECLTD,EQ,96.35,98.1,95.25,97.5,97.1,96.05,22469,2180656.0,25-OCT-2016,318,INE497B01018,
SEINV,EQ,235.0,239.0,225.0,226.75,226.5,233.05,1184,271645.1,25-OCT-2016,72,INE420C01042,
SELAN,EQ,214.35,222.0,213.95,215.8,215.5,213.55,477411,104107080.45,25-OCT-2016,6896,INE818A01017,
SELMCL,EQ,3.35,3.65,3.35,3.5,3.5,3.45,277692,973116.5,25-OCT-2016,280,INE105I01012,
SENSEXIWIN,EQ,291.07,291.07,290.18,290.18,290.18,291.7,165,47894.05,25-OCT-2016,3,INF346A01034,
SEPOWER,EQ,6.05,8.0,6.05,8.0,8.0,6.7,49903,387981.05,25-OCT-2016,86,INE735M01018,
SEQUENT,EQ,125.6,127.0,121.4,122.8,121.95,126.1,25019,3087519.15,25-OCT-2016,599,INE807F01027,
SERVALL,EQ,4.25,4.25,4.0,4.0,4.0,4.05,7336,29544.15,25-OCT-2016,13,INE431L01016,
SESHAPAPER,EQ,613.05,619.0,603.0,604.85,605.0,612.2,7074,4300410.95,25-OCT-2016,420,INE630A01016,
SETCO,EQ,44.6,45.2,42.75,43.2,43.2,44.25,205539,9053458.7,25-OCT-2016,1283,INE878E01021,
SETF10GILT,EQ,160.0,160.0,160.0,160.0,160.0,162.0,5,800.0,25-OCT-2016,2,INF200KA1JT1,
SETFGOLD,EQ,2765.0,2777.0,2752.0,2767.25,2774.75,2765.35,7936,21923408.65,25-OCT-2016,348,INF200K01099,
SETFNIF50,EQ,88.7,88.9,88.45,88.85,88.85,90.05,1049,92996.4,25-OCT-2016,53,INF200KA1FS1,
SETFNIFBK,EQ,201.49,201.61,200.02,201.51,201.52,200.99,1249,251226.2,25-OCT-2016,15,INF200KA1580,
SETFNN50,EQ,242.7,260.0,240.4,246.85,247.0,246.0,813,202886.93,25-OCT-2016,27,INF200KA1598,
SEZAL,EQ,5.6,5.6,5.55,5.6,5.6,5.35,11338,63082.8,25-OCT-2016,16,INE955I01036,
SFCL,EQ,115.1,117.0,115.0,115.55,115.65,114.9,29478,3410405.85,25-OCT-2016,474,INE935O01010,
SGFL,BE,2.0,2.1,1.9,2.1,2.1,2.0,3695,7695.5,25-OCT-2016,10,INE883G01018,
SGJHL,EQ,5.35,5.55,5.35,5.5,5.5,5.4,45907,251862.4,25-OCT-2016,65,INE553K01019,
SGL,EQ,17.9,18.4,17.0,18.35,18.3,17.8,97835,1769189.1,25-OCT-2016,197,INE353H01010,
SHAHALLOYS,EQ,12.9,12.9,12.3,12.3,12.3,12.7,3046,37753.15,25-OCT-2016,18,INE640C01011,
SHAKTIPUMP,EQ,136.05,137.9,132.2,134.7,135.5,134.5,32484,4398111.5,25-OCT-2016,943,INE908D01010,
SHALPAINTS,EQ,198.4,202.0,197.0,197.7,197.05,198.35,47938,9564899.5,25-OCT-2016,955,INE849C01026,
SHANTIGEAR,EQ,128.65,129.7,127.1,128.8,128.85,128.6,32774,4214687.0,25-OCT-2016,625,INE631A01022,
SHARDACROP,EQ,427.5,428.35,415.1,417.25,416.5,425.75,38698,16270141.05,25-OCT-2016,992,INE221J01015,
SHARDAMOTR,EQ,1250.0,1289.0,1250.0,1276.5,1277.6,1259.0,11009,14048737.95,25-OCT-2016,1320,INE597I01010,
SHARIABEES,EQ,202.25,202.25,198.0,198.5,198.5,199.0,1022,202619.5,25-OCT-2016,5,INF732E01128,
SHARONBIO,EQ,12.0,12.05,11.75,11.8,11.8,11.95,220736,2627284.45,25-OCT-2016,677,INE028B01029,
SHEMAROO,EQ,321.0,321.0,315.25,316.65,320.0,320.25,25559,8091639.2,25-OCT-2016,738,INE363M01019,
SHILPAMED,EQ,596.65,609.7,595.05,600.85,602.0,596.5,12499,7506248.55,25-OCT-2016,682,INE790G01031,
SHILPI,EQ,204.45,209.75,203.0,203.8,204.85,204.55,616319,126271371.7,25-OCT-2016,3102,INE510K01019,
SHIRPUR-G,EQ,132.0,144.0,127.25,139.1,139.0,127.6,174703,24132509.05,25-OCT-2016,3172,INE196B01016,
SHIVAMAUTO,EQ,52.0,52.6,51.05,52.2,52.15,52.05,108144,5619696.7,25-OCT-2016,1256,INE637H01024,
SHIVTEX,EQ,227.75,234.0,226.55,229.1,229.0,227.8,8971,2050404.05,25-OCT-2016,182,INE705C01012,
SHK,EQ,304.9,321.8,303.5,311.15,311.0,306.1,52414,16466706.3,25-OCT-2016,2040,INE500L01026,
SHOPERSTOP,EQ,365.0,378.65,365.0,373.9,373.0,366.65,14007,5248042.2,25-OCT-2016,543,INE498B01024,
SHREECEM,EQ,17217.6,17349.95,17180.0,17237.45,17195.0,17259.65,4857,84000761.35,25-OCT-2016,2229,INE070A01015,
SHREEPUSHK,EQ,175.35,179.7,173.0,177.4,177.8,175.35,319668,56650842.9,25-OCT-2016,4960,INE712K01011,
SHREERAMA,EQ,17.95,19.5,17.6,18.95,18.95,17.75,537257,9877620.05,25-OCT-2016,1124,INE879A01019,
SHRENUJ,EQ,2.8,2.85,2.75,2.85,2.85,2.75,1321859,3731451.0,25-OCT-2016,417,INE633A01028,
SHREYANIND,EQ,78.15,82.5,77.5,78.05,78.0,79.95,6880,538874.05,25-OCT-2016,72,INE231C01019,
SHREYAS,EQ,285.15,290.0,281.0,282.55,285.45,285.65,26678,7572118.6,25-OCT-2016,891,INE757B01015,
SHRIPISTON,BE,1600.0,1620.0,1600.0,1615.0,1615.0,1596.0,127,204734.5,25-OCT-2016,18,INE526E01018,
SHRIRAMCIT,EQ,2328.8,2344.95,2304.05,2334.05,2337.0,2308.8,83213,192958415.25,25-OCT-2016,3880,INE722A01011,
SHRIRAMEPC,EQ,24.3,25.0,24.3,24.85,24.75,24.45,45063,1110505.45,25-OCT-2016,331,INE964H01014,
SHYAMCENT,EQ,6.9,7.0,6.85,7.0,7.0,7.15,591,4105.0,25-OCT-2016,6,INE979R01011,
SHYAMTEL,EQ,32.7,32.7,31.55,31.75,31.7,32.35,5363,170573.6,25-OCT-2016,33,INE635A01023,
SICAGEN,EQ,26.0,30.2,24.8,28.3,28.25,25.55,966292,27687983.6,25-OCT-2016,4711,INE176J01011,
SICAL,EQ,184.4,207.75,183.5,198.3,200.0,186.05,418434,83853206.8,25-OCT-2016,7601,INE075B01012,
SIEMENS,EQ,1214.0,1219.75,1205.55,1212.3,1211.0,1211.45,57669,69859383.85,25-OCT-2016,4963,INE003A01024,
SIGNET,EQ,42.95,44.0,42.25,42.75,42.65,42.25,594510,25581947.4,25-OCT-2016,1487,INE529F01027,
SIL,BE,27.0,27.85,27.0,27.2,27.1,27.5,27819,761549.25,25-OCT-2016,75,INE173A01025,
SILINV,EQ,107.0,107.0,105.0,105.1,105.0,105.7,585,61882.7,25-OCT-2016,29,INE923A01015,
SIMBHALS,EQ,36.0,36.25,35.1,35.5,35.2,35.7,38671,1376709.75,25-OCT-2016,319,INE748T01016,
SIMPLEX,EQ,29.3,30.35,29.0,29.35,29.05,30.45,11307,333408.2,25-OCT-2016,90,INE898F01018,
SIMPLEXINF,EQ,326.65,335.0,326.65,332.95,330.0,330.05,3642,1210058.15,25-OCT-2016,110,INE059B01024,
SINTEX,EQ,84.9,85.55,84.1,84.8,84.9,84.85,3017748,255760259.65,25-OCT-2016,9659,INE429C01035,
SITASHREE,EQ,12.75,14.4,12.7,12.95,13.0,12.7,4423200,58815630.1,25-OCT-2016,4324,INE686I01011,
SITINET,EQ,34.0,34.3,33.0,34.05,34.1,34.2,87719,2970937.5,25-OCT-2016,565,INE965H01011,
SIYSIL,EQ,1520.0,1545.0,1500.0,1541.0,1545.0,1531.6,2198,3355467.95,25-OCT-2016,227,INE076B01010,
SJVN,EQ,31.8,33.5,31.6,32.45,32.3,31.6,2885171,94353904.95,25-OCT-2016,6072,INE002L01015,
SKFINDIA,EQ,1420.0,1426.4,1410.0,1413.25,1410.0,1420.15,1486,2105813.05,25-OCT-2016,167,INE640A01023,
SKIL,EQ,28.0,28.0,26.75,27.05,27.35,28.0,30612,831676.15,25-OCT-2016,117,INE429F01012,
SKIPPER,EQ,153.35,154.15,150.7,151.55,151.95,152.6,28021,4253671.15,25-OCT-2016,439,INE439E01022,
SKMEGGPROD,EQ,70.15,70.65,69.0,69.65,69.35,70.0,30140,2097329.65,25-OCT-2016,388,INE411D01015,
SMARTLINK,EQ,95.55,98.65,93.2,96.5,96.5,94.65,69857,6642944.3,25-OCT-2016,1212,INE178C01020,
SMLISUZU,EQ,1276.5,1288.5,1252.0,1261.75,1260.0,1280.5,65802,83473067.3,25-OCT-2016,2465,INE294B01019,
SMPL,EQ,2.85,3.05,2.8,2.85,2.85,2.85,255931,733230.5,25-OCT-2016,136,INE215G01021,
SMSPHARMA,EQ,108.1,114.35,107.7,110.65,111.0,108.65,524180,58730993.45,25-OCT-2016,4567,INE812G01025,
SNOWMAN,EQ,65.45,65.75,64.55,64.8,64.7,65.25,742922,48478729.25,25-OCT-2016,3944,INE734N01019,
SOBHA,EQ,288.05,291.6,285.0,285.95,285.0,288.55,69881,20008727.25,25-OCT-2016,3425,INE671H01015,
SOLARINDS,EQ,655.0,658.9,645.25,648.7,649.5,649.65,14935,9717258.55,25-OCT-2016,654,INE343H01029,
SOMANYCERA,EQ,639.95,646.0,635.0,642.45,640.5,634.15,5980,3829959.35,25-OCT-2016,383,INE355A01028,
SOMATEX,EQ,13.4,13.9,12.35,12.85,12.6,13.3,122659,1576767.9,25-OCT-2016,471,INE314C01013,
SOMICONVEY,EQ,43.95,43.95,40.05,41.8,41.9,40.95,20359,842518.05,25-OCT-2016,48,INE323J01019,
SONASTEER,EQ,67.55,69.0,67.0,68.55,68.55,68.1,130356,8852114.2,25-OCT-2016,794,INE643A01035,
SONATSOFTW,EQ,155.0,156.0,153.0,154.15,154.2,155.2,42557,6564812.8,25-OCT-2016,1201,INE269A01021,
SOTL,EQ,749.0,765.0,741.0,746.65,743.0,744.25,6319,4738144.95,25-OCT-2016,275,INE035D01012,
SOUTHBANK,EQ,24.3,24.45,24.05,24.2,24.15,24.35,3581493,86676075.0,25-OCT-2016,2171,INE683A01023,
SPAL,EQ,339.25,346.5,337.0,341.35,342.0,340.75,62113,21284689.55,25-OCT-2016,680,INE212I01016,
SPARC,EQ,332.75,339.0,331.8,335.35,336.0,332.75,219074,73689233.3,25-OCT-2016,4561,INE232I01014,
SPECIALITY,EQ,87.25,89.95,87.25,89.4,89.95,87.8,19955,1764676.3,25-OCT-2016,221,INE247M01014,
SPENTEX,EQ,6.9,7.4,6.9,7.15,7.3,7.2,46133,330448.15,25-OCT-2016,84,INE376C01020,
SPHEREGSL,EQ,78.05,79.0,76.55,77.2,76.55,78.25,5885,457905.8,25-OCT-2016,68,INE737B01033,
SPIC,EQ,25.8,26.0,24.3,25.1,25.15,25.4,958342,23946429.15,25-OCT-2016,2748,INE147A01011,
SPICEMOBI,EQ,15.8,16.3,15.7,15.85,15.8,15.75,12020,191400.1,25-OCT-2016,53,INE927C01020,
SPLIL,EQ,32.2,32.2,28.75,29.45,29.25,29.0,13269,393563.75,25-OCT-2016,73,INE978G01016,
SPMLINFRA,EQ,65.2,66.0,64.0,65.0,65.0,65.0,8680,562665.25,25-OCT-2016,141,INE937A01023,
SPYL,EQ,1.55,1.55,1.45,1.5,1.55,1.45,27885,41969.65,25-OCT-2016,25,INE268L01020,
SQSBFSI,EQ,760.0,765.05,751.65,758.95,759.5,749.3,16088,12224946.1,25-OCT-2016,777,INE201K01015,
SREEL,EQ,126.55,129.5,123.0,126.9,124.5,125.85,466,58504.9,25-OCT-2016,40,INE099F01013,
SREINFRA,EQ,74.7,74.95,72.8,73.5,73.65,74.15,336890,24786973.85,25-OCT-2016,1688,INE872A01014,
SRF,EQ,1881.0,1893.35,1865.6,1875.2,1882.0,1882.9,92395,173241626.0,25-OCT-2016,5600,INE647A01010,
SRGINFOTEC,BE,0.25,0.35,0.25,0.3,0.3,0.3,7328,2433.4,25-OCT-2016,3,INE376A01032,
SRHHYPOLTD,EQ,131.0,139.0,129.5,136.95,138.5,131.85,15800,2131311.7,25-OCT-2016,271,INE917H01012,
SRIPIPES,EQ,322.1,328.8,317.0,319.2,320.0,325.3,63121,20354140.0,25-OCT-2016,2278,INE943C01027,
SRSLTD,EQ,6.55,7.45,6.5,7.2,7.2,6.5,6813686,48293920.9,25-OCT-2016,5068,INE219H01039,
SRTRANSFIN,EQ,1154.2,1164.0,1143.1,1157.15,1153.05,1154.6,482804,556957313.6,25-OCT-2016,23238,INE721A01013,
SSWL,EQ,700.0,718.0,694.65,697.65,694.65,697.25,44138,31184173.85,25-OCT-2016,1790,INE802C01017,
STAMPEDE,EQ,36.45,36.45,34.55,35.25,35.2,36.05,91807,3269445.15,25-OCT-2016,553,INE224E01028,
STAR,EQ,990.45,991.95,975.0,979.35,979.0,988.95,153022,149898367.35,25-OCT-2016,5387,INE939A01011,
STARPAPER,EQ,130.0,136.6,128.1,130.2,129.9,130.1,222978,29490207.2,25-OCT-2016,2429,INE733A01018,
STCINDIA,EQ,127.55,136.65,125.85,134.95,136.0,127.05,592834,78684910.1,25-OCT-2016,7019,INE655A01013,
STEL,EQ,61.9,61.9,58.3,58.3,58.3,61.35,24639,1453095.6,25-OCT-2016,207,INE577L01016,
STERLINBIO,EQ,4.05,4.1,4.0,4.05,4.05,4.05,69590,281367.35,25-OCT-2016,68,INE324C01038,
STERTOOLS,EQ,992.0,1000.0,979.0,984.1,980.05,978.5,5370,5305595.7,25-OCT-2016,473,INE334A01015,
STINDIA,EQ,10.7,10.8,10.2,10.25,10.8,10.4,3375,34683.5,25-OCT-2016,20,INE090C01019,
STOREONE,EQ,158.45,158.45,153.0,154.3,153.45,157.15,58937,9139518.7,25-OCT-2016,902,INE034H01016,
STRTECH,EQ,110.95,110.95,106.15,107.1,107.65,110.85,914364,98286359.8,25-OCT-2016,7524,INE089C01029,
SUBEX,EQ,12.0,12.0,11.7,11.8,11.8,11.9,1858899,21976866.65,25-OCT-2016,1399,INE754A01014,
SUBROS,EQ,140.8,149.5,139.0,145.8,146.2,140.1,474061,69531665.4,25-OCT-2016,6338,INE287B01021,
SUDARSCHEM,EQ,388.75,389.0,379.05,380.8,379.3,387.7,58481,22411534.4,25-OCT-2016,1207,INE659A01023,
SUJANATWR,EQ,10.75,10.85,9.55,10.3,10.6,10.5,524767,5258032.95,25-OCT-2016,1158,INE333I01036,
SUJANAUNI,EQ,1.8,1.85,1.7,1.8,1.8,1.8,302844,539064.15,25-OCT-2016,130,INE216G01011,
SUMEETINDS,EQ,43.0,43.2,40.45,41.4,41.4,42.55,2244138,92477236.25,25-OCT-2016,5954,INE235C01010,
SUMMITSEC,EQ,467.0,489.0,457.0,466.5,466.0,479.05,1123,526087.25,25-OCT-2016,216,INE519C01017,
SUNCLAYLTD,EQ,3450.0,3450.0,3380.0,3391.6,3415.0,3380.4,714,2422757.5,25-OCT-2016,144,INE105A01035,
SUNDARAM,EQ,4.65,4.85,4.6,4.75,4.7,4.65,181983,857404.5,25-OCT-2016,196,INE108E01023,
SUNDARMFIN,EQ,1422.0,1422.0,1366.05,1373.75,1370.1,1420.1,226955,319413573.05,25-OCT-2016,1690,INE660A01013,
SUNDRMBRAK,EQ,554.8,560.0,540.1,544.15,541.0,550.9,21294,11768369.45,25-OCT-2016,907,INE073D01013,
SUNDRMFAST,EQ,328.0,337.55,320.5,328.1,329.0,326.7,406408,134471252.7,25-OCT-2016,6511,INE387A01021,
SUNFLAG,EQ,41.4,41.75,40.05,40.25,40.2,41.15,2144465,88050004.45,25-OCT-2016,7922,INE947A01014,
SUNILHITEC,EQ,437.85,455.0,430.0,434.85,432.0,437.6,590711,262701549.2,25-OCT-2016,8917,INE305H01010,
SUNPHARMA,EQ,749.1,759.0,746.25,747.4,747.95,747.15,1924646,1446969565.9,25-OCT-2016,57793,INE044A01036,
SUNTECK,EQ,276.5,281.75,273.35,276.75,275.0,278.8,61700,17150818.4,25-OCT-2016,1233,INE805D01026,
SUNTV,EQ,536.65,538.0,527.75,532.35,531.3,534.1,894105,475930898.85,25-OCT-2016,15530,INE424H01027,
SUPERHOUSE,EQ,161.15,163.95,161.1,163.55,163.0,162.95,970,157435.1,25-OCT-2016,40,INE712B01010,
SUPERSPIN,EQ,18.8,18.8,17.55,18.15,18.2,18.5,245349,4437470.7,25-OCT-2016,635,INE662A01027,
SUPPETRO,EQ,244.0,244.0,227.4,234.55,233.55,246.2,115383,26919797.45,25-OCT-2016,3449,INE663A01017,
SUPRAJIT,EQ,212.15,214.0,209.0,210.35,209.15,213.45,22879,4841438.2,25-OCT-2016,436,INE399C01030,
SUPREMEIND,EQ,929.8,935.0,910.0,912.9,910.0,916.1,41907,38361298.8,25-OCT-2016,902,INE195A01028,
SUPREMEINF,EQ,94.2,94.25,88.25,90.25,90.5,92.95,38958,3525896.5,25-OCT-2016,1095,INE550H01011,
SUPREMETEX,EQ,6.4,6.4,5.9,5.9,5.9,6.2,516968,3100228.65,25-OCT-2016,430,INE651G01027,
SURANAIND,EQ,5.5,5.65,5.35,5.4,5.4,5.6,21940,119401.7,25-OCT-2016,57,INE659D01019,
SURANASOL,EQ,25.0,25.0,24.25,24.45,24.3,24.3,68388,1687047.05,25-OCT-2016,347,INE272L01022,
SURANAT&P,EQ,5.35,5.65,5.35,5.65,5.65,5.5,22350,126093.3,25-OCT-2016,29,INE130B01031,
SURYALAXMI,EQ,139.7,143.7,137.35,140.2,139.7,140.8,77068,10752522.65,25-OCT-2016,573,INE713B01026,
SURYAROSNI,EQ,238.35,239.4,232.65,233.7,233.0,238.9,94452,22156731.45,25-OCT-2016,1030,INE335A01012,
SUTLEJTEX,EQ,802.0,806.0,793.0,804.1,801.0,806.65,2784,2236754.7,25-OCT-2016,333,INE645H01019,
SUVEN,EQ,199.5,200.5,197.1,197.7,197.2,199.2,210401,41741757.8,25-OCT-2016,2996,INE495B01038,
SUZLON,EQ,14.85,14.9,14.6,14.65,14.65,14.8,7259353,106747638.45,25-OCT-2016,4406,INE040H01021,
SWANENERGY,EQ,103.05,108.8,103.0,105.4,104.05,102.45,132125,13933674.5,25-OCT-2016,1044,INE665A01038,
SWARAJENG,EQ,1375.0,1394.0,1341.05,1348.75,1350.0,1377.15,4638,6298127.55,25-OCT-2016,562,INE277A01016,
SWELECTES,EQ,347.45,355.95,347.0,349.4,350.0,345.1,2693,942594.2,25-OCT-2016,198,INE409B01013,
SYMPHONY,EQ,1200.0,1433.6,1168.0,1367.9,1433.6,1194.7,520141,681570332.15,25-OCT-2016,29180,INE225D01027,
SYNCOM,EQ,8.6,8.8,8.15,8.4,8.45,8.7,219021,1851753.35,25-OCT-2016,643,INE602K01014,
SYNDIBANK,EQ,77.6,77.9,76.65,77.25,77.2,77.6,1140788,88039843.4,25-OCT-2016,5181,INE667A01018,
SYNGENE,EQ,556.6,559.0,541.1,544.5,542.0,557.35,459740,252368709.6,25-OCT-2016,9458,INE398R01022,
TAINWALCHM,EQ,48.8,50.5,47.0,49.8,49.0,48.1,5913,293411.9,25-OCT-2016,38,INE123C01018,
TAJGVK,EQ,127.05,129.8,126.5,127.35,127.0,128.6,27745,3532619.75,25-OCT-2016,495,INE586B01026,
TAKE,EQ,163.0,164.3,162.55,163.3,163.0,162.05,31034,5069781.75,25-OCT-2016,589,INE142I01023,
TALBROAUTO,EQ,162.7,163.7,156.45,159.5,158.85,161.65,75531,12081323.4,25-OCT-2016,1287,INE187D01011,
TALWALKARS,EQ,269.5,280.8,267.45,272.8,272.75,268.8,177577,48739880.95,25-OCT-2016,3483,INE502K01016,
TANLA,EQ,44.9,45.2,42.6,43.1,43.15,44.95,673884,29426646.1,25-OCT-2016,2840,INE483C01032,
TANTIACONS,EQ,16.2,17.5,15.5,16.3,16.3,16.05,16891,274376.75,25-OCT-2016,96,INE388G01018,
TARAJEWELS,EQ,47.75,47.75,46.15,46.65,46.6,47.05,58064,2723674.9,25-OCT-2016,648,INE799L01016,
TARAPUR,EQ,5.5,5.75,5.35,5.75,5.75,5.55,3741,20130.75,25-OCT-2016,13,INE747K01017,
TARMAT,EQ,53.5,54.45,51.2,52.75,53.6,53.0,33032,1739429.9,25-OCT-2016,384,INE924H01018,
TATACHEM,EQ,567.0,571.9,552.55,566.65,570.05,578.25,3708169,2081932007.65,25-OCT-2016,33970,INE092A01019,
TATACOFFEE,EQ,133.5,133.5,129.35,130.65,130.5,134.9,1212047,159040031.8,25-OCT-2016,8787,INE493A01027,
TATACOMM,EQ,649.9,659.0,642.7,655.1,649.05,668.5,1238015,807917880.6,25-OCT-2016,18694,INE151A01013,
TATAELXSI,EQ,1322.0,1329.95,1302.0,1314.35,1312.0,1333.5,294435,387568817.15,25-OCT-2016,12637,INE670A01012,
TATAGLOBAL,EQ,149.05,151.75,148.4,150.0,149.95,154.05,3234883,484843387.7,25-OCT-2016,15848,INE192A01025,
TATAINVEST,EQ,611.0,617.45,602.25,611.4,612.5,620.35,53778,32848296.55,25-OCT-2016,2253,INE672A01018,
TATAMETALI,EQ,393.0,410.3,386.0,400.45,402.0,422.1,1134655,458431135.2,25-OCT-2016,19705,INE056C01010,
TATAMOTORS,EQ,549.85,561.0,549.1,553.8,552.3,559.8,5690576,3158495015.6,25-OCT-2016,84734,INE155A01022,
TATAMTRDVR,EQ,357.5,364.2,355.35,363.25,363.2,363.6,1181635,426533338.45,25-OCT-2016,20127,IN9155A01020,
TATAPOWER,EQ,82.0,83.3,81.2,82.4,82.25,83.65,3720701,306590718.85,25-OCT-2016,19230,INE245A01021,
TATASPONGE,EQ,626.25,632.8,613.0,616.1,620.0,636.75,352061,218927763.5,25-OCT-2016,9200,INE674A01014,
TATASTEEL,EQ,410.0,419.2,408.35,415.25,414.75,426.05,8696996,3610305561.55,25-OCT-2016,83978,INE081A01012,
TBZ,EQ,87.4,87.4,85.1,85.5,85.9,86.8,295172,25387304.25,25-OCT-2016,2802,INE760L01018,
TCI,EQ,181.65,183.0,179.1,182.15,182.7,180.3,37682,6847246.75,25-OCT-2016,793,INE688A01022,
TCIDEVELOP,EQ,362.5,364.6,362.5,364.6,364.6,372.25,8,2908.4,25-OCT-2016,2,INE662L01016,
TCIFINANCE,EQ,30.8,33.5,28.15,29.35,29.05,29.75,1260694,39089388.8,25-OCT-2016,6046,INE911B01018,
TCS,EQ,2405.0,2414.6,2381.0,2398.45,2400.0,2427.7,886233,2127866314.35,25-OCT-2016,40428,INE467B01029,
TDPOWERSYS,EQ,200.0,205.0,198.35,200.25,199.95,199.9,12016,2416612.55,25-OCT-2016,361,INE419M01019,
TEAMLEASE,EQ,994.05,1024.8,976.0,1008.65,1000.35,994.95,13018,13093252.4,25-OCT-2016,3124,INE985S01024,
TECHIN,EQ,6.2,6.2,6.2,6.2,6.2,6.5,290,1798.0,25-OCT-2016,2,INE778A01021,
TECHM,EQ,431.0,437.75,429.3,434.05,432.95,429.15,1684650,730336900.6,25-OCT-2016,68413,INE669C01036,
TECHNO,EQ,331.0,343.4,310.0,316.1,314.0,305.45,304229,99710252.55,25-OCT-2016,7825,INE286K01024,
TECHNOFAB,EQ,193.0,194.2,191.25,192.8,192.55,193.55,1658,319315.8,25-OCT-2016,36,INE509K01011,
TEXINFRA,EQ,43.0,43.3,41.85,42.1,42.0,42.7,35268,1491410.25,25-OCT-2016,255,INE435C01024,
TEXMOPIPES,EQ,28.05,28.4,27.6,27.85,27.7,27.95,73618,2059826.85,25-OCT-2016,310,INE141K01013,
TEXRAIL,EQ,110.0,111.05,108.75,109.5,109.6,110.5,189622,20765430.45,25-OCT-2016,1538,INE621L01012,
TFCILTD,EQ,65.0,65.0,63.5,64.45,65.0,64.05,567868,36421892.25,25-OCT-2016,3307,INE305A01015,
TFL,EQ,9.5,9.75,9.5,9.75,9.75,9.5,2111,20227.6,25-OCT-2016,8,INE804H01012,
TGBHOTELS,EQ,88.9,88.9,86.25,86.85,87.05,88.05,52939,4649323.2,25-OCT-2016,450,INE797H01018,
THANGAMAYL,EQ,246.2,249.2,244.1,244.8,244.5,245.3,3787,928352.5,25-OCT-2016,48,INE085J01014,
THEMISMED,EQ,602.0,624.5,602.0,618.55,615.0,608.55,3553,2176681.8,25-OCT-2016,162,INE083B01016,
THERMAX,EQ,867.0,867.0,849.0,850.3,850.0,863.25,15374,13148136.0,25-OCT-2016,1216,INE152A01029,
THIRUSUGAR,EQ,64.0,64.9,62.65,63.85,63.55,64.05,9311,596736.8,25-OCT-2016,57,INE409A01015,
THOMASCOOK,EQ,219.95,221.0,217.55,219.85,219.5,219.8,160868,35320185.7,25-OCT-2016,2984,INE332A01027,
THOMASCOTT,BE,13.25,13.9,13.25,13.25,13.25,13.25,681,9146.1,25-OCT-2016,4,INE480M01011,
THYROCARE,EQ,669.0,669.0,645.5,651.85,651.1,668.2,47359,31002169.55,25-OCT-2016,2302,INE594H01019,
TI,EQ,16.8,16.95,16.55,16.7,16.7,16.75,130239,2178544.95,25-OCT-2016,464,INE133E01013,
TIDEWATER,EQ,6087.2,6210.0,6051.0,6140.85,6140.0,6059.05,5802,35638505.4,25-OCT-2016,1786,INE484C01022,
TIIL,EQ,395.0,398.35,388.2,395.9,394.9,389.8,4274,1684712.5,25-OCT-2016,237,INE545H01011,
TIJARIA,EQ,8.0,8.0,6.85,7.1,7.1,7.35,9914,71727.75,25-OCT-2016,41,INE440L01017,
TIL,EQ,291.5,292.85,285.6,286.45,287.0,292.75,14484,4174252.9,25-OCT-2016,402,INE806C01018,
TIMESGTY,EQ,25.7,25.7,24.75,24.75,24.75,25.7,51,1263.2,25-OCT-2016,2,INE289C01025,
TIMETECHNO,EQ,96.1,100.7,95.45,99.6,99.55,96.1,701639,69241343.6,25-OCT-2016,4836,INE508G01029,
TIMKEN,EQ,591.5,606.0,580.25,592.55,590.0,599.25,30820,18291173.2,25-OCT-2016,2478,INE325A01013,
TINPLATE,EQ,88.85,90.6,86.25,86.8,86.9,89.6,422836,37195203.6,25-OCT-2016,2972,INE422C01014,
TIPSINDLTD,EQ,70.15,71.9,69.6,69.7,69.7,70.2,253,17710.35,25-OCT-2016,12,INE716B01011,
TIRUMALCHM,EQ,608.0,685.0,600.65,674.0,673.1,607.0,1035020,685726329.75,25-OCT-2016,31618,INE338A01016,
TITAN,EQ,375.0,375.5,367.5,373.3,372.85,377.55,1613924,599863574.2,25-OCT-2016,16724,INE280A01028,
TNPETRO,EQ,30.3,30.75,28.7,29.45,29.2,30.0,563648,16683568.25,25-OCT-2016,1524,INE148A01019,
TNPL,EQ,373.5,382.45,370.0,378.0,378.0,373.25,197799,74972108.2,25-OCT-2016,3397,INE107A01015,
TNTELE,BE,2.75,2.75,2.75,2.75,2.75,2.65,9119,25077.25,25-OCT-2016,4,INE141D01018,
TODAYS,EQ,3.15,3.15,3.15,3.15,3.15,3.0,1100,3465.0,25-OCT-2016,2,INE944B01019,
TOKYOPLAST,EQ,71.0,74.0,70.5,71.9,72.8,72.6,8755,635410.8,25-OCT-2016,91,INE932C01012,
TORNTPHARM,EQ,1623.0,1630.0,1595.05,1600.9,1601.0,1612.3,72928,117192311.3,25-OCT-2016,7302,INE685A01028,
TORNTPOWER,EQ,177.0,177.75,174.5,174.9,175.0,176.65,215769,37911772.55,25-OCT-2016,3324,INE813H01021,
TPLPLASTEH,EQ,435.85,435.85,422.2,427.75,422.2,430.5,12366,5374217.85,25-OCT-2016,45,INE413G01014,
TREEHOUSE,EQ,34.15,34.15,32.6,33.05,32.85,34.2,160572,5356909.9,25-OCT-2016,1351,INE040M01013,
TRENT,EQ,203.0,209.9,201.0,203.85,202.6,203.1,112293,22985906.95,25-OCT-2016,2336,INE849A01020,
TRF,EQ,280.0,289.2,273.1,280.65,280.05,283.5,27843,7860300.9,25-OCT-2016,1224,INE391D01019,
TRICOM,EQ,1.6,1.6,1.6,1.6,1.6,1.55,1700,2720.0,25-OCT-2016,7,INE771B01032,
TRIDENT,EQ,61.0,61.45,60.3,60.55,60.6,60.65,2175939,132485164.75,25-OCT-2016,8948,INE064C01014,
TRIGYN,EQ,121.35,122.4,118.0,118.45,118.0,121.35,107481,12817719.1,25-OCT-2016,1912,INE948A01012,
TRIL,EQ,341.9,349.85,340.4,341.45,342.9,343.4,3522,1204631.45,25-OCT-2016,281,INE763I01018,
TRITURBINE,EQ,128.7,128.9,125.2,126.3,125.6,127.2,29480,3729078.25,25-OCT-2016,485,INE152M01016,
TRIVENI,EQ,61.0,61.3,58.75,59.25,59.1,60.35,341573,20421309.25,25-OCT-2016,1395,INE256C01024,
TTKHLTCARE,EQ,1010.0,1013.0,980.0,1011.5,1013.0,997.35,380,379101.7,25-OCT-2016,51,INE910C01018,
TTKPRESTIG,EQ,5606.05,5894.95,5580.45,5812.5,5768.9,5606.4,7867,45539473.05,25-OCT-2016,2025,INE690A01010,
TTL,EQ,50.5,53.5,48.0,51.95,51.7,48.8,109949,5749431.9,25-OCT-2016,960,INE592B01016,
TTML,EQ,7.1,8.2,7.1,7.65,7.7,7.5,25468043,197837921.5,25-OCT-2016,14613,INE517B01013,
TUBEINVEST,EQ,666.25,666.25,641.05,646.85,648.0,664.3,21038,13715353.6,25-OCT-2016,1427,INE149A01025,
TULSI,EQ,4.9,5.55,4.9,5.2,5.35,5.3,14430,75086.35,25-OCT-2016,53,INE474I01012,
TV18BRDCST,EQ,45.5,45.95,44.85,45.45,45.45,45.65,3868038,175552696.7,25-OCT-2016,7554,INE886H01027,
TVSELECT,EQ,109.0,109.0,105.1,106.1,106.05,108.55,59585,6357535.05,25-OCT-2016,830,INE236G01019,
TVSMOTOR,EQ,394.8,409.0,392.5,407.7,408.25,395.75,2310529,930691641.7,25-OCT-2016,31810,INE494B01023,
TVSSRICHAK,EQ,3820.0,3890.0,3752.0,3837.95,3869.75,3805.1,9017,34508753.3,25-OCT-2016,1313,INE421C01016,
TVTODAY,EQ,340.0,349.9,332.4,335.5,335.0,339.05,201298,69118179.05,25-OCT-2016,3709,INE038F01029,
TVVISION,EQ,299.6,299.6,285.5,285.8,286.5,290.4,59235,17227197.0,25-OCT-2016,392,INE871L01013,
TWL,EQ,116.55,117.8,115.4,116.4,116.25,116.7,175509,20421042.8,25-OCT-2016,1940,INE615H01020,
UBHOLDINGS,EQ,53.5,55.8,53.2,55.3,55.65,54.2,633507,34674681.4,25-OCT-2016,3599,INE696A01025,
UBL,EQ,892.9,900.8,881.4,885.55,884.0,890.4,241173,215478191.85,25-OCT-2016,11809,INE686F01025,
UCALFUEL,EQ,204.65,226.8,198.2,221.5,222.6,201.95,1890665,409197587.35,25-OCT-2016,28106,INE139B01016,
UCOBANK,EQ,35.85,35.85,35.25,35.35,35.35,35.55,378826,13436110.2,25-OCT-2016,1784,INE691A01018,
UFLEX,EQ,324.0,325.65,319.2,321.1,320.0,322.9,166569,53718590.35,25-OCT-2016,2935,INE516A01017,
UFO,EQ,450.0,455.0,445.1,447.85,445.6,451.1,12105,5436499.95,25-OCT-2016,824,INE527H01019,
UGARSUGAR,EQ,38.4,38.4,37.35,37.9,37.85,38.3,279640,10558401.9,25-OCT-2016,1213,INE071E01023,
UJAAS,EQ,24.05,25.8,23.7,25.25,25.3,24.05,2167514,54381910.4,25-OCT-2016,5028,INE899L01022,
UJJIVAN,EQ,451.55,458.0,448.7,451.5,451.4,451.7,314432,142349396.3,25-OCT-2016,5586,INE334L01012,
ULTRACEMCO,EQ,3981.0,4031.85,3964.8,4017.05,4017.4,3971.5,110334,442038317.35,25-OCT-2016,18099,INE481G01011,
UMANGDAIRY,EQ,83.85,85.8,80.0,81.2,80.85,82.5,296139,24769605.0,25-OCT-2016,2903,INE864B01027,
UMESLTD,EQ,2.95,2.95,2.95,2.95,2.95,2.85,700,2065.0,25-OCT-2016,3,INE240C01028,
UNICHEMLAB,EQ,288.0,293.9,287.85,290.35,290.2,288.9,74001,21494720.35,25-OCT-2016,1964,INE351A01035,
UNIENTER,EQ,73.15,74.45,71.05,72.3,74.0,73.2,9929,719572.9,25-OCT-2016,140,INE037A01022,
UNIONBANK,EQ,147.0,149.3,147.0,147.75,147.85,148.0,2744146,406314108.45,25-OCT-2016,16616,INE692A01016,
UNIPLY,EQ,267.95,272.35,267.6,269.35,268.5,267.45,15857,4277862.6,25-OCT-2016,414,INE950G01015,
UNITECH,EQ,6.2,6.3,6.05,6.1,6.15,6.25,11311078,69658031.55,25-OCT-2016,6109,INE694A01020,
UNITEDBNK,EQ,21.95,21.95,21.3,21.5,21.5,21.6,107886,2322488.9,25-OCT-2016,529,INE695A01019,
UNITEDTEA,EQ,347.5,378.95,347.5,375.0,375.0,370.35,460,170086.35,25-OCT-2016,27,INE458F01011,
UNITY,EQ,11.05,11.25,10.9,10.95,11.1,11.25,39059,430492.55,25-OCT-2016,229,INE466H01028,
UNIVCABLES,EQ,85.2,87.0,85.2,85.85,85.6,85.9,27406,2362076.35,25-OCT-2016,183,INE279A01012,
UPERGANGES,EQ,363.0,370.6,361.9,363.45,363.6,367.25,79958,29308083.5,25-OCT-2016,1901,INE018B01012,
UPL,EQ,716.6,722.1,701.45,712.9,710.5,721.45,859918,613379450.85,25-OCT-2016,37574,INE628A01036,
USHAMART,EQ,15.45,15.85,14.95,15.0,15.05,15.15,722604,11049502.1,25-OCT-2016,1454,INE228A01035,
USHERAGRO,EQ,13.0,13.0,12.5,12.5,12.5,13.15,148633,1867924.05,25-OCT-2016,361,INE235G01011,
UTINIFTETF,EQ,882.55,883.0,882.55,883.0,883.0,885.65,40,35302.9,25-OCT-2016,2,INF789FB1X41,
UTISENSETF,EQ,285.2,285.3,284.85,285.3,285.3,285.6,343,97752.5,25-OCT-2016,6,INF789FB1X58,
UTTAMSTL,EQ,35.0,37.8,34.55,35.2,35.2,33.0,2719549,97816528.3,25-OCT-2016,12469,INE699A01011,
UTTAMSUGAR,EQ,56.0,56.9,54.35,54.65,54.75,56.1,44574,2466953.3,25-OCT-2016,443,INE786F01031,
UVSL,EQ,0.45,0.5,0.45,0.45,0.45,0.45,204775,96709.3,25-OCT-2016,40,INE292A01023,
V2RETAIL,EQ,143.0,143.45,140.35,140.8,140.65,141.7,64611,9156528.15,25-OCT-2016,1321,INE945H01013,
VADILALIND,EQ,578.6,580.5,565.2,568.9,570.0,573.65,24522,14086056.95,25-OCT-2016,947,INE694D01016,
VAIBHAVGBL,EQ,313.85,319.95,308.55,314.5,312.8,320.0,7363,2294178.1,25-OCT-2016,568,INE884A01019,
VAKRANGEE,EQ,237.35,238.7,234.1,237.1,236.8,236.0,335637,79516682.3,25-OCT-2016,3343,INE051B01021,
VALUEIND,EQ,14.2,14.4,13.35,13.55,13.5,14.0,16947,235661.5,25-OCT-2016,87,INE352A01017,
VARDHACRLC,EQ,49.3,49.9,48.1,48.4,48.45,50.85,200819,9764151.1,25-OCT-2016,1122,INE116G01013,
VARDMNPOLY,EQ,94.5,94.5,89.0,89.0,89.0,93.65,320883,29076142.9,25-OCT-2016,2223,INE835A01011,
VASCONEQ,EQ,39.8,40.0,38.05,38.65,38.65,39.75,1142188,44403785.85,25-OCT-2016,3793,INE893I01013,
VASWANI,EQ,9.75,11.55,9.75,11.55,11.55,9.65,157990,1773902.5,25-OCT-2016,350,INE590L01019,
VEDL,EQ,202.3,204.7,197.9,203.95,203.9,202.35,9453365,1909770807.9,25-OCT-2016,54920,INE205A01025,
VENKEYS,EQ,535.0,543.85,531.0,534.55,533.0,535.45,18686,10029693.65,25-OCT-2016,1334,INE398A01010,
VENUSREM,EQ,125.95,127.8,122.75,124.5,123.5,125.3,128874,16151398.6,25-OCT-2016,2452,INE411B01019,
VESUVIUS,EQ,1093.4,1139.0,1093.4,1132.05,1132.0,1108.4,3307,3722822.6,25-OCT-2016,629,INE386A01015,
VETO,EQ,165.0,169.6,163.5,165.3,165.35,162.65,229088,38077096.75,25-OCT-2016,2789,INE918N01018,
VGUARD,EQ,194.95,221.5,191.5,214.9,214.2,194.15,5953121,1254561506.45,25-OCT-2016,62257,INE951I01027,
VHL,EQ,1981.05,2000.0,1975.0,2000.0,2000.0,1993.75,186,369478.0,25-OCT-2016,38,INE701A01023,
VICEROY,EQ,25.7,25.9,24.6,24.75,24.85,25.6,196643,4934736.0,25-OCT-2016,837,INE048C01017,
VIDEOIND,EQ,104.1,104.5,103.9,104.2,104.2,104.05,139572,14539479.3,25-OCT-2016,391,INE703A01011,
VIDHIDYE,EQ,60.0,60.5,58.25,58.55,58.3,59.8,49917,2960286.8,25-OCT-2016,567,INE632C01026,
VIJAYABANK,EQ,40.35,41.15,40.2,40.35,40.35,40.35,400657,16298943.35,25-OCT-2016,3287,INE705A01016,
VIJIFIN,EQ,18.5,19.5,16.7,17.85,17.95,180.8,576768,10313045.95,25-OCT-2016,1837,INE159N01019,
VIJSHAN,EQ,13.05,13.9,12.75,13.05,13.35,12.75,229129,3066492.35,25-OCT-2016,380,INE806F01011,
VIKASECO,EQ,19.65,21.55,19.1,20.9,20.95,19.4,13030476,268234692.55,25-OCT-2016,19713,INE806A01020,
VIMALOIL,EQ,41.2,44.9,40.4,40.75,40.6,41.2,5625,231353.25,25-OCT-2016,71,INE067D01015,
VIMTALABS,EQ,99.9,101.95,99.0,99.2,99.7,99.0,65215,6528341.9,25-OCT-2016,1246,INE579C01029,
VINATIORGA,EQ,608.0,608.0,596.6,598.25,599.0,598.85,20168,12090559.25,25-OCT-2016,491,INE410B01029,
VINDHYATEL,EQ,713.9,745.0,713.9,726.7,725.0,707.35,74613,54577509.95,25-OCT-2016,3207,INE707A01012,
VINYLINDIA,EQ,70.1,71.65,70.05,71.15,71.1,70.8,63447,4489726.95,25-OCT-2016,840,INE250B01029,
VIPIND,EQ,144.0,148.4,143.5,145.1,145.6,143.55,442523,64459942.3,25-OCT-2016,4323,INE054A01027,
VIPULLTD,EQ,90.95,97.0,89.0,93.35,92.7,90.95,590155,54558301.9,25-OCT-2016,6597,INE946H01037,
VISAKAIND,EQ,224.95,239.4,218.0,220.75,220.6,224.2,994219,227532733.35,25-OCT-2016,15218,INE392A01013,
VISASTEEL,EQ,19.5,21.5,19.5,21.5,21.5,17.95,1761234,37268506.45,25-OCT-2016,4084,INE286H01012,
VISESHINFO,BE,0.15,0.15,0.1,0.1,0.1,0.1,476871,65785.35,25-OCT-2016,47,INE861A01058,
VISHNU,EQ,302.0,308.0,300.1,301.9,303.0,303.05,12519,3783759.15,25-OCT-2016,589,INE270I01014,
VIVIDHA,EQ,2.5,2.5,2.45,2.45,2.45,2.45,956665,2361798.8,25-OCT-2016,291,INE370E01029,
VIVIMEDLAB,EQ,112.5,112.5,109.3,109.85,109.95,112.0,401063,44487731.5,25-OCT-2016,2987,INE526G01021,
VKSPL,EQ,0.1,0.1,0.05,0.1,0.1,0.05,21503,1650.25,25-OCT-2016,10,INE213M01024,
VLSFINANCE,EQ,73.55,79.8,70.1,78.15,78.25,73.0,797109,62004348.5,25-OCT-2016,6969,INE709A01018,
VMART,EQ,526.95,531.9,520.0,523.3,520.0,527.1,6142,3237009.65,25-OCT-2016,259,INE665J01013,
VOLTAMP,EQ,805.5,817.0,805.5,811.35,815.6,810.15,7475,6058265.05,25-OCT-2016,475,INE540H01012,
VOLTAS,EQ,389.9,401.4,383.3,397.55,396.9,393.55,1426081,565131415.35,25-OCT-2016,18785,INE226A01021,
VRLLOG,EQ,321.3,323.9,317.0,318.35,318.0,319.25,61641,19674184.3,25-OCT-2016,1637,INE366I01010,
VSSL,EQ,107.2,115.9,103.25,106.85,107.5,111.7,17806,1905391.7,25-OCT-2016,284,INE050M01012,
VSTIND,EQ,2327.55,2359.95,2327.55,2340.7,2338.05,2350.65,2956,6917495.2,25-OCT-2016,250,INE710A01016,
VSTTILLERS,EQ,1918.0,1938.35,1900.6,1923.35,1929.0,1918.9,2888,5552189.05,25-OCT-2016,204,INE764D01017,
VTL,EQ,1099.0,1099.9,1088.55,1097.6,1099.9,1093.7,17336,18985661.7,25-OCT-2016,1763,INE825A01012,
WABAG,EQ,510.05,512.95,501.0,504.6,503.05,508.9,41352,20881206.85,25-OCT-2016,4568,INE956G01038,
WABCOINDIA,EQ,5659.25,5677.95,5600.0,5602.55,5619.9,5625.45,15354,86341546.6,25-OCT-2016,1839,INE342J01019,
WALCHANNAG,EQ,166.55,167.0,162.2,162.9,162.75,166.1,129293,21180323.5,25-OCT-2016,2243,INE711A01022,
WANBURY,BE,51.25,53.35,51.2,51.65,51.55,53.85,11869,610689.3,25-OCT-2016,84,INE107F01022,
WEBELSOLAR,EQ,46.0,46.0,44.05,44.5,44.5,45.85,41203,1855579.75,25-OCT-2016,496,INE855C01015,
WEIZFOREX,EQ,172.0,179.0,166.2,178.0,178.0,170.0,888,155133.45,25-OCT-2016,52,INE726L01019,
WEIZMANIND,EQ,31.5,33.9,31.2,32.05,31.25,31.55,10942,353065.1,25-OCT-2016,84,INE080A01014,
WELCORP,EQ,73.9,74.5,69.15,71.75,71.9,73.3,984954,70354014.15,25-OCT-2016,5978,INE191B01025,
WELENT,EQ,65.15,65.15,63.6,63.85,63.85,64.85,133653,8581259.25,25-OCT-2016,1140,INE625G01013,
WELINV,EQ,73.7,83.0,73.55,80.05,79.65,75.7,9357,740439.8,25-OCT-2016,40,INE389K01018,
WELSPUNIND,EQ,57.95,57.95,56.45,57.15,57.4,57.85,2649741,150821160.8,25-OCT-2016,20506,INE192B01031,
WENDT,EQ,2055.0,2084.05,1965.0,2027.0,2020.0,2084.95,847,1704812.3,25-OCT-2016,148,INE274C01019,
WHEELS,EQ,1305.0,1312.0,1280.1,1286.55,1280.2,1297.45,2806,3616545.25,25-OCT-2016,250,INE715A01015,
WHIRLPOOL,EQ,1121.3,1134.0,1111.15,1125.65,1128.65,1134.5,17385,19502857.1,25-OCT-2016,1929,INE716A01013,
WILLAMAGOR,EQ,60.0,61.0,57.1,58.65,58.4,60.0,18917,1112705.85,25-OCT-2016,101,INE210A01017,
WINDMACHIN,EQ,40.0,44.5,40.0,43.65,44.0,39.55,317808,13797227.55,25-OCT-2016,2063,INE052A01021,
WINSOME,EQ,2.2,2.2,2.2,2.2,2.2,2.15,15445,33979.0,25-OCT-2016,13,INE784B01035,
WIPRO,EQ,484.0,484.6,479.2,481.4,482.4,483.95,3487360,1676628769.25,25-OCT-2016,47490,INE075A01022,
WOCKPHARMA,EQ,888.75,889.5,876.0,879.7,880.0,885.05,366624,323355552.05,25-OCT-2016,7895,INE049B01025,
WONDERLA,EQ,407.9,408.9,403.0,405.05,406.2,406.5,35856,14548824.55,25-OCT-2016,1008,INE066O01014,
WSI,EQ,10.0,10.85,9.8,10.4,10.4,10.1,671,6693.65,25-OCT-2016,7,INE100D01014,
WSTCSTPAPR,EQ,128.1,130.1,125.5,128.7,129.05,127.55,150701,19326391.75,25-OCT-2016,1473,INE976A01021,
XCHANGING,EQ,72.5,75.4,68.0,69.6,69.65,70.05,747144,54392020.4,25-OCT-2016,22372,INE692G01013,
XLENERGY,EQ,3.2,3.3,3.2,3.2,3.2,3.3,2340,7587.0,25-OCT-2016,13,INE183H01011,
XPROINDIA,EQ,54.0,55.0,53.75,54.4,54.95,54.7,2639,143815.45,25-OCT-2016,68,INE445C01015,
YESBANK,EQ,1310.0,1312.0,1298.5,1308.45,1308.2,1310.8,1349797,1762549074.25,25-OCT-2016,41561,INE528G01019,
ZANDUREALT,EQ,1503.0,1518.95,1476.0,1480.55,1480.0,1493.25,2340,3487654.05,25-OCT-2016,506,INE719A01017,
ZEEL,EQ,515.0,522.2,506.8,513.95,512.0,512.05,6353691,3272758996.7,25-OCT-2016,86858,INE256A01028,
ZEELEARN,EQ,38.8,39.2,38.45,38.6,38.55,38.6,256786,9943574.0,25-OCT-2016,947,INE565L01011,
ZEEMEDIA,EQ,34.45,35.75,34.3,35.45,35.75,34.3,3243573,113876354.45,25-OCT-2016,6948,INE966H01019,
ZENITHBIR,EQ,0.65,0.65,0.55,0.6,0.6,0.6,59401,34582.55,25-OCT-2016,14,INE318D01020,
ZENSARTECH,EQ,984.9,990.0,965.5,970.05,970.0,981.05,7138,6961329.7,25-OCT-2016,683,INE520A01019,
ZENTEC,EQ,78.85,79.05,76.8,77.75,77.95,78.2,30149,2342012.0,25-OCT-2016,357,INE251B01027,
ZICOM,EQ,45.45,46.05,45.2,45.45,45.25,45.25,53984,2462703.85,25-OCT-2016,374,INE871B01014,
ZODIACLOTH,EQ,206.3,206.3,196.05,201.55,203.0,199.4,30596,6111650.0,25-OCT-2016,206,INE206B01013,
ZODJRDMKJ,EQ,37.05,37.05,37.0,37.0,37.0,38.25,100,3702.5,25-OCT-2016,2,INE077B01018,
ZUARI,EQ,241.95,242.0,235.1,238.2,236.1,239.75,63362,15116326.05,25-OCT-2016,2251,INE840M01016,
ZUARIGLOB,EQ,114.4,116.6,111.1,112.25,112.3,114.05,14631,1662439.0,25-OCT-2016,435,INE217A01012,
ZYDUSWELL,EQ,888.0,918.8,866.6,872.75,872.0,881.75,80011,71296729.9,25-OCT-2016,4400,INE768C01010,
ZYLOG,EQ,4.25,4.45,4.25,4.35,4.3,4.3,65648,286828.25,25-OCT-2016,97,INE225I01026,
